time_ms,phase,pwm,volume_raw,bass_raw,treble_raw,balance_raw,volume_filtered,bass_filtered,treble_filtered,balance_filtered
36268,A,217,951,2034,2079,2021,959,2042,2086,2026
36368,A,217,966,2045,2093,2029,958,2038,2083,2022
36468,A,217,966,2043,2094,2031,965,2046,2091,2031
36568,A,217,966,2046,2091,2029,965,2046,2091,2029
36668,A,217,966,2046,2095,2031,964,2046,2092,2031
36768,A,217,965,2043,2093,2027,964,2043,2091,2028
36868,A,217,965,2045,2094,2032,962,2043,2089,2027
36968,A,217,962,2046,2089,2030,964,2046,2089,2030
37068,A,217,961,2043,2089,2028,962,2044,2089,2029
37168,A,217,963,2045,2094,2032,963,2045,2091,2031
37268,A,217,962,2044,2092,2032,963,2045,2092,2032
37368,A,217,963,2045,2090,2030,963,2045,2092,2030
37468,A,217,964,2045,2093,2029,964,2045,2093,2031
37568,A,217,964,2047,2094,2031,962,2044,2089,2028
37668,A,217,965,2039,2086,2027,965,2044,2090,2030
37768,A,217,963,2047,2095,2031,963,2046,2092,2030
37868,A,217,965,2046,2095,2030,962,2046,2090,2030
37968,A,217,964,2043,2091,2029,964,2044,2091,2030
38068,A,217,963,2042,2087,2032,963,2043,2089,2030
38168,A,217,967,2047,2092,2032,963,2045,2090,2030
38268,A,217,963,2046,2094,2031,965,2046,2094,2031
38368,A,217,963,2039,2091,2029,963,2045,2091,2030
38468,A,217,951,2035,2075,2019,961,2043,2088,2027
38568,A,217,966,2046,2091,2030,964,2046,2091,2030
38668,A,217,963,2046,2090,2031,963,2044,2090,2029
38768,A,217,951,2032,2081,2018,962,2044,2090,2030
38868,A,217,964,2046,2094,2030,964,2046,2094,2031
38968,A,217,964,2043,2091,2032,964,2044,2091,2031
39068,A,217,956,2036,2081,2019,962,2040,2089,2026
39168,A,217,963,2047,2093,2032,963,2044,2092,2031
39268,A,217,963,2044,2087,2029,963,2045,2091,2030
39368,A,217,963,2044,2091,2027,964,2044,2091,2030
39468,A,217,964,2047,2092,2030,964,2046,2092,2030
39568,A,217,966,2043,2093,2028,965,2043,2091,2028
39668,A,217,963,2047,2093,2031,963,2043,2091,2029
39768,A,217,965,2043,2091,2031,964,2044,2091,2031
39868,A,217,966,2042,2092,2031,966,2045,2092,2031
39968,A,217,965,2045,2091,2027,964,2045,2091,2027
40068,A,217,965,2045,2091,2032,965,2044,2091,2030
40168,A,217,964,2045,2094,2031,964,2045,2094,2030
40268,A,217,963,2045,2087,2026,963,2045,2090,2030
40368,A,217,963,2043,2091,2028,963,2043,2091,2029
40468,A,217,965,2046,2092,2030,965,2046,2092,2030
40568,A,217,965,2043,2093,2031,963,2044,2092,2031
40668,A,217,963,2046,2093,2029,964,2046,2093,2030
40768,A,217,964,2043,2090,2031,964,2045,2090,2031
40868,A,217,963,2047,2091,2030,963,2046,2091,2030
40968,A,217,967,2047,2090,2023,964,2046,2091,2028
41068,A,217,964,2043,2094,2032,964,2043,2092,2029
41168,A,217,966,2053,2091,2031,964,2046,2091,2031
41268,A,217,962,2046,2089,2031,962,2045,2089,2030
41368,A,217,966,2043,2090,2029,964,2043,2088,2029
41468,A,217,964,2043,2093,2030,965,2043,2092,2030
41568,A,217,961,2045,2093,2032,961,2044,2091,2029
41668,A,217,963,2039,2091,2029,964,2043,2091,2031
41768,A,217,962,2046,2092,2031,965,2046,2092,2031
41868,A,217,962,2046,2094,2031,960,2044,2092,2029
41968,A,217,965,2045,2091,2032,963,2045,2091,2031
42068,A,217,965,2045,2092,2032,965,2046,2092,2031
42168,A,217,954,2033,2079,2016,960,2043,2087,2027
42268,A,217,961,2045,2090,2031,964,2045,2090,2031
42368,A,217,962,2046,2091,2031,962,2045,2091,2029
42468,A,217,951,2032,2077,2019,961,2042,2088,2027
42568,A,217,965,2042,2091,2031,965,2044,2091,2031
42668,A,217,963,2039,2091,2029,963,2043,2091,2030
42768,A,217,949,2031,2081,2015,963,2041,2087,2028
42868,A,217,965,2047,2094,2031,964,2047,2094,2031
42968,A,217,961,2045,2090,2031,964,2045,2091,2031
43068,A,217,957,2033,2071,2016,965,2046,2089,2029
43168,A,217,964,2046,2091,2026,964,2046,2091,2030
43268,A,217,961,2043,2091,2030,963,2044,2091,2030
43368,A,217,963,2046,2091,2032,963,2046,2091,2032
43468,A,217,964,2043,2087,2031,964,2045,2093,2031
43568,A,217,964,2043,2094,2026,964,2045,2093,2030
43668,A,217,963,2043,2087,2030,962,2043,2092,2030
43768,A,217,963,2047,2090,2031,963,2047,2090,2031
43868,A,217,965,2043,2091,2030,964,2044,2092,2030
43968,A,217,961,2045,2087,2027,963,2045,2093,2030
44068,A,217,965,2047,2091,2028,965,2047,2092,2030
44168,A,217,965,2045,2091,2031,965,2045,2091,2031
44268,A,217,962,2045,2092,2032,963,2045,2092,2032
44368,A,217,965,2046,2093,2032,964,2046,2091,2032
44468,A,217,963,2043,2091,2031,963,2046,2091,2031
44568,A,217,964,2043,2087,2028,964,2043,2088,2028
44668,A,217,965,2046,2091,2027,964,2044,2088,2028
44768,A,217,965,2045,2091,2030,964,2045,2091,2030
44868,A,217,963,2045,2090,2030,963,2045,2091,2030
44968,A,217,963,2043,2087,2025,963,2043,2090,2029
45068,A,217,965,2045,2094,2030,965,2045,2092,2030
45168,A,217,965,2047,2091,2030,964,2047,2091,2030
45268,A,217,965,2045,2090,2029,965,2045,2090,2029
45368,A,217,963,2047,2091,2031,963,2045,2091,2031
45468,A,217,965,2039,2091,2030,963,2045,2091,2030
45568,A,217,959,2043,2091,2030,962,2043,2090,2028
45668,A,217,965,2046,2091,2030,963,2043,2089,2030
45768,A,217,965,2046,2093,2032,965,2045,2093,2032
45868,A,217,962,2044,2093,2031,961,2042,2088,2026
45968,A,217,965,2041,2090,2030,964,2042,2090,2029
46068,A,217,962,2043,2091,2031,963,2046,2091,2031
46168,A,217,963,2046,2094,2032,961,2045,2088,2027
46268,A,217,964,2045,2091,2031,964,2045,2091,2031
46368,A,217,963,2047,2092,2031,963,2047,2092,2031
46468,A,217,951,2034,2079,2019,960,2042,2088,2028
46568,A,217,963,2044,2087,2025,963,2044,2090,2030
46668,A,217,965,2047,2093,2030,965,2047,2092,2030
46768,A,217,950,2031,2079,2017,960,2042,2090,2027
46868,A,217,963,2045,2090,2031,963,2044,2090,2030
46968,A,217,964,2046,2085,2029,963,2043,2087,2028
47068,A,217,949,2032,2073,2015,963,2043,2089,2028
47168,A,217,963,2043,2095,2031,964,2044,2093,2031
47268,A,217,962,2043,2086,2031,963,2044,2090,2031
47368,A,217,950,2032,2078,2016,963,2045,2091,2030
47468,A,217,962,2047,2093,2030,963,2045,2092,2030
47568,A,217,955,2032,2074,2015,963,2043,2089,2028
47668,A,217,963,2047,2092,2032,964,2045,2092,2030
47768,A,217,963,2045,2093,2031,963,2045,2093,2031
47868,A,217,963,2045,2091,2027,963,2045,2091,2030
47968,A,217,965,2045,2092,2032,965,2043,2089,2029
48068,A,217,961,2045,2087,2029,964,2045,2090,2030
48168,A,217,962,2043,2091,2027,963,2045,2091,2030
48268,A,217,960,2044,2090,2032,962,2044,2090,2030
48368,A,217,965,2045,2095,2032,964,2045,2093,2032
48468,A,217,963,2047,2092,2030,963,2047,2092,2030
48568,A,217,963,2046,2094,2032,963,2046,2092,2031
48668,A,217,964,2047,2091,2031,964,2047,2091,2031
48768,A,217,964,2045,2091,2031,964,2045,2091,2031
48868,A,217,963,2042,2093,2032,963,2043,2093,2031
48968,A,217,962,2043,2089,2032,962,2043,2089,2030
49068,A,217,963,2043,2093,2029,963,2043,2093,2029
49168,A,217,965,2046,2091,2028,965,2045,2091,2029
49268,A,217,965,2043,2087,2029,964,2043,2089,2030
49368,A,217,965,2043,2093,2031,964,2044,2093,2031
49468,A,217,966,2045,2093,2031,965,2044,2091,2031
49568,A,217,963,2047,2094,2030,960,2041,2089,2027
49668,A,217,964,2043,2091,2029,964,2044,2091,2030
49768,A,217,965,2046,2096,2031,965,2046,2094,2031
49868,A,217,966,2044,2090,2025,963,2043,2090,2027
49968,A,217,963,2045,2092,2028,964,2045,2092,2030
50068,A,217,964,2045,2093,2030,964,2045,2092,2030
50168,A,217,967,2046,2087,2027,965,2046,2090,2028
50268,A,217,966,2047,2089,2026,966,2045,2089,2028
50368,A,217,965,2043,2094,2031,965,2045,2093,2031
50468,A,217,965,2044,2094,2031,962,2044,2090,2030
50568,A,217,967,2046,2090,2027,964,2045,2090,2028
50668,A,217,963,2045,2091,2031,963,2045,2091,2031
50768,A,217,963,2046,2093,2032,963,2046,2093,2031
50868,A,217,964,2045,2090,2029,964,2045,2092,2030
50968,A,217,963,2047,2090,2031,964,2047,2091,2031
51068,A,217,951,2032,2075,2016,963,2045,2089,2029
51168,A,217,965,2043,2093,2029,964,2044,2090,2029
51268,A,217,963,2047,2093,2031,963,2045,2090,2030
51368,A,217,950,2032,2080,2021,962,2045,2089,2030
51468,A,217,963,2043,2093,2031,964,2043,2092,2031
51568,A,217,947,2033,2075,2017,961,2043,2089,2029
51668,A,217,965,2047,2094,2032,964,2045,2092,2032
51768,A,217,966,2047,2091,2032,966,2047,2091,2032
51868,A,217,959,2034,2082,2019,965,2043,2090,2029
51968,A,217,965,2044,2091,2031,965,2045,2091,2031
52068,A,217,963,2045,2091,2028,963,2045,2091,2029
52168,A,217,964,2042,2086,2029,964,2045,2089,2029
52268,A,217,965,2045,2091,2031,965,2045,2091,2031
52368,A,217,963,2045,2094,2031,963,2045,2091,2031
52468,A,217,962,2045,2089,2031,962,2045,2089,2030
52568,A,217,962,2044,2086,2026,962,2043,2089,2026
52668,A,217,962,2046,2092,2031,965,2046,2092,2030
52768,A,217,965,2045,2091,2032,964,2045,2091,2032
52868,A,217,961,2042,2090,2030,963,2045,2090,2030
52968,A,217,966,2046,2087,2032,966,2046,2090,2032
53068,A,217,963,2045,2093,2029,963,2045,2092,2030
53168,A,217,965,2045,2094,2030,965,2045,2090,2029
53268,A,217,963,2043,2091,2030,963,2044,2091,2030
53368,A,217,963,2045,2091,2032,964,2045,2091,2032
53468,A,217,966,2043,2092,2028,962,2045,2092,2028
53568,A,217,965,2045,2093,2030,963,2043,2088,2027
53668,A,217,962,2046,2091,2030,964,2046,2092,2030
53768,A,217,966,2045,2090,2029,965,2046,2092,2030
53868,A,217,965,2042,2089,2027,962,2042,2089,2027
53968,A,217,965,2041,2091,2029,965,2045,2091,2030
54068,A,217,966,2046,2094,2032,966,2046,2092,2032
54168,A,217,965,2046,2094,2032,965,2045,2091,2029
54268,A,217,963,2044,2093,2031,963,2046,2091,2031
54368,A,217,964,2046,2093,2031,964,2046,2092,2031
54468,A,217,966,2043,2094,2029,964,2043,2090,2029
54568,A,217,960,2045,2092,2029,962,2045,2092,2029
54668,A,217,964,2047,2091,2031,964,2046,2091,2031
54768,A,217,966,2045,2093,2032,962,2043,2090,2028
54868,A,217,962,2042,2086,2031,964,2042,2088,2031
54968,A,217,961,2043,2091,2031,963,2046,2091,2031
55068,A,217,954,2034,2080,2018,960,2042,2088,2027
55168,A,217,963,2045,2092,2029,963,2045,2092,2029
55268,A,217,962,2046,2091,2029,963,2046,2091,2029
55368,A,217,964,2047,2090,2032,964,2045,2090,2031
55468,A,217,963,2046,2090,2027,963,2044,2091,2030
55568,A,217,951,2032,2075,2013,962,2042,2089,2027
55668,A,217,966,2047,2093,2032,964,2047,2093,2031
55768,A,217,963,2047,2091,2031,963,2045,2091,2031
55868,A,217,954,2032,2075,2015,962,2041,2089,2029
55968,A,217,962,2045,2092,2031,964,2045,2092,2031
56068,A,217,962,2044,2094,2029,964,2045,2094,2030
56168,A,217,965,2045,2087,2030,963,2045,2091,2030
56268,A,217,959,2045,2090,2031,964,2045,2092,2031
56368,A,217,965,2047,2095,2032,964,2046,2093,2032
56468,A,217,966,2046,2089,2031,966,2045,2090,2029
56568,A,217,954,2034,2077,2017,956,2035,2080,2019
56668,A,217,966,2046,2091,2031,964,2043,2089,2027
56768,A,217,965,2046,2093,2030,965,2046,2091,2030
56868,A,217,965,2046,2091,2030,963,2044,2089,2028
56968,A,217,966,2045,2090,2029,964,2045,2091,2030
57068,A,217,963,2044,2089,2029,963,2044,2091,2029
57168,A,217,963,2039,2090,2030,963,2042,2090,2030
57268,A,217,964,2046,2091,2031,964,2046,2091,2031
57368,A,217,963,2045,2087,2031,963,2045,2090,2031
57468,A,217,965,2045,2093,2029,965,2045,2092,2030
57568,A,217,963,2047,2087,2029,963,2045,2087,2029
57668,A,217,965,2045,2093,2030,965,2046,2092,2030
57768,A,217,965,2044,2090,2026,965,2044,2090,2031
57868,A,217,963,2045,2090,2031,963,2044,2090,2031
57968,A,217,965,2047,2093,2030,965,2047,2093,2030
58068,A,217,962,2047,2090,2028,963,2046,2090,2029
58168,A,217,963,2045,2090,2028,962,2045,2090,2028
58268,A,217,963,2045,2093,2030,963,2045,2092,2030
58368,A,217,963,2047,2093,2030,963,2045,2092,2030
58468,A,217,963,2042,2090,2031,963,2043,2090,2031
58568,A,217,964,2044,2091,2032,964,2044,2091,2032
58668,A,217,963,2045,2091,2030,963,2047,2091,2030
58768,A,217,966,2046,2093,2030,965,2044,2090,2030
58868,A,217,962,2046,2093,2029,962,2045,2092,2030
58968,A,217,965,2046,2091,2030,965,2046,2092,2030
59068,A,217,965,2046,2087,2029,963,2046,2088,2029
59168,A,217,965,2043,2093,2030,963,2043,2090,2030
59268,A,217,965,2045,2091,2029,965,2045,2091,2029
59368,A,217,965,2042,2090,2030,965,2045,2091,2030
59468,A,217,964,2042,2090,2026,964,2044,2090,2029
59568,A,217,951,2032,2070,2014,962,2044,2087,2028
59668,A,217,965,2047,2093,2031,964,2046,2093,2030
59768,A,217,967,2047,2091,2030,965,2046,2091,2030
59868,A,217,951,2033,2078,2017,963,2044,2089,2028
59968,A,217,963,2045,2094,2031,964,2045,2093,2030
60068,A,217,963,2045,2093,2029,963,2044,2091,2029
60168,A,217,947,2032,2079,2017,961,2042,2087,2027
60268,A,217,965,2054,2093,2031,958,2037,2082,2023
60368,A,217,966,2046,2089,2029,965,2045,2090,2031
60468,A,217,965,2043,2089,2026,964,2045,2089,2029
60568,A,217,965,2045,2093,2030,965,2045,2092,2030
60668,A,217,965,2045,2091,2029,965,2045,2091,2029
60768,A,217,961,2041,2093,2032,962,2044,2091,2030
60868,A,217,964,2047,2091,2031,964,2047,2091,2031
60968,A,217,967,2046,2091,2029,964,2045,2091,2029
61068,A,217,966,2046,2093,2031,965,2046,2090,2031
61168,A,217,966,2045,2093,2029,965,2045,2092,2030
61268,A,217,961,2046,2093,2031,964,2046,2092,2031
61368,A,217,963,2046,2087,2031,964,2046,2089,2031
61468,A,217,965,2045,2089,2030,965,2044,2089,2030
61568,A,217,964,2045,2091,2030,964,2045,2092,2030
61668,A,217,966,2042,2094,2032,965,2044,2093,2031
61768,A,217,962,2042,2092,2032,962,2044,2092,2030
61868,A,217,967,2044,2095,2031,966,2045,2094,2031
61968,A,217,965,2046,2093,2032,964,2046,2092,2030
62068,A,217,965,2047,2092,2032,964,2047,2092,2032
62168,A,217,963,2045,2091,2032,964,2045,2091,2032
62268,A,217,967,2046,2089,2029,964,2046,2090,2029
62368,A,217,959,2043,2089,2031,963,2043,2091,2031
62468,A,217,963,2046,2093,2031,963,2046,2093,2030
62568,A,217,966,2043,2093,2029,962,2044,2089,2029
62668,A,217,966,2045,2090,2030,964,2045,2090,2030
62768,A,217,961,2043,2089,2028,962,2044,2089,2028
62868,A,217,954,2032,2081,2017,961,2040,2087,2025
62968,A,217,951,2033,2080,2017,953,2033,2079,2017
63068,A,217,963,2045,2089,2027,958,2035,2081,2021
63168,A,217,965,2053,2093,2030,962,2039,2085,2025
63268,A,217,967,2044,2091,2032,967,2044,2091,2032
63368,A,217,961,2046,2091,2030,963,2046,2092,2029
63468,A,217,964,2045,2090,2030,964,2045,2091,2029
63568,A,217,948,2032,2080,2016,960,2044,2088,2028
63668,A,217,965,2045,2095,2032,965,2045,2092,2031
63768,A,217,964,2046,2093,2030,964,2044,2090,2030
63868,A,217,950,2034,2078,2015,963,2043,2091,2029
63968,A,217,965,2045,2087,2027,964,2045,2090,2029
64068,A,217,962,2039,2086,2029,962,2042,2089,2029
64168,A,217,955,2032,2079,2017,962,2045,2089,2028
64268,A,217,963,2043,2091,2032,963,2043,2091,2032
64368,A,217,962,2043,2093,2029,966,2044,2092,2030
64468,A,217,953,2032,2078,2017,962,2044,2090,2030
64568,A,217,965,2044,2091,2031,965,2044,2092,2031
64668,A,217,966,2045,2089,2026,964,2045,2089,2030
64768,A,217,963,2045,2091,2030,963,2044,2091,2030
64868,A,217,965,2043,2087,2028,964,2044,2090,2029
64968,A,217,964,2043,2091,2027,963,2043,2091,2029
65068,A,217,963,2046,2093,2030,963,2044,2090,2030
65168,A,217,963,2046,2091,2032,961,2042,2088,2028
65268,A,217,966,2042,2091,2032,965,2044,2091,2031
65368,A,217,963,2042,2090,2027,964,2043,2091,2029
65468,A,217,965,2043,2090,2028,965,2045,2090,2030
65568,A,217,965,2046,2095,2031,965,2046,2092,2031
65668,A,217,966,2045,2091,2032,963,2045,2091,2032
65768,A,217,963,2045,2091,2031,963,2045,2091,2031
65868,A,217,963,2047,2093,2031,964,2045,2093,2031
65968,A,217,966,2045,2093,2029,964,2045,2090,2029
66068,A,217,965,2046,2090,2030,964,2046,2090,2030
66168,A,217,965,2045,2093,2032,965,2045,2093,2031
66268,A,217,964,2045,2091,2027,964,2045,2091,2027
66368,A,217,961,2045,2091,2027,962,2045,2091,2028
66468,A,217,963,2046,2092,2031,963,2045,2092,2031
66568,A,217,965,2047,2093,2030,961,2044,2090,2028
66668,A,217,963,2047,2093,2031,964,2045,2091,2031
66768,A,217,964,2046,2094,2027,965,2046,2091,2030
66868,A,217,961,2045,2093,2031,962,2045,2089,2027
66968,A,217,965,2047,2093,2031,965,2046,2091,2030
67068,A,217,962,2047,2093,2031,962,2044,2091,2031
67168,A,217,965,2043,2091,2032,960,2042,2089,2027
67268,A,217,963,2045,2089,2026,964,2045,2092,2028
67368,A,217,965,2043,2092,2029,964,2043,2092,2029
67468,A,217,963,2045,2093,2031,963,2045,2093,2031
67568,A,217,964,2045,2091,2032,963,2045,2091,2031
67668,A,217,960,2039,2094,2030,962,2044,2091,2030
67768,A,217,966,2046,2091,2032,966,2045,2091,2031
67868,A,217,949,2032,2076,2018,961,2042,2088,2027
67968,A,217,964,2045,2089,2030,964,2045,2091,2030
68068,A,217,962,2045,2092,2031,962,2045,2092,2031
68168,A,217,951,2031,2079,2013,961,2042,2088,2027
68268,A,217,965,2042,2090,2027,964,2042,2091,2029
68368,A,217,965,2043,2093,2028,965,2043,2091,2029
68468,A,217,953,2033,2081,2015,962,2045,2088,2027
68568,A,217,964,2042,2092,2029,964,2045,2092,2029
68668,A,217,965,2042,2083,2028,963,2043,2088,2028
68768,A,217,951,2032,2078,2018,962,2043,2090,2030
68868,A,217,965,2043,2094,2030,964,2046,2094,2030
68968,A,217,964,2042,2090,2027,964,2045,2090,2029
69068,A,217,965,2045,2091,2031,964,2045,2091,2031
69168,A,217,966,2046,2090,2031,966,2045,2091,2031
69268,A,217,965,2045,2085,2030,963,2045,2092,2030
69368,A,217,963,2043,2091,2029,963,2045,2091,2030
69468,A,217,972,2047,2093,2030,965,2046,2092,2030
69568,A,217,965,2046,2089,2032,965,2046,2089,2031
69668,A,217,965,2045,2090,2031,964,2044,2090,2031
69768,A,217,963,2043,2091,2029,963,2044,2091,2029
69868,A,217,964,2044,2091,2029,964,2044,2091,2029
69968,A,217,964,2041,2091,2027,963,2043,2090,2028
70068,A,217,966,2042,2092,2029,966,2045,2092,2029
70168,A,217,964,2045,2092,2031,964,2045,2091,2031
70268,A,217,962,2047,2093,2030,962,2046,2091,2030
70368,A,217,963,2045,2096,2031,963,2045,2091,2031
70468,A,217,966,2044,2093,2029,965,2044,2092,2029
70568,A,217,962,2045,2091,2030,962,2044,2090,2030
70668,A,217,963,2043,2096,2032,963,2045,2093,2031
70768,A,217,965,2046,2089,2030,965,2045,2090,2030
70868,A,217,963,2044,2091,2032,964,2044,2090,2031
70968,A,217,965,2046,2090,2030,963,2045,2090,2030
71068,A,217,967,2046,2091,2030,965,2046,2091,2030
71168,A,217,962,2045,2091,2031,962,2044,2090,2029
71268,A,217,959,2042,2094,2029,961,2043,2092,2029
71368,A,217,966,2047,2089,2031,964,2046,2091,2031
71468,A,217,963,2045,2092,2030,964,2045,2092,2031
71568,A,217,963,2047,2093,2032,963,2045,2090,2031
71668,A,217,964,2045,2091,2031,964,2045,2091,2031
71768,A,217,963,2047,2092,2030,963,2046,2092,2030
71868,A,217,963,2046,2093,2032,962,2044,2088,2027
71968,A,217,967,2046,2094,2030,964,2046,2090,2029
72068,A,217,962,2043,2091,2030,962,2044,2091,2030
72168,A,217,961,2046,2087,2032,961,2045,2088,2031
72268,A,217,962,2043,2085,2030,962,2043,2089,2030
72368,A,217,963,2044,2094,2031,963,2045,2092,2031
72468,A,217,953,2034,2082,2019,961,2044,2091,2028
72568,A,217,962,2042,2086,2029,963,2045,2092,2030
72668,A,217,964,2043,2090,2031,964,2045,2090,2031
72768,A,217,944,2032,2078,2017,961,2044,2090,2028
72868,A,217,963,2043,2089,2032,963,2043,2089,2030
72968,A,217,965,2045,2087,2029,965,2045,2090,2029
73068,A,217,950,2032,2074,2015,964,2043,2088,2029
73168,A,217,966,2045,2092,2026,966,2044,2092,2028
73268,A,217,965,2046,2092,2032,964,2043,2091,2030
73368,A,217,963,2046,2092,2030,964,2046,2092,2030
73468,A,217,966,2043,2091,2028,965,2043,2091,2029
73568,A,217,962,2039,2086,2029,963,2043,2089,2029
73668,A,217,963,2045,2091,2028,963,2045,2090,2028
73768,A,217,964,2043,2093,2029,964,2045,2092,2029
73868,A,217,963,2045,2094,2031,963,2045,2092,2030
73968,A,217,964,2043,2093,2031,963,2043,2091,2031
74068,A,217,962,2044,2091,2029,963,2045,2091,2030
74168,A,217,966,2044,2085,2026,965,2044,2090,2027
74268,A,217,963,2043,2091,2030,963,2043,2091,2030
74368,A,217,966,2045,2093,2029,965,2045,2092,2029
74468,A,217,962,2045,2091,2029,963,2044,2091,2029
74568,A,217,962,2043,2086,2027,962,2042,2090,2027
74668,A,217,966,2044,2093,2031,964,2044,2092,2031
74768,A,217,963,2046,2093,2030,964,2046,2092,2030
74868,A,217,963,2046,2085,2027,963,2046,2089,2029
74968,A,217,966,2045,2092,2031,964,2045,2091,2030
75068,A,217,962,2045,2093,2029,963,2045,2093,2029
75168,A,217,965,2047,2094,2032,963,2043,2089,2028
75268,A,217,963,2045,2090,2031,964,2045,2090,2031
75368,A,217,963,2047,2089,2027,964,2046,2092,2030
75468,A,217,965,2039,2093,2031,964,2044,2092,2029
75568,A,217,965,2045,2090,2030,962,2041,2090,2029
75668,A,217,963,2045,2089,2032,964,2045,2090,2030
75768,A,217,966,2046,2093,2032,963,2046,2092,2032
75868,A,217,965,2043,2093,2030,963,2042,2090,2027
75968,A,217,965,2047,2090,2029,965,2046,2090,2030
76068,A,217,964,2047,2091,2029,964,2047,2091,2029
76168,A,217,955,2032,2078,2023,957,2040,2086,2026
76268,A,217,967,2043,2091,2031,965,2045,2091,2031
76368,A,217,965,2046,2091,2032,964,2046,2091,2032
76468,A,217,965,2044,2093,2029,961,2043,2090,2029
76568,A,217,965,2047,2091,2031,965,2045,2091,2030
76668,A,217,962,2047,2087,2030,962,2046,2091,2030
76768,A,217,950,2027,2083,2017,961,2041,2089,2028
76868,A,217,963,2046,2092,2031,963,2043,2091,2030
76968,A,217,963,2046,2089,2030,963,2046,2091,2030
77068,A,217,951,2032,2078,2014,964,2043,2090,2029
77168,A,217,965,2043,2092,2029,964,2043,2090,2029
77268,A,217,965,2045,2092,2031,964,2045,2092,2031
77368,A,217,951,2032,2078,2014,962,2044,2090,2028
77468,A,217,966,2046,2093,2027,963,2046,2093,2030
77568,A,217,963,2045,2089,2031,963,2045,2092,2031
77668,A,217,965,2046,2087,2029,957,2039,2086,2024
77768,A,217,961,2042,2084,2029,963,2044,2090,2030
77868,A,217,965,2047,2091,2031,964,2046,2091,2030
77968,A,217,962,2052,2090,2032,962,2047,2090,2032
78068,A,217,964,2047,2085,2027,964,2044,2090,2030
78168,A,217,963,2045,2089,2027,963,2045,2090,2028
78268,A,217,963,2045,2091,2031,964,2046,2091,2031
78368,A,217,965,2045,2096,2032,965,2045,2092,2031
78468,A,217,962,2042,2091,2031,964,2044,2091,2031
78568,A,217,963,2047,2095,2030,963,2045,2091,2030
78668,A,217,964,2047,2091,2032,964,2046,2091,2032
78768,A,217,962,2043,2093,2029,962,2045,2090,2029
78868,A,217,965,2045,2094,2030,964,2045,2091,2028
78968,A,217,962,2046,2094,2031,962,2046,2091,2031
79068,A,217,962,2044,2091,2031,962,2044,2091,2031
79168,A,217,963,2043,2093,2031,963,2043,2088,2029
79268,A,217,965,2045,2093,2032,964,2045,2092,2032
79368,A,217,965,2046,2091,2032,964,2046,2091,2030
79468,A,217,963,2043,2089,2029,963,2043,2089,2029
79568,A,217,965,2045,2093,2032,963,2041,2089,2027
79668,A,217,964,2046,2095,2028,964,2046,2092,2030
79768,A,217,964,2046,2093,2030,964,2045,2092,2030
79868,A,217,966,2045,2094,2031,963,2044,2089,2027
79968,A,217,965,2045,2089,2030,964,2045,2091,2030
80068,A,217,963,2045,2085,2027,963,2044,2088,2028
80168,A,217,963,2046,2095,2030,961,2039,2088,2028
80268,A,217,965,2043,2091,2030,965,2044,2091,2030
80368,A,217,961,2047,2091,2031,962,2046,2090,2031
80468,A,217,965,2047,2093,2026,961,2043,2089,2026
80568,A,217,962,2046,2090,2031,962,2045,2091,2031
80668,A,217,963,2043,2087,2027,963,2045,2090,2030
80768,A,217,949,2032,2077,2013,962,2042,2088,2027
80868,A,217,962,2045,2093,2029,962,2045,2093,2029
80968,A,217,963,2046,2090,2031,963,2046,2092,2031
81068,A,217,949,2032,2078,2015,962,2043,2088,2027
81168,A,217,966,2043,2091,2031,965,2043,2091,2031
81268,A,217,965,2045,2091,2030,965,2045,2091,2030
81368,A,217,961,2045,2091,2032,963,2045,2091,2030
81468,A,217,961,2043,2093,2031,963,2043,2092,2031
81568,A,217,953,2032,2080,2015,963,2044,2092,2029
81668,A,217,964,2043,2087,2030,964,2043,2090,2030
81768,A,217,963,2042,2087,2028,963,2042,2088,2030
81868,A,217,963,2045,2093,2027,964,2045,2093,2030
81968,A,217,965,2046,2094,2029,965,2046,2091,2029
82068,A,217,960,2039,2091,2030,963,2044,2091,2030
82168,A,217,962,2043,2091,2030,962,2043,2091,2030
82268,A,217,965,2046,2086,2032,965,2045,2090,2031
82368,A,217,963,2043,2092,2031,963,2044,2090,2030
82468,A,217,962,2046,2092,2030,964,2046,2091,2030
82568,A,217,965,2045,2091,2032,963,2045,2091,2032
82668,A,217,962,2045,2094,2030,964,2045,2093,2030
82768,A,217,967,2045,2092,2028,963,2045,2089,2030
82868,A,217,967,2046,2094,2030,965,2046,2091,2030
82968,A,217,963,2044,2095,2029,963,2044,2094,2031
83068,A,217,963,2042,2091,2027,963,2044,2091,2030
83168,A,217,963,2045,2091,2031,964,2045,2091,2030
83268,A,217,963,2045,2091,2032,964,2045,2091,2031
83368,A,217,963,2046,2093,2032,963,2045,2092,2031
83468,A,217,966,2046,2089,2032,965,2046,2090,2031
83568,A,217,962,2045,2093,2031,963,2045,2093,2031
83668,A,217,970,2041,2089,2028,965,2044,2090,2028
83768,A,217,962,2043,2090,2031,963,2044,2091,2029
83868,A,217,965,2046,2094,2029,962,2045,2090,2029
83968,A,217,962,2043,2093,2029,962,2043,2090,2029
84068,A,217,962,2043,2087,2027,962,2043,2089,2028
84168,A,217,966,2046,2091,2032,964,2045,2089,2030
84268,A,217,962,2044,2089,2032,962,2045,2090,2030
84368,A,217,962,2038,2087,2030,962,2045,2090,2030
84468,A,217,953,2034,2080,2018,960,2040,2087,2026
84568,A,217,963,2046,2091,2031,963,2046,2091,2031
84668,A,217,963,2044,2090,2031,963,2045,2090,2031
84768,A,217,953,2032,2079,2019,961,2042,2088,2026
84868,A,217,963,2045,2091,2031,963,2045,2091,2031
84968,A,217,965,2043,2090,2028,964,2043,2090,2028
85068,A,217,955,2032,2081,2018,960,2041,2087,2025
85168,A,217,964,2047,2091,2027,964,2046,2089,2029
85268,A,217,961,2043,2091,2028,963,2044,2091,2029
85368,A,217,963,2042,2092,2027,963,2042,2089,2027
85468,A,217,964,2044,2091,2031,964,2044,2091,2030
85568,A,217,950,2032,2078,2019,962,2044,2089,2028
85668,A,217,964,2045,2093,2031,964,2045,2092,2030
85768,A,217,965,2044,2092,2030,964,2044,2091,2030
85868,A,217,949,2030,2078,2016,963,2044,2091,2028
85968,A,217,965,2043,2093,2029,965,2043,2091,2029
86068,A,217,963,2046,2093,2029,963,2046,2093,2029
86168,A,217,964,2046,2090,2029,964,2046,2093,2030
86268,A,217,965,2043,2090,2030,965,2044,2091,2030
86368,A,217,965,2043,2090,2032,964,2043,2090,2031
86468,A,217,963,2045,2090,2030,963,2045,2090,2030
86568,A,217,965,2044,2087,2027,965,2044,2090,2029
86668,A,217,965,2042,2090,2028,965,2046,2091,2028
86768,A,217,964,2045,2091,2030,964,2045,2091,2030
86868,A,217,964,2047,2091,2030,964,2045,2092,2030
86968,A,217,963,2045,2093,2031,963,2045,2093,2030
87068,A,217,965,2046,2091,2032,965,2046,2091,2030
87168,A,217,966,2045,2093,2029,964,2045,2091,2030
87268,A,217,961,2044,2090,2029,963,2044,2090,2029
87368,A,217,965,2043,2091,2030,964,2043,2089,2030
87468,A,217,963,2047,2089,2032,963,2046,2091,2032
87568,A,217,963,2041,2093,2031,963,2043,2093,2030
87668,A,217,964,2042,2089,2028,964,2043,2089,2029
87768,A,217,965,2046,2086,2030,965,2045,2090,2030
87868,A,217,965,2046,2090,2032,965,2044,2089,2030
87968,A,217,963,2039,2087,2032,964,2044,2089,2031
88068,A,217,968,2045,2091,2030,967,2045,2091,2030
88168,A,217,965,2046,2094,2031,964,2043,2093,2031
88268,A,217,963,2046,2092,2029,963,2044,2091,2029
88368,A,217,962,2045,2095,2031,963,2045,2091,2031
88468,A,217,967,2047,2091,2031,964,2046,2090,2030
88568,A,217,965,2047,2091,2031,964,2045,2091,2031
88668,A,217,963,2046,2090,2030,963,2046,2090,2030
88768,A,217,963,2046,2091,2031,963,2045,2090,2030
88868,A,217,963,2043,2090,2029,962,2044,2090,2029
88968,A,217,962,2043,2091,2026,964,2043,2090,2028
89068,A,217,966,2043,2092,2032,963,2043,2091,2030
89168,A,217,961,2046,2089,2030,963,2046,2091,2030
89268,A,217,963,2042,2090,2030,963,2044,2090,2030
89368,A,217,964,2044,2093,2032,964,2044,2092,2029
89468,A,217,964,2045,2094,2029,964,2045,2092,2029
89568,A,217,955,2032,2081,2018,961,2042,2087,2028
89668,A,217,967,2044,2090,2031,965,2044,2090,2029
89768,A,217,965,2046,2094,2029,965,2046,2093,2029
89868,A,217,949,2029,2079,2013,963,2041,2091,2027
89968,A,217,966,2045,2093,2026,964,2045,2089,2028
90068,A,217,964,2043,2091,2031,964,2043,2091,2031
90168,A,217,953,2030,2073,2015,963,2043,2089,2029
90268,A,217,961,2043,2091,2027,961,2045,2090,2030
90368,A,217,963,2047,2092,2030,965,2044,2091,2030
90468,A,217,965,2047,2092,2030,965,2045,2092,2030
90568,A,217,966,2044,2091,2029,964,2043,2089,2029
90668,A,217,965,2047,2091,2031,964,2046,2091,2031
90768,A,217,963,2047,2091,2032,963,2047,2093,2030
90868,A,217,962,2043,2090,2028,962,2045,2090,2029
90968,A,217,965,2044,2090,2031,965,2044,2090,2031
91068,A,217,961,2045,2090,2029,962,2045,2090,2029
91168,A,217,963,2045,2091,2027,963,2044,2090,2027
91268,A,217,962,2045,2089,2032,963,2043,2092,2030
91368,A,217,963,2045,2092,2029,963,2045,2092,2029
91468,A,217,965,2046,2091,2027,963,2046,2090,2029
91568,A,217,963,2045,2086,2030,963,2042,2087,2030
91668,A,217,965,2047,2091,2030,964,2045,2091,2030
91768,A,217,965,2044,2093,2030,964,2044,2092,2030
91868,A,217,963,2043,2091,2031,963,2042,2089,2031
91968,A,217,963,2046,2090,2031,963,2043,2090,2031
92068,A,217,963,2046,2091,2030,963,2044,2091,2030
92168,A,217,963,2043,2083,2029,962,2043,2090,2029
92268,A,217,965,2045,2091,2031,963,2043,2090,2027
92368,A,217,963,2045,2092,2031,963,2045,2092,2031
92468,A,217,963,2039,2087,2030,963,2042,2087,2030
92568,A,217,963,2040,2087,2029,963,2042,2090,2029
92668,A,217,966,2046,2091,2028,963,2046,2091,2030
92768,A,217,962,2045,2094,2031,962,2044,2090,2030
92868,A,217,963,2043,2091,2028,963,2043,2091,2029
92968,A,217,965,2046,2092,2025,964,2046,2092,2030
93068,A,217,965,2045,2091,2032,961,2044,2088,2027
93168,A,217,965,2042,2083,2029,963,2044,2089,2030
93268,A,217,967,2046,2090,2030,966,2046,2090,2030
93368,A,217,951,2032,2080,2016,961,2042,2086,2026
93468,A,217,963,2046,2091,2031,963,2046,2090,2029
93568,A,217,953,2032,2080,2017,961,2043,2087,2026
93668,A,217,965,2038,2095,2032,964,2044,2094,2031
93768,A,217,965,2046,2095,2029,964,2046,2092,2029
93868,A,217,955,2032,2073,2013,963,2043,2090,2028
93968,A,217,967,2045,2090,2030,966,2045,2091,2031
94068,A,217,965,2046,2094,2032,965,2046,2094,2032
94168,A,217,954,2030,2078,2013,962,2044,2091,2030
94268,A,217,963,2045,2093,2031,963,2045,2092,2031
94368,A,217,960,2047,2093,2031,964,2045,2093,2031
94468,A,217,959,2031,2077,2014,966,2043,2090,2028
94568,A,217,962,2046,2093,2030,964,2044,2092,2030
94668,A,217,963,2047,2087,2031,965,2046,2091,2031
94768,A,217,965,2042,2091,2032,965,2044,2091,2032
94868,A,217,963,2041,2086,2025,963,2044,2089,2030
94968,A,217,962,2043,2087,2029,964,2044,2090,2030
95068,A,217,966,2042,2090,2030,963,2044,2091,2030
95168,A,217,962,2047,2088,2031,964,2046,2090,2031
95268,A,217,967,2045,2091,2032,966,2045,2091,2031
95368,A,217,965,2045,2090,2030,965,2045,2090,2030
95468,A,217,962,2043,2088,2028,962,2043,2089,2030
95568,A,217,966,2046,2092,2031,965,2044,2091,2031
95668,A,217,963,2046,2092,2031,963,2046,2092,2031
95768,A,217,965,2041,2091,2030,964,2042,2091,2030
95868,A,217,965,2041,2087,2029,965,2041,2088,2029
95968,A,217,963,2043,2087,2032,963,2044,2090,2031
96068,A,217,963,2043,2085,2031,963,2043,2091,2029
96168,A,217,961,2046,2091,2028,963,2045,2091,2030
96268,A,217,963,2053,2091,2031,963,2045,2091,2030
96368,A,217,966,2047,2093,2030,966,2047,2092,2030
96468,A,217,963,2047,2090,2026,963,2044,2090,2029
96568,A,217,963,2047,2091,2030,963,2044,2090,2029
96668,A,217,963,2046,2095,2031,964,2046,2093,2031
96768,A,217,962,2042,2090,2031,962,2045,2090,2031
96868,A,217,964,2047,2092,2031,961,2045,2088,2028
96968,A,217,962,2043,2091,2032,962,2046,2091,2031
97068,A,217,960,2045,2093,2029,962,2045,2092,2029
97168,A,217,961,2042,2087,2029,961,2043,2090,2029
97268,A,217,964,2045,2087,2031,964,2045,2091,2031
97368,A,217,964,2046,2092,2031,964,2046,2092,2031
97468,A,217,961,2042,2095,2030,962,2044,2091,2030
97568,A,217,965,2055,2094,2029,962,2045,2092,2029
97668,A,217,964,2045,2093,2031,963,2045,2091,2031
97768,A,217,963,2046,2094,2030,963,2046,2090,2030
97868,A,217,954,2033,2083,2017,960,2042,2088,2026
97968,A,217,963,2047,2091,2031,964,2046,2091,2031
98068,A,217,965,2043,2089,2032,964,2043,2092,2031
98168,A,217,947,2034,2079,2017,961,2042,2087,2027
98268,A,217,963,2047,2093,2030,963,2046,2092,2030
98368,A,217,962,2045,2094,2030,963,2045,2093,2030
98468,A,217,956,2026,2076,2014,963,2042,2089,2028
98568,A,217,965,2044,2093,2031,965,2046,2092,2031
98668,A,217,962,2046,2093,2030,964,2046,2092,2030
98768,A,217,954,2038,2075,2013,962,2044,2089,2027
98868,A,217,966,2044,2092,2030,965,2044,2092,2030
98968,A,217,965,2046,2091,2029,964,2046,2092,2030
99068,A,217,966,2046,2087,2027,964,2045,2091,2029
99168,A,217,963,2045,2089,2030,963,2045,2090,2030
99268,A,217,962,2047,2089,2031,962,2044,2092,2031
99368,A,217,965,2042,2094,2032,964,2043,2092,2030
99468,A,217,963,2047,2087,2029,963,2045,2088,2030
99568,A,217,963,2045,2093,2029,963,2045,2092,2030
99668,A,217,963,2042,2090,2031,963,2043,2090,2030
99768,A,217,962,2045,2089,2026,962,2044,2089,2029
99868,A,217,965,2046,2093,2029,965,2046,2091,2029
99968,A,217,964,2045,2087,2029,964,2045,2089,2030
100068,A,217,966,2045,2094,2029,965,2045,2092,2029
100168,A,217,965,2047,2094,2031,965,2046,2090,2031
100268,A,217,963,2047,2090,2030,963,2046,2091,2030
100368,A,217,962,2039,2089,2032,962,2045,2091,2030
100468,A,217,966,2043,2093,2031,964,2044,2093,2031
100568,A,217,963,2045,2092,2031,963,2045,2090,2031
100668,A,217,955,2046,2087,2030,962,2045,2089,2030
100768,A,217,961,2039,2091,2029,963,2042,2091,2029
100868,A,217,965,2045,2093,2030,965,2044,2091,2030
100968,A,217,965,2046,2091,2031,965,2046,2091,2031
101068,A,217,965,2041,2093,2030,964,2045,2093,2030
101168,A,217,965,2045,2091,2032,965,2045,2091,2031
101268,A,217,963,2043,2091,2029,963,2044,2091,2029
101368,A,217,965,2047,2093,2030,964,2044,2091,2030
101468,A,217,963,2043,2090,2031,964,2043,2090,2028
101568,A,217,965,2047,2094,2030,964,2045,2092,2030
101668,A,217,965,2045,2087,2030,964,2045,2090,2030
101768,A,217,965,2044,2087,2032,964,2044,2090,2029
101868,A,217,950,2033,2081,2021,962,2043,2087,2027
101968,A,217,964,2045,2091,2027,964,2045,2091,2030
102068,A,217,963,2043,2089,2032,963,2043,2090,2029
102168,A,217,954,2032,2080,2018,962,2042,2089,2026
102268,A,217,961,2046,2093,2030,963,2046,2093,2030
102368,A,217,962,2043,2094,2032,962,2045,2093,2031
102468,A,217,953,2035,2079,2015,960,2042,2091,2026
102568,A,217,970,2046,2095,2032,965,2046,2094,2030
102668,A,217,966,2045,2087,2029,966,2045,2090,2029
102768,A,217,953,2032,2077,2018,962,2045,2090,2030
102868,A,217,965,2046,2092,2031,965,2046,2092,2031
102968,A,217,963,2047,2085,2032,963,2045,2090,2030
103068,A,217,962,2035,2080,2019,962,2042,2091,2029
103168,A,217,965,2053,2094,2030,965,2048,2094,2030
103268,A,217,962,2043,2093,2031,962,2044,2093,2031
103368,A,217,962,2043,2090,2030,962,2044,2090,2030
103468,A,217,965,2045,2087,2031,965,2045,2087,2031
103568,A,217,965,2046,2093,2028,964,2046,2093,2030
103668,A,217,963,2047,2094,2031,963,2045,2090,2031
103768,A,217,963,2043,2091,2028,963,2043,2091,2030
103868,A,217,966,2043,2091,2029,965,2043,2091,2030
103968,A,217,963,2047,2092,2027,963,2044,2091,2027
104068,A,217,962,2043,2087,2030,962,2044,2089,2029
104168,A,217,963,2042,2090,2031,963,2044,2090,2031
104268,A,217,963,2043,2090,2029,963,2044,2090,2029
104368,A,217,962,2043,2090,2030,963,2043,2090,2030
104468,A,217,966,2043,2093,2030,966,2044,2091,2030
104568,A,217,962,2045,2090,2032,962,2045,2090,2031
104668,A,217,962,2044,2095,2031,962,2044,2092,2030
104768,A,217,963,2046,2093,2028,963,2046,2092,2029
104868,A,217,961,2043,2091,2028,963,2044,2091,2028
104968,A,217,965,2044,2093,2031,963,2043,2091,2031
105068,A,217,965,2045,2091,2032,965,2045,2090,2030
105168,A,217,966,2046,2094,2031,962,2043,2088,2027
105268,A,217,966,2041,2091,2030,965,2042,2091,2029
105368,A,217,963,2045,2089,2029,963,2043,2088,2029
105468,A,217,965,2045,2086,2027,965,2045,2089,2030
105568,A,217,966,2043,2087,2030,961,2042,2086,2026
105668,A,217,964,2043,2086,2027,964,2043,2089,2030
105768,A,217,965,2045,2093,2031,965,2045,2091,2031
105868,A,217,964,2045,2093,2032,963,2044,2091,2030
105968,A,217,965,2047,2091,2031,964,2044,2090,2030
106068,A,217,963,2043,2093,2031,964,2044,2091,2031
106168,A,217,963,2045,2091,2030,961,2045,2090,2029
106268,A,217,961,2038,2087,2029,962,2043,2090,2029
106368,A,217,965,2045,2089,2032,964,2045,2091,2030
106468,A,217,967,2047,2091,2030,963,2043,2089,2030
106568,A,217,963,2045,2090,2030,963,2045,2091,2030
106668,A,217,962,2045,2083,2029,962,2045,2088,2029
106768,A,217,955,2032,2079,2015,963,2044,2090,2028
106868,A,217,962,2045,2093,2030,962,2045,2091,2030
106968,A,217,963,2042,2090,2030,963,2043,2091,2030
107068,A,217,952,2032,2078,2016,962,2044,2089,2029
107168,A,217,965,2045,2093,2031,964,2045,2092,2031
107268,A,217,964,2042,2092,2031,964,2044,2091,2028
107368,A,217,965,2047,2092,2027,965,2045,2091,2028
107468,A,217,965,2046,2092,2032,965,2045,2092,2029
107568,A,217,964,2047,2091,2030,964,2045,2091,2030
107668,A,217,963,2045,2092,2031,963,2044,2092,2028
107768,A,217,963,2042,2088,2029,963,2044,2090,2029
107868,A,217,963,2044,2090,2032,963,2045,2090,2030
107968,A,217,961,2042,2089,2027,961,2043,2089,2027
108068,A,217,962,2047,2091,2031,964,2044,2091,2029
108168,A,217,962,2045,2091,2029,962,2045,2091,2030
108268,A,217,966,2045,2089,2031,966,2045,2089,2031
108368,A,217,965,2047,2090,2028,964,2046,2091,2029
108468,A,217,965,2045,2091,2030,965,2045,2091,2030
108568,A,217,966,2046,2094,2028,964,2045,2092,2029
108668,A,217,965,2047,2093,2031,964,2046,2092,2031
108768,A,217,963,2046,2091,2029,963,2046,2091,2031
108868,A,217,963,2045,2086,2029,963,2045,2091,2029
108968,A,217,967,2046,2090,2029,964,2044,2090,2028
109068,A,217,964,2047,2091,2030,964,2046,2091,2030
109168,A,217,961,2045,2089,2029,962,2045,2089,2029
109268,A,217,962,2047,2091,2027,963,2045,2091,2029
109368,A,217,966,2043,2093,2029,966,2044,2092,2029
109468,A,217,964,2044,2090,2027,963,2044,2090,2030
109568,A,217,965,2045,2093,2031,964,2045,2091,2029
109668,A,217,965,2045,2091,2030,964,2045,2091,2030
109768,A,217,962,2044,2093,2028,964,2045,2093,2028
109868,A,217,962,2047,2091,2031,962,2043,2090,2029
109968,A,217,967,2044,2090,2031,963,2044,2090,2029
110068,A,217,963,2047,2086,2031,963,2046,2092,2031
110168,A,217,949,2030,2079,2016,961,2041,2085,2027
110268,A,217,962,2039,2091,2030,962,2043,2091,2030
110368,A,217,963,2047,2093,2030,963,2046,2091,2030
110468,A,217,966,2047,2090,2031,964,2044,2090,2030
110568,A,217,964,2044,2090,2031,964,2044,2090,2031
110668,A,217,965,2044,2094,2031,965,2045,2092,2031
110768,A,217,953,2032,2080,2016,962,2043,2088,2027
110868,A,217,965,2045,2094,2031,964,2045,2090,2031
110968,A,217,964,2046,2093,2030,964,2045,2092,2030
111068,A,217,951,2032,2079,2018,964,2044,2090,2028
111168,A,217,965,2045,2092,2029,962,2045,2091,2030
111268,A,217,965,2043,2090,2032,964,2043,2090,2029
111368,A,217,951,2032,2078,2015,963,2044,2092,2029
111468,A,217,964,2045,2091,2031,964,2045,2091,2031
111568,A,217,957,2032,2080,2015,962,2042,2090,2027
111668,A,217,963,2044,2094,2030,964,2044,2093,2030
111768,A,217,965,2046,2093,2030,964,2045,2091,2030
111868,A,217,965,2043,2095,2030,965,2043,2091,2030
111968,A,217,964,2041,2095,2030,964,2045,2093,2030
112068,A,217,965,2046,2093,2030,963,2046,2092,2030
112168,A,217,966,2045,2090,2025,964,2045,2090,2029
112268,A,217,964,2047,2090,2030,964,2047,2090,2030
112368,A,217,965,2043,2091,2031,964,2045,2091,2031
112468,A,217,960,2046,2093,2031,962,2046,2090,2031
112568,A,217,965,2047,2087,2030,963,2044,2090,2030
112668,A,217,964,2046,2091,2030,964,2045,2091,2030
112768,A,217,965,2045,2091,2032,965,2045,2091,2032
112868,A,217,961,2045,2090,2027,962,2045,2089,2030
112968,A,217,966,2044,2090,2030,965,2045,2091,2030
113068,A,217,965,2046,2095,2032,965,2046,2092,2031
113168,A,217,965,2047,2090,2032,963,2044,2090,2032
113268,A,217,965,2045,2086,2032,965,2045,2089,2032
113368,A,217,963,2046,2091,2030,964,2044,2091,2030
113468,A,217,963,2045,2088,2029,963,2045,2090,2029
113568,A,217,965,2046,2093,2030,962,2044,2089,2029
113668,A,217,962,2047,2093,2031,964,2047,2092,2031
113768,A,217,963,2042,2091,2031,963,2044,2091,2031
113868,A,217,965,2039,2090,2029,965,2044,2090,2029
113968,A,217,964,2042,2091,2029,964,2046,2091,2030
114068,A,217,963,2045,2090,2031,964,2045,2090,2031
114168,A,217,961,2045,2090,2032,961,2043,2089,2027
114268,A,217,963,2046,2090,2031,963,2046,2091,2031
114368,A,217,963,2045,2089,2031,963,2045,2091,2030
114468,A,217,965,2047,2094,2032,960,2043,2087,2028
114568,A,217,964,2045,2091,2032,964,2045,2092,2032
114668,A,217,965,2046,2090,2030,965,2046,2090,2030
114768,A,217,953,2031,2077,2014,962,2043,2089,2025
114868,A,217,964,2045,2093,2031,964,2045,2091,2029
114968,A,217,967,2045,2093,2031,966,2045,2093,2031
115068,A,217,950,2032,2078,2018,962,2043,2087,2028
115168,A,217,964,2045,2091,2032,964,2045,2091,2032
115268,A,217,965,2046,2091,2031,965,2046,2091,2031
115368,A,217,965,2042,2091,2030,964,2045,2091,2030
115468,A,217,963,2043,2089,2030,963,2044,2089,2030
115568,A,217,952,2029,2081,2015,964,2043,2090,2029
115668,A,217,965,2045,2091,2032,965,2045,2091,2031
115768,A,217,963,2039,2087,2032,964,2044,2090,2031
115868,A,217,965,2054,2090,2028,964,2044,2092,2030
115968,A,217,965,2043,2086,2031,965,2044,2090,2030
116068,A,217,963,2045,2091,2028,963,2045,2091,2029
116168,A,217,960,2042,2093,2026,961,2045,2092,2028
116268,A,217,963,2045,2093,2029,963,2045,2092,2029
116368,A,217,965,2045,2093,2029,965,2045,2093,2031
116468,A,217,960,2043,2092,2029,963,2044,2092,2029
116568,A,217,951,2033,2079,2019,954,2034,2082,2019
116668,A,217,962,2047,2095,2032,962,2040,2088,2026
116768,A,217,963,2046,2093,2032,963,2045,2091,2029
116868,A,217,964,2046,2090,2031,964,2046,2090,2031
116968,A,217,963,2046,2093,2029,963,2046,2093,2029
117068,A,217,966,2043,2093,2030,963,2044,2092,2030
117168,A,217,962,2045,2091,2032,962,2045,2091,2031
117268,A,217,965,2045,2092,2031,965,2045,2092,2031
117368,A,217,963,2047,2090,2032,964,2047,2090,2029
117468,A,217,965,2043,2089,2027,964,2045,2089,2030
117568,A,217,963,2045,2093,2031,960,2041,2087,2028
117668,A,217,964,2046,2091,2029,963,2044,2091,2030
117768,A,217,965,2045,2091,2031,965,2045,2091,2031
117868,A,217,963,2047,2086,2029,962,2044,2088,2029
117968,A,217,964,2046,2090,2029,964,2044,2093,2029
118068,A,217,965,2047,2095,2028,964,2047,2094,2028
118168,A,217,965,2045,2091,2031,962,2044,2088,2029
118268,A,217,966,2053,2091,2031,964,2046,2091,2031
118368,A,217,962,2042,2091,2030,963,2043,2091,2030
118468,A,217,965,2046,2086,2029,960,2041,2086,2027
118568,A,217,966,2047,2092,2031,965,2046,2090,2031
118668,A,217,960,2044,2086,2031,964,2045,2090,2031
118768,A,217,965,2053,2089,2030,963,2042,2087,2026
118868,A,217,962,2044,2093,2031,964,2044,2092,2031
118968,A,217,964,2045,2093,2029,964,2045,2092,2029
119068,A,217,953,2032,2078,2019,960,2040,2087,2026
119168,A,217,962,2046,2091,2030,965,2045,2091,2030
119268,A,217,966,2045,2087,2032,965,2045,2090,2032
119368,A,217,963,2047,2091,2031,963,2047,2091,2031
119468,A,217,965,2045,2092,2031,964,2044,2091,2031
119568,A,217,957,2027,2077,2017,962,2043,2089,2028
119668,A,217,966,2039,2087,2027,964,2045,2090,2030
119768,A,217,962,2042,2087,2029,963,2042,2090,2029
119868,A,217,955,2032,2079,2017,965,2044,2091,2030
119968,A,217,964,2045,2091,2032,965,2045,2091,2031
120068,A,217,967,2043,2087,2031,965,2043,2090,2031
120168,A,217,963,2047,2093,2029,963,2045,2090,2029
120268,A,217,954,2033,2080,2019,954,2035,2080,2019
120368,A,217,965,2045,2093,2029,963,2042,2090,2029
120468,A,217,963,2046,2091,2031,964,2045,2091,2031
120568,A,217,962,2045,2091,2029,963,2045,2091,2029
120668,A,217,966,2045,2092,2027,964,2045,2091,2028
120768,A,217,965,2042,2087,2029,965,2042,2088,2029
120868,A,217,966,2043,2093,2030,964,2043,2090,2030
120968,A,217,965,2045,2089,2029,963,2045,2089,2029
121068,A,217,963,2041,2090,2030,963,2042,2090,2030
121168,A,217,966,2046,2087,2032,964,2045,2088,2032
121268,A,217,962,2046,2094,2030,964,2046,2092,2030
121368,A,217,963,2045,2092,2030,964,2045,2092,2030
121468,A,217,962,2043,2087,2029,962,2043,2090,2029
121568,A,217,965,2046,2090,2032,964,2044,2090,2030
121668,A,217,963,2041,2087,2027,964,2045,2088,2029
121768,A,217,965,2045,2091,2029,965,2045,2091,2029
121868,A,217,965,2044,2095,2031,965,2045,2090,2030
121968,A,217,964,2043,2091,2029,963,2044,2091,2029
122068,A,217,962,2042,2085,2027,962,2042,2090,2029
122168,A,217,963,2042,2089,2030,962,2042,2089,2028
122268,A,217,962,2045,2090,2031,964,2045,2092,2031
122368,A,217,960,2041,2090,2029,963,2044,2090,2030
122468,A,217,965,2044,2093,2028,963,2043,2089,2028
122568,A,217,964,2045,2087,2031,964,2045,2092,2031
122668,A,217,963,2044,2091,2030,963,2043,2091,2030
122768,A,217,965,2047,2093,2030,963,2043,2090,2028
122868,A,217,965,2043,2094,2030,965,2044,2093,2030
122968,A,217,964,2044,2090,2030,964,2044,2090,2030
123068,A,217,965,2046,2093,2031,961,2042,2087,2026
123168,A,217,962,2045,2091,2031,962,2045,2091,2031
123268,A,217,962,2047,2087,2031,962,2046,2088,2031
123368,A,217,960,2043,2089,2029,962,2043,2089,2029
123468,A,217,963,2046,2091,2029,963,2046,2092,2030
123568,A,217,955,2032,2079,2017,962,2043,2087,2027
123668,A,217,963,2043,2091,2029,958,2037,2082,2021
123768,A,217,964,2043,2090,2027,964,2044,2090,2029
123868,A,217,950,2032,2078,2019,960,2043,2089,2028
123968,A,217,961,2043,2093,2025,961,2043,2091,2028
124068,A,217,966,2046,2091,2031,963,2045,2091,2031
124168,A,217,954,2032,2078,2017,962,2043,2089,2028
124268,A,217,963,2042,2090,2031,963,2042,2090,2030
124368,A,217,962,2045,2090,2026,962,2045,2090,2028
124468,A,217,965,2043,2091,2029,965,2044,2091,2029
124568,A,217,963,2042,2091,2029,963,2044,2091,2029
124668,A,217,963,2044,2092,2027,964,2044,2092,2029
124768,A,217,964,2043,2091,2031,964,2045,2092,2031
124868,A,217,965,2043,2093,2029,965,2043,2091,2031
124968,A,217,965,2044,2093,2031,965,2044,2093,2031
125068,A,217,963,2042,2089,2027,963,2042,2090,2030
125168,A,217,963,2045,2091,2029,963,2044,2091,2029
125268,A,217,963,2039,2093,2031,963,2045,2091,2031
125368,A,217,963,2046,2090,2031,964,2046,2090,2030
125468,A,217,965,2044,2090,2031,965,2044,2090,2031
125568,A,217,963,2045,2091,2026,963,2045,2091,2027
125668,A,217,964,2039,2093,2028,962,2044,2090,2028
125768,A,217,962,2045,2093,2031,964,2045,2092,2030
125868,A,217,961,2043,2091,2029,962,2044,2091,2029
125968,A,217,962,2046,2091,2031,962,2046,2091,2030
126068,A,217,963,2045,2091,2030,963,2045,2091,2030
126168,A,217,965,2045,2089,2029,965,2045,2089,2029
126268,A,217,963,2045,2094,2029,963,2045,2092,2029
126368,A,217,967,2043,2086,2031,964,2044,2091,2031
126468,A,217,965,2043,2087,2030,963,2044,2088,2029
126568,A,217,961,2045,2093,2030,962,2045,2090,2030
126668,A,217,960,2045,2091,2029,964,2045,2090,2029
126768,A,217,965,2046,2093,2030,964,2045,2089,2030
126868,A,217,963,2045,2087,2027,963,2045,2090,2030
126968,A,217,962,2046,2089,2029,963,2044,2089,2030
127068,A,217,970,2045,2092,2032,965,2044,2091,2030
127168,A,217,964,2046,2094,2031,964,2046,2092,2031
127268,A,217,965,2045,2092,2030,965,2045,2091,2030
127368,A,217,963,2043,2091,2031,963,2046,2091,2031
127468,A,217,964,2045,2091,2030,964,2045,2091,2030
127568,A,217,950,2032,2077,2016,960,2040,2087,2027
127668,A,217,962,2046,2093,2032,963,2045,2090,2031
127768,A,217,965,2047,2092,2030,965,2045,2092,2029
127868,A,217,950,2032,2077,2015,960,2042,2090,2026
127968,A,217,965,2044,2089,2029,964,2043,2090,2030
128068,A,217,964,2044,2090,2030,964,2045,2090,2030
128168,A,217,953,2030,2079,2014,963,2044,2089,2027
128268,A,217,965,2045,2091,2027,965,2045,2091,2030
128368,A,217,965,2046,2093,2031,964,2046,2091,2031
128468,A,217,951,2032,2080,2019,964,2043,2088,2030
128568,A,217,965,2047,2093,2028,965,2046,2090,2028
128668,A,217,964,2045,2092,2030,964,2045,2091,2030
128768,A,217,965,2045,2087,2030,965,2045,2090,2030
128868,A,217,965,2047,2091,2031,964,2046,2091,2029
128968,A,217,966,2045,2092,2031,964,2044,2091,2030
129068,A,217,962,2046,2091,2032,962,2046,2091,2032
129168,A,217,966,2044,2086,2031,964,2044,2089,2030
129268,A,217,961,2038,2091,2029,961,2043,2091,2029
129368,A,217,963,2043,2090,2031,963,2044,2090,2030
129468,A,217,966,2045,2093,2030,965,2045,2093,2030
129568,A,217,961,2042,2091,2032,963,2045,2091,2031
129668,A,217,966,2045,2090,2031,965,2045,2090,2031
129768,A,217,963,2045,2091,2030,963,2045,2091,2030
129868,A,217,962,2047,2093,2030,962,2045,2090,2030
129968,A,217,965,2045,2091,2030,963,2045,2091,2030
130068,A,217,961,2047,2092,2030,961,2046,2091,2030
130168,A,217,965,2047,2093,2028,963,2046,2091,2030
130268,A,217,965,2045,2090,2030,963,2044,2088,2028
130368,A,217,965,2046,2090,2031,965,2045,2090,2031
130468,A,217,967,2046,2092,2029,966,2045,2092,2030
130568,A,217,951,2032,2077,2016,956,2037,2085,2023
130668,A,217,962,2046,2091,2032,959,2037,2085,2023
130768,A,217,966,2047,2093,2031,966,2046,2093,2031
130868,A,217,962,2046,2090,2031,962,2044,2091,2031
130968,A,217,966,2045,2094,2029,966,2045,2092,2030
131068,A,217,964,2047,2093,2031,964,2047,2092,2031
131168,A,217,967,2045,2090,2027,965,2044,2090,2029
131268,A,217,965,2046,2095,2029,965,2046,2091,2031
131368,A,217,962,2045,2091,2030,962,2046,2091,2030
131468,A,217,963,2039,2089,2029,963,2043,2090,2029
131568,A,217,965,2043,2091,2031,964,2043,2091,2030
131668,A,217,965,2055,2091,2029,965,2046,2093,2029
131768,A,217,961,2045,2091,2032,963,2044,2092,2032
131868,A,217,965,2043,2091,2032,962,2043,2089,2030
131968,A,217,965,2044,2093,2029,965,2044,2093,2029
132068,A,217,964,2047,2094,2031,964,2047,2093,2031
132168,A,217,951,2033,2079,2017,962,2044,2088,2028
132268,A,217,963,2046,2090,2031,963,2046,2090,2031
132368,A,217,965,2045,2093,2032,965,2045,2093,2031
132468,A,217,951,2032,2078,2017,959,2041,2088,2026
132568,A,217,967,2045,2094,2029,965,2045,2091,2029
132668,A,217,963,2045,2087,2031,963,2045,2091,2031
132768,A,217,949,2031,2071,2015,962,2044,2089,2029
132868,A,217,965,2043,2090,2028,965,2044,2091,2030
132968,A,217,966,2045,2091,2030,966,2045,2091,2030
133068,A,217,964,2042,2092,2029,964,2043,2091,2029
133168,A,217,964,2043,2091,2031,964,2044,2091,2031
133268,A,217,963,2047,2089,2031,963,2046,2092,2031
133368,A,217,965,2046,2092,2032,965,2046,2092,2032
133468,A,217,965,2045,2091,2030,964,2044,2091,2030
133568,A,217,965,2046,2094,2031,965,2046,2093,2030
133668,A,217,965,2045,2087,2029,965,2045,2092,2030
133768,A,217,964,2043,2091,2029,964,2045,2091,2029
133868,A,217,961,2045,2091,2030,962,2046,2091,2030
133968,A,217,965,2045,2091,2030,965,2045,2091,2030
134068,A,217,963,2047,2088,2029,963,2047,2090,2030
134168,A,217,966,2045,2084,2031,964,2045,2090,2030
134268,A,217,965,2046,2091,2029,965,2045,2091,2030
134368,A,217,962,2047,2093,2031,963,2045,2093,2031
134468,A,217,963,2047,2093,2029,963,2045,2093,2031
134568,A,217,962,2047,2090,2030,963,2045,2090,2030
134668,A,217,964,2045,2092,2022,964,2045,2092,2030
134768,A,217,961,2045,2091,2031,964,2045,2092,2031
134868,A,217,963,2043,2092,2029,963,2043,2090,2029
134968,A,217,963,2047,2093,2029,964,2045,2092,2031
135068,A,217,963,2045,2087,2031,963,2045,2091,2031
135168,A,217,962,2042,2090,2030,962,2044,2090,2030
135268,A,217,965,2047,2094,2032,964,2045,2092,2031
135368,A,217,962,2046,2090,2031,962,2046,2091,2031
135468,A,217,965,2043,2084,2028,964,2044,2090,2029
135568,A,217,964,2047,2090,2031,962,2042,2089,2029
135668,A,217,963,2045,2093,2032,963,2044,2093,2031
135768,A,217,963,2045,2092,2028,963,2045,2092,2028
135868,A,217,966,2045,2094,2031,963,2043,2089,2026
135968,A,217,964,2043,2093,2031,964,2044,2093,2031
136068,A,217,963,2046,2087,2031,965,2046,2090,2031
136168,A,217,963,2047,2094,2032,962,2043,2088,2028
136268,A,217,963,2045,2087,2030,963,2045,2092,2030
136368,A,217,963,2044,2093,2029,963,2044,2090,2030
136468,A,217,951,2032,2077,2014,962,2041,2088,2028
136568,A,217,962,2043,2089,2031,964,2046,2093,2031
136668,A,217,963,2047,2091,2027,963,2047,2092,2029
136768,A,217,955,2032,2075,2020,962,2045,2089,2026
136868,A,217,966,2044,2094,2032,965,2044,2092,2031
136968,A,217,965,2045,2091,2031,964,2045,2091,2031
137068,A,217,949,2032,2071,2014,962,2041,2088,2028
137168,A,217,963,2046,2091,2031,963,2045,2091,2031
137268,A,217,966,2045,2091,2030,966,2045,2092,2030
137368,A,217,963,2045,2086,2031,964,2045,2091,2031
137468,A,217,967,2045,2091,2027,962,2045,2091,2029
137568,A,217,964,2046,2093,2029,964,2046,2092,2029
137668,A,217,965,2046,2090,2032,964,2046,2090,2031
137768,A,217,963,2045,2091,2027,963,2045,2091,2030
137868,A,217,964,2046,2091,2030,964,2046,2091,2030
137968,A,217,963,2046,2095,2031,964,2046,2094,2031
138068,A,217,963,2047,2093,2028,963,2044,2091,2028
138168,A,217,962,2044,2086,2030,964,2044,2090,2030
138268,A,217,960,2043,2092,2029,966,2045,2091,2029
138368,A,217,960,2041,2090,2031,963,2043,2091,2030
138468,A,217,963,2046,2090,2029,963,2046,2090,2029
138568,A,217,967,2045,2091,2027,965,2045,2091,2030
138668,A,217,962,2045,2087,2031,963,2045,2090,2031
138768,A,217,963,2045,2091,2030,963,2045,2091,2030
138868,A,217,965,2046,2093,2030,964,2044,2089,2030
138968,A,217,963,2046,2093,2032,963,2046,2092,2032
139068,A,217,963,2043,2089,2032,963,2044,2091,2031
139168,A,217,965,2046,2093,2032,963,2044,2089,2029
139268,A,217,965,2046,2087,2032,965,2046,2089,2032
139368,A,217,965,2046,2093,2029,964,2046,2093,2029
139468,A,217,965,2047,2091,2031,965,2046,2091,2031
139568,A,217,963,2046,2091,2030,963,2046,2091,2030
139668,A,217,965,2046,2094,2032,965,2045,2092,2031
139768,A,217,963,2046,2091,2031,963,2044,2091,2030
139868,A,217,967,2047,2095,2032,961,2043,2090,2030
139968,A,217,965,2045,2090,2032,965,2045,2092,2032
140068,A,217,964,2046,2090,2031,964,2046,2091,2031
140168,A,217,963,2047,2092,2032,962,2044,2090,2029
140268,A,217,965,2046,2093,2031,965,2046,2093,2031
140368,A,217,965,2039,2093,2031,964,2046,2091,2031
140468,A,217,953,2032,2079,2017,961,2041,2087,2027
140568,A,217,962,2046,2093,2031,965,2046,2093,2031
140668,A,217,967,2042,2083,2027,965,2044,2091,2028
140768,A,217,966,2046,2090,2032,965,2045,2090,2030
140868,A,217,963,2047,2091,2031,963,2044,2091,2031
140968,A,217,965,2043,2091,2032,964,2045,2091,2031
141068,A,217,955,2032,2077,2015,964,2042,2088,2030
141168,A,217,964,2044,2091,2031,964,2045,2091,2031
141268,A,217,966,2042,2091,2032,965,2043,2092,2032
141368,A,217,951,2032,2078,2013,963,2044,2089,2029
141468,A,217,965,2047,2093,2031,965,2047,2093,2031
141568,A,217,962,2047,2090,2031,965,2047,2090,2031
141668,A,217,963,2039,2091,2031,963,2043,2091,2031
141768,A,217,963,2042,2094,2031,963,2044,2091,2031
141868,A,217,963,2047,2093,2029,963,2046,2092,2029
141968,A,217,961,2047,2091,2031,962,2046,2091,2031
142068,A,217,965,2045,2092,2032,964,2045,2092,2031
142168,A,217,963,2045,2087,2030,963,2045,2089,2031
142268,A,217,963,2045,2091,2029,963,2044,2091,2030
142368,A,217,963,2042,2087,2032,963,2044,2090,2031
142468,A,217,962,2043,2093,2030,962,2045,2090,2030
142568,A,217,964,2046,2093,2032,964,2046,2092,2032
142668,A,217,965,2043,2090,2030,965,2044,2092,2030
142768,A,217,965,2045,2087,2031,965,2045,2091,2031
142868,A,217,964,2047,2090,2030,964,2046,2091,2030
142968,A,217,962,2046,2093,2029,964,2045,2091,2029
143068,A,217,965,2045,2094,2030,965,2045,2093,2030
143168,A,217,964,2046,2091,2031,964,2046,2091,2031
143268,A,217,966,2046,2085,2029,965,2046,2089,2029
143368,A,217,973,2045,2091,2031,964,2044,2091,2029
143468,A,217,966,2046,2091,2031,966,2046,2091,2031
143568,A,217,965,2045,2093,2029,964,2045,2092,2029
143668,A,217,963,2041,2089,2031,963,2043,2090,2031
143768,A,217,965,2054,2091,2031,964,2046,2092,2031
143868,A,217,968,2047,2093,2031,961,2044,2092,2028
143968,A,217,966,2046,2093,2033,965,2046,2093,2031
144068,A,217,966,2046,2091,2029,965,2046,2091,2030
144168,A,217,963,2047,2093,2031,963,2044,2091,2031
144268,A,217,964,2042,2090,2032,964,2045,2091,2032
144368,A,217,965,2047,2087,2030,965,2047,2092,2030
144468,A,217,952,2032,2080,2017,961,2041,2088,2027
144568,A,217,960,2046,2093,2027,961,2046,2092,2027
144668,A,217,963,2043,2085,2032,963,2043,2092,2031
144768,A,217,953,2033,2077,2015,961,2043,2088,2028
144868,A,217,965,2045,2089,2031,965,2045,2089,2031
144968,A,217,964,2042,2087,2030,963,2045,2090,2031
145068,A,217,950,2032,2075,2011,964,2042,2088,2027
145168,A,217,963,2045,2093,2031,962,2040,2086,2025
145268,A,217,963,2046,2087,2032,963,2046,2090,2031
145368,A,217,962,2043,2093,2023,964,2044,2093,2030
145468,A,217,966,2045,2090,2031,965,2045,2091,2031
145568,A,217,954,2032,2074,2015,963,2043,2088,2029
145668,A,217,965,2045,2092,2029,963,2041,2087,2027
145768,A,217,965,2045,2092,2031,965,2046,2092,2031
145868,A,217,965,2043,2091,2030,965,2044,2091,2030
145968,A,217,963,2046,2090,2029,962,2044,2090,2029
146068,A,217,965,2047,2092,2032,964,2047,2092,2031
146168,A,217,962,2047,2092,2031,963,2046,2092,2031
146268,A,217,964,2045,2092,2028,964,2045,2092,2030
146368,A,217,965,2055,2092,2032,965,2047,2092,2030
146468,A,217,963,2045,2091,2032,963,2046,2091,2032
146568,A,217,963,2045,2092,2029,965,2045,2092,2030
146668,A,217,966,2043,2090,2032,965,2043,2091,2031
146768,A,217,965,2046,2085,2029,965,2046,2092,2030
146868,A,217,965,2047,2090,2029,964,2046,2090,2029
146968,A,217,965,2047,2090,2026,964,2045,2090,2029
147068,A,217,966,2045,2089,2032,964,2046,2091,2032
147168,A,217,965,2046,2093,2030,965,2046,2093,2030
147268,A,217,964,2043,2089,2027,964,2045,2090,2031
147368,A,217,964,2043,2093,2030,964,2045,2093,2030
147468,A,217,964,2047,2091,2029,964,2044,2093,2030
147568,A,217,965,2047,2092,2032,965,2044,2091,2029
147668,A,217,963,2045,2091,2031,963,2046,2091,2031
147768,A,217,963,2045,2091,2032,965,2045,2091,2032
147868,A,217,961,2042,2087,2031,962,2043,2088,2030
147968,A,217,963,2046,2091,2029,964,2046,2091,2030
148068,A,217,963,2046,2093,2032,963,2046,2090,2031
148168,A,217,967,2043,2093,2029,963,2043,2090,2029
148268,A,217,963,2046,2091,2030,963,2044,2091,2030
148368,A,217,966,2045,2091,2032,964,2045,2091,2031
148468,A,217,964,2047,2094,2032,963,2045,2091,2029
148568,A,217,964,2044,2094,2032,964,2045,2093,2032
148668,A,217,967,2044,2090,2030,965,2045,2092,2030
148768,A,217,946,2038,2077,2023,960,2041,2089,2028
148868,A,217,963,2046,2093,2031,963,2046,2093,2029
148968,A,217,966,2046,2090,2029,966,2046,2090,2030
149068,A,217,951,2034,2078,2019,961,2042,2088,2027
149168,A,217,964,2046,2089,2032,964,2045,2092,2031
149268,A,217,965,2043,2089,2030,965,2043,2091,2030
149368,A,217,963,2046,2093,2032,963,2046,2093,2032
149468,A,217,965,2046,2089,2030,965,2046,2092,2030
149568,A,217,946,2031,2075,2015,963,2044,2089,2029
149668,A,217,963,2045,2090,2031,963,2045,2093,2031
149768,A,217,965,2045,2093,2031,965,2045,2092,2031
149868,A,217,954,2032,2078,2018,964,2044,2090,2030
149968,A,217,965,2047,2092,2031,965,2047,2092,2031
150068,A,217,963,2046,2095,2032,963,2046,2094,2032
150168,A,217,965,2045,2094,2026,964,2045,2092,2029
150268,A,217,966,2046,2092,2031,965,2044,2090,2029
150368,A,217,962,2046,2092,2031,963,2046,2092,2030
150468,A,217,964,2045,2087,2030,964,2045,2089,2030
150568,A,217,964,2046,2091,2026,964,2044,2089,2030
150668,A,217,967,2047,2089,2031,965,2046,2093,2031
150768,A,217,965,2044,2091,2027,965,2044,2091,2030
150868,A,217,966,2041,2092,2025,965,2042,2090,2030
150968,A,217,965,2044,2092,2030,963,2044,2092,2030
151068,A,217,965,2042,2091,2030,965,2044,2091,2030
151168,A,217,965,2044,2090,2030,964,2045,2090,2029
151268,A,217,959,2045,2091,2030,962,2045,2091,2030
151368,A,217,965,2047,2094,2030,965,2046,2092,2030
151468,A,217,963,2043,2089,2024,963,2046,2089,2029
151568,A,217,963,2046,2095,2030,962,2043,2088,2027
151668,A,217,964,2046,2087,2031,964,2046,2091,2031
151768,A,217,961,2047,2090,2032,963,2047,2091,2032
151868,A,217,962,2043,2089,2030,962,2043,2089,2030
151968,A,217,964,2044,2089,2030,964,2045,2090,2030
152068,A,217,965,2047,2090,2029,965,2047,2091,2030
152168,A,217,962,2041,2093,2032,963,2043,2092,2031
152268,A,217,965,2045,2092,2029,965,2045,2092,2030
152368,A,217,964,2045,2094,2030,964,2045,2093,2030
152468,A,217,966,2046,2093,2031,961,2044,2087,2029
152568,A,217,964,2045,2090,2030,964,2045,2090,2029
152668,A,217,965,2044,2092,2029,965,2044,2091,2030
152768,A,217,961,2047,2091,2028,962,2044,2090,2029
152868,A,217,965,2046,2093,2029,964,2046,2091,2029
152968,A,217,967,2044,2091,2030,965,2044,2091,2030
153068,A,217,966,2042,2093,2031,962,2042,2092,2029
153168,A,217,962,2042,2089,2028,962,2042,2090,2028
153268,A,217,965,2042,2093,2032,965,2042,2092,2032
153368,A,217,962,2043,2090,2028,963,2043,2090,2029
153468,A,217,963,2041,2089,2027,963,2042,2089,2030
153568,A,217,954,2032,2079,2017,962,2043,2089,2027
153668,A,217,967,2045,2092,2030,965,2045,2092,2030
153768,A,217,964,2042,2083,2021,963,2043,2090,2029
153868,A,217,953,2034,2078,2016,961,2044,2090,2029
153968,A,217,963,2045,2093,2031,963,2045,2091,2031
154068,A,217,965,2043,2090,2031,965,2043,2090,2029
154168,A,217,951,2032,2073,2013,962,2041,2089,2027
154268,A,217,967,2044,2091,2028,964,2045,2091,2028
154368,A,217,962,2042,2092,2029,962,2044,2092,2030
154468,A,217,963,2042,2091,2029,963,2043,2091,2030
154568,A,217,963,2046,2092,2027,963,2046,2092,2030
154668,A,217,961,2047,2090,2030,962,2047,2090,2030
154768,A,217,963,2044,2093,2030,964,2044,2089,2030
154868,A,217,963,2045,2090,2028,963,2045,2090,2029
154968,A,217,962,2043,2092,2031,963,2045,2091,2031
155068,A,217,963,2047,2092,2031,963,2043,2089,2031
155168,A,217,963,2043,2090,2031,963,2043,2087,2029
155268,A,217,963,2047,2095,2030,963,2046,2093,2030
155368,A,217,962,2043,2091,2030,962,2043,2091,2030
155468,A,217,965,2045,2090,2026,964,2043,2090,2029
155568,A,217,965,2045,2091,2029,962,2043,2090,2029
155668,A,217,965,2046,2091,2031,965,2046,2093,2031
155768,A,217,962,2046,2091,2030,964,2045,2091,2030
155868,A,217,963,2045,2093,2030,963,2045,2091,2030
155968,A,217,961,2046,2093,2028,962,2046,2091,2029
156068,A,217,963,2045,2093,2027,964,2045,2092,2029
156168,A,217,963,2046,2093,2029,963,2045,2091,2029
156268,A,217,965,2047,2091,2029,964,2045,2091,2031
156368,A,217,965,2045,2086,2030,965,2045,2089,2030
156468,A,217,961,2047,2090,2031,963,2045,2089,2029
156568,A,217,963,2047,2091,2029,964,2046,2091,2029
156668,A,217,965,2045,2091,2027,965,2044,2091,2029
156768,A,217,963,2043,2093,2026,961,2041,2086,2025
156868,A,217,965,2045,2094,2032,965,2045,2092,2031
156968,A,217,963,2044,2089,2029,963,2044,2090,2029
157068,A,217,966,2047,2093,2032,961,2043,2089,2025
157168,A,217,962,2046,2089,2032,964,2046,2090,2032
157268,A,217,965,2045,2093,2031,965,2045,2092,2031
157368,A,217,960,2041,2088,2032,962,2045,2089,2030
157468,A,217,965,2042,2093,2031,964,2044,2091,2031
157568,A,217,954,2033,2078,2018,960,2042,2088,2027
157668,A,217,965,2046,2090,2027,964,2046,2090,2028
157768,A,217,965,2042,2087,2030,964,2042,2091,2030
157868,A,217,951,2034,2077,2014,961,2043,2088,2028
157968,A,217,962,2042,2087,2031,962,2044,2093,2031
158068,A,217,963,2045,2087,2029,964,2045,2090,2029
158168,A,217,950,2032,2077,2016,962,2045,2091,2030
158268,A,217,963,2047,2091,2031,964,2045,2091,2031
158368,A,217,962,2043,2094,2031,962,2043,2091,2030
158468,A,217,952,2032,2076,2015,961,2045,2090,2029
158568,A,217,967,2045,2087,2030,963,2045,2091,2030
158668,A,217,965,2047,2094,2029,965,2044,2090,2030
158768,A,217,962,2045,2091,2031,962,2044,2089,2031
158868,A,217,963,2045,2087,2029,963,2045,2090,2030
158968,A,217,964,2046,2091,2031,964,2045,2091,2031
159068,A,217,964,2047,2086,2031,964,2045,2089,2030
159168,A,217,967,2046,2090,2030,963,2046,2090,2030
159268,A,217,964,2046,2093,2029,964,2046,2092,2030
159368,A,217,966,2043,2087,2029,963,2043,2090,2029
159468,A,217,966,2046,2090,2032,965,2046,2090,2031
159568,A,217,962,2045,2090,2032,962,2045,2090,2032
159668,A,217,964,2046,2090,2027,964,2043,2090,2027
159768,A,217,964,2046,2093,2031,964,2046,2093,2029
159868,A,217,967,2047,2090,2029,965,2046,2092,2029
159968,A,217,964,2045,2086,2026,964,2045,2089,2027
160068,A,217,963,2046,2094,2026,964,2045,2093,2027
160168,A,217,966,2043,2089,2031,964,2044,2092,2031
160268,A,217,964,2043,2094,2027,962,2043,2090,2028
160368,A,217,961,2042,2091,2030,963,2044,2091,2030
160468,A,217,965,2046,2090,2026,965,2046,2090,2030
160568,A,217,965,2043,2093,2031,965,2043,2090,2030
160668,A,217,963,2047,2091,2030,963,2045,2091,2030
160768,A,217,966,2047,2090,2030,966,2046,2091,2030
160868,A,217,963,2046,2091,2030,963,2046,2090,2029
160968,A,217,960,2043,2093,2029,963,2043,2092,2029
161068,A,217,965,2046,2091,2029,964,2046,2092,2029
161168,A,217,964,2047,2094,2031,961,2043,2087,2028
161268,A,217,966,2044,2093,2026,964,2044,2092,2028
161368,A,217,961,2038,2091,2030,961,2043,2090,2030
161468,A,217,964,2046,2096,2031,964,2046,2092,2031
161568,A,217,966,2046,2093,2030,964,2044,2090,2030
161668,A,217,965,2045,2091,2029,964,2045,2092,2029
161768,A,217,965,2047,2091,2031,965,2047,2091,2030
161868,A,217,961,2047,2094,2031,961,2044,2090,2029
161968,A,217,964,2043,2089,2032,964,2044,2089,2031
162068,A,217,964,2046,2093,2031,964,2045,2090,2030
162168,A,217,950,2032,2078,2017,962,2044,2089,2030
162268,A,217,962,2047,2091,2030,962,2044,2091,2030
162368,A,217,965,2045,2090,2029,964,2045,2090,2029
162468,A,217,948,2032,2073,2015,964,2044,2091,2029
162568,A,217,963,2045,2095,2029,963,2045,2095,2030
162668,A,217,963,2043,2087,2027,963,2043,2090,2028
162768,A,217,955,2034,2082,2017,963,2045,2091,2029
162868,A,217,965,2043,2091,2032,964,2046,2091,2032
162968,A,217,964,2045,2090,2030,964,2045,2090,2030
163068,A,217,964,2046,2090,2031,964,2046,2090,2031
163168,A,217,965,2046,2094,2032,965,2046,2093,2032
163268,A,217,963,2046,2086,2023,963,2046,2090,2031
163368,A,217,963,2046,2095,2029,963,2046,2094,2029
163468,A,217,966,2047,2090,2029,966,2047,2090,2030
163568,A,217,965,2039,2090,2032,963,2044,2091,2029
163668,A,217,963,2042,2094,2027,963,2042,2092,2027
163768,A,217,965,2047,2094,2030,965,2047,2092,2030
163868,A,217,965,2045,2092,2031,964,2046,2092,2031
163968,A,217,953,2035,2075,2013,955,2036,2083,2023
164068,A,217,967,2047,2094,2030,959,2040,2085,2025
164168,A,217,963,2046,2092,2030,963,2046,2092,2030
164268,A,217,965,2046,2089,2031,965,2046,2090,2031
164368,A,217,963,2045,2093,2031,963,2045,2093,2030
164468,A,217,965,2043,2090,2031,965,2045,2090,2031
164568,A,217,965,2043,2091,2030,963,2045,2091,2030
164668,A,217,966,2045,2092,2031,965,2045,2092,2030
164768,A,217,965,2047,2090,2031,965,2047,2090,2031
164868,A,217,965,2045,2092,2032,964,2045,2089,2031
164968,A,217,962,2045,2086,2031,963,2044,2089,2031
165068,A,217,961,2046,2094,2029,962,2046,2094,2030
165168,A,217,953,2033,2080,2022,959,2041,2086,2026
165268,A,217,961,2042,2086,2027,963,2043,2090,2030
165368,A,217,965,2043,2093,2031,965,2046,2093,2031
165468,A,217,962,2047,2090,2030,964,2046,2091,2031
165568,A,217,965,2047,2094,2031,962,2039,2087,2027
165668,A,217,967,2047,2094,2031,964,2047,2093,2031
165768,A,217,965,2044,2094,2031,965,2046,2092,2031
165868,A,217,967,2047,2094,2027,962,2046,2091,2027
165968,A,217,965,2045,2090,2031,965,2044,2090,2030
166068,A,217,966,2041,2093,2031,966,2045,2093,2031
166168,A,217,956,2032,2081,2017,962,2041,2088,2027
166268,A,217,964,2043,2085,2030,965,2043,2092,2030
166368,A,217,963,2047,2093,2032,964,2046,2093,2032
166468,A,217,951,2033,2080,2019,964,2044,2091,2028
166568,A,217,965,2046,2096,2032,965,2046,2091,2031
166668,A,217,961,2045,2093,2032,964,2046,2093,2031
166768,A,217,953,2032,2078,2022,963,2046,2090,2030
166868,A,217,965,2043,2090,2032,965,2043,2091,2032
166968,A,217,965,2047,2093,2032,965,2047,2093,2032
167068,A,217,963,2043,2095,2031,964,2045,2092,2031
167168,A,217,963,2045,2084,2031,964,2045,2092,2031
167268,A,217,963,2047,2091,2029,963,2046,2091,2030
167368,A,217,965,2043,2094,2030,963,2045,2092,2030
167468,A,217,963,2047,2090,2031,963,2047,2090,2031
167568,A,217,966,2043,2089,2027,965,2045,2091,2030
167668,A,217,961,2045,2087,2029,963,2045,2090,2029
167768,A,217,965,2047,2095,2031,965,2046,2093,2031
167868,A,217,962,2043,2092,2032,963,2044,2092,2032
167968,A,217,963,2046,2094,2031,964,2045,2091,2031
168068,A,217,965,2046,2090,2031,965,2046,2090,2030
168168,A,217,966,2046,2094,2029,966,2045,2094,2029
168268,A,217,967,2043,2093,2030,965,2043,2091,2030
168368,A,217,963,2045,2094,2032,963,2045,2093,2032
168468,A,217,965,2045,2089,2030,964,2045,2090,2030
168568,A,217,965,2044,2090,2029,962,2044,2090,2029
168668,A,217,966,2047,2093,2030,965,2047,2092,2030
168768,A,217,962,2045,2095,2031,963,2045,2092,2031
168868,A,217,963,2045,2093,2031,963,2045,2092,2031
168968,A,217,965,2046,2093,2031,965,2046,2093,2031
169068,A,217,963,2047,2094,2030,965,2045,2093,2030
169168,A,217,963,2047,2092,2032,963,2044,2092,2029
169268,A,217,963,2046,2095,2031,964,2046,2093,2031
169368,A,217,963,2047,2093,2032,963,2047,2092,2031
169468,A,217,965,2045,2094,2028,964,2045,2094,2028
169568,A,217,964,2045,2093,2032,964,2043,2091,2029
169668,A,217,963,2047,2093,2031,963,2046,2092,2031
169768,A,217,965,2043,2091,2032,964,2044,2091,2030
169868,A,217,963,2044,2090,2029,963,2044,2090,2029
169968,A,217,965,2047,2092,2031,965,2047,2092,2031
170068,A,217,965,2045,2090,2031,965,2045,2092,2031
170168,A,217,955,2033,2079,2019,961,2041,2089,2026
170268,A,217,962,2047,2090,2030,965,2047,2090,2030
170368,A,217,967,2046,2095,2031,966,2046,2095,2031
170468,A,217,951,2031,2076,2019,959,2042,2089,2028
170568,A,217,966,2046,2094,2031,965,2045,2093,2031
170668,A,217,965,2045,2091,2031,964,2046,2091,2031
170768,A,217,954,2032,2077,2015,963,2045,2091,2028
170868,A,217,963,2042,2090,2032,964,2044,2091,2029
170968,A,217,965,2045,2093,2030,965,2045,2093,2030
171068,A,217,951,2033,2079,2016,963,2046,2090,2030
171168,A,217,964,2043,2091,2030,964,2044,2091,2030
171268,A,217,966,2045,2095,2032,966,2045,2094,2032
171368,A,217,966,2045,2090,2032,965,2045,2091,2032
171468,A,217,962,2046,2091,2030,962,2044,2091,2030
171568,A,217,966,2046,2093,2032,966,2046,2092,2031
171668,A,217,965,2045,2094,2031,965,2045,2091,2031
171768,A,217,961,2047,2091,2032,962,2046,2091,2032
171868,A,217,963,2046,2093,2030,963,2045,2091,2030
171968,A,217,963,2046,2093,2031,963,2046,2092,2031
172068,A,217,966,2041,2090,2031,962,2043,2091,2031
172168,A,217,962,2046,2091,2027,962,2046,2090,2029
172268,A,217,962,2045,2094,2029,963,2045,2093,2029
172368,A,217,965,2045,2093,2032,965,2045,2090,2032
172468,A,217,965,2043,2094,2029,965,2044,2091,2029
172568,A,217,963,2046,2090,2032,963,2044,2090,2030
172668,A,217,962,2047,2094,2026,964,2046,2091,2031
172768,A,217,963,2045,2087,2027,963,2045,2089,2030
172868,A,217,963,2047,2094,2031,964,2046,2091,2031
172968,A,217,965,2045,2090,2029,964,2044,2090,2029
173068,A,217,963,2043,2087,2031,963,2043,2087,2031
173168,A,217,965,2046,2093,2029,964,2043,2091,2029
173268,A,217,964,2044,2091,2032,964,2044,2091,2032
173368,A,217,964,2041,2091,2030,964,2045,2091,2030
173468,A,217,963,2046,2086,2027,963,2045,2091,2029
173568,A,217,963,2047,2092,2031,963,2044,2089,2029
173668,A,217,965,2044,2094,2027,965,2045,2094,2030
173768,A,217,962,2045,2087,2032,962,2045,2091,2030
173868,A,217,968,2045,2089,2032,962,2042,2087,2026
173968,A,217,965,2046,2091,2032,965,2046,2091,2031
174068,A,217,965,2045,2091,2030,963,2045,2091,2030
174168,A,217,967,2054,2094,2032,964,2043,2087,2028
174268,A,217,963,2047,2094,2031,963,2047,2093,2031
174368,A,217,967,2043,2086,2032,965,2043,2093,2032
174468,A,217,950,2031,2078,2015,961,2043,2089,2026
174568,A,217,963,2045,2090,2032,963,2045,2091,2032
174668,A,217,965,2047,2091,2032,965,2047,2091,2030
174768,A,217,951,2031,2078,2015,961,2043,2089,2027
174868,A,217,963,2045,2090,2032,963,2045,2090,2029
174968,A,217,964,2046,2090,2031,964,2046,2090,2031
175068,A,217,951,2035,2079,2018,961,2044,2089,2027
175168,A,217,967,2046,2091,2032,964,2046,2091,2031
175268,A,217,964,2047,2091,2030,964,2047,2091,2030
175368,A,217,951,2032,2075,2014,962,2043,2090,2029
175468,A,217,964,2046,2093,2032,964,2045,2090,2031
175568,A,217,957,2033,2082,2018,963,2045,2091,2029
175668,A,217,964,2045,2093,2029,959,2041,2087,2025
175768,A,217,958,2044,2087,2032,962,2044,2089,2031
175868,A,217,964,2047,2094,2031,964,2046,2092,2031
175968,A,217,964,2045,2093,2030,964,2045,2092,2031
176068,A,217,963,2045,2095,2031,963,2045,2092,2030
176168,A,217,965,2043,2091,2032,964,2045,2092,2030
176268,A,217,966,2047,2095,2031,964,2046,2093,2031
176368,A,217,962,2046,2094,2030,963,2046,2090,2030
176468,A,217,964,2044,2087,2032,964,2044,2089,2031
176568,A,217,966,2044,2093,2028,964,2045,2092,2030
176668,A,217,963,2046,2087,2029,964,2046,2088,2029
176768,A,217,965,2045,2090,2028,965,2045,2089,2028
176868,A,217,965,2045,2091,2029,965,2045,2091,2030
176968,A,217,961,2043,2092,2030,963,2044,2092,2030
177068,A,217,964,2043,2088,2025,964,2043,2090,2029
177168,A,217,964,2046,2089,2031,964,2044,2089,2029
177268,A,217,964,2047,2087,2031,965,2047,2092,2031
177368,A,217,964,2045,2091,2029,964,2044,2091,2029
177468,A,217,964,2046,2094,2031,964,2046,2094,2031
177568,A,217,966,2046,2091,2032,962,2044,2090,2030
177668,A,217,965,2045,2092,2030,964,2045,2091,2030
177768,A,217,964,2044,2091,2031,964,2044,2090,2029
177868,A,217,963,2047,2092,2032,962,2046,2091,2029
177968,A,217,964,2043,2090,2027,964,2043,2090,2030
178068,A,217,965,2033,2091,2032,965,2043,2091,2031
178168,A,217,966,2045,2087,2031,965,2044,2089,2029
178268,A,217,965,2045,2089,2029,965,2045,2091,2031
178368,A,217,964,2046,2092,2031,964,2046,2092,2031
178468,A,217,950,2033,2079,2017,961,2041,2088,2026
178568,A,217,963,2047,2093,2030,963,2046,2093,2031
178668,A,217,966,2047,2090,2030,966,2044,2091,2030
178768,A,217,966,2047,2093,2031,962,2044,2090,2027
178868,A,217,966,2046,2093,2030,966,2046,2093,2030
178968,A,217,963,2047,2085,2030,963,2046,2090,2030
179068,A,217,951,2033,2081,2016,960,2044,2087,2027
179168,A,217,963,2046,2091,2031,963,2046,2091,2031
179268,A,217,961,2045,2090,2025,963,2045,2091,2030
179368,A,217,949,2031,2074,2017,960,2045,2087,2027
179468,A,217,967,2045,2091,2031,965,2045,2091,2031
179568,A,217,953,2041,2077,2015,964,2044,2091,2029
179668,A,217,963,2047,2090,2030,964,2045,2090,2030
179768,A,217,965,2044,2090,2029,965,2044,2090,2029
179868,A,217,964,2042,2087,2029,964,2045,2090,2029
179968,A,217,965,2039,2087,2030,965,2044,2091,2030
180068,A,217,963,2046,2085,2031,963,2044,2089,2029
180168,A,217,963,2045,2091,2031,963,2045,2090,2031
180268,A,217,949,2034,2080,2017,954,2035,2081,2021
180368,A,217,963,2044,2089,2029,962,2041,2089,2029
180468,A,217,962,2045,2087,2030,963,2045,2090,2030
180568,A,217,963,2044,2093,2029,964,2044,2092,2029
180668,A,217,962,2041,2093,2029,963,2044,2093,2030
180768,A,217,966,2047,2091,2027,966,2047,2091,2029
180868,A,217,960,2047,2092,2031,963,2046,2092,2031
180968,A,217,964,2047,2091,2031,965,2046,2091,2030
181068,A,217,963,2045,2086,2031,964,2045,2089,2029
181168,A,217,963,2047,2091,2029,964,2046,2091,2029
181268,A,217,966,2044,2090,2030,964,2044,2090,2030
181368,A,217,962,2047,2090,2030,962,2045,2090,2028
181468,A,217,963,2045,2091,2030,964,2046,2091,2030
181568,A,217,965,2044,2091,2030,961,2043,2089,2029
181668,A,217,962,2045,2087,2027,963,2045,2089,2029
181768,A,217,962,2046,2093,2031,963,2045,2093,2031
181868,A,217,962,2039,2093,2031,962,2043,2091,2031
181968,A,217,965,2043,2090,2031,965,2044,2090,2031
182068,A,217,966,2041,2093,2027,965,2044,2092,2028
182168,A,217,963,2045,2091,2032,963,2042,2090,2029
182268,A,217,963,2043,2091,2030,964,2043,2090,2030
182368,A,217,963,2047,2091,2027,963,2047,2091,2030
182468,A,217,965,2047,2091,2031,963,2045,2091,2031
182568,A,217,966,2047,2087,2032,966,2047,2088,2029
182668,A,217,963,2045,2095,2029,962,2045,2092,2029
182768,A,217,967,2055,2095,2032,963,2043,2089,2027
182868,A,217,963,2046,2089,2032,964,2046,2091,2031
182968,A,217,965,2047,2089,2030,965,2045,2091,2030
183068,A,217,965,2045,2096,2031,963,2043,2089,2029
183168,A,217,965,2045,2091,2031,965,2045,2091,2030
183268,A,217,961,2045,2087,2032,964,2045,2089,2031
183368,A,217,961,2045,2092,2031,962,2045,2092,2030
183468,A,217,963,2043,2087,2030,963,2043,2090,2030
183568,A,217,951,2032,2078,2017,963,2042,2090,2028
183668,A,217,964,2046,2093,2031,964,2045,2092,2031
183768,A,217,962,2046,2091,2029,962,2046,2092,2029
183868,A,217,950,2031,2079,2017,962,2043,2090,2029
183968,A,217,963,2041,2087,2028,963,2042,2090,2028
184068,A,217,963,2045,2093,2031,963,2045,2093,2031
184168,A,217,963,2047,2092,2031,963,2046,2091,2031
184268,A,217,968,2043,2091,2032,965,2043,2091,2032
184368,A,217,965,2045,2092,2031,965,2045,2093,2031
184468,A,217,963,2047,2091,2029,963,2046,2093,2029
184568,A,217,969,2047,2093,2031,965,2045,2091,2029
184668,A,217,967,2046,2090,2031,964,2044,2091,2030
184768,A,217,965,2046,2094,2030,965,2046,2094,2030
184868,A,217,964,2045,2093,2030,964,2045,2092,2030
184968,A,217,963,2047,2091,2032,963,2045,2092,2030
185068,A,217,965,2045,2094,2031,965,2046,2093,2030
185168,A,217,963,2044,2090,2030,962,2044,2090,2030
185268,A,217,963,2042,2089,2029,963,2043,2089,2029
185368,A,217,964,2043,2089,2032,964,2045,2090,2031
185468,A,217,965,2045,2094,2032,955,2038,2086,2023
185568,A,217,954,2034,2081,2020,953,2034,2082,2020
185668,A,217,964,2045,2091,2031,961,2041,2090,2028
185768,A,217,965,2047,2089,2030,965,2047,2092,2030
185868,A,217,965,2043,2086,2027,965,2043,2088,2027
185968,A,217,965,2046,2094,2027,965,2046,2093,2029
186068,A,217,965,2046,2091,2030,964,2046,2091,2030
186168,A,217,961,2046,2090,2031,962,2046,2090,2031
186268,A,217,965,2045,2089,2030,964,2044,2089,2030
186368,A,217,965,2045,2091,2031,965,2045,2092,2031
186468,A,217,965,2042,2091,2032,965,2043,2092,2031
186568,A,217,961,2042,2091,2030,963,2045,2092,2030
186668,A,217,964,2043,2089,2029,964,2044,2090,2031
186768,A,217,966,2046,2094,2031,961,2041,2089,2028
186868,A,217,963,2045,2091,2031,963,2044,2089,2030
186968,A,217,965,2046,2093,2032,965,2046,2093,2031
187068,A,217,951,2034,2080,2018,961,2041,2089,2026
187168,A,217,965,2047,2093,2029,965,2046,2091,2029
187268,A,217,966,2046,2089,2029,965,2045,2090,2029
187368,A,217,963,2045,2093,2031,963,2045,2093,2031
187468,A,217,962,2043,2086,2030,963,2044,2090,2030
187568,A,217,949,2032,2075,2017,961,2044,2087,2027
187668,A,217,967,2047,2090,2032,955,2036,2080,2020
187768,A,217,968,2045,2094,2032,965,2045,2090,2030
187868,A,217,953,2029,2075,2015,963,2043,2089,2028
187968,A,217,962,2047,2093,2029,964,2047,2092,2029
188068,A,217,962,2045,2094,2029,962,2045,2093,2029
188168,A,217,947,2032,2081,2015,961,2045,2089,2028
188268,A,217,963,2045,2092,2030,963,2045,2091,2030
188368,A,217,961,2046,2093,2031,963,2046,2092,2031
188468,A,217,963,2043,2089,2026,963,2043,2089,2028
188568,A,217,967,2045,2092,2032,964,2045,2089,2029
188668,A,217,962,2046,2094,2032,962,2046,2093,2032
188768,A,217,963,2042,2091,2028,963,2043,2091,2029
188868,A,217,963,2041,2089,2031,963,2043,2089,2029
188968,A,217,963,2046,2093,2030,964,2046,2093,2030
189068,A,217,965,2044,2089,2027,963,2044,2091,2030
189168,A,217,968,2045,2091,2027,964,2045,2090,2028
189268,A,217,965,2047,2091,2032,965,2044,2091,2032
189368,A,217,965,2046,2092,2029,965,2045,2092,2029
189468,A,217,964,2039,2090,2027,964,2043,2090,2029
189568,A,217,965,2045,2091,2031,965,2045,2091,2029
189668,A,217,964,2045,2095,2031,964,2045,2092,2030
189768,A,217,966,2045,2090,2029,965,2045,2090,2029
189868,A,217,965,2042,2087,2031,964,2044,2089,2027
189968,A,217,967,2045,2092,2031,965,2046,2092,2030
190068,A,217,962,2047,2094,2031,964,2046,2094,2031
190168,A,217,966,2042,2089,2026,963,2043,2089,2027
190268,A,217,963,2046,2090,2031,964,2046,2091,2031
190368,A,217,963,2046,2091,2030,963,2046,2091,2030
190468,A,217,965,2046,2091,2027,963,2045,2090,2027
190568,A,217,963,2045,2089,2032,963,2045,2091,2031
190668,A,217,965,2047,2093,2030,965,2045,2092,2030
190768,A,217,960,2045,2094,2029,962,2044,2090,2029
190868,A,217,965,2044,2093,2030,965,2044,2092,2030
190968,A,217,965,2046,2093,2031,965,2046,2093,2031
191068,A,217,965,2043,2094,2030,965,2044,2091,2030
191168,A,217,963,2045,2090,2027,963,2045,2091,2029
191268,A,217,965,2046,2090,2031,964,2046,2090,2030
191368,A,217,965,2047,2089,2031,965,2047,2089,2031
191468,A,217,963,2045,2093,2032,963,2045,2093,2031
191568,A,217,951,2032,2078,2015,962,2043,2088,2027
191668,A,217,964,2046,2092,2031,964,2046,2092,2031
191768,A,217,965,2043,2090,2031,963,2043,2091,2031
191868,A,217,964,2047,2094,2031,964,2044,2090,2030
191968,A,217,963,2046,2093,2027,963,2046,2092,2031
192068,A,217,964,2042,2091,2029,964,2043,2089,2031
192168,A,217,951,2032,2079,2019,961,2041,2087,2027
192268,A,217,963,2045,2087,2030,963,2045,2089,2030
192368,A,217,964,2043,2093,2031,964,2044,2092,2031
192468,A,217,949,2032,2079,2013,963,2043,2091,2028
192568,A,217,963,2045,2096,2030,964,2045,2090,2031
192668,A,217,965,2047,2094,2031,964,2046,2093,2031
192768,A,217,964,2044,2092,2030,964,2044,2091,2030
192868,A,217,962,2046,2089,2029,963,2046,2092,2029
192968,A,217,963,2042,2094,2029,963,2044,2091,2030
193068,A,217,961,2043,2090,2030,962,2044,2090,2030
193168,A,217,965,2044,2091,2030,964,2044,2090,2029
193268,A,217,966,2045,2090,2030,964,2045,2091,2030
193368,A,217,962,2045,2091,2031,962,2045,2091,2031
193468,A,217,963,2043,2088,2029,964,2043,2091,2029
193568,A,217,966,2043,2091,2030,963,2043,2091,2030
193668,A,217,962,2043,2091,2032,962,2043,2091,2032
193768,A,217,963,2042,2089,2031,965,2045,2089,2031
193868,A,217,965,2044,2091,2028,964,2044,2091,2031
193968,A,217,965,2045,2093,2030,964,2045,2091,2030
194068,A,217,966,2044,2093,2032,964,2044,2092,2031
194168,A,217,964,2045,2093,2032,964,2045,2093,2032
194268,A,217,963,2043,2092,2029,963,2045,2091,2030
194368,A,217,966,2046,2093,2031,965,2045,2093,2031
194468,A,217,964,2045,2090,2030,964,2045,2090,2030
194568,A,217,965,2044,2089,2027,965,2044,2090,2029
194668,A,217,965,2041,2091,2030,965,2044,2091,2030
194768,A,217,964,2045,2085,2026,964,2045,2088,2030
194868,A,217,963,2047,2093,2032,964,2047,2093,2032
194968,A,217,961,2045,2089,2029,964,2045,2089,2029
195068,A,217,963,2047,2091,2030,965,2047,2091,2030
195168,A,217,965,2045,2094,2029,964,2044,2089,2028
195268,A,217,965,2045,2091,2032,965,2045,2091,2032
195368,A,217,962,2043,2092,2025,962,2043,2092,2030
195468,A,217,960,2047,2090,2031,962,2047,2090,2031
195568,A,217,954,2032,2080,2017,958,2042,2086,2027
195668,A,217,963,2043,2090,2032,963,2044,2090,2031
195768,A,217,964,2045,2087,2030,964,2044,2087,2030
195868,A,217,951,2033,2082,2015,962,2042,2088,2028
195968,A,217,963,2047,2089,2029,963,2047,2090,2029
196068,A,217,965,2044,2091,2026,963,2044,2091,2030
196168,A,217,951,2034,2081,2017,962,2043,2090,2028
196268,A,217,965,2046,2090,2030,965,2044,2091,2030
196368,A,217,965,2046,2092,2031,965,2046,2092,2030
196468,A,217,951,2032,2076,2015,963,2044,2088,2028
196568,A,217,964,2042,2094,2030,964,2044,2092,2031
196668,A,217,961,2041,2091,2031,963,2043,2091,2031
196768,A,217,950,2033,2079,2017,963,2044,2089,2028
196868,A,217,966,2047,2090,2031,966,2046,2090,2031
196968,A,217,966,2045,2086,2030,966,2045,2091,2030
197068,A,217,967,2043,2091,2027,965,2044,2091,2029
197168,A,217,964,2046,2092,2030,964,2045,2092,2030
197268,A,217,966,2046,2091,2031,965,2046,2091,2031
197368,A,217,962,2043,2095,2031,963,2043,2092,2031
197468,A,217,964,2042,2093,2031,964,2045,2093,2031
197568,A,217,963,2045,2089,2032,963,2045,2090,2031
197668,A,217,967,2046,2090,2030,964,2046,2090,2030
197768,A,217,962,2046,2092,2031,963,2046,2092,2031
197868,A,217,965,2043,2091,2030,965,2044,2092,2030
197968,A,217,963,2045,2091,2029,963,2045,2091,2029
198068,A,217,966,2047,2094,2031,964,2043,2093,2030
198168,A,217,966,2047,2092,2031,966,2047,2092,2031
198268,A,217,965,2045,2090,2032,965,2045,2092,2032
198368,A,217,965,2042,2087,2031,964,2044,2092,2031
198468,A,217,965,2046,2095,2028,964,2046,2093,2030
198568,A,217,965,2046,2090,2030,964,2046,2090,2030
198668,A,217,963,2047,2090,2030,964,2046,2090,2030
198768,A,217,966,2045,2093,2031,966,2045,2092,2031
198868,A,217,963,2047,2093,2029,963,2046,2090,2029
198968,A,217,963,2043,2085,2026,963,2044,2092,2030
199068,A,217,963,2047,2092,2027,964,2045,2092,2029
199168,A,217,965,2045,2093,2032,962,2043,2091,2028
199268,A,217,965,2046,2090,2029,964,2046,2090,2029
199368,A,217,963,2045,2091,2027,964,2045,2092,2028
199468,A,217,966,2046,2092,2032,964,2046,2092,2031
199568,A,217,963,2045,2090,2032,963,2044,2091,2031
199668,A,217,965,2042,2087,2026,965,2042,2088,2028
199768,A,217,964,2045,2090,2031,965,2045,2090,2031
199868,A,217,965,2047,2091,2032,964,2044,2091,2030
199968,A,217,962,2046,2092,2031,963,2044,2092,2031
200068,A,217,964,2043,2090,2029,964,2043,2091,2030
200168,A,217,954,2033,2081,2015,962,2041,2089,2027
200268,A,217,966,2044,2094,2029,964,2044,2093,2029
200368,A,217,966,2045,2095,2031,965,2045,2093,2031
200468,A,217,953,2033,2079,2017,963,2044,2089,2029
200568,A,217,962,2045,2092,2032,963,2045,2092,2030
200668,A,217,963,2042,2086,2029,963,2043,2090,2030
200768,A,217,951,2032,2078,2018,963,2044,2091,2028
200868,A,217,966,2045,2094,2031,966,2045,2092,2031
200968,A,217,965,2046,2092,2031,964,2046,2092,2031
201068,A,217,953,2032,2078,2015,962,2045,2091,2029
201168,A,217,966,2043,2090,2027,965,2044,2090,2030
201268,A,217,965,2045,2090,2030,965,2045,2090,2030
201368,A,217,963,2046,2091,2031,963,2045,2091,2031
201468,A,217,963,2046,2093,2031,963,2045,2091,2031
201568,A,217,964,2046,2090,2029,964,2046,2090,2029
201668,A,217,966,2045,2091,2030,964,2044,2091,2030
201768,A,217,963,2047,2093,2030,964,2047,2093,2030
201868,A,217,964,2045,2090,2029,964,2045,2091,2029
201968,A,217,962,2042,2090,2029,962,2044,2091,2031
202068,A,217,965,2053,2093,2031,965,2046,2093,2030
202168,A,217,961,2046,2091,2029,964,2046,2092,2031
202268,A,217,962,2045,2093,2030,962,2044,2092,2030
202368,A,217,962,2047,2094,2031,962,2046,2092,2031
202468,A,217,965,2045,2093,2030,964,2045,2092,2030
202568,A,217,961,2042,2090,2031,964,2043,2090,2030
202668,A,217,962,2046,2089,2031,963,2046,2091,2029
202768,A,217,965,2046,2094,2028,965,2046,2094,2029
202868,A,217,964,2045,2094,2027,964,2044,2091,2028
202968,A,217,966,2041,2090,2032,963,2044,2090,2029
203068,A,217,963,2046,2093,2032,963,2046,2091,2032
203168,A,217,963,2045,2094,2031,963,2045,2091,2031
203268,A,217,963,2043,2087,2028,963,2045,2091,2030
203368,A,217,965,2045,2093,2031,964,2045,2091,2031
203468,A,217,963,2045,2094,2027,963,2045,2092,2029
203568,A,217,964,2047,2091,2031,960,2042,2088,2026
203668,A,217,960,2047,2091,2032,963,2046,2091,2030
203768,A,217,960,2044,2092,2028,963,2045,2092,2030
203868,A,217,966,2053,2093,2032,962,2044,2091,2030
203968,A,217,965,2044,2092,2025,964,2044,2092,2025
204068,A,217,963,2043,2091,2029,963,2044,2091,2030
204168,A,217,963,2046,2089,2030,963,2043,2089,2029
204268,A,217,962,2045,2091,2030,962,2045,2091,2030
204368,A,217,963,2044,2093,2029,963,2044,2092,2029
204468,A,217,965,2053,2091,2031,964,2046,2090,2027
204568,A,217,961,2046,2091,2031,963,2046,2091,2031
204668,A,217,963,2039,2091,2032,964,2046,2091,2031
204768,A,217,955,2032,2080,2017,961,2044,2090,2029
204868,A,217,966,2046,2092,2032,963,2046,2092,2032
204968,A,217,964,2047,2093,2031,964,2045,2092,2031
205068,A,217,953,2034,2082,2020,963,2046,2090,2030
205168,A,217,965,2042,2094,2031,963,2042,2091,2031
205268,A,217,967,2047,2094,2031,963,2044,2093,2030
205368,A,217,955,2033,2075,2017,964,2045,2090,2030
205468,A,217,963,2045,2093,2029,964,2045,2091,2030
205568,A,217,962,2042,2086,2032,964,2043,2089,2030
205668,A,217,963,2047,2095,2030,964,2046,2092,2030
205768,A,217,963,2046,2089,2031,964,2046,2089,2031
205868,A,217,963,2046,2091,2032,964,2046,2091,2030
205968,A,217,963,2045,2094,2029,963,2045,2092,2030
206068,A,217,963,2046,2090,2031,964,2046,2090,2031
206168,A,217,964,2043,2093,2030,964,2044,2093,2030
206268,A,217,963,2047,2091,2030,963,2042,2091,2030
206368,A,217,965,2045,2090,2031,965,2045,2093,2031
206468,A,217,963,2047,2090,2029,963,2046,2091,2029
206568,A,217,963,2045,2089,2028,964,2042,2090,2029
206668,A,217,963,2047,2094,2030,963,2046,2091,2030
206768,A,217,965,2046,2093,2031,965,2046,2093,2031
206868,A,217,962,2043,2086,2027,962,2043,2091,2030
206968,A,217,966,2046,2093,2031,964,2046,2092,2031
207068,A,217,965,2046,2090,2031,965,2046,2092,2031
207168,A,217,965,2045,2093,2029,965,2045,2091,2029
207268,A,217,965,2045,2093,2030,964,2045,2092,2030
207368,A,217,964,2045,2087,2029,964,2045,2090,2029
207468,A,217,963,2044,2093,2027,963,2044,2093,2030
207568,A,217,963,2047,2090,2031,963,2044,2090,2028
207668,A,217,963,2046,2094,2032,963,2046,2094,2032
207768,A,217,960,2043,2091,2031,964,2043,2092,2030
207868,A,217,965,2043,2086,2028,961,2043,2086,2028
207968,A,217,963,2045,2093,2029,964,2044,2093,2029
208068,A,217,964,2047,2093,2030,964,2047,2093,2031
208168,A,217,962,2046,2090,2031,962,2044,2088,2027
208268,A,217,963,2047,2091,2031,964,2046,2091,2031
208368,A,217,965,2043,2093,2030,964,2044,2091,2030
208468,A,217,966,2047,2091,2027,962,2045,2091,2027
208568,A,217,963,2042,2091,2031,964,2043,2091,2031
208668,A,217,965,2043,2091,2029,964,2045,2092,2029
208768,A,217,963,2045,2092,2031,963,2044,2090,2028
208868,A,217,963,2046,2092,2026,963,2043,2092,2029
208968,A,217,965,2046,2093,2030,964,2045,2093,2030
209068,A,217,953,2033,2078,2019,963,2044,2090,2028
209168,A,217,962,2043,2087,2026,963,2043,2092,2030
209268,A,217,966,2046,2094,2030,965,2045,2092,2030
209368,A,217,965,2047,2093,2031,964,2047,2092,2031
209468,A,217,963,2046,2089,2028,963,2046,2090,2028
209568,A,217,953,2032,2076,2016,962,2043,2090,2030
209668,A,217,963,2044,2090,2031,963,2044,2090,2030
209768,A,217,965,2045,2092,2031,965,2044,2090,2031
209868,A,217,967,2046,2089,2029,965,2044,2090,2030
209968,A,217,964,2045,2091,2030,964,2045,2091,2030
210068,A,217,963,2046,2092,2027,963,2046,2092,2027
210168,A,217,959,2045,2092,2027,962,2045,2092,2028
210268,A,217,965,2046,2093,2032,965,2046,2092,2029
210368,A,217,963,2043,2094,2027,963,2043,2091,2030
210468,A,217,961,2045,2092,2032,963,2045,2092,2032
210568,A,217,966,2042,2091,2031,965,2045,2091,2031
210668,A,217,965,2047,2083,2031,965,2046,2089,2031
210768,A,217,963,2046,2091,2031,963,2045,2091,2031
210868,A,217,954,2034,2080,2017,955,2038,2083,2020
210968,A,217,967,2043,2094,2029,960,2041,2086,2024
211068,A,217,964,2047,2087,2027,964,2045,2089,2030
211168,A,217,963,2046,2095,2029,963,2043,2089,2027
211268,A,217,965,2047,2090,2031,965,2047,2090,2031
211368,A,217,965,2041,2093,2029,965,2044,2093,2030
211468,A,217,963,2044,2092,2027,963,2044,2091,2029
211568,A,217,965,2045,2092,2030,964,2045,2091,2030
211668,A,217,964,2045,2093,2030,964,2046,2091,2030
211768,A,217,964,2045,2089,2032,964,2045,2091,2031
211868,A,217,965,2044,2093,2029,963,2044,2091,2029
211968,A,217,963,2044,2093,2029,963,2045,2093,2030
212068,A,217,965,2039,2090,2030,965,2045,2091,2030
212168,A,217,965,2042,2091,2032,964,2042,2088,2028
212268,A,217,964,2046,2094,2032,964,2046,2093,2032
212368,A,217,965,2042,2089,2029,965,2045,2092,2031
212468,A,217,963,2045,2086,2031,963,2043,2087,2030
212568,A,217,965,2044,2091,2032,965,2044,2092,2032
212668,A,217,966,2043,2093,2030,966,2044,2093,2030
212768,A,217,951,2031,2075,2013,963,2042,2088,2027
212868,A,217,964,2046,2090,2031,964,2046,2091,2031
212968,A,217,963,2047,2094,2031,963,2047,2091,2031
213068,A,217,946,2027,2077,2021,961,2041,2088,2026
213168,A,217,966,2047,2095,2032,956,2035,2082,2020
213268,A,217,964,2047,2093,2031,964,2045,2090,2030
213368,A,217,965,2047,2091,2031,963,2046,2090,2031
213468,A,217,967,2046,2094,2032,964,2046,2092,2031
213568,A,217,949,2034,2076,2017,962,2043,2090,2030
213668,A,217,965,2044,2093,2030,965,2046,2093,2030
213768,A,217,964,2043,2087,2029,964,2046,2091,2029
213868,A,217,955,2032,2078,2016,962,2046,2091,2029
213968,A,217,963,2047,2091,2032,963,2045,2091,2032
214068,A,217,963,2045,2092,2032,964,2045,2092,2032
214168,A,217,965,2047,2091,2030,965,2046,2092,2031
214268,A,217,963,2047,2094,2029,963,2046,2092,2030
214368,A,217,964,2046,2095,2029,964,2045,2091,2030
214468,A,217,965,2045,2094,2032,965,2045,2093,2030
214568,A,217,962,2046,2094,2032,965,2046,2094,2032
214668,A,217,965,2046,2089,2032,965,2046,2093,2031
214768,A,217,965,2047,2089,2028,964,2044,2089,2029
214868,A,217,965,2046,2092,2031,964,2046,2093,2031
214968,A,217,963,2045,2093,2031,964,2045,2092,2031
215068,A,217,960,2047,2093,2030,963,2047,2091,2031
215168,A,217,965,2044,2094,2032,965,2045,2092,2031
215268,A,217,963,2041,2095,2031,964,2046,2094,2031
215368,A,217,963,2047,2094,2031,965,2047,2094,2031
215468,A,217,966,2047,2091,2031,966,2046,2092,2031
215568,A,217,964,2046,2092,2029,961,2042,2088,2028
215668,A,217,961,2045,2087,2030,962,2045,2090,2031
215768,A,217,964,2045,2091,2031,964,2045,2091,2031
215868,A,217,962,2045,2094,2032,962,2045,2092,2029
215968,A,217,968,2047,2089,2030,964,2046,2090,2030
216068,A,217,963,2043,2090,2026,963,2043,2090,2029
216168,A,217,965,2045,2090,2029,962,2045,2090,2029
216268,A,217,964,2044,2095,2032,964,2045,2094,2031
216368,A,217,960,2043,2089,2027,962,2045,2090,2028
216468,A,217,964,2045,2087,2029,963,2045,2089,2029
216568,A,217,962,2046,2087,2030,963,2046,2092,2030
216668,A,217,965,2046,2093,2031,963,2046,2092,2030
216768,A,217,966,2045,2089,2031,963,2044,2090,2029
216868,A,217,965,2046,2094,2031,965,2046,2094,2031
216968,A,217,965,2045,2087,2031,965,2044,2091,2030
217068,A,217,953,2032,2078,2017,961,2042,2087,2027
217168,A,217,965,2046,2093,2032,965,2046,2090,2031
217268,A,217,964,2047,2090,2031,964,2047,2091,2031
217368,A,217,964,2047,2090,2029,964,2046,2090,2029
217468,A,217,966,2046,2092,2031,965,2046,2092,2031
217568,A,217,955,2032,2081,2021,963,2044,2090,2029
217668,A,217,966,2047,2093,2031,966,2046,2092,2031
217768,A,217,966,2045,2093,2032,964,2045,2092,2032
217868,A,217,950,2033,2079,2018,963,2044,2091,2030
217968,A,217,964,2047,2093,2025,964,2046,2092,2030
218068,A,217,965,2046,2092,2031,965,2046,2092,2031
218168,A,217,953,2031,2079,2018,963,2044,2090,2028
218268,A,217,963,2045,2091,2028,964,2045,2091,2029
218368,A,217,965,2047,2094,2029,965,2046,2093,2029
218468,A,217,967,2047,2091,2029,966,2046,2091,2030
218568,A,217,962,2045,2089,2031,963,2045,2091,2030
218668,A,217,961,2045,2085,2027,964,2044,2090,2029
218768,A,217,962,2042,2092,2030,964,2045,2092,2030
218868,A,217,963,2046,2096,2032,964,2046,2093,2032
218968,A,217,965,2047,2092,2030,964,2046,2092,2030
219068,A,217,963,2047,2094,2031,963,2046,2093,2031
219168,A,217,965,2047,2096,2032,964,2047,2093,2032
219268,A,217,962,2046,2091,2031,962,2046,2091,2029
219368,A,217,964,2045,2093,2030,964,2045,2092,2030
219468,A,217,962,2046,2087,2029,962,2045,2091,2029
219568,A,217,965,2043,2086,2030,965,2046,2091,2030
219668,A,217,963,2043,2093,2030,963,2045,2091,2030
219768,A,217,966,2045,2094,2031,965,2046,2093,2031
219868,A,217,966,2047,2092,2032,965,2047,2092,2031
219968,A,217,961,2042,2092,2032,962,2044,2092,2032
220068,A,217,965,2047,2089,2030,965,2047,2090,2030
220168,A,217,963,2047,2092,2029,962,2044,2091,2029
220268,A,217,965,2045,2092,2032,965,2045,2092,2031
220368,A,217,963,2046,2092,2032,963,2046,2092,2032
220468,A,217,963,2047,2095,2032,963,2044,2092,2030
220568,A,217,963,2047,2091,2030,963,2046,2091,2030
220668,A,217,966,2045,2092,2032,965,2045,2091,2030
220768,A,217,965,2045,2091,2029,963,2044,2091,2029
220868,A,217,965,2045,2087,2029,965,2045,2091,2030
220968,A,217,967,2042,2091,2031,966,2045,2091,2030
221068,A,217,970,2045,2094,2032,962,2044,2089,2029
221168,A,217,965,2043,2090,2030,965,2044,2092,2030
221268,A,217,965,2047,2090,2030,965,2045,2090,2030
221368,A,217,963,2047,2089,2032,963,2046,2090,2030
221468,A,217,965,2046,2093,2032,965,2046,2093,2032
221568,A,217,950,2032,2074,2014,960,2042,2088,2027
221668,A,217,964,2044,2093,2031,964,2044,2092,2031
221768,A,217,964,2042,2092,2030,964,2045,2092,2030
221868,A,217,950,2034,2076,2017,963,2044,2089,2028
221968,A,217,963,2043,2091,2031,964,2043,2091,2028
222068,A,217,965,2045,2095,2030,965,2045,2094,2031
222168,A,217,944,2030,2078,2015,962,2045,2089,2029
222268,A,217,963,2046,2090,2025,963,2046,2090,2029
222368,A,217,965,2046,2093,2029,965,2046,2093,2029
222468,A,217,949,2031,2071,2015,962,2045,2090,2029
222568,A,217,965,2046,2090,2030,964,2045,2090,2030
222668,A,217,963,2043,2091,2032,963,2044,2091,2032
222768,A,217,963,2046,2094,2029,963,2046,2092,2030
222868,A,217,965,2045,2093,2031,965,2043,2091,2031
222968,A,217,966,2046,2091,2032,965,2045,2091,2030
223068,A,217,963,2046,2093,2032,963,2046,2093,2031
223168,A,217,966,2046,2093,2028,963,2046,2092,2031
223268,A,217,965,2046,2089,2029,964,2045,2090,2030
223368,A,217,963,2043,2094,2031,963,2044,2093,2031
223468,A,217,963,2047,2094,2031,966,2047,2093,2031
223568,A,217,965,2045,2095,2032,964,2045,2093,2032
223668,A,217,966,2046,2094,2031,963,2046,2094,2031
223768,A,217,962,2044,2087,2032,963,2044,2091,2031
223868,A,217,965,2043,2091,2029,963,2043,2091,2029
223968,A,217,966,2045,2097,2032,964,2044,2093,2030
224068,A,217,962,2046,2090,2030,962,2046,2090,2030
224168,A,217,963,2045,2089,2031,963,2045,2090,2031
224268,A,217,963,2045,2093,2030,963,2044,2091,2030
224368,A,217,965,2045,2092,2029,964,2045,2092,2029
224468,A,217,965,2044,2086,2032,965,2045,2092,2032
224568,A,217,965,2046,2094,2031,958,2042,2088,2025
224668,A,217,962,2045,2090,2031,963,2045,2091,2031
224768,A,217,963,2043,2090,2029,963,2045,2092,2030
224868,A,217,964,2045,2093,2029,963,2045,2090,2028
224968,A,217,963,2045,2091,2031,963,2044,2091,2031
225068,A,217,963,2046,2091,2031,964,2046,2091,2031
225168,A,217,964,2043,2093,2031,961,2044,2089,2030
225268,A,217,965,2043,2091,2031,964,2043,2091,2031
225368,A,217,963,2046,2086,2029,963,2044,2090,2030
225468,A,217,963,2047,2093,2030,963,2045,2092,2030
225568,A,217,954,2032,2075,2018,961,2041,2087,2028
225668,A,217,966,2043,2095,2030,965,2044,2093,2030
225768,A,217,960,2045,2092,2031,961,2045,2091,2031
225868,A,217,951,2033,2077,2015,962,2043,2088,2026
225968,A,217,963,2046,2089,2029,963,2046,2090,2030
226068,A,217,963,2045,2087,2031,963,2045,2090,2031
226168,A,217,951,2032,2078,2015,962,2042,2088,2027
226268,A,217,962,2045,2091,2030,963,2045,2091,2028
226368,A,217,965,2046,2093,2032,965,2046,2091,2032
226468,A,217,950,2026,2075,2018,961,2042,2089,2030
226568,A,217,964,2046,2091,2029,964,2044,2091,2029
226668,A,217,964,2044,2092,2030,964,2044,2092,2030
226768,A,217,958,2034,2080,2014,964,2044,2087,2029
226868,A,217,963,2043,2089,2027,963,2043,2089,2030
226968,A,217,965,2043,2092,2031,964,2043,2092,2031
227068,A,217,963,2047,2090,2031,965,2046,2090,2031
227168,A,217,965,2047,2091,2030,964,2047,2091,2030
227268,A,217,963,2045,2093,2029,963,2045,2091,2030
227368,A,217,961,2047,2092,2031,963,2046,2092,2031
227468,A,217,951,2032,2074,2014,955,2036,2082,2022
227568,A,217,963,2045,2090,2032,962,2042,2088,2028
227668,A,217,965,2043,2092,2031,964,2043,2092,2031
227768,A,217,965,2042,2095,2030,965,2046,2091,2030
227868,A,217,965,2047,2085,2030,964,2045,2090,2030
227968,A,217,963,2043,2093,2030,963,2043,2090,2030
228068,A,217,966,2045,2093,2032,965,2045,2092,2032
228168,A,217,960,2046,2091,2029,963,2046,2092,2029
228268,A,217,963,2045,2093,2031,964,2045,2091,2031
228368,A,217,966,2045,2095,2032,966,2045,2094,2032
228468,A,217,962,2047,2093,2032,962,2046,2092,2031
228568,A,217,964,2044,2089,2027,964,2044,2090,2027
228668,A,217,966,2045,2093,2030,966,2045,2092,2030
228768,A,217,963,2043,2095,2030,964,2044,2092,2028
228868,A,217,960,2047,2093,2032,962,2044,2089,2029
228968,A,217,963,2046,2094,2029,963,2045,2092,2030
229068,A,217,964,2043,2093,2030,964,2044,2092,2030
229168,A,217,962,2038,2093,2027,962,2042,2090,2027
229268,A,217,964,2042,2090,2030,964,2043,2090,2031
229368,A,217,964,2043,2091,2032,964,2044,2091,2032
229468,A,217,962,2045,2093,2023,962,2045,2091,2030
229568,A,217,963,2047,2094,2030,963,2044,2092,2029
229668,A,217,963,2043,2091,2027,963,2044,2090,2029
229768,A,217,965,2044,2092,2031,965,2045,2091,2030
229868,A,217,963,2045,2094,2030,963,2045,2090,2030
229968,A,217,965,2046,2092,2031,965,2046,2092,2031
230068,A,217,963,2045,2095,2030,963,2045,2091,2030
230168,A,217,954,2034,2079,2021,960,2040,2086,2027
230268,A,217,965,2045,2094,2031,965,2045,2092,2030
230368,A,217,966,2047,2095,2027,966,2046,2092,2030
230468,A,217,955,2032,2075,2021,963,2042,2087,2028
230568,A,217,961,2046,2091,2031,963,2046,2090,2031
230668,A,217,963,2047,2091,2030,963,2047,2091,2030
230768,A,217,951,2033,2078,2016,963,2044,2088,2029
230868,A,217,963,2043,2085,2031,963,2045,2089,2031
230968,A,217,963,2046,2095,2030,963,2046,2094,2030
231068,A,217,964,2038,2087,2026,964,2043,2090,2030
231168,A,217,963,2045,2092,2031,963,2044,2089,2031
231268,A,217,963,2046,2091,2029,964,2046,2091,2030
231368,A,217,963,2045,2090,2027,963,2044,2092,2027
231468,A,217,965,2045,2090,2030,964,2044,2090,2030
231568,A,217,963,2047,2093,2030,964,2047,2092,2030
231668,A,217,963,2045,2091,2030,963,2045,2091,2030
231768,A,217,965,2041,2090,2027,965,2045,2092,2029
231868,A,217,966,2045,2089,2029,966,2046,2092,2030
231968,A,217,965,2047,2087,2032,965,2047,2091,2032
232068,A,217,965,2045,2093,2029,965,2045,2091,2029
232168,A,217,967,2047,2095,2030,966,2047,2093,2031
232268,A,217,965,2045,2090,2031,963,2045,2090,2031
232368,A,217,966,2046,2087,2029,966,2045,2091,2029
232468,A,217,965,2045,2094,2031,964,2045,2093,2031
232568,A,217,964,2047,2090,2032,965,2045,2091,2032
232668,A,217,963,2041,2094,2029,963,2044,2091,2030
232768,A,217,963,2045,2092,2026,963,2045,2091,2029
232868,A,217,964,2044,2092,2031,963,2044,2091,2031
232968,A,217,965,2047,2093,2031,965,2047,2093,2031
233068,A,217,962,2045,2095,2031,964,2045,2095,2031
233168,A,217,965,2046,2093,2030,964,2045,2091,2028
233268,A,217,965,2047,2091,2031,965,2047,2091,2031
233368,A,217,965,2047,2090,2032,965,2044,2090,2032
233468,A,217,963,2042,2091,2031,963,2042,2091,2031
233568,A,217,966,2045,2091,2029,964,2045,2091,2029
233668,A,217,966,2046,2083,2029,964,2046,2089,2031
233768,A,217,963,2046,2092,2031,963,2045,2089,2031
233868,A,217,962,2046,2094,2031,962,2044,2091,2027
233968,A,217,964,2045,2087,2030,964,2045,2090,2030
234068,A,217,963,2042,2086,2029,963,2042,2089,2030
234168,A,217,964,2045,2092,2030,963,2044,2090,2029
234268,A,217,963,2047,2090,2032,965,2047,2092,2032
234368,A,217,963,2045,2091,2027,963,2045,2091,2030
234468,A,217,961,2047,2094,2032,962,2045,2090,2028
234568,A,217,965,2043,2086,2031,964,2045,2092,2031
234668,A,217,963,2041,2091,2030,964,2042,2091,2030
234768,A,217,951,2032,2077,2017,960,2042,2089,2028
234868,A,217,963,2045,2093,2032,964,2045,2092,2031
234968,A,217,961,2044,2090,2030,962,2045,2092,2030
235068,A,217,947,2033,2071,2015,961,2045,2087,2027
235168,A,217,964,2043,2089,2030,964,2045,2089,2030
235268,A,217,963,2044,2093,2031,964,2044,2092,2031
235368,A,217,964,2044,2087,2025,964,2044,2092,2029
235468,A,217,964,2042,2090,2031,964,2043,2091,2031
235568,A,217,966,2047,2090,2030,965,2047,2092,2030
235668,A,217,964,2043,2092,2031,964,2043,2089,2030
235768,A,217,963,2045,2094,2030,963,2045,2092,2030
235868,A,217,963,2047,2087,2029,964,2046,2089,2029
235968,A,217,966,2043,2093,2032,964,2044,2092,2029
236068,A,217,965,2047,2093,2023,965,2044,2093,2029
236168,A,217,964,2041,2091,2032,964,2045,2091,2031
236268,A,217,963,2043,2092,2030,963,2044,2092,2030
236368,A,217,962,2046,2090,2030,962,2044,2091,2030
236468,A,217,967,2042,2092,2030,967,2045,2092,2030
236568,A,217,966,2046,2092,2029,963,2046,2092,2030
236668,A,217,965,2047,2093,2028,965,2047,2093,2029
236768,A,217,965,2047,2090,2029,965,2045,2090,2030
236868,A,217,964,2046,2094,2030,964,2046,2093,2030
236968,A,217,964,2046,2090,2027,963,2046,2092,2028
237068,A,217,963,2047,2093,2029,963,2047,2093,2029
237168,A,217,964,2045,2090,2032,963,2043,2090,2029
237268,A,217,965,2043,2090,2031,964,2044,2090,2031
237368,A,217,965,2047,2093,2029,965,2045,2089,2029
237468,A,217,965,2046,2090,2031,965,2045,2090,2031
237568,A,217,961,2045,2091,2031,964,2045,2091,2031
237668,A,217,964,2045,2091,2027,964,2045,2092,2029
237768,A,217,965,2046,2087,2030,965,2045,2090,2030
237868,A,217,965,2046,2089,2032,962,2044,2087,2029
237968,A,217,965,2045,2092,2029,964,2046,2090,2030
238068,A,217,965,2044,2091,2029,965,2045,2091,2029
238168,A,217,964,2047,2094,2031,961,2043,2089,2029
238268,A,217,962,2039,2087,2029,964,2044,2089,2029
238368,A,217,966,2046,2093,2029,964,2046,2091,2029
238468,A,217,954,2032,2079,2020,958,2043,2086,2028
238568,A,217,963,2045,2091,2030,958,2041,2084,2026
238668,A,217,963,2042,2089,2028,963,2042,2089,2030
238768,A,217,953,2032,2077,2018,962,2043,2089,2029
238868,A,217,965,2045,2091,2031,965,2045,2092,2031
238968,A,217,963,2043,2092,2032,963,2044,2091,2030
239068,A,217,950,2030,2073,2016,962,2044,2089,2027
239168,A,217,962,2045,2091,2030,964,2045,2091,2031
239268,A,217,966,2047,2093,2032,963,2044,2090,2030
239368,A,217,953,2034,2079,2015,964,2045,2090,2028
239468,A,217,965,2045,2089,2030,965,2045,2090,2030
239568,A,217,962,2035,2086,2014,962,2044,2090,2029
239668,A,217,965,2047,2093,2031,964,2044,2090,2030
239768,A,217,966,2043,2093,2028,964,2044,2093,2030
239868,A,217,963,2046,2093,2025,963,2044,2090,2030
239968,A,217,963,2043,2087,2030,963,2043,2089,2029
240068,A,217,963,2045,2091,2029,963,2045,2091,2029
240168,A,217,963,2047,2093,2030,964,2047,2093,2030
240268,A,217,963,2047,2093,2027,958,2039,2084,2022
240368,A,217,965,2045,2091,2030,964,2045,2091,2030
240468,A,217,965,2046,2090,2030,964,2046,2090,2030
240568,A,217,962,2043,2091,2026,962,2043,2090,2028
240668,A,217,965,2047,2092,2032,965,2046,2090,2030
240768,A,217,962,2043,2092,2031,964,2044,2092,2031
240868,A,217,963,2043,2089,2031,963,2043,2090,2031
240968,A,217,963,2045,2091,2030,963,2046,2091,2029
241068,A,217,963,2045,2091,2030,963,2044,2091,2030
241168,A,217,965,2046,2091,2030,964,2043,2091,2030
241268,A,217,963,2045,2090,2027,964,2045,2090,2029
241368,A,217,965,2045,2091,2031,965,2045,2091,2031
241468,A,217,963,2047,2089,2029,964,2047,2092,2030
241568,A,217,965,2045,2095,2031,964,2045,2091,2028
241668,A,217,963,2043,2090,2032,963,2044,2091,2032
241768,A,217,963,2045,2093,2030,963,2045,2093,2030
241868,A,217,967,2047,2093,2030,962,2044,2089,2029
241968,A,217,962,2044,2089,2030,964,2044,2089,2030
242068,A,217,963,2043,2090,2030,964,2045,2092,2030
242168,A,217,963,2043,2087,2029,963,2043,2090,2028
242268,A,217,963,2042,2089,2027,964,2043,2090,2028
242368,A,217,964,2047,2091,2031,963,2046,2091,2031
242468,A,217,961,2046,2091,2030,962,2044,2091,2029
242568,A,217,963,2044,2091,2027,963,2044,2091,2028
242668,A,217,965,2046,2091,2030,965,2046,2091,2030
242768,A,217,953,2032,2079,2017,962,2042,2087,2028
242868,A,217,966,2043,2091,2031,966,2044,2090,2029
242968,A,217,965,2045,2095,2032,964,2045,2092,2032
243068,A,217,953,2032,2079,2018,962,2044,2091,2030
243168,A,217,965,2045,2091,2029,964,2045,2091,2029
243268,A,217,967,2045,2094,2030,964,2045,2093,2030
243368,A,217,963,2054,2095,2031,963,2045,2092,2029
243468,A,217,963,2045,2094,2030,963,2045,2092,2031
243568,A,217,953,2032,2079,2013,962,2044,2090,2028
243668,A,217,965,2043,2093,2032,965,2044,2093,2031
243768,A,217,963,2045,2093,2032,964,2046,2093,2032
243868,A,217,962,2046,2090,2031,963,2046,2093,2031
243968,A,217,966,2045,2092,2031,965,2045,2092,2031
244068,A,217,963,2046,2091,2029,963,2046,2091,2030
244168,A,217,962,2043,2089,2032,963,2045,2091,2030
244268,A,217,964,2045,2090,2031,964,2045,2090,2030
244368,A,217,965,2047,2093,2032,965,2047,2093,2032
244468,A,217,964,2046,2093,2028,964,2046,2092,2028
244568,A,217,965,2045,2087,2031,964,2044,2090,2028
244668,A,217,966,2046,2093,2029,966,2046,2093,2029
244768,A,217,962,2047,2090,2029,963,2046,2092,2030
244868,A,217,967,2039,2094,2029,965,2045,2092,2029
244968,A,217,964,2044,2092,2032,964,2044,2092,2031
245068,A,217,966,2046,2091,2031,964,2046,2091,2031
245168,A,217,954,2034,2080,2018,957,2038,2083,2023
245268,A,217,966,2046,2093,2028,959,2040,2087,2025
245368,A,217,969,2046,2093,2031,964,2046,2092,2031
245468,A,217,965,2047,2094,2029,965,2045,2092,2031
245568,A,217,965,2043,2091,2029,964,2043,2089,2029
245668,A,217,963,2045,2090,2029,964,2045,2091,2030
245768,A,217,962,2042,2091,2030,962,2044,2091,2030
245868,A,217,965,2037,2089,2027,962,2044,2089,2027
245968,A,217,963,2046,2092,2032,963,2046,2092,2032
246068,A,217,965,2046,2093,2031,964,2045,2092,2031
246168,A,217,963,2046,2091,2032,963,2045,2091,2032
246268,A,217,963,2043,2091,2028,963,2044,2091,2029
246368,A,217,963,2047,2087,2032,963,2045,2091,2031
246468,A,217,965,2053,2091,2029,964,2044,2088,2028
246568,A,217,960,2043,2093,2027,962,2044,2092,2029
246668,A,217,967,2046,2089,2029,964,2046,2090,2030
246768,A,217,966,2047,2087,2032,962,2044,2087,2028
246868,A,217,965,2042,2090,2030,965,2042,2090,2030
246968,A,217,965,2046,2089,2031,964,2046,2092,2031
247068,A,217,951,2032,2077,2018,961,2044,2089,2027
247168,A,217,964,2047,2086,2027,963,2045,2089,2029
247268,A,217,962,2045,2093,2030,963,2045,2092,2030
247368,A,217,965,2047,2093,2032,963,2044,2093,2030
247468,A,217,960,2042,2091,2031,962,2044,2091,2030
247568,A,217,950,2032,2079,2017,961,2043,2089,2028
247668,A,217,966,2045,2089,2030,965,2045,2093,2030
247768,A,217,964,2038,2089,2031,964,2043,2091,2031
247868,A,217,952,2032,2081,2017,963,2044,2090,2028
247968,A,217,962,2047,2091,2030,965,2046,2091,2030
248068,A,217,963,2045,2093,2032,963,2044,2091,2031
248168,A,217,962,2041,2089,2030,963,2042,2089,2029
248268,A,217,963,2043,2091,2030,963,2043,2091,2030
248368,A,217,960,2045,2093,2031,963,2045,2093,2031
248468,A,217,962,2041,2091,2030,963,2043,2091,2030
248568,A,217,965,2043,2094,2029,965,2044,2093,2029
248668,A,217,963,2043,2087,2029,963,2046,2090,2030
248768,A,217,965,2045,2090,2032,965,2045,2090,2032
248868,A,217,966,2044,2093,2031,964,2044,2090,2031
248968,A,217,965,2043,2091,2030,965,2045,2092,2030
249068,A,217,966,2047,2094,2032,962,2046,2092,2030
249168,A,217,964,2046,2094,2030,964,2045,2090,2028
249268,A,217,966,2045,2089,2031,965,2045,2089,2030
249368,A,217,966,2043,2090,2031,966,2044,2092,2031
249468,A,217,962,2042,2095,2023,962,2044,2091,2031
249568,A,217,962,2045,2092,2030,962,2045,2089,2030
249668,A,217,963,2046,2087,2031,963,2045,2092,2031
249768,A,217,965,2047,2093,2028,965,2045,2091,2029
249868,A,217,964,2045,2093,2030,964,2045,2091,2029
249968,A,217,965,2047,2091,2030,964,2047,2091,2030
250068,A,217,963,2046,2095,2027,963,2046,2092,2029
250168,A,217,966,2045,2089,2029,963,2044,2089,2029
250268,A,217,966,2046,2091,2031,966,2046,2092,2031
250368,A,217,963,2047,2091,2027,963,2046,2091,2028
250468,A,217,963,2047,2093,2030,963,2042,2089,2029
250568,A,217,963,2047,2091,2032,964,2046,2091,2030
250668,A,217,963,2047,2091,2031,963,2047,2091,2030
250768,A,217,962,2043,2093,2027,963,2043,2090,2028
250868,A,217,963,2047,2095,2032,964,2047,2094,2031
250968,A,217,965,2047,2092,2029,965,2047,2092,2030
251068,A,217,965,2046,2095,2032,962,2043,2088,2028
251168,A,217,962,2045,2093,2030,963,2046,2093,2030
251268,A,217,965,2045,2090,2028,965,2045,2090,2029
251368,A,217,962,2042,2093,2031,962,2044,2092,2030
251468,A,217,963,2045,2091,2031,963,2045,2091,2031
251568,A,217,953,2033,2080,2018,962,2043,2090,2027
251668,A,217,965,2042,2092,2031,965,2043,2092,2031
251768,A,217,965,2045,2086,2032,964,2045,2090,2031
251868,A,217,949,2033,2080,2016,963,2043,2090,2028
251968,A,217,963,2045,2089,2031,965,2046,2092,2031
252068,A,217,965,2043,2089,2030,965,2046,2091,2030
252168,A,217,954,2031,2078,2017,965,2044,2091,2029
252268,A,217,966,2047,2092,2029,964,2046,2092,2029
252368,A,217,963,2046,2090,2030,963,2046,2090,2030
252468,A,217,965,2046,2091,2029,965,2046,2091,2029
252568,A,217,965,2047,2093,2031,965,2046,2091,2031
252668,A,217,965,2046,2093,2029,963,2046,2093,2029
252768,A,217,965,2045,2092,2031,963,2045,2091,2029
252868,A,217,965,2045,2087,2032,964,2045,2091,2031
252968,A,217,963,2045,2091,2031,964,2045,2092,2031
253068,A,217,964,2042,2090,2029,964,2043,2090,2030
253168,A,217,962,2045,2094,2030,965,2045,2091,2030
253268,A,217,967,2045,2093,2032,966,2045,2093,2032
253368,A,217,962,2044,2089,2030,962,2044,2091,2030
253468,A,217,965,2046,2094,2030,964,2046,2094,2030
253568,A,217,965,2045,2092,2030,965,2045,2091,2030
253668,A,217,966,2047,2092,2029,965,2047,2092,2030
253768,A,217,966,2047,2093,2032,965,2045,2092,2031
253868,A,217,963,2046,2091,2031,963,2046,2091,2031
253968,A,217,960,2039,2091,2028,964,2043,2091,2028
254068,A,217,962,2043,2087,2032,964,2043,2090,2029
254168,A,217,964,2045,2094,2032,964,2045,2092,2032
254268,A,217,967,2043,2092,2030,966,2045,2092,2030
254368,A,217,964,2043,2087,2027,964,2045,2092,2030
254468,A,217,965,2044,2090,2031,965,2044,2090,2030
254568,A,217,963,2045,2092,2030,963,2045,2092,2030
254668,A,217,965,2045,2092,2032,965,2044,2090,2031
254768,A,217,965,2045,2094,2032,964,2043,2088,2028
254868,A,217,965,2046,2087,2029,964,2046,2089,2030
254968,A,217,965,2047,2092,2030,965,2047,2089,2030
255068,A,217,964,2047,2093,2032,964,2047,2091,2031
255168,A,217,963,2044,2093,2031,964,2044,2092,2031
255268,A,217,961,2046,2091,2029,964,2045,2091,2029
255368,A,217,962,2041,2091,2029,963,2042,2091,2029
255468,A,217,965,2045,2090,2030,965,2045,2091,2030
255568,A,217,950,2032,2077,2021,960,2042,2088,2028
255668,A,217,963,2047,2092,2032,963,2046,2091,2031
255768,A,217,963,2045,2094,2031,963,2045,2091,2030
255868,A,217,951,2033,2078,2015,963,2043,2091,2028
255968,A,217,964,2046,2091,2029,964,2045,2091,2029
256068,A,217,967,2047,2091,2030,965,2046,2091,2030
256168,A,217,952,2033,2080,2017,964,2043,2089,2029
256268,A,217,962,2046,2091,2027,962,2045,2091,2030
256368,A,217,966,2047,2093,2031,966,2045,2091,2028
256468,A,217,953,2032,2079,2017,963,2045,2092,2029
256568,A,217,963,2045,2087,2028,964,2045,2091,2029
256668,A,217,965,2039,2090,2029,964,2045,2091,2029
256768,A,217,965,2046,2092,2030,965,2046,2092,2030
256868,A,217,964,2047,2093,2032,964,2044,2093,2032
256968,A,217,964,2043,2092,2029,964,2044,2092,2029
257068,A,217,965,2046,2092,2029,964,2045,2092,2029
257168,A,217,967,2046,2090,2032,963,2045,2090,2032
257268,A,217,963,2041,2085,2030,963,2043,2090,2030
257368,A,217,965,2046,2091,2031,964,2046,2091,2031
257468,A,217,963,2047,2091,2031,963,2047,2092,2031
257568,A,217,962,2046,2092,2031,963,2046,2092,2031
257668,A,217,966,2045,2090,2028,965,2044,2090,2028
257768,A,217,965,2046,2096,2032,965,2046,2093,2032
257868,A,217,965,2043,2093,2032,965,2046,2094,2032
257968,A,217,963,2046,2087,2028,964,2046,2092,2030
258068,A,217,964,2046,2089,2032,963,2046,2092,2032
258168,A,217,963,2047,2094,2032,963,2047,2094,2032
258268,A,217,965,2047,2093,2031,965,2047,2092,2030
258368,A,217,965,2047,2094,2032,965,2047,2094,2032
258468,A,217,967,2045,2093,2032,965,2046,2093,2032
258568,A,217,963,2047,2093,2031,964,2046,2092,2031
258668,A,217,965,2043,2094,2032,965,2045,2092,2032
258768,A,217,963,2053,2090,2031,964,2046,2091,2031
258868,A,217,967,2042,2090,2033,965,2043,2090,2030
258968,A,217,963,2045,2090,2030,964,2045,2092,2029
259068,A,217,966,2047,2093,2030,966,2047,2093,2030
259168,A,217,966,2047,2094,2030,964,2044,2091,2030
259268,A,217,963,2046,2091,2032,963,2046,2094,2032
259368,A,217,965,2046,2091,2032,965,2046,2091,2031
259468,A,217,966,2047,2094,2032,966,2046,2093,2032
259568,A,217,966,2047,2096,2032,963,2045,2090,2028
259668,A,217,966,2047,2094,2032,966,2045,2092,2032
259768,A,217,961,2044,2089,2031,964,2045,2092,2031
259868,A,217,963,2045,2091,2032,962,2045,2091,2029
259968,A,217,966,2047,2087,2031,966,2045,2089,2030
260068,A,217,965,2046,2093,2031,965,2046,2093,2031
260168,A,217,952,2031,2079,2015,962,2045,2090,2028
260268,A,217,963,2042,2091,2031,964,2045,2091,2031
260368,A,217,965,2045,2093,2032,965,2045,2093,2032
260468,A,217,947,2033,2078,2015,962,2043,2090,2029
260568,A,217,965,2047,2095,2031,965,2047,2094,2031
260668,A,217,964,2047,2094,2030,964,2047,2094,2030
260768,A,217,949,2034,2078,2019,963,2046,2090,2031
260868,A,217,958,2043,2091,2030,963,2044,2092,2031
260968,A,217,967,2044,2089,2029,966,2045,2090,2029
261068,A,217,964,2046,2092,2031,964,2046,2092,2031
261168,A,217,964,2044,2090,2031,965,2044,2091,2031
261268,A,217,962,2045,2091,2031,963,2045,2091,2031
261368,A,217,963,2046,2095,2032,963,2046,2094,2032
261468,A,217,966,2043,2090,2032,966,2046,2091,2031
261568,A,217,961,2046,2082,2031,963,2046,2090,2031
261668,A,217,963,2043,2093,2029,963,2045,2092,2031
261768,A,217,963,2045,2091,2031,965,2047,2091,2031
261868,A,217,965,2047,2091,2030,964,2044,2091,2030
261968,A,217,966,2047,2091,2030,964,2045,2091,2030
262068,A,217,965,2045,2092,2029,965,2045,2092,2030
262168,A,217,963,2047,2090,2030,963,2046,2090,2030
262268,A,217,965,2043,2086,2031,965,2043,2089,2031
262368,A,217,965,2046,2090,2030,964,2046,2090,2030
262468,A,217,962,2041,2086,2030,963,2043,2092,2029
262568,A,217,963,2046,2090,2027,963,2046,2090,2027
262668,A,217,965,2046,2094,2029,965,2046,2094,2029
262768,A,217,965,2045,2092,2029,965,2045,2090,2029
262868,A,217,962,2046,2095,2029,962,2045,2091,2029
262968,A,217,966,2046,2092,2030,966,2045,2092,2030
263068,A,217,965,2045,2090,2031,965,2045,2090,2031
263168,A,217,964,2045,2093,2023,962,2044,2093,2029
263268,A,217,965,2045,2093,2028,965,2044,2092,2029
263368,A,217,965,2046,2093,2032,965,2046,2092,2032
263468,A,217,966,2045,2094,2029,964,2045,2091,2029
263568,A,217,966,2045,2089,2030,962,2044,2089,2030
263668,A,217,964,2047,2091,2031,964,2045,2091,2031
263768,A,217,965,2043,2086,2031,964,2043,2089,2031
263868,A,217,963,2047,2095,2029,962,2043,2089,2029
263968,A,217,965,2047,2093,2028,964,2045,2092,2030
264068,A,217,965,2045,2093,2030,965,2045,2091,2030
264168,A,217,963,2047,2093,2032,963,2045,2091,2028
264268,A,217,965,2046,2091,2031,965,2045,2091,2031
264368,A,217,967,2045,2089,2032,965,2045,2092,2031
264468,A,217,951,2033,2081,2014,962,2042,2088,2026
264568,A,217,964,2045,2090,2030,964,2045,2090,2029
264668,A,217,964,2043,2094,2032,964,2044,2093,2031
264768,A,217,951,2032,2077,2017,962,2042,2089,2029
264868,A,217,963,2045,2093,2027,963,2046,2091,2027
264968,A,217,964,2047,2093,2029,964,2047,2092,2030
265068,A,217,950,2031,2076,2012,962,2045,2092,2029
265168,A,217,961,2041,2089,2030,962,2044,2090,2031
265268,A,217,964,2045,2092,2029,965,2045,2092,2029
265368,A,217,965,2047,2089,2031,965,2047,2092,2031
265468,A,217,963,2045,2094,2031,963,2045,2092,2030
265568,A,217,963,2047,2091,2031,964,2045,2091,2030
265668,A,217,964,2045,2092,2030,964,2044,2090,2030
265768,A,217,965,2046,2087,2030,965,2044,2090,2030
265868,A,217,964,2045,2091,2031,964,2044,2089,2030
265968,A,217,963,2045,2091,2031,963,2045,2091,2031
266068,A,217,963,2043,2090,2030,963,2044,2091,2030
266168,A,217,965,2039,2086,2032,964,2043,2090,2030
266268,A,217,965,2046,2091,2029,965,2046,2090,2029
266368,A,217,964,2046,2090,2032,964,2045,2090,2032
266468,A,217,966,2046,2091,2031,966,2046,2091,2030
266568,A,217,965,2045,2092,2031,965,2046,2091,2030
266668,A,217,963,2045,2090,2031,963,2045,2090,2031
266768,A,217,963,2045,2090,2025,963,2045,2090,2028
266868,A,217,965,2045,2092,2031,964,2045,2091,2028
266968,A,217,965,2046,2091,2030,964,2046,2091,2030
267068,A,217,963,2043,2091,2029,963,2043,2091,2029
267168,A,217,965,2043,2086,2031,964,2043,2089,2028
267268,A,217,966,2047,2094,2031,964,2046,2093,2031
267368,A,217,966,2045,2089,2029,966,2045,2091,2030
267468,A,217,963,2045,2092,2030,963,2044,2091,2030
267568,A,217,965,2047,2090,2031,963,2045,2090,2028
267668,A,217,964,2046,2094,2031,964,2046,2091,2031
267768,A,217,965,2045,2093,2030,964,2044,2090,2030
267868,A,217,963,2047,2094,2032,962,2044,2091,2030
267968,A,217,966,2045,2094,2032,966,2045,2092,2031
268068,A,217,960,2043,2087,2032,963,2045,2088,2031
268168,A,217,951,2033,2079,2017,960,2039,2086,2026
268268,A,217,965,2047,2091,2032,954,2036,2082,2022
268368,A,217,963,2045,2087,2029,963,2045,2088,2029
268468,A,217,953,2035,2075,2017,960,2042,2089,2027
268568,A,217,964,2047,2090,2031,964,2046,2090,2031
268668,A,217,963,2043,2091,2032,963,2044,2091,2031
268768,A,217,950,2032,2081,2017,961,2043,2089,2029
268868,A,217,965,2043,2090,2032,965,2045,2090,2031
268968,A,217,962,2047,2091,2029,964,2047,2091,2030
269068,A,217,955,2033,2081,2017,963,2044,2089,2028
269168,A,217,963,2045,2095,2029,963,2045,2090,2029
269268,A,217,965,2046,2094,2029,964,2046,2094,2030
269368,A,217,950,2032,2077,2013,964,2044,2089,2028
269468,A,217,967,2045,2093,2027,964,2044,2092,2028
269568,A,217,965,2046,2093,2029,965,2046,2091,2030
269668,A,217,964,2043,2094,2029,964,2043,2092,2029
269768,A,217,963,2043,2086,2029,963,2044,2092,2029
269868,A,217,964,2045,2091,2032,963,2045,2091,2032
269968,A,217,963,2043,2091,2032,963,2046,2091,2032
270068,A,217,966,2046,2091,2031,966,2045,2091,2028
270168,A,217,961,2045,2093,2027,965,2045,2092,2030
270268,A,217,965,2045,2090,2031,965,2045,2090,2031
270368,A,217,962,2045,2086,2026,964,2045,2090,2031
270468,A,217,965,2045,2089,2028,965,2045,2090,2029
270568,A,217,966,2046,2094,2031,965,2046,2090,2030
270668,A,217,966,2045,2089,2032,966,2045,2090,2032
270768,A,217,966,2045,2086,2028,964,2045,2088,2029
270868,A,217,963,2047,2095,2031,963,2047,2093,2031
270968,A,217,965,2045,2092,2030,965,2046,2092,2030
271068,A,217,962,2042,2086,2029,963,2044,2090,2031
271168,A,217,965,2046,2091,2031,963,2044,2091,2030
271268,A,217,962,2044,2093,2030,963,2044,2093,2030
271368,A,217,964,2047,2092,2030,964,2045,2091,2030
271468,A,217,965,2047,2090,2031,965,2046,2090,2031
271568,A,217,963,2046,2089,2031,961,2044,2089,2028
271668,A,217,961,2046,2091,2027,962,2046,2091,2029
271768,A,217,965,2046,2090,2032,964,2046,2090,2031
271868,A,217,967,2047,2092,2030,962,2045,2089,2029
271968,A,217,963,2041,2094,2032,963,2044,2089,2031
272068,A,217,961,2045,2092,2031,962,2045,2092,2031
272168,A,217,965,2043,2089,2030,963,2044,2089,2029
272268,A,217,963,2047,2091,2029,963,2046,2091,2030
272368,A,217,967,2046,2094,2031,966,2046,2092,2031
272468,A,217,964,2054,2094,2032,962,2045,2091,2030
272568,A,217,963,2046,2089,2032,964,2046,2091,2032
272668,A,217,965,2046,2093,2029,964,2044,2092,2029
272768,A,217,966,2047,2093,2032,962,2042,2090,2028
272868,A,217,964,2047,2094,2031,965,2046,2093,2031
272968,A,217,962,2045,2093,2032,964,2045,2093,2031
273068,A,217,955,2034,2079,2018,961,2040,2089,2028
273168,A,217,967,2045,2095,2032,966,2045,2095,2032
273268,A,217,963,2042,2090,2027,963,2045,2093,2030
273368,A,217,953,2031,2079,2015,964,2043,2090,2028
273468,A,217,966,2047,2094,2030,964,2047,2093,2030
273568,A,217,954,2032,2077,2014,962,2045,2091,2029
273668,A,217,964,2045,2090,2030,964,2045,2090,2030
273768,A,217,965,2046,2092,2032,965,2046,2092,2032
273868,A,217,966,2047,2095,2030,966,2046,2095,2030
273968,A,217,966,2041,2087,2026,965,2044,2092,2031
274068,A,217,969,2043,2094,2030,964,2045,2093,2030
274168,A,217,960,2046,2095,2031,964,2046,2095,2031
274268,A,217,963,2043,2095,2028,963,2045,2093,2031
274368,A,217,962,2045,2087,2031,964,2044,2091,2031
274468,A,217,960,2046,2090,2031,963,2045,2092,2031
274568,A,217,962,2044,2091,2030,963,2045,2091,2031
274668,A,217,963,2044,2083,2031,963,2045,2091,2030
274768,A,217,965,2043,2093,2031,965,2045,2092,2031
274868,A,217,963,2047,2089,2031,965,2046,2091,2031
274968,A,217,963,2047,2091,2031,964,2045,2091,2031
275068,A,217,966,2045,2091,2032,966,2045,2091,2032
275168,A,217,964,2046,2089,2032,964,2046,2089,2032
275268,A,217,964,2045,2087,2030,964,2045,2091,2030
275368,A,217,962,2043,2091,2031,963,2043,2091,2031
275468,A,217,963,2046,2094,2032,964,2046,2094,2031
275568,A,217,963,2046,2087,2031,963,2045,2089,2028
275668,A,217,965,2047,2091,2028,963,2045,2091,2028
275768,A,217,963,2047,2093,2029,963,2046,2093,2030
275868,A,217,953,2032,2078,2017,958,2040,2086,2025
275968,A,217,965,2046,2087,2031,962,2044,2088,2029
276068,A,217,965,2045,2091,2029,965,2046,2091,2029
276168,A,217,961,2047,2095,2030,964,2046,2093,2030
276268,A,217,964,2045,2094,2032,964,2045,2093,2032
276368,A,217,964,2045,2091,2030,964,2045,2092,2029
276468,A,217,966,2047,2093,2031,964,2044,2093,2031
276568,A,217,965,2047,2090,2027,964,2047,2090,2030
276668,A,217,965,2047,2091,2031,963,2043,2091,2029
276768,A,217,967,2047,2093,2032,963,2045,2090,2031
276868,A,217,963,2042,2091,2032,963,2044,2091,2032
276968,A,217,961,2046,2092,2030,964,2045,2092,2030
277068,A,217,954,2032,2078,2019,963,2042,2089,2028
277168,A,217,963,2046,2095,2028,963,2046,2092,2029
277268,A,217,966,2047,2090,2032,965,2047,2091,2031
277368,A,217,967,2044,2093,2031,964,2044,2092,2031
277468,A,217,963,2046,2090,2032,963,2045,2091,2032
277568,A,217,947,2032,2081,2018,963,2044,2090,2029
277668,A,217,967,2045,2090,2031,966,2045,2090,2029
277768,A,217,962,2045,2093,2027,963,2045,2092,2029
277868,A,217,951,2031,2080,2016,964,2044,2092,2028
277968,A,217,962,2041,2087,2029,962,2042,2089,2029
278068,A,217,963,2047,2092,2030,963,2045,2092,2030
278168,A,217,962,2047,2095,2030,963,2047,2095,2030
278268,A,217,962,2041,2089,2032,962,2044,2091,2032
278368,A,217,964,2047,2094,2031,964,2047,2093,2031
278468,A,217,965,2045,2093,2029,963,2045,2093,2029
278568,A,217,965,2046,2094,2031,964,2043,2092,2031
278668,A,217,963,2047,2093,2029,963,2045,2091,2030
278768,A,217,963,2046,2093,2031,963,2046,2093,2031
278868,A,217,965,2047,2094,2032,965,2046,2093,2031
278968,A,217,965,2047,2091,2031,965,2047,2091,2029
279068,A,217,965,2046,2091,2031,965,2046,2091,2031
279168,A,217,966,2044,2092,2030,965,2044,2092,2030
279268,A,217,963,2047,2087,2026,963,2046,2092,2029
279368,A,217,966,2046,2094,2030,966,2046,2092,2031
279468,A,217,965,2044,2093,2031,965,2045,2093,2031
279568,A,217,965,2046,2092,2031,965,2046,2092,2031
279668,A,217,965,2045,2094,2030,965,2046,2093,2030
279768,A,217,965,2045,2091,2029,965,2045,2092,2031
279868,A,217,966,2045,2090,2027,964,2043,2090,2029
279968,A,217,963,2045,2091,2032,964,2045,2091,2032
280068,A,217,964,2046,2091,2030,964,2046,2091,2030
280168,A,217,964,2043,2093,2027,964,2044,2092,2028
280268,A,217,965,2046,2091,2029,964,2046,2089,2029
280368,A,217,963,2047,2094,2032,964,2047,2092,2032
280468,A,217,962,2042,2095,2032,961,2042,2090,2027
280568,A,217,964,2041,2093,2029,964,2044,2093,2029
280668,A,217,965,2044,2093,2032,965,2044,2093,2032
280768,A,217,965,2045,2093,2032,962,2043,2091,2028
280868,A,217,962,2047,2086,2027,962,2046,2088,2029
280968,A,217,966,2046,2093,2030,965,2046,2093,2030
281068,A,217,963,2046,2095,2029,963,2046,2092,2029
281168,A,217,962,2039,2092,2032,963,2044,2092,2032
281268,A,217,966,2047,2093,2031,965,2046,2093,2031
281368,A,217,962,2045,2091,2030,963,2045,2091,2030
281468,A,217,963,2044,2091,2030,964,2044,2091,2030
281568,A,217,944,2033,2077,2017,959,2043,2088,2027
281668,A,217,963,2047,2095,2031,963,2046,2092,2031
281768,A,217,965,2047,2091,2032,964,2047,2091,2031
281868,A,217,954,2032,2081,2019,962,2044,2090,2029
281968,A,217,966,2046,2093,2032,965,2046,2093,2030
282068,A,217,966,2046,2095,2032,964,2046,2094,2030
282168,A,217,951,2034,2078,2011,963,2044,2092,2027
282268,A,217,970,2045,2090,2031,964,2045,2090,2030
282368,A,217,965,2045,2091,2031,964,2045,2091,2030
282468,A,217,964,2045,2091,2029,964,2045,2091,2029
282568,A,217,962,2046,2090,2031,962,2046,2090,2031
282668,A,217,965,2045,2092,2031,965,2045,2092,2031
282768,A,217,963,2047,2089,2026,963,2046,2090,2031
282868,A,217,963,2042,2087,2028,963,2042,2089,2029
282968,A,217,965,2046,2094,2031,965,2046,2092,2031
283068,A,217,967,2042,2093,2031,965,2046,2092,2031
283168,A,217,965,2044,2094,2030,963,2044,2089,2030
283268,A,217,965,2047,2091,2031,964,2043,2091,2031
283368,A,217,966,2046,2091,2031,966,2044,2092,2031
283468,A,217,963,2045,2089,2029,963,2045,2090,2029
283568,A,217,964,2045,2094,2032,964,2044,2091,2031
283668,A,217,963,2046,2092,2032,963,2046,2092,2032
283768,A,217,965,2043,2093,2032,965,2043,2092,2032
283868,A,217,963,2044,2086,2028,963,2044,2086,2028
283968,A,217,960,2045,2094,2031,963,2045,2092,2031
284068,A,217,960,2047,2089,2031,964,2047,2092,2031
284168,A,217,966,2039,2094,2028,965,2042,2092,2029
284268,A,217,963,2045,2090,2029,963,2045,2090,2030
284368,A,217,966,2046,2092,2030,965,2046,2092,2030
284468,A,217,963,2046,2094,2031,963,2045,2091,2029
284568,A,217,963,2045,2091,2031,964,2045,2091,2031
284668,A,217,963,2045,2092,2029,963,2045,2092,2029
284768,A,217,962,2045,2091,2029,963,2044,2091,2029
284868,A,217,966,2043,2094,2031,964,2044,2091,2030
284968,A,217,965,2045,2093,2031,964,2046,2092,2031
285068,A,217,962,2044,2090,2030,963,2044,2090,2030
285168,A,217,964,2043,2088,2029,964,2043,2088,2030
285268,A,217,963,2046,2091,2030,963,2045,2091,2030
285368,A,217,963,2045,2093,2029,963,2045,2092,2031
285468,A,217,963,2047,2091,2030,964,2046,2091,2030
285568,A,217,955,2032,2078,2018,960,2042,2088,2027
285668,A,217,962,2047,2091,2030,963,2046,2091,2030
285768,A,217,965,2045,2088,2032,963,2042,2090,2029
285868,A,217,950,2033,2078,2018,961,2044,2089,2028
285968,A,217,965,2045,2092,2030,965,2045,2092,2030
286068,A,217,961,2043,2087,2029,962,2043,2090,2029
286168,A,217,947,2032,2078,2018,961,2043,2088,2026
286268,A,217,962,2042,2086,2027,963,2044,2090,2029
286368,A,217,965,2042,2089,2029,965,2043,2090,2029
286468,A,217,956,2032,2079,2015,965,2043,2090,2027
286568,A,217,967,2045,2091,2030,965,2045,2090,2030
286668,A,217,965,2046,2093,2029,965,2046,2093,2029
286768,A,217,963,2045,2095,2032,963,2045,2093,2031
286868,A,217,966,2046,2093,2030,965,2045,2093,2030
286968,A,217,964,2045,2087,2030,964,2045,2090,2030
287068,A,217,965,2046,2087,2025,964,2045,2092,2028
287168,A,217,965,2045,2091,2032,964,2045,2090,2030
287268,A,217,965,2046,2093,2031,965,2046,2091,2031
287368,A,217,966,2043,2090,2029,964,2043,2090,2029
287468,A,217,966,2043,2086,2028,964,2043,2086,2028
287568,A,217,964,2047,2090,2031,965,2045,2090,2031
287668,A,217,963,2042,2094,2032,963,2044,2092,2032
287768,A,217,964,2039,2083,2027,964,2044,2090,2027
287868,A,217,962,2046,2094,2030,963,2046,2093,2030
287968,A,217,964,2043,2091,2029,964,2043,2092,2029
288068,A,217,965,2045,2094,2030,965,2044,2091,2030
288168,A,217,964,2042,2094,2030,963,2043,2091,2028
288268,A,217,965,2047,2089,2031,964,2046,2090,2031
288368,A,217,965,2045,2091,2032,964,2045,2091,2031
288468,A,217,963,2047,2091,2031,963,2045,2091,2029
288568,A,217,963,2046,2092,2031,963,2046,2092,2031
288668,A,217,966,2045,2089,2028,965,2045,2089,2030
288768,A,217,965,2045,2091,2030,965,2044,2089,2030
288868,A,217,965,2045,2094,2029,964,2045,2092,2029
288968,A,217,965,2047,2093,2032,965,2047,2092,2031
289068,A,217,965,2044,2089,2032,963,2043,2089,2029
289168,A,217,963,2046,2093,2031,963,2046,2090,2031
289268,A,217,967,2045,2093,2031,967,2045,2092,2030
289368,A,217,965,2047,2092,2029,965,2046,2090,2029
289468,A,217,965,2043,2087,2029,964,2043,2088,2029
289568,A,217,965,2045,2094,2032,963,2044,2091,2030
289668,A,217,964,2043,2089,2027,964,2043,2090,2029
289768,A,217,965,2047,2093,2030,964,2043,2091,2030
289868,A,217,955,2032,2077,2018,961,2043,2089,2027
289968,A,217,965,2043,2090,2031,964,2044,2091,2031
290068,A,217,966,2043,2090,2027,965,2043,2090,2029
290168,A,217,955,2032,2077,2019,961,2044,2091,2029
290268,A,217,965,2047,2091,2031,964,2047,2091,2031
290368,A,217,963,2046,2094,2031,963,2046,2094,2031
290468,A,217,951,2032,2075,2018,965,2043,2089,2031
290568,A,217,963,2041,2093,2029,963,2044,2092,2030
290668,A,217,961,2042,2091,2031,962,2043,2091,2031
290768,A,217,966,2043,2093,2020,966,2043,2092,2026
290868,A,217,964,2047,2094,2031,964,2047,2091,2031
290968,A,217,965,2042,2094,2030,965,2043,2092,2030
291068,A,217,965,2042,2087,2030,965,2044,2089,2030
291168,A,217,963,2043,2092,2030,963,2043,2092,2030
291268,A,217,963,2045,2089,2032,963,2045,2089,2030
291368,A,217,962,2043,2090,2032,962,2044,2090,2031
291468,A,217,967,2045,2086,2030,965,2045,2091,2030
291568,A,217,963,2045,2092,2030,963,2045,2092,2030
291668,A,217,965,2045,2089,2031,964,2045,2090,2031
291768,A,217,962,2046,2094,2032,964,2046,2092,2032
291868,A,217,965,2045,2090,2029,964,2045,2090,2029
291968,A,217,964,2045,2093,2032,963,2045,2092,2030
292068,A,217,967,2046,2093,2032,964,2045,2092,2031
292168,A,217,965,2046,2093,2031,965,2046,2091,2030
292268,A,217,964,2046,2092,2026,963,2044,2091,2029
292368,A,217,963,2045,2089,2027,963,2044,2090,2028
292468,A,217,965,2045,2094,2031,965,2045,2093,2031
292568,A,217,961,2044,2091,2029,963,2044,2091,2029
292668,A,217,963,2042,2091,2030,963,2043,2091,2030
292768,A,217,965,2046,2087,2032,964,2046,2089,2029
292868,A,217,963,2045,2087,2032,963,2045,2088,2030
292968,A,217,963,2044,2091,2031,963,2044,2091,2029
293068,A,217,966,2046,2093,2031,965,2045,2092,2030
293168,A,217,963,2045,2093,2031,962,2045,2089,2030
293268,A,217,962,2042,2086,2030,962,2044,2090,2030
293368,A,217,966,2043,2090,2025,963,2044,2090,2028
293468,A,217,963,2046,2090,2029,963,2046,2091,2029
293568,A,217,963,2045,2091,2032,963,2045,2091,2030
293668,A,217,964,2044,2093,2031,963,2045,2093,2031
293768,A,217,964,2045,2093,2030,964,2045,2093,2030
293868,A,217,951,2032,2078,2016,961,2041,2088,2027
293968,A,217,963,2045,2093,2031,963,2045,2092,2030
294068,A,217,963,2044,2090,2027,963,2044,2090,2028
294168,A,217,963,2045,2093,2030,962,2044,2089,2030
294268,A,217,962,2046,2092,2029,963,2045,2092,2029
294368,A,217,964,2045,2093,2032,964,2044,2091,2031
294468,A,217,954,2032,2079,2018,961,2043,2091,2028
294568,A,217,962,2045,2090,2031,962,2045,2090,2031
294668,A,217,962,2044,2089,2032,963,2044,2089,2031
294768,A,217,953,2032,2073,2015,963,2043,2091,2029
294868,A,217,962,2046,2091,2032,964,2046,2091,2032
294968,A,217,964,2046,2093,2031,964,2045,2092,2031
295068,A,217,964,2043,2094,2029,964,2044,2093,2029
295168,A,217,963,2047,2093,2029,963,2046,2093,2030
295268,A,217,965,2045,2092,2031,964,2045,2091,2030
295368,A,217,964,2045,2090,2029,964,2045,2091,2030
295468,A,217,965,2047,2087,2027,965,2045,2091,2029
295568,A,217,965,2047,2093,2029,964,2045,2091,2029
295668,A,217,967,2045,2093,2029,964,2044,2089,2027
295768,A,217,966,2046,2091,2029,964,2046,2092,2029
295868,A,217,961,2044,2091,2027,962,2044,2092,2030
295968,A,217,964,2043,2085,2030,964,2044,2088,2030
296068,A,217,960,2045,2093,2032,962,2045,2093,2031
296168,A,217,964,2046,2091,2031,965,2046,2091,2030
296268,A,217,965,2047,2093,2030,965,2047,2091,2029
296368,A,217,966,2045,2093,2031,966,2045,2092,2031
296468,A,217,965,2047,2091,2031,965,2044,2091,2031
296568,A,217,965,2043,2087,2026,963,2044,2087,2028
296668,A,217,966,2045,2091,2032,964,2045,2091,2031
296768,A,217,966,2046,2091,2031,965,2046,2091,2031
296868,A,217,963,2039,2087,2029,963,2045,2090,2029
296968,A,217,965,2042,2086,2029,964,2042,2089,2030
297068,A,217,963,2047,2091,2029,963,2047,2091,2029
297168,A,217,962,2046,2091,2030,962,2046,2091,2030
297268,A,217,961,2046,2091,2030,962,2045,2091,2030
297368,A,217,966,2047,2094,2031,966,2047,2091,2031
297468,A,217,963,2046,2091,2032,964,2046,2091,2032
297568,A,217,965,2047,2093,2032,962,2043,2088,2028
297668,A,217,965,2054,2093,2031,964,2046,2092,2031
297768,A,217,962,2045,2093,2028,962,2045,2093,2030
297868,A,217,963,2046,2090,2030,962,2044,2088,2029
297968,A,217,961,2045,2093,2030,962,2045,2092,2030
298068,A,217,965,2045,2093,2032,965,2045,2093,2031
298168,A,217,954,2032,2079,2014,961,2042,2088,2026
298268,A,217,962,2039,2090,2029,963,2041,2090,2029
298368,A,217,963,2046,2095,2030,964,2046,2092,2030
298468,A,217,951,2032,2080,2015,960,2042,2089,2027
298568,A,217,963,2046,2093,2032,963,2045,2093,2032
298668,A,217,962,2044,2094,2030,962,2044,2091,2030
298768,A,217,951,2033,2078,2015,961,2043,2091,2028
298868,A,217,965,2044,2092,2029,965,2044,2092,2030
298968,A,217,964,2045,2095,2029,964,2045,2095,2030
299068,A,217,953,2032,2080,2017,963,2046,2090,2030
299168,A,217,967,2046,2094,2032,964,2046,2093,2031
299268,A,217,968,2046,2091,2031,963,2045,2091,2030
299368,A,217,965,2045,2092,2031,964,2044,2092,2031
299468,A,217,966,2045,2093,2028,965,2045,2093,2028
299568,A,217,964,2043,2092,2030,964,2044,2091,2029
299668,A,217,964,2047,2087,2032,964,2046,2092,2032
299768,A,217,963,2043,2091,2030,964,2044,2093,2030
299868,A,217,961,2044,2091,2030,963,2044,2091,2030
299968,A,217,963,2047,2093,2031,963,2046,2092,2031
300068,A,217,963,2045,2091,2029,964,2045,2091,2030
300168,A,217,962,2042,2086,2026,963,2045,2090,2028
300268,A,217,966,2047,2096,2032,957,2038,2084,2022
300368,A,217,964,2046,2093,2030,964,2046,2092,2030
300468,A,217,963,2045,2091,2032,963,2045,2091,2032
300568,A,217,963,2047,2090,2032,963,2046,2090,2030
300668,A,217,966,2047,2092,2028,964,2047,2092,2031
300768,A,217,961,2047,2089,2030,962,2047,2090,2030
300868,A,217,964,2043,2092,2027,964,2045,2091,2030
300968,A,217,965,2047,2090,2031,965,2047,2092,2031
301068,A,217,963,2043,2091,2031,963,2045,2091,2031
301168,A,217,963,2047,2094,2031,964,2047,2093,2031
301268,A,217,963,2047,2091,2030,964,2047,2091,2030
301368,A,217,964,2046,2091,2030,964,2046,2091,2031
301468,A,217,966,2045,2094,2032,964,2046,2092,2032
301568,A,217,964,2046,2095,2032,963,2043,2092,2029
301668,A,217,965,2045,2091,2030,965,2045,2092,2030
301768,A,217,964,2043,2092,2030,964,2043,2092,2030
301868,A,217,967,2047,2094,2031,963,2043,2092,2029
301968,A,217,963,2045,2091,2029,963,2045,2091,2030
302068,A,217,962,2046,2091,2030,963,2046,2091,2030
302168,A,217,966,2047,2095,2032,961,2043,2090,2028
302268,A,217,965,2046,2087,2029,964,2046,2092,2030
302368,A,217,962,2045,2094,2030,963,2045,2092,2030
302468,A,217,964,2046,2091,2030,962,2045,2091,2029
302568,A,217,963,2047,2094,2031,963,2044,2091,2031
302668,A,217,963,2047,2087,2031,964,2046,2091,2031
302768,A,217,954,2032,2081,2014,962,2044,2089,2028
302868,A,217,965,2045,2087,2031,964,2045,2090,2031
302968,A,217,963,2045,2093,2031,963,2046,2093,2031
303068,A,217,951,2032,2079,2015,962,2043,2090,2029
303168,A,217,961,2046,2094,2031,963,2046,2094,2031
303268,A,217,965,2046,2089,2031,965,2046,2093,2031
303368,A,217,954,2032,2077,2015,963,2044,2090,2029
303468,A,217,964,2047,2094,2029,965,2047,2091,2029
303568,A,217,964,2043,2090,2029,964,2043,2090,2030
303668,A,217,962,2043,2093,2031,963,2046,2092,2030
303768,A,217,966,2046,2092,2032,964,2046,2092,2031
303868,A,217,962,2043,2089,2029,964,2045,2090,2031
303968,A,217,963,2047,2092,2031,963,2046,2092,2031
304068,A,217,965,2045,2089,2031,965,2045,2090,2031
304168,A,217,967,2047,2092,2031,966,2047,2091,2031
304268,A,217,963,2045,2089,2031,963,2045,2091,2031
304368,A,217,965,2045,2091,2029,964,2045,2091,2029
304468,A,217,963,2045,2087,2029,963,2045,2089,2029
304568,A,217,961,2045,2093,2028,962,2045,2092,2028
304668,A,217,964,2046,2093,2030,964,2045,2092,2031
304768,A,217,963,2046,2091,2032,963,2046,2091,2031
304868,A,217,965,2045,2093,2028,965,2045,2091,2030
304968,A,217,965,2045,2087,2030,965,2045,2092,2030
305068,A,217,961,2047,2093,2030,963,2047,2093,2030
305168,A,217,965,2044,2090,2031,964,2045,2091,2030
305268,A,217,963,2045,2093,2031,963,2045,2092,2031
305368,A,217,963,2046,2094,2028,963,2046,2093,2031
305468,A,217,965,2045,2090,2031,965,2046,2093,2031
305568,A,217,966,2045,2091,2030,963,2045,2089,2027
305668,A,217,963,2045,2093,2031,963,2045,2092,2030
305768,A,217,962,2046,2086,2030,962,2046,2091,2030
305868,A,217,966,2045,2091,2031,966,2045,2091,2030
305968,A,217,966,2044,2094,2030,965,2044,2093,2030
306068,A,217,966,2046,2091,2028,964,2046,2091,2030
306168,A,217,970,2045,2094,2032,965,2045,2092,2031
306268,A,217,967,2043,2089,2032,964,2045,2090,2032
306368,A,217,964,2045,2091,2029,964,2045,2091,2030
306468,A,217,962,2046,2091,2032,962,2043,2090,2028
306568,A,217,966,2047,2094,2029,965,2047,2093,2030
306668,A,217,963,2045,2087,2031,963,2046,2091,2030
306768,A,217,951,2032,2081,2021,962,2041,2089,2026
306868,A,217,965,2045,2093,2031,965,2045,2093,2031
306968,A,217,966,2045,2089,2030,964,2045,2091,2031
307068,A,217,951,2032,2075,2017,961,2043,2089,2029
307168,A,217,965,2046,2093,2031,965,2046,2092,2031
307268,A,217,964,2045,2089,2031,964,2045,2090,2031
307368,A,217,963,2046,2089,2030,963,2045,2091,2029
307468,A,217,963,2046,2092,2031,963,2046,2091,2031
307568,A,217,951,2033,2077,2016,963,2045,2090,2030
307668,A,217,963,2046,2093,2031,963,2046,2092,2031
307768,A,217,964,2045,2087,2029,964,2045,2091,2030
307868,A,217,963,2043,2091,2030,964,2046,2092,2030
307968,A,217,964,2043,2090,2030,964,2044,2092,2030
308068,A,217,965,2045,2093,2028,965,2045,2092,2030
308168,A,217,962,2043,2091,2031,963,2045,2090,2031
308268,A,217,964,2047,2094,2031,964,2046,2093,2031
308368,A,217,962,2047,2089,2030,963,2046,2093,2030
308468,A,217,965,2046,2091,2029,965,2046,2091,2029
308568,A,217,963,2044,2091,2030,963,2044,2091,2030
308668,A,217,963,2042,2087,2029,963,2044,2092,2029
308768,A,217,961,2045,2092,2031,964,2045,2092,2031
308868,A,217,965,2046,2089,2030,965,2046,2091,2030
308968,A,217,966,2045,2092,2029,965,2045,2092,2029
309068,A,217,963,2043,2094,2032,963,2043,2091,2032
309168,A,217,965,2046,2093,2030,965,2046,2093,2030
309268,A,217,966,2046,2091,2029,966,2044,2092,2030
309368,A,217,963,2046,2091,2032,963,2044,2091,2031
309468,A,217,963,2045,2089,2029,963,2045,2090,2029
309568,A,217,966,2044,2087,2031,964,2044,2089,2030
309668,A,217,963,2044,2091,2027,963,2044,2091,2029
309768,A,217,964,2043,2088,2030,964,2044,2090,2030
309868,A,217,965,2044,2090,2030,963,2044,2090,2030
309968,A,217,963,2045,2090,2032,964,2045,2090,2032
310068,A,217,965,2047,2093,2030,962,2046,2091,2030
310168,A,217,964,2042,2090,2031,962,2042,2089,2029
310268,A,217,965,2045,2087,2031,964,2045,2091,2031
310368,A,217,965,2045,2090,2030,964,2045,2090,2030
310468,A,217,964,2045,2091,2030,961,2042,2089,2028
310568,A,217,963,2045,2094,2031,963,2045,2092,2031
310668,A,217,963,2047,2089,2029,963,2046,2090,2029
310768,A,217,955,2034,2078,2018,959,2040,2087,2026
310868,A,217,962,2046,2093,2031,963,2046,2091,2031
310968,A,217,965,2046,2090,2031,965,2046,2090,2031
311068,A,217,954,2034,2081,2018,959,2042,2088,2028
311168,A,217,963,2047,2096,2031,963,2047,2094,2031
311268,A,217,965,2044,2089,2031,965,2044,2092,2031
311368,A,217,963,2047,2091,2031,963,2044,2091,2031
311468,A,217,963,2047,2093,2031,965,2047,2093,2029
311568,A,217,949,2031,2077,2017,961,2043,2088,2030
311668,A,217,966,2047,2092,2031,965,2044,2091,2031
311768,A,217,965,2043,2090,2031,965,2046,2091,2031
311868,A,217,950,2032,2078,2017,964,2043,2089,2029
311968,A,217,963,2046,2092,2033,964,2046,2092,2030
312068,A,217,963,2045,2093,2030,963,2045,2092,2030
312168,A,217,965,2045,2087,2032,965,2045,2092,2031
312268,A,217,967,2047,2093,2032,966,2047,2093,2032
312368,A,217,963,2045,2091,2031,963,2045,2091,2031
312468,A,217,964,2046,2086,2031,964,2046,2091,2031
312568,A,217,967,2045,2090,2031,966,2046,2090,2031
312668,A,217,962,2045,2089,2032,964,2045,2092,2032
312768,A,217,965,2046,2091,2031,965,2046,2091,2031
312868,A,217,966,2047,2094,2032,966,2047,2094,2032
312968,A,217,965,2045,2090,2030,965,2045,2090,2030
313068,A,217,963,2044,2090,2029,963,2044,2092,2030
313168,A,217,954,2032,2079,2013,955,2037,2083,2022
313268,A,217,966,2044,2089,2031,960,2042,2088,2026
313368,A,217,965,2047,2091,2030,964,2047,2091,2030
313468,A,217,965,2046,2091,2030,964,2046,2091,2030
313568,A,217,965,2046,2087,2030,964,2046,2091,2030
313668,A,217,964,2047,2091,2032,964,2046,2091,2032
313768,A,217,965,2045,2091,2031,965,2046,2092,2031
313868,A,217,965,2047,2092,2031,964,2047,2091,2030
313968,A,217,962,2046,2089,2030,964,2046,2092,2030
314068,A,217,963,2047,2091,2031,963,2044,2091,2031
314168,A,217,962,2045,2090,2029,962,2045,2090,2029
314268,A,217,967,2043,2090,2032,967,2044,2090,2031
314368,A,217,965,2047,2092,2031,965,2046,2092,2031
314468,A,217,966,2047,2090,2030,962,2046,2090,2029
314568,A,217,965,2047,2089,2030,965,2047,2090,2030
314668,A,217,962,2047,2092,2031,963,2047,2092,2031
314768,A,217,963,2045,2093,2031,962,2045,2091,2030
314868,A,217,966,2045,2092,2031,966,2045,2092,2031
314968,A,217,964,2045,2093,2031,964,2045,2093,2031
315068,A,217,955,2033,2081,2019,961,2040,2089,2025
315168,A,217,963,2043,2091,2032,964,2043,2092,2032
315268,A,217,965,2053,2093,2030,965,2047,2092,2030
315368,A,217,966,2047,2094,2031,966,2045,2094,2031
315468,A,217,965,2047,2090,2031,965,2046,2090,2031
315568,A,217,951,2034,2077,2018,960,2043,2088,2029
315668,A,217,966,2047,2094,2030,965,2046,2092,2030
315768,A,217,964,2044,2091,2029,964,2044,2092,2029
315868,A,217,948,2032,2079,2015,962,2044,2088,2027
315968,A,217,963,2045,2094,2030,963,2045,2091,2030
316068,A,217,963,2046,2091,2032,964,2046,2091,2032
316168,A,217,950,2031,2078,2016,962,2043,2091,2029
316268,A,217,964,2046,2093,2031,964,2046,2093,2031
316368,A,217,966,2045,2089,2029,966,2046,2093,2029
316468,A,217,964,2045,2091,2031,964,2045,2091,2031
316568,A,217,966,2045,2092,2030,966,2045,2092,2030
316668,A,217,962,2043,2090,2029,963,2044,2092,2029
316768,A,217,965,2046,2091,2030,965,2046,2092,2031
316868,A,217,963,2046,2087,2031,963,2046,2091,2031
316968,A,217,966,2045,2093,2029,966,2045,2091,2030
317068,A,217,963,2046,2091,2029,964,2046,2091,2029
317168,A,217,966,2046,2093,2032,964,2046,2092,2032
317268,A,217,965,2045,2087,2030,964,2046,2092,2030
317368,A,217,965,2046,2090,2030,965,2046,2090,2030
317468,A,217,965,2045,2093,2030,965,2045,2090,2030
317568,A,217,965,2047,2093,2029,964,2047,2092,2029
317668,A,217,964,2046,2091,2029,964,2045,2091,2029
317768,A,217,966,2045,2085,2029,966,2045,2091,2029
317868,A,217,966,2046,2090,2031,965,2044,2090,2030
317968,A,217,963,2045,2092,2030,963,2045,2091,2030
318068,A,217,963,2045,2095,2031,963,2045,2092,2031
318168,A,217,965,2046,2091,2031,965,2046,2091,2031
318268,A,217,966,2045,2089,2029,964,2045,2090,2029
318368,A,217,960,2045,2093,2031,963,2045,2092,2031
318468,A,217,963,2043,2087,2029,963,2045,2091,2029
318568,A,217,964,2046,2092,2027,964,2046,2092,2029
318668,A,217,965,2047,2091,2031,964,2047,2091,2031
318768,A,217,963,2045,2091,2030,963,2045,2090,2030
318868,A,217,964,2043,2093,2029,963,2044,2092,2029
318968,A,217,962,2045,2093,2031,962,2045,2092,2031
319068,A,217,964,2044,2094,2031,964,2044,2090,2029
319168,A,217,964,2039,2090,2031,964,2044,2090,2030
319268,A,217,965,2045,2093,2030,964,2045,2093,2030
319368,A,217,963,2047,2092,2031,963,2047,2093,2031
319468,A,217,965,2047,2093,2031,964,2047,2092,2031
319568,A,217,955,2032,2078,2016,961,2043,2088,2028
319668,A,217,963,2046,2095,2031,965,2046,2092,2031
319768,A,217,963,2046,2092,2031,963,2046,2092,2031
319868,A,217,954,2032,2080,2017,962,2043,2089,2029
319968,A,217,963,2043,2092,2032,963,2044,2092,2032
320068,A,217,962,2046,2090,2031,963,2046,2092,2031
320168,A,217,954,2035,2077,2018,962,2045,2089,2029
320268,A,217,963,2046,2093,2030,964,2046,2093,2030
320368,A,217,965,2046,2093,2032,965,2046,2093,2032
320468,A,217,953,2033,2079,2015,962,2044,2091,2029
320568,A,217,965,2046,2094,2028,965,2046,2092,2030
320668,A,217,965,2047,2089,2029,965,2047,2092,2031
320768,A,217,962,2047,2095,2032,962,2046,2091,2031
320868,A,217,965,2047,2091,2031,965,2046,2091,2031
320968,A,217,965,2046,2094,2032,965,2046,2092,2031
321068,A,217,965,2046,2092,2031,965,2046,2092,2031
321168,A,217,962,2047,2087,2028,963,2046,2091,2030
321268,A,217,965,2045,2091,2030,965,2045,2091,2030
321368,A,217,963,2045,2091,2030,964,2045,2091,2030
321468,A,217,965,2047,2091,2030,965,2046,2091,2030
321568,A,217,965,2045,2093,2031,965,2045,2092,2031
321668,A,217,964,2045,2093,2031,964,2045,2091,2031
321768,A,217,963,2045,2088,2029,963,2045,2092,2029
321868,A,217,962,2053,2094,2032,963,2047,2093,2032
321968,A,217,965,2047,2091,2031,964,2047,2091,2031
322068,A,217,966,2047,2091,2031,966,2047,2091,2031
322168,A,217,963,2047,2094,2032,964,2047,2093,2031
322268,A,217,965,2043,2091,2029,965,2044,2091,2029
322368,A,217,963,2045,2089,2030,963,2045,2091,2030
322468,A,217,966,2045,2090,2032,965,2045,2091,2032
322568,A,217,965,2047,2093,2031,965,2045,2093,2031
322668,A,217,963,2046,2092,2032,965,2046,2092,2032
322768,A,217,963,2047,2090,2030,963,2047,2090,2030
322868,A,217,966,2046,2091,2031,963,2046,2091,2031
322968,A,217,965,2045,2093,2030,965,2045,2092,2031
323068,A,217,962,2046,2094,2032,963,2046,2093,2032
323168,A,217,963,2045,2094,2032,962,2045,2090,2028
323268,A,217,965,2046,2087,2032,965,2046,2093,2032
323368,A,217,964,2045,2091,2028,965,2045,2091,2029
323468,A,217,960,2045,2092,2032,964,2046,2092,2032
323568,A,217,965,2047,2096,2030,963,2044,2088,2029
323668,A,217,964,2046,2095,2032,964,2046,2093,2032
323768,A,217,966,2045,2087,2032,966,2045,2092,2032
323868,A,217,954,2033,2076,2018,961,2043,2089,2029
323968,A,217,963,2047,2089,2031,963,2047,2092,2030
324068,A,217,964,2047,2093,2031,964,2047,2093,2031
324168,A,217,954,2045,2095,2032,962,2045,2092,2031
324268,A,217,966,2047,2091,2027,965,2047,2091,2031
324368,A,217,967,2053,2095,2029,967,2048,2094,2029
324468,A,217,946,2033,2079,2015,960,2046,2090,2028
324568,A,217,965,2047,2090,2031,965,2047,2092,2031
324668,A,217,962,2044,2091,2029,963,2045,2091,2031
324768,A,217,953,2032,2076,2019,964,2046,2091,2031
324868,A,217,965,2043,2094,2031,965,2045,2092,2031
324968,A,217,962,2047,2094,2031,962,2047,2093,2031
325068,A,217,966,2046,2094,2033,965,2046,2094,2032
325168,A,217,965,2047,2091,2031,965,2047,2091,2031
325268,A,217,964,2046,2094,2032,964,2046,2094,2032
325368,A,217,966,2045,2093,2032,964,2045,2093,2032
325468,A,217,966,2047,2092,2029,966,2047,2093,2030
325568,A,217,963,2046,2089,2029,964,2046,2091,2030
325668,A,217,964,2047,2089,2030,964,2047,2089,2030
325768,A,217,964,2045,2091,2031,964,2045,2091,2031
325868,A,217,966,2053,2091,2031,964,2046,2091,2031
325968,A,217,966,2046,2095,2032,964,2046,2095,2030
326068,A,217,965,2046,2094,2032,965,2046,2094,2032
326168,A,217,965,2047,2094,2031,965,2047,2091,2031
326268,A,217,964,2053,2094,2032,964,2047,2094,2031
326368,A,217,965,2045,2092,2031,965,2045,2092,2031
326468,A,217,964,2045,2086,2029,964,2046,2092,2029
326568,A,217,967,2047,2087,2030,966,2047,2092,2030
326668,A,217,965,2042,2091,2029,965,2045,2091,2031
326768,A,217,964,2047,2090,2032,964,2047,2090,2031
326868,A,217,966,2046,2091,2027,965,2046,2091,2030
326968,A,217,965,2046,2091,2031,965,2046,2092,2031
327068,A,217,963,2047,2094,2031,964,2047,2093,2031
327168,A,217,964,2046,2094,2032,963,2046,2093,2032
327268,A,217,965,2047,2091,2031,965,2047,2091,2031
327368,A,217,964,2045,2087,2029,964,2045,2092,2029
327468,A,217,966,2047,2092,2031,965,2046,2092,2031
327568,A,217,963,2046,2093,2031,963,2046,2091,2030
327668,A,217,963,2047,2093,2030,965,2047,2091,2030
327768,A,217,963,2046,2091,2030,963,2046,2091,2030
327868,A,217,966,2046,2093,2030,963,2044,2088,2028
327968,A,217,964,2046,2091,2032,964,2046,2091,2032
328068,A,217,963,2046,2093,2031,963,2046,2092,2030
328168,A,217,954,2033,2079,2017,961,2041,2087,2026
328268,A,217,965,2046,2089,2031,964,2046,2091,2031
328368,A,217,965,2043,2091,2031,964,2044,2091,2031
328468,A,217,951,2034,2080,2016,960,2045,2090,2028
328568,A,217,965,2046,2094,2030,964,2046,2092,2030
328668,A,217,966,2045,2094,2032,966,2046,2092,2032
328768,A,217,950,2033,2077,2019,963,2045,2090,2029
328868,A,217,963,2045,2093,2030,963,2045,2092,2030
328968,A,217,963,2047,2091,2030,963,2046,2093,2030
329068,A,217,951,2032,2076,2019,965,2046,2090,2030
329168,A,217,965,2046,2087,2031,965,2045,2090,2031
329268,A,217,962,2047,2091,2031,965,2047,2091,2031
329368,A,217,965,2043,2091,2027,965,2046,2091,2030
329468,A,217,963,2047,2093,2030,963,2045,2093,2030
329568,A,217,964,2045,2094,2029,964,2045,2092,2030
329668,A,217,965,2045,2093,2031,964,2045,2091,2030
329768,A,217,965,2043,2090,2031,965,2045,2090,2031
329868,A,217,963,2046,2090,2031,963,2046,2090,2031
329968,A,217,962,2046,2093,2031,964,2046,2093,2031
330068,A,217,966,2045,2093,2031,966,2045,2092,2031
330168,A,217,965,2046,2094,2031,965,2046,2094,2031
330268,A,217,965,2045,2089,2032,965,2045,2092,2032
330368,A,217,964,2047,2093,2031,964,2047,2092,2031
330468,A,217,965,2042,2087,2030,965,2044,2089,2030
330568,A,217,967,2047,2090,2031,964,2046,2090,2031
330668,A,217,965,2043,2091,2030,964,2044,2091,2030
330768,A,217,966,2045,2091,2031,966,2045,2091,2031
330868,A,217,966,2045,2089,2031,965,2045,2090,2031
330968,A,217,965,2044,2093,2032,965,2045,2091,2032
331068,A,217,961,2043,2091,2029,964,2044,2092,2030
331168,A,217,966,2047,2090,2029,965,2046,2090,2030
331268,A,217,965,2045,2091,2031,965,2045,2091,2030
331368,A,217,966,2046,2094,2032,966,2046,2093,2032
331468,A,217,965,2045,2091,2031,965,2045,2091,2030
331568,A,217,966,2047,2093,2031,962,2044,2090,2030
331668,A,217,965,2044,2090,2031,965,2045,2090,2031
331768,A,217,962,2046,2089,2032,964,2046,2090,2032
331868,A,217,965,2046,2091,2029,964,2045,2091,2029
331968,A,217,963,2045,2091,2030,963,2045,2092,2030
332068,A,217,964,2043,2094,2031,964,2043,2092,2031
332168,A,217,965,2047,2094,2031,964,2043,2090,2030
332268,A,217,965,2046,2094,2032,965,2045,2092,2031
332368,A,217,964,2046,2090,2031,964,2046,2090,2031
332468,A,217,953,2034,2079,2019,960,2042,2088,2027
332568,A,217,964,2045,2090,2030,964,2046,2090,2030
332668,A,217,965,2043,2094,2032,965,2045,2091,2031
332768,A,217,951,2032,2079,2021,961,2043,2090,2029
332868,A,217,966,2046,2091,2031,966,2046,2092,2031
332968,A,217,962,2046,2092,2030,963,2046,2092,2030
333068,A,217,950,2033,2077,2019,963,2044,2090,2030
333168,A,217,966,2046,2092,2029,966,2046,2092,2031
333268,A,217,966,2045,2093,2030,966,2045,2092,2030
333368,A,217,954,2033,2078,2015,963,2044,2090,2029
333468,A,217,966,2045,2091,2031,964,2046,2092,2030
333568,A,217,966,2043,2093,2030,966,2044,2093,2030
333668,A,217,965,2046,2091,2032,965,2046,2091,2032
333768,A,217,965,2047,2089,2032,965,2047,2092,2031
333868,A,217,963,2047,2091,2031,963,2046,2091,2031
333968,A,217,961,2046,2091,2032,964,2046,2091,2031
334068,A,217,964,2045,2090,2029,964,2045,2091,2029
334168,A,217,963,2045,2091,2032,963,2046,2091,2032
334268,A,217,966,2047,2093,2031,963,2044,2092,2031
334368,A,217,965,2045,2090,2032,965,2045,2092,2032
334468,A,217,969,2047,2096,2030,967,2047,2094,2031
334568,A,217,965,2047,2090,2031,965,2047,2092,2031
334668,A,217,965,2046,2093,2032,965,2046,2092,2032
334768,A,217,965,2047,2091,2031,965,2046,2092,2031
334868,A,217,964,2047,2087,2031,965,2047,2090,2031
334968,A,217,963,2044,2091,2031,964,2045,2091,2031
335068,A,217,965,2046,2091,2030,965,2046,2093,2030
335168,A,217,965,2047,2091,2030,964,2046,2091,2030
335268,A,217,966,2045,2090,2029,964,2045,2091,2030
335368,A,217,965,2046,2093,2028,965,2046,2091,2030
335468,A,217,963,2045,2092,2029,965,2045,2092,2030
335568,A,217,964,2043,2095,2031,963,2043,2091,2031
335668,A,217,963,2045,2093,2031,963,2044,2093,2031
335768,A,217,963,2045,2085,2032,963,2045,2092,2032
335868,A,217,967,2046,2093,2032,963,2046,2092,2032
335968,A,217,967,2046,2090,2031,965,2046,2091,2031
336068,A,217,965,2046,2086,2027,965,2046,2090,2029
336168,A,217,966,2046,2092,2032,965,2046,2090,2031
336268,A,217,966,2047,2091,2030,966,2047,2091,2030
336368,A,217,963,2043,2091,2032,964,2044,2091,2032
336468,A,217,953,2033,2079,2017,961,2044,2089,2028
336568,A,217,966,2047,2091,2031,965,2046,2091,2031
336668,A,217,966,2047,2092,2030,965,2047,2092,2031
336768,A,217,953,2033,2079,2020,962,2043,2088,2026
336868,A,217,963,2046,2087,2030,963,2046,2092,2030
336968,A,217,962,2047,2094,2032,964,2046,2090,2031
337068,A,217,953,2034,2082,2017,963,2045,2090,2029
337168,A,217,963,2046,2091,2030,963,2045,2091,2030
337268,A,217,966,2046,2089,2031,966,2046,2090,2031
337368,A,217,961,2047,2095,2031,962,2046,2094,2031
337468,A,217,964,2047,2088,2031,964,2047,2091,2031
337568,A,217,951,2032,2078,2017,963,2046,2089,2030
337668,A,217,965,2045,2095,2032,965,2046,2092,2030
337768,A,217,963,2043,2089,2031,963,2046,2091,2031
337868,A,217,966,2046,2093,2031,966,2046,2093,2031
337968,A,217,963,2046,2090,2030,964,2046,2091,2030
338068,A,217,963,2046,2090,2027,964,2046,2092,2028
338168,A,217,965,2047,2093,2031,965,2046,2093,2031
338268,A,217,965,2045,2089,2030,965,2045,2092,2031
338368,A,217,966,2047,2092,2031,966,2046,2092,2031
338468,A,217,965,2045,2093,2031,965,2045,2093,2031
338568,A,217,963,2047,2091,2031,964,2046,2091,2031
338668,A,217,966,2047,2093,2032,966,2047,2092,2032
338768,A,217,965,2046,2090,2032,965,2046,2093,2032
338868,A,217,967,2046,2087,2029,966,2046,2091,2030
338968,A,217,965,2046,2094,2030,965,2046,2092,2030
339068,A,217,962,2045,2094,2031,962,2046,2092,2031
339168,A,217,965,2046,2093,2032,965,2046,2092,2032
339268,A,217,964,2045,2091,2032,964,2045,2091,2032
339368,A,217,961,2047,2089,2032,964,2047,2091,2032
339468,A,217,962,2043,2091,2029,963,2045,2093,2029
339568,A,217,966,2038,2093,2031,964,2046,2093,2030
339668,A,217,965,2043,2091,2030,965,2045,2091,2030
339768,A,217,967,2045,2093,2030,966,2045,2092,2030
339868,A,217,965,2047,2094,2030,964,2046,2092,2030
339968,A,217,965,2046,2091,2032,965,2046,2091,2032
340068,A,217,965,2042,2091,2031,965,2044,2091,2031
340168,A,217,966,2053,2094,2031,961,2043,2087,2028
340268,A,217,963,2045,2093,2032,965,2045,2092,2031
340368,A,217,963,2045,2093,2029,964,2046,2093,2030
340468,A,217,965,2047,2096,2032,962,2044,2089,2028
340568,A,217,962,2046,2095,2030,964,2046,2092,2030
340668,A,217,963,2045,2091,2032,963,2045,2091,2030
340768,A,217,963,2053,2096,2032,962,2043,2091,2030
340868,A,217,965,2046,2095,2031,964,2046,2091,2031
340968,A,217,965,2043,2088,2031,965,2046,2091,2031
341068,A,217,965,2047,2094,2029,962,2045,2089,2029
341168,A,217,965,2047,2090,2032,965,2047,2090,2032
341268,A,217,962,2046,2094,2030,964,2046,2093,2030
341368,A,217,965,2046,2093,2032,965,2046,2092,2031
341468,A,217,963,2046,2092,2031,965,2046,2092,2031
341568,A,217,949,2032,2077,2017,963,2044,2091,2029
341668,A,217,965,2047,2093,2030,965,2047,2091,2030
341768,A,217,963,2047,2091,2031,963,2045,2092,2031
341868,A,217,951,2032,2077,2015,963,2043,2089,2029
341968,A,217,964,2046,2089,2031,964,2046,2089,2031
342068,A,217,965,2046,2090,2030,965,2046,2090,2031
342168,A,217,963,2043,2093,2031,963,2044,2091,2031
342268,A,217,963,2046,2086,2031,963,2046,2092,2031
342368,A,217,965,2046,2093,2027,964,2046,2093,2030
342468,A,217,965,2046,2092,2031,965,2046,2093,2031
342568,A,217,963,2042,2089,2031,964,2045,2092,2031
342668,A,217,965,2047,2093,2030,965,2047,2091,2030
342768,A,217,963,2047,2091,2032,964,2047,2091,2030
342868,A,217,963,2053,2089,2031,964,2046,2090,2031
342968,A,217,968,2047,2093,2032,965,2046,2091,2031
343068,A,217,962,2047,2093,2032,963,2047,2092,2031
343168,A,217,964,2046,2087,2032,964,2046,2090,2031
343268,A,217,966,2047,2089,2029,966,2046,2091,2029
343368,A,217,962,2045,2091,2028,962,2045,2091,2030
343468,A,217,964,2047,2090,2029,964,2046,2090,2031
343568,A,217,960,2046,2093,2031,962,2046,2093,2031
343668,A,217,966,2045,2096,2032,963,2046,2092,2031
343768,A,217,967,2047,2093,2031,965,2047,2091,2031
343868,A,217,966,2046,2091,2030,964,2045,2090,2029
343968,A,217,965,2043,2093,2029,965,2045,2092,2029
344068,A,217,963,2046,2093,2031,964,2046,2093,2031
344168,A,217,966,2042,2090,2030,964,2046,2090,2030
344268,A,217,965,2046,2089,2032,965,2046,2090,2031
344368,A,217,967,2047,2094,2031,966,2047,2092,2031
344468,A,217,966,2045,2091,2031,963,2043,2090,2028
344568,A,217,963,2045,2090,2031,964,2045,2090,2031
344668,A,217,963,2045,2092,2029,964,2045,2092,2029
344768,A,217,965,2047,2089,2027,965,2045,2089,2028
344868,A,217,965,2045,2093,2031,965,2045,2093,2030
344968,A,217,965,2045,2090,2032,965,2045,2090,2031
345068,A,217,965,2045,2095,2031,964,2045,2092,2031
345168,A,217,962,2043,2090,2031,964,2045,2091,2031
345268,A,217,966,2047,2094,2029,965,2046,2093,2030
345368,A,217,963,2046,2093,2030,962,2044,2091,2029
345468,A,217,963,2046,2093,2030,963,2046,2093,2030
345568,A,217,957,2034,2079,2017,962,2045,2090,2029
345668,A,217,961,2046,2092,2030,963,2046,2092,2030
345768,A,217,962,2045,2091,2032,963,2045,2091,2031
345868,A,217,951,2032,2081,2014,962,2044,2089,2029
345968,A,217,965,2045,2094,2031,965,2045,2093,2031
346068,A,217,963,2043,2091,2031,964,2045,2091,2031
346168,A,217,955,2032,2077,2015,963,2044,2090,2029
346268,A,217,966,2047,2090,2030,964,2047,2092,2030
346368,A,217,966,2045,2092,2031,964,2046,2092,2031
346468,A,217,964,2047,2092,2032,965,2046,2092,2032
346568,A,217,963,2046,2086,2031,963,2046,2091,2031
346668,A,217,967,2045,2092,2031,966,2045,2092,2031
346768,A,217,966,2041,2091,2032,965,2046,2091,2031
346868,A,217,966,2045,2089,2031,965,2045,2089,2031
346968,A,217,966,2047,2093,2027,959,2039,2085,2025
347068,A,217,963,2046,2091,2029,963,2046,2091,2030
347168,A,217,965,2047,2093,2025,963,2046,2093,2029
347268,A,217,966,2045,2095,2031,966,2045,2094,2031
347368,A,217,965,2044,2091,2031,964,2045,2091,2030
347468,A,217,963,2045,2090,2032,963,2045,2091,2030
347568,A,217,965,2045,2092,2031,963,2045,2092,2030
347668,A,217,963,2043,2090,2029,963,2043,2090,2029
347768,A,217,962,2047,2090,2031,962,2047,2092,2031
347868,A,217,966,2044,2094,2031,964,2044,2094,2030
347968,A,217,963,2045,2089,2032,963,2045,2092,2032
348068,A,217,965,2046,2093,2031,965,2046,2092,2031
348168,A,217,963,2045,2090,2028,963,2046,2090,2030
348268,A,217,961,2046,2091,2031,961,2046,2091,2030
348368,A,217,961,2043,2091,2030,964,2045,2093,2030
348468,A,217,971,2045,2086,2030,962,2044,2089,2029
348568,A,217,963,2046,2094,2032,963,2046,2093,2031
348668,A,217,963,2045,2091,2031,963,2045,2091,2031
348768,A,217,965,2045,2091,2030,965,2045,2091,2030
348868,A,217,966,2045,2090,2030,964,2045,2090,2030
348968,A,217,965,2047,2093,2032,963,2047,2092,2031
349068,A,217,963,2047,2092,2031,962,2043,2091,2028
349168,A,217,962,2046,2090,2031,964,2046,2090,2031
349268,A,217,965,2044,2091,2031,965,2044,2091,2031
349368,A,217,966,2046,2091,2031,966,2046,2092,2031
349468,A,217,965,2046,2093,2031,965,2046,2092,2031
349568,A,217,951,2031,2080,2017,961,2043,2088,2027
349668,A,217,965,2047,2090,2029,965,2047,2092,2031
349768,A,217,964,2045,2095,2032,964,2045,2092,2031
349868,A,217,953,2032,2079,2016,963,2043,2090,2027
349968,A,217,965,2046,2091,2031,965,2046,2091,2031
350068,A,217,965,2045,2092,2028,965,2045,2092,2029
350168,A,217,953,2033,2082,2018,963,2045,2090,2029
350268,A,217,963,2042,2089,2031,963,2044,2090,2030
350368,A,217,963,2046,2093,2030,963,2046,2092,2030
350468,A,217,959,2035,2079,2019,964,2044,2090,2029
350568,A,217,967,2053,2094,2030,956,2037,2082,2022
350668,A,217,963,2047,2093,2031,963,2045,2091,2031
350768,A,217,963,2047,2092,2031,963,2046,2092,2031
350868,A,217,965,2046,2090,2031,965,2046,2091,2030
350968,A,217,965,2047,2091,2030,965,2046,2091,2030
351068,A,217,965,2047,2091,2031,963,2047,2091,2031
351168,A,217,963,2045,2092,2028,963,2045,2090,2029
351268,A,217,966,2046,2093,2030,966,2046,2090,2030
351368,A,217,965,2043,2086,2031,965,2044,2092,2031
351468,A,217,965,2046,2089,2029,965,2046,2092,2031
351568,A,217,963,2043,2091,2031,963,2044,2091,2031
351668,A,217,965,2047,2091,2030,964,2046,2091,2030
351768,A,217,966,2045,2091,2032,966,2045,2091,2032
351868,A,217,965,2043,2090,2030,965,2044,2091,2030
351968,A,217,963,2046,2091,2027,963,2045,2091,2029
352068,A,217,965,2047,2091,2029,964,2046,2091,2029
352168,A,217,965,2045,2093,2029,964,2045,2093,2029
352268,A,217,966,2047,2094,2031,965,2047,2092,2031
352368,A,217,964,2045,2090,2031,964,2045,2090,2031
352468,A,217,965,2047,2091,2032,962,2046,2091,2030
352568,A,217,964,2042,2091,2029,964,2045,2092,2030
352668,A,217,964,2053,2093,2023,964,2048,2093,2030
352768,A,217,965,2045,2094,2031,965,2045,2090,2028
352868,A,217,965,2044,2095,2029,965,2045,2094,2029
352968,A,217,965,2045,2094,2032,965,2045,2094,2032
353068,A,217,964,2046,2093,2030,964,2045,2091,2030
353168,A,217,965,2046,2092,2030,965,2046,2093,2031
353268,A,217,965,2046,2090,2032,964,2046,2092,2032
353368,A,217,965,2046,2089,2028,965,2046,2090,2031
353468,A,217,965,2045,2093,2031,964,2045,2092,2031
353568,A,217,951,2033,2080,2016,963,2043,2088,2027
353668,A,217,966,2045,2094,2030,965,2045,2094,2030
353768,A,217,963,2046,2091,2032,965,2046,2092,2032
353868,A,217,950,2032,2078,2017,960,2044,2089,2028
353968,A,217,967,2045,2089,2031,966,2045,2091,2031
354068,A,217,963,2044,2094,2032,964,2046,2093,2032
354168,A,217,953,2035,2080,2016,963,2044,2089,2028
354268,A,217,963,2046,2091,2030,964,2046,2091,2030
354368,A,217,964,2047,2093,2030,964,2045,2092,2030
354468,A,217,952,2032,2075,2020,963,2044,2092,2029
354568,A,217,962,2043,2093,2031,963,2045,2093,2031
354668,A,217,964,2045,2092,2031,964,2045,2093,2031
354768,A,217,964,2046,2093,2032,964,2046,2093,2032
354868,A,217,966,2053,2094,2031,966,2048,2091,2031
354968,A,217,963,2045,2087,2031,965,2045,2091,2031
355068,A,217,964,2047,2093,2031,965,2047,2093,2031
355168,A,217,967,2047,2093,2032,966,2047,2093,2032
355268,A,217,966,2046,2092,2031,964,2046,2092,2031
355368,A,217,966,2046,2091,2029,966,2046,2091,2030
355468,A,217,965,2046,2092,2031,965,2046,2092,2031
355568,A,217,961,2047,2093,2031,961,2046,2090,2031
355668,A,217,961,2047,2091,2031,961,2044,2088,2030
355768,A,217,963,2045,2093,2031,963,2045,2093,2031
355868,A,217,965,2047,2091,2032,965,2046,2091,2031
355968,A,217,962,2046,2086,2031,962,2046,2091,2031
356068,A,217,962,2047,2090,2030,963,2046,2092,2030
356168,A,217,963,2043,2091,2031,964,2046,2091,2031
356268,A,217,965,2045,2090,2029,965,2045,2091,2029
356368,A,217,965,2045,2094,2029,965,2045,2091,2031
356468,A,217,971,2044,2090,2030,964,2045,2090,2030
356568,A,217,965,2046,2094,2032,965,2044,2092,2032
356668,A,217,966,2045,2092,2031,966,2045,2092,2031
356768,A,217,965,2045,2093,2031,965,2045,2093,2031
356868,A,217,964,2047,2091,2032,964,2043,2091,2029
356968,A,217,964,2047,2091,2031,964,2047,2091,2031
357068,A,217,962,2046,2096,2031,964,2046,2093,2031
357168,A,217,963,2046,2093,2031,964,2046,2091,2031
357268,A,217,963,2042,2090,2029,964,2045,2090,2030
357368,A,217,966,2045,2094,2031,966,2045,2093,2031
357468,A,217,966,2045,2092,2029,964,2045,2092,2030
357568,A,217,964,2046,2095,2032,962,2044,2089,2029
357668,A,217,967,2047,2096,2029,964,2047,2092,2030
357768,A,217,965,2047,2090,2031,965,2047,2090,2031
357868,A,217,963,2047,2094,2032,962,2045,2090,2029
357968,A,217,962,2043,2090,2032,962,2044,2093,2032
358068,A,217,962,2044,2087,2031,963,2045,2090,2031
358168,A,217,966,2046,2088,2031,963,2044,2088,2029
358268,A,217,963,2046,2091,2029,963,2045,2091,2031
358368,A,217,964,2045,2087,2031,964,2045,2089,2031
358468,A,217,954,2032,2081,2016,962,2043,2090,2028
358568,A,217,966,2047,2091,2031,965,2046,2091,2031
358668,A,217,966,2045,2083,2031,966,2045,2091,2031
358768,A,217,949,2035,2083,2017,963,2045,2090,2030
358868,A,217,965,2045,2091,2031,965,2045,2091,2031
358968,A,217,961,2045,2090,2032,964,2045,2091,2032
359068,A,217,966,2046,2093,2032,964,2046,2092,2032
359168,A,217,967,2047,2089,2030,965,2046,2090,2030
359268,A,217,967,2047,2089,2031,966,2046,2092,2031
359368,A,217,966,2047,2093,2032,965,2047,2092,2032
359468,A,217,967,2043,2093,2032,966,2046,2092,2032
359568,A,217,963,2047,2093,2031,965,2047,2092,2031
359668,A,217,961,2047,2090,2032,963,2046,2090,2032
359768,A,217,964,2046,2091,2031,964,2045,2091,2031
359868,A,217,965,2046,2091,2032,965,2046,2092,2032
359968,A,217,965,2047,2093,2031,965,2047,2093,2031
360068,A,217,965,2047,2093,2032,965,2047,2093,2032
360168,A,217,965,2045,2089,2031,965,2046,2092,2031
360268,A,217,967,2053,2092,2032,957,2040,2084,2024
360368,A,217,967,2046,2093,2031,966,2046,2093,2031
360468,A,217,965,2046,2092,2032,964,2046,2092,2030
360568,A,217,965,2047,2091,2031,963,2045,2091,2031
360668,A,217,965,2045,2093,2031,965,2045,2092,2031
360768,A,217,965,2043,2086,2031,965,2046,2092,2031
360868,A,217,966,2047,2095,2031,966,2047,2095,2031
360968,A,217,963,2046,2091,2031,963,2046,2091,2031
361068,A,217,965,2046,2093,2031,965,2046,2091,2031
361168,A,217,963,2045,2092,2029,963,2045,2093,2029
361268,A,217,964,2047,2095,2031,964,2047,2094,2031
361368,A,217,965,2046,2087,2032,965,2046,2090,2031
361468,A,217,966,2047,2095,2032,965,2047,2093,2031
361568,A,217,963,2047,2093,2030,961,2043,2088,2027
361668,A,217,965,2043,2094,2031,965,2045,2093,2031
361768,A,217,966,2043,2091,2032,964,2044,2091,2030
361868,A,217,964,2046,2092,2031,964,2045,2092,2031
361968,A,217,963,2045,2092,2029,964,2046,2092,2030
362068,A,217,966,2046,2093,2031,966,2046,2093,2031
362168,A,217,963,2046,2094,2032,963,2046,2090,2030
362268,A,217,967,2045,2089,2029,966,2045,2090,2030
362368,A,217,965,2047,2092,2030,965,2047,2092,2031
362468,A,217,951,2033,2075,2015,963,2045,2089,2028
362568,A,217,963,2045,2091,2030,964,2045,2091,2030
362668,A,217,966,2047,2089,2032,965,2046,2091,2031
362768,A,217,953,2032,2079,2015,961,2044,2092,2029
362868,A,217,964,2045,2094,2031,964,2045,2091,2031
362968,A,217,963,2045,2089,2029,963,2045,2091,2030
363068,A,217,954,2033,2077,2017,962,2044,2090,2030
363168,A,217,963,2047,2093,2031,963,2046,2092,2030
363268,A,217,965,2047,2091,2031,965,2047,2091,2031
363368,A,217,963,2047,2088,2029,963,2047,2091,2030
363468,A,217,965,2045,2087,2032,965,2046,2091,2031
363568,A,217,965,2047,2091,2030,962,2047,2092,2030
363668,A,217,965,2047,2090,2030,964,2045,2090,2030
363768,A,217,964,2046,2089,2032,964,2046,2091,2030
363868,A,217,966,2047,2093,2028,965,2046,2091,2029
363968,A,217,964,2045,2093,2030,965,2046,2091,2030
364068,A,217,964,2046,2091,2029,964,2046,2091,2030
364168,A,217,964,2047,2089,2030,964,2046,2091,2030
364268,A,217,963,2043,2091,2030,963,2044,2092,2030
364368,A,217,966,2047,2094,2029,965,2047,2091,2030
364468,A,217,963,2045,2090,2031,964,2045,2090,2030
364568,A,217,967,2043,2087,2029,966,2045,2090,2030
364668,A,217,964,2045,2090,2030,964,2045,2091,2031
364768,A,217,964,2046,2089,2030,964,2046,2091,2030
364868,A,217,964,2045,2092,2032,964,2045,2092,2031
364968,A,217,965,2046,2094,2031,965,2046,2092,2031
365068,A,217,963,2046,2090,2029,964,2046,2090,2029
365168,A,217,963,2046,2089,2031,963,2045,2089,2031
365268,A,217,964,2046,2093,2030,964,2046,2093,2030
365368,A,217,964,2044,2093,2028,964,2044,2092,2030
365468,A,217,955,2033,2081,2017,958,2038,2085,2024
365568,A,217,964,2042,2094,2031,955,2034,2083,2021
365668,A,217,963,2045,2091,2029,963,2044,2091,2029
365768,A,217,960,2045,2087,2030,963,2045,2089,2030
365868,A,217,951,2035,2080,2020,960,2041,2085,2025
365968,A,217,970,2043,2094,2032,958,2039,2084,2023
366068,A,217,964,2046,2093,2027,964,2046,2092,2030
366168,A,217,965,2046,2094,2031,963,2044,2093,2030
366268,A,217,965,2046,2089,2032,965,2046,2090,2032
366368,A,217,963,2047,2091,2031,964,2046,2091,2031
366468,A,217,948,2035,2078,2017,961,2042,2089,2027
366568,A,217,963,2045,2090,2029,963,2045,2092,2029
366668,A,217,961,2047,2086,2032,963,2046,2092,2031
366768,A,217,954,2032,2079,2020,963,2045,2089,2029
366868,A,217,963,2047,2087,2031,963,2046,2090,2031
366968,A,217,965,2043,2091,2031,965,2043,2091,2031
367068,A,217,952,2023,2079,2018,961,2042,2090,2028
367168,A,217,965,2044,2092,2031,965,2045,2092,2031
367268,A,217,964,2046,2092,2031,964,2046,2092,2031
367368,A,217,952,2032,2075,2017,964,2044,2089,2031
367468,A,217,963,2047,2093,2030,963,2046,2093,2030
367568,A,217,965,2045,2090,2032,965,2046,2092,2032
367668,A,217,966,2045,2090,2030,965,2045,2090,2030
367768,A,217,967,2046,2093,2030,966,2045,2092,2030
367868,A,217,965,2046,2087,2030,965,2046,2093,2030
367968,A,217,962,2045,2090,2030,965,2045,2091,2030
368068,A,217,963,2047,2094,2031,963,2046,2094,2031
368168,A,217,964,2045,2092,2031,964,2045,2093,2031
368268,A,217,963,2047,2089,2027,963,2046,2090,2030
368368,A,217,966,2044,2094,2031,964,2044,2093,2031
368468,A,217,965,2043,2090,2031,964,2045,2091,2031
368568,A,217,964,2044,2090,2032,964,2044,2090,2031
368668,A,217,966,2046,2091,2028,964,2046,2092,2030
368768,A,217,965,2043,2089,2032,965,2044,2090,2032
368868,A,217,963,2046,2089,2031,963,2044,2089,2029
368968,A,217,963,2046,2092,2028,963,2045,2091,2029
369068,A,217,964,2046,2094,2031,965,2046,2092,2030
369168,A,217,961,2046,2091,2030,965,2046,2091,2030
369268,A,217,963,2046,2090,2030,963,2046,2091,2030
369368,A,217,964,2046,2093,2032,964,2046,2092,2032
369468,A,217,965,2046,2093,2032,965,2045,2092,2031
369568,A,217,950,2034,2078,2018,958,2041,2086,2025
369668,A,217,966,2047,2093,2030,960,2041,2086,2025
369768,A,217,966,2045,2087,2031,966,2045,2091,2031
369868,A,217,964,2046,2093,2030,962,2043,2091,2029
369968,A,217,965,2046,2089,2031,965,2046,2091,2031
370068,A,217,967,2043,2093,2030,965,2044,2093,2030
370168,A,217,962,2045,2094,2030,962,2045,2091,2030
370268,A,217,965,2046,2087,2031,965,2046,2092,2031
370368,A,217,962,2047,2093,2030,964,2046,2091,2030
370468,A,217,962,2047,2090,2029,964,2045,2090,2029
370568,A,217,963,2047,2087,2032,964,2047,2090,2032
370668,A,217,965,2046,2094,2030,965,2046,2093,2030
370768,A,217,952,2035,2082,2018,962,2043,2090,2029
370868,A,217,963,2054,2089,2031,963,2047,2092,2031
370968,A,217,961,2047,2094,2030,964,2047,2091,2030
371068,A,217,954,2032,2079,2018,961,2044,2089,2029
371168,A,217,965,2046,2090,2031,965,2046,2090,2031
371268,A,217,963,2044,2094,2030,963,2044,2092,2030
371368,A,217,967,2045,2093,2029,965,2045,2092,2029
371468,A,217,964,2045,2092,2029,964,2045,2092,2031
371568,A,217,951,2032,2076,2015,962,2044,2089,2029
371668,A,217,965,2045,2094,2031,965,2045,2092,2031
371768,A,217,963,2044,2086,2032,963,2045,2090,2031
371868,A,217,966,2046,2091,2031,966,2046,2091,2031
371968,A,217,964,2043,2090,2031,964,2045,2090,2031
372068,A,217,965,2045,2093,2031,965,2047,2093,2031
372168,A,217,965,2045,2089,2031,966,2045,2090,2031
372268,A,217,963,2044,2089,2027,965,2044,2091,2029
372368,A,217,965,2047,2090,2030,965,2047,2090,2030
372468,A,217,963,2045,2091,2030,963,2045,2091,2030
372568,A,217,963,2046,2091,2031,963,2046,2091,2031
372668,A,217,964,2046,2089,2030,964,2046,2090,2030
372768,A,217,964,2043,2090,2031,964,2044,2090,2031
372868,A,217,963,2045,2091,2031,963,2045,2091,2031
372968,A,217,963,2046,2092,2032,963,2046,2092,2031
373068,A,217,963,2046,2090,2031,963,2046,2090,2031
373168,A,217,966,2045,2087,2031,964,2045,2093,2031
373268,A,217,963,2046,2092,2031,964,2046,2092,2031
373368,A,217,965,2046,2092,2031,965,2046,2092,2031
373468,A,217,965,2046,2089,2029,964,2046,2091,2029
373568,A,217,965,2045,2091,2032,961,2044,2091,2030
373668,A,217,963,2045,2091,2027,963,2045,2091,2029
373768,A,217,963,2045,2090,2031,964,2045,2092,2031
373868,A,217,964,2045,2091,2030,964,2045,2091,2030
373968,A,217,966,2046,2090,2029,965,2046,2091,2029
374068,A,217,962,2045,2093,2029,962,2045,2092,2030
374168,A,217,963,2044,2090,2031,963,2044,2090,2031
374268,A,217,962,2045,2091,2031,964,2045,2091,2030
374368,A,217,963,2045,2089,2031,964,2045,2091,2030
374468,A,217,964,2046,2091,2032,964,2046,2091,2031
374568,A,217,966,2045,2094,2031,966,2045,2092,2031
374668,A,217,965,2046,2091,2031,964,2046,2091,2031
374768,A,217,963,2047,2091,2029,963,2045,2091,2029
374868,A,217,964,2046,2091,2032,965,2046,2091,2031
374968,A,217,964,2045,2089,2031,964,2045,2092,2031
375068,A,217,967,2045,2089,2031,964,2045,2089,2029
375168,A,217,963,2047,2092,2031,963,2047,2091,2031
375268,A,217,965,2045,2093,2029,965,2045,2092,2029
375368,A,217,966,2047,2094,2030,965,2045,2093,2030
375468,A,217,965,2047,2092,2031,964,2047,2092,2031
375568,A,217,953,2032,2078,2014,961,2043,2089,2028
375668,A,217,965,2047,2091,2031,964,2046,2091,2031
375768,A,217,965,2046,2089,2032,965,2046,2094,2031
375868,A,217,953,2032,2079,2015,963,2043,2091,2029
375968,A,217,953,2034,2079,2019,953,2034,2081,2019
376068,A,217,965,2045,2093,2031,963,2044,2091,2029
376168,A,217,963,2046,2093,2032,963,2046,2092,2032
376268,A,217,965,2047,2090,2031,965,2046,2090,2031
376368,A,217,966,2045,2094,2033,964,2045,2093,2032
376468,A,217,966,2045,2089,2031,966,2045,2092,2031
376568,A,217,965,2046,2095,2030,965,2046,2092,2030
376668,A,217,965,2047,2091,2029,965,2047,2091,2029
376768,A,217,963,2045,2095,2032,963,2045,2091,2032
376868,A,217,961,2045,2090,2032,963,2045,2090,2032
376968,A,217,966,2043,2093,2031,964,2045,2093,2031
377068,A,217,965,2043,2094,2031,965,2045,2093,2031
377168,A,217,963,2046,2093,2032,963,2044,2093,2032
377268,A,217,965,2046,2091,2031,965,2046,2093,2031
377368,A,217,964,2045,2091,2031,964,2046,2092,2031
377468,A,217,965,2047,2091,2031,965,2047,2092,2031
377568,A,217,967,2043,2090,2032,964,2044,2091,2031
377668,A,217,965,2046,2094,2032,965,2046,2092,2032
377768,A,217,967,2046,2094,2032,966,2046,2091,2032
377868,A,217,963,2045,2093,2031,963,2045,2092,2030
377968,A,217,963,2046,2095,2032,963,2046,2093,2032
378068,A,217,965,2045,2094,2031,965,2046,2093,2031
378168,A,217,965,2046,2093,2030,962,2046,2091,2030
378268,A,217,966,2046,2091,2031,966,2046,2092,2031
378368,A,217,967,2045,2087,2031,966,2045,2092,2031
378468,A,217,962,2053,2095,2032,962,2043,2091,2029
378568,A,217,965,2045,2094,2030,963,2045,2093,2030
378668,A,217,964,2044,2087,2032,964,2045,2092,2032
378768,A,217,965,2047,2096,2032,964,2045,2091,2030
378868,A,217,963,2044,2089,2032,964,2044,2093,2030
378968,A,217,964,2047,2091,2032,964,2047,2091,2032
379068,A,217,964,2047,2094,2031,962,2045,2090,2028
379168,A,217,966,2045,2090,2031,964,2045,2092,2031
379268,A,217,963,2046,2091,2030,964,2046,2091,2030
379368,A,217,966,2047,2093,2030,962,2045,2090,2028
379468,A,217,966,2046,2089,2029,965,2046,2092,2029
379568,A,217,949,2032,2081,2013,961,2043,2089,2027
379668,A,217,963,2045,2090,2028,964,2045,2090,2029
379768,A,217,963,2046,2094,2032,963,2046,2092,2030
379868,A,217,955,2035,2079,2018,961,2043,2088,2029
379968,A,217,963,2041,2091,2026,963,2045,2091,2028
380068,A,217,965,2047,2091,2032,963,2046,2091,2032
380168,A,217,951,2032,2077,2016,962,2044,2090,2030
380268,A,217,966,2046,2091,2032,966,2046,2092,2031
380368,A,217,963,2047,2091,2031,964,2047,2092,2031
380468,A,217,963,2044,2091,2032,963,2044,2091,2032
380568,A,217,963,2045,2093,2032,963,2045,2091,2032
380668,A,217,964,2047,2092,2031,964,2047,2092,2031
380768,A,217,964,2053,2089,2030,965,2047,2092,2030
380868,A,217,963,2041,2092,2030,963,2045,2092,2030
380968,A,217,963,2045,2091,2031,963,2045,2092,2031
381068,A,217,963,2047,2092,2032,963,2046,2092,2032
381168,A,217,964,2045,2091,2031,964,2045,2092,2031
381268,A,217,962,2046,2087,2031,964,2046,2092,2031
381368,A,217,963,2047,2093,2032,964,2046,2092,2032
381468,A,217,967,2047,2087,2031,964,2047,2089,2031
381568,A,217,964,2042,2091,2031,964,2046,2091,2031
381668,A,217,966,2045,2095,2031,966,2046,2093,2031
381768,A,217,962,2046,2091,2032,964,2046,2092,2032
381868,A,217,963,2046,2090,2031,963,2046,2092,2031
381968,A,217,965,2047,2094,2031,965,2047,2093,2031
382068,A,217,965,2047,2093,2031,965,2047,2093,2031
382168,A,217,965,2046,2094,2030,963,2046,2091,2029
382268,A,217,965,2046,2091,2031,965,2046,2091,2031
382368,A,217,964,2047,2090,2030,964,2047,2090,2030
382468,A,217,963,2045,2093,2029,963,2046,2093,2030
382568,A,217,965,2046,2095,2031,965,2046,2092,2031
382668,A,217,963,2047,2091,2031,963,2047,2092,2031
382768,A,217,965,2053,2096,2032,963,2046,2090,2030
382868,A,217,963,2046,2091,2029,965,2046,2092,2030
382968,A,217,965,2046,2093,2032,965,2046,2093,2032
383068,A,217,965,2047,2094,2030,965,2046,2091,2030
383168,A,217,965,2043,2091,2032,965,2045,2091,2031
383268,A,217,964,2045,2093,2032,964,2046,2093,2032
383368,A,217,964,2047,2091,2032,965,2047,2092,2032
383468,A,217,963,2047,2091,2031,964,2046,2091,2031
383568,A,217,951,2033,2080,2019,963,2044,2089,2027
383668,A,217,966,2046,2091,2030,966,2046,2092,2030
383768,A,217,963,2046,2092,2031,963,2046,2092,2031
383868,A,217,963,2054,2093,2033,962,2047,2091,2032
383968,A,217,965,2047,2091,2032,965,2047,2091,2032
384068,A,217,967,2046,2094,2031,967,2046,2093,2031
384168,A,217,951,2032,2078,2016,963,2045,2092,2029
384268,A,217,963,2046,2089,2031,963,2046,2092,2031
384368,A,217,966,2045,2094,2031,965,2046,2093,2031
384468,A,217,954,2032,2078,2013,964,2045,2090,2028
384568,A,217,967,2045,2093,2029,966,2046,2092,2030
384668,A,217,966,2046,2089,2031,964,2046,2092,2031
384768,A,217,965,2042,2093,2032,965,2045,2093,2032
384868,A,217,964,2046,2093,2032,964,2046,2093,2032
384968,A,217,966,2047,2091,2030,964,2046,2092,2030
385068,A,217,966,2046,2091,2030,965,2046,2092,2030
385168,A,217,964,2042,2094,2030,964,2044,2092,2030
385268,A,217,964,2045,2091,2031,964,2046,2092,2031
385368,A,217,965,2046,2089,2032,965,2046,2090,2032
385468,A,217,964,2047,2095,2031,964,2046,2093,2031
385568,A,217,964,2042,2092,2031,964,2045,2092,2031
385668,A,217,965,2045,2090,2031,964,2045,2090,2031
385768,A,217,965,2046,2092,2029,965,2046,2092,2030
385868,A,217,966,2045,2094,2028,966,2046,2094,2031
385968,A,217,965,2047,2092,2029,965,2046,2092,2030
386068,A,217,967,2045,2092,2032,967,2046,2092,2032
386168,A,217,964,2046,2090,2031,964,2046,2092,2031
386268,A,217,960,2047,2092,2032,964,2047,2092,2032
386368,A,217,965,2047,2094,2032,965,2047,2092,2032
386468,A,217,964,2047,2091,2030,965,2047,2093,2030
386568,A,217,965,2047,2093,2031,964,2046,2092,2031
386668,A,217,962,2046,2089,2029,963,2046,2092,2029
386768,A,217,963,2046,2094,2032,963,2046,2093,2032
386868,A,217,965,2047,2093,2032,965,2047,2093,2032
386968,A,217,967,2045,2091,2032,966,2046,2091,2032
387068,A,217,965,2045,2095,2031,965,2045,2093,2031
387168,A,217,965,2047,2091,2031,964,2046,2091,2029
387268,A,217,966,2053,2090,2032,964,2048,2092,2032
387368,A,217,963,2045,2094,2031,963,2046,2093,2031
387468,A,217,965,2046,2094,2032,965,2046,2093,2032
387568,A,217,965,2045,2095,2032,965,2045,2092,2031
387668,A,217,965,2047,2091,2032,965,2047,2091,2032
387768,A,217,965,2046,2092,2029,965,2046,2092,2031
387868,A,217,951,2033,2083,2017,960,2044,2089,2027
387968,A,217,964,2045,2090,2033,960,2044,2089,2027
388068,A,217,966,2046,2091,2031,964,2046,2091,2031
388168,A,217,953,2032,2079,2014,962,2045,2090,2028
388268,A,217,966,2042,2094,2031,966,2045,2094,2031
388368,A,217,967,2047,2091,2030,966,2047,2091,2030
388468,A,217,951,2032,2077,2016,963,2044,2091,2029
388568,A,217,963,2045,2094,2032,964,2045,2091,2030
388668,A,217,964,2045,2086,2029,964,2046,2090,2030
388768,A,217,951,2030,2079,2015,964,2044,2091,2029
388868,A,217,963,2043,2093,2031,963,2045,2092,2031
388968,A,217,965,2045,2089,2032,965,2045,2092,2032
389068,A,217,966,2045,2090,2030,966,2045,2091,2030
389168,A,217,963,2047,2094,2029,963,2047,2093,2029
389268,A,217,965,2047,2091,2031,965,2047,2091,2031
389368,A,217,966,2045,2094,2027,965,2045,2093,2031
389468,A,217,967,2047,2091,2032,966,2047,2092,2032
389568,A,217,964,2046,2092,2031,965,2046,2092,2031
389668,A,217,964,2047,2089,2031,964,2047,2089,2031
389768,A,217,965,2045,2093,2031,965,2045,2093,2031
389868,A,217,963,2047,2093,2030,964,2046,2093,2030
389968,A,217,964,2046,2091,2030,964,2046,2093,2030
390068,A,217,964,2046,2090,2031,964,2046,2090,2031
390168,A,217,964,2046,2094,2031,965,2046,2094,2031
390268,A,217,966,2047,2091,2032,966,2047,2091,2032
390368,A,217,962,2045,2091,2031,963,2045,2091,2031
390468,A,217,966,2045,2089,2031,965,2046,2090,2031
390568,A,217,965,2046,2093,2030,965,2046,2092,2030
390668,A,217,964,2046,2090,2030,965,2046,2091,2030
390768,A,217,967,2047,2094,2031,965,2046,2093,2031
390868,A,217,966,2047,2094,2031,965,2047,2093,2031
390968,A,217,963,2046,2093,2030,963,2046,2091,2030
391068,A,217,964,2047,2093,2031,964,2047,2092,2030
391168,A,217,963,2046,2092,2032,964,2045,2092,2032
391268,A,217,967,2045,2087,2032,966,2045,2092,2032
391368,A,217,963,2045,2093,2031,964,2045,2092,2031
391468,A,217,966,2047,2091,2031,965,2045,2091,2031
391568,A,217,965,2047,2092,2031,962,2044,2091,2028
391668,A,217,963,2054,2093,2031,963,2047,2092,2031
391768,A,217,963,2046,2091,2031,963,2046,2093,2031
391868,A,217,965,2053,2094,2032,963,2044,2091,2030
391968,A,217,965,2045,2094,2031,965,2045,2090,2031
392068,A,217,964,2047,2091,2029,964,2046,2091,2030
392168,A,217,967,2046,2095,2032,964,2045,2089,2029
392268,A,217,961,2043,2091,2032,962,2045,2091,2032
392368,A,217,967,2045,2092,2032,966,2045,2091,2031
392468,A,217,954,2033,2079,2020,962,2041,2091,2027
392568,A,217,964,2046,2087,2030,963,2046,2090,2030
392668,A,217,964,2047,2094,2028,964,2047,2092,2030
392768,A,217,954,2032,2075,2017,963,2045,2089,2030
392868,A,217,965,2043,2093,2031,965,2045,2093,2031
392968,A,217,963,2045,2095,2032,963,2045,2092,2030
393068,A,217,953,2033,2074,2013,963,2044,2090,2028
393168,A,217,967,2045,2090,2031,966,2045,2090,2031
393268,A,217,964,2046,2086,2029,964,2046,2090,2029
393368,A,217,963,2047,2092,2031,964,2047,2092,2031
393468,A,217,963,2045,2094,2030,964,2045,2094,2030
393568,A,217,965,2047,2091,2031,965,2046,2092,2030
393668,A,217,962,2047,2093,2030,964,2047,2093,2030
393768,A,217,963,2047,2091,2031,963,2045,2091,2031
393868,A,217,963,2043,2090,2029,963,2045,2090,2030
393968,A,217,964,2045,2093,2030,965,2045,2091,2030
394068,A,217,959,2047,2093,2032,963,2046,2092,2032
394168,A,217,963,2045,2089,2031,965,2045,2092,2031
394268,A,217,965,2047,2092,2032,965,2045,2092,2030
394368,A,217,965,2046,2093,2032,965,2045,2092,2032
394468,A,217,966,2045,2093,2032,965,2045,2093,2030
394568,A,217,963,2046,2091,2032,963,2046,2091,2029
394668,A,217,963,2045,2092,2031,964,2045,2092,2031
394768,A,217,965,2045,2095,2031,965,2045,2093,2031
394868,A,217,965,2045,2093,2030,964,2045,2093,2030
394968,A,217,963,2046,2091,2031,964,2046,2091,2031
395068,A,217,964,2045,2090,2032,964,2045,2092,2032
395168,A,217,965,2044,2093,2031,965,2045,2093,2031
395268,A,217,966,2045,2086,2031,966,2045,2093,2031
395368,A,217,966,2046,2093,2032,965,2046,2093,2032
395468,A,217,964,2045,2091,2032,964,2046,2092,2032
395568,A,217,967,2045,2093,2032,963,2045,2090,2029
395668,A,217,968,2047,2093,2031,965,2047,2093,2031
395768,A,217,965,2047,2093,2030,965,2047,2093,2030
395868,A,217,965,2046,2094,2032,965,2046,2094,2031
395968,A,217,965,2046,2094,2030,965,2046,2094,2030
396068,A,217,966,2046,2095,2030,965,2046,2092,2030
396168,A,217,966,2047,2093,2032,963,2045,2092,2029
396268,A,217,967,2047,2090,2031,965,2046,2092,2031
396368,A,217,964,2046,2093,2031,964,2046,2092,2031
396468,A,217,966,2047,2094,2030,964,2044,2093,2029
396568,A,217,966,2047,2091,2029,966,2047,2094,2030
396668,A,217,965,2053,2091,2031,965,2047,2092,2031
396768,A,217,954,2032,2077,2018,963,2044,2091,2030
396868,A,217,965,2046,2091,2032,965,2046,2091,2032
396968,A,217,963,2046,2091,2031,965,2046,2092,2031
397068,A,217,951,2033,2080,2018,963,2043,2089,2030
397168,A,217,966,2046,2091,2031,966,2046,2093,2031
397268,A,217,964,2046,2091,2031,964,2046,2091,2031
397368,A,217,957,2032,2076,2016,963,2046,2090,2030
397468,A,217,964,2046,2090,2032,964,2046,2091,2031
397568,A,217,964,2046,2090,2031,964,2046,2090,2031
397668,A,217,966,2045,2093,2029,964,2045,2092,2030
397768,A,217,964,2045,2094,2031,963,2045,2092,2031
397868,A,217,965,2043,2091,2029,964,2044,2091,2029
397968,A,217,964,2045,2087,2031,964,2045,2092,2031
398068,A,217,963,2046,2090,2031,964,2046,2091,2031
398168,A,217,965,2043,2092,2031,965,2044,2091,2031
398268,A,217,963,2045,2093,2030,963,2045,2092,2031
398368,A,217,961,2045,2093,2030,964,2045,2091,2030
398468,A,217,962,2045,2087,2031,963,2046,2089,2031
398568,A,217,964,2044,2093,2032,963,2044,2091,2031
398668,A,217,963,2046,2090,2031,964,2046,2090,2031
398768,A,217,969,2043,2093,2030,964,2046,2093,2031
398868,A,217,963,2044,2092,2032,964,2044,2092,2032
398968,A,217,965,2046,2094,2030,966,2046,2091,2030
399068,A,217,960,2047,2092,2031,963,2047,2092,2031
399168,A,217,963,2045,2091,2031,963,2045,2091,2031
399268,A,217,963,2046,2087,2030,963,2046,2090,2030
399368,A,217,965,2047,2091,2029,965,2046,2091,2029
399468,A,217,963,2046,2091,2031,964,2046,2091,2031
399568,A,217,965,2045,2091,2032,965,2045,2091,2032
399668,A,217,960,2043,2093,2031,964,2045,2093,2031
399768,A,217,964,2046,2090,2032,965,2046,2092,2030
399868,A,217,965,2047,2096,2031,965,2047,2092,2030
399968,A,217,963,2046,2087,2029,963,2046,2091,2029
400068,A,217,966,2043,2091,2032,966,2044,2091,2032
400168,A,217,966,2047,2095,2031,962,2042,2090,2029
400268,A,217,965,2047,2091,2031,965,2047,2092,2031
400368,A,217,964,2046,2094,2031,964,2046,2091,2031
400468,A,217,951,2034,2080,2019,962,2042,2090,2027
400568,A,217,965,2045,2091,2031,965,2045,2091,2031
400668,A,217,963,2043,2090,2029,963,2044,2091,2029
400768,A,217,951,2032,2079,2016,962,2044,2088,2027
400868,A,217,965,2046,2093,2031,965,2046,2092,2031
400968,A,217,963,2047,2089,2031,964,2046,2090,2031
401068,A,217,953,2033,2079,2018,962,2044,2089,2028
401168,A,217,962,2046,2092,2032,964,2046,2092,2031
401268,A,217,963,2043,2092,2031,963,2045,2092,2031
401368,A,217,963,2047,2094,2030,963,2047,2094,2030
401468,A,217,964,2045,2090,2027,964,2045,2092,2030
401568,A,217,955,2032,2080,2018,963,2045,2089,2030
401668,A,217,966,2047,2090,2030,966,2047,2090,2030
401768,A,217,964,2045,2094,2029,964,2045,2094,2030
401868,A,217,964,2046,2092,2030,965,2046,2092,2031
401968,A,217,964,2046,2090,2030,964,2046,2092,2031
402068,A,217,965,2044,2090,2027,965,2045,2090,2029
402168,A,217,965,2045,2093,2029,964,2045,2091,2029
402268,A,217,967,2046,2092,2032,965,2046,2092,2031
402368,A,217,965,2045,2089,2032,965,2045,2092,2032
402468,A,217,963,2047,2090,2032,963,2046,2091,2031
402568,A,217,965,2047,2089,2028,965,2046,2089,2030
402668,A,217,963,2047,2091,2030,963,2046,2091,2030
402768,A,217,965,2046,2091,2031,965,2046,2091,2031
402868,A,217,962,2047,2093,2032,962,2046,2093,2032
402968,A,217,964,2046,2089,2032,964,2046,2090,2031
403068,A,217,963,2047,2093,2031,963,2046,2092,2031
403168,A,217,964,2046,2089,2029,964,2046,2091,2029
403268,A,217,963,2045,2091,2031,963,2045,2091,2031
403368,A,217,963,2046,2093,2031,964,2046,2093,2031
403468,A,217,962,2046,2091,2032,964,2046,2091,2031
403568,A,217,965,2045,2089,2030,963,2045,2089,2029
403668,A,217,963,2046,2093,2031,963,2046,2093,2031
403768,A,217,962,2045,2090,2030,963,2046,2090,2030
403868,A,217,964,2047,2091,2030,964,2047,2090,2030
403968,A,217,965,2043,2094,2029,965,2045,2091,2029
404068,A,217,967,2047,2093,2031,965,2047,2091,2031
404168,A,217,963,2046,2094,2032,963,2046,2090,2029
404268,A,217,965,2043,2091,2031,965,2043,2091,2031
404368,A,217,964,2045,2090,2030,964,2046,2091,2030
404468,A,217,963,2047,2093,2032,963,2045,2091,2030
404568,A,217,963,2045,2092,2029,964,2045,2092,2029
404668,A,217,963,2047,2093,2031,964,2047,2091,2030
404768,A,217,967,2046,2094,2030,965,2045,2092,2030
404868,A,217,965,2046,2092,2030,965,2046,2091,2030
404968,A,217,966,2046,2091,2032,966,2046,2089,2032
405068,A,217,955,2032,2083,2026,961,2041,2087,2026
405168,A,217,962,2045,2091,2031,965,2045,2091,2031
405268,A,217,964,2046,2094,2031,964,2045,2091,2031
405368,A,217,967,2047,2094,2032,964,2046,2090,2031
405468,A,217,963,2046,2090,2032,963,2046,2091,2032
405568,A,217,946,2031,2075,2019,963,2045,2091,2031
405668,A,217,966,2045,2095,2032,964,2045,2092,2032
405768,A,217,965,2045,2093,2029,965,2045,2093,2029
405868,A,217,950,2031,2075,2013,963,2045,2089,2029
405968,A,217,965,2047,2091,2030,965,2047,2091,2030
406068,A,217,963,2046,2092,2032,963,2045,2092,2032
406168,A,217,965,2046,2091,2031,964,2046,2091,2031
406268,A,217,965,2046,2091,2029,965,2044,2091,2029
406368,A,217,963,2043,2093,2030,963,2044,2091,2030
406468,A,217,966,2045,2093,2030,965,2045,2092,2030
406568,A,217,965,2045,2090,2031,964,2045,2090,2031
406668,A,217,965,2046,2093,2031,964,2046,2093,2031
406768,A,217,966,2045,2086,2027,964,2045,2090,2028
406868,A,217,965,2046,2086,2030,965,2046,2090,2030
406968,A,217,965,2047,2092,2029,965,2046,2092,2029
407068,A,217,965,2046,2092,2030,964,2046,2092,2030
407168,A,217,964,2047,2088,2031,964,2047,2091,2031
407268,A,217,965,2042,2090,2032,965,2045,2091,2030
407368,A,217,962,2045,2092,2031,964,2045,2092,2031
407468,A,217,967,2045,2093,2031,965,2045,2093,2031
407568,A,217,964,2046,2094,2031,963,2044,2091,2029
407668,A,217,965,2044,2087,2031,965,2046,2092,2031
407768,A,217,964,2045,2093,2031,964,2045,2092,2031
407868,A,217,966,2043,2092,2032,966,2045,2092,2032
407968,A,217,963,2045,2093,2031,963,2045,2091,2031
408068,A,217,965,2045,2091,2030,965,2045,2091,2031
408168,A,217,963,2047,2094,2031,963,2046,2093,2031
408268,A,217,965,2046,2092,2030,965,2046,2092,2030
408368,A,217,962,2047,2094,2031,964,2046,2092,2031
408468,A,217,965,2047,2092,2032,960,2040,2088,2027
408568,A,217,965,2045,2094,2031,965,2046,2092,2031
408668,A,217,965,2045,2090,2029,965,2045,2091,2030
408768,A,217,966,2047,2093,2030,963,2045,2089,2030
408868,A,217,965,2045,2091,2032,965,2045,2091,2032
408968,A,217,964,2046,2094,2031,964,2046,2093,2031
409068,A,217,963,2046,2095,2031,963,2045,2093,2031
409168,A,217,963,2046,2093,2030,964,2046,2093,2030
409268,A,217,964,2046,2091,2032,964,2046,2093,2032
409368,A,217,965,2045,2091,2030,965,2045,2091,2030
409468,A,217,963,2045,2090,2032,963,2046,2092,2032
409568,A,217,953,2033,2081,2019,964,2044,2089,2029
409668,A,217,965,2046,2091,2032,965,2046,2091,2032
409768,A,217,965,2045,2087,2032,965,2046,2093,2032
409868,A,217,953,2034,2075,2023,963,2045,2090,2031
409968,A,217,962,2046,2093,2029,963,2046,2093,2030
410068,A,217,965,2046,2093,2031,965,2046,2093,2031
410168,A,217,959,2032,2073,2019,963,2046,2089,2030
410268,A,217,965,2043,2090,2030,965,2045,2092,2030
410368,A,217,963,2046,2092,2029,965,2046,2092,2029
410468,A,217,963,2046,2090,2031,963,2046,2093,2031
410568,A,217,965,2046,2089,2031,965,2046,2090,2031
410668,A,217,966,2046,2091,2031,965,2046,2091,2031
410768,A,217,965,2046,2091,2031,965,2046,2091,2031
410868,A,217,966,2046,2090,2032,964,2046,2091,2031
410968,A,217,967,2043,2094,2030,964,2045,2091,2031
411068,A,217,965,2046,2091,2031,963,2046,2091,2031
411168,A,217,965,2046,2091,2029,965,2046,2091,2030
411268,A,217,963,2047,2089,2031,964,2047,2091,2031
411368,A,217,964,2047,2094,2031,964,2047,2093,2031
411468,A,217,965,2046,2091,2031,965,2046,2092,2031
411568,A,217,966,2046,2092,2030,965,2046,2093,2030
411668,A,217,966,2045,2090,2031,965,2045,2091,2031
411768,A,217,966,2045,2091,2029,966,2045,2091,2031
411868,A,217,964,2045,2092,2032,964,2045,2091,2032
411968,A,217,965,2046,2093,2030,965,2046,2093,2030
412068,A,217,964,2046,2089,2031,964,2046,2090,2031
412168,A,217,963,2047,2093,2031,963,2047,2093,2031
412268,A,217,965,2046,2091,2031,965,2046,2091,2031
412368,A,217,963,2045,2094,2030,964,2046,2092,2030
412468,A,217,965,2046,2094,2029,964,2046,2090,2029
412568,A,217,964,2045,2092,2031,964,2046,2091,2031
412668,A,217,964,2047,2091,2032,964,2047,2091,2032
412768,A,217,963,2047,2091,2031,963,2045,2090,2030
412868,A,217,967,2047,2090,2031,965,2046,2091,2031
412968,A,217,965,2046,2091,2030,964,2046,2091,2030
413068,A,217,966,2054,2094,2032,963,2042,2090,2029
413168,A,217,966,2047,2093,2030,965,2047,2093,2030
413268,A,217,963,2046,2090,2031,964,2046,2092,2031
413368,A,217,965,2047,2093,2031,964,2047,2092,2031
413468,A,217,964,2045,2092,2029,964,2045,2092,2029
413568,A,217,955,2034,2079,2018,962,2043,2090,2027
413668,A,217,962,2047,2094,2032,965,2047,2092,2032
413768,A,217,966,2046,2092,2029,964,2046,2092,2031
413868,A,217,948,2034,2079,2017,962,2044,2091,2030
413968,A,217,966,2047,2093,2027,965,2046,2093,2029
414068,A,217,963,2045,2092,2030,964,2045,2091,2030
414168,A,217,950,2032,2077,2015,963,2045,2090,2029
414268,A,217,965,2045,2091,2031,965,2045,2091,2031
414368,A,217,966,2042,2094,2031,966,2045,2093,2031
414468,A,217,965,2041,2082,2021,965,2045,2092,2030
414568,A,217,965,2045,2089,2032,965,2045,2093,2031
414668,A,217,963,2045,2090,2031,965,2045,2090,2031
414768,A,217,963,2045,2092,2031,963,2045,2092,2031
414868,A,217,962,2046,2092,2032,964,2046,2092,2032
414968,A,217,963,2046,2089,2031,963,2046,2090,2031
415068,A,217,966,2045,2094,2030,965,2045,2092,2030
415168,A,217,963,2046,2088,2030,963,2046,2090,2030
415268,A,217,963,2046,2089,2031,964,2046,2090,2031
415368,A,217,965,2044,2093,2031,964,2044,2092,2031
415468,A,217,965,2046,2090,2030,965,2046,2090,2031
415568,A,217,962,2046,2094,2027,963,2046,2092,2029
415668,A,217,965,2043,2091,2031,965,2044,2091,2031
415768,A,217,966,2043,2093,2030,965,2044,2092,2030
415868,A,217,965,2043,2091,2031,965,2043,2091,2030
415968,A,217,965,2047,2090,2032,964,2045,2090,2031
416068,A,217,965,2046,2093,2031,965,2046,2091,2031
416168,A,217,965,2045,2087,2029,965,2045,2091,2029
416268,A,217,965,2046,2092,2031,964,2045,2092,2031
416368,A,217,963,2045,2091,2031,965,2045,2091,2031
416468,A,217,963,2046,2091,2030,963,2045,2091,2029
416568,A,217,966,2045,2089,2031,964,2045,2090,2031
416668,A,217,963,2045,2094,2032,965,2044,2093,2032
416768,A,217,966,2053,2093,2031,963,2044,2090,2028
416868,A,217,965,2047,2094,2032,965,2047,2092,2032
416968,A,217,975,2047,2087,2027,965,2047,2092,2031
417068,A,217,964,2045,2093,2031,964,2045,2093,2030
417168,A,217,965,2045,2092,2032,965,2045,2092,2031
417268,A,217,965,2046,2093,2030,963,2045,2092,2030
417368,A,217,963,2046,2094,2029,964,2046,2094,2029
417468,A,217,962,2046,2091,2031,963,2046,2091,2031
417568,A,217,967,2054,2095,2032,965,2046,2090,2030
417668,A,217,964,2046,2091,2029,965,2046,2091,2031
417768,A,217,963,2043,2089,2031,963,2043,2090,2030
417868,A,217,970,2053,2095,2029,964,2044,2091,2029
417968,A,217,964,2046,2094,2031,964,2046,2092,2031
418068,A,217,966,2046,2095,2031,964,2046,2093,2031
418168,A,217,949,2032,2078,2015,963,2045,2092,2028
418268,A,217,963,2047,2090,2031,963,2045,2091,2031
418368,A,217,965,2041,2093,2031,965,2045,2092,2031
418468,A,217,950,2033,2077,2017,962,2044,2089,2030
418568,A,217,965,2046,2090,2031,965,2046,2090,2031
418668,A,217,962,2046,2092,2029,964,2045,2092,2029
418768,A,217,967,2046,2089,2029,965,2046,2092,2030
418868,A,217,965,2046,2090,2031,965,2046,2090,2031
418968,A,217,964,2047,2091,2029,964,2047,2091,2029
419068,A,217,965,2046,2090,2030,965,2046,2090,2030
419168,A,217,965,2046,2089,2032,964,2046,2091,2032
419268,A,217,963,2044,2087,2031,963,2045,2092,2031
419368,A,217,965,2046,2096,2031,965,2046,2094,2031
419468,A,217,964,2046,2092,2032,964,2046,2092,2032
419568,A,217,965,2044,2090,2031,965,2044,2092,2031
419668,A,217,966,2047,2094,2032,966,2047,2092,2032
419768,A,217,964,2044,2095,2032,964,2045,2093,2031
419868,A,217,963,2045,2093,2032,964,2045,2093,2032
419968,A,217,963,2046,2091,2031,963,2046,2091,2031
420068,A,217,965,2045,2094,2031,965,2046,2092,2031
420168,A,217,964,2046,2093,2031,964,2046,2093,2031
420268,A,217,953,2034,2078,2022,956,2036,2083,2022
420368,A,217,962,2047,2090,2029,964,2046,2090,2029
420468,A,217,965,2047,2094,2031,965,2046,2092,2031
420568,A,217,966,2047,2093,2032,964,2046,2092,2030
420668,A,217,963,2046,2089,2032,964,2046,2091,2032
420768,A,217,966,2045,2091,2032,965,2045,2092,2032
420868,A,217,965,2045,2090,2030,965,2045,2091,2031
420968,A,217,964,2047,2093,2031,964,2047,2092,2031
421068,A,217,963,2046,2091,2032,964,2046,2091,2032
421168,A,217,966,2046,2094,2032,964,2046,2091,2030
421268,A,217,966,2047,2089,2032,966,2047,2091,2032
421368,A,217,965,2046,2094,2032,965,2046,2091,2032
421468,A,217,965,2047,2093,2031,965,2045,2092,2031
421568,A,217,965,2047,2093,2031,962,2043,2089,2028
421668,A,217,965,2045,2087,2030,963,2045,2091,2030
421768,A,217,967,2045,2091,2031,966,2045,2091,2031
421868,A,217,953,2032,2077,2018,962,2043,2087,2028
421968,A,217,966,2046,2091,2032,965,2046,2091,2031
422068,A,217,962,2047,2093,2031,962,2047,2093,2031
422168,A,217,965,2047,2095,2032,963,2046,2090,2030
422268,A,217,962,2042,2086,2031,963,2045,2090,2031
422368,A,217,964,2045,2090,2032,964,2046,2090,2032
422468,A,217,948,2034,2081,2020,962,2043,2090,2028
422568,A,217,964,2043,2090,2031,964,2045,2090,2031
422668,A,217,963,2045,2094,2032,963,2046,2092,2032
422768,A,217,953,2032,2077,2015,963,2043,2090,2028
422868,A,217,963,2047,2093,2031,963,2047,2092,2030
422968,A,217,964,2046,2095,2029,964,2045,2093,2030
423068,A,217,966,2047,2091,2031,966,2047,2091,2031
423168,A,217,965,2045,2086,2029,964,2045,2090,2029
423268,A,217,965,2045,2091,2032,965,2045,2093,2032
423368,A,217,965,2046,2093,2031,965,2046,2091,2031
423468,A,217,963,2045,2089,2032,964,2045,2092,2031
423568,A,217,963,2042,2092,2027,964,2044,2092,2030
423668,A,217,964,2046,2087,2032,964,2046,2090,2031
423768,A,217,961,2045,2090,2032,962,2045,2092,2031
423868,A,217,962,2045,2089,2027,963,2045,2091,2027
423968,A,217,963,2046,2091,2031,965,2046,2091,2029
424068,A,217,965,2046,2090,2031,965,2046,2090,2030
424168,A,217,962,2045,2094,2031,962,2044,2091,2031
424268,A,217,963,2046,2090,2030,963,2045,2090,2028
424368,A,217,964,2046,2093,2030,964,2046,2092,2030
424468,A,217,965,2046,2089,2031,964,2046,2091,2031
424568,A,217,966,2046,2090,2031,963,2045,2092,2031
424668,A,217,965,2045,2091,2030,964,2045,2091,2030
424768,A,217,963,2046,2087,2029,964,2046,2092,2030
424868,A,217,964,2047,2094,2031,964,2046,2092,2031
424968,A,217,966,2045,2093,2031,966,2045,2092,2031
425068,A,217,965,2045,2091,2032,965,2045,2091,2030
425168,A,217,963,2047,2087,2032,963,2046,2089,2032
425268,A,217,964,2045,2093,2032,964,2045,2092,2032
425368,A,217,963,2047,2090,2026,964,2047,2090,2030
425468,A,217,951,2035,2074,2019,958,2041,2086,2023
425568,A,217,951,2033,2082,2016,954,2037,2082,2020
425668,A,217,963,2046,2093,2032,959,2037,2085,2022
425768,A,217,966,2046,2087,2032,965,2046,2092,2031
425868,A,217,968,2045,2094,2031,964,2045,2092,2030
425968,A,217,961,2047,2087,2030,965,2047,2092,2030
426068,A,217,965,2047,2090,2032,965,2046,2090,2032
426168,A,217,954,2033,2078,2018,962,2043,2088,2027
426268,A,217,963,2043,2085,2029,963,2044,2091,2029
426368,A,217,966,2044,2092,2032,966,2046,2092,2032
426468,A,217,966,2053,2091,2033,965,2046,2091,2031
426568,A,217,964,2046,2091,2031,964,2046,2092,2031
426668,A,217,966,2046,2092,2029,965,2045,2092,2030
426768,A,217,952,2026,2075,2014,960,2042,2088,2028
426868,A,217,963,2046,2091,2031,963,2046,2091,2031
426968,A,217,962,2047,2093,2030,962,2047,2093,2030
427068,A,217,951,2031,2079,2018,963,2045,2090,2029
427168,A,217,965,2046,2092,2032,965,2046,2092,2031
427268,A,217,965,2047,2090,2030,964,2046,2090,2030
427368,A,217,965,2047,2094,2032,965,2046,2092,2031
427468,A,217,962,2046,2092,2030,963,2046,2092,2030
427568,A,217,964,2046,2091,2030,964,2046,2091,2030
427668,A,217,963,2045,2093,2029,963,2045,2092,2030
427768,A,217,967,2045,2087,2030,964,2045,2092,2030
427868,A,217,965,2044,2090,2031,964,2044,2090,2030
427968,A,217,963,2046,2087,2029,964,2046,2090,2029
428068,A,217,966,2046,2093,2030,966,2046,2092,2030
428168,A,217,964,2046,2091,2030,964,2046,2091,2030
428268,A,217,966,2044,2088,2030,966,2044,2090,2030
428368,A,217,966,2045,2090,2031,966,2045,2091,2031
428468,A,217,966,2047,2091,2032,964,2045,2091,2032
428568,A,217,963,2045,2093,2032,964,2045,2093,2031
428668,A,217,963,2046,2093,2031,963,2046,2093,2031
428768,A,217,963,2046,2093,2030,963,2046,2093,2030
428868,A,217,964,2047,2093,2031,964,2047,2091,2030
428968,A,217,967,2047,2090,2031,965,2046,2090,2031
429068,A,217,966,2045,2094,2031,965,2045,2094,2031
429168,A,217,962,2045,2093,2031,962,2045,2092,2029
429268,A,217,963,2047,2091,2031,963,2047,2091,2031
429368,A,217,964,2045,2091,2031,964,2046,2091,2031
429468,A,217,962,2045,2091,2031,963,2045,2091,2031
429568,A,217,965,2046,2093,2029,964,2045,2092,2030
429668,A,217,965,2042,2091,2029,965,2045,2091,2029
429768,A,217,965,2045,2092,2031,965,2045,2092,2031
429868,A,217,963,2045,2091,2029,963,2045,2091,2029
429968,A,217,964,2045,2090,2031,964,2046,2090,2031
430068,A,217,966,2045,2093,2031,966,2045,2092,2030
430168,A,217,965,2046,2095,2032,962,2043,2088,2029
430268,A,217,964,2047,2091,2030,964,2047,2092,2031
430368,A,217,964,2045,2094,2031,965,2045,2092,2031
430468,A,217,951,2033,2082,2016,961,2042,2088,2028
430568,A,217,961,2045,2089,2029,965,2046,2090,2030
430668,A,217,963,2043,2093,2031,963,2045,2091,2031
430768,A,217,949,2032,2077,2015,962,2043,2089,2029
430868,A,217,963,2045,2091,2029,964,2045,2091,2030
430968,A,217,963,2043,2094,2031,963,2045,2091,2031
431068,A,217,952,2031,2077,2018,961,2044,2089,2028
431168,A,217,963,2047,2090,2029,963,2047,2090,2030
431268,A,217,963,2045,2087,2030,963,2045,2093,2030
431368,A,217,950,2033,2077,2017,962,2046,2089,2029
431468,A,217,963,2045,2093,2029,964,2045,2092,2030
431568,A,217,966,2045,2091,2030,966,2045,2091,2030
431668,A,217,963,2046,2091,2032,963,2046,2091,2032
431768,A,217,964,2047,2093,2031,964,2047,2093,2031
431868,A,217,963,2045,2094,2029,963,2046,2093,2029
431968,A,217,966,2047,2091,2032,966,2047,2092,2031
432068,A,217,963,2046,2093,2029,963,2046,2093,2029
432168,A,217,965,2044,2091,2031,965,2045,2091,2031
432268,A,217,966,2047,2092,2032,965,2045,2092,2031
432368,A,217,965,2045,2091,2031,965,2046,2092,2031
432468,A,217,965,2047,2091,2031,965,2047,2091,2031
432568,A,217,963,2046,2091,2030,963,2045,2091,2030
432668,A,217,965,2046,2089,2031,965,2045,2091,2030
432768,A,217,964,2046,2093,2031,964,2046,2093,2031
432868,A,217,963,2045,2091,2031,963,2045,2091,2031
432968,A,217,970,2046,2093,2031,966,2046,2092,2031
433068,A,217,966,2045,2090,2030,965,2045,2090,2030
433168,A,217,964,2046,2091,2031,964,2046,2091,2031
433268,A,217,965,2044,2093,2031,964,2044,2092,2031
433368,A,217,965,2044,2089,2031,965,2044,2091,2031
433468,A,217,965,2044,2093,2031,965,2046,2093,2030
433568,A,217,967,2046,2093,2031,963,2046,2091,2029
433668,A,217,966,2044,2089,2029,965,2044,2090,2031
433768,A,217,964,2046,2093,2030,964,2045,2093,2031
433868,A,217,965,2046,2091,2032,964,2045,2091,2030
433968,A,217,965,2046,2090,2031,965,2046,2090,2031
434068,A,217,964,2047,2091,2032,964,2046,2091,2031
434168,A,217,964,2045,2093,2030,964,2045,2093,2030
434268,A,217,965,2047,2091,2031,965,2047,2092,2031
434368,A,217,962,2045,2090,2031,963,2045,2091,2031
434468,A,217,962,2044,2091,2030,963,2044,2091,2030
434568,A,217,965,2043,2094,2031,965,2045,2092,2031
434668,A,217,966,2046,2092,2032,965,2046,2091,2031
434768,A,217,953,2032,2079,2015,962,2042,2088,2028
434868,A,217,964,2046,2093,2031,964,2046,2092,2031
434968,A,217,965,2047,2087,2030,965,2047,2090,2030
435068,A,217,963,2047,2094,2032,963,2046,2090,2031
435168,A,217,964,2047,2093,2031,964,2047,2093,2031
435268,A,217,966,2047,2091,2030,965,2047,2091,2030
435368,A,217,967,2047,2094,2032,963,2046,2091,2031
435468,A,217,963,2045,2085,2030,963,2045,2091,2030
435568,A,217,950,2032,2078,2014,962,2044,2090,2029
435668,A,217,965,2045,2093,2031,964,2045,2092,2031
435768,A,217,965,2045,2086,2031,965,2045,2090,2031
435868,A,217,966,2043,2092,2030,966,2044,2091,2030
435968,A,217,962,2043,2094,2029,964,2046,2092,2029
436068,A,217,966,2046,2094,2032,965,2046,2092,2032
436168,A,217,963,2046,2087,2030,963,2046,2090,2031
436268,A,217,964,2047,2092,2031,965,2047,2092,2031
436368,A,217,964,2045,2093,2029,964,2045,2091,2029
436468,A,217,965,2045,2086,2031,964,2045,2090,2031
436568,A,217,966,2046,2087,2031,966,2045,2090,2031
436668,A,217,962,2047,2092,2031,965,2047,2092,2031
436768,A,217,961,2045,2089,2031,963,2045,2091,2031
436868,A,217,965,2046,2094,2032,965,2046,2092,2032
436968,A,217,965,2053,2092,2030,965,2047,2093,2030
437068,A,217,961,2046,2094,2032,964,2046,2093,2032
437168,A,217,962,2043,2094,2032,963,2045,2093,2032
437268,A,217,965,2046,2091,2031,965,2046,2091,2031
437368,A,217,962,2046,2090,2031,962,2046,2090,2030
437468,A,217,960,2046,2094,2031,963,2046,2094,2031
437568,A,217,965,2047,2095,2032,960,2041,2087,2027
437668,A,217,963,2045,2091,2030,963,2045,2091,2030
437768,A,217,963,2046,2089,2030,964,2046,2090,2030
437868,A,217,964,2047,2090,2030,964,2047,2090,2030
437968,A,217,963,2044,2090,2031,963,2044,2091,2031
438068,A,217,965,2044,2093,2031,963,2044,2091,2031
438168,A,217,966,2045,2091,2029,964,2044,2090,2029
438268,A,217,961,2045,2091,2030,962,2045,2091,2031
438368,A,217,963,2046,2094,2030,963,2046,2092,2030
438468,A,217,966,2045,2093,2029,966,2043,2091,2029
438568,A,217,966,2047,2093,2030,965,2047,2093,2030
438668,A,217,963,2045,2086,2031,963,2045,2090,2031
438768,A,217,968,2047,2091,2030,961,2044,2090,2028
438868,A,217,964,2045,2093,2030,964,2045,2093,2030
438968,A,217,965,2047,2094,2032,966,2047,2093,2032
439068,A,217,951,2033,2079,2013,962,2044,2088,2027
439168,A,217,964,2054,2091,2032,964,2047,2091,2032
439268,A,217,963,2043,2087,2031,963,2043,2092,2031
439368,A,217,963,2045,2094,2032,963,2045,2092,2031
439468,A,217,965,2043,2093,2031,965,2046,2093,2031
439568,A,217,950,2035,2073,2019,963,2044,2088,2027
439668,A,217,967,2047,2091,2032,966,2047,2091,2032
439768,A,217,963,2045,2091,2029,964,2045,2092,2029
439868,A,217,951,2032,2073,2016,964,2046,2090,2030
439968,A,217,965,2045,2089,2031,965,2045,2090,2031
440068,A,217,963,2045,2095,2031,964,2045,2092,2031
440168,A,217,965,2045,2092,2030,964,2046,2092,2030
440268,A,217,967,2046,2091,2032,966,2046,2091,2031
440368,A,217,965,2045,2093,2030,965,2045,2091,2030
440468,A,217,963,2046,2090,2031,963,2046,2090,2031
440568,A,217,967,2046,2091,2031,964,2046,2091,2031
440668,A,217,965,2047,2089,2031,965,2047,2092,2031
440768,A,217,965,2047,2094,2031,965,2047,2094,2031
440868,A,217,965,2046,2092,2030,965,2046,2092,2030
440968,A,217,965,2046,2089,2031,965,2046,2090,2031
441068,A,217,965,2046,2091,2032,965,2046,2091,2031
441168,A,217,964,2046,2089,2032,964,2046,2090,2032
441268,A,217,966,2046,2089,2032,965,2045,2091,2030
441368,A,217,963,2045,2090,2032,964,2045,2090,2031
441468,A,217,965,2043,2093,2031,965,2045,2092,2031
441568,A,217,966,2046,2087,2029,962,2046,2091,2029
441668,A,217,963,2046,2091,2031,964,2046,2091,2031
441768,A,217,962,2043,2087,2029,963,2045,2092,2030
441868,A,217,965,2045,2090,2030,964,2045,2090,2031
441968,A,217,963,2047,2092,2031,963,2046,2092,2031
442068,A,217,963,2047,2093,2029,964,2047,2092,2029
442168,A,217,966,2045,2085,2031,964,2045,2088,2030
442268,A,217,963,2045,2093,2031,964,2045,2091,2031
442368,A,217,965,2045,2090,2028,965,2045,2090,2029
442468,A,217,966,2045,2093,2031,965,2045,2093,2030
442568,A,217,965,2045,2091,2030,965,2047,2092,2031
442668,A,217,966,2046,2094,2030,965,2046,2092,2030
442768,A,217,963,2047,2095,2032,961,2045,2091,2029
442868,A,217,966,2046,2093,2032,964,2046,2092,2032
442968,A,217,966,2046,2095,2031,965,2046,2092,2031
443068,A,217,966,2047,2094,2030,965,2046,2092,2030
443168,A,217,964,2046,2094,2031,964,2046,2094,2031
443268,A,217,966,2047,2092,2032,965,2047,2092,2031
443368,A,217,965,2047,2092,2031,964,2046,2092,2031
443468,A,217,965,2046,2092,2032,965,2046,2092,2032
443568,A,217,955,2033,2080,2018,963,2043,2090,2028
443668,A,217,965,2045,2093,2031,965,2045,2093,2031
443768,A,217,965,2046,2094,2032,965,2046,2093,2032
443868,A,217,954,2033,2079,2019,962,2044,2091,2029
443968,A,217,963,2043,2089,2031,963,2044,2091,2031
444068,A,217,963,2054,2096,2031,963,2047,2092,2031
444168,A,217,954,2035,2077,2015,964,2046,2091,2029
444268,A,217,965,2047,2091,2032,965,2047,2092,2032
444368,A,217,966,2047,2094,2032,966,2046,2092,2032
444468,A,217,965,2046,2089,2031,965,2046,2094,2031
444568,A,217,967,2047,2092,2032,966,2047,2093,2032
444668,A,217,966,2043,2092,2032,965,2045,2092,2032
444768,A,217,963,2047,2091,2031,964,2047,2091,2031
444868,A,217,966,2046,2094,2029,966,2046,2093,2031
444968,A,217,965,2043,2087,2031,965,2045,2092,2031
445068,A,217,965,2046,2095,2032,965,2046,2093,2032
445168,A,217,964,2047,2094,2031,965,2044,2094,2031
445268,A,217,964,2045,2093,2031,964,2046,2093,2031
445368,A,217,962,2045,2090,2032,965,2045,2090,2030
445468,A,217,967,2045,2093,2029,965,2045,2093,2030
445568,A,217,963,2047,2090,2030,964,2047,2091,2030
445668,A,217,966,2045,2093,2032,966,2045,2091,2032
445768,A,217,966,2047,2090,2030,966,2046,2091,2030
445868,A,217,967,2047,2094,2031,965,2045,2091,2030
445968,A,217,967,2046,2091,2032,965,2046,2091,2032
446068,A,217,960,2047,2094,2030,964,2046,2092,2030
446168,A,217,966,2047,2095,2031,964,2047,2092,2031
446268,A,217,966,2047,2085,2031,964,2047,2089,2031
446368,A,217,965,2045,2090,2030,965,2045,2090,2030
446468,A,217,965,2045,2093,2031,963,2045,2093,2031
446568,A,217,961,2044,2093,2032,962,2044,2092,2031
446668,A,217,963,2046,2092,2029,964,2046,2093,2031
446768,A,217,967,2046,2092,2031,964,2044,2092,2030
446868,A,217,963,2043,2093,2031,963,2045,2093,2031
446968,A,217,963,2044,2089,2027,964,2044,2092,2030
447068,A,217,963,2046,2091,2031,963,2046,2089,2031
447168,A,217,962,2047,2091,2032,963,2047,2091,2031
447268,A,217,966,2047,2093,2031,966,2046,2093,2031
447368,A,217,965,2046,2093,2032,965,2046,2092,2032
447468,A,217,960,2046,2093,2031,963,2046,2093,2031
447568,A,217,964,2046,2094,2031,964,2046,2090,2030
447668,A,217,963,2046,2091,2032,964,2046,2091,2031
447768,A,217,969,2046,2092,2032,967,2046,2092,2032
447868,A,217,957,2047,2096,2032,962,2047,2091,2031
447968,A,217,966,2046,2092,2031,965,2046,2092,2031
448068,A,217,965,2047,2094,2029,965,2044,2093,2030
448168,A,217,953,2033,2079,2018,962,2044,2091,2029
448268,A,217,963,2047,2091,2032,963,2045,2093,2032
448368,A,217,965,2047,2093,2031,965,2047,2091,2031
448468,A,217,954,2032,2077,2015,963,2046,2091,2029
448568,A,217,966,2047,2091,2031,965,2047,2091,2031
448668,A,217,964,2046,2095,2032,964,2046,2093,2032
448768,A,217,966,2045,2087,2031,966,2045,2090,2031
448868,A,217,965,2046,2091,2032,965,2046,2091,2032
448968,A,217,963,2045,2089,2030,963,2045,2092,2030
449068,A,217,966,2047,2090,2029,966,2047,2090,2030
449168,A,217,963,2045,2091,2031,964,2045,2091,2031
449268,A,217,965,2047,2089,2032,965,2047,2092,2032
449368,A,217,967,2045,2091,2029,965,2045,2091,2031
449468,A,217,966,2045,2091,2031,966,2046,2093,2031
449568,A,217,963,2043,2094,2031,963,2045,2094,2031
449668,A,217,964,2045,2093,2030,964,2046,2093,2030
449768,A,217,966,2046,2087,2032,965,2046,2092,2032
449868,A,217,963,2043,2089,2031,965,2046,2093,2031
449968,A,217,966,2044,2093,2030,964,2046,2093,2030
450068,A,217,966,2046,2093,2032,966,2046,2093,2032
450168,A,217,965,2047,2094,2032,965,2047,2094,2032
450268,A,217,966,2046,2093,2032,966,2046,2093,2032
450368,A,217,966,2046,2094,2031,966,2046,2094,2031
450468,A,217,963,2045,2086,2032,964,2046,2092,2032
450568,A,217,965,2046,2091,2030,965,2046,2091,2030
450668,A,217,965,2046,2094,2031,965,2046,2092,2031
450768,A,217,961,2045,2091,2029,964,2045,2091,2031
450868,A,217,964,2046,2092,2032,964,2047,2092,2032
450968,A,217,965,2045,2093,2029,965,2045,2093,2030
451068,A,217,963,2047,2086,2029,963,2045,2090,2029
451168,A,217,965,2044,2092,2029,965,2044,2092,2030
451268,A,217,966,2047,2087,2029,965,2046,2090,2029
451368,A,217,965,2046,2091,2030,965,2045,2091,2030
451468,A,217,964,2047,2091,2031,964,2047,2091,2031
451568,A,217,954,2034,2076,2017,960,2042,2086,2024
451668,A,217,965,2047,2091,2030,965,2047,2091,2030
451768,A,217,965,2043,2092,2030,964,2043,2092,2030
451868,A,217,951,2032,2078,2015,960,2043,2089,2027
451968,A,217,965,2046,2091,2032,964,2045,2091,2030
452068,A,217,965,2046,2091,2030,965,2046,2091,2030
452168,A,217,954,2034,2079,2017,963,2045,2090,2028
452268,A,217,965,2045,2094,2031,964,2045,2092,2031
452368,A,217,966,2044,2093,2031,965,2045,2092,2031
452468,A,217,955,2032,2079,2014,963,2045,2090,2030
452568,A,217,965,2043,2091,2032,965,2045,2091,2031
452668,A,217,966,2045,2088,2031,965,2045,2090,2031
452768,A,217,953,2032,2075,2017,963,2044,2091,2029
452868,A,217,963,2046,2094,2031,963,2046,2093,2030
452968,A,217,964,2045,2087,2032,964,2046,2091,2032
453068,A,217,965,2047,2089,2027,965,2047,2090,2029
453168,A,217,963,2045,2089,2030,963,2045,2090,2030
453268,A,217,965,2045,2090,2032,964,2046,2091,2031
453368,A,217,962,2043,2093,2029,964,2044,2092,2029
453468,A,217,965,2046,2092,2030,965,2046,2092,2030
453568,A,217,967,2045,2090,2032,967,2045,2091,2030
453668,A,217,965,2044,2090,2031,965,2044,2090,2030
453768,A,217,962,2045,2093,2028,964,2045,2092,2031
453868,A,217,966,2044,2093,2030,965,2045,2093,2030
453968,A,217,965,2046,2090,2029,965,2046,2091,2030
454068,A,217,963,2046,2093,2031,963,2046,2093,2031
454168,A,217,965,2045,2093,2031,965,2046,2092,2031
454268,A,217,964,2046,2091,2032,964,2046,2091,2032
454368,A,217,965,2047,2095,2029,965,2047,2093,2030
454468,A,217,965,2046,2091,2030,965,2046,2093,2031
454568,A,217,964,2046,2092,2032,964,2046,2092,2031
454668,A,217,965,2043,2088,2030,965,2046,2090,2030
454768,A,217,966,2047,2093,2032,966,2046,2092,2032
454868,A,217,964,2045,2091,2031,964,2045,2091,2031
454968,A,217,965,2047,2087,2031,965,2047,2091,2031
455068,A,217,967,2045,2091,2032,965,2045,2092,2031
455168,A,217,964,2045,2092,2032,964,2044,2090,2029
455268,A,217,962,2047,2089,2031,963,2046,2092,2031
455368,A,217,964,2047,2093,2029,965,2047,2092,2029
455468,A,217,965,2047,2094,2030,965,2047,2092,2030
455568,A,217,962,2045,2093,2031,962,2045,2091,2031
455668,A,217,963,2047,2090,2031,963,2047,2090,2031
455768,A,217,963,2046,2092,2031,962,2046,2092,2031
455868,A,217,965,2047,2094,2030,962,2044,2089,2028
455968,A,217,963,2046,2092,2032,963,2046,2091,2032
456068,A,217,963,2045,2094,2032,963,2046,2093,2032
456168,A,217,965,2054,2095,2032,962,2046,2091,2030
456268,A,217,966,2047,2093,2032,966,2046,2093,2032
456368,A,217,965,2046,2092,2029,965,2046,2092,2029
456468,A,217,951,2032,2080,2017,963,2045,2090,2029
456568,A,217,965,2047,2092,2031,965,2047,2092,2031
456668,A,217,963,2045,2091,2031,964,2046,2091,2031
456768,A,217,951,2032,2084,2022,964,2045,2092,2030
456868,A,217,965,2046,2090,2030,965,2046,2091,2030
456968,A,217,966,2047,2094,2031,965,2047,2094,2031
457068,A,217,953,2033,2078,2015,963,2045,2090,2028
457168,A,217,965,2045,2093,2032,965,2045,2093,2032
457268,A,217,964,2047,2093,2030,964,2047,2093,2030
457368,A,217,965,2046,2089,2031,965,2046,2092,2031
457468,A,217,965,2046,2087,2029,965,2046,2090,2030
457568,A,217,965,2044,2094,2032,965,2044,2091,2031
457668,A,217,963,2042,2089,2029,963,2045,2092,2030
457768,A,217,965,2043,2093,2031,965,2044,2093,2031
457868,A,217,966,2047,2094,2030,966,2046,2093,2030
457968,A,217,965,2045,2087,2029,964,2045,2092,2029
458068,A,217,964,2046,2091,2032,964,2046,2091,2032
458168,A,217,965,2047,2091,2032,965,2046,2091,2031
458268,A,217,965,2044,2092,2030,965,2044,2091,2030
458368,A,217,965,2047,2090,2031,965,2047,2092,2031
458468,A,217,966,2054,2092,2031,966,2047,2092,2031
458568,A,217,963,2045,2091,2031,963,2046,2091,2031
458668,A,217,964,2046,2093,2032,964,2045,2092,2032
458768,A,217,965,2047,2090,2031,965,2047,2092,2031
458868,A,217,962,2047,2093,2031,961,2043,2088,2028
458968,A,217,967,2045,2090,2029,966,2046,2091,2030
459068,A,217,964,2046,2094,2031,964,2046,2094,2031
459168,A,217,964,2047,2087,2031,965,2046,2091,2031
459268,A,217,962,2047,2091,2032,964,2046,2093,2031
459368,A,217,967,2045,2093,2030,965,2046,2093,2030
459468,A,217,961,2046,2093,2031,962,2045,2093,2031
459568,A,217,966,2047,2091,2032,964,2043,2091,2030
459668,A,217,965,2047,2094,2030,965,2047,2094,2030
459768,A,217,963,2047,2093,2032,963,2047,2093,2032
459868,A,217,964,2047,2093,2031,962,2043,2089,2028
459968,A,217,965,2047,2091,2030,965,2046,2091,2030
460068,A,217,963,2047,2091,2030,963,2047,2091,2030
460168,A,217,963,2045,2093,2026,963,2045,2093,2030
460268,A,217,965,2046,2090,2031,964,2046,2092,2031
460368,A,217,965,2045,2093,2030,964,2046,2093,2030
460468,A,217,949,2037,2080,2017,960,2042,2088,2028
460568,A,217,964,2047,2087,2030,964,2045,2091,2031
460668,A,217,966,2047,2093,2032,966,2046,2092,2030
460768,A,217,955,2032,2078,2017,962,2045,2089,2029
460868,A,217,963,2045,2087,2030,963,2045,2090,2030
460968,A,217,964,2045,2093,2031,964,2045,2091,2031
461068,A,217,951,2033,2078,2013,965,2044,2090,2029
461168,A,217,962,2045,2092,2031,965,2045,2092,2030
461268,A,217,970,2047,2091,2032,965,2047,2092,2032
461368,A,217,957,2032,2083,2016,964,2046,2091,2030
461468,A,217,965,2045,2091,2030,965,2045,2091,2030
461568,A,217,965,2044,2091,2029,965,2044,2091,2029
461668,A,217,966,2046,2092,2029,965,2046,2092,2029
461768,A,217,963,2046,2092,2029,963,2046,2092,2031
461868,A,217,963,2046,2089,2030,965,2046,2089,2030
461968,A,217,966,2045,2090,2029,966,2045,2090,2030
462068,A,217,965,2045,2091,2031,965,2045,2091,2031
462168,A,217,964,2046,2090,2030,964,2046,2091,2030
462268,A,217,965,2047,2089,2029,964,2045,2090,2029
462368,A,217,965,2046,2092,2031,965,2046,2092,2031
462468,A,217,964,2047,2087,2031,965,2045,2092,2031
462568,A,217,965,2045,2090,2032,965,2045,2091,2030
462668,A,217,965,2046,2091,2031,965,2046,2091,2031
462768,A,217,966,2047,2089,2030,965,2046,2092,2030
462868,A,217,954,2032,2078,2017,956,2039,2085,2023
462968,A,217,965,2047,2093,2029,961,2045,2091,2029
463068,A,217,965,2045,2092,2032,965,2045,2092,2031
463168,A,217,962,2045,2094,2031,965,2046,2092,2031
463268,A,217,963,2047,2095,2031,964,2047,2092,2031
463368,A,217,964,2045,2094,2032,966,2046,2092,2031
463468,A,217,964,2045,2091,2029,964,2045,2091,2030
463568,A,217,965,2047,2095,2032,964,2045,2093,2031
463668,A,217,963,2045,2094,2032,963,2045,2093,2032
463768,A,217,963,2047,2092,2029,963,2047,2092,2030
463868,A,217,963,2046,2092,2032,963,2044,2090,2029
463968,A,217,966,2047,2092,2030,966,2047,2092,2030
464068,A,217,966,2046,2092,2029,966,2045,2092,2030
464168,A,217,962,2045,2093,2031,962,2045,2092,2030
464268,A,217,964,2043,2087,2030,964,2046,2091,2031
464368,A,217,965,2043,2091,2031,965,2046,2091,2031
464468,A,217,965,2046,2093,2028,965,2046,2092,2029
464568,A,217,965,2047,2092,2030,965,2046,2092,2030
464668,A,217,962,2047,2094,2030,962,2047,2093,2030
464768,A,217,953,2033,2077,2018,960,2042,2087,2028
464868,A,217,966,2046,2090,2032,966,2046,2091,2032
464968,A,217,963,2045,2093,2029,964,2045,2092,2030
465068,A,217,951,2031,2080,2018,962,2044,2089,2028
465168,A,217,963,2046,2091,2030,963,2046,2091,2030
465268,A,217,966,2046,2090,2029,964,2046,2092,2029
465368,A,217,951,2032,2085,2027,962,2045,2092,2030
465468,A,217,965,2045,2093,2028,964,2045,2092,2029
465568,A,217,952,2032,2075,2017,962,2045,2089,2028
465668,A,217,965,2045,2087,2032,964,2045,2090,2032
465768,A,217,965,2046,2094,2032,965,2046,2092,2032
465868,A,217,963,2042,2090,2030,964,2044,2091,2030
465968,A,217,966,2044,2091,2032,966,2046,2092,2032
466068,A,217,966,2043,2092,2030,965,2044,2092,2030
466168,A,217,964,2045,2092,2030,964,2045,2092,2030
466268,A,217,965,2046,2089,2031,965,2046,2091,2031
466368,A,217,965,2046,2091,2031,965,2046,2091,2031
466468,A,217,964,2045,2090,2032,965,2045,2091,2032
466568,A,217,963,2047,2091,2030,964,2047,2091,2031
466668,A,217,965,2045,2094,2031,965,2045,2093,2031
466768,A,217,961,2045,2089,2030,963,2045,2091,2030
466868,A,217,961,2045,2089,2031,962,2045,2090,2031
466968,A,217,967,2046,2095,2031,964,2046,2092,2031
467068,A,217,967,2047,2093,2030,965,2047,2093,2030
467168,A,217,963,2046,2089,2032,963,2046,2090,2031
467268,A,217,965,2046,2093,2031,964,2046,2093,2031
467368,A,217,963,2045,2091,2032,965,2045,2093,2032
467468,A,217,966,2045,2091,2031,966,2045,2093,2031
467568,A,217,966,2047,2092,2029,964,2046,2092,2029
467668,A,217,953,2033,2075,2019,960,2043,2087,2027
467768,A,217,966,2047,2095,2031,964,2047,2092,2031
467868,A,217,963,2045,2093,2032,963,2045,2093,2032
467968,A,217,967,2043,2092,2032,964,2046,2092,2031
468068,A,217,964,2043,2092,2032,964,2044,2092,2032
468168,A,217,966,2046,2094,2032,964,2046,2090,2031
468268,A,217,965,2045,2093,2030,964,2046,2093,2031
468368,A,217,965,2045,2091,2031,965,2045,2091,2031
468468,A,217,965,2046,2095,2031,963,2044,2090,2030
468568,A,217,964,2046,2092,2030,964,2046,2092,2030
468668,A,217,966,2046,2095,2032,965,2046,2094,2032
468768,A,217,954,2033,2079,2015,962,2043,2089,2027
468868,A,217,966,2046,2091,2029,965,2046,2091,2030
468968,A,217,965,2044,2087,2030,965,2044,2091,2030
469068,A,217,951,2034,2081,2020,962,2042,2088,2026
469168,A,217,964,2045,2091,2031,964,2045,2091,2031
469268,A,217,963,2045,2091,2029,964,2045,2092,2030
469368,A,217,966,2047,2094,2031,964,2047,2093,2031
469468,A,217,966,2044,2094,2031,966,2045,2094,2031
469568,A,217,946,2034,2077,2016,963,2046,2091,2030
469668,A,217,965,2046,2093,2031,965,2046,2093,2031
469768,A,217,965,2043,2092,2032,965,2045,2092,2031
469868,A,217,951,2033,2077,2018,962,2044,2091,2030
469968,A,217,965,2045,2093,2028,965,2045,2093,2030
470068,A,217,965,2047,2094,2030,965,2047,2093,2030
470168,A,217,963,2046,2090,2032,963,2046,2093,2031
470268,A,217,965,2045,2091,2031,965,2046,2091,2031
470368,A,217,961,2044,2092,2030,963,2045,2092,2030
470468,A,217,965,2046,2092,2031,965,2046,2092,2031
470568,A,217,964,2046,2089,2030,964,2046,2091,2031
470668,A,217,965,2043,2090,2031,965,2044,2090,2031
470768,A,217,964,2045,2090,2029,964,2045,2090,2029
470868,A,217,964,2045,2091,2030,964,2045,2091,2030
470968,A,217,965,2046,2091,2031,965,2046,2092,2031
471068,A,217,962,2047,2093,2031,965,2046,2092,2031
471168,A,217,963,2045,2090,2032,963,2045,2090,2032
471268,A,217,963,2044,2090,2031,964,2044,2090,2031
471368,A,217,965,2045,2093,2032,963,2045,2092,2032
471468,A,217,962,2045,2093,2031,963,2045,2093,2031
471568,A,217,965,2046,2091,2030,962,2044,2091,2029
471668,A,217,963,2047,2092,2030,964,2047,2092,2030
471768,A,217,965,2047,2091,2032,965,2046,2092,2032
471868,A,217,963,2046,2094,2031,963,2045,2092,2030
471968,A,217,964,2045,2089,2032,964,2045,2092,2032
472068,A,217,966,2046,2092,2031,965,2045,2092,2031
472168,A,217,967,2047,2091,2029,963,2045,2091,2029
472268,A,217,966,2045,2092,2032,964,2045,2092,2031
472368,A,217,963,2044,2092,2031,964,2044,2091,2031
472468,A,217,965,2046,2094,2031,962,2044,2090,2030
472568,A,217,963,2045,2090,2029,964,2045,2090,2031
472668,A,217,965,2047,2087,2030,964,2047,2090,2030
472768,A,217,953,2033,2078,2017,959,2043,2087,2026
472868,A,217,965,2046,2091,2032,956,2040,2085,2022
472968,A,217,965,2043,2091,2030,964,2046,2091,2030
473068,A,217,954,2033,2077,2019,960,2044,2088,2028
473168,A,217,963,2043,2091,2032,963,2046,2092,2031
473268,A,217,964,2046,2093,2032,964,2046,2093,2031
473368,A,217,963,2047,2095,2031,964,2047,2092,2031
473468,A,217,964,2045,2091,2032,964,2045,2091,2032
473568,A,217,954,2032,2079,2016,962,2043,2089,2027
473668,A,217,963,2047,2092,2031,964,2047,2093,2031
473768,A,217,965,2047,2092,2032,965,2047,2092,2032
473868,A,217,949,2032,2081,2016,963,2046,2092,2030
473968,A,217,963,2043,2091,2031,963,2045,2091,2031
474068,A,217,964,2044,2091,2032,963,2046,2092,2032
474168,A,217,959,2033,2083,2022,964,2044,2091,2028
474268,A,217,962,2047,2090,2030,963,2047,2091,2030
474368,A,217,965,2047,2091,2029,965,2046,2091,2029
474468,A,217,964,2047,2089,2030,964,2045,2089,2030
474568,A,217,964,2047,2093,2032,964,2046,2091,2031
474668,A,217,963,2045,2089,2027,963,2045,2091,2030
474768,A,217,965,2043,2094,2031,965,2044,2093,2031
474868,A,217,965,2046,2091,2031,965,2046,2091,2031
474968,A,217,967,2047,2095,2030,966,2045,2093,2030
475068,A,217,963,2046,2092,2030,964,2046,2092,2030
475168,A,217,963,2043,2093,2031,963,2045,2093,2031
475268,A,217,964,2045,2087,2031,964,2046,2091,2031
475368,A,217,965,2045,2091,2029,965,2045,2092,2030
475468,A,217,967,2043,2092,2031,965,2044,2092,2031
475568,A,217,962,2045,2086,2031,962,2044,2087,2029
475668,A,217,963,2047,2095,2027,963,2046,2093,2029
475768,A,217,961,2047,2089,2032,963,2047,2092,2031
475868,A,217,963,2042,2094,2030,963,2044,2092,2030
475968,A,217,962,2043,2094,2030,963,2044,2092,2030
476068,A,217,965,2043,2091,2029,965,2044,2091,2030
476168,A,217,963,2045,2090,2032,963,2045,2090,2029
476268,A,217,961,2046,2090,2031,964,2045,2090,2030
476368,A,217,963,2043,2091,2029,963,2044,2091,2031
476468,A,217,965,2045,2094,2032,963,2044,2089,2028
476568,A,217,965,2047,2092,2031,964,2046,2092,2031
476668,A,217,965,2043,2093,2030,965,2044,2091,2030
476768,A,217,967,2045,2094,2030,960,2043,2090,2030
476868,A,217,965,2047,2095,2031,964,2047,2090,2031
476968,A,217,963,2045,2087,2031,963,2045,2092,2031
477068,A,217,966,2047,2094,2030,962,2041,2090,2028
477168,A,217,963,2043,2091,2027,964,2044,2091,2029
477268,A,217,965,2043,2086,2030,964,2044,2091,2030
477368,A,217,966,2046,2093,2031,964,2046,2093,2031
477468,A,217,964,2047,2091,2030,964,2047,2091,2030
477568,A,217,958,2034,2078,2014,960,2043,2087,2028
477668,A,217,966,2043,2093,2032,965,2044,2091,2032
477768,A,217,963,2044,2090,2030,964,2044,2091,2030
477868,A,217,955,2032,2079,2021,963,2044,2089,2028
477968,A,217,963,2045,2095,2031,963,2046,2093,2031
478068,A,217,963,2046,2093,2032,964,2046,2092,2032
478168,A,217,953,2032,2078,2015,962,2045,2092,2028
478268,A,217,965,2046,2093,2031,964,2046,2093,2031
478368,A,217,965,2046,2091,2029,965,2045,2091,2030
478468,A,217,964,2046,2089,2032,964,2046,2092,2031
478568,A,217,962,2043,2092,2030,964,2045,2092,2030
478668,A,217,967,2046,2087,2030,965,2046,2090,2031
478768,A,217,963,2047,2091,2032,965,2046,2091,2032
478868,A,217,965,2044,2090,2031,965,2044,2090,2031
478968,A,217,962,2046,2092,2032,962,2046,2092,2032
479068,A,217,962,2047,2094,2030,963,2047,2093,2031
479168,A,217,965,2046,2091,2029,965,2046,2092,2030
479268,A,217,965,2045,2090,2027,965,2045,2092,2030
479368,A,217,962,2047,2092,2032,963,2045,2092,2032
479468,A,217,964,2046,2090,2032,964,2046,2091,2032
479568,A,217,966,2045,2090,2029,965,2045,2090,2029
479668,A,217,962,2045,2090,2031,963,2045,2092,2031
479768,A,217,965,2047,2093,2031,964,2047,2092,2031
479868,A,217,964,2046,2091,2030,964,2046,2091,2030
479968,A,217,966,2046,2090,2031,964,2046,2090,2031
480068,A,217,964,2046,2093,2031,964,2045,2091,2031
480168,A,217,964,2045,2094,2029,964,2045,2093,2030
480268,A,217,965,2047,2094,2032,958,2041,2088,2026
480368,A,217,964,2047,2092,2032,964,2046,2092,2030
480468,A,217,965,2047,2095,2032,964,2046,2092,2031
480568,A,217,965,2053,2093,2031,965,2047,2092,2031
480668,A,217,965,2045,2090,2030,965,2046,2090,2031
480768,A,217,963,2045,2091,2031,963,2045,2091,2031
480868,A,217,967,2047,2094,2030,967,2046,2093,2030
480968,A,217,966,2045,2089,2030,963,2045,2091,2030
481068,A,217,965,2046,2093,2032,965,2046,2090,2032
481168,A,217,963,2047,2089,2031,963,2046,2092,2031
481268,A,217,963,2046,2089,2029,964,2046,2092,2029
481368,A,217,963,2043,2090,2029,963,2045,2090,2029
481468,A,217,963,2045,2093,2030,963,2045,2093,2030
481568,A,217,954,2033,2077,2015,961,2043,2088,2027
481668,A,217,965,2043,2089,2031,965,2044,2092,2031
481768,A,217,967,2047,2091,2030,965,2046,2092,2030
481868,A,217,963,2046,2095,2032,963,2046,2092,2031
481968,A,217,963,2045,2093,2029,963,2045,2093,2029
482068,A,217,966,2047,2091,2032,966,2047,2092,2030
482168,A,217,953,2034,2077,2016,964,2043,2090,2029
482268,A,217,964,2046,2089,2031,964,2046,2090,2031
482368,A,217,965,2046,2094,2031,965,2046,2093,2031
482468,A,217,958,2030,2076,2018,963,2044,2090,2029
482568,A,217,963,2047,2095,2030,965,2047,2093,2031
482668,A,217,966,2046,2093,2031,965,2046,2092,2031
482768,A,217,963,2047,2089,2030,963,2047,2092,2030
482868,A,217,969,2046,2091,2030,966,2046,2092,2030
482968,A,217,963,2047,2093,2032,963,2047,2092,2032
483068,A,217,963,2045,2091,2032,964,2045,2091,2032
483168,A,217,965,2047,2095,2029,965,2047,2092,2031
483268,A,217,965,2045,2089,2032,965,2045,2092,2030
483368,A,217,963,2046,2091,2032,964,2046,2091,2032
483468,A,217,965,2047,2091,2030,965,2047,2091,2030
483568,A,217,965,2045,2093,2031,965,2046,2092,2030
483668,A,217,965,2046,2087,2030,965,2046,2092,2030
483768,A,217,963,2045,2095,2031,963,2045,2094,2031
483868,A,217,965,2045,2090,2032,965,2045,2092,2031
483968,A,217,967,2047,2092,2029,966,2047,2092,2030
484068,A,217,963,2046,2093,2032,964,2046,2091,2031
484168,A,217,966,2044,2089,2031,964,2044,2090,2030
484268,A,217,965,2044,2088,2031,964,2044,2090,2030
484368,A,217,966,2039,2090,2031,965,2045,2091,2031
484468,A,217,962,2047,2087,2031,962,2046,2090,2030
484568,A,217,965,2043,2091,2032,963,2044,2091,2031
484668,A,217,965,2046,2091,2032,965,2046,2090,2031
484768,A,217,965,2045,2091,2031,965,2045,2091,2031
484868,A,217,963,2045,2086,2031,961,2042,2089,2027
484968,A,217,966,2046,2093,2028,965,2045,2093,2030
485068,A,217,964,2045,2094,2032,964,2045,2092,2032
485168,A,217,965,2046,2093,2031,962,2044,2091,2030
485268,A,217,965,2043,2093,2030,965,2044,2093,2030
485368,A,217,966,2047,2091,2032,966,2047,2091,2032
485468,A,217,965,2047,2091,2030,965,2047,2091,2030
485568,A,217,966,2046,2091,2031,964,2046,2091,2030
485668,A,217,963,2052,2093,2032,963,2047,2093,2032
485768,A,217,966,2045,2093,2031,966,2046,2093,2031
485868,A,217,966,2047,2094,2031,963,2044,2091,2029
485968,A,217,965,2047,2093,2031,964,2047,2093,2031
486068,A,217,966,2045,2091,2029,966,2045,2091,2030
486168,A,217,966,2047,2095,2032,964,2046,2091,2031
486268,A,217,966,2044,2091,2031,965,2044,2092,2030
486368,A,217,966,2047,2091,2031,965,2047,2091,2031
486468,A,217,951,2033,2080,2019,962,2044,2091,2030
486568,A,217,963,2046,2090,2032,963,2046,2091,2032
486668,A,217,966,2046,2093,2032,965,2046,2093,2032
486768,A,217,951,2033,2079,2016,964,2046,2093,2030
486868,A,217,964,2045,2091,2031,964,2045,2092,2031
486968,A,217,965,2046,2091,2032,965,2046,2091,2032
487068,A,217,965,2046,2094,2031,965,2046,2092,2031
487168,A,217,964,2043,2087,2029,964,2045,2091,2029
487268,A,217,965,2046,2093,2031,965,2046,2093,2031
487368,A,217,964,2047,2089,2029,963,2046,2090,2029
487468,A,217,966,2046,2090,2031,964,2046,2090,2031
487568,A,217,964,2045,2094,2031,964,2045,2092,2031
487668,A,217,965,2046,2092,2029,965,2046,2092,2029
487768,A,217,965,2044,2091,2030,964,2045,2092,2030
487868,A,217,965,2047,2091,2030,964,2047,2091,2030
487968,A,217,965,2047,2091,2032,965,2046,2091,2031
488068,A,217,961,2046,2090,2027,964,2046,2090,2029
488168,A,217,964,2046,2090,2030,964,2046,2091,2031
488268,A,217,965,2043,2090,2029,965,2045,2090,2030
488368,A,217,962,2045,2092,2030,962,2045,2092,2030
488468,A,217,965,2045,2087,2031,965,2045,2092,2031
488568,A,217,963,2045,2094,2031,963,2046,2093,2031
488668,A,217,964,2044,2090,2030,964,2045,2090,2030
488768,A,217,966,2043,2095,2032,965,2045,2095,2032
488868,A,217,964,2047,2094,2030,964,2044,2091,2030
488968,A,217,963,2046,2093,2029,964,2046,2093,2030
489068,A,217,966,2046,2092,2031,966,2046,2092,2031
489168,A,217,966,2045,2091,2033,964,2045,2091,2030
489268,A,217,963,2045,2089,2030,963,2045,2092,2030
489368,A,217,963,2043,2091,2029,963,2044,2092,2030
489468,A,217,966,2046,2093,2029,965,2046,2093,2029
489568,A,217,965,2047,2094,2031,960,2042,2088,2026
489668,A,217,963,2047,2091,2031,963,2047,2091,2031
489768,A,217,965,2046,2093,2032,965,2046,2092,2032
489868,A,217,965,2047,2095,2031,963,2044,2089,2028
489968,A,217,964,2046,2093,2032,964,2046,2092,2031
490068,A,217,962,2045,2093,2032,963,2045,2093,2032
490168,A,217,951,2031,2080,2020,961,2042,2088,2029
490268,A,217,965,2046,2093,2031,965,2046,2092,2031
490368,A,217,965,2047,2090,2030,965,2047,2090,2030
490468,A,217,953,2034,2080,2018,960,2044,2089,2029
490568,A,217,963,2045,2089,2031,963,2045,2089,2031
490668,A,217,963,2045,2090,2029,963,2045,2092,2030
490768,A,217,951,2034,2075,2016,963,2044,2089,2028
490868,A,217,964,2047,2091,2032,964,2046,2091,2032
490968,A,217,964,2046,2090,2029,964,2046,2091,2030
491068,A,217,955,2032,2080,2020,965,2044,2092,2031
491168,A,217,965,2046,2090,2029,965,2046,2091,2030
491268,A,217,966,2045,2090,2032,965,2045,2090,2032
491368,A,217,965,2045,2091,2031,965,2045,2091,2031
491468,A,217,964,2047,2087,2031,963,2047,2089,2031
491568,A,217,962,2046,2094,2030,964,2046,2094,2030
491668,A,217,963,2045,2091,2032,963,2044,2091,2031
491768,A,217,965,2046,2091,2031,965,2046,2091,2031
491868,A,217,964,2046,2092,2032,964,2046,2092,2032
491968,A,217,966,2047,2090,2030,964,2047,2090,2031
492068,A,217,967,2047,2089,2031,966,2046,2091,2031
492168,A,217,963,2045,2086,2030,964,2045,2092,2030
492268,A,217,965,2045,2089,2032,965,2045,2092,2032
492368,A,217,965,2046,2093,2031,965,2046,2093,2031
492468,A,217,965,2046,2087,2031,965,2046,2090,2031
492568,A,217,965,2046,2092,2032,965,2046,2092,2032
492668,A,217,964,2045,2092,2030,964,2045,2092,2030
492768,A,217,965,2053,2091,2032,965,2046,2091,2032
492868,A,217,963,2045,2089,2028,963,2045,2090,2030
492968,A,217,966,2043,2095,2031,966,2043,2092,2031
493068,A,217,964,2047,2091,2030,964,2047,2091,2030
493168,A,217,963,2046,2087,2031,963,2045,2091,2030
493268,A,217,965,2047,2089,2032,965,2047,2092,2032
493368,A,217,966,2043,2093,2030,966,2043,2093,2030
493468,A,217,965,2043,2087,2031,965,2043,2092,2031
493568,A,217,965,2045,2093,2031,962,2045,2089,2030
493668,A,217,965,2047,2089,2031,965,2047,2091,2031
493768,A,217,966,2043,2093,2030,966,2044,2093,2030
493868,A,217,952,2032,2077,2019,961,2042,2089,2026
493968,A,217,967,2046,2093,2031,963,2046,2092,2030
494068,A,217,963,2046,2094,2031,963,2046,2094,2031
494168,A,217,966,2047,2089,2031,961,2042,2089,2028
494268,A,217,962,2047,2087,2031,962,2047,2090,2031
494368,A,217,963,2046,2091,2032,964,2046,2091,2032
494468,A,217,967,2046,2092,2031,963,2044,2090,2030
494568,A,217,965,2047,2090,2032,965,2046,2091,2032
494668,A,217,967,2046,2093,2031,966,2046,2091,2031
494768,A,217,951,2032,2079,2017,963,2043,2090,2027
494868,A,217,966,2044,2092,2032,965,2046,2092,2032
494968,A,217,964,2046,2090,2032,964,2046,2091,2030
495068,A,217,953,2032,2076,2015,963,2044,2089,2028
495168,A,217,963,2045,2095,2032,964,2045,2092,2032
495268,A,217,965,2047,2093,2030,965,2047,2093,2030
495368,A,217,949,2032,2078,2015,963,2044,2092,2029
495468,A,217,967,2047,2095,2031,965,2046,2094,2031
495568,A,217,966,2042,2092,2031,966,2044,2092,2031
495668,A,217,966,2047,2095,2031,966,2047,2091,2031
495768,A,217,964,2043,2089,2032,964,2044,2092,2032
495868,A,217,966,2046,2091,2031,965,2046,2091,2031
495968,A,217,965,2045,2095,2029,964,2045,2093,2029
496068,A,217,966,2045,2094,2031,966,2045,2092,2031
496168,A,217,965,2045,2094,2030,965,2045,2093,2030
496268,A,217,962,2046,2089,2032,962,2046,2090,2032
496368,A,217,965,2045,2090,2031,965,2045,2093,2031
496468,A,217,963,2045,2093,2032,963,2045,2091,2031
496568,A,217,965,2045,2093,2031,965,2045,2091,2031
496668,A,217,963,2043,2094,2027,964,2044,2091,2030
496768,A,217,964,2046,2090,2031,964,2046,2091,2031
496868,A,217,963,2045,2087,2029,964,2045,2092,2029
496968,A,217,964,2045,2091,2032,964,2045,2091,2032
497068,A,217,964,2045,2094,2030,964,2045,2094,2030
497168,A,217,966,2045,2091,2030,966,2045,2092,2030
497268,A,217,965,2044,2093,2031,965,2045,2093,2031
497368,A,217,966,2044,2087,2030,964,2044,2091,2030
497468,A,217,964,2045,2091,2027,964,2045,2092,2030
497568,A,217,963,2046,2091,2031,963,2046,2091,2031
497668,A,217,966,2047,2091,2031,966,2047,2091,2031
497768,A,217,966,2047,2095,2031,966,2046,2094,2031
497868,A,217,965,2047,2094,2031,965,2046,2092,2031
497968,A,217,965,2047,2085,2031,965,2046,2091,2031
498068,A,217,963,2047,2095,2032,964,2046,2093,2032
498168,A,217,964,2046,2091,2029,964,2045,2091,2029
498268,A,217,965,2047,2087,2032,965,2047,2093,2032
498368,A,217,967,2043,2093,2032,964,2045,2091,2031
498468,A,217,966,2047,2094,2032,962,2042,2091,2029
498568,A,217,965,2043,2092,2032,965,2045,2092,2032
498668,A,217,963,2047,2095,2031,964,2047,2093,2031
498768,A,217,951,2032,2081,2018,962,2043,2088,2028
498868,A,217,964,2043,2093,2031,964,2045,2092,2031
498968,A,217,965,2047,2090,2030,965,2047,2091,2030
499068,A,217,954,2032,2078,2017,963,2043,2091,2028
499168,A,217,966,2047,2092,2031,966,2046,2092,2031
499268,A,217,965,2045,2087,2031,965,2045,2092,2031
499368,A,217,963,2045,2093,2032,963,2045,2092,2030
499468,A,217,964,2043,2091,2030,964,2046,2091,2030
499568,A,217,951,2033,2077,2017,962,2045,2090,2029
499668,A,217,965,2047,2091,2031,964,2046,2091,2031
499768,A,217,969,2046,2090,2031,966,2046,2091,2031
499868,A,217,964,2047,2091,2032,964,2047,2091,2032
499968,A,217,963,2045,2090,2032,965,2045,2092,2032
500068,A,217,963,2046,2093,2030,963,2046,2093,2030
500168,A,217,967,2047,2092,2031,966,2047,2092,2031
500268,A,217,954,2032,2080,2020,955,2037,2082,2020
500368,A,217,965,2046,2096,2030,964,2046,2091,2030
500468,A,217,965,2045,2093,2032,965,2045,2092,2032
500568,A,217,966,2045,2091,2032,965,2045,2091,2031
500668,A,217,966,2047,2089,2032,965,2047,2091,2030
500768,A,217,965,2045,2095,2032,964,2045,2093,2032
500868,A,217,963,2053,2091,2031,964,2047,2091,2031
500968,A,217,967,2043,2093,2031,965,2045,2093,2031
501068,A,217,966,2046,2093,2032,966,2046,2091,2032
501168,A,217,963,2046,2092,2030,964,2046,2092,2030
501268,A,217,964,2045,2092,2029,965,2045,2092,2030
501368,A,217,964,2046,2091,2031,964,2046,2093,2031
501468,A,217,966,2047,2093,2031,966,2047,2093,2031
501568,A,217,964,2046,2093,2031,964,2045,2091,2031
501668,A,217,967,2045,2093,2030,966,2045,2093,2030
501768,A,217,964,2046,2089,2032,964,2046,2091,2031
501868,A,217,966,2045,2092,2031,964,2045,2091,2029
501968,A,217,962,2045,2094,2032,962,2045,2093,2032
502068,A,217,963,2047,2093,2030,964,2047,2090,2030
502168,A,217,966,2046,2091,2030,964,2046,2091,2030
502268,A,217,965,2043,2087,2030,965,2045,2090,2030
502368,A,217,962,2044,2093,2030,962,2044,2092,2030
502468,A,217,966,2047,2090,2027,964,2044,2090,2030
502568,A,217,966,2047,2092,2030,964,2047,2091,2030
502668,A,217,963,2044,2090,2030,965,2044,2093,2030
502768,A,217,965,2045,2094,2031,963,2042,2090,2027
502868,A,217,964,2045,2093,2032,964,2045,2092,2032
502968,A,217,966,2045,2089,2029,966,2045,2091,2029
503068,A,217,953,2026,2079,2013,961,2040,2086,2027
503168,A,217,964,2046,2093,2029,964,2046,2093,2030
503268,A,217,963,2046,2094,2031,964,2046,2094,2031
503368,A,217,962,2047,2093,2028,963,2044,2092,2028
503468,A,217,965,2047,2094,2032,965,2047,2092,2032
503568,A,217,951,2033,2079,2017,962,2043,2090,2028
503668,A,217,965,2045,2093,2029,965,2045,2091,2029
503768,A,217,967,2047,2090,2031,967,2046,2090,2031
503868,A,217,953,2033,2078,2015,964,2045,2092,2029
503968,A,217,962,2045,2090,2030,962,2045,2092,2030
504068,A,217,963,2047,2095,2030,963,2045,2093,2030
504168,A,217,965,2047,2094,2030,965,2047,2093,2030
504268,A,217,963,2046,2091,2029,963,2046,2091,2030
504368,A,217,964,2047,2090,2030,964,2047,2092,2030
504468,A,217,968,2045,2096,2030,967,2045,2093,2030
504568,A,217,962,2047,2091,2032,964,2046,2091,2032
504668,A,217,965,2045,2094,2027,965,2045,2091,2030
504768,A,217,966,2047,2087,2031,965,2046,2092,2031
504868,A,217,966,2046,2094,2031,966,2046,2093,2031
504968,A,217,964,2046,2089,2029,965,2046,2090,2030
505068,A,217,964,2047,2091,2032,965,2047,2092,2031
505168,A,217,967,2046,2090,2032,966,2046,2090,2032
505268,A,217,963,2047,2090,2031,964,2047,2090,2031
505368,A,217,964,2045,2094,2032,964,2046,2094,2031
505468,A,217,964,2047,2094,2030,964,2047,2094,2030
505568,A,217,965,2046,2087,2029,965,2046,2090,2031
505668,A,217,963,2046,2092,2029,963,2046,2092,2029
505768,A,217,965,2046,2087,2030,965,2046,2090,2031
505868,A,217,966,2047,2092,2032,964,2046,2092,2032
505968,A,217,962,2047,2093,2031,963,2047,2092,2031
506068,A,217,966,2047,2093,2032,965,2046,2093,2032
506168,A,217,964,2043,2092,2032,963,2045,2092,2031
506268,A,217,964,2044,2090,2031,965,2044,2091,2031
506368,A,217,965,2053,2091,2031,965,2047,2091,2031
506468,A,217,963,2045,2093,2029,963,2045,2092,2029
506568,A,217,965,2047,2095,2031,965,2047,2093,2031
506668,A,217,963,2047,2089,2032,963,2045,2090,2032
506768,A,217,965,2045,2091,2031,962,2043,2089,2027
506868,A,217,965,2047,2091,2030,965,2046,2092,2031
506968,A,217,964,2045,2090,2031,964,2045,2091,2030
507068,A,217,966,2047,2092,2029,965,2046,2091,2029
507168,A,217,965,2045,2094,2030,965,2046,2092,2030
507268,A,217,965,2046,2091,2032,965,2046,2091,2031
507368,A,217,963,2045,2090,2030,964,2045,2090,2030
507468,A,217,963,2044,2092,2030,963,2044,2091,2030
507568,A,217,953,2032,2078,2014,962,2042,2090,2028
507668,A,217,961,2046,2091,2032,964,2045,2092,2031
507768,A,217,962,2046,2091,2032,963,2046,2091,2030
507868,A,217,952,2030,2079,2020,963,2044,2089,2029
507968,A,217,965,2047,2093,2031,965,2046,2092,2031
508068,A,217,966,2045,2091,2032,965,2045,2091,2032
508168,A,217,950,2032,2077,2016,964,2046,2090,2030
508268,A,217,961,2046,2090,2030,963,2046,2091,2030
508368,A,217,965,2045,2091,2030,965,2045,2091,2030
508468,A,217,966,2045,2094,2030,965,2045,2091,2031
508568,A,217,962,2045,2092,2032,962,2045,2092,2032
508668,A,217,963,2045,2090,2030,963,2045,2090,2030
508768,A,217,965,2044,2091,2030,965,2045,2091,2030
508868,A,217,963,2047,2090,2030,963,2045,2090,2031
508968,A,217,965,2043,2094,2031,965,2044,2092,2031
509068,A,217,965,2046,2093,2030,964,2046,2091,2030
509168,A,217,965,2046,2091,2031,965,2046,2091,2031
509268,A,217,961,2043,2091,2030,962,2046,2091,2030
509368,A,217,959,2046,2094,2031,965,2046,2094,2031
509468,A,217,962,2046,2091,2031,963,2046,2091,2031
509568,A,217,966,2045,2087,2030,965,2045,2088,2030
509668,A,217,966,2046,2093,2029,964,2045,2090,2030
509768,A,217,965,2047,2092,2029,965,2046,2092,2030
509868,A,217,963,2047,2090,2032,963,2046,2090,2032
509968,A,217,967,2046,2093,2030,966,2044,2093,2030
510068,A,217,963,2045,2093,2028,963,2045,2092,2031
510168,A,217,964,2046,2094,2030,964,2046,2091,2030
510268,A,217,965,2047,2091,2032,965,2047,2091,2032
510368,A,217,964,2046,2093,2031,964,2046,2093,2031
510468,A,217,966,2043,2092,2029,964,2044,2090,2029
510568,A,217,962,2047,2093,2031,965,2047,2093,2031
510668,A,217,965,2046,2090,2030,965,2046,2091,2030
510768,A,217,965,2046,2091,2030,963,2044,2090,2030
510868,A,217,965,2046,2091,2028,964,2046,2091,2029
510968,A,217,962,2045,2092,2030,964,2045,2091,2030
511068,A,217,964,2046,2094,2031,964,2046,2093,2031
511168,A,217,965,2046,2093,2032,965,2046,2093,2032
511268,A,217,966,2045,2090,2032,964,2045,2092,2032
511368,A,217,963,2047,2093,2032,963,2046,2093,2031
511468,A,217,967,2046,2092,2032,967,2046,2092,2032
511568,A,217,955,2032,2081,2015,961,2042,2088,2027
511668,A,217,966,2046,2091,2031,966,2046,2091,2031
511768,A,217,966,2043,2091,2031,964,2044,2092,2031
511868,A,217,951,2031,2078,2016,962,2045,2090,2029
511968,A,217,961,2045,2087,2032,962,2045,2092,2032
512068,A,217,963,2043,2094,2028,964,2045,2093,2030
512168,A,217,951,2033,2081,2015,964,2044,2091,2028
512268,A,217,965,2047,2091,2029,965,2046,2091,2029
512368,A,217,965,2047,2091,2031,965,2047,2091,2031
512468,A,217,953,2032,2078,2018,963,2046,2092,2030
512568,A,217,965,2046,2090,2030,965,2047,2091,2030
512668,A,217,964,2045,2094,2030,964,2045,2092,2030
512768,A,217,965,2045,2093,2030,964,2045,2091,2030
512868,A,217,963,2043,2091,2032,964,2045,2091,2032
512968,A,217,963,2046,2093,2031,963,2046,2092,2031
513068,A,217,963,2047,2090,2031,965,2047,2090,2031
513168,A,217,967,2047,2089,2031,965,2047,2093,2031
513268,A,217,963,2047,2094,2031,965,2047,2092,2031
513368,A,217,964,2043,2090,2030,964,2043,2092,2031
513468,A,217,967,2042,2092,2031,965,2045,2092,2031
513568,A,217,965,2046,2091,2031,965,2046,2093,2031
513668,A,217,963,2045,2093,2032,964,2045,2092,2032
513768,A,217,965,2043,2091,2030,964,2044,2092,2030
513868,A,217,967,2047,2091,2031,963,2046,2091,2031
513968,A,217,964,2047,2090,2031,964,2046,2092,2031
514068,A,217,967,2046,2093,2031,967,2046,2093,2031
514168,A,217,960,2047,2094,2032,963,2047,2093,2031
514268,A,217,966,2047,2095,2031,966,2047,2093,2031
514368,A,217,965,2045,2091,2030,965,2046,2092,2030
514468,A,217,964,2047,2091,2031,964,2047,2091,2031
514568,A,217,966,2047,2095,2029,964,2047,2093,2029
514668,A,217,965,2047,2090,2029,965,2047,2092,2029
514768,A,217,963,2047,2091,2030,963,2044,2090,2029
514868,A,217,963,2045,2092,2031,965,2045,2092,2031
514968,A,217,965,2043,2086,2029,965,2046,2092,2031
515068,A,217,964,2047,2090,2032,963,2045,2090,2030
515168,A,217,964,2046,2089,2027,964,2046,2090,2031
515268,A,217,963,2047,2093,2031,963,2047,2093,2031
515368,A,217,963,2053,2090,2032,964,2047,2090,2032
515468,A,217,966,2046,2092,2030,965,2046,2092,2030
515568,A,217,953,2033,2078,2018,961,2043,2088,2026
515668,A,217,965,2045,2091,2032,965,2045,2091,2032
515768,A,217,966,2047,2094,2031,965,2046,2092,2030
515868,A,217,966,2047,2095,2032,963,2045,2091,2028
515968,A,217,965,2047,2093,2030,965,2047,2093,2030
516068,A,217,964,2045,2091,2030,964,2045,2091,2030
516168,A,217,949,2032,2078,2018,961,2044,2089,2029
516268,A,217,965,2046,2090,2031,965,2046,2092,2031
516368,A,217,966,2046,2093,2030,966,2046,2091,2030
516468,A,217,951,2032,2077,2019,964,2045,2091,2030
516568,A,217,965,2046,2092,2032,965,2046,2092,2031
516668,A,217,966,2046,2093,2030,966,2046,2090,2030
516768,A,217,955,2033,2076,2017,963,2046,2090,2031
516868,A,217,962,2046,2087,2030,962,2046,2091,2030
516968,A,217,963,2046,2092,2031,963,2046,2092,2031
517068,A,217,966,2046,2090,2030,963,2046,2090,2030
517168,A,217,964,2046,2090,2027,964,2046,2091,2029
517268,A,217,967,2046,2089,2031,965,2044,2090,2031
517368,A,217,965,2046,2095,2032,964,2046,2093,2032
517468,A,217,963,2045,2087,2029,964,2045,2092,2029
517568,A,217,964,2046,2089,2030,964,2046,2090,2031
517668,A,217,963,2044,2090,2029,963,2045,2093,2029
517768,A,217,967,2046,2093,2031,965,2045,2091,2030
517868,A,217,965,2044,2093,2031,964,2046,2092,2031
517968,A,217,963,2045,2086,2029,964,2045,2092,2029
518068,A,217,963,2047,2093,2032,963,2046,2093,2031
518168,A,217,963,2047,2094,2031,964,2047,2093,2031
518268,A,217,964,2047,2093,2032,964,2047,2092,2031
518368,A,217,964,2045,2089,2031,964,2045,2093,2031
518468,A,217,969,2047,2094,2030,967,2047,2091,2030
518568,A,217,966,2045,2087,2031,966,2045,2092,2031
518668,A,217,966,2046,2090,2032,964,2046,2090,2031
518768,A,217,963,2045,2091,2030,963,2045,2091,2030
518868,A,217,964,2044,2091,2029,963,2044,2091,2029
518968,A,217,965,2043,2093,2031,965,2046,2093,2031
519068,A,217,965,2046,2093,2030,965,2046,2093,2030
519168,A,217,965,2047,2094,2031,962,2047,2093,2031
519268,A,217,965,2046,2089,2031,965,2046,2092,2031
519368,A,217,963,2044,2093,2031,964,2045,2093,2031
519468,A,217,967,2047,2094,2031,965,2047,2094,2031
519568,A,217,965,2047,2092,2032,963,2045,2091,2029
519668,A,217,962,2046,2090,2031,964,2046,2090,2030
519768,A,217,967,2047,2091,2031,965,2047,2092,2031
519868,A,217,967,2054,2095,2032,964,2044,2090,2029
519968,A,217,965,2046,2095,2027,965,2046,2093,2030
520068,A,217,963,2045,2093,2031,964,2045,2092,2031
520168,A,217,962,2047,2093,2029,963,2046,2092,2029
520268,A,217,967,2043,2090,2032,966,2045,2092,2032
520368,A,217,963,2047,2093,2030,963,2047,2093,2030
520468,A,217,955,2034,2079,2019,962,2044,2091,2028
520568,A,217,967,2046,2091,2031,965,2047,2092,2031
520668,A,217,966,2046,2093,2031,966,2046,2093,2032
520768,A,217,953,2033,2081,2015,964,2044,2093,2029
520868,A,217,963,2047,2090,2030,964,2047,2090,2031
520968,A,217,965,2047,2093,2031,965,2047,2092,2031
521068,A,217,947,2031,2079,2016,961,2045,2091,2030
521168,A,217,966,2044,2093,2031,965,2045,2092,2031
521268,A,217,963,2044,2093,2031,963,2045,2093,2031
521368,A,217,966,2047,2093,2031,964,2047,2093,2031
521468,A,217,963,2046,2094,2032,964,2046,2091,2032
521568,A,217,965,2047,2090,2031,965,2047,2093,2031
521668,A,217,965,2046,2091,2027,965,2046,2091,2029
521768,A,217,966,2053,2090,2031,966,2048,2092,2031
521868,A,217,965,2045,2091,2032,965,2045,2092,2032
521968,A,217,966,2046,2091,2032,965,2046,2092,2032
522068,A,217,965,2042,2095,2030,965,2046,2093,2031
522168,A,217,963,2047,2093,2030,964,2047,2094,2031
522268,A,217,963,2046,2094,2032,965,2046,2094,2032
522368,A,217,964,2045,2095,2031,964,2046,2094,2031
522468,A,217,966,2047,2096,2031,964,2047,2093,2031
522568,A,217,960,2046,2093,2031,963,2046,2093,2031
522668,A,217,964,2047,2094,2031,964,2047,2093,2031
522768,A,217,965,2047,2090,2031,965,2047,2093,2031
522868,A,217,965,2047,2094,2029,964,2045,2093,2029
522968,A,217,965,2047,2094,2031,964,2047,2092,2031
523068,A,217,965,2047,2091,2027,965,2046,2091,2029
523168,A,217,963,2047,2091,2031,963,2046,2091,2031
523268,A,217,966,2045,2087,2032,966,2046,2093,2032
523368,A,217,964,2046,2093,2032,964,2046,2093,2032
523468,A,217,963,2045,2094,2032,963,2046,2094,2032
523568,A,217,963,2045,2091,2032,963,2045,2091,2031
523668,A,217,963,2044,2091,2031,963,2044,2091,2031
523768,A,217,964,2047,2091,2030,965,2046,2093,2030
523868,A,217,963,2047,2095,2032,963,2044,2089,2028
523968,A,217,965,2046,2090,2029,965,2046,2091,2030
524068,A,217,961,2044,2091,2031,963,2046,2092,2031
524168,A,217,955,2033,2081,2018,962,2043,2090,2028
524268,A,217,963,2043,2087,2029,964,2046,2090,2031
524368,A,217,966,2046,2091,2031,965,2046,2091,2031
524468,A,217,966,2047,2095,2031,964,2045,2091,2030
524568,A,217,966,2047,2091,2031,965,2047,2091,2031
524668,A,217,963,2046,2087,2029,963,2045,2092,2029
524768,A,217,965,2046,2093,2031,963,2045,2092,2030
524868,A,217,963,2047,2093,2030,963,2047,2091,2031
524968,A,217,965,2045,2094,2032,964,2046,2093,2032
525068,A,217,951,2033,2081,2018,962,2045,2091,2030
525168,A,217,963,2045,2087,2029,963,2045,2091,2030
525268,A,217,965,2044,2094,2029,965,2046,2093,2030
525368,A,217,958,2034,2083,2027,964,2046,2092,2030
525468,A,217,964,2047,2093,2031,964,2046,2092,2031
525568,A,217,963,2046,2094,2032,965,2046,2093,2032
525668,A,217,963,2047,2087,2032,964,2047,2092,2032
525768,A,217,963,2046,2095,2032,963,2046,2094,2032
525868,A,217,964,2045,2091,2030,964,2046,2091,2030
525968,A,217,963,2045,2089,2030,963,2045,2090,2031
526068,A,217,966,2044,2093,2032,966,2045,2093,2031
526168,A,217,964,2054,2091,2032,964,2048,2091,2032
526268,A,217,966,2045,2093,2032,965,2045,2092,2032
526368,A,217,965,2046,2090,2032,965,2046,2091,2032
526468,A,217,967,2045,2092,2032,966,2045,2092,2031
526568,A,217,966,2047,2091,2030,965,2047,2091,2030
526668,A,217,965,2045,2089,2031,965,2045,2091,2031
526768,A,217,965,2047,2094,2031,965,2047,2094,2031
526868,A,217,966,2045,2095,2030,965,2045,2095,2031
526968,A,217,966,2047,2093,2031,966,2047,2091,2031
527068,A,217,966,2047,2093,2031,966,2046,2093,2031
527168,A,217,965,2046,2092,2029,964,2045,2092,2029
527268,A,217,965,2045,2090,2031,965,2045,2091,2031
527368,A,217,963,2045,2094,2032,965,2046,2092,2032
527468,A,217,963,2046,2093,2031,963,2046,2092,2031
527568,A,217,966,2047,2093,2031,964,2047,2092,2030
527668,A,217,966,2046,2087,2031,965,2046,2093,2031
527768,A,217,963,2046,2092,2031,964,2046,2092,2031
527868,A,217,964,2043,2094,2030,964,2044,2092,2030
527968,A,217,965,2047,2093,2032,964,2047,2093,2031
528068,A,217,966,2045,2091,2032,965,2045,2091,2031
528168,A,217,967,2047,2094,2031,965,2046,2092,2031
528268,A,217,965,2045,2095,2031,965,2045,2094,2031
528368,A,217,965,2047,2091,2030,965,2047,2091,2031
528468,A,217,958,2053,2094,2033,962,2045,2092,2030
528568,A,217,963,2046,2091,2031,964,2046,2092,2031
528668,A,217,965,2046,2092,2032,965,2046,2092,2031
528768,A,217,966,2054,2096,2032,963,2045,2092,2030
528868,A,217,963,2045,2094,2032,964,2045,2092,2032
528968,A,217,966,2045,2092,2031,965,2045,2092,2031
529068,A,217,953,2032,2079,2017,962,2045,2089,2029
529168,A,217,963,2046,2094,2031,963,2046,2092,2031
529268,A,217,967,2045,2094,2030,966,2046,2094,2030
529368,A,217,951,2034,2075,2015,963,2045,2091,2029
529468,A,217,965,2045,2091,2032,965,2045,2091,2032
529568,A,217,955,2032,2078,2017,963,2045,2090,2029
529668,A,217,965,2047,2089,2031,965,2047,2092,2031
529768,A,217,966,2047,2091,2030,966,2047,2091,2030
529868,A,217,965,2052,2094,2032,965,2047,2092,2032
529968,A,217,966,2046,2093,2029,966,2046,2092,2029
530068,A,217,965,2045,2091,2031,965,2046,2091,2031
530168,A,217,966,2047,2090,2029,966,2047,2090,2031
530268,A,217,963,2046,2091,2032,963,2045,2091,2032
530368,A,217,966,2047,2093,2031,965,2046,2093,2031
530468,A,217,963,2044,2093,2031,963,2044,2093,2031
530568,A,217,962,2046,2091,2029,963,2046,2091,2030
530668,A,217,964,2046,2087,2031,964,2046,2091,2031
530768,A,217,963,2046,2093,2031,963,2046,2092,2030
530868,A,217,964,2045,2094,2032,964,2046,2092,2031
530968,A,217,966,2045,2094,2032,965,2045,2092,2032
531068,A,217,963,2045,2092,2028,963,2045,2092,2030
531168,A,217,965,2047,2087,2030,965,2047,2088,2030
531268,A,217,965,2045,2092,2031,965,2045,2092,2031
531368,A,217,962,2047,2094,2031,964,2047,2093,2031
531468,A,217,951,2032,2075,2019,959,2040,2087,2026
531568,A,217,965,2046,2094,2029,955,2036,2083,2022
531668,A,217,964,2047,2094,2031,964,2046,2092,2031
531768,A,217,963,2054,2091,2032,963,2047,2092,2032
531868,A,217,963,2047,2091,2029,963,2047,2091,2029
531968,A,217,966,2047,2095,2029,966,2046,2093,2030
532068,A,217,965,2047,2094,2031,965,2047,2093,2030
532168,A,217,965,2047,2094,2032,963,2047,2092,2031
532268,A,217,966,2047,2090,2032,966,2047,2091,2032
532368,A,217,962,2045,2095,2032,965,2047,2093,2032
532468,A,217,967,2047,2093,2031,964,2047,2093,2031
532568,A,217,965,2046,2090,2032,965,2046,2092,2032
532668,A,217,963,2045,2093,2032,963,2045,2093,2031
532768,A,217,954,2033,2078,2016,962,2043,2091,2027
532868,A,217,963,2043,2093,2029,963,2045,2093,2030
532968,A,217,966,2047,2091,2031,965,2047,2091,2031
533068,A,217,950,2035,2075,2018,960,2044,2089,2027
533168,A,217,964,2047,2091,2031,965,2045,2091,2031
533268,A,217,962,2047,2089,2032,964,2047,2092,2032
533368,A,217,965,2047,2095,2033,965,2045,2090,2031
533468,A,217,964,2045,2092,2032,964,2045,2092,2031
533568,A,217,954,2032,2076,2016,964,2045,2089,2030
533668,A,217,964,2045,2090,2031,964,2045,2091,2031
533768,A,217,964,2046,2095,2031,964,2046,2092,2031
533868,A,217,959,2032,2074,2009,964,2044,2089,2029
533968,A,217,966,2046,2092,2030,964,2046,2092,2030
534068,A,217,965,2047,2093,2029,965,2047,2093,2030
534168,A,217,965,2046,2087,2032,964,2046,2091,2032
534268,A,217,963,2046,2089,2031,964,2046,2090,2031
534368,A,217,965,2046,2092,2032,965,2046,2092,2032
534468,A,217,965,2045,2089,2029,965,2045,2092,2030
534568,A,217,967,2045,2087,2032,965,2045,2089,2030
534668,A,217,963,2046,2091,2032,964,2046,2091,2031
534768,A,217,961,2046,2087,2031,964,2046,2091,2031
534868,A,217,963,2045,2093,2031,963,2045,2093,2031
534968,A,217,963,2045,2090,2030,963,2045,2090,2030
535068,A,217,964,2045,2093,2032,964,2046,2092,2031
535168,A,217,965,2045,2090,2031,963,2045,2090,2031
535268,A,217,967,2043,2091,2031,964,2045,2091,2031
535368,A,217,965,2047,2093,2031,965,2046,2092,2030
535468,A,217,964,2047,2093,2032,964,2046,2093,2030
535568,A,217,963,2043,2093,2026,963,2045,2092,2029
535668,A,217,963,2046,2091,2031,964,2046,2092,2031
535768,A,217,963,2045,2091,2031,963,2045,2091,2031
535868,A,217,966,2043,2091,2031,964,2043,2091,2030
535968,A,217,963,2046,2091,2031,963,2046,2092,2031
536068,A,217,969,2045,2094,2031,964,2045,2093,2031
536168,A,217,965,2054,2094,2032,965,2046,2093,2032
536268,A,217,967,2043,2091,2031,964,2046,2092,2031
536368,A,217,966,2047,2094,2031,965,2046,2094,2031
536468,A,217,963,2047,2096,2031,961,2041,2089,2029
536568,A,217,962,2047,2091,2032,963,2046,2091,2031
536668,A,217,965,2046,2092,2027,965,2046,2093,2030
536768,A,217,963,2047,2095,2032,963,2044,2090,2029
536868,A,217,966,2046,2089,2031,965,2046,2090,2031
536968,A,217,962,2045,2093,2031,963,2045,2093,2031
537068,A,217,963,2047,2095,2032,963,2045,2092,2030
537168,A,217,962,2045,2090,2031,962,2046,2092,2031
537268,A,217,965,2047,2093,2031,965,2047,2093,2031
537368,A,217,955,2031,2078,2022,962,2044,2088,2028
537468,A,217,963,2047,2088,2030,963,2046,2088,2030
537568,A,217,954,2032,2077,2018,961,2043,2090,2030
537668,A,217,961,2046,2095,2029,959,2041,2088,2028
537768,A,217,965,2046,2090,2031,965,2046,2092,2031
537868,A,217,951,2033,2081,2019,964,2046,2090,2030
537968,A,217,966,2046,2093,2031,960,2042,2086,2026
538068,A,217,967,2045,2092,2029,966,2045,2092,2029
538168,A,217,962,2033,2080,2015,964,2045,2091,2029
538268,A,217,963,2046,2093,2032,964,2046,2093,2032
538368,A,217,966,2046,2090,2031,965,2046,2091,2031
538468,A,217,966,2047,2093,2032,966,2047,2093,2031
538568,A,217,965,2045,2094,2031,965,2045,2093,2031
538668,A,217,964,2046,2087,2030,964,2046,2091,2030
538768,A,217,962,2046,2091,2031,962,2046,2091,2031
538868,A,217,964,2045,2095,2032,962,2045,2093,2031
538968,A,217,965,2047,2087,2031,965,2046,2091,2031
539068,A,217,966,2045,2093,2032,966,2046,2092,2032
539168,A,217,965,2046,2090,2032,964,2046,2092,2032
539268,A,217,965,2045,2089,2032,965,2045,2090,2032
539368,A,217,965,2047,2093,2031,965,2047,2093,2031
539468,A,217,963,2045,2093,2030,963,2046,2091,2030
539568,A,217,963,2046,2091,2030,964,2046,2091,2030
539668,A,217,965,2045,2089,2032,963,2045,2089,2028
539768,A,217,965,2046,2093,2032,965,2046,2092,2030
539868,A,217,965,2045,2091,2030,965,2045,2093,2030
539968,A,217,962,2045,2091,2030,963,2045,2091,2030
540068,A,217,962,2045,2094,2031,963,2045,2093,2031
540168,A,217,962,2046,2087,2030,962,2046,2092,2031
540268,A,217,966,2047,2091,2031,958,2042,2088,2026
540368,A,217,963,2045,2091,2029,964,2046,2092,2030
540468,A,217,963,2046,2095,2031,964,2046,2091,2031
540568,A,217,966,2045,2093,2030,964,2045,2089,2030
540668,A,217,963,2046,2092,2032,965,2046,2092,2031
540768,A,217,965,2043,2092,2031,965,2045,2092,2031
540868,A,217,965,2046,2095,2031,963,2043,2090,2029
540968,A,217,966,2044,2093,2032,965,2044,2093,2030
541068,A,217,965,2046,2094,2031,964,2046,2093,2031
541168,A,217,967,2055,2093,2031,962,2044,2089,2030
541268,A,217,963,2046,2087,2029,964,2046,2090,2030
541368,A,217,964,2046,2094,2031,964,2046,2091,2031
541468,A,217,964,2047,2094,2031,964,2047,2090,2031
541568,A,217,953,2032,2078,2013,960,2042,2090,2027
541668,A,217,964,2046,2091,2032,965,2046,2091,2031
541768,A,217,966,2047,2095,2031,965,2047,2095,2031
541868,A,217,951,2034,2077,2018,961,2044,2088,2029
541968,A,217,965,2046,2094,2031,965,2046,2092,2031
542068,A,217,965,2046,2091,2031,965,2046,2091,2031
542168,A,217,953,2033,2075,2016,964,2045,2091,2030
542268,A,217,963,2047,2090,2030,965,2047,2092,2030
542368,A,217,965,2047,2095,2031,965,2047,2092,2030
542468,A,217,966,2043,2087,2031,966,2045,2092,2031
542568,A,217,966,2046,2092,2030,966,2046,2092,2030
542668,A,217,965,2047,2094,2032,965,2047,2092,2032
542768,A,217,965,2046,2090,2030,965,2046,2092,2030
542868,A,217,963,2047,2093,2032,963,2047,2093,2032
542968,A,217,965,2047,2091,2031,965,2047,2091,2031
543068,A,217,965,2047,2091,2033,965,2046,2093,2032
543168,A,217,966,2047,2089,2032,966,2047,2092,2032
543268,A,217,967,2047,2090,2032,966,2047,2093,2032
543368,A,217,964,2046,2095,2032,964,2046,2092,2032
543468,A,217,968,2047,2092,2031,967,2047,2092,2031
543568,A,217,967,2047,2095,2031,965,2047,2091,2031
543668,A,217,963,2047,2093,2031,963,2046,2091,2031
543768,A,217,967,2047,2093,2032,966,2045,2092,2032
543868,A,217,967,2046,2094,2031,966,2046,2093,2031
543968,A,217,965,2055,2091,2032,965,2047,2091,2031
544068,A,217,964,2045,2095,2031,964,2045,2091,2031
544168,A,217,966,2047,2090,2030,966,2047,2093,2031
544268,A,217,965,2047,2091,2031,965,2047,2091,2031
544368,A,217,964,2043,2091,2032,964,2046,2093,2032
544468,A,217,966,2046,2095,2031,966,2046,2093,2031
544568,A,217,965,2047,2092,2030,963,2043,2089,2029
544668,A,217,966,2047,2095,2032,965,2046,2093,2031
544768,A,217,963,2045,2093,2030,964,2045,2093,2030
544868,A,217,967,2053,2092,2032,964,2046,2092,2031
544968,A,217,965,2047,2093,2032,965,2047,2093,2032
545068,A,217,966,2047,2092,2032,965,2047,2093,2032
545168,A,217,951,2033,2077,2019,961,2042,2088,2027
545268,A,217,966,2047,2092,2031,965,2047,2092,2031
545368,A,217,964,2045,2094,2032,965,2046,2094,2032
545468,A,217,965,2047,2094,2031,965,2047,2094,2031
545568,A,217,957,2035,2083,2021,963,2044,2091,2029
545668,A,217,965,2047,2093,2032,965,2047,2093,2032
545768,A,217,963,2046,2095,2032,965,2046,2094,2032
545868,A,217,954,2032,2079,2016,963,2043,2090,2027
545968,A,217,964,2046,2093,2032,965,2046,2093,2032
546068,A,217,964,2046,2096,2031,964,2046,2095,2031
546168,A,217,953,2034,2081,2016,962,2044,2090,2029
546268,A,217,965,2047,2094,2032,965,2047,2094,2032
546368,A,217,966,2046,2091,2032,965,2046,2091,2032
546468,A,217,956,2032,2078,2017,964,2044,2092,2030
546568,A,217,964,2045,2093,2031,964,2046,2093,2031
546668,A,217,963,2046,2091,2031,963,2046,2092,2031
546768,A,217,963,2045,2093,2031,963,2046,2093,2031
546868,A,217,965,2047,2094,2031,964,2047,2094,2031
546968,A,217,964,2046,2087,2031,964,2046,2092,2031
547068,A,217,963,2047,2094,2031,963,2047,2092,2031
547168,A,217,965,2046,2094,2032,965,2046,2094,2032
547268,A,217,965,2046,2090,2027,965,2046,2093,2030
547368,A,217,966,2047,2091,2032,966,2047,2091,2032
547468,A,217,965,2045,2094,2031,965,2045,2092,2031
547568,A,217,964,2043,2090,2030,964,2044,2092,2030
547668,A,217,965,2047,2091,2031,965,2047,2091,2031
547768,A,217,961,2047,2093,2031,964,2046,2093,2031
547868,A,217,965,2046,2092,2029,965,2046,2092,2029
547968,A,217,964,2046,2090,2032,964,2046,2091,2031
548068,A,217,963,2046,2091,2030,963,2046,2091,2030
548168,A,217,963,2045,2091,2031,964,2045,2091,2031
548268,A,217,965,2045,2093,2031,965,2045,2092,2031
548368,A,217,964,2047,2092,2030,964,2046,2092,2030
548468,A,217,965,2046,2093,2031,965,2046,2093,2031
548568,A,217,966,2045,2094,2032,965,2045,2092,2030
548668,A,217,965,2044,2093,2030,965,2045,2092,2030
548768,A,217,963,2047,2093,2031,964,2046,2093,2031
548868,A,217,963,2046,2093,2029,964,2045,2091,2029
548968,A,217,963,2046,2091,2031,964,2046,2091,2029
549068,A,217,962,2045,2091,2029,963,2045,2092,2029
549168,A,217,963,2046,2090,2031,964,2046,2090,2030
549268,A,217,963,2045,2091,2031,965,2046,2092,2031
549368,A,217,963,2047,2092,2032,964,2046,2092,2030
549468,A,217,967,2046,2091,2031,964,2046,2091,2031
549568,A,217,966,2047,2095,2032,960,2044,2090,2027
549668,A,217,965,2046,2091,2032,964,2046,2091,2031
549768,A,217,962,2046,2091,2031,962,2046,2091,2031
549868,A,217,963,2045,2094,2032,963,2045,2090,2029
549968,A,217,965,2046,2091,2029,965,2046,2093,2029
550068,A,217,967,2045,2095,2031,966,2045,2092,2031
550168,A,217,965,2054,2093,2032,964,2045,2093,2031
550268,A,217,966,2045,2091,2030,965,2045,2092,2030
550368,A,217,963,2047,2091,2030,964,2047,2091,2030
550468,A,217,955,2032,2080,2015,963,2044,2089,2028
550568,A,217,964,2046,2091,2030,964,2046,2092,2030
550668,A,217,964,2045,2094,2032,964,2046,2093,2032
550768,A,217,951,2032,2077,2018,965,2046,2091,2031
550868,A,217,963,2046,2093,2032,964,2045,2093,2032
550968,A,217,963,2047,2086,2029,964,2047,2093,2031
551068,A,217,963,2046,2094,2031,963,2046,2094,2031
551168,A,217,966,2047,2091,2032,966,2047,2093,2032
551268,A,217,966,2047,2090,2030,965,2047,2091,2030
551368,A,217,965,2045,2091,2031,965,2045,2091,2031
551468,A,217,963,2046,2090,2032,965,2046,2092,2031
551568,A,217,965,2047,2093,2031,965,2047,2092,2031
551668,A,217,966,2047,2094,2031,966,2047,2094,2031
551768,A,217,965,2046,2093,2032,965,2046,2093,2031
551868,A,217,965,2046,2090,2030,965,2046,2092,2030
551968,A,217,965,2047,2093,2032,964,2047,2093,2031
552068,A,217,965,2045,2091,2032,965,2045,2093,2032
552168,A,217,967,2046,2091,2032,965,2046,2091,2032
552268,A,217,965,2053,2092,2030,965,2047,2092,2031
552368,A,217,965,2045,2091,2031,964,2046,2091,2031
552468,A,217,965,2047,2090,2030,965,2047,2092,2031
552568,A,217,965,2047,2089,2032,965,2047,2091,2032
552668,A,217,965,2046,2091,2032,964,2046,2093,2032
552768,A,217,966,2045,2092,2032,965,2045,2093,2031
552868,A,217,966,2047,2091,2030,965,2047,2092,2031
552968,A,217,966,2047,2093,2031,966,2047,2093,2031
553068,A,217,965,2047,2094,2031,965,2047,2094,2031
553168,A,217,964,2047,2094,2031,964,2047,2094,2030
553268,A,217,966,2045,2092,2032,966,2045,2092,2030
553368,A,217,966,2047,2091,2031,966,2047,2091,2031
553468,A,217,965,2046,2093,2030,965,2046,2093,2030
553568,A,217,963,2046,2093,2031,964,2046,2093,2031
553668,A,217,969,2047,2094,2032,966,2047,2094,2032
553768,A,217,965,2046,2091,2031,965,2046,2092,2031
553868,A,217,966,2047,2093,2033,962,2044,2090,2028
553968,A,217,966,2047,2093,2031,966,2047,2093,2031
554068,A,217,965,2047,2094,2031,965,2047,2093,2031
554168,A,217,951,2035,2081,2017,962,2044,2091,2029
554268,A,217,963,2046,2095,2032,965,2046,2093,2032
554368,A,217,965,2046,2093,2030,966,2046,2093,2030
554468,A,217,953,2034,2079,2017,964,2045,2091,2029
554568,A,217,965,2047,2093,2031,965,2047,2093,2031
554668,A,217,966,2046,2091,2031,965,2046,2092,2031
554768,A,217,955,2032,2075,2016,961,2045,2090,2029
554868,A,217,963,2047,2091,2030,963,2047,2093,2031
554968,A,217,963,2047,2095,2032,964,2047,2093,2032
555068,A,217,954,2032,2078,2018,963,2045,2089,2031
555168,A,217,965,2045,2095,2027,964,2045,2091,2029
555268,A,217,963,2047,2091,2030,964,2046,2092,2030
555368,A,217,961,2047,2093,2031,965,2047,2092,2031
555468,A,217,967,2047,2093,2032,965,2047,2092,2032
555568,A,217,965,2045,2089,2030,965,2046,2090,2030
555668,A,217,963,2047,2092,2031,963,2047,2092,2031
555768,A,217,965,2045,2090,2030,965,2045,2090,2030
555868,A,217,966,2053,2091,2031,966,2047,2091,2031
555968,A,217,963,2045,2089,2032,965,2045,2091,2032
556068,A,217,965,2047,2093,2031,965,2046,2093,2031
556168,A,217,963,2046,2091,2032,964,2046,2091,2032
556268,A,217,965,2046,2094,2032,965,2046,2094,2032
556368,A,217,965,2047,2092,2031,965,2047,2092,2031
556468,A,217,967,2047,2090,2031,967,2047,2093,2031
556568,A,217,965,2045,2091,2030,965,2045,2093,2030
556668,A,217,961,2043,2091,2030,964,2043,2091,2030
556768,A,217,966,2047,2093,2031,965,2047,2093,2031
556868,A,217,965,2045,2093,2031,963,2045,2091,2031
556968,A,217,966,2045,2087,2031,965,2045,2090,2031
557068,A,217,966,2045,2093,2029,966,2045,2093,2030
557168,A,217,966,2047,2090,2031,965,2045,2090,2031
557268,A,217,963,2045,2092,2032,963,2045,2092,2032
557368,A,217,965,2047,2090,2028,964,2047,2091,2030
557468,A,217,964,2047,2094,2029,964,2046,2091,2029
557568,A,217,964,2046,2094,2031,964,2045,2091,2029
557668,A,217,965,2045,2091,2031,965,2045,2091,2031
557768,A,217,967,2046,2088,2031,965,2046,2091,2031
557868,A,217,963,2045,2091,2030,963,2045,2091,2030
557968,A,217,963,2046,2091,2029,963,2046,2091,2029
558068,A,217,965,2047,2091,2031,965,2045,2091,2031
558168,A,217,965,2047,2093,2032,963,2044,2089,2029
558268,A,217,964,2042,2093,2030,964,2045,2092,2030
558368,A,217,966,2044,2090,2031,964,2044,2093,2031
558468,A,217,965,2047,2096,2032,963,2044,2089,2029
558568,A,217,963,2043,2091,2031,963,2046,2091,2031
558668,A,217,964,2046,2089,2031,964,2046,2091,2031
558768,A,217,960,2045,2094,2032,963,2045,2091,2032
558868,A,217,963,2046,2093,2029,963,2046,2091,2029
558968,A,217,965,2047,2094,2032,965,2047,2091,2032
559068,A,217,951,2032,2081,2020,963,2044,2091,2030
559168,A,217,963,2045,2089,2032,963,2045,2091,2032
559268,A,217,967,2046,2093,2030,966,2046,2092,2031
559368,A,217,953,2032,2077,2017,964,2046,2091,2029
559468,A,217,966,2047,2093,2032,965,2046,2093,2032
559568,A,217,964,2046,2093,2031,964,2046,2093,2031
559668,A,217,963,2047,2091,2031,963,2047,2091,2031
559768,A,217,965,2045,2094,2032,965,2046,2092,2032
559868,A,217,965,2047,2089,2032,965,2047,2090,2032
559968,A,217,964,2047,2089,2032,964,2047,2090,2032
560068,A,217,963,2047,2089,2031,964,2045,2091,2031
560168,A,217,965,2047,2093,2029,964,2047,2092,2030
560268,A,217,963,2047,2093,2030,964,2047,2091,2030
560368,A,217,963,2047,2091,2032,963,2047,2093,2032
560468,A,217,965,2043,2091,2031,965,2044,2091,2031
560568,A,217,965,2047,2095,2032,965,2047,2093,2031
560668,A,217,964,2047,2087,2030,964,2047,2090,2030
560768,A,217,967,2047,2094,2030,965,2046,2094,2030
560868,A,217,963,2047,2094,2032,963,2047,2091,2032
560968,A,217,964,2047,2094,2033,964,2047,2092,2030
561068,A,217,963,2043,2089,2031,963,2045,2090,2031
561168,A,217,965,2046,2089,2032,965,2046,2089,2031
561268,A,217,963,2046,2089,2031,963,2046,2090,2031
561368,A,217,963,2045,2092,2029,965,2045,2092,2030
561468,A,217,968,2045,2091,2031,965,2045,2091,2031
561568,A,217,965,2045,2093,2032,964,2045,2092,2030
561668,A,217,963,2045,2089,2032,963,2045,2090,2031
561768,A,217,963,2046,2092,2029,964,2046,2092,2030
561868,A,217,965,2046,2094,2030,964,2044,2089,2028
561968,A,217,963,2045,2089,2031,963,2045,2091,2031
562068,A,217,965,2045,2090,2031,965,2045,2090,2031
562168,A,217,963,2045,2093,2032,963,2045,2088,2031
562268,A,217,964,2045,2090,2030,964,2045,2090,2030
562368,A,217,963,2045,2087,2031,963,2045,2090,2031
562468,A,217,965,2047,2093,2030,964,2046,2091,2030
562568,A,217,965,2046,2093,2030,965,2045,2092,2030
562668,A,217,964,2043,2087,2029,964,2044,2092,2029
562768,A,217,951,2032,2079,2018,962,2042,2089,2028
562868,A,217,965,2047,2091,2031,965,2047,2091,2031
562968,A,217,965,2043,2091,2029,965,2044,2091,2030
563068,A,217,954,2034,2080,2018,961,2044,2090,2028
563168,A,217,965,2043,2090,2030,965,2045,2090,2030
563268,A,217,965,2045,2091,2032,965,2045,2091,2032
563368,A,217,966,2046,2095,2032,965,2046,2091,2032
563468,A,217,965,2046,2093,2031,965,2046,2092,2031
563568,A,217,951,2032,2078,2015,963,2044,2089,2029
563668,A,217,961,2046,2091,2031,963,2046,2092,2031
563768,A,217,963,2045,2093,2030,963,2045,2092,2031
563868,A,217,965,2046,2093,2031,964,2046,2092,2031
563968,A,217,962,2043,2089,2030,965,2044,2089,2030
564068,A,217,965,2046,2095,2032,965,2046,2094,2032
564168,A,217,963,2047,2086,2029,965,2047,2092,2029
564268,A,217,964,2045,2091,2029,964,2045,2091,2030
564368,A,217,964,2045,2091,2031,965,2045,2091,2031
564468,A,217,963,2045,2091,2031,964,2045,2091,2031
564568,A,217,965,2043,2092,2031,964,2045,2092,2031
564668,A,217,967,2046,2091,2030,965,2046,2091,2030
564768,A,217,964,2045,2093,2031,964,2045,2093,2030
564868,A,217,965,2046,2083,2030,965,2045,2091,2030
564968,A,217,966,2046,2091,2031,966,2045,2091,2031
565068,A,217,962,2046,2092,2032,962,2046,2092,2032
565168,A,217,962,2047,2090,2029,963,2047,2092,2029
565268,A,217,963,2043,2093,2031,963,2046,2093,2031
565368,A,217,966,2047,2091,2030,966,2046,2092,2030
565468,A,217,965,2051,2091,2032,965,2047,2091,2032
565568,A,217,964,2045,2093,2030,964,2045,2091,2030
565668,A,217,965,2046,2095,2030,965,2046,2091,2030
565768,A,217,965,2046,2090,2030,965,2045,2090,2030
565868,A,217,962,2047,2090,2029,963,2046,2091,2029
565968,A,217,963,2046,2091,2030,964,2046,2091,2030
566068,A,217,965,2046,2093,2031,964,2046,2093,2031
566168,A,217,963,2046,2093,2029,963,2045,2091,2029
566268,A,217,964,2046,2090,2031,964,2046,2090,2031
566368,A,217,962,2043,2093,2029,965,2044,2093,2029
566468,A,217,965,2043,2093,2029,965,2044,2092,2030
566568,A,217,965,2045,2093,2031,965,2045,2092,2031
566668,A,217,963,2045,2093,2032,964,2045,2092,2029
566768,A,217,963,2047,2093,2032,960,2044,2089,2028
566868,A,217,965,2045,2091,2032,965,2045,2091,2032
566968,A,217,963,2047,2089,2032,963,2047,2092,2031
567068,A,217,954,2033,2081,2019,961,2042,2089,2027
567168,A,217,962,2046,2093,2031,963,2046,2093,2031
567268,A,217,965,2046,2091,2029,965,2046,2091,2030
567368,A,217,949,2034,2081,2016,962,2043,2090,2027
567468,A,217,965,2054,2087,2031,965,2047,2090,2031
567568,A,217,945,2027,2074,2019,960,2041,2089,2028
567668,A,217,963,2046,2090,2032,963,2046,2091,2032
567768,A,217,965,2046,2093,2032,965,2046,2093,2031
567868,A,217,950,2032,2082,2017,964,2045,2091,2029
567968,A,217,964,2046,2087,2029,964,2046,2091,2030
568068,A,217,964,2043,2091,2029,964,2045,2091,2030
568168,A,217,965,2047,2090,2029,965,2047,2091,2030
568268,A,217,963,2047,2095,2032,964,2047,2093,2032
568368,A,217,965,2045,2094,2030,965,2046,2093,2031
568468,A,217,965,2047,2090,2031,965,2047,2093,2031
568568,A,217,963,2053,2094,2030,964,2046,2092,2030
568668,A,217,963,2046,2087,2029,965,2046,2091,2030
568768,A,217,963,2044,2091,2031,964,2046,2091,2031
568868,A,217,967,2047,2091,2032,964,2047,2093,2031
568968,A,217,967,2046,2094,2031,966,2046,2093,2031
569068,A,217,963,2043,2089,2031,963,2044,2090,2031
569168,A,217,965,2045,2093,2028,964,2045,2091,2028
569268,A,217,965,2045,2091,2032,965,2044,2091,2032
569368,A,217,966,2043,2087,2032,966,2045,2090,2032
569468,A,217,967,2047,2090,2029,965,2047,2092,2030
569568,A,217,964,2047,2089,2032,964,2046,2091,2032
569668,A,217,966,2045,2093,2032,966,2045,2093,2032
569768,A,217,965,2046,2091,2031,965,2046,2091,2030
569868,A,217,965,2045,2092,2031,965,2045,2092,2031
569968,A,217,964,2046,2095,2031,964,2046,2093,2031
570068,A,217,966,2047,2093,2030,965,2047,2093,2031
570168,A,217,963,2046,2089,2031,963,2046,2092,2031
570268,A,217,965,2044,2092,2032,963,2044,2091,2031
570368,A,217,965,2043,2093,2031,965,2046,2093,2031
570468,A,217,964,2045,2090,2032,964,2045,2090,2032
570568,A,217,965,2045,2090,2032,963,2044,2090,2029
570668,A,217,963,2046,2091,2032,963,2046,2091,2032
570768,A,217,963,2046,2092,2031,964,2046,2092,2031
570868,A,217,965,2047,2091,2030,962,2044,2090,2028
570968,A,217,964,2044,2090,2029,964,2046,2091,2030
571068,A,217,965,2047,2093,2032,965,2045,2093,2031
571168,A,217,966,2044,2092,2031,964,2044,2091,2031
571268,A,217,966,2045,2093,2031,965,2045,2093,2030
571368,A,217,967,2047,2094,2029,965,2047,2092,2030
571468,A,217,965,2047,2092,2031,962,2047,2092,2031
571568,A,217,955,2033,2078,2022,963,2044,2089,2029
571668,A,217,965,2046,2094,2030,965,2046,2093,2031
571768,A,217,964,2043,2092,2031,964,2045,2092,2031
571868,A,217,950,2027,2079,2015,962,2042,2089,2028
571968,A,217,965,2044,2093,2031,964,2046,2093,2031
572068,A,217,965,2046,2090,2031,965,2046,2091,2031
572168,A,217,951,2032,2076,2016,963,2044,2090,2029
572268,A,217,964,2046,2093,2031,964,2046,2092,2031
572368,A,217,963,2047,2092,2032,964,2047,2092,2032
572468,A,217,963,2045,2091,2031,965,2046,2091,2031
572568,A,217,966,2046,2090,2031,966,2046,2091,2031
572668,A,217,965,2046,2094,2030,965,2046,2093,2030
572768,A,217,963,2047,2091,2031,964,2047,2093,2031
572868,A,217,965,2047,2091,2031,965,2047,2091,2031
572968,A,217,965,2046,2093,2030,965,2046,2093,2030
573068,A,217,964,2046,2091,2032,964,2046,2091,2032
573168,A,217,965,2046,2087,2032,964,2046,2091,2032
573268,A,217,966,2046,2092,2027,966,2046,2092,2030
573368,A,217,964,2047,2089,2032,964,2047,2092,2031
573468,A,217,964,2047,2090,2031,965,2047,2092,2031
573568,A,217,965,2045,2093,2030,965,2046,2092,2030
573668,A,217,962,2045,2089,2031,964,2045,2090,2031
573768,A,217,961,2045,2091,2032,963,2046,2091,2032
573868,A,217,966,2045,2093,2032,965,2045,2093,2032
573968,A,217,963,2047,2087,2031,963,2046,2091,2031
574068,A,217,965,2046,2092,2031,965,2046,2092,2031
574168,A,217,964,2045,2095,2031,964,2045,2093,2031
574268,A,217,966,2054,2093,2032,963,2045,2092,2029
574368,A,217,967,2047,2095,2031,964,2047,2093,2031
574468,A,217,966,2047,2090,2030,966,2047,2092,2030
574568,A,217,966,2047,2087,2031,966,2047,2092,2031
574668,A,217,964,2047,2093,2030,964,2047,2093,2030
574768,A,217,962,2047,2091,2031,964,2047,2091,2031
574868,A,217,962,2045,2095,2032,962,2043,2091,2029
574968,A,217,965,2045,2086,2030,965,2045,2090,2030
575068,A,217,967,2047,2093,2031,966,2046,2093,2031
575168,A,217,960,2047,2095,2032,960,2044,2090,2029
575268,A,217,967,2047,2092,2031,966,2045,2092,2031
575368,A,217,965,2043,2095,2028,965,2045,2093,2029
575468,A,217,965,2054,2094,2031,965,2046,2094,2031
575568,A,217,955,2034,2079,2017,962,2043,2089,2028
575668,A,217,964,2047,2092,2031,964,2047,2092,2031
575768,A,217,964,2046,2093,2031,964,2046,2093,2031
575868,A,217,949,2034,2077,2017,963,2044,2090,2029
575968,A,217,966,2045,2091,2032,966,2045,2091,2032
576068,A,217,965,2045,2094,2030,964,2045,2092,2030
576168,A,217,949,2042,2081,2015,963,2046,2093,2029
576268,A,217,965,2043,2093,2032,965,2044,2093,2032
576368,A,217,964,2046,2094,2030,964,2046,2094,2030
576468,A,217,953,2032,2075,2017,963,2045,2092,2030
576568,A,217,965,2046,2093,2032,965,2046,2093,2031
576668,A,217,962,2044,2091,2029,962,2045,2091,2029
576768,A,217,971,2046,2093,2029,964,2046,2093,2031
576868,A,217,965,2047,2092,2032,964,2047,2092,2032
576968,A,217,965,2045,2091,2031,965,2046,2092,2031
577068,A,217,964,2047,2093,2031,963,2047,2092,2031
577168,A,217,961,2046,2094,2032,961,2046,2092,2031
577268,A,217,966,2046,2093,2031,965,2046,2093,2031
577368,A,217,966,2046,2091,2032,964,2046,2091,2031
577468,A,217,966,2043,2092,2031,964,2044,2091,2030
577568,A,217,964,2044,2095,2030,964,2045,2092,2030
577668,A,217,964,2046,2094,2031,964,2045,2091,2031
577768,A,217,964,2046,2093,2031,964,2046,2092,2031
577868,A,217,966,2047,2095,2032,965,2045,2092,2032
577968,A,217,965,2045,2092,2032,965,2045,2092,2032
578068,A,217,965,2044,2094,2030,965,2044,2092,2030
578168,A,217,963,2046,2089,2030,963,2046,2092,2030
578268,A,217,966,2047,2093,2032,964,2046,2091,2030
578368,A,217,964,2044,2091,2031,964,2045,2091,2030
578468,A,217,965,2044,2090,2031,965,2044,2092,2031
578568,A,217,966,2047,2093,2032,965,2046,2093,2032
578668,A,217,965,2047,2093,2031,965,2046,2092,2031
578768,A,217,963,2046,2089,2032,963,2044,2092,2030
578868,A,217,965,2046,2093,2031,964,2043,2091,2028
578968,A,217,963,2046,2087,2030,963,2046,2091,2030
579068,A,217,965,2045,2091,2031,965,2045,2093,2031
579168,A,217,965,2047,2095,2032,961,2045,2088,2027
579268,A,217,964,2046,2087,2031,964,2046,2088,2031
579368,A,217,965,2045,2092,2030,965,2045,2092,2030
579468,A,217,964,2046,2091,2030,964,2046,2092,2030
579568,A,217,955,2035,2078,2020,959,2041,2089,2025
579668,A,217,963,2046,2090,2032,964,2046,2091,2032
579768,A,217,962,2047,2093,2031,964,2045,2092,2031
579868,A,217,951,2032,2078,2017,960,2042,2088,2027
579968,A,217,963,2047,2091,2030,963,2046,2091,2030
580068,A,217,963,2046,2093,2027,963,2045,2093,2030
580168,A,217,953,2033,2081,2019,962,2044,2090,2028
580268,A,217,962,2047,2095,2029,958,2041,2086,2024
580368,A,217,965,2045,2091,2030,965,2045,2091,2031
580468,A,217,955,2035,2077,2017,965,2046,2091,2031
580568,A,217,967,2045,2093,2031,966,2046,2093,2031
580668,A,217,965,2047,2090,2032,964,2046,2093,2031
580768,A,217,951,2032,2079,2017,963,2045,2091,2030
580868,A,217,966,2045,2091,2032,966,2045,2091,2032
580968,A,217,963,2047,2092,2031,965,2047,2092,2031
581068,A,217,965,2047,2096,2032,965,2047,2092,2031
581168,A,217,965,2046,2093,2032,965,2046,2092,2032
581268,A,217,966,2046,2092,2032,966,2046,2092,2032
581368,A,217,963,2044,2090,2031,964,2044,2091,2031
581468,A,217,965,2045,2093,2032,965,2045,2093,2031
581568,A,217,967,2046,2093,2030,966,2046,2093,2030
581668,A,217,962,2047,2087,2030,963,2046,2090,2030
581768,A,217,962,2047,2089,2031,962,2047,2091,2031
581868,A,217,967,2043,2090,2032,964,2044,2090,2032
581968,A,217,966,2047,2090,2031,964,2047,2091,2031
582068,A,217,963,2047,2091,2030,964,2047,2092,2030
582168,A,217,966,2045,2090,2030,966,2045,2092,2030
582268,A,217,964,2053,2094,2031,964,2047,2093,2031
582368,A,217,970,2046,2094,2030,966,2046,2093,2030
582468,A,217,963,2045,2089,2031,965,2045,2092,2031
582568,A,217,961,2042,2089,2030,963,2044,2092,2030
582668,A,217,966,2046,2092,2031,966,2046,2092,2031
582768,A,217,965,2046,2092,2031,965,2046,2092,2031
582868,A,217,965,2053,2090,2032,963,2047,2090,2031
582968,A,217,965,2043,2093,2031,965,2045,2093,2031
583068,A,217,960,2046,2093,2030,964,2046,2093,2030
583168,A,217,965,2046,2091,2031,963,2046,2091,2030
583268,A,217,963,2045,2090,2030,964,2045,2091,2030
583368,A,217,963,2053,2093,2031,963,2045,2093,2031
583468,A,217,964,2047,2090,2030,964,2047,2090,2031
583568,A,217,965,2045,2092,2032,961,2044,2092,2032
583668,A,217,964,2047,2090,2031,964,2047,2092,2031
583768,A,217,966,2046,2091,2031,966,2046,2091,2031
583868,A,217,957,2042,2095,2032,962,2042,2090,2029
583968,A,217,963,2047,2092,2030,964,2047,2092,2030
584068,A,217,962,2046,2092,2030,962,2046,2092,2031
584168,A,217,950,2034,2080,2017,961,2043,2090,2028
584268,A,217,963,2045,2091,2032,964,2045,2091,2031
584368,A,217,965,2045,2093,2032,964,2045,2092,2031
584468,A,217,951,2035,2080,2019,962,2043,2089,2027
584568,A,217,965,2046,2093,2031,965,2047,2093,2031
584668,A,217,963,2047,2091,2027,964,2047,2091,2028
584768,A,217,951,2032,2078,2017,962,2044,2090,2029
584868,A,217,962,2047,2090,2029,965,2047,2091,2030
584968,A,217,963,2047,2094,2031,963,2046,2094,2031
585068,A,217,957,2033,2081,2019,964,2046,2092,2030
585168,A,217,965,2047,2086,2030,966,2046,2090,2031
585268,A,217,967,2045,2090,2031,964,2045,2090,2031
585368,A,217,965,2047,2091,2030,965,2047,2091,2030
585468,A,217,966,2045,2087,2032,965,2045,2091,2032
585568,A,217,963,2046,2094,2032,964,2046,2094,2032
585668,A,217,966,2047,2093,2032,964,2047,2093,2031
585768,A,217,965,2047,2087,2032,964,2046,2092,2031
585868,A,217,966,2047,2090,2030,965,2047,2092,2030
585968,A,217,962,2047,2091,2031,965,2047,2092,2031
586068,A,217,962,2046,2093,2032,964,2048,2093,2032
586168,A,217,963,2044,2090,2031,965,2045,2093,2031
586268,A,217,969,2046,2093,2031,967,2046,2093,2031
586368,A,217,966,2046,2093,2032,965,2046,2093,2032
586468,A,217,965,2045,2090,2027,964,2046,2093,2030
586568,A,217,963,2047,2090,2031,964,2046,2092,2031
586668,A,217,965,2046,2091,2030,965,2046,2091,2030
586768,A,217,967,2047,2093,2031,966,2047,2093,2031
586868,A,217,965,2046,2094,2031,965,2046,2091,2031
586968,A,217,965,2046,2091,2031,965,2044,2091,2031
587068,A,217,966,2047,2091,2032,966,2047,2092,2032
587168,A,217,966,2046,2094,2032,962,2043,2090,2030
587268,A,217,966,2053,2091,2032,966,2046,2092,2032
587368,A,217,966,2047,2093,2031,966,2047,2093,2031
587468,A,217,967,2046,2087,2032,964,2046,2090,2032
587568,A,217,964,2045,2093,2032,961,2043,2086,2027
587668,A,217,963,2045,2093,2031,963,2045,2093,2031
587768,A,217,964,2046,2092,2032,964,2046,2092,2032
587868,A,217,967,2046,2095,2032,963,2043,2091,2028
587968,A,217,961,2046,2093,2031,964,2046,2092,2031
588068,A,217,965,2047,2093,2029,965,2047,2093,2030
588168,A,217,963,2047,2094,2031,962,2044,2090,2030
588268,A,217,964,2045,2089,2030,964,2045,2089,2030
588368,A,217,964,2044,2091,2029,964,2045,2091,2030
588468,A,217,967,2047,2094,2032,963,2045,2089,2030
588568,A,217,964,2047,2091,2031,964,2046,2091,2031
588668,A,217,964,2047,2094,2031,964,2047,2093,2031
588768,A,217,951,2034,2081,2019,962,2044,2091,2028
588868,A,217,967,2045,2093,2031,966,2045,2093,2031
588968,A,217,966,2045,2094,2029,966,2045,2092,2029
589068,A,217,950,2034,2077,2017,963,2045,2091,2030
589168,A,217,965,2046,2091,2032,965,2046,2091,2032
589268,A,217,963,2047,2091,2030,965,2047,2091,2030
589368,A,217,959,2041,2083,2022,964,2045,2091,2028
589468,A,217,964,2046,2094,2032,964,2046,2094,2032
589568,A,217,965,2043,2091,2031,965,2045,2091,2031
589668,A,217,964,2045,2092,2032,964,2045,2092,2032
589768,A,217,964,2046,2094,2028,964,2046,2094,2030
589868,A,217,967,2046,2091,2032,965,2046,2091,2031
589968,A,217,967,2046,2092,2032,966,2046,2092,2032
590068,A,217,966,2045,2091,2029,965,2046,2091,2029
590168,A,217,965,2043,2087,2031,964,2045,2091,2031
590268,A,217,965,2046,2093,2030,964,2046,2092,2031
590368,A,217,965,2044,2093,2031,965,2046,2093,2031
590468,A,217,964,2046,2090,2030,964,2046,2091,2030
590568,A,217,967,2046,2094,2032,964,2046,2094,2032
590668,A,217,965,2047,2092,2031,965,2047,2092,2031
590768,A,217,965,2045,2092,2032,964,2045,2092,2031
590868,A,217,963,2045,2090,2030,963,2045,2090,2030
590968,A,217,966,2046,2091,2027,965,2046,2091,2029
591068,A,217,964,2043,2091,2030,964,2043,2091,2030
591168,A,217,963,2047,2091,2031,963,2045,2091,2030
591268,A,217,962,2046,2089,2032,962,2046,2089,2032
591368,A,217,967,2047,2093,2031,966,2047,2092,2031
591468,A,217,964,2046,2093,2031,964,2046,2092,2031
591568,A,217,963,2045,2092,2030,963,2044,2092,2029
591668,A,217,967,2043,2094,2032,965,2043,2092,2032
591768,A,217,963,2046,2091,2030,964,2046,2092,2030
591868,A,217,963,2046,2094,2032,963,2043,2089,2028
591968,A,217,965,2045,2091,2030,964,2045,2091,2030
592068,A,217,962,2047,2094,2030,963,2047,2092,2030
592168,A,217,963,2046,2091,2032,963,2044,2089,2028
592268,A,217,965,2046,2091,2031,965,2046,2093,2031
592368,A,217,965,2045,2094,2029,965,2045,2093,2029
592468,A,217,963,2047,2096,2031,963,2045,2091,2030
592568,A,217,965,2047,2092,2030,965,2047,2092,2030
592668,A,217,965,2046,2092,2032,965,2046,2092,2031
592768,A,217,965,2054,2093,2032,963,2045,2091,2029
592868,A,217,964,2045,2091,2031,964,2045,2091,2031
592968,A,217,963,2045,2091,2031,963,2045,2091,2031
593068,A,217,947,2032,2079,2018,963,2043,2089,2029
593168,A,217,963,2045,2090,2029,964,2045,2090,2029
593268,A,217,967,2055,2091,2031,965,2048,2091,2030
593368,A,217,949,2032,2079,2019,963,2045,2089,2028
593468,A,217,965,2047,2093,2032,965,2045,2093,2031
593568,A,217,954,2032,2081,2016,963,2044,2090,2029
593668,A,217,964,2045,2094,2031,964,2045,2093,2031
593768,A,217,965,2047,2093,2030,965,2047,2092,2030
593868,A,217,963,2046,2086,2031,963,2046,2093,2031
593968,A,217,966,2047,2090,2031,966,2047,2093,2031
594068,A,217,965,2047,2094,2032,965,2047,2093,2032
594168,A,217,964,2047,2090,2031,964,2045,2092,2031
594268,A,217,966,2046,2091,2032,966,2046,2091,2031
594368,A,217,964,2053,2090,2031,965,2047,2094,2031
594468,A,217,965,2047,2093,2030,965,2047,2093,2030
594568,A,217,965,2046,2095,2030,965,2046,2094,2029
594668,A,217,965,2046,2090,2027,965,2046,2090,2030
594768,A,217,964,2044,2092,2031,964,2045,2091,2031
594868,A,217,963,2046,2093,2029,964,2046,2092,2030
594968,A,217,964,2047,2091,2030,964,2046,2091,2030
595068,A,217,963,2047,2094,2029,964,2047,2091,2030
595168,A,217,966,2047,2094,2031,965,2046,2091,2031
595268,A,217,965,2043,2091,2028,965,2046,2091,2029
595368,A,217,965,2046,2093,2030,965,2046,2092,2030
595468,A,217,965,2044,2092,2031,964,2044,2092,2031
595568,A,217,965,2046,2093,2031,962,2046,2093,2030
595668,A,217,964,2044,2087,2030,964,2044,2092,2030
595768,A,217,967,2043,2091,2029,964,2045,2091,2030
595868,A,217,965,2046,2095,2031,963,2045,2089,2030
595968,A,217,963,2046,2091,2031,964,2046,2092,2031
596068,A,217,965,2047,2093,2031,965,2047,2092,2031
596168,A,217,967,2045,2091,2031,962,2043,2089,2026
596268,A,217,966,2045,2086,2031,964,2045,2089,2031
596368,A,217,963,2045,2091,2031,963,2045,2091,2031
596468,A,217,966,2047,2095,2031,963,2043,2089,2028
596568,A,217,963,2046,2087,2031,963,2046,2091,2031
596668,A,217,963,2045,2092,2030,963,2045,2092,2030
596768,A,217,951,2032,2080,2020,961,2043,2089,2027
596868,A,217,965,2045,2091,2030,965,2045,2091,2031
596968,A,217,964,2045,2089,2029,964,2045,2091,2030
597068,A,217,953,2034,2075,2017,961,2043,2089,2026
597168,A,217,964,2055,2093,2031,954,2036,2081,2020
597268,A,217,964,2047,2094,2031,964,2046,2091,2030
597368,A,217,951,2033,2075,2015,963,2043,2089,2029
597468,A,217,964,2044,2089,2031,964,2045,2092,2031
597568,A,217,953,2032,2077,2017,963,2045,2090,2028
597668,A,217,965,2043,2094,2032,965,2044,2094,2032
597768,A,217,965,2047,2091,2031,965,2047,2091,2031
597868,A,217,957,2032,2089,2015,964,2045,2091,2029
597968,A,217,966,2045,2087,2026,966,2046,2091,2030
598068,A,217,964,2045,2090,2030,964,2045,2092,2030
598168,A,217,963,2045,2094,2027,964,2045,2092,2030
598268,A,217,965,2047,2093,2031,965,2047,2092,2031
598368,A,217,965,2045,2092,2032,965,2045,2092,2030
598468,A,217,965,2045,2089,2031,964,2045,2090,2031
598568,A,217,967,2046,2091,2032,965,2046,2092,2030
598668,A,217,964,2044,2093,2031,964,2046,2091,2030
598768,A,217,965,2045,2091,2032,965,2045,2091,2032
598868,A,217,963,2047,2093,2032,963,2046,2093,2032
598968,A,217,964,2043,2093,2032,964,2046,2091,2031
599068,A,217,966,2045,2093,2029,965,2045,2092,2030
599168,A,217,963,2047,2087,2031,964,2045,2091,2031
599268,A,217,965,2043,2091,2031,964,2044,2091,2031
599368,A,217,965,2045,2090,2032,965,2045,2090,2031
599468,A,217,963,2045,2090,2032,963,2045,2091,2031
599568,A,217,964,2044,2090,2031,964,2044,2090,2029
599668,A,217,965,2046,2091,2031,964,2046,2091,2031
599768,A,217,963,2046,2091,2029,964,2046,2092,2030
599868,A,217,964,2046,2087,2030,964,2046,2091,2030
599968,A,217,962,2045,2093,2028,963,2045,2093,2029
600068,A,217,965,2045,2089,2031,965,2045,2089,2031
600168,A,217,965,2047,2087,2032,964,2047,2089,2031
600268,A,217,967,2045,2093,2031,958,2041,2085,2025
600368,A,217,964,2047,2087,2031,964,2046,2091,2031
600468,A,217,964,2046,2093,2032,964,2046,2092,2029
600568,A,217,965,2045,2093,2032,964,2045,2094,2032
600668,A,217,959,2047,2090,2031,966,2047,2090,2031
600768,A,217,965,2047,2094,2031,964,2046,2093,2031
600868,A,217,964,2043,2091,2032,965,2044,2091,2032
600968,A,217,964,2047,2092,2032,965,2046,2092,2032
601068,A,217,967,2047,2094,2031,964,2046,2092,2029
601168,A,217,966,2046,2091,2031,966,2046,2091,2031
601268,A,217,963,2045,2090,2030,963,2045,2092,2031
601368,A,217,963,2047,2093,2028,963,2044,2092,2028
601468,A,217,962,2046,2093,2031,963,2046,2091,2031
601568,A,217,947,2032,2077,2017,961,2044,2088,2029
601668,A,217,967,2043,2095,2031,965,2045,2094,2031
601768,A,217,962,2042,2093,2032,963,2044,2091,2032
601868,A,217,951,2032,2078,2017,964,2044,2092,2030
601968,A,217,964,2043,2092,2029,964,2044,2092,2029
602068,A,217,965,2045,2093,2031,965,2045,2093,2031
602168,A,217,963,2045,2089,2030,964,2045,2091,2030
602268,A,217,963,2045,2091,2029,965,2045,2092,2029
602368,A,217,961,2045,2090,2031,964,2046,2093,2031
602468,A,217,965,2047,2092,2030,965,2047,2092,2030
602568,A,217,965,2044,2090,2030,965,2045,2092,2030
602668,A,217,965,2046,2091,2030,965,2046,2091,2030
602768,A,217,965,2047,2090,2027,964,2046,2092,2030
602868,A,217,966,2045,2093,2030,964,2046,2092,2030
602968,A,217,963,2047,2091,2032,963,2047,2091,2030
603068,A,217,963,2044,2093,2030,963,2045,2093,2030
603168,A,217,963,2046,2090,2032,963,2046,2090,2031
603268,A,217,966,2047,2093,2030,965,2047,2093,2030
603368,A,217,965,2044,2094,2031,965,2044,2093,2031
603468,A,217,963,2046,2094,2031,964,2046,2092,2031
603568,A,217,963,2046,2093,2031,963,2046,2092,2031
603668,A,217,967,2045,2094,2030,965,2045,2092,2030
603768,A,217,963,2046,2093,2030,963,2046,2091,2031
603868,A,217,962,2045,2090,2031,966,2045,2093,2031
603968,A,217,966,2045,2091,2031,964,2045,2091,2031
604068,A,217,964,2045,2093,2031,965,2045,2093,2031
604168,A,217,963,2043,2086,2030,963,2044,2091,2030
604268,A,217,966,2046,2093,2031,964,2044,2091,2028
604368,A,217,963,2045,2093,2030,963,2045,2091,2030
604468,A,217,964,2045,2090,2031,964,2045,2090,2031
604568,A,217,965,2043,2091,2031,964,2044,2091,2030
604668,A,217,966,2045,2086,2028,965,2045,2090,2030
604768,A,217,965,2046,2093,2031,965,2046,2093,2031
604868,A,217,963,2047,2094,2032,963,2045,2091,2030
604968,A,217,963,2046,2091,2032,963,2046,2091,2031
605068,A,217,962,2046,2090,2031,965,2046,2090,2031
605168,A,217,951,2032,2079,2014,960,2042,2087,2026
605268,A,217,965,2046,2090,2031,965,2046,2090,2030
605368,A,217,963,2043,2090,2030,963,2044,2092,2030
605468,A,217,963,2046,2091,2031,963,2046,2091,2031
605568,A,217,951,2032,2075,2018,960,2043,2088,2027
605668,A,217,964,2046,2092,2030,964,2046,2092,2030
605768,A,217,963,2045,2093,2030,964,2045,2093,2030
605868,A,217,951,2034,2078,2020,962,2044,2089,2029
605968,A,217,963,2045,2091,2031,964,2045,2091,2031
606068,A,217,964,2045,2094,2031,964,2045,2091,2031
606168,A,217,953,2032,2078,2017,964,2045,2090,2029
606268,A,217,963,2041,2090,2032,964,2044,2090,2031
606368,A,217,961,2053,2093,2032,963,2046,2093,2032
606468,A,217,963,2046,2091,2031,964,2046,2091,2031
606568,A,217,966,2047,2087,2028,966,2047,2091,2030
606668,A,217,963,2045,2094,2029,963,2045,2092,2029
606768,A,217,964,2045,2094,2031,964,2045,2093,2031
606868,A,217,963,2046,2091,2031,963,2046,2092,2031
606968,A,217,963,2047,2089,2031,963,2046,2089,2031
607068,A,217,964,2044,2091,2029,964,2045,2091,2030
607168,A,217,963,2046,2093,2031,963,2046,2092,2031
607268,A,217,964,2045,2092,2031,964,2045,2092,2031
607368,A,217,962,2046,2090,2031,964,2045,2090,2031
607468,A,217,963,2045,2095,2031,963,2045,2093,2031
607568,A,217,963,2044,2092,2031,963,2045,2092,2031
607668,A,217,965,2045,2092,2032,965,2045,2091,2031
607768,A,217,963,2045,2095,2031,965,2046,2092,2031
607868,A,217,964,2045,2094,2030,964,2045,2090,2030
607968,A,217,966,2043,2093,2031,963,2044,2093,2030
608068,A,217,963,2045,2095,2029,963,2045,2092,2029
608168,A,217,966,2047,2087,2032,966,2047,2092,2031
608268,A,217,965,2046,2091,2029,965,2046,2092,2029
608368,A,217,965,2045,2092,2031,965,2045,2092,2031
608468,A,217,964,2044,2091,2031,964,2045,2092,2031
608568,A,217,966,2046,2091,2032,964,2045,2091,2030
608668,A,217,965,2047,2091,2030,964,2047,2091,2031
608768,A,217,964,2047,2087,2030,964,2047,2092,2030
608868,A,217,964,2046,2094,2032,964,2046,2092,2031
608968,A,217,966,2047,2090,2032,966,2046,2090,2032
609068,A,217,965,2045,2093,2030,964,2046,2091,2030
609168,A,217,966,2047,2091,2032,962,2045,2090,2029
609268,A,217,965,2044,2090,2029,965,2045,2090,2030
609368,A,217,963,2045,2091,2032,965,2045,2092,2032
609468,A,217,965,2045,2091,2032,965,2046,2092,2032
609568,A,217,953,2034,2078,2018,961,2044,2088,2028
609668,A,217,964,2045,2090,2032,964,2045,2090,2032
609768,A,217,965,2047,2094,2031,965,2047,2094,2031
609868,A,217,954,2033,2080,2016,962,2043,2089,2028
609968,A,217,963,2047,2095,2030,964,2047,2093,2030
610068,A,217,966,2045,2090,2032,966,2045,2092,2032
610168,A,217,955,2032,2078,2016,962,2044,2089,2027
610268,A,217,963,2042,2087,2031,963,2045,2091,2031
610368,A,217,963,2047,2091,2031,963,2046,2091,2031
610468,A,217,955,2034,2079,2019,963,2045,2090,2029
610568,A,217,963,2047,2093,2031,964,2045,2092,2031
610668,A,217,965,2044,2090,2030,965,2044,2092,2030
610768,A,217,966,2046,2093,2030,965,2046,2093,2031
610868,A,217,965,2046,2089,2030,965,2045,2090,2030
610968,A,217,965,2047,2093,2030,965,2047,2093,2030
611068,A,217,965,2044,2094,2031,965,2046,2094,2031
611168,A,217,964,2045,2093,2031,964,2045,2093,2031
611268,A,217,965,2043,2088,2030,965,2046,2091,2030
611368,A,217,963,2046,2094,2032,963,2046,2092,2032
611468,A,217,969,2047,2092,2031,967,2046,2092,2031
611568,A,217,964,2046,2094,2031,964,2046,2094,2031
611668,A,217,966,2047,2095,2031,965,2047,2093,2031
611768,A,217,966,2046,2093,2032,966,2046,2093,2032
611868,A,217,965,2046,2091,2032,965,2046,2091,2031
611968,A,217,965,2047,2093,2032,965,2047,2093,2032
612068,A,217,965,2044,2094,2031,965,2046,2094,2031
612168,A,217,963,2043,2090,2031,963,2045,2092,2031
612268,A,217,964,2045,2093,2031,964,2045,2093,2031
612368,A,217,963,2047,2093,2031,963,2047,2091,2031
612468,A,217,965,2045,2087,2031,964,2045,2091,2031
612568,A,217,965,2046,2090,2031,964,2046,2091,2030
612668,A,217,965,2047,2092,2031,965,2047,2092,2031
612768,A,217,967,2047,2094,2032,966,2046,2094,2032
612868,A,217,967,2047,2091,2031,966,2047,2092,2031
612968,A,217,965,2047,2096,2032,965,2047,2093,2032
613068,A,217,965,2045,2093,2031,965,2046,2093,2031
613168,A,217,966,2047,2091,2031,964,2046,2091,2031
613268,A,217,963,2053,2093,2032,964,2047,2093,2032
613368,A,217,965,2047,2094,2027,965,2047,2093,2031
613468,A,217,962,2046,2094,2032,963,2046,2092,2032
613568,A,217,970,2045,2093,2032,963,2045,2092,2032
613668,A,217,966,2046,2096,2032,965,2046,2092,2032
613768,A,217,966,2046,2089,2032,966,2046,2093,2032
613868,A,217,963,2054,2096,2032,963,2043,2092,2031
613968,A,217,965,2046,2090,2032,965,2046,2092,2032
614068,A,217,965,2045,2091,2031,965,2045,2092,2031
614168,A,217,955,2033,2078,2018,961,2044,2089,2028
614268,A,217,964,2046,2092,2030,964,2046,2092,2031
614368,A,217,963,2045,2093,2030,963,2045,2091,2030
614468,A,217,953,2032,2079,2016,961,2043,2090,2028
614568,A,217,965,2045,2091,2031,965,2045,2091,2031
614668,A,217,964,2047,2087,2028,964,2046,2090,2030
614768,A,217,954,2032,2080,2018,964,2045,2091,2030
614868,A,217,966,2045,2093,2030,964,2045,2093,2030
614968,A,217,966,2043,2089,2029,965,2044,2091,2029
615068,A,217,963,2045,2093,2031,963,2045,2092,2031
615168,A,217,964,2043,2092,2031,964,2043,2092,2031
615268,A,217,962,2046,2083,2031,962,2046,2091,2031
615368,A,217,961,2045,2094,2032,963,2046,2093,2032
615468,A,217,963,2046,2089,2029,963,2046,2090,2031
615568,A,217,965,2045,2090,2031,965,2045,2090,2031
615668,A,217,964,2047,2090,2031,964,2046,2090,2031
615768,A,217,964,2046,2093,2030,964,2046,2093,2031
615868,A,217,965,2046,2087,2031,964,2045,2089,2031
615968,A,217,965,2047,2093,2031,963,2046,2092,2031
616068,A,217,965,2044,2094,2032,965,2045,2091,2032
616168,A,217,963,2046,2087,2031,963,2046,2091,2031
616268,A,217,963,2046,2095,2031,964,2046,2094,2030
616368,A,217,965,2043,2091,2030,964,2045,2090,2030
616468,A,217,965,2045,2087,2031,965,2045,2091,2031
616568,A,217,964,2045,2086,2029,964,2044,2090,2030
616668,A,217,962,2045,2091,2030,963,2045,2091,2030
616768,A,217,963,2045,2093,2030,963,2046,2093,2030
616868,A,217,963,2047,2089,2030,963,2046,2091,2030
616968,A,217,965,2045,2091,2027,965,2045,2091,2029
617068,A,217,967,2046,2091,2031,964,2046,2091,2031
617168,A,217,965,2045,2094,2030,965,2045,2091,2030
617268,A,217,963,2047,2093,2029,963,2046,2093,2029
617368,A,217,961,2046,2090,2032,965,2046,2090,2031
617468,A,217,962,2046,2094,2027,962,2045,2091,2030
617568,A,217,966,2045,2089,2032,966,2044,2089,2030
617668,A,217,963,2046,2091,2030,963,2046,2092,2030
617768,A,217,964,2045,2093,2032,964,2045,2092,2030
617868,A,217,963,2043,2094,2031,962,2043,2090,2031
617968,A,217,965,2046,2092,2030,965,2046,2092,2030
618068,A,217,965,2045,2093,2029,965,2046,2092,2030
618168,A,217,953,2033,2079,2018,960,2042,2089,2028
618268,A,217,965,2045,2090,2030,965,2045,2090,2030
618368,A,217,963,2046,2095,2032,963,2046,2092,2032
618468,A,217,950,2032,2078,2017,964,2043,2090,2028
618568,A,217,965,2047,2094,2032,965,2046,2094,2031
618668,A,217,966,2046,2093,2032,965,2046,2093,2032
618768,A,217,950,2032,2077,2019,961,2045,2091,2029
618868,A,217,963,2045,2093,2032,964,2045,2092,2032
618968,A,217,963,2046,2090,2029,963,2046,2092,2029
619068,A,217,953,2034,2080,2016,963,2044,2093,2030
619168,A,217,964,2053,2090,2032,964,2046,2091,2031
619268,A,217,964,2047,2092,2032,965,2047,2093,2032
619368,A,217,963,2047,2093,2031,963,2047,2092,2031
619468,A,217,965,2047,2095,2031,965,2047,2093,2031
619568,A,217,967,2047,2094,2030,965,2047,2093,2031
619668,A,217,964,2047,2091,2032,965,2047,2092,2032
619768,A,217,965,2046,2091,2030,965,2046,2092,2031
619868,A,217,963,2047,2094,2032,963,2047,2094,2032
619968,A,217,963,2045,2094,2032,965,2046,2094,2031
620068,A,217,965,2045,2093,2030,965,2045,2093,2030
620168,A,217,965,2046,2091,2029,965,2046,2094,2031
620268,A,217,966,2047,2083,2031,964,2047,2092,2031
620368,A,217,966,2046,2093,2032,965,2046,2093,2031
620468,A,217,964,2047,2089,2032,964,2047,2092,2031
620568,A,217,964,2047,2095,2030,964,2046,2092,2030
620668,A,217,966,2045,2091,2031,966,2045,2091,2031
620768,A,217,966,2045,2093,2032,966,2045,2093,2031
620868,A,217,966,2045,2091,2030,966,2046,2092,2030
620968,A,217,963,2044,2089,2029,965,2045,2092,2030
621068,A,217,965,2047,2092,2029,965,2047,2091,2030
621168,A,217,963,2045,2090,2031,963,2045,2090,2031
621268,A,217,965,2046,2091,2031,964,2046,2091,2031
621368,A,217,965,2043,2094,2031,964,2045,2091,2031
621468,A,217,963,2045,2089,2031,963,2045,2090,2031
621568,A,217,965,2045,2093,2031,965,2045,2092,2031
621668,A,217,963,2047,2094,2032,963,2047,2091,2031
621768,A,217,965,2043,2091,2030,965,2044,2091,2031
621868,A,217,964,2045,2095,2031,963,2045,2091,2031
621968,A,217,964,2043,2093,2031,964,2045,2092,2031
622068,A,217,966,2047,2093,2032,964,2046,2093,2032
622168,A,217,957,2032,2081,2021,960,2041,2088,2026
622268,A,217,966,2047,2092,2030,962,2043,2090,2028
622368,A,217,963,2045,2090,2030,963,2045,2091,2030
622468,A,217,964,2045,2095,2032,962,2044,2091,2029
622568,A,217,963,2045,2093,2031,963,2045,2092,2031
622668,A,217,962,2045,2087,2031,963,2046,2091,2031
622768,A,217,948,2032,2079,2025,961,2043,2089,2028
622868,A,217,966,2047,2093,2030,966,2046,2092,2030
622968,A,217,961,2046,2093,2031,963,2045,2092,2031
623068,A,217,947,2032,2077,2018,961,2044,2091,2028
623168,A,217,960,2045,2093,2030,963,2045,2092,2030
623268,A,217,965,2046,2093,2032,965,2046,2093,2032
623368,A,217,953,2032,2077,2019,964,2045,2091,2029
623468,A,217,965,2047,2092,2030,965,2047,2092,2030
623568,A,217,966,2047,2094,2031,965,2047,2092,2031
623668,A,217,961,2045,2089,2031,962,2045,2090,2031
623768,A,217,963,2045,2093,2029,964,2045,2092,2031
623868,A,217,963,2046,2094,2030,965,2046,2093,2030
623968,A,217,963,2045,2091,2031,963,2045,2091,2031
624068,A,217,966,2047,2093,2032,966,2046,2092,2030
624168,A,217,965,2045,2093,2030,964,2045,2092,2030
624268,A,217,965,2046,2094,2030,965,2046,2092,2030
624368,A,217,965,2046,2091,2031,965,2046,2091,2031
624468,A,217,964,2044,2094,2027,964,2044,2091,2029
624568,A,217,964,2044,2094,2026,964,2044,2093,2030
624668,A,217,959,2045,2091,2030,963,2045,2091,2031
624768,A,217,963,2045,2090,2029,964,2045,2090,2029
624868,A,217,965,2047,2096,2032,964,2046,2092,2031
624968,A,217,965,2047,2093,2029,965,2045,2092,2030
625068,A,217,963,2045,2093,2030,963,2044,2093,2030
625168,A,217,964,2046,2090,2030,964,2046,2091,2030
625268,A,217,963,2045,2087,2030,964,2045,2090,2031
625368,A,217,965,2047,2090,2030,965,2046,2090,2030
625468,A,217,965,2044,2092,2029,964,2044,2092,2030
625568,A,217,962,2046,2092,2029,962,2043,2092,2029
625668,A,217,964,2046,2094,2031,964,2046,2091,2031
625768,A,217,962,2043,2089,2031,962,2045,2090,2031
625868,A,217,960,2045,2090,2030,963,2044,2091,2030
625968,A,217,965,2047,2094,2031,965,2046,2091,2030
626068,A,217,964,2053,2096,2030,964,2046,2093,2030
626168,A,217,964,2045,2091,2031,963,2044,2090,2029
626268,A,217,966,2046,2091,2032,965,2046,2092,2031
626368,A,217,966,2043,2090,2029,965,2044,2091,2029
626468,A,217,962,2045,2093,2031,962,2044,2091,2029
626568,A,217,965,2046,2095,2030,965,2046,2094,2030
626668,A,217,962,2045,2087,2030,964,2045,2092,2030
626768,A,217,955,2033,2077,2019,962,2042,2087,2027
626868,A,217,966,2047,2087,2031,965,2047,2090,2031
626968,A,217,965,2045,2090,2030,965,2045,2090,2030
627068,A,217,950,2031,2079,2017,963,2043,2090,2029
627168,A,217,965,2047,2093,2032,964,2047,2093,2030
627268,A,217,966,2046,2090,2031,965,2046,2091,2031
627368,A,217,951,2033,2083,2017,962,2045,2092,2030
627468,A,217,964,2047,2092,2032,964,2046,2092,2031
627568,A,217,954,2033,2080,2016,964,2043,2090,2029
627668,A,217,963,2047,2093,2032,963,2046,2091,2031
627768,A,217,963,2045,2092,2030,964,2045,2092,2030
627868,A,217,965,2045,2093,2031,965,2045,2093,2031
627968,A,217,964,2047,2085,2032,964,2047,2091,2032
628068,A,217,963,2047,2094,2031,964,2047,2090,2031
628168,A,217,963,2043,2091,2030,965,2044,2091,2030
628268,A,217,962,2045,2090,2029,963,2045,2090,2030
628368,A,217,963,2043,2090,2031,963,2044,2090,2031
628468,A,217,965,2045,2089,2029,965,2045,2092,2030
628568,A,217,966,2046,2093,2030,966,2046,2092,2030
628668,A,217,965,2043,2092,2031,965,2044,2092,2031
628768,A,217,963,2046,2089,2031,963,2046,2091,2031
628868,A,217,963,2045,2091,2032,963,2045,2091,2030
628968,A,217,966,2047,2094,2031,964,2047,2093,2031
629068,A,217,967,2046,2094,2030,966,2046,2092,2030
629168,A,217,963,2045,2094,2029,965,2045,2092,2030
629268,A,217,964,2047,2094,2030,964,2047,2094,2030
629368,A,217,965,2045,2093,2030,965,2045,2093,2031
629468,A,217,965,2047,2093,2031,965,2047,2094,2031
629568,A,217,963,2047,2094,2032,963,2045,2091,2030
629668,A,217,965,2045,2087,2032,965,2045,2093,2031
629768,A,217,962,2047,2093,2031,963,2046,2093,2031
629868,A,217,963,2045,2091,2030,963,2045,2091,2030
629968,A,217,965,2046,2092,2032,965,2046,2092,2031
630068,A,217,965,2045,2094,2032,965,2044,2093,2032
630168,A,217,971,2046,2091,2031,965,2046,2091,2031
630268,A,217,965,2045,2090,2030,964,2045,2091,2030
630368,A,217,962,2047,2094,2031,963,2046,2093,2030
630468,A,217,964,2047,2096,2032,961,2043,2090,2028
630568,A,217,965,2045,2093,2029,965,2045,2093,2029
630668,A,217,963,2046,2094,2030,963,2046,2092,2030
630768,A,217,963,2046,2093,2032,963,2046,2091,2031
630868,A,217,963,2045,2093,2032,963,2045,2093,2032
630968,A,217,966,2047,2093,2032,966,2047,2092,2031
631068,A,217,964,2055,2095,2031,963,2045,2091,2030
631168,A,217,966,2046,2093,2030,966,2046,2092,2030
631268,A,217,964,2046,2092,2031,965,2046,2093,2031
631368,A,217,965,2047,2091,2032,965,2046,2091,2031
631468,A,217,965,2045,2093,2032,965,2045,2092,2032
631568,A,217,951,2034,2083,2019,963,2044,2089,2030
631668,A,217,966,2046,2095,2029,964,2046,2094,2030
631768,A,217,965,2047,2093,2029,965,2047,2092,2031
631868,A,217,949,2032,2078,2016,963,2046,2089,2029
631968,A,217,966,2045,2094,2031,964,2046,2092,2031
632068,A,217,965,2045,2095,2031,965,2045,2094,2031
632168,A,217,966,2047,2091,2030,966,2047,2092,2030
632268,A,217,964,2045,2094,2031,964,2045,2093,2031
632368,A,217,964,2046,2090,2031,964,2046,2092,2031
632468,A,217,965,2047,2094,2032,964,2047,2091,2032
632568,A,217,964,2043,2093,2031,964,2045,2092,2031
632668,A,217,965,2046,2090,2030,965,2046,2091,2030
632768,A,217,966,2047,2092,2029,964,2047,2092,2029
632868,A,217,965,2046,2090,2032,965,2046,2091,2032
632968,A,217,963,2047,2095,2031,963,2047,2094,2031
633068,A,217,965,2046,2096,2032,965,2046,2092,2031
633168,A,217,963,2047,2092,2031,964,2047,2092,2031
633268,A,217,963,2046,2095,2030,964,2046,2093,2031
633368,A,217,965,2047,2091,2029,965,2046,2091,2029
633468,A,217,965,2047,2091,2031,965,2047,2091,2031
633568,A,217,965,2047,2092,2031,965,2046,2092,2031
633668,A,217,963,2047,2096,2031,964,2046,2092,2031
633768,A,217,963,2047,2092,2027,964,2047,2092,2030
633868,A,217,962,2045,2091,2029,962,2045,2091,2029
633968,A,217,966,2046,2094,2031,966,2046,2091,2031
634068,A,217,963,2045,2093,2031,964,2045,2093,2031
634168,A,217,962,2047,2087,2031,962,2047,2092,2031
634268,A,217,965,2047,2090,2032,966,2046,2090,2032
634368,A,217,963,2044,2091,2030,963,2046,2091,2030
634468,A,217,966,2046,2091,2031,962,2045,2089,2031
634568,A,217,963,2045,2094,2029,964,2045,2094,2030
634668,A,217,964,2046,2089,2031,964,2046,2091,2031
634768,A,217,963,2043,2094,2032,963,2044,2091,2031
634868,A,217,966,2045,2093,2027,966,2045,2091,2029
634968,A,217,963,2046,2090,2032,964,2046,2091,2031
635068,A,217,967,2047,2094,2032,962,2045,2090,2030
635168,A,217,965,2047,2090,2030,963,2047,2091,2030
635268,A,217,963,2046,2091,2031,963,2046,2092,2030
635368,A,217,963,2043,2093,2032,963,2044,2093,2030
635468,A,217,964,2045,2091,2032,964,2045,2091,2032
635568,A,217,951,2032,2077,2017,963,2045,2090,2029
635668,A,217,965,2046,2091,2032,964,2046,2091,2032
635768,A,217,963,2045,2093,2031,965,2045,2093,2031
635868,A,217,955,2033,2078,2017,961,2043,2089,2028
635968,A,217,963,2045,2092,2030,963,2045,2092,2030
636068,A,217,966,2045,2092,2030,965,2045,2092,2030
636168,A,217,951,2032,2078,2015,963,2044,2090,2029
840795,B,255,954,2032,2079,2016,961,2042,2090,2028
840895,B,255,965,2047,2090,2031,956,2037,2084,2021
840995,B,255,966,2046,2091,2031,964,2045,2091,2031
841095,B,255,965,2047,2095,2030,964,2045,2092,2030
841195,B,255,966,2045,2087,2029,966,2045,2091,2029
841295,B,255,966,2047,2092,2030,966,2047,2092,2030
841395,B,255,963,2046,2091,2032,964,2046,2092,2030
841495,B,255,965,2046,2089,2027,965,2046,2090,2028
841595,B,255,951,2032,2075,2017,964,2045,2090,2029
841695,B,255,967,2047,2092,2031,965,2047,2092,2031
841795,B,255,965,2045,2091,2032,965,2045,2091,2031
841895,B,255,954,2033,2078,2017,963,2046,2092,2030
841995,B,255,963,2045,2090,2032,965,2045,2092,2031
842095,B,255,971,2045,2089,2031,966,2045,2091,2031
842195,B,255,966,2045,2093,2027,965,2045,2093,2029
842295,B,255,965,2046,2093,2032,965,2046,2093,2031
842395,B,255,963,2047,2095,2031,964,2047,2093,2031
842495,B,255,965,2047,2089,2031,965,2046,2089,2031
842595,B,255,965,2045,2090,2032,965,2046,2091,2031
842695,B,255,966,2046,2090,2032,966,2045,2091,2032
842795,B,255,963,2047,2091,2032,963,2047,2092,2032
842895,B,255,965,2045,2091,2031,965,2045,2091,2031
842995,B,255,965,2046,2093,2031,965,2046,2093,2031
843095,B,255,969,2047,2094,2030,966,2047,2093,2031
843195,B,255,961,2045,2091,2032,964,2045,2091,2031
843295,B,255,967,2047,2091,2031,966,2047,2093,2031
843395,B,255,965,2047,2093,2030,965,2047,2093,2030
843495,B,255,963,2045,2094,2030,964,2045,2092,2030
843595,B,255,963,2047,2090,2030,964,2047,2090,2030
843695,B,255,965,2045,2092,2029,964,2045,2092,2030
843795,B,255,965,2046,2094,2032,965,2046,2092,2032
843895,B,255,963,2045,2091,2032,963,2045,2091,2031
843995,B,255,964,2045,2091,2032,964,2045,2092,2031
844095,B,255,963,2046,2090,2030,964,2046,2091,2030
844195,B,255,964,2047,2092,2031,964,2045,2091,2031
844295,B,255,965,2047,2090,2028,965,2047,2091,2030
844395,B,255,966,2045,2092,2029,965,2045,2092,2030
844495,B,255,964,2045,2093,2030,964,2045,2093,2030
844595,B,255,964,2045,2093,2030,964,2046,2093,2030
844695,B,255,963,2046,2090,2031,963,2046,2092,2031
844795,B,255,965,2047,2094,2031,964,2045,2091,2031
844895,B,255,963,2046,2091,2032,963,2046,2092,2032
844995,B,255,966,2047,2087,2027,964,2047,2089,2030
845095,B,255,965,2046,2094,2030,963,2045,2092,2029
845195,B,255,966,2045,2091,2027,966,2046,2091,2029
845295,B,255,965,2044,2093,2031,965,2045,2092,2031
845395,B,255,965,2047,2093,2032,965,2045,2093,2031
845495,B,255,962,2045,2091,2031,964,2045,2091,2031
845595,B,255,950,2032,2077,2017,961,2042,2090,2028
845695,B,255,964,2047,2090,2031,958,2039,2087,2025
845795,B,255,966,2047,2094,2031,966,2046,2094,2031
845895,B,255,953,2032,2081,2019,963,2046,2091,2031
845995,B,255,966,2055,2093,2030,959,2042,2087,2027
846095,B,255,963,2047,2095,2032,963,2046,2093,2032
846195,B,255,964,2045,2090,2030,965,2046,2091,2030
846295,B,255,954,2033,2080,2017,955,2036,2081,2020
846395,B,255,966,2045,2091,2029,961,2042,2089,2026
846495,B,255,955,2031,2083,2022,962,2045,2093,2031
846595,B,255,963,2047,2089,2031,963,2047,2093,2031
846695,B,255,964,2046,2091,2031,964,2046,2091,2031
846795,B,255,965,2045,2091,2032,965,2045,2091,2032
846895,B,255,965,2045,2093,2030,964,2045,2093,2031
846995,B,255,966,2046,2092,2031,965,2046,2092,2031
847095,B,255,965,2046,2091,2031,965,2046,2091,2031
847195,B,255,962,2045,2090,2028,965,2045,2090,2030
847295,B,255,964,2043,2094,2030,964,2043,2092,2030
847395,B,255,965,2045,2092,2031,965,2045,2091,2031
847495,B,255,962,2046,2093,2031,964,2046,2093,2031
847595,B,255,965,2046,2091,2030,964,2046,2091,2030
847695,B,255,965,2046,2093,2031,965,2046,2092,2031
847795,B,255,965,2046,2094,2031,965,2046,2094,2031
847895,B,255,967,2047,2095,2032,964,2047,2093,2031
847995,B,255,963,2043,2095,2031,963,2045,2092,2031
848095,B,255,962,2047,2093,2030,965,2047,2093,2030
848195,B,255,965,2046,2094,2031,965,2045,2093,2031
848295,B,255,962,2045,2093,2031,964,2045,2093,2031
848395,B,255,962,2046,2095,2031,965,2046,2095,2031
848495,B,255,965,2046,2095,2031,965,2046,2094,2031
848595,B,255,964,2043,2090,2031,965,2046,2091,2031
848695,B,255,965,2045,2089,2032,965,2045,2090,2032
848795,B,255,965,2054,2093,2030,962,2044,2089,2030
848895,B,255,963,2047,2094,2031,963,2046,2094,2031
848995,B,255,965,2047,2092,2032,965,2047,2092,2032
849095,B,255,966,2047,2093,2032,964,2047,2093,2032
849195,B,255,963,2046,2094,2032,963,2046,2092,2031
849295,B,255,963,2043,2087,2030,964,2045,2094,2030
849395,B,255,963,2046,2095,2031,963,2046,2093,2031
849495,B,255,964,2045,2091,2031,964,2045,2091,2031
849595,B,255,967,2047,2096,2032,962,2046,2091,2029
849695,B,255,963,2046,2090,2031,964,2045,2090,2031
849795,B,255,964,2047,2093,2032,964,2046,2092,2032
849895,B,255,955,2034,2081,2017,961,2042,2089,2027
849995,B,255,963,2046,2091,2032,963,2046,2091,2032
850095,B,255,966,2046,2093,2027,963,2046,2090,2030
850195,B,255,955,2032,2078,2013,963,2044,2091,2028
850295,B,255,964,2045,2093,2030,964,2045,2093,2030
850395,B,255,963,2047,2091,2031,964,2045,2091,2031
850495,B,255,965,2046,2089,2030,965,2046,2089,2030
850595,B,255,963,2047,2092,2031,963,2046,2091,2031
850695,B,255,963,2045,2090,2030,964,2045,2090,2030
850795,B,255,966,2045,2090,2029,966,2045,2092,2029
850895,B,255,964,2047,2093,2030,964,2046,2091,2030
850995,B,255,963,2045,2091,2031,965,2045,2092,2030
851095,B,255,964,2045,2091,2029,964,2045,2091,2030
851195,B,255,962,2045,2095,2027,962,2044,2094,2030
851295,B,255,965,2045,2090,2031,965,2045,2092,2031
851395,B,255,965,2046,2092,2031,964,2044,2092,2031
851495,B,255,965,2045,2090,2031,964,2045,2091,2031
851595,B,255,963,2046,2087,2031,963,2046,2091,2031
851695,B,255,963,2045,2091,2029,963,2045,2091,2031
851795,B,255,963,2046,2090,2030,964,2046,2094,2030
851895,B,255,964,2046,2091,2027,964,2046,2091,2030
851995,B,255,967,2047,2094,2030,964,2047,2093,2030
852095,B,255,963,2045,2091,2032,963,2045,2091,2031
852195,B,255,965,2044,2093,2031,965,2046,2092,2030
852295,B,255,963,2045,2092,2029,963,2045,2092,2031
852395,B,255,962,2045,2091,2031,964,2045,2091,2031
852495,B,255,966,2047,2092,2031,965,2046,2092,2030
852595,B,255,963,2046,2095,2031,963,2046,2093,2031
852695,B,255,961,2047,2091,2031,962,2046,2091,2031
852795,B,255,966,2045,2093,2030,964,2045,2092,2030
852895,B,255,966,2045,2091,2031,966,2045,2091,2031
852995,B,255,967,2045,2093,2031,964,2046,2093,2031
853095,B,255,961,2047,2095,2031,962,2045,2090,2029
853195,B,255,963,2044,2092,2029,963,2045,2091,2031
853295,B,255,964,2045,2088,2029,964,2045,2093,2030
853395,B,255,965,2046,2094,2029,964,2046,2094,2030
853495,B,255,963,2047,2094,2031,964,2047,2093,2031
853595,B,255,964,2047,2094,2031,963,2044,2089,2028
853695,B,255,965,2047,2092,2029,965,2047,2092,2029
853795,B,255,964,2047,2089,2032,964,2046,2092,2032
853895,B,255,950,2035,2078,2015,964,2044,2090,2029
853995,B,255,971,2047,2090,2032,963,2046,2092,2032
854095,B,255,964,2043,2090,2031,965,2044,2091,2031
854195,B,255,951,2034,2076,2017,962,2043,2090,2028
854295,B,255,964,2047,2093,2032,964,2047,2093,2032
854395,B,255,965,2046,2091,2029,965,2046,2092,2029
854495,B,255,954,2035,2081,2019,962,2043,2088,2029
854595,B,255,966,2047,2094,2030,966,2047,2092,2030
854695,B,255,965,2047,2093,2029,965,2046,2092,2029
854795,B,255,962,2044,2093,2029,964,2046,2093,2029
854895,B,255,962,2046,2091,2031,965,2046,2092,2031
854995,B,255,963,2046,2092,2032,964,2046,2091,2030
855095,B,255,966,2045,2093,2031,963,2045,2092,2030
855195,B,255,963,2042,2093,2032,965,2044,2092,2031
855295,B,255,964,2046,2089,2032,965,2046,2090,2032
855395,B,255,965,2047,2090,2031,964,2046,2092,2031
855495,B,255,967,2047,2092,2032,965,2046,2092,2032
855595,B,255,965,2046,2095,2029,965,2046,2094,2029
855695,B,255,966,2047,2095,2031,964,2046,2092,2031
855795,B,255,964,2041,2093,2030,964,2046,2093,2030
855895,B,255,963,2053,2091,2032,964,2045,2091,2031
855995,B,255,965,2044,2091,2030,965,2045,2091,2030
856095,B,255,965,2045,2092,2032,964,2045,2092,2032
856195,B,255,965,2047,2093,2031,964,2047,2092,2029
856295,B,255,967,2047,2087,2030,966,2047,2092,2030
856395,B,255,967,2047,2091,2030,965,2047,2091,2030
856495,B,255,965,2046,2091,2031,965,2046,2091,2031
856595,B,255,963,2047,2091,2031,963,2047,2091,2031
856695,B,255,967,2047,2092,2031,964,2045,2092,2031
856795,B,255,966,2047,2094,2030,964,2047,2091,2030
856895,B,255,965,2047,2095,2031,964,2046,2093,2030
856995,B,255,964,2046,2087,2031,964,2046,2092,2031
857095,B,255,963,2046,2091,2031,964,2046,2091,2031
857195,B,255,966,2046,2091,2023,965,2046,2091,2030
857295,B,255,961,2045,2091,2032,964,2045,2091,2031
857395,B,255,966,2045,2087,2031,964,2045,2092,2031
857495,B,255,963,2045,2089,2031,963,2045,2090,2031
857595,B,255,964,2047,2094,2032,960,2045,2091,2029
857695,B,255,963,2046,2090,2030,965,2045,2090,2030
857795,B,255,962,2047,2093,2031,962,2045,2093,2031
857895,B,255,955,2032,2080,2019,962,2043,2087,2027
857995,B,255,965,2047,2093,2031,965,2047,2092,2031
858095,B,255,965,2045,2093,2028,964,2045,2092,2030
858195,B,255,953,2034,2078,2014,962,2043,2089,2028
858295,B,255,965,2045,2093,2031,965,2045,2093,2031
858395,B,255,963,2047,2095,2031,963,2047,2093,2031
858495,B,255,965,2047,2096,2032,965,2046,2093,2032
858595,B,255,965,2047,2094,2031,965,2047,2094,2031
858695,B,255,962,2045,2091,2031,964,2045,2091,2031
858795,B,255,949,2034,2079,2019,961,2045,2090,2028
858895,B,255,963,2045,2087,2030,963,2045,2092,2030
858995,B,255,962,2045,2090,2031,964,2045,2091,2030
859095,B,255,964,2045,2093,2031,964,2045,2093,2031
859195,B,255,966,2043,2089,2029,965,2044,2090,2029
859295,B,255,963,2045,2090,2032,964,2046,2090,2030
859395,B,255,966,2045,2094,2030,966,2045,2092,2030
859495,B,255,964,2046,2091,2031,964,2046,2091,2031
859595,B,255,965,2039,2093,2031,964,2044,2091,2031
859695,B,255,967,2046,2091,2031,965,2046,2092,2031
859795,B,255,965,2043,2090,2031,965,2043,2091,2031
859895,B,255,966,2045,2090,2031,965,2045,2092,2031
859995,B,255,967,2046,2091,2030,965,2046,2091,2030
860095,B,255,963,2047,2093,2031,963,2047,2093,2031
860195,B,255,971,2047,2093,2031,963,2047,2092,2031
860295,B,255,963,2045,2090,2027,964,2046,2091,2030
860395,B,255,963,2045,2089,2031,963,2045,2090,2031
860495,B,255,965,2046,2087,2030,965,2046,2091,2030
860595,B,255,965,2046,2087,2028,965,2046,2092,2031
860695,B,255,965,2047,2090,2030,963,2046,2091,2030
860795,B,255,965,2046,2089,2028,964,2046,2091,2030
860895,B,255,964,2047,2090,2032,964,2046,2091,2032
860995,B,255,965,2046,2092,2032,965,2046,2091,2032
861095,B,255,965,2047,2091,2032,965,2045,2091,2030
861195,B,255,966,2045,2091,2030,965,2045,2091,2030
861295,B,255,962,2045,2090,2031,962,2046,2091,2031
861395,B,255,962,2045,2093,2031,963,2045,2093,2031
861495,B,255,963,2047,2093,2029,963,2047,2092,2029
861595,B,255,965,2046,2094,2032,963,2046,2092,2030
861695,B,255,965,2044,2093,2030,964,2044,2093,2030
861795,B,255,965,2045,2089,2032,964,2045,2091,2031
861895,B,255,966,2046,2092,2032,962,2046,2091,2029
861995,B,255,963,2047,2091,2029,963,2046,2091,2031
862095,B,255,965,2045,2093,2030,965,2044,2092,2031
862195,B,255,965,2047,2093,2032,963,2043,2090,2029
862295,B,255,963,2045,2089,2030,964,2045,2094,2030
862395,B,255,966,2045,2091,2029,965,2045,2092,2030
862495,B,255,965,2047,2094,2032,963,2045,2092,2030
862595,B,255,965,2046,2094,2031,965,2046,2091,2031
862695,B,255,965,2045,2092,2029,965,2046,2092,2029
862795,B,255,954,2033,2079,2021,962,2041,2090,2028
862895,B,255,965,2046,2094,2031,964,2046,2092,2031
862995,B,255,964,2045,2093,2030,964,2045,2092,2030
863095,B,255,944,2031,2078,2015,963,2045,2091,2029
863195,B,255,967,2046,2091,2032,964,2046,2091,2031
863295,B,255,965,2046,2087,2029,965,2046,2093,2029
863395,B,255,954,2032,2079,2016,962,2043,2090,2029
863495,B,255,961,2043,2093,2031,961,2044,2091,2031
863595,B,255,962,2046,2095,2030,964,2046,2092,2030
863695,B,255,963,2046,2090,2029,964,2046,2092,2029
863795,B,255,965,2047,2089,2031,965,2046,2090,2031
863895,B,255,964,2046,2091,2030,964,2046,2091,2030
863995,B,255,965,2045,2093,2030,964,2045,2093,2030
864095,B,255,966,2046,2091,2029,965,2046,2091,2029
864195,B,255,965,2045,2091,2031,965,2045,2091,2031
864295,B,255,965,2043,2091,2030,965,2044,2092,2030
864395,B,255,965,2047,2091,2031,965,2046,2091,2030
864495,B,255,965,2045,2093,2031,965,2046,2092,2031
864595,B,255,962,2043,2091,2032,963,2045,2092,2031
864695,B,255,965,2046,2091,2031,965,2046,2091,2031
864795,B,255,964,2046,2093,2031,964,2046,2092,2031
864895,B,255,965,2045,2091,2031,965,2045,2092,2030
864995,B,255,963,2045,2090,2029,964,2045,2090,2029
865095,B,255,964,2047,2091,2031,964,2047,2091,2031
865195,B,255,962,2045,2093,2029,963,2045,2090,2031
865295,B,255,965,2046,2090,2032,964,2046,2091,2032
865395,B,255,966,2045,2091,2030,965,2045,2091,2031
865495,B,255,954,2033,2079,2018,959,2040,2086,2026
865595,B,255,953,2034,2079,2020,954,2036,2081,2020
865695,B,255,965,2046,2087,2031,958,2039,2084,2023
865795,B,255,964,2045,2094,2031,964,2045,2091,2031
865895,B,255,962,2045,2091,2030,964,2045,2091,2030
865995,B,255,967,2047,2091,2031,967,2047,2091,2031
866095,B,255,969,2045,2090,2032,965,2046,2091,2030
866195,B,255,965,2047,2092,2030,965,2047,2092,2030
866295,B,255,964,2045,2091,2032,964,2044,2091,2032
866395,B,255,965,2046,2091,2029,965,2046,2091,2031
866495,B,255,965,2047,2093,2030,964,2045,2089,2029
866595,B,255,963,2043,2092,2028,963,2045,2092,2031
866695,B,255,966,2046,2091,2031,965,2046,2091,2031
866795,B,255,953,2032,2080,2016,962,2045,2090,2029
866895,B,255,963,2046,2092,2032,964,2046,2092,2032
866995,B,255,963,2046,2091,2030,963,2046,2092,2030
867095,B,255,955,2033,2079,2019,963,2045,2090,2031
867195,B,255,964,2046,2092,2030,964,2046,2092,2030
867295,B,255,966,2045,2092,2030,965,2045,2093,2030
867395,B,255,963,2046,2093,2030,964,2045,2091,2030
867495,B,255,964,2047,2091,2032,964,2046,2091,2031
867595,B,255,963,2043,2091,2031,964,2045,2092,2031
867695,B,255,965,2047,2091,2032,965,2047,2091,2031
867795,B,255,964,2047,2093,2032,964,2047,2092,2032
867895,B,255,963,2047,2092,2029,965,2047,2092,2029
867995,B,255,964,2045,2090,2030,964,2045,2090,2030
868095,B,255,965,2047,2087,2032,965,2047,2092,2031
868195,B,255,964,2046,2095,2031,964,2046,2094,2031
868295,B,255,963,2044,2087,2029,963,2045,2090,2030
868395,B,255,965,2047,2091,2029,965,2047,2091,2031
868495,B,255,965,2047,2090,2027,965,2046,2091,2029
868595,B,255,963,2047,2092,2030,963,2047,2092,2030
868695,B,255,963,2047,2091,2032,963,2047,2091,2032
868795,B,255,963,2045,2094,2031,963,2045,2094,2031
868895,B,255,965,2045,2090,2030,964,2045,2091,2030
868995,B,255,965,2045,2090,2032,965,2045,2091,2032
869095,B,255,963,2045,2089,2031,963,2045,2091,2031
869195,B,255,965,2045,2092,2029,965,2045,2091,2029
869295,B,255,963,2045,2087,2029,963,2045,2092,2030
869395,B,255,965,2046,2091,2030,965,2046,2091,2030
869495,B,255,965,2045,2093,2031,965,2045,2092,2031
869595,B,255,965,2046,2090,2031,964,2045,2090,2031
869695,B,255,963,2046,2090,2031,963,2046,2091,2031
869795,B,255,962,2047,2089,2030,963,2047,2092,2030
869895,B,255,963,2054,2089,2030,963,2044,2090,2030
869995,B,255,963,2046,2089,2029,964,2046,2092,2030
870095,B,255,964,2047,2090,2031,964,2046,2091,2031
870195,B,255,966,2045,2095,2027,965,2045,2093,2030
870295,B,255,964,2047,2093,2031,964,2047,2093,2031
870395,B,255,964,2047,2092,2032,964,2047,2092,2032
870495,B,255,963,2047,2092,2031,963,2043,2092,2029
870595,B,255,965,2046,2093,2031,965,2046,2093,2031
870695,B,255,965,2046,2090,2031,965,2046,2091,2030
870795,B,255,965,2047,2094,2032,964,2045,2092,2029
870895,B,255,965,2043,2092,2032,965,2046,2091,2031
870995,B,255,964,2043,2093,2029,964,2045,2093,2029
871095,B,255,965,2047,2096,2032,963,2045,2091,2028
871195,B,255,965,2046,2093,2031,964,2046,2093,2031
871295,B,255,965,2046,2091,2027,965,2046,2092,2029
871395,B,255,962,2042,2090,2030,963,2046,2090,2030
871495,B,255,966,2045,2094,2029,964,2046,2091,2029
871595,B,255,953,2032,2076,2015,964,2044,2090,2029
871695,B,255,966,2046,2090,2031,964,2046,2091,2030
871795,B,255,967,2047,2089,2030,965,2046,2092,2030
871895,B,255,953,2033,2078,2020,965,2044,2090,2029
871995,B,255,965,2046,2090,2030,965,2046,2091,2031
872095,B,255,965,2043,2091,2032,965,2045,2092,2032
872195,B,255,965,2047,2093,2030,965,2046,2093,2030
872295,B,255,966,2046,2093,2030,965,2045,2093,2030
872395,B,255,966,2044,2091,2029,965,2044,2091,2030
872495,B,255,966,2046,2091,2031,966,2046,2091,2031
872595,B,255,966,2047,2093,2030,965,2047,2093,2030
872695,B,255,963,2047,2093,2027,963,2046,2093,2029
872795,B,255,965,2046,2091,2030,964,2046,2092,2030
872895,B,255,965,2047,2090,2032,965,2046,2091,2031
872995,B,255,962,2045,2093,2029,966,2046,2092,2030
873095,B,255,966,2047,2091,2029,966,2047,2091,2031
873195,B,255,962,2047,2087,2030,962,2047,2091,2030
873295,B,255,964,2043,2089,2032,964,2045,2092,2032
873395,B,255,965,2046,2089,2032,965,2046,2090,2032
873495,B,255,965,2047,2092,2031,965,2047,2091,2031
873595,B,255,961,2047,2090,2030,963,2047,2091,2030
873695,B,255,962,2045,2090,2031,962,2044,2090,2031
873795,B,255,965,2046,2087,2032,965,2046,2094,2032
873895,B,255,965,2046,2094,2032,963,2046,2092,2032
873995,B,255,961,2047,2095,2031,963,2047,2093,2031
874095,B,255,964,2046,2092,2030,964,2044,2091,2030
874195,B,255,965,2045,2091,2032,964,2045,2091,2032
874295,B,255,965,2045,2089,2031,965,2046,2092,2031
874395,B,255,966,2047,2090,2029,966,2046,2090,2030
874495,B,255,962,2046,2091,2032,962,2045,2090,2031
874595,B,255,965,2045,2092,2031,965,2046,2092,2031
874695,B,255,965,2043,2091,2032,965,2046,2091,2031
874795,B,255,964,2047,2094,2029,964,2047,2094,2029
874895,B,255,963,2047,2091,2031,964,2047,2091,2031
874995,B,255,963,2045,2088,2030,965,2046,2092,2031
875095,B,255,961,2047,2094,2031,962,2045,2090,2028
875195,B,255,962,2046,2089,2027,964,2046,2091,2031
875295,B,255,962,2045,2092,2032,962,2046,2092,2031
875395,B,255,965,2045,2091,2032,965,2045,2091,2030
875495,B,255,964,2046,2094,2031,964,2045,2092,2030
875595,B,255,956,2030,2075,2016,963,2044,2092,2029
875695,B,255,963,2047,2090,2030,963,2046,2090,2030
875795,B,255,967,2047,2091,2030,964,2047,2092,2030
875895,B,255,951,2032,2075,2016,962,2046,2089,2030
875995,B,255,963,2046,2091,2032,963,2045,2091,2032
876095,B,255,965,2045,2094,2031,965,2046,2094,2031
876195,B,255,952,2033,2078,2017,964,2045,2091,2030
876295,B,255,963,2044,2087,2029,964,2046,2091,2031
876395,B,255,965,2046,2091,2030,965,2046,2091,2030
876495,B,255,963,2045,2092,2031,964,2045,2092,2031
876595,B,255,965,2047,2088,2032,965,2047,2091,2031
876695,B,255,965,2044,2091,2031,965,2045,2091,2031
876795,B,255,964,2047,2090,2032,964,2047,2093,2031
876895,B,255,963,2047,2090,2032,963,2047,2091,2032
876995,B,255,966,2045,2093,2030,966,2046,2093,2031
877095,B,255,964,2045,2091,2030,964,2045,2091,2030
877195,B,255,967,2047,2090,2029,967,2047,2092,2029
877295,B,255,965,2046,2090,2031,966,2046,2092,2031
877395,B,255,965,2047,2091,2032,965,2047,2091,2032
877495,B,255,965,2047,2094,2029,965,2047,2091,2030
877595,B,255,962,2046,2092,2032,962,2045,2091,2029
877695,B,255,965,2046,2090,2029,965,2046,2091,2029
877795,B,255,965,2045,2091,2032,965,2046,2093,2032
877895,B,255,957,2035,2079,2018,959,2039,2086,2024
877995,B,255,963,2045,2089,2032,960,2039,2086,2024
878095,B,255,967,2045,2092,2031,965,2045,2092,2031
878195,B,255,965,2046,2093,2032,964,2045,2093,2031
878295,B,255,966,2046,2090,2030,964,2046,2091,2030
878395,B,255,963,2047,2093,2031,964,2046,2093,2031
878495,B,255,964,2043,2091,2031,964,2044,2091,2031
878595,B,255,962,2045,2090,2032,962,2045,2090,2032
878695,B,255,964,2046,2090,2030,964,2046,2090,2030
878795,B,255,965,2047,2093,2031,964,2046,2092,2030
878895,B,255,964,2046,2093,2030,964,2046,2092,2030
878995,B,255,963,2043,2090,2030,964,2043,2090,2030
879095,B,255,966,2046,2094,2031,961,2043,2090,2027
879195,B,255,965,2045,2091,2031,965,2045,2091,2031
879295,B,255,964,2045,2089,2028,964,2045,2093,2030
879395,B,255,965,2046,2093,2030,965,2046,2093,2031
879495,B,255,966,2045,2090,2029,966,2045,2090,2029
879595,B,255,954,2032,2079,2018,963,2043,2091,2028
879695,B,255,965,2047,2094,2031,965,2047,2093,2031
879795,B,255,966,2045,2093,2030,964,2045,2093,2030
879895,B,255,951,2032,2079,2017,963,2045,2090,2031
879995,B,255,967,2047,2091,2031,965,2047,2091,2030
880095,B,255,964,2047,2091,2032,964,2047,2091,2031
880195,B,255,955,2032,2079,2019,964,2044,2090,2028
880295,B,255,965,2047,2091,2030,965,2046,2092,2031
880395,B,255,966,2043,2093,2031,966,2046,2092,2031
880495,B,255,965,2045,2093,2032,965,2045,2092,2032
880595,B,255,965,2047,2090,2031,965,2046,2092,2031
880695,B,255,964,2045,2090,2031,964,2045,2090,2031
880795,B,255,965,2046,2093,2031,965,2046,2093,2031
880895,B,255,965,2045,2093,2031,965,2045,2093,2031
880995,B,255,966,2041,2090,2029,966,2045,2092,2030
881095,B,255,963,2047,2091,2031,965,2047,2091,2031
881195,B,255,965,2046,2094,2032,965,2046,2091,2032
881295,B,255,966,2047,2090,2031,965,2047,2091,2031
881395,B,255,963,2047,2091,2030,963,2047,2091,2030
881495,B,255,967,2047,2090,2030,967,2047,2093,2030
881595,B,255,965,2046,2093,2032,965,2046,2093,2032
881695,B,255,966,2045,2090,2029,965,2045,2090,2031
881795,B,255,966,2045,2085,2031,966,2046,2092,2031
881895,B,255,965,2046,2093,2031,965,2046,2093,2031
881995,B,255,966,2046,2094,2031,966,2046,2092,2031
882095,B,255,965,2047,2093,2031,965,2047,2093,2031
882195,B,255,967,2046,2093,2031,965,2046,2093,2030
882295,B,255,965,2047,2095,2031,964,2047,2093,2031
882395,B,255,963,2047,2092,2029,963,2047,2092,2031
882495,B,255,965,2047,2090,2032,964,2045,2090,2029
882595,B,255,963,2045,2087,2029,963,2046,2091,2029
882695,B,255,966,2047,2091,2030,966,2047,2091,2030
882795,B,255,962,2047,2093,2027,962,2046,2092,2029
882895,B,255,964,2047,2094,2032,964,2047,2092,2031
882995,B,255,964,2045,2090,2031,964,2045,2091,2031
883095,B,255,965,2045,2091,2032,964,2044,2091,2031
883195,B,255,966,2047,2095,2031,965,2047,2093,2031
883295,B,255,965,2047,2090,2029,964,2047,2092,2030
883395,B,255,965,2047,2093,2031,965,2047,2093,2031
883495,B,255,965,2047,2091,2031,965,2047,2091,2031
883595,B,255,965,2047,2093,2032,964,2044,2090,2029
883695,B,255,965,2046,2092,2030,965,2046,2092,2030
883795,B,255,964,2047,2096,2031,964,2046,2094,2031
883895,B,255,951,2032,2078,2017,962,2044,2089,2029
883995,B,255,966,2047,2093,2031,965,2047,2092,2031
884095,B,255,965,2046,2092,2032,965,2045,2092,2031
884195,B,255,955,2032,2079,2015,963,2045,2088,2029
884295,B,255,964,2046,2093,2031,965,2046,2093,2031
884395,B,255,964,2045,2094,2031,964,2046,2093,2031
884495,B,255,948,2032,2079,2017,963,2045,2090,2029
884595,B,255,967,2042,2091,2030,965,2045,2092,2030
884695,B,255,960,2045,2089,2030,966,2045,2090,2031
884795,B,255,954,2032,2079,2016,964,2044,2089,2030
884895,B,255,964,2045,2091,2032,964,2045,2091,2031
884995,B,255,963,2042,2091,2030,964,2045,2091,2030
885095,B,255,964,2045,2092,2031,964,2045,2091,2031
885195,B,255,964,2053,2093,2030,964,2046,2092,2030
885295,B,255,964,2046,2087,2031,965,2046,2091,2031
885395,B,255,963,2047,2094,2032,964,2047,2093,2032
885495,B,255,963,2045,2095,2030,964,2045,2095,2030
885595,B,255,963,2046,2091,2032,963,2046,2092,2032
885695,B,255,965,2046,2094,2030,965,2046,2091,2030
885795,B,255,964,2047,2093,2032,965,2046,2093,2032
885895,B,255,965,2047,2094,2031,965,2047,2091,2031
885995,B,255,965,2047,2091,2031,965,2047,2091,2031
886095,B,255,966,2047,2093,2031,966,2046,2092,2031
886195,B,255,965,2045,2091,2032,965,2045,2091,2031
886295,B,255,964,2047,2093,2030,964,2047,2093,2030
886395,B,255,966,2047,2092,2029,966,2047,2092,2029
886495,B,255,964,2045,2094,2032,964,2045,2092,2032
886595,B,255,963,2046,2093,2029,964,2046,2093,2029
886695,B,255,966,2045,2090,2030,966,2045,2090,2030
886795,B,255,966,2046,2093,2032,965,2046,2093,2032
886895,B,255,965,2046,2093,2032,965,2046,2092,2031
886995,B,255,966,2047,2091,2031,965,2047,2091,2031
887095,B,255,964,2045,2091,2032,964,2045,2091,2028
887195,B,255,964,2043,2090,2030,965,2044,2090,2030
887295,B,255,965,2045,2089,2032,965,2046,2092,2030
887395,B,255,964,2046,2091,2031,965,2046,2092,2031
887495,B,255,963,2046,2091,2032,964,2046,2091,2032
887595,B,255,967,2046,2093,2031,962,2044,2090,2028
887695,B,255,965,2044,2089,2031,965,2044,2092,2031
887795,B,255,966,2046,2090,2031,965,2045,2091,2031
887895,B,255,966,2045,2096,2032,963,2043,2090,2029
887995,B,255,963,2046,2091,2032,963,2046,2091,2032
888095,B,255,963,2043,2092,2030,964,2043,2092,2030
888195,B,255,951,2033,2080,2017,962,2043,2088,2028
888295,B,255,969,2045,2092,2032,966,2045,2092,2031
888395,B,255,963,2047,2091,2031,963,2045,2091,2031
888495,B,255,965,2047,2093,2032,963,2046,2093,2031
888595,B,255,966,2045,2092,2031,964,2045,2091,2031
888695,B,255,966,2047,2092,2029,966,2047,2091,2030
888795,B,255,962,2043,2089,2030,962,2044,2092,2030
888895,B,255,966,2045,2091,2030,966,2045,2091,2030
888995,B,255,965,2046,2090,2032,965,2046,2092,2031
889095,B,255,965,2047,2091,2029,964,2047,2092,2029
889195,B,255,965,2046,2094,2030,964,2046,2092,2030
889295,B,255,966,2045,2091,2031,964,2045,2091,2031
889395,B,255,966,2047,2090,2031,966,2047,2092,2031
889495,B,255,964,2045,2094,2031,964,2046,2094,2031
889595,B,255,964,2046,2093,2032,964,2046,2093,2032
889695,B,255,965,2046,2094,2031,965,2046,2094,2031
889795,B,255,963,2045,2089,2031,963,2046,2090,2031
889895,B,255,961,2053,2090,2031,963,2047,2092,2031
889995,B,255,966,2045,2089,2029,965,2046,2091,2031
890095,B,255,968,2045,2091,2032,966,2045,2091,2032
890195,B,255,965,2046,2091,2031,965,2046,2091,2031
890295,B,255,964,2046,2092,2031,965,2046,2092,2031
890395,B,255,965,2047,2091,2031,965,2047,2091,2031
890495,B,255,963,2047,2093,2031,963,2045,2091,2029
890595,B,255,965,2046,2093,2030,965,2046,2093,2030
890695,B,255,966,2045,2094,2030,966,2045,2092,2030
890795,B,255,963,2046,2094,2030,963,2046,2091,2030
890895,B,255,966,2046,2093,2032,964,2045,2092,2030
890995,B,255,964,2046,2093,2032,965,2046,2092,2030
891095,B,255,963,2045,2093,2031,963,2045,2093,2031
891195,B,255,967,2047,2089,2031,965,2047,2091,2028
891295,B,255,964,2045,2094,2029,964,2045,2093,2030
891395,B,255,964,2046,2090,2030,964,2046,2090,2031
891495,B,255,965,2046,2093,2030,964,2046,2091,2030
891595,B,255,965,2047,2094,2032,962,2042,2088,2029
891695,B,255,964,2047,2093,2032,964,2047,2092,2032
891795,B,255,963,2045,2092,2029,963,2045,2092,2030
891895,B,255,963,2045,2093,2032,963,2045,2091,2031
891995,B,255,962,2046,2091,2032,962,2045,2091,2032
892095,B,255,964,2046,2090,2029,964,2046,2090,2029
892195,B,255,965,2046,2091,2031,964,2046,2091,2030
892295,B,255,966,2046,2092,2032,966,2046,2092,2032
892395,B,255,963,2043,2087,2029,963,2045,2089,2029
892495,B,255,970,2047,2093,2032,962,2045,2089,2029
892595,B,255,963,2045,2091,2030,964,2045,2091,2031
892695,B,255,964,2044,2091,2030,964,2044,2091,2030
892795,B,255,950,2032,2079,2016,961,2043,2090,2028
892895,B,255,963,2045,2093,2031,963,2045,2092,2029
892995,B,255,963,2045,2093,2029,963,2045,2091,2031
893095,B,255,963,2043,2090,2029,964,2046,2092,2029
893195,B,255,966,2046,2093,2031,966,2046,2091,2031
893295,B,255,964,2044,2091,2031,964,2044,2091,2031
893395,B,255,963,2045,2092,2031,963,2044,2091,2030
893495,B,255,967,2045,2091,2031,964,2045,2091,2031
893595,B,255,962,2046,2091,2030,963,2046,2091,2030
893695,B,255,966,2045,2091,2030,963,2045,2091,2030
893795,B,255,967,2045,2087,2029,965,2045,2091,2030
893895,B,255,965,2046,2090,2030,964,2046,2090,2030
893995,B,255,964,2043,2091,2029,964,2043,2091,2030
894095,B,255,967,2045,2090,2029,966,2045,2090,2030
894195,B,255,962,2046,2091,2030,962,2046,2091,2030
894295,B,255,966,2046,2093,2031,965,2046,2092,2031
894395,B,255,964,2045,2090,2031,964,2045,2090,2031
894495,B,255,964,2042,2085,2029,964,2043,2090,2030
894595,B,255,966,2045,2087,2031,965,2045,2091,2030
894695,B,255,964,2045,2090,2031,964,2045,2090,2030
894795,B,255,966,2045,2093,2031,966,2045,2092,2030
894895,B,255,966,2046,2090,2032,966,2046,2090,2030
894995,B,255,963,2046,2091,2031,964,2046,2091,2031
895095,B,255,962,2045,2091,2031,963,2045,2091,2031
895195,B,255,964,2046,2093,2032,963,2046,2091,2030
895295,B,255,967,2046,2091,2030,965,2046,2092,2030
895395,B,255,963,2043,2094,2032,963,2045,2093,2030
895495,B,255,965,2047,2091,2032,965,2047,2091,2030
895595,B,255,964,2047,2093,2031,964,2045,2091,2031
895695,B,255,964,2045,2091,2031,964,2045,2091,2031
895795,B,255,965,2045,2089,2030,965,2045,2092,2030
895895,B,255,950,2034,2080,2017,961,2041,2087,2026
895995,B,255,965,2046,2091,2029,965,2046,2091,2029
896095,B,255,965,2045,2091,2031,965,2045,2091,2031
896195,B,255,963,2047,2093,2032,963,2047,2090,2028
896295,B,255,965,2045,2093,2029,965,2046,2093,2029
896395,B,255,964,2046,2087,2030,964,2046,2090,2030
896495,B,255,953,2032,2080,2018,962,2043,2091,2028
896595,B,255,962,2045,2089,2032,964,2045,2089,2031
896695,B,255,966,2045,2091,2030,965,2045,2091,2030
896795,B,255,947,2032,2078,2014,961,2043,2089,2028
896895,B,255,962,2045,2093,2032,954,2035,2082,2020
896995,B,255,965,2046,2093,2031,963,2045,2090,2030
897095,B,255,950,2033,2077,2019,962,2043,2088,2027
897195,B,255,963,2046,2090,2028,963,2046,2090,2028
897295,B,255,962,2044,2091,2029,964,2044,2092,2029
897395,B,255,963,2047,2093,2031,963,2046,2092,2031
897495,B,255,964,2043,2091,2029,964,2043,2091,2029
897595,B,255,963,2045,2093,2030,963,2045,2091,2030
897695,B,255,964,2045,2087,2031,964,2044,2089,2031
897795,B,255,965,2046,2089,2031,965,2046,2092,2031
897895,B,255,969,2042,2091,2031,965,2045,2091,2031
897995,B,255,963,2047,2090,2029,964,2047,2091,2030
898095,B,255,962,2043,2089,2032,962,2044,2090,2031
898195,B,255,963,2043,2094,2029,964,2043,2091,2029
898295,B,255,963,2045,2093,2030,963,2045,2093,2031
898395,B,255,962,2046,2091,2031,964,2046,2091,2031
898495,B,255,965,2045,2091,2032,965,2045,2091,2031
898595,B,255,965,2046,2091,2031,965,2046,2091,2031
898695,B,255,965,2045,2095,2030,965,2045,2092,2030
898795,B,255,965,2046,2092,2029,965,2046,2092,2029
898895,B,255,965,2045,2092,2029,965,2045,2092,2029
898995,B,255,962,2046,2094,2029,963,2046,2091,2029
899095,B,255,970,2046,2093,2030,965,2046,2092,2030
899195,B,255,965,2046,2090,2032,965,2046,2091,2032
899295,B,255,965,2043,2091,2032,965,2044,2091,2031
899395,B,255,965,2046,2092,2032,965,2046,2092,2031
899495,B,255,963,2043,2092,2031,964,2044,2092,2031
899595,B,255,964,2046,2090,2027,964,2046,2091,2029
899695,B,255,964,2054,2091,2030,964,2045,2091,2030
899795,B,255,963,2047,2086,2028,964,2045,2091,2029
899895,B,255,963,2046,2093,2031,963,2046,2093,2031
899995,B,255,962,2046,2091,2030,965,2046,2092,2030
900095,B,255,963,2043,2091,2030,964,2043,2091,2030
900195,B,255,964,2045,2094,2032,962,2045,2089,2027
900295,B,255,965,2044,2090,2030,956,2039,2083,2021
900395,B,255,963,2047,2091,2030,964,2047,2091,2030
900495,B,255,951,2035,2079,2019,962,2043,2089,2027
900595,B,255,961,2045,2094,2029,963,2045,2092,2031
900695,B,255,963,2045,2092,2030,963,2045,2092,2031
900795,B,255,949,2034,2082,2022,963,2043,2089,2027
900895,B,255,965,2045,2092,2030,965,2045,2092,2030
900995,B,255,962,2046,2091,2029,962,2046,2091,2029
901095,B,255,965,2047,2094,2032,962,2045,2090,2029
901195,B,255,963,2046,2095,2031,963,2046,2094,2031
901295,B,255,962,2045,2089,2029,963,2045,2092,2029
901395,B,255,965,2046,2093,2032,964,2046,2093,2029
901495,B,255,965,2045,2090,2031,965,2046,2091,2031
901595,B,255,965,2046,2090,2031,965,2046,2091,2031
901695,B,255,966,2043,2094,2032,966,2044,2093,2031
901795,B,255,963,2045,2093,2031,963,2045,2093,2031
901895,B,255,951,2032,2077,2017,963,2044,2090,2030
901995,B,255,965,2046,2090,2031,964,2046,2090,2031
902095,B,255,964,2042,2092,2030,964,2045,2092,2030
902195,B,255,961,2041,2091,2032,964,2045,2091,2031
902295,B,255,965,2047,2089,2032,965,2047,2089,2031
902395,B,255,966,2047,2091,2031,964,2046,2091,2031
902495,B,255,965,2045,2093,2029,965,2045,2092,2029
902595,B,255,965,2045,2092,2032,965,2045,2092,2031
902695,B,255,963,2045,2092,2031,964,2045,2092,2031
902795,B,255,965,2045,2094,2031,965,2045,2094,2031
902895,B,255,967,2046,2092,2031,965,2046,2092,2031
902995,B,255,965,2047,2091,2029,965,2047,2091,2031
903095,B,255,962,2042,2090,2030,962,2044,2091,2030
903195,B,255,964,2045,2093,2029,964,2045,2092,2030
903295,B,255,966,2046,2091,2029,965,2046,2092,2030
903395,B,255,965,2045,2092,2031,965,2045,2092,2031
903495,B,255,965,2045,2094,2031,964,2045,2093,2031
903595,B,255,967,2045,2095,2031,966,2045,2094,2030
903695,B,255,962,2046,2092,2031,964,2046,2092,2031
903795,B,255,963,2046,2091,2029,964,2046,2092,2030
903895,B,255,962,2046,2093,2031,963,2046,2092,2031
903995,B,255,964,2045,2092,2031,964,2045,2092,2031
904095,B,255,964,2045,2090,2031,964,2045,2090,2031
904195,B,255,963,2045,2091,2030,963,2045,2092,2029
904295,B,255,963,2047,2091,2032,963,2047,2091,2032
904395,B,255,965,2045,2090,2029,965,2045,2093,2030
904495,B,255,965,2053,2091,2030,965,2048,2091,2030
904595,B,255,964,2045,2093,2030,964,2045,2092,2030
904695,B,255,965,2047,2091,2031,965,2046,2091,2031
904795,B,255,967,2043,2091,2027,963,2043,2091,2028
904895,B,255,965,2046,2092,2031,965,2046,2092,2030
904995,B,255,964,2046,2090,2031,965,2046,2090,2031
905095,B,255,966,2054,2094,2033,965,2045,2092,2031
905195,B,255,964,2047,2090,2030,964,2045,2090,2030
905295,B,255,964,2045,2090,2030,964,2045,2092,2030
905395,B,255,967,2047,2090,2030,965,2046,2090,2030
905495,B,255,965,2046,2091,2031,965,2046,2091,2031
905595,B,255,951,2034,2079,2018,964,2046,2092,2031
905695,B,255,965,2044,2089,2031,965,2044,2091,2031
905795,B,255,961,2045,2091,2029,964,2045,2091,2030
905895,B,255,951,2032,2079,2017,963,2044,2090,2029
905995,B,255,965,2045,2093,2030,964,2045,2091,2030
906095,B,255,965,2046,2090,2030,965,2046,2091,2031
906195,B,255,965,2045,2090,2031,965,2045,2092,2031
906295,B,255,963,2047,2091,2031,963,2047,2091,2031
906395,B,255,965,2043,2092,2030,965,2044,2092,2031
906495,B,255,963,2045,2089,2031,963,2046,2091,2031
906595,B,255,964,2045,2094,2032,964,2045,2093,2032
906695,B,255,966,2047,2089,2029,965,2046,2092,2031
906795,B,255,964,2046,2091,2031,964,2046,2093,2031
906895,B,255,963,2045,2094,2031,963,2045,2092,2031
906995,B,255,964,2045,2087,2028,964,2045,2091,2031
907095,B,255,962,2045,2090,2031,962,2045,2092,2031
907195,B,255,965,2045,2091,2031,965,2045,2091,2030
907295,B,255,965,2045,2089,2031,965,2045,2093,2031
907395,B,255,965,2045,2092,2031,965,2045,2092,2030
907495,B,255,963,2044,2090,2032,964,2045,2090,2032
907595,B,255,966,2047,2094,2032,958,2041,2086,2026
907695,B,255,961,2046,2091,2030,963,2046,2091,2030
907795,B,255,963,2045,2094,2030,965,2045,2094,2030
907895,B,255,965,2045,2095,2030,965,2045,2093,2030
907995,B,255,964,2045,2092,2030,964,2045,2092,2031
908095,B,255,964,2046,2089,2030,964,2046,2090,2030
908195,B,255,960,2045,2090,2030,960,2045,2090,2030
908295,B,255,965,2045,2093,2030,964,2045,2093,2030
908395,B,255,966,2047,2091,2031,963,2047,2091,2030
908495,B,255,965,2047,2091,2030,964,2047,2091,2030
908595,B,255,964,2045,2092,2031,964,2046,2092,2031
908695,B,255,965,2046,2095,2031,965,2046,2094,2031
908795,B,255,954,2033,2081,2016,961,2041,2088,2026
908895,B,255,963,2045,2093,2032,956,2036,2083,2022
908995,B,255,964,2047,2093,2031,964,2045,2092,2031
909095,B,255,955,2033,2075,2018,963,2043,2089,2026
909195,B,255,965,2045,2090,2031,965,2045,2090,2030
909295,B,255,965,2045,2095,2030,965,2045,2092,2031
909395,B,255,961,2045,2093,2031,963,2045,2092,2031
909495,B,255,963,2046,2091,2031,963,2045,2091,2031
909595,B,255,947,2030,2083,2017,961,2044,2089,2029
909695,B,255,965,2046,2094,2031,964,2044,2093,2031
909795,B,255,965,2046,2093,2032,964,2046,2093,2030
909895,B,255,954,2033,2081,2019,963,2044,2090,2028
909995,B,255,963,2047,2090,2027,964,2047,2091,2030
910095,B,255,965,2045,2091,2031,965,2045,2091,2031
910195,B,255,953,2033,2079,2015,964,2043,2090,2029
910295,B,255,964,2047,2091,2031,964,2047,2091,2030
910395,B,255,963,2045,2094,2030,963,2045,2093,2030
910495,B,255,965,2047,2094,2030,964,2047,2092,2030
910595,B,255,963,2044,2086,2030,964,2044,2090,2030
910695,B,255,965,2045,2091,2032,965,2045,2091,2031
910795,B,255,963,2045,2093,2029,963,2046,2091,2030
910895,B,255,963,2046,2091,2031,963,2046,2091,2031
910995,B,255,965,2045,2094,2029,965,2045,2092,2029
911095,B,255,964,2047,2094,2031,964,2046,2093,2031
911195,B,255,966,2045,2091,2032,966,2046,2091,2030
911295,B,255,966,2047,2095,2030,964,2047,2093,2030
911395,B,255,965,2047,2093,2029,965,2047,2092,2030
911495,B,255,963,2046,2090,2031,963,2046,2090,2031
911595,B,255,963,2046,2090,2032,964,2046,2092,2032
911695,B,255,963,2045,2091,2031,965,2045,2092,2031
911795,B,255,965,2047,2091,2031,965,2047,2091,2031
911895,B,255,965,2046,2090,2031,965,2046,2090,2030
911995,B,255,965,2046,2092,2030,965,2046,2092,2030
912095,B,255,966,2047,2091,2030,966,2047,2091,2030
912195,B,255,965,2045,2094,2029,964,2045,2092,2029
912295,B,255,964,2045,2092,2031,964,2045,2092,2031
912395,B,255,964,2043,2090,2030,964,2044,2090,2030
912495,B,255,962,2046,2094,2031,963,2046,2092,2031
912595,B,255,966,2044,2092,2030,964,2044,2092,2030
912695,B,255,964,2045,2090,2029,964,2045,2091,2029
912795,B,255,965,2044,2092,2030,964,2044,2091,2029
912895,B,255,967,2046,2091,2031,966,2046,2091,2031
912995,B,255,965,2045,2091,2030,965,2045,2091,2030
913095,B,255,965,2045,2089,2032,962,2044,2089,2030
913195,B,255,965,2046,2090,2031,965,2046,2090,2031
913295,B,255,967,2046,2092,2032,966,2046,2092,2032
913395,B,255,965,2047,2091,2031,964,2047,2092,2031
913495,B,255,963,2047,2090,2029,964,2047,2091,2030
913595,B,255,963,2047,2093,2032,963,2047,2093,2032
913695,B,255,966,2046,2091,2031,964,2046,2091,2031
913795,B,255,965,2045,2089,2030,965,2045,2090,2030
913895,B,255,963,2053,2094,2032,963,2045,2089,2029
913995,B,255,964,2046,2092,2031,964,2046,2092,2031
914095,B,255,962,2045,2091,2031,962,2045,2091,2031
914195,B,255,950,2033,2080,2015,963,2045,2091,2029
914295,B,255,965,2046,2095,2030,965,2046,2093,2030
914395,B,255,965,2047,2093,2030,965,2046,2093,2030
914495,B,255,963,2046,2092,2030,964,2046,2093,2030
914595,B,255,964,2046,2093,2028,964,2046,2093,2030
914695,B,255,966,2044,2092,2031,966,2046,2092,2031
914795,B,255,965,2046,2089,2031,964,2045,2090,2031
914895,B,255,965,2045,2090,2030,965,2045,2092,2030
914995,B,255,966,2045,2091,2031,966,2045,2091,2031
915095,B,255,965,2047,2091,2031,965,2046,2092,2031
915195,B,255,962,2044,2089,2032,963,2044,2090,2032
915295,B,255,963,2046,2091,2030,963,2046,2091,2030
915395,B,255,963,2043,2091,2030,963,2045,2091,2031
915495,B,255,965,2045,2090,2031,964,2046,2090,2030
915595,B,255,963,2045,2090,2031,963,2045,2090,2029
915695,B,255,965,2045,2084,2030,965,2045,2092,2030
915795,B,255,964,2044,2093,2031,964,2044,2093,2031
915895,B,255,966,2046,2094,2030,966,2045,2091,2030
915995,B,255,966,2046,2093,2030,964,2046,2092,2030
916095,B,255,965,2045,2090,2031,965,2045,2090,2030
916195,B,255,966,2046,2094,2032,966,2046,2093,2032
916295,B,255,964,2045,2089,2031,964,2045,2091,2031
916395,B,255,965,2045,2090,2029,965,2045,2090,2029
916495,B,255,965,2043,2093,2031,965,2044,2089,2031
916595,B,255,963,2046,2093,2032,964,2045,2091,2030
916695,B,255,965,2045,2094,2026,965,2045,2093,2030
916795,B,255,966,2044,2095,2032,964,2044,2094,2032
916895,B,255,965,2047,2092,2031,965,2047,2092,2031
916995,B,255,966,2043,2091,2031,964,2044,2091,2031
917095,B,255,963,2045,2094,2029,963,2045,2094,2030
917195,B,255,965,2047,2091,2028,965,2047,2091,2030
917295,B,255,963,2045,2095,2029,963,2045,2092,2029
917395,B,255,965,2044,2091,2030,965,2044,2092,2030
917495,B,255,967,2046,2091,2030,965,2046,2091,2030
917595,B,255,965,2047,2094,2032,961,2043,2088,2028
917695,B,255,963,2046,2087,2031,964,2046,2090,2031
917795,B,255,965,2047,2092,2031,963,2047,2091,2031
917895,B,255,951,2032,2079,2019,962,2044,2089,2028
917995,B,255,963,2046,2089,2031,963,2046,2090,2031
918095,B,255,965,2047,2090,2031,965,2047,2090,2031
918195,B,255,951,2034,2080,2019,963,2042,2088,2027
918295,B,255,965,2043,2088,2031,965,2046,2092,2031
918395,B,255,965,2045,2090,2032,965,2045,2090,2031
918495,B,255,951,2032,2076,2015,964,2044,2091,2029
918595,B,255,964,2043,2090,2030,964,2044,2090,2030
918695,B,255,962,2047,2089,2031,964,2047,2090,2031
918795,B,255,965,2045,2091,2029,965,2045,2092,2029
918895,B,255,965,2045,2093,2030,964,2045,2093,2031
918995,B,255,961,2046,2092,2029,962,2046,2092,2029
919095,B,255,966,2045,2092,2030,966,2045,2092,2030
919195,B,255,964,2043,2090,2031,964,2045,2091,2031
919295,B,255,964,2046,2093,2032,964,2046,2092,2031
919395,B,255,965,2047,2095,2029,964,2047,2091,2029
919495,B,255,962,2045,2091,2031,963,2045,2091,2030
919595,B,255,963,2047,2094,2031,964,2046,2090,2031
919695,B,255,965,2047,2093,2032,965,2046,2093,2031
919795,B,255,963,2046,2091,2029,964,2046,2091,2029
919895,B,255,963,2041,2090,2027,963,2045,2091,2029
919995,B,255,963,2044,2091,2032,963,2044,2090,2031
920095,B,255,966,2046,2089,2032,965,2046,2090,2031
920195,B,255,963,2045,2092,2030,963,2045,2091,2030
920295,B,255,964,2044,2087,2029,964,2044,2090,2030
920395,B,255,965,2043,2092,2030,963,2043,2092,2030
920495,B,255,963,2046,2087,2031,963,2045,2090,2031
920595,B,255,962,2047,2089,2030,964,2047,2090,2030
920695,B,255,965,2045,2091,2032,965,2045,2091,2031
920795,B,255,963,2047,2087,2030,963,2046,2089,2030
920895,B,255,963,2046,2085,2032,964,2046,2090,2031
920995,B,255,963,2043,2090,2031,963,2044,2092,2031
921095,B,255,966,2043,2094,2031,962,2043,2093,2029
921195,B,255,963,2043,2087,2027,964,2044,2089,2030
921295,B,255,965,2045,2093,2031,965,2045,2092,2031
921395,B,255,965,2046,2091,2028,965,2046,2091,2029
921495,B,255,966,2047,2094,2032,966,2047,2093,2032
921595,B,255,965,2047,2093,2031,962,2044,2090,2028
921695,B,255,966,2047,2093,2027,966,2046,2091,2029
921795,B,255,963,2046,2091,2030,964,2046,2092,2031
921895,B,255,965,2045,2093,2027,964,2044,2090,2027
921995,B,255,964,2044,2094,2029,963,2045,2092,2029
922095,B,255,962,2046,2091,2031,963,2046,2091,2031
922195,B,255,950,2033,2080,2016,962,2045,2090,2028
922295,B,255,962,2045,2091,2030,963,2045,2092,2030
922395,B,255,965,2044,2093,2032,965,2044,2092,2032
922495,B,255,952,2037,2074,2013,963,2043,2089,2029
922595,B,255,965,2043,2095,2032,965,2044,2093,2032
922695,B,255,966,2044,2092,2031,965,2045,2092,2031
922795,B,255,949,2032,2077,2015,963,2045,2091,2029
922895,B,255,964,2046,2091,2031,964,2046,2091,2030
922995,B,255,963,2047,2090,2031,964,2047,2090,2030
923095,B,255,964,2047,2091,2031,964,2047,2090,2031
923195,B,255,966,2047,2087,2022,964,2046,2089,2031
923295,B,255,965,2042,2091,2030,964,2046,2092,2030
923395,B,255,967,2047,2090,2032,966,2047,2091,2031
923495,B,255,964,2046,2087,2030,964,2046,2090,2031
923595,B,255,965,2046,2091,2029,965,2046,2092,2030
923695,B,255,965,2042,2092,2031,965,2045,2092,2031
923795,B,255,963,2047,2094,2032,963,2047,2093,2031
923895,B,255,963,2045,2090,2030,963,2045,2090,2030
923995,B,255,963,2045,2092,2030,963,2045,2092,2030
924095,B,255,963,2043,2093,2031,963,2043,2093,2031
924195,B,255,965,2043,2094,2031,965,2045,2092,2031
924295,B,255,964,2046,2089,2030,965,2046,2091,2030
924395,B,255,964,2047,2091,2029,964,2046,2091,2031
924495,B,255,961,2047,2087,2032,963,2045,2091,2032
924595,B,255,963,2046,2091,2031,964,2046,2091,2031
924695,B,255,963,2047,2090,2031,963,2047,2091,2031
924795,B,255,963,2052,2092,2031,963,2047,2092,2031
924895,B,255,963,2046,2091,2031,964,2046,2091,2031
924995,B,255,963,2045,2092,2031,963,2046,2092,2031
925095,B,255,963,2044,2091,2032,963,2044,2091,2031
925195,B,255,965,2046,2091,2029,964,2046,2091,2029
925295,B,255,963,2047,2086,2032,963,2047,2092,2031
925395,B,255,965,2045,2089,2031,965,2046,2092,2031
925495,B,255,962,2046,2089,2030,963,2046,2090,2030
925595,B,255,967,2053,2093,2032,962,2045,2091,2029
925695,B,255,967,2045,2093,2029,966,2045,2092,2030
925795,B,255,962,2044,2091,2030,964,2044,2091,2030
925895,B,255,966,2047,2093,2032,964,2044,2091,2031
925995,B,255,965,2043,2092,2031,965,2044,2092,2031
926095,B,255,967,2043,2089,2032,966,2044,2089,2032
926195,B,255,966,2047,2094,2029,965,2045,2091,2029
926295,B,255,964,2046,2092,2032,964,2046,2092,2031
926395,B,255,965,2046,2094,2030,964,2046,2091,2030
926495,B,255,966,2047,2093,2032,965,2046,2092,2031
926595,B,255,965,2045,2090,2030,965,2045,2093,2030
926695,B,255,963,2045,2094,2031,963,2045,2094,2031
926795,B,255,954,2032,2080,2019,961,2044,2089,2028
926895,B,255,965,2045,2093,2031,965,2045,2092,2031
926995,B,255,965,2047,2093,2031,965,2047,2093,2031
927095,B,255,950,2031,2075,2015,964,2045,2090,2030
927195,B,255,965,2046,2090,2032,964,2046,2092,2032
927295,B,255,963,2045,2092,2029,963,2045,2092,2029
927395,B,255,963,2047,2093,2032,963,2045,2092,2032
927495,B,255,962,2046,2092,2032,964,2046,2092,2032
927595,B,255,961,2044,2090,2031,964,2044,2091,2031
927695,B,255,967,2045,2093,2032,967,2045,2093,2032
927795,B,255,963,2045,2094,2031,963,2045,2092,2031
927895,B,255,962,2045,2093,2031,965,2045,2093,2031
927995,B,255,951,2032,2079,2019,956,2037,2082,2021
928095,B,255,966,2045,2091,2030,964,2045,2090,2030
928195,B,255,965,2047,2092,2029,963,2045,2091,2029
928295,B,255,963,2046,2094,2032,963,2046,2093,2031
928395,B,255,966,2047,2093,2029,965,2046,2092,2030
928495,B,255,961,2045,2091,2029,963,2045,2091,2029
928595,B,255,964,2045,2094,2031,964,2046,2093,2031
928695,B,255,963,2047,2092,2031,965,2046,2091,2031
928795,B,255,961,2045,2091,2031,965,2045,2093,2031
928895,B,255,967,2046,2087,2032,966,2045,2090,2031
928995,B,255,963,2042,2091,2031,964,2044,2091,2031
929095,B,255,964,2046,2089,2031,964,2046,2092,2031
929195,B,255,965,2045,2093,2029,963,2045,2092,2030
929295,B,255,966,2047,2094,2032,965,2047,2092,2031
929395,B,255,966,2046,2093,2031,966,2046,2093,2031
929495,B,255,965,2045,2090,2032,964,2045,2090,2032
929595,B,255,963,2046,2091,2031,964,2045,2091,2031
929695,B,255,965,2046,2092,2030,965,2046,2092,2030
929795,B,255,965,2047,2091,2030,965,2044,2093,2030
929895,B,255,963,2046,2091,2031,963,2046,2091,2030
929995,B,255,963,2046,2094,2032,964,2046,2093,2031
930095,B,255,963,2044,2091,2031,965,2045,2091,2031
930195,B,255,962,2059,2091,2030,962,2046,2091,2030
930295,B,255,967,2045,2092,2031,965,2045,2092,2031
930395,B,255,963,2046,2091,2031,965,2046,2091,2031
930495,B,255,965,2046,2095,2032,962,2043,2090,2028
930595,B,255,962,2046,2087,2032,963,2046,2091,2031
930695,B,255,966,2047,2090,2031,966,2046,2091,2031
930795,B,255,952,2032,2079,2018,961,2042,2088,2027
930895,B,255,967,2046,2093,2030,964,2046,2092,2030
930995,B,255,964,2046,2091,2031,964,2046,2093,2031
931095,B,255,951,2033,2077,2016,964,2045,2091,2030
931195,B,255,966,2053,2094,2031,966,2047,2092,2031
931295,B,255,963,2046,2091,2031,963,2046,2091,2031
931395,B,255,957,2033,2087,2019,964,2046,2090,2029
931495,B,255,963,2046,2093,2031,964,2046,2091,2031
931595,B,255,962,2045,2093,2030,965,2046,2091,2030
931695,B,255,962,2047,2091,2031,964,2046,2091,2031
931795,B,255,963,2047,2095,2032,964,2046,2095,2030
931895,B,255,963,2044,2087,2030,964,2046,2092,2030
931995,B,255,965,2043,2094,2032,965,2045,2094,2032
932095,B,255,963,2046,2091,2030,963,2046,2091,2030
932195,B,255,963,2045,2093,2029,963,2045,2092,2029
932295,B,255,964,2045,2094,2032,965,2045,2094,2032
932395,B,255,965,2045,2094,2032,965,2045,2093,2032
932495,B,255,963,2046,2091,2031,964,2046,2092,2031
932595,B,255,966,2047,2093,2032,966,2046,2092,2032
932695,B,255,966,2046,2090,2031,964,2046,2091,2031
932795,B,255,966,2047,2091,2030,964,2046,2092,2031
932895,B,255,965,2045,2094,2030,962,2043,2089,2030
932995,B,255,963,2045,2093,2032,963,2045,2092,2031
933095,B,255,965,2046,2091,2031,964,2046,2092,2030
933195,B,255,970,2045,2090,2030,965,2046,2091,2030
933295,B,255,965,2045,2094,2032,965,2045,2094,2032
933395,B,255,964,2046,2093,2032,965,2046,2092,2031
933495,B,255,962,2045,2093,2032,962,2045,2093,2032
933595,B,255,963,2046,2094,2031,963,2046,2094,2031
933695,B,255,969,2046,2091,2031,966,2046,2091,2031
933795,B,255,964,2044,2093,2031,964,2044,2093,2031
933895,B,255,964,2047,2092,2031,964,2044,2092,2031
933995,B,255,965,2046,2091,2031,965,2046,2091,2030
934095,B,255,966,2045,2090,2029,966,2045,2092,2029
934195,B,255,963,2047,2096,2032,963,2046,2093,2031
934295,B,255,963,2047,2093,2031,964,2047,2093,2031
934395,B,255,963,2046,2092,2031,964,2046,2092,2031
934495,B,255,965,2047,2091,2031,965,2045,2091,2031
934595,B,255,965,2047,2095,2031,966,2047,2093,2031
934695,B,255,964,2046,2093,2032,964,2046,2093,2032
934795,B,255,965,2047,2093,2031,965,2045,2092,2029
934895,B,255,963,2047,2091,2032,963,2047,2091,2031
934995,B,255,962,2045,2091,2031,964,2045,2091,2031
935095,B,255,955,2034,2079,2018,963,2045,2090,2029
935195,B,255,966,2047,2090,2032,965,2047,2092,2032
935295,B,255,965,2046,2095,2032,964,2046,2095,2032
935395,B,255,951,2032,2080,2018,964,2042,2092,2029
935495,B,255,965,2047,2093,2031,965,2047,2092,2031
935595,B,255,957,2032,2081,2017,962,2045,2091,2028
935695,B,255,963,2047,2090,2031,963,2047,2090,2031
935795,B,255,966,2045,2093,2031,966,2045,2093,2031
935895,B,255,963,2045,2087,2032,963,2045,2090,2032
935995,B,255,963,2043,2093,2031,963,2046,2090,2031
936095,B,255,964,2046,2093,2032,964,2045,2093,2032
936195,B,255,966,2047,2094,2031,966,2047,2094,2031
936295,B,255,966,2047,2093,2030,966,2046,2094,2030
936395,B,255,963,2043,2092,2031,963,2044,2092,2031
936495,B,255,965,2046,2094,2028,965,2046,2091,2030
936595,B,255,964,2046,2090,2031,964,2046,2092,2031
936695,B,255,965,2046,2091,2031,965,2046,2091,2031
936795,B,255,965,2045,2092,2031,965,2045,2092,2031
936895,B,255,964,2047,2091,2029,964,2046,2091,2029
936995,B,255,965,2047,2093,2032,965,2047,2093,2032
937095,B,255,965,2047,2091,2032,965,2047,2092,2032
937195,B,255,965,2046,2091,2031,965,2046,2090,2030
937295,B,255,965,2046,2095,2032,965,2046,2093,2032
937395,B,255,965,2046,2092,2029,965,2046,2092,2029
937495,B,255,965,2045,2093,2032,965,2045,2093,2030
937595,B,255,965,2047,2092,2031,964,2047,2092,2031
937695,B,255,967,2046,2091,2031,966,2046,2091,2031
937795,B,255,965,2046,2091,2031,965,2046,2092,2031
937895,B,255,965,2047,2095,2030,965,2047,2091,2030
937995,B,255,964,2046,2092,2031,964,2046,2091,2031
938095,B,255,964,2043,2091,2029,964,2044,2091,2029
938195,B,255,964,2047,2092,2031,964,2047,2092,2031
938295,B,255,964,2045,2094,2032,964,2045,2094,2032
938395,B,255,963,2045,2090,2032,964,2045,2092,2032
938495,B,255,965,2045,2091,2032,964,2045,2091,2031
938595,B,255,965,2046,2091,2030,963,2046,2091,2030
938695,B,255,966,2047,2092,2030,966,2047,2092,2030
938795,B,255,962,2047,2092,2029,962,2047,2093,2029
938895,B,255,965,2046,2090,2031,965,2046,2091,2031
938995,B,255,964,2047,2092,2030,964,2047,2092,2030
939095,B,255,965,2053,2095,2031,964,2046,2092,2030
939195,B,255,962,2043,2089,2033,964,2044,2090,2032
939295,B,255,965,2047,2093,2032,965,2047,2093,2032
939395,B,255,965,2045,2094,2031,965,2045,2091,2031
939495,B,255,965,2046,2090,2031,965,2046,2092,2031
939595,B,255,953,2032,2078,2018,964,2045,2091,2031
939695,B,255,962,2047,2091,2031,962,2047,2091,2031
939795,B,255,965,2046,2091,2031,964,2046,2092,2031
939895,B,255,951,2032,2079,2017,964,2045,2092,2031
939995,B,255,965,2043,2091,2030,965,2045,2092,2031
940095,B,255,966,2045,2091,2028,964,2045,2091,2031
940195,B,255,964,2045,2093,2029,964,2045,2092,2030
940295,B,255,967,2045,2090,2032,966,2045,2090,2031
940395,B,255,963,2047,2091,2029,964,2045,2091,2030
940495,B,255,965,2045,2090,2030,965,2045,2091,2030
940595,B,255,965,2046,2091,2030,965,2046,2091,2030
940695,B,255,966,2045,2093,2032,965,2045,2091,2032
940795,B,255,965,2047,2089,2029,964,2046,2092,2031
940895,B,255,967,2047,2091,2032,965,2045,2091,2031
940995,B,255,969,2047,2091,2029,964,2047,2093,2031
941095,B,255,964,2043,2092,2032,964,2045,2092,2031
941195,B,255,966,2045,2091,2030,964,2045,2092,2030
941295,B,255,965,2046,2091,2032,965,2046,2092,2032
941395,B,255,965,2052,2094,2032,965,2046,2091,2032
941495,B,255,966,2045,2093,2031,965,2045,2092,2031
941595,B,255,963,2045,2089,2032,964,2045,2091,2031
941695,B,255,963,2045,2092,2029,964,2046,2092,2030
941795,B,255,963,2047,2094,2032,965,2046,2094,2031
941895,B,255,967,2046,2086,2029,965,2046,2090,2029
941995,B,255,965,2045,2091,2029,965,2046,2091,2029
942095,B,255,963,2042,2089,2030,963,2044,2089,2030
942195,B,255,965,2046,2090,2028,964,2046,2090,2028
942295,B,255,962,2043,2094,2031,962,2043,2092,2031
942395,B,255,964,2053,2092,2031,964,2045,2091,2031
942495,B,255,964,2046,2087,2031,964,2045,2090,2030
942595,B,255,965,2047,2089,2031,965,2046,2091,2031
942695,B,255,965,2045,2087,2030,965,2045,2090,2030
942795,B,255,963,2045,2095,2030,963,2045,2092,2030
942895,B,255,960,2046,2093,2030,962,2046,2091,2030
942995,B,255,962,2047,2093,2031,964,2047,2092,2031
943095,B,255,963,2046,2094,2031,963,2046,2088,2031
943195,B,255,963,2045,2092,2030,963,2045,2092,2030
943295,B,255,963,2045,2090,2031,964,2045,2092,2031
943395,B,255,966,2046,2090,2031,964,2046,2093,2031
943495,B,255,964,2043,2087,2031,964,2044,2091,2031
943595,B,255,950,2032,2077,2017,961,2040,2088,2028
943695,B,255,962,2046,2093,2029,962,2046,2093,2030
943795,B,255,964,2043,2093,2029,964,2045,2093,2031
943895,B,255,965,2047,2096,2032,964,2045,2088,2031
943995,B,255,965,2045,2093,2031,965,2045,2092,2031
944095,B,255,963,2045,2091,2029,963,2045,2091,2030
944195,B,255,953,2035,2079,2019,964,2044,2091,2028
944295,B,255,965,2045,2093,2027,965,2045,2093,2028
944395,B,255,963,2047,2091,2031,963,2047,2091,2031
944495,B,255,965,2047,2091,2031,965,2047,2091,2030
944595,B,255,964,2044,2093,2031,964,2045,2090,2030
944695,B,255,960,2043,2091,2027,965,2044,2091,2030
944795,B,255,964,2046,2093,2032,964,2046,2093,2032
944895,B,255,964,2047,2091,2031,964,2045,2091,2031
944995,B,255,961,2047,2094,2031,963,2046,2091,2031
945095,B,255,963,2045,2093,2031,964,2045,2093,2031
945195,B,255,965,2045,2092,2027,964,2045,2092,2031
945295,B,255,963,2046,2091,2029,964,2046,2091,2030
945395,B,255,965,2046,2090,2031,964,2046,2091,2031
945495,B,255,966,2046,2091,2027,965,2046,2091,2028
945595,B,255,967,2046,2090,2029,966,2046,2090,2029
945695,B,255,964,2046,2091,2032,964,2046,2091,2032
945795,B,255,966,2046,2091,2031,966,2046,2091,2031
945895,B,255,964,2045,2087,2031,964,2045,2088,2031
945995,B,255,964,2046,2091,2032,964,2045,2090,2032
946095,B,255,966,2045,2090,2030,965,2045,2092,2030
946195,B,255,963,2046,2091,2031,963,2046,2091,2030
946295,B,255,967,2045,2091,2029,966,2046,2091,2030
946395,B,255,966,2047,2091,2031,965,2046,2091,2031
946495,B,255,965,2045,2091,2030,964,2045,2091,2030
946595,B,255,965,2043,2091,2029,965,2043,2091,2029
946695,B,255,964,2046,2094,2028,965,2046,2093,2031
946795,B,255,965,2047,2091,2031,965,2046,2092,2031
946895,B,255,965,2045,2093,2031,964,2045,2091,2031
946995,B,255,963,2047,2091,2027,964,2046,2092,2027
947095,B,255,965,2047,2093,2031,961,2044,2090,2029
947195,B,255,963,2044,2090,2031,963,2045,2090,2031
947295,B,255,966,2045,2090,2031,966,2045,2090,2031
947395,B,255,953,2033,2078,2016,960,2042,2087,2027
947495,B,255,965,2046,2091,2032,964,2045,2091,2032
947595,B,255,950,2032,2083,2017,960,2043,2090,2028
947695,B,255,964,2045,2094,2032,964,2046,2093,2032
947795,B,255,963,2045,2093,2031,963,2045,2093,2030
947895,B,255,953,2033,2077,2019,962,2045,2089,2029
947995,B,255,962,2045,2093,2031,963,2045,2091,2031
948095,B,255,964,2042,2091,2029,964,2044,2090,2029
948195,B,255,950,2032,2081,2017,963,2044,2091,2027
948295,B,255,965,2047,2090,2031,965,2047,2091,2031
948395,B,255,963,2046,2091,2031,963,2046,2091,2031
948495,B,255,966,2046,2091,2030,965,2046,2091,2030
948595,B,255,967,2046,2093,2032,964,2046,2092,2032
948695,B,255,964,2043,2093,2031,964,2046,2091,2031
948795,B,255,964,2045,2092,2032,964,2045,2092,2031
948895,B,255,965,2045,2090,2032,964,2045,2090,2032
948995,B,255,965,2047,2091,2031,965,2046,2091,2031
949095,B,255,963,2046,2090,2030,963,2046,2090,2030
949195,B,255,966,2046,2089,2029,966,2046,2090,2030
949295,B,255,964,2046,2094,2030,964,2046,2093,2030
949395,B,255,964,2046,2093,2030,964,2046,2093,2030
949495,B,255,966,2045,2090,2030,964,2045,2090,2030
949595,B,255,965,2052,2091,2032,964,2048,2091,2031
949695,B,255,965,2046,2090,2030,965,2046,2091,2030
949795,B,255,963,2046,2092,2030,963,2044,2092,2030
949895,B,255,963,2046,2088,2031,963,2046,2090,2030
949995,B,255,965,2046,2090,2030,964,2046,2091,2030
950095,B,255,962,2045,2090,2027,963,2045,2090,2029
950195,B,255,965,2044,2093,2029,965,2046,2093,2030
950295,B,255,963,2046,2093,2031,963,2046,2093,2031
950395,B,255,963,2045,2093,2030,964,2045,2092,2030
950495,B,255,965,2045,2090,2031,965,2045,2091,2031
950595,B,255,965,2046,2093,2030,964,2046,2091,2030
950695,B,255,967,2046,2093,2028,965,2046,2092,2030
950795,B,255,966,2047,2092,2030,966,2046,2092,2029
950895,B,255,967,2047,2092,2031,965,2047,2092,2031
950995,B,255,962,2045,2093,2030,962,2045,2090,2030
951095,B,255,964,2045,2092,2033,964,2045,2092,2033
951195,B,255,963,2045,2093,2028,964,2045,2092,2028
951295,B,255,963,2045,2094,2029,963,2045,2093,2029
951395,B,255,965,2046,2093,2032,965,2045,2093,2029
951495,B,255,963,2045,2091,2029,964,2045,2091,2029
951595,B,255,964,2047,2092,2029,962,2042,2090,2027
951695,B,255,963,2046,2090,2030,963,2046,2090,2030
951795,B,255,963,2044,2091,2030,963,2044,2093,2030
951895,B,255,949,2026,2081,2019,960,2039,2088,2027
951995,B,255,964,2044,2090,2032,964,2044,2091,2030
952095,B,255,965,2045,2091,2031,965,2045,2091,2030
952195,B,255,952,2032,2079,2016,963,2044,2087,2028
952295,B,255,966,2043,2086,2031,966,2046,2091,2031
952395,B,255,965,2045,2087,2030,965,2046,2091,2030
952495,B,255,951,2032,2081,2017,961,2044,2090,2028
952595,B,255,964,2045,2091,2032,964,2045,2091,2032
952695,B,255,963,2045,2090,2031,963,2045,2092,2030
952795,B,255,967,2042,2093,2032,965,2045,2093,2032
952895,B,255,963,2045,2089,2031,963,2045,2091,2030
952995,B,255,964,2046,2093,2029,964,2046,2093,2030
953095,B,255,951,2033,2078,2015,962,2046,2088,2029
953195,B,255,966,2046,2093,2030,966,2046,2092,2030
953295,B,255,961,2047,2093,2030,964,2047,2093,2031
953395,B,255,965,2047,2090,2022,965,2047,2090,2029
953495,B,255,966,2045,2091,2029,965,2046,2092,2029
953595,B,255,965,2047,2090,2030,965,2046,2090,2030
953695,B,255,963,2045,2091,2031,964,2046,2091,2031
953795,B,255,963,2047,2091,2031,963,2047,2092,2031
953895,B,255,966,2047,2087,2031,965,2046,2091,2031
953995,B,255,966,2045,2091,2028,966,2045,2091,2029
954095,B,255,965,2053,2090,2028,965,2047,2091,2029
954195,B,255,965,2046,2086,2029,965,2046,2091,2029
954295,B,255,966,2046,2090,2031,965,2046,2092,2031
954395,B,255,967,2045,2093,2031,965,2045,2093,2031
954495,B,255,963,2045,2087,2032,965,2045,2091,2031
954595,B,255,963,2045,2091,2029,963,2045,2091,2029
954695,B,255,962,2043,2091,2031,964,2044,2092,2031
954795,B,255,964,2047,2091,2030,964,2046,2091,2030
954895,B,255,966,2045,2091,2030,966,2046,2091,2030
954995,B,255,965,2046,2089,2029,965,2046,2091,2029
955095,B,255,965,2043,2089,2031,964,2043,2089,2031
955195,B,255,964,2045,2093,2031,964,2045,2092,2031
955295,B,255,963,2047,2089,2031,963,2045,2091,2031
955395,B,255,965,2045,2091,2031,965,2045,2091,2031
955495,B,255,966,2043,2087,2026,965,2045,2090,2029
955595,B,255,965,2047,2092,2031,963,2044,2091,2028
955695,B,255,965,2045,2094,2032,965,2045,2091,2032
955795,B,255,966,2047,2087,2031,965,2045,2092,2031
955895,B,255,966,2047,2094,2032,961,2045,2091,2029
955995,B,255,963,2045,2090,2031,963,2046,2090,2031
956095,B,255,962,2046,2093,2029,965,2046,2092,2029
956195,B,255,966,2046,2094,2030,965,2046,2091,2030
956295,B,255,965,2045,2087,2028,964,2045,2090,2031
956395,B,255,963,2043,2091,2029,965,2043,2091,2031
956495,B,255,965,2045,2092,2031,964,2044,2089,2028
956595,B,255,964,2044,2093,2032,964,2045,2090,2032
956695,B,255,963,2045,2091,2029,964,2045,2091,2029
956795,B,255,955,2034,2079,2019,963,2043,2091,2028
956895,B,255,960,2045,2091,2031,963,2045,2091,2031
956995,B,255,965,2045,2091,2030,965,2045,2091,2030
957095,B,255,967,2046,2091,2030,966,2046,2091,2030
957195,B,255,965,2044,2092,2031,965,2045,2092,2031
957295,B,255,965,2046,2093,2031,965,2046,2093,2031
957395,B,255,957,2034,2085,2019,964,2045,2090,2027
957495,B,255,963,2046,2091,2029,964,2046,2091,2030
957595,B,255,965,2045,2090,2031,964,2045,2092,2030
957695,B,255,965,2046,2093,2031,965,2046,2091,2031
957795,B,255,966,2047,2093,2031,965,2046,2093,2031
957895,B,255,964,2043,2091,2030,964,2044,2091,2030
957995,B,255,964,2045,2094,2030,964,2045,2091,2030
958095,B,255,964,2044,2093,2031,964,2044,2092,2031
958195,B,255,963,2047,2090,2029,964,2047,2091,2030
958295,B,255,966,2046,2092,2031,963,2046,2092,2030
958395,B,255,965,2045,2090,2031,965,2045,2091,2030
958495,B,255,963,2046,2090,2030,963,2046,2092,2030
958595,B,255,967,2046,2090,2031,964,2044,2090,2029
958695,B,255,965,2047,2095,2030,965,2047,2095,2030
958795,B,255,965,2043,2092,2032,964,2045,2092,2031
958895,B,255,964,2046,2091,2032,964,2046,2091,2031
958995,B,255,963,2046,2093,2031,963,2046,2091,2031
959095,B,255,965,2047,2087,2029,964,2047,2090,2029
959195,B,255,950,2034,2079,2016,958,2039,2087,2024
959295,B,255,966,2046,2091,2032,965,2045,2092,2030
959395,B,255,965,2045,2091,2030,965,2045,2092,2030
959495,B,255,965,2045,2095,2031,964,2045,2091,2030
959595,B,255,963,2047,2092,2031,963,2046,2091,2027
959695,B,255,969,2046,2090,2030,964,2046,2090,2030
959795,B,255,965,2045,2091,2031,964,2046,2091,2030
959895,B,255,962,2042,2094,2030,963,2044,2093,2030
959995,B,255,963,2047,2089,2029,963,2046,2090,2030
960095,B,255,966,2043,2091,2030,965,2043,2091,2030
960195,B,255,963,2046,2091,2027,962,2045,2090,2028
960295,B,255,966,2046,2093,2032,955,2036,2082,2019
960395,B,255,964,2043,2087,2032,964,2043,2089,2028
960495,B,255,954,2032,2079,2014,960,2043,2088,2028
960595,B,255,962,2047,2091,2031,963,2046,2091,2031
960695,B,255,963,2043,2092,2032,963,2045,2092,2032
960795,B,255,963,2047,2091,2032,962,2044,2091,2029
960895,B,255,965,2044,2090,2029,965,2044,2091,2030
960995,B,255,963,2046,2090,2029,963,2046,2091,2029
961095,B,255,951,2032,2078,2018,962,2044,2089,2030
961195,B,255,964,2042,2092,2032,964,2042,2092,2031
961295,B,255,964,2046,2091,2031,964,2046,2092,2030
961395,B,255,950,2032,2077,2017,964,2044,2089,2029
961495,B,255,965,2043,2089,2029,965,2043,2089,2029
961595,B,255,965,2045,2093,2031,965,2045,2090,2031
961695,B,255,963,2047,2091,2032,963,2045,2091,2032
961795,B,255,962,2045,2087,2029,964,2045,2089,2029
961895,B,255,966,2045,2093,2031,964,2045,2090,2031
961995,B,255,962,2043,2087,2029,963,2044,2090,2030
962095,B,255,962,2045,2090,2029,963,2045,2090,2031
962195,B,255,966,2047,2091,2032,965,2046,2091,2030
962295,B,255,967,2047,2093,2031,964,2047,2093,2031
962395,B,255,963,2046,2089,2030,964,2046,2090,2030
962495,B,255,966,2047,2089,2030,965,2045,2091,2030
962595,B,255,963,2046,2091,2031,963,2045,2091,2030
962695,B,255,960,2045,2087,2029,964,2045,2091,2030
962795,B,255,964,2046,2091,2031,964,2046,2091,2031
962895,B,255,965,2046,2093,2031,965,2046,2091,2030
962995,B,255,964,2045,2091,2029,964,2045,2091,2030
963095,B,255,963,2045,2090,2029,964,2045,2092,2029
963195,B,255,963,2043,2091,2032,963,2044,2091,2030
963295,B,255,963,2045,2089,2031,964,2045,2091,2031
963395,B,255,966,2045,2091,2032,965,2045,2092,2030
963495,B,255,963,2047,2090,2031,964,2047,2092,2031
963595,B,255,965,2047,2089,2032,961,2042,2089,2028
963695,B,255,963,2044,2090,2030,963,2044,2090,2030
963795,B,255,965,2044,2095,2031,965,2044,2093,2031
963895,B,255,965,2045,2094,2031,965,2045,2092,2029
963995,B,255,966,2044,2094,2032,965,2046,2092,2032
964095,B,255,966,2046,2091,2030,965,2046,2091,2030
964195,B,255,963,2043,2092,2032,963,2046,2092,2029
964295,B,255,964,2045,2089,2027,964,2045,2090,2030
964395,B,255,966,2043,2092,2028,966,2045,2091,2029
964495,B,255,965,2046,2093,2031,965,2045,2090,2031
964595,B,255,963,2043,2090,2031,963,2045,2090,2031
964695,B,255,965,2043,2091,2029,964,2043,2091,2029
964795,B,255,965,2047,2095,2031,964,2045,2092,2029
964895,B,255,965,2046,2090,2030,964,2045,2091,2030
964995,B,255,964,2046,2091,2031,964,2046,2091,2031
965095,B,255,954,2033,2079,2018,962,2044,2088,2029
965195,B,255,965,2046,2095,2031,965,2046,2091,2031
965295,B,255,963,2045,2093,2031,963,2045,2093,2031
965395,B,255,964,2046,2094,2031,964,2046,2091,2031
965495,B,255,963,2046,2089,2028,963,2046,2091,2028
965595,B,255,965,2045,2090,2027,965,2046,2090,2030
965695,B,255,966,2046,2093,2030,964,2046,2092,2031
965795,B,255,972,2047,2091,2032,964,2047,2091,2032
965895,B,255,949,2031,2078,2014,963,2044,2089,2028
965995,B,255,965,2047,2089,2031,965,2047,2090,2031
966095,B,255,965,2046,2090,2030,965,2046,2091,2030
966195,B,255,965,2045,2091,2030,965,2045,2091,2030
966295,B,255,965,2046,2092,2030,965,2046,2092,2031
966395,B,255,966,2043,2089,2031,965,2045,2090,2031
966495,B,255,963,2047,2091,2032,964,2047,2091,2032
966595,B,255,965,2046,2094,2031,962,2045,2089,2031
966695,B,255,966,2045,2093,2030,966,2045,2093,2030
966795,B,255,963,2046,2093,2031,964,2045,2092,2031
966895,B,255,965,2047,2089,2032,965,2046,2092,2031
966995,B,255,965,2047,2090,2030,965,2046,2090,2030
967095,B,255,966,2045,2091,2030,966,2045,2091,2030
967195,B,255,963,2046,2093,2031,963,2046,2090,2029
967295,B,255,966,2045,2092,2031,966,2045,2092,2031
967395,B,255,964,2045,2091,2030,964,2045,2091,2030
967495,B,255,961,2045,2092,2031,964,2046,2092,2031
967595,B,255,966,2046,2093,2032,966,2046,2092,2032
967695,B,255,963,2043,2094,2032,964,2045,2093,2032
967795,B,255,963,2045,2093,2031,963,2045,2092,2031
967895,B,255,966,2047,2094,2030,966,2047,2093,2030
967995,B,255,963,2047,2091,2030,964,2047,2092,2030
968095,B,255,966,2046,2089,2032,966,2046,2090,2032
968195,B,255,966,2047,2096,2037,963,2046,2090,2031
968295,B,255,964,2047,2091,2031,964,2046,2093,2031
968395,B,255,965,2046,2092,2031,966,2046,2092,2031
968495,B,255,964,2045,2093,2032,961,2042,2088,2027
968595,B,255,964,2045,2092,2032,964,2045,2091,2030
968695,B,255,965,2046,2093,2031,965,2046,2093,2031
968795,B,255,963,2047,2094,2030,962,2046,2089,2029
968895,B,255,965,2046,2092,2029,965,2046,2092,2029
968995,B,255,965,2046,2091,2030,965,2046,2091,2030
969095,B,255,951,2034,2077,2016,961,2044,2089,2027
969195,B,255,964,2046,2087,2026,964,2046,2090,2030
969295,B,255,963,2046,2094,2031,964,2045,2094,2031
969395,B,255,963,2046,2094,2031,964,2046,2093,2031
969495,B,255,965,2046,2090,2031,964,2046,2091,2030
969595,B,255,956,2032,2078,2018,961,2043,2090,2028
969695,B,255,964,2046,2089,2030,964,2046,2091,2030
969795,B,255,965,2045,2092,2030,965,2045,2092,2030
969895,B,255,967,2047,2090,2029,966,2047,2091,2029
969995,B,255,963,2045,2094,2032,964,2045,2093,2032
970095,B,255,960,2047,2091,2032,964,2047,2091,2032
970195,B,255,963,2045,2086,2027,964,2045,2092,2030
970295,B,255,964,2045,2086,2028,964,2045,2089,2030
970395,B,255,965,2046,2087,2029,964,2045,2090,2029
970495,B,255,963,2047,2090,2029,963,2046,2092,2030
970595,B,255,964,2047,2093,2031,964,2047,2093,2031
970695,B,255,965,2044,2094,2031,966,2044,2091,2031
970795,B,255,967,2045,2093,2031,966,2045,2093,2031
970895,B,255,966,2045,2090,2031,964,2045,2090,2031
970995,B,255,965,2046,2090,2029,965,2045,2092,2029
971095,B,255,965,2046,2091,2031,965,2046,2091,2031
971195,B,255,963,2046,2093,2031,963,2046,2092,2031
971295,B,255,963,2047,2090,2030,964,2045,2091,2030
971395,B,255,961,2047,2088,2029,962,2045,2089,2030
971495,B,255,967,2045,2093,2030,964,2045,2092,2030
971595,B,255,963,2046,2091,2030,963,2046,2091,2030
971695,B,255,963,2043,2094,2031,964,2044,2093,2031
971795,B,255,966,2046,2092,2030,964,2045,2092,2030
971895,B,255,963,2045,2087,2027,963,2045,2091,2030
971995,B,255,966,2046,2090,2030,965,2046,2091,2030
972095,B,255,963,2047,2093,2031,963,2047,2093,2031
972195,B,255,965,2047,2091,2032,965,2047,2093,2030
972295,B,255,963,2046,2094,2030,963,2046,2092,2030
972395,B,255,965,2045,2089,2031,965,2045,2091,2031
972495,B,255,965,2046,2090,2031,963,2045,2090,2031
972595,B,255,962,2047,2091,2030,962,2045,2091,2030
972695,B,255,964,2046,2089,2031,964,2046,2091,2031
972795,B,255,963,2043,2093,2031,963,2044,2091,2031
972895,B,255,964,2042,2091,2031,964,2046,2092,2031
972995,B,255,964,2046,2093,2032,964,2046,2092,2031
973095,B,255,964,2045,2094,2031,964,2043,2088,2028
973195,B,255,965,2045,2093,2030,965,2045,2092,2030
973295,B,255,963,2047,2091,2032,963,2047,2091,2032
973395,B,255,965,2045,2093,2031,964,2045,2093,2030
973495,B,255,963,2046,2090,2030,964,2046,2091,2030
973595,B,255,951,2032,2081,2016,963,2044,2090,2028
973695,B,255,966,2042,2091,2030,965,2044,2091,2030
973795,B,255,964,2045,2093,2031,964,2046,2093,2031
973895,B,255,951,2035,2078,2017,964,2045,2089,2031
973995,B,255,965,2047,2089,2029,965,2047,2092,2029
974095,B,255,964,2047,2091,2030,964,2047,2091,2030
974195,B,255,949,2033,2078,2018,963,2044,2090,2029
974295,B,255,963,2046,2093,2031,963,2046,2093,2031
974395,B,255,965,2047,2094,2029,964,2046,2093,2029
974495,B,255,967,2045,2092,2032,966,2045,2092,2031
974595,B,255,966,2045,2090,2031,966,2045,2090,2031
974695,B,255,963,2047,2090,2030,965,2047,2092,2030
974795,B,255,965,2046,2093,2030,965,2046,2093,2031
974895,B,255,965,2046,2091,2031,964,2046,2092,2031
974995,B,255,966,2045,2091,2031,966,2045,2092,2031
975095,B,255,968,2045,2092,2031,965,2045,2092,2031
975195,B,255,965,2047,2090,2031,965,2046,2092,2031
975295,B,255,966,2045,2093,2030,964,2045,2093,2030
975395,B,255,965,2045,2091,2029,965,2045,2094,2030
975495,B,255,965,2047,2093,2032,965,2047,2092,2032
975595,B,255,966,2047,2093,2031,965,2046,2093,2031
975695,B,255,963,2047,2092,2030,963,2046,2092,2031
975795,B,255,966,2053,2096,2032,965,2047,2092,2032
975895,B,255,967,2046,2091,2031,965,2046,2092,2031
975995,B,255,966,2046,2089,2030,966,2046,2091,2030
976095,B,255,967,2047,2091,2032,966,2047,2091,2032
976195,B,255,966,2047,2094,2030,964,2046,2092,2030
976295,B,255,966,2046,2089,2031,964,2046,2092,2031
976395,B,255,965,2045,2090,2029,965,2045,2092,2031
976495,B,255,966,2045,2092,2031,964,2045,2092,2031
976595,B,255,966,2046,2088,2032,966,2046,2091,2032
976695,B,255,965,2047,2091,2029,965,2046,2092,2030
976795,B,255,964,2054,2094,2032,964,2046,2094,2031
976895,B,255,964,2047,2092,2031,965,2047,2092,2031
976995,B,255,965,2047,2093,2030,965,2047,2092,2030
977095,B,255,967,2045,2094,2031,964,2045,2094,2031
977195,B,255,965,2046,2090,2029,965,2046,2090,2030
977295,B,255,967,2047,2094,2032,965,2047,2094,2032
977395,B,255,953,2032,2079,2017,961,2041,2087,2028
977495,B,255,965,2047,2095,2032,959,2037,2084,2023
977595,B,255,954,2033,2083,2021,961,2043,2089,2028
977695,B,255,965,2043,2092,2031,965,2044,2093,2031
977795,B,255,967,2053,2093,2031,967,2048,2093,2031
977895,B,255,965,2046,2095,2032,963,2046,2092,2030
977995,B,255,965,2047,2091,2032,965,2046,2092,2032
978095,B,255,966,2047,2090,2032,964,2047,2091,2031
978195,B,255,953,2033,2079,2015,964,2045,2091,2030
978295,B,255,963,2046,2095,2031,964,2046,2095,2031
978395,B,255,964,2046,2092,2031,964,2046,2092,2031
978495,B,255,963,2047,2091,2032,964,2046,2092,2032
978595,B,255,965,2047,2092,2031,965,2046,2092,2031
978695,B,255,963,2046,2091,2031,964,2046,2091,2031
978795,B,255,963,2046,2095,2031,964,2046,2093,2031
978895,B,255,964,2045,2093,2031,966,2046,2093,2031
978995,B,255,966,2046,2091,2032,966,2046,2091,2032
979095,B,255,962,2047,2095,2031,965,2047,2092,2031
979195,B,255,967,2045,2091,2032,966,2045,2091,2032
979295,B,255,965,2045,2093,2028,965,2045,2092,2029
979395,B,255,965,2045,2090,2029,964,2046,2090,2030
979495,B,255,965,2046,2091,2029,965,2046,2091,2030
979595,B,255,964,2045,2091,2030,964,2045,2091,2031
979695,B,255,965,2047,2090,2031,965,2045,2092,2031
979795,B,255,965,2046,2094,2031,965,2046,2093,2031
979895,B,255,964,2045,2090,2031,964,2045,2090,2031
979995,B,255,966,2047,2090,2031,966,2045,2092,2031
980095,B,255,965,2047,2091,2032,965,2047,2092,2032
980195,B,255,964,2046,2090,2029,964,2046,2090,2030
980295,B,255,963,2047,2091,2032,963,2047,2091,2032
980395,B,255,964,2045,2091,2031,964,2045,2092,2031
980495,B,255,964,2046,2093,2030,964,2046,2093,2030
980595,B,255,966,2047,2091,2031,966,2047,2091,2031
980695,B,255,963,2047,2094,2032,964,2047,2092,2031
980795,B,255,957,2045,2091,2029,964,2045,2091,2030
980895,B,255,962,2045,2090,2032,963,2045,2090,2031
980995,B,255,963,2047,2091,2031,964,2046,2091,2031
981095,B,255,965,2045,2093,2030,961,2044,2089,2029
981195,B,255,967,2046,2093,2032,965,2046,2091,2031
981295,B,255,967,2047,2095,2030,964,2047,2094,2030
981395,B,255,966,2046,2094,2031,965,2046,2094,2031
981495,B,255,965,2045,2092,2029,965,2045,2092,2030
981595,B,255,966,2054,2091,2032,964,2044,2090,2029
981695,B,255,965,2047,2086,2032,965,2047,2092,2032
981795,B,255,966,2047,2094,2031,965,2045,2094,2031
981895,B,255,964,2045,2093,2032,964,2045,2092,2031
981995,B,255,964,2046,2091,2032,964,2046,2091,2032
982095,B,255,966,2047,2092,2031,966,2047,2092,2030
982195,B,255,967,2045,2095,2031,965,2045,2091,2031
982295,B,255,967,2045,2089,2032,965,2045,2091,2031
982395,B,255,963,2045,2093,2029,963,2046,2093,2029
982495,B,255,955,2033,2080,2018,963,2045,2089,2030
982595,B,255,964,2046,2094,2030,964,2046,2093,2030
982695,B,255,964,2046,2092,2032,964,2046,2092,2032
982795,B,255,963,2047,2091,2032,964,2047,2093,2032
982895,B,255,963,2043,2095,2031,963,2044,2094,2031
982995,B,255,962,2045,2093,2032,964,2045,2092,2032
983095,B,255,966,2046,2091,2031,964,2046,2092,2031
983195,B,255,963,2046,2094,2031,964,2046,2092,2031
983295,B,255,965,2045,2092,2031,965,2046,2092,2031
983395,B,255,966,2044,2092,2031,966,2047,2092,2031
983495,B,255,964,2038,2091,2031,964,2044,2091,2031
983595,B,255,963,2046,2090,2031,964,2046,2091,2031
983695,B,255,966,2045,2091,2032,964,2045,2092,2032
983795,B,255,966,2046,2091,2032,966,2046,2094,2031
983895,B,255,967,2047,2093,2030,964,2047,2093,2030
983995,B,255,965,2046,2095,2032,965,2046,2093,2032
984095,B,255,965,2047,2093,2031,965,2047,2093,2031
984195,B,255,960,2047,2093,2029,964,2046,2093,2029
984295,B,255,964,2047,2093,2032,964,2047,2093,2032
984395,B,255,963,2044,2091,2032,963,2044,2091,2032
984495,B,255,963,2044,2092,2031,963,2045,2092,2031
984595,B,255,967,2045,2096,2032,965,2046,2094,2032
984695,B,255,967,2046,2092,2032,965,2046,2092,2032
984795,B,255,964,2045,2093,2032,964,2045,2093,2032
984895,B,255,962,2046,2091,2029,962,2046,2091,2031
984995,B,255,965,2047,2090,2030,965,2047,2092,2030
985095,B,255,955,2034,2079,2018,959,2040,2087,2024
985195,B,255,965,2045,2089,2031,965,2045,2090,2031
985295,B,255,963,2047,2093,2029,963,2047,2093,2030
985395,B,255,965,2047,2095,2032,965,2046,2091,2031
985495,B,255,966,2047,2093,2033,965,2047,2093,2033
985595,B,255,961,2046,2093,2032,961,2043,2091,2028
985695,B,255,964,2045,2096,2030,964,2045,2092,2030
985795,B,255,965,2043,2093,2032,965,2043,2093,2032
985895,B,255,953,2034,2081,2018,962,2043,2090,2027
985995,B,255,966,2046,2094,2031,966,2046,2092,2031
986095,B,255,960,2045,2091,2030,963,2045,2091,2030
986195,B,255,965,2054,2094,2029,965,2047,2092,2029
986295,B,255,962,2043,2090,2032,963,2046,2090,2032
986395,B,255,964,2047,2094,2031,964,2047,2092,2031
986495,B,255,950,2037,2079,2013,964,2044,2093,2029
986595,B,255,963,2045,2090,2032,965,2045,2091,2031
986695,B,255,963,2045,2090,2030,963,2045,2091,2030
986795,B,255,951,2031,2078,2015,962,2045,2091,2029
986895,B,255,964,2045,2092,2032,964,2045,2091,2031
986995,B,255,963,2046,2089,2032,963,2046,2091,2031
987095,B,255,951,2033,2080,2018,962,2043,2091,2028
987195,B,255,963,2046,2092,2031,963,2046,2092,2030
987295,B,255,965,2047,2093,2029,965,2047,2092,2029
987395,B,255,964,2044,2090,2031,964,2045,2090,2031
987495,B,255,964,2045,2089,2027,964,2045,2090,2030
987595,B,255,964,2039,2087,2029,964,2045,2092,2030
987695,B,255,964,2046,2093,2031,964,2046,2092,2031
987795,B,255,964,2046,2090,2030,965,2046,2091,2030
987895,B,255,965,2045,2094,2031,964,2045,2093,2031
987995,B,255,965,2044,2092,2030,965,2044,2092,2030
988095,B,255,965,2045,2092,2031,965,2045,2091,2031
988195,B,255,963,2045,2091,2028,965,2045,2091,2029
988295,B,255,963,2046,2092,2029,963,2046,2092,2029
988395,B,255,965,2044,2090,2031,965,2044,2090,2031
988495,B,255,961,2047,2095,2031,962,2044,2090,2030
988595,B,255,963,2043,2093,2032,963,2046,2093,2032
988695,B,255,962,2043,2094,2030,964,2044,2093,2030
988795,B,255,962,2044,2091,2030,962,2044,2091,2030
988895,B,255,963,2043,2090,2029,963,2044,2090,2031
988995,B,255,965,2045,2091,2031,965,2045,2091,2031
989095,B,255,966,2046,2093,2031,965,2046,2093,2030
989195,B,255,965,2046,2094,2030,965,2046,2092,2030
989295,B,255,961,2046,2090,2027,964,2046,2091,2029
989395,B,255,963,2046,2093,2030,965,2046,2093,2030
989495,B,255,965,2046,2093,2030,964,2045,2092,2030
989595,B,255,963,2047,2093,2032,963,2047,2093,2032
989695,B,255,965,2045,2091,2027,965,2045,2091,2030
989795,B,255,963,2044,2091,2032,964,2044,2091,2032
989895,B,255,966,2046,2089,2031,964,2046,2092,2031
989995,B,255,964,2042,2093,2029,964,2046,2092,2029
990095,B,255,964,2045,2091,2032,964,2045,2092,2031
990195,B,255,964,2047,2091,2029,962,2043,2089,2029
990295,B,255,965,2047,2094,2030,965,2046,2092,2030
990395,B,255,964,2045,2092,2032,964,2045,2092,2032
990495,B,255,951,2033,2081,2017,961,2044,2087,2028
990595,B,255,964,2045,2093,2032,960,2043,2086,2027
990695,B,255,965,2047,2093,2031,965,2047,2092,2031
990795,B,255,954,2031,2075,2017,964,2042,2090,2029
990895,B,255,963,2046,2094,2029,962,2040,2088,2027
990995,B,255,965,2045,2091,2028,965,2044,2091,2030
991095,B,255,951,2032,2080,2019,962,2042,2090,2028
991195,B,255,964,2045,2091,2029,964,2045,2091,2029
991295,B,255,965,2044,2094,2030,964,2044,2093,2030
991395,B,255,955,2032,2079,2017,963,2045,2091,2029
991495,B,255,963,2046,2091,2029,963,2045,2091,2029
991595,B,255,964,2045,2091,2031,964,2045,2091,2030
991695,B,255,965,2047,2090,2030,965,2047,2090,2030
991795,B,255,963,2043,2091,2031,965,2044,2091,2031
991895,B,255,963,2044,2090,2029,964,2044,2090,2029
991995,B,255,965,2042,2094,2029,965,2043,2091,2029
992095,B,255,965,2043,2091,2029,965,2044,2091,2029
992195,B,255,965,2045,2089,2031,965,2045,2090,2031
992295,B,255,962,2045,2092,2031,963,2045,2092,2031
992395,B,255,962,2045,2090,2031,963,2045,2092,2031
992495,B,255,965,2045,2091,2028,965,2045,2091,2030
992595,B,255,963,2046,2091,2032,963,2046,2091,2032
992695,B,255,967,2043,2091,2031,966,2044,2091,2031
992795,B,255,966,2046,2093,2032,965,2046,2093,2032
992895,B,255,964,2045,2089,2029,964,2045,2092,2030
992995,B,255,963,2046,2091,2032,963,2045,2091,2032
993095,B,255,962,2046,2091,2029,964,2046,2092,2029
993195,B,255,969,2047,2091,2029,963,2046,2091,2029
993295,B,255,965,2044,2092,2029,965,2044,2092,2029
993395,B,255,962,2044,2093,2031,964,2046,2092,2031
993495,B,255,963,2053,2093,2032,963,2046,2093,2031
993595,B,255,963,2046,2095,2032,963,2044,2092,2029
993695,B,255,965,2041,2091,2031,965,2045,2092,2031
993795,B,255,963,2047,2095,2031,963,2045,2094,2031
993895,B,255,964,2045,2091,2031,964,2045,2091,2031
993995,B,255,964,2045,2091,2029,964,2046,2092,2030
994095,B,255,963,2053,2094,2032,963,2046,2093,2032
994195,B,255,966,2046,2093,2031,964,2045,2090,2029
994295,B,255,966,2046,2093,2032,966,2046,2093,2032
994395,B,255,963,2046,2092,2031,963,2046,2092,2031
994495,B,255,967,2045,2093,2030,964,2045,2092,2030
994595,B,255,963,2046,2093,2032,963,2046,2093,2032
994695,B,255,963,2045,2093,2030,964,2046,2092,2030
994795,B,255,953,2034,2079,2019,963,2044,2090,2028
994895,B,255,965,2046,2090,2032,965,2046,2091,2032
994995,B,255,965,2047,2093,2031,965,2047,2092,2031
995095,B,255,963,2045,2095,2032,963,2045,2093,2029
995195,B,255,963,2047,2093,2030,963,2047,2092,2030
995295,B,255,963,2046,2093,2031,965,2047,2093,2031
995395,B,255,965,2046,2083,2018,965,2045,2091,2030
995495,B,255,972,2047,2094,2030,964,2047,2094,2031
995595,B,255,967,2046,2095,2030,964,2046,2093,2031
995695,B,255,964,2047,2092,2030,964,2047,2092,2030
995795,B,255,965,2047,2093,2030,965,2046,2093,2030
995895,B,255,965,2047,2091,2030,965,2047,2091,2030
995995,B,255,967,2047,2095,2031,966,2047,2093,2031
996095,B,255,964,2046,2093,2031,964,2046,2092,2031
996195,B,255,965,2045,2090,2027,965,2045,2091,2031
996295,B,255,965,2046,2094,2030,965,2046,2094,2030
996395,B,255,966,2046,2093,2032,966,2046,2093,2032
996495,B,255,965,2045,2092,2031,965,2045,2092,2031
996595,B,255,967,2046,2093,2031,966,2046,2092,2031
996695,B,255,966,2047,2094,2032,966,2046,2091,2030
996795,B,255,966,2046,2094,2030,965,2046,2094,2030
996895,B,255,965,2043,2091,2029,965,2044,2091,2029
996995,B,255,964,2046,2089,2031,964,2046,2090,2031
997095,B,255,965,2045,2090,2031,965,2045,2091,2031
997195,B,255,963,2045,2091,2029,964,2045,2091,2029
997295,B,255,964,2046,2093,2031,964,2046,2093,2031
997395,B,255,966,2045,2091,2031,966,2045,2091,2031
997495,B,255,963,2043,2089,2028,963,2044,2090,2030
997595,B,255,963,2047,2091,2032,963,2047,2091,2030
997695,B,255,965,2047,2094,2031,964,2046,2094,2031
997795,B,255,964,2047,2093,2029,964,2046,2093,2029
997895,B,255,962,2046,2091,2031,962,2044,2090,2031
997995,B,255,962,2046,2087,2030,964,2046,2090,2030
998095,B,255,966,2047,2091,2032,965,2047,2091,2032
998195,B,255,965,2045,2092,2029,965,2045,2091,2029
998295,B,255,966,2045,2093,2031,966,2045,2092,2031
998395,B,255,963,2045,2091,2029,963,2046,2091,2030
998495,B,255,967,2047,2092,2032,962,2044,2089,2028
998595,B,255,965,2045,2093,2030,965,2045,2093,2031
998695,B,255,966,2047,2093,2031,966,2047,2093,2031
998795,B,255,969,2045,2091,2032,963,2043,2091,2027
998895,B,255,965,2046,2090,2029,964,2046,2090,2030
998995,B,255,963,2046,2090,2029,963,2046,2090,2029
999095,B,255,966,2043,2092,2031,964,2044,2089,2029
999195,B,255,963,2043,2092,2031,963,2046,2092,2031
999295,B,255,963,2044,2091,2029,963,2044,2091,2030
999395,B,255,951,2032,2076,2017,963,2042,2090,2029
999495,B,255,963,2047,2093,2031,964,2047,2091,2031
999595,B,255,951,2032,2075,2014,963,2045,2090,2028
999695,B,255,963,2045,2087,2029,964,2045,2090,2029
999795,B,255,964,2046,2087,2032,964,2046,2089,2031
999895,B,255,952,2032,2078,2016,964,2044,2091,2029
999995,B,255,963,2043,2091,2030,964,2043,2091,2030
1000095,B,255,964,2045,2091,2030,964,2045,2091,2028
1000195,B,255,963,2045,2094,2029,963,2045,2092,2029
1000295,B,255,963,2047,2091,2030,963,2046,2091,2030
1000395,B,255,963,2047,2092,2030,964,2047,2092,2030
1000495,B,255,965,2045,2090,2030,965,2045,2092,2030
1000595,B,255,964,2045,2092,2032,963,2045,2092,2031
1000695,B,255,961,2043,2090,2028,963,2045,2090,2031
1000795,B,255,964,2047,2093,2032,964,2047,2093,2032
1000895,B,255,967,2043,2091,2031,964,2045,2091,2030
1000995,B,255,966,2045,2092,2030,966,2045,2092,2030
1001095,B,255,965,2044,2091,2030,965,2045,2091,2030
1001195,B,255,963,2045,2093,2031,964,2046,2093,2031
1001295,B,255,963,2044,2091,2029,963,2045,2091,2029
1001395,B,255,965,2045,2092,2030,965,2045,2092,2030
1001495,B,255,966,2046,2091,2030,965,2046,2091,2030
1001595,B,255,965,2045,2094,2031,965,2045,2094,2031
1001695,B,255,965,2045,2090,2029,965,2045,2092,2030
1001795,B,255,962,2045,2094,2031,964,2045,2094,2031
1001895,B,255,965,2045,2091,2032,964,2045,2091,2032
1001995,B,255,966,2047,2090,2027,964,2047,2090,2030
1002095,B,255,964,2045,2092,2032,964,2045,2092,2032
1002195,B,255,962,2045,2092,2028,962,2044,2091,2028
1002295,B,255,963,2042,2090,2032,964,2043,2091,2031
1002395,B,255,963,2047,2092,2029,963,2046,2092,2030
1002495,B,255,966,2047,2094,2029,962,2044,2091,2028
1002595,B,255,964,2046,2093,2029,964,2046,2093,2030
1002695,B,255,963,2045,2093,2031,963,2045,2092,2031
1002795,B,255,966,2045,2094,2031,965,2046,2091,2030
1002895,B,255,964,2045,2091,2032,964,2044,2091,2032
1002995,B,255,962,2047,2092,2031,964,2047,2092,2031
1003095,B,255,964,2047,2093,2031,964,2046,2091,2030
1003195,B,255,964,2046,2091,2030,965,2046,2091,2030
1003295,B,255,963,2046,2094,2029,963,2046,2093,2029
1003395,B,255,963,2043,2093,2030,963,2045,2090,2030
1003495,B,255,966,2046,2093,2030,966,2046,2092,2030
1003595,B,255,951,2032,2080,2019,963,2043,2091,2029
1003695,B,255,963,2043,2093,2031,964,2044,2093,2030
1003795,B,255,965,2045,2091,2030,965,2045,2093,2030
1003895,B,255,958,2032,2079,2015,962,2042,2090,2027
1003995,B,255,963,2045,2093,2031,963,2045,2093,2031
1004095,B,255,963,2047,2090,2029,963,2046,2091,2029
1004195,B,255,964,2046,2090,2029,964,2046,2090,2030
1004295,B,255,965,2043,2091,2030,965,2046,2091,2030
1004395,B,255,965,2046,2090,2032,965,2046,2092,2032
1004495,B,255,963,2044,2089,2031,963,2044,2091,2031
1004595,B,255,966,2046,2094,2031,965,2046,2094,2031
1004695,B,255,962,2045,2091,2031,963,2045,2091,2031
1004795,B,255,966,2045,2087,2031,965,2045,2091,2031
1004895,B,255,963,2047,2091,2030,963,2047,2091,2030
1004995,B,255,969,2045,2093,2031,966,2045,2093,2031
1005095,B,255,965,2045,2093,2031,964,2045,2093,2031
1005195,B,255,965,2047,2093,2032,965,2047,2092,2032
1005295,B,255,963,2046,2092,2031,964,2047,2094,2031
1005395,B,255,965,2046,2091,2031,965,2046,2090,2030
1005495,B,255,966,2052,2090,2029,966,2048,2092,2031
1005595,B,255,960,2045,2091,2028,963,2045,2091,2028
1005695,B,255,961,2043,2093,2029,962,2045,2091,2029
1005795,B,255,964,2045,2092,2032,964,2045,2092,2032
1005895,B,255,965,2047,2094,2031,963,2045,2093,2031
1005995,B,255,966,2047,2092,2030,964,2047,2092,2030
1006095,B,255,963,2046,2091,2029,964,2046,2091,2030
1006195,B,255,953,2032,2079,2015,959,2041,2087,2026
1006295,B,255,966,2047,2094,2029,966,2046,2093,2031
1006395,B,255,966,2043,2093,2031,966,2044,2091,2031
1006495,B,255,965,2047,2090,2030,964,2045,2091,2030
1006595,B,255,965,2044,2090,2031,965,2046,2091,2031
1006695,B,255,965,2045,2090,2031,965,2045,2091,2031
1006795,B,255,965,2046,2093,2031,964,2046,2092,2030
1006895,B,255,965,2045,2091,2029,965,2045,2092,2031
1006995,B,255,966,2047,2087,2031,966,2047,2091,2031
1007095,B,255,969,2055,2096,2032,961,2043,2091,2028
1007195,B,255,964,2045,2093,2031,965,2045,2093,2031
1007295,B,255,963,2045,2093,2031,965,2046,2093,2031
1007395,B,255,963,2047,2095,2030,964,2047,2092,2030
1007495,B,255,964,2046,2093,2031,964,2046,2092,2031
1007595,B,255,949,2034,2078,2017,962,2044,2090,2029
1007695,B,255,964,2044,2091,2031,965,2044,2091,2031
1007795,B,255,963,2045,2090,2031,964,2045,2093,2031
1007895,B,255,967,2047,2094,2032,964,2045,2092,2029
1007995,B,255,965,2047,2090,2030,965,2046,2091,2030
1008095,B,255,964,2046,2089,2029,964,2046,2092,2030
1008195,B,255,962,2043,2091,2020,964,2045,2091,2030
1008295,B,255,964,2046,2090,2031,964,2046,2090,2031
1008395,B,255,966,2045,2091,2032,966,2046,2091,2031
1008495,B,255,963,2046,2091,2031,964,2046,2091,2031
1008595,B,255,964,2046,2094,2032,964,2047,2093,2032
1008695,B,255,963,2047,2091,2032,965,2047,2091,2030
1008795,B,255,965,2047,2094,2030,965,2046,2093,2030
1008895,B,255,965,2047,2089,2030,965,2047,2092,2031
1008995,B,255,965,2044,2089,2029,964,2046,2090,2031
1009095,B,255,964,2046,2087,2028,964,2045,2091,2030
1009195,B,255,964,2045,2091,2030,964,2046,2091,2031
1009295,B,255,965,2047,2094,2030,965,2045,2092,2031
1009395,B,255,962,2045,2090,2031,964,2045,2091,2031
1009495,B,255,963,2046,2087,2031,964,2046,2092,2031
1009595,B,255,963,2043,2093,2031,963,2044,2092,2031
1009695,B,255,966,2043,2091,2031,966,2043,2092,2031
1009795,B,255,965,2046,2092,2031,965,2046,2093,2031
1009895,B,255,963,2046,2093,2029,963,2046,2093,2029
1009995,B,255,965,2047,2091,2029,965,2046,2091,2029
1010095,B,255,965,2046,2092,2029,965,2046,2092,2029
1010195,B,255,964,2043,2094,2032,964,2044,2093,2032
1010295,B,255,967,2046,2094,2027,965,2046,2093,2031
1010395,B,255,964,2045,2091,2032,964,2045,2091,2032
1010495,B,255,963,2045,2094,2031,963,2045,2093,2031
1010595,B,255,966,2043,2091,2030,966,2044,2092,2030
1010695,B,255,963,2044,2093,2031,964,2044,2093,2031
1010795,B,255,965,2047,2091,2030,965,2047,2092,2030
1010895,B,255,967,2046,2092,2030,964,2046,2092,2030
1010995,B,255,965,2045,2089,2032,965,2045,2091,2031
1011095,B,255,964,2047,2096,2030,961,2042,2089,2028
1011195,B,255,963,2047,2090,2031,965,2046,2092,2031
1011295,B,255,964,2043,2093,2031,964,2044,2093,2031
1011395,B,255,964,2047,2092,2031,964,2047,2091,2031
1011495,B,255,965,2043,2091,2029,965,2045,2091,2029
1011595,B,255,950,2031,2077,2018,962,2043,2090,2026
1011695,B,255,967,2046,2091,2031,965,2046,2091,2031
1011795,B,255,963,2045,2087,2027,964,2045,2092,2031
1011895,B,255,951,2033,2079,2019,964,2044,2089,2029
1011995,B,255,965,2045,2091,2031,965,2045,2092,2031
1012095,B,255,965,2046,2095,2030,965,2046,2094,2030
1012195,B,255,951,2034,2081,2017,963,2045,2089,2029
1012295,B,255,963,2047,2093,2030,963,2046,2093,2030
1012395,B,255,963,2047,2092,2032,963,2046,2091,2031
1012495,B,255,965,2046,2093,2030,965,2046,2091,2030
1012595,B,255,964,2045,2091,2030,964,2045,2091,2030
1012695,B,255,966,2046,2091,2031,966,2046,2091,2031
1012795,B,255,953,2032,2074,2015,964,2045,2092,2029
1012895,B,255,962,2045,2093,2030,964,2045,2093,2030
1012995,B,255,962,2046,2091,2028,963,2046,2091,2031
1013095,B,255,961,2044,2091,2029,964,2045,2091,2029
1013195,B,255,967,2046,2090,2032,965,2045,2090,2031
1013295,B,255,967,2043,2091,2032,964,2045,2091,2030
1013395,B,255,963,2042,2091,2030,963,2045,2091,2030
1013495,B,255,965,2043,2093,2031,965,2046,2092,2031
1013595,B,255,965,2045,2091,2032,964,2045,2091,2030
1013695,B,255,966,2045,2093,2029,966,2045,2093,2029
1013795,B,255,965,2046,2091,2031,965,2046,2094,2031
1013895,B,255,964,2045,2089,2031,963,2045,2090,2030
1013995,B,255,965,2045,2091,2030,965,2045,2091,2030
1014095,B,255,966,2047,2091,2030,965,2047,2091,2030
1014195,B,255,966,2045,2094,2029,962,2044,2090,2029
1014295,B,255,962,2046,2093,2032,963,2046,2093,2031
1014395,B,255,963,2047,2091,2032,964,2047,2091,2032
1014495,B,255,961,2045,2095,2032,959,2043,2089,2028
1014595,B,255,963,2046,2092,2031,963,2046,2092,2031
1014695,B,255,965,2044,2093,2026,964,2046,2093,2030
1014795,B,255,962,2047,2093,2032,963,2046,2092,2032
1014895,B,255,965,2046,2089,2030,963,2046,2090,2030
1014995,B,255,963,2045,2090,2030,964,2045,2092,2031
1015095,B,255,963,2044,2090,2030,963,2045,2090,2030
1015195,B,255,965,2053,2090,2027,965,2047,2090,2030
1015295,B,255,963,2047,2091,2032,965,2047,2091,2030
1015395,B,255,965,2046,2090,2031,965,2046,2092,2031
1015495,B,255,963,2053,2094,2032,963,2047,2092,2031
1015595,B,255,951,2032,2078,2017,962,2042,2089,2027
1015695,B,255,963,2046,2092,2030,963,2046,2091,2030
1015795,B,255,963,2046,2093,2030,963,2046,2093,2030
1015895,B,255,963,2053,2095,2032,963,2043,2090,2030
1015995,B,255,964,2045,2093,2031,964,2045,2092,2031
1016095,B,255,966,2047,2093,2030,966,2047,2092,2030
1016195,B,255,954,2034,2079,2018,961,2043,2089,2028
1016295,B,255,965,2045,2091,2031,965,2045,2091,2031
1016395,B,255,962,2047,2094,2032,964,2047,2091,2032
1016495,B,255,953,2032,2079,2017,962,2044,2091,2029
1016595,B,255,964,2047,2090,2031,964,2047,2092,2031
1016695,B,255,965,2047,2091,2032,964,2047,2091,2032
1016795,B,255,951,2032,2078,2019,963,2046,2092,2030
1016895,B,255,966,2047,2092,2027,966,2047,2093,2030
1016995,B,255,963,2045,2087,2031,964,2045,2090,2031
1017095,B,255,964,2043,2093,2031,964,2044,2093,2031
1017195,B,255,965,2046,2091,2031,965,2046,2091,2031
1017295,B,255,962,2046,2093,2031,965,2046,2093,2031
1017395,B,255,963,2045,2090,2030,965,2045,2090,2030
1017495,B,255,963,2045,2094,2032,963,2046,2093,2031
1017595,B,255,965,2046,2093,2031,965,2046,2092,2031
1017695,B,255,963,2046,2094,2032,964,2046,2093,2032
1017795,B,255,965,2046,2094,2032,964,2046,2094,2032
1017895,B,255,965,2045,2093,2030,965,2046,2093,2030
1017995,B,255,964,2047,2093,2031,964,2047,2092,2031
1018095,B,255,965,2045,2091,2032,965,2045,2091,2032
1018195,B,255,966,2047,2093,2032,966,2047,2093,2031
1018295,B,255,962,2047,2091,2032,962,2047,2092,2032
1018395,B,255,964,2047,2093,2031,964,2047,2093,2031
1018495,B,255,966,2045,2090,2032,964,2045,2091,2031
1018595,B,255,965,2045,2089,2030,965,2045,2091,2031
1018695,B,255,963,2047,2093,2031,963,2047,2092,2031
1018795,B,255,965,2043,2093,2031,962,2043,2090,2028
1018895,B,255,964,2047,2094,2030,964,2047,2093,2031
1018995,B,255,963,2047,2089,2031,964,2047,2092,2031
1019095,B,255,965,2047,2089,2032,965,2047,2090,2032
1019195,B,255,966,2046,2091,2031,964,2046,2091,2031
1019295,B,255,966,2046,2092,2030,966,2046,2092,2030
1019395,B,255,961,2047,2091,2032,964,2047,2092,2032
1019495,B,255,966,2046,2092,2031,966,2046,2092,2031
1019595,B,255,965,2045,2093,2032,963,2045,2090,2030
1019695,B,255,963,2046,2090,2031,964,2046,2090,2031
1019795,B,255,964,2047,2091,2031,964,2046,2092,2031
1019895,B,255,965,2047,2094,2031,962,2045,2092,2029
1019995,B,255,967,2047,2093,2031,967,2047,2092,2031
1020095,B,255,962,2045,2093,2032,964,2045,2092,2032
1020195,B,255,950,2035,2079,2018,961,2043,2090,2029
1020295,B,255,963,2045,2095,2032,961,2043,2090,2029
1020395,B,255,963,2047,2093,2031,964,2047,2092,2031
1020495,B,255,950,2034,2079,2016,961,2044,2091,2028
1020595,B,255,965,2045,2094,2031,965,2046,2092,2031
1020695,B,255,966,2047,2091,2030,965,2046,2091,2030
1020795,B,255,955,2035,2079,2016,964,2044,2090,2029
1020895,B,255,964,2047,2093,2032,964,2047,2093,2030
1020995,B,255,966,2045,2093,2031,965,2045,2091,2031
1021095,B,255,953,2032,2079,2016,964,2045,2091,2029
1021195,B,255,965,2045,2091,2030,965,2045,2091,2030
1021295,B,255,968,2045,2091,2030,965,2045,2092,2030
1021395,B,255,945,2034,2081,2020,961,2044,2089,2029
1021495,B,255,962,2046,2093,2029,962,2046,2090,2029
1021595,B,255,963,2047,2091,2030,963,2047,2091,2030
1021695,B,255,963,2047,2091,2032,964,2047,2091,2032
1021795,B,255,961,2045,2093,2031,962,2045,2093,2031
1021895,B,255,963,2045,2090,2031,964,2045,2090,2031
1021995,B,255,965,2045,2093,2032,965,2045,2091,2030
1022095,B,255,963,2045,2094,2031,963,2045,2092,2031
1022195,B,255,963,2047,2092,2027,963,2046,2092,2028
1022295,B,255,965,2046,2093,2031,965,2046,2093,2031
1022395,B,255,965,2046,2093,2031,965,2046,2092,2031
1022495,B,255,961,2045,2090,2030,962,2045,2090,2030
1022595,B,255,963,2046,2091,2032,964,2046,2091,2032
1022695,B,255,962,2045,2093,2032,964,2045,2093,2031
1022795,B,255,963,2046,2093,2028,965,2046,2093,2031
1022895,B,255,962,2046,2095,2031,963,2046,2092,2031
1022995,B,255,964,2047,2093,2029,964,2046,2093,2030
1023095,B,255,965,2045,2089,2030,965,2045,2090,2030
1023195,B,255,963,2043,2091,2032,964,2043,2091,2030
1023295,B,255,965,2046,2093,2031,965,2046,2093,2031
1023395,B,255,962,2047,2094,2031,963,2047,2092,2031
1023495,B,255,963,2046,2091,2030,964,2046,2091,2030
1023595,B,255,964,2047,2095,2032,963,2044,2087,2028
1023695,B,255,963,2047,2094,2029,964,2047,2091,2030
1023795,B,255,964,2045,2094,2031,964,2044,2094,2031
1023895,B,255,966,2046,2090,2032,964,2044,2090,2030
1023995,B,255,965,2045,2091,2032,965,2045,2092,2031
1024095,B,255,966,2044,2093,2030,966,2045,2093,2030
1024195,B,255,964,2043,2090,2029,964,2043,2090,2029
1024295,B,255,965,2044,2090,2028,965,2044,2093,2029
1024395,B,255,965,2046,2091,2031,964,2046,2091,2030
1024495,B,255,967,2047,2093,2032,963,2045,2090,2030
1024595,B,255,965,2043,2091,2032,964,2045,2091,2032
1024695,B,255,965,2046,2091,2029,965,2046,2091,2029
1024795,B,255,949,2031,2077,2019,963,2043,2090,2028
1024895,B,255,975,2047,2094,2031,966,2047,2092,2031
1024995,B,255,963,2045,2091,2031,963,2045,2091,2031
1025095,B,255,958,2032,2079,2015,960,2043,2090,2027
1025195,B,255,966,2047,2083,2030,966,2046,2091,2030
1025295,B,255,964,2045,2085,2031,964,2045,2092,2031
1025395,B,255,950,2032,2075,2018,964,2046,2090,2029
1025495,B,255,965,2046,2091,2027,961,2045,2089,2027
1025595,B,255,951,2032,2077,2017,963,2045,2090,2029
1025695,B,255,963,2046,2093,2031,959,2041,2086,2025
1025795,B,255,964,2045,2092,2032,964,2045,2091,2031
1025895,B,255,963,2047,2092,2030,963,2046,2092,2030
1025995,B,255,965,2045,2090,2029,965,2045,2090,2030
1026095,B,255,963,2046,2092,2030,965,2046,2092,2030
1026195,B,255,964,2047,2093,2032,964,2047,2093,2031
1026295,B,255,963,2045,2093,2032,964,2045,2092,2031
1026395,B,255,965,2047,2091,2030,964,2046,2091,2030
1026495,B,255,963,2046,2095,2029,963,2046,2094,2029
1026595,B,255,963,2043,2091,2030,963,2044,2091,2030
1026695,B,255,964,2044,2090,2031,964,2046,2092,2031
1026795,B,255,965,2046,2091,2031,964,2046,2091,2030
1026895,B,255,965,2047,2093,2031,964,2047,2093,2031
1026995,B,255,963,2046,2091,2030,963,2046,2091,2030
1027095,B,255,960,2047,2090,2030,962,2047,2091,2030
1027195,B,255,964,2047,2090,2032,964,2046,2091,2030
1027295,B,255,962,2046,2093,2031,964,2046,2093,2030
1027395,B,255,964,2043,2093,2031,963,2044,2093,2031
1027495,B,255,965,2045,2090,2032,964,2045,2090,2031
1027595,B,255,965,2045,2093,2032,964,2044,2091,2031
1027695,B,255,965,2047,2091,2031,965,2045,2092,2031
1027795,B,255,965,2044,2092,2031,965,2044,2092,2031
1027895,B,255,963,2046,2091,2031,964,2046,2091,2030
1027995,B,255,966,2047,2090,2031,965,2047,2091,2031
1028095,B,255,965,2047,2093,2031,965,2046,2092,2031
1028195,B,255,965,2046,2092,2031,965,2046,2092,2031
1028295,B,255,963,2046,2093,2029,963,2046,2092,2030
1028395,B,255,964,2046,2091,2029,964,2046,2091,2030
1028495,B,255,963,2046,2094,2032,963,2044,2091,2029
1028595,B,255,964,2042,2093,2030,964,2046,2093,2030
1028695,B,255,965,2045,2091,2031,965,2045,2091,2031
1028795,B,255,965,2047,2093,2032,963,2044,2091,2030
1028895,B,255,963,2047,2089,2032,963,2046,2090,2031
1028995,B,255,962,2045,2094,2029,962,2045,2093,2030
1029095,B,255,950,2032,2078,2017,961,2042,2087,2028
1029195,B,255,965,2045,2091,2030,964,2045,2091,2031
1029295,B,255,964,2045,2095,2031,964,2046,2093,2031
1029395,B,255,954,2033,2078,2017,964,2045,2091,2029
1029495,B,255,963,2043,2091,2029,964,2045,2091,2030
1029595,B,255,955,2032,2075,2018,963,2044,2089,2029
1029695,B,255,963,2043,2091,2030,963,2045,2091,2030
1029795,B,255,965,2053,2094,2029,963,2046,2092,2029
1029895,B,255,962,2042,2093,2032,963,2045,2092,2032
1029995,B,255,965,2046,2091,2030,965,2046,2090,2031
1030095,B,255,967,2047,2093,2031,966,2047,2091,2031
1030195,B,255,965,2045,2091,2030,964,2045,2091,2030
1030295,B,255,963,2047,2091,2032,963,2046,2093,2032
1030395,B,255,964,2046,2094,2031,964,2046,2091,2031
1030495,B,255,963,2045,2091,2030,965,2045,2093,2030
1030595,B,255,963,2046,2093,2031,964,2046,2092,2031
1030695,B,255,963,2047,2093,2032,964,2047,2092,2032
1030795,B,255,961,2045,2095,2030,961,2045,2092,2030
1030895,B,255,965,2045,2090,2031,965,2044,2092,2031
1030995,B,255,963,2043,2090,2031,963,2045,2090,2031
1031095,B,255,963,2046,2090,2030,964,2046,2090,2030
1031195,B,255,964,2047,2093,2027,963,2045,2092,2030
1031295,B,255,965,2045,2094,2030,965,2045,2093,2030
1031395,B,255,965,2046,2091,2030,965,2046,2091,2030
1031495,B,255,964,2047,2095,2031,964,2047,2091,2031
1031595,B,255,962,2046,2092,2031,963,2046,2092,2031
1031695,B,255,964,2046,2091,2031,966,2046,2091,2031
1031795,B,255,966,2045,2094,2030,964,2046,2094,2030
1031895,B,255,965,2041,2095,2029,965,2045,2092,2029
1031995,B,255,962,2045,2093,2031,962,2046,2093,2031
1032095,B,255,963,2045,2091,2029,963,2045,2091,2030
1032195,B,255,964,2046,2095,2031,964,2046,2091,2031
1032295,B,255,963,2047,2091,2030,964,2044,2091,2030
1032395,B,255,966,2045,2093,2032,966,2045,2093,2032
1032495,B,255,963,2047,2094,2030,962,2045,2090,2030
1032595,B,255,964,2045,2091,2029,964,2045,2091,2029
1032695,B,255,965,2046,2089,2031,965,2046,2092,2031
1032795,B,255,969,2047,2094,2030,963,2045,2091,2028
1032895,B,255,966,2046,2087,2032,964,2046,2090,2032
1032995,B,255,965,2045,2090,2030,965,2045,2090,2030
1033095,B,255,963,2046,2095,2031,964,2046,2090,2030
1033195,B,255,966,2046,2095,2032,964,2046,2093,2030
1033295,B,255,965,2046,2091,2031,965,2046,2093,2031
1033395,B,255,966,2053,2093,2030,965,2047,2093,2030
1033495,B,255,966,2047,2091,2031,965,2047,2091,2031
1033595,B,255,950,2032,2078,2018,964,2045,2091,2029
1033695,B,255,963,2047,2091,2031,963,2046,2092,2031
1033795,B,255,963,2046,2091,2030,963,2046,2092,2031
1033895,B,255,967,2047,2092,2031,966,2047,2091,2031
1033995,B,255,963,2046,2090,2029,963,2046,2090,2030
1034095,B,255,963,2044,2091,2031,963,2044,2092,2031
1034195,B,255,956,2034,2080,2023,963,2044,2090,2029
1034295,B,255,966,2045,2091,2031,964,2045,2091,2031
1034395,B,255,965,2045,2090,2030,964,2045,2090,2030
1034495,B,255,966,2047,2089,2031,965,2047,2092,2031
1034595,B,255,966,2046,2089,2031,966,2046,2089,2031
1034695,B,255,966,2045,2090,2028,965,2046,2091,2031
1034795,B,255,963,2045,2091,2031,963,2045,2092,2031
1034895,B,255,965,2054,2094,2029,965,2047,2093,2029
1034995,B,255,965,2043,2093,2030,966,2045,2092,2030
1035095,B,255,965,2046,2093,2029,965,2046,2093,2029
1035195,B,255,962,2045,2093,2029,962,2045,2093,2030
1035295,B,255,963,2046,2093,2032,963,2046,2093,2032
1035395,B,255,963,2045,2090,2029,963,2046,2091,2029
1035495,B,255,965,2046,2090,2031,965,2046,2091,2031
1035595,B,255,954,2034,2079,2017,956,2039,2086,2023
1035695,B,255,963,2045,2095,2031,959,2041,2087,2024
1035795,B,255,965,2045,2093,2031,965,2045,2093,2031
1035895,B,255,966,2047,2091,2029,965,2046,2091,2029
1035995,B,255,963,2047,2090,2031,964,2047,2090,2031
1036095,B,255,965,2046,2093,2032,965,2046,2091,2032
1036195,B,255,963,2047,2091,2028,963,2043,2089,2028
1036295,B,255,961,2044,2093,2032,964,2046,2093,2032
1036395,B,255,963,2046,2094,2031,964,2046,2092,2031
1036495,B,255,954,2033,2079,2017,959,2042,2088,2027
1036595,B,255,965,2046,2091,2028,965,2046,2091,2029
1036695,B,255,965,2047,2095,2031,965,2047,2092,2031
1036795,B,255,966,2046,2094,2030,966,2046,2092,2030
1036895,B,255,965,2046,2094,2031,965,2046,2093,2031
1036995,B,255,964,2047,2089,2031,965,2047,2093,2031
1037095,B,255,965,2054,2093,2030,964,2046,2092,2030
1037195,B,255,966,2044,2090,2028,965,2046,2091,2029
1037295,B,255,966,2046,2093,2032,966,2046,2092,2032
1037395,B,255,964,2047,2091,2031,963,2046,2091,2031
1037495,B,255,965,2046,2093,2030,965,2046,2093,2030
1037595,B,255,954,2032,2079,2019,962,2044,2087,2028
1037695,B,255,966,2047,2091,2032,966,2046,2092,2032
1037795,B,255,963,2045,2091,2030,963,2045,2091,2030
1037895,B,255,953,2033,2077,2018,963,2045,2091,2030
1037995,B,255,965,2043,2087,2031,965,2044,2091,2031
1038095,B,255,963,2047,2091,2030,963,2046,2092,2030
1038195,B,255,955,2033,2079,2015,964,2044,2089,2027
1038295,B,255,965,2042,2091,2031,965,2045,2091,2030
1038395,B,255,961,2045,2092,2030,964,2045,2092,2030
1038495,B,255,963,2046,2087,2030,963,2046,2092,2030
1038595,B,255,965,2047,2091,2031,965,2047,2091,2031
1038695,B,255,965,2047,2093,2030,965,2047,2092,2031
1038795,B,255,965,2047,2093,2031,965,2047,2092,2031
1038895,B,255,966,2044,2091,2031,965,2046,2091,2031
1038995,B,255,965,2047,2090,2031,965,2046,2090,2031
1039095,B,255,965,2053,2091,2032,965,2047,2091,2032
1039195,B,255,965,2047,2091,2031,964,2047,2092,2030
1039295,B,255,965,2045,2094,2030,965,2045,2093,2030
1039395,B,255,964,2044,2091,2030,964,2046,2091,2030
1039495,B,255,964,2047,2094,2030,964,2047,2093,2031
1039595,B,255,965,2046,2088,2031,964,2046,2091,2030
1039695,B,255,965,2046,2087,2031,965,2046,2091,2031
1039795,B,255,965,2045,2091,2031,965,2045,2091,2031
1039895,B,255,965,2045,2091,2031,965,2045,2091,2031
1039995,B,255,965,2045,2090,2032,965,2045,2090,2032
1040095,B,255,965,2046,2091,2029,965,2046,2091,2030
1040195,B,255,967,2047,2094,2031,965,2047,2093,2031
1040295,B,255,966,2047,2093,2032,966,2046,2092,2032
1040395,B,255,966,2053,2093,2032,964,2046,2092,2031
1040495,B,255,963,2046,2095,2031,961,2042,2089,2026
1040595,B,255,965,2046,2091,2030,965,2046,2092,2030
1040695,B,255,963,2044,2094,2031,963,2045,2094,2031
1040795,B,255,961,2046,2093,2031,963,2046,2093,2031
1040895,B,255,966,2047,2094,2030,966,2046,2092,2030
1040995,B,255,965,2047,2090,2032,965,2046,2091,2032
1041095,B,255,963,2046,2093,2032,964,2046,2093,2032
1041195,B,255,965,2047,2093,2031,964,2047,2093,2031
1041295,B,255,965,2045,2095,2031,965,2045,2092,2031
1041395,B,255,963,2047,2091,2030,963,2047,2093,2030
1041495,B,255,965,2046,2093,2030,965,2046,2092,2030
1041595,B,255,950,2032,2079,2015,963,2043,2090,2028
1041695,B,255,965,2046,2092,2031,965,2046,2092,2031
1041795,B,255,967,2047,2090,2031,966,2047,2090,2031
1041895,B,255,965,2047,2093,2030,963,2045,2090,2030
1041995,B,255,963,2046,2090,2032,964,2046,2091,2032
1042095,B,255,963,2045,2088,2029,965,2045,2090,2029
1042195,B,255,953,2032,2081,2017,960,2043,2089,2029
1042295,B,255,964,2046,2094,2029,964,2046,2092,2031
1042395,B,255,962,2044,2093,2030,965,2046,2092,2030
1042495,B,255,954,2032,2078,2017,963,2045,2091,2029
1042595,B,255,963,2046,2093,2031,963,2046,2092,2031
1042695,B,255,963,2047,2094,2031,963,2047,2094,2031
1042795,B,255,966,2046,2096,2030,966,2046,2095,2030
1042895,B,255,963,2046,2091,2031,964,2046,2091,2031
1042995,B,255,963,2047,2091,2031,963,2046,2091,2031
1043095,B,255,961,2046,2093,2031,964,2046,2093,2031
1043195,B,255,963,2045,2091,2031,963,2046,2091,2031
1043295,B,255,964,2045,2095,2030,964,2045,2093,2030
1043395,B,255,963,2043,2091,2030,963,2045,2091,2030
1043495,B,255,965,2046,2089,2030,965,2046,2093,2030
1043595,B,255,967,2045,2090,2029,965,2046,2091,2030
1043695,B,255,965,2046,2093,2031,965,2046,2093,2031
1043795,B,255,966,2047,2094,2030,966,2047,2093,2030
1043895,B,255,965,2045,2091,2031,964,2045,2091,2031
1043995,B,255,965,2046,2094,2031,965,2046,2093,2031
1044095,B,255,965,2045,2093,2031,965,2045,2093,2031
1044195,B,255,964,2045,2090,2027,964,2045,2091,2029
1044295,B,255,965,2047,2093,2030,965,2046,2093,2030
1044395,B,255,965,2047,2091,2031,965,2047,2092,2031
1044495,B,255,965,2045,2094,2032,964,2045,2092,2031
1044595,B,255,966,2046,2091,2030,964,2046,2093,2030
1044695,B,255,966,2043,2089,2029,966,2043,2091,2030
1044795,B,255,962,2045,2091,2031,964,2045,2091,2030
1044895,B,255,959,2043,2091,2031,963,2045,2091,2031
1044995,B,255,965,2046,2091,2032,965,2046,2093,2032
1045095,B,255,967,2047,2095,2030,963,2044,2091,2028
1045195,B,255,963,2047,2091,2025,965,2046,2091,2029
1045295,B,255,965,2046,2093,2031,964,2046,2092,2031
1045395,B,255,965,2046,2091,2031,965,2046,2092,2031
1045495,B,255,966,2047,2091,2032,966,2047,2091,2031
1045595,B,255,966,2047,2094,2031,964,2044,2089,2028
1045695,B,255,963,2046,2089,2029,963,2046,2091,2029
1045795,B,255,965,2046,2091,2031,965,2046,2091,2031
1045895,B,255,955,2034,2077,2013,961,2043,2090,2027
1045995,B,255,962,2043,2093,2030,964,2045,2093,2030
1046095,B,255,966,2047,2093,2032,964,2046,2093,2032
1046195,B,255,951,2032,2081,2016,963,2044,2088,2029
1046295,B,255,967,2045,2091,2031,966,2046,2091,2031
1046395,B,255,962,2047,2093,2031,964,2047,2093,2031
1046495,B,255,951,2032,2079,2015,965,2045,2093,2029
1046595,B,255,963,2047,2093,2030,963,2047,2092,2031
1046695,B,255,965,2047,2091,2027,964,2047,2091,2031
1046795,B,255,963,2045,2090,2029,964,2045,2090,2030
1046895,B,255,963,2047,2095,2032,963,2047,2092,2032
1046995,B,255,962,2044,2094,2032,963,2045,2094,2032
1047095,B,255,965,2045,2094,2030,965,2046,2094,2030
1047195,B,255,967,2047,2095,2032,964,2045,2094,2031
1047295,B,255,966,2047,2093,2031,966,2046,2092,2031
1047395,B,255,963,2046,2093,2031,963,2046,2093,2031
1047495,B,255,965,2047,2093,2031,965,2047,2093,2031
1047595,B,255,965,2047,2094,2032,965,2047,2094,2032
1047695,B,255,963,2047,2092,2032,964,2047,2092,2032
1047795,B,255,965,2046,2092,2030,965,2046,2092,2030
1047895,B,255,965,2047,2095,2030,964,2047,2092,2030
1047995,B,255,965,2046,2091,2029,965,2046,2092,2031
1048095,B,255,966,2047,2089,2032,966,2047,2092,2031
1048195,B,255,965,2047,2096,2031,965,2047,2093,2031
1048295,B,255,965,2047,2096,2031,965,2047,2094,2031
1048395,B,255,965,2046,2091,2031,965,2046,2092,2031
1048495,B,255,963,2047,2091,2029,963,2047,2094,2029
1048595,B,255,966,2046,2093,2032,966,2046,2093,2032
1048695,B,255,967,2046,2089,2030,967,2046,2093,2030
1048795,B,255,965,2047,2091,2031,964,2047,2091,2031
1048895,B,255,966,2045,2092,2032,966,2045,2092,2031
1048995,B,255,965,2053,2093,2032,965,2046,2093,2032
1049095,B,255,966,2044,2093,2031,964,2045,2091,2031
1049195,B,255,967,2047,2089,2031,967,2046,2091,2031
1049295,B,255,963,2046,2092,2032,964,2046,2092,2032
1049395,B,255,964,2054,2093,2031,965,2046,2093,2031
1049495,B,255,964,2047,2093,2030,964,2047,2093,2031
1049595,B,255,963,2047,2094,2032,963,2045,2091,2031
1049695,B,255,963,2045,2093,2031,964,2045,2092,2031
1049795,B,255,966,2045,2094,2031,966,2046,2092,2031
1049895,B,255,965,2047,2091,2032,964,2044,2091,2029
1049995,B,255,965,2047,2093,2031,965,2047,2093,2031
1050095,B,255,967,2045,2091,2030,967,2046,2092,2030
1050195,B,255,964,2046,2094,2031,964,2045,2089,2029
1050295,B,255,966,2045,2093,2029,965,2045,2093,2031
1050395,B,255,966,2045,2089,2031,966,2045,2092,2031
1050495,B,255,953,2033,2078,2019,962,2044,2089,2030
1050595,B,255,965,2047,2091,2031,965,2047,2092,2030
1050695,B,255,966,2046,2091,2031,966,2046,2091,2031
1050795,B,255,949,2032,2077,2015,963,2043,2090,2029
1050895,B,255,963,2045,2094,2032,963,2046,2093,2032
1050995,B,255,967,2045,2093,2031,965,2045,2092,2031
1051095,B,255,962,2047,2091,2032,965,2046,2092,2032
1051195,B,255,963,2046,2091,2033,964,2046,2091,2032
1051295,B,255,965,2046,2094,2031,965,2046,2093,2031
1051395,B,255,963,2047,2091,2031,963,2047,2091,2031
1051495,B,255,963,2047,2096,2032,964,2047,2094,2032
1051595,B,255,963,2046,2091,2029,964,2046,2092,2029
1051695,B,255,965,2045,2092,2031,965,2045,2092,2031
1051795,B,255,965,2047,2091,2031,965,2047,2091,2031
1051895,B,255,962,2044,2095,2029,963,2046,2094,2029
1051995,B,255,966,2047,2093,2031,966,2047,2093,2031
1052095,B,255,965,2047,2089,2031,965,2046,2092,2031
1052195,B,255,964,2047,2093,2032,964,2047,2093,2032
1052295,B,255,966,2045,2094,2031,966,2045,2093,2031
1052395,B,255,966,2045,2089,2030,965,2046,2091,2031
1052495,B,255,966,2046,2090,2030,965,2046,2090,2030
1052595,B,255,963,2046,2090,2029,963,2046,2091,2030
1052695,B,255,966,2047,2094,2032,965,2047,2093,2030
1052795,B,255,963,2047,2095,2031,963,2046,2091,2030
1052895,B,255,964,2046,2087,2030,964,2046,2091,2031
1052995,B,255,963,2047,2092,2029,963,2047,2092,2029
1053095,B,255,963,2046,2093,2032,961,2043,2088,2027
1053195,B,255,963,2046,2095,2032,963,2046,2093,2032
1053295,B,255,966,2045,2095,2030,966,2045,2092,2031
1053395,B,255,965,2045,2094,2031,965,2045,2094,2031
1053495,B,255,963,2045,2093,2029,964,2045,2093,2029
1053595,B,255,969,2053,2096,2032,960,2043,2090,2027
1053695,B,255,965,2045,2091,2031,965,2045,2091,2031
1053795,B,255,965,2045,2094,2031,964,2045,2094,2031
1053895,B,255,969,2054,2095,2032,963,2044,2089,2030
1053995,B,255,966,2047,2091,2032,966,2047,2093,2031
1054095,B,255,963,2045,2089,2029,964,2046,2090,2031
1054195,B,255,954,2033,2079,2017,963,2043,2089,2027
1054295,B,255,964,2047,2091,2032,964,2047,2092,2032
1054395,B,255,964,2047,2092,2032,964,2047,2093,2032
1054495,B,255,967,2054,2094,2032,964,2046,2091,2030
1054595,B,255,964,2043,2090,2031,964,2045,2091,2031
1054695,B,255,963,2046,2089,2030,965,2046,2092,2030
1054795,B,255,959,2034,2081,2018,964,2045,2091,2029
1054895,B,255,964,2047,2093,2030,964,2046,2092,2030
1054995,B,255,963,2046,2091,2031,963,2046,2093,2031
1055095,B,255,954,2034,2080,2021,964,2046,2090,2029
1055195,B,255,966,2045,2094,2031,966,2046,2093,2031
1055295,B,255,966,2047,2095,2031,965,2047,2094,2031
1055395,B,255,952,2032,2077,2015,964,2045,2091,2029
1055495,B,255,966,2046,2093,2029,965,2046,2092,2031
1055595,B,255,964,2046,2093,2030,964,2046,2093,2030
1055695,B,255,965,2047,2093,2029,965,2046,2093,2029
1055795,B,255,965,2044,2093,2029,965,2045,2093,2031
1055895,B,255,966,2046,2093,2031,966,2046,2092,2031
1055995,B,255,963,2046,2091,2031,963,2046,2091,2030
1056095,B,255,962,2047,2093,2032,963,2047,2093,2032
1056195,B,255,966,2047,2093,2030,966,2047,2093,2030
1056295,B,255,965,2046,2092,2030,963,2044,2091,2027
1056395,B,255,966,2047,2093,2032,966,2047,2091,2032
1056495,B,255,964,2047,2091,2031,965,2047,2091,2031
1056595,B,255,965,2047,2087,2032,965,2047,2092,2031
1056695,B,255,965,2046,2093,2031,965,2046,2093,2031
1056795,B,255,963,2047,2090,2031,963,2046,2093,2031
1056895,B,255,955,2033,2083,2017,957,2039,2086,2023
1056995,B,255,969,2047,2094,2032,967,2046,2092,2031
1057095,B,255,963,2046,2090,2032,965,2046,2093,2032
1057195,B,255,965,2046,2091,2030,964,2046,2091,2030
1057295,B,255,966,2046,2093,2030,964,2046,2093,2030
1057395,B,255,963,2046,2091,2032,963,2046,2091,2030
1057495,B,255,966,2045,2091,2031,966,2045,2091,2031
1057595,B,255,966,2053,2092,2029,962,2046,2092,2028
1057695,B,255,965,2047,2095,2031,964,2046,2092,2031
1057795,B,255,964,2043,2091,2032,964,2044,2091,2032
1057895,B,255,951,2032,2079,2020,961,2041,2087,2026
1057995,B,255,964,2045,2091,2031,963,2045,2090,2029
1058095,B,255,966,2045,2091,2031,966,2045,2091,2031
1058195,B,255,965,2045,2090,2030,965,2045,2090,2030
1058295,B,255,967,2047,2095,2031,964,2046,2095,2031
1058395,B,255,966,2047,2090,2032,966,2047,2091,2032
1058495,B,255,953,2034,2080,2017,963,2043,2089,2028
1058595,B,255,963,2045,2090,2031,964,2046,2091,2031
1058695,B,255,966,2046,2091,2029,965,2046,2092,2031
1058795,B,255,954,2033,2077,2019,964,2044,2089,2029
1058895,B,255,966,2045,2093,2032,966,2045,2093,2031
1058995,B,255,966,2046,2091,2030,966,2046,2091,2030
1059095,B,255,949,2032,2077,2018,963,2044,2090,2030
1059195,B,255,965,2046,2093,2023,965,2046,2091,2031
1059295,B,255,966,2046,2091,2029,966,2046,2091,2029
1059395,B,255,963,2045,2092,2029,964,2045,2092,2029
1059495,B,255,965,2047,2090,2029,965,2047,2091,2029
1059595,B,255,964,2045,2092,2031,964,2045,2092,2031
1059695,B,255,965,2046,2090,2030,965,2046,2090,2030
1059795,B,255,964,2046,2091,2030,964,2046,2091,2030
1059895,B,255,965,2046,2092,2029,965,2046,2091,2029
1059995,B,255,963,2047,2086,2032,964,2047,2090,2032
1060095,B,255,964,2045,2091,2031,965,2046,2091,2031
1060195,B,255,965,2047,2093,2029,965,2047,2092,2029
1060295,B,255,965,2046,2093,2032,965,2046,2093,2032
1060395,B,255,965,2047,2090,2032,965,2046,2090,2031
1060495,B,255,966,2047,2093,2029,966,2045,2093,2029
1060595,B,255,962,2047,2091,2031,962,2046,2091,2031
1060695,B,255,963,2044,2093,2032,964,2046,2092,2031
1060795,B,255,962,2047,2093,2032,964,2047,2092,2032
1060895,B,255,967,2043,2091,2030,964,2044,2091,2030
1060995,B,255,963,2047,2093,2032,964,2047,2093,2032
1061095,B,255,965,2047,2091,2030,964,2047,2091,2030
1061195,B,255,965,2046,2086,2030,965,2046,2093,2030
1061295,B,255,963,2047,2091,2030,965,2047,2091,2031
1061395,B,255,966,2047,2093,2031,966,2047,2092,2031
1061495,B,255,964,2046,2094,2031,965,2046,2093,2031
1061595,B,255,963,2046,2094,2031,963,2046,2092,2031
1061695,B,255,971,2044,2094,2031,967,2045,2092,2031
1061795,B,255,965,2046,2091,2031,965,2046,2091,2031
1061895,B,255,963,2045,2089,2032,964,2045,2089,2031
1061995,B,255,962,2046,2094,2030,964,2046,2092,2031
1062095,B,255,965,2053,2091,2031,964,2046,2091,2031
1062195,B,255,966,2046,2092,2027,963,2045,2091,2029
1062295,B,255,963,2047,2093,2031,963,2047,2092,2031
1062395,B,255,965,2047,2087,2031,965,2046,2091,2031
1062495,B,255,950,2032,2081,2020,961,2042,2088,2028
1062595,B,255,965,2045,2090,2032,964,2045,2092,2032
1062695,B,255,960,2045,2095,2032,964,2045,2093,2031
1062795,B,255,954,2035,2079,2016,959,2044,2090,2027
1062895,B,255,964,2043,2090,2029,964,2044,2090,2029
1062995,B,255,963,2051,2091,2030,963,2047,2091,2030
1063095,B,255,954,2032,2077,2018,963,2043,2090,2029
1063195,B,255,964,2047,2091,2031,964,2047,2091,2031
1063295,B,255,963,2045,2094,2031,964,2045,2092,2031
1063395,B,255,953,2033,2080,2018,964,2046,2092,2030
1063495,B,255,962,2046,2090,2030,963,2046,2090,2030
1063595,B,255,949,2032,2079,2019,962,2043,2089,2029
1063695,B,255,964,2043,2094,2031,964,2046,2091,2030
1063795,B,255,963,2043,2091,2029,963,2044,2091,2030
1063895,B,255,953,2032,2080,2017,966,2046,2092,2030
1063995,B,255,964,2042,2090,2031,964,2046,2090,2031
1064095,B,255,965,2045,2095,2031,965,2045,2091,2031
1064195,B,255,965,2046,2093,2031,965,2046,2090,2031
1064295,B,255,965,2045,2093,2030,965,2045,2092,2030
1064395,B,255,963,2046,2091,2027,963,2046,2092,2030
1064495,B,255,966,2047,2093,2031,966,2047,2093,2031
1064595,B,255,964,2045,2091,2032,964,2045,2091,2032
1064695,B,255,963,2046,2090,2027,963,2046,2090,2030
1064795,B,255,965,2047,2093,2031,965,2047,2093,2030
1064895,B,255,965,2043,2094,2031,965,2044,2092,2031
1064995,B,255,965,2045,2091,2031,965,2046,2091,2030
1065095,B,255,963,2045,2090,2031,964,2045,2091,2031
1065195,B,255,965,2047,2093,2032,965,2045,2091,2031
1065295,B,255,965,2047,2094,2031,965,2047,2093,2031
1065395,B,255,963,2043,2093,2031,963,2045,2092,2031
1065495,B,255,963,2045,2092,2031,963,2045,2092,2031
1065595,B,255,965,2041,2093,2031,963,2043,2088,2030
1065695,B,255,962,2046,2094,2029,964,2046,2091,2030
1065795,B,255,964,2047,2093,2030,964,2047,2092,2030
1065895,B,255,962,2045,2090,2031,962,2045,2089,2028
1065995,B,255,963,2047,2090,2031,963,2047,2090,2031
1066095,B,255,963,2045,2091,2029,963,2045,2091,2029
1066195,B,255,965,2045,2094,2027,965,2045,2092,2028
1066295,B,255,963,2045,2090,2030,963,2045,2090,2030
1066395,B,255,965,2045,2090,2029,965,2045,2091,2030
1066495,B,255,968,2047,2095,2032,962,2043,2090,2029
1066595,B,255,966,2047,2089,2031,965,2047,2092,2031
1066695,B,255,962,2044,2091,2031,963,2044,2092,2031
1066795,B,255,967,2045,2092,2031,965,2045,2092,2031
1066895,B,255,967,2045,2091,2030,963,2045,2092,2030
1066995,B,255,963,2044,2089,2030,964,2045,2090,2030
1067095,B,255,958,2033,2080,2017,963,2044,2089,2028
1067195,B,255,965,2046,2090,2032,965,2046,2090,2030
1067295,B,255,963,2046,2091,2029,963,2046,2091,2029
1067395,B,255,962,2045,2090,2029,963,2045,2090,2029
1067495,B,255,965,2046,2091,2032,965,2046,2091,2031
1067595,B,255,965,2047,2090,2030,964,2046,2090,2030
1067695,B,255,963,2045,2091,2032,963,2045,2091,2031
1067795,B,255,963,2046,2093,2030,964,2045,2093,2030
1067895,B,255,958,2032,2078,2021,964,2044,2091,2030
1067995,B,255,966,2046,2094,2029,965,2046,2092,2030
1068095,B,255,961,2046,2092,2031,965,2046,2092,2031
1068195,B,255,963,2046,2091,2029,964,2046,2091,2030
1068295,B,255,964,2045,2093,2031,964,2045,2093,2031
1068395,B,255,965,2045,2089,2030,965,2045,2090,2030
1068495,B,255,965,2045,2090,2031,965,2045,2090,2031
1068595,B,255,963,2046,2091,2030,963,2046,2091,2030
1068695,B,255,963,2045,2094,2028,963,2045,2092,2029
1068795,B,255,965,2045,2093,2030,965,2046,2093,2030
1068895,B,255,965,2046,2086,2029,965,2046,2090,2029
1068995,B,255,963,2046,2087,2030,963,2046,2090,2031
1069095,B,255,966,2046,2090,2029,964,2046,2090,2029
1069195,B,255,965,2047,2091,2032,965,2047,2092,2031
1069295,B,255,966,2046,2093,2032,965,2046,2093,2032
1069395,B,255,963,2047,2089,2031,963,2046,2091,2030
1069495,B,255,963,2045,2091,2029,964,2045,2090,2029
1069595,B,255,963,2047,2094,2029,963,2045,2091,2029
1069695,B,255,963,2045,2091,2030,963,2045,2091,2030
1069795,B,255,963,2045,2089,2030,965,2046,2090,2030
1069895,B,255,959,2045,2089,2030,963,2045,2090,2030
1069995,B,255,965,2046,2090,2029,963,2046,2090,2029
1070095,B,255,965,2044,2092,2032,963,2044,2091,2032
1070195,B,255,964,2047,2095,2029,964,2046,2092,2029
1070295,B,255,963,2045,2091,2031,964,2045,2091,2031
1070395,B,255,961,2041,2089,2030,962,2043,2091,2030
1070495,B,255,961,2047,2095,2030,961,2044,2090,2030
1070595,B,255,965,2043,2087,2030,965,2043,2090,2030
1070695,B,255,963,2047,2091,2031,963,2046,2091,2031
1070795,B,255,965,2045,2093,2032,961,2045,2091,2030
1070895,B,255,960,2045,2093,2029,963,2045,2089,2029
1070995,B,255,964,2047,2091,2031,964,2046,2091,2031
1071095,B,255,967,2046,2091,2029,962,2043,2090,2028
1071195,B,255,963,2047,2094,2030,963,2046,2092,2029
1071295,B,255,963,2045,2089,2031,963,2045,2090,2031
1071395,B,255,964,2046,2091,2031,964,2045,2091,2031
1071495,B,255,965,2047,2090,2032,964,2046,2090,2032
1071595,B,255,951,2035,2080,2016,962,2042,2088,2027
1071695,B,255,966,2046,2089,2032,965,2046,2091,2032
1071795,B,255,963,2043,2093,2029,963,2043,2093,2029
1071895,B,255,951,2032,2077,2014,965,2044,2091,2028
1071995,B,255,963,2043,2092,2031,963,2044,2091,2030
1072095,B,255,966,2046,2093,2031,966,2046,2091,2031
1072195,B,255,954,2033,2079,2019,964,2046,2089,2029
1072295,B,255,963,2047,2091,2030,963,2045,2088,2028
1072395,B,255,965,2047,2094,2027,963,2046,2092,2030
1072495,B,255,951,2032,2079,2015,964,2046,2091,2029
1072595,B,255,965,2045,2095,2028,965,2045,2091,2029
1072695,B,255,965,2046,2093,2029,965,2046,2092,2030
1072795,B,255,963,2046,2091,2030,963,2046,2091,2030
1072895,B,255,963,2045,2091,2031,963,2045,2091,2030
1072995,B,255,965,2047,2091,2031,964,2046,2090,2030
1073095,B,255,963,2045,2091,2029,963,2045,2090,2029
1073195,B,255,965,2043,2095,2031,963,2045,2091,2031
1073295,B,255,965,2045,2092,2032,964,2045,2092,2032
1073395,B,255,965,2045,2094,2030,965,2045,2093,2031
1073495,B,255,965,2047,2090,2031,965,2046,2090,2031
1073595,B,255,965,2045,2090,2031,965,2045,2090,2031
1073695,B,255,962,2045,2090,2031,963,2045,2090,2031
1073795,B,255,963,2045,2091,2030,964,2045,2091,2031
1073895,B,255,964,2047,2095,2030,961,2044,2088,2029
1073995,B,255,963,2045,2091,2029,963,2045,2091,2030
1074095,B,255,963,2045,2090,2030,963,2045,2090,2031
1074195,B,255,962,2047,2091,2031,964,2045,2091,2031
1074295,B,255,963,2044,2093,2029,964,2045,2093,2030
1074395,B,255,963,2043,2094,2031,963,2044,2093,2031
1074495,B,255,964,2047,2093,2031,964,2045,2091,2030
1074595,B,255,963,2046,2095,2030,965,2046,2092,2030
1074695,B,255,963,2046,2093,2031,963,2045,2091,2031
1074795,B,255,965,2045,2090,2031,965,2045,2090,2031
1074895,B,255,964,2044,2090,2031,964,2044,2090,2031
1074995,B,255,963,2042,2089,2030,963,2045,2091,2030
1075095,B,255,966,2046,2093,2030,964,2046,2093,2030
1075195,B,255,964,2047,2087,2029,964,2047,2089,2029
1075295,B,255,966,2047,2093,2032,966,2047,2092,2032
1075395,B,255,965,2046,2092,2028,965,2045,2092,2028
1075495,B,255,967,2043,2094,2029,966,2044,2092,2030
1075595,B,255,949,2032,2077,2015,960,2042,2087,2028
1075695,B,255,962,2044,2092,2031,964,2044,2091,2031
1075795,B,255,965,2045,2090,2032,964,2045,2090,2031
1075895,B,255,953,2033,2079,2019,962,2041,2088,2026
1075995,B,255,962,2047,2090,2028,963,2046,2090,2029
1076095,B,255,964,2045,2091,2030,964,2045,2091,2030
1076195,B,255,963,2047,2095,2031,962,2044,2091,2029
1076295,B,255,963,2045,2093,2029,963,2045,2093,2029
1076395,B,255,965,2042,2089,2027,965,2044,2090,2029
1076495,B,255,951,2032,2077,2015,963,2046,2090,2029
1076595,B,255,963,2047,2093,2032,963,2046,2092,2032
1076695,B,255,965,2045,2091,2027,964,2045,2091,2031
1076795,B,255,963,2046,2092,2031,963,2046,2092,2031
1076895,B,255,965,2047,2092,2029,964,2047,2092,2029
1076995,B,255,965,2045,2092,2032,964,2045,2092,2032
1077095,B,255,962,2044,2091,2032,962,2044,2091,2032
1077195,B,255,963,2045,2087,2029,963,2045,2091,2029
1077295,B,255,963,2045,2091,2029,964,2045,2091,2029
1077395,B,255,965,2045,2092,2030,965,2045,2091,2030
1077495,B,255,963,2043,2087,2029,963,2045,2090,2030
1077595,B,255,965,2045,2093,2032,965,2045,2091,2031
1077695,B,255,963,2045,2090,2030,963,2045,2092,2030
1077795,B,255,965,2045,2091,2031,965,2045,2091,2031
1077895,B,255,967,2045,2092,2032,964,2045,2092,2031
1077995,B,255,965,2046,2090,2031,965,2046,2091,2031
1078095,B,255,962,2046,2089,2030,963,2045,2089,2030
1078195,B,255,962,2047,2094,2028,963,2046,2092,2029
1078295,B,255,965,2043,2094,2032,965,2044,2094,2031
1078395,B,255,967,2047,2091,2031,966,2046,2091,2030
1078495,B,255,967,2046,2093,2029,965,2045,2092,2029
1078595,B,255,966,2047,2095,2031,965,2047,2092,2031
1078695,B,255,963,2042,2090,2032,963,2044,2091,2031
1078795,B,255,963,2046,2093,2030,963,2045,2092,2030
1078895,B,255,963,2047,2091,2032,964,2047,2091,2030
1078995,B,255,964,2043,2091,2030,964,2046,2091,2030
1079095,B,255,965,2045,2094,2031,965,2045,2092,2030
1079195,B,255,965,2047,2094,2031,964,2046,2094,2031
1079295,B,255,962,2042,2095,2029,963,2045,2092,2030
1079395,B,255,965,2045,2087,2029,965,2047,2090,2030
1079495,B,255,965,2045,2093,2030,965,2045,2093,2030
1079595,B,255,966,2047,2096,2032,963,2045,2092,2030
1079695,B,255,963,2046,2091,2031,964,2046,2091,2031
1079795,B,255,965,2045,2091,2031,964,2045,2091,2031
1079895,B,255,966,2047,2095,2032,964,2045,2090,2031
1079995,B,255,966,2045,2092,2029,964,2045,2091,2029
1080095,B,255,968,2046,2094,2032,968,2046,2093,2031
1080195,B,255,951,2033,2080,2018,960,2041,2089,2027
1080295,B,255,963,2045,2096,2031,960,2042,2089,2027
1080395,B,255,965,2047,2090,2030,965,2047,2092,2030
1080495,B,255,953,2034,2078,2017,963,2046,2092,2031
1080595,B,255,965,2046,2089,2032,965,2045,2093,2031
1080695,B,255,963,2045,2090,2031,964,2046,2091,2031
1080795,B,255,954,2032,2079,2015,962,2045,2091,2029
1080895,B,255,964,2046,2090,2031,964,2046,2091,2030
1080995,B,255,963,2046,2093,2029,964,2046,2090,2029
1081095,B,255,966,2046,2093,2030,966,2046,2092,2030
1081195,B,255,965,2044,2092,2030,965,2044,2092,2030
1081295,B,255,964,2047,2093,2031,964,2045,2093,2030
1081395,B,255,963,2045,2092,2031,964,2045,2092,2031
1081495,B,255,961,2045,2093,2030,963,2045,2092,2030
1081595,B,255,965,2044,2093,2029,965,2044,2091,2029
1081695,B,255,963,2047,2093,2031,963,2046,2093,2031
1081795,B,255,963,2047,2092,2032,964,2046,2092,2030
1081895,B,255,965,2046,2091,2031,965,2046,2091,2030
1081995,B,255,965,2046,2091,2029,965,2046,2091,2029
1082095,B,255,963,2045,2091,2030,963,2045,2091,2030
1082195,B,255,963,2044,2087,2029,963,2044,2089,2029
1082295,B,255,967,2045,2093,2032,964,2046,2093,2031
1082395,B,255,963,2045,2093,2032,963,2045,2091,2030
1082495,B,255,964,2044,2087,2030,964,2045,2090,2030
1082595,B,255,965,2046,2091,2029,965,2045,2091,2029
1082695,B,255,963,2045,2087,2031,963,2045,2090,2031
1082795,B,255,962,2043,2093,2030,962,2043,2090,2030
1082895,B,255,962,2045,2093,2031,965,2045,2092,2031
1082995,B,255,963,2046,2089,2031,964,2046,2091,2031
1083095,B,255,962,2046,2090,2032,962,2045,2090,2031
1083195,B,255,962,2044,2092,2029,963,2045,2091,2029
1083295,B,255,963,2045,2093,2029,963,2045,2093,2029
1083395,B,255,965,2045,2093,2031,965,2045,2093,2031
1083495,B,255,967,2046,2090,2029,964,2046,2091,2030
1083595,B,255,965,2045,2094,2032,959,2042,2089,2028
1083695,B,255,965,2045,2090,2032,965,2045,2091,2032
1083795,B,255,965,2045,2091,2031,965,2045,2091,2031
1083895,B,255,954,2033,2082,2016,960,2042,2089,2027
1083995,B,255,966,2047,2093,2032,965,2046,2093,2032
1084095,B,255,965,2046,2091,2027,965,2044,2091,2030
1084195,B,255,964,2047,2089,2026,964,2044,2089,2028
1084295,B,255,965,2045,2092,2030,965,2045,2092,2030
1084395,B,255,966,2046,2091,2031,964,2046,2091,2031
1084495,B,255,958,2033,2082,2018,960,2044,2090,2027
1084595,B,255,966,2044,2090,2031,964,2045,2092,2031
1084695,B,255,963,2045,2093,2027,963,2045,2092,2030
1084795,B,255,954,2032,2077,2019,962,2043,2090,2029
1084895,B,255,966,2046,2091,2031,964,2046,2091,2031
1084995,B,255,960,2045,2090,2027,962,2045,2090,2028
1085095,B,255,962,2045,2087,2031,965,2045,2092,2031
1085195,B,255,966,2043,2093,2031,966,2045,2093,2031
1085295,B,255,964,2047,2095,2030,965,2047,2094,2030
1085395,B,255,963,2045,2091,2031,964,2045,2091,2031
1085495,B,255,965,2044,2091,2030,964,2046,2092,2030
1085595,B,255,965,2045,2090,2032,965,2045,2092,2032
1085695,B,255,960,2045,2089,2029,965,2045,2090,2029
1085795,B,255,965,2045,2091,2031,964,2045,2091,2031
1085895,B,255,964,2043,2093,2029,964,2044,2091,2029
1085995,B,255,963,2046,2092,2030,964,2046,2092,2030
1086095,B,255,963,2044,2090,2031,964,2044,2093,2031
1086195,B,255,963,2045,2090,2030,963,2045,2090,2030
1086295,B,255,965,2046,2091,2032,964,2046,2091,2032
1086395,B,255,970,2047,2093,2032,965,2047,2092,2032
1086495,B,255,965,2044,2090,2029,964,2044,2089,2030
1086595,B,255,964,2046,2090,2032,964,2046,2090,2031
1086695,B,255,964,2053,2093,2031,964,2047,2091,2031
1086795,B,255,963,2043,2095,2030,964,2045,2094,2030
1086895,B,255,963,2045,2092,2031,963,2045,2092,2031
1086995,B,255,963,2047,2089,2030,963,2045,2092,2030
1087095,B,255,963,2044,2094,2031,963,2045,2092,2031
1087195,B,255,966,2045,2090,2032,966,2045,2090,2031
1087295,B,255,963,2045,2093,2031,965,2045,2093,2031
1087395,B,255,963,2045,2086,2032,963,2046,2090,2032
1087495,B,255,965,2045,2091,2030,965,2045,2091,2030
1087595,B,255,963,2043,2091,2027,964,2046,2092,2029
1087695,B,255,965,2046,2094,2031,965,2046,2093,2031
1087795,B,255,965,2046,2093,2031,965,2046,2093,2031
1087895,B,255,965,2043,2093,2031,965,2043,2091,2031
1087995,B,255,965,2047,2092,2031,965,2047,2092,2030
1088095,B,255,961,2045,2089,2027,964,2045,2092,2028
1088195,B,255,963,2047,2092,2031,963,2046,2092,2031
1088295,B,255,965,2045,2090,2032,965,2045,2091,2030
1088395,B,255,967,2045,2087,2029,966,2045,2089,2029
1088495,B,255,963,2053,2093,2031,963,2045,2091,2031
1088595,B,255,963,2045,2093,2030,963,2045,2093,2031
1088695,B,255,961,2043,2092,2031,963,2044,2092,2031
1088795,B,255,970,2047,2094,2032,965,2045,2091,2028
1088895,B,255,962,2043,2091,2032,963,2046,2091,2032
1088995,B,255,965,2045,2094,2031,964,2045,2094,2031
1089095,B,255,951,2033,2079,2018,961,2044,2088,2028
1089195,B,255,965,2045,2088,2030,959,2042,2086,2026
1089295,B,255,964,2047,2092,2030,964,2046,2092,2030
1089395,B,255,965,2046,2092,2029,965,2046,2092,2029
1089495,B,255,964,2045,2090,2030,961,2042,2088,2025
1089595,B,255,951,2032,2075,2015,963,2045,2089,2029
1089695,B,255,965,2047,2093,2032,957,2039,2083,2022
1089795,B,255,966,2046,2091,2029,965,2046,2091,2029
1089895,B,255,963,2047,2091,2031,963,2046,2091,2031
1089995,B,255,965,2046,2090,2032,965,2046,2093,2032
1090095,B,255,963,2046,2089,2028,965,2046,2092,2029
1090195,B,255,965,2047,2093,2028,965,2046,2092,2031
1090295,B,255,964,2046,2091,2031,965,2045,2091,2031
1090395,B,255,965,2045,2089,2030,965,2045,2090,2030
1090495,B,255,963,2044,2089,2029,964,2045,2091,2030
1090595,B,255,962,2045,2087,2029,964,2046,2091,2029
1090695,B,255,965,2047,2091,2031,965,2046,2093,2031
1090795,B,255,964,2045,2091,2029,964,2045,2091,2029
1090895,B,255,963,2045,2090,2030,964,2045,2090,2030
1090995,B,255,962,2046,2091,2031,962,2046,2091,2031
1091095,B,255,964,2042,2090,2031,964,2046,2090,2030
1091195,B,255,965,2045,2092,2030,965,2045,2091,2030
1091295,B,255,965,2045,2094,2031,965,2045,2093,2031
1091395,B,255,962,2046,2091,2031,964,2046,2091,2031
1091495,B,255,964,2045,2091,2031,964,2045,2091,2031
1091595,B,255,967,2046,2091,2032,964,2044,2091,2031
1091695,B,255,966,2045,2092,2029,965,2045,2092,2030
1091795,B,255,965,2047,2091,2031,965,2045,2092,2031
1091895,B,255,963,2045,2092,2031,963,2045,2090,2030
1091995,B,255,965,2045,2092,2030,965,2045,2092,2030
1092095,B,255,965,2043,2089,2030,965,2045,2092,2030
1092195,B,255,965,2043,2090,2029,965,2046,2090,2029
1092295,B,255,966,2047,2094,2029,966,2046,2093,2030
1092395,B,255,966,2047,2090,2031,966,2047,2090,2030
1092495,B,255,963,2047,2094,2032,963,2045,2092,2030
1092595,B,255,965,2047,2091,2032,965,2047,2091,2032
1092695,B,255,963,2043,2093,2030,963,2045,2093,2030
1092795,B,255,958,2031,2081,2022,960,2041,2088,2027
1092895,B,255,965,2047,2093,2031,965,2047,2092,2031
1092995,B,255,965,2046,2091,2029,965,2046,2092,2029
1093095,B,255,966,2047,2093,2030,962,2045,2092,2029
1093195,B,255,964,2045,2091,2027,964,2045,2091,2030
1093295,B,255,965,2044,2091,2029,964,2046,2092,2030
1093395,B,255,952,2032,2075,2013,964,2045,2089,2029
1093495,B,255,966,2045,2095,2031,964,2045,2093,2031
1093595,B,255,949,2028,2079,2017,963,2042,2089,2029
1093695,B,255,965,2046,2091,2030,965,2046,2091,2030
1093795,B,255,963,2043,2093,2031,963,2044,2092,2031
1093895,B,255,965,2046,2095,2029,964,2046,2092,2029
1093995,B,255,951,2033,2080,2017,954,2036,2081,2019
1094095,B,255,963,2045,2091,2031,963,2045,2090,2028
1094195,B,255,965,2046,2091,2029,965,2046,2091,2029
1094295,B,255,971,2046,2093,2030,963,2046,2093,2030
1094395,B,255,966,2047,2087,2032,965,2046,2090,2031
1094495,B,255,963,2045,2089,2030,963,2046,2091,2030
1094595,B,255,962,2046,2091,2030,962,2045,2091,2030
1094695,B,255,962,2046,2093,2031,964,2046,2092,2031
1094795,B,255,962,2045,2093,2029,963,2045,2092,2029
1094895,B,255,962,2045,2093,2030,963,2045,2092,2030
1094995,B,255,965,2045,2093,2030,965,2045,2093,2030
1095095,B,255,965,2045,2090,2029,964,2045,2090,2029
1095195,B,255,964,2043,2093,2029,964,2044,2092,2029
1095295,B,255,965,2046,2093,2031,965,2046,2092,2031
1095395,B,255,965,2043,2089,2031,965,2043,2091,2030
1095495,B,255,965,2046,2092,2032,964,2045,2091,2031
1095595,B,255,963,2045,2092,2032,963,2045,2092,2030
1095695,B,255,963,2047,2092,2028,964,2047,2092,2030
1095795,B,255,965,2046,2091,2031,965,2046,2091,2031
1095895,B,255,962,2046,2093,2031,963,2046,2093,2031
1095995,B,255,965,2046,2091,2031,965,2046,2091,2031
1096095,B,255,963,2045,2086,2030,963,2045,2090,2030
1096195,B,255,963,2044,2091,2032,963,2044,2090,2032
1096295,B,255,963,2046,2094,2031,964,2046,2092,2031
1096395,B,255,965,2043,2091,2030,964,2044,2091,2031
1096495,B,255,967,2047,2092,2031,963,2044,2089,2028
1096595,B,255,965,2047,2093,2029,964,2047,2093,2031
1096695,B,255,963,2046,2093,2032,964,2046,2093,2032
1096795,B,255,966,2046,2095,2031,962,2042,2088,2028
1096895,B,255,962,2046,2092,2032,965,2046,2092,2031
1096995,B,255,962,2046,2089,2031,964,2046,2090,2031
1097095,B,255,966,2047,2093,2031,965,2047,2093,2031
1097195,B,255,965,2045,2093,2030,965,2046,2093,2030
1097295,B,255,965,2047,2091,2031,965,2047,2092,2031
1097395,B,255,965,2047,2093,2032,965,2046,2093,2032
1097495,B,255,963,2046,2092,2030,964,2046,2092,2030
1097595,B,255,953,2032,2079,2017,964,2045,2093,2029
1097695,B,255,964,2046,2091,2031,964,2046,2092,2031
1097795,B,255,964,2045,2093,2029,964,2045,2093,2030
1097895,B,255,951,2032,2076,2014,965,2045,2089,2028
1097995,B,255,965,2047,2094,2028,965,2047,2094,2028
1098095,B,255,966,2044,2090,2030,964,2045,2091,2030
1098195,B,255,966,2045,2093,2029,965,2045,2091,2029
1098295,B,255,967,2054,2094,2032,967,2047,2094,2031
1098395,B,255,962,2046,2086,2031,965,2046,2091,2031
1098495,B,255,965,2045,2090,2031,965,2045,2090,2031
1098595,B,255,963,2044,2093,2031,963,2044,2093,2031
1098695,B,255,965,2042,2092,2031,965,2045,2092,2031
1098795,B,255,962,2047,2091,2029,963,2046,2091,2029
1098895,B,255,965,2045,2093,2028,965,2045,2092,2029
1098995,B,255,963,2045,2094,2030,964,2045,2092,2030
1099095,B,255,965,2044,2094,2030,965,2045,2093,2031
1099195,B,255,963,2046,2086,2031,964,2046,2089,2031
1099295,B,255,965,2047,2094,2032,965,2047,2093,2032
1099395,B,255,964,2045,2091,2029,964,2045,2091,2029
1099495,B,255,962,2046,2089,2031,964,2046,2090,2031
1099595,B,255,963,2044,2087,2031,964,2045,2092,2031
1099695,B,255,963,2043,2091,2032,963,2046,2092,2031
1099795,B,255,966,2046,2094,2031,966,2046,2094,2031
1099895,B,255,964,2047,2092,2030,964,2047,2093,2030
1099995,B,255,963,2045,2090,2030,964,2045,2091,2030
1100095,B,255,964,2044,2091,2030,964,2045,2091,2030
1100195,B,255,965,2043,2091,2029,964,2045,2091,2029
1100295,B,255,965,2047,2091,2029,965,2046,2091,2029
1100395,B,255,961,2046,2089,2030,964,2046,2090,2030
1100495,B,255,966,2046,2095,2031,964,2046,2089,2031
1100595,B,255,966,2047,2095,2031,966,2046,2090,2031
1100695,B,255,966,2046,2093,2032,966,2046,2091,2032
1100795,B,255,963,2045,2094,2031,963,2045,2092,2031
1100895,B,255,965,2045,2090,2029,965,2045,2090,2030
1100995,B,255,967,2047,2089,2030,966,2047,2090,2030
1101095,B,255,967,2044,2092,2032,963,2044,2089,2029
1101195,B,255,961,2047,2091,2030,963,2046,2091,2030
1101295,B,255,962,2046,2093,2031,963,2046,2092,2031
1101395,B,255,965,2045,2093,2031,964,2045,2092,2030
1101495,B,255,966,2044,2091,2030,965,2044,2091,2030
1101595,B,255,955,2032,2075,2015,962,2043,2090,2027
1101695,B,255,964,2044,2094,2032,964,2045,2092,2030
1101795,B,255,963,2046,2094,2032,963,2046,2094,2032
1101895,B,255,951,2034,2076,2019,965,2044,2089,2029
1101995,B,255,963,2045,2087,2027,965,2045,2090,2030
1102095,B,255,963,2043,2088,2031,963,2044,2092,2029
1102195,B,255,949,2032,2077,2011,962,2045,2090,2029
1102295,B,255,964,2047,2093,2031,964,2047,2093,2031
1102395,B,255,965,2045,2095,2031,965,2045,2092,2031
1102495,B,255,966,2042,2093,2032,966,2045,2093,2032
1102595,B,255,965,2046,2092,2032,965,2046,2092,2032
1102695,B,255,965,2046,2095,2031,965,2046,2093,2031
1102795,B,255,966,2047,2093,2032,966,2047,2092,2032
1102895,B,255,964,2047,2094,2027,964,2047,2094,2030
1102995,B,255,964,2046,2094,2029,965,2046,2094,2030
1103095,B,255,966,2045,2091,2029,966,2046,2091,2029
1103195,B,255,964,2047,2091,2029,964,2046,2091,2030
1103295,B,255,964,2046,2091,2032,965,2045,2092,2032
1103395,B,255,964,2047,2091,2030,964,2047,2093,2030
1103495,B,255,961,2047,2093,2032,964,2047,2092,2032
1103595,B,255,966,2041,2086,2029,965,2046,2092,2030
1103695,B,255,960,2045,2086,2030,963,2045,2092,2031
1103795,B,255,964,2044,2093,2032,964,2046,2093,2032
1103895,B,255,965,2043,2090,2031,964,2045,2093,2031
1103995,B,255,965,2044,2091,2029,965,2044,2092,2029
1104095,B,255,965,2046,2091,2032,965,2046,2092,2032
1104195,B,255,965,2047,2095,2029,964,2047,2091,2029
1104295,B,255,965,2045,2094,2031,964,2045,2093,2031
1104395,B,255,965,2045,2094,2031,964,2045,2094,2031
1104495,B,255,956,2047,2091,2031,960,2045,2091,2030
1104595,B,255,962,2047,2087,2031,964,2046,2093,2031
1104695,B,255,964,2047,2090,2032,964,2047,2092,2032
1104795,B,255,963,2047,2096,2032,960,2044,2090,2028
1104895,B,255,966,2047,2094,2031,965,2047,2092,2031
1104995,B,255,965,2047,2095,2031,965,2047,2094,2031
1105095,B,255,966,2045,2091,2032,965,2046,2092,2030
1105195,B,255,963,2046,2093,2031,963,2046,2093,2031
1105295,B,255,962,2045,2093,2029,964,2045,2093,2030
1105395,B,255,965,2047,2094,2031,964,2045,2093,2030
1105495,B,255,964,2045,2092,2031,964,2045,2092,2031
1105595,B,255,951,2032,2080,2018,961,2043,2089,2029
1105695,B,255,965,2047,2091,2032,965,2047,2091,2032
1105795,B,255,965,2044,2094,2031,965,2044,2093,2031
1105895,B,255,949,2032,2080,2017,963,2043,2089,2029
1105995,B,255,965,2045,2091,2032,965,2045,2091,2032
1106095,B,255,962,2044,2092,2031,965,2044,2091,2031
1106195,B,255,951,2035,2081,2015,962,2044,2090,2029
1106295,B,255,967,2044,2093,2030,965,2044,2093,2030
1106395,B,255,965,2045,2095,2031,965,2045,2093,2031
1106495,B,255,965,2046,2093,2030,965,2046,2092,2030
1106595,B,255,963,2046,2090,2032,965,2046,2091,2032
1106695,B,255,965,2046,2090,2031,965,2046,2093,2031
1106795,B,255,966,2044,2091,2031,965,2045,2091,2031
1106895,B,255,965,2045,2090,2031,964,2045,2092,2031
1106995,B,255,965,2047,2093,2031,965,2046,2093,2031
1107095,B,255,963,2044,2087,2031,963,2045,2091,2031
1107195,B,255,966,2047,2093,2027,966,2047,2093,2031
1107295,B,255,965,2047,2091,2031,965,2046,2091,2030
1107395,B,255,965,2046,2092,2030,965,2046,2092,2030
1107495,B,255,965,2045,2093,2032,965,2045,2093,2031
1107595,B,255,966,2047,2093,2031,964,2046,2092,2031
1107695,B,255,965,2044,2091,2028,964,2044,2091,2030
1107795,B,255,967,2045,2092,2031,964,2045,2093,2031
1107895,B,255,966,2047,2091,2032,965,2047,2091,2029
1107995,B,255,963,2047,2091,2031,964,2047,2091,2031
1108095,B,255,967,2047,2091,2029,966,2047,2091,2031
1108195,B,255,965,2043,2093,2032,965,2044,2093,2032
1108295,B,255,965,2047,2092,2030,965,2046,2092,2031
1108395,B,255,963,2045,2090,2032,964,2045,2090,2032
1108495,B,255,963,2045,2095,2031,963,2046,2092,2031
1108595,B,255,965,2047,2094,2032,965,2047,2094,2032
1108695,B,255,965,2047,2091,2031,965,2047,2092,2031
1108795,B,255,964,2046,2094,2032,965,2046,2093,2032
1108895,B,255,966,2045,2091,2029,966,2046,2094,2031
1108995,B,255,965,2046,2093,2032,965,2046,2093,2031
1109095,B,255,963,2046,2095,2031,963,2044,2092,2030
1109195,B,255,966,2046,2091,2031,965,2046,2092,2031
1109295,B,255,965,2046,2091,2031,966,2046,2093,2031
1109395,B,255,966,2047,2093,2032,966,2047,2093,2032
1109495,B,255,965,2047,2094,2032,965,2047,2093,2032
1109595,B,255,964,2047,2095,2032,963,2046,2093,2031
1109695,B,255,964,2047,2093,2032,965,2047,2093,2032
1109795,B,255,961,2047,2095,2032,964,2047,2093,2032
1109895,B,255,965,2045,2093,2032,965,2045,2092,2030
1109995,B,255,962,2047,2091,2032,965,2047,2092,2032
1110095,B,255,962,2047,2092,2031,963,2047,2092,2031
1110195,B,255,951,2032,2078,2016,964,2045,2092,2030
1110295,B,255,963,2045,2093,2030,963,2045,2093,2030
1110395,B,255,965,2045,2095,2031,965,2046,2093,2031
1110495,B,255,954,2032,2079,2015,963,2044,2090,2029
1110595,B,255,965,2045,2091,2027,965,2045,2091,2031
1110695,B,255,965,2047,2091,2031,965,2046,2091,2031
1110795,B,255,966,2046,2091,2029,964,2046,2091,2030
1110895,B,255,962,2046,2091,2029,964,2046,2091,2029
1110995,B,255,963,2043,2091,2031,963,2045,2091,2031
1111095,B,255,964,2045,2090,2032,964,2045,2090,2031
1111195,B,255,963,2047,2093,2031,963,2045,2093,2031
1111295,B,255,964,2045,2093,2030,964,2045,2093,2030
1111395,B,255,965,2047,2092,2030,965,2047,2092,2030
1111495,B,255,966,2043,2093,2032,966,2045,2093,2031
1111595,B,255,965,2046,2093,2032,965,2046,2092,2032
1111695,B,255,965,2045,2090,2030,965,2045,2092,2030
1111795,B,255,964,2047,2094,2031,964,2047,2094,2031
1111895,B,255,964,2047,2091,2031,964,2047,2091,2031
1111995,B,255,965,2045,2091,2031,965,2045,2091,2031
1112095,B,255,965,2046,2091,2030,965,2046,2091,2030
1112195,B,255,964,2047,2094,2030,964,2047,2092,2030
1112295,B,255,962,2045,2091,2032,965,2046,2092,2032
1112395,B,255,967,2045,2091,2029,965,2045,2091,2030
1112495,B,255,963,2045,2089,2029,963,2045,2090,2031
1112595,B,255,965,2045,2089,2031,965,2046,2091,2031
1112695,B,255,963,2046,2093,2029,964,2046,2093,2029
1112795,B,255,966,2047,2095,2031,966,2047,2094,2031
1112895,B,255,964,2047,2091,2031,964,2047,2091,2031
1112995,B,255,965,2047,2094,2030,965,2047,2093,2031
1113095,B,255,963,2047,2093,2032,963,2047,2093,2032
1113195,B,255,966,2046,2093,2030,966,2046,2093,2030
1113295,B,255,967,2045,2091,2029,964,2045,2093,2029
1113395,B,255,963,2045,2093,2032,964,2045,2093,2032
1113495,B,255,965,2046,2093,2031,965,2046,2093,2031
1113595,B,255,967,2054,2095,2032,963,2045,2091,2029
1113695,B,255,965,2045,2091,2030,965,2045,2092,2031
1113795,B,255,966,2046,2093,2030,966,2046,2093,2030
1113895,B,255,965,2047,2094,2027,962,2046,2092,2029
1113995,B,255,965,2047,2091,2031,965,2045,2091,2031
1114095,B,255,961,2045,2090,2032,966,2045,2090,2031
1114195,B,255,951,2035,2081,2018,962,2045,2090,2028
1114295,B,255,963,2046,2095,2031,964,2046,2094,2031
1114395,B,255,966,2046,2093,2030,965,2046,2092,2031
1114495,B,255,950,2033,2080,2019,962,2043,2090,2028
1114595,B,255,965,2046,2091,2031,965,2046,2091,2031
1114695,B,255,963,2047,2091,2030,963,2047,2091,2030
1114795,B,255,951,2031,2074,2014,964,2045,2090,2029
1114895,B,255,965,2047,2093,2031,965,2047,2093,2031
1114995,B,255,965,2047,2091,2030,964,2047,2091,2030
1115095,B,255,951,2032,2077,2018,963,2045,2091,2030
1115195,B,255,965,2047,2091,2031,965,2047,2091,2031
1115295,B,255,964,2045,2091,2030,964,2045,2092,2030
1115395,B,255,964,2047,2092,2032,964,2047,2091,2030
1115495,B,255,963,2047,2090,2031,963,2047,2090,2031
1115595,B,255,962,2045,2091,2030,963,2046,2091,2030
1115695,B,255,965,2047,2091,2032,965,2046,2092,2032
1115795,B,255,965,2043,2093,2031,965,2043,2093,2031
1115895,B,255,965,2045,2093,2032,964,2045,2093,2032
1115995,B,255,964,2046,2095,2030,964,2046,2093,2030
1116095,B,255,964,2046,2093,2031,964,2046,2092,2030
1116195,B,255,965,2043,2089,2031,965,2044,2090,2031
1116295,B,255,964,2046,2094,2032,966,2046,2094,2032
1116395,B,255,964,2046,2093,2030,965,2046,2093,2030
1116495,B,255,963,2047,2094,2032,963,2046,2094,2031
1116595,B,255,966,2047,2095,2032,966,2047,2092,2031
1116695,B,255,962,2045,2093,2030,964,2045,2093,2031
1116795,B,255,963,2043,2092,2031,964,2046,2092,2031
1116895,B,255,966,2054,2090,2029,966,2047,2092,2030
1116995,B,255,965,2047,2093,2031,965,2046,2093,2031
1117095,B,255,965,2047,2091,2030,965,2047,2091,2031
1117195,B,255,963,2047,2094,2031,964,2047,2094,2031
1117295,B,255,965,2043,2091,2029,965,2043,2091,2030
1117395,B,255,963,2047,2094,2031,963,2047,2092,2031
1117495,B,255,965,2046,2093,2031,965,2046,2093,2031
1117595,B,255,965,2046,2090,2032,964,2045,2090,2029
1117695,B,255,965,2043,2089,2032,965,2045,2090,2031
1117795,B,255,963,2047,2091,2027,963,2046,2092,2031
1117895,B,255,965,2045,2091,2032,964,2045,2091,2031
1117995,B,255,964,2046,2091,2032,964,2046,2091,2032
1118095,B,255,965,2047,2091,2031,965,2046,2091,2031
1118195,B,255,966,2046,2091,2032,963,2046,2091,2029
1118295,B,255,965,2046,2091,2032,965,2045,2091,2031
1118395,B,255,965,2046,2090,2029,965,2046,2089,2029
1118495,B,255,965,2045,2089,2031,963,2044,2089,2028
1118595,B,255,962,2046,2091,2029,963,2045,2091,2030
1118695,B,255,965,2042,2091,2029,965,2043,2091,2029
1118795,B,255,954,2032,2078,2017,964,2044,2090,2028
1118895,B,255,963,2045,2093,2029,963,2045,2093,2029
1118995,B,255,962,2045,2090,2031,963,2045,2090,2030
1119095,B,255,958,2033,2080,2018,965,2043,2090,2029
1119195,B,255,962,2044,2089,2032,962,2044,2090,2032
1119295,B,255,966,2047,2090,2030,965,2045,2091,2030
1119395,B,255,961,2045,2092,2031,962,2045,2091,2031
1119495,B,255,962,2044,2091,2030,963,2044,2091,2030
1119595,B,255,964,2045,2090,2031,964,2045,2091,2031
1119695,B,255,967,2043,2094,2031,963,2043,2091,2029
1119795,B,255,963,2046,2092,2032,963,2046,2091,2031
1119895,B,255,963,2045,2092,2032,964,2045,2092,2032
1119995,B,255,965,2046,2087,2029,964,2045,2089,2030
1120095,B,255,965,2045,2086,2031,965,2045,2091,2031
1120195,B,255,964,2045,2092,2029,964,2045,2091,2029
1120295,B,255,963,2043,2091,2029,963,2044,2091,2030
1120395,B,255,963,2046,2095,2031,964,2046,2092,2031
1120495,B,255,965,2045,2089,2029,964,2045,2091,2030
1120595,B,255,963,2047,2091,2032,963,2046,2091,2031
1120695,B,255,965,2045,2091,2032,965,2045,2091,2032
1120795,B,255,963,2044,2095,2032,963,2045,2092,2031
1120895,B,255,953,2033,2080,2017,957,2037,2086,2024
1120995,B,255,966,2053,2090,2030,964,2045,2091,2030
1121095,B,255,965,2043,2089,2030,965,2044,2089,2030
1121195,B,255,966,2046,2089,2031,966,2046,2089,2031
1121295,B,255,966,2045,2093,2029,966,2045,2092,2029
1121395,B,255,965,2046,2089,2031,965,2045,2089,2031
1121495,B,255,965,2043,2093,2029,964,2043,2092,2029
1121595,B,255,965,2044,2091,2030,961,2044,2091,2028
1121695,B,255,963,2046,2091,2030,964,2046,2091,2030
1121795,B,255,964,2045,2091,2031,964,2046,2093,2031
1121895,B,255,965,2045,2091,2031,964,2045,2091,2031
1121995,B,255,965,2043,2089,2031,965,2044,2091,2029
1122095,B,255,966,2046,2091,2030,964,2046,2091,2030
1122195,B,255,963,2047,2092,2031,963,2044,2090,2029
1122295,B,255,966,2046,2092,2031,965,2046,2092,2030
1122395,B,255,964,2045,2090,2030,964,2045,2090,2030
1122495,B,255,954,2032,2081,2016,961,2042,2090,2026
1122595,B,255,963,2046,2087,2030,963,2046,2091,2031
1122695,B,255,967,2047,2093,2029,965,2046,2091,2029
1122795,B,255,955,2032,2078,2019,962,2043,2090,2028
1122895,B,255,965,2047,2093,2030,965,2047,2091,2030
1122995,B,255,965,2047,2093,2032,965,2046,2093,2032
1123095,B,255,951,2032,2077,2015,963,2044,2091,2029
1123195,B,255,965,2045,2090,2032,965,2045,2090,2031
1123295,B,255,963,2045,2091,2029,964,2045,2092,2031
1123395,B,255,964,2047,2095,2030,964,2047,2093,2030
1123495,B,255,965,2046,2092,2030,964,2046,2092,2030
1123595,B,255,954,2032,2079,2017,962,2045,2090,2029
1123695,B,255,966,2046,2094,2032,963,2046,2092,2032
1123795,B,255,963,2047,2091,2029,963,2047,2093,2030
1123895,B,255,963,2046,2093,2030,963,2046,2093,2030
1123995,B,255,965,2045,2091,2031,965,2046,2092,2031
1124095,B,255,963,2045,2089,2030,963,2045,2091,2030
1124195,B,255,963,2046,2092,2031,964,2046,2092,2031
1124295,B,255,962,2045,2091,2031,963,2045,2091,2031
1124395,B,255,962,2046,2090,2030,962,2046,2090,2030
1124495,B,255,966,2043,2091,2031,966,2045,2091,2031
1124595,B,255,965,2045,2091,2031,965,2045,2092,2031
1124695,B,255,963,2041,2087,2030,963,2045,2093,2030
1124795,B,255,966,2046,2087,2030,966,2046,2090,2030
1124895,B,255,961,2053,2093,2032,962,2047,2092,2031
1124995,B,255,965,2047,2093,2030,965,2047,2092,2030
1125095,B,255,963,2046,2093,2031,963,2046,2092,2031
1125195,B,255,954,2033,2082,2015,959,2039,2087,2026
1125295,B,255,953,2032,2080,2019,954,2033,2079,2019
1125395,B,255,967,2046,2091,2031,957,2039,2085,2025
1125495,B,255,965,2047,2088,2029,965,2047,2091,2030
1125595,B,255,967,2045,2094,2029,959,2041,2088,2026
1125695,B,255,962,2047,2089,2031,965,2047,2093,2031
1125795,B,255,963,2044,2091,2030,964,2045,2092,2030
1125895,B,255,961,2044,2092,2029,963,2044,2090,2029
1125995,B,255,961,2045,2091,2029,963,2045,2091,2029
1126095,B,255,963,2043,2093,2031,963,2044,2090,2030
1126195,B,255,966,2046,2091,2029,962,2045,2090,2027
1126295,B,255,965,2045,2091,2031,965,2046,2092,2031
1126395,B,255,960,2045,2090,2029,964,2045,2091,2029
1126495,B,255,966,2046,2095,2032,963,2043,2090,2028
1126595,B,255,965,2043,2090,2029,964,2046,2091,2030
1126695,B,255,963,2046,2090,2032,964,2046,2090,2032
1126795,B,255,950,2033,2079,2016,962,2043,2087,2027
1126895,B,255,966,2045,2087,2031,966,2045,2090,2031
1126995,B,255,965,2045,2091,2031,965,2045,2091,2031
1127095,B,255,949,2034,2079,2019,962,2043,2088,2028
1127195,B,255,963,2047,2092,2032,963,2044,2092,2032
1127295,B,255,961,2046,2094,2030,963,2046,2093,2030
1127395,B,255,951,2032,2080,2017,961,2045,2090,2028
1127495,B,255,965,2047,2094,2031,964,2047,2091,2030
1127595,B,255,949,2032,2071,2015,963,2044,2090,2029
1127695,B,255,965,2045,2090,2030,965,2045,2090,2030
1127795,B,255,963,2043,2092,2029,963,2044,2092,2029
1127895,B,255,963,2046,2091,2031,963,2046,2091,2031
1127995,B,255,966,2046,2091,2029,964,2046,2091,2029
1128095,B,255,961,2046,2093,2030,962,2046,2091,2030
1128195,B,255,964,2046,2090,2032,964,2046,2091,2031
1128295,B,255,963,2043,2093,2029,963,2044,2093,2031
1128395,B,255,963,2047,2095,2030,963,2046,2091,2030
1128495,B,255,964,2043,2086,2027,964,2043,2090,2029
1128595,B,255,964,2044,2091,2031,964,2044,2091,2030
1128695,B,255,965,2045,2090,2032,965,2046,2090,2032
1128795,B,255,963,2045,2092,2029,963,2045,2092,2029
1128895,B,255,965,2045,2094,2031,964,2045,2091,2030
1128995,B,255,966,2047,2091,2029,964,2047,2092,2030
1129095,B,255,964,2046,2091,2031,964,2046,2091,2030
1129195,B,255,963,2046,2087,2027,963,2046,2090,2028
1129295,B,255,964,2043,2092,2032,964,2043,2092,2031
1129395,B,255,963,2043,2087,2031,963,2045,2089,2031
1129495,B,255,966,2044,2091,2029,966,2044,2091,2029
1129595,B,255,963,2045,2093,2030,963,2045,2093,2030
1129695,B,255,963,2045,2091,2031,963,2045,2091,2031
1129795,B,255,963,2046,2090,2031,963,2044,2090,2031
1129895,B,255,965,2047,2090,2029,965,2047,2090,2029
1129995,B,255,966,2046,2091,2031,965,2046,2091,2031
1130095,B,255,963,2046,2093,2030,963,2046,2092,2030
1130195,B,255,963,2045,2091,2027,963,2045,2091,2029
1130295,B,255,967,2047,2093,2032,966,2047,2092,2031
1130395,B,255,965,2046,2093,2032,965,2046,2093,2030
1130495,B,255,963,2046,2093,2029,962,2044,2091,2029
1130595,B,255,963,2046,2087,2030,963,2046,2091,2030
1130695,B,255,964,2047,2091,2029,964,2046,2091,2029
1130795,B,255,966,2043,2090,2029,965,2045,2090,2029
1130895,B,255,965,2045,2090,2031,965,2045,2090,2031
1130995,B,255,963,2047,2089,2029,963,2047,2091,2029
1131095,B,255,965,2047,2090,2032,964,2046,2090,2030
1131195,B,255,965,2043,2092,2031,965,2044,2092,2031
1131295,B,255,964,2046,2094,2030,964,2046,2093,2030
1131395,B,255,966,2043,2091,2031,966,2044,2090,2030
1131495,B,255,963,2047,2087,2031,963,2047,2090,2031
1131595,B,255,955,2033,2078,2015,960,2041,2090,2028
1131695,B,255,962,2045,2092,2030,963,2045,2092,2030
1131795,B,255,967,2045,2092,2029,966,2045,2091,2030
1131895,B,255,951,2032,2079,2017,962,2042,2090,2028
1131995,B,255,963,2045,2091,2031,964,2045,2091,2031
1132095,B,255,963,2043,2091,2029,963,2044,2091,2029
1132195,B,255,953,2032,2078,2015,963,2044,2090,2028
1132295,B,255,962,2045,2093,2032,963,2045,2093,2032
1132395,B,255,965,2045,2093,2031,965,2045,2092,2031
1132495,B,255,964,2045,2092,2030,964,2045,2091,2030
1132595,B,255,966,2046,2090,2031,966,2046,2092,2031
1132695,B,255,964,2047,2089,2031,964,2046,2090,2031
1132795,B,255,965,2045,2090,2030,965,2045,2091,2030
1132895,B,255,965,2043,2094,2030,965,2044,2090,2031
1132995,B,255,967,2045,2090,2029,966,2045,2091,2029
1133095,B,255,964,2047,2090,2030,964,2047,2092,2030
1133195,B,255,963,2044,2090,2026,963,2045,2092,2029
1133295,B,255,963,2047,2096,2031,963,2047,2092,2031
1133395,B,255,964,2045,2091,2031,964,2045,2092,2031
1133495,B,255,963,2045,2093,2030,964,2045,2093,2030
1133595,B,255,963,2047,2091,2030,963,2046,2091,2030
1133695,B,255,965,2046,2089,2030,965,2045,2090,2030
1133795,B,255,965,2047,2094,2031,965,2047,2092,2031
1133895,B,255,964,2045,2091,2030,964,2045,2091,2030
1133995,B,255,966,2046,2090,2032,965,2046,2090,2032
1134095,B,255,963,2043,2091,2030,964,2044,2091,2030
1134195,B,255,964,2046,2092,2030,964,2046,2092,2030
1134295,B,255,962,2045,2090,2031,964,2045,2092,2031
1134395,B,255,966,2045,2091,2032,964,2045,2091,2031
1134495,B,255,965,2046,2090,2029,964,2045,2090,2029
1134595,B,255,962,2046,2089,2032,962,2046,2089,2031
1134695,B,255,962,2046,2089,2030,964,2046,2091,2030
1134795,B,255,965,2045,2091,2029,963,2045,2090,2028
1134895,B,255,965,2047,2093,2031,965,2046,2093,2031
1134995,B,255,963,2043,2087,2031,963,2043,2090,2031
1135095,B,255,963,2047,2092,2032,962,2042,2089,2028
1135195,B,255,965,2046,2093,2031,965,2046,2092,2031
1135295,B,255,966,2046,2094,2027,964,2045,2093,2030
1135395,B,255,966,2046,2095,2030,963,2045,2091,2029
1135495,B,255,965,2046,2094,2031,965,2044,2091,2031
1135595,B,255,954,2032,2077,2018,963,2042,2090,2028
1135695,B,255,965,2046,2093,2031,965,2046,2092,2031
1135795,B,255,966,2047,2091,2032,966,2046,2091,2031
1135895,B,255,949,2032,2073,2017,963,2044,2090,2029
1135995,B,255,966,2045,2091,2027,964,2045,2092,2030
1136095,B,255,962,2045,2091,2029,962,2045,2091,2029
1136195,B,255,963,2046,2091,2027,963,2046,2092,2029
1136295,B,255,965,2046,2091,2031,964,2046,2092,2031
1136395,B,255,962,2046,2091,2029,962,2046,2091,2030
1136495,B,255,950,2032,2078,2016,964,2045,2090,2029
1136595,B,255,965,2041,2089,2029,964,2044,2089,2029
1136695,B,255,963,2046,2092,2031,964,2046,2092,2031
1136795,B,255,964,2047,2093,2031,964,2046,2092,2031
1136895,B,255,960,2046,2090,2031,962,2046,2090,2031
1136995,B,255,965,2046,2091,2031,965,2045,2091,2031
1137095,B,255,963,2045,2091,2029,965,2046,2091,2030
1137195,B,255,965,2044,2093,2029,965,2044,2091,2029
1137295,B,255,965,2044,2093,2031,965,2044,2092,2031
1137395,B,255,962,2047,2090,2027,962,2047,2090,2030
1137495,B,255,963,2045,2090,2031,964,2045,2090,2031
1137595,B,255,966,2045,2095,2032,962,2045,2088,2029
1137695,B,255,967,2047,2094,2029,966,2047,2091,2030
1137795,B,255,965,2045,2092,2029,964,2045,2092,2029
1137895,B,255,966,2045,2095,2031,964,2045,2092,2031
1137995,B,255,965,2046,2091,2030,965,2046,2091,2030
1138095,B,255,965,2047,2091,2032,965,2046,2092,2032
1138195,B,255,966,2043,2090,2030,964,2044,2090,2028
1138295,B,255,965,2045,2090,2029,965,2045,2091,2029
1138395,B,255,964,2045,2091,2031,964,2045,2091,2031
1138495,B,255,963,2047,2092,2029,963,2047,2092,2030
1138595,B,255,963,2046,2094,2031,964,2046,2091,2031
1138695,B,255,963,2047,2091,2029,963,2046,2091,2030
1138795,B,255,967,2047,2092,2030,962,2045,2089,2028
1138895,B,255,962,2045,2091,2030,962,2046,2091,2030
1138995,B,255,965,2046,2089,2030,965,2046,2089,2030
1139095,B,255,969,2047,2093,2031,963,2045,2092,2031
1139195,B,255,964,2043,2088,2031,964,2044,2090,2031
1139295,B,255,962,2045,2092,2030,964,2045,2092,2031
1139395,B,255,963,2047,2093,2032,963,2046,2093,2030
1139495,B,255,966,2044,2091,2031,966,2045,2091,2031
1139595,B,255,966,2045,2092,2030,961,2045,2090,2029
1139695,B,255,966,2047,2091,2029,966,2046,2091,2030
1139795,B,255,965,2047,2091,2032,965,2047,2092,2031
1139895,B,255,955,2033,2077,2018,964,2044,2089,2028
1139995,B,255,966,2047,2091,2031,966,2047,2092,2030
1140095,B,255,963,2044,2091,2030,963,2045,2091,2030
1140195,B,255,952,2032,2076,2018,963,2045,2090,2030
1140295,B,255,965,2045,2094,2032,961,2044,2089,2029
1140395,B,255,966,2045,2094,2030,966,2045,2092,2030
1140495,B,255,951,2032,2077,2015,963,2045,2089,2028
1140595,B,255,963,2045,2087,2029,963,2045,2088,2029
1140695,B,255,962,2045,2090,2030,963,2045,2090,2030
1140795,B,255,963,2047,2091,2031,963,2047,2091,2031
1140895,B,255,964,2047,2091,2031,964,2046,2091,2031
1140995,B,255,966,2047,2089,2030,966,2046,2092,2030
1141095,B,255,963,2044,2090,2029,963,2044,2090,2029
1141195,B,255,965,2045,2091,2030,965,2045,2091,2030
1141295,B,255,964,2046,2095,2031,964,2046,2094,2031
1141395,B,255,963,2046,2091,2030,963,2046,2091,2030
1141495,B,255,965,2046,2090,2030,965,2046,2090,2030
1141595,B,255,954,2033,2075,2019,957,2038,2083,2022
1141695,B,255,963,2046,2091,2031,961,2042,2088,2026
1141795,B,255,964,2045,2091,2031,964,2045,2091,2031
1141895,B,255,963,2045,2093,2030,963,2045,2091,2030
1141995,B,255,965,2046,2089,2029,965,2046,2090,2031
1142095,B,255,963,2041,2086,2031,963,2045,2091,2031
1142195,B,255,963,2045,2093,2027,963,2044,2091,2027
1142295,B,255,965,2043,2093,2031,965,2044,2093,2030
1142395,B,255,963,2045,2093,2030,963,2046,2090,2030
1142495,B,255,962,2042,2090,2030,962,2043,2092,2030
1142595,B,255,965,2047,2092,2031,965,2047,2092,2031
1142695,B,255,965,2057,2094,2030,964,2046,2092,2030
1142795,B,255,965,2046,2092,2031,964,2046,2092,2031
1142895,B,255,963,2047,2092,2031,964,2046,2091,2031
1142995,B,255,965,2045,2090,2032,965,2045,2092,2032
1143095,B,255,963,2047,2094,2032,963,2045,2092,2029
1143195,B,255,962,2047,2090,2028,962,2047,2090,2029
1143295,B,255,965,2044,2091,2031,965,2045,2090,2031
1143395,B,255,965,2047,2087,2031,964,2044,2090,2030
1143495,B,255,965,2041,2092,2029,964,2045,2092,2029
1143595,B,255,949,2027,2076,2015,961,2043,2090,2028
1143695,B,255,965,2045,2089,2030,965,2045,2089,2030
1143795,B,255,967,2047,2091,2032,964,2046,2092,2032
1143895,B,255,955,2032,2081,2015,963,2042,2088,2027
1143995,B,255,965,2045,2093,2032,965,2045,2092,2031
1144095,B,255,965,2045,2093,2031,965,2045,2092,2030
1144195,B,255,952,2033,2080,2017,960,2042,2088,2028
1144295,B,255,963,2042,2091,2030,964,2045,2092,2029
1144395,B,255,965,2047,2092,2029,965,2047,2092,2030
1144495,B,255,969,2047,2094,2031,964,2044,2092,2031
1144595,B,255,963,2047,2090,2030,963,2047,2090,2030
1144695,B,255,965,2043,2092,2031,965,2043,2092,2031
1144795,B,255,965,2046,2094,2029,965,2046,2092,2029
1144895,B,255,965,2044,2091,2029,965,2045,2091,2030
1144995,B,255,963,2045,2093,2032,964,2045,2092,2031
1145095,B,255,957,2032,2081,2018,964,2046,2090,2029
1145195,B,255,964,2045,2091,2028,964,2045,2091,2028
1145295,B,255,965,2046,2090,2030,964,2046,2092,2030
1145395,B,255,965,2045,2087,2030,965,2046,2090,2030
1145495,B,255,963,2045,2091,2029,963,2045,2091,2030
1145595,B,255,965,2043,2091,2031,964,2044,2090,2031
1145695,B,255,966,2045,2090,2031,966,2045,2092,2031
1145795,B,255,964,2045,2094,2032,964,2045,2093,2030
1145895,B,255,965,2047,2093,2031,965,2046,2091,2031
1145995,B,255,964,2045,2090,2031,964,2045,2090,2030
1146095,B,255,965,2043,2094,2031,965,2044,2092,2031
1146195,B,255,967,2047,2088,2027,966,2046,2090,2030
1146295,B,255,963,2045,2091,2031,963,2045,2091,2030
1146395,B,255,959,2045,2091,2031,964,2045,2091,2031
1146495,B,255,966,2045,2090,2032,965,2045,2092,2031
1146595,B,255,966,2045,2088,2030,965,2045,2089,2030
1146695,B,255,965,2046,2090,2030,965,2046,2091,2030
1146795,B,255,963,2046,2095,2031,963,2045,2092,2031
1146895,B,255,962,2043,2089,2031,962,2045,2092,2030
1146995,B,255,967,2047,2092,2032,965,2046,2092,2030
1147095,B,255,965,2047,2094,2031,962,2042,2089,2027
1147195,B,255,965,2045,2094,2027,964,2045,2091,2028
1147295,B,255,966,2046,2093,2031,966,2046,2092,2031
1147395,B,255,963,2045,2091,2027,964,2045,2090,2028
1147495,B,255,965,2047,2093,2032,965,2046,2092,2032
1147595,B,255,963,2045,2093,2030,963,2045,2090,2030
1147695,B,255,964,2047,2094,2028,964,2045,2093,2029
1147795,B,255,962,2044,2091,2030,962,2044,2091,2030
1147895,B,255,964,2045,2093,2030,964,2045,2090,2030
1147995,B,255,964,2043,2091,2029,964,2045,2091,2029
1148095,B,255,962,2045,2086,2029,964,2046,2091,2029
1148195,B,255,965,2046,2093,2030,965,2044,2091,2028
1148295,B,255,965,2045,2091,2029,965,2046,2092,2030
1148395,B,255,965,2045,2090,2029,965,2045,2090,2029
1148495,B,255,951,2032,2079,2016,963,2044,2090,2027
1148595,B,255,965,2045,2091,2031,965,2045,2091,2031
1148695,B,255,963,2046,2093,2030,965,2045,2092,2030
1148795,B,255,954,2035,2078,2015,963,2044,2088,2029
1148895,B,255,965,2045,2092,2030,965,2045,2092,2030
1148995,B,255,965,2044,2090,2028,963,2044,2090,2028
1149095,B,255,966,2047,2090,2031,966,2045,2091,2031
1149195,B,255,961,2044,2093,2032,962,2044,2093,2031
1149295,B,255,967,2044,2090,2029,966,2044,2091,2030
1149395,B,255,963,2046,2091,2031,963,2046,2091,2031
1149495,B,255,965,2045,2090,2028,965,2045,2091,2029
1149595,B,255,964,2045,2089,2028,964,2045,2089,2030
1149695,B,255,965,2043,2090,2032,965,2044,2090,2031
1149795,B,255,965,2046,2093,2029,964,2046,2093,2029
1149895,B,255,965,2046,2093,2029,965,2046,2092,2029
1149995,B,255,963,2046,2094,2031,963,2046,2092,2031
1150095,B,255,962,2046,2094,2030,963,2046,2092,2030
1150195,B,255,965,2046,2090,2032,965,2046,2090,2032
1150295,B,255,965,2045,2090,2029,964,2045,2091,2030
1150395,B,255,964,2046,2093,2030,964,2046,2092,2030
1150495,B,255,955,2045,2090,2030,963,2045,2090,2030
1150595,B,255,964,2043,2087,2031,964,2043,2092,2031
1150695,B,255,965,2046,2089,2030,965,2046,2091,2030
1150795,B,255,963,2046,2093,2029,963,2045,2093,2029
1150895,B,255,963,2045,2091,2031,963,2045,2091,2031
1150995,B,255,965,2045,2089,2031,964,2045,2090,2031
1151095,B,255,963,2045,2093,2029,963,2045,2092,2029
1151195,B,255,963,2043,2094,2031,963,2044,2092,2031
1151295,B,255,965,2043,2093,2032,965,2045,2093,2031
1151395,B,255,964,2046,2094,2029,964,2046,2092,2029
1151495,B,255,963,2047,2091,2032,963,2047,2091,2031
1151595,B,255,965,2044,2089,2030,965,2044,2091,2030
1151695,B,255,962,2046,2091,2029,962,2046,2091,2029
1151795,B,255,965,2047,2092,2029,964,2045,2092,2029
1151895,B,255,966,2047,2093,2031,961,2043,2091,2029
1151995,B,255,963,2045,2091,2032,963,2045,2091,2031
1152095,B,255,961,2043,2091,2031,963,2046,2091,2031
1152195,B,255,963,2047,2095,2030,964,2046,2092,2030
1152295,B,255,963,2046,2091,2028,963,2046,2091,2030
1152395,B,255,965,2043,2091,2029,965,2044,2091,2029
1152495,B,255,950,2032,2078,2016,961,2043,2089,2028
1152595,B,255,967,2047,2093,2031,965,2047,2092,2031
1152695,B,255,963,2047,2091,2031,964,2044,2091,2030
1152795,B,255,954,2035,2078,2017,963,2043,2089,2028
1152895,B,255,963,2046,2093,2031,964,2046,2093,2030
1152995,B,255,963,2045,2094,2029,963,2045,2092,2029
1153095,B,255,951,2032,2077,2018,962,2044,2090,2030
1153195,B,255,964,2047,2093,2030,964,2047,2091,2030
1153295,B,255,963,2047,2091,2031,963,2047,2091,2031
1153395,B,255,954,2031,2075,2017,962,2045,2091,2030
1153495,B,255,965,2047,2093,2031,964,2047,2093,2031
1153595,B,255,948,2032,2077,2017,963,2045,2091,2028
1153695,B,255,964,2045,2091,2029,964,2045,2091,2029
1153795,B,255,963,2043,2093,2031,963,2046,2093,2031
1153895,B,255,963,2045,2092,2031,964,2045,2092,2031
1153995,B,255,964,2046,2093,2032,964,2045,2091,2032
1154095,B,255,966,2045,2093,2032,963,2045,2093,2032
1154195,B,255,963,2045,2090,2030,963,2045,2092,2030
1154295,B,255,965,2045,2091,2030,965,2045,2091,2030
1154395,B,255,963,2046,2092,2031,965,2046,2092,2031
1154495,B,255,965,2045,2087,2031,965,2045,2090,2031
1154595,B,255,963,2046,2091,2031,963,2046,2091,2031
1154695,B,255,964,2043,2090,2031,964,2045,2092,2031
1154795,B,255,967,2047,2091,2030,966,2047,2091,2030
1154895,B,255,963,2046,2093,2030,964,2046,2092,2030
1154995,B,255,963,2046,2094,2027,964,2046,2092,2030
1155095,B,255,965,2045,2087,2030,965,2045,2091,2030
1155195,B,255,965,2047,2089,2032,963,2045,2089,2030
1155295,B,255,965,2045,2094,2029,965,2045,2092,2029
1155395,B,255,963,2045,2090,2030,963,2046,2091,2030
1155495,B,255,965,2041,2093,2030,965,2044,2092,2030
1155595,B,255,951,2033,2077,2018,957,2040,2087,2024
1155695,B,255,964,2046,2093,2031,958,2039,2086,2024
1155795,B,255,965,2045,2091,2031,965,2045,2092,2031
1155895,B,255,967,2047,2096,2032,963,2044,2089,2028
1155995,B,255,965,2044,2091,2029,965,2044,2091,2029
1156095,B,255,963,2047,2093,2031,964,2047,2093,2031
1156195,B,255,967,2047,2092,2030,962,2045,2091,2028
1156295,B,255,965,2046,2093,2030,965,2046,2092,2030
1156395,B,255,964,2047,2091,2029,964,2046,2092,2030
1156495,B,255,965,2045,2091,2032,965,2045,2091,2031
1156595,B,255,965,2046,2091,2030,965,2046,2092,2031
1156695,B,255,963,2046,2090,2029,963,2046,2091,2029
1156795,B,255,954,2032,2077,2018,959,2041,2088,2027
1156895,B,255,963,2046,2094,2031,963,2046,2093,2031
1156995,B,255,965,2045,2092,2031,965,2045,2092,2031
1157095,B,255,965,2053,2094,2032,965,2043,2093,2030
1157195,B,255,961,2045,2093,2031,965,2045,2091,2030
1157295,B,255,965,2046,2091,2030,964,2046,2091,2031
1157395,B,255,964,2045,2093,2032,963,2045,2090,2031
1157495,B,255,964,2047,2091,2030,964,2045,2091,2030
1157595,B,255,953,2031,2076,2015,964,2042,2090,2029
1157695,B,255,963,2043,2090,2031,965,2046,2090,2031
1157795,B,255,965,2045,2092,2029,965,2045,2092,2030
1157895,B,255,958,2033,2082,2021,963,2044,2091,2030
1157995,B,255,963,2045,2092,2031,963,2046,2092,2031
1158095,B,255,963,2044,2087,2031,964,2046,2091,2031
1158195,B,255,964,2047,2092,2030,964,2047,2092,2030
1158295,B,255,962,2046,2094,2032,963,2046,2092,2031
1158395,B,255,965,2046,2093,2031,965,2046,2093,2031
1158495,B,255,962,2046,2089,2030,963,2046,2092,2030
1158595,B,255,962,2045,2091,2031,963,2045,2091,2031
1158695,B,255,965,2045,2089,2031,965,2045,2091,2031
1158795,B,255,964,2045,2093,2030,964,2045,2093,2031
1158895,B,255,965,2046,2094,2031,965,2046,2092,2031
1158995,B,255,966,2047,2090,2031,965,2046,2091,2031
1159095,B,255,964,2046,2090,2030,964,2046,2091,2030
1159195,B,255,967,2046,2095,2028,964,2046,2091,2030
1159295,B,255,962,2047,2091,2029,962,2047,2091,2030
1159395,B,255,965,2045,2092,2032,965,2045,2092,2031
1159495,B,255,965,2047,2093,2030,965,2047,2092,2030
1159595,B,255,965,2045,2091,2031,964,2045,2091,2031
1159695,B,255,966,2046,2091,2030,966,2046,2091,2030
1159795,B,255,965,2045,2094,2031,965,2045,2092,2031
1159895,B,255,963,2045,2087,2030,963,2045,2091,2030
1159995,B,255,964,2042,2090,2031,964,2045,2091,2031
1160095,B,255,963,2045,2091,2029,964,2045,2092,2030
1160195,B,255,963,2046,2091,2025,963,2046,2091,2030
1160295,B,255,965,2047,2091,2030,965,2046,2091,2030
1160395,B,255,963,2046,2090,2030,963,2046,2091,2030
1160495,B,255,965,2046,2093,2031,963,2045,2091,2030
1160595,B,255,963,2046,2093,2029,963,2046,2093,2030
1160695,B,255,968,2046,2088,2030,966,2046,2091,2030
1160795,B,255,965,2046,2090,2031,963,2045,2090,2030
1160895,B,255,965,2046,2095,2031,965,2046,2092,2031
1160995,B,255,963,2045,2086,2030,963,2045,2090,2030
1161095,B,255,966,2046,2094,2032,965,2045,2092,2031
1161195,B,255,965,2045,2090,2030,965,2046,2091,2031
1161295,B,255,967,2047,2094,2032,965,2047,2093,2030
1161395,B,255,967,2047,2094,2032,967,2047,2094,2032
1161495,B,255,963,2047,2091,2031,964,2047,2092,2031
1161595,B,255,949,2035,2080,2019,962,2045,2091,2029
1161695,B,255,966,2046,2094,2031,965,2046,2092,2031
1161795,B,255,966,2044,2093,2029,966,2045,2093,2031
1161895,B,255,965,2046,2093,2031,964,2046,2092,2031
1161995,B,255,965,2047,2091,2031,964,2047,2092,2031
1162095,B,255,963,2044,2091,2031,963,2046,2091,2031
1162195,B,255,965,2047,2091,2032,965,2046,2092,2031
1162295,B,255,966,2046,2094,2029,966,2045,2094,2030
1162395,B,255,964,2047,2093,2031,964,2046,2093,2031
1162495,B,255,967,2046,2090,2031,965,2046,2092,2031
1162595,B,255,963,2046,2091,2031,963,2046,2091,2031
1162695,B,255,962,2046,2092,2032,964,2046,2092,2032
1162795,B,255,966,2046,2091,2030,964,2046,2092,2031
1162895,B,255,965,2046,2087,2030,965,2046,2091,2030
1162995,B,255,965,2044,2090,2029,965,2044,2090,2029
1163095,B,255,963,2046,2090,2032,965,2046,2092,2032
1163195,B,255,963,2047,2091,2031,963,2047,2092,2031
1163295,B,255,965,2046,2091,2030,965,2046,2091,2030
1163395,B,255,965,2044,2094,2030,965,2044,2093,2031
1163495,B,255,965,2043,2091,2030,963,2045,2091,2029
1163595,B,255,963,2047,2094,2031,963,2047,2093,2031
1163695,B,255,965,2047,2089,2027,965,2045,2091,2030
1163795,B,255,965,2046,2093,2032,965,2046,2093,2032
1163895,B,255,962,2047,2094,2030,963,2047,2093,2030
1163995,B,255,965,2043,2093,2031,965,2045,2093,2031
1164095,B,255,966,2047,2091,2032,966,2046,2091,2030
1164195,B,255,967,2045,2092,2032,965,2045,2092,2032
1164295,B,255,966,2047,2093,2030,966,2047,2093,2030
1164395,B,255,965,2046,2092,2029,965,2046,2092,2031
1164495,B,255,963,2047,2095,2032,963,2045,2091,2030
1164595,B,255,962,2047,2093,2031,964,2047,2093,2031
1164695,B,255,963,2045,2093,2031,963,2045,2093,2031
1164795,B,255,964,2047,2089,2031,963,2045,2089,2030
1164895,B,255,965,2045,2090,2031,965,2045,2091,2031
1164995,B,255,966,2047,2096,2032,966,2046,2093,2031
1165095,B,255,964,2047,2093,2030,964,2046,2092,2030
1165195,B,255,964,2047,2093,2031,964,2046,2090,2031
1165295,B,255,966,2047,2094,2031,966,2047,2091,2031
1165395,B,255,967,2046,2092,2029,966,2046,2092,2029
1165495,B,255,965,2045,2089,2030,965,2045,2091,2031
1165595,B,255,947,2032,2081,2017,962,2043,2090,2029
1165695,B,255,960,2047,2091,2030,964,2045,2091,2030
1165795,B,255,964,2047,2091,2030,964,2047,2091,2030
1165895,B,255,949,2032,2079,2017,963,2043,2091,2029
1165995,B,255,965,2047,2094,2030,964,2046,2093,2030
1166095,B,255,963,2046,2091,2031,964,2046,2091,2031
1166195,B,255,966,2047,2089,2028,966,2047,2092,2029
1166295,B,255,964,2047,2090,2032,964,2047,2090,2032
1166395,B,255,966,2045,2089,2031,965,2045,2091,2030
1166495,B,255,964,2046,2092,2031,964,2046,2092,2031
1166595,B,255,966,2047,2093,2029,965,2046,2092,2031
1166695,B,255,964,2045,2090,2031,964,2045,2092,2031
1166795,B,255,963,2047,2092,2031,964,2047,2092,2031
1166895,B,255,967,2045,2095,2029,965,2046,2090,2029
1166995,B,255,964,2046,2091,2030,964,2046,2091,2030
1167095,B,255,965,2046,2090,2031,965,2046,2092,2031
1167195,B,255,964,2045,2094,2031,964,2045,2093,2031
1167295,B,255,965,2047,2091,2032,964,2047,2092,2031
1167395,B,255,965,2047,2090,2032,965,2047,2090,2032
1167495,B,255,963,2045,2090,2032,963,2045,2090,2031
1167595,B,255,964,2046,2090,2031,964,2046,2090,2031
1167695,B,255,967,2045,2090,2031,966,2045,2091,2031
1167795,B,255,966,2046,2096,2032,965,2046,2093,2032
1167895,B,255,963,2047,2095,2031,963,2046,2093,2031
1167995,B,255,964,2045,2091,2031,964,2045,2091,2031
1168095,B,255,967,2047,2086,2032,965,2047,2092,2031
1168195,B,255,964,2045,2094,2031,964,2045,2090,2028
1168295,B,255,964,2043,2093,2030,964,2044,2092,2030
1168395,B,255,965,2047,2091,2032,965,2047,2091,2032
1168495,B,255,965,2046,2091,2030,964,2046,2091,2030
1168595,B,255,965,2044,2091,2032,964,2045,2091,2031
1168695,B,255,963,2045,2091,2030,963,2045,2091,2030
1168795,B,255,963,2045,2091,2031,963,2043,2089,2029
1168895,B,255,963,2047,2091,2031,963,2046,2091,2031
1168995,B,255,965,2043,2092,2031,963,2044,2092,2031
1169095,B,255,963,2045,2095,2032,963,2044,2092,2031
1169195,B,255,964,2046,2091,2032,964,2046,2091,2032
1169295,B,255,960,2046,2093,2030,965,2046,2092,2030
1169395,B,255,963,2043,2091,2029,963,2046,2091,2030
1169495,B,255,965,2045,2090,2032,965,2045,2091,2032
1169595,B,255,967,2045,2094,2032,962,2045,2091,2029
1169695,B,255,964,2043,2090,2031,964,2045,2090,2031
1169795,B,255,964,2045,2091,2030,964,2045,2092,2030
1169895,B,255,965,2046,2093,2032,964,2046,2092,2031
1169995,B,255,967,2046,2090,2031,964,2046,2092,2031
1170095,B,255,965,2047,2091,2029,965,2047,2093,2030
1170195,B,255,953,2032,2080,2019,962,2043,2090,2027
1170295,B,255,964,2042,2090,2031,964,2045,2090,2031
1170395,B,255,962,2047,2093,2031,962,2047,2092,2031
1170495,B,255,954,2034,2077,2017,963,2045,2091,2030
1170595,B,255,964,2046,2093,2030,964,2046,2092,2031
1170695,B,255,965,2046,2092,2031,965,2045,2092,2031
1170795,B,255,965,2045,2093,2032,965,2045,2093,2032
1170895,B,255,964,2047,2091,2030,964,2047,2091,2030
1170995,B,255,966,2046,2092,2032,964,2046,2092,2032
1171095,B,255,963,2046,2089,2031,963,2046,2090,2031
1171195,B,255,963,2044,2091,2027,963,2045,2091,2030
1171295,B,255,967,2047,2093,2030,965,2046,2093,2029
1171395,B,255,965,2046,2092,2031,964,2046,2092,2031
1171495,B,255,963,2047,2091,2032,965,2047,2092,2031
1171595,B,255,965,2047,2092,2032,964,2047,2092,2032
1171695,B,255,963,2043,2090,2030,964,2044,2091,2030
1171795,B,255,965,2045,2092,2030,964,2045,2092,2030
1171895,B,255,955,2033,2081,2017,959,2040,2084,2024
1171995,B,255,965,2046,2089,2030,961,2042,2086,2026
1172095,B,255,963,2046,2090,2032,963,2046,2092,2032
1172195,B,255,965,2044,2091,2030,965,2044,2091,2030
1172295,B,255,965,2045,2093,2029,965,2045,2092,2030
1172395,B,255,965,2047,2091,2034,965,2047,2091,2031
1172495,B,255,965,2045,2093,2031,964,2046,2093,2031
1172595,B,255,967,2047,2090,2032,965,2046,2091,2032
1172695,B,255,963,2046,2093,2031,963,2046,2093,2031
1172795,B,255,965,2053,2096,2031,964,2047,2092,2031
1172895,B,255,966,2047,2094,2031,966,2046,2093,2031
1172995,B,255,965,2045,2093,2031,965,2046,2093,2031
1173095,B,255,962,2047,2093,2031,964,2047,2093,2031
1173195,B,255,966,2045,2091,2032,966,2045,2092,2031
1173295,B,255,964,2047,2093,2032,965,2046,2093,2032
1173395,B,255,965,2047,2092,2031,965,2047,2092,2031
1173495,B,255,967,2045,2093,2031,967,2045,2093,2031
1173595,B,255,966,2046,2095,2032,962,2045,2092,2029
1173695,B,255,963,2046,2092,2032,964,2046,2092,2032
1173795,B,255,965,2046,2093,2032,965,2046,2092,2031
1173895,B,255,954,2033,2080,2017,962,2043,2091,2030
1173995,B,255,965,2044,2093,2030,965,2046,2093,2030
1174095,B,255,963,2046,2091,2032,963,2046,2091,2032
1174195,B,255,954,2033,2081,2019,963,2044,2091,2028
1174295,B,255,965,2047,2093,2032,965,2047,2093,2032
1174395,B,255,965,2046,2090,2030,965,2046,2093,2030
1174495,B,255,953,2032,2079,2016,964,2046,2091,2030
1174595,B,255,965,2047,2093,2031,959,2042,2087,2026
1174695,B,255,965,2046,2095,2030,965,2046,2095,2030
1174795,B,255,954,2032,2080,2017,964,2045,2090,2029
1174895,B,255,962,2046,2094,2031,963,2046,2092,2031
1174995,B,255,964,2045,2094,2030,964,2045,2092,2031
1175095,B,255,962,2046,2093,2030,963,2046,2093,2031
1175195,B,255,965,2047,2095,2032,965,2046,2093,2032
1175295,B,255,965,2046,2094,2031,965,2046,2094,2031
1175395,B,255,966,2045,2092,2032,966,2045,2092,2031
1175495,B,255,971,2047,2093,2032,965,2047,2093,2031
1175595,B,255,967,2047,2091,2032,966,2047,2093,2031
1175695,B,255,967,2042,2091,2029,966,2044,2091,2030
1175795,B,255,965,2045,2093,2031,965,2045,2092,2031
1175895,B,255,963,2047,2092,2031,964,2047,2092,2031
1175995,B,255,962,2046,2094,2030,963,2046,2093,2030
1176095,B,255,964,2045,2091,2032,964,2045,2092,2032
1176195,B,255,963,2045,2090,2029,964,2045,2090,2029
1176295,B,255,965,2044,2095,2032,965,2046,2093,2030
1176395,B,255,966,2047,2091,2031,964,2047,2093,2031
1176495,B,255,963,2045,2091,2029,963,2046,2093,2029
1176595,B,255,962,2047,2091,2031,964,2047,2091,2031
1176695,B,255,965,2047,2090,2032,965,2047,2092,2032
1176795,B,255,963,2047,2090,2032,963,2046,2090,2030
1176895,B,255,963,2046,2093,2029,963,2046,2093,2030
1176995,B,255,964,2045,2092,2030,965,2045,2093,2030
1177095,B,255,965,2047,2092,2030,963,2045,2092,2028
1177195,B,255,963,2044,2093,2032,964,2046,2093,2031
1177295,B,255,967,2045,2093,2031,965,2045,2093,2031
1177395,B,255,961,2047,2091,2032,962,2047,2092,2031
1177495,B,255,966,2047,2094,2032,966,2047,2092,2031
1177595,B,255,965,2047,2094,2033,964,2044,2091,2028
1177695,B,255,965,2046,2091,2031,964,2046,2092,2031
1177795,B,255,964,2045,2094,2032,966,2046,2093,2031
1177895,B,255,951,2034,2078,2019,962,2042,2091,2027
1177995,B,255,965,2046,2094,2031,965,2046,2092,2031
1178095,B,255,963,2039,2092,2030,963,2045,2092,2030
1178195,B,255,964,2047,2096,2032,964,2046,2092,2030
1178295,B,255,966,2047,2091,2027,965,2047,2091,2030
1178395,B,255,967,2047,2093,2032,963,2046,2091,2032
1178495,B,255,965,2047,2096,2031,965,2045,2093,2029
1178595,B,255,964,2047,2091,2031,964,2047,2092,2031
1178695,B,255,963,2043,2091,2031,964,2044,2091,2031
1178795,B,255,957,2035,2080,2016,962,2045,2092,2029
1178895,B,255,967,2047,2092,2030,964,2047,2092,2031
1178995,B,255,963,2046,2092,2031,965,2046,2092,2031
1179095,B,255,964,2047,2091,2031,964,2046,2091,2031
1179195,B,255,965,2047,2090,2030,965,2047,2091,2030
1179295,B,255,961,2047,2091,2032,963,2047,2092,2031
1179395,B,255,965,2047,2091,2031,965,2046,2092,2031
1179495,B,255,965,2047,2094,2031,965,2046,2092,2031
1179595,B,255,965,2047,2094,2030,965,2046,2093,2031
1179695,B,255,965,2043,2095,2031,965,2046,2095,2031
1179795,B,255,965,2046,2094,2031,965,2046,2092,2031
1179895,B,255,962,2047,2093,2031,964,2047,2091,2030
1179995,B,255,964,2046,2093,2030,964,2046,2093,2030
1180095,B,255,966,2046,2094,2032,965,2046,2093,2032
1180195,B,255,961,2047,2091,2032,963,2047,2093,2032
1180295,B,255,967,2047,2094,2030,966,2047,2093,2030
1180395,B,255,962,2045,2094,2031,964,2046,2094,2031
1180495,B,255,966,2047,2092,2031,962,2047,2092,2031
1180595,B,255,963,2046,2093,2032,964,2046,2093,2032
1180695,B,255,966,2045,2090,2032,966,2046,2093,2032
1180795,B,255,966,2045,2091,2031,965,2045,2091,2031
1180895,B,255,963,2045,2093,2029,964,2045,2093,2030
1180995,B,255,965,2046,2090,2032,965,2046,2090,2031
1181095,B,255,965,2045,2095,2031,965,2045,2094,2031
1181195,B,255,962,2045,2089,2027,963,2045,2090,2031
1181295,B,255,966,2046,2093,2030,964,2046,2091,2030
1181395,B,255,967,2046,2093,2030,967,2046,2091,2030
1181495,B,255,963,2045,2091,2030,963,2046,2091,2030
1181595,B,255,965,2047,2093,2031,965,2046,2092,2030
1181695,B,255,966,2047,2091,2031,966,2047,2091,2031
1181795,B,255,965,2047,2092,2031,965,2047,2092,2031
1181895,B,255,964,2047,2094,2031,964,2047,2093,2031
1181995,B,255,966,2047,2091,2032,965,2047,2092,2032
1182095,B,255,966,2047,2091,2032,966,2047,2091,2032
1182195,B,255,953,2034,2082,2016,962,2043,2088,2028
1182295,B,255,966,2047,2095,2032,966,2046,2093,2032
1182395,B,255,967,2045,2094,2032,964,2045,2092,2031
1182495,B,255,953,2034,2083,2019,963,2044,2090,2027
1182595,B,255,965,2047,2091,2031,965,2047,2091,2031
1182695,B,255,965,2045,2093,2030,965,2046,2093,2030
1182795,B,255,945,2036,2078,2025,963,2045,2090,2030
1182895,B,255,965,2045,2091,2030,965,2045,2091,2030
1182995,B,255,965,2044,2087,2032,965,2046,2090,2032
1183095,B,255,953,2034,2081,2014,965,2043,2090,2030
1183195,B,255,965,2047,2090,2030,964,2046,2092,2030
1183295,B,255,965,2045,2092,2031,965,2045,2092,2031
1183395,B,255,951,2033,2080,2018,964,2044,2090,2030
1183495,B,255,967,2047,2094,2032,967,2047,2094,2032
1183595,B,255,965,2047,2090,2031,965,2046,2092,2030
1183695,B,255,965,2047,2091,2031,964,2047,2093,2031
1183795,B,255,963,2046,2089,2031,964,2046,2092,2031
1183895,B,255,965,2055,2091,2032,965,2048,2091,2031
1183995,B,255,967,2047,2095,2032,966,2047,2094,2031
1184095,B,255,965,2045,2089,2031,965,2046,2092,2031
1184195,B,255,964,2046,2091,2031,964,2046,2092,2031
1184295,B,255,965,2047,2093,2032,965,2047,2093,2032
1184395,B,255,965,2047,2091,2032,965,2047,2091,2032
1184495,B,255,965,2047,2093,2032,965,2047,2093,2032
1184595,B,255,965,2047,2096,2032,965,2047,2094,2032
1184695,B,255,963,2045,2093,2030,965,2046,2092,2031
1184795,B,255,966,2047,2090,2031,966,2047,2092,2031
1184895,B,255,963,2043,2091,2030,964,2046,2093,2031
1184995,B,255,965,2045,2093,2032,965,2045,2093,2032
1185095,B,255,964,2047,2094,2031,964,2046,2094,2031
1185195,B,255,963,2047,2095,2030,964,2047,2094,2030
1185295,B,255,963,2046,2095,2032,964,2046,2094,2032
1185395,B,255,962,2043,2091,2030,964,2045,2091,2030
1185495,B,255,963,2045,2092,2031,964,2045,2092,2031
1185595,B,255,964,2046,2095,2031,963,2045,2092,2030
1185695,B,255,965,2047,2093,2031,965,2047,2092,2031
1185795,B,255,966,2047,2093,2032,966,2047,2093,2032
1185895,B,255,965,2046,2090,2030,965,2046,2091,2030
1185995,B,255,965,2045,2094,2029,965,2045,2093,2029
1186095,B,255,966,2045,2090,2032,965,2045,2091,2032
1186195,B,255,963,2045,2095,2032,963,2046,2092,2032
1186295,B,255,964,2045,2091,2031,964,2045,2092,2031
1186395,B,255,963,2045,2090,2032,964,2045,2091,2031
1186495,B,255,963,2043,2093,2031,963,2045,2091,2029
1186595,B,255,963,2045,2091,2030,963,2045,2091,2030
1186695,B,255,964,2047,2087,2031,965,2045,2091,2031
1186795,B,255,954,2032,2081,2019,962,2044,2090,2028
1186895,B,255,963,2046,2094,2032,964,2046,2093,2030
1186995,B,255,963,2046,2095,2031,964,2046,2093,2031
1187095,B,255,951,2031,2078,2010,963,2045,2090,2029
1187195,B,255,966,2047,2091,2030,966,2046,2091,2030
1187295,B,255,966,2047,2091,2031,965,2045,2091,2031
1187395,B,255,963,2043,2091,2030,964,2044,2092,2030
1187495,B,255,967,2047,2093,2032,965,2046,2092,2032
1187595,B,255,964,2047,2091,2031,964,2046,2092,2031
1187695,B,255,964,2043,2090,2031,964,2043,2090,2031
1187795,B,255,967,2047,2092,2032,964,2046,2092,2032
1187895,B,255,965,2044,2092,2032,965,2045,2092,2032
1187995,B,255,963,2047,2093,2031,963,2047,2093,2031
1188095,B,255,964,2046,2090,2030,964,2046,2090,2030
1188195,B,255,963,2045,2093,2031,963,2045,2091,2030
1188295,B,255,963,2046,2094,2031,963,2046,2094,2031
1188395,B,255,965,2044,2086,2030,965,2045,2092,2030
1188495,B,255,963,2045,2091,2031,963,2045,2091,2030
1188595,B,255,963,2046,2091,2029,963,2046,2091,2029
1188695,B,255,962,2045,2090,2032,965,2045,2092,2032
1188795,B,255,966,2047,2095,2030,965,2046,2093,2030
1188895,B,255,964,2046,2095,2029,964,2046,2092,2030
1188995,B,255,967,2043,2093,2030,965,2045,2091,2030
1189095,B,255,966,2047,2090,2032,965,2047,2090,2031
1189195,B,255,969,2046,2093,2029,967,2046,2092,2030
1189295,B,255,966,2046,2095,2031,964,2046,2092,2031
1189395,B,255,963,2046,2090,2032,964,2046,2090,2030
1189495,B,255,964,2046,2095,2032,964,2046,2092,2030
1189595,B,255,964,2046,2090,2030,964,2046,2090,2030
1189695,B,255,965,2042,2092,2032,964,2042,2092,2032
1189795,B,255,963,2046,2091,2031,963,2046,2091,2031
1189895,B,255,966,2043,2094,2032,966,2045,2092,2032
1189995,B,255,962,2044,2091,2031,963,2045,2092,2031
1190095,B,255,963,2045,2091,2030,963,2046,2091,2030
1190195,B,255,965,2047,2094,2031,963,2045,2090,2030
1190295,B,255,966,2043,2094,2030,965,2044,2092,2030
1190395,B,255,964,2045,2091,2030,964,2045,2091,2030
1190495,B,255,953,2037,2083,2032,960,2042,2091,2030
1190595,B,255,965,2045,2091,2029,965,2045,2091,2030
1190695,B,255,963,2046,2092,2031,963,2046,2092,2031
1190795,B,255,954,2032,2079,2018,960,2044,2088,2028
1190895,B,255,963,2046,2093,2030,965,2046,2093,2030
1190995,B,255,965,2043,2090,2032,965,2043,2090,2031
1191095,B,255,953,2032,2083,2019,961,2044,2090,2028
1191195,B,255,964,2043,2093,2031,964,2045,2091,2030
1191295,B,255,965,2047,2094,2030,963,2047,2093,2030
1191395,B,255,951,2033,2078,2019,964,2045,2092,2029
1191495,B,255,963,2045,2094,2030,963,2045,2091,2030
1191595,B,255,958,2033,2079,2017,964,2045,2091,2028
1191695,B,255,965,2046,2093,2031,965,2046,2092,2031
1191795,B,255,963,2043,2092,2028,963,2045,2092,2029
1191895,B,255,953,2032,2079,2015,964,2044,2090,2029
1191995,B,255,965,2046,2091,2030,964,2046,2092,2030
1192095,B,255,963,2046,2089,2031,963,2046,2091,2031
1192195,B,255,966,2046,2092,2030,965,2046,2092,2030
1192295,B,255,965,2044,2093,2030,964,2044,2092,2030
1192395,B,255,964,2047,2089,2029,964,2047,2089,2029
1192495,B,255,965,2047,2091,2029,965,2047,2091,2029
1192595,B,255,966,2045,2090,2030,964,2046,2091,2030
1192695,B,255,965,2045,2093,2030,965,2045,2092,2030
1192795,B,255,963,2047,2090,2030,963,2047,2090,2030
1192895,B,255,964,2045,2092,2030,964,2045,2092,2030
1192995,B,255,964,2045,2091,2032,964,2045,2091,2031
1193095,B,255,965,2046,2090,2032,965,2045,2091,2032
1193195,B,255,965,2045,2089,2029,963,2045,2089,2030
1193295,B,255,963,2046,2090,2028,964,2046,2090,2030
1193395,B,255,964,2046,2091,2029,964,2046,2092,2030
1193495,B,255,966,2045,2093,2030,966,2045,2092,2030
1193595,B,255,963,2043,2087,2031,963,2045,2091,2031
1193695,B,255,964,2042,2088,2030,964,2044,2091,2030
1193795,B,255,965,2045,2093,2031,965,2045,2093,2031
1193895,B,255,965,2045,2094,2032,965,2045,2092,2032
1193995,B,255,967,2047,2091,2032,965,2046,2091,2032
1194095,B,255,963,2045,2094,2030,965,2045,2091,2030
1194195,B,255,966,2046,2093,2031,965,2046,2093,2031
1194295,B,255,965,2047,2091,2031,964,2047,2091,2031
1194395,B,255,962,2045,2090,2029,962,2045,2090,2030
1194495,B,255,963,2047,2093,2032,962,2044,2091,2029
1194595,B,255,967,2046,2093,2031,964,2046,2093,2031
1194695,B,255,965,2047,2090,2031,965,2046,2090,2031
1194795,B,255,963,2047,2095,2032,963,2044,2092,2029
1194895,B,255,967,2047,2092,2031,964,2046,2092,2030
1194995,B,255,964,2046,2091,2031,964,2046,2091,2031
1195095,B,255,953,2034,2080,2020,962,2042,2089,2028
1195195,B,255,965,2046,2091,2030,965,2046,2091,2030
1195295,B,255,963,2047,2093,2031,965,2047,2093,2031
1195395,B,255,965,2046,2091,2032,965,2046,2091,2032
1195495,B,255,964,2046,2091,2031,964,2046,2092,2031
1195595,B,255,955,2032,2078,2017,962,2043,2090,2029
1195695,B,255,966,2045,2093,2030,965,2045,2093,2030
1195795,B,255,965,2045,2093,2029,964,2045,2092,2029
1195895,B,255,965,2046,2090,2028,965,2046,2090,2029
1195995,B,255,965,2047,2091,2032,964,2047,2091,2032
1196095,B,255,964,2046,2089,2030,964,2046,2091,2030
1196195,B,255,950,2032,2078,2018,962,2046,2090,2029
1196295,B,255,966,2046,2090,2031,965,2046,2090,2030
1196395,B,255,966,2045,2087,2029,966,2045,2090,2030
1196495,B,255,966,2043,2090,2031,964,2044,2090,2031
1196595,B,255,965,2046,2090,2028,964,2045,2090,2030
1196695,B,255,966,2046,2091,2031,964,2046,2091,2031
1196795,B,255,966,2046,2092,2031,966,2046,2092,2031
1196895,B,255,964,2046,2093,2029,964,2046,2091,2029
1196995,B,255,964,2046,2094,2030,964,2046,2091,2030
1197095,B,255,964,2047,2086,2029,964,2047,2090,2029
1197195,B,255,966,2046,2094,2030,965,2046,2092,2030
1197295,B,255,963,2047,2093,2031,963,2047,2093,2031
1197395,B,255,965,2045,2094,2031,965,2045,2093,2030
1197495,B,255,964,2046,2087,2031,964,2045,2092,2031
1197595,B,255,965,2046,2091,2031,964,2046,2091,2031
1197695,B,255,966,2047,2092,2031,966,2045,2092,2030
1197795,B,255,965,2041,2095,2031,965,2046,2092,2031
1197895,B,255,965,2047,2094,2031,965,2046,2092,2031
1197995,B,255,963,2045,2093,2031,963,2045,2093,2031
1198095,B,255,964,2046,2089,2031,964,2046,2092,2031
1198195,B,255,966,2046,2093,2032,963,2046,2093,2029
1198295,B,255,966,2046,2093,2031,966,2046,2093,2031
1198395,B,255,963,2045,2091,2032,963,2045,2091,2031
1198495,B,255,965,2046,2091,2031,965,2046,2091,2031
1198595,B,255,964,2043,2089,2029,964,2044,2091,2029
1198695,B,255,963,2046,2092,2030,964,2046,2092,2030
1198795,B,255,965,2046,2093,2030,964,2046,2092,2030
1198895,B,255,963,2045,2093,2029,964,2045,2091,2029
1198995,B,255,965,2045,2090,2031,965,2045,2090,2029
1199095,B,255,965,2047,2093,2032,964,2046,2091,2030
1199195,B,255,964,2047,2091,2032,964,2047,2091,2031
1199295,B,255,962,2045,2091,2031,962,2045,2093,2031
1199395,B,255,963,2053,2090,2031,963,2046,2090,2031
1199495,B,255,963,2043,2090,2031,963,2045,2090,2031
1199595,B,255,951,2033,2079,2019,962,2042,2087,2027
1199695,B,255,964,2046,2093,2032,964,2046,2092,2032
1199795,B,255,963,2046,2096,2031,965,2046,2094,2031
1199895,B,255,957,2032,2077,2015,964,2044,2090,2028
1199995,B,255,964,2046,2087,2032,964,2046,2091,2032
1200095,B,255,965,2047,2094,2030,965,2046,2092,2030
1200195,B,255,963,2047,2090,2029,963,2046,2090,2030
1200295,B,255,965,2047,2094,2031,962,2045,2089,2029
1200395,B,255,964,2047,2091,2032,964,2047,2091,2030
1200495,B,255,951,2032,2079,2019,964,2044,2092,2029
1200595,B,255,963,2043,2091,2031,963,2046,2091,2031
1200695,B,255,965,2046,2090,2030,965,2046,2090,2030
1200795,B,255,963,2046,2095,2031,965,2046,2093,2031
1200895,B,255,966,2042,2093,2029,965,2046,2093,2031
1200995,B,255,961,2047,2091,2032,964,2047,2091,2032
1201095,B,255,962,2046,2092,2032,963,2046,2092,2032
1201195,B,255,963,2046,2096,2031,964,2046,2093,2029
1201295,B,255,963,2047,2093,2031,964,2047,2093,2031
1201395,B,255,965,2047,2091,2031,965,2047,2091,2031
1201495,B,255,963,2046,2091,2031,963,2046,2091,2031
1201595,B,255,963,2047,2093,2031,964,2047,2092,2031
1201695,B,255,966,2045,2091,2032,966,2045,2092,2032
1201795,B,255,965,2043,2094,2030,965,2045,2093,2030
1201895,B,255,962,2046,2091,2031,962,2044,2090,2029
1201995,B,255,963,2046,2091,2028,963,2046,2092,2030
1202095,B,255,961,2045,2092,2030,964,2045,2092,2030
1202195,B,255,966,2045,2090,2027,965,2045,2090,2029
1202295,B,255,965,2045,2091,2032,965,2047,2091,2032
1202395,B,255,964,2045,2092,2031,964,2045,2092,2031
1202495,B,255,964,2045,2087,2031,964,2045,2092,2031
1202595,B,255,963,2046,2091,2030,963,2046,2091,2030
1202695,B,255,964,2045,2090,2030,964,2045,2091,2030
1202795,B,255,965,2047,2093,2031,965,2047,2093,2031
1202895,B,255,965,2045,2090,2031,964,2045,2090,2031
1202995,B,255,965,2046,2091,2031,965,2046,2091,2031
1203095,B,255,949,2032,2082,2017,961,2041,2088,2026
1203195,B,255,965,2043,2092,2031,965,2045,2091,2030
1203295,B,255,963,2046,2090,2031,964,2046,2090,2031
1203395,B,255,964,2046,2091,2027,964,2045,2091,2029
1203495,B,255,963,2045,2092,2031,964,2045,2092,2031
1203595,B,255,954,2029,2077,2021,962,2044,2090,2027
1203695,B,255,966,2046,2091,2031,965,2046,2091,2031
1203795,B,255,965,2047,2093,2031,965,2046,2092,2029
1203895,B,255,953,2032,2082,2017,961,2043,2089,2026
1203995,B,255,963,2047,2093,2031,964,2046,2092,2031
1204095,B,255,962,2047,2091,2030,963,2047,2092,2030
1204195,B,255,947,2031,2075,2021,962,2045,2089,2028
1204295,B,255,965,2047,2091,2030,965,2047,2091,2031
1204395,B,255,963,2047,2090,2032,965,2047,2091,2032
1204495,B,255,965,2046,2092,2030,964,2046,2092,2030
1204595,B,255,963,2045,2089,2029,964,2045,2090,2029
1204695,B,255,963,2054,2093,2031,964,2047,2093,2031
1204795,B,255,963,2046,2093,2029,963,2046,2093,2029
1204895,B,255,965,2045,2089,2031,965,2045,2089,2030
1204995,B,255,965,2047,2090,2032,965,2047,2090,2032
1205095,B,255,966,2045,2089,2031,966,2045,2090,2031
1205195,B,255,965,2046,2094,2029,965,2046,2092,2030
1205295,B,255,965,2047,2095,2032,964,2047,2092,2032
1205395,B,255,966,2047,2093,2032,965,2047,2093,2032
1205495,B,255,963,2046,2095,2029,963,2046,2092,2031
1205595,B,255,963,2046,2091,2031,963,2046,2092,2031
1205695,B,255,961,2047,2090,2029,963,2047,2092,2029
1205795,B,255,967,2047,2092,2031,965,2047,2092,2031
1205895,B,255,965,2047,2089,2030,964,2046,2089,2030
1205995,B,255,966,2047,2091,2031,966,2047,2091,2031
1206095,B,255,965,2045,2091,2031,965,2045,2091,2031
1206195,B,255,962,2044,2090,2029,963,2044,2091,2029
1206295,B,255,965,2043,2091,2031,965,2045,2091,2031
1206395,B,255,963,2046,2089,2030,964,2044,2089,2030
1206495,B,255,966,2047,2089,2031,965,2045,2091,2031
1206595,B,255,965,2047,2091,2030,965,2046,2091,2030
1206695,B,255,965,2045,2089,2029,965,2046,2091,2030
1206795,B,255,963,2045,2094,2031,963,2045,2091,2031
1206895,B,255,963,2046,2094,2030,963,2046,2093,2030
1206995,B,255,965,2044,2089,2030,964,2044,2092,2030
1207095,B,255,964,2046,2094,2030,964,2046,2092,2030
1207195,B,255,962,2053,2091,2030,964,2047,2091,2030
1207295,B,255,966,2043,2093,2031,966,2046,2092,2031
1207395,B,255,966,2042,2090,2030,965,2044,2090,2030
1207495,B,255,963,2046,2090,2029,964,2045,2090,2031
1207595,B,255,965,2044,2090,2031,965,2045,2091,2031
1207695,B,255,963,2047,2092,2031,965,2045,2091,2031
1207795,B,255,963,2046,2092,2031,964,2046,2092,2031
1207895,B,255,964,2045,2094,2031,964,2045,2092,2030
1207995,B,255,962,2047,2091,2026,964,2045,2091,2028
1208095,B,255,963,2042,2090,2031,963,2045,2090,2030
1208195,B,255,952,2032,2081,2013,962,2044,2088,2027
1208295,B,255,965,2045,2092,2031,965,2045,2091,2030
1208395,B,255,962,2045,2093,2029,964,2046,2093,2029
1208495,B,255,951,2032,2078,2017,964,2045,2089,2030
1208595,B,255,962,2045,2089,2029,963,2045,2091,2029
1208695,B,255,963,2045,2090,2031,963,2045,2091,2031
1208795,B,255,953,2032,2078,2018,964,2044,2091,2030
1208895,B,255,965,2047,2091,2031,965,2046,2091,2031
1208995,B,255,963,2043,2091,2031,964,2043,2091,2031
1209095,B,255,967,2045,2089,2030,966,2045,2090,2030
1209195,B,255,965,2047,2089,2023,963,2047,2089,2029
1209295,B,255,967,2045,2092,2031,965,2045,2090,2031
1209395,B,255,963,2046,2093,2032,963,2046,2093,2031
1209495,B,255,966,2046,2091,2031,964,2046,2090,2031
1209595,B,255,967,2045,2086,2031,964,2045,2089,2031
1209695,B,255,965,2043,2090,2030,964,2043,2090,2030
1209795,B,255,963,2045,2091,2031,963,2045,2091,2031
1209895,B,255,965,2047,2091,2031,962,2046,2091,2030
1209995,B,255,966,2045,2088,2030,965,2045,2089,2030
1210095,B,255,962,2044,2091,2031,963,2045,2091,2031
1210195,B,255,963,2045,2090,2031,963,2045,2090,2031
1210295,B,255,962,2046,2091,2031,964,2046,2091,2031
1210395,B,255,964,2043,2091,2029,964,2044,2091,2029
1210495,B,255,963,2046,2093,2029,964,2045,2091,2030
1210595,B,255,965,2042,2094,2030,963,2044,2091,2030
1210695,B,255,964,2045,2092,2029,964,2045,2092,2029
1210795,B,255,964,2047,2091,2031,964,2046,2091,2031
1210895,B,255,965,2046,2093,2028,965,2046,2093,2030
1210995,B,255,962,2045,2093,2031,962,2045,2092,2031
1211095,B,255,962,2046,2090,2031,962,2046,2090,2030
1211195,B,255,966,2043,2091,2030,964,2044,2091,2030
1211295,B,255,963,2045,2091,2030,963,2045,2091,2030
1211395,B,255,967,2045,2093,2029,966,2044,2093,2030
1211495,B,255,965,2045,2093,2031,965,2045,2090,2031
1211595,B,255,963,2047,2094,2032,963,2046,2091,2030
1211695,B,255,964,2046,2090,2028,964,2046,2090,2030
1211795,B,255,962,2046,2093,2029,964,2046,2093,2029
1211895,B,255,966,2047,2096,2032,964,2044,2090,2029
1211995,B,255,963,2043,2092,2029,963,2045,2091,2030
1212095,B,255,963,2045,2091,2032,963,2045,2091,2032
1212195,B,255,965,2047,2093,2032,965,2045,2090,2030
1212295,B,255,964,2045,2092,2028,964,2045,2092,2029
1212395,B,255,965,2045,2089,2029,964,2045,2090,2030
1212495,B,255,957,2031,2075,2019,963,2043,2088,2028
1212595,B,255,963,2045,2092,2030,964,2045,2091,2030
1212695,B,255,962,2046,2089,2031,962,2046,2091,2031
1212795,B,255,951,2032,2077,2017,964,2044,2090,2028
1212895,B,255,963,2043,2087,2028,963,2044,2090,2028
1212995,B,255,963,2045,2091,2029,963,2045,2091,2029
1213095,B,255,963,2045,2091,2029,963,2045,2091,2029
1213195,B,255,963,2045,2091,2026,964,2045,2091,2029
1213295,B,255,964,2043,2093,2030,964,2045,2092,2030
1213395,B,255,964,2045,2092,2030,964,2045,2092,2031
1213495,B,255,963,2043,2092,2029,963,2043,2091,2029
1213595,B,255,965,2043,2094,2030,963,2043,2092,2030
1213695,B,255,962,2046,2094,2031,962,2045,2090,2030
1213795,B,255,963,2045,2092,2029,963,2045,2092,2029
1213895,B,255,963,2046,2094,2030,963,2045,2091,2030
1213995,B,255,965,2045,2092,2030,965,2045,2091,2030
1214095,B,255,964,2043,2090,2032,964,2045,2090,2031
1214195,B,255,963,2045,2092,2027,963,2045,2092,2027
1214295,B,255,964,2047,2094,2031,964,2045,2093,2030
1214395,B,255,964,2046,2092,2027,964,2045,2092,2029
1214495,B,255,965,2046,2093,2030,965,2046,2092,2030
1214595,B,255,965,2042,2091,2031,965,2044,2091,2030
1214695,B,255,964,2046,2090,2030,964,2046,2090,2030
1214795,B,255,963,2045,2094,2031,964,2045,2093,2031
1214895,B,255,965,2047,2091,2029,964,2046,2091,2029
1214995,B,255,964,2045,2087,2027,964,2045,2090,2030
1215095,B,255,961,2045,2091,2031,963,2045,2092,2030
1215195,B,255,965,2044,2091,2027,965,2044,2091,2028
1215295,B,255,963,2044,2091,2028,963,2045,2091,2029
1215395,B,255,964,2047,2090,2030,964,2047,2090,2030
1215495,B,255,966,2046,2092,2029,965,2046,2091,2030
1215595,B,255,964,2045,2093,2030,963,2043,2090,2028
1215695,B,255,965,2046,2090,2031,965,2046,2093,2031
1215795,B,255,963,2045,2092,2031,963,2045,2092,2031
1215895,B,255,951,2033,2083,2014,958,2042,2086,2025
1215995,B,255,964,2045,2087,2027,964,2045,2090,2029
1216095,B,255,963,2043,2092,2031,963,2045,2092,2031
1216195,B,255,951,2032,2081,2032,961,2041,2087,2029
1216295,B,255,965,2046,2090,2029,964,2044,2090,2029
1216395,B,255,965,2045,2094,2029,964,2045,2091,2030
1216495,B,255,964,2047,2095,2032,964,2045,2091,2030
1216595,B,255,963,2046,2094,2029,963,2045,2092,2029
1216695,B,255,964,2045,2089,2027,964,2045,2089,2029
1216795,B,255,950,2032,2081,2016,964,2042,2089,2028
1216895,B,255,962,2046,2091,2030,962,2046,2091,2030
1216995,B,255,963,2047,2090,2031,963,2047,2090,2031
1217095,B,255,954,2033,2079,2015,964,2044,2090,2029
1217195,B,255,962,2046,2087,2023,963,2046,2090,2030
1217295,B,255,965,2046,2092,2031,965,2046,2092,2031
1217395,B,255,966,2046,2093,2031,965,2046,2091,2030
1217495,B,255,963,2043,2090,2030,963,2043,2090,2030
1217595,B,255,965,2045,2087,2030,964,2045,2091,2030
1217695,B,255,964,2043,2090,2029,964,2045,2090,2029
1217795,B,255,968,2046,2094,2031,965,2046,2093,2029
1217895,B,255,963,2045,2090,2031,963,2046,2092,2031
1217995,B,255,962,2046,2094,2029,964,2046,2090,2029
1218095,B,255,964,2045,2093,2031,964,2045,2091,2031
1218195,B,255,963,2047,2087,2030,963,2046,2091,2030
1218295,B,255,962,2046,2091,2029,963,2046,2091,2029
1218395,B,255,964,2045,2091,2030,964,2045,2091,2030
1218495,B,255,965,2043,2094,2029,965,2044,2092,2030
1218595,B,255,963,2046,2089,2031,963,2046,2092,2031
1218695,B,255,967,2045,2091,2031,965,2045,2091,2031
1218795,B,255,965,2042,2090,2029,965,2044,2092,2030
1218895,B,255,954,2032,2081,2022,956,2037,2084,2022
1218995,B,255,965,2046,2093,2032,964,2046,2088,2030
1219095,B,255,967,2045,2093,2031,966,2045,2093,2030
1219195,B,255,962,2044,2090,2029,964,2044,2091,2029
1219295,B,255,964,2045,2094,2032,964,2045,2091,2031
1219395,B,255,965,2046,2091,2031,965,2046,2091,2031
1219495,B,255,963,2045,2093,2030,963,2045,2091,2030
1219595,B,255,963,2047,2093,2031,963,2046,2092,2031
1219695,B,255,965,2045,2093,2032,965,2046,2090,2030
1219795,B,255,967,2045,2093,2029,966,2045,2092,2029
1219895,B,255,965,2047,2093,2032,963,2043,2092,2028
1219995,B,255,963,2046,2091,2029,963,2046,2091,2030
1220095,B,255,966,2045,2089,2029,965,2045,2090,2029
1220195,B,255,966,2046,2091,2032,965,2045,2091,2031
1220295,B,255,961,2043,2091,2030,963,2043,2091,2030
1220395,B,255,963,2043,2089,2030,963,2043,2089,2030
1220495,B,255,964,2046,2091,2030,961,2044,2088,2028
1220595,B,255,966,2044,2087,2031,964,2044,2090,2031
1220695,B,255,963,2046,2090,2031,964,2046,2090,2031
1220795,B,255,951,2035,2080,2015,962,2042,2088,2026
1220895,B,255,965,2045,2091,2028,963,2045,2091,2028
1220995,B,255,965,2047,2092,2031,965,2046,2092,2031
1221095,B,255,952,2032,2079,2017,963,2044,2090,2030
1221195,B,255,963,2046,2095,2031,963,2046,2092,2030
1221295,B,255,965,2046,2093,2030,965,2046,2093,2030
1221395,B,255,951,2032,2080,2011,964,2045,2090,2029
1221495,B,255,964,2041,2087,2029,963,2043,2090,2030
1221595,B,255,949,2032,2078,2014,964,2044,2092,2028
1221695,B,255,962,2046,2092,2029,962,2045,2091,2030
1221795,B,255,961,2043,2091,2029,964,2043,2090,2029
1221895,B,255,963,2043,2093,2029,964,2045,2091,2029
1221995,B,255,964,2046,2091,2030,964,2044,2091,2030
1222095,B,255,964,2046,2091,2031,963,2045,2091,2030
1222195,B,255,969,2046,2093,2029,964,2046,2092,2029
1222295,B,255,963,2045,2093,2023,964,2045,2092,2029
1222395,B,255,963,2047,2089,2031,963,2044,2090,2031
1222495,B,255,964,2045,2089,2031,964,2045,2090,2031
1222595,B,255,963,2043,2090,2028,963,2044,2090,2031
1222695,B,255,964,2046,2091,2030,964,2045,2091,2030
1222795,B,255,965,2043,2087,2031,963,2044,2089,2031
1222895,B,255,963,2043,2091,2030,963,2045,2091,2030
1222995,B,255,963,2043,2091,2031,963,2044,2091,2031
1223095,B,255,963,2045,2089,2029,963,2045,2089,2029
1223195,B,255,966,2047,2092,2031,964,2047,2091,2031
1223295,B,255,967,2043,2091,2031,965,2044,2091,2030
1223395,B,255,964,2047,2089,2031,964,2047,2091,2031
1223495,B,255,963,2043,2089,2028,963,2044,2091,2028
1223595,B,255,965,2046,2093,2029,964,2045,2090,2029
1223695,B,255,963,2046,2092,2032,963,2044,2091,2032
1223795,B,255,963,2045,2091,2031,963,2045,2091,2031
1223895,B,255,965,2044,2092,2030,964,2044,2092,2030
1223995,B,255,962,2043,2091,2029,963,2045,2091,2030
1224095,B,255,967,2046,2093,2031,966,2046,2092,2030
1224195,B,255,964,2044,2091,2027,963,2044,2090,2028
1224295,B,255,965,2045,2092,2028,965,2045,2090,2029
1224395,B,255,963,2043,2095,2029,963,2044,2093,2029
1224495,B,255,967,2043,2093,2030,962,2043,2089,2029
1224595,B,255,965,2045,2090,2027,965,2045,2090,2030
1224695,B,255,963,2046,2092,2031,963,2046,2092,2031
1224795,B,255,951,2032,2079,2018,962,2042,2087,2026
1224895,B,255,963,2045,2091,2031,963,2045,2091,2029
1224995,B,255,964,2044,2092,2031,964,2045,2092,2031
1225095,B,255,951,2032,2079,2017,962,2043,2090,2028
1225195,B,255,966,2047,2089,2029,966,2045,2089,2029
1225295,B,255,963,2046,2091,2028,963,2046,2091,2029
1225395,B,255,964,2047,2093,2030,964,2047,2091,2030
1225495,B,255,963,2043,2091,2029,963,2044,2091,2030
1225595,B,255,955,2033,2080,2019,963,2044,2088,2029
1225695,B,255,965,2046,2093,2029,965,2046,2092,2029
1225795,B,255,962,2045,2091,2028,963,2045,2091,2028
1225895,B,255,950,2032,2077,2019,963,2044,2090,2030
1225995,B,255,963,2046,2093,2029,963,2046,2092,2030
1226095,B,255,964,2047,2093,2030,964,2046,2092,2030
1226195,B,255,963,2045,2089,2030,963,2044,2089,2030
1226295,B,255,963,2045,2090,2031,963,2045,2090,2029
1226395,B,255,962,2046,2091,2029,963,2046,2092,2030
1226495,B,255,963,2043,2092,2031,963,2044,2092,2030
1226595,B,255,964,2046,2089,2030,964,2046,2090,2030
1226695,B,255,963,2044,2093,2031,965,2045,2092,2031
1226795,B,255,966,2047,2095,2032,966,2047,2094,2031
1226895,B,255,963,2045,2091,2030,964,2045,2091,2030
1226995,B,255,966,2044,2091,2031,964,2046,2091,2031
1227095,B,255,965,2045,2094,2031,965,2045,2093,2031
1227195,B,255,965,2045,2094,2031,965,2045,2093,2031
1227295,B,255,963,2046,2091,2030,963,2046,2092,2030
1227395,B,255,963,2046,2092,2031,963,2046,2092,2031
1227495,B,255,964,2043,2093,2032,964,2044,2092,2031
1227595,B,255,964,2045,2090,2032,964,2045,2090,2032
1227695,B,255,963,2046,2091,2032,964,2046,2091,2032
1227795,B,255,965,2044,2094,2032,965,2044,2093,2032
1227895,B,255,965,2042,2091,2031,963,2042,2091,2029
1227995,B,255,965,2045,2093,2030,965,2046,2093,2030
1228095,B,255,962,2043,2087,2030,962,2044,2090,2030
1228195,B,255,950,2032,2077,2015,957,2040,2086,2024
1228295,B,255,962,2045,2092,2030,961,2044,2088,2028
1228395,B,255,964,2043,2091,2031,964,2045,2091,2031
1228495,B,255,965,2046,2091,2030,965,2046,2092,2030
1228595,B,255,965,2045,2090,2031,965,2045,2090,2031
1228695,B,255,965,2046,2093,2030,965,2046,2093,2030
1228795,B,255,962,2045,2089,2031,964,2045,2091,2031
1228895,B,255,965,2044,2090,2030,964,2044,2090,2030
1228995,B,255,967,2046,2091,2031,965,2046,2091,2030
1229095,B,255,967,2043,2091,2031,963,2043,2090,2029
1229195,B,255,964,2043,2089,2029,964,2043,2089,2030
1229295,B,255,963,2047,2090,2031,963,2046,2091,2031
1229395,B,255,963,2046,2094,2032,963,2045,2090,2029
1229495,B,255,963,2045,2094,2030,963,2045,2091,2030
1229595,B,255,949,2034,2075,2016,962,2044,2089,2029
1229695,B,255,966,2046,2091,2031,966,2045,2091,2031
1229795,B,255,963,2047,2091,2029,963,2045,2091,2029
1229895,B,255,951,2032,2078,2015,962,2044,2090,2029
1229995,B,255,966,2054,2095,2030,965,2047,2091,2030
1230095,B,255,964,2039,2090,2030,963,2045,2090,2030
1230195,B,255,966,2047,2091,2031,964,2045,2091,2031
1230295,B,255,963,2044,2094,2029,964,2044,2091,2030
1230395,B,255,962,2043,2091,2028,963,2044,2091,2030
1230495,B,255,963,2046,2091,2028,964,2045,2090,2029
1230595,B,255,963,2043,2092,2032,963,2043,2090,2031
1230695,B,255,966,2045,2091,2023,966,2045,2091,2029
1230795,B,255,962,2045,2091,2025,962,2046,2091,2028
1230895,B,255,966,2045,2090,2030,964,2045,2090,2030
1230995,B,255,966,2044,2087,2032,966,2045,2089,2031
1231095,B,255,964,2046,2090,2031,964,2046,2091,2031
1231195,B,255,965,2047,2091,2032,965,2047,2090,2029
1231295,B,255,965,2044,2091,2031,964,2044,2091,2031
1231395,B,255,964,2045,2087,2031,964,2045,2089,2030
1231495,B,255,962,2045,2094,2031,963,2045,2092,2031
1231595,B,255,962,2045,2091,2030,963,2045,2091,2030
1231695,B,255,965,2046,2087,2029,964,2046,2090,2029
1231795,B,255,965,2039,2093,2030,964,2045,2093,2030
1231895,B,255,965,2042,2086,2031,965,2044,2092,2031
1231995,B,255,965,2045,2091,2031,965,2045,2091,2030
1232095,B,255,966,2043,2087,2028,965,2045,2088,2029
1232195,B,255,963,2047,2091,2026,963,2046,2090,2028
1232295,B,255,965,2047,2091,2031,965,2046,2090,2031
1232395,B,255,963,2043,2091,2032,964,2045,2091,2031
1232495,B,255,967,2046,2093,2031,964,2046,2092,2031
1232595,B,255,965,2046,2089,2031,965,2046,2091,2031
1232695,B,255,965,2054,2091,2031,964,2047,2092,2031
1232795,B,255,965,2045,2091,2031,965,2045,2091,2030
1232895,B,255,962,2047,2096,2030,963,2047,2091,2031
1232995,B,255,963,2045,2093,2030,963,2045,2091,2030
1233095,B,255,964,2047,2091,2032,964,2047,2092,2031
1233195,B,255,965,2046,2095,2031,965,2046,2092,2031
1233295,B,255,965,2047,2093,2030,963,2047,2092,2030
1233395,B,255,967,2047,2093,2031,965,2047,2091,2031
1233495,B,255,963,2046,2091,2030,963,2046,2091,2030
1233595,B,255,949,2033,2077,2014,961,2043,2088,2026
1233695,B,255,963,2047,2090,2029,964,2046,2090,2029
1233795,B,255,965,2044,2091,2030,965,2044,2091,2030
1233895,B,255,965,2047,2094,2032,963,2045,2091,2031
1233995,B,255,966,2047,2092,2030,966,2047,2092,2030
1234095,B,255,966,2053,2092,2032,965,2046,2092,2031
1234195,B,255,954,2032,2078,2016,962,2043,2090,2027
1234295,B,255,962,2047,2095,2031,963,2047,2093,2031
1234395,B,255,963,2047,2091,2032,963,2047,2091,2030
1234495,B,255,962,2046,2095,2030,964,2046,2093,2030
1234595,B,255,964,2046,2089,2029,964,2046,2090,2029
1234695,B,255,965,2045,2090,2030,964,2045,2092,2030
1234795,B,255,965,2045,2093,2032,965,2045,2093,2030
1234895,B,255,965,2047,2094,2032,964,2046,2093,2031
1234995,B,255,965,2047,2094,2031,965,2047,2091,2031
1235095,B,255,965,2046,2091,2031,965,2046,2091,2031
1235195,B,255,959,2045,2091,2029,963,2045,2091,2029
1235295,B,255,963,2043,2094,2032,963,2046,2093,2031
1235395,B,255,966,2045,2095,2029,963,2045,2092,2030
1235495,B,255,964,2043,2091,2029,964,2043,2091,2029
1235595,B,255,963,2045,2087,2030,963,2045,2090,2030
1235695,B,255,964,2045,2090,2032,964,2045,2090,2031
1235795,B,255,965,2047,2093,2030,965,2047,2093,2030
1235895,B,255,965,2045,2089,2032,964,2045,2092,2031
1235995,B,255,965,2046,2090,2031,965,2046,2091,2031
1236095,B,255,965,2043,2090,2031,965,2043,2093,2031
1236195,B,255,966,2045,2091,2027,964,2045,2091,2028
1236295,B,255,963,2047,2091,2029,964,2047,2092,2029
1236395,B,255,961,2047,2091,2030,965,2046,2091,2030
1236495,B,255,965,2041,2091,2032,965,2044,2091,2032
1236595,B,255,965,2044,2093,2031,965,2045,2092,2031
1236695,B,255,965,2046,2092,2031,965,2046,2092,2030
1236795,B,255,962,2046,2090,2027,962,2046,2090,2028
1236895,B,255,966,2046,2093,2031,965,2046,2093,2031
1236995,B,255,963,2045,2091,2029,963,2045,2091,2030
1237095,B,255,965,2047,2090,2032,964,2046,2091,2031
1237195,B,255,966,2047,2093,2029,966,2047,2092,2029
1237295,B,255,963,2046,2090,2031,966,2046,2091,2031
1237395,B,255,965,2047,2094,2031,965,2046,2094,2031
1237495,B,255,965,2047,2091,2031,965,2047,2092,2031
1237595,B,255,962,2046,2093,2031,962,2046,2092,2031
1237695,B,255,966,2047,2091,2031,965,2046,2092,2031
1237795,B,255,966,2045,2093,2032,964,2045,2093,2032
1237895,B,255,957,2037,2083,2032,960,2043,2090,2030
1237995,B,255,964,2047,2094,2032,965,2047,2094,2032
1238095,B,255,964,2047,2091,2032,964,2047,2091,2032
1238195,B,255,955,2034,2079,2016,962,2045,2089,2029
1238295,B,255,970,2047,2093,2032,966,2047,2093,2032
1238395,B,255,965,2045,2090,2032,965,2045,2090,2032
1238495,B,255,950,2032,2078,2018,964,2044,2091,2031
1238595,B,255,966,2046,2090,2031,965,2046,2091,2031
1238695,B,255,966,2047,2090,2032,964,2047,2090,2032
1238795,B,255,955,2032,2080,2019,964,2044,2091,2030
1238895,B,255,966,2053,2093,2032,966,2047,2093,2031
1238995,B,255,964,2046,2093,2029,964,2045,2093,2031
1239095,B,255,963,2053,2093,2031,963,2047,2093,2031
1239195,B,255,965,2043,2094,2031,965,2045,2093,2031
1239295,B,255,964,2047,2091,2031,965,2047,2092,2031
1239395,B,255,966,2054,2092,2032,966,2049,2092,2031
1239495,B,255,962,2054,2089,2029,964,2046,2091,2030
1239595,B,255,966,2044,2094,2030,964,2044,2092,2030
1239695,B,255,969,2047,2093,2030,964,2046,2092,2030
1239795,B,255,967,2044,2092,2030,967,2045,2092,2030
1239895,B,255,963,2045,2090,2029,964,2045,2090,2029
1239995,B,255,963,2046,2089,2031,963,2046,2090,2031
1240095,B,255,965,2046,2090,2031,965,2046,2091,2031
1240195,B,255,965,2043,2094,2031,965,2044,2093,2031
1240295,B,255,963,2046,2091,2030,963,2046,2091,2030
1240395,B,255,963,2045,2095,2031,963,2046,2092,2031
1240495,B,255,965,2044,2091,2029,965,2044,2091,2030
1240595,B,255,963,2046,2090,2030,964,2046,2090,2031
1240695,B,255,963,2045,2090,2030,963,2045,2090,2031
1240795,B,255,963,2045,2094,2031,963,2045,2092,2031
1240895,B,255,965,2046,2091,2031,965,2046,2093,2031
1240995,B,255,966,2045,2085,2030,965,2046,2091,2031
1241095,B,255,962,2045,2091,2030,962,2045,2091,2030
1241195,B,255,963,2043,2092,2032,963,2045,2092,2031
1241295,B,255,965,2054,2091,2032,965,2047,2091,2032
1241395,B,255,965,2046,2095,2030,965,2046,2095,2030
1241495,B,255,963,2046,2090,2029,963,2046,2092,2030
1241595,B,255,964,2045,2092,2030,964,2045,2091,2030
1241695,B,255,966,2047,2093,2032,964,2047,2092,2032
1241795,B,255,964,2045,2095,2032,964,2045,2093,2032
1241895,B,255,966,2045,2093,2032,962,2044,2091,2028
1241995,B,255,963,2046,2092,2031,965,2046,2091,2031
1242095,B,255,963,2043,2092,2031,965,2044,2092,2031
1242195,B,255,958,2045,2093,2032,961,2044,2091,2029
1242295,B,255,964,2045,2093,2031,964,2045,2092,2031
1242395,B,255,964,2047,2091,2030,964,2046,2091,2030
1242495,B,255,951,2032,2078,2014,965,2045,2092,2028
1242595,B,255,966,2043,2093,2030,965,2045,2091,2030
1242695,B,255,965,2043,2094,2029,965,2045,2093,2029
1242795,B,255,955,2033,2081,2018,964,2044,2089,2030
1242895,B,255,966,2045,2092,2030,965,2045,2092,2030
1242995,B,255,963,2047,2091,2032,964,2047,2092,2031
1243095,B,255,966,2045,2089,2030,965,2045,2091,2030
1243195,B,255,964,2045,2093,2029,964,2045,2092,2029
1243295,B,255,963,2047,2089,2030,965,2046,2091,2030
1243395,B,255,965,2043,2087,2031,964,2044,2090,2031
1243495,B,255,967,2046,2093,2032,966,2046,2091,2032
1243595,B,255,963,2045,2087,2031,964,2045,2091,2030
1243695,B,255,963,2044,2091,2029,964,2045,2091,2031
1243795,B,255,965,2046,2091,2032,965,2046,2092,2032
1243895,B,255,965,2045,2091,2031,964,2045,2091,2031
1243995,B,255,963,2045,2087,2029,963,2045,2091,2030
1244095,B,255,965,2045,2090,2031,965,2046,2092,2031
1244195,B,255,963,2043,2091,2031,963,2043,2091,2031
1244295,B,255,963,2045,2094,2031,963,2045,2094,2031
1244395,B,255,964,2046,2091,2030,965,2046,2091,2031
1244495,B,255,963,2045,2090,2030,965,2045,2091,2030
1244595,B,255,964,2045,2094,2032,964,2045,2093,2032
1244695,B,255,967,2043,2093,2029,966,2043,2091,2029
1244795,B,255,966,2047,2093,2031,965,2047,2092,2031
1244895,B,255,963,2046,2093,2031,963,2045,2092,2029
1244995,B,255,963,2047,2091,2031,965,2047,2091,2030
1245095,B,255,963,2044,2092,2030,964,2045,2092,2030
1245195,B,255,965,2047,2094,2029,965,2046,2091,2030
1245295,B,255,965,2045,2091,2032,965,2045,2092,2032
1245395,B,255,963,2047,2089,2029,963,2046,2090,2029
1245495,B,255,964,2047,2091,2030,965,2047,2092,2030
1245595,B,255,964,2047,2094,2031,962,2043,2090,2028
1245695,B,255,963,2042,2091,2029,963,2045,2091,2030
1245795,B,255,965,2047,2093,2030,965,2047,2091,2030
1245895,B,255,965,2047,2096,2029,964,2047,2094,2029
1245995,B,255,965,2047,2091,2029,964,2047,2091,2029
1246095,B,255,966,2047,2092,2031,966,2047,2092,2031
1246195,B,255,955,2032,2077,2016,962,2044,2088,2027
1246295,B,255,965,2045,2093,2030,965,2045,2092,2030
1246395,B,255,965,2047,2093,2031,964,2047,2093,2031
1246495,B,255,951,2032,2078,2018,964,2044,2090,2029
1246595,B,255,969,2047,2095,2032,956,2036,2082,2021
1246695,B,255,966,2046,2094,2032,964,2045,2092,2031
1246795,B,255,955,2032,2079,2019,963,2044,2091,2029
1246895,B,255,961,2046,2090,2031,963,2046,2090,2031
1246995,B,255,965,2046,2092,2031,965,2046,2092,2031
1247095,B,255,951,2033,2081,2016,963,2044,2090,2030
1247195,B,255,964,2047,2091,2029,964,2047,2091,2031
1247295,B,255,967,2046,2091,2031,966,2046,2091,2031
1247395,B,255,955,2032,2078,2015,962,2046,2091,2029
1247495,B,255,965,2045,2087,2027,963,2045,2091,2029
1247595,B,255,963,2043,2093,2032,963,2045,2091,2031
1247695,B,255,963,2047,2091,2031,963,2047,2091,2031
1247795,B,255,964,2046,2095,2031,964,2045,2094,2031
1247895,B,255,961,2042,2089,2032,964,2044,2090,2032
1247995,B,255,963,2046,2090,2031,964,2046,2090,2030
1248095,B,255,966,2047,2092,2032,966,2046,2092,2031
1248195,B,255,967,2047,2092,2028,967,2047,2092,2029
1248295,B,255,965,2047,2091,2032,965,2046,2091,2031
1248395,B,255,965,2046,2091,2030,964,2046,2091,2031
1248495,B,255,963,2045,2089,2030,965,2045,2090,2030
1248595,B,255,966,2047,2087,2029,966,2047,2092,2029
1248695,B,255,965,2047,2091,2032,965,2047,2091,2031
1248795,B,255,965,2046,2091,2030,965,2046,2091,2030
1248895,B,255,965,2046,2093,2032,965,2046,2092,2031
1248995,B,255,963,2047,2093,2030,963,2045,2092,2030
1249095,B,255,965,2045,2092,2030,965,2045,2091,2030
1249195,B,255,962,2046,2091,2030,962,2046,2092,2030
1249295,B,255,965,2043,2091,2030,965,2044,2091,2030
1249395,B,255,963,2047,2092,2030,963,2047,2092,2030
1249495,B,255,963,2046,2094,2030,963,2046,2092,2030
1249595,B,255,962,2046,2095,2030,962,2045,2091,2029
1249695,B,255,965,2045,2090,2031,964,2045,2090,2031
1249795,B,255,965,2046,2093,2031,965,2046,2093,2030
1249895,B,255,963,2047,2094,2031,964,2046,2094,2031
1249995,B,255,965,2047,2093,2029,965,2047,2093,2030
1250095,B,255,963,2046,2091,2029,963,2046,2091,2030
1250195,B,255,963,2047,2091,2029,963,2047,2091,2029
1250295,B,255,965,2046,2091,2029,965,2045,2091,2029
1250395,B,255,965,2043,2089,2027,964,2044,2091,2028
1250495,B,255,951,2032,2078,2017,962,2042,2088,2025
1250595,B,255,966,2045,2091,2030,965,2045,2091,2030
1250695,B,255,963,2045,2091,2029,963,2045,2091,2030
1250795,B,255,964,2046,2093,2030,962,2044,2090,2029
1250895,B,255,963,2047,2086,2030,963,2046,2090,2030
1250995,B,255,965,2047,2090,2029,965,2046,2090,2029
1251095,B,255,949,2035,2075,2016,963,2044,2089,2029
1251195,B,255,963,2045,2093,2031,963,2045,2092,2031
1251295,B,255,963,2047,2093,2030,964,2044,2093,2030
1251395,B,255,963,2046,2094,2032,963,2046,2092,2031
1251495,B,255,965,2045,2090,2031,965,2045,2092,2031
1251595,B,255,964,2045,2091,2031,964,2045,2091,2031
1251695,B,255,965,2045,2091,2031,964,2045,2091,2031
1251795,B,255,965,2045,2094,2031,965,2045,2093,2031
1251895,B,255,963,2046,2093,2030,963,2046,2093,2030
1251995,B,255,967,2046,2091,2031,965,2046,2091,2030
1252095,B,255,962,2047,2090,2031,962,2047,2092,2031
1252195,B,255,965,2046,2093,2031,965,2046,2092,2031
1252295,B,255,965,2043,2091,2031,965,2045,2091,2031
1252395,B,255,962,2042,2091,2031,964,2045,2091,2031
1252495,B,255,965,2046,2091,2030,965,2046,2092,2030
1252595,B,255,966,2045,2093,2031,965,2045,2092,2029
1252695,B,255,965,2047,2091,2031,965,2047,2091,2031
1252795,B,255,965,2043,2093,2030,964,2045,2091,2030
1252895,B,255,963,2045,2091,2031,964,2045,2091,2031
1252995,B,255,966,2046,2094,2031,966,2046,2092,2031
1253095,B,255,964,2046,2095,2031,965,2046,2091,2031
1253195,B,255,967,2046,2090,2028,964,2046,2092,2030
1253295,B,255,965,2045,2093,2031,965,2045,2092,2031
1253395,B,255,965,2042,2096,2032,965,2044,2094,2031
1253495,B,255,963,2043,2091,2031,963,2044,2091,2031
1253595,B,255,964,2046,2084,2032,964,2046,2092,2031
1253695,B,255,966,2045,2092,2031,965,2045,2092,2031
1253795,B,255,966,2045,2093,2030,966,2045,2093,2030
1253895,B,255,964,2046,2091,2031,964,2046,2091,2031
1253995,B,255,963,2046,2093,2031,963,2046,2093,2031
1254095,B,255,962,2047,2090,2031,964,2046,2091,2030
1254195,B,255,963,2046,2093,2029,963,2046,2092,2029
1254295,B,255,966,2046,2094,2030,965,2046,2092,2030
1254395,B,255,964,2047,2086,2031,964,2046,2091,2031
1254495,B,255,966,2047,2090,2032,964,2047,2091,2030
1254595,B,255,963,2047,2094,2027,963,2046,2093,2030
1254695,B,255,963,2047,2090,2032,963,2047,2090,2032
1254795,B,255,967,2047,2095,2032,964,2045,2090,2030
1254895,B,255,966,2053,2096,2029,966,2047,2092,2030
1254995,B,255,962,2043,2087,2029,964,2044,2090,2029
1255095,B,255,955,2032,2080,2015,961,2042,2089,2029
1255195,B,255,965,2043,2087,2031,965,2045,2090,2031
1255295,B,255,965,2046,2090,2031,965,2046,2090,2031
1255395,B,255,955,2031,2077,2014,964,2044,2090,2029
1255495,B,255,964,2046,2090,2031,964,2046,2091,2031
1255595,B,255,959,2034,2081,2017,963,2045,2090,2029
1255695,B,255,965,2046,2091,2031,965,2046,2092,2031
1255795,B,255,963,2045,2091,2030,963,2045,2091,2030
1255895,B,255,963,2047,2089,2030,963,2047,2091,2030
1255995,B,255,963,2043,2091,2031,963,2045,2092,2031
1256095,B,255,967,2045,2091,2029,965,2045,2091,2029
1256195,B,255,965,2043,2094,2030,965,2044,2091,2030
1256295,B,255,962,2046,2091,2030,963,2046,2091,2031
1256395,B,255,963,2043,2091,2031,965,2043,2091,2031
1256495,B,255,966,2044,2091,2029,965,2045,2091,2029
1256595,B,255,967,2045,2093,2030,965,2045,2093,2030
1256695,B,255,963,2046,2093,2030,964,2046,2092,2030
1256795,B,255,963,2045,2090,2031,963,2045,2091,2031
1256895,B,255,961,2045,2087,2030,962,2045,2091,2030
1256995,B,255,966,2047,2093,2031,966,2045,2093,2031
1257095,B,255,963,2044,2091,2029,964,2044,2091,2030
1257195,B,255,966,2045,2087,2031,964,2045,2090,2031
1257295,B,255,962,2047,2091,2030,966,2046,2091,2030
1257395,B,255,967,2045,2093,2031,966,2045,2092,2031
1257495,B,255,965,2045,2094,2032,964,2045,2093,2032
1257595,B,255,963,2044,2091,2030,963,2044,2091,2029
1257695,B,255,961,2043,2091,2031,963,2044,2091,2031
1257795,B,255,966,2045,2092,2031,966,2045,2092,2031
1257895,B,255,962,2047,2092,2030,961,2042,2091,2030
1257995,B,255,963,2045,2090,2031,963,2045,2090,2031
1258095,B,255,962,2044,2090,2030,963,2045,2091,2030
1258195,B,255,966,2046,2094,2029,966,2046,2093,2029
1258295,B,255,963,2046,2091,2031,963,2046,2091,2031
1258395,B,255,962,2046,2091,2032,963,2046,2091,2030
1258495,B,255,965,2046,2091,2030,963,2046,2091,2029
1258595,B,255,964,2047,2094,2031,964,2046,2093,2031
1258695,B,255,964,2047,2094,2029,964,2046,2094,2029
1258795,B,255,963,2046,2092,2029,963,2045,2092,2028
1258895,B,255,965,2047,2090,2031,965,2045,2091,2031
1258995,B,255,966,2045,2090,2030,966,2045,2092,2030
1259095,B,255,965,2046,2090,2032,965,2046,2090,2030
1259195,B,255,961,2045,2091,2030,963,2045,2091,2030
1259295,B,255,966,2047,2090,2031,963,2047,2092,2031
1259395,B,255,966,2054,2092,2029,965,2047,2091,2029
1259495,B,255,964,2054,2090,2029,964,2048,2091,2030
1259595,B,255,955,2032,2077,2015,963,2043,2091,2029
1259695,B,255,963,2042,2089,2029,964,2044,2090,2030
1259795,B,255,964,2047,2093,2031,964,2046,2093,2031
1259895,B,255,950,2028,2080,2014,964,2044,2091,2028
1259995,B,255,964,2043,2093,2030,964,2045,2093,2031
1260095,B,255,964,2043,2091,2030,964,2045,2091,2029
1260195,B,255,963,2043,2093,2027,964,2045,2092,2031
1260295,B,255,962,2047,2090,2032,960,2041,2088,2027
1260395,B,255,965,2045,2090,2030,965,2045,2090,2031
1260495,B,255,965,2045,2091,2031,965,2045,2091,2031
1260595,B,255,966,2045,2094,2031,966,2045,2092,2031
1260695,B,255,963,2042,2091,2031,963,2044,2091,2031
1260795,B,255,965,2047,2093,2032,965,2047,2092,2032
1260895,B,255,966,2046,2091,2031,966,2046,2091,2031
1260995,B,255,962,2045,2089,2029,963,2045,2091,2030
1261095,B,255,964,2047,2090,2030,964,2047,2092,2030
1261195,B,255,962,2046,2091,2031,962,2046,2091,2029
1261295,B,255,963,2043,2094,2030,963,2045,2094,2030
1261395,B,255,965,2046,2091,2030,965,2046,2091,2030
1261495,B,255,966,2047,2096,2031,966,2047,2092,2031
1261595,B,255,963,2046,2091,2031,963,2046,2091,2031
1261695,B,255,967,2044,2091,2032,965,2044,2091,2030
1261795,B,255,963,2047,2094,2029,964,2046,2093,2030
1261895,B,255,965,2047,2091,2030,965,2046,2091,2030
1261995,B,255,961,2045,2090,2031,963,2045,2090,2031
1262095,B,255,965,2045,2086,2030,965,2045,2090,2030
1262195,B,255,963,2044,2089,2028,963,2045,2090,2028
1262295,B,255,966,2045,2093,2031,965,2046,2093,2031
1262395,B,255,965,2047,2093,2032,965,2047,2093,2031
1262495,B,255,964,2045,2094,2032,964,2044,2093,2031
1262595,B,255,966,2046,2093,2030,964,2046,2093,2030
1262695,B,255,965,2047,2093,2029,965,2045,2092,2029
1262795,B,255,966,2045,2090,2032,964,2045,2090,2030
1262895,B,255,963,2044,2091,2031,963,2044,2091,2031
1262995,B,255,964,2042,2090,2030,964,2046,2090,2030
1263095,B,255,963,2047,2094,2032,963,2046,2092,2030
1263195,B,255,966,2044,2094,2031,966,2044,2091,2029
1263295,B,255,966,2045,2093,2031,966,2046,2093,2031
1263395,B,255,965,2044,2093,2029,965,2044,2091,2031
1263495,B,255,962,2047,2092,2027,962,2045,2090,2030
1263595,B,255,951,2033,2078,2019,960,2044,2089,2027
1263695,B,255,962,2047,2093,2032,962,2046,2093,2032
1263795,B,255,965,2045,2093,2030,964,2045,2092,2030
1263895,B,255,954,2032,2080,2009,965,2045,2091,2029
1263995,B,255,963,2045,2091,2029,963,2045,2091,2030
1264095,B,255,965,2046,2093,2031,965,2046,2091,2030
1264195,B,255,946,2030,2078,2014,962,2044,2089,2028
1264295,B,255,963,2045,2091,2030,965,2045,2093,2030
1264395,B,255,964,2047,2091,2031,964,2046,2091,2031
1264495,B,255,965,2047,2090,2031,965,2047,2091,2031
1264595,B,255,965,2045,2094,2031,965,2045,2093,2031
1264695,B,255,967,2053,2091,2030,964,2046,2092,2030
1264795,B,255,966,2046,2091,2030,966,2044,2092,2030
1264895,B,255,964,2046,2094,2032,964,2046,2091,2032
1264995,B,255,963,2047,2095,2032,963,2047,2094,2032
1265095,B,255,964,2046,2091,2030,964,2046,2091,2030
1265195,B,255,965,2047,2093,2031,964,2045,2091,2031
1265295,B,255,964,2046,2091,2032,965,2046,2092,2031
1265395,B,255,963,2047,2094,2031,964,2046,2092,2031
1265495,B,255,965,2045,2090,2032,965,2045,2092,2031
1265595,B,255,963,2046,2091,2032,964,2046,2091,2032
1265695,B,255,963,2046,2093,2029,963,2046,2093,2030
1265795,B,255,964,2046,2093,2030,964,2046,2092,2030
1265895,B,255,964,2045,2092,2031,963,2045,2091,2031
1265995,B,255,964,2046,2093,2031,964,2046,2091,2031
1266095,B,255,963,2045,2093,2029,964,2045,2093,2030
1266195,B,255,961,2045,2091,2030,962,2045,2091,2030
1266295,B,255,965,2047,2092,2032,964,2046,2092,2031
1266395,B,255,965,2044,2090,2030,965,2044,2091,2030
1266495,B,255,965,2045,2092,2027,965,2046,2092,2030
1266595,B,255,965,2046,2089,2030,964,2045,2090,2030
1266695,B,255,965,2045,2094,2030,965,2046,2092,2030
1266795,B,255,965,2045,2093,2030,964,2045,2093,2030
1266895,B,255,965,2045,2094,2029,964,2045,2092,2029
1266995,B,255,965,2045,2093,2029,965,2045,2092,2029
1267095,B,255,964,2044,2092,2030,964,2044,2092,2030
1267195,B,255,963,2047,2094,2031,963,2047,2092,2031
1267295,B,255,965,2046,2093,2031,965,2046,2093,2031
1267395,B,255,965,2045,2093,2029,965,2045,2093,2029
1267495,B,255,966,2047,2091,2029,965,2046,2091,2030
1267595,B,255,951,2032,2079,2017,960,2041,2089,2028
1267695,B,255,965,2043,2094,2030,965,2044,2091,2030
1267795,B,255,965,2044,2091,2032,964,2045,2091,2032
1267895,B,255,949,2029,2081,2017,960,2043,2089,2028
1267995,B,255,963,2047,2091,2031,963,2047,2091,2031
1268095,B,255,964,2046,2091,2029,964,2046,2091,2029
1268195,B,255,966,2046,2095,2031,963,2043,2090,2030
1268295,B,255,963,2046,2094,2031,964,2046,2092,2031
1268395,B,255,964,2047,2089,2029,964,2047,2090,2029
1268495,B,255,966,2047,2094,2031,966,2046,2094,2030
1268595,B,255,965,2045,2091,2030,965,2045,2091,2030
1268695,B,255,965,2046,2090,2029,965,2046,2090,2029
1268795,B,255,963,2046,2092,2030,963,2046,2092,2030
1268895,B,255,967,2047,2090,2031,965,2046,2091,2031
1268995,B,255,963,2043,2090,2029,963,2044,2090,2029
1269095,B,255,965,2046,2091,2031,965,2045,2091,2029
1269195,B,255,965,2046,2091,2029,964,2046,2091,2029
1269295,B,255,961,2046,2093,2029,963,2046,2093,2029
1269395,B,255,967,2042,2093,2029,964,2045,2093,2030
1269495,B,255,965,2043,2090,2032,965,2046,2091,2032
1269595,B,255,964,2046,2094,2030,964,2046,2093,2030
1269695,B,255,966,2053,2091,2030,965,2046,2091,2030
1269795,B,255,963,2047,2090,2029,965,2046,2091,2031
1269895,B,255,965,2043,2091,2032,964,2043,2091,2032
1269995,B,255,965,2045,2090,2029,964,2045,2091,2030
1270095,B,255,964,2045,2091,2032,964,2046,2091,2031
1270195,B,255,966,2045,2090,2031,966,2046,2090,2030
1270295,B,255,962,2045,2093,2031,963,2045,2093,2031
1270395,B,255,965,2046,2093,2029,965,2046,2093,2030
1270495,B,255,966,2043,2094,2031,962,2043,2091,2028
1270595,B,255,966,2045,2088,2031,966,2045,2090,2031
1270695,B,255,966,2045,2093,2031,966,2045,2093,2030
1270795,B,255,963,2045,2093,2030,963,2045,2091,2030
1270895,B,255,959,2046,2091,2030,963,2046,2091,2031
1270995,B,255,966,2046,2094,2031,966,2046,2092,2031
1271095,B,255,967,2054,2095,2032,961,2042,2090,2028
1271195,B,255,964,2046,2087,2032,964,2046,2091,2031
1271295,B,255,963,2045,2094,2031,963,2045,2092,2031
1271395,B,255,965,2043,2086,2031,965,2045,2091,2030
1271495,B,255,966,2046,2091,2031,966,2046,2091,2031
1271595,B,255,953,2034,2085,2029,963,2042,2088,2029
1271695,B,255,964,2043,2089,2031,964,2044,2091,2031
1271795,B,255,967,2044,2091,2031,964,2044,2092,2031
1271895,B,255,965,2047,2092,2029,964,2045,2091,2030
1271995,B,255,965,2044,2092,2032,965,2045,2092,2032
1272095,B,255,965,2046,2090,2032,965,2046,2092,2030
1272195,B,255,953,2033,2078,2012,963,2043,2088,2027
1272295,B,255,965,2046,2091,2031,965,2046,2091,2030
1272395,B,255,963,2045,2092,2029,964,2045,2092,2029
1272495,B,255,950,2033,2080,2015,964,2045,2090,2029
1272595,B,255,966,2045,2090,2031,966,2045,2090,2031
1272695,B,255,963,2045,2090,2031,963,2045,2091,2030
1272795,B,255,950,2032,2079,2014,962,2046,2091,2028
1272895,B,255,965,2046,2093,2028,965,2046,2092,2030
1272995,B,255,966,2046,2092,2029,966,2046,2092,2030
1273095,B,255,966,2047,2091,2031,965,2046,2091,2031
1273195,B,255,965,2045,2091,2027,965,2045,2091,2030
1273295,B,255,964,2045,2094,2029,964,2045,2093,2030
1273395,B,255,964,2043,2092,2031,964,2044,2091,2031
1273495,B,255,965,2045,2091,2032,964,2045,2091,2030
1273595,B,255,953,2032,2080,2015,954,2037,2083,2021
1273695,B,255,965,2045,2091,2031,960,2044,2089,2027
1273795,B,255,963,2046,2091,2029,963,2046,2091,2029
1273895,B,255,964,2045,2090,2031,964,2045,2091,2031
1273995,B,255,965,2045,2092,2031,964,2046,2092,2031
1274095,B,255,966,2047,2091,2032,964,2046,2091,2032
1274195,B,255,965,2046,2087,2031,965,2046,2089,2031
1274295,B,255,963,2045,2091,2030,965,2045,2091,2030
1274395,B,255,963,2043,2092,2029,963,2044,2092,2030
1274495,B,255,961,2044,2093,2031,962,2046,2093,2031
1274595,B,255,965,2044,2090,2029,965,2045,2091,2029
1274695,B,255,965,2045,2091,2029,965,2045,2091,2029
1274795,B,255,965,2045,2089,2031,962,2044,2090,2030
1274895,B,255,966,2045,2090,2032,963,2045,2091,2032
1274995,B,255,963,2043,2091,2031,964,2044,2091,2031
1275095,B,255,963,2047,2087,2031,964,2047,2091,2031
1275195,B,255,966,2045,2090,2032,964,2045,2090,2031
1275295,B,255,964,2045,2093,2032,964,2045,2093,2031
1275395,B,255,965,2045,2094,2031,965,2045,2092,2029
1275495,B,255,965,2047,2094,2031,964,2046,2093,2031
1275595,B,255,963,2045,2093,2031,962,2044,2089,2029
1275695,B,255,967,2045,2091,2032,966,2045,2091,2032
1275795,B,255,963,2045,2091,2029,963,2045,2091,2029
1275895,B,255,954,2032,2078,2016,962,2043,2088,2027
1275995,B,255,965,2046,2092,2032,965,2046,2092,2031
1276095,B,255,963,2046,2092,2032,963,2046,2091,2032
1276195,B,255,952,2032,2078,2014,961,2044,2089,2028
1276295,B,255,964,2047,2091,2029,964,2047,2091,2029
1276395,B,255,967,2043,2094,2026,965,2044,2092,2028
1276495,B,255,953,2033,2080,2017,963,2042,2088,2027
1276595,B,255,967,2047,2091,2031,965,2046,2091,2031
1276695,B,255,963,2046,2091,2031,963,2046,2091,2030
1276795,B,255,951,2032,2078,2013,962,2044,2090,2027
1276895,B,255,965,2046,2095,2031,965,2046,2093,2030
1276995,B,255,963,2045,2091,2031,964,2045,2093,2031
1277095,B,255,950,2032,2078,2015,963,2045,2090,2029
1277195,B,255,967,2047,2089,2029,965,2047,2090,2029
1277295,B,255,961,2046,2093,2028,961,2044,2093,2030
1277395,B,255,966,2046,2089,2030,966,2046,2092,2030
1277495,B,255,965,2047,2090,2029,965,2046,2091,2029
1277595,B,255,961,2046,2086,2030,962,2046,2092,2030
1277695,B,255,962,2045,2093,2029,963,2045,2092,2029
1277795,B,255,967,2046,2095,2029,966,2046,2091,2030
1277895,B,255,966,2044,2091,2031,966,2045,2091,2030
1277995,B,255,965,2047,2091,2032,965,2046,2091,2032
1278095,B,255,963,2045,2093,2029,963,2046,2092,2029
1278195,B,255,966,2043,2093,2031,964,2045,2093,2031
1278295,B,255,964,2045,2093,2031,964,2045,2091,2031
1278395,B,255,962,2045,2090,2031,962,2045,2090,2031
1278495,B,255,963,2046,2093,2029,963,2046,2092,2030
1278595,B,255,965,2046,2093,2030,964,2046,2093,2030
1278695,B,255,963,2043,2091,2029,963,2044,2091,2030
1278795,B,255,965,2046,2089,2029,965,2045,2091,2029
1278895,B,255,962,2046,2091,2029,963,2045,2089,2029
1278995,B,255,966,2045,2092,2028,964,2045,2092,2031
1279095,B,255,963,2047,2090,2032,963,2047,2091,2030
1279195,B,255,966,2047,2094,2030,965,2044,2092,2030
1279295,B,255,964,2046,2091,2031,964,2046,2091,2029
1279395,B,255,963,2045,2091,2032,964,2045,2092,2032
1279495,B,255,964,2045,2093,2030,964,2045,2091,2030
1279595,B,255,963,2045,2096,2031,961,2044,2089,2027
1279695,B,255,962,2046,2092,2031,964,2045,2092,2031
1279795,B,255,962,2047,2093,2031,964,2047,2093,2030
1279895,B,255,966,2047,2091,2032,961,2044,2090,2027
1279995,B,255,963,2046,2091,2032,965,2046,2091,2031
1280095,B,255,963,2045,2091,2030,963,2045,2091,2030
1280195,B,255,955,2035,2086,2032,961,2041,2087,2028
1280295,B,255,963,2045,2093,2029,964,2045,2091,2031
1280395,B,255,966,2045,2091,2030,966,2045,2091,2030
1280495,B,255,957,2032,2081,2018,959,2043,2088,2028
1280595,B,255,969,2046,2089,2032,966,2046,2089,2032
1280695,B,255,965,2046,2091,2029,965,2046,2091,2030
1280795,B,255,950,2032,2078,2017,962,2044,2090,2029
1280895,B,255,963,2045,2090,2031,963,2045,2090,2030
1280995,B,255,966,2046,2095,2030,966,2046,2091,2030
1281095,B,255,953,2032,2077,2017,964,2044,2089,2029
1281195,B,255,964,2046,2095,2030,964,2046,2092,2030
1281295,B,255,962,2045,2093,2032,963,2045,2093,2031
1281395,B,255,966,2047,2089,2030,965,2044,2090,2030
1281495,B,255,964,2047,2093,2029,964,2047,2092,2029
1281595,B,255,966,2047,2091,2032,966,2047,2092,2031
1281695,B,255,965,2046,2089,2030,965,2046,2093,2031
1281795,B,255,963,2047,2093,2031,964,2046,2093,2031
1281895,B,255,962,2045,2091,2032,963,2045,2092,2032
1281995,B,255,951,2035,2077,2016,954,2037,2084,2022
1282095,B,255,963,2047,2094,2032,963,2046,2092,2032
1282195,B,255,962,2047,2094,2031,963,2046,2093,2029
1282295,B,255,967,2045,2093,2031,966,2045,2092,2031
1282395,B,255,963,2044,2091,2030,963,2046,2091,2030
1282495,B,255,966,2046,2091,2032,966,2045,2091,2032
1282595,B,255,966,2046,2093,2031,966,2046,2093,2031
1282695,B,255,963,2046,2093,2031,964,2045,2091,2031
1282795,B,255,963,2047,2094,2030,963,2047,2093,2030
1282895,B,255,964,2043,2091,2029,964,2044,2092,2029
1282995,B,255,967,2047,2091,2032,965,2047,2091,2031
1283095,B,255,967,2045,2090,2032,965,2045,2091,2032
1283195,B,255,963,2046,2089,2031,963,2046,2089,2031
1283295,B,255,964,2044,2093,2031,964,2044,2092,2031
1283395,B,255,965,2047,2093,2031,965,2047,2093,2031
1283495,B,255,965,2047,2094,2031,965,2047,2093,2031
1283595,B,255,965,2045,2091,2031,965,2046,2093,2031
1283695,B,255,964,2043,2089,2031,964,2043,2091,2031
1283795,B,255,964,2046,2093,2028,964,2044,2093,2029
1283895,B,255,965,2046,2094,2032,964,2046,2092,2032
1283995,B,255,965,2046,2090,2031,965,2046,2092,2031
1284095,B,255,966,2047,2091,2031,966,2047,2091,2031
1284195,B,255,965,2047,2091,2031,965,2047,2091,2029
1284295,B,255,963,2046,2094,2032,963,2046,2094,2032
1284395,B,255,967,2046,2090,2029,964,2046,2090,2029
1284495,B,255,964,2047,2092,2030,964,2045,2091,2029
1284595,B,255,963,2047,2091,2030,964,2046,2092,2030
1284695,B,255,966,2046,2091,2032,965,2046,2091,2031
1284795,B,255,951,2031,2082,2023,962,2043,2088,2027
1284895,B,255,965,2047,2087,2032,965,2047,2091,2032
1284995,B,255,966,2046,2090,2030,966,2046,2092,2030
1285095,B,255,950,2031,2079,2016,964,2045,2092,2030
1285195,B,255,963,2045,2091,2029,963,2046,2091,2029
1285295,B,255,963,2046,2095,2030,964,2046,2092,2031
1285395,B,255,966,2047,2094,2032,965,2045,2090,2030
1285495,B,255,963,2046,2091,2030,964,2046,2092,2030
1285595,B,255,963,2046,2089,2032,964,2046,2092,2032
1285695,B,255,965,2047,2087,2031,964,2047,2092,2031
1285795,B,255,965,2045,2093,2032,965,2046,2093,2032
1285895,B,255,963,2047,2091,2030,964,2047,2091,2030
1285995,B,255,964,2046,2093,2030,965,2046,2092,2030
1286095,B,255,967,2046,2090,2031,966,2046,2092,2031
1286195,B,255,966,2043,2092,2029,966,2046,2092,2030
1286295,B,255,966,2046,2094,2031,964,2046,2093,2031
1286395,B,255,966,2045,2087,2031,963,2045,2092,2031
1286495,B,255,965,2045,2087,2030,965,2046,2092,2030
1286595,B,255,963,2045,2093,2029,964,2045,2092,2030
1286695,B,255,967,2047,2092,2032,965,2047,2092,2031
1286795,B,255,965,2047,2094,2029,964,2046,2093,2030
1286895,B,255,964,2044,2093,2031,964,2045,2093,2031
1286995,B,255,963,2045,2090,2030,965,2045,2092,2030
1287095,B,255,965,2045,2091,2030,965,2045,2091,2030
1287195,B,255,963,2046,2094,2032,963,2046,2092,2030
1287295,B,255,965,2045,2094,2030,965,2045,2092,2030
1287395,B,255,964,2045,2090,2029,964,2045,2092,2030
1287495,B,255,963,2045,2087,2031,963,2045,2091,2031
1287595,B,255,964,2046,2091,2029,963,2046,2091,2031
1287695,B,255,965,2045,2093,2029,965,2045,2091,2030
1287795,B,255,964,2045,2093,2031,964,2045,2093,2031
1287895,B,255,965,2044,2090,2029,964,2044,2091,2029
1287995,B,255,965,2046,2090,2030,965,2046,2090,2030
1288095,B,255,964,2047,2089,2031,964,2047,2091,2031
1288195,B,255,963,2045,2093,2032,963,2045,2091,2030
1288295,B,255,966,2045,2093,2029,966,2045,2092,2031
1288395,B,255,963,2045,2091,2030,964,2045,2091,2030
1288495,B,255,966,2047,2093,2030,964,2047,2093,2030
1288595,B,255,964,2046,2092,2028,964,2046,2092,2031
1288695,B,255,965,2047,2093,2029,965,2047,2092,2029
1288795,B,255,963,2047,2093,2032,963,2046,2093,2030
1288895,B,255,963,2046,2091,2031,965,2045,2092,2031
1288995,B,255,965,2045,2089,2031,965,2045,2090,2031
1289095,B,255,965,2052,2093,2030,965,2045,2091,2030
1289195,B,255,964,2046,2091,2027,964,2046,2091,2030
1289295,B,255,962,2045,2091,2029,963,2045,2091,2029
1289395,B,255,967,2045,2091,2032,966,2045,2091,2032
1289495,B,255,965,2046,2090,2027,965,2046,2090,2029
1289595,B,255,953,2033,2080,2018,964,2044,2092,2029
1289695,B,255,964,2046,2093,2031,964,2046,2092,2031
1289795,B,255,965,2044,2093,2028,964,2044,2092,2028
1289895,B,255,953,2031,2084,2016,962,2045,2089,2030
1289995,B,255,964,2047,2091,2032,964,2046,2091,2031
1290095,B,255,963,2047,2087,2029,963,2047,2090,2030
1290195,B,255,963,2046,2093,2029,963,2046,2091,2029
1290295,B,255,965,2046,2092,2029,965,2046,2092,2030
1290395,B,255,966,2045,2091,2029,964,2045,2091,2029
1290495,B,255,966,2045,2090,2031,964,2045,2091,2031
1290595,B,255,962,2047,2091,2031,964,2046,2091,2031
1290695,B,255,961,2045,2091,2030,963,2045,2091,2030
1290795,B,255,962,2047,2095,2029,963,2046,2092,2029
1290895,B,255,965,2046,2093,2032,965,2046,2092,2032
1290995,B,255,966,2047,2093,2028,966,2046,2092,2031
1291095,B,255,965,2045,2093,2031,963,2045,2093,2030
1291195,B,255,964,2047,2093,2030,964,2047,2093,2029
1291295,B,255,963,2043,2093,2029,963,2045,2092,2029
1291395,B,255,964,2046,2093,2030,965,2046,2091,2030
1291495,B,255,965,2047,2093,2031,963,2046,2093,2031
1291595,B,255,965,2043,2091,2031,961,2043,2091,2030
1291695,B,255,964,2046,2090,2032,964,2046,2090,2032
1291795,B,255,963,2045,2091,2029,964,2045,2091,2030
1291895,B,255,965,2046,2093,2029,965,2046,2093,2029
1291995,B,255,965,2045,2095,2032,965,2045,2092,2032
1292095,B,255,962,2046,2092,2031,964,2046,2092,2031
1292195,B,255,963,2045,2093,2029,963,2045,2092,2029
1292295,B,255,964,2045,2091,2030,964,2045,2091,2030
1292395,B,255,965,2045,2087,2030,964,2045,2091,2030
1292495,B,255,963,2045,2094,2031,964,2046,2094,2031
1292595,B,255,964,2046,2092,2031,964,2046,2092,2031
1292695,B,255,963,2046,2094,2030,964,2046,2092,2030
1292795,B,255,967,2046,2093,2031,967,2046,2093,2031
1292895,B,255,966,2046,2091,2031,965,2046,2091,2031
1292995,B,255,963,2047,2093,2032,962,2046,2093,2032
1293095,B,255,964,2047,2092,2029,964,2045,2090,2029
1293195,B,255,963,2044,2093,2033,964,2044,2092,2031
1293295,B,255,965,2047,2094,2030,965,2046,2094,2030
1293395,B,255,966,2047,2094,2029,963,2046,2091,2029
1293495,B,255,963,2041,2093,2032,964,2043,2092,2032
1293595,B,255,955,2034,2082,2018,962,2044,2090,2027
1293695,B,255,963,2047,2091,2031,963,2047,2091,2031
1293795,B,255,964,2043,2091,2031,964,2043,2091,2031
1293895,B,255,954,2033,2079,2018,962,2045,2089,2028
1293995,B,255,965,2046,2095,2029,965,2046,2091,2030
1294095,B,255,965,2046,2091,2032,964,2046,2091,2030
1294195,B,255,965,2045,2096,2032,965,2046,2094,2032
1294295,B,255,966,2045,2091,2032,964,2045,2091,2030
1294395,B,255,965,2043,2091,2031,965,2045,2092,2031
1294495,B,255,966,2046,2092,2031,965,2046,2092,2031
1294595,B,255,965,2042,2093,2029,965,2045,2092,2030
1294695,B,255,964,2045,2091,2032,964,2046,2091,2030
1294795,B,255,964,2043,2090,2032,964,2045,2090,2030
1294895,B,255,963,2045,2089,2031,963,2045,2090,2031
1294995,B,255,965,2045,2093,2032,965,2045,2091,2031
1295095,B,255,965,2047,2090,2031,965,2047,2090,2031
1295195,B,255,963,2043,2087,2027,964,2044,2089,2029
1295295,B,255,961,2045,2092,2030,964,2045,2092,2030
1295395,B,255,964,2043,2090,2029,964,2045,2090,2030
1295495,B,255,968,2043,2089,2031,964,2045,2092,2031
1295595,B,255,962,2045,2089,2029,962,2045,2089,2029
1295695,B,255,963,2046,2090,2030,963,2046,2091,2030
1295795,B,255,962,2046,2093,2030,964,2046,2092,2030
1295895,B,255,962,2046,2093,2031,964,2046,2092,2031
1295995,B,255,964,2042,2091,2029,964,2045,2092,2031
1296095,B,255,965,2047,2092,2029,965,2045,2092,2030
1296195,B,255,964,2055,2094,2029,964,2047,2094,2030
1296295,B,255,965,2047,2095,2032,965,2047,2094,2032
1296395,B,255,966,2047,2092,2031,966,2047,2092,2031
1296495,B,255,965,2045,2090,2031,965,2045,2091,2031
1296595,B,255,965,2047,2091,2030,965,2046,2091,2031
1296695,B,255,963,2045,2091,2029,964,2045,2092,2030
1296795,B,255,963,2045,2093,2032,963,2045,2093,2029
1296895,B,255,966,2045,2092,2031,965,2045,2092,2031
1296995,B,255,965,2047,2094,2031,965,2047,2093,2031
1297095,B,255,964,2054,2095,2031,964,2047,2092,2030
1297195,B,255,963,2042,2094,2031,963,2045,2093,2031
1297295,B,255,963,2045,2094,2030,963,2045,2093,2030
1297395,B,255,963,2045,2093,2032,963,2045,2091,2032
1297495,B,255,965,2047,2092,2030,965,2047,2092,2030
1297595,B,255,953,2032,2077,2015,964,2042,2090,2029
1297695,B,255,964,2045,2094,2031,964,2045,2092,2031
1297795,B,255,965,2046,2093,2029,965,2046,2093,2030
1297895,B,255,965,2045,2093,2030,965,2045,2092,2030
1297995,B,255,963,2047,2091,2032,964,2047,2091,2032
1298095,B,255,963,2046,2087,2030,963,2046,2092,2030
1298195,B,255,951,2032,2079,2017,963,2044,2088,2028
1298295,B,255,963,2045,2093,2031,964,2045,2093,2031
1298395,B,255,965,2046,2093,2029,965,2046,2093,2030
1298495,B,255,964,2045,2096,2031,966,2046,2092,2031
1298595,B,255,965,2045,2095,2032,965,2045,2093,2032
1298695,B,255,963,2046,2094,2031,964,2046,2092,2031
1298795,B,255,962,2047,2095,2031,962,2047,2092,2031
1298895,B,255,965,2047,2092,2032,965,2047,2092,2032
1298995,B,255,963,2046,2090,2031,964,2046,2092,2031
1299095,B,255,965,2047,2092,2030,964,2047,2092,2030
1299195,B,255,963,2043,2093,2032,965,2045,2093,2031
1299295,B,255,964,2046,2093,2030,964,2046,2093,2030
1299395,B,255,963,2045,2091,2032,964,2045,2091,2032
1299495,B,255,965,2047,2091,2031,964,2047,2091,2031
1299595,B,255,965,2045,2093,2030,965,2045,2091,2031
1299695,B,255,962,2045,2091,2031,965,2045,2092,2031
1299795,B,255,963,2046,2095,2030,965,2046,2093,2030
1299895,B,255,965,2045,2089,2031,965,2045,2092,2031
1299995,B,255,965,2047,2092,2032,965,2047,2092,2032
1300095,B,255,967,2046,2090,2031,964,2046,2092,2031
1300195,B,255,966,2047,2094,2032,964,2047,2093,2031
1300295,B,255,964,2045,2091,2032,964,2045,2092,2031
1300395,B,255,966,2046,2091,2030,966,2046,2091,2031
1300495,B,255,965,2047,2093,2031,965,2047,2092,2031
1300595,B,255,965,2053,2091,2031,965,2046,2092,2031
1300695,B,255,965,2047,2093,2032,965,2047,2093,2031
1300795,B,255,963,2045,2095,2031,963,2046,2093,2031
1300895,B,255,966,2045,2090,2031,966,2045,2092,2031
1300995,B,255,965,2046,2091,2031,964,2046,2093,2031
1301095,B,255,965,2047,2093,2032,964,2046,2091,2031
1301195,B,255,963,2046,2090,2030,963,2046,2092,2030
1301295,B,255,965,2047,2092,2031,965,2046,2092,2031
1301395,B,255,965,2046,2092,2029,964,2046,2092,2031
1301495,B,255,965,2046,2090,2031,965,2046,2091,2031
1301595,B,255,951,2029,2078,2017,962,2043,2089,2028
1301695,B,255,964,2046,2093,2032,964,2046,2093,2032
1301795,B,255,967,2046,2091,2031,966,2045,2091,2031
1301895,B,255,955,2032,2081,2018,962,2043,2089,2029
1301995,B,255,966,2045,2090,2030,966,2045,2090,2030
1302095,B,255,963,2045,2091,2031,963,2045,2091,2031
1302195,B,255,955,2032,2075,2015,964,2045,2091,2028
1302295,B,255,963,2045,2091,2032,963,2045,2092,2032
1302395,B,255,966,2046,2090,2032,966,2046,2090,2032
1302495,B,255,958,2032,2078,2015,962,2045,2092,2030
1302595,B,255,965,2046,2092,2029,965,2046,2092,2030
1302695,B,255,963,2045,2091,2031,964,2045,2091,2031
1302795,B,255,949,2032,2078,2017,962,2045,2092,2029
1302895,B,255,965,2047,2090,2031,965,2047,2090,2031
1302995,B,255,962,2047,2091,2028,963,2047,2091,2029
1303095,B,255,967,2046,2092,2032,966,2046,2092,2032
1303195,B,255,965,2047,2090,2032,964,2047,2092,2031
1303295,B,255,965,2046,2093,2029,964,2046,2092,2031
1303395,B,255,967,2044,2093,2030,964,2044,2092,2030
1303495,B,255,965,2046,2096,2032,965,2046,2091,2032
1303595,B,255,964,2043,2094,2030,964,2044,2091,2030
1303695,B,255,966,2046,2091,2030,964,2046,2092,2030
1303795,B,255,963,2045,2092,2030,964,2045,2092,2030
1303895,B,255,965,2047,2090,2029,965,2045,2090,2030
1303995,B,255,965,2044,2091,2030,965,2044,2091,2030
1304095,B,255,964,2045,2089,2031,964,2045,2090,2031
1304195,B,255,966,2045,2087,2027,964,2045,2088,2028
1304295,B,255,966,2047,2094,2032,963,2046,2092,2032
1304395,B,255,963,2046,2094,2031,963,2045,2092,2031
1304495,B,255,966,2046,2090,2030,965,2046,2090,2030
1304595,B,255,963,2044,2093,2030,963,2045,2093,2030
1304695,B,255,966,2045,2087,2029,966,2045,2091,2030
1304795,B,255,966,2046,2095,2031,965,2046,2092,2031
1304895,B,255,963,2047,2090,2030,964,2046,2090,2030
1304995,B,255,962,2046,2093,2030,963,2046,2093,2030
1305095,B,255,965,2046,2090,2031,965,2046,2090,2031
1305195,B,255,964,2045,2090,2031,964,2045,2090,2030
1305295,B,255,962,2044,2091,2027,965,2045,2091,2030
1305395,B,255,966,2045,2093,2029,965,2045,2091,2030
1305495,B,255,965,2045,2092,2030,965,2046,2092,2030
1305595,B,255,963,2045,2094,2031,963,2044,2092,2030
1305695,B,255,965,2045,2093,2030,965,2045,2093,2030
1305795,B,255,967,2046,2090,2031,965,2046,2092,2031
1305895,B,255,951,2032,2078,2019,961,2042,2089,2027
1305995,B,255,964,2045,2089,2027,964,2045,2091,2028
1306095,B,255,963,2047,2090,2031,964,2047,2092,2031
1306195,B,255,951,2033,2079,2020,961,2042,2087,2027
1306295,B,255,963,2043,2094,2032,963,2044,2092,2032
1306395,B,255,965,2047,2093,2032,965,2046,2093,2032
1306495,B,255,964,2047,2093,2032,964,2046,2093,2029
1306595,B,255,963,2046,2090,2031,963,2046,2091,2030
1306695,B,255,965,2047,2091,2030,964,2047,2093,2030
1306795,B,255,961,2037,2082,2022,963,2045,2092,2029
1306895,B,255,964,2046,2090,2032,964,2046,2090,2032
1306995,B,255,965,2043,2093,2031,964,2045,2093,2031
1307095,B,255,955,2032,2079,2018,962,2045,2090,2031
1307195,B,255,963,2047,2091,2031,963,2045,2091,2031
1307295,B,255,963,2046,2094,2031,963,2046,2092,2031
1307395,B,255,966,2046,2086,2031,965,2046,2090,2031
1307495,B,255,965,2047,2091,2031,965,2046,2091,2031
1307595,B,255,965,2047,2094,2031,965,2047,2093,2031
1307695,B,255,963,2047,2094,2029,964,2047,2093,2029
1307795,B,255,963,2045,2093,2030,964,2045,2091,2030
1307895,B,255,963,2045,2089,2030,963,2045,2090,2030
1307995,B,255,965,2047,2093,2031,965,2047,2092,2031
1308095,B,255,963,2046,2091,2029,963,2046,2092,2030
1308195,B,255,966,2044,2092,2031,964,2045,2092,2031
1308295,B,255,963,2045,2091,2030,963,2045,2093,2031
1308395,B,255,963,2053,2091,2031,964,2046,2092,2031
1308495,B,255,961,2047,2092,2032,965,2046,2092,2031
1308595,B,255,963,2043,2090,2030,963,2044,2090,2031
1308695,B,255,963,2047,2093,2031,963,2046,2092,2030
1308795,B,255,966,2045,2093,2031,965,2045,2093,2031
1308895,B,255,966,2045,2091,2030,964,2045,2091,2030
1308995,B,255,962,2045,2087,2029,964,2045,2092,2029
1309095,B,255,961,2045,2093,2032,964,2046,2093,2032
1309195,B,255,964,2044,2086,2030,964,2044,2089,2031
1309295,B,255,965,2047,2091,2032,964,2046,2092,2032
1309395,B,255,965,2046,2091,2031,965,2046,2091,2030
1309495,B,255,966,2046,2090,2031,966,2046,2090,2031
1309595,B,255,963,2047,2094,2031,961,2043,2089,2028
1309695,B,255,966,2043,2093,2031,966,2045,2093,2031
1309795,B,255,962,2045,2094,2031,964,2045,2094,2031
1309895,B,255,965,2046,2093,2030,964,2046,2091,2030
1309995,B,255,967,2043,2090,2029,966,2044,2092,2030
1310095,B,255,965,2047,2091,2030,965,2046,2091,2030
1310195,B,255,965,2046,2091,2031,963,2045,2090,2028
1310295,B,255,963,2047,2091,2030,963,2046,2090,2030
1310395,B,255,963,2046,2092,2031,963,2046,2092,2031
1310495,B,255,952,2034,2082,2017,962,2043,2089,2028
1310595,B,255,963,2045,2094,2032,965,2045,2094,2032
1310695,B,255,965,2045,2094,2031,965,2045,2093,2031
1310795,B,255,954,2032,2080,2018,963,2044,2090,2030
1310895,B,255,963,2046,2089,2032,964,2046,2090,2032
1310995,B,255,967,2047,2090,2032,964,2047,2092,2031
1311095,B,255,965,2046,2092,2031,965,2046,2092,2031
1311195,B,255,963,2045,2091,2030,963,2045,2091,2031
1311295,B,255,964,2053,2092,2031,964,2047,2092,2031
1311395,B,255,951,2032,2076,2014,963,2045,2090,2028
1311495,B,255,962,2043,2091,2028,963,2044,2091,2030
1311595,B,255,963,2047,2091,2032,964,2046,2091,2032
1311695,B,255,962,2043,2091,2032,963,2045,2091,2032
1311795,B,255,967,2045,2092,2032,967,2045,2092,2030
1311895,B,255,965,2045,2087,2031,965,2045,2091,2031
1311995,B,255,965,2046,2091,2032,965,2046,2091,2031
1312095,B,255,963,2053,2091,2030,963,2048,2093,2031
1312195,B,255,967,2053,2091,2032,964,2047,2091,2032
1312295,B,255,964,2045,2091,2031,964,2046,2091,2031
1312395,B,255,964,2047,2092,2032,964,2047,2091,2032
1312495,B,255,963,2044,2091,2032,964,2045,2091,2032
1312595,B,255,962,2045,2089,2029,963,2045,2091,2030
1312695,B,255,965,2047,2091,2028,965,2047,2093,2031
1312795,B,255,965,2044,2090,2029,965,2045,2091,2030
1312895,B,255,962,2047,2095,2030,963,2047,2093,2030
1312995,B,255,963,2045,2093,2032,963,2045,2092,2031
1313095,B,255,963,2047,2093,2031,963,2047,2092,2031
1313195,B,255,964,2046,2094,2027,964,2045,2092,2029
1313295,B,255,966,2058,2093,2029,966,2046,2093,2030
1313395,B,255,967,2047,2094,2030,964,2047,2093,2030
1313495,B,255,966,2045,2094,2031,965,2045,2093,2031
1313595,B,255,964,2045,2095,2032,964,2045,2094,2032
1313695,B,255,963,2043,2090,2027,963,2045,2091,2030
1313795,B,255,965,2045,2093,2031,965,2045,2091,2030
1313895,B,255,963,2046,2092,2029,963,2046,2091,2029
1313995,B,255,962,2045,2088,2030,963,2045,2089,2030
1314095,B,255,963,2046,2090,2031,964,2046,2091,2031
1314195,B,255,965,2045,2093,2028,964,2046,2093,2029
1314295,B,255,963,2047,2093,2029,965,2045,2093,2029
1314395,B,255,963,2047,2091,2031,963,2047,2091,2031
1314495,B,255,962,2047,2095,2032,962,2047,2092,2028
1314595,B,255,959,2045,2093,2031,964,2045,2093,2031
1314695,B,255,965,2046,2091,2030,965,2046,2092,2030
1314795,B,255,951,2033,2081,2019,962,2044,2089,2028
1314895,B,255,963,2045,2092,2028,964,2045,2092,2031
1314995,B,255,963,2046,2092,2031,963,2046,2092,2031
1315095,B,255,945,2034,2081,2018,963,2045,2092,2028
1315195,B,255,965,2046,2094,2031,965,2046,2091,2031
1315295,B,255,967,2046,2093,2031,965,2046,2093,2031
1315395,B,255,963,2047,2087,2028,964,2046,2092,2030
1315495,B,255,962,2043,2091,2031,965,2046,2091,2031
1315595,B,255,964,2047,2090,2031,964,2047,2090,2031
1315695,B,255,963,2046,2089,2032,963,2046,2090,2032
1315795,B,255,967,2045,2092,2027,966,2045,2091,2029
1315895,B,255,960,2047,2093,2030,963,2047,2092,2030
1315995,B,255,963,2046,2091,2029,965,2046,2091,2030
1316095,B,255,965,2046,2090,2032,964,2046,2090,2031
1316195,B,255,967,2047,2093,2032,966,2046,2091,2030
1316295,B,255,966,2046,2091,2030,966,2046,2092,2030
1316395,B,255,965,2045,2092,2029,965,2045,2092,2031
1316495,B,255,966,2045,2091,2032,966,2045,2091,2032
1316595,B,255,965,2045,2092,2031,965,2045,2092,2031
1316695,B,255,963,2046,2091,2032,964,2046,2091,2032
1316795,B,255,966,2046,2093,2030,966,2046,2093,2030
1316895,B,255,963,2045,2093,2031,963,2045,2093,2030
1316995,B,255,963,2047,2093,2028,964,2047,2092,2031
1317095,B,255,963,2044,2091,2029,963,2045,2091,2029
1317195,B,255,965,2043,2093,2031,964,2044,2093,2031
1317295,B,255,966,2046,2090,2031,966,2046,2090,2031
1317395,B,255,965,2043,2090,2028,965,2044,2091,2030
1317495,B,255,963,2042,2094,2031,966,2045,2092,2031
1317595,B,255,965,2046,2095,2031,965,2046,2094,2031
1317695,B,255,964,2045,2091,2031,964,2045,2091,2031
1317795,B,255,963,2045,2094,2029,964,2045,2094,2029
1317895,B,255,965,2046,2094,2031,963,2046,2092,2030
1317995,B,255,966,2043,2091,2032,965,2046,2091,2032
1318095,B,255,965,2047,2090,2029,965,2047,2090,2030
1318195,B,255,963,2046,2091,2031,963,2046,2091,2029
1318295,B,255,965,2047,2091,2031,964,2047,2092,2031
1318395,B,255,963,2045,2087,2031,965,2045,2091,2031
1318495,B,255,965,2046,2094,2030,963,2044,2090,2029
1318595,B,255,963,2046,2091,2031,963,2046,2091,2031
1318695,B,255,963,2047,2091,2029,963,2046,2091,2029
1318795,B,255,963,2055,2096,2032,963,2045,2091,2030
1318895,B,255,966,2043,2094,2030,964,2045,2094,2030
1318995,B,255,965,2045,2090,2029,964,2045,2092,2029
1319095,B,255,949,2033,2081,2015,963,2044,2089,2029
1319195,B,255,963,2047,2095,2027,965,2047,2093,2030
1319295,B,255,966,2047,2091,2030,963,2047,2092,2031
1319395,B,255,954,2032,2077,2018,963,2044,2091,2031
1319495,B,255,965,2046,2094,2032,965,2046,2092,2031
1319595,B,255,955,2032,2075,2017,964,2044,2091,2029
1319695,B,255,964,2045,2093,2031,964,2045,2092,2031
1319795,B,255,966,2047,2091,2029,966,2047,2091,2030
1319895,B,255,963,2047,2095,2032,963,2046,2093,2031
1319995,B,255,965,2047,2090,2032,964,2046,2090,2031
1320095,B,255,965,2047,2094,2031,965,2046,2094,2031
1320195,B,255,965,2046,2091,2027,965,2046,2091,2030
1320295,B,255,963,2047,2093,2032,960,2041,2086,2025
1320395,B,255,964,2046,2089,2032,964,2046,2091,2032
1320495,B,255,967,2046,2089,2031,966,2046,2092,2031
1320595,B,255,963,2045,2090,2032,964,2045,2091,2032
1320695,B,255,960,2045,2090,2031,963,2045,2091,2031
1320795,B,255,964,2046,2094,2032,964,2046,2093,2031
1320895,B,255,963,2046,2093,2031,963,2046,2093,2031
1320995,B,255,960,2045,2091,2029,963,2045,2092,2030
1321095,B,255,963,2047,2093,2030,964,2046,2093,2030
1321195,B,255,961,2047,2090,2032,963,2046,2092,2032
1321295,B,255,965,2046,2093,2030,965,2046,2093,2031
1321395,B,255,965,2045,2091,2032,965,2045,2091,2032
1321495,B,255,963,2045,2094,2032,963,2045,2093,2032
1321595,B,255,965,2047,2093,2032,963,2046,2093,2030
1321695,B,255,969,2045,2093,2030,964,2045,2093,2030
1321795,B,255,963,2047,2090,2032,963,2047,2093,2031
1321895,B,255,963,2045,2087,2031,963,2045,2091,2031
1321995,B,255,962,2047,2090,2031,964,2047,2090,2031
1322095,B,255,965,2045,2090,2031,965,2045,2092,2031
1322195,B,255,963,2045,2091,2032,963,2045,2091,2030
1322295,B,255,965,2043,2091,2029,964,2044,2091,2030
1322395,B,255,965,2042,2090,2032,965,2043,2090,2031
1322495,B,255,966,2046,2095,2032,962,2044,2088,2028
1322595,B,255,963,2046,2091,2031,964,2046,2091,2031
1322695,B,255,966,2045,2094,2030,965,2045,2091,2030
1322795,B,255,953,2032,2080,2015,961,2042,2087,2028
1322895,B,255,961,2047,2093,2029,962,2046,2092,2031
1322995,B,255,966,2046,2091,2030,964,2046,2091,2030
1323095,B,255,964,2053,2091,2030,964,2045,2091,2030
1323195,B,255,966,2043,2084,2032,966,2045,2089,2032
1323295,B,255,965,2046,2094,2031,965,2046,2091,2031
1323395,B,255,965,2046,2090,2029,965,2046,2090,2029
1323495,B,255,964,2045,2092,2031,964,2045,2092,2031
1323595,B,255,951,2032,2079,2017,964,2043,2090,2027
1323695,B,255,963,2042,2093,2028,963,2045,2093,2029
1323795,B,255,961,2047,2093,2030,964,2046,2092,2030
1323895,B,255,963,2046,2091,2030,965,2046,2092,2030
1323995,B,255,967,2043,2088,2030,965,2044,2090,2030
1324095,B,255,971,2045,2089,2032,965,2045,2091,2031
1324195,B,255,949,2032,2079,2018,962,2045,2089,2029
1324295,B,255,962,2047,2091,2029,964,2047,2091,2029
1324395,B,255,965,2045,2093,2029,965,2045,2093,2029
1324495,B,255,965,2046,2093,2029,965,2046,2093,2030
1324595,B,255,963,2046,2094,2030,964,2046,2092,2030
1324695,B,255,966,2045,2093,2031,965,2045,2092,2031
1324795,B,255,966,2047,2094,2029,966,2047,2093,2030
1324895,B,255,966,2046,2091,2029,963,2046,2091,2030
1324995,B,255,965,2046,2090,2032,965,2046,2090,2032
1325095,B,255,965,2047,2086,2032,965,2047,2091,2032
1325195,B,255,966,2046,2095,2029,966,2046,2094,2030
1325295,B,255,966,2045,2094,2032,965,2046,2093,2032
1325395,B,255,965,2047,2089,2031,965,2047,2092,2031
1325495,B,255,966,2047,2093,2031,966,2047,2093,2031
1325595,B,255,965,2047,2094,2032,965,2047,2091,2031
1325695,B,255,963,2045,2094,2031,963,2045,2092,2031
1325795,B,255,964,2045,2093,2032,964,2045,2093,2031
1325895,B,255,964,2046,2091,2031,964,2046,2091,2031
1325995,B,255,967,2046,2090,2030,966,2046,2090,2031
1326095,B,255,963,2045,2087,2031,964,2045,2092,2031
1326195,B,255,966,2046,2091,2032,965,2046,2091,2032
1326295,B,255,963,2046,2094,2031,963,2046,2093,2031
1326395,B,255,964,2045,2093,2032,964,2045,2093,2032
1326495,B,255,964,2045,2089,2031,964,2047,2091,2031
1326595,B,255,967,2045,2087,2031,966,2045,2092,2031
1326695,B,255,965,2047,2094,2030,965,2047,2093,2030
1326795,B,255,964,2047,2093,2030,964,2045,2092,2030
1326895,B,255,966,2045,2091,2032,966,2046,2092,2031
1326995,B,255,966,2047,2092,2030,965,2047,2092,2030
1327095,B,255,953,2032,2079,2018,960,2044,2090,2027
1327195,B,255,967,2047,2090,2032,966,2046,2090,2032
1327295,B,255,966,2045,2094,2031,966,2046,2092,2031
1327395,B,255,963,2045,2092,2032,963,2045,2092,2032
1327495,B,255,963,2047,2092,2032,963,2046,2092,2032
1327595,B,255,954,2033,2080,2018,961,2044,2091,2029
1327695,B,255,966,2046,2091,2030,965,2046,2091,2030
1327795,B,255,964,2046,2091,2029,964,2046,2092,2031
1327895,B,255,954,2035,2079,2019,961,2043,2088,2028
1327995,B,255,965,2045,2092,2031,965,2045,2093,2031
1328095,B,255,964,2047,2092,2031,964,2046,2091,2031
1328195,B,255,965,2047,2095,2031,965,2046,2093,2031
1328295,B,255,961,2045,2095,2030,962,2045,2092,2030
1328395,B,255,967,2046,2089,2030,965,2046,2092,2030
1328495,B,255,965,2047,2090,2032,965,2047,2093,2032
1328595,B,255,966,2045,2093,2030,965,2045,2093,2031
1328695,B,255,967,2047,2095,2031,967,2046,2094,2031
1328795,B,255,965,2047,2093,2030,964,2045,2093,2030
1328895,B,255,966,2047,2092,2026,965,2047,2092,2029
1328995,B,255,964,2047,2095,2031,964,2047,2092,2031
1329095,B,255,965,2047,2087,2032,965,2047,2094,2032
1329195,B,255,963,2047,2091,2032,965,2047,2091,2032
1329295,B,255,969,2047,2094,2032,965,2047,2093,2031
1329395,B,255,965,2047,2092,2032,965,2047,2092,2032
1329495,B,255,966,2045,2093,2031,965,2044,2093,2031
1329595,B,255,965,2045,2095,2030,965,2045,2094,2030
1329695,B,255,964,2047,2092,2030,965,2046,2092,2030
1329795,B,255,965,2047,2095,2030,965,2047,2092,2030
1329895,B,255,965,2047,2089,2031,965,2047,2093,2031
1329995,B,255,962,2046,2091,2032,962,2046,2092,2032
1330095,B,255,964,2047,2091,2030,964,2047,2091,2030
1330195,B,255,964,2046,2093,2032,964,2047,2092,2031
1330295,B,255,963,2046,2091,2029,965,2046,2093,2030
1330395,B,255,962,2046,2091,2031,963,2046,2091,2031
1330495,B,255,966,2046,2092,2030,965,2046,2092,2030
1330595,B,255,966,2046,2091,2031,965,2046,2091,2031
1330695,B,255,966,2046,2093,2031,965,2046,2092,2031
1330795,B,255,964,2046,2094,2029,965,2046,2094,2031
1330895,B,255,963,2047,2093,2031,963,2047,2091,2031
1330995,B,255,966,2047,2095,2030,965,2047,2093,2030
1331095,B,255,966,2045,2091,2031,964,2045,2091,2031
1331195,B,255,962,2047,2090,2029,962,2047,2090,2030
1331295,B,255,965,2044,2093,2031,964,2046,2093,2031
1331395,B,255,967,2045,2091,2029,964,2045,2091,2030
1331495,B,255,963,2047,2093,2032,964,2047,2092,2030
1331595,B,255,966,2047,2095,2031,965,2046,2093,2031
1331695,B,255,964,2046,2096,2030,964,2046,2092,2030
1331795,B,255,965,2046,2093,2031,965,2046,2092,2031
1331895,B,255,955,2033,2079,2019,962,2045,2090,2030
1331995,B,255,963,2047,2092,2032,963,2047,2092,2031
1332095,B,255,964,2045,2093,2027,964,2045,2092,2029
1332195,B,255,953,2033,2075,2014,964,2044,2090,2030
1332295,B,255,965,2045,2093,2029,965,2046,2092,2030
1332395,B,255,963,2047,2093,2032,963,2047,2093,2031
1332495,B,255,965,2046,2091,2030,965,2046,2092,2030
1332595,B,255,966,2046,2093,2030,964,2046,2092,2030
1332695,B,255,963,2046,2091,2029,963,2046,2093,2029
1332795,B,255,966,2047,2094,2029,964,2047,2093,2030
1332895,B,255,963,2043,2092,2031,966,2046,2092,2031
1332995,B,255,966,2047,2091,2030,965,2047,2091,2030
1333095,B,255,966,2045,2087,2032,966,2045,2090,2032
1333195,B,255,971,2046,2089,2029,966,2046,2090,2029
1333295,B,255,965,2047,2091,2029,965,2047,2092,2030
1333395,B,255,963,2046,2093,2032,963,2046,2092,2032
1333495,B,255,966,2047,2089,2029,965,2046,2091,2030
1333595,B,255,967,2047,2093,2031,964,2046,2091,2031
1333695,B,255,965,2046,2094,2032,965,2046,2093,2032
1333795,B,255,965,2047,2094,2032,965,2047,2094,2031
1333895,B,255,965,2046,2092,2032,965,2046,2092,2032
1333995,B,255,967,2047,2093,2031,966,2045,2093,2031
1334095,B,255,965,2047,2091,2032,965,2047,2092,2032
1334195,B,255,965,2044,2092,2031,965,2046,2092,2031
1334295,B,255,964,2046,2091,2031,964,2046,2091,2031
1334395,B,255,965,2047,2094,2032,965,2047,2093,2032
1334495,B,255,965,2047,2093,2031,965,2047,2093,2031
1334595,B,255,966,2047,2090,2031,966,2047,2090,2031
1334695,B,255,963,2046,2094,2032,963,2046,2092,2031
1334795,B,255,965,2045,2093,2031,965,2046,2093,2031
1334895,B,255,964,2047,2091,2029,964,2047,2092,2031
1334995,B,255,963,2045,2091,2032,964,2045,2092,2032
1335095,B,255,963,2046,2090,2032,963,2045,2090,2032
1335195,B,255,965,2047,2094,2032,965,2047,2093,2032
1335295,B,255,967,2047,2093,2032,965,2046,2092,2032
1335395,B,255,963,2043,2090,2032,964,2046,2093,2032
1335495,B,255,963,2047,2090,2030,963,2047,2091,2030
1335595,B,255,963,2047,2093,2032,963,2045,2093,2031
1335695,B,255,965,2046,2093,2031,965,2046,2093,2031
1335795,B,255,965,2047,2093,2030,965,2047,2093,2031
1335895,B,255,951,2033,2081,2022,962,2043,2087,2028
1335995,B,255,963,2047,2091,2029,963,2044,2088,2029
1336095,B,255,965,2047,2090,2032,965,2047,2092,2032
1336195,B,255,965,2046,2094,2031,964,2044,2090,2030
1336295,B,255,961,2046,2095,2032,963,2046,2094,2032
1336395,B,255,965,2045,2091,2030,965,2045,2091,2030
1336495,B,255,953,2034,2080,2018,964,2043,2091,2030
1336595,B,255,966,2047,2091,2030,966,2046,2092,2030
1336695,B,255,964,2046,2092,2030,964,2046,2092,2030
1336795,B,255,963,2043,2094,2029,964,2045,2094,2030
1336895,B,255,965,2053,2091,2032,965,2048,2091,2032
1336995,B,255,964,2047,2093,2031,964,2047,2093,2031
1337095,B,255,962,2046,2090,2031,963,2046,2091,2031
1337195,B,255,966,2045,2093,2031,966,2045,2091,2031
1337295,B,255,963,2046,2092,2032,963,2046,2092,2031
1337395,B,255,962,2045,2092,2031,964,2045,2092,2031
1337495,B,255,963,2045,2092,2031,964,2045,2091,2031
1337595,B,255,964,2043,2089,2031,964,2045,2090,2031
1337695,B,255,965,2041,2094,2031,965,2046,2093,2031
1337795,B,255,963,2046,2095,2030,963,2046,2094,2030
1337895,B,255,965,2046,2089,2031,965,2046,2092,2030
1337995,B,255,965,2042,2090,2027,965,2045,2090,2031
1338095,B,255,966,2043,2090,2029,965,2044,2093,2029
1338195,B,255,966,2047,2094,2032,966,2047,2092,2031
1338295,B,255,963,2046,2087,2030,963,2046,2092,2030
1338395,B,255,966,2047,2092,2031,966,2046,2092,2030
1338495,B,255,962,2045,2091,2030,962,2045,2091,2030
1338595,B,255,964,2047,2092,2031,964,2046,2091,2030
1338695,B,255,965,2045,2090,2029,965,2045,2090,2029
1338795,B,255,967,2044,2095,2032,964,2044,2093,2032
1338895,B,255,964,2046,2091,2031,964,2046,2091,2031
1338995,B,255,965,2046,2091,2031,964,2046,2091,2031
1339095,B,255,966,2046,2093,2031,963,2044,2091,2030
1339195,B,255,964,2045,2092,2030,964,2045,2091,2030
1339295,B,255,963,2047,2094,2031,963,2045,2094,2031
1339395,B,255,963,2044,2093,2032,963,2046,2093,2032
1339495,B,255,965,2047,2090,2029,964,2047,2092,2029
1339595,B,255,965,2045,2095,2030,965,2045,2091,2030
1339695,B,255,965,2046,2091,2029,964,2046,2091,2029
1339795,B,255,962,2046,2093,2031,962,2046,2093,2031
1339895,B,255,965,2047,2092,2032,963,2044,2090,2029
1339995,B,255,966,2045,2091,2029,965,2045,2091,2030
1340095,B,255,965,2047,2090,2032,965,2047,2091,2031
1340195,B,255,964,2047,2094,2030,964,2046,2092,2030
1340295,B,255,963,2046,2090,2030,963,2046,2091,2030
1340395,B,255,964,2046,2090,2031,964,2045,2091,2031
1340495,B,255,953,2032,2079,2017,961,2043,2089,2029
1340595,B,255,963,2045,2094,2031,963,2045,2093,2031
1340695,B,255,966,2043,2094,2029,965,2044,2091,2029
1340795,B,255,951,2032,2075,2017,964,2044,2089,2029
1340895,B,255,963,2043,2090,2031,964,2043,2090,2031
1340995,B,255,967,2047,2093,2030,966,2047,2092,2030
1341095,B,255,965,2046,2090,2030,965,2046,2092,2031
1341195,B,255,964,2046,2091,2031,964,2046,2091,2031
1341295,B,255,964,2047,2091,2032,964,2046,2091,2031
1341395,B,255,963,2045,2091,2032,963,2045,2091,2032
1341495,B,255,964,2045,2089,2030,964,2045,2092,2030
1341595,B,255,962,2047,2090,2029,963,2047,2091,2030
1341695,B,255,964,2045,2091,2030,963,2045,2091,2030
1341795,B,255,965,2043,2094,2030,965,2044,2091,2030
1341895,B,255,965,2045,2092,2029,965,2045,2092,2030
1341995,B,255,963,2047,2092,2029,964,2047,2092,2030
1342095,B,255,966,2047,2091,2031,965,2046,2091,2031
1342195,B,255,965,2046,2094,2031,964,2046,2091,2031
1342295,B,255,963,2046,2093,2029,963,2046,2092,2029
1342395,B,255,965,2045,2092,2031,964,2045,2092,2031
1342495,B,255,965,2047,2090,2029,965,2047,2092,2030
1342595,B,255,964,2047,2093,2030,964,2047,2091,2030
1342695,B,255,965,2046,2091,2031,964,2046,2091,2030
1342795,B,255,965,2044,2092,2030,965,2044,2091,2030
1342895,B,255,965,2047,2092,2030,965,2047,2092,2030
1342995,B,255,965,2045,2091,2029,965,2045,2091,2030
1343095,B,255,961,2046,2091,2029,964,2046,2092,2029
1343195,B,255,966,2045,2094,2031,964,2045,2090,2031
1343295,B,255,964,2043,2093,2031,964,2045,2093,2031
1343395,B,255,964,2045,2087,2031,964,2045,2092,2030
1343495,B,255,963,2043,2092,2030,964,2044,2092,2031
1343595,B,255,965,2047,2090,2030,965,2047,2094,2030
1343695,B,255,963,2045,2085,2031,965,2046,2092,2031
1343795,B,255,963,2045,2093,2029,964,2045,2093,2030
1343895,B,255,965,2047,2093,2032,961,2044,2089,2029
1343995,B,255,963,2047,2093,2032,963,2047,2093,2032
1344095,B,255,964,2045,2095,2032,964,2045,2091,2031
1344195,B,255,962,2047,2093,2029,962,2045,2093,2029
1344295,B,255,963,2046,2093,2031,964,2045,2092,2031
1344395,B,255,963,2043,2093,2032,964,2046,2093,2031
1344495,B,255,950,2033,2077,2020,962,2042,2089,2027
1344595,B,255,965,2045,2091,2032,965,2045,2092,2032
1344695,B,255,960,2045,2091,2032,963,2045,2091,2030
1344795,B,255,951,2032,2080,2018,964,2044,2091,2029
1344895,B,255,964,2047,2093,2030,964,2047,2092,2030
1344995,B,255,966,2047,2094,2032,966,2047,2093,2032
1345095,B,255,955,2032,2075,2019,964,2044,2089,2028
1345195,B,255,966,2047,2091,2027,965,2047,2091,2031
1345295,B,255,967,2047,2094,2031,965,2046,2093,2031
1345395,B,255,965,2047,2095,2028,965,2047,2093,2029
1345495,B,255,954,2032,2075,2017,959,2040,2086,2025
1345595,B,255,960,2034,2081,2019,963,2045,2090,2029
1345695,B,255,967,2045,2091,2031,965,2045,2091,2031
1345795,B,255,966,2045,2091,2032,966,2045,2091,2032
1345895,B,255,965,2046,2093,2031,964,2044,2093,2031
1345995,B,255,962,2046,2092,2032,963,2046,2092,2030
1346095,B,255,963,2047,2091,2032,963,2047,2092,2032
1346195,B,255,964,2046,2093,2031,964,2046,2092,2031
1346295,B,255,965,2047,2093,2031,965,2047,2092,2031
1346395,B,255,965,2046,2093,2032,965,2046,2091,2032
1346495,B,255,963,2046,2093,2031,964,2046,2093,2031
1346595,B,255,964,2045,2093,2032,964,2046,2092,2032
1346695,B,255,965,2047,2095,2032,965,2047,2092,2031
1346795,B,255,967,2042,2093,2032,965,2045,2091,2032
1346895,B,255,962,2046,2089,2029,962,2046,2091,2030
1346995,B,255,967,2045,2091,2030,965,2046,2091,2030
1347095,B,255,963,2047,2091,2031,963,2047,2091,2031
1347195,B,255,965,2045,2091,2027,965,2045,2092,2030
1347295,B,255,964,2047,2095,2030,964,2047,2093,2030
1347395,B,255,963,2047,2089,2032,964,2047,2090,2032
1347495,B,255,965,2043,2093,2032,964,2044,2091,2030
1347595,B,255,964,2047,2092,2032,961,2045,2091,2029
1347695,B,255,963,2045,2090,2030,963,2045,2091,2030
1347795,B,255,967,2045,2091,2030,965,2045,2092,2030
1347895,B,255,965,2046,2094,2032,963,2045,2092,2030
1347995,B,255,967,2045,2094,2032,964,2045,2092,2032
1348095,B,255,965,2046,2086,2029,965,2046,2092,2031
1348195,B,255,965,2046,2093,2032,962,2044,2091,2029
1348295,B,255,965,2047,2093,2031,965,2046,2092,2031
1348395,B,255,960,2047,2091,2030,964,2046,2091,2030
1348495,B,255,965,2045,2090,2032,962,2045,2089,2029
1348595,B,255,966,2045,2091,2030,966,2046,2092,2030
1348695,B,255,966,2046,2091,2030,966,2046,2091,2030
1348795,B,255,966,2047,2095,2031,966,2046,2092,2029
1348895,B,255,965,2046,2090,2030,965,2046,2092,2030
1348995,B,255,965,2045,2091,2032,965,2045,2091,2032
1349095,B,255,951,2032,2078,2017,962,2045,2090,2030
1349195,B,255,963,2047,2095,2031,963,2046,2093,2031
1349295,B,255,965,2045,2093,2031,965,2046,2093,2031
1349395,B,255,965,2046,2092,2031,965,2046,2091,2031
1349495,B,255,965,2045,2093,2030,965,2045,2092,2030
1349595,B,255,964,2047,2091,2031,964,2047,2092,2031
1349695,B,255,963,2045,2091,2029,963,2045,2091,2030
1349795,B,255,966,2045,2094,2030,963,2045,2092,2030
1349895,B,255,962,2043,2091,2029,965,2045,2091,2030
1349995,B,255,963,2044,2091,2030,963,2044,2091,2030
1350095,B,255,963,2045,2093,2031,963,2045,2092,2031
1350195,B,255,965,2047,2093,2029,964,2046,2093,2029
1350295,B,255,965,2045,2091,2031,965,2046,2091,2031
1350395,B,255,963,2046,2094,2029,964,2046,2093,2029
1350495,B,255,964,2046,2091,2030,964,2046,2091,2030
1350595,B,255,965,2046,2087,2031,965,2046,2091,2030
1350695,B,255,963,2046,2090,2029,964,2046,2090,2029
1350795,B,255,965,2047,2096,2032,964,2047,2092,2031
1350895,B,255,964,2047,2091,2032,964,2047,2091,2032
1350995,B,255,965,2045,2091,2031,965,2045,2091,2031
1351095,B,255,963,2045,2090,2031,965,2045,2092,2031
1351195,B,255,966,2046,2091,2030,965,2045,2091,2031
1351295,B,255,964,2043,2095,2030,965,2045,2095,2030
1351395,B,255,964,2046,2091,2030,964,2046,2091,2030
1351495,B,255,965,2044,2089,2027,964,2044,2092,2030
1351595,B,255,965,2043,2093,2032,964,2043,2093,2032
1351695,B,255,964,2046,2089,2027,964,2046,2092,2028
1351795,B,255,965,2043,2094,2030,965,2046,2094,2030
1351895,B,255,965,2046,2090,2031,965,2046,2090,2030
1351995,B,255,965,2047,2089,2032,965,2047,2090,2031
1352095,B,255,963,2047,2093,2031,965,2047,2093,2031
1352195,B,255,965,2047,2093,2030,965,2046,2093,2030
1352295,B,255,963,2046,2095,2031,963,2046,2092,2031
1352395,B,255,966,2045,2089,2031,966,2045,2090,2031
1352495,B,255,965,2045,2094,2031,964,2045,2092,2031
1352595,B,255,963,2046,2092,2031,964,2046,2092,2031
1352695,B,255,965,2047,2095,2031,965,2047,2092,2031
1352795,B,255,951,2032,2081,2016,960,2043,2088,2028
1352895,B,255,966,2045,2095,2030,965,2046,2094,2030
1352995,B,255,965,2047,2092,2030,965,2047,2092,2030
1353095,B,255,966,2047,2091,2032,964,2047,2091,2030
1353195,B,255,963,2047,2091,2030,963,2046,2091,2030
1353295,B,255,964,2045,2093,2031,964,2045,2092,2031
1353395,B,255,965,2045,2092,2029,965,2045,2092,2029
1353495,B,255,965,2046,2091,2031,965,2046,2091,2031
1353595,B,255,955,2032,2080,2016,964,2045,2092,2030
1353695,B,255,963,2045,2089,2030,963,2045,2090,2030
1353795,B,255,967,2044,2093,2032,965,2044,2093,2031
1353895,B,255,964,2045,2093,2030,964,2045,2093,2030
1353995,B,255,965,2047,2090,2030,965,2046,2092,2030
1354095,B,255,965,2047,2090,2031,965,2046,2090,2031
1354195,B,255,964,2046,2093,2029,964,2046,2092,2029
1354295,B,255,964,2046,2091,2031,964,2046,2092,2030
1354395,B,255,967,2046,2092,2031,965,2045,2092,2030
1354495,B,255,964,2045,2090,2031,964,2045,2091,2031
1354595,B,255,963,2045,2091,2031,963,2045,2091,2031
1354695,B,255,963,2045,2091,2031,964,2045,2091,2031
1354795,B,255,963,2046,2095,2027,963,2046,2093,2029
1354895,B,255,965,2047,2093,2030,965,2046,2092,2030
1354995,B,255,966,2044,2095,2031,964,2044,2091,2031
1355095,B,255,963,2045,2091,2031,964,2045,2092,2031
1355195,B,255,964,2045,2087,2029,964,2045,2089,2029
1355295,B,255,963,2045,2091,2031,963,2045,2091,2031
1355395,B,255,964,2045,2094,2031,964,2045,2093,2031
1355495,B,255,963,2046,2092,2031,964,2046,2092,2031
1355595,B,255,963,2046,2092,2031,964,2045,2092,2030
1355695,B,255,965,2047,2091,2031,965,2046,2092,2031
1355795,B,255,965,2046,2091,2031,964,2046,2091,2031
1355895,B,255,964,2046,2094,2031,964,2046,2093,2030
1355995,B,255,964,2045,2091,2031,964,2045,2091,2030
1356095,B,255,965,2046,2090,2031,964,2046,2090,2031
1356195,B,255,967,2045,2093,2031,960,2042,2089,2028
1356295,B,255,964,2045,2093,2030,964,2045,2092,2030
1356395,B,255,964,2047,2093,2031,964,2046,2093,2031
1356495,B,255,961,2045,2091,2032,962,2045,2091,2032
1356595,B,255,965,2045,2086,2032,963,2045,2090,2030
1356695,B,255,965,2047,2093,2031,965,2046,2093,2031
1356795,B,255,963,2046,2091,2032,963,2046,2092,2031
1356895,B,255,963,2045,2091,2029,963,2045,2091,2030
1356995,B,255,965,2045,2087,2032,965,2045,2091,2032
1357095,B,255,951,2035,2079,2017,962,2044,2088,2027
1357195,B,255,963,2047,2090,2030,964,2046,2091,2030
1357295,B,255,961,2047,2095,2031,964,2047,2092,2031
1357395,B,255,966,2046,2094,2032,963,2045,2092,2030
1357495,B,255,963,2047,2093,2029,964,2045,2091,2029
1357595,B,255,951,2034,2079,2017,962,2045,2089,2028
1357695,B,255,966,2047,2091,2030,964,2047,2091,2030
1357795,B,255,964,2046,2091,2031,965,2046,2092,2031
1357895,B,255,950,2032,2074,2017,962,2045,2092,2029
1357995,B,255,964,2045,2092,2031,965,2045,2092,2031
1358095,B,255,965,2044,2092,2031,965,2045,2092,2031
1358195,B,255,967,2046,2091,2028,966,2046,2091,2031
1358295,B,255,964,2046,2091,2030,964,2046,2091,2030
1358395,B,255,967,2046,2093,2031,964,2046,2093,2031
1358495,B,255,965,2047,2093,2031,965,2046,2093,2031
1358595,B,255,962,2044,2093,2031,963,2045,2092,2030
1358695,B,255,964,2045,2093,2031,964,2045,2091,2031
1358795,B,255,963,2045,2091,2031,963,2046,2093,2031
1358895,B,255,961,2046,2090,2032,965,2046,2090,2032
1358995,B,255,966,2047,2091,2031,966,2046,2091,2031
1359095,B,255,965,2047,2093,2031,965,2046,2092,2031
1359195,B,255,964,2047,2090,2027,964,2047,2091,2029
1359295,B,255,962,2046,2093,2030,963,2046,2091,2030
1359395,B,255,963,2045,2091,2029,964,2045,2093,2030
1359495,B,255,965,2047,2090,2031,964,2046,2092,2031
1359595,B,255,963,2047,2091,2032,963,2047,2091,2030
1359695,B,255,965,2046,2091,2029,965,2046,2091,2029
1359795,B,255,965,2047,2091,2031,965,2046,2091,2030
1359895,B,255,964,2047,2090,2031,964,2046,2092,2031
1359995,B,255,963,2046,2093,2032,964,2046,2093,2032
1360095,B,255,965,2045,2093,2031,965,2045,2092,2031
1360195,B,255,965,2054,2091,2032,964,2044,2091,2030
1360295,B,255,963,2043,2094,2031,965,2044,2093,2031
1360395,B,255,963,2045,2092,2029,963,2045,2092,2030
1360495,B,255,965,2047,2093,2031,963,2045,2090,2029
1360595,B,255,963,2046,2091,2032,963,2046,2092,2031
1360695,B,255,964,2045,2093,2031,964,2045,2093,2031
1360795,B,255,966,2047,2091,2029,964,2045,2091,2029
1360895,B,255,965,2045,2094,2032,965,2045,2092,2031
1360995,B,255,963,2046,2089,2030,964,2046,2089,2030
1361095,B,255,965,2045,2093,2029,965,2045,2091,2030
1361195,B,255,965,2045,2091,2031,965,2045,2091,2031
1361295,B,255,965,2045,2090,2031,965,2045,2090,2031
1361395,B,255,962,2046,2094,2032,962,2046,2094,2030
1361495,B,255,966,2046,2091,2030,966,2046,2091,2030
1361595,B,255,951,2032,2079,2018,962,2044,2090,2027
1361695,B,255,963,2045,2092,2029,963,2045,2092,2029
1361795,B,255,964,2046,2093,2031,964,2046,2093,2031
1361895,B,255,966,2045,2093,2031,964,2045,2091,2030
1361995,B,255,966,2045,2091,2029,965,2045,2091,2030
1362095,B,255,966,2046,2087,2031,966,2046,2091,2031
1362195,B,255,950,2032,2079,2021,963,2044,2090,2028
1362295,B,255,965,2046,2094,2031,965,2046,2092,2031
1362395,B,255,965,2045,2091,2030,965,2045,2091,2030
1362495,B,255,963,2046,2091,2030,963,2046,2091,2030
1362595,B,255,963,2046,2091,2029,964,2046,2092,2030
1362695,B,255,965,2045,2095,2032,965,2045,2092,2032
1362795,B,255,966,2045,2093,2032,966,2046,2093,2032
1362895,B,255,965,2042,2091,2030,964,2044,2091,2030
1362995,B,255,963,2044,2087,2031,964,2045,2091,2031
1363095,B,255,963,2047,2091,2030,964,2046,2092,2030
1363195,B,255,964,2046,2090,2023,964,2046,2090,2030
1363295,B,255,963,2046,2093,2029,963,2046,2091,2030
1363395,B,255,965,2045,2092,2031,965,2045,2091,2031
1363495,B,255,963,2043,2090,2027,963,2044,2090,2029
1363595,B,255,965,2046,2091,2032,965,2046,2091,2032
1363695,B,255,965,2045,2093,2032,965,2046,2093,2030
1363795,B,255,963,2045,2091,2032,964,2045,2092,2032
1363895,B,255,962,2046,2091,2031,963,2046,2091,2031
1363995,B,255,965,2045,2090,2029,964,2045,2091,2029
1364095,B,255,965,2047,2090,2031,965,2047,2092,2031
1364195,B,255,964,2046,2093,2031,964,2046,2093,2031
1364295,B,255,967,2046,2093,2029,965,2046,2092,2029
1364395,B,255,963,2047,2093,2030,963,2047,2093,2031
1364495,B,255,966,2045,2090,2028,965,2045,2092,2029
1364595,B,255,966,2045,2091,2032,966,2045,2092,2032
1364695,B,255,967,2046,2090,2029,966,2046,2091,2030
1364795,B,255,964,2045,2091,2032,964,2045,2092,2032
1364895,B,255,963,2046,2091,2032,963,2046,2091,2032
1364995,B,255,965,2047,2091,2030,965,2045,2092,2030
1365095,B,255,962,2047,2092,2029,962,2044,2091,2029
1365195,B,255,964,2047,2094,2029,964,2047,2091,2030
1365295,B,255,965,2043,2090,2031,965,2043,2092,2031
1365395,B,255,965,2045,2090,2031,965,2045,2090,2031
1365495,B,255,965,2047,2091,2032,965,2047,2091,2032
1365595,B,255,953,2033,2080,2016,961,2042,2089,2027
1365695,B,255,965,2043,2093,2030,965,2045,2092,2030
1365795,B,255,965,2046,2093,2031,965,2046,2093,2031
1365895,B,255,955,2033,2079,2017,962,2045,2090,2030
1365995,B,255,962,2047,2091,2031,963,2045,2092,2031
1366095,B,255,963,2045,2089,2032,964,2045,2090,2031
1366195,B,255,946,2032,2080,2016,962,2044,2090,2030
1366295,B,255,965,2045,2091,2032,965,2045,2091,2032
1366395,B,255,965,2047,2094,2030,965,2047,2093,2030
1366495,B,255,958,2036,2081,2020,963,2045,2091,2030
1366595,B,255,966,2047,2093,2031,966,2047,2091,2031
1366695,B,255,963,2046,2090,2029,963,2046,2090,2030
1366795,B,255,954,2032,2078,2013,965,2044,2091,2030
1366895,B,255,963,2046,2093,2030,965,2046,2093,2030
1366995,B,255,964,2045,2091,2031,964,2045,2092,2031
1367095,B,255,965,2047,2090,2032,965,2046,2090,2032
1367195,B,255,963,2046,2093,2032,963,2045,2091,2031
1367295,B,255,965,2046,2093,2032,965,2046,2092,2032
1367395,B,255,966,2046,2095,2031,966,2046,2092,2031
1367495,B,255,965,2043,2091,2031,965,2044,2091,2031
1367595,B,255,965,2047,2087,2031,965,2047,2091,2031
1367695,B,255,966,2045,2089,2031,964,2046,2090,2031
1367795,B,255,962,2046,2093,2032,962,2046,2091,2032
1367895,B,255,963,2046,2093,2031,964,2046,2092,2031
1367995,B,255,965,2043,2091,2031,965,2044,2091,2031
1368095,B,255,965,2046,2090,2029,965,2046,2090,2029
1368195,B,255,962,2045,2091,2030,962,2046,2091,2030
1368295,B,255,965,2053,2095,2032,965,2046,2094,2032
1368395,B,255,964,2045,2091,2027,964,2046,2091,2029
1368495,B,255,963,2047,2092,2031,963,2047,2092,2031
1368595,B,255,966,2047,2092,2031,966,2047,2092,2031
1368695,B,255,965,2047,2091,2030,965,2047,2091,2030
1368795,B,255,965,2045,2093,2032,965,2045,2093,2032
1368895,B,255,962,2045,2091,2030,963,2045,2091,2031
1368995,B,255,964,2047,2092,2031,964,2046,2092,2031
1369095,B,255,965,2042,2090,2032,965,2044,2091,2032
1369195,B,255,964,2043,2093,2029,964,2045,2091,2029
1369295,B,255,964,2045,2090,2032,964,2045,2091,2030
1369395,B,255,963,2046,2091,2030,963,2046,2091,2030
1369495,B,255,965,2047,2093,2031,964,2047,2093,2031
1369595,B,255,963,2046,2095,2032,964,2046,2092,2031
1369695,B,255,964,2047,2091,2029,964,2046,2091,2030
1369795,B,255,965,2047,2095,2031,965,2047,2093,2031
1369895,B,255,967,2046,2093,2029,965,2044,2090,2029
1369995,B,255,962,2046,2095,2032,963,2046,2093,2029
1370095,B,255,966,2046,2090,2031,966,2046,2091,2031
1370195,B,255,954,2032,2078,2017,963,2044,2089,2029
1370295,B,255,963,2045,2093,2031,963,2045,2093,2031
1370395,B,255,966,2047,2090,2031,965,2047,2091,2031
1370495,B,255,954,2034,2077,2018,963,2044,2091,2029
1370595,B,255,965,2047,2094,2032,965,2047,2094,2032
1370695,B,255,965,2047,2093,2030,965,2047,2093,2031
1370795,B,255,964,2047,2094,2031,964,2047,2093,2031
1370895,B,255,964,2047,2093,2032,964,2047,2093,2032
1370995,B,255,965,2047,2090,2032,965,2047,2092,2032
1371095,B,255,951,2032,2079,2018,964,2045,2090,2030
1371195,B,255,966,2047,2094,2026,966,2047,2094,2030
1371295,B,255,966,2044,2094,2031,965,2045,2094,2031
1371395,B,255,965,2046,2092,2030,965,2046,2092,2031
1371495,B,255,964,2046,2089,2032,964,2046,2092,2032
1371595,B,255,966,2045,2093,2032,965,2045,2093,2032
1371695,B,255,966,2046,2091,2031,966,2046,2091,2031
1371795,B,255,966,2047,2093,2031,966,2047,2093,2031
1371895,B,255,964,2047,2093,2030,964,2047,2093,2030
1371995,B,255,966,2046,2093,2032,966,2046,2092,2032
1372095,B,255,966,2043,2091,2032,966,2045,2092,2032
1372195,B,255,966,2053,2093,2032,966,2047,2093,2031
1372295,B,255,963,2046,2094,2032,963,2046,2093,2032
1372395,B,255,964,2047,2093,2032,964,2047,2093,2032
1372495,B,255,965,2047,2087,2031,965,2047,2093,2031
1372595,B,255,965,2047,2093,2031,964,2047,2093,2031
1372695,B,255,963,2047,2092,2032,963,2046,2092,2032
1372795,B,255,966,2047,2092,2032,966,2047,2093,2032
1372895,B,255,967,2047,2095,2031,966,2047,2095,2031
1372995,B,255,967,2046,2091,2031,967,2046,2092,2031
1373095,B,255,966,2047,2091,2031,966,2047,2092,2031
1373195,B,255,964,2047,2095,2031,964,2047,2091,2031
1373295,B,255,966,2047,2093,2032,966,2047,2093,2032
1373395,B,255,966,2047,2087,2030,965,2047,2092,2031
1373495,B,255,965,2047,2093,2032,965,2047,2094,2031
1373595,B,255,967,2047,2091,2030,964,2045,2091,2030
1373695,B,255,965,2045,2093,2030,965,2045,2094,2030
1373795,B,255,966,2047,2094,2031,966,2047,2094,2031
1373895,B,255,967,2047,2093,2032,965,2047,2093,2032
1373995,B,255,966,2045,2093,2032,966,2046,2093,2032
1374095,B,255,967,2047,2093,2032,966,2047,2093,2032
1374195,B,255,965,2047,2094,2032,964,2046,2094,2031
1374295,B,255,965,2046,2094,2031,965,2046,2094,2031
1374395,B,255,963,2046,2093,2031,964,2046,2093,2031
1374495,B,255,963,2047,2095,2032,963,2046,2091,2030
1374595,B,255,965,2047,2093,2029,965,2047,2094,2030
1374695,B,255,963,2047,2094,2031,963,2047,2094,2031
1374795,B,255,953,2035,2082,2019,965,2046,2092,2031
1374895,B,255,965,2054,2092,2031,965,2048,2094,2031
1374995,B,255,965,2046,2092,2032,965,2046,2092,2032
1375095,B,255,950,2032,2079,2019,964,2046,2091,2030
1375195,B,255,966,2047,2096,2031,966,2047,2093,2031
1375295,B,255,964,2045,2094,2032,964,2048,2094,2032
1375395,B,255,955,2032,2081,2017,965,2045,2091,2031
1375495,B,255,967,2046,2093,2032,967,2046,2093,2032
1375595,B,255,969,2047,2095,2032,967,2047,2093,2032
1375695,B,255,965,2046,2094,2031,963,2045,2092,2030
1375795,B,255,966,2046,2093,2032,965,2046,2093,2032
1375895,B,255,965,2054,2090,2032,965,2048,2094,2032
1375995,B,255,963,2045,2094,2031,963,2046,2093,2031
1376095,B,255,963,2046,2091,2031,963,2046,2092,2031
1376195,B,255,964,2046,2094,2030,965,2046,2094,2030
1376295,B,255,965,2047,2093,2032,965,2047,2091,2032
1376395,B,255,967,2047,2094,2031,966,2047,2094,2031
1376495,B,255,966,2046,2090,2030,966,2046,2090,2030
1376595,B,255,966,2041,2092,2031,966,2046,2092,2031
1376695,B,255,963,2047,2091,2031,963,2046,2091,2031
1376795,B,255,966,2046,2093,2030,966,2046,2093,2030
1376895,B,255,965,2043,2089,2031,965,2044,2093,2031
1376995,B,255,966,2046,2094,2030,966,2046,2094,2030
1377095,B,255,963,2045,2094,2030,963,2046,2094,2031
1377195,B,255,963,2047,2095,2029,963,2047,2094,2030
1377295,B,255,965,2047,2093,2029,965,2047,2093,2030
1377395,B,255,965,2046,2092,2030,965,2046,2093,2030
1377495,B,255,964,2045,2090,2030,964,2045,2091,2031
1377595,B,255,963,2046,2092,2029,963,2044,2092,2029
1377695,B,255,969,2047,2091,2032,965,2047,2091,2032
1377795,B,255,966,2045,2093,2032,966,2045,2093,2032
1377895,B,255,967,2046,2094,2032,964,2045,2093,2029
1377995,B,255,967,2054,2089,2031,965,2047,2092,2031
1378095,B,255,965,2045,2090,2032,965,2045,2091,2031
1378195,B,255,965,2047,2093,2032,963,2046,2092,2030
1378295,B,255,963,2047,2092,2031,964,2047,2092,2031
1378395,B,255,966,2047,2090,2031,966,2047,2092,2031
1378495,B,255,966,2053,2095,2031,963,2047,2094,2030
1378595,B,255,963,2046,2093,2030,964,2046,2093,2030
1378695,B,255,963,2044,2093,2031,965,2044,2093,2031
1378795,B,255,965,2047,2094,2032,963,2045,2090,2030
1378895,B,255,966,2047,2091,2031,965,2046,2092,2031
1378995,B,255,963,2046,2092,2031,965,2046,2092,2031
1379095,B,255,951,2032,2070,2016,964,2045,2091,2030
1379195,B,255,963,2046,2090,2021,964,2046,2091,2030
1379295,B,255,964,2047,2092,2032,964,2047,2092,2032
1379395,B,255,965,2046,2093,2032,965,2046,2093,2031
1379495,B,255,965,2047,2093,2032,965,2046,2093,2032
1379595,B,255,963,2047,2094,2030,963,2046,2094,2030
1379695,B,255,965,2047,2091,2032,965,2047,2091,2031
1379795,B,255,965,2047,2093,2030,964,2047,2093,2031
1379895,B,255,965,2047,2090,2030,964,2047,2093,2030
1379995,B,255,966,2046,2093,2031,966,2046,2093,2031
1380095,B,255,967,2046,2093,2031,965,2046,2093,2031
1380195,B,255,951,2033,2079,2017,964,2046,2091,2029
1380295,B,255,965,2045,2094,2033,957,2039,2084,2022
1380395,B,255,966,2047,2094,2031,966,2047,2094,2031
1380495,B,255,965,2046,2091,2031,965,2046,2092,2031
1380595,B,255,964,2046,2091,2032,964,2046,2091,2032
1380695,B,255,966,2047,2093,2032,965,2047,2093,2031
1380795,B,255,967,2045,2093,2032,967,2045,2093,2031
1380895,B,255,963,2047,2088,2029,963,2046,2092,2030
1380995,B,255,965,2047,2091,2030,965,2046,2091,2031
1381095,B,255,963,2046,2090,2032,963,2046,2092,2032
1381195,B,255,966,2045,2093,2032,963,2045,2091,2032
1381295,B,255,964,2045,2093,2030,964,2045,2093,2030
1381395,B,255,966,2045,2090,2028,966,2045,2092,2029
1381495,B,255,964,2046,2093,2027,964,2046,2092,2031
1381595,B,255,963,2045,2093,2031,961,2045,2093,2031
1381695,B,255,964,2055,2093,2031,964,2048,2093,2031
1381795,B,255,965,2045,2093,2031,965,2045,2093,2031
1381895,B,255,966,2047,2093,2031,966,2047,2093,2031
1381995,B,255,963,2044,2093,2029,964,2047,2093,2029
1382095,B,255,966,2043,2093,2031,966,2046,2093,2031
1382195,B,255,963,2053,2094,2031,964,2047,2093,2030
1382295,B,255,965,2053,2096,2029,965,2046,2094,2029
1382395,B,255,963,2046,2090,2032,964,2046,2091,2032
1382495,B,255,969,2053,2092,2031,964,2044,2092,2029
1382595,B,255,963,2047,2094,2030,964,2046,2093,2030
1382695,B,255,965,2046,2091,2032,964,2046,2092,2032
1382795,B,255,949,2032,2080,2020,963,2043,2090,2029
1382895,B,255,964,2043,2091,2031,964,2045,2092,2031
1382995,B,255,963,2043,2089,2032,963,2045,2091,2032
1383095,B,255,965,2047,2095,2032,964,2045,2090,2029
1383195,B,255,966,2047,2094,2031,966,2047,2093,2031
1383295,B,255,965,2046,2094,2029,965,2046,2093,2029
1383395,B,255,953,2032,2077,2017,963,2044,2091,2029
1383495,B,255,965,2047,2092,2030,965,2046,2092,2030
1383595,B,255,965,2046,2090,2030,965,2046,2094,2030
1383695,B,255,962,2045,2091,2030,964,2045,2091,2030
1383795,B,255,959,2045,2093,2031,964,2046,2093,2031
1383895,B,255,962,2047,2093,2030,964,2046,2092,2030
1383995,B,255,964,2046,2090,2032,963,2046,2091,2031
1384095,B,255,965,2047,2089,2031,965,2047,2092,2031
1384195,B,255,964,2039,2093,2031,964,2046,2091,2030
1384295,B,255,964,2046,2093,2028,964,2046,2093,2030
1384395,B,255,965,2045,2091,2030,965,2045,2091,2030
1384495,B,255,966,2044,2093,2030,965,2044,2093,2030
1384595,B,255,965,2047,2093,2029,965,2047,2093,2029
1384695,B,255,962,2046,2093,2031,963,2046,2093,2031
1384795,B,255,966,2045,2091,2031,965,2045,2091,2031
1384895,B,255,964,2046,2091,2029,964,2046,2091,2031
1384995,B,255,965,2046,2093,2031,964,2046,2092,2031
1385095,B,255,965,2045,2094,2029,965,2045,2092,2030
1385195,B,255,963,2046,2093,2029,963,2046,2092,2029
1385295,B,255,964,2044,2093,2031,964,2044,2091,2031
1385395,B,255,963,2043,2091,2029,965,2044,2091,2030
1385495,B,255,966,2046,2090,2032,966,2045,2090,2031
1385595,B,255,963,2046,2090,2032,963,2044,2090,2030
1385695,B,255,964,2045,2090,2031,964,2045,2091,2031
1385795,B,255,967,2045,2093,2030,966,2045,2092,2030
1385895,B,255,965,2051,2091,2032,965,2046,2091,2032
1385995,B,255,963,2047,2093,2031,963,2047,2092,2031
1386095,B,255,963,2045,2092,2029,966,2045,2092,2029
1386195,B,255,966,2047,2093,2031,966,2047,2092,2031
1386295,B,255,966,2046,2094,2032,965,2046,2093,2031
1386395,B,255,964,2045,2093,2031,964,2046,2093,2031
1386495,B,255,963,2045,2094,2032,963,2045,2092,2032
1386595,B,255,964,2046,2092,2032,964,2045,2092,2032
1386695,B,255,965,2047,2092,2031,965,2047,2091,2031
1386795,B,255,967,2047,2095,2032,964,2045,2091,2030
1386895,B,255,965,2044,2093,2030,965,2046,2092,2030
1386995,B,255,965,2045,2095,2031,965,2045,2092,2031
1387095,B,255,965,2046,2095,2031,965,2046,2092,2030
1387195,B,255,966,2047,2091,2031,965,2047,2092,2031
1387295,B,255,963,2046,2093,2032,965,2046,2093,2031
1387395,B,255,965,2047,2093,2031,965,2045,2092,2030
1387495,B,255,963,2047,2093,2031,965,2046,2093,2031
1387595,B,255,951,2033,2078,2017,961,2045,2090,2029
1387695,B,255,966,2047,2090,2031,963,2047,2090,2031
1387795,B,255,965,2045,2093,2030,965,2045,2092,2030
1387895,B,255,962,2047,2091,2031,964,2047,2092,2031
1387995,B,255,964,2047,2093,2031,964,2047,2092,2031
1388095,B,255,964,2047,2091,2031,964,2047,2092,2031
1388195,B,255,962,2045,2091,2031,964,2045,2091,2031
1388295,B,255,963,2047,2091,2031,963,2046,2091,2031
1388395,B,255,963,2045,2089,2032,964,2046,2089,2031
1388495,B,255,963,2045,2091,2031,963,2045,2091,2030
1388595,B,255,963,2047,2093,2032,964,2047,2092,2031
1388695,B,255,964,2046,2092,2029,964,2046,2091,2030
1388795,B,255,963,2046,2095,2031,965,2046,2094,2031
1388895,B,255,967,2047,2092,2032,965,2046,2092,2032
1388995,B,255,965,2044,2091,2031,965,2046,2091,2031
1389095,B,255,966,2045,2093,2031,966,2045,2093,2031
1389195,B,255,966,2046,2090,2031,966,2046,2091,2031
1389295,B,255,963,2043,2094,2031,964,2045,2091,2031
1389395,B,255,965,2045,2090,2032,964,2045,2090,2032
1389495,B,255,964,2045,2092,2031,964,2045,2091,2031
1389595,B,255,951,2032,2081,2019,957,2039,2086,2024
1389695,B,255,965,2046,2093,2030,963,2045,2092,2030
1389795,B,255,965,2045,2087,2028,965,2045,2093,2029
1389895,B,255,962,2044,2093,2032,965,2045,2093,2031
1389995,B,255,963,2043,2092,2032,963,2046,2092,2032
1390095,B,255,965,2043,2092,2031,965,2045,2092,2031
1390195,B,255,963,2047,2095,2031,961,2043,2090,2028
1390295,B,255,963,2045,2093,2030,965,2045,2091,2030
1390395,B,255,963,2046,2091,2031,964,2046,2091,2031
1390495,B,255,965,2045,2091,2030,962,2045,2090,2030
1390595,B,255,963,2047,2087,2029,963,2046,2091,2029
1390695,B,255,966,2046,2089,2031,966,2046,2091,2031
1390795,B,255,963,2047,2092,2032,963,2045,2090,2029
1390895,B,255,963,2045,2093,2029,963,2045,2093,2030
1390995,B,255,964,2047,2089,2031,964,2047,2092,2031
1391095,B,255,966,2046,2093,2032,964,2045,2091,2031
1391195,B,255,965,2046,2092,2032,965,2046,2092,2030
1391295,B,255,964,2045,2090,2030,964,2045,2092,2030
1391395,B,255,966,2047,2093,2032,965,2047,2093,2032
1391495,B,255,964,2045,2093,2031,964,2047,2092,2031
1391595,B,255,954,2035,2080,2019,963,2044,2090,2029
1391695,B,255,965,2045,2093,2031,965,2045,2092,2031
1391795,B,255,965,2045,2091,2031,965,2045,2091,2031
1391895,B,255,953,2032,2080,2015,965,2045,2092,2030
1391995,B,255,963,2046,2091,2031,963,2046,2092,2031
1392095,B,255,966,2047,2093,2029,966,2047,2093,2030
1392195,B,255,963,2044,2090,2026,965,2045,2092,2029
1392295,B,255,964,2045,2093,2031,964,2045,2092,2031
1392395,B,255,965,2045,2091,2029,964,2045,2091,2030
1392495,B,255,964,2047,2093,2032,964,2047,2092,2032
1392595,B,255,967,2043,2093,2031,966,2045,2093,2031
1392695,B,255,965,2045,2094,2031,965,2045,2093,2031
1392795,B,255,962,2046,2094,2031,964,2046,2094,2031
1392895,B,255,967,2047,2091,2031,965,2046,2091,2031
1392995,B,255,965,2046,2090,2031,965,2046,2092,2031
1393095,B,255,965,2047,2090,2030,965,2047,2091,2030
1393195,B,255,966,2045,2093,2032,966,2046,2092,2030
1393295,B,255,964,2051,2093,2031,965,2047,2093,2031
1393395,B,255,962,2045,2091,2031,964,2046,2091,2031
1393495,B,255,967,2045,2093,2030,964,2046,2092,2030
1393595,B,255,965,2045,2093,2032,965,2045,2093,2031
1393695,B,255,964,2045,2090,2032,964,2045,2091,2032
1393795,B,255,964,2047,2091,2031,964,2047,2091,2031
1393895,B,255,964,2047,2095,2031,964,2047,2094,2031
1393995,B,255,962,2047,2094,2032,962,2046,2093,2032
1394095,B,255,962,2046,2093,2032,963,2046,2093,2031
1394195,B,255,964,2044,2090,2030,965,2044,2090,2030
1394295,B,255,973,2046,2095,2032,967,2046,2093,2031
1394395,B,255,964,2045,2091,2030,964,2045,2092,2030
1394495,B,255,964,2046,2089,2031,964,2046,2092,2031
1394595,B,255,963,2045,2093,2031,963,2045,2093,2031
1394695,B,255,966,2045,2093,2031,965,2046,2092,2031
1394795,B,255,965,2044,2094,2031,965,2046,2094,2031
1394895,B,255,960,2046,2090,2029,963,2046,2092,2029
1394995,B,255,965,2045,2090,2031,965,2045,2090,2031
1395095,B,255,965,2046,2096,2032,964,2044,2092,2028
1395195,B,255,963,2046,2093,2029,963,2046,2093,2029
1395295,B,255,963,2045,2094,2032,964,2046,2093,2032
1395395,B,255,965,2047,2091,2031,965,2046,2091,2031
1395495,B,255,964,2047,2093,2031,964,2044,2092,2031
1395595,B,255,951,2033,2078,2019,961,2042,2090,2028
1395695,B,255,962,2044,2091,2031,963,2046,2091,2031
1395795,B,255,963,2046,2093,2031,963,2046,2093,2031
1395895,B,255,966,2046,2094,2031,964,2046,2091,2029
1395995,B,255,965,2047,2091,2031,965,2046,2091,2031
1396095,B,255,964,2043,2091,2031,964,2044,2091,2031
1396195,B,255,954,2032,2075,2015,963,2044,2090,2029
1396295,B,255,963,2045,2092,2031,964,2045,2091,2031
1396395,B,255,962,2046,2090,2028,964,2046,2090,2029
1396495,B,255,963,2046,2092,2031,964,2046,2092,2031
1396595,B,255,967,2043,2090,2027,965,2044,2091,2030
1396695,B,255,966,2054,2092,2031,966,2046,2092,2031
1396795,B,255,960,2045,2090,2021,963,2045,2090,2030
1396895,B,255,965,2043,2089,2029,964,2044,2090,2030
1396995,B,255,967,2045,2093,2030,966,2045,2092,2030
1397095,B,255,966,2043,2089,2033,964,2045,2090,2032
1397195,B,255,962,2042,2093,2031,962,2046,2093,2031
1397295,B,255,964,2047,2091,2030,964,2047,2092,2030
1397395,B,255,966,2046,2090,2030,966,2046,2090,2030
1397495,B,255,965,2046,2091,2032,964,2046,2091,2032
1397595,B,255,962,2046,2090,2032,963,2046,2090,2032
1397695,B,255,962,2043,2091,2032,964,2046,2091,2032
1397795,B,255,966,2047,2093,2032,966,2047,2093,2032
1397895,B,255,965,2043,2093,2031,965,2045,2092,2031
1397995,B,255,963,2046,2091,2032,963,2046,2092,2032
1398095,B,255,967,2046,2090,2032,966,2046,2091,2031
1398195,B,255,966,2046,2090,2025,966,2046,2091,2030
1398295,B,255,963,2045,2089,2031,964,2045,2091,2031
1398395,B,255,964,2045,2093,2031,964,2045,2093,2031
1398495,B,255,967,2047,2094,2031,964,2043,2090,2029
1398595,B,255,962,2044,2089,2030,963,2044,2092,2030
1398695,B,255,966,2046,2091,2031,965,2046,2092,2031
1398795,B,255,966,2047,2095,2031,966,2047,2092,2031
1398895,B,255,964,2047,2095,2031,966,2047,2094,2031
1398995,B,255,966,2047,2093,2031,966,2046,2093,2030
1399095,B,255,965,2045,2094,2032,965,2046,2092,2032
1399195,B,255,961,2047,2090,2030,964,2046,2090,2030
1399295,B,255,963,2045,2093,2031,965,2045,2093,2031
1399395,B,255,963,2047,2094,2031,963,2047,2094,2031
1399495,B,255,965,2046,2095,2031,965,2046,2095,2031
1399595,B,255,954,2032,2080,2016,961,2041,2088,2028
1399695,B,255,963,2044,2091,2029,963,2045,2091,2030
1399795,B,255,965,2043,2093,2031,964,2045,2093,2031
1399895,B,255,966,2046,2095,2032,966,2046,2093,2031
1399995,B,255,962,2047,2092,2031,963,2047,2093,2030
1400095,B,255,965,2046,2092,2031,965,2046,2093,2031
1400195,B,255,955,2033,2078,2015,964,2044,2091,2028
1400295,B,255,962,2054,2093,2032,964,2048,2093,2032
1400395,B,255,966,2045,2090,2029,966,2045,2091,2031
1400495,B,255,950,2034,2078,2019,963,2045,2091,2028
1400595,B,255,963,2047,2094,2031,963,2046,2092,2029
1400695,B,255,964,2044,2091,2031,964,2045,2091,2031
1400795,B,255,951,2034,2078,2017,965,2045,2091,2030
1400895,B,255,965,2047,2094,2031,965,2047,2093,2031
1400995,B,255,963,2047,2090,2030,964,2047,2092,2030
1401095,B,255,967,2047,2090,2032,966,2047,2091,2032
1401195,B,255,964,2043,2095,2029,964,2045,2093,2029
1401295,B,255,965,2045,2093,2032,965,2045,2093,2032
1401395,B,255,967,2047,2090,2029,966,2046,2091,2030
1401495,B,255,961,2045,2094,2031,964,2045,2093,2031
1401595,B,255,963,2047,2085,2030,963,2047,2090,2030
1401695,B,255,963,2046,2093,2029,963,2046,2093,2030
1401795,B,255,965,2046,2093,2031,965,2046,2093,2031
1401895,B,255,964,2047,2093,2031,964,2046,2093,2031
1401995,B,255,963,2046,2091,2031,966,2046,2092,2031
1402095,B,255,965,2053,2096,2031,964,2047,2095,2031
1402195,B,255,966,2047,2095,2031,966,2046,2094,2031
1402295,B,255,966,2044,2091,2031,965,2044,2091,2031
1402395,B,255,963,2046,2095,2031,964,2046,2093,2031
1402495,B,255,965,2046,2091,2032,965,2046,2092,2031
1402595,B,255,963,2047,2087,2031,964,2047,2091,2031
1402695,B,255,963,2047,2090,2032,963,2047,2092,2032
1402795,B,255,966,2045,2094,2031,965,2045,2093,2031
1402895,B,255,965,2046,2090,2032,965,2046,2091,2032
1402995,B,255,964,2045,2094,2031,964,2046,2091,2031
1403095,B,255,965,2047,2090,2031,965,2047,2092,2031
1403195,B,255,968,2047,2091,2026,964,2047,2091,2030
1403295,B,255,965,2047,2093,2030,965,2047,2093,2031
1403395,B,255,963,2042,2091,2032,963,2045,2091,2032
1403495,B,255,963,2045,2091,2030,964,2045,2091,2030
1403595,B,255,967,2047,2093,2031,965,2046,2092,2031
1403695,B,255,965,2055,2091,2029,964,2048,2091,2029
1403795,B,255,963,2046,2093,2028,963,2046,2093,2030
1403895,B,255,953,2033,2079,2016,963,2043,2089,2027
1403995,B,255,964,2043,2087,2031,964,2046,2090,2031
1404095,B,255,965,2045,2091,2030,965,2045,2091,2030
1404195,B,255,963,2047,2091,2030,963,2046,2091,2029
1404295,B,255,960,2045,2091,2032,962,2045,2091,2032
1404395,B,255,966,2046,2090,2031,966,2046,2091,2031
1404495,B,255,956,2032,2079,2019,964,2042,2090,2028
1404595,B,255,962,2046,2095,2031,964,2046,2091,2030
1404695,B,255,961,2047,2096,2031,962,2046,2093,2031
1404795,B,255,951,2033,2078,2017,964,2045,2091,2030
1404895,B,255,966,2046,2091,2031,966,2046,2092,2031
1404995,B,255,965,2047,2092,2030,965,2047,2092,2030
1405095,B,255,965,2045,2089,2030,965,2045,2091,2031
1405195,B,255,964,2047,2091,2027,964,2047,2091,2029
1405295,B,255,966,2044,2094,2032,966,2046,2093,2032
1405395,B,255,963,2045,2095,2032,964,2045,2094,2031
1405495,B,255,967,2046,2092,2032,964,2046,2092,2032
1405595,B,255,964,2045,2086,2029,964,2045,2092,2031
1405695,B,255,966,2046,2090,2031,964,2046,2090,2031
1405795,B,255,963,2045,2093,2027,963,2045,2092,2028
1405895,B,255,959,2043,2091,2032,964,2046,2091,2032
1405995,B,255,964,2046,2094,2032,964,2046,2093,2032
1406095,B,255,965,2045,2093,2032,965,2045,2092,2032
1406195,B,255,966,2046,2091,2031,966,2046,2092,2031
1406295,B,255,962,2046,2089,2030,962,2046,2089,2030
1406395,B,255,965,2047,2093,2032,965,2045,2091,2032
1406495,B,255,962,2045,2094,2031,965,2046,2094,2031
1406595,B,255,963,2047,2091,2031,964,2047,2091,2031
1406695,B,255,964,2045,2091,2032,964,2046,2092,2032
1406795,B,255,965,2047,2094,2029,965,2046,2092,2030
1406895,B,255,962,2047,2093,2031,964,2047,2092,2031
1406995,B,255,963,2046,2093,2028,965,2046,2092,2030
1407095,B,255,965,2047,2089,2032,965,2045,2092,2032
1407195,B,255,964,2045,2088,2032,964,2045,2090,2032
1407295,B,255,966,2043,2091,2029,966,2044,2091,2030
1407395,B,255,966,2045,2091,2029,966,2045,2091,2030
1407495,B,255,963,2042,2093,2032,963,2044,2093,2030
1407595,B,255,963,2047,2095,2032,962,2043,2091,2028
1407695,B,255,963,2046,2095,2031,963,2046,2093,2031
1407795,B,255,962,2045,2091,2030,964,2045,2091,2030
1407895,B,255,953,2035,2076,2018,961,2041,2088,2026
1407995,B,255,965,2047,2091,2029,965,2046,2092,2030
1408095,B,255,965,2047,2091,2032,965,2046,2091,2032
1408195,B,255,963,2045,2093,2032,963,2045,2091,2031
1408295,B,255,963,2045,2093,2031,965,2046,2093,2030
1408395,B,255,966,2046,2093,2028,964,2046,2093,2030
1408495,B,255,953,2032,2079,2020,963,2043,2089,2028
1408595,B,255,965,2047,2091,2030,965,2047,2092,2030
1408695,B,255,966,2047,2093,2032,966,2047,2093,2032
1408795,B,255,953,2032,2079,2017,964,2044,2092,2030
1408895,B,255,966,2045,2093,2031,966,2046,2092,2031
1408995,B,255,963,2047,2091,2031,964,2047,2091,2031
1409095,B,255,949,2033,2079,2017,963,2044,2090,2030
1409195,B,255,964,2045,2092,2029,965,2046,2092,2029
1409295,B,255,966,2047,2095,2030,966,2047,2092,2030
1409395,B,255,954,2033,2080,2018,966,2046,2092,2030
1409495,B,255,964,2047,2093,2031,965,2047,2093,2031
1409595,B,255,965,2043,2091,2033,965,2046,2091,2032
1409695,B,255,963,2047,2091,2032,964,2046,2091,2031
1409795,B,255,965,2046,2094,2032,965,2046,2093,2032
1409895,B,255,966,2047,2092,2029,966,2047,2092,2029
1409995,B,255,964,2046,2090,2031,965,2046,2093,2031
1410095,B,255,965,2046,2090,2032,965,2046,2091,2032
1410195,B,255,966,2046,2093,2032,966,2046,2093,2032
1410295,B,255,965,2047,2093,2031,965,2047,2093,2031
1410395,B,255,962,2047,2091,2031,964,2047,2093,2031
1410495,B,255,965,2047,2091,2031,965,2047,2091,2031
1410595,B,255,965,2046,2091,2029,964,2046,2091,2031
1410695,B,255,967,2047,2091,2031,967,2047,2092,2031
1410795,B,255,966,2045,2092,2032,966,2045,2092,2032
1410895,B,255,966,2046,2093,2029,966,2046,2093,2030
1410995,B,255,965,2046,2091,2032,965,2046,2091,2031
1411095,B,255,963,2047,2091,2031,963,2047,2093,2031
1411195,B,255,963,2046,2091,2029,963,2046,2091,2029
1411295,B,255,966,2047,2094,2031,966,2047,2094,2031
1411395,B,255,963,2047,2091,2031,962,2047,2093,2031
1411495,B,255,969,2047,2095,2030,966,2047,2095,2031
1411595,B,255,964,2045,2094,2032,962,2045,2092,2030
1411695,B,255,966,2046,2093,2031,966,2046,2093,2031
1411795,B,255,965,2047,2095,2031,965,2047,2094,2031
1411895,B,255,965,2046,2092,2031,965,2046,2092,2031
1411995,B,255,965,2053,2093,2032,965,2047,2093,2032
1412095,B,255,965,2047,2091,2029,964,2047,2093,2029
1412195,B,255,964,2046,2094,2027,964,2046,2091,2030
1412295,B,255,966,2045,2092,2030,965,2046,2092,2031
1412395,B,255,964,2046,2092,2030,964,2046,2092,2030
1412495,B,255,965,2046,2092,2032,964,2046,2092,2029
1412595,B,255,964,2046,2095,2031,964,2046,2093,2031
1412695,B,255,965,2047,2095,2032,965,2046,2092,2032
1412795,B,255,953,2032,2081,2019,963,2045,2092,2030
1412895,B,255,965,2047,2093,2032,965,2047,2093,2032
1412995,B,255,966,2045,2091,2032,965,2045,2092,2032
1413095,B,255,951,2032,2077,2016,965,2046,2093,2030
1413195,B,255,963,2045,2087,2025,963,2045,2090,2030
1413295,B,255,966,2045,2094,2031,966,2045,2094,2031
1413395,B,255,951,2032,2073,2014,963,2046,2090,2028
1413495,B,255,963,2047,2091,2032,963,2047,2091,2032
1413595,B,255,966,2047,2095,2032,966,2047,2093,2032
1413695,B,255,965,2046,2093,2031,964,2046,2093,2031
1413795,B,255,962,2047,2093,2030,965,2047,2092,2031
1413895,B,255,966,2047,2093,2029,965,2047,2093,2030
1413995,B,255,965,2047,2092,2029,965,2047,2093,2031
1414095,B,255,963,2045,2093,2031,964,2045,2093,2030
1414195,B,255,965,2045,2093,2031,965,2045,2092,2031
1414295,B,255,966,2047,2093,2031,964,2046,2093,2031
1414395,B,255,968,2047,2092,2031,964,2047,2092,2031
1414495,B,255,963,2047,2095,2027,965,2047,2092,2031
1414595,B,255,964,2046,2089,2032,964,2046,2092,2032
1414695,B,255,964,2047,2092,2031,965,2047,2092,2031
1414795,B,255,970,2046,2092,2031,966,2046,2092,2031
1414895,B,255,968,2053,2091,2030,964,2045,2092,2030
1414995,B,255,966,2045,2094,2030,966,2045,2093,2030
1415095,B,255,966,2045,2092,2032,966,2045,2092,2031
1415195,B,255,966,2046,2088,2031,963,2046,2092,2031
1415295,B,255,966,2047,2094,2031,965,2046,2093,2031
1415395,B,255,964,2047,2095,2031,964,2047,2095,2031
1415495,B,255,966,2047,2093,2027,966,2047,2092,2029
1415595,B,255,967,2047,2090,2031,963,2045,2089,2029
1415695,B,255,963,2047,2092,2030,964,2047,2092,2031
1415795,B,255,964,2046,2092,2031,964,2046,2092,2031
1415895,B,255,965,2047,2091,2031,965,2047,2092,2031
1415995,B,255,965,2047,2093,2032,965,2047,2093,2032
1416095,B,255,963,2046,2091,2029,963,2046,2091,2029
1416195,B,255,962,2045,2093,2030,964,2045,2093,2030
1416295,B,255,967,2047,2094,2032,967,2047,2092,2032
1416395,B,255,966,2047,2093,2031,966,2047,2093,2031
1416495,B,255,966,2046,2094,2030,966,2046,2094,2030
1416595,B,255,968,2047,2087,2032,966,2047,2092,2031
1416695,B,255,972,2046,2089,2027,964,2046,2091,2029
1416795,B,255,966,2045,2095,2033,962,2044,2091,2029
1416895,B,255,966,2045,2093,2027,966,2045,2093,2030
1416995,B,255,966,2047,2091,2029,964,2047,2091,2030
1417095,B,255,966,2047,2095,2032,964,2044,2092,2030
1417195,B,255,965,2046,2094,2031,965,2046,2093,2031
1417295,B,255,963,2047,2095,2032,965,2047,2093,2032
1417395,B,255,961,2047,2091,2032,964,2047,2091,2032
1417495,B,255,964,2047,2090,2031,964,2047,2092,2031
1417595,B,255,951,2034,2076,2016,964,2045,2090,2030
1417695,B,255,966,2047,2091,2031,966,2047,2091,2031
1417795,B,255,965,2045,2092,2030,965,2045,2092,2031
1417895,B,255,966,2047,2092,2029,966,2047,2092,2030
1417995,B,255,968,2046,2090,2032,963,2046,2090,2032
1418095,B,255,963,2047,2090,2031,963,2047,2092,2031
1418195,B,255,963,2046,2095,2031,965,2046,2094,2031
1418295,B,255,965,2047,2094,2032,964,2046,2094,2032
1418395,B,255,965,2047,2095,2031,965,2047,2095,2031
1418495,B,255,964,2045,2093,2032,966,2046,2093,2031
1418595,B,255,961,2047,2095,2031,964,2046,2094,2031
1418695,B,255,965,2045,2090,2032,965,2045,2092,2032
1418795,B,255,966,2045,2094,2029,966,2045,2093,2030
1418895,B,255,965,2047,2092,2030,963,2046,2092,2030
1418995,B,255,965,2045,2094,2030,965,2046,2093,2030
1419095,B,255,965,2045,2094,2032,965,2047,2093,2032
1419195,B,255,965,2047,2091,2032,964,2047,2091,2032
1419295,B,255,965,2047,2096,2031,965,2047,2094,2031
1419395,B,255,963,2046,2090,2032,965,2046,2092,2032
1419495,B,255,962,2045,2094,2031,962,2045,2092,2031
1419595,B,255,967,2046,2093,2032,965,2046,2093,2032
1419695,B,255,964,2046,2095,2031,964,2045,2094,2031
1419795,B,255,963,2043,2091,2031,965,2045,2092,2031
1419895,B,255,966,2047,2092,2030,964,2047,2094,2031
1419995,B,255,965,2046,2093,2031,965,2046,2093,2031
1420095,B,255,961,2046,2091,2030,964,2046,2094,2030
1420195,B,255,964,2053,2092,2032,964,2047,2092,2032
1420295,B,255,965,2045,2095,2032,965,2045,2093,2032
1420395,B,255,963,2047,2091,2031,964,2047,2091,2031
1420495,B,255,965,2055,2095,2032,961,2045,2091,2028
1420595,B,255,965,2047,2094,2032,965,2047,2093,2031
1420695,B,255,963,2047,2095,2032,964,2047,2095,2032
1420795,B,255,966,2045,2093,2032,966,2045,2093,2032
1420895,B,255,965,2047,2093,2030,965,2046,2093,2031
1420995,B,255,966,2046,2090,2031,965,2046,2092,2031
1421095,B,255,965,2047,2092,2029,963,2045,2090,2029
1421195,B,255,963,2046,2095,2031,964,2046,2093,2031
1421295,B,255,965,2045,2094,2032,965,2045,2093,2032
1421395,B,255,965,2047,2092,2030,965,2046,2091,2030
1421495,B,255,967,2046,2092,2030,966,2046,2092,2030
1421595,B,255,947,2026,2076,2017,962,2043,2090,2030
1421695,B,255,963,2047,2093,2031,964,2047,2091,2031
1421795,B,255,966,2047,2094,2030,965,2046,2094,2030
1421895,B,255,951,2032,2081,2017,962,2045,2090,2029
1421995,B,255,966,2047,2093,2031,964,2047,2093,2031
1422095,B,255,965,2045,2092,2032,965,2046,2093,2032
1422195,B,255,954,2032,2080,2015,963,2044,2091,2029
1422295,B,255,963,2046,2092,2032,964,2046,2092,2031
1422395,B,255,963,2053,2091,2031,964,2046,2092,2031
1422495,B,255,965,2043,2089,2031,965,2045,2092,2031
1422595,B,255,965,2045,2093,2032,965,2045,2093,2032
1422695,B,255,965,2046,2090,2031,965,2046,2092,2031
1422795,B,255,963,2043,2092,2030,964,2045,2092,2030
1422895,B,255,965,2053,2089,2031,963,2044,2089,2029
1422995,B,255,965,2047,2091,2030,965,2047,2092,2030
1423095,B,255,967,2047,2093,2032,967,2046,2093,2030
1423195,B,255,967,2047,2091,2027,965,2047,2091,2030
1423295,B,255,967,2047,2093,2032,966,2047,2093,2032
1423395,B,255,964,2047,2094,2032,965,2047,2093,2032
1423495,B,255,966,2046,2094,2032,966,2046,2093,2032
1423595,B,255,970,2046,2091,2031,966,2046,2092,2031
1423695,B,255,963,2046,2094,2030,964,2046,2093,2031
1423795,B,255,966,2045,2094,2031,966,2045,2094,2031
1423895,B,255,962,2045,2092,2032,964,2045,2092,2032
1423995,B,255,964,2047,2090,2029,964,2047,2091,2030
1424095,B,255,963,2045,2089,2032,963,2045,2093,2032
1424195,B,255,966,2047,2095,2029,966,2046,2095,2031
1424295,B,255,965,2046,2093,2032,965,2046,2093,2032
1424395,B,255,970,2045,2096,2032,966,2046,2094,2031
1424495,B,255,966,2047,2092,2029,964,2046,2092,2030
1424595,B,255,963,2045,2093,2031,964,2044,2091,2029
1424695,B,255,965,2045,2093,2032,965,2045,2093,2031
1424795,B,255,964,2047,2093,2032,963,2047,2092,2031
1424895,B,255,963,2045,2094,2032,963,2045,2093,2032
1424995,B,255,963,2043,2091,2031,963,2045,2091,2031
1425095,B,255,966,2047,2095,2031,964,2044,2092,2029
1425195,B,255,966,2045,2090,2030,964,2045,2090,2030
1425295,B,255,965,2046,2094,2030,965,2046,2093,2030
1425395,B,255,966,2046,2093,2032,965,2046,2092,2031
1425495,B,255,966,2045,2091,2029,966,2045,2091,2030
1425595,B,255,951,2033,2078,2017,963,2043,2089,2028
1425695,B,255,963,2045,2089,2030,964,2045,2091,2030
1425795,B,255,965,2045,2091,2032,963,2045,2091,2032
1425895,B,255,965,2047,2092,2031,964,2045,2091,2028
1425995,B,255,961,2045,2093,2030,964,2045,2092,2030
1426095,B,255,963,2046,2090,2029,964,2046,2090,2029
1426195,B,255,947,2031,2078,2018,961,2045,2091,2031
1426295,B,255,966,2045,2095,2030,965,2045,2093,2030
1426395,B,255,966,2045,2090,2031,965,2045,2091,2031
1426495,B,255,965,2046,2090,2031,964,2046,2090,2031
1426595,B,255,967,2046,2091,2030,966,2046,2091,2030
1426695,B,255,966,2045,2093,2031,966,2045,2093,2031
1426795,B,255,965,2047,2093,2030,965,2046,2092,2030
1426895,B,255,962,2045,2094,2031,964,2045,2092,2030
1426995,B,255,962,2047,2091,2030,962,2046,2091,2030
1427095,B,255,965,2047,2089,2029,965,2047,2092,2029
1427195,B,255,964,2045,2094,2032,964,2045,2091,2032
1427295,B,255,964,2046,2093,2030,964,2046,2091,2030
1427395,B,255,962,2046,2091,2031,963,2046,2091,2031
1427495,B,255,963,2047,2094,2031,963,2046,2094,2031
1427595,B,255,967,2046,2089,2032,965,2046,2091,2032
1427695,B,255,962,2045,2087,2032,964,2045,2090,2031
1427795,B,255,964,2045,2091,2031,964,2045,2091,2031
1427895,B,255,964,2046,2087,2030,964,2046,2091,2030
1427995,B,255,965,2046,2091,2030,965,2044,2091,2030
1428095,B,255,964,2045,2090,2031,964,2045,2093,2031
1428195,B,255,963,2046,2086,2029,963,2046,2090,2029
1428295,B,255,964,2045,2093,2032,964,2045,2092,2032
1428395,B,255,962,2045,2091,2031,964,2045,2091,2031
1428495,B,255,965,2045,2093,2029,965,2045,2092,2030
1428595,B,255,965,2045,2095,2031,965,2045,2091,2031
1428695,B,255,963,2047,2093,2032,963,2047,2092,2032
1428795,B,255,967,2047,2093,2032,964,2047,2093,2031
1428895,B,255,965,2046,2092,2032,963,2046,2092,2031
1428995,B,255,961,2047,2092,2032,963,2047,2092,2031
1429095,B,255,962,2045,2091,2032,962,2045,2091,2030
1429195,B,255,962,2046,2095,2032,963,2046,2092,2032
1429295,B,255,964,2046,2091,2030,964,2046,2091,2030
1429395,B,255,963,2046,2094,2031,963,2046,2093,2031
1429495,B,255,965,2043,2087,2031,964,2045,2090,2031
1429595,B,255,967,2046,2094,2032,962,2044,2090,2028
1429695,B,255,961,2045,2089,2031,966,2045,2091,2031
1429795,B,255,963,2047,2094,2030,963,2047,2092,2031
1429895,B,255,965,2045,2093,2032,963,2044,2091,2032
1429995,B,255,965,2047,2091,2031,964,2047,2091,2031
1430095,B,255,962,2046,2089,2030,963,2046,2090,2030
1430195,B,255,950,2032,2077,2014,964,2044,2091,2028
1430295,B,255,965,2047,2094,2032,965,2047,2091,2031
1430395,B,255,964,2046,2091,2032,964,2046,2091,2031
1430495,B,255,953,2033,2078,2016,961,2044,2089,2028
1430595,B,255,963,2045,2091,2030,963,2045,2091,2030
1430695,B,255,963,2046,2089,2031,963,2046,2090,2031
1430795,B,255,964,2045,2092,2032,964,2045,2092,2032
1430895,B,255,966,2044,2091,2032,966,2045,2091,2032
1430995,B,255,966,2047,2087,2031,966,2046,2091,2031
1431095,B,255,964,2046,2091,2031,964,2046,2091,2031
1431195,B,255,965,2045,2093,2027,964,2045,2092,2029
1431295,B,255,965,2047,2091,2030,965,2046,2091,2030
1431395,B,255,967,2047,2090,2031,964,2047,2090,2030
1431495,B,255,966,2045,2094,2031,965,2045,2093,2031
1431595,B,255,963,2044,2089,2029,964,2044,2091,2029
1431695,B,255,964,2045,2089,2031,964,2046,2091,2031
1431795,B,255,962,2046,2095,2030,964,2046,2094,2031
1431895,B,255,963,2046,2095,2030,964,2046,2094,2030
1431995,B,255,965,2046,2090,2031,964,2045,2092,2031
1432095,B,255,963,2045,2091,2031,964,2045,2092,2030
1432195,B,255,969,2044,2093,2030,966,2044,2091,2030
1432295,B,255,963,2045,2094,2031,964,2045,2094,2031
1432395,B,255,963,2045,2093,2031,964,2045,2091,2030
1432495,B,255,963,2047,2091,2031,963,2047,2091,2031
1432595,B,255,966,2046,2091,2031,963,2045,2090,2031
1432695,B,255,963,2045,2095,2031,963,2045,2091,2031
1432795,B,255,963,2047,2091,2027,963,2045,2091,2030
1432895,B,255,965,2047,2094,2032,963,2043,2091,2029
1432995,B,255,965,2045,2090,2031,965,2045,2090,2031
1433095,B,255,967,2046,2091,2032,965,2046,2092,2032
1433195,B,255,964,2047,2092,2029,964,2047,2092,2029
1433295,B,255,967,2047,2093,2032,965,2046,2093,2032
1433395,B,255,966,2047,2093,2027,966,2047,2093,2030
1433495,B,255,965,2047,2091,2032,965,2047,2091,2031
1433595,B,255,963,2047,2092,2030,963,2047,2092,2031
1433695,B,255,963,2045,2093,2029,963,2045,2092,2030
1433795,B,255,966,2053,2094,2029,966,2047,2093,2029
1433895,B,255,965,2047,2094,2032,962,2044,2091,2029
1433995,B,255,965,2045,2089,2032,965,2045,2090,2031
1434095,B,255,960,2046,2091,2030,964,2046,2091,2030
1434195,B,255,953,2037,2080,2017,963,2045,2089,2029
1434295,B,255,962,2046,2091,2031,962,2046,2091,2031
1434395,B,255,966,2046,2093,2032,966,2046,2092,2032
1434495,B,255,953,2033,2079,2019,963,2043,2089,2029
1434595,B,255,966,2047,2090,2030,966,2047,2090,2032
1434695,B,255,964,2044,2091,2030,964,2046,2092,2030
1434795,B,255,954,2032,2079,2013,963,2045,2091,2028
1434895,B,255,965,2046,2093,2031,964,2046,2093,2031
1434995,B,255,963,2044,2093,2031,963,2045,2092,2031
1435095,B,255,953,2032,2084,2015,963,2045,2092,2029
1435195,B,255,965,2042,2089,2031,965,2042,2090,2031
1435295,B,255,963,2047,2095,2030,964,2046,2092,2030
1435395,B,255,964,2045,2093,2031,964,2046,2093,2031
1435495,B,255,962,2045,2087,2028,963,2045,2091,2030
1435595,B,255,963,2047,2092,2030,963,2047,2091,2030
1435695,B,255,961,2044,2090,2030,961,2044,2090,2029
1435795,B,255,965,2043,2090,2029,965,2044,2091,2030
1435895,B,255,965,2046,2089,2032,964,2046,2090,2032
1435995,B,255,963,2046,2089,2031,964,2046,2089,2031
1436095,B,255,962,2044,2087,2030,962,2045,2092,2030
1436195,B,255,965,2046,2093,2029,966,2046,2092,2029
1436295,B,255,965,2043,2094,2030,965,2045,2092,2030
1436395,B,255,966,2047,2090,2030,963,2046,2091,2031
1436495,B,255,963,2045,2088,2031,964,2045,2090,2031
1436595,B,255,965,2045,2090,2031,965,2046,2090,2031
1436695,B,255,963,2045,2091,2029,964,2046,2091,2030
1436795,B,255,966,2047,2090,2032,966,2047,2091,2032
1436895,B,255,965,2045,2094,2027,965,2045,2093,2031
1436995,B,255,966,2045,2090,2029,965,2045,2090,2030
1437095,B,255,965,2045,2089,2029,965,2045,2090,2030
1437195,B,255,965,2045,2091,2029,965,2045,2091,2029
1437295,B,255,965,2042,2093,2030,965,2045,2093,2030
1437395,B,255,965,2046,2091,2032,965,2046,2091,2031
1437495,B,255,963,2045,2089,2030,963,2045,2091,2030
1437595,B,255,963,2047,2091,2031,963,2046,2091,2031
1437695,B,255,965,2045,2087,2029,965,2046,2090,2030
1437795,B,255,964,2047,2090,2029,964,2047,2090,2029
1437895,B,255,966,2055,2095,2032,964,2044,2091,2029
1437995,B,255,963,2045,2091,2027,963,2046,2091,2029
1438095,B,255,965,2045,2090,2031,964,2045,2091,2031
1438195,B,255,965,2046,2092,2031,962,2045,2092,2029
1438295,B,255,966,2045,2094,2031,966,2046,2093,2031
1438395,B,255,963,2047,2091,2030,965,2047,2092,2030
1438495,B,255,957,2032,2078,2017,962,2042,2088,2027
1438595,B,255,965,2047,2095,2031,963,2047,2093,2031
1438695,B,255,965,2046,2092,2031,964,2046,2092,2031
1438795,B,255,951,2032,2084,2022,961,2044,2090,2029
1438895,B,255,963,2045,2091,2030,964,2045,2091,2030
1438995,B,255,963,2047,2094,2032,964,2047,2092,2032
1439095,B,255,949,2032,2081,2017,963,2045,2092,2029
1439195,B,255,963,2043,2091,2032,964,2043,2092,2031
1439295,B,255,962,2046,2093,2031,963,2046,2092,2031
1439395,B,255,960,2046,2087,2029,962,2046,2092,2030
1439495,B,255,962,2046,2089,2029,965,2046,2090,2030
1439595,B,255,963,2046,2085,2029,963,2046,2091,2030
1439695,B,255,968,2045,2091,2031,966,2045,2091,2031
1439795,B,255,965,2046,2091,2031,965,2046,2091,2031
1439895,B,255,965,2046,2091,2032,965,2046,2091,2032
1439995,B,255,964,2047,2095,2032,964,2046,2092,2031
1440095,B,255,967,2045,2089,2031,966,2045,2092,2031
1440195,B,255,953,2033,2079,2017,963,2045,2090,2029
1440295,B,255,967,2046,2096,2031,956,2039,2084,2023
1440395,B,255,966,2046,2090,2031,965,2046,2090,2031
1440495,B,255,962,2047,2092,2029,964,2046,2092,2029
1440595,B,255,962,2046,2095,2031,962,2046,2093,2031
1440695,B,255,963,2046,2090,2031,963,2046,2092,2030
