ISO-10303-21;
HEADER;
/* Generated by software containing ST-Developer
 * from STEP Tools, Inc. (www.steptools.com) 
 */

FILE_DESCRIPTION(
/* description */ (''),
/* implementation_level */ '2;1');

FILE_NAME(
/* name */ 'Decca_Display_Mount_assembly.step',
/* time_stamp */ '2026-08-28T10:53:44+01:00',
/* author */ (''),
/* organization */ (''),
/* preprocessor_version */ 'ST-DEVELOPER v20.1',
/* originating_system */ 'Autodesk Translation Framework v15.8.0.0',
/* authorisation */ '');

FILE_SCHEMA (('AUTOMOTIVE_DESIGN { 1 0 10303 214 3 1 1 }'));
ENDSEC;

DATA;
#10=MECHANICAL_DESIGN_GEOMETRIC_PRESENTATION_REPRESENTATION('',(#81,#82,
#83,#84,#85,#86,#87,#88,#89,#90,#91,#92,#93,#94,#95),#7598);
#11=ITEM_DEFINED_TRANSFORMATION($,$,#4531,#4959);
#12=ITEM_DEFINED_TRANSFORMATION($,$,#4548,#4960);
#13=ITEM_DEFINED_TRANSFORMATION($,$,#4667,#4961);
#14=ITEM_DEFINED_TRANSFORMATION($,$,#4744,#4962);
#15=ITEM_DEFINED_TRANSFORMATION($,$,#4530,#4963);
#16=(
REPRESENTATION_RELATIONSHIP($,$,#7622,#7621)
REPRESENTATION_RELATIONSHIP_WITH_TRANSFORMATION(#11)
SHAPE_REPRESENTATION_RELATIONSHIP()
);
#17=(
REPRESENTATION_RELATIONSHIP($,$,#7623,#7621)
REPRESENTATION_RELATIONSHIP_WITH_TRANSFORMATION(#12)
SHAPE_REPRESENTATION_RELATIONSHIP()
);
#18=(
REPRESENTATION_RELATIONSHIP($,$,#7624,#7621)
REPRESENTATION_RELATIONSHIP_WITH_TRANSFORMATION(#13)
SHAPE_REPRESENTATION_RELATIONSHIP()
);
#19=(
REPRESENTATION_RELATIONSHIP($,$,#7625,#7621)
REPRESENTATION_RELATIONSHIP_WITH_TRANSFORMATION(#14)
SHAPE_REPRESENTATION_RELATIONSHIP()
);
#20=(
REPRESENTATION_RELATIONSHIP($,$,#7621,#7620)
REPRESENTATION_RELATIONSHIP_WITH_TRANSFORMATION(#15)
SHAPE_REPRESENTATION_RELATIONSHIP()
);
#21=CONTEXT_DEPENDENT_SHAPE_REPRESENTATION(#16,#7615);
#22=CONTEXT_DEPENDENT_SHAPE_REPRESENTATION(#17,#7616);
#23=CONTEXT_DEPENDENT_SHAPE_REPRESENTATION(#18,#7617);
#24=CONTEXT_DEPENDENT_SHAPE_REPRESENTATION(#19,#7618);
#25=CONTEXT_DEPENDENT_SHAPE_REPRESENTATION(#20,#7619);
#26=NEXT_ASSEMBLY_USAGE_OCCURRENCE('REF_Decca_Panel:1',
'REF_Decca_Panel:1','REF_Decca_Panel:1',#7628,#7629,'REF_Decca_Panel:1');
#27=NEXT_ASSEMBLY_USAGE_OCCURRENCE('Front_Bezel:1','Front_Bezel:1',
'Front_Bezel:1',#7628,#7630,'Front_Bezel:1');
#28=NEXT_ASSEMBLY_USAGE_OCCURRENCE('REF_SH1106_1P3:1',
'REF_SH1106_1P3:1','REF_SH1106_1P3:1',#7628,#7631,'REF_SH1106_1P3:1');
#29=NEXT_ASSEMBLY_USAGE_OCCURRENCE('Rear_Display_Carrier:1',
'Rear_Display_Carrier:1','Rear_Display_Carrier:1',#7628,#7632,
'Rear_Display_Carrier:1');
#30=NEXT_ASSEMBLY_USAGE_OCCURRENCE('Decca_Display_Mount:1',
'Decca_Display_Mount:1','Decca_Display_Mount:1',#7627,#7628,
'Decca_Display_Mount:1');
#31=(
BOUNDED_CURVE()
B_SPLINE_CURVE(2,(#7050,#7051,#7052),.UNSPECIFIED.,.F.,.F.)
B_SPLINE_CURVE_WITH_KNOTS((3,3),(0.,0.0574278358885043),.UNSPECIFIED.)
CURVE()
GEOMETRIC_REPRESENTATION_ITEM()
RATIONAL_B_SPLINE_CURVE((1.,1.00424635498191,1.))
REPRESENTATION_ITEM('')
);
#32=(
BOUNDED_CURVE()
B_SPLINE_CURVE(2,(#7054,#7055,#7056),.UNSPECIFIED.,.F.,.F.)
B_SPLINE_CURVE_WITH_KNOTS((3,3),(0.,0.129626494221697),.UNSPECIFIED.)
CURVE()
GEOMETRIC_REPRESENTATION_ITEM()
RATIONAL_B_SPLINE_CURVE((1.,1.01486072544904,1.))
REPRESENTATION_ITEM('')
);
#33=(
BOUNDED_CURVE()
B_SPLINE_CURVE(2,(#7060,#7061,#7062),.UNSPECIFIED.,.F.,.F.)
B_SPLINE_CURVE_WITH_KNOTS((3,3),(0.,0.129626494221697),.UNSPECIFIED.)
CURVE()
GEOMETRIC_REPRESENTATION_ITEM()
RATIONAL_B_SPLINE_CURVE((1.,1.01486072544904,1.))
REPRESENTATION_ITEM('')
);
#34=(
BOUNDED_CURVE()
B_SPLINE_CURVE(2,(#7064,#7065,#7066),.UNSPECIFIED.,.F.,.F.)
B_SPLINE_CURVE_WITH_KNOTS((3,3),(0.,0.0574278358885043),.UNSPECIFIED.)
CURVE()
GEOMETRIC_REPRESENTATION_ITEM()
RATIONAL_B_SPLINE_CURVE((1.,1.00424635498191,1.))
REPRESENTATION_ITEM('')
);
#35=(
BOUNDED_CURVE()
B_SPLINE_CURVE(2,(#7084,#7085,#7086),.UNSPECIFIED.,.F.,.F.)
B_SPLINE_CURVE_WITH_KNOTS((3,3),(0.,0.0574278358885043),.UNSPECIFIED.)
CURVE()
GEOMETRIC_REPRESENTATION_ITEM()
RATIONAL_B_SPLINE_CURVE((1.,1.00424635498191,1.))
REPRESENTATION_ITEM('')
);
#36=(
BOUNDED_CURVE()
B_SPLINE_CURVE(2,(#7088,#7089,#7090),.UNSPECIFIED.,.F.,.F.)
B_SPLINE_CURVE_WITH_KNOTS((3,3),(0.,0.129626494221697),.UNSPECIFIED.)
CURVE()
GEOMETRIC_REPRESENTATION_ITEM()
RATIONAL_B_SPLINE_CURVE((1.,1.01486072544904,1.))
REPRESENTATION_ITEM('')
);
#37=(
BOUNDED_CURVE()
B_SPLINE_CURVE(2,(#7094,#7095,#7096),.UNSPECIFIED.,.F.,.F.)
B_SPLINE_CURVE_WITH_KNOTS((3,3),(0.,0.129626494221697),.UNSPECIFIED.)
CURVE()
GEOMETRIC_REPRESENTATION_ITEM()
RATIONAL_B_SPLINE_CURVE((1.,1.01486072544904,1.))
REPRESENTATION_ITEM('')
);
#38=(
BOUNDED_CURVE()
B_SPLINE_CURVE(2,(#7098,#7099,#7100),.UNSPECIFIED.,.F.,.F.)
B_SPLINE_CURVE_WITH_KNOTS((3,3),(0.,0.0574278358885043),.UNSPECIFIED.)
CURVE()
GEOMETRIC_REPRESENTATION_ITEM()
RATIONAL_B_SPLINE_CURVE((1.,1.00424635498191,1.))
REPRESENTATION_ITEM('')
);
#39=(
BOUNDED_CURVE()
B_SPLINE_CURVE(2,(#7145,#7146,#7147),.UNSPECIFIED.,.F.,.F.)
B_SPLINE_CURVE_WITH_KNOTS((3,3),(0.,0.0574278358885043),.UNSPECIFIED.)
CURVE()
GEOMETRIC_REPRESENTATION_ITEM()
RATIONAL_B_SPLINE_CURVE((1.,1.00424635498191,1.))
REPRESENTATION_ITEM('')
);
#40=(
BOUNDED_CURVE()
B_SPLINE_CURVE(2,(#7149,#7150,#7151),.UNSPECIFIED.,.F.,.F.)
B_SPLINE_CURVE_WITH_KNOTS((3,3),(0.,0.129626494221697),.UNSPECIFIED.)
CURVE()
GEOMETRIC_REPRESENTATION_ITEM()
RATIONAL_B_SPLINE_CURVE((1.,1.01486072544904,1.))
REPRESENTATION_ITEM('')
);
#41=(
BOUNDED_CURVE()
B_SPLINE_CURVE(2,(#7155,#7156,#7157),.UNSPECIFIED.,.F.,.F.)
B_SPLINE_CURVE_WITH_KNOTS((3,3),(0.,0.129626494221697),.UNSPECIFIED.)
CURVE()
GEOMETRIC_REPRESENTATION_ITEM()
RATIONAL_B_SPLINE_CURVE((1.,1.01486072544904,1.))
REPRESENTATION_ITEM('')
);
#42=(
BOUNDED_CURVE()
B_SPLINE_CURVE(2,(#7159,#7160,#7161),.UNSPECIFIED.,.F.,.F.)
B_SPLINE_CURVE_WITH_KNOTS((3,3),(0.,0.0574278358885043),.UNSPECIFIED.)
CURVE()
GEOMETRIC_REPRESENTATION_ITEM()
RATIONAL_B_SPLINE_CURVE((1.,1.00424635498191,1.))
REPRESENTATION_ITEM('')
);
#43=(
BOUNDED_CURVE()
B_SPLINE_CURVE(2,(#7179,#7180,#7181),.UNSPECIFIED.,.F.,.F.)
B_SPLINE_CURVE_WITH_KNOTS((3,3),(0.,0.0574278358885043),.UNSPECIFIED.)
CURVE()
GEOMETRIC_REPRESENTATION_ITEM()
RATIONAL_B_SPLINE_CURVE((1.,1.00424635498191,1.))
REPRESENTATION_ITEM('')
);
#44=(
BOUNDED_CURVE()
B_SPLINE_CURVE(2,(#7183,#7184,#7185),.UNSPECIFIED.,.F.,.F.)
B_SPLINE_CURVE_WITH_KNOTS((3,3),(0.,0.129626494221697),.UNSPECIFIED.)
CURVE()
GEOMETRIC_REPRESENTATION_ITEM()
RATIONAL_B_SPLINE_CURVE((1.,1.01486072544904,1.))
REPRESENTATION_ITEM('')
);
#45=(
BOUNDED_CURVE()
B_SPLINE_CURVE(2,(#7189,#7190,#7191),.UNSPECIFIED.,.F.,.F.)
B_SPLINE_CURVE_WITH_KNOTS((3,3),(0.,0.129626494221697),.UNSPECIFIED.)
CURVE()
GEOMETRIC_REPRESENTATION_ITEM()
RATIONAL_B_SPLINE_CURVE((1.,1.01486072544904,1.))
REPRESENTATION_ITEM('')
);
#46=(
BOUNDED_CURVE()
B_SPLINE_CURVE(2,(#7193,#7194,#7195),.UNSPECIFIED.,.F.,.F.)
B_SPLINE_CURVE_WITH_KNOTS((3,3),(0.,0.0574278358885043),.UNSPECIFIED.)
CURVE()
GEOMETRIC_REPRESENTATION_ITEM()
RATIONAL_B_SPLINE_CURVE((1.,1.00424635498191,1.))
REPRESENTATION_ITEM('')
);
#47=CONICAL_SURFACE('',#4704,0.575,0.401870647440456);
#48=CONICAL_SURFACE('',#4709,0.575,0.401870647440456);
#49=CONICAL_SURFACE('',#4714,0.575,0.401870647440456);
#50=CONICAL_SURFACE('',#4719,0.575,0.401870647440456);
#51=CONICAL_SURFACE('',#4724,0.575,0.401870647440456);
#52=CONICAL_SURFACE('',#4729,0.575,0.401870647440456);
#53=CONICAL_SURFACE('',#4734,0.575,0.401870647440456);
#54=CONICAL_SURFACE('',#4739,0.575,0.401870647440456);
#55=CONICAL_SURFACE('',#4793,1.5375,0.502843210927861);
#56=CONICAL_SURFACE('',#4795,1.5375,0.502843210927861);
#57=CONICAL_SURFACE('',#4799,1.4375,0.376909270324821);
#58=CONICAL_SURFACE('',#4800,1.4375,0.376909270324821);
#59=CONICAL_SURFACE('',#4821,1.5375,0.502843210927861);
#60=CONICAL_SURFACE('',#4823,1.5375,0.502843210927861);
#61=CONICAL_SURFACE('',#4827,1.4375,0.376909270324821);
#62=CONICAL_SURFACE('',#4828,1.4375,0.376909270324821);
#63=CONICAL_SURFACE('',#4831,1.2,0.643501108793284);
#64=CONICAL_SURFACE('',#4840,1.2,0.643501108793284);
#65=TOROIDAL_SURFACE('',#4549,1.6,0.4);
#66=TOROIDAL_SURFACE('',#4556,1.6,0.4);
#67=TOROIDAL_SURFACE('',#4562,1.6,0.4);
#68=TOROIDAL_SURFACE('',#4568,1.6,0.4);
#69=TOROIDAL_SURFACE('',#4584,1.2,0.4);
#70=TOROIDAL_SURFACE('',#4590,1.2,0.4);
#71=TOROIDAL_SURFACE('',#4595,1.2,0.4);
#72=TOROIDAL_SURFACE('',#4600,1.2,0.4);
#73=SHAPE_REPRESENTATION_RELATIONSHIP('SRR','None',#7622,#77);
#74=SHAPE_REPRESENTATION_RELATIONSHIP('SRR','None',#7623,#78);
#75=SHAPE_REPRESENTATION_RELATIONSHIP('SRR','None',#7624,#79);
#76=SHAPE_REPRESENTATION_RELATIONSHIP('SRR','None',#7625,#80);
#77=ADVANCED_BREP_SHAPE_REPRESENTATION('',(#96),#7594);
#78=ADVANCED_BREP_SHAPE_REPRESENTATION('',(#97),#7595);
#79=ADVANCED_BREP_SHAPE_REPRESENTATION('',(#98,#99,#100,#101,#102,#103,
#104,#105,#106,#107,#108,#109),#7596);
#80=ADVANCED_BREP_SHAPE_REPRESENTATION('',(#110),#7597);
#81=STYLED_ITEM('',(#7654),#96);
#82=STYLED_ITEM('',(#7654),#97);
#83=STYLED_ITEM('',(#7655),#98);
#84=STYLED_ITEM('',(#7656),#99);
#85=STYLED_ITEM('',(#7657),#100);
#86=STYLED_ITEM('',(#7658),#101);
#87=STYLED_ITEM('',(#7654),#102);
#88=STYLED_ITEM('',(#7654),#103);
#89=STYLED_ITEM('',(#7654),#104);
#90=STYLED_ITEM('',(#7654),#105);
#91=STYLED_ITEM('',(#7654),#106);
#92=STYLED_ITEM('',(#7654),#107);
#93=STYLED_ITEM('',(#7654),#108);
#94=STYLED_ITEM('',(#7654),#109);
#95=STYLED_ITEM('',(#7658),#110);
#96=MANIFOLD_SOLID_BREP('PANEL_Perspex',#4469);
#97=MANIFOLD_SOLID_BREP('Front_Bezel',#4470);
#98=MANIFOLD_SOLID_BREP('OLED_PCB',#4471);
#99=MANIFOLD_SOLID_BREP('OLED_Glass',#4472);
#100=MANIFOLD_SOLID_BREP('OLED_ActiveArea',#4473);
#101=MANIFOLD_SOLID_BREP('OLED_Header_Keepout',#4474);
#102=MANIFOLD_SOLID_BREP('OLED_Solder_Tips_BothEnds',#4475);
#103=MANIFOLD_SOLID_BREP('OLED_Solder_Tips_BothEnds',#4476);
#104=MANIFOLD_SOLID_BREP('OLED_Solder_Tips_BothEnds',#4477);
#105=MANIFOLD_SOLID_BREP('OLED_Solder_Tips_BothEnds',#4478);
#106=MANIFOLD_SOLID_BREP('OLED_Solder_Tips_BothEnds',#4479);
#107=MANIFOLD_SOLID_BREP('OLED_Solder_Tips_BothEnds',#4480);
#108=MANIFOLD_SOLID_BREP('OLED_Solder_Tips_BothEnds',#4481);
#109=MANIFOLD_SOLID_BREP('OLED_Solder_Tips_BothEnds',#4482);
#110=MANIFOLD_SOLID_BREP('Rear_Display_Carrier',#4483);
#111=FACE_BOUND('',#578,.T.);
#112=FACE_BOUND('',#579,.T.);
#113=FACE_BOUND('',#580,.T.);
#114=FACE_BOUND('',#582,.T.);
#115=FACE_BOUND('',#583,.T.);
#116=FACE_BOUND('',#584,.T.);
#117=FACE_BOUND('',#602,.T.);
#118=FACE_BOUND('',#649,.T.);
#119=FACE_BOUND('',#650,.T.);
#120=FACE_BOUND('',#651,.T.);
#121=FACE_BOUND('',#652,.T.);
#122=FACE_BOUND('',#653,.T.);
#123=FACE_BOUND('',#662,.T.);
#124=FACE_BOUND('',#663,.T.);
#125=FACE_BOUND('',#664,.T.);
#126=FACE_BOUND('',#665,.T.);
#127=FACE_BOUND('',#667,.T.);
#128=FACE_BOUND('',#668,.T.);
#129=FACE_BOUND('',#669,.T.);
#130=FACE_BOUND('',#670,.T.);
#131=FACE_BOUND('',#785,.T.);
#132=FACE_BOUND('',#788,.T.);
#133=FACE_BOUND('',#792,.T.);
#134=FACE_BOUND('',#795,.T.);
#135=FACE_BOUND('',#799,.T.);
#136=FACE_BOUND('',#802,.T.);
#137=FACE_BOUND('',#806,.T.);
#138=FACE_BOUND('',#808,.T.);
#139=FACE_BOUND('',#812,.T.);
#140=FACE_BOUND('',#813,.T.);
#141=FACE_BOUND('',#814,.T.);
#142=FACE_BOUND('',#826,.T.);
#143=FACE_BOUND('',#829,.T.);
#144=FACE_BOUND('',#833,.T.);
#145=FACE_BOUND('',#834,.T.);
#146=FACE_BOUND('',#835,.T.);
#147=FACE_BOUND('',#836,.T.);
#148=FACE_BOUND('',#860,.T.);
#149=PLANE('',#4538);
#150=PLANE('',#4539);
#151=PLANE('',#4540);
#152=PLANE('',#4541);
#153=PLANE('',#4542);
#154=PLANE('',#4543);
#155=PLANE('',#4544);
#156=PLANE('',#4545);
#157=PLANE('',#4546);
#158=PLANE('',#4547);
#159=PLANE('',#4573);
#160=PLANE('',#4576);
#161=PLANE('',#4579);
#162=PLANE('',#4604);
#163=PLANE('',#4607);
#164=PLANE('',#4610);
#165=PLANE('',#4611);
#166=PLANE('',#4612);
#167=PLANE('',#4613);
#168=PLANE('',#4614);
#169=PLANE('',#4615);
#170=PLANE('',#4616);
#171=PLANE('',#4617);
#172=PLANE('',#4618);
#173=PLANE('',#4619);
#174=PLANE('',#4629);
#175=PLANE('',#4633);
#176=PLANE('',#4634);
#177=PLANE('',#4635);
#178=PLANE('',#4636);
#179=PLANE('',#4646);
#180=PLANE('',#4650);
#181=PLANE('',#4651);
#182=PLANE('',#4652);
#183=PLANE('',#4653);
#184=PLANE('',#4658);
#185=PLANE('',#4659);
#186=PLANE('',#4662);
#187=PLANE('',#4665);
#188=PLANE('',#4666);
#189=PLANE('',#4680);
#190=PLANE('',#4681);
#191=PLANE('',#4682);
#192=PLANE('',#4683);
#193=PLANE('',#4684);
#194=PLANE('',#4685);
#195=PLANE('',#4686);
#196=PLANE('',#4687);
#197=PLANE('',#4688);
#198=PLANE('',#4689);
#199=PLANE('',#4690);
#200=PLANE('',#4691);
#201=PLANE('',#4692);
#202=PLANE('',#4693);
#203=PLANE('',#4694);
#204=PLANE('',#4695);
#205=PLANE('',#4696);
#206=PLANE('',#4697);
#207=PLANE('',#4698);
#208=PLANE('',#4699);
#209=PLANE('',#4700);
#210=PLANE('',#4701);
#211=PLANE('',#4702);
#212=PLANE('',#4703);
#213=PLANE('',#4707);
#214=PLANE('',#4708);
#215=PLANE('',#4712);
#216=PLANE('',#4713);
#217=PLANE('',#4717);
#218=PLANE('',#4718);
#219=PLANE('',#4722);
#220=PLANE('',#4723);
#221=PLANE('',#4727);
#222=PLANE('',#4728);
#223=PLANE('',#4732);
#224=PLANE('',#4733);
#225=PLANE('',#4737);
#226=PLANE('',#4738);
#227=PLANE('',#4742);
#228=PLANE('',#4743);
#229=PLANE('',#4745);
#230=PLANE('',#4746);
#231=PLANE('',#4747);
#232=PLANE('',#4748);
#233=PLANE('',#4749);
#234=PLANE('',#4750);
#235=PLANE('',#4751);
#236=PLANE('',#4752);
#237=PLANE('',#4753);
#238=PLANE('',#4754);
#239=PLANE('',#4755);
#240=PLANE('',#4756);
#241=PLANE('',#4757);
#242=PLANE('',#4758);
#243=PLANE('',#4759);
#244=PLANE('',#4760);
#245=PLANE('',#4761);
#246=PLANE('',#4762);
#247=PLANE('',#4763);
#248=PLANE('',#4764);
#249=PLANE('',#4765);
#250=PLANE('',#4766);
#251=PLANE('',#4767);
#252=PLANE('',#4768);
#253=PLANE('',#4769);
#254=PLANE('',#4770);
#255=PLANE('',#4771);
#256=PLANE('',#4772);
#257=PLANE('',#4773);
#258=PLANE('',#4774);
#259=PLANE('',#4775);
#260=PLANE('',#4776);
#261=PLANE('',#4779);
#262=PLANE('',#4785);
#263=PLANE('',#4787);
#264=PLANE('',#4797);
#265=PLANE('',#4802);
#266=PLANE('',#4803);
#267=PLANE('',#4804);
#268=PLANE('',#4807);
#269=PLANE('',#4813);
#270=PLANE('',#4815);
#271=PLANE('',#4825);
#272=PLANE('',#4830);
#273=PLANE('',#4834);
#274=PLANE('',#4839);
#275=PLANE('',#4843);
#276=PLANE('',#4848);
#277=PLANE('',#4852);
#278=PLANE('',#4856);
#279=PLANE('',#4863);
#280=PLANE('',#4867);
#281=PLANE('',#4874);
#282=PLANE('',#4878);
#283=PLANE('',#4879);
#284=PLANE('',#4880);
#285=PLANE('',#4881);
#286=PLANE('',#4882);
#287=PLANE('',#4883);
#288=PLANE('',#4884);
#289=PLANE('',#4885);
#290=PLANE('',#4901);
#291=PLANE('',#4902);
#292=PLANE('',#4903);
#293=PLANE('',#4904);
#294=PLANE('',#4905);
#295=PLANE('',#4906);
#296=PLANE('',#4907);
#297=PLANE('',#4908);
#298=PLANE('',#4909);
#299=PLANE('',#4910);
#300=PLANE('',#4911);
#301=PLANE('',#4913);
#302=PLANE('',#4918);
#303=PLANE('',#4922);
#304=PLANE('',#4923);
#305=PLANE('',#4927);
#306=PLANE('',#4929);
#307=PLANE('',#4932);
#308=PLANE('',#4934);
#309=PLANE('',#4936);
#310=PLANE('',#4939);
#311=PLANE('',#4942);
#312=PLANE('',#4944);
#313=PLANE('',#4945);
#314=PLANE('',#4948);
#315=PLANE('',#4955);
#316=PLANE('',#4958);
#317=FACE_OUTER_BOUND('',#571,.T.);
#318=FACE_OUTER_BOUND('',#572,.T.);
#319=FACE_OUTER_BOUND('',#573,.T.);
#320=FACE_OUTER_BOUND('',#574,.T.);
#321=FACE_OUTER_BOUND('',#575,.T.);
#322=FACE_OUTER_BOUND('',#576,.T.);
#323=FACE_OUTER_BOUND('',#577,.T.);
#324=FACE_OUTER_BOUND('',#581,.T.);
#325=FACE_OUTER_BOUND('',#585,.T.);
#326=FACE_OUTER_BOUND('',#586,.T.);
#327=FACE_OUTER_BOUND('',#587,.T.);
#328=FACE_OUTER_BOUND('',#588,.T.);
#329=FACE_OUTER_BOUND('',#589,.T.);
#330=FACE_OUTER_BOUND('',#590,.T.);
#331=FACE_OUTER_BOUND('',#591,.T.);
#332=FACE_OUTER_BOUND('',#592,.T.);
#333=FACE_OUTER_BOUND('',#593,.T.);
#334=FACE_OUTER_BOUND('',#594,.T.);
#335=FACE_OUTER_BOUND('',#595,.T.);
#336=FACE_OUTER_BOUND('',#596,.T.);
#337=FACE_OUTER_BOUND('',#597,.T.);
#338=FACE_OUTER_BOUND('',#598,.T.);
#339=FACE_OUTER_BOUND('',#599,.T.);
#340=FACE_OUTER_BOUND('',#600,.T.);
#341=FACE_OUTER_BOUND('',#601,.T.);
#342=FACE_OUTER_BOUND('',#603,.T.);
#343=FACE_OUTER_BOUND('',#604,.T.);
#344=FACE_OUTER_BOUND('',#605,.T.);
#345=FACE_OUTER_BOUND('',#606,.T.);
#346=FACE_OUTER_BOUND('',#607,.T.);
#347=FACE_OUTER_BOUND('',#608,.T.);
#348=FACE_OUTER_BOUND('',#609,.T.);
#349=FACE_OUTER_BOUND('',#610,.T.);
#350=FACE_OUTER_BOUND('',#611,.T.);
#351=FACE_OUTER_BOUND('',#612,.T.);
#352=FACE_OUTER_BOUND('',#613,.T.);
#353=FACE_OUTER_BOUND('',#614,.T.);
#354=FACE_OUTER_BOUND('',#615,.T.);
#355=FACE_OUTER_BOUND('',#616,.T.);
#356=FACE_OUTER_BOUND('',#617,.T.);
#357=FACE_OUTER_BOUND('',#618,.T.);
#358=FACE_OUTER_BOUND('',#619,.T.);
#359=FACE_OUTER_BOUND('',#620,.T.);
#360=FACE_OUTER_BOUND('',#621,.T.);
#361=FACE_OUTER_BOUND('',#622,.T.);
#362=FACE_OUTER_BOUND('',#623,.T.);
#363=FACE_OUTER_BOUND('',#624,.T.);
#364=FACE_OUTER_BOUND('',#625,.T.);
#365=FACE_OUTER_BOUND('',#626,.T.);
#366=FACE_OUTER_BOUND('',#627,.T.);
#367=FACE_OUTER_BOUND('',#628,.T.);
#368=FACE_OUTER_BOUND('',#629,.T.);
#369=FACE_OUTER_BOUND('',#630,.T.);
#370=FACE_OUTER_BOUND('',#631,.T.);
#371=FACE_OUTER_BOUND('',#632,.T.);
#372=FACE_OUTER_BOUND('',#633,.T.);
#373=FACE_OUTER_BOUND('',#634,.T.);
#374=FACE_OUTER_BOUND('',#635,.T.);
#375=FACE_OUTER_BOUND('',#636,.T.);
#376=FACE_OUTER_BOUND('',#637,.T.);
#377=FACE_OUTER_BOUND('',#638,.T.);
#378=FACE_OUTER_BOUND('',#639,.T.);
#379=FACE_OUTER_BOUND('',#640,.T.);
#380=FACE_OUTER_BOUND('',#641,.T.);
#381=FACE_OUTER_BOUND('',#642,.T.);
#382=FACE_OUTER_BOUND('',#643,.T.);
#383=FACE_OUTER_BOUND('',#644,.T.);
#384=FACE_OUTER_BOUND('',#645,.T.);
#385=FACE_OUTER_BOUND('',#646,.T.);
#386=FACE_OUTER_BOUND('',#647,.T.);
#387=FACE_OUTER_BOUND('',#648,.T.);
#388=FACE_OUTER_BOUND('',#654,.T.);
#389=FACE_OUTER_BOUND('',#655,.T.);
#390=FACE_OUTER_BOUND('',#656,.T.);
#391=FACE_OUTER_BOUND('',#657,.T.);
#392=FACE_OUTER_BOUND('',#658,.T.);
#393=FACE_OUTER_BOUND('',#659,.T.);
#394=FACE_OUTER_BOUND('',#660,.T.);
#395=FACE_OUTER_BOUND('',#661,.T.);
#396=FACE_OUTER_BOUND('',#666,.T.);
#397=FACE_OUTER_BOUND('',#671,.T.);
#398=FACE_OUTER_BOUND('',#672,.T.);
#399=FACE_OUTER_BOUND('',#673,.T.);
#400=FACE_OUTER_BOUND('',#674,.T.);
#401=FACE_OUTER_BOUND('',#675,.T.);
#402=FACE_OUTER_BOUND('',#676,.T.);
#403=FACE_OUTER_BOUND('',#677,.T.);
#404=FACE_OUTER_BOUND('',#678,.T.);
#405=FACE_OUTER_BOUND('',#679,.T.);
#406=FACE_OUTER_BOUND('',#680,.T.);
#407=FACE_OUTER_BOUND('',#681,.T.);
#408=FACE_OUTER_BOUND('',#682,.T.);
#409=FACE_OUTER_BOUND('',#683,.T.);
#410=FACE_OUTER_BOUND('',#684,.T.);
#411=FACE_OUTER_BOUND('',#685,.T.);
#412=FACE_OUTER_BOUND('',#686,.T.);
#413=FACE_OUTER_BOUND('',#687,.T.);
#414=FACE_OUTER_BOUND('',#688,.T.);
#415=FACE_OUTER_BOUND('',#689,.T.);
#416=FACE_OUTER_BOUND('',#690,.T.);
#417=FACE_OUTER_BOUND('',#691,.T.);
#418=FACE_OUTER_BOUND('',#692,.T.);
#419=FACE_OUTER_BOUND('',#693,.T.);
#420=FACE_OUTER_BOUND('',#694,.T.);
#421=FACE_OUTER_BOUND('',#695,.T.);
#422=FACE_OUTER_BOUND('',#696,.T.);
#423=FACE_OUTER_BOUND('',#697,.T.);
#424=FACE_OUTER_BOUND('',#698,.T.);
#425=FACE_OUTER_BOUND('',#699,.T.);
#426=FACE_OUTER_BOUND('',#700,.T.);
#427=FACE_OUTER_BOUND('',#701,.T.);
#428=FACE_OUTER_BOUND('',#702,.T.);
#429=FACE_OUTER_BOUND('',#703,.T.);
#430=FACE_OUTER_BOUND('',#704,.T.);
#431=FACE_OUTER_BOUND('',#705,.T.);
#432=FACE_OUTER_BOUND('',#706,.T.);
#433=FACE_OUTER_BOUND('',#707,.T.);
#434=FACE_OUTER_BOUND('',#708,.T.);
#435=FACE_OUTER_BOUND('',#709,.T.);
#436=FACE_OUTER_BOUND('',#710,.T.);
#437=FACE_OUTER_BOUND('',#711,.T.);
#438=FACE_OUTER_BOUND('',#712,.T.);
#439=FACE_OUTER_BOUND('',#713,.T.);
#440=FACE_OUTER_BOUND('',#714,.T.);
#441=FACE_OUTER_BOUND('',#715,.T.);
#442=FACE_OUTER_BOUND('',#716,.T.);
#443=FACE_OUTER_BOUND('',#717,.T.);
#444=FACE_OUTER_BOUND('',#718,.T.);
#445=FACE_OUTER_BOUND('',#719,.T.);
#446=FACE_OUTER_BOUND('',#720,.T.);
#447=FACE_OUTER_BOUND('',#721,.T.);
#448=FACE_OUTER_BOUND('',#722,.T.);
#449=FACE_OUTER_BOUND('',#723,.T.);
#450=FACE_OUTER_BOUND('',#724,.T.);
#451=FACE_OUTER_BOUND('',#725,.T.);
#452=FACE_OUTER_BOUND('',#726,.T.);
#453=FACE_OUTER_BOUND('',#727,.T.);
#454=FACE_OUTER_BOUND('',#728,.T.);
#455=FACE_OUTER_BOUND('',#729,.T.);
#456=FACE_OUTER_BOUND('',#730,.T.);
#457=FACE_OUTER_BOUND('',#731,.T.);
#458=FACE_OUTER_BOUND('',#732,.T.);
#459=FACE_OUTER_BOUND('',#733,.T.);
#460=FACE_OUTER_BOUND('',#734,.T.);
#461=FACE_OUTER_BOUND('',#735,.T.);
#462=FACE_OUTER_BOUND('',#736,.T.);
#463=FACE_OUTER_BOUND('',#737,.T.);
#464=FACE_OUTER_BOUND('',#738,.T.);
#465=FACE_OUTER_BOUND('',#739,.T.);
#466=FACE_OUTER_BOUND('',#740,.T.);
#467=FACE_OUTER_BOUND('',#741,.T.);
#468=FACE_OUTER_BOUND('',#742,.T.);
#469=FACE_OUTER_BOUND('',#743,.T.);
#470=FACE_OUTER_BOUND('',#744,.T.);
#471=FACE_OUTER_BOUND('',#745,.T.);
#472=FACE_OUTER_BOUND('',#746,.T.);
#473=FACE_OUTER_BOUND('',#747,.T.);
#474=FACE_OUTER_BOUND('',#748,.T.);
#475=FACE_OUTER_BOUND('',#749,.T.);
#476=FACE_OUTER_BOUND('',#750,.T.);
#477=FACE_OUTER_BOUND('',#751,.T.);
#478=FACE_OUTER_BOUND('',#752,.T.);
#479=FACE_OUTER_BOUND('',#753,.T.);
#480=FACE_OUTER_BOUND('',#754,.T.);
#481=FACE_OUTER_BOUND('',#755,.T.);
#482=FACE_OUTER_BOUND('',#756,.T.);
#483=FACE_OUTER_BOUND('',#757,.T.);
#484=FACE_OUTER_BOUND('',#758,.T.);
#485=FACE_OUTER_BOUND('',#759,.T.);
#486=FACE_OUTER_BOUND('',#760,.T.);
#487=FACE_OUTER_BOUND('',#761,.T.);
#488=FACE_OUTER_BOUND('',#762,.T.);
#489=FACE_OUTER_BOUND('',#763,.T.);
#490=FACE_OUTER_BOUND('',#764,.T.);
#491=FACE_OUTER_BOUND('',#765,.T.);
#492=FACE_OUTER_BOUND('',#766,.T.);
#493=FACE_OUTER_BOUND('',#767,.T.);
#494=FACE_OUTER_BOUND('',#768,.T.);
#495=FACE_OUTER_BOUND('',#769,.T.);
#496=FACE_OUTER_BOUND('',#770,.T.);
#497=FACE_OUTER_BOUND('',#771,.T.);
#498=FACE_OUTER_BOUND('',#772,.T.);
#499=FACE_OUTER_BOUND('',#773,.T.);
#500=FACE_OUTER_BOUND('',#774,.T.);
#501=FACE_OUTER_BOUND('',#775,.T.);
#502=FACE_OUTER_BOUND('',#776,.T.);
#503=FACE_OUTER_BOUND('',#777,.T.);
#504=FACE_OUTER_BOUND('',#778,.T.);
#505=FACE_OUTER_BOUND('',#779,.T.);
#506=FACE_OUTER_BOUND('',#780,.T.);
#507=FACE_OUTER_BOUND('',#781,.T.);
#508=FACE_OUTER_BOUND('',#782,.T.);
#509=FACE_OUTER_BOUND('',#783,.T.);
#510=FACE_OUTER_BOUND('',#784,.T.);
#511=FACE_OUTER_BOUND('',#786,.T.);
#512=FACE_OUTER_BOUND('',#787,.T.);
#513=FACE_OUTER_BOUND('',#789,.T.);
#514=FACE_OUTER_BOUND('',#790,.T.);
#515=FACE_OUTER_BOUND('',#791,.T.);
#516=FACE_OUTER_BOUND('',#793,.T.);
#517=FACE_OUTER_BOUND('',#794,.T.);
#518=FACE_OUTER_BOUND('',#796,.T.);
#519=FACE_OUTER_BOUND('',#797,.T.);
#520=FACE_OUTER_BOUND('',#798,.T.);
#521=FACE_OUTER_BOUND('',#800,.T.);
#522=FACE_OUTER_BOUND('',#801,.T.);
#523=FACE_OUTER_BOUND('',#803,.T.);
#524=FACE_OUTER_BOUND('',#804,.T.);
#525=FACE_OUTER_BOUND('',#805,.T.);
#526=FACE_OUTER_BOUND('',#807,.T.);
#527=FACE_OUTER_BOUND('',#809,.T.);
#528=FACE_OUTER_BOUND('',#810,.T.);
#529=FACE_OUTER_BOUND('',#811,.T.);
#530=FACE_OUTER_BOUND('',#815,.T.);
#531=FACE_OUTER_BOUND('',#816,.T.);
#532=FACE_OUTER_BOUND('',#817,.T.);
#533=FACE_OUTER_BOUND('',#818,.T.);
#534=FACE_OUTER_BOUND('',#819,.T.);
#535=FACE_OUTER_BOUND('',#820,.T.);
#536=FACE_OUTER_BOUND('',#821,.T.);
#537=FACE_OUTER_BOUND('',#822,.T.);
#538=FACE_OUTER_BOUND('',#823,.T.);
#539=FACE_OUTER_BOUND('',#824,.T.);
#540=FACE_OUTER_BOUND('',#825,.T.);
#541=FACE_OUTER_BOUND('',#827,.T.);
#542=FACE_OUTER_BOUND('',#828,.T.);
#543=FACE_OUTER_BOUND('',#830,.T.);
#544=FACE_OUTER_BOUND('',#831,.T.);
#545=FACE_OUTER_BOUND('',#832,.T.);
#546=FACE_OUTER_BOUND('',#837,.T.);
#547=FACE_OUTER_BOUND('',#838,.T.);
#548=FACE_OUTER_BOUND('',#839,.T.);
#549=FACE_OUTER_BOUND('',#840,.T.);
#550=FACE_OUTER_BOUND('',#841,.T.);
#551=FACE_OUTER_BOUND('',#842,.T.);
#552=FACE_OUTER_BOUND('',#843,.T.);
#553=FACE_OUTER_BOUND('',#844,.T.);
#554=FACE_OUTER_BOUND('',#845,.T.);
#555=FACE_OUTER_BOUND('',#846,.T.);
#556=FACE_OUTER_BOUND('',#847,.T.);
#557=FACE_OUTER_BOUND('',#848,.T.);
#558=FACE_OUTER_BOUND('',#849,.T.);
#559=FACE_OUTER_BOUND('',#850,.T.);
#560=FACE_OUTER_BOUND('',#851,.T.);
#561=FACE_OUTER_BOUND('',#852,.T.);
#562=FACE_OUTER_BOUND('',#853,.T.);
#563=FACE_OUTER_BOUND('',#854,.T.);
#564=FACE_OUTER_BOUND('',#855,.T.);
#565=FACE_OUTER_BOUND('',#856,.T.);
#566=FACE_OUTER_BOUND('',#857,.T.);
#567=FACE_OUTER_BOUND('',#858,.T.);
#568=FACE_OUTER_BOUND('',#859,.T.);
#569=FACE_OUTER_BOUND('',#861,.T.);
#570=FACE_OUTER_BOUND('',#862,.T.);
#571=EDGE_LOOP('',(#2919,#2920,#2921,#2922));
#572=EDGE_LOOP('',(#2923,#2924,#2925,#2926));
#573=EDGE_LOOP('',(#2927,#2928,#2929,#2930));
#574=EDGE_LOOP('',(#2931,#2932,#2933,#2934));
#575=EDGE_LOOP('',(#2935,#2936,#2937,#2938));
#576=EDGE_LOOP('',(#2939,#2940,#2941,#2942));
#577=EDGE_LOOP('',(#2943,#2944,#2945,#2946));
#578=EDGE_LOOP('',(#2947));
#579=EDGE_LOOP('',(#2948));
#580=EDGE_LOOP('',(#2949,#2950,#2951,#2952));
#581=EDGE_LOOP('',(#2953,#2954,#2955,#2956));
#582=EDGE_LOOP('',(#2957));
#583=EDGE_LOOP('',(#2958));
#584=EDGE_LOOP('',(#2959,#2960,#2961,#2962));
#585=EDGE_LOOP('',(#2963,#2964,#2965,#2966));
#586=EDGE_LOOP('',(#2967,#2968,#2969,#2970));
#587=EDGE_LOOP('',(#2971,#2972,#2973,#2974));
#588=EDGE_LOOP('',(#2975,#2976,#2977,#2978));
#589=EDGE_LOOP('',(#2979,#2980,#2981,#2982));
#590=EDGE_LOOP('',(#2983,#2984,#2985,#2986));
#591=EDGE_LOOP('',(#2987,#2988,#2989,#2990));
#592=EDGE_LOOP('',(#2991,#2992,#2993,#2994));
#593=EDGE_LOOP('',(#2995,#2996,#2997,#2998));
#594=EDGE_LOOP('',(#2999,#3000,#3001,#3002));
#595=EDGE_LOOP('',(#3003,#3004,#3005,#3006));
#596=EDGE_LOOP('',(#3007,#3008,#3009,#3010));
#597=EDGE_LOOP('',(#3011,#3012,#3013,#3014));
#598=EDGE_LOOP('',(#3015,#3016,#3017,#3018));
#599=EDGE_LOOP('',(#3019,#3020,#3021,#3022));
#600=EDGE_LOOP('',(#3023,#3024,#3025,#3026));
#601=EDGE_LOOP('',(#3027,#3028,#3029,#3030,#3031,#3032,#3033,#3034));
#602=EDGE_LOOP('',(#3035,#3036,#3037,#3038,#3039,#3040,#3041,#3042));
#603=EDGE_LOOP('',(#3043,#3044,#3045,#3046));
#604=EDGE_LOOP('',(#3047,#3048,#3049,#3050));
#605=EDGE_LOOP('',(#3051,#3052,#3053,#3054));
#606=EDGE_LOOP('',(#3055,#3056,#3057,#3058));
#607=EDGE_LOOP('',(#3059,#3060,#3061,#3062));
#608=EDGE_LOOP('',(#3063,#3064,#3065,#3066));
#609=EDGE_LOOP('',(#3067,#3068,#3069,#3070));
#610=EDGE_LOOP('',(#3071,#3072,#3073,#3074));
#611=EDGE_LOOP('',(#3075,#3076,#3077,#3078));
#612=EDGE_LOOP('',(#3079,#3080,#3081,#3082));
#613=EDGE_LOOP('',(#3083,#3084,#3085,#3086));
#614=EDGE_LOOP('',(#3087,#3088,#3089,#3090));
#615=EDGE_LOOP('',(#3091,#3092,#3093,#3094));
#616=EDGE_LOOP('',(#3095,#3096,#3097,#3098));
#617=EDGE_LOOP('',(#3099,#3100,#3101,#3102));
#618=EDGE_LOOP('',(#3103,#3104,#3105,#3106));
#619=EDGE_LOOP('',(#3107,#3108,#3109,#3110));
#620=EDGE_LOOP('',(#3111,#3112,#3113,#3114));
#621=EDGE_LOOP('',(#3115,#3116,#3117,#3118));
#622=EDGE_LOOP('',(#3119,#3120,#3121,#3122));
#623=EDGE_LOOP('',(#3123,#3124,#3125,#3126));
#624=EDGE_LOOP('',(#3127,#3128,#3129,#3130));
#625=EDGE_LOOP('',(#3131,#3132,#3133,#3134));
#626=EDGE_LOOP('',(#3135,#3136,#3137,#3138));
#627=EDGE_LOOP('',(#3139,#3140,#3141,#3142));
#628=EDGE_LOOP('',(#3143,#3144,#3145,#3146,#3147,#3148,#3149,#3150));
#629=EDGE_LOOP('',(#3151,#3152,#3153,#3154));
#630=EDGE_LOOP('',(#3155,#3156,#3157,#3158));
#631=EDGE_LOOP('',(#3159,#3160,#3161,#3162));
#632=EDGE_LOOP('',(#3163,#3164,#3165,#3166));
#633=EDGE_LOOP('',(#3167,#3168,#3169,#3170));
#634=EDGE_LOOP('',(#3171,#3172,#3173,#3174));
#635=EDGE_LOOP('',(#3175,#3176,#3177,#3178));
#636=EDGE_LOOP('',(#3179,#3180,#3181,#3182));
#637=EDGE_LOOP('',(#3183,#3184,#3185,#3186,#3187,#3188,#3189,#3190));
#638=EDGE_LOOP('',(#3191,#3192,#3193,#3194));
#639=EDGE_LOOP('',(#3195,#3196,#3197,#3198));
#640=EDGE_LOOP('',(#3199,#3200,#3201,#3202));
#641=EDGE_LOOP('',(#3203,#3204,#3205,#3206));
#642=EDGE_LOOP('',(#3207,#3208,#3209,#3210));
#643=EDGE_LOOP('',(#3211,#3212,#3213,#3214));
#644=EDGE_LOOP('',(#3215,#3216,#3217,#3218));
#645=EDGE_LOOP('',(#3219,#3220,#3221,#3222));
#646=EDGE_LOOP('',(#3223,#3224,#3225,#3226));
#647=EDGE_LOOP('',(#3227,#3228,#3229,#3230));
#648=EDGE_LOOP('',(#3231,#3232,#3233,#3234,#3235,#3236,#3237,#3238));
#649=EDGE_LOOP('',(#3239,#3240,#3241,#3242));
#650=EDGE_LOOP('',(#3243,#3244,#3245,#3246));
#651=EDGE_LOOP('',(#3247,#3248,#3249,#3250,#3251,#3252,#3253,#3254));
#652=EDGE_LOOP('',(#3255,#3256,#3257,#3258,#3259,#3260,#3261,#3262));
#653=EDGE_LOOP('',(#3263,#3264,#3265,#3266,#3267,#3268,#3269,#3270));
#654=EDGE_LOOP('',(#3271,#3272,#3273,#3274));
#655=EDGE_LOOP('',(#3275,#3276,#3277,#3278));
#656=EDGE_LOOP('',(#3279,#3280,#3281,#3282));
#657=EDGE_LOOP('',(#3283,#3284,#3285,#3286));
#658=EDGE_LOOP('',(#3287,#3288,#3289,#3290));
#659=EDGE_LOOP('',(#3291,#3292,#3293,#3294));
#660=EDGE_LOOP('',(#3295,#3296,#3297,#3298));
#661=EDGE_LOOP('',(#3299,#3300,#3301,#3302));
#662=EDGE_LOOP('',(#3303));
#663=EDGE_LOOP('',(#3304));
#664=EDGE_LOOP('',(#3305));
#665=EDGE_LOOP('',(#3306));
#666=EDGE_LOOP('',(#3307,#3308,#3309,#3310));
#667=EDGE_LOOP('',(#3311));
#668=EDGE_LOOP('',(#3312));
#669=EDGE_LOOP('',(#3313));
#670=EDGE_LOOP('',(#3314));
#671=EDGE_LOOP('',(#3315,#3316,#3317,#3318));
#672=EDGE_LOOP('',(#3319,#3320,#3321,#3322));
#673=EDGE_LOOP('',(#3323,#3324,#3325,#3326));
#674=EDGE_LOOP('',(#3327,#3328,#3329,#3330));
#675=EDGE_LOOP('',(#3331,#3332,#3333,#3334));
#676=EDGE_LOOP('',(#3335,#3336,#3337,#3338));
#677=EDGE_LOOP('',(#3339,#3340,#3341,#3342));
#678=EDGE_LOOP('',(#3343,#3344,#3345,#3346));
#679=EDGE_LOOP('',(#3347,#3348,#3349,#3350));
#680=EDGE_LOOP('',(#3351,#3352,#3353,#3354));
#681=EDGE_LOOP('',(#3355,#3356,#3357,#3358));
#682=EDGE_LOOP('',(#3359,#3360,#3361,#3362));
#683=EDGE_LOOP('',(#3363,#3364,#3365,#3366));
#684=EDGE_LOOP('',(#3367,#3368,#3369,#3370));
#685=EDGE_LOOP('',(#3371,#3372,#3373,#3374));
#686=EDGE_LOOP('',(#3375,#3376,#3377,#3378));
#687=EDGE_LOOP('',(#3379,#3380,#3381,#3382));
#688=EDGE_LOOP('',(#3383,#3384,#3385,#3386));
#689=EDGE_LOOP('',(#3387,#3388,#3389,#3390));
#690=EDGE_LOOP('',(#3391,#3392,#3393,#3394));
#691=EDGE_LOOP('',(#3395,#3396,#3397,#3398));
#692=EDGE_LOOP('',(#3399,#3400,#3401,#3402));
#693=EDGE_LOOP('',(#3403,#3404,#3405,#3406));
#694=EDGE_LOOP('',(#3407));
#695=EDGE_LOOP('',(#3408));
#696=EDGE_LOOP('',(#3409,#3410,#3411,#3412));
#697=EDGE_LOOP('',(#3413));
#698=EDGE_LOOP('',(#3414));
#699=EDGE_LOOP('',(#3415,#3416,#3417,#3418));
#700=EDGE_LOOP('',(#3419));
#701=EDGE_LOOP('',(#3420));
#702=EDGE_LOOP('',(#3421,#3422,#3423,#3424));
#703=EDGE_LOOP('',(#3425));
#704=EDGE_LOOP('',(#3426));
#705=EDGE_LOOP('',(#3427,#3428,#3429,#3430));
#706=EDGE_LOOP('',(#3431));
#707=EDGE_LOOP('',(#3432));
#708=EDGE_LOOP('',(#3433,#3434,#3435,#3436));
#709=EDGE_LOOP('',(#3437));
#710=EDGE_LOOP('',(#3438));
#711=EDGE_LOOP('',(#3439,#3440,#3441,#3442));
#712=EDGE_LOOP('',(#3443));
#713=EDGE_LOOP('',(#3444));
#714=EDGE_LOOP('',(#3445,#3446,#3447,#3448));
#715=EDGE_LOOP('',(#3449));
#716=EDGE_LOOP('',(#3450));
#717=EDGE_LOOP('',(#3451,#3452,#3453,#3454));
#718=EDGE_LOOP('',(#3455,#3456,#3457,#3458));
#719=EDGE_LOOP('',(#3459,#3460,#3461,#3462,#3463,#3464,#3465,#3466));
#720=EDGE_LOOP('',(#3467,#3468,#3469,#3470));
#721=EDGE_LOOP('',(#3471,#3472,#3473,#3474));
#722=EDGE_LOOP('',(#3475,#3476,#3477,#3478));
#723=EDGE_LOOP('',(#3479,#3480,#3481,#3482));
#724=EDGE_LOOP('',(#3483,#3484,#3485,#3486,#3487,#3488,#3489,#3490));
#725=EDGE_LOOP('',(#3491,#3492,#3493,#3494));
#726=EDGE_LOOP('',(#3495,#3496,#3497,#3498));
#727=EDGE_LOOP('',(#3499,#3500,#3501,#3502,#3503,#3504,#3505,#3506));
#728=EDGE_LOOP('',(#3507,#3508,#3509,#3510));
#729=EDGE_LOOP('',(#3511,#3512,#3513,#3514));
#730=EDGE_LOOP('',(#3515,#3516,#3517,#3518));
#731=EDGE_LOOP('',(#3519,#3520,#3521,#3522));
#732=EDGE_LOOP('',(#3523,#3524,#3525,#3526,#3527,#3528,#3529,#3530));
#733=EDGE_LOOP('',(#3531,#3532,#3533,#3534));
#734=EDGE_LOOP('',(#3535,#3536,#3537,#3538));
#735=EDGE_LOOP('',(#3539,#3540,#3541,#3542,#3543,#3544,#3545,#3546));
#736=EDGE_LOOP('',(#3547,#3548,#3549,#3550));
#737=EDGE_LOOP('',(#3551,#3552,#3553,#3554));
#738=EDGE_LOOP('',(#3555,#3556,#3557,#3558,#3559,#3560,#3561,#3562));
#739=EDGE_LOOP('',(#3563,#3564,#3565,#3566,#3567,#3568,#3569,#3570));
#740=EDGE_LOOP('',(#3571,#3572,#3573,#3574,#3575,#3576,#3577,#3578));
#741=EDGE_LOOP('',(#3579,#3580,#3581,#3582,#3583,#3584,#3585,#3586));
#742=EDGE_LOOP('',(#3587,#3588,#3589,#3590));
#743=EDGE_LOOP('',(#3591,#3592,#3593,#3594,#3595,#3596,#3597,#3598));
#744=EDGE_LOOP('',(#3599,#3600,#3601,#3602,#3603,#3604,#3605,#3606));
#745=EDGE_LOOP('',(#3607,#3608,#3609,#3610));
#746=EDGE_LOOP('',(#3611,#3612,#3613,#3614));
#747=EDGE_LOOP('',(#3615,#3616,#3617,#3618,#3619,#3620,#3621,#3622,#3623,
#3624,#3625,#3626));
#748=EDGE_LOOP('',(#3627,#3628,#3629,#3630));
#749=EDGE_LOOP('',(#3631,#3632,#3633,#3634,#3635,#3636,#3637,#3638,#3639,
#3640,#3641,#3642));
#750=EDGE_LOOP('',(#3643,#3644,#3645,#3646,#3647,#3648,#3649,#3650,#3651,
#3652,#3653,#3654));
#751=EDGE_LOOP('',(#3655,#3656,#3657,#3658));
#752=EDGE_LOOP('',(#3659,#3660,#3661,#3662,#3663));
#753=EDGE_LOOP('',(#3664,#3665,#3666,#3667));
#754=EDGE_LOOP('',(#3668,#3669,#3670,#3671));
#755=EDGE_LOOP('',(#3672,#3673,#3674,#3675));
#756=EDGE_LOOP('',(#3676,#3677,#3678,#3679));
#757=EDGE_LOOP('',(#3680,#3681));
#758=EDGE_LOOP('',(#3682,#3683,#3684,#3685));
#759=EDGE_LOOP('',(#3686,#3687,#3688,#3689));
#760=EDGE_LOOP('',(#3690,#3691));
#761=EDGE_LOOP('',(#3692,#3693,#3694,#3695,#3696,#3697,#3698,#3699,#3700,
#3701,#3702,#3703));
#762=EDGE_LOOP('',(#3704,#3705,#3706,#3707));
#763=EDGE_LOOP('',(#3708,#3709,#3710,#3711,#3712,#3713,#3714,#3715,#3716,
#3717,#3718,#3719));
#764=EDGE_LOOP('',(#3720,#3721,#3722,#3723,#3724,#3725,#3726,#3727,#3728,
#3729,#3730,#3731));
#765=EDGE_LOOP('',(#3732,#3733,#3734,#3735));
#766=EDGE_LOOP('',(#3736,#3737,#3738,#3739,#3740));
#767=EDGE_LOOP('',(#3741,#3742,#3743,#3744));
#768=EDGE_LOOP('',(#3745,#3746,#3747,#3748));
#769=EDGE_LOOP('',(#3749,#3750,#3751,#3752));
#770=EDGE_LOOP('',(#3753,#3754,#3755,#3756));
#771=EDGE_LOOP('',(#3757,#3758));
#772=EDGE_LOOP('',(#3759,#3760,#3761,#3762));
#773=EDGE_LOOP('',(#3763,#3764,#3765,#3766));
#774=EDGE_LOOP('',(#3767,#3768));
#775=EDGE_LOOP('',(#3769,#3770,#3771,#3772));
#776=EDGE_LOOP('',(#3773));
#777=EDGE_LOOP('',(#3774,#3775,#3776,#3777,#3778,#3779));
#778=EDGE_LOOP('',(#3780,#3781));
#779=EDGE_LOOP('',(#3782,#3783,#3784,#3785));
#780=EDGE_LOOP('',(#3786));
#781=EDGE_LOOP('',(#3787,#3788,#3789,#3790,#3791,#3792));
#782=EDGE_LOOP('',(#3793,#3794));
#783=EDGE_LOOP('',(#3795,#3796,#3797,#3798));
#784=EDGE_LOOP('',(#3799));
#785=EDGE_LOOP('',(#3800));
#786=EDGE_LOOP('',(#3801,#3802,#3803,#3804));
#787=EDGE_LOOP('',(#3805));
#788=EDGE_LOOP('',(#3806));
#789=EDGE_LOOP('',(#3807,#3808,#3809,#3810));
#790=EDGE_LOOP('',(#3811,#3812,#3813,#3814));
#791=EDGE_LOOP('',(#3815));
#792=EDGE_LOOP('',(#3816));
#793=EDGE_LOOP('',(#3817,#3818,#3819,#3820));
#794=EDGE_LOOP('',(#3821));
#795=EDGE_LOOP('',(#3822));
#796=EDGE_LOOP('',(#3823,#3824,#3825,#3826));
#797=EDGE_LOOP('',(#3827,#3828,#3829,#3830));
#798=EDGE_LOOP('',(#3831));
#799=EDGE_LOOP('',(#3832));
#800=EDGE_LOOP('',(#3833,#3834,#3835,#3836));
#801=EDGE_LOOP('',(#3837));
#802=EDGE_LOOP('',(#3838));
#803=EDGE_LOOP('',(#3839,#3840,#3841,#3842));
#804=EDGE_LOOP('',(#3843,#3844,#3845,#3846));
#805=EDGE_LOOP('',(#3847,#3848,#3849,#3850,#3851,#3852,#3853,#3854,#3855,
#3856,#3857,#3858,#3859,#3860,#3861));
#806=EDGE_LOOP('',(#3862));
#807=EDGE_LOOP('',(#3863,#3864,#3865,#3866,#3867,#3868,#3869,#3870,#3871,
#3872,#3873,#3874,#3875,#3876,#3877));
#808=EDGE_LOOP('',(#3878));
#809=EDGE_LOOP('',(#3879,#3880,#3881,#3882,#3883,#3884));
#810=EDGE_LOOP('',(#3885,#3886,#3887,#3888,#3889,#3890));
#811=EDGE_LOOP('',(#3891,#3892,#3893,#3894,#3895,#3896,#3897,#3898,#3899,
#3900,#3901,#3902,#3903,#3904,#3905,#3906,#3907,#3908,#3909,#3910,#3911,
#3912,#3913,#3914,#3915,#3916,#3917));
#812=EDGE_LOOP('',(#3918));
#813=EDGE_LOOP('',(#3919));
#814=EDGE_LOOP('',(#3920,#3921,#3922,#3923,#3924,#3925,#3926,#3927,#3928,
#3929,#3930,#3931));
#815=EDGE_LOOP('',(#3932,#3933,#3934,#3935));
#816=EDGE_LOOP('',(#3936,#3937,#3938,#3939));
#817=EDGE_LOOP('',(#3940,#3941,#3942,#3943));
#818=EDGE_LOOP('',(#3944,#3945,#3946,#3947));
#819=EDGE_LOOP('',(#3948,#3949,#3950,#3951));
#820=EDGE_LOOP('',(#3952,#3953,#3954,#3955));
#821=EDGE_LOOP('',(#3956,#3957,#3958,#3959));
#822=EDGE_LOOP('',(#3960,#3961,#3962,#3963));
#823=EDGE_LOOP('',(#3964,#3965,#3966,#3967,#3968,#3969,#3970,#3971));
#824=EDGE_LOOP('',(#3972,#3973,#3974,#3975));
#825=EDGE_LOOP('',(#3976));
#826=EDGE_LOOP('',(#3977));
#827=EDGE_LOOP('',(#3978,#3979,#3980,#3981,#3982,#3983,#3984));
#828=EDGE_LOOP('',(#3985));
#829=EDGE_LOOP('',(#3986));
#830=EDGE_LOOP('',(#3987,#3988,#3989,#3990));
#831=EDGE_LOOP('',(#3991,#3992,#3993,#3994));
#832=EDGE_LOOP('',(#3995,#3996,#3997,#3998,#3999,#4000,#4001,#4002));
#833=EDGE_LOOP('',(#4003,#4004,#4005,#4006));
#834=EDGE_LOOP('',(#4007,#4008,#4009,#4010));
#835=EDGE_LOOP('',(#4011,#4012,#4013,#4014));
#836=EDGE_LOOP('',(#4015,#4016,#4017,#4018));
#837=EDGE_LOOP('',(#4019,#4020,#4021,#4022));
#838=EDGE_LOOP('',(#4023,#4024,#4025,#4026));
#839=EDGE_LOOP('',(#4027,#4028,#4029,#4030));
#840=EDGE_LOOP('',(#4031,#4032,#4033,#4034));
#841=EDGE_LOOP('',(#4035,#4036,#4037,#4038));
#842=EDGE_LOOP('',(#4039,#4040,#4041,#4042));
#843=EDGE_LOOP('',(#4043,#4044,#4045,#4046));
#844=EDGE_LOOP('',(#4047,#4048,#4049,#4050));
#845=EDGE_LOOP('',(#4051,#4052,#4053,#4054));
#846=EDGE_LOOP('',(#4055,#4056,#4057,#4058,#4059,#4060,#4061,#4062));
#847=EDGE_LOOP('',(#4063,#4064,#4065,#4066));
#848=EDGE_LOOP('',(#4067,#4068,#4069,#4070,#4071,#4072,#4073,#4074));
#849=EDGE_LOOP('',(#4075,#4076,#4077,#4078));
#850=EDGE_LOOP('',(#4079,#4080,#4081,#4082,#4083,#4084));
#851=EDGE_LOOP('',(#4085,#4086,#4087,#4088));
#852=EDGE_LOOP('',(#4089,#4090,#4091,#4092));
#853=EDGE_LOOP('',(#4093,#4094,#4095,#4096,#4097,#4098,#4099,#4100));
#854=EDGE_LOOP('',(#4101,#4102,#4103,#4104,#4105,#4106,#4107,#4108));
#855=EDGE_LOOP('',(#4109,#4110,#4111,#4112));
#856=EDGE_LOOP('',(#4113,#4114,#4115,#4116));
#857=EDGE_LOOP('',(#4117,#4118,#4119,#4120,#4121));
#858=EDGE_LOOP('',(#4122,#4123,#4124,#4125));
#859=EDGE_LOOP('',(#4126,#4127,#4128,#4129,#4130,#4131,#4132,#4133));
#860=EDGE_LOOP('',(#4134,#4135,#4136,#4137,#4138,#4139,#4140,#4141,#4142,
#4143,#4144,#4145));
#861=EDGE_LOOP('',(#4146,#4147,#4148,#4149,#4150));
#862=EDGE_LOOP('',(#4151,#4152,#4153,#4154));
#863=LINE('',#6273,#1295);
#864=LINE('',#6279,#1296);
#865=LINE('',#6284,#1297);
#866=LINE('',#6286,#1298);
#867=LINE('',#6288,#1299);
#868=LINE('',#6289,#1300);
#869=LINE('',#6292,#1301);
#870=LINE('',#6294,#1302);
#871=LINE('',#6295,#1303);
#872=LINE('',#6298,#1304);
#873=LINE('',#6300,#1305);
#874=LINE('',#6301,#1306);
#875=LINE('',#6303,#1307);
#876=LINE('',#6304,#1308);
#877=LINE('',#6308,#1309);
#878=LINE('',#6310,#1310);
#879=LINE('',#6312,#1311);
#880=LINE('',#6313,#1312);
#881=LINE('',#6317,#1313);
#882=LINE('',#6319,#1314);
#883=LINE('',#6321,#1315);
#884=LINE('',#6322,#1316);
#885=LINE('',#6324,#1317);
#886=LINE('',#6325,#1318);
#887=LINE('',#6327,#1319);
#888=LINE('',#6329,#1320);
#889=LINE('',#6345,#1321);
#890=LINE('',#6346,#1322);
#891=LINE('',#6357,#1323);
#892=LINE('',#6358,#1324);
#893=LINE('',#6369,#1325);
#894=LINE('',#6370,#1326);
#895=LINE('',#6378,#1327);
#896=LINE('',#6379,#1328);
#897=LINE('',#6382,#1329);
#898=LINE('',#6384,#1330);
#899=LINE('',#6385,#1331);
#900=LINE('',#6388,#1332);
#901=LINE('',#6392,#1333);
#902=LINE('',#6393,#1334);
#903=LINE('',#6396,#1335);
#904=LINE('',#6403,#1336);
#905=LINE('',#6407,#1337);
#906=LINE('',#6411,#1338);
#907=LINE('',#6414,#1339);
#908=LINE('',#6424,#1340);
#909=LINE('',#6432,#1341);
#910=LINE('',#6440,#1342);
#911=LINE('',#6446,#1343);
#912=LINE('',#6449,#1344);
#913=LINE('',#6451,#1345);
#914=LINE('',#6452,#1346);
#915=LINE('',#6455,#1347);
#916=LINE('',#6459,#1348);
#917=LINE('',#6460,#1349);
#918=LINE('',#6463,#1350);
#919=LINE('',#6468,#1351);
#920=LINE('',#6470,#1352);
#921=LINE('',#6472,#1353);
#922=LINE('',#6473,#1354);
#923=LINE('',#6476,#1355);
#924=LINE('',#6478,#1356);
#925=LINE('',#6479,#1357);
#926=LINE('',#6482,#1358);
#927=LINE('',#6483,#1359);
#928=LINE('',#6486,#1360);
#929=LINE('',#6487,#1361);
#930=LINE('',#6489,#1362);
#931=LINE('',#6493,#1363);
#932=LINE('',#6495,#1364);
#933=LINE('',#6497,#1365);
#934=LINE('',#6498,#1366);
#935=LINE('',#6501,#1367);
#936=LINE('',#6503,#1368);
#937=LINE('',#6504,#1369);
#938=LINE('',#6507,#1370);
#939=LINE('',#6508,#1371);
#940=LINE('',#6511,#1372);
#941=LINE('',#6512,#1373);
#942=LINE('',#6514,#1374);
#943=LINE('',#6518,#1375);
#944=LINE('',#6522,#1376);
#945=LINE('',#6527,#1377);
#946=LINE('',#6531,#1378);
#947=LINE('',#6536,#1379);
#948=LINE('',#6540,#1380);
#949=LINE('',#6543,#1381);
#950=LINE('',#6545,#1382);
#951=LINE('',#6548,#1383);
#952=LINE('',#6549,#1384);
#953=LINE('',#6552,#1385);
#954=LINE('',#6555,#1386);
#955=LINE('',#6557,#1387);
#956=LINE('',#6559,#1388);
#957=LINE('',#6561,#1389);
#958=LINE('',#6563,#1390);
#959=LINE('',#6567,#1391);
#960=LINE('',#6571,#1392);
#961=LINE('',#6576,#1393);
#962=LINE('',#6580,#1394);
#963=LINE('',#6585,#1395);
#964=LINE('',#6589,#1396);
#965=LINE('',#6592,#1397);
#966=LINE('',#6594,#1398);
#967=LINE('',#6597,#1399);
#968=LINE('',#6598,#1400);
#969=LINE('',#6601,#1401);
#970=LINE('',#6604,#1402);
#971=LINE('',#6606,#1403);
#972=LINE('',#6608,#1404);
#973=LINE('',#6610,#1405);
#974=LINE('',#6612,#1406);
#975=LINE('',#6615,#1407);
#976=LINE('',#6618,#1408);
#977=LINE('',#6622,#1409);
#978=LINE('',#6624,#1410);
#979=LINE('',#6626,#1411);
#980=LINE('',#6629,#1412);
#981=LINE('',#6632,#1413);
#982=LINE('',#6634,#1414);
#983=LINE('',#6636,#1415);
#984=LINE('',#6639,#1416);
#985=LINE('',#6647,#1417);
#986=LINE('',#6653,#1418);
#987=LINE('',#6659,#1419);
#988=LINE('',#6665,#1420);
#989=LINE('',#6670,#1421);
#990=LINE('',#6672,#1422);
#991=LINE('',#6674,#1423);
#992=LINE('',#6675,#1424);
#993=LINE('',#6679,#1425);
#994=LINE('',#6681,#1426);
#995=LINE('',#6683,#1427);
#996=LINE('',#6684,#1428);
#997=LINE('',#6686,#1429);
#998=LINE('',#6687,#1430);
#999=LINE('',#6689,#1431);
#1000=LINE('',#6691,#1432);
#1001=LINE('',#6696,#1433);
#1002=LINE('',#6698,#1434);
#1003=LINE('',#6700,#1435);
#1004=LINE('',#6701,#1436);
#1005=LINE('',#6705,#1437);
#1006=LINE('',#6707,#1438);
#1007=LINE('',#6709,#1439);
#1008=LINE('',#6710,#1440);
#1009=LINE('',#6712,#1441);
#1010=LINE('',#6713,#1442);
#1011=LINE('',#6715,#1443);
#1012=LINE('',#6717,#1444);
#1013=LINE('',#6722,#1445);
#1014=LINE('',#6724,#1446);
#1015=LINE('',#6726,#1447);
#1016=LINE('',#6727,#1448);
#1017=LINE('',#6731,#1449);
#1018=LINE('',#6733,#1450);
#1019=LINE('',#6735,#1451);
#1020=LINE('',#6736,#1452);
#1021=LINE('',#6738,#1453);
#1022=LINE('',#6739,#1454);
#1023=LINE('',#6741,#1455);
#1024=LINE('',#6743,#1456);
#1025=LINE('',#6748,#1457);
#1026=LINE('',#6750,#1458);
#1027=LINE('',#6752,#1459);
#1028=LINE('',#6753,#1460);
#1029=LINE('',#6757,#1461);
#1030=LINE('',#6759,#1462);
#1031=LINE('',#6761,#1463);
#1032=LINE('',#6762,#1464);
#1033=LINE('',#6764,#1465);
#1034=LINE('',#6765,#1466);
#1035=LINE('',#6767,#1467);
#1036=LINE('',#6769,#1468);
#1037=LINE('',#6775,#1469);
#1038=LINE('',#6783,#1470);
#1039=LINE('',#6791,#1471);
#1040=LINE('',#6799,#1472);
#1041=LINE('',#6807,#1473);
#1042=LINE('',#6815,#1474);
#1043=LINE('',#6823,#1475);
#1044=LINE('',#6831,#1476);
#1045=LINE('',#6839,#1477);
#1046=LINE('',#6841,#1478);
#1047=LINE('',#6843,#1479);
#1048=LINE('',#6844,#1480);
#1049=LINE('',#6848,#1481);
#1050=LINE('',#6850,#1482);
#1051=LINE('',#6852,#1483);
#1052=LINE('',#6853,#1484);
#1053=LINE('',#6856,#1485);
#1054=LINE('',#6857,#1486);
#1055=LINE('',#6859,#1487);
#1056=LINE('',#6861,#1488);
#1057=LINE('',#6863,#1489);
#1058=LINE('',#6864,#1490);
#1059=LINE('',#6867,#1491);
#1060=LINE('',#6868,#1492);
#1061=LINE('',#6871,#1493);
#1062=LINE('',#6873,#1494);
#1063=LINE('',#6874,#1495);
#1064=LINE('',#6877,#1496);
#1065=LINE('',#6878,#1497);
#1066=LINE('',#6880,#1498);
#1067=LINE('',#6882,#1499);
#1068=LINE('',#6883,#1500);
#1069=LINE('',#6887,#1501);
#1070=LINE('',#6889,#1502);
#1071=LINE('',#6891,#1503);
#1072=LINE('',#6892,#1504);
#1073=LINE('',#6896,#1505);
#1074=LINE('',#6898,#1506);
#1075=LINE('',#6900,#1507);
#1076=LINE('',#6901,#1508);
#1077=LINE('',#6904,#1509);
#1078=LINE('',#6905,#1510);
#1079=LINE('',#6907,#1511);
#1080=LINE('',#6909,#1512);
#1081=LINE('',#6911,#1513);
#1082=LINE('',#6912,#1514);
#1083=LINE('',#6915,#1515);
#1084=LINE('',#6916,#1516);
#1085=LINE('',#6919,#1517);
#1086=LINE('',#6921,#1518);
#1087=LINE('',#6922,#1519);
#1088=LINE('',#6925,#1520);
#1089=LINE('',#6926,#1521);
#1090=LINE('',#6928,#1522);
#1091=LINE('',#6930,#1523);
#1092=LINE('',#6931,#1524);
#1093=LINE('',#6935,#1525);
#1094=LINE('',#6937,#1526);
#1095=LINE('',#6939,#1527);
#1096=LINE('',#6940,#1528);
#1097=LINE('',#6943,#1529);
#1098=LINE('',#6945,#1530);
#1099=LINE('',#6946,#1531);
#1100=LINE('',#6949,#1532);
#1101=LINE('',#6951,#1533);
#1102=LINE('',#6953,#1534);
#1103=LINE('',#6955,#1535);
#1104=LINE('',#6957,#1536);
#1105=LINE('',#6958,#1537);
#1106=LINE('',#6961,#1538);
#1107=LINE('',#6963,#1539);
#1108=LINE('',#6964,#1540);
#1109=LINE('',#6967,#1541);
#1110=LINE('',#6968,#1542);
#1111=LINE('',#6971,#1543);
#1112=LINE('',#6972,#1544);
#1113=LINE('',#6974,#1545);
#1114=LINE('',#6975,#1546);
#1115=LINE('',#6978,#1547);
#1116=LINE('',#6980,#1548);
#1117=LINE('',#6982,#1549);
#1118=LINE('',#6984,#1550);
#1119=LINE('',#6985,#1551);
#1120=LINE('',#6988,#1552);
#1121=LINE('',#6990,#1553);
#1122=LINE('',#6992,#1554);
#1123=LINE('',#6994,#1555);
#1124=LINE('',#6995,#1556);
#1125=LINE('',#6998,#1557);
#1126=LINE('',#7000,#1558);
#1127=LINE('',#7001,#1559);
#1128=LINE('',#7004,#1560);
#1129=LINE('',#7006,#1561);
#1130=LINE('',#7007,#1562);
#1131=LINE('',#7010,#1563);
#1132=LINE('',#7012,#1564);
#1133=LINE('',#7014,#1565);
#1134=LINE('',#7016,#1566);
#1135=LINE('',#7017,#1567);
#1136=LINE('',#7018,#1568);
#1137=LINE('',#7021,#1569);
#1138=LINE('',#7023,#1570);
#1139=LINE('',#7024,#1571);
#1140=LINE('',#7028,#1572);
#1141=LINE('',#7029,#1573);
#1142=LINE('',#7030,#1574);
#1143=LINE('',#7033,#1575);
#1144=LINE('',#7035,#1576);
#1145=LINE('',#7036,#1577);
#1146=LINE('',#7040,#1578);
#1147=LINE('',#7042,#1579);
#1148=LINE('',#7044,#1580);
#1149=LINE('',#7046,#1581);
#1150=LINE('',#7048,#1582);
#1151=LINE('',#7058,#1583);
#1152=LINE('',#7068,#1584);
#1153=LINE('',#7069,#1585);
#1154=LINE('',#7074,#1586);
#1155=LINE('',#7078,#1587);
#1156=LINE('',#7080,#1588);
#1157=LINE('',#7082,#1589);
#1158=LINE('',#7092,#1590);
#1159=LINE('',#7102,#1591);
#1160=LINE('',#7104,#1592);
#1161=LINE('',#7105,#1593);
#1162=LINE('',#7110,#1594);
#1163=LINE('',#7135,#1595);
#1164=LINE('',#7137,#1596);
#1165=LINE('',#7139,#1597);
#1166=LINE('',#7141,#1598);
#1167=LINE('',#7143,#1599);
#1168=LINE('',#7153,#1600);
#1169=LINE('',#7163,#1601);
#1170=LINE('',#7164,#1602);
#1171=LINE('',#7169,#1603);
#1172=LINE('',#7173,#1604);
#1173=LINE('',#7175,#1605);
#1174=LINE('',#7177,#1606);
#1175=LINE('',#7187,#1607);
#1176=LINE('',#7197,#1608);
#1177=LINE('',#7199,#1609);
#1178=LINE('',#7200,#1610);
#1179=LINE('',#7205,#1611);
#1180=LINE('',#7231,#1612);
#1181=LINE('',#7241,#1613);
#1182=LINE('',#7243,#1614);
#1183=LINE('',#7248,#1615);
#1184=LINE('',#7258,#1616);
#1185=LINE('',#7260,#1617);
#1186=LINE('',#7265,#1618);
#1187=LINE('',#7272,#1619);
#1188=LINE('',#7279,#1620);
#1189=LINE('',#7285,#1621);
#1190=LINE('',#7292,#1622);
#1191=LINE('',#7299,#1623);
#1192=LINE('',#7305,#1624);
#1193=LINE('',#7312,#1625);
#1194=LINE('',#7317,#1626);
#1195=LINE('',#7319,#1627);
#1196=LINE('',#7320,#1628);
#1197=LINE('',#7323,#1629);
#1198=LINE('',#7325,#1630);
#1199=LINE('',#7326,#1631);
#1200=LINE('',#7329,#1632);
#1201=LINE('',#7331,#1633);
#1202=LINE('',#7333,#1634);
#1203=LINE('',#7335,#1635);
#1204=LINE('',#7337,#1636);
#1205=LINE('',#7339,#1637);
#1206=LINE('',#7340,#1638);
#1207=LINE('',#7341,#1639);
#1208=LINE('',#7343,#1640);
#1209=LINE('',#7345,#1641);
#1210=LINE('',#7347,#1642);
#1211=LINE('',#7349,#1643);
#1212=LINE('',#7351,#1644);
#1213=LINE('',#7353,#1645);
#1214=LINE('',#7354,#1646);
#1215=LINE('',#7357,#1647);
#1216=LINE('',#7358,#1648);
#1217=LINE('',#7361,#1649);
#1218=LINE('',#7362,#1650);
#1219=LINE('',#7366,#1651);
#1220=LINE('',#7370,#1652);
#1221=LINE('',#7374,#1653);
#1222=LINE('',#7378,#1654);
#1223=LINE('',#7382,#1655);
#1224=LINE('',#7388,#1656);
#1225=LINE('',#7392,#1657);
#1226=LINE('',#7398,#1658);
#1227=LINE('',#7402,#1659);
#1228=LINE('',#7406,#1660);
#1229=LINE('',#7412,#1661);
#1230=LINE('',#7416,#1662);
#1231=LINE('',#7419,#1663);
#1232=LINE('',#7421,#1664);
#1233=LINE('',#7423,#1665);
#1234=LINE('',#7425,#1666);
#1235=LINE('',#7427,#1667);
#1236=LINE('',#7429,#1668);
#1237=LINE('',#7430,#1669);
#1238=LINE('',#7432,#1670);
#1239=LINE('',#7433,#1671);
#1240=LINE('',#7435,#1672);
#1241=LINE('',#7436,#1673);
#1242=LINE('',#7438,#1674);
#1243=LINE('',#7441,#1675);
#1244=LINE('',#7445,#1676);
#1245=LINE('',#7446,#1677);
#1246=LINE('',#7449,#1678);
#1247=LINE('',#7450,#1679);
#1248=LINE('',#7453,#1680);
#1249=LINE('',#7454,#1681);
#1250=LINE('',#7456,#1682);
#1251=LINE('',#7467,#1683);
#1252=LINE('',#7471,#1684);
#1253=LINE('',#7474,#1685);
#1254=LINE('',#7482,#1686);
#1255=LINE('',#7483,#1687);
#1256=LINE('',#7486,#1688);
#1257=LINE('',#7488,#1689);
#1258=LINE('',#7490,#1690);
#1259=LINE('',#7491,#1691);
#1260=LINE('',#7494,#1692);
#1261=LINE('',#7498,#1693);
#1262=LINE('',#7502,#1694);
#1263=LINE('',#7505,#1695);
#1264=LINE('',#7507,#1696);
#1265=LINE('',#7508,#1697);
#1266=LINE('',#7510,#1698);
#1267=LINE('',#7512,#1699);
#1268=LINE('',#7514,#1700);
#1269=LINE('',#7517,#1701);
#1270=LINE('',#7518,#1702);
#1271=LINE('',#7520,#1703);
#1272=LINE('',#7522,#1704);
#1273=LINE('',#7523,#1705);
#1274=LINE('',#7526,#1706);
#1275=LINE('',#7528,#1707);
#1276=LINE('',#7529,#1708);
#1277=LINE('',#7534,#1709);
#1278=LINE('',#7535,#1710);
#1279=LINE('',#7538,#1711);
#1280=LINE('',#7540,#1712);
#1281=LINE('',#7542,#1713);
#1282=LINE('',#7543,#1714);
#1283=LINE('',#7544,#1715);
#1284=LINE('',#7548,#1716);
#1285=LINE('',#7553,#1717);
#1286=LINE('',#7554,#1718);
#1287=LINE('',#7556,#1719);
#1288=LINE('',#7558,#1720);
#1289=LINE('',#7560,#1721);
#1290=LINE('',#7562,#1722);
#1291=LINE('',#7563,#1723);
#1292=LINE('',#7568,#1724);
#1293=LINE('',#7573,#1725);
#1294=LINE('',#7577,#1726);
#1295=VECTOR('',#4974,1.2);
#1296=VECTOR('',#4981,1.2);
#1297=VECTOR('',#4986,10.);
#1298=VECTOR('',#4987,10.);
#1299=VECTOR('',#4988,10.);
#1300=VECTOR('',#4989,10.);
#1301=VECTOR('',#4992,10.);
#1302=VECTOR('',#4993,10.);
#1303=VECTOR('',#4994,10.);
#1304=VECTOR('',#4997,10.);
#1305=VECTOR('',#4998,10.);
#1306=VECTOR('',#4999,10.);
#1307=VECTOR('',#5002,10.);
#1308=VECTOR('',#5003,10.);
#1309=VECTOR('',#5006,10.);
#1310=VECTOR('',#5007,10.);
#1311=VECTOR('',#5008,10.);
#1312=VECTOR('',#5009,10.);
#1313=VECTOR('',#5012,10.);
#1314=VECTOR('',#5013,10.);
#1315=VECTOR('',#5014,10.);
#1316=VECTOR('',#5015,10.);
#1317=VECTOR('',#5018,10.);
#1318=VECTOR('',#5019,10.);
#1319=VECTOR('',#5022,10.);
#1320=VECTOR('',#5025,10.);
#1321=VECTOR('',#5044,10.);
#1322=VECTOR('',#5045,10.);
#1323=VECTOR('',#5058,10.);
#1324=VECTOR('',#5059,10.);
#1325=VECTOR('',#5072,10.);
#1326=VECTOR('',#5073,10.);
#1327=VECTOR('',#5084,10.);
#1328=VECTOR('',#5085,10.);
#1329=VECTOR('',#5088,10.);
#1330=VECTOR('',#5089,10.);
#1331=VECTOR('',#5090,10.);
#1332=VECTOR('',#5093,10.);
#1333=VECTOR('',#5098,10.);
#1334=VECTOR('',#5099,10.);
#1335=VECTOR('',#5102,10.);
#1336=VECTOR('',#5109,10.);
#1337=VECTOR('',#5112,10.);
#1338=VECTOR('',#5115,10.);
#1339=VECTOR('',#5118,10.);
#1340=VECTOR('',#5131,10.);
#1341=VECTOR('',#5142,10.);
#1342=VECTOR('',#5153,10.);
#1343=VECTOR('',#5162,10.);
#1344=VECTOR('',#5165,10.);
#1345=VECTOR('',#5166,10.);
#1346=VECTOR('',#5167,10.);
#1347=VECTOR('',#5170,10.);
#1348=VECTOR('',#5175,10.);
#1349=VECTOR('',#5176,10.);
#1350=VECTOR('',#5179,10.);
#1351=VECTOR('',#5184,10.);
#1352=VECTOR('',#5185,10.);
#1353=VECTOR('',#5186,10.);
#1354=VECTOR('',#5187,10.);
#1355=VECTOR('',#5190,10.);
#1356=VECTOR('',#5191,10.);
#1357=VECTOR('',#5192,10.);
#1358=VECTOR('',#5195,10.);
#1359=VECTOR('',#5196,10.);
#1360=VECTOR('',#5199,10.);
#1361=VECTOR('',#5200,10.);
#1362=VECTOR('',#5203,10.);
#1363=VECTOR('',#5206,10.);
#1364=VECTOR('',#5207,10.);
#1365=VECTOR('',#5208,10.);
#1366=VECTOR('',#5209,10.);
#1367=VECTOR('',#5212,10.);
#1368=VECTOR('',#5213,10.);
#1369=VECTOR('',#5214,10.);
#1370=VECTOR('',#5217,10.);
#1371=VECTOR('',#5218,10.);
#1372=VECTOR('',#5221,10.);
#1373=VECTOR('',#5222,10.);
#1374=VECTOR('',#5225,10.);
#1375=VECTOR('',#5228,10.);
#1376=VECTOR('',#5231,10.);
#1377=VECTOR('',#5236,10.);
#1378=VECTOR('',#5239,10.);
#1379=VECTOR('',#5244,10.);
#1380=VECTOR('',#5247,10.);
#1381=VECTOR('',#5252,10.);
#1382=VECTOR('',#5253,10.);
#1383=VECTOR('',#5256,10.);
#1384=VECTOR('',#5257,10.);
#1385=VECTOR('',#5260,10.);
#1386=VECTOR('',#5263,10.);
#1387=VECTOR('',#5266,10.);
#1388=VECTOR('',#5269,10.);
#1389=VECTOR('',#5272,10.);
#1390=VECTOR('',#5275,10.);
#1391=VECTOR('',#5278,10.);
#1392=VECTOR('',#5281,10.);
#1393=VECTOR('',#5286,10.);
#1394=VECTOR('',#5289,10.);
#1395=VECTOR('',#5294,10.);
#1396=VECTOR('',#5297,10.);
#1397=VECTOR('',#5302,10.);
#1398=VECTOR('',#5303,10.);
#1399=VECTOR('',#5306,10.);
#1400=VECTOR('',#5307,10.);
#1401=VECTOR('',#5310,10.);
#1402=VECTOR('',#5313,10.);
#1403=VECTOR('',#5316,10.);
#1404=VECTOR('',#5319,10.);
#1405=VECTOR('',#5322,10.);
#1406=VECTOR('',#5325,10.);
#1407=VECTOR('',#5328,10.);
#1408=VECTOR('',#5331,10.);
#1409=VECTOR('',#5336,10.);
#1410=VECTOR('',#5339,10.);
#1411=VECTOR('',#5342,10.);
#1412=VECTOR('',#5345,10.);
#1413=VECTOR('',#5348,10.);
#1414=VECTOR('',#5351,10.);
#1415=VECTOR('',#5352,10.);
#1416=VECTOR('',#5357,10.);
#1417=VECTOR('',#5368,1.5);
#1418=VECTOR('',#5375,1.5);
#1419=VECTOR('',#5382,1.5);
#1420=VECTOR('',#5389,1.5);
#1421=VECTOR('',#5394,10.);
#1422=VECTOR('',#5395,10.);
#1423=VECTOR('',#5396,10.);
#1424=VECTOR('',#5397,10.);
#1425=VECTOR('',#5400,10.);
#1426=VECTOR('',#5401,10.);
#1427=VECTOR('',#5402,10.);
#1428=VECTOR('',#5403,10.);
#1429=VECTOR('',#5406,10.);
#1430=VECTOR('',#5407,10.);
#1431=VECTOR('',#5410,10.);
#1432=VECTOR('',#5413,10.);
#1433=VECTOR('',#5418,10.);
#1434=VECTOR('',#5419,10.);
#1435=VECTOR('',#5420,10.);
#1436=VECTOR('',#5421,10.);
#1437=VECTOR('',#5424,10.);
#1438=VECTOR('',#5425,10.);
#1439=VECTOR('',#5426,10.);
#1440=VECTOR('',#5427,10.);
#1441=VECTOR('',#5430,10.);
#1442=VECTOR('',#5431,10.);
#1443=VECTOR('',#5434,10.);
#1444=VECTOR('',#5437,10.);
#1445=VECTOR('',#5442,10.);
#1446=VECTOR('',#5443,10.);
#1447=VECTOR('',#5444,10.);
#1448=VECTOR('',#5445,10.);
#1449=VECTOR('',#5448,10.);
#1450=VECTOR('',#5449,10.);
#1451=VECTOR('',#5450,10.);
#1452=VECTOR('',#5451,10.);
#1453=VECTOR('',#5454,10.);
#1454=VECTOR('',#5455,10.);
#1455=VECTOR('',#5458,10.);
#1456=VECTOR('',#5461,10.);
#1457=VECTOR('',#5466,10.);
#1458=VECTOR('',#5467,10.);
#1459=VECTOR('',#5468,10.);
#1460=VECTOR('',#5469,10.);
#1461=VECTOR('',#5472,10.);
#1462=VECTOR('',#5473,10.);
#1463=VECTOR('',#5474,10.);
#1464=VECTOR('',#5475,10.);
#1465=VECTOR('',#5478,10.);
#1466=VECTOR('',#5479,10.);
#1467=VECTOR('',#5482,10.);
#1468=VECTOR('',#5485,10.);
#1469=VECTOR('',#5492,0.575);
#1470=VECTOR('',#5503,0.575);
#1471=VECTOR('',#5514,0.575);
#1472=VECTOR('',#5525,0.575);
#1473=VECTOR('',#5536,0.575);
#1474=VECTOR('',#5547,0.575);
#1475=VECTOR('',#5558,0.575);
#1476=VECTOR('',#5569,0.575);
#1477=VECTOR('',#5580,10.);
#1478=VECTOR('',#5581,10.);
#1479=VECTOR('',#5582,10.);
#1480=VECTOR('',#5583,10.);
#1481=VECTOR('',#5586,10.);
#1482=VECTOR('',#5587,10.);
#1483=VECTOR('',#5588,10.);
#1484=VECTOR('',#5589,10.);
#1485=VECTOR('',#5592,10.);
#1486=VECTOR('',#5593,10.);
#1487=VECTOR('',#5594,10.);
#1488=VECTOR('',#5595,10.);
#1489=VECTOR('',#5596,10.);
#1490=VECTOR('',#5597,10.);
#1491=VECTOR('',#5600,10.);
#1492=VECTOR('',#5601,10.);
#1493=VECTOR('',#5604,10.);
#1494=VECTOR('',#5605,10.);
#1495=VECTOR('',#5606,10.);
#1496=VECTOR('',#5609,10.);
#1497=VECTOR('',#5610,10.);
#1498=VECTOR('',#5613,10.);
#1499=VECTOR('',#5616,10.);
#1500=VECTOR('',#5617,10.);
#1501=VECTOR('',#5620,10.);
#1502=VECTOR('',#5621,10.);
#1503=VECTOR('',#5622,10.);
#1504=VECTOR('',#5623,10.);
#1505=VECTOR('',#5626,10.);
#1506=VECTOR('',#5627,10.);
#1507=VECTOR('',#5628,10.);
#1508=VECTOR('',#5629,10.);
#1509=VECTOR('',#5632,10.);
#1510=VECTOR('',#5633,10.);
#1511=VECTOR('',#5634,10.);
#1512=VECTOR('',#5635,10.);
#1513=VECTOR('',#5636,10.);
#1514=VECTOR('',#5637,10.);
#1515=VECTOR('',#5640,10.);
#1516=VECTOR('',#5641,10.);
#1517=VECTOR('',#5644,10.);
#1518=VECTOR('',#5645,10.);
#1519=VECTOR('',#5646,10.);
#1520=VECTOR('',#5649,10.);
#1521=VECTOR('',#5650,10.);
#1522=VECTOR('',#5653,10.);
#1523=VECTOR('',#5656,10.);
#1524=VECTOR('',#5657,10.);
#1525=VECTOR('',#5660,10.);
#1526=VECTOR('',#5661,10.);
#1527=VECTOR('',#5662,10.);
#1528=VECTOR('',#5663,10.);
#1529=VECTOR('',#5666,10.);
#1530=VECTOR('',#5667,10.);
#1531=VECTOR('',#5668,10.);
#1532=VECTOR('',#5671,10.);
#1533=VECTOR('',#5672,10.);
#1534=VECTOR('',#5673,10.);
#1535=VECTOR('',#5674,10.);
#1536=VECTOR('',#5675,10.);
#1537=VECTOR('',#5676,10.);
#1538=VECTOR('',#5679,10.);
#1539=VECTOR('',#5680,10.);
#1540=VECTOR('',#5681,10.);
#1541=VECTOR('',#5684,10.);
#1542=VECTOR('',#5685,10.);
#1543=VECTOR('',#5688,10.);
#1544=VECTOR('',#5689,10.);
#1545=VECTOR('',#5690,10.);
#1546=VECTOR('',#5691,10.);
#1547=VECTOR('',#5694,10.);
#1548=VECTOR('',#5695,10.);
#1549=VECTOR('',#5696,10.);
#1550=VECTOR('',#5697,10.);
#1551=VECTOR('',#5698,10.);
#1552=VECTOR('',#5701,10.);
#1553=VECTOR('',#5702,10.);
#1554=VECTOR('',#5703,10.);
#1555=VECTOR('',#5704,10.);
#1556=VECTOR('',#5705,10.);
#1557=VECTOR('',#5708,10.);
#1558=VECTOR('',#5709,10.);
#1559=VECTOR('',#5710,10.);
#1560=VECTOR('',#5713,10.);
#1561=VECTOR('',#5714,10.);
#1562=VECTOR('',#5715,10.);
#1563=VECTOR('',#5718,10.);
#1564=VECTOR('',#5719,10.);
#1565=VECTOR('',#5720,10.);
#1566=VECTOR('',#5721,10.);
#1567=VECTOR('',#5722,10.);
#1568=VECTOR('',#5723,10.);
#1569=VECTOR('',#5726,10.);
#1570=VECTOR('',#5727,10.);
#1571=VECTOR('',#5728,10.);
#1572=VECTOR('',#5731,10.);
#1573=VECTOR('',#5732,10.);
#1574=VECTOR('',#5733,10.);
#1575=VECTOR('',#5736,10.);
#1576=VECTOR('',#5737,10.);
#1577=VECTOR('',#5738,10.);
#1578=VECTOR('',#5741,10.);
#1579=VECTOR('',#5742,10.);
#1580=VECTOR('',#5743,10.);
#1581=VECTOR('',#5744,10.);
#1582=VECTOR('',#5745,10.);
#1583=VECTOR('',#5746,10.);
#1584=VECTOR('',#5747,10.);
#1585=VECTOR('',#5748,10.);
#1586=VECTOR('',#5753,10.);
#1587=VECTOR('',#5758,10.);
#1588=VECTOR('',#5759,10.);
#1589=VECTOR('',#5760,10.);
#1590=VECTOR('',#5761,10.);
#1591=VECTOR('',#5762,10.);
#1592=VECTOR('',#5763,10.);
#1593=VECTOR('',#5764,10.);
#1594=VECTOR('',#5769,2.2);
#1595=VECTOR('',#5814,10.);
#1596=VECTOR('',#5815,10.);
#1597=VECTOR('',#5816,10.);
#1598=VECTOR('',#5817,10.);
#1599=VECTOR('',#5818,10.);
#1600=VECTOR('',#5819,10.);
#1601=VECTOR('',#5820,10.);
#1602=VECTOR('',#5821,10.);
#1603=VECTOR('',#5826,10.);
#1604=VECTOR('',#5831,10.);
#1605=VECTOR('',#5832,10.);
#1606=VECTOR('',#5833,10.);
#1607=VECTOR('',#5834,10.);
#1608=VECTOR('',#5835,10.);
#1609=VECTOR('',#5836,10.);
#1610=VECTOR('',#5837,10.);
#1611=VECTOR('',#5842,2.2);
#1612=VECTOR('',#5889,1.2);
#1613=VECTOR('',#5902,1.35);
#1614=VECTOR('',#5905,10.);
#1615=VECTOR('',#5910,1.2);
#1616=VECTOR('',#5923,1.35);
#1617=VECTOR('',#5926,10.);
#1618=VECTOR('',#5931,2.4);
#1619=VECTOR('',#5940,2.4);
#1620=VECTOR('',#5949,1.1);
#1621=VECTOR('',#5956,1.6);
#1622=VECTOR('',#5965,2.);
#1623=VECTOR('',#5974,1.1);
#1624=VECTOR('',#5981,1.6);
#1625=VECTOR('',#5990,2.);
#1626=VECTOR('',#5997,10.);
#1627=VECTOR('',#5998,10.);
#1628=VECTOR('',#5999,10.);
#1629=VECTOR('',#6002,10.);
#1630=VECTOR('',#6003,10.);
#1631=VECTOR('',#6004,10.);
#1632=VECTOR('',#6007,10.);
#1633=VECTOR('',#6008,10.);
#1634=VECTOR('',#6009,10.);
#1635=VECTOR('',#6010,10.);
#1636=VECTOR('',#6011,10.);
#1637=VECTOR('',#6012,10.);
#1638=VECTOR('',#6013,10.);
#1639=VECTOR('',#6014,10.);
#1640=VECTOR('',#6017,10.);
#1641=VECTOR('',#6018,10.);
#1642=VECTOR('',#6019,10.);
#1643=VECTOR('',#6020,10.);
#1644=VECTOR('',#6021,10.);
#1645=VECTOR('',#6022,10.);
#1646=VECTOR('',#6023,10.);
#1647=VECTOR('',#6026,10.);
#1648=VECTOR('',#6027,10.);
#1649=VECTOR('',#6030,10.);
#1650=VECTOR('',#6031,10.);
#1651=VECTOR('',#6034,10.);
#1652=VECTOR('',#6037,10.);
#1653=VECTOR('',#6040,10.);
#1654=VECTOR('',#6043,10.);
#1655=VECTOR('',#6046,10.);
#1656=VECTOR('',#6051,10.);
#1657=VECTOR('',#6054,10.);
#1658=VECTOR('',#6059,10.);
#1659=VECTOR('',#6062,10.);
#1660=VECTOR('',#6065,10.);
#1661=VECTOR('',#6070,10.);
#1662=VECTOR('',#6073,10.);
#1663=VECTOR('',#6076,10.);
#1664=VECTOR('',#6077,10.);
#1665=VECTOR('',#6078,10.);
#1666=VECTOR('',#6079,10.);
#1667=VECTOR('',#6080,10.);
#1668=VECTOR('',#6081,10.);
#1669=VECTOR('',#6082,10.);
#1670=VECTOR('',#6085,10.);
#1671=VECTOR('',#6086,10.);
#1672=VECTOR('',#6089,10.);
#1673=VECTOR('',#6090,10.);
#1674=VECTOR('',#6093,10.);
#1675=VECTOR('',#6098,10.);
#1676=VECTOR('',#6103,10.);
#1677=VECTOR('',#6104,10.);
#1678=VECTOR('',#6107,10.);
#1679=VECTOR('',#6108,10.);
#1680=VECTOR('',#6111,10.);
#1681=VECTOR('',#6112,10.);
#1682=VECTOR('',#6115,10.);
#1683=VECTOR('',#6126,10.);
#1684=VECTOR('',#6129,10.);
#1685=VECTOR('',#6132,10.);
#1686=VECTOR('',#6141,10.);
#1687=VECTOR('',#6142,10.);
#1688=VECTOR('',#6145,10.);
#1689=VECTOR('',#6146,10.);
#1690=VECTOR('',#6147,10.);
#1691=VECTOR('',#6148,10.);
#1692=VECTOR('',#6151,10.);
#1693=VECTOR('',#6154,10.);
#1694=VECTOR('',#6157,10.);
#1695=VECTOR('',#6162,10.);
#1696=VECTOR('',#6165,10.);
#1697=VECTOR('',#6166,10.);
#1698=VECTOR('',#6169,10.);
#1699=VECTOR('',#6172,10.);
#1700=VECTOR('',#6175,10.);
#1701=VECTOR('',#6180,10.);
#1702=VECTOR('',#6181,10.);
#1703=VECTOR('',#6184,10.);
#1704=VECTOR('',#6187,10.);
#1705=VECTOR('',#6188,10.);
#1706=VECTOR('',#6191,10.);
#1707=VECTOR('',#6192,10.);
#1708=VECTOR('',#6193,10.);
#1709=VECTOR('',#6198,10.);
#1710=VECTOR('',#6199,10.);
#1711=VECTOR('',#6202,10.);
#1712=VECTOR('',#6203,10.);
#1713=VECTOR('',#6204,10.);
#1714=VECTOR('',#6205,10.);
#1715=VECTOR('',#6206,10.);
#1716=VECTOR('',#6211,10.);
#1717=VECTOR('',#6216,10.);
#1718=VECTOR('',#6217,10.);
#1719=VECTOR('',#6220,10.);
#1720=VECTOR('',#6223,10.);
#1721=VECTOR('',#6226,3.75);
#1722=VECTOR('',#6229,10.);
#1723=VECTOR('',#6230,3.75);
#1724=VECTOR('',#6237,10.);
#1725=VECTOR('',#6244,10.);
#1726=VECTOR('',#6251,10.);
#1727=CIRCLE('',#4533,1.2);
#1728=CIRCLE('',#4534,1.2);
#1729=CIRCLE('',#4536,1.2);
#1730=CIRCLE('',#4537,1.2);
#1731=CIRCLE('',#4550,0.4);
#1732=CIRCLE('',#4551,2.);
#1733=CIRCLE('',#4552,0.4);
#1734=CIRCLE('',#4553,1.6);
#1735=CIRCLE('',#4555,0.4);
#1736=CIRCLE('',#4557,0.4);
#1737=CIRCLE('',#4558,1.6);
#1738=CIRCLE('',#4559,2.);
#1739=CIRCLE('',#4561,0.4);
#1740=CIRCLE('',#4563,0.4);
#1741=CIRCLE('',#4564,1.6);
#1742=CIRCLE('',#4565,2.);
#1743=CIRCLE('',#4567,0.4);
#1744=CIRCLE('',#4569,0.4);
#1745=CIRCLE('',#4570,1.6);
#1746=CIRCLE('',#4571,2.);
#1747=CIRCLE('',#4575,2.);
#1748=CIRCLE('',#4578,2.);
#1749=CIRCLE('',#4580,1.2);
#1750=CIRCLE('',#4581,1.2);
#1751=CIRCLE('',#4582,1.2);
#1752=CIRCLE('',#4583,1.2);
#1753=CIRCLE('',#4585,0.4);
#1754=CIRCLE('',#4586,0.8);
#1755=CIRCLE('',#4587,0.4);
#1756=CIRCLE('',#4589,0.4);
#1757=CIRCLE('',#4591,0.400000000000001);
#1758=CIRCLE('',#4592,0.8);
#1759=CIRCLE('',#4594,0.4);
#1760=CIRCLE('',#4596,0.4);
#1761=CIRCLE('',#4597,0.8);
#1762=CIRCLE('',#4599,0.4);
#1763=CIRCLE('',#4601,0.400000000000001);
#1764=CIRCLE('',#4602,0.8);
#1765=CIRCLE('',#4606,0.8);
#1766=CIRCLE('',#4609,0.8);
#1767=CIRCLE('',#4621,0.6);
#1768=CIRCLE('',#4622,0.6);
#1769=CIRCLE('',#4624,0.6);
#1770=CIRCLE('',#4625,0.6);
#1771=CIRCLE('',#4627,0.6);
#1772=CIRCLE('',#4628,0.6);
#1773=CIRCLE('',#4630,0.6);
#1774=CIRCLE('',#4632,0.6);
#1775=CIRCLE('',#4638,0.6);
#1776=CIRCLE('',#4639,0.6);
#1777=CIRCLE('',#4641,0.6);
#1778=CIRCLE('',#4642,0.6);
#1779=CIRCLE('',#4644,0.6);
#1780=CIRCLE('',#4645,0.6);
#1781=CIRCLE('',#4647,0.6);
#1782=CIRCLE('',#4649,0.6);
#1783=CIRCLE('',#4655,0.8);
#1784=CIRCLE('',#4657,0.8);
#1785=CIRCLE('',#4661,2.);
#1786=CIRCLE('',#4663,2.);
#1787=CIRCLE('',#4669,1.5);
#1788=CIRCLE('',#4670,1.5);
#1789=CIRCLE('',#4672,1.5);
#1790=CIRCLE('',#4673,1.5);
#1791=CIRCLE('',#4675,1.5);
#1792=CIRCLE('',#4676,1.5);
#1793=CIRCLE('',#4678,1.5);
#1794=CIRCLE('',#4679,1.5);
#1795=CIRCLE('',#4705,0.15);
#1796=CIRCLE('',#4706,1.);
#1797=CIRCLE('',#4710,0.15);
#1798=CIRCLE('',#4711,1.);
#1799=CIRCLE('',#4715,0.15);
#1800=CIRCLE('',#4716,1.);
#1801=CIRCLE('',#4720,0.15);
#1802=CIRCLE('',#4721,1.);
#1803=CIRCLE('',#4725,0.15);
#1804=CIRCLE('',#4726,1.);
#1805=CIRCLE('',#4730,0.15);
#1806=CIRCLE('',#4731,1.);
#1807=CIRCLE('',#4735,0.15);
#1808=CIRCLE('',#4736,1.);
#1809=CIRCLE('',#4740,0.15);
#1810=CIRCLE('',#4741,1.);
#1811=CIRCLE('',#4777,2.2);
#1812=CIRCLE('',#4778,2.2);
#1813=CIRCLE('',#4781,2.2);
#1814=CIRCLE('',#4782,2.2);
#1815=CIRCLE('',#4783,2.2);
#1816=CIRCLE('',#4784,2.2);
#1817=CIRCLE('',#4786,1.4);
#1818=CIRCLE('',#4788,1.4);
#1819=CIRCLE('',#4790,1.4);
#1820=CIRCLE('',#4792,1.4);
#1821=CIRCLE('',#4794,1.675);
#1822=CIRCLE('',#4796,1.675);
#1823=CIRCLE('',#4798,1.2);
#1824=CIRCLE('',#4801,1.2);
#1825=CIRCLE('',#4805,2.2);
#1826=CIRCLE('',#4806,2.2);
#1827=CIRCLE('',#4809,2.2);
#1828=CIRCLE('',#4810,2.2);
#1829=CIRCLE('',#4811,2.2);
#1830=CIRCLE('',#4812,2.2);
#1831=CIRCLE('',#4814,1.4);
#1832=CIRCLE('',#4816,1.4);
#1833=CIRCLE('',#4818,1.4);
#1834=CIRCLE('',#4820,1.4);
#1835=CIRCLE('',#4822,1.675);
#1836=CIRCLE('',#4824,1.675);
#1837=CIRCLE('',#4826,1.2);
#1838=CIRCLE('',#4829,1.2);
#1839=CIRCLE('',#4832,1.05);
#1840=CIRCLE('',#4833,1.35);
#1841=CIRCLE('',#4836,1.35);
#1842=CIRCLE('',#4837,1.35);
#1843=CIRCLE('',#4838,1.35);
#1844=CIRCLE('',#4841,1.05);
#1845=CIRCLE('',#4842,1.35);
#1846=CIRCLE('',#4845,1.35);
#1847=CIRCLE('',#4846,1.35);
#1848=CIRCLE('',#4847,1.35);
#1849=CIRCLE('',#4850,2.4);
#1850=CIRCLE('',#4851,2.4);
#1851=CIRCLE('',#4854,2.4);
#1852=CIRCLE('',#4855,2.4);
#1853=CIRCLE('',#4858,1.1);
#1854=CIRCLE('',#4859,1.1);
#1855=CIRCLE('',#4861,1.6);
#1856=CIRCLE('',#4862,1.6);
#1857=CIRCLE('',#4865,2.);
#1858=CIRCLE('',#4866,2.);
#1859=CIRCLE('',#4869,1.1);
#1860=CIRCLE('',#4870,1.1);
#1861=CIRCLE('',#4872,1.6);
#1862=CIRCLE('',#4873,1.6);
#1863=CIRCLE('',#4876,2.);
#1864=CIRCLE('',#4877,2.);
#1865=CIRCLE('',#4886,2.5);
#1866=CIRCLE('',#4887,4.);
#1867=CIRCLE('',#4888,4.);
#1868=CIRCLE('',#4889,2.5);
#1869=CIRCLE('',#4890,3.75);
#1870=CIRCLE('',#4891,3.75);
#1871=CIRCLE('',#4892,2.5);
#1872=CIRCLE('',#4893,4.);
#1873=CIRCLE('',#4894,2.5);
#1874=CIRCLE('',#4895,3.);
#1875=CIRCLE('',#4896,3.);
#1876=CIRCLE('',#4897,2.5);
#1877=CIRCLE('',#4898,4.);
#1878=CIRCLE('',#4899,2.5);
#1879=CIRCLE('',#4900,3.75);
#1880=CIRCLE('',#4912,3.75);
#1881=CIRCLE('',#4914,3.75);
#1882=CIRCLE('',#4915,3.75);
#1883=CIRCLE('',#4916,2.5);
#1884=CIRCLE('',#4917,2.5);
#1885=CIRCLE('',#4919,3.75);
#1886=CIRCLE('',#4921,2.5);
#1887=CIRCLE('',#4924,3.);
#1888=CIRCLE('',#4925,3.);
#1889=CIRCLE('',#4926,2.5);
#1890=CIRCLE('',#4938,2.5);
#1891=CIRCLE('',#4941,2.5);
#1892=CIRCLE('',#4943,3.75);
#1893=CIRCLE('',#4950,4.);
#1894=CIRCLE('',#4952,4.);
#1895=CIRCLE('',#4954,4.);
#1896=CIRCLE('',#4956,4.);
#1897=VERTEX_POINT('',#6270);
#1898=VERTEX_POINT('',#6272);
#1899=VERTEX_POINT('',#6276);
#1900=VERTEX_POINT('',#6278);
#1901=VERTEX_POINT('',#6282);
#1902=VERTEX_POINT('',#6283);
#1903=VERTEX_POINT('',#6285);
#1904=VERTEX_POINT('',#6287);
#1905=VERTEX_POINT('',#6291);
#1906=VERTEX_POINT('',#6293);
#1907=VERTEX_POINT('',#6297);
#1908=VERTEX_POINT('',#6299);
#1909=VERTEX_POINT('',#6306);
#1910=VERTEX_POINT('',#6307);
#1911=VERTEX_POINT('',#6309);
#1912=VERTEX_POINT('',#6311);
#1913=VERTEX_POINT('',#6315);
#1914=VERTEX_POINT('',#6316);
#1915=VERTEX_POINT('',#6318);
#1916=VERTEX_POINT('',#6320);
#1917=VERTEX_POINT('',#6333);
#1918=VERTEX_POINT('',#6334);
#1919=VERTEX_POINT('',#6336);
#1920=VERTEX_POINT('',#6338);
#1921=VERTEX_POINT('',#6342);
#1922=VERTEX_POINT('',#6343);
#1923=VERTEX_POINT('',#6348);
#1924=VERTEX_POINT('',#6349);
#1925=VERTEX_POINT('',#6354);
#1926=VERTEX_POINT('',#6355);
#1927=VERTEX_POINT('',#6360);
#1928=VERTEX_POINT('',#6361);
#1929=VERTEX_POINT('',#6366);
#1930=VERTEX_POINT('',#6367);
#1931=VERTEX_POINT('',#6372);
#1932=VERTEX_POINT('',#6373);
#1933=VERTEX_POINT('',#6381);
#1934=VERTEX_POINT('',#6383);
#1935=VERTEX_POINT('',#6387);
#1936=VERTEX_POINT('',#6391);
#1937=VERTEX_POINT('',#6395);
#1938=VERTEX_POINT('',#6399);
#1939=VERTEX_POINT('',#6400);
#1940=VERTEX_POINT('',#6402);
#1941=VERTEX_POINT('',#6404);
#1942=VERTEX_POINT('',#6406);
#1943=VERTEX_POINT('',#6408);
#1944=VERTEX_POINT('',#6410);
#1945=VERTEX_POINT('',#6412);
#1946=VERTEX_POINT('',#6416);
#1947=VERTEX_POINT('',#6418);
#1948=VERTEX_POINT('',#6422);
#1949=VERTEX_POINT('',#6426);
#1950=VERTEX_POINT('',#6430);
#1951=VERTEX_POINT('',#6434);
#1952=VERTEX_POINT('',#6438);
#1953=VERTEX_POINT('',#6442);
#1954=VERTEX_POINT('',#6448);
#1955=VERTEX_POINT('',#6450);
#1956=VERTEX_POINT('',#6454);
#1957=VERTEX_POINT('',#6458);
#1958=VERTEX_POINT('',#6462);
#1959=VERTEX_POINT('',#6466);
#1960=VERTEX_POINT('',#6467);
#1961=VERTEX_POINT('',#6469);
#1962=VERTEX_POINT('',#6471);
#1963=VERTEX_POINT('',#6475);
#1964=VERTEX_POINT('',#6477);
#1965=VERTEX_POINT('',#6481);
#1966=VERTEX_POINT('',#6485);
#1967=VERTEX_POINT('',#6491);
#1968=VERTEX_POINT('',#6492);
#1969=VERTEX_POINT('',#6494);
#1970=VERTEX_POINT('',#6496);
#1971=VERTEX_POINT('',#6500);
#1972=VERTEX_POINT('',#6502);
#1973=VERTEX_POINT('',#6506);
#1974=VERTEX_POINT('',#6510);
#1975=VERTEX_POINT('',#6516);
#1976=VERTEX_POINT('',#6517);
#1977=VERTEX_POINT('',#6519);
#1978=VERTEX_POINT('',#6521);
#1979=VERTEX_POINT('',#6525);
#1980=VERTEX_POINT('',#6526);
#1981=VERTEX_POINT('',#6528);
#1982=VERTEX_POINT('',#6530);
#1983=VERTEX_POINT('',#6534);
#1984=VERTEX_POINT('',#6535);
#1985=VERTEX_POINT('',#6537);
#1986=VERTEX_POINT('',#6539);
#1987=VERTEX_POINT('',#6544);
#1988=VERTEX_POINT('',#6546);
#1989=VERTEX_POINT('',#6551);
#1990=VERTEX_POINT('',#6553);
#1991=VERTEX_POINT('',#6565);
#1992=VERTEX_POINT('',#6566);
#1993=VERTEX_POINT('',#6568);
#1994=VERTEX_POINT('',#6570);
#1995=VERTEX_POINT('',#6574);
#1996=VERTEX_POINT('',#6575);
#1997=VERTEX_POINT('',#6577);
#1998=VERTEX_POINT('',#6579);
#1999=VERTEX_POINT('',#6583);
#2000=VERTEX_POINT('',#6584);
#2001=VERTEX_POINT('',#6586);
#2002=VERTEX_POINT('',#6588);
#2003=VERTEX_POINT('',#6593);
#2004=VERTEX_POINT('',#6595);
#2005=VERTEX_POINT('',#6600);
#2006=VERTEX_POINT('',#6602);
#2007=VERTEX_POINT('',#6614);
#2008=VERTEX_POINT('',#6616);
#2009=VERTEX_POINT('',#6620);
#2010=VERTEX_POINT('',#6628);
#2011=VERTEX_POINT('',#6630);
#2012=VERTEX_POINT('',#6635);
#2013=VERTEX_POINT('',#6644);
#2014=VERTEX_POINT('',#6646);
#2015=VERTEX_POINT('',#6650);
#2016=VERTEX_POINT('',#6652);
#2017=VERTEX_POINT('',#6656);
#2018=VERTEX_POINT('',#6658);
#2019=VERTEX_POINT('',#6662);
#2020=VERTEX_POINT('',#6664);
#2021=VERTEX_POINT('',#6668);
#2022=VERTEX_POINT('',#6669);
#2023=VERTEX_POINT('',#6671);
#2024=VERTEX_POINT('',#6673);
#2025=VERTEX_POINT('',#6677);
#2026=VERTEX_POINT('',#6678);
#2027=VERTEX_POINT('',#6680);
#2028=VERTEX_POINT('',#6682);
#2029=VERTEX_POINT('',#6694);
#2030=VERTEX_POINT('',#6695);
#2031=VERTEX_POINT('',#6697);
#2032=VERTEX_POINT('',#6699);
#2033=VERTEX_POINT('',#6703);
#2034=VERTEX_POINT('',#6704);
#2035=VERTEX_POINT('',#6706);
#2036=VERTEX_POINT('',#6708);
#2037=VERTEX_POINT('',#6720);
#2038=VERTEX_POINT('',#6721);
#2039=VERTEX_POINT('',#6723);
#2040=VERTEX_POINT('',#6725);
#2041=VERTEX_POINT('',#6729);
#2042=VERTEX_POINT('',#6730);
#2043=VERTEX_POINT('',#6732);
#2044=VERTEX_POINT('',#6734);
#2045=VERTEX_POINT('',#6746);
#2046=VERTEX_POINT('',#6747);
#2047=VERTEX_POINT('',#6749);
#2048=VERTEX_POINT('',#6751);
#2049=VERTEX_POINT('',#6755);
#2050=VERTEX_POINT('',#6756);
#2051=VERTEX_POINT('',#6758);
#2052=VERTEX_POINT('',#6760);
#2053=VERTEX_POINT('',#6772);
#2054=VERTEX_POINT('',#6774);
#2055=VERTEX_POINT('',#6780);
#2056=VERTEX_POINT('',#6782);
#2057=VERTEX_POINT('',#6788);
#2058=VERTEX_POINT('',#6790);
#2059=VERTEX_POINT('',#6796);
#2060=VERTEX_POINT('',#6798);
#2061=VERTEX_POINT('',#6804);
#2062=VERTEX_POINT('',#6806);
#2063=VERTEX_POINT('',#6812);
#2064=VERTEX_POINT('',#6814);
#2065=VERTEX_POINT('',#6820);
#2066=VERTEX_POINT('',#6822);
#2067=VERTEX_POINT('',#6828);
#2068=VERTEX_POINT('',#6830);
#2069=VERTEX_POINT('',#6837);
#2070=VERTEX_POINT('',#6838);
#2071=VERTEX_POINT('',#6840);
#2072=VERTEX_POINT('',#6842);
#2073=VERTEX_POINT('',#6846);
#2074=VERTEX_POINT('',#6847);
#2075=VERTEX_POINT('',#6849);
#2076=VERTEX_POINT('',#6851);
#2077=VERTEX_POINT('',#6855);
#2078=VERTEX_POINT('',#6858);
#2079=VERTEX_POINT('',#6860);
#2080=VERTEX_POINT('',#6862);
#2081=VERTEX_POINT('',#6866);
#2082=VERTEX_POINT('',#6870);
#2083=VERTEX_POINT('',#6872);
#2084=VERTEX_POINT('',#6876);
#2085=VERTEX_POINT('',#6885);
#2086=VERTEX_POINT('',#6886);
#2087=VERTEX_POINT('',#6888);
#2088=VERTEX_POINT('',#6890);
#2089=VERTEX_POINT('',#6894);
#2090=VERTEX_POINT('',#6895);
#2091=VERTEX_POINT('',#6897);
#2092=VERTEX_POINT('',#6899);
#2093=VERTEX_POINT('',#6903);
#2094=VERTEX_POINT('',#6906);
#2095=VERTEX_POINT('',#6908);
#2096=VERTEX_POINT('',#6910);
#2097=VERTEX_POINT('',#6914);
#2098=VERTEX_POINT('',#6918);
#2099=VERTEX_POINT('',#6920);
#2100=VERTEX_POINT('',#6924);
#2101=VERTEX_POINT('',#6933);
#2102=VERTEX_POINT('',#6934);
#2103=VERTEX_POINT('',#6936);
#2104=VERTEX_POINT('',#6938);
#2105=VERTEX_POINT('',#6942);
#2106=VERTEX_POINT('',#6944);
#2107=VERTEX_POINT('',#6948);
#2108=VERTEX_POINT('',#6950);
#2109=VERTEX_POINT('',#6952);
#2110=VERTEX_POINT('',#6954);
#2111=VERTEX_POINT('',#6956);
#2112=VERTEX_POINT('',#6960);
#2113=VERTEX_POINT('',#6962);
#2114=VERTEX_POINT('',#6966);
#2115=VERTEX_POINT('',#6970);
#2116=VERTEX_POINT('',#6973);
#2117=VERTEX_POINT('',#6977);
#2118=VERTEX_POINT('',#6979);
#2119=VERTEX_POINT('',#6981);
#2120=VERTEX_POINT('',#6983);
#2121=VERTEX_POINT('',#6987);
#2122=VERTEX_POINT('',#6989);
#2123=VERTEX_POINT('',#6991);
#2124=VERTEX_POINT('',#6993);
#2125=VERTEX_POINT('',#6997);
#2126=VERTEX_POINT('',#6999);
#2127=VERTEX_POINT('',#7003);
#2128=VERTEX_POINT('',#7005);
#2129=VERTEX_POINT('',#7009);
#2130=VERTEX_POINT('',#7011);
#2131=VERTEX_POINT('',#7013);
#2132=VERTEX_POINT('',#7015);
#2133=VERTEX_POINT('',#7020);
#2134=VERTEX_POINT('',#7022);
#2135=VERTEX_POINT('',#7026);
#2136=VERTEX_POINT('',#7027);
#2137=VERTEX_POINT('',#7032);
#2138=VERTEX_POINT('',#7034);
#2139=VERTEX_POINT('',#7038);
#2140=VERTEX_POINT('',#7039);
#2141=VERTEX_POINT('',#7041);
#2142=VERTEX_POINT('',#7043);
#2143=VERTEX_POINT('',#7045);
#2144=VERTEX_POINT('',#7047);
#2145=VERTEX_POINT('',#7049);
#2146=VERTEX_POINT('',#7053);
#2147=VERTEX_POINT('',#7057);
#2148=VERTEX_POINT('',#7059);
#2149=VERTEX_POINT('',#7063);
#2150=VERTEX_POINT('',#7067);
#2151=VERTEX_POINT('',#7071);
#2152=VERTEX_POINT('',#7073);
#2153=VERTEX_POINT('',#7077);
#2154=VERTEX_POINT('',#7079);
#2155=VERTEX_POINT('',#7081);
#2156=VERTEX_POINT('',#7083);
#2157=VERTEX_POINT('',#7087);
#2158=VERTEX_POINT('',#7091);
#2159=VERTEX_POINT('',#7093);
#2160=VERTEX_POINT('',#7097);
#2161=VERTEX_POINT('',#7101);
#2162=VERTEX_POINT('',#7103);
#2163=VERTEX_POINT('',#7107);
#2164=VERTEX_POINT('',#7109);
#2165=VERTEX_POINT('',#7133);
#2166=VERTEX_POINT('',#7134);
#2167=VERTEX_POINT('',#7136);
#2168=VERTEX_POINT('',#7138);
#2169=VERTEX_POINT('',#7140);
#2170=VERTEX_POINT('',#7142);
#2171=VERTEX_POINT('',#7144);
#2172=VERTEX_POINT('',#7148);
#2173=VERTEX_POINT('',#7152);
#2174=VERTEX_POINT('',#7154);
#2175=VERTEX_POINT('',#7158);
#2176=VERTEX_POINT('',#7162);
#2177=VERTEX_POINT('',#7166);
#2178=VERTEX_POINT('',#7168);
#2179=VERTEX_POINT('',#7172);
#2180=VERTEX_POINT('',#7174);
#2181=VERTEX_POINT('',#7176);
#2182=VERTEX_POINT('',#7178);
#2183=VERTEX_POINT('',#7182);
#2184=VERTEX_POINT('',#7186);
#2185=VERTEX_POINT('',#7188);
#2186=VERTEX_POINT('',#7192);
#2187=VERTEX_POINT('',#7196);
#2188=VERTEX_POINT('',#7198);
#2189=VERTEX_POINT('',#7202);
#2190=VERTEX_POINT('',#7204);
#2191=VERTEX_POINT('',#7228);
#2192=VERTEX_POINT('',#7230);
#2193=VERTEX_POINT('',#7235);
#2194=VERTEX_POINT('',#7236);
#2195=VERTEX_POINT('',#7238);
#2196=VERTEX_POINT('',#7245);
#2197=VERTEX_POINT('',#7247);
#2198=VERTEX_POINT('',#7252);
#2199=VERTEX_POINT('',#7253);
#2200=VERTEX_POINT('',#7255);
#2201=VERTEX_POINT('',#7262);
#2202=VERTEX_POINT('',#7264);
#2203=VERTEX_POINT('',#7269);
#2204=VERTEX_POINT('',#7271);
#2205=VERTEX_POINT('',#7276);
#2206=VERTEX_POINT('',#7278);
#2207=VERTEX_POINT('',#7282);
#2208=VERTEX_POINT('',#7284);
#2209=VERTEX_POINT('',#7289);
#2210=VERTEX_POINT('',#7291);
#2211=VERTEX_POINT('',#7296);
#2212=VERTEX_POINT('',#7298);
#2213=VERTEX_POINT('',#7302);
#2214=VERTEX_POINT('',#7304);
#2215=VERTEX_POINT('',#7309);
#2216=VERTEX_POINT('',#7311);
#2217=VERTEX_POINT('',#7316);
#2218=VERTEX_POINT('',#7318);
#2219=VERTEX_POINT('',#7322);
#2220=VERTEX_POINT('',#7324);
#2221=VERTEX_POINT('',#7328);
#2222=VERTEX_POINT('',#7330);
#2223=VERTEX_POINT('',#7332);
#2224=VERTEX_POINT('',#7334);
#2225=VERTEX_POINT('',#7336);
#2226=VERTEX_POINT('',#7338);
#2227=VERTEX_POINT('',#7344);
#2228=VERTEX_POINT('',#7346);
#2229=VERTEX_POINT('',#7348);
#2230=VERTEX_POINT('',#7350);
#2231=VERTEX_POINT('',#7352);
#2232=VERTEX_POINT('',#7356);
#2233=VERTEX_POINT('',#7360);
#2234=VERTEX_POINT('',#7364);
#2235=VERTEX_POINT('',#7365);
#2236=VERTEX_POINT('',#7367);
#2237=VERTEX_POINT('',#7369);
#2238=VERTEX_POINT('',#7371);
#2239=VERTEX_POINT('',#7373);
#2240=VERTEX_POINT('',#7375);
#2241=VERTEX_POINT('',#7377);
#2242=VERTEX_POINT('',#7379);
#2243=VERTEX_POINT('',#7381);
#2244=VERTEX_POINT('',#7383);
#2245=VERTEX_POINT('',#7385);
#2246=VERTEX_POINT('',#7387);
#2247=VERTEX_POINT('',#7389);
#2248=VERTEX_POINT('',#7391);
#2249=VERTEX_POINT('',#7393);
#2250=VERTEX_POINT('',#7395);
#2251=VERTEX_POINT('',#7397);
#2252=VERTEX_POINT('',#7399);
#2253=VERTEX_POINT('',#7401);
#2254=VERTEX_POINT('',#7403);
#2255=VERTEX_POINT('',#7405);
#2256=VERTEX_POINT('',#7407);
#2257=VERTEX_POINT('',#7409);
#2258=VERTEX_POINT('',#7411);
#2259=VERTEX_POINT('',#7413);
#2260=VERTEX_POINT('',#7415);
#2261=VERTEX_POINT('',#7418);
#2262=VERTEX_POINT('',#7420);
#2263=VERTEX_POINT('',#7422);
#2264=VERTEX_POINT('',#7424);
#2265=VERTEX_POINT('',#7426);
#2266=VERTEX_POINT('',#7428);
#2267=VERTEX_POINT('',#7444);
#2268=VERTEX_POINT('',#7448);
#2269=VERTEX_POINT('',#7452);
#2270=VERTEX_POINT('',#7458);
#2271=VERTEX_POINT('',#7461);
#2272=VERTEX_POINT('',#7462);
#2273=VERTEX_POINT('',#7464);
#2274=VERTEX_POINT('',#7466);
#2275=VERTEX_POINT('',#7468);
#2276=VERTEX_POINT('',#7470);
#2277=VERTEX_POINT('',#7472);
#2278=VERTEX_POINT('',#7476);
#2279=VERTEX_POINT('',#7479);
#2280=VERTEX_POINT('',#7480);
#2281=VERTEX_POINT('',#7485);
#2282=VERTEX_POINT('',#7487);
#2283=VERTEX_POINT('',#7489);
#2284=VERTEX_POINT('',#7493);
#2285=VERTEX_POINT('',#7495);
#2286=VERTEX_POINT('',#7497);
#2287=VERTEX_POINT('',#7499);
#2288=VERTEX_POINT('',#7501);
#2289=VERTEX_POINT('',#7525);
#2290=VERTEX_POINT('',#7527);
#2291=VERTEX_POINT('',#7531);
#2292=VERTEX_POINT('',#7532);
#2293=VERTEX_POINT('',#7537);
#2294=VERTEX_POINT('',#7539);
#2295=VERTEX_POINT('',#7541);
#2296=VERTEX_POINT('',#7546);
#2297=VERTEX_POINT('',#7550);
#2298=VERTEX_POINT('',#7551);
#2299=VERTEX_POINT('',#7566);
#2300=VERTEX_POINT('',#7572);
#2301=EDGE_CURVE('',#1897,#1897,#1727,.T.);
#2302=EDGE_CURVE('',#1897,#1898,#863,.T.);
#2303=EDGE_CURVE('',#1898,#1898,#1728,.T.);
#2304=EDGE_CURVE('',#1899,#1899,#1729,.T.);
#2305=EDGE_CURVE('',#1899,#1900,#864,.T.);
#2306=EDGE_CURVE('',#1900,#1900,#1730,.T.);
#2307=EDGE_CURVE('',#1901,#1902,#865,.T.);
#2308=EDGE_CURVE('',#1901,#1903,#866,.T.);
#2309=EDGE_CURVE('',#1904,#1903,#867,.T.);
#2310=EDGE_CURVE('',#1902,#1904,#868,.T.);
#2311=EDGE_CURVE('',#1902,#1905,#869,.T.);
#2312=EDGE_CURVE('',#1906,#1904,#870,.T.);
#2313=EDGE_CURVE('',#1905,#1906,#871,.T.);
#2314=EDGE_CURVE('',#1905,#1907,#872,.T.);
#2315=EDGE_CURVE('',#1908,#1906,#873,.T.);
#2316=EDGE_CURVE('',#1907,#1908,#874,.T.);
#2317=EDGE_CURVE('',#1907,#1901,#875,.T.);
#2318=EDGE_CURVE('',#1903,#1908,#876,.T.);
#2319=EDGE_CURVE('',#1909,#1910,#877,.T.);
#2320=EDGE_CURVE('',#1910,#1911,#878,.T.);
#2321=EDGE_CURVE('',#1911,#1912,#879,.T.);
#2322=EDGE_CURVE('',#1912,#1909,#880,.T.);
#2323=EDGE_CURVE('',#1913,#1914,#881,.T.);
#2324=EDGE_CURVE('',#1914,#1915,#882,.T.);
#2325=EDGE_CURVE('',#1915,#1916,#883,.T.);
#2326=EDGE_CURVE('',#1916,#1913,#884,.T.);
#2327=EDGE_CURVE('',#1912,#1915,#885,.T.);
#2328=EDGE_CURVE('',#1909,#1914,#886,.T.);
#2329=EDGE_CURVE('',#1911,#1916,#887,.T.);
#2330=EDGE_CURVE('',#1910,#1913,#888,.T.);
#2331=EDGE_CURVE('',#1917,#1918,#1731,.T.);
#2332=EDGE_CURVE('',#1918,#1919,#1732,.T.);
#2333=EDGE_CURVE('',#1919,#1920,#1733,.T.);
#2334=EDGE_CURVE('',#1920,#1917,#1734,.T.);
#2335=EDGE_CURVE('',#1921,#1922,#1735,.T.);
#2336=EDGE_CURVE('',#1922,#1920,#889,.T.);
#2337=EDGE_CURVE('',#1919,#1921,#890,.T.);
#2338=EDGE_CURVE('',#1923,#1924,#1736,.T.);
#2339=EDGE_CURVE('',#1924,#1922,#1737,.T.);
#2340=EDGE_CURVE('',#1921,#1923,#1738,.T.);
#2341=EDGE_CURVE('',#1925,#1926,#1739,.T.);
#2342=EDGE_CURVE('',#1926,#1924,#891,.T.);
#2343=EDGE_CURVE('',#1923,#1925,#892,.T.);
#2344=EDGE_CURVE('',#1927,#1928,#1740,.T.);
#2345=EDGE_CURVE('',#1928,#1926,#1741,.T.);
#2346=EDGE_CURVE('',#1925,#1927,#1742,.T.);
#2347=EDGE_CURVE('',#1929,#1930,#1743,.T.);
#2348=EDGE_CURVE('',#1930,#1928,#893,.T.);
#2349=EDGE_CURVE('',#1927,#1929,#894,.T.);
#2350=EDGE_CURVE('',#1931,#1932,#1744,.T.);
#2351=EDGE_CURVE('',#1932,#1930,#1745,.T.);
#2352=EDGE_CURVE('',#1929,#1931,#1746,.T.);
#2353=EDGE_CURVE('',#1917,#1932,#895,.T.);
#2354=EDGE_CURVE('',#1931,#1918,#896,.T.);
#2355=EDGE_CURVE('',#1923,#1933,#897,.T.);
#2356=EDGE_CURVE('',#1934,#1933,#898,.T.);
#2357=EDGE_CURVE('',#1925,#1934,#899,.T.);
#2358=EDGE_CURVE('',#1921,#1935,#900,.T.);
#2359=EDGE_CURVE('',#1933,#1935,#1747,.T.);
#2360=EDGE_CURVE('',#1919,#1936,#901,.T.);
#2361=EDGE_CURVE('',#1935,#1936,#902,.T.);
#2362=EDGE_CURVE('',#1918,#1937,#903,.T.);
#2363=EDGE_CURVE('',#1936,#1937,#1748,.T.);
#2364=EDGE_CURVE('',#1938,#1939,#1749,.T.);
#2365=EDGE_CURVE('',#1940,#1938,#904,.T.);
#2366=EDGE_CURVE('',#1941,#1940,#1750,.T.);
#2367=EDGE_CURVE('',#1942,#1941,#905,.T.);
#2368=EDGE_CURVE('',#1943,#1942,#1751,.T.);
#2369=EDGE_CURVE('',#1944,#1943,#906,.T.);
#2370=EDGE_CURVE('',#1945,#1944,#1752,.T.);
#2371=EDGE_CURVE('',#1939,#1945,#907,.T.);
#2372=EDGE_CURVE('',#1939,#1946,#1753,.T.);
#2373=EDGE_CURVE('',#1946,#1947,#1754,.T.);
#2374=EDGE_CURVE('',#1947,#1938,#1755,.T.);
#2375=EDGE_CURVE('',#1948,#1940,#1756,.T.);
#2376=EDGE_CURVE('',#1947,#1948,#908,.T.);
#2377=EDGE_CURVE('',#1949,#1941,#1757,.T.);
#2378=EDGE_CURVE('',#1948,#1949,#1758,.T.);
#2379=EDGE_CURVE('',#1950,#1942,#1759,.T.);
#2380=EDGE_CURVE('',#1949,#1950,#909,.T.);
#2381=EDGE_CURVE('',#1951,#1943,#1760,.T.);
#2382=EDGE_CURVE('',#1950,#1951,#1761,.T.);
#2383=EDGE_CURVE('',#1952,#1944,#1762,.T.);
#2384=EDGE_CURVE('',#1951,#1952,#910,.T.);
#2385=EDGE_CURVE('',#1953,#1945,#1763,.T.);
#2386=EDGE_CURVE('',#1952,#1953,#1764,.T.);
#2387=EDGE_CURVE('',#1953,#1946,#911,.T.);
#2388=EDGE_CURVE('',#1949,#1954,#912,.T.);
#2389=EDGE_CURVE('',#1955,#1954,#913,.T.);
#2390=EDGE_CURVE('',#1950,#1955,#914,.T.);
#2391=EDGE_CURVE('',#1948,#1956,#915,.T.);
#2392=EDGE_CURVE('',#1954,#1956,#1765,.T.);
#2393=EDGE_CURVE('',#1947,#1957,#916,.T.);
#2394=EDGE_CURVE('',#1956,#1957,#917,.T.);
#2395=EDGE_CURVE('',#1946,#1958,#918,.T.);
#2396=EDGE_CURVE('',#1957,#1958,#1766,.T.);
#2397=EDGE_CURVE('',#1959,#1960,#919,.T.);
#2398=EDGE_CURVE('',#1961,#1959,#920,.T.);
#2399=EDGE_CURVE('',#1961,#1962,#921,.T.);
#2400=EDGE_CURVE('',#1962,#1960,#922,.T.);
#2401=EDGE_CURVE('',#1960,#1963,#923,.T.);
#2402=EDGE_CURVE('',#1962,#1964,#924,.T.);
#2403=EDGE_CURVE('',#1964,#1963,#925,.T.);
#2404=EDGE_CURVE('',#1965,#1961,#926,.T.);
#2405=EDGE_CURVE('',#1964,#1965,#927,.T.);
#2406=EDGE_CURVE('',#1963,#1966,#928,.T.);
#2407=EDGE_CURVE('',#1965,#1966,#929,.T.);
#2408=EDGE_CURVE('',#1966,#1959,#930,.T.);
#2409=EDGE_CURVE('',#1967,#1968,#931,.T.);
#2410=EDGE_CURVE('',#1969,#1967,#932,.T.);
#2411=EDGE_CURVE('',#1969,#1970,#933,.T.);
#2412=EDGE_CURVE('',#1970,#1968,#934,.T.);
#2413=EDGE_CURVE('',#1968,#1971,#935,.T.);
#2414=EDGE_CURVE('',#1970,#1972,#936,.T.);
#2415=EDGE_CURVE('',#1972,#1971,#937,.T.);
#2416=EDGE_CURVE('',#1973,#1969,#938,.T.);
#2417=EDGE_CURVE('',#1972,#1973,#939,.T.);
#2418=EDGE_CURVE('',#1971,#1974,#940,.T.);
#2419=EDGE_CURVE('',#1973,#1974,#941,.T.);
#2420=EDGE_CURVE('',#1974,#1967,#942,.T.);
#2421=EDGE_CURVE('',#1975,#1976,#943,.T.);
#2422=EDGE_CURVE('',#1977,#1976,#1767,.T.);
#2423=EDGE_CURVE('',#1978,#1977,#944,.T.);
#2424=EDGE_CURVE('',#1975,#1978,#1768,.T.);
#2425=EDGE_CURVE('',#1979,#1980,#945,.T.);
#2426=EDGE_CURVE('',#1981,#1980,#1769,.T.);
#2427=EDGE_CURVE('',#1982,#1981,#946,.T.);
#2428=EDGE_CURVE('',#1979,#1982,#1770,.T.);
#2429=EDGE_CURVE('',#1983,#1984,#947,.T.);
#2430=EDGE_CURVE('',#1985,#1983,#1771,.T.);
#2431=EDGE_CURVE('',#1985,#1986,#948,.T.);
#2432=EDGE_CURVE('',#1984,#1986,#1772,.T.);
#2433=EDGE_CURVE('',#1976,#1981,#949,.T.);
#2434=EDGE_CURVE('',#1980,#1987,#950,.T.);
#2435=EDGE_CURVE('',#1987,#1988,#1773,.T.);
#2436=EDGE_CURVE('',#1988,#1984,#951,.T.);
#2437=EDGE_CURVE('',#1986,#1977,#952,.T.);
#2438=EDGE_CURVE('',#1989,#1987,#953,.T.);
#2439=EDGE_CURVE('',#1990,#1989,#1774,.T.);
#2440=EDGE_CURVE('',#1990,#1988,#954,.T.);
#2441=EDGE_CURVE('',#1983,#1990,#955,.T.);
#2442=EDGE_CURVE('',#1982,#1975,#956,.T.);
#2443=EDGE_CURVE('',#1989,#1979,#957,.T.);
#2444=EDGE_CURVE('',#1978,#1985,#958,.T.);
#2445=EDGE_CURVE('',#1991,#1992,#959,.T.);
#2446=EDGE_CURVE('',#1993,#1992,#1775,.T.);
#2447=EDGE_CURVE('',#1994,#1993,#960,.T.);
#2448=EDGE_CURVE('',#1991,#1994,#1776,.T.);
#2449=EDGE_CURVE('',#1995,#1996,#961,.T.);
#2450=EDGE_CURVE('',#1997,#1996,#1777,.T.);
#2451=EDGE_CURVE('',#1998,#1997,#962,.T.);
#2452=EDGE_CURVE('',#1995,#1998,#1778,.T.);
#2453=EDGE_CURVE('',#1999,#2000,#963,.T.);
#2454=EDGE_CURVE('',#2001,#1999,#1779,.T.);
#2455=EDGE_CURVE('',#2001,#2002,#964,.T.);
#2456=EDGE_CURVE('',#2000,#2002,#1780,.T.);
#2457=EDGE_CURVE('',#1992,#1997,#965,.T.);
#2458=EDGE_CURVE('',#1996,#2003,#966,.T.);
#2459=EDGE_CURVE('',#2003,#2004,#1781,.T.);
#2460=EDGE_CURVE('',#2004,#2000,#967,.T.);
#2461=EDGE_CURVE('',#2002,#1993,#968,.T.);
#2462=EDGE_CURVE('',#2005,#2003,#969,.T.);
#2463=EDGE_CURVE('',#2006,#2005,#1782,.T.);
#2464=EDGE_CURVE('',#2006,#2004,#970,.T.);
#2465=EDGE_CURVE('',#1999,#2006,#971,.T.);
#2466=EDGE_CURVE('',#1998,#1991,#972,.T.);
#2467=EDGE_CURVE('',#2005,#1995,#973,.T.);
#2468=EDGE_CURVE('',#1994,#2001,#974,.T.);
#2469=EDGE_CURVE('',#1952,#2007,#975,.T.);
#2470=EDGE_CURVE('',#2008,#2007,#1783,.T.);
#2471=EDGE_CURVE('',#1953,#2008,#976,.T.);
#2472=EDGE_CURVE('',#2009,#1955,#1784,.T.);
#2473=EDGE_CURVE('',#1951,#2009,#977,.T.);
#2474=EDGE_CURVE('',#2007,#2009,#978,.T.);
#2475=EDGE_CURVE('',#1958,#2008,#979,.T.);
#2476=EDGE_CURVE('',#1929,#2010,#980,.T.);
#2477=EDGE_CURVE('',#2011,#2010,#1785,.T.);
#2478=EDGE_CURVE('',#1931,#2011,#981,.T.);
#2479=EDGE_CURVE('',#1937,#2011,#982,.T.);
#2480=EDGE_CURVE('',#2010,#2012,#983,.T.);
#2481=EDGE_CURVE('',#2012,#1934,#1786,.T.);
#2482=EDGE_CURVE('',#1927,#2012,#984,.T.);
#2483=EDGE_CURVE('',#2013,#2013,#1787,.T.);
#2484=EDGE_CURVE('',#2013,#2014,#985,.T.);
#2485=EDGE_CURVE('',#2014,#2014,#1788,.T.);
#2486=EDGE_CURVE('',#2015,#2015,#1789,.T.);
#2487=EDGE_CURVE('',#2015,#2016,#986,.T.);
#2488=EDGE_CURVE('',#2016,#2016,#1790,.T.);
#2489=EDGE_CURVE('',#2017,#2017,#1791,.T.);
#2490=EDGE_CURVE('',#2017,#2018,#987,.T.);
#2491=EDGE_CURVE('',#2018,#2018,#1792,.T.);
#2492=EDGE_CURVE('',#2019,#2019,#1793,.T.);
#2493=EDGE_CURVE('',#2019,#2020,#988,.T.);
#2494=EDGE_CURVE('',#2020,#2020,#1794,.T.);
#2495=EDGE_CURVE('',#2021,#2022,#989,.T.);
#2496=EDGE_CURVE('',#2022,#2023,#990,.T.);
#2497=EDGE_CURVE('',#2023,#2024,#991,.T.);
#2498=EDGE_CURVE('',#2024,#2021,#992,.T.);
#2499=EDGE_CURVE('',#2025,#2026,#993,.T.);
#2500=EDGE_CURVE('',#2026,#2027,#994,.T.);
#2501=EDGE_CURVE('',#2027,#2028,#995,.T.);
#2502=EDGE_CURVE('',#2028,#2025,#996,.T.);
#2503=EDGE_CURVE('',#2024,#2027,#997,.T.);
#2504=EDGE_CURVE('',#2021,#2026,#998,.T.);
#2505=EDGE_CURVE('',#2023,#2028,#999,.T.);
#2506=EDGE_CURVE('',#2022,#2025,#1000,.T.);
#2507=EDGE_CURVE('',#2029,#2030,#1001,.T.);
#2508=EDGE_CURVE('',#2030,#2031,#1002,.T.);
#2509=EDGE_CURVE('',#2031,#2032,#1003,.T.);
#2510=EDGE_CURVE('',#2032,#2029,#1004,.T.);
#2511=EDGE_CURVE('',#2033,#2034,#1005,.T.);
#2512=EDGE_CURVE('',#2034,#2035,#1006,.T.);
#2513=EDGE_CURVE('',#2035,#2036,#1007,.T.);
#2514=EDGE_CURVE('',#2036,#2033,#1008,.T.);
#2515=EDGE_CURVE('',#2032,#2035,#1009,.T.);
#2516=EDGE_CURVE('',#2029,#2034,#1010,.T.);
#2517=EDGE_CURVE('',#2031,#2036,#1011,.T.);
#2518=EDGE_CURVE('',#2030,#2033,#1012,.T.);
#2519=EDGE_CURVE('',#2037,#2038,#1013,.T.);
#2520=EDGE_CURVE('',#2038,#2039,#1014,.T.);
#2521=EDGE_CURVE('',#2039,#2040,#1015,.T.);
#2522=EDGE_CURVE('',#2040,#2037,#1016,.T.);
#2523=EDGE_CURVE('',#2041,#2042,#1017,.T.);
#2524=EDGE_CURVE('',#2042,#2043,#1018,.T.);
#2525=EDGE_CURVE('',#2043,#2044,#1019,.T.);
#2526=EDGE_CURVE('',#2044,#2041,#1020,.T.);
#2527=EDGE_CURVE('',#2040,#2043,#1021,.T.);
#2528=EDGE_CURVE('',#2037,#2042,#1022,.T.);
#2529=EDGE_CURVE('',#2039,#2044,#1023,.T.);
#2530=EDGE_CURVE('',#2038,#2041,#1024,.T.);
#2531=EDGE_CURVE('',#2045,#2046,#1025,.T.);
#2532=EDGE_CURVE('',#2046,#2047,#1026,.T.);
#2533=EDGE_CURVE('',#2047,#2048,#1027,.T.);
#2534=EDGE_CURVE('',#2048,#2045,#1028,.T.);
#2535=EDGE_CURVE('',#2049,#2050,#1029,.T.);
#2536=EDGE_CURVE('',#2050,#2051,#1030,.T.);
#2537=EDGE_CURVE('',#2051,#2052,#1031,.T.);
#2538=EDGE_CURVE('',#2052,#2049,#1032,.T.);
#2539=EDGE_CURVE('',#2048,#2051,#1033,.T.);
#2540=EDGE_CURVE('',#2045,#2050,#1034,.T.);
#2541=EDGE_CURVE('',#2047,#2052,#1035,.T.);
#2542=EDGE_CURVE('',#2046,#2049,#1036,.T.);
#2543=EDGE_CURVE('',#2053,#2053,#1795,.T.);
#2544=EDGE_CURVE('',#2053,#2054,#1037,.T.);
#2545=EDGE_CURVE('',#2054,#2054,#1796,.T.);
#2546=EDGE_CURVE('',#2055,#2055,#1797,.T.);
#2547=EDGE_CURVE('',#2055,#2056,#1038,.T.);
#2548=EDGE_CURVE('',#2056,#2056,#1798,.T.);
#2549=EDGE_CURVE('',#2057,#2057,#1799,.T.);
#2550=EDGE_CURVE('',#2057,#2058,#1039,.T.);
#2551=EDGE_CURVE('',#2058,#2058,#1800,.T.);
#2552=EDGE_CURVE('',#2059,#2059,#1801,.T.);
#2553=EDGE_CURVE('',#2059,#2060,#1040,.T.);
#2554=EDGE_CURVE('',#2060,#2060,#1802,.T.);
#2555=EDGE_CURVE('',#2061,#2061,#1803,.T.);
#2556=EDGE_CURVE('',#2061,#2062,#1041,.T.);
#2557=EDGE_CURVE('',#2062,#2062,#1804,.T.);
#2558=EDGE_CURVE('',#2063,#2063,#1805,.T.);
#2559=EDGE_CURVE('',#2063,#2064,#1042,.T.);
#2560=EDGE_CURVE('',#2064,#2064,#1806,.T.);
#2561=EDGE_CURVE('',#2065,#2065,#1807,.T.);
#2562=EDGE_CURVE('',#2065,#2066,#1043,.T.);
#2563=EDGE_CURVE('',#2066,#2066,#1808,.T.);
#2564=EDGE_CURVE('',#2067,#2067,#1809,.T.);
#2565=EDGE_CURVE('',#2067,#2068,#1044,.T.);
#2566=EDGE_CURVE('',#2068,#2068,#1810,.T.);
#2567=EDGE_CURVE('',#2069,#2070,#1045,.T.);
#2568=EDGE_CURVE('',#2069,#2071,#1046,.T.);
#2569=EDGE_CURVE('',#2072,#2071,#1047,.T.);
#2570=EDGE_CURVE('',#2072,#2070,#1048,.T.);
#2571=EDGE_CURVE('',#2073,#2074,#1049,.T.);
#2572=EDGE_CURVE('',#2075,#2073,#1050,.T.);
#2573=EDGE_CURVE('',#2076,#2075,#1051,.T.);
#2574=EDGE_CURVE('',#2076,#2074,#1052,.T.);
#2575=EDGE_CURVE('',#2077,#2069,#1053,.T.);
#2576=EDGE_CURVE('',#2075,#2077,#1054,.T.);
#2577=EDGE_CURVE('',#2078,#2073,#1055,.T.);
#2578=EDGE_CURVE('',#2079,#2078,#1056,.T.);
#2579=EDGE_CURVE('',#2080,#2079,#1057,.T.);
#2580=EDGE_CURVE('',#2080,#2071,#1058,.T.);
#2581=EDGE_CURVE('',#2081,#2070,#1059,.T.);
#2582=EDGE_CURVE('',#2077,#2081,#1060,.T.);
#2583=EDGE_CURVE('',#2082,#2078,#1061,.T.);
#2584=EDGE_CURVE('',#2083,#2082,#1062,.T.);
#2585=EDGE_CURVE('',#2079,#2083,#1063,.T.);
#2586=EDGE_CURVE('',#2084,#2080,#1064,.T.);
#2587=EDGE_CURVE('',#2084,#2072,#1065,.T.);
#2588=EDGE_CURVE('',#2074,#2082,#1066,.T.);
#2589=EDGE_CURVE('',#2081,#2076,#1067,.T.);
#2590=EDGE_CURVE('',#2083,#2084,#1068,.T.);
#2591=EDGE_CURVE('',#2085,#2086,#1069,.T.);
#2592=EDGE_CURVE('',#2085,#2087,#1070,.T.);
#2593=EDGE_CURVE('',#2088,#2087,#1071,.T.);
#2594=EDGE_CURVE('',#2088,#2086,#1072,.T.);
#2595=EDGE_CURVE('',#2089,#2090,#1073,.T.);
#2596=EDGE_CURVE('',#2091,#2089,#1074,.T.);
#2597=EDGE_CURVE('',#2092,#2091,#1075,.T.);
#2598=EDGE_CURVE('',#2092,#2090,#1076,.T.);
#2599=EDGE_CURVE('',#2093,#2085,#1077,.T.);
#2600=EDGE_CURVE('',#2091,#2093,#1078,.T.);
#2601=EDGE_CURVE('',#2094,#2089,#1079,.T.);
#2602=EDGE_CURVE('',#2095,#2094,#1080,.T.);
#2603=EDGE_CURVE('',#2096,#2095,#1081,.T.);
#2604=EDGE_CURVE('',#2096,#2087,#1082,.T.);
#2605=EDGE_CURVE('',#2097,#2086,#1083,.T.);
#2606=EDGE_CURVE('',#2093,#2097,#1084,.T.);
#2607=EDGE_CURVE('',#2098,#2094,#1085,.T.);
#2608=EDGE_CURVE('',#2099,#2098,#1086,.T.);
#2609=EDGE_CURVE('',#2095,#2099,#1087,.T.);
#2610=EDGE_CURVE('',#2100,#2096,#1088,.T.);
#2611=EDGE_CURVE('',#2100,#2088,#1089,.T.);
#2612=EDGE_CURVE('',#2090,#2098,#1090,.T.);
#2613=EDGE_CURVE('',#2097,#2092,#1091,.T.);
#2614=EDGE_CURVE('',#2099,#2100,#1092,.T.);
#2615=EDGE_CURVE('',#2101,#2102,#1093,.T.);
#2616=EDGE_CURVE('',#2103,#2101,#1094,.T.);
#2617=EDGE_CURVE('',#2104,#2103,#1095,.T.);
#2618=EDGE_CURVE('',#2102,#2104,#1096,.T.);
#2619=EDGE_CURVE('',#2105,#2103,#1097,.T.);
#2620=EDGE_CURVE('',#2106,#2105,#1098,.T.);
#2621=EDGE_CURVE('',#2104,#2106,#1099,.T.);
#2622=EDGE_CURVE('',#2101,#2107,#1100,.T.);
#2623=EDGE_CURVE('',#2108,#2107,#1101,.T.);
#2624=EDGE_CURVE('',#2109,#2108,#1102,.T.);
#2625=EDGE_CURVE('',#2109,#2110,#1103,.T.);
#2626=EDGE_CURVE('',#2111,#2110,#1104,.T.);
#2627=EDGE_CURVE('',#2105,#2111,#1105,.T.);
#2628=EDGE_CURVE('',#2110,#2112,#1106,.T.);
#2629=EDGE_CURVE('',#2113,#2109,#1107,.T.);
#2630=EDGE_CURVE('',#2112,#2113,#1108,.T.);
#2631=EDGE_CURVE('',#2114,#2102,#1109,.T.);
#2632=EDGE_CURVE('',#2107,#2114,#1110,.T.);
#2633=EDGE_CURVE('',#2115,#2106,#1111,.T.);
#2634=EDGE_CURVE('',#2112,#2115,#1112,.T.);
#2635=EDGE_CURVE('',#2116,#2113,#1113,.T.);
#2636=EDGE_CURVE('',#2114,#2116,#1114,.T.);
#2637=EDGE_CURVE('',#2111,#2117,#1115,.T.);
#2638=EDGE_CURVE('',#2118,#2117,#1116,.T.);
#2639=EDGE_CURVE('',#2119,#2118,#1117,.T.);
#2640=EDGE_CURVE('',#2120,#2119,#1118,.T.);
#2641=EDGE_CURVE('',#2120,#2115,#1119,.T.);
#2642=EDGE_CURVE('',#2108,#2121,#1120,.T.);
#2643=EDGE_CURVE('',#2122,#2121,#1121,.T.);
#2644=EDGE_CURVE('',#2123,#2122,#1122,.T.);
#2645=EDGE_CURVE('',#2124,#2123,#1123,.T.);
#2646=EDGE_CURVE('',#2124,#2116,#1124,.T.);
#2647=EDGE_CURVE('',#2125,#2120,#1125,.T.);
#2648=EDGE_CURVE('',#2126,#2125,#1126,.T.);
#2649=EDGE_CURVE('',#2117,#2126,#1127,.T.);
#2650=EDGE_CURVE('',#2127,#2118,#1128,.T.);
#2651=EDGE_CURVE('',#2128,#2127,#1129,.T.);
#2652=EDGE_CURVE('',#2119,#2128,#1130,.T.);
#2653=EDGE_CURVE('',#2125,#2129,#1131,.T.);
#2654=EDGE_CURVE('',#2130,#2129,#1132,.T.);
#2655=EDGE_CURVE('',#2131,#2130,#1133,.T.);
#2656=EDGE_CURVE('',#2131,#2132,#1134,.T.);
#2657=EDGE_CURVE('',#2132,#2123,#1135,.T.);
#2658=EDGE_CURVE('',#2126,#2122,#1136,.T.);
#2659=EDGE_CURVE('',#2133,#2124,#1137,.T.);
#2660=EDGE_CURVE('',#2133,#2134,#1138,.T.);
#2661=EDGE_CURVE('',#2121,#2134,#1139,.T.);
#2662=EDGE_CURVE('',#2135,#2136,#1140,.T.);
#2663=EDGE_CURVE('',#2134,#2135,#1141,.T.);
#2664=EDGE_CURVE('',#2136,#2133,#1142,.T.);
#2665=EDGE_CURVE('',#2136,#2137,#1143,.T.);
#2666=EDGE_CURVE('',#2137,#2138,#1144,.T.);
#2667=EDGE_CURVE('',#2135,#2138,#1145,.T.);
#2668=EDGE_CURVE('',#2139,#2140,#1146,.T.);
#2669=EDGE_CURVE('',#2139,#2141,#1147,.T.);
#2670=EDGE_CURVE('',#2142,#2141,#1148,.T.);
#2671=EDGE_CURVE('',#2143,#2142,#1149,.T.);
#2672=EDGE_CURVE('',#2144,#2143,#1150,.T.);
#2673=EDGE_CURVE('',#2145,#2144,#31,.T.);
#2674=EDGE_CURVE('',#2146,#2145,#32,.T.);
#2675=EDGE_CURVE('',#2147,#2146,#1151,.T.);
#2676=EDGE_CURVE('',#2148,#2147,#33,.T.);
#2677=EDGE_CURVE('',#2149,#2148,#34,.T.);
#2678=EDGE_CURVE('',#2150,#2149,#1152,.T.);
#2679=EDGE_CURVE('',#2140,#2150,#1153,.T.);
#2680=EDGE_CURVE('',#2151,#2139,#1811,.T.);
#2681=EDGE_CURVE('',#2152,#2151,#1154,.T.);
#2682=EDGE_CURVE('',#2141,#2152,#1812,.T.);
#2683=EDGE_CURVE('',#2153,#2151,#1155,.T.);
#2684=EDGE_CURVE('',#2154,#2153,#1156,.T.);
#2685=EDGE_CURVE('',#2155,#2154,#1157,.T.);
#2686=EDGE_CURVE('',#2156,#2155,#35,.T.);
#2687=EDGE_CURVE('',#2157,#2156,#36,.T.);
#2688=EDGE_CURVE('',#2158,#2157,#1158,.T.);
#2689=EDGE_CURVE('',#2159,#2158,#37,.T.);
#2690=EDGE_CURVE('',#2160,#2159,#38,.T.);
#2691=EDGE_CURVE('',#2161,#2160,#1159,.T.);
#2692=EDGE_CURVE('',#2162,#2161,#1160,.T.);
#2693=EDGE_CURVE('',#2152,#2162,#1161,.T.);
#2694=EDGE_CURVE('',#2163,#2163,#1813,.T.);
#2695=EDGE_CURVE('',#2163,#2164,#1162,.T.);
#2696=EDGE_CURVE('',#2153,#2164,#1814,.T.);
#2697=EDGE_CURVE('',#2142,#2140,#1815,.T.);
#2698=EDGE_CURVE('',#2164,#2162,#1816,.T.);
#2699=EDGE_CURVE('',#2143,#2150,#1817,.T.);
#2700=EDGE_CURVE('',#2154,#2161,#1818,.T.);
#2701=EDGE_CURVE('',#2144,#2149,#1819,.T.);
#2702=EDGE_CURVE('',#2155,#2160,#1820,.T.);
#2703=EDGE_CURVE('',#2145,#2148,#1821,.T.);
#2704=EDGE_CURVE('',#2156,#2159,#1822,.T.);
#2705=EDGE_CURVE('',#2146,#2147,#1823,.T.);
#2706=EDGE_CURVE('',#2157,#2158,#1824,.T.);
#2707=EDGE_CURVE('',#2165,#2166,#1163,.T.);
#2708=EDGE_CURVE('',#2165,#2167,#1164,.T.);
#2709=EDGE_CURVE('',#2168,#2167,#1165,.T.);
#2710=EDGE_CURVE('',#2169,#2168,#1166,.T.);
#2711=EDGE_CURVE('',#2170,#2169,#1167,.T.);
#2712=EDGE_CURVE('',#2171,#2170,#39,.T.);
#2713=EDGE_CURVE('',#2172,#2171,#40,.T.);
#2714=EDGE_CURVE('',#2173,#2172,#1168,.T.);
#2715=EDGE_CURVE('',#2174,#2173,#41,.T.);
#2716=EDGE_CURVE('',#2175,#2174,#42,.T.);
#2717=EDGE_CURVE('',#2176,#2175,#1169,.T.);
#2718=EDGE_CURVE('',#2166,#2176,#1170,.T.);
#2719=EDGE_CURVE('',#2177,#2165,#1825,.T.);
#2720=EDGE_CURVE('',#2178,#2177,#1171,.T.);
#2721=EDGE_CURVE('',#2167,#2178,#1826,.T.);
#2722=EDGE_CURVE('',#2179,#2177,#1172,.T.);
#2723=EDGE_CURVE('',#2180,#2179,#1173,.T.);
#2724=EDGE_CURVE('',#2181,#2180,#1174,.T.);
#2725=EDGE_CURVE('',#2182,#2181,#43,.T.);
#2726=EDGE_CURVE('',#2183,#2182,#44,.T.);
#2727=EDGE_CURVE('',#2184,#2183,#1175,.T.);
#2728=EDGE_CURVE('',#2185,#2184,#45,.T.);
#2729=EDGE_CURVE('',#2186,#2185,#46,.T.);
#2730=EDGE_CURVE('',#2187,#2186,#1176,.T.);
#2731=EDGE_CURVE('',#2188,#2187,#1177,.T.);
#2732=EDGE_CURVE('',#2178,#2188,#1178,.T.);
#2733=EDGE_CURVE('',#2189,#2189,#1827,.T.);
#2734=EDGE_CURVE('',#2189,#2190,#1179,.T.);
#2735=EDGE_CURVE('',#2179,#2190,#1828,.T.);
#2736=EDGE_CURVE('',#2168,#2166,#1829,.T.);
#2737=EDGE_CURVE('',#2190,#2188,#1830,.T.);
#2738=EDGE_CURVE('',#2169,#2176,#1831,.T.);
#2739=EDGE_CURVE('',#2180,#2187,#1832,.T.);
#2740=EDGE_CURVE('',#2170,#2175,#1833,.T.);
#2741=EDGE_CURVE('',#2181,#2186,#1834,.T.);
#2742=EDGE_CURVE('',#2171,#2174,#1835,.T.);
#2743=EDGE_CURVE('',#2182,#2185,#1836,.T.);
#2744=EDGE_CURVE('',#2172,#2173,#1837,.T.);
#2745=EDGE_CURVE('',#2183,#2184,#1838,.T.);
#2746=EDGE_CURVE('',#2191,#2191,#1839,.T.);
#2747=EDGE_CURVE('',#2191,#2192,#1180,.T.);
#2748=EDGE_CURVE('',#2192,#2192,#1840,.T.);
#2749=EDGE_CURVE('',#2193,#2194,#1841,.T.);
#2750=EDGE_CURVE('',#2195,#2193,#1842,.T.);
#2751=EDGE_CURVE('',#2194,#2195,#1843,.T.);
#2752=EDGE_CURVE('',#2194,#2192,#1181,.T.);
#2753=EDGE_CURVE('',#2193,#2195,#1182,.T.);
#2754=EDGE_CURVE('',#2196,#2196,#1844,.T.);
#2755=EDGE_CURVE('',#2196,#2197,#1183,.T.);
#2756=EDGE_CURVE('',#2197,#2197,#1845,.T.);
#2757=EDGE_CURVE('',#2198,#2199,#1846,.T.);
#2758=EDGE_CURVE('',#2200,#2198,#1847,.T.);
#2759=EDGE_CURVE('',#2199,#2200,#1848,.T.);
#2760=EDGE_CURVE('',#2199,#2197,#1184,.T.);
#2761=EDGE_CURVE('',#2198,#2200,#1185,.T.);
#2762=EDGE_CURVE('',#2201,#2201,#1849,.T.);
#2763=EDGE_CURVE('',#2201,#2202,#1186,.T.);
#2764=EDGE_CURVE('',#2202,#2202,#1850,.T.);
#2765=EDGE_CURVE('',#2203,#2203,#1851,.T.);
#2766=EDGE_CURVE('',#2203,#2204,#1187,.T.);
#2767=EDGE_CURVE('',#2204,#2204,#1852,.T.);
#2768=EDGE_CURVE('',#2205,#2205,#1853,.T.);
#2769=EDGE_CURVE('',#2205,#2206,#1188,.T.);
#2770=EDGE_CURVE('',#2206,#2206,#1854,.T.);
#2771=EDGE_CURVE('',#2207,#2207,#1855,.T.);
#2772=EDGE_CURVE('',#2207,#2208,#1189,.T.);
#2773=EDGE_CURVE('',#2208,#2208,#1856,.T.);
#2774=EDGE_CURVE('',#2209,#2209,#1857,.T.);
#2775=EDGE_CURVE('',#2209,#2210,#1190,.T.);
#2776=EDGE_CURVE('',#2210,#2210,#1858,.T.);
#2777=EDGE_CURVE('',#2211,#2211,#1859,.T.);
#2778=EDGE_CURVE('',#2211,#2212,#1191,.T.);
#2779=EDGE_CURVE('',#2212,#2212,#1860,.T.);
#2780=EDGE_CURVE('',#2213,#2213,#1861,.T.);
#2781=EDGE_CURVE('',#2213,#2214,#1192,.T.);
#2782=EDGE_CURVE('',#2214,#2214,#1862,.T.);
#2783=EDGE_CURVE('',#2215,#2215,#1863,.T.);
#2784=EDGE_CURVE('',#2215,#2216,#1193,.T.);
#2785=EDGE_CURVE('',#2216,#2216,#1864,.T.);
#2786=EDGE_CURVE('',#2132,#2217,#1194,.T.);
#2787=EDGE_CURVE('',#2218,#2131,#1195,.T.);
#2788=EDGE_CURVE('',#2217,#2218,#1196,.T.);
#2789=EDGE_CURVE('',#2219,#2129,#1197,.T.);
#2790=EDGE_CURVE('',#2220,#2219,#1198,.T.);
#2791=EDGE_CURVE('',#2130,#2220,#1199,.T.);
#2792=EDGE_CURVE('',#2221,#2128,#1200,.T.);
#2793=EDGE_CURVE('',#2222,#2221,#1201,.T.);
#2794=EDGE_CURVE('',#2223,#2222,#1202,.T.);
#2795=EDGE_CURVE('',#2223,#2224,#1203,.T.);
#2796=EDGE_CURVE('',#2224,#2225,#1204,.T.);
#2797=EDGE_CURVE('',#2225,#2226,#1205,.T.);
#2798=EDGE_CURVE('',#2226,#2193,#1206,.T.);
#2799=EDGE_CURVE('',#2195,#2219,#1207,.T.);
#2800=EDGE_CURVE('',#2217,#2198,#1208,.T.);
#2801=EDGE_CURVE('',#2200,#2227,#1209,.T.);
#2802=EDGE_CURVE('',#2227,#2228,#1210,.T.);
#2803=EDGE_CURVE('',#2228,#2229,#1211,.T.);
#2804=EDGE_CURVE('',#2229,#2230,#1212,.T.);
#2805=EDGE_CURVE('',#2231,#2230,#1213,.T.);
#2806=EDGE_CURVE('',#2137,#2231,#1214,.T.);
#2807=EDGE_CURVE('',#2232,#2226,#1215,.T.);
#2808=EDGE_CURVE('',#2220,#2232,#1216,.T.);
#2809=EDGE_CURVE('',#2233,#2218,#1217,.T.);
#2810=EDGE_CURVE('',#2233,#2227,#1218,.T.);
#2811=EDGE_CURVE('',#2234,#2235,#1219,.T.);
#2812=EDGE_CURVE('',#2235,#2236,#1865,.T.);
#2813=EDGE_CURVE('',#2236,#2237,#1220,.T.);
#2814=EDGE_CURVE('',#2237,#2238,#1866,.T.);
#2815=EDGE_CURVE('',#2238,#2239,#1221,.T.);
#2816=EDGE_CURVE('',#2239,#2240,#1867,.T.);
#2817=EDGE_CURVE('',#2240,#2241,#1222,.T.);
#2818=EDGE_CURVE('',#2241,#2242,#1868,.T.);
#2819=EDGE_CURVE('',#2242,#2243,#1223,.T.);
#2820=EDGE_CURVE('',#2243,#2244,#1869,.T.);
#2821=EDGE_CURVE('',#2244,#2245,#1870,.T.);
#2822=EDGE_CURVE('',#2245,#2246,#1224,.T.);
#2823=EDGE_CURVE('',#2246,#2247,#1871,.T.);
#2824=EDGE_CURVE('',#2247,#2248,#1225,.T.);
#2825=EDGE_CURVE('',#2248,#2249,#1872,.T.);
#2826=EDGE_CURVE('',#2249,#2250,#1873,.T.);
#2827=EDGE_CURVE('',#2250,#2251,#1226,.T.);
#2828=EDGE_CURVE('',#2251,#2252,#1874,.T.);
#2829=EDGE_CURVE('',#2252,#2253,#1227,.T.);
#2830=EDGE_CURVE('',#2253,#2254,#1875,.T.);
#2831=EDGE_CURVE('',#2254,#2255,#1228,.T.);
#2832=EDGE_CURVE('',#2255,#2256,#1876,.T.);
#2833=EDGE_CURVE('',#2256,#2257,#1877,.T.);
#2834=EDGE_CURVE('',#2257,#2258,#1229,.T.);
#2835=EDGE_CURVE('',#2258,#2259,#1878,.T.);
#2836=EDGE_CURVE('',#2259,#2260,#1230,.T.);
#2837=EDGE_CURVE('',#2260,#2234,#1879,.T.);
#2838=EDGE_CURVE('',#2232,#2261,#1231,.T.);
#2839=EDGE_CURVE('',#2261,#2262,#1232,.T.);
#2840=EDGE_CURVE('',#2262,#2263,#1233,.T.);
#2841=EDGE_CURVE('',#2263,#2264,#1234,.T.);
#2842=EDGE_CURVE('',#2264,#2265,#1235,.T.);
#2843=EDGE_CURVE('',#2265,#2266,#1236,.T.);
#2844=EDGE_CURVE('',#2266,#2233,#1237,.T.);
#2845=EDGE_CURVE('',#2263,#2223,#1238,.T.);
#2846=EDGE_CURVE('',#2224,#2262,#1239,.T.);
#2847=EDGE_CURVE('',#2265,#2229,#1240,.T.);
#2848=EDGE_CURVE('',#2264,#2230,#1241,.T.);
#2849=EDGE_CURVE('',#2266,#2228,#1242,.T.);
#2850=EDGE_CURVE('',#2261,#2225,#1243,.T.);
#2851=EDGE_CURVE('',#2267,#2127,#1244,.T.);
#2852=EDGE_CURVE('',#2221,#2267,#1245,.T.);
#2853=EDGE_CURVE('',#2138,#2268,#1246,.T.);
#2854=EDGE_CURVE('',#2231,#2268,#1247,.T.);
#2855=EDGE_CURVE('',#2222,#2269,#1248,.T.);
#2856=EDGE_CURVE('',#2268,#2269,#1249,.T.);
#2857=EDGE_CURVE('',#2269,#2267,#1250,.T.);
#2858=EDGE_CURVE('',#2270,#2270,#1880,.T.);
#2859=EDGE_CURVE('',#2271,#2272,#1881,.T.);
#2860=EDGE_CURVE('',#2272,#2273,#1882,.T.);
#2861=EDGE_CURVE('',#2273,#2274,#1251,.T.);
#2862=EDGE_CURVE('',#2274,#2275,#1883,.T.);
#2863=EDGE_CURVE('',#2276,#2275,#1252,.T.);
#2864=EDGE_CURVE('',#2276,#2277,#1884,.T.);
#2865=EDGE_CURVE('',#2277,#2271,#1253,.T.);
#2866=EDGE_CURVE('',#2278,#2278,#1885,.T.);
#2867=EDGE_CURVE('',#2279,#2280,#1886,.T.);
#2868=EDGE_CURVE('',#2256,#2279,#1254,.T.);
#2869=EDGE_CURVE('',#2255,#2280,#1255,.T.);
#2870=EDGE_CURVE('',#2279,#2281,#1256,.T.);
#2871=EDGE_CURVE('',#2281,#2282,#1257,.T.);
#2872=EDGE_CURVE('',#2283,#2282,#1258,.T.);
#2873=EDGE_CURVE('',#2279,#2283,#1259,.T.);
#2874=EDGE_CURVE('',#2280,#2284,#1260,.T.);
#2875=EDGE_CURVE('',#2284,#2285,#1887,.T.);
#2876=EDGE_CURVE('',#2285,#2286,#1261,.T.);
#2877=EDGE_CURVE('',#2286,#2287,#1888,.T.);
#2878=EDGE_CURVE('',#2287,#2288,#1262,.T.);
#2879=EDGE_CURVE('',#2288,#2281,#1889,.T.);
#2880=EDGE_CURVE('',#2254,#2284,#1263,.T.);
#2881=EDGE_CURVE('',#2250,#2288,#1264,.T.);
#2882=EDGE_CURVE('',#2249,#2281,#1265,.T.);
#2883=EDGE_CURVE('',#2251,#2287,#1266,.T.);
#2884=EDGE_CURVE('',#2253,#2285,#1267,.T.);
#2885=EDGE_CURVE('',#2252,#2286,#1268,.T.);
#2886=EDGE_CURVE('',#2236,#2276,#1269,.T.);
#2887=EDGE_CURVE('',#2235,#2277,#1270,.T.);
#2888=EDGE_CURVE('',#2234,#2271,#1271,.T.);
#2889=EDGE_CURVE('',#2259,#2274,#1272,.T.);
#2890=EDGE_CURVE('',#2258,#2275,#1273,.T.);
#2891=EDGE_CURVE('',#2257,#2289,#1274,.T.);
#2892=EDGE_CURVE('',#2290,#2289,#1275,.T.);
#2893=EDGE_CURVE('',#2237,#2290,#1276,.T.);
#2894=EDGE_CURVE('',#2291,#2292,#1890,.T.);
#2895=EDGE_CURVE('',#2242,#2291,#1277,.T.);
#2896=EDGE_CURVE('',#2241,#2292,#1278,.T.);
#2897=EDGE_CURVE('',#2293,#2292,#1279,.T.);
#2898=EDGE_CURVE('',#2240,#2294,#1280,.T.);
#2899=EDGE_CURVE('',#2295,#2294,#1281,.T.);
#2900=EDGE_CURVE('',#2248,#2295,#1282,.T.);
#2901=EDGE_CURVE('',#2247,#2293,#1283,.T.);
#2902=EDGE_CURVE('',#2293,#2296,#1891,.T.);
#2903=EDGE_CURVE('',#2246,#2296,#1284,.T.);
#2904=EDGE_CURVE('',#2297,#2298,#1892,.T.);
#2905=EDGE_CURVE('',#2298,#2291,#1285,.T.);
#2906=EDGE_CURVE('',#2296,#2297,#1286,.T.);
#2907=EDGE_CURVE('',#2245,#2297,#1287,.T.);
#2908=EDGE_CURVE('',#2260,#2273,#1288,.T.);
#2909=EDGE_CURVE('',#2272,#2270,#1289,.T.);
#2910=EDGE_CURVE('',#2243,#2298,#1290,.T.);
#2911=EDGE_CURVE('',#2244,#2278,#1291,.T.);
#2912=EDGE_CURVE('',#2299,#2290,#1893,.T.);
#2913=EDGE_CURVE('',#2238,#2299,#1292,.T.);
#2914=EDGE_CURVE('',#2289,#2283,#1894,.T.);
#2915=EDGE_CURVE('',#2239,#2300,#1293,.T.);
#2916=EDGE_CURVE('',#2294,#2300,#1895,.T.);
#2917=EDGE_CURVE('',#2282,#2295,#1896,.T.);
#2918=EDGE_CURVE('',#2300,#2299,#1294,.T.);
#2919=ORIENTED_EDGE('',*,*,#2301,.F.);
#2920=ORIENTED_EDGE('',*,*,#2302,.T.);
#2921=ORIENTED_EDGE('',*,*,#2303,.F.);
#2922=ORIENTED_EDGE('',*,*,#2302,.F.);
#2923=ORIENTED_EDGE('',*,*,#2304,.F.);
#2924=ORIENTED_EDGE('',*,*,#2305,.T.);
#2925=ORIENTED_EDGE('',*,*,#2306,.F.);
#2926=ORIENTED_EDGE('',*,*,#2305,.F.);
#2927=ORIENTED_EDGE('',*,*,#2307,.F.);
#2928=ORIENTED_EDGE('',*,*,#2308,.T.);
#2929=ORIENTED_EDGE('',*,*,#2309,.F.);
#2930=ORIENTED_EDGE('',*,*,#2310,.F.);
#2931=ORIENTED_EDGE('',*,*,#2311,.F.);
#2932=ORIENTED_EDGE('',*,*,#2310,.T.);
#2933=ORIENTED_EDGE('',*,*,#2312,.F.);
#2934=ORIENTED_EDGE('',*,*,#2313,.F.);
#2935=ORIENTED_EDGE('',*,*,#2314,.F.);
#2936=ORIENTED_EDGE('',*,*,#2313,.T.);
#2937=ORIENTED_EDGE('',*,*,#2315,.F.);
#2938=ORIENTED_EDGE('',*,*,#2316,.F.);
#2939=ORIENTED_EDGE('',*,*,#2317,.F.);
#2940=ORIENTED_EDGE('',*,*,#2316,.T.);
#2941=ORIENTED_EDGE('',*,*,#2318,.F.);
#2942=ORIENTED_EDGE('',*,*,#2308,.F.);
#2943=ORIENTED_EDGE('',*,*,#2319,.T.);
#2944=ORIENTED_EDGE('',*,*,#2320,.T.);
#2945=ORIENTED_EDGE('',*,*,#2321,.T.);
#2946=ORIENTED_EDGE('',*,*,#2322,.T.);
#2947=ORIENTED_EDGE('',*,*,#2303,.T.);
#2948=ORIENTED_EDGE('',*,*,#2306,.T.);
#2949=ORIENTED_EDGE('',*,*,#2314,.T.);
#2950=ORIENTED_EDGE('',*,*,#2317,.T.);
#2951=ORIENTED_EDGE('',*,*,#2307,.T.);
#2952=ORIENTED_EDGE('',*,*,#2311,.T.);
#2953=ORIENTED_EDGE('',*,*,#2323,.T.);
#2954=ORIENTED_EDGE('',*,*,#2324,.T.);
#2955=ORIENTED_EDGE('',*,*,#2325,.T.);
#2956=ORIENTED_EDGE('',*,*,#2326,.T.);
#2957=ORIENTED_EDGE('',*,*,#2301,.T.);
#2958=ORIENTED_EDGE('',*,*,#2304,.T.);
#2959=ORIENTED_EDGE('',*,*,#2315,.T.);
#2960=ORIENTED_EDGE('',*,*,#2312,.T.);
#2961=ORIENTED_EDGE('',*,*,#2309,.T.);
#2962=ORIENTED_EDGE('',*,*,#2318,.T.);
#2963=ORIENTED_EDGE('',*,*,#2327,.T.);
#2964=ORIENTED_EDGE('',*,*,#2324,.F.);
#2965=ORIENTED_EDGE('',*,*,#2328,.F.);
#2966=ORIENTED_EDGE('',*,*,#2322,.F.);
#2967=ORIENTED_EDGE('',*,*,#2329,.T.);
#2968=ORIENTED_EDGE('',*,*,#2325,.F.);
#2969=ORIENTED_EDGE('',*,*,#2327,.F.);
#2970=ORIENTED_EDGE('',*,*,#2321,.F.);
#2971=ORIENTED_EDGE('',*,*,#2330,.T.);
#2972=ORIENTED_EDGE('',*,*,#2326,.F.);
#2973=ORIENTED_EDGE('',*,*,#2329,.F.);
#2974=ORIENTED_EDGE('',*,*,#2320,.F.);
#2975=ORIENTED_EDGE('',*,*,#2328,.T.);
#2976=ORIENTED_EDGE('',*,*,#2323,.F.);
#2977=ORIENTED_EDGE('',*,*,#2330,.F.);
#2978=ORIENTED_EDGE('',*,*,#2319,.F.);
#2979=ORIENTED_EDGE('',*,*,#2331,.T.);
#2980=ORIENTED_EDGE('',*,*,#2332,.T.);
#2981=ORIENTED_EDGE('',*,*,#2333,.T.);
#2982=ORIENTED_EDGE('',*,*,#2334,.T.);
#2983=ORIENTED_EDGE('',*,*,#2335,.T.);
#2984=ORIENTED_EDGE('',*,*,#2336,.T.);
#2985=ORIENTED_EDGE('',*,*,#2333,.F.);
#2986=ORIENTED_EDGE('',*,*,#2337,.T.);
#2987=ORIENTED_EDGE('',*,*,#2338,.T.);
#2988=ORIENTED_EDGE('',*,*,#2339,.T.);
#2989=ORIENTED_EDGE('',*,*,#2335,.F.);
#2990=ORIENTED_EDGE('',*,*,#2340,.T.);
#2991=ORIENTED_EDGE('',*,*,#2341,.T.);
#2992=ORIENTED_EDGE('',*,*,#2342,.T.);
#2993=ORIENTED_EDGE('',*,*,#2338,.F.);
#2994=ORIENTED_EDGE('',*,*,#2343,.T.);
#2995=ORIENTED_EDGE('',*,*,#2344,.T.);
#2996=ORIENTED_EDGE('',*,*,#2345,.T.);
#2997=ORIENTED_EDGE('',*,*,#2341,.F.);
#2998=ORIENTED_EDGE('',*,*,#2346,.T.);
#2999=ORIENTED_EDGE('',*,*,#2347,.T.);
#3000=ORIENTED_EDGE('',*,*,#2348,.T.);
#3001=ORIENTED_EDGE('',*,*,#2344,.F.);
#3002=ORIENTED_EDGE('',*,*,#2349,.T.);
#3003=ORIENTED_EDGE('',*,*,#2350,.T.);
#3004=ORIENTED_EDGE('',*,*,#2351,.T.);
#3005=ORIENTED_EDGE('',*,*,#2347,.F.);
#3006=ORIENTED_EDGE('',*,*,#2352,.T.);
#3007=ORIENTED_EDGE('',*,*,#2331,.F.);
#3008=ORIENTED_EDGE('',*,*,#2353,.T.);
#3009=ORIENTED_EDGE('',*,*,#2350,.F.);
#3010=ORIENTED_EDGE('',*,*,#2354,.T.);
#3011=ORIENTED_EDGE('',*,*,#2343,.F.);
#3012=ORIENTED_EDGE('',*,*,#2355,.T.);
#3013=ORIENTED_EDGE('',*,*,#2356,.F.);
#3014=ORIENTED_EDGE('',*,*,#2357,.F.);
#3015=ORIENTED_EDGE('',*,*,#2340,.F.);
#3016=ORIENTED_EDGE('',*,*,#2358,.T.);
#3017=ORIENTED_EDGE('',*,*,#2359,.F.);
#3018=ORIENTED_EDGE('',*,*,#2355,.F.);
#3019=ORIENTED_EDGE('',*,*,#2337,.F.);
#3020=ORIENTED_EDGE('',*,*,#2360,.T.);
#3021=ORIENTED_EDGE('',*,*,#2361,.F.);
#3022=ORIENTED_EDGE('',*,*,#2358,.F.);
#3023=ORIENTED_EDGE('',*,*,#2332,.F.);
#3024=ORIENTED_EDGE('',*,*,#2362,.T.);
#3025=ORIENTED_EDGE('',*,*,#2363,.F.);
#3026=ORIENTED_EDGE('',*,*,#2360,.F.);
#3027=ORIENTED_EDGE('',*,*,#2334,.F.);
#3028=ORIENTED_EDGE('',*,*,#2336,.F.);
#3029=ORIENTED_EDGE('',*,*,#2339,.F.);
#3030=ORIENTED_EDGE('',*,*,#2342,.F.);
#3031=ORIENTED_EDGE('',*,*,#2345,.F.);
#3032=ORIENTED_EDGE('',*,*,#2348,.F.);
#3033=ORIENTED_EDGE('',*,*,#2351,.F.);
#3034=ORIENTED_EDGE('',*,*,#2353,.F.);
#3035=ORIENTED_EDGE('',*,*,#2364,.F.);
#3036=ORIENTED_EDGE('',*,*,#2365,.F.);
#3037=ORIENTED_EDGE('',*,*,#2366,.F.);
#3038=ORIENTED_EDGE('',*,*,#2367,.F.);
#3039=ORIENTED_EDGE('',*,*,#2368,.F.);
#3040=ORIENTED_EDGE('',*,*,#2369,.F.);
#3041=ORIENTED_EDGE('',*,*,#2370,.F.);
#3042=ORIENTED_EDGE('',*,*,#2371,.F.);
#3043=ORIENTED_EDGE('',*,*,#2372,.T.);
#3044=ORIENTED_EDGE('',*,*,#2373,.T.);
#3045=ORIENTED_EDGE('',*,*,#2374,.T.);
#3046=ORIENTED_EDGE('',*,*,#2364,.T.);
#3047=ORIENTED_EDGE('',*,*,#2375,.T.);
#3048=ORIENTED_EDGE('',*,*,#2365,.T.);
#3049=ORIENTED_EDGE('',*,*,#2374,.F.);
#3050=ORIENTED_EDGE('',*,*,#2376,.T.);
#3051=ORIENTED_EDGE('',*,*,#2377,.T.);
#3052=ORIENTED_EDGE('',*,*,#2366,.T.);
#3053=ORIENTED_EDGE('',*,*,#2375,.F.);
#3054=ORIENTED_EDGE('',*,*,#2378,.T.);
#3055=ORIENTED_EDGE('',*,*,#2379,.T.);
#3056=ORIENTED_EDGE('',*,*,#2367,.T.);
#3057=ORIENTED_EDGE('',*,*,#2377,.F.);
#3058=ORIENTED_EDGE('',*,*,#2380,.T.);
#3059=ORIENTED_EDGE('',*,*,#2381,.T.);
#3060=ORIENTED_EDGE('',*,*,#2368,.T.);
#3061=ORIENTED_EDGE('',*,*,#2379,.F.);
#3062=ORIENTED_EDGE('',*,*,#2382,.T.);
#3063=ORIENTED_EDGE('',*,*,#2383,.T.);
#3064=ORIENTED_EDGE('',*,*,#2369,.T.);
#3065=ORIENTED_EDGE('',*,*,#2381,.F.);
#3066=ORIENTED_EDGE('',*,*,#2384,.T.);
#3067=ORIENTED_EDGE('',*,*,#2385,.T.);
#3068=ORIENTED_EDGE('',*,*,#2370,.T.);
#3069=ORIENTED_EDGE('',*,*,#2383,.F.);
#3070=ORIENTED_EDGE('',*,*,#2386,.T.);
#3071=ORIENTED_EDGE('',*,*,#2372,.F.);
#3072=ORIENTED_EDGE('',*,*,#2371,.T.);
#3073=ORIENTED_EDGE('',*,*,#2385,.F.);
#3074=ORIENTED_EDGE('',*,*,#2387,.T.);
#3075=ORIENTED_EDGE('',*,*,#2380,.F.);
#3076=ORIENTED_EDGE('',*,*,#2388,.T.);
#3077=ORIENTED_EDGE('',*,*,#2389,.F.);
#3078=ORIENTED_EDGE('',*,*,#2390,.F.);
#3079=ORIENTED_EDGE('',*,*,#2378,.F.);
#3080=ORIENTED_EDGE('',*,*,#2391,.T.);
#3081=ORIENTED_EDGE('',*,*,#2392,.F.);
#3082=ORIENTED_EDGE('',*,*,#2388,.F.);
#3083=ORIENTED_EDGE('',*,*,#2376,.F.);
#3084=ORIENTED_EDGE('',*,*,#2393,.T.);
#3085=ORIENTED_EDGE('',*,*,#2394,.F.);
#3086=ORIENTED_EDGE('',*,*,#2391,.F.);
#3087=ORIENTED_EDGE('',*,*,#2373,.F.);
#3088=ORIENTED_EDGE('',*,*,#2395,.T.);
#3089=ORIENTED_EDGE('',*,*,#2396,.F.);
#3090=ORIENTED_EDGE('',*,*,#2393,.F.);
#3091=ORIENTED_EDGE('',*,*,#2397,.F.);
#3092=ORIENTED_EDGE('',*,*,#2398,.F.);
#3093=ORIENTED_EDGE('',*,*,#2399,.T.);
#3094=ORIENTED_EDGE('',*,*,#2400,.T.);
#3095=ORIENTED_EDGE('',*,*,#2401,.F.);
#3096=ORIENTED_EDGE('',*,*,#2400,.F.);
#3097=ORIENTED_EDGE('',*,*,#2402,.T.);
#3098=ORIENTED_EDGE('',*,*,#2403,.T.);
#3099=ORIENTED_EDGE('',*,*,#2404,.F.);
#3100=ORIENTED_EDGE('',*,*,#2405,.F.);
#3101=ORIENTED_EDGE('',*,*,#2402,.F.);
#3102=ORIENTED_EDGE('',*,*,#2399,.F.);
#3103=ORIENTED_EDGE('',*,*,#2406,.F.);
#3104=ORIENTED_EDGE('',*,*,#2403,.F.);
#3105=ORIENTED_EDGE('',*,*,#2405,.T.);
#3106=ORIENTED_EDGE('',*,*,#2407,.T.);
#3107=ORIENTED_EDGE('',*,*,#2408,.F.);
#3108=ORIENTED_EDGE('',*,*,#2407,.F.);
#3109=ORIENTED_EDGE('',*,*,#2404,.T.);
#3110=ORIENTED_EDGE('',*,*,#2398,.T.);
#3111=ORIENTED_EDGE('',*,*,#2409,.F.);
#3112=ORIENTED_EDGE('',*,*,#2410,.F.);
#3113=ORIENTED_EDGE('',*,*,#2411,.T.);
#3114=ORIENTED_EDGE('',*,*,#2412,.T.);
#3115=ORIENTED_EDGE('',*,*,#2413,.F.);
#3116=ORIENTED_EDGE('',*,*,#2412,.F.);
#3117=ORIENTED_EDGE('',*,*,#2414,.T.);
#3118=ORIENTED_EDGE('',*,*,#2415,.T.);
#3119=ORIENTED_EDGE('',*,*,#2416,.F.);
#3120=ORIENTED_EDGE('',*,*,#2417,.F.);
#3121=ORIENTED_EDGE('',*,*,#2414,.F.);
#3122=ORIENTED_EDGE('',*,*,#2411,.F.);
#3123=ORIENTED_EDGE('',*,*,#2418,.F.);
#3124=ORIENTED_EDGE('',*,*,#2415,.F.);
#3125=ORIENTED_EDGE('',*,*,#2417,.T.);
#3126=ORIENTED_EDGE('',*,*,#2419,.T.);
#3127=ORIENTED_EDGE('',*,*,#2420,.F.);
#3128=ORIENTED_EDGE('',*,*,#2419,.F.);
#3129=ORIENTED_EDGE('',*,*,#2416,.T.);
#3130=ORIENTED_EDGE('',*,*,#2410,.T.);
#3131=ORIENTED_EDGE('',*,*,#2421,.T.);
#3132=ORIENTED_EDGE('',*,*,#2422,.F.);
#3133=ORIENTED_EDGE('',*,*,#2423,.F.);
#3134=ORIENTED_EDGE('',*,*,#2424,.F.);
#3135=ORIENTED_EDGE('',*,*,#2425,.T.);
#3136=ORIENTED_EDGE('',*,*,#2426,.F.);
#3137=ORIENTED_EDGE('',*,*,#2427,.F.);
#3138=ORIENTED_EDGE('',*,*,#2428,.F.);
#3139=ORIENTED_EDGE('',*,*,#2429,.F.);
#3140=ORIENTED_EDGE('',*,*,#2430,.F.);
#3141=ORIENTED_EDGE('',*,*,#2431,.T.);
#3142=ORIENTED_EDGE('',*,*,#2432,.F.);
#3143=ORIENTED_EDGE('',*,*,#2433,.T.);
#3144=ORIENTED_EDGE('',*,*,#2426,.T.);
#3145=ORIENTED_EDGE('',*,*,#2434,.T.);
#3146=ORIENTED_EDGE('',*,*,#2435,.T.);
#3147=ORIENTED_EDGE('',*,*,#2436,.T.);
#3148=ORIENTED_EDGE('',*,*,#2432,.T.);
#3149=ORIENTED_EDGE('',*,*,#2437,.T.);
#3150=ORIENTED_EDGE('',*,*,#2422,.T.);
#3151=ORIENTED_EDGE('',*,*,#2438,.F.);
#3152=ORIENTED_EDGE('',*,*,#2439,.F.);
#3153=ORIENTED_EDGE('',*,*,#2440,.T.);
#3154=ORIENTED_EDGE('',*,*,#2435,.F.);
#3155=ORIENTED_EDGE('',*,*,#2429,.T.);
#3156=ORIENTED_EDGE('',*,*,#2436,.F.);
#3157=ORIENTED_EDGE('',*,*,#2440,.F.);
#3158=ORIENTED_EDGE('',*,*,#2441,.F.);
#3159=ORIENTED_EDGE('',*,*,#2427,.T.);
#3160=ORIENTED_EDGE('',*,*,#2433,.F.);
#3161=ORIENTED_EDGE('',*,*,#2421,.F.);
#3162=ORIENTED_EDGE('',*,*,#2442,.F.);
#3163=ORIENTED_EDGE('',*,*,#2438,.T.);
#3164=ORIENTED_EDGE('',*,*,#2434,.F.);
#3165=ORIENTED_EDGE('',*,*,#2425,.F.);
#3166=ORIENTED_EDGE('',*,*,#2443,.F.);
#3167=ORIENTED_EDGE('',*,*,#2423,.T.);
#3168=ORIENTED_EDGE('',*,*,#2437,.F.);
#3169=ORIENTED_EDGE('',*,*,#2431,.F.);
#3170=ORIENTED_EDGE('',*,*,#2444,.F.);
#3171=ORIENTED_EDGE('',*,*,#2445,.T.);
#3172=ORIENTED_EDGE('',*,*,#2446,.F.);
#3173=ORIENTED_EDGE('',*,*,#2447,.F.);
#3174=ORIENTED_EDGE('',*,*,#2448,.F.);
#3175=ORIENTED_EDGE('',*,*,#2449,.T.);
#3176=ORIENTED_EDGE('',*,*,#2450,.F.);
#3177=ORIENTED_EDGE('',*,*,#2451,.F.);
#3178=ORIENTED_EDGE('',*,*,#2452,.F.);
#3179=ORIENTED_EDGE('',*,*,#2453,.F.);
#3180=ORIENTED_EDGE('',*,*,#2454,.F.);
#3181=ORIENTED_EDGE('',*,*,#2455,.T.);
#3182=ORIENTED_EDGE('',*,*,#2456,.F.);
#3183=ORIENTED_EDGE('',*,*,#2457,.T.);
#3184=ORIENTED_EDGE('',*,*,#2450,.T.);
#3185=ORIENTED_EDGE('',*,*,#2458,.T.);
#3186=ORIENTED_EDGE('',*,*,#2459,.T.);
#3187=ORIENTED_EDGE('',*,*,#2460,.T.);
#3188=ORIENTED_EDGE('',*,*,#2456,.T.);
#3189=ORIENTED_EDGE('',*,*,#2461,.T.);
#3190=ORIENTED_EDGE('',*,*,#2446,.T.);
#3191=ORIENTED_EDGE('',*,*,#2462,.F.);
#3192=ORIENTED_EDGE('',*,*,#2463,.F.);
#3193=ORIENTED_EDGE('',*,*,#2464,.T.);
#3194=ORIENTED_EDGE('',*,*,#2459,.F.);
#3195=ORIENTED_EDGE('',*,*,#2453,.T.);
#3196=ORIENTED_EDGE('',*,*,#2460,.F.);
#3197=ORIENTED_EDGE('',*,*,#2464,.F.);
#3198=ORIENTED_EDGE('',*,*,#2465,.F.);
#3199=ORIENTED_EDGE('',*,*,#2451,.T.);
#3200=ORIENTED_EDGE('',*,*,#2457,.F.);
#3201=ORIENTED_EDGE('',*,*,#2445,.F.);
#3202=ORIENTED_EDGE('',*,*,#2466,.F.);
#3203=ORIENTED_EDGE('',*,*,#2462,.T.);
#3204=ORIENTED_EDGE('',*,*,#2458,.F.);
#3205=ORIENTED_EDGE('',*,*,#2449,.F.);
#3206=ORIENTED_EDGE('',*,*,#2467,.F.);
#3207=ORIENTED_EDGE('',*,*,#2447,.T.);
#3208=ORIENTED_EDGE('',*,*,#2461,.F.);
#3209=ORIENTED_EDGE('',*,*,#2455,.F.);
#3210=ORIENTED_EDGE('',*,*,#2468,.F.);
#3211=ORIENTED_EDGE('',*,*,#2386,.F.);
#3212=ORIENTED_EDGE('',*,*,#2469,.T.);
#3213=ORIENTED_EDGE('',*,*,#2470,.F.);
#3214=ORIENTED_EDGE('',*,*,#2471,.F.);
#3215=ORIENTED_EDGE('',*,*,#2382,.F.);
#3216=ORIENTED_EDGE('',*,*,#2390,.T.);
#3217=ORIENTED_EDGE('',*,*,#2472,.F.);
#3218=ORIENTED_EDGE('',*,*,#2473,.F.);
#3219=ORIENTED_EDGE('',*,*,#2384,.F.);
#3220=ORIENTED_EDGE('',*,*,#2473,.T.);
#3221=ORIENTED_EDGE('',*,*,#2474,.F.);
#3222=ORIENTED_EDGE('',*,*,#2469,.F.);
#3223=ORIENTED_EDGE('',*,*,#2387,.F.);
#3224=ORIENTED_EDGE('',*,*,#2471,.T.);
#3225=ORIENTED_EDGE('',*,*,#2475,.F.);
#3226=ORIENTED_EDGE('',*,*,#2395,.F.);
#3227=ORIENTED_EDGE('',*,*,#2352,.F.);
#3228=ORIENTED_EDGE('',*,*,#2476,.T.);
#3229=ORIENTED_EDGE('',*,*,#2477,.F.);
#3230=ORIENTED_EDGE('',*,*,#2478,.F.);
#3231=ORIENTED_EDGE('',*,*,#2479,.T.);
#3232=ORIENTED_EDGE('',*,*,#2477,.T.);
#3233=ORIENTED_EDGE('',*,*,#2480,.T.);
#3234=ORIENTED_EDGE('',*,*,#2481,.T.);
#3235=ORIENTED_EDGE('',*,*,#2356,.T.);
#3236=ORIENTED_EDGE('',*,*,#2359,.T.);
#3237=ORIENTED_EDGE('',*,*,#2361,.T.);
#3238=ORIENTED_EDGE('',*,*,#2363,.T.);
#3239=ORIENTED_EDGE('',*,*,#2406,.T.);
#3240=ORIENTED_EDGE('',*,*,#2408,.T.);
#3241=ORIENTED_EDGE('',*,*,#2397,.T.);
#3242=ORIENTED_EDGE('',*,*,#2401,.T.);
#3243=ORIENTED_EDGE('',*,*,#2418,.T.);
#3244=ORIENTED_EDGE('',*,*,#2420,.T.);
#3245=ORIENTED_EDGE('',*,*,#2409,.T.);
#3246=ORIENTED_EDGE('',*,*,#2413,.T.);
#3247=ORIENTED_EDGE('',*,*,#2439,.T.);
#3248=ORIENTED_EDGE('',*,*,#2443,.T.);
#3249=ORIENTED_EDGE('',*,*,#2428,.T.);
#3250=ORIENTED_EDGE('',*,*,#2442,.T.);
#3251=ORIENTED_EDGE('',*,*,#2424,.T.);
#3252=ORIENTED_EDGE('',*,*,#2444,.T.);
#3253=ORIENTED_EDGE('',*,*,#2430,.T.);
#3254=ORIENTED_EDGE('',*,*,#2441,.T.);
#3255=ORIENTED_EDGE('',*,*,#2463,.T.);
#3256=ORIENTED_EDGE('',*,*,#2467,.T.);
#3257=ORIENTED_EDGE('',*,*,#2452,.T.);
#3258=ORIENTED_EDGE('',*,*,#2466,.T.);
#3259=ORIENTED_EDGE('',*,*,#2448,.T.);
#3260=ORIENTED_EDGE('',*,*,#2468,.T.);
#3261=ORIENTED_EDGE('',*,*,#2454,.T.);
#3262=ORIENTED_EDGE('',*,*,#2465,.T.);
#3263=ORIENTED_EDGE('',*,*,#2472,.T.);
#3264=ORIENTED_EDGE('',*,*,#2389,.T.);
#3265=ORIENTED_EDGE('',*,*,#2392,.T.);
#3266=ORIENTED_EDGE('',*,*,#2394,.T.);
#3267=ORIENTED_EDGE('',*,*,#2396,.T.);
#3268=ORIENTED_EDGE('',*,*,#2475,.T.);
#3269=ORIENTED_EDGE('',*,*,#2470,.T.);
#3270=ORIENTED_EDGE('',*,*,#2474,.T.);
#3271=ORIENTED_EDGE('',*,*,#2346,.F.);
#3272=ORIENTED_EDGE('',*,*,#2357,.T.);
#3273=ORIENTED_EDGE('',*,*,#2481,.F.);
#3274=ORIENTED_EDGE('',*,*,#2482,.F.);
#3275=ORIENTED_EDGE('',*,*,#2354,.F.);
#3276=ORIENTED_EDGE('',*,*,#2478,.T.);
#3277=ORIENTED_EDGE('',*,*,#2479,.F.);
#3278=ORIENTED_EDGE('',*,*,#2362,.F.);
#3279=ORIENTED_EDGE('',*,*,#2349,.F.);
#3280=ORIENTED_EDGE('',*,*,#2482,.T.);
#3281=ORIENTED_EDGE('',*,*,#2480,.F.);
#3282=ORIENTED_EDGE('',*,*,#2476,.F.);
#3283=ORIENTED_EDGE('',*,*,#2483,.F.);
#3284=ORIENTED_EDGE('',*,*,#2484,.T.);
#3285=ORIENTED_EDGE('',*,*,#2485,.F.);
#3286=ORIENTED_EDGE('',*,*,#2484,.F.);
#3287=ORIENTED_EDGE('',*,*,#2486,.F.);
#3288=ORIENTED_EDGE('',*,*,#2487,.T.);
#3289=ORIENTED_EDGE('',*,*,#2488,.F.);
#3290=ORIENTED_EDGE('',*,*,#2487,.F.);
#3291=ORIENTED_EDGE('',*,*,#2489,.F.);
#3292=ORIENTED_EDGE('',*,*,#2490,.T.);
#3293=ORIENTED_EDGE('',*,*,#2491,.F.);
#3294=ORIENTED_EDGE('',*,*,#2490,.F.);
#3295=ORIENTED_EDGE('',*,*,#2492,.F.);
#3296=ORIENTED_EDGE('',*,*,#2493,.T.);
#3297=ORIENTED_EDGE('',*,*,#2494,.F.);
#3298=ORIENTED_EDGE('',*,*,#2493,.F.);
#3299=ORIENTED_EDGE('',*,*,#2495,.T.);
#3300=ORIENTED_EDGE('',*,*,#2496,.T.);
#3301=ORIENTED_EDGE('',*,*,#2497,.T.);
#3302=ORIENTED_EDGE('',*,*,#2498,.T.);
#3303=ORIENTED_EDGE('',*,*,#2485,.T.);
#3304=ORIENTED_EDGE('',*,*,#2488,.T.);
#3305=ORIENTED_EDGE('',*,*,#2491,.T.);
#3306=ORIENTED_EDGE('',*,*,#2494,.T.);
#3307=ORIENTED_EDGE('',*,*,#2499,.T.);
#3308=ORIENTED_EDGE('',*,*,#2500,.T.);
#3309=ORIENTED_EDGE('',*,*,#2501,.T.);
#3310=ORIENTED_EDGE('',*,*,#2502,.T.);
#3311=ORIENTED_EDGE('',*,*,#2483,.T.);
#3312=ORIENTED_EDGE('',*,*,#2486,.T.);
#3313=ORIENTED_EDGE('',*,*,#2489,.T.);
#3314=ORIENTED_EDGE('',*,*,#2492,.T.);
#3315=ORIENTED_EDGE('',*,*,#2503,.T.);
#3316=ORIENTED_EDGE('',*,*,#2500,.F.);
#3317=ORIENTED_EDGE('',*,*,#2504,.F.);
#3318=ORIENTED_EDGE('',*,*,#2498,.F.);
#3319=ORIENTED_EDGE('',*,*,#2505,.T.);
#3320=ORIENTED_EDGE('',*,*,#2501,.F.);
#3321=ORIENTED_EDGE('',*,*,#2503,.F.);
#3322=ORIENTED_EDGE('',*,*,#2497,.F.);
#3323=ORIENTED_EDGE('',*,*,#2506,.T.);
#3324=ORIENTED_EDGE('',*,*,#2502,.F.);
#3325=ORIENTED_EDGE('',*,*,#2505,.F.);
#3326=ORIENTED_EDGE('',*,*,#2496,.F.);
#3327=ORIENTED_EDGE('',*,*,#2504,.T.);
#3328=ORIENTED_EDGE('',*,*,#2499,.F.);
#3329=ORIENTED_EDGE('',*,*,#2506,.F.);
#3330=ORIENTED_EDGE('',*,*,#2495,.F.);
#3331=ORIENTED_EDGE('',*,*,#2507,.T.);
#3332=ORIENTED_EDGE('',*,*,#2508,.T.);
#3333=ORIENTED_EDGE('',*,*,#2509,.T.);
#3334=ORIENTED_EDGE('',*,*,#2510,.T.);
#3335=ORIENTED_EDGE('',*,*,#2511,.T.);
#3336=ORIENTED_EDGE('',*,*,#2512,.T.);
#3337=ORIENTED_EDGE('',*,*,#2513,.T.);
#3338=ORIENTED_EDGE('',*,*,#2514,.T.);
#3339=ORIENTED_EDGE('',*,*,#2515,.T.);
#3340=ORIENTED_EDGE('',*,*,#2512,.F.);
#3341=ORIENTED_EDGE('',*,*,#2516,.F.);
#3342=ORIENTED_EDGE('',*,*,#2510,.F.);
#3343=ORIENTED_EDGE('',*,*,#2517,.T.);
#3344=ORIENTED_EDGE('',*,*,#2513,.F.);
#3345=ORIENTED_EDGE('',*,*,#2515,.F.);
#3346=ORIENTED_EDGE('',*,*,#2509,.F.);
#3347=ORIENTED_EDGE('',*,*,#2518,.T.);
#3348=ORIENTED_EDGE('',*,*,#2514,.F.);
#3349=ORIENTED_EDGE('',*,*,#2517,.F.);
#3350=ORIENTED_EDGE('',*,*,#2508,.F.);
#3351=ORIENTED_EDGE('',*,*,#2516,.T.);
#3352=ORIENTED_EDGE('',*,*,#2511,.F.);
#3353=ORIENTED_EDGE('',*,*,#2518,.F.);
#3354=ORIENTED_EDGE('',*,*,#2507,.F.);
#3355=ORIENTED_EDGE('',*,*,#2519,.T.);
#3356=ORIENTED_EDGE('',*,*,#2520,.T.);
#3357=ORIENTED_EDGE('',*,*,#2521,.T.);
#3358=ORIENTED_EDGE('',*,*,#2522,.T.);
#3359=ORIENTED_EDGE('',*,*,#2523,.T.);
#3360=ORIENTED_EDGE('',*,*,#2524,.T.);
#3361=ORIENTED_EDGE('',*,*,#2525,.T.);
#3362=ORIENTED_EDGE('',*,*,#2526,.T.);
#3363=ORIENTED_EDGE('',*,*,#2527,.T.);
#3364=ORIENTED_EDGE('',*,*,#2524,.F.);
#3365=ORIENTED_EDGE('',*,*,#2528,.F.);
#3366=ORIENTED_EDGE('',*,*,#2522,.F.);
#3367=ORIENTED_EDGE('',*,*,#2529,.T.);
#3368=ORIENTED_EDGE('',*,*,#2525,.F.);
#3369=ORIENTED_EDGE('',*,*,#2527,.F.);
#3370=ORIENTED_EDGE('',*,*,#2521,.F.);
#3371=ORIENTED_EDGE('',*,*,#2530,.T.);
#3372=ORIENTED_EDGE('',*,*,#2526,.F.);
#3373=ORIENTED_EDGE('',*,*,#2529,.F.);
#3374=ORIENTED_EDGE('',*,*,#2520,.F.);
#3375=ORIENTED_EDGE('',*,*,#2528,.T.);
#3376=ORIENTED_EDGE('',*,*,#2523,.F.);
#3377=ORIENTED_EDGE('',*,*,#2530,.F.);
#3378=ORIENTED_EDGE('',*,*,#2519,.F.);
#3379=ORIENTED_EDGE('',*,*,#2531,.T.);
#3380=ORIENTED_EDGE('',*,*,#2532,.T.);
#3381=ORIENTED_EDGE('',*,*,#2533,.T.);
#3382=ORIENTED_EDGE('',*,*,#2534,.T.);
#3383=ORIENTED_EDGE('',*,*,#2535,.T.);
#3384=ORIENTED_EDGE('',*,*,#2536,.T.);
#3385=ORIENTED_EDGE('',*,*,#2537,.T.);
#3386=ORIENTED_EDGE('',*,*,#2538,.T.);
#3387=ORIENTED_EDGE('',*,*,#2539,.T.);
#3388=ORIENTED_EDGE('',*,*,#2536,.F.);
#3389=ORIENTED_EDGE('',*,*,#2540,.F.);
#3390=ORIENTED_EDGE('',*,*,#2534,.F.);
#3391=ORIENTED_EDGE('',*,*,#2541,.T.);
#3392=ORIENTED_EDGE('',*,*,#2537,.F.);
#3393=ORIENTED_EDGE('',*,*,#2539,.F.);
#3394=ORIENTED_EDGE('',*,*,#2533,.F.);
#3395=ORIENTED_EDGE('',*,*,#2542,.T.);
#3396=ORIENTED_EDGE('',*,*,#2538,.F.);
#3397=ORIENTED_EDGE('',*,*,#2541,.F.);
#3398=ORIENTED_EDGE('',*,*,#2532,.F.);
#3399=ORIENTED_EDGE('',*,*,#2540,.T.);
#3400=ORIENTED_EDGE('',*,*,#2535,.F.);
#3401=ORIENTED_EDGE('',*,*,#2542,.F.);
#3402=ORIENTED_EDGE('',*,*,#2531,.F.);
#3403=ORIENTED_EDGE('',*,*,#2543,.F.);
#3404=ORIENTED_EDGE('',*,*,#2544,.T.);
#3405=ORIENTED_EDGE('',*,*,#2545,.F.);
#3406=ORIENTED_EDGE('',*,*,#2544,.F.);
#3407=ORIENTED_EDGE('',*,*,#2545,.T.);
#3408=ORIENTED_EDGE('',*,*,#2543,.T.);
#3409=ORIENTED_EDGE('',*,*,#2546,.F.);
#3410=ORIENTED_EDGE('',*,*,#2547,.T.);
#3411=ORIENTED_EDGE('',*,*,#2548,.F.);
#3412=ORIENTED_EDGE('',*,*,#2547,.F.);
#3413=ORIENTED_EDGE('',*,*,#2548,.T.);
#3414=ORIENTED_EDGE('',*,*,#2546,.T.);
#3415=ORIENTED_EDGE('',*,*,#2549,.F.);
#3416=ORIENTED_EDGE('',*,*,#2550,.T.);
#3417=ORIENTED_EDGE('',*,*,#2551,.F.);
#3418=ORIENTED_EDGE('',*,*,#2550,.F.);
#3419=ORIENTED_EDGE('',*,*,#2551,.T.);
#3420=ORIENTED_EDGE('',*,*,#2549,.T.);
#3421=ORIENTED_EDGE('',*,*,#2552,.F.);
#3422=ORIENTED_EDGE('',*,*,#2553,.T.);
#3423=ORIENTED_EDGE('',*,*,#2554,.F.);
#3424=ORIENTED_EDGE('',*,*,#2553,.F.);
#3425=ORIENTED_EDGE('',*,*,#2554,.T.);
#3426=ORIENTED_EDGE('',*,*,#2552,.T.);
#3427=ORIENTED_EDGE('',*,*,#2555,.F.);
#3428=ORIENTED_EDGE('',*,*,#2556,.T.);
#3429=ORIENTED_EDGE('',*,*,#2557,.F.);
#3430=ORIENTED_EDGE('',*,*,#2556,.F.);
#3431=ORIENTED_EDGE('',*,*,#2557,.T.);
#3432=ORIENTED_EDGE('',*,*,#2555,.T.);
#3433=ORIENTED_EDGE('',*,*,#2558,.F.);
#3434=ORIENTED_EDGE('',*,*,#2559,.T.);
#3435=ORIENTED_EDGE('',*,*,#2560,.F.);
#3436=ORIENTED_EDGE('',*,*,#2559,.F.);
#3437=ORIENTED_EDGE('',*,*,#2560,.T.);
#3438=ORIENTED_EDGE('',*,*,#2558,.T.);
#3439=ORIENTED_EDGE('',*,*,#2561,.F.);
#3440=ORIENTED_EDGE('',*,*,#2562,.T.);
#3441=ORIENTED_EDGE('',*,*,#2563,.F.);
#3442=ORIENTED_EDGE('',*,*,#2562,.F.);
#3443=ORIENTED_EDGE('',*,*,#2563,.T.);
#3444=ORIENTED_EDGE('',*,*,#2561,.T.);
#3445=ORIENTED_EDGE('',*,*,#2564,.F.);
#3446=ORIENTED_EDGE('',*,*,#2565,.T.);
#3447=ORIENTED_EDGE('',*,*,#2566,.F.);
#3448=ORIENTED_EDGE('',*,*,#2565,.F.);
#3449=ORIENTED_EDGE('',*,*,#2566,.T.);
#3450=ORIENTED_EDGE('',*,*,#2564,.T.);
#3451=ORIENTED_EDGE('',*,*,#2567,.F.);
#3452=ORIENTED_EDGE('',*,*,#2568,.T.);
#3453=ORIENTED_EDGE('',*,*,#2569,.F.);
#3454=ORIENTED_EDGE('',*,*,#2570,.T.);
#3455=ORIENTED_EDGE('',*,*,#2571,.F.);
#3456=ORIENTED_EDGE('',*,*,#2572,.F.);
#3457=ORIENTED_EDGE('',*,*,#2573,.F.);
#3458=ORIENTED_EDGE('',*,*,#2574,.T.);
#3459=ORIENTED_EDGE('',*,*,#2575,.F.);
#3460=ORIENTED_EDGE('',*,*,#2576,.F.);
#3461=ORIENTED_EDGE('',*,*,#2572,.T.);
#3462=ORIENTED_EDGE('',*,*,#2577,.F.);
#3463=ORIENTED_EDGE('',*,*,#2578,.F.);
#3464=ORIENTED_EDGE('',*,*,#2579,.F.);
#3465=ORIENTED_EDGE('',*,*,#2580,.T.);
#3466=ORIENTED_EDGE('',*,*,#2568,.F.);
#3467=ORIENTED_EDGE('',*,*,#2567,.T.);
#3468=ORIENTED_EDGE('',*,*,#2581,.F.);
#3469=ORIENTED_EDGE('',*,*,#2582,.F.);
#3470=ORIENTED_EDGE('',*,*,#2575,.T.);
#3471=ORIENTED_EDGE('',*,*,#2583,.F.);
#3472=ORIENTED_EDGE('',*,*,#2584,.F.);
#3473=ORIENTED_EDGE('',*,*,#2585,.F.);
#3474=ORIENTED_EDGE('',*,*,#2578,.T.);
#3475=ORIENTED_EDGE('',*,*,#2569,.T.);
#3476=ORIENTED_EDGE('',*,*,#2580,.F.);
#3477=ORIENTED_EDGE('',*,*,#2586,.F.);
#3478=ORIENTED_EDGE('',*,*,#2587,.T.);
#3479=ORIENTED_EDGE('',*,*,#2571,.T.);
#3480=ORIENTED_EDGE('',*,*,#2588,.T.);
#3481=ORIENTED_EDGE('',*,*,#2583,.T.);
#3482=ORIENTED_EDGE('',*,*,#2577,.T.);
#3483=ORIENTED_EDGE('',*,*,#2588,.F.);
#3484=ORIENTED_EDGE('',*,*,#2574,.F.);
#3485=ORIENTED_EDGE('',*,*,#2589,.F.);
#3486=ORIENTED_EDGE('',*,*,#2581,.T.);
#3487=ORIENTED_EDGE('',*,*,#2570,.F.);
#3488=ORIENTED_EDGE('',*,*,#2587,.F.);
#3489=ORIENTED_EDGE('',*,*,#2590,.F.);
#3490=ORIENTED_EDGE('',*,*,#2584,.T.);
#3491=ORIENTED_EDGE('',*,*,#2591,.F.);
#3492=ORIENTED_EDGE('',*,*,#2592,.T.);
#3493=ORIENTED_EDGE('',*,*,#2593,.F.);
#3494=ORIENTED_EDGE('',*,*,#2594,.T.);
#3495=ORIENTED_EDGE('',*,*,#2595,.F.);
#3496=ORIENTED_EDGE('',*,*,#2596,.F.);
#3497=ORIENTED_EDGE('',*,*,#2597,.F.);
#3498=ORIENTED_EDGE('',*,*,#2598,.T.);
#3499=ORIENTED_EDGE('',*,*,#2599,.F.);
#3500=ORIENTED_EDGE('',*,*,#2600,.F.);
#3501=ORIENTED_EDGE('',*,*,#2596,.T.);
#3502=ORIENTED_EDGE('',*,*,#2601,.F.);
#3503=ORIENTED_EDGE('',*,*,#2602,.F.);
#3504=ORIENTED_EDGE('',*,*,#2603,.F.);
#3505=ORIENTED_EDGE('',*,*,#2604,.T.);
#3506=ORIENTED_EDGE('',*,*,#2592,.F.);
#3507=ORIENTED_EDGE('',*,*,#2591,.T.);
#3508=ORIENTED_EDGE('',*,*,#2605,.F.);
#3509=ORIENTED_EDGE('',*,*,#2606,.F.);
#3510=ORIENTED_EDGE('',*,*,#2599,.T.);
#3511=ORIENTED_EDGE('',*,*,#2607,.F.);
#3512=ORIENTED_EDGE('',*,*,#2608,.F.);
#3513=ORIENTED_EDGE('',*,*,#2609,.F.);
#3514=ORIENTED_EDGE('',*,*,#2602,.T.);
#3515=ORIENTED_EDGE('',*,*,#2593,.T.);
#3516=ORIENTED_EDGE('',*,*,#2604,.F.);
#3517=ORIENTED_EDGE('',*,*,#2610,.F.);
#3518=ORIENTED_EDGE('',*,*,#2611,.T.);
#3519=ORIENTED_EDGE('',*,*,#2595,.T.);
#3520=ORIENTED_EDGE('',*,*,#2612,.T.);
#3521=ORIENTED_EDGE('',*,*,#2607,.T.);
#3522=ORIENTED_EDGE('',*,*,#2601,.T.);
#3523=ORIENTED_EDGE('',*,*,#2612,.F.);
#3524=ORIENTED_EDGE('',*,*,#2598,.F.);
#3525=ORIENTED_EDGE('',*,*,#2613,.F.);
#3526=ORIENTED_EDGE('',*,*,#2605,.T.);
#3527=ORIENTED_EDGE('',*,*,#2594,.F.);
#3528=ORIENTED_EDGE('',*,*,#2611,.F.);
#3529=ORIENTED_EDGE('',*,*,#2614,.F.);
#3530=ORIENTED_EDGE('',*,*,#2608,.T.);
#3531=ORIENTED_EDGE('',*,*,#2615,.F.);
#3532=ORIENTED_EDGE('',*,*,#2616,.F.);
#3533=ORIENTED_EDGE('',*,*,#2617,.F.);
#3534=ORIENTED_EDGE('',*,*,#2618,.F.);
#3535=ORIENTED_EDGE('',*,*,#2617,.T.);
#3536=ORIENTED_EDGE('',*,*,#2619,.F.);
#3537=ORIENTED_EDGE('',*,*,#2620,.F.);
#3538=ORIENTED_EDGE('',*,*,#2621,.F.);
#3539=ORIENTED_EDGE('',*,*,#2616,.T.);
#3540=ORIENTED_EDGE('',*,*,#2622,.T.);
#3541=ORIENTED_EDGE('',*,*,#2623,.F.);
#3542=ORIENTED_EDGE('',*,*,#2624,.F.);
#3543=ORIENTED_EDGE('',*,*,#2625,.T.);
#3544=ORIENTED_EDGE('',*,*,#2626,.F.);
#3545=ORIENTED_EDGE('',*,*,#2627,.F.);
#3546=ORIENTED_EDGE('',*,*,#2619,.T.);
#3547=ORIENTED_EDGE('',*,*,#2628,.F.);
#3548=ORIENTED_EDGE('',*,*,#2625,.F.);
#3549=ORIENTED_EDGE('',*,*,#2629,.F.);
#3550=ORIENTED_EDGE('',*,*,#2630,.F.);
#3551=ORIENTED_EDGE('',*,*,#2615,.T.);
#3552=ORIENTED_EDGE('',*,*,#2631,.F.);
#3553=ORIENTED_EDGE('',*,*,#2632,.F.);
#3554=ORIENTED_EDGE('',*,*,#2622,.F.);
#3555=ORIENTED_EDGE('',*,*,#2618,.T.);
#3556=ORIENTED_EDGE('',*,*,#2621,.T.);
#3557=ORIENTED_EDGE('',*,*,#2633,.F.);
#3558=ORIENTED_EDGE('',*,*,#2634,.F.);
#3559=ORIENTED_EDGE('',*,*,#2630,.T.);
#3560=ORIENTED_EDGE('',*,*,#2635,.F.);
#3561=ORIENTED_EDGE('',*,*,#2636,.F.);
#3562=ORIENTED_EDGE('',*,*,#2631,.T.);
#3563=ORIENTED_EDGE('',*,*,#2633,.T.);
#3564=ORIENTED_EDGE('',*,*,#2620,.T.);
#3565=ORIENTED_EDGE('',*,*,#2627,.T.);
#3566=ORIENTED_EDGE('',*,*,#2637,.T.);
#3567=ORIENTED_EDGE('',*,*,#2638,.F.);
#3568=ORIENTED_EDGE('',*,*,#2639,.F.);
#3569=ORIENTED_EDGE('',*,*,#2640,.F.);
#3570=ORIENTED_EDGE('',*,*,#2641,.T.);
#3571=ORIENTED_EDGE('',*,*,#2635,.T.);
#3572=ORIENTED_EDGE('',*,*,#2629,.T.);
#3573=ORIENTED_EDGE('',*,*,#2624,.T.);
#3574=ORIENTED_EDGE('',*,*,#2642,.T.);
#3575=ORIENTED_EDGE('',*,*,#2643,.F.);
#3576=ORIENTED_EDGE('',*,*,#2644,.F.);
#3577=ORIENTED_EDGE('',*,*,#2645,.F.);
#3578=ORIENTED_EDGE('',*,*,#2646,.T.);
#3579=ORIENTED_EDGE('',*,*,#2634,.T.);
#3580=ORIENTED_EDGE('',*,*,#2641,.F.);
#3581=ORIENTED_EDGE('',*,*,#2647,.F.);
#3582=ORIENTED_EDGE('',*,*,#2648,.F.);
#3583=ORIENTED_EDGE('',*,*,#2649,.F.);
#3584=ORIENTED_EDGE('',*,*,#2637,.F.);
#3585=ORIENTED_EDGE('',*,*,#2626,.T.);
#3586=ORIENTED_EDGE('',*,*,#2628,.T.);
#3587=ORIENTED_EDGE('',*,*,#2639,.T.);
#3588=ORIENTED_EDGE('',*,*,#2650,.F.);
#3589=ORIENTED_EDGE('',*,*,#2651,.F.);
#3590=ORIENTED_EDGE('',*,*,#2652,.F.);
#3591=ORIENTED_EDGE('',*,*,#2648,.T.);
#3592=ORIENTED_EDGE('',*,*,#2653,.T.);
#3593=ORIENTED_EDGE('',*,*,#2654,.F.);
#3594=ORIENTED_EDGE('',*,*,#2655,.F.);
#3595=ORIENTED_EDGE('',*,*,#2656,.T.);
#3596=ORIENTED_EDGE('',*,*,#2657,.T.);
#3597=ORIENTED_EDGE('',*,*,#2644,.T.);
#3598=ORIENTED_EDGE('',*,*,#2658,.F.);
#3599=ORIENTED_EDGE('',*,*,#2636,.T.);
#3600=ORIENTED_EDGE('',*,*,#2646,.F.);
#3601=ORIENTED_EDGE('',*,*,#2659,.F.);
#3602=ORIENTED_EDGE('',*,*,#2660,.T.);
#3603=ORIENTED_EDGE('',*,*,#2661,.F.);
#3604=ORIENTED_EDGE('',*,*,#2642,.F.);
#3605=ORIENTED_EDGE('',*,*,#2623,.T.);
#3606=ORIENTED_EDGE('',*,*,#2632,.T.);
#3607=ORIENTED_EDGE('',*,*,#2662,.F.);
#3608=ORIENTED_EDGE('',*,*,#2663,.F.);
#3609=ORIENTED_EDGE('',*,*,#2660,.F.);
#3610=ORIENTED_EDGE('',*,*,#2664,.F.);
#3611=ORIENTED_EDGE('',*,*,#2662,.T.);
#3612=ORIENTED_EDGE('',*,*,#2665,.T.);
#3613=ORIENTED_EDGE('',*,*,#2666,.T.);
#3614=ORIENTED_EDGE('',*,*,#2667,.F.);
#3615=ORIENTED_EDGE('',*,*,#2668,.F.);
#3616=ORIENTED_EDGE('',*,*,#2669,.T.);
#3617=ORIENTED_EDGE('',*,*,#2670,.F.);
#3618=ORIENTED_EDGE('',*,*,#2671,.F.);
#3619=ORIENTED_EDGE('',*,*,#2672,.F.);
#3620=ORIENTED_EDGE('',*,*,#2673,.F.);
#3621=ORIENTED_EDGE('',*,*,#2674,.F.);
#3622=ORIENTED_EDGE('',*,*,#2675,.F.);
#3623=ORIENTED_EDGE('',*,*,#2676,.F.);
#3624=ORIENTED_EDGE('',*,*,#2677,.F.);
#3625=ORIENTED_EDGE('',*,*,#2678,.F.);
#3626=ORIENTED_EDGE('',*,*,#2679,.F.);
#3627=ORIENTED_EDGE('',*,*,#2680,.F.);
#3628=ORIENTED_EDGE('',*,*,#2681,.F.);
#3629=ORIENTED_EDGE('',*,*,#2682,.F.);
#3630=ORIENTED_EDGE('',*,*,#2669,.F.);
#3631=ORIENTED_EDGE('',*,*,#2683,.F.);
#3632=ORIENTED_EDGE('',*,*,#2684,.F.);
#3633=ORIENTED_EDGE('',*,*,#2685,.F.);
#3634=ORIENTED_EDGE('',*,*,#2686,.F.);
#3635=ORIENTED_EDGE('',*,*,#2687,.F.);
#3636=ORIENTED_EDGE('',*,*,#2688,.F.);
#3637=ORIENTED_EDGE('',*,*,#2689,.F.);
#3638=ORIENTED_EDGE('',*,*,#2690,.F.);
#3639=ORIENTED_EDGE('',*,*,#2691,.F.);
#3640=ORIENTED_EDGE('',*,*,#2692,.F.);
#3641=ORIENTED_EDGE('',*,*,#2693,.F.);
#3642=ORIENTED_EDGE('',*,*,#2681,.T.);
#3643=ORIENTED_EDGE('',*,*,#2694,.F.);
#3644=ORIENTED_EDGE('',*,*,#2695,.T.);
#3645=ORIENTED_EDGE('',*,*,#2696,.F.);
#3646=ORIENTED_EDGE('',*,*,#2683,.T.);
#3647=ORIENTED_EDGE('',*,*,#2680,.T.);
#3648=ORIENTED_EDGE('',*,*,#2668,.T.);
#3649=ORIENTED_EDGE('',*,*,#2697,.F.);
#3650=ORIENTED_EDGE('',*,*,#2670,.T.);
#3651=ORIENTED_EDGE('',*,*,#2682,.T.);
#3652=ORIENTED_EDGE('',*,*,#2693,.T.);
#3653=ORIENTED_EDGE('',*,*,#2698,.F.);
#3654=ORIENTED_EDGE('',*,*,#2695,.F.);
#3655=ORIENTED_EDGE('',*,*,#2679,.T.);
#3656=ORIENTED_EDGE('',*,*,#2699,.F.);
#3657=ORIENTED_EDGE('',*,*,#2671,.T.);
#3658=ORIENTED_EDGE('',*,*,#2697,.T.);
#3659=ORIENTED_EDGE('',*,*,#2684,.T.);
#3660=ORIENTED_EDGE('',*,*,#2696,.T.);
#3661=ORIENTED_EDGE('',*,*,#2698,.T.);
#3662=ORIENTED_EDGE('',*,*,#2692,.T.);
#3663=ORIENTED_EDGE('',*,*,#2700,.F.);
#3664=ORIENTED_EDGE('',*,*,#2678,.T.);
#3665=ORIENTED_EDGE('',*,*,#2701,.F.);
#3666=ORIENTED_EDGE('',*,*,#2672,.T.);
#3667=ORIENTED_EDGE('',*,*,#2699,.T.);
#3668=ORIENTED_EDGE('',*,*,#2685,.T.);
#3669=ORIENTED_EDGE('',*,*,#2700,.T.);
#3670=ORIENTED_EDGE('',*,*,#2691,.T.);
#3671=ORIENTED_EDGE('',*,*,#2702,.F.);
#3672=ORIENTED_EDGE('',*,*,#2677,.T.);
#3673=ORIENTED_EDGE('',*,*,#2703,.F.);
#3674=ORIENTED_EDGE('',*,*,#2673,.T.);
#3675=ORIENTED_EDGE('',*,*,#2701,.T.);
#3676=ORIENTED_EDGE('',*,*,#2686,.T.);
#3677=ORIENTED_EDGE('',*,*,#2702,.T.);
#3678=ORIENTED_EDGE('',*,*,#2690,.T.);
#3679=ORIENTED_EDGE('',*,*,#2704,.F.);
#3680=ORIENTED_EDGE('',*,*,#2675,.T.);
#3681=ORIENTED_EDGE('',*,*,#2705,.T.);
#3682=ORIENTED_EDGE('',*,*,#2676,.T.);
#3683=ORIENTED_EDGE('',*,*,#2705,.F.);
#3684=ORIENTED_EDGE('',*,*,#2674,.T.);
#3685=ORIENTED_EDGE('',*,*,#2703,.T.);
#3686=ORIENTED_EDGE('',*,*,#2687,.T.);
#3687=ORIENTED_EDGE('',*,*,#2704,.T.);
#3688=ORIENTED_EDGE('',*,*,#2689,.T.);
#3689=ORIENTED_EDGE('',*,*,#2706,.F.);
#3690=ORIENTED_EDGE('',*,*,#2688,.T.);
#3691=ORIENTED_EDGE('',*,*,#2706,.T.);
#3692=ORIENTED_EDGE('',*,*,#2707,.F.);
#3693=ORIENTED_EDGE('',*,*,#2708,.T.);
#3694=ORIENTED_EDGE('',*,*,#2709,.F.);
#3695=ORIENTED_EDGE('',*,*,#2710,.F.);
#3696=ORIENTED_EDGE('',*,*,#2711,.F.);
#3697=ORIENTED_EDGE('',*,*,#2712,.F.);
#3698=ORIENTED_EDGE('',*,*,#2713,.F.);
#3699=ORIENTED_EDGE('',*,*,#2714,.F.);
#3700=ORIENTED_EDGE('',*,*,#2715,.F.);
#3701=ORIENTED_EDGE('',*,*,#2716,.F.);
#3702=ORIENTED_EDGE('',*,*,#2717,.F.);
#3703=ORIENTED_EDGE('',*,*,#2718,.F.);
#3704=ORIENTED_EDGE('',*,*,#2719,.F.);
#3705=ORIENTED_EDGE('',*,*,#2720,.F.);
#3706=ORIENTED_EDGE('',*,*,#2721,.F.);
#3707=ORIENTED_EDGE('',*,*,#2708,.F.);
#3708=ORIENTED_EDGE('',*,*,#2722,.F.);
#3709=ORIENTED_EDGE('',*,*,#2723,.F.);
#3710=ORIENTED_EDGE('',*,*,#2724,.F.);
#3711=ORIENTED_EDGE('',*,*,#2725,.F.);
#3712=ORIENTED_EDGE('',*,*,#2726,.F.);
#3713=ORIENTED_EDGE('',*,*,#2727,.F.);
#3714=ORIENTED_EDGE('',*,*,#2728,.F.);
#3715=ORIENTED_EDGE('',*,*,#2729,.F.);
#3716=ORIENTED_EDGE('',*,*,#2730,.F.);
#3717=ORIENTED_EDGE('',*,*,#2731,.F.);
#3718=ORIENTED_EDGE('',*,*,#2732,.F.);
#3719=ORIENTED_EDGE('',*,*,#2720,.T.);
#3720=ORIENTED_EDGE('',*,*,#2733,.F.);
#3721=ORIENTED_EDGE('',*,*,#2734,.T.);
#3722=ORIENTED_EDGE('',*,*,#2735,.F.);
#3723=ORIENTED_EDGE('',*,*,#2722,.T.);
#3724=ORIENTED_EDGE('',*,*,#2719,.T.);
#3725=ORIENTED_EDGE('',*,*,#2707,.T.);
#3726=ORIENTED_EDGE('',*,*,#2736,.F.);
#3727=ORIENTED_EDGE('',*,*,#2709,.T.);
#3728=ORIENTED_EDGE('',*,*,#2721,.T.);
#3729=ORIENTED_EDGE('',*,*,#2732,.T.);
#3730=ORIENTED_EDGE('',*,*,#2737,.F.);
#3731=ORIENTED_EDGE('',*,*,#2734,.F.);
#3732=ORIENTED_EDGE('',*,*,#2718,.T.);
#3733=ORIENTED_EDGE('',*,*,#2738,.F.);
#3734=ORIENTED_EDGE('',*,*,#2710,.T.);
#3735=ORIENTED_EDGE('',*,*,#2736,.T.);
#3736=ORIENTED_EDGE('',*,*,#2723,.T.);
#3737=ORIENTED_EDGE('',*,*,#2735,.T.);
#3738=ORIENTED_EDGE('',*,*,#2737,.T.);
#3739=ORIENTED_EDGE('',*,*,#2731,.T.);
#3740=ORIENTED_EDGE('',*,*,#2739,.F.);
#3741=ORIENTED_EDGE('',*,*,#2717,.T.);
#3742=ORIENTED_EDGE('',*,*,#2740,.F.);
#3743=ORIENTED_EDGE('',*,*,#2711,.T.);
#3744=ORIENTED_EDGE('',*,*,#2738,.T.);
#3745=ORIENTED_EDGE('',*,*,#2724,.T.);
#3746=ORIENTED_EDGE('',*,*,#2739,.T.);
#3747=ORIENTED_EDGE('',*,*,#2730,.T.);
#3748=ORIENTED_EDGE('',*,*,#2741,.F.);
#3749=ORIENTED_EDGE('',*,*,#2716,.T.);
#3750=ORIENTED_EDGE('',*,*,#2742,.F.);
#3751=ORIENTED_EDGE('',*,*,#2712,.T.);
#3752=ORIENTED_EDGE('',*,*,#2740,.T.);
#3753=ORIENTED_EDGE('',*,*,#2725,.T.);
#3754=ORIENTED_EDGE('',*,*,#2741,.T.);
#3755=ORIENTED_EDGE('',*,*,#2729,.T.);
#3756=ORIENTED_EDGE('',*,*,#2743,.F.);
#3757=ORIENTED_EDGE('',*,*,#2714,.T.);
#3758=ORIENTED_EDGE('',*,*,#2744,.T.);
#3759=ORIENTED_EDGE('',*,*,#2715,.T.);
#3760=ORIENTED_EDGE('',*,*,#2744,.F.);
#3761=ORIENTED_EDGE('',*,*,#2713,.T.);
#3762=ORIENTED_EDGE('',*,*,#2742,.T.);
#3763=ORIENTED_EDGE('',*,*,#2726,.T.);
#3764=ORIENTED_EDGE('',*,*,#2743,.T.);
#3765=ORIENTED_EDGE('',*,*,#2728,.T.);
#3766=ORIENTED_EDGE('',*,*,#2745,.F.);
#3767=ORIENTED_EDGE('',*,*,#2727,.T.);
#3768=ORIENTED_EDGE('',*,*,#2745,.T.);
#3769=ORIENTED_EDGE('',*,*,#2746,.F.);
#3770=ORIENTED_EDGE('',*,*,#2747,.T.);
#3771=ORIENTED_EDGE('',*,*,#2748,.T.);
#3772=ORIENTED_EDGE('',*,*,#2747,.F.);
#3773=ORIENTED_EDGE('',*,*,#2746,.T.);
#3774=ORIENTED_EDGE('',*,*,#2749,.F.);
#3775=ORIENTED_EDGE('',*,*,#2750,.F.);
#3776=ORIENTED_EDGE('',*,*,#2751,.F.);
#3777=ORIENTED_EDGE('',*,*,#2752,.T.);
#3778=ORIENTED_EDGE('',*,*,#2748,.F.);
#3779=ORIENTED_EDGE('',*,*,#2752,.F.);
#3780=ORIENTED_EDGE('',*,*,#2753,.T.);
#3781=ORIENTED_EDGE('',*,*,#2750,.T.);
#3782=ORIENTED_EDGE('',*,*,#2754,.F.);
#3783=ORIENTED_EDGE('',*,*,#2755,.T.);
#3784=ORIENTED_EDGE('',*,*,#2756,.T.);
#3785=ORIENTED_EDGE('',*,*,#2755,.F.);
#3786=ORIENTED_EDGE('',*,*,#2754,.T.);
#3787=ORIENTED_EDGE('',*,*,#2757,.F.);
#3788=ORIENTED_EDGE('',*,*,#2758,.F.);
#3789=ORIENTED_EDGE('',*,*,#2759,.F.);
#3790=ORIENTED_EDGE('',*,*,#2760,.T.);
#3791=ORIENTED_EDGE('',*,*,#2756,.F.);
#3792=ORIENTED_EDGE('',*,*,#2760,.F.);
#3793=ORIENTED_EDGE('',*,*,#2761,.T.);
#3794=ORIENTED_EDGE('',*,*,#2758,.T.);
#3795=ORIENTED_EDGE('',*,*,#2762,.F.);
#3796=ORIENTED_EDGE('',*,*,#2763,.T.);
#3797=ORIENTED_EDGE('',*,*,#2764,.T.);
#3798=ORIENTED_EDGE('',*,*,#2763,.F.);
#3799=ORIENTED_EDGE('',*,*,#2764,.F.);
#3800=ORIENTED_EDGE('',*,*,#2694,.T.);
#3801=ORIENTED_EDGE('',*,*,#2765,.F.);
#3802=ORIENTED_EDGE('',*,*,#2766,.T.);
#3803=ORIENTED_EDGE('',*,*,#2767,.T.);
#3804=ORIENTED_EDGE('',*,*,#2766,.F.);
#3805=ORIENTED_EDGE('',*,*,#2767,.F.);
#3806=ORIENTED_EDGE('',*,*,#2733,.T.);
#3807=ORIENTED_EDGE('',*,*,#2768,.F.);
#3808=ORIENTED_EDGE('',*,*,#2769,.T.);
#3809=ORIENTED_EDGE('',*,*,#2770,.F.);
#3810=ORIENTED_EDGE('',*,*,#2769,.F.);
#3811=ORIENTED_EDGE('',*,*,#2771,.T.);
#3812=ORIENTED_EDGE('',*,*,#2772,.T.);
#3813=ORIENTED_EDGE('',*,*,#2773,.F.);
#3814=ORIENTED_EDGE('',*,*,#2772,.F.);
#3815=ORIENTED_EDGE('',*,*,#2771,.F.);
#3816=ORIENTED_EDGE('',*,*,#2770,.T.);
#3817=ORIENTED_EDGE('',*,*,#2774,.T.);
#3818=ORIENTED_EDGE('',*,*,#2775,.T.);
#3819=ORIENTED_EDGE('',*,*,#2776,.F.);
#3820=ORIENTED_EDGE('',*,*,#2775,.F.);
#3821=ORIENTED_EDGE('',*,*,#2774,.F.);
#3822=ORIENTED_EDGE('',*,*,#2773,.T.);
#3823=ORIENTED_EDGE('',*,*,#2777,.F.);
#3824=ORIENTED_EDGE('',*,*,#2778,.T.);
#3825=ORIENTED_EDGE('',*,*,#2779,.F.);
#3826=ORIENTED_EDGE('',*,*,#2778,.F.);
#3827=ORIENTED_EDGE('',*,*,#2780,.T.);
#3828=ORIENTED_EDGE('',*,*,#2781,.T.);
#3829=ORIENTED_EDGE('',*,*,#2782,.F.);
#3830=ORIENTED_EDGE('',*,*,#2781,.F.);
#3831=ORIENTED_EDGE('',*,*,#2780,.F.);
#3832=ORIENTED_EDGE('',*,*,#2779,.T.);
#3833=ORIENTED_EDGE('',*,*,#2783,.T.);
#3834=ORIENTED_EDGE('',*,*,#2784,.T.);
#3835=ORIENTED_EDGE('',*,*,#2785,.F.);
#3836=ORIENTED_EDGE('',*,*,#2784,.F.);
#3837=ORIENTED_EDGE('',*,*,#2783,.F.);
#3838=ORIENTED_EDGE('',*,*,#2782,.T.);
#3839=ORIENTED_EDGE('',*,*,#2786,.F.);
#3840=ORIENTED_EDGE('',*,*,#2656,.F.);
#3841=ORIENTED_EDGE('',*,*,#2787,.F.);
#3842=ORIENTED_EDGE('',*,*,#2788,.F.);
#3843=ORIENTED_EDGE('',*,*,#2789,.F.);
#3844=ORIENTED_EDGE('',*,*,#2790,.F.);
#3845=ORIENTED_EDGE('',*,*,#2791,.F.);
#3846=ORIENTED_EDGE('',*,*,#2654,.T.);
#3847=ORIENTED_EDGE('',*,*,#2652,.T.);
#3848=ORIENTED_EDGE('',*,*,#2792,.F.);
#3849=ORIENTED_EDGE('',*,*,#2793,.F.);
#3850=ORIENTED_EDGE('',*,*,#2794,.F.);
#3851=ORIENTED_EDGE('',*,*,#2795,.T.);
#3852=ORIENTED_EDGE('',*,*,#2796,.T.);
#3853=ORIENTED_EDGE('',*,*,#2797,.T.);
#3854=ORIENTED_EDGE('',*,*,#2798,.T.);
#3855=ORIENTED_EDGE('',*,*,#2749,.T.);
#3856=ORIENTED_EDGE('',*,*,#2751,.T.);
#3857=ORIENTED_EDGE('',*,*,#2799,.T.);
#3858=ORIENTED_EDGE('',*,*,#2789,.T.);
#3859=ORIENTED_EDGE('',*,*,#2653,.F.);
#3860=ORIENTED_EDGE('',*,*,#2647,.T.);
#3861=ORIENTED_EDGE('',*,*,#2640,.T.);
#3862=ORIENTED_EDGE('',*,*,#2762,.T.);
#3863=ORIENTED_EDGE('',*,*,#2645,.T.);
#3864=ORIENTED_EDGE('',*,*,#2657,.F.);
#3865=ORIENTED_EDGE('',*,*,#2786,.T.);
#3866=ORIENTED_EDGE('',*,*,#2800,.T.);
#3867=ORIENTED_EDGE('',*,*,#2757,.T.);
#3868=ORIENTED_EDGE('',*,*,#2759,.T.);
#3869=ORIENTED_EDGE('',*,*,#2801,.T.);
#3870=ORIENTED_EDGE('',*,*,#2802,.T.);
#3871=ORIENTED_EDGE('',*,*,#2803,.T.);
#3872=ORIENTED_EDGE('',*,*,#2804,.T.);
#3873=ORIENTED_EDGE('',*,*,#2805,.F.);
#3874=ORIENTED_EDGE('',*,*,#2806,.F.);
#3875=ORIENTED_EDGE('',*,*,#2665,.F.);
#3876=ORIENTED_EDGE('',*,*,#2664,.T.);
#3877=ORIENTED_EDGE('',*,*,#2659,.T.);
#3878=ORIENTED_EDGE('',*,*,#2765,.T.);
#3879=ORIENTED_EDGE('',*,*,#2790,.T.);
#3880=ORIENTED_EDGE('',*,*,#2799,.F.);
#3881=ORIENTED_EDGE('',*,*,#2753,.F.);
#3882=ORIENTED_EDGE('',*,*,#2798,.F.);
#3883=ORIENTED_EDGE('',*,*,#2807,.F.);
#3884=ORIENTED_EDGE('',*,*,#2808,.F.);
#3885=ORIENTED_EDGE('',*,*,#2788,.T.);
#3886=ORIENTED_EDGE('',*,*,#2809,.F.);
#3887=ORIENTED_EDGE('',*,*,#2810,.T.);
#3888=ORIENTED_EDGE('',*,*,#2801,.F.);
#3889=ORIENTED_EDGE('',*,*,#2761,.F.);
#3890=ORIENTED_EDGE('',*,*,#2800,.F.);
#3891=ORIENTED_EDGE('',*,*,#2811,.T.);
#3892=ORIENTED_EDGE('',*,*,#2812,.T.);
#3893=ORIENTED_EDGE('',*,*,#2813,.T.);
#3894=ORIENTED_EDGE('',*,*,#2814,.T.);
#3895=ORIENTED_EDGE('',*,*,#2815,.T.);
#3896=ORIENTED_EDGE('',*,*,#2816,.T.);
#3897=ORIENTED_EDGE('',*,*,#2817,.T.);
#3898=ORIENTED_EDGE('',*,*,#2818,.T.);
#3899=ORIENTED_EDGE('',*,*,#2819,.T.);
#3900=ORIENTED_EDGE('',*,*,#2820,.T.);
#3901=ORIENTED_EDGE('',*,*,#2821,.T.);
#3902=ORIENTED_EDGE('',*,*,#2822,.T.);
#3903=ORIENTED_EDGE('',*,*,#2823,.T.);
#3904=ORIENTED_EDGE('',*,*,#2824,.T.);
#3905=ORIENTED_EDGE('',*,*,#2825,.T.);
#3906=ORIENTED_EDGE('',*,*,#2826,.T.);
#3907=ORIENTED_EDGE('',*,*,#2827,.T.);
#3908=ORIENTED_EDGE('',*,*,#2828,.T.);
#3909=ORIENTED_EDGE('',*,*,#2829,.T.);
#3910=ORIENTED_EDGE('',*,*,#2830,.T.);
#3911=ORIENTED_EDGE('',*,*,#2831,.T.);
#3912=ORIENTED_EDGE('',*,*,#2832,.T.);
#3913=ORIENTED_EDGE('',*,*,#2833,.T.);
#3914=ORIENTED_EDGE('',*,*,#2834,.T.);
#3915=ORIENTED_EDGE('',*,*,#2835,.T.);
#3916=ORIENTED_EDGE('',*,*,#2836,.T.);
#3917=ORIENTED_EDGE('',*,*,#2837,.T.);
#3918=ORIENTED_EDGE('',*,*,#2776,.T.);
#3919=ORIENTED_EDGE('',*,*,#2785,.T.);
#3920=ORIENTED_EDGE('',*,*,#2787,.T.);
#3921=ORIENTED_EDGE('',*,*,#2655,.T.);
#3922=ORIENTED_EDGE('',*,*,#2791,.T.);
#3923=ORIENTED_EDGE('',*,*,#2808,.T.);
#3924=ORIENTED_EDGE('',*,*,#2838,.T.);
#3925=ORIENTED_EDGE('',*,*,#2839,.T.);
#3926=ORIENTED_EDGE('',*,*,#2840,.T.);
#3927=ORIENTED_EDGE('',*,*,#2841,.T.);
#3928=ORIENTED_EDGE('',*,*,#2842,.T.);
#3929=ORIENTED_EDGE('',*,*,#2843,.T.);
#3930=ORIENTED_EDGE('',*,*,#2844,.T.);
#3931=ORIENTED_EDGE('',*,*,#2809,.T.);
#3932=ORIENTED_EDGE('',*,*,#2795,.F.);
#3933=ORIENTED_EDGE('',*,*,#2845,.F.);
#3934=ORIENTED_EDGE('',*,*,#2840,.F.);
#3935=ORIENTED_EDGE('',*,*,#2846,.F.);
#3936=ORIENTED_EDGE('',*,*,#2804,.F.);
#3937=ORIENTED_EDGE('',*,*,#2847,.F.);
#3938=ORIENTED_EDGE('',*,*,#2842,.F.);
#3939=ORIENTED_EDGE('',*,*,#2848,.T.);
#3940=ORIENTED_EDGE('',*,*,#2847,.T.);
#3941=ORIENTED_EDGE('',*,*,#2803,.F.);
#3942=ORIENTED_EDGE('',*,*,#2849,.F.);
#3943=ORIENTED_EDGE('',*,*,#2843,.F.);
#3944=ORIENTED_EDGE('',*,*,#2802,.F.);
#3945=ORIENTED_EDGE('',*,*,#2810,.F.);
#3946=ORIENTED_EDGE('',*,*,#2844,.F.);
#3947=ORIENTED_EDGE('',*,*,#2849,.T.);
#3948=ORIENTED_EDGE('',*,*,#2846,.T.);
#3949=ORIENTED_EDGE('',*,*,#2839,.F.);
#3950=ORIENTED_EDGE('',*,*,#2850,.T.);
#3951=ORIENTED_EDGE('',*,*,#2796,.F.);
#3952=ORIENTED_EDGE('',*,*,#2797,.F.);
#3953=ORIENTED_EDGE('',*,*,#2850,.F.);
#3954=ORIENTED_EDGE('',*,*,#2838,.F.);
#3955=ORIENTED_EDGE('',*,*,#2807,.T.);
#3956=ORIENTED_EDGE('',*,*,#2651,.T.);
#3957=ORIENTED_EDGE('',*,*,#2851,.F.);
#3958=ORIENTED_EDGE('',*,*,#2852,.F.);
#3959=ORIENTED_EDGE('',*,*,#2792,.T.);
#3960=ORIENTED_EDGE('',*,*,#2853,.F.);
#3961=ORIENTED_EDGE('',*,*,#2666,.F.);
#3962=ORIENTED_EDGE('',*,*,#2806,.T.);
#3963=ORIENTED_EDGE('',*,*,#2854,.T.);
#3964=ORIENTED_EDGE('',*,*,#2794,.T.);
#3965=ORIENTED_EDGE('',*,*,#2855,.T.);
#3966=ORIENTED_EDGE('',*,*,#2856,.F.);
#3967=ORIENTED_EDGE('',*,*,#2854,.F.);
#3968=ORIENTED_EDGE('',*,*,#2805,.T.);
#3969=ORIENTED_EDGE('',*,*,#2848,.F.);
#3970=ORIENTED_EDGE('',*,*,#2841,.F.);
#3971=ORIENTED_EDGE('',*,*,#2845,.T.);
#3972=ORIENTED_EDGE('',*,*,#2857,.F.);
#3973=ORIENTED_EDGE('',*,*,#2855,.F.);
#3974=ORIENTED_EDGE('',*,*,#2793,.T.);
#3975=ORIENTED_EDGE('',*,*,#2852,.T.);
#3976=ORIENTED_EDGE('',*,*,#2858,.T.);
#3977=ORIENTED_EDGE('',*,*,#2768,.T.);
#3978=ORIENTED_EDGE('',*,*,#2859,.T.);
#3979=ORIENTED_EDGE('',*,*,#2860,.T.);
#3980=ORIENTED_EDGE('',*,*,#2861,.T.);
#3981=ORIENTED_EDGE('',*,*,#2862,.T.);
#3982=ORIENTED_EDGE('',*,*,#2863,.F.);
#3983=ORIENTED_EDGE('',*,*,#2864,.T.);
#3984=ORIENTED_EDGE('',*,*,#2865,.T.);
#3985=ORIENTED_EDGE('',*,*,#2866,.T.);
#3986=ORIENTED_EDGE('',*,*,#2777,.T.);
#3987=ORIENTED_EDGE('',*,*,#2867,.F.);
#3988=ORIENTED_EDGE('',*,*,#2868,.F.);
#3989=ORIENTED_EDGE('',*,*,#2832,.F.);
#3990=ORIENTED_EDGE('',*,*,#2869,.T.);
#3991=ORIENTED_EDGE('',*,*,#2870,.T.);
#3992=ORIENTED_EDGE('',*,*,#2871,.T.);
#3993=ORIENTED_EDGE('',*,*,#2872,.F.);
#3994=ORIENTED_EDGE('',*,*,#2873,.F.);
#3995=ORIENTED_EDGE('',*,*,#2870,.F.);
#3996=ORIENTED_EDGE('',*,*,#2867,.T.);
#3997=ORIENTED_EDGE('',*,*,#2874,.T.);
#3998=ORIENTED_EDGE('',*,*,#2875,.T.);
#3999=ORIENTED_EDGE('',*,*,#2876,.T.);
#4000=ORIENTED_EDGE('',*,*,#2877,.T.);
#4001=ORIENTED_EDGE('',*,*,#2878,.T.);
#4002=ORIENTED_EDGE('',*,*,#2879,.T.);
#4003=ORIENTED_EDGE('',*,*,#2582,.T.);
#4004=ORIENTED_EDGE('',*,*,#2589,.T.);
#4005=ORIENTED_EDGE('',*,*,#2573,.T.);
#4006=ORIENTED_EDGE('',*,*,#2576,.T.);
#4007=ORIENTED_EDGE('',*,*,#2585,.T.);
#4008=ORIENTED_EDGE('',*,*,#2590,.T.);
#4009=ORIENTED_EDGE('',*,*,#2586,.T.);
#4010=ORIENTED_EDGE('',*,*,#2579,.T.);
#4011=ORIENTED_EDGE('',*,*,#2606,.T.);
#4012=ORIENTED_EDGE('',*,*,#2613,.T.);
#4013=ORIENTED_EDGE('',*,*,#2597,.T.);
#4014=ORIENTED_EDGE('',*,*,#2600,.T.);
#4015=ORIENTED_EDGE('',*,*,#2609,.T.);
#4016=ORIENTED_EDGE('',*,*,#2614,.T.);
#4017=ORIENTED_EDGE('',*,*,#2610,.T.);
#4018=ORIENTED_EDGE('',*,*,#2603,.T.);
#4019=ORIENTED_EDGE('',*,*,#2869,.F.);
#4020=ORIENTED_EDGE('',*,*,#2831,.F.);
#4021=ORIENTED_EDGE('',*,*,#2880,.T.);
#4022=ORIENTED_EDGE('',*,*,#2874,.F.);
#4023=ORIENTED_EDGE('',*,*,#2879,.F.);
#4024=ORIENTED_EDGE('',*,*,#2881,.F.);
#4025=ORIENTED_EDGE('',*,*,#2826,.F.);
#4026=ORIENTED_EDGE('',*,*,#2882,.T.);
#4027=ORIENTED_EDGE('',*,*,#2881,.T.);
#4028=ORIENTED_EDGE('',*,*,#2878,.F.);
#4029=ORIENTED_EDGE('',*,*,#2883,.F.);
#4030=ORIENTED_EDGE('',*,*,#2827,.F.);
#4031=ORIENTED_EDGE('',*,*,#2884,.T.);
#4032=ORIENTED_EDGE('',*,*,#2875,.F.);
#4033=ORIENTED_EDGE('',*,*,#2880,.F.);
#4034=ORIENTED_EDGE('',*,*,#2830,.F.);
#4035=ORIENTED_EDGE('',*,*,#2885,.F.);
#4036=ORIENTED_EDGE('',*,*,#2828,.F.);
#4037=ORIENTED_EDGE('',*,*,#2883,.T.);
#4038=ORIENTED_EDGE('',*,*,#2877,.F.);
#4039=ORIENTED_EDGE('',*,*,#2885,.T.);
#4040=ORIENTED_EDGE('',*,*,#2876,.F.);
#4041=ORIENTED_EDGE('',*,*,#2884,.F.);
#4042=ORIENTED_EDGE('',*,*,#2829,.F.);
#4043=ORIENTED_EDGE('',*,*,#2864,.F.);
#4044=ORIENTED_EDGE('',*,*,#2886,.F.);
#4045=ORIENTED_EDGE('',*,*,#2812,.F.);
#4046=ORIENTED_EDGE('',*,*,#2887,.T.);
#4047=ORIENTED_EDGE('',*,*,#2887,.F.);
#4048=ORIENTED_EDGE('',*,*,#2811,.F.);
#4049=ORIENTED_EDGE('',*,*,#2888,.T.);
#4050=ORIENTED_EDGE('',*,*,#2865,.F.);
#4051=ORIENTED_EDGE('',*,*,#2862,.F.);
#4052=ORIENTED_EDGE('',*,*,#2889,.F.);
#4053=ORIENTED_EDGE('',*,*,#2835,.F.);
#4054=ORIENTED_EDGE('',*,*,#2890,.T.);
#4055=ORIENTED_EDGE('',*,*,#2863,.T.);
#4056=ORIENTED_EDGE('',*,*,#2890,.F.);
#4057=ORIENTED_EDGE('',*,*,#2834,.F.);
#4058=ORIENTED_EDGE('',*,*,#2891,.T.);
#4059=ORIENTED_EDGE('',*,*,#2892,.F.);
#4060=ORIENTED_EDGE('',*,*,#2893,.F.);
#4061=ORIENTED_EDGE('',*,*,#2813,.F.);
#4062=ORIENTED_EDGE('',*,*,#2886,.T.);
#4063=ORIENTED_EDGE('',*,*,#2894,.F.);
#4064=ORIENTED_EDGE('',*,*,#2895,.F.);
#4065=ORIENTED_EDGE('',*,*,#2818,.F.);
#4066=ORIENTED_EDGE('',*,*,#2896,.T.);
#4067=ORIENTED_EDGE('',*,*,#2897,.T.);
#4068=ORIENTED_EDGE('',*,*,#2896,.F.);
#4069=ORIENTED_EDGE('',*,*,#2817,.F.);
#4070=ORIENTED_EDGE('',*,*,#2898,.T.);
#4071=ORIENTED_EDGE('',*,*,#2899,.F.);
#4072=ORIENTED_EDGE('',*,*,#2900,.F.);
#4073=ORIENTED_EDGE('',*,*,#2824,.F.);
#4074=ORIENTED_EDGE('',*,*,#2901,.T.);
#4075=ORIENTED_EDGE('',*,*,#2902,.F.);
#4076=ORIENTED_EDGE('',*,*,#2901,.F.);
#4077=ORIENTED_EDGE('',*,*,#2823,.F.);
#4078=ORIENTED_EDGE('',*,*,#2903,.T.);
#4079=ORIENTED_EDGE('',*,*,#2904,.T.);
#4080=ORIENTED_EDGE('',*,*,#2905,.T.);
#4081=ORIENTED_EDGE('',*,*,#2894,.T.);
#4082=ORIENTED_EDGE('',*,*,#2897,.F.);
#4083=ORIENTED_EDGE('',*,*,#2902,.T.);
#4084=ORIENTED_EDGE('',*,*,#2906,.T.);
#4085=ORIENTED_EDGE('',*,*,#2903,.F.);
#4086=ORIENTED_EDGE('',*,*,#2822,.F.);
#4087=ORIENTED_EDGE('',*,*,#2907,.T.);
#4088=ORIENTED_EDGE('',*,*,#2906,.F.);
#4089=ORIENTED_EDGE('',*,*,#2889,.T.);
#4090=ORIENTED_EDGE('',*,*,#2861,.F.);
#4091=ORIENTED_EDGE('',*,*,#2908,.F.);
#4092=ORIENTED_EDGE('',*,*,#2836,.F.);
#4093=ORIENTED_EDGE('',*,*,#2908,.T.);
#4094=ORIENTED_EDGE('',*,*,#2860,.F.);
#4095=ORIENTED_EDGE('',*,*,#2909,.T.);
#4096=ORIENTED_EDGE('',*,*,#2858,.F.);
#4097=ORIENTED_EDGE('',*,*,#2909,.F.);
#4098=ORIENTED_EDGE('',*,*,#2859,.F.);
#4099=ORIENTED_EDGE('',*,*,#2888,.F.);
#4100=ORIENTED_EDGE('',*,*,#2837,.F.);
#4101=ORIENTED_EDGE('',*,*,#2910,.T.);
#4102=ORIENTED_EDGE('',*,*,#2904,.F.);
#4103=ORIENTED_EDGE('',*,*,#2907,.F.);
#4104=ORIENTED_EDGE('',*,*,#2821,.F.);
#4105=ORIENTED_EDGE('',*,*,#2911,.T.);
#4106=ORIENTED_EDGE('',*,*,#2866,.F.);
#4107=ORIENTED_EDGE('',*,*,#2911,.F.);
#4108=ORIENTED_EDGE('',*,*,#2820,.F.);
#4109=ORIENTED_EDGE('',*,*,#2895,.T.);
#4110=ORIENTED_EDGE('',*,*,#2905,.F.);
#4111=ORIENTED_EDGE('',*,*,#2910,.F.);
#4112=ORIENTED_EDGE('',*,*,#2819,.F.);
#4113=ORIENTED_EDGE('',*,*,#2893,.T.);
#4114=ORIENTED_EDGE('',*,*,#2912,.F.);
#4115=ORIENTED_EDGE('',*,*,#2913,.F.);
#4116=ORIENTED_EDGE('',*,*,#2814,.F.);
#4117=ORIENTED_EDGE('',*,*,#2868,.T.);
#4118=ORIENTED_EDGE('',*,*,#2873,.T.);
#4119=ORIENTED_EDGE('',*,*,#2914,.F.);
#4120=ORIENTED_EDGE('',*,*,#2891,.F.);
#4121=ORIENTED_EDGE('',*,*,#2833,.F.);
#4122=ORIENTED_EDGE('',*,*,#2898,.F.);
#4123=ORIENTED_EDGE('',*,*,#2816,.F.);
#4124=ORIENTED_EDGE('',*,*,#2915,.T.);
#4125=ORIENTED_EDGE('',*,*,#2916,.F.);
#4126=ORIENTED_EDGE('',*,*,#2892,.T.);
#4127=ORIENTED_EDGE('',*,*,#2914,.T.);
#4128=ORIENTED_EDGE('',*,*,#2872,.T.);
#4129=ORIENTED_EDGE('',*,*,#2917,.T.);
#4130=ORIENTED_EDGE('',*,*,#2899,.T.);
#4131=ORIENTED_EDGE('',*,*,#2916,.T.);
#4132=ORIENTED_EDGE('',*,*,#2918,.T.);
#4133=ORIENTED_EDGE('',*,*,#2912,.T.);
#4134=ORIENTED_EDGE('',*,*,#2856,.T.);
#4135=ORIENTED_EDGE('',*,*,#2857,.T.);
#4136=ORIENTED_EDGE('',*,*,#2851,.T.);
#4137=ORIENTED_EDGE('',*,*,#2650,.T.);
#4138=ORIENTED_EDGE('',*,*,#2638,.T.);
#4139=ORIENTED_EDGE('',*,*,#2649,.T.);
#4140=ORIENTED_EDGE('',*,*,#2658,.T.);
#4141=ORIENTED_EDGE('',*,*,#2643,.T.);
#4142=ORIENTED_EDGE('',*,*,#2661,.T.);
#4143=ORIENTED_EDGE('',*,*,#2663,.T.);
#4144=ORIENTED_EDGE('',*,*,#2667,.T.);
#4145=ORIENTED_EDGE('',*,*,#2853,.T.);
#4146=ORIENTED_EDGE('',*,*,#2882,.F.);
#4147=ORIENTED_EDGE('',*,*,#2825,.F.);
#4148=ORIENTED_EDGE('',*,*,#2900,.T.);
#4149=ORIENTED_EDGE('',*,*,#2917,.F.);
#4150=ORIENTED_EDGE('',*,*,#2871,.F.);
#4151=ORIENTED_EDGE('',*,*,#2913,.T.);
#4152=ORIENTED_EDGE('',*,*,#2918,.F.);
#4153=ORIENTED_EDGE('',*,*,#2915,.F.);
#4154=ORIENTED_EDGE('',*,*,#2815,.F.);
#4155=CYLINDRICAL_SURFACE('',#4532,1.2);
#4156=CYLINDRICAL_SURFACE('',#4535,1.2);
#4157=CYLINDRICAL_SURFACE('',#4554,0.4);
#4158=CYLINDRICAL_SURFACE('',#4560,0.4);
#4159=CYLINDRICAL_SURFACE('',#4566,0.4);
#4160=CYLINDRICAL_SURFACE('',#4572,0.4);
#4161=CYLINDRICAL_SURFACE('',#4574,2.);
#4162=CYLINDRICAL_SURFACE('',#4577,2.);
#4163=CYLINDRICAL_SURFACE('',#4588,0.4);
#4164=CYLINDRICAL_SURFACE('',#4593,0.4);
#4165=CYLINDRICAL_SURFACE('',#4598,0.4);
#4166=CYLINDRICAL_SURFACE('',#4603,0.4);
#4167=CYLINDRICAL_SURFACE('',#4605,0.8);
#4168=CYLINDRICAL_SURFACE('',#4608,0.8);
#4169=CYLINDRICAL_SURFACE('',#4620,0.6);
#4170=CYLINDRICAL_SURFACE('',#4623,0.6);
#4171=CYLINDRICAL_SURFACE('',#4626,0.6);
#4172=CYLINDRICAL_SURFACE('',#4631,0.6);
#4173=CYLINDRICAL_SURFACE('',#4637,0.6);
#4174=CYLINDRICAL_SURFACE('',#4640,0.6);
#4175=CYLINDRICAL_SURFACE('',#4643,0.6);
#4176=CYLINDRICAL_SURFACE('',#4648,0.6);
#4177=CYLINDRICAL_SURFACE('',#4654,0.8);
#4178=CYLINDRICAL_SURFACE('',#4656,0.8);
#4179=CYLINDRICAL_SURFACE('',#4660,2.);
#4180=CYLINDRICAL_SURFACE('',#4664,2.);
#4181=CYLINDRICAL_SURFACE('',#4668,1.5);
#4182=CYLINDRICAL_SURFACE('',#4671,1.5);
#4183=CYLINDRICAL_SURFACE('',#4674,1.5);
#4184=CYLINDRICAL_SURFACE('',#4677,1.5);
#4185=CYLINDRICAL_SURFACE('',#4780,2.2);
#4186=CYLINDRICAL_SURFACE('',#4789,1.4);
#4187=CYLINDRICAL_SURFACE('',#4791,1.4);
#4188=CYLINDRICAL_SURFACE('',#4808,2.2);
#4189=CYLINDRICAL_SURFACE('',#4817,1.4);
#4190=CYLINDRICAL_SURFACE('',#4819,1.4);
#4191=CYLINDRICAL_SURFACE('',#4835,1.35);
#4192=CYLINDRICAL_SURFACE('',#4844,1.35);
#4193=CYLINDRICAL_SURFACE('',#4849,2.4);
#4194=CYLINDRICAL_SURFACE('',#4853,2.4);
#4195=CYLINDRICAL_SURFACE('',#4857,1.1);
#4196=CYLINDRICAL_SURFACE('',#4860,1.6);
#4197=CYLINDRICAL_SURFACE('',#4864,2.);
#4198=CYLINDRICAL_SURFACE('',#4868,1.1);
#4199=CYLINDRICAL_SURFACE('',#4871,1.6);
#4200=CYLINDRICAL_SURFACE('',#4875,2.);
#4201=CYLINDRICAL_SURFACE('',#4920,2.5);
#4202=CYLINDRICAL_SURFACE('',#4928,2.5);
#4203=CYLINDRICAL_SURFACE('',#4930,3.);
#4204=CYLINDRICAL_SURFACE('',#4931,3.);
#4205=CYLINDRICAL_SURFACE('',#4933,2.5);
#4206=CYLINDRICAL_SURFACE('',#4935,2.5);
#4207=CYLINDRICAL_SURFACE('',#4937,2.5);
#4208=CYLINDRICAL_SURFACE('',#4940,2.5);
#4209=CYLINDRICAL_SURFACE('',#4946,3.75);
#4210=CYLINDRICAL_SURFACE('',#4947,3.75);
#4211=CYLINDRICAL_SURFACE('',#4949,4.);
#4212=CYLINDRICAL_SURFACE('',#4951,4.);
#4213=CYLINDRICAL_SURFACE('',#4953,4.);
#4214=CYLINDRICAL_SURFACE('',#4957,4.);
#4215=ADVANCED_FACE('',(#317),#4155,.F.);
#4216=ADVANCED_FACE('',(#318),#4156,.F.);
#4217=ADVANCED_FACE('',(#319),#149,.T.);
#4218=ADVANCED_FACE('',(#320),#150,.T.);
#4219=ADVANCED_FACE('',(#321),#151,.T.);
#4220=ADVANCED_FACE('',(#322),#152,.T.);
#4221=ADVANCED_FACE('',(#323,#111,#112,#113),#153,.T.);
#4222=ADVANCED_FACE('',(#324,#114,#115,#116),#154,.F.);
#4223=ADVANCED_FACE('',(#325),#155,.F.);
#4224=ADVANCED_FACE('',(#326),#156,.F.);
#4225=ADVANCED_FACE('',(#327),#157,.F.);
#4226=ADVANCED_FACE('',(#328),#158,.F.);
#4227=ADVANCED_FACE('',(#329),#65,.T.);
#4228=ADVANCED_FACE('',(#330),#4157,.T.);
#4229=ADVANCED_FACE('',(#331),#66,.T.);
#4230=ADVANCED_FACE('',(#332),#4158,.T.);
#4231=ADVANCED_FACE('',(#333),#67,.T.);
#4232=ADVANCED_FACE('',(#334),#4159,.T.);
#4233=ADVANCED_FACE('',(#335),#68,.T.);
#4234=ADVANCED_FACE('',(#336),#4160,.T.);
#4235=ADVANCED_FACE('',(#337),#159,.F.);
#4236=ADVANCED_FACE('',(#338),#4161,.T.);
#4237=ADVANCED_FACE('',(#339),#160,.F.);
#4238=ADVANCED_FACE('',(#340),#4162,.T.);
#4239=ADVANCED_FACE('',(#341,#117),#161,.T.);
#4240=ADVANCED_FACE('',(#342),#69,.T.);
#4241=ADVANCED_FACE('',(#343),#4163,.T.);
#4242=ADVANCED_FACE('',(#344),#70,.T.);
#4243=ADVANCED_FACE('',(#345),#4164,.T.);
#4244=ADVANCED_FACE('',(#346),#71,.T.);
#4245=ADVANCED_FACE('',(#347),#4165,.T.);
#4246=ADVANCED_FACE('',(#348),#72,.T.);
#4247=ADVANCED_FACE('',(#349),#4166,.T.);
#4248=ADVANCED_FACE('',(#350),#162,.T.);
#4249=ADVANCED_FACE('',(#351),#4167,.F.);
#4250=ADVANCED_FACE('',(#352),#163,.T.);
#4251=ADVANCED_FACE('',(#353),#4168,.F.);
#4252=ADVANCED_FACE('',(#354),#164,.T.);
#4253=ADVANCED_FACE('',(#355),#165,.T.);
#4254=ADVANCED_FACE('',(#356),#166,.F.);
#4255=ADVANCED_FACE('',(#357),#167,.T.);
#4256=ADVANCED_FACE('',(#358),#168,.T.);
#4257=ADVANCED_FACE('',(#359),#169,.T.);
#4258=ADVANCED_FACE('',(#360),#170,.T.);
#4259=ADVANCED_FACE('',(#361),#171,.F.);
#4260=ADVANCED_FACE('',(#362),#172,.T.);
#4261=ADVANCED_FACE('',(#363),#173,.T.);
#4262=ADVANCED_FACE('',(#364),#4169,.T.);
#4263=ADVANCED_FACE('',(#365),#4170,.T.);
#4264=ADVANCED_FACE('',(#366),#4171,.T.);
#4265=ADVANCED_FACE('',(#367),#174,.F.);
#4266=ADVANCED_FACE('',(#368),#4172,.T.);
#4267=ADVANCED_FACE('',(#369),#175,.F.);
#4268=ADVANCED_FACE('',(#370),#176,.F.);
#4269=ADVANCED_FACE('',(#371),#177,.F.);
#4270=ADVANCED_FACE('',(#372),#178,.F.);
#4271=ADVANCED_FACE('',(#373),#4173,.T.);
#4272=ADVANCED_FACE('',(#374),#4174,.T.);
#4273=ADVANCED_FACE('',(#375),#4175,.T.);
#4274=ADVANCED_FACE('',(#376),#179,.F.);
#4275=ADVANCED_FACE('',(#377),#4176,.T.);
#4276=ADVANCED_FACE('',(#378),#180,.F.);
#4277=ADVANCED_FACE('',(#379),#181,.F.);
#4278=ADVANCED_FACE('',(#380),#182,.F.);
#4279=ADVANCED_FACE('',(#381),#183,.F.);
#4280=ADVANCED_FACE('',(#382),#4177,.F.);
#4281=ADVANCED_FACE('',(#383),#4178,.F.);
#4282=ADVANCED_FACE('',(#384),#184,.T.);
#4283=ADVANCED_FACE('',(#385),#185,.T.);
#4284=ADVANCED_FACE('',(#386),#4179,.T.);
#4285=ADVANCED_FACE('',(#387,#118,#119,#120,#121,#122),#186,.F.);
#4286=ADVANCED_FACE('',(#388),#4180,.T.);
#4287=ADVANCED_FACE('',(#389),#187,.F.);
#4288=ADVANCED_FACE('',(#390),#188,.F.);
#4289=ADVANCED_FACE('',(#391),#4181,.F.);
#4290=ADVANCED_FACE('',(#392),#4182,.F.);
#4291=ADVANCED_FACE('',(#393),#4183,.F.);
#4292=ADVANCED_FACE('',(#394),#4184,.F.);
#4293=ADVANCED_FACE('',(#395,#123,#124,#125,#126),#189,.T.);
#4294=ADVANCED_FACE('',(#396,#127,#128,#129,#130),#190,.F.);
#4295=ADVANCED_FACE('',(#397),#191,.F.);
#4296=ADVANCED_FACE('',(#398),#192,.F.);
#4297=ADVANCED_FACE('',(#399),#193,.F.);
#4298=ADVANCED_FACE('',(#400),#194,.F.);
#4299=ADVANCED_FACE('',(#401),#195,.T.);
#4300=ADVANCED_FACE('',(#402),#196,.F.);
#4301=ADVANCED_FACE('',(#403),#197,.F.);
#4302=ADVANCED_FACE('',(#404),#198,.F.);
#4303=ADVANCED_FACE('',(#405),#199,.F.);
#4304=ADVANCED_FACE('',(#406),#200,.F.);
#4305=ADVANCED_FACE('',(#407),#201,.T.);
#4306=ADVANCED_FACE('',(#408),#202,.F.);
#4307=ADVANCED_FACE('',(#409),#203,.F.);
#4308=ADVANCED_FACE('',(#410),#204,.F.);
#4309=ADVANCED_FACE('',(#411),#205,.F.);
#4310=ADVANCED_FACE('',(#412),#206,.F.);
#4311=ADVANCED_FACE('',(#413),#207,.T.);
#4312=ADVANCED_FACE('',(#414),#208,.F.);
#4313=ADVANCED_FACE('',(#415),#209,.F.);
#4314=ADVANCED_FACE('',(#416),#210,.F.);
#4315=ADVANCED_FACE('',(#417),#211,.F.);
#4316=ADVANCED_FACE('',(#418),#212,.F.);
#4317=ADVANCED_FACE('',(#419),#47,.T.);
#4318=ADVANCED_FACE('',(#420),#213,.T.);
#4319=ADVANCED_FACE('',(#421),#214,.T.);
#4320=ADVANCED_FACE('',(#422),#48,.T.);
#4321=ADVANCED_FACE('',(#423),#215,.T.);
#4322=ADVANCED_FACE('',(#424),#216,.T.);
#4323=ADVANCED_FACE('',(#425),#49,.T.);
#4324=ADVANCED_FACE('',(#426),#217,.T.);
#4325=ADVANCED_FACE('',(#427),#218,.T.);
#4326=ADVANCED_FACE('',(#428),#50,.T.);
#4327=ADVANCED_FACE('',(#429),#219,.T.);
#4328=ADVANCED_FACE('',(#430),#220,.T.);
#4329=ADVANCED_FACE('',(#431),#51,.T.);
#4330=ADVANCED_FACE('',(#432),#221,.T.);
#4331=ADVANCED_FACE('',(#433),#222,.T.);
#4332=ADVANCED_FACE('',(#434),#52,.T.);
#4333=ADVANCED_FACE('',(#435),#223,.T.);
#4334=ADVANCED_FACE('',(#436),#224,.T.);
#4335=ADVANCED_FACE('',(#437),#53,.T.);
#4336=ADVANCED_FACE('',(#438),#225,.T.);
#4337=ADVANCED_FACE('',(#439),#226,.T.);
#4338=ADVANCED_FACE('',(#440),#54,.T.);
#4339=ADVANCED_FACE('',(#441),#227,.T.);
#4340=ADVANCED_FACE('',(#442),#228,.T.);
#4341=ADVANCED_FACE('',(#443),#229,.T.);
#4342=ADVANCED_FACE('',(#444),#230,.F.);
#4343=ADVANCED_FACE('',(#445),#231,.F.);
#4344=ADVANCED_FACE('',(#446),#232,.F.);
#4345=ADVANCED_FACE('',(#447),#233,.F.);
#4346=ADVANCED_FACE('',(#448),#234,.F.);
#4347=ADVANCED_FACE('',(#449),#235,.F.);
#4348=ADVANCED_FACE('',(#450),#236,.F.);
#4349=ADVANCED_FACE('',(#451),#237,.T.);
#4350=ADVANCED_FACE('',(#452),#238,.F.);
#4351=ADVANCED_FACE('',(#453),#239,.F.);
#4352=ADVANCED_FACE('',(#454),#240,.F.);
#4353=ADVANCED_FACE('',(#455),#241,.F.);
#4354=ADVANCED_FACE('',(#456),#242,.F.);
#4355=ADVANCED_FACE('',(#457),#243,.F.);
#4356=ADVANCED_FACE('',(#458),#244,.F.);
#4357=ADVANCED_FACE('',(#459),#245,.T.);
#4358=ADVANCED_FACE('',(#460),#246,.F.);
#4359=ADVANCED_FACE('',(#461),#247,.F.);
#4360=ADVANCED_FACE('',(#462),#248,.F.);
#4361=ADVANCED_FACE('',(#463),#249,.F.);
#4362=ADVANCED_FACE('',(#464),#250,.T.);
#4363=ADVANCED_FACE('',(#465),#251,.F.);
#4364=ADVANCED_FACE('',(#466),#252,.F.);
#4365=ADVANCED_FACE('',(#467),#253,.F.);
#4366=ADVANCED_FACE('',(#468),#254,.F.);
#4367=ADVANCED_FACE('',(#469),#255,.T.);
#4368=ADVANCED_FACE('',(#470),#256,.F.);
#4369=ADVANCED_FACE('',(#471),#257,.F.);
#4370=ADVANCED_FACE('',(#472),#258,.T.);
#4371=ADVANCED_FACE('',(#473),#259,.T.);
#4372=ADVANCED_FACE('',(#474),#260,.F.);
#4373=ADVANCED_FACE('',(#475),#261,.T.);
#4374=ADVANCED_FACE('',(#476),#4185,.T.);
#4375=ADVANCED_FACE('',(#477),#262,.T.);
#4376=ADVANCED_FACE('',(#478),#263,.T.);
#4377=ADVANCED_FACE('',(#479),#4186,.T.);
#4378=ADVANCED_FACE('',(#480),#4187,.T.);
#4379=ADVANCED_FACE('',(#481),#55,.T.);
#4380=ADVANCED_FACE('',(#482),#56,.T.);
#4381=ADVANCED_FACE('',(#483),#264,.T.);
#4382=ADVANCED_FACE('',(#484),#57,.T.);
#4383=ADVANCED_FACE('',(#485),#58,.T.);
#4384=ADVANCED_FACE('',(#486),#265,.T.);
#4385=ADVANCED_FACE('',(#487),#266,.T.);
#4386=ADVANCED_FACE('',(#488),#267,.F.);
#4387=ADVANCED_FACE('',(#489),#268,.T.);
#4388=ADVANCED_FACE('',(#490),#4188,.T.);
#4389=ADVANCED_FACE('',(#491),#269,.T.);
#4390=ADVANCED_FACE('',(#492),#270,.T.);
#4391=ADVANCED_FACE('',(#493),#4189,.T.);
#4392=ADVANCED_FACE('',(#494),#4190,.T.);
#4393=ADVANCED_FACE('',(#495),#59,.T.);
#4394=ADVANCED_FACE('',(#496),#60,.T.);
#4395=ADVANCED_FACE('',(#497),#271,.T.);
#4396=ADVANCED_FACE('',(#498),#61,.T.);
#4397=ADVANCED_FACE('',(#499),#62,.T.);
#4398=ADVANCED_FACE('',(#500),#272,.T.);
#4399=ADVANCED_FACE('',(#501),#63,.T.);
#4400=ADVANCED_FACE('',(#502),#273,.T.);
#4401=ADVANCED_FACE('',(#503),#4191,.T.);
#4402=ADVANCED_FACE('',(#504),#274,.T.);
#4403=ADVANCED_FACE('',(#505),#64,.T.);
#4404=ADVANCED_FACE('',(#506),#275,.T.);
#4405=ADVANCED_FACE('',(#507),#4192,.T.);
#4406=ADVANCED_FACE('',(#508),#276,.T.);
#4407=ADVANCED_FACE('',(#509),#4193,.F.);
#4408=ADVANCED_FACE('',(#510,#131),#277,.F.);
#4409=ADVANCED_FACE('',(#511),#4194,.F.);
#4410=ADVANCED_FACE('',(#512,#132),#278,.F.);
#4411=ADVANCED_FACE('',(#513),#4195,.F.);
#4412=ADVANCED_FACE('',(#514),#4196,.F.);
#4413=ADVANCED_FACE('',(#515,#133),#279,.F.);
#4414=ADVANCED_FACE('',(#516),#4197,.F.);
#4415=ADVANCED_FACE('',(#517,#134),#280,.F.);
#4416=ADVANCED_FACE('',(#518),#4198,.F.);
#4417=ADVANCED_FACE('',(#519),#4199,.F.);
#4418=ADVANCED_FACE('',(#520,#135),#281,.F.);
#4419=ADVANCED_FACE('',(#521),#4200,.F.);
#4420=ADVANCED_FACE('',(#522,#136),#282,.F.);
#4421=ADVANCED_FACE('',(#523),#283,.T.);
#4422=ADVANCED_FACE('',(#524),#284,.T.);
#4423=ADVANCED_FACE('',(#525,#137),#285,.F.);
#4424=ADVANCED_FACE('',(#526,#138),#286,.F.);
#4425=ADVANCED_FACE('',(#527),#287,.T.);
#4426=ADVANCED_FACE('',(#528),#288,.T.);
#4427=ADVANCED_FACE('',(#529,#139,#140,#141),#289,.T.);
#4428=ADVANCED_FACE('',(#530),#290,.T.);
#4429=ADVANCED_FACE('',(#531),#291,.T.);
#4430=ADVANCED_FACE('',(#532),#292,.T.);
#4431=ADVANCED_FACE('',(#533),#293,.T.);
#4432=ADVANCED_FACE('',(#534),#294,.T.);
#4433=ADVANCED_FACE('',(#535),#295,.T.);
#4434=ADVANCED_FACE('',(#536),#296,.T.);
#4435=ADVANCED_FACE('',(#537),#297,.T.);
#4436=ADVANCED_FACE('',(#538),#298,.T.);
#4437=ADVANCED_FACE('',(#539),#299,.T.);
#4438=ADVANCED_FACE('',(#540,#142),#300,.T.);
#4439=ADVANCED_FACE('',(#541),#301,.F.);
#4440=ADVANCED_FACE('',(#542,#143),#302,.T.);
#4441=ADVANCED_FACE('',(#543),#4201,.F.);
#4442=ADVANCED_FACE('',(#544),#303,.F.);
#4443=ADVANCED_FACE('',(#545,#144,#145,#146,#147),#304,.F.);
#4444=ADVANCED_FACE('',(#546),#305,.F.);
#4445=ADVANCED_FACE('',(#547),#4202,.F.);
#4446=ADVANCED_FACE('',(#548),#306,.F.);
#4447=ADVANCED_FACE('',(#549),#4203,.T.);
#4448=ADVANCED_FACE('',(#550),#4204,.T.);
#4449=ADVANCED_FACE('',(#551),#307,.F.);
#4450=ADVANCED_FACE('',(#552),#4205,.F.);
#4451=ADVANCED_FACE('',(#553),#308,.F.);
#4452=ADVANCED_FACE('',(#554),#4206,.F.);
#4453=ADVANCED_FACE('',(#555),#309,.F.);
#4454=ADVANCED_FACE('',(#556),#4207,.F.);
#4455=ADVANCED_FACE('',(#557),#310,.F.);
#4456=ADVANCED_FACE('',(#558),#4208,.F.);
#4457=ADVANCED_FACE('',(#559),#311,.F.);
#4458=ADVANCED_FACE('',(#560),#312,.F.);
#4459=ADVANCED_FACE('',(#561),#313,.F.);
#4460=ADVANCED_FACE('',(#562),#4209,.T.);
#4461=ADVANCED_FACE('',(#563),#4210,.T.);
#4462=ADVANCED_FACE('',(#564),#314,.F.);
#4463=ADVANCED_FACE('',(#565),#4211,.T.);
#4464=ADVANCED_FACE('',(#566),#4212,.T.);
#4465=ADVANCED_FACE('',(#567),#4213,.T.);
#4466=ADVANCED_FACE('',(#568,#148),#315,.F.);
#4467=ADVANCED_FACE('',(#569),#4214,.T.);
#4468=ADVANCED_FACE('',(#570),#316,.F.);
#4469=CLOSED_SHELL('',(#4215,#4216,#4217,#4218,#4219,#4220,#4221,#4222,
#4223,#4224,#4225,#4226));
#4470=CLOSED_SHELL('',(#4227,#4228,#4229,#4230,#4231,#4232,#4233,#4234,
#4235,#4236,#4237,#4238,#4239,#4240,#4241,#4242,#4243,#4244,#4245,#4246,
#4247,#4248,#4249,#4250,#4251,#4252,#4253,#4254,#4255,#4256,#4257,#4258,
#4259,#4260,#4261,#4262,#4263,#4264,#4265,#4266,#4267,#4268,#4269,#4270,
#4271,#4272,#4273,#4274,#4275,#4276,#4277,#4278,#4279,#4280,#4281,#4282,
#4283,#4284,#4285,#4286,#4287,#4288));
#4471=CLOSED_SHELL('',(#4289,#4290,#4291,#4292,#4293,#4294,#4295,#4296,
#4297,#4298));
#4472=CLOSED_SHELL('',(#4299,#4300,#4301,#4302,#4303,#4304));
#4473=CLOSED_SHELL('',(#4305,#4306,#4307,#4308,#4309,#4310));
#4474=CLOSED_SHELL('',(#4311,#4312,#4313,#4314,#4315,#4316));
#4475=CLOSED_SHELL('',(#4317,#4318,#4319));
#4476=CLOSED_SHELL('',(#4320,#4321,#4322));
#4477=CLOSED_SHELL('',(#4323,#4324,#4325));
#4478=CLOSED_SHELL('',(#4326,#4327,#4328));
#4479=CLOSED_SHELL('',(#4329,#4330,#4331));
#4480=CLOSED_SHELL('',(#4332,#4333,#4334));
#4481=CLOSED_SHELL('',(#4335,#4336,#4337));
#4482=CLOSED_SHELL('',(#4338,#4339,#4340));
#4483=CLOSED_SHELL('',(#4341,#4342,#4343,#4344,#4345,#4346,#4347,#4348,
#4349,#4350,#4351,#4352,#4353,#4354,#4355,#4356,#4357,#4358,#4359,#4360,
#4361,#4362,#4363,#4364,#4365,#4366,#4367,#4368,#4369,#4370,#4371,#4372,
#4373,#4374,#4375,#4376,#4377,#4378,#4379,#4380,#4381,#4382,#4383,#4384,
#4385,#4386,#4387,#4388,#4389,#4390,#4391,#4392,#4393,#4394,#4395,#4396,
#4397,#4398,#4399,#4400,#4401,#4402,#4403,#4404,#4405,#4406,#4407,#4408,
#4409,#4410,#4411,#4412,#4413,#4414,#4415,#4416,#4417,#4418,#4419,#4420,
#4421,#4422,#4423,#4424,#4425,#4426,#4427,#4428,#4429,#4430,#4431,#4432,
#4433,#4434,#4435,#4436,#4437,#4438,#4439,#4440,#4441,#4442,#4443,#4444,
#4445,#4446,#4447,#4448,#4449,#4450,#4451,#4452,#4453,#4454,#4455,#4456,
#4457,#4458,#4459,#4460,#4461,#4462,#4463,#4464,#4465,#4466,#4467,#4468));
#4484=DERIVED_UNIT_ELEMENT(#4492,1.);
#4485=DERIVED_UNIT_ELEMENT(#7600,-3.);
#4486=DERIVED_UNIT_ELEMENT(#4492,1.);
#4487=DERIVED_UNIT_ELEMENT(#7600,-3.);
#4488=DERIVED_UNIT_ELEMENT(#4492,1.);
#4489=DERIVED_UNIT_ELEMENT(#7600,-3.);
#4490=DERIVED_UNIT_ELEMENT(#4492,1.);
#4491=DERIVED_UNIT_ELEMENT(#7600,-3.);
#4492=(
MASS_UNIT()
NAMED_UNIT(*)
SI_UNIT(.KILO.,.GRAM.)
);
#4493=DERIVED_UNIT((#4484,#4485));
#4494=DERIVED_UNIT((#4486,#4487));
#4495=DERIVED_UNIT((#4488,#4489));
#4496=DERIVED_UNIT((#4490,#4491));
#4497=MEASURE_REPRESENTATION_ITEM('density measure',
POSITIVE_RATIO_MEASURE(7850.),#4493);
#4498=MEASURE_REPRESENTATION_ITEM('density measure',
POSITIVE_RATIO_MEASURE(7850.),#4494);
#4499=MEASURE_REPRESENTATION_ITEM('density measure',
POSITIVE_RATIO_MEASURE(7850.),#4495);
#4500=MEASURE_REPRESENTATION_ITEM('density measure',
POSITIVE_RATIO_MEASURE(7850.),#4496);
#4501=PROPERTY_DEFINITION_REPRESENTATION(#4521,#4509);
#4502=PROPERTY_DEFINITION_REPRESENTATION(#4522,#4510);
#4503=PROPERTY_DEFINITION_REPRESENTATION(#4523,#4511);
#4504=PROPERTY_DEFINITION_REPRESENTATION(#4524,#4512);
#4505=PROPERTY_DEFINITION_REPRESENTATION(#4525,#4513);
#4506=PROPERTY_DEFINITION_REPRESENTATION(#4526,#4514);
#4507=PROPERTY_DEFINITION_REPRESENTATION(#4527,#4515);
#4508=PROPERTY_DEFINITION_REPRESENTATION(#4528,#4516);
#4509=REPRESENTATION('material name',(#4517),#7594);
#4510=REPRESENTATION('density',(#4497),#7594);
#4511=REPRESENTATION('material name',(#4518),#7595);
#4512=REPRESENTATION('density',(#4498),#7595);
#4513=REPRESENTATION('material name',(#4519),#7596);
#4514=REPRESENTATION('density',(#4499),#7596);
#4515=REPRESENTATION('material name',(#4520),#7597);
#4516=REPRESENTATION('density',(#4500),#7597);
#4517=DESCRIPTIVE_REPRESENTATION_ITEM('Steel','Steel');
#4518=DESCRIPTIVE_REPRESENTATION_ITEM('Steel','Steel');
#4519=DESCRIPTIVE_REPRESENTATION_ITEM('Steel','Steel');
#4520=DESCRIPTIVE_REPRESENTATION_ITEM('Steel','Steel');
#4521=PROPERTY_DEFINITION('material property','material name',#7629);
#4522=PROPERTY_DEFINITION('material property','density of part',#7629);
#4523=PROPERTY_DEFINITION('material property','material name',#7630);
#4524=PROPERTY_DEFINITION('material property','density of part',#7630);
#4525=PROPERTY_DEFINITION('material property','material name',#7631);
#4526=PROPERTY_DEFINITION('material property','density of part',#7631);
#4527=PROPERTY_DEFINITION('material property','material name',#7632);
#4528=PROPERTY_DEFINITION('material property','density of part',#7632);
#4529=AXIS2_PLACEMENT_3D('',#6266,#4964,#4965);
#4530=AXIS2_PLACEMENT_3D('',#6267,#4966,#4967);
#4531=AXIS2_PLACEMENT_3D('',#6268,#4968,#4969);
#4532=AXIS2_PLACEMENT_3D('',#6269,#4970,#4971);
#4533=AXIS2_PLACEMENT_3D('',#6271,#4972,#4973);
#4534=AXIS2_PLACEMENT_3D('',#6274,#4975,#4976);
#4535=AXIS2_PLACEMENT_3D('',#6275,#4977,#4978);
#4536=AXIS2_PLACEMENT_3D('',#6277,#4979,#4980);
#4537=AXIS2_PLACEMENT_3D('',#6280,#4982,#4983);
#4538=AXIS2_PLACEMENT_3D('',#6281,#4984,#4985);
#4539=AXIS2_PLACEMENT_3D('',#6290,#4990,#4991);
#4540=AXIS2_PLACEMENT_3D('',#6296,#4995,#4996);
#4541=AXIS2_PLACEMENT_3D('',#6302,#5000,#5001);
#4542=AXIS2_PLACEMENT_3D('',#6305,#5004,#5005);
#4543=AXIS2_PLACEMENT_3D('',#6314,#5010,#5011);
#4544=AXIS2_PLACEMENT_3D('',#6323,#5016,#5017);
#4545=AXIS2_PLACEMENT_3D('',#6326,#5020,#5021);
#4546=AXIS2_PLACEMENT_3D('',#6328,#5023,#5024);
#4547=AXIS2_PLACEMENT_3D('',#6330,#5026,#5027);
#4548=AXIS2_PLACEMENT_3D('',#6331,#5028,#5029);
#4549=AXIS2_PLACEMENT_3D('',#6332,#5030,#5031);
#4550=AXIS2_PLACEMENT_3D('',#6335,#5032,#5033);
#4551=AXIS2_PLACEMENT_3D('',#6337,#5034,#5035);
#4552=AXIS2_PLACEMENT_3D('',#6339,#5036,#5037);
#4553=AXIS2_PLACEMENT_3D('',#6340,#5038,#5039);
#4554=AXIS2_PLACEMENT_3D('',#6341,#5040,#5041);
#4555=AXIS2_PLACEMENT_3D('',#6344,#5042,#5043);
#4556=AXIS2_PLACEMENT_3D('',#6347,#5046,#5047);
#4557=AXIS2_PLACEMENT_3D('',#6350,#5048,#5049);
#4558=AXIS2_PLACEMENT_3D('',#6351,#5050,#5051);
#4559=AXIS2_PLACEMENT_3D('',#6352,#5052,#5053);
#4560=AXIS2_PLACEMENT_3D('',#6353,#5054,#5055);
#4561=AXIS2_PLACEMENT_3D('',#6356,#5056,#5057);
#4562=AXIS2_PLACEMENT_3D('',#6359,#5060,#5061);
#4563=AXIS2_PLACEMENT_3D('',#6362,#5062,#5063);
#4564=AXIS2_PLACEMENT_3D('',#6363,#5064,#5065);
#4565=AXIS2_PLACEMENT_3D('',#6364,#5066,#5067);
#4566=AXIS2_PLACEMENT_3D('',#6365,#5068,#5069);
#4567=AXIS2_PLACEMENT_3D('',#6368,#5070,#5071);
#4568=AXIS2_PLACEMENT_3D('',#6371,#5074,#5075);
#4569=AXIS2_PLACEMENT_3D('',#6374,#5076,#5077);
#4570=AXIS2_PLACEMENT_3D('',#6375,#5078,#5079);
#4571=AXIS2_PLACEMENT_3D('',#6376,#5080,#5081);
#4572=AXIS2_PLACEMENT_3D('',#6377,#5082,#5083);
#4573=AXIS2_PLACEMENT_3D('',#6380,#5086,#5087);
#4574=AXIS2_PLACEMENT_3D('',#6386,#5091,#5092);
#4575=AXIS2_PLACEMENT_3D('',#6389,#5094,#5095);
#4576=AXIS2_PLACEMENT_3D('',#6390,#5096,#5097);
#4577=AXIS2_PLACEMENT_3D('',#6394,#5100,#5101);
#4578=AXIS2_PLACEMENT_3D('',#6397,#5103,#5104);
#4579=AXIS2_PLACEMENT_3D('',#6398,#5105,#5106);
#4580=AXIS2_PLACEMENT_3D('',#6401,#5107,#5108);
#4581=AXIS2_PLACEMENT_3D('',#6405,#5110,#5111);
#4582=AXIS2_PLACEMENT_3D('',#6409,#5113,#5114);
#4583=AXIS2_PLACEMENT_3D('',#6413,#5116,#5117);
#4584=AXIS2_PLACEMENT_3D('',#6415,#5119,#5120);
#4585=AXIS2_PLACEMENT_3D('',#6417,#5121,#5122);
#4586=AXIS2_PLACEMENT_3D('',#6419,#5123,#5124);
#4587=AXIS2_PLACEMENT_3D('',#6420,#5125,#5126);
#4588=AXIS2_PLACEMENT_3D('',#6421,#5127,#5128);
#4589=AXIS2_PLACEMENT_3D('',#6423,#5129,#5130);
#4590=AXIS2_PLACEMENT_3D('',#6425,#5132,#5133);
#4591=AXIS2_PLACEMENT_3D('',#6427,#5134,#5135);
#4592=AXIS2_PLACEMENT_3D('',#6428,#5136,#5137);
#4593=AXIS2_PLACEMENT_3D('',#6429,#5138,#5139);
#4594=AXIS2_PLACEMENT_3D('',#6431,#5140,#5141);
#4595=AXIS2_PLACEMENT_3D('',#6433,#5143,#5144);
#4596=AXIS2_PLACEMENT_3D('',#6435,#5145,#5146);
#4597=AXIS2_PLACEMENT_3D('',#6436,#5147,#5148);
#4598=AXIS2_PLACEMENT_3D('',#6437,#5149,#5150);
#4599=AXIS2_PLACEMENT_3D('',#6439,#5151,#5152);
#4600=AXIS2_PLACEMENT_3D('',#6441,#5154,#5155);
#4601=AXIS2_PLACEMENT_3D('',#6443,#5156,#5157);
#4602=AXIS2_PLACEMENT_3D('',#6444,#5158,#5159);
#4603=AXIS2_PLACEMENT_3D('',#6445,#5160,#5161);
#4604=AXIS2_PLACEMENT_3D('',#6447,#5163,#5164);
#4605=AXIS2_PLACEMENT_3D('',#6453,#5168,#5169);
#4606=AXIS2_PLACEMENT_3D('',#6456,#5171,#5172);
#4607=AXIS2_PLACEMENT_3D('',#6457,#5173,#5174);
#4608=AXIS2_PLACEMENT_3D('',#6461,#5177,#5178);
#4609=AXIS2_PLACEMENT_3D('',#6464,#5180,#5181);
#4610=AXIS2_PLACEMENT_3D('',#6465,#5182,#5183);
#4611=AXIS2_PLACEMENT_3D('',#6474,#5188,#5189);
#4612=AXIS2_PLACEMENT_3D('',#6480,#5193,#5194);
#4613=AXIS2_PLACEMENT_3D('',#6484,#5197,#5198);
#4614=AXIS2_PLACEMENT_3D('',#6488,#5201,#5202);
#4615=AXIS2_PLACEMENT_3D('',#6490,#5204,#5205);
#4616=AXIS2_PLACEMENT_3D('',#6499,#5210,#5211);
#4617=AXIS2_PLACEMENT_3D('',#6505,#5215,#5216);
#4618=AXIS2_PLACEMENT_3D('',#6509,#5219,#5220);
#4619=AXIS2_PLACEMENT_3D('',#6513,#5223,#5224);
#4620=AXIS2_PLACEMENT_3D('',#6515,#5226,#5227);
#4621=AXIS2_PLACEMENT_3D('',#6520,#5229,#5230);
#4622=AXIS2_PLACEMENT_3D('',#6523,#5232,#5233);
#4623=AXIS2_PLACEMENT_3D('',#6524,#5234,#5235);
#4624=AXIS2_PLACEMENT_3D('',#6529,#5237,#5238);
#4625=AXIS2_PLACEMENT_3D('',#6532,#5240,#5241);
#4626=AXIS2_PLACEMENT_3D('',#6533,#5242,#5243);
#4627=AXIS2_PLACEMENT_3D('',#6538,#5245,#5246);
#4628=AXIS2_PLACEMENT_3D('',#6541,#5248,#5249);
#4629=AXIS2_PLACEMENT_3D('',#6542,#5250,#5251);
#4630=AXIS2_PLACEMENT_3D('',#6547,#5254,#5255);
#4631=AXIS2_PLACEMENT_3D('',#6550,#5258,#5259);
#4632=AXIS2_PLACEMENT_3D('',#6554,#5261,#5262);
#4633=AXIS2_PLACEMENT_3D('',#6556,#5264,#5265);
#4634=AXIS2_PLACEMENT_3D('',#6558,#5267,#5268);
#4635=AXIS2_PLACEMENT_3D('',#6560,#5270,#5271);
#4636=AXIS2_PLACEMENT_3D('',#6562,#5273,#5274);
#4637=AXIS2_PLACEMENT_3D('',#6564,#5276,#5277);
#4638=AXIS2_PLACEMENT_3D('',#6569,#5279,#5280);
#4639=AXIS2_PLACEMENT_3D('',#6572,#5282,#5283);
#4640=AXIS2_PLACEMENT_3D('',#6573,#5284,#5285);
#4641=AXIS2_PLACEMENT_3D('',#6578,#5287,#5288);
#4642=AXIS2_PLACEMENT_3D('',#6581,#5290,#5291);
#4643=AXIS2_PLACEMENT_3D('',#6582,#5292,#5293);
#4644=AXIS2_PLACEMENT_3D('',#6587,#5295,#5296);
#4645=AXIS2_PLACEMENT_3D('',#6590,#5298,#5299);
#4646=AXIS2_PLACEMENT_3D('',#6591,#5300,#5301);
#4647=AXIS2_PLACEMENT_3D('',#6596,#5304,#5305);
#4648=AXIS2_PLACEMENT_3D('',#6599,#5308,#5309);
#4649=AXIS2_PLACEMENT_3D('',#6603,#5311,#5312);
#4650=AXIS2_PLACEMENT_3D('',#6605,#5314,#5315);
#4651=AXIS2_PLACEMENT_3D('',#6607,#5317,#5318);
#4652=AXIS2_PLACEMENT_3D('',#6609,#5320,#5321);
#4653=AXIS2_PLACEMENT_3D('',#6611,#5323,#5324);
#4654=AXIS2_PLACEMENT_3D('',#6613,#5326,#5327);
#4655=AXIS2_PLACEMENT_3D('',#6617,#5329,#5330);
#4656=AXIS2_PLACEMENT_3D('',#6619,#5332,#5333);
#4657=AXIS2_PLACEMENT_3D('',#6621,#5334,#5335);
#4658=AXIS2_PLACEMENT_3D('',#6623,#5337,#5338);
#4659=AXIS2_PLACEMENT_3D('',#6625,#5340,#5341);
#4660=AXIS2_PLACEMENT_3D('',#6627,#5343,#5344);
#4661=AXIS2_PLACEMENT_3D('',#6631,#5346,#5347);
#4662=AXIS2_PLACEMENT_3D('',#6633,#5349,#5350);
#4663=AXIS2_PLACEMENT_3D('',#6637,#5353,#5354);
#4664=AXIS2_PLACEMENT_3D('',#6638,#5355,#5356);
#4665=AXIS2_PLACEMENT_3D('',#6640,#5358,#5359);
#4666=AXIS2_PLACEMENT_3D('',#6641,#5360,#5361);
#4667=AXIS2_PLACEMENT_3D('',#6642,#5362,#5363);
#4668=AXIS2_PLACEMENT_3D('',#6643,#5364,#5365);
#4669=AXIS2_PLACEMENT_3D('',#6645,#5366,#5367);
#4670=AXIS2_PLACEMENT_3D('',#6648,#5369,#5370);
#4671=AXIS2_PLACEMENT_3D('',#6649,#5371,#5372);
#4672=AXIS2_PLACEMENT_3D('',#6651,#5373,#5374);
#4673=AXIS2_PLACEMENT_3D('',#6654,#5376,#5377);
#4674=AXIS2_PLACEMENT_3D('',#6655,#5378,#5379);
#4675=AXIS2_PLACEMENT_3D('',#6657,#5380,#5381);
#4676=AXIS2_PLACEMENT_3D('',#6660,#5383,#5384);
#4677=AXIS2_PLACEMENT_3D('',#6661,#5385,#5386);
#4678=AXIS2_PLACEMENT_3D('',#6663,#5387,#5388);
#4679=AXIS2_PLACEMENT_3D('',#6666,#5390,#5391);
#4680=AXIS2_PLACEMENT_3D('',#6667,#5392,#5393);
#4681=AXIS2_PLACEMENT_3D('',#6676,#5398,#5399);
#4682=AXIS2_PLACEMENT_3D('',#6685,#5404,#5405);
#4683=AXIS2_PLACEMENT_3D('',#6688,#5408,#5409);
#4684=AXIS2_PLACEMENT_3D('',#6690,#5411,#5412);
#4685=AXIS2_PLACEMENT_3D('',#6692,#5414,#5415);
#4686=AXIS2_PLACEMENT_3D('',#6693,#5416,#5417);
#4687=AXIS2_PLACEMENT_3D('',#6702,#5422,#5423);
#4688=AXIS2_PLACEMENT_3D('',#6711,#5428,#5429);
#4689=AXIS2_PLACEMENT_3D('',#6714,#5432,#5433);
#4690=AXIS2_PLACEMENT_3D('',#6716,#5435,#5436);
#4691=AXIS2_PLACEMENT_3D('',#6718,#5438,#5439);
#4692=AXIS2_PLACEMENT_3D('',#6719,#5440,#5441);
#4693=AXIS2_PLACEMENT_3D('',#6728,#5446,#5447);
#4694=AXIS2_PLACEMENT_3D('',#6737,#5452,#5453);
#4695=AXIS2_PLACEMENT_3D('',#6740,#5456,#5457);
#4696=AXIS2_PLACEMENT_3D('',#6742,#5459,#5460);
#4697=AXIS2_PLACEMENT_3D('',#6744,#5462,#5463);
#4698=AXIS2_PLACEMENT_3D('',#6745,#5464,#5465);
#4699=AXIS2_PLACEMENT_3D('',#6754,#5470,#5471);
#4700=AXIS2_PLACEMENT_3D('',#6763,#5476,#5477);
#4701=AXIS2_PLACEMENT_3D('',#6766,#5480,#5481);
#4702=AXIS2_PLACEMENT_3D('',#6768,#5483,#5484);
#4703=AXIS2_PLACEMENT_3D('',#6770,#5486,#5487);
#4704=AXIS2_PLACEMENT_3D('',#6771,#5488,#5489);
#4705=AXIS2_PLACEMENT_3D('',#6773,#5490,#5491);
#4706=AXIS2_PLACEMENT_3D('',#6776,#5493,#5494);
#4707=AXIS2_PLACEMENT_3D('',#6777,#5495,#5496);
#4708=AXIS2_PLACEMENT_3D('',#6778,#5497,#5498);
#4709=AXIS2_PLACEMENT_3D('',#6779,#5499,#5500);
#4710=AXIS2_PLACEMENT_3D('',#6781,#5501,#5502);
#4711=AXIS2_PLACEMENT_3D('',#6784,#5504,#5505);
#4712=AXIS2_PLACEMENT_3D('',#6785,#5506,#5507);
#4713=AXIS2_PLACEMENT_3D('',#6786,#5508,#5509);
#4714=AXIS2_PLACEMENT_3D('',#6787,#5510,#5511);
#4715=AXIS2_PLACEMENT_3D('',#6789,#5512,#5513);
#4716=AXIS2_PLACEMENT_3D('',#6792,#5515,#5516);
#4717=AXIS2_PLACEMENT_3D('',#6793,#5517,#5518);
#4718=AXIS2_PLACEMENT_3D('',#6794,#5519,#5520);
#4719=AXIS2_PLACEMENT_3D('',#6795,#5521,#5522);
#4720=AXIS2_PLACEMENT_3D('',#6797,#5523,#5524);
#4721=AXIS2_PLACEMENT_3D('',#6800,#5526,#5527);
#4722=AXIS2_PLACEMENT_3D('',#6801,#5528,#5529);
#4723=AXIS2_PLACEMENT_3D('',#6802,#5530,#5531);
#4724=AXIS2_PLACEMENT_3D('',#6803,#5532,#5533);
#4725=AXIS2_PLACEMENT_3D('',#6805,#5534,#5535);
#4726=AXIS2_PLACEMENT_3D('',#6808,#5537,#5538);
#4727=AXIS2_PLACEMENT_3D('',#6809,#5539,#5540);
#4728=AXIS2_PLACEMENT_3D('',#6810,#5541,#5542);
#4729=AXIS2_PLACEMENT_3D('',#6811,#5543,#5544);
#4730=AXIS2_PLACEMENT_3D('',#6813,#5545,#5546);
#4731=AXIS2_PLACEMENT_3D('',#6816,#5548,#5549);
#4732=AXIS2_PLACEMENT_3D('',#6817,#5550,#5551);
#4733=AXIS2_PLACEMENT_3D('',#6818,#5552,#5553);
#4734=AXIS2_PLACEMENT_3D('',#6819,#5554,#5555);
#4735=AXIS2_PLACEMENT_3D('',#6821,#5556,#5557);
#4736=AXIS2_PLACEMENT_3D('',#6824,#5559,#5560);
#4737=AXIS2_PLACEMENT_3D('',#6825,#5561,#5562);
#4738=AXIS2_PLACEMENT_3D('',#6826,#5563,#5564);
#4739=AXIS2_PLACEMENT_3D('',#6827,#5565,#5566);
#4740=AXIS2_PLACEMENT_3D('',#6829,#5567,#5568);
#4741=AXIS2_PLACEMENT_3D('',#6832,#5570,#5571);
#4742=AXIS2_PLACEMENT_3D('',#6833,#5572,#5573);
#4743=AXIS2_PLACEMENT_3D('',#6834,#5574,#5575);
#4744=AXIS2_PLACEMENT_3D('',#6835,#5576,#5577);
#4745=AXIS2_PLACEMENT_3D('',#6836,#5578,#5579);
#4746=AXIS2_PLACEMENT_3D('',#6845,#5584,#5585);
#4747=AXIS2_PLACEMENT_3D('',#6854,#5590,#5591);
#4748=AXIS2_PLACEMENT_3D('',#6865,#5598,#5599);
#4749=AXIS2_PLACEMENT_3D('',#6869,#5602,#5603);
#4750=AXIS2_PLACEMENT_3D('',#6875,#5607,#5608);
#4751=AXIS2_PLACEMENT_3D('',#6879,#5611,#5612);
#4752=AXIS2_PLACEMENT_3D('',#6881,#5614,#5615);
#4753=AXIS2_PLACEMENT_3D('',#6884,#5618,#5619);
#4754=AXIS2_PLACEMENT_3D('',#6893,#5624,#5625);
#4755=AXIS2_PLACEMENT_3D('',#6902,#5630,#5631);
#4756=AXIS2_PLACEMENT_3D('',#6913,#5638,#5639);
#4757=AXIS2_PLACEMENT_3D('',#6917,#5642,#5643);
#4758=AXIS2_PLACEMENT_3D('',#6923,#5647,#5648);
#4759=AXIS2_PLACEMENT_3D('',#6927,#5651,#5652);
#4760=AXIS2_PLACEMENT_3D('',#6929,#5654,#5655);
#4761=AXIS2_PLACEMENT_3D('',#6932,#5658,#5659);
#4762=AXIS2_PLACEMENT_3D('',#6941,#5664,#5665);
#4763=AXIS2_PLACEMENT_3D('',#6947,#5669,#5670);
#4764=AXIS2_PLACEMENT_3D('',#6959,#5677,#5678);
#4765=AXIS2_PLACEMENT_3D('',#6965,#5682,#5683);
#4766=AXIS2_PLACEMENT_3D('',#6969,#5686,#5687);
#4767=AXIS2_PLACEMENT_3D('',#6976,#5692,#5693);
#4768=AXIS2_PLACEMENT_3D('',#6986,#5699,#5700);
#4769=AXIS2_PLACEMENT_3D('',#6996,#5706,#5707);
#4770=AXIS2_PLACEMENT_3D('',#7002,#5711,#5712);
#4771=AXIS2_PLACEMENT_3D('',#7008,#5716,#5717);
#4772=AXIS2_PLACEMENT_3D('',#7019,#5724,#5725);
#4773=AXIS2_PLACEMENT_3D('',#7025,#5729,#5730);
#4774=AXIS2_PLACEMENT_3D('',#7031,#5734,#5735);
#4775=AXIS2_PLACEMENT_3D('',#7037,#5739,#5740);
#4776=AXIS2_PLACEMENT_3D('',#7070,#5749,#5750);
#4777=AXIS2_PLACEMENT_3D('',#7072,#5751,#5752);
#4778=AXIS2_PLACEMENT_3D('',#7075,#5754,#5755);
#4779=AXIS2_PLACEMENT_3D('',#7076,#5756,#5757);
#4780=AXIS2_PLACEMENT_3D('',#7106,#5765,#5766);
#4781=AXIS2_PLACEMENT_3D('',#7108,#5767,#5768);
#4782=AXIS2_PLACEMENT_3D('',#7111,#5770,#5771);
#4783=AXIS2_PLACEMENT_3D('',#7112,#5772,#5773);
#4784=AXIS2_PLACEMENT_3D('',#7113,#5774,#5775);
#4785=AXIS2_PLACEMENT_3D('',#7114,#5776,#5777);
#4786=AXIS2_PLACEMENT_3D('',#7115,#5778,#5779);
#4787=AXIS2_PLACEMENT_3D('',#7116,#5780,#5781);
#4788=AXIS2_PLACEMENT_3D('',#7117,#5782,#5783);
#4789=AXIS2_PLACEMENT_3D('',#7118,#5784,#5785);
#4790=AXIS2_PLACEMENT_3D('',#7119,#5786,#5787);
#4791=AXIS2_PLACEMENT_3D('',#7120,#5788,#5789);
#4792=AXIS2_PLACEMENT_3D('',#7121,#5790,#5791);
#4793=AXIS2_PLACEMENT_3D('',#7122,#5792,#5793);
#4794=AXIS2_PLACEMENT_3D('',#7123,#5794,#5795);
#4795=AXIS2_PLACEMENT_3D('',#7124,#5796,#5797);
#4796=AXIS2_PLACEMENT_3D('',#7125,#5798,#5799);
#4797=AXIS2_PLACEMENT_3D('',#7126,#5800,#5801);
#4798=AXIS2_PLACEMENT_3D('',#7127,#5802,#5803);
#4799=AXIS2_PLACEMENT_3D('',#7128,#5804,#5805);
#4800=AXIS2_PLACEMENT_3D('',#7129,#5806,#5807);
#4801=AXIS2_PLACEMENT_3D('',#7130,#5808,#5809);
#4802=AXIS2_PLACEMENT_3D('',#7131,#5810,#5811);
#4803=AXIS2_PLACEMENT_3D('',#7132,#5812,#5813);
#4804=AXIS2_PLACEMENT_3D('',#7165,#5822,#5823);
#4805=AXIS2_PLACEMENT_3D('',#7167,#5824,#5825);
#4806=AXIS2_PLACEMENT_3D('',#7170,#5827,#5828);
#4807=AXIS2_PLACEMENT_3D('',#7171,#5829,#5830);
#4808=AXIS2_PLACEMENT_3D('',#7201,#5838,#5839);
#4809=AXIS2_PLACEMENT_3D('',#7203,#5840,#5841);
#4810=AXIS2_PLACEMENT_3D('',#7206,#5843,#5844);
#4811=AXIS2_PLACEMENT_3D('',#7207,#5845,#5846);
#4812=AXIS2_PLACEMENT_3D('',#7208,#5847,#5848);
#4813=AXIS2_PLACEMENT_3D('',#7209,#5849,#5850);
#4814=AXIS2_PLACEMENT_3D('',#7210,#5851,#5852);
#4815=AXIS2_PLACEMENT_3D('',#7211,#5853,#5854);
#4816=AXIS2_PLACEMENT_3D('',#7212,#5855,#5856);
#4817=AXIS2_PLACEMENT_3D('',#7213,#5857,#5858);
#4818=AXIS2_PLACEMENT_3D('',#7214,#5859,#5860);
#4819=AXIS2_PLACEMENT_3D('',#7215,#5861,#5862);
#4820=AXIS2_PLACEMENT_3D('',#7216,#5863,#5864);
#4821=AXIS2_PLACEMENT_3D('',#7217,#5865,#5866);
#4822=AXIS2_PLACEMENT_3D('',#7218,#5867,#5868);
#4823=AXIS2_PLACEMENT_3D('',#7219,#5869,#5870);
#4824=AXIS2_PLACEMENT_3D('',#7220,#5871,#5872);
#4825=AXIS2_PLACEMENT_3D('',#7221,#5873,#5874);
#4826=AXIS2_PLACEMENT_3D('',#7222,#5875,#5876);
#4827=AXIS2_PLACEMENT_3D('',#7223,#5877,#5878);
#4828=AXIS2_PLACEMENT_3D('',#7224,#5879,#5880);
#4829=AXIS2_PLACEMENT_3D('',#7225,#5881,#5882);
#4830=AXIS2_PLACEMENT_3D('',#7226,#5883,#5884);
#4831=AXIS2_PLACEMENT_3D('',#7227,#5885,#5886);
#4832=AXIS2_PLACEMENT_3D('',#7229,#5887,#5888);
#4833=AXIS2_PLACEMENT_3D('',#7232,#5890,#5891);
#4834=AXIS2_PLACEMENT_3D('',#7233,#5892,#5893);
#4835=AXIS2_PLACEMENT_3D('',#7234,#5894,#5895);
#4836=AXIS2_PLACEMENT_3D('',#7237,#5896,#5897);
#4837=AXIS2_PLACEMENT_3D('',#7239,#5898,#5899);
#4838=AXIS2_PLACEMENT_3D('',#7240,#5900,#5901);
#4839=AXIS2_PLACEMENT_3D('',#7242,#5903,#5904);
#4840=AXIS2_PLACEMENT_3D('',#7244,#5906,#5907);
#4841=AXIS2_PLACEMENT_3D('',#7246,#5908,#5909);
#4842=AXIS2_PLACEMENT_3D('',#7249,#5911,#5912);
#4843=AXIS2_PLACEMENT_3D('',#7250,#5913,#5914);
#4844=AXIS2_PLACEMENT_3D('',#7251,#5915,#5916);
#4845=AXIS2_PLACEMENT_3D('',#7254,#5917,#5918);
#4846=AXIS2_PLACEMENT_3D('',#7256,#5919,#5920);
#4847=AXIS2_PLACEMENT_3D('',#7257,#5921,#5922);
#4848=AXIS2_PLACEMENT_3D('',#7259,#5924,#5925);
#4849=AXIS2_PLACEMENT_3D('',#7261,#5927,#5928);
#4850=AXIS2_PLACEMENT_3D('',#7263,#5929,#5930);
#4851=AXIS2_PLACEMENT_3D('',#7266,#5932,#5933);
#4852=AXIS2_PLACEMENT_3D('',#7267,#5934,#5935);
#4853=AXIS2_PLACEMENT_3D('',#7268,#5936,#5937);
#4854=AXIS2_PLACEMENT_3D('',#7270,#5938,#5939);
#4855=AXIS2_PLACEMENT_3D('',#7273,#5941,#5942);
#4856=AXIS2_PLACEMENT_3D('',#7274,#5943,#5944);
#4857=AXIS2_PLACEMENT_3D('',#7275,#5945,#5946);
#4858=AXIS2_PLACEMENT_3D('',#7277,#5947,#5948);
#4859=AXIS2_PLACEMENT_3D('',#7280,#5950,#5951);
#4860=AXIS2_PLACEMENT_3D('',#7281,#5952,#5953);
#4861=AXIS2_PLACEMENT_3D('',#7283,#5954,#5955);
#4862=AXIS2_PLACEMENT_3D('',#7286,#5957,#5958);
#4863=AXIS2_PLACEMENT_3D('',#7287,#5959,#5960);
#4864=AXIS2_PLACEMENT_3D('',#7288,#5961,#5962);
#4865=AXIS2_PLACEMENT_3D('',#7290,#5963,#5964);
#4866=AXIS2_PLACEMENT_3D('',#7293,#5966,#5967);
#4867=AXIS2_PLACEMENT_3D('',#7294,#5968,#5969);
#4868=AXIS2_PLACEMENT_3D('',#7295,#5970,#5971);
#4869=AXIS2_PLACEMENT_3D('',#7297,#5972,#5973);
#4870=AXIS2_PLACEMENT_3D('',#7300,#5975,#5976);
#4871=AXIS2_PLACEMENT_3D('',#7301,#5977,#5978);
#4872=AXIS2_PLACEMENT_3D('',#7303,#5979,#5980);
#4873=AXIS2_PLACEMENT_3D('',#7306,#5982,#5983);
#4874=AXIS2_PLACEMENT_3D('',#7307,#5984,#5985);
#4875=AXIS2_PLACEMENT_3D('',#7308,#5986,#5987);
#4876=AXIS2_PLACEMENT_3D('',#7310,#5988,#5989);
#4877=AXIS2_PLACEMENT_3D('',#7313,#5991,#5992);
#4878=AXIS2_PLACEMENT_3D('',#7314,#5993,#5994);
#4879=AXIS2_PLACEMENT_3D('',#7315,#5995,#5996);
#4880=AXIS2_PLACEMENT_3D('',#7321,#6000,#6001);
#4881=AXIS2_PLACEMENT_3D('',#7327,#6005,#6006);
#4882=AXIS2_PLACEMENT_3D('',#7342,#6015,#6016);
#4883=AXIS2_PLACEMENT_3D('',#7355,#6024,#6025);
#4884=AXIS2_PLACEMENT_3D('',#7359,#6028,#6029);
#4885=AXIS2_PLACEMENT_3D('',#7363,#6032,#6033);
#4886=AXIS2_PLACEMENT_3D('',#7368,#6035,#6036);
#4887=AXIS2_PLACEMENT_3D('',#7372,#6038,#6039);
#4888=AXIS2_PLACEMENT_3D('',#7376,#6041,#6042);
#4889=AXIS2_PLACEMENT_3D('',#7380,#6044,#6045);
#4890=AXIS2_PLACEMENT_3D('',#7384,#6047,#6048);
#4891=AXIS2_PLACEMENT_3D('',#7386,#6049,#6050);
#4892=AXIS2_PLACEMENT_3D('',#7390,#6052,#6053);
#4893=AXIS2_PLACEMENT_3D('',#7394,#6055,#6056);
#4894=AXIS2_PLACEMENT_3D('',#7396,#6057,#6058);
#4895=AXIS2_PLACEMENT_3D('',#7400,#6060,#6061);
#4896=AXIS2_PLACEMENT_3D('',#7404,#6063,#6064);
#4897=AXIS2_PLACEMENT_3D('',#7408,#6066,#6067);
#4898=AXIS2_PLACEMENT_3D('',#7410,#6068,#6069);
#4899=AXIS2_PLACEMENT_3D('',#7414,#6071,#6072);
#4900=AXIS2_PLACEMENT_3D('',#7417,#6074,#6075);
#4901=AXIS2_PLACEMENT_3D('',#7431,#6083,#6084);
#4902=AXIS2_PLACEMENT_3D('',#7434,#6087,#6088);
#4903=AXIS2_PLACEMENT_3D('',#7437,#6091,#6092);
#4904=AXIS2_PLACEMENT_3D('',#7439,#6094,#6095);
#4905=AXIS2_PLACEMENT_3D('',#7440,#6096,#6097);
#4906=AXIS2_PLACEMENT_3D('',#7442,#6099,#6100);
#4907=AXIS2_PLACEMENT_3D('',#7443,#6101,#6102);
#4908=AXIS2_PLACEMENT_3D('',#7447,#6105,#6106);
#4909=AXIS2_PLACEMENT_3D('',#7451,#6109,#6110);
#4910=AXIS2_PLACEMENT_3D('',#7455,#6113,#6114);
#4911=AXIS2_PLACEMENT_3D('',#7457,#6116,#6117);
#4912=AXIS2_PLACEMENT_3D('',#7459,#6118,#6119);
#4913=AXIS2_PLACEMENT_3D('',#7460,#6120,#6121);
#4914=AXIS2_PLACEMENT_3D('',#7463,#6122,#6123);
#4915=AXIS2_PLACEMENT_3D('',#7465,#6124,#6125);
#4916=AXIS2_PLACEMENT_3D('',#7469,#6127,#6128);
#4917=AXIS2_PLACEMENT_3D('',#7473,#6130,#6131);
#4918=AXIS2_PLACEMENT_3D('',#7475,#6133,#6134);
#4919=AXIS2_PLACEMENT_3D('',#7477,#6135,#6136);
#4920=AXIS2_PLACEMENT_3D('',#7478,#6137,#6138);
#4921=AXIS2_PLACEMENT_3D('',#7481,#6139,#6140);
#4922=AXIS2_PLACEMENT_3D('',#7484,#6143,#6144);
#4923=AXIS2_PLACEMENT_3D('',#7492,#6149,#6150);
#4924=AXIS2_PLACEMENT_3D('',#7496,#6152,#6153);
#4925=AXIS2_PLACEMENT_3D('',#7500,#6155,#6156);
#4926=AXIS2_PLACEMENT_3D('',#7503,#6158,#6159);
#4927=AXIS2_PLACEMENT_3D('',#7504,#6160,#6161);
#4928=AXIS2_PLACEMENT_3D('',#7506,#6163,#6164);
#4929=AXIS2_PLACEMENT_3D('',#7509,#6167,#6168);
#4930=AXIS2_PLACEMENT_3D('',#7511,#6170,#6171);
#4931=AXIS2_PLACEMENT_3D('',#7513,#6173,#6174);
#4932=AXIS2_PLACEMENT_3D('',#7515,#6176,#6177);
#4933=AXIS2_PLACEMENT_3D('',#7516,#6178,#6179);
#4934=AXIS2_PLACEMENT_3D('',#7519,#6182,#6183);
#4935=AXIS2_PLACEMENT_3D('',#7521,#6185,#6186);
#4936=AXIS2_PLACEMENT_3D('',#7524,#6189,#6190);
#4937=AXIS2_PLACEMENT_3D('',#7530,#6194,#6195);
#4938=AXIS2_PLACEMENT_3D('',#7533,#6196,#6197);
#4939=AXIS2_PLACEMENT_3D('',#7536,#6200,#6201);
#4940=AXIS2_PLACEMENT_3D('',#7545,#6207,#6208);
#4941=AXIS2_PLACEMENT_3D('',#7547,#6209,#6210);
#4942=AXIS2_PLACEMENT_3D('',#7549,#6212,#6213);
#4943=AXIS2_PLACEMENT_3D('',#7552,#6214,#6215);
#4944=AXIS2_PLACEMENT_3D('',#7555,#6218,#6219);
#4945=AXIS2_PLACEMENT_3D('',#7557,#6221,#6222);
#4946=AXIS2_PLACEMENT_3D('',#7559,#6224,#6225);
#4947=AXIS2_PLACEMENT_3D('',#7561,#6227,#6228);
#4948=AXIS2_PLACEMENT_3D('',#7564,#6231,#6232);
#4949=AXIS2_PLACEMENT_3D('',#7565,#6233,#6234);
#4950=AXIS2_PLACEMENT_3D('',#7567,#6235,#6236);
#4951=AXIS2_PLACEMENT_3D('',#7569,#6238,#6239);
#4952=AXIS2_PLACEMENT_3D('',#7570,#6240,#6241);
#4953=AXIS2_PLACEMENT_3D('',#7571,#6242,#6243);
#4954=AXIS2_PLACEMENT_3D('',#7574,#6245,#6246);
#4955=AXIS2_PLACEMENT_3D('',#7575,#6247,#6248);
#4956=AXIS2_PLACEMENT_3D('',#7576,#6249,#6250);
#4957=AXIS2_PLACEMENT_3D('',#7578,#6252,#6253);
#4958=AXIS2_PLACEMENT_3D('',#7579,#6254,#6255);
#4959=AXIS2_PLACEMENT_3D('',#7580,#6256,#6257);
#4960=AXIS2_PLACEMENT_3D('',#7581,#6258,#6259);
#4961=AXIS2_PLACEMENT_3D('',#7582,#6260,#6261);
#4962=AXIS2_PLACEMENT_3D('',#7583,#6262,#6263);
#4963=AXIS2_PLACEMENT_3D('',#7584,#6264,#6265);
#4964=DIRECTION('axis',(0.,0.,1.));
#4965=DIRECTION('refdir',(1.,0.,0.));
#4966=DIRECTION('axis',(0.,0.,1.));
#4967=DIRECTION('refdir',(1.,0.,0.));
#4968=DIRECTION('axis',(0.,0.,1.));
#4969=DIRECTION('refdir',(1.,0.,0.));
#4970=DIRECTION('center_axis',(0.,0.,1.));
#4971=DIRECTION('ref_axis',(1.,0.,0.));
#4972=DIRECTION('center_axis',(0.,0.,1.));
#4973=DIRECTION('ref_axis',(1.,0.,0.));
#4974=DIRECTION('',(0.,0.,1.));
#4975=DIRECTION('center_axis',(0.,0.,-1.));
#4976=DIRECTION('ref_axis',(1.,0.,0.));
#4977=DIRECTION('center_axis',(0.,0.,1.));
#4978=DIRECTION('ref_axis',(1.,0.,0.));
#4979=DIRECTION('center_axis',(0.,0.,1.));
#4980=DIRECTION('ref_axis',(1.,0.,0.));
#4981=DIRECTION('',(0.,0.,1.));
#4982=DIRECTION('center_axis',(0.,0.,-1.));
#4983=DIRECTION('ref_axis',(1.,0.,0.));
#4984=DIRECTION('center_axis',(0.,-1.,0.));
#4985=DIRECTION('ref_axis',(0.,0.,-1.));
#4986=DIRECTION('',(1.,0.,0.));
#4987=DIRECTION('',(0.,0.,-1.));
#4988=DIRECTION('',(-1.,0.,0.));
#4989=DIRECTION('',(0.,0.,-1.));
#4990=DIRECTION('center_axis',(-1.,0.,0.));
#4991=DIRECTION('ref_axis',(0.,0.,1.));
#4992=DIRECTION('',(0.,-1.,0.));
#4993=DIRECTION('',(0.,1.,0.));
#4994=DIRECTION('',(0.,0.,-1.));
#4995=DIRECTION('center_axis',(0.,1.,0.));
#4996=DIRECTION('ref_axis',(0.,0.,1.));
#4997=DIRECTION('',(-1.,0.,0.));
#4998=DIRECTION('',(1.,0.,0.));
#4999=DIRECTION('',(0.,0.,-1.));
#5000=DIRECTION('center_axis',(1.,0.,0.));
#5001=DIRECTION('ref_axis',(0.,0.,-1.));
#5002=DIRECTION('',(0.,1.,0.));
#5003=DIRECTION('',(0.,-1.,0.));
#5004=DIRECTION('center_axis',(0.,0.,1.));
#5005=DIRECTION('ref_axis',(1.,0.,0.));
#5006=DIRECTION('',(0.,1.,0.));
#5007=DIRECTION('',(-1.,0.,0.));
#5008=DIRECTION('',(0.,-1.,0.));
#5009=DIRECTION('',(1.,0.,0.));
#5010=DIRECTION('center_axis',(0.,0.,1.));
#5011=DIRECTION('ref_axis',(1.,0.,0.));
#5012=DIRECTION('',(0.,-1.,0.));
#5013=DIRECTION('',(-1.,0.,0.));
#5014=DIRECTION('',(0.,1.,0.));
#5015=DIRECTION('',(1.,0.,0.));
#5016=DIRECTION('center_axis',(0.,1.,0.));
#5017=DIRECTION('ref_axis',(0.,0.,1.));
#5018=DIRECTION('',(0.,0.,-1.));
#5019=DIRECTION('',(0.,0.,-1.));
#5020=DIRECTION('center_axis',(1.,0.,0.));
#5021=DIRECTION('ref_axis',(0.,0.,-1.));
#5022=DIRECTION('',(0.,0.,-1.));
#5023=DIRECTION('center_axis',(0.,-1.,0.));
#5024=DIRECTION('ref_axis',(0.,0.,-1.));
#5025=DIRECTION('',(0.,0.,-1.));
#5026=DIRECTION('center_axis',(-1.,0.,0.));
#5027=DIRECTION('ref_axis',(0.,0.,1.));
#5028=DIRECTION('axis',(0.,0.,1.));
#5029=DIRECTION('refdir',(1.,0.,0.));
#5030=DIRECTION('center_axis',(0.,0.,1.));
#5031=DIRECTION('ref_axis',(1.,0.,0.));
#5032=DIRECTION('center_axis',(-2.77555756156289E-15,1.,0.));
#5033=DIRECTION('ref_axis',(0.,0.,1.));
#5034=DIRECTION('center_axis',(0.,0.,1.));
#5035=DIRECTION('ref_axis',(0.707106781186547,0.707106781186548,0.));
#5036=DIRECTION('center_axis',(1.,0.,0.));
#5037=DIRECTION('ref_axis',(0.,1.,0.));
#5038=DIRECTION('center_axis',(0.,0.,-1.));
#5039=DIRECTION('ref_axis',(0.707106781186547,0.707106781186548,0.));
#5040=DIRECTION('center_axis',(-1.,0.,0.));
#5041=DIRECTION('ref_axis',(0.,0.707106781186548,0.707106781186548));
#5042=DIRECTION('center_axis',(1.,0.,0.));
#5043=DIRECTION('ref_axis',(0.,1.,0.));
#5044=DIRECTION('',(1.,0.,0.));
#5045=DIRECTION('',(-1.,0.,0.));
#5046=DIRECTION('center_axis',(0.,0.,1.));
#5047=DIRECTION('ref_axis',(1.,0.,0.));
#5048=DIRECTION('center_axis',(2.77555756156289E-15,1.,0.));
#5049=DIRECTION('ref_axis',(-1.,2.77555756156289E-15,0.));
#5050=DIRECTION('center_axis',(0.,0.,-1.));
#5051=DIRECTION('ref_axis',(-0.707106781186547,0.707106781186548,0.));
#5052=DIRECTION('center_axis',(0.,0.,1.));
#5053=DIRECTION('ref_axis',(-0.707106781186547,0.707106781186548,0.));
#5054=DIRECTION('center_axis',(0.,-1.,0.));
#5055=DIRECTION('ref_axis',(-0.707106781186548,0.,0.707106781186548));
#5056=DIRECTION('center_axis',(0.,1.,0.));
#5057=DIRECTION('ref_axis',(-1.,0.,0.));
#5058=DIRECTION('',(0.,1.,0.));
#5059=DIRECTION('',(0.,-1.,0.));
#5060=DIRECTION('center_axis',(0.,0.,1.));
#5061=DIRECTION('ref_axis',(1.,0.,0.));
#5062=DIRECTION('center_axis',(-1.,0.,0.));
#5063=DIRECTION('ref_axis',(0.,-1.,0.));
#5064=DIRECTION('center_axis',(0.,0.,-1.));
#5065=DIRECTION('ref_axis',(-0.707106781186547,-0.707106781186548,0.));
#5066=DIRECTION('center_axis',(0.,0.,1.));
#5067=DIRECTION('ref_axis',(-0.707106781186547,-0.707106781186548,0.));
#5068=DIRECTION('center_axis',(1.,0.,0.));
#5069=DIRECTION('ref_axis',(0.,-0.707106781186548,0.707106781186548));
#5070=DIRECTION('center_axis',(-1.,0.,0.));
#5071=DIRECTION('ref_axis',(0.,-1.,0.));
#5072=DIRECTION('',(-1.,0.,0.));
#5073=DIRECTION('',(1.,0.,0.));
#5074=DIRECTION('center_axis',(0.,0.,1.));
#5075=DIRECTION('ref_axis',(1.,0.,0.));
#5076=DIRECTION('center_axis',(-2.77555756156289E-15,-1.,0.));
#5077=DIRECTION('ref_axis',(1.,-2.77555756156289E-15,0.));
#5078=DIRECTION('center_axis',(0.,0.,-1.));
#5079=DIRECTION('ref_axis',(0.707106781186547,-0.707106781186548,0.));
#5080=DIRECTION('center_axis',(0.,0.,1.));
#5081=DIRECTION('ref_axis',(0.707106781186547,-0.707106781186548,0.));
#5082=DIRECTION('center_axis',(0.,1.,0.));
#5083=DIRECTION('ref_axis',(0.707106781186548,0.,0.707106781186548));
#5084=DIRECTION('',(0.,-1.,0.));
#5085=DIRECTION('',(0.,1.,0.));
#5086=DIRECTION('center_axis',(1.,0.,0.));
#5087=DIRECTION('ref_axis',(0.,0.,-1.));
#5088=DIRECTION('',(0.,0.,-1.));
#5089=DIRECTION('',(0.,1.,0.));
#5090=DIRECTION('',(0.,0.,-1.));
#5091=DIRECTION('center_axis',(0.,0.,1.));
#5092=DIRECTION('ref_axis',(1.,0.,0.));
#5093=DIRECTION('',(0.,0.,-1.));
#5094=DIRECTION('center_axis',(0.,0.,-1.));
#5095=DIRECTION('ref_axis',(1.,0.,0.));
#5096=DIRECTION('center_axis',(0.,-1.,0.));
#5097=DIRECTION('ref_axis',(0.,0.,-1.));
#5098=DIRECTION('',(0.,0.,-1.));
#5099=DIRECTION('',(1.,0.,0.));
#5100=DIRECTION('center_axis',(0.,0.,1.));
#5101=DIRECTION('ref_axis',(1.,0.,0.));
#5102=DIRECTION('',(0.,0.,-1.));
#5103=DIRECTION('center_axis',(0.,0.,-1.));
#5104=DIRECTION('ref_axis',(1.,0.,0.));
#5105=DIRECTION('center_axis',(0.,0.,1.));
#5106=DIRECTION('ref_axis',(1.,0.,0.));
#5107=DIRECTION('center_axis',(0.,0.,1.));
#5108=DIRECTION('ref_axis',(0.707106781186547,0.707106781186547,0.));
#5109=DIRECTION('',(0.,1.,0.));
#5110=DIRECTION('center_axis',(0.,0.,1.));
#5111=DIRECTION('ref_axis',(0.707106781186547,-0.707106781186547,0.));
#5112=DIRECTION('',(1.,0.,0.));
#5113=DIRECTION('center_axis',(0.,0.,1.));
#5114=DIRECTION('ref_axis',(-0.707106781186547,-0.707106781186547,0.));
#5115=DIRECTION('',(0.,-1.,0.));
#5116=DIRECTION('center_axis',(0.,0.,1.));
#5117=DIRECTION('ref_axis',(-0.707106781186547,0.707106781186547,0.));
#5118=DIRECTION('',(-1.,0.,0.));
#5119=DIRECTION('center_axis',(0.,0.,-1.));
#5120=DIRECTION('ref_axis',(-1.,0.,0.));
#5121=DIRECTION('center_axis',(1.,0.,0.));
#5122=DIRECTION('ref_axis',(0.,0.,1.));
#5123=DIRECTION('center_axis',(0.,0.,-1.));
#5124=DIRECTION('ref_axis',(0.707106781186548,0.707106781186548,0.));
#5125=DIRECTION('center_axis',(0.,1.,0.));
#5126=DIRECTION('ref_axis',(-1.,0.,0.));
#5127=DIRECTION('center_axis',(0.,-1.,0.));
#5128=DIRECTION('ref_axis',(-0.707106781186548,0.,0.707106781186548));
#5129=DIRECTION('center_axis',(0.,1.,0.));
#5130=DIRECTION('ref_axis',(-1.,0.,0.));
#5131=DIRECTION('',(0.,-1.,0.));
#5132=DIRECTION('center_axis',(0.,0.,-1.));
#5133=DIRECTION('ref_axis',(-1.,0.,0.));
#5134=DIRECTION('center_axis',(1.,0.,0.));
#5135=DIRECTION('ref_axis',(0.,1.,0.));
#5136=DIRECTION('center_axis',(0.,0.,-1.));
#5137=DIRECTION('ref_axis',(0.707106781186548,-0.707106781186548,0.));
#5138=DIRECTION('center_axis',(-1.,0.,0.));
#5139=DIRECTION('ref_axis',(0.,0.707106781186548,0.707106781186548));
#5140=DIRECTION('center_axis',(1.,0.,0.));
#5141=DIRECTION('ref_axis',(0.,1.,0.));
#5142=DIRECTION('',(-1.,0.,0.));
#5143=DIRECTION('center_axis',(0.,0.,-1.));
#5144=DIRECTION('ref_axis',(-1.,0.,0.));
#5145=DIRECTION('center_axis',(0.,-1.,0.));
#5146=DIRECTION('ref_axis',(1.,0.,0.));
#5147=DIRECTION('center_axis',(0.,0.,-1.));
#5148=DIRECTION('ref_axis',(-0.707106781186548,-0.707106781186548,0.));
#5149=DIRECTION('center_axis',(0.,1.,0.));
#5150=DIRECTION('ref_axis',(0.707106781186548,0.,0.707106781186548));
#5151=DIRECTION('center_axis',(0.,-1.,0.));
#5152=DIRECTION('ref_axis',(1.,0.,0.));
#5153=DIRECTION('',(0.,1.,0.));
#5154=DIRECTION('center_axis',(0.,0.,-1.));
#5155=DIRECTION('ref_axis',(-1.,0.,0.));
#5156=DIRECTION('center_axis',(-1.,0.,0.));
#5157=DIRECTION('ref_axis',(0.,-1.,0.));
#5158=DIRECTION('center_axis',(0.,0.,-1.));
#5159=DIRECTION('ref_axis',(-0.707106781186548,0.707106781186548,0.));
#5160=DIRECTION('center_axis',(1.,0.,0.));
#5161=DIRECTION('ref_axis',(0.,-0.707106781186548,0.707106781186548));
#5162=DIRECTION('',(1.,0.,0.));
#5163=DIRECTION('center_axis',(0.,1.,0.));
#5164=DIRECTION('ref_axis',(0.,0.,1.));
#5165=DIRECTION('',(0.,0.,-1.));
#5166=DIRECTION('',(1.,0.,0.));
#5167=DIRECTION('',(0.,0.,-1.));
#5168=DIRECTION('center_axis',(0.,0.,1.));
#5169=DIRECTION('ref_axis',(1.,0.,0.));
#5170=DIRECTION('',(0.,0.,-1.));
#5171=DIRECTION('center_axis',(0.,0.,1.));
#5172=DIRECTION('ref_axis',(1.,0.,0.));
#5173=DIRECTION('center_axis',(-1.,0.,0.));
#5174=DIRECTION('ref_axis',(0.,0.,1.));
#5175=DIRECTION('',(0.,0.,-1.));
#5176=DIRECTION('',(0.,1.,0.));
#5177=DIRECTION('center_axis',(0.,0.,1.));
#5178=DIRECTION('ref_axis',(1.,0.,0.));
#5179=DIRECTION('',(0.,0.,-1.));
#5180=DIRECTION('center_axis',(0.,0.,1.));
#5181=DIRECTION('ref_axis',(1.,0.,0.));
#5182=DIRECTION('center_axis',(0.,-1.,0.));
#5183=DIRECTION('ref_axis',(0.,0.,-1.));
#5184=DIRECTION('',(-1.,0.,0.));
#5185=DIRECTION('',(0.,0.,-1.));
#5186=DIRECTION('',(-1.,0.,0.));
#5187=DIRECTION('',(0.,0.,-1.));
#5188=DIRECTION('center_axis',(1.,0.,0.));
#5189=DIRECTION('ref_axis',(0.,0.,-1.));
#5190=DIRECTION('',(0.,-1.,0.));
#5191=DIRECTION('',(0.,-1.,0.));
#5192=DIRECTION('',(0.,0.,-1.));
#5193=DIRECTION('center_axis',(0.,0.,1.));
#5194=DIRECTION('ref_axis',(1.,0.,0.));
#5195=DIRECTION('',(0.,1.,0.));
#5196=DIRECTION('',(1.,0.,0.));
#5197=DIRECTION('center_axis',(0.,1.,0.));
#5198=DIRECTION('ref_axis',(0.,0.,1.));
#5199=DIRECTION('',(1.,0.,0.));
#5200=DIRECTION('',(0.,0.,-1.));
#5201=DIRECTION('center_axis',(-1.,0.,0.));
#5202=DIRECTION('ref_axis',(0.,0.,1.));
#5203=DIRECTION('',(0.,1.,0.));
#5204=DIRECTION('center_axis',(0.,-1.,0.));
#5205=DIRECTION('ref_axis',(0.,0.,-1.));
#5206=DIRECTION('',(-1.,0.,0.));
#5207=DIRECTION('',(0.,0.,-1.));
#5208=DIRECTION('',(-1.,0.,0.));
#5209=DIRECTION('',(0.,0.,-1.));
#5210=DIRECTION('center_axis',(1.,0.,0.));
#5211=DIRECTION('ref_axis',(0.,0.,-1.));
#5212=DIRECTION('',(0.,-1.,0.));
#5213=DIRECTION('',(0.,-1.,0.));
#5214=DIRECTION('',(0.,0.,-1.));
#5215=DIRECTION('center_axis',(0.,0.,1.));
#5216=DIRECTION('ref_axis',(1.,0.,0.));
#5217=DIRECTION('',(0.,1.,0.));
#5218=DIRECTION('',(1.,0.,0.));
#5219=DIRECTION('center_axis',(0.,1.,0.));
#5220=DIRECTION('ref_axis',(0.,0.,1.));
#5221=DIRECTION('',(1.,0.,0.));
#5222=DIRECTION('',(0.,0.,-1.));
#5223=DIRECTION('center_axis',(-1.,0.,0.));
#5224=DIRECTION('ref_axis',(0.,0.,1.));
#5225=DIRECTION('',(0.,1.,0.));
#5226=DIRECTION('center_axis',(0.,0.,1.));
#5227=DIRECTION('ref_axis',(1.,0.,0.));
#5228=DIRECTION('',(0.,0.,-1.));
#5229=DIRECTION('center_axis',(0.,0.,-1.));
#5230=DIRECTION('ref_axis',(1.,0.,0.));
#5231=DIRECTION('',(0.,0.,-1.));
#5232=DIRECTION('center_axis',(0.,0.,1.));
#5233=DIRECTION('ref_axis',(1.,0.,0.));
#5234=DIRECTION('center_axis',(0.,0.,1.));
#5235=DIRECTION('ref_axis',(1.,0.,0.));
#5236=DIRECTION('',(0.,0.,-1.));
#5237=DIRECTION('center_axis',(0.,0.,-1.));
#5238=DIRECTION('ref_axis',(1.,0.,0.));
#5239=DIRECTION('',(0.,0.,-1.));
#5240=DIRECTION('center_axis',(0.,0.,1.));
#5241=DIRECTION('ref_axis',(1.,0.,0.));
#5242=DIRECTION('center_axis',(0.,0.,1.));
#5243=DIRECTION('ref_axis',(1.,0.,0.));
#5244=DIRECTION('',(0.,0.,-1.));
#5245=DIRECTION('center_axis',(0.,0.,1.));
#5246=DIRECTION('ref_axis',(1.,0.,0.));
#5247=DIRECTION('',(0.,0.,-1.));
#5248=DIRECTION('center_axis',(0.,0.,-1.));
#5249=DIRECTION('ref_axis',(1.,0.,0.));
#5250=DIRECTION('center_axis',(0.,0.,1.));
#5251=DIRECTION('ref_axis',(1.,0.,0.));
#5252=DIRECTION('',(0.,-1.,0.));
#5253=DIRECTION('',(-1.,0.,0.));
#5254=DIRECTION('center_axis',(0.,0.,-1.));
#5255=DIRECTION('ref_axis',(1.,0.,0.));
#5256=DIRECTION('',(0.,1.,0.));
#5257=DIRECTION('',(1.,0.,0.));
#5258=DIRECTION('center_axis',(0.,0.,1.));
#5259=DIRECTION('ref_axis',(1.,0.,0.));
#5260=DIRECTION('',(0.,0.,-1.));
#5261=DIRECTION('center_axis',(0.,0.,1.));
#5262=DIRECTION('ref_axis',(1.,0.,0.));
#5263=DIRECTION('',(0.,0.,-1.));
#5264=DIRECTION('center_axis',(1.,0.,0.));
#5265=DIRECTION('ref_axis',(0.,0.,-1.));
#5266=DIRECTION('',(0.,-1.,0.));
#5267=DIRECTION('center_axis',(-1.,0.,0.));
#5268=DIRECTION('ref_axis',(0.,0.,1.));
#5269=DIRECTION('',(0.,1.,0.));
#5270=DIRECTION('center_axis',(0.,1.,0.));
#5271=DIRECTION('ref_axis',(0.,0.,1.));
#5272=DIRECTION('',(1.,0.,0.));
#5273=DIRECTION('center_axis',(0.,-1.,0.));
#5274=DIRECTION('ref_axis',(0.,0.,-1.));
#5275=DIRECTION('',(-1.,0.,0.));
#5276=DIRECTION('center_axis',(0.,0.,1.));
#5277=DIRECTION('ref_axis',(1.,0.,0.));
#5278=DIRECTION('',(0.,0.,-1.));
#5279=DIRECTION('center_axis',(0.,0.,-1.));
#5280=DIRECTION('ref_axis',(1.,0.,0.));
#5281=DIRECTION('',(0.,0.,-1.));
#5282=DIRECTION('center_axis',(0.,0.,1.));
#5283=DIRECTION('ref_axis',(1.,0.,0.));
#5284=DIRECTION('center_axis',(0.,0.,1.));
#5285=DIRECTION('ref_axis',(1.,0.,0.));
#5286=DIRECTION('',(0.,0.,-1.));
#5287=DIRECTION('center_axis',(0.,0.,-1.));
#5288=DIRECTION('ref_axis',(1.,0.,0.));
#5289=DIRECTION('',(0.,0.,-1.));
#5290=DIRECTION('center_axis',(0.,0.,1.));
#5291=DIRECTION('ref_axis',(1.,0.,0.));
#5292=DIRECTION('center_axis',(0.,0.,1.));
#5293=DIRECTION('ref_axis',(1.,0.,0.));
#5294=DIRECTION('',(0.,0.,-1.));
#5295=DIRECTION('center_axis',(0.,0.,1.));
#5296=DIRECTION('ref_axis',(1.,0.,0.));
#5297=DIRECTION('',(0.,0.,-1.));
#5298=DIRECTION('center_axis',(0.,0.,-1.));
#5299=DIRECTION('ref_axis',(1.,0.,0.));
#5300=DIRECTION('center_axis',(0.,0.,1.));
#5301=DIRECTION('ref_axis',(1.,0.,0.));
#5302=DIRECTION('',(0.,-1.,0.));
#5303=DIRECTION('',(-1.,0.,0.));
#5304=DIRECTION('center_axis',(0.,0.,-1.));
#5305=DIRECTION('ref_axis',(1.,0.,0.));
#5306=DIRECTION('',(0.,1.,0.));
#5307=DIRECTION('',(1.,0.,0.));
#5308=DIRECTION('center_axis',(0.,0.,1.));
#5309=DIRECTION('ref_axis',(1.,0.,0.));
#5310=DIRECTION('',(0.,0.,-1.));
#5311=DIRECTION('center_axis',(0.,0.,1.));
#5312=DIRECTION('ref_axis',(1.,0.,0.));
#5313=DIRECTION('',(0.,0.,-1.));
#5314=DIRECTION('center_axis',(1.,0.,0.));
#5315=DIRECTION('ref_axis',(0.,0.,-1.));
#5316=DIRECTION('',(0.,-1.,0.));
#5317=DIRECTION('center_axis',(-1.,0.,0.));
#5318=DIRECTION('ref_axis',(0.,0.,1.));
#5319=DIRECTION('',(0.,1.,0.));
#5320=DIRECTION('center_axis',(0.,1.,0.));
#5321=DIRECTION('ref_axis',(0.,0.,1.));
#5322=DIRECTION('',(1.,0.,0.));
#5323=DIRECTION('center_axis',(0.,-1.,0.));
#5324=DIRECTION('ref_axis',(0.,0.,-1.));
#5325=DIRECTION('',(-1.,0.,0.));
#5326=DIRECTION('center_axis',(0.,0.,1.));
#5327=DIRECTION('ref_axis',(1.,0.,0.));
#5328=DIRECTION('',(0.,0.,-1.));
#5329=DIRECTION('center_axis',(0.,0.,1.));
#5330=DIRECTION('ref_axis',(1.,0.,0.));
#5331=DIRECTION('',(0.,0.,-1.));
#5332=DIRECTION('center_axis',(0.,0.,1.));
#5333=DIRECTION('ref_axis',(1.,0.,0.));
#5334=DIRECTION('center_axis',(0.,0.,1.));
#5335=DIRECTION('ref_axis',(1.,0.,0.));
#5336=DIRECTION('',(0.,0.,-1.));
#5337=DIRECTION('center_axis',(1.,0.,0.));
#5338=DIRECTION('ref_axis',(0.,0.,-1.));
#5339=DIRECTION('',(0.,-1.,0.));
#5340=DIRECTION('center_axis',(0.,-1.,0.));
#5341=DIRECTION('ref_axis',(0.,0.,-1.));
#5342=DIRECTION('',(-1.,0.,0.));
#5343=DIRECTION('center_axis',(0.,0.,1.));
#5344=DIRECTION('ref_axis',(1.,0.,0.));
#5345=DIRECTION('',(0.,0.,-1.));
#5346=DIRECTION('center_axis',(0.,0.,-1.));
#5347=DIRECTION('ref_axis',(1.,0.,0.));
#5348=DIRECTION('',(0.,0.,-1.));
#5349=DIRECTION('center_axis',(0.,0.,1.));
#5350=DIRECTION('ref_axis',(1.,0.,0.));
#5351=DIRECTION('',(0.,-1.,0.));
#5352=DIRECTION('',(-1.,0.,0.));
#5353=DIRECTION('center_axis',(0.,0.,-1.));
#5354=DIRECTION('ref_axis',(1.,0.,0.));
#5355=DIRECTION('center_axis',(0.,0.,1.));
#5356=DIRECTION('ref_axis',(1.,0.,0.));
#5357=DIRECTION('',(0.,0.,-1.));
#5358=DIRECTION('center_axis',(-1.,0.,0.));
#5359=DIRECTION('ref_axis',(0.,0.,1.));
#5360=DIRECTION('center_axis',(0.,1.,0.));
#5361=DIRECTION('ref_axis',(0.,0.,1.));
#5362=DIRECTION('axis',(0.,0.,1.));
#5363=DIRECTION('refdir',(1.,0.,0.));
#5364=DIRECTION('center_axis',(0.,0.,1.));
#5365=DIRECTION('ref_axis',(-1.,1.22464679914735E-16,0.));
#5366=DIRECTION('center_axis',(0.,0.,1.));
#5367=DIRECTION('ref_axis',(-1.,1.22464679914735E-16,0.));
#5368=DIRECTION('',(0.,0.,1.));
#5369=DIRECTION('center_axis',(0.,0.,-1.));
#5370=DIRECTION('ref_axis',(-1.,1.22464679914735E-16,0.));
#5371=DIRECTION('center_axis',(0.,0.,1.));
#5372=DIRECTION('ref_axis',(-1.,1.22464679914735E-16,0.));
#5373=DIRECTION('center_axis',(0.,0.,1.));
#5374=DIRECTION('ref_axis',(-1.,1.22464679914735E-16,0.));
#5375=DIRECTION('',(0.,0.,1.));
#5376=DIRECTION('center_axis',(0.,0.,-1.));
#5377=DIRECTION('ref_axis',(-1.,1.22464679914735E-16,0.));
#5378=DIRECTION('center_axis',(0.,0.,1.));
#5379=DIRECTION('ref_axis',(-1.,1.22464679914735E-16,0.));
#5380=DIRECTION('center_axis',(0.,0.,1.));
#5381=DIRECTION('ref_axis',(-1.,1.22464679914735E-16,0.));
#5382=DIRECTION('',(0.,0.,1.));
#5383=DIRECTION('center_axis',(0.,0.,-1.));
#5384=DIRECTION('ref_axis',(-1.,1.22464679914735E-16,0.));
#5385=DIRECTION('center_axis',(0.,0.,1.));
#5386=DIRECTION('ref_axis',(-1.,1.22464679914735E-16,0.));
#5387=DIRECTION('center_axis',(0.,0.,1.));
#5388=DIRECTION('ref_axis',(-1.,1.22464679914735E-16,0.));
#5389=DIRECTION('',(0.,0.,1.));
#5390=DIRECTION('center_axis',(0.,0.,-1.));
#5391=DIRECTION('ref_axis',(-1.,1.22464679914735E-16,0.));
#5392=DIRECTION('center_axis',(0.,0.,1.));
#5393=DIRECTION('ref_axis',(-1.,1.22464679914735E-16,0.));
#5394=DIRECTION('',(-1.22464679914735E-16,-1.,0.));
#5395=DIRECTION('',(1.,-1.22464679914735E-16,0.));
#5396=DIRECTION('',(1.22464679914735E-16,1.,0.));
#5397=DIRECTION('',(-1.,1.22464679914735E-16,0.));
#5398=DIRECTION('center_axis',(0.,0.,1.));
#5399=DIRECTION('ref_axis',(-1.,1.22464679914735E-16,0.));
#5400=DIRECTION('',(1.22464679914735E-16,1.,0.));
#5401=DIRECTION('',(1.,-1.22464679914735E-16,0.));
#5402=DIRECTION('',(-1.22464679914735E-16,-1.,0.));
#5403=DIRECTION('',(-1.,1.22464679914735E-16,0.));
#5404=DIRECTION('center_axis',(-1.22464679914735E-16,-1.,0.));
#5405=DIRECTION('ref_axis',(0.,0.,1.));
#5406=DIRECTION('',(0.,0.,-1.));
#5407=DIRECTION('',(0.,0.,-1.));
#5408=DIRECTION('center_axis',(-1.,1.22464679914735E-16,0.));
#5409=DIRECTION('ref_axis',(0.,0.,-1.));
#5410=DIRECTION('',(0.,0.,-1.));
#5411=DIRECTION('center_axis',(1.22464679914735E-16,1.,0.));
#5412=DIRECTION('ref_axis',(0.,0.,-1.));
#5413=DIRECTION('',(0.,0.,-1.));
#5414=DIRECTION('center_axis',(1.,-1.22464679914735E-16,0.));
#5415=DIRECTION('ref_axis',(0.,0.,1.));
#5416=DIRECTION('center_axis',(0.,0.,1.));
#5417=DIRECTION('ref_axis',(-1.,1.22464679914735E-16,0.));
#5418=DIRECTION('',(-1.22464679914735E-16,-1.,0.));
#5419=DIRECTION('',(1.,-1.22464679914735E-16,0.));
#5420=DIRECTION('',(1.22464679914735E-16,1.,0.));
#5421=DIRECTION('',(-1.,1.22464679914735E-16,0.));
#5422=DIRECTION('center_axis',(0.,0.,1.));
#5423=DIRECTION('ref_axis',(-1.,1.22464679914735E-16,0.));
#5424=DIRECTION('',(1.22464679914735E-16,1.,0.));
#5425=DIRECTION('',(1.,-1.22464679914735E-16,0.));
#5426=DIRECTION('',(-1.22464679914735E-16,-1.,0.));
#5427=DIRECTION('',(-1.,1.22464679914735E-16,0.));
#5428=DIRECTION('center_axis',(-1.22464679914735E-16,-1.,0.));
#5429=DIRECTION('ref_axis',(0.,0.,1.));
#5430=DIRECTION('',(0.,0.,-1.));
#5431=DIRECTION('',(0.,0.,-1.));
#5432=DIRECTION('center_axis',(-1.,1.22464679914735E-16,0.));
#5433=DIRECTION('ref_axis',(0.,0.,-1.));
#5434=DIRECTION('',(0.,0.,-1.));
#5435=DIRECTION('center_axis',(1.22464679914735E-16,1.,0.));
#5436=DIRECTION('ref_axis',(0.,0.,-1.));
#5437=DIRECTION('',(0.,0.,-1.));
#5438=DIRECTION('center_axis',(1.,-1.22464679914735E-16,0.));
#5439=DIRECTION('ref_axis',(0.,0.,1.));
#5440=DIRECTION('center_axis',(0.,0.,1.));
#5441=DIRECTION('ref_axis',(-1.,1.22464679914735E-16,0.));
#5442=DIRECTION('',(-1.22464679914735E-16,-1.,0.));
#5443=DIRECTION('',(1.,-1.22464679914735E-16,0.));
#5444=DIRECTION('',(1.22464679914735E-16,1.,0.));
#5445=DIRECTION('',(-1.,1.22464679914735E-16,0.));
#5446=DIRECTION('center_axis',(0.,0.,1.));
#5447=DIRECTION('ref_axis',(-1.,1.22464679914735E-16,0.));
#5448=DIRECTION('',(1.22464679914735E-16,1.,0.));
#5449=DIRECTION('',(1.,-1.22464679914735E-16,0.));
#5450=DIRECTION('',(-1.22464679914735E-16,-1.,0.));
#5451=DIRECTION('',(-1.,1.22464679914735E-16,0.));
#5452=DIRECTION('center_axis',(-1.22464679914735E-16,-1.,0.));
#5453=DIRECTION('ref_axis',(0.,0.,1.));
#5454=DIRECTION('',(0.,0.,-1.));
#5455=DIRECTION('',(0.,0.,-1.));
#5456=DIRECTION('center_axis',(-1.,1.22464679914735E-16,0.));
#5457=DIRECTION('ref_axis',(0.,0.,-1.));
#5458=DIRECTION('',(0.,0.,-1.));
#5459=DIRECTION('center_axis',(1.22464679914735E-16,1.,0.));
#5460=DIRECTION('ref_axis',(0.,0.,-1.));
#5461=DIRECTION('',(0.,0.,-1.));
#5462=DIRECTION('center_axis',(1.,-1.22464679914735E-16,0.));
#5463=DIRECTION('ref_axis',(0.,0.,1.));
#5464=DIRECTION('center_axis',(0.,0.,1.));
#5465=DIRECTION('ref_axis',(-1.,1.22464679914735E-16,0.));
#5466=DIRECTION('',(-1.22464679914735E-16,-1.,0.));
#5467=DIRECTION('',(1.,-1.22464679914735E-16,0.));
#5468=DIRECTION('',(1.22464679914735E-16,1.,0.));
#5469=DIRECTION('',(-1.,1.22464679914735E-16,0.));
#5470=DIRECTION('center_axis',(0.,0.,1.));
#5471=DIRECTION('ref_axis',(-1.,1.22464679914735E-16,0.));
#5472=DIRECTION('',(1.22464679914735E-16,1.,0.));
#5473=DIRECTION('',(1.,-1.22464679914735E-16,0.));
#5474=DIRECTION('',(-1.22464679914735E-16,-1.,0.));
#5475=DIRECTION('',(-1.,1.22464679914735E-16,0.));
#5476=DIRECTION('center_axis',(-1.22464679914735E-16,-1.,0.));
#5477=DIRECTION('ref_axis',(0.,0.,1.));
#5478=DIRECTION('',(0.,0.,-1.));
#5479=DIRECTION('',(0.,0.,-1.));
#5480=DIRECTION('center_axis',(-1.,1.22464679914735E-16,0.));
#5481=DIRECTION('ref_axis',(0.,0.,-1.));
#5482=DIRECTION('',(0.,0.,-1.));
#5483=DIRECTION('center_axis',(1.22464679914735E-16,1.,0.));
#5484=DIRECTION('ref_axis',(0.,0.,-1.));
#5485=DIRECTION('',(0.,0.,-1.));
#5486=DIRECTION('center_axis',(1.,-1.22464679914735E-16,0.));
#5487=DIRECTION('ref_axis',(0.,0.,1.));
#5488=DIRECTION('center_axis',(0.,0.,-1.));
#5489=DIRECTION('ref_axis',(-1.,1.22464679914735E-16,0.));
#5490=DIRECTION('center_axis',(0.,0.,1.));
#5491=DIRECTION('ref_axis',(-1.,1.22464679914735E-16,0.));
#5492=DIRECTION('',(0.391140640344852,0.,-0.920330918458475));
#5493=DIRECTION('center_axis',(0.,0.,-1.));
#5494=DIRECTION('ref_axis',(-1.,1.22464679914735E-16,0.));
#5495=DIRECTION('center_axis',(0.,0.,-1.));
#5496=DIRECTION('ref_axis',(1.,-1.22464679914735E-16,0.));
#5497=DIRECTION('center_axis',(0.,0.,1.));
#5498=DIRECTION('ref_axis',(-1.,1.22464679914735E-16,0.));
#5499=DIRECTION('center_axis',(0.,0.,-1.));
#5500=DIRECTION('ref_axis',(-1.,1.22464679914735E-16,0.));
#5501=DIRECTION('center_axis',(0.,0.,1.));
#5502=DIRECTION('ref_axis',(-1.,1.22464679914735E-16,0.));
#5503=DIRECTION('',(0.391140640344852,0.,-0.920330918458475));
#5504=DIRECTION('center_axis',(0.,0.,-1.));
#5505=DIRECTION('ref_axis',(-1.,1.22464679914735E-16,0.));
#5506=DIRECTION('center_axis',(0.,0.,-1.));
#5507=DIRECTION('ref_axis',(1.,-1.22464679914735E-16,0.));
#5508=DIRECTION('center_axis',(0.,0.,1.));
#5509=DIRECTION('ref_axis',(-1.,1.22464679914735E-16,0.));
#5510=DIRECTION('center_axis',(0.,0.,-1.));
#5511=DIRECTION('ref_axis',(-1.,1.22464679914735E-16,0.));
#5512=DIRECTION('center_axis',(0.,0.,1.));
#5513=DIRECTION('ref_axis',(-1.,1.22464679914735E-16,0.));
#5514=DIRECTION('',(0.391140640344852,0.,-0.920330918458475));
#5515=DIRECTION('center_axis',(0.,0.,-1.));
#5516=DIRECTION('ref_axis',(-1.,1.22464679914735E-16,0.));
#5517=DIRECTION('center_axis',(0.,0.,-1.));
#5518=DIRECTION('ref_axis',(1.,-1.22464679914735E-16,0.));
#5519=DIRECTION('center_axis',(0.,0.,1.));
#5520=DIRECTION('ref_axis',(-1.,1.22464679914735E-16,0.));
#5521=DIRECTION('center_axis',(0.,0.,-1.));
#5522=DIRECTION('ref_axis',(-1.,1.22464679914735E-16,0.));
#5523=DIRECTION('center_axis',(0.,0.,1.));
#5524=DIRECTION('ref_axis',(-1.,1.22464679914735E-16,0.));
#5525=DIRECTION('',(0.391140640344852,0.,-0.920330918458475));
#5526=DIRECTION('center_axis',(0.,0.,-1.));
#5527=DIRECTION('ref_axis',(-1.,1.22464679914735E-16,0.));
#5528=DIRECTION('center_axis',(0.,0.,-1.));
#5529=DIRECTION('ref_axis',(1.,-1.22464679914735E-16,0.));
#5530=DIRECTION('center_axis',(0.,0.,1.));
#5531=DIRECTION('ref_axis',(-1.,1.22464679914735E-16,0.));
#5532=DIRECTION('center_axis',(0.,0.,-1.));
#5533=DIRECTION('ref_axis',(-1.,1.22464679914735E-16,0.));
#5534=DIRECTION('center_axis',(0.,0.,1.));
#5535=DIRECTION('ref_axis',(-1.,1.22464679914735E-16,0.));
#5536=DIRECTION('',(0.391140640344852,0.,-0.920330918458475));
#5537=DIRECTION('center_axis',(0.,0.,-1.));
#5538=DIRECTION('ref_axis',(-1.,1.22464679914735E-16,0.));
#5539=DIRECTION('center_axis',(0.,0.,-1.));
#5540=DIRECTION('ref_axis',(1.,-1.22464679914735E-16,0.));
#5541=DIRECTION('center_axis',(0.,0.,1.));
#5542=DIRECTION('ref_axis',(-1.,1.22464679914735E-16,0.));
#5543=DIRECTION('center_axis',(0.,0.,-1.));
#5544=DIRECTION('ref_axis',(-1.,1.22464679914735E-16,0.));
#5545=DIRECTION('center_axis',(0.,0.,1.));
#5546=DIRECTION('ref_axis',(-1.,1.22464679914735E-16,0.));
#5547=DIRECTION('',(0.391140640344852,0.,-0.920330918458475));
#5548=DIRECTION('center_axis',(0.,0.,-1.));
#5549=DIRECTION('ref_axis',(-1.,1.22464679914735E-16,0.));
#5550=DIRECTION('center_axis',(0.,0.,-1.));
#5551=DIRECTION('ref_axis',(1.,-1.22464679914735E-16,0.));
#5552=DIRECTION('center_axis',(0.,0.,1.));
#5553=DIRECTION('ref_axis',(-1.,1.22464679914735E-16,0.));
#5554=DIRECTION('center_axis',(0.,0.,-1.));
#5555=DIRECTION('ref_axis',(-1.,1.22464679914735E-16,0.));
#5556=DIRECTION('center_axis',(0.,0.,1.));
#5557=DIRECTION('ref_axis',(-1.,1.22464679914735E-16,0.));
#5558=DIRECTION('',(0.391140640344852,0.,-0.920330918458475));
#5559=DIRECTION('center_axis',(0.,0.,-1.));
#5560=DIRECTION('ref_axis',(-1.,1.22464679914735E-16,0.));
#5561=DIRECTION('center_axis',(0.,0.,-1.));
#5562=DIRECTION('ref_axis',(1.,-1.22464679914735E-16,0.));
#5563=DIRECTION('center_axis',(0.,0.,1.));
#5564=DIRECTION('ref_axis',(-1.,1.22464679914735E-16,0.));
#5565=DIRECTION('center_axis',(0.,0.,-1.));
#5566=DIRECTION('ref_axis',(-1.,1.22464679914735E-16,0.));
#5567=DIRECTION('center_axis',(0.,0.,1.));
#5568=DIRECTION('ref_axis',(-1.,1.22464679914735E-16,0.));
#5569=DIRECTION('',(0.391140640344852,0.,-0.920330918458475));
#5570=DIRECTION('center_axis',(0.,0.,-1.));
#5571=DIRECTION('ref_axis',(-1.,1.22464679914735E-16,0.));
#5572=DIRECTION('center_axis',(0.,0.,-1.));
#5573=DIRECTION('ref_axis',(1.,-1.22464679914735E-16,0.));
#5574=DIRECTION('center_axis',(0.,0.,1.));
#5575=DIRECTION('ref_axis',(-1.,1.22464679914735E-16,0.));
#5576=DIRECTION('axis',(0.,0.,1.));
#5577=DIRECTION('refdir',(1.,0.,0.));
#5578=DIRECTION('center_axis',(0.,0.,1.));
#5579=DIRECTION('ref_axis',(-1.,1.22464679914735E-16,0.));
#5580=DIRECTION('',(-1.,1.22464679914735E-16,0.));
#5581=DIRECTION('',(1.22464679914735E-16,1.,0.));
#5582=DIRECTION('',(1.,-1.22464679914735E-16,0.));
#5583=DIRECTION('',(-1.22464679914735E-16,-1.,0.));
#5584=DIRECTION('center_axis',(1.22464679914735E-16,1.,0.));
#5585=DIRECTION('ref_axis',(0.,0.,-1.));
#5586=DIRECTION('',(-1.,1.22464679914735E-16,0.));
#5587=DIRECTION('',(0.,0.,-1.));
#5588=DIRECTION('',(1.,-1.22464679914735E-16,0.));
#5589=DIRECTION('',(0.,0.,-1.));
#5590=DIRECTION('center_axis',(-1.,1.22464679914735E-16,0.));
#5591=DIRECTION('ref_axis',(0.,0.,-1.));
#5592=DIRECTION('',(0.,0.,-1.));
#5593=DIRECTION('',(1.22464679914735E-16,1.,0.));
#5594=DIRECTION('',(-1.22464679914735E-16,-1.,0.));
#5595=DIRECTION('',(0.,0.,-1.));
#5596=DIRECTION('',(1.22464679914735E-16,1.,0.));
#5597=DIRECTION('',(0.,0.,-1.));
#5598=DIRECTION('center_axis',(-1.22464679914735E-16,-1.,0.));
#5599=DIRECTION('ref_axis',(0.,0.,1.));
#5600=DIRECTION('',(0.,0.,-1.));
#5601=DIRECTION('',(-1.,1.22464679914735E-16,0.));
#5602=DIRECTION('center_axis',(-1.22464679914735E-16,-1.,0.));
#5603=DIRECTION('ref_axis',(0.,0.,1.));
#5604=DIRECTION('',(1.,-1.22464679914735E-16,0.));
#5605=DIRECTION('',(0.,0.,-1.));
#5606=DIRECTION('',(-1.,1.22464679914735E-16,0.));
#5607=DIRECTION('center_axis',(1.22464679914735E-16,1.,0.));
#5608=DIRECTION('ref_axis',(0.,0.,-1.));
#5609=DIRECTION('',(1.,-1.22464679914735E-16,0.));
#5610=DIRECTION('',(0.,0.,-1.));
#5611=DIRECTION('center_axis',(0.,0.,1.));
#5612=DIRECTION('ref_axis',(-1.,1.22464679914735E-16,0.));
#5613=DIRECTION('',(1.22464679914735E-16,1.,0.));
#5614=DIRECTION('center_axis',(1.,-1.22464679914735E-16,0.));
#5615=DIRECTION('ref_axis',(0.,0.,1.));
#5616=DIRECTION('',(-1.22464679914735E-16,-1.,0.));
#5617=DIRECTION('',(-1.22464679914735E-16,-1.,0.));
#5618=DIRECTION('center_axis',(0.,0.,1.));
#5619=DIRECTION('ref_axis',(-1.,1.22464679914735E-16,0.));
#5620=DIRECTION('',(-1.,1.22464679914735E-16,0.));
#5621=DIRECTION('',(1.22464679914735E-16,1.,0.));
#5622=DIRECTION('',(1.,-1.22464679914735E-16,0.));
#5623=DIRECTION('',(-1.22464679914735E-16,-1.,0.));
#5624=DIRECTION('center_axis',(1.22464679914735E-16,1.,0.));
#5625=DIRECTION('ref_axis',(0.,0.,-1.));
#5626=DIRECTION('',(-1.,1.22464679914735E-16,0.));
#5627=DIRECTION('',(0.,0.,-1.));
#5628=DIRECTION('',(1.,-1.22464679914735E-16,0.));
#5629=DIRECTION('',(0.,0.,-1.));
#5630=DIRECTION('center_axis',(-1.,1.22464679914735E-16,0.));
#5631=DIRECTION('ref_axis',(0.,0.,-1.));
#5632=DIRECTION('',(0.,0.,-1.));
#5633=DIRECTION('',(1.22464679914735E-16,1.,0.));
#5634=DIRECTION('',(-1.22464679914735E-16,-1.,0.));
#5635=DIRECTION('',(0.,0.,-1.));
#5636=DIRECTION('',(1.22464679914735E-16,1.,0.));
#5637=DIRECTION('',(0.,0.,-1.));
#5638=DIRECTION('center_axis',(-1.22464679914735E-16,-1.,0.));
#5639=DIRECTION('ref_axis',(0.,0.,1.));
#5640=DIRECTION('',(0.,0.,-1.));
#5641=DIRECTION('',(-1.,1.22464679914735E-16,0.));
#5642=DIRECTION('center_axis',(-1.22464679914735E-16,-1.,0.));
#5643=DIRECTION('ref_axis',(0.,0.,1.));
#5644=DIRECTION('',(1.,-1.22464679914735E-16,0.));
#5645=DIRECTION('',(0.,0.,-1.));
#5646=DIRECTION('',(-1.,1.22464679914735E-16,0.));
#5647=DIRECTION('center_axis',(1.22464679914735E-16,1.,0.));
#5648=DIRECTION('ref_axis',(0.,0.,-1.));
#5649=DIRECTION('',(1.,-1.22464679914735E-16,0.));
#5650=DIRECTION('',(0.,0.,-1.));
#5651=DIRECTION('center_axis',(0.,0.,1.));
#5652=DIRECTION('ref_axis',(-1.,1.22464679914735E-16,0.));
#5653=DIRECTION('',(1.22464679914735E-16,1.,0.));
#5654=DIRECTION('center_axis',(1.,-1.22464679914735E-16,0.));
#5655=DIRECTION('ref_axis',(0.,0.,1.));
#5656=DIRECTION('',(-1.22464679914735E-16,-1.,0.));
#5657=DIRECTION('',(-1.22464679914735E-16,-1.,0.));
#5658=DIRECTION('center_axis',(1.08057070513002E-16,0.882352941176471,-0.470588235294118));
#5659=DIRECTION('ref_axis',(-5.76304376069343E-17,-0.470588235294118,-0.882352941176471));
#5660=DIRECTION('',(5.76304376069343E-17,0.470588235294118,0.882352941176471));
#5661=DIRECTION('',(1.,-1.22464679914735E-16,0.));
#5662=DIRECTION('',(-5.76304376069343E-17,-0.470588235294118,-0.882352941176471));
#5663=DIRECTION('',(-1.,1.22464679914735E-16,0.));
#5664=DIRECTION('center_axis',(1.,-1.22464679914735E-16,0.));
#5665=DIRECTION('ref_axis',(0.,0.,1.));
#5666=DIRECTION('',(1.22464679914735E-16,1.,0.));
#5667=DIRECTION('',(0.,0.,-1.));
#5668=DIRECTION('',(-1.22464679914735E-16,-1.,0.));
#5669=DIRECTION('center_axis',(0.,0.,1.));
#5670=DIRECTION('ref_axis',(-1.,1.22464679914735E-16,0.));
#5671=DIRECTION('',(-1.22464679914735E-16,-1.,0.));
#5672=DIRECTION('',(1.,-1.22464679914735E-16,0.));
#5673=DIRECTION('',(1.22464679914735E-16,1.,0.));
#5674=DIRECTION('',(-1.,1.22464679914735E-16,0.));
#5675=DIRECTION('',(-1.22464679914735E-16,-1.,0.));
#5676=DIRECTION('',(1.,-1.22464679914735E-16,0.));
#5677=DIRECTION('center_axis',(1.22464679914735E-16,1.,0.));
#5678=DIRECTION('ref_axis',(0.,0.,-1.));
#5679=DIRECTION('',(0.,0.,1.));
#5680=DIRECTION('',(0.,0.,-1.));
#5681=DIRECTION('',(1.,-1.22464679914735E-16,0.));
#5682=DIRECTION('center_axis',(-1.,1.22464679914735E-16,0.));
#5683=DIRECTION('ref_axis',(0.,0.,-1.));
#5684=DIRECTION('',(1.22464679914735E-16,1.,0.));
#5685=DIRECTION('',(0.,0.,1.));
#5686=DIRECTION('center_axis',(0.,0.,1.));
#5687=DIRECTION('ref_axis',(-1.,1.22464679914735E-16,0.));
#5688=DIRECTION('',(-1.,1.22464679914735E-16,0.));
#5689=DIRECTION('',(1.22464679914735E-16,1.,0.));
#5690=DIRECTION('',(-1.22464679914735E-16,-1.,0.));
#5691=DIRECTION('',(-1.,1.22464679914735E-16,0.));
#5692=DIRECTION('center_axis',(-1.22464679914735E-16,-1.,0.));
#5693=DIRECTION('ref_axis',(0.,0.,1.));
#5694=DIRECTION('',(0.,0.,-1.));
#5695=DIRECTION('',(1.,-1.22464679914735E-16,0.));
#5696=DIRECTION('',(0.,0.,-1.));
#5697=DIRECTION('',(-1.,1.22464679914735E-16,0.));
#5698=DIRECTION('',(0.,0.,-1.));
#5699=DIRECTION('center_axis',(1.,-1.22464679914735E-16,0.));
#5700=DIRECTION('ref_axis',(0.,0.,1.));
#5701=DIRECTION('',(0.,0.,-1.));
#5702=DIRECTION('',(1.22464679914735E-16,1.,0.));
#5703=DIRECTION('',(0.,0.,-1.));
#5704=DIRECTION('',(-1.22464679914735E-16,-1.,0.));
#5705=DIRECTION('',(0.,0.,-1.));
#5706=DIRECTION('center_axis',(-1.,1.22464679914735E-16,0.));
#5707=DIRECTION('ref_axis',(0.,0.,-1.));
#5708=DIRECTION('',(1.22464679914735E-16,1.,0.));
#5709=DIRECTION('',(0.,0.,1.));
#5710=DIRECTION('',(-1.22464679914735E-16,-1.,0.));
#5711=DIRECTION('center_axis',(1.,-1.22464679914735E-16,0.));
#5712=DIRECTION('ref_axis',(0.,0.,1.));
#5713=DIRECTION('',(1.22464679914735E-16,1.,0.));
#5714=DIRECTION('',(0.,0.,-1.));
#5715=DIRECTION('',(-1.22464679914735E-16,-1.,0.));
#5716=DIRECTION('center_axis',(1.22464679914735E-16,1.,0.));
#5717=DIRECTION('ref_axis',(0.,0.,-1.));
#5718=DIRECTION('',(1.,-1.22464679914735E-16,0.));
#5719=DIRECTION('',(0.,0.,-1.));
#5720=DIRECTION('',(-1.,1.22464679914735E-16,0.));
#5721=DIRECTION('',(0.,0.,-1.));
#5722=DIRECTION('',(1.,-1.22464679914735E-16,0.));
#5723=DIRECTION('',(1.,-1.22464679914735E-16,0.));
#5724=DIRECTION('center_axis',(-1.22464679914735E-16,-1.,0.));
#5725=DIRECTION('ref_axis',(0.,0.,1.));
#5726=DIRECTION('',(-1.,1.22464679914735E-16,0.));
#5727=DIRECTION('',(0.,0.,-1.));
#5728=DIRECTION('',(1.,-1.22464679914735E-16,0.));
#5729=DIRECTION('center_axis',(-1.,1.22464679914735E-16,0.));
#5730=DIRECTION('ref_axis',(0.,0.,-1.));
#5731=DIRECTION('',(0.,0.,1.));
#5732=DIRECTION('',(-1.22464679914735E-16,-1.,0.));
#5733=DIRECTION('',(1.22464679914735E-16,1.,0.));
#5734=DIRECTION('center_axis',(1.22464679914735E-16,1.,0.));
#5735=DIRECTION('ref_axis',(0.,0.,-1.));
#5736=DIRECTION('',(1.,-1.22464679914735E-16,0.));
#5737=DIRECTION('',(0.,0.,-1.));
#5738=DIRECTION('',(1.,-1.22464679914735E-16,0.));
#5739=DIRECTION('center_axis',(1.,-1.22464679914735E-16,0.));
#5740=DIRECTION('ref_axis',(0.,0.,1.));
#5741=DIRECTION('',(0.,0.,-1.));
#5742=DIRECTION('',(-1.22464679914735E-16,-1.,0.));
#5743=DIRECTION('',(0.,0.,1.));
#5744=DIRECTION('',(-1.22464679914735E-16,-1.,0.));
#5745=DIRECTION('',(0.,0.,1.));
#5746=DIRECTION('',(-1.22464679914735E-16,-1.,0.));
#5747=DIRECTION('',(0.,0.,-1.));
#5748=DIRECTION('',(-1.22464679914735E-16,-1.,0.));
#5749=DIRECTION('center_axis',(0.,0.,1.));
#5750=DIRECTION('ref_axis',(-1.,1.22464679914735E-16,0.));
#5751=DIRECTION('center_axis',(0.,0.,1.));
#5752=DIRECTION('ref_axis',(-1.,1.22464679914735E-16,0.));
#5753=DIRECTION('',(1.22464679914735E-16,1.,0.));
#5754=DIRECTION('center_axis',(0.,0.,1.));
#5755=DIRECTION('ref_axis',(-1.,1.22464679914735E-16,0.));
#5756=DIRECTION('center_axis',(-1.,1.22464679914735E-16,0.));
#5757=DIRECTION('ref_axis',(0.,0.,-1.));
#5758=DIRECTION('',(0.,0.,1.));
#5759=DIRECTION('',(1.22464679914735E-16,1.,0.));
#5760=DIRECTION('',(0.,0.,1.));
#5761=DIRECTION('',(1.22464679914735E-16,1.,0.));
#5762=DIRECTION('',(0.,0.,-1.));
#5763=DIRECTION('',(1.22464679914735E-16,1.,0.));
#5764=DIRECTION('',(0.,0.,-1.));
#5765=DIRECTION('center_axis',(0.,0.,1.));
#5766=DIRECTION('ref_axis',(-1.,1.22464679914735E-16,0.));
#5767=DIRECTION('center_axis',(0.,0.,1.));
#5768=DIRECTION('ref_axis',(-1.,1.22464679914735E-16,0.));
#5769=DIRECTION('',(0.,0.,-1.));
#5770=DIRECTION('center_axis',(0.,0.,-1.));
#5771=DIRECTION('ref_axis',(-1.,1.22464679914735E-16,0.));
#5772=DIRECTION('center_axis',(0.,0.,-1.));
#5773=DIRECTION('ref_axis',(-1.,1.22464679914735E-16,0.));
#5774=DIRECTION('center_axis',(0.,0.,-1.));
#5775=DIRECTION('ref_axis',(-1.,1.22464679914735E-16,0.));
#5776=DIRECTION('center_axis',(0.,0.,-1.));
#5777=DIRECTION('ref_axis',(1.,-1.22464679914735E-16,0.));
#5778=DIRECTION('center_axis',(0.,0.,-1.));
#5779=DIRECTION('ref_axis',(-1.,1.22464679914735E-16,0.));
#5780=DIRECTION('center_axis',(0.,0.,-1.));
#5781=DIRECTION('ref_axis',(1.,-1.22464679914735E-16,0.));
#5782=DIRECTION('center_axis',(0.,0.,-1.));
#5783=DIRECTION('ref_axis',(-1.,1.22464679914735E-16,0.));
#5784=DIRECTION('center_axis',(0.,0.,1.));
#5785=DIRECTION('ref_axis',(-1.,1.22464679914735E-16,0.));
#5786=DIRECTION('center_axis',(0.,0.,-1.));
#5787=DIRECTION('ref_axis',(-1.,1.22464679914735E-16,0.));
#5788=DIRECTION('center_axis',(0.,0.,1.));
#5789=DIRECTION('ref_axis',(1.,0.,0.));
#5790=DIRECTION('center_axis',(0.,0.,-1.));
#5791=DIRECTION('ref_axis',(-1.,1.22464679914735E-16,0.));
#5792=DIRECTION('center_axis',(0.,0.,-1.));
#5793=DIRECTION('ref_axis',(-1.,1.22464679914735E-16,0.));
#5794=DIRECTION('center_axis',(0.,0.,-1.));
#5795=DIRECTION('ref_axis',(-1.,1.22464679914735E-16,0.));
#5796=DIRECTION('center_axis',(0.,0.,-1.));
#5797=DIRECTION('ref_axis',(1.,0.,0.));
#5798=DIRECTION('center_axis',(0.,0.,-1.));
#5799=DIRECTION('ref_axis',(-1.,1.22464679914735E-16,0.));
#5800=DIRECTION('center_axis',(0.,0.,-1.));
#5801=DIRECTION('ref_axis',(-1.,1.22464679914735E-16,0.));
#5802=DIRECTION('center_axis',(0.,0.,-1.));
#5803=DIRECTION('ref_axis',(-1.,1.22464679914735E-16,0.));
#5804=DIRECTION('center_axis',(0.,0.,1.));
#5805=DIRECTION('ref_axis',(-1.,1.22464679914735E-16,0.));
#5806=DIRECTION('center_axis',(0.,0.,1.));
#5807=DIRECTION('ref_axis',(1.,0.,0.));
#5808=DIRECTION('center_axis',(0.,0.,-1.));
#5809=DIRECTION('ref_axis',(-1.,1.22464679914735E-16,0.));
#5810=DIRECTION('center_axis',(0.,0.,-1.));
#5811=DIRECTION('ref_axis',(-1.,1.22464679914735E-16,0.));
#5812=DIRECTION('center_axis',(1.,-1.22464679914735E-16,0.));
#5813=DIRECTION('ref_axis',(0.,0.,1.));
#5814=DIRECTION('',(0.,0.,-1.));
#5815=DIRECTION('',(-1.22464679914735E-16,-1.,0.));
#5816=DIRECTION('',(0.,0.,1.));
#5817=DIRECTION('',(-1.22464679914735E-16,-1.,0.));
#5818=DIRECTION('',(0.,0.,1.));
#5819=DIRECTION('',(-1.22464679914735E-16,-1.,0.));
#5820=DIRECTION('',(0.,0.,-1.));
#5821=DIRECTION('',(-1.22464679914735E-16,-1.,0.));
#5822=DIRECTION('center_axis',(0.,0.,1.));
#5823=DIRECTION('ref_axis',(-1.,1.22464679914735E-16,0.));
#5824=DIRECTION('center_axis',(0.,0.,1.));
#5825=DIRECTION('ref_axis',(-1.,1.22464679914735E-16,0.));
#5826=DIRECTION('',(1.22464679914735E-16,1.,0.));
#5827=DIRECTION('center_axis',(0.,0.,1.));
#5828=DIRECTION('ref_axis',(-1.,1.22464679914735E-16,0.));
#5829=DIRECTION('center_axis',(-1.,1.22464679914735E-16,0.));
#5830=DIRECTION('ref_axis',(0.,0.,-1.));
#5831=DIRECTION('',(0.,0.,1.));
#5832=DIRECTION('',(1.22464679914735E-16,1.,0.));
#5833=DIRECTION('',(0.,0.,1.));
#5834=DIRECTION('',(1.22464679914735E-16,1.,0.));
#5835=DIRECTION('',(0.,0.,-1.));
#5836=DIRECTION('',(1.22464679914735E-16,1.,0.));
#5837=DIRECTION('',(0.,0.,-1.));
#5838=DIRECTION('center_axis',(0.,0.,1.));
#5839=DIRECTION('ref_axis',(-1.,1.22464679914735E-16,0.));
#5840=DIRECTION('center_axis',(0.,0.,1.));
#5841=DIRECTION('ref_axis',(-1.,1.22464679914735E-16,0.));
#5842=DIRECTION('',(0.,0.,-1.));
#5843=DIRECTION('center_axis',(0.,0.,-1.));
#5844=DIRECTION('ref_axis',(-1.,1.22464679914735E-16,0.));
#5845=DIRECTION('center_axis',(0.,0.,-1.));
#5846=DIRECTION('ref_axis',(-1.,1.22464679914735E-16,0.));
#5847=DIRECTION('center_axis',(0.,0.,-1.));
#5848=DIRECTION('ref_axis',(-1.,1.22464679914735E-16,0.));
#5849=DIRECTION('center_axis',(0.,0.,-1.));
#5850=DIRECTION('ref_axis',(1.,-1.22464679914735E-16,0.));
#5851=DIRECTION('center_axis',(0.,0.,-1.));
#5852=DIRECTION('ref_axis',(-1.,1.22464679914735E-16,0.));
#5853=DIRECTION('center_axis',(0.,0.,-1.));
#5854=DIRECTION('ref_axis',(1.,-1.22464679914735E-16,0.));
#5855=DIRECTION('center_axis',(0.,0.,-1.));
#5856=DIRECTION('ref_axis',(-1.,1.22464679914735E-16,0.));
#5857=DIRECTION('center_axis',(0.,0.,1.));
#5858=DIRECTION('ref_axis',(-1.,1.22464679914735E-16,0.));
#5859=DIRECTION('center_axis',(0.,0.,-1.));
#5860=DIRECTION('ref_axis',(-1.,1.22464679914735E-16,0.));
#5861=DIRECTION('center_axis',(0.,0.,1.));
#5862=DIRECTION('ref_axis',(1.,0.,0.));
#5863=DIRECTION('center_axis',(0.,0.,-1.));
#5864=DIRECTION('ref_axis',(-1.,1.22464679914735E-16,0.));
#5865=DIRECTION('center_axis',(0.,0.,-1.));
#5866=DIRECTION('ref_axis',(-1.,1.22464679914735E-16,0.));
#5867=DIRECTION('center_axis',(0.,0.,-1.));
#5868=DIRECTION('ref_axis',(-1.,1.22464679914735E-16,0.));
#5869=DIRECTION('center_axis',(0.,0.,-1.));
#5870=DIRECTION('ref_axis',(1.,0.,0.));
#5871=DIRECTION('center_axis',(0.,0.,-1.));
#5872=DIRECTION('ref_axis',(-1.,1.22464679914735E-16,0.));
#5873=DIRECTION('center_axis',(0.,0.,-1.));
#5874=DIRECTION('ref_axis',(-1.,1.22464679914735E-16,0.));
#5875=DIRECTION('center_axis',(0.,0.,-1.));
#5876=DIRECTION('ref_axis',(-1.,1.22464679914735E-16,0.));
#5877=DIRECTION('center_axis',(0.,0.,1.));
#5878=DIRECTION('ref_axis',(-1.,1.22464679914735E-16,0.));
#5879=DIRECTION('center_axis',(0.,0.,1.));
#5880=DIRECTION('ref_axis',(1.,0.,0.));
#5881=DIRECTION('center_axis',(0.,0.,-1.));
#5882=DIRECTION('ref_axis',(-1.,1.22464679914735E-16,0.));
#5883=DIRECTION('center_axis',(0.,0.,-1.));
#5884=DIRECTION('ref_axis',(-1.,1.22464679914735E-16,0.));
#5885=DIRECTION('center_axis',(0.,0.,1.));
#5886=DIRECTION('ref_axis',(-1.,1.22464679914735E-16,0.));
#5887=DIRECTION('center_axis',(0.,0.,-1.));
#5888=DIRECTION('ref_axis',(-1.,1.22464679914735E-16,0.));
#5889=DIRECTION('',(0.6,-1.46957615897682E-16,0.8));
#5890=DIRECTION('center_axis',(0.,0.,-1.));
#5891=DIRECTION('ref_axis',(-1.,1.22464679914735E-16,0.));
#5892=DIRECTION('center_axis',(0.,0.,-1.));
#5893=DIRECTION('ref_axis',(-1.,1.22464679914735E-16,0.));
#5894=DIRECTION('center_axis',(0.,0.,1.));
#5895=DIRECTION('ref_axis',(-1.,1.22464679914735E-16,0.));
#5896=DIRECTION('center_axis',(0.,0.,1.));
#5897=DIRECTION('ref_axis',(-1.,1.22464679914735E-16,0.));
#5898=DIRECTION('center_axis',(0.,0.,1.));
#5899=DIRECTION('ref_axis',(-1.,1.22464679914735E-16,0.));
#5900=DIRECTION('center_axis',(0.,0.,1.));
#5901=DIRECTION('ref_axis',(-1.,1.22464679914735E-16,0.));
#5902=DIRECTION('',(0.,0.,-1.));
#5903=DIRECTION('center_axis',(0.,0.,1.));
#5904=DIRECTION('ref_axis',(-1.,1.22464679914735E-16,0.));
#5905=DIRECTION('',(1.,-1.22464679914735E-16,0.));
#5906=DIRECTION('center_axis',(0.,0.,1.));
#5907=DIRECTION('ref_axis',(-1.,1.22464679914735E-16,0.));
#5908=DIRECTION('center_axis',(0.,0.,-1.));
#5909=DIRECTION('ref_axis',(-1.,1.22464679914735E-16,0.));
#5910=DIRECTION('',(0.6,-1.46957615897682E-16,0.8));
#5911=DIRECTION('center_axis',(0.,0.,-1.));
#5912=DIRECTION('ref_axis',(-1.,1.22464679914735E-16,0.));
#5913=DIRECTION('center_axis',(0.,0.,-1.));
#5914=DIRECTION('ref_axis',(-1.,1.22464679914735E-16,0.));
#5915=DIRECTION('center_axis',(0.,0.,1.));
#5916=DIRECTION('ref_axis',(-1.,1.22464679914735E-16,0.));
#5917=DIRECTION('center_axis',(0.,0.,1.));
#5918=DIRECTION('ref_axis',(-1.,1.22464679914735E-16,0.));
#5919=DIRECTION('center_axis',(0.,0.,1.));
#5920=DIRECTION('ref_axis',(-1.,1.22464679914735E-16,0.));
#5921=DIRECTION('center_axis',(0.,0.,1.));
#5922=DIRECTION('ref_axis',(-1.,1.22464679914735E-16,0.));
#5923=DIRECTION('',(0.,0.,-1.));
#5924=DIRECTION('center_axis',(0.,0.,1.));
#5925=DIRECTION('ref_axis',(-1.,1.22464679914735E-16,0.));
#5926=DIRECTION('',(1.,-1.22464679914735E-16,0.));
#5927=DIRECTION('center_axis',(0.,0.,1.));
#5928=DIRECTION('ref_axis',(-1.,1.22464679914735E-16,0.));
#5929=DIRECTION('center_axis',(0.,0.,1.));
#5930=DIRECTION('ref_axis',(-1.,1.22464679914735E-16,0.));
#5931=DIRECTION('',(0.,0.,1.));
#5932=DIRECTION('center_axis',(0.,0.,1.));
#5933=DIRECTION('ref_axis',(-1.,1.22464679914735E-16,0.));
#5934=DIRECTION('center_axis',(0.,0.,1.));
#5935=DIRECTION('ref_axis',(-1.,1.22464679914735E-16,0.));
#5936=DIRECTION('center_axis',(0.,0.,1.));
#5937=DIRECTION('ref_axis',(-1.,1.22464679914735E-16,0.));
#5938=DIRECTION('center_axis',(0.,0.,1.));
#5939=DIRECTION('ref_axis',(-1.,1.22464679914735E-16,0.));
#5940=DIRECTION('',(0.,0.,1.));
#5941=DIRECTION('center_axis',(0.,0.,1.));
#5942=DIRECTION('ref_axis',(-1.,1.22464679914735E-16,0.));
#5943=DIRECTION('center_axis',(0.,0.,1.));
#5944=DIRECTION('ref_axis',(-1.,1.22464679914735E-16,0.));
#5945=DIRECTION('center_axis',(0.,0.,1.));
#5946=DIRECTION('ref_axis',(-1.,1.22464679914735E-16,0.));
#5947=DIRECTION('center_axis',(0.,0.,1.));
#5948=DIRECTION('ref_axis',(-1.,1.22464679914735E-16,0.));
#5949=DIRECTION('',(0.,0.,1.));
#5950=DIRECTION('center_axis',(0.,0.,-1.));
#5951=DIRECTION('ref_axis',(-1.,1.22464679914735E-16,0.));
#5952=DIRECTION('center_axis',(0.,0.,1.));
#5953=DIRECTION('ref_axis',(-1.,1.22464679914735E-16,0.));
#5954=DIRECTION('center_axis',(0.,0.,-1.));
#5955=DIRECTION('ref_axis',(-1.,1.22464679914735E-16,0.));
#5956=DIRECTION('',(0.,0.,1.));
#5957=DIRECTION('center_axis',(0.,0.,-1.));
#5958=DIRECTION('ref_axis',(-1.,1.22464679914735E-16,0.));
#5959=DIRECTION('center_axis',(0.,0.,-1.));
#5960=DIRECTION('ref_axis',(1.,-1.22464679914735E-16,0.));
#5961=DIRECTION('center_axis',(0.,0.,1.));
#5962=DIRECTION('ref_axis',(-1.,1.22464679914735E-16,0.));
#5963=DIRECTION('center_axis',(0.,0.,-1.));
#5964=DIRECTION('ref_axis',(-1.,1.22464679914735E-16,0.));
#5965=DIRECTION('',(0.,0.,1.));
#5966=DIRECTION('center_axis',(0.,0.,-1.));
#5967=DIRECTION('ref_axis',(-1.,1.22464679914735E-16,0.));
#5968=DIRECTION('center_axis',(0.,0.,-1.));
#5969=DIRECTION('ref_axis',(1.,-1.22464679914735E-16,0.));
#5970=DIRECTION('center_axis',(0.,0.,1.));
#5971=DIRECTION('ref_axis',(-1.,1.22464679914735E-16,0.));
#5972=DIRECTION('center_axis',(0.,0.,1.));
#5973=DIRECTION('ref_axis',(-1.,1.22464679914735E-16,0.));
#5974=DIRECTION('',(0.,0.,1.));
#5975=DIRECTION('center_axis',(0.,0.,-1.));
#5976=DIRECTION('ref_axis',(-1.,1.22464679914735E-16,0.));
#5977=DIRECTION('center_axis',(0.,0.,1.));
#5978=DIRECTION('ref_axis',(-1.,1.22464679914735E-16,0.));
#5979=DIRECTION('center_axis',(0.,0.,-1.));
#5980=DIRECTION('ref_axis',(-1.,1.22464679914735E-16,0.));
#5981=DIRECTION('',(0.,0.,1.));
#5982=DIRECTION('center_axis',(0.,0.,-1.));
#5983=DIRECTION('ref_axis',(-1.,1.22464679914735E-16,0.));
#5984=DIRECTION('center_axis',(0.,0.,-1.));
#5985=DIRECTION('ref_axis',(1.,-1.22464679914735E-16,0.));
#5986=DIRECTION('center_axis',(0.,0.,1.));
#5987=DIRECTION('ref_axis',(-1.,1.22464679914735E-16,0.));
#5988=DIRECTION('center_axis',(0.,0.,-1.));
#5989=DIRECTION('ref_axis',(-1.,1.22464679914735E-16,0.));
#5990=DIRECTION('',(0.,0.,1.));
#5991=DIRECTION('center_axis',(0.,0.,-1.));
#5992=DIRECTION('ref_axis',(-1.,1.22464679914735E-16,0.));
#5993=DIRECTION('center_axis',(0.,0.,-1.));
#5994=DIRECTION('ref_axis',(1.,-1.22464679914735E-16,0.));
#5995=DIRECTION('center_axis',(-1.,1.22464679914735E-16,0.));
#5996=DIRECTION('ref_axis',(0.,0.,-1.));
#5997=DIRECTION('',(1.22464679914735E-16,1.,0.));
#5998=DIRECTION('',(-1.22464679914735E-16,-1.,0.));
#5999=DIRECTION('',(0.,0.,1.));
#6000=DIRECTION('center_axis',(1.,-1.22464679914735E-16,0.));
#6001=DIRECTION('ref_axis',(0.,0.,1.));
#6002=DIRECTION('',(-1.22464679914735E-16,-1.,0.));
#6003=DIRECTION('',(0.,0.,-1.));
#6004=DIRECTION('',(1.22464679914735E-16,1.,0.));
#6005=DIRECTION('center_axis',(0.,0.,1.));
#6006=DIRECTION('ref_axis',(-1.,1.22464679914735E-16,0.));
#6007=DIRECTION('',(1.,-1.22464679914735E-16,0.));
#6008=DIRECTION('',(-1.22464679914735E-16,-1.,0.));
#6009=DIRECTION('',(-1.,1.22464679914735E-16,0.));
#6010=DIRECTION('',(-1.22464679914735E-16,-1.,0.));
#6011=DIRECTION('',(-1.,1.22464679914735E-16,0.));
#6012=DIRECTION('',(-1.22464679914735E-16,-1.,0.));
#6013=DIRECTION('',(1.,-1.22464679914735E-16,0.));
#6014=DIRECTION('',(1.,-1.22464679914735E-16,0.));
#6015=DIRECTION('center_axis',(0.,0.,1.));
#6016=DIRECTION('ref_axis',(-1.,1.22464679914735E-16,0.));
#6017=DIRECTION('',(1.,-1.22464679914735E-16,0.));
#6018=DIRECTION('',(1.,-1.22464679914735E-16,0.));
#6019=DIRECTION('',(1.22464679914735E-16,1.,0.));
#6020=DIRECTION('',(-1.,1.22464679914735E-16,0.));
#6021=DIRECTION('',(1.22464679914735E-16,1.,0.));
#6022=DIRECTION('',(-1.,1.22464679914735E-16,0.));
#6023=DIRECTION('',(1.22464679914735E-16,1.,0.));
#6024=DIRECTION('center_axis',(1.22464679914735E-16,1.,0.));
#6025=DIRECTION('ref_axis',(0.,0.,-1.));
#6026=DIRECTION('',(0.,0.,-1.));
#6027=DIRECTION('',(-1.,1.22464679914735E-16,0.));
#6028=DIRECTION('center_axis',(1.22464679914735E-16,1.,0.));
#6029=DIRECTION('ref_axis',(0.,0.,-1.));
#6030=DIRECTION('',(-1.,1.22464679914735E-16,0.));
#6031=DIRECTION('',(0.,0.,-1.));
#6032=DIRECTION('center_axis',(0.,0.,1.));
#6033=DIRECTION('ref_axis',(-1.,1.22464679914735E-16,0.));
#6034=DIRECTION('',(1.,-1.22464679914735E-16,0.));
#6035=DIRECTION('center_axis',(0.,0.,-1.));
#6036=DIRECTION('ref_axis',(-1.,1.22464679914735E-16,0.));
#6037=DIRECTION('',(-1.22464679914735E-16,-1.,0.));
#6038=DIRECTION('center_axis',(0.,0.,1.));
#6039=DIRECTION('ref_axis',(-1.,1.22464679914735E-16,0.));
#6040=DIRECTION('',(1.,-1.22464679914735E-16,0.));
#6041=DIRECTION('center_axis',(0.,0.,1.));
#6042=DIRECTION('ref_axis',(-1.,1.22464679914735E-16,0.));
#6043=DIRECTION('',(1.22464679914735E-16,1.,0.));
#6044=DIRECTION('center_axis',(0.,0.,-1.));
#6045=DIRECTION('ref_axis',(-1.,1.22464679914735E-16,0.));
#6046=DIRECTION('',(1.,-1.22464679914735E-16,0.));
#6047=DIRECTION('center_axis',(0.,0.,1.));
#6048=DIRECTION('ref_axis',(-1.,1.22464679914735E-16,0.));
#6049=DIRECTION('center_axis',(0.,0.,1.));
#6050=DIRECTION('ref_axis',(-1.,1.22464679914735E-16,0.));
#6051=DIRECTION('',(-1.,1.22464679914735E-16,0.));
#6052=DIRECTION('center_axis',(0.,0.,-1.));
#6053=DIRECTION('ref_axis',(-1.,1.22464679914735E-16,0.));
#6054=DIRECTION('',(1.22464679914735E-16,1.,0.));
#6055=DIRECTION('center_axis',(0.,0.,1.));
#6056=DIRECTION('ref_axis',(-1.,1.22464679914735E-16,0.));
#6057=DIRECTION('center_axis',(0.,0.,-1.));
#6058=DIRECTION('ref_axis',(-1.,1.22464679914735E-16,0.));
#6059=DIRECTION('',(1.22464679914735E-16,1.,0.));
#6060=DIRECTION('center_axis',(0.,0.,1.));
#6061=DIRECTION('ref_axis',(-1.,1.22464679914735E-16,0.));
#6062=DIRECTION('',(-1.,1.22464679914735E-16,0.));
#6063=DIRECTION('center_axis',(0.,0.,1.));
#6064=DIRECTION('ref_axis',(-1.,1.22464679914735E-16,0.));
#6065=DIRECTION('',(-1.22464679914735E-16,-1.,0.));
#6066=DIRECTION('center_axis',(0.,0.,-1.));
#6067=DIRECTION('ref_axis',(-1.,1.22464679914735E-16,0.));
#6068=DIRECTION('center_axis',(0.,0.,1.));
#6069=DIRECTION('ref_axis',(-1.,1.22464679914735E-16,0.));
#6070=DIRECTION('',(-1.22464679914735E-16,-1.,0.));
#6071=DIRECTION('center_axis',(0.,0.,-1.));
#6072=DIRECTION('ref_axis',(-1.,1.22464679914735E-16,0.));
#6073=DIRECTION('',(-1.,1.22464679914735E-16,0.));
#6074=DIRECTION('center_axis',(0.,0.,1.));
#6075=DIRECTION('ref_axis',(-1.,1.22464679914735E-16,0.));
#6076=DIRECTION('',(1.22464679914735E-16,1.,0.));
#6077=DIRECTION('',(1.,-1.22464679914735E-16,0.));
#6078=DIRECTION('',(1.22464679914735E-16,1.,0.));
#6079=DIRECTION('',(1.,-1.22464679914735E-16,0.));
#6080=DIRECTION('',(-1.22464679914735E-16,-1.,0.));
#6081=DIRECTION('',(1.,-1.22464679914735E-16,0.));
#6082=DIRECTION('',(-1.22464679914735E-16,-1.,0.));
#6083=DIRECTION('center_axis',(1.,-1.22464679914735E-16,0.));
#6084=DIRECTION('ref_axis',(0.,0.,1.));
#6085=DIRECTION('',(0.,0.,-1.));
#6086=DIRECTION('',(0.,0.,1.));
#6087=DIRECTION('center_axis',(-1.,1.22464679914735E-16,0.));
#6088=DIRECTION('ref_axis',(0.,0.,-1.));
#6089=DIRECTION('',(0.,0.,-1.));
#6090=DIRECTION('',(0.,0.,-1.));
#6091=DIRECTION('center_axis',(-1.22464679914735E-16,-1.,0.));
#6092=DIRECTION('ref_axis',(0.,0.,1.));
#6093=DIRECTION('',(0.,0.,-1.));
#6094=DIRECTION('center_axis',(-1.,1.22464679914735E-16,0.));
#6095=DIRECTION('ref_axis',(0.,0.,-1.));
#6096=DIRECTION('center_axis',(-1.22464679914735E-16,-1.,0.));
#6097=DIRECTION('ref_axis',(0.,0.,1.));
#6098=DIRECTION('',(0.,0.,-1.));
#6099=DIRECTION('center_axis',(1.,-1.22464679914735E-16,0.));
#6100=DIRECTION('ref_axis',(0.,0.,1.));
#6101=DIRECTION('center_axis',(1.22464679914735E-16,1.,0.));
#6102=DIRECTION('ref_axis',(0.,0.,-1.));
#6103=DIRECTION('',(1.,-1.22464679914735E-16,0.));
#6104=DIRECTION('',(0.,0.,-1.));
#6105=DIRECTION('center_axis',(-1.,1.22464679914735E-16,0.));
#6106=DIRECTION('ref_axis',(0.,0.,-1.));
#6107=DIRECTION('',(1.22464679914735E-16,1.,0.));
#6108=DIRECTION('',(0.,0.,-1.));
#6109=DIRECTION('center_axis',(-1.22464679914735E-16,-1.,0.));
#6110=DIRECTION('ref_axis',(0.,0.,1.));
#6111=DIRECTION('',(0.,0.,-1.));
#6112=DIRECTION('',(-1.,1.22464679914735E-16,0.));
#6113=DIRECTION('center_axis',(1.,-1.22464679914735E-16,0.));
#6114=DIRECTION('ref_axis',(0.,0.,1.));
#6115=DIRECTION('',(-1.22464679914735E-16,-1.,0.));
#6116=DIRECTION('center_axis',(0.,0.,-1.));
#6117=DIRECTION('ref_axis',(1.,-1.22464679914735E-16,0.));
#6118=DIRECTION('center_axis',(0.,0.,-1.));
#6119=DIRECTION('ref_axis',(-1.,1.22464679914735E-16,0.));
#6120=DIRECTION('center_axis',(0.,0.,1.));
#6121=DIRECTION('ref_axis',(-1.,1.22464679914735E-16,0.));
#6122=DIRECTION('center_axis',(0.,0.,1.));
#6123=DIRECTION('ref_axis',(-1.,1.22464679914735E-16,0.));
#6124=DIRECTION('center_axis',(0.,0.,1.));
#6125=DIRECTION('ref_axis',(-1.,1.22464679914735E-16,0.));
#6126=DIRECTION('',(1.,-1.22464679914735E-16,0.));
#6127=DIRECTION('center_axis',(0.,0.,1.));
#6128=DIRECTION('ref_axis',(-1.,1.22464679914735E-16,0.));
#6129=DIRECTION('',(1.22464679914735E-16,1.,0.));
#6130=DIRECTION('center_axis',(0.,0.,1.));
#6131=DIRECTION('ref_axis',(-1.,1.22464679914735E-16,0.));
#6132=DIRECTION('',(-1.,1.22464679914735E-16,0.));
#6133=DIRECTION('center_axis',(0.,0.,-1.));
#6134=DIRECTION('ref_axis',(1.,-1.22464679914735E-16,0.));
#6135=DIRECTION('center_axis',(0.,0.,-1.));
#6136=DIRECTION('ref_axis',(-1.,1.22464679914735E-16,0.));
#6137=DIRECTION('center_axis',(0.,0.,1.));
#6138=DIRECTION('ref_axis',(-1.,1.22464679914735E-16,0.));
#6139=DIRECTION('center_axis',(0.,0.,1.));
#6140=DIRECTION('ref_axis',(-1.,1.22464679914735E-16,0.));
#6141=DIRECTION('',(0.,0.,-1.));
#6142=DIRECTION('',(0.,0.,-1.));
#6143=DIRECTION('center_axis',(-1.22464679914735E-16,-1.,0.));
#6144=DIRECTION('ref_axis',(0.,0.,1.));
#6145=DIRECTION('',(1.,-1.22464679914735E-16,0.));
#6146=DIRECTION('',(0.,0.,-1.));
#6147=DIRECTION('',(1.,-1.22464679914735E-16,0.));
#6148=DIRECTION('',(0.,0.,-1.));
#6149=DIRECTION('center_axis',(0.,0.,1.));
#6150=DIRECTION('ref_axis',(-1.,1.22464679914735E-16,0.));
#6151=DIRECTION('',(1.22464679914735E-16,1.,0.));
#6152=DIRECTION('center_axis',(0.,0.,-1.));
#6153=DIRECTION('ref_axis',(-1.,1.22464679914735E-16,0.));
#6154=DIRECTION('',(1.,-1.22464679914735E-16,0.));
#6155=DIRECTION('center_axis',(0.,0.,-1.));
#6156=DIRECTION('ref_axis',(-1.,1.22464679914735E-16,0.));
#6157=DIRECTION('',(-1.22464679914735E-16,-1.,0.));
#6158=DIRECTION('center_axis',(0.,0.,1.));
#6159=DIRECTION('ref_axis',(-1.,1.22464679914735E-16,0.));
#6160=DIRECTION('center_axis',(1.,-1.22464679914735E-16,0.));
#6161=DIRECTION('ref_axis',(0.,0.,1.));
#6162=DIRECTION('',(0.,0.,-1.));
#6163=DIRECTION('center_axis',(0.,0.,1.));
#6164=DIRECTION('ref_axis',(-1.,1.22464679914735E-16,0.));
#6165=DIRECTION('',(0.,0.,-1.));
#6166=DIRECTION('',(0.,0.,-1.));
#6167=DIRECTION('center_axis',(-1.,1.22464679914735E-16,0.));
#6168=DIRECTION('ref_axis',(0.,0.,-1.));
#6169=DIRECTION('',(0.,0.,-1.));
#6170=DIRECTION('center_axis',(0.,0.,1.));
#6171=DIRECTION('ref_axis',(-1.,1.22464679914735E-16,0.));
#6172=DIRECTION('',(0.,0.,-1.));
#6173=DIRECTION('center_axis',(0.,0.,1.));
#6174=DIRECTION('ref_axis',(-1.,1.22464679914735E-16,0.));
#6175=DIRECTION('',(0.,0.,-1.));
#6176=DIRECTION('center_axis',(-1.22464679914735E-16,-1.,0.));
#6177=DIRECTION('ref_axis',(0.,0.,1.));
#6178=DIRECTION('center_axis',(0.,0.,1.));
#6179=DIRECTION('ref_axis',(-1.,1.22464679914735E-16,0.));
#6180=DIRECTION('',(0.,0.,-1.));
#6181=DIRECTION('',(0.,0.,-1.));
#6182=DIRECTION('center_axis',(1.22464679914735E-16,1.,0.));
#6183=DIRECTION('ref_axis',(0.,0.,-1.));
#6184=DIRECTION('',(0.,0.,-1.));
#6185=DIRECTION('center_axis',(0.,0.,1.));
#6186=DIRECTION('ref_axis',(-1.,1.22464679914735E-16,0.));
#6187=DIRECTION('',(0.,0.,-1.));
#6188=DIRECTION('',(0.,0.,-1.));
#6189=DIRECTION('center_axis',(1.,-1.22464679914735E-16,0.));
#6190=DIRECTION('ref_axis',(0.,0.,1.));
#6191=DIRECTION('',(0.,0.,-1.));
#6192=DIRECTION('',(1.22464679914735E-16,1.,0.));
#6193=DIRECTION('',(0.,0.,-1.));
#6194=DIRECTION('center_axis',(0.,0.,1.));
#6195=DIRECTION('ref_axis',(-1.,1.22464679914735E-16,0.));
#6196=DIRECTION('center_axis',(0.,0.,1.));
#6197=DIRECTION('ref_axis',(-1.,1.22464679914735E-16,0.));
#6198=DIRECTION('',(0.,0.,-1.));
#6199=DIRECTION('',(0.,0.,-1.));
#6200=DIRECTION('center_axis',(-1.,1.22464679914735E-16,0.));
#6201=DIRECTION('ref_axis',(0.,0.,-1.));
#6202=DIRECTION('',(-1.22464679914735E-16,-1.,0.));
#6203=DIRECTION('',(0.,0.,-1.));
#6204=DIRECTION('',(-1.22464679914735E-16,-1.,0.));
#6205=DIRECTION('',(0.,0.,-1.));
#6206=DIRECTION('',(0.,0.,-1.));
#6207=DIRECTION('center_axis',(0.,0.,1.));
#6208=DIRECTION('ref_axis',(-1.,1.22464679914735E-16,0.));
#6209=DIRECTION('center_axis',(0.,0.,1.));
#6210=DIRECTION('ref_axis',(-1.,1.22464679914735E-16,0.));
#6211=DIRECTION('',(0.,0.,-1.));
#6212=DIRECTION('center_axis',(0.,0.,1.));
#6213=DIRECTION('ref_axis',(-1.,1.22464679914735E-16,0.));
#6214=DIRECTION('center_axis',(0.,0.,1.));
#6215=DIRECTION('ref_axis',(-1.,1.22464679914735E-16,0.));
#6216=DIRECTION('',(-1.,1.22464679914735E-16,0.));
#6217=DIRECTION('',(1.,-1.22464679914735E-16,0.));
#6218=DIRECTION('center_axis',(-1.22464679914735E-16,-1.,0.));
#6219=DIRECTION('ref_axis',(0.,0.,1.));
#6220=DIRECTION('',(0.,0.,-1.));
#6221=DIRECTION('center_axis',(-1.22464679914735E-16,-1.,0.));
#6222=DIRECTION('ref_axis',(0.,0.,1.));
#6223=DIRECTION('',(0.,0.,-1.));
#6224=DIRECTION('center_axis',(0.,0.,1.));
#6225=DIRECTION('ref_axis',(-1.,1.22464679914735E-16,0.));
#6226=DIRECTION('',(0.,0.,-1.));
#6227=DIRECTION('center_axis',(0.,0.,1.));
#6228=DIRECTION('ref_axis',(-1.,1.22464679914735E-16,0.));
#6229=DIRECTION('',(0.,0.,-1.));
#6230=DIRECTION('',(0.,0.,-1.));
#6231=DIRECTION('center_axis',(1.22464679914735E-16,1.,0.));
#6232=DIRECTION('ref_axis',(0.,0.,-1.));
#6233=DIRECTION('center_axis',(0.,0.,1.));
#6234=DIRECTION('ref_axis',(-1.,1.22464679914735E-16,0.));
#6235=DIRECTION('center_axis',(0.,0.,-1.));
#6236=DIRECTION('ref_axis',(-1.,1.22464679914735E-16,0.));
#6237=DIRECTION('',(0.,0.,-1.));
#6238=DIRECTION('center_axis',(0.,0.,1.));
#6239=DIRECTION('ref_axis',(-1.,1.22464679914735E-16,0.));
#6240=DIRECTION('center_axis',(0.,0.,-1.));
#6241=DIRECTION('ref_axis',(-1.,1.22464679914735E-16,0.));
#6242=DIRECTION('center_axis',(0.,0.,1.));
#6243=DIRECTION('ref_axis',(-1.,1.22464679914735E-16,0.));
#6244=DIRECTION('',(0.,0.,-1.));
#6245=DIRECTION('center_axis',(0.,0.,-1.));
#6246=DIRECTION('ref_axis',(-1.,1.22464679914735E-16,0.));
#6247=DIRECTION('center_axis',(0.,0.,1.));
#6248=DIRECTION('ref_axis',(-1.,1.22464679914735E-16,0.));
#6249=DIRECTION('center_axis',(0.,0.,-1.));
#6250=DIRECTION('ref_axis',(-1.,1.22464679914735E-16,0.));
#6251=DIRECTION('',(-1.,1.22464679914735E-16,0.));
#6252=DIRECTION('center_axis',(0.,0.,1.));
#6253=DIRECTION('ref_axis',(-1.,1.22464679914735E-16,0.));
#6254=DIRECTION('center_axis',(1.22464679914735E-16,1.,0.));
#6255=DIRECTION('ref_axis',(0.,0.,-1.));
#6256=DIRECTION('',(0.,0.,1.));
#6257=DIRECTION('',(1.,0.,0.));
#6258=DIRECTION('',(0.,0.,1.));
#6259=DIRECTION('',(1.,0.,0.));
#6260=DIRECTION('',(0.,0.,1.));
#6261=DIRECTION('',(1.,0.,0.));
#6262=DIRECTION('',(0.,0.,1.));
#6263=DIRECTION('',(1.,0.,0.));
#6264=DIRECTION('',(0.,0.,1.));
#6265=DIRECTION('',(1.,0.,0.));
#6266=CARTESIAN_POINT('',(0.,0.,0.));
#6267=CARTESIAN_POINT('',(0.,0.,0.));
#6268=CARTESIAN_POINT('',(0.,0.,0.));
#6269=CARTESIAN_POINT('Origin',(24.5,0.,1.5));
#6270=CARTESIAN_POINT('',(23.3,-1.46957615897682E-16,0.));
#6271=CARTESIAN_POINT('Origin',(24.5,0.,0.));
#6272=CARTESIAN_POINT('',(23.3,1.46957615897682E-16,3.));
#6273=CARTESIAN_POINT('',(23.3,-1.46957615897682E-16,1.5));
#6274=CARTESIAN_POINT('Origin',(24.5,0.,3.));
#6275=CARTESIAN_POINT('Origin',(-24.5,0.,1.5));
#6276=CARTESIAN_POINT('',(-25.7,-1.46957615897682E-16,0.));
#6277=CARTESIAN_POINT('Origin',(-24.5,0.,0.));
#6278=CARTESIAN_POINT('',(-25.7,1.46957615897682E-16,3.));
#6279=CARTESIAN_POINT('',(-25.7,-1.46957615897682E-16,1.5));
#6280=CARTESIAN_POINT('Origin',(-24.5,0.,3.));
#6281=CARTESIAN_POINT('Origin',(0.,7.65,1.5));
#6282=CARTESIAN_POINT('',(-17.6,7.65,3.));
#6283=CARTESIAN_POINT('',(17.6,7.65,3.));
#6284=CARTESIAN_POINT('',(0.,7.65,3.));
#6285=CARTESIAN_POINT('',(-17.6,7.65,0.));
#6286=CARTESIAN_POINT('',(-17.6,7.65,1.5));
#6287=CARTESIAN_POINT('',(17.6,7.65,0.));
#6288=CARTESIAN_POINT('',(0.,7.65,0.));
#6289=CARTESIAN_POINT('',(17.6,7.65,1.5));
#6290=CARTESIAN_POINT('Origin',(17.6,0.,1.5));
#6291=CARTESIAN_POINT('',(17.6,-7.65,3.));
#6292=CARTESIAN_POINT('',(17.6,0.,3.));
#6293=CARTESIAN_POINT('',(17.6,-7.65,0.));
#6294=CARTESIAN_POINT('',(17.6,0.,0.));
#6295=CARTESIAN_POINT('',(17.6,-7.65,1.5));
#6296=CARTESIAN_POINT('Origin',(0.,-7.65,1.5));
#6297=CARTESIAN_POINT('',(-17.6,-7.65,3.));
#6298=CARTESIAN_POINT('',(0.,-7.65,3.));
#6299=CARTESIAN_POINT('',(-17.6,-7.65,0.));
#6300=CARTESIAN_POINT('',(0.,-7.65,0.));
#6301=CARTESIAN_POINT('',(-17.6,-7.65,1.5));
#6302=CARTESIAN_POINT('Origin',(-17.6,0.,1.5));
#6303=CARTESIAN_POINT('',(-17.6,0.,3.));
#6304=CARTESIAN_POINT('',(-17.6,0.,0.));
#6305=CARTESIAN_POINT('Origin',(0.,0.,3.));
#6306=CARTESIAN_POINT('',(45.,-22.,3.));
#6307=CARTESIAN_POINT('',(45.,22.,3.));
#6308=CARTESIAN_POINT('',(45.,0.,3.));
#6309=CARTESIAN_POINT('',(-45.,22.,3.));
#6310=CARTESIAN_POINT('',(0.,22.,3.));
#6311=CARTESIAN_POINT('',(-45.,-22.,3.));
#6312=CARTESIAN_POINT('',(-45.,0.,3.));
#6313=CARTESIAN_POINT('',(0.,-22.,3.));
#6314=CARTESIAN_POINT('Origin',(0.,0.,0.));
#6315=CARTESIAN_POINT('',(45.,22.,0.));
#6316=CARTESIAN_POINT('',(45.,-22.,0.));
#6317=CARTESIAN_POINT('',(45.,0.,0.));
#6318=CARTESIAN_POINT('',(-45.,-22.,0.));
#6319=CARTESIAN_POINT('',(0.,-22.,0.));
#6320=CARTESIAN_POINT('',(-45.,22.,0.));
#6321=CARTESIAN_POINT('',(-45.,0.,0.));
#6322=CARTESIAN_POINT('',(0.,22.,0.));
#6323=CARTESIAN_POINT('Origin',(0.,-22.,1.5));
#6324=CARTESIAN_POINT('',(-45.,-22.,1.5));
#6325=CARTESIAN_POINT('',(45.,-22.,1.5));
#6326=CARTESIAN_POINT('Origin',(-45.,0.,1.5));
#6327=CARTESIAN_POINT('',(-45.,22.,1.5));
#6328=CARTESIAN_POINT('Origin',(0.,22.,1.5));
#6329=CARTESIAN_POINT('',(45.,22.,1.5));
#6330=CARTESIAN_POINT('Origin',(45.,0.,1.5));
#6331=CARTESIAN_POINT('',(0.,0.,0.));
#6332=CARTESIAN_POINT('Origin',(18.,8.15,3.8));
#6333=CARTESIAN_POINT('',(19.6,8.15,4.2));
#6334=CARTESIAN_POINT('',(20.,8.15,3.8));
#6335=CARTESIAN_POINT('Origin',(19.6,8.15,3.8));
#6336=CARTESIAN_POINT('',(18.,10.15,3.8));
#6337=CARTESIAN_POINT('Origin',(18.,8.15,3.8));
#6338=CARTESIAN_POINT('',(18.,9.75,4.2));
#6339=CARTESIAN_POINT('Origin',(18.,9.75,3.8));
#6340=CARTESIAN_POINT('Origin',(18.,8.15,4.2));
#6341=CARTESIAN_POINT('Origin',(0.,9.75,3.8));
#6342=CARTESIAN_POINT('',(-18.,10.15,3.8));
#6343=CARTESIAN_POINT('',(-18.,9.75,4.2));
#6344=CARTESIAN_POINT('Origin',(-18.,9.75,3.8));
#6345=CARTESIAN_POINT('',(0.,9.75,4.2));
#6346=CARTESIAN_POINT('',(0.,10.15,3.8));
#6347=CARTESIAN_POINT('Origin',(-18.,8.15,3.8));
#6348=CARTESIAN_POINT('',(-20.,8.15,3.8));
#6349=CARTESIAN_POINT('',(-19.6,8.15,4.2));
#6350=CARTESIAN_POINT('Origin',(-19.6,8.15,3.8));
#6351=CARTESIAN_POINT('Origin',(-18.,8.15,4.2));
#6352=CARTESIAN_POINT('Origin',(-18.,8.15,3.8));
#6353=CARTESIAN_POINT('Origin',(-19.6,0.,3.8));
#6354=CARTESIAN_POINT('',(-20.,-8.15,3.8));
#6355=CARTESIAN_POINT('',(-19.6,-8.15,4.2));
#6356=CARTESIAN_POINT('Origin',(-19.6,-8.15,3.8));
#6357=CARTESIAN_POINT('',(-19.6,0.,4.2));
#6358=CARTESIAN_POINT('',(-20.,0.,3.8));
#6359=CARTESIAN_POINT('Origin',(-18.,-8.15,3.8));
#6360=CARTESIAN_POINT('',(-18.,-10.15,3.8));
#6361=CARTESIAN_POINT('',(-18.,-9.75,4.2));
#6362=CARTESIAN_POINT('Origin',(-18.,-9.75,3.8));
#6363=CARTESIAN_POINT('Origin',(-18.,-8.15,4.2));
#6364=CARTESIAN_POINT('Origin',(-18.,-8.15,3.8));
#6365=CARTESIAN_POINT('Origin',(0.,-9.75,3.8));
#6366=CARTESIAN_POINT('',(18.,-10.15,3.8));
#6367=CARTESIAN_POINT('',(18.,-9.75,4.2));
#6368=CARTESIAN_POINT('Origin',(18.,-9.75,3.8));
#6369=CARTESIAN_POINT('',(0.,-9.75,4.2));
#6370=CARTESIAN_POINT('',(0.,-10.15,3.8));
#6371=CARTESIAN_POINT('Origin',(18.,-8.15,3.8));
#6372=CARTESIAN_POINT('',(20.,-8.15,3.8));
#6373=CARTESIAN_POINT('',(19.6,-8.15,4.2));
#6374=CARTESIAN_POINT('Origin',(19.6,-8.15,3.8));
#6375=CARTESIAN_POINT('Origin',(18.,-8.15,4.2));
#6376=CARTESIAN_POINT('Origin',(18.,-8.15,3.8));
#6377=CARTESIAN_POINT('Origin',(19.6,0.,3.8));
#6378=CARTESIAN_POINT('',(19.6,0.,4.2));
#6379=CARTESIAN_POINT('',(20.,0.,3.8));
#6380=CARTESIAN_POINT('Origin',(-20.,0.,3.6));
#6381=CARTESIAN_POINT('',(-20.,8.15,3.));
#6382=CARTESIAN_POINT('',(-20.,8.15,3.6));
#6383=CARTESIAN_POINT('',(-20.,-8.15,3.));
#6384=CARTESIAN_POINT('',(-20.,0.,3.));
#6385=CARTESIAN_POINT('',(-20.,-8.15,3.6));
#6386=CARTESIAN_POINT('Origin',(-18.,8.15,3.6));
#6387=CARTESIAN_POINT('',(-18.,10.15,3.));
#6388=CARTESIAN_POINT('',(-18.,10.15,3.6));
#6389=CARTESIAN_POINT('Origin',(-18.,8.15,3.));
#6390=CARTESIAN_POINT('Origin',(0.,10.15,3.6));
#6391=CARTESIAN_POINT('',(18.,10.15,3.));
#6392=CARTESIAN_POINT('',(18.,10.15,3.6));
#6393=CARTESIAN_POINT('',(0.,10.15,3.));
#6394=CARTESIAN_POINT('Origin',(18.,8.15,3.6));
#6395=CARTESIAN_POINT('',(20.,8.15,3.));
#6396=CARTESIAN_POINT('',(20.,8.15,3.6));
#6397=CARTESIAN_POINT('Origin',(18.,8.15,3.));
#6398=CARTESIAN_POINT('Origin',(0.,0.,4.2));
#6399=CARTESIAN_POINT('',(15.6,6.65,4.2));
#6400=CARTESIAN_POINT('',(14.4,7.85,4.2));
#6401=CARTESIAN_POINT('Origin',(14.4,6.65,4.2));
#6402=CARTESIAN_POINT('',(15.6,-6.65,4.2));
#6403=CARTESIAN_POINT('',(15.6,0.,4.2));
#6404=CARTESIAN_POINT('',(14.4,-7.85,4.2));
#6405=CARTESIAN_POINT('Origin',(14.4,-6.65,4.2));
#6406=CARTESIAN_POINT('',(-14.4,-7.85,4.2));
#6407=CARTESIAN_POINT('',(0.,-7.85,4.2));
#6408=CARTESIAN_POINT('',(-15.6,-6.65,4.2));
#6409=CARTESIAN_POINT('Origin',(-14.4,-6.65,4.2));
#6410=CARTESIAN_POINT('',(-15.6,6.65,4.2));
#6411=CARTESIAN_POINT('',(-15.6,0.,4.2));
#6412=CARTESIAN_POINT('',(-14.4,7.85,4.2));
#6413=CARTESIAN_POINT('Origin',(-14.4,6.65,4.2));
#6414=CARTESIAN_POINT('',(0.,7.85,4.2));
#6415=CARTESIAN_POINT('Origin',(14.4,6.65,3.8));
#6416=CARTESIAN_POINT('',(14.4,7.45,3.8));
#6417=CARTESIAN_POINT('Origin',(14.4,7.85,3.8));
#6418=CARTESIAN_POINT('',(15.2,6.65,3.8));
#6419=CARTESIAN_POINT('Origin',(14.4,6.65,3.8));
#6420=CARTESIAN_POINT('Origin',(15.6,6.65,3.8));
#6421=CARTESIAN_POINT('Origin',(15.6,0.,3.8));
#6422=CARTESIAN_POINT('',(15.2,-6.65,3.8));
#6423=CARTESIAN_POINT('Origin',(15.6,-6.65,3.8));
#6424=CARTESIAN_POINT('',(15.2,0.,3.8));
#6425=CARTESIAN_POINT('Origin',(14.4,-6.65,3.8));
#6426=CARTESIAN_POINT('',(14.4,-7.45,3.8));
#6427=CARTESIAN_POINT('Origin',(14.4,-7.85,3.8));
#6428=CARTESIAN_POINT('Origin',(14.4,-6.65,3.8));
#6429=CARTESIAN_POINT('Origin',(0.,-7.85,3.8));
#6430=CARTESIAN_POINT('',(-14.4,-7.45,3.8));
#6431=CARTESIAN_POINT('Origin',(-14.4,-7.85,3.8));
#6432=CARTESIAN_POINT('',(0.,-7.45,3.8));
#6433=CARTESIAN_POINT('Origin',(-14.4,-6.65,3.8));
#6434=CARTESIAN_POINT('',(-15.2,-6.65,3.8));
#6435=CARTESIAN_POINT('Origin',(-15.6,-6.65,3.8));
#6436=CARTESIAN_POINT('Origin',(-14.4,-6.65,3.8));
#6437=CARTESIAN_POINT('Origin',(-15.6,0.,3.8));
#6438=CARTESIAN_POINT('',(-15.2,6.65,3.8));
#6439=CARTESIAN_POINT('Origin',(-15.6,6.65,3.8));
#6440=CARTESIAN_POINT('',(-15.2,0.,3.8));
#6441=CARTESIAN_POINT('Origin',(-14.4,6.65,3.8));
#6442=CARTESIAN_POINT('',(-14.4,7.45,3.8));
#6443=CARTESIAN_POINT('Origin',(-14.4,7.85,3.8));
#6444=CARTESIAN_POINT('Origin',(-14.4,6.65,3.8));
#6445=CARTESIAN_POINT('Origin',(0.,7.85,3.8));
#6446=CARTESIAN_POINT('',(0.,7.45,3.8));
#6447=CARTESIAN_POINT('Origin',(0.,-7.45,2.1));
#6448=CARTESIAN_POINT('',(14.4,-7.45,3.));
#6449=CARTESIAN_POINT('',(14.4,-7.45,2.1));
#6450=CARTESIAN_POINT('',(-14.4,-7.45,3.));
#6451=CARTESIAN_POINT('',(0.,-7.45,3.));
#6452=CARTESIAN_POINT('',(-14.4,-7.45,2.1));
#6453=CARTESIAN_POINT('Origin',(14.4,-6.65,2.1));
#6454=CARTESIAN_POINT('',(15.2,-6.65,3.));
#6455=CARTESIAN_POINT('',(15.2,-6.65,2.1));
#6456=CARTESIAN_POINT('Origin',(14.4,-6.65,3.));
#6457=CARTESIAN_POINT('Origin',(15.2,0.,2.1));
#6458=CARTESIAN_POINT('',(15.2,6.65,3.));
#6459=CARTESIAN_POINT('',(15.2,6.65,2.1));
#6460=CARTESIAN_POINT('',(15.2,0.,3.));
#6461=CARTESIAN_POINT('Origin',(14.4,6.65,2.1));
#6462=CARTESIAN_POINT('',(14.4,7.45,3.));
#6463=CARTESIAN_POINT('',(14.4,7.45,2.1));
#6464=CARTESIAN_POINT('Origin',(14.4,6.65,3.));
#6465=CARTESIAN_POINT('Origin',(0.,9.85,3.1495));
#6466=CARTESIAN_POINT('',(12.,9.85,3.));
#6467=CARTESIAN_POINT('',(-12.,9.85,3.));
#6468=CARTESIAN_POINT('',(0.,9.85,3.));
#6469=CARTESIAN_POINT('',(12.,9.85,3.3));
#6470=CARTESIAN_POINT('',(12.,9.85,3.1495));
#6471=CARTESIAN_POINT('',(-12.,9.85,3.3));
#6472=CARTESIAN_POINT('',(0.,9.85,3.3));
#6473=CARTESIAN_POINT('',(-12.,9.85,3.1495));
#6474=CARTESIAN_POINT('Origin',(-12.,8.85,3.1495));
#6475=CARTESIAN_POINT('',(-12.,7.85,3.));
#6476=CARTESIAN_POINT('',(-12.,4.425,3.));
#6477=CARTESIAN_POINT('',(-12.,7.85,3.3));
#6478=CARTESIAN_POINT('',(-12.,8.85,3.3));
#6479=CARTESIAN_POINT('',(-12.,7.85,3.1495));
#6480=CARTESIAN_POINT('Origin',(0.,8.85,3.3));
#6481=CARTESIAN_POINT('',(12.,7.85,3.3));
#6482=CARTESIAN_POINT('',(12.,8.85,3.3));
#6483=CARTESIAN_POINT('',(0.,7.85,3.3));
#6484=CARTESIAN_POINT('Origin',(0.,7.85,3.1495));
#6485=CARTESIAN_POINT('',(12.,7.85,3.));
#6486=CARTESIAN_POINT('',(0.,7.85,3.));
#6487=CARTESIAN_POINT('',(12.,7.85,3.1495));
#6488=CARTESIAN_POINT('Origin',(12.,8.85,3.1495));
#6489=CARTESIAN_POINT('',(12.,4.425,3.));
#6490=CARTESIAN_POINT('Origin',(0.,-7.85,3.1495));
#6491=CARTESIAN_POINT('',(12.,-7.85,3.));
#6492=CARTESIAN_POINT('',(-12.,-7.85,3.));
#6493=CARTESIAN_POINT('',(0.,-7.85,3.));
#6494=CARTESIAN_POINT('',(12.,-7.85,3.3));
#6495=CARTESIAN_POINT('',(12.,-7.85,3.1495));
#6496=CARTESIAN_POINT('',(-12.,-7.85,3.3));
#6497=CARTESIAN_POINT('',(0.,-7.85,3.3));
#6498=CARTESIAN_POINT('',(-12.,-7.85,3.1495));
#6499=CARTESIAN_POINT('Origin',(-12.,-8.85,3.1495));
#6500=CARTESIAN_POINT('',(-12.,-9.85,3.));
#6501=CARTESIAN_POINT('',(-12.,-4.425,3.));
#6502=CARTESIAN_POINT('',(-12.,-9.85,3.3));
#6503=CARTESIAN_POINT('',(-12.,-8.85,3.3));
#6504=CARTESIAN_POINT('',(-12.,-9.85,3.1495));
#6505=CARTESIAN_POINT('Origin',(0.,-8.85,3.3));
#6506=CARTESIAN_POINT('',(12.,-9.85,3.3));
#6507=CARTESIAN_POINT('',(12.,-8.85,3.3));
#6508=CARTESIAN_POINT('',(0.,-9.85,3.3));
#6509=CARTESIAN_POINT('Origin',(0.,-9.85,3.1495));
#6510=CARTESIAN_POINT('',(12.,-9.85,3.));
#6511=CARTESIAN_POINT('',(0.,-9.85,3.));
#6512=CARTESIAN_POINT('',(12.,-9.85,3.1495));
#6513=CARTESIAN_POINT('Origin',(12.,-8.85,3.1495));
#6514=CARTESIAN_POINT('',(12.,-4.425,3.));
#6515=CARTESIAN_POINT('Origin',(16.85,3.4,1.6));
#6516=CARTESIAN_POINT('',(17.45,3.4,3.));
#6517=CARTESIAN_POINT('',(17.45,3.4,0.2));
#6518=CARTESIAN_POINT('',(17.45,3.4,1.6));
#6519=CARTESIAN_POINT('',(16.85,4.,0.2));
#6520=CARTESIAN_POINT('Origin',(16.85,3.4,0.2));
#6521=CARTESIAN_POINT('',(16.85,4.,3.));
#6522=CARTESIAN_POINT('',(16.85,4.,1.6));
#6523=CARTESIAN_POINT('Origin',(16.85,3.4,3.));
#6524=CARTESIAN_POINT('Origin',(16.85,-3.4,1.6));
#6525=CARTESIAN_POINT('',(16.85,-4.,3.));
#6526=CARTESIAN_POINT('',(16.85,-4.,0.2));
#6527=CARTESIAN_POINT('',(16.85,-4.,1.6));
#6528=CARTESIAN_POINT('',(17.45,-3.4,0.2));
#6529=CARTESIAN_POINT('Origin',(16.85,-3.4,0.2));
#6530=CARTESIAN_POINT('',(17.45,-3.4,3.));
#6531=CARTESIAN_POINT('',(17.45,-3.4,1.6));
#6532=CARTESIAN_POINT('Origin',(16.85,-3.4,3.));
#6533=CARTESIAN_POINT('Origin',(15.9,3.4,1.6));
#6534=CARTESIAN_POINT('',(15.3,3.4,3.));
#6535=CARTESIAN_POINT('',(15.3,3.4,0.2));
#6536=CARTESIAN_POINT('',(15.3,3.4,1.6));
#6537=CARTESIAN_POINT('',(15.9,4.,3.));
#6538=CARTESIAN_POINT('Origin',(15.9,3.4,3.));
#6539=CARTESIAN_POINT('',(15.9,4.,0.2));
#6540=CARTESIAN_POINT('',(15.9,4.,1.6));
#6541=CARTESIAN_POINT('Origin',(15.9,3.4,0.2));
#6542=CARTESIAN_POINT('Origin',(16.375,0.,0.2));
#6543=CARTESIAN_POINT('',(17.45,0.,0.2));
#6544=CARTESIAN_POINT('',(15.9,-4.,0.2));
#6545=CARTESIAN_POINT('',(16.375,-4.,0.2));
#6546=CARTESIAN_POINT('',(15.3,-3.4,0.2));
#6547=CARTESIAN_POINT('Origin',(15.9,-3.4,0.2));
#6548=CARTESIAN_POINT('',(15.3,0.,0.2));
#6549=CARTESIAN_POINT('',(16.375,4.,0.2));
#6550=CARTESIAN_POINT('Origin',(15.9,-3.4,1.6));
#6551=CARTESIAN_POINT('',(15.9,-4.,3.));
#6552=CARTESIAN_POINT('',(15.9,-4.,1.6));
#6553=CARTESIAN_POINT('',(15.3,-3.4,3.));
#6554=CARTESIAN_POINT('Origin',(15.9,-3.4,3.));
#6555=CARTESIAN_POINT('',(15.3,-3.4,1.6));
#6556=CARTESIAN_POINT('Origin',(15.3,0.,1.6));
#6557=CARTESIAN_POINT('',(15.3,0.,3.));
#6558=CARTESIAN_POINT('Origin',(17.45,0.,1.6));
#6559=CARTESIAN_POINT('',(17.45,0.,3.));
#6560=CARTESIAN_POINT('Origin',(16.375,-4.,1.6));
#6561=CARTESIAN_POINT('',(8.1875,-4.,3.));
#6562=CARTESIAN_POINT('Origin',(16.375,4.,1.6));
#6563=CARTESIAN_POINT('',(8.1875,4.,3.));
#6564=CARTESIAN_POINT('Origin',(-15.9,3.4,1.6));
#6565=CARTESIAN_POINT('',(-15.3,3.4,3.));
#6566=CARTESIAN_POINT('',(-15.3,3.4,0.2));
#6567=CARTESIAN_POINT('',(-15.3,3.4,1.6));
#6568=CARTESIAN_POINT('',(-15.9,4.,0.2));
#6569=CARTESIAN_POINT('Origin',(-15.9,3.4,0.2));
#6570=CARTESIAN_POINT('',(-15.9,4.,3.));
#6571=CARTESIAN_POINT('',(-15.9,4.,1.6));
#6572=CARTESIAN_POINT('Origin',(-15.9,3.4,3.));
#6573=CARTESIAN_POINT('Origin',(-15.9,-3.4,1.6));
#6574=CARTESIAN_POINT('',(-15.9,-4.,3.));
#6575=CARTESIAN_POINT('',(-15.9,-4.,0.2));
#6576=CARTESIAN_POINT('',(-15.9,-4.,1.6));
#6577=CARTESIAN_POINT('',(-15.3,-3.4,0.2));
#6578=CARTESIAN_POINT('Origin',(-15.9,-3.4,0.2));
#6579=CARTESIAN_POINT('',(-15.3,-3.4,3.));
#6580=CARTESIAN_POINT('',(-15.3,-3.4,1.6));
#6581=CARTESIAN_POINT('Origin',(-15.9,-3.4,3.));
#6582=CARTESIAN_POINT('Origin',(-16.85,3.4,1.6));
#6583=CARTESIAN_POINT('',(-17.45,3.4,3.));
#6584=CARTESIAN_POINT('',(-17.45,3.4,0.2));
#6585=CARTESIAN_POINT('',(-17.45,3.4,1.6));
#6586=CARTESIAN_POINT('',(-16.85,4.,3.));
#6587=CARTESIAN_POINT('Origin',(-16.85,3.4,3.));
#6588=CARTESIAN_POINT('',(-16.85,4.,0.2));
#6589=CARTESIAN_POINT('',(-16.85,4.,1.6));
#6590=CARTESIAN_POINT('Origin',(-16.85,3.4,0.2));
#6591=CARTESIAN_POINT('Origin',(-16.375,0.,0.2));
#6592=CARTESIAN_POINT('',(-15.3,0.,0.2));
#6593=CARTESIAN_POINT('',(-16.85,-4.,0.2));
#6594=CARTESIAN_POINT('',(-16.375,-4.,0.2));
#6595=CARTESIAN_POINT('',(-17.45,-3.4,0.2));
#6596=CARTESIAN_POINT('Origin',(-16.85,-3.4,0.2));
#6597=CARTESIAN_POINT('',(-17.45,0.,0.2));
#6598=CARTESIAN_POINT('',(-16.375,4.,0.2));
#6599=CARTESIAN_POINT('Origin',(-16.85,-3.4,1.6));
#6600=CARTESIAN_POINT('',(-16.85,-4.,3.));
#6601=CARTESIAN_POINT('',(-16.85,-4.,1.6));
#6602=CARTESIAN_POINT('',(-17.45,-3.4,3.));
#6603=CARTESIAN_POINT('Origin',(-16.85,-3.4,3.));
#6604=CARTESIAN_POINT('',(-17.45,-3.4,1.6));
#6605=CARTESIAN_POINT('Origin',(-17.45,0.,1.6));
#6606=CARTESIAN_POINT('',(-17.45,0.,3.));
#6607=CARTESIAN_POINT('Origin',(-15.3,0.,1.6));
#6608=CARTESIAN_POINT('',(-15.3,0.,3.));
#6609=CARTESIAN_POINT('Origin',(-16.375,-4.,1.6));
#6610=CARTESIAN_POINT('',(-8.1875,-4.,3.));
#6611=CARTESIAN_POINT('Origin',(-16.375,4.,1.6));
#6612=CARTESIAN_POINT('',(-8.1875,4.,3.));
#6613=CARTESIAN_POINT('Origin',(-14.4,6.65,2.1));
#6614=CARTESIAN_POINT('',(-15.2,6.65,3.));
#6615=CARTESIAN_POINT('',(-15.2,6.65,2.1));
#6616=CARTESIAN_POINT('',(-14.4,7.45,3.));
#6617=CARTESIAN_POINT('Origin',(-14.4,6.65,3.));
#6618=CARTESIAN_POINT('',(-14.4,7.45,2.1));
#6619=CARTESIAN_POINT('Origin',(-14.4,-6.65,2.1));
#6620=CARTESIAN_POINT('',(-15.2,-6.65,3.));
#6621=CARTESIAN_POINT('Origin',(-14.4,-6.65,3.));
#6622=CARTESIAN_POINT('',(-15.2,-6.65,2.1));
#6623=CARTESIAN_POINT('Origin',(-15.2,0.,2.1));
#6624=CARTESIAN_POINT('',(-15.2,0.,3.));
#6625=CARTESIAN_POINT('Origin',(0.,7.45,2.1));
#6626=CARTESIAN_POINT('',(0.,7.45,3.));
#6627=CARTESIAN_POINT('Origin',(18.,-8.15,3.6));
#6628=CARTESIAN_POINT('',(18.,-10.15,3.));
#6629=CARTESIAN_POINT('',(18.,-10.15,3.6));
#6630=CARTESIAN_POINT('',(20.,-8.15,3.));
#6631=CARTESIAN_POINT('Origin',(18.,-8.15,3.));
#6632=CARTESIAN_POINT('',(20.,-8.15,3.6));
#6633=CARTESIAN_POINT('Origin',(0.,0.,3.));
#6634=CARTESIAN_POINT('',(20.,0.,3.));
#6635=CARTESIAN_POINT('',(-18.,-10.15,3.));
#6636=CARTESIAN_POINT('',(0.,-10.15,3.));
#6637=CARTESIAN_POINT('Origin',(-18.,-8.15,3.));
#6638=CARTESIAN_POINT('Origin',(-18.,-8.15,3.6));
#6639=CARTESIAN_POINT('',(-18.,-10.15,3.6));
#6640=CARTESIAN_POINT('Origin',(20.,0.,3.6));
#6641=CARTESIAN_POINT('Origin',(0.,-10.15,3.6));
#6642=CARTESIAN_POINT('',(0.,0.,0.));
#6643=CARTESIAN_POINT('Origin',(-15.,18.25,-3.1));
#6644=CARTESIAN_POINT('',(-13.5,18.25,-3.9));
#6645=CARTESIAN_POINT('Origin',(-15.,18.25,-3.9));
#6646=CARTESIAN_POINT('',(-13.5,18.25,-2.3));
#6647=CARTESIAN_POINT('',(-13.5,18.25,-3.1));
#6648=CARTESIAN_POINT('Origin',(-15.,18.25,-2.3));
#6649=CARTESIAN_POINT('Origin',(-15.,-10.25,-3.1));
#6650=CARTESIAN_POINT('',(-13.5,-10.25,-3.9));
#6651=CARTESIAN_POINT('Origin',(-15.,-10.25,-3.9));
#6652=CARTESIAN_POINT('',(-13.5,-10.25,-2.3));
#6653=CARTESIAN_POINT('',(-13.5,-10.25,-3.1));
#6654=CARTESIAN_POINT('Origin',(-15.,-10.25,-2.3));
#6655=CARTESIAN_POINT('Origin',(15.,18.25,-3.1));
#6656=CARTESIAN_POINT('',(16.5,18.25,-3.9));
#6657=CARTESIAN_POINT('Origin',(15.,18.25,-3.9));
#6658=CARTESIAN_POINT('',(16.5,18.25,-2.3));
#6659=CARTESIAN_POINT('',(16.5,18.25,-3.1));
#6660=CARTESIAN_POINT('Origin',(15.,18.25,-2.3));
#6661=CARTESIAN_POINT('Origin',(15.,-10.25,-3.1));
#6662=CARTESIAN_POINT('',(16.5,-10.25,-3.9));
#6663=CARTESIAN_POINT('Origin',(15.,-10.25,-3.9));
#6664=CARTESIAN_POINT('',(16.5,-10.25,-2.3));
#6665=CARTESIAN_POINT('',(16.5,-10.25,-3.1));
#6666=CARTESIAN_POINT('Origin',(15.,-10.25,-2.3));
#6667=CARTESIAN_POINT('Origin',(4.89858719658941E-16,4.,-2.3));
#6668=CARTESIAN_POINT('',(-17.7,20.75,-2.3));
#6669=CARTESIAN_POINT('',(-17.7,-12.75,-2.3));
#6670=CARTESIAN_POINT('',(-17.7,4.,-2.3));
#6671=CARTESIAN_POINT('',(17.7,-12.75,-2.3));
#6672=CARTESIAN_POINT('',(-1.56142466891288E-15,-12.75,-2.3));
#6673=CARTESIAN_POINT('',(17.7,20.75,-2.3));
#6674=CARTESIAN_POINT('',(17.7,4.,-2.3));
#6675=CARTESIAN_POINT('',(2.54114210823076E-15,20.75,-2.3));
#6676=CARTESIAN_POINT('Origin',(4.89858719658941E-16,4.,-3.9));
#6677=CARTESIAN_POINT('',(-17.7,-12.75,-3.9));
#6678=CARTESIAN_POINT('',(-17.7,20.75,-3.9));
#6679=CARTESIAN_POINT('',(-17.7,4.,-3.9));
#6680=CARTESIAN_POINT('',(17.7,20.75,-3.9));
#6681=CARTESIAN_POINT('',(2.54114210823076E-15,20.75,-3.9));
#6682=CARTESIAN_POINT('',(17.7,-12.75,-3.9));
#6683=CARTESIAN_POINT('',(17.7,4.,-3.9));
#6684=CARTESIAN_POINT('',(-1.56142466891288E-15,-12.75,-3.9));
#6685=CARTESIAN_POINT('Origin',(2.54114210823076E-15,20.75,-3.1));
#6686=CARTESIAN_POINT('',(17.7,20.75,-3.1));
#6687=CARTESIAN_POINT('',(-17.7,20.75,-3.1));
#6688=CARTESIAN_POINT('Origin',(17.7,4.,-3.1));
#6689=CARTESIAN_POINT('',(17.7,-12.75,-3.1));
#6690=CARTESIAN_POINT('Origin',(-1.56142466891288E-15,-12.75,-3.1));
#6691=CARTESIAN_POINT('',(-17.7,-12.75,-3.1));
#6692=CARTESIAN_POINT('Origin',(-17.7,4.,-3.1));
#6693=CARTESIAN_POINT('Origin',(3.00038465791101E-16,2.45,-0.3));
#6694=CARTESIAN_POINT('',(-17.25,13.95,-0.3));
#6695=CARTESIAN_POINT('',(-17.25,-9.05,-0.3));
#6696=CARTESIAN_POINT('',(-17.25,2.45,-0.3));
#6697=CARTESIAN_POINT('',(17.25,-9.05,-0.3));
#6698=CARTESIAN_POINT('',(-1.10830535322835E-15,-9.05,-0.3));
#6699=CARTESIAN_POINT('',(17.25,13.95,-0.3));
#6700=CARTESIAN_POINT('',(17.25,2.45,-0.3));
#6701=CARTESIAN_POINT('',(1.70838228481056E-15,13.95,-0.3));
#6702=CARTESIAN_POINT('Origin',(3.00038465791101E-16,2.45,-1.7));
#6703=CARTESIAN_POINT('',(-17.25,-9.05,-1.7));
#6704=CARTESIAN_POINT('',(-17.25,13.95,-1.7));
#6705=CARTESIAN_POINT('',(-17.25,2.45,-1.7));
#6706=CARTESIAN_POINT('',(17.25,13.95,-1.7));
#6707=CARTESIAN_POINT('',(1.70838228481056E-15,13.95,-1.7));
#6708=CARTESIAN_POINT('',(17.25,-9.05,-1.7));
#6709=CARTESIAN_POINT('',(17.25,2.45,-1.7));
#6710=CARTESIAN_POINT('',(-1.10830535322835E-15,-9.05,-1.7));
#6711=CARTESIAN_POINT('Origin',(1.70838228481056E-15,13.95,-1.));
#6712=CARTESIAN_POINT('',(17.25,13.95,-1.));
#6713=CARTESIAN_POINT('',(-17.25,13.95,-1.));
#6714=CARTESIAN_POINT('Origin',(17.25,2.45,-1.));
#6715=CARTESIAN_POINT('',(17.25,-9.05,-1.));
#6716=CARTESIAN_POINT('Origin',(-1.10830535322835E-15,-9.05,-1.));
#6717=CARTESIAN_POINT('',(-17.25,-9.05,-1.));
#6718=CARTESIAN_POINT('Origin',(-17.25,2.45,-1.));
#6719=CARTESIAN_POINT('Origin',(0.,0.,-0.3));
#6720=CARTESIAN_POINT('',(-14.71,7.35,-0.3));
#6721=CARTESIAN_POINT('',(-14.71,-7.35,-0.3));
#6722=CARTESIAN_POINT('',(-14.71,1.80145544154576E-15,-0.3));
#6723=CARTESIAN_POINT('',(14.71,-7.35,-0.3));
#6724=CARTESIAN_POINT('',(-9.00115397373305E-16,-7.35,-0.3));
#6725=CARTESIAN_POINT('',(14.71,7.35,-0.3));
#6726=CARTESIAN_POINT('',(14.71,-1.80145544154576E-15,-0.3));
#6727=CARTESIAN_POINT('',(9.00115397373305E-16,7.35,-0.3));
#6728=CARTESIAN_POINT('Origin',(0.,0.,-0.35));
#6729=CARTESIAN_POINT('',(-14.71,-7.35,-0.35));
#6730=CARTESIAN_POINT('',(-14.71,7.35,-0.35));
#6731=CARTESIAN_POINT('',(-14.71,1.80145544154576E-15,-0.35));
#6732=CARTESIAN_POINT('',(14.71,7.35,-0.35));
#6733=CARTESIAN_POINT('',(9.00115397373305E-16,7.35,-0.35));
#6734=CARTESIAN_POINT('',(14.71,-7.35,-0.35));
#6735=CARTESIAN_POINT('',(14.71,-1.80145544154576E-15,-0.35));
#6736=CARTESIAN_POINT('',(-9.00115397373305E-16,-7.35,-0.35));
#6737=CARTESIAN_POINT('Origin',(9.00115397373305E-16,7.35,-0.325));
#6738=CARTESIAN_POINT('',(14.71,7.35,-0.325));
#6739=CARTESIAN_POINT('',(-14.71,7.35,-0.325));
#6740=CARTESIAN_POINT('Origin',(14.71,-1.80145544154576E-15,-0.325));
#6741=CARTESIAN_POINT('',(14.71,-7.35,-0.325));
#6742=CARTESIAN_POINT('Origin',(-9.00115397373305E-16,-7.35,-0.325));
#6743=CARTESIAN_POINT('',(-14.71,-7.35,-0.325));
#6744=CARTESIAN_POINT('Origin',(-14.71,1.80145544154576E-15,-0.325));
#6745=CARTESIAN_POINT('Origin',(2.35744508835865E-15,19.25,-3.9));
#6746=CARTESIAN_POINT('',(-5.,20.75,-3.9));
#6747=CARTESIAN_POINT('',(-5.,17.75,-3.9));
#6748=CARTESIAN_POINT('',(-5.,19.25,-3.9));
#6749=CARTESIAN_POINT('',(5.,17.75,-3.9));
#6750=CARTESIAN_POINT('',(2.17374806848655E-15,17.75,-3.9));
#6751=CARTESIAN_POINT('',(5.,20.75,-3.9));
#6752=CARTESIAN_POINT('',(5.,19.25,-3.9));
#6753=CARTESIAN_POINT('',(2.54114210823076E-15,20.75,-3.9));
#6754=CARTESIAN_POINT('Origin',(2.35744508835865E-15,19.25,-12.));
#6755=CARTESIAN_POINT('',(-5.,17.75,-12.));
#6756=CARTESIAN_POINT('',(-5.,20.75,-12.));
#6757=CARTESIAN_POINT('',(-5.,19.25,-12.));
#6758=CARTESIAN_POINT('',(5.,20.75,-12.));
#6759=CARTESIAN_POINT('',(2.54114210823076E-15,20.75,-12.));
#6760=CARTESIAN_POINT('',(5.,17.75,-12.));
#6761=CARTESIAN_POINT('',(5.,19.25,-12.));
#6762=CARTESIAN_POINT('',(2.17374806848655E-15,17.75,-12.));
#6763=CARTESIAN_POINT('Origin',(2.54114210823076E-15,20.75,-7.95));
#6764=CARTESIAN_POINT('',(5.,20.75,-7.95));
#6765=CARTESIAN_POINT('',(-5.,20.75,-7.95));
#6766=CARTESIAN_POINT('Origin',(5.,19.25,-7.95));
#6767=CARTESIAN_POINT('',(5.,17.75,-7.95));
#6768=CARTESIAN_POINT('Origin',(2.17374806848655E-15,17.75,-7.95));
#6769=CARTESIAN_POINT('',(-5.,17.75,-7.95));
#6770=CARTESIAN_POINT('Origin',(-5.,19.25,-7.95));
#6771=CARTESIAN_POINT('Origin',(-3.81,18.55,-1.3));
#6772=CARTESIAN_POINT('',(-3.66,18.55,-0.299999999999999));
#6773=CARTESIAN_POINT('Origin',(-3.81,18.55,-0.3));
#6774=CARTESIAN_POINT('',(-2.81,18.55,-2.3));
#6775=CARTESIAN_POINT('',(-3.235,18.55,-1.3));
#6776=CARTESIAN_POINT('Origin',(-3.81,18.55,-2.3));
#6777=CARTESIAN_POINT('Origin',(-3.81,18.55,-2.3));
#6778=CARTESIAN_POINT('Origin',(-3.81,18.55,-0.3));
#6779=CARTESIAN_POINT('Origin',(1.27,18.55,-1.3));
#6780=CARTESIAN_POINT('',(1.42,18.55,-0.299999999999999));
#6781=CARTESIAN_POINT('Origin',(1.27,18.55,-0.3));
#6782=CARTESIAN_POINT('',(2.27,18.55,-2.3));
#6783=CARTESIAN_POINT('',(1.845,18.55,-1.3));
#6784=CARTESIAN_POINT('Origin',(1.27,18.55,-2.3));
#6785=CARTESIAN_POINT('Origin',(1.27,18.55,-2.3));
#6786=CARTESIAN_POINT('Origin',(1.27,18.55,-0.3));
#6787=CARTESIAN_POINT('Origin',(3.81,18.55,-1.3));
#6788=CARTESIAN_POINT('',(3.96,18.55,-0.299999999999999));
#6789=CARTESIAN_POINT('Origin',(3.81,18.55,-0.3));
#6790=CARTESIAN_POINT('',(4.81,18.55,-2.3));
#6791=CARTESIAN_POINT('',(4.385,18.55,-1.3));
#6792=CARTESIAN_POINT('Origin',(3.81,18.55,-2.3));
#6793=CARTESIAN_POINT('Origin',(3.81,18.55,-2.3));
#6794=CARTESIAN_POINT('Origin',(3.81,18.55,-0.3));
#6795=CARTESIAN_POINT('Origin',(-1.27,18.55,-1.3));
#6796=CARTESIAN_POINT('',(-1.12,18.55,-0.299999999999999));
#6797=CARTESIAN_POINT('Origin',(-1.27,18.55,-0.3));
#6798=CARTESIAN_POINT('',(-0.269999999999998,18.55,-2.3));
#6799=CARTESIAN_POINT('',(-0.694999999999998,18.55,-1.3));
#6800=CARTESIAN_POINT('Origin',(-1.27,18.55,-2.3));
#6801=CARTESIAN_POINT('Origin',(-1.27,18.55,-2.3));
#6802=CARTESIAN_POINT('Origin',(-1.27,18.55,-0.3));
#6803=CARTESIAN_POINT('Origin',(-3.81,-10.55,-1.3));
#6804=CARTESIAN_POINT('',(-3.66,-10.55,-0.299999999999999));
#6805=CARTESIAN_POINT('Origin',(-3.81,-10.55,-0.3));
#6806=CARTESIAN_POINT('',(-2.81,-10.55,-2.3));
#6807=CARTESIAN_POINT('',(-3.235,-10.55,-1.3));
#6808=CARTESIAN_POINT('Origin',(-3.81,-10.55,-2.3));
#6809=CARTESIAN_POINT('Origin',(-3.81,-10.55,-2.3));
#6810=CARTESIAN_POINT('Origin',(-3.81,-10.55,-0.3));
#6811=CARTESIAN_POINT('Origin',(1.27,-10.55,-1.3));
#6812=CARTESIAN_POINT('',(1.42,-10.55,-0.299999999999999));
#6813=CARTESIAN_POINT('Origin',(1.27,-10.55,-0.3));
#6814=CARTESIAN_POINT('',(2.27,-10.55,-2.3));
#6815=CARTESIAN_POINT('',(1.845,-10.55,-1.3));
#6816=CARTESIAN_POINT('Origin',(1.27,-10.55,-2.3));
#6817=CARTESIAN_POINT('Origin',(1.27,-10.55,-2.3));
#6818=CARTESIAN_POINT('Origin',(1.27,-10.55,-0.3));
#6819=CARTESIAN_POINT('Origin',(3.81,-10.55,-1.3));
#6820=CARTESIAN_POINT('',(3.96,-10.55,-0.299999999999999));
#6821=CARTESIAN_POINT('Origin',(3.81,-10.55,-0.3));
#6822=CARTESIAN_POINT('',(4.81,-10.55,-2.3));
#6823=CARTESIAN_POINT('',(4.385,-10.55,-1.3));
#6824=CARTESIAN_POINT('Origin',(3.81,-10.55,-2.3));
#6825=CARTESIAN_POINT('Origin',(3.81,-10.55,-2.3));
#6826=CARTESIAN_POINT('Origin',(3.81,-10.55,-0.3));
#6827=CARTESIAN_POINT('Origin',(-1.27,-10.55,-1.3));
#6828=CARTESIAN_POINT('',(-1.12,-10.55,-0.299999999999999));
#6829=CARTESIAN_POINT('Origin',(-1.27,-10.55,-0.3));
#6830=CARTESIAN_POINT('',(-0.270000000000001,-10.55,-2.3));
#6831=CARTESIAN_POINT('',(-0.695000000000001,-10.55,-1.3));
#6832=CARTESIAN_POINT('Origin',(-1.27,-10.55,-2.3));
#6833=CARTESIAN_POINT('Origin',(-1.27,-10.55,-2.3));
#6834=CARTESIAN_POINT('Origin',(-1.27,-10.55,-0.3));
#6835=CARTESIAN_POINT('',(0.,0.,0.));
#6836=CARTESIAN_POINT('Origin',(-8.,26.35,-4.8));
#6837=CARTESIAN_POINT('',(-5.,24.5,-4.8));
#6838=CARTESIAN_POINT('',(-11.,24.5,-4.8));
#6839=CARTESIAN_POINT('',(-8.,24.5,-4.8));
#6840=CARTESIAN_POINT('',(-5.,28.2,-4.8));
#6841=CARTESIAN_POINT('',(-5.,26.35,-4.8));
#6842=CARTESIAN_POINT('',(-11.,28.2,-4.8));
#6843=CARTESIAN_POINT('',(-8.,28.2,-4.8));
#6844=CARTESIAN_POINT('',(-11.,26.35,-4.8));
#6845=CARTESIAN_POINT('Origin',(-8.,23.2,-4.7));
#6846=CARTESIAN_POINT('',(-5.,23.2,-6.2));
#6847=CARTESIAN_POINT('',(-11.,23.2,-6.2));
#6848=CARTESIAN_POINT('',(-8.,23.2,-6.2));
#6849=CARTESIAN_POINT('',(-5.,23.2,-3.2));
#6850=CARTESIAN_POINT('',(-5.,23.2,-4.7));
#6851=CARTESIAN_POINT('',(-11.,23.2,-3.2));
#6852=CARTESIAN_POINT('',(-4.,23.2,-3.2));
#6853=CARTESIAN_POINT('',(-11.,23.2,-4.7));
#6854=CARTESIAN_POINT('Origin',(-5.,23.85,-4.7));
#6855=CARTESIAN_POINT('',(-5.,24.5,-3.2));
#6856=CARTESIAN_POINT('',(-5.,24.5,-4.7));
#6857=CARTESIAN_POINT('',(-5.,24.7,-3.2));
#6858=CARTESIAN_POINT('',(-5.,29.5,-6.2));
#6859=CARTESIAN_POINT('',(-5.,23.85,-6.2));
#6860=CARTESIAN_POINT('',(-5.,29.5,-3.2));
#6861=CARTESIAN_POINT('',(-5.,29.5,-4.7));
#6862=CARTESIAN_POINT('',(-5.,28.2,-3.2));
#6863=CARTESIAN_POINT('',(-5.,27.2,-3.2));
#6864=CARTESIAN_POINT('',(-5.,28.2,-4.7));
#6865=CARTESIAN_POINT('Origin',(-8.,24.5,-4.7));
#6866=CARTESIAN_POINT('',(-11.,24.5,-3.2));
#6867=CARTESIAN_POINT('',(-11.,24.5,-4.7));
#6868=CARTESIAN_POINT('',(-4.,24.5,-3.2));
#6869=CARTESIAN_POINT('Origin',(-8.,29.5,-4.7));
#6870=CARTESIAN_POINT('',(-11.,29.5,-6.2));
#6871=CARTESIAN_POINT('',(-8.,29.5,-6.2));
#6872=CARTESIAN_POINT('',(-11.,29.5,-3.2));
#6873=CARTESIAN_POINT('',(-11.,29.5,-4.7));
#6874=CARTESIAN_POINT('',(-4.,29.5,-3.2));
#6875=CARTESIAN_POINT('Origin',(-8.,28.2,-4.7));
#6876=CARTESIAN_POINT('',(-11.,28.2,-3.2));
#6877=CARTESIAN_POINT('',(-4.,28.2,-3.2));
#6878=CARTESIAN_POINT('',(-11.,28.2,-4.7));
#6879=CARTESIAN_POINT('Origin',(-8.,23.85,-6.2));
#6880=CARTESIAN_POINT('',(-11.,23.85,-6.2));
#6881=CARTESIAN_POINT('Origin',(-11.,23.85,-4.7));
#6882=CARTESIAN_POINT('',(-11.,24.7,-3.2));
#6883=CARTESIAN_POINT('',(-11.,27.2,-3.2));
#6884=CARTESIAN_POINT('Origin',(8.,26.35,-4.8));
#6885=CARTESIAN_POINT('',(11.,24.5,-4.8));
#6886=CARTESIAN_POINT('',(5.,24.5,-4.8));
#6887=CARTESIAN_POINT('',(8.,24.5,-4.8));
#6888=CARTESIAN_POINT('',(11.,28.2,-4.8));
#6889=CARTESIAN_POINT('',(11.,26.35,-4.8));
#6890=CARTESIAN_POINT('',(5.,28.2,-4.8));
#6891=CARTESIAN_POINT('',(8.,28.2,-4.8));
#6892=CARTESIAN_POINT('',(5.,26.35,-4.8));
#6893=CARTESIAN_POINT('Origin',(8.,23.2,-4.7));
#6894=CARTESIAN_POINT('',(11.,23.2,-6.2));
#6895=CARTESIAN_POINT('',(5.,23.2,-6.2));
#6896=CARTESIAN_POINT('',(8.,23.2,-6.2));
#6897=CARTESIAN_POINT('',(11.,23.2,-3.2));
#6898=CARTESIAN_POINT('',(11.,23.2,-4.7));
#6899=CARTESIAN_POINT('',(5.,23.2,-3.2));
#6900=CARTESIAN_POINT('',(4.,23.2,-3.2));
#6901=CARTESIAN_POINT('',(5.,23.2,-4.7));
#6902=CARTESIAN_POINT('Origin',(11.,23.85,-4.7));
#6903=CARTESIAN_POINT('',(11.,24.5,-3.2));
#6904=CARTESIAN_POINT('',(11.,24.5,-4.7));
#6905=CARTESIAN_POINT('',(11.,24.7,-3.2));
#6906=CARTESIAN_POINT('',(11.,29.5,-6.2));
#6907=CARTESIAN_POINT('',(11.,23.85,-6.2));
#6908=CARTESIAN_POINT('',(11.,29.5,-3.2));
#6909=CARTESIAN_POINT('',(11.,29.5,-4.7));
#6910=CARTESIAN_POINT('',(11.,28.2,-3.2));
#6911=CARTESIAN_POINT('',(11.,27.2,-3.2));
#6912=CARTESIAN_POINT('',(11.,28.2,-4.7));
#6913=CARTESIAN_POINT('Origin',(8.,24.5,-4.7));
#6914=CARTESIAN_POINT('',(5.,24.5,-3.2));
#6915=CARTESIAN_POINT('',(5.,24.5,-4.7));
#6916=CARTESIAN_POINT('',(4.,24.5,-3.2));
#6917=CARTESIAN_POINT('Origin',(8.,29.5,-4.7));
#6918=CARTESIAN_POINT('',(5.,29.5,-6.2));
#6919=CARTESIAN_POINT('',(8.,29.5,-6.2));
#6920=CARTESIAN_POINT('',(5.,29.5,-3.2));
#6921=CARTESIAN_POINT('',(5.,29.5,-4.7));
#6922=CARTESIAN_POINT('',(4.,29.5,-3.2));
#6923=CARTESIAN_POINT('Origin',(8.,28.2,-4.7));
#6924=CARTESIAN_POINT('',(5.,28.2,-3.2));
#6925=CARTESIAN_POINT('',(4.,28.2,-3.2));
#6926=CARTESIAN_POINT('',(5.,28.2,-4.7));
#6927=CARTESIAN_POINT('Origin',(8.,23.85,-6.2));
#6928=CARTESIAN_POINT('',(5.,23.85,-6.2));
#6929=CARTESIAN_POINT('Origin',(5.,23.85,-4.7));
#6930=CARTESIAN_POINT('',(5.,24.7,-3.2));
#6931=CARTESIAN_POINT('',(5.,27.2,-3.2));
#6932=CARTESIAN_POINT('Origin',(-1.51539956067904E-15,-12.3741764705882,
-4.69320588235294));
#6933=CARTESIAN_POINT('',(13.,-12.7511333333333,-5.4));
#6934=CARTESIAN_POINT('',(13.,-11.9511333333333,-3.9));
#6935=CARTESIAN_POINT('',(13.,-12.3985155709343,-4.73884169550173));
#6936=CARTESIAN_POINT('',(-13.,-12.7511333333333,-5.4));
#6937=CARTESIAN_POINT('',(-1.56156346221678E-15,-12.7511333333333,-5.4));
#6938=CARTESIAN_POINT('',(-13.,-11.9511333333333,-3.9));
#6939=CARTESIAN_POINT('',(-13.,-12.3985155709343,-4.73884169550173));
#6940=CARTESIAN_POINT('',(-1.46359171828499E-15,-11.9511333333333,-3.9));
#6941=CARTESIAN_POINT('Origin',(-13.,-12.675,-4.65));
#6942=CARTESIAN_POINT('',(-13.,-13.05,-5.4));
#6943=CARTESIAN_POINT('',(-13.,-12.675,-5.4));
#6944=CARTESIAN_POINT('',(-13.,-13.05,-3.9));
#6945=CARTESIAN_POINT('',(-13.,-13.05,-4.35));
#6946=CARTESIAN_POINT('',(-13.,-12.675,-3.9));
#6947=CARTESIAN_POINT('Origin',(-1.55223981791927E-15,-12.675,-5.4));
#6948=CARTESIAN_POINT('',(13.,-13.05,-5.4));
#6949=CARTESIAN_POINT('',(13.,-12.675,-5.4));
#6950=CARTESIAN_POINT('',(12.,-13.05,-5.4));
#6951=CARTESIAN_POINT('',(6.5,-13.05,-5.4));
#6952=CARTESIAN_POINT('',(12.,-13.4,-5.4));
#6953=CARTESIAN_POINT('',(12.,-13.725,-5.4));
#6954=CARTESIAN_POINT('',(-12.,-13.4,-5.4));
#6955=CARTESIAN_POINT('',(-1.64102671085745E-15,-13.4,-5.4));
#6956=CARTESIAN_POINT('',(-12.,-13.05,-5.4));
#6957=CARTESIAN_POINT('',(-12.,-13.725,-5.4));
#6958=CARTESIAN_POINT('',(-6.5,-13.05,-5.4));
#6959=CARTESIAN_POINT('Origin',(-1.64102671085745E-15,-13.4,-4.65));
#6960=CARTESIAN_POINT('',(-12.,-13.4,-3.9));
#6961=CARTESIAN_POINT('',(-12.,-13.4,-4.35));
#6962=CARTESIAN_POINT('',(12.,-13.4,-3.9));
#6963=CARTESIAN_POINT('',(12.,-13.4,-4.35));
#6964=CARTESIAN_POINT('',(-1.64102671085745E-15,-13.4,-3.9));
#6965=CARTESIAN_POINT('Origin',(13.,-12.675,-4.65));
#6966=CARTESIAN_POINT('',(13.,-13.05,-3.9));
#6967=CARTESIAN_POINT('',(13.,-12.675,-3.9));
#6968=CARTESIAN_POINT('',(13.,-13.05,-4.35));
#6969=CARTESIAN_POINT('Origin',(-1.55223981791927E-15,-12.675,-3.9));
#6970=CARTESIAN_POINT('',(-12.,-13.05,-3.9));
#6971=CARTESIAN_POINT('',(-6.5,-13.05,-3.9));
#6972=CARTESIAN_POINT('',(-12.,-13.725,-3.9));
#6973=CARTESIAN_POINT('',(12.,-13.05,-3.9));
#6974=CARTESIAN_POINT('',(12.,-13.725,-3.9));
#6975=CARTESIAN_POINT('',(6.5,-13.05,-3.9));
#6976=CARTESIAN_POINT('Origin',(-13.,-13.05,-4.05));
#6977=CARTESIAN_POINT('',(-12.,-13.05,-5.8));
#6978=CARTESIAN_POINT('',(-12.,-13.05,-4.05));
#6979=CARTESIAN_POINT('',(-14.,-13.05,-5.8));
#6980=CARTESIAN_POINT('',(-13.,-13.05,-5.8));
#6981=CARTESIAN_POINT('',(-14.,-13.05,-2.3));
#6982=CARTESIAN_POINT('',(-14.,-13.05,-4.05));
#6983=CARTESIAN_POINT('',(-12.,-13.05,-2.3));
#6984=CARTESIAN_POINT('',(-6.5,-13.05,-2.3));
#6985=CARTESIAN_POINT('',(-12.,-13.05,-4.05));
#6986=CARTESIAN_POINT('Origin',(12.,-14.775,-4.05));
#6987=CARTESIAN_POINT('',(12.,-13.05,-5.8));
#6988=CARTESIAN_POINT('',(12.,-13.05,-4.05));
#6989=CARTESIAN_POINT('',(12.,-16.5,-5.8));
#6990=CARTESIAN_POINT('',(12.,-14.775,-5.8));
#6991=CARTESIAN_POINT('',(12.,-16.5,-2.3));
#6992=CARTESIAN_POINT('',(12.,-16.5,-4.3));
#6993=CARTESIAN_POINT('',(12.,-13.05,-2.3));
#6994=CARTESIAN_POINT('',(12.,-6.2,-2.3));
#6995=CARTESIAN_POINT('',(12.,-13.05,-4.05));
#6996=CARTESIAN_POINT('Origin',(-12.,-14.775,-4.05));
#6997=CARTESIAN_POINT('',(-12.,-16.5,-2.3));
#6998=CARTESIAN_POINT('',(-12.,-6.2,-2.3));
#6999=CARTESIAN_POINT('',(-12.,-16.5,-5.8));
#7000=CARTESIAN_POINT('',(-12.,-16.5,-4.3));
#7001=CARTESIAN_POINT('',(-12.,-14.775,-5.8));
#7002=CARTESIAN_POINT('Origin',(-14.,-14.775,-4.05));
#7003=CARTESIAN_POINT('',(-14.,-16.5,-5.8));
#7004=CARTESIAN_POINT('',(-14.,-14.775,-5.8));
#7005=CARTESIAN_POINT('',(-14.,-16.5,-2.3));
#7006=CARTESIAN_POINT('',(-14.,-16.5,-4.3));
#7007=CARTESIAN_POINT('',(-14.,-6.2,-2.3));
#7008=CARTESIAN_POINT('Origin',(-2.02066721859313E-15,-16.5,-4.55));
#7009=CARTESIAN_POINT('',(-8.,-16.5,-2.3));
#7010=CARTESIAN_POINT('',(-2.02066721859313E-15,-16.5,-2.3));
#7011=CARTESIAN_POINT('',(-8.,-16.5,0.));
#7012=CARTESIAN_POINT('',(-8.,-16.5,-0.655));
#7013=CARTESIAN_POINT('',(8.,-16.5,0.));
#7014=CARTESIAN_POINT('',(-2.02066721859313E-15,-16.5,0.));
#7015=CARTESIAN_POINT('',(8.,-16.5,-2.3));
#7016=CARTESIAN_POINT('',(8.,-16.5,-0.655));
#7017=CARTESIAN_POINT('',(-2.02066721859313E-15,-16.5,-2.3));
#7018=CARTESIAN_POINT('',(-2.02066721859313E-15,-16.5,-5.8));
#7019=CARTESIAN_POINT('Origin',(13.,-13.05,-4.05));
#7020=CARTESIAN_POINT('',(14.,-13.05,-2.3));
#7021=CARTESIAN_POINT('',(6.5,-13.05,-2.3));
#7022=CARTESIAN_POINT('',(14.,-13.05,-5.8));
#7023=CARTESIAN_POINT('',(14.,-13.05,-4.05));
#7024=CARTESIAN_POINT('',(13.,-13.05,-5.8));
#7025=CARTESIAN_POINT('Origin',(14.,-14.775,-4.05));
#7026=CARTESIAN_POINT('',(14.,-16.5,-5.8));
#7027=CARTESIAN_POINT('',(14.,-16.5,-2.3));
#7028=CARTESIAN_POINT('',(14.,-16.5,-4.3));
#7029=CARTESIAN_POINT('',(14.,-14.775,-5.8));
#7030=CARTESIAN_POINT('',(14.,-6.2,-2.3));
#7031=CARTESIAN_POINT('Origin',(-2.02066721859313E-15,-16.5,-4.55));
#7032=CARTESIAN_POINT('',(18.2,-16.5,-2.3));
#7033=CARTESIAN_POINT('',(-2.02066721859313E-15,-16.5,-2.3));
#7034=CARTESIAN_POINT('',(18.2,-16.5,-5.8));
#7035=CARTESIAN_POINT('',(18.2,-16.5,-4.55));
#7036=CARTESIAN_POINT('',(-2.02066721859313E-15,-16.5,-5.8));
#7037=CARTESIAN_POINT('Origin',(-15.35,18.25,-3.755));
#7038=CARTESIAN_POINT('',(-15.35,20.4219806628973,-1.31));
#7039=CARTESIAN_POINT('',(-15.35,20.4219806628973,-2.1));
#7040=CARTESIAN_POINT('',(-15.35,20.4219806628973,-1.7));
#7041=CARTESIAN_POINT('',(-15.35,16.0780193371027,-1.31));
#7042=CARTESIAN_POINT('',(-15.35,18.25,-1.31));
#7043=CARTESIAN_POINT('',(-15.35,16.0780193371027,-2.1));
#7044=CARTESIAN_POINT('',(-15.35,16.0780193371027,-1.7));
#7045=CARTESIAN_POINT('',(-15.35,16.8944558288274,-2.1));
#7046=CARTESIAN_POINT('',(-15.35,18.25,-2.1));
#7047=CARTESIAN_POINT('',(-15.35,16.8944558288274,-3.9));
#7048=CARTESIAN_POINT('',(-15.35,16.8944558288274,-2.6));
#7049=CARTESIAN_POINT('',(-15.35,16.6119752749119,-4.4));
#7050=CARTESIAN_POINT('Ctrl Pts',(-15.35,16.6119752749119,-4.4));
#7051=CARTESIAN_POINT('Ctrl Pts',(-15.35,16.7658467961519,-4.12640938260176));
#7052=CARTESIAN_POINT('Ctrl Pts',(-15.35,16.8944558288274,-3.9));
#7053=CARTESIAN_POINT('',(-15.35,17.1021759716751,-5.6));
#7054=CARTESIAN_POINT('Ctrl Pts',(-15.35,17.1021759716751,-5.6));
#7055=CARTESIAN_POINT('Ctrl Pts',(-15.35,16.8975704634617,-5.10557659230536));
#7056=CARTESIAN_POINT('Ctrl Pts',(-15.35,16.6119752749119,-4.4));
#7057=CARTESIAN_POINT('',(-15.35,19.3978240283249,-5.6));
#7058=CARTESIAN_POINT('',(-15.35,18.25,-5.6));
#7059=CARTESIAN_POINT('',(-15.35,19.8880247250881,-4.4));
#7060=CARTESIAN_POINT('Ctrl Pts',(-15.35,19.8880247250881,-4.4));
#7061=CARTESIAN_POINT('Ctrl Pts',(-15.35,19.6024295365383,-5.10557659230536));
#7062=CARTESIAN_POINT('Ctrl Pts',(-15.35,19.3978240283249,-5.6));
#7063=CARTESIAN_POINT('',(-15.35,19.6055441711726,-3.9));
#7064=CARTESIAN_POINT('Ctrl Pts',(-15.35,19.6055441711726,-3.9));
#7065=CARTESIAN_POINT('Ctrl Pts',(-15.35,19.7341532038481,-4.12640938260176));
#7066=CARTESIAN_POINT('Ctrl Pts',(-15.35,19.8880247250881,-4.4));
#7067=CARTESIAN_POINT('',(-15.35,19.6055441711726,-2.1));
#7068=CARTESIAN_POINT('',(-15.35,19.6055441711726,-2.6));
#7069=CARTESIAN_POINT('',(-15.35,18.25,-2.1));
#7070=CARTESIAN_POINT('Origin',(-15.,18.25,-1.31));
#7071=CARTESIAN_POINT('',(-14.65,20.4219806628973,-1.31));
#7072=CARTESIAN_POINT('Origin',(-15.,18.25,-1.31));
#7073=CARTESIAN_POINT('',(-14.65,16.0780193371027,-1.31));
#7074=CARTESIAN_POINT('',(-14.65,18.25,-1.31));
#7075=CARTESIAN_POINT('Origin',(-15.,18.25,-1.31));
#7076=CARTESIAN_POINT('Origin',(-14.65,18.25,-3.755));
#7077=CARTESIAN_POINT('',(-14.65,20.4219806628973,-2.1));
#7078=CARTESIAN_POINT('',(-14.65,20.4219806628973,-1.7));
#7079=CARTESIAN_POINT('',(-14.65,19.6055441711726,-2.1));
#7080=CARTESIAN_POINT('',(-14.65,18.25,-2.1));
#7081=CARTESIAN_POINT('',(-14.65,19.6055441711726,-3.9));
#7082=CARTESIAN_POINT('',(-14.65,19.6055441711726,-2.6));
#7083=CARTESIAN_POINT('',(-14.65,19.8880247250881,-4.4));
#7084=CARTESIAN_POINT('Ctrl Pts',(-14.65,19.8880247250881,-4.4));
#7085=CARTESIAN_POINT('Ctrl Pts',(-14.65,19.7341532038481,-4.12640938260176));
#7086=CARTESIAN_POINT('Ctrl Pts',(-14.65,19.6055441711726,-3.9));
#7087=CARTESIAN_POINT('',(-14.65,19.3978240283249,-5.6));
#7088=CARTESIAN_POINT('Ctrl Pts',(-14.65,19.3978240283249,-5.6));
#7089=CARTESIAN_POINT('Ctrl Pts',(-14.65,19.6024295365383,-5.10557659230536));
#7090=CARTESIAN_POINT('Ctrl Pts',(-14.65,19.8880247250881,-4.4));
#7091=CARTESIAN_POINT('',(-14.65,17.1021759716751,-5.6));
#7092=CARTESIAN_POINT('',(-14.65,18.25,-5.6));
#7093=CARTESIAN_POINT('',(-14.65,16.6119752749119,-4.4));
#7094=CARTESIAN_POINT('Ctrl Pts',(-14.65,16.6119752749119,-4.4));
#7095=CARTESIAN_POINT('Ctrl Pts',(-14.65,16.8975704634617,-5.10557659230536));
#7096=CARTESIAN_POINT('Ctrl Pts',(-14.65,17.1021759716751,-5.6));
#7097=CARTESIAN_POINT('',(-14.65,16.8944558288274,-3.9));
#7098=CARTESIAN_POINT('Ctrl Pts',(-14.65,16.8944558288274,-3.9));
#7099=CARTESIAN_POINT('Ctrl Pts',(-14.65,16.7658467961519,-4.12640938260176));
#7100=CARTESIAN_POINT('Ctrl Pts',(-14.65,16.6119752749119,-4.4));
#7101=CARTESIAN_POINT('',(-14.65,16.8944558288274,-2.1));
#7102=CARTESIAN_POINT('',(-14.65,16.8944558288274,-2.6));
#7103=CARTESIAN_POINT('',(-14.65,16.0780193371027,-2.1));
#7104=CARTESIAN_POINT('',(-14.65,18.25,-2.1));
#7105=CARTESIAN_POINT('',(-14.65,16.0780193371027,-1.7));
#7106=CARTESIAN_POINT('Origin',(-15.,18.25,-1.7));
#7107=CARTESIAN_POINT('',(-12.8,18.25,-1.3));
#7108=CARTESIAN_POINT('Origin',(-15.,18.25,-1.3));
#7109=CARTESIAN_POINT('',(-12.8,18.25,-2.1));
#7110=CARTESIAN_POINT('',(-12.8,18.25,-1.7));
#7111=CARTESIAN_POINT('Origin',(-15.,18.25,-2.1));
#7112=CARTESIAN_POINT('Origin',(-15.,18.25,-2.1));
#7113=CARTESIAN_POINT('Origin',(-15.,18.25,-2.1));
#7114=CARTESIAN_POINT('Origin',(-15.,18.25,-2.1));
#7115=CARTESIAN_POINT('Origin',(-15.,18.25,-2.1));
#7116=CARTESIAN_POINT('Origin',(-15.,18.25,-2.1));
#7117=CARTESIAN_POINT('Origin',(-15.,18.25,-2.1));
#7118=CARTESIAN_POINT('Origin',(-15.,18.25,-2.6));
#7119=CARTESIAN_POINT('Origin',(-15.,18.25,-3.9));
#7120=CARTESIAN_POINT('Origin',(-15.,18.25,-2.6));
#7121=CARTESIAN_POINT('Origin',(-15.,18.25,-3.9));
#7122=CARTESIAN_POINT('Origin',(-15.,18.25,-4.15));
#7123=CARTESIAN_POINT('Origin',(-15.,18.25,-4.4));
#7124=CARTESIAN_POINT('Origin',(-15.,18.25,-4.15));
#7125=CARTESIAN_POINT('Origin',(-15.,18.25,-4.4));
#7126=CARTESIAN_POINT('Origin',(-15.,18.25,-5.6));
#7127=CARTESIAN_POINT('Origin',(-15.,18.25,-5.6));
#7128=CARTESIAN_POINT('Origin',(-15.,18.25,-5.));
#7129=CARTESIAN_POINT('Origin',(-15.,18.25,-5.));
#7130=CARTESIAN_POINT('Origin',(-15.,18.25,-5.6));
#7131=CARTESIAN_POINT('Origin',(-15.,18.25,-5.6));
#7132=CARTESIAN_POINT('Origin',(14.65,18.25,-3.755));
#7133=CARTESIAN_POINT('',(14.65,20.4219806628973,-1.31));
#7134=CARTESIAN_POINT('',(14.65,20.4219806628973,-2.1));
#7135=CARTESIAN_POINT('',(14.65,20.4219806628973,-1.7));
#7136=CARTESIAN_POINT('',(14.65,16.0780193371026,-1.31));
#7137=CARTESIAN_POINT('',(14.65,18.25,-1.31));
#7138=CARTESIAN_POINT('',(14.65,16.0780193371026,-2.1));
#7139=CARTESIAN_POINT('',(14.65,16.0780193371026,-1.7));
#7140=CARTESIAN_POINT('',(14.65,16.8944558288274,-2.1));
#7141=CARTESIAN_POINT('',(14.65,18.25,-2.1));
#7142=CARTESIAN_POINT('',(14.65,16.8944558288274,-3.9));
#7143=CARTESIAN_POINT('',(14.65,16.8944558288274,-2.6));
#7144=CARTESIAN_POINT('',(14.65,16.6119752749119,-4.4));
#7145=CARTESIAN_POINT('Ctrl Pts',(14.65,16.6119752749119,-4.4));
#7146=CARTESIAN_POINT('Ctrl Pts',(14.65,16.7658467961519,-4.12640938260176));
#7147=CARTESIAN_POINT('Ctrl Pts',(14.65,16.8944558288274,-3.9));
#7148=CARTESIAN_POINT('',(14.65,17.1021759716751,-5.6));
#7149=CARTESIAN_POINT('Ctrl Pts',(14.65,17.1021759716751,-5.6));
#7150=CARTESIAN_POINT('Ctrl Pts',(14.65,16.8975704634617,-5.10557659230536));
#7151=CARTESIAN_POINT('Ctrl Pts',(14.65,16.6119752749119,-4.4));
#7152=CARTESIAN_POINT('',(14.65,19.3978240283249,-5.6));
#7153=CARTESIAN_POINT('',(14.65,18.25,-5.6));
#7154=CARTESIAN_POINT('',(14.65,19.8880247250881,-4.4));
#7155=CARTESIAN_POINT('Ctrl Pts',(14.65,19.8880247250881,-4.4));
#7156=CARTESIAN_POINT('Ctrl Pts',(14.65,19.6024295365383,-5.10557659230536));
#7157=CARTESIAN_POINT('Ctrl Pts',(14.65,19.3978240283249,-5.6));
#7158=CARTESIAN_POINT('',(14.65,19.6055441711726,-3.9));
#7159=CARTESIAN_POINT('Ctrl Pts',(14.65,19.6055441711726,-3.9));
#7160=CARTESIAN_POINT('Ctrl Pts',(14.65,19.7341532038481,-4.12640938260176));
#7161=CARTESIAN_POINT('Ctrl Pts',(14.65,19.8880247250881,-4.4));
#7162=CARTESIAN_POINT('',(14.65,19.6055441711726,-2.1));
#7163=CARTESIAN_POINT('',(14.65,19.6055441711726,-2.6));
#7164=CARTESIAN_POINT('',(14.65,18.25,-2.1));
#7165=CARTESIAN_POINT('Origin',(15.,18.25,-1.31));
#7166=CARTESIAN_POINT('',(15.35,20.4219806628973,-1.31));
#7167=CARTESIAN_POINT('Origin',(15.,18.25,-1.31));
#7168=CARTESIAN_POINT('',(15.35,16.0780193371026,-1.31));
#7169=CARTESIAN_POINT('',(15.35,18.25,-1.31));
#7170=CARTESIAN_POINT('Origin',(15.,18.25,-1.31));
#7171=CARTESIAN_POINT('Origin',(15.35,18.25,-3.755));
#7172=CARTESIAN_POINT('',(15.35,20.4219806628973,-2.1));
#7173=CARTESIAN_POINT('',(15.35,20.4219806628973,-1.7));
#7174=CARTESIAN_POINT('',(15.35,19.6055441711726,-2.1));
#7175=CARTESIAN_POINT('',(15.35,18.25,-2.1));
#7176=CARTESIAN_POINT('',(15.35,19.6055441711726,-3.9));
#7177=CARTESIAN_POINT('',(15.35,19.6055441711726,-2.6));
#7178=CARTESIAN_POINT('',(15.35,19.8880247250881,-4.4));
#7179=CARTESIAN_POINT('Ctrl Pts',(15.35,19.8880247250881,-4.4));
#7180=CARTESIAN_POINT('Ctrl Pts',(15.35,19.7341532038481,-4.12640938260176));
#7181=CARTESIAN_POINT('Ctrl Pts',(15.35,19.6055441711726,-3.9));
#7182=CARTESIAN_POINT('',(15.35,19.3978240283249,-5.6));
#7183=CARTESIAN_POINT('Ctrl Pts',(15.35,19.3978240283249,-5.6));
#7184=CARTESIAN_POINT('Ctrl Pts',(15.35,19.6024295365383,-5.10557659230536));
#7185=CARTESIAN_POINT('Ctrl Pts',(15.35,19.8880247250881,-4.4));
#7186=CARTESIAN_POINT('',(15.35,17.1021759716751,-5.6));
#7187=CARTESIAN_POINT('',(15.35,18.25,-5.6));
#7188=CARTESIAN_POINT('',(15.35,16.6119752749119,-4.4));
#7189=CARTESIAN_POINT('Ctrl Pts',(15.35,16.6119752749119,-4.4));
#7190=CARTESIAN_POINT('Ctrl Pts',(15.35,16.8975704634617,-5.10557659230536));
#7191=CARTESIAN_POINT('Ctrl Pts',(15.35,17.1021759716751,-5.6));
#7192=CARTESIAN_POINT('',(15.35,16.8944558288274,-3.9));
#7193=CARTESIAN_POINT('Ctrl Pts',(15.35,16.8944558288274,-3.9));
#7194=CARTESIAN_POINT('Ctrl Pts',(15.35,16.7658467961519,-4.12640938260176));
#7195=CARTESIAN_POINT('Ctrl Pts',(15.35,16.6119752749119,-4.4));
#7196=CARTESIAN_POINT('',(15.35,16.8944558288274,-2.1));
#7197=CARTESIAN_POINT('',(15.35,16.8944558288274,-2.6));
#7198=CARTESIAN_POINT('',(15.35,16.0780193371026,-2.1));
#7199=CARTESIAN_POINT('',(15.35,18.25,-2.1));
#7200=CARTESIAN_POINT('',(15.35,16.0780193371026,-1.7));
#7201=CARTESIAN_POINT('Origin',(15.,18.25,-1.7));
#7202=CARTESIAN_POINT('',(17.2,18.25,-1.3));
#7203=CARTESIAN_POINT('Origin',(15.,18.25,-1.3));
#7204=CARTESIAN_POINT('',(17.2,18.25,-2.1));
#7205=CARTESIAN_POINT('',(17.2,18.25,-1.7));
#7206=CARTESIAN_POINT('Origin',(15.,18.25,-2.1));
#7207=CARTESIAN_POINT('Origin',(15.,18.25,-2.1));
#7208=CARTESIAN_POINT('Origin',(15.,18.25,-2.1));
#7209=CARTESIAN_POINT('Origin',(15.,18.25,-2.1));
#7210=CARTESIAN_POINT('Origin',(15.,18.25,-2.1));
#7211=CARTESIAN_POINT('Origin',(15.,18.25,-2.1));
#7212=CARTESIAN_POINT('Origin',(15.,18.25,-2.1));
#7213=CARTESIAN_POINT('Origin',(15.,18.25,-2.6));
#7214=CARTESIAN_POINT('Origin',(15.,18.25,-3.9));
#7215=CARTESIAN_POINT('Origin',(15.,18.25,-2.6));
#7216=CARTESIAN_POINT('Origin',(15.,18.25,-3.9));
#7217=CARTESIAN_POINT('Origin',(15.,18.25,-4.15));
#7218=CARTESIAN_POINT('Origin',(15.,18.25,-4.4));
#7219=CARTESIAN_POINT('Origin',(15.,18.25,-4.15));
#7220=CARTESIAN_POINT('Origin',(15.,18.25,-4.4));
#7221=CARTESIAN_POINT('Origin',(15.,18.25,-5.6));
#7222=CARTESIAN_POINT('Origin',(15.,18.25,-5.6));
#7223=CARTESIAN_POINT('Origin',(15.,18.25,-5.));
#7224=CARTESIAN_POINT('Origin',(15.,18.25,-5.));
#7225=CARTESIAN_POINT('Origin',(15.,18.25,-5.6));
#7226=CARTESIAN_POINT('Origin',(15.,18.25,-5.6));
#7227=CARTESIAN_POINT('Origin',(-15.,-10.25,-4.6));
#7228=CARTESIAN_POINT('',(-13.95,-10.25,-4.8));
#7229=CARTESIAN_POINT('Origin',(-15.,-10.25,-4.8));
#7230=CARTESIAN_POINT('',(-13.65,-10.25,-4.4));
#7231=CARTESIAN_POINT('',(-13.8,-10.25,-4.6));
#7232=CARTESIAN_POINT('Origin',(-15.,-10.25,-4.4));
#7233=CARTESIAN_POINT('Origin',(-15.,-10.25,-4.8));
#7234=CARTESIAN_POINT('Origin',(-15.,-10.25,-3.35));
#7235=CARTESIAN_POINT('',(-16.1543396380615,-9.55,-2.3));
#7236=CARTESIAN_POINT('',(-13.65,-10.25,-2.3));
#7237=CARTESIAN_POINT('Origin',(-15.,-10.25,-2.3));
#7238=CARTESIAN_POINT('',(-13.8456603619385,-9.55,-2.3));
#7239=CARTESIAN_POINT('Origin',(-15.,-10.25,-2.3));
#7240=CARTESIAN_POINT('Origin',(-15.,-10.25,-2.3));
#7241=CARTESIAN_POINT('',(-13.65,-10.25,-3.35));
#7242=CARTESIAN_POINT('Origin',(-15.,-10.25,-2.3));
#7243=CARTESIAN_POINT('',(-1.16953769318572E-15,-9.55,-2.3));
#7244=CARTESIAN_POINT('Origin',(15.,-10.25,-4.6));
#7245=CARTESIAN_POINT('',(16.05,-10.25,-4.8));
#7246=CARTESIAN_POINT('Origin',(15.,-10.25,-4.8));
#7247=CARTESIAN_POINT('',(16.35,-10.25,-4.4));
#7248=CARTESIAN_POINT('',(16.2,-10.25,-4.6));
#7249=CARTESIAN_POINT('Origin',(15.,-10.25,-4.4));
#7250=CARTESIAN_POINT('Origin',(15.,-10.25,-4.8));
#7251=CARTESIAN_POINT('Origin',(15.,-10.25,-3.35));
#7252=CARTESIAN_POINT('',(13.8456603619385,-9.55,-2.3));
#7253=CARTESIAN_POINT('',(16.35,-10.25,-2.3));
#7254=CARTESIAN_POINT('Origin',(15.,-10.25,-2.3));
#7255=CARTESIAN_POINT('',(16.1543396380615,-9.55,-2.3));
#7256=CARTESIAN_POINT('Origin',(15.,-10.25,-2.3));
#7257=CARTESIAN_POINT('Origin',(15.,-10.25,-2.3));
#7258=CARTESIAN_POINT('',(16.35,-10.25,-3.35));
#7259=CARTESIAN_POINT('Origin',(15.,-10.25,-2.3));
#7260=CARTESIAN_POINT('',(-1.16953769318572E-15,-9.55,-2.3));
#7261=CARTESIAN_POINT('Origin',(-15.,18.25,-1.805));
#7262=CARTESIAN_POINT('',(-12.6,18.25,-2.3));
#7263=CARTESIAN_POINT('Origin',(-15.,18.25,-2.3));
#7264=CARTESIAN_POINT('',(-12.6,18.25,-1.3));
#7265=CARTESIAN_POINT('',(-12.6,18.25,-1.805));
#7266=CARTESIAN_POINT('Origin',(-15.,18.25,-1.3));
#7267=CARTESIAN_POINT('Origin',(-15.,18.25,-1.3));
#7268=CARTESIAN_POINT('Origin',(15.,18.25,-1.805));
#7269=CARTESIAN_POINT('',(17.4,18.25,-2.3));
#7270=CARTESIAN_POINT('Origin',(15.,18.25,-2.3));
#7271=CARTESIAN_POINT('',(17.4,18.25,-1.3));
#7272=CARTESIAN_POINT('',(17.4,18.25,-1.805));
#7273=CARTESIAN_POINT('Origin',(15.,18.25,-1.3));
#7274=CARTESIAN_POINT('Origin',(15.,18.25,-1.3));
#7275=CARTESIAN_POINT('Origin',(-24.5,3.00038465791102E-15,-2.6));
#7276=CARTESIAN_POINT('',(-23.4,3.00038465791102E-15,-5.6));
#7277=CARTESIAN_POINT('Origin',(-24.5,3.00038465791102E-15,-5.6));
#7278=CARTESIAN_POINT('',(-23.4,2.7309623620986E-15,-4.4));
#7279=CARTESIAN_POINT('',(-23.4,3.00038465791102E-15,-2.6));
#7280=CARTESIAN_POINT('Origin',(-24.5,3.00038465791102E-15,-4.4));
#7281=CARTESIAN_POINT('Origin',(-24.5,3.00038465791102E-15,-1.95));
#7282=CARTESIAN_POINT('',(-22.9,3.00038465791102E-15,-4.4));
#7283=CARTESIAN_POINT('Origin',(-24.5,3.00038465791102E-15,-4.4));
#7284=CARTESIAN_POINT('',(-22.9,2.60849768218386E-15,-0.4));
#7285=CARTESIAN_POINT('',(-22.9,3.00038465791102E-15,-1.95));
#7286=CARTESIAN_POINT('Origin',(-24.5,3.00038465791102E-15,-0.4));
#7287=CARTESIAN_POINT('Origin',(-24.5,3.00038465791102E-15,-4.4));
#7288=CARTESIAN_POINT('Origin',(-24.5,3.00038465791102E-15,0.05));
#7289=CARTESIAN_POINT('',(-22.5,3.00038465791102E-15,-0.4));
#7290=CARTESIAN_POINT('Origin',(-24.5,3.00038465791102E-15,-0.4));
#7291=CARTESIAN_POINT('',(-22.5,2.51052593825207E-15,0.));
#7292=CARTESIAN_POINT('',(-22.5,3.00038465791102E-15,0.05));
#7293=CARTESIAN_POINT('Origin',(-24.5,3.00038465791102E-15,0.));
#7294=CARTESIAN_POINT('Origin',(-24.5,3.00038465791102E-15,-0.4));
#7295=CARTESIAN_POINT('Origin',(24.5,-3.00038465791102E-15,-2.6));
#7296=CARTESIAN_POINT('',(25.6,-3.00038465791102E-15,-5.6));
#7297=CARTESIAN_POINT('Origin',(24.5,-3.00038465791102E-15,-5.6));
#7298=CARTESIAN_POINT('',(25.6,-3.26980695372343E-15,-4.4));
#7299=CARTESIAN_POINT('',(25.6,-3.00038465791102E-15,-2.6));
#7300=CARTESIAN_POINT('Origin',(24.5,-3.00038465791102E-15,-4.4));
#7301=CARTESIAN_POINT('Origin',(24.5,-3.00038465791102E-15,-1.95));
#7302=CARTESIAN_POINT('',(26.1,-3.00038465791102E-15,-4.4));
#7303=CARTESIAN_POINT('Origin',(24.5,-3.00038465791102E-15,-4.4));
#7304=CARTESIAN_POINT('',(26.1,-3.39227163363817E-15,-0.4));
#7305=CARTESIAN_POINT('',(26.1,-3.00038465791102E-15,-1.95));
#7306=CARTESIAN_POINT('Origin',(24.5,-3.00038465791102E-15,-0.4));
#7307=CARTESIAN_POINT('Origin',(24.5,-3.00038465791102E-15,-4.4));
#7308=CARTESIAN_POINT('Origin',(24.5,-3.00038465791102E-15,0.05));
#7309=CARTESIAN_POINT('',(26.5,-3.00038465791102E-15,-0.4));
#7310=CARTESIAN_POINT('Origin',(24.5,-3.00038465791102E-15,-0.4));
#7311=CARTESIAN_POINT('',(26.5,-3.49024337756996E-15,0.));
#7312=CARTESIAN_POINT('',(26.5,-3.00038465791102E-15,0.05));
#7313=CARTESIAN_POINT('Origin',(24.5,-3.00038465791102E-15,0.));
#7314=CARTESIAN_POINT('Origin',(24.5,-3.00038465791102E-15,-0.4));
#7315=CARTESIAN_POINT('Origin',(8.,-13.025,-0.655));
#7316=CARTESIAN_POINT('',(8.,-9.55,-2.3));
#7317=CARTESIAN_POINT('',(8.,-5.325,-2.3));
#7318=CARTESIAN_POINT('',(8.,-9.55,0.));
#7319=CARTESIAN_POINT('',(8.,-5.325,0.));
#7320=CARTESIAN_POINT('',(8.,-9.55,-0.655));
#7321=CARTESIAN_POINT('Origin',(-8.,-13.025,-0.655));
#7322=CARTESIAN_POINT('',(-8.,-9.55,-2.3));
#7323=CARTESIAN_POINT('',(-8.,-5.325,-2.3));
#7324=CARTESIAN_POINT('',(-8.,-9.55,0.));
#7325=CARTESIAN_POINT('',(-8.,-9.55,-0.655));
#7326=CARTESIAN_POINT('',(-8.,-5.325,0.));
#7327=CARTESIAN_POINT('Origin',(2.90853614797496E-16,2.375,-2.3));
#7328=CARTESIAN_POINT('',(-18.2,-16.5,-2.3));
#7329=CARTESIAN_POINT('',(-2.02066721859313E-15,-16.5,-2.3));
#7330=CARTESIAN_POINT('',(-18.2,21.25,-2.3));
#7331=CARTESIAN_POINT('',(-18.2,2.375,-2.3));
#7332=CARTESIAN_POINT('',(-8.,21.25,-2.3));
#7333=CARTESIAN_POINT('',(2.60237444818813E-15,21.25,-2.3));
#7334=CARTESIAN_POINT('',(-8.,14.45,-2.3));
#7335=CARTESIAN_POINT('',(-8.,10.1125,-2.3));
#7336=CARTESIAN_POINT('',(-17.5,14.45,-2.3));
#7337=CARTESIAN_POINT('',(1.76961462476793E-15,14.45,-2.3));
#7338=CARTESIAN_POINT('',(-17.5,-9.55,-2.3));
#7339=CARTESIAN_POINT('',(-17.5,2.4125,-2.3));
#7340=CARTESIAN_POINT('',(-1.16953769318572E-15,-9.55,-2.3));
#7341=CARTESIAN_POINT('',(-1.16953769318572E-15,-9.55,-2.3));
#7342=CARTESIAN_POINT('Origin',(2.90853614797496E-16,2.375,-2.3));
#7343=CARTESIAN_POINT('',(-1.16953769318572E-15,-9.55,-2.3));
#7344=CARTESIAN_POINT('',(17.5,-9.55,-2.3));
#7345=CARTESIAN_POINT('',(-1.16953769318572E-15,-9.55,-2.3));
#7346=CARTESIAN_POINT('',(17.5,14.45,-2.3));
#7347=CARTESIAN_POINT('',(17.5,2.4125,-2.3));
#7348=CARTESIAN_POINT('',(8.,14.45,-2.3));
#7349=CARTESIAN_POINT('',(1.76961462476793E-15,14.45,-2.3));
#7350=CARTESIAN_POINT('',(8.,21.25,-2.3));
#7351=CARTESIAN_POINT('',(8.,10.1125,-2.3));
#7352=CARTESIAN_POINT('',(18.2,21.25,-2.3));
#7353=CARTESIAN_POINT('',(2.60237444818813E-15,21.25,-2.3));
#7354=CARTESIAN_POINT('',(18.2,2.375,-2.3));
#7355=CARTESIAN_POINT('Origin',(-1.16953769318572E-15,-9.55,-0.655));
#7356=CARTESIAN_POINT('',(-17.5,-9.55,0.));
#7357=CARTESIAN_POINT('',(-17.5,-9.55,-0.655));
#7358=CARTESIAN_POINT('',(-1.16953769318572E-15,-9.55,0.));
#7359=CARTESIAN_POINT('Origin',(-1.16953769318572E-15,-9.55,-0.655));
#7360=CARTESIAN_POINT('',(17.5,-9.55,0.));
#7361=CARTESIAN_POINT('',(-1.16953769318572E-15,-9.55,0.));
#7362=CARTESIAN_POINT('',(17.5,-9.55,-0.655));
#7363=CARTESIAN_POINT('Origin',(2.90853614797496E-16,2.375,0.));
#7364=CARTESIAN_POINT('',(-24.5,-3.75,0.));
#7365=CARTESIAN_POINT('',(-22.5,-3.75,0.));
#7366=CARTESIAN_POINT('',(-4.59242549680257E-16,-3.75,0.));
#7367=CARTESIAN_POINT('',(-20.,-6.25,0.));
#7368=CARTESIAN_POINT('Origin',(-22.5,-6.25,0.));
#7369=CARTESIAN_POINT('',(-20.,-14.3,0.));
#7370=CARTESIAN_POINT('',(-20.,2.375,0.));
#7371=CARTESIAN_POINT('',(-16.,-18.3,0.));
#7372=CARTESIAN_POINT('Origin',(-16.,-14.3,0.));
#7373=CARTESIAN_POINT('',(16.,-18.3,0.));
#7374=CARTESIAN_POINT('',(-2.24110364243966E-15,-18.3,0.));
#7375=CARTESIAN_POINT('',(20.,-14.3,0.));
#7376=CARTESIAN_POINT('Origin',(16.,-14.3,0.));
#7377=CARTESIAN_POINT('',(20.,-6.25,0.));
#7378=CARTESIAN_POINT('',(20.,2.375,0.));
#7379=CARTESIAN_POINT('',(22.5,-3.75,0.));
#7380=CARTESIAN_POINT('Origin',(22.5,-6.25,0.));
#7381=CARTESIAN_POINT('',(24.5,-3.75,0.));
#7382=CARTESIAN_POINT('',(-4.59242549680257E-16,-3.75,0.));
#7383=CARTESIAN_POINT('',(28.25,-3.00038465791102E-15,0.));
#7384=CARTESIAN_POINT('Origin',(24.5,-3.00038465791102E-15,0.));
#7385=CARTESIAN_POINT('',(24.5,3.75,0.));
#7386=CARTESIAN_POINT('Origin',(24.5,-3.00038465791102E-15,0.));
#7387=CARTESIAN_POINT('',(22.5,3.75,0.));
#7388=CARTESIAN_POINT('',(4.59242549680257E-16,3.75,0.));
#7389=CARTESIAN_POINT('',(20.,6.25,0.));
#7390=CARTESIAN_POINT('Origin',(22.5,6.25,0.));
#7391=CARTESIAN_POINT('',(20.,19.05,0.));
#7392=CARTESIAN_POINT('',(20.,2.375,0.));
#7393=CARTESIAN_POINT('',(16.,23.05,0.));
#7394=CARTESIAN_POINT('Origin',(16.,19.05,0.));
#7395=CARTESIAN_POINT('',(13.5,25.55,0.));
#7396=CARTESIAN_POINT('Origin',(16.,25.55,0.));
#7397=CARTESIAN_POINT('',(13.5,27.05,0.));
#7398=CARTESIAN_POINT('',(13.5,25.55,0.));
#7399=CARTESIAN_POINT('',(10.5,30.05,0.));
#7400=CARTESIAN_POINT('Origin',(10.5,27.05,0.));
#7401=CARTESIAN_POINT('',(-10.5,30.05,0.));
#7402=CARTESIAN_POINT('',(3.6800636314378E-15,30.05,0.));
#7403=CARTESIAN_POINT('',(-13.5,27.05,0.));
#7404=CARTESIAN_POINT('Origin',(-10.5,27.05,0.));
#7405=CARTESIAN_POINT('',(-13.5,25.55,0.));
#7406=CARTESIAN_POINT('',(-13.5,25.55,0.));
#7407=CARTESIAN_POINT('',(-16.,23.05,0.));
#7408=CARTESIAN_POINT('Origin',(-16.,25.55,0.));
#7409=CARTESIAN_POINT('',(-20.,19.05,0.));
#7410=CARTESIAN_POINT('Origin',(-16.,19.05,0.));
#7411=CARTESIAN_POINT('',(-20.,6.25,0.));
#7412=CARTESIAN_POINT('',(-20.,2.375,0.));
#7413=CARTESIAN_POINT('',(-22.5,3.75,0.));
#7414=CARTESIAN_POINT('Origin',(-22.5,6.25,0.));
#7415=CARTESIAN_POINT('',(-24.5,3.75,0.));
#7416=CARTESIAN_POINT('',(4.59242549680257E-16,3.75,0.));
#7417=CARTESIAN_POINT('Origin',(-24.5,3.00038465791102E-15,0.));
#7418=CARTESIAN_POINT('',(-17.5,14.45,0.));
#7419=CARTESIAN_POINT('',(-17.5,2.4125,0.));
#7420=CARTESIAN_POINT('',(-8.,14.45,0.));
#7421=CARTESIAN_POINT('',(1.76961462476793E-15,14.45,0.));
#7422=CARTESIAN_POINT('',(-8.,21.25,0.));
#7423=CARTESIAN_POINT('',(-8.,10.1125,0.));
#7424=CARTESIAN_POINT('',(8.,21.25,0.));
#7425=CARTESIAN_POINT('',(2.60237444818813E-15,21.25,0.));
#7426=CARTESIAN_POINT('',(8.,14.45,0.));
#7427=CARTESIAN_POINT('',(8.,10.1125,0.));
#7428=CARTESIAN_POINT('',(17.5,14.45,0.));
#7429=CARTESIAN_POINT('',(1.76961462476793E-15,14.45,0.));
#7430=CARTESIAN_POINT('',(17.5,2.4125,0.));
#7431=CARTESIAN_POINT('Origin',(-8.,17.85,-0.655));
#7432=CARTESIAN_POINT('',(-8.,21.25,-0.655));
#7433=CARTESIAN_POINT('',(-8.,14.45,-0.655));
#7434=CARTESIAN_POINT('Origin',(8.,17.85,-0.655));
#7435=CARTESIAN_POINT('',(8.,14.45,-0.655));
#7436=CARTESIAN_POINT('',(8.,21.25,-0.655));
#7437=CARTESIAN_POINT('Origin',(1.76961462476793E-15,14.45,-0.655));
#7438=CARTESIAN_POINT('',(17.5,14.45,-0.655));
#7439=CARTESIAN_POINT('Origin',(17.5,2.45,-0.655));
#7440=CARTESIAN_POINT('Origin',(1.76961462476793E-15,14.45,-0.655));
#7441=CARTESIAN_POINT('',(-17.5,14.45,-0.655));
#7442=CARTESIAN_POINT('Origin',(-17.5,2.45,-0.655));
#7443=CARTESIAN_POINT('Origin',(-2.02066721859313E-15,-16.5,-4.55));
#7444=CARTESIAN_POINT('',(-18.2,-16.5,-5.8));
#7445=CARTESIAN_POINT('',(-2.02066721859313E-15,-16.5,-5.8));
#7446=CARTESIAN_POINT('',(-18.2,-16.5,-4.55));
#7447=CARTESIAN_POINT('Origin',(18.2,2.375,-4.55));
#7448=CARTESIAN_POINT('',(18.2,21.25,-5.8));
#7449=CARTESIAN_POINT('',(18.2,2.375,-5.8));
#7450=CARTESIAN_POINT('',(18.2,21.25,-4.55));
#7451=CARTESIAN_POINT('Origin',(2.60237444818813E-15,21.25,-4.55));
#7452=CARTESIAN_POINT('',(-18.2,21.25,-5.8));
#7453=CARTESIAN_POINT('',(-18.2,21.25,-4.55));
#7454=CARTESIAN_POINT('',(2.60237444818813E-15,21.25,-5.8));
#7455=CARTESIAN_POINT('Origin',(-18.2,2.375,-4.55));
#7456=CARTESIAN_POINT('',(-18.2,2.375,-5.8));
#7457=CARTESIAN_POINT('Origin',(-24.5,3.00038465791102E-15,-5.6));
#7458=CARTESIAN_POINT('',(-20.75,3.00038465791102E-15,-5.6));
#7459=CARTESIAN_POINT('Origin',(-24.5,3.00038465791102E-15,-5.6));
#7460=CARTESIAN_POINT('Origin',(0.,0.,-3.2));
#7461=CARTESIAN_POINT('',(-24.5,-3.75,-3.2));
#7462=CARTESIAN_POINT('',(-20.75,3.00038465791102E-15,-3.2));
#7463=CARTESIAN_POINT('Origin',(-24.5,3.00038465791102E-15,-3.2));
#7464=CARTESIAN_POINT('',(-24.5,3.75,-3.2));
#7465=CARTESIAN_POINT('Origin',(-24.5,3.00038465791102E-15,-3.2));
#7466=CARTESIAN_POINT('',(-22.5,3.75,-3.2));
#7467=CARTESIAN_POINT('',(4.59242549680257E-16,3.75,-3.2));
#7468=CARTESIAN_POINT('',(-20.,6.25,-3.2));
#7469=CARTESIAN_POINT('Origin',(-22.5,6.25,-3.2));
#7470=CARTESIAN_POINT('',(-20.,-6.25,-3.2));
#7471=CARTESIAN_POINT('',(-20.,1.1875,-3.2));
#7472=CARTESIAN_POINT('',(-22.5,-3.75,-3.2));
#7473=CARTESIAN_POINT('Origin',(-22.5,-6.25,-3.2));
#7474=CARTESIAN_POINT('',(-4.59242549680257E-16,-3.75,-3.2));
#7475=CARTESIAN_POINT('Origin',(24.5,-3.00038465791102E-15,-5.6));
#7476=CARTESIAN_POINT('',(28.25,-3.00038465791102E-15,-5.6));
#7477=CARTESIAN_POINT('Origin',(24.5,-3.00038465791102E-15,-5.6));
#7478=CARTESIAN_POINT('Origin',(-16.,25.55,-1.6));
#7479=CARTESIAN_POINT('',(-16.,23.05,-3.2));
#7480=CARTESIAN_POINT('',(-13.5,25.55,-3.2));
#7481=CARTESIAN_POINT('Origin',(-16.,25.55,-3.2));
#7482=CARTESIAN_POINT('',(-16.,23.05,-2.9));
#7483=CARTESIAN_POINT('',(-13.5,25.55,-1.6));
#7484=CARTESIAN_POINT('Origin',(2.82281087203465E-15,23.05,-2.9));
#7485=CARTESIAN_POINT('',(16.,23.05,-3.2));
#7486=CARTESIAN_POINT('',(2.82281087203465E-15,23.05,-3.2));
#7487=CARTESIAN_POINT('',(16.,23.05,-5.8));
#7488=CARTESIAN_POINT('',(16.,23.05,-2.9));
#7489=CARTESIAN_POINT('',(-16.,23.05,-5.8));
#7490=CARTESIAN_POINT('',(2.82281087203465E-15,23.05,-5.8));
#7491=CARTESIAN_POINT('',(-16.,23.05,-2.9));
#7492=CARTESIAN_POINT('Origin',(3.12897257182149E-15,25.55,-3.2));
#7493=CARTESIAN_POINT('',(-13.5,27.05,-3.2));
#7494=CARTESIAN_POINT('',(-13.5,25.55,-3.2));
#7495=CARTESIAN_POINT('',(-10.5,30.05,-3.2));
#7496=CARTESIAN_POINT('Origin',(-10.5,27.05,-3.2));
#7497=CARTESIAN_POINT('',(10.5,30.05,-3.2));
#7498=CARTESIAN_POINT('',(3.6800636314378E-15,30.05,-3.2));
#7499=CARTESIAN_POINT('',(13.5,27.05,-3.2));
#7500=CARTESIAN_POINT('Origin',(10.5,27.05,-3.2));
#7501=CARTESIAN_POINT('',(13.5,25.55,-3.2));
#7502=CARTESIAN_POINT('',(13.5,24.05,-3.2));
#7503=CARTESIAN_POINT('Origin',(16.,25.55,-3.2));
#7504=CARTESIAN_POINT('Origin',(-13.5,25.55,-1.6));
#7505=CARTESIAN_POINT('',(-13.5,27.05,-1.6));
#7506=CARTESIAN_POINT('Origin',(16.,25.55,-1.6));
#7507=CARTESIAN_POINT('',(13.5,25.55,-1.6));
#7508=CARTESIAN_POINT('',(16.,23.05,-2.9));
#7509=CARTESIAN_POINT('Origin',(13.5,25.55,-1.6));
#7510=CARTESIAN_POINT('',(13.5,27.05,-1.6));
#7511=CARTESIAN_POINT('Origin',(-10.5,27.05,-1.6));
#7512=CARTESIAN_POINT('',(-10.5,30.05,-1.6));
#7513=CARTESIAN_POINT('Origin',(10.5,27.05,-1.6));
#7514=CARTESIAN_POINT('',(10.5,30.05,-1.6));
#7515=CARTESIAN_POINT('Origin',(3.6800636314378E-15,30.05,-1.6));
#7516=CARTESIAN_POINT('Origin',(-22.5,-6.25,-1.6));
#7517=CARTESIAN_POINT('',(-20.,-6.25,-1.6));
#7518=CARTESIAN_POINT('',(-22.5,-3.75,-1.6));
#7519=CARTESIAN_POINT('Origin',(-4.59242549680257E-16,-3.75,-1.6));
#7520=CARTESIAN_POINT('',(-24.5,-3.75,-1.6));
#7521=CARTESIAN_POINT('Origin',(-22.5,6.25,-1.6));
#7522=CARTESIAN_POINT('',(-22.5,3.75,-1.6));
#7523=CARTESIAN_POINT('',(-20.,6.25,-1.6));
#7524=CARTESIAN_POINT('Origin',(-20.,2.375,-2.9));
#7525=CARTESIAN_POINT('',(-20.,19.05,-5.8));
#7526=CARTESIAN_POINT('',(-20.,19.05,-2.9));
#7527=CARTESIAN_POINT('',(-20.,-14.3,-5.8));
#7528=CARTESIAN_POINT('',(-20.,2.375,-5.8));
#7529=CARTESIAN_POINT('',(-20.,-14.3,-2.9));
#7530=CARTESIAN_POINT('Origin',(22.5,-6.25,-1.6));
#7531=CARTESIAN_POINT('',(22.5,-3.75,-3.2));
#7532=CARTESIAN_POINT('',(20.,-6.25,-3.2));
#7533=CARTESIAN_POINT('Origin',(22.5,-6.25,-3.2));
#7534=CARTESIAN_POINT('',(22.5,-3.75,-1.6));
#7535=CARTESIAN_POINT('',(20.,-6.25,-1.6));
#7536=CARTESIAN_POINT('Origin',(20.,2.375,-2.9));
#7537=CARTESIAN_POINT('',(20.,6.25,-3.2));
#7538=CARTESIAN_POINT('',(20.,1.1875,-3.2));
#7539=CARTESIAN_POINT('',(20.,-14.3,-5.8));
#7540=CARTESIAN_POINT('',(20.,-14.3,-2.9));
#7541=CARTESIAN_POINT('',(20.,19.05,-5.8));
#7542=CARTESIAN_POINT('',(20.,2.375,-5.8));
#7543=CARTESIAN_POINT('',(20.,19.05,-2.9));
#7544=CARTESIAN_POINT('',(20.,6.25,-1.6));
#7545=CARTESIAN_POINT('Origin',(22.5,6.25,-1.6));
#7546=CARTESIAN_POINT('',(22.5,3.75,-3.2));
#7547=CARTESIAN_POINT('Origin',(22.5,6.25,-3.2));
#7548=CARTESIAN_POINT('',(22.5,3.75,-1.6));
#7549=CARTESIAN_POINT('Origin',(0.,0.,-3.2));
#7550=CARTESIAN_POINT('',(24.5,3.75,-3.2));
#7551=CARTESIAN_POINT('',(24.5,-3.75,-3.2));
#7552=CARTESIAN_POINT('Origin',(24.5,-3.00038465791102E-15,-3.2));
#7553=CARTESIAN_POINT('',(-4.59242549680257E-16,-3.75,-3.2));
#7554=CARTESIAN_POINT('',(4.59242549680257E-16,3.75,-3.2));
#7555=CARTESIAN_POINT('Origin',(4.59242549680257E-16,3.75,-1.6));
#7556=CARTESIAN_POINT('',(24.5,3.75,-1.6));
#7557=CARTESIAN_POINT('Origin',(4.59242549680257E-16,3.75,-1.6));
#7558=CARTESIAN_POINT('',(-24.5,3.75,-1.6));
#7559=CARTESIAN_POINT('Origin',(-24.5,3.00038465791102E-15,-1.6));
#7560=CARTESIAN_POINT('',(-20.75,3.00038465791102E-15,-1.6));
#7561=CARTESIAN_POINT('Origin',(24.5,-3.00038465791102E-15,-1.6));
#7562=CARTESIAN_POINT('',(24.5,-3.75,-1.6));
#7563=CARTESIAN_POINT('',(28.25,-3.00038465791102E-15,-1.6));
#7564=CARTESIAN_POINT('Origin',(-4.59242549680257E-16,-3.75,-1.6));
#7565=CARTESIAN_POINT('Origin',(-16.,-14.3,-2.9));
#7566=CARTESIAN_POINT('',(-16.,-18.3,-5.8));
#7567=CARTESIAN_POINT('Origin',(-16.,-14.3,-5.8));
#7568=CARTESIAN_POINT('',(-16.,-18.3,-2.9));
#7569=CARTESIAN_POINT('Origin',(-16.,19.05,-2.9));
#7570=CARTESIAN_POINT('Origin',(-16.,19.05,-5.8));
#7571=CARTESIAN_POINT('Origin',(16.,-14.3,-2.9));
#7572=CARTESIAN_POINT('',(16.,-18.3,-5.8));
#7573=CARTESIAN_POINT('',(16.,-18.3,-2.9));
#7574=CARTESIAN_POINT('Origin',(16.,-14.3,-5.8));
#7575=CARTESIAN_POINT('Origin',(2.90853614797496E-16,2.375,-5.8));
#7576=CARTESIAN_POINT('Origin',(16.,19.05,-5.8));
#7577=CARTESIAN_POINT('',(-2.24110364243966E-15,-18.3,-5.8));
#7578=CARTESIAN_POINT('Origin',(16.,19.05,-2.9));
#7579=CARTESIAN_POINT('Origin',(-2.24110364243966E-15,-18.3,-2.9));
#7580=CARTESIAN_POINT('',(0.,0.,0.));
#7581=CARTESIAN_POINT('',(0.,0.,0.));
#7582=CARTESIAN_POINT('',(0.,0.,0.));
#7583=CARTESIAN_POINT('',(0.,0.,0.));
#7584=CARTESIAN_POINT('',(0.,0.,0.));
#7585=UNCERTAINTY_MEASURE_WITH_UNIT(LENGTH_MEASURE(0.01),#7599,
'DISTANCE_ACCURACY_VALUE',
'Maximum model space distance between geometric entities at asserted c
onnectivities');
#7586=UNCERTAINTY_MEASURE_WITH_UNIT(LENGTH_MEASURE(0.01),#7599,
'DISTANCE_ACCURACY_VALUE',
'Maximum model space distance between geometric entities at asserted c
onnectivities');
#7587=UNCERTAINTY_MEASURE_WITH_UNIT(LENGTH_MEASURE(0.01),#7599,
'DISTANCE_ACCURACY_VALUE',
'Maximum model space distance between geometric entities at asserted c
onnectivities');
#7588=UNCERTAINTY_MEASURE_WITH_UNIT(LENGTH_MEASURE(0.01),#7599,
'DISTANCE_ACCURACY_VALUE',
'Maximum model space distance between geometric entities at asserted c
onnectivities');
#7589=UNCERTAINTY_MEASURE_WITH_UNIT(LENGTH_MEASURE(0.01),#7599,
'DISTANCE_ACCURACY_VALUE',
'Maximum model space distance between geometric entities at asserted c
onnectivities');
#7590=UNCERTAINTY_MEASURE_WITH_UNIT(LENGTH_MEASURE(0.01),#7599,
'DISTANCE_ACCURACY_VALUE',
'Maximum model space distance between geometric entities at asserted c
onnectivities');
#7591=UNCERTAINTY_MEASURE_WITH_UNIT(LENGTH_MEASURE(0.01),#7599,
'DISTANCE_ACCURACY_VALUE',
'Maximum model space distance between geometric entities at asserted c
onnectivities');
#7592=(
GEOMETRIC_REPRESENTATION_CONTEXT(3)
GLOBAL_UNCERTAINTY_ASSIGNED_CONTEXT((#7585))
GLOBAL_UNIT_ASSIGNED_CONTEXT((#7599,#7601,#7602))
REPRESENTATION_CONTEXT('','3D')
);
#7593=(
GEOMETRIC_REPRESENTATION_CONTEXT(3)
GLOBAL_UNCERTAINTY_ASSIGNED_CONTEXT((#7586))
GLOBAL_UNIT_ASSIGNED_CONTEXT((#7599,#7601,#7602))
REPRESENTATION_CONTEXT('','3D')
);
#7594=(
GEOMETRIC_REPRESENTATION_CONTEXT(3)
GLOBAL_UNCERTAINTY_ASSIGNED_CONTEXT((#7587))
GLOBAL_UNIT_ASSIGNED_CONTEXT((#7599,#7601,#7602))
REPRESENTATION_CONTEXT('','3D')
);
#7595=(
GEOMETRIC_REPRESENTATION_CONTEXT(3)
GLOBAL_UNCERTAINTY_ASSIGNED_CONTEXT((#7588))
GLOBAL_UNIT_ASSIGNED_CONTEXT((#7599,#7601,#7602))
REPRESENTATION_CONTEXT('','3D')
);
#7596=(
GEOMETRIC_REPRESENTATION_CONTEXT(3)
GLOBAL_UNCERTAINTY_ASSIGNED_CONTEXT((#7589))
GLOBAL_UNIT_ASSIGNED_CONTEXT((#7599,#7601,#7602))
REPRESENTATION_CONTEXT('','3D')
);
#7597=(
GEOMETRIC_REPRESENTATION_CONTEXT(3)
GLOBAL_UNCERTAINTY_ASSIGNED_CONTEXT((#7590))
GLOBAL_UNIT_ASSIGNED_CONTEXT((#7599,#7601,#7602))
REPRESENTATION_CONTEXT('','3D')
);
#7598=(
GEOMETRIC_REPRESENTATION_CONTEXT(3)
GLOBAL_UNCERTAINTY_ASSIGNED_CONTEXT((#7591))
GLOBAL_UNIT_ASSIGNED_CONTEXT((#7599,#7601,#7602))
REPRESENTATION_CONTEXT('','3D')
);
#7599=(
LENGTH_UNIT()
NAMED_UNIT(*)
SI_UNIT(.MILLI.,.METRE.)
);
#7600=(
LENGTH_UNIT()
NAMED_UNIT(*)
SI_UNIT($,.METRE.)
);
#7601=(
NAMED_UNIT(*)
PLANE_ANGLE_UNIT()
SI_UNIT($,.RADIAN.)
);
#7602=(
NAMED_UNIT(*)
SI_UNIT($,.STERADIAN.)
SOLID_ANGLE_UNIT()
);
#7603=SHAPE_DEFINITION_REPRESENTATION(#7609,#7620);
#7604=SHAPE_DEFINITION_REPRESENTATION(#7610,#7621);
#7605=SHAPE_DEFINITION_REPRESENTATION(#7611,#7622);
#7606=SHAPE_DEFINITION_REPRESENTATION(#7612,#7623);
#7607=SHAPE_DEFINITION_REPRESENTATION(#7613,#7624);
#7608=SHAPE_DEFINITION_REPRESENTATION(#7614,#7625);
#7609=PRODUCT_DEFINITION_SHAPE('',$,#7627);
#7610=PRODUCT_DEFINITION_SHAPE('',$,#7628);
#7611=PRODUCT_DEFINITION_SHAPE('',$,#7629);
#7612=PRODUCT_DEFINITION_SHAPE('',$,#7630);
#7613=PRODUCT_DEFINITION_SHAPE('',$,#7631);
#7614=PRODUCT_DEFINITION_SHAPE('',$,#7632);
#7615=PRODUCT_DEFINITION_SHAPE($,$,#26);
#7616=PRODUCT_DEFINITION_SHAPE($,$,#27);
#7617=PRODUCT_DEFINITION_SHAPE($,$,#28);
#7618=PRODUCT_DEFINITION_SHAPE($,$,#29);
#7619=PRODUCT_DEFINITION_SHAPE($,$,#30);
#7620=SHAPE_REPRESENTATION('',(#4529,#4963),#7592);
#7621=SHAPE_REPRESENTATION('',(#4530,#4959,#4960,#4961,#4962),#7593);
#7622=SHAPE_REPRESENTATION('',(#4531),#7594);
#7623=SHAPE_REPRESENTATION('',(#4548),#7595);
#7624=SHAPE_REPRESENTATION('',(#4667),#7596);
#7625=SHAPE_REPRESENTATION('',(#4744),#7597);
#7626=PRODUCT_DEFINITION_CONTEXT('part definition',#7646,'design');
#7627=PRODUCT_DEFINITION('(Unsaved)','(Unsaved)',#7633,#7626);
#7628=PRODUCT_DEFINITION('Decca_Display_Mount','Decca_Display_Mount',#7634,
#7626);
#7629=PRODUCT_DEFINITION('REF_Decca_Panel','REF_Decca_Panel',#7635,#7626);
#7630=PRODUCT_DEFINITION('Front_Bezel','Front_Bezel',#7636,#7626);
#7631=PRODUCT_DEFINITION('REF_SH1106_1P3','REF_SH1106_1P3',#7637,#7626);
#7632=PRODUCT_DEFINITION('Rear_Display_Carrier','Rear_Display_Carrier',
#7638,#7626);
#7633=PRODUCT_DEFINITION_FORMATION('',$,#7648);
#7634=PRODUCT_DEFINITION_FORMATION('',$,#7649);
#7635=PRODUCT_DEFINITION_FORMATION('',$,#7650);
#7636=PRODUCT_DEFINITION_FORMATION('',$,#7651);
#7637=PRODUCT_DEFINITION_FORMATION('',$,#7652);
#7638=PRODUCT_DEFINITION_FORMATION('',$,#7653);
#7639=PRODUCT_RELATED_PRODUCT_CATEGORY('(Unsaved)','(Unsaved)',(#7648));
#7640=PRODUCT_RELATED_PRODUCT_CATEGORY('Decca_Display_Mount',
'Decca_Display_Mount',(#7649));
#7641=PRODUCT_RELATED_PRODUCT_CATEGORY('REF_Decca_Panel',
'REF_Decca_Panel',(#7650));
#7642=PRODUCT_RELATED_PRODUCT_CATEGORY('Front_Bezel','Front_Bezel',(#7651));
#7643=PRODUCT_RELATED_PRODUCT_CATEGORY('REF_SH1106_1P3',
'REF_SH1106_1P3',(#7652));
#7644=PRODUCT_RELATED_PRODUCT_CATEGORY('Rear_Display_Carrier',
'Rear_Display_Carrier',(#7653));
#7645=APPLICATION_PROTOCOL_DEFINITION('international standard',
'automotive_design',2009,#7646);
#7646=APPLICATION_CONTEXT(
'Core Data for Automotive Mechanical Design Process');
#7647=PRODUCT_CONTEXT('part definition',#7646,'mechanical');
#7648=PRODUCT('(Unsaved)','(Unsaved)',$,(#7647));
#7649=PRODUCT('Decca_Display_Mount','Decca_Display_Mount',$,(#7647));
#7650=PRODUCT('REF_Decca_Panel','REF_Decca_Panel',$,(#7647));
#7651=PRODUCT('Front_Bezel','Front_Bezel',$,(#7647));
#7652=PRODUCT('REF_SH1106_1P3','REF_SH1106_1P3',$,(#7647));
#7653=PRODUCT('Rear_Display_Carrier','Rear_Display_Carrier',$,(#7647));
#7654=PRESENTATION_STYLE_ASSIGNMENT((#7659));
#7655=PRESENTATION_STYLE_ASSIGNMENT((#7660));
#7656=PRESENTATION_STYLE_ASSIGNMENT((#7661));
#7657=PRESENTATION_STYLE_ASSIGNMENT((#7662));
#7658=PRESENTATION_STYLE_ASSIGNMENT((#7663));
#7659=SURFACE_STYLE_USAGE(.BOTH.,#7664);
#7660=SURFACE_STYLE_USAGE(.BOTH.,#7665);
#7661=SURFACE_STYLE_USAGE(.BOTH.,#7666);
#7662=SURFACE_STYLE_USAGE(.BOTH.,#7667);
#7663=SURFACE_STYLE_USAGE(.BOTH.,#7668);
#7664=SURFACE_SIDE_STYLE('',(#7669));
#7665=SURFACE_SIDE_STYLE('',(#7670));
#7666=SURFACE_SIDE_STYLE('',(#7671));
#7667=SURFACE_SIDE_STYLE('',(#7672));
#7668=SURFACE_SIDE_STYLE('',(#7673));
#7669=SURFACE_STYLE_FILL_AREA(#7674);
#7670=SURFACE_STYLE_FILL_AREA(#7675);
#7671=SURFACE_STYLE_FILL_AREA(#7676);
#7672=SURFACE_STYLE_FILL_AREA(#7677);
#7673=SURFACE_STYLE_FILL_AREA(#7678);
#7674=FILL_AREA_STYLE('Steel - Satin',(#7679));
#7675=FILL_AREA_STYLE('Plastic - Matte (Blue)',(#7680));
#7676=FILL_AREA_STYLE('Paint - Enamel Glossy (Black)',(#7681));
#7677=FILL_AREA_STYLE('Plastic - Matte (White)',(#7682));
#7678=FILL_AREA_STYLE('Plastic - Matte (Black)',(#7683));
#7679=FILL_AREA_STYLE_COLOUR('Steel - Satin',#7684);
#7680=FILL_AREA_STYLE_COLOUR('Plastic - Matte (Blue)',#7685);
#7681=FILL_AREA_STYLE_COLOUR('Paint - Enamel Glossy (Black)',#7686);
#7682=FILL_AREA_STYLE_COLOUR('Plastic - Matte (White)',#7687);
#7683=FILL_AREA_STYLE_COLOUR('Plastic - Matte (Black)',#7688);
#7684=COLOUR_RGB('Steel - Satin',0.627450980392157,0.627450980392157,0.627450980392157);
#7685=COLOUR_RGB('Plastic - Matte (Blue)',0.188235294117647,0.231372549019608,
0.588235294117647);
#7686=COLOUR_RGB('Paint - Enamel Glossy (Black)',0.0980392156862745,0.0980392156862745,
0.0980392156862745);
#7687=COLOUR_RGB('Plastic - Matte (White)',0.964705882352941,0.964705882352941,
0.952941176470588);
#7688=COLOUR_RGB('Plastic - Matte (Black)',0.0980392156862745,0.0980392156862745,
0.0980392156862745);
ENDSEC;
END-ISO-10303-21;
