ISO-10303-21;
HEADER;
/* Generated by software containing ST-Developer
 * from STEP Tools, Inc. (www.steptools.com) 
 */

FILE_DESCRIPTION(
/* description */ (''),
/* implementation_level */ '2;1');

FILE_NAME(
/* name */ 'Decca_Display_Mount_assembly.step',
/* time_stamp */ '2026-08-28T10:39:28+01:00',
/* author */ (''),
/* organization */ (''),
/* preprocessor_version */ 'ST-DEVELOPER v20.1',
/* originating_system */ 'Autodesk Translation Framework v15.8.0.0',
/* authorisation */ '');

FILE_SCHEMA (('AUTOMOTIVE_DESIGN { 1 0 10303 214 3 1 1 }'));
ENDSEC;

DATA;
#10=MECHANICAL_DESIGN_GEOMETRIC_PRESENTATION_REPRESENTATION('',(#81,#82,
#83,#84,#85,#86,#87,#88,#89,#90,#91,#92,#93,#94,#95),#7852);
#11=ITEM_DEFINED_TRANSFORMATION($,$,#4693,#5128);
#12=ITEM_DEFINED_TRANSFORMATION($,$,#4710,#5129);
#13=ITEM_DEFINED_TRANSFORMATION($,$,#4829,#5130);
#14=ITEM_DEFINED_TRANSFORMATION($,$,#4906,#5131);
#15=ITEM_DEFINED_TRANSFORMATION($,$,#4692,#5132);
#16=(
REPRESENTATION_RELATIONSHIP($,$,#7876,#7875)
REPRESENTATION_RELATIONSHIP_WITH_TRANSFORMATION(#11)
SHAPE_REPRESENTATION_RELATIONSHIP()
);
#17=(
REPRESENTATION_RELATIONSHIP($,$,#7877,#7875)
REPRESENTATION_RELATIONSHIP_WITH_TRANSFORMATION(#12)
SHAPE_REPRESENTATION_RELATIONSHIP()
);
#18=(
REPRESENTATION_RELATIONSHIP($,$,#7878,#7875)
REPRESENTATION_RELATIONSHIP_WITH_TRANSFORMATION(#13)
SHAPE_REPRESENTATION_RELATIONSHIP()
);
#19=(
REPRESENTATION_RELATIONSHIP($,$,#7879,#7875)
REPRESENTATION_RELATIONSHIP_WITH_TRANSFORMATION(#14)
SHAPE_REPRESENTATION_RELATIONSHIP()
);
#20=(
REPRESENTATION_RELATIONSHIP($,$,#7875,#7874)
REPRESENTATION_RELATIONSHIP_WITH_TRANSFORMATION(#15)
SHAPE_REPRESENTATION_RELATIONSHIP()
);
#21=CONTEXT_DEPENDENT_SHAPE_REPRESENTATION(#16,#7869);
#22=CONTEXT_DEPENDENT_SHAPE_REPRESENTATION(#17,#7870);
#23=CONTEXT_DEPENDENT_SHAPE_REPRESENTATION(#18,#7871);
#24=CONTEXT_DEPENDENT_SHAPE_REPRESENTATION(#19,#7872);
#25=CONTEXT_DEPENDENT_SHAPE_REPRESENTATION(#20,#7873);
#26=NEXT_ASSEMBLY_USAGE_OCCURRENCE('REF_Decca_Panel:1',
'REF_Decca_Panel:1','REF_Decca_Panel:1',#7882,#7883,'REF_Decca_Panel:1');
#27=NEXT_ASSEMBLY_USAGE_OCCURRENCE('Front_Bezel:1','Front_Bezel:1',
'Front_Bezel:1',#7882,#7884,'Front_Bezel:1');
#28=NEXT_ASSEMBLY_USAGE_OCCURRENCE('REF_SH1106_1P3:1',
'REF_SH1106_1P3:1','REF_SH1106_1P3:1',#7882,#7885,'REF_SH1106_1P3:1');
#29=NEXT_ASSEMBLY_USAGE_OCCURRENCE('Rear_Display_Carrier:1',
'Rear_Display_Carrier:1','Rear_Display_Carrier:1',#7882,#7886,
'Rear_Display_Carrier:1');
#30=NEXT_ASSEMBLY_USAGE_OCCURRENCE('Decca_Display_Mount:1',
'Decca_Display_Mount:1','Decca_Display_Mount:1',#7881,#7882,
'Decca_Display_Mount:1');
#31=(
BOUNDED_CURVE()
B_SPLINE_CURVE(2,(#7265,#7266,#7267),.UNSPECIFIED.,.F.,.F.)
B_SPLINE_CURVE_WITH_KNOTS((3,3),(0.,0.0574278358885043),.UNSPECIFIED.)
CURVE()
GEOMETRIC_REPRESENTATION_ITEM()
RATIONAL_B_SPLINE_CURVE((1.,1.00424635498191,1.))
REPRESENTATION_ITEM('')
);
#32=(
BOUNDED_CURVE()
B_SPLINE_CURVE(2,(#7269,#7270,#7271),.UNSPECIFIED.,.F.,.F.)
B_SPLINE_CURVE_WITH_KNOTS((3,3),(0.,0.129626494221697),.UNSPECIFIED.)
CURVE()
GEOMETRIC_REPRESENTATION_ITEM()
RATIONAL_B_SPLINE_CURVE((1.,1.01486072544904,1.))
REPRESENTATION_ITEM('')
);
#33=(
BOUNDED_CURVE()
B_SPLINE_CURVE(2,(#7275,#7276,#7277),.UNSPECIFIED.,.F.,.F.)
B_SPLINE_CURVE_WITH_KNOTS((3,3),(0.,0.129626494221697),.UNSPECIFIED.)
CURVE()
GEOMETRIC_REPRESENTATION_ITEM()
RATIONAL_B_SPLINE_CURVE((1.,1.01486072544904,1.))
REPRESENTATION_ITEM('')
);
#34=(
BOUNDED_CURVE()
B_SPLINE_CURVE(2,(#7279,#7280,#7281),.UNSPECIFIED.,.F.,.F.)
B_SPLINE_CURVE_WITH_KNOTS((3,3),(0.,0.0574278358885043),.UNSPECIFIED.)
CURVE()
GEOMETRIC_REPRESENTATION_ITEM()
RATIONAL_B_SPLINE_CURVE((1.,1.00424635498191,1.))
REPRESENTATION_ITEM('')
);
#35=(
BOUNDED_CURVE()
B_SPLINE_CURVE(2,(#7299,#7300,#7301),.UNSPECIFIED.,.F.,.F.)
B_SPLINE_CURVE_WITH_KNOTS((3,3),(0.,0.0574278358885043),.UNSPECIFIED.)
CURVE()
GEOMETRIC_REPRESENTATION_ITEM()
RATIONAL_B_SPLINE_CURVE((1.,1.00424635498191,1.))
REPRESENTATION_ITEM('')
);
#36=(
BOUNDED_CURVE()
B_SPLINE_CURVE(2,(#7303,#7304,#7305),.UNSPECIFIED.,.F.,.F.)
B_SPLINE_CURVE_WITH_KNOTS((3,3),(0.,0.129626494221697),.UNSPECIFIED.)
CURVE()
GEOMETRIC_REPRESENTATION_ITEM()
RATIONAL_B_SPLINE_CURVE((1.,1.01486072544904,1.))
REPRESENTATION_ITEM('')
);
#37=(
BOUNDED_CURVE()
B_SPLINE_CURVE(2,(#7309,#7310,#7311),.UNSPECIFIED.,.F.,.F.)
B_SPLINE_CURVE_WITH_KNOTS((3,3),(0.,0.129626494221697),.UNSPECIFIED.)
CURVE()
GEOMETRIC_REPRESENTATION_ITEM()
RATIONAL_B_SPLINE_CURVE((1.,1.01486072544904,1.))
REPRESENTATION_ITEM('')
);
#38=(
BOUNDED_CURVE()
B_SPLINE_CURVE(2,(#7313,#7314,#7315),.UNSPECIFIED.,.F.,.F.)
B_SPLINE_CURVE_WITH_KNOTS((3,3),(0.,0.0574278358885043),.UNSPECIFIED.)
CURVE()
GEOMETRIC_REPRESENTATION_ITEM()
RATIONAL_B_SPLINE_CURVE((1.,1.00424635498191,1.))
REPRESENTATION_ITEM('')
);
#39=(
BOUNDED_CURVE()
B_SPLINE_CURVE(2,(#7360,#7361,#7362),.UNSPECIFIED.,.F.,.F.)
B_SPLINE_CURVE_WITH_KNOTS((3,3),(0.,0.0574278358885043),.UNSPECIFIED.)
CURVE()
GEOMETRIC_REPRESENTATION_ITEM()
RATIONAL_B_SPLINE_CURVE((1.,1.00424635498191,1.))
REPRESENTATION_ITEM('')
);
#40=(
BOUNDED_CURVE()
B_SPLINE_CURVE(2,(#7364,#7365,#7366),.UNSPECIFIED.,.F.,.F.)
B_SPLINE_CURVE_WITH_KNOTS((3,3),(0.,0.129626494221697),.UNSPECIFIED.)
CURVE()
GEOMETRIC_REPRESENTATION_ITEM()
RATIONAL_B_SPLINE_CURVE((1.,1.01486072544904,1.))
REPRESENTATION_ITEM('')
);
#41=(
BOUNDED_CURVE()
B_SPLINE_CURVE(2,(#7370,#7371,#7372),.UNSPECIFIED.,.F.,.F.)
B_SPLINE_CURVE_WITH_KNOTS((3,3),(0.,0.129626494221697),.UNSPECIFIED.)
CURVE()
GEOMETRIC_REPRESENTATION_ITEM()
RATIONAL_B_SPLINE_CURVE((1.,1.01486072544904,1.))
REPRESENTATION_ITEM('')
);
#42=(
BOUNDED_CURVE()
B_SPLINE_CURVE(2,(#7374,#7375,#7376),.UNSPECIFIED.,.F.,.F.)
B_SPLINE_CURVE_WITH_KNOTS((3,3),(0.,0.0574278358885043),.UNSPECIFIED.)
CURVE()
GEOMETRIC_REPRESENTATION_ITEM()
RATIONAL_B_SPLINE_CURVE((1.,1.00424635498191,1.))
REPRESENTATION_ITEM('')
);
#43=(
BOUNDED_CURVE()
B_SPLINE_CURVE(2,(#7394,#7395,#7396),.UNSPECIFIED.,.F.,.F.)
B_SPLINE_CURVE_WITH_KNOTS((3,3),(0.,0.0574278358885043),.UNSPECIFIED.)
CURVE()
GEOMETRIC_REPRESENTATION_ITEM()
RATIONAL_B_SPLINE_CURVE((1.,1.00424635498191,1.))
REPRESENTATION_ITEM('')
);
#44=(
BOUNDED_CURVE()
B_SPLINE_CURVE(2,(#7398,#7399,#7400),.UNSPECIFIED.,.F.,.F.)
B_SPLINE_CURVE_WITH_KNOTS((3,3),(0.,0.129626494221697),.UNSPECIFIED.)
CURVE()
GEOMETRIC_REPRESENTATION_ITEM()
RATIONAL_B_SPLINE_CURVE((1.,1.01486072544904,1.))
REPRESENTATION_ITEM('')
);
#45=(
BOUNDED_CURVE()
B_SPLINE_CURVE(2,(#7404,#7405,#7406),.UNSPECIFIED.,.F.,.F.)
B_SPLINE_CURVE_WITH_KNOTS((3,3),(0.,0.129626494221697),.UNSPECIFIED.)
CURVE()
GEOMETRIC_REPRESENTATION_ITEM()
RATIONAL_B_SPLINE_CURVE((1.,1.01486072544904,1.))
REPRESENTATION_ITEM('')
);
#46=(
BOUNDED_CURVE()
B_SPLINE_CURVE(2,(#7408,#7409,#7410),.UNSPECIFIED.,.F.,.F.)
B_SPLINE_CURVE_WITH_KNOTS((3,3),(0.,0.0574278358885043),.UNSPECIFIED.)
CURVE()
GEOMETRIC_REPRESENTATION_ITEM()
RATIONAL_B_SPLINE_CURVE((1.,1.00424635498191,1.))
REPRESENTATION_ITEM('')
);
#47=CONICAL_SURFACE('',#4866,0.575,0.401870647440456);
#48=CONICAL_SURFACE('',#4871,0.575,0.401870647440456);
#49=CONICAL_SURFACE('',#4876,0.575,0.401870647440456);
#50=CONICAL_SURFACE('',#4881,0.575,0.401870647440456);
#51=CONICAL_SURFACE('',#4886,0.575,0.401870647440456);
#52=CONICAL_SURFACE('',#4891,0.575,0.401870647440456);
#53=CONICAL_SURFACE('',#4896,0.575,0.401870647440456);
#54=CONICAL_SURFACE('',#4901,0.575,0.401870647440456);
#55=CONICAL_SURFACE('',#4955,1.5375,0.502843210927861);
#56=CONICAL_SURFACE('',#4957,1.5375,0.502843210927861);
#57=CONICAL_SURFACE('',#4961,1.4375,0.376909270324821);
#58=CONICAL_SURFACE('',#4962,1.4375,0.376909270324821);
#59=CONICAL_SURFACE('',#4983,1.5375,0.502843210927861);
#60=CONICAL_SURFACE('',#4985,1.5375,0.502843210927861);
#61=CONICAL_SURFACE('',#4989,1.4375,0.376909270324821);
#62=CONICAL_SURFACE('',#4990,1.4375,0.376909270324821);
#63=CONICAL_SURFACE('',#4993,1.2,0.643501108793284);
#64=CONICAL_SURFACE('',#5002,1.2,0.643501108793284);
#65=TOROIDAL_SURFACE('',#4711,1.6,0.4);
#66=TOROIDAL_SURFACE('',#4718,1.6,0.4);
#67=TOROIDAL_SURFACE('',#4724,1.6,0.4);
#68=TOROIDAL_SURFACE('',#4730,1.6,0.4);
#69=TOROIDAL_SURFACE('',#4746,1.2,0.4);
#70=TOROIDAL_SURFACE('',#4752,1.2,0.4);
#71=TOROIDAL_SURFACE('',#4757,1.2,0.4);
#72=TOROIDAL_SURFACE('',#4762,1.2,0.4);
#73=SHAPE_REPRESENTATION_RELATIONSHIP('SRR','None',#7876,#77);
#74=SHAPE_REPRESENTATION_RELATIONSHIP('SRR','None',#7877,#78);
#75=SHAPE_REPRESENTATION_RELATIONSHIP('SRR','None',#7878,#79);
#76=SHAPE_REPRESENTATION_RELATIONSHIP('SRR','None',#7879,#80);
#77=ADVANCED_BREP_SHAPE_REPRESENTATION('',(#96),#7848);
#78=ADVANCED_BREP_SHAPE_REPRESENTATION('',(#97),#7849);
#79=ADVANCED_BREP_SHAPE_REPRESENTATION('',(#98,#99,#100,#101,#102,#103,
#104,#105,#106,#107,#108,#109),#7850);
#80=ADVANCED_BREP_SHAPE_REPRESENTATION('',(#110),#7851);
#81=STYLED_ITEM('',(#7908),#96);
#82=STYLED_ITEM('',(#7908),#97);
#83=STYLED_ITEM('',(#7909),#98);
#84=STYLED_ITEM('',(#7910),#99);
#85=STYLED_ITEM('',(#7911),#100);
#86=STYLED_ITEM('',(#7912),#101);
#87=STYLED_ITEM('',(#7908),#102);
#88=STYLED_ITEM('',(#7908),#103);
#89=STYLED_ITEM('',(#7908),#104);
#90=STYLED_ITEM('',(#7908),#105);
#91=STYLED_ITEM('',(#7908),#106);
#92=STYLED_ITEM('',(#7908),#107);
#93=STYLED_ITEM('',(#7908),#108);
#94=STYLED_ITEM('',(#7908),#109);
#95=STYLED_ITEM('',(#7912),#110);
#96=MANIFOLD_SOLID_BREP('PANEL_Perspex',#4631);
#97=MANIFOLD_SOLID_BREP('Front_Bezel',#4632);
#98=MANIFOLD_SOLID_BREP('OLED_PCB',#4633);
#99=MANIFOLD_SOLID_BREP('OLED_Glass',#4634);
#100=MANIFOLD_SOLID_BREP('OLED_ActiveArea',#4635);
#101=MANIFOLD_SOLID_BREP('OLED_Header_Keepout',#4636);
#102=MANIFOLD_SOLID_BREP('OLED_Solder_Tips_BothEnds',#4637);
#103=MANIFOLD_SOLID_BREP('OLED_Solder_Tips_BothEnds',#4638);
#104=MANIFOLD_SOLID_BREP('OLED_Solder_Tips_BothEnds',#4639);
#105=MANIFOLD_SOLID_BREP('OLED_Solder_Tips_BothEnds',#4640);
#106=MANIFOLD_SOLID_BREP('OLED_Solder_Tips_BothEnds',#4641);
#107=MANIFOLD_SOLID_BREP('OLED_Solder_Tips_BothEnds',#4642);
#108=MANIFOLD_SOLID_BREP('OLED_Solder_Tips_BothEnds',#4643);
#109=MANIFOLD_SOLID_BREP('OLED_Solder_Tips_BothEnds',#4644);
#110=MANIFOLD_SOLID_BREP('Rear_Display_Carrier',#4645);
#111=FACE_BOUND('',#591,.T.);
#112=FACE_BOUND('',#592,.T.);
#113=FACE_BOUND('',#593,.T.);
#114=FACE_BOUND('',#595,.T.);
#115=FACE_BOUND('',#596,.T.);
#116=FACE_BOUND('',#597,.T.);
#117=FACE_BOUND('',#615,.T.);
#118=FACE_BOUND('',#662,.T.);
#119=FACE_BOUND('',#663,.T.);
#120=FACE_BOUND('',#664,.T.);
#121=FACE_BOUND('',#665,.T.);
#122=FACE_BOUND('',#666,.T.);
#123=FACE_BOUND('',#675,.T.);
#124=FACE_BOUND('',#676,.T.);
#125=FACE_BOUND('',#677,.T.);
#126=FACE_BOUND('',#678,.T.);
#127=FACE_BOUND('',#680,.T.);
#128=FACE_BOUND('',#681,.T.);
#129=FACE_BOUND('',#682,.T.);
#130=FACE_BOUND('',#683,.T.);
#131=FACE_BOUND('',#798,.T.);
#132=FACE_BOUND('',#801,.T.);
#133=FACE_BOUND('',#805,.T.);
#134=FACE_BOUND('',#808,.T.);
#135=FACE_BOUND('',#812,.T.);
#136=FACE_BOUND('',#815,.T.);
#137=FACE_BOUND('',#828,.T.);
#138=FACE_BOUND('',#830,.T.);
#139=FACE_BOUND('',#834,.T.);
#140=FACE_BOUND('',#835,.T.);
#141=FACE_BOUND('',#836,.T.);
#142=FACE_BOUND('',#846,.T.);
#143=FACE_BOUND('',#849,.T.);
#144=FACE_BOUND('',#853,.T.);
#145=FACE_BOUND('',#854,.T.);
#146=FACE_BOUND('',#855,.T.);
#147=FACE_BOUND('',#856,.T.);
#148=PLANE('',#4700);
#149=PLANE('',#4701);
#150=PLANE('',#4702);
#151=PLANE('',#4703);
#152=PLANE('',#4704);
#153=PLANE('',#4705);
#154=PLANE('',#4706);
#155=PLANE('',#4707);
#156=PLANE('',#4708);
#157=PLANE('',#4709);
#158=PLANE('',#4735);
#159=PLANE('',#4738);
#160=PLANE('',#4741);
#161=PLANE('',#4766);
#162=PLANE('',#4769);
#163=PLANE('',#4772);
#164=PLANE('',#4773);
#165=PLANE('',#4774);
#166=PLANE('',#4775);
#167=PLANE('',#4776);
#168=PLANE('',#4777);
#169=PLANE('',#4778);
#170=PLANE('',#4779);
#171=PLANE('',#4780);
#172=PLANE('',#4781);
#173=PLANE('',#4791);
#174=PLANE('',#4795);
#175=PLANE('',#4796);
#176=PLANE('',#4797);
#177=PLANE('',#4798);
#178=PLANE('',#4808);
#179=PLANE('',#4812);
#180=PLANE('',#4813);
#181=PLANE('',#4814);
#182=PLANE('',#4815);
#183=PLANE('',#4820);
#184=PLANE('',#4821);
#185=PLANE('',#4824);
#186=PLANE('',#4827);
#187=PLANE('',#4828);
#188=PLANE('',#4842);
#189=PLANE('',#4843);
#190=PLANE('',#4844);
#191=PLANE('',#4845);
#192=PLANE('',#4846);
#193=PLANE('',#4847);
#194=PLANE('',#4848);
#195=PLANE('',#4849);
#196=PLANE('',#4850);
#197=PLANE('',#4851);
#198=PLANE('',#4852);
#199=PLANE('',#4853);
#200=PLANE('',#4854);
#201=PLANE('',#4855);
#202=PLANE('',#4856);
#203=PLANE('',#4857);
#204=PLANE('',#4858);
#205=PLANE('',#4859);
#206=PLANE('',#4860);
#207=PLANE('',#4861);
#208=PLANE('',#4862);
#209=PLANE('',#4863);
#210=PLANE('',#4864);
#211=PLANE('',#4865);
#212=PLANE('',#4869);
#213=PLANE('',#4870);
#214=PLANE('',#4874);
#215=PLANE('',#4875);
#216=PLANE('',#4879);
#217=PLANE('',#4880);
#218=PLANE('',#4884);
#219=PLANE('',#4885);
#220=PLANE('',#4889);
#221=PLANE('',#4890);
#222=PLANE('',#4894);
#223=PLANE('',#4895);
#224=PLANE('',#4899);
#225=PLANE('',#4900);
#226=PLANE('',#4904);
#227=PLANE('',#4905);
#228=PLANE('',#4907);
#229=PLANE('',#4908);
#230=PLANE('',#4909);
#231=PLANE('',#4910);
#232=PLANE('',#4911);
#233=PLANE('',#4912);
#234=PLANE('',#4913);
#235=PLANE('',#4914);
#236=PLANE('',#4915);
#237=PLANE('',#4916);
#238=PLANE('',#4917);
#239=PLANE('',#4918);
#240=PLANE('',#4919);
#241=PLANE('',#4920);
#242=PLANE('',#4921);
#243=PLANE('',#4922);
#244=PLANE('',#4923);
#245=PLANE('',#4924);
#246=PLANE('',#4925);
#247=PLANE('',#4926);
#248=PLANE('',#4927);
#249=PLANE('',#4928);
#250=PLANE('',#4929);
#251=PLANE('',#4930);
#252=PLANE('',#4931);
#253=PLANE('',#4932);
#254=PLANE('',#4933);
#255=PLANE('',#4934);
#256=PLANE('',#4935);
#257=PLANE('',#4936);
#258=PLANE('',#4937);
#259=PLANE('',#4938);
#260=PLANE('',#4941);
#261=PLANE('',#4947);
#262=PLANE('',#4949);
#263=PLANE('',#4959);
#264=PLANE('',#4964);
#265=PLANE('',#4965);
#266=PLANE('',#4966);
#267=PLANE('',#4969);
#268=PLANE('',#4975);
#269=PLANE('',#4977);
#270=PLANE('',#4987);
#271=PLANE('',#4992);
#272=PLANE('',#4996);
#273=PLANE('',#5001);
#274=PLANE('',#5005);
#275=PLANE('',#5010);
#276=PLANE('',#5014);
#277=PLANE('',#5018);
#278=PLANE('',#5025);
#279=PLANE('',#5029);
#280=PLANE('',#5036);
#281=PLANE('',#5040);
#282=PLANE('',#5041);
#283=PLANE('',#5042);
#284=PLANE('',#5043);
#285=PLANE('',#5044);
#286=PLANE('',#5045);
#287=PLANE('',#5048);
#288=PLANE('',#5049);
#289=PLANE('',#5050);
#290=PLANE('',#5051);
#291=PLANE('',#5052);
#292=PLANE('',#5053);
#293=PLANE('',#5054);
#294=PLANE('',#5055);
#295=PLANE('',#5056);
#296=PLANE('',#5057);
#297=PLANE('',#5058);
#298=PLANE('',#5074);
#299=PLANE('',#5075);
#300=PLANE('',#5076);
#301=PLANE('',#5077);
#302=PLANE('',#5078);
#303=PLANE('',#5079);
#304=PLANE('',#5080);
#305=PLANE('',#5081);
#306=PLANE('',#5082);
#307=PLANE('',#5084);
#308=PLANE('',#5089);
#309=PLANE('',#5093);
#310=PLANE('',#5094);
#311=PLANE('',#5098);
#312=PLANE('',#5100);
#313=PLANE('',#5103);
#314=PLANE('',#5105);
#315=PLANE('',#5107);
#316=PLANE('',#5110);
#317=PLANE('',#5113);
#318=PLANE('',#5115);
#319=PLANE('',#5116);
#320=PLANE('',#5119);
#321=PLANE('',#5124);
#322=PLANE('',#5127);
#323=FACE_OUTER_BOUND('',#584,.T.);
#324=FACE_OUTER_BOUND('',#585,.T.);
#325=FACE_OUTER_BOUND('',#586,.T.);
#326=FACE_OUTER_BOUND('',#587,.T.);
#327=FACE_OUTER_BOUND('',#588,.T.);
#328=FACE_OUTER_BOUND('',#589,.T.);
#329=FACE_OUTER_BOUND('',#590,.T.);
#330=FACE_OUTER_BOUND('',#594,.T.);
#331=FACE_OUTER_BOUND('',#598,.T.);
#332=FACE_OUTER_BOUND('',#599,.T.);
#333=FACE_OUTER_BOUND('',#600,.T.);
#334=FACE_OUTER_BOUND('',#601,.T.);
#335=FACE_OUTER_BOUND('',#602,.T.);
#336=FACE_OUTER_BOUND('',#603,.T.);
#337=FACE_OUTER_BOUND('',#604,.T.);
#338=FACE_OUTER_BOUND('',#605,.T.);
#339=FACE_OUTER_BOUND('',#606,.T.);
#340=FACE_OUTER_BOUND('',#607,.T.);
#341=FACE_OUTER_BOUND('',#608,.T.);
#342=FACE_OUTER_BOUND('',#609,.T.);
#343=FACE_OUTER_BOUND('',#610,.T.);
#344=FACE_OUTER_BOUND('',#611,.T.);
#345=FACE_OUTER_BOUND('',#612,.T.);
#346=FACE_OUTER_BOUND('',#613,.T.);
#347=FACE_OUTER_BOUND('',#614,.T.);
#348=FACE_OUTER_BOUND('',#616,.T.);
#349=FACE_OUTER_BOUND('',#617,.T.);
#350=FACE_OUTER_BOUND('',#618,.T.);
#351=FACE_OUTER_BOUND('',#619,.T.);
#352=FACE_OUTER_BOUND('',#620,.T.);
#353=FACE_OUTER_BOUND('',#621,.T.);
#354=FACE_OUTER_BOUND('',#622,.T.);
#355=FACE_OUTER_BOUND('',#623,.T.);
#356=FACE_OUTER_BOUND('',#624,.T.);
#357=FACE_OUTER_BOUND('',#625,.T.);
#358=FACE_OUTER_BOUND('',#626,.T.);
#359=FACE_OUTER_BOUND('',#627,.T.);
#360=FACE_OUTER_BOUND('',#628,.T.);
#361=FACE_OUTER_BOUND('',#629,.T.);
#362=FACE_OUTER_BOUND('',#630,.T.);
#363=FACE_OUTER_BOUND('',#631,.T.);
#364=FACE_OUTER_BOUND('',#632,.T.);
#365=FACE_OUTER_BOUND('',#633,.T.);
#366=FACE_OUTER_BOUND('',#634,.T.);
#367=FACE_OUTER_BOUND('',#635,.T.);
#368=FACE_OUTER_BOUND('',#636,.T.);
#369=FACE_OUTER_BOUND('',#637,.T.);
#370=FACE_OUTER_BOUND('',#638,.T.);
#371=FACE_OUTER_BOUND('',#639,.T.);
#372=FACE_OUTER_BOUND('',#640,.T.);
#373=FACE_OUTER_BOUND('',#641,.T.);
#374=FACE_OUTER_BOUND('',#642,.T.);
#375=FACE_OUTER_BOUND('',#643,.T.);
#376=FACE_OUTER_BOUND('',#644,.T.);
#377=FACE_OUTER_BOUND('',#645,.T.);
#378=FACE_OUTER_BOUND('',#646,.T.);
#379=FACE_OUTER_BOUND('',#647,.T.);
#380=FACE_OUTER_BOUND('',#648,.T.);
#381=FACE_OUTER_BOUND('',#649,.T.);
#382=FACE_OUTER_BOUND('',#650,.T.);
#383=FACE_OUTER_BOUND('',#651,.T.);
#384=FACE_OUTER_BOUND('',#652,.T.);
#385=FACE_OUTER_BOUND('',#653,.T.);
#386=FACE_OUTER_BOUND('',#654,.T.);
#387=FACE_OUTER_BOUND('',#655,.T.);
#388=FACE_OUTER_BOUND('',#656,.T.);
#389=FACE_OUTER_BOUND('',#657,.T.);
#390=FACE_OUTER_BOUND('',#658,.T.);
#391=FACE_OUTER_BOUND('',#659,.T.);
#392=FACE_OUTER_BOUND('',#660,.T.);
#393=FACE_OUTER_BOUND('',#661,.T.);
#394=FACE_OUTER_BOUND('',#667,.T.);
#395=FACE_OUTER_BOUND('',#668,.T.);
#396=FACE_OUTER_BOUND('',#669,.T.);
#397=FACE_OUTER_BOUND('',#670,.T.);
#398=FACE_OUTER_BOUND('',#671,.T.);
#399=FACE_OUTER_BOUND('',#672,.T.);
#400=FACE_OUTER_BOUND('',#673,.T.);
#401=FACE_OUTER_BOUND('',#674,.T.);
#402=FACE_OUTER_BOUND('',#679,.T.);
#403=FACE_OUTER_BOUND('',#684,.T.);
#404=FACE_OUTER_BOUND('',#685,.T.);
#405=FACE_OUTER_BOUND('',#686,.T.);
#406=FACE_OUTER_BOUND('',#687,.T.);
#407=FACE_OUTER_BOUND('',#688,.T.);
#408=FACE_OUTER_BOUND('',#689,.T.);
#409=FACE_OUTER_BOUND('',#690,.T.);
#410=FACE_OUTER_BOUND('',#691,.T.);
#411=FACE_OUTER_BOUND('',#692,.T.);
#412=FACE_OUTER_BOUND('',#693,.T.);
#413=FACE_OUTER_BOUND('',#694,.T.);
#414=FACE_OUTER_BOUND('',#695,.T.);
#415=FACE_OUTER_BOUND('',#696,.T.);
#416=FACE_OUTER_BOUND('',#697,.T.);
#417=FACE_OUTER_BOUND('',#698,.T.);
#418=FACE_OUTER_BOUND('',#699,.T.);
#419=FACE_OUTER_BOUND('',#700,.T.);
#420=FACE_OUTER_BOUND('',#701,.T.);
#421=FACE_OUTER_BOUND('',#702,.T.);
#422=FACE_OUTER_BOUND('',#703,.T.);
#423=FACE_OUTER_BOUND('',#704,.T.);
#424=FACE_OUTER_BOUND('',#705,.T.);
#425=FACE_OUTER_BOUND('',#706,.T.);
#426=FACE_OUTER_BOUND('',#707,.T.);
#427=FACE_OUTER_BOUND('',#708,.T.);
#428=FACE_OUTER_BOUND('',#709,.T.);
#429=FACE_OUTER_BOUND('',#710,.T.);
#430=FACE_OUTER_BOUND('',#711,.T.);
#431=FACE_OUTER_BOUND('',#712,.T.);
#432=FACE_OUTER_BOUND('',#713,.T.);
#433=FACE_OUTER_BOUND('',#714,.T.);
#434=FACE_OUTER_BOUND('',#715,.T.);
#435=FACE_OUTER_BOUND('',#716,.T.);
#436=FACE_OUTER_BOUND('',#717,.T.);
#437=FACE_OUTER_BOUND('',#718,.T.);
#438=FACE_OUTER_BOUND('',#719,.T.);
#439=FACE_OUTER_BOUND('',#720,.T.);
#440=FACE_OUTER_BOUND('',#721,.T.);
#441=FACE_OUTER_BOUND('',#722,.T.);
#442=FACE_OUTER_BOUND('',#723,.T.);
#443=FACE_OUTER_BOUND('',#724,.T.);
#444=FACE_OUTER_BOUND('',#725,.T.);
#445=FACE_OUTER_BOUND('',#726,.T.);
#446=FACE_OUTER_BOUND('',#727,.T.);
#447=FACE_OUTER_BOUND('',#728,.T.);
#448=FACE_OUTER_BOUND('',#729,.T.);
#449=FACE_OUTER_BOUND('',#730,.T.);
#450=FACE_OUTER_BOUND('',#731,.T.);
#451=FACE_OUTER_BOUND('',#732,.T.);
#452=FACE_OUTER_BOUND('',#733,.T.);
#453=FACE_OUTER_BOUND('',#734,.T.);
#454=FACE_OUTER_BOUND('',#735,.T.);
#455=FACE_OUTER_BOUND('',#736,.T.);
#456=FACE_OUTER_BOUND('',#737,.T.);
#457=FACE_OUTER_BOUND('',#738,.T.);
#458=FACE_OUTER_BOUND('',#739,.T.);
#459=FACE_OUTER_BOUND('',#740,.T.);
#460=FACE_OUTER_BOUND('',#741,.T.);
#461=FACE_OUTER_BOUND('',#742,.T.);
#462=FACE_OUTER_BOUND('',#743,.T.);
#463=FACE_OUTER_BOUND('',#744,.T.);
#464=FACE_OUTER_BOUND('',#745,.T.);
#465=FACE_OUTER_BOUND('',#746,.T.);
#466=FACE_OUTER_BOUND('',#747,.T.);
#467=FACE_OUTER_BOUND('',#748,.T.);
#468=FACE_OUTER_BOUND('',#749,.T.);
#469=FACE_OUTER_BOUND('',#750,.T.);
#470=FACE_OUTER_BOUND('',#751,.T.);
#471=FACE_OUTER_BOUND('',#752,.T.);
#472=FACE_OUTER_BOUND('',#753,.T.);
#473=FACE_OUTER_BOUND('',#754,.T.);
#474=FACE_OUTER_BOUND('',#755,.T.);
#475=FACE_OUTER_BOUND('',#756,.T.);
#476=FACE_OUTER_BOUND('',#757,.T.);
#477=FACE_OUTER_BOUND('',#758,.T.);
#478=FACE_OUTER_BOUND('',#759,.T.);
#479=FACE_OUTER_BOUND('',#760,.T.);
#480=FACE_OUTER_BOUND('',#761,.T.);
#481=FACE_OUTER_BOUND('',#762,.T.);
#482=FACE_OUTER_BOUND('',#763,.T.);
#483=FACE_OUTER_BOUND('',#764,.T.);
#484=FACE_OUTER_BOUND('',#765,.T.);
#485=FACE_OUTER_BOUND('',#766,.T.);
#486=FACE_OUTER_BOUND('',#767,.T.);
#487=FACE_OUTER_BOUND('',#768,.T.);
#488=FACE_OUTER_BOUND('',#769,.T.);
#489=FACE_OUTER_BOUND('',#770,.T.);
#490=FACE_OUTER_BOUND('',#771,.T.);
#491=FACE_OUTER_BOUND('',#772,.T.);
#492=FACE_OUTER_BOUND('',#773,.T.);
#493=FACE_OUTER_BOUND('',#774,.T.);
#494=FACE_OUTER_BOUND('',#775,.T.);
#495=FACE_OUTER_BOUND('',#776,.T.);
#496=FACE_OUTER_BOUND('',#777,.T.);
#497=FACE_OUTER_BOUND('',#778,.T.);
#498=FACE_OUTER_BOUND('',#779,.T.);
#499=FACE_OUTER_BOUND('',#780,.T.);
#500=FACE_OUTER_BOUND('',#781,.T.);
#501=FACE_OUTER_BOUND('',#782,.T.);
#502=FACE_OUTER_BOUND('',#783,.T.);
#503=FACE_OUTER_BOUND('',#784,.T.);
#504=FACE_OUTER_BOUND('',#785,.T.);
#505=FACE_OUTER_BOUND('',#786,.T.);
#506=FACE_OUTER_BOUND('',#787,.T.);
#507=FACE_OUTER_BOUND('',#788,.T.);
#508=FACE_OUTER_BOUND('',#789,.T.);
#509=FACE_OUTER_BOUND('',#790,.T.);
#510=FACE_OUTER_BOUND('',#791,.T.);
#511=FACE_OUTER_BOUND('',#792,.T.);
#512=FACE_OUTER_BOUND('',#793,.T.);
#513=FACE_OUTER_BOUND('',#794,.T.);
#514=FACE_OUTER_BOUND('',#795,.T.);
#515=FACE_OUTER_BOUND('',#796,.T.);
#516=FACE_OUTER_BOUND('',#797,.T.);
#517=FACE_OUTER_BOUND('',#799,.T.);
#518=FACE_OUTER_BOUND('',#800,.T.);
#519=FACE_OUTER_BOUND('',#802,.T.);
#520=FACE_OUTER_BOUND('',#803,.T.);
#521=FACE_OUTER_BOUND('',#804,.T.);
#522=FACE_OUTER_BOUND('',#806,.T.);
#523=FACE_OUTER_BOUND('',#807,.T.);
#524=FACE_OUTER_BOUND('',#809,.T.);
#525=FACE_OUTER_BOUND('',#810,.T.);
#526=FACE_OUTER_BOUND('',#811,.T.);
#527=FACE_OUTER_BOUND('',#813,.T.);
#528=FACE_OUTER_BOUND('',#814,.T.);
#529=FACE_OUTER_BOUND('',#816,.T.);
#530=FACE_OUTER_BOUND('',#817,.T.);
#531=FACE_OUTER_BOUND('',#818,.T.);
#532=FACE_OUTER_BOUND('',#819,.T.);
#533=FACE_OUTER_BOUND('',#820,.T.);
#534=FACE_OUTER_BOUND('',#821,.T.);
#535=FACE_OUTER_BOUND('',#822,.T.);
#536=FACE_OUTER_BOUND('',#823,.T.);
#537=FACE_OUTER_BOUND('',#824,.T.);
#538=FACE_OUTER_BOUND('',#825,.T.);
#539=FACE_OUTER_BOUND('',#826,.T.);
#540=FACE_OUTER_BOUND('',#827,.T.);
#541=FACE_OUTER_BOUND('',#829,.T.);
#542=FACE_OUTER_BOUND('',#831,.T.);
#543=FACE_OUTER_BOUND('',#832,.T.);
#544=FACE_OUTER_BOUND('',#833,.T.);
#545=FACE_OUTER_BOUND('',#837,.T.);
#546=FACE_OUTER_BOUND('',#838,.T.);
#547=FACE_OUTER_BOUND('',#839,.T.);
#548=FACE_OUTER_BOUND('',#840,.T.);
#549=FACE_OUTER_BOUND('',#841,.T.);
#550=FACE_OUTER_BOUND('',#842,.T.);
#551=FACE_OUTER_BOUND('',#843,.T.);
#552=FACE_OUTER_BOUND('',#844,.T.);
#553=FACE_OUTER_BOUND('',#845,.T.);
#554=FACE_OUTER_BOUND('',#847,.T.);
#555=FACE_OUTER_BOUND('',#848,.T.);
#556=FACE_OUTER_BOUND('',#850,.T.);
#557=FACE_OUTER_BOUND('',#851,.T.);
#558=FACE_OUTER_BOUND('',#852,.T.);
#559=FACE_OUTER_BOUND('',#857,.T.);
#560=FACE_OUTER_BOUND('',#858,.T.);
#561=FACE_OUTER_BOUND('',#859,.T.);
#562=FACE_OUTER_BOUND('',#860,.T.);
#563=FACE_OUTER_BOUND('',#861,.T.);
#564=FACE_OUTER_BOUND('',#862,.T.);
#565=FACE_OUTER_BOUND('',#863,.T.);
#566=FACE_OUTER_BOUND('',#864,.T.);
#567=FACE_OUTER_BOUND('',#865,.T.);
#568=FACE_OUTER_BOUND('',#866,.T.);
#569=FACE_OUTER_BOUND('',#867,.T.);
#570=FACE_OUTER_BOUND('',#868,.T.);
#571=FACE_OUTER_BOUND('',#869,.T.);
#572=FACE_OUTER_BOUND('',#870,.T.);
#573=FACE_OUTER_BOUND('',#871,.T.);
#574=FACE_OUTER_BOUND('',#872,.T.);
#575=FACE_OUTER_BOUND('',#873,.T.);
#576=FACE_OUTER_BOUND('',#874,.T.);
#577=FACE_OUTER_BOUND('',#875,.T.);
#578=FACE_OUTER_BOUND('',#876,.T.);
#579=FACE_OUTER_BOUND('',#877,.T.);
#580=FACE_OUTER_BOUND('',#878,.T.);
#581=FACE_OUTER_BOUND('',#879,.T.);
#582=FACE_OUTER_BOUND('',#880,.T.);
#583=FACE_OUTER_BOUND('',#881,.T.);
#584=EDGE_LOOP('',(#3026,#3027,#3028,#3029));
#585=EDGE_LOOP('',(#3030,#3031,#3032,#3033));
#586=EDGE_LOOP('',(#3034,#3035,#3036,#3037));
#587=EDGE_LOOP('',(#3038,#3039,#3040,#3041));
#588=EDGE_LOOP('',(#3042,#3043,#3044,#3045));
#589=EDGE_LOOP('',(#3046,#3047,#3048,#3049));
#590=EDGE_LOOP('',(#3050,#3051,#3052,#3053));
#591=EDGE_LOOP('',(#3054));
#592=EDGE_LOOP('',(#3055));
#593=EDGE_LOOP('',(#3056,#3057,#3058,#3059));
#594=EDGE_LOOP('',(#3060,#3061,#3062,#3063));
#595=EDGE_LOOP('',(#3064));
#596=EDGE_LOOP('',(#3065));
#597=EDGE_LOOP('',(#3066,#3067,#3068,#3069));
#598=EDGE_LOOP('',(#3070,#3071,#3072,#3073));
#599=EDGE_LOOP('',(#3074,#3075,#3076,#3077));
#600=EDGE_LOOP('',(#3078,#3079,#3080,#3081));
#601=EDGE_LOOP('',(#3082,#3083,#3084,#3085));
#602=EDGE_LOOP('',(#3086,#3087,#3088,#3089));
#603=EDGE_LOOP('',(#3090,#3091,#3092,#3093));
#604=EDGE_LOOP('',(#3094,#3095,#3096,#3097));
#605=EDGE_LOOP('',(#3098,#3099,#3100,#3101));
#606=EDGE_LOOP('',(#3102,#3103,#3104,#3105));
#607=EDGE_LOOP('',(#3106,#3107,#3108,#3109));
#608=EDGE_LOOP('',(#3110,#3111,#3112,#3113));
#609=EDGE_LOOP('',(#3114,#3115,#3116,#3117));
#610=EDGE_LOOP('',(#3118,#3119,#3120,#3121));
#611=EDGE_LOOP('',(#3122,#3123,#3124,#3125));
#612=EDGE_LOOP('',(#3126,#3127,#3128,#3129));
#613=EDGE_LOOP('',(#3130,#3131,#3132,#3133));
#614=EDGE_LOOP('',(#3134,#3135,#3136,#3137,#3138,#3139,#3140,#3141));
#615=EDGE_LOOP('',(#3142,#3143,#3144,#3145,#3146,#3147,#3148,#3149));
#616=EDGE_LOOP('',(#3150,#3151,#3152,#3153));
#617=EDGE_LOOP('',(#3154,#3155,#3156,#3157));
#618=EDGE_LOOP('',(#3158,#3159,#3160,#3161));
#619=EDGE_LOOP('',(#3162,#3163,#3164,#3165));
#620=EDGE_LOOP('',(#3166,#3167,#3168,#3169));
#621=EDGE_LOOP('',(#3170,#3171,#3172,#3173));
#622=EDGE_LOOP('',(#3174,#3175,#3176,#3177));
#623=EDGE_LOOP('',(#3178,#3179,#3180,#3181));
#624=EDGE_LOOP('',(#3182,#3183,#3184,#3185));
#625=EDGE_LOOP('',(#3186,#3187,#3188,#3189));
#626=EDGE_LOOP('',(#3190,#3191,#3192,#3193));
#627=EDGE_LOOP('',(#3194,#3195,#3196,#3197));
#628=EDGE_LOOP('',(#3198,#3199,#3200,#3201));
#629=EDGE_LOOP('',(#3202,#3203,#3204,#3205));
#630=EDGE_LOOP('',(#3206,#3207,#3208,#3209));
#631=EDGE_LOOP('',(#3210,#3211,#3212,#3213));
#632=EDGE_LOOP('',(#3214,#3215,#3216,#3217));
#633=EDGE_LOOP('',(#3218,#3219,#3220,#3221));
#634=EDGE_LOOP('',(#3222,#3223,#3224,#3225));
#635=EDGE_LOOP('',(#3226,#3227,#3228,#3229));
#636=EDGE_LOOP('',(#3230,#3231,#3232,#3233));
#637=EDGE_LOOP('',(#3234,#3235,#3236,#3237));
#638=EDGE_LOOP('',(#3238,#3239,#3240,#3241));
#639=EDGE_LOOP('',(#3242,#3243,#3244,#3245));
#640=EDGE_LOOP('',(#3246,#3247,#3248,#3249));
#641=EDGE_LOOP('',(#3250,#3251,#3252,#3253,#3254,#3255,#3256,#3257));
#642=EDGE_LOOP('',(#3258,#3259,#3260,#3261));
#643=EDGE_LOOP('',(#3262,#3263,#3264,#3265));
#644=EDGE_LOOP('',(#3266,#3267,#3268,#3269));
#645=EDGE_LOOP('',(#3270,#3271,#3272,#3273));
#646=EDGE_LOOP('',(#3274,#3275,#3276,#3277));
#647=EDGE_LOOP('',(#3278,#3279,#3280,#3281));
#648=EDGE_LOOP('',(#3282,#3283,#3284,#3285));
#649=EDGE_LOOP('',(#3286,#3287,#3288,#3289));
#650=EDGE_LOOP('',(#3290,#3291,#3292,#3293,#3294,#3295,#3296,#3297));
#651=EDGE_LOOP('',(#3298,#3299,#3300,#3301));
#652=EDGE_LOOP('',(#3302,#3303,#3304,#3305));
#653=EDGE_LOOP('',(#3306,#3307,#3308,#3309));
#654=EDGE_LOOP('',(#3310,#3311,#3312,#3313));
#655=EDGE_LOOP('',(#3314,#3315,#3316,#3317));
#656=EDGE_LOOP('',(#3318,#3319,#3320,#3321));
#657=EDGE_LOOP('',(#3322,#3323,#3324,#3325));
#658=EDGE_LOOP('',(#3326,#3327,#3328,#3329));
#659=EDGE_LOOP('',(#3330,#3331,#3332,#3333));
#660=EDGE_LOOP('',(#3334,#3335,#3336,#3337));
#661=EDGE_LOOP('',(#3338,#3339,#3340,#3341,#3342,#3343,#3344,#3345));
#662=EDGE_LOOP('',(#3346,#3347,#3348,#3349));
#663=EDGE_LOOP('',(#3350,#3351,#3352,#3353));
#664=EDGE_LOOP('',(#3354,#3355,#3356,#3357,#3358,#3359,#3360,#3361));
#665=EDGE_LOOP('',(#3362,#3363,#3364,#3365,#3366,#3367,#3368,#3369));
#666=EDGE_LOOP('',(#3370,#3371,#3372,#3373,#3374,#3375,#3376,#3377));
#667=EDGE_LOOP('',(#3378,#3379,#3380,#3381));
#668=EDGE_LOOP('',(#3382,#3383,#3384,#3385));
#669=EDGE_LOOP('',(#3386,#3387,#3388,#3389));
#670=EDGE_LOOP('',(#3390,#3391,#3392,#3393));
#671=EDGE_LOOP('',(#3394,#3395,#3396,#3397));
#672=EDGE_LOOP('',(#3398,#3399,#3400,#3401));
#673=EDGE_LOOP('',(#3402,#3403,#3404,#3405));
#674=EDGE_LOOP('',(#3406,#3407,#3408,#3409));
#675=EDGE_LOOP('',(#3410));
#676=EDGE_LOOP('',(#3411));
#677=EDGE_LOOP('',(#3412));
#678=EDGE_LOOP('',(#3413));
#679=EDGE_LOOP('',(#3414,#3415,#3416,#3417));
#680=EDGE_LOOP('',(#3418));
#681=EDGE_LOOP('',(#3419));
#682=EDGE_LOOP('',(#3420));
#683=EDGE_LOOP('',(#3421));
#684=EDGE_LOOP('',(#3422,#3423,#3424,#3425));
#685=EDGE_LOOP('',(#3426,#3427,#3428,#3429));
#686=EDGE_LOOP('',(#3430,#3431,#3432,#3433));
#687=EDGE_LOOP('',(#3434,#3435,#3436,#3437));
#688=EDGE_LOOP('',(#3438,#3439,#3440,#3441));
#689=EDGE_LOOP('',(#3442,#3443,#3444,#3445));
#690=EDGE_LOOP('',(#3446,#3447,#3448,#3449));
#691=EDGE_LOOP('',(#3450,#3451,#3452,#3453));
#692=EDGE_LOOP('',(#3454,#3455,#3456,#3457));
#693=EDGE_LOOP('',(#3458,#3459,#3460,#3461));
#694=EDGE_LOOP('',(#3462,#3463,#3464,#3465));
#695=EDGE_LOOP('',(#3466,#3467,#3468,#3469));
#696=EDGE_LOOP('',(#3470,#3471,#3472,#3473));
#697=EDGE_LOOP('',(#3474,#3475,#3476,#3477));
#698=EDGE_LOOP('',(#3478,#3479,#3480,#3481));
#699=EDGE_LOOP('',(#3482,#3483,#3484,#3485));
#700=EDGE_LOOP('',(#3486,#3487,#3488,#3489));
#701=EDGE_LOOP('',(#3490,#3491,#3492,#3493));
#702=EDGE_LOOP('',(#3494,#3495,#3496,#3497));
#703=EDGE_LOOP('',(#3498,#3499,#3500,#3501));
#704=EDGE_LOOP('',(#3502,#3503,#3504,#3505));
#705=EDGE_LOOP('',(#3506,#3507,#3508,#3509));
#706=EDGE_LOOP('',(#3510,#3511,#3512,#3513));
#707=EDGE_LOOP('',(#3514));
#708=EDGE_LOOP('',(#3515));
#709=EDGE_LOOP('',(#3516,#3517,#3518,#3519));
#710=EDGE_LOOP('',(#3520));
#711=EDGE_LOOP('',(#3521));
#712=EDGE_LOOP('',(#3522,#3523,#3524,#3525));
#713=EDGE_LOOP('',(#3526));
#714=EDGE_LOOP('',(#3527));
#715=EDGE_LOOP('',(#3528,#3529,#3530,#3531));
#716=EDGE_LOOP('',(#3532));
#717=EDGE_LOOP('',(#3533));
#718=EDGE_LOOP('',(#3534,#3535,#3536,#3537));
#719=EDGE_LOOP('',(#3538));
#720=EDGE_LOOP('',(#3539));
#721=EDGE_LOOP('',(#3540,#3541,#3542,#3543));
#722=EDGE_LOOP('',(#3544));
#723=EDGE_LOOP('',(#3545));
#724=EDGE_LOOP('',(#3546,#3547,#3548,#3549));
#725=EDGE_LOOP('',(#3550));
#726=EDGE_LOOP('',(#3551));
#727=EDGE_LOOP('',(#3552,#3553,#3554,#3555));
#728=EDGE_LOOP('',(#3556));
#729=EDGE_LOOP('',(#3557));
#730=EDGE_LOOP('',(#3558,#3559,#3560,#3561));
#731=EDGE_LOOP('',(#3562,#3563,#3564,#3565));
#732=EDGE_LOOP('',(#3566,#3567,#3568,#3569,#3570,#3571,#3572,#3573));
#733=EDGE_LOOP('',(#3574,#3575,#3576,#3577));
#734=EDGE_LOOP('',(#3578,#3579,#3580,#3581));
#735=EDGE_LOOP('',(#3582,#3583,#3584,#3585));
#736=EDGE_LOOP('',(#3586,#3587,#3588,#3589));
#737=EDGE_LOOP('',(#3590,#3591,#3592,#3593,#3594,#3595,#3596,#3597));
#738=EDGE_LOOP('',(#3598,#3599,#3600,#3601));
#739=EDGE_LOOP('',(#3602,#3603,#3604,#3605));
#740=EDGE_LOOP('',(#3606,#3607,#3608,#3609,#3610,#3611,#3612,#3613));
#741=EDGE_LOOP('',(#3614,#3615,#3616,#3617));
#742=EDGE_LOOP('',(#3618,#3619,#3620,#3621));
#743=EDGE_LOOP('',(#3622,#3623,#3624,#3625));
#744=EDGE_LOOP('',(#3626,#3627,#3628,#3629));
#745=EDGE_LOOP('',(#3630,#3631,#3632,#3633,#3634,#3635,#3636,#3637));
#746=EDGE_LOOP('',(#3638,#3639,#3640,#3641));
#747=EDGE_LOOP('',(#3642,#3643,#3644,#3645));
#748=EDGE_LOOP('',(#3646,#3647,#3648,#3649,#3650,#3651,#3652,#3653));
#749=EDGE_LOOP('',(#3654,#3655,#3656,#3657,#3658,#3659,#3660,#3661));
#750=EDGE_LOOP('',(#3662,#3663,#3664,#3665));
#751=EDGE_LOOP('',(#3666,#3667,#3668,#3669));
#752=EDGE_LOOP('',(#3670,#3671,#3672,#3673,#3674,#3675,#3676,#3677));
#753=EDGE_LOOP('',(#3678,#3679,#3680,#3681,#3682,#3683,#3684,#3685));
#754=EDGE_LOOP('',(#3686,#3687,#3688,#3689,#3690,#3691,#3692,#3693));
#755=EDGE_LOOP('',(#3694,#3695,#3696,#3697));
#756=EDGE_LOOP('',(#3698,#3699,#3700,#3701,#3702,#3703,#3704,#3705,#3706,
#3707,#3708,#3709));
#757=EDGE_LOOP('',(#3710,#3711,#3712,#3713,#3714,#3715,#3716,#3717));
#758=EDGE_LOOP('',(#3718,#3719,#3720,#3721));
#759=EDGE_LOOP('',(#3722,#3723,#3724,#3725));
#760=EDGE_LOOP('',(#3726,#3727,#3728,#3729,#3730,#3731,#3732,#3733,#3734,
#3735,#3736,#3737));
#761=EDGE_LOOP('',(#3738,#3739,#3740,#3741));
#762=EDGE_LOOP('',(#3742,#3743,#3744,#3745,#3746,#3747,#3748,#3749,#3750,
#3751,#3752,#3753));
#763=EDGE_LOOP('',(#3754,#3755,#3756,#3757,#3758,#3759,#3760,#3761,#3762,
#3763,#3764,#3765));
#764=EDGE_LOOP('',(#3766,#3767,#3768,#3769));
#765=EDGE_LOOP('',(#3770,#3771,#3772,#3773,#3774));
#766=EDGE_LOOP('',(#3775,#3776,#3777,#3778));
#767=EDGE_LOOP('',(#3779,#3780,#3781,#3782));
#768=EDGE_LOOP('',(#3783,#3784,#3785,#3786));
#769=EDGE_LOOP('',(#3787,#3788,#3789,#3790));
#770=EDGE_LOOP('',(#3791,#3792));
#771=EDGE_LOOP('',(#3793,#3794,#3795,#3796));
#772=EDGE_LOOP('',(#3797,#3798,#3799,#3800));
#773=EDGE_LOOP('',(#3801,#3802));
#774=EDGE_LOOP('',(#3803,#3804,#3805,#3806,#3807,#3808,#3809,#3810,#3811,
#3812,#3813,#3814));
#775=EDGE_LOOP('',(#3815,#3816,#3817,#3818));
#776=EDGE_LOOP('',(#3819,#3820,#3821,#3822,#3823,#3824,#3825,#3826,#3827,
#3828,#3829,#3830));
#777=EDGE_LOOP('',(#3831,#3832,#3833,#3834,#3835,#3836,#3837,#3838,#3839,
#3840,#3841,#3842));
#778=EDGE_LOOP('',(#3843,#3844,#3845,#3846));
#779=EDGE_LOOP('',(#3847,#3848,#3849,#3850,#3851));
#780=EDGE_LOOP('',(#3852,#3853,#3854,#3855));
#781=EDGE_LOOP('',(#3856,#3857,#3858,#3859));
#782=EDGE_LOOP('',(#3860,#3861,#3862,#3863));
#783=EDGE_LOOP('',(#3864,#3865,#3866,#3867));
#784=EDGE_LOOP('',(#3868,#3869));
#785=EDGE_LOOP('',(#3870,#3871,#3872,#3873));
#786=EDGE_LOOP('',(#3874,#3875,#3876,#3877));
#787=EDGE_LOOP('',(#3878,#3879));
#788=EDGE_LOOP('',(#3880,#3881,#3882,#3883));
#789=EDGE_LOOP('',(#3884));
#790=EDGE_LOOP('',(#3885,#3886,#3887,#3888,#3889,#3890));
#791=EDGE_LOOP('',(#3891,#3892));
#792=EDGE_LOOP('',(#3893,#3894,#3895,#3896));
#793=EDGE_LOOP('',(#3897));
#794=EDGE_LOOP('',(#3898,#3899,#3900,#3901,#3902,#3903));
#795=EDGE_LOOP('',(#3904,#3905));
#796=EDGE_LOOP('',(#3906,#3907,#3908,#3909));
#797=EDGE_LOOP('',(#3910));
#798=EDGE_LOOP('',(#3911));
#799=EDGE_LOOP('',(#3912,#3913,#3914,#3915));
#800=EDGE_LOOP('',(#3916));
#801=EDGE_LOOP('',(#3917));
#802=EDGE_LOOP('',(#3918,#3919,#3920,#3921));
#803=EDGE_LOOP('',(#3922,#3923,#3924,#3925));
#804=EDGE_LOOP('',(#3926));
#805=EDGE_LOOP('',(#3927));
#806=EDGE_LOOP('',(#3928,#3929,#3930,#3931));
#807=EDGE_LOOP('',(#3932));
#808=EDGE_LOOP('',(#3933));
#809=EDGE_LOOP('',(#3934,#3935,#3936,#3937));
#810=EDGE_LOOP('',(#3938,#3939,#3940,#3941));
#811=EDGE_LOOP('',(#3942));
#812=EDGE_LOOP('',(#3943));
#813=EDGE_LOOP('',(#3944,#3945,#3946,#3947));
#814=EDGE_LOOP('',(#3948));
#815=EDGE_LOOP('',(#3949));
#816=EDGE_LOOP('',(#3950,#3951,#3952,#3953));
#817=EDGE_LOOP('',(#3954,#3955,#3956,#3957));
#818=EDGE_LOOP('',(#3958,#3959,#3960,#3961));
#819=EDGE_LOOP('',(#3962,#3963,#3964,#3965));
#820=EDGE_LOOP('',(#3966,#3967,#3968,#3969,#3970,#3971,#3972,#3973,#3974,
#3975,#3976,#3977,#3978,#3979));
#821=EDGE_LOOP('',(#3980,#3981,#3982,#3983));
#822=EDGE_LOOP('',(#3984,#3985,#3986,#3987));
#823=EDGE_LOOP('',(#3988,#3989,#3990,#3991));
#824=EDGE_LOOP('',(#3992,#3993,#3994,#3995,#3996,#3997,#3998,#3999,#4000,
#4001,#4002,#4003));
#825=EDGE_LOOP('',(#4004,#4005,#4006,#4007));
#826=EDGE_LOOP('',(#4008,#4009,#4010,#4011));
#827=EDGE_LOOP('',(#4012,#4013,#4014,#4015,#4016,#4017,#4018,#4019,#4020,
#4021,#4022,#4023,#4024,#4025,#4026));
#828=EDGE_LOOP('',(#4027));
#829=EDGE_LOOP('',(#4028,#4029,#4030,#4031,#4032,#4033,#4034,#4035,#4036,
#4037,#4038,#4039,#4040,#4041,#4042));
#830=EDGE_LOOP('',(#4043));
#831=EDGE_LOOP('',(#4044,#4045,#4046,#4047,#4048,#4049));
#832=EDGE_LOOP('',(#4050,#4051,#4052,#4053,#4054,#4055));
#833=EDGE_LOOP('',(#4056,#4057,#4058,#4059,#4060,#4061,#4062,#4063,#4064,
#4065,#4066,#4067,#4068,#4069,#4070,#4071,#4072,#4073,#4074,#4075,#4076,
#4077,#4078,#4079,#4080,#4081,#4082));
#834=EDGE_LOOP('',(#4083));
#835=EDGE_LOOP('',(#4084));
#836=EDGE_LOOP('',(#4085,#4086,#4087,#4088,#4089,#4090,#4091,#4092,#4093,
#4094,#4095,#4096));
#837=EDGE_LOOP('',(#4097,#4098,#4099,#4100));
#838=EDGE_LOOP('',(#4101,#4102,#4103,#4104));
#839=EDGE_LOOP('',(#4105,#4106,#4107,#4108));
#840=EDGE_LOOP('',(#4109,#4110,#4111,#4112));
#841=EDGE_LOOP('',(#4113,#4114,#4115,#4116));
#842=EDGE_LOOP('',(#4117,#4118,#4119,#4120));
#843=EDGE_LOOP('',(#4121,#4122,#4123,#4124));
#844=EDGE_LOOP('',(#4125,#4126,#4127,#4128));
#845=EDGE_LOOP('',(#4129));
#846=EDGE_LOOP('',(#4130));
#847=EDGE_LOOP('',(#4131,#4132,#4133,#4134,#4135,#4136,#4137));
#848=EDGE_LOOP('',(#4138));
#849=EDGE_LOOP('',(#4139));
#850=EDGE_LOOP('',(#4140,#4141,#4142,#4143));
#851=EDGE_LOOP('',(#4144,#4145,#4146,#4147,#4148,#4149,#4150,#4151));
#852=EDGE_LOOP('',(#4152,#4153,#4154,#4155,#4156,#4157,#4158,#4159));
#853=EDGE_LOOP('',(#4160,#4161,#4162,#4163));
#854=EDGE_LOOP('',(#4164,#4165,#4166,#4167));
#855=EDGE_LOOP('',(#4168,#4169,#4170,#4171));
#856=EDGE_LOOP('',(#4172,#4173,#4174,#4175));
#857=EDGE_LOOP('',(#4176,#4177,#4178,#4179));
#858=EDGE_LOOP('',(#4180,#4181,#4182,#4183));
#859=EDGE_LOOP('',(#4184,#4185,#4186,#4187));
#860=EDGE_LOOP('',(#4188,#4189,#4190,#4191));
#861=EDGE_LOOP('',(#4192,#4193,#4194,#4195));
#862=EDGE_LOOP('',(#4196,#4197,#4198,#4199));
#863=EDGE_LOOP('',(#4200,#4201,#4202,#4203));
#864=EDGE_LOOP('',(#4204,#4205,#4206,#4207));
#865=EDGE_LOOP('',(#4208,#4209,#4210,#4211));
#866=EDGE_LOOP('',(#4212,#4213,#4214,#4215,#4216,#4217,#4218,#4219));
#867=EDGE_LOOP('',(#4220,#4221,#4222,#4223));
#868=EDGE_LOOP('',(#4224,#4225,#4226,#4227,#4228,#4229,#4230,#4231));
#869=EDGE_LOOP('',(#4232,#4233,#4234,#4235));
#870=EDGE_LOOP('',(#4236,#4237,#4238,#4239,#4240,#4241));
#871=EDGE_LOOP('',(#4242,#4243,#4244,#4245));
#872=EDGE_LOOP('',(#4246,#4247,#4248,#4249));
#873=EDGE_LOOP('',(#4250,#4251,#4252,#4253,#4254,#4255,#4256,#4257));
#874=EDGE_LOOP('',(#4258,#4259,#4260,#4261,#4262,#4263,#4264,#4265));
#875=EDGE_LOOP('',(#4266,#4267,#4268,#4269));
#876=EDGE_LOOP('',(#4270,#4271,#4272,#4273));
#877=EDGE_LOOP('',(#4274,#4275,#4276,#4277,#4278));
#878=EDGE_LOOP('',(#4279,#4280,#4281,#4282));
#879=EDGE_LOOP('',(#4283,#4284,#4285,#4286,#4287,#4288,#4289,#4290,#4291,
#4292,#4293,#4294,#4295,#4296));
#880=EDGE_LOOP('',(#4297,#4298,#4299,#4300,#4301));
#881=EDGE_LOOP('',(#4302,#4303,#4304,#4305,#4306,#4307,#4308,#4309));
#882=LINE('',#6480,#1338);
#883=LINE('',#6486,#1339);
#884=LINE('',#6491,#1340);
#885=LINE('',#6493,#1341);
#886=LINE('',#6495,#1342);
#887=LINE('',#6496,#1343);
#888=LINE('',#6499,#1344);
#889=LINE('',#6501,#1345);
#890=LINE('',#6502,#1346);
#891=LINE('',#6505,#1347);
#892=LINE('',#6507,#1348);
#893=LINE('',#6508,#1349);
#894=LINE('',#6510,#1350);
#895=LINE('',#6511,#1351);
#896=LINE('',#6515,#1352);
#897=LINE('',#6517,#1353);
#898=LINE('',#6519,#1354);
#899=LINE('',#6520,#1355);
#900=LINE('',#6524,#1356);
#901=LINE('',#6526,#1357);
#902=LINE('',#6528,#1358);
#903=LINE('',#6529,#1359);
#904=LINE('',#6531,#1360);
#905=LINE('',#6532,#1361);
#906=LINE('',#6534,#1362);
#907=LINE('',#6536,#1363);
#908=LINE('',#6552,#1364);
#909=LINE('',#6553,#1365);
#910=LINE('',#6564,#1366);
#911=LINE('',#6565,#1367);
#912=LINE('',#6576,#1368);
#913=LINE('',#6577,#1369);
#914=LINE('',#6585,#1370);
#915=LINE('',#6586,#1371);
#916=LINE('',#6589,#1372);
#917=LINE('',#6591,#1373);
#918=LINE('',#6592,#1374);
#919=LINE('',#6595,#1375);
#920=LINE('',#6599,#1376);
#921=LINE('',#6600,#1377);
#922=LINE('',#6603,#1378);
#923=LINE('',#6610,#1379);
#924=LINE('',#6614,#1380);
#925=LINE('',#6618,#1381);
#926=LINE('',#6621,#1382);
#927=LINE('',#6631,#1383);
#928=LINE('',#6639,#1384);
#929=LINE('',#6647,#1385);
#930=LINE('',#6653,#1386);
#931=LINE('',#6656,#1387);
#932=LINE('',#6658,#1388);
#933=LINE('',#6659,#1389);
#934=LINE('',#6662,#1390);
#935=LINE('',#6666,#1391);
#936=LINE('',#6667,#1392);
#937=LINE('',#6670,#1393);
#938=LINE('',#6675,#1394);
#939=LINE('',#6677,#1395);
#940=LINE('',#6679,#1396);
#941=LINE('',#6680,#1397);
#942=LINE('',#6683,#1398);
#943=LINE('',#6685,#1399);
#944=LINE('',#6686,#1400);
#945=LINE('',#6689,#1401);
#946=LINE('',#6690,#1402);
#947=LINE('',#6693,#1403);
#948=LINE('',#6694,#1404);
#949=LINE('',#6696,#1405);
#950=LINE('',#6700,#1406);
#951=LINE('',#6702,#1407);
#952=LINE('',#6704,#1408);
#953=LINE('',#6705,#1409);
#954=LINE('',#6708,#1410);
#955=LINE('',#6710,#1411);
#956=LINE('',#6711,#1412);
#957=LINE('',#6714,#1413);
#958=LINE('',#6715,#1414);
#959=LINE('',#6718,#1415);
#960=LINE('',#6719,#1416);
#961=LINE('',#6721,#1417);
#962=LINE('',#6725,#1418);
#963=LINE('',#6729,#1419);
#964=LINE('',#6734,#1420);
#965=LINE('',#6738,#1421);
#966=LINE('',#6743,#1422);
#967=LINE('',#6747,#1423);
#968=LINE('',#6750,#1424);
#969=LINE('',#6752,#1425);
#970=LINE('',#6755,#1426);
#971=LINE('',#6756,#1427);
#972=LINE('',#6759,#1428);
#973=LINE('',#6762,#1429);
#974=LINE('',#6764,#1430);
#975=LINE('',#6766,#1431);
#976=LINE('',#6768,#1432);
#977=LINE('',#6770,#1433);
#978=LINE('',#6774,#1434);
#979=LINE('',#6778,#1435);
#980=LINE('',#6783,#1436);
#981=LINE('',#6787,#1437);
#982=LINE('',#6792,#1438);
#983=LINE('',#6796,#1439);
#984=LINE('',#6799,#1440);
#985=LINE('',#6801,#1441);
#986=LINE('',#6804,#1442);
#987=LINE('',#6805,#1443);
#988=LINE('',#6808,#1444);
#989=LINE('',#6811,#1445);
#990=LINE('',#6813,#1446);
#991=LINE('',#6815,#1447);
#992=LINE('',#6817,#1448);
#993=LINE('',#6819,#1449);
#994=LINE('',#6822,#1450);
#995=LINE('',#6825,#1451);
#996=LINE('',#6829,#1452);
#997=LINE('',#6831,#1453);
#998=LINE('',#6833,#1454);
#999=LINE('',#6836,#1455);
#1000=LINE('',#6839,#1456);
#1001=LINE('',#6841,#1457);
#1002=LINE('',#6843,#1458);
#1003=LINE('',#6846,#1459);
#1004=LINE('',#6854,#1460);
#1005=LINE('',#6860,#1461);
#1006=LINE('',#6866,#1462);
#1007=LINE('',#6872,#1463);
#1008=LINE('',#6877,#1464);
#1009=LINE('',#6879,#1465);
#1010=LINE('',#6881,#1466);
#1011=LINE('',#6882,#1467);
#1012=LINE('',#6886,#1468);
#1013=LINE('',#6888,#1469);
#1014=LINE('',#6890,#1470);
#1015=LINE('',#6891,#1471);
#1016=LINE('',#6893,#1472);
#1017=LINE('',#6894,#1473);
#1018=LINE('',#6896,#1474);
#1019=LINE('',#6898,#1475);
#1020=LINE('',#6903,#1476);
#1021=LINE('',#6905,#1477);
#1022=LINE('',#6907,#1478);
#1023=LINE('',#6908,#1479);
#1024=LINE('',#6912,#1480);
#1025=LINE('',#6914,#1481);
#1026=LINE('',#6916,#1482);
#1027=LINE('',#6917,#1483);
#1028=LINE('',#6919,#1484);
#1029=LINE('',#6920,#1485);
#1030=LINE('',#6922,#1486);
#1031=LINE('',#6924,#1487);
#1032=LINE('',#6929,#1488);
#1033=LINE('',#6931,#1489);
#1034=LINE('',#6933,#1490);
#1035=LINE('',#6934,#1491);
#1036=LINE('',#6938,#1492);
#1037=LINE('',#6940,#1493);
#1038=LINE('',#6942,#1494);
#1039=LINE('',#6943,#1495);
#1040=LINE('',#6945,#1496);
#1041=LINE('',#6946,#1497);
#1042=LINE('',#6948,#1498);
#1043=LINE('',#6950,#1499);
#1044=LINE('',#6955,#1500);
#1045=LINE('',#6957,#1501);
#1046=LINE('',#6959,#1502);
#1047=LINE('',#6960,#1503);
#1048=LINE('',#6964,#1504);
#1049=LINE('',#6966,#1505);
#1050=LINE('',#6968,#1506);
#1051=LINE('',#6969,#1507);
#1052=LINE('',#6971,#1508);
#1053=LINE('',#6972,#1509);
#1054=LINE('',#6974,#1510);
#1055=LINE('',#6976,#1511);
#1056=LINE('',#6982,#1512);
#1057=LINE('',#6990,#1513);
#1058=LINE('',#6998,#1514);
#1059=LINE('',#7006,#1515);
#1060=LINE('',#7014,#1516);
#1061=LINE('',#7022,#1517);
#1062=LINE('',#7030,#1518);
#1063=LINE('',#7038,#1519);
#1064=LINE('',#7046,#1520);
#1065=LINE('',#7048,#1521);
#1066=LINE('',#7050,#1522);
#1067=LINE('',#7051,#1523);
#1068=LINE('',#7055,#1524);
#1069=LINE('',#7057,#1525);
#1070=LINE('',#7059,#1526);
#1071=LINE('',#7060,#1527);
#1072=LINE('',#7063,#1528);
#1073=LINE('',#7064,#1529);
#1074=LINE('',#7066,#1530);
#1075=LINE('',#7068,#1531);
#1076=LINE('',#7070,#1532);
#1077=LINE('',#7071,#1533);
#1078=LINE('',#7074,#1534);
#1079=LINE('',#7075,#1535);
#1080=LINE('',#7078,#1536);
#1081=LINE('',#7080,#1537);
#1082=LINE('',#7081,#1538);
#1083=LINE('',#7084,#1539);
#1084=LINE('',#7085,#1540);
#1085=LINE('',#7087,#1541);
#1086=LINE('',#7089,#1542);
#1087=LINE('',#7090,#1543);
#1088=LINE('',#7094,#1544);
#1089=LINE('',#7096,#1545);
#1090=LINE('',#7098,#1546);
#1091=LINE('',#7099,#1547);
#1092=LINE('',#7103,#1548);
#1093=LINE('',#7105,#1549);
#1094=LINE('',#7107,#1550);
#1095=LINE('',#7108,#1551);
#1096=LINE('',#7111,#1552);
#1097=LINE('',#7112,#1553);
#1098=LINE('',#7114,#1554);
#1099=LINE('',#7116,#1555);
#1100=LINE('',#7118,#1556);
#1101=LINE('',#7119,#1557);
#1102=LINE('',#7122,#1558);
#1103=LINE('',#7123,#1559);
#1104=LINE('',#7126,#1560);
#1105=LINE('',#7128,#1561);
#1106=LINE('',#7129,#1562);
#1107=LINE('',#7132,#1563);
#1108=LINE('',#7133,#1564);
#1109=LINE('',#7135,#1565);
#1110=LINE('',#7137,#1566);
#1111=LINE('',#7138,#1567);
#1112=LINE('',#7142,#1568);
#1113=LINE('',#7144,#1569);
#1114=LINE('',#7146,#1570);
#1115=LINE('',#7147,#1571);
#1116=LINE('',#7151,#1572);
#1117=LINE('',#7153,#1573);
#1118=LINE('',#7155,#1574);
#1119=LINE('',#7156,#1575);
#1120=LINE('',#7159,#1576);
#1121=LINE('',#7161,#1577);
#1122=LINE('',#7163,#1578);
#1123=LINE('',#7164,#1579);
#1124=LINE('',#7166,#1580);
#1125=LINE('',#7167,#1581);
#1126=LINE('',#7170,#1582);
#1127=LINE('',#7172,#1583);
#1128=LINE('',#7173,#1584);
#1129=LINE('',#7175,#1585);
#1130=LINE('',#7177,#1586);
#1131=LINE('',#7178,#1587);
#1132=LINE('',#7180,#1588);
#1133=LINE('',#7182,#1589);
#1134=LINE('',#7185,#1590);
#1135=LINE('',#7187,#1591);
#1136=LINE('',#7189,#1592);
#1137=LINE('',#7191,#1593);
#1138=LINE('',#7192,#1594);
#1139=LINE('',#7195,#1595);
#1140=LINE('',#7197,#1596);
#1141=LINE('',#7199,#1597);
#1142=LINE('',#7201,#1598);
#1143=LINE('',#7202,#1599);
#1144=LINE('',#7205,#1600);
#1145=LINE('',#7207,#1601);
#1146=LINE('',#7208,#1602);
#1147=LINE('',#7211,#1603);
#1148=LINE('',#7213,#1604);
#1149=LINE('',#7214,#1605);
#1150=LINE('',#7217,#1606);
#1151=LINE('',#7219,#1607);
#1152=LINE('',#7221,#1608);
#1153=LINE('',#7223,#1609);
#1154=LINE('',#7224,#1610);
#1155=LINE('',#7226,#1611);
#1156=LINE('',#7228,#1612);
#1157=LINE('',#7230,#1613);
#1158=LINE('',#7232,#1614);
#1159=LINE('',#7233,#1615);
#1160=LINE('',#7236,#1616);
#1161=LINE('',#7238,#1617);
#1162=LINE('',#7239,#1618);
#1163=LINE('',#7243,#1619);
#1164=LINE('',#7244,#1620);
#1165=LINE('',#7245,#1621);
#1166=LINE('',#7248,#1622);
#1167=LINE('',#7250,#1623);
#1168=LINE('',#7251,#1624);
#1169=LINE('',#7255,#1625);
#1170=LINE('',#7257,#1626);
#1171=LINE('',#7259,#1627);
#1172=LINE('',#7261,#1628);
#1173=LINE('',#7263,#1629);
#1174=LINE('',#7273,#1630);
#1175=LINE('',#7283,#1631);
#1176=LINE('',#7284,#1632);
#1177=LINE('',#7289,#1633);
#1178=LINE('',#7293,#1634);
#1179=LINE('',#7295,#1635);
#1180=LINE('',#7297,#1636);
#1181=LINE('',#7307,#1637);
#1182=LINE('',#7317,#1638);
#1183=LINE('',#7319,#1639);
#1184=LINE('',#7320,#1640);
#1185=LINE('',#7325,#1641);
#1186=LINE('',#7350,#1642);
#1187=LINE('',#7352,#1643);
#1188=LINE('',#7354,#1644);
#1189=LINE('',#7356,#1645);
#1190=LINE('',#7358,#1646);
#1191=LINE('',#7368,#1647);
#1192=LINE('',#7378,#1648);
#1193=LINE('',#7379,#1649);
#1194=LINE('',#7384,#1650);
#1195=LINE('',#7388,#1651);
#1196=LINE('',#7390,#1652);
#1197=LINE('',#7392,#1653);
#1198=LINE('',#7402,#1654);
#1199=LINE('',#7412,#1655);
#1200=LINE('',#7414,#1656);
#1201=LINE('',#7415,#1657);
#1202=LINE('',#7420,#1658);
#1203=LINE('',#7446,#1659);
#1204=LINE('',#7456,#1660);
#1205=LINE('',#7458,#1661);
#1206=LINE('',#7463,#1662);
#1207=LINE('',#7473,#1663);
#1208=LINE('',#7475,#1664);
#1209=LINE('',#7480,#1665);
#1210=LINE('',#7487,#1666);
#1211=LINE('',#7494,#1667);
#1212=LINE('',#7500,#1668);
#1213=LINE('',#7507,#1669);
#1214=LINE('',#7514,#1670);
#1215=LINE('',#7520,#1671);
#1216=LINE('',#7527,#1672);
#1217=LINE('',#7532,#1673);
#1218=LINE('',#7534,#1674);
#1219=LINE('',#7535,#1675);
#1220=LINE('',#7538,#1676);
#1221=LINE('',#7539,#1677);
#1222=LINE('',#7542,#1678);
#1223=LINE('',#7543,#1679);
#1224=LINE('',#7546,#1680);
#1225=LINE('',#7548,#1681);
#1226=LINE('',#7549,#1682);
#1227=LINE('',#7552,#1683);
#1228=LINE('',#7556,#1684);
#1229=LINE('',#7560,#1685);
#1230=LINE('',#7562,#1686);
#1231=LINE('',#7564,#1687);
#1232=LINE('',#7565,#1688);
#1233=LINE('',#7569,#1689);
#1234=LINE('',#7571,#1690);
#1235=LINE('',#7573,#1691);
#1236=LINE('',#7574,#1692);
#1237=LINE('',#7577,#1693);
#1238=LINE('',#7579,#1694);
#1239=LINE('',#7580,#1695);
#1240=LINE('',#7582,#1696);
#1241=LINE('',#7583,#1697);
#1242=LINE('',#7586,#1698);
#1243=LINE('',#7588,#1699);
#1244=LINE('',#7590,#1700);
#1245=LINE('',#7592,#1701);
#1246=LINE('',#7594,#1702);
#1247=LINE('',#7596,#1703);
#1248=LINE('',#7598,#1704);
#1249=LINE('',#7599,#1705);
#1250=LINE('',#7602,#1706);
#1251=LINE('',#7604,#1707);
#1252=LINE('',#7605,#1708);
#1253=LINE('',#7608,#1709);
#1254=LINE('',#7610,#1710);
#1255=LINE('',#7611,#1711);
#1256=LINE('',#7613,#1712);
#1257=LINE('',#7615,#1713);
#1258=LINE('',#7617,#1714);
#1259=LINE('',#7619,#1715);
#1260=LINE('',#7620,#1716);
#1261=LINE('',#7621,#1717);
#1262=LINE('',#7623,#1718);
#1263=LINE('',#7625,#1719);
#1264=LINE('',#7627,#1720);
#1265=LINE('',#7629,#1721);
#1266=LINE('',#7630,#1722);
#1267=LINE('',#7631,#1723);
#1268=LINE('',#7634,#1724);
#1269=LINE('',#7635,#1725);
#1270=LINE('',#7638,#1726);
#1271=LINE('',#7639,#1727);
#1272=LINE('',#7643,#1728);
#1273=LINE('',#7647,#1729);
#1274=LINE('',#7651,#1730);
#1275=LINE('',#7655,#1731);
#1276=LINE('',#7659,#1732);
#1277=LINE('',#7665,#1733);
#1278=LINE('',#7669,#1734);
#1279=LINE('',#7675,#1735);
#1280=LINE('',#7679,#1736);
#1281=LINE('',#7683,#1737);
#1282=LINE('',#7689,#1738);
#1283=LINE('',#7693,#1739);
#1284=LINE('',#7696,#1740);
#1285=LINE('',#7698,#1741);
#1286=LINE('',#7699,#1742);
#1287=LINE('',#7701,#1743);
#1288=LINE('',#7703,#1744);
#1289=LINE('',#7704,#1745);
#1290=LINE('',#7706,#1746);
#1291=LINE('',#7708,#1747);
#1292=LINE('',#7710,#1748);
#1293=LINE('',#7713,#1749);
#1294=LINE('',#7716,#1750);
#1295=LINE('',#7728,#1751);
#1296=LINE('',#7732,#1752);
#1297=LINE('',#7735,#1753);
#1298=LINE('',#7743,#1754);
#1299=LINE('',#7744,#1755);
#1300=LINE('',#7746,#1756);
#1301=LINE('',#7748,#1757);
#1302=LINE('',#7750,#1758);
#1303=LINE('',#7751,#1759);
#1304=LINE('',#7754,#1760);
#1305=LINE('',#7758,#1761);
#1306=LINE('',#7762,#1762);
#1307=LINE('',#7765,#1763);
#1308=LINE('',#7767,#1764);
#1309=LINE('',#7768,#1765);
#1310=LINE('',#7770,#1766);
#1311=LINE('',#7772,#1767);
#1312=LINE('',#7774,#1768);
#1313=LINE('',#7777,#1769);
#1314=LINE('',#7778,#1770);
#1315=LINE('',#7780,#1771);
#1316=LINE('',#7782,#1772);
#1317=LINE('',#7783,#1773);
#1318=LINE('',#7785,#1774);
#1319=LINE('',#7786,#1775);
#1320=LINE('',#7791,#1776);
#1321=LINE('',#7792,#1777);
#1322=LINE('',#7795,#1778);
#1323=LINE('',#7797,#1779);
#1324=LINE('',#7799,#1780);
#1325=LINE('',#7800,#1781);
#1326=LINE('',#7801,#1782);
#1327=LINE('',#7805,#1783);
#1328=LINE('',#7810,#1784);
#1329=LINE('',#7811,#1785);
#1330=LINE('',#7813,#1786);
#1331=LINE('',#7815,#1787);
#1332=LINE('',#7817,#1788);
#1333=LINE('',#7819,#1789);
#1334=LINE('',#7820,#1790);
#1335=LINE('',#7823,#1791);
#1336=LINE('',#7827,#1792);
#1337=LINE('',#7831,#1793);
#1338=VECTOR('',#5143,1.2);
#1339=VECTOR('',#5150,1.2);
#1340=VECTOR('',#5155,10.);
#1341=VECTOR('',#5156,10.);
#1342=VECTOR('',#5157,10.);
#1343=VECTOR('',#5158,10.);
#1344=VECTOR('',#5161,10.);
#1345=VECTOR('',#5162,10.);
#1346=VECTOR('',#5163,10.);
#1347=VECTOR('',#5166,10.);
#1348=VECTOR('',#5167,10.);
#1349=VECTOR('',#5168,10.);
#1350=VECTOR('',#5171,10.);
#1351=VECTOR('',#5172,10.);
#1352=VECTOR('',#5175,10.);
#1353=VECTOR('',#5176,10.);
#1354=VECTOR('',#5177,10.);
#1355=VECTOR('',#5178,10.);
#1356=VECTOR('',#5181,10.);
#1357=VECTOR('',#5182,10.);
#1358=VECTOR('',#5183,10.);
#1359=VECTOR('',#5184,10.);
#1360=VECTOR('',#5187,10.);
#1361=VECTOR('',#5188,10.);
#1362=VECTOR('',#5191,10.);
#1363=VECTOR('',#5194,10.);
#1364=VECTOR('',#5213,10.);
#1365=VECTOR('',#5214,10.);
#1366=VECTOR('',#5227,10.);
#1367=VECTOR('',#5228,10.);
#1368=VECTOR('',#5241,10.);
#1369=VECTOR('',#5242,10.);
#1370=VECTOR('',#5253,10.);
#1371=VECTOR('',#5254,10.);
#1372=VECTOR('',#5257,10.);
#1373=VECTOR('',#5258,10.);
#1374=VECTOR('',#5259,10.);
#1375=VECTOR('',#5262,10.);
#1376=VECTOR('',#5267,10.);
#1377=VECTOR('',#5268,10.);
#1378=VECTOR('',#5271,10.);
#1379=VECTOR('',#5278,10.);
#1380=VECTOR('',#5281,10.);
#1381=VECTOR('',#5284,10.);
#1382=VECTOR('',#5287,10.);
#1383=VECTOR('',#5300,10.);
#1384=VECTOR('',#5311,10.);
#1385=VECTOR('',#5322,10.);
#1386=VECTOR('',#5331,10.);
#1387=VECTOR('',#5334,10.);
#1388=VECTOR('',#5335,10.);
#1389=VECTOR('',#5336,10.);
#1390=VECTOR('',#5339,10.);
#1391=VECTOR('',#5344,10.);
#1392=VECTOR('',#5345,10.);
#1393=VECTOR('',#5348,10.);
#1394=VECTOR('',#5353,10.);
#1395=VECTOR('',#5354,10.);
#1396=VECTOR('',#5355,10.);
#1397=VECTOR('',#5356,10.);
#1398=VECTOR('',#5359,10.);
#1399=VECTOR('',#5360,10.);
#1400=VECTOR('',#5361,10.);
#1401=VECTOR('',#5364,10.);
#1402=VECTOR('',#5365,10.);
#1403=VECTOR('',#5368,10.);
#1404=VECTOR('',#5369,10.);
#1405=VECTOR('',#5372,10.);
#1406=VECTOR('',#5375,10.);
#1407=VECTOR('',#5376,10.);
#1408=VECTOR('',#5377,10.);
#1409=VECTOR('',#5378,10.);
#1410=VECTOR('',#5381,10.);
#1411=VECTOR('',#5382,10.);
#1412=VECTOR('',#5383,10.);
#1413=VECTOR('',#5386,10.);
#1414=VECTOR('',#5387,10.);
#1415=VECTOR('',#5390,10.);
#1416=VECTOR('',#5391,10.);
#1417=VECTOR('',#5394,10.);
#1418=VECTOR('',#5397,10.);
#1419=VECTOR('',#5400,10.);
#1420=VECTOR('',#5405,10.);
#1421=VECTOR('',#5408,10.);
#1422=VECTOR('',#5413,10.);
#1423=VECTOR('',#5416,10.);
#1424=VECTOR('',#5421,10.);
#1425=VECTOR('',#5422,10.);
#1426=VECTOR('',#5425,10.);
#1427=VECTOR('',#5426,10.);
#1428=VECTOR('',#5429,10.);
#1429=VECTOR('',#5432,10.);
#1430=VECTOR('',#5435,10.);
#1431=VECTOR('',#5438,10.);
#1432=VECTOR('',#5441,10.);
#1433=VECTOR('',#5444,10.);
#1434=VECTOR('',#5447,10.);
#1435=VECTOR('',#5450,10.);
#1436=VECTOR('',#5455,10.);
#1437=VECTOR('',#5458,10.);
#1438=VECTOR('',#5463,10.);
#1439=VECTOR('',#5466,10.);
#1440=VECTOR('',#5471,10.);
#1441=VECTOR('',#5472,10.);
#1442=VECTOR('',#5475,10.);
#1443=VECTOR('',#5476,10.);
#1444=VECTOR('',#5479,10.);
#1445=VECTOR('',#5482,10.);
#1446=VECTOR('',#5485,10.);
#1447=VECTOR('',#5488,10.);
#1448=VECTOR('',#5491,10.);
#1449=VECTOR('',#5494,10.);
#1450=VECTOR('',#5497,10.);
#1451=VECTOR('',#5500,10.);
#1452=VECTOR('',#5505,10.);
#1453=VECTOR('',#5508,10.);
#1454=VECTOR('',#5511,10.);
#1455=VECTOR('',#5514,10.);
#1456=VECTOR('',#5517,10.);
#1457=VECTOR('',#5520,10.);
#1458=VECTOR('',#5521,10.);
#1459=VECTOR('',#5526,10.);
#1460=VECTOR('',#5537,1.5);
#1461=VECTOR('',#5544,1.5);
#1462=VECTOR('',#5551,1.5);
#1463=VECTOR('',#5558,1.5);
#1464=VECTOR('',#5563,10.);
#1465=VECTOR('',#5564,10.);
#1466=VECTOR('',#5565,10.);
#1467=VECTOR('',#5566,10.);
#1468=VECTOR('',#5569,10.);
#1469=VECTOR('',#5570,10.);
#1470=VECTOR('',#5571,10.);
#1471=VECTOR('',#5572,10.);
#1472=VECTOR('',#5575,10.);
#1473=VECTOR('',#5576,10.);
#1474=VECTOR('',#5579,10.);
#1475=VECTOR('',#5582,10.);
#1476=VECTOR('',#5587,10.);
#1477=VECTOR('',#5588,10.);
#1478=VECTOR('',#5589,10.);
#1479=VECTOR('',#5590,10.);
#1480=VECTOR('',#5593,10.);
#1481=VECTOR('',#5594,10.);
#1482=VECTOR('',#5595,10.);
#1483=VECTOR('',#5596,10.);
#1484=VECTOR('',#5599,10.);
#1485=VECTOR('',#5600,10.);
#1486=VECTOR('',#5603,10.);
#1487=VECTOR('',#5606,10.);
#1488=VECTOR('',#5611,10.);
#1489=VECTOR('',#5612,10.);
#1490=VECTOR('',#5613,10.);
#1491=VECTOR('',#5614,10.);
#1492=VECTOR('',#5617,10.);
#1493=VECTOR('',#5618,10.);
#1494=VECTOR('',#5619,10.);
#1495=VECTOR('',#5620,10.);
#1496=VECTOR('',#5623,10.);
#1497=VECTOR('',#5624,10.);
#1498=VECTOR('',#5627,10.);
#1499=VECTOR('',#5630,10.);
#1500=VECTOR('',#5635,10.);
#1501=VECTOR('',#5636,10.);
#1502=VECTOR('',#5637,10.);
#1503=VECTOR('',#5638,10.);
#1504=VECTOR('',#5641,10.);
#1505=VECTOR('',#5642,10.);
#1506=VECTOR('',#5643,10.);
#1507=VECTOR('',#5644,10.);
#1508=VECTOR('',#5647,10.);
#1509=VECTOR('',#5648,10.);
#1510=VECTOR('',#5651,10.);
#1511=VECTOR('',#5654,10.);
#1512=VECTOR('',#5661,0.575);
#1513=VECTOR('',#5672,0.575);
#1514=VECTOR('',#5683,0.575);
#1515=VECTOR('',#5694,0.575);
#1516=VECTOR('',#5705,0.575);
#1517=VECTOR('',#5716,0.575);
#1518=VECTOR('',#5727,0.575);
#1519=VECTOR('',#5738,0.575);
#1520=VECTOR('',#5749,10.);
#1521=VECTOR('',#5750,10.);
#1522=VECTOR('',#5751,10.);
#1523=VECTOR('',#5752,10.);
#1524=VECTOR('',#5755,10.);
#1525=VECTOR('',#5756,10.);
#1526=VECTOR('',#5757,10.);
#1527=VECTOR('',#5758,10.);
#1528=VECTOR('',#5761,10.);
#1529=VECTOR('',#5762,10.);
#1530=VECTOR('',#5763,10.);
#1531=VECTOR('',#5764,10.);
#1532=VECTOR('',#5765,10.);
#1533=VECTOR('',#5766,10.);
#1534=VECTOR('',#5769,10.);
#1535=VECTOR('',#5770,10.);
#1536=VECTOR('',#5773,10.);
#1537=VECTOR('',#5774,10.);
#1538=VECTOR('',#5775,10.);
#1539=VECTOR('',#5778,10.);
#1540=VECTOR('',#5779,10.);
#1541=VECTOR('',#5782,10.);
#1542=VECTOR('',#5785,10.);
#1543=VECTOR('',#5786,10.);
#1544=VECTOR('',#5789,10.);
#1545=VECTOR('',#5790,10.);
#1546=VECTOR('',#5791,10.);
#1547=VECTOR('',#5792,10.);
#1548=VECTOR('',#5795,10.);
#1549=VECTOR('',#5796,10.);
#1550=VECTOR('',#5797,10.);
#1551=VECTOR('',#5798,10.);
#1552=VECTOR('',#5801,10.);
#1553=VECTOR('',#5802,10.);
#1554=VECTOR('',#5803,10.);
#1555=VECTOR('',#5804,10.);
#1556=VECTOR('',#5805,10.);
#1557=VECTOR('',#5806,10.);
#1558=VECTOR('',#5809,10.);
#1559=VECTOR('',#5810,10.);
#1560=VECTOR('',#5813,10.);
#1561=VECTOR('',#5814,10.);
#1562=VECTOR('',#5815,10.);
#1563=VECTOR('',#5818,10.);
#1564=VECTOR('',#5819,10.);
#1565=VECTOR('',#5822,10.);
#1566=VECTOR('',#5825,10.);
#1567=VECTOR('',#5826,10.);
#1568=VECTOR('',#5829,10.);
#1569=VECTOR('',#5830,10.);
#1570=VECTOR('',#5831,10.);
#1571=VECTOR('',#5832,10.);
#1572=VECTOR('',#5835,10.);
#1573=VECTOR('',#5836,10.);
#1574=VECTOR('',#5837,10.);
#1575=VECTOR('',#5838,10.);
#1576=VECTOR('',#5841,10.);
#1577=VECTOR('',#5842,10.);
#1578=VECTOR('',#5843,10.);
#1579=VECTOR('',#5844,10.);
#1580=VECTOR('',#5845,10.);
#1581=VECTOR('',#5846,10.);
#1582=VECTOR('',#5849,10.);
#1583=VECTOR('',#5850,10.);
#1584=VECTOR('',#5851,10.);
#1585=VECTOR('',#5852,10.);
#1586=VECTOR('',#5853,10.);
#1587=VECTOR('',#5854,10.);
#1588=VECTOR('',#5857,10.);
#1589=VECTOR('',#5860,10.);
#1590=VECTOR('',#5863,10.);
#1591=VECTOR('',#5864,10.);
#1592=VECTOR('',#5865,10.);
#1593=VECTOR('',#5866,10.);
#1594=VECTOR('',#5867,10.);
#1595=VECTOR('',#5870,10.);
#1596=VECTOR('',#5871,10.);
#1597=VECTOR('',#5872,10.);
#1598=VECTOR('',#5873,10.);
#1599=VECTOR('',#5874,10.);
#1600=VECTOR('',#5877,10.);
#1601=VECTOR('',#5878,10.);
#1602=VECTOR('',#5879,10.);
#1603=VECTOR('',#5882,10.);
#1604=VECTOR('',#5883,10.);
#1605=VECTOR('',#5884,10.);
#1606=VECTOR('',#5887,10.);
#1607=VECTOR('',#5888,10.);
#1608=VECTOR('',#5889,10.);
#1609=VECTOR('',#5890,10.);
#1610=VECTOR('',#5891,10.);
#1611=VECTOR('',#5892,10.);
#1612=VECTOR('',#5893,10.);
#1613=VECTOR('',#5894,10.);
#1614=VECTOR('',#5895,10.);
#1615=VECTOR('',#5896,10.);
#1616=VECTOR('',#5899,10.);
#1617=VECTOR('',#5900,10.);
#1618=VECTOR('',#5901,10.);
#1619=VECTOR('',#5904,10.);
#1620=VECTOR('',#5905,10.);
#1621=VECTOR('',#5906,10.);
#1622=VECTOR('',#5909,10.);
#1623=VECTOR('',#5910,10.);
#1624=VECTOR('',#5911,10.);
#1625=VECTOR('',#5914,10.);
#1626=VECTOR('',#5915,10.);
#1627=VECTOR('',#5916,10.);
#1628=VECTOR('',#5917,10.);
#1629=VECTOR('',#5918,10.);
#1630=VECTOR('',#5919,10.);
#1631=VECTOR('',#5920,10.);
#1632=VECTOR('',#5921,10.);
#1633=VECTOR('',#5926,10.);
#1634=VECTOR('',#5931,10.);
#1635=VECTOR('',#5932,10.);
#1636=VECTOR('',#5933,10.);
#1637=VECTOR('',#5934,10.);
#1638=VECTOR('',#5935,10.);
#1639=VECTOR('',#5936,10.);
#1640=VECTOR('',#5937,10.);
#1641=VECTOR('',#5942,2.2);
#1642=VECTOR('',#5987,10.);
#1643=VECTOR('',#5988,10.);
#1644=VECTOR('',#5989,10.);
#1645=VECTOR('',#5990,10.);
#1646=VECTOR('',#5991,10.);
#1647=VECTOR('',#5992,10.);
#1648=VECTOR('',#5993,10.);
#1649=VECTOR('',#5994,10.);
#1650=VECTOR('',#5999,10.);
#1651=VECTOR('',#6004,10.);
#1652=VECTOR('',#6005,10.);
#1653=VECTOR('',#6006,10.);
#1654=VECTOR('',#6007,10.);
#1655=VECTOR('',#6008,10.);
#1656=VECTOR('',#6009,10.);
#1657=VECTOR('',#6010,10.);
#1658=VECTOR('',#6015,2.2);
#1659=VECTOR('',#6062,1.2);
#1660=VECTOR('',#6075,1.35);
#1661=VECTOR('',#6078,10.);
#1662=VECTOR('',#6083,1.2);
#1663=VECTOR('',#6096,1.35);
#1664=VECTOR('',#6099,10.);
#1665=VECTOR('',#6104,2.4);
#1666=VECTOR('',#6113,2.4);
#1667=VECTOR('',#6122,1.1);
#1668=VECTOR('',#6129,1.6);
#1669=VECTOR('',#6138,2.);
#1670=VECTOR('',#6147,1.1);
#1671=VECTOR('',#6154,1.6);
#1672=VECTOR('',#6163,2.);
#1673=VECTOR('',#6170,10.);
#1674=VECTOR('',#6171,10.);
#1675=VECTOR('',#6172,10.);
#1676=VECTOR('',#6175,10.);
#1677=VECTOR('',#6176,10.);
#1678=VECTOR('',#6179,10.);
#1679=VECTOR('',#6180,10.);
#1680=VECTOR('',#6183,10.);
#1681=VECTOR('',#6184,10.);
#1682=VECTOR('',#6185,10.);
#1683=VECTOR('',#6188,10.);
#1684=VECTOR('',#6191,10.);
#1685=VECTOR('',#6194,10.);
#1686=VECTOR('',#6195,10.);
#1687=VECTOR('',#6196,10.);
#1688=VECTOR('',#6197,10.);
#1689=VECTOR('',#6200,10.);
#1690=VECTOR('',#6201,10.);
#1691=VECTOR('',#6202,10.);
#1692=VECTOR('',#6203,10.);
#1693=VECTOR('',#6206,10.);
#1694=VECTOR('',#6207,10.);
#1695=VECTOR('',#6208,10.);
#1696=VECTOR('',#6211,10.);
#1697=VECTOR('',#6212,10.);
#1698=VECTOR('',#6215,10.);
#1699=VECTOR('',#6216,10.);
#1700=VECTOR('',#6217,10.);
#1701=VECTOR('',#6218,10.);
#1702=VECTOR('',#6219,10.);
#1703=VECTOR('',#6220,10.);
#1704=VECTOR('',#6221,10.);
#1705=VECTOR('',#6222,10.);
#1706=VECTOR('',#6225,10.);
#1707=VECTOR('',#6226,10.);
#1708=VECTOR('',#6227,10.);
#1709=VECTOR('',#6230,10.);
#1710=VECTOR('',#6231,10.);
#1711=VECTOR('',#6232,10.);
#1712=VECTOR('',#6235,10.);
#1713=VECTOR('',#6236,10.);
#1714=VECTOR('',#6237,10.);
#1715=VECTOR('',#6238,10.);
#1716=VECTOR('',#6239,10.);
#1717=VECTOR('',#6240,10.);
#1718=VECTOR('',#6243,10.);
#1719=VECTOR('',#6244,10.);
#1720=VECTOR('',#6245,10.);
#1721=VECTOR('',#6246,10.);
#1722=VECTOR('',#6247,10.);
#1723=VECTOR('',#6248,10.);
#1724=VECTOR('',#6251,10.);
#1725=VECTOR('',#6252,10.);
#1726=VECTOR('',#6255,10.);
#1727=VECTOR('',#6256,10.);
#1728=VECTOR('',#6259,10.);
#1729=VECTOR('',#6262,10.);
#1730=VECTOR('',#6265,10.);
#1731=VECTOR('',#6268,10.);
#1732=VECTOR('',#6271,10.);
#1733=VECTOR('',#6276,10.);
#1734=VECTOR('',#6279,10.);
#1735=VECTOR('',#6284,10.);
#1736=VECTOR('',#6287,10.);
#1737=VECTOR('',#6290,10.);
#1738=VECTOR('',#6295,10.);
#1739=VECTOR('',#6298,10.);
#1740=VECTOR('',#6301,10.);
#1741=VECTOR('',#6302,10.);
#1742=VECTOR('',#6303,10.);
#1743=VECTOR('',#6304,10.);
#1744=VECTOR('',#6305,10.);
#1745=VECTOR('',#6306,10.);
#1746=VECTOR('',#6309,10.);
#1747=VECTOR('',#6312,10.);
#1748=VECTOR('',#6315,10.);
#1749=VECTOR('',#6320,10.);
#1750=VECTOR('',#6325,10.);
#1751=VECTOR('',#6338,10.);
#1752=VECTOR('',#6341,10.);
#1753=VECTOR('',#6344,10.);
#1754=VECTOR('',#6353,10.);
#1755=VECTOR('',#6354,10.);
#1756=VECTOR('',#6357,10.);
#1757=VECTOR('',#6358,10.);
#1758=VECTOR('',#6359,10.);
#1759=VECTOR('',#6360,10.);
#1760=VECTOR('',#6363,10.);
#1761=VECTOR('',#6366,10.);
#1762=VECTOR('',#6369,10.);
#1763=VECTOR('',#6374,10.);
#1764=VECTOR('',#6377,10.);
#1765=VECTOR('',#6378,10.);
#1766=VECTOR('',#6381,10.);
#1767=VECTOR('',#6384,10.);
#1768=VECTOR('',#6387,10.);
#1769=VECTOR('',#6392,10.);
#1770=VECTOR('',#6393,10.);
#1771=VECTOR('',#6396,10.);
#1772=VECTOR('',#6399,10.);
#1773=VECTOR('',#6400,10.);
#1774=VECTOR('',#6403,10.);
#1775=VECTOR('',#6404,10.);
#1776=VECTOR('',#6409,10.);
#1777=VECTOR('',#6410,10.);
#1778=VECTOR('',#6413,10.);
#1779=VECTOR('',#6414,10.);
#1780=VECTOR('',#6415,10.);
#1781=VECTOR('',#6416,10.);
#1782=VECTOR('',#6417,10.);
#1783=VECTOR('',#6422,10.);
#1784=VECTOR('',#6427,10.);
#1785=VECTOR('',#6428,10.);
#1786=VECTOR('',#6431,10.);
#1787=VECTOR('',#6434,10.);
#1788=VECTOR('',#6437,3.75);
#1789=VECTOR('',#6440,10.);
#1790=VECTOR('',#6441,3.75);
#1791=VECTOR('',#6446,10.);
#1792=VECTOR('',#6451,10.);
#1793=VECTOR('',#6458,10.);
#1794=CIRCLE('',#4695,1.2);
#1795=CIRCLE('',#4696,1.2);
#1796=CIRCLE('',#4698,1.2);
#1797=CIRCLE('',#4699,1.2);
#1798=CIRCLE('',#4712,0.4);
#1799=CIRCLE('',#4713,2.);
#1800=CIRCLE('',#4714,0.4);
#1801=CIRCLE('',#4715,1.6);
#1802=CIRCLE('',#4717,0.4);
#1803=CIRCLE('',#4719,0.4);
#1804=CIRCLE('',#4720,1.6);
#1805=CIRCLE('',#4721,2.);
#1806=CIRCLE('',#4723,0.4);
#1807=CIRCLE('',#4725,0.4);
#1808=CIRCLE('',#4726,1.6);
#1809=CIRCLE('',#4727,2.);
#1810=CIRCLE('',#4729,0.4);
#1811=CIRCLE('',#4731,0.4);
#1812=CIRCLE('',#4732,1.6);
#1813=CIRCLE('',#4733,2.);
#1814=CIRCLE('',#4737,2.);
#1815=CIRCLE('',#4740,2.);
#1816=CIRCLE('',#4742,1.2);
#1817=CIRCLE('',#4743,1.2);
#1818=CIRCLE('',#4744,1.2);
#1819=CIRCLE('',#4745,1.2);
#1820=CIRCLE('',#4747,0.4);
#1821=CIRCLE('',#4748,0.8);
#1822=CIRCLE('',#4749,0.4);
#1823=CIRCLE('',#4751,0.4);
#1824=CIRCLE('',#4753,0.400000000000001);
#1825=CIRCLE('',#4754,0.8);
#1826=CIRCLE('',#4756,0.4);
#1827=CIRCLE('',#4758,0.4);
#1828=CIRCLE('',#4759,0.8);
#1829=CIRCLE('',#4761,0.4);
#1830=CIRCLE('',#4763,0.400000000000001);
#1831=CIRCLE('',#4764,0.8);
#1832=CIRCLE('',#4768,0.8);
#1833=CIRCLE('',#4771,0.8);
#1834=CIRCLE('',#4783,0.6);
#1835=CIRCLE('',#4784,0.6);
#1836=CIRCLE('',#4786,0.6);
#1837=CIRCLE('',#4787,0.6);
#1838=CIRCLE('',#4789,0.6);
#1839=CIRCLE('',#4790,0.6);
#1840=CIRCLE('',#4792,0.6);
#1841=CIRCLE('',#4794,0.6);
#1842=CIRCLE('',#4800,0.6);
#1843=CIRCLE('',#4801,0.6);
#1844=CIRCLE('',#4803,0.6);
#1845=CIRCLE('',#4804,0.6);
#1846=CIRCLE('',#4806,0.6);
#1847=CIRCLE('',#4807,0.6);
#1848=CIRCLE('',#4809,0.6);
#1849=CIRCLE('',#4811,0.6);
#1850=CIRCLE('',#4817,0.8);
#1851=CIRCLE('',#4819,0.8);
#1852=CIRCLE('',#4823,2.);
#1853=CIRCLE('',#4825,2.);
#1854=CIRCLE('',#4831,1.5);
#1855=CIRCLE('',#4832,1.5);
#1856=CIRCLE('',#4834,1.5);
#1857=CIRCLE('',#4835,1.5);
#1858=CIRCLE('',#4837,1.5);
#1859=CIRCLE('',#4838,1.5);
#1860=CIRCLE('',#4840,1.5);
#1861=CIRCLE('',#4841,1.5);
#1862=CIRCLE('',#4867,0.15);
#1863=CIRCLE('',#4868,1.);
#1864=CIRCLE('',#4872,0.15);
#1865=CIRCLE('',#4873,1.);
#1866=CIRCLE('',#4877,0.15);
#1867=CIRCLE('',#4878,1.);
#1868=CIRCLE('',#4882,0.15);
#1869=CIRCLE('',#4883,1.);
#1870=CIRCLE('',#4887,0.15);
#1871=CIRCLE('',#4888,1.);
#1872=CIRCLE('',#4892,0.15);
#1873=CIRCLE('',#4893,1.);
#1874=CIRCLE('',#4897,0.15);
#1875=CIRCLE('',#4898,1.);
#1876=CIRCLE('',#4902,0.15);
#1877=CIRCLE('',#4903,1.);
#1878=CIRCLE('',#4939,2.2);
#1879=CIRCLE('',#4940,2.2);
#1880=CIRCLE('',#4943,2.2);
#1881=CIRCLE('',#4944,2.2);
#1882=CIRCLE('',#4945,2.2);
#1883=CIRCLE('',#4946,2.2);
#1884=CIRCLE('',#4948,1.4);
#1885=CIRCLE('',#4950,1.4);
#1886=CIRCLE('',#4952,1.4);
#1887=CIRCLE('',#4954,1.4);
#1888=CIRCLE('',#4956,1.675);
#1889=CIRCLE('',#4958,1.675);
#1890=CIRCLE('',#4960,1.2);
#1891=CIRCLE('',#4963,1.2);
#1892=CIRCLE('',#4967,2.2);
#1893=CIRCLE('',#4968,2.2);
#1894=CIRCLE('',#4971,2.2);
#1895=CIRCLE('',#4972,2.2);
#1896=CIRCLE('',#4973,2.2);
#1897=CIRCLE('',#4974,2.2);
#1898=CIRCLE('',#4976,1.4);
#1899=CIRCLE('',#4978,1.4);
#1900=CIRCLE('',#4980,1.4);
#1901=CIRCLE('',#4982,1.4);
#1902=CIRCLE('',#4984,1.675);
#1903=CIRCLE('',#4986,1.675);
#1904=CIRCLE('',#4988,1.2);
#1905=CIRCLE('',#4991,1.2);
#1906=CIRCLE('',#4994,1.05);
#1907=CIRCLE('',#4995,1.35);
#1908=CIRCLE('',#4998,1.35);
#1909=CIRCLE('',#4999,1.35);
#1910=CIRCLE('',#5000,1.35);
#1911=CIRCLE('',#5003,1.05);
#1912=CIRCLE('',#5004,1.35);
#1913=CIRCLE('',#5007,1.35);
#1914=CIRCLE('',#5008,1.35);
#1915=CIRCLE('',#5009,1.35);
#1916=CIRCLE('',#5012,2.4);
#1917=CIRCLE('',#5013,2.4);
#1918=CIRCLE('',#5016,2.4);
#1919=CIRCLE('',#5017,2.4);
#1920=CIRCLE('',#5020,1.1);
#1921=CIRCLE('',#5021,1.1);
#1922=CIRCLE('',#5023,1.6);
#1923=CIRCLE('',#5024,1.6);
#1924=CIRCLE('',#5027,2.);
#1925=CIRCLE('',#5028,2.);
#1926=CIRCLE('',#5031,1.1);
#1927=CIRCLE('',#5032,1.1);
#1928=CIRCLE('',#5034,1.6);
#1929=CIRCLE('',#5035,1.6);
#1930=CIRCLE('',#5038,2.);
#1931=CIRCLE('',#5039,2.);
#1932=CIRCLE('',#5046,4.);
#1933=CIRCLE('',#5047,4.);
#1934=CIRCLE('',#5059,2.5);
#1935=CIRCLE('',#5060,4.);
#1936=CIRCLE('',#5061,4.);
#1937=CIRCLE('',#5062,2.5);
#1938=CIRCLE('',#5063,3.75);
#1939=CIRCLE('',#5064,3.75);
#1940=CIRCLE('',#5065,2.5);
#1941=CIRCLE('',#5066,4.);
#1942=CIRCLE('',#5067,2.5);
#1943=CIRCLE('',#5068,3.);
#1944=CIRCLE('',#5069,3.);
#1945=CIRCLE('',#5070,2.5);
#1946=CIRCLE('',#5071,4.);
#1947=CIRCLE('',#5072,2.5);
#1948=CIRCLE('',#5073,3.75);
#1949=CIRCLE('',#5083,3.75);
#1950=CIRCLE('',#5085,3.75);
#1951=CIRCLE('',#5086,3.75);
#1952=CIRCLE('',#5087,2.5);
#1953=CIRCLE('',#5088,2.5);
#1954=CIRCLE('',#5090,3.75);
#1955=CIRCLE('',#5092,2.5);
#1956=CIRCLE('',#5095,3.);
#1957=CIRCLE('',#5096,3.);
#1958=CIRCLE('',#5097,2.5);
#1959=CIRCLE('',#5109,2.5);
#1960=CIRCLE('',#5112,2.5);
#1961=CIRCLE('',#5114,3.75);
#1962=CIRCLE('',#5123,4.);
#1963=CIRCLE('',#5125,4.);
#1964=VERTEX_POINT('',#6477);
#1965=VERTEX_POINT('',#6479);
#1966=VERTEX_POINT('',#6483);
#1967=VERTEX_POINT('',#6485);
#1968=VERTEX_POINT('',#6489);
#1969=VERTEX_POINT('',#6490);
#1970=VERTEX_POINT('',#6492);
#1971=VERTEX_POINT('',#6494);
#1972=VERTEX_POINT('',#6498);
#1973=VERTEX_POINT('',#6500);
#1974=VERTEX_POINT('',#6504);
#1975=VERTEX_POINT('',#6506);
#1976=VERTEX_POINT('',#6513);
#1977=VERTEX_POINT('',#6514);
#1978=VERTEX_POINT('',#6516);
#1979=VERTEX_POINT('',#6518);
#1980=VERTEX_POINT('',#6522);
#1981=VERTEX_POINT('',#6523);
#1982=VERTEX_POINT('',#6525);
#1983=VERTEX_POINT('',#6527);
#1984=VERTEX_POINT('',#6540);
#1985=VERTEX_POINT('',#6541);
#1986=VERTEX_POINT('',#6543);
#1987=VERTEX_POINT('',#6545);
#1988=VERTEX_POINT('',#6549);
#1989=VERTEX_POINT('',#6550);
#1990=VERTEX_POINT('',#6555);
#1991=VERTEX_POINT('',#6556);
#1992=VERTEX_POINT('',#6561);
#1993=VERTEX_POINT('',#6562);
#1994=VERTEX_POINT('',#6567);
#1995=VERTEX_POINT('',#6568);
#1996=VERTEX_POINT('',#6573);
#1997=VERTEX_POINT('',#6574);
#1998=VERTEX_POINT('',#6579);
#1999=VERTEX_POINT('',#6580);
#2000=VERTEX_POINT('',#6588);
#2001=VERTEX_POINT('',#6590);
#2002=VERTEX_POINT('',#6594);
#2003=VERTEX_POINT('',#6598);
#2004=VERTEX_POINT('',#6602);
#2005=VERTEX_POINT('',#6606);
#2006=VERTEX_POINT('',#6607);
#2007=VERTEX_POINT('',#6609);
#2008=VERTEX_POINT('',#6611);
#2009=VERTEX_POINT('',#6613);
#2010=VERTEX_POINT('',#6615);
#2011=VERTEX_POINT('',#6617);
#2012=VERTEX_POINT('',#6619);
#2013=VERTEX_POINT('',#6623);
#2014=VERTEX_POINT('',#6625);
#2015=VERTEX_POINT('',#6629);
#2016=VERTEX_POINT('',#6633);
#2017=VERTEX_POINT('',#6637);
#2018=VERTEX_POINT('',#6641);
#2019=VERTEX_POINT('',#6645);
#2020=VERTEX_POINT('',#6649);
#2021=VERTEX_POINT('',#6655);
#2022=VERTEX_POINT('',#6657);
#2023=VERTEX_POINT('',#6661);
#2024=VERTEX_POINT('',#6665);
#2025=VERTEX_POINT('',#6669);
#2026=VERTEX_POINT('',#6673);
#2027=VERTEX_POINT('',#6674);
#2028=VERTEX_POINT('',#6676);
#2029=VERTEX_POINT('',#6678);
#2030=VERTEX_POINT('',#6682);
#2031=VERTEX_POINT('',#6684);
#2032=VERTEX_POINT('',#6688);
#2033=VERTEX_POINT('',#6692);
#2034=VERTEX_POINT('',#6698);
#2035=VERTEX_POINT('',#6699);
#2036=VERTEX_POINT('',#6701);
#2037=VERTEX_POINT('',#6703);
#2038=VERTEX_POINT('',#6707);
#2039=VERTEX_POINT('',#6709);
#2040=VERTEX_POINT('',#6713);
#2041=VERTEX_POINT('',#6717);
#2042=VERTEX_POINT('',#6723);
#2043=VERTEX_POINT('',#6724);
#2044=VERTEX_POINT('',#6726);
#2045=VERTEX_POINT('',#6728);
#2046=VERTEX_POINT('',#6732);
#2047=VERTEX_POINT('',#6733);
#2048=VERTEX_POINT('',#6735);
#2049=VERTEX_POINT('',#6737);
#2050=VERTEX_POINT('',#6741);
#2051=VERTEX_POINT('',#6742);
#2052=VERTEX_POINT('',#6744);
#2053=VERTEX_POINT('',#6746);
#2054=VERTEX_POINT('',#6751);
#2055=VERTEX_POINT('',#6753);
#2056=VERTEX_POINT('',#6758);
#2057=VERTEX_POINT('',#6760);
#2058=VERTEX_POINT('',#6772);
#2059=VERTEX_POINT('',#6773);
#2060=VERTEX_POINT('',#6775);
#2061=VERTEX_POINT('',#6777);
#2062=VERTEX_POINT('',#6781);
#2063=VERTEX_POINT('',#6782);
#2064=VERTEX_POINT('',#6784);
#2065=VERTEX_POINT('',#6786);
#2066=VERTEX_POINT('',#6790);
#2067=VERTEX_POINT('',#6791);
#2068=VERTEX_POINT('',#6793);
#2069=VERTEX_POINT('',#6795);
#2070=VERTEX_POINT('',#6800);
#2071=VERTEX_POINT('',#6802);
#2072=VERTEX_POINT('',#6807);
#2073=VERTEX_POINT('',#6809);
#2074=VERTEX_POINT('',#6821);
#2075=VERTEX_POINT('',#6823);
#2076=VERTEX_POINT('',#6827);
#2077=VERTEX_POINT('',#6835);
#2078=VERTEX_POINT('',#6837);
#2079=VERTEX_POINT('',#6842);
#2080=VERTEX_POINT('',#6851);
#2081=VERTEX_POINT('',#6853);
#2082=VERTEX_POINT('',#6857);
#2083=VERTEX_POINT('',#6859);
#2084=VERTEX_POINT('',#6863);
#2085=VERTEX_POINT('',#6865);
#2086=VERTEX_POINT('',#6869);
#2087=VERTEX_POINT('',#6871);
#2088=VERTEX_POINT('',#6875);
#2089=VERTEX_POINT('',#6876);
#2090=VERTEX_POINT('',#6878);
#2091=VERTEX_POINT('',#6880);
#2092=VERTEX_POINT('',#6884);
#2093=VERTEX_POINT('',#6885);
#2094=VERTEX_POINT('',#6887);
#2095=VERTEX_POINT('',#6889);
#2096=VERTEX_POINT('',#6901);
#2097=VERTEX_POINT('',#6902);
#2098=VERTEX_POINT('',#6904);
#2099=VERTEX_POINT('',#6906);
#2100=VERTEX_POINT('',#6910);
#2101=VERTEX_POINT('',#6911);
#2102=VERTEX_POINT('',#6913);
#2103=VERTEX_POINT('',#6915);
#2104=VERTEX_POINT('',#6927);
#2105=VERTEX_POINT('',#6928);
#2106=VERTEX_POINT('',#6930);
#2107=VERTEX_POINT('',#6932);
#2108=VERTEX_POINT('',#6936);
#2109=VERTEX_POINT('',#6937);
#2110=VERTEX_POINT('',#6939);
#2111=VERTEX_POINT('',#6941);
#2112=VERTEX_POINT('',#6953);
#2113=VERTEX_POINT('',#6954);
#2114=VERTEX_POINT('',#6956);
#2115=VERTEX_POINT('',#6958);
#2116=VERTEX_POINT('',#6962);
#2117=VERTEX_POINT('',#6963);
#2118=VERTEX_POINT('',#6965);
#2119=VERTEX_POINT('',#6967);
#2120=VERTEX_POINT('',#6979);
#2121=VERTEX_POINT('',#6981);
#2122=VERTEX_POINT('',#6987);
#2123=VERTEX_POINT('',#6989);
#2124=VERTEX_POINT('',#6995);
#2125=VERTEX_POINT('',#6997);
#2126=VERTEX_POINT('',#7003);
#2127=VERTEX_POINT('',#7005);
#2128=VERTEX_POINT('',#7011);
#2129=VERTEX_POINT('',#7013);
#2130=VERTEX_POINT('',#7019);
#2131=VERTEX_POINT('',#7021);
#2132=VERTEX_POINT('',#7027);
#2133=VERTEX_POINT('',#7029);
#2134=VERTEX_POINT('',#7035);
#2135=VERTEX_POINT('',#7037);
#2136=VERTEX_POINT('',#7044);
#2137=VERTEX_POINT('',#7045);
#2138=VERTEX_POINT('',#7047);
#2139=VERTEX_POINT('',#7049);
#2140=VERTEX_POINT('',#7053);
#2141=VERTEX_POINT('',#7054);
#2142=VERTEX_POINT('',#7056);
#2143=VERTEX_POINT('',#7058);
#2144=VERTEX_POINT('',#7062);
#2145=VERTEX_POINT('',#7065);
#2146=VERTEX_POINT('',#7067);
#2147=VERTEX_POINT('',#7069);
#2148=VERTEX_POINT('',#7073);
#2149=VERTEX_POINT('',#7077);
#2150=VERTEX_POINT('',#7079);
#2151=VERTEX_POINT('',#7083);
#2152=VERTEX_POINT('',#7092);
#2153=VERTEX_POINT('',#7093);
#2154=VERTEX_POINT('',#7095);
#2155=VERTEX_POINT('',#7097);
#2156=VERTEX_POINT('',#7101);
#2157=VERTEX_POINT('',#7102);
#2158=VERTEX_POINT('',#7104);
#2159=VERTEX_POINT('',#7106);
#2160=VERTEX_POINT('',#7110);
#2161=VERTEX_POINT('',#7113);
#2162=VERTEX_POINT('',#7115);
#2163=VERTEX_POINT('',#7117);
#2164=VERTEX_POINT('',#7121);
#2165=VERTEX_POINT('',#7125);
#2166=VERTEX_POINT('',#7127);
#2167=VERTEX_POINT('',#7131);
#2168=VERTEX_POINT('',#7140);
#2169=VERTEX_POINT('',#7141);
#2170=VERTEX_POINT('',#7143);
#2171=VERTEX_POINT('',#7145);
#2172=VERTEX_POINT('',#7149);
#2173=VERTEX_POINT('',#7150);
#2174=VERTEX_POINT('',#7152);
#2175=VERTEX_POINT('',#7154);
#2176=VERTEX_POINT('',#7158);
#2177=VERTEX_POINT('',#7160);
#2178=VERTEX_POINT('',#7162);
#2179=VERTEX_POINT('',#7165);
#2180=VERTEX_POINT('',#7169);
#2181=VERTEX_POINT('',#7171);
#2182=VERTEX_POINT('',#7174);
#2183=VERTEX_POINT('',#7176);
#2184=VERTEX_POINT('',#7184);
#2185=VERTEX_POINT('',#7186);
#2186=VERTEX_POINT('',#7188);
#2187=VERTEX_POINT('',#7190);
#2188=VERTEX_POINT('',#7194);
#2189=VERTEX_POINT('',#7196);
#2190=VERTEX_POINT('',#7198);
#2191=VERTEX_POINT('',#7200);
#2192=VERTEX_POINT('',#7204);
#2193=VERTEX_POINT('',#7206);
#2194=VERTEX_POINT('',#7210);
#2195=VERTEX_POINT('',#7212);
#2196=VERTEX_POINT('',#7216);
#2197=VERTEX_POINT('',#7218);
#2198=VERTEX_POINT('',#7220);
#2199=VERTEX_POINT('',#7222);
#2200=VERTEX_POINT('',#7225);
#2201=VERTEX_POINT('',#7227);
#2202=VERTEX_POINT('',#7229);
#2203=VERTEX_POINT('',#7231);
#2204=VERTEX_POINT('',#7235);
#2205=VERTEX_POINT('',#7237);
#2206=VERTEX_POINT('',#7241);
#2207=VERTEX_POINT('',#7242);
#2208=VERTEX_POINT('',#7247);
#2209=VERTEX_POINT('',#7249);
#2210=VERTEX_POINT('',#7253);
#2211=VERTEX_POINT('',#7254);
#2212=VERTEX_POINT('',#7256);
#2213=VERTEX_POINT('',#7258);
#2214=VERTEX_POINT('',#7260);
#2215=VERTEX_POINT('',#7262);
#2216=VERTEX_POINT('',#7264);
#2217=VERTEX_POINT('',#7268);
#2218=VERTEX_POINT('',#7272);
#2219=VERTEX_POINT('',#7274);
#2220=VERTEX_POINT('',#7278);
#2221=VERTEX_POINT('',#7282);
#2222=VERTEX_POINT('',#7286);
#2223=VERTEX_POINT('',#7288);
#2224=VERTEX_POINT('',#7292);
#2225=VERTEX_POINT('',#7294);
#2226=VERTEX_POINT('',#7296);
#2227=VERTEX_POINT('',#7298);
#2228=VERTEX_POINT('',#7302);
#2229=VERTEX_POINT('',#7306);
#2230=VERTEX_POINT('',#7308);
#2231=VERTEX_POINT('',#7312);
#2232=VERTEX_POINT('',#7316);
#2233=VERTEX_POINT('',#7318);
#2234=VERTEX_POINT('',#7322);
#2235=VERTEX_POINT('',#7324);
#2236=VERTEX_POINT('',#7348);
#2237=VERTEX_POINT('',#7349);
#2238=VERTEX_POINT('',#7351);
#2239=VERTEX_POINT('',#7353);
#2240=VERTEX_POINT('',#7355);
#2241=VERTEX_POINT('',#7357);
#2242=VERTEX_POINT('',#7359);
#2243=VERTEX_POINT('',#7363);
#2244=VERTEX_POINT('',#7367);
#2245=VERTEX_POINT('',#7369);
#2246=VERTEX_POINT('',#7373);
#2247=VERTEX_POINT('',#7377);
#2248=VERTEX_POINT('',#7381);
#2249=VERTEX_POINT('',#7383);
#2250=VERTEX_POINT('',#7387);
#2251=VERTEX_POINT('',#7389);
#2252=VERTEX_POINT('',#7391);
#2253=VERTEX_POINT('',#7393);
#2254=VERTEX_POINT('',#7397);
#2255=VERTEX_POINT('',#7401);
#2256=VERTEX_POINT('',#7403);
#2257=VERTEX_POINT('',#7407);
#2258=VERTEX_POINT('',#7411);
#2259=VERTEX_POINT('',#7413);
#2260=VERTEX_POINT('',#7417);
#2261=VERTEX_POINT('',#7419);
#2262=VERTEX_POINT('',#7443);
#2263=VERTEX_POINT('',#7445);
#2264=VERTEX_POINT('',#7450);
#2265=VERTEX_POINT('',#7451);
#2266=VERTEX_POINT('',#7453);
#2267=VERTEX_POINT('',#7460);
#2268=VERTEX_POINT('',#7462);
#2269=VERTEX_POINT('',#7467);
#2270=VERTEX_POINT('',#7468);
#2271=VERTEX_POINT('',#7470);
#2272=VERTEX_POINT('',#7477);
#2273=VERTEX_POINT('',#7479);
#2274=VERTEX_POINT('',#7484);
#2275=VERTEX_POINT('',#7486);
#2276=VERTEX_POINT('',#7491);
#2277=VERTEX_POINT('',#7493);
#2278=VERTEX_POINT('',#7497);
#2279=VERTEX_POINT('',#7499);
#2280=VERTEX_POINT('',#7504);
#2281=VERTEX_POINT('',#7506);
#2282=VERTEX_POINT('',#7511);
#2283=VERTEX_POINT('',#7513);
#2284=VERTEX_POINT('',#7517);
#2285=VERTEX_POINT('',#7519);
#2286=VERTEX_POINT('',#7524);
#2287=VERTEX_POINT('',#7526);
#2288=VERTEX_POINT('',#7531);
#2289=VERTEX_POINT('',#7533);
#2290=VERTEX_POINT('',#7537);
#2291=VERTEX_POINT('',#7541);
#2292=VERTEX_POINT('',#7545);
#2293=VERTEX_POINT('',#7547);
#2294=VERTEX_POINT('',#7551);
#2295=VERTEX_POINT('',#7553);
#2296=VERTEX_POINT('',#7555);
#2297=VERTEX_POINT('',#7557);
#2298=VERTEX_POINT('',#7559);
#2299=VERTEX_POINT('',#7561);
#2300=VERTEX_POINT('',#7563);
#2301=VERTEX_POINT('',#7567);
#2302=VERTEX_POINT('',#7568);
#2303=VERTEX_POINT('',#7570);
#2304=VERTEX_POINT('',#7572);
#2305=VERTEX_POINT('',#7576);
#2306=VERTEX_POINT('',#7578);
#2307=VERTEX_POINT('',#7585);
#2308=VERTEX_POINT('',#7587);
#2309=VERTEX_POINT('',#7589);
#2310=VERTEX_POINT('',#7591);
#2311=VERTEX_POINT('',#7593);
#2312=VERTEX_POINT('',#7595);
#2313=VERTEX_POINT('',#7597);
#2314=VERTEX_POINT('',#7601);
#2315=VERTEX_POINT('',#7603);
#2316=VERTEX_POINT('',#7607);
#2317=VERTEX_POINT('',#7609);
#2318=VERTEX_POINT('',#7614);
#2319=VERTEX_POINT('',#7616);
#2320=VERTEX_POINT('',#7618);
#2321=VERTEX_POINT('',#7624);
#2322=VERTEX_POINT('',#7626);
#2323=VERTEX_POINT('',#7628);
#2324=VERTEX_POINT('',#7633);
#2325=VERTEX_POINT('',#7637);
#2326=VERTEX_POINT('',#7641);
#2327=VERTEX_POINT('',#7642);
#2328=VERTEX_POINT('',#7644);
#2329=VERTEX_POINT('',#7646);
#2330=VERTEX_POINT('',#7648);
#2331=VERTEX_POINT('',#7650);
#2332=VERTEX_POINT('',#7652);
#2333=VERTEX_POINT('',#7654);
#2334=VERTEX_POINT('',#7656);
#2335=VERTEX_POINT('',#7658);
#2336=VERTEX_POINT('',#7660);
#2337=VERTEX_POINT('',#7662);
#2338=VERTEX_POINT('',#7664);
#2339=VERTEX_POINT('',#7666);
#2340=VERTEX_POINT('',#7668);
#2341=VERTEX_POINT('',#7670);
#2342=VERTEX_POINT('',#7672);
#2343=VERTEX_POINT('',#7674);
#2344=VERTEX_POINT('',#7676);
#2345=VERTEX_POINT('',#7678);
#2346=VERTEX_POINT('',#7680);
#2347=VERTEX_POINT('',#7682);
#2348=VERTEX_POINT('',#7684);
#2349=VERTEX_POINT('',#7686);
#2350=VERTEX_POINT('',#7688);
#2351=VERTEX_POINT('',#7690);
#2352=VERTEX_POINT('',#7692);
#2353=VERTEX_POINT('',#7695);
#2354=VERTEX_POINT('',#7697);
#2355=VERTEX_POINT('',#7700);
#2356=VERTEX_POINT('',#7702);
#2357=VERTEX_POINT('',#7719);
#2358=VERTEX_POINT('',#7722);
#2359=VERTEX_POINT('',#7723);
#2360=VERTEX_POINT('',#7725);
#2361=VERTEX_POINT('',#7727);
#2362=VERTEX_POINT('',#7729);
#2363=VERTEX_POINT('',#7731);
#2364=VERTEX_POINT('',#7733);
#2365=VERTEX_POINT('',#7737);
#2366=VERTEX_POINT('',#7740);
#2367=VERTEX_POINT('',#7741);
#2368=VERTEX_POINT('',#7747);
#2369=VERTEX_POINT('',#7749);
#2370=VERTEX_POINT('',#7753);
#2371=VERTEX_POINT('',#7755);
#2372=VERTEX_POINT('',#7757);
#2373=VERTEX_POINT('',#7759);
#2374=VERTEX_POINT('',#7761);
#2375=VERTEX_POINT('',#7788);
#2376=VERTEX_POINT('',#7789);
#2377=VERTEX_POINT('',#7794);
#2378=VERTEX_POINT('',#7796);
#2379=VERTEX_POINT('',#7798);
#2380=VERTEX_POINT('',#7803);
#2381=VERTEX_POINT('',#7807);
#2382=VERTEX_POINT('',#7808);
#2383=VERTEX_POINT('',#7826);
#2384=EDGE_CURVE('',#1964,#1964,#1794,.T.);
#2385=EDGE_CURVE('',#1964,#1965,#882,.T.);
#2386=EDGE_CURVE('',#1965,#1965,#1795,.T.);
#2387=EDGE_CURVE('',#1966,#1966,#1796,.T.);
#2388=EDGE_CURVE('',#1966,#1967,#883,.T.);
#2389=EDGE_CURVE('',#1967,#1967,#1797,.T.);
#2390=EDGE_CURVE('',#1968,#1969,#884,.T.);
#2391=EDGE_CURVE('',#1968,#1970,#885,.T.);
#2392=EDGE_CURVE('',#1971,#1970,#886,.T.);
#2393=EDGE_CURVE('',#1969,#1971,#887,.T.);
#2394=EDGE_CURVE('',#1969,#1972,#888,.T.);
#2395=EDGE_CURVE('',#1973,#1971,#889,.T.);
#2396=EDGE_CURVE('',#1972,#1973,#890,.T.);
#2397=EDGE_CURVE('',#1972,#1974,#891,.T.);
#2398=EDGE_CURVE('',#1975,#1973,#892,.T.);
#2399=EDGE_CURVE('',#1974,#1975,#893,.T.);
#2400=EDGE_CURVE('',#1974,#1968,#894,.T.);
#2401=EDGE_CURVE('',#1970,#1975,#895,.T.);
#2402=EDGE_CURVE('',#1976,#1977,#896,.T.);
#2403=EDGE_CURVE('',#1977,#1978,#897,.T.);
#2404=EDGE_CURVE('',#1978,#1979,#898,.T.);
#2405=EDGE_CURVE('',#1979,#1976,#899,.T.);
#2406=EDGE_CURVE('',#1980,#1981,#900,.T.);
#2407=EDGE_CURVE('',#1981,#1982,#901,.T.);
#2408=EDGE_CURVE('',#1982,#1983,#902,.T.);
#2409=EDGE_CURVE('',#1983,#1980,#903,.T.);
#2410=EDGE_CURVE('',#1979,#1982,#904,.T.);
#2411=EDGE_CURVE('',#1976,#1981,#905,.T.);
#2412=EDGE_CURVE('',#1978,#1983,#906,.T.);
#2413=EDGE_CURVE('',#1977,#1980,#907,.T.);
#2414=EDGE_CURVE('',#1984,#1985,#1798,.T.);
#2415=EDGE_CURVE('',#1985,#1986,#1799,.T.);
#2416=EDGE_CURVE('',#1986,#1987,#1800,.T.);
#2417=EDGE_CURVE('',#1987,#1984,#1801,.T.);
#2418=EDGE_CURVE('',#1988,#1989,#1802,.T.);
#2419=EDGE_CURVE('',#1989,#1987,#908,.T.);
#2420=EDGE_CURVE('',#1986,#1988,#909,.T.);
#2421=EDGE_CURVE('',#1990,#1991,#1803,.T.);
#2422=EDGE_CURVE('',#1991,#1989,#1804,.T.);
#2423=EDGE_CURVE('',#1988,#1990,#1805,.T.);
#2424=EDGE_CURVE('',#1992,#1993,#1806,.T.);
#2425=EDGE_CURVE('',#1993,#1991,#910,.T.);
#2426=EDGE_CURVE('',#1990,#1992,#911,.T.);
#2427=EDGE_CURVE('',#1994,#1995,#1807,.T.);
#2428=EDGE_CURVE('',#1995,#1993,#1808,.T.);
#2429=EDGE_CURVE('',#1992,#1994,#1809,.T.);
#2430=EDGE_CURVE('',#1996,#1997,#1810,.T.);
#2431=EDGE_CURVE('',#1997,#1995,#912,.T.);
#2432=EDGE_CURVE('',#1994,#1996,#913,.T.);
#2433=EDGE_CURVE('',#1998,#1999,#1811,.T.);
#2434=EDGE_CURVE('',#1999,#1997,#1812,.T.);
#2435=EDGE_CURVE('',#1996,#1998,#1813,.T.);
#2436=EDGE_CURVE('',#1984,#1999,#914,.T.);
#2437=EDGE_CURVE('',#1998,#1985,#915,.T.);
#2438=EDGE_CURVE('',#1990,#2000,#916,.T.);
#2439=EDGE_CURVE('',#2001,#2000,#917,.T.);
#2440=EDGE_CURVE('',#1992,#2001,#918,.T.);
#2441=EDGE_CURVE('',#1988,#2002,#919,.T.);
#2442=EDGE_CURVE('',#2000,#2002,#1814,.T.);
#2443=EDGE_CURVE('',#1986,#2003,#920,.T.);
#2444=EDGE_CURVE('',#2002,#2003,#921,.T.);
#2445=EDGE_CURVE('',#1985,#2004,#922,.T.);
#2446=EDGE_CURVE('',#2003,#2004,#1815,.T.);
#2447=EDGE_CURVE('',#2005,#2006,#1816,.T.);
#2448=EDGE_CURVE('',#2007,#2005,#923,.T.);
#2449=EDGE_CURVE('',#2008,#2007,#1817,.T.);
#2450=EDGE_CURVE('',#2009,#2008,#924,.T.);
#2451=EDGE_CURVE('',#2010,#2009,#1818,.T.);
#2452=EDGE_CURVE('',#2011,#2010,#925,.T.);
#2453=EDGE_CURVE('',#2012,#2011,#1819,.T.);
#2454=EDGE_CURVE('',#2006,#2012,#926,.T.);
#2455=EDGE_CURVE('',#2006,#2013,#1820,.T.);
#2456=EDGE_CURVE('',#2013,#2014,#1821,.T.);
#2457=EDGE_CURVE('',#2014,#2005,#1822,.T.);
#2458=EDGE_CURVE('',#2015,#2007,#1823,.T.);
#2459=EDGE_CURVE('',#2014,#2015,#927,.T.);
#2460=EDGE_CURVE('',#2016,#2008,#1824,.T.);
#2461=EDGE_CURVE('',#2015,#2016,#1825,.T.);
#2462=EDGE_CURVE('',#2017,#2009,#1826,.T.);
#2463=EDGE_CURVE('',#2016,#2017,#928,.T.);
#2464=EDGE_CURVE('',#2018,#2010,#1827,.T.);
#2465=EDGE_CURVE('',#2017,#2018,#1828,.T.);
#2466=EDGE_CURVE('',#2019,#2011,#1829,.T.);
#2467=EDGE_CURVE('',#2018,#2019,#929,.T.);
#2468=EDGE_CURVE('',#2020,#2012,#1830,.T.);
#2469=EDGE_CURVE('',#2019,#2020,#1831,.T.);
#2470=EDGE_CURVE('',#2020,#2013,#930,.T.);
#2471=EDGE_CURVE('',#2016,#2021,#931,.T.);
#2472=EDGE_CURVE('',#2022,#2021,#932,.T.);
#2473=EDGE_CURVE('',#2017,#2022,#933,.T.);
#2474=EDGE_CURVE('',#2015,#2023,#934,.T.);
#2475=EDGE_CURVE('',#2021,#2023,#1832,.T.);
#2476=EDGE_CURVE('',#2014,#2024,#935,.T.);
#2477=EDGE_CURVE('',#2023,#2024,#936,.T.);
#2478=EDGE_CURVE('',#2013,#2025,#937,.T.);
#2479=EDGE_CURVE('',#2024,#2025,#1833,.T.);
#2480=EDGE_CURVE('',#2026,#2027,#938,.T.);
#2481=EDGE_CURVE('',#2028,#2026,#939,.T.);
#2482=EDGE_CURVE('',#2028,#2029,#940,.T.);
#2483=EDGE_CURVE('',#2029,#2027,#941,.T.);
#2484=EDGE_CURVE('',#2027,#2030,#942,.T.);
#2485=EDGE_CURVE('',#2029,#2031,#943,.T.);
#2486=EDGE_CURVE('',#2031,#2030,#944,.T.);
#2487=EDGE_CURVE('',#2032,#2028,#945,.T.);
#2488=EDGE_CURVE('',#2031,#2032,#946,.T.);
#2489=EDGE_CURVE('',#2030,#2033,#947,.T.);
#2490=EDGE_CURVE('',#2032,#2033,#948,.T.);
#2491=EDGE_CURVE('',#2033,#2026,#949,.T.);
#2492=EDGE_CURVE('',#2034,#2035,#950,.T.);
#2493=EDGE_CURVE('',#2036,#2034,#951,.T.);
#2494=EDGE_CURVE('',#2036,#2037,#952,.T.);
#2495=EDGE_CURVE('',#2037,#2035,#953,.T.);
#2496=EDGE_CURVE('',#2035,#2038,#954,.T.);
#2497=EDGE_CURVE('',#2037,#2039,#955,.T.);
#2498=EDGE_CURVE('',#2039,#2038,#956,.T.);
#2499=EDGE_CURVE('',#2040,#2036,#957,.T.);
#2500=EDGE_CURVE('',#2039,#2040,#958,.T.);
#2501=EDGE_CURVE('',#2038,#2041,#959,.T.);
#2502=EDGE_CURVE('',#2040,#2041,#960,.T.);
#2503=EDGE_CURVE('',#2041,#2034,#961,.T.);
#2504=EDGE_CURVE('',#2042,#2043,#962,.T.);
#2505=EDGE_CURVE('',#2044,#2043,#1834,.T.);
#2506=EDGE_CURVE('',#2045,#2044,#963,.T.);
#2507=EDGE_CURVE('',#2042,#2045,#1835,.T.);
#2508=EDGE_CURVE('',#2046,#2047,#964,.T.);
#2509=EDGE_CURVE('',#2048,#2047,#1836,.T.);
#2510=EDGE_CURVE('',#2049,#2048,#965,.T.);
#2511=EDGE_CURVE('',#2046,#2049,#1837,.T.);
#2512=EDGE_CURVE('',#2050,#2051,#966,.T.);
#2513=EDGE_CURVE('',#2052,#2050,#1838,.T.);
#2514=EDGE_CURVE('',#2052,#2053,#967,.T.);
#2515=EDGE_CURVE('',#2051,#2053,#1839,.T.);
#2516=EDGE_CURVE('',#2043,#2048,#968,.T.);
#2517=EDGE_CURVE('',#2047,#2054,#969,.T.);
#2518=EDGE_CURVE('',#2054,#2055,#1840,.T.);
#2519=EDGE_CURVE('',#2055,#2051,#970,.T.);
#2520=EDGE_CURVE('',#2053,#2044,#971,.T.);
#2521=EDGE_CURVE('',#2056,#2054,#972,.T.);
#2522=EDGE_CURVE('',#2057,#2056,#1841,.T.);
#2523=EDGE_CURVE('',#2057,#2055,#973,.T.);
#2524=EDGE_CURVE('',#2050,#2057,#974,.T.);
#2525=EDGE_CURVE('',#2049,#2042,#975,.T.);
#2526=EDGE_CURVE('',#2056,#2046,#976,.T.);
#2527=EDGE_CURVE('',#2045,#2052,#977,.T.);
#2528=EDGE_CURVE('',#2058,#2059,#978,.T.);
#2529=EDGE_CURVE('',#2060,#2059,#1842,.T.);
#2530=EDGE_CURVE('',#2061,#2060,#979,.T.);
#2531=EDGE_CURVE('',#2058,#2061,#1843,.T.);
#2532=EDGE_CURVE('',#2062,#2063,#980,.T.);
#2533=EDGE_CURVE('',#2064,#2063,#1844,.T.);
#2534=EDGE_CURVE('',#2065,#2064,#981,.T.);
#2535=EDGE_CURVE('',#2062,#2065,#1845,.T.);
#2536=EDGE_CURVE('',#2066,#2067,#982,.T.);
#2537=EDGE_CURVE('',#2068,#2066,#1846,.T.);
#2538=EDGE_CURVE('',#2068,#2069,#983,.T.);
#2539=EDGE_CURVE('',#2067,#2069,#1847,.T.);
#2540=EDGE_CURVE('',#2059,#2064,#984,.T.);
#2541=EDGE_CURVE('',#2063,#2070,#985,.T.);
#2542=EDGE_CURVE('',#2070,#2071,#1848,.T.);
#2543=EDGE_CURVE('',#2071,#2067,#986,.T.);
#2544=EDGE_CURVE('',#2069,#2060,#987,.T.);
#2545=EDGE_CURVE('',#2072,#2070,#988,.T.);
#2546=EDGE_CURVE('',#2073,#2072,#1849,.T.);
#2547=EDGE_CURVE('',#2073,#2071,#989,.T.);
#2548=EDGE_CURVE('',#2066,#2073,#990,.T.);
#2549=EDGE_CURVE('',#2065,#2058,#991,.T.);
#2550=EDGE_CURVE('',#2072,#2062,#992,.T.);
#2551=EDGE_CURVE('',#2061,#2068,#993,.T.);
#2552=EDGE_CURVE('',#2019,#2074,#994,.T.);
#2553=EDGE_CURVE('',#2075,#2074,#1850,.T.);
#2554=EDGE_CURVE('',#2020,#2075,#995,.T.);
#2555=EDGE_CURVE('',#2076,#2022,#1851,.T.);
#2556=EDGE_CURVE('',#2018,#2076,#996,.T.);
#2557=EDGE_CURVE('',#2074,#2076,#997,.T.);
#2558=EDGE_CURVE('',#2025,#2075,#998,.T.);
#2559=EDGE_CURVE('',#1996,#2077,#999,.T.);
#2560=EDGE_CURVE('',#2078,#2077,#1852,.T.);
#2561=EDGE_CURVE('',#1998,#2078,#1000,.T.);
#2562=EDGE_CURVE('',#2004,#2078,#1001,.T.);
#2563=EDGE_CURVE('',#2077,#2079,#1002,.T.);
#2564=EDGE_CURVE('',#2079,#2001,#1853,.T.);
#2565=EDGE_CURVE('',#1994,#2079,#1003,.T.);
#2566=EDGE_CURVE('',#2080,#2080,#1854,.T.);
#2567=EDGE_CURVE('',#2080,#2081,#1004,.T.);
#2568=EDGE_CURVE('',#2081,#2081,#1855,.T.);
#2569=EDGE_CURVE('',#2082,#2082,#1856,.T.);
#2570=EDGE_CURVE('',#2082,#2083,#1005,.T.);
#2571=EDGE_CURVE('',#2083,#2083,#1857,.T.);
#2572=EDGE_CURVE('',#2084,#2084,#1858,.T.);
#2573=EDGE_CURVE('',#2084,#2085,#1006,.T.);
#2574=EDGE_CURVE('',#2085,#2085,#1859,.T.);
#2575=EDGE_CURVE('',#2086,#2086,#1860,.T.);
#2576=EDGE_CURVE('',#2086,#2087,#1007,.T.);
#2577=EDGE_CURVE('',#2087,#2087,#1861,.T.);
#2578=EDGE_CURVE('',#2088,#2089,#1008,.T.);
#2579=EDGE_CURVE('',#2089,#2090,#1009,.T.);
#2580=EDGE_CURVE('',#2090,#2091,#1010,.T.);
#2581=EDGE_CURVE('',#2091,#2088,#1011,.T.);
#2582=EDGE_CURVE('',#2092,#2093,#1012,.T.);
#2583=EDGE_CURVE('',#2093,#2094,#1013,.T.);
#2584=EDGE_CURVE('',#2094,#2095,#1014,.T.);
#2585=EDGE_CURVE('',#2095,#2092,#1015,.T.);
#2586=EDGE_CURVE('',#2091,#2094,#1016,.T.);
#2587=EDGE_CURVE('',#2088,#2093,#1017,.T.);
#2588=EDGE_CURVE('',#2090,#2095,#1018,.T.);
#2589=EDGE_CURVE('',#2089,#2092,#1019,.T.);
#2590=EDGE_CURVE('',#2096,#2097,#1020,.T.);
#2591=EDGE_CURVE('',#2097,#2098,#1021,.T.);
#2592=EDGE_CURVE('',#2098,#2099,#1022,.T.);
#2593=EDGE_CURVE('',#2099,#2096,#1023,.T.);
#2594=EDGE_CURVE('',#2100,#2101,#1024,.T.);
#2595=EDGE_CURVE('',#2101,#2102,#1025,.T.);
#2596=EDGE_CURVE('',#2102,#2103,#1026,.T.);
#2597=EDGE_CURVE('',#2103,#2100,#1027,.T.);
#2598=EDGE_CURVE('',#2099,#2102,#1028,.T.);
#2599=EDGE_CURVE('',#2096,#2101,#1029,.T.);
#2600=EDGE_CURVE('',#2098,#2103,#1030,.T.);
#2601=EDGE_CURVE('',#2097,#2100,#1031,.T.);
#2602=EDGE_CURVE('',#2104,#2105,#1032,.T.);
#2603=EDGE_CURVE('',#2105,#2106,#1033,.T.);
#2604=EDGE_CURVE('',#2106,#2107,#1034,.T.);
#2605=EDGE_CURVE('',#2107,#2104,#1035,.T.);
#2606=EDGE_CURVE('',#2108,#2109,#1036,.T.);
#2607=EDGE_CURVE('',#2109,#2110,#1037,.T.);
#2608=EDGE_CURVE('',#2110,#2111,#1038,.T.);
#2609=EDGE_CURVE('',#2111,#2108,#1039,.T.);
#2610=EDGE_CURVE('',#2107,#2110,#1040,.T.);
#2611=EDGE_CURVE('',#2104,#2109,#1041,.T.);
#2612=EDGE_CURVE('',#2106,#2111,#1042,.T.);
#2613=EDGE_CURVE('',#2105,#2108,#1043,.T.);
#2614=EDGE_CURVE('',#2112,#2113,#1044,.T.);
#2615=EDGE_CURVE('',#2113,#2114,#1045,.T.);
#2616=EDGE_CURVE('',#2114,#2115,#1046,.T.);
#2617=EDGE_CURVE('',#2115,#2112,#1047,.T.);
#2618=EDGE_CURVE('',#2116,#2117,#1048,.T.);
#2619=EDGE_CURVE('',#2117,#2118,#1049,.T.);
#2620=EDGE_CURVE('',#2118,#2119,#1050,.T.);
#2621=EDGE_CURVE('',#2119,#2116,#1051,.T.);
#2622=EDGE_CURVE('',#2115,#2118,#1052,.T.);
#2623=EDGE_CURVE('',#2112,#2117,#1053,.T.);
#2624=EDGE_CURVE('',#2114,#2119,#1054,.T.);
#2625=EDGE_CURVE('',#2113,#2116,#1055,.T.);
#2626=EDGE_CURVE('',#2120,#2120,#1862,.T.);
#2627=EDGE_CURVE('',#2120,#2121,#1056,.T.);
#2628=EDGE_CURVE('',#2121,#2121,#1863,.T.);
#2629=EDGE_CURVE('',#2122,#2122,#1864,.T.);
#2630=EDGE_CURVE('',#2122,#2123,#1057,.T.);
#2631=EDGE_CURVE('',#2123,#2123,#1865,.T.);
#2632=EDGE_CURVE('',#2124,#2124,#1866,.T.);
#2633=EDGE_CURVE('',#2124,#2125,#1058,.T.);
#2634=EDGE_CURVE('',#2125,#2125,#1867,.T.);
#2635=EDGE_CURVE('',#2126,#2126,#1868,.T.);
#2636=EDGE_CURVE('',#2126,#2127,#1059,.T.);
#2637=EDGE_CURVE('',#2127,#2127,#1869,.T.);
#2638=EDGE_CURVE('',#2128,#2128,#1870,.T.);
#2639=EDGE_CURVE('',#2128,#2129,#1060,.T.);
#2640=EDGE_CURVE('',#2129,#2129,#1871,.T.);
#2641=EDGE_CURVE('',#2130,#2130,#1872,.T.);
#2642=EDGE_CURVE('',#2130,#2131,#1061,.T.);
#2643=EDGE_CURVE('',#2131,#2131,#1873,.T.);
#2644=EDGE_CURVE('',#2132,#2132,#1874,.T.);
#2645=EDGE_CURVE('',#2132,#2133,#1062,.T.);
#2646=EDGE_CURVE('',#2133,#2133,#1875,.T.);
#2647=EDGE_CURVE('',#2134,#2134,#1876,.T.);
#2648=EDGE_CURVE('',#2134,#2135,#1063,.T.);
#2649=EDGE_CURVE('',#2135,#2135,#1877,.T.);
#2650=EDGE_CURVE('',#2136,#2137,#1064,.T.);
#2651=EDGE_CURVE('',#2136,#2138,#1065,.T.);
#2652=EDGE_CURVE('',#2139,#2138,#1066,.T.);
#2653=EDGE_CURVE('',#2139,#2137,#1067,.T.);
#2654=EDGE_CURVE('',#2140,#2141,#1068,.T.);
#2655=EDGE_CURVE('',#2142,#2140,#1069,.T.);
#2656=EDGE_CURVE('',#2143,#2142,#1070,.T.);
#2657=EDGE_CURVE('',#2143,#2141,#1071,.T.);
#2658=EDGE_CURVE('',#2144,#2136,#1072,.T.);
#2659=EDGE_CURVE('',#2142,#2144,#1073,.T.);
#2660=EDGE_CURVE('',#2145,#2140,#1074,.T.);
#2661=EDGE_CURVE('',#2146,#2145,#1075,.T.);
#2662=EDGE_CURVE('',#2147,#2146,#1076,.T.);
#2663=EDGE_CURVE('',#2147,#2138,#1077,.T.);
#2664=EDGE_CURVE('',#2148,#2137,#1078,.T.);
#2665=EDGE_CURVE('',#2144,#2148,#1079,.T.);
#2666=EDGE_CURVE('',#2149,#2145,#1080,.T.);
#2667=EDGE_CURVE('',#2150,#2149,#1081,.T.);
#2668=EDGE_CURVE('',#2146,#2150,#1082,.T.);
#2669=EDGE_CURVE('',#2151,#2147,#1083,.T.);
#2670=EDGE_CURVE('',#2151,#2139,#1084,.T.);
#2671=EDGE_CURVE('',#2141,#2149,#1085,.T.);
#2672=EDGE_CURVE('',#2148,#2143,#1086,.T.);
#2673=EDGE_CURVE('',#2150,#2151,#1087,.T.);
#2674=EDGE_CURVE('',#2152,#2153,#1088,.T.);
#2675=EDGE_CURVE('',#2152,#2154,#1089,.T.);
#2676=EDGE_CURVE('',#2155,#2154,#1090,.T.);
#2677=EDGE_CURVE('',#2155,#2153,#1091,.T.);
#2678=EDGE_CURVE('',#2156,#2157,#1092,.T.);
#2679=EDGE_CURVE('',#2158,#2156,#1093,.T.);
#2680=EDGE_CURVE('',#2159,#2158,#1094,.T.);
#2681=EDGE_CURVE('',#2159,#2157,#1095,.T.);
#2682=EDGE_CURVE('',#2160,#2152,#1096,.T.);
#2683=EDGE_CURVE('',#2158,#2160,#1097,.T.);
#2684=EDGE_CURVE('',#2161,#2156,#1098,.T.);
#2685=EDGE_CURVE('',#2162,#2161,#1099,.T.);
#2686=EDGE_CURVE('',#2163,#2162,#1100,.T.);
#2687=EDGE_CURVE('',#2163,#2154,#1101,.T.);
#2688=EDGE_CURVE('',#2164,#2153,#1102,.T.);
#2689=EDGE_CURVE('',#2160,#2164,#1103,.T.);
#2690=EDGE_CURVE('',#2165,#2161,#1104,.T.);
#2691=EDGE_CURVE('',#2166,#2165,#1105,.T.);
#2692=EDGE_CURVE('',#2162,#2166,#1106,.T.);
#2693=EDGE_CURVE('',#2167,#2163,#1107,.T.);
#2694=EDGE_CURVE('',#2167,#2155,#1108,.T.);
#2695=EDGE_CURVE('',#2157,#2165,#1109,.T.);
#2696=EDGE_CURVE('',#2164,#2159,#1110,.T.);
#2697=EDGE_CURVE('',#2166,#2167,#1111,.T.);
#2698=EDGE_CURVE('',#2168,#2169,#1112,.T.);
#2699=EDGE_CURVE('',#2170,#2168,#1113,.T.);
#2700=EDGE_CURVE('',#2171,#2170,#1114,.T.);
#2701=EDGE_CURVE('',#2169,#2171,#1115,.T.);
#2702=EDGE_CURVE('',#2172,#2173,#1116,.T.);
#2703=EDGE_CURVE('',#2174,#2172,#1117,.T.);
#2704=EDGE_CURVE('',#2175,#2174,#1118,.T.);
#2705=EDGE_CURVE('',#2173,#2175,#1119,.T.);
#2706=EDGE_CURVE('',#2176,#2168,#1120,.T.);
#2707=EDGE_CURVE('',#2177,#2176,#1121,.T.);
#2708=EDGE_CURVE('',#2177,#2178,#1122,.T.);
#2709=EDGE_CURVE('',#2178,#2174,#1123,.T.);
#2710=EDGE_CURVE('',#2179,#2172,#1124,.T.);
#2711=EDGE_CURVE('',#2170,#2179,#1125,.T.);
#2712=EDGE_CURVE('',#2169,#2180,#1126,.T.);
#2713=EDGE_CURVE('',#2181,#2171,#1127,.T.);
#2714=EDGE_CURVE('',#2173,#2181,#1128,.T.);
#2715=EDGE_CURVE('',#2175,#2182,#1129,.T.);
#2716=EDGE_CURVE('',#2182,#2183,#1130,.T.);
#2717=EDGE_CURVE('',#2180,#2183,#1131,.T.);
#2718=EDGE_CURVE('',#2182,#2178,#1132,.T.);
#2719=EDGE_CURVE('',#2183,#2177,#1133,.T.);
#2720=EDGE_CURVE('',#2176,#2184,#1134,.T.);
#2721=EDGE_CURVE('',#2185,#2184,#1135,.T.);
#2722=EDGE_CURVE('',#2186,#2185,#1136,.T.);
#2723=EDGE_CURVE('',#2187,#2186,#1137,.T.);
#2724=EDGE_CURVE('',#2187,#2180,#1138,.T.);
#2725=EDGE_CURVE('',#2179,#2188,#1139,.T.);
#2726=EDGE_CURVE('',#2189,#2188,#1140,.T.);
#2727=EDGE_CURVE('',#2190,#2189,#1141,.T.);
#2728=EDGE_CURVE('',#2191,#2190,#1142,.T.);
#2729=EDGE_CURVE('',#2191,#2181,#1143,.T.);
#2730=EDGE_CURVE('',#2192,#2187,#1144,.T.);
#2731=EDGE_CURVE('',#2193,#2192,#1145,.T.);
#2732=EDGE_CURVE('',#2184,#2193,#1146,.T.);
#2733=EDGE_CURVE('',#2194,#2185,#1147,.T.);
#2734=EDGE_CURVE('',#2195,#2194,#1148,.T.);
#2735=EDGE_CURVE('',#2186,#2195,#1149,.T.);
#2736=EDGE_CURVE('',#2192,#2196,#1150,.T.);
#2737=EDGE_CURVE('',#2197,#2196,#1151,.T.);
#2738=EDGE_CURVE('',#2198,#2197,#1152,.T.);
#2739=EDGE_CURVE('',#2198,#2199,#1153,.T.);
#2740=EDGE_CURVE('',#2199,#2190,#1154,.T.);
#2741=EDGE_CURVE('',#2200,#2189,#1155,.T.);
#2742=EDGE_CURVE('',#2200,#2201,#1156,.T.);
#2743=EDGE_CURVE('',#2201,#2202,#1157,.T.);
#2744=EDGE_CURVE('',#2202,#2203,#1158,.T.);
#2745=EDGE_CURVE('',#2193,#2203,#1159,.T.);
#2746=EDGE_CURVE('',#2204,#2191,#1160,.T.);
#2747=EDGE_CURVE('',#2204,#2205,#1161,.T.);
#2748=EDGE_CURVE('',#2188,#2205,#1162,.T.);
#2749=EDGE_CURVE('',#2206,#2207,#1163,.T.);
#2750=EDGE_CURVE('',#2205,#2206,#1164,.T.);
#2751=EDGE_CURVE('',#2207,#2204,#1165,.T.);
#2752=EDGE_CURVE('',#2207,#2208,#1166,.T.);
#2753=EDGE_CURVE('',#2208,#2209,#1167,.T.);
#2754=EDGE_CURVE('',#2206,#2209,#1168,.T.);
#2755=EDGE_CURVE('',#2210,#2211,#1169,.T.);
#2756=EDGE_CURVE('',#2210,#2212,#1170,.T.);
#2757=EDGE_CURVE('',#2213,#2212,#1171,.T.);
#2758=EDGE_CURVE('',#2214,#2213,#1172,.T.);
#2759=EDGE_CURVE('',#2215,#2214,#1173,.T.);
#2760=EDGE_CURVE('',#2216,#2215,#31,.T.);
#2761=EDGE_CURVE('',#2217,#2216,#32,.T.);
#2762=EDGE_CURVE('',#2218,#2217,#1174,.T.);
#2763=EDGE_CURVE('',#2219,#2218,#33,.T.);
#2764=EDGE_CURVE('',#2220,#2219,#34,.T.);
#2765=EDGE_CURVE('',#2221,#2220,#1175,.T.);
#2766=EDGE_CURVE('',#2211,#2221,#1176,.T.);
#2767=EDGE_CURVE('',#2222,#2210,#1878,.T.);
#2768=EDGE_CURVE('',#2223,#2222,#1177,.T.);
#2769=EDGE_CURVE('',#2212,#2223,#1879,.T.);
#2770=EDGE_CURVE('',#2224,#2222,#1178,.T.);
#2771=EDGE_CURVE('',#2225,#2224,#1179,.T.);
#2772=EDGE_CURVE('',#2226,#2225,#1180,.T.);
#2773=EDGE_CURVE('',#2227,#2226,#35,.T.);
#2774=EDGE_CURVE('',#2228,#2227,#36,.T.);
#2775=EDGE_CURVE('',#2229,#2228,#1181,.T.);
#2776=EDGE_CURVE('',#2230,#2229,#37,.T.);
#2777=EDGE_CURVE('',#2231,#2230,#38,.T.);
#2778=EDGE_CURVE('',#2232,#2231,#1182,.T.);
#2779=EDGE_CURVE('',#2233,#2232,#1183,.T.);
#2780=EDGE_CURVE('',#2223,#2233,#1184,.T.);
#2781=EDGE_CURVE('',#2234,#2234,#1880,.T.);
#2782=EDGE_CURVE('',#2234,#2235,#1185,.T.);
#2783=EDGE_CURVE('',#2224,#2235,#1881,.T.);
#2784=EDGE_CURVE('',#2213,#2211,#1882,.T.);
#2785=EDGE_CURVE('',#2235,#2233,#1883,.T.);
#2786=EDGE_CURVE('',#2214,#2221,#1884,.T.);
#2787=EDGE_CURVE('',#2225,#2232,#1885,.T.);
#2788=EDGE_CURVE('',#2215,#2220,#1886,.T.);
#2789=EDGE_CURVE('',#2226,#2231,#1887,.T.);
#2790=EDGE_CURVE('',#2216,#2219,#1888,.T.);
#2791=EDGE_CURVE('',#2227,#2230,#1889,.T.);
#2792=EDGE_CURVE('',#2217,#2218,#1890,.T.);
#2793=EDGE_CURVE('',#2228,#2229,#1891,.T.);
#2794=EDGE_CURVE('',#2236,#2237,#1186,.T.);
#2795=EDGE_CURVE('',#2236,#2238,#1187,.T.);
#2796=EDGE_CURVE('',#2239,#2238,#1188,.T.);
#2797=EDGE_CURVE('',#2240,#2239,#1189,.T.);
#2798=EDGE_CURVE('',#2241,#2240,#1190,.T.);
#2799=EDGE_CURVE('',#2242,#2241,#39,.T.);
#2800=EDGE_CURVE('',#2243,#2242,#40,.T.);
#2801=EDGE_CURVE('',#2244,#2243,#1191,.T.);
#2802=EDGE_CURVE('',#2245,#2244,#41,.T.);
#2803=EDGE_CURVE('',#2246,#2245,#42,.T.);
#2804=EDGE_CURVE('',#2247,#2246,#1192,.T.);
#2805=EDGE_CURVE('',#2237,#2247,#1193,.T.);
#2806=EDGE_CURVE('',#2248,#2236,#1892,.T.);
#2807=EDGE_CURVE('',#2249,#2248,#1194,.T.);
#2808=EDGE_CURVE('',#2238,#2249,#1893,.T.);
#2809=EDGE_CURVE('',#2250,#2248,#1195,.T.);
#2810=EDGE_CURVE('',#2251,#2250,#1196,.T.);
#2811=EDGE_CURVE('',#2252,#2251,#1197,.T.);
#2812=EDGE_CURVE('',#2253,#2252,#43,.T.);
#2813=EDGE_CURVE('',#2254,#2253,#44,.T.);
#2814=EDGE_CURVE('',#2255,#2254,#1198,.T.);
#2815=EDGE_CURVE('',#2256,#2255,#45,.T.);
#2816=EDGE_CURVE('',#2257,#2256,#46,.T.);
#2817=EDGE_CURVE('',#2258,#2257,#1199,.T.);
#2818=EDGE_CURVE('',#2259,#2258,#1200,.T.);
#2819=EDGE_CURVE('',#2249,#2259,#1201,.T.);
#2820=EDGE_CURVE('',#2260,#2260,#1894,.T.);
#2821=EDGE_CURVE('',#2260,#2261,#1202,.T.);
#2822=EDGE_CURVE('',#2250,#2261,#1895,.T.);
#2823=EDGE_CURVE('',#2239,#2237,#1896,.T.);
#2824=EDGE_CURVE('',#2261,#2259,#1897,.T.);
#2825=EDGE_CURVE('',#2240,#2247,#1898,.T.);
#2826=EDGE_CURVE('',#2251,#2258,#1899,.T.);
#2827=EDGE_CURVE('',#2241,#2246,#1900,.T.);
#2828=EDGE_CURVE('',#2252,#2257,#1901,.T.);
#2829=EDGE_CURVE('',#2242,#2245,#1902,.T.);
#2830=EDGE_CURVE('',#2253,#2256,#1903,.T.);
#2831=EDGE_CURVE('',#2243,#2244,#1904,.T.);
#2832=EDGE_CURVE('',#2254,#2255,#1905,.T.);
#2833=EDGE_CURVE('',#2262,#2262,#1906,.T.);
#2834=EDGE_CURVE('',#2262,#2263,#1203,.T.);
#2835=EDGE_CURVE('',#2263,#2263,#1907,.T.);
#2836=EDGE_CURVE('',#2264,#2265,#1908,.T.);
#2837=EDGE_CURVE('',#2266,#2264,#1909,.T.);
#2838=EDGE_CURVE('',#2265,#2266,#1910,.T.);
#2839=EDGE_CURVE('',#2265,#2263,#1204,.T.);
#2840=EDGE_CURVE('',#2264,#2266,#1205,.T.);
#2841=EDGE_CURVE('',#2267,#2267,#1911,.T.);
#2842=EDGE_CURVE('',#2267,#2268,#1206,.T.);
#2843=EDGE_CURVE('',#2268,#2268,#1912,.T.);
#2844=EDGE_CURVE('',#2269,#2270,#1913,.T.);
#2845=EDGE_CURVE('',#2271,#2269,#1914,.T.);
#2846=EDGE_CURVE('',#2270,#2271,#1915,.T.);
#2847=EDGE_CURVE('',#2270,#2268,#1207,.T.);
#2848=EDGE_CURVE('',#2269,#2271,#1208,.T.);
#2849=EDGE_CURVE('',#2272,#2272,#1916,.T.);
#2850=EDGE_CURVE('',#2272,#2273,#1209,.T.);
#2851=EDGE_CURVE('',#2273,#2273,#1917,.T.);
#2852=EDGE_CURVE('',#2274,#2274,#1918,.T.);
#2853=EDGE_CURVE('',#2274,#2275,#1210,.T.);
#2854=EDGE_CURVE('',#2275,#2275,#1919,.T.);
#2855=EDGE_CURVE('',#2276,#2276,#1920,.T.);
#2856=EDGE_CURVE('',#2276,#2277,#1211,.T.);
#2857=EDGE_CURVE('',#2277,#2277,#1921,.T.);
#2858=EDGE_CURVE('',#2278,#2278,#1922,.T.);
#2859=EDGE_CURVE('',#2278,#2279,#1212,.T.);
#2860=EDGE_CURVE('',#2279,#2279,#1923,.T.);
#2861=EDGE_CURVE('',#2280,#2280,#1924,.T.);
#2862=EDGE_CURVE('',#2280,#2281,#1213,.T.);
#2863=EDGE_CURVE('',#2281,#2281,#1925,.T.);
#2864=EDGE_CURVE('',#2282,#2282,#1926,.T.);
#2865=EDGE_CURVE('',#2282,#2283,#1214,.T.);
#2866=EDGE_CURVE('',#2283,#2283,#1927,.T.);
#2867=EDGE_CURVE('',#2284,#2284,#1928,.T.);
#2868=EDGE_CURVE('',#2284,#2285,#1215,.T.);
#2869=EDGE_CURVE('',#2285,#2285,#1929,.T.);
#2870=EDGE_CURVE('',#2286,#2286,#1930,.T.);
#2871=EDGE_CURVE('',#2286,#2287,#1216,.T.);
#2872=EDGE_CURVE('',#2287,#2287,#1931,.T.);
#2873=EDGE_CURVE('',#2202,#2288,#1217,.T.);
#2874=EDGE_CURVE('',#2289,#2288,#1218,.T.);
#2875=EDGE_CURVE('',#2203,#2289,#1219,.T.);
#2876=EDGE_CURVE('',#2290,#2201,#1220,.T.);
#2877=EDGE_CURVE('',#2288,#2290,#1221,.T.);
#2878=EDGE_CURVE('',#2291,#2200,#1222,.T.);
#2879=EDGE_CURVE('',#2290,#2291,#1223,.T.);
#2880=EDGE_CURVE('',#2292,#2194,#1224,.T.);
#2881=EDGE_CURVE('',#2293,#2292,#1225,.T.);
#2882=EDGE_CURVE('',#2293,#2195,#1226,.T.);
#2883=EDGE_CURVE('',#2289,#2294,#1227,.T.);
#2884=EDGE_CURVE('',#2294,#2295,#1932,.T.);
#2885=EDGE_CURVE('',#2295,#2296,#1228,.T.);
#2886=EDGE_CURVE('',#2296,#2297,#1933,.T.);
#2887=EDGE_CURVE('',#2297,#2298,#1229,.T.);
#2888=EDGE_CURVE('',#2298,#2299,#1230,.T.);
#2889=EDGE_CURVE('',#2299,#2300,#1231,.T.);
#2890=EDGE_CURVE('',#2300,#2292,#1232,.T.);
#2891=EDGE_CURVE('',#2301,#2302,#1233,.T.);
#2892=EDGE_CURVE('',#2301,#2303,#1234,.T.);
#2893=EDGE_CURVE('',#2304,#2303,#1235,.T.);
#2894=EDGE_CURVE('',#2302,#2304,#1236,.T.);
#2895=EDGE_CURVE('',#2305,#2301,#1237,.T.);
#2896=EDGE_CURVE('',#2306,#2305,#1238,.T.);
#2897=EDGE_CURVE('',#2303,#2306,#1239,.T.);
#2898=EDGE_CURVE('',#2299,#2305,#1240,.T.);
#2899=EDGE_CURVE('',#2306,#2298,#1241,.T.);
#2900=EDGE_CURVE('',#2307,#2302,#1242,.T.);
#2901=EDGE_CURVE('',#2308,#2307,#1243,.T.);
#2902=EDGE_CURVE('',#2308,#2309,#1244,.T.);
#2903=EDGE_CURVE('',#2310,#2309,#1245,.T.);
#2904=EDGE_CURVE('',#2311,#2310,#1246,.T.);
#2905=EDGE_CURVE('',#2311,#2312,#1247,.T.);
#2906=EDGE_CURVE('',#2312,#2313,#1248,.T.);
#2907=EDGE_CURVE('',#2313,#2300,#1249,.T.);
#2908=EDGE_CURVE('',#2199,#2314,#1250,.T.);
#2909=EDGE_CURVE('',#2315,#2198,#1251,.T.);
#2910=EDGE_CURVE('',#2314,#2315,#1252,.T.);
#2911=EDGE_CURVE('',#2316,#2196,#1253,.T.);
#2912=EDGE_CURVE('',#2317,#2316,#1254,.T.);
#2913=EDGE_CURVE('',#2197,#2317,#1255,.T.);
#2914=EDGE_CURVE('',#2313,#2293,#1256,.T.);
#2915=EDGE_CURVE('',#2312,#2318,#1257,.T.);
#2916=EDGE_CURVE('',#2318,#2319,#1258,.T.);
#2917=EDGE_CURVE('',#2319,#2320,#1259,.T.);
#2918=EDGE_CURVE('',#2320,#2264,#1260,.T.);
#2919=EDGE_CURVE('',#2266,#2316,#1261,.T.);
#2920=EDGE_CURVE('',#2314,#2269,#1262,.T.);
#2921=EDGE_CURVE('',#2271,#2321,#1263,.T.);
#2922=EDGE_CURVE('',#2321,#2322,#1264,.T.);
#2923=EDGE_CURVE('',#2322,#2323,#1265,.T.);
#2924=EDGE_CURVE('',#2323,#2309,#1266,.T.);
#2925=EDGE_CURVE('',#2208,#2308,#1267,.T.);
#2926=EDGE_CURVE('',#2324,#2320,#1268,.T.);
#2927=EDGE_CURVE('',#2317,#2324,#1269,.T.);
#2928=EDGE_CURVE('',#2325,#2315,#1270,.T.);
#2929=EDGE_CURVE('',#2325,#2321,#1271,.T.);
#2930=EDGE_CURVE('',#2326,#2327,#1272,.T.);
#2931=EDGE_CURVE('',#2327,#2328,#1934,.T.);
#2932=EDGE_CURVE('',#2328,#2329,#1273,.T.);
#2933=EDGE_CURVE('',#2329,#2330,#1935,.T.);
#2934=EDGE_CURVE('',#2330,#2331,#1274,.T.);
#2935=EDGE_CURVE('',#2331,#2332,#1936,.T.);
#2936=EDGE_CURVE('',#2332,#2333,#1275,.T.);
#2937=EDGE_CURVE('',#2333,#2334,#1937,.T.);
#2938=EDGE_CURVE('',#2334,#2335,#1276,.T.);
#2939=EDGE_CURVE('',#2335,#2336,#1938,.T.);
#2940=EDGE_CURVE('',#2336,#2337,#1939,.T.);
#2941=EDGE_CURVE('',#2337,#2338,#1277,.T.);
#2942=EDGE_CURVE('',#2338,#2339,#1940,.T.);
#2943=EDGE_CURVE('',#2339,#2340,#1278,.T.);
#2944=EDGE_CURVE('',#2340,#2341,#1941,.T.);
#2945=EDGE_CURVE('',#2341,#2342,#1942,.T.);
#2946=EDGE_CURVE('',#2342,#2343,#1279,.T.);
#2947=EDGE_CURVE('',#2343,#2344,#1943,.T.);
#2948=EDGE_CURVE('',#2344,#2345,#1280,.T.);
#2949=EDGE_CURVE('',#2345,#2346,#1944,.T.);
#2950=EDGE_CURVE('',#2346,#2347,#1281,.T.);
#2951=EDGE_CURVE('',#2347,#2348,#1945,.T.);
#2952=EDGE_CURVE('',#2348,#2349,#1946,.T.);
#2953=EDGE_CURVE('',#2349,#2350,#1282,.T.);
#2954=EDGE_CURVE('',#2350,#2351,#1947,.T.);
#2955=EDGE_CURVE('',#2351,#2352,#1283,.T.);
#2956=EDGE_CURVE('',#2352,#2326,#1948,.T.);
#2957=EDGE_CURVE('',#2324,#2353,#1284,.T.);
#2958=EDGE_CURVE('',#2353,#2354,#1285,.T.);
#2959=EDGE_CURVE('',#2354,#2311,#1286,.T.);
#2960=EDGE_CURVE('',#2310,#2355,#1287,.T.);
#2961=EDGE_CURVE('',#2355,#2356,#1288,.T.);
#2962=EDGE_CURVE('',#2356,#2325,#1289,.T.);
#2963=EDGE_CURVE('',#2318,#2354,#1290,.T.);
#2964=EDGE_CURVE('',#2355,#2323,#1291,.T.);
#2965=EDGE_CURVE('',#2356,#2322,#1292,.T.);
#2966=EDGE_CURVE('',#2353,#2319,#1293,.T.);
#2967=EDGE_CURVE('',#2209,#2307,#1294,.T.);
#2968=EDGE_CURVE('',#2357,#2357,#1949,.T.);
#2969=EDGE_CURVE('',#2358,#2359,#1950,.T.);
#2970=EDGE_CURVE('',#2359,#2360,#1951,.T.);
#2971=EDGE_CURVE('',#2360,#2361,#1295,.T.);
#2972=EDGE_CURVE('',#2361,#2362,#1952,.T.);
#2973=EDGE_CURVE('',#2363,#2362,#1296,.T.);
#2974=EDGE_CURVE('',#2363,#2364,#1953,.T.);
#2975=EDGE_CURVE('',#2364,#2358,#1297,.T.);
#2976=EDGE_CURVE('',#2365,#2365,#1954,.T.);
#2977=EDGE_CURVE('',#2366,#2367,#1955,.T.);
#2978=EDGE_CURVE('',#2348,#2366,#1298,.T.);
#2979=EDGE_CURVE('',#2347,#2367,#1299,.T.);
#2980=EDGE_CURVE('',#2366,#2297,#1300,.T.);
#2981=EDGE_CURVE('',#2366,#2368,#1301,.T.);
#2982=EDGE_CURVE('',#2368,#2369,#1302,.T.);
#2983=EDGE_CURVE('',#2304,#2369,#1303,.T.);
#2984=EDGE_CURVE('',#2367,#2370,#1304,.T.);
#2985=EDGE_CURVE('',#2370,#2371,#1956,.T.);
#2986=EDGE_CURVE('',#2371,#2372,#1305,.T.);
#2987=EDGE_CURVE('',#2372,#2373,#1957,.T.);
#2988=EDGE_CURVE('',#2373,#2374,#1306,.T.);
#2989=EDGE_CURVE('',#2374,#2368,#1958,.T.);
#2990=EDGE_CURVE('',#2346,#2370,#1307,.T.);
#2991=EDGE_CURVE('',#2342,#2374,#1308,.T.);
#2992=EDGE_CURVE('',#2341,#2368,#1309,.T.);
#2993=EDGE_CURVE('',#2343,#2373,#1310,.T.);
#2994=EDGE_CURVE('',#2345,#2371,#1311,.T.);
#2995=EDGE_CURVE('',#2344,#2372,#1312,.T.);
#2996=EDGE_CURVE('',#2328,#2363,#1313,.T.);
#2997=EDGE_CURVE('',#2327,#2364,#1314,.T.);
#2998=EDGE_CURVE('',#2326,#2358,#1315,.T.);
#2999=EDGE_CURVE('',#2351,#2361,#1316,.T.);
#3000=EDGE_CURVE('',#2350,#2362,#1317,.T.);
#3001=EDGE_CURVE('',#2349,#2296,#1318,.T.);
#3002=EDGE_CURVE('',#2329,#2295,#1319,.T.);
#3003=EDGE_CURVE('',#2375,#2376,#1959,.T.);
#3004=EDGE_CURVE('',#2334,#2375,#1320,.T.);
#3005=EDGE_CURVE('',#2333,#2376,#1321,.T.);
#3006=EDGE_CURVE('',#2377,#2376,#1322,.T.);
#3007=EDGE_CURVE('',#2332,#2378,#1323,.T.);
#3008=EDGE_CURVE('',#2379,#2378,#1324,.T.);
#3009=EDGE_CURVE('',#2340,#2379,#1325,.T.);
#3010=EDGE_CURVE('',#2339,#2377,#1326,.T.);
#3011=EDGE_CURVE('',#2377,#2380,#1960,.T.);
#3012=EDGE_CURVE('',#2338,#2380,#1327,.T.);
#3013=EDGE_CURVE('',#2381,#2382,#1961,.T.);
#3014=EDGE_CURVE('',#2382,#2375,#1328,.T.);
#3015=EDGE_CURVE('',#2380,#2381,#1329,.T.);
#3016=EDGE_CURVE('',#2337,#2381,#1330,.T.);
#3017=EDGE_CURVE('',#2352,#2360,#1331,.T.);
#3018=EDGE_CURVE('',#2359,#2357,#1332,.T.);
#3019=EDGE_CURVE('',#2335,#2382,#1333,.T.);
#3020=EDGE_CURVE('',#2336,#2365,#1334,.T.);
#3021=EDGE_CURVE('',#2330,#2294,#1335,.T.);
#3022=EDGE_CURVE('',#2331,#2383,#1336,.T.);
#3023=EDGE_CURVE('',#2378,#2383,#1962,.T.);
#3024=EDGE_CURVE('',#2369,#2379,#1963,.T.);
#3025=EDGE_CURVE('',#2383,#2291,#1337,.T.);
#3026=ORIENTED_EDGE('',*,*,#2384,.F.);
#3027=ORIENTED_EDGE('',*,*,#2385,.T.);
#3028=ORIENTED_EDGE('',*,*,#2386,.F.);
#3029=ORIENTED_EDGE('',*,*,#2385,.F.);
#3030=ORIENTED_EDGE('',*,*,#2387,.F.);
#3031=ORIENTED_EDGE('',*,*,#2388,.T.);
#3032=ORIENTED_EDGE('',*,*,#2389,.F.);
#3033=ORIENTED_EDGE('',*,*,#2388,.F.);
#3034=ORIENTED_EDGE('',*,*,#2390,.F.);
#3035=ORIENTED_EDGE('',*,*,#2391,.T.);
#3036=ORIENTED_EDGE('',*,*,#2392,.F.);
#3037=ORIENTED_EDGE('',*,*,#2393,.F.);
#3038=ORIENTED_EDGE('',*,*,#2394,.F.);
#3039=ORIENTED_EDGE('',*,*,#2393,.T.);
#3040=ORIENTED_EDGE('',*,*,#2395,.F.);
#3041=ORIENTED_EDGE('',*,*,#2396,.F.);
#3042=ORIENTED_EDGE('',*,*,#2397,.F.);
#3043=ORIENTED_EDGE('',*,*,#2396,.T.);
#3044=ORIENTED_EDGE('',*,*,#2398,.F.);
#3045=ORIENTED_EDGE('',*,*,#2399,.F.);
#3046=ORIENTED_EDGE('',*,*,#2400,.F.);
#3047=ORIENTED_EDGE('',*,*,#2399,.T.);
#3048=ORIENTED_EDGE('',*,*,#2401,.F.);
#3049=ORIENTED_EDGE('',*,*,#2391,.F.);
#3050=ORIENTED_EDGE('',*,*,#2402,.T.);
#3051=ORIENTED_EDGE('',*,*,#2403,.T.);
#3052=ORIENTED_EDGE('',*,*,#2404,.T.);
#3053=ORIENTED_EDGE('',*,*,#2405,.T.);
#3054=ORIENTED_EDGE('',*,*,#2386,.T.);
#3055=ORIENTED_EDGE('',*,*,#2389,.T.);
#3056=ORIENTED_EDGE('',*,*,#2397,.T.);
#3057=ORIENTED_EDGE('',*,*,#2400,.T.);
#3058=ORIENTED_EDGE('',*,*,#2390,.T.);
#3059=ORIENTED_EDGE('',*,*,#2394,.T.);
#3060=ORIENTED_EDGE('',*,*,#2406,.T.);
#3061=ORIENTED_EDGE('',*,*,#2407,.T.);
#3062=ORIENTED_EDGE('',*,*,#2408,.T.);
#3063=ORIENTED_EDGE('',*,*,#2409,.T.);
#3064=ORIENTED_EDGE('',*,*,#2384,.T.);
#3065=ORIENTED_EDGE('',*,*,#2387,.T.);
#3066=ORIENTED_EDGE('',*,*,#2398,.T.);
#3067=ORIENTED_EDGE('',*,*,#2395,.T.);
#3068=ORIENTED_EDGE('',*,*,#2392,.T.);
#3069=ORIENTED_EDGE('',*,*,#2401,.T.);
#3070=ORIENTED_EDGE('',*,*,#2410,.T.);
#3071=ORIENTED_EDGE('',*,*,#2407,.F.);
#3072=ORIENTED_EDGE('',*,*,#2411,.F.);
#3073=ORIENTED_EDGE('',*,*,#2405,.F.);
#3074=ORIENTED_EDGE('',*,*,#2412,.T.);
#3075=ORIENTED_EDGE('',*,*,#2408,.F.);
#3076=ORIENTED_EDGE('',*,*,#2410,.F.);
#3077=ORIENTED_EDGE('',*,*,#2404,.F.);
#3078=ORIENTED_EDGE('',*,*,#2413,.T.);
#3079=ORIENTED_EDGE('',*,*,#2409,.F.);
#3080=ORIENTED_EDGE('',*,*,#2412,.F.);
#3081=ORIENTED_EDGE('',*,*,#2403,.F.);
#3082=ORIENTED_EDGE('',*,*,#2411,.T.);
#3083=ORIENTED_EDGE('',*,*,#2406,.F.);
#3084=ORIENTED_EDGE('',*,*,#2413,.F.);
#3085=ORIENTED_EDGE('',*,*,#2402,.F.);
#3086=ORIENTED_EDGE('',*,*,#2414,.T.);
#3087=ORIENTED_EDGE('',*,*,#2415,.T.);
#3088=ORIENTED_EDGE('',*,*,#2416,.T.);
#3089=ORIENTED_EDGE('',*,*,#2417,.T.);
#3090=ORIENTED_EDGE('',*,*,#2418,.T.);
#3091=ORIENTED_EDGE('',*,*,#2419,.T.);
#3092=ORIENTED_EDGE('',*,*,#2416,.F.);
#3093=ORIENTED_EDGE('',*,*,#2420,.T.);
#3094=ORIENTED_EDGE('',*,*,#2421,.T.);
#3095=ORIENTED_EDGE('',*,*,#2422,.T.);
#3096=ORIENTED_EDGE('',*,*,#2418,.F.);
#3097=ORIENTED_EDGE('',*,*,#2423,.T.);
#3098=ORIENTED_EDGE('',*,*,#2424,.T.);
#3099=ORIENTED_EDGE('',*,*,#2425,.T.);
#3100=ORIENTED_EDGE('',*,*,#2421,.F.);
#3101=ORIENTED_EDGE('',*,*,#2426,.T.);
#3102=ORIENTED_EDGE('',*,*,#2427,.T.);
#3103=ORIENTED_EDGE('',*,*,#2428,.T.);
#3104=ORIENTED_EDGE('',*,*,#2424,.F.);
#3105=ORIENTED_EDGE('',*,*,#2429,.T.);
#3106=ORIENTED_EDGE('',*,*,#2430,.T.);
#3107=ORIENTED_EDGE('',*,*,#2431,.T.);
#3108=ORIENTED_EDGE('',*,*,#2427,.F.);
#3109=ORIENTED_EDGE('',*,*,#2432,.T.);
#3110=ORIENTED_EDGE('',*,*,#2433,.T.);
#3111=ORIENTED_EDGE('',*,*,#2434,.T.);
#3112=ORIENTED_EDGE('',*,*,#2430,.F.);
#3113=ORIENTED_EDGE('',*,*,#2435,.T.);
#3114=ORIENTED_EDGE('',*,*,#2414,.F.);
#3115=ORIENTED_EDGE('',*,*,#2436,.T.);
#3116=ORIENTED_EDGE('',*,*,#2433,.F.);
#3117=ORIENTED_EDGE('',*,*,#2437,.T.);
#3118=ORIENTED_EDGE('',*,*,#2426,.F.);
#3119=ORIENTED_EDGE('',*,*,#2438,.T.);
#3120=ORIENTED_EDGE('',*,*,#2439,.F.);
#3121=ORIENTED_EDGE('',*,*,#2440,.F.);
#3122=ORIENTED_EDGE('',*,*,#2423,.F.);
#3123=ORIENTED_EDGE('',*,*,#2441,.T.);
#3124=ORIENTED_EDGE('',*,*,#2442,.F.);
#3125=ORIENTED_EDGE('',*,*,#2438,.F.);
#3126=ORIENTED_EDGE('',*,*,#2420,.F.);
#3127=ORIENTED_EDGE('',*,*,#2443,.T.);
#3128=ORIENTED_EDGE('',*,*,#2444,.F.);
#3129=ORIENTED_EDGE('',*,*,#2441,.F.);
#3130=ORIENTED_EDGE('',*,*,#2415,.F.);
#3131=ORIENTED_EDGE('',*,*,#2445,.T.);
#3132=ORIENTED_EDGE('',*,*,#2446,.F.);
#3133=ORIENTED_EDGE('',*,*,#2443,.F.);
#3134=ORIENTED_EDGE('',*,*,#2417,.F.);
#3135=ORIENTED_EDGE('',*,*,#2419,.F.);
#3136=ORIENTED_EDGE('',*,*,#2422,.F.);
#3137=ORIENTED_EDGE('',*,*,#2425,.F.);
#3138=ORIENTED_EDGE('',*,*,#2428,.F.);
#3139=ORIENTED_EDGE('',*,*,#2431,.F.);
#3140=ORIENTED_EDGE('',*,*,#2434,.F.);
#3141=ORIENTED_EDGE('',*,*,#2436,.F.);
#3142=ORIENTED_EDGE('',*,*,#2447,.F.);
#3143=ORIENTED_EDGE('',*,*,#2448,.F.);
#3144=ORIENTED_EDGE('',*,*,#2449,.F.);
#3145=ORIENTED_EDGE('',*,*,#2450,.F.);
#3146=ORIENTED_EDGE('',*,*,#2451,.F.);
#3147=ORIENTED_EDGE('',*,*,#2452,.F.);
#3148=ORIENTED_EDGE('',*,*,#2453,.F.);
#3149=ORIENTED_EDGE('',*,*,#2454,.F.);
#3150=ORIENTED_EDGE('',*,*,#2455,.T.);
#3151=ORIENTED_EDGE('',*,*,#2456,.T.);
#3152=ORIENTED_EDGE('',*,*,#2457,.T.);
#3153=ORIENTED_EDGE('',*,*,#2447,.T.);
#3154=ORIENTED_EDGE('',*,*,#2458,.T.);
#3155=ORIENTED_EDGE('',*,*,#2448,.T.);
#3156=ORIENTED_EDGE('',*,*,#2457,.F.);
#3157=ORIENTED_EDGE('',*,*,#2459,.T.);
#3158=ORIENTED_EDGE('',*,*,#2460,.T.);
#3159=ORIENTED_EDGE('',*,*,#2449,.T.);
#3160=ORIENTED_EDGE('',*,*,#2458,.F.);
#3161=ORIENTED_EDGE('',*,*,#2461,.T.);
#3162=ORIENTED_EDGE('',*,*,#2462,.T.);
#3163=ORIENTED_EDGE('',*,*,#2450,.T.);
#3164=ORIENTED_EDGE('',*,*,#2460,.F.);
#3165=ORIENTED_EDGE('',*,*,#2463,.T.);
#3166=ORIENTED_EDGE('',*,*,#2464,.T.);
#3167=ORIENTED_EDGE('',*,*,#2451,.T.);
#3168=ORIENTED_EDGE('',*,*,#2462,.F.);
#3169=ORIENTED_EDGE('',*,*,#2465,.T.);
#3170=ORIENTED_EDGE('',*,*,#2466,.T.);
#3171=ORIENTED_EDGE('',*,*,#2452,.T.);
#3172=ORIENTED_EDGE('',*,*,#2464,.F.);
#3173=ORIENTED_EDGE('',*,*,#2467,.T.);
#3174=ORIENTED_EDGE('',*,*,#2468,.T.);
#3175=ORIENTED_EDGE('',*,*,#2453,.T.);
#3176=ORIENTED_EDGE('',*,*,#2466,.F.);
#3177=ORIENTED_EDGE('',*,*,#2469,.T.);
#3178=ORIENTED_EDGE('',*,*,#2455,.F.);
#3179=ORIENTED_EDGE('',*,*,#2454,.T.);
#3180=ORIENTED_EDGE('',*,*,#2468,.F.);
#3181=ORIENTED_EDGE('',*,*,#2470,.T.);
#3182=ORIENTED_EDGE('',*,*,#2463,.F.);
#3183=ORIENTED_EDGE('',*,*,#2471,.T.);
#3184=ORIENTED_EDGE('',*,*,#2472,.F.);
#3185=ORIENTED_EDGE('',*,*,#2473,.F.);
#3186=ORIENTED_EDGE('',*,*,#2461,.F.);
#3187=ORIENTED_EDGE('',*,*,#2474,.T.);
#3188=ORIENTED_EDGE('',*,*,#2475,.F.);
#3189=ORIENTED_EDGE('',*,*,#2471,.F.);
#3190=ORIENTED_EDGE('',*,*,#2459,.F.);
#3191=ORIENTED_EDGE('',*,*,#2476,.T.);
#3192=ORIENTED_EDGE('',*,*,#2477,.F.);
#3193=ORIENTED_EDGE('',*,*,#2474,.F.);
#3194=ORIENTED_EDGE('',*,*,#2456,.F.);
#3195=ORIENTED_EDGE('',*,*,#2478,.T.);
#3196=ORIENTED_EDGE('',*,*,#2479,.F.);
#3197=ORIENTED_EDGE('',*,*,#2476,.F.);
#3198=ORIENTED_EDGE('',*,*,#2480,.F.);
#3199=ORIENTED_EDGE('',*,*,#2481,.F.);
#3200=ORIENTED_EDGE('',*,*,#2482,.T.);
#3201=ORIENTED_EDGE('',*,*,#2483,.T.);
#3202=ORIENTED_EDGE('',*,*,#2484,.F.);
#3203=ORIENTED_EDGE('',*,*,#2483,.F.);
#3204=ORIENTED_EDGE('',*,*,#2485,.T.);
#3205=ORIENTED_EDGE('',*,*,#2486,.T.);
#3206=ORIENTED_EDGE('',*,*,#2487,.F.);
#3207=ORIENTED_EDGE('',*,*,#2488,.F.);
#3208=ORIENTED_EDGE('',*,*,#2485,.F.);
#3209=ORIENTED_EDGE('',*,*,#2482,.F.);
#3210=ORIENTED_EDGE('',*,*,#2489,.F.);
#3211=ORIENTED_EDGE('',*,*,#2486,.F.);
#3212=ORIENTED_EDGE('',*,*,#2488,.T.);
#3213=ORIENTED_EDGE('',*,*,#2490,.T.);
#3214=ORIENTED_EDGE('',*,*,#2491,.F.);
#3215=ORIENTED_EDGE('',*,*,#2490,.F.);
#3216=ORIENTED_EDGE('',*,*,#2487,.T.);
#3217=ORIENTED_EDGE('',*,*,#2481,.T.);
#3218=ORIENTED_EDGE('',*,*,#2492,.F.);
#3219=ORIENTED_EDGE('',*,*,#2493,.F.);
#3220=ORIENTED_EDGE('',*,*,#2494,.T.);
#3221=ORIENTED_EDGE('',*,*,#2495,.T.);
#3222=ORIENTED_EDGE('',*,*,#2496,.F.);
#3223=ORIENTED_EDGE('',*,*,#2495,.F.);
#3224=ORIENTED_EDGE('',*,*,#2497,.T.);
#3225=ORIENTED_EDGE('',*,*,#2498,.T.);
#3226=ORIENTED_EDGE('',*,*,#2499,.F.);
#3227=ORIENTED_EDGE('',*,*,#2500,.F.);
#3228=ORIENTED_EDGE('',*,*,#2497,.F.);
#3229=ORIENTED_EDGE('',*,*,#2494,.F.);
#3230=ORIENTED_EDGE('',*,*,#2501,.F.);
#3231=ORIENTED_EDGE('',*,*,#2498,.F.);
#3232=ORIENTED_EDGE('',*,*,#2500,.T.);
#3233=ORIENTED_EDGE('',*,*,#2502,.T.);
#3234=ORIENTED_EDGE('',*,*,#2503,.F.);
#3235=ORIENTED_EDGE('',*,*,#2502,.F.);
#3236=ORIENTED_EDGE('',*,*,#2499,.T.);
#3237=ORIENTED_EDGE('',*,*,#2493,.T.);
#3238=ORIENTED_EDGE('',*,*,#2504,.T.);
#3239=ORIENTED_EDGE('',*,*,#2505,.F.);
#3240=ORIENTED_EDGE('',*,*,#2506,.F.);
#3241=ORIENTED_EDGE('',*,*,#2507,.F.);
#3242=ORIENTED_EDGE('',*,*,#2508,.T.);
#3243=ORIENTED_EDGE('',*,*,#2509,.F.);
#3244=ORIENTED_EDGE('',*,*,#2510,.F.);
#3245=ORIENTED_EDGE('',*,*,#2511,.F.);
#3246=ORIENTED_EDGE('',*,*,#2512,.F.);
#3247=ORIENTED_EDGE('',*,*,#2513,.F.);
#3248=ORIENTED_EDGE('',*,*,#2514,.T.);
#3249=ORIENTED_EDGE('',*,*,#2515,.F.);
#3250=ORIENTED_EDGE('',*,*,#2516,.T.);
#3251=ORIENTED_EDGE('',*,*,#2509,.T.);
#3252=ORIENTED_EDGE('',*,*,#2517,.T.);
#3253=ORIENTED_EDGE('',*,*,#2518,.T.);
#3254=ORIENTED_EDGE('',*,*,#2519,.T.);
#3255=ORIENTED_EDGE('',*,*,#2515,.T.);
#3256=ORIENTED_EDGE('',*,*,#2520,.T.);
#3257=ORIENTED_EDGE('',*,*,#2505,.T.);
#3258=ORIENTED_EDGE('',*,*,#2521,.F.);
#3259=ORIENTED_EDGE('',*,*,#2522,.F.);
#3260=ORIENTED_EDGE('',*,*,#2523,.T.);
#3261=ORIENTED_EDGE('',*,*,#2518,.F.);
#3262=ORIENTED_EDGE('',*,*,#2512,.T.);
#3263=ORIENTED_EDGE('',*,*,#2519,.F.);
#3264=ORIENTED_EDGE('',*,*,#2523,.F.);
#3265=ORIENTED_EDGE('',*,*,#2524,.F.);
#3266=ORIENTED_EDGE('',*,*,#2510,.T.);
#3267=ORIENTED_EDGE('',*,*,#2516,.F.);
#3268=ORIENTED_EDGE('',*,*,#2504,.F.);
#3269=ORIENTED_EDGE('',*,*,#2525,.F.);
#3270=ORIENTED_EDGE('',*,*,#2521,.T.);
#3271=ORIENTED_EDGE('',*,*,#2517,.F.);
#3272=ORIENTED_EDGE('',*,*,#2508,.F.);
#3273=ORIENTED_EDGE('',*,*,#2526,.F.);
#3274=ORIENTED_EDGE('',*,*,#2506,.T.);
#3275=ORIENTED_EDGE('',*,*,#2520,.F.);
#3276=ORIENTED_EDGE('',*,*,#2514,.F.);
#3277=ORIENTED_EDGE('',*,*,#2527,.F.);
#3278=ORIENTED_EDGE('',*,*,#2528,.T.);
#3279=ORIENTED_EDGE('',*,*,#2529,.F.);
#3280=ORIENTED_EDGE('',*,*,#2530,.F.);
#3281=ORIENTED_EDGE('',*,*,#2531,.F.);
#3282=ORIENTED_EDGE('',*,*,#2532,.T.);
#3283=ORIENTED_EDGE('',*,*,#2533,.F.);
#3284=ORIENTED_EDGE('',*,*,#2534,.F.);
#3285=ORIENTED_EDGE('',*,*,#2535,.F.);
#3286=ORIENTED_EDGE('',*,*,#2536,.F.);
#3287=ORIENTED_EDGE('',*,*,#2537,.F.);
#3288=ORIENTED_EDGE('',*,*,#2538,.T.);
#3289=ORIENTED_EDGE('',*,*,#2539,.F.);
#3290=ORIENTED_EDGE('',*,*,#2540,.T.);
#3291=ORIENTED_EDGE('',*,*,#2533,.T.);
#3292=ORIENTED_EDGE('',*,*,#2541,.T.);
#3293=ORIENTED_EDGE('',*,*,#2542,.T.);
#3294=ORIENTED_EDGE('',*,*,#2543,.T.);
#3295=ORIENTED_EDGE('',*,*,#2539,.T.);
#3296=ORIENTED_EDGE('',*,*,#2544,.T.);
#3297=ORIENTED_EDGE('',*,*,#2529,.T.);
#3298=ORIENTED_EDGE('',*,*,#2545,.F.);
#3299=ORIENTED_EDGE('',*,*,#2546,.F.);
#3300=ORIENTED_EDGE('',*,*,#2547,.T.);
#3301=ORIENTED_EDGE('',*,*,#2542,.F.);
#3302=ORIENTED_EDGE('',*,*,#2536,.T.);
#3303=ORIENTED_EDGE('',*,*,#2543,.F.);
#3304=ORIENTED_EDGE('',*,*,#2547,.F.);
#3305=ORIENTED_EDGE('',*,*,#2548,.F.);
#3306=ORIENTED_EDGE('',*,*,#2534,.T.);
#3307=ORIENTED_EDGE('',*,*,#2540,.F.);
#3308=ORIENTED_EDGE('',*,*,#2528,.F.);
#3309=ORIENTED_EDGE('',*,*,#2549,.F.);
#3310=ORIENTED_EDGE('',*,*,#2545,.T.);
#3311=ORIENTED_EDGE('',*,*,#2541,.F.);
#3312=ORIENTED_EDGE('',*,*,#2532,.F.);
#3313=ORIENTED_EDGE('',*,*,#2550,.F.);
#3314=ORIENTED_EDGE('',*,*,#2530,.T.);
#3315=ORIENTED_EDGE('',*,*,#2544,.F.);
#3316=ORIENTED_EDGE('',*,*,#2538,.F.);
#3317=ORIENTED_EDGE('',*,*,#2551,.F.);
#3318=ORIENTED_EDGE('',*,*,#2469,.F.);
#3319=ORIENTED_EDGE('',*,*,#2552,.T.);
#3320=ORIENTED_EDGE('',*,*,#2553,.F.);
#3321=ORIENTED_EDGE('',*,*,#2554,.F.);
#3322=ORIENTED_EDGE('',*,*,#2465,.F.);
#3323=ORIENTED_EDGE('',*,*,#2473,.T.);
#3324=ORIENTED_EDGE('',*,*,#2555,.F.);
#3325=ORIENTED_EDGE('',*,*,#2556,.F.);
#3326=ORIENTED_EDGE('',*,*,#2467,.F.);
#3327=ORIENTED_EDGE('',*,*,#2556,.T.);
#3328=ORIENTED_EDGE('',*,*,#2557,.F.);
#3329=ORIENTED_EDGE('',*,*,#2552,.F.);
#3330=ORIENTED_EDGE('',*,*,#2470,.F.);
#3331=ORIENTED_EDGE('',*,*,#2554,.T.);
#3332=ORIENTED_EDGE('',*,*,#2558,.F.);
#3333=ORIENTED_EDGE('',*,*,#2478,.F.);
#3334=ORIENTED_EDGE('',*,*,#2435,.F.);
#3335=ORIENTED_EDGE('',*,*,#2559,.T.);
#3336=ORIENTED_EDGE('',*,*,#2560,.F.);
#3337=ORIENTED_EDGE('',*,*,#2561,.F.);
#3338=ORIENTED_EDGE('',*,*,#2562,.T.);
#3339=ORIENTED_EDGE('',*,*,#2560,.T.);
#3340=ORIENTED_EDGE('',*,*,#2563,.T.);
#3341=ORIENTED_EDGE('',*,*,#2564,.T.);
#3342=ORIENTED_EDGE('',*,*,#2439,.T.);
#3343=ORIENTED_EDGE('',*,*,#2442,.T.);
#3344=ORIENTED_EDGE('',*,*,#2444,.T.);
#3345=ORIENTED_EDGE('',*,*,#2446,.T.);
#3346=ORIENTED_EDGE('',*,*,#2489,.T.);
#3347=ORIENTED_EDGE('',*,*,#2491,.T.);
#3348=ORIENTED_EDGE('',*,*,#2480,.T.);
#3349=ORIENTED_EDGE('',*,*,#2484,.T.);
#3350=ORIENTED_EDGE('',*,*,#2501,.T.);
#3351=ORIENTED_EDGE('',*,*,#2503,.T.);
#3352=ORIENTED_EDGE('',*,*,#2492,.T.);
#3353=ORIENTED_EDGE('',*,*,#2496,.T.);
#3354=ORIENTED_EDGE('',*,*,#2522,.T.);
#3355=ORIENTED_EDGE('',*,*,#2526,.T.);
#3356=ORIENTED_EDGE('',*,*,#2511,.T.);
#3357=ORIENTED_EDGE('',*,*,#2525,.T.);
#3358=ORIENTED_EDGE('',*,*,#2507,.T.);
#3359=ORIENTED_EDGE('',*,*,#2527,.T.);
#3360=ORIENTED_EDGE('',*,*,#2513,.T.);
#3361=ORIENTED_EDGE('',*,*,#2524,.T.);
#3362=ORIENTED_EDGE('',*,*,#2546,.T.);
#3363=ORIENTED_EDGE('',*,*,#2550,.T.);
#3364=ORIENTED_EDGE('',*,*,#2535,.T.);
#3365=ORIENTED_EDGE('',*,*,#2549,.T.);
#3366=ORIENTED_EDGE('',*,*,#2531,.T.);
#3367=ORIENTED_EDGE('',*,*,#2551,.T.);
#3368=ORIENTED_EDGE('',*,*,#2537,.T.);
#3369=ORIENTED_EDGE('',*,*,#2548,.T.);
#3370=ORIENTED_EDGE('',*,*,#2555,.T.);
#3371=ORIENTED_EDGE('',*,*,#2472,.T.);
#3372=ORIENTED_EDGE('',*,*,#2475,.T.);
#3373=ORIENTED_EDGE('',*,*,#2477,.T.);
#3374=ORIENTED_EDGE('',*,*,#2479,.T.);
#3375=ORIENTED_EDGE('',*,*,#2558,.T.);
#3376=ORIENTED_EDGE('',*,*,#2553,.T.);
#3377=ORIENTED_EDGE('',*,*,#2557,.T.);
#3378=ORIENTED_EDGE('',*,*,#2429,.F.);
#3379=ORIENTED_EDGE('',*,*,#2440,.T.);
#3380=ORIENTED_EDGE('',*,*,#2564,.F.);
#3381=ORIENTED_EDGE('',*,*,#2565,.F.);
#3382=ORIENTED_EDGE('',*,*,#2437,.F.);
#3383=ORIENTED_EDGE('',*,*,#2561,.T.);
#3384=ORIENTED_EDGE('',*,*,#2562,.F.);
#3385=ORIENTED_EDGE('',*,*,#2445,.F.);
#3386=ORIENTED_EDGE('',*,*,#2432,.F.);
#3387=ORIENTED_EDGE('',*,*,#2565,.T.);
#3388=ORIENTED_EDGE('',*,*,#2563,.F.);
#3389=ORIENTED_EDGE('',*,*,#2559,.F.);
#3390=ORIENTED_EDGE('',*,*,#2566,.F.);
#3391=ORIENTED_EDGE('',*,*,#2567,.T.);
#3392=ORIENTED_EDGE('',*,*,#2568,.F.);
#3393=ORIENTED_EDGE('',*,*,#2567,.F.);
#3394=ORIENTED_EDGE('',*,*,#2569,.F.);
#3395=ORIENTED_EDGE('',*,*,#2570,.T.);
#3396=ORIENTED_EDGE('',*,*,#2571,.F.);
#3397=ORIENTED_EDGE('',*,*,#2570,.F.);
#3398=ORIENTED_EDGE('',*,*,#2572,.F.);
#3399=ORIENTED_EDGE('',*,*,#2573,.T.);
#3400=ORIENTED_EDGE('',*,*,#2574,.F.);
#3401=ORIENTED_EDGE('',*,*,#2573,.F.);
#3402=ORIENTED_EDGE('',*,*,#2575,.F.);
#3403=ORIENTED_EDGE('',*,*,#2576,.T.);
#3404=ORIENTED_EDGE('',*,*,#2577,.F.);
#3405=ORIENTED_EDGE('',*,*,#2576,.F.);
#3406=ORIENTED_EDGE('',*,*,#2578,.T.);
#3407=ORIENTED_EDGE('',*,*,#2579,.T.);
#3408=ORIENTED_EDGE('',*,*,#2580,.T.);
#3409=ORIENTED_EDGE('',*,*,#2581,.T.);
#3410=ORIENTED_EDGE('',*,*,#2568,.T.);
#3411=ORIENTED_EDGE('',*,*,#2571,.T.);
#3412=ORIENTED_EDGE('',*,*,#2574,.T.);
#3413=ORIENTED_EDGE('',*,*,#2577,.T.);
#3414=ORIENTED_EDGE('',*,*,#2582,.T.);
#3415=ORIENTED_EDGE('',*,*,#2583,.T.);
#3416=ORIENTED_EDGE('',*,*,#2584,.T.);
#3417=ORIENTED_EDGE('',*,*,#2585,.T.);
#3418=ORIENTED_EDGE('',*,*,#2566,.T.);
#3419=ORIENTED_EDGE('',*,*,#2569,.T.);
#3420=ORIENTED_EDGE('',*,*,#2572,.T.);
#3421=ORIENTED_EDGE('',*,*,#2575,.T.);
#3422=ORIENTED_EDGE('',*,*,#2586,.T.);
#3423=ORIENTED_EDGE('',*,*,#2583,.F.);
#3424=ORIENTED_EDGE('',*,*,#2587,.F.);
#3425=ORIENTED_EDGE('',*,*,#2581,.F.);
#3426=ORIENTED_EDGE('',*,*,#2588,.T.);
#3427=ORIENTED_EDGE('',*,*,#2584,.F.);
#3428=ORIENTED_EDGE('',*,*,#2586,.F.);
#3429=ORIENTED_EDGE('',*,*,#2580,.F.);
#3430=ORIENTED_EDGE('',*,*,#2589,.T.);
#3431=ORIENTED_EDGE('',*,*,#2585,.F.);
#3432=ORIENTED_EDGE('',*,*,#2588,.F.);
#3433=ORIENTED_EDGE('',*,*,#2579,.F.);
#3434=ORIENTED_EDGE('',*,*,#2587,.T.);
#3435=ORIENTED_EDGE('',*,*,#2582,.F.);
#3436=ORIENTED_EDGE('',*,*,#2589,.F.);
#3437=ORIENTED_EDGE('',*,*,#2578,.F.);
#3438=ORIENTED_EDGE('',*,*,#2590,.T.);
#3439=ORIENTED_EDGE('',*,*,#2591,.T.);
#3440=ORIENTED_EDGE('',*,*,#2592,.T.);
#3441=ORIENTED_EDGE('',*,*,#2593,.T.);
#3442=ORIENTED_EDGE('',*,*,#2594,.T.);
#3443=ORIENTED_EDGE('',*,*,#2595,.T.);
#3444=ORIENTED_EDGE('',*,*,#2596,.T.);
#3445=ORIENTED_EDGE('',*,*,#2597,.T.);
#3446=ORIENTED_EDGE('',*,*,#2598,.T.);
#3447=ORIENTED_EDGE('',*,*,#2595,.F.);
#3448=ORIENTED_EDGE('',*,*,#2599,.F.);
#3449=ORIENTED_EDGE('',*,*,#2593,.F.);
#3450=ORIENTED_EDGE('',*,*,#2600,.T.);
#3451=ORIENTED_EDGE('',*,*,#2596,.F.);
#3452=ORIENTED_EDGE('',*,*,#2598,.F.);
#3453=ORIENTED_EDGE('',*,*,#2592,.F.);
#3454=ORIENTED_EDGE('',*,*,#2601,.T.);
#3455=ORIENTED_EDGE('',*,*,#2597,.F.);
#3456=ORIENTED_EDGE('',*,*,#2600,.F.);
#3457=ORIENTED_EDGE('',*,*,#2591,.F.);
#3458=ORIENTED_EDGE('',*,*,#2599,.T.);
#3459=ORIENTED_EDGE('',*,*,#2594,.F.);
#3460=ORIENTED_EDGE('',*,*,#2601,.F.);
#3461=ORIENTED_EDGE('',*,*,#2590,.F.);
#3462=ORIENTED_EDGE('',*,*,#2602,.T.);
#3463=ORIENTED_EDGE('',*,*,#2603,.T.);
#3464=ORIENTED_EDGE('',*,*,#2604,.T.);
#3465=ORIENTED_EDGE('',*,*,#2605,.T.);
#3466=ORIENTED_EDGE('',*,*,#2606,.T.);
#3467=ORIENTED_EDGE('',*,*,#2607,.T.);
#3468=ORIENTED_EDGE('',*,*,#2608,.T.);
#3469=ORIENTED_EDGE('',*,*,#2609,.T.);
#3470=ORIENTED_EDGE('',*,*,#2610,.T.);
#3471=ORIENTED_EDGE('',*,*,#2607,.F.);
#3472=ORIENTED_EDGE('',*,*,#2611,.F.);
#3473=ORIENTED_EDGE('',*,*,#2605,.F.);
#3474=ORIENTED_EDGE('',*,*,#2612,.T.);
#3475=ORIENTED_EDGE('',*,*,#2608,.F.);
#3476=ORIENTED_EDGE('',*,*,#2610,.F.);
#3477=ORIENTED_EDGE('',*,*,#2604,.F.);
#3478=ORIENTED_EDGE('',*,*,#2613,.T.);
#3479=ORIENTED_EDGE('',*,*,#2609,.F.);
#3480=ORIENTED_EDGE('',*,*,#2612,.F.);
#3481=ORIENTED_EDGE('',*,*,#2603,.F.);
#3482=ORIENTED_EDGE('',*,*,#2611,.T.);
#3483=ORIENTED_EDGE('',*,*,#2606,.F.);
#3484=ORIENTED_EDGE('',*,*,#2613,.F.);
#3485=ORIENTED_EDGE('',*,*,#2602,.F.);
#3486=ORIENTED_EDGE('',*,*,#2614,.T.);
#3487=ORIENTED_EDGE('',*,*,#2615,.T.);
#3488=ORIENTED_EDGE('',*,*,#2616,.T.);
#3489=ORIENTED_EDGE('',*,*,#2617,.T.);
#3490=ORIENTED_EDGE('',*,*,#2618,.T.);
#3491=ORIENTED_EDGE('',*,*,#2619,.T.);
#3492=ORIENTED_EDGE('',*,*,#2620,.T.);
#3493=ORIENTED_EDGE('',*,*,#2621,.T.);
#3494=ORIENTED_EDGE('',*,*,#2622,.T.);
#3495=ORIENTED_EDGE('',*,*,#2619,.F.);
#3496=ORIENTED_EDGE('',*,*,#2623,.F.);
#3497=ORIENTED_EDGE('',*,*,#2617,.F.);
#3498=ORIENTED_EDGE('',*,*,#2624,.T.);
#3499=ORIENTED_EDGE('',*,*,#2620,.F.);
#3500=ORIENTED_EDGE('',*,*,#2622,.F.);
#3501=ORIENTED_EDGE('',*,*,#2616,.F.);
#3502=ORIENTED_EDGE('',*,*,#2625,.T.);
#3503=ORIENTED_EDGE('',*,*,#2621,.F.);
#3504=ORIENTED_EDGE('',*,*,#2624,.F.);
#3505=ORIENTED_EDGE('',*,*,#2615,.F.);
#3506=ORIENTED_EDGE('',*,*,#2623,.T.);
#3507=ORIENTED_EDGE('',*,*,#2618,.F.);
#3508=ORIENTED_EDGE('',*,*,#2625,.F.);
#3509=ORIENTED_EDGE('',*,*,#2614,.F.);
#3510=ORIENTED_EDGE('',*,*,#2626,.F.);
#3511=ORIENTED_EDGE('',*,*,#2627,.T.);
#3512=ORIENTED_EDGE('',*,*,#2628,.F.);
#3513=ORIENTED_EDGE('',*,*,#2627,.F.);
#3514=ORIENTED_EDGE('',*,*,#2628,.T.);
#3515=ORIENTED_EDGE('',*,*,#2626,.T.);
#3516=ORIENTED_EDGE('',*,*,#2629,.F.);
#3517=ORIENTED_EDGE('',*,*,#2630,.T.);
#3518=ORIENTED_EDGE('',*,*,#2631,.F.);
#3519=ORIENTED_EDGE('',*,*,#2630,.F.);
#3520=ORIENTED_EDGE('',*,*,#2631,.T.);
#3521=ORIENTED_EDGE('',*,*,#2629,.T.);
#3522=ORIENTED_EDGE('',*,*,#2632,.F.);
#3523=ORIENTED_EDGE('',*,*,#2633,.T.);
#3524=ORIENTED_EDGE('',*,*,#2634,.F.);
#3525=ORIENTED_EDGE('',*,*,#2633,.F.);
#3526=ORIENTED_EDGE('',*,*,#2634,.T.);
#3527=ORIENTED_EDGE('',*,*,#2632,.T.);
#3528=ORIENTED_EDGE('',*,*,#2635,.F.);
#3529=ORIENTED_EDGE('',*,*,#2636,.T.);
#3530=ORIENTED_EDGE('',*,*,#2637,.F.);
#3531=ORIENTED_EDGE('',*,*,#2636,.F.);
#3532=ORIENTED_EDGE('',*,*,#2637,.T.);
#3533=ORIENTED_EDGE('',*,*,#2635,.T.);
#3534=ORIENTED_EDGE('',*,*,#2638,.F.);
#3535=ORIENTED_EDGE('',*,*,#2639,.T.);
#3536=ORIENTED_EDGE('',*,*,#2640,.F.);
#3537=ORIENTED_EDGE('',*,*,#2639,.F.);
#3538=ORIENTED_EDGE('',*,*,#2640,.T.);
#3539=ORIENTED_EDGE('',*,*,#2638,.T.);
#3540=ORIENTED_EDGE('',*,*,#2641,.F.);
#3541=ORIENTED_EDGE('',*,*,#2642,.T.);
#3542=ORIENTED_EDGE('',*,*,#2643,.F.);
#3543=ORIENTED_EDGE('',*,*,#2642,.F.);
#3544=ORIENTED_EDGE('',*,*,#2643,.T.);
#3545=ORIENTED_EDGE('',*,*,#2641,.T.);
#3546=ORIENTED_EDGE('',*,*,#2644,.F.);
#3547=ORIENTED_EDGE('',*,*,#2645,.T.);
#3548=ORIENTED_EDGE('',*,*,#2646,.F.);
#3549=ORIENTED_EDGE('',*,*,#2645,.F.);
#3550=ORIENTED_EDGE('',*,*,#2646,.T.);
#3551=ORIENTED_EDGE('',*,*,#2644,.T.);
#3552=ORIENTED_EDGE('',*,*,#2647,.F.);
#3553=ORIENTED_EDGE('',*,*,#2648,.T.);
#3554=ORIENTED_EDGE('',*,*,#2649,.F.);
#3555=ORIENTED_EDGE('',*,*,#2648,.F.);
#3556=ORIENTED_EDGE('',*,*,#2649,.T.);
#3557=ORIENTED_EDGE('',*,*,#2647,.T.);
#3558=ORIENTED_EDGE('',*,*,#2650,.F.);
#3559=ORIENTED_EDGE('',*,*,#2651,.T.);
#3560=ORIENTED_EDGE('',*,*,#2652,.F.);
#3561=ORIENTED_EDGE('',*,*,#2653,.T.);
#3562=ORIENTED_EDGE('',*,*,#2654,.F.);
#3563=ORIENTED_EDGE('',*,*,#2655,.F.);
#3564=ORIENTED_EDGE('',*,*,#2656,.F.);
#3565=ORIENTED_EDGE('',*,*,#2657,.T.);
#3566=ORIENTED_EDGE('',*,*,#2658,.F.);
#3567=ORIENTED_EDGE('',*,*,#2659,.F.);
#3568=ORIENTED_EDGE('',*,*,#2655,.T.);
#3569=ORIENTED_EDGE('',*,*,#2660,.F.);
#3570=ORIENTED_EDGE('',*,*,#2661,.F.);
#3571=ORIENTED_EDGE('',*,*,#2662,.F.);
#3572=ORIENTED_EDGE('',*,*,#2663,.T.);
#3573=ORIENTED_EDGE('',*,*,#2651,.F.);
#3574=ORIENTED_EDGE('',*,*,#2650,.T.);
#3575=ORIENTED_EDGE('',*,*,#2664,.F.);
#3576=ORIENTED_EDGE('',*,*,#2665,.F.);
#3577=ORIENTED_EDGE('',*,*,#2658,.T.);
#3578=ORIENTED_EDGE('',*,*,#2666,.F.);
#3579=ORIENTED_EDGE('',*,*,#2667,.F.);
#3580=ORIENTED_EDGE('',*,*,#2668,.F.);
#3581=ORIENTED_EDGE('',*,*,#2661,.T.);
#3582=ORIENTED_EDGE('',*,*,#2652,.T.);
#3583=ORIENTED_EDGE('',*,*,#2663,.F.);
#3584=ORIENTED_EDGE('',*,*,#2669,.F.);
#3585=ORIENTED_EDGE('',*,*,#2670,.T.);
#3586=ORIENTED_EDGE('',*,*,#2654,.T.);
#3587=ORIENTED_EDGE('',*,*,#2671,.T.);
#3588=ORIENTED_EDGE('',*,*,#2666,.T.);
#3589=ORIENTED_EDGE('',*,*,#2660,.T.);
#3590=ORIENTED_EDGE('',*,*,#2671,.F.);
#3591=ORIENTED_EDGE('',*,*,#2657,.F.);
#3592=ORIENTED_EDGE('',*,*,#2672,.F.);
#3593=ORIENTED_EDGE('',*,*,#2664,.T.);
#3594=ORIENTED_EDGE('',*,*,#2653,.F.);
#3595=ORIENTED_EDGE('',*,*,#2670,.F.);
#3596=ORIENTED_EDGE('',*,*,#2673,.F.);
#3597=ORIENTED_EDGE('',*,*,#2667,.T.);
#3598=ORIENTED_EDGE('',*,*,#2674,.F.);
#3599=ORIENTED_EDGE('',*,*,#2675,.T.);
#3600=ORIENTED_EDGE('',*,*,#2676,.F.);
#3601=ORIENTED_EDGE('',*,*,#2677,.T.);
#3602=ORIENTED_EDGE('',*,*,#2678,.F.);
#3603=ORIENTED_EDGE('',*,*,#2679,.F.);
#3604=ORIENTED_EDGE('',*,*,#2680,.F.);
#3605=ORIENTED_EDGE('',*,*,#2681,.T.);
#3606=ORIENTED_EDGE('',*,*,#2682,.F.);
#3607=ORIENTED_EDGE('',*,*,#2683,.F.);
#3608=ORIENTED_EDGE('',*,*,#2679,.T.);
#3609=ORIENTED_EDGE('',*,*,#2684,.F.);
#3610=ORIENTED_EDGE('',*,*,#2685,.F.);
#3611=ORIENTED_EDGE('',*,*,#2686,.F.);
#3612=ORIENTED_EDGE('',*,*,#2687,.T.);
#3613=ORIENTED_EDGE('',*,*,#2675,.F.);
#3614=ORIENTED_EDGE('',*,*,#2674,.T.);
#3615=ORIENTED_EDGE('',*,*,#2688,.F.);
#3616=ORIENTED_EDGE('',*,*,#2689,.F.);
#3617=ORIENTED_EDGE('',*,*,#2682,.T.);
#3618=ORIENTED_EDGE('',*,*,#2690,.F.);
#3619=ORIENTED_EDGE('',*,*,#2691,.F.);
#3620=ORIENTED_EDGE('',*,*,#2692,.F.);
#3621=ORIENTED_EDGE('',*,*,#2685,.T.);
#3622=ORIENTED_EDGE('',*,*,#2676,.T.);
#3623=ORIENTED_EDGE('',*,*,#2687,.F.);
#3624=ORIENTED_EDGE('',*,*,#2693,.F.);
#3625=ORIENTED_EDGE('',*,*,#2694,.T.);
#3626=ORIENTED_EDGE('',*,*,#2678,.T.);
#3627=ORIENTED_EDGE('',*,*,#2695,.T.);
#3628=ORIENTED_EDGE('',*,*,#2690,.T.);
#3629=ORIENTED_EDGE('',*,*,#2684,.T.);
#3630=ORIENTED_EDGE('',*,*,#2695,.F.);
#3631=ORIENTED_EDGE('',*,*,#2681,.F.);
#3632=ORIENTED_EDGE('',*,*,#2696,.F.);
#3633=ORIENTED_EDGE('',*,*,#2688,.T.);
#3634=ORIENTED_EDGE('',*,*,#2677,.F.);
#3635=ORIENTED_EDGE('',*,*,#2694,.F.);
#3636=ORIENTED_EDGE('',*,*,#2697,.F.);
#3637=ORIENTED_EDGE('',*,*,#2691,.T.);
#3638=ORIENTED_EDGE('',*,*,#2698,.F.);
#3639=ORIENTED_EDGE('',*,*,#2699,.F.);
#3640=ORIENTED_EDGE('',*,*,#2700,.F.);
#3641=ORIENTED_EDGE('',*,*,#2701,.F.);
#3642=ORIENTED_EDGE('',*,*,#2702,.F.);
#3643=ORIENTED_EDGE('',*,*,#2703,.F.);
#3644=ORIENTED_EDGE('',*,*,#2704,.F.);
#3645=ORIENTED_EDGE('',*,*,#2705,.F.);
#3646=ORIENTED_EDGE('',*,*,#2706,.F.);
#3647=ORIENTED_EDGE('',*,*,#2707,.F.);
#3648=ORIENTED_EDGE('',*,*,#2708,.T.);
#3649=ORIENTED_EDGE('',*,*,#2709,.T.);
#3650=ORIENTED_EDGE('',*,*,#2703,.T.);
#3651=ORIENTED_EDGE('',*,*,#2710,.F.);
#3652=ORIENTED_EDGE('',*,*,#2711,.F.);
#3653=ORIENTED_EDGE('',*,*,#2699,.T.);
#3654=ORIENTED_EDGE('',*,*,#2712,.F.);
#3655=ORIENTED_EDGE('',*,*,#2701,.T.);
#3656=ORIENTED_EDGE('',*,*,#2713,.F.);
#3657=ORIENTED_EDGE('',*,*,#2714,.F.);
#3658=ORIENTED_EDGE('',*,*,#2705,.T.);
#3659=ORIENTED_EDGE('',*,*,#2715,.T.);
#3660=ORIENTED_EDGE('',*,*,#2716,.T.);
#3661=ORIENTED_EDGE('',*,*,#2717,.F.);
#3662=ORIENTED_EDGE('',*,*,#2704,.T.);
#3663=ORIENTED_EDGE('',*,*,#2709,.F.);
#3664=ORIENTED_EDGE('',*,*,#2718,.F.);
#3665=ORIENTED_EDGE('',*,*,#2715,.F.);
#3666=ORIENTED_EDGE('',*,*,#2719,.F.);
#3667=ORIENTED_EDGE('',*,*,#2716,.F.);
#3668=ORIENTED_EDGE('',*,*,#2718,.T.);
#3669=ORIENTED_EDGE('',*,*,#2708,.F.);
#3670=ORIENTED_EDGE('',*,*,#2717,.T.);
#3671=ORIENTED_EDGE('',*,*,#2719,.T.);
#3672=ORIENTED_EDGE('',*,*,#2707,.T.);
#3673=ORIENTED_EDGE('',*,*,#2720,.T.);
#3674=ORIENTED_EDGE('',*,*,#2721,.F.);
#3675=ORIENTED_EDGE('',*,*,#2722,.F.);
#3676=ORIENTED_EDGE('',*,*,#2723,.F.);
#3677=ORIENTED_EDGE('',*,*,#2724,.T.);
#3678=ORIENTED_EDGE('',*,*,#2713,.T.);
#3679=ORIENTED_EDGE('',*,*,#2700,.T.);
#3680=ORIENTED_EDGE('',*,*,#2711,.T.);
#3681=ORIENTED_EDGE('',*,*,#2725,.T.);
#3682=ORIENTED_EDGE('',*,*,#2726,.F.);
#3683=ORIENTED_EDGE('',*,*,#2727,.F.);
#3684=ORIENTED_EDGE('',*,*,#2728,.F.);
#3685=ORIENTED_EDGE('',*,*,#2729,.T.);
#3686=ORIENTED_EDGE('',*,*,#2712,.T.);
#3687=ORIENTED_EDGE('',*,*,#2724,.F.);
#3688=ORIENTED_EDGE('',*,*,#2730,.F.);
#3689=ORIENTED_EDGE('',*,*,#2731,.F.);
#3690=ORIENTED_EDGE('',*,*,#2732,.F.);
#3691=ORIENTED_EDGE('',*,*,#2720,.F.);
#3692=ORIENTED_EDGE('',*,*,#2706,.T.);
#3693=ORIENTED_EDGE('',*,*,#2698,.T.);
#3694=ORIENTED_EDGE('',*,*,#2722,.T.);
#3695=ORIENTED_EDGE('',*,*,#2733,.F.);
#3696=ORIENTED_EDGE('',*,*,#2734,.F.);
#3697=ORIENTED_EDGE('',*,*,#2735,.F.);
#3698=ORIENTED_EDGE('',*,*,#2731,.T.);
#3699=ORIENTED_EDGE('',*,*,#2736,.T.);
#3700=ORIENTED_EDGE('',*,*,#2737,.F.);
#3701=ORIENTED_EDGE('',*,*,#2738,.F.);
#3702=ORIENTED_EDGE('',*,*,#2739,.T.);
#3703=ORIENTED_EDGE('',*,*,#2740,.T.);
#3704=ORIENTED_EDGE('',*,*,#2727,.T.);
#3705=ORIENTED_EDGE('',*,*,#2741,.F.);
#3706=ORIENTED_EDGE('',*,*,#2742,.T.);
#3707=ORIENTED_EDGE('',*,*,#2743,.T.);
#3708=ORIENTED_EDGE('',*,*,#2744,.T.);
#3709=ORIENTED_EDGE('',*,*,#2745,.F.);
#3710=ORIENTED_EDGE('',*,*,#2714,.T.);
#3711=ORIENTED_EDGE('',*,*,#2729,.F.);
#3712=ORIENTED_EDGE('',*,*,#2746,.F.);
#3713=ORIENTED_EDGE('',*,*,#2747,.T.);
#3714=ORIENTED_EDGE('',*,*,#2748,.F.);
#3715=ORIENTED_EDGE('',*,*,#2725,.F.);
#3716=ORIENTED_EDGE('',*,*,#2710,.T.);
#3717=ORIENTED_EDGE('',*,*,#2702,.T.);
#3718=ORIENTED_EDGE('',*,*,#2749,.F.);
#3719=ORIENTED_EDGE('',*,*,#2750,.F.);
#3720=ORIENTED_EDGE('',*,*,#2747,.F.);
#3721=ORIENTED_EDGE('',*,*,#2751,.F.);
#3722=ORIENTED_EDGE('',*,*,#2749,.T.);
#3723=ORIENTED_EDGE('',*,*,#2752,.T.);
#3724=ORIENTED_EDGE('',*,*,#2753,.T.);
#3725=ORIENTED_EDGE('',*,*,#2754,.F.);
#3726=ORIENTED_EDGE('',*,*,#2755,.F.);
#3727=ORIENTED_EDGE('',*,*,#2756,.T.);
#3728=ORIENTED_EDGE('',*,*,#2757,.F.);
#3729=ORIENTED_EDGE('',*,*,#2758,.F.);
#3730=ORIENTED_EDGE('',*,*,#2759,.F.);
#3731=ORIENTED_EDGE('',*,*,#2760,.F.);
#3732=ORIENTED_EDGE('',*,*,#2761,.F.);
#3733=ORIENTED_EDGE('',*,*,#2762,.F.);
#3734=ORIENTED_EDGE('',*,*,#2763,.F.);
#3735=ORIENTED_EDGE('',*,*,#2764,.F.);
#3736=ORIENTED_EDGE('',*,*,#2765,.F.);
#3737=ORIENTED_EDGE('',*,*,#2766,.F.);
#3738=ORIENTED_EDGE('',*,*,#2767,.F.);
#3739=ORIENTED_EDGE('',*,*,#2768,.F.);
#3740=ORIENTED_EDGE('',*,*,#2769,.F.);
#3741=ORIENTED_EDGE('',*,*,#2756,.F.);
#3742=ORIENTED_EDGE('',*,*,#2770,.F.);
#3743=ORIENTED_EDGE('',*,*,#2771,.F.);
#3744=ORIENTED_EDGE('',*,*,#2772,.F.);
#3745=ORIENTED_EDGE('',*,*,#2773,.F.);
#3746=ORIENTED_EDGE('',*,*,#2774,.F.);
#3747=ORIENTED_EDGE('',*,*,#2775,.F.);
#3748=ORIENTED_EDGE('',*,*,#2776,.F.);
#3749=ORIENTED_EDGE('',*,*,#2777,.F.);
#3750=ORIENTED_EDGE('',*,*,#2778,.F.);
#3751=ORIENTED_EDGE('',*,*,#2779,.F.);
#3752=ORIENTED_EDGE('',*,*,#2780,.F.);
#3753=ORIENTED_EDGE('',*,*,#2768,.T.);
#3754=ORIENTED_EDGE('',*,*,#2781,.F.);
#3755=ORIENTED_EDGE('',*,*,#2782,.T.);
#3756=ORIENTED_EDGE('',*,*,#2783,.F.);
#3757=ORIENTED_EDGE('',*,*,#2770,.T.);
#3758=ORIENTED_EDGE('',*,*,#2767,.T.);
#3759=ORIENTED_EDGE('',*,*,#2755,.T.);
#3760=ORIENTED_EDGE('',*,*,#2784,.F.);
#3761=ORIENTED_EDGE('',*,*,#2757,.T.);
#3762=ORIENTED_EDGE('',*,*,#2769,.T.);
#3763=ORIENTED_EDGE('',*,*,#2780,.T.);
#3764=ORIENTED_EDGE('',*,*,#2785,.F.);
#3765=ORIENTED_EDGE('',*,*,#2782,.F.);
#3766=ORIENTED_EDGE('',*,*,#2766,.T.);
#3767=ORIENTED_EDGE('',*,*,#2786,.F.);
#3768=ORIENTED_EDGE('',*,*,#2758,.T.);
#3769=ORIENTED_EDGE('',*,*,#2784,.T.);
#3770=ORIENTED_EDGE('',*,*,#2771,.T.);
#3771=ORIENTED_EDGE('',*,*,#2783,.T.);
#3772=ORIENTED_EDGE('',*,*,#2785,.T.);
#3773=ORIENTED_EDGE('',*,*,#2779,.T.);
#3774=ORIENTED_EDGE('',*,*,#2787,.F.);
#3775=ORIENTED_EDGE('',*,*,#2765,.T.);
#3776=ORIENTED_EDGE('',*,*,#2788,.F.);
#3777=ORIENTED_EDGE('',*,*,#2759,.T.);
#3778=ORIENTED_EDGE('',*,*,#2786,.T.);
#3779=ORIENTED_EDGE('',*,*,#2772,.T.);
#3780=ORIENTED_EDGE('',*,*,#2787,.T.);
#3781=ORIENTED_EDGE('',*,*,#2778,.T.);
#3782=ORIENTED_EDGE('',*,*,#2789,.F.);
#3783=ORIENTED_EDGE('',*,*,#2764,.T.);
#3784=ORIENTED_EDGE('',*,*,#2790,.F.);
#3785=ORIENTED_EDGE('',*,*,#2760,.T.);
#3786=ORIENTED_EDGE('',*,*,#2788,.T.);
#3787=ORIENTED_EDGE('',*,*,#2773,.T.);
#3788=ORIENTED_EDGE('',*,*,#2789,.T.);
#3789=ORIENTED_EDGE('',*,*,#2777,.T.);
#3790=ORIENTED_EDGE('',*,*,#2791,.F.);
#3791=ORIENTED_EDGE('',*,*,#2762,.T.);
#3792=ORIENTED_EDGE('',*,*,#2792,.T.);
#3793=ORIENTED_EDGE('',*,*,#2763,.T.);
#3794=ORIENTED_EDGE('',*,*,#2792,.F.);
#3795=ORIENTED_EDGE('',*,*,#2761,.T.);
#3796=ORIENTED_EDGE('',*,*,#2790,.T.);
#3797=ORIENTED_EDGE('',*,*,#2774,.T.);
#3798=ORIENTED_EDGE('',*,*,#2791,.T.);
#3799=ORIENTED_EDGE('',*,*,#2776,.T.);
#3800=ORIENTED_EDGE('',*,*,#2793,.F.);
#3801=ORIENTED_EDGE('',*,*,#2775,.T.);
#3802=ORIENTED_EDGE('',*,*,#2793,.T.);
#3803=ORIENTED_EDGE('',*,*,#2794,.F.);
#3804=ORIENTED_EDGE('',*,*,#2795,.T.);
#3805=ORIENTED_EDGE('',*,*,#2796,.F.);
#3806=ORIENTED_EDGE('',*,*,#2797,.F.);
#3807=ORIENTED_EDGE('',*,*,#2798,.F.);
#3808=ORIENTED_EDGE('',*,*,#2799,.F.);
#3809=ORIENTED_EDGE('',*,*,#2800,.F.);
#3810=ORIENTED_EDGE('',*,*,#2801,.F.);
#3811=ORIENTED_EDGE('',*,*,#2802,.F.);
#3812=ORIENTED_EDGE('',*,*,#2803,.F.);
#3813=ORIENTED_EDGE('',*,*,#2804,.F.);
#3814=ORIENTED_EDGE('',*,*,#2805,.F.);
#3815=ORIENTED_EDGE('',*,*,#2806,.F.);
#3816=ORIENTED_EDGE('',*,*,#2807,.F.);
#3817=ORIENTED_EDGE('',*,*,#2808,.F.);
#3818=ORIENTED_EDGE('',*,*,#2795,.F.);
#3819=ORIENTED_EDGE('',*,*,#2809,.F.);
#3820=ORIENTED_EDGE('',*,*,#2810,.F.);
#3821=ORIENTED_EDGE('',*,*,#2811,.F.);
#3822=ORIENTED_EDGE('',*,*,#2812,.F.);
#3823=ORIENTED_EDGE('',*,*,#2813,.F.);
#3824=ORIENTED_EDGE('',*,*,#2814,.F.);
#3825=ORIENTED_EDGE('',*,*,#2815,.F.);
#3826=ORIENTED_EDGE('',*,*,#2816,.F.);
#3827=ORIENTED_EDGE('',*,*,#2817,.F.);
#3828=ORIENTED_EDGE('',*,*,#2818,.F.);
#3829=ORIENTED_EDGE('',*,*,#2819,.F.);
#3830=ORIENTED_EDGE('',*,*,#2807,.T.);
#3831=ORIENTED_EDGE('',*,*,#2820,.F.);
#3832=ORIENTED_EDGE('',*,*,#2821,.T.);
#3833=ORIENTED_EDGE('',*,*,#2822,.F.);
#3834=ORIENTED_EDGE('',*,*,#2809,.T.);
#3835=ORIENTED_EDGE('',*,*,#2806,.T.);
#3836=ORIENTED_EDGE('',*,*,#2794,.T.);
#3837=ORIENTED_EDGE('',*,*,#2823,.F.);
#3838=ORIENTED_EDGE('',*,*,#2796,.T.);
#3839=ORIENTED_EDGE('',*,*,#2808,.T.);
#3840=ORIENTED_EDGE('',*,*,#2819,.T.);
#3841=ORIENTED_EDGE('',*,*,#2824,.F.);
#3842=ORIENTED_EDGE('',*,*,#2821,.F.);
#3843=ORIENTED_EDGE('',*,*,#2805,.T.);
#3844=ORIENTED_EDGE('',*,*,#2825,.F.);
#3845=ORIENTED_EDGE('',*,*,#2797,.T.);
#3846=ORIENTED_EDGE('',*,*,#2823,.T.);
#3847=ORIENTED_EDGE('',*,*,#2810,.T.);
#3848=ORIENTED_EDGE('',*,*,#2822,.T.);
#3849=ORIENTED_EDGE('',*,*,#2824,.T.);
#3850=ORIENTED_EDGE('',*,*,#2818,.T.);
#3851=ORIENTED_EDGE('',*,*,#2826,.F.);
#3852=ORIENTED_EDGE('',*,*,#2804,.T.);
#3853=ORIENTED_EDGE('',*,*,#2827,.F.);
#3854=ORIENTED_EDGE('',*,*,#2798,.T.);
#3855=ORIENTED_EDGE('',*,*,#2825,.T.);
#3856=ORIENTED_EDGE('',*,*,#2811,.T.);
#3857=ORIENTED_EDGE('',*,*,#2826,.T.);
#3858=ORIENTED_EDGE('',*,*,#2817,.T.);
#3859=ORIENTED_EDGE('',*,*,#2828,.F.);
#3860=ORIENTED_EDGE('',*,*,#2803,.T.);
#3861=ORIENTED_EDGE('',*,*,#2829,.F.);
#3862=ORIENTED_EDGE('',*,*,#2799,.T.);
#3863=ORIENTED_EDGE('',*,*,#2827,.T.);
#3864=ORIENTED_EDGE('',*,*,#2812,.T.);
#3865=ORIENTED_EDGE('',*,*,#2828,.T.);
#3866=ORIENTED_EDGE('',*,*,#2816,.T.);
#3867=ORIENTED_EDGE('',*,*,#2830,.F.);
#3868=ORIENTED_EDGE('',*,*,#2801,.T.);
#3869=ORIENTED_EDGE('',*,*,#2831,.T.);
#3870=ORIENTED_EDGE('',*,*,#2802,.T.);
#3871=ORIENTED_EDGE('',*,*,#2831,.F.);
#3872=ORIENTED_EDGE('',*,*,#2800,.T.);
#3873=ORIENTED_EDGE('',*,*,#2829,.T.);
#3874=ORIENTED_EDGE('',*,*,#2813,.T.);
#3875=ORIENTED_EDGE('',*,*,#2830,.T.);
#3876=ORIENTED_EDGE('',*,*,#2815,.T.);
#3877=ORIENTED_EDGE('',*,*,#2832,.F.);
#3878=ORIENTED_EDGE('',*,*,#2814,.T.);
#3879=ORIENTED_EDGE('',*,*,#2832,.T.);
#3880=ORIENTED_EDGE('',*,*,#2833,.F.);
#3881=ORIENTED_EDGE('',*,*,#2834,.T.);
#3882=ORIENTED_EDGE('',*,*,#2835,.T.);
#3883=ORIENTED_EDGE('',*,*,#2834,.F.);
#3884=ORIENTED_EDGE('',*,*,#2833,.T.);
#3885=ORIENTED_EDGE('',*,*,#2836,.F.);
#3886=ORIENTED_EDGE('',*,*,#2837,.F.);
#3887=ORIENTED_EDGE('',*,*,#2838,.F.);
#3888=ORIENTED_EDGE('',*,*,#2839,.T.);
#3889=ORIENTED_EDGE('',*,*,#2835,.F.);
#3890=ORIENTED_EDGE('',*,*,#2839,.F.);
#3891=ORIENTED_EDGE('',*,*,#2840,.T.);
#3892=ORIENTED_EDGE('',*,*,#2837,.T.);
#3893=ORIENTED_EDGE('',*,*,#2841,.F.);
#3894=ORIENTED_EDGE('',*,*,#2842,.T.);
#3895=ORIENTED_EDGE('',*,*,#2843,.T.);
#3896=ORIENTED_EDGE('',*,*,#2842,.F.);
#3897=ORIENTED_EDGE('',*,*,#2841,.T.);
#3898=ORIENTED_EDGE('',*,*,#2844,.F.);
#3899=ORIENTED_EDGE('',*,*,#2845,.F.);
#3900=ORIENTED_EDGE('',*,*,#2846,.F.);
#3901=ORIENTED_EDGE('',*,*,#2847,.T.);
#3902=ORIENTED_EDGE('',*,*,#2843,.F.);
#3903=ORIENTED_EDGE('',*,*,#2847,.F.);
#3904=ORIENTED_EDGE('',*,*,#2848,.T.);
#3905=ORIENTED_EDGE('',*,*,#2845,.T.);
#3906=ORIENTED_EDGE('',*,*,#2849,.F.);
#3907=ORIENTED_EDGE('',*,*,#2850,.T.);
#3908=ORIENTED_EDGE('',*,*,#2851,.T.);
#3909=ORIENTED_EDGE('',*,*,#2850,.F.);
#3910=ORIENTED_EDGE('',*,*,#2851,.F.);
#3911=ORIENTED_EDGE('',*,*,#2781,.T.);
#3912=ORIENTED_EDGE('',*,*,#2852,.F.);
#3913=ORIENTED_EDGE('',*,*,#2853,.T.);
#3914=ORIENTED_EDGE('',*,*,#2854,.T.);
#3915=ORIENTED_EDGE('',*,*,#2853,.F.);
#3916=ORIENTED_EDGE('',*,*,#2854,.F.);
#3917=ORIENTED_EDGE('',*,*,#2820,.T.);
#3918=ORIENTED_EDGE('',*,*,#2855,.F.);
#3919=ORIENTED_EDGE('',*,*,#2856,.T.);
#3920=ORIENTED_EDGE('',*,*,#2857,.F.);
#3921=ORIENTED_EDGE('',*,*,#2856,.F.);
#3922=ORIENTED_EDGE('',*,*,#2858,.T.);
#3923=ORIENTED_EDGE('',*,*,#2859,.T.);
#3924=ORIENTED_EDGE('',*,*,#2860,.F.);
#3925=ORIENTED_EDGE('',*,*,#2859,.F.);
#3926=ORIENTED_EDGE('',*,*,#2858,.F.);
#3927=ORIENTED_EDGE('',*,*,#2857,.T.);
#3928=ORIENTED_EDGE('',*,*,#2861,.T.);
#3929=ORIENTED_EDGE('',*,*,#2862,.T.);
#3930=ORIENTED_EDGE('',*,*,#2863,.F.);
#3931=ORIENTED_EDGE('',*,*,#2862,.F.);
#3932=ORIENTED_EDGE('',*,*,#2861,.F.);
#3933=ORIENTED_EDGE('',*,*,#2860,.T.);
#3934=ORIENTED_EDGE('',*,*,#2864,.F.);
#3935=ORIENTED_EDGE('',*,*,#2865,.T.);
#3936=ORIENTED_EDGE('',*,*,#2866,.F.);
#3937=ORIENTED_EDGE('',*,*,#2865,.F.);
#3938=ORIENTED_EDGE('',*,*,#2867,.T.);
#3939=ORIENTED_EDGE('',*,*,#2868,.T.);
#3940=ORIENTED_EDGE('',*,*,#2869,.F.);
#3941=ORIENTED_EDGE('',*,*,#2868,.F.);
#3942=ORIENTED_EDGE('',*,*,#2867,.F.);
#3943=ORIENTED_EDGE('',*,*,#2866,.T.);
#3944=ORIENTED_EDGE('',*,*,#2870,.T.);
#3945=ORIENTED_EDGE('',*,*,#2871,.T.);
#3946=ORIENTED_EDGE('',*,*,#2872,.F.);
#3947=ORIENTED_EDGE('',*,*,#2871,.F.);
#3948=ORIENTED_EDGE('',*,*,#2870,.F.);
#3949=ORIENTED_EDGE('',*,*,#2869,.T.);
#3950=ORIENTED_EDGE('',*,*,#2744,.F.);
#3951=ORIENTED_EDGE('',*,*,#2873,.T.);
#3952=ORIENTED_EDGE('',*,*,#2874,.F.);
#3953=ORIENTED_EDGE('',*,*,#2875,.F.);
#3954=ORIENTED_EDGE('',*,*,#2743,.F.);
#3955=ORIENTED_EDGE('',*,*,#2876,.F.);
#3956=ORIENTED_EDGE('',*,*,#2877,.F.);
#3957=ORIENTED_EDGE('',*,*,#2873,.F.);
#3958=ORIENTED_EDGE('',*,*,#2742,.F.);
#3959=ORIENTED_EDGE('',*,*,#2878,.F.);
#3960=ORIENTED_EDGE('',*,*,#2879,.F.);
#3961=ORIENTED_EDGE('',*,*,#2876,.T.);
#3962=ORIENTED_EDGE('',*,*,#2734,.T.);
#3963=ORIENTED_EDGE('',*,*,#2880,.F.);
#3964=ORIENTED_EDGE('',*,*,#2881,.F.);
#3965=ORIENTED_EDGE('',*,*,#2882,.T.);
#3966=ORIENTED_EDGE('',*,*,#2875,.T.);
#3967=ORIENTED_EDGE('',*,*,#2883,.T.);
#3968=ORIENTED_EDGE('',*,*,#2884,.T.);
#3969=ORIENTED_EDGE('',*,*,#2885,.T.);
#3970=ORIENTED_EDGE('',*,*,#2886,.T.);
#3971=ORIENTED_EDGE('',*,*,#2887,.T.);
#3972=ORIENTED_EDGE('',*,*,#2888,.T.);
#3973=ORIENTED_EDGE('',*,*,#2889,.T.);
#3974=ORIENTED_EDGE('',*,*,#2890,.T.);
#3975=ORIENTED_EDGE('',*,*,#2880,.T.);
#3976=ORIENTED_EDGE('',*,*,#2733,.T.);
#3977=ORIENTED_EDGE('',*,*,#2721,.T.);
#3978=ORIENTED_EDGE('',*,*,#2732,.T.);
#3979=ORIENTED_EDGE('',*,*,#2745,.T.);
#3980=ORIENTED_EDGE('',*,*,#2891,.F.);
#3981=ORIENTED_EDGE('',*,*,#2892,.T.);
#3982=ORIENTED_EDGE('',*,*,#2893,.F.);
#3983=ORIENTED_EDGE('',*,*,#2894,.F.);
#3984=ORIENTED_EDGE('',*,*,#2895,.F.);
#3985=ORIENTED_EDGE('',*,*,#2896,.F.);
#3986=ORIENTED_EDGE('',*,*,#2897,.F.);
#3987=ORIENTED_EDGE('',*,*,#2892,.F.);
#3988=ORIENTED_EDGE('',*,*,#2898,.F.);
#3989=ORIENTED_EDGE('',*,*,#2888,.F.);
#3990=ORIENTED_EDGE('',*,*,#2899,.F.);
#3991=ORIENTED_EDGE('',*,*,#2896,.T.);
#3992=ORIENTED_EDGE('',*,*,#2898,.T.);
#3993=ORIENTED_EDGE('',*,*,#2895,.T.);
#3994=ORIENTED_EDGE('',*,*,#2891,.T.);
#3995=ORIENTED_EDGE('',*,*,#2900,.F.);
#3996=ORIENTED_EDGE('',*,*,#2901,.F.);
#3997=ORIENTED_EDGE('',*,*,#2902,.T.);
#3998=ORIENTED_EDGE('',*,*,#2903,.F.);
#3999=ORIENTED_EDGE('',*,*,#2904,.F.);
#4000=ORIENTED_EDGE('',*,*,#2905,.T.);
#4001=ORIENTED_EDGE('',*,*,#2906,.T.);
#4002=ORIENTED_EDGE('',*,*,#2907,.T.);
#4003=ORIENTED_EDGE('',*,*,#2889,.F.);
#4004=ORIENTED_EDGE('',*,*,#2908,.F.);
#4005=ORIENTED_EDGE('',*,*,#2739,.F.);
#4006=ORIENTED_EDGE('',*,*,#2909,.F.);
#4007=ORIENTED_EDGE('',*,*,#2910,.F.);
#4008=ORIENTED_EDGE('',*,*,#2911,.F.);
#4009=ORIENTED_EDGE('',*,*,#2912,.F.);
#4010=ORIENTED_EDGE('',*,*,#2913,.F.);
#4011=ORIENTED_EDGE('',*,*,#2737,.T.);
#4012=ORIENTED_EDGE('',*,*,#2735,.T.);
#4013=ORIENTED_EDGE('',*,*,#2882,.F.);
#4014=ORIENTED_EDGE('',*,*,#2914,.F.);
#4015=ORIENTED_EDGE('',*,*,#2906,.F.);
#4016=ORIENTED_EDGE('',*,*,#2915,.T.);
#4017=ORIENTED_EDGE('',*,*,#2916,.T.);
#4018=ORIENTED_EDGE('',*,*,#2917,.T.);
#4019=ORIENTED_EDGE('',*,*,#2918,.T.);
#4020=ORIENTED_EDGE('',*,*,#2836,.T.);
#4021=ORIENTED_EDGE('',*,*,#2838,.T.);
#4022=ORIENTED_EDGE('',*,*,#2919,.T.);
#4023=ORIENTED_EDGE('',*,*,#2911,.T.);
#4024=ORIENTED_EDGE('',*,*,#2736,.F.);
#4025=ORIENTED_EDGE('',*,*,#2730,.T.);
#4026=ORIENTED_EDGE('',*,*,#2723,.T.);
#4027=ORIENTED_EDGE('',*,*,#2849,.T.);
#4028=ORIENTED_EDGE('',*,*,#2728,.T.);
#4029=ORIENTED_EDGE('',*,*,#2740,.F.);
#4030=ORIENTED_EDGE('',*,*,#2908,.T.);
#4031=ORIENTED_EDGE('',*,*,#2920,.T.);
#4032=ORIENTED_EDGE('',*,*,#2844,.T.);
#4033=ORIENTED_EDGE('',*,*,#2846,.T.);
#4034=ORIENTED_EDGE('',*,*,#2921,.T.);
#4035=ORIENTED_EDGE('',*,*,#2922,.T.);
#4036=ORIENTED_EDGE('',*,*,#2923,.T.);
#4037=ORIENTED_EDGE('',*,*,#2924,.T.);
#4038=ORIENTED_EDGE('',*,*,#2902,.F.);
#4039=ORIENTED_EDGE('',*,*,#2925,.F.);
#4040=ORIENTED_EDGE('',*,*,#2752,.F.);
#4041=ORIENTED_EDGE('',*,*,#2751,.T.);
#4042=ORIENTED_EDGE('',*,*,#2746,.T.);
#4043=ORIENTED_EDGE('',*,*,#2852,.T.);
#4044=ORIENTED_EDGE('',*,*,#2912,.T.);
#4045=ORIENTED_EDGE('',*,*,#2919,.F.);
#4046=ORIENTED_EDGE('',*,*,#2840,.F.);
#4047=ORIENTED_EDGE('',*,*,#2918,.F.);
#4048=ORIENTED_EDGE('',*,*,#2926,.F.);
#4049=ORIENTED_EDGE('',*,*,#2927,.F.);
#4050=ORIENTED_EDGE('',*,*,#2910,.T.);
#4051=ORIENTED_EDGE('',*,*,#2928,.F.);
#4052=ORIENTED_EDGE('',*,*,#2929,.T.);
#4053=ORIENTED_EDGE('',*,*,#2921,.F.);
#4054=ORIENTED_EDGE('',*,*,#2848,.F.);
#4055=ORIENTED_EDGE('',*,*,#2920,.F.);
#4056=ORIENTED_EDGE('',*,*,#2930,.T.);
#4057=ORIENTED_EDGE('',*,*,#2931,.T.);
#4058=ORIENTED_EDGE('',*,*,#2932,.T.);
#4059=ORIENTED_EDGE('',*,*,#2933,.T.);
#4060=ORIENTED_EDGE('',*,*,#2934,.T.);
#4061=ORIENTED_EDGE('',*,*,#2935,.T.);
#4062=ORIENTED_EDGE('',*,*,#2936,.T.);
#4063=ORIENTED_EDGE('',*,*,#2937,.T.);
#4064=ORIENTED_EDGE('',*,*,#2938,.T.);
#4065=ORIENTED_EDGE('',*,*,#2939,.T.);
#4066=ORIENTED_EDGE('',*,*,#2940,.T.);
#4067=ORIENTED_EDGE('',*,*,#2941,.T.);
#4068=ORIENTED_EDGE('',*,*,#2942,.T.);
#4069=ORIENTED_EDGE('',*,*,#2943,.T.);
#4070=ORIENTED_EDGE('',*,*,#2944,.T.);
#4071=ORIENTED_EDGE('',*,*,#2945,.T.);
#4072=ORIENTED_EDGE('',*,*,#2946,.T.);
#4073=ORIENTED_EDGE('',*,*,#2947,.T.);
#4074=ORIENTED_EDGE('',*,*,#2948,.T.);
#4075=ORIENTED_EDGE('',*,*,#2949,.T.);
#4076=ORIENTED_EDGE('',*,*,#2950,.T.);
#4077=ORIENTED_EDGE('',*,*,#2951,.T.);
#4078=ORIENTED_EDGE('',*,*,#2952,.T.);
#4079=ORIENTED_EDGE('',*,*,#2953,.T.);
#4080=ORIENTED_EDGE('',*,*,#2954,.T.);
#4081=ORIENTED_EDGE('',*,*,#2955,.T.);
#4082=ORIENTED_EDGE('',*,*,#2956,.T.);
#4083=ORIENTED_EDGE('',*,*,#2863,.T.);
#4084=ORIENTED_EDGE('',*,*,#2872,.T.);
#4085=ORIENTED_EDGE('',*,*,#2909,.T.);
#4086=ORIENTED_EDGE('',*,*,#2738,.T.);
#4087=ORIENTED_EDGE('',*,*,#2913,.T.);
#4088=ORIENTED_EDGE('',*,*,#2927,.T.);
#4089=ORIENTED_EDGE('',*,*,#2957,.T.);
#4090=ORIENTED_EDGE('',*,*,#2958,.T.);
#4091=ORIENTED_EDGE('',*,*,#2959,.T.);
#4092=ORIENTED_EDGE('',*,*,#2904,.T.);
#4093=ORIENTED_EDGE('',*,*,#2960,.T.);
#4094=ORIENTED_EDGE('',*,*,#2961,.T.);
#4095=ORIENTED_EDGE('',*,*,#2962,.T.);
#4096=ORIENTED_EDGE('',*,*,#2928,.T.);
#4097=ORIENTED_EDGE('',*,*,#2915,.F.);
#4098=ORIENTED_EDGE('',*,*,#2905,.F.);
#4099=ORIENTED_EDGE('',*,*,#2959,.F.);
#4100=ORIENTED_EDGE('',*,*,#2963,.F.);
#4101=ORIENTED_EDGE('',*,*,#2924,.F.);
#4102=ORIENTED_EDGE('',*,*,#2964,.F.);
#4103=ORIENTED_EDGE('',*,*,#2960,.F.);
#4104=ORIENTED_EDGE('',*,*,#2903,.T.);
#4105=ORIENTED_EDGE('',*,*,#2964,.T.);
#4106=ORIENTED_EDGE('',*,*,#2923,.F.);
#4107=ORIENTED_EDGE('',*,*,#2965,.F.);
#4108=ORIENTED_EDGE('',*,*,#2961,.F.);
#4109=ORIENTED_EDGE('',*,*,#2922,.F.);
#4110=ORIENTED_EDGE('',*,*,#2929,.F.);
#4111=ORIENTED_EDGE('',*,*,#2962,.F.);
#4112=ORIENTED_EDGE('',*,*,#2965,.T.);
#4113=ORIENTED_EDGE('',*,*,#2963,.T.);
#4114=ORIENTED_EDGE('',*,*,#2958,.F.);
#4115=ORIENTED_EDGE('',*,*,#2966,.T.);
#4116=ORIENTED_EDGE('',*,*,#2916,.F.);
#4117=ORIENTED_EDGE('',*,*,#2917,.F.);
#4118=ORIENTED_EDGE('',*,*,#2966,.F.);
#4119=ORIENTED_EDGE('',*,*,#2957,.F.);
#4120=ORIENTED_EDGE('',*,*,#2926,.T.);
#4121=ORIENTED_EDGE('',*,*,#2967,.F.);
#4122=ORIENTED_EDGE('',*,*,#2753,.F.);
#4123=ORIENTED_EDGE('',*,*,#2925,.T.);
#4124=ORIENTED_EDGE('',*,*,#2901,.T.);
#4125=ORIENTED_EDGE('',*,*,#2890,.F.);
#4126=ORIENTED_EDGE('',*,*,#2907,.F.);
#4127=ORIENTED_EDGE('',*,*,#2914,.T.);
#4128=ORIENTED_EDGE('',*,*,#2881,.T.);
#4129=ORIENTED_EDGE('',*,*,#2968,.T.);
#4130=ORIENTED_EDGE('',*,*,#2855,.T.);
#4131=ORIENTED_EDGE('',*,*,#2969,.T.);
#4132=ORIENTED_EDGE('',*,*,#2970,.T.);
#4133=ORIENTED_EDGE('',*,*,#2971,.T.);
#4134=ORIENTED_EDGE('',*,*,#2972,.T.);
#4135=ORIENTED_EDGE('',*,*,#2973,.F.);
#4136=ORIENTED_EDGE('',*,*,#2974,.T.);
#4137=ORIENTED_EDGE('',*,*,#2975,.T.);
#4138=ORIENTED_EDGE('',*,*,#2976,.T.);
#4139=ORIENTED_EDGE('',*,*,#2864,.T.);
#4140=ORIENTED_EDGE('',*,*,#2977,.F.);
#4141=ORIENTED_EDGE('',*,*,#2978,.F.);
#4142=ORIENTED_EDGE('',*,*,#2951,.F.);
#4143=ORIENTED_EDGE('',*,*,#2979,.T.);
#4144=ORIENTED_EDGE('',*,*,#2899,.T.);
#4145=ORIENTED_EDGE('',*,*,#2887,.F.);
#4146=ORIENTED_EDGE('',*,*,#2980,.F.);
#4147=ORIENTED_EDGE('',*,*,#2981,.T.);
#4148=ORIENTED_EDGE('',*,*,#2982,.T.);
#4149=ORIENTED_EDGE('',*,*,#2983,.F.);
#4150=ORIENTED_EDGE('',*,*,#2893,.T.);
#4151=ORIENTED_EDGE('',*,*,#2897,.T.);
#4152=ORIENTED_EDGE('',*,*,#2981,.F.);
#4153=ORIENTED_EDGE('',*,*,#2977,.T.);
#4154=ORIENTED_EDGE('',*,*,#2984,.T.);
#4155=ORIENTED_EDGE('',*,*,#2985,.T.);
#4156=ORIENTED_EDGE('',*,*,#2986,.T.);
#4157=ORIENTED_EDGE('',*,*,#2987,.T.);
#4158=ORIENTED_EDGE('',*,*,#2988,.T.);
#4159=ORIENTED_EDGE('',*,*,#2989,.T.);
#4160=ORIENTED_EDGE('',*,*,#2665,.T.);
#4161=ORIENTED_EDGE('',*,*,#2672,.T.);
#4162=ORIENTED_EDGE('',*,*,#2656,.T.);
#4163=ORIENTED_EDGE('',*,*,#2659,.T.);
#4164=ORIENTED_EDGE('',*,*,#2668,.T.);
#4165=ORIENTED_EDGE('',*,*,#2673,.T.);
#4166=ORIENTED_EDGE('',*,*,#2669,.T.);
#4167=ORIENTED_EDGE('',*,*,#2662,.T.);
#4168=ORIENTED_EDGE('',*,*,#2689,.T.);
#4169=ORIENTED_EDGE('',*,*,#2696,.T.);
#4170=ORIENTED_EDGE('',*,*,#2680,.T.);
#4171=ORIENTED_EDGE('',*,*,#2683,.T.);
#4172=ORIENTED_EDGE('',*,*,#2692,.T.);
#4173=ORIENTED_EDGE('',*,*,#2697,.T.);
#4174=ORIENTED_EDGE('',*,*,#2693,.T.);
#4175=ORIENTED_EDGE('',*,*,#2686,.T.);
#4176=ORIENTED_EDGE('',*,*,#2979,.F.);
#4177=ORIENTED_EDGE('',*,*,#2950,.F.);
#4178=ORIENTED_EDGE('',*,*,#2990,.T.);
#4179=ORIENTED_EDGE('',*,*,#2984,.F.);
#4180=ORIENTED_EDGE('',*,*,#2989,.F.);
#4181=ORIENTED_EDGE('',*,*,#2991,.F.);
#4182=ORIENTED_EDGE('',*,*,#2945,.F.);
#4183=ORIENTED_EDGE('',*,*,#2992,.T.);
#4184=ORIENTED_EDGE('',*,*,#2991,.T.);
#4185=ORIENTED_EDGE('',*,*,#2988,.F.);
#4186=ORIENTED_EDGE('',*,*,#2993,.F.);
#4187=ORIENTED_EDGE('',*,*,#2946,.F.);
#4188=ORIENTED_EDGE('',*,*,#2994,.T.);
#4189=ORIENTED_EDGE('',*,*,#2985,.F.);
#4190=ORIENTED_EDGE('',*,*,#2990,.F.);
#4191=ORIENTED_EDGE('',*,*,#2949,.F.);
#4192=ORIENTED_EDGE('',*,*,#2995,.F.);
#4193=ORIENTED_EDGE('',*,*,#2947,.F.);
#4194=ORIENTED_EDGE('',*,*,#2993,.T.);
#4195=ORIENTED_EDGE('',*,*,#2987,.F.);
#4196=ORIENTED_EDGE('',*,*,#2995,.T.);
#4197=ORIENTED_EDGE('',*,*,#2986,.F.);
#4198=ORIENTED_EDGE('',*,*,#2994,.F.);
#4199=ORIENTED_EDGE('',*,*,#2948,.F.);
#4200=ORIENTED_EDGE('',*,*,#2974,.F.);
#4201=ORIENTED_EDGE('',*,*,#2996,.F.);
#4202=ORIENTED_EDGE('',*,*,#2931,.F.);
#4203=ORIENTED_EDGE('',*,*,#2997,.T.);
#4204=ORIENTED_EDGE('',*,*,#2997,.F.);
#4205=ORIENTED_EDGE('',*,*,#2930,.F.);
#4206=ORIENTED_EDGE('',*,*,#2998,.T.);
#4207=ORIENTED_EDGE('',*,*,#2975,.F.);
#4208=ORIENTED_EDGE('',*,*,#2972,.F.);
#4209=ORIENTED_EDGE('',*,*,#2999,.F.);
#4210=ORIENTED_EDGE('',*,*,#2954,.F.);
#4211=ORIENTED_EDGE('',*,*,#3000,.T.);
#4212=ORIENTED_EDGE('',*,*,#2973,.T.);
#4213=ORIENTED_EDGE('',*,*,#3000,.F.);
#4214=ORIENTED_EDGE('',*,*,#2953,.F.);
#4215=ORIENTED_EDGE('',*,*,#3001,.T.);
#4216=ORIENTED_EDGE('',*,*,#2885,.F.);
#4217=ORIENTED_EDGE('',*,*,#3002,.F.);
#4218=ORIENTED_EDGE('',*,*,#2932,.F.);
#4219=ORIENTED_EDGE('',*,*,#2996,.T.);
#4220=ORIENTED_EDGE('',*,*,#3003,.F.);
#4221=ORIENTED_EDGE('',*,*,#3004,.F.);
#4222=ORIENTED_EDGE('',*,*,#2937,.F.);
#4223=ORIENTED_EDGE('',*,*,#3005,.T.);
#4224=ORIENTED_EDGE('',*,*,#3006,.T.);
#4225=ORIENTED_EDGE('',*,*,#3005,.F.);
#4226=ORIENTED_EDGE('',*,*,#2936,.F.);
#4227=ORIENTED_EDGE('',*,*,#3007,.T.);
#4228=ORIENTED_EDGE('',*,*,#3008,.F.);
#4229=ORIENTED_EDGE('',*,*,#3009,.F.);
#4230=ORIENTED_EDGE('',*,*,#2943,.F.);
#4231=ORIENTED_EDGE('',*,*,#3010,.T.);
#4232=ORIENTED_EDGE('',*,*,#3011,.F.);
#4233=ORIENTED_EDGE('',*,*,#3010,.F.);
#4234=ORIENTED_EDGE('',*,*,#2942,.F.);
#4235=ORIENTED_EDGE('',*,*,#3012,.T.);
#4236=ORIENTED_EDGE('',*,*,#3013,.T.);
#4237=ORIENTED_EDGE('',*,*,#3014,.T.);
#4238=ORIENTED_EDGE('',*,*,#3003,.T.);
#4239=ORIENTED_EDGE('',*,*,#3006,.F.);
#4240=ORIENTED_EDGE('',*,*,#3011,.T.);
#4241=ORIENTED_EDGE('',*,*,#3015,.T.);
#4242=ORIENTED_EDGE('',*,*,#3012,.F.);
#4243=ORIENTED_EDGE('',*,*,#2941,.F.);
#4244=ORIENTED_EDGE('',*,*,#3016,.T.);
#4245=ORIENTED_EDGE('',*,*,#3015,.F.);
#4246=ORIENTED_EDGE('',*,*,#2999,.T.);
#4247=ORIENTED_EDGE('',*,*,#2971,.F.);
#4248=ORIENTED_EDGE('',*,*,#3017,.F.);
#4249=ORIENTED_EDGE('',*,*,#2955,.F.);
#4250=ORIENTED_EDGE('',*,*,#3017,.T.);
#4251=ORIENTED_EDGE('',*,*,#2970,.F.);
#4252=ORIENTED_EDGE('',*,*,#3018,.T.);
#4253=ORIENTED_EDGE('',*,*,#2968,.F.);
#4254=ORIENTED_EDGE('',*,*,#3018,.F.);
#4255=ORIENTED_EDGE('',*,*,#2969,.F.);
#4256=ORIENTED_EDGE('',*,*,#2998,.F.);
#4257=ORIENTED_EDGE('',*,*,#2956,.F.);
#4258=ORIENTED_EDGE('',*,*,#3019,.T.);
#4259=ORIENTED_EDGE('',*,*,#3013,.F.);
#4260=ORIENTED_EDGE('',*,*,#3016,.F.);
#4261=ORIENTED_EDGE('',*,*,#2940,.F.);
#4262=ORIENTED_EDGE('',*,*,#3020,.T.);
#4263=ORIENTED_EDGE('',*,*,#2976,.F.);
#4264=ORIENTED_EDGE('',*,*,#3020,.F.);
#4265=ORIENTED_EDGE('',*,*,#2939,.F.);
#4266=ORIENTED_EDGE('',*,*,#3004,.T.);
#4267=ORIENTED_EDGE('',*,*,#3014,.F.);
#4268=ORIENTED_EDGE('',*,*,#3019,.F.);
#4269=ORIENTED_EDGE('',*,*,#2938,.F.);
#4270=ORIENTED_EDGE('',*,*,#3002,.T.);
#4271=ORIENTED_EDGE('',*,*,#2884,.F.);
#4272=ORIENTED_EDGE('',*,*,#3021,.F.);
#4273=ORIENTED_EDGE('',*,*,#2933,.F.);
#4274=ORIENTED_EDGE('',*,*,#2978,.T.);
#4275=ORIENTED_EDGE('',*,*,#2980,.T.);
#4276=ORIENTED_EDGE('',*,*,#2886,.F.);
#4277=ORIENTED_EDGE('',*,*,#3001,.F.);
#4278=ORIENTED_EDGE('',*,*,#2952,.F.);
#4279=ORIENTED_EDGE('',*,*,#3007,.F.);
#4280=ORIENTED_EDGE('',*,*,#2935,.F.);
#4281=ORIENTED_EDGE('',*,*,#3022,.T.);
#4282=ORIENTED_EDGE('',*,*,#3023,.F.);
#4283=ORIENTED_EDGE('',*,*,#2878,.T.);
#4284=ORIENTED_EDGE('',*,*,#2741,.T.);
#4285=ORIENTED_EDGE('',*,*,#2726,.T.);
#4286=ORIENTED_EDGE('',*,*,#2748,.T.);
#4287=ORIENTED_EDGE('',*,*,#2750,.T.);
#4288=ORIENTED_EDGE('',*,*,#2754,.T.);
#4289=ORIENTED_EDGE('',*,*,#2967,.T.);
#4290=ORIENTED_EDGE('',*,*,#2900,.T.);
#4291=ORIENTED_EDGE('',*,*,#2894,.T.);
#4292=ORIENTED_EDGE('',*,*,#2983,.T.);
#4293=ORIENTED_EDGE('',*,*,#3024,.T.);
#4294=ORIENTED_EDGE('',*,*,#3008,.T.);
#4295=ORIENTED_EDGE('',*,*,#3023,.T.);
#4296=ORIENTED_EDGE('',*,*,#3025,.T.);
#4297=ORIENTED_EDGE('',*,*,#2992,.F.);
#4298=ORIENTED_EDGE('',*,*,#2944,.F.);
#4299=ORIENTED_EDGE('',*,*,#3009,.T.);
#4300=ORIENTED_EDGE('',*,*,#3024,.F.);
#4301=ORIENTED_EDGE('',*,*,#2982,.F.);
#4302=ORIENTED_EDGE('',*,*,#2879,.T.);
#4303=ORIENTED_EDGE('',*,*,#3025,.F.);
#4304=ORIENTED_EDGE('',*,*,#3022,.F.);
#4305=ORIENTED_EDGE('',*,*,#2934,.F.);
#4306=ORIENTED_EDGE('',*,*,#3021,.T.);
#4307=ORIENTED_EDGE('',*,*,#2883,.F.);
#4308=ORIENTED_EDGE('',*,*,#2874,.T.);
#4309=ORIENTED_EDGE('',*,*,#2877,.T.);
#4310=CYLINDRICAL_SURFACE('',#4694,1.2);
#4311=CYLINDRICAL_SURFACE('',#4697,1.2);
#4312=CYLINDRICAL_SURFACE('',#4716,0.4);
#4313=CYLINDRICAL_SURFACE('',#4722,0.4);
#4314=CYLINDRICAL_SURFACE('',#4728,0.4);
#4315=CYLINDRICAL_SURFACE('',#4734,0.4);
#4316=CYLINDRICAL_SURFACE('',#4736,2.);
#4317=CYLINDRICAL_SURFACE('',#4739,2.);
#4318=CYLINDRICAL_SURFACE('',#4750,0.4);
#4319=CYLINDRICAL_SURFACE('',#4755,0.4);
#4320=CYLINDRICAL_SURFACE('',#4760,0.4);
#4321=CYLINDRICAL_SURFACE('',#4765,0.4);
#4322=CYLINDRICAL_SURFACE('',#4767,0.8);
#4323=CYLINDRICAL_SURFACE('',#4770,0.8);
#4324=CYLINDRICAL_SURFACE('',#4782,0.6);
#4325=CYLINDRICAL_SURFACE('',#4785,0.6);
#4326=CYLINDRICAL_SURFACE('',#4788,0.6);
#4327=CYLINDRICAL_SURFACE('',#4793,0.6);
#4328=CYLINDRICAL_SURFACE('',#4799,0.6);
#4329=CYLINDRICAL_SURFACE('',#4802,0.6);
#4330=CYLINDRICAL_SURFACE('',#4805,0.6);
#4331=CYLINDRICAL_SURFACE('',#4810,0.6);
#4332=CYLINDRICAL_SURFACE('',#4816,0.8);
#4333=CYLINDRICAL_SURFACE('',#4818,0.8);
#4334=CYLINDRICAL_SURFACE('',#4822,2.);
#4335=CYLINDRICAL_SURFACE('',#4826,2.);
#4336=CYLINDRICAL_SURFACE('',#4830,1.5);
#4337=CYLINDRICAL_SURFACE('',#4833,1.5);
#4338=CYLINDRICAL_SURFACE('',#4836,1.5);
#4339=CYLINDRICAL_SURFACE('',#4839,1.5);
#4340=CYLINDRICAL_SURFACE('',#4942,2.2);
#4341=CYLINDRICAL_SURFACE('',#4951,1.4);
#4342=CYLINDRICAL_SURFACE('',#4953,1.4);
#4343=CYLINDRICAL_SURFACE('',#4970,2.2);
#4344=CYLINDRICAL_SURFACE('',#4979,1.4);
#4345=CYLINDRICAL_SURFACE('',#4981,1.4);
#4346=CYLINDRICAL_SURFACE('',#4997,1.35);
#4347=CYLINDRICAL_SURFACE('',#5006,1.35);
#4348=CYLINDRICAL_SURFACE('',#5011,2.4);
#4349=CYLINDRICAL_SURFACE('',#5015,2.4);
#4350=CYLINDRICAL_SURFACE('',#5019,1.1);
#4351=CYLINDRICAL_SURFACE('',#5022,1.6);
#4352=CYLINDRICAL_SURFACE('',#5026,2.);
#4353=CYLINDRICAL_SURFACE('',#5030,1.1);
#4354=CYLINDRICAL_SURFACE('',#5033,1.6);
#4355=CYLINDRICAL_SURFACE('',#5037,2.);
#4356=CYLINDRICAL_SURFACE('',#5091,2.5);
#4357=CYLINDRICAL_SURFACE('',#5099,2.5);
#4358=CYLINDRICAL_SURFACE('',#5101,3.);
#4359=CYLINDRICAL_SURFACE('',#5102,3.);
#4360=CYLINDRICAL_SURFACE('',#5104,2.5);
#4361=CYLINDRICAL_SURFACE('',#5106,2.5);
#4362=CYLINDRICAL_SURFACE('',#5108,2.5);
#4363=CYLINDRICAL_SURFACE('',#5111,2.5);
#4364=CYLINDRICAL_SURFACE('',#5117,3.75);
#4365=CYLINDRICAL_SURFACE('',#5118,3.75);
#4366=CYLINDRICAL_SURFACE('',#5120,4.);
#4367=CYLINDRICAL_SURFACE('',#5121,4.);
#4368=CYLINDRICAL_SURFACE('',#5122,4.);
#4369=CYLINDRICAL_SURFACE('',#5126,4.);
#4370=ADVANCED_FACE('',(#323),#4310,.F.);
#4371=ADVANCED_FACE('',(#324),#4311,.F.);
#4372=ADVANCED_FACE('',(#325),#148,.T.);
#4373=ADVANCED_FACE('',(#326),#149,.T.);
#4374=ADVANCED_FACE('',(#327),#150,.T.);
#4375=ADVANCED_FACE('',(#328),#151,.T.);
#4376=ADVANCED_FACE('',(#329,#111,#112,#113),#152,.T.);
#4377=ADVANCED_FACE('',(#330,#114,#115,#116),#153,.F.);
#4378=ADVANCED_FACE('',(#331),#154,.F.);
#4379=ADVANCED_FACE('',(#332),#155,.F.);
#4380=ADVANCED_FACE('',(#333),#156,.F.);
#4381=ADVANCED_FACE('',(#334),#157,.F.);
#4382=ADVANCED_FACE('',(#335),#65,.T.);
#4383=ADVANCED_FACE('',(#336),#4312,.T.);
#4384=ADVANCED_FACE('',(#337),#66,.T.);
#4385=ADVANCED_FACE('',(#338),#4313,.T.);
#4386=ADVANCED_FACE('',(#339),#67,.T.);
#4387=ADVANCED_FACE('',(#340),#4314,.T.);
#4388=ADVANCED_FACE('',(#341),#68,.T.);
#4389=ADVANCED_FACE('',(#342),#4315,.T.);
#4390=ADVANCED_FACE('',(#343),#158,.F.);
#4391=ADVANCED_FACE('',(#344),#4316,.T.);
#4392=ADVANCED_FACE('',(#345),#159,.F.);
#4393=ADVANCED_FACE('',(#346),#4317,.T.);
#4394=ADVANCED_FACE('',(#347,#117),#160,.T.);
#4395=ADVANCED_FACE('',(#348),#69,.T.);
#4396=ADVANCED_FACE('',(#349),#4318,.T.);
#4397=ADVANCED_FACE('',(#350),#70,.T.);
#4398=ADVANCED_FACE('',(#351),#4319,.T.);
#4399=ADVANCED_FACE('',(#352),#71,.T.);
#4400=ADVANCED_FACE('',(#353),#4320,.T.);
#4401=ADVANCED_FACE('',(#354),#72,.T.);
#4402=ADVANCED_FACE('',(#355),#4321,.T.);
#4403=ADVANCED_FACE('',(#356),#161,.T.);
#4404=ADVANCED_FACE('',(#357),#4322,.F.);
#4405=ADVANCED_FACE('',(#358),#162,.T.);
#4406=ADVANCED_FACE('',(#359),#4323,.F.);
#4407=ADVANCED_FACE('',(#360),#163,.T.);
#4408=ADVANCED_FACE('',(#361),#164,.T.);
#4409=ADVANCED_FACE('',(#362),#165,.F.);
#4410=ADVANCED_FACE('',(#363),#166,.T.);
#4411=ADVANCED_FACE('',(#364),#167,.T.);
#4412=ADVANCED_FACE('',(#365),#168,.T.);
#4413=ADVANCED_FACE('',(#366),#169,.T.);
#4414=ADVANCED_FACE('',(#367),#170,.F.);
#4415=ADVANCED_FACE('',(#368),#171,.T.);
#4416=ADVANCED_FACE('',(#369),#172,.T.);
#4417=ADVANCED_FACE('',(#370),#4324,.T.);
#4418=ADVANCED_FACE('',(#371),#4325,.T.);
#4419=ADVANCED_FACE('',(#372),#4326,.T.);
#4420=ADVANCED_FACE('',(#373),#173,.F.);
#4421=ADVANCED_FACE('',(#374),#4327,.T.);
#4422=ADVANCED_FACE('',(#375),#174,.F.);
#4423=ADVANCED_FACE('',(#376),#175,.F.);
#4424=ADVANCED_FACE('',(#377),#176,.F.);
#4425=ADVANCED_FACE('',(#378),#177,.F.);
#4426=ADVANCED_FACE('',(#379),#4328,.T.);
#4427=ADVANCED_FACE('',(#380),#4329,.T.);
#4428=ADVANCED_FACE('',(#381),#4330,.T.);
#4429=ADVANCED_FACE('',(#382),#178,.F.);
#4430=ADVANCED_FACE('',(#383),#4331,.T.);
#4431=ADVANCED_FACE('',(#384),#179,.F.);
#4432=ADVANCED_FACE('',(#385),#180,.F.);
#4433=ADVANCED_FACE('',(#386),#181,.F.);
#4434=ADVANCED_FACE('',(#387),#182,.F.);
#4435=ADVANCED_FACE('',(#388),#4332,.F.);
#4436=ADVANCED_FACE('',(#389),#4333,.F.);
#4437=ADVANCED_FACE('',(#390),#183,.T.);
#4438=ADVANCED_FACE('',(#391),#184,.T.);
#4439=ADVANCED_FACE('',(#392),#4334,.T.);
#4440=ADVANCED_FACE('',(#393,#118,#119,#120,#121,#122),#185,.F.);
#4441=ADVANCED_FACE('',(#394),#4335,.T.);
#4442=ADVANCED_FACE('',(#395),#186,.F.);
#4443=ADVANCED_FACE('',(#396),#187,.F.);
#4444=ADVANCED_FACE('',(#397),#4336,.F.);
#4445=ADVANCED_FACE('',(#398),#4337,.F.);
#4446=ADVANCED_FACE('',(#399),#4338,.F.);
#4447=ADVANCED_FACE('',(#400),#4339,.F.);
#4448=ADVANCED_FACE('',(#401,#123,#124,#125,#126),#188,.T.);
#4449=ADVANCED_FACE('',(#402,#127,#128,#129,#130),#189,.F.);
#4450=ADVANCED_FACE('',(#403),#190,.F.);
#4451=ADVANCED_FACE('',(#404),#191,.F.);
#4452=ADVANCED_FACE('',(#405),#192,.F.);
#4453=ADVANCED_FACE('',(#406),#193,.F.);
#4454=ADVANCED_FACE('',(#407),#194,.T.);
#4455=ADVANCED_FACE('',(#408),#195,.F.);
#4456=ADVANCED_FACE('',(#409),#196,.F.);
#4457=ADVANCED_FACE('',(#410),#197,.F.);
#4458=ADVANCED_FACE('',(#411),#198,.F.);
#4459=ADVANCED_FACE('',(#412),#199,.F.);
#4460=ADVANCED_FACE('',(#413),#200,.T.);
#4461=ADVANCED_FACE('',(#414),#201,.F.);
#4462=ADVANCED_FACE('',(#415),#202,.F.);
#4463=ADVANCED_FACE('',(#416),#203,.F.);
#4464=ADVANCED_FACE('',(#417),#204,.F.);
#4465=ADVANCED_FACE('',(#418),#205,.F.);
#4466=ADVANCED_FACE('',(#419),#206,.T.);
#4467=ADVANCED_FACE('',(#420),#207,.F.);
#4468=ADVANCED_FACE('',(#421),#208,.F.);
#4469=ADVANCED_FACE('',(#422),#209,.F.);
#4470=ADVANCED_FACE('',(#423),#210,.F.);
#4471=ADVANCED_FACE('',(#424),#211,.F.);
#4472=ADVANCED_FACE('',(#425),#47,.T.);
#4473=ADVANCED_FACE('',(#426),#212,.T.);
#4474=ADVANCED_FACE('',(#427),#213,.T.);
#4475=ADVANCED_FACE('',(#428),#48,.T.);
#4476=ADVANCED_FACE('',(#429),#214,.T.);
#4477=ADVANCED_FACE('',(#430),#215,.T.);
#4478=ADVANCED_FACE('',(#431),#49,.T.);
#4479=ADVANCED_FACE('',(#432),#216,.T.);
#4480=ADVANCED_FACE('',(#433),#217,.T.);
#4481=ADVANCED_FACE('',(#434),#50,.T.);
#4482=ADVANCED_FACE('',(#435),#218,.T.);
#4483=ADVANCED_FACE('',(#436),#219,.T.);
#4484=ADVANCED_FACE('',(#437),#51,.T.);
#4485=ADVANCED_FACE('',(#438),#220,.T.);
#4486=ADVANCED_FACE('',(#439),#221,.T.);
#4487=ADVANCED_FACE('',(#440),#52,.T.);
#4488=ADVANCED_FACE('',(#441),#222,.T.);
#4489=ADVANCED_FACE('',(#442),#223,.T.);
#4490=ADVANCED_FACE('',(#443),#53,.T.);
#4491=ADVANCED_FACE('',(#444),#224,.T.);
#4492=ADVANCED_FACE('',(#445),#225,.T.);
#4493=ADVANCED_FACE('',(#446),#54,.T.);
#4494=ADVANCED_FACE('',(#447),#226,.T.);
#4495=ADVANCED_FACE('',(#448),#227,.T.);
#4496=ADVANCED_FACE('',(#449),#228,.T.);
#4497=ADVANCED_FACE('',(#450),#229,.F.);
#4498=ADVANCED_FACE('',(#451),#230,.F.);
#4499=ADVANCED_FACE('',(#452),#231,.F.);
#4500=ADVANCED_FACE('',(#453),#232,.F.);
#4501=ADVANCED_FACE('',(#454),#233,.F.);
#4502=ADVANCED_FACE('',(#455),#234,.F.);
#4503=ADVANCED_FACE('',(#456),#235,.F.);
#4504=ADVANCED_FACE('',(#457),#236,.T.);
#4505=ADVANCED_FACE('',(#458),#237,.F.);
#4506=ADVANCED_FACE('',(#459),#238,.F.);
#4507=ADVANCED_FACE('',(#460),#239,.F.);
#4508=ADVANCED_FACE('',(#461),#240,.F.);
#4509=ADVANCED_FACE('',(#462),#241,.F.);
#4510=ADVANCED_FACE('',(#463),#242,.F.);
#4511=ADVANCED_FACE('',(#464),#243,.F.);
#4512=ADVANCED_FACE('',(#465),#244,.F.);
#4513=ADVANCED_FACE('',(#466),#245,.F.);
#4514=ADVANCED_FACE('',(#467),#246,.F.);
#4515=ADVANCED_FACE('',(#468),#247,.T.);
#4516=ADVANCED_FACE('',(#469),#248,.F.);
#4517=ADVANCED_FACE('',(#470),#249,.F.);
#4518=ADVANCED_FACE('',(#471),#250,.F.);
#4519=ADVANCED_FACE('',(#472),#251,.F.);
#4520=ADVANCED_FACE('',(#473),#252,.F.);
#4521=ADVANCED_FACE('',(#474),#253,.F.);
#4522=ADVANCED_FACE('',(#475),#254,.T.);
#4523=ADVANCED_FACE('',(#476),#255,.F.);
#4524=ADVANCED_FACE('',(#477),#256,.F.);
#4525=ADVANCED_FACE('',(#478),#257,.T.);
#4526=ADVANCED_FACE('',(#479),#258,.T.);
#4527=ADVANCED_FACE('',(#480),#259,.F.);
#4528=ADVANCED_FACE('',(#481),#260,.T.);
#4529=ADVANCED_FACE('',(#482),#4340,.T.);
#4530=ADVANCED_FACE('',(#483),#261,.T.);
#4531=ADVANCED_FACE('',(#484),#262,.T.);
#4532=ADVANCED_FACE('',(#485),#4341,.T.);
#4533=ADVANCED_FACE('',(#486),#4342,.T.);
#4534=ADVANCED_FACE('',(#487),#55,.T.);
#4535=ADVANCED_FACE('',(#488),#56,.T.);
#4536=ADVANCED_FACE('',(#489),#263,.T.);
#4537=ADVANCED_FACE('',(#490),#57,.T.);
#4538=ADVANCED_FACE('',(#491),#58,.T.);
#4539=ADVANCED_FACE('',(#492),#264,.T.);
#4540=ADVANCED_FACE('',(#493),#265,.T.);
#4541=ADVANCED_FACE('',(#494),#266,.F.);
#4542=ADVANCED_FACE('',(#495),#267,.T.);
#4543=ADVANCED_FACE('',(#496),#4343,.T.);
#4544=ADVANCED_FACE('',(#497),#268,.T.);
#4545=ADVANCED_FACE('',(#498),#269,.T.);
#4546=ADVANCED_FACE('',(#499),#4344,.T.);
#4547=ADVANCED_FACE('',(#500),#4345,.T.);
#4548=ADVANCED_FACE('',(#501),#59,.T.);
#4549=ADVANCED_FACE('',(#502),#60,.T.);
#4550=ADVANCED_FACE('',(#503),#270,.T.);
#4551=ADVANCED_FACE('',(#504),#61,.T.);
#4552=ADVANCED_FACE('',(#505),#62,.T.);
#4553=ADVANCED_FACE('',(#506),#271,.T.);
#4554=ADVANCED_FACE('',(#507),#63,.T.);
#4555=ADVANCED_FACE('',(#508),#272,.T.);
#4556=ADVANCED_FACE('',(#509),#4346,.T.);
#4557=ADVANCED_FACE('',(#510),#273,.T.);
#4558=ADVANCED_FACE('',(#511),#64,.T.);
#4559=ADVANCED_FACE('',(#512),#274,.T.);
#4560=ADVANCED_FACE('',(#513),#4347,.T.);
#4561=ADVANCED_FACE('',(#514),#275,.T.);
#4562=ADVANCED_FACE('',(#515),#4348,.F.);
#4563=ADVANCED_FACE('',(#516,#131),#276,.F.);
#4564=ADVANCED_FACE('',(#517),#4349,.F.);
#4565=ADVANCED_FACE('',(#518,#132),#277,.F.);
#4566=ADVANCED_FACE('',(#519),#4350,.F.);
#4567=ADVANCED_FACE('',(#520),#4351,.F.);
#4568=ADVANCED_FACE('',(#521,#133),#278,.F.);
#4569=ADVANCED_FACE('',(#522),#4352,.F.);
#4570=ADVANCED_FACE('',(#523,#134),#279,.F.);
#4571=ADVANCED_FACE('',(#524),#4353,.F.);
#4572=ADVANCED_FACE('',(#525),#4354,.F.);
#4573=ADVANCED_FACE('',(#526,#135),#280,.F.);
#4574=ADVANCED_FACE('',(#527),#4355,.F.);
#4575=ADVANCED_FACE('',(#528,#136),#281,.F.);
#4576=ADVANCED_FACE('',(#529),#282,.T.);
#4577=ADVANCED_FACE('',(#530),#283,.F.);
#4578=ADVANCED_FACE('',(#531),#284,.T.);
#4579=ADVANCED_FACE('',(#532),#285,.T.);
#4580=ADVANCED_FACE('',(#533),#286,.F.);
#4581=ADVANCED_FACE('',(#534),#287,.T.);
#4582=ADVANCED_FACE('',(#535),#288,.F.);
#4583=ADVANCED_FACE('',(#536),#289,.T.);
#4584=ADVANCED_FACE('',(#537),#290,.T.);
#4585=ADVANCED_FACE('',(#538),#291,.T.);
#4586=ADVANCED_FACE('',(#539),#292,.T.);
#4587=ADVANCED_FACE('',(#540,#137),#293,.F.);
#4588=ADVANCED_FACE('',(#541,#138),#294,.F.);
#4589=ADVANCED_FACE('',(#542),#295,.T.);
#4590=ADVANCED_FACE('',(#543),#296,.T.);
#4591=ADVANCED_FACE('',(#544,#139,#140,#141),#297,.T.);
#4592=ADVANCED_FACE('',(#545),#298,.T.);
#4593=ADVANCED_FACE('',(#546),#299,.T.);
#4594=ADVANCED_FACE('',(#547),#300,.T.);
#4595=ADVANCED_FACE('',(#548),#301,.T.);
#4596=ADVANCED_FACE('',(#549),#302,.T.);
#4597=ADVANCED_FACE('',(#550),#303,.T.);
#4598=ADVANCED_FACE('',(#551),#304,.T.);
#4599=ADVANCED_FACE('',(#552),#305,.T.);
#4600=ADVANCED_FACE('',(#553,#142),#306,.T.);
#4601=ADVANCED_FACE('',(#554),#307,.F.);
#4602=ADVANCED_FACE('',(#555,#143),#308,.T.);
#4603=ADVANCED_FACE('',(#556),#4356,.F.);
#4604=ADVANCED_FACE('',(#557),#309,.F.);
#4605=ADVANCED_FACE('',(#558,#144,#145,#146,#147),#310,.F.);
#4606=ADVANCED_FACE('',(#559),#311,.F.);
#4607=ADVANCED_FACE('',(#560),#4357,.F.);
#4608=ADVANCED_FACE('',(#561),#312,.F.);
#4609=ADVANCED_FACE('',(#562),#4358,.T.);
#4610=ADVANCED_FACE('',(#563),#4359,.T.);
#4611=ADVANCED_FACE('',(#564),#313,.F.);
#4612=ADVANCED_FACE('',(#565),#4360,.F.);
#4613=ADVANCED_FACE('',(#566),#314,.F.);
#4614=ADVANCED_FACE('',(#567),#4361,.F.);
#4615=ADVANCED_FACE('',(#568),#315,.F.);
#4616=ADVANCED_FACE('',(#569),#4362,.F.);
#4617=ADVANCED_FACE('',(#570),#316,.F.);
#4618=ADVANCED_FACE('',(#571),#4363,.F.);
#4619=ADVANCED_FACE('',(#572),#317,.F.);
#4620=ADVANCED_FACE('',(#573),#318,.F.);
#4621=ADVANCED_FACE('',(#574),#319,.F.);
#4622=ADVANCED_FACE('',(#575),#4364,.T.);
#4623=ADVANCED_FACE('',(#576),#4365,.T.);
#4624=ADVANCED_FACE('',(#577),#320,.F.);
#4625=ADVANCED_FACE('',(#578),#4366,.T.);
#4626=ADVANCED_FACE('',(#579),#4367,.T.);
#4627=ADVANCED_FACE('',(#580),#4368,.T.);
#4628=ADVANCED_FACE('',(#581),#321,.F.);
#4629=ADVANCED_FACE('',(#582),#4369,.T.);
#4630=ADVANCED_FACE('',(#583),#322,.F.);
#4631=CLOSED_SHELL('',(#4370,#4371,#4372,#4373,#4374,#4375,#4376,#4377,
#4378,#4379,#4380,#4381));
#4632=CLOSED_SHELL('',(#4382,#4383,#4384,#4385,#4386,#4387,#4388,#4389,
#4390,#4391,#4392,#4393,#4394,#4395,#4396,#4397,#4398,#4399,#4400,#4401,
#4402,#4403,#4404,#4405,#4406,#4407,#4408,#4409,#4410,#4411,#4412,#4413,
#4414,#4415,#4416,#4417,#4418,#4419,#4420,#4421,#4422,#4423,#4424,#4425,
#4426,#4427,#4428,#4429,#4430,#4431,#4432,#4433,#4434,#4435,#4436,#4437,
#4438,#4439,#4440,#4441,#4442,#4443));
#4633=CLOSED_SHELL('',(#4444,#4445,#4446,#4447,#4448,#4449,#4450,#4451,
#4452,#4453));
#4634=CLOSED_SHELL('',(#4454,#4455,#4456,#4457,#4458,#4459));
#4635=CLOSED_SHELL('',(#4460,#4461,#4462,#4463,#4464,#4465));
#4636=CLOSED_SHELL('',(#4466,#4467,#4468,#4469,#4470,#4471));
#4637=CLOSED_SHELL('',(#4472,#4473,#4474));
#4638=CLOSED_SHELL('',(#4475,#4476,#4477));
#4639=CLOSED_SHELL('',(#4478,#4479,#4480));
#4640=CLOSED_SHELL('',(#4481,#4482,#4483));
#4641=CLOSED_SHELL('',(#4484,#4485,#4486));
#4642=CLOSED_SHELL('',(#4487,#4488,#4489));
#4643=CLOSED_SHELL('',(#4490,#4491,#4492));
#4644=CLOSED_SHELL('',(#4493,#4494,#4495));
#4645=CLOSED_SHELL('',(#4496,#4497,#4498,#4499,#4500,#4501,#4502,#4503,
#4504,#4505,#4506,#4507,#4508,#4509,#4510,#4511,#4512,#4513,#4514,#4515,
#4516,#4517,#4518,#4519,#4520,#4521,#4522,#4523,#4524,#4525,#4526,#4527,
#4528,#4529,#4530,#4531,#4532,#4533,#4534,#4535,#4536,#4537,#4538,#4539,
#4540,#4541,#4542,#4543,#4544,#4545,#4546,#4547,#4548,#4549,#4550,#4551,
#4552,#4553,#4554,#4555,#4556,#4557,#4558,#4559,#4560,#4561,#4562,#4563,
#4564,#4565,#4566,#4567,#4568,#4569,#4570,#4571,#4572,#4573,#4574,#4575,
#4576,#4577,#4578,#4579,#4580,#4581,#4582,#4583,#4584,#4585,#4586,#4587,
#4588,#4589,#4590,#4591,#4592,#4593,#4594,#4595,#4596,#4597,#4598,#4599,
#4600,#4601,#4602,#4603,#4604,#4605,#4606,#4607,#4608,#4609,#4610,#4611,
#4612,#4613,#4614,#4615,#4616,#4617,#4618,#4619,#4620,#4621,#4622,#4623,
#4624,#4625,#4626,#4627,#4628,#4629,#4630));
#4646=DERIVED_UNIT_ELEMENT(#4654,1.);
#4647=DERIVED_UNIT_ELEMENT(#7854,-3.);
#4648=DERIVED_UNIT_ELEMENT(#4654,1.);
#4649=DERIVED_UNIT_ELEMENT(#7854,-3.);
#4650=DERIVED_UNIT_ELEMENT(#4654,1.);
#4651=DERIVED_UNIT_ELEMENT(#7854,-3.);
#4652=DERIVED_UNIT_ELEMENT(#4654,1.);
#4653=DERIVED_UNIT_ELEMENT(#7854,-3.);
#4654=(
MASS_UNIT()
NAMED_UNIT(*)
SI_UNIT(.KILO.,.GRAM.)
);
#4655=DERIVED_UNIT((#4646,#4647));
#4656=DERIVED_UNIT((#4648,#4649));
#4657=DERIVED_UNIT((#4650,#4651));
#4658=DERIVED_UNIT((#4652,#4653));
#4659=MEASURE_REPRESENTATION_ITEM('density measure',
POSITIVE_RATIO_MEASURE(7850.),#4655);
#4660=MEASURE_REPRESENTATION_ITEM('density measure',
POSITIVE_RATIO_MEASURE(7850.),#4656);
#4661=MEASURE_REPRESENTATION_ITEM('density measure',
POSITIVE_RATIO_MEASURE(7850.),#4657);
#4662=MEASURE_REPRESENTATION_ITEM('density measure',
POSITIVE_RATIO_MEASURE(7850.),#4658);
#4663=PROPERTY_DEFINITION_REPRESENTATION(#4683,#4671);
#4664=PROPERTY_DEFINITION_REPRESENTATION(#4684,#4672);
#4665=PROPERTY_DEFINITION_REPRESENTATION(#4685,#4673);
#4666=PROPERTY_DEFINITION_REPRESENTATION(#4686,#4674);
#4667=PROPERTY_DEFINITION_REPRESENTATION(#4687,#4675);
#4668=PROPERTY_DEFINITION_REPRESENTATION(#4688,#4676);
#4669=PROPERTY_DEFINITION_REPRESENTATION(#4689,#4677);
#4670=PROPERTY_DEFINITION_REPRESENTATION(#4690,#4678);
#4671=REPRESENTATION('material name',(#4679),#7848);
#4672=REPRESENTATION('density',(#4659),#7848);
#4673=REPRESENTATION('material name',(#4680),#7849);
#4674=REPRESENTATION('density',(#4660),#7849);
#4675=REPRESENTATION('material name',(#4681),#7850);
#4676=REPRESENTATION('density',(#4661),#7850);
#4677=REPRESENTATION('material name',(#4682),#7851);
#4678=REPRESENTATION('density',(#4662),#7851);
#4679=DESCRIPTIVE_REPRESENTATION_ITEM('Steel','Steel');
#4680=DESCRIPTIVE_REPRESENTATION_ITEM('Steel','Steel');
#4681=DESCRIPTIVE_REPRESENTATION_ITEM('Steel','Steel');
#4682=DESCRIPTIVE_REPRESENTATION_ITEM('Steel','Steel');
#4683=PROPERTY_DEFINITION('material property','material name',#7883);
#4684=PROPERTY_DEFINITION('material property','density of part',#7883);
#4685=PROPERTY_DEFINITION('material property','material name',#7884);
#4686=PROPERTY_DEFINITION('material property','density of part',#7884);
#4687=PROPERTY_DEFINITION('material property','material name',#7885);
#4688=PROPERTY_DEFINITION('material property','density of part',#7885);
#4689=PROPERTY_DEFINITION('material property','material name',#7886);
#4690=PROPERTY_DEFINITION('material property','density of part',#7886);
#4691=AXIS2_PLACEMENT_3D('',#6473,#5133,#5134);
#4692=AXIS2_PLACEMENT_3D('',#6474,#5135,#5136);
#4693=AXIS2_PLACEMENT_3D('',#6475,#5137,#5138);
#4694=AXIS2_PLACEMENT_3D('',#6476,#5139,#5140);
#4695=AXIS2_PLACEMENT_3D('',#6478,#5141,#5142);
#4696=AXIS2_PLACEMENT_3D('',#6481,#5144,#5145);
#4697=AXIS2_PLACEMENT_3D('',#6482,#5146,#5147);
#4698=AXIS2_PLACEMENT_3D('',#6484,#5148,#5149);
#4699=AXIS2_PLACEMENT_3D('',#6487,#5151,#5152);
#4700=AXIS2_PLACEMENT_3D('',#6488,#5153,#5154);
#4701=AXIS2_PLACEMENT_3D('',#6497,#5159,#5160);
#4702=AXIS2_PLACEMENT_3D('',#6503,#5164,#5165);
#4703=AXIS2_PLACEMENT_3D('',#6509,#5169,#5170);
#4704=AXIS2_PLACEMENT_3D('',#6512,#5173,#5174);
#4705=AXIS2_PLACEMENT_3D('',#6521,#5179,#5180);
#4706=AXIS2_PLACEMENT_3D('',#6530,#5185,#5186);
#4707=AXIS2_PLACEMENT_3D('',#6533,#5189,#5190);
#4708=AXIS2_PLACEMENT_3D('',#6535,#5192,#5193);
#4709=AXIS2_PLACEMENT_3D('',#6537,#5195,#5196);
#4710=AXIS2_PLACEMENT_3D('',#6538,#5197,#5198);
#4711=AXIS2_PLACEMENT_3D('',#6539,#5199,#5200);
#4712=AXIS2_PLACEMENT_3D('',#6542,#5201,#5202);
#4713=AXIS2_PLACEMENT_3D('',#6544,#5203,#5204);
#4714=AXIS2_PLACEMENT_3D('',#6546,#5205,#5206);
#4715=AXIS2_PLACEMENT_3D('',#6547,#5207,#5208);
#4716=AXIS2_PLACEMENT_3D('',#6548,#5209,#5210);
#4717=AXIS2_PLACEMENT_3D('',#6551,#5211,#5212);
#4718=AXIS2_PLACEMENT_3D('',#6554,#5215,#5216);
#4719=AXIS2_PLACEMENT_3D('',#6557,#5217,#5218);
#4720=AXIS2_PLACEMENT_3D('',#6558,#5219,#5220);
#4721=AXIS2_PLACEMENT_3D('',#6559,#5221,#5222);
#4722=AXIS2_PLACEMENT_3D('',#6560,#5223,#5224);
#4723=AXIS2_PLACEMENT_3D('',#6563,#5225,#5226);
#4724=AXIS2_PLACEMENT_3D('',#6566,#5229,#5230);
#4725=AXIS2_PLACEMENT_3D('',#6569,#5231,#5232);
#4726=AXIS2_PLACEMENT_3D('',#6570,#5233,#5234);
#4727=AXIS2_PLACEMENT_3D('',#6571,#5235,#5236);
#4728=AXIS2_PLACEMENT_3D('',#6572,#5237,#5238);
#4729=AXIS2_PLACEMENT_3D('',#6575,#5239,#5240);
#4730=AXIS2_PLACEMENT_3D('',#6578,#5243,#5244);
#4731=AXIS2_PLACEMENT_3D('',#6581,#5245,#5246);
#4732=AXIS2_PLACEMENT_3D('',#6582,#5247,#5248);
#4733=AXIS2_PLACEMENT_3D('',#6583,#5249,#5250);
#4734=AXIS2_PLACEMENT_3D('',#6584,#5251,#5252);
#4735=AXIS2_PLACEMENT_3D('',#6587,#5255,#5256);
#4736=AXIS2_PLACEMENT_3D('',#6593,#5260,#5261);
#4737=AXIS2_PLACEMENT_3D('',#6596,#5263,#5264);
#4738=AXIS2_PLACEMENT_3D('',#6597,#5265,#5266);
#4739=AXIS2_PLACEMENT_3D('',#6601,#5269,#5270);
#4740=AXIS2_PLACEMENT_3D('',#6604,#5272,#5273);
#4741=AXIS2_PLACEMENT_3D('',#6605,#5274,#5275);
#4742=AXIS2_PLACEMENT_3D('',#6608,#5276,#5277);
#4743=AXIS2_PLACEMENT_3D('',#6612,#5279,#5280);
#4744=AXIS2_PLACEMENT_3D('',#6616,#5282,#5283);
#4745=AXIS2_PLACEMENT_3D('',#6620,#5285,#5286);
#4746=AXIS2_PLACEMENT_3D('',#6622,#5288,#5289);
#4747=AXIS2_PLACEMENT_3D('',#6624,#5290,#5291);
#4748=AXIS2_PLACEMENT_3D('',#6626,#5292,#5293);
#4749=AXIS2_PLACEMENT_3D('',#6627,#5294,#5295);
#4750=AXIS2_PLACEMENT_3D('',#6628,#5296,#5297);
#4751=AXIS2_PLACEMENT_3D('',#6630,#5298,#5299);
#4752=AXIS2_PLACEMENT_3D('',#6632,#5301,#5302);
#4753=AXIS2_PLACEMENT_3D('',#6634,#5303,#5304);
#4754=AXIS2_PLACEMENT_3D('',#6635,#5305,#5306);
#4755=AXIS2_PLACEMENT_3D('',#6636,#5307,#5308);
#4756=AXIS2_PLACEMENT_3D('',#6638,#5309,#5310);
#4757=AXIS2_PLACEMENT_3D('',#6640,#5312,#5313);
#4758=AXIS2_PLACEMENT_3D('',#6642,#5314,#5315);
#4759=AXIS2_PLACEMENT_3D('',#6643,#5316,#5317);
#4760=AXIS2_PLACEMENT_3D('',#6644,#5318,#5319);
#4761=AXIS2_PLACEMENT_3D('',#6646,#5320,#5321);
#4762=AXIS2_PLACEMENT_3D('',#6648,#5323,#5324);
#4763=AXIS2_PLACEMENT_3D('',#6650,#5325,#5326);
#4764=AXIS2_PLACEMENT_3D('',#6651,#5327,#5328);
#4765=AXIS2_PLACEMENT_3D('',#6652,#5329,#5330);
#4766=AXIS2_PLACEMENT_3D('',#6654,#5332,#5333);
#4767=AXIS2_PLACEMENT_3D('',#6660,#5337,#5338);
#4768=AXIS2_PLACEMENT_3D('',#6663,#5340,#5341);
#4769=AXIS2_PLACEMENT_3D('',#6664,#5342,#5343);
#4770=AXIS2_PLACEMENT_3D('',#6668,#5346,#5347);
#4771=AXIS2_PLACEMENT_3D('',#6671,#5349,#5350);
#4772=AXIS2_PLACEMENT_3D('',#6672,#5351,#5352);
#4773=AXIS2_PLACEMENT_3D('',#6681,#5357,#5358);
#4774=AXIS2_PLACEMENT_3D('',#6687,#5362,#5363);
#4775=AXIS2_PLACEMENT_3D('',#6691,#5366,#5367);
#4776=AXIS2_PLACEMENT_3D('',#6695,#5370,#5371);
#4777=AXIS2_PLACEMENT_3D('',#6697,#5373,#5374);
#4778=AXIS2_PLACEMENT_3D('',#6706,#5379,#5380);
#4779=AXIS2_PLACEMENT_3D('',#6712,#5384,#5385);
#4780=AXIS2_PLACEMENT_3D('',#6716,#5388,#5389);
#4781=AXIS2_PLACEMENT_3D('',#6720,#5392,#5393);
#4782=AXIS2_PLACEMENT_3D('',#6722,#5395,#5396);
#4783=AXIS2_PLACEMENT_3D('',#6727,#5398,#5399);
#4784=AXIS2_PLACEMENT_3D('',#6730,#5401,#5402);
#4785=AXIS2_PLACEMENT_3D('',#6731,#5403,#5404);
#4786=AXIS2_PLACEMENT_3D('',#6736,#5406,#5407);
#4787=AXIS2_PLACEMENT_3D('',#6739,#5409,#5410);
#4788=AXIS2_PLACEMENT_3D('',#6740,#5411,#5412);
#4789=AXIS2_PLACEMENT_3D('',#6745,#5414,#5415);
#4790=AXIS2_PLACEMENT_3D('',#6748,#5417,#5418);
#4791=AXIS2_PLACEMENT_3D('',#6749,#5419,#5420);
#4792=AXIS2_PLACEMENT_3D('',#6754,#5423,#5424);
#4793=AXIS2_PLACEMENT_3D('',#6757,#5427,#5428);
#4794=AXIS2_PLACEMENT_3D('',#6761,#5430,#5431);
#4795=AXIS2_PLACEMENT_3D('',#6763,#5433,#5434);
#4796=AXIS2_PLACEMENT_3D('',#6765,#5436,#5437);
#4797=AXIS2_PLACEMENT_3D('',#6767,#5439,#5440);
#4798=AXIS2_PLACEMENT_3D('',#6769,#5442,#5443);
#4799=AXIS2_PLACEMENT_3D('',#6771,#5445,#5446);
#4800=AXIS2_PLACEMENT_3D('',#6776,#5448,#5449);
#4801=AXIS2_PLACEMENT_3D('',#6779,#5451,#5452);
#4802=AXIS2_PLACEMENT_3D('',#6780,#5453,#5454);
#4803=AXIS2_PLACEMENT_3D('',#6785,#5456,#5457);
#4804=AXIS2_PLACEMENT_3D('',#6788,#5459,#5460);
#4805=AXIS2_PLACEMENT_3D('',#6789,#5461,#5462);
#4806=AXIS2_PLACEMENT_3D('',#6794,#5464,#5465);
#4807=AXIS2_PLACEMENT_3D('',#6797,#5467,#5468);
#4808=AXIS2_PLACEMENT_3D('',#6798,#5469,#5470);
#4809=AXIS2_PLACEMENT_3D('',#6803,#5473,#5474);
#4810=AXIS2_PLACEMENT_3D('',#6806,#5477,#5478);
#4811=AXIS2_PLACEMENT_3D('',#6810,#5480,#5481);
#4812=AXIS2_PLACEMENT_3D('',#6812,#5483,#5484);
#4813=AXIS2_PLACEMENT_3D('',#6814,#5486,#5487);
#4814=AXIS2_PLACEMENT_3D('',#6816,#5489,#5490);
#4815=AXIS2_PLACEMENT_3D('',#6818,#5492,#5493);
#4816=AXIS2_PLACEMENT_3D('',#6820,#5495,#5496);
#4817=AXIS2_PLACEMENT_3D('',#6824,#5498,#5499);
#4818=AXIS2_PLACEMENT_3D('',#6826,#5501,#5502);
#4819=AXIS2_PLACEMENT_3D('',#6828,#5503,#5504);
#4820=AXIS2_PLACEMENT_3D('',#6830,#5506,#5507);
#4821=AXIS2_PLACEMENT_3D('',#6832,#5509,#5510);
#4822=AXIS2_PLACEMENT_3D('',#6834,#5512,#5513);
#4823=AXIS2_PLACEMENT_3D('',#6838,#5515,#5516);
#4824=AXIS2_PLACEMENT_3D('',#6840,#5518,#5519);
#4825=AXIS2_PLACEMENT_3D('',#6844,#5522,#5523);
#4826=AXIS2_PLACEMENT_3D('',#6845,#5524,#5525);
#4827=AXIS2_PLACEMENT_3D('',#6847,#5527,#5528);
#4828=AXIS2_PLACEMENT_3D('',#6848,#5529,#5530);
#4829=AXIS2_PLACEMENT_3D('',#6849,#5531,#5532);
#4830=AXIS2_PLACEMENT_3D('',#6850,#5533,#5534);
#4831=AXIS2_PLACEMENT_3D('',#6852,#5535,#5536);
#4832=AXIS2_PLACEMENT_3D('',#6855,#5538,#5539);
#4833=AXIS2_PLACEMENT_3D('',#6856,#5540,#5541);
#4834=AXIS2_PLACEMENT_3D('',#6858,#5542,#5543);
#4835=AXIS2_PLACEMENT_3D('',#6861,#5545,#5546);
#4836=AXIS2_PLACEMENT_3D('',#6862,#5547,#5548);
#4837=AXIS2_PLACEMENT_3D('',#6864,#5549,#5550);
#4838=AXIS2_PLACEMENT_3D('',#6867,#5552,#5553);
#4839=AXIS2_PLACEMENT_3D('',#6868,#5554,#5555);
#4840=AXIS2_PLACEMENT_3D('',#6870,#5556,#5557);
#4841=AXIS2_PLACEMENT_3D('',#6873,#5559,#5560);
#4842=AXIS2_PLACEMENT_3D('',#6874,#5561,#5562);
#4843=AXIS2_PLACEMENT_3D('',#6883,#5567,#5568);
#4844=AXIS2_PLACEMENT_3D('',#6892,#5573,#5574);
#4845=AXIS2_PLACEMENT_3D('',#6895,#5577,#5578);
#4846=AXIS2_PLACEMENT_3D('',#6897,#5580,#5581);
#4847=AXIS2_PLACEMENT_3D('',#6899,#5583,#5584);
#4848=AXIS2_PLACEMENT_3D('',#6900,#5585,#5586);
#4849=AXIS2_PLACEMENT_3D('',#6909,#5591,#5592);
#4850=AXIS2_PLACEMENT_3D('',#6918,#5597,#5598);
#4851=AXIS2_PLACEMENT_3D('',#6921,#5601,#5602);
#4852=AXIS2_PLACEMENT_3D('',#6923,#5604,#5605);
#4853=AXIS2_PLACEMENT_3D('',#6925,#5607,#5608);
#4854=AXIS2_PLACEMENT_3D('',#6926,#5609,#5610);
#4855=AXIS2_PLACEMENT_3D('',#6935,#5615,#5616);
#4856=AXIS2_PLACEMENT_3D('',#6944,#5621,#5622);
#4857=AXIS2_PLACEMENT_3D('',#6947,#5625,#5626);
#4858=AXIS2_PLACEMENT_3D('',#6949,#5628,#5629);
#4859=AXIS2_PLACEMENT_3D('',#6951,#5631,#5632);
#4860=AXIS2_PLACEMENT_3D('',#6952,#5633,#5634);
#4861=AXIS2_PLACEMENT_3D('',#6961,#5639,#5640);
#4862=AXIS2_PLACEMENT_3D('',#6970,#5645,#5646);
#4863=AXIS2_PLACEMENT_3D('',#6973,#5649,#5650);
#4864=AXIS2_PLACEMENT_3D('',#6975,#5652,#5653);
#4865=AXIS2_PLACEMENT_3D('',#6977,#5655,#5656);
#4866=AXIS2_PLACEMENT_3D('',#6978,#5657,#5658);
#4867=AXIS2_PLACEMENT_3D('',#6980,#5659,#5660);
#4868=AXIS2_PLACEMENT_3D('',#6983,#5662,#5663);
#4869=AXIS2_PLACEMENT_3D('',#6984,#5664,#5665);
#4870=AXIS2_PLACEMENT_3D('',#6985,#5666,#5667);
#4871=AXIS2_PLACEMENT_3D('',#6986,#5668,#5669);
#4872=AXIS2_PLACEMENT_3D('',#6988,#5670,#5671);
#4873=AXIS2_PLACEMENT_3D('',#6991,#5673,#5674);
#4874=AXIS2_PLACEMENT_3D('',#6992,#5675,#5676);
#4875=AXIS2_PLACEMENT_3D('',#6993,#5677,#5678);
#4876=AXIS2_PLACEMENT_3D('',#6994,#5679,#5680);
#4877=AXIS2_PLACEMENT_3D('',#6996,#5681,#5682);
#4878=AXIS2_PLACEMENT_3D('',#6999,#5684,#5685);
#4879=AXIS2_PLACEMENT_3D('',#7000,#5686,#5687);
#4880=AXIS2_PLACEMENT_3D('',#7001,#5688,#5689);
#4881=AXIS2_PLACEMENT_3D('',#7002,#5690,#5691);
#4882=AXIS2_PLACEMENT_3D('',#7004,#5692,#5693);
#4883=AXIS2_PLACEMENT_3D('',#7007,#5695,#5696);
#4884=AXIS2_PLACEMENT_3D('',#7008,#5697,#5698);
#4885=AXIS2_PLACEMENT_3D('',#7009,#5699,#5700);
#4886=AXIS2_PLACEMENT_3D('',#7010,#5701,#5702);
#4887=AXIS2_PLACEMENT_3D('',#7012,#5703,#5704);
#4888=AXIS2_PLACEMENT_3D('',#7015,#5706,#5707);
#4889=AXIS2_PLACEMENT_3D('',#7016,#5708,#5709);
#4890=AXIS2_PLACEMENT_3D('',#7017,#5710,#5711);
#4891=AXIS2_PLACEMENT_3D('',#7018,#5712,#5713);
#4892=AXIS2_PLACEMENT_3D('',#7020,#5714,#5715);
#4893=AXIS2_PLACEMENT_3D('',#7023,#5717,#5718);
#4894=AXIS2_PLACEMENT_3D('',#7024,#5719,#5720);
#4895=AXIS2_PLACEMENT_3D('',#7025,#5721,#5722);
#4896=AXIS2_PLACEMENT_3D('',#7026,#5723,#5724);
#4897=AXIS2_PLACEMENT_3D('',#7028,#5725,#5726);
#4898=AXIS2_PLACEMENT_3D('',#7031,#5728,#5729);
#4899=AXIS2_PLACEMENT_3D('',#7032,#5730,#5731);
#4900=AXIS2_PLACEMENT_3D('',#7033,#5732,#5733);
#4901=AXIS2_PLACEMENT_3D('',#7034,#5734,#5735);
#4902=AXIS2_PLACEMENT_3D('',#7036,#5736,#5737);
#4903=AXIS2_PLACEMENT_3D('',#7039,#5739,#5740);
#4904=AXIS2_PLACEMENT_3D('',#7040,#5741,#5742);
#4905=AXIS2_PLACEMENT_3D('',#7041,#5743,#5744);
#4906=AXIS2_PLACEMENT_3D('',#7042,#5745,#5746);
#4907=AXIS2_PLACEMENT_3D('',#7043,#5747,#5748);
#4908=AXIS2_PLACEMENT_3D('',#7052,#5753,#5754);
#4909=AXIS2_PLACEMENT_3D('',#7061,#5759,#5760);
#4910=AXIS2_PLACEMENT_3D('',#7072,#5767,#5768);
#4911=AXIS2_PLACEMENT_3D('',#7076,#5771,#5772);
#4912=AXIS2_PLACEMENT_3D('',#7082,#5776,#5777);
#4913=AXIS2_PLACEMENT_3D('',#7086,#5780,#5781);
#4914=AXIS2_PLACEMENT_3D('',#7088,#5783,#5784);
#4915=AXIS2_PLACEMENT_3D('',#7091,#5787,#5788);
#4916=AXIS2_PLACEMENT_3D('',#7100,#5793,#5794);
#4917=AXIS2_PLACEMENT_3D('',#7109,#5799,#5800);
#4918=AXIS2_PLACEMENT_3D('',#7120,#5807,#5808);
#4919=AXIS2_PLACEMENT_3D('',#7124,#5811,#5812);
#4920=AXIS2_PLACEMENT_3D('',#7130,#5816,#5817);
#4921=AXIS2_PLACEMENT_3D('',#7134,#5820,#5821);
#4922=AXIS2_PLACEMENT_3D('',#7136,#5823,#5824);
#4923=AXIS2_PLACEMENT_3D('',#7139,#5827,#5828);
#4924=AXIS2_PLACEMENT_3D('',#7148,#5833,#5834);
#4925=AXIS2_PLACEMENT_3D('',#7157,#5839,#5840);
#4926=AXIS2_PLACEMENT_3D('',#7168,#5847,#5848);
#4927=AXIS2_PLACEMENT_3D('',#7179,#5855,#5856);
#4928=AXIS2_PLACEMENT_3D('',#7181,#5858,#5859);
#4929=AXIS2_PLACEMENT_3D('',#7183,#5861,#5862);
#4930=AXIS2_PLACEMENT_3D('',#7193,#5868,#5869);
#4931=AXIS2_PLACEMENT_3D('',#7203,#5875,#5876);
#4932=AXIS2_PLACEMENT_3D('',#7209,#5880,#5881);
#4933=AXIS2_PLACEMENT_3D('',#7215,#5885,#5886);
#4934=AXIS2_PLACEMENT_3D('',#7234,#5897,#5898);
#4935=AXIS2_PLACEMENT_3D('',#7240,#5902,#5903);
#4936=AXIS2_PLACEMENT_3D('',#7246,#5907,#5908);
#4937=AXIS2_PLACEMENT_3D('',#7252,#5912,#5913);
#4938=AXIS2_PLACEMENT_3D('',#7285,#5922,#5923);
#4939=AXIS2_PLACEMENT_3D('',#7287,#5924,#5925);
#4940=AXIS2_PLACEMENT_3D('',#7290,#5927,#5928);
#4941=AXIS2_PLACEMENT_3D('',#7291,#5929,#5930);
#4942=AXIS2_PLACEMENT_3D('',#7321,#5938,#5939);
#4943=AXIS2_PLACEMENT_3D('',#7323,#5940,#5941);
#4944=AXIS2_PLACEMENT_3D('',#7326,#5943,#5944);
#4945=AXIS2_PLACEMENT_3D('',#7327,#5945,#5946);
#4946=AXIS2_PLACEMENT_3D('',#7328,#5947,#5948);
#4947=AXIS2_PLACEMENT_3D('',#7329,#5949,#5950);
#4948=AXIS2_PLACEMENT_3D('',#7330,#5951,#5952);
#4949=AXIS2_PLACEMENT_3D('',#7331,#5953,#5954);
#4950=AXIS2_PLACEMENT_3D('',#7332,#5955,#5956);
#4951=AXIS2_PLACEMENT_3D('',#7333,#5957,#5958);
#4952=AXIS2_PLACEMENT_3D('',#7334,#5959,#5960);
#4953=AXIS2_PLACEMENT_3D('',#7335,#5961,#5962);
#4954=AXIS2_PLACEMENT_3D('',#7336,#5963,#5964);
#4955=AXIS2_PLACEMENT_3D('',#7337,#5965,#5966);
#4956=AXIS2_PLACEMENT_3D('',#7338,#5967,#5968);
#4957=AXIS2_PLACEMENT_3D('',#7339,#5969,#5970);
#4958=AXIS2_PLACEMENT_3D('',#7340,#5971,#5972);
#4959=AXIS2_PLACEMENT_3D('',#7341,#5973,#5974);
#4960=AXIS2_PLACEMENT_3D('',#7342,#5975,#5976);
#4961=AXIS2_PLACEMENT_3D('',#7343,#5977,#5978);
#4962=AXIS2_PLACEMENT_3D('',#7344,#5979,#5980);
#4963=AXIS2_PLACEMENT_3D('',#7345,#5981,#5982);
#4964=AXIS2_PLACEMENT_3D('',#7346,#5983,#5984);
#4965=AXIS2_PLACEMENT_3D('',#7347,#5985,#5986);
#4966=AXIS2_PLACEMENT_3D('',#7380,#5995,#5996);
#4967=AXIS2_PLACEMENT_3D('',#7382,#5997,#5998);
#4968=AXIS2_PLACEMENT_3D('',#7385,#6000,#6001);
#4969=AXIS2_PLACEMENT_3D('',#7386,#6002,#6003);
#4970=AXIS2_PLACEMENT_3D('',#7416,#6011,#6012);
#4971=AXIS2_PLACEMENT_3D('',#7418,#6013,#6014);
#4972=AXIS2_PLACEMENT_3D('',#7421,#6016,#6017);
#4973=AXIS2_PLACEMENT_3D('',#7422,#6018,#6019);
#4974=AXIS2_PLACEMENT_3D('',#7423,#6020,#6021);
#4975=AXIS2_PLACEMENT_3D('',#7424,#6022,#6023);
#4976=AXIS2_PLACEMENT_3D('',#7425,#6024,#6025);
#4977=AXIS2_PLACEMENT_3D('',#7426,#6026,#6027);
#4978=AXIS2_PLACEMENT_3D('',#7427,#6028,#6029);
#4979=AXIS2_PLACEMENT_3D('',#7428,#6030,#6031);
#4980=AXIS2_PLACEMENT_3D('',#7429,#6032,#6033);
#4981=AXIS2_PLACEMENT_3D('',#7430,#6034,#6035);
#4982=AXIS2_PLACEMENT_3D('',#7431,#6036,#6037);
#4983=AXIS2_PLACEMENT_3D('',#7432,#6038,#6039);
#4984=AXIS2_PLACEMENT_3D('',#7433,#6040,#6041);
#4985=AXIS2_PLACEMENT_3D('',#7434,#6042,#6043);
#4986=AXIS2_PLACEMENT_3D('',#7435,#6044,#6045);
#4987=AXIS2_PLACEMENT_3D('',#7436,#6046,#6047);
#4988=AXIS2_PLACEMENT_3D('',#7437,#6048,#6049);
#4989=AXIS2_PLACEMENT_3D('',#7438,#6050,#6051);
#4990=AXIS2_PLACEMENT_3D('',#7439,#6052,#6053);
#4991=AXIS2_PLACEMENT_3D('',#7440,#6054,#6055);
#4992=AXIS2_PLACEMENT_3D('',#7441,#6056,#6057);
#4993=AXIS2_PLACEMENT_3D('',#7442,#6058,#6059);
#4994=AXIS2_PLACEMENT_3D('',#7444,#6060,#6061);
#4995=AXIS2_PLACEMENT_3D('',#7447,#6063,#6064);
#4996=AXIS2_PLACEMENT_3D('',#7448,#6065,#6066);
#4997=AXIS2_PLACEMENT_3D('',#7449,#6067,#6068);
#4998=AXIS2_PLACEMENT_3D('',#7452,#6069,#6070);
#4999=AXIS2_PLACEMENT_3D('',#7454,#6071,#6072);
#5000=AXIS2_PLACEMENT_3D('',#7455,#6073,#6074);
#5001=AXIS2_PLACEMENT_3D('',#7457,#6076,#6077);
#5002=AXIS2_PLACEMENT_3D('',#7459,#6079,#6080);
#5003=AXIS2_PLACEMENT_3D('',#7461,#6081,#6082);
#5004=AXIS2_PLACEMENT_3D('',#7464,#6084,#6085);
#5005=AXIS2_PLACEMENT_3D('',#7465,#6086,#6087);
#5006=AXIS2_PLACEMENT_3D('',#7466,#6088,#6089);
#5007=AXIS2_PLACEMENT_3D('',#7469,#6090,#6091);
#5008=AXIS2_PLACEMENT_3D('',#7471,#6092,#6093);
#5009=AXIS2_PLACEMENT_3D('',#7472,#6094,#6095);
#5010=AXIS2_PLACEMENT_3D('',#7474,#6097,#6098);
#5011=AXIS2_PLACEMENT_3D('',#7476,#6100,#6101);
#5012=AXIS2_PLACEMENT_3D('',#7478,#6102,#6103);
#5013=AXIS2_PLACEMENT_3D('',#7481,#6105,#6106);
#5014=AXIS2_PLACEMENT_3D('',#7482,#6107,#6108);
#5015=AXIS2_PLACEMENT_3D('',#7483,#6109,#6110);
#5016=AXIS2_PLACEMENT_3D('',#7485,#6111,#6112);
#5017=AXIS2_PLACEMENT_3D('',#7488,#6114,#6115);
#5018=AXIS2_PLACEMENT_3D('',#7489,#6116,#6117);
#5019=AXIS2_PLACEMENT_3D('',#7490,#6118,#6119);
#5020=AXIS2_PLACEMENT_3D('',#7492,#6120,#6121);
#5021=AXIS2_PLACEMENT_3D('',#7495,#6123,#6124);
#5022=AXIS2_PLACEMENT_3D('',#7496,#6125,#6126);
#5023=AXIS2_PLACEMENT_3D('',#7498,#6127,#6128);
#5024=AXIS2_PLACEMENT_3D('',#7501,#6130,#6131);
#5025=AXIS2_PLACEMENT_3D('',#7502,#6132,#6133);
#5026=AXIS2_PLACEMENT_3D('',#7503,#6134,#6135);
#5027=AXIS2_PLACEMENT_3D('',#7505,#6136,#6137);
#5028=AXIS2_PLACEMENT_3D('',#7508,#6139,#6140);
#5029=AXIS2_PLACEMENT_3D('',#7509,#6141,#6142);
#5030=AXIS2_PLACEMENT_3D('',#7510,#6143,#6144);
#5031=AXIS2_PLACEMENT_3D('',#7512,#6145,#6146);
#5032=AXIS2_PLACEMENT_3D('',#7515,#6148,#6149);
#5033=AXIS2_PLACEMENT_3D('',#7516,#6150,#6151);
#5034=AXIS2_PLACEMENT_3D('',#7518,#6152,#6153);
#5035=AXIS2_PLACEMENT_3D('',#7521,#6155,#6156);
#5036=AXIS2_PLACEMENT_3D('',#7522,#6157,#6158);
#5037=AXIS2_PLACEMENT_3D('',#7523,#6159,#6160);
#5038=AXIS2_PLACEMENT_3D('',#7525,#6161,#6162);
#5039=AXIS2_PLACEMENT_3D('',#7528,#6164,#6165);
#5040=AXIS2_PLACEMENT_3D('',#7529,#6166,#6167);
#5041=AXIS2_PLACEMENT_3D('',#7530,#6168,#6169);
#5042=AXIS2_PLACEMENT_3D('',#7536,#6173,#6174);
#5043=AXIS2_PLACEMENT_3D('',#7540,#6177,#6178);
#5044=AXIS2_PLACEMENT_3D('',#7544,#6181,#6182);
#5045=AXIS2_PLACEMENT_3D('',#7550,#6186,#6187);
#5046=AXIS2_PLACEMENT_3D('',#7554,#6189,#6190);
#5047=AXIS2_PLACEMENT_3D('',#7558,#6192,#6193);
#5048=AXIS2_PLACEMENT_3D('',#7566,#6198,#6199);
#5049=AXIS2_PLACEMENT_3D('',#7575,#6204,#6205);
#5050=AXIS2_PLACEMENT_3D('',#7581,#6209,#6210);
#5051=AXIS2_PLACEMENT_3D('',#7584,#6213,#6214);
#5052=AXIS2_PLACEMENT_3D('',#7600,#6223,#6224);
#5053=AXIS2_PLACEMENT_3D('',#7606,#6228,#6229);
#5054=AXIS2_PLACEMENT_3D('',#7612,#6233,#6234);
#5055=AXIS2_PLACEMENT_3D('',#7622,#6241,#6242);
#5056=AXIS2_PLACEMENT_3D('',#7632,#6249,#6250);
#5057=AXIS2_PLACEMENT_3D('',#7636,#6253,#6254);
#5058=AXIS2_PLACEMENT_3D('',#7640,#6257,#6258);
#5059=AXIS2_PLACEMENT_3D('',#7645,#6260,#6261);
#5060=AXIS2_PLACEMENT_3D('',#7649,#6263,#6264);
#5061=AXIS2_PLACEMENT_3D('',#7653,#6266,#6267);
#5062=AXIS2_PLACEMENT_3D('',#7657,#6269,#6270);
#5063=AXIS2_PLACEMENT_3D('',#7661,#6272,#6273);
#5064=AXIS2_PLACEMENT_3D('',#7663,#6274,#6275);
#5065=AXIS2_PLACEMENT_3D('',#7667,#6277,#6278);
#5066=AXIS2_PLACEMENT_3D('',#7671,#6280,#6281);
#5067=AXIS2_PLACEMENT_3D('',#7673,#6282,#6283);
#5068=AXIS2_PLACEMENT_3D('',#7677,#6285,#6286);
#5069=AXIS2_PLACEMENT_3D('',#7681,#6288,#6289);
#5070=AXIS2_PLACEMENT_3D('',#7685,#6291,#6292);
#5071=AXIS2_PLACEMENT_3D('',#7687,#6293,#6294);
#5072=AXIS2_PLACEMENT_3D('',#7691,#6296,#6297);
#5073=AXIS2_PLACEMENT_3D('',#7694,#6299,#6300);
#5074=AXIS2_PLACEMENT_3D('',#7705,#6307,#6308);
#5075=AXIS2_PLACEMENT_3D('',#7707,#6310,#6311);
#5076=AXIS2_PLACEMENT_3D('',#7709,#6313,#6314);
#5077=AXIS2_PLACEMENT_3D('',#7711,#6316,#6317);
#5078=AXIS2_PLACEMENT_3D('',#7712,#6318,#6319);
#5079=AXIS2_PLACEMENT_3D('',#7714,#6321,#6322);
#5080=AXIS2_PLACEMENT_3D('',#7715,#6323,#6324);
#5081=AXIS2_PLACEMENT_3D('',#7717,#6326,#6327);
#5082=AXIS2_PLACEMENT_3D('',#7718,#6328,#6329);
#5083=AXIS2_PLACEMENT_3D('',#7720,#6330,#6331);
#5084=AXIS2_PLACEMENT_3D('',#7721,#6332,#6333);
#5085=AXIS2_PLACEMENT_3D('',#7724,#6334,#6335);
#5086=AXIS2_PLACEMENT_3D('',#7726,#6336,#6337);
#5087=AXIS2_PLACEMENT_3D('',#7730,#6339,#6340);
#5088=AXIS2_PLACEMENT_3D('',#7734,#6342,#6343);
#5089=AXIS2_PLACEMENT_3D('',#7736,#6345,#6346);
#5090=AXIS2_PLACEMENT_3D('',#7738,#6347,#6348);
#5091=AXIS2_PLACEMENT_3D('',#7739,#6349,#6350);
#5092=AXIS2_PLACEMENT_3D('',#7742,#6351,#6352);
#5093=AXIS2_PLACEMENT_3D('',#7745,#6355,#6356);
#5094=AXIS2_PLACEMENT_3D('',#7752,#6361,#6362);
#5095=AXIS2_PLACEMENT_3D('',#7756,#6364,#6365);
#5096=AXIS2_PLACEMENT_3D('',#7760,#6367,#6368);
#5097=AXIS2_PLACEMENT_3D('',#7763,#6370,#6371);
#5098=AXIS2_PLACEMENT_3D('',#7764,#6372,#6373);
#5099=AXIS2_PLACEMENT_3D('',#7766,#6375,#6376);
#5100=AXIS2_PLACEMENT_3D('',#7769,#6379,#6380);
#5101=AXIS2_PLACEMENT_3D('',#7771,#6382,#6383);
#5102=AXIS2_PLACEMENT_3D('',#7773,#6385,#6386);
#5103=AXIS2_PLACEMENT_3D('',#7775,#6388,#6389);
#5104=AXIS2_PLACEMENT_3D('',#7776,#6390,#6391);
#5105=AXIS2_PLACEMENT_3D('',#7779,#6394,#6395);
#5106=AXIS2_PLACEMENT_3D('',#7781,#6397,#6398);
#5107=AXIS2_PLACEMENT_3D('',#7784,#6401,#6402);
#5108=AXIS2_PLACEMENT_3D('',#7787,#6405,#6406);
#5109=AXIS2_PLACEMENT_3D('',#7790,#6407,#6408);
#5110=AXIS2_PLACEMENT_3D('',#7793,#6411,#6412);
#5111=AXIS2_PLACEMENT_3D('',#7802,#6418,#6419);
#5112=AXIS2_PLACEMENT_3D('',#7804,#6420,#6421);
#5113=AXIS2_PLACEMENT_3D('',#7806,#6423,#6424);
#5114=AXIS2_PLACEMENT_3D('',#7809,#6425,#6426);
#5115=AXIS2_PLACEMENT_3D('',#7812,#6429,#6430);
#5116=AXIS2_PLACEMENT_3D('',#7814,#6432,#6433);
#5117=AXIS2_PLACEMENT_3D('',#7816,#6435,#6436);
#5118=AXIS2_PLACEMENT_3D('',#7818,#6438,#6439);
#5119=AXIS2_PLACEMENT_3D('',#7821,#6442,#6443);
#5120=AXIS2_PLACEMENT_3D('',#7822,#6444,#6445);
#5121=AXIS2_PLACEMENT_3D('',#7824,#6447,#6448);
#5122=AXIS2_PLACEMENT_3D('',#7825,#6449,#6450);
#5123=AXIS2_PLACEMENT_3D('',#7828,#6452,#6453);
#5124=AXIS2_PLACEMENT_3D('',#7829,#6454,#6455);
#5125=AXIS2_PLACEMENT_3D('',#7830,#6456,#6457);
#5126=AXIS2_PLACEMENT_3D('',#7832,#6459,#6460);
#5127=AXIS2_PLACEMENT_3D('',#7833,#6461,#6462);
#5128=AXIS2_PLACEMENT_3D('',#7834,#6463,#6464);
#5129=AXIS2_PLACEMENT_3D('',#7835,#6465,#6466);
#5130=AXIS2_PLACEMENT_3D('',#7836,#6467,#6468);
#5131=AXIS2_PLACEMENT_3D('',#7837,#6469,#6470);
#5132=AXIS2_PLACEMENT_3D('',#7838,#6471,#6472);
#5133=DIRECTION('axis',(0.,0.,1.));
#5134=DIRECTION('refdir',(1.,0.,0.));
#5135=DIRECTION('axis',(0.,0.,1.));
#5136=DIRECTION('refdir',(1.,0.,0.));
#5137=DIRECTION('axis',(0.,0.,1.));
#5138=DIRECTION('refdir',(1.,0.,0.));
#5139=DIRECTION('center_axis',(0.,0.,1.));
#5140=DIRECTION('ref_axis',(1.,0.,0.));
#5141=DIRECTION('center_axis',(0.,0.,1.));
#5142=DIRECTION('ref_axis',(1.,0.,0.));
#5143=DIRECTION('',(0.,0.,1.));
#5144=DIRECTION('center_axis',(0.,0.,-1.));
#5145=DIRECTION('ref_axis',(1.,0.,0.));
#5146=DIRECTION('center_axis',(0.,0.,1.));
#5147=DIRECTION('ref_axis',(1.,0.,0.));
#5148=DIRECTION('center_axis',(0.,0.,1.));
#5149=DIRECTION('ref_axis',(1.,0.,0.));
#5150=DIRECTION('',(0.,0.,1.));
#5151=DIRECTION('center_axis',(0.,0.,-1.));
#5152=DIRECTION('ref_axis',(1.,0.,0.));
#5153=DIRECTION('center_axis',(0.,-1.,0.));
#5154=DIRECTION('ref_axis',(0.,0.,-1.));
#5155=DIRECTION('',(1.,0.,0.));
#5156=DIRECTION('',(0.,0.,-1.));
#5157=DIRECTION('',(-1.,0.,0.));
#5158=DIRECTION('',(0.,0.,-1.));
#5159=DIRECTION('center_axis',(-1.,0.,0.));
#5160=DIRECTION('ref_axis',(0.,0.,1.));
#5161=DIRECTION('',(0.,-1.,0.));
#5162=DIRECTION('',(0.,1.,0.));
#5163=DIRECTION('',(0.,0.,-1.));
#5164=DIRECTION('center_axis',(0.,1.,0.));
#5165=DIRECTION('ref_axis',(0.,0.,1.));
#5166=DIRECTION('',(-1.,0.,0.));
#5167=DIRECTION('',(1.,0.,0.));
#5168=DIRECTION('',(0.,0.,-1.));
#5169=DIRECTION('center_axis',(1.,0.,0.));
#5170=DIRECTION('ref_axis',(0.,0.,-1.));
#5171=DIRECTION('',(0.,1.,0.));
#5172=DIRECTION('',(0.,-1.,0.));
#5173=DIRECTION('center_axis',(0.,0.,1.));
#5174=DIRECTION('ref_axis',(1.,0.,0.));
#5175=DIRECTION('',(0.,1.,0.));
#5176=DIRECTION('',(-1.,0.,0.));
#5177=DIRECTION('',(0.,-1.,0.));
#5178=DIRECTION('',(1.,0.,0.));
#5179=DIRECTION('center_axis',(0.,0.,1.));
#5180=DIRECTION('ref_axis',(1.,0.,0.));
#5181=DIRECTION('',(0.,-1.,0.));
#5182=DIRECTION('',(-1.,0.,0.));
#5183=DIRECTION('',(0.,1.,0.));
#5184=DIRECTION('',(1.,0.,0.));
#5185=DIRECTION('center_axis',(0.,1.,0.));
#5186=DIRECTION('ref_axis',(0.,0.,1.));
#5187=DIRECTION('',(0.,0.,-1.));
#5188=DIRECTION('',(0.,0.,-1.));
#5189=DIRECTION('center_axis',(1.,0.,0.));
#5190=DIRECTION('ref_axis',(0.,0.,-1.));
#5191=DIRECTION('',(0.,0.,-1.));
#5192=DIRECTION('center_axis',(0.,-1.,0.));
#5193=DIRECTION('ref_axis',(0.,0.,-1.));
#5194=DIRECTION('',(0.,0.,-1.));
#5195=DIRECTION('center_axis',(-1.,0.,0.));
#5196=DIRECTION('ref_axis',(0.,0.,1.));
#5197=DIRECTION('axis',(0.,0.,1.));
#5198=DIRECTION('refdir',(1.,0.,0.));
#5199=DIRECTION('center_axis',(0.,0.,1.));
#5200=DIRECTION('ref_axis',(1.,0.,0.));
#5201=DIRECTION('center_axis',(-2.77555756156289E-15,1.,0.));
#5202=DIRECTION('ref_axis',(0.,0.,1.));
#5203=DIRECTION('center_axis',(0.,0.,1.));
#5204=DIRECTION('ref_axis',(0.707106781186547,0.707106781186548,0.));
#5205=DIRECTION('center_axis',(1.,0.,0.));
#5206=DIRECTION('ref_axis',(0.,1.,0.));
#5207=DIRECTION('center_axis',(0.,0.,-1.));
#5208=DIRECTION('ref_axis',(0.707106781186547,0.707106781186548,0.));
#5209=DIRECTION('center_axis',(-1.,0.,0.));
#5210=DIRECTION('ref_axis',(0.,0.707106781186548,0.707106781186548));
#5211=DIRECTION('center_axis',(1.,0.,0.));
#5212=DIRECTION('ref_axis',(0.,1.,0.));
#5213=DIRECTION('',(1.,0.,0.));
#5214=DIRECTION('',(-1.,0.,0.));
#5215=DIRECTION('center_axis',(0.,0.,1.));
#5216=DIRECTION('ref_axis',(1.,0.,0.));
#5217=DIRECTION('center_axis',(2.77555756156289E-15,1.,0.));
#5218=DIRECTION('ref_axis',(-1.,2.77555756156289E-15,0.));
#5219=DIRECTION('center_axis',(0.,0.,-1.));
#5220=DIRECTION('ref_axis',(-0.707106781186547,0.707106781186548,0.));
#5221=DIRECTION('center_axis',(0.,0.,1.));
#5222=DIRECTION('ref_axis',(-0.707106781186547,0.707106781186548,0.));
#5223=DIRECTION('center_axis',(0.,-1.,0.));
#5224=DIRECTION('ref_axis',(-0.707106781186548,0.,0.707106781186548));
#5225=DIRECTION('center_axis',(0.,1.,0.));
#5226=DIRECTION('ref_axis',(-1.,0.,0.));
#5227=DIRECTION('',(0.,1.,0.));
#5228=DIRECTION('',(0.,-1.,0.));
#5229=DIRECTION('center_axis',(0.,0.,1.));
#5230=DIRECTION('ref_axis',(1.,0.,0.));
#5231=DIRECTION('center_axis',(-1.,0.,0.));
#5232=DIRECTION('ref_axis',(0.,-1.,0.));
#5233=DIRECTION('center_axis',(0.,0.,-1.));
#5234=DIRECTION('ref_axis',(-0.707106781186547,-0.707106781186548,0.));
#5235=DIRECTION('center_axis',(0.,0.,1.));
#5236=DIRECTION('ref_axis',(-0.707106781186547,-0.707106781186548,0.));
#5237=DIRECTION('center_axis',(1.,0.,0.));
#5238=DIRECTION('ref_axis',(0.,-0.707106781186548,0.707106781186548));
#5239=DIRECTION('center_axis',(-1.,0.,0.));
#5240=DIRECTION('ref_axis',(0.,-1.,0.));
#5241=DIRECTION('',(-1.,0.,0.));
#5242=DIRECTION('',(1.,0.,0.));
#5243=DIRECTION('center_axis',(0.,0.,1.));
#5244=DIRECTION('ref_axis',(1.,0.,0.));
#5245=DIRECTION('center_axis',(-2.77555756156289E-15,-1.,0.));
#5246=DIRECTION('ref_axis',(1.,-2.77555756156289E-15,0.));
#5247=DIRECTION('center_axis',(0.,0.,-1.));
#5248=DIRECTION('ref_axis',(0.707106781186547,-0.707106781186548,0.));
#5249=DIRECTION('center_axis',(0.,0.,1.));
#5250=DIRECTION('ref_axis',(0.707106781186547,-0.707106781186548,0.));
#5251=DIRECTION('center_axis',(0.,1.,0.));
#5252=DIRECTION('ref_axis',(0.707106781186548,0.,0.707106781186548));
#5253=DIRECTION('',(0.,-1.,0.));
#5254=DIRECTION('',(0.,1.,0.));
#5255=DIRECTION('center_axis',(1.,0.,0.));
#5256=DIRECTION('ref_axis',(0.,0.,-1.));
#5257=DIRECTION('',(0.,0.,-1.));
#5258=DIRECTION('',(0.,1.,0.));
#5259=DIRECTION('',(0.,0.,-1.));
#5260=DIRECTION('center_axis',(0.,0.,1.));
#5261=DIRECTION('ref_axis',(1.,0.,0.));
#5262=DIRECTION('',(0.,0.,-1.));
#5263=DIRECTION('center_axis',(0.,0.,-1.));
#5264=DIRECTION('ref_axis',(1.,0.,0.));
#5265=DIRECTION('center_axis',(0.,-1.,0.));
#5266=DIRECTION('ref_axis',(0.,0.,-1.));
#5267=DIRECTION('',(0.,0.,-1.));
#5268=DIRECTION('',(1.,0.,0.));
#5269=DIRECTION('center_axis',(0.,0.,1.));
#5270=DIRECTION('ref_axis',(1.,0.,0.));
#5271=DIRECTION('',(0.,0.,-1.));
#5272=DIRECTION('center_axis',(0.,0.,-1.));
#5273=DIRECTION('ref_axis',(1.,0.,0.));
#5274=DIRECTION('center_axis',(0.,0.,1.));
#5275=DIRECTION('ref_axis',(1.,0.,0.));
#5276=DIRECTION('center_axis',(0.,0.,1.));
#5277=DIRECTION('ref_axis',(0.707106781186547,0.707106781186547,0.));
#5278=DIRECTION('',(0.,1.,0.));
#5279=DIRECTION('center_axis',(0.,0.,1.));
#5280=DIRECTION('ref_axis',(0.707106781186547,-0.707106781186547,0.));
#5281=DIRECTION('',(1.,0.,0.));
#5282=DIRECTION('center_axis',(0.,0.,1.));
#5283=DIRECTION('ref_axis',(-0.707106781186547,-0.707106781186547,0.));
#5284=DIRECTION('',(0.,-1.,0.));
#5285=DIRECTION('center_axis',(0.,0.,1.));
#5286=DIRECTION('ref_axis',(-0.707106781186547,0.707106781186547,0.));
#5287=DIRECTION('',(-1.,0.,0.));
#5288=DIRECTION('center_axis',(0.,0.,-1.));
#5289=DIRECTION('ref_axis',(-1.,0.,0.));
#5290=DIRECTION('center_axis',(1.,0.,0.));
#5291=DIRECTION('ref_axis',(0.,0.,1.));
#5292=DIRECTION('center_axis',(0.,0.,-1.));
#5293=DIRECTION('ref_axis',(0.707106781186548,0.707106781186548,0.));
#5294=DIRECTION('center_axis',(0.,1.,0.));
#5295=DIRECTION('ref_axis',(-1.,0.,0.));
#5296=DIRECTION('center_axis',(0.,-1.,0.));
#5297=DIRECTION('ref_axis',(-0.707106781186548,0.,0.707106781186548));
#5298=DIRECTION('center_axis',(0.,1.,0.));
#5299=DIRECTION('ref_axis',(-1.,0.,0.));
#5300=DIRECTION('',(0.,-1.,0.));
#5301=DIRECTION('center_axis',(0.,0.,-1.));
#5302=DIRECTION('ref_axis',(-1.,0.,0.));
#5303=DIRECTION('center_axis',(1.,0.,0.));
#5304=DIRECTION('ref_axis',(0.,1.,0.));
#5305=DIRECTION('center_axis',(0.,0.,-1.));
#5306=DIRECTION('ref_axis',(0.707106781186548,-0.707106781186548,0.));
#5307=DIRECTION('center_axis',(-1.,0.,0.));
#5308=DIRECTION('ref_axis',(0.,0.707106781186548,0.707106781186548));
#5309=DIRECTION('center_axis',(1.,0.,0.));
#5310=DIRECTION('ref_axis',(0.,1.,0.));
#5311=DIRECTION('',(-1.,0.,0.));
#5312=DIRECTION('center_axis',(0.,0.,-1.));
#5313=DIRECTION('ref_axis',(-1.,0.,0.));
#5314=DIRECTION('center_axis',(0.,-1.,0.));
#5315=DIRECTION('ref_axis',(1.,0.,0.));
#5316=DIRECTION('center_axis',(0.,0.,-1.));
#5317=DIRECTION('ref_axis',(-0.707106781186548,-0.707106781186548,0.));
#5318=DIRECTION('center_axis',(0.,1.,0.));
#5319=DIRECTION('ref_axis',(0.707106781186548,0.,0.707106781186548));
#5320=DIRECTION('center_axis',(0.,-1.,0.));
#5321=DIRECTION('ref_axis',(1.,0.,0.));
#5322=DIRECTION('',(0.,1.,0.));
#5323=DIRECTION('center_axis',(0.,0.,-1.));
#5324=DIRECTION('ref_axis',(-1.,0.,0.));
#5325=DIRECTION('center_axis',(-1.,0.,0.));
#5326=DIRECTION('ref_axis',(0.,-1.,0.));
#5327=DIRECTION('center_axis',(0.,0.,-1.));
#5328=DIRECTION('ref_axis',(-0.707106781186548,0.707106781186548,0.));
#5329=DIRECTION('center_axis',(1.,0.,0.));
#5330=DIRECTION('ref_axis',(0.,-0.707106781186548,0.707106781186548));
#5331=DIRECTION('',(1.,0.,0.));
#5332=DIRECTION('center_axis',(0.,1.,0.));
#5333=DIRECTION('ref_axis',(0.,0.,1.));
#5334=DIRECTION('',(0.,0.,-1.));
#5335=DIRECTION('',(1.,0.,0.));
#5336=DIRECTION('',(0.,0.,-1.));
#5337=DIRECTION('center_axis',(0.,0.,1.));
#5338=DIRECTION('ref_axis',(1.,0.,0.));
#5339=DIRECTION('',(0.,0.,-1.));
#5340=DIRECTION('center_axis',(0.,0.,1.));
#5341=DIRECTION('ref_axis',(1.,0.,0.));
#5342=DIRECTION('center_axis',(-1.,0.,0.));
#5343=DIRECTION('ref_axis',(0.,0.,1.));
#5344=DIRECTION('',(0.,0.,-1.));
#5345=DIRECTION('',(0.,1.,0.));
#5346=DIRECTION('center_axis',(0.,0.,1.));
#5347=DIRECTION('ref_axis',(1.,0.,0.));
#5348=DIRECTION('',(0.,0.,-1.));
#5349=DIRECTION('center_axis',(0.,0.,1.));
#5350=DIRECTION('ref_axis',(1.,0.,0.));
#5351=DIRECTION('center_axis',(0.,-1.,0.));
#5352=DIRECTION('ref_axis',(0.,0.,-1.));
#5353=DIRECTION('',(-1.,0.,0.));
#5354=DIRECTION('',(0.,0.,-1.));
#5355=DIRECTION('',(-1.,0.,0.));
#5356=DIRECTION('',(0.,0.,-1.));
#5357=DIRECTION('center_axis',(1.,0.,0.));
#5358=DIRECTION('ref_axis',(0.,0.,-1.));
#5359=DIRECTION('',(0.,-1.,0.));
#5360=DIRECTION('',(0.,-1.,0.));
#5361=DIRECTION('',(0.,0.,-1.));
#5362=DIRECTION('center_axis',(0.,0.,1.));
#5363=DIRECTION('ref_axis',(1.,0.,0.));
#5364=DIRECTION('',(0.,1.,0.));
#5365=DIRECTION('',(1.,0.,0.));
#5366=DIRECTION('center_axis',(0.,1.,0.));
#5367=DIRECTION('ref_axis',(0.,0.,1.));
#5368=DIRECTION('',(1.,0.,0.));
#5369=DIRECTION('',(0.,0.,-1.));
#5370=DIRECTION('center_axis',(-1.,0.,0.));
#5371=DIRECTION('ref_axis',(0.,0.,1.));
#5372=DIRECTION('',(0.,1.,0.));
#5373=DIRECTION('center_axis',(0.,-1.,0.));
#5374=DIRECTION('ref_axis',(0.,0.,-1.));
#5375=DIRECTION('',(-1.,0.,0.));
#5376=DIRECTION('',(0.,0.,-1.));
#5377=DIRECTION('',(-1.,0.,0.));
#5378=DIRECTION('',(0.,0.,-1.));
#5379=DIRECTION('center_axis',(1.,0.,0.));
#5380=DIRECTION('ref_axis',(0.,0.,-1.));
#5381=DIRECTION('',(0.,-1.,0.));
#5382=DIRECTION('',(0.,-1.,0.));
#5383=DIRECTION('',(0.,0.,-1.));
#5384=DIRECTION('center_axis',(0.,0.,1.));
#5385=DIRECTION('ref_axis',(1.,0.,0.));
#5386=DIRECTION('',(0.,1.,0.));
#5387=DIRECTION('',(1.,0.,0.));
#5388=DIRECTION('center_axis',(0.,1.,0.));
#5389=DIRECTION('ref_axis',(0.,0.,1.));
#5390=DIRECTION('',(1.,0.,0.));
#5391=DIRECTION('',(0.,0.,-1.));
#5392=DIRECTION('center_axis',(-1.,0.,0.));
#5393=DIRECTION('ref_axis',(0.,0.,1.));
#5394=DIRECTION('',(0.,1.,0.));
#5395=DIRECTION('center_axis',(0.,0.,1.));
#5396=DIRECTION('ref_axis',(1.,0.,0.));
#5397=DIRECTION('',(0.,0.,-1.));
#5398=DIRECTION('center_axis',(0.,0.,-1.));
#5399=DIRECTION('ref_axis',(1.,0.,0.));
#5400=DIRECTION('',(0.,0.,-1.));
#5401=DIRECTION('center_axis',(0.,0.,1.));
#5402=DIRECTION('ref_axis',(1.,0.,0.));
#5403=DIRECTION('center_axis',(0.,0.,1.));
#5404=DIRECTION('ref_axis',(1.,0.,0.));
#5405=DIRECTION('',(0.,0.,-1.));
#5406=DIRECTION('center_axis',(0.,0.,-1.));
#5407=DIRECTION('ref_axis',(1.,0.,0.));
#5408=DIRECTION('',(0.,0.,-1.));
#5409=DIRECTION('center_axis',(0.,0.,1.));
#5410=DIRECTION('ref_axis',(1.,0.,0.));
#5411=DIRECTION('center_axis',(0.,0.,1.));
#5412=DIRECTION('ref_axis',(1.,0.,0.));
#5413=DIRECTION('',(0.,0.,-1.));
#5414=DIRECTION('center_axis',(0.,0.,1.));
#5415=DIRECTION('ref_axis',(1.,0.,0.));
#5416=DIRECTION('',(0.,0.,-1.));
#5417=DIRECTION('center_axis',(0.,0.,-1.));
#5418=DIRECTION('ref_axis',(1.,0.,0.));
#5419=DIRECTION('center_axis',(0.,0.,1.));
#5420=DIRECTION('ref_axis',(1.,0.,0.));
#5421=DIRECTION('',(0.,-1.,0.));
#5422=DIRECTION('',(-1.,0.,0.));
#5423=DIRECTION('center_axis',(0.,0.,-1.));
#5424=DIRECTION('ref_axis',(1.,0.,0.));
#5425=DIRECTION('',(0.,1.,0.));
#5426=DIRECTION('',(1.,0.,0.));
#5427=DIRECTION('center_axis',(0.,0.,1.));
#5428=DIRECTION('ref_axis',(1.,0.,0.));
#5429=DIRECTION('',(0.,0.,-1.));
#5430=DIRECTION('center_axis',(0.,0.,1.));
#5431=DIRECTION('ref_axis',(1.,0.,0.));
#5432=DIRECTION('',(0.,0.,-1.));
#5433=DIRECTION('center_axis',(1.,0.,0.));
#5434=DIRECTION('ref_axis',(0.,0.,-1.));
#5435=DIRECTION('',(0.,-1.,0.));
#5436=DIRECTION('center_axis',(-1.,0.,0.));
#5437=DIRECTION('ref_axis',(0.,0.,1.));
#5438=DIRECTION('',(0.,1.,0.));
#5439=DIRECTION('center_axis',(0.,1.,0.));
#5440=DIRECTION('ref_axis',(0.,0.,1.));
#5441=DIRECTION('',(1.,0.,0.));
#5442=DIRECTION('center_axis',(0.,-1.,0.));
#5443=DIRECTION('ref_axis',(0.,0.,-1.));
#5444=DIRECTION('',(-1.,0.,0.));
#5445=DIRECTION('center_axis',(0.,0.,1.));
#5446=DIRECTION('ref_axis',(1.,0.,0.));
#5447=DIRECTION('',(0.,0.,-1.));
#5448=DIRECTION('center_axis',(0.,0.,-1.));
#5449=DIRECTION('ref_axis',(1.,0.,0.));
#5450=DIRECTION('',(0.,0.,-1.));
#5451=DIRECTION('center_axis',(0.,0.,1.));
#5452=DIRECTION('ref_axis',(1.,0.,0.));
#5453=DIRECTION('center_axis',(0.,0.,1.));
#5454=DIRECTION('ref_axis',(1.,0.,0.));
#5455=DIRECTION('',(0.,0.,-1.));
#5456=DIRECTION('center_axis',(0.,0.,-1.));
#5457=DIRECTION('ref_axis',(1.,0.,0.));
#5458=DIRECTION('',(0.,0.,-1.));
#5459=DIRECTION('center_axis',(0.,0.,1.));
#5460=DIRECTION('ref_axis',(1.,0.,0.));
#5461=DIRECTION('center_axis',(0.,0.,1.));
#5462=DIRECTION('ref_axis',(1.,0.,0.));
#5463=DIRECTION('',(0.,0.,-1.));
#5464=DIRECTION('center_axis',(0.,0.,1.));
#5465=DIRECTION('ref_axis',(1.,0.,0.));
#5466=DIRECTION('',(0.,0.,-1.));
#5467=DIRECTION('center_axis',(0.,0.,-1.));
#5468=DIRECTION('ref_axis',(1.,0.,0.));
#5469=DIRECTION('center_axis',(0.,0.,1.));
#5470=DIRECTION('ref_axis',(1.,0.,0.));
#5471=DIRECTION('',(0.,-1.,0.));
#5472=DIRECTION('',(-1.,0.,0.));
#5473=DIRECTION('center_axis',(0.,0.,-1.));
#5474=DIRECTION('ref_axis',(1.,0.,0.));
#5475=DIRECTION('',(0.,1.,0.));
#5476=DIRECTION('',(1.,0.,0.));
#5477=DIRECTION('center_axis',(0.,0.,1.));
#5478=DIRECTION('ref_axis',(1.,0.,0.));
#5479=DIRECTION('',(0.,0.,-1.));
#5480=DIRECTION('center_axis',(0.,0.,1.));
#5481=DIRECTION('ref_axis',(1.,0.,0.));
#5482=DIRECTION('',(0.,0.,-1.));
#5483=DIRECTION('center_axis',(1.,0.,0.));
#5484=DIRECTION('ref_axis',(0.,0.,-1.));
#5485=DIRECTION('',(0.,-1.,0.));
#5486=DIRECTION('center_axis',(-1.,0.,0.));
#5487=DIRECTION('ref_axis',(0.,0.,1.));
#5488=DIRECTION('',(0.,1.,0.));
#5489=DIRECTION('center_axis',(0.,1.,0.));
#5490=DIRECTION('ref_axis',(0.,0.,1.));
#5491=DIRECTION('',(1.,0.,0.));
#5492=DIRECTION('center_axis',(0.,-1.,0.));
#5493=DIRECTION('ref_axis',(0.,0.,-1.));
#5494=DIRECTION('',(-1.,0.,0.));
#5495=DIRECTION('center_axis',(0.,0.,1.));
#5496=DIRECTION('ref_axis',(1.,0.,0.));
#5497=DIRECTION('',(0.,0.,-1.));
#5498=DIRECTION('center_axis',(0.,0.,1.));
#5499=DIRECTION('ref_axis',(1.,0.,0.));
#5500=DIRECTION('',(0.,0.,-1.));
#5501=DIRECTION('center_axis',(0.,0.,1.));
#5502=DIRECTION('ref_axis',(1.,0.,0.));
#5503=DIRECTION('center_axis',(0.,0.,1.));
#5504=DIRECTION('ref_axis',(1.,0.,0.));
#5505=DIRECTION('',(0.,0.,-1.));
#5506=DIRECTION('center_axis',(1.,0.,0.));
#5507=DIRECTION('ref_axis',(0.,0.,-1.));
#5508=DIRECTION('',(0.,-1.,0.));
#5509=DIRECTION('center_axis',(0.,-1.,0.));
#5510=DIRECTION('ref_axis',(0.,0.,-1.));
#5511=DIRECTION('',(-1.,0.,0.));
#5512=DIRECTION('center_axis',(0.,0.,1.));
#5513=DIRECTION('ref_axis',(1.,0.,0.));
#5514=DIRECTION('',(0.,0.,-1.));
#5515=DIRECTION('center_axis',(0.,0.,-1.));
#5516=DIRECTION('ref_axis',(1.,0.,0.));
#5517=DIRECTION('',(0.,0.,-1.));
#5518=DIRECTION('center_axis',(0.,0.,1.));
#5519=DIRECTION('ref_axis',(1.,0.,0.));
#5520=DIRECTION('',(0.,-1.,0.));
#5521=DIRECTION('',(-1.,0.,0.));
#5522=DIRECTION('center_axis',(0.,0.,-1.));
#5523=DIRECTION('ref_axis',(1.,0.,0.));
#5524=DIRECTION('center_axis',(0.,0.,1.));
#5525=DIRECTION('ref_axis',(1.,0.,0.));
#5526=DIRECTION('',(0.,0.,-1.));
#5527=DIRECTION('center_axis',(-1.,0.,0.));
#5528=DIRECTION('ref_axis',(0.,0.,1.));
#5529=DIRECTION('center_axis',(0.,1.,0.));
#5530=DIRECTION('ref_axis',(0.,0.,1.));
#5531=DIRECTION('axis',(0.,0.,1.));
#5532=DIRECTION('refdir',(1.,0.,0.));
#5533=DIRECTION('center_axis',(0.,0.,1.));
#5534=DIRECTION('ref_axis',(-1.,1.22464679914735E-16,0.));
#5535=DIRECTION('center_axis',(0.,0.,1.));
#5536=DIRECTION('ref_axis',(-1.,1.22464679914735E-16,0.));
#5537=DIRECTION('',(0.,0.,1.));
#5538=DIRECTION('center_axis',(0.,0.,-1.));
#5539=DIRECTION('ref_axis',(-1.,1.22464679914735E-16,0.));
#5540=DIRECTION('center_axis',(0.,0.,1.));
#5541=DIRECTION('ref_axis',(-1.,1.22464679914735E-16,0.));
#5542=DIRECTION('center_axis',(0.,0.,1.));
#5543=DIRECTION('ref_axis',(-1.,1.22464679914735E-16,0.));
#5544=DIRECTION('',(0.,0.,1.));
#5545=DIRECTION('center_axis',(0.,0.,-1.));
#5546=DIRECTION('ref_axis',(-1.,1.22464679914735E-16,0.));
#5547=DIRECTION('center_axis',(0.,0.,1.));
#5548=DIRECTION('ref_axis',(-1.,1.22464679914735E-16,0.));
#5549=DIRECTION('center_axis',(0.,0.,1.));
#5550=DIRECTION('ref_axis',(-1.,1.22464679914735E-16,0.));
#5551=DIRECTION('',(0.,0.,1.));
#5552=DIRECTION('center_axis',(0.,0.,-1.));
#5553=DIRECTION('ref_axis',(-1.,1.22464679914735E-16,0.));
#5554=DIRECTION('center_axis',(0.,0.,1.));
#5555=DIRECTION('ref_axis',(-1.,1.22464679914735E-16,0.));
#5556=DIRECTION('center_axis',(0.,0.,1.));
#5557=DIRECTION('ref_axis',(-1.,1.22464679914735E-16,0.));
#5558=DIRECTION('',(0.,0.,1.));
#5559=DIRECTION('center_axis',(0.,0.,-1.));
#5560=DIRECTION('ref_axis',(-1.,1.22464679914735E-16,0.));
#5561=DIRECTION('center_axis',(0.,0.,1.));
#5562=DIRECTION('ref_axis',(-1.,1.22464679914735E-16,0.));
#5563=DIRECTION('',(-1.22464679914735E-16,-1.,0.));
#5564=DIRECTION('',(1.,-1.22464679914735E-16,0.));
#5565=DIRECTION('',(1.22464679914735E-16,1.,0.));
#5566=DIRECTION('',(-1.,1.22464679914735E-16,0.));
#5567=DIRECTION('center_axis',(0.,0.,1.));
#5568=DIRECTION('ref_axis',(-1.,1.22464679914735E-16,0.));
#5569=DIRECTION('',(1.22464679914735E-16,1.,0.));
#5570=DIRECTION('',(1.,-1.22464679914735E-16,0.));
#5571=DIRECTION('',(-1.22464679914735E-16,-1.,0.));
#5572=DIRECTION('',(-1.,1.22464679914735E-16,0.));
#5573=DIRECTION('center_axis',(-1.22464679914735E-16,-1.,0.));
#5574=DIRECTION('ref_axis',(0.,0.,1.));
#5575=DIRECTION('',(0.,0.,-1.));
#5576=DIRECTION('',(0.,0.,-1.));
#5577=DIRECTION('center_axis',(-1.,1.22464679914735E-16,0.));
#5578=DIRECTION('ref_axis',(0.,0.,-1.));
#5579=DIRECTION('',(0.,0.,-1.));
#5580=DIRECTION('center_axis',(1.22464679914735E-16,1.,0.));
#5581=DIRECTION('ref_axis',(0.,0.,-1.));
#5582=DIRECTION('',(0.,0.,-1.));
#5583=DIRECTION('center_axis',(1.,-1.22464679914735E-16,0.));
#5584=DIRECTION('ref_axis',(0.,0.,1.));
#5585=DIRECTION('center_axis',(0.,0.,1.));
#5586=DIRECTION('ref_axis',(-1.,1.22464679914735E-16,0.));
#5587=DIRECTION('',(-1.22464679914735E-16,-1.,0.));
#5588=DIRECTION('',(1.,-1.22464679914735E-16,0.));
#5589=DIRECTION('',(1.22464679914735E-16,1.,0.));
#5590=DIRECTION('',(-1.,1.22464679914735E-16,0.));
#5591=DIRECTION('center_axis',(0.,0.,1.));
#5592=DIRECTION('ref_axis',(-1.,1.22464679914735E-16,0.));
#5593=DIRECTION('',(1.22464679914735E-16,1.,0.));
#5594=DIRECTION('',(1.,-1.22464679914735E-16,0.));
#5595=DIRECTION('',(-1.22464679914735E-16,-1.,0.));
#5596=DIRECTION('',(-1.,1.22464679914735E-16,0.));
#5597=DIRECTION('center_axis',(-1.22464679914735E-16,-1.,0.));
#5598=DIRECTION('ref_axis',(0.,0.,1.));
#5599=DIRECTION('',(0.,0.,-1.));
#5600=DIRECTION('',(0.,0.,-1.));
#5601=DIRECTION('center_axis',(-1.,1.22464679914735E-16,0.));
#5602=DIRECTION('ref_axis',(0.,0.,-1.));
#5603=DIRECTION('',(0.,0.,-1.));
#5604=DIRECTION('center_axis',(1.22464679914735E-16,1.,0.));
#5605=DIRECTION('ref_axis',(0.,0.,-1.));
#5606=DIRECTION('',(0.,0.,-1.));
#5607=DIRECTION('center_axis',(1.,-1.22464679914735E-16,0.));
#5608=DIRECTION('ref_axis',(0.,0.,1.));
#5609=DIRECTION('center_axis',(0.,0.,1.));
#5610=DIRECTION('ref_axis',(-1.,1.22464679914735E-16,0.));
#5611=DIRECTION('',(-1.22464679914735E-16,-1.,0.));
#5612=DIRECTION('',(1.,-1.22464679914735E-16,0.));
#5613=DIRECTION('',(1.22464679914735E-16,1.,0.));
#5614=DIRECTION('',(-1.,1.22464679914735E-16,0.));
#5615=DIRECTION('center_axis',(0.,0.,1.));
#5616=DIRECTION('ref_axis',(-1.,1.22464679914735E-16,0.));
#5617=DIRECTION('',(1.22464679914735E-16,1.,0.));
#5618=DIRECTION('',(1.,-1.22464679914735E-16,0.));
#5619=DIRECTION('',(-1.22464679914735E-16,-1.,0.));
#5620=DIRECTION('',(-1.,1.22464679914735E-16,0.));
#5621=DIRECTION('center_axis',(-1.22464679914735E-16,-1.,0.));
#5622=DIRECTION('ref_axis',(0.,0.,1.));
#5623=DIRECTION('',(0.,0.,-1.));
#5624=DIRECTION('',(0.,0.,-1.));
#5625=DIRECTION('center_axis',(-1.,1.22464679914735E-16,0.));
#5626=DIRECTION('ref_axis',(0.,0.,-1.));
#5627=DIRECTION('',(0.,0.,-1.));
#5628=DIRECTION('center_axis',(1.22464679914735E-16,1.,0.));
#5629=DIRECTION('ref_axis',(0.,0.,-1.));
#5630=DIRECTION('',(0.,0.,-1.));
#5631=DIRECTION('center_axis',(1.,-1.22464679914735E-16,0.));
#5632=DIRECTION('ref_axis',(0.,0.,1.));
#5633=DIRECTION('center_axis',(0.,0.,1.));
#5634=DIRECTION('ref_axis',(-1.,1.22464679914735E-16,0.));
#5635=DIRECTION('',(-1.22464679914735E-16,-1.,0.));
#5636=DIRECTION('',(1.,-1.22464679914735E-16,0.));
#5637=DIRECTION('',(1.22464679914735E-16,1.,0.));
#5638=DIRECTION('',(-1.,1.22464679914735E-16,0.));
#5639=DIRECTION('center_axis',(0.,0.,1.));
#5640=DIRECTION('ref_axis',(-1.,1.22464679914735E-16,0.));
#5641=DIRECTION('',(1.22464679914735E-16,1.,0.));
#5642=DIRECTION('',(1.,-1.22464679914735E-16,0.));
#5643=DIRECTION('',(-1.22464679914735E-16,-1.,0.));
#5644=DIRECTION('',(-1.,1.22464679914735E-16,0.));
#5645=DIRECTION('center_axis',(-1.22464679914735E-16,-1.,0.));
#5646=DIRECTION('ref_axis',(0.,0.,1.));
#5647=DIRECTION('',(0.,0.,-1.));
#5648=DIRECTION('',(0.,0.,-1.));
#5649=DIRECTION('center_axis',(-1.,1.22464679914735E-16,0.));
#5650=DIRECTION('ref_axis',(0.,0.,-1.));
#5651=DIRECTION('',(0.,0.,-1.));
#5652=DIRECTION('center_axis',(1.22464679914735E-16,1.,0.));
#5653=DIRECTION('ref_axis',(0.,0.,-1.));
#5654=DIRECTION('',(0.,0.,-1.));
#5655=DIRECTION('center_axis',(1.,-1.22464679914735E-16,0.));
#5656=DIRECTION('ref_axis',(0.,0.,1.));
#5657=DIRECTION('center_axis',(0.,0.,-1.));
#5658=DIRECTION('ref_axis',(-1.,1.22464679914735E-16,0.));
#5659=DIRECTION('center_axis',(0.,0.,1.));
#5660=DIRECTION('ref_axis',(-1.,1.22464679914735E-16,0.));
#5661=DIRECTION('',(0.391140640344852,0.,-0.920330918458475));
#5662=DIRECTION('center_axis',(0.,0.,-1.));
#5663=DIRECTION('ref_axis',(-1.,1.22464679914735E-16,0.));
#5664=DIRECTION('center_axis',(0.,0.,-1.));
#5665=DIRECTION('ref_axis',(1.,-1.22464679914735E-16,0.));
#5666=DIRECTION('center_axis',(0.,0.,1.));
#5667=DIRECTION('ref_axis',(-1.,1.22464679914735E-16,0.));
#5668=DIRECTION('center_axis',(0.,0.,-1.));
#5669=DIRECTION('ref_axis',(-1.,1.22464679914735E-16,0.));
#5670=DIRECTION('center_axis',(0.,0.,1.));
#5671=DIRECTION('ref_axis',(-1.,1.22464679914735E-16,0.));
#5672=DIRECTION('',(0.391140640344852,0.,-0.920330918458475));
#5673=DIRECTION('center_axis',(0.,0.,-1.));
#5674=DIRECTION('ref_axis',(-1.,1.22464679914735E-16,0.));
#5675=DIRECTION('center_axis',(0.,0.,-1.));
#5676=DIRECTION('ref_axis',(1.,-1.22464679914735E-16,0.));
#5677=DIRECTION('center_axis',(0.,0.,1.));
#5678=DIRECTION('ref_axis',(-1.,1.22464679914735E-16,0.));
#5679=DIRECTION('center_axis',(0.,0.,-1.));
#5680=DIRECTION('ref_axis',(-1.,1.22464679914735E-16,0.));
#5681=DIRECTION('center_axis',(0.,0.,1.));
#5682=DIRECTION('ref_axis',(-1.,1.22464679914735E-16,0.));
#5683=DIRECTION('',(0.391140640344852,0.,-0.920330918458475));
#5684=DIRECTION('center_axis',(0.,0.,-1.));
#5685=DIRECTION('ref_axis',(-1.,1.22464679914735E-16,0.));
#5686=DIRECTION('center_axis',(0.,0.,-1.));
#5687=DIRECTION('ref_axis',(1.,-1.22464679914735E-16,0.));
#5688=DIRECTION('center_axis',(0.,0.,1.));
#5689=DIRECTION('ref_axis',(-1.,1.22464679914735E-16,0.));
#5690=DIRECTION('center_axis',(0.,0.,-1.));
#5691=DIRECTION('ref_axis',(-1.,1.22464679914735E-16,0.));
#5692=DIRECTION('center_axis',(0.,0.,1.));
#5693=DIRECTION('ref_axis',(-1.,1.22464679914735E-16,0.));
#5694=DIRECTION('',(0.391140640344852,0.,-0.920330918458475));
#5695=DIRECTION('center_axis',(0.,0.,-1.));
#5696=DIRECTION('ref_axis',(-1.,1.22464679914735E-16,0.));
#5697=DIRECTION('center_axis',(0.,0.,-1.));
#5698=DIRECTION('ref_axis',(1.,-1.22464679914735E-16,0.));
#5699=DIRECTION('center_axis',(0.,0.,1.));
#5700=DIRECTION('ref_axis',(-1.,1.22464679914735E-16,0.));
#5701=DIRECTION('center_axis',(0.,0.,-1.));
#5702=DIRECTION('ref_axis',(-1.,1.22464679914735E-16,0.));
#5703=DIRECTION('center_axis',(0.,0.,1.));
#5704=DIRECTION('ref_axis',(-1.,1.22464679914735E-16,0.));
#5705=DIRECTION('',(0.391140640344852,0.,-0.920330918458475));
#5706=DIRECTION('center_axis',(0.,0.,-1.));
#5707=DIRECTION('ref_axis',(-1.,1.22464679914735E-16,0.));
#5708=DIRECTION('center_axis',(0.,0.,-1.));
#5709=DIRECTION('ref_axis',(1.,-1.22464679914735E-16,0.));
#5710=DIRECTION('center_axis',(0.,0.,1.));
#5711=DIRECTION('ref_axis',(-1.,1.22464679914735E-16,0.));
#5712=DIRECTION('center_axis',(0.,0.,-1.));
#5713=DIRECTION('ref_axis',(-1.,1.22464679914735E-16,0.));
#5714=DIRECTION('center_axis',(0.,0.,1.));
#5715=DIRECTION('ref_axis',(-1.,1.22464679914735E-16,0.));
#5716=DIRECTION('',(0.391140640344852,0.,-0.920330918458475));
#5717=DIRECTION('center_axis',(0.,0.,-1.));
#5718=DIRECTION('ref_axis',(-1.,1.22464679914735E-16,0.));
#5719=DIRECTION('center_axis',(0.,0.,-1.));
#5720=DIRECTION('ref_axis',(1.,-1.22464679914735E-16,0.));
#5721=DIRECTION('center_axis',(0.,0.,1.));
#5722=DIRECTION('ref_axis',(-1.,1.22464679914735E-16,0.));
#5723=DIRECTION('center_axis',(0.,0.,-1.));
#5724=DIRECTION('ref_axis',(-1.,1.22464679914735E-16,0.));
#5725=DIRECTION('center_axis',(0.,0.,1.));
#5726=DIRECTION('ref_axis',(-1.,1.22464679914735E-16,0.));
#5727=DIRECTION('',(0.391140640344852,0.,-0.920330918458475));
#5728=DIRECTION('center_axis',(0.,0.,-1.));
#5729=DIRECTION('ref_axis',(-1.,1.22464679914735E-16,0.));
#5730=DIRECTION('center_axis',(0.,0.,-1.));
#5731=DIRECTION('ref_axis',(1.,-1.22464679914735E-16,0.));
#5732=DIRECTION('center_axis',(0.,0.,1.));
#5733=DIRECTION('ref_axis',(-1.,1.22464679914735E-16,0.));
#5734=DIRECTION('center_axis',(0.,0.,-1.));
#5735=DIRECTION('ref_axis',(-1.,1.22464679914735E-16,0.));
#5736=DIRECTION('center_axis',(0.,0.,1.));
#5737=DIRECTION('ref_axis',(-1.,1.22464679914735E-16,0.));
#5738=DIRECTION('',(0.391140640344852,0.,-0.920330918458475));
#5739=DIRECTION('center_axis',(0.,0.,-1.));
#5740=DIRECTION('ref_axis',(-1.,1.22464679914735E-16,0.));
#5741=DIRECTION('center_axis',(0.,0.,-1.));
#5742=DIRECTION('ref_axis',(1.,-1.22464679914735E-16,0.));
#5743=DIRECTION('center_axis',(0.,0.,1.));
#5744=DIRECTION('ref_axis',(-1.,1.22464679914735E-16,0.));
#5745=DIRECTION('axis',(0.,0.,1.));
#5746=DIRECTION('refdir',(1.,0.,0.));
#5747=DIRECTION('center_axis',(0.,0.,1.));
#5748=DIRECTION('ref_axis',(-1.,1.22464679914735E-16,0.));
#5749=DIRECTION('',(-1.,1.22464679914735E-16,0.));
#5750=DIRECTION('',(1.22464679914735E-16,1.,0.));
#5751=DIRECTION('',(1.,-1.22464679914735E-16,0.));
#5752=DIRECTION('',(-1.22464679914735E-16,-1.,0.));
#5753=DIRECTION('center_axis',(1.22464679914735E-16,1.,0.));
#5754=DIRECTION('ref_axis',(0.,0.,-1.));
#5755=DIRECTION('',(-1.,1.22464679914735E-16,0.));
#5756=DIRECTION('',(0.,0.,-1.));
#5757=DIRECTION('',(1.,-1.22464679914735E-16,0.));
#5758=DIRECTION('',(0.,0.,-1.));
#5759=DIRECTION('center_axis',(-1.,1.22464679914735E-16,0.));
#5760=DIRECTION('ref_axis',(0.,0.,-1.));
#5761=DIRECTION('',(0.,0.,-1.));
#5762=DIRECTION('',(1.22464679914735E-16,1.,0.));
#5763=DIRECTION('',(-1.22464679914735E-16,-1.,0.));
#5764=DIRECTION('',(0.,0.,-1.));
#5765=DIRECTION('',(1.22464679914735E-16,1.,0.));
#5766=DIRECTION('',(0.,0.,-1.));
#5767=DIRECTION('center_axis',(-1.22464679914735E-16,-1.,0.));
#5768=DIRECTION('ref_axis',(0.,0.,1.));
#5769=DIRECTION('',(0.,0.,-1.));
#5770=DIRECTION('',(-1.,1.22464679914735E-16,0.));
#5771=DIRECTION('center_axis',(-1.22464679914735E-16,-1.,0.));
#5772=DIRECTION('ref_axis',(0.,0.,1.));
#5773=DIRECTION('',(1.,-1.22464679914735E-16,0.));
#5774=DIRECTION('',(0.,0.,-1.));
#5775=DIRECTION('',(-1.,1.22464679914735E-16,0.));
#5776=DIRECTION('center_axis',(1.22464679914735E-16,1.,0.));
#5777=DIRECTION('ref_axis',(0.,0.,-1.));
#5778=DIRECTION('',(1.,-1.22464679914735E-16,0.));
#5779=DIRECTION('',(0.,0.,-1.));
#5780=DIRECTION('center_axis',(0.,0.,1.));
#5781=DIRECTION('ref_axis',(-1.,1.22464679914735E-16,0.));
#5782=DIRECTION('',(1.22464679914735E-16,1.,0.));
#5783=DIRECTION('center_axis',(1.,-1.22464679914735E-16,0.));
#5784=DIRECTION('ref_axis',(0.,0.,1.));
#5785=DIRECTION('',(-1.22464679914735E-16,-1.,0.));
#5786=DIRECTION('',(-1.22464679914735E-16,-1.,0.));
#5787=DIRECTION('center_axis',(0.,0.,1.));
#5788=DIRECTION('ref_axis',(-1.,1.22464679914735E-16,0.));
#5789=DIRECTION('',(-1.,1.22464679914735E-16,0.));
#5790=DIRECTION('',(1.22464679914735E-16,1.,0.));
#5791=DIRECTION('',(1.,-1.22464679914735E-16,0.));
#5792=DIRECTION('',(-1.22464679914735E-16,-1.,0.));
#5793=DIRECTION('center_axis',(1.22464679914735E-16,1.,0.));
#5794=DIRECTION('ref_axis',(0.,0.,-1.));
#5795=DIRECTION('',(-1.,1.22464679914735E-16,0.));
#5796=DIRECTION('',(0.,0.,-1.));
#5797=DIRECTION('',(1.,-1.22464679914735E-16,0.));
#5798=DIRECTION('',(0.,0.,-1.));
#5799=DIRECTION('center_axis',(-1.,1.22464679914735E-16,0.));
#5800=DIRECTION('ref_axis',(0.,0.,-1.));
#5801=DIRECTION('',(0.,0.,-1.));
#5802=DIRECTION('',(1.22464679914735E-16,1.,0.));
#5803=DIRECTION('',(-1.22464679914735E-16,-1.,0.));
#5804=DIRECTION('',(0.,0.,-1.));
#5805=DIRECTION('',(1.22464679914735E-16,1.,0.));
#5806=DIRECTION('',(0.,0.,-1.));
#5807=DIRECTION('center_axis',(-1.22464679914735E-16,-1.,0.));
#5808=DIRECTION('ref_axis',(0.,0.,1.));
#5809=DIRECTION('',(0.,0.,-1.));
#5810=DIRECTION('',(-1.,1.22464679914735E-16,0.));
#5811=DIRECTION('center_axis',(-1.22464679914735E-16,-1.,0.));
#5812=DIRECTION('ref_axis',(0.,0.,1.));
#5813=DIRECTION('',(1.,-1.22464679914735E-16,0.));
#5814=DIRECTION('',(0.,0.,-1.));
#5815=DIRECTION('',(-1.,1.22464679914735E-16,0.));
#5816=DIRECTION('center_axis',(1.22464679914735E-16,1.,0.));
#5817=DIRECTION('ref_axis',(0.,0.,-1.));
#5818=DIRECTION('',(1.,-1.22464679914735E-16,0.));
#5819=DIRECTION('',(0.,0.,-1.));
#5820=DIRECTION('center_axis',(0.,0.,1.));
#5821=DIRECTION('ref_axis',(-1.,1.22464679914735E-16,0.));
#5822=DIRECTION('',(1.22464679914735E-16,1.,0.));
#5823=DIRECTION('center_axis',(1.,-1.22464679914735E-16,0.));
#5824=DIRECTION('ref_axis',(0.,0.,1.));
#5825=DIRECTION('',(-1.22464679914735E-16,-1.,0.));
#5826=DIRECTION('',(-1.22464679914735E-16,-1.,0.));
#5827=DIRECTION('center_axis',(1.22464679914735E-16,1.,0.));
#5828=DIRECTION('ref_axis',(0.,0.,-1.));
#5829=DIRECTION('',(0.,0.,1.));
#5830=DIRECTION('',(-1.,1.22464679914735E-16,0.));
#5831=DIRECTION('',(0.,0.,-1.));
#5832=DIRECTION('',(1.,-1.22464679914735E-16,0.));
#5833=DIRECTION('center_axis',(-1.,1.22464679914735E-16,0.));
#5834=DIRECTION('ref_axis',(0.,0.,-1.));
#5835=DIRECTION('',(0.,0.,1.));
#5836=DIRECTION('',(-1.22464679914735E-16,-1.,0.));
#5837=DIRECTION('',(0.,0.,-1.));
#5838=DIRECTION('',(1.22464679914735E-16,1.,0.));
#5839=DIRECTION('center_axis',(0.,0.,1.));
#5840=DIRECTION('ref_axis',(-1.,1.22464679914735E-16,0.));
#5841=DIRECTION('',(-1.22464679914735E-16,-1.,0.));
#5842=DIRECTION('',(1.,-1.22464679914735E-16,0.));
#5843=DIRECTION('',(1.22464679914735E-16,1.,0.));
#5844=DIRECTION('',(1.,-1.22464679914735E-16,0.));
#5845=DIRECTION('',(1.,-1.22464679914735E-16,0.));
#5846=DIRECTION('',(1.22464679914735E-16,1.,0.));
#5847=DIRECTION('center_axis',(0.,0.,1.));
#5848=DIRECTION('ref_axis',(-1.,1.22464679914735E-16,0.));
#5849=DIRECTION('',(1.22464679914735E-16,1.,0.));
#5850=DIRECTION('',(-1.22464679914735E-16,-1.,0.));
#5851=DIRECTION('',(-1.,1.22464679914735E-16,0.));
#5852=DIRECTION('',(-1.,1.22464679914735E-16,0.));
#5853=DIRECTION('',(-1.22464679914735E-16,-1.,0.));
#5854=DIRECTION('',(-1.,1.22464679914735E-16,0.));
#5855=DIRECTION('center_axis',(-1.22464679914735E-16,-1.,0.));
#5856=DIRECTION('ref_axis',(0.,0.,1.));
#5857=DIRECTION('',(0.,0.,-1.));
#5858=DIRECTION('center_axis',(1.,-1.22464679914735E-16,0.));
#5859=DIRECTION('ref_axis',(0.,0.,1.));
#5860=DIRECTION('',(0.,0.,-1.));
#5861=DIRECTION('center_axis',(-1.22464679914735E-16,-1.,0.));
#5862=DIRECTION('ref_axis',(0.,0.,1.));
#5863=DIRECTION('',(0.,0.,-1.));
#5864=DIRECTION('',(1.,-1.22464679914735E-16,0.));
#5865=DIRECTION('',(0.,0.,-1.));
#5866=DIRECTION('',(-1.,1.22464679914735E-16,0.));
#5867=DIRECTION('',(0.,0.,-1.));
#5868=DIRECTION('center_axis',(1.,-1.22464679914735E-16,0.));
#5869=DIRECTION('ref_axis',(0.,0.,1.));
#5870=DIRECTION('',(0.,0.,-1.));
#5871=DIRECTION('',(1.22464679914735E-16,1.,0.));
#5872=DIRECTION('',(0.,0.,-1.));
#5873=DIRECTION('',(-1.22464679914735E-16,-1.,0.));
#5874=DIRECTION('',(0.,0.,-1.));
#5875=DIRECTION('center_axis',(-1.,1.22464679914735E-16,0.));
#5876=DIRECTION('ref_axis',(0.,0.,-1.));
#5877=DIRECTION('',(1.22464679914735E-16,1.,0.));
#5878=DIRECTION('',(0.,0.,1.));
#5879=DIRECTION('',(-1.22464679914735E-16,-1.,0.));
#5880=DIRECTION('center_axis',(1.,-1.22464679914735E-16,0.));
#5881=DIRECTION('ref_axis',(0.,0.,1.));
#5882=DIRECTION('',(1.22464679914735E-16,1.,0.));
#5883=DIRECTION('',(0.,0.,-1.));
#5884=DIRECTION('',(-1.22464679914735E-16,-1.,0.));
#5885=DIRECTION('center_axis',(1.22464679914735E-16,1.,0.));
#5886=DIRECTION('ref_axis',(0.,0.,-1.));
#5887=DIRECTION('',(1.,-1.22464679914735E-16,0.));
#5888=DIRECTION('',(0.,0.,-1.));
#5889=DIRECTION('',(-1.,1.22464679914735E-16,0.));
#5890=DIRECTION('',(0.,0.,-1.));
#5891=DIRECTION('',(1.,-1.22464679914735E-16,0.));
#5892=DIRECTION('',(1.,-1.22464679914735E-16,0.));
#5893=DIRECTION('',(0.,0.,1.));
#5894=DIRECTION('',(-1.,1.22464679914735E-16,0.));
#5895=DIRECTION('',(0.,0.,-1.));
#5896=DIRECTION('',(1.,-1.22464679914735E-16,0.));
#5897=DIRECTION('center_axis',(-1.22464679914735E-16,-1.,0.));
#5898=DIRECTION('ref_axis',(0.,0.,1.));
#5899=DIRECTION('',(-1.,1.22464679914735E-16,0.));
#5900=DIRECTION('',(0.,0.,-1.));
#5901=DIRECTION('',(1.,-1.22464679914735E-16,0.));
#5902=DIRECTION('center_axis',(-1.,1.22464679914735E-16,0.));
#5903=DIRECTION('ref_axis',(0.,0.,-1.));
#5904=DIRECTION('',(0.,0.,1.));
#5905=DIRECTION('',(-1.22464679914735E-16,-1.,0.));
#5906=DIRECTION('',(1.22464679914735E-16,1.,0.));
#5907=DIRECTION('center_axis',(1.22464679914735E-16,1.,0.));
#5908=DIRECTION('ref_axis',(0.,0.,-1.));
#5909=DIRECTION('',(1.,-1.22464679914735E-16,0.));
#5910=DIRECTION('',(0.,0.,-1.));
#5911=DIRECTION('',(1.,-1.22464679914735E-16,0.));
#5912=DIRECTION('center_axis',(1.,-1.22464679914735E-16,0.));
#5913=DIRECTION('ref_axis',(0.,0.,1.));
#5914=DIRECTION('',(0.,0.,-1.));
#5915=DIRECTION('',(-1.22464679914735E-16,-1.,0.));
#5916=DIRECTION('',(0.,0.,1.));
#5917=DIRECTION('',(-1.22464679914735E-16,-1.,0.));
#5918=DIRECTION('',(0.,0.,1.));
#5919=DIRECTION('',(-1.22464679914735E-16,-1.,0.));
#5920=DIRECTION('',(0.,0.,-1.));
#5921=DIRECTION('',(-1.22464679914735E-16,-1.,0.));
#5922=DIRECTION('center_axis',(0.,0.,1.));
#5923=DIRECTION('ref_axis',(-1.,1.22464679914735E-16,0.));
#5924=DIRECTION('center_axis',(0.,0.,1.));
#5925=DIRECTION('ref_axis',(-1.,1.22464679914735E-16,0.));
#5926=DIRECTION('',(1.22464679914735E-16,1.,0.));
#5927=DIRECTION('center_axis',(0.,0.,1.));
#5928=DIRECTION('ref_axis',(-1.,1.22464679914735E-16,0.));
#5929=DIRECTION('center_axis',(-1.,1.22464679914735E-16,0.));
#5930=DIRECTION('ref_axis',(0.,0.,-1.));
#5931=DIRECTION('',(0.,0.,1.));
#5932=DIRECTION('',(1.22464679914735E-16,1.,0.));
#5933=DIRECTION('',(0.,0.,1.));
#5934=DIRECTION('',(1.22464679914735E-16,1.,0.));
#5935=DIRECTION('',(0.,0.,-1.));
#5936=DIRECTION('',(1.22464679914735E-16,1.,0.));
#5937=DIRECTION('',(0.,0.,-1.));
#5938=DIRECTION('center_axis',(0.,0.,1.));
#5939=DIRECTION('ref_axis',(-1.,1.22464679914735E-16,0.));
#5940=DIRECTION('center_axis',(0.,0.,1.));
#5941=DIRECTION('ref_axis',(-1.,1.22464679914735E-16,0.));
#5942=DIRECTION('',(0.,0.,-1.));
#5943=DIRECTION('center_axis',(0.,0.,-1.));
#5944=DIRECTION('ref_axis',(-1.,1.22464679914735E-16,0.));
#5945=DIRECTION('center_axis',(0.,0.,-1.));
#5946=DIRECTION('ref_axis',(-1.,1.22464679914735E-16,0.));
#5947=DIRECTION('center_axis',(0.,0.,-1.));
#5948=DIRECTION('ref_axis',(-1.,1.22464679914735E-16,0.));
#5949=DIRECTION('center_axis',(0.,0.,-1.));
#5950=DIRECTION('ref_axis',(1.,-1.22464679914735E-16,0.));
#5951=DIRECTION('center_axis',(0.,0.,-1.));
#5952=DIRECTION('ref_axis',(-1.,1.22464679914735E-16,0.));
#5953=DIRECTION('center_axis',(0.,0.,-1.));
#5954=DIRECTION('ref_axis',(1.,-1.22464679914735E-16,0.));
#5955=DIRECTION('center_axis',(0.,0.,-1.));
#5956=DIRECTION('ref_axis',(-1.,1.22464679914735E-16,0.));
#5957=DIRECTION('center_axis',(0.,0.,1.));
#5958=DIRECTION('ref_axis',(-1.,1.22464679914735E-16,0.));
#5959=DIRECTION('center_axis',(0.,0.,-1.));
#5960=DIRECTION('ref_axis',(-1.,1.22464679914735E-16,0.));
#5961=DIRECTION('center_axis',(0.,0.,1.));
#5962=DIRECTION('ref_axis',(1.,0.,0.));
#5963=DIRECTION('center_axis',(0.,0.,-1.));
#5964=DIRECTION('ref_axis',(-1.,1.22464679914735E-16,0.));
#5965=DIRECTION('center_axis',(0.,0.,-1.));
#5966=DIRECTION('ref_axis',(-1.,1.22464679914735E-16,0.));
#5967=DIRECTION('center_axis',(0.,0.,-1.));
#5968=DIRECTION('ref_axis',(-1.,1.22464679914735E-16,0.));
#5969=DIRECTION('center_axis',(0.,0.,-1.));
#5970=DIRECTION('ref_axis',(1.,0.,0.));
#5971=DIRECTION('center_axis',(0.,0.,-1.));
#5972=DIRECTION('ref_axis',(-1.,1.22464679914735E-16,0.));
#5973=DIRECTION('center_axis',(0.,0.,-1.));
#5974=DIRECTION('ref_axis',(-1.,1.22464679914735E-16,0.));
#5975=DIRECTION('center_axis',(0.,0.,-1.));
#5976=DIRECTION('ref_axis',(-1.,1.22464679914735E-16,0.));
#5977=DIRECTION('center_axis',(0.,0.,1.));
#5978=DIRECTION('ref_axis',(-1.,1.22464679914735E-16,0.));
#5979=DIRECTION('center_axis',(0.,0.,1.));
#5980=DIRECTION('ref_axis',(1.,0.,0.));
#5981=DIRECTION('center_axis',(0.,0.,-1.));
#5982=DIRECTION('ref_axis',(-1.,1.22464679914735E-16,0.));
#5983=DIRECTION('center_axis',(0.,0.,-1.));
#5984=DIRECTION('ref_axis',(-1.,1.22464679914735E-16,0.));
#5985=DIRECTION('center_axis',(1.,-1.22464679914735E-16,0.));
#5986=DIRECTION('ref_axis',(0.,0.,1.));
#5987=DIRECTION('',(0.,0.,-1.));
#5988=DIRECTION('',(-1.22464679914735E-16,-1.,0.));
#5989=DIRECTION('',(0.,0.,1.));
#5990=DIRECTION('',(-1.22464679914735E-16,-1.,0.));
#5991=DIRECTION('',(0.,0.,1.));
#5992=DIRECTION('',(-1.22464679914735E-16,-1.,0.));
#5993=DIRECTION('',(0.,0.,-1.));
#5994=DIRECTION('',(-1.22464679914735E-16,-1.,0.));
#5995=DIRECTION('center_axis',(0.,0.,1.));
#5996=DIRECTION('ref_axis',(-1.,1.22464679914735E-16,0.));
#5997=DIRECTION('center_axis',(0.,0.,1.));
#5998=DIRECTION('ref_axis',(-1.,1.22464679914735E-16,0.));
#5999=DIRECTION('',(1.22464679914735E-16,1.,0.));
#6000=DIRECTION('center_axis',(0.,0.,1.));
#6001=DIRECTION('ref_axis',(-1.,1.22464679914735E-16,0.));
#6002=DIRECTION('center_axis',(-1.,1.22464679914735E-16,0.));
#6003=DIRECTION('ref_axis',(0.,0.,-1.));
#6004=DIRECTION('',(0.,0.,1.));
#6005=DIRECTION('',(1.22464679914735E-16,1.,0.));
#6006=DIRECTION('',(0.,0.,1.));
#6007=DIRECTION('',(1.22464679914735E-16,1.,0.));
#6008=DIRECTION('',(0.,0.,-1.));
#6009=DIRECTION('',(1.22464679914735E-16,1.,0.));
#6010=DIRECTION('',(0.,0.,-1.));
#6011=DIRECTION('center_axis',(0.,0.,1.));
#6012=DIRECTION('ref_axis',(-1.,1.22464679914735E-16,0.));
#6013=DIRECTION('center_axis',(0.,0.,1.));
#6014=DIRECTION('ref_axis',(-1.,1.22464679914735E-16,0.));
#6015=DIRECTION('',(0.,0.,-1.));
#6016=DIRECTION('center_axis',(0.,0.,-1.));
#6017=DIRECTION('ref_axis',(-1.,1.22464679914735E-16,0.));
#6018=DIRECTION('center_axis',(0.,0.,-1.));
#6019=DIRECTION('ref_axis',(-1.,1.22464679914735E-16,0.));
#6020=DIRECTION('center_axis',(0.,0.,-1.));
#6021=DIRECTION('ref_axis',(-1.,1.22464679914735E-16,0.));
#6022=DIRECTION('center_axis',(0.,0.,-1.));
#6023=DIRECTION('ref_axis',(1.,-1.22464679914735E-16,0.));
#6024=DIRECTION('center_axis',(0.,0.,-1.));
#6025=DIRECTION('ref_axis',(-1.,1.22464679914735E-16,0.));
#6026=DIRECTION('center_axis',(0.,0.,-1.));
#6027=DIRECTION('ref_axis',(1.,-1.22464679914735E-16,0.));
#6028=DIRECTION('center_axis',(0.,0.,-1.));
#6029=DIRECTION('ref_axis',(-1.,1.22464679914735E-16,0.));
#6030=DIRECTION('center_axis',(0.,0.,1.));
#6031=DIRECTION('ref_axis',(-1.,1.22464679914735E-16,0.));
#6032=DIRECTION('center_axis',(0.,0.,-1.));
#6033=DIRECTION('ref_axis',(-1.,1.22464679914735E-16,0.));
#6034=DIRECTION('center_axis',(0.,0.,1.));
#6035=DIRECTION('ref_axis',(1.,0.,0.));
#6036=DIRECTION('center_axis',(0.,0.,-1.));
#6037=DIRECTION('ref_axis',(-1.,1.22464679914735E-16,0.));
#6038=DIRECTION('center_axis',(0.,0.,-1.));
#6039=DIRECTION('ref_axis',(-1.,1.22464679914735E-16,0.));
#6040=DIRECTION('center_axis',(0.,0.,-1.));
#6041=DIRECTION('ref_axis',(-1.,1.22464679914735E-16,0.));
#6042=DIRECTION('center_axis',(0.,0.,-1.));
#6043=DIRECTION('ref_axis',(1.,0.,0.));
#6044=DIRECTION('center_axis',(0.,0.,-1.));
#6045=DIRECTION('ref_axis',(-1.,1.22464679914735E-16,0.));
#6046=DIRECTION('center_axis',(0.,0.,-1.));
#6047=DIRECTION('ref_axis',(-1.,1.22464679914735E-16,0.));
#6048=DIRECTION('center_axis',(0.,0.,-1.));
#6049=DIRECTION('ref_axis',(-1.,1.22464679914735E-16,0.));
#6050=DIRECTION('center_axis',(0.,0.,1.));
#6051=DIRECTION('ref_axis',(-1.,1.22464679914735E-16,0.));
#6052=DIRECTION('center_axis',(0.,0.,1.));
#6053=DIRECTION('ref_axis',(1.,0.,0.));
#6054=DIRECTION('center_axis',(0.,0.,-1.));
#6055=DIRECTION('ref_axis',(-1.,1.22464679914735E-16,0.));
#6056=DIRECTION('center_axis',(0.,0.,-1.));
#6057=DIRECTION('ref_axis',(-1.,1.22464679914735E-16,0.));
#6058=DIRECTION('center_axis',(0.,0.,1.));
#6059=DIRECTION('ref_axis',(-1.,1.22464679914735E-16,0.));
#6060=DIRECTION('center_axis',(0.,0.,-1.));
#6061=DIRECTION('ref_axis',(-1.,1.22464679914735E-16,0.));
#6062=DIRECTION('',(0.6,-1.46957615897682E-16,0.8));
#6063=DIRECTION('center_axis',(0.,0.,-1.));
#6064=DIRECTION('ref_axis',(-1.,1.22464679914735E-16,0.));
#6065=DIRECTION('center_axis',(0.,0.,-1.));
#6066=DIRECTION('ref_axis',(-1.,1.22464679914735E-16,0.));
#6067=DIRECTION('center_axis',(0.,0.,1.));
#6068=DIRECTION('ref_axis',(-1.,1.22464679914735E-16,0.));
#6069=DIRECTION('center_axis',(0.,0.,1.));
#6070=DIRECTION('ref_axis',(-1.,1.22464679914735E-16,0.));
#6071=DIRECTION('center_axis',(0.,0.,1.));
#6072=DIRECTION('ref_axis',(-1.,1.22464679914735E-16,0.));
#6073=DIRECTION('center_axis',(0.,0.,1.));
#6074=DIRECTION('ref_axis',(-1.,1.22464679914735E-16,0.));
#6075=DIRECTION('',(0.,0.,-1.));
#6076=DIRECTION('center_axis',(0.,0.,1.));
#6077=DIRECTION('ref_axis',(-1.,1.22464679914735E-16,0.));
#6078=DIRECTION('',(1.,-1.22464679914735E-16,0.));
#6079=DIRECTION('center_axis',(0.,0.,1.));
#6080=DIRECTION('ref_axis',(-1.,1.22464679914735E-16,0.));
#6081=DIRECTION('center_axis',(0.,0.,-1.));
#6082=DIRECTION('ref_axis',(-1.,1.22464679914735E-16,0.));
#6083=DIRECTION('',(0.6,-1.46957615897682E-16,0.8));
#6084=DIRECTION('center_axis',(0.,0.,-1.));
#6085=DIRECTION('ref_axis',(-1.,1.22464679914735E-16,0.));
#6086=DIRECTION('center_axis',(0.,0.,-1.));
#6087=DIRECTION('ref_axis',(-1.,1.22464679914735E-16,0.));
#6088=DIRECTION('center_axis',(0.,0.,1.));
#6089=DIRECTION('ref_axis',(-1.,1.22464679914735E-16,0.));
#6090=DIRECTION('center_axis',(0.,0.,1.));
#6091=DIRECTION('ref_axis',(-1.,1.22464679914735E-16,0.));
#6092=DIRECTION('center_axis',(0.,0.,1.));
#6093=DIRECTION('ref_axis',(-1.,1.22464679914735E-16,0.));
#6094=DIRECTION('center_axis',(0.,0.,1.));
#6095=DIRECTION('ref_axis',(-1.,1.22464679914735E-16,0.));
#6096=DIRECTION('',(0.,0.,-1.));
#6097=DIRECTION('center_axis',(0.,0.,1.));
#6098=DIRECTION('ref_axis',(-1.,1.22464679914735E-16,0.));
#6099=DIRECTION('',(1.,-1.22464679914735E-16,0.));
#6100=DIRECTION('center_axis',(0.,0.,1.));
#6101=DIRECTION('ref_axis',(-1.,1.22464679914735E-16,0.));
#6102=DIRECTION('center_axis',(0.,0.,1.));
#6103=DIRECTION('ref_axis',(-1.,1.22464679914735E-16,0.));
#6104=DIRECTION('',(0.,0.,1.));
#6105=DIRECTION('center_axis',(0.,0.,1.));
#6106=DIRECTION('ref_axis',(-1.,1.22464679914735E-16,0.));
#6107=DIRECTION('center_axis',(0.,0.,1.));
#6108=DIRECTION('ref_axis',(-1.,1.22464679914735E-16,0.));
#6109=DIRECTION('center_axis',(0.,0.,1.));
#6110=DIRECTION('ref_axis',(-1.,1.22464679914735E-16,0.));
#6111=DIRECTION('center_axis',(0.,0.,1.));
#6112=DIRECTION('ref_axis',(-1.,1.22464679914735E-16,0.));
#6113=DIRECTION('',(0.,0.,1.));
#6114=DIRECTION('center_axis',(0.,0.,1.));
#6115=DIRECTION('ref_axis',(-1.,1.22464679914735E-16,0.));
#6116=DIRECTION('center_axis',(0.,0.,1.));
#6117=DIRECTION('ref_axis',(-1.,1.22464679914735E-16,0.));
#6118=DIRECTION('center_axis',(0.,0.,1.));
#6119=DIRECTION('ref_axis',(-1.,1.22464679914735E-16,0.));
#6120=DIRECTION('center_axis',(0.,0.,1.));
#6121=DIRECTION('ref_axis',(-1.,1.22464679914735E-16,0.));
#6122=DIRECTION('',(0.,0.,1.));
#6123=DIRECTION('center_axis',(0.,0.,-1.));
#6124=DIRECTION('ref_axis',(-1.,1.22464679914735E-16,0.));
#6125=DIRECTION('center_axis',(0.,0.,1.));
#6126=DIRECTION('ref_axis',(-1.,1.22464679914735E-16,0.));
#6127=DIRECTION('center_axis',(0.,0.,-1.));
#6128=DIRECTION('ref_axis',(-1.,1.22464679914735E-16,0.));
#6129=DIRECTION('',(0.,0.,1.));
#6130=DIRECTION('center_axis',(0.,0.,-1.));
#6131=DIRECTION('ref_axis',(-1.,1.22464679914735E-16,0.));
#6132=DIRECTION('center_axis',(0.,0.,-1.));
#6133=DIRECTION('ref_axis',(1.,-1.22464679914735E-16,0.));
#6134=DIRECTION('center_axis',(0.,0.,1.));
#6135=DIRECTION('ref_axis',(-1.,1.22464679914735E-16,0.));
#6136=DIRECTION('center_axis',(0.,0.,-1.));
#6137=DIRECTION('ref_axis',(-1.,1.22464679914735E-16,0.));
#6138=DIRECTION('',(0.,0.,1.));
#6139=DIRECTION('center_axis',(0.,0.,-1.));
#6140=DIRECTION('ref_axis',(-1.,1.22464679914735E-16,0.));
#6141=DIRECTION('center_axis',(0.,0.,-1.));
#6142=DIRECTION('ref_axis',(1.,-1.22464679914735E-16,0.));
#6143=DIRECTION('center_axis',(0.,0.,1.));
#6144=DIRECTION('ref_axis',(-1.,1.22464679914735E-16,0.));
#6145=DIRECTION('center_axis',(0.,0.,1.));
#6146=DIRECTION('ref_axis',(-1.,1.22464679914735E-16,0.));
#6147=DIRECTION('',(0.,0.,1.));
#6148=DIRECTION('center_axis',(0.,0.,-1.));
#6149=DIRECTION('ref_axis',(-1.,1.22464679914735E-16,0.));
#6150=DIRECTION('center_axis',(0.,0.,1.));
#6151=DIRECTION('ref_axis',(-1.,1.22464679914735E-16,0.));
#6152=DIRECTION('center_axis',(0.,0.,-1.));
#6153=DIRECTION('ref_axis',(-1.,1.22464679914735E-16,0.));
#6154=DIRECTION('',(0.,0.,1.));
#6155=DIRECTION('center_axis',(0.,0.,-1.));
#6156=DIRECTION('ref_axis',(-1.,1.22464679914735E-16,0.));
#6157=DIRECTION('center_axis',(0.,0.,-1.));
#6158=DIRECTION('ref_axis',(1.,-1.22464679914735E-16,0.));
#6159=DIRECTION('center_axis',(0.,0.,1.));
#6160=DIRECTION('ref_axis',(-1.,1.22464679914735E-16,0.));
#6161=DIRECTION('center_axis',(0.,0.,-1.));
#6162=DIRECTION('ref_axis',(-1.,1.22464679914735E-16,0.));
#6163=DIRECTION('',(0.,0.,1.));
#6164=DIRECTION('center_axis',(0.,0.,-1.));
#6165=DIRECTION('ref_axis',(-1.,1.22464679914735E-16,0.));
#6166=DIRECTION('center_axis',(0.,0.,-1.));
#6167=DIRECTION('ref_axis',(1.,-1.22464679914735E-16,0.));
#6168=DIRECTION('center_axis',(1.,-1.22464679914735E-16,0.));
#6169=DIRECTION('ref_axis',(0.,0.,1.));
#6170=DIRECTION('',(-1.22464679914735E-16,-1.,0.));
#6171=DIRECTION('',(0.,0.,1.));
#6172=DIRECTION('',(-1.22464679914735E-16,-1.,0.));
#6173=DIRECTION('center_axis',(0.,0.,1.));
#6174=DIRECTION('ref_axis',(-1.,1.22464679914735E-16,0.));
#6175=DIRECTION('',(1.22464679914735E-16,1.,0.));
#6176=DIRECTION('',(1.,-1.22464679914735E-16,0.));
#6177=DIRECTION('center_axis',(-1.,1.22464679914735E-16,0.));
#6178=DIRECTION('ref_axis',(0.,0.,-1.));
#6179=DIRECTION('',(1.22464679914735E-16,1.,0.));
#6180=DIRECTION('',(0.,0.,-1.));
#6181=DIRECTION('center_axis',(1.22464679914735E-16,1.,0.));
#6182=DIRECTION('ref_axis',(0.,0.,-1.));
#6183=DIRECTION('',(1.,-1.22464679914735E-16,0.));
#6184=DIRECTION('',(0.,0.,-1.));
#6185=DIRECTION('',(1.,-1.22464679914735E-16,0.));
#6186=DIRECTION('center_axis',(0.,0.,1.));
#6187=DIRECTION('ref_axis',(-1.,1.22464679914735E-16,0.));
#6188=DIRECTION('',(-1.,1.22464679914735E-16,0.));
#6189=DIRECTION('center_axis',(0.,0.,-1.));
#6190=DIRECTION('ref_axis',(-1.,1.22464679914735E-16,0.));
#6191=DIRECTION('',(1.22464679914735E-16,1.,0.));
#6192=DIRECTION('center_axis',(0.,0.,-1.));
#6193=DIRECTION('ref_axis',(-1.,1.22464679914735E-16,0.));
#6194=DIRECTION('',(1.,-1.22464679914735E-16,0.));
#6195=DIRECTION('',(-1.22464679914735E-16,-1.,0.));
#6196=DIRECTION('',(-1.,1.22464679914735E-16,0.));
#6197=DIRECTION('',(-1.22464679914735E-16,-1.,0.));
#6198=DIRECTION('center_axis',(-1.,1.22464679914735E-16,0.));
#6199=DIRECTION('ref_axis',(0.,0.,-1.));
#6200=DIRECTION('',(0.,0.,-1.));
#6201=DIRECTION('',(1.22464679914735E-16,1.,0.));
#6202=DIRECTION('',(0.,0.,1.));
#6203=DIRECTION('',(1.22464679914735E-16,1.,0.));
#6204=DIRECTION('center_axis',(0.,0.,1.));
#6205=DIRECTION('ref_axis',(-1.,1.22464679914735E-16,0.));
#6206=DIRECTION('',(1.,-1.22464679914735E-16,0.));
#6207=DIRECTION('',(-1.22464679914735E-16,-1.,0.));
#6208=DIRECTION('',(-1.,1.22464679914735E-16,0.));
#6209=DIRECTION('center_axis',(1.,-1.22464679914735E-16,0.));
#6210=DIRECTION('ref_axis',(0.,0.,1.));
#6211=DIRECTION('',(0.,0.,1.));
#6212=DIRECTION('',(0.,0.,-1.));
#6213=DIRECTION('center_axis',(-1.22464679914735E-16,-1.,0.));
#6214=DIRECTION('ref_axis',(0.,0.,1.));
#6215=DIRECTION('',(-1.,1.22464679914735E-16,0.));
#6216=DIRECTION('',(0.,0.,-1.));
#6217=DIRECTION('',(-1.,1.22464679914735E-16,0.));
#6218=DIRECTION('',(0.,0.,-1.));
#6219=DIRECTION('',(1.,-1.22464679914735E-16,0.));
#6220=DIRECTION('',(0.,0.,-1.));
#6221=DIRECTION('',(-1.,1.22464679914735E-16,0.));
#6222=DIRECTION('',(0.,0.,-1.));
#6223=DIRECTION('center_axis',(-1.,1.22464679914735E-16,0.));
#6224=DIRECTION('ref_axis',(0.,0.,-1.));
#6225=DIRECTION('',(1.22464679914735E-16,1.,0.));
#6226=DIRECTION('',(-1.22464679914735E-16,-1.,0.));
#6227=DIRECTION('',(0.,0.,1.));
#6228=DIRECTION('center_axis',(1.,-1.22464679914735E-16,0.));
#6229=DIRECTION('ref_axis',(0.,0.,1.));
#6230=DIRECTION('',(-1.22464679914735E-16,-1.,0.));
#6231=DIRECTION('',(0.,0.,-1.));
#6232=DIRECTION('',(1.22464679914735E-16,1.,0.));
#6233=DIRECTION('center_axis',(0.,0.,1.));
#6234=DIRECTION('ref_axis',(-1.,1.22464679914735E-16,0.));
#6235=DIRECTION('',(-1.22464679914735E-16,-1.,0.));
#6236=DIRECTION('',(-1.22464679914735E-16,-1.,0.));
#6237=DIRECTION('',(-1.,1.22464679914735E-16,0.));
#6238=DIRECTION('',(-1.22464679914735E-16,-1.,0.));
#6239=DIRECTION('',(1.,-1.22464679914735E-16,0.));
#6240=DIRECTION('',(1.,-1.22464679914735E-16,0.));
#6241=DIRECTION('center_axis',(0.,0.,1.));
#6242=DIRECTION('ref_axis',(-1.,1.22464679914735E-16,0.));
#6243=DIRECTION('',(1.,-1.22464679914735E-16,0.));
#6244=DIRECTION('',(1.,-1.22464679914735E-16,0.));
#6245=DIRECTION('',(1.22464679914735E-16,1.,0.));
#6246=DIRECTION('',(-1.,1.22464679914735E-16,0.));
#6247=DIRECTION('',(1.22464679914735E-16,1.,0.));
#6248=DIRECTION('',(1.22464679914735E-16,1.,0.));
#6249=DIRECTION('center_axis',(1.22464679914735E-16,1.,0.));
#6250=DIRECTION('ref_axis',(0.,0.,-1.));
#6251=DIRECTION('',(0.,0.,-1.));
#6252=DIRECTION('',(-1.,1.22464679914735E-16,0.));
#6253=DIRECTION('center_axis',(1.22464679914735E-16,1.,0.));
#6254=DIRECTION('ref_axis',(0.,0.,-1.));
#6255=DIRECTION('',(-1.,1.22464679914735E-16,0.));
#6256=DIRECTION('',(0.,0.,-1.));
#6257=DIRECTION('center_axis',(0.,0.,1.));
#6258=DIRECTION('ref_axis',(-1.,1.22464679914735E-16,0.));
#6259=DIRECTION('',(1.,-1.22464679914735E-16,0.));
#6260=DIRECTION('center_axis',(0.,0.,-1.));
#6261=DIRECTION('ref_axis',(-1.,1.22464679914735E-16,0.));
#6262=DIRECTION('',(-1.22464679914735E-16,-1.,0.));
#6263=DIRECTION('center_axis',(0.,0.,1.));
#6264=DIRECTION('ref_axis',(-1.,1.22464679914735E-16,0.));
#6265=DIRECTION('',(1.,-1.22464679914735E-16,0.));
#6266=DIRECTION('center_axis',(0.,0.,1.));
#6267=DIRECTION('ref_axis',(-1.,1.22464679914735E-16,0.));
#6268=DIRECTION('',(1.22464679914735E-16,1.,0.));
#6269=DIRECTION('center_axis',(0.,0.,-1.));
#6270=DIRECTION('ref_axis',(-1.,1.22464679914735E-16,0.));
#6271=DIRECTION('',(1.,-1.22464679914735E-16,0.));
#6272=DIRECTION('center_axis',(0.,0.,1.));
#6273=DIRECTION('ref_axis',(-1.,1.22464679914735E-16,0.));
#6274=DIRECTION('center_axis',(0.,0.,1.));
#6275=DIRECTION('ref_axis',(-1.,1.22464679914735E-16,0.));
#6276=DIRECTION('',(-1.,1.22464679914735E-16,0.));
#6277=DIRECTION('center_axis',(0.,0.,-1.));
#6278=DIRECTION('ref_axis',(-1.,1.22464679914735E-16,0.));
#6279=DIRECTION('',(1.22464679914735E-16,1.,0.));
#6280=DIRECTION('center_axis',(0.,0.,1.));
#6281=DIRECTION('ref_axis',(-1.,1.22464679914735E-16,0.));
#6282=DIRECTION('center_axis',(0.,0.,-1.));
#6283=DIRECTION('ref_axis',(-1.,1.22464679914735E-16,0.));
#6284=DIRECTION('',(1.22464679914735E-16,1.,0.));
#6285=DIRECTION('center_axis',(0.,0.,1.));
#6286=DIRECTION('ref_axis',(-1.,1.22464679914735E-16,0.));
#6287=DIRECTION('',(-1.,1.22464679914735E-16,0.));
#6288=DIRECTION('center_axis',(0.,0.,1.));
#6289=DIRECTION('ref_axis',(-1.,1.22464679914735E-16,0.));
#6290=DIRECTION('',(-1.22464679914735E-16,-1.,0.));
#6291=DIRECTION('center_axis',(0.,0.,-1.));
#6292=DIRECTION('ref_axis',(-1.,1.22464679914735E-16,0.));
#6293=DIRECTION('center_axis',(0.,0.,1.));
#6294=DIRECTION('ref_axis',(-1.,1.22464679914735E-16,0.));
#6295=DIRECTION('',(-1.22464679914735E-16,-1.,0.));
#6296=DIRECTION('center_axis',(0.,0.,-1.));
#6297=DIRECTION('ref_axis',(-1.,1.22464679914735E-16,0.));
#6298=DIRECTION('',(-1.,1.22464679914735E-16,0.));
#6299=DIRECTION('center_axis',(0.,0.,1.));
#6300=DIRECTION('ref_axis',(-1.,1.22464679914735E-16,0.));
#6301=DIRECTION('',(1.22464679914735E-16,1.,0.));
#6302=DIRECTION('',(1.,-1.22464679914735E-16,0.));
#6303=DIRECTION('',(1.22464679914735E-16,1.,0.));
#6304=DIRECTION('',(-1.22464679914735E-16,-1.,0.));
#6305=DIRECTION('',(1.,-1.22464679914735E-16,0.));
#6306=DIRECTION('',(-1.22464679914735E-16,-1.,0.));
#6307=DIRECTION('center_axis',(1.,-1.22464679914735E-16,0.));
#6308=DIRECTION('ref_axis',(0.,0.,1.));
#6309=DIRECTION('',(0.,0.,1.));
#6310=DIRECTION('center_axis',(-1.,1.22464679914735E-16,0.));
#6311=DIRECTION('ref_axis',(0.,0.,-1.));
#6312=DIRECTION('',(0.,0.,-1.));
#6313=DIRECTION('center_axis',(-1.22464679914735E-16,-1.,0.));
#6314=DIRECTION('ref_axis',(0.,0.,1.));
#6315=DIRECTION('',(0.,0.,-1.));
#6316=DIRECTION('center_axis',(-1.,1.22464679914735E-16,0.));
#6317=DIRECTION('ref_axis',(0.,0.,-1.));
#6318=DIRECTION('center_axis',(-1.22464679914735E-16,-1.,0.));
#6319=DIRECTION('ref_axis',(0.,0.,1.));
#6320=DIRECTION('',(0.,0.,-1.));
#6321=DIRECTION('center_axis',(1.,-1.22464679914735E-16,0.));
#6322=DIRECTION('ref_axis',(0.,0.,1.));
#6323=DIRECTION('center_axis',(-1.,1.22464679914735E-16,0.));
#6324=DIRECTION('ref_axis',(0.,0.,-1.));
#6325=DIRECTION('',(1.22464679914735E-16,1.,0.));
#6326=DIRECTION('center_axis',(1.,-1.22464679914735E-16,0.));
#6327=DIRECTION('ref_axis',(0.,0.,1.));
#6328=DIRECTION('center_axis',(0.,0.,-1.));
#6329=DIRECTION('ref_axis',(1.,-1.22464679914735E-16,0.));
#6330=DIRECTION('center_axis',(0.,0.,-1.));
#6331=DIRECTION('ref_axis',(-1.,1.22464679914735E-16,0.));
#6332=DIRECTION('center_axis',(0.,0.,1.));
#6333=DIRECTION('ref_axis',(-1.,1.22464679914735E-16,0.));
#6334=DIRECTION('center_axis',(0.,0.,1.));
#6335=DIRECTION('ref_axis',(-1.,1.22464679914735E-16,0.));
#6336=DIRECTION('center_axis',(0.,0.,1.));
#6337=DIRECTION('ref_axis',(-1.,1.22464679914735E-16,0.));
#6338=DIRECTION('',(1.,-1.22464679914735E-16,0.));
#6339=DIRECTION('center_axis',(0.,0.,1.));
#6340=DIRECTION('ref_axis',(-1.,1.22464679914735E-16,0.));
#6341=DIRECTION('',(1.22464679914735E-16,1.,0.));
#6342=DIRECTION('center_axis',(0.,0.,1.));
#6343=DIRECTION('ref_axis',(-1.,1.22464679914735E-16,0.));
#6344=DIRECTION('',(-1.,1.22464679914735E-16,0.));
#6345=DIRECTION('center_axis',(0.,0.,-1.));
#6346=DIRECTION('ref_axis',(1.,-1.22464679914735E-16,0.));
#6347=DIRECTION('center_axis',(0.,0.,-1.));
#6348=DIRECTION('ref_axis',(-1.,1.22464679914735E-16,0.));
#6349=DIRECTION('center_axis',(0.,0.,1.));
#6350=DIRECTION('ref_axis',(-1.,1.22464679914735E-16,0.));
#6351=DIRECTION('center_axis',(0.,0.,1.));
#6352=DIRECTION('ref_axis',(-1.,1.22464679914735E-16,0.));
#6353=DIRECTION('',(0.,0.,-1.));
#6354=DIRECTION('',(0.,0.,-1.));
#6355=DIRECTION('center_axis',(-1.22464679914735E-16,-1.,0.));
#6356=DIRECTION('ref_axis',(0.,0.,1.));
#6357=DIRECTION('',(0.,0.,-1.));
#6358=DIRECTION('',(1.,-1.22464679914735E-16,0.));
#6359=DIRECTION('',(0.,0.,-1.));
#6360=DIRECTION('',(1.,-1.22464679914735E-16,0.));
#6361=DIRECTION('center_axis',(0.,0.,1.));
#6362=DIRECTION('ref_axis',(-1.,1.22464679914735E-16,0.));
#6363=DIRECTION('',(1.22464679914735E-16,1.,0.));
#6364=DIRECTION('center_axis',(0.,0.,-1.));
#6365=DIRECTION('ref_axis',(-1.,1.22464679914735E-16,0.));
#6366=DIRECTION('',(1.,-1.22464679914735E-16,0.));
#6367=DIRECTION('center_axis',(0.,0.,-1.));
#6368=DIRECTION('ref_axis',(-1.,1.22464679914735E-16,0.));
#6369=DIRECTION('',(-1.22464679914735E-16,-1.,0.));
#6370=DIRECTION('center_axis',(0.,0.,1.));
#6371=DIRECTION('ref_axis',(-1.,1.22464679914735E-16,0.));
#6372=DIRECTION('center_axis',(1.,-1.22464679914735E-16,0.));
#6373=DIRECTION('ref_axis',(0.,0.,1.));
#6374=DIRECTION('',(0.,0.,-1.));
#6375=DIRECTION('center_axis',(0.,0.,1.));
#6376=DIRECTION('ref_axis',(-1.,1.22464679914735E-16,0.));
#6377=DIRECTION('',(0.,0.,-1.));
#6378=DIRECTION('',(0.,0.,-1.));
#6379=DIRECTION('center_axis',(-1.,1.22464679914735E-16,0.));
#6380=DIRECTION('ref_axis',(0.,0.,-1.));
#6381=DIRECTION('',(0.,0.,-1.));
#6382=DIRECTION('center_axis',(0.,0.,1.));
#6383=DIRECTION('ref_axis',(-1.,1.22464679914735E-16,0.));
#6384=DIRECTION('',(0.,0.,-1.));
#6385=DIRECTION('center_axis',(0.,0.,1.));
#6386=DIRECTION('ref_axis',(-1.,1.22464679914735E-16,0.));
#6387=DIRECTION('',(0.,0.,-1.));
#6388=DIRECTION('center_axis',(-1.22464679914735E-16,-1.,0.));
#6389=DIRECTION('ref_axis',(0.,0.,1.));
#6390=DIRECTION('center_axis',(0.,0.,1.));
#6391=DIRECTION('ref_axis',(-1.,1.22464679914735E-16,0.));
#6392=DIRECTION('',(0.,0.,-1.));
#6393=DIRECTION('',(0.,0.,-1.));
#6394=DIRECTION('center_axis',(1.22464679914735E-16,1.,0.));
#6395=DIRECTION('ref_axis',(0.,0.,-1.));
#6396=DIRECTION('',(0.,0.,-1.));
#6397=DIRECTION('center_axis',(0.,0.,1.));
#6398=DIRECTION('ref_axis',(-1.,1.22464679914735E-16,0.));
#6399=DIRECTION('',(0.,0.,-1.));
#6400=DIRECTION('',(0.,0.,-1.));
#6401=DIRECTION('center_axis',(1.,-1.22464679914735E-16,0.));
#6402=DIRECTION('ref_axis',(0.,0.,1.));
#6403=DIRECTION('',(0.,0.,-1.));
#6404=DIRECTION('',(0.,0.,-1.));
#6405=DIRECTION('center_axis',(0.,0.,1.));
#6406=DIRECTION('ref_axis',(-1.,1.22464679914735E-16,0.));
#6407=DIRECTION('center_axis',(0.,0.,1.));
#6408=DIRECTION('ref_axis',(-1.,1.22464679914735E-16,0.));
#6409=DIRECTION('',(0.,0.,-1.));
#6410=DIRECTION('',(0.,0.,-1.));
#6411=DIRECTION('center_axis',(-1.,1.22464679914735E-16,0.));
#6412=DIRECTION('ref_axis',(0.,0.,-1.));
#6413=DIRECTION('',(-1.22464679914735E-16,-1.,0.));
#6414=DIRECTION('',(0.,0.,-1.));
#6415=DIRECTION('',(-1.22464679914735E-16,-1.,0.));
#6416=DIRECTION('',(0.,0.,-1.));
#6417=DIRECTION('',(0.,0.,-1.));
#6418=DIRECTION('center_axis',(0.,0.,1.));
#6419=DIRECTION('ref_axis',(-1.,1.22464679914735E-16,0.));
#6420=DIRECTION('center_axis',(0.,0.,1.));
#6421=DIRECTION('ref_axis',(-1.,1.22464679914735E-16,0.));
#6422=DIRECTION('',(0.,0.,-1.));
#6423=DIRECTION('center_axis',(0.,0.,1.));
#6424=DIRECTION('ref_axis',(-1.,1.22464679914735E-16,0.));
#6425=DIRECTION('center_axis',(0.,0.,1.));
#6426=DIRECTION('ref_axis',(-1.,1.22464679914735E-16,0.));
#6427=DIRECTION('',(-1.,1.22464679914735E-16,0.));
#6428=DIRECTION('',(1.,-1.22464679914735E-16,0.));
#6429=DIRECTION('center_axis',(-1.22464679914735E-16,-1.,0.));
#6430=DIRECTION('ref_axis',(0.,0.,1.));
#6431=DIRECTION('',(0.,0.,-1.));
#6432=DIRECTION('center_axis',(-1.22464679914735E-16,-1.,0.));
#6433=DIRECTION('ref_axis',(0.,0.,1.));
#6434=DIRECTION('',(0.,0.,-1.));
#6435=DIRECTION('center_axis',(0.,0.,1.));
#6436=DIRECTION('ref_axis',(-1.,1.22464679914735E-16,0.));
#6437=DIRECTION('',(0.,0.,-1.));
#6438=DIRECTION('center_axis',(0.,0.,1.));
#6439=DIRECTION('ref_axis',(-1.,1.22464679914735E-16,0.));
#6440=DIRECTION('',(0.,0.,-1.));
#6441=DIRECTION('',(0.,0.,-1.));
#6442=DIRECTION('center_axis',(1.22464679914735E-16,1.,0.));
#6443=DIRECTION('ref_axis',(0.,0.,-1.));
#6444=DIRECTION('center_axis',(0.,0.,1.));
#6445=DIRECTION('ref_axis',(-1.,1.22464679914735E-16,0.));
#6446=DIRECTION('',(0.,0.,-1.));
#6447=DIRECTION('center_axis',(0.,0.,1.));
#6448=DIRECTION('ref_axis',(-1.,1.22464679914735E-16,0.));
#6449=DIRECTION('center_axis',(0.,0.,1.));
#6450=DIRECTION('ref_axis',(-1.,1.22464679914735E-16,0.));
#6451=DIRECTION('',(0.,0.,-1.));
#6452=DIRECTION('center_axis',(0.,0.,-1.));
#6453=DIRECTION('ref_axis',(-1.,1.22464679914735E-16,0.));
#6454=DIRECTION('center_axis',(0.,0.,1.));
#6455=DIRECTION('ref_axis',(-1.,1.22464679914735E-16,0.));
#6456=DIRECTION('center_axis',(0.,0.,-1.));
#6457=DIRECTION('ref_axis',(-1.,1.22464679914735E-16,0.));
#6458=DIRECTION('',(-1.,1.22464679914735E-16,0.));
#6459=DIRECTION('center_axis',(0.,0.,1.));
#6460=DIRECTION('ref_axis',(-1.,1.22464679914735E-16,0.));
#6461=DIRECTION('center_axis',(1.22464679914735E-16,1.,0.));
#6462=DIRECTION('ref_axis',(0.,0.,-1.));
#6463=DIRECTION('',(0.,0.,1.));
#6464=DIRECTION('',(1.,0.,0.));
#6465=DIRECTION('',(0.,0.,1.));
#6466=DIRECTION('',(1.,0.,0.));
#6467=DIRECTION('',(0.,0.,1.));
#6468=DIRECTION('',(1.,0.,0.));
#6469=DIRECTION('',(0.,0.,1.));
#6470=DIRECTION('',(1.,0.,0.));
#6471=DIRECTION('',(0.,0.,1.));
#6472=DIRECTION('',(1.,0.,0.));
#6473=CARTESIAN_POINT('',(0.,0.,0.));
#6474=CARTESIAN_POINT('',(0.,0.,0.));
#6475=CARTESIAN_POINT('',(0.,0.,0.));
#6476=CARTESIAN_POINT('Origin',(24.5,0.,1.5));
#6477=CARTESIAN_POINT('',(23.3,-1.46957615897682E-16,0.));
#6478=CARTESIAN_POINT('Origin',(24.5,0.,0.));
#6479=CARTESIAN_POINT('',(23.3,1.46957615897682E-16,3.));
#6480=CARTESIAN_POINT('',(23.3,-1.46957615897682E-16,1.5));
#6481=CARTESIAN_POINT('Origin',(24.5,0.,3.));
#6482=CARTESIAN_POINT('Origin',(-24.5,0.,1.5));
#6483=CARTESIAN_POINT('',(-25.7,-1.46957615897682E-16,0.));
#6484=CARTESIAN_POINT('Origin',(-24.5,0.,0.));
#6485=CARTESIAN_POINT('',(-25.7,1.46957615897682E-16,3.));
#6486=CARTESIAN_POINT('',(-25.7,-1.46957615897682E-16,1.5));
#6487=CARTESIAN_POINT('Origin',(-24.5,0.,3.));
#6488=CARTESIAN_POINT('Origin',(0.,7.65,1.5));
#6489=CARTESIAN_POINT('',(-17.6,7.65,3.));
#6490=CARTESIAN_POINT('',(17.6,7.65,3.));
#6491=CARTESIAN_POINT('',(0.,7.65,3.));
#6492=CARTESIAN_POINT('',(-17.6,7.65,0.));
#6493=CARTESIAN_POINT('',(-17.6,7.65,1.5));
#6494=CARTESIAN_POINT('',(17.6,7.65,0.));
#6495=CARTESIAN_POINT('',(0.,7.65,0.));
#6496=CARTESIAN_POINT('',(17.6,7.65,1.5));
#6497=CARTESIAN_POINT('Origin',(17.6,0.,1.5));
#6498=CARTESIAN_POINT('',(17.6,-7.65,3.));
#6499=CARTESIAN_POINT('',(17.6,0.,3.));
#6500=CARTESIAN_POINT('',(17.6,-7.65,0.));
#6501=CARTESIAN_POINT('',(17.6,0.,0.));
#6502=CARTESIAN_POINT('',(17.6,-7.65,1.5));
#6503=CARTESIAN_POINT('Origin',(0.,-7.65,1.5));
#6504=CARTESIAN_POINT('',(-17.6,-7.65,3.));
#6505=CARTESIAN_POINT('',(0.,-7.65,3.));
#6506=CARTESIAN_POINT('',(-17.6,-7.65,0.));
#6507=CARTESIAN_POINT('',(0.,-7.65,0.));
#6508=CARTESIAN_POINT('',(-17.6,-7.65,1.5));
#6509=CARTESIAN_POINT('Origin',(-17.6,0.,1.5));
#6510=CARTESIAN_POINT('',(-17.6,0.,3.));
#6511=CARTESIAN_POINT('',(-17.6,0.,0.));
#6512=CARTESIAN_POINT('Origin',(0.,0.,3.));
#6513=CARTESIAN_POINT('',(45.,-22.,3.));
#6514=CARTESIAN_POINT('',(45.,22.,3.));
#6515=CARTESIAN_POINT('',(45.,0.,3.));
#6516=CARTESIAN_POINT('',(-45.,22.,3.));
#6517=CARTESIAN_POINT('',(0.,22.,3.));
#6518=CARTESIAN_POINT('',(-45.,-22.,3.));
#6519=CARTESIAN_POINT('',(-45.,0.,3.));
#6520=CARTESIAN_POINT('',(0.,-22.,3.));
#6521=CARTESIAN_POINT('Origin',(0.,0.,0.));
#6522=CARTESIAN_POINT('',(45.,22.,0.));
#6523=CARTESIAN_POINT('',(45.,-22.,0.));
#6524=CARTESIAN_POINT('',(45.,0.,0.));
#6525=CARTESIAN_POINT('',(-45.,-22.,0.));
#6526=CARTESIAN_POINT('',(0.,-22.,0.));
#6527=CARTESIAN_POINT('',(-45.,22.,0.));
#6528=CARTESIAN_POINT('',(-45.,0.,0.));
#6529=CARTESIAN_POINT('',(0.,22.,0.));
#6530=CARTESIAN_POINT('Origin',(0.,-22.,1.5));
#6531=CARTESIAN_POINT('',(-45.,-22.,1.5));
#6532=CARTESIAN_POINT('',(45.,-22.,1.5));
#6533=CARTESIAN_POINT('Origin',(-45.,0.,1.5));
#6534=CARTESIAN_POINT('',(-45.,22.,1.5));
#6535=CARTESIAN_POINT('Origin',(0.,22.,1.5));
#6536=CARTESIAN_POINT('',(45.,22.,1.5));
#6537=CARTESIAN_POINT('Origin',(45.,0.,1.5));
#6538=CARTESIAN_POINT('',(0.,0.,0.));
#6539=CARTESIAN_POINT('Origin',(18.,8.15,3.8));
#6540=CARTESIAN_POINT('',(19.6,8.15,4.2));
#6541=CARTESIAN_POINT('',(20.,8.15,3.8));
#6542=CARTESIAN_POINT('Origin',(19.6,8.15,3.8));
#6543=CARTESIAN_POINT('',(18.,10.15,3.8));
#6544=CARTESIAN_POINT('Origin',(18.,8.15,3.8));
#6545=CARTESIAN_POINT('',(18.,9.75,4.2));
#6546=CARTESIAN_POINT('Origin',(18.,9.75,3.8));
#6547=CARTESIAN_POINT('Origin',(18.,8.15,4.2));
#6548=CARTESIAN_POINT('Origin',(0.,9.75,3.8));
#6549=CARTESIAN_POINT('',(-18.,10.15,3.8));
#6550=CARTESIAN_POINT('',(-18.,9.75,4.2));
#6551=CARTESIAN_POINT('Origin',(-18.,9.75,3.8));
#6552=CARTESIAN_POINT('',(0.,9.75,4.2));
#6553=CARTESIAN_POINT('',(0.,10.15,3.8));
#6554=CARTESIAN_POINT('Origin',(-18.,8.15,3.8));
#6555=CARTESIAN_POINT('',(-20.,8.15,3.8));
#6556=CARTESIAN_POINT('',(-19.6,8.15,4.2));
#6557=CARTESIAN_POINT('Origin',(-19.6,8.15,3.8));
#6558=CARTESIAN_POINT('Origin',(-18.,8.15,4.2));
#6559=CARTESIAN_POINT('Origin',(-18.,8.15,3.8));
#6560=CARTESIAN_POINT('Origin',(-19.6,0.,3.8));
#6561=CARTESIAN_POINT('',(-20.,-8.15,3.8));
#6562=CARTESIAN_POINT('',(-19.6,-8.15,4.2));
#6563=CARTESIAN_POINT('Origin',(-19.6,-8.15,3.8));
#6564=CARTESIAN_POINT('',(-19.6,0.,4.2));
#6565=CARTESIAN_POINT('',(-20.,0.,3.8));
#6566=CARTESIAN_POINT('Origin',(-18.,-8.15,3.8));
#6567=CARTESIAN_POINT('',(-18.,-10.15,3.8));
#6568=CARTESIAN_POINT('',(-18.,-9.75,4.2));
#6569=CARTESIAN_POINT('Origin',(-18.,-9.75,3.8));
#6570=CARTESIAN_POINT('Origin',(-18.,-8.15,4.2));
#6571=CARTESIAN_POINT('Origin',(-18.,-8.15,3.8));
#6572=CARTESIAN_POINT('Origin',(0.,-9.75,3.8));
#6573=CARTESIAN_POINT('',(18.,-10.15,3.8));
#6574=CARTESIAN_POINT('',(18.,-9.75,4.2));
#6575=CARTESIAN_POINT('Origin',(18.,-9.75,3.8));
#6576=CARTESIAN_POINT('',(0.,-9.75,4.2));
#6577=CARTESIAN_POINT('',(0.,-10.15,3.8));
#6578=CARTESIAN_POINT('Origin',(18.,-8.15,3.8));
#6579=CARTESIAN_POINT('',(20.,-8.15,3.8));
#6580=CARTESIAN_POINT('',(19.6,-8.15,4.2));
#6581=CARTESIAN_POINT('Origin',(19.6,-8.15,3.8));
#6582=CARTESIAN_POINT('Origin',(18.,-8.15,4.2));
#6583=CARTESIAN_POINT('Origin',(18.,-8.15,3.8));
#6584=CARTESIAN_POINT('Origin',(19.6,0.,3.8));
#6585=CARTESIAN_POINT('',(19.6,0.,4.2));
#6586=CARTESIAN_POINT('',(20.,0.,3.8));
#6587=CARTESIAN_POINT('Origin',(-20.,0.,3.6));
#6588=CARTESIAN_POINT('',(-20.,8.15,3.));
#6589=CARTESIAN_POINT('',(-20.,8.15,3.6));
#6590=CARTESIAN_POINT('',(-20.,-8.15,3.));
#6591=CARTESIAN_POINT('',(-20.,0.,3.));
#6592=CARTESIAN_POINT('',(-20.,-8.15,3.6));
#6593=CARTESIAN_POINT('Origin',(-18.,8.15,3.6));
#6594=CARTESIAN_POINT('',(-18.,10.15,3.));
#6595=CARTESIAN_POINT('',(-18.,10.15,3.6));
#6596=CARTESIAN_POINT('Origin',(-18.,8.15,3.));
#6597=CARTESIAN_POINT('Origin',(0.,10.15,3.6));
#6598=CARTESIAN_POINT('',(18.,10.15,3.));
#6599=CARTESIAN_POINT('',(18.,10.15,3.6));
#6600=CARTESIAN_POINT('',(0.,10.15,3.));
#6601=CARTESIAN_POINT('Origin',(18.,8.15,3.6));
#6602=CARTESIAN_POINT('',(20.,8.15,3.));
#6603=CARTESIAN_POINT('',(20.,8.15,3.6));
#6604=CARTESIAN_POINT('Origin',(18.,8.15,3.));
#6605=CARTESIAN_POINT('Origin',(0.,0.,4.2));
#6606=CARTESIAN_POINT('',(15.6,6.65,4.2));
#6607=CARTESIAN_POINT('',(14.4,7.85,4.2));
#6608=CARTESIAN_POINT('Origin',(14.4,6.65,4.2));
#6609=CARTESIAN_POINT('',(15.6,-6.65,4.2));
#6610=CARTESIAN_POINT('',(15.6,0.,4.2));
#6611=CARTESIAN_POINT('',(14.4,-7.85,4.2));
#6612=CARTESIAN_POINT('Origin',(14.4,-6.65,4.2));
#6613=CARTESIAN_POINT('',(-14.4,-7.85,4.2));
#6614=CARTESIAN_POINT('',(0.,-7.85,4.2));
#6615=CARTESIAN_POINT('',(-15.6,-6.65,4.2));
#6616=CARTESIAN_POINT('Origin',(-14.4,-6.65,4.2));
#6617=CARTESIAN_POINT('',(-15.6,6.65,4.2));
#6618=CARTESIAN_POINT('',(-15.6,0.,4.2));
#6619=CARTESIAN_POINT('',(-14.4,7.85,4.2));
#6620=CARTESIAN_POINT('Origin',(-14.4,6.65,4.2));
#6621=CARTESIAN_POINT('',(0.,7.85,4.2));
#6622=CARTESIAN_POINT('Origin',(14.4,6.65,3.8));
#6623=CARTESIAN_POINT('',(14.4,7.45,3.8));
#6624=CARTESIAN_POINT('Origin',(14.4,7.85,3.8));
#6625=CARTESIAN_POINT('',(15.2,6.65,3.8));
#6626=CARTESIAN_POINT('Origin',(14.4,6.65,3.8));
#6627=CARTESIAN_POINT('Origin',(15.6,6.65,3.8));
#6628=CARTESIAN_POINT('Origin',(15.6,0.,3.8));
#6629=CARTESIAN_POINT('',(15.2,-6.65,3.8));
#6630=CARTESIAN_POINT('Origin',(15.6,-6.65,3.8));
#6631=CARTESIAN_POINT('',(15.2,0.,3.8));
#6632=CARTESIAN_POINT('Origin',(14.4,-6.65,3.8));
#6633=CARTESIAN_POINT('',(14.4,-7.45,3.8));
#6634=CARTESIAN_POINT('Origin',(14.4,-7.85,3.8));
#6635=CARTESIAN_POINT('Origin',(14.4,-6.65,3.8));
#6636=CARTESIAN_POINT('Origin',(0.,-7.85,3.8));
#6637=CARTESIAN_POINT('',(-14.4,-7.45,3.8));
#6638=CARTESIAN_POINT('Origin',(-14.4,-7.85,3.8));
#6639=CARTESIAN_POINT('',(0.,-7.45,3.8));
#6640=CARTESIAN_POINT('Origin',(-14.4,-6.65,3.8));
#6641=CARTESIAN_POINT('',(-15.2,-6.65,3.8));
#6642=CARTESIAN_POINT('Origin',(-15.6,-6.65,3.8));
#6643=CARTESIAN_POINT('Origin',(-14.4,-6.65,3.8));
#6644=CARTESIAN_POINT('Origin',(-15.6,0.,3.8));
#6645=CARTESIAN_POINT('',(-15.2,6.65,3.8));
#6646=CARTESIAN_POINT('Origin',(-15.6,6.65,3.8));
#6647=CARTESIAN_POINT('',(-15.2,0.,3.8));
#6648=CARTESIAN_POINT('Origin',(-14.4,6.65,3.8));
#6649=CARTESIAN_POINT('',(-14.4,7.45,3.8));
#6650=CARTESIAN_POINT('Origin',(-14.4,7.85,3.8));
#6651=CARTESIAN_POINT('Origin',(-14.4,6.65,3.8));
#6652=CARTESIAN_POINT('Origin',(0.,7.85,3.8));
#6653=CARTESIAN_POINT('',(0.,7.45,3.8));
#6654=CARTESIAN_POINT('Origin',(0.,-7.45,2.1));
#6655=CARTESIAN_POINT('',(14.4,-7.45,3.));
#6656=CARTESIAN_POINT('',(14.4,-7.45,2.1));
#6657=CARTESIAN_POINT('',(-14.4,-7.45,3.));
#6658=CARTESIAN_POINT('',(0.,-7.45,3.));
#6659=CARTESIAN_POINT('',(-14.4,-7.45,2.1));
#6660=CARTESIAN_POINT('Origin',(14.4,-6.65,2.1));
#6661=CARTESIAN_POINT('',(15.2,-6.65,3.));
#6662=CARTESIAN_POINT('',(15.2,-6.65,2.1));
#6663=CARTESIAN_POINT('Origin',(14.4,-6.65,3.));
#6664=CARTESIAN_POINT('Origin',(15.2,0.,2.1));
#6665=CARTESIAN_POINT('',(15.2,6.65,3.));
#6666=CARTESIAN_POINT('',(15.2,6.65,2.1));
#6667=CARTESIAN_POINT('',(15.2,0.,3.));
#6668=CARTESIAN_POINT('Origin',(14.4,6.65,2.1));
#6669=CARTESIAN_POINT('',(14.4,7.45,3.));
#6670=CARTESIAN_POINT('',(14.4,7.45,2.1));
#6671=CARTESIAN_POINT('Origin',(14.4,6.65,3.));
#6672=CARTESIAN_POINT('Origin',(0.,9.85,3.1495));
#6673=CARTESIAN_POINT('',(12.,9.85,3.));
#6674=CARTESIAN_POINT('',(-12.,9.85,3.));
#6675=CARTESIAN_POINT('',(0.,9.85,3.));
#6676=CARTESIAN_POINT('',(12.,9.85,3.3));
#6677=CARTESIAN_POINT('',(12.,9.85,3.1495));
#6678=CARTESIAN_POINT('',(-12.,9.85,3.3));
#6679=CARTESIAN_POINT('',(0.,9.85,3.3));
#6680=CARTESIAN_POINT('',(-12.,9.85,3.1495));
#6681=CARTESIAN_POINT('Origin',(-12.,8.85,3.1495));
#6682=CARTESIAN_POINT('',(-12.,7.85,3.));
#6683=CARTESIAN_POINT('',(-12.,4.425,3.));
#6684=CARTESIAN_POINT('',(-12.,7.85,3.3));
#6685=CARTESIAN_POINT('',(-12.,8.85,3.3));
#6686=CARTESIAN_POINT('',(-12.,7.85,3.1495));
#6687=CARTESIAN_POINT('Origin',(0.,8.85,3.3));
#6688=CARTESIAN_POINT('',(12.,7.85,3.3));
#6689=CARTESIAN_POINT('',(12.,8.85,3.3));
#6690=CARTESIAN_POINT('',(0.,7.85,3.3));
#6691=CARTESIAN_POINT('Origin',(0.,7.85,3.1495));
#6692=CARTESIAN_POINT('',(12.,7.85,3.));
#6693=CARTESIAN_POINT('',(0.,7.85,3.));
#6694=CARTESIAN_POINT('',(12.,7.85,3.1495));
#6695=CARTESIAN_POINT('Origin',(12.,8.85,3.1495));
#6696=CARTESIAN_POINT('',(12.,4.425,3.));
#6697=CARTESIAN_POINT('Origin',(0.,-7.85,3.1495));
#6698=CARTESIAN_POINT('',(12.,-7.85,3.));
#6699=CARTESIAN_POINT('',(-12.,-7.85,3.));
#6700=CARTESIAN_POINT('',(0.,-7.85,3.));
#6701=CARTESIAN_POINT('',(12.,-7.85,3.3));
#6702=CARTESIAN_POINT('',(12.,-7.85,3.1495));
#6703=CARTESIAN_POINT('',(-12.,-7.85,3.3));
#6704=CARTESIAN_POINT('',(0.,-7.85,3.3));
#6705=CARTESIAN_POINT('',(-12.,-7.85,3.1495));
#6706=CARTESIAN_POINT('Origin',(-12.,-8.85,3.1495));
#6707=CARTESIAN_POINT('',(-12.,-9.85,3.));
#6708=CARTESIAN_POINT('',(-12.,-4.425,3.));
#6709=CARTESIAN_POINT('',(-12.,-9.85,3.3));
#6710=CARTESIAN_POINT('',(-12.,-8.85,3.3));
#6711=CARTESIAN_POINT('',(-12.,-9.85,3.1495));
#6712=CARTESIAN_POINT('Origin',(0.,-8.85,3.3));
#6713=CARTESIAN_POINT('',(12.,-9.85,3.3));
#6714=CARTESIAN_POINT('',(12.,-8.85,3.3));
#6715=CARTESIAN_POINT('',(0.,-9.85,3.3));
#6716=CARTESIAN_POINT('Origin',(0.,-9.85,3.1495));
#6717=CARTESIAN_POINT('',(12.,-9.85,3.));
#6718=CARTESIAN_POINT('',(0.,-9.85,3.));
#6719=CARTESIAN_POINT('',(12.,-9.85,3.1495));
#6720=CARTESIAN_POINT('Origin',(12.,-8.85,3.1495));
#6721=CARTESIAN_POINT('',(12.,-4.425,3.));
#6722=CARTESIAN_POINT('Origin',(16.85,3.4,1.6));
#6723=CARTESIAN_POINT('',(17.45,3.4,3.));
#6724=CARTESIAN_POINT('',(17.45,3.4,0.2));
#6725=CARTESIAN_POINT('',(17.45,3.4,1.6));
#6726=CARTESIAN_POINT('',(16.85,4.,0.2));
#6727=CARTESIAN_POINT('Origin',(16.85,3.4,0.2));
#6728=CARTESIAN_POINT('',(16.85,4.,3.));
#6729=CARTESIAN_POINT('',(16.85,4.,1.6));
#6730=CARTESIAN_POINT('Origin',(16.85,3.4,3.));
#6731=CARTESIAN_POINT('Origin',(16.85,-3.4,1.6));
#6732=CARTESIAN_POINT('',(16.85,-4.,3.));
#6733=CARTESIAN_POINT('',(16.85,-4.,0.2));
#6734=CARTESIAN_POINT('',(16.85,-4.,1.6));
#6735=CARTESIAN_POINT('',(17.45,-3.4,0.2));
#6736=CARTESIAN_POINT('Origin',(16.85,-3.4,0.2));
#6737=CARTESIAN_POINT('',(17.45,-3.4,3.));
#6738=CARTESIAN_POINT('',(17.45,-3.4,1.6));
#6739=CARTESIAN_POINT('Origin',(16.85,-3.4,3.));
#6740=CARTESIAN_POINT('Origin',(15.9,3.4,1.6));
#6741=CARTESIAN_POINT('',(15.3,3.4,3.));
#6742=CARTESIAN_POINT('',(15.3,3.4,0.2));
#6743=CARTESIAN_POINT('',(15.3,3.4,1.6));
#6744=CARTESIAN_POINT('',(15.9,4.,3.));
#6745=CARTESIAN_POINT('Origin',(15.9,3.4,3.));
#6746=CARTESIAN_POINT('',(15.9,4.,0.2));
#6747=CARTESIAN_POINT('',(15.9,4.,1.6));
#6748=CARTESIAN_POINT('Origin',(15.9,3.4,0.2));
#6749=CARTESIAN_POINT('Origin',(16.375,0.,0.2));
#6750=CARTESIAN_POINT('',(17.45,0.,0.2));
#6751=CARTESIAN_POINT('',(15.9,-4.,0.2));
#6752=CARTESIAN_POINT('',(16.375,-4.,0.2));
#6753=CARTESIAN_POINT('',(15.3,-3.4,0.2));
#6754=CARTESIAN_POINT('Origin',(15.9,-3.4,0.2));
#6755=CARTESIAN_POINT('',(15.3,0.,0.2));
#6756=CARTESIAN_POINT('',(16.375,4.,0.2));
#6757=CARTESIAN_POINT('Origin',(15.9,-3.4,1.6));
#6758=CARTESIAN_POINT('',(15.9,-4.,3.));
#6759=CARTESIAN_POINT('',(15.9,-4.,1.6));
#6760=CARTESIAN_POINT('',(15.3,-3.4,3.));
#6761=CARTESIAN_POINT('Origin',(15.9,-3.4,3.));
#6762=CARTESIAN_POINT('',(15.3,-3.4,1.6));
#6763=CARTESIAN_POINT('Origin',(15.3,0.,1.6));
#6764=CARTESIAN_POINT('',(15.3,0.,3.));
#6765=CARTESIAN_POINT('Origin',(17.45,0.,1.6));
#6766=CARTESIAN_POINT('',(17.45,0.,3.));
#6767=CARTESIAN_POINT('Origin',(16.375,-4.,1.6));
#6768=CARTESIAN_POINT('',(8.1875,-4.,3.));
#6769=CARTESIAN_POINT('Origin',(16.375,4.,1.6));
#6770=CARTESIAN_POINT('',(8.1875,4.,3.));
#6771=CARTESIAN_POINT('Origin',(-15.9,3.4,1.6));
#6772=CARTESIAN_POINT('',(-15.3,3.4,3.));
#6773=CARTESIAN_POINT('',(-15.3,3.4,0.2));
#6774=CARTESIAN_POINT('',(-15.3,3.4,1.6));
#6775=CARTESIAN_POINT('',(-15.9,4.,0.2));
#6776=CARTESIAN_POINT('Origin',(-15.9,3.4,0.2));
#6777=CARTESIAN_POINT('',(-15.9,4.,3.));
#6778=CARTESIAN_POINT('',(-15.9,4.,1.6));
#6779=CARTESIAN_POINT('Origin',(-15.9,3.4,3.));
#6780=CARTESIAN_POINT('Origin',(-15.9,-3.4,1.6));
#6781=CARTESIAN_POINT('',(-15.9,-4.,3.));
#6782=CARTESIAN_POINT('',(-15.9,-4.,0.2));
#6783=CARTESIAN_POINT('',(-15.9,-4.,1.6));
#6784=CARTESIAN_POINT('',(-15.3,-3.4,0.2));
#6785=CARTESIAN_POINT('Origin',(-15.9,-3.4,0.2));
#6786=CARTESIAN_POINT('',(-15.3,-3.4,3.));
#6787=CARTESIAN_POINT('',(-15.3,-3.4,1.6));
#6788=CARTESIAN_POINT('Origin',(-15.9,-3.4,3.));
#6789=CARTESIAN_POINT('Origin',(-16.85,3.4,1.6));
#6790=CARTESIAN_POINT('',(-17.45,3.4,3.));
#6791=CARTESIAN_POINT('',(-17.45,3.4,0.2));
#6792=CARTESIAN_POINT('',(-17.45,3.4,1.6));
#6793=CARTESIAN_POINT('',(-16.85,4.,3.));
#6794=CARTESIAN_POINT('Origin',(-16.85,3.4,3.));
#6795=CARTESIAN_POINT('',(-16.85,4.,0.2));
#6796=CARTESIAN_POINT('',(-16.85,4.,1.6));
#6797=CARTESIAN_POINT('Origin',(-16.85,3.4,0.2));
#6798=CARTESIAN_POINT('Origin',(-16.375,0.,0.2));
#6799=CARTESIAN_POINT('',(-15.3,0.,0.2));
#6800=CARTESIAN_POINT('',(-16.85,-4.,0.2));
#6801=CARTESIAN_POINT('',(-16.375,-4.,0.2));
#6802=CARTESIAN_POINT('',(-17.45,-3.4,0.2));
#6803=CARTESIAN_POINT('Origin',(-16.85,-3.4,0.2));
#6804=CARTESIAN_POINT('',(-17.45,0.,0.2));
#6805=CARTESIAN_POINT('',(-16.375,4.,0.2));
#6806=CARTESIAN_POINT('Origin',(-16.85,-3.4,1.6));
#6807=CARTESIAN_POINT('',(-16.85,-4.,3.));
#6808=CARTESIAN_POINT('',(-16.85,-4.,1.6));
#6809=CARTESIAN_POINT('',(-17.45,-3.4,3.));
#6810=CARTESIAN_POINT('Origin',(-16.85,-3.4,3.));
#6811=CARTESIAN_POINT('',(-17.45,-3.4,1.6));
#6812=CARTESIAN_POINT('Origin',(-17.45,0.,1.6));
#6813=CARTESIAN_POINT('',(-17.45,0.,3.));
#6814=CARTESIAN_POINT('Origin',(-15.3,0.,1.6));
#6815=CARTESIAN_POINT('',(-15.3,0.,3.));
#6816=CARTESIAN_POINT('Origin',(-16.375,-4.,1.6));
#6817=CARTESIAN_POINT('',(-8.1875,-4.,3.));
#6818=CARTESIAN_POINT('Origin',(-16.375,4.,1.6));
#6819=CARTESIAN_POINT('',(-8.1875,4.,3.));
#6820=CARTESIAN_POINT('Origin',(-14.4,6.65,2.1));
#6821=CARTESIAN_POINT('',(-15.2,6.65,3.));
#6822=CARTESIAN_POINT('',(-15.2,6.65,2.1));
#6823=CARTESIAN_POINT('',(-14.4,7.45,3.));
#6824=CARTESIAN_POINT('Origin',(-14.4,6.65,3.));
#6825=CARTESIAN_POINT('',(-14.4,7.45,2.1));
#6826=CARTESIAN_POINT('Origin',(-14.4,-6.65,2.1));
#6827=CARTESIAN_POINT('',(-15.2,-6.65,3.));
#6828=CARTESIAN_POINT('Origin',(-14.4,-6.65,3.));
#6829=CARTESIAN_POINT('',(-15.2,-6.65,2.1));
#6830=CARTESIAN_POINT('Origin',(-15.2,0.,2.1));
#6831=CARTESIAN_POINT('',(-15.2,0.,3.));
#6832=CARTESIAN_POINT('Origin',(0.,7.45,2.1));
#6833=CARTESIAN_POINT('',(0.,7.45,3.));
#6834=CARTESIAN_POINT('Origin',(18.,-8.15,3.6));
#6835=CARTESIAN_POINT('',(18.,-10.15,3.));
#6836=CARTESIAN_POINT('',(18.,-10.15,3.6));
#6837=CARTESIAN_POINT('',(20.,-8.15,3.));
#6838=CARTESIAN_POINT('Origin',(18.,-8.15,3.));
#6839=CARTESIAN_POINT('',(20.,-8.15,3.6));
#6840=CARTESIAN_POINT('Origin',(0.,0.,3.));
#6841=CARTESIAN_POINT('',(20.,0.,3.));
#6842=CARTESIAN_POINT('',(-18.,-10.15,3.));
#6843=CARTESIAN_POINT('',(0.,-10.15,3.));
#6844=CARTESIAN_POINT('Origin',(-18.,-8.15,3.));
#6845=CARTESIAN_POINT('Origin',(-18.,-8.15,3.6));
#6846=CARTESIAN_POINT('',(-18.,-10.15,3.6));
#6847=CARTESIAN_POINT('Origin',(20.,0.,3.6));
#6848=CARTESIAN_POINT('Origin',(0.,-10.15,3.6));
#6849=CARTESIAN_POINT('',(0.,0.,0.));
#6850=CARTESIAN_POINT('Origin',(-15.,18.25,-3.1));
#6851=CARTESIAN_POINT('',(-13.5,18.25,-3.9));
#6852=CARTESIAN_POINT('Origin',(-15.,18.25,-3.9));
#6853=CARTESIAN_POINT('',(-13.5,18.25,-2.3));
#6854=CARTESIAN_POINT('',(-13.5,18.25,-3.1));
#6855=CARTESIAN_POINT('Origin',(-15.,18.25,-2.3));
#6856=CARTESIAN_POINT('Origin',(-15.,-10.25,-3.1));
#6857=CARTESIAN_POINT('',(-13.5,-10.25,-3.9));
#6858=CARTESIAN_POINT('Origin',(-15.,-10.25,-3.9));
#6859=CARTESIAN_POINT('',(-13.5,-10.25,-2.3));
#6860=CARTESIAN_POINT('',(-13.5,-10.25,-3.1));
#6861=CARTESIAN_POINT('Origin',(-15.,-10.25,-2.3));
#6862=CARTESIAN_POINT('Origin',(15.,18.25,-3.1));
#6863=CARTESIAN_POINT('',(16.5,18.25,-3.9));
#6864=CARTESIAN_POINT('Origin',(15.,18.25,-3.9));
#6865=CARTESIAN_POINT('',(16.5,18.25,-2.3));
#6866=CARTESIAN_POINT('',(16.5,18.25,-3.1));
#6867=CARTESIAN_POINT('Origin',(15.,18.25,-2.3));
#6868=CARTESIAN_POINT('Origin',(15.,-10.25,-3.1));
#6869=CARTESIAN_POINT('',(16.5,-10.25,-3.9));
#6870=CARTESIAN_POINT('Origin',(15.,-10.25,-3.9));
#6871=CARTESIAN_POINT('',(16.5,-10.25,-2.3));
#6872=CARTESIAN_POINT('',(16.5,-10.25,-3.1));
#6873=CARTESIAN_POINT('Origin',(15.,-10.25,-2.3));
#6874=CARTESIAN_POINT('Origin',(4.89858719658941E-16,4.,-2.3));
#6875=CARTESIAN_POINT('',(-17.7,20.75,-2.3));
#6876=CARTESIAN_POINT('',(-17.7,-12.75,-2.3));
#6877=CARTESIAN_POINT('',(-17.7,4.,-2.3));
#6878=CARTESIAN_POINT('',(17.7,-12.75,-2.3));
#6879=CARTESIAN_POINT('',(-1.56142466891288E-15,-12.75,-2.3));
#6880=CARTESIAN_POINT('',(17.7,20.75,-2.3));
#6881=CARTESIAN_POINT('',(17.7,4.,-2.3));
#6882=CARTESIAN_POINT('',(2.54114210823076E-15,20.75,-2.3));
#6883=CARTESIAN_POINT('Origin',(4.89858719658941E-16,4.,-3.9));
#6884=CARTESIAN_POINT('',(-17.7,-12.75,-3.9));
#6885=CARTESIAN_POINT('',(-17.7,20.75,-3.9));
#6886=CARTESIAN_POINT('',(-17.7,4.,-3.9));
#6887=CARTESIAN_POINT('',(17.7,20.75,-3.9));
#6888=CARTESIAN_POINT('',(2.54114210823076E-15,20.75,-3.9));
#6889=CARTESIAN_POINT('',(17.7,-12.75,-3.9));
#6890=CARTESIAN_POINT('',(17.7,4.,-3.9));
#6891=CARTESIAN_POINT('',(-1.56142466891288E-15,-12.75,-3.9));
#6892=CARTESIAN_POINT('Origin',(2.54114210823076E-15,20.75,-3.1));
#6893=CARTESIAN_POINT('',(17.7,20.75,-3.1));
#6894=CARTESIAN_POINT('',(-17.7,20.75,-3.1));
#6895=CARTESIAN_POINT('Origin',(17.7,4.,-3.1));
#6896=CARTESIAN_POINT('',(17.7,-12.75,-3.1));
#6897=CARTESIAN_POINT('Origin',(-1.56142466891288E-15,-12.75,-3.1));
#6898=CARTESIAN_POINT('',(-17.7,-12.75,-3.1));
#6899=CARTESIAN_POINT('Origin',(-17.7,4.,-3.1));
#6900=CARTESIAN_POINT('Origin',(3.00038465791101E-16,2.45,-0.3));
#6901=CARTESIAN_POINT('',(-17.25,13.95,-0.3));
#6902=CARTESIAN_POINT('',(-17.25,-9.05,-0.3));
#6903=CARTESIAN_POINT('',(-17.25,2.45,-0.3));
#6904=CARTESIAN_POINT('',(17.25,-9.05,-0.3));
#6905=CARTESIAN_POINT('',(-1.10830535322835E-15,-9.05,-0.3));
#6906=CARTESIAN_POINT('',(17.25,13.95,-0.3));
#6907=CARTESIAN_POINT('',(17.25,2.45,-0.3));
#6908=CARTESIAN_POINT('',(1.70838228481056E-15,13.95,-0.3));
#6909=CARTESIAN_POINT('Origin',(3.00038465791101E-16,2.45,-1.7));
#6910=CARTESIAN_POINT('',(-17.25,-9.05,-1.7));
#6911=CARTESIAN_POINT('',(-17.25,13.95,-1.7));
#6912=CARTESIAN_POINT('',(-17.25,2.45,-1.7));
#6913=CARTESIAN_POINT('',(17.25,13.95,-1.7));
#6914=CARTESIAN_POINT('',(1.70838228481056E-15,13.95,-1.7));
#6915=CARTESIAN_POINT('',(17.25,-9.05,-1.7));
#6916=CARTESIAN_POINT('',(17.25,2.45,-1.7));
#6917=CARTESIAN_POINT('',(-1.10830535322835E-15,-9.05,-1.7));
#6918=CARTESIAN_POINT('Origin',(1.70838228481056E-15,13.95,-1.));
#6919=CARTESIAN_POINT('',(17.25,13.95,-1.));
#6920=CARTESIAN_POINT('',(-17.25,13.95,-1.));
#6921=CARTESIAN_POINT('Origin',(17.25,2.45,-1.));
#6922=CARTESIAN_POINT('',(17.25,-9.05,-1.));
#6923=CARTESIAN_POINT('Origin',(-1.10830535322835E-15,-9.05,-1.));
#6924=CARTESIAN_POINT('',(-17.25,-9.05,-1.));
#6925=CARTESIAN_POINT('Origin',(-17.25,2.45,-1.));
#6926=CARTESIAN_POINT('Origin',(0.,0.,-0.3));
#6927=CARTESIAN_POINT('',(-14.71,7.35,-0.3));
#6928=CARTESIAN_POINT('',(-14.71,-7.35,-0.3));
#6929=CARTESIAN_POINT('',(-14.71,1.80145544154576E-15,-0.3));
#6930=CARTESIAN_POINT('',(14.71,-7.35,-0.3));
#6931=CARTESIAN_POINT('',(-9.00115397373305E-16,-7.35,-0.3));
#6932=CARTESIAN_POINT('',(14.71,7.35,-0.3));
#6933=CARTESIAN_POINT('',(14.71,-1.80145544154576E-15,-0.3));
#6934=CARTESIAN_POINT('',(9.00115397373305E-16,7.35,-0.3));
#6935=CARTESIAN_POINT('Origin',(0.,0.,-0.35));
#6936=CARTESIAN_POINT('',(-14.71,-7.35,-0.35));
#6937=CARTESIAN_POINT('',(-14.71,7.35,-0.35));
#6938=CARTESIAN_POINT('',(-14.71,1.80145544154576E-15,-0.35));
#6939=CARTESIAN_POINT('',(14.71,7.35,-0.35));
#6940=CARTESIAN_POINT('',(9.00115397373305E-16,7.35,-0.35));
#6941=CARTESIAN_POINT('',(14.71,-7.35,-0.35));
#6942=CARTESIAN_POINT('',(14.71,-1.80145544154576E-15,-0.35));
#6943=CARTESIAN_POINT('',(-9.00115397373305E-16,-7.35,-0.35));
#6944=CARTESIAN_POINT('Origin',(9.00115397373305E-16,7.35,-0.325));
#6945=CARTESIAN_POINT('',(14.71,7.35,-0.325));
#6946=CARTESIAN_POINT('',(-14.71,7.35,-0.325));
#6947=CARTESIAN_POINT('Origin',(14.71,-1.80145544154576E-15,-0.325));
#6948=CARTESIAN_POINT('',(14.71,-7.35,-0.325));
#6949=CARTESIAN_POINT('Origin',(-9.00115397373305E-16,-7.35,-0.325));
#6950=CARTESIAN_POINT('',(-14.71,-7.35,-0.325));
#6951=CARTESIAN_POINT('Origin',(-14.71,1.80145544154576E-15,-0.325));
#6952=CARTESIAN_POINT('Origin',(2.35744508835865E-15,19.25,-3.9));
#6953=CARTESIAN_POINT('',(-5.,20.75,-3.9));
#6954=CARTESIAN_POINT('',(-5.,17.75,-3.9));
#6955=CARTESIAN_POINT('',(-5.,19.25,-3.9));
#6956=CARTESIAN_POINT('',(5.,17.75,-3.9));
#6957=CARTESIAN_POINT('',(2.17374806848655E-15,17.75,-3.9));
#6958=CARTESIAN_POINT('',(5.,20.75,-3.9));
#6959=CARTESIAN_POINT('',(5.,19.25,-3.9));
#6960=CARTESIAN_POINT('',(2.54114210823076E-15,20.75,-3.9));
#6961=CARTESIAN_POINT('Origin',(2.35744508835865E-15,19.25,-12.));
#6962=CARTESIAN_POINT('',(-5.,17.75,-12.));
#6963=CARTESIAN_POINT('',(-5.,20.75,-12.));
#6964=CARTESIAN_POINT('',(-5.,19.25,-12.));
#6965=CARTESIAN_POINT('',(5.,20.75,-12.));
#6966=CARTESIAN_POINT('',(2.54114210823076E-15,20.75,-12.));
#6967=CARTESIAN_POINT('',(5.,17.75,-12.));
#6968=CARTESIAN_POINT('',(5.,19.25,-12.));
#6969=CARTESIAN_POINT('',(2.17374806848655E-15,17.75,-12.));
#6970=CARTESIAN_POINT('Origin',(2.54114210823076E-15,20.75,-7.95));
#6971=CARTESIAN_POINT('',(5.,20.75,-7.95));
#6972=CARTESIAN_POINT('',(-5.,20.75,-7.95));
#6973=CARTESIAN_POINT('Origin',(5.,19.25,-7.95));
#6974=CARTESIAN_POINT('',(5.,17.75,-7.95));
#6975=CARTESIAN_POINT('Origin',(2.17374806848655E-15,17.75,-7.95));
#6976=CARTESIAN_POINT('',(-5.,17.75,-7.95));
#6977=CARTESIAN_POINT('Origin',(-5.,19.25,-7.95));
#6978=CARTESIAN_POINT('Origin',(-3.81,18.55,-1.3));
#6979=CARTESIAN_POINT('',(-3.66,18.55,-0.299999999999999));
#6980=CARTESIAN_POINT('Origin',(-3.81,18.55,-0.3));
#6981=CARTESIAN_POINT('',(-2.81,18.55,-2.3));
#6982=CARTESIAN_POINT('',(-3.235,18.55,-1.3));
#6983=CARTESIAN_POINT('Origin',(-3.81,18.55,-2.3));
#6984=CARTESIAN_POINT('Origin',(-3.81,18.55,-2.3));
#6985=CARTESIAN_POINT('Origin',(-3.81,18.55,-0.3));
#6986=CARTESIAN_POINT('Origin',(1.27,18.55,-1.3));
#6987=CARTESIAN_POINT('',(1.42,18.55,-0.299999999999999));
#6988=CARTESIAN_POINT('Origin',(1.27,18.55,-0.3));
#6989=CARTESIAN_POINT('',(2.27,18.55,-2.3));
#6990=CARTESIAN_POINT('',(1.845,18.55,-1.3));
#6991=CARTESIAN_POINT('Origin',(1.27,18.55,-2.3));
#6992=CARTESIAN_POINT('Origin',(1.27,18.55,-2.3));
#6993=CARTESIAN_POINT('Origin',(1.27,18.55,-0.3));
#6994=CARTESIAN_POINT('Origin',(3.81,18.55,-1.3));
#6995=CARTESIAN_POINT('',(3.96,18.55,-0.299999999999999));
#6996=CARTESIAN_POINT('Origin',(3.81,18.55,-0.3));
#6997=CARTESIAN_POINT('',(4.81,18.55,-2.3));
#6998=CARTESIAN_POINT('',(4.385,18.55,-1.3));
#6999=CARTESIAN_POINT('Origin',(3.81,18.55,-2.3));
#7000=CARTESIAN_POINT('Origin',(3.81,18.55,-2.3));
#7001=CARTESIAN_POINT('Origin',(3.81,18.55,-0.3));
#7002=CARTESIAN_POINT('Origin',(-1.27,18.55,-1.3));
#7003=CARTESIAN_POINT('',(-1.12,18.55,-0.299999999999999));
#7004=CARTESIAN_POINT('Origin',(-1.27,18.55,-0.3));
#7005=CARTESIAN_POINT('',(-0.269999999999998,18.55,-2.3));
#7006=CARTESIAN_POINT('',(-0.694999999999998,18.55,-1.3));
#7007=CARTESIAN_POINT('Origin',(-1.27,18.55,-2.3));
#7008=CARTESIAN_POINT('Origin',(-1.27,18.55,-2.3));
#7009=CARTESIAN_POINT('Origin',(-1.27,18.55,-0.3));
#7010=CARTESIAN_POINT('Origin',(-3.81,-10.55,-1.3));
#7011=CARTESIAN_POINT('',(-3.66,-10.55,-0.299999999999999));
#7012=CARTESIAN_POINT('Origin',(-3.81,-10.55,-0.3));
#7013=CARTESIAN_POINT('',(-2.81,-10.55,-2.3));
#7014=CARTESIAN_POINT('',(-3.235,-10.55,-1.3));
#7015=CARTESIAN_POINT('Origin',(-3.81,-10.55,-2.3));
#7016=CARTESIAN_POINT('Origin',(-3.81,-10.55,-2.3));
#7017=CARTESIAN_POINT('Origin',(-3.81,-10.55,-0.3));
#7018=CARTESIAN_POINT('Origin',(1.27,-10.55,-1.3));
#7019=CARTESIAN_POINT('',(1.42,-10.55,-0.299999999999999));
#7020=CARTESIAN_POINT('Origin',(1.27,-10.55,-0.3));
#7021=CARTESIAN_POINT('',(2.27,-10.55,-2.3));
#7022=CARTESIAN_POINT('',(1.845,-10.55,-1.3));
#7023=CARTESIAN_POINT('Origin',(1.27,-10.55,-2.3));
#7024=CARTESIAN_POINT('Origin',(1.27,-10.55,-2.3));
#7025=CARTESIAN_POINT('Origin',(1.27,-10.55,-0.3));
#7026=CARTESIAN_POINT('Origin',(3.81,-10.55,-1.3));
#7027=CARTESIAN_POINT('',(3.96,-10.55,-0.299999999999999));
#7028=CARTESIAN_POINT('Origin',(3.81,-10.55,-0.3));
#7029=CARTESIAN_POINT('',(4.81,-10.55,-2.3));
#7030=CARTESIAN_POINT('',(4.385,-10.55,-1.3));
#7031=CARTESIAN_POINT('Origin',(3.81,-10.55,-2.3));
#7032=CARTESIAN_POINT('Origin',(3.81,-10.55,-2.3));
#7033=CARTESIAN_POINT('Origin',(3.81,-10.55,-0.3));
#7034=CARTESIAN_POINT('Origin',(-1.27,-10.55,-1.3));
#7035=CARTESIAN_POINT('',(-1.12,-10.55,-0.299999999999999));
#7036=CARTESIAN_POINT('Origin',(-1.27,-10.55,-0.3));
#7037=CARTESIAN_POINT('',(-0.270000000000001,-10.55,-2.3));
#7038=CARTESIAN_POINT('',(-0.695000000000001,-10.55,-1.3));
#7039=CARTESIAN_POINT('Origin',(-1.27,-10.55,-2.3));
#7040=CARTESIAN_POINT('Origin',(-1.27,-10.55,-2.3));
#7041=CARTESIAN_POINT('Origin',(-1.27,-10.55,-0.3));
#7042=CARTESIAN_POINT('',(0.,0.,0.));
#7043=CARTESIAN_POINT('Origin',(-8.,26.35,-4.8));
#7044=CARTESIAN_POINT('',(-5.,24.5,-4.8));
#7045=CARTESIAN_POINT('',(-11.,24.5,-4.8));
#7046=CARTESIAN_POINT('',(-8.,24.5,-4.8));
#7047=CARTESIAN_POINT('',(-5.,28.2,-4.8));
#7048=CARTESIAN_POINT('',(-5.,26.35,-4.8));
#7049=CARTESIAN_POINT('',(-11.,28.2,-4.8));
#7050=CARTESIAN_POINT('',(-8.,28.2,-4.8));
#7051=CARTESIAN_POINT('',(-11.,26.35,-4.8));
#7052=CARTESIAN_POINT('Origin',(-8.,23.2,-4.7));
#7053=CARTESIAN_POINT('',(-5.,23.2,-6.2));
#7054=CARTESIAN_POINT('',(-11.,23.2,-6.2));
#7055=CARTESIAN_POINT('',(-8.,23.2,-6.2));
#7056=CARTESIAN_POINT('',(-5.,23.2,-3.2));
#7057=CARTESIAN_POINT('',(-5.,23.2,-4.7));
#7058=CARTESIAN_POINT('',(-11.,23.2,-3.2));
#7059=CARTESIAN_POINT('',(-4.,23.2,-3.2));
#7060=CARTESIAN_POINT('',(-11.,23.2,-4.7));
#7061=CARTESIAN_POINT('Origin',(-5.,23.85,-4.7));
#7062=CARTESIAN_POINT('',(-5.,24.5,-3.2));
#7063=CARTESIAN_POINT('',(-5.,24.5,-4.7));
#7064=CARTESIAN_POINT('',(-5.,24.7,-3.2));
#7065=CARTESIAN_POINT('',(-5.,29.5,-6.2));
#7066=CARTESIAN_POINT('',(-5.,23.85,-6.2));
#7067=CARTESIAN_POINT('',(-5.,29.5,-3.2));
#7068=CARTESIAN_POINT('',(-5.,29.5,-4.7));
#7069=CARTESIAN_POINT('',(-5.,28.2,-3.2));
#7070=CARTESIAN_POINT('',(-5.,27.2,-3.2));
#7071=CARTESIAN_POINT('',(-5.,28.2,-4.7));
#7072=CARTESIAN_POINT('Origin',(-8.,24.5,-4.7));
#7073=CARTESIAN_POINT('',(-11.,24.5,-3.2));
#7074=CARTESIAN_POINT('',(-11.,24.5,-4.7));
#7075=CARTESIAN_POINT('',(-4.,24.5,-3.2));
#7076=CARTESIAN_POINT('Origin',(-8.,29.5,-4.7));
#7077=CARTESIAN_POINT('',(-11.,29.5,-6.2));
#7078=CARTESIAN_POINT('',(-8.,29.5,-6.2));
#7079=CARTESIAN_POINT('',(-11.,29.5,-3.2));
#7080=CARTESIAN_POINT('',(-11.,29.5,-4.7));
#7081=CARTESIAN_POINT('',(-4.,29.5,-3.2));
#7082=CARTESIAN_POINT('Origin',(-8.,28.2,-4.7));
#7083=CARTESIAN_POINT('',(-11.,28.2,-3.2));
#7084=CARTESIAN_POINT('',(-4.,28.2,-3.2));
#7085=CARTESIAN_POINT('',(-11.,28.2,-4.7));
#7086=CARTESIAN_POINT('Origin',(-8.,23.85,-6.2));
#7087=CARTESIAN_POINT('',(-11.,23.85,-6.2));
#7088=CARTESIAN_POINT('Origin',(-11.,23.85,-4.7));
#7089=CARTESIAN_POINT('',(-11.,24.7,-3.2));
#7090=CARTESIAN_POINT('',(-11.,27.2,-3.2));
#7091=CARTESIAN_POINT('Origin',(8.,26.35,-4.8));
#7092=CARTESIAN_POINT('',(11.,24.5,-4.8));
#7093=CARTESIAN_POINT('',(5.,24.5,-4.8));
#7094=CARTESIAN_POINT('',(8.,24.5,-4.8));
#7095=CARTESIAN_POINT('',(11.,28.2,-4.8));
#7096=CARTESIAN_POINT('',(11.,26.35,-4.8));
#7097=CARTESIAN_POINT('',(5.,28.2,-4.8));
#7098=CARTESIAN_POINT('',(8.,28.2,-4.8));
#7099=CARTESIAN_POINT('',(5.,26.35,-4.8));
#7100=CARTESIAN_POINT('Origin',(8.,23.2,-4.7));
#7101=CARTESIAN_POINT('',(11.,23.2,-6.2));
#7102=CARTESIAN_POINT('',(5.,23.2,-6.2));
#7103=CARTESIAN_POINT('',(8.,23.2,-6.2));
#7104=CARTESIAN_POINT('',(11.,23.2,-3.2));
#7105=CARTESIAN_POINT('',(11.,23.2,-4.7));
#7106=CARTESIAN_POINT('',(5.,23.2,-3.2));
#7107=CARTESIAN_POINT('',(4.,23.2,-3.2));
#7108=CARTESIAN_POINT('',(5.,23.2,-4.7));
#7109=CARTESIAN_POINT('Origin',(11.,23.85,-4.7));
#7110=CARTESIAN_POINT('',(11.,24.5,-3.2));
#7111=CARTESIAN_POINT('',(11.,24.5,-4.7));
#7112=CARTESIAN_POINT('',(11.,24.7,-3.2));
#7113=CARTESIAN_POINT('',(11.,29.5,-6.2));
#7114=CARTESIAN_POINT('',(11.,23.85,-6.2));
#7115=CARTESIAN_POINT('',(11.,29.5,-3.2));
#7116=CARTESIAN_POINT('',(11.,29.5,-4.7));
#7117=CARTESIAN_POINT('',(11.,28.2,-3.2));
#7118=CARTESIAN_POINT('',(11.,27.2,-3.2));
#7119=CARTESIAN_POINT('',(11.,28.2,-4.7));
#7120=CARTESIAN_POINT('Origin',(8.,24.5,-4.7));
#7121=CARTESIAN_POINT('',(5.,24.5,-3.2));
#7122=CARTESIAN_POINT('',(5.,24.5,-4.7));
#7123=CARTESIAN_POINT('',(4.,24.5,-3.2));
#7124=CARTESIAN_POINT('Origin',(8.,29.5,-4.7));
#7125=CARTESIAN_POINT('',(5.,29.5,-6.2));
#7126=CARTESIAN_POINT('',(8.,29.5,-6.2));
#7127=CARTESIAN_POINT('',(5.,29.5,-3.2));
#7128=CARTESIAN_POINT('',(5.,29.5,-4.7));
#7129=CARTESIAN_POINT('',(4.,29.5,-3.2));
#7130=CARTESIAN_POINT('Origin',(8.,28.2,-4.7));
#7131=CARTESIAN_POINT('',(5.,28.2,-3.2));
#7132=CARTESIAN_POINT('',(4.,28.2,-3.2));
#7133=CARTESIAN_POINT('',(5.,28.2,-4.7));
#7134=CARTESIAN_POINT('Origin',(8.,23.85,-6.2));
#7135=CARTESIAN_POINT('',(5.,23.85,-6.2));
#7136=CARTESIAN_POINT('Origin',(5.,23.85,-4.7));
#7137=CARTESIAN_POINT('',(5.,24.7,-3.2));
#7138=CARTESIAN_POINT('',(5.,27.2,-3.2));
#7139=CARTESIAN_POINT('Origin',(-1.61653377487451E-15,-13.2,-4.65));
#7140=CARTESIAN_POINT('',(-12.,-13.2,-5.4));
#7141=CARTESIAN_POINT('',(-12.,-13.2,-3.9));
#7142=CARTESIAN_POINT('',(-12.,-13.2,-4.35));
#7143=CARTESIAN_POINT('',(12.,-13.2,-5.4));
#7144=CARTESIAN_POINT('',(-1.61653377487451E-15,-13.2,-5.4));
#7145=CARTESIAN_POINT('',(12.,-13.2,-3.9));
#7146=CARTESIAN_POINT('',(12.,-13.2,-4.35));
#7147=CARTESIAN_POINT('',(-1.61653377487451E-15,-13.2,-3.9));
#7148=CARTESIAN_POINT('Origin',(13.,-12.575,-4.65));
#7149=CARTESIAN_POINT('',(13.,-13.05,-5.4));
#7150=CARTESIAN_POINT('',(13.,-13.05,-3.9));
#7151=CARTESIAN_POINT('',(13.,-13.05,-4.35));
#7152=CARTESIAN_POINT('',(13.,-11.95,-5.4));
#7153=CARTESIAN_POINT('',(13.,-12.575,-5.4));
#7154=CARTESIAN_POINT('',(13.,-11.95,-3.9));
#7155=CARTESIAN_POINT('',(13.,-11.95,-4.65));
#7156=CARTESIAN_POINT('',(13.,-12.575,-3.9));
#7157=CARTESIAN_POINT('Origin',(-1.5399933499278E-15,-12.575,-5.4));
#7158=CARTESIAN_POINT('',(-12.,-13.05,-5.4));
#7159=CARTESIAN_POINT('',(-12.,-13.675,-5.4));
#7160=CARTESIAN_POINT('',(-13.,-13.05,-5.4));
#7161=CARTESIAN_POINT('',(-6.5,-13.05,-5.4));
#7162=CARTESIAN_POINT('',(-13.,-11.95,-5.4));
#7163=CARTESIAN_POINT('',(-13.,-12.575,-5.4));
#7164=CARTESIAN_POINT('',(-1.46345292498109E-15,-11.95,-5.4));
#7165=CARTESIAN_POINT('',(12.,-13.05,-5.4));
#7166=CARTESIAN_POINT('',(6.5,-13.05,-5.4));
#7167=CARTESIAN_POINT('',(12.,-13.675,-5.4));
#7168=CARTESIAN_POINT('Origin',(-1.5399933499278E-15,-12.575,-3.9));
#7169=CARTESIAN_POINT('',(-12.,-13.05,-3.9));
#7170=CARTESIAN_POINT('',(-12.,-13.675,-3.9));
#7171=CARTESIAN_POINT('',(12.,-13.05,-3.9));
#7172=CARTESIAN_POINT('',(12.,-13.675,-3.9));
#7173=CARTESIAN_POINT('',(6.5,-13.05,-3.9));
#7174=CARTESIAN_POINT('',(-13.,-11.95,-3.9));
#7175=CARTESIAN_POINT('',(-1.46345292498109E-15,-11.95,-3.9));
#7176=CARTESIAN_POINT('',(-13.,-13.05,-3.9));
#7177=CARTESIAN_POINT('',(-13.,-12.575,-3.9));
#7178=CARTESIAN_POINT('',(-6.5,-13.05,-3.9));
#7179=CARTESIAN_POINT('Origin',(-1.46345292498109E-15,-11.95,-4.65));
#7180=CARTESIAN_POINT('',(-13.,-11.95,-4.65));
#7181=CARTESIAN_POINT('Origin',(-13.,-12.575,-4.65));
#7182=CARTESIAN_POINT('',(-13.,-13.05,-4.35));
#7183=CARTESIAN_POINT('Origin',(-13.,-13.05,-4.05));
#7184=CARTESIAN_POINT('',(-12.,-13.05,-5.8));
#7185=CARTESIAN_POINT('',(-12.,-13.05,-4.05));
#7186=CARTESIAN_POINT('',(-14.,-13.05,-5.8));
#7187=CARTESIAN_POINT('',(-13.,-13.05,-5.8));
#7188=CARTESIAN_POINT('',(-14.,-13.05,-2.3));
#7189=CARTESIAN_POINT('',(-14.,-13.05,-4.05));
#7190=CARTESIAN_POINT('',(-12.,-13.05,-2.3));
#7191=CARTESIAN_POINT('',(-6.5,-13.05,-2.3));
#7192=CARTESIAN_POINT('',(-12.,-13.05,-4.05));
#7193=CARTESIAN_POINT('Origin',(12.,-14.775,-4.05));
#7194=CARTESIAN_POINT('',(12.,-13.05,-5.8));
#7195=CARTESIAN_POINT('',(12.,-13.05,-4.05));
#7196=CARTESIAN_POINT('',(12.,-16.5,-5.8));
#7197=CARTESIAN_POINT('',(12.,-14.775,-5.8));
#7198=CARTESIAN_POINT('',(12.,-16.5,-2.3));
#7199=CARTESIAN_POINT('',(12.,-16.5,-4.3));
#7200=CARTESIAN_POINT('',(12.,-13.05,-2.3));
#7201=CARTESIAN_POINT('',(12.,-6.2,-2.3));
#7202=CARTESIAN_POINT('',(12.,-13.05,-4.05));
#7203=CARTESIAN_POINT('Origin',(-12.,-14.775,-4.05));
#7204=CARTESIAN_POINT('',(-12.,-16.5,-2.3));
#7205=CARTESIAN_POINT('',(-12.,-6.2,-2.3));
#7206=CARTESIAN_POINT('',(-12.,-16.5,-5.8));
#7207=CARTESIAN_POINT('',(-12.,-16.5,-4.3));
#7208=CARTESIAN_POINT('',(-12.,-14.775,-5.8));
#7209=CARTESIAN_POINT('Origin',(-14.,-14.775,-4.05));
#7210=CARTESIAN_POINT('',(-14.,-16.5,-5.8));
#7211=CARTESIAN_POINT('',(-14.,-14.775,-5.8));
#7212=CARTESIAN_POINT('',(-14.,-16.5,-2.3));
#7213=CARTESIAN_POINT('',(-14.,-16.5,-4.3));
#7214=CARTESIAN_POINT('',(-14.,-6.2,-2.3));
#7215=CARTESIAN_POINT('Origin',(-2.02066721859313E-15,-16.5,-4.55));
#7216=CARTESIAN_POINT('',(-8.,-16.5,-2.3));
#7217=CARTESIAN_POINT('',(-2.02066721859313E-15,-16.5,-2.3));
#7218=CARTESIAN_POINT('',(-8.,-16.5,0.));
#7219=CARTESIAN_POINT('',(-8.,-16.5,-0.655));
#7220=CARTESIAN_POINT('',(8.,-16.5,0.));
#7221=CARTESIAN_POINT('',(-2.02066721859313E-15,-16.5,0.));
#7222=CARTESIAN_POINT('',(8.,-16.5,-2.3));
#7223=CARTESIAN_POINT('',(8.,-16.5,-0.655));
#7224=CARTESIAN_POINT('',(-2.02066721859313E-15,-16.5,-2.3));
#7225=CARTESIAN_POINT('',(9.,-16.5,-5.8));
#7226=CARTESIAN_POINT('',(-2.02066721859313E-15,-16.5,-5.8));
#7227=CARTESIAN_POINT('',(9.,-16.5,-3.9));
#7228=CARTESIAN_POINT('',(9.,-16.5,-4.95));
#7229=CARTESIAN_POINT('',(-9.,-16.5,-3.9));
#7230=CARTESIAN_POINT('',(-2.02066721859313E-15,-16.5,-3.9));
#7231=CARTESIAN_POINT('',(-9.,-16.5,-5.8));
#7232=CARTESIAN_POINT('',(-9.,-16.5,-4.95));
#7233=CARTESIAN_POINT('',(-2.02066721859313E-15,-16.5,-5.8));
#7234=CARTESIAN_POINT('Origin',(13.,-13.05,-4.05));
#7235=CARTESIAN_POINT('',(14.,-13.05,-2.3));
#7236=CARTESIAN_POINT('',(6.5,-13.05,-2.3));
#7237=CARTESIAN_POINT('',(14.,-13.05,-5.8));
#7238=CARTESIAN_POINT('',(14.,-13.05,-4.05));
#7239=CARTESIAN_POINT('',(13.,-13.05,-5.8));
#7240=CARTESIAN_POINT('Origin',(14.,-14.775,-4.05));
#7241=CARTESIAN_POINT('',(14.,-16.5,-5.8));
#7242=CARTESIAN_POINT('',(14.,-16.5,-2.3));
#7243=CARTESIAN_POINT('',(14.,-16.5,-4.3));
#7244=CARTESIAN_POINT('',(14.,-14.775,-5.8));
#7245=CARTESIAN_POINT('',(14.,-6.2,-2.3));
#7246=CARTESIAN_POINT('Origin',(-2.02066721859313E-15,-16.5,-4.55));
#7247=CARTESIAN_POINT('',(18.2,-16.5,-2.3));
#7248=CARTESIAN_POINT('',(-2.02066721859313E-15,-16.5,-2.3));
#7249=CARTESIAN_POINT('',(18.2,-16.5,-5.8));
#7250=CARTESIAN_POINT('',(18.2,-16.5,-4.55));
#7251=CARTESIAN_POINT('',(-2.02066721859313E-15,-16.5,-5.8));
#7252=CARTESIAN_POINT('Origin',(-15.35,18.25,-3.755));
#7253=CARTESIAN_POINT('',(-15.35,20.4219806628973,-1.31));
#7254=CARTESIAN_POINT('',(-15.35,20.4219806628973,-2.1));
#7255=CARTESIAN_POINT('',(-15.35,20.4219806628973,-1.7));
#7256=CARTESIAN_POINT('',(-15.35,16.0780193371027,-1.31));
#7257=CARTESIAN_POINT('',(-15.35,18.25,-1.31));
#7258=CARTESIAN_POINT('',(-15.35,16.0780193371027,-2.1));
#7259=CARTESIAN_POINT('',(-15.35,16.0780193371027,-1.7));
#7260=CARTESIAN_POINT('',(-15.35,16.8944558288274,-2.1));
#7261=CARTESIAN_POINT('',(-15.35,18.25,-2.1));
#7262=CARTESIAN_POINT('',(-15.35,16.8944558288274,-3.9));
#7263=CARTESIAN_POINT('',(-15.35,16.8944558288274,-2.6));
#7264=CARTESIAN_POINT('',(-15.35,16.6119752749119,-4.4));
#7265=CARTESIAN_POINT('Ctrl Pts',(-15.35,16.6119752749119,-4.4));
#7266=CARTESIAN_POINT('Ctrl Pts',(-15.35,16.7658467961519,-4.12640938260176));
#7267=CARTESIAN_POINT('Ctrl Pts',(-15.35,16.8944558288274,-3.9));
#7268=CARTESIAN_POINT('',(-15.35,17.1021759716751,-5.6));
#7269=CARTESIAN_POINT('Ctrl Pts',(-15.35,17.1021759716751,-5.6));
#7270=CARTESIAN_POINT('Ctrl Pts',(-15.35,16.8975704634617,-5.10557659230536));
#7271=CARTESIAN_POINT('Ctrl Pts',(-15.35,16.6119752749119,-4.4));
#7272=CARTESIAN_POINT('',(-15.35,19.3978240283249,-5.6));
#7273=CARTESIAN_POINT('',(-15.35,18.25,-5.6));
#7274=CARTESIAN_POINT('',(-15.35,19.8880247250881,-4.4));
#7275=CARTESIAN_POINT('Ctrl Pts',(-15.35,19.8880247250881,-4.4));
#7276=CARTESIAN_POINT('Ctrl Pts',(-15.35,19.6024295365383,-5.10557659230536));
#7277=CARTESIAN_POINT('Ctrl Pts',(-15.35,19.3978240283249,-5.6));
#7278=CARTESIAN_POINT('',(-15.35,19.6055441711726,-3.9));
#7279=CARTESIAN_POINT('Ctrl Pts',(-15.35,19.6055441711726,-3.9));
#7280=CARTESIAN_POINT('Ctrl Pts',(-15.35,19.7341532038481,-4.12640938260176));
#7281=CARTESIAN_POINT('Ctrl Pts',(-15.35,19.8880247250881,-4.4));
#7282=CARTESIAN_POINT('',(-15.35,19.6055441711726,-2.1));
#7283=CARTESIAN_POINT('',(-15.35,19.6055441711726,-2.6));
#7284=CARTESIAN_POINT('',(-15.35,18.25,-2.1));
#7285=CARTESIAN_POINT('Origin',(-15.,18.25,-1.31));
#7286=CARTESIAN_POINT('',(-14.65,20.4219806628973,-1.31));
#7287=CARTESIAN_POINT('Origin',(-15.,18.25,-1.31));
#7288=CARTESIAN_POINT('',(-14.65,16.0780193371027,-1.31));
#7289=CARTESIAN_POINT('',(-14.65,18.25,-1.31));
#7290=CARTESIAN_POINT('Origin',(-15.,18.25,-1.31));
#7291=CARTESIAN_POINT('Origin',(-14.65,18.25,-3.755));
#7292=CARTESIAN_POINT('',(-14.65,20.4219806628973,-2.1));
#7293=CARTESIAN_POINT('',(-14.65,20.4219806628973,-1.7));
#7294=CARTESIAN_POINT('',(-14.65,19.6055441711726,-2.1));
#7295=CARTESIAN_POINT('',(-14.65,18.25,-2.1));
#7296=CARTESIAN_POINT('',(-14.65,19.6055441711726,-3.9));
#7297=CARTESIAN_POINT('',(-14.65,19.6055441711726,-2.6));
#7298=CARTESIAN_POINT('',(-14.65,19.8880247250881,-4.4));
#7299=CARTESIAN_POINT('Ctrl Pts',(-14.65,19.8880247250881,-4.4));
#7300=CARTESIAN_POINT('Ctrl Pts',(-14.65,19.7341532038481,-4.12640938260176));
#7301=CARTESIAN_POINT('Ctrl Pts',(-14.65,19.6055441711726,-3.9));
#7302=CARTESIAN_POINT('',(-14.65,19.3978240283249,-5.6));
#7303=CARTESIAN_POINT('Ctrl Pts',(-14.65,19.3978240283249,-5.6));
#7304=CARTESIAN_POINT('Ctrl Pts',(-14.65,19.6024295365383,-5.10557659230536));
#7305=CARTESIAN_POINT('Ctrl Pts',(-14.65,19.8880247250881,-4.4));
#7306=CARTESIAN_POINT('',(-14.65,17.1021759716751,-5.6));
#7307=CARTESIAN_POINT('',(-14.65,18.25,-5.6));
#7308=CARTESIAN_POINT('',(-14.65,16.6119752749119,-4.4));
#7309=CARTESIAN_POINT('Ctrl Pts',(-14.65,16.6119752749119,-4.4));
#7310=CARTESIAN_POINT('Ctrl Pts',(-14.65,16.8975704634617,-5.10557659230536));
#7311=CARTESIAN_POINT('Ctrl Pts',(-14.65,17.1021759716751,-5.6));
#7312=CARTESIAN_POINT('',(-14.65,16.8944558288274,-3.9));
#7313=CARTESIAN_POINT('Ctrl Pts',(-14.65,16.8944558288274,-3.9));
#7314=CARTESIAN_POINT('Ctrl Pts',(-14.65,16.7658467961519,-4.12640938260176));
#7315=CARTESIAN_POINT('Ctrl Pts',(-14.65,16.6119752749119,-4.4));
#7316=CARTESIAN_POINT('',(-14.65,16.8944558288274,-2.1));
#7317=CARTESIAN_POINT('',(-14.65,16.8944558288274,-2.6));
#7318=CARTESIAN_POINT('',(-14.65,16.0780193371027,-2.1));
#7319=CARTESIAN_POINT('',(-14.65,18.25,-2.1));
#7320=CARTESIAN_POINT('',(-14.65,16.0780193371027,-1.7));
#7321=CARTESIAN_POINT('Origin',(-15.,18.25,-1.7));
#7322=CARTESIAN_POINT('',(-12.8,18.25,-1.3));
#7323=CARTESIAN_POINT('Origin',(-15.,18.25,-1.3));
#7324=CARTESIAN_POINT('',(-12.8,18.25,-2.1));
#7325=CARTESIAN_POINT('',(-12.8,18.25,-1.7));
#7326=CARTESIAN_POINT('Origin',(-15.,18.25,-2.1));
#7327=CARTESIAN_POINT('Origin',(-15.,18.25,-2.1));
#7328=CARTESIAN_POINT('Origin',(-15.,18.25,-2.1));
#7329=CARTESIAN_POINT('Origin',(-15.,18.25,-2.1));
#7330=CARTESIAN_POINT('Origin',(-15.,18.25,-2.1));
#7331=CARTESIAN_POINT('Origin',(-15.,18.25,-2.1));
#7332=CARTESIAN_POINT('Origin',(-15.,18.25,-2.1));
#7333=CARTESIAN_POINT('Origin',(-15.,18.25,-2.6));
#7334=CARTESIAN_POINT('Origin',(-15.,18.25,-3.9));
#7335=CARTESIAN_POINT('Origin',(-15.,18.25,-2.6));
#7336=CARTESIAN_POINT('Origin',(-15.,18.25,-3.9));
#7337=CARTESIAN_POINT('Origin',(-15.,18.25,-4.15));
#7338=CARTESIAN_POINT('Origin',(-15.,18.25,-4.4));
#7339=CARTESIAN_POINT('Origin',(-15.,18.25,-4.15));
#7340=CARTESIAN_POINT('Origin',(-15.,18.25,-4.4));
#7341=CARTESIAN_POINT('Origin',(-15.,18.25,-5.6));
#7342=CARTESIAN_POINT('Origin',(-15.,18.25,-5.6));
#7343=CARTESIAN_POINT('Origin',(-15.,18.25,-5.));
#7344=CARTESIAN_POINT('Origin',(-15.,18.25,-5.));
#7345=CARTESIAN_POINT('Origin',(-15.,18.25,-5.6));
#7346=CARTESIAN_POINT('Origin',(-15.,18.25,-5.6));
#7347=CARTESIAN_POINT('Origin',(14.65,18.25,-3.755));
#7348=CARTESIAN_POINT('',(14.65,20.4219806628973,-1.31));
#7349=CARTESIAN_POINT('',(14.65,20.4219806628973,-2.1));
#7350=CARTESIAN_POINT('',(14.65,20.4219806628973,-1.7));
#7351=CARTESIAN_POINT('',(14.65,16.0780193371026,-1.31));
#7352=CARTESIAN_POINT('',(14.65,18.25,-1.31));
#7353=CARTESIAN_POINT('',(14.65,16.0780193371026,-2.1));
#7354=CARTESIAN_POINT('',(14.65,16.0780193371026,-1.7));
#7355=CARTESIAN_POINT('',(14.65,16.8944558288274,-2.1));
#7356=CARTESIAN_POINT('',(14.65,18.25,-2.1));
#7357=CARTESIAN_POINT('',(14.65,16.8944558288274,-3.9));
#7358=CARTESIAN_POINT('',(14.65,16.8944558288274,-2.6));
#7359=CARTESIAN_POINT('',(14.65,16.6119752749119,-4.4));
#7360=CARTESIAN_POINT('Ctrl Pts',(14.65,16.6119752749119,-4.4));
#7361=CARTESIAN_POINT('Ctrl Pts',(14.65,16.7658467961519,-4.12640938260176));
#7362=CARTESIAN_POINT('Ctrl Pts',(14.65,16.8944558288274,-3.9));
#7363=CARTESIAN_POINT('',(14.65,17.1021759716751,-5.6));
#7364=CARTESIAN_POINT('Ctrl Pts',(14.65,17.1021759716751,-5.6));
#7365=CARTESIAN_POINT('Ctrl Pts',(14.65,16.8975704634617,-5.10557659230536));
#7366=CARTESIAN_POINT('Ctrl Pts',(14.65,16.6119752749119,-4.4));
#7367=CARTESIAN_POINT('',(14.65,19.3978240283249,-5.6));
#7368=CARTESIAN_POINT('',(14.65,18.25,-5.6));
#7369=CARTESIAN_POINT('',(14.65,19.8880247250881,-4.4));
#7370=CARTESIAN_POINT('Ctrl Pts',(14.65,19.8880247250881,-4.4));
#7371=CARTESIAN_POINT('Ctrl Pts',(14.65,19.6024295365383,-5.10557659230536));
#7372=CARTESIAN_POINT('Ctrl Pts',(14.65,19.3978240283249,-5.6));
#7373=CARTESIAN_POINT('',(14.65,19.6055441711726,-3.9));
#7374=CARTESIAN_POINT('Ctrl Pts',(14.65,19.6055441711726,-3.9));
#7375=CARTESIAN_POINT('Ctrl Pts',(14.65,19.7341532038481,-4.12640938260176));
#7376=CARTESIAN_POINT('Ctrl Pts',(14.65,19.8880247250881,-4.4));
#7377=CARTESIAN_POINT('',(14.65,19.6055441711726,-2.1));
#7378=CARTESIAN_POINT('',(14.65,19.6055441711726,-2.6));
#7379=CARTESIAN_POINT('',(14.65,18.25,-2.1));
#7380=CARTESIAN_POINT('Origin',(15.,18.25,-1.31));
#7381=CARTESIAN_POINT('',(15.35,20.4219806628973,-1.31));
#7382=CARTESIAN_POINT('Origin',(15.,18.25,-1.31));
#7383=CARTESIAN_POINT('',(15.35,16.0780193371026,-1.31));
#7384=CARTESIAN_POINT('',(15.35,18.25,-1.31));
#7385=CARTESIAN_POINT('Origin',(15.,18.25,-1.31));
#7386=CARTESIAN_POINT('Origin',(15.35,18.25,-3.755));
#7387=CARTESIAN_POINT('',(15.35,20.4219806628973,-2.1));
#7388=CARTESIAN_POINT('',(15.35,20.4219806628973,-1.7));
#7389=CARTESIAN_POINT('',(15.35,19.6055441711726,-2.1));
#7390=CARTESIAN_POINT('',(15.35,18.25,-2.1));
#7391=CARTESIAN_POINT('',(15.35,19.6055441711726,-3.9));
#7392=CARTESIAN_POINT('',(15.35,19.6055441711726,-2.6));
#7393=CARTESIAN_POINT('',(15.35,19.8880247250881,-4.4));
#7394=CARTESIAN_POINT('Ctrl Pts',(15.35,19.8880247250881,-4.4));
#7395=CARTESIAN_POINT('Ctrl Pts',(15.35,19.7341532038481,-4.12640938260176));
#7396=CARTESIAN_POINT('Ctrl Pts',(15.35,19.6055441711726,-3.9));
#7397=CARTESIAN_POINT('',(15.35,19.3978240283249,-5.6));
#7398=CARTESIAN_POINT('Ctrl Pts',(15.35,19.3978240283249,-5.6));
#7399=CARTESIAN_POINT('Ctrl Pts',(15.35,19.6024295365383,-5.10557659230536));
#7400=CARTESIAN_POINT('Ctrl Pts',(15.35,19.8880247250881,-4.4));
#7401=CARTESIAN_POINT('',(15.35,17.1021759716751,-5.6));
#7402=CARTESIAN_POINT('',(15.35,18.25,-5.6));
#7403=CARTESIAN_POINT('',(15.35,16.6119752749119,-4.4));
#7404=CARTESIAN_POINT('Ctrl Pts',(15.35,16.6119752749119,-4.4));
#7405=CARTESIAN_POINT('Ctrl Pts',(15.35,16.8975704634617,-5.10557659230536));
#7406=CARTESIAN_POINT('Ctrl Pts',(15.35,17.1021759716751,-5.6));
#7407=CARTESIAN_POINT('',(15.35,16.8944558288274,-3.9));
#7408=CARTESIAN_POINT('Ctrl Pts',(15.35,16.8944558288274,-3.9));
#7409=CARTESIAN_POINT('Ctrl Pts',(15.35,16.7658467961519,-4.12640938260176));
#7410=CARTESIAN_POINT('Ctrl Pts',(15.35,16.6119752749119,-4.4));
#7411=CARTESIAN_POINT('',(15.35,16.8944558288274,-2.1));
#7412=CARTESIAN_POINT('',(15.35,16.8944558288274,-2.6));
#7413=CARTESIAN_POINT('',(15.35,16.0780193371026,-2.1));
#7414=CARTESIAN_POINT('',(15.35,18.25,-2.1));
#7415=CARTESIAN_POINT('',(15.35,16.0780193371026,-1.7));
#7416=CARTESIAN_POINT('Origin',(15.,18.25,-1.7));
#7417=CARTESIAN_POINT('',(17.2,18.25,-1.3));
#7418=CARTESIAN_POINT('Origin',(15.,18.25,-1.3));
#7419=CARTESIAN_POINT('',(17.2,18.25,-2.1));
#7420=CARTESIAN_POINT('',(17.2,18.25,-1.7));
#7421=CARTESIAN_POINT('Origin',(15.,18.25,-2.1));
#7422=CARTESIAN_POINT('Origin',(15.,18.25,-2.1));
#7423=CARTESIAN_POINT('Origin',(15.,18.25,-2.1));
#7424=CARTESIAN_POINT('Origin',(15.,18.25,-2.1));
#7425=CARTESIAN_POINT('Origin',(15.,18.25,-2.1));
#7426=CARTESIAN_POINT('Origin',(15.,18.25,-2.1));
#7427=CARTESIAN_POINT('Origin',(15.,18.25,-2.1));
#7428=CARTESIAN_POINT('Origin',(15.,18.25,-2.6));
#7429=CARTESIAN_POINT('Origin',(15.,18.25,-3.9));
#7430=CARTESIAN_POINT('Origin',(15.,18.25,-2.6));
#7431=CARTESIAN_POINT('Origin',(15.,18.25,-3.9));
#7432=CARTESIAN_POINT('Origin',(15.,18.25,-4.15));
#7433=CARTESIAN_POINT('Origin',(15.,18.25,-4.4));
#7434=CARTESIAN_POINT('Origin',(15.,18.25,-4.15));
#7435=CARTESIAN_POINT('Origin',(15.,18.25,-4.4));
#7436=CARTESIAN_POINT('Origin',(15.,18.25,-5.6));
#7437=CARTESIAN_POINT('Origin',(15.,18.25,-5.6));
#7438=CARTESIAN_POINT('Origin',(15.,18.25,-5.));
#7439=CARTESIAN_POINT('Origin',(15.,18.25,-5.));
#7440=CARTESIAN_POINT('Origin',(15.,18.25,-5.6));
#7441=CARTESIAN_POINT('Origin',(15.,18.25,-5.6));
#7442=CARTESIAN_POINT('Origin',(-15.,-10.25,-4.6));
#7443=CARTESIAN_POINT('',(-13.95,-10.25,-4.8));
#7444=CARTESIAN_POINT('Origin',(-15.,-10.25,-4.8));
#7445=CARTESIAN_POINT('',(-13.65,-10.25,-4.4));
#7446=CARTESIAN_POINT('',(-13.8,-10.25,-4.6));
#7447=CARTESIAN_POINT('Origin',(-15.,-10.25,-4.4));
#7448=CARTESIAN_POINT('Origin',(-15.,-10.25,-4.8));
#7449=CARTESIAN_POINT('Origin',(-15.,-10.25,-3.35));
#7450=CARTESIAN_POINT('',(-16.1543396380615,-9.55,-2.3));
#7451=CARTESIAN_POINT('',(-13.65,-10.25,-2.3));
#7452=CARTESIAN_POINT('Origin',(-15.,-10.25,-2.3));
#7453=CARTESIAN_POINT('',(-13.8456603619385,-9.55,-2.3));
#7454=CARTESIAN_POINT('Origin',(-15.,-10.25,-2.3));
#7455=CARTESIAN_POINT('Origin',(-15.,-10.25,-2.3));
#7456=CARTESIAN_POINT('',(-13.65,-10.25,-3.35));
#7457=CARTESIAN_POINT('Origin',(-15.,-10.25,-2.3));
#7458=CARTESIAN_POINT('',(-1.16953769318572E-15,-9.55,-2.3));
#7459=CARTESIAN_POINT('Origin',(15.,-10.25,-4.6));
#7460=CARTESIAN_POINT('',(16.05,-10.25,-4.8));
#7461=CARTESIAN_POINT('Origin',(15.,-10.25,-4.8));
#7462=CARTESIAN_POINT('',(16.35,-10.25,-4.4));
#7463=CARTESIAN_POINT('',(16.2,-10.25,-4.6));
#7464=CARTESIAN_POINT('Origin',(15.,-10.25,-4.4));
#7465=CARTESIAN_POINT('Origin',(15.,-10.25,-4.8));
#7466=CARTESIAN_POINT('Origin',(15.,-10.25,-3.35));
#7467=CARTESIAN_POINT('',(13.8456603619385,-9.55,-2.3));
#7468=CARTESIAN_POINT('',(16.35,-10.25,-2.3));
#7469=CARTESIAN_POINT('Origin',(15.,-10.25,-2.3));
#7470=CARTESIAN_POINT('',(16.1543396380615,-9.55,-2.3));
#7471=CARTESIAN_POINT('Origin',(15.,-10.25,-2.3));
#7472=CARTESIAN_POINT('Origin',(15.,-10.25,-2.3));
#7473=CARTESIAN_POINT('',(16.35,-10.25,-3.35));
#7474=CARTESIAN_POINT('Origin',(15.,-10.25,-2.3));
#7475=CARTESIAN_POINT('',(-1.16953769318572E-15,-9.55,-2.3));
#7476=CARTESIAN_POINT('Origin',(-15.,18.25,-1.805));
#7477=CARTESIAN_POINT('',(-12.6,18.25,-2.3));
#7478=CARTESIAN_POINT('Origin',(-15.,18.25,-2.3));
#7479=CARTESIAN_POINT('',(-12.6,18.25,-1.3));
#7480=CARTESIAN_POINT('',(-12.6,18.25,-1.805));
#7481=CARTESIAN_POINT('Origin',(-15.,18.25,-1.3));
#7482=CARTESIAN_POINT('Origin',(-15.,18.25,-1.3));
#7483=CARTESIAN_POINT('Origin',(15.,18.25,-1.805));
#7484=CARTESIAN_POINT('',(17.4,18.25,-2.3));
#7485=CARTESIAN_POINT('Origin',(15.,18.25,-2.3));
#7486=CARTESIAN_POINT('',(17.4,18.25,-1.3));
#7487=CARTESIAN_POINT('',(17.4,18.25,-1.805));
#7488=CARTESIAN_POINT('Origin',(15.,18.25,-1.3));
#7489=CARTESIAN_POINT('Origin',(15.,18.25,-1.3));
#7490=CARTESIAN_POINT('Origin',(-24.5,3.00038465791102E-15,-2.6));
#7491=CARTESIAN_POINT('',(-23.4,3.00038465791102E-15,-5.6));
#7492=CARTESIAN_POINT('Origin',(-24.5,3.00038465791102E-15,-5.6));
#7493=CARTESIAN_POINT('',(-23.4,2.7309623620986E-15,-4.4));
#7494=CARTESIAN_POINT('',(-23.4,3.00038465791102E-15,-2.6));
#7495=CARTESIAN_POINT('Origin',(-24.5,3.00038465791102E-15,-4.4));
#7496=CARTESIAN_POINT('Origin',(-24.5,3.00038465791102E-15,-1.95));
#7497=CARTESIAN_POINT('',(-22.9,3.00038465791102E-15,-4.4));
#7498=CARTESIAN_POINT('Origin',(-24.5,3.00038465791102E-15,-4.4));
#7499=CARTESIAN_POINT('',(-22.9,2.60849768218386E-15,-0.4));
#7500=CARTESIAN_POINT('',(-22.9,3.00038465791102E-15,-1.95));
#7501=CARTESIAN_POINT('Origin',(-24.5,3.00038465791102E-15,-0.4));
#7502=CARTESIAN_POINT('Origin',(-24.5,3.00038465791102E-15,-4.4));
#7503=CARTESIAN_POINT('Origin',(-24.5,3.00038465791102E-15,0.05));
#7504=CARTESIAN_POINT('',(-22.5,3.00038465791102E-15,-0.4));
#7505=CARTESIAN_POINT('Origin',(-24.5,3.00038465791102E-15,-0.4));
#7506=CARTESIAN_POINT('',(-22.5,2.51052593825207E-15,0.));
#7507=CARTESIAN_POINT('',(-22.5,3.00038465791102E-15,0.05));
#7508=CARTESIAN_POINT('Origin',(-24.5,3.00038465791102E-15,0.));
#7509=CARTESIAN_POINT('Origin',(-24.5,3.00038465791102E-15,-0.4));
#7510=CARTESIAN_POINT('Origin',(24.5,-3.00038465791102E-15,-2.6));
#7511=CARTESIAN_POINT('',(25.6,-3.00038465791102E-15,-5.6));
#7512=CARTESIAN_POINT('Origin',(24.5,-3.00038465791102E-15,-5.6));
#7513=CARTESIAN_POINT('',(25.6,-3.26980695372343E-15,-4.4));
#7514=CARTESIAN_POINT('',(25.6,-3.00038465791102E-15,-2.6));
#7515=CARTESIAN_POINT('Origin',(24.5,-3.00038465791102E-15,-4.4));
#7516=CARTESIAN_POINT('Origin',(24.5,-3.00038465791102E-15,-1.95));
#7517=CARTESIAN_POINT('',(26.1,-3.00038465791102E-15,-4.4));
#7518=CARTESIAN_POINT('Origin',(24.5,-3.00038465791102E-15,-4.4));
#7519=CARTESIAN_POINT('',(26.1,-3.39227163363817E-15,-0.4));
#7520=CARTESIAN_POINT('',(26.1,-3.00038465791102E-15,-1.95));
#7521=CARTESIAN_POINT('Origin',(24.5,-3.00038465791102E-15,-0.4));
#7522=CARTESIAN_POINT('Origin',(24.5,-3.00038465791102E-15,-4.4));
#7523=CARTESIAN_POINT('Origin',(24.5,-3.00038465791102E-15,0.05));
#7524=CARTESIAN_POINT('',(26.5,-3.00038465791102E-15,-0.4));
#7525=CARTESIAN_POINT('Origin',(24.5,-3.00038465791102E-15,-0.4));
#7526=CARTESIAN_POINT('',(26.5,-3.49024337756996E-15,0.));
#7527=CARTESIAN_POINT('',(26.5,-3.00038465791102E-15,0.05));
#7528=CARTESIAN_POINT('Origin',(24.5,-3.00038465791102E-15,0.));
#7529=CARTESIAN_POINT('Origin',(24.5,-3.00038465791102E-15,-0.4));
#7530=CARTESIAN_POINT('Origin',(-9.,-17.895,-5.35));
#7531=CARTESIAN_POINT('',(-9.,-18.3,-3.9));
#7532=CARTESIAN_POINT('',(-9.,-17.895,-3.9));
#7533=CARTESIAN_POINT('',(-9.,-18.3,-5.8));
#7534=CARTESIAN_POINT('',(-9.,-18.3,-4.125));
#7535=CARTESIAN_POINT('',(-9.,-7.76,-5.8));
#7536=CARTESIAN_POINT('Origin',(-2.19150544707419E-15,-17.895,-3.9));
#7537=CARTESIAN_POINT('',(9.,-18.3,-3.9));
#7538=CARTESIAN_POINT('',(9.,-17.895,-3.9));
#7539=CARTESIAN_POINT('',(-2.24110364243966E-15,-18.3,-3.9));
#7540=CARTESIAN_POINT('Origin',(9.,-17.895,-5.35));
#7541=CARTESIAN_POINT('',(9.,-18.3,-5.8));
#7542=CARTESIAN_POINT('',(9.,-7.76,-5.8));
#7543=CARTESIAN_POINT('',(9.,-18.3,-4.125));
#7544=CARTESIAN_POINT('Origin',(-2.02066721859313E-15,-16.5,-4.55));
#7545=CARTESIAN_POINT('',(-18.2,-16.5,-5.8));
#7546=CARTESIAN_POINT('',(-2.02066721859313E-15,-16.5,-5.8));
#7547=CARTESIAN_POINT('',(-18.2,-16.5,-2.3));
#7548=CARTESIAN_POINT('',(-18.2,-16.5,-4.55));
#7549=CARTESIAN_POINT('',(-2.02066721859313E-15,-16.5,-2.3));
#7550=CARTESIAN_POINT('Origin',(2.90853614797496E-16,2.375,-5.8));
#7551=CARTESIAN_POINT('',(-16.,-18.3,-5.8));
#7552=CARTESIAN_POINT('',(-2.24110364243966E-15,-18.3,-5.8));
#7553=CARTESIAN_POINT('',(-20.,-14.3,-5.8));
#7554=CARTESIAN_POINT('Origin',(-16.,-14.3,-5.8));
#7555=CARTESIAN_POINT('',(-20.,19.05,-5.8));
#7556=CARTESIAN_POINT('',(-20.,2.375,-5.8));
#7557=CARTESIAN_POINT('',(-16.,23.05,-5.8));
#7558=CARTESIAN_POINT('Origin',(-16.,19.05,-5.8));
#7559=CARTESIAN_POINT('',(-9.,23.05,-5.8));
#7560=CARTESIAN_POINT('',(2.82281087203465E-15,23.05,-5.8));
#7561=CARTESIAN_POINT('',(-9.,21.25,-5.8));
#7562=CARTESIAN_POINT('',(-9.,12.51,-5.8));
#7563=CARTESIAN_POINT('',(-18.2,21.25,-5.8));
#7564=CARTESIAN_POINT('',(2.60237444818813E-15,21.25,-5.8));
#7565=CARTESIAN_POINT('',(-18.2,2.375,-5.8));
#7566=CARTESIAN_POINT('Origin',(9.,22.645,-5.35));
#7567=CARTESIAN_POINT('',(9.,21.25,-3.9));
#7568=CARTESIAN_POINT('',(9.,21.25,-5.8));
#7569=CARTESIAN_POINT('',(9.,21.25,-4.95));
#7570=CARTESIAN_POINT('',(9.,23.05,-3.9));
#7571=CARTESIAN_POINT('',(9.,22.645,-3.9));
#7572=CARTESIAN_POINT('',(9.,23.05,-5.8));
#7573=CARTESIAN_POINT('',(9.,23.05,-4.125));
#7574=CARTESIAN_POINT('',(9.,12.51,-5.8));
#7575=CARTESIAN_POINT('Origin',(2.77321267666918E-15,22.645,-3.9));
#7576=CARTESIAN_POINT('',(-9.,21.25,-3.9));
#7577=CARTESIAN_POINT('',(2.60237444818813E-15,21.25,-3.9));
#7578=CARTESIAN_POINT('',(-9.,23.05,-3.9));
#7579=CARTESIAN_POINT('',(-9.,22.645,-3.9));
#7580=CARTESIAN_POINT('',(2.82281087203465E-15,23.05,-3.9));
#7581=CARTESIAN_POINT('Origin',(-9.,22.645,-5.35));
#7582=CARTESIAN_POINT('',(-9.,21.25,-4.95));
#7583=CARTESIAN_POINT('',(-9.,23.05,-4.125));
#7584=CARTESIAN_POINT('Origin',(2.60237444818813E-15,21.25,-4.55));
#7585=CARTESIAN_POINT('',(18.2,21.25,-5.8));
#7586=CARTESIAN_POINT('',(2.60237444818813E-15,21.25,-5.8));
#7587=CARTESIAN_POINT('',(18.2,21.25,-2.3));
#7588=CARTESIAN_POINT('',(18.2,21.25,-4.55));
#7589=CARTESIAN_POINT('',(8.,21.25,-2.3));
#7590=CARTESIAN_POINT('',(2.60237444818813E-15,21.25,-2.3));
#7591=CARTESIAN_POINT('',(8.,21.25,0.));
#7592=CARTESIAN_POINT('',(8.,21.25,-0.655));
#7593=CARTESIAN_POINT('',(-8.,21.25,0.));
#7594=CARTESIAN_POINT('',(2.60237444818813E-15,21.25,0.));
#7595=CARTESIAN_POINT('',(-8.,21.25,-2.3));
#7596=CARTESIAN_POINT('',(-8.,21.25,-0.655));
#7597=CARTESIAN_POINT('',(-18.2,21.25,-2.3));
#7598=CARTESIAN_POINT('',(2.60237444818813E-15,21.25,-2.3));
#7599=CARTESIAN_POINT('',(-18.2,21.25,-4.55));
#7600=CARTESIAN_POINT('Origin',(8.,-13.025,-0.655));
#7601=CARTESIAN_POINT('',(8.,-9.55,-2.3));
#7602=CARTESIAN_POINT('',(8.,-5.325,-2.3));
#7603=CARTESIAN_POINT('',(8.,-9.55,0.));
#7604=CARTESIAN_POINT('',(8.,-5.325,0.));
#7605=CARTESIAN_POINT('',(8.,-9.55,-0.655));
#7606=CARTESIAN_POINT('Origin',(-8.,-13.025,-0.655));
#7607=CARTESIAN_POINT('',(-8.,-9.55,-2.3));
#7608=CARTESIAN_POINT('',(-8.,-5.325,-2.3));
#7609=CARTESIAN_POINT('',(-8.,-9.55,0.));
#7610=CARTESIAN_POINT('',(-8.,-9.55,-0.655));
#7611=CARTESIAN_POINT('',(-8.,-5.325,0.));
#7612=CARTESIAN_POINT('Origin',(2.90853614797496E-16,2.375,-2.3));
#7613=CARTESIAN_POINT('',(-18.2,2.375,-2.3));
#7614=CARTESIAN_POINT('',(-8.,14.45,-2.3));
#7615=CARTESIAN_POINT('',(-8.,10.1125,-2.3));
#7616=CARTESIAN_POINT('',(-17.5,14.45,-2.3));
#7617=CARTESIAN_POINT('',(1.76961462476793E-15,14.45,-2.3));
#7618=CARTESIAN_POINT('',(-17.5,-9.55,-2.3));
#7619=CARTESIAN_POINT('',(-17.5,2.4125,-2.3));
#7620=CARTESIAN_POINT('',(-1.16953769318572E-15,-9.55,-2.3));
#7621=CARTESIAN_POINT('',(-1.16953769318572E-15,-9.55,-2.3));
#7622=CARTESIAN_POINT('Origin',(2.90853614797496E-16,2.375,-2.3));
#7623=CARTESIAN_POINT('',(-1.16953769318572E-15,-9.55,-2.3));
#7624=CARTESIAN_POINT('',(17.5,-9.55,-2.3));
#7625=CARTESIAN_POINT('',(-1.16953769318572E-15,-9.55,-2.3));
#7626=CARTESIAN_POINT('',(17.5,14.45,-2.3));
#7627=CARTESIAN_POINT('',(17.5,2.4125,-2.3));
#7628=CARTESIAN_POINT('',(8.,14.45,-2.3));
#7629=CARTESIAN_POINT('',(1.76961462476793E-15,14.45,-2.3));
#7630=CARTESIAN_POINT('',(8.,10.1125,-2.3));
#7631=CARTESIAN_POINT('',(18.2,2.375,-2.3));
#7632=CARTESIAN_POINT('Origin',(-1.16953769318572E-15,-9.55,-0.655));
#7633=CARTESIAN_POINT('',(-17.5,-9.55,0.));
#7634=CARTESIAN_POINT('',(-17.5,-9.55,-0.655));
#7635=CARTESIAN_POINT('',(-1.16953769318572E-15,-9.55,0.));
#7636=CARTESIAN_POINT('Origin',(-1.16953769318572E-15,-9.55,-0.655));
#7637=CARTESIAN_POINT('',(17.5,-9.55,0.));
#7638=CARTESIAN_POINT('',(-1.16953769318572E-15,-9.55,0.));
#7639=CARTESIAN_POINT('',(17.5,-9.55,-0.655));
#7640=CARTESIAN_POINT('Origin',(2.90853614797496E-16,2.375,0.));
#7641=CARTESIAN_POINT('',(-24.5,-3.75,0.));
#7642=CARTESIAN_POINT('',(-22.5,-3.75,0.));
#7643=CARTESIAN_POINT('',(-4.59242549680257E-16,-3.75,0.));
#7644=CARTESIAN_POINT('',(-20.,-6.25,0.));
#7645=CARTESIAN_POINT('Origin',(-22.5,-6.25,0.));
#7646=CARTESIAN_POINT('',(-20.,-14.3,0.));
#7647=CARTESIAN_POINT('',(-20.,2.375,0.));
#7648=CARTESIAN_POINT('',(-16.,-18.3,0.));
#7649=CARTESIAN_POINT('Origin',(-16.,-14.3,0.));
#7650=CARTESIAN_POINT('',(16.,-18.3,0.));
#7651=CARTESIAN_POINT('',(-2.24110364243966E-15,-18.3,0.));
#7652=CARTESIAN_POINT('',(20.,-14.3,0.));
#7653=CARTESIAN_POINT('Origin',(16.,-14.3,0.));
#7654=CARTESIAN_POINT('',(20.,-6.25,0.));
#7655=CARTESIAN_POINT('',(20.,2.375,0.));
#7656=CARTESIAN_POINT('',(22.5,-3.75,0.));
#7657=CARTESIAN_POINT('Origin',(22.5,-6.25,0.));
#7658=CARTESIAN_POINT('',(24.5,-3.75,0.));
#7659=CARTESIAN_POINT('',(-4.59242549680257E-16,-3.75,0.));
#7660=CARTESIAN_POINT('',(28.25,-3.00038465791102E-15,0.));
#7661=CARTESIAN_POINT('Origin',(24.5,-3.00038465791102E-15,0.));
#7662=CARTESIAN_POINT('',(24.5,3.75,0.));
#7663=CARTESIAN_POINT('Origin',(24.5,-3.00038465791102E-15,0.));
#7664=CARTESIAN_POINT('',(22.5,3.75,0.));
#7665=CARTESIAN_POINT('',(4.59242549680257E-16,3.75,0.));
#7666=CARTESIAN_POINT('',(20.,6.25,0.));
#7667=CARTESIAN_POINT('Origin',(22.5,6.25,0.));
#7668=CARTESIAN_POINT('',(20.,19.05,0.));
#7669=CARTESIAN_POINT('',(20.,2.375,0.));
#7670=CARTESIAN_POINT('',(16.,23.05,0.));
#7671=CARTESIAN_POINT('Origin',(16.,19.05,0.));
#7672=CARTESIAN_POINT('',(13.5,25.55,0.));
#7673=CARTESIAN_POINT('Origin',(16.,25.55,0.));
#7674=CARTESIAN_POINT('',(13.5,27.05,0.));
#7675=CARTESIAN_POINT('',(13.5,25.55,0.));
#7676=CARTESIAN_POINT('',(10.5,30.05,0.));
#7677=CARTESIAN_POINT('Origin',(10.5,27.05,0.));
#7678=CARTESIAN_POINT('',(-10.5,30.05,0.));
#7679=CARTESIAN_POINT('',(3.6800636314378E-15,30.05,0.));
#7680=CARTESIAN_POINT('',(-13.5,27.05,0.));
#7681=CARTESIAN_POINT('Origin',(-10.5,27.05,0.));
#7682=CARTESIAN_POINT('',(-13.5,25.55,0.));
#7683=CARTESIAN_POINT('',(-13.5,25.55,0.));
#7684=CARTESIAN_POINT('',(-16.,23.05,0.));
#7685=CARTESIAN_POINT('Origin',(-16.,25.55,0.));
#7686=CARTESIAN_POINT('',(-20.,19.05,0.));
#7687=CARTESIAN_POINT('Origin',(-16.,19.05,0.));
#7688=CARTESIAN_POINT('',(-20.,6.25,0.));
#7689=CARTESIAN_POINT('',(-20.,2.375,0.));
#7690=CARTESIAN_POINT('',(-22.5,3.75,0.));
#7691=CARTESIAN_POINT('Origin',(-22.5,6.25,0.));
#7692=CARTESIAN_POINT('',(-24.5,3.75,0.));
#7693=CARTESIAN_POINT('',(4.59242549680257E-16,3.75,0.));
#7694=CARTESIAN_POINT('Origin',(-24.5,3.00038465791102E-15,0.));
#7695=CARTESIAN_POINT('',(-17.5,14.45,0.));
#7696=CARTESIAN_POINT('',(-17.5,2.4125,0.));
#7697=CARTESIAN_POINT('',(-8.,14.45,0.));
#7698=CARTESIAN_POINT('',(1.76961462476793E-15,14.45,0.));
#7699=CARTESIAN_POINT('',(-8.,10.1125,0.));
#7700=CARTESIAN_POINT('',(8.,14.45,0.));
#7701=CARTESIAN_POINT('',(8.,10.1125,0.));
#7702=CARTESIAN_POINT('',(17.5,14.45,0.));
#7703=CARTESIAN_POINT('',(1.76961462476793E-15,14.45,0.));
#7704=CARTESIAN_POINT('',(17.5,2.4125,0.));
#7705=CARTESIAN_POINT('Origin',(-8.,17.85,-0.655));
#7706=CARTESIAN_POINT('',(-8.,14.45,-0.655));
#7707=CARTESIAN_POINT('Origin',(8.,17.85,-0.655));
#7708=CARTESIAN_POINT('',(8.,14.45,-0.655));
#7709=CARTESIAN_POINT('Origin',(1.76961462476793E-15,14.45,-0.655));
#7710=CARTESIAN_POINT('',(17.5,14.45,-0.655));
#7711=CARTESIAN_POINT('Origin',(17.5,2.45,-0.655));
#7712=CARTESIAN_POINT('Origin',(1.76961462476793E-15,14.45,-0.655));
#7713=CARTESIAN_POINT('',(-17.5,14.45,-0.655));
#7714=CARTESIAN_POINT('Origin',(-17.5,2.45,-0.655));
#7715=CARTESIAN_POINT('Origin',(18.2,2.375,-4.55));
#7716=CARTESIAN_POINT('',(18.2,2.375,-5.8));
#7717=CARTESIAN_POINT('Origin',(-18.2,2.375,-4.55));
#7718=CARTESIAN_POINT('Origin',(-24.5,3.00038465791102E-15,-5.6));
#7719=CARTESIAN_POINT('',(-20.75,3.00038465791102E-15,-5.6));
#7720=CARTESIAN_POINT('Origin',(-24.5,3.00038465791102E-15,-5.6));
#7721=CARTESIAN_POINT('Origin',(0.,0.,-3.2));
#7722=CARTESIAN_POINT('',(-24.5,-3.75,-3.2));
#7723=CARTESIAN_POINT('',(-20.75,3.00038465791102E-15,-3.2));
#7724=CARTESIAN_POINT('Origin',(-24.5,3.00038465791102E-15,-3.2));
#7725=CARTESIAN_POINT('',(-24.5,3.75,-3.2));
#7726=CARTESIAN_POINT('Origin',(-24.5,3.00038465791102E-15,-3.2));
#7727=CARTESIAN_POINT('',(-22.5,3.75,-3.2));
#7728=CARTESIAN_POINT('',(4.59242549680257E-16,3.75,-3.2));
#7729=CARTESIAN_POINT('',(-20.,6.25,-3.2));
#7730=CARTESIAN_POINT('Origin',(-22.5,6.25,-3.2));
#7731=CARTESIAN_POINT('',(-20.,-6.25,-3.2));
#7732=CARTESIAN_POINT('',(-20.,1.1875,-3.2));
#7733=CARTESIAN_POINT('',(-22.5,-3.75,-3.2));
#7734=CARTESIAN_POINT('Origin',(-22.5,-6.25,-3.2));
#7735=CARTESIAN_POINT('',(-4.59242549680257E-16,-3.75,-3.2));
#7736=CARTESIAN_POINT('Origin',(24.5,-3.00038465791102E-15,-5.6));
#7737=CARTESIAN_POINT('',(28.25,-3.00038465791102E-15,-5.6));
#7738=CARTESIAN_POINT('Origin',(24.5,-3.00038465791102E-15,-5.6));
#7739=CARTESIAN_POINT('Origin',(-16.,25.55,-1.6));
#7740=CARTESIAN_POINT('',(-16.,23.05,-3.2));
#7741=CARTESIAN_POINT('',(-13.5,25.55,-3.2));
#7742=CARTESIAN_POINT('Origin',(-16.,25.55,-3.2));
#7743=CARTESIAN_POINT('',(-16.,23.05,-2.9));
#7744=CARTESIAN_POINT('',(-13.5,25.55,-1.6));
#7745=CARTESIAN_POINT('Origin',(2.82281087203465E-15,23.05,-2.9));
#7746=CARTESIAN_POINT('',(-16.,23.05,-2.9));
#7747=CARTESIAN_POINT('',(16.,23.05,-3.2));
#7748=CARTESIAN_POINT('',(2.82281087203465E-15,23.05,-3.2));
#7749=CARTESIAN_POINT('',(16.,23.05,-5.8));
#7750=CARTESIAN_POINT('',(16.,23.05,-2.9));
#7751=CARTESIAN_POINT('',(2.82281087203465E-15,23.05,-5.8));
#7752=CARTESIAN_POINT('Origin',(3.12897257182149E-15,25.55,-3.2));
#7753=CARTESIAN_POINT('',(-13.5,27.05,-3.2));
#7754=CARTESIAN_POINT('',(-13.5,25.55,-3.2));
#7755=CARTESIAN_POINT('',(-10.5,30.05,-3.2));
#7756=CARTESIAN_POINT('Origin',(-10.5,27.05,-3.2));
#7757=CARTESIAN_POINT('',(10.5,30.05,-3.2));
#7758=CARTESIAN_POINT('',(3.6800636314378E-15,30.05,-3.2));
#7759=CARTESIAN_POINT('',(13.5,27.05,-3.2));
#7760=CARTESIAN_POINT('Origin',(10.5,27.05,-3.2));
#7761=CARTESIAN_POINT('',(13.5,25.55,-3.2));
#7762=CARTESIAN_POINT('',(13.5,24.05,-3.2));
#7763=CARTESIAN_POINT('Origin',(16.,25.55,-3.2));
#7764=CARTESIAN_POINT('Origin',(-13.5,25.55,-1.6));
#7765=CARTESIAN_POINT('',(-13.5,27.05,-1.6));
#7766=CARTESIAN_POINT('Origin',(16.,25.55,-1.6));
#7767=CARTESIAN_POINT('',(13.5,25.55,-1.6));
#7768=CARTESIAN_POINT('',(16.,23.05,-2.9));
#7769=CARTESIAN_POINT('Origin',(13.5,25.55,-1.6));
#7770=CARTESIAN_POINT('',(13.5,27.05,-1.6));
#7771=CARTESIAN_POINT('Origin',(-10.5,27.05,-1.6));
#7772=CARTESIAN_POINT('',(-10.5,30.05,-1.6));
#7773=CARTESIAN_POINT('Origin',(10.5,27.05,-1.6));
#7774=CARTESIAN_POINT('',(10.5,30.05,-1.6));
#7775=CARTESIAN_POINT('Origin',(3.6800636314378E-15,30.05,-1.6));
#7776=CARTESIAN_POINT('Origin',(-22.5,-6.25,-1.6));
#7777=CARTESIAN_POINT('',(-20.,-6.25,-1.6));
#7778=CARTESIAN_POINT('',(-22.5,-3.75,-1.6));
#7779=CARTESIAN_POINT('Origin',(-4.59242549680257E-16,-3.75,-1.6));
#7780=CARTESIAN_POINT('',(-24.5,-3.75,-1.6));
#7781=CARTESIAN_POINT('Origin',(-22.5,6.25,-1.6));
#7782=CARTESIAN_POINT('',(-22.5,3.75,-1.6));
#7783=CARTESIAN_POINT('',(-20.,6.25,-1.6));
#7784=CARTESIAN_POINT('Origin',(-20.,2.375,-2.9));
#7785=CARTESIAN_POINT('',(-20.,19.05,-2.9));
#7786=CARTESIAN_POINT('',(-20.,-14.3,-2.9));
#7787=CARTESIAN_POINT('Origin',(22.5,-6.25,-1.6));
#7788=CARTESIAN_POINT('',(22.5,-3.75,-3.2));
#7789=CARTESIAN_POINT('',(20.,-6.25,-3.2));
#7790=CARTESIAN_POINT('Origin',(22.5,-6.25,-3.2));
#7791=CARTESIAN_POINT('',(22.5,-3.75,-1.6));
#7792=CARTESIAN_POINT('',(20.,-6.25,-1.6));
#7793=CARTESIAN_POINT('Origin',(20.,2.375,-2.9));
#7794=CARTESIAN_POINT('',(20.,6.25,-3.2));
#7795=CARTESIAN_POINT('',(20.,1.1875,-3.2));
#7796=CARTESIAN_POINT('',(20.,-14.3,-5.8));
#7797=CARTESIAN_POINT('',(20.,-14.3,-2.9));
#7798=CARTESIAN_POINT('',(20.,19.05,-5.8));
#7799=CARTESIAN_POINT('',(20.,2.375,-5.8));
#7800=CARTESIAN_POINT('',(20.,19.05,-2.9));
#7801=CARTESIAN_POINT('',(20.,6.25,-1.6));
#7802=CARTESIAN_POINT('Origin',(22.5,6.25,-1.6));
#7803=CARTESIAN_POINT('',(22.5,3.75,-3.2));
#7804=CARTESIAN_POINT('Origin',(22.5,6.25,-3.2));
#7805=CARTESIAN_POINT('',(22.5,3.75,-1.6));
#7806=CARTESIAN_POINT('Origin',(0.,0.,-3.2));
#7807=CARTESIAN_POINT('',(24.5,3.75,-3.2));
#7808=CARTESIAN_POINT('',(24.5,-3.75,-3.2));
#7809=CARTESIAN_POINT('Origin',(24.5,-3.00038465791102E-15,-3.2));
#7810=CARTESIAN_POINT('',(-4.59242549680257E-16,-3.75,-3.2));
#7811=CARTESIAN_POINT('',(4.59242549680257E-16,3.75,-3.2));
#7812=CARTESIAN_POINT('Origin',(4.59242549680257E-16,3.75,-1.6));
#7813=CARTESIAN_POINT('',(24.5,3.75,-1.6));
#7814=CARTESIAN_POINT('Origin',(4.59242549680257E-16,3.75,-1.6));
#7815=CARTESIAN_POINT('',(-24.5,3.75,-1.6));
#7816=CARTESIAN_POINT('Origin',(-24.5,3.00038465791102E-15,-1.6));
#7817=CARTESIAN_POINT('',(-20.75,3.00038465791102E-15,-1.6));
#7818=CARTESIAN_POINT('Origin',(24.5,-3.00038465791102E-15,-1.6));
#7819=CARTESIAN_POINT('',(24.5,-3.75,-1.6));
#7820=CARTESIAN_POINT('',(28.25,-3.00038465791102E-15,-1.6));
#7821=CARTESIAN_POINT('Origin',(-4.59242549680257E-16,-3.75,-1.6));
#7822=CARTESIAN_POINT('Origin',(-16.,-14.3,-2.9));
#7823=CARTESIAN_POINT('',(-16.,-18.3,-2.9));
#7824=CARTESIAN_POINT('Origin',(-16.,19.05,-2.9));
#7825=CARTESIAN_POINT('Origin',(16.,-14.3,-2.9));
#7826=CARTESIAN_POINT('',(16.,-18.3,-5.8));
#7827=CARTESIAN_POINT('',(16.,-18.3,-2.9));
#7828=CARTESIAN_POINT('Origin',(16.,-14.3,-5.8));
#7829=CARTESIAN_POINT('Origin',(2.90853614797496E-16,2.375,-5.8));
#7830=CARTESIAN_POINT('Origin',(16.,19.05,-5.8));
#7831=CARTESIAN_POINT('',(-2.24110364243966E-15,-18.3,-5.8));
#7832=CARTESIAN_POINT('Origin',(16.,19.05,-2.9));
#7833=CARTESIAN_POINT('Origin',(-2.24110364243966E-15,-18.3,-2.9));
#7834=CARTESIAN_POINT('',(0.,0.,0.));
#7835=CARTESIAN_POINT('',(0.,0.,0.));
#7836=CARTESIAN_POINT('',(0.,0.,0.));
#7837=CARTESIAN_POINT('',(0.,0.,0.));
#7838=CARTESIAN_POINT('',(0.,0.,0.));
#7839=UNCERTAINTY_MEASURE_WITH_UNIT(LENGTH_MEASURE(0.01),#7853,
'DISTANCE_ACCURACY_VALUE',
'Maximum model space distance between geometric entities at asserted c
onnectivities');
#7840=UNCERTAINTY_MEASURE_WITH_UNIT(LENGTH_MEASURE(0.01),#7853,
'DISTANCE_ACCURACY_VALUE',
'Maximum model space distance between geometric entities at asserted c
onnectivities');
#7841=UNCERTAINTY_MEASURE_WITH_UNIT(LENGTH_MEASURE(0.01),#7853,
'DISTANCE_ACCURACY_VALUE',
'Maximum model space distance between geometric entities at asserted c
onnectivities');
#7842=UNCERTAINTY_MEASURE_WITH_UNIT(LENGTH_MEASURE(0.01),#7853,
'DISTANCE_ACCURACY_VALUE',
'Maximum model space distance between geometric entities at asserted c
onnectivities');
#7843=UNCERTAINTY_MEASURE_WITH_UNIT(LENGTH_MEASURE(0.01),#7853,
'DISTANCE_ACCURACY_VALUE',
'Maximum model space distance between geometric entities at asserted c
onnectivities');
#7844=UNCERTAINTY_MEASURE_WITH_UNIT(LENGTH_MEASURE(0.01),#7853,
'DISTANCE_ACCURACY_VALUE',
'Maximum model space distance between geometric entities at asserted c
onnectivities');
#7845=UNCERTAINTY_MEASURE_WITH_UNIT(LENGTH_MEASURE(0.01),#7853,
'DISTANCE_ACCURACY_VALUE',
'Maximum model space distance between geometric entities at asserted c
onnectivities');
#7846=(
GEOMETRIC_REPRESENTATION_CONTEXT(3)
GLOBAL_UNCERTAINTY_ASSIGNED_CONTEXT((#7839))
GLOBAL_UNIT_ASSIGNED_CONTEXT((#7853,#7855,#7856))
REPRESENTATION_CONTEXT('','3D')
);
#7847=(
GEOMETRIC_REPRESENTATION_CONTEXT(3)
GLOBAL_UNCERTAINTY_ASSIGNED_CONTEXT((#7840))
GLOBAL_UNIT_ASSIGNED_CONTEXT((#7853,#7855,#7856))
REPRESENTATION_CONTEXT('','3D')
);
#7848=(
GEOMETRIC_REPRESENTATION_CONTEXT(3)
GLOBAL_UNCERTAINTY_ASSIGNED_CONTEXT((#7841))
GLOBAL_UNIT_ASSIGNED_CONTEXT((#7853,#7855,#7856))
REPRESENTATION_CONTEXT('','3D')
);
#7849=(
GEOMETRIC_REPRESENTATION_CONTEXT(3)
GLOBAL_UNCERTAINTY_ASSIGNED_CONTEXT((#7842))
GLOBAL_UNIT_ASSIGNED_CONTEXT((#7853,#7855,#7856))
REPRESENTATION_CONTEXT('','3D')
);
#7850=(
GEOMETRIC_REPRESENTATION_CONTEXT(3)
GLOBAL_UNCERTAINTY_ASSIGNED_CONTEXT((#7843))
GLOBAL_UNIT_ASSIGNED_CONTEXT((#7853,#7855,#7856))
REPRESENTATION_CONTEXT('','3D')
);
#7851=(
GEOMETRIC_REPRESENTATION_CONTEXT(3)
GLOBAL_UNCERTAINTY_ASSIGNED_CONTEXT((#7844))
GLOBAL_UNIT_ASSIGNED_CONTEXT((#7853,#7855,#7856))
REPRESENTATION_CONTEXT('','3D')
);
#7852=(
GEOMETRIC_REPRESENTATION_CONTEXT(3)
GLOBAL_UNCERTAINTY_ASSIGNED_CONTEXT((#7845))
GLOBAL_UNIT_ASSIGNED_CONTEXT((#7853,#7855,#7856))
REPRESENTATION_CONTEXT('','3D')
);
#7853=(
LENGTH_UNIT()
NAMED_UNIT(*)
SI_UNIT(.MILLI.,.METRE.)
);
#7854=(
LENGTH_UNIT()
NAMED_UNIT(*)
SI_UNIT($,.METRE.)
);
#7855=(
NAMED_UNIT(*)
PLANE_ANGLE_UNIT()
SI_UNIT($,.RADIAN.)
);
#7856=(
NAMED_UNIT(*)
SI_UNIT($,.STERADIAN.)
SOLID_ANGLE_UNIT()
);
#7857=SHAPE_DEFINITION_REPRESENTATION(#7863,#7874);
#7858=SHAPE_DEFINITION_REPRESENTATION(#7864,#7875);
#7859=SHAPE_DEFINITION_REPRESENTATION(#7865,#7876);
#7860=SHAPE_DEFINITION_REPRESENTATION(#7866,#7877);
#7861=SHAPE_DEFINITION_REPRESENTATION(#7867,#7878);
#7862=SHAPE_DEFINITION_REPRESENTATION(#7868,#7879);
#7863=PRODUCT_DEFINITION_SHAPE('',$,#7881);
#7864=PRODUCT_DEFINITION_SHAPE('',$,#7882);
#7865=PRODUCT_DEFINITION_SHAPE('',$,#7883);
#7866=PRODUCT_DEFINITION_SHAPE('',$,#7884);
#7867=PRODUCT_DEFINITION_SHAPE('',$,#7885);
#7868=PRODUCT_DEFINITION_SHAPE('',$,#7886);
#7869=PRODUCT_DEFINITION_SHAPE($,$,#26);
#7870=PRODUCT_DEFINITION_SHAPE($,$,#27);
#7871=PRODUCT_DEFINITION_SHAPE($,$,#28);
#7872=PRODUCT_DEFINITION_SHAPE($,$,#29);
#7873=PRODUCT_DEFINITION_SHAPE($,$,#30);
#7874=SHAPE_REPRESENTATION('',(#4691,#5132),#7846);
#7875=SHAPE_REPRESENTATION('',(#4692,#5128,#5129,#5130,#5131),#7847);
#7876=SHAPE_REPRESENTATION('',(#4693),#7848);
#7877=SHAPE_REPRESENTATION('',(#4710),#7849);
#7878=SHAPE_REPRESENTATION('',(#4829),#7850);
#7879=SHAPE_REPRESENTATION('',(#4906),#7851);
#7880=PRODUCT_DEFINITION_CONTEXT('part definition',#7900,'design');
#7881=PRODUCT_DEFINITION('(Unsaved)','(Unsaved)',#7887,#7880);
#7882=PRODUCT_DEFINITION('Decca_Display_Mount','Decca_Display_Mount',#7888,
#7880);
#7883=PRODUCT_DEFINITION('REF_Decca_Panel','REF_Decca_Panel',#7889,#7880);
#7884=PRODUCT_DEFINITION('Front_Bezel','Front_Bezel',#7890,#7880);
#7885=PRODUCT_DEFINITION('REF_SH1106_1P3','REF_SH1106_1P3',#7891,#7880);
#7886=PRODUCT_DEFINITION('Rear_Display_Carrier','Rear_Display_Carrier',
#7892,#7880);
#7887=PRODUCT_DEFINITION_FORMATION('',$,#7902);
#7888=PRODUCT_DEFINITION_FORMATION('',$,#7903);
#7889=PRODUCT_DEFINITION_FORMATION('',$,#7904);
#7890=PRODUCT_DEFINITION_FORMATION('',$,#7905);
#7891=PRODUCT_DEFINITION_FORMATION('',$,#7906);
#7892=PRODUCT_DEFINITION_FORMATION('',$,#7907);
#7893=PRODUCT_RELATED_PRODUCT_CATEGORY('(Unsaved)','(Unsaved)',(#7902));
#7894=PRODUCT_RELATED_PRODUCT_CATEGORY('Decca_Display_Mount',
'Decca_Display_Mount',(#7903));
#7895=PRODUCT_RELATED_PRODUCT_CATEGORY('REF_Decca_Panel',
'REF_Decca_Panel',(#7904));
#7896=PRODUCT_RELATED_PRODUCT_CATEGORY('Front_Bezel','Front_Bezel',(#7905));
#7897=PRODUCT_RELATED_PRODUCT_CATEGORY('REF_SH1106_1P3',
'REF_SH1106_1P3',(#7906));
#7898=PRODUCT_RELATED_PRODUCT_CATEGORY('Rear_Display_Carrier',
'Rear_Display_Carrier',(#7907));
#7899=APPLICATION_PROTOCOL_DEFINITION('international standard',
'automotive_design',2009,#7900);
#7900=APPLICATION_CONTEXT(
'Core Data for Automotive Mechanical Design Process');
#7901=PRODUCT_CONTEXT('part definition',#7900,'mechanical');
#7902=PRODUCT('(Unsaved)','(Unsaved)',$,(#7901));
#7903=PRODUCT('Decca_Display_Mount','Decca_Display_Mount',$,(#7901));
#7904=PRODUCT('REF_Decca_Panel','REF_Decca_Panel',$,(#7901));
#7905=PRODUCT('Front_Bezel','Front_Bezel',$,(#7901));
#7906=PRODUCT('REF_SH1106_1P3','REF_SH1106_1P3',$,(#7901));
#7907=PRODUCT('Rear_Display_Carrier','Rear_Display_Carrier',$,(#7901));
#7908=PRESENTATION_STYLE_ASSIGNMENT((#7913));
#7909=PRESENTATION_STYLE_ASSIGNMENT((#7914));
#7910=PRESENTATION_STYLE_ASSIGNMENT((#7915));
#7911=PRESENTATION_STYLE_ASSIGNMENT((#7916));
#7912=PRESENTATION_STYLE_ASSIGNMENT((#7917));
#7913=SURFACE_STYLE_USAGE(.BOTH.,#7918);
#7914=SURFACE_STYLE_USAGE(.BOTH.,#7919);
#7915=SURFACE_STYLE_USAGE(.BOTH.,#7920);
#7916=SURFACE_STYLE_USAGE(.BOTH.,#7921);
#7917=SURFACE_STYLE_USAGE(.BOTH.,#7922);
#7918=SURFACE_SIDE_STYLE('',(#7923));
#7919=SURFACE_SIDE_STYLE('',(#7924));
#7920=SURFACE_SIDE_STYLE('',(#7925));
#7921=SURFACE_SIDE_STYLE('',(#7926));
#7922=SURFACE_SIDE_STYLE('',(#7927));
#7923=SURFACE_STYLE_FILL_AREA(#7928);
#7924=SURFACE_STYLE_FILL_AREA(#7929);
#7925=SURFACE_STYLE_FILL_AREA(#7930);
#7926=SURFACE_STYLE_FILL_AREA(#7931);
#7927=SURFACE_STYLE_FILL_AREA(#7932);
#7928=FILL_AREA_STYLE('Steel - Satin',(#7933));
#7929=FILL_AREA_STYLE('Plastic - Matte (Blue)',(#7934));
#7930=FILL_AREA_STYLE('Paint - Enamel Glossy (Black)',(#7935));
#7931=FILL_AREA_STYLE('Plastic - Matte (White)',(#7936));
#7932=FILL_AREA_STYLE('Plastic - Matte (Black)',(#7937));
#7933=FILL_AREA_STYLE_COLOUR('Steel - Satin',#7938);
#7934=FILL_AREA_STYLE_COLOUR('Plastic - Matte (Blue)',#7939);
#7935=FILL_AREA_STYLE_COLOUR('Paint - Enamel Glossy (Black)',#7940);
#7936=FILL_AREA_STYLE_COLOUR('Plastic - Matte (White)',#7941);
#7937=FILL_AREA_STYLE_COLOUR('Plastic - Matte (Black)',#7942);
#7938=COLOUR_RGB('Steel - Satin',0.627450980392157,0.627450980392157,0.627450980392157);
#7939=COLOUR_RGB('Plastic - Matte (Blue)',0.188235294117647,0.231372549019608,
0.588235294117647);
#7940=COLOUR_RGB('Paint - Enamel Glossy (Black)',0.0980392156862745,0.0980392156862745,
0.0980392156862745);
#7941=COLOUR_RGB('Plastic - Matte (White)',0.964705882352941,0.964705882352941,
0.952941176470588);
#7942=COLOUR_RGB('Plastic - Matte (Black)',0.0980392156862745,0.0980392156862745,
0.0980392156862745);
ENDSEC;
END-ISO-10303-21;
