ISO-10303-21;
HEADER;
/* Generated by software containing ST-Developer
 * from STEP Tools, Inc. (www.steptools.com) 
 */

FILE_DESCRIPTION(
/* description */ (''),
/* implementation_level */ '2;1');

FILE_NAME(
/* name */ 'Decca_ESP32_Controller_Housing_assembly.step',
/* time_stamp */ '2026-09-07T16:57:42+01:00',
/* author */ (''),
/* organization */ (''),
/* preprocessor_version */ 'ST-DEVELOPER v20.1',
/* originating_system */ 'Autodesk Translation Framework v15.8.0.0',
/* authorisation */ '');

FILE_SCHEMA (('AUTOMOTIVE_DESIGN { 1 0 10303 214 3 1 1 }'));
ENDSEC;

DATA;
#10=MECHANICAL_DESIGN_GEOMETRIC_PRESENTATION_REPRESENTATION('',(#29,#30,
#31),#5616);
#11=ITEM_DEFINED_TRANSFORMATION($,$,#3446,#3710);
#12=ITEM_DEFINED_TRANSFORMATION($,$,#3601,#3711);
#13=ITEM_DEFINED_TRANSFORMATION($,$,#3686,#3712);
#14=(
REPRESENTATION_RELATIONSHIP($,$,#5633,#5632)
REPRESENTATION_RELATIONSHIP_WITH_TRANSFORMATION(#11)
SHAPE_REPRESENTATION_RELATIONSHIP()
);
#15=(
REPRESENTATION_RELATIONSHIP($,$,#5634,#5632)
REPRESENTATION_RELATIONSHIP_WITH_TRANSFORMATION(#12)
SHAPE_REPRESENTATION_RELATIONSHIP()
);
#16=(
REPRESENTATION_RELATIONSHIP($,$,#5635,#5632)
REPRESENTATION_RELATIONSHIP_WITH_TRANSFORMATION(#13)
SHAPE_REPRESENTATION_RELATIONSHIP()
);
#17=CONTEXT_DEPENDENT_SHAPE_REPRESENTATION(#14,#5629);
#18=CONTEXT_DEPENDENT_SHAPE_REPRESENTATION(#15,#5630);
#19=CONTEXT_DEPENDENT_SHAPE_REPRESENTATION(#16,#5631);
#20=NEXT_ASSEMBLY_USAGE_OCCURRENCE('Housing_Base:1','Housing_Base:1',
'Housing_Base:1',#5637,#5638,'Housing_Base:1');
#21=NEXT_ASSEMBLY_USAGE_OCCURRENCE('Housing_Lid:1','Housing_Lid:1',
'Housing_Lid:1',#5637,#5639,'Housing_Lid:1');
#22=NEXT_ASSEMBLY_USAGE_OCCURRENCE('Cabinet_Fastener_Caps:1',
'Cabinet_Fastener_Caps:1','Cabinet_Fastener_Caps:1',#5637,#5640,
'Cabinet_Fastener_Caps:1');
#23=SHAPE_REPRESENTATION_RELATIONSHIP('SRR','None',#5633,#26);
#24=SHAPE_REPRESENTATION_RELATIONSHIP('SRR','None',#5634,#27);
#25=SHAPE_REPRESENTATION_RELATIONSHIP('SRR','None',#5635,#28);
#26=ADVANCED_BREP_SHAPE_REPRESENTATION('',(#32),#5613);
#27=ADVANCED_BREP_SHAPE_REPRESENTATION('',(#33),#5614);
#28=ADVANCED_BREP_SHAPE_REPRESENTATION('',(#34),#5615);
#29=STYLED_ITEM('',(#5656),#32);
#30=STYLED_ITEM('',(#5656),#33);
#31=STYLED_ITEM('',(#5656),#34);
#32=MANIFOLD_SOLID_BREP('ESP32_Controller_Housing_Base',#3408);
#33=MANIFOLD_SOLID_BREP('ESP32_Controller_Housing_Lid',#3409);
#34=MANIFOLD_SOLID_BREP('ESP32_Controller_Cabinet_Fastener_Cap',#3410);
#35=FACE_BOUND('',#375,.T.);
#36=FACE_BOUND('',#383,.T.);
#37=FACE_BOUND('',#390,.T.);
#38=FACE_BOUND('',#391,.T.);
#39=FACE_BOUND('',#408,.T.);
#40=FACE_BOUND('',#413,.T.);
#41=FACE_BOUND('',#418,.T.);
#42=FACE_BOUND('',#419,.T.);
#43=FACE_BOUND('',#420,.T.);
#44=FACE_BOUND('',#421,.T.);
#45=FACE_BOUND('',#422,.T.);
#46=FACE_BOUND('',#423,.T.);
#47=FACE_BOUND('',#446,.T.);
#48=FACE_BOUND('',#452,.T.);
#49=FACE_BOUND('',#470,.T.);
#50=FACE_BOUND('',#471,.T.);
#51=FACE_BOUND('',#482,.T.);
#52=FACE_BOUND('',#483,.T.);
#53=FACE_BOUND('',#490,.T.);
#54=FACE_BOUND('',#491,.T.);
#55=FACE_BOUND('',#521,.T.);
#56=FACE_BOUND('',#522,.T.);
#57=FACE_BOUND('',#523,.T.);
#58=FACE_BOUND('',#524,.T.);
#59=FACE_BOUND('',#525,.T.);
#60=FACE_BOUND('',#526,.T.);
#61=FACE_BOUND('',#527,.T.);
#62=FACE_BOUND('',#531,.T.);
#63=FACE_BOUND('',#533,.T.);
#64=FACE_BOUND('',#562,.T.);
#65=FACE_BOUND('',#563,.T.);
#66=FACE_BOUND('',#564,.T.);
#67=FACE_BOUND('',#565,.T.);
#68=FACE_BOUND('',#566,.T.);
#69=FACE_BOUND('',#567,.T.);
#70=FACE_BOUND('',#568,.T.);
#71=CONICAL_SURFACE('',#3457,2.55,0.785104132238618);
#72=CONICAL_SURFACE('',#3473,2.55,0.785104132238618);
#73=CIRCLE('',#3450,6.5);
#74=CIRCLE('',#3451,6.5);
#75=CIRCLE('',#3452,6.5);
#76=CIRCLE('',#3453,6.5);
#77=CIRCLE('',#3455,1.7);
#78=CIRCLE('',#3456,1.7);
#79=CIRCLE('',#3458,3.39900058788948);
#80=CIRCLE('',#3460,5.2);
#81=CIRCLE('',#3461,5.2);
#82=CIRCLE('',#3466,6.5);
#83=CIRCLE('',#3467,6.5);
#84=CIRCLE('',#3468,6.5);
#85=CIRCLE('',#3469,6.5);
#86=CIRCLE('',#3471,1.7);
#87=CIRCLE('',#3472,1.7);
#88=CIRCLE('',#3474,3.39900058788948);
#89=CIRCLE('',#3476,5.2);
#90=CIRCLE('',#3477,5.2);
#91=CIRCLE('',#3486,1.4);
#92=CIRCLE('',#3487,3.);
#93=CIRCLE('',#3489,3.);
#94=CIRCLE('',#3490,1.4);
#95=CIRCLE('',#3502,1.7);
#96=CIRCLE('',#3503,1.7);
#97=CIRCLE('',#3506,2.);
#98=CIRCLE('',#3507,2.);
#99=CIRCLE('',#3510,1.7);
#100=CIRCLE('',#3511,1.7);
#101=CIRCLE('',#3514,2.);
#102=CIRCLE('',#3515,2.);
#103=CIRCLE('',#3521,1.4);
#104=CIRCLE('',#3522,1.4);
#105=CIRCLE('',#3523,1.4);
#106=CIRCLE('',#3524,1.4);
#107=CIRCLE('',#3531,1.3);
#108=CIRCLE('',#3532,1.3);
#109=CIRCLE('',#3535,1.3);
#110=CIRCLE('',#3536,1.3);
#111=CIRCLE('',#3573,1.4);
#112=CIRCLE('',#3574,3.);
#113=CIRCLE('',#3575,3.);
#114=CIRCLE('',#3576,1.4);
#115=CIRCLE('',#3590,3.);
#116=CIRCLE('',#3592,3.);
#117=CIRCLE('',#3594,3.);
#118=CIRCLE('',#3596,3.);
#119=CIRCLE('',#3627,3.25);
#120=CIRCLE('',#3628,3.25);
#121=CIRCLE('',#3629,3.25);
#122=CIRCLE('',#3630,3.25);
#123=CIRCLE('',#3631,1.7);
#124=CIRCLE('',#3632,1.7);
#125=CIRCLE('',#3634,4.45);
#126=CIRCLE('',#3635,3.25);
#127=CIRCLE('',#3637,3.25);
#128=CIRCLE('',#3638,4.45);
#129=CIRCLE('',#3642,1.7);
#130=CIRCLE('',#3644,1.7);
#131=CIRCLE('',#3662,3.25);
#132=CIRCLE('',#3665,3.25);
#133=CIRCLE('',#3668,4.45);
#134=CIRCLE('',#3669,4.45);
#135=CIRCLE('',#3674,4.45);
#136=CIRCLE('',#3676,4.45);
#137=CIRCLE('',#3677,4.45);
#138=CIRCLE('',#3678,4.45);
#139=CIRCLE('',#3688,0.9);
#140=CIRCLE('',#3689,0.9);
#141=CIRCLE('',#3691,5.05);
#142=CIRCLE('',#3693,5.05);
#143=CIRCLE('',#3694,5.05);
#144=CIRCLE('',#3695,5.05);
#145=CIRCLE('',#3696,5.05);
#146=CIRCLE('',#3697,5.05);
#147=CIRCLE('',#3698,5.05);
#148=CIRCLE('',#3699,5.05);
#149=CIRCLE('',#3701,0.9);
#150=CIRCLE('',#3702,0.9);
#151=CIRCLE('',#3705,0.9);
#152=CIRCLE('',#3706,0.9);
#153=CYLINDRICAL_SURFACE('',#3449,6.5);
#154=CYLINDRICAL_SURFACE('',#3454,1.7);
#155=CYLINDRICAL_SURFACE('',#3459,5.2);
#156=CYLINDRICAL_SURFACE('',#3465,6.5);
#157=CYLINDRICAL_SURFACE('',#3470,1.7);
#158=CYLINDRICAL_SURFACE('',#3475,5.2);
#159=CYLINDRICAL_SURFACE('',#3501,1.7);
#160=CYLINDRICAL_SURFACE('',#3505,2.);
#161=CYLINDRICAL_SURFACE('',#3509,1.7);
#162=CYLINDRICAL_SURFACE('',#3513,2.);
#163=CYLINDRICAL_SURFACE('',#3530,1.3);
#164=CYLINDRICAL_SURFACE('',#3534,1.3);
#165=CYLINDRICAL_SURFACE('',#3580,1.4);
#166=CYLINDRICAL_SURFACE('',#3582,1.4);
#167=CYLINDRICAL_SURFACE('',#3584,1.4);
#168=CYLINDRICAL_SURFACE('',#3585,1.4);
#169=CYLINDRICAL_SURFACE('',#3589,3.);
#170=CYLINDRICAL_SURFACE('',#3591,3.);
#171=CYLINDRICAL_SURFACE('',#3593,3.);
#172=CYLINDRICAL_SURFACE('',#3597,3.);
#173=CYLINDRICAL_SURFACE('',#3641,1.7);
#174=CYLINDRICAL_SURFACE('',#3643,1.7);
#175=CYLINDRICAL_SURFACE('',#3659,3.25);
#176=CYLINDRICAL_SURFACE('',#3660,3.25);
#177=CYLINDRICAL_SURFACE('',#3661,3.25);
#178=CYLINDRICAL_SURFACE('',#3664,3.25);
#179=CYLINDRICAL_SURFACE('',#3673,4.45);
#180=CYLINDRICAL_SURFACE('',#3679,4.45);
#181=CYLINDRICAL_SURFACE('',#3680,4.45);
#182=CYLINDRICAL_SURFACE('',#3681,4.45);
#183=CYLINDRICAL_SURFACE('',#3687,0.9);
#184=CYLINDRICAL_SURFACE('',#3692,5.05);
#185=CYLINDRICAL_SURFACE('',#3700,0.9);
#186=CYLINDRICAL_SURFACE('',#3704,0.9);
#187=FACE_OUTER_BOUND('',#368,.T.);
#188=FACE_OUTER_BOUND('',#369,.T.);
#189=FACE_OUTER_BOUND('',#370,.T.);
#190=FACE_OUTER_BOUND('',#371,.T.);
#191=FACE_OUTER_BOUND('',#372,.T.);
#192=FACE_OUTER_BOUND('',#373,.T.);
#193=FACE_OUTER_BOUND('',#374,.T.);
#194=FACE_OUTER_BOUND('',#376,.T.);
#195=FACE_OUTER_BOUND('',#377,.T.);
#196=FACE_OUTER_BOUND('',#378,.T.);
#197=FACE_OUTER_BOUND('',#379,.T.);
#198=FACE_OUTER_BOUND('',#380,.T.);
#199=FACE_OUTER_BOUND('',#381,.T.);
#200=FACE_OUTER_BOUND('',#382,.T.);
#201=FACE_OUTER_BOUND('',#384,.T.);
#202=FACE_OUTER_BOUND('',#385,.T.);
#203=FACE_OUTER_BOUND('',#386,.T.);
#204=FACE_OUTER_BOUND('',#387,.T.);
#205=FACE_OUTER_BOUND('',#388,.T.);
#206=FACE_OUTER_BOUND('',#389,.T.);
#207=FACE_OUTER_BOUND('',#392,.T.);
#208=FACE_OUTER_BOUND('',#393,.T.);
#209=FACE_OUTER_BOUND('',#394,.T.);
#210=FACE_OUTER_BOUND('',#395,.T.);
#211=FACE_OUTER_BOUND('',#396,.T.);
#212=FACE_OUTER_BOUND('',#397,.T.);
#213=FACE_OUTER_BOUND('',#398,.T.);
#214=FACE_OUTER_BOUND('',#399,.T.);
#215=FACE_OUTER_BOUND('',#400,.T.);
#216=FACE_OUTER_BOUND('',#401,.T.);
#217=FACE_OUTER_BOUND('',#402,.T.);
#218=FACE_OUTER_BOUND('',#403,.T.);
#219=FACE_OUTER_BOUND('',#404,.T.);
#220=FACE_OUTER_BOUND('',#405,.T.);
#221=FACE_OUTER_BOUND('',#406,.T.);
#222=FACE_OUTER_BOUND('',#407,.T.);
#223=FACE_OUTER_BOUND('',#409,.T.);
#224=FACE_OUTER_BOUND('',#410,.T.);
#225=FACE_OUTER_BOUND('',#411,.T.);
#226=FACE_OUTER_BOUND('',#412,.T.);
#227=FACE_OUTER_BOUND('',#414,.T.);
#228=FACE_OUTER_BOUND('',#415,.T.);
#229=FACE_OUTER_BOUND('',#416,.T.);
#230=FACE_OUTER_BOUND('',#417,.T.);
#231=FACE_OUTER_BOUND('',#424,.T.);
#232=FACE_OUTER_BOUND('',#425,.T.);
#233=FACE_OUTER_BOUND('',#426,.T.);
#234=FACE_OUTER_BOUND('',#427,.T.);
#235=FACE_OUTER_BOUND('',#428,.T.);
#236=FACE_OUTER_BOUND('',#429,.T.);
#237=FACE_OUTER_BOUND('',#430,.T.);
#238=FACE_OUTER_BOUND('',#431,.T.);
#239=FACE_OUTER_BOUND('',#432,.T.);
#240=FACE_OUTER_BOUND('',#433,.T.);
#241=FACE_OUTER_BOUND('',#434,.T.);
#242=FACE_OUTER_BOUND('',#435,.T.);
#243=FACE_OUTER_BOUND('',#436,.T.);
#244=FACE_OUTER_BOUND('',#437,.T.);
#245=FACE_OUTER_BOUND('',#438,.T.);
#246=FACE_OUTER_BOUND('',#439,.T.);
#247=FACE_OUTER_BOUND('',#440,.T.);
#248=FACE_OUTER_BOUND('',#441,.T.);
#249=FACE_OUTER_BOUND('',#442,.T.);
#250=FACE_OUTER_BOUND('',#443,.T.);
#251=FACE_OUTER_BOUND('',#444,.T.);
#252=FACE_OUTER_BOUND('',#445,.T.);
#253=FACE_OUTER_BOUND('',#447,.T.);
#254=FACE_OUTER_BOUND('',#448,.T.);
#255=FACE_OUTER_BOUND('',#449,.T.);
#256=FACE_OUTER_BOUND('',#450,.T.);
#257=FACE_OUTER_BOUND('',#451,.T.);
#258=FACE_OUTER_BOUND('',#453,.T.);
#259=FACE_OUTER_BOUND('',#454,.T.);
#260=FACE_OUTER_BOUND('',#455,.T.);
#261=FACE_OUTER_BOUND('',#456,.T.);
#262=FACE_OUTER_BOUND('',#457,.T.);
#263=FACE_OUTER_BOUND('',#458,.T.);
#264=FACE_OUTER_BOUND('',#459,.T.);
#265=FACE_OUTER_BOUND('',#460,.T.);
#266=FACE_OUTER_BOUND('',#461,.T.);
#267=FACE_OUTER_BOUND('',#462,.T.);
#268=FACE_OUTER_BOUND('',#463,.T.);
#269=FACE_OUTER_BOUND('',#464,.T.);
#270=FACE_OUTER_BOUND('',#465,.T.);
#271=FACE_OUTER_BOUND('',#466,.T.);
#272=FACE_OUTER_BOUND('',#467,.T.);
#273=FACE_OUTER_BOUND('',#468,.T.);
#274=FACE_OUTER_BOUND('',#469,.T.);
#275=FACE_OUTER_BOUND('',#472,.T.);
#276=FACE_OUTER_BOUND('',#473,.T.);
#277=FACE_OUTER_BOUND('',#474,.T.);
#278=FACE_OUTER_BOUND('',#475,.T.);
#279=FACE_OUTER_BOUND('',#476,.T.);
#280=FACE_OUTER_BOUND('',#477,.T.);
#281=FACE_OUTER_BOUND('',#478,.T.);
#282=FACE_OUTER_BOUND('',#479,.T.);
#283=FACE_OUTER_BOUND('',#480,.T.);
#284=FACE_OUTER_BOUND('',#481,.T.);
#285=FACE_OUTER_BOUND('',#484,.T.);
#286=FACE_OUTER_BOUND('',#485,.T.);
#287=FACE_OUTER_BOUND('',#486,.T.);
#288=FACE_OUTER_BOUND('',#487,.T.);
#289=FACE_OUTER_BOUND('',#488,.T.);
#290=FACE_OUTER_BOUND('',#489,.T.);
#291=FACE_OUTER_BOUND('',#492,.T.);
#292=FACE_OUTER_BOUND('',#493,.T.);
#293=FACE_OUTER_BOUND('',#494,.T.);
#294=FACE_OUTER_BOUND('',#495,.T.);
#295=FACE_OUTER_BOUND('',#496,.T.);
#296=FACE_OUTER_BOUND('',#497,.T.);
#297=FACE_OUTER_BOUND('',#498,.T.);
#298=FACE_OUTER_BOUND('',#499,.T.);
#299=FACE_OUTER_BOUND('',#500,.T.);
#300=FACE_OUTER_BOUND('',#501,.T.);
#301=FACE_OUTER_BOUND('',#502,.T.);
#302=FACE_OUTER_BOUND('',#503,.T.);
#303=FACE_OUTER_BOUND('',#504,.T.);
#304=FACE_OUTER_BOUND('',#505,.T.);
#305=FACE_OUTER_BOUND('',#506,.T.);
#306=FACE_OUTER_BOUND('',#507,.T.);
#307=FACE_OUTER_BOUND('',#508,.T.);
#308=FACE_OUTER_BOUND('',#509,.T.);
#309=FACE_OUTER_BOUND('',#510,.T.);
#310=FACE_OUTER_BOUND('',#511,.T.);
#311=FACE_OUTER_BOUND('',#512,.T.);
#312=FACE_OUTER_BOUND('',#513,.T.);
#313=FACE_OUTER_BOUND('',#514,.T.);
#314=FACE_OUTER_BOUND('',#515,.T.);
#315=FACE_OUTER_BOUND('',#516,.T.);
#316=FACE_OUTER_BOUND('',#517,.T.);
#317=FACE_OUTER_BOUND('',#518,.T.);
#318=FACE_OUTER_BOUND('',#519,.T.);
#319=FACE_OUTER_BOUND('',#520,.T.);
#320=FACE_OUTER_BOUND('',#528,.T.);
#321=FACE_OUTER_BOUND('',#529,.T.);
#322=FACE_OUTER_BOUND('',#530,.T.);
#323=FACE_OUTER_BOUND('',#532,.T.);
#324=FACE_OUTER_BOUND('',#534,.T.);
#325=FACE_OUTER_BOUND('',#535,.T.);
#326=FACE_OUTER_BOUND('',#536,.T.);
#327=FACE_OUTER_BOUND('',#537,.T.);
#328=FACE_OUTER_BOUND('',#538,.T.);
#329=FACE_OUTER_BOUND('',#539,.T.);
#330=FACE_OUTER_BOUND('',#540,.T.);
#331=FACE_OUTER_BOUND('',#541,.T.);
#332=FACE_OUTER_BOUND('',#542,.T.);
#333=FACE_OUTER_BOUND('',#543,.T.);
#334=FACE_OUTER_BOUND('',#544,.T.);
#335=FACE_OUTER_BOUND('',#545,.T.);
#336=FACE_OUTER_BOUND('',#546,.T.);
#337=FACE_OUTER_BOUND('',#547,.T.);
#338=FACE_OUTER_BOUND('',#548,.T.);
#339=FACE_OUTER_BOUND('',#549,.T.);
#340=FACE_OUTER_BOUND('',#550,.T.);
#341=FACE_OUTER_BOUND('',#551,.T.);
#342=FACE_OUTER_BOUND('',#552,.T.);
#343=FACE_OUTER_BOUND('',#553,.T.);
#344=FACE_OUTER_BOUND('',#554,.T.);
#345=FACE_OUTER_BOUND('',#555,.T.);
#346=FACE_OUTER_BOUND('',#556,.T.);
#347=FACE_OUTER_BOUND('',#557,.T.);
#348=FACE_OUTER_BOUND('',#558,.T.);
#349=FACE_OUTER_BOUND('',#559,.T.);
#350=FACE_OUTER_BOUND('',#560,.T.);
#351=FACE_OUTER_BOUND('',#561,.T.);
#352=FACE_OUTER_BOUND('',#569,.T.);
#353=FACE_OUTER_BOUND('',#570,.T.);
#354=FACE_OUTER_BOUND('',#571,.T.);
#355=FACE_OUTER_BOUND('',#572,.T.);
#356=FACE_OUTER_BOUND('',#573,.T.);
#357=FACE_OUTER_BOUND('',#574,.T.);
#358=FACE_OUTER_BOUND('',#575,.T.);
#359=FACE_OUTER_BOUND('',#576,.T.);
#360=FACE_OUTER_BOUND('',#577,.T.);
#361=FACE_OUTER_BOUND('',#578,.T.);
#362=FACE_OUTER_BOUND('',#579,.T.);
#363=FACE_OUTER_BOUND('',#580,.T.);
#364=FACE_OUTER_BOUND('',#581,.T.);
#365=FACE_OUTER_BOUND('',#582,.T.);
#366=FACE_OUTER_BOUND('',#583,.T.);
#367=FACE_OUTER_BOUND('',#584,.T.);
#368=EDGE_LOOP('',(#2144,#2145,#2146,#2147));
#369=EDGE_LOOP('',(#2148,#2149,#2150,#2151));
#370=EDGE_LOOP('',(#2152,#2153,#2154,#2155,#2156,#2157,#2158,#2159));
#371=EDGE_LOOP('',(#2160,#2161,#2162,#2163));
#372=EDGE_LOOP('',(#2164,#2165,#2166,#2167));
#373=EDGE_LOOP('',(#2168,#2169,#2170,#2171));
#374=EDGE_LOOP('',(#2172,#2173,#2174,#2175));
#375=EDGE_LOOP('',(#2176));
#376=EDGE_LOOP('',(#2177,#2178,#2179,#2180));
#377=EDGE_LOOP('',(#2181,#2182,#2183,#2184));
#378=EDGE_LOOP('',(#2185,#2186,#2187,#2188,#2189,#2190,#2191,#2192));
#379=EDGE_LOOP('',(#2193,#2194,#2195,#2196));
#380=EDGE_LOOP('',(#2197,#2198,#2199,#2200));
#381=EDGE_LOOP('',(#2201,#2202,#2203,#2204));
#382=EDGE_LOOP('',(#2205,#2206,#2207,#2208));
#383=EDGE_LOOP('',(#2209));
#384=EDGE_LOOP('',(#2210,#2211,#2212,#2213,#2214));
#385=EDGE_LOOP('',(#2215,#2216,#2217,#2218,#2219));
#386=EDGE_LOOP('',(#2220,#2221,#2222,#2223));
#387=EDGE_LOOP('',(#2224,#2225,#2226,#2227));
#388=EDGE_LOOP('',(#2228,#2229,#2230,#2231));
#389=EDGE_LOOP('',(#2232,#2233,#2234,#2235,#2236,#2237,#2238,#2239));
#390=EDGE_LOOP('',(#2240,#2241,#2242,#2243));
#391=EDGE_LOOP('',(#2244,#2245,#2246,#2247));
#392=EDGE_LOOP('',(#2248,#2249,#2250,#2251,#2252,#2253,#2254,#2255));
#393=EDGE_LOOP('',(#2256,#2257,#2258,#2259,#2260,#2261,#2262,#2263));
#394=EDGE_LOOP('',(#2264,#2265,#2266,#2267));
#395=EDGE_LOOP('',(#2268,#2269,#2270,#2271));
#396=EDGE_LOOP('',(#2272,#2273,#2274,#2275));
#397=EDGE_LOOP('',(#2276,#2277,#2278,#2279));
#398=EDGE_LOOP('',(#2280,#2281,#2282,#2283));
#399=EDGE_LOOP('',(#2284,#2285,#2286,#2287));
#400=EDGE_LOOP('',(#2288,#2289,#2290,#2291));
#401=EDGE_LOOP('',(#2292,#2293,#2294,#2295));
#402=EDGE_LOOP('',(#2296,#2297,#2298,#2299));
#403=EDGE_LOOP('',(#2300,#2301,#2302,#2303));
#404=EDGE_LOOP('',(#2304,#2305,#2306,#2307));
#405=EDGE_LOOP('',(#2308));
#406=EDGE_LOOP('',(#2309,#2310,#2311,#2312));
#407=EDGE_LOOP('',(#2313));
#408=EDGE_LOOP('',(#2314));
#409=EDGE_LOOP('',(#2315,#2316,#2317,#2318));
#410=EDGE_LOOP('',(#2319));
#411=EDGE_LOOP('',(#2320,#2321,#2322,#2323));
#412=EDGE_LOOP('',(#2324));
#413=EDGE_LOOP('',(#2325));
#414=EDGE_LOOP('',(#2326,#2327,#2328,#2329));
#415=EDGE_LOOP('',(#2330,#2331,#2332,#2333));
#416=EDGE_LOOP('',(#2334,#2335,#2336,#2337));
#417=EDGE_LOOP('',(#2338,#2339,#2340,#2341,#2342,#2343,#2344,#2345,#2346,
#2347,#2348,#2349,#2350,#2351,#2352,#2353));
#418=EDGE_LOOP('',(#2354));
#419=EDGE_LOOP('',(#2355));
#420=EDGE_LOOP('',(#2356,#2357,#2358,#2359));
#421=EDGE_LOOP('',(#2360,#2361,#2362,#2363));
#422=EDGE_LOOP('',(#2364,#2365,#2366,#2367));
#423=EDGE_LOOP('',(#2368,#2369,#2370,#2371));
#424=EDGE_LOOP('',(#2372,#2373,#2374,#2375));
#425=EDGE_LOOP('',(#2376,#2377,#2378,#2379));
#426=EDGE_LOOP('',(#2380,#2381,#2382,#2383));
#427=EDGE_LOOP('',(#2384,#2385,#2386,#2387));
#428=EDGE_LOOP('',(#2388,#2389,#2390,#2391));
#429=EDGE_LOOP('',(#2392,#2393,#2394,#2395));
#430=EDGE_LOOP('',(#2396));
#431=EDGE_LOOP('',(#2397,#2398,#2399,#2400));
#432=EDGE_LOOP('',(#2401));
#433=EDGE_LOOP('',(#2402,#2403,#2404,#2405));
#434=EDGE_LOOP('',(#2406,#2407,#2408,#2409,#2410));
#435=EDGE_LOOP('',(#2411,#2412,#2413,#2414));
#436=EDGE_LOOP('',(#2415,#2416,#2417,#2418));
#437=EDGE_LOOP('',(#2419,#2420,#2421,#2422,#2423));
#438=EDGE_LOOP('',(#2424,#2425,#2426,#2427));
#439=EDGE_LOOP('',(#2428,#2429,#2430,#2431));
#440=EDGE_LOOP('',(#2432,#2433,#2434,#2435,#2436));
#441=EDGE_LOOP('',(#2437,#2438,#2439,#2440));
#442=EDGE_LOOP('',(#2441,#2442,#2443,#2444));
#443=EDGE_LOOP('',(#2445,#2446,#2447,#2448,#2449));
#444=EDGE_LOOP('',(#2450,#2451,#2452,#2453));
#445=EDGE_LOOP('',(#2454,#2455,#2456,#2457));
#446=EDGE_LOOP('',(#2458));
#447=EDGE_LOOP('',(#2459,#2460,#2461,#2462));
#448=EDGE_LOOP('',(#2463,#2464,#2465,#2466));
#449=EDGE_LOOP('',(#2467,#2468,#2469,#2470));
#450=EDGE_LOOP('',(#2471,#2472,#2473,#2474));
#451=EDGE_LOOP('',(#2475,#2476,#2477,#2478));
#452=EDGE_LOOP('',(#2479));
#453=EDGE_LOOP('',(#2480,#2481,#2482,#2483));
#454=EDGE_LOOP('',(#2484,#2485,#2486,#2487));
#455=EDGE_LOOP('',(#2488,#2489,#2490,#2491));
#456=EDGE_LOOP('',(#2492,#2493,#2494,#2495));
#457=EDGE_LOOP('',(#2496,#2497,#2498,#2499));
#458=EDGE_LOOP('',(#2500,#2501,#2502,#2503));
#459=EDGE_LOOP('',(#2504,#2505,#2506,#2507));
#460=EDGE_LOOP('',(#2508,#2509,#2510,#2511));
#461=EDGE_LOOP('',(#2512,#2513,#2514,#2515));
#462=EDGE_LOOP('',(#2516,#2517,#2518,#2519));
#463=EDGE_LOOP('',(#2520,#2521,#2522,#2523));
#464=EDGE_LOOP('',(#2524,#2525,#2526,#2527));
#465=EDGE_LOOP('',(#2528,#2529,#2530,#2531));
#466=EDGE_LOOP('',(#2532,#2533,#2534,#2535));
#467=EDGE_LOOP('',(#2536,#2537,#2538,#2539));
#468=EDGE_LOOP('',(#2540,#2541,#2542,#2543));
#469=EDGE_LOOP('',(#2544,#2545,#2546,#2547,#2548,#2549,#2550,#2551,#2552,
#2553,#2554,#2555,#2556,#2557,#2558,#2559,#2560,#2561,#2562,#2563));
#470=EDGE_LOOP('',(#2564));
#471=EDGE_LOOP('',(#2565));
#472=EDGE_LOOP('',(#2566,#2567,#2568,#2569));
#473=EDGE_LOOP('',(#2570,#2571,#2572,#2573));
#474=EDGE_LOOP('',(#2574,#2575,#2576,#2577));
#475=EDGE_LOOP('',(#2578,#2579,#2580,#2581));
#476=EDGE_LOOP('',(#2582,#2583,#2584,#2585));
#477=EDGE_LOOP('',(#2586,#2587,#2588,#2589));
#478=EDGE_LOOP('',(#2590,#2591,#2592,#2593,#2594,#2595,#2596,#2597));
#479=EDGE_LOOP('',(#2598,#2599,#2600,#2601));
#480=EDGE_LOOP('',(#2602,#2603,#2604,#2605));
#481=EDGE_LOOP('',(#2606,#2607,#2608,#2609,#2610,#2611,#2612,#2613));
#482=EDGE_LOOP('',(#2614,#2615,#2616,#2617));
#483=EDGE_LOOP('',(#2618,#2619,#2620,#2621));
#484=EDGE_LOOP('',(#2622,#2623,#2624,#2625,#2626,#2627,#2628,#2629));
#485=EDGE_LOOP('',(#2630,#2631,#2632,#2633));
#486=EDGE_LOOP('',(#2634,#2635,#2636,#2637));
#487=EDGE_LOOP('',(#2638,#2639,#2640,#2641));
#488=EDGE_LOOP('',(#2642,#2643,#2644,#2645));
#489=EDGE_LOOP('',(#2646,#2647,#2648,#2649,#2650,#2651,#2652,#2653));
#490=EDGE_LOOP('',(#2654));
#491=EDGE_LOOP('',(#2655));
#492=EDGE_LOOP('',(#2656,#2657,#2658,#2659));
#493=EDGE_LOOP('',(#2660,#2661,#2662,#2663));
#494=EDGE_LOOP('',(#2664,#2665,#2666,#2667,#2668,#2669,#2670,#2671));
#495=EDGE_LOOP('',(#2672,#2673,#2674,#2675,#2676,#2677,#2678,#2679));
#496=EDGE_LOOP('',(#2680,#2681,#2682,#2683));
#497=EDGE_LOOP('',(#2684,#2685,#2686,#2687));
#498=EDGE_LOOP('',(#2688,#2689,#2690,#2691));
#499=EDGE_LOOP('',(#2692,#2693,#2694,#2695));
#500=EDGE_LOOP('',(#2696,#2697,#2698,#2699));
#501=EDGE_LOOP('',(#2700,#2701,#2702,#2703));
#502=EDGE_LOOP('',(#2704,#2705,#2706,#2707));
#503=EDGE_LOOP('',(#2708,#2709,#2710,#2711));
#504=EDGE_LOOP('',(#2712,#2713,#2714,#2715));
#505=EDGE_LOOP('',(#2716,#2717,#2718,#2719));
#506=EDGE_LOOP('',(#2720,#2721,#2722,#2723));
#507=EDGE_LOOP('',(#2724,#2725,#2726,#2727));
#508=EDGE_LOOP('',(#2728,#2729,#2730,#2731));
#509=EDGE_LOOP('',(#2732,#2733,#2734,#2735));
#510=EDGE_LOOP('',(#2736,#2737,#2738,#2739));
#511=EDGE_LOOP('',(#2740,#2741,#2742,#2743));
#512=EDGE_LOOP('',(#2744,#2745,#2746,#2747));
#513=EDGE_LOOP('',(#2748,#2749,#2750,#2751));
#514=EDGE_LOOP('',(#2752,#2753,#2754,#2755));
#515=EDGE_LOOP('',(#2756,#2757,#2758,#2759));
#516=EDGE_LOOP('',(#2760,#2761,#2762,#2763,#2764,#2765));
#517=EDGE_LOOP('',(#2766,#2767,#2768,#2769));
#518=EDGE_LOOP('',(#2770,#2771,#2772,#2773));
#519=EDGE_LOOP('',(#2774,#2775,#2776,#2777,#2778,#2779));
#520=EDGE_LOOP('',(#2780,#2781,#2782,#2783,#2784,#2785,#2786,#2787,#2788,
#2789,#2790,#2791,#2792,#2793,#2794,#2795,#2796,#2797,#2798,#2799));
#521=EDGE_LOOP('',(#2800,#2801,#2802,#2803));
#522=EDGE_LOOP('',(#2804,#2805,#2806,#2807));
#523=EDGE_LOOP('',(#2808,#2809,#2810,#2811));
#524=EDGE_LOOP('',(#2812,#2813,#2814,#2815));
#525=EDGE_LOOP('',(#2816,#2817,#2818,#2819));
#526=EDGE_LOOP('',(#2820));
#527=EDGE_LOOP('',(#2821));
#528=EDGE_LOOP('',(#2822,#2823,#2824,#2825,#2826,#2827,#2828,#2829));
#529=EDGE_LOOP('',(#2830,#2831,#2832,#2833,#2834,#2835,#2836,#2837));
#530=EDGE_LOOP('',(#2838,#2839,#2840,#2841));
#531=EDGE_LOOP('',(#2842,#2843,#2844,#2845));
#532=EDGE_LOOP('',(#2846,#2847,#2848,#2849));
#533=EDGE_LOOP('',(#2850,#2851,#2852,#2853));
#534=EDGE_LOOP('',(#2854,#2855,#2856,#2857));
#535=EDGE_LOOP('',(#2858,#2859,#2860,#2861));
#536=EDGE_LOOP('',(#2862,#2863,#2864,#2865));
#537=EDGE_LOOP('',(#2866,#2867,#2868,#2869));
#538=EDGE_LOOP('',(#2870,#2871,#2872,#2873));
#539=EDGE_LOOP('',(#2874,#2875,#2876,#2877));
#540=EDGE_LOOP('',(#2878,#2879,#2880,#2881));
#541=EDGE_LOOP('',(#2882,#2883,#2884,#2885));
#542=EDGE_LOOP('',(#2886,#2887,#2888,#2889));
#543=EDGE_LOOP('',(#2890,#2891,#2892,#2893));
#544=EDGE_LOOP('',(#2894,#2895,#2896,#2897));
#545=EDGE_LOOP('',(#2898,#2899,#2900,#2901));
#546=EDGE_LOOP('',(#2902,#2903,#2904,#2905));
#547=EDGE_LOOP('',(#2906,#2907,#2908,#2909));
#548=EDGE_LOOP('',(#2910,#2911,#2912,#2913));
#549=EDGE_LOOP('',(#2914,#2915,#2916,#2917));
#550=EDGE_LOOP('',(#2918,#2919,#2920,#2921));
#551=EDGE_LOOP('',(#2922,#2923,#2924,#2925));
#552=EDGE_LOOP('',(#2926,#2927,#2928,#2929));
#553=EDGE_LOOP('',(#2930,#2931,#2932,#2933));
#554=EDGE_LOOP('',(#2934,#2935,#2936,#2937));
#555=EDGE_LOOP('',(#2938,#2939,#2940,#2941));
#556=EDGE_LOOP('',(#2942,#2943,#2944,#2945,#2946,#2947,#2948,#2949,#2950,
#2951,#2952,#2953));
#557=EDGE_LOOP('',(#2954,#2955,#2956,#2957));
#558=EDGE_LOOP('',(#2958,#2959,#2960,#2961));
#559=EDGE_LOOP('',(#2962,#2963,#2964,#2965));
#560=EDGE_LOOP('',(#2966,#2967,#2968,#2969));
#561=EDGE_LOOP('',(#2970,#2971,#2972,#2973,#2974,#2975,#2976,#2977));
#562=EDGE_LOOP('',(#2978,#2979,#2980,#2981));
#563=EDGE_LOOP('',(#2982,#2983,#2984,#2985));
#564=EDGE_LOOP('',(#2986,#2987,#2988,#2989));
#565=EDGE_LOOP('',(#2990,#2991,#2992,#2993));
#566=EDGE_LOOP('',(#2994,#2995,#2996,#2997));
#567=EDGE_LOOP('',(#2998));
#568=EDGE_LOOP('',(#2999));
#569=EDGE_LOOP('',(#3000,#3001,#3002,#3003));
#570=EDGE_LOOP('',(#3004,#3005,#3006,#3007));
#571=EDGE_LOOP('',(#3008,#3009,#3010,#3011));
#572=EDGE_LOOP('',(#3012,#3013,#3014,#3015,#3016,#3017,#3018,#3019));
#573=EDGE_LOOP('',(#3020,#3021,#3022,#3023));
#574=EDGE_LOOP('',(#3024,#3025,#3026,#3027,#3028,#3029,#3030,#3031));
#575=EDGE_LOOP('',(#3032,#3033,#3034,#3035,#3036,#3037,#3038,#3039));
#576=EDGE_LOOP('',(#3040,#3041,#3042,#3043));
#577=EDGE_LOOP('',(#3044,#3045));
#578=EDGE_LOOP('',(#3046,#3047,#3048,#3049,#3050,#3051,#3052,#3053,#3054,
#3055,#3056,#3057,#3058,#3059,#3060,#3061));
#579=EDGE_LOOP('',(#3062,#3063,#3064,#3065));
#580=EDGE_LOOP('',(#3066,#3067));
#581=EDGE_LOOP('',(#3068,#3069,#3070,#3071));
#582=EDGE_LOOP('',(#3072,#3073));
#583=EDGE_LOOP('',(#3074));
#584=EDGE_LOOP('',(#3075,#3076,#3077,#3078,#3079,#3080,#3081));
#585=LINE('',#4643,#974);
#586=LINE('',#4645,#975);
#587=LINE('',#4647,#976);
#588=LINE('',#4648,#977);
#589=LINE('',#4652,#978);
#590=LINE('',#4654,#979);
#591=LINE('',#4656,#980);
#592=LINE('',#4657,#981);
#593=LINE('',#4663,#982);
#594=LINE('',#4670,#983);
#595=LINE('',#4674,#984);
#596=LINE('',#4683,#985);
#597=LINE('',#4685,#986);
#598=LINE('',#4687,#987);
#599=LINE('',#4688,#988);
#600=LINE('',#4692,#989);
#601=LINE('',#4694,#990);
#602=LINE('',#4696,#991);
#603=LINE('',#4697,#992);
#604=LINE('',#4703,#993);
#605=LINE('',#4710,#994);
#606=LINE('',#4714,#995);
#607=LINE('',#4725,#996);
#608=LINE('',#4727,#997);
#609=LINE('',#4729,#998);
#610=LINE('',#4730,#999);
#611=LINE('',#4733,#1000);
#612=LINE('',#4735,#1001);
#613=LINE('',#4736,#1002);
#614=LINE('',#4739,#1003);
#615=LINE('',#4741,#1004);
#616=LINE('',#4742,#1005);
#617=LINE('',#4745,#1006);
#618=LINE('',#4747,#1007);
#619=LINE('',#4749,#1008);
#620=LINE('',#4751,#1009);
#621=LINE('',#4752,#1010);
#622=LINE('',#4755,#1011);
#623=LINE('',#4757,#1012);
#624=LINE('',#4759,#1013);
#625=LINE('',#4760,#1014);
#626=LINE('',#4763,#1015);
#627=LINE('',#4765,#1016);
#628=LINE('',#4767,#1017);
#629=LINE('',#4768,#1018);
#630=LINE('',#4771,#1019);
#631=LINE('',#4775,#1020);
#632=LINE('',#4777,#1021);
#633=LINE('',#4779,#1022);
#634=LINE('',#4785,#1023);
#635=LINE('',#4787,#1024);
#636=LINE('',#4789,#1025);
#637=LINE('',#4792,#1026);
#638=LINE('',#4795,#1027);
#639=LINE('',#4797,#1028);
#640=LINE('',#4798,#1029);
#641=LINE('',#4801,#1030);
#642=LINE('',#4802,#1031);
#643=LINE('',#4805,#1032);
#644=LINE('',#4806,#1033);
#645=LINE('',#4808,#1034);
#646=LINE('',#4812,#1035);
#647=LINE('',#4814,#1036);
#648=LINE('',#4815,#1037);
#649=LINE('',#4818,#1038);
#650=LINE('',#4819,#1039);
#651=LINE('',#4822,#1040);
#652=LINE('',#4823,#1041);
#653=LINE('',#4825,#1042);
#654=LINE('',#4831,#1043);
#655=LINE('',#4838,#1044);
#656=LINE('',#4845,#1045);
#657=LINE('',#4852,#1046);
#658=LINE('',#4858,#1047);
#659=LINE('',#4860,#1048);
#660=LINE('',#4862,#1049);
#661=LINE('',#4863,#1050);
#662=LINE('',#4867,#1051);
#663=LINE('',#4868,#1052);
#664=LINE('',#4869,#1053);
#665=LINE('',#4873,#1054);
#666=LINE('',#4874,#1055);
#667=LINE('',#4875,#1056);
#668=LINE('',#4878,#1057);
#669=LINE('',#4882,#1058);
#670=LINE('',#4886,#1059);
#671=LINE('',#4890,#1060);
#672=LINE('',#4894,#1061);
#673=LINE('',#4896,#1062);
#674=LINE('',#4898,#1063);
#675=LINE('',#4900,#1064);
#676=LINE('',#4901,#1065);
#677=LINE('',#4904,#1066);
#678=LINE('',#4906,#1067);
#679=LINE('',#4908,#1068);
#680=LINE('',#4909,#1069);
#681=LINE('',#4912,#1070);
#682=LINE('',#4914,#1071);
#683=LINE('',#4916,#1072);
#684=LINE('',#4917,#1073);
#685=LINE('',#4920,#1074);
#686=LINE('',#4922,#1075);
#687=LINE('',#4924,#1076);
#688=LINE('',#4925,#1077);
#689=LINE('',#4928,#1078);
#690=LINE('',#4930,#1079);
#691=LINE('',#4932,#1080);
#692=LINE('',#4933,#1081);
#693=LINE('',#4936,#1082);
#694=LINE('',#4937,#1083);
#695=LINE('',#4940,#1084);
#696=LINE('',#4942,#1085);
#697=LINE('',#4943,#1086);
#698=LINE('',#4946,#1087);
#699=LINE('',#4947,#1088);
#700=LINE('',#4950,#1089);
#701=LINE('',#4951,#1090);
#702=LINE('',#4953,#1091);
#703=LINE('',#4958,#1092);
#704=LINE('',#4965,#1093);
#705=LINE('',#4971,#1094);
#706=LINE('',#4973,#1095);
#707=LINE('',#4975,#1096);
#708=LINE('',#4976,#1097);
#709=LINE('',#4979,#1098);
#710=LINE('',#4981,#1099);
#711=LINE('',#4983,#1100);
#712=LINE('',#4984,#1101);
#713=LINE('',#4987,#1102);
#714=LINE('',#4988,#1103);
#715=LINE('',#4991,#1104);
#716=LINE('',#4993,#1105);
#717=LINE('',#4994,#1106);
#718=LINE('',#4996,#1107);
#719=LINE('',#4997,#1108);
#720=LINE('',#5002,#1109);
#721=LINE('',#5004,#1110);
#722=LINE('',#5006,#1111);
#723=LINE('',#5007,#1112);
#724=LINE('',#5010,#1113);
#725=LINE('',#5012,#1114);
#726=LINE('',#5014,#1115);
#727=LINE('',#5015,#1116);
#728=LINE('',#5018,#1117);
#729=LINE('',#5019,#1118);
#730=LINE('',#5022,#1119);
#731=LINE('',#5024,#1120);
#732=LINE('',#5025,#1121);
#733=LINE('',#5027,#1122);
#734=LINE('',#5028,#1123);
#735=LINE('',#5033,#1124);
#736=LINE('',#5035,#1125);
#737=LINE('',#5037,#1126);
#738=LINE('',#5038,#1127);
#739=LINE('',#5040,#1128);
#740=LINE('',#5041,#1129);
#741=LINE('',#5043,#1130);
#742=LINE('',#5045,#1131);
#743=LINE('',#5050,#1132);
#744=LINE('',#5052,#1133);
#745=LINE('',#5054,#1134);
#746=LINE('',#5055,#1135);
#747=LINE('',#5057,#1136);
#748=LINE('',#5058,#1137);
#749=LINE('',#5060,#1138);
#750=LINE('',#5062,#1139);
#751=LINE('',#5067,#1140);
#752=LINE('',#5069,#1141);
#753=LINE('',#5071,#1142);
#754=LINE('',#5072,#1143);
#755=LINE('',#5074,#1144);
#756=LINE('',#5075,#1145);
#757=LINE('',#5077,#1146);
#758=LINE('',#5079,#1147);
#759=LINE('',#5084,#1148);
#760=LINE('',#5086,#1149);
#761=LINE('',#5088,#1150);
#762=LINE('',#5089,#1151);
#763=LINE('',#5091,#1152);
#764=LINE('',#5092,#1153);
#765=LINE('',#5094,#1154);
#766=LINE('',#5096,#1155);
#767=LINE('',#5100,#1156);
#768=LINE('',#5102,#1157);
#769=LINE('',#5103,#1158);
#770=LINE('',#5106,#1159);
#771=LINE('',#5108,#1160);
#772=LINE('',#5109,#1161);
#773=LINE('',#5112,#1162);
#774=LINE('',#5116,#1163);
#775=LINE('',#5118,#1164);
#776=LINE('',#5120,#1165);
#777=LINE('',#5124,#1166);
#778=LINE('',#5128,#1167);
#779=LINE('',#5130,#1168);
#780=LINE('',#5132,#1169);
#781=LINE('',#5136,#1170);
#782=LINE('',#5138,#1171);
#783=LINE('',#5139,#1172);
#784=LINE('',#5142,#1173);
#785=LINE('',#5144,#1174);
#786=LINE('',#5145,#1175);
#787=LINE('',#5147,#1176);
#788=LINE('',#5148,#1177);
#789=LINE('',#5150,#1178);
#790=LINE('',#5152,#1179);
#791=LINE('',#5154,#1180);
#792=LINE('',#5156,#1181);
#793=LINE('',#5158,#1182);
#794=LINE('',#5159,#1183);
#795=LINE('',#5161,#1184);
#796=LINE('',#5164,#1185);
#797=LINE('',#5166,#1186);
#798=LINE('',#5169,#1187);
#799=LINE('',#5172,#1188);
#800=LINE('',#5175,#1189);
#801=LINE('',#5178,#1190);
#802=LINE('',#5181,#1191);
#803=LINE('',#5184,#1192);
#804=LINE('',#5186,#1193);
#805=LINE('',#5188,#1194);
#806=LINE('',#5190,#1195);
#807=LINE('',#5198,#1196);
#808=LINE('',#5200,#1197);
#809=LINE('',#5202,#1198);
#810=LINE('',#5203,#1199);
#811=LINE('',#5206,#1200);
#812=LINE('',#5208,#1201);
#813=LINE('',#5209,#1202);
#814=LINE('',#5212,#1203);
#815=LINE('',#5214,#1204);
#816=LINE('',#5215,#1205);
#817=LINE('',#5217,#1206);
#818=LINE('',#5218,#1207);
#819=LINE('',#5222,#1208);
#820=LINE('',#5224,#1209);
#821=LINE('',#5226,#1210);
#822=LINE('',#5227,#1211);
#823=LINE('',#5230,#1212);
#824=LINE('',#5232,#1213);
#825=LINE('',#5233,#1214);
#826=LINE('',#5236,#1215);
#827=LINE('',#5238,#1216);
#828=LINE('',#5239,#1217);
#829=LINE('',#5241,#1218);
#830=LINE('',#5242,#1219);
#831=LINE('',#5246,#1220);
#832=LINE('',#5248,#1221);
#833=LINE('',#5250,#1222);
#834=LINE('',#5251,#1223);
#835=LINE('',#5254,#1224);
#836=LINE('',#5256,#1225);
#837=LINE('',#5257,#1226);
#838=LINE('',#5260,#1227);
#839=LINE('',#5262,#1228);
#840=LINE('',#5263,#1229);
#841=LINE('',#5265,#1230);
#842=LINE('',#5266,#1231);
#843=LINE('',#5270,#1232);
#844=LINE('',#5272,#1233);
#845=LINE('',#5274,#1234);
#846=LINE('',#5275,#1235);
#847=LINE('',#5278,#1236);
#848=LINE('',#5280,#1237);
#849=LINE('',#5281,#1238);
#850=LINE('',#5284,#1239);
#851=LINE('',#5286,#1240);
#852=LINE('',#5287,#1241);
#853=LINE('',#5289,#1242);
#854=LINE('',#5290,#1243);
#855=LINE('',#5294,#1244);
#856=LINE('',#5296,#1245);
#857=LINE('',#5298,#1246);
#858=LINE('',#5299,#1247);
#859=LINE('',#5302,#1248);
#860=LINE('',#5304,#1249);
#861=LINE('',#5305,#1250);
#862=LINE('',#5308,#1251);
#863=LINE('',#5310,#1252);
#864=LINE('',#5311,#1253);
#865=LINE('',#5313,#1254);
#866=LINE('',#5314,#1255);
#867=LINE('',#5318,#1256);
#868=LINE('',#5320,#1257);
#869=LINE('',#5322,#1258);
#870=LINE('',#5324,#1259);
#871=LINE('',#5326,#1260);
#872=LINE('',#5327,#1261);
#873=LINE('',#5330,#1262);
#874=LINE('',#5332,#1263);
#875=LINE('',#5333,#1264);
#876=LINE('',#5336,#1265);
#877=LINE('',#5337,#1266);
#878=LINE('',#5340,#1267);
#879=LINE('',#5342,#1268);
#880=LINE('',#5344,#1269);
#881=LINE('',#5345,#1270);
#882=LINE('',#5348,#1271);
#883=LINE('',#5352,#1272);
#884=LINE('',#5354,#1273);
#885=LINE('',#5356,#1274);
#886=LINE('',#5358,#1275);
#887=LINE('',#5360,#1276);
#888=LINE('',#5364,#1277);
#889=LINE('',#5368,#1278);
#890=LINE('',#5370,#1279);
#891=LINE('',#5372,#1280);
#892=LINE('',#5374,#1281);
#893=LINE('',#5376,#1282);
#894=LINE('',#5379,#1283);
#895=LINE('',#5386,#1284);
#896=LINE('',#5390,#1285);
#897=LINE('',#5392,#1286);
#898=LINE('',#5394,#1287);
#899=LINE('',#5397,#1288);
#900=LINE('',#5400,#1289);
#901=LINE('',#5404,#1290);
#902=LINE('',#5406,#1291);
#903=LINE('',#5408,#1292);
#904=LINE('',#5411,#1293);
#905=LINE('',#5413,#1294);
#906=LINE('',#5416,#1295);
#907=LINE('',#5418,#1296);
#908=LINE('',#5420,#1297);
#909=LINE('',#5421,#1298);
#910=LINE('',#5423,#1299);
#911=LINE('',#5426,#1300);
#912=LINE('',#5428,#1301);
#913=LINE('',#5430,#1302);
#914=LINE('',#5431,#1303);
#915=LINE('',#5434,#1304);
#916=LINE('',#5438,#1305);
#917=LINE('',#5443,#1306);
#918=LINE('',#5444,#1307);
#919=LINE('',#5445,#1308);
#920=LINE('',#5449,#1309);
#921=LINE('',#5450,#1310);
#922=LINE('',#5451,#1311);
#923=LINE('',#5453,#1312);
#924=LINE('',#5455,#1313);
#925=LINE('',#5460,#1314);
#926=LINE('',#5461,#1315);
#927=LINE('',#5462,#1316);
#928=LINE('',#5466,#1317);
#929=LINE('',#5467,#1318);
#930=LINE('',#5468,#1319);
#931=LINE('',#5470,#1320);
#932=LINE('',#5472,#1321);
#933=LINE('',#5475,#1322);
#934=LINE('',#5476,#1323);
#935=LINE('',#5478,#1324);
#936=LINE('',#5479,#1325);
#937=LINE('',#5481,#1326);
#938=LINE('',#5483,#1327);
#939=LINE('',#5488,#1328);
#940=LINE('',#5491,#1329);
#941=LINE('',#5494,#1330);
#942=LINE('',#5495,#1331);
#943=LINE('',#5498,#1332);
#944=LINE('',#5502,#1333);
#945=LINE('',#5503,#1334);
#946=LINE('',#5507,#1335);
#947=LINE('',#5508,#1336);
#948=LINE('',#5510,#1337);
#949=LINE('',#5512,#1338);
#950=LINE('',#5516,#1339);
#951=LINE('',#5519,#1340);
#952=LINE('',#5521,#1341);
#953=LINE('',#5523,#1342);
#954=LINE('',#5525,#1343);
#955=LINE('',#5528,#1344);
#956=LINE('',#5530,#1345);
#957=LINE('',#5534,#1346);
#958=LINE('',#5538,#1347);
#959=LINE('',#5542,#1348);
#960=LINE('',#5545,#1349);
#961=LINE('',#5547,#1350);
#962=LINE('',#5548,#1351);
#963=LINE('',#5550,#1352);
#964=LINE('',#5551,#1353);
#965=LINE('',#5553,#1354);
#966=LINE('',#5554,#1355);
#967=LINE('',#5563,#1356);
#968=LINE('',#5567,#1357);
#969=LINE('',#5575,#1358);
#970=LINE('',#5580,#1359);
#971=LINE('',#5584,#1360);
#972=LINE('',#5588,#1361);
#973=LINE('',#5592,#1362);
#974=VECTOR('',#3719,10.);
#975=VECTOR('',#3720,10.);
#976=VECTOR('',#3721,10.);
#977=VECTOR('',#3722,10.);
#978=VECTOR('',#3725,10.);
#979=VECTOR('',#3726,10.);
#980=VECTOR('',#3727,10.);
#981=VECTOR('',#3728,10.);
#982=VECTOR('',#3735,6.5);
#983=VECTOR('',#3744,1.7);
#984=VECTOR('',#3749,2.55);
#985=VECTOR('',#3762,10.);
#986=VECTOR('',#3763,10.);
#987=VECTOR('',#3764,10.);
#988=VECTOR('',#3765,10.);
#989=VECTOR('',#3768,10.);
#990=VECTOR('',#3769,10.);
#991=VECTOR('',#3770,10.);
#992=VECTOR('',#3771,10.);
#993=VECTOR('',#3778,6.5);
#994=VECTOR('',#3787,1.7);
#995=VECTOR('',#3792,2.55);
#996=VECTOR('',#3809,10.);
#997=VECTOR('',#3810,10.);
#998=VECTOR('',#3811,10.);
#999=VECTOR('',#3812,10.);
#1000=VECTOR('',#3815,10.);
#1001=VECTOR('',#3816,10.);
#1002=VECTOR('',#3817,10.);
#1003=VECTOR('',#3820,10.);
#1004=VECTOR('',#3821,10.);
#1005=VECTOR('',#3822,10.);
#1006=VECTOR('',#3825,10.);
#1007=VECTOR('',#3826,10.);
#1008=VECTOR('',#3827,10.);
#1009=VECTOR('',#3828,10.);
#1010=VECTOR('',#3829,10.);
#1011=VECTOR('',#3830,10.);
#1012=VECTOR('',#3831,10.);
#1013=VECTOR('',#3832,10.);
#1014=VECTOR('',#3833,10.);
#1015=VECTOR('',#3834,10.);
#1016=VECTOR('',#3835,10.);
#1017=VECTOR('',#3836,10.);
#1018=VECTOR('',#3837,10.);
#1019=VECTOR('',#3840,10.);
#1020=VECTOR('',#3843,10.);
#1021=VECTOR('',#3844,10.);
#1022=VECTOR('',#3845,10.);
#1023=VECTOR('',#3852,10.);
#1024=VECTOR('',#3853,10.);
#1025=VECTOR('',#3854,10.);
#1026=VECTOR('',#3857,10.);
#1027=VECTOR('',#3860,10.);
#1028=VECTOR('',#3861,10.);
#1029=VECTOR('',#3862,10.);
#1030=VECTOR('',#3865,10.);
#1031=VECTOR('',#3866,10.);
#1032=VECTOR('',#3869,10.);
#1033=VECTOR('',#3870,10.);
#1034=VECTOR('',#3873,10.);
#1035=VECTOR('',#3878,10.);
#1036=VECTOR('',#3879,10.);
#1037=VECTOR('',#3880,10.);
#1038=VECTOR('',#3883,10.);
#1039=VECTOR('',#3884,10.);
#1040=VECTOR('',#3887,10.);
#1041=VECTOR('',#3888,10.);
#1042=VECTOR('',#3891,10.);
#1043=VECTOR('',#3898,1.7);
#1044=VECTOR('',#3907,2.);
#1045=VECTOR('',#3916,1.7);
#1046=VECTOR('',#3925,2.);
#1047=VECTOR('',#3932,10.);
#1048=VECTOR('',#3933,10.);
#1049=VECTOR('',#3934,10.);
#1050=VECTOR('',#3935,10.);
#1051=VECTOR('',#3938,10.);
#1052=VECTOR('',#3939,10.);
#1053=VECTOR('',#3940,10.);
#1054=VECTOR('',#3943,10.);
#1055=VECTOR('',#3944,10.);
#1056=VECTOR('',#3945,10.);
#1057=VECTOR('',#3948,10.);
#1058=VECTOR('',#3951,10.);
#1059=VECTOR('',#3954,10.);
#1060=VECTOR('',#3957,10.);
#1061=VECTOR('',#3960,10.);
#1062=VECTOR('',#3961,10.);
#1063=VECTOR('',#3962,10.);
#1064=VECTOR('',#3963,10.);
#1065=VECTOR('',#3964,10.);
#1066=VECTOR('',#3965,10.);
#1067=VECTOR('',#3966,10.);
#1068=VECTOR('',#3967,10.);
#1069=VECTOR('',#3968,10.);
#1070=VECTOR('',#3969,10.);
#1071=VECTOR('',#3970,10.);
#1072=VECTOR('',#3971,10.);
#1073=VECTOR('',#3972,10.);
#1074=VECTOR('',#3973,10.);
#1075=VECTOR('',#3974,10.);
#1076=VECTOR('',#3975,10.);
#1077=VECTOR('',#3976,10.);
#1078=VECTOR('',#3977,10.);
#1079=VECTOR('',#3978,10.);
#1080=VECTOR('',#3979,10.);
#1081=VECTOR('',#3980,10.);
#1082=VECTOR('',#3983,10.);
#1083=VECTOR('',#3984,10.);
#1084=VECTOR('',#3987,10.);
#1085=VECTOR('',#3988,10.);
#1086=VECTOR('',#3989,10.);
#1087=VECTOR('',#3992,10.);
#1088=VECTOR('',#3993,10.);
#1089=VECTOR('',#3996,10.);
#1090=VECTOR('',#3997,10.);
#1091=VECTOR('',#4000,10.);
#1092=VECTOR('',#4005,1.3);
#1093=VECTOR('',#4014,1.3);
#1094=VECTOR('',#4021,10.);
#1095=VECTOR('',#4022,10.);
#1096=VECTOR('',#4023,10.);
#1097=VECTOR('',#4024,10.);
#1098=VECTOR('',#4027,10.);
#1099=VECTOR('',#4028,10.);
#1100=VECTOR('',#4029,10.);
#1101=VECTOR('',#4030,10.);
#1102=VECTOR('',#4033,10.);
#1103=VECTOR('',#4034,10.);
#1104=VECTOR('',#4037,10.);
#1105=VECTOR('',#4038,10.);
#1106=VECTOR('',#4039,10.);
#1107=VECTOR('',#4042,10.);
#1108=VECTOR('',#4043,10.);
#1109=VECTOR('',#4048,10.);
#1110=VECTOR('',#4049,10.);
#1111=VECTOR('',#4050,10.);
#1112=VECTOR('',#4051,10.);
#1113=VECTOR('',#4054,10.);
#1114=VECTOR('',#4055,10.);
#1115=VECTOR('',#4056,10.);
#1116=VECTOR('',#4057,10.);
#1117=VECTOR('',#4060,10.);
#1118=VECTOR('',#4061,10.);
#1119=VECTOR('',#4064,10.);
#1120=VECTOR('',#4065,10.);
#1121=VECTOR('',#4066,10.);
#1122=VECTOR('',#4069,10.);
#1123=VECTOR('',#4070,10.);
#1124=VECTOR('',#4075,10.);
#1125=VECTOR('',#4076,10.);
#1126=VECTOR('',#4077,10.);
#1127=VECTOR('',#4078,10.);
#1128=VECTOR('',#4081,10.);
#1129=VECTOR('',#4082,10.);
#1130=VECTOR('',#4085,10.);
#1131=VECTOR('',#4088,10.);
#1132=VECTOR('',#4093,10.);
#1133=VECTOR('',#4094,10.);
#1134=VECTOR('',#4095,10.);
#1135=VECTOR('',#4096,10.);
#1136=VECTOR('',#4099,10.);
#1137=VECTOR('',#4100,10.);
#1138=VECTOR('',#4103,10.);
#1139=VECTOR('',#4106,10.);
#1140=VECTOR('',#4111,10.);
#1141=VECTOR('',#4112,10.);
#1142=VECTOR('',#4113,10.);
#1143=VECTOR('',#4114,10.);
#1144=VECTOR('',#4117,10.);
#1145=VECTOR('',#4118,10.);
#1146=VECTOR('',#4121,10.);
#1147=VECTOR('',#4124,10.);
#1148=VECTOR('',#4129,10.);
#1149=VECTOR('',#4130,10.);
#1150=VECTOR('',#4131,10.);
#1151=VECTOR('',#4132,10.);
#1152=VECTOR('',#4135,10.);
#1153=VECTOR('',#4136,10.);
#1154=VECTOR('',#4139,10.);
#1155=VECTOR('',#4142,10.);
#1156=VECTOR('',#4147,10.);
#1157=VECTOR('',#4148,10.);
#1158=VECTOR('',#4149,10.);
#1159=VECTOR('',#4152,10.);
#1160=VECTOR('',#4153,10.);
#1161=VECTOR('',#4154,10.);
#1162=VECTOR('',#4157,10.);
#1163=VECTOR('',#4160,10.);
#1164=VECTOR('',#4161,10.);
#1165=VECTOR('',#4162,10.);
#1166=VECTOR('',#4165,10.);
#1167=VECTOR('',#4168,10.);
#1168=VECTOR('',#4169,10.);
#1169=VECTOR('',#4170,10.);
#1170=VECTOR('',#4175,10.);
#1171=VECTOR('',#4176,10.);
#1172=VECTOR('',#4177,10.);
#1173=VECTOR('',#4180,10.);
#1174=VECTOR('',#4181,10.);
#1175=VECTOR('',#4182,10.);
#1176=VECTOR('',#4185,10.);
#1177=VECTOR('',#4186,10.);
#1178=VECTOR('',#4189,10.);
#1179=VECTOR('',#4192,10.);
#1180=VECTOR('',#4195,10.);
#1181=VECTOR('',#4198,10.);
#1182=VECTOR('',#4201,10.);
#1183=VECTOR('',#4202,10.);
#1184=VECTOR('',#4205,10.);
#1185=VECTOR('',#4210,10.);
#1186=VECTOR('',#4213,10.);
#1187=VECTOR('',#4216,10.);
#1188=VECTOR('',#4219,10.);
#1189=VECTOR('',#4222,10.);
#1190=VECTOR('',#4225,10.);
#1191=VECTOR('',#4228,10.);
#1192=VECTOR('',#4233,10.);
#1193=VECTOR('',#4234,10.);
#1194=VECTOR('',#4237,10.);
#1195=VECTOR('',#4240,10.);
#1196=VECTOR('',#4251,10.);
#1197=VECTOR('',#4252,10.);
#1198=VECTOR('',#4253,10.);
#1199=VECTOR('',#4254,10.);
#1200=VECTOR('',#4257,10.);
#1201=VECTOR('',#4258,10.);
#1202=VECTOR('',#4259,10.);
#1203=VECTOR('',#4262,10.);
#1204=VECTOR('',#4263,10.);
#1205=VECTOR('',#4264,10.);
#1206=VECTOR('',#4267,10.);
#1207=VECTOR('',#4268,10.);
#1208=VECTOR('',#4271,10.);
#1209=VECTOR('',#4272,10.);
#1210=VECTOR('',#4273,10.);
#1211=VECTOR('',#4274,10.);
#1212=VECTOR('',#4277,10.);
#1213=VECTOR('',#4278,10.);
#1214=VECTOR('',#4279,10.);
#1215=VECTOR('',#4282,10.);
#1216=VECTOR('',#4283,10.);
#1217=VECTOR('',#4284,10.);
#1218=VECTOR('',#4287,10.);
#1219=VECTOR('',#4288,10.);
#1220=VECTOR('',#4291,10.);
#1221=VECTOR('',#4292,10.);
#1222=VECTOR('',#4293,10.);
#1223=VECTOR('',#4294,10.);
#1224=VECTOR('',#4297,10.);
#1225=VECTOR('',#4298,10.);
#1226=VECTOR('',#4299,10.);
#1227=VECTOR('',#4302,10.);
#1228=VECTOR('',#4303,10.);
#1229=VECTOR('',#4304,10.);
#1230=VECTOR('',#4307,10.);
#1231=VECTOR('',#4308,10.);
#1232=VECTOR('',#4311,10.);
#1233=VECTOR('',#4312,10.);
#1234=VECTOR('',#4313,10.);
#1235=VECTOR('',#4314,10.);
#1236=VECTOR('',#4317,10.);
#1237=VECTOR('',#4318,10.);
#1238=VECTOR('',#4319,10.);
#1239=VECTOR('',#4322,10.);
#1240=VECTOR('',#4323,10.);
#1241=VECTOR('',#4324,10.);
#1242=VECTOR('',#4327,10.);
#1243=VECTOR('',#4328,10.);
#1244=VECTOR('',#4331,10.);
#1245=VECTOR('',#4332,10.);
#1246=VECTOR('',#4333,10.);
#1247=VECTOR('',#4334,10.);
#1248=VECTOR('',#4337,10.);
#1249=VECTOR('',#4338,10.);
#1250=VECTOR('',#4339,10.);
#1251=VECTOR('',#4342,10.);
#1252=VECTOR('',#4343,10.);
#1253=VECTOR('',#4344,10.);
#1254=VECTOR('',#4347,10.);
#1255=VECTOR('',#4348,10.);
#1256=VECTOR('',#4351,10.);
#1257=VECTOR('',#4352,10.);
#1258=VECTOR('',#4353,10.);
#1259=VECTOR('',#4354,10.);
#1260=VECTOR('',#4355,10.);
#1261=VECTOR('',#4356,10.);
#1262=VECTOR('',#4359,10.);
#1263=VECTOR('',#4360,10.);
#1264=VECTOR('',#4361,10.);
#1265=VECTOR('',#4364,10.);
#1266=VECTOR('',#4365,10.);
#1267=VECTOR('',#4368,10.);
#1268=VECTOR('',#4369,10.);
#1269=VECTOR('',#4370,10.);
#1270=VECTOR('',#4371,10.);
#1271=VECTOR('',#4374,10.);
#1272=VECTOR('',#4377,10.);
#1273=VECTOR('',#4378,10.);
#1274=VECTOR('',#4379,10.);
#1275=VECTOR('',#4380,10.);
#1276=VECTOR('',#4381,10.);
#1277=VECTOR('',#4384,10.);
#1278=VECTOR('',#4387,10.);
#1279=VECTOR('',#4388,10.);
#1280=VECTOR('',#4389,10.);
#1281=VECTOR('',#4390,10.);
#1282=VECTOR('',#4391,10.);
#1283=VECTOR('',#4394,10.);
#1284=VECTOR('',#4401,10.);
#1285=VECTOR('',#4404,10.);
#1286=VECTOR('',#4405,10.);
#1287=VECTOR('',#4406,10.);
#1288=VECTOR('',#4409,10.);
#1289=VECTOR('',#4412,10.);
#1290=VECTOR('',#4415,10.);
#1291=VECTOR('',#4416,10.);
#1292=VECTOR('',#4417,10.);
#1293=VECTOR('',#4420,10.);
#1294=VECTOR('',#4423,10.);
#1295=VECTOR('',#4424,10.);
#1296=VECTOR('',#4425,10.);
#1297=VECTOR('',#4426,10.);
#1298=VECTOR('',#4427,10.);
#1299=VECTOR('',#4430,10.);
#1300=VECTOR('',#4431,10.);
#1301=VECTOR('',#4432,10.);
#1302=VECTOR('',#4433,10.);
#1303=VECTOR('',#4434,10.);
#1304=VECTOR('',#4437,1.7);
#1305=VECTOR('',#4442,1.7);
#1306=VECTOR('',#4447,10.);
#1307=VECTOR('',#4448,10.);
#1308=VECTOR('',#4449,10.);
#1309=VECTOR('',#4452,10.);
#1310=VECTOR('',#4453,10.);
#1311=VECTOR('',#4454,10.);
#1312=VECTOR('',#4457,10.);
#1313=VECTOR('',#4460,10.);
#1314=VECTOR('',#4465,10.);
#1315=VECTOR('',#4466,10.);
#1316=VECTOR('',#4467,10.);
#1317=VECTOR('',#4470,10.);
#1318=VECTOR('',#4471,10.);
#1319=VECTOR('',#4472,10.);
#1320=VECTOR('',#4475,10.);
#1321=VECTOR('',#4478,10.);
#1322=VECTOR('',#4483,10.);
#1323=VECTOR('',#4484,10.);
#1324=VECTOR('',#4487,10.);
#1325=VECTOR('',#4488,10.);
#1326=VECTOR('',#4491,10.);
#1327=VECTOR('',#4494,10.);
#1328=VECTOR('',#4501,10.);
#1329=VECTOR('',#4504,10.);
#1330=VECTOR('',#4507,10.);
#1331=VECTOR('',#4508,10.);
#1332=VECTOR('',#4511,10.);
#1333=VECTOR('',#4516,10.);
#1334=VECTOR('',#4517,10.);
#1335=VECTOR('',#4520,10.);
#1336=VECTOR('',#4521,10.);
#1337=VECTOR('',#4522,10.);
#1338=VECTOR('',#4523,10.);
#1339=VECTOR('',#4526,10.);
#1340=VECTOR('',#4529,10.);
#1341=VECTOR('',#4532,10.);
#1342=VECTOR('',#4535,10.);
#1343=VECTOR('',#4538,10.);
#1344=VECTOR('',#4541,10.);
#1345=VECTOR('',#4542,10.);
#1346=VECTOR('',#4547,10.);
#1347=VECTOR('',#4550,10.);
#1348=VECTOR('',#4553,10.);
#1349=VECTOR('',#4556,10.);
#1350=VECTOR('',#4559,10.);
#1351=VECTOR('',#4560,10.);
#1352=VECTOR('',#4563,10.);
#1353=VECTOR('',#4564,10.);
#1354=VECTOR('',#4567,10.);
#1355=VECTOR('',#4568,10.);
#1356=VECTOR('',#4581,10.);
#1357=VECTOR('',#4584,10.);
#1358=VECTOR('',#4595,5.05);
#1359=VECTOR('',#4600,10.);
#1360=VECTOR('',#4603,10.);
#1361=VECTOR('',#4606,10.);
#1362=VECTOR('',#4609,10.);
#1363=VERTEX_POINT('',#4641);
#1364=VERTEX_POINT('',#4642);
#1365=VERTEX_POINT('',#4644);
#1366=VERTEX_POINT('',#4646);
#1367=VERTEX_POINT('',#4650);
#1368=VERTEX_POINT('',#4651);
#1369=VERTEX_POINT('',#4653);
#1370=VERTEX_POINT('',#4655);
#1371=VERTEX_POINT('',#4660);
#1372=VERTEX_POINT('',#4662);
#1373=VERTEX_POINT('',#4667);
#1374=VERTEX_POINT('',#4669);
#1375=VERTEX_POINT('',#4673);
#1376=VERTEX_POINT('',#4681);
#1377=VERTEX_POINT('',#4682);
#1378=VERTEX_POINT('',#4684);
#1379=VERTEX_POINT('',#4686);
#1380=VERTEX_POINT('',#4690);
#1381=VERTEX_POINT('',#4691);
#1382=VERTEX_POINT('',#4693);
#1383=VERTEX_POINT('',#4695);
#1384=VERTEX_POINT('',#4700);
#1385=VERTEX_POINT('',#4702);
#1386=VERTEX_POINT('',#4707);
#1387=VERTEX_POINT('',#4709);
#1388=VERTEX_POINT('',#4713);
#1389=VERTEX_POINT('',#4723);
#1390=VERTEX_POINT('',#4724);
#1391=VERTEX_POINT('',#4726);
#1392=VERTEX_POINT('',#4728);
#1393=VERTEX_POINT('',#4732);
#1394=VERTEX_POINT('',#4734);
#1395=VERTEX_POINT('',#4738);
#1396=VERTEX_POINT('',#4740);
#1397=VERTEX_POINT('',#4744);
#1398=VERTEX_POINT('',#4746);
#1399=VERTEX_POINT('',#4748);
#1400=VERTEX_POINT('',#4750);
#1401=VERTEX_POINT('',#4753);
#1402=VERTEX_POINT('',#4754);
#1403=VERTEX_POINT('',#4756);
#1404=VERTEX_POINT('',#4758);
#1405=VERTEX_POINT('',#4761);
#1406=VERTEX_POINT('',#4762);
#1407=VERTEX_POINT('',#4764);
#1408=VERTEX_POINT('',#4766);
#1409=VERTEX_POINT('',#4770);
#1410=VERTEX_POINT('',#4772);
#1411=VERTEX_POINT('',#4774);
#1412=VERTEX_POINT('',#4776);
#1413=VERTEX_POINT('',#4778);
#1414=VERTEX_POINT('',#4782);
#1415=VERTEX_POINT('',#4784);
#1416=VERTEX_POINT('',#4786);
#1417=VERTEX_POINT('',#4788);
#1418=VERTEX_POINT('',#4790);
#1419=VERTEX_POINT('',#4794);
#1420=VERTEX_POINT('',#4796);
#1421=VERTEX_POINT('',#4800);
#1422=VERTEX_POINT('',#4804);
#1423=VERTEX_POINT('',#4811);
#1424=VERTEX_POINT('',#4813);
#1425=VERTEX_POINT('',#4817);
#1426=VERTEX_POINT('',#4821);
#1427=VERTEX_POINT('',#4828);
#1428=VERTEX_POINT('',#4830);
#1429=VERTEX_POINT('',#4835);
#1430=VERTEX_POINT('',#4837);
#1431=VERTEX_POINT('',#4842);
#1432=VERTEX_POINT('',#4844);
#1433=VERTEX_POINT('',#4849);
#1434=VERTEX_POINT('',#4851);
#1435=VERTEX_POINT('',#4856);
#1436=VERTEX_POINT('',#4857);
#1437=VERTEX_POINT('',#4859);
#1438=VERTEX_POINT('',#4861);
#1439=VERTEX_POINT('',#4865);
#1440=VERTEX_POINT('',#4866);
#1441=VERTEX_POINT('',#4871);
#1442=VERTEX_POINT('',#4872);
#1443=VERTEX_POINT('',#4877);
#1444=VERTEX_POINT('',#4879);
#1445=VERTEX_POINT('',#4881);
#1446=VERTEX_POINT('',#4883);
#1447=VERTEX_POINT('',#4885);
#1448=VERTEX_POINT('',#4887);
#1449=VERTEX_POINT('',#4889);
#1450=VERTEX_POINT('',#4891);
#1451=VERTEX_POINT('',#4893);
#1452=VERTEX_POINT('',#4895);
#1453=VERTEX_POINT('',#4897);
#1454=VERTEX_POINT('',#4899);
#1455=VERTEX_POINT('',#4902);
#1456=VERTEX_POINT('',#4903);
#1457=VERTEX_POINT('',#4905);
#1458=VERTEX_POINT('',#4907);
#1459=VERTEX_POINT('',#4910);
#1460=VERTEX_POINT('',#4911);
#1461=VERTEX_POINT('',#4913);
#1462=VERTEX_POINT('',#4915);
#1463=VERTEX_POINT('',#4918);
#1464=VERTEX_POINT('',#4919);
#1465=VERTEX_POINT('',#4921);
#1466=VERTEX_POINT('',#4923);
#1467=VERTEX_POINT('',#4926);
#1468=VERTEX_POINT('',#4927);
#1469=VERTEX_POINT('',#4929);
#1470=VERTEX_POINT('',#4931);
#1471=VERTEX_POINT('',#4935);
#1472=VERTEX_POINT('',#4939);
#1473=VERTEX_POINT('',#4941);
#1474=VERTEX_POINT('',#4945);
#1475=VERTEX_POINT('',#4949);
#1476=VERTEX_POINT('',#4955);
#1477=VERTEX_POINT('',#4957);
#1478=VERTEX_POINT('',#4962);
#1479=VERTEX_POINT('',#4964);
#1480=VERTEX_POINT('',#4969);
#1481=VERTEX_POINT('',#4970);
#1482=VERTEX_POINT('',#4972);
#1483=VERTEX_POINT('',#4974);
#1484=VERTEX_POINT('',#4978);
#1485=VERTEX_POINT('',#4980);
#1486=VERTEX_POINT('',#4982);
#1487=VERTEX_POINT('',#4986);
#1488=VERTEX_POINT('',#4990);
#1489=VERTEX_POINT('',#4992);
#1490=VERTEX_POINT('',#5000);
#1491=VERTEX_POINT('',#5001);
#1492=VERTEX_POINT('',#5003);
#1493=VERTEX_POINT('',#5005);
#1494=VERTEX_POINT('',#5009);
#1495=VERTEX_POINT('',#5011);
#1496=VERTEX_POINT('',#5013);
#1497=VERTEX_POINT('',#5017);
#1498=VERTEX_POINT('',#5021);
#1499=VERTEX_POINT('',#5023);
#1500=VERTEX_POINT('',#5031);
#1501=VERTEX_POINT('',#5032);
#1502=VERTEX_POINT('',#5034);
#1503=VERTEX_POINT('',#5036);
#1504=VERTEX_POINT('',#5048);
#1505=VERTEX_POINT('',#5049);
#1506=VERTEX_POINT('',#5051);
#1507=VERTEX_POINT('',#5053);
#1508=VERTEX_POINT('',#5065);
#1509=VERTEX_POINT('',#5066);
#1510=VERTEX_POINT('',#5068);
#1511=VERTEX_POINT('',#5070);
#1512=VERTEX_POINT('',#5082);
#1513=VERTEX_POINT('',#5083);
#1514=VERTEX_POINT('',#5085);
#1515=VERTEX_POINT('',#5087);
#1516=VERTEX_POINT('',#5099);
#1517=VERTEX_POINT('',#5101);
#1518=VERTEX_POINT('',#5105);
#1519=VERTEX_POINT('',#5107);
#1520=VERTEX_POINT('',#5111);
#1521=VERTEX_POINT('',#5113);
#1522=VERTEX_POINT('',#5115);
#1523=VERTEX_POINT('',#5117);
#1524=VERTEX_POINT('',#5119);
#1525=VERTEX_POINT('',#5121);
#1526=VERTEX_POINT('',#5123);
#1527=VERTEX_POINT('',#5125);
#1528=VERTEX_POINT('',#5127);
#1529=VERTEX_POINT('',#5129);
#1530=VERTEX_POINT('',#5131);
#1531=VERTEX_POINT('',#5135);
#1532=VERTEX_POINT('',#5137);
#1533=VERTEX_POINT('',#5141);
#1534=VERTEX_POINT('',#5143);
#1535=VERTEX_POINT('',#5168);
#1536=VERTEX_POINT('',#5170);
#1537=VERTEX_POINT('',#5174);
#1538=VERTEX_POINT('',#5176);
#1539=VERTEX_POINT('',#5180);
#1540=VERTEX_POINT('',#5185);
#1541=VERTEX_POINT('',#5196);
#1542=VERTEX_POINT('',#5197);
#1543=VERTEX_POINT('',#5199);
#1544=VERTEX_POINT('',#5201);
#1545=VERTEX_POINT('',#5205);
#1546=VERTEX_POINT('',#5207);
#1547=VERTEX_POINT('',#5211);
#1548=VERTEX_POINT('',#5213);
#1549=VERTEX_POINT('',#5220);
#1550=VERTEX_POINT('',#5221);
#1551=VERTEX_POINT('',#5223);
#1552=VERTEX_POINT('',#5225);
#1553=VERTEX_POINT('',#5229);
#1554=VERTEX_POINT('',#5231);
#1555=VERTEX_POINT('',#5235);
#1556=VERTEX_POINT('',#5237);
#1557=VERTEX_POINT('',#5244);
#1558=VERTEX_POINT('',#5245);
#1559=VERTEX_POINT('',#5247);
#1560=VERTEX_POINT('',#5249);
#1561=VERTEX_POINT('',#5253);
#1562=VERTEX_POINT('',#5255);
#1563=VERTEX_POINT('',#5259);
#1564=VERTEX_POINT('',#5261);
#1565=VERTEX_POINT('',#5268);
#1566=VERTEX_POINT('',#5269);
#1567=VERTEX_POINT('',#5271);
#1568=VERTEX_POINT('',#5273);
#1569=VERTEX_POINT('',#5277);
#1570=VERTEX_POINT('',#5279);
#1571=VERTEX_POINT('',#5283);
#1572=VERTEX_POINT('',#5285);
#1573=VERTEX_POINT('',#5292);
#1574=VERTEX_POINT('',#5293);
#1575=VERTEX_POINT('',#5295);
#1576=VERTEX_POINT('',#5297);
#1577=VERTEX_POINT('',#5301);
#1578=VERTEX_POINT('',#5303);
#1579=VERTEX_POINT('',#5307);
#1580=VERTEX_POINT('',#5309);
#1581=VERTEX_POINT('',#5316);
#1582=VERTEX_POINT('',#5317);
#1583=VERTEX_POINT('',#5319);
#1584=VERTEX_POINT('',#5321);
#1585=VERTEX_POINT('',#5323);
#1586=VERTEX_POINT('',#5325);
#1587=VERTEX_POINT('',#5329);
#1588=VERTEX_POINT('',#5331);
#1589=VERTEX_POINT('',#5335);
#1590=VERTEX_POINT('',#5339);
#1591=VERTEX_POINT('',#5341);
#1592=VERTEX_POINT('',#5343);
#1593=VERTEX_POINT('',#5347);
#1594=VERTEX_POINT('',#5349);
#1595=VERTEX_POINT('',#5351);
#1596=VERTEX_POINT('',#5353);
#1597=VERTEX_POINT('',#5355);
#1598=VERTEX_POINT('',#5357);
#1599=VERTEX_POINT('',#5359);
#1600=VERTEX_POINT('',#5361);
#1601=VERTEX_POINT('',#5363);
#1602=VERTEX_POINT('',#5365);
#1603=VERTEX_POINT('',#5367);
#1604=VERTEX_POINT('',#5369);
#1605=VERTEX_POINT('',#5371);
#1606=VERTEX_POINT('',#5373);
#1607=VERTEX_POINT('',#5375);
#1608=VERTEX_POINT('',#5377);
#1609=VERTEX_POINT('',#5380);
#1610=VERTEX_POINT('',#5382);
#1611=VERTEX_POINT('',#5385);
#1612=VERTEX_POINT('',#5387);
#1613=VERTEX_POINT('',#5389);
#1614=VERTEX_POINT('',#5391);
#1615=VERTEX_POINT('',#5393);
#1616=VERTEX_POINT('',#5395);
#1617=VERTEX_POINT('',#5399);
#1618=VERTEX_POINT('',#5401);
#1619=VERTEX_POINT('',#5403);
#1620=VERTEX_POINT('',#5405);
#1621=VERTEX_POINT('',#5407);
#1622=VERTEX_POINT('',#5409);
#1623=VERTEX_POINT('',#5414);
#1624=VERTEX_POINT('',#5415);
#1625=VERTEX_POINT('',#5417);
#1626=VERTEX_POINT('',#5419);
#1627=VERTEX_POINT('',#5424);
#1628=VERTEX_POINT('',#5425);
#1629=VERTEX_POINT('',#5427);
#1630=VERTEX_POINT('',#5429);
#1631=VERTEX_POINT('',#5433);
#1632=VERTEX_POINT('',#5437);
#1633=VERTEX_POINT('',#5441);
#1634=VERTEX_POINT('',#5442);
#1635=VERTEX_POINT('',#5447);
#1636=VERTEX_POINT('',#5448);
#1637=VERTEX_POINT('',#5458);
#1638=VERTEX_POINT('',#5459);
#1639=VERTEX_POINT('',#5464);
#1640=VERTEX_POINT('',#5465);
#1641=VERTEX_POINT('',#5487);
#1642=VERTEX_POINT('',#5489);
#1643=VERTEX_POINT('',#5493);
#1644=VERTEX_POINT('',#5497);
#1645=VERTEX_POINT('',#5501);
#1646=VERTEX_POINT('',#5505);
#1647=VERTEX_POINT('',#5506);
#1648=VERTEX_POINT('',#5509);
#1649=VERTEX_POINT('',#5511);
#1650=VERTEX_POINT('',#5513);
#1651=VERTEX_POINT('',#5515);
#1652=VERTEX_POINT('',#5517);
#1653=VERTEX_POINT('',#5527);
#1654=VERTEX_POINT('',#5529);
#1655=VERTEX_POINT('',#5533);
#1656=VERTEX_POINT('',#5535);
#1657=VERTEX_POINT('',#5537);
#1658=VERTEX_POINT('',#5539);
#1659=VERTEX_POINT('',#5541);
#1660=VERTEX_POINT('',#5543);
#1661=VERTEX_POINT('',#5561);
#1662=VERTEX_POINT('',#5562);
#1663=VERTEX_POINT('',#5564);
#1664=VERTEX_POINT('',#5566);
#1665=VERTEX_POINT('',#5572);
#1666=VERTEX_POINT('',#5574);
#1667=VERTEX_POINT('',#5577);
#1668=VERTEX_POINT('',#5579);
#1669=VERTEX_POINT('',#5581);
#1670=VERTEX_POINT('',#5583);
#1671=VERTEX_POINT('',#5585);
#1672=VERTEX_POINT('',#5587);
#1673=VERTEX_POINT('',#5589);
#1674=VERTEX_POINT('',#5591);
#1675=EDGE_CURVE('',#1363,#1364,#585,.T.);
#1676=EDGE_CURVE('',#1363,#1365,#586,.T.);
#1677=EDGE_CURVE('',#1366,#1365,#587,.T.);
#1678=EDGE_CURVE('',#1364,#1366,#588,.T.);
#1679=EDGE_CURVE('',#1367,#1368,#589,.T.);
#1680=EDGE_CURVE('',#1369,#1367,#590,.T.);
#1681=EDGE_CURVE('',#1370,#1369,#591,.T.);
#1682=EDGE_CURVE('',#1370,#1368,#592,.T.);
#1683=EDGE_CURVE('',#1368,#1363,#73,.T.);
#1684=EDGE_CURVE('',#1371,#1364,#74,.T.);
#1685=EDGE_CURVE('',#1371,#1372,#593,.T.);
#1686=EDGE_CURVE('',#1372,#1372,#75,.T.);
#1687=EDGE_CURVE('',#1367,#1371,#76,.T.);
#1688=EDGE_CURVE('',#1373,#1373,#77,.T.);
#1689=EDGE_CURVE('',#1373,#1374,#594,.T.);
#1690=EDGE_CURVE('',#1374,#1374,#78,.T.);
#1691=EDGE_CURVE('',#1374,#1375,#595,.T.);
#1692=EDGE_CURVE('',#1375,#1375,#79,.T.);
#1693=EDGE_CURVE('',#1366,#1369,#80,.T.);
#1694=EDGE_CURVE('',#1365,#1370,#81,.T.);
#1695=EDGE_CURVE('',#1376,#1377,#596,.T.);
#1696=EDGE_CURVE('',#1376,#1378,#597,.T.);
#1697=EDGE_CURVE('',#1379,#1378,#598,.T.);
#1698=EDGE_CURVE('',#1377,#1379,#599,.T.);
#1699=EDGE_CURVE('',#1380,#1381,#600,.T.);
#1700=EDGE_CURVE('',#1382,#1380,#601,.T.);
#1701=EDGE_CURVE('',#1383,#1382,#602,.T.);
#1702=EDGE_CURVE('',#1383,#1381,#603,.T.);
#1703=EDGE_CURVE('',#1381,#1376,#82,.T.);
#1704=EDGE_CURVE('',#1384,#1377,#83,.T.);
#1705=EDGE_CURVE('',#1384,#1385,#604,.T.);
#1706=EDGE_CURVE('',#1385,#1385,#84,.T.);
#1707=EDGE_CURVE('',#1380,#1384,#85,.T.);
#1708=EDGE_CURVE('',#1386,#1386,#86,.T.);
#1709=EDGE_CURVE('',#1386,#1387,#605,.T.);
#1710=EDGE_CURVE('',#1387,#1387,#87,.T.);
#1711=EDGE_CURVE('',#1387,#1388,#606,.T.);
#1712=EDGE_CURVE('',#1388,#1388,#88,.T.);
#1713=EDGE_CURVE('',#1379,#1382,#89,.T.);
#1714=EDGE_CURVE('',#1378,#1383,#90,.T.);
#1715=EDGE_CURVE('',#1389,#1390,#607,.T.);
#1716=EDGE_CURVE('',#1389,#1391,#608,.T.);
#1717=EDGE_CURVE('',#1392,#1391,#609,.T.);
#1718=EDGE_CURVE('',#1390,#1392,#610,.T.);
#1719=EDGE_CURVE('',#1393,#1389,#611,.T.);
#1720=EDGE_CURVE('',#1394,#1393,#612,.T.);
#1721=EDGE_CURVE('',#1391,#1394,#613,.T.);
#1722=EDGE_CURVE('',#1395,#1393,#614,.T.);
#1723=EDGE_CURVE('',#1396,#1395,#615,.T.);
#1724=EDGE_CURVE('',#1394,#1396,#616,.T.);
#1725=EDGE_CURVE('',#1397,#1396,#617,.T.);
#1726=EDGE_CURVE('',#1397,#1398,#618,.T.);
#1727=EDGE_CURVE('',#1399,#1398,#619,.T.);
#1728=EDGE_CURVE('',#1400,#1399,#620,.T.);
#1729=EDGE_CURVE('',#1392,#1400,#621,.T.);
#1730=EDGE_CURVE('',#1401,#1402,#622,.T.);
#1731=EDGE_CURVE('',#1402,#1403,#623,.T.);
#1732=EDGE_CURVE('',#1403,#1404,#624,.T.);
#1733=EDGE_CURVE('',#1404,#1401,#625,.T.);
#1734=EDGE_CURVE('',#1405,#1406,#626,.T.);
#1735=EDGE_CURVE('',#1406,#1407,#627,.T.);
#1736=EDGE_CURVE('',#1407,#1408,#628,.T.);
#1737=EDGE_CURVE('',#1408,#1405,#629,.T.);
#1738=EDGE_CURVE('',#1395,#1409,#630,.T.);
#1739=EDGE_CURVE('',#1409,#1410,#91,.T.);
#1740=EDGE_CURVE('',#1410,#1411,#631,.T.);
#1741=EDGE_CURVE('',#1412,#1411,#632,.T.);
#1742=EDGE_CURVE('',#1412,#1413,#633,.T.);
#1743=EDGE_CURVE('',#1413,#1397,#92,.T.);
#1744=EDGE_CURVE('',#1400,#1414,#93,.T.);
#1745=EDGE_CURVE('',#1414,#1415,#634,.T.);
#1746=EDGE_CURVE('',#1416,#1415,#635,.T.);
#1747=EDGE_CURVE('',#1416,#1417,#636,.T.);
#1748=EDGE_CURVE('',#1417,#1418,#94,.T.);
#1749=EDGE_CURVE('',#1418,#1390,#637,.T.);
#1750=EDGE_CURVE('',#1419,#1407,#638,.T.);
#1751=EDGE_CURVE('',#1420,#1419,#639,.T.);
#1752=EDGE_CURVE('',#1408,#1420,#640,.T.);
#1753=EDGE_CURVE('',#1420,#1421,#641,.T.);
#1754=EDGE_CURVE('',#1421,#1405,#642,.T.);
#1755=EDGE_CURVE('',#1422,#1421,#643,.T.);
#1756=EDGE_CURVE('',#1406,#1422,#644,.T.);
#1757=EDGE_CURVE('',#1419,#1422,#645,.T.);
#1758=EDGE_CURVE('',#1423,#1403,#646,.T.);
#1759=EDGE_CURVE('',#1424,#1423,#647,.T.);
#1760=EDGE_CURVE('',#1404,#1424,#648,.T.);
#1761=EDGE_CURVE('',#1424,#1425,#649,.T.);
#1762=EDGE_CURVE('',#1425,#1401,#650,.T.);
#1763=EDGE_CURVE('',#1426,#1425,#651,.T.);
#1764=EDGE_CURVE('',#1402,#1426,#652,.T.);
#1765=EDGE_CURVE('',#1423,#1426,#653,.T.);
#1766=EDGE_CURVE('',#1427,#1427,#95,.T.);
#1767=EDGE_CURVE('',#1427,#1428,#654,.T.);
#1768=EDGE_CURVE('',#1428,#1428,#96,.T.);
#1769=EDGE_CURVE('',#1429,#1429,#97,.T.);
#1770=EDGE_CURVE('',#1429,#1430,#655,.T.);
#1771=EDGE_CURVE('',#1430,#1430,#98,.T.);
#1772=EDGE_CURVE('',#1431,#1431,#99,.T.);
#1773=EDGE_CURVE('',#1431,#1432,#656,.T.);
#1774=EDGE_CURVE('',#1432,#1432,#100,.T.);
#1775=EDGE_CURVE('',#1433,#1433,#101,.T.);
#1776=EDGE_CURVE('',#1433,#1434,#657,.T.);
#1777=EDGE_CURVE('',#1434,#1434,#102,.T.);
#1778=EDGE_CURVE('',#1435,#1436,#658,.T.);
#1779=EDGE_CURVE('',#1437,#1435,#659,.T.);
#1780=EDGE_CURVE('',#1437,#1438,#660,.T.);
#1781=EDGE_CURVE('',#1436,#1438,#661,.T.);
#1782=EDGE_CURVE('',#1439,#1440,#662,.T.);
#1783=EDGE_CURVE('',#1438,#1440,#663,.T.);
#1784=EDGE_CURVE('',#1439,#1437,#664,.T.);
#1785=EDGE_CURVE('',#1441,#1442,#665,.T.);
#1786=EDGE_CURVE('',#1440,#1441,#666,.T.);
#1787=EDGE_CURVE('',#1442,#1439,#667,.T.);
#1788=EDGE_CURVE('',#1441,#1443,#668,.T.);
#1789=EDGE_CURVE('',#1443,#1444,#103,.T.);
#1790=EDGE_CURVE('',#1444,#1445,#669,.T.);
#1791=EDGE_CURVE('',#1445,#1446,#104,.T.);
#1792=EDGE_CURVE('',#1446,#1447,#670,.T.);
#1793=EDGE_CURVE('',#1447,#1448,#105,.T.);
#1794=EDGE_CURVE('',#1448,#1449,#671,.T.);
#1795=EDGE_CURVE('',#1449,#1450,#106,.T.);
#1796=EDGE_CURVE('',#1450,#1451,#672,.T.);
#1797=EDGE_CURVE('',#1451,#1452,#673,.T.);
#1798=EDGE_CURVE('',#1452,#1453,#674,.T.);
#1799=EDGE_CURVE('',#1453,#1454,#675,.T.);
#1800=EDGE_CURVE('',#1454,#1436,#676,.T.);
#1801=EDGE_CURVE('',#1455,#1456,#677,.T.);
#1802=EDGE_CURVE('',#1456,#1457,#678,.T.);
#1803=EDGE_CURVE('',#1457,#1458,#679,.T.);
#1804=EDGE_CURVE('',#1458,#1455,#680,.T.);
#1805=EDGE_CURVE('',#1459,#1460,#681,.T.);
#1806=EDGE_CURVE('',#1460,#1461,#682,.T.);
#1807=EDGE_CURVE('',#1461,#1462,#683,.T.);
#1808=EDGE_CURVE('',#1462,#1459,#684,.T.);
#1809=EDGE_CURVE('',#1463,#1464,#685,.T.);
#1810=EDGE_CURVE('',#1464,#1465,#686,.T.);
#1811=EDGE_CURVE('',#1465,#1466,#687,.T.);
#1812=EDGE_CURVE('',#1466,#1463,#688,.T.);
#1813=EDGE_CURVE('',#1467,#1468,#689,.T.);
#1814=EDGE_CURVE('',#1468,#1469,#690,.T.);
#1815=EDGE_CURVE('',#1469,#1470,#691,.T.);
#1816=EDGE_CURVE('',#1470,#1467,#692,.T.);
#1817=EDGE_CURVE('',#1471,#1442,#693,.T.);
#1818=EDGE_CURVE('',#1471,#1443,#694,.T.);
#1819=EDGE_CURVE('',#1472,#1451,#695,.T.);
#1820=EDGE_CURVE('',#1473,#1472,#696,.T.);
#1821=EDGE_CURVE('',#1473,#1452,#697,.T.);
#1822=EDGE_CURVE('',#1474,#1453,#698,.T.);
#1823=EDGE_CURVE('',#1474,#1473,#699,.T.);
#1824=EDGE_CURVE('',#1454,#1475,#700,.T.);
#1825=EDGE_CURVE('',#1475,#1474,#701,.T.);
#1826=EDGE_CURVE('',#1435,#1475,#702,.T.);
#1827=EDGE_CURVE('',#1476,#1476,#107,.T.);
#1828=EDGE_CURVE('',#1476,#1477,#703,.T.);
#1829=EDGE_CURVE('',#1477,#1477,#108,.T.);
#1830=EDGE_CURVE('',#1478,#1478,#109,.T.);
#1831=EDGE_CURVE('',#1478,#1479,#704,.T.);
#1832=EDGE_CURVE('',#1479,#1479,#110,.T.);
#1833=EDGE_CURVE('',#1480,#1481,#705,.T.);
#1834=EDGE_CURVE('',#1481,#1482,#706,.T.);
#1835=EDGE_CURVE('',#1482,#1483,#707,.T.);
#1836=EDGE_CURVE('',#1483,#1480,#708,.T.);
#1837=EDGE_CURVE('',#1484,#1481,#709,.T.);
#1838=EDGE_CURVE('',#1485,#1484,#710,.T.);
#1839=EDGE_CURVE('',#1486,#1485,#711,.T.);
#1840=EDGE_CURVE('',#1486,#1482,#712,.T.);
#1841=EDGE_CURVE('',#1480,#1487,#713,.T.);
#1842=EDGE_CURVE('',#1484,#1487,#714,.T.);
#1843=EDGE_CURVE('',#1488,#1486,#715,.T.);
#1844=EDGE_CURVE('',#1489,#1485,#716,.T.);
#1845=EDGE_CURVE('',#1489,#1488,#717,.T.);
#1846=EDGE_CURVE('',#1488,#1483,#718,.T.);
#1847=EDGE_CURVE('',#1487,#1489,#719,.T.);
#1848=EDGE_CURVE('',#1490,#1491,#720,.T.);
#1849=EDGE_CURVE('',#1491,#1492,#721,.T.);
#1850=EDGE_CURVE('',#1492,#1493,#722,.T.);
#1851=EDGE_CURVE('',#1493,#1490,#723,.T.);
#1852=EDGE_CURVE('',#1494,#1491,#724,.T.);
#1853=EDGE_CURVE('',#1495,#1494,#725,.T.);
#1854=EDGE_CURVE('',#1496,#1495,#726,.T.);
#1855=EDGE_CURVE('',#1496,#1492,#727,.T.);
#1856=EDGE_CURVE('',#1490,#1497,#728,.T.);
#1857=EDGE_CURVE('',#1494,#1497,#729,.T.);
#1858=EDGE_CURVE('',#1498,#1496,#730,.T.);
#1859=EDGE_CURVE('',#1499,#1495,#731,.T.);
#1860=EDGE_CURVE('',#1499,#1498,#732,.T.);
#1861=EDGE_CURVE('',#1498,#1493,#733,.T.);
#1862=EDGE_CURVE('',#1497,#1499,#734,.T.);
#1863=EDGE_CURVE('',#1500,#1501,#735,.T.);
#1864=EDGE_CURVE('',#1501,#1502,#736,.T.);
#1865=EDGE_CURVE('',#1502,#1503,#737,.T.);
#1866=EDGE_CURVE('',#1503,#1500,#738,.T.);
#1867=EDGE_CURVE('',#1503,#1456,#739,.T.);
#1868=EDGE_CURVE('',#1500,#1455,#740,.T.);
#1869=EDGE_CURVE('',#1502,#1457,#741,.T.);
#1870=EDGE_CURVE('',#1501,#1458,#742,.T.);
#1871=EDGE_CURVE('',#1504,#1505,#743,.T.);
#1872=EDGE_CURVE('',#1505,#1506,#744,.T.);
#1873=EDGE_CURVE('',#1506,#1507,#745,.T.);
#1874=EDGE_CURVE('',#1507,#1504,#746,.T.);
#1875=EDGE_CURVE('',#1507,#1460,#747,.T.);
#1876=EDGE_CURVE('',#1504,#1459,#748,.T.);
#1877=EDGE_CURVE('',#1506,#1461,#749,.T.);
#1878=EDGE_CURVE('',#1505,#1462,#750,.T.);
#1879=EDGE_CURVE('',#1508,#1509,#751,.T.);
#1880=EDGE_CURVE('',#1509,#1510,#752,.T.);
#1881=EDGE_CURVE('',#1510,#1511,#753,.T.);
#1882=EDGE_CURVE('',#1511,#1508,#754,.T.);
#1883=EDGE_CURVE('',#1511,#1464,#755,.T.);
#1884=EDGE_CURVE('',#1508,#1463,#756,.T.);
#1885=EDGE_CURVE('',#1510,#1465,#757,.T.);
#1886=EDGE_CURVE('',#1509,#1466,#758,.T.);
#1887=EDGE_CURVE('',#1512,#1513,#759,.T.);
#1888=EDGE_CURVE('',#1513,#1514,#760,.T.);
#1889=EDGE_CURVE('',#1514,#1515,#761,.T.);
#1890=EDGE_CURVE('',#1515,#1512,#762,.T.);
#1891=EDGE_CURVE('',#1515,#1468,#763,.T.);
#1892=EDGE_CURVE('',#1512,#1467,#764,.T.);
#1893=EDGE_CURVE('',#1514,#1469,#765,.T.);
#1894=EDGE_CURVE('',#1513,#1470,#766,.T.);
#1895=EDGE_CURVE('',#1411,#1516,#767,.T.);
#1896=EDGE_CURVE('',#1517,#1516,#768,.T.);
#1897=EDGE_CURVE('',#1517,#1412,#769,.T.);
#1898=EDGE_CURVE('',#1518,#1416,#770,.T.);
#1899=EDGE_CURVE('',#1415,#1519,#771,.T.);
#1900=EDGE_CURVE('',#1518,#1519,#772,.T.);
#1901=EDGE_CURVE('',#1472,#1520,#773,.T.);
#1902=EDGE_CURVE('',#1520,#1521,#111,.T.);
#1903=EDGE_CURVE('',#1521,#1522,#774,.T.);
#1904=EDGE_CURVE('',#1523,#1522,#775,.T.);
#1905=EDGE_CURVE('',#1523,#1524,#776,.T.);
#1906=EDGE_CURVE('',#1524,#1525,#112,.T.);
#1907=EDGE_CURVE('',#1525,#1526,#777,.T.);
#1908=EDGE_CURVE('',#1526,#1527,#113,.T.);
#1909=EDGE_CURVE('',#1527,#1528,#778,.T.);
#1910=EDGE_CURVE('',#1529,#1528,#779,.T.);
#1911=EDGE_CURVE('',#1529,#1530,#780,.T.);
#1912=EDGE_CURVE('',#1530,#1471,#114,.T.);
#1913=EDGE_CURVE('',#1522,#1531,#781,.T.);
#1914=EDGE_CURVE('',#1532,#1531,#782,.T.);
#1915=EDGE_CURVE('',#1532,#1523,#783,.T.);
#1916=EDGE_CURVE('',#1533,#1529,#784,.T.);
#1917=EDGE_CURVE('',#1528,#1534,#785,.T.);
#1918=EDGE_CURVE('',#1533,#1534,#786,.T.);
#1919=EDGE_CURVE('',#1519,#1532,#787,.T.);
#1920=EDGE_CURVE('',#1531,#1518,#788,.T.);
#1921=EDGE_CURVE('',#1530,#1444,#789,.T.);
#1922=EDGE_CURVE('',#1520,#1450,#790,.T.);
#1923=EDGE_CURVE('',#1521,#1449,#791,.T.);
#1924=EDGE_CURVE('',#1417,#1448,#792,.T.);
#1925=EDGE_CURVE('',#1409,#1446,#793,.T.);
#1926=EDGE_CURVE('',#1410,#1445,#794,.T.);
#1927=EDGE_CURVE('',#1418,#1447,#795,.T.);
#1928=EDGE_CURVE('',#1516,#1533,#796,.T.);
#1929=EDGE_CURVE('',#1534,#1517,#797,.T.);
#1930=EDGE_CURVE('',#1526,#1535,#798,.T.);
#1931=EDGE_CURVE('',#1536,#1535,#115,.T.);
#1932=EDGE_CURVE('',#1527,#1536,#799,.T.);
#1933=EDGE_CURVE('',#1524,#1537,#800,.T.);
#1934=EDGE_CURVE('',#1538,#1537,#116,.T.);
#1935=EDGE_CURVE('',#1525,#1538,#801,.T.);
#1936=EDGE_CURVE('',#1413,#1539,#802,.T.);
#1937=EDGE_CURVE('',#1398,#1539,#117,.T.);
#1938=EDGE_CURVE('',#1535,#1538,#803,.T.);
#1939=EDGE_CURVE('',#1537,#1540,#804,.T.);
#1940=EDGE_CURVE('',#1540,#1399,#118,.T.);
#1941=EDGE_CURVE('',#1539,#1536,#805,.T.);
#1942=EDGE_CURVE('',#1414,#1540,#806,.T.);
#1943=EDGE_CURVE('',#1541,#1542,#807,.T.);
#1944=EDGE_CURVE('',#1543,#1541,#808,.T.);
#1945=EDGE_CURVE('',#1544,#1543,#809,.T.);
#1946=EDGE_CURVE('',#1544,#1542,#810,.T.);
#1947=EDGE_CURVE('',#1542,#1545,#811,.T.);
#1948=EDGE_CURVE('',#1546,#1544,#812,.T.);
#1949=EDGE_CURVE('',#1546,#1545,#813,.T.);
#1950=EDGE_CURVE('',#1545,#1547,#814,.T.);
#1951=EDGE_CURVE('',#1548,#1546,#815,.T.);
#1952=EDGE_CURVE('',#1548,#1547,#816,.T.);
#1953=EDGE_CURVE('',#1547,#1541,#817,.T.);
#1954=EDGE_CURVE('',#1543,#1548,#818,.T.);
#1955=EDGE_CURVE('',#1549,#1550,#819,.T.);
#1956=EDGE_CURVE('',#1551,#1549,#820,.T.);
#1957=EDGE_CURVE('',#1552,#1551,#821,.T.);
#1958=EDGE_CURVE('',#1552,#1550,#822,.T.);
#1959=EDGE_CURVE('',#1550,#1553,#823,.T.);
#1960=EDGE_CURVE('',#1554,#1552,#824,.T.);
#1961=EDGE_CURVE('',#1554,#1553,#825,.T.);
#1962=EDGE_CURVE('',#1553,#1555,#826,.T.);
#1963=EDGE_CURVE('',#1556,#1554,#827,.T.);
#1964=EDGE_CURVE('',#1556,#1555,#828,.T.);
#1965=EDGE_CURVE('',#1555,#1549,#829,.T.);
#1966=EDGE_CURVE('',#1551,#1556,#830,.T.);
#1967=EDGE_CURVE('',#1557,#1558,#831,.T.);
#1968=EDGE_CURVE('',#1559,#1557,#832,.T.);
#1969=EDGE_CURVE('',#1560,#1559,#833,.T.);
#1970=EDGE_CURVE('',#1560,#1558,#834,.T.);
#1971=EDGE_CURVE('',#1558,#1561,#835,.T.);
#1972=EDGE_CURVE('',#1562,#1560,#836,.T.);
#1973=EDGE_CURVE('',#1562,#1561,#837,.T.);
#1974=EDGE_CURVE('',#1561,#1563,#838,.T.);
#1975=EDGE_CURVE('',#1564,#1562,#839,.T.);
#1976=EDGE_CURVE('',#1564,#1563,#840,.T.);
#1977=EDGE_CURVE('',#1563,#1557,#841,.T.);
#1978=EDGE_CURVE('',#1559,#1564,#842,.T.);
#1979=EDGE_CURVE('',#1565,#1566,#843,.T.);
#1980=EDGE_CURVE('',#1567,#1565,#844,.T.);
#1981=EDGE_CURVE('',#1568,#1567,#845,.T.);
#1982=EDGE_CURVE('',#1568,#1566,#846,.T.);
#1983=EDGE_CURVE('',#1566,#1569,#847,.T.);
#1984=EDGE_CURVE('',#1570,#1568,#848,.T.);
#1985=EDGE_CURVE('',#1570,#1569,#849,.T.);
#1986=EDGE_CURVE('',#1569,#1571,#850,.T.);
#1987=EDGE_CURVE('',#1572,#1570,#851,.T.);
#1988=EDGE_CURVE('',#1572,#1571,#852,.T.);
#1989=EDGE_CURVE('',#1571,#1565,#853,.T.);
#1990=EDGE_CURVE('',#1567,#1572,#854,.T.);
#1991=EDGE_CURVE('',#1573,#1574,#855,.T.);
#1992=EDGE_CURVE('',#1575,#1573,#856,.T.);
#1993=EDGE_CURVE('',#1576,#1575,#857,.T.);
#1994=EDGE_CURVE('',#1576,#1574,#858,.T.);
#1995=EDGE_CURVE('',#1574,#1577,#859,.T.);
#1996=EDGE_CURVE('',#1578,#1576,#860,.T.);
#1997=EDGE_CURVE('',#1578,#1577,#861,.T.);
#1998=EDGE_CURVE('',#1577,#1579,#862,.T.);
#1999=EDGE_CURVE('',#1580,#1578,#863,.T.);
#2000=EDGE_CURVE('',#1580,#1579,#864,.T.);
#2001=EDGE_CURVE('',#1579,#1573,#865,.T.);
#2002=EDGE_CURVE('',#1575,#1580,#866,.T.);
#2003=EDGE_CURVE('',#1581,#1582,#867,.T.);
#2004=EDGE_CURVE('',#1581,#1583,#868,.T.);
#2005=EDGE_CURVE('',#1583,#1584,#869,.T.);
#2006=EDGE_CURVE('',#1585,#1584,#870,.T.);
#2007=EDGE_CURVE('',#1586,#1585,#871,.T.);
#2008=EDGE_CURVE('',#1582,#1586,#872,.T.);
#2009=EDGE_CURVE('',#1584,#1587,#873,.T.);
#2010=EDGE_CURVE('',#1583,#1588,#874,.T.);
#2011=EDGE_CURVE('',#1588,#1587,#875,.T.);
#2012=EDGE_CURVE('',#1589,#1581,#876,.T.);
#2013=EDGE_CURVE('',#1588,#1589,#877,.T.);
#2014=EDGE_CURVE('',#1590,#1589,#878,.T.);
#2015=EDGE_CURVE('',#1591,#1590,#879,.T.);
#2016=EDGE_CURVE('',#1592,#1591,#880,.T.);
#2017=EDGE_CURVE('',#1587,#1592,#881,.T.);
#2018=EDGE_CURVE('',#1592,#1593,#882,.T.);
#2019=EDGE_CURVE('',#1593,#1594,#119,.T.);
#2020=EDGE_CURVE('',#1594,#1595,#883,.T.);
#2021=EDGE_CURVE('',#1595,#1596,#884,.T.);
#2022=EDGE_CURVE('',#1596,#1597,#885,.T.);
#2023=EDGE_CURVE('',#1597,#1598,#886,.T.);
#2024=EDGE_CURVE('',#1598,#1599,#887,.T.);
#2025=EDGE_CURVE('',#1599,#1600,#120,.T.);
#2026=EDGE_CURVE('',#1600,#1601,#888,.T.);
#2027=EDGE_CURVE('',#1601,#1602,#121,.T.);
#2028=EDGE_CURVE('',#1602,#1603,#889,.T.);
#2029=EDGE_CURVE('',#1603,#1604,#890,.T.);
#2030=EDGE_CURVE('',#1604,#1605,#891,.T.);
#2031=EDGE_CURVE('',#1605,#1606,#892,.T.);
#2032=EDGE_CURVE('',#1606,#1607,#893,.T.);
#2033=EDGE_CURVE('',#1607,#1608,#122,.T.);
#2034=EDGE_CURVE('',#1608,#1585,#894,.T.);
#2035=EDGE_CURVE('',#1609,#1609,#123,.T.);
#2036=EDGE_CURVE('',#1610,#1610,#124,.T.);
#2037=EDGE_CURVE('',#1590,#1611,#895,.T.);
#2038=EDGE_CURVE('',#1611,#1612,#125,.T.);
#2039=EDGE_CURVE('',#1612,#1613,#896,.T.);
#2040=EDGE_CURVE('',#1614,#1613,#897,.T.);
#2041=EDGE_CURVE('',#1614,#1615,#898,.T.);
#2042=EDGE_CURVE('',#1615,#1616,#126,.T.);
#2043=EDGE_CURVE('',#1616,#1591,#899,.T.);
#2044=EDGE_CURVE('',#1586,#1617,#900,.T.);
#2045=EDGE_CURVE('',#1617,#1618,#127,.T.);
#2046=EDGE_CURVE('',#1618,#1619,#901,.T.);
#2047=EDGE_CURVE('',#1620,#1619,#902,.T.);
#2048=EDGE_CURVE('',#1620,#1621,#903,.T.);
#2049=EDGE_CURVE('',#1621,#1622,#128,.T.);
#2050=EDGE_CURVE('',#1622,#1582,#904,.T.);
#2051=EDGE_CURVE('',#1593,#1616,#905,.T.);
#2052=EDGE_CURVE('',#1623,#1624,#906,.T.);
#2053=EDGE_CURVE('',#1624,#1625,#907,.T.);
#2054=EDGE_CURVE('',#1625,#1626,#908,.T.);
#2055=EDGE_CURVE('',#1626,#1623,#909,.T.);
#2056=EDGE_CURVE('',#1608,#1617,#910,.T.);
#2057=EDGE_CURVE('',#1627,#1628,#911,.T.);
#2058=EDGE_CURVE('',#1628,#1629,#912,.T.);
#2059=EDGE_CURVE('',#1629,#1630,#913,.T.);
#2060=EDGE_CURVE('',#1630,#1627,#914,.T.);
#2061=EDGE_CURVE('',#1610,#1631,#915,.T.);
#2062=EDGE_CURVE('',#1631,#1631,#129,.T.);
#2063=EDGE_CURVE('',#1609,#1632,#916,.T.);
#2064=EDGE_CURVE('',#1632,#1632,#130,.T.);
#2065=EDGE_CURVE('',#1633,#1634,#917,.T.);
#2066=EDGE_CURVE('',#1634,#1626,#918,.T.);
#2067=EDGE_CURVE('',#1625,#1633,#919,.T.);
#2068=EDGE_CURVE('',#1635,#1636,#920,.T.);
#2069=EDGE_CURVE('',#1636,#1624,#921,.T.);
#2070=EDGE_CURVE('',#1623,#1635,#922,.T.);
#2071=EDGE_CURVE('',#1633,#1636,#923,.T.);
#2072=EDGE_CURVE('',#1634,#1635,#924,.T.);
#2073=EDGE_CURVE('',#1637,#1638,#925,.T.);
#2074=EDGE_CURVE('',#1638,#1630,#926,.T.);
#2075=EDGE_CURVE('',#1629,#1637,#927,.T.);
#2076=EDGE_CURVE('',#1639,#1640,#928,.T.);
#2077=EDGE_CURVE('',#1640,#1628,#929,.T.);
#2078=EDGE_CURVE('',#1627,#1639,#930,.T.);
#2079=EDGE_CURVE('',#1637,#1640,#931,.T.);
#2080=EDGE_CURVE('',#1638,#1639,#932,.T.);
#2081=EDGE_CURVE('',#1595,#1614,#933,.T.);
#2082=EDGE_CURVE('',#1613,#1596,#934,.T.);
#2083=EDGE_CURVE('',#1619,#1606,#935,.T.);
#2084=EDGE_CURVE('',#1605,#1620,#936,.T.);
#2085=EDGE_CURVE('',#1607,#1618,#937,.T.);
#2086=EDGE_CURVE('',#1594,#1615,#938,.T.);
#2087=EDGE_CURVE('',#1601,#1641,#939,.T.);
#2088=EDGE_CURVE('',#1642,#1641,#131,.T.);
#2089=EDGE_CURVE('',#1602,#1642,#940,.T.);
#2090=EDGE_CURVE('',#1600,#1643,#941,.T.);
#2091=EDGE_CURVE('',#1641,#1643,#942,.T.);
#2092=EDGE_CURVE('',#1599,#1644,#943,.T.);
#2093=EDGE_CURVE('',#1643,#1644,#132,.T.);
#2094=EDGE_CURVE('',#1645,#1598,#944,.T.);
#2095=EDGE_CURVE('',#1644,#1645,#945,.T.);
#2096=EDGE_CURVE('',#1646,#1647,#946,.T.);
#2097=EDGE_CURVE('',#1646,#1642,#947,.T.);
#2098=EDGE_CURVE('',#1648,#1645,#948,.T.);
#2099=EDGE_CURVE('',#1648,#1649,#949,.T.);
#2100=EDGE_CURVE('',#1649,#1650,#133,.T.);
#2101=EDGE_CURVE('',#1650,#1651,#950,.T.);
#2102=EDGE_CURVE('',#1651,#1652,#134,.T.);
#2103=EDGE_CURVE('',#1652,#1647,#951,.T.);
#2104=EDGE_CURVE('',#1603,#1646,#952,.T.);
#2105=EDGE_CURVE('',#1647,#1604,#953,.T.);
#2106=EDGE_CURVE('',#1597,#1648,#954,.T.);
#2107=EDGE_CURVE('',#1653,#1650,#955,.T.);
#2108=EDGE_CURVE('',#1654,#1649,#956,.T.);
#2109=EDGE_CURVE('',#1653,#1654,#135,.T.);
#2110=EDGE_CURVE('',#1654,#1655,#957,.T.);
#2111=EDGE_CURVE('',#1655,#1656,#136,.T.);
#2112=EDGE_CURVE('',#1656,#1657,#958,.T.);
#2113=EDGE_CURVE('',#1657,#1658,#137,.T.);
#2114=EDGE_CURVE('',#1658,#1659,#959,.T.);
#2115=EDGE_CURVE('',#1659,#1660,#138,.T.);
#2116=EDGE_CURVE('',#1660,#1653,#960,.T.);
#2117=EDGE_CURVE('',#1659,#1652,#961,.T.);
#2118=EDGE_CURVE('',#1660,#1651,#962,.T.);
#2119=EDGE_CURVE('',#1656,#1611,#963,.T.);
#2120=EDGE_CURVE('',#1655,#1612,#964,.T.);
#2121=EDGE_CURVE('',#1658,#1621,#965,.T.);
#2122=EDGE_CURVE('',#1657,#1622,#966,.T.);
#2123=EDGE_CURVE('',#1661,#1662,#967,.T.);
#2124=EDGE_CURVE('',#1663,#1661,#139,.T.);
#2125=EDGE_CURVE('',#1664,#1663,#968,.T.);
#2126=EDGE_CURVE('',#1662,#1664,#140,.T.);
#2127=EDGE_CURVE('',#1662,#1664,#141,.T.);
#2128=EDGE_CURVE('',#1665,#1663,#142,.T.);
#2129=EDGE_CURVE('',#1665,#1666,#969,.T.);
#2130=EDGE_CURVE('',#1666,#1666,#143,.T.);
#2131=EDGE_CURVE('',#1667,#1665,#144,.T.);
#2132=EDGE_CURVE('',#1667,#1668,#970,.T.);
#2133=EDGE_CURVE('',#1668,#1669,#145,.T.);
#2134=EDGE_CURVE('',#1669,#1670,#971,.T.);
#2135=EDGE_CURVE('',#1671,#1670,#146,.T.);
#2136=EDGE_CURVE('',#1671,#1672,#972,.T.);
#2137=EDGE_CURVE('',#1672,#1673,#147,.T.);
#2138=EDGE_CURVE('',#1673,#1674,#973,.T.);
#2139=EDGE_CURVE('',#1661,#1674,#148,.T.);
#2140=EDGE_CURVE('',#1670,#1667,#149,.T.);
#2141=EDGE_CURVE('',#1668,#1669,#150,.T.);
#2142=EDGE_CURVE('',#1674,#1671,#151,.T.);
#2143=EDGE_CURVE('',#1672,#1673,#152,.T.);
#2144=ORIENTED_EDGE('',*,*,#1675,.F.);
#2145=ORIENTED_EDGE('',*,*,#1676,.T.);
#2146=ORIENTED_EDGE('',*,*,#1677,.F.);
#2147=ORIENTED_EDGE('',*,*,#1678,.F.);
#2148=ORIENTED_EDGE('',*,*,#1679,.F.);
#2149=ORIENTED_EDGE('',*,*,#1680,.F.);
#2150=ORIENTED_EDGE('',*,*,#1681,.F.);
#2151=ORIENTED_EDGE('',*,*,#1682,.T.);
#2152=ORIENTED_EDGE('',*,*,#1679,.T.);
#2153=ORIENTED_EDGE('',*,*,#1683,.T.);
#2154=ORIENTED_EDGE('',*,*,#1675,.T.);
#2155=ORIENTED_EDGE('',*,*,#1684,.F.);
#2156=ORIENTED_EDGE('',*,*,#1685,.T.);
#2157=ORIENTED_EDGE('',*,*,#1686,.F.);
#2158=ORIENTED_EDGE('',*,*,#1685,.F.);
#2159=ORIENTED_EDGE('',*,*,#1687,.F.);
#2160=ORIENTED_EDGE('',*,*,#1688,.F.);
#2161=ORIENTED_EDGE('',*,*,#1689,.T.);
#2162=ORIENTED_EDGE('',*,*,#1690,.F.);
#2163=ORIENTED_EDGE('',*,*,#1689,.F.);
#2164=ORIENTED_EDGE('',*,*,#1690,.T.);
#2165=ORIENTED_EDGE('',*,*,#1691,.T.);
#2166=ORIENTED_EDGE('',*,*,#1692,.F.);
#2167=ORIENTED_EDGE('',*,*,#1691,.F.);
#2168=ORIENTED_EDGE('',*,*,#1681,.T.);
#2169=ORIENTED_EDGE('',*,*,#1693,.F.);
#2170=ORIENTED_EDGE('',*,*,#1677,.T.);
#2171=ORIENTED_EDGE('',*,*,#1694,.T.);
#2172=ORIENTED_EDGE('',*,*,#1694,.F.);
#2173=ORIENTED_EDGE('',*,*,#1676,.F.);
#2174=ORIENTED_EDGE('',*,*,#1683,.F.);
#2175=ORIENTED_EDGE('',*,*,#1682,.F.);
#2176=ORIENTED_EDGE('',*,*,#1692,.T.);
#2177=ORIENTED_EDGE('',*,*,#1695,.F.);
#2178=ORIENTED_EDGE('',*,*,#1696,.T.);
#2179=ORIENTED_EDGE('',*,*,#1697,.F.);
#2180=ORIENTED_EDGE('',*,*,#1698,.F.);
#2181=ORIENTED_EDGE('',*,*,#1699,.F.);
#2182=ORIENTED_EDGE('',*,*,#1700,.F.);
#2183=ORIENTED_EDGE('',*,*,#1701,.F.);
#2184=ORIENTED_EDGE('',*,*,#1702,.T.);
#2185=ORIENTED_EDGE('',*,*,#1699,.T.);
#2186=ORIENTED_EDGE('',*,*,#1703,.T.);
#2187=ORIENTED_EDGE('',*,*,#1695,.T.);
#2188=ORIENTED_EDGE('',*,*,#1704,.F.);
#2189=ORIENTED_EDGE('',*,*,#1705,.T.);
#2190=ORIENTED_EDGE('',*,*,#1706,.F.);
#2191=ORIENTED_EDGE('',*,*,#1705,.F.);
#2192=ORIENTED_EDGE('',*,*,#1707,.F.);
#2193=ORIENTED_EDGE('',*,*,#1708,.F.);
#2194=ORIENTED_EDGE('',*,*,#1709,.T.);
#2195=ORIENTED_EDGE('',*,*,#1710,.F.);
#2196=ORIENTED_EDGE('',*,*,#1709,.F.);
#2197=ORIENTED_EDGE('',*,*,#1710,.T.);
#2198=ORIENTED_EDGE('',*,*,#1711,.T.);
#2199=ORIENTED_EDGE('',*,*,#1712,.F.);
#2200=ORIENTED_EDGE('',*,*,#1711,.F.);
#2201=ORIENTED_EDGE('',*,*,#1701,.T.);
#2202=ORIENTED_EDGE('',*,*,#1713,.F.);
#2203=ORIENTED_EDGE('',*,*,#1697,.T.);
#2204=ORIENTED_EDGE('',*,*,#1714,.T.);
#2205=ORIENTED_EDGE('',*,*,#1714,.F.);
#2206=ORIENTED_EDGE('',*,*,#1696,.F.);
#2207=ORIENTED_EDGE('',*,*,#1703,.F.);
#2208=ORIENTED_EDGE('',*,*,#1702,.F.);
#2209=ORIENTED_EDGE('',*,*,#1712,.T.);
#2210=ORIENTED_EDGE('',*,*,#1680,.T.);
#2211=ORIENTED_EDGE('',*,*,#1687,.T.);
#2212=ORIENTED_EDGE('',*,*,#1684,.T.);
#2213=ORIENTED_EDGE('',*,*,#1678,.T.);
#2214=ORIENTED_EDGE('',*,*,#1693,.T.);
#2215=ORIENTED_EDGE('',*,*,#1700,.T.);
#2216=ORIENTED_EDGE('',*,*,#1707,.T.);
#2217=ORIENTED_EDGE('',*,*,#1704,.T.);
#2218=ORIENTED_EDGE('',*,*,#1698,.T.);
#2219=ORIENTED_EDGE('',*,*,#1713,.T.);
#2220=ORIENTED_EDGE('',*,*,#1715,.F.);
#2221=ORIENTED_EDGE('',*,*,#1716,.T.);
#2222=ORIENTED_EDGE('',*,*,#1717,.F.);
#2223=ORIENTED_EDGE('',*,*,#1718,.F.);
#2224=ORIENTED_EDGE('',*,*,#1719,.F.);
#2225=ORIENTED_EDGE('',*,*,#1720,.F.);
#2226=ORIENTED_EDGE('',*,*,#1721,.F.);
#2227=ORIENTED_EDGE('',*,*,#1716,.F.);
#2228=ORIENTED_EDGE('',*,*,#1722,.F.);
#2229=ORIENTED_EDGE('',*,*,#1723,.F.);
#2230=ORIENTED_EDGE('',*,*,#1724,.F.);
#2231=ORIENTED_EDGE('',*,*,#1720,.T.);
#2232=ORIENTED_EDGE('',*,*,#1717,.T.);
#2233=ORIENTED_EDGE('',*,*,#1721,.T.);
#2234=ORIENTED_EDGE('',*,*,#1724,.T.);
#2235=ORIENTED_EDGE('',*,*,#1725,.F.);
#2236=ORIENTED_EDGE('',*,*,#1726,.T.);
#2237=ORIENTED_EDGE('',*,*,#1727,.F.);
#2238=ORIENTED_EDGE('',*,*,#1728,.F.);
#2239=ORIENTED_EDGE('',*,*,#1729,.F.);
#2240=ORIENTED_EDGE('',*,*,#1730,.T.);
#2241=ORIENTED_EDGE('',*,*,#1731,.T.);
#2242=ORIENTED_EDGE('',*,*,#1732,.T.);
#2243=ORIENTED_EDGE('',*,*,#1733,.T.);
#2244=ORIENTED_EDGE('',*,*,#1734,.T.);
#2245=ORIENTED_EDGE('',*,*,#1735,.T.);
#2246=ORIENTED_EDGE('',*,*,#1736,.T.);
#2247=ORIENTED_EDGE('',*,*,#1737,.T.);
#2248=ORIENTED_EDGE('',*,*,#1723,.T.);
#2249=ORIENTED_EDGE('',*,*,#1738,.T.);
#2250=ORIENTED_EDGE('',*,*,#1739,.T.);
#2251=ORIENTED_EDGE('',*,*,#1740,.T.);
#2252=ORIENTED_EDGE('',*,*,#1741,.F.);
#2253=ORIENTED_EDGE('',*,*,#1742,.T.);
#2254=ORIENTED_EDGE('',*,*,#1743,.T.);
#2255=ORIENTED_EDGE('',*,*,#1725,.T.);
#2256=ORIENTED_EDGE('',*,*,#1718,.T.);
#2257=ORIENTED_EDGE('',*,*,#1729,.T.);
#2258=ORIENTED_EDGE('',*,*,#1744,.T.);
#2259=ORIENTED_EDGE('',*,*,#1745,.T.);
#2260=ORIENTED_EDGE('',*,*,#1746,.F.);
#2261=ORIENTED_EDGE('',*,*,#1747,.T.);
#2262=ORIENTED_EDGE('',*,*,#1748,.T.);
#2263=ORIENTED_EDGE('',*,*,#1749,.T.);
#2264=ORIENTED_EDGE('',*,*,#1736,.F.);
#2265=ORIENTED_EDGE('',*,*,#1750,.F.);
#2266=ORIENTED_EDGE('',*,*,#1751,.F.);
#2267=ORIENTED_EDGE('',*,*,#1752,.F.);
#2268=ORIENTED_EDGE('',*,*,#1737,.F.);
#2269=ORIENTED_EDGE('',*,*,#1752,.T.);
#2270=ORIENTED_EDGE('',*,*,#1753,.T.);
#2271=ORIENTED_EDGE('',*,*,#1754,.T.);
#2272=ORIENTED_EDGE('',*,*,#1734,.F.);
#2273=ORIENTED_EDGE('',*,*,#1754,.F.);
#2274=ORIENTED_EDGE('',*,*,#1755,.F.);
#2275=ORIENTED_EDGE('',*,*,#1756,.F.);
#2276=ORIENTED_EDGE('',*,*,#1735,.F.);
#2277=ORIENTED_EDGE('',*,*,#1756,.T.);
#2278=ORIENTED_EDGE('',*,*,#1757,.F.);
#2279=ORIENTED_EDGE('',*,*,#1750,.T.);
#2280=ORIENTED_EDGE('',*,*,#1753,.F.);
#2281=ORIENTED_EDGE('',*,*,#1751,.T.);
#2282=ORIENTED_EDGE('',*,*,#1757,.T.);
#2283=ORIENTED_EDGE('',*,*,#1755,.T.);
#2284=ORIENTED_EDGE('',*,*,#1732,.F.);
#2285=ORIENTED_EDGE('',*,*,#1758,.F.);
#2286=ORIENTED_EDGE('',*,*,#1759,.F.);
#2287=ORIENTED_EDGE('',*,*,#1760,.F.);
#2288=ORIENTED_EDGE('',*,*,#1733,.F.);
#2289=ORIENTED_EDGE('',*,*,#1760,.T.);
#2290=ORIENTED_EDGE('',*,*,#1761,.T.);
#2291=ORIENTED_EDGE('',*,*,#1762,.T.);
#2292=ORIENTED_EDGE('',*,*,#1730,.F.);
#2293=ORIENTED_EDGE('',*,*,#1762,.F.);
#2294=ORIENTED_EDGE('',*,*,#1763,.F.);
#2295=ORIENTED_EDGE('',*,*,#1764,.F.);
#2296=ORIENTED_EDGE('',*,*,#1731,.F.);
#2297=ORIENTED_EDGE('',*,*,#1764,.T.);
#2298=ORIENTED_EDGE('',*,*,#1765,.F.);
#2299=ORIENTED_EDGE('',*,*,#1758,.T.);
#2300=ORIENTED_EDGE('',*,*,#1761,.F.);
#2301=ORIENTED_EDGE('',*,*,#1759,.T.);
#2302=ORIENTED_EDGE('',*,*,#1765,.T.);
#2303=ORIENTED_EDGE('',*,*,#1763,.T.);
#2304=ORIENTED_EDGE('',*,*,#1766,.T.);
#2305=ORIENTED_EDGE('',*,*,#1767,.T.);
#2306=ORIENTED_EDGE('',*,*,#1768,.F.);
#2307=ORIENTED_EDGE('',*,*,#1767,.F.);
#2308=ORIENTED_EDGE('',*,*,#1766,.F.);
#2309=ORIENTED_EDGE('',*,*,#1769,.T.);
#2310=ORIENTED_EDGE('',*,*,#1770,.T.);
#2311=ORIENTED_EDGE('',*,*,#1771,.F.);
#2312=ORIENTED_EDGE('',*,*,#1770,.F.);
#2313=ORIENTED_EDGE('',*,*,#1769,.F.);
#2314=ORIENTED_EDGE('',*,*,#1768,.T.);
#2315=ORIENTED_EDGE('',*,*,#1772,.T.);
#2316=ORIENTED_EDGE('',*,*,#1773,.T.);
#2317=ORIENTED_EDGE('',*,*,#1774,.F.);
#2318=ORIENTED_EDGE('',*,*,#1773,.F.);
#2319=ORIENTED_EDGE('',*,*,#1772,.F.);
#2320=ORIENTED_EDGE('',*,*,#1775,.T.);
#2321=ORIENTED_EDGE('',*,*,#1776,.T.);
#2322=ORIENTED_EDGE('',*,*,#1777,.F.);
#2323=ORIENTED_EDGE('',*,*,#1776,.F.);
#2324=ORIENTED_EDGE('',*,*,#1775,.F.);
#2325=ORIENTED_EDGE('',*,*,#1774,.T.);
#2326=ORIENTED_EDGE('',*,*,#1778,.F.);
#2327=ORIENTED_EDGE('',*,*,#1779,.F.);
#2328=ORIENTED_EDGE('',*,*,#1780,.T.);
#2329=ORIENTED_EDGE('',*,*,#1781,.F.);
#2330=ORIENTED_EDGE('',*,*,#1782,.T.);
#2331=ORIENTED_EDGE('',*,*,#1783,.F.);
#2332=ORIENTED_EDGE('',*,*,#1780,.F.);
#2333=ORIENTED_EDGE('',*,*,#1784,.F.);
#2334=ORIENTED_EDGE('',*,*,#1785,.F.);
#2335=ORIENTED_EDGE('',*,*,#1786,.F.);
#2336=ORIENTED_EDGE('',*,*,#1782,.F.);
#2337=ORIENTED_EDGE('',*,*,#1787,.F.);
#2338=ORIENTED_EDGE('',*,*,#1781,.T.);
#2339=ORIENTED_EDGE('',*,*,#1783,.T.);
#2340=ORIENTED_EDGE('',*,*,#1786,.T.);
#2341=ORIENTED_EDGE('',*,*,#1788,.T.);
#2342=ORIENTED_EDGE('',*,*,#1789,.T.);
#2343=ORIENTED_EDGE('',*,*,#1790,.T.);
#2344=ORIENTED_EDGE('',*,*,#1791,.T.);
#2345=ORIENTED_EDGE('',*,*,#1792,.T.);
#2346=ORIENTED_EDGE('',*,*,#1793,.T.);
#2347=ORIENTED_EDGE('',*,*,#1794,.T.);
#2348=ORIENTED_EDGE('',*,*,#1795,.T.);
#2349=ORIENTED_EDGE('',*,*,#1796,.T.);
#2350=ORIENTED_EDGE('',*,*,#1797,.T.);
#2351=ORIENTED_EDGE('',*,*,#1798,.T.);
#2352=ORIENTED_EDGE('',*,*,#1799,.T.);
#2353=ORIENTED_EDGE('',*,*,#1800,.T.);
#2354=ORIENTED_EDGE('',*,*,#1686,.T.);
#2355=ORIENTED_EDGE('',*,*,#1706,.T.);
#2356=ORIENTED_EDGE('',*,*,#1801,.T.);
#2357=ORIENTED_EDGE('',*,*,#1802,.T.);
#2358=ORIENTED_EDGE('',*,*,#1803,.T.);
#2359=ORIENTED_EDGE('',*,*,#1804,.T.);
#2360=ORIENTED_EDGE('',*,*,#1805,.T.);
#2361=ORIENTED_EDGE('',*,*,#1806,.T.);
#2362=ORIENTED_EDGE('',*,*,#1807,.T.);
#2363=ORIENTED_EDGE('',*,*,#1808,.T.);
#2364=ORIENTED_EDGE('',*,*,#1809,.T.);
#2365=ORIENTED_EDGE('',*,*,#1810,.T.);
#2366=ORIENTED_EDGE('',*,*,#1811,.T.);
#2367=ORIENTED_EDGE('',*,*,#1812,.T.);
#2368=ORIENTED_EDGE('',*,*,#1813,.T.);
#2369=ORIENTED_EDGE('',*,*,#1814,.T.);
#2370=ORIENTED_EDGE('',*,*,#1815,.T.);
#2371=ORIENTED_EDGE('',*,*,#1816,.T.);
#2372=ORIENTED_EDGE('',*,*,#1785,.T.);
#2373=ORIENTED_EDGE('',*,*,#1817,.F.);
#2374=ORIENTED_EDGE('',*,*,#1818,.T.);
#2375=ORIENTED_EDGE('',*,*,#1788,.F.);
#2376=ORIENTED_EDGE('',*,*,#1819,.F.);
#2377=ORIENTED_EDGE('',*,*,#1820,.F.);
#2378=ORIENTED_EDGE('',*,*,#1821,.T.);
#2379=ORIENTED_EDGE('',*,*,#1797,.F.);
#2380=ORIENTED_EDGE('',*,*,#1822,.T.);
#2381=ORIENTED_EDGE('',*,*,#1798,.F.);
#2382=ORIENTED_EDGE('',*,*,#1821,.F.);
#2383=ORIENTED_EDGE('',*,*,#1823,.F.);
#2384=ORIENTED_EDGE('',*,*,#1824,.F.);
#2385=ORIENTED_EDGE('',*,*,#1799,.F.);
#2386=ORIENTED_EDGE('',*,*,#1822,.F.);
#2387=ORIENTED_EDGE('',*,*,#1825,.F.);
#2388=ORIENTED_EDGE('',*,*,#1778,.T.);
#2389=ORIENTED_EDGE('',*,*,#1800,.F.);
#2390=ORIENTED_EDGE('',*,*,#1824,.T.);
#2391=ORIENTED_EDGE('',*,*,#1826,.F.);
#2392=ORIENTED_EDGE('',*,*,#1827,.F.);
#2393=ORIENTED_EDGE('',*,*,#1828,.T.);
#2394=ORIENTED_EDGE('',*,*,#1829,.F.);
#2395=ORIENTED_EDGE('',*,*,#1828,.F.);
#2396=ORIENTED_EDGE('',*,*,#1827,.T.);
#2397=ORIENTED_EDGE('',*,*,#1830,.F.);
#2398=ORIENTED_EDGE('',*,*,#1831,.T.);
#2399=ORIENTED_EDGE('',*,*,#1832,.F.);
#2400=ORIENTED_EDGE('',*,*,#1831,.F.);
#2401=ORIENTED_EDGE('',*,*,#1830,.T.);
#2402=ORIENTED_EDGE('',*,*,#1833,.T.);
#2403=ORIENTED_EDGE('',*,*,#1834,.T.);
#2404=ORIENTED_EDGE('',*,*,#1835,.T.);
#2405=ORIENTED_EDGE('',*,*,#1836,.T.);
#2406=ORIENTED_EDGE('',*,*,#1834,.F.);
#2407=ORIENTED_EDGE('',*,*,#1837,.F.);
#2408=ORIENTED_EDGE('',*,*,#1838,.F.);
#2409=ORIENTED_EDGE('',*,*,#1839,.F.);
#2410=ORIENTED_EDGE('',*,*,#1840,.T.);
#2411=ORIENTED_EDGE('',*,*,#1833,.F.);
#2412=ORIENTED_EDGE('',*,*,#1841,.T.);
#2413=ORIENTED_EDGE('',*,*,#1842,.F.);
#2414=ORIENTED_EDGE('',*,*,#1837,.T.);
#2415=ORIENTED_EDGE('',*,*,#1843,.T.);
#2416=ORIENTED_EDGE('',*,*,#1839,.T.);
#2417=ORIENTED_EDGE('',*,*,#1844,.F.);
#2418=ORIENTED_EDGE('',*,*,#1845,.T.);
#2419=ORIENTED_EDGE('',*,*,#1836,.F.);
#2420=ORIENTED_EDGE('',*,*,#1846,.F.);
#2421=ORIENTED_EDGE('',*,*,#1845,.F.);
#2422=ORIENTED_EDGE('',*,*,#1847,.F.);
#2423=ORIENTED_EDGE('',*,*,#1841,.F.);
#2424=ORIENTED_EDGE('',*,*,#1835,.F.);
#2425=ORIENTED_EDGE('',*,*,#1840,.F.);
#2426=ORIENTED_EDGE('',*,*,#1843,.F.);
#2427=ORIENTED_EDGE('',*,*,#1846,.T.);
#2428=ORIENTED_EDGE('',*,*,#1848,.T.);
#2429=ORIENTED_EDGE('',*,*,#1849,.T.);
#2430=ORIENTED_EDGE('',*,*,#1850,.T.);
#2431=ORIENTED_EDGE('',*,*,#1851,.T.);
#2432=ORIENTED_EDGE('',*,*,#1849,.F.);
#2433=ORIENTED_EDGE('',*,*,#1852,.F.);
#2434=ORIENTED_EDGE('',*,*,#1853,.F.);
#2435=ORIENTED_EDGE('',*,*,#1854,.F.);
#2436=ORIENTED_EDGE('',*,*,#1855,.T.);
#2437=ORIENTED_EDGE('',*,*,#1848,.F.);
#2438=ORIENTED_EDGE('',*,*,#1856,.T.);
#2439=ORIENTED_EDGE('',*,*,#1857,.F.);
#2440=ORIENTED_EDGE('',*,*,#1852,.T.);
#2441=ORIENTED_EDGE('',*,*,#1858,.T.);
#2442=ORIENTED_EDGE('',*,*,#1854,.T.);
#2443=ORIENTED_EDGE('',*,*,#1859,.F.);
#2444=ORIENTED_EDGE('',*,*,#1860,.T.);
#2445=ORIENTED_EDGE('',*,*,#1851,.F.);
#2446=ORIENTED_EDGE('',*,*,#1861,.F.);
#2447=ORIENTED_EDGE('',*,*,#1860,.F.);
#2448=ORIENTED_EDGE('',*,*,#1862,.F.);
#2449=ORIENTED_EDGE('',*,*,#1856,.F.);
#2450=ORIENTED_EDGE('',*,*,#1850,.F.);
#2451=ORIENTED_EDGE('',*,*,#1855,.F.);
#2452=ORIENTED_EDGE('',*,*,#1858,.F.);
#2453=ORIENTED_EDGE('',*,*,#1861,.T.);
#2454=ORIENTED_EDGE('',*,*,#1863,.T.);
#2455=ORIENTED_EDGE('',*,*,#1864,.T.);
#2456=ORIENTED_EDGE('',*,*,#1865,.T.);
#2457=ORIENTED_EDGE('',*,*,#1866,.T.);
#2458=ORIENTED_EDGE('',*,*,#1829,.T.);
#2459=ORIENTED_EDGE('',*,*,#1867,.T.);
#2460=ORIENTED_EDGE('',*,*,#1801,.F.);
#2461=ORIENTED_EDGE('',*,*,#1868,.F.);
#2462=ORIENTED_EDGE('',*,*,#1866,.F.);
#2463=ORIENTED_EDGE('',*,*,#1869,.T.);
#2464=ORIENTED_EDGE('',*,*,#1802,.F.);
#2465=ORIENTED_EDGE('',*,*,#1867,.F.);
#2466=ORIENTED_EDGE('',*,*,#1865,.F.);
#2467=ORIENTED_EDGE('',*,*,#1870,.T.);
#2468=ORIENTED_EDGE('',*,*,#1803,.F.);
#2469=ORIENTED_EDGE('',*,*,#1869,.F.);
#2470=ORIENTED_EDGE('',*,*,#1864,.F.);
#2471=ORIENTED_EDGE('',*,*,#1868,.T.);
#2472=ORIENTED_EDGE('',*,*,#1804,.F.);
#2473=ORIENTED_EDGE('',*,*,#1870,.F.);
#2474=ORIENTED_EDGE('',*,*,#1863,.F.);
#2475=ORIENTED_EDGE('',*,*,#1871,.T.);
#2476=ORIENTED_EDGE('',*,*,#1872,.T.);
#2477=ORIENTED_EDGE('',*,*,#1873,.T.);
#2478=ORIENTED_EDGE('',*,*,#1874,.T.);
#2479=ORIENTED_EDGE('',*,*,#1832,.T.);
#2480=ORIENTED_EDGE('',*,*,#1875,.T.);
#2481=ORIENTED_EDGE('',*,*,#1805,.F.);
#2482=ORIENTED_EDGE('',*,*,#1876,.F.);
#2483=ORIENTED_EDGE('',*,*,#1874,.F.);
#2484=ORIENTED_EDGE('',*,*,#1877,.T.);
#2485=ORIENTED_EDGE('',*,*,#1806,.F.);
#2486=ORIENTED_EDGE('',*,*,#1875,.F.);
#2487=ORIENTED_EDGE('',*,*,#1873,.F.);
#2488=ORIENTED_EDGE('',*,*,#1878,.T.);
#2489=ORIENTED_EDGE('',*,*,#1807,.F.);
#2490=ORIENTED_EDGE('',*,*,#1877,.F.);
#2491=ORIENTED_EDGE('',*,*,#1872,.F.);
#2492=ORIENTED_EDGE('',*,*,#1876,.T.);
#2493=ORIENTED_EDGE('',*,*,#1808,.F.);
#2494=ORIENTED_EDGE('',*,*,#1878,.F.);
#2495=ORIENTED_EDGE('',*,*,#1871,.F.);
#2496=ORIENTED_EDGE('',*,*,#1879,.T.);
#2497=ORIENTED_EDGE('',*,*,#1880,.T.);
#2498=ORIENTED_EDGE('',*,*,#1881,.T.);
#2499=ORIENTED_EDGE('',*,*,#1882,.T.);
#2500=ORIENTED_EDGE('',*,*,#1883,.T.);
#2501=ORIENTED_EDGE('',*,*,#1809,.F.);
#2502=ORIENTED_EDGE('',*,*,#1884,.F.);
#2503=ORIENTED_EDGE('',*,*,#1882,.F.);
#2504=ORIENTED_EDGE('',*,*,#1885,.T.);
#2505=ORIENTED_EDGE('',*,*,#1810,.F.);
#2506=ORIENTED_EDGE('',*,*,#1883,.F.);
#2507=ORIENTED_EDGE('',*,*,#1881,.F.);
#2508=ORIENTED_EDGE('',*,*,#1886,.T.);
#2509=ORIENTED_EDGE('',*,*,#1811,.F.);
#2510=ORIENTED_EDGE('',*,*,#1885,.F.);
#2511=ORIENTED_EDGE('',*,*,#1880,.F.);
#2512=ORIENTED_EDGE('',*,*,#1884,.T.);
#2513=ORIENTED_EDGE('',*,*,#1812,.F.);
#2514=ORIENTED_EDGE('',*,*,#1886,.F.);
#2515=ORIENTED_EDGE('',*,*,#1879,.F.);
#2516=ORIENTED_EDGE('',*,*,#1887,.T.);
#2517=ORIENTED_EDGE('',*,*,#1888,.T.);
#2518=ORIENTED_EDGE('',*,*,#1889,.T.);
#2519=ORIENTED_EDGE('',*,*,#1890,.T.);
#2520=ORIENTED_EDGE('',*,*,#1891,.T.);
#2521=ORIENTED_EDGE('',*,*,#1813,.F.);
#2522=ORIENTED_EDGE('',*,*,#1892,.F.);
#2523=ORIENTED_EDGE('',*,*,#1890,.F.);
#2524=ORIENTED_EDGE('',*,*,#1893,.T.);
#2525=ORIENTED_EDGE('',*,*,#1814,.F.);
#2526=ORIENTED_EDGE('',*,*,#1891,.F.);
#2527=ORIENTED_EDGE('',*,*,#1889,.F.);
#2528=ORIENTED_EDGE('',*,*,#1894,.T.);
#2529=ORIENTED_EDGE('',*,*,#1815,.F.);
#2530=ORIENTED_EDGE('',*,*,#1893,.F.);
#2531=ORIENTED_EDGE('',*,*,#1888,.F.);
#2532=ORIENTED_EDGE('',*,*,#1892,.T.);
#2533=ORIENTED_EDGE('',*,*,#1816,.F.);
#2534=ORIENTED_EDGE('',*,*,#1894,.F.);
#2535=ORIENTED_EDGE('',*,*,#1887,.F.);
#2536=ORIENTED_EDGE('',*,*,#1895,.T.);
#2537=ORIENTED_EDGE('',*,*,#1896,.F.);
#2538=ORIENTED_EDGE('',*,*,#1897,.T.);
#2539=ORIENTED_EDGE('',*,*,#1741,.T.);
#2540=ORIENTED_EDGE('',*,*,#1898,.T.);
#2541=ORIENTED_EDGE('',*,*,#1746,.T.);
#2542=ORIENTED_EDGE('',*,*,#1899,.T.);
#2543=ORIENTED_EDGE('',*,*,#1900,.F.);
#2544=ORIENTED_EDGE('',*,*,#1826,.T.);
#2545=ORIENTED_EDGE('',*,*,#1825,.T.);
#2546=ORIENTED_EDGE('',*,*,#1823,.T.);
#2547=ORIENTED_EDGE('',*,*,#1820,.T.);
#2548=ORIENTED_EDGE('',*,*,#1901,.T.);
#2549=ORIENTED_EDGE('',*,*,#1902,.T.);
#2550=ORIENTED_EDGE('',*,*,#1903,.T.);
#2551=ORIENTED_EDGE('',*,*,#1904,.F.);
#2552=ORIENTED_EDGE('',*,*,#1905,.T.);
#2553=ORIENTED_EDGE('',*,*,#1906,.T.);
#2554=ORIENTED_EDGE('',*,*,#1907,.T.);
#2555=ORIENTED_EDGE('',*,*,#1908,.T.);
#2556=ORIENTED_EDGE('',*,*,#1909,.T.);
#2557=ORIENTED_EDGE('',*,*,#1910,.F.);
#2558=ORIENTED_EDGE('',*,*,#1911,.T.);
#2559=ORIENTED_EDGE('',*,*,#1912,.T.);
#2560=ORIENTED_EDGE('',*,*,#1817,.T.);
#2561=ORIENTED_EDGE('',*,*,#1787,.T.);
#2562=ORIENTED_EDGE('',*,*,#1784,.T.);
#2563=ORIENTED_EDGE('',*,*,#1779,.T.);
#2564=ORIENTED_EDGE('',*,*,#1771,.T.);
#2565=ORIENTED_EDGE('',*,*,#1777,.T.);
#2566=ORIENTED_EDGE('',*,*,#1913,.T.);
#2567=ORIENTED_EDGE('',*,*,#1914,.F.);
#2568=ORIENTED_EDGE('',*,*,#1915,.T.);
#2569=ORIENTED_EDGE('',*,*,#1904,.T.);
#2570=ORIENTED_EDGE('',*,*,#1916,.T.);
#2571=ORIENTED_EDGE('',*,*,#1910,.T.);
#2572=ORIENTED_EDGE('',*,*,#1917,.T.);
#2573=ORIENTED_EDGE('',*,*,#1918,.F.);
#2574=ORIENTED_EDGE('',*,*,#1900,.T.);
#2575=ORIENTED_EDGE('',*,*,#1919,.T.);
#2576=ORIENTED_EDGE('',*,*,#1914,.T.);
#2577=ORIENTED_EDGE('',*,*,#1920,.T.);
#2578=ORIENTED_EDGE('',*,*,#1921,.T.);
#2579=ORIENTED_EDGE('',*,*,#1789,.F.);
#2580=ORIENTED_EDGE('',*,*,#1818,.F.);
#2581=ORIENTED_EDGE('',*,*,#1912,.F.);
#2582=ORIENTED_EDGE('',*,*,#1819,.T.);
#2583=ORIENTED_EDGE('',*,*,#1796,.F.);
#2584=ORIENTED_EDGE('',*,*,#1922,.F.);
#2585=ORIENTED_EDGE('',*,*,#1901,.F.);
#2586=ORIENTED_EDGE('',*,*,#1922,.T.);
#2587=ORIENTED_EDGE('',*,*,#1795,.F.);
#2588=ORIENTED_EDGE('',*,*,#1923,.F.);
#2589=ORIENTED_EDGE('',*,*,#1902,.F.);
#2590=ORIENTED_EDGE('',*,*,#1923,.T.);
#2591=ORIENTED_EDGE('',*,*,#1794,.F.);
#2592=ORIENTED_EDGE('',*,*,#1924,.F.);
#2593=ORIENTED_EDGE('',*,*,#1747,.F.);
#2594=ORIENTED_EDGE('',*,*,#1898,.F.);
#2595=ORIENTED_EDGE('',*,*,#1920,.F.);
#2596=ORIENTED_EDGE('',*,*,#1913,.F.);
#2597=ORIENTED_EDGE('',*,*,#1903,.F.);
#2598=ORIENTED_EDGE('',*,*,#1925,.T.);
#2599=ORIENTED_EDGE('',*,*,#1791,.F.);
#2600=ORIENTED_EDGE('',*,*,#1926,.F.);
#2601=ORIENTED_EDGE('',*,*,#1739,.F.);
#2602=ORIENTED_EDGE('',*,*,#1924,.T.);
#2603=ORIENTED_EDGE('',*,*,#1793,.F.);
#2604=ORIENTED_EDGE('',*,*,#1927,.F.);
#2605=ORIENTED_EDGE('',*,*,#1748,.F.);
#2606=ORIENTED_EDGE('',*,*,#1715,.T.);
#2607=ORIENTED_EDGE('',*,*,#1749,.F.);
#2608=ORIENTED_EDGE('',*,*,#1927,.T.);
#2609=ORIENTED_EDGE('',*,*,#1792,.F.);
#2610=ORIENTED_EDGE('',*,*,#1925,.F.);
#2611=ORIENTED_EDGE('',*,*,#1738,.F.);
#2612=ORIENTED_EDGE('',*,*,#1722,.T.);
#2613=ORIENTED_EDGE('',*,*,#1719,.T.);
#2614=ORIENTED_EDGE('',*,*,#1838,.T.);
#2615=ORIENTED_EDGE('',*,*,#1842,.T.);
#2616=ORIENTED_EDGE('',*,*,#1847,.T.);
#2617=ORIENTED_EDGE('',*,*,#1844,.T.);
#2618=ORIENTED_EDGE('',*,*,#1853,.T.);
#2619=ORIENTED_EDGE('',*,*,#1857,.T.);
#2620=ORIENTED_EDGE('',*,*,#1862,.T.);
#2621=ORIENTED_EDGE('',*,*,#1859,.T.);
#2622=ORIENTED_EDGE('',*,*,#1926,.T.);
#2623=ORIENTED_EDGE('',*,*,#1790,.F.);
#2624=ORIENTED_EDGE('',*,*,#1921,.F.);
#2625=ORIENTED_EDGE('',*,*,#1911,.F.);
#2626=ORIENTED_EDGE('',*,*,#1916,.F.);
#2627=ORIENTED_EDGE('',*,*,#1928,.F.);
#2628=ORIENTED_EDGE('',*,*,#1895,.F.);
#2629=ORIENTED_EDGE('',*,*,#1740,.F.);
#2630=ORIENTED_EDGE('',*,*,#1896,.T.);
#2631=ORIENTED_EDGE('',*,*,#1928,.T.);
#2632=ORIENTED_EDGE('',*,*,#1918,.T.);
#2633=ORIENTED_EDGE('',*,*,#1929,.T.);
#2634=ORIENTED_EDGE('',*,*,#1930,.T.);
#2635=ORIENTED_EDGE('',*,*,#1931,.F.);
#2636=ORIENTED_EDGE('',*,*,#1932,.F.);
#2637=ORIENTED_EDGE('',*,*,#1908,.F.);
#2638=ORIENTED_EDGE('',*,*,#1933,.T.);
#2639=ORIENTED_EDGE('',*,*,#1934,.F.);
#2640=ORIENTED_EDGE('',*,*,#1935,.F.);
#2641=ORIENTED_EDGE('',*,*,#1906,.F.);
#2642=ORIENTED_EDGE('',*,*,#1726,.F.);
#2643=ORIENTED_EDGE('',*,*,#1743,.F.);
#2644=ORIENTED_EDGE('',*,*,#1936,.T.);
#2645=ORIENTED_EDGE('',*,*,#1937,.F.);
#2646=ORIENTED_EDGE('',*,*,#1938,.T.);
#2647=ORIENTED_EDGE('',*,*,#1934,.T.);
#2648=ORIENTED_EDGE('',*,*,#1939,.T.);
#2649=ORIENTED_EDGE('',*,*,#1940,.T.);
#2650=ORIENTED_EDGE('',*,*,#1727,.T.);
#2651=ORIENTED_EDGE('',*,*,#1937,.T.);
#2652=ORIENTED_EDGE('',*,*,#1941,.T.);
#2653=ORIENTED_EDGE('',*,*,#1931,.T.);
#2654=ORIENTED_EDGE('',*,*,#1688,.T.);
#2655=ORIENTED_EDGE('',*,*,#1708,.T.);
#2656=ORIENTED_EDGE('',*,*,#1942,.F.);
#2657=ORIENTED_EDGE('',*,*,#1744,.F.);
#2658=ORIENTED_EDGE('',*,*,#1728,.T.);
#2659=ORIENTED_EDGE('',*,*,#1940,.F.);
#2660=ORIENTED_EDGE('',*,*,#1907,.F.);
#2661=ORIENTED_EDGE('',*,*,#1935,.T.);
#2662=ORIENTED_EDGE('',*,*,#1938,.F.);
#2663=ORIENTED_EDGE('',*,*,#1930,.F.);
#2664=ORIENTED_EDGE('',*,*,#1942,.T.);
#2665=ORIENTED_EDGE('',*,*,#1939,.F.);
#2666=ORIENTED_EDGE('',*,*,#1933,.F.);
#2667=ORIENTED_EDGE('',*,*,#1905,.F.);
#2668=ORIENTED_EDGE('',*,*,#1915,.F.);
#2669=ORIENTED_EDGE('',*,*,#1919,.F.);
#2670=ORIENTED_EDGE('',*,*,#1899,.F.);
#2671=ORIENTED_EDGE('',*,*,#1745,.F.);
#2672=ORIENTED_EDGE('',*,*,#1932,.T.);
#2673=ORIENTED_EDGE('',*,*,#1941,.F.);
#2674=ORIENTED_EDGE('',*,*,#1936,.F.);
#2675=ORIENTED_EDGE('',*,*,#1742,.F.);
#2676=ORIENTED_EDGE('',*,*,#1897,.F.);
#2677=ORIENTED_EDGE('',*,*,#1929,.F.);
#2678=ORIENTED_EDGE('',*,*,#1917,.F.);
#2679=ORIENTED_EDGE('',*,*,#1909,.F.);
#2680=ORIENTED_EDGE('',*,*,#1943,.F.);
#2681=ORIENTED_EDGE('',*,*,#1944,.F.);
#2682=ORIENTED_EDGE('',*,*,#1945,.F.);
#2683=ORIENTED_EDGE('',*,*,#1946,.T.);
#2684=ORIENTED_EDGE('',*,*,#1947,.F.);
#2685=ORIENTED_EDGE('',*,*,#1946,.F.);
#2686=ORIENTED_EDGE('',*,*,#1948,.F.);
#2687=ORIENTED_EDGE('',*,*,#1949,.T.);
#2688=ORIENTED_EDGE('',*,*,#1950,.F.);
#2689=ORIENTED_EDGE('',*,*,#1949,.F.);
#2690=ORIENTED_EDGE('',*,*,#1951,.F.);
#2691=ORIENTED_EDGE('',*,*,#1952,.T.);
#2692=ORIENTED_EDGE('',*,*,#1953,.F.);
#2693=ORIENTED_EDGE('',*,*,#1952,.F.);
#2694=ORIENTED_EDGE('',*,*,#1954,.F.);
#2695=ORIENTED_EDGE('',*,*,#1944,.T.);
#2696=ORIENTED_EDGE('',*,*,#1955,.F.);
#2697=ORIENTED_EDGE('',*,*,#1956,.F.);
#2698=ORIENTED_EDGE('',*,*,#1957,.F.);
#2699=ORIENTED_EDGE('',*,*,#1958,.T.);
#2700=ORIENTED_EDGE('',*,*,#1959,.F.);
#2701=ORIENTED_EDGE('',*,*,#1958,.F.);
#2702=ORIENTED_EDGE('',*,*,#1960,.F.);
#2703=ORIENTED_EDGE('',*,*,#1961,.T.);
#2704=ORIENTED_EDGE('',*,*,#1962,.F.);
#2705=ORIENTED_EDGE('',*,*,#1961,.F.);
#2706=ORIENTED_EDGE('',*,*,#1963,.F.);
#2707=ORIENTED_EDGE('',*,*,#1964,.T.);
#2708=ORIENTED_EDGE('',*,*,#1965,.F.);
#2709=ORIENTED_EDGE('',*,*,#1964,.F.);
#2710=ORIENTED_EDGE('',*,*,#1966,.F.);
#2711=ORIENTED_EDGE('',*,*,#1956,.T.);
#2712=ORIENTED_EDGE('',*,*,#1967,.F.);
#2713=ORIENTED_EDGE('',*,*,#1968,.F.);
#2714=ORIENTED_EDGE('',*,*,#1969,.F.);
#2715=ORIENTED_EDGE('',*,*,#1970,.T.);
#2716=ORIENTED_EDGE('',*,*,#1971,.F.);
#2717=ORIENTED_EDGE('',*,*,#1970,.F.);
#2718=ORIENTED_EDGE('',*,*,#1972,.F.);
#2719=ORIENTED_EDGE('',*,*,#1973,.T.);
#2720=ORIENTED_EDGE('',*,*,#1974,.F.);
#2721=ORIENTED_EDGE('',*,*,#1973,.F.);
#2722=ORIENTED_EDGE('',*,*,#1975,.F.);
#2723=ORIENTED_EDGE('',*,*,#1976,.T.);
#2724=ORIENTED_EDGE('',*,*,#1977,.F.);
#2725=ORIENTED_EDGE('',*,*,#1976,.F.);
#2726=ORIENTED_EDGE('',*,*,#1978,.F.);
#2727=ORIENTED_EDGE('',*,*,#1968,.T.);
#2728=ORIENTED_EDGE('',*,*,#1979,.F.);
#2729=ORIENTED_EDGE('',*,*,#1980,.F.);
#2730=ORIENTED_EDGE('',*,*,#1981,.F.);
#2731=ORIENTED_EDGE('',*,*,#1982,.T.);
#2732=ORIENTED_EDGE('',*,*,#1983,.F.);
#2733=ORIENTED_EDGE('',*,*,#1982,.F.);
#2734=ORIENTED_EDGE('',*,*,#1984,.F.);
#2735=ORIENTED_EDGE('',*,*,#1985,.T.);
#2736=ORIENTED_EDGE('',*,*,#1986,.F.);
#2737=ORIENTED_EDGE('',*,*,#1985,.F.);
#2738=ORIENTED_EDGE('',*,*,#1987,.F.);
#2739=ORIENTED_EDGE('',*,*,#1988,.T.);
#2740=ORIENTED_EDGE('',*,*,#1989,.F.);
#2741=ORIENTED_EDGE('',*,*,#1988,.F.);
#2742=ORIENTED_EDGE('',*,*,#1990,.F.);
#2743=ORIENTED_EDGE('',*,*,#1980,.T.);
#2744=ORIENTED_EDGE('',*,*,#1991,.F.);
#2745=ORIENTED_EDGE('',*,*,#1992,.F.);
#2746=ORIENTED_EDGE('',*,*,#1993,.F.);
#2747=ORIENTED_EDGE('',*,*,#1994,.T.);
#2748=ORIENTED_EDGE('',*,*,#1995,.F.);
#2749=ORIENTED_EDGE('',*,*,#1994,.F.);
#2750=ORIENTED_EDGE('',*,*,#1996,.F.);
#2751=ORIENTED_EDGE('',*,*,#1997,.T.);
#2752=ORIENTED_EDGE('',*,*,#1998,.F.);
#2753=ORIENTED_EDGE('',*,*,#1997,.F.);
#2754=ORIENTED_EDGE('',*,*,#1999,.F.);
#2755=ORIENTED_EDGE('',*,*,#2000,.T.);
#2756=ORIENTED_EDGE('',*,*,#2001,.F.);
#2757=ORIENTED_EDGE('',*,*,#2000,.F.);
#2758=ORIENTED_EDGE('',*,*,#2002,.F.);
#2759=ORIENTED_EDGE('',*,*,#1992,.T.);
#2760=ORIENTED_EDGE('',*,*,#2003,.F.);
#2761=ORIENTED_EDGE('',*,*,#2004,.T.);
#2762=ORIENTED_EDGE('',*,*,#2005,.T.);
#2763=ORIENTED_EDGE('',*,*,#2006,.F.);
#2764=ORIENTED_EDGE('',*,*,#2007,.F.);
#2765=ORIENTED_EDGE('',*,*,#2008,.F.);
#2766=ORIENTED_EDGE('',*,*,#2009,.F.);
#2767=ORIENTED_EDGE('',*,*,#2005,.F.);
#2768=ORIENTED_EDGE('',*,*,#2010,.T.);
#2769=ORIENTED_EDGE('',*,*,#2011,.T.);
#2770=ORIENTED_EDGE('',*,*,#2012,.F.);
#2771=ORIENTED_EDGE('',*,*,#2013,.F.);
#2772=ORIENTED_EDGE('',*,*,#2010,.F.);
#2773=ORIENTED_EDGE('',*,*,#2004,.F.);
#2774=ORIENTED_EDGE('',*,*,#2014,.F.);
#2775=ORIENTED_EDGE('',*,*,#2015,.F.);
#2776=ORIENTED_EDGE('',*,*,#2016,.F.);
#2777=ORIENTED_EDGE('',*,*,#2017,.F.);
#2778=ORIENTED_EDGE('',*,*,#2011,.F.);
#2779=ORIENTED_EDGE('',*,*,#2013,.T.);
#2780=ORIENTED_EDGE('',*,*,#2006,.T.);
#2781=ORIENTED_EDGE('',*,*,#2009,.T.);
#2782=ORIENTED_EDGE('',*,*,#2017,.T.);
#2783=ORIENTED_EDGE('',*,*,#2018,.T.);
#2784=ORIENTED_EDGE('',*,*,#2019,.T.);
#2785=ORIENTED_EDGE('',*,*,#2020,.T.);
#2786=ORIENTED_EDGE('',*,*,#2021,.T.);
#2787=ORIENTED_EDGE('',*,*,#2022,.T.);
#2788=ORIENTED_EDGE('',*,*,#2023,.T.);
#2789=ORIENTED_EDGE('',*,*,#2024,.T.);
#2790=ORIENTED_EDGE('',*,*,#2025,.T.);
#2791=ORIENTED_EDGE('',*,*,#2026,.T.);
#2792=ORIENTED_EDGE('',*,*,#2027,.T.);
#2793=ORIENTED_EDGE('',*,*,#2028,.T.);
#2794=ORIENTED_EDGE('',*,*,#2029,.T.);
#2795=ORIENTED_EDGE('',*,*,#2030,.T.);
#2796=ORIENTED_EDGE('',*,*,#2031,.T.);
#2797=ORIENTED_EDGE('',*,*,#2032,.T.);
#2798=ORIENTED_EDGE('',*,*,#2033,.T.);
#2799=ORIENTED_EDGE('',*,*,#2034,.T.);
#2800=ORIENTED_EDGE('',*,*,#1950,.T.);
#2801=ORIENTED_EDGE('',*,*,#1953,.T.);
#2802=ORIENTED_EDGE('',*,*,#1943,.T.);
#2803=ORIENTED_EDGE('',*,*,#1947,.T.);
#2804=ORIENTED_EDGE('',*,*,#1962,.T.);
#2805=ORIENTED_EDGE('',*,*,#1965,.T.);
#2806=ORIENTED_EDGE('',*,*,#1955,.T.);
#2807=ORIENTED_EDGE('',*,*,#1959,.T.);
#2808=ORIENTED_EDGE('',*,*,#1974,.T.);
#2809=ORIENTED_EDGE('',*,*,#1977,.T.);
#2810=ORIENTED_EDGE('',*,*,#1967,.T.);
#2811=ORIENTED_EDGE('',*,*,#1971,.T.);
#2812=ORIENTED_EDGE('',*,*,#1986,.T.);
#2813=ORIENTED_EDGE('',*,*,#1989,.T.);
#2814=ORIENTED_EDGE('',*,*,#1979,.T.);
#2815=ORIENTED_EDGE('',*,*,#1983,.T.);
#2816=ORIENTED_EDGE('',*,*,#1998,.T.);
#2817=ORIENTED_EDGE('',*,*,#2001,.T.);
#2818=ORIENTED_EDGE('',*,*,#1991,.T.);
#2819=ORIENTED_EDGE('',*,*,#1995,.T.);
#2820=ORIENTED_EDGE('',*,*,#2035,.T.);
#2821=ORIENTED_EDGE('',*,*,#2036,.T.);
#2822=ORIENTED_EDGE('',*,*,#2015,.T.);
#2823=ORIENTED_EDGE('',*,*,#2037,.T.);
#2824=ORIENTED_EDGE('',*,*,#2038,.T.);
#2825=ORIENTED_EDGE('',*,*,#2039,.T.);
#2826=ORIENTED_EDGE('',*,*,#2040,.F.);
#2827=ORIENTED_EDGE('',*,*,#2041,.T.);
#2828=ORIENTED_EDGE('',*,*,#2042,.T.);
#2829=ORIENTED_EDGE('',*,*,#2043,.T.);
#2830=ORIENTED_EDGE('',*,*,#2008,.T.);
#2831=ORIENTED_EDGE('',*,*,#2044,.T.);
#2832=ORIENTED_EDGE('',*,*,#2045,.T.);
#2833=ORIENTED_EDGE('',*,*,#2046,.T.);
#2834=ORIENTED_EDGE('',*,*,#2047,.F.);
#2835=ORIENTED_EDGE('',*,*,#2048,.T.);
#2836=ORIENTED_EDGE('',*,*,#2049,.T.);
#2837=ORIENTED_EDGE('',*,*,#2050,.T.);
#2838=ORIENTED_EDGE('',*,*,#2016,.T.);
#2839=ORIENTED_EDGE('',*,*,#2043,.F.);
#2840=ORIENTED_EDGE('',*,*,#2051,.F.);
#2841=ORIENTED_EDGE('',*,*,#2018,.F.);
#2842=ORIENTED_EDGE('',*,*,#2052,.T.);
#2843=ORIENTED_EDGE('',*,*,#2053,.T.);
#2844=ORIENTED_EDGE('',*,*,#2054,.T.);
#2845=ORIENTED_EDGE('',*,*,#2055,.T.);
#2846=ORIENTED_EDGE('',*,*,#2007,.T.);
#2847=ORIENTED_EDGE('',*,*,#2034,.F.);
#2848=ORIENTED_EDGE('',*,*,#2056,.T.);
#2849=ORIENTED_EDGE('',*,*,#2044,.F.);
#2850=ORIENTED_EDGE('',*,*,#2057,.T.);
#2851=ORIENTED_EDGE('',*,*,#2058,.T.);
#2852=ORIENTED_EDGE('',*,*,#2059,.T.);
#2853=ORIENTED_EDGE('',*,*,#2060,.T.);
#2854=ORIENTED_EDGE('',*,*,#2036,.F.);
#2855=ORIENTED_EDGE('',*,*,#2061,.T.);
#2856=ORIENTED_EDGE('',*,*,#2062,.F.);
#2857=ORIENTED_EDGE('',*,*,#2061,.F.);
#2858=ORIENTED_EDGE('',*,*,#2035,.F.);
#2859=ORIENTED_EDGE('',*,*,#2063,.T.);
#2860=ORIENTED_EDGE('',*,*,#2064,.F.);
#2861=ORIENTED_EDGE('',*,*,#2063,.F.);
#2862=ORIENTED_EDGE('',*,*,#2065,.T.);
#2863=ORIENTED_EDGE('',*,*,#2066,.T.);
#2864=ORIENTED_EDGE('',*,*,#2054,.F.);
#2865=ORIENTED_EDGE('',*,*,#2067,.T.);
#2866=ORIENTED_EDGE('',*,*,#2068,.T.);
#2867=ORIENTED_EDGE('',*,*,#2069,.T.);
#2868=ORIENTED_EDGE('',*,*,#2052,.F.);
#2869=ORIENTED_EDGE('',*,*,#2070,.T.);
#2870=ORIENTED_EDGE('',*,*,#2053,.F.);
#2871=ORIENTED_EDGE('',*,*,#2069,.F.);
#2872=ORIENTED_EDGE('',*,*,#2071,.F.);
#2873=ORIENTED_EDGE('',*,*,#2067,.F.);
#2874=ORIENTED_EDGE('',*,*,#2072,.T.);
#2875=ORIENTED_EDGE('',*,*,#2070,.F.);
#2876=ORIENTED_EDGE('',*,*,#2055,.F.);
#2877=ORIENTED_EDGE('',*,*,#2066,.F.);
#2878=ORIENTED_EDGE('',*,*,#2071,.T.);
#2879=ORIENTED_EDGE('',*,*,#2068,.F.);
#2880=ORIENTED_EDGE('',*,*,#2072,.F.);
#2881=ORIENTED_EDGE('',*,*,#2065,.F.);
#2882=ORIENTED_EDGE('',*,*,#2073,.T.);
#2883=ORIENTED_EDGE('',*,*,#2074,.T.);
#2884=ORIENTED_EDGE('',*,*,#2059,.F.);
#2885=ORIENTED_EDGE('',*,*,#2075,.T.);
#2886=ORIENTED_EDGE('',*,*,#2076,.T.);
#2887=ORIENTED_EDGE('',*,*,#2077,.T.);
#2888=ORIENTED_EDGE('',*,*,#2057,.F.);
#2889=ORIENTED_EDGE('',*,*,#2078,.T.);
#2890=ORIENTED_EDGE('',*,*,#2058,.F.);
#2891=ORIENTED_EDGE('',*,*,#2077,.F.);
#2892=ORIENTED_EDGE('',*,*,#2079,.F.);
#2893=ORIENTED_EDGE('',*,*,#2075,.F.);
#2894=ORIENTED_EDGE('',*,*,#2080,.T.);
#2895=ORIENTED_EDGE('',*,*,#2078,.F.);
#2896=ORIENTED_EDGE('',*,*,#2060,.F.);
#2897=ORIENTED_EDGE('',*,*,#2074,.F.);
#2898=ORIENTED_EDGE('',*,*,#2079,.T.);
#2899=ORIENTED_EDGE('',*,*,#2076,.F.);
#2900=ORIENTED_EDGE('',*,*,#2080,.F.);
#2901=ORIENTED_EDGE('',*,*,#2073,.F.);
#2902=ORIENTED_EDGE('',*,*,#2081,.T.);
#2903=ORIENTED_EDGE('',*,*,#2040,.T.);
#2904=ORIENTED_EDGE('',*,*,#2082,.T.);
#2905=ORIENTED_EDGE('',*,*,#2021,.F.);
#2906=ORIENTED_EDGE('',*,*,#2083,.T.);
#2907=ORIENTED_EDGE('',*,*,#2031,.F.);
#2908=ORIENTED_EDGE('',*,*,#2084,.T.);
#2909=ORIENTED_EDGE('',*,*,#2047,.T.);
#2910=ORIENTED_EDGE('',*,*,#2083,.F.);
#2911=ORIENTED_EDGE('',*,*,#2046,.F.);
#2912=ORIENTED_EDGE('',*,*,#2085,.F.);
#2913=ORIENTED_EDGE('',*,*,#2032,.F.);
#2914=ORIENTED_EDGE('',*,*,#2081,.F.);
#2915=ORIENTED_EDGE('',*,*,#2020,.F.);
#2916=ORIENTED_EDGE('',*,*,#2086,.T.);
#2917=ORIENTED_EDGE('',*,*,#2041,.F.);
#2918=ORIENTED_EDGE('',*,*,#2019,.F.);
#2919=ORIENTED_EDGE('',*,*,#2051,.T.);
#2920=ORIENTED_EDGE('',*,*,#2042,.F.);
#2921=ORIENTED_EDGE('',*,*,#2086,.F.);
#2922=ORIENTED_EDGE('',*,*,#2033,.F.);
#2923=ORIENTED_EDGE('',*,*,#2085,.T.);
#2924=ORIENTED_EDGE('',*,*,#2045,.F.);
#2925=ORIENTED_EDGE('',*,*,#2056,.F.);
#2926=ORIENTED_EDGE('',*,*,#2027,.F.);
#2927=ORIENTED_EDGE('',*,*,#2087,.T.);
#2928=ORIENTED_EDGE('',*,*,#2088,.F.);
#2929=ORIENTED_EDGE('',*,*,#2089,.F.);
#2930=ORIENTED_EDGE('',*,*,#2026,.F.);
#2931=ORIENTED_EDGE('',*,*,#2090,.T.);
#2932=ORIENTED_EDGE('',*,*,#2091,.F.);
#2933=ORIENTED_EDGE('',*,*,#2087,.F.);
#2934=ORIENTED_EDGE('',*,*,#2025,.F.);
#2935=ORIENTED_EDGE('',*,*,#2092,.T.);
#2936=ORIENTED_EDGE('',*,*,#2093,.F.);
#2937=ORIENTED_EDGE('',*,*,#2090,.F.);
#2938=ORIENTED_EDGE('',*,*,#2094,.F.);
#2939=ORIENTED_EDGE('',*,*,#2095,.F.);
#2940=ORIENTED_EDGE('',*,*,#2092,.F.);
#2941=ORIENTED_EDGE('',*,*,#2024,.F.);
#2942=ORIENTED_EDGE('',*,*,#2096,.F.);
#2943=ORIENTED_EDGE('',*,*,#2097,.T.);
#2944=ORIENTED_EDGE('',*,*,#2088,.T.);
#2945=ORIENTED_EDGE('',*,*,#2091,.T.);
#2946=ORIENTED_EDGE('',*,*,#2093,.T.);
#2947=ORIENTED_EDGE('',*,*,#2095,.T.);
#2948=ORIENTED_EDGE('',*,*,#2098,.F.);
#2949=ORIENTED_EDGE('',*,*,#2099,.T.);
#2950=ORIENTED_EDGE('',*,*,#2100,.T.);
#2951=ORIENTED_EDGE('',*,*,#2101,.T.);
#2952=ORIENTED_EDGE('',*,*,#2102,.T.);
#2953=ORIENTED_EDGE('',*,*,#2103,.T.);
#2954=ORIENTED_EDGE('',*,*,#2104,.F.);
#2955=ORIENTED_EDGE('',*,*,#2028,.F.);
#2956=ORIENTED_EDGE('',*,*,#2089,.T.);
#2957=ORIENTED_EDGE('',*,*,#2097,.F.);
#2958=ORIENTED_EDGE('',*,*,#2104,.T.);
#2959=ORIENTED_EDGE('',*,*,#2096,.T.);
#2960=ORIENTED_EDGE('',*,*,#2105,.T.);
#2961=ORIENTED_EDGE('',*,*,#2029,.F.);
#2962=ORIENTED_EDGE('',*,*,#2094,.T.);
#2963=ORIENTED_EDGE('',*,*,#2023,.F.);
#2964=ORIENTED_EDGE('',*,*,#2106,.T.);
#2965=ORIENTED_EDGE('',*,*,#2098,.T.);
#2966=ORIENTED_EDGE('',*,*,#2107,.T.);
#2967=ORIENTED_EDGE('',*,*,#2100,.F.);
#2968=ORIENTED_EDGE('',*,*,#2108,.F.);
#2969=ORIENTED_EDGE('',*,*,#2109,.F.);
#2970=ORIENTED_EDGE('',*,*,#2110,.T.);
#2971=ORIENTED_EDGE('',*,*,#2111,.T.);
#2972=ORIENTED_EDGE('',*,*,#2112,.T.);
#2973=ORIENTED_EDGE('',*,*,#2113,.T.);
#2974=ORIENTED_EDGE('',*,*,#2114,.T.);
#2975=ORIENTED_EDGE('',*,*,#2115,.T.);
#2976=ORIENTED_EDGE('',*,*,#2116,.T.);
#2977=ORIENTED_EDGE('',*,*,#2109,.T.);
#2978=ORIENTED_EDGE('',*,*,#1951,.T.);
#2979=ORIENTED_EDGE('',*,*,#1948,.T.);
#2980=ORIENTED_EDGE('',*,*,#1945,.T.);
#2981=ORIENTED_EDGE('',*,*,#1954,.T.);
#2982=ORIENTED_EDGE('',*,*,#1963,.T.);
#2983=ORIENTED_EDGE('',*,*,#1960,.T.);
#2984=ORIENTED_EDGE('',*,*,#1957,.T.);
#2985=ORIENTED_EDGE('',*,*,#1966,.T.);
#2986=ORIENTED_EDGE('',*,*,#1975,.T.);
#2987=ORIENTED_EDGE('',*,*,#1972,.T.);
#2988=ORIENTED_EDGE('',*,*,#1969,.T.);
#2989=ORIENTED_EDGE('',*,*,#1978,.T.);
#2990=ORIENTED_EDGE('',*,*,#1987,.T.);
#2991=ORIENTED_EDGE('',*,*,#1984,.T.);
#2992=ORIENTED_EDGE('',*,*,#1981,.T.);
#2993=ORIENTED_EDGE('',*,*,#1990,.T.);
#2994=ORIENTED_EDGE('',*,*,#1999,.T.);
#2995=ORIENTED_EDGE('',*,*,#1996,.T.);
#2996=ORIENTED_EDGE('',*,*,#1993,.T.);
#2997=ORIENTED_EDGE('',*,*,#2002,.T.);
#2998=ORIENTED_EDGE('',*,*,#2062,.T.);
#2999=ORIENTED_EDGE('',*,*,#2064,.T.);
#3000=ORIENTED_EDGE('',*,*,#2117,.T.);
#3001=ORIENTED_EDGE('',*,*,#2102,.F.);
#3002=ORIENTED_EDGE('',*,*,#2118,.F.);
#3003=ORIENTED_EDGE('',*,*,#2115,.F.);
#3004=ORIENTED_EDGE('',*,*,#2119,.F.);
#3005=ORIENTED_EDGE('',*,*,#2111,.F.);
#3006=ORIENTED_EDGE('',*,*,#2120,.T.);
#3007=ORIENTED_EDGE('',*,*,#2038,.F.);
#3008=ORIENTED_EDGE('',*,*,#2121,.F.);
#3009=ORIENTED_EDGE('',*,*,#2113,.F.);
#3010=ORIENTED_EDGE('',*,*,#2122,.T.);
#3011=ORIENTED_EDGE('',*,*,#2049,.F.);
#3012=ORIENTED_EDGE('',*,*,#2003,.T.);
#3013=ORIENTED_EDGE('',*,*,#2050,.F.);
#3014=ORIENTED_EDGE('',*,*,#2122,.F.);
#3015=ORIENTED_EDGE('',*,*,#2112,.F.);
#3016=ORIENTED_EDGE('',*,*,#2119,.T.);
#3017=ORIENTED_EDGE('',*,*,#2037,.F.);
#3018=ORIENTED_EDGE('',*,*,#2014,.T.);
#3019=ORIENTED_EDGE('',*,*,#2012,.T.);
#3020=ORIENTED_EDGE('',*,*,#2118,.T.);
#3021=ORIENTED_EDGE('',*,*,#2101,.F.);
#3022=ORIENTED_EDGE('',*,*,#2107,.F.);
#3023=ORIENTED_EDGE('',*,*,#2116,.F.);
#3024=ORIENTED_EDGE('',*,*,#2121,.T.);
#3025=ORIENTED_EDGE('',*,*,#2048,.F.);
#3026=ORIENTED_EDGE('',*,*,#2084,.F.);
#3027=ORIENTED_EDGE('',*,*,#2030,.F.);
#3028=ORIENTED_EDGE('',*,*,#2105,.F.);
#3029=ORIENTED_EDGE('',*,*,#2103,.F.);
#3030=ORIENTED_EDGE('',*,*,#2117,.F.);
#3031=ORIENTED_EDGE('',*,*,#2114,.F.);
#3032=ORIENTED_EDGE('',*,*,#2108,.T.);
#3033=ORIENTED_EDGE('',*,*,#2099,.F.);
#3034=ORIENTED_EDGE('',*,*,#2106,.F.);
#3035=ORIENTED_EDGE('',*,*,#2022,.F.);
#3036=ORIENTED_EDGE('',*,*,#2082,.F.);
#3037=ORIENTED_EDGE('',*,*,#2039,.F.);
#3038=ORIENTED_EDGE('',*,*,#2120,.F.);
#3039=ORIENTED_EDGE('',*,*,#2110,.F.);
#3040=ORIENTED_EDGE('',*,*,#2123,.F.);
#3041=ORIENTED_EDGE('',*,*,#2124,.F.);
#3042=ORIENTED_EDGE('',*,*,#2125,.F.);
#3043=ORIENTED_EDGE('',*,*,#2126,.F.);
#3044=ORIENTED_EDGE('',*,*,#2127,.F.);
#3045=ORIENTED_EDGE('',*,*,#2126,.T.);
#3046=ORIENTED_EDGE('',*,*,#2123,.T.);
#3047=ORIENTED_EDGE('',*,*,#2127,.T.);
#3048=ORIENTED_EDGE('',*,*,#2125,.T.);
#3049=ORIENTED_EDGE('',*,*,#2128,.F.);
#3050=ORIENTED_EDGE('',*,*,#2129,.T.);
#3051=ORIENTED_EDGE('',*,*,#2130,.F.);
#3052=ORIENTED_EDGE('',*,*,#2129,.F.);
#3053=ORIENTED_EDGE('',*,*,#2131,.F.);
#3054=ORIENTED_EDGE('',*,*,#2132,.T.);
#3055=ORIENTED_EDGE('',*,*,#2133,.T.);
#3056=ORIENTED_EDGE('',*,*,#2134,.T.);
#3057=ORIENTED_EDGE('',*,*,#2135,.F.);
#3058=ORIENTED_EDGE('',*,*,#2136,.T.);
#3059=ORIENTED_EDGE('',*,*,#2137,.T.);
#3060=ORIENTED_EDGE('',*,*,#2138,.T.);
#3061=ORIENTED_EDGE('',*,*,#2139,.F.);
#3062=ORIENTED_EDGE('',*,*,#2132,.F.);
#3063=ORIENTED_EDGE('',*,*,#2140,.F.);
#3064=ORIENTED_EDGE('',*,*,#2134,.F.);
#3065=ORIENTED_EDGE('',*,*,#2141,.F.);
#3066=ORIENTED_EDGE('',*,*,#2133,.F.);
#3067=ORIENTED_EDGE('',*,*,#2141,.T.);
#3068=ORIENTED_EDGE('',*,*,#2136,.F.);
#3069=ORIENTED_EDGE('',*,*,#2142,.F.);
#3070=ORIENTED_EDGE('',*,*,#2138,.F.);
#3071=ORIENTED_EDGE('',*,*,#2143,.F.);
#3072=ORIENTED_EDGE('',*,*,#2137,.F.);
#3073=ORIENTED_EDGE('',*,*,#2143,.T.);
#3074=ORIENTED_EDGE('',*,*,#2130,.T.);
#3075=ORIENTED_EDGE('',*,*,#2139,.T.);
#3076=ORIENTED_EDGE('',*,*,#2142,.T.);
#3077=ORIENTED_EDGE('',*,*,#2135,.T.);
#3078=ORIENTED_EDGE('',*,*,#2140,.T.);
#3079=ORIENTED_EDGE('',*,*,#2131,.T.);
#3080=ORIENTED_EDGE('',*,*,#2128,.T.);
#3081=ORIENTED_EDGE('',*,*,#2124,.T.);
#3082=PLANE('',#3447);
#3083=PLANE('',#3448);
#3084=PLANE('',#3462);
#3085=PLANE('',#3463);
#3086=PLANE('',#3464);
#3087=PLANE('',#3478);
#3088=PLANE('',#3479);
#3089=PLANE('',#3480);
#3090=PLANE('',#3481);
#3091=PLANE('',#3482);
#3092=PLANE('',#3483);
#3093=PLANE('',#3484);
#3094=PLANE('',#3485);
#3095=PLANE('',#3488);
#3096=PLANE('',#3491);
#3097=PLANE('',#3492);
#3098=PLANE('',#3493);
#3099=PLANE('',#3494);
#3100=PLANE('',#3495);
#3101=PLANE('',#3496);
#3102=PLANE('',#3497);
#3103=PLANE('',#3498);
#3104=PLANE('',#3499);
#3105=PLANE('',#3500);
#3106=PLANE('',#3504);
#3107=PLANE('',#3508);
#3108=PLANE('',#3512);
#3109=PLANE('',#3516);
#3110=PLANE('',#3517);
#3111=PLANE('',#3518);
#3112=PLANE('',#3519);
#3113=PLANE('',#3520);
#3114=PLANE('',#3525);
#3115=PLANE('',#3526);
#3116=PLANE('',#3527);
#3117=PLANE('',#3528);
#3118=PLANE('',#3529);
#3119=PLANE('',#3533);
#3120=PLANE('',#3537);
#3121=PLANE('',#3538);
#3122=PLANE('',#3539);
#3123=PLANE('',#3540);
#3124=PLANE('',#3541);
#3125=PLANE('',#3542);
#3126=PLANE('',#3543);
#3127=PLANE('',#3544);
#3128=PLANE('',#3545);
#3129=PLANE('',#3546);
#3130=PLANE('',#3547);
#3131=PLANE('',#3548);
#3132=PLANE('',#3549);
#3133=PLANE('',#3550);
#3134=PLANE('',#3551);
#3135=PLANE('',#3552);
#3136=PLANE('',#3553);
#3137=PLANE('',#3554);
#3138=PLANE('',#3555);
#3139=PLANE('',#3556);
#3140=PLANE('',#3557);
#3141=PLANE('',#3558);
#3142=PLANE('',#3559);
#3143=PLANE('',#3560);
#3144=PLANE('',#3561);
#3145=PLANE('',#3562);
#3146=PLANE('',#3563);
#3147=PLANE('',#3564);
#3148=PLANE('',#3565);
#3149=PLANE('',#3566);
#3150=PLANE('',#3567);
#3151=PLANE('',#3568);
#3152=PLANE('',#3569);
#3153=PLANE('',#3570);
#3154=PLANE('',#3571);
#3155=PLANE('',#3572);
#3156=PLANE('',#3577);
#3157=PLANE('',#3578);
#3158=PLANE('',#3579);
#3159=PLANE('',#3581);
#3160=PLANE('',#3583);
#3161=PLANE('',#3586);
#3162=PLANE('',#3587);
#3163=PLANE('',#3588);
#3164=PLANE('',#3595);
#3165=PLANE('',#3598);
#3166=PLANE('',#3599);
#3167=PLANE('',#3600);
#3168=PLANE('',#3602);
#3169=PLANE('',#3603);
#3170=PLANE('',#3604);
#3171=PLANE('',#3605);
#3172=PLANE('',#3606);
#3173=PLANE('',#3607);
#3174=PLANE('',#3608);
#3175=PLANE('',#3609);
#3176=PLANE('',#3610);
#3177=PLANE('',#3611);
#3178=PLANE('',#3612);
#3179=PLANE('',#3613);
#3180=PLANE('',#3614);
#3181=PLANE('',#3615);
#3182=PLANE('',#3616);
#3183=PLANE('',#3617);
#3184=PLANE('',#3618);
#3185=PLANE('',#3619);
#3186=PLANE('',#3620);
#3187=PLANE('',#3621);
#3188=PLANE('',#3622);
#3189=PLANE('',#3623);
#3190=PLANE('',#3624);
#3191=PLANE('',#3625);
#3192=PLANE('',#3626);
#3193=PLANE('',#3633);
#3194=PLANE('',#3636);
#3195=PLANE('',#3639);
#3196=PLANE('',#3640);
#3197=PLANE('',#3645);
#3198=PLANE('',#3646);
#3199=PLANE('',#3647);
#3200=PLANE('',#3648);
#3201=PLANE('',#3649);
#3202=PLANE('',#3650);
#3203=PLANE('',#3651);
#3204=PLANE('',#3652);
#3205=PLANE('',#3653);
#3206=PLANE('',#3654);
#3207=PLANE('',#3655);
#3208=PLANE('',#3656);
#3209=PLANE('',#3657);
#3210=PLANE('',#3658);
#3211=PLANE('',#3663);
#3212=PLANE('',#3666);
#3213=PLANE('',#3667);
#3214=PLANE('',#3670);
#3215=PLANE('',#3671);
#3216=PLANE('',#3672);
#3217=PLANE('',#3675);
#3218=PLANE('',#3682);
#3219=PLANE('',#3683);
#3220=PLANE('',#3684);
#3221=PLANE('',#3685);
#3222=PLANE('',#3690);
#3223=PLANE('',#3703);
#3224=PLANE('',#3707);
#3225=PLANE('',#3708);
#3226=PLANE('',#3709);
#3227=ADVANCED_FACE('',(#187),#3082,.T.);
#3228=ADVANCED_FACE('',(#188),#3083,.T.);
#3229=ADVANCED_FACE('',(#189),#153,.T.);
#3230=ADVANCED_FACE('',(#190),#154,.F.);
#3231=ADVANCED_FACE('',(#191),#71,.F.);
#3232=ADVANCED_FACE('',(#192),#155,.F.);
#3233=ADVANCED_FACE('',(#193,#35),#3084,.F.);
#3234=ADVANCED_FACE('',(#194),#3085,.T.);
#3235=ADVANCED_FACE('',(#195),#3086,.T.);
#3236=ADVANCED_FACE('',(#196),#156,.T.);
#3237=ADVANCED_FACE('',(#197),#157,.F.);
#3238=ADVANCED_FACE('',(#198),#72,.F.);
#3239=ADVANCED_FACE('',(#199),#158,.F.);
#3240=ADVANCED_FACE('',(#200,#36),#3087,.F.);
#3241=ADVANCED_FACE('',(#201),#3088,.T.);
#3242=ADVANCED_FACE('',(#202),#3089,.T.);
#3243=ADVANCED_FACE('',(#203),#3090,.T.);
#3244=ADVANCED_FACE('',(#204),#3091,.T.);
#3245=ADVANCED_FACE('',(#205),#3092,.T.);
#3246=ADVANCED_FACE('',(#206,#37,#38),#3093,.F.);
#3247=ADVANCED_FACE('',(#207),#3094,.T.);
#3248=ADVANCED_FACE('',(#208),#3095,.T.);
#3249=ADVANCED_FACE('',(#209),#3096,.F.);
#3250=ADVANCED_FACE('',(#210),#3097,.T.);
#3251=ADVANCED_FACE('',(#211),#3098,.T.);
#3252=ADVANCED_FACE('',(#212),#3099,.T.);
#3253=ADVANCED_FACE('',(#213),#3100,.T.);
#3254=ADVANCED_FACE('',(#214),#3101,.F.);
#3255=ADVANCED_FACE('',(#215),#3102,.T.);
#3256=ADVANCED_FACE('',(#216),#3103,.T.);
#3257=ADVANCED_FACE('',(#217),#3104,.T.);
#3258=ADVANCED_FACE('',(#218),#3105,.T.);
#3259=ADVANCED_FACE('',(#219),#159,.F.);
#3260=ADVANCED_FACE('',(#220),#3106,.F.);
#3261=ADVANCED_FACE('',(#221),#160,.F.);
#3262=ADVANCED_FACE('',(#222,#39),#3107,.F.);
#3263=ADVANCED_FACE('',(#223),#161,.F.);
#3264=ADVANCED_FACE('',(#224),#3108,.F.);
#3265=ADVANCED_FACE('',(#225),#162,.F.);
#3266=ADVANCED_FACE('',(#226,#40),#3109,.F.);
#3267=ADVANCED_FACE('',(#227),#3110,.F.);
#3268=ADVANCED_FACE('',(#228),#3111,.F.);
#3269=ADVANCED_FACE('',(#229),#3112,.F.);
#3270=ADVANCED_FACE('',(#230,#41,#42,#43,#44,#45,#46),#3113,.T.);
#3271=ADVANCED_FACE('',(#231),#3114,.T.);
#3272=ADVANCED_FACE('',(#232),#3115,.F.);
#3273=ADVANCED_FACE('',(#233),#3116,.F.);
#3274=ADVANCED_FACE('',(#234),#3117,.F.);
#3275=ADVANCED_FACE('',(#235),#3118,.T.);
#3276=ADVANCED_FACE('',(#236),#163,.T.);
#3277=ADVANCED_FACE('',(#237),#3119,.T.);
#3278=ADVANCED_FACE('',(#238),#164,.T.);
#3279=ADVANCED_FACE('',(#239),#3120,.T.);
#3280=ADVANCED_FACE('',(#240),#3121,.F.);
#3281=ADVANCED_FACE('',(#241),#3122,.F.);
#3282=ADVANCED_FACE('',(#242),#3123,.F.);
#3283=ADVANCED_FACE('',(#243),#3124,.T.);
#3284=ADVANCED_FACE('',(#244),#3125,.F.);
#3285=ADVANCED_FACE('',(#245),#3126,.F.);
#3286=ADVANCED_FACE('',(#246),#3127,.F.);
#3287=ADVANCED_FACE('',(#247),#3128,.F.);
#3288=ADVANCED_FACE('',(#248),#3129,.F.);
#3289=ADVANCED_FACE('',(#249),#3130,.T.);
#3290=ADVANCED_FACE('',(#250),#3131,.F.);
#3291=ADVANCED_FACE('',(#251),#3132,.F.);
#3292=ADVANCED_FACE('',(#252,#47),#3133,.T.);
#3293=ADVANCED_FACE('',(#253),#3134,.F.);
#3294=ADVANCED_FACE('',(#254),#3135,.F.);
#3295=ADVANCED_FACE('',(#255),#3136,.F.);
#3296=ADVANCED_FACE('',(#256),#3137,.F.);
#3297=ADVANCED_FACE('',(#257,#48),#3138,.T.);
#3298=ADVANCED_FACE('',(#258),#3139,.F.);
#3299=ADVANCED_FACE('',(#259),#3140,.F.);
#3300=ADVANCED_FACE('',(#260),#3141,.F.);
#3301=ADVANCED_FACE('',(#261),#3142,.F.);
#3302=ADVANCED_FACE('',(#262),#3143,.T.);
#3303=ADVANCED_FACE('',(#263),#3144,.F.);
#3304=ADVANCED_FACE('',(#264),#3145,.F.);
#3305=ADVANCED_FACE('',(#265),#3146,.F.);
#3306=ADVANCED_FACE('',(#266),#3147,.F.);
#3307=ADVANCED_FACE('',(#267),#3148,.T.);
#3308=ADVANCED_FACE('',(#268),#3149,.F.);
#3309=ADVANCED_FACE('',(#269),#3150,.F.);
#3310=ADVANCED_FACE('',(#270),#3151,.F.);
#3311=ADVANCED_FACE('',(#271),#3152,.F.);
#3312=ADVANCED_FACE('',(#272),#3153,.F.);
#3313=ADVANCED_FACE('',(#273),#3154,.F.);
#3314=ADVANCED_FACE('',(#274,#49,#50),#3155,.T.);
#3315=ADVANCED_FACE('',(#275),#3156,.F.);
#3316=ADVANCED_FACE('',(#276),#3157,.F.);
#3317=ADVANCED_FACE('',(#277),#3158,.T.);
#3318=ADVANCED_FACE('',(#278),#165,.F.);
#3319=ADVANCED_FACE('',(#279),#3159,.T.);
#3320=ADVANCED_FACE('',(#280),#166,.F.);
#3321=ADVANCED_FACE('',(#281),#3160,.T.);
#3322=ADVANCED_FACE('',(#282),#167,.F.);
#3323=ADVANCED_FACE('',(#283),#168,.F.);
#3324=ADVANCED_FACE('',(#284,#51,#52),#3161,.T.);
#3325=ADVANCED_FACE('',(#285),#3162,.T.);
#3326=ADVANCED_FACE('',(#286),#3163,.T.);
#3327=ADVANCED_FACE('',(#287),#169,.T.);
#3328=ADVANCED_FACE('',(#288),#170,.T.);
#3329=ADVANCED_FACE('',(#289),#171,.T.);
#3330=ADVANCED_FACE('',(#290,#53,#54),#3164,.F.);
#3331=ADVANCED_FACE('',(#291),#172,.T.);
#3332=ADVANCED_FACE('',(#292),#3165,.F.);
#3333=ADVANCED_FACE('',(#293),#3166,.F.);
#3334=ADVANCED_FACE('',(#294),#3167,.F.);
#3335=ADVANCED_FACE('',(#295),#3168,.T.);
#3336=ADVANCED_FACE('',(#296),#3169,.T.);
#3337=ADVANCED_FACE('',(#297),#3170,.T.);
#3338=ADVANCED_FACE('',(#298),#3171,.T.);
#3339=ADVANCED_FACE('',(#299),#3172,.T.);
#3340=ADVANCED_FACE('',(#300),#3173,.T.);
#3341=ADVANCED_FACE('',(#301),#3174,.T.);
#3342=ADVANCED_FACE('',(#302),#3175,.T.);
#3343=ADVANCED_FACE('',(#303),#3176,.T.);
#3344=ADVANCED_FACE('',(#304),#3177,.T.);
#3345=ADVANCED_FACE('',(#305),#3178,.T.);
#3346=ADVANCED_FACE('',(#306),#3179,.T.);
#3347=ADVANCED_FACE('',(#307),#3180,.T.);
#3348=ADVANCED_FACE('',(#308),#3181,.T.);
#3349=ADVANCED_FACE('',(#309),#3182,.T.);
#3350=ADVANCED_FACE('',(#310),#3183,.T.);
#3351=ADVANCED_FACE('',(#311),#3184,.T.);
#3352=ADVANCED_FACE('',(#312),#3185,.T.);
#3353=ADVANCED_FACE('',(#313),#3186,.T.);
#3354=ADVANCED_FACE('',(#314),#3187,.T.);
#3355=ADVANCED_FACE('',(#315),#3188,.T.);
#3356=ADVANCED_FACE('',(#316),#3189,.T.);
#3357=ADVANCED_FACE('',(#317),#3190,.F.);
#3358=ADVANCED_FACE('',(#318),#3191,.T.);
#3359=ADVANCED_FACE('',(#319,#55,#56,#57,#58,#59,#60,#61),#3192,.F.);
#3360=ADVANCED_FACE('',(#320),#3193,.F.);
#3361=ADVANCED_FACE('',(#321),#3194,.F.);
#3362=ADVANCED_FACE('',(#322,#62),#3195,.T.);
#3363=ADVANCED_FACE('',(#323,#63),#3196,.T.);
#3364=ADVANCED_FACE('',(#324),#173,.F.);
#3365=ADVANCED_FACE('',(#325),#174,.F.);
#3366=ADVANCED_FACE('',(#326),#3197,.T.);
#3367=ADVANCED_FACE('',(#327),#3198,.F.);
#3368=ADVANCED_FACE('',(#328),#3199,.F.);
#3369=ADVANCED_FACE('',(#329),#3200,.F.);
#3370=ADVANCED_FACE('',(#330),#3201,.F.);
#3371=ADVANCED_FACE('',(#331),#3202,.T.);
#3372=ADVANCED_FACE('',(#332),#3203,.F.);
#3373=ADVANCED_FACE('',(#333),#3204,.F.);
#3374=ADVANCED_FACE('',(#334),#3205,.F.);
#3375=ADVANCED_FACE('',(#335),#3206,.F.);
#3376=ADVANCED_FACE('',(#336),#3207,.F.);
#3377=ADVANCED_FACE('',(#337),#3208,.F.);
#3378=ADVANCED_FACE('',(#338),#3209,.T.);
#3379=ADVANCED_FACE('',(#339),#3210,.T.);
#3380=ADVANCED_FACE('',(#340),#175,.F.);
#3381=ADVANCED_FACE('',(#341),#176,.F.);
#3382=ADVANCED_FACE('',(#342),#177,.F.);
#3383=ADVANCED_FACE('',(#343),#3211,.T.);
#3384=ADVANCED_FACE('',(#344),#178,.F.);
#3385=ADVANCED_FACE('',(#345),#3212,.T.);
#3386=ADVANCED_FACE('',(#346),#3213,.F.);
#3387=ADVANCED_FACE('',(#347),#3214,.T.);
#3388=ADVANCED_FACE('',(#348),#3215,.F.);
#3389=ADVANCED_FACE('',(#349),#3216,.F.);
#3390=ADVANCED_FACE('',(#350),#179,.T.);
#3391=ADVANCED_FACE('',(#351,#64,#65,#66,#67,#68,#69,#70),#3217,.T.);
#3392=ADVANCED_FACE('',(#352),#180,.T.);
#3393=ADVANCED_FACE('',(#353),#181,.T.);
#3394=ADVANCED_FACE('',(#354),#182,.T.);
#3395=ADVANCED_FACE('',(#355),#3218,.F.);
#3396=ADVANCED_FACE('',(#356),#3219,.F.);
#3397=ADVANCED_FACE('',(#357),#3220,.F.);
#3398=ADVANCED_FACE('',(#358),#3221,.F.);
#3399=ADVANCED_FACE('',(#359),#183,.T.);
#3400=ADVANCED_FACE('',(#360),#3222,.T.);
#3401=ADVANCED_FACE('',(#361),#184,.T.);
#3402=ADVANCED_FACE('',(#362),#185,.T.);
#3403=ADVANCED_FACE('',(#363),#3223,.T.);
#3404=ADVANCED_FACE('',(#364),#186,.T.);
#3405=ADVANCED_FACE('',(#365),#3224,.T.);
#3406=ADVANCED_FACE('',(#366),#3225,.T.);
#3407=ADVANCED_FACE('',(#367),#3226,.T.);
#3408=CLOSED_SHELL('',(#3227,#3228,#3229,#3230,#3231,#3232,#3233,#3234,
#3235,#3236,#3237,#3238,#3239,#3240,#3241,#3242,#3243,#3244,#3245,#3246,
#3247,#3248,#3249,#3250,#3251,#3252,#3253,#3254,#3255,#3256,#3257,#3258,
#3259,#3260,#3261,#3262,#3263,#3264,#3265,#3266,#3267,#3268,#3269,#3270,
#3271,#3272,#3273,#3274,#3275,#3276,#3277,#3278,#3279,#3280,#3281,#3282,
#3283,#3284,#3285,#3286,#3287,#3288,#3289,#3290,#3291,#3292,#3293,#3294,
#3295,#3296,#3297,#3298,#3299,#3300,#3301,#3302,#3303,#3304,#3305,#3306,
#3307,#3308,#3309,#3310,#3311,#3312,#3313,#3314,#3315,#3316,#3317,#3318,
#3319,#3320,#3321,#3322,#3323,#3324,#3325,#3326,#3327,#3328,#3329,#3330,
#3331,#3332,#3333,#3334));
#3409=CLOSED_SHELL('',(#3335,#3336,#3337,#3338,#3339,#3340,#3341,#3342,
#3343,#3344,#3345,#3346,#3347,#3348,#3349,#3350,#3351,#3352,#3353,#3354,
#3355,#3356,#3357,#3358,#3359,#3360,#3361,#3362,#3363,#3364,#3365,#3366,
#3367,#3368,#3369,#3370,#3371,#3372,#3373,#3374,#3375,#3376,#3377,#3378,
#3379,#3380,#3381,#3382,#3383,#3384,#3385,#3386,#3387,#3388,#3389,#3390,
#3391,#3392,#3393,#3394,#3395,#3396,#3397,#3398));
#3410=CLOSED_SHELL('',(#3399,#3400,#3401,#3402,#3403,#3404,#3405,#3406,
#3407));
#3411=DERIVED_UNIT_ELEMENT(#3417,1.);
#3412=DERIVED_UNIT_ELEMENT(#5618,-3.);
#3413=DERIVED_UNIT_ELEMENT(#3417,1.);
#3414=DERIVED_UNIT_ELEMENT(#5618,-3.);
#3415=DERIVED_UNIT_ELEMENT(#3417,1.);
#3416=DERIVED_UNIT_ELEMENT(#5618,-3.);
#3417=(
MASS_UNIT()
NAMED_UNIT(*)
SI_UNIT(.KILO.,.GRAM.)
);
#3418=DERIVED_UNIT((#3411,#3412));
#3419=DERIVED_UNIT((#3413,#3414));
#3420=DERIVED_UNIT((#3415,#3416));
#3421=MEASURE_REPRESENTATION_ITEM('density measure',
POSITIVE_RATIO_MEASURE(7850.),#3418);
#3422=MEASURE_REPRESENTATION_ITEM('density measure',
POSITIVE_RATIO_MEASURE(7850.),#3419);
#3423=MEASURE_REPRESENTATION_ITEM('density measure',
POSITIVE_RATIO_MEASURE(7850.),#3420);
#3424=PROPERTY_DEFINITION_REPRESENTATION(#3439,#3430);
#3425=PROPERTY_DEFINITION_REPRESENTATION(#3440,#3431);
#3426=PROPERTY_DEFINITION_REPRESENTATION(#3441,#3432);
#3427=PROPERTY_DEFINITION_REPRESENTATION(#3442,#3433);
#3428=PROPERTY_DEFINITION_REPRESENTATION(#3443,#3434);
#3429=PROPERTY_DEFINITION_REPRESENTATION(#3444,#3435);
#3430=REPRESENTATION('material name',(#3436),#5613);
#3431=REPRESENTATION('density',(#3421),#5613);
#3432=REPRESENTATION('material name',(#3437),#5614);
#3433=REPRESENTATION('density',(#3422),#5614);
#3434=REPRESENTATION('material name',(#3438),#5615);
#3435=REPRESENTATION('density',(#3423),#5615);
#3436=DESCRIPTIVE_REPRESENTATION_ITEM('Steel','Steel');
#3437=DESCRIPTIVE_REPRESENTATION_ITEM('Steel','Steel');
#3438=DESCRIPTIVE_REPRESENTATION_ITEM('Steel','Steel');
#3439=PROPERTY_DEFINITION('material property','material name',#5638);
#3440=PROPERTY_DEFINITION('material property','density of part',#5638);
#3441=PROPERTY_DEFINITION('material property','material name',#5639);
#3442=PROPERTY_DEFINITION('material property','density of part',#5639);
#3443=PROPERTY_DEFINITION('material property','material name',#5640);
#3444=PROPERTY_DEFINITION('material property','density of part',#5640);
#3445=AXIS2_PLACEMENT_3D('',#4638,#3713,#3714);
#3446=AXIS2_PLACEMENT_3D('',#4639,#3715,#3716);
#3447=AXIS2_PLACEMENT_3D('',#4640,#3717,#3718);
#3448=AXIS2_PLACEMENT_3D('',#4649,#3723,#3724);
#3449=AXIS2_PLACEMENT_3D('',#4658,#3729,#3730);
#3450=AXIS2_PLACEMENT_3D('',#4659,#3731,#3732);
#3451=AXIS2_PLACEMENT_3D('',#4661,#3733,#3734);
#3452=AXIS2_PLACEMENT_3D('',#4664,#3736,#3737);
#3453=AXIS2_PLACEMENT_3D('',#4665,#3738,#3739);
#3454=AXIS2_PLACEMENT_3D('',#4666,#3740,#3741);
#3455=AXIS2_PLACEMENT_3D('',#4668,#3742,#3743);
#3456=AXIS2_PLACEMENT_3D('',#4671,#3745,#3746);
#3457=AXIS2_PLACEMENT_3D('',#4672,#3747,#3748);
#3458=AXIS2_PLACEMENT_3D('',#4675,#3750,#3751);
#3459=AXIS2_PLACEMENT_3D('',#4676,#3752,#3753);
#3460=AXIS2_PLACEMENT_3D('',#4677,#3754,#3755);
#3461=AXIS2_PLACEMENT_3D('',#4678,#3756,#3757);
#3462=AXIS2_PLACEMENT_3D('',#4679,#3758,#3759);
#3463=AXIS2_PLACEMENT_3D('',#4680,#3760,#3761);
#3464=AXIS2_PLACEMENT_3D('',#4689,#3766,#3767);
#3465=AXIS2_PLACEMENT_3D('',#4698,#3772,#3773);
#3466=AXIS2_PLACEMENT_3D('',#4699,#3774,#3775);
#3467=AXIS2_PLACEMENT_3D('',#4701,#3776,#3777);
#3468=AXIS2_PLACEMENT_3D('',#4704,#3779,#3780);
#3469=AXIS2_PLACEMENT_3D('',#4705,#3781,#3782);
#3470=AXIS2_PLACEMENT_3D('',#4706,#3783,#3784);
#3471=AXIS2_PLACEMENT_3D('',#4708,#3785,#3786);
#3472=AXIS2_PLACEMENT_3D('',#4711,#3788,#3789);
#3473=AXIS2_PLACEMENT_3D('',#4712,#3790,#3791);
#3474=AXIS2_PLACEMENT_3D('',#4715,#3793,#3794);
#3475=AXIS2_PLACEMENT_3D('',#4716,#3795,#3796);
#3476=AXIS2_PLACEMENT_3D('',#4717,#3797,#3798);
#3477=AXIS2_PLACEMENT_3D('',#4718,#3799,#3800);
#3478=AXIS2_PLACEMENT_3D('',#4719,#3801,#3802);
#3479=AXIS2_PLACEMENT_3D('',#4720,#3803,#3804);
#3480=AXIS2_PLACEMENT_3D('',#4721,#3805,#3806);
#3481=AXIS2_PLACEMENT_3D('',#4722,#3807,#3808);
#3482=AXIS2_PLACEMENT_3D('',#4731,#3813,#3814);
#3483=AXIS2_PLACEMENT_3D('',#4737,#3818,#3819);
#3484=AXIS2_PLACEMENT_3D('',#4743,#3823,#3824);
#3485=AXIS2_PLACEMENT_3D('',#4769,#3838,#3839);
#3486=AXIS2_PLACEMENT_3D('',#4773,#3841,#3842);
#3487=AXIS2_PLACEMENT_3D('',#4780,#3846,#3847);
#3488=AXIS2_PLACEMENT_3D('',#4781,#3848,#3849);
#3489=AXIS2_PLACEMENT_3D('',#4783,#3850,#3851);
#3490=AXIS2_PLACEMENT_3D('',#4791,#3855,#3856);
#3491=AXIS2_PLACEMENT_3D('',#4793,#3858,#3859);
#3492=AXIS2_PLACEMENT_3D('',#4799,#3863,#3864);
#3493=AXIS2_PLACEMENT_3D('',#4803,#3867,#3868);
#3494=AXIS2_PLACEMENT_3D('',#4807,#3871,#3872);
#3495=AXIS2_PLACEMENT_3D('',#4809,#3874,#3875);
#3496=AXIS2_PLACEMENT_3D('',#4810,#3876,#3877);
#3497=AXIS2_PLACEMENT_3D('',#4816,#3881,#3882);
#3498=AXIS2_PLACEMENT_3D('',#4820,#3885,#3886);
#3499=AXIS2_PLACEMENT_3D('',#4824,#3889,#3890);
#3500=AXIS2_PLACEMENT_3D('',#4826,#3892,#3893);
#3501=AXIS2_PLACEMENT_3D('',#4827,#3894,#3895);
#3502=AXIS2_PLACEMENT_3D('',#4829,#3896,#3897);
#3503=AXIS2_PLACEMENT_3D('',#4832,#3899,#3900);
#3504=AXIS2_PLACEMENT_3D('',#4833,#3901,#3902);
#3505=AXIS2_PLACEMENT_3D('',#4834,#3903,#3904);
#3506=AXIS2_PLACEMENT_3D('',#4836,#3905,#3906);
#3507=AXIS2_PLACEMENT_3D('',#4839,#3908,#3909);
#3508=AXIS2_PLACEMENT_3D('',#4840,#3910,#3911);
#3509=AXIS2_PLACEMENT_3D('',#4841,#3912,#3913);
#3510=AXIS2_PLACEMENT_3D('',#4843,#3914,#3915);
#3511=AXIS2_PLACEMENT_3D('',#4846,#3917,#3918);
#3512=AXIS2_PLACEMENT_3D('',#4847,#3919,#3920);
#3513=AXIS2_PLACEMENT_3D('',#4848,#3921,#3922);
#3514=AXIS2_PLACEMENT_3D('',#4850,#3923,#3924);
#3515=AXIS2_PLACEMENT_3D('',#4853,#3926,#3927);
#3516=AXIS2_PLACEMENT_3D('',#4854,#3928,#3929);
#3517=AXIS2_PLACEMENT_3D('',#4855,#3930,#3931);
#3518=AXIS2_PLACEMENT_3D('',#4864,#3936,#3937);
#3519=AXIS2_PLACEMENT_3D('',#4870,#3941,#3942);
#3520=AXIS2_PLACEMENT_3D('',#4876,#3946,#3947);
#3521=AXIS2_PLACEMENT_3D('',#4880,#3949,#3950);
#3522=AXIS2_PLACEMENT_3D('',#4884,#3952,#3953);
#3523=AXIS2_PLACEMENT_3D('',#4888,#3955,#3956);
#3524=AXIS2_PLACEMENT_3D('',#4892,#3958,#3959);
#3525=AXIS2_PLACEMENT_3D('',#4934,#3981,#3982);
#3526=AXIS2_PLACEMENT_3D('',#4938,#3985,#3986);
#3527=AXIS2_PLACEMENT_3D('',#4944,#3990,#3991);
#3528=AXIS2_PLACEMENT_3D('',#4948,#3994,#3995);
#3529=AXIS2_PLACEMENT_3D('',#4952,#3998,#3999);
#3530=AXIS2_PLACEMENT_3D('',#4954,#4001,#4002);
#3531=AXIS2_PLACEMENT_3D('',#4956,#4003,#4004);
#3532=AXIS2_PLACEMENT_3D('',#4959,#4006,#4007);
#3533=AXIS2_PLACEMENT_3D('',#4960,#4008,#4009);
#3534=AXIS2_PLACEMENT_3D('',#4961,#4010,#4011);
#3535=AXIS2_PLACEMENT_3D('',#4963,#4012,#4013);
#3536=AXIS2_PLACEMENT_3D('',#4966,#4015,#4016);
#3537=AXIS2_PLACEMENT_3D('',#4967,#4017,#4018);
#3538=AXIS2_PLACEMENT_3D('',#4968,#4019,#4020);
#3539=AXIS2_PLACEMENT_3D('',#4977,#4025,#4026);
#3540=AXIS2_PLACEMENT_3D('',#4985,#4031,#4032);
#3541=AXIS2_PLACEMENT_3D('',#4989,#4035,#4036);
#3542=AXIS2_PLACEMENT_3D('',#4995,#4040,#4041);
#3543=AXIS2_PLACEMENT_3D('',#4998,#4044,#4045);
#3544=AXIS2_PLACEMENT_3D('',#4999,#4046,#4047);
#3545=AXIS2_PLACEMENT_3D('',#5008,#4052,#4053);
#3546=AXIS2_PLACEMENT_3D('',#5016,#4058,#4059);
#3547=AXIS2_PLACEMENT_3D('',#5020,#4062,#4063);
#3548=AXIS2_PLACEMENT_3D('',#5026,#4067,#4068);
#3549=AXIS2_PLACEMENT_3D('',#5029,#4071,#4072);
#3550=AXIS2_PLACEMENT_3D('',#5030,#4073,#4074);
#3551=AXIS2_PLACEMENT_3D('',#5039,#4079,#4080);
#3552=AXIS2_PLACEMENT_3D('',#5042,#4083,#4084);
#3553=AXIS2_PLACEMENT_3D('',#5044,#4086,#4087);
#3554=AXIS2_PLACEMENT_3D('',#5046,#4089,#4090);
#3555=AXIS2_PLACEMENT_3D('',#5047,#4091,#4092);
#3556=AXIS2_PLACEMENT_3D('',#5056,#4097,#4098);
#3557=AXIS2_PLACEMENT_3D('',#5059,#4101,#4102);
#3558=AXIS2_PLACEMENT_3D('',#5061,#4104,#4105);
#3559=AXIS2_PLACEMENT_3D('',#5063,#4107,#4108);
#3560=AXIS2_PLACEMENT_3D('',#5064,#4109,#4110);
#3561=AXIS2_PLACEMENT_3D('',#5073,#4115,#4116);
#3562=AXIS2_PLACEMENT_3D('',#5076,#4119,#4120);
#3563=AXIS2_PLACEMENT_3D('',#5078,#4122,#4123);
#3564=AXIS2_PLACEMENT_3D('',#5080,#4125,#4126);
#3565=AXIS2_PLACEMENT_3D('',#5081,#4127,#4128);
#3566=AXIS2_PLACEMENT_3D('',#5090,#4133,#4134);
#3567=AXIS2_PLACEMENT_3D('',#5093,#4137,#4138);
#3568=AXIS2_PLACEMENT_3D('',#5095,#4140,#4141);
#3569=AXIS2_PLACEMENT_3D('',#5097,#4143,#4144);
#3570=AXIS2_PLACEMENT_3D('',#5098,#4145,#4146);
#3571=AXIS2_PLACEMENT_3D('',#5104,#4150,#4151);
#3572=AXIS2_PLACEMENT_3D('',#5110,#4155,#4156);
#3573=AXIS2_PLACEMENT_3D('',#5114,#4158,#4159);
#3574=AXIS2_PLACEMENT_3D('',#5122,#4163,#4164);
#3575=AXIS2_PLACEMENT_3D('',#5126,#4166,#4167);
#3576=AXIS2_PLACEMENT_3D('',#5133,#4171,#4172);
#3577=AXIS2_PLACEMENT_3D('',#5134,#4173,#4174);
#3578=AXIS2_PLACEMENT_3D('',#5140,#4178,#4179);
#3579=AXIS2_PLACEMENT_3D('',#5146,#4183,#4184);
#3580=AXIS2_PLACEMENT_3D('',#5149,#4187,#4188);
#3581=AXIS2_PLACEMENT_3D('',#5151,#4190,#4191);
#3582=AXIS2_PLACEMENT_3D('',#5153,#4193,#4194);
#3583=AXIS2_PLACEMENT_3D('',#5155,#4196,#4197);
#3584=AXIS2_PLACEMENT_3D('',#5157,#4199,#4200);
#3585=AXIS2_PLACEMENT_3D('',#5160,#4203,#4204);
#3586=AXIS2_PLACEMENT_3D('',#5162,#4206,#4207);
#3587=AXIS2_PLACEMENT_3D('',#5163,#4208,#4209);
#3588=AXIS2_PLACEMENT_3D('',#5165,#4211,#4212);
#3589=AXIS2_PLACEMENT_3D('',#5167,#4214,#4215);
#3590=AXIS2_PLACEMENT_3D('',#5171,#4217,#4218);
#3591=AXIS2_PLACEMENT_3D('',#5173,#4220,#4221);
#3592=AXIS2_PLACEMENT_3D('',#5177,#4223,#4224);
#3593=AXIS2_PLACEMENT_3D('',#5179,#4226,#4227);
#3594=AXIS2_PLACEMENT_3D('',#5182,#4229,#4230);
#3595=AXIS2_PLACEMENT_3D('',#5183,#4231,#4232);
#3596=AXIS2_PLACEMENT_3D('',#5187,#4235,#4236);
#3597=AXIS2_PLACEMENT_3D('',#5189,#4238,#4239);
#3598=AXIS2_PLACEMENT_3D('',#5191,#4241,#4242);
#3599=AXIS2_PLACEMENT_3D('',#5192,#4243,#4244);
#3600=AXIS2_PLACEMENT_3D('',#5193,#4245,#4246);
#3601=AXIS2_PLACEMENT_3D('',#5194,#4247,#4248);
#3602=AXIS2_PLACEMENT_3D('',#5195,#4249,#4250);
#3603=AXIS2_PLACEMENT_3D('',#5204,#4255,#4256);
#3604=AXIS2_PLACEMENT_3D('',#5210,#4260,#4261);
#3605=AXIS2_PLACEMENT_3D('',#5216,#4265,#4266);
#3606=AXIS2_PLACEMENT_3D('',#5219,#4269,#4270);
#3607=AXIS2_PLACEMENT_3D('',#5228,#4275,#4276);
#3608=AXIS2_PLACEMENT_3D('',#5234,#4280,#4281);
#3609=AXIS2_PLACEMENT_3D('',#5240,#4285,#4286);
#3610=AXIS2_PLACEMENT_3D('',#5243,#4289,#4290);
#3611=AXIS2_PLACEMENT_3D('',#5252,#4295,#4296);
#3612=AXIS2_PLACEMENT_3D('',#5258,#4300,#4301);
#3613=AXIS2_PLACEMENT_3D('',#5264,#4305,#4306);
#3614=AXIS2_PLACEMENT_3D('',#5267,#4309,#4310);
#3615=AXIS2_PLACEMENT_3D('',#5276,#4315,#4316);
#3616=AXIS2_PLACEMENT_3D('',#5282,#4320,#4321);
#3617=AXIS2_PLACEMENT_3D('',#5288,#4325,#4326);
#3618=AXIS2_PLACEMENT_3D('',#5291,#4329,#4330);
#3619=AXIS2_PLACEMENT_3D('',#5300,#4335,#4336);
#3620=AXIS2_PLACEMENT_3D('',#5306,#4340,#4341);
#3621=AXIS2_PLACEMENT_3D('',#5312,#4345,#4346);
#3622=AXIS2_PLACEMENT_3D('',#5315,#4349,#4350);
#3623=AXIS2_PLACEMENT_3D('',#5328,#4357,#4358);
#3624=AXIS2_PLACEMENT_3D('',#5334,#4362,#4363);
#3625=AXIS2_PLACEMENT_3D('',#5338,#4366,#4367);
#3626=AXIS2_PLACEMENT_3D('',#5346,#4372,#4373);
#3627=AXIS2_PLACEMENT_3D('',#5350,#4375,#4376);
#3628=AXIS2_PLACEMENT_3D('',#5362,#4382,#4383);
#3629=AXIS2_PLACEMENT_3D('',#5366,#4385,#4386);
#3630=AXIS2_PLACEMENT_3D('',#5378,#4392,#4393);
#3631=AXIS2_PLACEMENT_3D('',#5381,#4395,#4396);
#3632=AXIS2_PLACEMENT_3D('',#5383,#4397,#4398);
#3633=AXIS2_PLACEMENT_3D('',#5384,#4399,#4400);
#3634=AXIS2_PLACEMENT_3D('',#5388,#4402,#4403);
#3635=AXIS2_PLACEMENT_3D('',#5396,#4407,#4408);
#3636=AXIS2_PLACEMENT_3D('',#5398,#4410,#4411);
#3637=AXIS2_PLACEMENT_3D('',#5402,#4413,#4414);
#3638=AXIS2_PLACEMENT_3D('',#5410,#4418,#4419);
#3639=AXIS2_PLACEMENT_3D('',#5412,#4421,#4422);
#3640=AXIS2_PLACEMENT_3D('',#5422,#4428,#4429);
#3641=AXIS2_PLACEMENT_3D('',#5432,#4435,#4436);
#3642=AXIS2_PLACEMENT_3D('',#5435,#4438,#4439);
#3643=AXIS2_PLACEMENT_3D('',#5436,#4440,#4441);
#3644=AXIS2_PLACEMENT_3D('',#5439,#4443,#4444);
#3645=AXIS2_PLACEMENT_3D('',#5440,#4445,#4446);
#3646=AXIS2_PLACEMENT_3D('',#5446,#4450,#4451);
#3647=AXIS2_PLACEMENT_3D('',#5452,#4455,#4456);
#3648=AXIS2_PLACEMENT_3D('',#5454,#4458,#4459);
#3649=AXIS2_PLACEMENT_3D('',#5456,#4461,#4462);
#3650=AXIS2_PLACEMENT_3D('',#5457,#4463,#4464);
#3651=AXIS2_PLACEMENT_3D('',#5463,#4468,#4469);
#3652=AXIS2_PLACEMENT_3D('',#5469,#4473,#4474);
#3653=AXIS2_PLACEMENT_3D('',#5471,#4476,#4477);
#3654=AXIS2_PLACEMENT_3D('',#5473,#4479,#4480);
#3655=AXIS2_PLACEMENT_3D('',#5474,#4481,#4482);
#3656=AXIS2_PLACEMENT_3D('',#5477,#4485,#4486);
#3657=AXIS2_PLACEMENT_3D('',#5480,#4489,#4490);
#3658=AXIS2_PLACEMENT_3D('',#5482,#4492,#4493);
#3659=AXIS2_PLACEMENT_3D('',#5484,#4495,#4496);
#3660=AXIS2_PLACEMENT_3D('',#5485,#4497,#4498);
#3661=AXIS2_PLACEMENT_3D('',#5486,#4499,#4500);
#3662=AXIS2_PLACEMENT_3D('',#5490,#4502,#4503);
#3663=AXIS2_PLACEMENT_3D('',#5492,#4505,#4506);
#3664=AXIS2_PLACEMENT_3D('',#5496,#4509,#4510);
#3665=AXIS2_PLACEMENT_3D('',#5499,#4512,#4513);
#3666=AXIS2_PLACEMENT_3D('',#5500,#4514,#4515);
#3667=AXIS2_PLACEMENT_3D('',#5504,#4518,#4519);
#3668=AXIS2_PLACEMENT_3D('',#5514,#4524,#4525);
#3669=AXIS2_PLACEMENT_3D('',#5518,#4527,#4528);
#3670=AXIS2_PLACEMENT_3D('',#5520,#4530,#4531);
#3671=AXIS2_PLACEMENT_3D('',#5522,#4533,#4534);
#3672=AXIS2_PLACEMENT_3D('',#5524,#4536,#4537);
#3673=AXIS2_PLACEMENT_3D('',#5526,#4539,#4540);
#3674=AXIS2_PLACEMENT_3D('',#5531,#4543,#4544);
#3675=AXIS2_PLACEMENT_3D('',#5532,#4545,#4546);
#3676=AXIS2_PLACEMENT_3D('',#5536,#4548,#4549);
#3677=AXIS2_PLACEMENT_3D('',#5540,#4551,#4552);
#3678=AXIS2_PLACEMENT_3D('',#5544,#4554,#4555);
#3679=AXIS2_PLACEMENT_3D('',#5546,#4557,#4558);
#3680=AXIS2_PLACEMENT_3D('',#5549,#4561,#4562);
#3681=AXIS2_PLACEMENT_3D('',#5552,#4565,#4566);
#3682=AXIS2_PLACEMENT_3D('',#5555,#4569,#4570);
#3683=AXIS2_PLACEMENT_3D('',#5556,#4571,#4572);
#3684=AXIS2_PLACEMENT_3D('',#5557,#4573,#4574);
#3685=AXIS2_PLACEMENT_3D('',#5558,#4575,#4576);
#3686=AXIS2_PLACEMENT_3D('',#5559,#4577,#4578);
#3687=AXIS2_PLACEMENT_3D('',#5560,#4579,#4580);
#3688=AXIS2_PLACEMENT_3D('',#5565,#4582,#4583);
#3689=AXIS2_PLACEMENT_3D('',#5568,#4585,#4586);
#3690=AXIS2_PLACEMENT_3D('',#5569,#4587,#4588);
#3691=AXIS2_PLACEMENT_3D('',#5570,#4589,#4590);
#3692=AXIS2_PLACEMENT_3D('',#5571,#4591,#4592);
#3693=AXIS2_PLACEMENT_3D('',#5573,#4593,#4594);
#3694=AXIS2_PLACEMENT_3D('',#5576,#4596,#4597);
#3695=AXIS2_PLACEMENT_3D('',#5578,#4598,#4599);
#3696=AXIS2_PLACEMENT_3D('',#5582,#4601,#4602);
#3697=AXIS2_PLACEMENT_3D('',#5586,#4604,#4605);
#3698=AXIS2_PLACEMENT_3D('',#5590,#4607,#4608);
#3699=AXIS2_PLACEMENT_3D('',#5593,#4610,#4611);
#3700=AXIS2_PLACEMENT_3D('',#5594,#4612,#4613);
#3701=AXIS2_PLACEMENT_3D('',#5595,#4614,#4615);
#3702=AXIS2_PLACEMENT_3D('',#5596,#4616,#4617);
#3703=AXIS2_PLACEMENT_3D('',#5597,#4618,#4619);
#3704=AXIS2_PLACEMENT_3D('',#5598,#4620,#4621);
#3705=AXIS2_PLACEMENT_3D('',#5599,#4622,#4623);
#3706=AXIS2_PLACEMENT_3D('',#5600,#4624,#4625);
#3707=AXIS2_PLACEMENT_3D('',#5601,#4626,#4627);
#3708=AXIS2_PLACEMENT_3D('',#5602,#4628,#4629);
#3709=AXIS2_PLACEMENT_3D('',#5603,#4630,#4631);
#3710=AXIS2_PLACEMENT_3D('',#5604,#4632,#4633);
#3711=AXIS2_PLACEMENT_3D('',#5605,#4634,#4635);
#3712=AXIS2_PLACEMENT_3D('',#5606,#4636,#4637);
#3713=DIRECTION('axis',(0.,0.,1.));
#3714=DIRECTION('refdir',(1.,0.,0.));
#3715=DIRECTION('axis',(0.,0.,1.));
#3716=DIRECTION('refdir',(1.,0.,0.));
#3717=DIRECTION('center_axis',(-1.,0.,0.));
#3718=DIRECTION('ref_axis',(0.,0.,1.));
#3719=DIRECTION('',(0.,0.,1.));
#3720=DIRECTION('',(0.,-1.,0.));
#3721=DIRECTION('',(0.,0.,-1.));
#3722=DIRECTION('',(0.,-1.,0.));
#3723=DIRECTION('center_axis',(1.,0.,0.));
#3724=DIRECTION('ref_axis',(0.,0.,-1.));
#3725=DIRECTION('',(0.,0.,-1.));
#3726=DIRECTION('',(0.,1.,0.));
#3727=DIRECTION('',(0.,0.,1.));
#3728=DIRECTION('',(0.,1.,0.));
#3729=DIRECTION('center_axis',(0.,0.,1.));
#3730=DIRECTION('ref_axis',(1.,0.,0.));
#3731=DIRECTION('center_axis',(0.,0.,-1.));
#3732=DIRECTION('ref_axis',(1.,0.,0.));
#3733=DIRECTION('center_axis',(0.,0.,1.));
#3734=DIRECTION('ref_axis',(1.,0.,0.));
#3735=DIRECTION('',(0.,0.,-1.));
#3736=DIRECTION('center_axis',(0.,0.,-1.));
#3737=DIRECTION('ref_axis',(1.,0.,0.));
#3738=DIRECTION('center_axis',(0.,0.,1.));
#3739=DIRECTION('ref_axis',(1.,0.,0.));
#3740=DIRECTION('center_axis',(0.,0.,1.));
#3741=DIRECTION('ref_axis',(1.,0.,0.));
#3742=DIRECTION('center_axis',(0.,0.,1.));
#3743=DIRECTION('ref_axis',(1.,0.,0.));
#3744=DIRECTION('',(0.,0.,1.));
#3745=DIRECTION('center_axis',(0.,0.,-1.));
#3746=DIRECTION('ref_axis',(1.,0.,0.));
#3747=DIRECTION('center_axis',(0.,0.,1.));
#3748=DIRECTION('ref_axis',(1.,0.,0.));
#3749=DIRECTION('',(-0.706898839197036,-8.65701400743629E-17,0.707314662043622));
#3750=DIRECTION('center_axis',(0.,0.,-1.));
#3751=DIRECTION('ref_axis',(1.,0.,0.));
#3752=DIRECTION('center_axis',(0.,0.,1.));
#3753=DIRECTION('ref_axis',(-1.83697019872103E-16,-1.,0.));
#3754=DIRECTION('center_axis',(0.,0.,-1.));
#3755=DIRECTION('ref_axis',(1.,0.,0.));
#3756=DIRECTION('center_axis',(0.,0.,-1.));
#3757=DIRECTION('ref_axis',(1.,0.,0.));
#3758=DIRECTION('center_axis',(0.,0.,-1.));
#3759=DIRECTION('ref_axis',(-1.,0.,0.));
#3760=DIRECTION('center_axis',(-1.,0.,0.));
#3761=DIRECTION('ref_axis',(0.,0.,1.));
#3762=DIRECTION('',(0.,0.,1.));
#3763=DIRECTION('',(0.,-1.,0.));
#3764=DIRECTION('',(0.,0.,-1.));
#3765=DIRECTION('',(0.,-1.,0.));
#3766=DIRECTION('center_axis',(1.,0.,0.));
#3767=DIRECTION('ref_axis',(0.,0.,-1.));
#3768=DIRECTION('',(0.,0.,-1.));
#3769=DIRECTION('',(0.,1.,0.));
#3770=DIRECTION('',(0.,0.,1.));
#3771=DIRECTION('',(0.,1.,0.));
#3772=DIRECTION('center_axis',(0.,0.,1.));
#3773=DIRECTION('ref_axis',(1.,0.,0.));
#3774=DIRECTION('center_axis',(0.,0.,-1.));
#3775=DIRECTION('ref_axis',(1.,0.,0.));
#3776=DIRECTION('center_axis',(0.,0.,1.));
#3777=DIRECTION('ref_axis',(1.,0.,0.));
#3778=DIRECTION('',(0.,0.,-1.));
#3779=DIRECTION('center_axis',(0.,0.,-1.));
#3780=DIRECTION('ref_axis',(1.,0.,0.));
#3781=DIRECTION('center_axis',(0.,0.,1.));
#3782=DIRECTION('ref_axis',(1.,0.,0.));
#3783=DIRECTION('center_axis',(0.,0.,1.));
#3784=DIRECTION('ref_axis',(1.,0.,0.));
#3785=DIRECTION('center_axis',(0.,0.,1.));
#3786=DIRECTION('ref_axis',(1.,0.,0.));
#3787=DIRECTION('',(0.,0.,1.));
#3788=DIRECTION('center_axis',(0.,0.,-1.));
#3789=DIRECTION('ref_axis',(1.,0.,0.));
#3790=DIRECTION('center_axis',(0.,0.,1.));
#3791=DIRECTION('ref_axis',(1.,0.,0.));
#3792=DIRECTION('',(-0.706898839197036,-8.65701400743629E-17,0.707314662043622));
#3793=DIRECTION('center_axis',(0.,0.,-1.));
#3794=DIRECTION('ref_axis',(1.,0.,0.));
#3795=DIRECTION('center_axis',(0.,0.,1.));
#3796=DIRECTION('ref_axis',(-1.83697019872103E-16,-1.,0.));
#3797=DIRECTION('center_axis',(0.,0.,-1.));
#3798=DIRECTION('ref_axis',(1.,0.,0.));
#3799=DIRECTION('center_axis',(0.,0.,-1.));
#3800=DIRECTION('ref_axis',(1.,0.,0.));
#3801=DIRECTION('center_axis',(0.,0.,-1.));
#3802=DIRECTION('ref_axis',(-1.,0.,0.));
#3803=DIRECTION('center_axis',(0.,0.,1.));
#3804=DIRECTION('ref_axis',(1.,0.,0.));
#3805=DIRECTION('center_axis',(0.,0.,1.));
#3806=DIRECTION('ref_axis',(1.,0.,0.));
#3807=DIRECTION('center_axis',(0.,1.,0.));
#3808=DIRECTION('ref_axis',(0.,0.,1.));
#3809=DIRECTION('',(0.,0.,1.));
#3810=DIRECTION('',(-1.,0.,0.));
#3811=DIRECTION('',(0.,0.,-1.));
#3812=DIRECTION('',(-1.,0.,0.));
#3813=DIRECTION('center_axis',(0.,0.,1.));
#3814=DIRECTION('ref_axis',(1.,0.,0.));
#3815=DIRECTION('',(0.,-1.,0.));
#3816=DIRECTION('',(1.,0.,0.));
#3817=DIRECTION('',(0.,1.,0.));
#3818=DIRECTION('center_axis',(0.,-1.,0.));
#3819=DIRECTION('ref_axis',(0.,0.,-1.));
#3820=DIRECTION('',(0.,0.,-1.));
#3821=DIRECTION('',(1.,0.,0.));
#3822=DIRECTION('',(0.,0.,1.));
#3823=DIRECTION('center_axis',(1.,0.,0.));
#3824=DIRECTION('ref_axis',(0.,0.,-1.));
#3825=DIRECTION('',(0.,-1.,0.));
#3826=DIRECTION('',(0.,0.,-1.));
#3827=DIRECTION('',(0.,1.,0.));
#3828=DIRECTION('',(0.,0.,-1.));
#3829=DIRECTION('',(0.,-1.,0.));
#3830=DIRECTION('',(0.,1.,0.));
#3831=DIRECTION('',(0.,0.,1.));
#3832=DIRECTION('',(0.,-1.,0.));
#3833=DIRECTION('',(0.,0.,-1.));
#3834=DIRECTION('',(0.,1.,0.));
#3835=DIRECTION('',(0.,0.,1.));
#3836=DIRECTION('',(0.,-1.,0.));
#3837=DIRECTION('',(0.,0.,-1.));
#3838=DIRECTION('center_axis',(0.,0.,1.));
#3839=DIRECTION('ref_axis',(1.,0.,0.));
#3840=DIRECTION('',(0.,1.,0.));
#3841=DIRECTION('center_axis',(0.,0.,-1.));
#3842=DIRECTION('ref_axis',(1.,0.,0.));
#3843=DIRECTION('',(1.,0.,0.));
#3844=DIRECTION('',(0.,-1.,0.));
#3845=DIRECTION('',(-1.,0.,0.));
#3846=DIRECTION('center_axis',(0.,0.,1.));
#3847=DIRECTION('ref_axis',(1.,0.,0.));
#3848=DIRECTION('center_axis',(0.,0.,1.));
#3849=DIRECTION('ref_axis',(1.,0.,0.));
#3850=DIRECTION('center_axis',(0.,0.,1.));
#3851=DIRECTION('ref_axis',(1.,0.,0.));
#3852=DIRECTION('',(1.,0.,0.));
#3853=DIRECTION('',(0.,-1.,0.));
#3854=DIRECTION('',(-1.,0.,0.));
#3855=DIRECTION('center_axis',(0.,0.,-1.));
#3856=DIRECTION('ref_axis',(1.,0.,0.));
#3857=DIRECTION('',(0.,1.,0.));
#3858=DIRECTION('center_axis',(0.,0.,1.));
#3859=DIRECTION('ref_axis',(1.,0.,0.));
#3860=DIRECTION('',(-1.,0.,0.));
#3861=DIRECTION('',(0.,1.,0.));
#3862=DIRECTION('',(1.,0.,0.));
#3863=DIRECTION('center_axis',(0.,1.,0.));
#3864=DIRECTION('ref_axis',(0.,0.,1.));
#3865=DIRECTION('',(0.,0.,-1.));
#3866=DIRECTION('',(-1.,0.,0.));
#3867=DIRECTION('center_axis',(0.,0.,1.));
#3868=DIRECTION('ref_axis',(1.,0.,0.));
#3869=DIRECTION('',(0.,-1.,0.));
#3870=DIRECTION('',(1.,0.,0.));
#3871=DIRECTION('center_axis',(0.,-1.,0.));
#3872=DIRECTION('ref_axis',(0.,0.,-1.));
#3873=DIRECTION('',(0.,0.,-1.));
#3874=DIRECTION('center_axis',(-1.,0.,0.));
#3875=DIRECTION('ref_axis',(0.,0.,1.));
#3876=DIRECTION('center_axis',(0.,0.,1.));
#3877=DIRECTION('ref_axis',(1.,0.,0.));
#3878=DIRECTION('',(-1.,0.,0.));
#3879=DIRECTION('',(0.,1.,0.));
#3880=DIRECTION('',(1.,0.,0.));
#3881=DIRECTION('center_axis',(0.,1.,0.));
#3882=DIRECTION('ref_axis',(0.,0.,1.));
#3883=DIRECTION('',(0.,0.,-1.));
#3884=DIRECTION('',(-1.,0.,0.));
#3885=DIRECTION('center_axis',(0.,0.,1.));
#3886=DIRECTION('ref_axis',(1.,0.,0.));
#3887=DIRECTION('',(0.,-1.,0.));
#3888=DIRECTION('',(1.,0.,0.));
#3889=DIRECTION('center_axis',(0.,-1.,0.));
#3890=DIRECTION('ref_axis',(0.,0.,-1.));
#3891=DIRECTION('',(0.,0.,-1.));
#3892=DIRECTION('center_axis',(-1.,0.,0.));
#3893=DIRECTION('ref_axis',(0.,0.,1.));
#3894=DIRECTION('center_axis',(0.,0.,1.));
#3895=DIRECTION('ref_axis',(1.,0.,0.));
#3896=DIRECTION('center_axis',(0.,0.,-1.));
#3897=DIRECTION('ref_axis',(1.,0.,0.));
#3898=DIRECTION('',(0.,0.,1.));
#3899=DIRECTION('center_axis',(0.,0.,-1.));
#3900=DIRECTION('ref_axis',(1.,0.,0.));
#3901=DIRECTION('center_axis',(0.,0.,-1.));
#3902=DIRECTION('ref_axis',(-1.,0.,0.));
#3903=DIRECTION('center_axis',(0.,0.,1.));
#3904=DIRECTION('ref_axis',(1.,0.,0.));
#3905=DIRECTION('center_axis',(0.,0.,-1.));
#3906=DIRECTION('ref_axis',(1.,0.,0.));
#3907=DIRECTION('',(0.,0.,1.));
#3908=DIRECTION('center_axis',(0.,0.,-1.));
#3909=DIRECTION('ref_axis',(1.,0.,0.));
#3910=DIRECTION('center_axis',(0.,0.,-1.));
#3911=DIRECTION('ref_axis',(-1.,0.,0.));
#3912=DIRECTION('center_axis',(0.,0.,1.));
#3913=DIRECTION('ref_axis',(1.,0.,0.));
#3914=DIRECTION('center_axis',(0.,0.,-1.));
#3915=DIRECTION('ref_axis',(1.,0.,0.));
#3916=DIRECTION('',(0.,0.,1.));
#3917=DIRECTION('center_axis',(0.,0.,-1.));
#3918=DIRECTION('ref_axis',(1.,0.,0.));
#3919=DIRECTION('center_axis',(0.,0.,-1.));
#3920=DIRECTION('ref_axis',(-1.,0.,0.));
#3921=DIRECTION('center_axis',(0.,0.,1.));
#3922=DIRECTION('ref_axis',(1.,0.,0.));
#3923=DIRECTION('center_axis',(0.,0.,-1.));
#3924=DIRECTION('ref_axis',(1.,0.,0.));
#3925=DIRECTION('',(0.,0.,1.));
#3926=DIRECTION('center_axis',(0.,0.,-1.));
#3927=DIRECTION('ref_axis',(1.,0.,0.));
#3928=DIRECTION('center_axis',(0.,0.,-1.));
#3929=DIRECTION('ref_axis',(-1.,0.,0.));
#3930=DIRECTION('center_axis',(0.,1.,0.));
#3931=DIRECTION('ref_axis',(0.,0.,1.));
#3932=DIRECTION('',(0.,0.,-1.));
#3933=DIRECTION('',(1.,0.,0.));
#3934=DIRECTION('',(0.,0.,-1.));
#3935=DIRECTION('',(-1.,0.,0.));
#3936=DIRECTION('center_axis',(1.,0.,0.));
#3937=DIRECTION('ref_axis',(0.,0.,-1.));
#3938=DIRECTION('',(0.,0.,-1.));
#3939=DIRECTION('',(0.,1.,0.));
#3940=DIRECTION('',(0.,-1.,0.));
#3941=DIRECTION('center_axis',(0.,-1.,0.));
#3942=DIRECTION('ref_axis',(0.,0.,-1.));
#3943=DIRECTION('',(0.,0.,1.));
#3944=DIRECTION('',(1.,0.,0.));
#3945=DIRECTION('',(-1.,0.,0.));
#3946=DIRECTION('center_axis',(0.,0.,1.));
#3947=DIRECTION('ref_axis',(1.,0.,0.));
#3948=DIRECTION('',(0.,1.,0.));
#3949=DIRECTION('center_axis',(0.,0.,1.));
#3950=DIRECTION('ref_axis',(1.,0.,0.));
#3951=DIRECTION('',(-1.,0.,0.));
#3952=DIRECTION('center_axis',(0.,0.,1.));
#3953=DIRECTION('ref_axis',(1.,0.,0.));
#3954=DIRECTION('',(0.,-1.,0.));
#3955=DIRECTION('center_axis',(0.,0.,1.));
#3956=DIRECTION('ref_axis',(1.,0.,0.));
#3957=DIRECTION('',(1.,0.,0.));
#3958=DIRECTION('center_axis',(0.,0.,1.));
#3959=DIRECTION('ref_axis',(1.,0.,0.));
#3960=DIRECTION('',(0.,1.,0.));
#3961=DIRECTION('',(-1.,0.,0.));
#3962=DIRECTION('',(0.,1.,0.));
#3963=DIRECTION('',(1.,0.,0.));
#3964=DIRECTION('',(0.,1.,0.));
#3965=DIRECTION('',(-1.,0.,0.));
#3966=DIRECTION('',(0.,1.,0.));
#3967=DIRECTION('',(1.,0.,0.));
#3968=DIRECTION('',(0.,-1.,0.));
#3969=DIRECTION('',(-1.,0.,0.));
#3970=DIRECTION('',(0.,1.,0.));
#3971=DIRECTION('',(1.,0.,0.));
#3972=DIRECTION('',(0.,-1.,0.));
#3973=DIRECTION('',(-1.,0.,0.));
#3974=DIRECTION('',(0.,1.,0.));
#3975=DIRECTION('',(1.,0.,0.));
#3976=DIRECTION('',(0.,-1.,0.));
#3977=DIRECTION('',(-1.,0.,0.));
#3978=DIRECTION('',(0.,1.,0.));
#3979=DIRECTION('',(1.,0.,0.));
#3980=DIRECTION('',(0.,-1.,0.));
#3981=DIRECTION('center_axis',(-1.,0.,0.));
#3982=DIRECTION('ref_axis',(0.,0.,1.));
#3983=DIRECTION('',(0.,-1.,0.));
#3984=DIRECTION('',(0.,0.,-1.));
#3985=DIRECTION('center_axis',(0.,1.,0.));
#3986=DIRECTION('ref_axis',(0.,0.,1.));
#3987=DIRECTION('',(0.,0.,-1.));
#3988=DIRECTION('',(1.,0.,0.));
#3989=DIRECTION('',(0.,0.,-1.));
#3990=DIRECTION('center_axis',(1.,0.,0.));
#3991=DIRECTION('ref_axis',(0.,0.,-1.));
#3992=DIRECTION('',(0.,0.,-1.));
#3993=DIRECTION('',(0.,-1.,0.));
#3994=DIRECTION('center_axis',(0.,-1.,0.));
#3995=DIRECTION('ref_axis',(0.,0.,-1.));
#3996=DIRECTION('',(0.,0.,1.));
#3997=DIRECTION('',(-1.,0.,0.));
#3998=DIRECTION('center_axis',(-1.,0.,0.));
#3999=DIRECTION('ref_axis',(0.,0.,1.));
#4000=DIRECTION('',(0.,-1.,0.));
#4001=DIRECTION('center_axis',(0.,0.,1.));
#4002=DIRECTION('ref_axis',(1.,0.,0.));
#4003=DIRECTION('center_axis',(0.,0.,1.));
#4004=DIRECTION('ref_axis',(1.,0.,0.));
#4005=DIRECTION('',(0.,0.,-1.));
#4006=DIRECTION('center_axis',(0.,0.,-1.));
#4007=DIRECTION('ref_axis',(1.,0.,0.));
#4008=DIRECTION('center_axis',(0.,0.,1.));
#4009=DIRECTION('ref_axis',(1.,0.,0.));
#4010=DIRECTION('center_axis',(0.,0.,1.));
#4011=DIRECTION('ref_axis',(1.,0.,0.));
#4012=DIRECTION('center_axis',(0.,0.,1.));
#4013=DIRECTION('ref_axis',(1.,0.,0.));
#4014=DIRECTION('',(0.,0.,-1.));
#4015=DIRECTION('center_axis',(0.,0.,-1.));
#4016=DIRECTION('ref_axis',(1.,0.,0.));
#4017=DIRECTION('center_axis',(0.,0.,1.));
#4018=DIRECTION('ref_axis',(1.,0.,0.));
#4019=DIRECTION('center_axis',(-0.707106781186548,0.,0.707106781186548));
#4020=DIRECTION('ref_axis',(0.707106781186548,0.,0.707106781186548));
#4021=DIRECTION('',(0.,1.,0.));
#4022=DIRECTION('',(0.707106781186548,0.,0.707106781186548));
#4023=DIRECTION('',(0.,-1.,0.));
#4024=DIRECTION('',(-0.707106781186548,0.,-0.707106781186548));
#4025=DIRECTION('center_axis',(0.,-1.,0.));
#4026=DIRECTION('ref_axis',(0.,0.,-1.));
#4027=DIRECTION('',(1.,0.,0.));
#4028=DIRECTION('',(0.,0.,-1.));
#4029=DIRECTION('',(-1.,0.,0.));
#4030=DIRECTION('',(0.,0.,-1.));
#4031=DIRECTION('center_axis',(0.,0.,1.));
#4032=DIRECTION('ref_axis',(1.,0.,0.));
#4033=DIRECTION('',(-1.,0.,0.));
#4034=DIRECTION('',(0.,-1.,0.));
#4035=DIRECTION('center_axis',(0.,0.,1.));
#4036=DIRECTION('ref_axis',(1.,0.,0.));
#4037=DIRECTION('',(0.,1.,0.));
#4038=DIRECTION('',(0.,1.,0.));
#4039=DIRECTION('',(1.,0.,0.));
#4040=DIRECTION('center_axis',(0.,1.,0.));
#4041=DIRECTION('ref_axis',(0.,0.,1.));
#4042=DIRECTION('',(0.,0.,-1.));
#4043=DIRECTION('',(0.,0.,1.));
#4044=DIRECTION('center_axis',(-1.,0.,0.));
#4045=DIRECTION('ref_axis',(0.,0.,1.));
#4046=DIRECTION('center_axis',(-0.707106781186548,0.,0.707106781186548));
#4047=DIRECTION('ref_axis',(0.707106781186548,0.,0.707106781186548));
#4048=DIRECTION('',(0.,1.,0.));
#4049=DIRECTION('',(0.707106781186548,0.,0.707106781186548));
#4050=DIRECTION('',(0.,-1.,0.));
#4051=DIRECTION('',(-0.707106781186548,0.,-0.707106781186548));
#4052=DIRECTION('center_axis',(0.,-1.,0.));
#4053=DIRECTION('ref_axis',(0.,0.,-1.));
#4054=DIRECTION('',(1.,0.,0.));
#4055=DIRECTION('',(0.,0.,-1.));
#4056=DIRECTION('',(-1.,0.,0.));
#4057=DIRECTION('',(0.,0.,-1.));
#4058=DIRECTION('center_axis',(0.,0.,1.));
#4059=DIRECTION('ref_axis',(1.,0.,0.));
#4060=DIRECTION('',(-1.,0.,0.));
#4061=DIRECTION('',(0.,-1.,0.));
#4062=DIRECTION('center_axis',(0.,0.,1.));
#4063=DIRECTION('ref_axis',(1.,0.,0.));
#4064=DIRECTION('',(0.,1.,0.));
#4065=DIRECTION('',(0.,1.,0.));
#4066=DIRECTION('',(1.,0.,0.));
#4067=DIRECTION('center_axis',(0.,1.,0.));
#4068=DIRECTION('ref_axis',(0.,0.,1.));
#4069=DIRECTION('',(0.,0.,-1.));
#4070=DIRECTION('',(0.,0.,1.));
#4071=DIRECTION('center_axis',(-1.,0.,0.));
#4072=DIRECTION('ref_axis',(0.,0.,1.));
#4073=DIRECTION('center_axis',(0.,0.,1.));
#4074=DIRECTION('ref_axis',(1.,0.,0.));
#4075=DIRECTION('',(0.,1.,0.));
#4076=DIRECTION('',(-1.,0.,0.));
#4077=DIRECTION('',(0.,-1.,0.));
#4078=DIRECTION('',(1.,0.,0.));
#4079=DIRECTION('center_axis',(0.,1.,0.));
#4080=DIRECTION('ref_axis',(0.,0.,1.));
#4081=DIRECTION('',(0.,0.,-1.));
#4082=DIRECTION('',(0.,0.,-1.));
#4083=DIRECTION('center_axis',(1.,0.,0.));
#4084=DIRECTION('ref_axis',(0.,0.,-1.));
#4085=DIRECTION('',(0.,0.,-1.));
#4086=DIRECTION('center_axis',(0.,-1.,0.));
#4087=DIRECTION('ref_axis',(0.,0.,-1.));
#4088=DIRECTION('',(0.,0.,-1.));
#4089=DIRECTION('center_axis',(-1.,0.,0.));
#4090=DIRECTION('ref_axis',(0.,0.,1.));
#4091=DIRECTION('center_axis',(0.,0.,1.));
#4092=DIRECTION('ref_axis',(1.,0.,0.));
#4093=DIRECTION('',(0.,1.,0.));
#4094=DIRECTION('',(-1.,0.,0.));
#4095=DIRECTION('',(0.,-1.,0.));
#4096=DIRECTION('',(1.,0.,0.));
#4097=DIRECTION('center_axis',(0.,1.,0.));
#4098=DIRECTION('ref_axis',(0.,0.,1.));
#4099=DIRECTION('',(0.,0.,-1.));
#4100=DIRECTION('',(0.,0.,-1.));
#4101=DIRECTION('center_axis',(1.,0.,0.));
#4102=DIRECTION('ref_axis',(0.,0.,-1.));
#4103=DIRECTION('',(0.,0.,-1.));
#4104=DIRECTION('center_axis',(0.,-1.,0.));
#4105=DIRECTION('ref_axis',(0.,0.,-1.));
#4106=DIRECTION('',(0.,0.,-1.));
#4107=DIRECTION('center_axis',(-1.,0.,0.));
#4108=DIRECTION('ref_axis',(0.,0.,1.));
#4109=DIRECTION('center_axis',(0.,0.,1.));
#4110=DIRECTION('ref_axis',(1.,0.,0.));
#4111=DIRECTION('',(0.,1.,0.));
#4112=DIRECTION('',(-1.,0.,0.));
#4113=DIRECTION('',(0.,-1.,0.));
#4114=DIRECTION('',(1.,0.,0.));
#4115=DIRECTION('center_axis',(0.,1.,0.));
#4116=DIRECTION('ref_axis',(0.,0.,1.));
#4117=DIRECTION('',(0.,0.,-1.));
#4118=DIRECTION('',(0.,0.,-1.));
#4119=DIRECTION('center_axis',(1.,0.,0.));
#4120=DIRECTION('ref_axis',(0.,0.,-1.));
#4121=DIRECTION('',(0.,0.,-1.));
#4122=DIRECTION('center_axis',(0.,-1.,0.));
#4123=DIRECTION('ref_axis',(0.,0.,-1.));
#4124=DIRECTION('',(0.,0.,-1.));
#4125=DIRECTION('center_axis',(-1.,0.,0.));
#4126=DIRECTION('ref_axis',(0.,0.,1.));
#4127=DIRECTION('center_axis',(0.,0.,1.));
#4128=DIRECTION('ref_axis',(1.,0.,0.));
#4129=DIRECTION('',(0.,1.,0.));
#4130=DIRECTION('',(-1.,0.,0.));
#4131=DIRECTION('',(0.,-1.,0.));
#4132=DIRECTION('',(1.,0.,0.));
#4133=DIRECTION('center_axis',(0.,1.,0.));
#4134=DIRECTION('ref_axis',(0.,0.,1.));
#4135=DIRECTION('',(0.,0.,-1.));
#4136=DIRECTION('',(0.,0.,-1.));
#4137=DIRECTION('center_axis',(1.,0.,0.));
#4138=DIRECTION('ref_axis',(0.,0.,-1.));
#4139=DIRECTION('',(0.,0.,-1.));
#4140=DIRECTION('center_axis',(0.,-1.,0.));
#4141=DIRECTION('ref_axis',(0.,0.,-1.));
#4142=DIRECTION('',(0.,0.,-1.));
#4143=DIRECTION('center_axis',(-1.,0.,0.));
#4144=DIRECTION('ref_axis',(0.,0.,1.));
#4145=DIRECTION('center_axis',(-1.,0.,0.));
#4146=DIRECTION('ref_axis',(0.,0.,1.));
#4147=DIRECTION('',(0.,0.,-1.));
#4148=DIRECTION('',(0.,-1.,0.));
#4149=DIRECTION('',(0.,0.,1.));
#4150=DIRECTION('center_axis',(-1.,0.,0.));
#4151=DIRECTION('ref_axis',(0.,0.,1.));
#4152=DIRECTION('',(0.,0.,1.));
#4153=DIRECTION('',(0.,0.,-1.));
#4154=DIRECTION('',(0.,-1.,0.));
#4155=DIRECTION('center_axis',(0.,0.,1.));
#4156=DIRECTION('ref_axis',(1.,0.,0.));
#4157=DIRECTION('',(0.,-1.,0.));
#4158=DIRECTION('center_axis',(0.,0.,-1.));
#4159=DIRECTION('ref_axis',(1.,0.,0.));
#4160=DIRECTION('',(-1.,0.,0.));
#4161=DIRECTION('',(0.,1.,0.));
#4162=DIRECTION('',(1.,0.,0.));
#4163=DIRECTION('center_axis',(0.,0.,1.));
#4164=DIRECTION('ref_axis',(1.,0.,0.));
#4165=DIRECTION('',(0.,1.,0.));
#4166=DIRECTION('center_axis',(0.,0.,1.));
#4167=DIRECTION('ref_axis',(1.,0.,0.));
#4168=DIRECTION('',(-1.,0.,0.));
#4169=DIRECTION('',(0.,1.,0.));
#4170=DIRECTION('',(1.,0.,0.));
#4171=DIRECTION('center_axis',(0.,0.,-1.));
#4172=DIRECTION('ref_axis',(1.,0.,0.));
#4173=DIRECTION('center_axis',(1.,0.,0.));
#4174=DIRECTION('ref_axis',(0.,0.,-1.));
#4175=DIRECTION('',(0.,0.,-1.));
#4176=DIRECTION('',(0.,1.,0.));
#4177=DIRECTION('',(0.,0.,1.));
#4178=DIRECTION('center_axis',(1.,0.,0.));
#4179=DIRECTION('ref_axis',(0.,0.,-1.));
#4180=DIRECTION('',(0.,0.,1.));
#4181=DIRECTION('',(0.,0.,-1.));
#4182=DIRECTION('',(0.,1.,0.));
#4183=DIRECTION('center_axis',(0.,0.,1.));
#4184=DIRECTION('ref_axis',(1.,0.,0.));
#4185=DIRECTION('',(1.,0.,0.));
#4186=DIRECTION('',(-1.,0.,0.));
#4187=DIRECTION('center_axis',(0.,0.,1.));
#4188=DIRECTION('ref_axis',(1.,0.,0.));
#4189=DIRECTION('',(0.,0.,-1.));
#4190=DIRECTION('center_axis',(-1.,0.,0.));
#4191=DIRECTION('ref_axis',(0.,0.,1.));
#4192=DIRECTION('',(0.,0.,-1.));
#4193=DIRECTION('center_axis',(0.,0.,1.));
#4194=DIRECTION('ref_axis',(1.,0.,0.));
#4195=DIRECTION('',(0.,0.,-1.));
#4196=DIRECTION('center_axis',(0.,1.,0.));
#4197=DIRECTION('ref_axis',(0.,0.,1.));
#4198=DIRECTION('',(0.,0.,-1.));
#4199=DIRECTION('center_axis',(0.,0.,1.));
#4200=DIRECTION('ref_axis',(1.,0.,0.));
#4201=DIRECTION('',(0.,0.,-1.));
#4202=DIRECTION('',(0.,0.,-1.));
#4203=DIRECTION('center_axis',(0.,0.,1.));
#4204=DIRECTION('ref_axis',(1.,0.,0.));
#4205=DIRECTION('',(0.,0.,-1.));
#4206=DIRECTION('center_axis',(1.,0.,0.));
#4207=DIRECTION('ref_axis',(0.,0.,-1.));
#4208=DIRECTION('center_axis',(0.,-1.,0.));
#4209=DIRECTION('ref_axis',(0.,0.,-1.));
#4210=DIRECTION('',(1.,0.,0.));
#4211=DIRECTION('center_axis',(0.,0.,1.));
#4212=DIRECTION('ref_axis',(1.,0.,0.));
#4213=DIRECTION('',(-1.,0.,0.));
#4214=DIRECTION('center_axis',(0.,0.,1.));
#4215=DIRECTION('ref_axis',(1.,0.,0.));
#4216=DIRECTION('',(0.,0.,-1.));
#4217=DIRECTION('center_axis',(0.,0.,-1.));
#4218=DIRECTION('ref_axis',(1.,0.,0.));
#4219=DIRECTION('',(0.,0.,-1.));
#4220=DIRECTION('center_axis',(0.,0.,1.));
#4221=DIRECTION('ref_axis',(1.,0.,0.));
#4222=DIRECTION('',(0.,0.,-1.));
#4223=DIRECTION('center_axis',(0.,0.,-1.));
#4224=DIRECTION('ref_axis',(1.,0.,0.));
#4225=DIRECTION('',(0.,0.,-1.));
#4226=DIRECTION('center_axis',(0.,0.,1.));
#4227=DIRECTION('ref_axis',(1.,0.,0.));
#4228=DIRECTION('',(0.,0.,-1.));
#4229=DIRECTION('center_axis',(0.,0.,-1.));
#4230=DIRECTION('ref_axis',(1.,0.,0.));
#4231=DIRECTION('center_axis',(0.,0.,1.));
#4232=DIRECTION('ref_axis',(1.,0.,0.));
#4233=DIRECTION('',(0.,-1.,0.));
#4234=DIRECTION('',(-1.,0.,0.));
#4235=DIRECTION('center_axis',(0.,0.,-1.));
#4236=DIRECTION('ref_axis',(1.,0.,0.));
#4237=DIRECTION('',(1.,0.,0.));
#4238=DIRECTION('center_axis',(0.,0.,1.));
#4239=DIRECTION('ref_axis',(1.,0.,0.));
#4240=DIRECTION('',(0.,0.,-1.));
#4241=DIRECTION('center_axis',(-1.,0.,0.));
#4242=DIRECTION('ref_axis',(0.,0.,1.));
#4243=DIRECTION('center_axis',(0.,1.,0.));
#4244=DIRECTION('ref_axis',(0.,0.,1.));
#4245=DIRECTION('center_axis',(0.,-1.,0.));
#4246=DIRECTION('ref_axis',(0.,0.,-1.));
#4247=DIRECTION('axis',(0.,0.,1.));
#4248=DIRECTION('refdir',(1.,0.,0.));
#4249=DIRECTION('center_axis',(0.,-1.,0.));
#4250=DIRECTION('ref_axis',(0.,0.,-1.));
#4251=DIRECTION('',(-1.,0.,0.));
#4252=DIRECTION('',(0.,0.,-1.));
#4253=DIRECTION('',(1.,0.,0.));
#4254=DIRECTION('',(0.,0.,-1.));
#4255=DIRECTION('center_axis',(1.,0.,0.));
#4256=DIRECTION('ref_axis',(0.,0.,-1.));
#4257=DIRECTION('',(0.,-1.,0.));
#4258=DIRECTION('',(0.,1.,0.));
#4259=DIRECTION('',(0.,0.,-1.));
#4260=DIRECTION('center_axis',(0.,1.,0.));
#4261=DIRECTION('ref_axis',(0.,0.,1.));
#4262=DIRECTION('',(1.,0.,0.));
#4263=DIRECTION('',(-1.,0.,0.));
#4264=DIRECTION('',(0.,0.,-1.));
#4265=DIRECTION('center_axis',(-1.,0.,0.));
#4266=DIRECTION('ref_axis',(0.,0.,1.));
#4267=DIRECTION('',(0.,1.,0.));
#4268=DIRECTION('',(0.,-1.,0.));
#4269=DIRECTION('center_axis',(0.,-1.,0.));
#4270=DIRECTION('ref_axis',(0.,0.,-1.));
#4271=DIRECTION('',(-1.,0.,0.));
#4272=DIRECTION('',(0.,0.,-1.));
#4273=DIRECTION('',(1.,0.,0.));
#4274=DIRECTION('',(0.,0.,-1.));
#4275=DIRECTION('center_axis',(1.,0.,0.));
#4276=DIRECTION('ref_axis',(0.,0.,-1.));
#4277=DIRECTION('',(0.,-1.,0.));
#4278=DIRECTION('',(0.,1.,0.));
#4279=DIRECTION('',(0.,0.,-1.));
#4280=DIRECTION('center_axis',(0.,1.,0.));
#4281=DIRECTION('ref_axis',(0.,0.,1.));
#4282=DIRECTION('',(1.,0.,0.));
#4283=DIRECTION('',(-1.,0.,0.));
#4284=DIRECTION('',(0.,0.,-1.));
#4285=DIRECTION('center_axis',(-1.,0.,0.));
#4286=DIRECTION('ref_axis',(0.,0.,1.));
#4287=DIRECTION('',(0.,1.,0.));
#4288=DIRECTION('',(0.,-1.,0.));
#4289=DIRECTION('center_axis',(0.,-1.,0.));
#4290=DIRECTION('ref_axis',(0.,0.,-1.));
#4291=DIRECTION('',(-1.,0.,0.));
#4292=DIRECTION('',(0.,0.,-1.));
#4293=DIRECTION('',(1.,0.,0.));
#4294=DIRECTION('',(0.,0.,-1.));
#4295=DIRECTION('center_axis',(1.,0.,0.));
#4296=DIRECTION('ref_axis',(0.,0.,-1.));
#4297=DIRECTION('',(0.,-1.,0.));
#4298=DIRECTION('',(0.,1.,0.));
#4299=DIRECTION('',(0.,0.,-1.));
#4300=DIRECTION('center_axis',(0.,1.,0.));
#4301=DIRECTION('ref_axis',(0.,0.,1.));
#4302=DIRECTION('',(1.,0.,0.));
#4303=DIRECTION('',(-1.,0.,0.));
#4304=DIRECTION('',(0.,0.,-1.));
#4305=DIRECTION('center_axis',(-1.,0.,0.));
#4306=DIRECTION('ref_axis',(0.,0.,1.));
#4307=DIRECTION('',(0.,1.,0.));
#4308=DIRECTION('',(0.,-1.,0.));
#4309=DIRECTION('center_axis',(0.,-1.,0.));
#4310=DIRECTION('ref_axis',(0.,0.,-1.));
#4311=DIRECTION('',(-1.,0.,0.));
#4312=DIRECTION('',(0.,0.,-1.));
#4313=DIRECTION('',(1.,0.,0.));
#4314=DIRECTION('',(0.,0.,-1.));
#4315=DIRECTION('center_axis',(1.,0.,0.));
#4316=DIRECTION('ref_axis',(0.,0.,-1.));
#4317=DIRECTION('',(0.,-1.,0.));
#4318=DIRECTION('',(0.,1.,0.));
#4319=DIRECTION('',(0.,0.,-1.));
#4320=DIRECTION('center_axis',(0.,1.,0.));
#4321=DIRECTION('ref_axis',(0.,0.,1.));
#4322=DIRECTION('',(1.,0.,0.));
#4323=DIRECTION('',(-1.,0.,0.));
#4324=DIRECTION('',(0.,0.,-1.));
#4325=DIRECTION('center_axis',(-1.,0.,0.));
#4326=DIRECTION('ref_axis',(0.,0.,1.));
#4327=DIRECTION('',(0.,1.,0.));
#4328=DIRECTION('',(0.,-1.,0.));
#4329=DIRECTION('center_axis',(0.,-1.,0.));
#4330=DIRECTION('ref_axis',(0.,0.,-1.));
#4331=DIRECTION('',(-1.,0.,0.));
#4332=DIRECTION('',(0.,0.,-1.));
#4333=DIRECTION('',(1.,0.,0.));
#4334=DIRECTION('',(0.,0.,-1.));
#4335=DIRECTION('center_axis',(1.,0.,0.));
#4336=DIRECTION('ref_axis',(0.,0.,-1.));
#4337=DIRECTION('',(0.,-1.,0.));
#4338=DIRECTION('',(0.,1.,0.));
#4339=DIRECTION('',(0.,0.,-1.));
#4340=DIRECTION('center_axis',(0.,1.,0.));
#4341=DIRECTION('ref_axis',(0.,0.,1.));
#4342=DIRECTION('',(1.,0.,0.));
#4343=DIRECTION('',(-1.,0.,0.));
#4344=DIRECTION('',(0.,0.,-1.));
#4345=DIRECTION('center_axis',(-1.,0.,0.));
#4346=DIRECTION('ref_axis',(0.,0.,1.));
#4347=DIRECTION('',(0.,1.,0.));
#4348=DIRECTION('',(0.,-1.,0.));
#4349=DIRECTION('center_axis',(0.,1.,0.));
#4350=DIRECTION('ref_axis',(0.,0.,1.));
#4351=DIRECTION('',(0.,0.,-1.));
#4352=DIRECTION('',(1.,0.,0.));
#4353=DIRECTION('',(0.,0.,-1.));
#4354=DIRECTION('',(1.,0.,0.));
#4355=DIRECTION('',(0.,0.,1.));
#4356=DIRECTION('',(1.,0.,0.));
#4357=DIRECTION('center_axis',(-1.,0.,0.));
#4358=DIRECTION('ref_axis',(0.,0.,1.));
#4359=DIRECTION('',(0.,1.,0.));
#4360=DIRECTION('',(0.,1.,0.));
#4361=DIRECTION('',(0.,0.,-1.));
#4362=DIRECTION('center_axis',(0.,0.,1.));
#4363=DIRECTION('ref_axis',(1.,0.,0.));
#4364=DIRECTION('',(0.,-1.,0.));
#4365=DIRECTION('',(-1.,0.,0.));
#4366=DIRECTION('center_axis',(0.,-1.,0.));
#4367=DIRECTION('ref_axis',(0.,0.,-1.));
#4368=DIRECTION('',(0.,0.,1.));
#4369=DIRECTION('',(-1.,0.,0.));
#4370=DIRECTION('',(0.,0.,-1.));
#4371=DIRECTION('',(-1.,0.,0.));
#4372=DIRECTION('center_axis',(0.,0.,1.));
#4373=DIRECTION('ref_axis',(1.,0.,0.));
#4374=DIRECTION('',(0.,1.,0.));
#4375=DIRECTION('center_axis',(0.,0.,-1.));
#4376=DIRECTION('ref_axis',(1.,0.,0.));
#4377=DIRECTION('',(1.,0.,0.));
#4378=DIRECTION('',(0.,1.,0.));
#4379=DIRECTION('',(1.,0.,0.));
#4380=DIRECTION('',(0.,-1.,0.));
#4381=DIRECTION('',(1.,0.,0.));
#4382=DIRECTION('center_axis',(0.,0.,-1.));
#4383=DIRECTION('ref_axis',(1.,0.,0.));
#4384=DIRECTION('',(0.,-1.,0.));
#4385=DIRECTION('center_axis',(0.,0.,-1.));
#4386=DIRECTION('ref_axis',(1.,0.,0.));
#4387=DIRECTION('',(-1.,0.,0.));
#4388=DIRECTION('',(0.,-1.,0.));
#4389=DIRECTION('',(-1.,0.,0.));
#4390=DIRECTION('',(0.,1.,0.));
#4391=DIRECTION('',(-1.,0.,0.));
#4392=DIRECTION('center_axis',(0.,0.,-1.));
#4393=DIRECTION('ref_axis',(1.,0.,0.));
#4394=DIRECTION('',(0.,1.,0.));
#4395=DIRECTION('center_axis',(0.,0.,1.));
#4396=DIRECTION('ref_axis',(1.,0.,0.));
#4397=DIRECTION('center_axis',(0.,0.,1.));
#4398=DIRECTION('ref_axis',(1.,0.,0.));
#4399=DIRECTION('center_axis',(0.,0.,1.));
#4400=DIRECTION('ref_axis',(1.,0.,0.));
#4401=DIRECTION('',(0.,1.,0.));
#4402=DIRECTION('center_axis',(0.,0.,-1.));
#4403=DIRECTION('ref_axis',(1.,0.,0.));
#4404=DIRECTION('',(1.,0.,0.));
#4405=DIRECTION('',(0.,1.,0.));
#4406=DIRECTION('',(-1.,0.,0.));
#4407=DIRECTION('center_axis',(0.,0.,1.));
#4408=DIRECTION('ref_axis',(1.,0.,0.));
#4409=DIRECTION('',(0.,-1.,0.));
#4410=DIRECTION('center_axis',(0.,0.,1.));
#4411=DIRECTION('ref_axis',(1.,0.,0.));
#4412=DIRECTION('',(0.,-1.,0.));
#4413=DIRECTION('center_axis',(0.,0.,1.));
#4414=DIRECTION('ref_axis',(1.,0.,0.));
#4415=DIRECTION('',(1.,0.,0.));
#4416=DIRECTION('',(0.,1.,0.));
#4417=DIRECTION('',(-1.,0.,0.));
#4418=DIRECTION('center_axis',(0.,0.,-1.));
#4419=DIRECTION('ref_axis',(1.,0.,0.));
#4420=DIRECTION('',(0.,1.,0.));
#4421=DIRECTION('center_axis',(1.,0.,0.));
#4422=DIRECTION('ref_axis',(0.,0.,-1.));
#4423=DIRECTION('',(0.,0.,-1.));
#4424=DIRECTION('',(0.,-1.,0.));
#4425=DIRECTION('',(0.,0.,1.));
#4426=DIRECTION('',(0.,1.,0.));
#4427=DIRECTION('',(0.,0.,-1.));
#4428=DIRECTION('center_axis',(1.,0.,0.));
#4429=DIRECTION('ref_axis',(0.,0.,-1.));
#4430=DIRECTION('',(0.,0.,-1.));
#4431=DIRECTION('',(0.,-1.,0.));
#4432=DIRECTION('',(0.,0.,1.));
#4433=DIRECTION('',(0.,1.,0.));
#4434=DIRECTION('',(0.,0.,-1.));
#4435=DIRECTION('center_axis',(0.,0.,1.));
#4436=DIRECTION('ref_axis',(1.,0.,0.));
#4437=DIRECTION('',(0.,0.,1.));
#4438=DIRECTION('center_axis',(0.,0.,-1.));
#4439=DIRECTION('ref_axis',(1.,0.,0.));
#4440=DIRECTION('center_axis',(0.,0.,1.));
#4441=DIRECTION('ref_axis',(1.,0.,0.));
#4442=DIRECTION('',(0.,0.,1.));
#4443=DIRECTION('center_axis',(0.,0.,-1.));
#4444=DIRECTION('ref_axis',(1.,0.,0.));
#4445=DIRECTION('center_axis',(0.,0.,1.));
#4446=DIRECTION('ref_axis',(1.,0.,0.));
#4447=DIRECTION('',(0.,1.,0.));
#4448=DIRECTION('',(-1.,0.,0.));
#4449=DIRECTION('',(1.,0.,0.));
#4450=DIRECTION('center_axis',(0.,0.,1.));
#4451=DIRECTION('ref_axis',(1.,0.,0.));
#4452=DIRECTION('',(0.,-1.,0.));
#4453=DIRECTION('',(-1.,0.,0.));
#4454=DIRECTION('',(1.,0.,0.));
#4455=DIRECTION('center_axis',(0.,1.,0.));
#4456=DIRECTION('ref_axis',(0.,0.,1.));
#4457=DIRECTION('',(0.,0.,-1.));
#4458=DIRECTION('center_axis',(0.,-1.,0.));
#4459=DIRECTION('ref_axis',(0.,0.,-1.));
#4460=DIRECTION('',(0.,0.,-1.));
#4461=DIRECTION('center_axis',(-1.,0.,0.));
#4462=DIRECTION('ref_axis',(0.,0.,1.));
#4463=DIRECTION('center_axis',(0.,0.,1.));
#4464=DIRECTION('ref_axis',(1.,0.,0.));
#4465=DIRECTION('',(0.,1.,0.));
#4466=DIRECTION('',(-1.,0.,0.));
#4467=DIRECTION('',(1.,0.,0.));
#4468=DIRECTION('center_axis',(0.,0.,1.));
#4469=DIRECTION('ref_axis',(1.,0.,0.));
#4470=DIRECTION('',(0.,-1.,0.));
#4471=DIRECTION('',(-1.,0.,0.));
#4472=DIRECTION('',(1.,0.,0.));
#4473=DIRECTION('center_axis',(0.,1.,0.));
#4474=DIRECTION('ref_axis',(0.,0.,1.));
#4475=DIRECTION('',(0.,0.,-1.));
#4476=DIRECTION('center_axis',(0.,-1.,0.));
#4477=DIRECTION('ref_axis',(0.,0.,-1.));
#4478=DIRECTION('',(0.,0.,-1.));
#4479=DIRECTION('center_axis',(-1.,0.,0.));
#4480=DIRECTION('ref_axis',(0.,0.,1.));
#4481=DIRECTION('center_axis',(-1.,0.,0.));
#4482=DIRECTION('ref_axis',(0.,0.,1.));
#4483=DIRECTION('',(0.,0.,-1.));
#4484=DIRECTION('',(0.,0.,1.));
#4485=DIRECTION('center_axis',(-1.,0.,0.));
#4486=DIRECTION('ref_axis',(0.,0.,1.));
#4487=DIRECTION('',(0.,0.,1.));
#4488=DIRECTION('',(0.,0.,-1.));
#4489=DIRECTION('center_axis',(0.,1.,0.));
#4490=DIRECTION('ref_axis',(0.,0.,1.));
#4491=DIRECTION('',(0.,0.,-1.));
#4492=DIRECTION('center_axis',(0.,-1.,0.));
#4493=DIRECTION('ref_axis',(0.,0.,-1.));
#4494=DIRECTION('',(0.,0.,-1.));
#4495=DIRECTION('center_axis',(0.,0.,1.));
#4496=DIRECTION('ref_axis',(1.,0.,0.));
#4497=DIRECTION('center_axis',(0.,0.,1.));
#4498=DIRECTION('ref_axis',(1.,0.,0.));
#4499=DIRECTION('center_axis',(0.,0.,1.));
#4500=DIRECTION('ref_axis',(1.,0.,0.));
#4501=DIRECTION('',(0.,0.,-1.));
#4502=DIRECTION('center_axis',(0.,0.,1.));
#4503=DIRECTION('ref_axis',(1.,0.,0.));
#4504=DIRECTION('',(0.,0.,-1.));
#4505=DIRECTION('center_axis',(-1.,0.,0.));
#4506=DIRECTION('ref_axis',(0.,0.,1.));
#4507=DIRECTION('',(0.,0.,-1.));
#4508=DIRECTION('',(0.,1.,0.));
#4509=DIRECTION('center_axis',(0.,0.,1.));
#4510=DIRECTION('ref_axis',(1.,0.,0.));
#4511=DIRECTION('',(0.,0.,-1.));
#4512=DIRECTION('center_axis',(0.,0.,1.));
#4513=DIRECTION('ref_axis',(1.,0.,0.));
#4514=DIRECTION('center_axis',(0.,-1.,0.));
#4515=DIRECTION('ref_axis',(0.,0.,-1.));
#4516=DIRECTION('',(0.,0.,1.));
#4517=DIRECTION('',(-1.,0.,0.));
#4518=DIRECTION('center_axis',(0.,0.,1.));
#4519=DIRECTION('ref_axis',(1.,0.,0.));
#4520=DIRECTION('',(0.,-1.,0.));
#4521=DIRECTION('',(1.,0.,0.));
#4522=DIRECTION('',(0.,-1.,0.));
#4523=DIRECTION('',(1.,0.,0.));
#4524=DIRECTION('center_axis',(0.,0.,-1.));
#4525=DIRECTION('ref_axis',(1.,0.,0.));
#4526=DIRECTION('',(0.,-1.,0.));
#4527=DIRECTION('center_axis',(0.,0.,-1.));
#4528=DIRECTION('ref_axis',(1.,0.,0.));
#4529=DIRECTION('',(-1.,0.,0.));
#4530=DIRECTION('center_axis',(0.,1.,0.));
#4531=DIRECTION('ref_axis',(0.,0.,1.));
#4532=DIRECTION('',(0.,0.,-1.));
#4533=DIRECTION('center_axis',(1.,0.,0.));
#4534=DIRECTION('ref_axis',(0.,0.,-1.));
#4535=DIRECTION('',(0.,0.,1.));
#4536=DIRECTION('center_axis',(1.,0.,0.));
#4537=DIRECTION('ref_axis',(0.,0.,-1.));
#4538=DIRECTION('',(0.,0.,-1.));
#4539=DIRECTION('center_axis',(0.,0.,1.));
#4540=DIRECTION('ref_axis',(1.,0.,0.));
#4541=DIRECTION('',(0.,0.,-1.));
#4542=DIRECTION('',(0.,0.,-1.));
#4543=DIRECTION('center_axis',(0.,0.,1.));
#4544=DIRECTION('ref_axis',(1.,0.,0.));
#4545=DIRECTION('center_axis',(0.,0.,1.));
#4546=DIRECTION('ref_axis',(1.,0.,0.));
#4547=DIRECTION('',(-1.,0.,0.));
#4548=DIRECTION('center_axis',(0.,0.,1.));
#4549=DIRECTION('ref_axis',(1.,0.,0.));
#4550=DIRECTION('',(0.,-1.,0.));
#4551=DIRECTION('center_axis',(0.,0.,1.));
#4552=DIRECTION('ref_axis',(1.,0.,0.));
#4553=DIRECTION('',(1.,0.,0.));
#4554=DIRECTION('center_axis',(0.,0.,1.));
#4555=DIRECTION('ref_axis',(1.,0.,0.));
#4556=DIRECTION('',(0.,1.,0.));
#4557=DIRECTION('center_axis',(0.,0.,1.));
#4558=DIRECTION('ref_axis',(1.,0.,0.));
#4559=DIRECTION('',(0.,0.,-1.));
#4560=DIRECTION('',(0.,0.,-1.));
#4561=DIRECTION('center_axis',(0.,0.,1.));
#4562=DIRECTION('ref_axis',(1.,0.,0.));
#4563=DIRECTION('',(0.,0.,-1.));
#4564=DIRECTION('',(0.,0.,-1.));
#4565=DIRECTION('center_axis',(0.,0.,1.));
#4566=DIRECTION('ref_axis',(1.,0.,0.));
#4567=DIRECTION('',(0.,0.,-1.));
#4568=DIRECTION('',(0.,0.,-1.));
#4569=DIRECTION('center_axis',(1.,0.,0.));
#4570=DIRECTION('ref_axis',(0.,0.,-1.));
#4571=DIRECTION('center_axis',(-1.,0.,0.));
#4572=DIRECTION('ref_axis',(0.,0.,1.));
#4573=DIRECTION('center_axis',(0.,1.,0.));
#4574=DIRECTION('ref_axis',(0.,0.,1.));
#4575=DIRECTION('center_axis',(0.,-1.,0.));
#4576=DIRECTION('ref_axis',(0.,0.,-1.));
#4577=DIRECTION('axis',(0.,0.,1.));
#4578=DIRECTION('refdir',(1.,0.,0.));
#4579=DIRECTION('center_axis',(0.,0.,1.));
#4580=DIRECTION('ref_axis',(1.,0.,0.));
#4581=DIRECTION('',(0.,0.,-1.));
#4582=DIRECTION('center_axis',(0.,0.,1.));
#4583=DIRECTION('ref_axis',(1.,0.,0.));
#4584=DIRECTION('',(0.,0.,1.));
#4585=DIRECTION('center_axis',(0.,0.,-1.));
#4586=DIRECTION('ref_axis',(1.,0.,0.));
#4587=DIRECTION('center_axis',(0.,0.,-1.));
#4588=DIRECTION('ref_axis',(-1.,0.,0.));
#4589=DIRECTION('center_axis',(0.,0.,-1.));
#4590=DIRECTION('ref_axis',(1.,0.,0.));
#4591=DIRECTION('center_axis',(0.,0.,1.));
#4592=DIRECTION('ref_axis',(1.,0.,0.));
#4593=DIRECTION('center_axis',(0.,0.,1.));
#4594=DIRECTION('ref_axis',(1.,0.,0.));
#4595=DIRECTION('',(0.,0.,-1.));
#4596=DIRECTION('center_axis',(0.,0.,-1.));
#4597=DIRECTION('ref_axis',(1.,0.,0.));
#4598=DIRECTION('center_axis',(0.,0.,1.));
#4599=DIRECTION('ref_axis',(1.,0.,0.));
#4600=DIRECTION('',(0.,0.,-1.));
#4601=DIRECTION('center_axis',(0.,0.,-1.));
#4602=DIRECTION('ref_axis',(1.,0.,0.));
#4603=DIRECTION('',(0.,0.,1.));
#4604=DIRECTION('center_axis',(0.,0.,1.));
#4605=DIRECTION('ref_axis',(1.,0.,0.));
#4606=DIRECTION('',(0.,0.,-1.));
#4607=DIRECTION('center_axis',(0.,0.,-1.));
#4608=DIRECTION('ref_axis',(1.,0.,0.));
#4609=DIRECTION('',(0.,0.,1.));
#4610=DIRECTION('center_axis',(0.,0.,1.));
#4611=DIRECTION('ref_axis',(1.,0.,0.));
#4612=DIRECTION('center_axis',(0.,0.,1.));
#4613=DIRECTION('ref_axis',(1.,0.,0.));
#4614=DIRECTION('center_axis',(0.,0.,1.));
#4615=DIRECTION('ref_axis',(1.,0.,0.));
#4616=DIRECTION('center_axis',(0.,0.,-1.));
#4617=DIRECTION('ref_axis',(1.,0.,0.));
#4618=DIRECTION('center_axis',(0.,0.,-1.));
#4619=DIRECTION('ref_axis',(-1.,0.,0.));
#4620=DIRECTION('center_axis',(0.,0.,1.));
#4621=DIRECTION('ref_axis',(1.,0.,0.));
#4622=DIRECTION('center_axis',(0.,0.,1.));
#4623=DIRECTION('ref_axis',(1.,0.,0.));
#4624=DIRECTION('center_axis',(0.,0.,-1.));
#4625=DIRECTION('ref_axis',(1.,0.,0.));
#4626=DIRECTION('center_axis',(0.,0.,-1.));
#4627=DIRECTION('ref_axis',(-1.,0.,0.));
#4628=DIRECTION('center_axis',(0.,0.,-1.));
#4629=DIRECTION('ref_axis',(-1.,0.,0.));
#4630=DIRECTION('center_axis',(0.,0.,1.));
#4631=DIRECTION('ref_axis',(1.,0.,0.));
#4632=DIRECTION('',(0.,0.,1.));
#4633=DIRECTION('',(1.,0.,0.));
#4634=DIRECTION('',(0.,0.,1.));
#4635=DIRECTION('',(1.,0.,0.));
#4636=DIRECTION('',(0.,0.,1.));
#4637=DIRECTION('',(1.,0.,0.));
#4638=CARTESIAN_POINT('',(0.,0.,0.));
#4639=CARTESIAN_POINT('',(0.,0.,0.));
#4640=CARTESIAN_POINT('Origin',(25.4,5.55,2.4));
#4641=CARTESIAN_POINT('',(25.4,6.34744042902334,1.4));
#4642=CARTESIAN_POINT('',(25.4,6.34744042902334,2.4));
#4643=CARTESIAN_POINT('',(25.4,6.34744042902334,1.2));
#4644=CARTESIAN_POINT('',(25.4,5.00799361021957,1.4));
#4645=CARTESIAN_POINT('',(25.4,5.55,1.4));
#4646=CARTESIAN_POINT('',(25.4,5.00799361021957,2.4));
#4647=CARTESIAN_POINT('',(25.4,5.00799361021957,2.4));
#4648=CARTESIAN_POINT('',(25.4,2.775,2.4));
#4649=CARTESIAN_POINT('Origin',(22.6,5.55,2.4));
#4650=CARTESIAN_POINT('',(22.6,6.34744042902334,2.4));
#4651=CARTESIAN_POINT('',(22.6,6.34744042902334,1.4));
#4652=CARTESIAN_POINT('',(22.6,6.34744042902334,1.2));
#4653=CARTESIAN_POINT('',(22.6,5.00799361021957,2.4));
#4654=CARTESIAN_POINT('',(22.6,2.775,2.4));
#4655=CARTESIAN_POINT('',(22.6,5.00799361021957,1.4));
#4656=CARTESIAN_POINT('',(22.6,5.00799361021957,2.4));
#4657=CARTESIAN_POINT('',(22.6,5.55,1.4));
#4658=CARTESIAN_POINT('Origin',(24.,0.,1.2));
#4659=CARTESIAN_POINT('Origin',(24.,0.,1.4));
#4660=CARTESIAN_POINT('',(17.5,-7.9602041944578E-16,2.4));
#4661=CARTESIAN_POINT('Origin',(24.,0.,2.4));
#4662=CARTESIAN_POINT('',(17.5,-7.9602041944578E-16,0.));
#4663=CARTESIAN_POINT('',(17.5,-7.9602041944578E-16,1.2));
#4664=CARTESIAN_POINT('Origin',(24.,0.,0.));
#4665=CARTESIAN_POINT('Origin',(24.,0.,2.4));
#4666=CARTESIAN_POINT('Origin',(24.,0.,-1.4495));
#4667=CARTESIAN_POINT('',(22.3,-2.0818995585505E-16,-1.6));
#4668=CARTESIAN_POINT('Origin',(24.,0.,-1.6));
#4669=CARTESIAN_POINT('',(22.3,-2.0818995585505E-16,-0.3));
#4670=CARTESIAN_POINT('',(22.3,-2.0818995585505E-16,-1.4495));
#4671=CARTESIAN_POINT('Origin',(24.,0.,-0.3));
#4672=CARTESIAN_POINT('Origin',(24.,0.,0.5505));
#4673=CARTESIAN_POINT('',(20.6009994121105,4.16257519025882E-16,1.4));
#4674=CARTESIAN_POINT('',(21.45,-3.12284933782575E-16,0.5505));
#4675=CARTESIAN_POINT('Origin',(24.,0.,1.4));
#4676=CARTESIAN_POINT('Origin',(24.,0.,2.4));
#4677=CARTESIAN_POINT('Origin',(24.,0.,2.4));
#4678=CARTESIAN_POINT('Origin',(24.,0.,1.4));
#4679=CARTESIAN_POINT('Origin',(24.,0.,1.4));
#4680=CARTESIAN_POINT('Origin',(-22.6,5.55,2.4));
#4681=CARTESIAN_POINT('',(-22.6,6.34744042902334,1.4));
#4682=CARTESIAN_POINT('',(-22.6,6.34744042902334,2.4));
#4683=CARTESIAN_POINT('',(-22.6,6.34744042902334,1.2));
#4684=CARTESIAN_POINT('',(-22.6,5.00799361021957,1.4));
#4685=CARTESIAN_POINT('',(-22.6,5.55,1.4));
#4686=CARTESIAN_POINT('',(-22.6,5.00799361021957,2.4));
#4687=CARTESIAN_POINT('',(-22.6,5.00799361021957,2.4));
#4688=CARTESIAN_POINT('',(-22.6,2.775,2.4));
#4689=CARTESIAN_POINT('Origin',(-25.4,5.55,2.4));
#4690=CARTESIAN_POINT('',(-25.4,6.34744042902334,2.4));
#4691=CARTESIAN_POINT('',(-25.4,6.34744042902334,1.4));
#4692=CARTESIAN_POINT('',(-25.4,6.34744042902334,1.2));
#4693=CARTESIAN_POINT('',(-25.4,5.00799361021957,2.4));
#4694=CARTESIAN_POINT('',(-25.4,2.775,2.4));
#4695=CARTESIAN_POINT('',(-25.4,5.00799361021957,1.4));
#4696=CARTESIAN_POINT('',(-25.4,5.00799361021957,2.4));
#4697=CARTESIAN_POINT('',(-25.4,5.55,1.4));
#4698=CARTESIAN_POINT('Origin',(-24.,0.,1.2));
#4699=CARTESIAN_POINT('Origin',(-24.,0.,1.4));
#4700=CARTESIAN_POINT('',(-30.5,-7.9602041944578E-16,2.4));
#4701=CARTESIAN_POINT('Origin',(-24.,0.,2.4));
#4702=CARTESIAN_POINT('',(-30.5,-7.9602041944578E-16,0.));
#4703=CARTESIAN_POINT('',(-30.5,-7.9602041944578E-16,1.2));
#4704=CARTESIAN_POINT('Origin',(-24.,0.,0.));
#4705=CARTESIAN_POINT('Origin',(-24.,0.,2.4));
#4706=CARTESIAN_POINT('Origin',(-24.,0.,-1.4495));
#4707=CARTESIAN_POINT('',(-25.7,-2.0818995585505E-16,-1.6));
#4708=CARTESIAN_POINT('Origin',(-24.,0.,-1.6));
#4709=CARTESIAN_POINT('',(-25.7,-2.0818995585505E-16,-0.3));
#4710=CARTESIAN_POINT('',(-25.7,-2.0818995585505E-16,-1.4495));
#4711=CARTESIAN_POINT('Origin',(-24.,0.,-0.3));
#4712=CARTESIAN_POINT('Origin',(-24.,0.,0.5505));
#4713=CARTESIAN_POINT('',(-27.3990005878895,4.16257519025882E-16,1.4));
#4714=CARTESIAN_POINT('',(-26.55,-3.12284933782575E-16,0.5505));
#4715=CARTESIAN_POINT('Origin',(-24.,0.,1.4));
#4716=CARTESIAN_POINT('Origin',(-24.,0.,2.4));
#4717=CARTESIAN_POINT('Origin',(-24.,0.,2.4));
#4718=CARTESIAN_POINT('Origin',(-24.,0.,1.4));
#4719=CARTESIAN_POINT('Origin',(-24.,0.,1.4));
#4720=CARTESIAN_POINT('Origin',(24.,0.,2.4));
#4721=CARTESIAN_POINT('Origin',(-24.,0.,2.4));
#4722=CARTESIAN_POINT('Origin',(-33.3,-8.,19.025));
#4723=CARTESIAN_POINT('',(-32.,-8.,13.05));
#4724=CARTESIAN_POINT('',(-32.,-8.,24.));
#4725=CARTESIAN_POINT('',(-32.,-8.,11.0375));
#4726=CARTESIAN_POINT('',(-33.6,-8.,13.05));
#4727=CARTESIAN_POINT('',(-33.3,-8.,13.05));
#4728=CARTESIAN_POINT('',(-33.6,-8.,24.));
#4729=CARTESIAN_POINT('',(-33.6,-8.,9.1125));
#4730=CARTESIAN_POINT('',(-15.3,-8.,24.));
#4731=CARTESIAN_POINT('Origin',(-33.3,0.,13.05));
#4732=CARTESIAN_POINT('',(-32.,8.,13.05));
#4733=CARTESIAN_POINT('',(-32.,0.,13.05));
#4734=CARTESIAN_POINT('',(-33.6,8.,13.05));
#4735=CARTESIAN_POINT('',(-33.3,8.,13.05));
#4736=CARTESIAN_POINT('',(-33.6,0.,13.05));
#4737=CARTESIAN_POINT('Origin',(-33.3,8.,19.025));
#4738=CARTESIAN_POINT('',(-32.,8.,24.));
#4739=CARTESIAN_POINT('',(-32.,8.,11.0375));
#4740=CARTESIAN_POINT('',(-33.6,8.,24.));
#4741=CARTESIAN_POINT('',(-15.3,8.,24.));
#4742=CARTESIAN_POINT('',(-33.6,8.,9.1125));
#4743=CARTESIAN_POINT('Origin',(-33.6,0.,-0.8));
#4744=CARTESIAN_POINT('',(-33.6,32.1,24.));
#4745=CARTESIAN_POINT('',(-33.6,0.,24.));
#4746=CARTESIAN_POINT('',(-33.6,32.1,-1.6));
#4747=CARTESIAN_POINT('',(-33.6,32.1,-0.8));
#4748=CARTESIAN_POINT('',(-33.6,-32.1,-1.6));
#4749=CARTESIAN_POINT('',(-33.6,0.,-1.6));
#4750=CARTESIAN_POINT('',(-33.6,-32.1,24.));
#4751=CARTESIAN_POINT('',(-33.6,-32.1,15.05));
#4752=CARTESIAN_POINT('',(-33.6,0.,24.));
#4753=CARTESIAN_POINT('',(-33.6,-28.,20.));
#4754=CARTESIAN_POINT('',(-33.6,-16.,20.));
#4755=CARTESIAN_POINT('',(-33.6,-11.,20.));
#4756=CARTESIAN_POINT('',(-33.6,-16.,22.6));
#4757=CARTESIAN_POINT('',(-33.6,-16.,10.25));
#4758=CARTESIAN_POINT('',(-33.6,-28.,22.6));
#4759=CARTESIAN_POINT('',(-33.6,-11.,22.6));
#4760=CARTESIAN_POINT('',(-33.6,-28.,10.25));
#4761=CARTESIAN_POINT('',(-33.6,16.,20.));
#4762=CARTESIAN_POINT('',(-33.6,28.,20.));
#4763=CARTESIAN_POINT('',(-33.6,11.,20.));
#4764=CARTESIAN_POINT('',(-33.6,28.,22.6));
#4765=CARTESIAN_POINT('',(-33.6,28.,10.25));
#4766=CARTESIAN_POINT('',(-33.6,16.,22.6));
#4767=CARTESIAN_POINT('',(-33.6,11.,22.6));
#4768=CARTESIAN_POINT('',(-33.6,16.,10.25));
#4769=CARTESIAN_POINT('Origin',(2.7,0.,24.));
#4770=CARTESIAN_POINT('',(-32.,32.1,24.));
#4771=CARTESIAN_POINT('',(-32.,0.,24.));
#4772=CARTESIAN_POINT('',(-30.6,33.5,24.));
#4773=CARTESIAN_POINT('Origin',(-30.6,32.1,24.));
#4774=CARTESIAN_POINT('',(-28.,33.5,24.));
#4775=CARTESIAN_POINT('',(2.7,33.5,24.));
#4776=CARTESIAN_POINT('',(-28.,35.1,24.));
#4777=CARTESIAN_POINT('',(-28.,0.,24.));
#4778=CARTESIAN_POINT('',(-30.6,35.1,24.));
#4779=CARTESIAN_POINT('',(2.7,35.1,24.));
#4780=CARTESIAN_POINT('Origin',(-30.6,32.1,24.));
#4781=CARTESIAN_POINT('Origin',(2.7,0.,24.));
#4782=CARTESIAN_POINT('',(-30.6,-35.1,24.));
#4783=CARTESIAN_POINT('Origin',(-30.6,-32.1,24.));
#4784=CARTESIAN_POINT('',(-28.,-35.1,24.));
#4785=CARTESIAN_POINT('',(2.7,-35.1,24.));
#4786=CARTESIAN_POINT('',(-28.,-33.5,24.));
#4787=CARTESIAN_POINT('',(-28.,0.,24.));
#4788=CARTESIAN_POINT('',(-30.6,-33.5,24.));
#4789=CARTESIAN_POINT('',(2.7,-33.5,24.));
#4790=CARTESIAN_POINT('',(-32.,-32.1,24.));
#4791=CARTESIAN_POINT('Origin',(-30.6,-32.1,24.));
#4792=CARTESIAN_POINT('',(-32.,0.,24.));
#4793=CARTESIAN_POINT('Origin',(-33.7,22.,22.6));
#4794=CARTESIAN_POINT('',(-32.8,28.,22.6));
#4795=CARTESIAN_POINT('',(-33.7,28.,22.6));
#4796=CARTESIAN_POINT('',(-32.8,16.,22.6));
#4797=CARTESIAN_POINT('',(-32.8,22.,22.6));
#4798=CARTESIAN_POINT('',(-33.7,16.,22.6));
#4799=CARTESIAN_POINT('Origin',(-33.7,16.,21.3));
#4800=CARTESIAN_POINT('',(-32.8,16.,20.));
#4801=CARTESIAN_POINT('',(-32.8,16.,21.3));
#4802=CARTESIAN_POINT('',(-33.7,16.,20.));
#4803=CARTESIAN_POINT('Origin',(-33.7,22.,20.));
#4804=CARTESIAN_POINT('',(-32.8,28.,20.));
#4805=CARTESIAN_POINT('',(-32.8,22.,20.));
#4806=CARTESIAN_POINT('',(-33.7,28.,20.));
#4807=CARTESIAN_POINT('Origin',(-33.7,28.,21.3));
#4808=CARTESIAN_POINT('',(-32.8,28.,21.3));
#4809=CARTESIAN_POINT('Origin',(-32.8,22.,21.3));
#4810=CARTESIAN_POINT('Origin',(-33.7,-22.,22.6));
#4811=CARTESIAN_POINT('',(-32.8,-16.,22.6));
#4812=CARTESIAN_POINT('',(-33.7,-16.,22.6));
#4813=CARTESIAN_POINT('',(-32.8,-28.,22.6));
#4814=CARTESIAN_POINT('',(-32.8,-22.,22.6));
#4815=CARTESIAN_POINT('',(-33.7,-28.,22.6));
#4816=CARTESIAN_POINT('Origin',(-33.7,-28.,21.3));
#4817=CARTESIAN_POINT('',(-32.8,-28.,20.));
#4818=CARTESIAN_POINT('',(-32.8,-28.,21.3));
#4819=CARTESIAN_POINT('',(-33.7,-28.,20.));
#4820=CARTESIAN_POINT('Origin',(-33.7,-22.,20.));
#4821=CARTESIAN_POINT('',(-32.8,-16.,20.));
#4822=CARTESIAN_POINT('',(-32.8,-22.,20.));
#4823=CARTESIAN_POINT('',(-33.7,-16.,20.));
#4824=CARTESIAN_POINT('Origin',(-33.7,-16.,21.3));
#4825=CARTESIAN_POINT('',(-32.8,-16.,21.3));
#4826=CARTESIAN_POINT('Origin',(-32.8,-22.,21.3));
#4827=CARTESIAN_POINT('Origin',(35.5,26.,18.1));
#4828=CARTESIAN_POINT('',(33.8,26.,17.));
#4829=CARTESIAN_POINT('Origin',(35.5,26.,17.));
#4830=CARTESIAN_POINT('',(33.8,26.,19.));
#4831=CARTESIAN_POINT('',(33.8,26.,18.1));
#4832=CARTESIAN_POINT('Origin',(35.5,26.,19.));
#4833=CARTESIAN_POINT('Origin',(35.5,26.,17.));
#4834=CARTESIAN_POINT('Origin',(35.5,26.,21.5005));
#4835=CARTESIAN_POINT('',(33.5,26.,19.));
#4836=CARTESIAN_POINT('Origin',(35.5,26.,19.));
#4837=CARTESIAN_POINT('',(33.5,26.,24.));
#4838=CARTESIAN_POINT('',(33.5,26.,21.5005));
#4839=CARTESIAN_POINT('Origin',(35.5,26.,24.));
#4840=CARTESIAN_POINT('Origin',(35.5,26.,19.));
#4841=CARTESIAN_POINT('Origin',(35.5,-26.,18.1));
#4842=CARTESIAN_POINT('',(33.8,-26.,17.));
#4843=CARTESIAN_POINT('Origin',(35.5,-26.,17.));
#4844=CARTESIAN_POINT('',(33.8,-26.,19.));
#4845=CARTESIAN_POINT('',(33.8,-26.,18.1));
#4846=CARTESIAN_POINT('Origin',(35.5,-26.,19.));
#4847=CARTESIAN_POINT('Origin',(35.5,-26.,17.));
#4848=CARTESIAN_POINT('Origin',(35.5,-26.,21.5005));
#4849=CARTESIAN_POINT('',(33.5,-26.,19.));
#4850=CARTESIAN_POINT('Origin',(35.5,-26.,19.));
#4851=CARTESIAN_POINT('',(33.5,-26.,24.));
#4852=CARTESIAN_POINT('',(33.5,-26.,21.5005));
#4853=CARTESIAN_POINT('Origin',(35.5,-26.,24.));
#4854=CARTESIAN_POINT('Origin',(35.5,-26.,19.));
#4855=CARTESIAN_POINT('Origin',(35.5,21.5,12.));
#4856=CARTESIAN_POINT('',(37.4,21.5,24.));
#4857=CARTESIAN_POINT('',(37.4,21.5,0.));
#4858=CARTESIAN_POINT('',(37.4,21.5,7.525));
#4859=CARTESIAN_POINT('',(32.,21.5,24.));
#4860=CARTESIAN_POINT('',(35.5,21.5,24.));
#4861=CARTESIAN_POINT('',(32.,21.5,0.));
#4862=CARTESIAN_POINT('',(32.,21.5,12.));
#4863=CARTESIAN_POINT('',(19.1,21.5,0.));
#4864=CARTESIAN_POINT('Origin',(32.,26.,12.));
#4865=CARTESIAN_POINT('',(32.,30.5,24.));
#4866=CARTESIAN_POINT('',(32.,30.5,0.));
#4867=CARTESIAN_POINT('',(32.,30.5,12.));
#4868=CARTESIAN_POINT('',(32.,13.,0.));
#4869=CARTESIAN_POINT('',(32.,26.,24.));
#4870=CARTESIAN_POINT('Origin',(35.5,30.5,12.));
#4871=CARTESIAN_POINT('',(37.4,30.5,0.));
#4872=CARTESIAN_POINT('',(37.4,30.5,24.));
#4873=CARTESIAN_POINT('',(37.4,30.5,7.525));
#4874=CARTESIAN_POINT('',(19.1,30.5,0.));
#4875=CARTESIAN_POINT('',(35.5,30.5,24.));
#4876=CARTESIAN_POINT('Origin',(2.7,0.,0.));
#4877=CARTESIAN_POINT('',(37.4,32.1,0.));
#4878=CARTESIAN_POINT('',(37.4,0.,0.));
#4879=CARTESIAN_POINT('',(36.,33.5,0.));
#4880=CARTESIAN_POINT('Origin',(36.,32.1,0.));
#4881=CARTESIAN_POINT('',(-30.6,33.5,0.));
#4882=CARTESIAN_POINT('',(2.7,33.5,0.));
#4883=CARTESIAN_POINT('',(-32.,32.1,0.));
#4884=CARTESIAN_POINT('Origin',(-30.6,32.1,0.));
#4885=CARTESIAN_POINT('',(-32.,-32.1,0.));
#4886=CARTESIAN_POINT('',(-32.,0.,0.));
#4887=CARTESIAN_POINT('',(-30.6,-33.5,0.));
#4888=CARTESIAN_POINT('Origin',(-30.6,-32.1,0.));
#4889=CARTESIAN_POINT('',(36.,-33.5,0.));
#4890=CARTESIAN_POINT('',(2.7,-33.5,0.));
#4891=CARTESIAN_POINT('',(37.4,-32.1,0.));
#4892=CARTESIAN_POINT('Origin',(36.,-32.1,0.));
#4893=CARTESIAN_POINT('',(37.4,-30.5,0.));
#4894=CARTESIAN_POINT('',(37.4,0.,0.));
#4895=CARTESIAN_POINT('',(32.,-30.5,0.));
#4896=CARTESIAN_POINT('',(19.1,-30.5,0.));
#4897=CARTESIAN_POINT('',(32.,-21.5,0.));
#4898=CARTESIAN_POINT('',(32.,-13.,0.));
#4899=CARTESIAN_POINT('',(37.4,-21.5,0.));
#4900=CARTESIAN_POINT('',(19.1,-21.5,0.));
#4901=CARTESIAN_POINT('',(37.4,0.,0.));
#4902=CARTESIAN_POINT('',(31.3,28.2,0.));
#4903=CARTESIAN_POINT('',(25.7,28.2,0.));
#4904=CARTESIAN_POINT('',(15.6,28.2,0.));
#4905=CARTESIAN_POINT('',(25.7,31.8,0.));
#4906=CARTESIAN_POINT('',(25.7,15.,0.));
#4907=CARTESIAN_POINT('',(31.3,31.8,0.));
#4908=CARTESIAN_POINT('',(15.6,31.8,0.));
#4909=CARTESIAN_POINT('',(31.3,15.,0.));
#4910=CARTESIAN_POINT('',(31.3,-31.8,0.));
#4911=CARTESIAN_POINT('',(25.7,-31.8,0.));
#4912=CARTESIAN_POINT('',(15.6,-31.8,0.));
#4913=CARTESIAN_POINT('',(25.7,-28.2,0.));
#4914=CARTESIAN_POINT('',(25.7,-15.,0.));
#4915=CARTESIAN_POINT('',(31.3,-28.2,0.));
#4916=CARTESIAN_POINT('',(15.6,-28.2,0.));
#4917=CARTESIAN_POINT('',(31.3,-15.,0.));
#4918=CARTESIAN_POINT('',(-25.7,28.2,0.));
#4919=CARTESIAN_POINT('',(-31.3,28.2,0.));
#4920=CARTESIAN_POINT('',(-12.9,28.2,0.));
#4921=CARTESIAN_POINT('',(-31.3,31.8,0.));
#4922=CARTESIAN_POINT('',(-31.3,15.,0.));
#4923=CARTESIAN_POINT('',(-25.7,31.8,0.));
#4924=CARTESIAN_POINT('',(-12.9,31.8,0.));
#4925=CARTESIAN_POINT('',(-25.7,15.,0.));
#4926=CARTESIAN_POINT('',(-25.7,-31.8,0.));
#4927=CARTESIAN_POINT('',(-31.3,-31.8,0.));
#4928=CARTESIAN_POINT('',(-12.9,-31.8,0.));
#4929=CARTESIAN_POINT('',(-31.3,-28.2,0.));
#4930=CARTESIAN_POINT('',(-31.3,-15.,0.));
#4931=CARTESIAN_POINT('',(-25.7,-28.2,0.));
#4932=CARTESIAN_POINT('',(-12.9,-28.2,0.));
#4933=CARTESIAN_POINT('',(-25.7,-15.,0.));
#4934=CARTESIAN_POINT('Origin',(37.4,0.,3.05));
#4935=CARTESIAN_POINT('',(37.4,32.1,24.));
#4936=CARTESIAN_POINT('',(37.4,0.,24.));
#4937=CARTESIAN_POINT('',(37.4,32.1,15.05));
#4938=CARTESIAN_POINT('Origin',(35.5,-30.5,12.));
#4939=CARTESIAN_POINT('',(37.4,-30.5,24.));
#4940=CARTESIAN_POINT('',(37.4,-30.5,7.525));
#4941=CARTESIAN_POINT('',(32.,-30.5,24.));
#4942=CARTESIAN_POINT('',(35.5,-30.5,24.));
#4943=CARTESIAN_POINT('',(32.,-30.5,12.));
#4944=CARTESIAN_POINT('Origin',(32.,-26.,12.));
#4945=CARTESIAN_POINT('',(32.,-21.5,24.));
#4946=CARTESIAN_POINT('',(32.,-21.5,12.));
#4947=CARTESIAN_POINT('',(32.,-26.,24.));
#4948=CARTESIAN_POINT('Origin',(35.5,-21.5,12.));
#4949=CARTESIAN_POINT('',(37.4,-21.5,24.));
#4950=CARTESIAN_POINT('',(37.4,-21.5,7.525));
#4951=CARTESIAN_POINT('',(35.5,-21.5,24.));
#4952=CARTESIAN_POINT('Origin',(37.4,0.,3.05));
#4953=CARTESIAN_POINT('',(37.4,0.,24.));
#4954=CARTESIAN_POINT('Origin',(28.5,30.,3.75));
#4955=CARTESIAN_POINT('',(27.2,30.,7.5));
#4956=CARTESIAN_POINT('Origin',(28.5,30.,7.5));
#4957=CARTESIAN_POINT('',(27.2,30.,4.5));
#4958=CARTESIAN_POINT('',(27.2,30.,3.75));
#4959=CARTESIAN_POINT('Origin',(28.5,30.,4.5));
#4960=CARTESIAN_POINT('Origin',(28.5,30.,7.5));
#4961=CARTESIAN_POINT('Origin',(28.5,-30.,3.75));
#4962=CARTESIAN_POINT('',(27.2,-30.,7.5));
#4963=CARTESIAN_POINT('Origin',(28.5,-30.,7.5));
#4964=CARTESIAN_POINT('',(27.2,-30.,4.5));
#4965=CARTESIAN_POINT('',(27.2,-30.,3.75));
#4966=CARTESIAN_POINT('Origin',(28.5,-30.,4.5));
#4967=CARTESIAN_POINT('Origin',(28.5,-30.,7.5));
#4968=CARTESIAN_POINT('Origin',(-30.2,15.,6.99999999999999));
#4969=CARTESIAN_POINT('',(-30.9,8.,6.3));
#4970=CARTESIAN_POINT('',(-30.9,22.,6.3));
#4971=CARTESIAN_POINT('',(-30.9,15.,6.3));
#4972=CARTESIAN_POINT('',(-29.5,22.,7.69999999999999));
#4973=CARTESIAN_POINT('',(-30.2125,22.,6.98749999999999));
#4974=CARTESIAN_POINT('',(-29.5,8.,7.69999999999999));
#4975=CARTESIAN_POINT('',(-29.5,15.,7.69999999999999));
#4976=CARTESIAN_POINT('',(-30.2125,8.,6.98749999999999));
#4977=CARTESIAN_POINT('Origin',(-30.75,22.,7.5));
#4978=CARTESIAN_POINT('',(-32.,22.,6.3));
#4979=CARTESIAN_POINT('',(-30.75,22.,6.3));
#4980=CARTESIAN_POINT('',(-32.,22.,8.7));
#4981=CARTESIAN_POINT('',(-32.,22.,5.275));
#4982=CARTESIAN_POINT('',(-29.5,22.,8.7));
#4983=CARTESIAN_POINT('',(-30.75,22.,8.7));
#4984=CARTESIAN_POINT('',(-29.5,22.,7.5));
#4985=CARTESIAN_POINT('Origin',(-30.75,15.,6.3));
#4986=CARTESIAN_POINT('',(-32.,8.,6.3));
#4987=CARTESIAN_POINT('',(-30.75,8.,6.3));
#4988=CARTESIAN_POINT('',(-32.,7.5,6.3));
#4989=CARTESIAN_POINT('Origin',(-30.75,15.,8.7));
#4990=CARTESIAN_POINT('',(-29.5,8.,8.7));
#4991=CARTESIAN_POINT('',(-29.5,15.,8.7));
#4992=CARTESIAN_POINT('',(-32.,8.,8.7));
#4993=CARTESIAN_POINT('',(-32.,7.5,8.7));
#4994=CARTESIAN_POINT('',(-30.75,8.,8.7));
#4995=CARTESIAN_POINT('Origin',(-30.75,8.,7.5));
#4996=CARTESIAN_POINT('',(-29.5,8.,7.5));
#4997=CARTESIAN_POINT('',(-32.,8.,5.275));
#4998=CARTESIAN_POINT('Origin',(-29.5,15.,7.5));
#4999=CARTESIAN_POINT('Origin',(-30.2,-15.,6.99999999999999));
#5000=CARTESIAN_POINT('',(-30.9,-22.,6.3));
#5001=CARTESIAN_POINT('',(-30.9,-8.,6.3));
#5002=CARTESIAN_POINT('',(-30.9,-15.,6.3));
#5003=CARTESIAN_POINT('',(-29.5,-8.,7.69999999999999));
#5004=CARTESIAN_POINT('',(-30.2125,-8.,6.98749999999999));
#5005=CARTESIAN_POINT('',(-29.5,-22.,7.69999999999999));
#5006=CARTESIAN_POINT('',(-29.5,-15.,7.69999999999999));
#5007=CARTESIAN_POINT('',(-30.2125,-22.,6.98749999999999));
#5008=CARTESIAN_POINT('Origin',(-30.75,-8.,7.5));
#5009=CARTESIAN_POINT('',(-32.,-8.,6.3));
#5010=CARTESIAN_POINT('',(-30.75,-8.,6.3));
#5011=CARTESIAN_POINT('',(-32.,-8.,8.7));
#5012=CARTESIAN_POINT('',(-32.,-8.,5.275));
#5013=CARTESIAN_POINT('',(-29.5,-8.,8.7));
#5014=CARTESIAN_POINT('',(-30.75,-8.,8.7));
#5015=CARTESIAN_POINT('',(-29.5,-8.,7.5));
#5016=CARTESIAN_POINT('Origin',(-30.75,-15.,6.3));
#5017=CARTESIAN_POINT('',(-32.,-22.,6.3));
#5018=CARTESIAN_POINT('',(-30.75,-22.,6.3));
#5019=CARTESIAN_POINT('',(-32.,-7.5,6.3));
#5020=CARTESIAN_POINT('Origin',(-30.75,-15.,8.7));
#5021=CARTESIAN_POINT('',(-29.5,-22.,8.7));
#5022=CARTESIAN_POINT('',(-29.5,-15.,8.7));
#5023=CARTESIAN_POINT('',(-32.,-22.,8.7));
#5024=CARTESIAN_POINT('',(-32.,-7.5,8.7));
#5025=CARTESIAN_POINT('',(-30.75,-22.,8.7));
#5026=CARTESIAN_POINT('Origin',(-30.75,-22.,7.5));
#5027=CARTESIAN_POINT('',(-29.5,-22.,7.5));
#5028=CARTESIAN_POINT('',(-32.,-22.,5.275));
#5029=CARTESIAN_POINT('Origin',(-29.5,-15.,7.5));
#5030=CARTESIAN_POINT('Origin',(28.5,30.,4.5));
#5031=CARTESIAN_POINT('',(31.3,28.2,4.5));
#5032=CARTESIAN_POINT('',(31.3,31.8,4.5));
#5033=CARTESIAN_POINT('',(31.3,30.,4.5));
#5034=CARTESIAN_POINT('',(25.7,31.8,4.5));
#5035=CARTESIAN_POINT('',(28.5,31.8,4.5));
#5036=CARTESIAN_POINT('',(25.7,28.2,4.5));
#5037=CARTESIAN_POINT('',(25.7,30.,4.5));
#5038=CARTESIAN_POINT('',(28.5,28.2,4.5));
#5039=CARTESIAN_POINT('Origin',(28.5,28.2,2.25));
#5040=CARTESIAN_POINT('',(25.7,28.2,2.25));
#5041=CARTESIAN_POINT('',(31.3,28.2,2.25));
#5042=CARTESIAN_POINT('Origin',(25.7,30.,2.25));
#5043=CARTESIAN_POINT('',(25.7,31.8,2.25));
#5044=CARTESIAN_POINT('Origin',(28.5,31.8,2.25));
#5045=CARTESIAN_POINT('',(31.3,31.8,2.25));
#5046=CARTESIAN_POINT('Origin',(31.3,30.,2.25));
#5047=CARTESIAN_POINT('Origin',(28.5,-30.,4.5));
#5048=CARTESIAN_POINT('',(31.3,-31.8,4.5));
#5049=CARTESIAN_POINT('',(31.3,-28.2,4.5));
#5050=CARTESIAN_POINT('',(31.3,-30.,4.5));
#5051=CARTESIAN_POINT('',(25.7,-28.2,4.5));
#5052=CARTESIAN_POINT('',(28.5,-28.2,4.5));
#5053=CARTESIAN_POINT('',(25.7,-31.8,4.5));
#5054=CARTESIAN_POINT('',(25.7,-30.,4.5));
#5055=CARTESIAN_POINT('',(28.5,-31.8,4.5));
#5056=CARTESIAN_POINT('Origin',(28.5,-31.8,2.25));
#5057=CARTESIAN_POINT('',(25.7,-31.8,2.25));
#5058=CARTESIAN_POINT('',(31.3,-31.8,2.25));
#5059=CARTESIAN_POINT('Origin',(25.7,-30.,2.25));
#5060=CARTESIAN_POINT('',(25.7,-28.2,2.25));
#5061=CARTESIAN_POINT('Origin',(28.5,-28.2,2.25));
#5062=CARTESIAN_POINT('',(31.3,-28.2,2.25));
#5063=CARTESIAN_POINT('Origin',(31.3,-30.,2.25));
#5064=CARTESIAN_POINT('Origin',(-28.5,30.,4.5));
#5065=CARTESIAN_POINT('',(-25.7,28.2,4.5));
#5066=CARTESIAN_POINT('',(-25.7,31.8,4.5));
#5067=CARTESIAN_POINT('',(-25.7,30.,4.5));
#5068=CARTESIAN_POINT('',(-31.3,31.8,4.5));
#5069=CARTESIAN_POINT('',(-28.5,31.8,4.5));
#5070=CARTESIAN_POINT('',(-31.3,28.2,4.5));
#5071=CARTESIAN_POINT('',(-31.3,30.,4.5));
#5072=CARTESIAN_POINT('',(-28.5,28.2,4.5));
#5073=CARTESIAN_POINT('Origin',(-28.5,28.2,2.25));
#5074=CARTESIAN_POINT('',(-31.3,28.2,2.25));
#5075=CARTESIAN_POINT('',(-25.7,28.2,2.25));
#5076=CARTESIAN_POINT('Origin',(-31.3,30.,2.25));
#5077=CARTESIAN_POINT('',(-31.3,31.8,2.25));
#5078=CARTESIAN_POINT('Origin',(-28.5,31.8,2.25));
#5079=CARTESIAN_POINT('',(-25.7,31.8,2.25));
#5080=CARTESIAN_POINT('Origin',(-25.7,30.,2.25));
#5081=CARTESIAN_POINT('Origin',(-28.5,-30.,4.5));
#5082=CARTESIAN_POINT('',(-25.7,-31.8,4.5));
#5083=CARTESIAN_POINT('',(-25.7,-28.2,4.5));
#5084=CARTESIAN_POINT('',(-25.7,-30.,4.5));
#5085=CARTESIAN_POINT('',(-31.3,-28.2,4.5));
#5086=CARTESIAN_POINT('',(-28.5,-28.2,4.5));
#5087=CARTESIAN_POINT('',(-31.3,-31.8,4.5));
#5088=CARTESIAN_POINT('',(-31.3,-30.,4.5));
#5089=CARTESIAN_POINT('',(-28.5,-31.8,4.5));
#5090=CARTESIAN_POINT('Origin',(-28.5,-31.8,2.25));
#5091=CARTESIAN_POINT('',(-31.3,-31.8,2.25));
#5092=CARTESIAN_POINT('',(-25.7,-31.8,2.25));
#5093=CARTESIAN_POINT('Origin',(-31.3,-30.,2.25));
#5094=CARTESIAN_POINT('',(-31.3,-28.2,2.25));
#5095=CARTESIAN_POINT('Origin',(-28.5,-28.2,2.25));
#5096=CARTESIAN_POINT('',(-25.7,-28.2,2.25));
#5097=CARTESIAN_POINT('Origin',(-25.7,-30.,2.25));
#5098=CARTESIAN_POINT('Origin',(-28.,0.,15.05));
#5099=CARTESIAN_POINT('',(-28.,33.5,6.1));
#5100=CARTESIAN_POINT('',(-28.,33.5,15.05));
#5101=CARTESIAN_POINT('',(-28.,35.1,6.1));
#5102=CARTESIAN_POINT('',(-28.,0.,6.1));
#5103=CARTESIAN_POINT('',(-28.,35.1,15.05));
#5104=CARTESIAN_POINT('Origin',(-28.,0.,15.05));
#5105=CARTESIAN_POINT('',(-28.,-33.5,6.1));
#5106=CARTESIAN_POINT('',(-28.,-33.5,15.05));
#5107=CARTESIAN_POINT('',(-28.,-35.1,6.1));
#5108=CARTESIAN_POINT('',(-28.,-35.1,15.05));
#5109=CARTESIAN_POINT('',(-28.,0.,6.1));
#5110=CARTESIAN_POINT('Origin',(2.7,0.,24.));
#5111=CARTESIAN_POINT('',(37.4,-32.1,24.));
#5112=CARTESIAN_POINT('',(37.4,0.,24.));
#5113=CARTESIAN_POINT('',(36.,-33.5,24.));
#5114=CARTESIAN_POINT('Origin',(36.,-32.1,24.));
#5115=CARTESIAN_POINT('',(33.4,-33.5,24.));
#5116=CARTESIAN_POINT('',(2.7,-33.5,24.));
#5117=CARTESIAN_POINT('',(33.4,-35.1,24.));
#5118=CARTESIAN_POINT('',(33.4,0.,24.));
#5119=CARTESIAN_POINT('',(36.,-35.1,24.));
#5120=CARTESIAN_POINT('',(2.7,-35.1,24.));
#5121=CARTESIAN_POINT('',(39.,-32.1,24.));
#5122=CARTESIAN_POINT('Origin',(36.,-32.1,24.));
#5123=CARTESIAN_POINT('',(39.,32.1,24.));
#5124=CARTESIAN_POINT('',(39.,0.,24.));
#5125=CARTESIAN_POINT('',(36.,35.1,24.));
#5126=CARTESIAN_POINT('Origin',(36.,32.1,24.));
#5127=CARTESIAN_POINT('',(33.4,35.1,24.));
#5128=CARTESIAN_POINT('',(2.7,35.1,24.));
#5129=CARTESIAN_POINT('',(33.4,33.5,24.));
#5130=CARTESIAN_POINT('',(33.4,0.,24.));
#5131=CARTESIAN_POINT('',(36.,33.5,24.));
#5132=CARTESIAN_POINT('',(2.7,33.5,24.));
#5133=CARTESIAN_POINT('Origin',(36.,32.1,24.));
#5134=CARTESIAN_POINT('Origin',(33.4,0.,15.05));
#5135=CARTESIAN_POINT('',(33.4,-33.5,6.1));
#5136=CARTESIAN_POINT('',(33.4,-33.5,15.05));
#5137=CARTESIAN_POINT('',(33.4,-35.1,6.1));
#5138=CARTESIAN_POINT('',(33.4,0.,6.1));
#5139=CARTESIAN_POINT('',(33.4,-35.1,15.05));
#5140=CARTESIAN_POINT('Origin',(33.4,0.,15.05));
#5141=CARTESIAN_POINT('',(33.4,33.5,6.1));
#5142=CARTESIAN_POINT('',(33.4,33.5,15.05));
#5143=CARTESIAN_POINT('',(33.4,35.1,6.1));
#5144=CARTESIAN_POINT('',(33.4,35.1,15.05));
#5145=CARTESIAN_POINT('',(33.4,0.,6.1));
#5146=CARTESIAN_POINT('Origin',(2.7,0.,6.1));
#5147=CARTESIAN_POINT('',(2.7,-35.1,6.1));
#5148=CARTESIAN_POINT('',(2.7,-33.5,6.1));
#5149=CARTESIAN_POINT('Origin',(36.,32.1,3.05));
#5150=CARTESIAN_POINT('',(36.,33.5,3.05));
#5151=CARTESIAN_POINT('Origin',(37.4,0.,3.05));
#5152=CARTESIAN_POINT('',(37.4,-32.1,3.05));
#5153=CARTESIAN_POINT('Origin',(36.,-32.1,3.05));
#5154=CARTESIAN_POINT('',(36.,-33.5,15.05));
#5155=CARTESIAN_POINT('Origin',(2.7,-33.5,3.05));
#5156=CARTESIAN_POINT('',(-30.6,-33.5,3.05));
#5157=CARTESIAN_POINT('Origin',(-30.6,32.1,3.05));
#5158=CARTESIAN_POINT('',(-32.,32.1,3.05));
#5159=CARTESIAN_POINT('',(-30.6,33.5,15.05));
#5160=CARTESIAN_POINT('Origin',(-30.6,-32.1,3.05));
#5161=CARTESIAN_POINT('',(-32.,-32.1,15.05));
#5162=CARTESIAN_POINT('Origin',(-32.,0.,3.05));
#5163=CARTESIAN_POINT('Origin',(2.7,33.5,3.05));
#5164=CARTESIAN_POINT('',(2.7,33.5,6.1));
#5165=CARTESIAN_POINT('Origin',(2.7,0.,6.1));
#5166=CARTESIAN_POINT('',(2.7,35.1,6.1));
#5167=CARTESIAN_POINT('Origin',(36.,32.1,-0.8));
#5168=CARTESIAN_POINT('',(39.,32.1,-1.6));
#5169=CARTESIAN_POINT('',(39.,32.1,15.05));
#5170=CARTESIAN_POINT('',(36.,35.1,-1.6));
#5171=CARTESIAN_POINT('Origin',(36.,32.1,-1.6));
#5172=CARTESIAN_POINT('',(36.,35.1,-0.8));
#5173=CARTESIAN_POINT('Origin',(36.,-32.1,-0.8));
#5174=CARTESIAN_POINT('',(36.,-35.1,-1.6));
#5175=CARTESIAN_POINT('',(36.,-35.1,-0.8));
#5176=CARTESIAN_POINT('',(39.,-32.1,-1.6));
#5177=CARTESIAN_POINT('Origin',(36.,-32.1,-1.6));
#5178=CARTESIAN_POINT('',(39.,-32.1,-0.8));
#5179=CARTESIAN_POINT('Origin',(-30.6,32.1,-0.8));
#5180=CARTESIAN_POINT('',(-30.6,35.1,-1.6));
#5181=CARTESIAN_POINT('',(-30.6,35.1,15.05));
#5182=CARTESIAN_POINT('Origin',(-30.6,32.1,-1.6));
#5183=CARTESIAN_POINT('Origin',(2.7,0.,-1.6));
#5184=CARTESIAN_POINT('',(39.,0.,-1.6));
#5185=CARTESIAN_POINT('',(-30.6,-35.1,-1.6));
#5186=CARTESIAN_POINT('',(2.7,-35.1,-1.6));
#5187=CARTESIAN_POINT('Origin',(-30.6,-32.1,-1.6));
#5188=CARTESIAN_POINT('',(2.7,35.1,-1.6));
#5189=CARTESIAN_POINT('Origin',(-30.6,-32.1,-0.8));
#5190=CARTESIAN_POINT('',(-30.6,-35.1,-0.8));
#5191=CARTESIAN_POINT('Origin',(39.,0.,-0.8));
#5192=CARTESIAN_POINT('Origin',(2.7,-35.1,-0.8));
#5193=CARTESIAN_POINT('Origin',(2.7,35.1,-0.8));
#5194=CARTESIAN_POINT('',(0.,0.,0.));
#5195=CARTESIAN_POINT('Origin',(-15.,10.,24.8));
#5196=CARTESIAN_POINT('',(-8.,10.,24.));
#5197=CARTESIAN_POINT('',(-22.,10.,24.));
#5198=CARTESIAN_POINT('',(-6.15,10.,24.));
#5199=CARTESIAN_POINT('',(-8.,10.,25.6));
#5200=CARTESIAN_POINT('',(-8.,10.,24.8));
#5201=CARTESIAN_POINT('',(-22.,10.,25.6));
#5202=CARTESIAN_POINT('',(-6.15,10.,25.6));
#5203=CARTESIAN_POINT('',(-22.,10.,24.8));
#5204=CARTESIAN_POINT('Origin',(-22.,9.,24.8));
#5205=CARTESIAN_POINT('',(-22.,8.,24.));
#5206=CARTESIAN_POINT('',(-22.,4.5,24.));
#5207=CARTESIAN_POINT('',(-22.,8.,25.6));
#5208=CARTESIAN_POINT('',(-22.,4.5,25.6));
#5209=CARTESIAN_POINT('',(-22.,8.,24.8));
#5210=CARTESIAN_POINT('Origin',(-15.,8.,24.8));
#5211=CARTESIAN_POINT('',(-8.,8.,24.));
#5212=CARTESIAN_POINT('',(-6.15,8.,24.));
#5213=CARTESIAN_POINT('',(-8.,8.,25.6));
#5214=CARTESIAN_POINT('',(-6.15,8.,25.6));
#5215=CARTESIAN_POINT('',(-8.,8.,24.8));
#5216=CARTESIAN_POINT('Origin',(-8.,9.,24.8));
#5217=CARTESIAN_POINT('',(-8.,4.5,24.));
#5218=CARTESIAN_POINT('',(-8.,4.5,25.6));
#5219=CARTESIAN_POINT('Origin',(-15.,5.5,24.8));
#5220=CARTESIAN_POINT('',(-8.,5.5,24.));
#5221=CARTESIAN_POINT('',(-22.,5.5,24.));
#5222=CARTESIAN_POINT('',(-6.15,5.5,24.));
#5223=CARTESIAN_POINT('',(-8.,5.5,25.6));
#5224=CARTESIAN_POINT('',(-8.,5.5,24.8));
#5225=CARTESIAN_POINT('',(-22.,5.5,25.6));
#5226=CARTESIAN_POINT('',(-6.15,5.5,25.6));
#5227=CARTESIAN_POINT('',(-22.,5.5,24.8));
#5228=CARTESIAN_POINT('Origin',(-22.,4.5,24.8));
#5229=CARTESIAN_POINT('',(-22.,3.5,24.));
#5230=CARTESIAN_POINT('',(-22.,2.25,24.));
#5231=CARTESIAN_POINT('',(-22.,3.5,25.6));
#5232=CARTESIAN_POINT('',(-22.,2.25,25.6));
#5233=CARTESIAN_POINT('',(-22.,3.5,24.8));
#5234=CARTESIAN_POINT('Origin',(-15.,3.5,24.8));
#5235=CARTESIAN_POINT('',(-8.,3.5,24.));
#5236=CARTESIAN_POINT('',(-6.15,3.5,24.));
#5237=CARTESIAN_POINT('',(-8.,3.5,25.6));
#5238=CARTESIAN_POINT('',(-6.15,3.5,25.6));
#5239=CARTESIAN_POINT('',(-8.,3.5,24.8));
#5240=CARTESIAN_POINT('Origin',(-8.,4.5,24.8));
#5241=CARTESIAN_POINT('',(-8.,2.25,24.));
#5242=CARTESIAN_POINT('',(-8.,2.25,25.6));
#5243=CARTESIAN_POINT('Origin',(-15.,1.,24.8));
#5244=CARTESIAN_POINT('',(-8.,1.,24.));
#5245=CARTESIAN_POINT('',(-22.,1.,24.));
#5246=CARTESIAN_POINT('',(-6.15,1.,24.));
#5247=CARTESIAN_POINT('',(-8.,1.,25.6));
#5248=CARTESIAN_POINT('',(-8.,1.,24.8));
#5249=CARTESIAN_POINT('',(-22.,1.,25.6));
#5250=CARTESIAN_POINT('',(-6.15,1.,25.6));
#5251=CARTESIAN_POINT('',(-22.,1.,24.8));
#5252=CARTESIAN_POINT('Origin',(-22.,0.,24.8));
#5253=CARTESIAN_POINT('',(-22.,-1.,24.));
#5254=CARTESIAN_POINT('',(-22.,0.,24.));
#5255=CARTESIAN_POINT('',(-22.,-1.,25.6));
#5256=CARTESIAN_POINT('',(-22.,0.,25.6));
#5257=CARTESIAN_POINT('',(-22.,-1.,24.8));
#5258=CARTESIAN_POINT('Origin',(-15.,-1.,24.8));
#5259=CARTESIAN_POINT('',(-8.,-1.,24.));
#5260=CARTESIAN_POINT('',(-6.15,-1.,24.));
#5261=CARTESIAN_POINT('',(-8.,-1.,25.6));
#5262=CARTESIAN_POINT('',(-6.15,-1.,25.6));
#5263=CARTESIAN_POINT('',(-8.,-1.,24.8));
#5264=CARTESIAN_POINT('Origin',(-8.,0.,24.8));
#5265=CARTESIAN_POINT('',(-8.,0.,24.));
#5266=CARTESIAN_POINT('',(-8.,0.,25.6));
#5267=CARTESIAN_POINT('Origin',(-15.,-3.5,24.8));
#5268=CARTESIAN_POINT('',(-8.,-3.5,24.));
#5269=CARTESIAN_POINT('',(-22.,-3.5,24.));
#5270=CARTESIAN_POINT('',(-6.15,-3.5,24.));
#5271=CARTESIAN_POINT('',(-8.,-3.5,25.6));
#5272=CARTESIAN_POINT('',(-8.,-3.5,24.8));
#5273=CARTESIAN_POINT('',(-22.,-3.5,25.6));
#5274=CARTESIAN_POINT('',(-6.15,-3.5,25.6));
#5275=CARTESIAN_POINT('',(-22.,-3.5,24.8));
#5276=CARTESIAN_POINT('Origin',(-22.,-4.5,24.8));
#5277=CARTESIAN_POINT('',(-22.,-5.5,24.));
#5278=CARTESIAN_POINT('',(-22.,-2.25,24.));
#5279=CARTESIAN_POINT('',(-22.,-5.5,25.6));
#5280=CARTESIAN_POINT('',(-22.,-2.25,25.6));
#5281=CARTESIAN_POINT('',(-22.,-5.5,24.8));
#5282=CARTESIAN_POINT('Origin',(-15.,-5.5,24.8));
#5283=CARTESIAN_POINT('',(-8.,-5.5,24.));
#5284=CARTESIAN_POINT('',(-6.15,-5.5,24.));
#5285=CARTESIAN_POINT('',(-8.,-5.5,25.6));
#5286=CARTESIAN_POINT('',(-6.15,-5.5,25.6));
#5287=CARTESIAN_POINT('',(-8.,-5.5,24.8));
#5288=CARTESIAN_POINT('Origin',(-8.,-4.5,24.8));
#5289=CARTESIAN_POINT('',(-8.,-2.25,24.));
#5290=CARTESIAN_POINT('',(-8.,-2.25,25.6));
#5291=CARTESIAN_POINT('Origin',(-15.,-8.,24.8));
#5292=CARTESIAN_POINT('',(-8.,-8.,24.));
#5293=CARTESIAN_POINT('',(-22.,-8.,24.));
#5294=CARTESIAN_POINT('',(-6.15,-8.,24.));
#5295=CARTESIAN_POINT('',(-8.,-8.,25.6));
#5296=CARTESIAN_POINT('',(-8.,-8.,24.8));
#5297=CARTESIAN_POINT('',(-22.,-8.,25.6));
#5298=CARTESIAN_POINT('',(-6.15,-8.,25.6));
#5299=CARTESIAN_POINT('',(-22.,-8.,24.8));
#5300=CARTESIAN_POINT('Origin',(-22.,-9.,24.8));
#5301=CARTESIAN_POINT('',(-22.,-10.,24.));
#5302=CARTESIAN_POINT('',(-22.,-4.5,24.));
#5303=CARTESIAN_POINT('',(-22.,-10.,25.6));
#5304=CARTESIAN_POINT('',(-22.,-4.5,25.6));
#5305=CARTESIAN_POINT('',(-22.,-10.,24.8));
#5306=CARTESIAN_POINT('Origin',(-15.,-10.,24.8));
#5307=CARTESIAN_POINT('',(-8.,-10.,24.));
#5308=CARTESIAN_POINT('',(-6.15,-10.,24.));
#5309=CARTESIAN_POINT('',(-8.,-10.,25.6));
#5310=CARTESIAN_POINT('',(-6.15,-10.,25.6));
#5311=CARTESIAN_POINT('',(-8.,-10.,24.8));
#5312=CARTESIAN_POINT('Origin',(-8.,-9.,24.8));
#5313=CARTESIAN_POINT('',(-8.,-4.5,24.));
#5314=CARTESIAN_POINT('',(-8.,-4.5,25.6));
#5315=CARTESIAN_POINT('Origin',(-34.95,-8.,21.5));
#5316=CARTESIAN_POINT('',(-35.05,-8.,25.));
#5317=CARTESIAN_POINT('',(-35.05,-8.,20.));
#5318=CARTESIAN_POINT('',(-35.05,-8.,23.15));
#5319=CARTESIAN_POINT('',(-32.85,-8.,25.));
#5320=CARTESIAN_POINT('',(-34.95,-8.,25.));
#5321=CARTESIAN_POINT('',(-32.85,-8.,24.));
#5322=CARTESIAN_POINT('',(-32.85,-8.,21.5));
#5323=CARTESIAN_POINT('',(-33.85,-8.,24.));
#5324=CARTESIAN_POINT('',(-16.125,-8.,24.));
#5325=CARTESIAN_POINT('',(-33.85,-8.,20.));
#5326=CARTESIAN_POINT('',(-33.85,-8.,21.75));
#5327=CARTESIAN_POINT('',(-16.125,-8.,20.));
#5328=CARTESIAN_POINT('Origin',(-32.85,0.,21.5));
#5329=CARTESIAN_POINT('',(-32.85,8.,24.));
#5330=CARTESIAN_POINT('',(-32.85,0.,24.));
#5331=CARTESIAN_POINT('',(-32.85,8.,25.));
#5332=CARTESIAN_POINT('',(-32.85,0.,25.));
#5333=CARTESIAN_POINT('',(-32.85,8.,21.5));
#5334=CARTESIAN_POINT('Origin',(-34.95,0.,25.));
#5335=CARTESIAN_POINT('',(-35.05,8.,25.));
#5336=CARTESIAN_POINT('',(-35.05,0.,25.));
#5337=CARTESIAN_POINT('',(-34.95,8.,25.));
#5338=CARTESIAN_POINT('Origin',(-34.95,8.,21.5));
#5339=CARTESIAN_POINT('',(-35.05,8.,20.));
#5340=CARTESIAN_POINT('',(-35.05,8.,23.15));
#5341=CARTESIAN_POINT('',(-33.85,8.,20.));
#5342=CARTESIAN_POINT('',(-16.125,8.,20.));
#5343=CARTESIAN_POINT('',(-33.85,8.,24.));
#5344=CARTESIAN_POINT('',(-33.85,8.,21.75));
#5345=CARTESIAN_POINT('',(-16.125,8.,24.));
#5346=CARTESIAN_POINT('Origin',(2.7,0.,24.));
#5347=CARTESIAN_POINT('',(-33.85,32.1,24.));
#5348=CARTESIAN_POINT('',(-33.85,0.,24.));
#5349=CARTESIAN_POINT('',(-30.6,35.35,24.));
#5350=CARTESIAN_POINT('Origin',(-30.6,32.1,24.));
#5351=CARTESIAN_POINT('',(-28.,35.35,24.));
#5352=CARTESIAN_POINT('',(2.7,35.35,24.));
#5353=CARTESIAN_POINT('',(-28.,36.55,24.));
#5354=CARTESIAN_POINT('',(-28.,0.,24.));
#5355=CARTESIAN_POINT('',(33.4,36.55,24.));
#5356=CARTESIAN_POINT('',(2.7,36.55,24.));
#5357=CARTESIAN_POINT('',(33.4,35.35,24.));
#5358=CARTESIAN_POINT('',(33.4,0.,24.));
#5359=CARTESIAN_POINT('',(36.,35.35,24.));
#5360=CARTESIAN_POINT('',(2.7,35.35,24.));
#5361=CARTESIAN_POINT('',(39.25,32.1,24.));
#5362=CARTESIAN_POINT('Origin',(36.,32.1,24.));
#5363=CARTESIAN_POINT('',(39.25,-32.1,24.));
#5364=CARTESIAN_POINT('',(39.25,0.,24.));
#5365=CARTESIAN_POINT('',(36.,-35.35,24.));
#5366=CARTESIAN_POINT('Origin',(36.,-32.1,24.));
#5367=CARTESIAN_POINT('',(33.4,-35.35,24.));
#5368=CARTESIAN_POINT('',(2.7,-35.35,24.));
#5369=CARTESIAN_POINT('',(33.4,-36.55,24.));
#5370=CARTESIAN_POINT('',(33.4,0.,24.));
#5371=CARTESIAN_POINT('',(-28.,-36.55,24.));
#5372=CARTESIAN_POINT('',(2.7,-36.55,24.));
#5373=CARTESIAN_POINT('',(-28.,-35.35,24.));
#5374=CARTESIAN_POINT('',(-28.,0.,24.));
#5375=CARTESIAN_POINT('',(-30.6,-35.35,24.));
#5376=CARTESIAN_POINT('',(2.7,-35.35,24.));
#5377=CARTESIAN_POINT('',(-33.85,-32.1,24.));
#5378=CARTESIAN_POINT('Origin',(-30.6,-32.1,24.));
#5379=CARTESIAN_POINT('',(-33.85,0.,24.));
#5380=CARTESIAN_POINT('',(33.8,-26.,24.));
#5381=CARTESIAN_POINT('Origin',(35.5,-26.,24.));
#5382=CARTESIAN_POINT('',(33.8,26.,24.));
#5383=CARTESIAN_POINT('Origin',(35.5,26.,24.));
#5384=CARTESIAN_POINT('Origin',(2.7,0.,20.));
#5385=CARTESIAN_POINT('',(-35.05,32.1,20.));
#5386=CARTESIAN_POINT('',(-35.05,0.,20.));
#5387=CARTESIAN_POINT('',(-30.6,36.55,20.));
#5388=CARTESIAN_POINT('Origin',(-30.6,32.1,20.));
#5389=CARTESIAN_POINT('',(-28.,36.55,20.));
#5390=CARTESIAN_POINT('',(2.7,36.55,20.));
#5391=CARTESIAN_POINT('',(-28.,35.35,20.));
#5392=CARTESIAN_POINT('',(-28.,0.,20.));
#5393=CARTESIAN_POINT('',(-30.6,35.35,20.));
#5394=CARTESIAN_POINT('',(2.7,35.35,20.));
#5395=CARTESIAN_POINT('',(-33.85,32.1,20.));
#5396=CARTESIAN_POINT('Origin',(-30.6,32.1,20.));
#5397=CARTESIAN_POINT('',(-33.85,0.,20.));
#5398=CARTESIAN_POINT('Origin',(2.7,0.,20.));
#5399=CARTESIAN_POINT('',(-33.85,-32.1,20.));
#5400=CARTESIAN_POINT('',(-33.85,0.,20.));
#5401=CARTESIAN_POINT('',(-30.6,-35.35,20.));
#5402=CARTESIAN_POINT('Origin',(-30.6,-32.1,20.));
#5403=CARTESIAN_POINT('',(-28.,-35.35,20.));
#5404=CARTESIAN_POINT('',(2.7,-35.35,20.));
#5405=CARTESIAN_POINT('',(-28.,-36.55,20.));
#5406=CARTESIAN_POINT('',(-28.,0.,20.));
#5407=CARTESIAN_POINT('',(-30.6,-36.55,20.));
#5408=CARTESIAN_POINT('',(2.7,-36.55,20.));
#5409=CARTESIAN_POINT('',(-35.05,-32.1,20.));
#5410=CARTESIAN_POINT('Origin',(-30.6,-32.1,20.));
#5411=CARTESIAN_POINT('',(-35.05,0.,20.));
#5412=CARTESIAN_POINT('Origin',(-33.85,0.,22.));
#5413=CARTESIAN_POINT('',(-33.85,32.1,22.));
#5414=CARTESIAN_POINT('',(-33.85,27.5,20.4));
#5415=CARTESIAN_POINT('',(-33.85,16.5,20.4));
#5416=CARTESIAN_POINT('',(-33.85,11.,20.4));
#5417=CARTESIAN_POINT('',(-33.85,16.5,22.2));
#5418=CARTESIAN_POINT('',(-33.85,16.5,21.65));
#5419=CARTESIAN_POINT('',(-33.85,27.5,22.2));
#5420=CARTESIAN_POINT('',(-33.85,11.,22.2));
#5421=CARTESIAN_POINT('',(-33.85,27.5,21.65));
#5422=CARTESIAN_POINT('Origin',(-33.85,0.,22.));
#5423=CARTESIAN_POINT('',(-33.85,-32.1,22.));
#5424=CARTESIAN_POINT('',(-33.85,-16.5,20.4));
#5425=CARTESIAN_POINT('',(-33.85,-27.5,20.4));
#5426=CARTESIAN_POINT('',(-33.85,-11.,20.4));
#5427=CARTESIAN_POINT('',(-33.85,-27.5,22.2));
#5428=CARTESIAN_POINT('',(-33.85,-27.5,21.65));
#5429=CARTESIAN_POINT('',(-33.85,-16.5,22.2));
#5430=CARTESIAN_POINT('',(-33.85,-11.,22.2));
#5431=CARTESIAN_POINT('',(-33.85,-16.5,21.65));
#5432=CARTESIAN_POINT('Origin',(35.5,26.,24.8));
#5433=CARTESIAN_POINT('',(33.8,26.,25.6));
#5434=CARTESIAN_POINT('',(33.8,26.,24.8));
#5435=CARTESIAN_POINT('Origin',(35.5,26.,25.6));
#5436=CARTESIAN_POINT('Origin',(35.5,-26.,24.8));
#5437=CARTESIAN_POINT('',(33.8,-26.,25.6));
#5438=CARTESIAN_POINT('',(33.8,-26.,24.8));
#5439=CARTESIAN_POINT('Origin',(35.5,-26.,25.6));
#5440=CARTESIAN_POINT('Origin',(-33.425,22.,22.2));
#5441=CARTESIAN_POINT('',(-33.,16.5,22.2));
#5442=CARTESIAN_POINT('',(-33.,27.5,22.2));
#5443=CARTESIAN_POINT('',(-33.,22.,22.2));
#5444=CARTESIAN_POINT('',(-33.425,27.5,22.2));
#5445=CARTESIAN_POINT('',(-33.425,16.5,22.2));
#5446=CARTESIAN_POINT('Origin',(-33.425,22.,20.4));
#5447=CARTESIAN_POINT('',(-33.,27.5,20.4));
#5448=CARTESIAN_POINT('',(-33.,16.5,20.4));
#5449=CARTESIAN_POINT('',(-33.,22.,20.4));
#5450=CARTESIAN_POINT('',(-33.425,16.5,20.4));
#5451=CARTESIAN_POINT('',(-33.425,27.5,20.4));
#5452=CARTESIAN_POINT('Origin',(-33.425,16.5,21.3));
#5453=CARTESIAN_POINT('',(-33.,16.5,21.3));
#5454=CARTESIAN_POINT('Origin',(-33.425,27.5,21.3));
#5455=CARTESIAN_POINT('',(-33.,27.5,21.3));
#5456=CARTESIAN_POINT('Origin',(-33.,22.,21.3));
#5457=CARTESIAN_POINT('Origin',(-33.425,-22.,22.2));
#5458=CARTESIAN_POINT('',(-33.,-27.5,22.2));
#5459=CARTESIAN_POINT('',(-33.,-16.5,22.2));
#5460=CARTESIAN_POINT('',(-33.,-22.,22.2));
#5461=CARTESIAN_POINT('',(-33.425,-16.5,22.2));
#5462=CARTESIAN_POINT('',(-33.425,-27.5,22.2));
#5463=CARTESIAN_POINT('Origin',(-33.425,-22.,20.4));
#5464=CARTESIAN_POINT('',(-33.,-16.5,20.4));
#5465=CARTESIAN_POINT('',(-33.,-27.5,20.4));
#5466=CARTESIAN_POINT('',(-33.,-22.,20.4));
#5467=CARTESIAN_POINT('',(-33.425,-27.5,20.4));
#5468=CARTESIAN_POINT('',(-33.425,-16.5,20.4));
#5469=CARTESIAN_POINT('Origin',(-33.425,-27.5,21.3));
#5470=CARTESIAN_POINT('',(-33.,-27.5,21.3));
#5471=CARTESIAN_POINT('Origin',(-33.425,-16.5,21.3));
#5472=CARTESIAN_POINT('',(-33.,-16.5,21.3));
#5473=CARTESIAN_POINT('Origin',(-33.,-22.,21.3));
#5474=CARTESIAN_POINT('Origin',(-28.,0.,22.));
#5475=CARTESIAN_POINT('',(-28.,35.35,22.));
#5476=CARTESIAN_POINT('',(-28.,36.55,22.));
#5477=CARTESIAN_POINT('Origin',(-28.,0.,22.));
#5478=CARTESIAN_POINT('',(-28.,-35.35,22.));
#5479=CARTESIAN_POINT('',(-28.,-36.55,22.));
#5480=CARTESIAN_POINT('Origin',(2.7,-35.35,22.));
#5481=CARTESIAN_POINT('',(-30.6,-35.35,22.));
#5482=CARTESIAN_POINT('Origin',(2.7,35.35,22.));
#5483=CARTESIAN_POINT('',(-30.6,35.35,22.));
#5484=CARTESIAN_POINT('Origin',(-30.6,32.1,22.));
#5485=CARTESIAN_POINT('Origin',(-30.6,-32.1,22.));
#5486=CARTESIAN_POINT('Origin',(36.,-32.1,22.));
#5487=CARTESIAN_POINT('',(39.25,-32.1,20.));
#5488=CARTESIAN_POINT('',(39.25,-32.1,22.));
#5489=CARTESIAN_POINT('',(36.,-35.35,20.));
#5490=CARTESIAN_POINT('Origin',(36.,-32.1,20.));
#5491=CARTESIAN_POINT('',(36.,-35.35,22.));
#5492=CARTESIAN_POINT('Origin',(39.25,0.,22.));
#5493=CARTESIAN_POINT('',(39.25,32.1,20.));
#5494=CARTESIAN_POINT('',(39.25,32.1,22.));
#5495=CARTESIAN_POINT('',(39.25,0.,20.));
#5496=CARTESIAN_POINT('Origin',(36.,32.1,22.));
#5497=CARTESIAN_POINT('',(36.,35.35,20.));
#5498=CARTESIAN_POINT('',(36.,35.35,22.));
#5499=CARTESIAN_POINT('Origin',(36.,32.1,20.));
#5500=CARTESIAN_POINT('Origin',(2.7,35.35,22.));
#5501=CARTESIAN_POINT('',(33.4,35.35,20.));
#5502=CARTESIAN_POINT('',(33.4,35.35,22.));
#5503=CARTESIAN_POINT('',(2.7,35.35,20.));
#5504=CARTESIAN_POINT('Origin',(2.7,0.,20.));
#5505=CARTESIAN_POINT('',(33.4,-35.35,20.));
#5506=CARTESIAN_POINT('',(33.4,-36.55,20.));
#5507=CARTESIAN_POINT('',(33.4,0.,20.));
#5508=CARTESIAN_POINT('',(2.7,-35.35,20.));
#5509=CARTESIAN_POINT('',(33.4,36.55,20.));
#5510=CARTESIAN_POINT('',(33.4,0.,20.));
#5511=CARTESIAN_POINT('',(36.,36.55,20.));
#5512=CARTESIAN_POINT('',(2.7,36.55,20.));
#5513=CARTESIAN_POINT('',(40.45,32.1,20.));
#5514=CARTESIAN_POINT('Origin',(36.,32.1,20.));
#5515=CARTESIAN_POINT('',(40.45,-32.1,20.));
#5516=CARTESIAN_POINT('',(40.45,0.,20.));
#5517=CARTESIAN_POINT('',(36.,-36.55,20.));
#5518=CARTESIAN_POINT('Origin',(36.,-32.1,20.));
#5519=CARTESIAN_POINT('',(2.7,-36.55,20.));
#5520=CARTESIAN_POINT('Origin',(2.7,-35.35,22.));
#5521=CARTESIAN_POINT('',(33.4,-35.35,22.));
#5522=CARTESIAN_POINT('Origin',(33.4,0.,22.));
#5523=CARTESIAN_POINT('',(33.4,-36.55,22.));
#5524=CARTESIAN_POINT('Origin',(33.4,0.,22.));
#5525=CARTESIAN_POINT('',(33.4,36.55,22.));
#5526=CARTESIAN_POINT('Origin',(36.,32.1,24.8));
#5527=CARTESIAN_POINT('',(40.45,32.1,25.6));
#5528=CARTESIAN_POINT('',(40.45,32.1,24.8));
#5529=CARTESIAN_POINT('',(36.,36.55,25.6));
#5530=CARTESIAN_POINT('',(36.,36.55,24.8));
#5531=CARTESIAN_POINT('Origin',(36.,32.1,25.6));
#5532=CARTESIAN_POINT('Origin',(2.7,0.,25.6));
#5533=CARTESIAN_POINT('',(-30.6,36.55,25.6));
#5534=CARTESIAN_POINT('',(2.7,36.55,25.6));
#5535=CARTESIAN_POINT('',(-35.05,32.1,25.6));
#5536=CARTESIAN_POINT('Origin',(-30.6,32.1,25.6));
#5537=CARTESIAN_POINT('',(-35.05,-32.1,25.6));
#5538=CARTESIAN_POINT('',(-35.05,0.,25.6));
#5539=CARTESIAN_POINT('',(-30.6,-36.55,25.6));
#5540=CARTESIAN_POINT('Origin',(-30.6,-32.1,25.6));
#5541=CARTESIAN_POINT('',(36.,-36.55,25.6));
#5542=CARTESIAN_POINT('',(2.7,-36.55,25.6));
#5543=CARTESIAN_POINT('',(40.45,-32.1,25.6));
#5544=CARTESIAN_POINT('Origin',(36.,-32.1,25.6));
#5545=CARTESIAN_POINT('',(40.45,0.,25.6));
#5546=CARTESIAN_POINT('Origin',(36.,-32.1,24.8));
#5547=CARTESIAN_POINT('',(36.,-36.55,24.8));
#5548=CARTESIAN_POINT('',(40.45,-32.1,24.8));
#5549=CARTESIAN_POINT('Origin',(-30.6,32.1,24.8));
#5550=CARTESIAN_POINT('',(-35.05,32.1,24.8));
#5551=CARTESIAN_POINT('',(-30.6,36.55,24.8));
#5552=CARTESIAN_POINT('Origin',(-30.6,-32.1,24.8));
#5553=CARTESIAN_POINT('',(-30.6,-36.55,24.8));
#5554=CARTESIAN_POINT('',(-35.05,-32.1,24.8));
#5555=CARTESIAN_POINT('Origin',(-35.05,0.,24.8));
#5556=CARTESIAN_POINT('Origin',(40.45,0.,24.8));
#5557=CARTESIAN_POINT('Origin',(2.7,-36.55,24.8));
#5558=CARTESIAN_POINT('Origin',(2.7,36.55,24.8));
#5559=CARTESIAN_POINT('',(0.,0.,0.));
#5560=CARTESIAN_POINT('Origin',(-2.21,-3.82783228472722,0.65));
#5561=CARTESIAN_POINT('',(-1.90804573970684,-4.67566695297971,1.));
#5562=CARTESIAN_POINT('',(-1.90804573970684,-4.67566695297971,0.3));
#5563=CARTESIAN_POINT('',(-1.90804573970684,-4.67566695297971,0.65));
#5564=CARTESIAN_POINT('',(-3.09522349106239,-3.99024955865865,1.));
#5565=CARTESIAN_POINT('Origin',(-2.21,-3.82783228472722,1.));
#5566=CARTESIAN_POINT('',(-3.09522349106239,-3.99024955865865,0.3));
#5567=CARTESIAN_POINT('',(-3.09522349106239,-3.99024955865865,0.65));
#5568=CARTESIAN_POINT('Origin',(-2.21,-3.82783228472722,0.3));
#5569=CARTESIAN_POINT('Origin',(-2.21,-3.82783228472722,0.3));
#5570=CARTESIAN_POINT('Origin',(0.,0.,0.3));
#5571=CARTESIAN_POINT('Origin',(0.,0.,0.5));
#5572=CARTESIAN_POINT('',(-5.05,-6.18446633569413E-16,1.));
#5573=CARTESIAN_POINT('Origin',(0.,0.,1.));
#5574=CARTESIAN_POINT('',(-5.05,-6.18446633569413E-16,0.));
#5575=CARTESIAN_POINT('',(-5.05,-6.18446633569413E-16,0.5));
#5576=CARTESIAN_POINT('Origin',(0.,0.,0.));
#5577=CARTESIAN_POINT('',(-3.09522349106239,3.99024955865865,1.));
#5578=CARTESIAN_POINT('Origin',(0.,0.,1.));
#5579=CARTESIAN_POINT('',(-3.09522349106239,3.99024955865865,0.3));
#5580=CARTESIAN_POINT('',(-3.09522349106239,3.99024955865865,0.65));
#5581=CARTESIAN_POINT('',(-1.90804573970684,4.67566695297971,0.3));
#5582=CARTESIAN_POINT('Origin',(0.,0.,0.3));
#5583=CARTESIAN_POINT('',(-1.90804573970684,4.67566695297971,1.));
#5584=CARTESIAN_POINT('',(-1.90804573970684,4.67566695297971,0.65));
#5585=CARTESIAN_POINT('',(5.00326923076923,0.685417394321059,1.));
#5586=CARTESIAN_POINT('Origin',(0.,0.,1.));
#5587=CARTESIAN_POINT('',(5.00326923076923,0.685417394321059,0.3));
#5588=CARTESIAN_POINT('',(5.00326923076923,0.685417394321059,0.65));
#5589=CARTESIAN_POINT('',(5.00326923076923,-0.685417394321059,0.3));
#5590=CARTESIAN_POINT('Origin',(0.,0.,0.3));
#5591=CARTESIAN_POINT('',(5.00326923076923,-0.685417394321059,1.));
#5592=CARTESIAN_POINT('',(5.00326923076923,-0.685417394321059,0.65));
#5593=CARTESIAN_POINT('Origin',(0.,0.,1.));
#5594=CARTESIAN_POINT('Origin',(-2.21,3.82783228472722,0.65));
#5595=CARTESIAN_POINT('Origin',(-2.21,3.82783228472722,1.));
#5596=CARTESIAN_POINT('Origin',(-2.21,3.82783228472722,0.3));
#5597=CARTESIAN_POINT('Origin',(-2.21,3.82783228472722,0.3));
#5598=CARTESIAN_POINT('Origin',(4.42,0.,0.65));
#5599=CARTESIAN_POINT('Origin',(4.42,0.,1.));
#5600=CARTESIAN_POINT('Origin',(4.42,0.,0.3));
#5601=CARTESIAN_POINT('Origin',(4.42,0.,0.3));
#5602=CARTESIAN_POINT('Origin',(0.,0.,0.));
#5603=CARTESIAN_POINT('Origin',(0.,0.,1.));
#5604=CARTESIAN_POINT('',(0.,0.,0.));
#5605=CARTESIAN_POINT('',(0.,0.,0.));
#5606=CARTESIAN_POINT('',(0.,0.,0.));
#5607=UNCERTAINTY_MEASURE_WITH_UNIT(LENGTH_MEASURE(0.01),#5617,
'DISTANCE_ACCURACY_VALUE',
'Maximum model space distance between geometric entities at asserted c
onnectivities');
#5608=UNCERTAINTY_MEASURE_WITH_UNIT(LENGTH_MEASURE(0.01),#5617,
'DISTANCE_ACCURACY_VALUE',
'Maximum model space distance between geometric entities at asserted c
onnectivities');
#5609=UNCERTAINTY_MEASURE_WITH_UNIT(LENGTH_MEASURE(0.01),#5617,
'DISTANCE_ACCURACY_VALUE',
'Maximum model space distance between geometric entities at asserted c
onnectivities');
#5610=UNCERTAINTY_MEASURE_WITH_UNIT(LENGTH_MEASURE(0.01),#5617,
'DISTANCE_ACCURACY_VALUE',
'Maximum model space distance between geometric entities at asserted c
onnectivities');
#5611=UNCERTAINTY_MEASURE_WITH_UNIT(LENGTH_MEASURE(0.01),#5617,
'DISTANCE_ACCURACY_VALUE',
'Maximum model space distance between geometric entities at asserted c
onnectivities');
#5612=(
GEOMETRIC_REPRESENTATION_CONTEXT(3)
GLOBAL_UNCERTAINTY_ASSIGNED_CONTEXT((#5607))
GLOBAL_UNIT_ASSIGNED_CONTEXT((#5617,#5619,#5620))
REPRESENTATION_CONTEXT('','3D')
);
#5613=(
GEOMETRIC_REPRESENTATION_CONTEXT(3)
GLOBAL_UNCERTAINTY_ASSIGNED_CONTEXT((#5608))
GLOBAL_UNIT_ASSIGNED_CONTEXT((#5617,#5619,#5620))
REPRESENTATION_CONTEXT('','3D')
);
#5614=(
GEOMETRIC_REPRESENTATION_CONTEXT(3)
GLOBAL_UNCERTAINTY_ASSIGNED_CONTEXT((#5609))
GLOBAL_UNIT_ASSIGNED_CONTEXT((#5617,#5619,#5620))
REPRESENTATION_CONTEXT('','3D')
);
#5615=(
GEOMETRIC_REPRESENTATION_CONTEXT(3)
GLOBAL_UNCERTAINTY_ASSIGNED_CONTEXT((#5610))
GLOBAL_UNIT_ASSIGNED_CONTEXT((#5617,#5619,#5620))
REPRESENTATION_CONTEXT('','3D')
);
#5616=(
GEOMETRIC_REPRESENTATION_CONTEXT(3)
GLOBAL_UNCERTAINTY_ASSIGNED_CONTEXT((#5611))
GLOBAL_UNIT_ASSIGNED_CONTEXT((#5617,#5619,#5620))
REPRESENTATION_CONTEXT('','3D')
);
#5617=(
LENGTH_UNIT()
NAMED_UNIT(*)
SI_UNIT(.MILLI.,.METRE.)
);
#5618=(
LENGTH_UNIT()
NAMED_UNIT(*)
SI_UNIT($,.METRE.)
);
#5619=(
NAMED_UNIT(*)
PLANE_ANGLE_UNIT()
SI_UNIT($,.RADIAN.)
);
#5620=(
NAMED_UNIT(*)
SI_UNIT($,.STERADIAN.)
SOLID_ANGLE_UNIT()
);
#5621=SHAPE_DEFINITION_REPRESENTATION(#5625,#5632);
#5622=SHAPE_DEFINITION_REPRESENTATION(#5626,#5633);
#5623=SHAPE_DEFINITION_REPRESENTATION(#5627,#5634);
#5624=SHAPE_DEFINITION_REPRESENTATION(#5628,#5635);
#5625=PRODUCT_DEFINITION_SHAPE('',$,#5637);
#5626=PRODUCT_DEFINITION_SHAPE('',$,#5638);
#5627=PRODUCT_DEFINITION_SHAPE('',$,#5639);
#5628=PRODUCT_DEFINITION_SHAPE('',$,#5640);
#5629=PRODUCT_DEFINITION_SHAPE($,$,#20);
#5630=PRODUCT_DEFINITION_SHAPE($,$,#21);
#5631=PRODUCT_DEFINITION_SHAPE($,$,#22);
#5632=SHAPE_REPRESENTATION('',(#3445,#3710,#3711,#3712),#5612);
#5633=SHAPE_REPRESENTATION('',(#3446),#5613);
#5634=SHAPE_REPRESENTATION('',(#3601),#5614);
#5635=SHAPE_REPRESENTATION('',(#3686),#5615);
#5636=PRODUCT_DEFINITION_CONTEXT('part definition',#5650,'design');
#5637=PRODUCT_DEFINITION('Decca ESP32 Housing','Decca ESP32 Housing v3',
#5641,#5636);
#5638=PRODUCT_DEFINITION('Housing_Base','Housing_Base',#5642,#5636);
#5639=PRODUCT_DEFINITION('Housing_Lid','Housing_Lid',#5643,#5636);
#5640=PRODUCT_DEFINITION('Cabinet_Fastener_Caps',
'Cabinet_Fastener_Caps',#5644,#5636);
#5641=PRODUCT_DEFINITION_FORMATION('',$,#5652);
#5642=PRODUCT_DEFINITION_FORMATION('',$,#5653);
#5643=PRODUCT_DEFINITION_FORMATION('',$,#5654);
#5644=PRODUCT_DEFINITION_FORMATION('',$,#5655);
#5645=PRODUCT_RELATED_PRODUCT_CATEGORY('Decca ESP32 Housing v3',
'Decca ESP32 Housing v3',(#5652));
#5646=PRODUCT_RELATED_PRODUCT_CATEGORY('Housing_Base','Housing_Base',(#5653));
#5647=PRODUCT_RELATED_PRODUCT_CATEGORY('Housing_Lid','Housing_Lid',(#5654));
#5648=PRODUCT_RELATED_PRODUCT_CATEGORY('Cabinet_Fastener_Caps',
'Cabinet_Fastener_Caps',(#5655));
#5649=APPLICATION_PROTOCOL_DEFINITION('international standard',
'automotive_design',2009,#5650);
#5650=APPLICATION_CONTEXT(
'Core Data for Automotive Mechanical Design Process');
#5651=PRODUCT_CONTEXT('part definition',#5650,'mechanical');
#5652=PRODUCT('Decca ESP32 Housing','Decca ESP32 Housing v3',$,(#5651));
#5653=PRODUCT('Housing_Base','Housing_Base',$,(#5651));
#5654=PRODUCT('Housing_Lid','Housing_Lid',$,(#5651));
#5655=PRODUCT('Cabinet_Fastener_Caps','Cabinet_Fastener_Caps',$,(#5651));
#5656=PRESENTATION_STYLE_ASSIGNMENT((#5657));
#5657=SURFACE_STYLE_USAGE(.BOTH.,#5658);
#5658=SURFACE_SIDE_STYLE('',(#5659));
#5659=SURFACE_STYLE_FILL_AREA(#5660);
#5660=FILL_AREA_STYLE('Steel - Satin',(#5661));
#5661=FILL_AREA_STYLE_COLOUR('Steel - Satin',#5662);
#5662=COLOUR_RGB('Steel - Satin',0.627450980392157,0.627450980392157,0.627450980392157);
ENDSEC;
END-ISO-10303-21;
