ISO-10303-21;
HEADER;
/* Generated by software containing ST-Developer
 * from STEP Tools, Inc. (www.steptools.com) 
 */

FILE_DESCRIPTION(
/* description */ (''),
/* implementation_level */ '2;1');

FILE_NAME(
/* name */ 'Decca_Display_Mount_assembly.step',
/* time_stamp */ '2026-08-28T12:43:09+01:00',
/* author */ (''),
/* organization */ (''),
/* preprocessor_version */ 'ST-DEVELOPER v20.1',
/* originating_system */ 'Autodesk Translation Framework v15.8.0.0',
/* authorisation */ '');

FILE_SCHEMA (('AUTOMOTIVE_DESIGN { 1 0 10303 214 3 1 1 }'));
ENDSEC;

DATA;
#10=MECHANICAL_DESIGN_GEOMETRIC_PRESENTATION_REPRESENTATION('',(#109,#110,
#111,#112,#113,#114,#115,#116,#117,#118,#119,#120,#121,#122,#123,#124),
#8570);
#11=ITEM_DEFINED_TRANSFORMATION($,$,#5075,#5568);
#12=ITEM_DEFINED_TRANSFORMATION($,$,#5092,#5569);
#13=ITEM_DEFINED_TRANSFORMATION($,$,#5211,#5570);
#14=ITEM_DEFINED_TRANSFORMATION($,$,#5288,#5571);
#15=ITEM_DEFINED_TRANSFORMATION($,$,#5549,#5572);
#16=ITEM_DEFINED_TRANSFORMATION($,$,#5074,#5573);
#17=(
REPRESENTATION_RELATIONSHIP($,$,#8597,#8596)
REPRESENTATION_RELATIONSHIP_WITH_TRANSFORMATION(#11)
SHAPE_REPRESENTATION_RELATIONSHIP()
);
#18=(
REPRESENTATION_RELATIONSHIP($,$,#8598,#8596)
REPRESENTATION_RELATIONSHIP_WITH_TRANSFORMATION(#12)
SHAPE_REPRESENTATION_RELATIONSHIP()
);
#19=(
REPRESENTATION_RELATIONSHIP($,$,#8599,#8596)
REPRESENTATION_RELATIONSHIP_WITH_TRANSFORMATION(#13)
SHAPE_REPRESENTATION_RELATIONSHIP()
);
#20=(
REPRESENTATION_RELATIONSHIP($,$,#8600,#8596)
REPRESENTATION_RELATIONSHIP_WITH_TRANSFORMATION(#14)
SHAPE_REPRESENTATION_RELATIONSHIP()
);
#21=(
REPRESENTATION_RELATIONSHIP($,$,#8601,#8596)
REPRESENTATION_RELATIONSHIP_WITH_TRANSFORMATION(#15)
SHAPE_REPRESENTATION_RELATIONSHIP()
);
#22=(
REPRESENTATION_RELATIONSHIP($,$,#8596,#8595)
REPRESENTATION_RELATIONSHIP_WITH_TRANSFORMATION(#16)
SHAPE_REPRESENTATION_RELATIONSHIP()
);
#23=CONTEXT_DEPENDENT_SHAPE_REPRESENTATION(#17,#8589);
#24=CONTEXT_DEPENDENT_SHAPE_REPRESENTATION(#18,#8590);
#25=CONTEXT_DEPENDENT_SHAPE_REPRESENTATION(#19,#8591);
#26=CONTEXT_DEPENDENT_SHAPE_REPRESENTATION(#20,#8592);
#27=CONTEXT_DEPENDENT_SHAPE_REPRESENTATION(#21,#8593);
#28=CONTEXT_DEPENDENT_SHAPE_REPRESENTATION(#22,#8594);
#29=NEXT_ASSEMBLY_USAGE_OCCURRENCE('REF_Decca_Panel:1',
'REF_Decca_Panel:1','REF_Decca_Panel:1',#8604,#8605,'REF_Decca_Panel:1');
#30=NEXT_ASSEMBLY_USAGE_OCCURRENCE('Front_Bezel:1','Front_Bezel:1',
'Front_Bezel:1',#8604,#8606,'Front_Bezel:1');
#31=NEXT_ASSEMBLY_USAGE_OCCURRENCE('REF_SH1106_1P3:1',
'REF_SH1106_1P3:1','REF_SH1106_1P3:1',#8604,#8607,'REF_SH1106_1P3:1');
#32=NEXT_ASSEMBLY_USAGE_OCCURRENCE('Rear_Display_Carrier:1',
'Rear_Display_Carrier:1','Rear_Display_Carrier:1',#8604,#8608,
'Rear_Display_Carrier:1');
#33=NEXT_ASSEMBLY_USAGE_OCCURRENCE('Retainer_Bar:1','Retainer_Bar:1',
'Retainer_Bar:1',#8604,#8609,'Retainer_Bar:1');
#34=NEXT_ASSEMBLY_USAGE_OCCURRENCE('Decca_Display_Mount:1',
'Decca_Display_Mount:1','Decca_Display_Mount:1',#8603,#8604,
'Decca_Display_Mount:1');
#35=(
BOUNDED_CURVE()
B_SPLINE_CURVE(2,(#7783,#7784,#7785),.UNSPECIFIED.,.F.,.F.)
B_SPLINE_CURVE_WITH_KNOTS((3,3),(0.,0.0540661462723892),.UNSPECIFIED.)
CURVE()
GEOMETRIC_REPRESENTATION_ITEM()
RATIONAL_B_SPLINE_CURVE((1.,1.00235913779768,1.))
REPRESENTATION_ITEM('')
);
#36=(
BOUNDED_CURVE()
B_SPLINE_CURVE(2,(#7787,#7788,#7789),.UNSPECIFIED.,.F.,.F.)
B_SPLINE_CURVE_WITH_KNOTS((3,3),(0.,0.126922193226328),.UNSPECIFIED.)
CURVE()
GEOMETRIC_REPRESENTATION_ITEM()
RATIONAL_B_SPLINE_CURVE((1.,1.01108208381068,1.))
REPRESENTATION_ITEM('')
);
#37=(
BOUNDED_CURVE()
B_SPLINE_CURVE(2,(#7793,#7794,#7795),.UNSPECIFIED.,.F.,.F.)
B_SPLINE_CURVE_WITH_KNOTS((3,3),(0.,0.126922193226328),.UNSPECIFIED.)
CURVE()
GEOMETRIC_REPRESENTATION_ITEM()
RATIONAL_B_SPLINE_CURVE((1.,1.01108208381084,1.))
REPRESENTATION_ITEM('')
);
#38=(
BOUNDED_CURVE()
B_SPLINE_CURVE(2,(#7797,#7798,#7799),.UNSPECIFIED.,.F.,.F.)
B_SPLINE_CURVE_WITH_KNOTS((3,3),(0.,0.054066146272389),.UNSPECIFIED.)
CURVE()
GEOMETRIC_REPRESENTATION_ITEM()
RATIONAL_B_SPLINE_CURVE((1.,1.00235913778527,1.))
REPRESENTATION_ITEM('')
);
#39=(
BOUNDED_CURVE()
B_SPLINE_CURVE(2,(#7817,#7818,#7819),.UNSPECIFIED.,.F.,.F.)
B_SPLINE_CURVE_WITH_KNOTS((3,3),(0.,0.054066146272389),.UNSPECIFIED.)
CURVE()
GEOMETRIC_REPRESENTATION_ITEM()
RATIONAL_B_SPLINE_CURVE((1.,1.00235913778527,1.))
REPRESENTATION_ITEM('')
);
#40=(
BOUNDED_CURVE()
B_SPLINE_CURVE(2,(#7821,#7822,#7823),.UNSPECIFIED.,.F.,.F.)
B_SPLINE_CURVE_WITH_KNOTS((3,3),(0.,0.126922193226328),.UNSPECIFIED.)
CURVE()
GEOMETRIC_REPRESENTATION_ITEM()
RATIONAL_B_SPLINE_CURVE((1.,1.01108208381084,1.))
REPRESENTATION_ITEM('')
);
#41=(
BOUNDED_CURVE()
B_SPLINE_CURVE(2,(#7827,#7828,#7829),.UNSPECIFIED.,.F.,.F.)
B_SPLINE_CURVE_WITH_KNOTS((3,3),(0.,0.126922193226328),.UNSPECIFIED.)
CURVE()
GEOMETRIC_REPRESENTATION_ITEM()
RATIONAL_B_SPLINE_CURVE((1.,1.01108208381068,1.))
REPRESENTATION_ITEM('')
);
#42=(
BOUNDED_CURVE()
B_SPLINE_CURVE(2,(#7831,#7832,#7833),.UNSPECIFIED.,.F.,.F.)
B_SPLINE_CURVE_WITH_KNOTS((3,3),(0.,0.0540661462723892),.UNSPECIFIED.)
CURVE()
GEOMETRIC_REPRESENTATION_ITEM()
RATIONAL_B_SPLINE_CURVE((1.,1.00235913779768,1.))
REPRESENTATION_ITEM('')
);
#43=(
BOUNDED_CURVE()
B_SPLINE_CURVE(2,(#7884,#7885,#7886),.UNSPECIFIED.,.F.,.F.)
B_SPLINE_CURVE_WITH_KNOTS((3,3),(0.,0.0574278358885043),.UNSPECIFIED.)
CURVE()
GEOMETRIC_REPRESENTATION_ITEM()
RATIONAL_B_SPLINE_CURVE((1.,1.00424635498191,1.))
REPRESENTATION_ITEM('')
);
#44=(
BOUNDED_CURVE()
B_SPLINE_CURVE(2,(#7888,#7889,#7890),.UNSPECIFIED.,.F.,.F.)
B_SPLINE_CURVE_WITH_KNOTS((3,3),(0.,0.129626494221697),.UNSPECIFIED.)
CURVE()
GEOMETRIC_REPRESENTATION_ITEM()
RATIONAL_B_SPLINE_CURVE((1.,1.01486072544904,1.))
REPRESENTATION_ITEM('')
);
#45=(
BOUNDED_CURVE()
B_SPLINE_CURVE(2,(#7894,#7895,#7896),.UNSPECIFIED.,.F.,.F.)
B_SPLINE_CURVE_WITH_KNOTS((3,3),(0.,0.129626494221697),.UNSPECIFIED.)
CURVE()
GEOMETRIC_REPRESENTATION_ITEM()
RATIONAL_B_SPLINE_CURVE((1.,1.01486072544904,1.))
REPRESENTATION_ITEM('')
);
#46=(
BOUNDED_CURVE()
B_SPLINE_CURVE(2,(#7898,#7899,#7900),.UNSPECIFIED.,.F.,.F.)
B_SPLINE_CURVE_WITH_KNOTS((3,3),(0.,0.0574278358885043),.UNSPECIFIED.)
CURVE()
GEOMETRIC_REPRESENTATION_ITEM()
RATIONAL_B_SPLINE_CURVE((1.,1.00424635498191,1.))
REPRESENTATION_ITEM('')
);
#47=(
BOUNDED_CURVE()
B_SPLINE_CURVE(2,(#7918,#7919,#7920),.UNSPECIFIED.,.F.,.F.)
B_SPLINE_CURVE_WITH_KNOTS((3,3),(0.,0.0574278358885043),.UNSPECIFIED.)
CURVE()
GEOMETRIC_REPRESENTATION_ITEM()
RATIONAL_B_SPLINE_CURVE((1.,1.00424635498191,1.))
REPRESENTATION_ITEM('')
);
#48=(
BOUNDED_CURVE()
B_SPLINE_CURVE(2,(#7922,#7923,#7924),.UNSPECIFIED.,.F.,.F.)
B_SPLINE_CURVE_WITH_KNOTS((3,3),(0.,0.129626494221697),.UNSPECIFIED.)
CURVE()
GEOMETRIC_REPRESENTATION_ITEM()
RATIONAL_B_SPLINE_CURVE((1.,1.01486072544904,1.))
REPRESENTATION_ITEM('')
);
#49=(
BOUNDED_CURVE()
B_SPLINE_CURVE(2,(#7928,#7929,#7930),.UNSPECIFIED.,.F.,.F.)
B_SPLINE_CURVE_WITH_KNOTS((3,3),(0.,0.129626494221697),.UNSPECIFIED.)
CURVE()
GEOMETRIC_REPRESENTATION_ITEM()
RATIONAL_B_SPLINE_CURVE((1.,1.01486072544904,1.))
REPRESENTATION_ITEM('')
);
#50=(
BOUNDED_CURVE()
B_SPLINE_CURVE(2,(#7932,#7933,#7934),.UNSPECIFIED.,.F.,.F.)
B_SPLINE_CURVE_WITH_KNOTS((3,3),(0.,0.0574278358885043),.UNSPECIFIED.)
CURVE()
GEOMETRIC_REPRESENTATION_ITEM()
RATIONAL_B_SPLINE_CURVE((1.,1.00424635498191,1.))
REPRESENTATION_ITEM('')
);
#51=(
BOUNDED_CURVE()
B_SPLINE_CURVE(2,(#7979,#7980,#7981),.UNSPECIFIED.,.F.,.F.)
B_SPLINE_CURVE_WITH_KNOTS((3,3),(0.,0.0540661462723892),.UNSPECIFIED.)
CURVE()
GEOMETRIC_REPRESENTATION_ITEM()
RATIONAL_B_SPLINE_CURVE((1.,1.00235913779768,1.))
REPRESENTATION_ITEM('')
);
#52=(
BOUNDED_CURVE()
B_SPLINE_CURVE(2,(#7983,#7984,#7985),.UNSPECIFIED.,.F.,.F.)
B_SPLINE_CURVE_WITH_KNOTS((3,3),(0.,0.126922193226328),.UNSPECIFIED.)
CURVE()
GEOMETRIC_REPRESENTATION_ITEM()
RATIONAL_B_SPLINE_CURVE((1.,1.01108208381068,1.))
REPRESENTATION_ITEM('')
);
#53=(
BOUNDED_CURVE()
B_SPLINE_CURVE(2,(#7989,#7990,#7991),.UNSPECIFIED.,.F.,.F.)
B_SPLINE_CURVE_WITH_KNOTS((3,3),(0.,0.126922193226328),.UNSPECIFIED.)
CURVE()
GEOMETRIC_REPRESENTATION_ITEM()
RATIONAL_B_SPLINE_CURVE((1.,1.01108208381084,1.))
REPRESENTATION_ITEM('')
);
#54=(
BOUNDED_CURVE()
B_SPLINE_CURVE(2,(#7993,#7994,#7995),.UNSPECIFIED.,.F.,.F.)
B_SPLINE_CURVE_WITH_KNOTS((3,3),(0.,0.054066146272389),.UNSPECIFIED.)
CURVE()
GEOMETRIC_REPRESENTATION_ITEM()
RATIONAL_B_SPLINE_CURVE((1.,1.00235913778527,1.))
REPRESENTATION_ITEM('')
);
#55=(
BOUNDED_CURVE()
B_SPLINE_CURVE(2,(#8013,#8014,#8015),.UNSPECIFIED.,.F.,.F.)
B_SPLINE_CURVE_WITH_KNOTS((3,3),(0.,0.054066146272389),.UNSPECIFIED.)
CURVE()
GEOMETRIC_REPRESENTATION_ITEM()
RATIONAL_B_SPLINE_CURVE((1.,1.00235913778527,1.))
REPRESENTATION_ITEM('')
);
#56=(
BOUNDED_CURVE()
B_SPLINE_CURVE(2,(#8017,#8018,#8019),.UNSPECIFIED.,.F.,.F.)
B_SPLINE_CURVE_WITH_KNOTS((3,3),(0.,0.126922193226328),.UNSPECIFIED.)
CURVE()
GEOMETRIC_REPRESENTATION_ITEM()
RATIONAL_B_SPLINE_CURVE((1.,1.01108208381084,1.))
REPRESENTATION_ITEM('')
);
#57=(
BOUNDED_CURVE()
B_SPLINE_CURVE(2,(#8023,#8024,#8025),.UNSPECIFIED.,.F.,.F.)
B_SPLINE_CURVE_WITH_KNOTS((3,3),(0.,0.126922193226328),.UNSPECIFIED.)
CURVE()
GEOMETRIC_REPRESENTATION_ITEM()
RATIONAL_B_SPLINE_CURVE((1.,1.01108208381068,1.))
REPRESENTATION_ITEM('')
);
#58=(
BOUNDED_CURVE()
B_SPLINE_CURVE(2,(#8027,#8028,#8029),.UNSPECIFIED.,.F.,.F.)
B_SPLINE_CURVE_WITH_KNOTS((3,3),(0.,0.0540661462723892),.UNSPECIFIED.)
CURVE()
GEOMETRIC_REPRESENTATION_ITEM()
RATIONAL_B_SPLINE_CURVE((1.,1.00235913779768,1.))
REPRESENTATION_ITEM('')
);
#59=(
BOUNDED_CURVE()
B_SPLINE_CURVE(2,(#8080,#8081,#8082),.UNSPECIFIED.,.F.,.F.)
B_SPLINE_CURVE_WITH_KNOTS((3,3),(0.,0.0574278358885043),.UNSPECIFIED.)
CURVE()
GEOMETRIC_REPRESENTATION_ITEM()
RATIONAL_B_SPLINE_CURVE((1.,1.00424635498191,1.))
REPRESENTATION_ITEM('')
);
#60=(
BOUNDED_CURVE()
B_SPLINE_CURVE(2,(#8084,#8085,#8086),.UNSPECIFIED.,.F.,.F.)
B_SPLINE_CURVE_WITH_KNOTS((3,3),(0.,0.129626494221697),.UNSPECIFIED.)
CURVE()
GEOMETRIC_REPRESENTATION_ITEM()
RATIONAL_B_SPLINE_CURVE((1.,1.01486072544904,1.))
REPRESENTATION_ITEM('')
);
#61=(
BOUNDED_CURVE()
B_SPLINE_CURVE(2,(#8090,#8091,#8092),.UNSPECIFIED.,.F.,.F.)
B_SPLINE_CURVE_WITH_KNOTS((3,3),(0.,0.129626494221697),.UNSPECIFIED.)
CURVE()
GEOMETRIC_REPRESENTATION_ITEM()
RATIONAL_B_SPLINE_CURVE((1.,1.01486072544904,1.))
REPRESENTATION_ITEM('')
);
#62=(
BOUNDED_CURVE()
B_SPLINE_CURVE(2,(#8094,#8095,#8096),.UNSPECIFIED.,.F.,.F.)
B_SPLINE_CURVE_WITH_KNOTS((3,3),(0.,0.0574278358885043),.UNSPECIFIED.)
CURVE()
GEOMETRIC_REPRESENTATION_ITEM()
RATIONAL_B_SPLINE_CURVE((1.,1.00424635498191,1.))
REPRESENTATION_ITEM('')
);
#63=(
BOUNDED_CURVE()
B_SPLINE_CURVE(2,(#8114,#8115,#8116),.UNSPECIFIED.,.F.,.F.)
B_SPLINE_CURVE_WITH_KNOTS((3,3),(0.,0.0574278358885043),.UNSPECIFIED.)
CURVE()
GEOMETRIC_REPRESENTATION_ITEM()
RATIONAL_B_SPLINE_CURVE((1.,1.00424635498191,1.))
REPRESENTATION_ITEM('')
);
#64=(
BOUNDED_CURVE()
B_SPLINE_CURVE(2,(#8118,#8119,#8120),.UNSPECIFIED.,.F.,.F.)
B_SPLINE_CURVE_WITH_KNOTS((3,3),(0.,0.129626494221697),.UNSPECIFIED.)
CURVE()
GEOMETRIC_REPRESENTATION_ITEM()
RATIONAL_B_SPLINE_CURVE((1.,1.01486072544904,1.))
REPRESENTATION_ITEM('')
);
#65=(
BOUNDED_CURVE()
B_SPLINE_CURVE(2,(#8124,#8125,#8126),.UNSPECIFIED.,.F.,.F.)
B_SPLINE_CURVE_WITH_KNOTS((3,3),(0.,0.129626494221697),.UNSPECIFIED.)
CURVE()
GEOMETRIC_REPRESENTATION_ITEM()
RATIONAL_B_SPLINE_CURVE((1.,1.01486072544904,1.))
REPRESENTATION_ITEM('')
);
#66=(
BOUNDED_CURVE()
B_SPLINE_CURVE(2,(#8128,#8129,#8130),.UNSPECIFIED.,.F.,.F.)
B_SPLINE_CURVE_WITH_KNOTS((3,3),(0.,0.0574278358885043),.UNSPECIFIED.)
CURVE()
GEOMETRIC_REPRESENTATION_ITEM()
RATIONAL_B_SPLINE_CURVE((1.,1.00424635498191,1.))
REPRESENTATION_ITEM('')
);
#67=CONICAL_SURFACE('',#5248,0.575,0.401870647440456);
#68=CONICAL_SURFACE('',#5253,0.575,0.401870647440456);
#69=CONICAL_SURFACE('',#5258,0.575,0.401870647440456);
#70=CONICAL_SURFACE('',#5263,0.575,0.401870647440456);
#71=CONICAL_SURFACE('',#5268,0.575,0.401870647440456);
#72=CONICAL_SURFACE('',#5273,0.575,0.401870647440456);
#73=CONICAL_SURFACE('',#5278,0.575,0.401870647440456);
#74=CONICAL_SURFACE('',#5283,0.575,0.401870647440456);
#75=CONICAL_SURFACE('',#5335,1.5,0.380506377112365);
#76=CONICAL_SURFACE('',#5337,1.5,0.380506377112365);
#77=CONICAL_SURFACE('',#5341,1.4,0.321750554396643);
#78=CONICAL_SURFACE('',#5342,1.4,0.321750554396643);
#79=CONICAL_SURFACE('',#5364,1.5375,0.502843210927861);
#80=CONICAL_SURFACE('',#5366,1.5375,0.502843210927861);
#81=CONICAL_SURFACE('',#5370,1.4375,0.376909270324821);
#82=CONICAL_SURFACE('',#5371,1.4375,0.376909270324821);
#83=CONICAL_SURFACE('',#5394,1.5,0.380506377112365);
#84=CONICAL_SURFACE('',#5396,1.5,0.380506377112365);
#85=CONICAL_SURFACE('',#5400,1.4,0.321750554396643);
#86=CONICAL_SURFACE('',#5401,1.4,0.321750554396643);
#87=CONICAL_SURFACE('',#5423,1.5375,0.502843210927861);
#88=CONICAL_SURFACE('',#5425,1.5375,0.502843210927861);
#89=CONICAL_SURFACE('',#5429,1.4375,0.376909270324821);
#90=CONICAL_SURFACE('',#5430,1.4375,0.376909270324821);
#91=TOROIDAL_SURFACE('',#5093,1.6,0.4);
#92=TOROIDAL_SURFACE('',#5100,1.6,0.4);
#93=TOROIDAL_SURFACE('',#5106,1.6,0.4);
#94=TOROIDAL_SURFACE('',#5112,1.6,0.4);
#95=TOROIDAL_SURFACE('',#5128,1.2,0.4);
#96=TOROIDAL_SURFACE('',#5134,1.2,0.4);
#97=TOROIDAL_SURFACE('',#5139,1.2,0.4);
#98=TOROIDAL_SURFACE('',#5144,1.2,0.4);
#99=SHAPE_REPRESENTATION_RELATIONSHIP('SRR','None',#8597,#104);
#100=SHAPE_REPRESENTATION_RELATIONSHIP('SRR','None',#8598,#105);
#101=SHAPE_REPRESENTATION_RELATIONSHIP('SRR','None',#8599,#106);
#102=SHAPE_REPRESENTATION_RELATIONSHIP('SRR','None',#8600,#107);
#103=SHAPE_REPRESENTATION_RELATIONSHIP('SRR','None',#8601,#108);
#104=ADVANCED_BREP_SHAPE_REPRESENTATION('',(#125),#8565);
#105=ADVANCED_BREP_SHAPE_REPRESENTATION('',(#126),#8566);
#106=ADVANCED_BREP_SHAPE_REPRESENTATION('',(#127,#128,#129,#130,#131,#132,
#133,#134,#135,#136,#137,#138),#8567);
#107=ADVANCED_BREP_SHAPE_REPRESENTATION('',(#139),#8568);
#108=ADVANCED_BREP_SHAPE_REPRESENTATION('',(#140),#8569);
#109=STYLED_ITEM('',(#8634),#125);
#110=STYLED_ITEM('',(#8634),#126);
#111=STYLED_ITEM('',(#8635),#127);
#112=STYLED_ITEM('',(#8636),#128);
#113=STYLED_ITEM('',(#8637),#129);
#114=STYLED_ITEM('',(#8638),#130);
#115=STYLED_ITEM('',(#8634),#131);
#116=STYLED_ITEM('',(#8634),#132);
#117=STYLED_ITEM('',(#8634),#133);
#118=STYLED_ITEM('',(#8634),#134);
#119=STYLED_ITEM('',(#8634),#135);
#120=STYLED_ITEM('',(#8634),#136);
#121=STYLED_ITEM('',(#8634),#137);
#122=STYLED_ITEM('',(#8634),#138);
#123=STYLED_ITEM('',(#8638),#139);
#124=STYLED_ITEM('',(#8634),#140);
#125=MANIFOLD_SOLID_BREP('PANEL_Perspex',#5001);
#126=MANIFOLD_SOLID_BREP('Front_Bezel',#5002);
#127=MANIFOLD_SOLID_BREP('OLED_PCB',#5003);
#128=MANIFOLD_SOLID_BREP('OLED_Glass',#5004);
#129=MANIFOLD_SOLID_BREP('OLED_ActiveArea',#5005);
#130=MANIFOLD_SOLID_BREP('OLED_Header_Keepout',#5006);
#131=MANIFOLD_SOLID_BREP('OLED_Solder_Tips_BothEnds',#5007);
#132=MANIFOLD_SOLID_BREP('OLED_Solder_Tips_BothEnds',#5008);
#133=MANIFOLD_SOLID_BREP('OLED_Solder_Tips_BothEnds',#5009);
#134=MANIFOLD_SOLID_BREP('OLED_Solder_Tips_BothEnds',#5010);
#135=MANIFOLD_SOLID_BREP('OLED_Solder_Tips_BothEnds',#5011);
#136=MANIFOLD_SOLID_BREP('OLED_Solder_Tips_BothEnds',#5012);
#137=MANIFOLD_SOLID_BREP('OLED_Solder_Tips_BothEnds',#5013);
#138=MANIFOLD_SOLID_BREP('OLED_Solder_Tips_BothEnds',#5014);
#139=MANIFOLD_SOLID_BREP('Rear_Display_Carrier',#5015);
#140=MANIFOLD_SOLID_BREP('Retainer_Bar',#5016);
#141=FACE_BOUND('',#652,.T.);
#142=FACE_BOUND('',#653,.T.);
#143=FACE_BOUND('',#654,.T.);
#144=FACE_BOUND('',#656,.T.);
#145=FACE_BOUND('',#657,.T.);
#146=FACE_BOUND('',#658,.T.);
#147=FACE_BOUND('',#676,.T.);
#148=FACE_BOUND('',#723,.T.);
#149=FACE_BOUND('',#724,.T.);
#150=FACE_BOUND('',#725,.T.);
#151=FACE_BOUND('',#726,.T.);
#152=FACE_BOUND('',#727,.T.);
#153=FACE_BOUND('',#736,.T.);
#154=FACE_BOUND('',#737,.T.);
#155=FACE_BOUND('',#738,.T.);
#156=FACE_BOUND('',#739,.T.);
#157=FACE_BOUND('',#741,.T.);
#158=FACE_BOUND('',#742,.T.);
#159=FACE_BOUND('',#743,.T.);
#160=FACE_BOUND('',#744,.T.);
#161=FACE_BOUND('',#880,.T.);
#162=FACE_BOUND('',#886,.T.);
#163=FACE_BOUND('',#890,.T.);
#164=FACE_BOUND('',#893,.T.);
#165=FACE_BOUND('',#897,.T.);
#166=FACE_BOUND('',#900,.T.);
#167=FACE_BOUND('',#904,.T.);
#168=FACE_BOUND('',#906,.T.);
#169=FACE_BOUND('',#908,.T.);
#170=FACE_BOUND('',#909,.T.);
#171=FACE_BOUND('',#910,.T.);
#172=FACE_BOUND('',#920,.T.);
#173=FACE_BOUND('',#923,.T.);
#174=FACE_BOUND('',#927,.T.);
#175=FACE_BOUND('',#928,.T.);
#176=FACE_BOUND('',#929,.T.);
#177=FACE_BOUND('',#930,.T.);
#178=FACE_BOUND('',#954,.T.);
#179=PLANE('',#5082);
#180=PLANE('',#5083);
#181=PLANE('',#5084);
#182=PLANE('',#5085);
#183=PLANE('',#5086);
#184=PLANE('',#5087);
#185=PLANE('',#5088);
#186=PLANE('',#5089);
#187=PLANE('',#5090);
#188=PLANE('',#5091);
#189=PLANE('',#5117);
#190=PLANE('',#5120);
#191=PLANE('',#5123);
#192=PLANE('',#5148);
#193=PLANE('',#5151);
#194=PLANE('',#5154);
#195=PLANE('',#5155);
#196=PLANE('',#5156);
#197=PLANE('',#5157);
#198=PLANE('',#5158);
#199=PLANE('',#5159);
#200=PLANE('',#5160);
#201=PLANE('',#5161);
#202=PLANE('',#5162);
#203=PLANE('',#5163);
#204=PLANE('',#5173);
#205=PLANE('',#5177);
#206=PLANE('',#5178);
#207=PLANE('',#5179);
#208=PLANE('',#5180);
#209=PLANE('',#5190);
#210=PLANE('',#5194);
#211=PLANE('',#5195);
#212=PLANE('',#5196);
#213=PLANE('',#5197);
#214=PLANE('',#5202);
#215=PLANE('',#5203);
#216=PLANE('',#5206);
#217=PLANE('',#5209);
#218=PLANE('',#5210);
#219=PLANE('',#5224);
#220=PLANE('',#5225);
#221=PLANE('',#5226);
#222=PLANE('',#5227);
#223=PLANE('',#5228);
#224=PLANE('',#5229);
#225=PLANE('',#5230);
#226=PLANE('',#5231);
#227=PLANE('',#5232);
#228=PLANE('',#5233);
#229=PLANE('',#5234);
#230=PLANE('',#5235);
#231=PLANE('',#5236);
#232=PLANE('',#5237);
#233=PLANE('',#5238);
#234=PLANE('',#5239);
#235=PLANE('',#5240);
#236=PLANE('',#5241);
#237=PLANE('',#5242);
#238=PLANE('',#5243);
#239=PLANE('',#5244);
#240=PLANE('',#5245);
#241=PLANE('',#5246);
#242=PLANE('',#5247);
#243=PLANE('',#5251);
#244=PLANE('',#5252);
#245=PLANE('',#5256);
#246=PLANE('',#5257);
#247=PLANE('',#5261);
#248=PLANE('',#5262);
#249=PLANE('',#5266);
#250=PLANE('',#5267);
#251=PLANE('',#5271);
#252=PLANE('',#5272);
#253=PLANE('',#5276);
#254=PLANE('',#5277);
#255=PLANE('',#5281);
#256=PLANE('',#5282);
#257=PLANE('',#5286);
#258=PLANE('',#5287);
#259=PLANE('',#5289);
#260=PLANE('',#5290);
#261=PLANE('',#5291);
#262=PLANE('',#5292);
#263=PLANE('',#5293);
#264=PLANE('',#5294);
#265=PLANE('',#5295);
#266=PLANE('',#5296);
#267=PLANE('',#5297);
#268=PLANE('',#5298);
#269=PLANE('',#5299);
#270=PLANE('',#5300);
#271=PLANE('',#5301);
#272=PLANE('',#5302);
#273=PLANE('',#5303);
#274=PLANE('',#5304);
#275=PLANE('',#5305);
#276=PLANE('',#5306);
#277=PLANE('',#5307);
#278=PLANE('',#5308);
#279=PLANE('',#5309);
#280=PLANE('',#5310);
#281=PLANE('',#5311);
#282=PLANE('',#5312);
#283=PLANE('',#5313);
#284=PLANE('',#5314);
#285=PLANE('',#5315);
#286=PLANE('',#5316);
#287=PLANE('',#5319);
#288=PLANE('',#5327);
#289=PLANE('',#5329);
#290=PLANE('',#5339);
#291=PLANE('',#5344);
#292=PLANE('',#5345);
#293=PLANE('',#5346);
#294=PLANE('',#5347);
#295=PLANE('',#5350);
#296=PLANE('',#5356);
#297=PLANE('',#5358);
#298=PLANE('',#5368);
#299=PLANE('',#5373);
#300=PLANE('',#5374);
#301=PLANE('',#5375);
#302=PLANE('',#5378);
#303=PLANE('',#5386);
#304=PLANE('',#5388);
#305=PLANE('',#5398);
#306=PLANE('',#5403);
#307=PLANE('',#5404);
#308=PLANE('',#5405);
#309=PLANE('',#5406);
#310=PLANE('',#5409);
#311=PLANE('',#5415);
#312=PLANE('',#5417);
#313=PLANE('',#5427);
#314=PLANE('',#5432);
#315=PLANE('',#5433);
#316=PLANE('',#5437);
#317=PLANE('',#5441);
#318=PLANE('',#5442);
#319=PLANE('',#5446);
#320=PLANE('',#5450);
#321=PLANE('',#5457);
#322=PLANE('',#5461);
#323=PLANE('',#5468);
#324=PLANE('',#5472);
#325=PLANE('',#5473);
#326=PLANE('',#5474);
#327=PLANE('',#5475);
#328=PLANE('',#5476);
#329=PLANE('',#5477);
#330=PLANE('',#5493);
#331=PLANE('',#5494);
#332=PLANE('',#5495);
#333=PLANE('',#5496);
#334=PLANE('',#5497);
#335=PLANE('',#5498);
#336=PLANE('',#5499);
#337=PLANE('',#5500);
#338=PLANE('',#5501);
#339=PLANE('',#5503);
#340=PLANE('',#5508);
#341=PLANE('',#5512);
#342=PLANE('',#5513);
#343=PLANE('',#5517);
#344=PLANE('',#5519);
#345=PLANE('',#5522);
#346=PLANE('',#5524);
#347=PLANE('',#5526);
#348=PLANE('',#5529);
#349=PLANE('',#5532);
#350=PLANE('',#5534);
#351=PLANE('',#5535);
#352=PLANE('',#5538);
#353=PLANE('',#5545);
#354=PLANE('',#5548);
#355=PLANE('',#5553);
#356=PLANE('',#5561);
#357=PLANE('',#5564);
#358=PLANE('',#5565);
#359=PLANE('',#5566);
#360=PLANE('',#5567);
#361=FACE_OUTER_BOUND('',#645,.T.);
#362=FACE_OUTER_BOUND('',#646,.T.);
#363=FACE_OUTER_BOUND('',#647,.T.);
#364=FACE_OUTER_BOUND('',#648,.T.);
#365=FACE_OUTER_BOUND('',#649,.T.);
#366=FACE_OUTER_BOUND('',#650,.T.);
#367=FACE_OUTER_BOUND('',#651,.T.);
#368=FACE_OUTER_BOUND('',#655,.T.);
#369=FACE_OUTER_BOUND('',#659,.T.);
#370=FACE_OUTER_BOUND('',#660,.T.);
#371=FACE_OUTER_BOUND('',#661,.T.);
#372=FACE_OUTER_BOUND('',#662,.T.);
#373=FACE_OUTER_BOUND('',#663,.T.);
#374=FACE_OUTER_BOUND('',#664,.T.);
#375=FACE_OUTER_BOUND('',#665,.T.);
#376=FACE_OUTER_BOUND('',#666,.T.);
#377=FACE_OUTER_BOUND('',#667,.T.);
#378=FACE_OUTER_BOUND('',#668,.T.);
#379=FACE_OUTER_BOUND('',#669,.T.);
#380=FACE_OUTER_BOUND('',#670,.T.);
#381=FACE_OUTER_BOUND('',#671,.T.);
#382=FACE_OUTER_BOUND('',#672,.T.);
#383=FACE_OUTER_BOUND('',#673,.T.);
#384=FACE_OUTER_BOUND('',#674,.T.);
#385=FACE_OUTER_BOUND('',#675,.T.);
#386=FACE_OUTER_BOUND('',#677,.T.);
#387=FACE_OUTER_BOUND('',#678,.T.);
#388=FACE_OUTER_BOUND('',#679,.T.);
#389=FACE_OUTER_BOUND('',#680,.T.);
#390=FACE_OUTER_BOUND('',#681,.T.);
#391=FACE_OUTER_BOUND('',#682,.T.);
#392=FACE_OUTER_BOUND('',#683,.T.);
#393=FACE_OUTER_BOUND('',#684,.T.);
#394=FACE_OUTER_BOUND('',#685,.T.);
#395=FACE_OUTER_BOUND('',#686,.T.);
#396=FACE_OUTER_BOUND('',#687,.T.);
#397=FACE_OUTER_BOUND('',#688,.T.);
#398=FACE_OUTER_BOUND('',#689,.T.);
#399=FACE_OUTER_BOUND('',#690,.T.);
#400=FACE_OUTER_BOUND('',#691,.T.);
#401=FACE_OUTER_BOUND('',#692,.T.);
#402=FACE_OUTER_BOUND('',#693,.T.);
#403=FACE_OUTER_BOUND('',#694,.T.);
#404=FACE_OUTER_BOUND('',#695,.T.);
#405=FACE_OUTER_BOUND('',#696,.T.);
#406=FACE_OUTER_BOUND('',#697,.T.);
#407=FACE_OUTER_BOUND('',#698,.T.);
#408=FACE_OUTER_BOUND('',#699,.T.);
#409=FACE_OUTER_BOUND('',#700,.T.);
#410=FACE_OUTER_BOUND('',#701,.T.);
#411=FACE_OUTER_BOUND('',#702,.T.);
#412=FACE_OUTER_BOUND('',#703,.T.);
#413=FACE_OUTER_BOUND('',#704,.T.);
#414=FACE_OUTER_BOUND('',#705,.T.);
#415=FACE_OUTER_BOUND('',#706,.T.);
#416=FACE_OUTER_BOUND('',#707,.T.);
#417=FACE_OUTER_BOUND('',#708,.T.);
#418=FACE_OUTER_BOUND('',#709,.T.);
#419=FACE_OUTER_BOUND('',#710,.T.);
#420=FACE_OUTER_BOUND('',#711,.T.);
#421=FACE_OUTER_BOUND('',#712,.T.);
#422=FACE_OUTER_BOUND('',#713,.T.);
#423=FACE_OUTER_BOUND('',#714,.T.);
#424=FACE_OUTER_BOUND('',#715,.T.);
#425=FACE_OUTER_BOUND('',#716,.T.);
#426=FACE_OUTER_BOUND('',#717,.T.);
#427=FACE_OUTER_BOUND('',#718,.T.);
#428=FACE_OUTER_BOUND('',#719,.T.);
#429=FACE_OUTER_BOUND('',#720,.T.);
#430=FACE_OUTER_BOUND('',#721,.T.);
#431=FACE_OUTER_BOUND('',#722,.T.);
#432=FACE_OUTER_BOUND('',#728,.T.);
#433=FACE_OUTER_BOUND('',#729,.T.);
#434=FACE_OUTER_BOUND('',#730,.T.);
#435=FACE_OUTER_BOUND('',#731,.T.);
#436=FACE_OUTER_BOUND('',#732,.T.);
#437=FACE_OUTER_BOUND('',#733,.T.);
#438=FACE_OUTER_BOUND('',#734,.T.);
#439=FACE_OUTER_BOUND('',#735,.T.);
#440=FACE_OUTER_BOUND('',#740,.T.);
#441=FACE_OUTER_BOUND('',#745,.T.);
#442=FACE_OUTER_BOUND('',#746,.T.);
#443=FACE_OUTER_BOUND('',#747,.T.);
#444=FACE_OUTER_BOUND('',#748,.T.);
#445=FACE_OUTER_BOUND('',#749,.T.);
#446=FACE_OUTER_BOUND('',#750,.T.);
#447=FACE_OUTER_BOUND('',#751,.T.);
#448=FACE_OUTER_BOUND('',#752,.T.);
#449=FACE_OUTER_BOUND('',#753,.T.);
#450=FACE_OUTER_BOUND('',#754,.T.);
#451=FACE_OUTER_BOUND('',#755,.T.);
#452=FACE_OUTER_BOUND('',#756,.T.);
#453=FACE_OUTER_BOUND('',#757,.T.);
#454=FACE_OUTER_BOUND('',#758,.T.);
#455=FACE_OUTER_BOUND('',#759,.T.);
#456=FACE_OUTER_BOUND('',#760,.T.);
#457=FACE_OUTER_BOUND('',#761,.T.);
#458=FACE_OUTER_BOUND('',#762,.T.);
#459=FACE_OUTER_BOUND('',#763,.T.);
#460=FACE_OUTER_BOUND('',#764,.T.);
#461=FACE_OUTER_BOUND('',#765,.T.);
#462=FACE_OUTER_BOUND('',#766,.T.);
#463=FACE_OUTER_BOUND('',#767,.T.);
#464=FACE_OUTER_BOUND('',#768,.T.);
#465=FACE_OUTER_BOUND('',#769,.T.);
#466=FACE_OUTER_BOUND('',#770,.T.);
#467=FACE_OUTER_BOUND('',#771,.T.);
#468=FACE_OUTER_BOUND('',#772,.T.);
#469=FACE_OUTER_BOUND('',#773,.T.);
#470=FACE_OUTER_BOUND('',#774,.T.);
#471=FACE_OUTER_BOUND('',#775,.T.);
#472=FACE_OUTER_BOUND('',#776,.T.);
#473=FACE_OUTER_BOUND('',#777,.T.);
#474=FACE_OUTER_BOUND('',#778,.T.);
#475=FACE_OUTER_BOUND('',#779,.T.);
#476=FACE_OUTER_BOUND('',#780,.T.);
#477=FACE_OUTER_BOUND('',#781,.T.);
#478=FACE_OUTER_BOUND('',#782,.T.);
#479=FACE_OUTER_BOUND('',#783,.T.);
#480=FACE_OUTER_BOUND('',#784,.T.);
#481=FACE_OUTER_BOUND('',#785,.T.);
#482=FACE_OUTER_BOUND('',#786,.T.);
#483=FACE_OUTER_BOUND('',#787,.T.);
#484=FACE_OUTER_BOUND('',#788,.T.);
#485=FACE_OUTER_BOUND('',#789,.T.);
#486=FACE_OUTER_BOUND('',#790,.T.);
#487=FACE_OUTER_BOUND('',#791,.T.);
#488=FACE_OUTER_BOUND('',#792,.T.);
#489=FACE_OUTER_BOUND('',#793,.T.);
#490=FACE_OUTER_BOUND('',#794,.T.);
#491=FACE_OUTER_BOUND('',#795,.T.);
#492=FACE_OUTER_BOUND('',#796,.T.);
#493=FACE_OUTER_BOUND('',#797,.T.);
#494=FACE_OUTER_BOUND('',#798,.T.);
#495=FACE_OUTER_BOUND('',#799,.T.);
#496=FACE_OUTER_BOUND('',#800,.T.);
#497=FACE_OUTER_BOUND('',#801,.T.);
#498=FACE_OUTER_BOUND('',#802,.T.);
#499=FACE_OUTER_BOUND('',#803,.T.);
#500=FACE_OUTER_BOUND('',#804,.T.);
#501=FACE_OUTER_BOUND('',#805,.T.);
#502=FACE_OUTER_BOUND('',#806,.T.);
#503=FACE_OUTER_BOUND('',#807,.T.);
#504=FACE_OUTER_BOUND('',#808,.T.);
#505=FACE_OUTER_BOUND('',#809,.T.);
#506=FACE_OUTER_BOUND('',#810,.T.);
#507=FACE_OUTER_BOUND('',#811,.T.);
#508=FACE_OUTER_BOUND('',#812,.T.);
#509=FACE_OUTER_BOUND('',#813,.T.);
#510=FACE_OUTER_BOUND('',#814,.T.);
#511=FACE_OUTER_BOUND('',#815,.T.);
#512=FACE_OUTER_BOUND('',#816,.T.);
#513=FACE_OUTER_BOUND('',#817,.T.);
#514=FACE_OUTER_BOUND('',#818,.T.);
#515=FACE_OUTER_BOUND('',#819,.T.);
#516=FACE_OUTER_BOUND('',#820,.T.);
#517=FACE_OUTER_BOUND('',#821,.T.);
#518=FACE_OUTER_BOUND('',#822,.T.);
#519=FACE_OUTER_BOUND('',#823,.T.);
#520=FACE_OUTER_BOUND('',#824,.T.);
#521=FACE_OUTER_BOUND('',#825,.T.);
#522=FACE_OUTER_BOUND('',#826,.T.);
#523=FACE_OUTER_BOUND('',#827,.T.);
#524=FACE_OUTER_BOUND('',#828,.T.);
#525=FACE_OUTER_BOUND('',#829,.T.);
#526=FACE_OUTER_BOUND('',#830,.T.);
#527=FACE_OUTER_BOUND('',#831,.T.);
#528=FACE_OUTER_BOUND('',#832,.T.);
#529=FACE_OUTER_BOUND('',#833,.T.);
#530=FACE_OUTER_BOUND('',#834,.T.);
#531=FACE_OUTER_BOUND('',#835,.T.);
#532=FACE_OUTER_BOUND('',#836,.T.);
#533=FACE_OUTER_BOUND('',#837,.T.);
#534=FACE_OUTER_BOUND('',#838,.T.);
#535=FACE_OUTER_BOUND('',#839,.T.);
#536=FACE_OUTER_BOUND('',#840,.T.);
#537=FACE_OUTER_BOUND('',#841,.T.);
#538=FACE_OUTER_BOUND('',#842,.T.);
#539=FACE_OUTER_BOUND('',#843,.T.);
#540=FACE_OUTER_BOUND('',#844,.T.);
#541=FACE_OUTER_BOUND('',#845,.T.);
#542=FACE_OUTER_BOUND('',#846,.T.);
#543=FACE_OUTER_BOUND('',#847,.T.);
#544=FACE_OUTER_BOUND('',#848,.T.);
#545=FACE_OUTER_BOUND('',#849,.T.);
#546=FACE_OUTER_BOUND('',#850,.T.);
#547=FACE_OUTER_BOUND('',#851,.T.);
#548=FACE_OUTER_BOUND('',#852,.T.);
#549=FACE_OUTER_BOUND('',#853,.T.);
#550=FACE_OUTER_BOUND('',#854,.T.);
#551=FACE_OUTER_BOUND('',#855,.T.);
#552=FACE_OUTER_BOUND('',#856,.T.);
#553=FACE_OUTER_BOUND('',#857,.T.);
#554=FACE_OUTER_BOUND('',#858,.T.);
#555=FACE_OUTER_BOUND('',#859,.T.);
#556=FACE_OUTER_BOUND('',#860,.T.);
#557=FACE_OUTER_BOUND('',#861,.T.);
#558=FACE_OUTER_BOUND('',#862,.T.);
#559=FACE_OUTER_BOUND('',#863,.T.);
#560=FACE_OUTER_BOUND('',#864,.T.);
#561=FACE_OUTER_BOUND('',#865,.T.);
#562=FACE_OUTER_BOUND('',#866,.T.);
#563=FACE_OUTER_BOUND('',#867,.T.);
#564=FACE_OUTER_BOUND('',#868,.T.);
#565=FACE_OUTER_BOUND('',#869,.T.);
#566=FACE_OUTER_BOUND('',#870,.T.);
#567=FACE_OUTER_BOUND('',#871,.T.);
#568=FACE_OUTER_BOUND('',#872,.T.);
#569=FACE_OUTER_BOUND('',#873,.T.);
#570=FACE_OUTER_BOUND('',#874,.T.);
#571=FACE_OUTER_BOUND('',#875,.T.);
#572=FACE_OUTER_BOUND('',#876,.T.);
#573=FACE_OUTER_BOUND('',#877,.T.);
#574=FACE_OUTER_BOUND('',#878,.T.);
#575=FACE_OUTER_BOUND('',#879,.T.);
#576=FACE_OUTER_BOUND('',#881,.T.);
#577=FACE_OUTER_BOUND('',#882,.T.);
#578=FACE_OUTER_BOUND('',#883,.T.);
#579=FACE_OUTER_BOUND('',#884,.T.);
#580=FACE_OUTER_BOUND('',#885,.T.);
#581=FACE_OUTER_BOUND('',#887,.T.);
#582=FACE_OUTER_BOUND('',#888,.T.);
#583=FACE_OUTER_BOUND('',#889,.T.);
#584=FACE_OUTER_BOUND('',#891,.T.);
#585=FACE_OUTER_BOUND('',#892,.T.);
#586=FACE_OUTER_BOUND('',#894,.T.);
#587=FACE_OUTER_BOUND('',#895,.T.);
#588=FACE_OUTER_BOUND('',#896,.T.);
#589=FACE_OUTER_BOUND('',#898,.T.);
#590=FACE_OUTER_BOUND('',#899,.T.);
#591=FACE_OUTER_BOUND('',#901,.T.);
#592=FACE_OUTER_BOUND('',#902,.T.);
#593=FACE_OUTER_BOUND('',#903,.T.);
#594=FACE_OUTER_BOUND('',#905,.T.);
#595=FACE_OUTER_BOUND('',#907,.T.);
#596=FACE_OUTER_BOUND('',#911,.T.);
#597=FACE_OUTER_BOUND('',#912,.T.);
#598=FACE_OUTER_BOUND('',#913,.T.);
#599=FACE_OUTER_BOUND('',#914,.T.);
#600=FACE_OUTER_BOUND('',#915,.T.);
#601=FACE_OUTER_BOUND('',#916,.T.);
#602=FACE_OUTER_BOUND('',#917,.T.);
#603=FACE_OUTER_BOUND('',#918,.T.);
#604=FACE_OUTER_BOUND('',#919,.T.);
#605=FACE_OUTER_BOUND('',#921,.T.);
#606=FACE_OUTER_BOUND('',#922,.T.);
#607=FACE_OUTER_BOUND('',#924,.T.);
#608=FACE_OUTER_BOUND('',#925,.T.);
#609=FACE_OUTER_BOUND('',#926,.T.);
#610=FACE_OUTER_BOUND('',#931,.T.);
#611=FACE_OUTER_BOUND('',#932,.T.);
#612=FACE_OUTER_BOUND('',#933,.T.);
#613=FACE_OUTER_BOUND('',#934,.T.);
#614=FACE_OUTER_BOUND('',#935,.T.);
#615=FACE_OUTER_BOUND('',#936,.T.);
#616=FACE_OUTER_BOUND('',#937,.T.);
#617=FACE_OUTER_BOUND('',#938,.T.);
#618=FACE_OUTER_BOUND('',#939,.T.);
#619=FACE_OUTER_BOUND('',#940,.T.);
#620=FACE_OUTER_BOUND('',#941,.T.);
#621=FACE_OUTER_BOUND('',#942,.T.);
#622=FACE_OUTER_BOUND('',#943,.T.);
#623=FACE_OUTER_BOUND('',#944,.T.);
#624=FACE_OUTER_BOUND('',#945,.T.);
#625=FACE_OUTER_BOUND('',#946,.T.);
#626=FACE_OUTER_BOUND('',#947,.T.);
#627=FACE_OUTER_BOUND('',#948,.T.);
#628=FACE_OUTER_BOUND('',#949,.T.);
#629=FACE_OUTER_BOUND('',#950,.T.);
#630=FACE_OUTER_BOUND('',#951,.T.);
#631=FACE_OUTER_BOUND('',#952,.T.);
#632=FACE_OUTER_BOUND('',#953,.T.);
#633=FACE_OUTER_BOUND('',#955,.T.);
#634=FACE_OUTER_BOUND('',#956,.T.);
#635=FACE_OUTER_BOUND('',#957,.T.);
#636=FACE_OUTER_BOUND('',#958,.T.);
#637=FACE_OUTER_BOUND('',#959,.T.);
#638=FACE_OUTER_BOUND('',#960,.T.);
#639=FACE_OUTER_BOUND('',#961,.T.);
#640=FACE_OUTER_BOUND('',#962,.T.);
#641=FACE_OUTER_BOUND('',#963,.T.);
#642=FACE_OUTER_BOUND('',#964,.T.);
#643=FACE_OUTER_BOUND('',#965,.T.);
#644=FACE_OUTER_BOUND('',#966,.T.);
#645=EDGE_LOOP('',(#3251,#3252,#3253,#3254));
#646=EDGE_LOOP('',(#3255,#3256,#3257,#3258));
#647=EDGE_LOOP('',(#3259,#3260,#3261,#3262));
#648=EDGE_LOOP('',(#3263,#3264,#3265,#3266));
#649=EDGE_LOOP('',(#3267,#3268,#3269,#3270));
#650=EDGE_LOOP('',(#3271,#3272,#3273,#3274));
#651=EDGE_LOOP('',(#3275,#3276,#3277,#3278));
#652=EDGE_LOOP('',(#3279));
#653=EDGE_LOOP('',(#3280));
#654=EDGE_LOOP('',(#3281,#3282,#3283,#3284));
#655=EDGE_LOOP('',(#3285,#3286,#3287,#3288));
#656=EDGE_LOOP('',(#3289));
#657=EDGE_LOOP('',(#3290));
#658=EDGE_LOOP('',(#3291,#3292,#3293,#3294));
#659=EDGE_LOOP('',(#3295,#3296,#3297,#3298));
#660=EDGE_LOOP('',(#3299,#3300,#3301,#3302));
#661=EDGE_LOOP('',(#3303,#3304,#3305,#3306));
#662=EDGE_LOOP('',(#3307,#3308,#3309,#3310));
#663=EDGE_LOOP('',(#3311,#3312,#3313,#3314));
#664=EDGE_LOOP('',(#3315,#3316,#3317,#3318));
#665=EDGE_LOOP('',(#3319,#3320,#3321,#3322));
#666=EDGE_LOOP('',(#3323,#3324,#3325,#3326));
#667=EDGE_LOOP('',(#3327,#3328,#3329,#3330));
#668=EDGE_LOOP('',(#3331,#3332,#3333,#3334));
#669=EDGE_LOOP('',(#3335,#3336,#3337,#3338));
#670=EDGE_LOOP('',(#3339,#3340,#3341,#3342));
#671=EDGE_LOOP('',(#3343,#3344,#3345,#3346));
#672=EDGE_LOOP('',(#3347,#3348,#3349,#3350));
#673=EDGE_LOOP('',(#3351,#3352,#3353,#3354));
#674=EDGE_LOOP('',(#3355,#3356,#3357,#3358));
#675=EDGE_LOOP('',(#3359,#3360,#3361,#3362,#3363,#3364,#3365,#3366));
#676=EDGE_LOOP('',(#3367,#3368,#3369,#3370,#3371,#3372,#3373,#3374));
#677=EDGE_LOOP('',(#3375,#3376,#3377,#3378));
#678=EDGE_LOOP('',(#3379,#3380,#3381,#3382));
#679=EDGE_LOOP('',(#3383,#3384,#3385,#3386));
#680=EDGE_LOOP('',(#3387,#3388,#3389,#3390));
#681=EDGE_LOOP('',(#3391,#3392,#3393,#3394));
#682=EDGE_LOOP('',(#3395,#3396,#3397,#3398));
#683=EDGE_LOOP('',(#3399,#3400,#3401,#3402));
#684=EDGE_LOOP('',(#3403,#3404,#3405,#3406));
#685=EDGE_LOOP('',(#3407,#3408,#3409,#3410));
#686=EDGE_LOOP('',(#3411,#3412,#3413,#3414));
#687=EDGE_LOOP('',(#3415,#3416,#3417,#3418));
#688=EDGE_LOOP('',(#3419,#3420,#3421,#3422));
#689=EDGE_LOOP('',(#3423,#3424,#3425,#3426));
#690=EDGE_LOOP('',(#3427,#3428,#3429,#3430));
#691=EDGE_LOOP('',(#3431,#3432,#3433,#3434));
#692=EDGE_LOOP('',(#3435,#3436,#3437,#3438));
#693=EDGE_LOOP('',(#3439,#3440,#3441,#3442));
#694=EDGE_LOOP('',(#3443,#3444,#3445,#3446));
#695=EDGE_LOOP('',(#3447,#3448,#3449,#3450));
#696=EDGE_LOOP('',(#3451,#3452,#3453,#3454));
#697=EDGE_LOOP('',(#3455,#3456,#3457,#3458));
#698=EDGE_LOOP('',(#3459,#3460,#3461,#3462));
#699=EDGE_LOOP('',(#3463,#3464,#3465,#3466));
#700=EDGE_LOOP('',(#3467,#3468,#3469,#3470));
#701=EDGE_LOOP('',(#3471,#3472,#3473,#3474));
#702=EDGE_LOOP('',(#3475,#3476,#3477,#3478,#3479,#3480,#3481,#3482));
#703=EDGE_LOOP('',(#3483,#3484,#3485,#3486));
#704=EDGE_LOOP('',(#3487,#3488,#3489,#3490));
#705=EDGE_LOOP('',(#3491,#3492,#3493,#3494));
#706=EDGE_LOOP('',(#3495,#3496,#3497,#3498));
#707=EDGE_LOOP('',(#3499,#3500,#3501,#3502));
#708=EDGE_LOOP('',(#3503,#3504,#3505,#3506));
#709=EDGE_LOOP('',(#3507,#3508,#3509,#3510));
#710=EDGE_LOOP('',(#3511,#3512,#3513,#3514));
#711=EDGE_LOOP('',(#3515,#3516,#3517,#3518,#3519,#3520,#3521,#3522));
#712=EDGE_LOOP('',(#3523,#3524,#3525,#3526));
#713=EDGE_LOOP('',(#3527,#3528,#3529,#3530));
#714=EDGE_LOOP('',(#3531,#3532,#3533,#3534));
#715=EDGE_LOOP('',(#3535,#3536,#3537,#3538));
#716=EDGE_LOOP('',(#3539,#3540,#3541,#3542));
#717=EDGE_LOOP('',(#3543,#3544,#3545,#3546));
#718=EDGE_LOOP('',(#3547,#3548,#3549,#3550));
#719=EDGE_LOOP('',(#3551,#3552,#3553,#3554));
#720=EDGE_LOOP('',(#3555,#3556,#3557,#3558));
#721=EDGE_LOOP('',(#3559,#3560,#3561,#3562));
#722=EDGE_LOOP('',(#3563,#3564,#3565,#3566,#3567,#3568,#3569,#3570));
#723=EDGE_LOOP('',(#3571,#3572,#3573,#3574));
#724=EDGE_LOOP('',(#3575,#3576,#3577,#3578));
#725=EDGE_LOOP('',(#3579,#3580,#3581,#3582,#3583,#3584,#3585,#3586));
#726=EDGE_LOOP('',(#3587,#3588,#3589,#3590,#3591,#3592,#3593,#3594));
#727=EDGE_LOOP('',(#3595,#3596,#3597,#3598,#3599,#3600,#3601,#3602));
#728=EDGE_LOOP('',(#3603,#3604,#3605,#3606));
#729=EDGE_LOOP('',(#3607,#3608,#3609,#3610));
#730=EDGE_LOOP('',(#3611,#3612,#3613,#3614));
#731=EDGE_LOOP('',(#3615,#3616,#3617,#3618));
#732=EDGE_LOOP('',(#3619,#3620,#3621,#3622));
#733=EDGE_LOOP('',(#3623,#3624,#3625,#3626));
#734=EDGE_LOOP('',(#3627,#3628,#3629,#3630));
#735=EDGE_LOOP('',(#3631,#3632,#3633,#3634));
#736=EDGE_LOOP('',(#3635));
#737=EDGE_LOOP('',(#3636));
#738=EDGE_LOOP('',(#3637));
#739=EDGE_LOOP('',(#3638));
#740=EDGE_LOOP('',(#3639,#3640,#3641,#3642));
#741=EDGE_LOOP('',(#3643));
#742=EDGE_LOOP('',(#3644));
#743=EDGE_LOOP('',(#3645));
#744=EDGE_LOOP('',(#3646));
#745=EDGE_LOOP('',(#3647,#3648,#3649,#3650));
#746=EDGE_LOOP('',(#3651,#3652,#3653,#3654));
#747=EDGE_LOOP('',(#3655,#3656,#3657,#3658));
#748=EDGE_LOOP('',(#3659,#3660,#3661,#3662));
#749=EDGE_LOOP('',(#3663,#3664,#3665,#3666));
#750=EDGE_LOOP('',(#3667,#3668,#3669,#3670));
#751=EDGE_LOOP('',(#3671,#3672,#3673,#3674));
#752=EDGE_LOOP('',(#3675,#3676,#3677,#3678));
#753=EDGE_LOOP('',(#3679,#3680,#3681,#3682));
#754=EDGE_LOOP('',(#3683,#3684,#3685,#3686));
#755=EDGE_LOOP('',(#3687,#3688,#3689,#3690));
#756=EDGE_LOOP('',(#3691,#3692,#3693,#3694));
#757=EDGE_LOOP('',(#3695,#3696,#3697,#3698));
#758=EDGE_LOOP('',(#3699,#3700,#3701,#3702));
#759=EDGE_LOOP('',(#3703,#3704,#3705,#3706));
#760=EDGE_LOOP('',(#3707,#3708,#3709,#3710));
#761=EDGE_LOOP('',(#3711,#3712,#3713,#3714));
#762=EDGE_LOOP('',(#3715,#3716,#3717,#3718));
#763=EDGE_LOOP('',(#3719,#3720,#3721,#3722));
#764=EDGE_LOOP('',(#3723,#3724,#3725,#3726));
#765=EDGE_LOOP('',(#3727,#3728,#3729,#3730));
#766=EDGE_LOOP('',(#3731,#3732,#3733,#3734));
#767=EDGE_LOOP('',(#3735,#3736,#3737,#3738));
#768=EDGE_LOOP('',(#3739));
#769=EDGE_LOOP('',(#3740));
#770=EDGE_LOOP('',(#3741,#3742,#3743,#3744));
#771=EDGE_LOOP('',(#3745));
#772=EDGE_LOOP('',(#3746));
#773=EDGE_LOOP('',(#3747,#3748,#3749,#3750));
#774=EDGE_LOOP('',(#3751));
#775=EDGE_LOOP('',(#3752));
#776=EDGE_LOOP('',(#3753,#3754,#3755,#3756));
#777=EDGE_LOOP('',(#3757));
#778=EDGE_LOOP('',(#3758));
#779=EDGE_LOOP('',(#3759,#3760,#3761,#3762));
#780=EDGE_LOOP('',(#3763));
#781=EDGE_LOOP('',(#3764));
#782=EDGE_LOOP('',(#3765,#3766,#3767,#3768));
#783=EDGE_LOOP('',(#3769));
#784=EDGE_LOOP('',(#3770));
#785=EDGE_LOOP('',(#3771,#3772,#3773,#3774));
#786=EDGE_LOOP('',(#3775));
#787=EDGE_LOOP('',(#3776));
#788=EDGE_LOOP('',(#3777,#3778,#3779,#3780));
#789=EDGE_LOOP('',(#3781));
#790=EDGE_LOOP('',(#3782));
#791=EDGE_LOOP('',(#3783,#3784,#3785,#3786));
#792=EDGE_LOOP('',(#3787,#3788,#3789,#3790));
#793=EDGE_LOOP('',(#3791,#3792,#3793,#3794,#3795,#3796,#3797,#3798));
#794=EDGE_LOOP('',(#3799,#3800,#3801,#3802));
#795=EDGE_LOOP('',(#3803,#3804,#3805,#3806));
#796=EDGE_LOOP('',(#3807,#3808,#3809,#3810));
#797=EDGE_LOOP('',(#3811,#3812,#3813,#3814));
#798=EDGE_LOOP('',(#3815,#3816,#3817,#3818,#3819,#3820,#3821,#3822));
#799=EDGE_LOOP('',(#3823,#3824,#3825,#3826));
#800=EDGE_LOOP('',(#3827,#3828,#3829,#3830));
#801=EDGE_LOOP('',(#3831,#3832,#3833,#3834,#3835,#3836,#3837,#3838));
#802=EDGE_LOOP('',(#3839,#3840,#3841,#3842));
#803=EDGE_LOOP('',(#3843,#3844,#3845,#3846));
#804=EDGE_LOOP('',(#3847,#3848,#3849,#3850));
#805=EDGE_LOOP('',(#3851,#3852,#3853,#3854));
#806=EDGE_LOOP('',(#3855,#3856,#3857,#3858,#3859,#3860,#3861,#3862));
#807=EDGE_LOOP('',(#3863,#3864,#3865,#3866));
#808=EDGE_LOOP('',(#3867,#3868,#3869,#3870));
#809=EDGE_LOOP('',(#3871,#3872,#3873,#3874));
#810=EDGE_LOOP('',(#3875,#3876,#3877,#3878));
#811=EDGE_LOOP('',(#3879,#3880,#3881,#3882,#3883,#3884,#3885,#3886));
#812=EDGE_LOOP('',(#3887,#3888,#3889,#3890));
#813=EDGE_LOOP('',(#3891,#3892,#3893,#3894));
#814=EDGE_LOOP('',(#3895,#3896,#3897,#3898));
#815=EDGE_LOOP('',(#3899,#3900,#3901,#3902));
#816=EDGE_LOOP('',(#3903,#3904,#3905,#3906,#3907,#3908,#3909,#3910));
#817=EDGE_LOOP('',(#3911,#3912,#3913,#3914,#3915,#3916,#3917,#3918,#3919,
#3920,#3921,#3922));
#818=EDGE_LOOP('',(#3923,#3924,#3925,#3926));
#819=EDGE_LOOP('',(#3927,#3928,#3929,#3930,#3931,#3932,#3933,#3934,#3935,
#3936,#3937,#3938));
#820=EDGE_LOOP('',(#3939,#3940,#3941,#3942,#3943,#3944,#3945,#3946,#3947,
#3948,#3949,#3950,#3951,#3952));
#821=EDGE_LOOP('',(#3953,#3954,#3955,#3956));
#822=EDGE_LOOP('',(#3957,#3958,#3959,#3960,#3961));
#823=EDGE_LOOP('',(#3962,#3963,#3964,#3965));
#824=EDGE_LOOP('',(#3966,#3967,#3968,#3969));
#825=EDGE_LOOP('',(#3970,#3971,#3972,#3973));
#826=EDGE_LOOP('',(#3974,#3975,#3976,#3977));
#827=EDGE_LOOP('',(#3978,#3979));
#828=EDGE_LOOP('',(#3980,#3981,#3982,#3983));
#829=EDGE_LOOP('',(#3984,#3985,#3986,#3987));
#830=EDGE_LOOP('',(#3988,#3989));
#831=EDGE_LOOP('',(#3990,#3991));
#832=EDGE_LOOP('',(#3992,#3993,#3994,#3995,#3996,#3997,#3998,#3999,#4000,
#4001,#4002,#4003));
#833=EDGE_LOOP('',(#4004,#4005,#4006,#4007));
#834=EDGE_LOOP('',(#4008,#4009,#4010,#4011,#4012,#4013,#4014,#4015,#4016,
#4017,#4018,#4019));
#835=EDGE_LOOP('',(#4020,#4021,#4022,#4023,#4024,#4025,#4026,#4027,#4028,
#4029,#4030,#4031));
#836=EDGE_LOOP('',(#4032,#4033,#4034,#4035));
#837=EDGE_LOOP('',(#4036,#4037,#4038,#4039,#4040));
#838=EDGE_LOOP('',(#4041,#4042,#4043,#4044));
#839=EDGE_LOOP('',(#4045,#4046,#4047,#4048));
#840=EDGE_LOOP('',(#4049,#4050,#4051,#4052));
#841=EDGE_LOOP('',(#4053,#4054,#4055,#4056));
#842=EDGE_LOOP('',(#4057,#4058));
#843=EDGE_LOOP('',(#4059,#4060,#4061,#4062));
#844=EDGE_LOOP('',(#4063,#4064,#4065,#4066));
#845=EDGE_LOOP('',(#4067,#4068));
#846=EDGE_LOOP('',(#4069,#4070,#4071,#4072,#4073,#4074,#4075,#4076,#4077,
#4078,#4079,#4080));
#847=EDGE_LOOP('',(#4081,#4082,#4083,#4084));
#848=EDGE_LOOP('',(#4085,#4086,#4087,#4088,#4089,#4090,#4091,#4092,#4093,
#4094,#4095,#4096));
#849=EDGE_LOOP('',(#4097,#4098,#4099,#4100,#4101,#4102,#4103,#4104,#4105,
#4106,#4107,#4108,#4109,#4110));
#850=EDGE_LOOP('',(#4111,#4112,#4113,#4114));
#851=EDGE_LOOP('',(#4115,#4116,#4117,#4118,#4119));
#852=EDGE_LOOP('',(#4120,#4121,#4122,#4123));
#853=EDGE_LOOP('',(#4124,#4125,#4126,#4127));
#854=EDGE_LOOP('',(#4128,#4129,#4130,#4131));
#855=EDGE_LOOP('',(#4132,#4133,#4134,#4135));
#856=EDGE_LOOP('',(#4136,#4137));
#857=EDGE_LOOP('',(#4138,#4139,#4140,#4141));
#858=EDGE_LOOP('',(#4142,#4143,#4144,#4145));
#859=EDGE_LOOP('',(#4146,#4147));
#860=EDGE_LOOP('',(#4148,#4149));
#861=EDGE_LOOP('',(#4150,#4151,#4152,#4153,#4154,#4155,#4156,#4157,#4158,
#4159,#4160,#4161));
#862=EDGE_LOOP('',(#4162,#4163,#4164,#4165));
#863=EDGE_LOOP('',(#4166,#4167,#4168,#4169,#4170,#4171,#4172,#4173,#4174,
#4175,#4176,#4177));
#864=EDGE_LOOP('',(#4178,#4179,#4180,#4181,#4182,#4183,#4184,#4185,#4186,
#4187,#4188,#4189));
#865=EDGE_LOOP('',(#4190,#4191,#4192,#4193));
#866=EDGE_LOOP('',(#4194,#4195,#4196,#4197,#4198));
#867=EDGE_LOOP('',(#4199,#4200,#4201,#4202));
#868=EDGE_LOOP('',(#4203,#4204,#4205,#4206));
#869=EDGE_LOOP('',(#4207,#4208,#4209,#4210));
#870=EDGE_LOOP('',(#4211,#4212,#4213,#4214));
#871=EDGE_LOOP('',(#4215,#4216));
#872=EDGE_LOOP('',(#4217,#4218,#4219,#4220));
#873=EDGE_LOOP('',(#4221,#4222,#4223,#4224));
#874=EDGE_LOOP('',(#4225,#4226));
#875=EDGE_LOOP('',(#4227,#4228,#4229,#4230,#4231));
#876=EDGE_LOOP('',(#4232,#4233,#4234,#4235));
#877=EDGE_LOOP('',(#4236,#4237,#4238,#4239,#4240,#4241,#4242,#4243,#4244,
#4245));
#878=EDGE_LOOP('',(#4246,#4247,#4248,#4249));
#879=EDGE_LOOP('',(#4250));
#880=EDGE_LOOP('',(#4251));
#881=EDGE_LOOP('',(#4252,#4253,#4254,#4255,#4256));
#882=EDGE_LOOP('',(#4257,#4258,#4259,#4260));
#883=EDGE_LOOP('',(#4261,#4262,#4263,#4264,#4265,#4266,#4267,#4268,#4269,
#4270));
#884=EDGE_LOOP('',(#4271,#4272,#4273,#4274));
#885=EDGE_LOOP('',(#4275));
#886=EDGE_LOOP('',(#4276));
#887=EDGE_LOOP('',(#4277,#4278,#4279,#4280));
#888=EDGE_LOOP('',(#4281,#4282,#4283,#4284));
#889=EDGE_LOOP('',(#4285));
#890=EDGE_LOOP('',(#4286));
#891=EDGE_LOOP('',(#4287,#4288,#4289,#4290));
#892=EDGE_LOOP('',(#4291));
#893=EDGE_LOOP('',(#4292));
#894=EDGE_LOOP('',(#4293,#4294,#4295,#4296));
#895=EDGE_LOOP('',(#4297,#4298,#4299,#4300));
#896=EDGE_LOOP('',(#4301));
#897=EDGE_LOOP('',(#4302));
#898=EDGE_LOOP('',(#4303,#4304,#4305,#4306));
#899=EDGE_LOOP('',(#4307));
#900=EDGE_LOOP('',(#4308));
#901=EDGE_LOOP('',(#4309,#4310,#4311,#4312));
#902=EDGE_LOOP('',(#4313,#4314,#4315,#4316));
#903=EDGE_LOOP('',(#4317,#4318,#4319,#4320,#4321,#4322,#4323,#4324,#4325,
#4326));
#904=EDGE_LOOP('',(#4327));
#905=EDGE_LOOP('',(#4328,#4329,#4330,#4331,#4332,#4333,#4334,#4335,#4336,
#4337));
#906=EDGE_LOOP('',(#4338));
#907=EDGE_LOOP('',(#4339,#4340,#4341,#4342,#4343,#4344,#4345,#4346,#4347,
#4348,#4349,#4350,#4351,#4352,#4353,#4354,#4355,#4356,#4357,#4358,#4359,
#4360,#4361,#4362,#4363,#4364,#4365));
#908=EDGE_LOOP('',(#4366));
#909=EDGE_LOOP('',(#4367));
#910=EDGE_LOOP('',(#4368,#4369,#4370,#4371,#4372,#4373,#4374,#4375,#4376,
#4377,#4378,#4379));
#911=EDGE_LOOP('',(#4380,#4381,#4382,#4383));
#912=EDGE_LOOP('',(#4384,#4385,#4386,#4387));
#913=EDGE_LOOP('',(#4388,#4389,#4390,#4391));
#914=EDGE_LOOP('',(#4392,#4393,#4394,#4395));
#915=EDGE_LOOP('',(#4396,#4397,#4398,#4399));
#916=EDGE_LOOP('',(#4400,#4401,#4402,#4403));
#917=EDGE_LOOP('',(#4404,#4405,#4406,#4407,#4408,#4409,#4410,#4411));
#918=EDGE_LOOP('',(#4412,#4413,#4414,#4415,#4416,#4417,#4418,#4419));
#919=EDGE_LOOP('',(#4420));
#920=EDGE_LOOP('',(#4421));
#921=EDGE_LOOP('',(#4422,#4423,#4424,#4425,#4426,#4427,#4428));
#922=EDGE_LOOP('',(#4429));
#923=EDGE_LOOP('',(#4430));
#924=EDGE_LOOP('',(#4431,#4432,#4433,#4434));
#925=EDGE_LOOP('',(#4435,#4436,#4437,#4438));
#926=EDGE_LOOP('',(#4439,#4440,#4441,#4442,#4443,#4444,#4445,#4446));
#927=EDGE_LOOP('',(#4447,#4448,#4449,#4450));
#928=EDGE_LOOP('',(#4451,#4452,#4453,#4454));
#929=EDGE_LOOP('',(#4455,#4456,#4457,#4458));
#930=EDGE_LOOP('',(#4459,#4460,#4461,#4462));
#931=EDGE_LOOP('',(#4463,#4464,#4465,#4466));
#932=EDGE_LOOP('',(#4467,#4468,#4469,#4470));
#933=EDGE_LOOP('',(#4471,#4472,#4473,#4474));
#934=EDGE_LOOP('',(#4475,#4476,#4477,#4478));
#935=EDGE_LOOP('',(#4479,#4480,#4481,#4482));
#936=EDGE_LOOP('',(#4483,#4484,#4485,#4486));
#937=EDGE_LOOP('',(#4487,#4488,#4489,#4490));
#938=EDGE_LOOP('',(#4491,#4492,#4493,#4494));
#939=EDGE_LOOP('',(#4495,#4496,#4497,#4498));
#940=EDGE_LOOP('',(#4499,#4500,#4501,#4502,#4503,#4504,#4505,#4506));
#941=EDGE_LOOP('',(#4507,#4508,#4509,#4510));
#942=EDGE_LOOP('',(#4511,#4512,#4513,#4514,#4515,#4516,#4517,#4518));
#943=EDGE_LOOP('',(#4519,#4520,#4521,#4522));
#944=EDGE_LOOP('',(#4523,#4524,#4525,#4526,#4527,#4528));
#945=EDGE_LOOP('',(#4529,#4530,#4531,#4532));
#946=EDGE_LOOP('',(#4533,#4534,#4535,#4536));
#947=EDGE_LOOP('',(#4537,#4538,#4539,#4540,#4541,#4542,#4543,#4544));
#948=EDGE_LOOP('',(#4545,#4546,#4547,#4548,#4549,#4550,#4551,#4552));
#949=EDGE_LOOP('',(#4553,#4554,#4555,#4556));
#950=EDGE_LOOP('',(#4557,#4558,#4559,#4560));
#951=EDGE_LOOP('',(#4561,#4562,#4563,#4564,#4565));
#952=EDGE_LOOP('',(#4566,#4567,#4568,#4569));
#953=EDGE_LOOP('',(#4570,#4571,#4572,#4573,#4574,#4575,#4576,#4577));
#954=EDGE_LOOP('',(#4578,#4579,#4580,#4581,#4582,#4583,#4584,#4585,#4586,
#4587,#4588,#4589));
#955=EDGE_LOOP('',(#4590,#4591,#4592,#4593,#4594));
#956=EDGE_LOOP('',(#4595,#4596,#4597,#4598));
#957=EDGE_LOOP('',(#4599,#4600,#4601,#4602));
#958=EDGE_LOOP('',(#4603,#4604,#4605,#4606,#4607,#4608,#4609,#4610));
#959=EDGE_LOOP('',(#4611,#4612,#4613,#4614));
#960=EDGE_LOOP('',(#4615,#4616,#4617,#4618));
#961=EDGE_LOOP('',(#4619,#4620,#4621,#4622,#4623,#4624,#4625,#4626));
#962=EDGE_LOOP('',(#4627,#4628,#4629,#4630));
#963=EDGE_LOOP('',(#4631,#4632,#4633,#4634));
#964=EDGE_LOOP('',(#4635,#4636,#4637,#4638));
#965=EDGE_LOOP('',(#4639,#4640,#4641,#4642));
#966=EDGE_LOOP('',(#4643,#4644,#4645,#4646));
#967=LINE('',#7045,#1429);
#968=LINE('',#7051,#1430);
#969=LINE('',#7056,#1431);
#970=LINE('',#7058,#1432);
#971=LINE('',#7060,#1433);
#972=LINE('',#7061,#1434);
#973=LINE('',#7064,#1435);
#974=LINE('',#7066,#1436);
#975=LINE('',#7067,#1437);
#976=LINE('',#7070,#1438);
#977=LINE('',#7072,#1439);
#978=LINE('',#7073,#1440);
#979=LINE('',#7075,#1441);
#980=LINE('',#7076,#1442);
#981=LINE('',#7080,#1443);
#982=LINE('',#7082,#1444);
#983=LINE('',#7084,#1445);
#984=LINE('',#7085,#1446);
#985=LINE('',#7089,#1447);
#986=LINE('',#7091,#1448);
#987=LINE('',#7093,#1449);
#988=LINE('',#7094,#1450);
#989=LINE('',#7096,#1451);
#990=LINE('',#7097,#1452);
#991=LINE('',#7099,#1453);
#992=LINE('',#7101,#1454);
#993=LINE('',#7117,#1455);
#994=LINE('',#7118,#1456);
#995=LINE('',#7129,#1457);
#996=LINE('',#7130,#1458);
#997=LINE('',#7141,#1459);
#998=LINE('',#7142,#1460);
#999=LINE('',#7150,#1461);
#1000=LINE('',#7151,#1462);
#1001=LINE('',#7154,#1463);
#1002=LINE('',#7156,#1464);
#1003=LINE('',#7157,#1465);
#1004=LINE('',#7160,#1466);
#1005=LINE('',#7164,#1467);
#1006=LINE('',#7165,#1468);
#1007=LINE('',#7168,#1469);
#1008=LINE('',#7175,#1470);
#1009=LINE('',#7179,#1471);
#1010=LINE('',#7183,#1472);
#1011=LINE('',#7186,#1473);
#1012=LINE('',#7196,#1474);
#1013=LINE('',#7204,#1475);
#1014=LINE('',#7212,#1476);
#1015=LINE('',#7218,#1477);
#1016=LINE('',#7221,#1478);
#1017=LINE('',#7223,#1479);
#1018=LINE('',#7224,#1480);
#1019=LINE('',#7227,#1481);
#1020=LINE('',#7231,#1482);
#1021=LINE('',#7232,#1483);
#1022=LINE('',#7235,#1484);
#1023=LINE('',#7240,#1485);
#1024=LINE('',#7242,#1486);
#1025=LINE('',#7244,#1487);
#1026=LINE('',#7245,#1488);
#1027=LINE('',#7248,#1489);
#1028=LINE('',#7250,#1490);
#1029=LINE('',#7251,#1491);
#1030=LINE('',#7254,#1492);
#1031=LINE('',#7255,#1493);
#1032=LINE('',#7258,#1494);
#1033=LINE('',#7259,#1495);
#1034=LINE('',#7261,#1496);
#1035=LINE('',#7265,#1497);
#1036=LINE('',#7267,#1498);
#1037=LINE('',#7269,#1499);
#1038=LINE('',#7270,#1500);
#1039=LINE('',#7273,#1501);
#1040=LINE('',#7275,#1502);
#1041=LINE('',#7276,#1503);
#1042=LINE('',#7279,#1504);
#1043=LINE('',#7280,#1505);
#1044=LINE('',#7283,#1506);
#1045=LINE('',#7284,#1507);
#1046=LINE('',#7286,#1508);
#1047=LINE('',#7290,#1509);
#1048=LINE('',#7294,#1510);
#1049=LINE('',#7299,#1511);
#1050=LINE('',#7303,#1512);
#1051=LINE('',#7308,#1513);
#1052=LINE('',#7312,#1514);
#1053=LINE('',#7315,#1515);
#1054=LINE('',#7317,#1516);
#1055=LINE('',#7320,#1517);
#1056=LINE('',#7321,#1518);
#1057=LINE('',#7324,#1519);
#1058=LINE('',#7327,#1520);
#1059=LINE('',#7329,#1521);
#1060=LINE('',#7331,#1522);
#1061=LINE('',#7333,#1523);
#1062=LINE('',#7335,#1524);
#1063=LINE('',#7339,#1525);
#1064=LINE('',#7343,#1526);
#1065=LINE('',#7348,#1527);
#1066=LINE('',#7352,#1528);
#1067=LINE('',#7357,#1529);
#1068=LINE('',#7361,#1530);
#1069=LINE('',#7364,#1531);
#1070=LINE('',#7366,#1532);
#1071=LINE('',#7369,#1533);
#1072=LINE('',#7370,#1534);
#1073=LINE('',#7373,#1535);
#1074=LINE('',#7376,#1536);
#1075=LINE('',#7378,#1537);
#1076=LINE('',#7380,#1538);
#1077=LINE('',#7382,#1539);
#1078=LINE('',#7384,#1540);
#1079=LINE('',#7387,#1541);
#1080=LINE('',#7390,#1542);
#1081=LINE('',#7394,#1543);
#1082=LINE('',#7396,#1544);
#1083=LINE('',#7398,#1545);
#1084=LINE('',#7401,#1546);
#1085=LINE('',#7404,#1547);
#1086=LINE('',#7406,#1548);
#1087=LINE('',#7408,#1549);
#1088=LINE('',#7411,#1550);
#1089=LINE('',#7419,#1551);
#1090=LINE('',#7425,#1552);
#1091=LINE('',#7431,#1553);
#1092=LINE('',#7437,#1554);
#1093=LINE('',#7442,#1555);
#1094=LINE('',#7444,#1556);
#1095=LINE('',#7446,#1557);
#1096=LINE('',#7447,#1558);
#1097=LINE('',#7451,#1559);
#1098=LINE('',#7453,#1560);
#1099=LINE('',#7455,#1561);
#1100=LINE('',#7456,#1562);
#1101=LINE('',#7458,#1563);
#1102=LINE('',#7459,#1564);
#1103=LINE('',#7461,#1565);
#1104=LINE('',#7463,#1566);
#1105=LINE('',#7468,#1567);
#1106=LINE('',#7470,#1568);
#1107=LINE('',#7472,#1569);
#1108=LINE('',#7473,#1570);
#1109=LINE('',#7477,#1571);
#1110=LINE('',#7479,#1572);
#1111=LINE('',#7481,#1573);
#1112=LINE('',#7482,#1574);
#1113=LINE('',#7484,#1575);
#1114=LINE('',#7485,#1576);
#1115=LINE('',#7487,#1577);
#1116=LINE('',#7489,#1578);
#1117=LINE('',#7494,#1579);
#1118=LINE('',#7496,#1580);
#1119=LINE('',#7498,#1581);
#1120=LINE('',#7499,#1582);
#1121=LINE('',#7503,#1583);
#1122=LINE('',#7505,#1584);
#1123=LINE('',#7507,#1585);
#1124=LINE('',#7508,#1586);
#1125=LINE('',#7510,#1587);
#1126=LINE('',#7511,#1588);
#1127=LINE('',#7513,#1589);
#1128=LINE('',#7515,#1590);
#1129=LINE('',#7520,#1591);
#1130=LINE('',#7522,#1592);
#1131=LINE('',#7524,#1593);
#1132=LINE('',#7525,#1594);
#1133=LINE('',#7529,#1595);
#1134=LINE('',#7531,#1596);
#1135=LINE('',#7533,#1597);
#1136=LINE('',#7534,#1598);
#1137=LINE('',#7536,#1599);
#1138=LINE('',#7537,#1600);
#1139=LINE('',#7539,#1601);
#1140=LINE('',#7541,#1602);
#1141=LINE('',#7547,#1603);
#1142=LINE('',#7555,#1604);
#1143=LINE('',#7563,#1605);
#1144=LINE('',#7571,#1606);
#1145=LINE('',#7579,#1607);
#1146=LINE('',#7587,#1608);
#1147=LINE('',#7595,#1609);
#1148=LINE('',#7603,#1610);
#1149=LINE('',#7611,#1611);
#1150=LINE('',#7613,#1612);
#1151=LINE('',#7615,#1613);
#1152=LINE('',#7616,#1614);
#1153=LINE('',#7620,#1615);
#1154=LINE('',#7622,#1616);
#1155=LINE('',#7624,#1617);
#1156=LINE('',#7625,#1618);
#1157=LINE('',#7628,#1619);
#1158=LINE('',#7629,#1620);
#1159=LINE('',#7631,#1621);
#1160=LINE('',#7633,#1622);
#1161=LINE('',#7635,#1623);
#1162=LINE('',#7636,#1624);
#1163=LINE('',#7639,#1625);
#1164=LINE('',#7640,#1626);
#1165=LINE('',#7643,#1627);
#1166=LINE('',#7645,#1628);
#1167=LINE('',#7646,#1629);
#1168=LINE('',#7649,#1630);
#1169=LINE('',#7650,#1631);
#1170=LINE('',#7652,#1632);
#1171=LINE('',#7654,#1633);
#1172=LINE('',#7655,#1634);
#1173=LINE('',#7659,#1635);
#1174=LINE('',#7661,#1636);
#1175=LINE('',#7663,#1637);
#1176=LINE('',#7664,#1638);
#1177=LINE('',#7668,#1639);
#1178=LINE('',#7670,#1640);
#1179=LINE('',#7672,#1641);
#1180=LINE('',#7673,#1642);
#1181=LINE('',#7676,#1643);
#1182=LINE('',#7677,#1644);
#1183=LINE('',#7679,#1645);
#1184=LINE('',#7681,#1646);
#1185=LINE('',#7683,#1647);
#1186=LINE('',#7684,#1648);
#1187=LINE('',#7687,#1649);
#1188=LINE('',#7688,#1650);
#1189=LINE('',#7691,#1651);
#1190=LINE('',#7693,#1652);
#1191=LINE('',#7694,#1653);
#1192=LINE('',#7697,#1654);
#1193=LINE('',#7698,#1655);
#1194=LINE('',#7700,#1656);
#1195=LINE('',#7702,#1657);
#1196=LINE('',#7703,#1658);
#1197=LINE('',#7707,#1659);
#1198=LINE('',#7709,#1660);
#1199=LINE('',#7711,#1661);
#1200=LINE('',#7712,#1662);
#1201=LINE('',#7715,#1663);
#1202=LINE('',#7717,#1664);
#1203=LINE('',#7718,#1665);
#1204=LINE('',#7721,#1666);
#1205=LINE('',#7723,#1667);
#1206=LINE('',#7724,#1668);
#1207=LINE('',#7726,#1669);
#1208=LINE('',#7729,#1670);
#1209=LINE('',#7731,#1671);
#1210=LINE('',#7733,#1672);
#1211=LINE('',#7735,#1673);
#1212=LINE('',#7736,#1674);
#1213=LINE('',#7740,#1675);
#1214=LINE('',#7742,#1676);
#1215=LINE('',#7744,#1677);
#1216=LINE('',#7745,#1678);
#1217=LINE('',#7748,#1679);
#1218=LINE('',#7750,#1680);
#1219=LINE('',#7751,#1681);
#1220=LINE('',#7754,#1682);
#1221=LINE('',#7755,#1683);
#1222=LINE('',#7758,#1684);
#1223=LINE('',#7759,#1685);
#1224=LINE('',#7762,#1686);
#1225=LINE('',#7764,#1687);
#1226=LINE('',#7766,#1688);
#1227=LINE('',#7768,#1689);
#1228=LINE('',#7769,#1690);
#1229=LINE('',#7773,#1691);
#1230=LINE('',#7775,#1692);
#1231=LINE('',#7777,#1693);
#1232=LINE('',#7779,#1694);
#1233=LINE('',#7781,#1695);
#1234=LINE('',#7791,#1696);
#1235=LINE('',#7801,#1697);
#1236=LINE('',#7802,#1698);
#1237=LINE('',#7807,#1699);
#1238=LINE('',#7811,#1700);
#1239=LINE('',#7813,#1701);
#1240=LINE('',#7815,#1702);
#1241=LINE('',#7825,#1703);
#1242=LINE('',#7835,#1704);
#1243=LINE('',#7837,#1705);
#1244=LINE('',#7838,#1706);
#1245=LINE('',#7847,#1707);
#1246=LINE('',#7870,#1708);
#1247=LINE('',#7874,#1709);
#1248=LINE('',#7876,#1710);
#1249=LINE('',#7878,#1711);
#1250=LINE('',#7880,#1712);
#1251=LINE('',#7882,#1713);
#1252=LINE('',#7892,#1714);
#1253=LINE('',#7902,#1715);
#1254=LINE('',#7903,#1716);
#1255=LINE('',#7908,#1717);
#1256=LINE('',#7912,#1718);
#1257=LINE('',#7914,#1719);
#1258=LINE('',#7916,#1720);
#1259=LINE('',#7926,#1721);
#1260=LINE('',#7936,#1722);
#1261=LINE('',#7938,#1723);
#1262=LINE('',#7939,#1724);
#1263=LINE('',#7944,#1725);
#1264=LINE('',#7969,#1726);
#1265=LINE('',#7971,#1727);
#1266=LINE('',#7973,#1728);
#1267=LINE('',#7975,#1729);
#1268=LINE('',#7977,#1730);
#1269=LINE('',#7987,#1731);
#1270=LINE('',#7997,#1732);
#1271=LINE('',#7998,#1733);
#1272=LINE('',#8003,#1734);
#1273=LINE('',#8007,#1735);
#1274=LINE('',#8009,#1736);
#1275=LINE('',#8011,#1737);
#1276=LINE('',#8021,#1738);
#1277=LINE('',#8031,#1739);
#1278=LINE('',#8033,#1740);
#1279=LINE('',#8034,#1741);
#1280=LINE('',#8043,#1742);
#1281=LINE('',#8066,#1743);
#1282=LINE('',#8070,#1744);
#1283=LINE('',#8072,#1745);
#1284=LINE('',#8074,#1746);
#1285=LINE('',#8076,#1747);
#1286=LINE('',#8078,#1748);
#1287=LINE('',#8088,#1749);
#1288=LINE('',#8098,#1750);
#1289=LINE('',#8099,#1751);
#1290=LINE('',#8104,#1752);
#1291=LINE('',#8108,#1753);
#1292=LINE('',#8110,#1754);
#1293=LINE('',#8112,#1755);
#1294=LINE('',#8122,#1756);
#1295=LINE('',#8132,#1757);
#1296=LINE('',#8134,#1758);
#1297=LINE('',#8135,#1759);
#1298=LINE('',#8140,#1760);
#1299=LINE('',#8164,#1761);
#1300=LINE('',#8167,#1762);
#1301=LINE('',#8170,#1763);
#1302=LINE('',#8173,#1764);
#1303=LINE('',#8176,#1765);
#1304=LINE('',#8178,#1766);
#1305=LINE('',#8180,#1767);
#1306=LINE('',#8182,#1768);
#1307=LINE('',#8183,#1769);
#1308=LINE('',#8188,#1770);
#1309=LINE('',#8193,#1771);
#1310=LINE('',#8196,#1772);
#1311=LINE('',#8199,#1773);
#1312=LINE('',#8202,#1774);
#1313=LINE('',#8205,#1775);
#1314=LINE('',#8207,#1776);
#1315=LINE('',#8209,#1777);
#1316=LINE('',#8211,#1778);
#1317=LINE('',#8212,#1779);
#1318=LINE('',#8217,#1780);
#1319=LINE('',#8224,#1781);
#1320=LINE('',#8230,#1782);
#1321=LINE('',#8237,#1783);
#1322=LINE('',#8244,#1784);
#1323=LINE('',#8250,#1785);
#1324=LINE('',#8257,#1786);
#1325=LINE('',#8262,#1787);
#1326=LINE('',#8264,#1788);
#1327=LINE('',#8265,#1789);
#1328=LINE('',#8268,#1790);
#1329=LINE('',#8270,#1791);
#1330=LINE('',#8271,#1792);
#1331=LINE('',#8273,#1793);
#1332=LINE('',#8275,#1794);
#1333=LINE('',#8277,#1795);
#1334=LINE('',#8279,#1796);
#1335=LINE('',#8280,#1797);
#1336=LINE('',#8283,#1798);
#1337=LINE('',#8285,#1799);
#1338=LINE('',#8287,#1800);
#1339=LINE('',#8288,#1801);
#1340=LINE('',#8289,#1802);
#1341=LINE('',#8293,#1803);
#1342=LINE('',#8297,#1804);
#1343=LINE('',#8301,#1805);
#1344=LINE('',#8305,#1806);
#1345=LINE('',#8309,#1807);
#1346=LINE('',#8315,#1808);
#1347=LINE('',#8319,#1809);
#1348=LINE('',#8325,#1810);
#1349=LINE('',#8329,#1811);
#1350=LINE('',#8333,#1812);
#1351=LINE('',#8339,#1813);
#1352=LINE('',#8343,#1814);
#1353=LINE('',#8345,#1815);
#1354=LINE('',#8347,#1816);
#1355=LINE('',#8349,#1817);
#1356=LINE('',#8351,#1818);
#1357=LINE('',#8353,#1819);
#1358=LINE('',#8355,#1820);
#1359=LINE('',#8357,#1821);
#1360=LINE('',#8358,#1822);
#1361=LINE('',#8360,#1823);
#1362=LINE('',#8361,#1824);
#1363=LINE('',#8363,#1825);
#1364=LINE('',#8364,#1826);
#1365=LINE('',#8366,#1827);
#1366=LINE('',#8369,#1828);
#1367=LINE('',#8372,#1829);
#1368=LINE('',#8374,#1830);
#1369=LINE('',#8385,#1831);
#1370=LINE('',#8389,#1832);
#1371=LINE('',#8392,#1833);
#1372=LINE('',#8400,#1834);
#1373=LINE('',#8401,#1835);
#1374=LINE('',#8404,#1836);
#1375=LINE('',#8406,#1837);
#1376=LINE('',#8408,#1838);
#1377=LINE('',#8409,#1839);
#1378=LINE('',#8412,#1840);
#1379=LINE('',#8416,#1841);
#1380=LINE('',#8420,#1842);
#1381=LINE('',#8423,#1843);
#1382=LINE('',#8425,#1844);
#1383=LINE('',#8426,#1845);
#1384=LINE('',#8428,#1846);
#1385=LINE('',#8430,#1847);
#1386=LINE('',#8432,#1848);
#1387=LINE('',#8435,#1849);
#1388=LINE('',#8436,#1850);
#1389=LINE('',#8438,#1851);
#1390=LINE('',#8440,#1852);
#1391=LINE('',#8441,#1853);
#1392=LINE('',#8444,#1854);
#1393=LINE('',#8446,#1855);
#1394=LINE('',#8447,#1856);
#1395=LINE('',#8452,#1857);
#1396=LINE('',#8453,#1858);
#1397=LINE('',#8456,#1859);
#1398=LINE('',#8458,#1860);
#1399=LINE('',#8460,#1861);
#1400=LINE('',#8461,#1862);
#1401=LINE('',#8462,#1863);
#1402=LINE('',#8466,#1864);
#1403=LINE('',#8471,#1865);
#1404=LINE('',#8472,#1866);
#1405=LINE('',#8474,#1867);
#1406=LINE('',#8476,#1868);
#1407=LINE('',#8478,#1869);
#1408=LINE('',#8480,#1870);
#1409=LINE('',#8481,#1871);
#1410=LINE('',#8486,#1872);
#1411=LINE('',#8491,#1873);
#1412=LINE('',#8495,#1874);
#1413=LINE('',#8502,#1875);
#1414=LINE('',#8506,#1876);
#1415=LINE('',#8510,#1877);
#1416=LINE('',#8514,#1878);
#1417=LINE('',#8518,#1879);
#1418=LINE('',#8521,#1880);
#1419=LINE('',#8524,#1881);
#1420=LINE('',#8527,#1882);
#1421=LINE('',#8530,#1883);
#1422=LINE('',#8532,#1884);
#1423=LINE('',#8535,#1885);
#1424=LINE('',#8537,#1886);
#1425=LINE('',#8540,#1887);
#1426=LINE('',#8541,#1888);
#1427=LINE('',#8543,#1889);
#1428=LINE('',#8544,#1890);
#1429=VECTOR('',#5584,1.2);
#1430=VECTOR('',#5591,1.2);
#1431=VECTOR('',#5596,10.);
#1432=VECTOR('',#5597,10.);
#1433=VECTOR('',#5598,10.);
#1434=VECTOR('',#5599,10.);
#1435=VECTOR('',#5602,10.);
#1436=VECTOR('',#5603,10.);
#1437=VECTOR('',#5604,10.);
#1438=VECTOR('',#5607,10.);
#1439=VECTOR('',#5608,10.);
#1440=VECTOR('',#5609,10.);
#1441=VECTOR('',#5612,10.);
#1442=VECTOR('',#5613,10.);
#1443=VECTOR('',#5616,10.);
#1444=VECTOR('',#5617,10.);
#1445=VECTOR('',#5618,10.);
#1446=VECTOR('',#5619,10.);
#1447=VECTOR('',#5622,10.);
#1448=VECTOR('',#5623,10.);
#1449=VECTOR('',#5624,10.);
#1450=VECTOR('',#5625,10.);
#1451=VECTOR('',#5628,10.);
#1452=VECTOR('',#5629,10.);
#1453=VECTOR('',#5632,10.);
#1454=VECTOR('',#5635,10.);
#1455=VECTOR('',#5654,10.);
#1456=VECTOR('',#5655,10.);
#1457=VECTOR('',#5668,10.);
#1458=VECTOR('',#5669,10.);
#1459=VECTOR('',#5682,10.);
#1460=VECTOR('',#5683,10.);
#1461=VECTOR('',#5694,10.);
#1462=VECTOR('',#5695,10.);
#1463=VECTOR('',#5698,10.);
#1464=VECTOR('',#5699,10.);
#1465=VECTOR('',#5700,10.);
#1466=VECTOR('',#5703,10.);
#1467=VECTOR('',#5708,10.);
#1468=VECTOR('',#5709,10.);
#1469=VECTOR('',#5712,10.);
#1470=VECTOR('',#5719,10.);
#1471=VECTOR('',#5722,10.);
#1472=VECTOR('',#5725,10.);
#1473=VECTOR('',#5728,10.);
#1474=VECTOR('',#5741,10.);
#1475=VECTOR('',#5752,10.);
#1476=VECTOR('',#5763,10.);
#1477=VECTOR('',#5772,10.);
#1478=VECTOR('',#5775,10.);
#1479=VECTOR('',#5776,10.);
#1480=VECTOR('',#5777,10.);
#1481=VECTOR('',#5780,10.);
#1482=VECTOR('',#5785,10.);
#1483=VECTOR('',#5786,10.);
#1484=VECTOR('',#5789,10.);
#1485=VECTOR('',#5794,10.);
#1486=VECTOR('',#5795,10.);
#1487=VECTOR('',#5796,10.);
#1488=VECTOR('',#5797,10.);
#1489=VECTOR('',#5800,10.);
#1490=VECTOR('',#5801,10.);
#1491=VECTOR('',#5802,10.);
#1492=VECTOR('',#5805,10.);
#1493=VECTOR('',#5806,10.);
#1494=VECTOR('',#5809,10.);
#1495=VECTOR('',#5810,10.);
#1496=VECTOR('',#5813,10.);
#1497=VECTOR('',#5816,10.);
#1498=VECTOR('',#5817,10.);
#1499=VECTOR('',#5818,10.);
#1500=VECTOR('',#5819,10.);
#1501=VECTOR('',#5822,10.);
#1502=VECTOR('',#5823,10.);
#1503=VECTOR('',#5824,10.);
#1504=VECTOR('',#5827,10.);
#1505=VECTOR('',#5828,10.);
#1506=VECTOR('',#5831,10.);
#1507=VECTOR('',#5832,10.);
#1508=VECTOR('',#5835,10.);
#1509=VECTOR('',#5838,10.);
#1510=VECTOR('',#5841,10.);
#1511=VECTOR('',#5846,10.);
#1512=VECTOR('',#5849,10.);
#1513=VECTOR('',#5854,10.);
#1514=VECTOR('',#5857,10.);
#1515=VECTOR('',#5862,10.);
#1516=VECTOR('',#5863,10.);
#1517=VECTOR('',#5866,10.);
#1518=VECTOR('',#5867,10.);
#1519=VECTOR('',#5870,10.);
#1520=VECTOR('',#5873,10.);
#1521=VECTOR('',#5876,10.);
#1522=VECTOR('',#5879,10.);
#1523=VECTOR('',#5882,10.);
#1524=VECTOR('',#5885,10.);
#1525=VECTOR('',#5888,10.);
#1526=VECTOR('',#5891,10.);
#1527=VECTOR('',#5896,10.);
#1528=VECTOR('',#5899,10.);
#1529=VECTOR('',#5904,10.);
#1530=VECTOR('',#5907,10.);
#1531=VECTOR('',#5912,10.);
#1532=VECTOR('',#5913,10.);
#1533=VECTOR('',#5916,10.);
#1534=VECTOR('',#5917,10.);
#1535=VECTOR('',#5920,10.);
#1536=VECTOR('',#5923,10.);
#1537=VECTOR('',#5926,10.);
#1538=VECTOR('',#5929,10.);
#1539=VECTOR('',#5932,10.);
#1540=VECTOR('',#5935,10.);
#1541=VECTOR('',#5938,10.);
#1542=VECTOR('',#5941,10.);
#1543=VECTOR('',#5946,10.);
#1544=VECTOR('',#5949,10.);
#1545=VECTOR('',#5952,10.);
#1546=VECTOR('',#5955,10.);
#1547=VECTOR('',#5958,10.);
#1548=VECTOR('',#5961,10.);
#1549=VECTOR('',#5962,10.);
#1550=VECTOR('',#5967,10.);
#1551=VECTOR('',#5978,1.5);
#1552=VECTOR('',#5985,1.5);
#1553=VECTOR('',#5992,1.5);
#1554=VECTOR('',#5999,1.5);
#1555=VECTOR('',#6004,10.);
#1556=VECTOR('',#6005,10.);
#1557=VECTOR('',#6006,10.);
#1558=VECTOR('',#6007,10.);
#1559=VECTOR('',#6010,10.);
#1560=VECTOR('',#6011,10.);
#1561=VECTOR('',#6012,10.);
#1562=VECTOR('',#6013,10.);
#1563=VECTOR('',#6016,10.);
#1564=VECTOR('',#6017,10.);
#1565=VECTOR('',#6020,10.);
#1566=VECTOR('',#6023,10.);
#1567=VECTOR('',#6028,10.);
#1568=VECTOR('',#6029,10.);
#1569=VECTOR('',#6030,10.);
#1570=VECTOR('',#6031,10.);
#1571=VECTOR('',#6034,10.);
#1572=VECTOR('',#6035,10.);
#1573=VECTOR('',#6036,10.);
#1574=VECTOR('',#6037,10.);
#1575=VECTOR('',#6040,10.);
#1576=VECTOR('',#6041,10.);
#1577=VECTOR('',#6044,10.);
#1578=VECTOR('',#6047,10.);
#1579=VECTOR('',#6052,10.);
#1580=VECTOR('',#6053,10.);
#1581=VECTOR('',#6054,10.);
#1582=VECTOR('',#6055,10.);
#1583=VECTOR('',#6058,10.);
#1584=VECTOR('',#6059,10.);
#1585=VECTOR('',#6060,10.);
#1586=VECTOR('',#6061,10.);
#1587=VECTOR('',#6064,10.);
#1588=VECTOR('',#6065,10.);
#1589=VECTOR('',#6068,10.);
#1590=VECTOR('',#6071,10.);
#1591=VECTOR('',#6076,10.);
#1592=VECTOR('',#6077,10.);
#1593=VECTOR('',#6078,10.);
#1594=VECTOR('',#6079,10.);
#1595=VECTOR('',#6082,10.);
#1596=VECTOR('',#6083,10.);
#1597=VECTOR('',#6084,10.);
#1598=VECTOR('',#6085,10.);
#1599=VECTOR('',#6088,10.);
#1600=VECTOR('',#6089,10.);
#1601=VECTOR('',#6092,10.);
#1602=VECTOR('',#6095,10.);
#1603=VECTOR('',#6102,0.575);
#1604=VECTOR('',#6113,0.575);
#1605=VECTOR('',#6124,0.575);
#1606=VECTOR('',#6135,0.575);
#1607=VECTOR('',#6146,0.575);
#1608=VECTOR('',#6157,0.575);
#1609=VECTOR('',#6168,0.575);
#1610=VECTOR('',#6179,0.575);
#1611=VECTOR('',#6190,10.);
#1612=VECTOR('',#6191,10.);
#1613=VECTOR('',#6192,10.);
#1614=VECTOR('',#6193,10.);
#1615=VECTOR('',#6196,10.);
#1616=VECTOR('',#6197,10.);
#1617=VECTOR('',#6198,10.);
#1618=VECTOR('',#6199,10.);
#1619=VECTOR('',#6202,10.);
#1620=VECTOR('',#6203,10.);
#1621=VECTOR('',#6204,10.);
#1622=VECTOR('',#6205,10.);
#1623=VECTOR('',#6206,10.);
#1624=VECTOR('',#6207,10.);
#1625=VECTOR('',#6210,10.);
#1626=VECTOR('',#6211,10.);
#1627=VECTOR('',#6214,10.);
#1628=VECTOR('',#6215,10.);
#1629=VECTOR('',#6216,10.);
#1630=VECTOR('',#6219,10.);
#1631=VECTOR('',#6220,10.);
#1632=VECTOR('',#6223,10.);
#1633=VECTOR('',#6226,10.);
#1634=VECTOR('',#6227,10.);
#1635=VECTOR('',#6230,10.);
#1636=VECTOR('',#6231,10.);
#1637=VECTOR('',#6232,10.);
#1638=VECTOR('',#6233,10.);
#1639=VECTOR('',#6236,10.);
#1640=VECTOR('',#6237,10.);
#1641=VECTOR('',#6238,10.);
#1642=VECTOR('',#6239,10.);
#1643=VECTOR('',#6242,10.);
#1644=VECTOR('',#6243,10.);
#1645=VECTOR('',#6244,10.);
#1646=VECTOR('',#6245,10.);
#1647=VECTOR('',#6246,10.);
#1648=VECTOR('',#6247,10.);
#1649=VECTOR('',#6250,10.);
#1650=VECTOR('',#6251,10.);
#1651=VECTOR('',#6254,10.);
#1652=VECTOR('',#6255,10.);
#1653=VECTOR('',#6256,10.);
#1654=VECTOR('',#6259,10.);
#1655=VECTOR('',#6260,10.);
#1656=VECTOR('',#6263,10.);
#1657=VECTOR('',#6266,10.);
#1658=VECTOR('',#6267,10.);
#1659=VECTOR('',#6270,10.);
#1660=VECTOR('',#6271,10.);
#1661=VECTOR('',#6272,10.);
#1662=VECTOR('',#6273,10.);
#1663=VECTOR('',#6276,10.);
#1664=VECTOR('',#6277,10.);
#1665=VECTOR('',#6278,10.);
#1666=VECTOR('',#6281,10.);
#1667=VECTOR('',#6282,10.);
#1668=VECTOR('',#6283,10.);
#1669=VECTOR('',#6286,10.);
#1670=VECTOR('',#6289,10.);
#1671=VECTOR('',#6290,10.);
#1672=VECTOR('',#6291,10.);
#1673=VECTOR('',#6292,10.);
#1674=VECTOR('',#6293,10.);
#1675=VECTOR('',#6296,10.);
#1676=VECTOR('',#6297,10.);
#1677=VECTOR('',#6298,10.);
#1678=VECTOR('',#6299,10.);
#1679=VECTOR('',#6302,10.);
#1680=VECTOR('',#6303,10.);
#1681=VECTOR('',#6304,10.);
#1682=VECTOR('',#6307,10.);
#1683=VECTOR('',#6308,10.);
#1684=VECTOR('',#6311,10.);
#1685=VECTOR('',#6312,10.);
#1686=VECTOR('',#6315,10.);
#1687=VECTOR('',#6316,10.);
#1688=VECTOR('',#6317,10.);
#1689=VECTOR('',#6318,10.);
#1690=VECTOR('',#6319,10.);
#1691=VECTOR('',#6322,10.);
#1692=VECTOR('',#6323,10.);
#1693=VECTOR('',#6324,10.);
#1694=VECTOR('',#6325,10.);
#1695=VECTOR('',#6326,10.);
#1696=VECTOR('',#6327,10.);
#1697=VECTOR('',#6328,10.);
#1698=VECTOR('',#6329,10.);
#1699=VECTOR('',#6334,10.);
#1700=VECTOR('',#6339,10.);
#1701=VECTOR('',#6340,10.);
#1702=VECTOR('',#6341,10.);
#1703=VECTOR('',#6342,10.);
#1704=VECTOR('',#6343,10.);
#1705=VECTOR('',#6344,10.);
#1706=VECTOR('',#6345,10.);
#1707=VECTOR('',#6354,1.75);
#1708=VECTOR('',#6399,10.);
#1709=VECTOR('',#6402,10.);
#1710=VECTOR('',#6403,10.);
#1711=VECTOR('',#6404,10.);
#1712=VECTOR('',#6405,10.);
#1713=VECTOR('',#6406,10.);
#1714=VECTOR('',#6407,10.);
#1715=VECTOR('',#6408,10.);
#1716=VECTOR('',#6409,10.);
#1717=VECTOR('',#6414,10.);
#1718=VECTOR('',#6419,10.);
#1719=VECTOR('',#6420,10.);
#1720=VECTOR('',#6421,10.);
#1721=VECTOR('',#6422,10.);
#1722=VECTOR('',#6423,10.);
#1723=VECTOR('',#6424,10.);
#1724=VECTOR('',#6425,10.);
#1725=VECTOR('',#6430,2.2);
#1726=VECTOR('',#6475,10.);
#1727=VECTOR('',#6476,10.);
#1728=VECTOR('',#6477,10.);
#1729=VECTOR('',#6478,10.);
#1730=VECTOR('',#6479,10.);
#1731=VECTOR('',#6480,10.);
#1732=VECTOR('',#6481,10.);
#1733=VECTOR('',#6482,10.);
#1734=VECTOR('',#6487,10.);
#1735=VECTOR('',#6492,10.);
#1736=VECTOR('',#6493,10.);
#1737=VECTOR('',#6494,10.);
#1738=VECTOR('',#6495,10.);
#1739=VECTOR('',#6496,10.);
#1740=VECTOR('',#6497,10.);
#1741=VECTOR('',#6498,10.);
#1742=VECTOR('',#6507,1.75);
#1743=VECTOR('',#6552,10.);
#1744=VECTOR('',#6555,10.);
#1745=VECTOR('',#6556,10.);
#1746=VECTOR('',#6557,10.);
#1747=VECTOR('',#6558,10.);
#1748=VECTOR('',#6559,10.);
#1749=VECTOR('',#6560,10.);
#1750=VECTOR('',#6561,10.);
#1751=VECTOR('',#6562,10.);
#1752=VECTOR('',#6567,10.);
#1753=VECTOR('',#6572,10.);
#1754=VECTOR('',#6573,10.);
#1755=VECTOR('',#6574,10.);
#1756=VECTOR('',#6575,10.);
#1757=VECTOR('',#6576,10.);
#1758=VECTOR('',#6577,10.);
#1759=VECTOR('',#6578,10.);
#1760=VECTOR('',#6583,2.2);
#1761=VECTOR('',#6628,10.);
#1762=VECTOR('',#6631,10.);
#1763=VECTOR('',#6634,10.);
#1764=VECTOR('',#6637,10.);
#1765=VECTOR('',#6640,10.);
#1766=VECTOR('',#6641,10.);
#1767=VECTOR('',#6642,10.);
#1768=VECTOR('',#6643,10.);
#1769=VECTOR('',#6644,10.);
#1770=VECTOR('',#6649,2.4);
#1771=VECTOR('',#6656,10.);
#1772=VECTOR('',#6659,10.);
#1773=VECTOR('',#6662,10.);
#1774=VECTOR('',#6665,10.);
#1775=VECTOR('',#6668,10.);
#1776=VECTOR('',#6669,10.);
#1777=VECTOR('',#6670,10.);
#1778=VECTOR('',#6671,10.);
#1779=VECTOR('',#6672,10.);
#1780=VECTOR('',#6677,2.4);
#1781=VECTOR('',#6686,1.1);
#1782=VECTOR('',#6693,1.6);
#1783=VECTOR('',#6702,2.);
#1784=VECTOR('',#6711,1.1);
#1785=VECTOR('',#6718,1.6);
#1786=VECTOR('',#6727,2.);
#1787=VECTOR('',#6734,10.);
#1788=VECTOR('',#6735,10.);
#1789=VECTOR('',#6736,10.);
#1790=VECTOR('',#6739,10.);
#1791=VECTOR('',#6740,10.);
#1792=VECTOR('',#6741,10.);
#1793=VECTOR('',#6744,10.);
#1794=VECTOR('',#6745,10.);
#1795=VECTOR('',#6746,10.);
#1796=VECTOR('',#6747,10.);
#1797=VECTOR('',#6748,10.);
#1798=VECTOR('',#6751,10.);
#1799=VECTOR('',#6752,10.);
#1800=VECTOR('',#6753,10.);
#1801=VECTOR('',#6754,10.);
#1802=VECTOR('',#6755,10.);
#1803=VECTOR('',#6758,10.);
#1804=VECTOR('',#6761,10.);
#1805=VECTOR('',#6764,10.);
#1806=VECTOR('',#6767,10.);
#1807=VECTOR('',#6770,10.);
#1808=VECTOR('',#6775,10.);
#1809=VECTOR('',#6778,10.);
#1810=VECTOR('',#6783,10.);
#1811=VECTOR('',#6786,10.);
#1812=VECTOR('',#6789,10.);
#1813=VECTOR('',#6794,10.);
#1814=VECTOR('',#6797,10.);
#1815=VECTOR('',#6800,10.);
#1816=VECTOR('',#6801,10.);
#1817=VECTOR('',#6802,10.);
#1818=VECTOR('',#6803,10.);
#1819=VECTOR('',#6804,10.);
#1820=VECTOR('',#6805,10.);
#1821=VECTOR('',#6806,10.);
#1822=VECTOR('',#6807,10.);
#1823=VECTOR('',#6810,10.);
#1824=VECTOR('',#6811,10.);
#1825=VECTOR('',#6814,10.);
#1826=VECTOR('',#6815,10.);
#1827=VECTOR('',#6818,10.);
#1828=VECTOR('',#6823,10.);
#1829=VECTOR('',#6828,10.);
#1830=VECTOR('',#6831,10.);
#1831=VECTOR('',#6842,10.);
#1832=VECTOR('',#6845,10.);
#1833=VECTOR('',#6848,10.);
#1834=VECTOR('',#6857,10.);
#1835=VECTOR('',#6858,10.);
#1836=VECTOR('',#6861,10.);
#1837=VECTOR('',#6862,10.);
#1838=VECTOR('',#6863,10.);
#1839=VECTOR('',#6864,10.);
#1840=VECTOR('',#6867,10.);
#1841=VECTOR('',#6870,10.);
#1842=VECTOR('',#6873,10.);
#1843=VECTOR('',#6878,10.);
#1844=VECTOR('',#6881,10.);
#1845=VECTOR('',#6882,10.);
#1846=VECTOR('',#6885,10.);
#1847=VECTOR('',#6888,10.);
#1848=VECTOR('',#6891,10.);
#1849=VECTOR('',#6896,10.);
#1850=VECTOR('',#6897,10.);
#1851=VECTOR('',#6900,10.);
#1852=VECTOR('',#6903,10.);
#1853=VECTOR('',#6904,10.);
#1854=VECTOR('',#6907,10.);
#1855=VECTOR('',#6908,10.);
#1856=VECTOR('',#6909,10.);
#1857=VECTOR('',#6914,10.);
#1858=VECTOR('',#6915,10.);
#1859=VECTOR('',#6918,10.);
#1860=VECTOR('',#6919,10.);
#1861=VECTOR('',#6920,10.);
#1862=VECTOR('',#6921,10.);
#1863=VECTOR('',#6922,10.);
#1864=VECTOR('',#6927,10.);
#1865=VECTOR('',#6932,10.);
#1866=VECTOR('',#6933,10.);
#1867=VECTOR('',#6936,10.);
#1868=VECTOR('',#6939,10.);
#1869=VECTOR('',#6942,3.75);
#1870=VECTOR('',#6945,10.);
#1871=VECTOR('',#6946,3.75);
#1872=VECTOR('',#6953,10.);
#1873=VECTOR('',#6960,10.);
#1874=VECTOR('',#6967,10.);
#1875=VECTOR('',#6976,10.);
#1876=VECTOR('',#6979,10.);
#1877=VECTOR('',#6984,10.);
#1878=VECTOR('',#6987,10.);
#1879=VECTOR('',#6990,10.);
#1880=VECTOR('',#6993,10.);
#1881=VECTOR('',#6996,10.);
#1882=VECTOR('',#6999,10.);
#1883=VECTOR('',#7002,10.);
#1884=VECTOR('',#7003,10.);
#1885=VECTOR('',#7008,10.);
#1886=VECTOR('',#7009,10.);
#1887=VECTOR('',#7012,10.);
#1888=VECTOR('',#7013,10.);
#1889=VECTOR('',#7016,10.);
#1890=VECTOR('',#7017,10.);
#1891=CIRCLE('',#5077,1.2);
#1892=CIRCLE('',#5078,1.2);
#1893=CIRCLE('',#5080,1.2);
#1894=CIRCLE('',#5081,1.2);
#1895=CIRCLE('',#5094,0.4);
#1896=CIRCLE('',#5095,2.);
#1897=CIRCLE('',#5096,0.4);
#1898=CIRCLE('',#5097,1.6);
#1899=CIRCLE('',#5099,0.4);
#1900=CIRCLE('',#5101,0.4);
#1901=CIRCLE('',#5102,1.6);
#1902=CIRCLE('',#5103,2.);
#1903=CIRCLE('',#5105,0.4);
#1904=CIRCLE('',#5107,0.4);
#1905=CIRCLE('',#5108,1.6);
#1906=CIRCLE('',#5109,2.);
#1907=CIRCLE('',#5111,0.4);
#1908=CIRCLE('',#5113,0.4);
#1909=CIRCLE('',#5114,1.6);
#1910=CIRCLE('',#5115,2.);
#1911=CIRCLE('',#5119,2.);
#1912=CIRCLE('',#5122,2.);
#1913=CIRCLE('',#5124,1.2);
#1914=CIRCLE('',#5125,1.2);
#1915=CIRCLE('',#5126,1.2);
#1916=CIRCLE('',#5127,1.2);
#1917=CIRCLE('',#5129,0.4);
#1918=CIRCLE('',#5130,0.8);
#1919=CIRCLE('',#5131,0.4);
#1920=CIRCLE('',#5133,0.4);
#1921=CIRCLE('',#5135,0.400000000000001);
#1922=CIRCLE('',#5136,0.8);
#1923=CIRCLE('',#5138,0.4);
#1924=CIRCLE('',#5140,0.4);
#1925=CIRCLE('',#5141,0.8);
#1926=CIRCLE('',#5143,0.4);
#1927=CIRCLE('',#5145,0.400000000000001);
#1928=CIRCLE('',#5146,0.8);
#1929=CIRCLE('',#5150,0.8);
#1930=CIRCLE('',#5153,0.8);
#1931=CIRCLE('',#5165,0.6);
#1932=CIRCLE('',#5166,0.6);
#1933=CIRCLE('',#5168,0.6);
#1934=CIRCLE('',#5169,0.6);
#1935=CIRCLE('',#5171,0.6);
#1936=CIRCLE('',#5172,0.6);
#1937=CIRCLE('',#5174,0.6);
#1938=CIRCLE('',#5176,0.6);
#1939=CIRCLE('',#5182,0.6);
#1940=CIRCLE('',#5183,0.6);
#1941=CIRCLE('',#5185,0.6);
#1942=CIRCLE('',#5186,0.6);
#1943=CIRCLE('',#5188,0.6);
#1944=CIRCLE('',#5189,0.6);
#1945=CIRCLE('',#5191,0.6);
#1946=CIRCLE('',#5193,0.6);
#1947=CIRCLE('',#5199,0.8);
#1948=CIRCLE('',#5201,0.8);
#1949=CIRCLE('',#5205,2.);
#1950=CIRCLE('',#5207,2.);
#1951=CIRCLE('',#5213,1.5);
#1952=CIRCLE('',#5214,1.5);
#1953=CIRCLE('',#5216,1.5);
#1954=CIRCLE('',#5217,1.5);
#1955=CIRCLE('',#5219,1.5);
#1956=CIRCLE('',#5220,1.5);
#1957=CIRCLE('',#5222,1.5);
#1958=CIRCLE('',#5223,1.5);
#1959=CIRCLE('',#5249,0.15);
#1960=CIRCLE('',#5250,1.);
#1961=CIRCLE('',#5254,0.15);
#1962=CIRCLE('',#5255,1.);
#1963=CIRCLE('',#5259,0.15);
#1964=CIRCLE('',#5260,1.);
#1965=CIRCLE('',#5264,0.15);
#1966=CIRCLE('',#5265,1.);
#1967=CIRCLE('',#5269,0.15);
#1968=CIRCLE('',#5270,1.);
#1969=CIRCLE('',#5274,0.15);
#1970=CIRCLE('',#5275,1.);
#1971=CIRCLE('',#5279,0.15);
#1972=CIRCLE('',#5280,1.);
#1973=CIRCLE('',#5284,0.15);
#1974=CIRCLE('',#5285,1.);
#1975=CIRCLE('',#5317,1.75);
#1976=CIRCLE('',#5318,1.75);
#1977=CIRCLE('',#5321,1.75);
#1978=CIRCLE('',#5322,1.75);
#1979=CIRCLE('',#5323,1.75);
#1980=CIRCLE('',#5324,1.75);
#1981=CIRCLE('',#5325,1.75);
#1982=CIRCLE('',#5326,1.75);
#1983=CIRCLE('',#5328,1.4);
#1984=CIRCLE('',#5330,1.4);
#1985=CIRCLE('',#5332,1.4);
#1986=CIRCLE('',#5334,1.4);
#1987=CIRCLE('',#5336,1.6);
#1988=CIRCLE('',#5338,1.6);
#1989=CIRCLE('',#5340,1.2);
#1990=CIRCLE('',#5343,1.2);
#1991=CIRCLE('',#5348,2.2);
#1992=CIRCLE('',#5349,2.2);
#1993=CIRCLE('',#5352,2.2);
#1994=CIRCLE('',#5353,2.2);
#1995=CIRCLE('',#5354,2.2);
#1996=CIRCLE('',#5355,2.2);
#1997=CIRCLE('',#5357,1.4);
#1998=CIRCLE('',#5359,1.4);
#1999=CIRCLE('',#5361,1.4);
#2000=CIRCLE('',#5363,1.4);
#2001=CIRCLE('',#5365,1.675);
#2002=CIRCLE('',#5367,1.675);
#2003=CIRCLE('',#5369,1.2);
#2004=CIRCLE('',#5372,1.2);
#2005=CIRCLE('',#5376,1.75);
#2006=CIRCLE('',#5377,1.75);
#2007=CIRCLE('',#5380,1.75);
#2008=CIRCLE('',#5381,1.75);
#2009=CIRCLE('',#5382,1.75);
#2010=CIRCLE('',#5383,1.75);
#2011=CIRCLE('',#5384,1.75);
#2012=CIRCLE('',#5385,1.75);
#2013=CIRCLE('',#5387,1.4);
#2014=CIRCLE('',#5389,1.4);
#2015=CIRCLE('',#5391,1.4);
#2016=CIRCLE('',#5393,1.4);
#2017=CIRCLE('',#5395,1.6);
#2018=CIRCLE('',#5397,1.6);
#2019=CIRCLE('',#5399,1.2);
#2020=CIRCLE('',#5402,1.2);
#2021=CIRCLE('',#5407,2.2);
#2022=CIRCLE('',#5408,2.2);
#2023=CIRCLE('',#5411,2.2);
#2024=CIRCLE('',#5412,2.2);
#2025=CIRCLE('',#5413,2.2);
#2026=CIRCLE('',#5414,2.2);
#2027=CIRCLE('',#5416,1.4);
#2028=CIRCLE('',#5418,1.4);
#2029=CIRCLE('',#5420,1.4);
#2030=CIRCLE('',#5422,1.4);
#2031=CIRCLE('',#5424,1.675);
#2032=CIRCLE('',#5426,1.675);
#2033=CIRCLE('',#5428,1.2);
#2034=CIRCLE('',#5431,1.2);
#2035=CIRCLE('',#5434,2.);
#2036=CIRCLE('',#5436,2.);
#2037=CIRCLE('',#5439,2.4);
#2038=CIRCLE('',#5440,2.4);
#2039=CIRCLE('',#5443,2.);
#2040=CIRCLE('',#5445,2.);
#2041=CIRCLE('',#5448,2.4);
#2042=CIRCLE('',#5449,2.4);
#2043=CIRCLE('',#5452,1.1);
#2044=CIRCLE('',#5453,1.1);
#2045=CIRCLE('',#5455,1.6);
#2046=CIRCLE('',#5456,1.6);
#2047=CIRCLE('',#5459,2.);
#2048=CIRCLE('',#5460,2.);
#2049=CIRCLE('',#5463,1.1);
#2050=CIRCLE('',#5464,1.1);
#2051=CIRCLE('',#5466,1.6);
#2052=CIRCLE('',#5467,1.6);
#2053=CIRCLE('',#5470,2.);
#2054=CIRCLE('',#5471,2.);
#2055=CIRCLE('',#5478,2.5);
#2056=CIRCLE('',#5479,4.);
#2057=CIRCLE('',#5480,4.);
#2058=CIRCLE('',#5481,2.5);
#2059=CIRCLE('',#5482,3.75);
#2060=CIRCLE('',#5483,3.75);
#2061=CIRCLE('',#5484,2.5);
#2062=CIRCLE('',#5485,4.);
#2063=CIRCLE('',#5486,2.5);
#2064=CIRCLE('',#5487,3.);
#2065=CIRCLE('',#5488,3.);
#2066=CIRCLE('',#5489,2.5);
#2067=CIRCLE('',#5490,4.);
#2068=CIRCLE('',#5491,2.5);
#2069=CIRCLE('',#5492,3.75);
#2070=CIRCLE('',#5502,3.75);
#2071=CIRCLE('',#5504,3.75);
#2072=CIRCLE('',#5505,3.75);
#2073=CIRCLE('',#5506,2.5);
#2074=CIRCLE('',#5507,2.5);
#2075=CIRCLE('',#5509,3.75);
#2076=CIRCLE('',#5511,2.5);
#2077=CIRCLE('',#5514,3.);
#2078=CIRCLE('',#5515,3.);
#2079=CIRCLE('',#5516,2.5);
#2080=CIRCLE('',#5528,2.5);
#2081=CIRCLE('',#5531,2.5);
#2082=CIRCLE('',#5533,3.75);
#2083=CIRCLE('',#5540,4.);
#2084=CIRCLE('',#5542,4.);
#2085=CIRCLE('',#5544,4.);
#2086=CIRCLE('',#5546,4.);
#2087=CIRCLE('',#5551,1.);
#2088=CIRCLE('',#5552,1.);
#2089=CIRCLE('',#5554,1.);
#2090=CIRCLE('',#5555,1.);
#2091=CIRCLE('',#5556,1.);
#2092=CIRCLE('',#5558,1.);
#2093=CIRCLE('',#5560,1.);
#2094=CIRCLE('',#5562,1.);
#2095=VERTEX_POINT('',#7042);
#2096=VERTEX_POINT('',#7044);
#2097=VERTEX_POINT('',#7048);
#2098=VERTEX_POINT('',#7050);
#2099=VERTEX_POINT('',#7054);
#2100=VERTEX_POINT('',#7055);
#2101=VERTEX_POINT('',#7057);
#2102=VERTEX_POINT('',#7059);
#2103=VERTEX_POINT('',#7063);
#2104=VERTEX_POINT('',#7065);
#2105=VERTEX_POINT('',#7069);
#2106=VERTEX_POINT('',#7071);
#2107=VERTEX_POINT('',#7078);
#2108=VERTEX_POINT('',#7079);
#2109=VERTEX_POINT('',#7081);
#2110=VERTEX_POINT('',#7083);
#2111=VERTEX_POINT('',#7087);
#2112=VERTEX_POINT('',#7088);
#2113=VERTEX_POINT('',#7090);
#2114=VERTEX_POINT('',#7092);
#2115=VERTEX_POINT('',#7105);
#2116=VERTEX_POINT('',#7106);
#2117=VERTEX_POINT('',#7108);
#2118=VERTEX_POINT('',#7110);
#2119=VERTEX_POINT('',#7114);
#2120=VERTEX_POINT('',#7115);
#2121=VERTEX_POINT('',#7120);
#2122=VERTEX_POINT('',#7121);
#2123=VERTEX_POINT('',#7126);
#2124=VERTEX_POINT('',#7127);
#2125=VERTEX_POINT('',#7132);
#2126=VERTEX_POINT('',#7133);
#2127=VERTEX_POINT('',#7138);
#2128=VERTEX_POINT('',#7139);
#2129=VERTEX_POINT('',#7144);
#2130=VERTEX_POINT('',#7145);
#2131=VERTEX_POINT('',#7153);
#2132=VERTEX_POINT('',#7155);
#2133=VERTEX_POINT('',#7159);
#2134=VERTEX_POINT('',#7163);
#2135=VERTEX_POINT('',#7167);
#2136=VERTEX_POINT('',#7171);
#2137=VERTEX_POINT('',#7172);
#2138=VERTEX_POINT('',#7174);
#2139=VERTEX_POINT('',#7176);
#2140=VERTEX_POINT('',#7178);
#2141=VERTEX_POINT('',#7180);
#2142=VERTEX_POINT('',#7182);
#2143=VERTEX_POINT('',#7184);
#2144=VERTEX_POINT('',#7188);
#2145=VERTEX_POINT('',#7190);
#2146=VERTEX_POINT('',#7194);
#2147=VERTEX_POINT('',#7198);
#2148=VERTEX_POINT('',#7202);
#2149=VERTEX_POINT('',#7206);
#2150=VERTEX_POINT('',#7210);
#2151=VERTEX_POINT('',#7214);
#2152=VERTEX_POINT('',#7220);
#2153=VERTEX_POINT('',#7222);
#2154=VERTEX_POINT('',#7226);
#2155=VERTEX_POINT('',#7230);
#2156=VERTEX_POINT('',#7234);
#2157=VERTEX_POINT('',#7238);
#2158=VERTEX_POINT('',#7239);
#2159=VERTEX_POINT('',#7241);
#2160=VERTEX_POINT('',#7243);
#2161=VERTEX_POINT('',#7247);
#2162=VERTEX_POINT('',#7249);
#2163=VERTEX_POINT('',#7253);
#2164=VERTEX_POINT('',#7257);
#2165=VERTEX_POINT('',#7263);
#2166=VERTEX_POINT('',#7264);
#2167=VERTEX_POINT('',#7266);
#2168=VERTEX_POINT('',#7268);
#2169=VERTEX_POINT('',#7272);
#2170=VERTEX_POINT('',#7274);
#2171=VERTEX_POINT('',#7278);
#2172=VERTEX_POINT('',#7282);
#2173=VERTEX_POINT('',#7288);
#2174=VERTEX_POINT('',#7289);
#2175=VERTEX_POINT('',#7291);
#2176=VERTEX_POINT('',#7293);
#2177=VERTEX_POINT('',#7297);
#2178=VERTEX_POINT('',#7298);
#2179=VERTEX_POINT('',#7300);
#2180=VERTEX_POINT('',#7302);
#2181=VERTEX_POINT('',#7306);
#2182=VERTEX_POINT('',#7307);
#2183=VERTEX_POINT('',#7309);
#2184=VERTEX_POINT('',#7311);
#2185=VERTEX_POINT('',#7316);
#2186=VERTEX_POINT('',#7318);
#2187=VERTEX_POINT('',#7323);
#2188=VERTEX_POINT('',#7325);
#2189=VERTEX_POINT('',#7337);
#2190=VERTEX_POINT('',#7338);
#2191=VERTEX_POINT('',#7340);
#2192=VERTEX_POINT('',#7342);
#2193=VERTEX_POINT('',#7346);
#2194=VERTEX_POINT('',#7347);
#2195=VERTEX_POINT('',#7349);
#2196=VERTEX_POINT('',#7351);
#2197=VERTEX_POINT('',#7355);
#2198=VERTEX_POINT('',#7356);
#2199=VERTEX_POINT('',#7358);
#2200=VERTEX_POINT('',#7360);
#2201=VERTEX_POINT('',#7365);
#2202=VERTEX_POINT('',#7367);
#2203=VERTEX_POINT('',#7372);
#2204=VERTEX_POINT('',#7374);
#2205=VERTEX_POINT('',#7386);
#2206=VERTEX_POINT('',#7388);
#2207=VERTEX_POINT('',#7392);
#2208=VERTEX_POINT('',#7400);
#2209=VERTEX_POINT('',#7402);
#2210=VERTEX_POINT('',#7407);
#2211=VERTEX_POINT('',#7416);
#2212=VERTEX_POINT('',#7418);
#2213=VERTEX_POINT('',#7422);
#2214=VERTEX_POINT('',#7424);
#2215=VERTEX_POINT('',#7428);
#2216=VERTEX_POINT('',#7430);
#2217=VERTEX_POINT('',#7434);
#2218=VERTEX_POINT('',#7436);
#2219=VERTEX_POINT('',#7440);
#2220=VERTEX_POINT('',#7441);
#2221=VERTEX_POINT('',#7443);
#2222=VERTEX_POINT('',#7445);
#2223=VERTEX_POINT('',#7449);
#2224=VERTEX_POINT('',#7450);
#2225=VERTEX_POINT('',#7452);
#2226=VERTEX_POINT('',#7454);
#2227=VERTEX_POINT('',#7466);
#2228=VERTEX_POINT('',#7467);
#2229=VERTEX_POINT('',#7469);
#2230=VERTEX_POINT('',#7471);
#2231=VERTEX_POINT('',#7475);
#2232=VERTEX_POINT('',#7476);
#2233=VERTEX_POINT('',#7478);
#2234=VERTEX_POINT('',#7480);
#2235=VERTEX_POINT('',#7492);
#2236=VERTEX_POINT('',#7493);
#2237=VERTEX_POINT('',#7495);
#2238=VERTEX_POINT('',#7497);
#2239=VERTEX_POINT('',#7501);
#2240=VERTEX_POINT('',#7502);
#2241=VERTEX_POINT('',#7504);
#2242=VERTEX_POINT('',#7506);
#2243=VERTEX_POINT('',#7518);
#2244=VERTEX_POINT('',#7519);
#2245=VERTEX_POINT('',#7521);
#2246=VERTEX_POINT('',#7523);
#2247=VERTEX_POINT('',#7527);
#2248=VERTEX_POINT('',#7528);
#2249=VERTEX_POINT('',#7530);
#2250=VERTEX_POINT('',#7532);
#2251=VERTEX_POINT('',#7544);
#2252=VERTEX_POINT('',#7546);
#2253=VERTEX_POINT('',#7552);
#2254=VERTEX_POINT('',#7554);
#2255=VERTEX_POINT('',#7560);
#2256=VERTEX_POINT('',#7562);
#2257=VERTEX_POINT('',#7568);
#2258=VERTEX_POINT('',#7570);
#2259=VERTEX_POINT('',#7576);
#2260=VERTEX_POINT('',#7578);
#2261=VERTEX_POINT('',#7584);
#2262=VERTEX_POINT('',#7586);
#2263=VERTEX_POINT('',#7592);
#2264=VERTEX_POINT('',#7594);
#2265=VERTEX_POINT('',#7600);
#2266=VERTEX_POINT('',#7602);
#2267=VERTEX_POINT('',#7609);
#2268=VERTEX_POINT('',#7610);
#2269=VERTEX_POINT('',#7612);
#2270=VERTEX_POINT('',#7614);
#2271=VERTEX_POINT('',#7618);
#2272=VERTEX_POINT('',#7619);
#2273=VERTEX_POINT('',#7621);
#2274=VERTEX_POINT('',#7623);
#2275=VERTEX_POINT('',#7627);
#2276=VERTEX_POINT('',#7630);
#2277=VERTEX_POINT('',#7632);
#2278=VERTEX_POINT('',#7634);
#2279=VERTEX_POINT('',#7638);
#2280=VERTEX_POINT('',#7642);
#2281=VERTEX_POINT('',#7644);
#2282=VERTEX_POINT('',#7648);
#2283=VERTEX_POINT('',#7657);
#2284=VERTEX_POINT('',#7658);
#2285=VERTEX_POINT('',#7660);
#2286=VERTEX_POINT('',#7662);
#2287=VERTEX_POINT('',#7666);
#2288=VERTEX_POINT('',#7667);
#2289=VERTEX_POINT('',#7669);
#2290=VERTEX_POINT('',#7671);
#2291=VERTEX_POINT('',#7675);
#2292=VERTEX_POINT('',#7678);
#2293=VERTEX_POINT('',#7680);
#2294=VERTEX_POINT('',#7682);
#2295=VERTEX_POINT('',#7686);
#2296=VERTEX_POINT('',#7690);
#2297=VERTEX_POINT('',#7692);
#2298=VERTEX_POINT('',#7696);
#2299=VERTEX_POINT('',#7705);
#2300=VERTEX_POINT('',#7706);
#2301=VERTEX_POINT('',#7708);
#2302=VERTEX_POINT('',#7710);
#2303=VERTEX_POINT('',#7714);
#2304=VERTEX_POINT('',#7716);
#2305=VERTEX_POINT('',#7720);
#2306=VERTEX_POINT('',#7722);
#2307=VERTEX_POINT('',#7728);
#2308=VERTEX_POINT('',#7730);
#2309=VERTEX_POINT('',#7732);
#2310=VERTEX_POINT('',#7734);
#2311=VERTEX_POINT('',#7738);
#2312=VERTEX_POINT('',#7739);
#2313=VERTEX_POINT('',#7741);
#2314=VERTEX_POINT('',#7743);
#2315=VERTEX_POINT('',#7747);
#2316=VERTEX_POINT('',#7749);
#2317=VERTEX_POINT('',#7753);
#2318=VERTEX_POINT('',#7757);
#2319=VERTEX_POINT('',#7761);
#2320=VERTEX_POINT('',#7763);
#2321=VERTEX_POINT('',#7765);
#2322=VERTEX_POINT('',#7767);
#2323=VERTEX_POINT('',#7771);
#2324=VERTEX_POINT('',#7772);
#2325=VERTEX_POINT('',#7774);
#2326=VERTEX_POINT('',#7776);
#2327=VERTEX_POINT('',#7778);
#2328=VERTEX_POINT('',#7780);
#2329=VERTEX_POINT('',#7782);
#2330=VERTEX_POINT('',#7786);
#2331=VERTEX_POINT('',#7790);
#2332=VERTEX_POINT('',#7792);
#2333=VERTEX_POINT('',#7796);
#2334=VERTEX_POINT('',#7800);
#2335=VERTEX_POINT('',#7804);
#2336=VERTEX_POINT('',#7806);
#2337=VERTEX_POINT('',#7810);
#2338=VERTEX_POINT('',#7812);
#2339=VERTEX_POINT('',#7814);
#2340=VERTEX_POINT('',#7816);
#2341=VERTEX_POINT('',#7820);
#2342=VERTEX_POINT('',#7824);
#2343=VERTEX_POINT('',#7826);
#2344=VERTEX_POINT('',#7830);
#2345=VERTEX_POINT('',#7834);
#2346=VERTEX_POINT('',#7836);
#2347=VERTEX_POINT('',#7840);
#2348=VERTEX_POINT('',#7841);
#2349=VERTEX_POINT('',#7843);
#2350=VERTEX_POINT('',#7846);
#2351=VERTEX_POINT('',#7872);
#2352=VERTEX_POINT('',#7873);
#2353=VERTEX_POINT('',#7875);
#2354=VERTEX_POINT('',#7877);
#2355=VERTEX_POINT('',#7879);
#2356=VERTEX_POINT('',#7881);
#2357=VERTEX_POINT('',#7883);
#2358=VERTEX_POINT('',#7887);
#2359=VERTEX_POINT('',#7891);
#2360=VERTEX_POINT('',#7893);
#2361=VERTEX_POINT('',#7897);
#2362=VERTEX_POINT('',#7901);
#2363=VERTEX_POINT('',#7905);
#2364=VERTEX_POINT('',#7907);
#2365=VERTEX_POINT('',#7911);
#2366=VERTEX_POINT('',#7913);
#2367=VERTEX_POINT('',#7915);
#2368=VERTEX_POINT('',#7917);
#2369=VERTEX_POINT('',#7921);
#2370=VERTEX_POINT('',#7925);
#2371=VERTEX_POINT('',#7927);
#2372=VERTEX_POINT('',#7931);
#2373=VERTEX_POINT('',#7935);
#2374=VERTEX_POINT('',#7937);
#2375=VERTEX_POINT('',#7941);
#2376=VERTEX_POINT('',#7943);
#2377=VERTEX_POINT('',#7967);
#2378=VERTEX_POINT('',#7968);
#2379=VERTEX_POINT('',#7970);
#2380=VERTEX_POINT('',#7972);
#2381=VERTEX_POINT('',#7974);
#2382=VERTEX_POINT('',#7976);
#2383=VERTEX_POINT('',#7978);
#2384=VERTEX_POINT('',#7982);
#2385=VERTEX_POINT('',#7986);
#2386=VERTEX_POINT('',#7988);
#2387=VERTEX_POINT('',#7992);
#2388=VERTEX_POINT('',#7996);
#2389=VERTEX_POINT('',#8000);
#2390=VERTEX_POINT('',#8002);
#2391=VERTEX_POINT('',#8006);
#2392=VERTEX_POINT('',#8008);
#2393=VERTEX_POINT('',#8010);
#2394=VERTEX_POINT('',#8012);
#2395=VERTEX_POINT('',#8016);
#2396=VERTEX_POINT('',#8020);
#2397=VERTEX_POINT('',#8022);
#2398=VERTEX_POINT('',#8026);
#2399=VERTEX_POINT('',#8030);
#2400=VERTEX_POINT('',#8032);
#2401=VERTEX_POINT('',#8036);
#2402=VERTEX_POINT('',#8037);
#2403=VERTEX_POINT('',#8039);
#2404=VERTEX_POINT('',#8042);
#2405=VERTEX_POINT('',#8068);
#2406=VERTEX_POINT('',#8069);
#2407=VERTEX_POINT('',#8071);
#2408=VERTEX_POINT('',#8073);
#2409=VERTEX_POINT('',#8075);
#2410=VERTEX_POINT('',#8077);
#2411=VERTEX_POINT('',#8079);
#2412=VERTEX_POINT('',#8083);
#2413=VERTEX_POINT('',#8087);
#2414=VERTEX_POINT('',#8089);
#2415=VERTEX_POINT('',#8093);
#2416=VERTEX_POINT('',#8097);
#2417=VERTEX_POINT('',#8101);
#2418=VERTEX_POINT('',#8103);
#2419=VERTEX_POINT('',#8107);
#2420=VERTEX_POINT('',#8109);
#2421=VERTEX_POINT('',#8111);
#2422=VERTEX_POINT('',#8113);
#2423=VERTEX_POINT('',#8117);
#2424=VERTEX_POINT('',#8121);
#2425=VERTEX_POINT('',#8123);
#2426=VERTEX_POINT('',#8127);
#2427=VERTEX_POINT('',#8131);
#2428=VERTEX_POINT('',#8133);
#2429=VERTEX_POINT('',#8137);
#2430=VERTEX_POINT('',#8139);
#2431=VERTEX_POINT('',#8163);
#2432=VERTEX_POINT('',#8165);
#2433=VERTEX_POINT('',#8169);
#2434=VERTEX_POINT('',#8171);
#2435=VERTEX_POINT('',#8175);
#2436=VERTEX_POINT('',#8177);
#2437=VERTEX_POINT('',#8179);
#2438=VERTEX_POINT('',#8181);
#2439=VERTEX_POINT('',#8185);
#2440=VERTEX_POINT('',#8187);
#2441=VERTEX_POINT('',#8192);
#2442=VERTEX_POINT('',#8194);
#2443=VERTEX_POINT('',#8198);
#2444=VERTEX_POINT('',#8200);
#2445=VERTEX_POINT('',#8204);
#2446=VERTEX_POINT('',#8206);
#2447=VERTEX_POINT('',#8208);
#2448=VERTEX_POINT('',#8210);
#2449=VERTEX_POINT('',#8214);
#2450=VERTEX_POINT('',#8216);
#2451=VERTEX_POINT('',#8221);
#2452=VERTEX_POINT('',#8223);
#2453=VERTEX_POINT('',#8227);
#2454=VERTEX_POINT('',#8229);
#2455=VERTEX_POINT('',#8234);
#2456=VERTEX_POINT('',#8236);
#2457=VERTEX_POINT('',#8241);
#2458=VERTEX_POINT('',#8243);
#2459=VERTEX_POINT('',#8247);
#2460=VERTEX_POINT('',#8249);
#2461=VERTEX_POINT('',#8254);
#2462=VERTEX_POINT('',#8256);
#2463=VERTEX_POINT('',#8261);
#2464=VERTEX_POINT('',#8263);
#2465=VERTEX_POINT('',#8267);
#2466=VERTEX_POINT('',#8269);
#2467=VERTEX_POINT('',#8274);
#2468=VERTEX_POINT('',#8276);
#2469=VERTEX_POINT('',#8278);
#2470=VERTEX_POINT('',#8282);
#2471=VERTEX_POINT('',#8284);
#2472=VERTEX_POINT('',#8286);
#2473=VERTEX_POINT('',#8291);
#2474=VERTEX_POINT('',#8292);
#2475=VERTEX_POINT('',#8294);
#2476=VERTEX_POINT('',#8296);
#2477=VERTEX_POINT('',#8298);
#2478=VERTEX_POINT('',#8300);
#2479=VERTEX_POINT('',#8302);
#2480=VERTEX_POINT('',#8304);
#2481=VERTEX_POINT('',#8306);
#2482=VERTEX_POINT('',#8308);
#2483=VERTEX_POINT('',#8310);
#2484=VERTEX_POINT('',#8312);
#2485=VERTEX_POINT('',#8314);
#2486=VERTEX_POINT('',#8316);
#2487=VERTEX_POINT('',#8318);
#2488=VERTEX_POINT('',#8320);
#2489=VERTEX_POINT('',#8322);
#2490=VERTEX_POINT('',#8324);
#2491=VERTEX_POINT('',#8326);
#2492=VERTEX_POINT('',#8328);
#2493=VERTEX_POINT('',#8330);
#2494=VERTEX_POINT('',#8332);
#2495=VERTEX_POINT('',#8334);
#2496=VERTEX_POINT('',#8336);
#2497=VERTEX_POINT('',#8338);
#2498=VERTEX_POINT('',#8340);
#2499=VERTEX_POINT('',#8342);
#2500=VERTEX_POINT('',#8346);
#2501=VERTEX_POINT('',#8348);
#2502=VERTEX_POINT('',#8350);
#2503=VERTEX_POINT('',#8352);
#2504=VERTEX_POINT('',#8354);
#2505=VERTEX_POINT('',#8356);
#2506=VERTEX_POINT('',#8376);
#2507=VERTEX_POINT('',#8379);
#2508=VERTEX_POINT('',#8380);
#2509=VERTEX_POINT('',#8382);
#2510=VERTEX_POINT('',#8384);
#2511=VERTEX_POINT('',#8386);
#2512=VERTEX_POINT('',#8388);
#2513=VERTEX_POINT('',#8390);
#2514=VERTEX_POINT('',#8394);
#2515=VERTEX_POINT('',#8397);
#2516=VERTEX_POINT('',#8398);
#2517=VERTEX_POINT('',#8403);
#2518=VERTEX_POINT('',#8405);
#2519=VERTEX_POINT('',#8407);
#2520=VERTEX_POINT('',#8411);
#2521=VERTEX_POINT('',#8413);
#2522=VERTEX_POINT('',#8415);
#2523=VERTEX_POINT('',#8417);
#2524=VERTEX_POINT('',#8419);
#2525=VERTEX_POINT('',#8443);
#2526=VERTEX_POINT('',#8445);
#2527=VERTEX_POINT('',#8449);
#2528=VERTEX_POINT('',#8450);
#2529=VERTEX_POINT('',#8455);
#2530=VERTEX_POINT('',#8457);
#2531=VERTEX_POINT('',#8459);
#2532=VERTEX_POINT('',#8464);
#2533=VERTEX_POINT('',#8468);
#2534=VERTEX_POINT('',#8469);
#2535=VERTEX_POINT('',#8484);
#2536=VERTEX_POINT('',#8490);
#2537=VERTEX_POINT('',#8500);
#2538=VERTEX_POINT('',#8501);
#2539=VERTEX_POINT('',#8503);
#2540=VERTEX_POINT('',#8505);
#2541=VERTEX_POINT('',#8509);
#2542=VERTEX_POINT('',#8511);
#2543=VERTEX_POINT('',#8513);
#2544=VERTEX_POINT('',#8515);
#2545=VERTEX_POINT('',#8517);
#2546=VERTEX_POINT('',#8519);
#2547=VERTEX_POINT('',#8523);
#2548=VERTEX_POINT('',#8525);
#2549=VERTEX_POINT('',#8529);
#2550=VERTEX_POINT('',#8531);
#2551=VERTEX_POINT('',#8536);
#2552=VERTEX_POINT('',#8538);
#2553=EDGE_CURVE('',#2095,#2095,#1891,.T.);
#2554=EDGE_CURVE('',#2095,#2096,#967,.T.);
#2555=EDGE_CURVE('',#2096,#2096,#1892,.T.);
#2556=EDGE_CURVE('',#2097,#2097,#1893,.T.);
#2557=EDGE_CURVE('',#2097,#2098,#968,.T.);
#2558=EDGE_CURVE('',#2098,#2098,#1894,.T.);
#2559=EDGE_CURVE('',#2099,#2100,#969,.T.);
#2560=EDGE_CURVE('',#2099,#2101,#970,.T.);
#2561=EDGE_CURVE('',#2102,#2101,#971,.T.);
#2562=EDGE_CURVE('',#2100,#2102,#972,.T.);
#2563=EDGE_CURVE('',#2100,#2103,#973,.T.);
#2564=EDGE_CURVE('',#2104,#2102,#974,.T.);
#2565=EDGE_CURVE('',#2103,#2104,#975,.T.);
#2566=EDGE_CURVE('',#2103,#2105,#976,.T.);
#2567=EDGE_CURVE('',#2106,#2104,#977,.T.);
#2568=EDGE_CURVE('',#2105,#2106,#978,.T.);
#2569=EDGE_CURVE('',#2105,#2099,#979,.T.);
#2570=EDGE_CURVE('',#2101,#2106,#980,.T.);
#2571=EDGE_CURVE('',#2107,#2108,#981,.T.);
#2572=EDGE_CURVE('',#2108,#2109,#982,.T.);
#2573=EDGE_CURVE('',#2109,#2110,#983,.T.);
#2574=EDGE_CURVE('',#2110,#2107,#984,.T.);
#2575=EDGE_CURVE('',#2111,#2112,#985,.T.);
#2576=EDGE_CURVE('',#2112,#2113,#986,.T.);
#2577=EDGE_CURVE('',#2113,#2114,#987,.T.);
#2578=EDGE_CURVE('',#2114,#2111,#988,.T.);
#2579=EDGE_CURVE('',#2110,#2113,#989,.T.);
#2580=EDGE_CURVE('',#2107,#2112,#990,.T.);
#2581=EDGE_CURVE('',#2109,#2114,#991,.T.);
#2582=EDGE_CURVE('',#2108,#2111,#992,.T.);
#2583=EDGE_CURVE('',#2115,#2116,#1895,.T.);
#2584=EDGE_CURVE('',#2116,#2117,#1896,.T.);
#2585=EDGE_CURVE('',#2117,#2118,#1897,.T.);
#2586=EDGE_CURVE('',#2118,#2115,#1898,.T.);
#2587=EDGE_CURVE('',#2119,#2120,#1899,.T.);
#2588=EDGE_CURVE('',#2120,#2118,#993,.T.);
#2589=EDGE_CURVE('',#2117,#2119,#994,.T.);
#2590=EDGE_CURVE('',#2121,#2122,#1900,.T.);
#2591=EDGE_CURVE('',#2122,#2120,#1901,.T.);
#2592=EDGE_CURVE('',#2119,#2121,#1902,.T.);
#2593=EDGE_CURVE('',#2123,#2124,#1903,.T.);
#2594=EDGE_CURVE('',#2124,#2122,#995,.T.);
#2595=EDGE_CURVE('',#2121,#2123,#996,.T.);
#2596=EDGE_CURVE('',#2125,#2126,#1904,.T.);
#2597=EDGE_CURVE('',#2126,#2124,#1905,.T.);
#2598=EDGE_CURVE('',#2123,#2125,#1906,.T.);
#2599=EDGE_CURVE('',#2127,#2128,#1907,.T.);
#2600=EDGE_CURVE('',#2128,#2126,#997,.T.);
#2601=EDGE_CURVE('',#2125,#2127,#998,.T.);
#2602=EDGE_CURVE('',#2129,#2130,#1908,.T.);
#2603=EDGE_CURVE('',#2130,#2128,#1909,.T.);
#2604=EDGE_CURVE('',#2127,#2129,#1910,.T.);
#2605=EDGE_CURVE('',#2115,#2130,#999,.T.);
#2606=EDGE_CURVE('',#2129,#2116,#1000,.T.);
#2607=EDGE_CURVE('',#2121,#2131,#1001,.T.);
#2608=EDGE_CURVE('',#2132,#2131,#1002,.T.);
#2609=EDGE_CURVE('',#2123,#2132,#1003,.T.);
#2610=EDGE_CURVE('',#2119,#2133,#1004,.T.);
#2611=EDGE_CURVE('',#2131,#2133,#1911,.T.);
#2612=EDGE_CURVE('',#2117,#2134,#1005,.T.);
#2613=EDGE_CURVE('',#2133,#2134,#1006,.T.);
#2614=EDGE_CURVE('',#2116,#2135,#1007,.T.);
#2615=EDGE_CURVE('',#2134,#2135,#1912,.T.);
#2616=EDGE_CURVE('',#2136,#2137,#1913,.T.);
#2617=EDGE_CURVE('',#2138,#2136,#1008,.T.);
#2618=EDGE_CURVE('',#2139,#2138,#1914,.T.);
#2619=EDGE_CURVE('',#2140,#2139,#1009,.T.);
#2620=EDGE_CURVE('',#2141,#2140,#1915,.T.);
#2621=EDGE_CURVE('',#2142,#2141,#1010,.T.);
#2622=EDGE_CURVE('',#2143,#2142,#1916,.T.);
#2623=EDGE_CURVE('',#2137,#2143,#1011,.T.);
#2624=EDGE_CURVE('',#2137,#2144,#1917,.T.);
#2625=EDGE_CURVE('',#2144,#2145,#1918,.T.);
#2626=EDGE_CURVE('',#2145,#2136,#1919,.T.);
#2627=EDGE_CURVE('',#2146,#2138,#1920,.T.);
#2628=EDGE_CURVE('',#2145,#2146,#1012,.T.);
#2629=EDGE_CURVE('',#2147,#2139,#1921,.T.);
#2630=EDGE_CURVE('',#2146,#2147,#1922,.T.);
#2631=EDGE_CURVE('',#2148,#2140,#1923,.T.);
#2632=EDGE_CURVE('',#2147,#2148,#1013,.T.);
#2633=EDGE_CURVE('',#2149,#2141,#1924,.T.);
#2634=EDGE_CURVE('',#2148,#2149,#1925,.T.);
#2635=EDGE_CURVE('',#2150,#2142,#1926,.T.);
#2636=EDGE_CURVE('',#2149,#2150,#1014,.T.);
#2637=EDGE_CURVE('',#2151,#2143,#1927,.T.);
#2638=EDGE_CURVE('',#2150,#2151,#1928,.T.);
#2639=EDGE_CURVE('',#2151,#2144,#1015,.T.);
#2640=EDGE_CURVE('',#2147,#2152,#1016,.T.);
#2641=EDGE_CURVE('',#2153,#2152,#1017,.T.);
#2642=EDGE_CURVE('',#2148,#2153,#1018,.T.);
#2643=EDGE_CURVE('',#2146,#2154,#1019,.T.);
#2644=EDGE_CURVE('',#2152,#2154,#1929,.T.);
#2645=EDGE_CURVE('',#2145,#2155,#1020,.T.);
#2646=EDGE_CURVE('',#2154,#2155,#1021,.T.);
#2647=EDGE_CURVE('',#2144,#2156,#1022,.T.);
#2648=EDGE_CURVE('',#2155,#2156,#1930,.T.);
#2649=EDGE_CURVE('',#2157,#2158,#1023,.T.);
#2650=EDGE_CURVE('',#2159,#2157,#1024,.T.);
#2651=EDGE_CURVE('',#2159,#2160,#1025,.T.);
#2652=EDGE_CURVE('',#2160,#2158,#1026,.T.);
#2653=EDGE_CURVE('',#2158,#2161,#1027,.T.);
#2654=EDGE_CURVE('',#2160,#2162,#1028,.T.);
#2655=EDGE_CURVE('',#2162,#2161,#1029,.T.);
#2656=EDGE_CURVE('',#2163,#2159,#1030,.T.);
#2657=EDGE_CURVE('',#2162,#2163,#1031,.T.);
#2658=EDGE_CURVE('',#2161,#2164,#1032,.T.);
#2659=EDGE_CURVE('',#2163,#2164,#1033,.T.);
#2660=EDGE_CURVE('',#2164,#2157,#1034,.T.);
#2661=EDGE_CURVE('',#2165,#2166,#1035,.T.);
#2662=EDGE_CURVE('',#2167,#2165,#1036,.T.);
#2663=EDGE_CURVE('',#2167,#2168,#1037,.T.);
#2664=EDGE_CURVE('',#2168,#2166,#1038,.T.);
#2665=EDGE_CURVE('',#2166,#2169,#1039,.T.);
#2666=EDGE_CURVE('',#2168,#2170,#1040,.T.);
#2667=EDGE_CURVE('',#2170,#2169,#1041,.T.);
#2668=EDGE_CURVE('',#2171,#2167,#1042,.T.);
#2669=EDGE_CURVE('',#2170,#2171,#1043,.T.);
#2670=EDGE_CURVE('',#2169,#2172,#1044,.T.);
#2671=EDGE_CURVE('',#2171,#2172,#1045,.T.);
#2672=EDGE_CURVE('',#2172,#2165,#1046,.T.);
#2673=EDGE_CURVE('',#2173,#2174,#1047,.T.);
#2674=EDGE_CURVE('',#2175,#2174,#1931,.T.);
#2675=EDGE_CURVE('',#2176,#2175,#1048,.T.);
#2676=EDGE_CURVE('',#2173,#2176,#1932,.T.);
#2677=EDGE_CURVE('',#2177,#2178,#1049,.T.);
#2678=EDGE_CURVE('',#2179,#2178,#1933,.T.);
#2679=EDGE_CURVE('',#2180,#2179,#1050,.T.);
#2680=EDGE_CURVE('',#2177,#2180,#1934,.T.);
#2681=EDGE_CURVE('',#2181,#2182,#1051,.T.);
#2682=EDGE_CURVE('',#2183,#2181,#1935,.T.);
#2683=EDGE_CURVE('',#2183,#2184,#1052,.T.);
#2684=EDGE_CURVE('',#2182,#2184,#1936,.T.);
#2685=EDGE_CURVE('',#2174,#2179,#1053,.T.);
#2686=EDGE_CURVE('',#2178,#2185,#1054,.T.);
#2687=EDGE_CURVE('',#2185,#2186,#1937,.T.);
#2688=EDGE_CURVE('',#2186,#2182,#1055,.T.);
#2689=EDGE_CURVE('',#2184,#2175,#1056,.T.);
#2690=EDGE_CURVE('',#2187,#2185,#1057,.T.);
#2691=EDGE_CURVE('',#2188,#2187,#1938,.T.);
#2692=EDGE_CURVE('',#2188,#2186,#1058,.T.);
#2693=EDGE_CURVE('',#2181,#2188,#1059,.T.);
#2694=EDGE_CURVE('',#2180,#2173,#1060,.T.);
#2695=EDGE_CURVE('',#2187,#2177,#1061,.T.);
#2696=EDGE_CURVE('',#2176,#2183,#1062,.T.);
#2697=EDGE_CURVE('',#2189,#2190,#1063,.T.);
#2698=EDGE_CURVE('',#2191,#2190,#1939,.T.);
#2699=EDGE_CURVE('',#2192,#2191,#1064,.T.);
#2700=EDGE_CURVE('',#2189,#2192,#1940,.T.);
#2701=EDGE_CURVE('',#2193,#2194,#1065,.T.);
#2702=EDGE_CURVE('',#2195,#2194,#1941,.T.);
#2703=EDGE_CURVE('',#2196,#2195,#1066,.T.);
#2704=EDGE_CURVE('',#2193,#2196,#1942,.T.);
#2705=EDGE_CURVE('',#2197,#2198,#1067,.T.);
#2706=EDGE_CURVE('',#2199,#2197,#1943,.T.);
#2707=EDGE_CURVE('',#2199,#2200,#1068,.T.);
#2708=EDGE_CURVE('',#2198,#2200,#1944,.T.);
#2709=EDGE_CURVE('',#2190,#2195,#1069,.T.);
#2710=EDGE_CURVE('',#2194,#2201,#1070,.T.);
#2711=EDGE_CURVE('',#2201,#2202,#1945,.T.);
#2712=EDGE_CURVE('',#2202,#2198,#1071,.T.);
#2713=EDGE_CURVE('',#2200,#2191,#1072,.T.);
#2714=EDGE_CURVE('',#2203,#2201,#1073,.T.);
#2715=EDGE_CURVE('',#2204,#2203,#1946,.T.);
#2716=EDGE_CURVE('',#2204,#2202,#1074,.T.);
#2717=EDGE_CURVE('',#2197,#2204,#1075,.T.);
#2718=EDGE_CURVE('',#2196,#2189,#1076,.T.);
#2719=EDGE_CURVE('',#2203,#2193,#1077,.T.);
#2720=EDGE_CURVE('',#2192,#2199,#1078,.T.);
#2721=EDGE_CURVE('',#2150,#2205,#1079,.T.);
#2722=EDGE_CURVE('',#2206,#2205,#1947,.T.);
#2723=EDGE_CURVE('',#2151,#2206,#1080,.T.);
#2724=EDGE_CURVE('',#2207,#2153,#1948,.T.);
#2725=EDGE_CURVE('',#2149,#2207,#1081,.T.);
#2726=EDGE_CURVE('',#2205,#2207,#1082,.T.);
#2727=EDGE_CURVE('',#2156,#2206,#1083,.T.);
#2728=EDGE_CURVE('',#2127,#2208,#1084,.T.);
#2729=EDGE_CURVE('',#2209,#2208,#1949,.T.);
#2730=EDGE_CURVE('',#2129,#2209,#1085,.T.);
#2731=EDGE_CURVE('',#2135,#2209,#1086,.T.);
#2732=EDGE_CURVE('',#2208,#2210,#1087,.T.);
#2733=EDGE_CURVE('',#2210,#2132,#1950,.T.);
#2734=EDGE_CURVE('',#2125,#2210,#1088,.T.);
#2735=EDGE_CURVE('',#2211,#2211,#1951,.T.);
#2736=EDGE_CURVE('',#2211,#2212,#1089,.T.);
#2737=EDGE_CURVE('',#2212,#2212,#1952,.T.);
#2738=EDGE_CURVE('',#2213,#2213,#1953,.T.);
#2739=EDGE_CURVE('',#2213,#2214,#1090,.T.);
#2740=EDGE_CURVE('',#2214,#2214,#1954,.T.);
#2741=EDGE_CURVE('',#2215,#2215,#1955,.T.);
#2742=EDGE_CURVE('',#2215,#2216,#1091,.T.);
#2743=EDGE_CURVE('',#2216,#2216,#1956,.T.);
#2744=EDGE_CURVE('',#2217,#2217,#1957,.T.);
#2745=EDGE_CURVE('',#2217,#2218,#1092,.T.);
#2746=EDGE_CURVE('',#2218,#2218,#1958,.T.);
#2747=EDGE_CURVE('',#2219,#2220,#1093,.T.);
#2748=EDGE_CURVE('',#2220,#2221,#1094,.T.);
#2749=EDGE_CURVE('',#2221,#2222,#1095,.T.);
#2750=EDGE_CURVE('',#2222,#2219,#1096,.T.);
#2751=EDGE_CURVE('',#2223,#2224,#1097,.T.);
#2752=EDGE_CURVE('',#2224,#2225,#1098,.T.);
#2753=EDGE_CURVE('',#2225,#2226,#1099,.T.);
#2754=EDGE_CURVE('',#2226,#2223,#1100,.T.);
#2755=EDGE_CURVE('',#2222,#2225,#1101,.T.);
#2756=EDGE_CURVE('',#2219,#2224,#1102,.T.);
#2757=EDGE_CURVE('',#2221,#2226,#1103,.T.);
#2758=EDGE_CURVE('',#2220,#2223,#1104,.T.);
#2759=EDGE_CURVE('',#2227,#2228,#1105,.T.);
#2760=EDGE_CURVE('',#2228,#2229,#1106,.T.);
#2761=EDGE_CURVE('',#2229,#2230,#1107,.T.);
#2762=EDGE_CURVE('',#2230,#2227,#1108,.T.);
#2763=EDGE_CURVE('',#2231,#2232,#1109,.T.);
#2764=EDGE_CURVE('',#2232,#2233,#1110,.T.);
#2765=EDGE_CURVE('',#2233,#2234,#1111,.T.);
#2766=EDGE_CURVE('',#2234,#2231,#1112,.T.);
#2767=EDGE_CURVE('',#2230,#2233,#1113,.T.);
#2768=EDGE_CURVE('',#2227,#2232,#1114,.T.);
#2769=EDGE_CURVE('',#2229,#2234,#1115,.T.);
#2770=EDGE_CURVE('',#2228,#2231,#1116,.T.);
#2771=EDGE_CURVE('',#2235,#2236,#1117,.T.);
#2772=EDGE_CURVE('',#2236,#2237,#1118,.T.);
#2773=EDGE_CURVE('',#2237,#2238,#1119,.T.);
#2774=EDGE_CURVE('',#2238,#2235,#1120,.T.);
#2775=EDGE_CURVE('',#2239,#2240,#1121,.T.);
#2776=EDGE_CURVE('',#2240,#2241,#1122,.T.);
#2777=EDGE_CURVE('',#2241,#2242,#1123,.T.);
#2778=EDGE_CURVE('',#2242,#2239,#1124,.T.);
#2779=EDGE_CURVE('',#2238,#2241,#1125,.T.);
#2780=EDGE_CURVE('',#2235,#2240,#1126,.T.);
#2781=EDGE_CURVE('',#2237,#2242,#1127,.T.);
#2782=EDGE_CURVE('',#2236,#2239,#1128,.T.);
#2783=EDGE_CURVE('',#2243,#2244,#1129,.T.);
#2784=EDGE_CURVE('',#2244,#2245,#1130,.T.);
#2785=EDGE_CURVE('',#2245,#2246,#1131,.T.);
#2786=EDGE_CURVE('',#2246,#2243,#1132,.T.);
#2787=EDGE_CURVE('',#2247,#2248,#1133,.T.);
#2788=EDGE_CURVE('',#2248,#2249,#1134,.T.);
#2789=EDGE_CURVE('',#2249,#2250,#1135,.T.);
#2790=EDGE_CURVE('',#2250,#2247,#1136,.T.);
#2791=EDGE_CURVE('',#2246,#2249,#1137,.T.);
#2792=EDGE_CURVE('',#2243,#2248,#1138,.T.);
#2793=EDGE_CURVE('',#2245,#2250,#1139,.T.);
#2794=EDGE_CURVE('',#2244,#2247,#1140,.T.);
#2795=EDGE_CURVE('',#2251,#2251,#1959,.T.);
#2796=EDGE_CURVE('',#2251,#2252,#1141,.T.);
#2797=EDGE_CURVE('',#2252,#2252,#1960,.T.);
#2798=EDGE_CURVE('',#2253,#2253,#1961,.T.);
#2799=EDGE_CURVE('',#2253,#2254,#1142,.T.);
#2800=EDGE_CURVE('',#2254,#2254,#1962,.T.);
#2801=EDGE_CURVE('',#2255,#2255,#1963,.T.);
#2802=EDGE_CURVE('',#2255,#2256,#1143,.T.);
#2803=EDGE_CURVE('',#2256,#2256,#1964,.T.);
#2804=EDGE_CURVE('',#2257,#2257,#1965,.T.);
#2805=EDGE_CURVE('',#2257,#2258,#1144,.T.);
#2806=EDGE_CURVE('',#2258,#2258,#1966,.T.);
#2807=EDGE_CURVE('',#2259,#2259,#1967,.T.);
#2808=EDGE_CURVE('',#2259,#2260,#1145,.T.);
#2809=EDGE_CURVE('',#2260,#2260,#1968,.T.);
#2810=EDGE_CURVE('',#2261,#2261,#1969,.T.);
#2811=EDGE_CURVE('',#2261,#2262,#1146,.T.);
#2812=EDGE_CURVE('',#2262,#2262,#1970,.T.);
#2813=EDGE_CURVE('',#2263,#2263,#1971,.T.);
#2814=EDGE_CURVE('',#2263,#2264,#1147,.T.);
#2815=EDGE_CURVE('',#2264,#2264,#1972,.T.);
#2816=EDGE_CURVE('',#2265,#2265,#1973,.T.);
#2817=EDGE_CURVE('',#2265,#2266,#1148,.T.);
#2818=EDGE_CURVE('',#2266,#2266,#1974,.T.);
#2819=EDGE_CURVE('',#2267,#2268,#1149,.T.);
#2820=EDGE_CURVE('',#2267,#2269,#1150,.T.);
#2821=EDGE_CURVE('',#2270,#2269,#1151,.T.);
#2822=EDGE_CURVE('',#2270,#2268,#1152,.T.);
#2823=EDGE_CURVE('',#2271,#2272,#1153,.T.);
#2824=EDGE_CURVE('',#2273,#2271,#1154,.T.);
#2825=EDGE_CURVE('',#2274,#2273,#1155,.T.);
#2826=EDGE_CURVE('',#2274,#2272,#1156,.T.);
#2827=EDGE_CURVE('',#2275,#2267,#1157,.T.);
#2828=EDGE_CURVE('',#2273,#2275,#1158,.T.);
#2829=EDGE_CURVE('',#2276,#2271,#1159,.T.);
#2830=EDGE_CURVE('',#2277,#2276,#1160,.T.);
#2831=EDGE_CURVE('',#2278,#2277,#1161,.T.);
#2832=EDGE_CURVE('',#2278,#2269,#1162,.T.);
#2833=EDGE_CURVE('',#2279,#2268,#1163,.T.);
#2834=EDGE_CURVE('',#2275,#2279,#1164,.T.);
#2835=EDGE_CURVE('',#2280,#2276,#1165,.T.);
#2836=EDGE_CURVE('',#2281,#2280,#1166,.T.);
#2837=EDGE_CURVE('',#2277,#2281,#1167,.T.);
#2838=EDGE_CURVE('',#2282,#2278,#1168,.T.);
#2839=EDGE_CURVE('',#2282,#2270,#1169,.T.);
#2840=EDGE_CURVE('',#2272,#2280,#1170,.T.);
#2841=EDGE_CURVE('',#2279,#2274,#1171,.T.);
#2842=EDGE_CURVE('',#2281,#2282,#1172,.T.);
#2843=EDGE_CURVE('',#2283,#2284,#1173,.T.);
#2844=EDGE_CURVE('',#2283,#2285,#1174,.T.);
#2845=EDGE_CURVE('',#2286,#2285,#1175,.T.);
#2846=EDGE_CURVE('',#2286,#2284,#1176,.T.);
#2847=EDGE_CURVE('',#2287,#2288,#1177,.T.);
#2848=EDGE_CURVE('',#2289,#2287,#1178,.T.);
#2849=EDGE_CURVE('',#2290,#2289,#1179,.T.);
#2850=EDGE_CURVE('',#2290,#2288,#1180,.T.);
#2851=EDGE_CURVE('',#2291,#2283,#1181,.T.);
#2852=EDGE_CURVE('',#2289,#2291,#1182,.T.);
#2853=EDGE_CURVE('',#2292,#2287,#1183,.T.);
#2854=EDGE_CURVE('',#2293,#2292,#1184,.T.);
#2855=EDGE_CURVE('',#2294,#2293,#1185,.T.);
#2856=EDGE_CURVE('',#2294,#2285,#1186,.T.);
#2857=EDGE_CURVE('',#2295,#2284,#1187,.T.);
#2858=EDGE_CURVE('',#2291,#2295,#1188,.T.);
#2859=EDGE_CURVE('',#2296,#2292,#1189,.T.);
#2860=EDGE_CURVE('',#2297,#2296,#1190,.T.);
#2861=EDGE_CURVE('',#2293,#2297,#1191,.T.);
#2862=EDGE_CURVE('',#2298,#2294,#1192,.T.);
#2863=EDGE_CURVE('',#2298,#2286,#1193,.T.);
#2864=EDGE_CURVE('',#2288,#2296,#1194,.T.);
#2865=EDGE_CURVE('',#2295,#2290,#1195,.T.);
#2866=EDGE_CURVE('',#2297,#2298,#1196,.T.);
#2867=EDGE_CURVE('',#2299,#2300,#1197,.T.);
#2868=EDGE_CURVE('',#2301,#2299,#1198,.T.);
#2869=EDGE_CURVE('',#2302,#2301,#1199,.T.);
#2870=EDGE_CURVE('',#2300,#2302,#1200,.T.);
#2871=EDGE_CURVE('',#2301,#2303,#1201,.T.);
#2872=EDGE_CURVE('',#2299,#2304,#1202,.T.);
#2873=EDGE_CURVE('',#2303,#2304,#1203,.T.);
#2874=EDGE_CURVE('',#2300,#2305,#1204,.T.);
#2875=EDGE_CURVE('',#2306,#2302,#1205,.T.);
#2876=EDGE_CURVE('',#2305,#2306,#1206,.T.);
#2877=EDGE_CURVE('',#2304,#2305,#1207,.T.);
#2878=EDGE_CURVE('',#2307,#2303,#1208,.T.);
#2879=EDGE_CURVE('',#2308,#2307,#1209,.T.);
#2880=EDGE_CURVE('',#2308,#2309,#1210,.T.);
#2881=EDGE_CURVE('',#2309,#2310,#1211,.T.);
#2882=EDGE_CURVE('',#2306,#2310,#1212,.T.);
#2883=EDGE_CURVE('',#2311,#2312,#1213,.T.);
#2884=EDGE_CURVE('',#2313,#2311,#1214,.T.);
#2885=EDGE_CURVE('',#2314,#2313,#1215,.T.);
#2886=EDGE_CURVE('',#2312,#2314,#1216,.T.);
#2887=EDGE_CURVE('',#2313,#2315,#1217,.T.);
#2888=EDGE_CURVE('',#2316,#2311,#1218,.T.);
#2889=EDGE_CURVE('',#2315,#2316,#1219,.T.);
#2890=EDGE_CURVE('',#2314,#2317,#1220,.T.);
#2891=EDGE_CURVE('',#2317,#2315,#1221,.T.);
#2892=EDGE_CURVE('',#2312,#2318,#1222,.T.);
#2893=EDGE_CURVE('',#2318,#2317,#1223,.T.);
#2894=EDGE_CURVE('',#2319,#2318,#1224,.T.);
#2895=EDGE_CURVE('',#2320,#2319,#1225,.T.);
#2896=EDGE_CURVE('',#2320,#2321,#1226,.T.);
#2897=EDGE_CURVE('',#2321,#2322,#1227,.T.);
#2898=EDGE_CURVE('',#2316,#2322,#1228,.T.);
#2899=EDGE_CURVE('',#2323,#2324,#1229,.T.);
#2900=EDGE_CURVE('',#2323,#2325,#1230,.T.);
#2901=EDGE_CURVE('',#2326,#2325,#1231,.T.);
#2902=EDGE_CURVE('',#2327,#2326,#1232,.T.);
#2903=EDGE_CURVE('',#2328,#2327,#1233,.T.);
#2904=EDGE_CURVE('',#2329,#2328,#35,.T.);
#2905=EDGE_CURVE('',#2330,#2329,#36,.T.);
#2906=EDGE_CURVE('',#2331,#2330,#1234,.T.);
#2907=EDGE_CURVE('',#2332,#2331,#37,.T.);
#2908=EDGE_CURVE('',#2333,#2332,#38,.T.);
#2909=EDGE_CURVE('',#2334,#2333,#1235,.T.);
#2910=EDGE_CURVE('',#2324,#2334,#1236,.T.);
#2911=EDGE_CURVE('',#2335,#2323,#1975,.T.);
#2912=EDGE_CURVE('',#2336,#2335,#1237,.T.);
#2913=EDGE_CURVE('',#2325,#2336,#1976,.T.);
#2914=EDGE_CURVE('',#2337,#2335,#1238,.T.);
#2915=EDGE_CURVE('',#2338,#2337,#1239,.T.);
#2916=EDGE_CURVE('',#2339,#2338,#1240,.T.);
#2917=EDGE_CURVE('',#2340,#2339,#39,.T.);
#2918=EDGE_CURVE('',#2341,#2340,#40,.T.);
#2919=EDGE_CURVE('',#2342,#2341,#1241,.T.);
#2920=EDGE_CURVE('',#2343,#2342,#41,.T.);
#2921=EDGE_CURVE('',#2344,#2343,#42,.T.);
#2922=EDGE_CURVE('',#2345,#2344,#1242,.T.);
#2923=EDGE_CURVE('',#2346,#2345,#1243,.T.);
#2924=EDGE_CURVE('',#2336,#2346,#1244,.T.);
#2925=EDGE_CURVE('',#2347,#2348,#1977,.T.);
#2926=EDGE_CURVE('',#2349,#2347,#1978,.T.);
#2927=EDGE_CURVE('',#2348,#2349,#1979,.T.);
#2928=EDGE_CURVE('',#2348,#2350,#1245,.T.);
#2929=EDGE_CURVE('',#2337,#2350,#1980,.T.);
#2930=EDGE_CURVE('',#2326,#2324,#1981,.T.);
#2931=EDGE_CURVE('',#2350,#2346,#1982,.T.);
#2932=EDGE_CURVE('',#2327,#2334,#1983,.T.);
#2933=EDGE_CURVE('',#2338,#2345,#1984,.T.);
#2934=EDGE_CURVE('',#2328,#2333,#1985,.T.);
#2935=EDGE_CURVE('',#2339,#2344,#1986,.T.);
#2936=EDGE_CURVE('',#2329,#2332,#1987,.T.);
#2937=EDGE_CURVE('',#2340,#2343,#1988,.T.);
#2938=EDGE_CURVE('',#2330,#2331,#1989,.T.);
#2939=EDGE_CURVE('',#2341,#2342,#1990,.T.);
#2940=EDGE_CURVE('',#2349,#2347,#1246,.T.);
#2941=EDGE_CURVE('',#2351,#2352,#1247,.T.);
#2942=EDGE_CURVE('',#2351,#2353,#1248,.T.);
#2943=EDGE_CURVE('',#2354,#2353,#1249,.T.);
#2944=EDGE_CURVE('',#2355,#2354,#1250,.T.);
#2945=EDGE_CURVE('',#2356,#2355,#1251,.T.);
#2946=EDGE_CURVE('',#2357,#2356,#43,.T.);
#2947=EDGE_CURVE('',#2358,#2357,#44,.T.);
#2948=EDGE_CURVE('',#2359,#2358,#1252,.T.);
#2949=EDGE_CURVE('',#2360,#2359,#45,.T.);
#2950=EDGE_CURVE('',#2361,#2360,#46,.T.);
#2951=EDGE_CURVE('',#2362,#2361,#1253,.T.);
#2952=EDGE_CURVE('',#2352,#2362,#1254,.T.);
#2953=EDGE_CURVE('',#2363,#2351,#1991,.T.);
#2954=EDGE_CURVE('',#2364,#2363,#1255,.T.);
#2955=EDGE_CURVE('',#2353,#2364,#1992,.T.);
#2956=EDGE_CURVE('',#2365,#2363,#1256,.T.);
#2957=EDGE_CURVE('',#2366,#2365,#1257,.T.);
#2958=EDGE_CURVE('',#2367,#2366,#1258,.T.);
#2959=EDGE_CURVE('',#2368,#2367,#47,.T.);
#2960=EDGE_CURVE('',#2369,#2368,#48,.T.);
#2961=EDGE_CURVE('',#2370,#2369,#1259,.T.);
#2962=EDGE_CURVE('',#2371,#2370,#49,.T.);
#2963=EDGE_CURVE('',#2372,#2371,#50,.T.);
#2964=EDGE_CURVE('',#2373,#2372,#1260,.T.);
#2965=EDGE_CURVE('',#2374,#2373,#1261,.T.);
#2966=EDGE_CURVE('',#2364,#2374,#1262,.T.);
#2967=EDGE_CURVE('',#2375,#2375,#1993,.T.);
#2968=EDGE_CURVE('',#2375,#2376,#1263,.T.);
#2969=EDGE_CURVE('',#2365,#2376,#1994,.T.);
#2970=EDGE_CURVE('',#2354,#2352,#1995,.T.);
#2971=EDGE_CURVE('',#2376,#2374,#1996,.T.);
#2972=EDGE_CURVE('',#2355,#2362,#1997,.T.);
#2973=EDGE_CURVE('',#2366,#2373,#1998,.T.);
#2974=EDGE_CURVE('',#2356,#2361,#1999,.T.);
#2975=EDGE_CURVE('',#2367,#2372,#2000,.T.);
#2976=EDGE_CURVE('',#2357,#2360,#2001,.T.);
#2977=EDGE_CURVE('',#2368,#2371,#2002,.T.);
#2978=EDGE_CURVE('',#2358,#2359,#2003,.T.);
#2979=EDGE_CURVE('',#2369,#2370,#2004,.T.);
#2980=EDGE_CURVE('',#2377,#2378,#1264,.T.);
#2981=EDGE_CURVE('',#2377,#2379,#1265,.T.);
#2982=EDGE_CURVE('',#2380,#2379,#1266,.T.);
#2983=EDGE_CURVE('',#2381,#2380,#1267,.T.);
#2984=EDGE_CURVE('',#2382,#2381,#1268,.T.);
#2985=EDGE_CURVE('',#2383,#2382,#51,.T.);
#2986=EDGE_CURVE('',#2384,#2383,#52,.T.);
#2987=EDGE_CURVE('',#2385,#2384,#1269,.T.);
#2988=EDGE_CURVE('',#2386,#2385,#53,.T.);
#2989=EDGE_CURVE('',#2387,#2386,#54,.T.);
#2990=EDGE_CURVE('',#2388,#2387,#1270,.T.);
#2991=EDGE_CURVE('',#2378,#2388,#1271,.T.);
#2992=EDGE_CURVE('',#2389,#2377,#2005,.T.);
#2993=EDGE_CURVE('',#2390,#2389,#1272,.T.);
#2994=EDGE_CURVE('',#2379,#2390,#2006,.T.);
#2995=EDGE_CURVE('',#2391,#2389,#1273,.T.);
#2996=EDGE_CURVE('',#2392,#2391,#1274,.T.);
#2997=EDGE_CURVE('',#2393,#2392,#1275,.T.);
#2998=EDGE_CURVE('',#2394,#2393,#55,.T.);
#2999=EDGE_CURVE('',#2395,#2394,#56,.T.);
#3000=EDGE_CURVE('',#2396,#2395,#1276,.T.);
#3001=EDGE_CURVE('',#2397,#2396,#57,.T.);
#3002=EDGE_CURVE('',#2398,#2397,#58,.T.);
#3003=EDGE_CURVE('',#2399,#2398,#1277,.T.);
#3004=EDGE_CURVE('',#2400,#2399,#1278,.T.);
#3005=EDGE_CURVE('',#2390,#2400,#1279,.T.);
#3006=EDGE_CURVE('',#2401,#2402,#2007,.T.);
#3007=EDGE_CURVE('',#2403,#2401,#2008,.T.);
#3008=EDGE_CURVE('',#2402,#2403,#2009,.T.);
#3009=EDGE_CURVE('',#2402,#2404,#1280,.T.);
#3010=EDGE_CURVE('',#2391,#2404,#2010,.T.);
#3011=EDGE_CURVE('',#2380,#2378,#2011,.T.);
#3012=EDGE_CURVE('',#2404,#2400,#2012,.T.);
#3013=EDGE_CURVE('',#2381,#2388,#2013,.T.);
#3014=EDGE_CURVE('',#2392,#2399,#2014,.T.);
#3015=EDGE_CURVE('',#2382,#2387,#2015,.T.);
#3016=EDGE_CURVE('',#2393,#2398,#2016,.T.);
#3017=EDGE_CURVE('',#2383,#2386,#2017,.T.);
#3018=EDGE_CURVE('',#2394,#2397,#2018,.T.);
#3019=EDGE_CURVE('',#2384,#2385,#2019,.T.);
#3020=EDGE_CURVE('',#2395,#2396,#2020,.T.);
#3021=EDGE_CURVE('',#2403,#2401,#1281,.T.);
#3022=EDGE_CURVE('',#2405,#2406,#1282,.T.);
#3023=EDGE_CURVE('',#2405,#2407,#1283,.T.);
#3024=EDGE_CURVE('',#2408,#2407,#1284,.T.);
#3025=EDGE_CURVE('',#2409,#2408,#1285,.T.);
#3026=EDGE_CURVE('',#2410,#2409,#1286,.T.);
#3027=EDGE_CURVE('',#2411,#2410,#59,.T.);
#3028=EDGE_CURVE('',#2412,#2411,#60,.T.);
#3029=EDGE_CURVE('',#2413,#2412,#1287,.T.);
#3030=EDGE_CURVE('',#2414,#2413,#61,.T.);
#3031=EDGE_CURVE('',#2415,#2414,#62,.T.);
#3032=EDGE_CURVE('',#2416,#2415,#1288,.T.);
#3033=EDGE_CURVE('',#2406,#2416,#1289,.T.);
#3034=EDGE_CURVE('',#2417,#2405,#2021,.T.);
#3035=EDGE_CURVE('',#2418,#2417,#1290,.T.);
#3036=EDGE_CURVE('',#2407,#2418,#2022,.T.);
#3037=EDGE_CURVE('',#2419,#2417,#1291,.T.);
#3038=EDGE_CURVE('',#2420,#2419,#1292,.T.);
#3039=EDGE_CURVE('',#2421,#2420,#1293,.T.);
#3040=EDGE_CURVE('',#2422,#2421,#63,.T.);
#3041=EDGE_CURVE('',#2423,#2422,#64,.T.);
#3042=EDGE_CURVE('',#2424,#2423,#1294,.T.);
#3043=EDGE_CURVE('',#2425,#2424,#65,.T.);
#3044=EDGE_CURVE('',#2426,#2425,#66,.T.);
#3045=EDGE_CURVE('',#2427,#2426,#1295,.T.);
#3046=EDGE_CURVE('',#2428,#2427,#1296,.T.);
#3047=EDGE_CURVE('',#2418,#2428,#1297,.T.);
#3048=EDGE_CURVE('',#2429,#2429,#2023,.T.);
#3049=EDGE_CURVE('',#2429,#2430,#1298,.T.);
#3050=EDGE_CURVE('',#2419,#2430,#2024,.T.);
#3051=EDGE_CURVE('',#2408,#2406,#2025,.T.);
#3052=EDGE_CURVE('',#2430,#2428,#2026,.T.);
#3053=EDGE_CURVE('',#2409,#2416,#2027,.T.);
#3054=EDGE_CURVE('',#2420,#2427,#2028,.T.);
#3055=EDGE_CURVE('',#2410,#2415,#2029,.T.);
#3056=EDGE_CURVE('',#2421,#2426,#2030,.T.);
#3057=EDGE_CURVE('',#2411,#2414,#2031,.T.);
#3058=EDGE_CURVE('',#2422,#2425,#2032,.T.);
#3059=EDGE_CURVE('',#2412,#2413,#2033,.T.);
#3060=EDGE_CURVE('',#2423,#2424,#2034,.T.);
#3061=EDGE_CURVE('',#2431,#2349,#1299,.T.);
#3062=EDGE_CURVE('',#2432,#2431,#2035,.T.);
#3063=EDGE_CURVE('',#2347,#2432,#1300,.T.);
#3064=EDGE_CURVE('',#2433,#2431,#1301,.T.);
#3065=EDGE_CURVE('',#2434,#2433,#2036,.T.);
#3066=EDGE_CURVE('',#2432,#2434,#1302,.T.);
#3067=EDGE_CURVE('',#2435,#2434,#1303,.T.);
#3068=EDGE_CURVE('',#2436,#2435,#1304,.T.);
#3069=EDGE_CURVE('',#2437,#2436,#1305,.T.);
#3070=EDGE_CURVE('',#2437,#2438,#1306,.T.);
#3071=EDGE_CURVE('',#2433,#2438,#1307,.T.);
#3072=EDGE_CURVE('',#2439,#2439,#2037,.T.);
#3073=EDGE_CURVE('',#2439,#2440,#1308,.T.);
#3074=EDGE_CURVE('',#2440,#2440,#2038,.T.);
#3075=EDGE_CURVE('',#2441,#2403,#1309,.T.);
#3076=EDGE_CURVE('',#2442,#2441,#2039,.T.);
#3077=EDGE_CURVE('',#2401,#2442,#1310,.T.);
#3078=EDGE_CURVE('',#2443,#2441,#1311,.T.);
#3079=EDGE_CURVE('',#2444,#2443,#2040,.T.);
#3080=EDGE_CURVE('',#2442,#2444,#1312,.T.);
#3081=EDGE_CURVE('',#2445,#2444,#1313,.T.);
#3082=EDGE_CURVE('',#2445,#2446,#1314,.T.);
#3083=EDGE_CURVE('',#2447,#2446,#1315,.T.);
#3084=EDGE_CURVE('',#2447,#2448,#1316,.T.);
#3085=EDGE_CURVE('',#2443,#2448,#1317,.T.);
#3086=EDGE_CURVE('',#2449,#2449,#2041,.T.);
#3087=EDGE_CURVE('',#2449,#2450,#1318,.T.);
#3088=EDGE_CURVE('',#2450,#2450,#2042,.T.);
#3089=EDGE_CURVE('',#2451,#2451,#2043,.T.);
#3090=EDGE_CURVE('',#2451,#2452,#1319,.T.);
#3091=EDGE_CURVE('',#2452,#2452,#2044,.T.);
#3092=EDGE_CURVE('',#2453,#2453,#2045,.T.);
#3093=EDGE_CURVE('',#2453,#2454,#1320,.T.);
#3094=EDGE_CURVE('',#2454,#2454,#2046,.T.);
#3095=EDGE_CURVE('',#2455,#2455,#2047,.T.);
#3096=EDGE_CURVE('',#2455,#2456,#1321,.T.);
#3097=EDGE_CURVE('',#2456,#2456,#2048,.T.);
#3098=EDGE_CURVE('',#2457,#2457,#2049,.T.);
#3099=EDGE_CURVE('',#2457,#2458,#1322,.T.);
#3100=EDGE_CURVE('',#2458,#2458,#2050,.T.);
#3101=EDGE_CURVE('',#2459,#2459,#2051,.T.);
#3102=EDGE_CURVE('',#2459,#2460,#1323,.T.);
#3103=EDGE_CURVE('',#2460,#2460,#2052,.T.);
#3104=EDGE_CURVE('',#2461,#2461,#2053,.T.);
#3105=EDGE_CURVE('',#2461,#2462,#1324,.T.);
#3106=EDGE_CURVE('',#2462,#2462,#2054,.T.);
#3107=EDGE_CURVE('',#2463,#2445,#1325,.T.);
#3108=EDGE_CURVE('',#2464,#2463,#1326,.T.);
#3109=EDGE_CURVE('',#2446,#2464,#1327,.T.);
#3110=EDGE_CURVE('',#2438,#2465,#1328,.T.);
#3111=EDGE_CURVE('',#2466,#2437,#1329,.T.);
#3112=EDGE_CURVE('',#2466,#2465,#1330,.T.);
#3113=EDGE_CURVE('',#2309,#2465,#1331,.T.);
#3114=EDGE_CURVE('',#2467,#2308,#1332,.T.);
#3115=EDGE_CURVE('',#2467,#2468,#1333,.T.);
#3116=EDGE_CURVE('',#2468,#2469,#1334,.T.);
#3117=EDGE_CURVE('',#2469,#2435,#1335,.T.);
#3118=EDGE_CURVE('',#2448,#2470,#1336,.T.);
#3119=EDGE_CURVE('',#2470,#2471,#1337,.T.);
#3120=EDGE_CURVE('',#2471,#2472,#1338,.T.);
#3121=EDGE_CURVE('',#2321,#2472,#1339,.T.);
#3122=EDGE_CURVE('',#2463,#2320,#1340,.T.);
#3123=EDGE_CURVE('',#2473,#2474,#1341,.T.);
#3124=EDGE_CURVE('',#2474,#2475,#2055,.T.);
#3125=EDGE_CURVE('',#2475,#2476,#1342,.T.);
#3126=EDGE_CURVE('',#2476,#2477,#2056,.T.);
#3127=EDGE_CURVE('',#2477,#2478,#1343,.T.);
#3128=EDGE_CURVE('',#2478,#2479,#2057,.T.);
#3129=EDGE_CURVE('',#2479,#2480,#1344,.T.);
#3130=EDGE_CURVE('',#2480,#2481,#2058,.T.);
#3131=EDGE_CURVE('',#2481,#2482,#1345,.T.);
#3132=EDGE_CURVE('',#2482,#2483,#2059,.T.);
#3133=EDGE_CURVE('',#2483,#2484,#2060,.T.);
#3134=EDGE_CURVE('',#2484,#2485,#1346,.T.);
#3135=EDGE_CURVE('',#2485,#2486,#2061,.T.);
#3136=EDGE_CURVE('',#2486,#2487,#1347,.T.);
#3137=EDGE_CURVE('',#2487,#2488,#2062,.T.);
#3138=EDGE_CURVE('',#2488,#2489,#2063,.T.);
#3139=EDGE_CURVE('',#2489,#2490,#1348,.T.);
#3140=EDGE_CURVE('',#2490,#2491,#2064,.T.);
#3141=EDGE_CURVE('',#2491,#2492,#1349,.T.);
#3142=EDGE_CURVE('',#2492,#2493,#2065,.T.);
#3143=EDGE_CURVE('',#2493,#2494,#1350,.T.);
#3144=EDGE_CURVE('',#2494,#2495,#2066,.T.);
#3145=EDGE_CURVE('',#2495,#2496,#2067,.T.);
#3146=EDGE_CURVE('',#2496,#2497,#1351,.T.);
#3147=EDGE_CURVE('',#2497,#2498,#2068,.T.);
#3148=EDGE_CURVE('',#2498,#2499,#1352,.T.);
#3149=EDGE_CURVE('',#2499,#2473,#2069,.T.);
#3150=EDGE_CURVE('',#2464,#2466,#1353,.T.);
#3151=EDGE_CURVE('',#2436,#2500,#1354,.T.);
#3152=EDGE_CURVE('',#2500,#2501,#1355,.T.);
#3153=EDGE_CURVE('',#2501,#2502,#1356,.T.);
#3154=EDGE_CURVE('',#2502,#2503,#1357,.T.);
#3155=EDGE_CURVE('',#2503,#2504,#1358,.T.);
#3156=EDGE_CURVE('',#2504,#2505,#1359,.T.);
#3157=EDGE_CURVE('',#2505,#2447,#1360,.T.);
#3158=EDGE_CURVE('',#2502,#2467,#1361,.T.);
#3159=EDGE_CURVE('',#2468,#2501,#1362,.T.);
#3160=EDGE_CURVE('',#2504,#2471,#1363,.T.);
#3161=EDGE_CURVE('',#2503,#2472,#1364,.T.);
#3162=EDGE_CURVE('',#2505,#2470,#1365,.T.);
#3163=EDGE_CURVE('',#2500,#2469,#1366,.T.);
#3164=EDGE_CURVE('',#2310,#2319,#1367,.T.);
#3165=EDGE_CURVE('',#2322,#2307,#1368,.T.);
#3166=EDGE_CURVE('',#2506,#2506,#2070,.T.);
#3167=EDGE_CURVE('',#2507,#2508,#2071,.T.);
#3168=EDGE_CURVE('',#2508,#2509,#2072,.T.);
#3169=EDGE_CURVE('',#2509,#2510,#1369,.T.);
#3170=EDGE_CURVE('',#2510,#2511,#2073,.T.);
#3171=EDGE_CURVE('',#2512,#2511,#1370,.T.);
#3172=EDGE_CURVE('',#2512,#2513,#2074,.T.);
#3173=EDGE_CURVE('',#2513,#2507,#1371,.T.);
#3174=EDGE_CURVE('',#2514,#2514,#2075,.T.);
#3175=EDGE_CURVE('',#2515,#2516,#2076,.T.);
#3176=EDGE_CURVE('',#2495,#2515,#1372,.T.);
#3177=EDGE_CURVE('',#2494,#2516,#1373,.T.);
#3178=EDGE_CURVE('',#2515,#2517,#1374,.T.);
#3179=EDGE_CURVE('',#2517,#2518,#1375,.T.);
#3180=EDGE_CURVE('',#2519,#2518,#1376,.T.);
#3181=EDGE_CURVE('',#2515,#2519,#1377,.T.);
#3182=EDGE_CURVE('',#2516,#2520,#1378,.T.);
#3183=EDGE_CURVE('',#2520,#2521,#2077,.T.);
#3184=EDGE_CURVE('',#2521,#2522,#1379,.T.);
#3185=EDGE_CURVE('',#2522,#2523,#2078,.T.);
#3186=EDGE_CURVE('',#2523,#2524,#1380,.T.);
#3187=EDGE_CURVE('',#2524,#2517,#2079,.T.);
#3188=EDGE_CURVE('',#2493,#2520,#1381,.T.);
#3189=EDGE_CURVE('',#2489,#2524,#1382,.T.);
#3190=EDGE_CURVE('',#2488,#2517,#1383,.T.);
#3191=EDGE_CURVE('',#2490,#2523,#1384,.T.);
#3192=EDGE_CURVE('',#2492,#2521,#1385,.T.);
#3193=EDGE_CURVE('',#2491,#2522,#1386,.T.);
#3194=EDGE_CURVE('',#2475,#2512,#1387,.T.);
#3195=EDGE_CURVE('',#2474,#2513,#1388,.T.);
#3196=EDGE_CURVE('',#2473,#2507,#1389,.T.);
#3197=EDGE_CURVE('',#2498,#2510,#1390,.T.);
#3198=EDGE_CURVE('',#2497,#2511,#1391,.T.);
#3199=EDGE_CURVE('',#2496,#2525,#1392,.T.);
#3200=EDGE_CURVE('',#2526,#2525,#1393,.T.);
#3201=EDGE_CURVE('',#2476,#2526,#1394,.T.);
#3202=EDGE_CURVE('',#2527,#2528,#2080,.T.);
#3203=EDGE_CURVE('',#2481,#2527,#1395,.T.);
#3204=EDGE_CURVE('',#2480,#2528,#1396,.T.);
#3205=EDGE_CURVE('',#2529,#2528,#1397,.T.);
#3206=EDGE_CURVE('',#2479,#2530,#1398,.T.);
#3207=EDGE_CURVE('',#2531,#2530,#1399,.T.);
#3208=EDGE_CURVE('',#2487,#2531,#1400,.T.);
#3209=EDGE_CURVE('',#2486,#2529,#1401,.T.);
#3210=EDGE_CURVE('',#2529,#2532,#2081,.T.);
#3211=EDGE_CURVE('',#2485,#2532,#1402,.T.);
#3212=EDGE_CURVE('',#2533,#2534,#2082,.T.);
#3213=EDGE_CURVE('',#2534,#2527,#1403,.T.);
#3214=EDGE_CURVE('',#2532,#2533,#1404,.T.);
#3215=EDGE_CURVE('',#2484,#2533,#1405,.T.);
#3216=EDGE_CURVE('',#2499,#2509,#1406,.T.);
#3217=EDGE_CURVE('',#2508,#2506,#1407,.T.);
#3218=EDGE_CURVE('',#2482,#2534,#1408,.T.);
#3219=EDGE_CURVE('',#2483,#2514,#1409,.T.);
#3220=EDGE_CURVE('',#2535,#2526,#2083,.T.);
#3221=EDGE_CURVE('',#2477,#2535,#1410,.T.);
#3222=EDGE_CURVE('',#2525,#2519,#2084,.T.);
#3223=EDGE_CURVE('',#2478,#2536,#1411,.T.);
#3224=EDGE_CURVE('',#2530,#2536,#2085,.T.);
#3225=EDGE_CURVE('',#2518,#2531,#2086,.T.);
#3226=EDGE_CURVE('',#2536,#2535,#1412,.T.);
#3227=EDGE_CURVE('',#2537,#2538,#1413,.T.);
#3228=EDGE_CURVE('',#2539,#2538,#2087,.T.);
#3229=EDGE_CURVE('',#2540,#2539,#1414,.T.);
#3230=EDGE_CURVE('',#2537,#2540,#2088,.T.);
#3231=EDGE_CURVE('',#2540,#2541,#1415,.T.);
#3232=EDGE_CURVE('',#2541,#2542,#2089,.T.);
#3233=EDGE_CURVE('',#2542,#2543,#1416,.T.);
#3234=EDGE_CURVE('',#2543,#2544,#2090,.T.);
#3235=EDGE_CURVE('',#2544,#2545,#1417,.T.);
#3236=EDGE_CURVE('',#2545,#2546,#2091,.T.);
#3237=EDGE_CURVE('',#2546,#2537,#1418,.T.);
#3238=EDGE_CURVE('',#2545,#2547,#1419,.T.);
#3239=EDGE_CURVE('',#2548,#2547,#2092,.T.);
#3240=EDGE_CURVE('',#2546,#2548,#1420,.T.);
#3241=EDGE_CURVE('',#2542,#2549,#1421,.T.);
#3242=EDGE_CURVE('',#2541,#2550,#1422,.T.);
#3243=EDGE_CURVE('',#2549,#2550,#2093,.T.);
#3244=EDGE_CURVE('',#2538,#2548,#1423,.T.);
#3245=EDGE_CURVE('',#2547,#2551,#1424,.T.);
#3246=EDGE_CURVE('',#2551,#2552,#2094,.T.);
#3247=EDGE_CURVE('',#2552,#2549,#1425,.T.);
#3248=EDGE_CURVE('',#2550,#2539,#1426,.T.);
#3249=EDGE_CURVE('',#2544,#2551,#1427,.T.);
#3250=EDGE_CURVE('',#2543,#2552,#1428,.T.);
#3251=ORIENTED_EDGE('',*,*,#2553,.F.);
#3252=ORIENTED_EDGE('',*,*,#2554,.T.);
#3253=ORIENTED_EDGE('',*,*,#2555,.F.);
#3254=ORIENTED_EDGE('',*,*,#2554,.F.);
#3255=ORIENTED_EDGE('',*,*,#2556,.F.);
#3256=ORIENTED_EDGE('',*,*,#2557,.T.);
#3257=ORIENTED_EDGE('',*,*,#2558,.F.);
#3258=ORIENTED_EDGE('',*,*,#2557,.F.);
#3259=ORIENTED_EDGE('',*,*,#2559,.F.);
#3260=ORIENTED_EDGE('',*,*,#2560,.T.);
#3261=ORIENTED_EDGE('',*,*,#2561,.F.);
#3262=ORIENTED_EDGE('',*,*,#2562,.F.);
#3263=ORIENTED_EDGE('',*,*,#2563,.F.);
#3264=ORIENTED_EDGE('',*,*,#2562,.T.);
#3265=ORIENTED_EDGE('',*,*,#2564,.F.);
#3266=ORIENTED_EDGE('',*,*,#2565,.F.);
#3267=ORIENTED_EDGE('',*,*,#2566,.F.);
#3268=ORIENTED_EDGE('',*,*,#2565,.T.);
#3269=ORIENTED_EDGE('',*,*,#2567,.F.);
#3270=ORIENTED_EDGE('',*,*,#2568,.F.);
#3271=ORIENTED_EDGE('',*,*,#2569,.F.);
#3272=ORIENTED_EDGE('',*,*,#2568,.T.);
#3273=ORIENTED_EDGE('',*,*,#2570,.F.);
#3274=ORIENTED_EDGE('',*,*,#2560,.F.);
#3275=ORIENTED_EDGE('',*,*,#2571,.T.);
#3276=ORIENTED_EDGE('',*,*,#2572,.T.);
#3277=ORIENTED_EDGE('',*,*,#2573,.T.);
#3278=ORIENTED_EDGE('',*,*,#2574,.T.);
#3279=ORIENTED_EDGE('',*,*,#2555,.T.);
#3280=ORIENTED_EDGE('',*,*,#2558,.T.);
#3281=ORIENTED_EDGE('',*,*,#2566,.T.);
#3282=ORIENTED_EDGE('',*,*,#2569,.T.);
#3283=ORIENTED_EDGE('',*,*,#2559,.T.);
#3284=ORIENTED_EDGE('',*,*,#2563,.T.);
#3285=ORIENTED_EDGE('',*,*,#2575,.T.);
#3286=ORIENTED_EDGE('',*,*,#2576,.T.);
#3287=ORIENTED_EDGE('',*,*,#2577,.T.);
#3288=ORIENTED_EDGE('',*,*,#2578,.T.);
#3289=ORIENTED_EDGE('',*,*,#2553,.T.);
#3290=ORIENTED_EDGE('',*,*,#2556,.T.);
#3291=ORIENTED_EDGE('',*,*,#2567,.T.);
#3292=ORIENTED_EDGE('',*,*,#2564,.T.);
#3293=ORIENTED_EDGE('',*,*,#2561,.T.);
#3294=ORIENTED_EDGE('',*,*,#2570,.T.);
#3295=ORIENTED_EDGE('',*,*,#2579,.T.);
#3296=ORIENTED_EDGE('',*,*,#2576,.F.);
#3297=ORIENTED_EDGE('',*,*,#2580,.F.);
#3298=ORIENTED_EDGE('',*,*,#2574,.F.);
#3299=ORIENTED_EDGE('',*,*,#2581,.T.);
#3300=ORIENTED_EDGE('',*,*,#2577,.F.);
#3301=ORIENTED_EDGE('',*,*,#2579,.F.);
#3302=ORIENTED_EDGE('',*,*,#2573,.F.);
#3303=ORIENTED_EDGE('',*,*,#2582,.T.);
#3304=ORIENTED_EDGE('',*,*,#2578,.F.);
#3305=ORIENTED_EDGE('',*,*,#2581,.F.);
#3306=ORIENTED_EDGE('',*,*,#2572,.F.);
#3307=ORIENTED_EDGE('',*,*,#2580,.T.);
#3308=ORIENTED_EDGE('',*,*,#2575,.F.);
#3309=ORIENTED_EDGE('',*,*,#2582,.F.);
#3310=ORIENTED_EDGE('',*,*,#2571,.F.);
#3311=ORIENTED_EDGE('',*,*,#2583,.T.);
#3312=ORIENTED_EDGE('',*,*,#2584,.T.);
#3313=ORIENTED_EDGE('',*,*,#2585,.T.);
#3314=ORIENTED_EDGE('',*,*,#2586,.T.);
#3315=ORIENTED_EDGE('',*,*,#2587,.T.);
#3316=ORIENTED_EDGE('',*,*,#2588,.T.);
#3317=ORIENTED_EDGE('',*,*,#2585,.F.);
#3318=ORIENTED_EDGE('',*,*,#2589,.T.);
#3319=ORIENTED_EDGE('',*,*,#2590,.T.);
#3320=ORIENTED_EDGE('',*,*,#2591,.T.);
#3321=ORIENTED_EDGE('',*,*,#2587,.F.);
#3322=ORIENTED_EDGE('',*,*,#2592,.T.);
#3323=ORIENTED_EDGE('',*,*,#2593,.T.);
#3324=ORIENTED_EDGE('',*,*,#2594,.T.);
#3325=ORIENTED_EDGE('',*,*,#2590,.F.);
#3326=ORIENTED_EDGE('',*,*,#2595,.T.);
#3327=ORIENTED_EDGE('',*,*,#2596,.T.);
#3328=ORIENTED_EDGE('',*,*,#2597,.T.);
#3329=ORIENTED_EDGE('',*,*,#2593,.F.);
#3330=ORIENTED_EDGE('',*,*,#2598,.T.);
#3331=ORIENTED_EDGE('',*,*,#2599,.T.);
#3332=ORIENTED_EDGE('',*,*,#2600,.T.);
#3333=ORIENTED_EDGE('',*,*,#2596,.F.);
#3334=ORIENTED_EDGE('',*,*,#2601,.T.);
#3335=ORIENTED_EDGE('',*,*,#2602,.T.);
#3336=ORIENTED_EDGE('',*,*,#2603,.T.);
#3337=ORIENTED_EDGE('',*,*,#2599,.F.);
#3338=ORIENTED_EDGE('',*,*,#2604,.T.);
#3339=ORIENTED_EDGE('',*,*,#2583,.F.);
#3340=ORIENTED_EDGE('',*,*,#2605,.T.);
#3341=ORIENTED_EDGE('',*,*,#2602,.F.);
#3342=ORIENTED_EDGE('',*,*,#2606,.T.);
#3343=ORIENTED_EDGE('',*,*,#2595,.F.);
#3344=ORIENTED_EDGE('',*,*,#2607,.T.);
#3345=ORIENTED_EDGE('',*,*,#2608,.F.);
#3346=ORIENTED_EDGE('',*,*,#2609,.F.);
#3347=ORIENTED_EDGE('',*,*,#2592,.F.);
#3348=ORIENTED_EDGE('',*,*,#2610,.T.);
#3349=ORIENTED_EDGE('',*,*,#2611,.F.);
#3350=ORIENTED_EDGE('',*,*,#2607,.F.);
#3351=ORIENTED_EDGE('',*,*,#2589,.F.);
#3352=ORIENTED_EDGE('',*,*,#2612,.T.);
#3353=ORIENTED_EDGE('',*,*,#2613,.F.);
#3354=ORIENTED_EDGE('',*,*,#2610,.F.);
#3355=ORIENTED_EDGE('',*,*,#2584,.F.);
#3356=ORIENTED_EDGE('',*,*,#2614,.T.);
#3357=ORIENTED_EDGE('',*,*,#2615,.F.);
#3358=ORIENTED_EDGE('',*,*,#2612,.F.);
#3359=ORIENTED_EDGE('',*,*,#2586,.F.);
#3360=ORIENTED_EDGE('',*,*,#2588,.F.);
#3361=ORIENTED_EDGE('',*,*,#2591,.F.);
#3362=ORIENTED_EDGE('',*,*,#2594,.F.);
#3363=ORIENTED_EDGE('',*,*,#2597,.F.);
#3364=ORIENTED_EDGE('',*,*,#2600,.F.);
#3365=ORIENTED_EDGE('',*,*,#2603,.F.);
#3366=ORIENTED_EDGE('',*,*,#2605,.F.);
#3367=ORIENTED_EDGE('',*,*,#2616,.F.);
#3368=ORIENTED_EDGE('',*,*,#2617,.F.);
#3369=ORIENTED_EDGE('',*,*,#2618,.F.);
#3370=ORIENTED_EDGE('',*,*,#2619,.F.);
#3371=ORIENTED_EDGE('',*,*,#2620,.F.);
#3372=ORIENTED_EDGE('',*,*,#2621,.F.);
#3373=ORIENTED_EDGE('',*,*,#2622,.F.);
#3374=ORIENTED_EDGE('',*,*,#2623,.F.);
#3375=ORIENTED_EDGE('',*,*,#2624,.T.);
#3376=ORIENTED_EDGE('',*,*,#2625,.T.);
#3377=ORIENTED_EDGE('',*,*,#2626,.T.);
#3378=ORIENTED_EDGE('',*,*,#2616,.T.);
#3379=ORIENTED_EDGE('',*,*,#2627,.T.);
#3380=ORIENTED_EDGE('',*,*,#2617,.T.);
#3381=ORIENTED_EDGE('',*,*,#2626,.F.);
#3382=ORIENTED_EDGE('',*,*,#2628,.T.);
#3383=ORIENTED_EDGE('',*,*,#2629,.T.);
#3384=ORIENTED_EDGE('',*,*,#2618,.T.);
#3385=ORIENTED_EDGE('',*,*,#2627,.F.);
#3386=ORIENTED_EDGE('',*,*,#2630,.T.);
#3387=ORIENTED_EDGE('',*,*,#2631,.T.);
#3388=ORIENTED_EDGE('',*,*,#2619,.T.);
#3389=ORIENTED_EDGE('',*,*,#2629,.F.);
#3390=ORIENTED_EDGE('',*,*,#2632,.T.);
#3391=ORIENTED_EDGE('',*,*,#2633,.T.);
#3392=ORIENTED_EDGE('',*,*,#2620,.T.);
#3393=ORIENTED_EDGE('',*,*,#2631,.F.);
#3394=ORIENTED_EDGE('',*,*,#2634,.T.);
#3395=ORIENTED_EDGE('',*,*,#2635,.T.);
#3396=ORIENTED_EDGE('',*,*,#2621,.T.);
#3397=ORIENTED_EDGE('',*,*,#2633,.F.);
#3398=ORIENTED_EDGE('',*,*,#2636,.T.);
#3399=ORIENTED_EDGE('',*,*,#2637,.T.);
#3400=ORIENTED_EDGE('',*,*,#2622,.T.);
#3401=ORIENTED_EDGE('',*,*,#2635,.F.);
#3402=ORIENTED_EDGE('',*,*,#2638,.T.);
#3403=ORIENTED_EDGE('',*,*,#2624,.F.);
#3404=ORIENTED_EDGE('',*,*,#2623,.T.);
#3405=ORIENTED_EDGE('',*,*,#2637,.F.);
#3406=ORIENTED_EDGE('',*,*,#2639,.T.);
#3407=ORIENTED_EDGE('',*,*,#2632,.F.);
#3408=ORIENTED_EDGE('',*,*,#2640,.T.);
#3409=ORIENTED_EDGE('',*,*,#2641,.F.);
#3410=ORIENTED_EDGE('',*,*,#2642,.F.);
#3411=ORIENTED_EDGE('',*,*,#2630,.F.);
#3412=ORIENTED_EDGE('',*,*,#2643,.T.);
#3413=ORIENTED_EDGE('',*,*,#2644,.F.);
#3414=ORIENTED_EDGE('',*,*,#2640,.F.);
#3415=ORIENTED_EDGE('',*,*,#2628,.F.);
#3416=ORIENTED_EDGE('',*,*,#2645,.T.);
#3417=ORIENTED_EDGE('',*,*,#2646,.F.);
#3418=ORIENTED_EDGE('',*,*,#2643,.F.);
#3419=ORIENTED_EDGE('',*,*,#2625,.F.);
#3420=ORIENTED_EDGE('',*,*,#2647,.T.);
#3421=ORIENTED_EDGE('',*,*,#2648,.F.);
#3422=ORIENTED_EDGE('',*,*,#2645,.F.);
#3423=ORIENTED_EDGE('',*,*,#2649,.F.);
#3424=ORIENTED_EDGE('',*,*,#2650,.F.);
#3425=ORIENTED_EDGE('',*,*,#2651,.T.);
#3426=ORIENTED_EDGE('',*,*,#2652,.T.);
#3427=ORIENTED_EDGE('',*,*,#2653,.F.);
#3428=ORIENTED_EDGE('',*,*,#2652,.F.);
#3429=ORIENTED_EDGE('',*,*,#2654,.T.);
#3430=ORIENTED_EDGE('',*,*,#2655,.T.);
#3431=ORIENTED_EDGE('',*,*,#2656,.F.);
#3432=ORIENTED_EDGE('',*,*,#2657,.F.);
#3433=ORIENTED_EDGE('',*,*,#2654,.F.);
#3434=ORIENTED_EDGE('',*,*,#2651,.F.);
#3435=ORIENTED_EDGE('',*,*,#2658,.F.);
#3436=ORIENTED_EDGE('',*,*,#2655,.F.);
#3437=ORIENTED_EDGE('',*,*,#2657,.T.);
#3438=ORIENTED_EDGE('',*,*,#2659,.T.);
#3439=ORIENTED_EDGE('',*,*,#2660,.F.);
#3440=ORIENTED_EDGE('',*,*,#2659,.F.);
#3441=ORIENTED_EDGE('',*,*,#2656,.T.);
#3442=ORIENTED_EDGE('',*,*,#2650,.T.);
#3443=ORIENTED_EDGE('',*,*,#2661,.F.);
#3444=ORIENTED_EDGE('',*,*,#2662,.F.);
#3445=ORIENTED_EDGE('',*,*,#2663,.T.);
#3446=ORIENTED_EDGE('',*,*,#2664,.T.);
#3447=ORIENTED_EDGE('',*,*,#2665,.F.);
#3448=ORIENTED_EDGE('',*,*,#2664,.F.);
#3449=ORIENTED_EDGE('',*,*,#2666,.T.);
#3450=ORIENTED_EDGE('',*,*,#2667,.T.);
#3451=ORIENTED_EDGE('',*,*,#2668,.F.);
#3452=ORIENTED_EDGE('',*,*,#2669,.F.);
#3453=ORIENTED_EDGE('',*,*,#2666,.F.);
#3454=ORIENTED_EDGE('',*,*,#2663,.F.);
#3455=ORIENTED_EDGE('',*,*,#2670,.F.);
#3456=ORIENTED_EDGE('',*,*,#2667,.F.);
#3457=ORIENTED_EDGE('',*,*,#2669,.T.);
#3458=ORIENTED_EDGE('',*,*,#2671,.T.);
#3459=ORIENTED_EDGE('',*,*,#2672,.F.);
#3460=ORIENTED_EDGE('',*,*,#2671,.F.);
#3461=ORIENTED_EDGE('',*,*,#2668,.T.);
#3462=ORIENTED_EDGE('',*,*,#2662,.T.);
#3463=ORIENTED_EDGE('',*,*,#2673,.T.);
#3464=ORIENTED_EDGE('',*,*,#2674,.F.);
#3465=ORIENTED_EDGE('',*,*,#2675,.F.);
#3466=ORIENTED_EDGE('',*,*,#2676,.F.);
#3467=ORIENTED_EDGE('',*,*,#2677,.T.);
#3468=ORIENTED_EDGE('',*,*,#2678,.F.);
#3469=ORIENTED_EDGE('',*,*,#2679,.F.);
#3470=ORIENTED_EDGE('',*,*,#2680,.F.);
#3471=ORIENTED_EDGE('',*,*,#2681,.F.);
#3472=ORIENTED_EDGE('',*,*,#2682,.F.);
#3473=ORIENTED_EDGE('',*,*,#2683,.T.);
#3474=ORIENTED_EDGE('',*,*,#2684,.F.);
#3475=ORIENTED_EDGE('',*,*,#2685,.T.);
#3476=ORIENTED_EDGE('',*,*,#2678,.T.);
#3477=ORIENTED_EDGE('',*,*,#2686,.T.);
#3478=ORIENTED_EDGE('',*,*,#2687,.T.);
#3479=ORIENTED_EDGE('',*,*,#2688,.T.);
#3480=ORIENTED_EDGE('',*,*,#2684,.T.);
#3481=ORIENTED_EDGE('',*,*,#2689,.T.);
#3482=ORIENTED_EDGE('',*,*,#2674,.T.);
#3483=ORIENTED_EDGE('',*,*,#2690,.F.);
#3484=ORIENTED_EDGE('',*,*,#2691,.F.);
#3485=ORIENTED_EDGE('',*,*,#2692,.T.);
#3486=ORIENTED_EDGE('',*,*,#2687,.F.);
#3487=ORIENTED_EDGE('',*,*,#2681,.T.);
#3488=ORIENTED_EDGE('',*,*,#2688,.F.);
#3489=ORIENTED_EDGE('',*,*,#2692,.F.);
#3490=ORIENTED_EDGE('',*,*,#2693,.F.);
#3491=ORIENTED_EDGE('',*,*,#2679,.T.);
#3492=ORIENTED_EDGE('',*,*,#2685,.F.);
#3493=ORIENTED_EDGE('',*,*,#2673,.F.);
#3494=ORIENTED_EDGE('',*,*,#2694,.F.);
#3495=ORIENTED_EDGE('',*,*,#2690,.T.);
#3496=ORIENTED_EDGE('',*,*,#2686,.F.);
#3497=ORIENTED_EDGE('',*,*,#2677,.F.);
#3498=ORIENTED_EDGE('',*,*,#2695,.F.);
#3499=ORIENTED_EDGE('',*,*,#2675,.T.);
#3500=ORIENTED_EDGE('',*,*,#2689,.F.);
#3501=ORIENTED_EDGE('',*,*,#2683,.F.);
#3502=ORIENTED_EDGE('',*,*,#2696,.F.);
#3503=ORIENTED_EDGE('',*,*,#2697,.T.);
#3504=ORIENTED_EDGE('',*,*,#2698,.F.);
#3505=ORIENTED_EDGE('',*,*,#2699,.F.);
#3506=ORIENTED_EDGE('',*,*,#2700,.F.);
#3507=ORIENTED_EDGE('',*,*,#2701,.T.);
#3508=ORIENTED_EDGE('',*,*,#2702,.F.);
#3509=ORIENTED_EDGE('',*,*,#2703,.F.);
#3510=ORIENTED_EDGE('',*,*,#2704,.F.);
#3511=ORIENTED_EDGE('',*,*,#2705,.F.);
#3512=ORIENTED_EDGE('',*,*,#2706,.F.);
#3513=ORIENTED_EDGE('',*,*,#2707,.T.);
#3514=ORIENTED_EDGE('',*,*,#2708,.F.);
#3515=ORIENTED_EDGE('',*,*,#2709,.T.);
#3516=ORIENTED_EDGE('',*,*,#2702,.T.);
#3517=ORIENTED_EDGE('',*,*,#2710,.T.);
#3518=ORIENTED_EDGE('',*,*,#2711,.T.);
#3519=ORIENTED_EDGE('',*,*,#2712,.T.);
#3520=ORIENTED_EDGE('',*,*,#2708,.T.);
#3521=ORIENTED_EDGE('',*,*,#2713,.T.);
#3522=ORIENTED_EDGE('',*,*,#2698,.T.);
#3523=ORIENTED_EDGE('',*,*,#2714,.F.);
#3524=ORIENTED_EDGE('',*,*,#2715,.F.);
#3525=ORIENTED_EDGE('',*,*,#2716,.T.);
#3526=ORIENTED_EDGE('',*,*,#2711,.F.);
#3527=ORIENTED_EDGE('',*,*,#2705,.T.);
#3528=ORIENTED_EDGE('',*,*,#2712,.F.);
#3529=ORIENTED_EDGE('',*,*,#2716,.F.);
#3530=ORIENTED_EDGE('',*,*,#2717,.F.);
#3531=ORIENTED_EDGE('',*,*,#2703,.T.);
#3532=ORIENTED_EDGE('',*,*,#2709,.F.);
#3533=ORIENTED_EDGE('',*,*,#2697,.F.);
#3534=ORIENTED_EDGE('',*,*,#2718,.F.);
#3535=ORIENTED_EDGE('',*,*,#2714,.T.);
#3536=ORIENTED_EDGE('',*,*,#2710,.F.);
#3537=ORIENTED_EDGE('',*,*,#2701,.F.);
#3538=ORIENTED_EDGE('',*,*,#2719,.F.);
#3539=ORIENTED_EDGE('',*,*,#2699,.T.);
#3540=ORIENTED_EDGE('',*,*,#2713,.F.);
#3541=ORIENTED_EDGE('',*,*,#2707,.F.);
#3542=ORIENTED_EDGE('',*,*,#2720,.F.);
#3543=ORIENTED_EDGE('',*,*,#2638,.F.);
#3544=ORIENTED_EDGE('',*,*,#2721,.T.);
#3545=ORIENTED_EDGE('',*,*,#2722,.F.);
#3546=ORIENTED_EDGE('',*,*,#2723,.F.);
#3547=ORIENTED_EDGE('',*,*,#2634,.F.);
#3548=ORIENTED_EDGE('',*,*,#2642,.T.);
#3549=ORIENTED_EDGE('',*,*,#2724,.F.);
#3550=ORIENTED_EDGE('',*,*,#2725,.F.);
#3551=ORIENTED_EDGE('',*,*,#2636,.F.);
#3552=ORIENTED_EDGE('',*,*,#2725,.T.);
#3553=ORIENTED_EDGE('',*,*,#2726,.F.);
#3554=ORIENTED_EDGE('',*,*,#2721,.F.);
#3555=ORIENTED_EDGE('',*,*,#2639,.F.);
#3556=ORIENTED_EDGE('',*,*,#2723,.T.);
#3557=ORIENTED_EDGE('',*,*,#2727,.F.);
#3558=ORIENTED_EDGE('',*,*,#2647,.F.);
#3559=ORIENTED_EDGE('',*,*,#2604,.F.);
#3560=ORIENTED_EDGE('',*,*,#2728,.T.);
#3561=ORIENTED_EDGE('',*,*,#2729,.F.);
#3562=ORIENTED_EDGE('',*,*,#2730,.F.);
#3563=ORIENTED_EDGE('',*,*,#2731,.T.);
#3564=ORIENTED_EDGE('',*,*,#2729,.T.);
#3565=ORIENTED_EDGE('',*,*,#2732,.T.);
#3566=ORIENTED_EDGE('',*,*,#2733,.T.);
#3567=ORIENTED_EDGE('',*,*,#2608,.T.);
#3568=ORIENTED_EDGE('',*,*,#2611,.T.);
#3569=ORIENTED_EDGE('',*,*,#2613,.T.);
#3570=ORIENTED_EDGE('',*,*,#2615,.T.);
#3571=ORIENTED_EDGE('',*,*,#2658,.T.);
#3572=ORIENTED_EDGE('',*,*,#2660,.T.);
#3573=ORIENTED_EDGE('',*,*,#2649,.T.);
#3574=ORIENTED_EDGE('',*,*,#2653,.T.);
#3575=ORIENTED_EDGE('',*,*,#2670,.T.);
#3576=ORIENTED_EDGE('',*,*,#2672,.T.);
#3577=ORIENTED_EDGE('',*,*,#2661,.T.);
#3578=ORIENTED_EDGE('',*,*,#2665,.T.);
#3579=ORIENTED_EDGE('',*,*,#2691,.T.);
#3580=ORIENTED_EDGE('',*,*,#2695,.T.);
#3581=ORIENTED_EDGE('',*,*,#2680,.T.);
#3582=ORIENTED_EDGE('',*,*,#2694,.T.);
#3583=ORIENTED_EDGE('',*,*,#2676,.T.);
#3584=ORIENTED_EDGE('',*,*,#2696,.T.);
#3585=ORIENTED_EDGE('',*,*,#2682,.T.);
#3586=ORIENTED_EDGE('',*,*,#2693,.T.);
#3587=ORIENTED_EDGE('',*,*,#2715,.T.);
#3588=ORIENTED_EDGE('',*,*,#2719,.T.);
#3589=ORIENTED_EDGE('',*,*,#2704,.T.);
#3590=ORIENTED_EDGE('',*,*,#2718,.T.);
#3591=ORIENTED_EDGE('',*,*,#2700,.T.);
#3592=ORIENTED_EDGE('',*,*,#2720,.T.);
#3593=ORIENTED_EDGE('',*,*,#2706,.T.);
#3594=ORIENTED_EDGE('',*,*,#2717,.T.);
#3595=ORIENTED_EDGE('',*,*,#2724,.T.);
#3596=ORIENTED_EDGE('',*,*,#2641,.T.);
#3597=ORIENTED_EDGE('',*,*,#2644,.T.);
#3598=ORIENTED_EDGE('',*,*,#2646,.T.);
#3599=ORIENTED_EDGE('',*,*,#2648,.T.);
#3600=ORIENTED_EDGE('',*,*,#2727,.T.);
#3601=ORIENTED_EDGE('',*,*,#2722,.T.);
#3602=ORIENTED_EDGE('',*,*,#2726,.T.);
#3603=ORIENTED_EDGE('',*,*,#2598,.F.);
#3604=ORIENTED_EDGE('',*,*,#2609,.T.);
#3605=ORIENTED_EDGE('',*,*,#2733,.F.);
#3606=ORIENTED_EDGE('',*,*,#2734,.F.);
#3607=ORIENTED_EDGE('',*,*,#2606,.F.);
#3608=ORIENTED_EDGE('',*,*,#2730,.T.);
#3609=ORIENTED_EDGE('',*,*,#2731,.F.);
#3610=ORIENTED_EDGE('',*,*,#2614,.F.);
#3611=ORIENTED_EDGE('',*,*,#2601,.F.);
#3612=ORIENTED_EDGE('',*,*,#2734,.T.);
#3613=ORIENTED_EDGE('',*,*,#2732,.F.);
#3614=ORIENTED_EDGE('',*,*,#2728,.F.);
#3615=ORIENTED_EDGE('',*,*,#2735,.F.);
#3616=ORIENTED_EDGE('',*,*,#2736,.T.);
#3617=ORIENTED_EDGE('',*,*,#2737,.F.);
#3618=ORIENTED_EDGE('',*,*,#2736,.F.);
#3619=ORIENTED_EDGE('',*,*,#2738,.F.);
#3620=ORIENTED_EDGE('',*,*,#2739,.T.);
#3621=ORIENTED_EDGE('',*,*,#2740,.F.);
#3622=ORIENTED_EDGE('',*,*,#2739,.F.);
#3623=ORIENTED_EDGE('',*,*,#2741,.F.);
#3624=ORIENTED_EDGE('',*,*,#2742,.T.);
#3625=ORIENTED_EDGE('',*,*,#2743,.F.);
#3626=ORIENTED_EDGE('',*,*,#2742,.F.);
#3627=ORIENTED_EDGE('',*,*,#2744,.F.);
#3628=ORIENTED_EDGE('',*,*,#2745,.T.);
#3629=ORIENTED_EDGE('',*,*,#2746,.F.);
#3630=ORIENTED_EDGE('',*,*,#2745,.F.);
#3631=ORIENTED_EDGE('',*,*,#2747,.T.);
#3632=ORIENTED_EDGE('',*,*,#2748,.T.);
#3633=ORIENTED_EDGE('',*,*,#2749,.T.);
#3634=ORIENTED_EDGE('',*,*,#2750,.T.);
#3635=ORIENTED_EDGE('',*,*,#2737,.T.);
#3636=ORIENTED_EDGE('',*,*,#2740,.T.);
#3637=ORIENTED_EDGE('',*,*,#2743,.T.);
#3638=ORIENTED_EDGE('',*,*,#2746,.T.);
#3639=ORIENTED_EDGE('',*,*,#2751,.T.);
#3640=ORIENTED_EDGE('',*,*,#2752,.T.);
#3641=ORIENTED_EDGE('',*,*,#2753,.T.);
#3642=ORIENTED_EDGE('',*,*,#2754,.T.);
#3643=ORIENTED_EDGE('',*,*,#2735,.T.);
#3644=ORIENTED_EDGE('',*,*,#2738,.T.);
#3645=ORIENTED_EDGE('',*,*,#2741,.T.);
#3646=ORIENTED_EDGE('',*,*,#2744,.T.);
#3647=ORIENTED_EDGE('',*,*,#2755,.T.);
#3648=ORIENTED_EDGE('',*,*,#2752,.F.);
#3649=ORIENTED_EDGE('',*,*,#2756,.F.);
#3650=ORIENTED_EDGE('',*,*,#2750,.F.);
#3651=ORIENTED_EDGE('',*,*,#2757,.T.);
#3652=ORIENTED_EDGE('',*,*,#2753,.F.);
#3653=ORIENTED_EDGE('',*,*,#2755,.F.);
#3654=ORIENTED_EDGE('',*,*,#2749,.F.);
#3655=ORIENTED_EDGE('',*,*,#2758,.T.);
#3656=ORIENTED_EDGE('',*,*,#2754,.F.);
#3657=ORIENTED_EDGE('',*,*,#2757,.F.);
#3658=ORIENTED_EDGE('',*,*,#2748,.F.);
#3659=ORIENTED_EDGE('',*,*,#2756,.T.);
#3660=ORIENTED_EDGE('',*,*,#2751,.F.);
#3661=ORIENTED_EDGE('',*,*,#2758,.F.);
#3662=ORIENTED_EDGE('',*,*,#2747,.F.);
#3663=ORIENTED_EDGE('',*,*,#2759,.T.);
#3664=ORIENTED_EDGE('',*,*,#2760,.T.);
#3665=ORIENTED_EDGE('',*,*,#2761,.T.);
#3666=ORIENTED_EDGE('',*,*,#2762,.T.);
#3667=ORIENTED_EDGE('',*,*,#2763,.T.);
#3668=ORIENTED_EDGE('',*,*,#2764,.T.);
#3669=ORIENTED_EDGE('',*,*,#2765,.T.);
#3670=ORIENTED_EDGE('',*,*,#2766,.T.);
#3671=ORIENTED_EDGE('',*,*,#2767,.T.);
#3672=ORIENTED_EDGE('',*,*,#2764,.F.);
#3673=ORIENTED_EDGE('',*,*,#2768,.F.);
#3674=ORIENTED_EDGE('',*,*,#2762,.F.);
#3675=ORIENTED_EDGE('',*,*,#2769,.T.);
#3676=ORIENTED_EDGE('',*,*,#2765,.F.);
#3677=ORIENTED_EDGE('',*,*,#2767,.F.);
#3678=ORIENTED_EDGE('',*,*,#2761,.F.);
#3679=ORIENTED_EDGE('',*,*,#2770,.T.);
#3680=ORIENTED_EDGE('',*,*,#2766,.F.);
#3681=ORIENTED_EDGE('',*,*,#2769,.F.);
#3682=ORIENTED_EDGE('',*,*,#2760,.F.);
#3683=ORIENTED_EDGE('',*,*,#2768,.T.);
#3684=ORIENTED_EDGE('',*,*,#2763,.F.);
#3685=ORIENTED_EDGE('',*,*,#2770,.F.);
#3686=ORIENTED_EDGE('',*,*,#2759,.F.);
#3687=ORIENTED_EDGE('',*,*,#2771,.T.);
#3688=ORIENTED_EDGE('',*,*,#2772,.T.);
#3689=ORIENTED_EDGE('',*,*,#2773,.T.);
#3690=ORIENTED_EDGE('',*,*,#2774,.T.);
#3691=ORIENTED_EDGE('',*,*,#2775,.T.);
#3692=ORIENTED_EDGE('',*,*,#2776,.T.);
#3693=ORIENTED_EDGE('',*,*,#2777,.T.);
#3694=ORIENTED_EDGE('',*,*,#2778,.T.);
#3695=ORIENTED_EDGE('',*,*,#2779,.T.);
#3696=ORIENTED_EDGE('',*,*,#2776,.F.);
#3697=ORIENTED_EDGE('',*,*,#2780,.F.);
#3698=ORIENTED_EDGE('',*,*,#2774,.F.);
#3699=ORIENTED_EDGE('',*,*,#2781,.T.);
#3700=ORIENTED_EDGE('',*,*,#2777,.F.);
#3701=ORIENTED_EDGE('',*,*,#2779,.F.);
#3702=ORIENTED_EDGE('',*,*,#2773,.F.);
#3703=ORIENTED_EDGE('',*,*,#2782,.T.);
#3704=ORIENTED_EDGE('',*,*,#2778,.F.);
#3705=ORIENTED_EDGE('',*,*,#2781,.F.);
#3706=ORIENTED_EDGE('',*,*,#2772,.F.);
#3707=ORIENTED_EDGE('',*,*,#2780,.T.);
#3708=ORIENTED_EDGE('',*,*,#2775,.F.);
#3709=ORIENTED_EDGE('',*,*,#2782,.F.);
#3710=ORIENTED_EDGE('',*,*,#2771,.F.);
#3711=ORIENTED_EDGE('',*,*,#2783,.T.);
#3712=ORIENTED_EDGE('',*,*,#2784,.T.);
#3713=ORIENTED_EDGE('',*,*,#2785,.T.);
#3714=ORIENTED_EDGE('',*,*,#2786,.T.);
#3715=ORIENTED_EDGE('',*,*,#2787,.T.);
#3716=ORIENTED_EDGE('',*,*,#2788,.T.);
#3717=ORIENTED_EDGE('',*,*,#2789,.T.);
#3718=ORIENTED_EDGE('',*,*,#2790,.T.);
#3719=ORIENTED_EDGE('',*,*,#2791,.T.);
#3720=ORIENTED_EDGE('',*,*,#2788,.F.);
#3721=ORIENTED_EDGE('',*,*,#2792,.F.);
#3722=ORIENTED_EDGE('',*,*,#2786,.F.);
#3723=ORIENTED_EDGE('',*,*,#2793,.T.);
#3724=ORIENTED_EDGE('',*,*,#2789,.F.);
#3725=ORIENTED_EDGE('',*,*,#2791,.F.);
#3726=ORIENTED_EDGE('',*,*,#2785,.F.);
#3727=ORIENTED_EDGE('',*,*,#2794,.T.);
#3728=ORIENTED_EDGE('',*,*,#2790,.F.);
#3729=ORIENTED_EDGE('',*,*,#2793,.F.);
#3730=ORIENTED_EDGE('',*,*,#2784,.F.);
#3731=ORIENTED_EDGE('',*,*,#2792,.T.);
#3732=ORIENTED_EDGE('',*,*,#2787,.F.);
#3733=ORIENTED_EDGE('',*,*,#2794,.F.);
#3734=ORIENTED_EDGE('',*,*,#2783,.F.);
#3735=ORIENTED_EDGE('',*,*,#2795,.F.);
#3736=ORIENTED_EDGE('',*,*,#2796,.T.);
#3737=ORIENTED_EDGE('',*,*,#2797,.F.);
#3738=ORIENTED_EDGE('',*,*,#2796,.F.);
#3739=ORIENTED_EDGE('',*,*,#2797,.T.);
#3740=ORIENTED_EDGE('',*,*,#2795,.T.);
#3741=ORIENTED_EDGE('',*,*,#2798,.F.);
#3742=ORIENTED_EDGE('',*,*,#2799,.T.);
#3743=ORIENTED_EDGE('',*,*,#2800,.F.);
#3744=ORIENTED_EDGE('',*,*,#2799,.F.);
#3745=ORIENTED_EDGE('',*,*,#2800,.T.);
#3746=ORIENTED_EDGE('',*,*,#2798,.T.);
#3747=ORIENTED_EDGE('',*,*,#2801,.F.);
#3748=ORIENTED_EDGE('',*,*,#2802,.T.);
#3749=ORIENTED_EDGE('',*,*,#2803,.F.);
#3750=ORIENTED_EDGE('',*,*,#2802,.F.);
#3751=ORIENTED_EDGE('',*,*,#2803,.T.);
#3752=ORIENTED_EDGE('',*,*,#2801,.T.);
#3753=ORIENTED_EDGE('',*,*,#2804,.F.);
#3754=ORIENTED_EDGE('',*,*,#2805,.T.);
#3755=ORIENTED_EDGE('',*,*,#2806,.F.);
#3756=ORIENTED_EDGE('',*,*,#2805,.F.);
#3757=ORIENTED_EDGE('',*,*,#2806,.T.);
#3758=ORIENTED_EDGE('',*,*,#2804,.T.);
#3759=ORIENTED_EDGE('',*,*,#2807,.F.);
#3760=ORIENTED_EDGE('',*,*,#2808,.T.);
#3761=ORIENTED_EDGE('',*,*,#2809,.F.);
#3762=ORIENTED_EDGE('',*,*,#2808,.F.);
#3763=ORIENTED_EDGE('',*,*,#2809,.T.);
#3764=ORIENTED_EDGE('',*,*,#2807,.T.);
#3765=ORIENTED_EDGE('',*,*,#2810,.F.);
#3766=ORIENTED_EDGE('',*,*,#2811,.T.);
#3767=ORIENTED_EDGE('',*,*,#2812,.F.);
#3768=ORIENTED_EDGE('',*,*,#2811,.F.);
#3769=ORIENTED_EDGE('',*,*,#2812,.T.);
#3770=ORIENTED_EDGE('',*,*,#2810,.T.);
#3771=ORIENTED_EDGE('',*,*,#2813,.F.);
#3772=ORIENTED_EDGE('',*,*,#2814,.T.);
#3773=ORIENTED_EDGE('',*,*,#2815,.F.);
#3774=ORIENTED_EDGE('',*,*,#2814,.F.);
#3775=ORIENTED_EDGE('',*,*,#2815,.T.);
#3776=ORIENTED_EDGE('',*,*,#2813,.T.);
#3777=ORIENTED_EDGE('',*,*,#2816,.F.);
#3778=ORIENTED_EDGE('',*,*,#2817,.T.);
#3779=ORIENTED_EDGE('',*,*,#2818,.F.);
#3780=ORIENTED_EDGE('',*,*,#2817,.F.);
#3781=ORIENTED_EDGE('',*,*,#2818,.T.);
#3782=ORIENTED_EDGE('',*,*,#2816,.T.);
#3783=ORIENTED_EDGE('',*,*,#2819,.F.);
#3784=ORIENTED_EDGE('',*,*,#2820,.T.);
#3785=ORIENTED_EDGE('',*,*,#2821,.F.);
#3786=ORIENTED_EDGE('',*,*,#2822,.T.);
#3787=ORIENTED_EDGE('',*,*,#2823,.F.);
#3788=ORIENTED_EDGE('',*,*,#2824,.F.);
#3789=ORIENTED_EDGE('',*,*,#2825,.F.);
#3790=ORIENTED_EDGE('',*,*,#2826,.T.);
#3791=ORIENTED_EDGE('',*,*,#2827,.F.);
#3792=ORIENTED_EDGE('',*,*,#2828,.F.);
#3793=ORIENTED_EDGE('',*,*,#2824,.T.);
#3794=ORIENTED_EDGE('',*,*,#2829,.F.);
#3795=ORIENTED_EDGE('',*,*,#2830,.F.);
#3796=ORIENTED_EDGE('',*,*,#2831,.F.);
#3797=ORIENTED_EDGE('',*,*,#2832,.T.);
#3798=ORIENTED_EDGE('',*,*,#2820,.F.);
#3799=ORIENTED_EDGE('',*,*,#2819,.T.);
#3800=ORIENTED_EDGE('',*,*,#2833,.F.);
#3801=ORIENTED_EDGE('',*,*,#2834,.F.);
#3802=ORIENTED_EDGE('',*,*,#2827,.T.);
#3803=ORIENTED_EDGE('',*,*,#2835,.F.);
#3804=ORIENTED_EDGE('',*,*,#2836,.F.);
#3805=ORIENTED_EDGE('',*,*,#2837,.F.);
#3806=ORIENTED_EDGE('',*,*,#2830,.T.);
#3807=ORIENTED_EDGE('',*,*,#2821,.T.);
#3808=ORIENTED_EDGE('',*,*,#2832,.F.);
#3809=ORIENTED_EDGE('',*,*,#2838,.F.);
#3810=ORIENTED_EDGE('',*,*,#2839,.T.);
#3811=ORIENTED_EDGE('',*,*,#2823,.T.);
#3812=ORIENTED_EDGE('',*,*,#2840,.T.);
#3813=ORIENTED_EDGE('',*,*,#2835,.T.);
#3814=ORIENTED_EDGE('',*,*,#2829,.T.);
#3815=ORIENTED_EDGE('',*,*,#2840,.F.);
#3816=ORIENTED_EDGE('',*,*,#2826,.F.);
#3817=ORIENTED_EDGE('',*,*,#2841,.F.);
#3818=ORIENTED_EDGE('',*,*,#2833,.T.);
#3819=ORIENTED_EDGE('',*,*,#2822,.F.);
#3820=ORIENTED_EDGE('',*,*,#2839,.F.);
#3821=ORIENTED_EDGE('',*,*,#2842,.F.);
#3822=ORIENTED_EDGE('',*,*,#2836,.T.);
#3823=ORIENTED_EDGE('',*,*,#2843,.F.);
#3824=ORIENTED_EDGE('',*,*,#2844,.T.);
#3825=ORIENTED_EDGE('',*,*,#2845,.F.);
#3826=ORIENTED_EDGE('',*,*,#2846,.T.);
#3827=ORIENTED_EDGE('',*,*,#2847,.F.);
#3828=ORIENTED_EDGE('',*,*,#2848,.F.);
#3829=ORIENTED_EDGE('',*,*,#2849,.F.);
#3830=ORIENTED_EDGE('',*,*,#2850,.T.);
#3831=ORIENTED_EDGE('',*,*,#2851,.F.);
#3832=ORIENTED_EDGE('',*,*,#2852,.F.);
#3833=ORIENTED_EDGE('',*,*,#2848,.T.);
#3834=ORIENTED_EDGE('',*,*,#2853,.F.);
#3835=ORIENTED_EDGE('',*,*,#2854,.F.);
#3836=ORIENTED_EDGE('',*,*,#2855,.F.);
#3837=ORIENTED_EDGE('',*,*,#2856,.T.);
#3838=ORIENTED_EDGE('',*,*,#2844,.F.);
#3839=ORIENTED_EDGE('',*,*,#2843,.T.);
#3840=ORIENTED_EDGE('',*,*,#2857,.F.);
#3841=ORIENTED_EDGE('',*,*,#2858,.F.);
#3842=ORIENTED_EDGE('',*,*,#2851,.T.);
#3843=ORIENTED_EDGE('',*,*,#2859,.F.);
#3844=ORIENTED_EDGE('',*,*,#2860,.F.);
#3845=ORIENTED_EDGE('',*,*,#2861,.F.);
#3846=ORIENTED_EDGE('',*,*,#2854,.T.);
#3847=ORIENTED_EDGE('',*,*,#2845,.T.);
#3848=ORIENTED_EDGE('',*,*,#2856,.F.);
#3849=ORIENTED_EDGE('',*,*,#2862,.F.);
#3850=ORIENTED_EDGE('',*,*,#2863,.T.);
#3851=ORIENTED_EDGE('',*,*,#2847,.T.);
#3852=ORIENTED_EDGE('',*,*,#2864,.T.);
#3853=ORIENTED_EDGE('',*,*,#2859,.T.);
#3854=ORIENTED_EDGE('',*,*,#2853,.T.);
#3855=ORIENTED_EDGE('',*,*,#2864,.F.);
#3856=ORIENTED_EDGE('',*,*,#2850,.F.);
#3857=ORIENTED_EDGE('',*,*,#2865,.F.);
#3858=ORIENTED_EDGE('',*,*,#2857,.T.);
#3859=ORIENTED_EDGE('',*,*,#2846,.F.);
#3860=ORIENTED_EDGE('',*,*,#2863,.F.);
#3861=ORIENTED_EDGE('',*,*,#2866,.F.);
#3862=ORIENTED_EDGE('',*,*,#2860,.T.);
#3863=ORIENTED_EDGE('',*,*,#2867,.F.);
#3864=ORIENTED_EDGE('',*,*,#2868,.F.);
#3865=ORIENTED_EDGE('',*,*,#2869,.F.);
#3866=ORIENTED_EDGE('',*,*,#2870,.F.);
#3867=ORIENTED_EDGE('',*,*,#2871,.F.);
#3868=ORIENTED_EDGE('',*,*,#2868,.T.);
#3869=ORIENTED_EDGE('',*,*,#2872,.T.);
#3870=ORIENTED_EDGE('',*,*,#2873,.F.);
#3871=ORIENTED_EDGE('',*,*,#2874,.F.);
#3872=ORIENTED_EDGE('',*,*,#2870,.T.);
#3873=ORIENTED_EDGE('',*,*,#2875,.F.);
#3874=ORIENTED_EDGE('',*,*,#2876,.F.);
#3875=ORIENTED_EDGE('',*,*,#2872,.F.);
#3876=ORIENTED_EDGE('',*,*,#2867,.T.);
#3877=ORIENTED_EDGE('',*,*,#2874,.T.);
#3878=ORIENTED_EDGE('',*,*,#2877,.F.);
#3879=ORIENTED_EDGE('',*,*,#2875,.T.);
#3880=ORIENTED_EDGE('',*,*,#2869,.T.);
#3881=ORIENTED_EDGE('',*,*,#2871,.T.);
#3882=ORIENTED_EDGE('',*,*,#2878,.F.);
#3883=ORIENTED_EDGE('',*,*,#2879,.F.);
#3884=ORIENTED_EDGE('',*,*,#2880,.T.);
#3885=ORIENTED_EDGE('',*,*,#2881,.T.);
#3886=ORIENTED_EDGE('',*,*,#2882,.F.);
#3887=ORIENTED_EDGE('',*,*,#2883,.F.);
#3888=ORIENTED_EDGE('',*,*,#2884,.F.);
#3889=ORIENTED_EDGE('',*,*,#2885,.F.);
#3890=ORIENTED_EDGE('',*,*,#2886,.F.);
#3891=ORIENTED_EDGE('',*,*,#2887,.F.);
#3892=ORIENTED_EDGE('',*,*,#2884,.T.);
#3893=ORIENTED_EDGE('',*,*,#2888,.F.);
#3894=ORIENTED_EDGE('',*,*,#2889,.F.);
#3895=ORIENTED_EDGE('',*,*,#2890,.F.);
#3896=ORIENTED_EDGE('',*,*,#2885,.T.);
#3897=ORIENTED_EDGE('',*,*,#2887,.T.);
#3898=ORIENTED_EDGE('',*,*,#2891,.F.);
#3899=ORIENTED_EDGE('',*,*,#2892,.F.);
#3900=ORIENTED_EDGE('',*,*,#2886,.T.);
#3901=ORIENTED_EDGE('',*,*,#2890,.T.);
#3902=ORIENTED_EDGE('',*,*,#2893,.F.);
#3903=ORIENTED_EDGE('',*,*,#2888,.T.);
#3904=ORIENTED_EDGE('',*,*,#2883,.T.);
#3905=ORIENTED_EDGE('',*,*,#2892,.T.);
#3906=ORIENTED_EDGE('',*,*,#2894,.F.);
#3907=ORIENTED_EDGE('',*,*,#2895,.F.);
#3908=ORIENTED_EDGE('',*,*,#2896,.T.);
#3909=ORIENTED_EDGE('',*,*,#2897,.T.);
#3910=ORIENTED_EDGE('',*,*,#2898,.F.);
#3911=ORIENTED_EDGE('',*,*,#2899,.F.);
#3912=ORIENTED_EDGE('',*,*,#2900,.T.);
#3913=ORIENTED_EDGE('',*,*,#2901,.F.);
#3914=ORIENTED_EDGE('',*,*,#2902,.F.);
#3915=ORIENTED_EDGE('',*,*,#2903,.F.);
#3916=ORIENTED_EDGE('',*,*,#2904,.F.);
#3917=ORIENTED_EDGE('',*,*,#2905,.F.);
#3918=ORIENTED_EDGE('',*,*,#2906,.F.);
#3919=ORIENTED_EDGE('',*,*,#2907,.F.);
#3920=ORIENTED_EDGE('',*,*,#2908,.F.);
#3921=ORIENTED_EDGE('',*,*,#2909,.F.);
#3922=ORIENTED_EDGE('',*,*,#2910,.F.);
#3923=ORIENTED_EDGE('',*,*,#2911,.F.);
#3924=ORIENTED_EDGE('',*,*,#2912,.F.);
#3925=ORIENTED_EDGE('',*,*,#2913,.F.);
#3926=ORIENTED_EDGE('',*,*,#2900,.F.);
#3927=ORIENTED_EDGE('',*,*,#2914,.F.);
#3928=ORIENTED_EDGE('',*,*,#2915,.F.);
#3929=ORIENTED_EDGE('',*,*,#2916,.F.);
#3930=ORIENTED_EDGE('',*,*,#2917,.F.);
#3931=ORIENTED_EDGE('',*,*,#2918,.F.);
#3932=ORIENTED_EDGE('',*,*,#2919,.F.);
#3933=ORIENTED_EDGE('',*,*,#2920,.F.);
#3934=ORIENTED_EDGE('',*,*,#2921,.F.);
#3935=ORIENTED_EDGE('',*,*,#2922,.F.);
#3936=ORIENTED_EDGE('',*,*,#2923,.F.);
#3937=ORIENTED_EDGE('',*,*,#2924,.F.);
#3938=ORIENTED_EDGE('',*,*,#2912,.T.);
#3939=ORIENTED_EDGE('',*,*,#2925,.F.);
#3940=ORIENTED_EDGE('',*,*,#2926,.F.);
#3941=ORIENTED_EDGE('',*,*,#2927,.F.);
#3942=ORIENTED_EDGE('',*,*,#2928,.T.);
#3943=ORIENTED_EDGE('',*,*,#2929,.F.);
#3944=ORIENTED_EDGE('',*,*,#2914,.T.);
#3945=ORIENTED_EDGE('',*,*,#2911,.T.);
#3946=ORIENTED_EDGE('',*,*,#2899,.T.);
#3947=ORIENTED_EDGE('',*,*,#2930,.F.);
#3948=ORIENTED_EDGE('',*,*,#2901,.T.);
#3949=ORIENTED_EDGE('',*,*,#2913,.T.);
#3950=ORIENTED_EDGE('',*,*,#2924,.T.);
#3951=ORIENTED_EDGE('',*,*,#2931,.F.);
#3952=ORIENTED_EDGE('',*,*,#2928,.F.);
#3953=ORIENTED_EDGE('',*,*,#2910,.T.);
#3954=ORIENTED_EDGE('',*,*,#2932,.F.);
#3955=ORIENTED_EDGE('',*,*,#2902,.T.);
#3956=ORIENTED_EDGE('',*,*,#2930,.T.);
#3957=ORIENTED_EDGE('',*,*,#2915,.T.);
#3958=ORIENTED_EDGE('',*,*,#2929,.T.);
#3959=ORIENTED_EDGE('',*,*,#2931,.T.);
#3960=ORIENTED_EDGE('',*,*,#2923,.T.);
#3961=ORIENTED_EDGE('',*,*,#2933,.F.);
#3962=ORIENTED_EDGE('',*,*,#2909,.T.);
#3963=ORIENTED_EDGE('',*,*,#2934,.F.);
#3964=ORIENTED_EDGE('',*,*,#2903,.T.);
#3965=ORIENTED_EDGE('',*,*,#2932,.T.);
#3966=ORIENTED_EDGE('',*,*,#2916,.T.);
#3967=ORIENTED_EDGE('',*,*,#2933,.T.);
#3968=ORIENTED_EDGE('',*,*,#2922,.T.);
#3969=ORIENTED_EDGE('',*,*,#2935,.F.);
#3970=ORIENTED_EDGE('',*,*,#2908,.T.);
#3971=ORIENTED_EDGE('',*,*,#2936,.F.);
#3972=ORIENTED_EDGE('',*,*,#2904,.T.);
#3973=ORIENTED_EDGE('',*,*,#2934,.T.);
#3974=ORIENTED_EDGE('',*,*,#2917,.T.);
#3975=ORIENTED_EDGE('',*,*,#2935,.T.);
#3976=ORIENTED_EDGE('',*,*,#2921,.T.);
#3977=ORIENTED_EDGE('',*,*,#2937,.F.);
#3978=ORIENTED_EDGE('',*,*,#2906,.T.);
#3979=ORIENTED_EDGE('',*,*,#2938,.T.);
#3980=ORIENTED_EDGE('',*,*,#2907,.T.);
#3981=ORIENTED_EDGE('',*,*,#2938,.F.);
#3982=ORIENTED_EDGE('',*,*,#2905,.T.);
#3983=ORIENTED_EDGE('',*,*,#2936,.T.);
#3984=ORIENTED_EDGE('',*,*,#2918,.T.);
#3985=ORIENTED_EDGE('',*,*,#2937,.T.);
#3986=ORIENTED_EDGE('',*,*,#2920,.T.);
#3987=ORIENTED_EDGE('',*,*,#2939,.F.);
#3988=ORIENTED_EDGE('',*,*,#2919,.T.);
#3989=ORIENTED_EDGE('',*,*,#2939,.T.);
#3990=ORIENTED_EDGE('',*,*,#2940,.F.);
#3991=ORIENTED_EDGE('',*,*,#2926,.T.);
#3992=ORIENTED_EDGE('',*,*,#2941,.F.);
#3993=ORIENTED_EDGE('',*,*,#2942,.T.);
#3994=ORIENTED_EDGE('',*,*,#2943,.F.);
#3995=ORIENTED_EDGE('',*,*,#2944,.F.);
#3996=ORIENTED_EDGE('',*,*,#2945,.F.);
#3997=ORIENTED_EDGE('',*,*,#2946,.F.);
#3998=ORIENTED_EDGE('',*,*,#2947,.F.);
#3999=ORIENTED_EDGE('',*,*,#2948,.F.);
#4000=ORIENTED_EDGE('',*,*,#2949,.F.);
#4001=ORIENTED_EDGE('',*,*,#2950,.F.);
#4002=ORIENTED_EDGE('',*,*,#2951,.F.);
#4003=ORIENTED_EDGE('',*,*,#2952,.F.);
#4004=ORIENTED_EDGE('',*,*,#2953,.F.);
#4005=ORIENTED_EDGE('',*,*,#2954,.F.);
#4006=ORIENTED_EDGE('',*,*,#2955,.F.);
#4007=ORIENTED_EDGE('',*,*,#2942,.F.);
#4008=ORIENTED_EDGE('',*,*,#2956,.F.);
#4009=ORIENTED_EDGE('',*,*,#2957,.F.);
#4010=ORIENTED_EDGE('',*,*,#2958,.F.);
#4011=ORIENTED_EDGE('',*,*,#2959,.F.);
#4012=ORIENTED_EDGE('',*,*,#2960,.F.);
#4013=ORIENTED_EDGE('',*,*,#2961,.F.);
#4014=ORIENTED_EDGE('',*,*,#2962,.F.);
#4015=ORIENTED_EDGE('',*,*,#2963,.F.);
#4016=ORIENTED_EDGE('',*,*,#2964,.F.);
#4017=ORIENTED_EDGE('',*,*,#2965,.F.);
#4018=ORIENTED_EDGE('',*,*,#2966,.F.);
#4019=ORIENTED_EDGE('',*,*,#2954,.T.);
#4020=ORIENTED_EDGE('',*,*,#2967,.F.);
#4021=ORIENTED_EDGE('',*,*,#2968,.T.);
#4022=ORIENTED_EDGE('',*,*,#2969,.F.);
#4023=ORIENTED_EDGE('',*,*,#2956,.T.);
#4024=ORIENTED_EDGE('',*,*,#2953,.T.);
#4025=ORIENTED_EDGE('',*,*,#2941,.T.);
#4026=ORIENTED_EDGE('',*,*,#2970,.F.);
#4027=ORIENTED_EDGE('',*,*,#2943,.T.);
#4028=ORIENTED_EDGE('',*,*,#2955,.T.);
#4029=ORIENTED_EDGE('',*,*,#2966,.T.);
#4030=ORIENTED_EDGE('',*,*,#2971,.F.);
#4031=ORIENTED_EDGE('',*,*,#2968,.F.);
#4032=ORIENTED_EDGE('',*,*,#2952,.T.);
#4033=ORIENTED_EDGE('',*,*,#2972,.F.);
#4034=ORIENTED_EDGE('',*,*,#2944,.T.);
#4035=ORIENTED_EDGE('',*,*,#2970,.T.);
#4036=ORIENTED_EDGE('',*,*,#2957,.T.);
#4037=ORIENTED_EDGE('',*,*,#2969,.T.);
#4038=ORIENTED_EDGE('',*,*,#2971,.T.);
#4039=ORIENTED_EDGE('',*,*,#2965,.T.);
#4040=ORIENTED_EDGE('',*,*,#2973,.F.);
#4041=ORIENTED_EDGE('',*,*,#2951,.T.);
#4042=ORIENTED_EDGE('',*,*,#2974,.F.);
#4043=ORIENTED_EDGE('',*,*,#2945,.T.);
#4044=ORIENTED_EDGE('',*,*,#2972,.T.);
#4045=ORIENTED_EDGE('',*,*,#2958,.T.);
#4046=ORIENTED_EDGE('',*,*,#2973,.T.);
#4047=ORIENTED_EDGE('',*,*,#2964,.T.);
#4048=ORIENTED_EDGE('',*,*,#2975,.F.);
#4049=ORIENTED_EDGE('',*,*,#2950,.T.);
#4050=ORIENTED_EDGE('',*,*,#2976,.F.);
#4051=ORIENTED_EDGE('',*,*,#2946,.T.);
#4052=ORIENTED_EDGE('',*,*,#2974,.T.);
#4053=ORIENTED_EDGE('',*,*,#2959,.T.);
#4054=ORIENTED_EDGE('',*,*,#2975,.T.);
#4055=ORIENTED_EDGE('',*,*,#2963,.T.);
#4056=ORIENTED_EDGE('',*,*,#2977,.F.);
#4057=ORIENTED_EDGE('',*,*,#2948,.T.);
#4058=ORIENTED_EDGE('',*,*,#2978,.T.);
#4059=ORIENTED_EDGE('',*,*,#2949,.T.);
#4060=ORIENTED_EDGE('',*,*,#2978,.F.);
#4061=ORIENTED_EDGE('',*,*,#2947,.T.);
#4062=ORIENTED_EDGE('',*,*,#2976,.T.);
#4063=ORIENTED_EDGE('',*,*,#2960,.T.);
#4064=ORIENTED_EDGE('',*,*,#2977,.T.);
#4065=ORIENTED_EDGE('',*,*,#2962,.T.);
#4066=ORIENTED_EDGE('',*,*,#2979,.F.);
#4067=ORIENTED_EDGE('',*,*,#2961,.T.);
#4068=ORIENTED_EDGE('',*,*,#2979,.T.);
#4069=ORIENTED_EDGE('',*,*,#2980,.F.);
#4070=ORIENTED_EDGE('',*,*,#2981,.T.);
#4071=ORIENTED_EDGE('',*,*,#2982,.F.);
#4072=ORIENTED_EDGE('',*,*,#2983,.F.);
#4073=ORIENTED_EDGE('',*,*,#2984,.F.);
#4074=ORIENTED_EDGE('',*,*,#2985,.F.);
#4075=ORIENTED_EDGE('',*,*,#2986,.F.);
#4076=ORIENTED_EDGE('',*,*,#2987,.F.);
#4077=ORIENTED_EDGE('',*,*,#2988,.F.);
#4078=ORIENTED_EDGE('',*,*,#2989,.F.);
#4079=ORIENTED_EDGE('',*,*,#2990,.F.);
#4080=ORIENTED_EDGE('',*,*,#2991,.F.);
#4081=ORIENTED_EDGE('',*,*,#2992,.F.);
#4082=ORIENTED_EDGE('',*,*,#2993,.F.);
#4083=ORIENTED_EDGE('',*,*,#2994,.F.);
#4084=ORIENTED_EDGE('',*,*,#2981,.F.);
#4085=ORIENTED_EDGE('',*,*,#2995,.F.);
#4086=ORIENTED_EDGE('',*,*,#2996,.F.);
#4087=ORIENTED_EDGE('',*,*,#2997,.F.);
#4088=ORIENTED_EDGE('',*,*,#2998,.F.);
#4089=ORIENTED_EDGE('',*,*,#2999,.F.);
#4090=ORIENTED_EDGE('',*,*,#3000,.F.);
#4091=ORIENTED_EDGE('',*,*,#3001,.F.);
#4092=ORIENTED_EDGE('',*,*,#3002,.F.);
#4093=ORIENTED_EDGE('',*,*,#3003,.F.);
#4094=ORIENTED_EDGE('',*,*,#3004,.F.);
#4095=ORIENTED_EDGE('',*,*,#3005,.F.);
#4096=ORIENTED_EDGE('',*,*,#2993,.T.);
#4097=ORIENTED_EDGE('',*,*,#3006,.F.);
#4098=ORIENTED_EDGE('',*,*,#3007,.F.);
#4099=ORIENTED_EDGE('',*,*,#3008,.F.);
#4100=ORIENTED_EDGE('',*,*,#3009,.T.);
#4101=ORIENTED_EDGE('',*,*,#3010,.F.);
#4102=ORIENTED_EDGE('',*,*,#2995,.T.);
#4103=ORIENTED_EDGE('',*,*,#2992,.T.);
#4104=ORIENTED_EDGE('',*,*,#2980,.T.);
#4105=ORIENTED_EDGE('',*,*,#3011,.F.);
#4106=ORIENTED_EDGE('',*,*,#2982,.T.);
#4107=ORIENTED_EDGE('',*,*,#2994,.T.);
#4108=ORIENTED_EDGE('',*,*,#3005,.T.);
#4109=ORIENTED_EDGE('',*,*,#3012,.F.);
#4110=ORIENTED_EDGE('',*,*,#3009,.F.);
#4111=ORIENTED_EDGE('',*,*,#2991,.T.);
#4112=ORIENTED_EDGE('',*,*,#3013,.F.);
#4113=ORIENTED_EDGE('',*,*,#2983,.T.);
#4114=ORIENTED_EDGE('',*,*,#3011,.T.);
#4115=ORIENTED_EDGE('',*,*,#2996,.T.);
#4116=ORIENTED_EDGE('',*,*,#3010,.T.);
#4117=ORIENTED_EDGE('',*,*,#3012,.T.);
#4118=ORIENTED_EDGE('',*,*,#3004,.T.);
#4119=ORIENTED_EDGE('',*,*,#3014,.F.);
#4120=ORIENTED_EDGE('',*,*,#2990,.T.);
#4121=ORIENTED_EDGE('',*,*,#3015,.F.);
#4122=ORIENTED_EDGE('',*,*,#2984,.T.);
#4123=ORIENTED_EDGE('',*,*,#3013,.T.);
#4124=ORIENTED_EDGE('',*,*,#2997,.T.);
#4125=ORIENTED_EDGE('',*,*,#3014,.T.);
#4126=ORIENTED_EDGE('',*,*,#3003,.T.);
#4127=ORIENTED_EDGE('',*,*,#3016,.F.);
#4128=ORIENTED_EDGE('',*,*,#2989,.T.);
#4129=ORIENTED_EDGE('',*,*,#3017,.F.);
#4130=ORIENTED_EDGE('',*,*,#2985,.T.);
#4131=ORIENTED_EDGE('',*,*,#3015,.T.);
#4132=ORIENTED_EDGE('',*,*,#2998,.T.);
#4133=ORIENTED_EDGE('',*,*,#3016,.T.);
#4134=ORIENTED_EDGE('',*,*,#3002,.T.);
#4135=ORIENTED_EDGE('',*,*,#3018,.F.);
#4136=ORIENTED_EDGE('',*,*,#2987,.T.);
#4137=ORIENTED_EDGE('',*,*,#3019,.T.);
#4138=ORIENTED_EDGE('',*,*,#2988,.T.);
#4139=ORIENTED_EDGE('',*,*,#3019,.F.);
#4140=ORIENTED_EDGE('',*,*,#2986,.T.);
#4141=ORIENTED_EDGE('',*,*,#3017,.T.);
#4142=ORIENTED_EDGE('',*,*,#2999,.T.);
#4143=ORIENTED_EDGE('',*,*,#3018,.T.);
#4144=ORIENTED_EDGE('',*,*,#3001,.T.);
#4145=ORIENTED_EDGE('',*,*,#3020,.F.);
#4146=ORIENTED_EDGE('',*,*,#3000,.T.);
#4147=ORIENTED_EDGE('',*,*,#3020,.T.);
#4148=ORIENTED_EDGE('',*,*,#3021,.F.);
#4149=ORIENTED_EDGE('',*,*,#3007,.T.);
#4150=ORIENTED_EDGE('',*,*,#3022,.F.);
#4151=ORIENTED_EDGE('',*,*,#3023,.T.);
#4152=ORIENTED_EDGE('',*,*,#3024,.F.);
#4153=ORIENTED_EDGE('',*,*,#3025,.F.);
#4154=ORIENTED_EDGE('',*,*,#3026,.F.);
#4155=ORIENTED_EDGE('',*,*,#3027,.F.);
#4156=ORIENTED_EDGE('',*,*,#3028,.F.);
#4157=ORIENTED_EDGE('',*,*,#3029,.F.);
#4158=ORIENTED_EDGE('',*,*,#3030,.F.);
#4159=ORIENTED_EDGE('',*,*,#3031,.F.);
#4160=ORIENTED_EDGE('',*,*,#3032,.F.);
#4161=ORIENTED_EDGE('',*,*,#3033,.F.);
#4162=ORIENTED_EDGE('',*,*,#3034,.F.);
#4163=ORIENTED_EDGE('',*,*,#3035,.F.);
#4164=ORIENTED_EDGE('',*,*,#3036,.F.);
#4165=ORIENTED_EDGE('',*,*,#3023,.F.);
#4166=ORIENTED_EDGE('',*,*,#3037,.F.);
#4167=ORIENTED_EDGE('',*,*,#3038,.F.);
#4168=ORIENTED_EDGE('',*,*,#3039,.F.);
#4169=ORIENTED_EDGE('',*,*,#3040,.F.);
#4170=ORIENTED_EDGE('',*,*,#3041,.F.);
#4171=ORIENTED_EDGE('',*,*,#3042,.F.);
#4172=ORIENTED_EDGE('',*,*,#3043,.F.);
#4173=ORIENTED_EDGE('',*,*,#3044,.F.);
#4174=ORIENTED_EDGE('',*,*,#3045,.F.);
#4175=ORIENTED_EDGE('',*,*,#3046,.F.);
#4176=ORIENTED_EDGE('',*,*,#3047,.F.);
#4177=ORIENTED_EDGE('',*,*,#3035,.T.);
#4178=ORIENTED_EDGE('',*,*,#3048,.F.);
#4179=ORIENTED_EDGE('',*,*,#3049,.T.);
#4180=ORIENTED_EDGE('',*,*,#3050,.F.);
#4181=ORIENTED_EDGE('',*,*,#3037,.T.);
#4182=ORIENTED_EDGE('',*,*,#3034,.T.);
#4183=ORIENTED_EDGE('',*,*,#3022,.T.);
#4184=ORIENTED_EDGE('',*,*,#3051,.F.);
#4185=ORIENTED_EDGE('',*,*,#3024,.T.);
#4186=ORIENTED_EDGE('',*,*,#3036,.T.);
#4187=ORIENTED_EDGE('',*,*,#3047,.T.);
#4188=ORIENTED_EDGE('',*,*,#3052,.F.);
#4189=ORIENTED_EDGE('',*,*,#3049,.F.);
#4190=ORIENTED_EDGE('',*,*,#3033,.T.);
#4191=ORIENTED_EDGE('',*,*,#3053,.F.);
#4192=ORIENTED_EDGE('',*,*,#3025,.T.);
#4193=ORIENTED_EDGE('',*,*,#3051,.T.);
#4194=ORIENTED_EDGE('',*,*,#3038,.T.);
#4195=ORIENTED_EDGE('',*,*,#3050,.T.);
#4196=ORIENTED_EDGE('',*,*,#3052,.T.);
#4197=ORIENTED_EDGE('',*,*,#3046,.T.);
#4198=ORIENTED_EDGE('',*,*,#3054,.F.);
#4199=ORIENTED_EDGE('',*,*,#3032,.T.);
#4200=ORIENTED_EDGE('',*,*,#3055,.F.);
#4201=ORIENTED_EDGE('',*,*,#3026,.T.);
#4202=ORIENTED_EDGE('',*,*,#3053,.T.);
#4203=ORIENTED_EDGE('',*,*,#3039,.T.);
#4204=ORIENTED_EDGE('',*,*,#3054,.T.);
#4205=ORIENTED_EDGE('',*,*,#3045,.T.);
#4206=ORIENTED_EDGE('',*,*,#3056,.F.);
#4207=ORIENTED_EDGE('',*,*,#3031,.T.);
#4208=ORIENTED_EDGE('',*,*,#3057,.F.);
#4209=ORIENTED_EDGE('',*,*,#3027,.T.);
#4210=ORIENTED_EDGE('',*,*,#3055,.T.);
#4211=ORIENTED_EDGE('',*,*,#3040,.T.);
#4212=ORIENTED_EDGE('',*,*,#3056,.T.);
#4213=ORIENTED_EDGE('',*,*,#3044,.T.);
#4214=ORIENTED_EDGE('',*,*,#3058,.F.);
#4215=ORIENTED_EDGE('',*,*,#3029,.T.);
#4216=ORIENTED_EDGE('',*,*,#3059,.T.);
#4217=ORIENTED_EDGE('',*,*,#3030,.T.);
#4218=ORIENTED_EDGE('',*,*,#3059,.F.);
#4219=ORIENTED_EDGE('',*,*,#3028,.T.);
#4220=ORIENTED_EDGE('',*,*,#3057,.T.);
#4221=ORIENTED_EDGE('',*,*,#3041,.T.);
#4222=ORIENTED_EDGE('',*,*,#3058,.T.);
#4223=ORIENTED_EDGE('',*,*,#3043,.T.);
#4224=ORIENTED_EDGE('',*,*,#3060,.F.);
#4225=ORIENTED_EDGE('',*,*,#3042,.T.);
#4226=ORIENTED_EDGE('',*,*,#3060,.T.);
#4227=ORIENTED_EDGE('',*,*,#2925,.T.);
#4228=ORIENTED_EDGE('',*,*,#2927,.T.);
#4229=ORIENTED_EDGE('',*,*,#3061,.F.);
#4230=ORIENTED_EDGE('',*,*,#3062,.F.);
#4231=ORIENTED_EDGE('',*,*,#3063,.F.);
#4232=ORIENTED_EDGE('',*,*,#3064,.F.);
#4233=ORIENTED_EDGE('',*,*,#3065,.F.);
#4234=ORIENTED_EDGE('',*,*,#3066,.F.);
#4235=ORIENTED_EDGE('',*,*,#3062,.T.);
#4236=ORIENTED_EDGE('',*,*,#3064,.T.);
#4237=ORIENTED_EDGE('',*,*,#3061,.T.);
#4238=ORIENTED_EDGE('',*,*,#2940,.T.);
#4239=ORIENTED_EDGE('',*,*,#3063,.T.);
#4240=ORIENTED_EDGE('',*,*,#3066,.T.);
#4241=ORIENTED_EDGE('',*,*,#3067,.F.);
#4242=ORIENTED_EDGE('',*,*,#3068,.F.);
#4243=ORIENTED_EDGE('',*,*,#3069,.F.);
#4244=ORIENTED_EDGE('',*,*,#3070,.T.);
#4245=ORIENTED_EDGE('',*,*,#3071,.F.);
#4246=ORIENTED_EDGE('',*,*,#3072,.F.);
#4247=ORIENTED_EDGE('',*,*,#3073,.T.);
#4248=ORIENTED_EDGE('',*,*,#3074,.T.);
#4249=ORIENTED_EDGE('',*,*,#3073,.F.);
#4250=ORIENTED_EDGE('',*,*,#3074,.F.);
#4251=ORIENTED_EDGE('',*,*,#2967,.T.);
#4252=ORIENTED_EDGE('',*,*,#3006,.T.);
#4253=ORIENTED_EDGE('',*,*,#3008,.T.);
#4254=ORIENTED_EDGE('',*,*,#3075,.F.);
#4255=ORIENTED_EDGE('',*,*,#3076,.F.);
#4256=ORIENTED_EDGE('',*,*,#3077,.F.);
#4257=ORIENTED_EDGE('',*,*,#3078,.F.);
#4258=ORIENTED_EDGE('',*,*,#3079,.F.);
#4259=ORIENTED_EDGE('',*,*,#3080,.F.);
#4260=ORIENTED_EDGE('',*,*,#3076,.T.);
#4261=ORIENTED_EDGE('',*,*,#3078,.T.);
#4262=ORIENTED_EDGE('',*,*,#3075,.T.);
#4263=ORIENTED_EDGE('',*,*,#3021,.T.);
#4264=ORIENTED_EDGE('',*,*,#3077,.T.);
#4265=ORIENTED_EDGE('',*,*,#3080,.T.);
#4266=ORIENTED_EDGE('',*,*,#3081,.F.);
#4267=ORIENTED_EDGE('',*,*,#3082,.T.);
#4268=ORIENTED_EDGE('',*,*,#3083,.F.);
#4269=ORIENTED_EDGE('',*,*,#3084,.T.);
#4270=ORIENTED_EDGE('',*,*,#3085,.F.);
#4271=ORIENTED_EDGE('',*,*,#3086,.F.);
#4272=ORIENTED_EDGE('',*,*,#3087,.T.);
#4273=ORIENTED_EDGE('',*,*,#3088,.T.);
#4274=ORIENTED_EDGE('',*,*,#3087,.F.);
#4275=ORIENTED_EDGE('',*,*,#3088,.F.);
#4276=ORIENTED_EDGE('',*,*,#3048,.T.);
#4277=ORIENTED_EDGE('',*,*,#3089,.F.);
#4278=ORIENTED_EDGE('',*,*,#3090,.T.);
#4279=ORIENTED_EDGE('',*,*,#3091,.F.);
#4280=ORIENTED_EDGE('',*,*,#3090,.F.);
#4281=ORIENTED_EDGE('',*,*,#3092,.T.);
#4282=ORIENTED_EDGE('',*,*,#3093,.T.);
#4283=ORIENTED_EDGE('',*,*,#3094,.F.);
#4284=ORIENTED_EDGE('',*,*,#3093,.F.);
#4285=ORIENTED_EDGE('',*,*,#3092,.F.);
#4286=ORIENTED_EDGE('',*,*,#3091,.T.);
#4287=ORIENTED_EDGE('',*,*,#3095,.T.);
#4288=ORIENTED_EDGE('',*,*,#3096,.T.);
#4289=ORIENTED_EDGE('',*,*,#3097,.F.);
#4290=ORIENTED_EDGE('',*,*,#3096,.F.);
#4291=ORIENTED_EDGE('',*,*,#3095,.F.);
#4292=ORIENTED_EDGE('',*,*,#3094,.T.);
#4293=ORIENTED_EDGE('',*,*,#3098,.F.);
#4294=ORIENTED_EDGE('',*,*,#3099,.T.);
#4295=ORIENTED_EDGE('',*,*,#3100,.F.);
#4296=ORIENTED_EDGE('',*,*,#3099,.F.);
#4297=ORIENTED_EDGE('',*,*,#3101,.T.);
#4298=ORIENTED_EDGE('',*,*,#3102,.T.);
#4299=ORIENTED_EDGE('',*,*,#3103,.F.);
#4300=ORIENTED_EDGE('',*,*,#3102,.F.);
#4301=ORIENTED_EDGE('',*,*,#3101,.F.);
#4302=ORIENTED_EDGE('',*,*,#3100,.T.);
#4303=ORIENTED_EDGE('',*,*,#3104,.T.);
#4304=ORIENTED_EDGE('',*,*,#3105,.T.);
#4305=ORIENTED_EDGE('',*,*,#3106,.F.);
#4306=ORIENTED_EDGE('',*,*,#3105,.F.);
#4307=ORIENTED_EDGE('',*,*,#3104,.F.);
#4308=ORIENTED_EDGE('',*,*,#3103,.T.);
#4309=ORIENTED_EDGE('',*,*,#3107,.F.);
#4310=ORIENTED_EDGE('',*,*,#3108,.F.);
#4311=ORIENTED_EDGE('',*,*,#3109,.F.);
#4312=ORIENTED_EDGE('',*,*,#3082,.F.);
#4313=ORIENTED_EDGE('',*,*,#3110,.F.);
#4314=ORIENTED_EDGE('',*,*,#3070,.F.);
#4315=ORIENTED_EDGE('',*,*,#3111,.F.);
#4316=ORIENTED_EDGE('',*,*,#3112,.T.);
#4317=ORIENTED_EDGE('',*,*,#3065,.T.);
#4318=ORIENTED_EDGE('',*,*,#3071,.T.);
#4319=ORIENTED_EDGE('',*,*,#3110,.T.);
#4320=ORIENTED_EDGE('',*,*,#3113,.F.);
#4321=ORIENTED_EDGE('',*,*,#2880,.F.);
#4322=ORIENTED_EDGE('',*,*,#3114,.F.);
#4323=ORIENTED_EDGE('',*,*,#3115,.T.);
#4324=ORIENTED_EDGE('',*,*,#3116,.T.);
#4325=ORIENTED_EDGE('',*,*,#3117,.T.);
#4326=ORIENTED_EDGE('',*,*,#3067,.T.);
#4327=ORIENTED_EDGE('',*,*,#3072,.T.);
#4328=ORIENTED_EDGE('',*,*,#3079,.T.);
#4329=ORIENTED_EDGE('',*,*,#3085,.T.);
#4330=ORIENTED_EDGE('',*,*,#3118,.T.);
#4331=ORIENTED_EDGE('',*,*,#3119,.T.);
#4332=ORIENTED_EDGE('',*,*,#3120,.T.);
#4333=ORIENTED_EDGE('',*,*,#3121,.F.);
#4334=ORIENTED_EDGE('',*,*,#2896,.F.);
#4335=ORIENTED_EDGE('',*,*,#3122,.F.);
#4336=ORIENTED_EDGE('',*,*,#3107,.T.);
#4337=ORIENTED_EDGE('',*,*,#3081,.T.);
#4338=ORIENTED_EDGE('',*,*,#3086,.T.);
#4339=ORIENTED_EDGE('',*,*,#3123,.T.);
#4340=ORIENTED_EDGE('',*,*,#3124,.T.);
#4341=ORIENTED_EDGE('',*,*,#3125,.T.);
#4342=ORIENTED_EDGE('',*,*,#3126,.T.);
#4343=ORIENTED_EDGE('',*,*,#3127,.T.);
#4344=ORIENTED_EDGE('',*,*,#3128,.T.);
#4345=ORIENTED_EDGE('',*,*,#3129,.T.);
#4346=ORIENTED_EDGE('',*,*,#3130,.T.);
#4347=ORIENTED_EDGE('',*,*,#3131,.T.);
#4348=ORIENTED_EDGE('',*,*,#3132,.T.);
#4349=ORIENTED_EDGE('',*,*,#3133,.T.);
#4350=ORIENTED_EDGE('',*,*,#3134,.T.);
#4351=ORIENTED_EDGE('',*,*,#3135,.T.);
#4352=ORIENTED_EDGE('',*,*,#3136,.T.);
#4353=ORIENTED_EDGE('',*,*,#3137,.T.);
#4354=ORIENTED_EDGE('',*,*,#3138,.T.);
#4355=ORIENTED_EDGE('',*,*,#3139,.T.);
#4356=ORIENTED_EDGE('',*,*,#3140,.T.);
#4357=ORIENTED_EDGE('',*,*,#3141,.T.);
#4358=ORIENTED_EDGE('',*,*,#3142,.T.);
#4359=ORIENTED_EDGE('',*,*,#3143,.T.);
#4360=ORIENTED_EDGE('',*,*,#3144,.T.);
#4361=ORIENTED_EDGE('',*,*,#3145,.T.);
#4362=ORIENTED_EDGE('',*,*,#3146,.T.);
#4363=ORIENTED_EDGE('',*,*,#3147,.T.);
#4364=ORIENTED_EDGE('',*,*,#3148,.T.);
#4365=ORIENTED_EDGE('',*,*,#3149,.T.);
#4366=ORIENTED_EDGE('',*,*,#3097,.T.);
#4367=ORIENTED_EDGE('',*,*,#3106,.T.);
#4368=ORIENTED_EDGE('',*,*,#3109,.T.);
#4369=ORIENTED_EDGE('',*,*,#3150,.T.);
#4370=ORIENTED_EDGE('',*,*,#3111,.T.);
#4371=ORIENTED_EDGE('',*,*,#3069,.T.);
#4372=ORIENTED_EDGE('',*,*,#3151,.T.);
#4373=ORIENTED_EDGE('',*,*,#3152,.T.);
#4374=ORIENTED_EDGE('',*,*,#3153,.T.);
#4375=ORIENTED_EDGE('',*,*,#3154,.T.);
#4376=ORIENTED_EDGE('',*,*,#3155,.T.);
#4377=ORIENTED_EDGE('',*,*,#3156,.T.);
#4378=ORIENTED_EDGE('',*,*,#3157,.T.);
#4379=ORIENTED_EDGE('',*,*,#3083,.T.);
#4380=ORIENTED_EDGE('',*,*,#3115,.F.);
#4381=ORIENTED_EDGE('',*,*,#3158,.F.);
#4382=ORIENTED_EDGE('',*,*,#3153,.F.);
#4383=ORIENTED_EDGE('',*,*,#3159,.F.);
#4384=ORIENTED_EDGE('',*,*,#3120,.F.);
#4385=ORIENTED_EDGE('',*,*,#3160,.F.);
#4386=ORIENTED_EDGE('',*,*,#3155,.F.);
#4387=ORIENTED_EDGE('',*,*,#3161,.T.);
#4388=ORIENTED_EDGE('',*,*,#3160,.T.);
#4389=ORIENTED_EDGE('',*,*,#3119,.F.);
#4390=ORIENTED_EDGE('',*,*,#3162,.F.);
#4391=ORIENTED_EDGE('',*,*,#3156,.F.);
#4392=ORIENTED_EDGE('',*,*,#3118,.F.);
#4393=ORIENTED_EDGE('',*,*,#3084,.F.);
#4394=ORIENTED_EDGE('',*,*,#3157,.F.);
#4395=ORIENTED_EDGE('',*,*,#3162,.T.);
#4396=ORIENTED_EDGE('',*,*,#3159,.T.);
#4397=ORIENTED_EDGE('',*,*,#3152,.F.);
#4398=ORIENTED_EDGE('',*,*,#3163,.T.);
#4399=ORIENTED_EDGE('',*,*,#3116,.F.);
#4400=ORIENTED_EDGE('',*,*,#3117,.F.);
#4401=ORIENTED_EDGE('',*,*,#3163,.F.);
#4402=ORIENTED_EDGE('',*,*,#3151,.F.);
#4403=ORIENTED_EDGE('',*,*,#3068,.T.);
#4404=ORIENTED_EDGE('',*,*,#3122,.T.);
#4405=ORIENTED_EDGE('',*,*,#2895,.T.);
#4406=ORIENTED_EDGE('',*,*,#3164,.F.);
#4407=ORIENTED_EDGE('',*,*,#2881,.F.);
#4408=ORIENTED_EDGE('',*,*,#3113,.T.);
#4409=ORIENTED_EDGE('',*,*,#3112,.F.);
#4410=ORIENTED_EDGE('',*,*,#3150,.F.);
#4411=ORIENTED_EDGE('',*,*,#3108,.T.);
#4412=ORIENTED_EDGE('',*,*,#3114,.T.);
#4413=ORIENTED_EDGE('',*,*,#2879,.T.);
#4414=ORIENTED_EDGE('',*,*,#3165,.F.);
#4415=ORIENTED_EDGE('',*,*,#2897,.F.);
#4416=ORIENTED_EDGE('',*,*,#3121,.T.);
#4417=ORIENTED_EDGE('',*,*,#3161,.F.);
#4418=ORIENTED_EDGE('',*,*,#3154,.F.);
#4419=ORIENTED_EDGE('',*,*,#3158,.T.);
#4420=ORIENTED_EDGE('',*,*,#3166,.T.);
#4421=ORIENTED_EDGE('',*,*,#3089,.T.);
#4422=ORIENTED_EDGE('',*,*,#3167,.T.);
#4423=ORIENTED_EDGE('',*,*,#3168,.T.);
#4424=ORIENTED_EDGE('',*,*,#3169,.T.);
#4425=ORIENTED_EDGE('',*,*,#3170,.T.);
#4426=ORIENTED_EDGE('',*,*,#3171,.F.);
#4427=ORIENTED_EDGE('',*,*,#3172,.T.);
#4428=ORIENTED_EDGE('',*,*,#3173,.T.);
#4429=ORIENTED_EDGE('',*,*,#3174,.T.);
#4430=ORIENTED_EDGE('',*,*,#3098,.T.);
#4431=ORIENTED_EDGE('',*,*,#3175,.F.);
#4432=ORIENTED_EDGE('',*,*,#3176,.F.);
#4433=ORIENTED_EDGE('',*,*,#3144,.F.);
#4434=ORIENTED_EDGE('',*,*,#3177,.T.);
#4435=ORIENTED_EDGE('',*,*,#3178,.T.);
#4436=ORIENTED_EDGE('',*,*,#3179,.T.);
#4437=ORIENTED_EDGE('',*,*,#3180,.F.);
#4438=ORIENTED_EDGE('',*,*,#3181,.F.);
#4439=ORIENTED_EDGE('',*,*,#3178,.F.);
#4440=ORIENTED_EDGE('',*,*,#3175,.T.);
#4441=ORIENTED_EDGE('',*,*,#3182,.T.);
#4442=ORIENTED_EDGE('',*,*,#3183,.T.);
#4443=ORIENTED_EDGE('',*,*,#3184,.T.);
#4444=ORIENTED_EDGE('',*,*,#3185,.T.);
#4445=ORIENTED_EDGE('',*,*,#3186,.T.);
#4446=ORIENTED_EDGE('',*,*,#3187,.T.);
#4447=ORIENTED_EDGE('',*,*,#2834,.T.);
#4448=ORIENTED_EDGE('',*,*,#2841,.T.);
#4449=ORIENTED_EDGE('',*,*,#2825,.T.);
#4450=ORIENTED_EDGE('',*,*,#2828,.T.);
#4451=ORIENTED_EDGE('',*,*,#2837,.T.);
#4452=ORIENTED_EDGE('',*,*,#2842,.T.);
#4453=ORIENTED_EDGE('',*,*,#2838,.T.);
#4454=ORIENTED_EDGE('',*,*,#2831,.T.);
#4455=ORIENTED_EDGE('',*,*,#2858,.T.);
#4456=ORIENTED_EDGE('',*,*,#2865,.T.);
#4457=ORIENTED_EDGE('',*,*,#2849,.T.);
#4458=ORIENTED_EDGE('',*,*,#2852,.T.);
#4459=ORIENTED_EDGE('',*,*,#2861,.T.);
#4460=ORIENTED_EDGE('',*,*,#2866,.T.);
#4461=ORIENTED_EDGE('',*,*,#2862,.T.);
#4462=ORIENTED_EDGE('',*,*,#2855,.T.);
#4463=ORIENTED_EDGE('',*,*,#3177,.F.);
#4464=ORIENTED_EDGE('',*,*,#3143,.F.);
#4465=ORIENTED_EDGE('',*,*,#3188,.T.);
#4466=ORIENTED_EDGE('',*,*,#3182,.F.);
#4467=ORIENTED_EDGE('',*,*,#3187,.F.);
#4468=ORIENTED_EDGE('',*,*,#3189,.F.);
#4469=ORIENTED_EDGE('',*,*,#3138,.F.);
#4470=ORIENTED_EDGE('',*,*,#3190,.T.);
#4471=ORIENTED_EDGE('',*,*,#3189,.T.);
#4472=ORIENTED_EDGE('',*,*,#3186,.F.);
#4473=ORIENTED_EDGE('',*,*,#3191,.F.);
#4474=ORIENTED_EDGE('',*,*,#3139,.F.);
#4475=ORIENTED_EDGE('',*,*,#3192,.T.);
#4476=ORIENTED_EDGE('',*,*,#3183,.F.);
#4477=ORIENTED_EDGE('',*,*,#3188,.F.);
#4478=ORIENTED_EDGE('',*,*,#3142,.F.);
#4479=ORIENTED_EDGE('',*,*,#3193,.F.);
#4480=ORIENTED_EDGE('',*,*,#3140,.F.);
#4481=ORIENTED_EDGE('',*,*,#3191,.T.);
#4482=ORIENTED_EDGE('',*,*,#3185,.F.);
#4483=ORIENTED_EDGE('',*,*,#3193,.T.);
#4484=ORIENTED_EDGE('',*,*,#3184,.F.);
#4485=ORIENTED_EDGE('',*,*,#3192,.F.);
#4486=ORIENTED_EDGE('',*,*,#3141,.F.);
#4487=ORIENTED_EDGE('',*,*,#3172,.F.);
#4488=ORIENTED_EDGE('',*,*,#3194,.F.);
#4489=ORIENTED_EDGE('',*,*,#3124,.F.);
#4490=ORIENTED_EDGE('',*,*,#3195,.T.);
#4491=ORIENTED_EDGE('',*,*,#3195,.F.);
#4492=ORIENTED_EDGE('',*,*,#3123,.F.);
#4493=ORIENTED_EDGE('',*,*,#3196,.T.);
#4494=ORIENTED_EDGE('',*,*,#3173,.F.);
#4495=ORIENTED_EDGE('',*,*,#3170,.F.);
#4496=ORIENTED_EDGE('',*,*,#3197,.F.);
#4497=ORIENTED_EDGE('',*,*,#3147,.F.);
#4498=ORIENTED_EDGE('',*,*,#3198,.T.);
#4499=ORIENTED_EDGE('',*,*,#3171,.T.);
#4500=ORIENTED_EDGE('',*,*,#3198,.F.);
#4501=ORIENTED_EDGE('',*,*,#3146,.F.);
#4502=ORIENTED_EDGE('',*,*,#3199,.T.);
#4503=ORIENTED_EDGE('',*,*,#3200,.F.);
#4504=ORIENTED_EDGE('',*,*,#3201,.F.);
#4505=ORIENTED_EDGE('',*,*,#3125,.F.);
#4506=ORIENTED_EDGE('',*,*,#3194,.T.);
#4507=ORIENTED_EDGE('',*,*,#3202,.F.);
#4508=ORIENTED_EDGE('',*,*,#3203,.F.);
#4509=ORIENTED_EDGE('',*,*,#3130,.F.);
#4510=ORIENTED_EDGE('',*,*,#3204,.T.);
#4511=ORIENTED_EDGE('',*,*,#3205,.T.);
#4512=ORIENTED_EDGE('',*,*,#3204,.F.);
#4513=ORIENTED_EDGE('',*,*,#3129,.F.);
#4514=ORIENTED_EDGE('',*,*,#3206,.T.);
#4515=ORIENTED_EDGE('',*,*,#3207,.F.);
#4516=ORIENTED_EDGE('',*,*,#3208,.F.);
#4517=ORIENTED_EDGE('',*,*,#3136,.F.);
#4518=ORIENTED_EDGE('',*,*,#3209,.T.);
#4519=ORIENTED_EDGE('',*,*,#3210,.F.);
#4520=ORIENTED_EDGE('',*,*,#3209,.F.);
#4521=ORIENTED_EDGE('',*,*,#3135,.F.);
#4522=ORIENTED_EDGE('',*,*,#3211,.T.);
#4523=ORIENTED_EDGE('',*,*,#3212,.T.);
#4524=ORIENTED_EDGE('',*,*,#3213,.T.);
#4525=ORIENTED_EDGE('',*,*,#3202,.T.);
#4526=ORIENTED_EDGE('',*,*,#3205,.F.);
#4527=ORIENTED_EDGE('',*,*,#3210,.T.);
#4528=ORIENTED_EDGE('',*,*,#3214,.T.);
#4529=ORIENTED_EDGE('',*,*,#3211,.F.);
#4530=ORIENTED_EDGE('',*,*,#3134,.F.);
#4531=ORIENTED_EDGE('',*,*,#3215,.T.);
#4532=ORIENTED_EDGE('',*,*,#3214,.F.);
#4533=ORIENTED_EDGE('',*,*,#3197,.T.);
#4534=ORIENTED_EDGE('',*,*,#3169,.F.);
#4535=ORIENTED_EDGE('',*,*,#3216,.F.);
#4536=ORIENTED_EDGE('',*,*,#3148,.F.);
#4537=ORIENTED_EDGE('',*,*,#3216,.T.);
#4538=ORIENTED_EDGE('',*,*,#3168,.F.);
#4539=ORIENTED_EDGE('',*,*,#3217,.T.);
#4540=ORIENTED_EDGE('',*,*,#3166,.F.);
#4541=ORIENTED_EDGE('',*,*,#3217,.F.);
#4542=ORIENTED_EDGE('',*,*,#3167,.F.);
#4543=ORIENTED_EDGE('',*,*,#3196,.F.);
#4544=ORIENTED_EDGE('',*,*,#3149,.F.);
#4545=ORIENTED_EDGE('',*,*,#3218,.T.);
#4546=ORIENTED_EDGE('',*,*,#3212,.F.);
#4547=ORIENTED_EDGE('',*,*,#3215,.F.);
#4548=ORIENTED_EDGE('',*,*,#3133,.F.);
#4549=ORIENTED_EDGE('',*,*,#3219,.T.);
#4550=ORIENTED_EDGE('',*,*,#3174,.F.);
#4551=ORIENTED_EDGE('',*,*,#3219,.F.);
#4552=ORIENTED_EDGE('',*,*,#3132,.F.);
#4553=ORIENTED_EDGE('',*,*,#3203,.T.);
#4554=ORIENTED_EDGE('',*,*,#3213,.F.);
#4555=ORIENTED_EDGE('',*,*,#3218,.F.);
#4556=ORIENTED_EDGE('',*,*,#3131,.F.);
#4557=ORIENTED_EDGE('',*,*,#3201,.T.);
#4558=ORIENTED_EDGE('',*,*,#3220,.F.);
#4559=ORIENTED_EDGE('',*,*,#3221,.F.);
#4560=ORIENTED_EDGE('',*,*,#3126,.F.);
#4561=ORIENTED_EDGE('',*,*,#3176,.T.);
#4562=ORIENTED_EDGE('',*,*,#3181,.T.);
#4563=ORIENTED_EDGE('',*,*,#3222,.F.);
#4564=ORIENTED_EDGE('',*,*,#3199,.F.);
#4565=ORIENTED_EDGE('',*,*,#3145,.F.);
#4566=ORIENTED_EDGE('',*,*,#3206,.F.);
#4567=ORIENTED_EDGE('',*,*,#3128,.F.);
#4568=ORIENTED_EDGE('',*,*,#3223,.T.);
#4569=ORIENTED_EDGE('',*,*,#3224,.F.);
#4570=ORIENTED_EDGE('',*,*,#3200,.T.);
#4571=ORIENTED_EDGE('',*,*,#3222,.T.);
#4572=ORIENTED_EDGE('',*,*,#3180,.T.);
#4573=ORIENTED_EDGE('',*,*,#3225,.T.);
#4574=ORIENTED_EDGE('',*,*,#3207,.T.);
#4575=ORIENTED_EDGE('',*,*,#3224,.T.);
#4576=ORIENTED_EDGE('',*,*,#3226,.T.);
#4577=ORIENTED_EDGE('',*,*,#3220,.T.);
#4578=ORIENTED_EDGE('',*,*,#2876,.T.);
#4579=ORIENTED_EDGE('',*,*,#2882,.T.);
#4580=ORIENTED_EDGE('',*,*,#3164,.T.);
#4581=ORIENTED_EDGE('',*,*,#2894,.T.);
#4582=ORIENTED_EDGE('',*,*,#2893,.T.);
#4583=ORIENTED_EDGE('',*,*,#2891,.T.);
#4584=ORIENTED_EDGE('',*,*,#2889,.T.);
#4585=ORIENTED_EDGE('',*,*,#2898,.T.);
#4586=ORIENTED_EDGE('',*,*,#3165,.T.);
#4587=ORIENTED_EDGE('',*,*,#2878,.T.);
#4588=ORIENTED_EDGE('',*,*,#2873,.T.);
#4589=ORIENTED_EDGE('',*,*,#2877,.T.);
#4590=ORIENTED_EDGE('',*,*,#3190,.F.);
#4591=ORIENTED_EDGE('',*,*,#3137,.F.);
#4592=ORIENTED_EDGE('',*,*,#3208,.T.);
#4593=ORIENTED_EDGE('',*,*,#3225,.F.);
#4594=ORIENTED_EDGE('',*,*,#3179,.F.);
#4595=ORIENTED_EDGE('',*,*,#3221,.T.);
#4596=ORIENTED_EDGE('',*,*,#3226,.F.);
#4597=ORIENTED_EDGE('',*,*,#3223,.F.);
#4598=ORIENTED_EDGE('',*,*,#3127,.F.);
#4599=ORIENTED_EDGE('',*,*,#3227,.T.);
#4600=ORIENTED_EDGE('',*,*,#3228,.F.);
#4601=ORIENTED_EDGE('',*,*,#3229,.F.);
#4602=ORIENTED_EDGE('',*,*,#3230,.F.);
#4603=ORIENTED_EDGE('',*,*,#3231,.T.);
#4604=ORIENTED_EDGE('',*,*,#3232,.T.);
#4605=ORIENTED_EDGE('',*,*,#3233,.T.);
#4606=ORIENTED_EDGE('',*,*,#3234,.T.);
#4607=ORIENTED_EDGE('',*,*,#3235,.T.);
#4608=ORIENTED_EDGE('',*,*,#3236,.T.);
#4609=ORIENTED_EDGE('',*,*,#3237,.T.);
#4610=ORIENTED_EDGE('',*,*,#3230,.T.);
#4611=ORIENTED_EDGE('',*,*,#3238,.T.);
#4612=ORIENTED_EDGE('',*,*,#3239,.F.);
#4613=ORIENTED_EDGE('',*,*,#3240,.F.);
#4614=ORIENTED_EDGE('',*,*,#3236,.F.);
#4615=ORIENTED_EDGE('',*,*,#3241,.F.);
#4616=ORIENTED_EDGE('',*,*,#3232,.F.);
#4617=ORIENTED_EDGE('',*,*,#3242,.T.);
#4618=ORIENTED_EDGE('',*,*,#3243,.F.);
#4619=ORIENTED_EDGE('',*,*,#3244,.T.);
#4620=ORIENTED_EDGE('',*,*,#3239,.T.);
#4621=ORIENTED_EDGE('',*,*,#3245,.T.);
#4622=ORIENTED_EDGE('',*,*,#3246,.T.);
#4623=ORIENTED_EDGE('',*,*,#3247,.T.);
#4624=ORIENTED_EDGE('',*,*,#3243,.T.);
#4625=ORIENTED_EDGE('',*,*,#3248,.T.);
#4626=ORIENTED_EDGE('',*,*,#3228,.T.);
#4627=ORIENTED_EDGE('',*,*,#3249,.F.);
#4628=ORIENTED_EDGE('',*,*,#3234,.F.);
#4629=ORIENTED_EDGE('',*,*,#3250,.T.);
#4630=ORIENTED_EDGE('',*,*,#3246,.F.);
#4631=ORIENTED_EDGE('',*,*,#3241,.T.);
#4632=ORIENTED_EDGE('',*,*,#3247,.F.);
#4633=ORIENTED_EDGE('',*,*,#3250,.F.);
#4634=ORIENTED_EDGE('',*,*,#3233,.F.);
#4635=ORIENTED_EDGE('',*,*,#3240,.T.);
#4636=ORIENTED_EDGE('',*,*,#3244,.F.);
#4637=ORIENTED_EDGE('',*,*,#3227,.F.);
#4638=ORIENTED_EDGE('',*,*,#3237,.F.);
#4639=ORIENTED_EDGE('',*,*,#3249,.T.);
#4640=ORIENTED_EDGE('',*,*,#3245,.F.);
#4641=ORIENTED_EDGE('',*,*,#3238,.F.);
#4642=ORIENTED_EDGE('',*,*,#3235,.F.);
#4643=ORIENTED_EDGE('',*,*,#3229,.T.);
#4644=ORIENTED_EDGE('',*,*,#3248,.F.);
#4645=ORIENTED_EDGE('',*,*,#3242,.F.);
#4646=ORIENTED_EDGE('',*,*,#3231,.F.);
#4647=CYLINDRICAL_SURFACE('',#5076,1.2);
#4648=CYLINDRICAL_SURFACE('',#5079,1.2);
#4649=CYLINDRICAL_SURFACE('',#5098,0.4);
#4650=CYLINDRICAL_SURFACE('',#5104,0.4);
#4651=CYLINDRICAL_SURFACE('',#5110,0.4);
#4652=CYLINDRICAL_SURFACE('',#5116,0.4);
#4653=CYLINDRICAL_SURFACE('',#5118,2.);
#4654=CYLINDRICAL_SURFACE('',#5121,2.);
#4655=CYLINDRICAL_SURFACE('',#5132,0.4);
#4656=CYLINDRICAL_SURFACE('',#5137,0.4);
#4657=CYLINDRICAL_SURFACE('',#5142,0.4);
#4658=CYLINDRICAL_SURFACE('',#5147,0.4);
#4659=CYLINDRICAL_SURFACE('',#5149,0.8);
#4660=CYLINDRICAL_SURFACE('',#5152,0.8);
#4661=CYLINDRICAL_SURFACE('',#5164,0.6);
#4662=CYLINDRICAL_SURFACE('',#5167,0.6);
#4663=CYLINDRICAL_SURFACE('',#5170,0.6);
#4664=CYLINDRICAL_SURFACE('',#5175,0.6);
#4665=CYLINDRICAL_SURFACE('',#5181,0.6);
#4666=CYLINDRICAL_SURFACE('',#5184,0.6);
#4667=CYLINDRICAL_SURFACE('',#5187,0.6);
#4668=CYLINDRICAL_SURFACE('',#5192,0.6);
#4669=CYLINDRICAL_SURFACE('',#5198,0.8);
#4670=CYLINDRICAL_SURFACE('',#5200,0.8);
#4671=CYLINDRICAL_SURFACE('',#5204,2.);
#4672=CYLINDRICAL_SURFACE('',#5208,2.);
#4673=CYLINDRICAL_SURFACE('',#5212,1.5);
#4674=CYLINDRICAL_SURFACE('',#5215,1.5);
#4675=CYLINDRICAL_SURFACE('',#5218,1.5);
#4676=CYLINDRICAL_SURFACE('',#5221,1.5);
#4677=CYLINDRICAL_SURFACE('',#5320,1.75);
#4678=CYLINDRICAL_SURFACE('',#5331,1.4);
#4679=CYLINDRICAL_SURFACE('',#5333,1.4);
#4680=CYLINDRICAL_SURFACE('',#5351,2.2);
#4681=CYLINDRICAL_SURFACE('',#5360,1.4);
#4682=CYLINDRICAL_SURFACE('',#5362,1.4);
#4683=CYLINDRICAL_SURFACE('',#5379,1.75);
#4684=CYLINDRICAL_SURFACE('',#5390,1.4);
#4685=CYLINDRICAL_SURFACE('',#5392,1.4);
#4686=CYLINDRICAL_SURFACE('',#5410,2.2);
#4687=CYLINDRICAL_SURFACE('',#5419,1.4);
#4688=CYLINDRICAL_SURFACE('',#5421,1.4);
#4689=CYLINDRICAL_SURFACE('',#5435,2.);
#4690=CYLINDRICAL_SURFACE('',#5438,2.4);
#4691=CYLINDRICAL_SURFACE('',#5444,2.);
#4692=CYLINDRICAL_SURFACE('',#5447,2.4);
#4693=CYLINDRICAL_SURFACE('',#5451,1.1);
#4694=CYLINDRICAL_SURFACE('',#5454,1.6);
#4695=CYLINDRICAL_SURFACE('',#5458,2.);
#4696=CYLINDRICAL_SURFACE('',#5462,1.1);
#4697=CYLINDRICAL_SURFACE('',#5465,1.6);
#4698=CYLINDRICAL_SURFACE('',#5469,2.);
#4699=CYLINDRICAL_SURFACE('',#5510,2.5);
#4700=CYLINDRICAL_SURFACE('',#5518,2.5);
#4701=CYLINDRICAL_SURFACE('',#5520,3.);
#4702=CYLINDRICAL_SURFACE('',#5521,3.);
#4703=CYLINDRICAL_SURFACE('',#5523,2.5);
#4704=CYLINDRICAL_SURFACE('',#5525,2.5);
#4705=CYLINDRICAL_SURFACE('',#5527,2.5);
#4706=CYLINDRICAL_SURFACE('',#5530,2.5);
#4707=CYLINDRICAL_SURFACE('',#5536,3.75);
#4708=CYLINDRICAL_SURFACE('',#5537,3.75);
#4709=CYLINDRICAL_SURFACE('',#5539,4.);
#4710=CYLINDRICAL_SURFACE('',#5541,4.);
#4711=CYLINDRICAL_SURFACE('',#5543,4.);
#4712=CYLINDRICAL_SURFACE('',#5547,4.);
#4713=CYLINDRICAL_SURFACE('',#5550,1.);
#4714=CYLINDRICAL_SURFACE('',#5557,1.);
#4715=CYLINDRICAL_SURFACE('',#5559,1.);
#4716=CYLINDRICAL_SURFACE('',#5563,1.);
#4717=ADVANCED_FACE('',(#361),#4647,.F.);
#4718=ADVANCED_FACE('',(#362),#4648,.F.);
#4719=ADVANCED_FACE('',(#363),#179,.T.);
#4720=ADVANCED_FACE('',(#364),#180,.T.);
#4721=ADVANCED_FACE('',(#365),#181,.T.);
#4722=ADVANCED_FACE('',(#366),#182,.T.);
#4723=ADVANCED_FACE('',(#367,#141,#142,#143),#183,.T.);
#4724=ADVANCED_FACE('',(#368,#144,#145,#146),#184,.F.);
#4725=ADVANCED_FACE('',(#369),#185,.F.);
#4726=ADVANCED_FACE('',(#370),#186,.F.);
#4727=ADVANCED_FACE('',(#371),#187,.F.);
#4728=ADVANCED_FACE('',(#372),#188,.F.);
#4729=ADVANCED_FACE('',(#373),#91,.T.);
#4730=ADVANCED_FACE('',(#374),#4649,.T.);
#4731=ADVANCED_FACE('',(#375),#92,.T.);
#4732=ADVANCED_FACE('',(#376),#4650,.T.);
#4733=ADVANCED_FACE('',(#377),#93,.T.);
#4734=ADVANCED_FACE('',(#378),#4651,.T.);
#4735=ADVANCED_FACE('',(#379),#94,.T.);
#4736=ADVANCED_FACE('',(#380),#4652,.T.);
#4737=ADVANCED_FACE('',(#381),#189,.F.);
#4738=ADVANCED_FACE('',(#382),#4653,.T.);
#4739=ADVANCED_FACE('',(#383),#190,.F.);
#4740=ADVANCED_FACE('',(#384),#4654,.T.);
#4741=ADVANCED_FACE('',(#385,#147),#191,.T.);
#4742=ADVANCED_FACE('',(#386),#95,.T.);
#4743=ADVANCED_FACE('',(#387),#4655,.T.);
#4744=ADVANCED_FACE('',(#388),#96,.T.);
#4745=ADVANCED_FACE('',(#389),#4656,.T.);
#4746=ADVANCED_FACE('',(#390),#97,.T.);
#4747=ADVANCED_FACE('',(#391),#4657,.T.);
#4748=ADVANCED_FACE('',(#392),#98,.T.);
#4749=ADVANCED_FACE('',(#393),#4658,.T.);
#4750=ADVANCED_FACE('',(#394),#192,.T.);
#4751=ADVANCED_FACE('',(#395),#4659,.F.);
#4752=ADVANCED_FACE('',(#396),#193,.T.);
#4753=ADVANCED_FACE('',(#397),#4660,.F.);
#4754=ADVANCED_FACE('',(#398),#194,.T.);
#4755=ADVANCED_FACE('',(#399),#195,.T.);
#4756=ADVANCED_FACE('',(#400),#196,.F.);
#4757=ADVANCED_FACE('',(#401),#197,.T.);
#4758=ADVANCED_FACE('',(#402),#198,.T.);
#4759=ADVANCED_FACE('',(#403),#199,.T.);
#4760=ADVANCED_FACE('',(#404),#200,.T.);
#4761=ADVANCED_FACE('',(#405),#201,.F.);
#4762=ADVANCED_FACE('',(#406),#202,.T.);
#4763=ADVANCED_FACE('',(#407),#203,.T.);
#4764=ADVANCED_FACE('',(#408),#4661,.T.);
#4765=ADVANCED_FACE('',(#409),#4662,.T.);
#4766=ADVANCED_FACE('',(#410),#4663,.T.);
#4767=ADVANCED_FACE('',(#411),#204,.F.);
#4768=ADVANCED_FACE('',(#412),#4664,.T.);
#4769=ADVANCED_FACE('',(#413),#205,.F.);
#4770=ADVANCED_FACE('',(#414),#206,.F.);
#4771=ADVANCED_FACE('',(#415),#207,.F.);
#4772=ADVANCED_FACE('',(#416),#208,.F.);
#4773=ADVANCED_FACE('',(#417),#4665,.T.);
#4774=ADVANCED_FACE('',(#418),#4666,.T.);
#4775=ADVANCED_FACE('',(#419),#4667,.T.);
#4776=ADVANCED_FACE('',(#420),#209,.F.);
#4777=ADVANCED_FACE('',(#421),#4668,.T.);
#4778=ADVANCED_FACE('',(#422),#210,.F.);
#4779=ADVANCED_FACE('',(#423),#211,.F.);
#4780=ADVANCED_FACE('',(#424),#212,.F.);
#4781=ADVANCED_FACE('',(#425),#213,.F.);
#4782=ADVANCED_FACE('',(#426),#4669,.F.);
#4783=ADVANCED_FACE('',(#427),#4670,.F.);
#4784=ADVANCED_FACE('',(#428),#214,.T.);
#4785=ADVANCED_FACE('',(#429),#215,.T.);
#4786=ADVANCED_FACE('',(#430),#4671,.T.);
#4787=ADVANCED_FACE('',(#431,#148,#149,#150,#151,#152),#216,.F.);
#4788=ADVANCED_FACE('',(#432),#4672,.T.);
#4789=ADVANCED_FACE('',(#433),#217,.F.);
#4790=ADVANCED_FACE('',(#434),#218,.F.);
#4791=ADVANCED_FACE('',(#435),#4673,.F.);
#4792=ADVANCED_FACE('',(#436),#4674,.F.);
#4793=ADVANCED_FACE('',(#437),#4675,.F.);
#4794=ADVANCED_FACE('',(#438),#4676,.F.);
#4795=ADVANCED_FACE('',(#439,#153,#154,#155,#156),#219,.T.);
#4796=ADVANCED_FACE('',(#440,#157,#158,#159,#160),#220,.F.);
#4797=ADVANCED_FACE('',(#441),#221,.F.);
#4798=ADVANCED_FACE('',(#442),#222,.F.);
#4799=ADVANCED_FACE('',(#443),#223,.F.);
#4800=ADVANCED_FACE('',(#444),#224,.F.);
#4801=ADVANCED_FACE('',(#445),#225,.T.);
#4802=ADVANCED_FACE('',(#446),#226,.F.);
#4803=ADVANCED_FACE('',(#447),#227,.F.);
#4804=ADVANCED_FACE('',(#448),#228,.F.);
#4805=ADVANCED_FACE('',(#449),#229,.F.);
#4806=ADVANCED_FACE('',(#450),#230,.F.);
#4807=ADVANCED_FACE('',(#451),#231,.T.);
#4808=ADVANCED_FACE('',(#452),#232,.F.);
#4809=ADVANCED_FACE('',(#453),#233,.F.);
#4810=ADVANCED_FACE('',(#454),#234,.F.);
#4811=ADVANCED_FACE('',(#455),#235,.F.);
#4812=ADVANCED_FACE('',(#456),#236,.F.);
#4813=ADVANCED_FACE('',(#457),#237,.T.);
#4814=ADVANCED_FACE('',(#458),#238,.F.);
#4815=ADVANCED_FACE('',(#459),#239,.F.);
#4816=ADVANCED_FACE('',(#460),#240,.F.);
#4817=ADVANCED_FACE('',(#461),#241,.F.);
#4818=ADVANCED_FACE('',(#462),#242,.F.);
#4819=ADVANCED_FACE('',(#463),#67,.T.);
#4820=ADVANCED_FACE('',(#464),#243,.T.);
#4821=ADVANCED_FACE('',(#465),#244,.T.);
#4822=ADVANCED_FACE('',(#466),#68,.T.);
#4823=ADVANCED_FACE('',(#467),#245,.T.);
#4824=ADVANCED_FACE('',(#468),#246,.T.);
#4825=ADVANCED_FACE('',(#469),#69,.T.);
#4826=ADVANCED_FACE('',(#470),#247,.T.);
#4827=ADVANCED_FACE('',(#471),#248,.T.);
#4828=ADVANCED_FACE('',(#472),#70,.T.);
#4829=ADVANCED_FACE('',(#473),#249,.T.);
#4830=ADVANCED_FACE('',(#474),#250,.T.);
#4831=ADVANCED_FACE('',(#475),#71,.T.);
#4832=ADVANCED_FACE('',(#476),#251,.T.);
#4833=ADVANCED_FACE('',(#477),#252,.T.);
#4834=ADVANCED_FACE('',(#478),#72,.T.);
#4835=ADVANCED_FACE('',(#479),#253,.T.);
#4836=ADVANCED_FACE('',(#480),#254,.T.);
#4837=ADVANCED_FACE('',(#481),#73,.T.);
#4838=ADVANCED_FACE('',(#482),#255,.T.);
#4839=ADVANCED_FACE('',(#483),#256,.T.);
#4840=ADVANCED_FACE('',(#484),#74,.T.);
#4841=ADVANCED_FACE('',(#485),#257,.T.);
#4842=ADVANCED_FACE('',(#486),#258,.T.);
#4843=ADVANCED_FACE('',(#487),#259,.T.);
#4844=ADVANCED_FACE('',(#488),#260,.F.);
#4845=ADVANCED_FACE('',(#489),#261,.F.);
#4846=ADVANCED_FACE('',(#490),#262,.F.);
#4847=ADVANCED_FACE('',(#491),#263,.F.);
#4848=ADVANCED_FACE('',(#492),#264,.F.);
#4849=ADVANCED_FACE('',(#493),#265,.F.);
#4850=ADVANCED_FACE('',(#494),#266,.F.);
#4851=ADVANCED_FACE('',(#495),#267,.T.);
#4852=ADVANCED_FACE('',(#496),#268,.F.);
#4853=ADVANCED_FACE('',(#497),#269,.F.);
#4854=ADVANCED_FACE('',(#498),#270,.F.);
#4855=ADVANCED_FACE('',(#499),#271,.F.);
#4856=ADVANCED_FACE('',(#500),#272,.F.);
#4857=ADVANCED_FACE('',(#501),#273,.F.);
#4858=ADVANCED_FACE('',(#502),#274,.F.);
#4859=ADVANCED_FACE('',(#503),#275,.F.);
#4860=ADVANCED_FACE('',(#504),#276,.T.);
#4861=ADVANCED_FACE('',(#505),#277,.T.);
#4862=ADVANCED_FACE('',(#506),#278,.T.);
#4863=ADVANCED_FACE('',(#507),#279,.T.);
#4864=ADVANCED_FACE('',(#508),#280,.F.);
#4865=ADVANCED_FACE('',(#509),#281,.T.);
#4866=ADVANCED_FACE('',(#510),#282,.T.);
#4867=ADVANCED_FACE('',(#511),#283,.T.);
#4868=ADVANCED_FACE('',(#512),#284,.T.);
#4869=ADVANCED_FACE('',(#513),#285,.T.);
#4870=ADVANCED_FACE('',(#514),#286,.F.);
#4871=ADVANCED_FACE('',(#515),#287,.T.);
#4872=ADVANCED_FACE('',(#516),#4677,.T.);
#4873=ADVANCED_FACE('',(#517),#288,.T.);
#4874=ADVANCED_FACE('',(#518),#289,.T.);
#4875=ADVANCED_FACE('',(#519),#4678,.T.);
#4876=ADVANCED_FACE('',(#520),#4679,.T.);
#4877=ADVANCED_FACE('',(#521),#75,.T.);
#4878=ADVANCED_FACE('',(#522),#76,.T.);
#4879=ADVANCED_FACE('',(#523),#290,.T.);
#4880=ADVANCED_FACE('',(#524),#77,.T.);
#4881=ADVANCED_FACE('',(#525),#78,.T.);
#4882=ADVANCED_FACE('',(#526),#291,.T.);
#4883=ADVANCED_FACE('',(#527),#292,.T.);
#4884=ADVANCED_FACE('',(#528),#293,.T.);
#4885=ADVANCED_FACE('',(#529),#294,.F.);
#4886=ADVANCED_FACE('',(#530),#295,.T.);
#4887=ADVANCED_FACE('',(#531),#4680,.T.);
#4888=ADVANCED_FACE('',(#532),#296,.T.);
#4889=ADVANCED_FACE('',(#533),#297,.T.);
#4890=ADVANCED_FACE('',(#534),#4681,.T.);
#4891=ADVANCED_FACE('',(#535),#4682,.T.);
#4892=ADVANCED_FACE('',(#536),#79,.T.);
#4893=ADVANCED_FACE('',(#537),#80,.T.);
#4894=ADVANCED_FACE('',(#538),#298,.T.);
#4895=ADVANCED_FACE('',(#539),#81,.T.);
#4896=ADVANCED_FACE('',(#540),#82,.T.);
#4897=ADVANCED_FACE('',(#541),#299,.T.);
#4898=ADVANCED_FACE('',(#542),#300,.T.);
#4899=ADVANCED_FACE('',(#543),#301,.F.);
#4900=ADVANCED_FACE('',(#544),#302,.T.);
#4901=ADVANCED_FACE('',(#545),#4683,.T.);
#4902=ADVANCED_FACE('',(#546),#303,.T.);
#4903=ADVANCED_FACE('',(#547),#304,.T.);
#4904=ADVANCED_FACE('',(#548),#4684,.T.);
#4905=ADVANCED_FACE('',(#549),#4685,.T.);
#4906=ADVANCED_FACE('',(#550),#83,.T.);
#4907=ADVANCED_FACE('',(#551),#84,.T.);
#4908=ADVANCED_FACE('',(#552),#305,.T.);
#4909=ADVANCED_FACE('',(#553),#85,.T.);
#4910=ADVANCED_FACE('',(#554),#86,.T.);
#4911=ADVANCED_FACE('',(#555),#306,.T.);
#4912=ADVANCED_FACE('',(#556),#307,.T.);
#4913=ADVANCED_FACE('',(#557),#308,.T.);
#4914=ADVANCED_FACE('',(#558),#309,.F.);
#4915=ADVANCED_FACE('',(#559),#310,.T.);
#4916=ADVANCED_FACE('',(#560),#4686,.T.);
#4917=ADVANCED_FACE('',(#561),#311,.T.);
#4918=ADVANCED_FACE('',(#562),#312,.T.);
#4919=ADVANCED_FACE('',(#563),#4687,.T.);
#4920=ADVANCED_FACE('',(#564),#4688,.T.);
#4921=ADVANCED_FACE('',(#565),#87,.T.);
#4922=ADVANCED_FACE('',(#566),#88,.T.);
#4923=ADVANCED_FACE('',(#567),#313,.T.);
#4924=ADVANCED_FACE('',(#568),#89,.T.);
#4925=ADVANCED_FACE('',(#569),#90,.T.);
#4926=ADVANCED_FACE('',(#570),#314,.T.);
#4927=ADVANCED_FACE('',(#571),#315,.F.);
#4928=ADVANCED_FACE('',(#572),#4689,.F.);
#4929=ADVANCED_FACE('',(#573),#316,.T.);
#4930=ADVANCED_FACE('',(#574),#4690,.F.);
#4931=ADVANCED_FACE('',(#575,#161),#317,.F.);
#4932=ADVANCED_FACE('',(#576),#318,.F.);
#4933=ADVANCED_FACE('',(#577),#4691,.F.);
#4934=ADVANCED_FACE('',(#578),#319,.T.);
#4935=ADVANCED_FACE('',(#579),#4692,.F.);
#4936=ADVANCED_FACE('',(#580,#162),#320,.F.);
#4937=ADVANCED_FACE('',(#581),#4693,.F.);
#4938=ADVANCED_FACE('',(#582),#4694,.F.);
#4939=ADVANCED_FACE('',(#583,#163),#321,.F.);
#4940=ADVANCED_FACE('',(#584),#4695,.F.);
#4941=ADVANCED_FACE('',(#585,#164),#322,.F.);
#4942=ADVANCED_FACE('',(#586),#4696,.F.);
#4943=ADVANCED_FACE('',(#587),#4697,.F.);
#4944=ADVANCED_FACE('',(#588,#165),#323,.F.);
#4945=ADVANCED_FACE('',(#589),#4698,.F.);
#4946=ADVANCED_FACE('',(#590,#166),#324,.F.);
#4947=ADVANCED_FACE('',(#591),#325,.T.);
#4948=ADVANCED_FACE('',(#592),#326,.T.);
#4949=ADVANCED_FACE('',(#593,#167),#327,.F.);
#4950=ADVANCED_FACE('',(#594,#168),#328,.F.);
#4951=ADVANCED_FACE('',(#595,#169,#170,#171),#329,.T.);
#4952=ADVANCED_FACE('',(#596),#330,.T.);
#4953=ADVANCED_FACE('',(#597),#331,.T.);
#4954=ADVANCED_FACE('',(#598),#332,.T.);
#4955=ADVANCED_FACE('',(#599),#333,.T.);
#4956=ADVANCED_FACE('',(#600),#334,.T.);
#4957=ADVANCED_FACE('',(#601),#335,.T.);
#4958=ADVANCED_FACE('',(#602),#336,.T.);
#4959=ADVANCED_FACE('',(#603),#337,.T.);
#4960=ADVANCED_FACE('',(#604,#172),#338,.T.);
#4961=ADVANCED_FACE('',(#605),#339,.F.);
#4962=ADVANCED_FACE('',(#606,#173),#340,.T.);
#4963=ADVANCED_FACE('',(#607),#4699,.F.);
#4964=ADVANCED_FACE('',(#608),#341,.F.);
#4965=ADVANCED_FACE('',(#609,#174,#175,#176,#177),#342,.F.);
#4966=ADVANCED_FACE('',(#610),#343,.F.);
#4967=ADVANCED_FACE('',(#611),#4700,.F.);
#4968=ADVANCED_FACE('',(#612),#344,.F.);
#4969=ADVANCED_FACE('',(#613),#4701,.T.);
#4970=ADVANCED_FACE('',(#614),#4702,.T.);
#4971=ADVANCED_FACE('',(#615),#345,.F.);
#4972=ADVANCED_FACE('',(#616),#4703,.F.);
#4973=ADVANCED_FACE('',(#617),#346,.F.);
#4974=ADVANCED_FACE('',(#618),#4704,.F.);
#4975=ADVANCED_FACE('',(#619),#347,.F.);
#4976=ADVANCED_FACE('',(#620),#4705,.F.);
#4977=ADVANCED_FACE('',(#621),#348,.F.);
#4978=ADVANCED_FACE('',(#622),#4706,.F.);
#4979=ADVANCED_FACE('',(#623),#349,.F.);
#4980=ADVANCED_FACE('',(#624),#350,.F.);
#4981=ADVANCED_FACE('',(#625),#351,.F.);
#4982=ADVANCED_FACE('',(#626),#4707,.T.);
#4983=ADVANCED_FACE('',(#627),#4708,.T.);
#4984=ADVANCED_FACE('',(#628),#352,.F.);
#4985=ADVANCED_FACE('',(#629),#4709,.T.);
#4986=ADVANCED_FACE('',(#630),#4710,.T.);
#4987=ADVANCED_FACE('',(#631),#4711,.T.);
#4988=ADVANCED_FACE('',(#632,#178),#353,.F.);
#4989=ADVANCED_FACE('',(#633),#4712,.T.);
#4990=ADVANCED_FACE('',(#634),#354,.F.);
#4991=ADVANCED_FACE('',(#635),#4713,.T.);
#4992=ADVANCED_FACE('',(#636),#355,.T.);
#4993=ADVANCED_FACE('',(#637),#4714,.T.);
#4994=ADVANCED_FACE('',(#638),#4715,.T.);
#4995=ADVANCED_FACE('',(#639),#356,.F.);
#4996=ADVANCED_FACE('',(#640),#4716,.T.);
#4997=ADVANCED_FACE('',(#641),#357,.F.);
#4998=ADVANCED_FACE('',(#642),#358,.F.);
#4999=ADVANCED_FACE('',(#643),#359,.F.);
#5000=ADVANCED_FACE('',(#644),#360,.F.);
#5001=CLOSED_SHELL('',(#4717,#4718,#4719,#4720,#4721,#4722,#4723,#4724,
#4725,#4726,#4727,#4728));
#5002=CLOSED_SHELL('',(#4729,#4730,#4731,#4732,#4733,#4734,#4735,#4736,
#4737,#4738,#4739,#4740,#4741,#4742,#4743,#4744,#4745,#4746,#4747,#4748,
#4749,#4750,#4751,#4752,#4753,#4754,#4755,#4756,#4757,#4758,#4759,#4760,
#4761,#4762,#4763,#4764,#4765,#4766,#4767,#4768,#4769,#4770,#4771,#4772,
#4773,#4774,#4775,#4776,#4777,#4778,#4779,#4780,#4781,#4782,#4783,#4784,
#4785,#4786,#4787,#4788,#4789,#4790));
#5003=CLOSED_SHELL('',(#4791,#4792,#4793,#4794,#4795,#4796,#4797,#4798,
#4799,#4800));
#5004=CLOSED_SHELL('',(#4801,#4802,#4803,#4804,#4805,#4806));
#5005=CLOSED_SHELL('',(#4807,#4808,#4809,#4810,#4811,#4812));
#5006=CLOSED_SHELL('',(#4813,#4814,#4815,#4816,#4817,#4818));
#5007=CLOSED_SHELL('',(#4819,#4820,#4821));
#5008=CLOSED_SHELL('',(#4822,#4823,#4824));
#5009=CLOSED_SHELL('',(#4825,#4826,#4827));
#5010=CLOSED_SHELL('',(#4828,#4829,#4830));
#5011=CLOSED_SHELL('',(#4831,#4832,#4833));
#5012=CLOSED_SHELL('',(#4834,#4835,#4836));
#5013=CLOSED_SHELL('',(#4837,#4838,#4839));
#5014=CLOSED_SHELL('',(#4840,#4841,#4842));
#5015=CLOSED_SHELL('',(#4843,#4844,#4845,#4846,#4847,#4848,#4849,#4850,
#4851,#4852,#4853,#4854,#4855,#4856,#4857,#4858,#4859,#4860,#4861,#4862,
#4863,#4864,#4865,#4866,#4867,#4868,#4869,#4870,#4871,#4872,#4873,#4874,
#4875,#4876,#4877,#4878,#4879,#4880,#4881,#4882,#4883,#4884,#4885,#4886,
#4887,#4888,#4889,#4890,#4891,#4892,#4893,#4894,#4895,#4896,#4897,#4898,
#4899,#4900,#4901,#4902,#4903,#4904,#4905,#4906,#4907,#4908,#4909,#4910,
#4911,#4912,#4913,#4914,#4915,#4916,#4917,#4918,#4919,#4920,#4921,#4922,
#4923,#4924,#4925,#4926,#4927,#4928,#4929,#4930,#4931,#4932,#4933,#4934,
#4935,#4936,#4937,#4938,#4939,#4940,#4941,#4942,#4943,#4944,#4945,#4946,
#4947,#4948,#4949,#4950,#4951,#4952,#4953,#4954,#4955,#4956,#4957,#4958,
#4959,#4960,#4961,#4962,#4963,#4964,#4965,#4966,#4967,#4968,#4969,#4970,
#4971,#4972,#4973,#4974,#4975,#4976,#4977,#4978,#4979,#4980,#4981,#4982,
#4983,#4984,#4985,#4986,#4987,#4988,#4989,#4990));
#5016=CLOSED_SHELL('',(#4991,#4992,#4993,#4994,#4995,#4996,#4997,#4998,
#4999,#5000));
#5017=DERIVED_UNIT_ELEMENT(#5027,1.);
#5018=DERIVED_UNIT_ELEMENT(#8572,-3.);
#5019=DERIVED_UNIT_ELEMENT(#5027,1.);
#5020=DERIVED_UNIT_ELEMENT(#8572,-3.);
#5021=DERIVED_UNIT_ELEMENT(#5027,1.);
#5022=DERIVED_UNIT_ELEMENT(#8572,-3.);
#5023=DERIVED_UNIT_ELEMENT(#5027,1.);
#5024=DERIVED_UNIT_ELEMENT(#8572,-3.);
#5025=DERIVED_UNIT_ELEMENT(#5027,1.);
#5026=DERIVED_UNIT_ELEMENT(#8572,-3.);
#5027=(
MASS_UNIT()
NAMED_UNIT(*)
SI_UNIT(.KILO.,.GRAM.)
);
#5028=DERIVED_UNIT((#5017,#5018));
#5029=DERIVED_UNIT((#5019,#5020));
#5030=DERIVED_UNIT((#5021,#5022));
#5031=DERIVED_UNIT((#5023,#5024));
#5032=DERIVED_UNIT((#5025,#5026));
#5033=MEASURE_REPRESENTATION_ITEM('density measure',
POSITIVE_RATIO_MEASURE(7850.),#5028);
#5034=MEASURE_REPRESENTATION_ITEM('density measure',
POSITIVE_RATIO_MEASURE(7850.),#5029);
#5035=MEASURE_REPRESENTATION_ITEM('density measure',
POSITIVE_RATIO_MEASURE(7850.),#5030);
#5036=MEASURE_REPRESENTATION_ITEM('density measure',
POSITIVE_RATIO_MEASURE(7850.),#5031);
#5037=MEASURE_REPRESENTATION_ITEM('density measure',
POSITIVE_RATIO_MEASURE(7850.),#5032);
#5038=PROPERTY_DEFINITION_REPRESENTATION(#5063,#5048);
#5039=PROPERTY_DEFINITION_REPRESENTATION(#5064,#5049);
#5040=PROPERTY_DEFINITION_REPRESENTATION(#5065,#5050);
#5041=PROPERTY_DEFINITION_REPRESENTATION(#5066,#5051);
#5042=PROPERTY_DEFINITION_REPRESENTATION(#5067,#5052);
#5043=PROPERTY_DEFINITION_REPRESENTATION(#5068,#5053);
#5044=PROPERTY_DEFINITION_REPRESENTATION(#5069,#5054);
#5045=PROPERTY_DEFINITION_REPRESENTATION(#5070,#5055);
#5046=PROPERTY_DEFINITION_REPRESENTATION(#5071,#5056);
#5047=PROPERTY_DEFINITION_REPRESENTATION(#5072,#5057);
#5048=REPRESENTATION('material name',(#5058),#8565);
#5049=REPRESENTATION('density',(#5033),#8565);
#5050=REPRESENTATION('material name',(#5059),#8566);
#5051=REPRESENTATION('density',(#5034),#8566);
#5052=REPRESENTATION('material name',(#5060),#8567);
#5053=REPRESENTATION('density',(#5035),#8567);
#5054=REPRESENTATION('material name',(#5061),#8568);
#5055=REPRESENTATION('density',(#5036),#8568);
#5056=REPRESENTATION('material name',(#5062),#8569);
#5057=REPRESENTATION('density',(#5037),#8569);
#5058=DESCRIPTIVE_REPRESENTATION_ITEM('Steel','Steel');
#5059=DESCRIPTIVE_REPRESENTATION_ITEM('Steel','Steel');
#5060=DESCRIPTIVE_REPRESENTATION_ITEM('Steel','Steel');
#5061=DESCRIPTIVE_REPRESENTATION_ITEM('Steel','Steel');
#5062=DESCRIPTIVE_REPRESENTATION_ITEM('Steel','Steel');
#5063=PROPERTY_DEFINITION('material property','material name',#8605);
#5064=PROPERTY_DEFINITION('material property','density of part',#8605);
#5065=PROPERTY_DEFINITION('material property','material name',#8606);
#5066=PROPERTY_DEFINITION('material property','density of part',#8606);
#5067=PROPERTY_DEFINITION('material property','material name',#8607);
#5068=PROPERTY_DEFINITION('material property','density of part',#8607);
#5069=PROPERTY_DEFINITION('material property','material name',#8608);
#5070=PROPERTY_DEFINITION('material property','density of part',#8608);
#5071=PROPERTY_DEFINITION('material property','material name',#8609);
#5072=PROPERTY_DEFINITION('material property','density of part',#8609);
#5073=AXIS2_PLACEMENT_3D('',#7038,#5574,#5575);
#5074=AXIS2_PLACEMENT_3D('',#7039,#5576,#5577);
#5075=AXIS2_PLACEMENT_3D('',#7040,#5578,#5579);
#5076=AXIS2_PLACEMENT_3D('',#7041,#5580,#5581);
#5077=AXIS2_PLACEMENT_3D('',#7043,#5582,#5583);
#5078=AXIS2_PLACEMENT_3D('',#7046,#5585,#5586);
#5079=AXIS2_PLACEMENT_3D('',#7047,#5587,#5588);
#5080=AXIS2_PLACEMENT_3D('',#7049,#5589,#5590);
#5081=AXIS2_PLACEMENT_3D('',#7052,#5592,#5593);
#5082=AXIS2_PLACEMENT_3D('',#7053,#5594,#5595);
#5083=AXIS2_PLACEMENT_3D('',#7062,#5600,#5601);
#5084=AXIS2_PLACEMENT_3D('',#7068,#5605,#5606);
#5085=AXIS2_PLACEMENT_3D('',#7074,#5610,#5611);
#5086=AXIS2_PLACEMENT_3D('',#7077,#5614,#5615);
#5087=AXIS2_PLACEMENT_3D('',#7086,#5620,#5621);
#5088=AXIS2_PLACEMENT_3D('',#7095,#5626,#5627);
#5089=AXIS2_PLACEMENT_3D('',#7098,#5630,#5631);
#5090=AXIS2_PLACEMENT_3D('',#7100,#5633,#5634);
#5091=AXIS2_PLACEMENT_3D('',#7102,#5636,#5637);
#5092=AXIS2_PLACEMENT_3D('',#7103,#5638,#5639);
#5093=AXIS2_PLACEMENT_3D('',#7104,#5640,#5641);
#5094=AXIS2_PLACEMENT_3D('',#7107,#5642,#5643);
#5095=AXIS2_PLACEMENT_3D('',#7109,#5644,#5645);
#5096=AXIS2_PLACEMENT_3D('',#7111,#5646,#5647);
#5097=AXIS2_PLACEMENT_3D('',#7112,#5648,#5649);
#5098=AXIS2_PLACEMENT_3D('',#7113,#5650,#5651);
#5099=AXIS2_PLACEMENT_3D('',#7116,#5652,#5653);
#5100=AXIS2_PLACEMENT_3D('',#7119,#5656,#5657);
#5101=AXIS2_PLACEMENT_3D('',#7122,#5658,#5659);
#5102=AXIS2_PLACEMENT_3D('',#7123,#5660,#5661);
#5103=AXIS2_PLACEMENT_3D('',#7124,#5662,#5663);
#5104=AXIS2_PLACEMENT_3D('',#7125,#5664,#5665);
#5105=AXIS2_PLACEMENT_3D('',#7128,#5666,#5667);
#5106=AXIS2_PLACEMENT_3D('',#7131,#5670,#5671);
#5107=AXIS2_PLACEMENT_3D('',#7134,#5672,#5673);
#5108=AXIS2_PLACEMENT_3D('',#7135,#5674,#5675);
#5109=AXIS2_PLACEMENT_3D('',#7136,#5676,#5677);
#5110=AXIS2_PLACEMENT_3D('',#7137,#5678,#5679);
#5111=AXIS2_PLACEMENT_3D('',#7140,#5680,#5681);
#5112=AXIS2_PLACEMENT_3D('',#7143,#5684,#5685);
#5113=AXIS2_PLACEMENT_3D('',#7146,#5686,#5687);
#5114=AXIS2_PLACEMENT_3D('',#7147,#5688,#5689);
#5115=AXIS2_PLACEMENT_3D('',#7148,#5690,#5691);
#5116=AXIS2_PLACEMENT_3D('',#7149,#5692,#5693);
#5117=AXIS2_PLACEMENT_3D('',#7152,#5696,#5697);
#5118=AXIS2_PLACEMENT_3D('',#7158,#5701,#5702);
#5119=AXIS2_PLACEMENT_3D('',#7161,#5704,#5705);
#5120=AXIS2_PLACEMENT_3D('',#7162,#5706,#5707);
#5121=AXIS2_PLACEMENT_3D('',#7166,#5710,#5711);
#5122=AXIS2_PLACEMENT_3D('',#7169,#5713,#5714);
#5123=AXIS2_PLACEMENT_3D('',#7170,#5715,#5716);
#5124=AXIS2_PLACEMENT_3D('',#7173,#5717,#5718);
#5125=AXIS2_PLACEMENT_3D('',#7177,#5720,#5721);
#5126=AXIS2_PLACEMENT_3D('',#7181,#5723,#5724);
#5127=AXIS2_PLACEMENT_3D('',#7185,#5726,#5727);
#5128=AXIS2_PLACEMENT_3D('',#7187,#5729,#5730);
#5129=AXIS2_PLACEMENT_3D('',#7189,#5731,#5732);
#5130=AXIS2_PLACEMENT_3D('',#7191,#5733,#5734);
#5131=AXIS2_PLACEMENT_3D('',#7192,#5735,#5736);
#5132=AXIS2_PLACEMENT_3D('',#7193,#5737,#5738);
#5133=AXIS2_PLACEMENT_3D('',#7195,#5739,#5740);
#5134=AXIS2_PLACEMENT_3D('',#7197,#5742,#5743);
#5135=AXIS2_PLACEMENT_3D('',#7199,#5744,#5745);
#5136=AXIS2_PLACEMENT_3D('',#7200,#5746,#5747);
#5137=AXIS2_PLACEMENT_3D('',#7201,#5748,#5749);
#5138=AXIS2_PLACEMENT_3D('',#7203,#5750,#5751);
#5139=AXIS2_PLACEMENT_3D('',#7205,#5753,#5754);
#5140=AXIS2_PLACEMENT_3D('',#7207,#5755,#5756);
#5141=AXIS2_PLACEMENT_3D('',#7208,#5757,#5758);
#5142=AXIS2_PLACEMENT_3D('',#7209,#5759,#5760);
#5143=AXIS2_PLACEMENT_3D('',#7211,#5761,#5762);
#5144=AXIS2_PLACEMENT_3D('',#7213,#5764,#5765);
#5145=AXIS2_PLACEMENT_3D('',#7215,#5766,#5767);
#5146=AXIS2_PLACEMENT_3D('',#7216,#5768,#5769);
#5147=AXIS2_PLACEMENT_3D('',#7217,#5770,#5771);
#5148=AXIS2_PLACEMENT_3D('',#7219,#5773,#5774);
#5149=AXIS2_PLACEMENT_3D('',#7225,#5778,#5779);
#5150=AXIS2_PLACEMENT_3D('',#7228,#5781,#5782);
#5151=AXIS2_PLACEMENT_3D('',#7229,#5783,#5784);
#5152=AXIS2_PLACEMENT_3D('',#7233,#5787,#5788);
#5153=AXIS2_PLACEMENT_3D('',#7236,#5790,#5791);
#5154=AXIS2_PLACEMENT_3D('',#7237,#5792,#5793);
#5155=AXIS2_PLACEMENT_3D('',#7246,#5798,#5799);
#5156=AXIS2_PLACEMENT_3D('',#7252,#5803,#5804);
#5157=AXIS2_PLACEMENT_3D('',#7256,#5807,#5808);
#5158=AXIS2_PLACEMENT_3D('',#7260,#5811,#5812);
#5159=AXIS2_PLACEMENT_3D('',#7262,#5814,#5815);
#5160=AXIS2_PLACEMENT_3D('',#7271,#5820,#5821);
#5161=AXIS2_PLACEMENT_3D('',#7277,#5825,#5826);
#5162=AXIS2_PLACEMENT_3D('',#7281,#5829,#5830);
#5163=AXIS2_PLACEMENT_3D('',#7285,#5833,#5834);
#5164=AXIS2_PLACEMENT_3D('',#7287,#5836,#5837);
#5165=AXIS2_PLACEMENT_3D('',#7292,#5839,#5840);
#5166=AXIS2_PLACEMENT_3D('',#7295,#5842,#5843);
#5167=AXIS2_PLACEMENT_3D('',#7296,#5844,#5845);
#5168=AXIS2_PLACEMENT_3D('',#7301,#5847,#5848);
#5169=AXIS2_PLACEMENT_3D('',#7304,#5850,#5851);
#5170=AXIS2_PLACEMENT_3D('',#7305,#5852,#5853);
#5171=AXIS2_PLACEMENT_3D('',#7310,#5855,#5856);
#5172=AXIS2_PLACEMENT_3D('',#7313,#5858,#5859);
#5173=AXIS2_PLACEMENT_3D('',#7314,#5860,#5861);
#5174=AXIS2_PLACEMENT_3D('',#7319,#5864,#5865);
#5175=AXIS2_PLACEMENT_3D('',#7322,#5868,#5869);
#5176=AXIS2_PLACEMENT_3D('',#7326,#5871,#5872);
#5177=AXIS2_PLACEMENT_3D('',#7328,#5874,#5875);
#5178=AXIS2_PLACEMENT_3D('',#7330,#5877,#5878);
#5179=AXIS2_PLACEMENT_3D('',#7332,#5880,#5881);
#5180=AXIS2_PLACEMENT_3D('',#7334,#5883,#5884);
#5181=AXIS2_PLACEMENT_3D('',#7336,#5886,#5887);
#5182=AXIS2_PLACEMENT_3D('',#7341,#5889,#5890);
#5183=AXIS2_PLACEMENT_3D('',#7344,#5892,#5893);
#5184=AXIS2_PLACEMENT_3D('',#7345,#5894,#5895);
#5185=AXIS2_PLACEMENT_3D('',#7350,#5897,#5898);
#5186=AXIS2_PLACEMENT_3D('',#7353,#5900,#5901);
#5187=AXIS2_PLACEMENT_3D('',#7354,#5902,#5903);
#5188=AXIS2_PLACEMENT_3D('',#7359,#5905,#5906);
#5189=AXIS2_PLACEMENT_3D('',#7362,#5908,#5909);
#5190=AXIS2_PLACEMENT_3D('',#7363,#5910,#5911);
#5191=AXIS2_PLACEMENT_3D('',#7368,#5914,#5915);
#5192=AXIS2_PLACEMENT_3D('',#7371,#5918,#5919);
#5193=AXIS2_PLACEMENT_3D('',#7375,#5921,#5922);
#5194=AXIS2_PLACEMENT_3D('',#7377,#5924,#5925);
#5195=AXIS2_PLACEMENT_3D('',#7379,#5927,#5928);
#5196=AXIS2_PLACEMENT_3D('',#7381,#5930,#5931);
#5197=AXIS2_PLACEMENT_3D('',#7383,#5933,#5934);
#5198=AXIS2_PLACEMENT_3D('',#7385,#5936,#5937);
#5199=AXIS2_PLACEMENT_3D('',#7389,#5939,#5940);
#5200=AXIS2_PLACEMENT_3D('',#7391,#5942,#5943);
#5201=AXIS2_PLACEMENT_3D('',#7393,#5944,#5945);
#5202=AXIS2_PLACEMENT_3D('',#7395,#5947,#5948);
#5203=AXIS2_PLACEMENT_3D('',#7397,#5950,#5951);
#5204=AXIS2_PLACEMENT_3D('',#7399,#5953,#5954);
#5205=AXIS2_PLACEMENT_3D('',#7403,#5956,#5957);
#5206=AXIS2_PLACEMENT_3D('',#7405,#5959,#5960);
#5207=AXIS2_PLACEMENT_3D('',#7409,#5963,#5964);
#5208=AXIS2_PLACEMENT_3D('',#7410,#5965,#5966);
#5209=AXIS2_PLACEMENT_3D('',#7412,#5968,#5969);
#5210=AXIS2_PLACEMENT_3D('',#7413,#5970,#5971);
#5211=AXIS2_PLACEMENT_3D('',#7414,#5972,#5973);
#5212=AXIS2_PLACEMENT_3D('',#7415,#5974,#5975);
#5213=AXIS2_PLACEMENT_3D('',#7417,#5976,#5977);
#5214=AXIS2_PLACEMENT_3D('',#7420,#5979,#5980);
#5215=AXIS2_PLACEMENT_3D('',#7421,#5981,#5982);
#5216=AXIS2_PLACEMENT_3D('',#7423,#5983,#5984);
#5217=AXIS2_PLACEMENT_3D('',#7426,#5986,#5987);
#5218=AXIS2_PLACEMENT_3D('',#7427,#5988,#5989);
#5219=AXIS2_PLACEMENT_3D('',#7429,#5990,#5991);
#5220=AXIS2_PLACEMENT_3D('',#7432,#5993,#5994);
#5221=AXIS2_PLACEMENT_3D('',#7433,#5995,#5996);
#5222=AXIS2_PLACEMENT_3D('',#7435,#5997,#5998);
#5223=AXIS2_PLACEMENT_3D('',#7438,#6000,#6001);
#5224=AXIS2_PLACEMENT_3D('',#7439,#6002,#6003);
#5225=AXIS2_PLACEMENT_3D('',#7448,#6008,#6009);
#5226=AXIS2_PLACEMENT_3D('',#7457,#6014,#6015);
#5227=AXIS2_PLACEMENT_3D('',#7460,#6018,#6019);
#5228=AXIS2_PLACEMENT_3D('',#7462,#6021,#6022);
#5229=AXIS2_PLACEMENT_3D('',#7464,#6024,#6025);
#5230=AXIS2_PLACEMENT_3D('',#7465,#6026,#6027);
#5231=AXIS2_PLACEMENT_3D('',#7474,#6032,#6033);
#5232=AXIS2_PLACEMENT_3D('',#7483,#6038,#6039);
#5233=AXIS2_PLACEMENT_3D('',#7486,#6042,#6043);
#5234=AXIS2_PLACEMENT_3D('',#7488,#6045,#6046);
#5235=AXIS2_PLACEMENT_3D('',#7490,#6048,#6049);
#5236=AXIS2_PLACEMENT_3D('',#7491,#6050,#6051);
#5237=AXIS2_PLACEMENT_3D('',#7500,#6056,#6057);
#5238=AXIS2_PLACEMENT_3D('',#7509,#6062,#6063);
#5239=AXIS2_PLACEMENT_3D('',#7512,#6066,#6067);
#5240=AXIS2_PLACEMENT_3D('',#7514,#6069,#6070);
#5241=AXIS2_PLACEMENT_3D('',#7516,#6072,#6073);
#5242=AXIS2_PLACEMENT_3D('',#7517,#6074,#6075);
#5243=AXIS2_PLACEMENT_3D('',#7526,#6080,#6081);
#5244=AXIS2_PLACEMENT_3D('',#7535,#6086,#6087);
#5245=AXIS2_PLACEMENT_3D('',#7538,#6090,#6091);
#5246=AXIS2_PLACEMENT_3D('',#7540,#6093,#6094);
#5247=AXIS2_PLACEMENT_3D('',#7542,#6096,#6097);
#5248=AXIS2_PLACEMENT_3D('',#7543,#6098,#6099);
#5249=AXIS2_PLACEMENT_3D('',#7545,#6100,#6101);
#5250=AXIS2_PLACEMENT_3D('',#7548,#6103,#6104);
#5251=AXIS2_PLACEMENT_3D('',#7549,#6105,#6106);
#5252=AXIS2_PLACEMENT_3D('',#7550,#6107,#6108);
#5253=AXIS2_PLACEMENT_3D('',#7551,#6109,#6110);
#5254=AXIS2_PLACEMENT_3D('',#7553,#6111,#6112);
#5255=AXIS2_PLACEMENT_3D('',#7556,#6114,#6115);
#5256=AXIS2_PLACEMENT_3D('',#7557,#6116,#6117);
#5257=AXIS2_PLACEMENT_3D('',#7558,#6118,#6119);
#5258=AXIS2_PLACEMENT_3D('',#7559,#6120,#6121);
#5259=AXIS2_PLACEMENT_3D('',#7561,#6122,#6123);
#5260=AXIS2_PLACEMENT_3D('',#7564,#6125,#6126);
#5261=AXIS2_PLACEMENT_3D('',#7565,#6127,#6128);
#5262=AXIS2_PLACEMENT_3D('',#7566,#6129,#6130);
#5263=AXIS2_PLACEMENT_3D('',#7567,#6131,#6132);
#5264=AXIS2_PLACEMENT_3D('',#7569,#6133,#6134);
#5265=AXIS2_PLACEMENT_3D('',#7572,#6136,#6137);
#5266=AXIS2_PLACEMENT_3D('',#7573,#6138,#6139);
#5267=AXIS2_PLACEMENT_3D('',#7574,#6140,#6141);
#5268=AXIS2_PLACEMENT_3D('',#7575,#6142,#6143);
#5269=AXIS2_PLACEMENT_3D('',#7577,#6144,#6145);
#5270=AXIS2_PLACEMENT_3D('',#7580,#6147,#6148);
#5271=AXIS2_PLACEMENT_3D('',#7581,#6149,#6150);
#5272=AXIS2_PLACEMENT_3D('',#7582,#6151,#6152);
#5273=AXIS2_PLACEMENT_3D('',#7583,#6153,#6154);
#5274=AXIS2_PLACEMENT_3D('',#7585,#6155,#6156);
#5275=AXIS2_PLACEMENT_3D('',#7588,#6158,#6159);
#5276=AXIS2_PLACEMENT_3D('',#7589,#6160,#6161);
#5277=AXIS2_PLACEMENT_3D('',#7590,#6162,#6163);
#5278=AXIS2_PLACEMENT_3D('',#7591,#6164,#6165);
#5279=AXIS2_PLACEMENT_3D('',#7593,#6166,#6167);
#5280=AXIS2_PLACEMENT_3D('',#7596,#6169,#6170);
#5281=AXIS2_PLACEMENT_3D('',#7597,#6171,#6172);
#5282=AXIS2_PLACEMENT_3D('',#7598,#6173,#6174);
#5283=AXIS2_PLACEMENT_3D('',#7599,#6175,#6176);
#5284=AXIS2_PLACEMENT_3D('',#7601,#6177,#6178);
#5285=AXIS2_PLACEMENT_3D('',#7604,#6180,#6181);
#5286=AXIS2_PLACEMENT_3D('',#7605,#6182,#6183);
#5287=AXIS2_PLACEMENT_3D('',#7606,#6184,#6185);
#5288=AXIS2_PLACEMENT_3D('',#7607,#6186,#6187);
#5289=AXIS2_PLACEMENT_3D('',#7608,#6188,#6189);
#5290=AXIS2_PLACEMENT_3D('',#7617,#6194,#6195);
#5291=AXIS2_PLACEMENT_3D('',#7626,#6200,#6201);
#5292=AXIS2_PLACEMENT_3D('',#7637,#6208,#6209);
#5293=AXIS2_PLACEMENT_3D('',#7641,#6212,#6213);
#5294=AXIS2_PLACEMENT_3D('',#7647,#6217,#6218);
#5295=AXIS2_PLACEMENT_3D('',#7651,#6221,#6222);
#5296=AXIS2_PLACEMENT_3D('',#7653,#6224,#6225);
#5297=AXIS2_PLACEMENT_3D('',#7656,#6228,#6229);
#5298=AXIS2_PLACEMENT_3D('',#7665,#6234,#6235);
#5299=AXIS2_PLACEMENT_3D('',#7674,#6240,#6241);
#5300=AXIS2_PLACEMENT_3D('',#7685,#6248,#6249);
#5301=AXIS2_PLACEMENT_3D('',#7689,#6252,#6253);
#5302=AXIS2_PLACEMENT_3D('',#7695,#6257,#6258);
#5303=AXIS2_PLACEMENT_3D('',#7699,#6261,#6262);
#5304=AXIS2_PLACEMENT_3D('',#7701,#6264,#6265);
#5305=AXIS2_PLACEMENT_3D('',#7704,#6268,#6269);
#5306=AXIS2_PLACEMENT_3D('',#7713,#6274,#6275);
#5307=AXIS2_PLACEMENT_3D('',#7719,#6279,#6280);
#5308=AXIS2_PLACEMENT_3D('',#7725,#6284,#6285);
#5309=AXIS2_PLACEMENT_3D('',#7727,#6287,#6288);
#5310=AXIS2_PLACEMENT_3D('',#7737,#6294,#6295);
#5311=AXIS2_PLACEMENT_3D('',#7746,#6300,#6301);
#5312=AXIS2_PLACEMENT_3D('',#7752,#6305,#6306);
#5313=AXIS2_PLACEMENT_3D('',#7756,#6309,#6310);
#5314=AXIS2_PLACEMENT_3D('',#7760,#6313,#6314);
#5315=AXIS2_PLACEMENT_3D('',#7770,#6320,#6321);
#5316=AXIS2_PLACEMENT_3D('',#7803,#6330,#6331);
#5317=AXIS2_PLACEMENT_3D('',#7805,#6332,#6333);
#5318=AXIS2_PLACEMENT_3D('',#7808,#6335,#6336);
#5319=AXIS2_PLACEMENT_3D('',#7809,#6337,#6338);
#5320=AXIS2_PLACEMENT_3D('',#7839,#6346,#6347);
#5321=AXIS2_PLACEMENT_3D('',#7842,#6348,#6349);
#5322=AXIS2_PLACEMENT_3D('',#7844,#6350,#6351);
#5323=AXIS2_PLACEMENT_3D('',#7845,#6352,#6353);
#5324=AXIS2_PLACEMENT_3D('',#7848,#6355,#6356);
#5325=AXIS2_PLACEMENT_3D('',#7849,#6357,#6358);
#5326=AXIS2_PLACEMENT_3D('',#7850,#6359,#6360);
#5327=AXIS2_PLACEMENT_3D('',#7851,#6361,#6362);
#5328=AXIS2_PLACEMENT_3D('',#7852,#6363,#6364);
#5329=AXIS2_PLACEMENT_3D('',#7853,#6365,#6366);
#5330=AXIS2_PLACEMENT_3D('',#7854,#6367,#6368);
#5331=AXIS2_PLACEMENT_3D('',#7855,#6369,#6370);
#5332=AXIS2_PLACEMENT_3D('',#7856,#6371,#6372);
#5333=AXIS2_PLACEMENT_3D('',#7857,#6373,#6374);
#5334=AXIS2_PLACEMENT_3D('',#7858,#6375,#6376);
#5335=AXIS2_PLACEMENT_3D('',#7859,#6377,#6378);
#5336=AXIS2_PLACEMENT_3D('',#7860,#6379,#6380);
#5337=AXIS2_PLACEMENT_3D('',#7861,#6381,#6382);
#5338=AXIS2_PLACEMENT_3D('',#7862,#6383,#6384);
#5339=AXIS2_PLACEMENT_3D('',#7863,#6385,#6386);
#5340=AXIS2_PLACEMENT_3D('',#7864,#6387,#6388);
#5341=AXIS2_PLACEMENT_3D('',#7865,#6389,#6390);
#5342=AXIS2_PLACEMENT_3D('',#7866,#6391,#6392);
#5343=AXIS2_PLACEMENT_3D('',#7867,#6393,#6394);
#5344=AXIS2_PLACEMENT_3D('',#7868,#6395,#6396);
#5345=AXIS2_PLACEMENT_3D('',#7869,#6397,#6398);
#5346=AXIS2_PLACEMENT_3D('',#7871,#6400,#6401);
#5347=AXIS2_PLACEMENT_3D('',#7904,#6410,#6411);
#5348=AXIS2_PLACEMENT_3D('',#7906,#6412,#6413);
#5349=AXIS2_PLACEMENT_3D('',#7909,#6415,#6416);
#5350=AXIS2_PLACEMENT_3D('',#7910,#6417,#6418);
#5351=AXIS2_PLACEMENT_3D('',#7940,#6426,#6427);
#5352=AXIS2_PLACEMENT_3D('',#7942,#6428,#6429);
#5353=AXIS2_PLACEMENT_3D('',#7945,#6431,#6432);
#5354=AXIS2_PLACEMENT_3D('',#7946,#6433,#6434);
#5355=AXIS2_PLACEMENT_3D('',#7947,#6435,#6436);
#5356=AXIS2_PLACEMENT_3D('',#7948,#6437,#6438);
#5357=AXIS2_PLACEMENT_3D('',#7949,#6439,#6440);
#5358=AXIS2_PLACEMENT_3D('',#7950,#6441,#6442);
#5359=AXIS2_PLACEMENT_3D('',#7951,#6443,#6444);
#5360=AXIS2_PLACEMENT_3D('',#7952,#6445,#6446);
#5361=AXIS2_PLACEMENT_3D('',#7953,#6447,#6448);
#5362=AXIS2_PLACEMENT_3D('',#7954,#6449,#6450);
#5363=AXIS2_PLACEMENT_3D('',#7955,#6451,#6452);
#5364=AXIS2_PLACEMENT_3D('',#7956,#6453,#6454);
#5365=AXIS2_PLACEMENT_3D('',#7957,#6455,#6456);
#5366=AXIS2_PLACEMENT_3D('',#7958,#6457,#6458);
#5367=AXIS2_PLACEMENT_3D('',#7959,#6459,#6460);
#5368=AXIS2_PLACEMENT_3D('',#7960,#6461,#6462);
#5369=AXIS2_PLACEMENT_3D('',#7961,#6463,#6464);
#5370=AXIS2_PLACEMENT_3D('',#7962,#6465,#6466);
#5371=AXIS2_PLACEMENT_3D('',#7963,#6467,#6468);
#5372=AXIS2_PLACEMENT_3D('',#7964,#6469,#6470);
#5373=AXIS2_PLACEMENT_3D('',#7965,#6471,#6472);
#5374=AXIS2_PLACEMENT_3D('',#7966,#6473,#6474);
#5375=AXIS2_PLACEMENT_3D('',#7999,#6483,#6484);
#5376=AXIS2_PLACEMENT_3D('',#8001,#6485,#6486);
#5377=AXIS2_PLACEMENT_3D('',#8004,#6488,#6489);
#5378=AXIS2_PLACEMENT_3D('',#8005,#6490,#6491);
#5379=AXIS2_PLACEMENT_3D('',#8035,#6499,#6500);
#5380=AXIS2_PLACEMENT_3D('',#8038,#6501,#6502);
#5381=AXIS2_PLACEMENT_3D('',#8040,#6503,#6504);
#5382=AXIS2_PLACEMENT_3D('',#8041,#6505,#6506);
#5383=AXIS2_PLACEMENT_3D('',#8044,#6508,#6509);
#5384=AXIS2_PLACEMENT_3D('',#8045,#6510,#6511);
#5385=AXIS2_PLACEMENT_3D('',#8046,#6512,#6513);
#5386=AXIS2_PLACEMENT_3D('',#8047,#6514,#6515);
#5387=AXIS2_PLACEMENT_3D('',#8048,#6516,#6517);
#5388=AXIS2_PLACEMENT_3D('',#8049,#6518,#6519);
#5389=AXIS2_PLACEMENT_3D('',#8050,#6520,#6521);
#5390=AXIS2_PLACEMENT_3D('',#8051,#6522,#6523);
#5391=AXIS2_PLACEMENT_3D('',#8052,#6524,#6525);
#5392=AXIS2_PLACEMENT_3D('',#8053,#6526,#6527);
#5393=AXIS2_PLACEMENT_3D('',#8054,#6528,#6529);
#5394=AXIS2_PLACEMENT_3D('',#8055,#6530,#6531);
#5395=AXIS2_PLACEMENT_3D('',#8056,#6532,#6533);
#5396=AXIS2_PLACEMENT_3D('',#8057,#6534,#6535);
#5397=AXIS2_PLACEMENT_3D('',#8058,#6536,#6537);
#5398=AXIS2_PLACEMENT_3D('',#8059,#6538,#6539);
#5399=AXIS2_PLACEMENT_3D('',#8060,#6540,#6541);
#5400=AXIS2_PLACEMENT_3D('',#8061,#6542,#6543);
#5401=AXIS2_PLACEMENT_3D('',#8062,#6544,#6545);
#5402=AXIS2_PLACEMENT_3D('',#8063,#6546,#6547);
#5403=AXIS2_PLACEMENT_3D('',#8064,#6548,#6549);
#5404=AXIS2_PLACEMENT_3D('',#8065,#6550,#6551);
#5405=AXIS2_PLACEMENT_3D('',#8067,#6553,#6554);
#5406=AXIS2_PLACEMENT_3D('',#8100,#6563,#6564);
#5407=AXIS2_PLACEMENT_3D('',#8102,#6565,#6566);
#5408=AXIS2_PLACEMENT_3D('',#8105,#6568,#6569);
#5409=AXIS2_PLACEMENT_3D('',#8106,#6570,#6571);
#5410=AXIS2_PLACEMENT_3D('',#8136,#6579,#6580);
#5411=AXIS2_PLACEMENT_3D('',#8138,#6581,#6582);
#5412=AXIS2_PLACEMENT_3D('',#8141,#6584,#6585);
#5413=AXIS2_PLACEMENT_3D('',#8142,#6586,#6587);
#5414=AXIS2_PLACEMENT_3D('',#8143,#6588,#6589);
#5415=AXIS2_PLACEMENT_3D('',#8144,#6590,#6591);
#5416=AXIS2_PLACEMENT_3D('',#8145,#6592,#6593);
#5417=AXIS2_PLACEMENT_3D('',#8146,#6594,#6595);
#5418=AXIS2_PLACEMENT_3D('',#8147,#6596,#6597);
#5419=AXIS2_PLACEMENT_3D('',#8148,#6598,#6599);
#5420=AXIS2_PLACEMENT_3D('',#8149,#6600,#6601);
#5421=AXIS2_PLACEMENT_3D('',#8150,#6602,#6603);
#5422=AXIS2_PLACEMENT_3D('',#8151,#6604,#6605);
#5423=AXIS2_PLACEMENT_3D('',#8152,#6606,#6607);
#5424=AXIS2_PLACEMENT_3D('',#8153,#6608,#6609);
#5425=AXIS2_PLACEMENT_3D('',#8154,#6610,#6611);
#5426=AXIS2_PLACEMENT_3D('',#8155,#6612,#6613);
#5427=AXIS2_PLACEMENT_3D('',#8156,#6614,#6615);
#5428=AXIS2_PLACEMENT_3D('',#8157,#6616,#6617);
#5429=AXIS2_PLACEMENT_3D('',#8158,#6618,#6619);
#5430=AXIS2_PLACEMENT_3D('',#8159,#6620,#6621);
#5431=AXIS2_PLACEMENT_3D('',#8160,#6622,#6623);
#5432=AXIS2_PLACEMENT_3D('',#8161,#6624,#6625);
#5433=AXIS2_PLACEMENT_3D('',#8162,#6626,#6627);
#5434=AXIS2_PLACEMENT_3D('',#8166,#6629,#6630);
#5435=AXIS2_PLACEMENT_3D('',#8168,#6632,#6633);
#5436=AXIS2_PLACEMENT_3D('',#8172,#6635,#6636);
#5437=AXIS2_PLACEMENT_3D('',#8174,#6638,#6639);
#5438=AXIS2_PLACEMENT_3D('',#8184,#6645,#6646);
#5439=AXIS2_PLACEMENT_3D('',#8186,#6647,#6648);
#5440=AXIS2_PLACEMENT_3D('',#8189,#6650,#6651);
#5441=AXIS2_PLACEMENT_3D('',#8190,#6652,#6653);
#5442=AXIS2_PLACEMENT_3D('',#8191,#6654,#6655);
#5443=AXIS2_PLACEMENT_3D('',#8195,#6657,#6658);
#5444=AXIS2_PLACEMENT_3D('',#8197,#6660,#6661);
#5445=AXIS2_PLACEMENT_3D('',#8201,#6663,#6664);
#5446=AXIS2_PLACEMENT_3D('',#8203,#6666,#6667);
#5447=AXIS2_PLACEMENT_3D('',#8213,#6673,#6674);
#5448=AXIS2_PLACEMENT_3D('',#8215,#6675,#6676);
#5449=AXIS2_PLACEMENT_3D('',#8218,#6678,#6679);
#5450=AXIS2_PLACEMENT_3D('',#8219,#6680,#6681);
#5451=AXIS2_PLACEMENT_3D('',#8220,#6682,#6683);
#5452=AXIS2_PLACEMENT_3D('',#8222,#6684,#6685);
#5453=AXIS2_PLACEMENT_3D('',#8225,#6687,#6688);
#5454=AXIS2_PLACEMENT_3D('',#8226,#6689,#6690);
#5455=AXIS2_PLACEMENT_3D('',#8228,#6691,#6692);
#5456=AXIS2_PLACEMENT_3D('',#8231,#6694,#6695);
#5457=AXIS2_PLACEMENT_3D('',#8232,#6696,#6697);
#5458=AXIS2_PLACEMENT_3D('',#8233,#6698,#6699);
#5459=AXIS2_PLACEMENT_3D('',#8235,#6700,#6701);
#5460=AXIS2_PLACEMENT_3D('',#8238,#6703,#6704);
#5461=AXIS2_PLACEMENT_3D('',#8239,#6705,#6706);
#5462=AXIS2_PLACEMENT_3D('',#8240,#6707,#6708);
#5463=AXIS2_PLACEMENT_3D('',#8242,#6709,#6710);
#5464=AXIS2_PLACEMENT_3D('',#8245,#6712,#6713);
#5465=AXIS2_PLACEMENT_3D('',#8246,#6714,#6715);
#5466=AXIS2_PLACEMENT_3D('',#8248,#6716,#6717);
#5467=AXIS2_PLACEMENT_3D('',#8251,#6719,#6720);
#5468=AXIS2_PLACEMENT_3D('',#8252,#6721,#6722);
#5469=AXIS2_PLACEMENT_3D('',#8253,#6723,#6724);
#5470=AXIS2_PLACEMENT_3D('',#8255,#6725,#6726);
#5471=AXIS2_PLACEMENT_3D('',#8258,#6728,#6729);
#5472=AXIS2_PLACEMENT_3D('',#8259,#6730,#6731);
#5473=AXIS2_PLACEMENT_3D('',#8260,#6732,#6733);
#5474=AXIS2_PLACEMENT_3D('',#8266,#6737,#6738);
#5475=AXIS2_PLACEMENT_3D('',#8272,#6742,#6743);
#5476=AXIS2_PLACEMENT_3D('',#8281,#6749,#6750);
#5477=AXIS2_PLACEMENT_3D('',#8290,#6756,#6757);
#5478=AXIS2_PLACEMENT_3D('',#8295,#6759,#6760);
#5479=AXIS2_PLACEMENT_3D('',#8299,#6762,#6763);
#5480=AXIS2_PLACEMENT_3D('',#8303,#6765,#6766);
#5481=AXIS2_PLACEMENT_3D('',#8307,#6768,#6769);
#5482=AXIS2_PLACEMENT_3D('',#8311,#6771,#6772);
#5483=AXIS2_PLACEMENT_3D('',#8313,#6773,#6774);
#5484=AXIS2_PLACEMENT_3D('',#8317,#6776,#6777);
#5485=AXIS2_PLACEMENT_3D('',#8321,#6779,#6780);
#5486=AXIS2_PLACEMENT_3D('',#8323,#6781,#6782);
#5487=AXIS2_PLACEMENT_3D('',#8327,#6784,#6785);
#5488=AXIS2_PLACEMENT_3D('',#8331,#6787,#6788);
#5489=AXIS2_PLACEMENT_3D('',#8335,#6790,#6791);
#5490=AXIS2_PLACEMENT_3D('',#8337,#6792,#6793);
#5491=AXIS2_PLACEMENT_3D('',#8341,#6795,#6796);
#5492=AXIS2_PLACEMENT_3D('',#8344,#6798,#6799);
#5493=AXIS2_PLACEMENT_3D('',#8359,#6808,#6809);
#5494=AXIS2_PLACEMENT_3D('',#8362,#6812,#6813);
#5495=AXIS2_PLACEMENT_3D('',#8365,#6816,#6817);
#5496=AXIS2_PLACEMENT_3D('',#8367,#6819,#6820);
#5497=AXIS2_PLACEMENT_3D('',#8368,#6821,#6822);
#5498=AXIS2_PLACEMENT_3D('',#8370,#6824,#6825);
#5499=AXIS2_PLACEMENT_3D('',#8371,#6826,#6827);
#5500=AXIS2_PLACEMENT_3D('',#8373,#6829,#6830);
#5501=AXIS2_PLACEMENT_3D('',#8375,#6832,#6833);
#5502=AXIS2_PLACEMENT_3D('',#8377,#6834,#6835);
#5503=AXIS2_PLACEMENT_3D('',#8378,#6836,#6837);
#5504=AXIS2_PLACEMENT_3D('',#8381,#6838,#6839);
#5505=AXIS2_PLACEMENT_3D('',#8383,#6840,#6841);
#5506=AXIS2_PLACEMENT_3D('',#8387,#6843,#6844);
#5507=AXIS2_PLACEMENT_3D('',#8391,#6846,#6847);
#5508=AXIS2_PLACEMENT_3D('',#8393,#6849,#6850);
#5509=AXIS2_PLACEMENT_3D('',#8395,#6851,#6852);
#5510=AXIS2_PLACEMENT_3D('',#8396,#6853,#6854);
#5511=AXIS2_PLACEMENT_3D('',#8399,#6855,#6856);
#5512=AXIS2_PLACEMENT_3D('',#8402,#6859,#6860);
#5513=AXIS2_PLACEMENT_3D('',#8410,#6865,#6866);
#5514=AXIS2_PLACEMENT_3D('',#8414,#6868,#6869);
#5515=AXIS2_PLACEMENT_3D('',#8418,#6871,#6872);
#5516=AXIS2_PLACEMENT_3D('',#8421,#6874,#6875);
#5517=AXIS2_PLACEMENT_3D('',#8422,#6876,#6877);
#5518=AXIS2_PLACEMENT_3D('',#8424,#6879,#6880);
#5519=AXIS2_PLACEMENT_3D('',#8427,#6883,#6884);
#5520=AXIS2_PLACEMENT_3D('',#8429,#6886,#6887);
#5521=AXIS2_PLACEMENT_3D('',#8431,#6889,#6890);
#5522=AXIS2_PLACEMENT_3D('',#8433,#6892,#6893);
#5523=AXIS2_PLACEMENT_3D('',#8434,#6894,#6895);
#5524=AXIS2_PLACEMENT_3D('',#8437,#6898,#6899);
#5525=AXIS2_PLACEMENT_3D('',#8439,#6901,#6902);
#5526=AXIS2_PLACEMENT_3D('',#8442,#6905,#6906);
#5527=AXIS2_PLACEMENT_3D('',#8448,#6910,#6911);
#5528=AXIS2_PLACEMENT_3D('',#8451,#6912,#6913);
#5529=AXIS2_PLACEMENT_3D('',#8454,#6916,#6917);
#5530=AXIS2_PLACEMENT_3D('',#8463,#6923,#6924);
#5531=AXIS2_PLACEMENT_3D('',#8465,#6925,#6926);
#5532=AXIS2_PLACEMENT_3D('',#8467,#6928,#6929);
#5533=AXIS2_PLACEMENT_3D('',#8470,#6930,#6931);
#5534=AXIS2_PLACEMENT_3D('',#8473,#6934,#6935);
#5535=AXIS2_PLACEMENT_3D('',#8475,#6937,#6938);
#5536=AXIS2_PLACEMENT_3D('',#8477,#6940,#6941);
#5537=AXIS2_PLACEMENT_3D('',#8479,#6943,#6944);
#5538=AXIS2_PLACEMENT_3D('',#8482,#6947,#6948);
#5539=AXIS2_PLACEMENT_3D('',#8483,#6949,#6950);
#5540=AXIS2_PLACEMENT_3D('',#8485,#6951,#6952);
#5541=AXIS2_PLACEMENT_3D('',#8487,#6954,#6955);
#5542=AXIS2_PLACEMENT_3D('',#8488,#6956,#6957);
#5543=AXIS2_PLACEMENT_3D('',#8489,#6958,#6959);
#5544=AXIS2_PLACEMENT_3D('',#8492,#6961,#6962);
#5545=AXIS2_PLACEMENT_3D('',#8493,#6963,#6964);
#5546=AXIS2_PLACEMENT_3D('',#8494,#6965,#6966);
#5547=AXIS2_PLACEMENT_3D('',#8496,#6968,#6969);
#5548=AXIS2_PLACEMENT_3D('',#8497,#6970,#6971);
#5549=AXIS2_PLACEMENT_3D('',#8498,#6972,#6973);
#5550=AXIS2_PLACEMENT_3D('',#8499,#6974,#6975);
#5551=AXIS2_PLACEMENT_3D('',#8504,#6977,#6978);
#5552=AXIS2_PLACEMENT_3D('',#8507,#6980,#6981);
#5553=AXIS2_PLACEMENT_3D('',#8508,#6982,#6983);
#5554=AXIS2_PLACEMENT_3D('',#8512,#6985,#6986);
#5555=AXIS2_PLACEMENT_3D('',#8516,#6988,#6989);
#5556=AXIS2_PLACEMENT_3D('',#8520,#6991,#6992);
#5557=AXIS2_PLACEMENT_3D('',#8522,#6994,#6995);
#5558=AXIS2_PLACEMENT_3D('',#8526,#6997,#6998);
#5559=AXIS2_PLACEMENT_3D('',#8528,#7000,#7001);
#5560=AXIS2_PLACEMENT_3D('',#8533,#7004,#7005);
#5561=AXIS2_PLACEMENT_3D('',#8534,#7006,#7007);
#5562=AXIS2_PLACEMENT_3D('',#8539,#7010,#7011);
#5563=AXIS2_PLACEMENT_3D('',#8542,#7014,#7015);
#5564=AXIS2_PLACEMENT_3D('',#8545,#7018,#7019);
#5565=AXIS2_PLACEMENT_3D('',#8546,#7020,#7021);
#5566=AXIS2_PLACEMENT_3D('',#8547,#7022,#7023);
#5567=AXIS2_PLACEMENT_3D('',#8548,#7024,#7025);
#5568=AXIS2_PLACEMENT_3D('',#8549,#7026,#7027);
#5569=AXIS2_PLACEMENT_3D('',#8550,#7028,#7029);
#5570=AXIS2_PLACEMENT_3D('',#8551,#7030,#7031);
#5571=AXIS2_PLACEMENT_3D('',#8552,#7032,#7033);
#5572=AXIS2_PLACEMENT_3D('',#8553,#7034,#7035);
#5573=AXIS2_PLACEMENT_3D('',#8554,#7036,#7037);
#5574=DIRECTION('axis',(0.,0.,1.));
#5575=DIRECTION('refdir',(1.,0.,0.));
#5576=DIRECTION('axis',(0.,0.,1.));
#5577=DIRECTION('refdir',(1.,0.,0.));
#5578=DIRECTION('axis',(0.,0.,1.));
#5579=DIRECTION('refdir',(1.,0.,0.));
#5580=DIRECTION('center_axis',(0.,0.,1.));
#5581=DIRECTION('ref_axis',(1.,0.,0.));
#5582=DIRECTION('center_axis',(0.,0.,1.));
#5583=DIRECTION('ref_axis',(1.,0.,0.));
#5584=DIRECTION('',(0.,0.,1.));
#5585=DIRECTION('center_axis',(0.,0.,-1.));
#5586=DIRECTION('ref_axis',(1.,0.,0.));
#5587=DIRECTION('center_axis',(0.,0.,1.));
#5588=DIRECTION('ref_axis',(1.,0.,0.));
#5589=DIRECTION('center_axis',(0.,0.,1.));
#5590=DIRECTION('ref_axis',(1.,0.,0.));
#5591=DIRECTION('',(0.,0.,1.));
#5592=DIRECTION('center_axis',(0.,0.,-1.));
#5593=DIRECTION('ref_axis',(1.,0.,0.));
#5594=DIRECTION('center_axis',(0.,-1.,0.));
#5595=DIRECTION('ref_axis',(0.,0.,-1.));
#5596=DIRECTION('',(1.,0.,0.));
#5597=DIRECTION('',(0.,0.,-1.));
#5598=DIRECTION('',(-1.,0.,0.));
#5599=DIRECTION('',(0.,0.,-1.));
#5600=DIRECTION('center_axis',(-1.,0.,0.));
#5601=DIRECTION('ref_axis',(0.,0.,1.));
#5602=DIRECTION('',(0.,-1.,0.));
#5603=DIRECTION('',(0.,1.,0.));
#5604=DIRECTION('',(0.,0.,-1.));
#5605=DIRECTION('center_axis',(0.,1.,0.));
#5606=DIRECTION('ref_axis',(0.,0.,1.));
#5607=DIRECTION('',(-1.,0.,0.));
#5608=DIRECTION('',(1.,0.,0.));
#5609=DIRECTION('',(0.,0.,-1.));
#5610=DIRECTION('center_axis',(1.,0.,0.));
#5611=DIRECTION('ref_axis',(0.,0.,-1.));
#5612=DIRECTION('',(0.,1.,0.));
#5613=DIRECTION('',(0.,-1.,0.));
#5614=DIRECTION('center_axis',(0.,0.,1.));
#5615=DIRECTION('ref_axis',(1.,0.,0.));
#5616=DIRECTION('',(0.,1.,0.));
#5617=DIRECTION('',(-1.,0.,0.));
#5618=DIRECTION('',(0.,-1.,0.));
#5619=DIRECTION('',(1.,0.,0.));
#5620=DIRECTION('center_axis',(0.,0.,1.));
#5621=DIRECTION('ref_axis',(1.,0.,0.));
#5622=DIRECTION('',(0.,-1.,0.));
#5623=DIRECTION('',(-1.,0.,0.));
#5624=DIRECTION('',(0.,1.,0.));
#5625=DIRECTION('',(1.,0.,0.));
#5626=DIRECTION('center_axis',(0.,1.,0.));
#5627=DIRECTION('ref_axis',(0.,0.,1.));
#5628=DIRECTION('',(0.,0.,-1.));
#5629=DIRECTION('',(0.,0.,-1.));
#5630=DIRECTION('center_axis',(1.,0.,0.));
#5631=DIRECTION('ref_axis',(0.,0.,-1.));
#5632=DIRECTION('',(0.,0.,-1.));
#5633=DIRECTION('center_axis',(0.,-1.,0.));
#5634=DIRECTION('ref_axis',(0.,0.,-1.));
#5635=DIRECTION('',(0.,0.,-1.));
#5636=DIRECTION('center_axis',(-1.,0.,0.));
#5637=DIRECTION('ref_axis',(0.,0.,1.));
#5638=DIRECTION('axis',(0.,0.,1.));
#5639=DIRECTION('refdir',(1.,0.,0.));
#5640=DIRECTION('center_axis',(0.,0.,1.));
#5641=DIRECTION('ref_axis',(1.,0.,0.));
#5642=DIRECTION('center_axis',(-2.77555756156289E-15,1.,0.));
#5643=DIRECTION('ref_axis',(0.,0.,1.));
#5644=DIRECTION('center_axis',(0.,0.,1.));
#5645=DIRECTION('ref_axis',(0.707106781186547,0.707106781186548,0.));
#5646=DIRECTION('center_axis',(1.,0.,0.));
#5647=DIRECTION('ref_axis',(0.,1.,0.));
#5648=DIRECTION('center_axis',(0.,0.,-1.));
#5649=DIRECTION('ref_axis',(0.707106781186547,0.707106781186548,0.));
#5650=DIRECTION('center_axis',(-1.,0.,0.));
#5651=DIRECTION('ref_axis',(0.,0.707106781186548,0.707106781186548));
#5652=DIRECTION('center_axis',(1.,0.,0.));
#5653=DIRECTION('ref_axis',(0.,1.,0.));
#5654=DIRECTION('',(1.,0.,0.));
#5655=DIRECTION('',(-1.,0.,0.));
#5656=DIRECTION('center_axis',(0.,0.,1.));
#5657=DIRECTION('ref_axis',(1.,0.,0.));
#5658=DIRECTION('center_axis',(2.77555756156289E-15,1.,0.));
#5659=DIRECTION('ref_axis',(-1.,2.77555756156289E-15,0.));
#5660=DIRECTION('center_axis',(0.,0.,-1.));
#5661=DIRECTION('ref_axis',(-0.707106781186547,0.707106781186548,0.));
#5662=DIRECTION('center_axis',(0.,0.,1.));
#5663=DIRECTION('ref_axis',(-0.707106781186547,0.707106781186548,0.));
#5664=DIRECTION('center_axis',(0.,-1.,0.));
#5665=DIRECTION('ref_axis',(-0.707106781186548,0.,0.707106781186548));
#5666=DIRECTION('center_axis',(0.,1.,0.));
#5667=DIRECTION('ref_axis',(-1.,0.,0.));
#5668=DIRECTION('',(0.,1.,0.));
#5669=DIRECTION('',(0.,-1.,0.));
#5670=DIRECTION('center_axis',(0.,0.,1.));
#5671=DIRECTION('ref_axis',(1.,0.,0.));
#5672=DIRECTION('center_axis',(-1.,0.,0.));
#5673=DIRECTION('ref_axis',(0.,-1.,0.));
#5674=DIRECTION('center_axis',(0.,0.,-1.));
#5675=DIRECTION('ref_axis',(-0.707106781186547,-0.707106781186548,0.));
#5676=DIRECTION('center_axis',(0.,0.,1.));
#5677=DIRECTION('ref_axis',(-0.707106781186547,-0.707106781186548,0.));
#5678=DIRECTION('center_axis',(1.,0.,0.));
#5679=DIRECTION('ref_axis',(0.,-0.707106781186548,0.707106781186548));
#5680=DIRECTION('center_axis',(-1.,0.,0.));
#5681=DIRECTION('ref_axis',(0.,-1.,0.));
#5682=DIRECTION('',(-1.,0.,0.));
#5683=DIRECTION('',(1.,0.,0.));
#5684=DIRECTION('center_axis',(0.,0.,1.));
#5685=DIRECTION('ref_axis',(1.,0.,0.));
#5686=DIRECTION('center_axis',(-2.77555756156289E-15,-1.,0.));
#5687=DIRECTION('ref_axis',(1.,-2.77555756156289E-15,0.));
#5688=DIRECTION('center_axis',(0.,0.,-1.));
#5689=DIRECTION('ref_axis',(0.707106781186547,-0.707106781186548,0.));
#5690=DIRECTION('center_axis',(0.,0.,1.));
#5691=DIRECTION('ref_axis',(0.707106781186547,-0.707106781186548,0.));
#5692=DIRECTION('center_axis',(0.,1.,0.));
#5693=DIRECTION('ref_axis',(0.707106781186548,0.,0.707106781186548));
#5694=DIRECTION('',(0.,-1.,0.));
#5695=DIRECTION('',(0.,1.,0.));
#5696=DIRECTION('center_axis',(1.,0.,0.));
#5697=DIRECTION('ref_axis',(0.,0.,-1.));
#5698=DIRECTION('',(0.,0.,-1.));
#5699=DIRECTION('',(0.,1.,0.));
#5700=DIRECTION('',(0.,0.,-1.));
#5701=DIRECTION('center_axis',(0.,0.,1.));
#5702=DIRECTION('ref_axis',(1.,0.,0.));
#5703=DIRECTION('',(0.,0.,-1.));
#5704=DIRECTION('center_axis',(0.,0.,-1.));
#5705=DIRECTION('ref_axis',(1.,0.,0.));
#5706=DIRECTION('center_axis',(0.,-1.,0.));
#5707=DIRECTION('ref_axis',(0.,0.,-1.));
#5708=DIRECTION('',(0.,0.,-1.));
#5709=DIRECTION('',(1.,0.,0.));
#5710=DIRECTION('center_axis',(0.,0.,1.));
#5711=DIRECTION('ref_axis',(1.,0.,0.));
#5712=DIRECTION('',(0.,0.,-1.));
#5713=DIRECTION('center_axis',(0.,0.,-1.));
#5714=DIRECTION('ref_axis',(1.,0.,0.));
#5715=DIRECTION('center_axis',(0.,0.,1.));
#5716=DIRECTION('ref_axis',(1.,0.,0.));
#5717=DIRECTION('center_axis',(0.,0.,1.));
#5718=DIRECTION('ref_axis',(0.707106781186547,0.707106781186547,0.));
#5719=DIRECTION('',(0.,1.,0.));
#5720=DIRECTION('center_axis',(0.,0.,1.));
#5721=DIRECTION('ref_axis',(0.707106781186547,-0.707106781186547,0.));
#5722=DIRECTION('',(1.,0.,0.));
#5723=DIRECTION('center_axis',(0.,0.,1.));
#5724=DIRECTION('ref_axis',(-0.707106781186547,-0.707106781186547,0.));
#5725=DIRECTION('',(0.,-1.,0.));
#5726=DIRECTION('center_axis',(0.,0.,1.));
#5727=DIRECTION('ref_axis',(-0.707106781186547,0.707106781186547,0.));
#5728=DIRECTION('',(-1.,0.,0.));
#5729=DIRECTION('center_axis',(0.,0.,-1.));
#5730=DIRECTION('ref_axis',(-1.,0.,0.));
#5731=DIRECTION('center_axis',(1.,0.,0.));
#5732=DIRECTION('ref_axis',(0.,0.,1.));
#5733=DIRECTION('center_axis',(0.,0.,-1.));
#5734=DIRECTION('ref_axis',(0.707106781186548,0.707106781186548,0.));
#5735=DIRECTION('center_axis',(0.,1.,0.));
#5736=DIRECTION('ref_axis',(-1.,0.,0.));
#5737=DIRECTION('center_axis',(0.,-1.,0.));
#5738=DIRECTION('ref_axis',(-0.707106781186548,0.,0.707106781186548));
#5739=DIRECTION('center_axis',(0.,1.,0.));
#5740=DIRECTION('ref_axis',(-1.,0.,0.));
#5741=DIRECTION('',(0.,-1.,0.));
#5742=DIRECTION('center_axis',(0.,0.,-1.));
#5743=DIRECTION('ref_axis',(-1.,0.,0.));
#5744=DIRECTION('center_axis',(1.,0.,0.));
#5745=DIRECTION('ref_axis',(0.,1.,0.));
#5746=DIRECTION('center_axis',(0.,0.,-1.));
#5747=DIRECTION('ref_axis',(0.707106781186548,-0.707106781186548,0.));
#5748=DIRECTION('center_axis',(-1.,0.,0.));
#5749=DIRECTION('ref_axis',(0.,0.707106781186548,0.707106781186548));
#5750=DIRECTION('center_axis',(1.,0.,0.));
#5751=DIRECTION('ref_axis',(0.,1.,0.));
#5752=DIRECTION('',(-1.,0.,0.));
#5753=DIRECTION('center_axis',(0.,0.,-1.));
#5754=DIRECTION('ref_axis',(-1.,0.,0.));
#5755=DIRECTION('center_axis',(0.,-1.,0.));
#5756=DIRECTION('ref_axis',(1.,0.,0.));
#5757=DIRECTION('center_axis',(0.,0.,-1.));
#5758=DIRECTION('ref_axis',(-0.707106781186548,-0.707106781186548,0.));
#5759=DIRECTION('center_axis',(0.,1.,0.));
#5760=DIRECTION('ref_axis',(0.707106781186548,0.,0.707106781186548));
#5761=DIRECTION('center_axis',(0.,-1.,0.));
#5762=DIRECTION('ref_axis',(1.,0.,0.));
#5763=DIRECTION('',(0.,1.,0.));
#5764=DIRECTION('center_axis',(0.,0.,-1.));
#5765=DIRECTION('ref_axis',(-1.,0.,0.));
#5766=DIRECTION('center_axis',(-1.,0.,0.));
#5767=DIRECTION('ref_axis',(0.,-1.,0.));
#5768=DIRECTION('center_axis',(0.,0.,-1.));
#5769=DIRECTION('ref_axis',(-0.707106781186548,0.707106781186548,0.));
#5770=DIRECTION('center_axis',(1.,0.,0.));
#5771=DIRECTION('ref_axis',(0.,-0.707106781186548,0.707106781186548));
#5772=DIRECTION('',(1.,0.,0.));
#5773=DIRECTION('center_axis',(0.,1.,0.));
#5774=DIRECTION('ref_axis',(0.,0.,1.));
#5775=DIRECTION('',(0.,0.,-1.));
#5776=DIRECTION('',(1.,0.,0.));
#5777=DIRECTION('',(0.,0.,-1.));
#5778=DIRECTION('center_axis',(0.,0.,1.));
#5779=DIRECTION('ref_axis',(1.,0.,0.));
#5780=DIRECTION('',(0.,0.,-1.));
#5781=DIRECTION('center_axis',(0.,0.,1.));
#5782=DIRECTION('ref_axis',(1.,0.,0.));
#5783=DIRECTION('center_axis',(-1.,0.,0.));
#5784=DIRECTION('ref_axis',(0.,0.,1.));
#5785=DIRECTION('',(0.,0.,-1.));
#5786=DIRECTION('',(0.,1.,0.));
#5787=DIRECTION('center_axis',(0.,0.,1.));
#5788=DIRECTION('ref_axis',(1.,0.,0.));
#5789=DIRECTION('',(0.,0.,-1.));
#5790=DIRECTION('center_axis',(0.,0.,1.));
#5791=DIRECTION('ref_axis',(1.,0.,0.));
#5792=DIRECTION('center_axis',(0.,-1.,0.));
#5793=DIRECTION('ref_axis',(0.,0.,-1.));
#5794=DIRECTION('',(-1.,0.,0.));
#5795=DIRECTION('',(0.,0.,-1.));
#5796=DIRECTION('',(-1.,0.,0.));
#5797=DIRECTION('',(0.,0.,-1.));
#5798=DIRECTION('center_axis',(1.,0.,0.));
#5799=DIRECTION('ref_axis',(0.,0.,-1.));
#5800=DIRECTION('',(0.,-1.,0.));
#5801=DIRECTION('',(0.,-1.,0.));
#5802=DIRECTION('',(0.,0.,-1.));
#5803=DIRECTION('center_axis',(0.,0.,1.));
#5804=DIRECTION('ref_axis',(1.,0.,0.));
#5805=DIRECTION('',(0.,1.,0.));
#5806=DIRECTION('',(1.,0.,0.));
#5807=DIRECTION('center_axis',(0.,1.,0.));
#5808=DIRECTION('ref_axis',(0.,0.,1.));
#5809=DIRECTION('',(1.,0.,0.));
#5810=DIRECTION('',(0.,0.,-1.));
#5811=DIRECTION('center_axis',(-1.,0.,0.));
#5812=DIRECTION('ref_axis',(0.,0.,1.));
#5813=DIRECTION('',(0.,1.,0.));
#5814=DIRECTION('center_axis',(0.,-1.,0.));
#5815=DIRECTION('ref_axis',(0.,0.,-1.));
#5816=DIRECTION('',(-1.,0.,0.));
#5817=DIRECTION('',(0.,0.,-1.));
#5818=DIRECTION('',(-1.,0.,0.));
#5819=DIRECTION('',(0.,0.,-1.));
#5820=DIRECTION('center_axis',(1.,0.,0.));
#5821=DIRECTION('ref_axis',(0.,0.,-1.));
#5822=DIRECTION('',(0.,-1.,0.));
#5823=DIRECTION('',(0.,-1.,0.));
#5824=DIRECTION('',(0.,0.,-1.));
#5825=DIRECTION('center_axis',(0.,0.,1.));
#5826=DIRECTION('ref_axis',(1.,0.,0.));
#5827=DIRECTION('',(0.,1.,0.));
#5828=DIRECTION('',(1.,0.,0.));
#5829=DIRECTION('center_axis',(0.,1.,0.));
#5830=DIRECTION('ref_axis',(0.,0.,1.));
#5831=DIRECTION('',(1.,0.,0.));
#5832=DIRECTION('',(0.,0.,-1.));
#5833=DIRECTION('center_axis',(-1.,0.,0.));
#5834=DIRECTION('ref_axis',(0.,0.,1.));
#5835=DIRECTION('',(0.,1.,0.));
#5836=DIRECTION('center_axis',(0.,0.,1.));
#5837=DIRECTION('ref_axis',(1.,0.,0.));
#5838=DIRECTION('',(0.,0.,-1.));
#5839=DIRECTION('center_axis',(0.,0.,-1.));
#5840=DIRECTION('ref_axis',(1.,0.,0.));
#5841=DIRECTION('',(0.,0.,-1.));
#5842=DIRECTION('center_axis',(0.,0.,1.));
#5843=DIRECTION('ref_axis',(1.,0.,0.));
#5844=DIRECTION('center_axis',(0.,0.,1.));
#5845=DIRECTION('ref_axis',(1.,0.,0.));
#5846=DIRECTION('',(0.,0.,-1.));
#5847=DIRECTION('center_axis',(0.,0.,-1.));
#5848=DIRECTION('ref_axis',(1.,0.,0.));
#5849=DIRECTION('',(0.,0.,-1.));
#5850=DIRECTION('center_axis',(0.,0.,1.));
#5851=DIRECTION('ref_axis',(1.,0.,0.));
#5852=DIRECTION('center_axis',(0.,0.,1.));
#5853=DIRECTION('ref_axis',(1.,0.,0.));
#5854=DIRECTION('',(0.,0.,-1.));
#5855=DIRECTION('center_axis',(0.,0.,1.));
#5856=DIRECTION('ref_axis',(1.,0.,0.));
#5857=DIRECTION('',(0.,0.,-1.));
#5858=DIRECTION('center_axis',(0.,0.,-1.));
#5859=DIRECTION('ref_axis',(1.,0.,0.));
#5860=DIRECTION('center_axis',(0.,0.,1.));
#5861=DIRECTION('ref_axis',(1.,0.,0.));
#5862=DIRECTION('',(0.,-1.,0.));
#5863=DIRECTION('',(-1.,0.,0.));
#5864=DIRECTION('center_axis',(0.,0.,-1.));
#5865=DIRECTION('ref_axis',(1.,0.,0.));
#5866=DIRECTION('',(0.,1.,0.));
#5867=DIRECTION('',(1.,0.,0.));
#5868=DIRECTION('center_axis',(0.,0.,1.));
#5869=DIRECTION('ref_axis',(1.,0.,0.));
#5870=DIRECTION('',(0.,0.,-1.));
#5871=DIRECTION('center_axis',(0.,0.,1.));
#5872=DIRECTION('ref_axis',(1.,0.,0.));
#5873=DIRECTION('',(0.,0.,-1.));
#5874=DIRECTION('center_axis',(1.,0.,0.));
#5875=DIRECTION('ref_axis',(0.,0.,-1.));
#5876=DIRECTION('',(0.,-1.,0.));
#5877=DIRECTION('center_axis',(-1.,0.,0.));
#5878=DIRECTION('ref_axis',(0.,0.,1.));
#5879=DIRECTION('',(0.,1.,0.));
#5880=DIRECTION('center_axis',(0.,1.,0.));
#5881=DIRECTION('ref_axis',(0.,0.,1.));
#5882=DIRECTION('',(1.,0.,0.));
#5883=DIRECTION('center_axis',(0.,-1.,0.));
#5884=DIRECTION('ref_axis',(0.,0.,-1.));
#5885=DIRECTION('',(-1.,0.,0.));
#5886=DIRECTION('center_axis',(0.,0.,1.));
#5887=DIRECTION('ref_axis',(1.,0.,0.));
#5888=DIRECTION('',(0.,0.,-1.));
#5889=DIRECTION('center_axis',(0.,0.,-1.));
#5890=DIRECTION('ref_axis',(1.,0.,0.));
#5891=DIRECTION('',(0.,0.,-1.));
#5892=DIRECTION('center_axis',(0.,0.,1.));
#5893=DIRECTION('ref_axis',(1.,0.,0.));
#5894=DIRECTION('center_axis',(0.,0.,1.));
#5895=DIRECTION('ref_axis',(1.,0.,0.));
#5896=DIRECTION('',(0.,0.,-1.));
#5897=DIRECTION('center_axis',(0.,0.,-1.));
#5898=DIRECTION('ref_axis',(1.,0.,0.));
#5899=DIRECTION('',(0.,0.,-1.));
#5900=DIRECTION('center_axis',(0.,0.,1.));
#5901=DIRECTION('ref_axis',(1.,0.,0.));
#5902=DIRECTION('center_axis',(0.,0.,1.));
#5903=DIRECTION('ref_axis',(1.,0.,0.));
#5904=DIRECTION('',(0.,0.,-1.));
#5905=DIRECTION('center_axis',(0.,0.,1.));
#5906=DIRECTION('ref_axis',(1.,0.,0.));
#5907=DIRECTION('',(0.,0.,-1.));
#5908=DIRECTION('center_axis',(0.,0.,-1.));
#5909=DIRECTION('ref_axis',(1.,0.,0.));
#5910=DIRECTION('center_axis',(0.,0.,1.));
#5911=DIRECTION('ref_axis',(1.,0.,0.));
#5912=DIRECTION('',(0.,-1.,0.));
#5913=DIRECTION('',(-1.,0.,0.));
#5914=DIRECTION('center_axis',(0.,0.,-1.));
#5915=DIRECTION('ref_axis',(1.,0.,0.));
#5916=DIRECTION('',(0.,1.,0.));
#5917=DIRECTION('',(1.,0.,0.));
#5918=DIRECTION('center_axis',(0.,0.,1.));
#5919=DIRECTION('ref_axis',(1.,0.,0.));
#5920=DIRECTION('',(0.,0.,-1.));
#5921=DIRECTION('center_axis',(0.,0.,1.));
#5922=DIRECTION('ref_axis',(1.,0.,0.));
#5923=DIRECTION('',(0.,0.,-1.));
#5924=DIRECTION('center_axis',(1.,0.,0.));
#5925=DIRECTION('ref_axis',(0.,0.,-1.));
#5926=DIRECTION('',(0.,-1.,0.));
#5927=DIRECTION('center_axis',(-1.,0.,0.));
#5928=DIRECTION('ref_axis',(0.,0.,1.));
#5929=DIRECTION('',(0.,1.,0.));
#5930=DIRECTION('center_axis',(0.,1.,0.));
#5931=DIRECTION('ref_axis',(0.,0.,1.));
#5932=DIRECTION('',(1.,0.,0.));
#5933=DIRECTION('center_axis',(0.,-1.,0.));
#5934=DIRECTION('ref_axis',(0.,0.,-1.));
#5935=DIRECTION('',(-1.,0.,0.));
#5936=DIRECTION('center_axis',(0.,0.,1.));
#5937=DIRECTION('ref_axis',(1.,0.,0.));
#5938=DIRECTION('',(0.,0.,-1.));
#5939=DIRECTION('center_axis',(0.,0.,1.));
#5940=DIRECTION('ref_axis',(1.,0.,0.));
#5941=DIRECTION('',(0.,0.,-1.));
#5942=DIRECTION('center_axis',(0.,0.,1.));
#5943=DIRECTION('ref_axis',(1.,0.,0.));
#5944=DIRECTION('center_axis',(0.,0.,1.));
#5945=DIRECTION('ref_axis',(1.,0.,0.));
#5946=DIRECTION('',(0.,0.,-1.));
#5947=DIRECTION('center_axis',(1.,0.,0.));
#5948=DIRECTION('ref_axis',(0.,0.,-1.));
#5949=DIRECTION('',(0.,-1.,0.));
#5950=DIRECTION('center_axis',(0.,-1.,0.));
#5951=DIRECTION('ref_axis',(0.,0.,-1.));
#5952=DIRECTION('',(-1.,0.,0.));
#5953=DIRECTION('center_axis',(0.,0.,1.));
#5954=DIRECTION('ref_axis',(1.,0.,0.));
#5955=DIRECTION('',(0.,0.,-1.));
#5956=DIRECTION('center_axis',(0.,0.,-1.));
#5957=DIRECTION('ref_axis',(1.,0.,0.));
#5958=DIRECTION('',(0.,0.,-1.));
#5959=DIRECTION('center_axis',(0.,0.,1.));
#5960=DIRECTION('ref_axis',(1.,0.,0.));
#5961=DIRECTION('',(0.,-1.,0.));
#5962=DIRECTION('',(-1.,0.,0.));
#5963=DIRECTION('center_axis',(0.,0.,-1.));
#5964=DIRECTION('ref_axis',(1.,0.,0.));
#5965=DIRECTION('center_axis',(0.,0.,1.));
#5966=DIRECTION('ref_axis',(1.,0.,0.));
#5967=DIRECTION('',(0.,0.,-1.));
#5968=DIRECTION('center_axis',(-1.,0.,0.));
#5969=DIRECTION('ref_axis',(0.,0.,1.));
#5970=DIRECTION('center_axis',(0.,1.,0.));
#5971=DIRECTION('ref_axis',(0.,0.,1.));
#5972=DIRECTION('axis',(0.,0.,1.));
#5973=DIRECTION('refdir',(1.,0.,0.));
#5974=DIRECTION('center_axis',(0.,0.,1.));
#5975=DIRECTION('ref_axis',(-1.,1.22464679914735E-16,0.));
#5976=DIRECTION('center_axis',(0.,0.,1.));
#5977=DIRECTION('ref_axis',(-1.,1.22464679914735E-16,0.));
#5978=DIRECTION('',(0.,0.,1.));
#5979=DIRECTION('center_axis',(0.,0.,-1.));
#5980=DIRECTION('ref_axis',(-1.,1.22464679914735E-16,0.));
#5981=DIRECTION('center_axis',(0.,0.,1.));
#5982=DIRECTION('ref_axis',(-1.,1.22464679914735E-16,0.));
#5983=DIRECTION('center_axis',(0.,0.,1.));
#5984=DIRECTION('ref_axis',(-1.,1.22464679914735E-16,0.));
#5985=DIRECTION('',(0.,0.,1.));
#5986=DIRECTION('center_axis',(0.,0.,-1.));
#5987=DIRECTION('ref_axis',(-1.,1.22464679914735E-16,0.));
#5988=DIRECTION('center_axis',(0.,0.,1.));
#5989=DIRECTION('ref_axis',(-1.,1.22464679914735E-16,0.));
#5990=DIRECTION('center_axis',(0.,0.,1.));
#5991=DIRECTION('ref_axis',(-1.,1.22464679914735E-16,0.));
#5992=DIRECTION('',(0.,0.,1.));
#5993=DIRECTION('center_axis',(0.,0.,-1.));
#5994=DIRECTION('ref_axis',(-1.,1.22464679914735E-16,0.));
#5995=DIRECTION('center_axis',(0.,0.,1.));
#5996=DIRECTION('ref_axis',(-1.,1.22464679914735E-16,0.));
#5997=DIRECTION('center_axis',(0.,0.,1.));
#5998=DIRECTION('ref_axis',(-1.,1.22464679914735E-16,0.));
#5999=DIRECTION('',(0.,0.,1.));
#6000=DIRECTION('center_axis',(0.,0.,-1.));
#6001=DIRECTION('ref_axis',(-1.,1.22464679914735E-16,0.));
#6002=DIRECTION('center_axis',(0.,0.,1.));
#6003=DIRECTION('ref_axis',(-1.,1.22464679914735E-16,0.));
#6004=DIRECTION('',(-1.22464679914735E-16,-1.,0.));
#6005=DIRECTION('',(1.,-1.22464679914735E-16,0.));
#6006=DIRECTION('',(1.22464679914735E-16,1.,0.));
#6007=DIRECTION('',(-1.,1.22464679914735E-16,0.));
#6008=DIRECTION('center_axis',(0.,0.,1.));
#6009=DIRECTION('ref_axis',(-1.,1.22464679914735E-16,0.));
#6010=DIRECTION('',(1.22464679914735E-16,1.,0.));
#6011=DIRECTION('',(1.,-1.22464679914735E-16,0.));
#6012=DIRECTION('',(-1.22464679914735E-16,-1.,0.));
#6013=DIRECTION('',(-1.,1.22464679914735E-16,0.));
#6014=DIRECTION('center_axis',(-1.22464679914735E-16,-1.,0.));
#6015=DIRECTION('ref_axis',(0.,0.,1.));
#6016=DIRECTION('',(0.,0.,-1.));
#6017=DIRECTION('',(0.,0.,-1.));
#6018=DIRECTION('center_axis',(-1.,1.22464679914735E-16,0.));
#6019=DIRECTION('ref_axis',(0.,0.,-1.));
#6020=DIRECTION('',(0.,0.,-1.));
#6021=DIRECTION('center_axis',(1.22464679914735E-16,1.,0.));
#6022=DIRECTION('ref_axis',(0.,0.,-1.));
#6023=DIRECTION('',(0.,0.,-1.));
#6024=DIRECTION('center_axis',(1.,-1.22464679914735E-16,0.));
#6025=DIRECTION('ref_axis',(0.,0.,1.));
#6026=DIRECTION('center_axis',(0.,0.,1.));
#6027=DIRECTION('ref_axis',(-1.,1.22464679914735E-16,0.));
#6028=DIRECTION('',(-1.22464679914735E-16,-1.,0.));
#6029=DIRECTION('',(1.,-1.22464679914735E-16,0.));
#6030=DIRECTION('',(1.22464679914735E-16,1.,0.));
#6031=DIRECTION('',(-1.,1.22464679914735E-16,0.));
#6032=DIRECTION('center_axis',(0.,0.,1.));
#6033=DIRECTION('ref_axis',(-1.,1.22464679914735E-16,0.));
#6034=DIRECTION('',(1.22464679914735E-16,1.,0.));
#6035=DIRECTION('',(1.,-1.22464679914735E-16,0.));
#6036=DIRECTION('',(-1.22464679914735E-16,-1.,0.));
#6037=DIRECTION('',(-1.,1.22464679914735E-16,0.));
#6038=DIRECTION('center_axis',(-1.22464679914735E-16,-1.,0.));
#6039=DIRECTION('ref_axis',(0.,0.,1.));
#6040=DIRECTION('',(0.,0.,-1.));
#6041=DIRECTION('',(0.,0.,-1.));
#6042=DIRECTION('center_axis',(-1.,1.22464679914735E-16,0.));
#6043=DIRECTION('ref_axis',(0.,0.,-1.));
#6044=DIRECTION('',(0.,0.,-1.));
#6045=DIRECTION('center_axis',(1.22464679914735E-16,1.,0.));
#6046=DIRECTION('ref_axis',(0.,0.,-1.));
#6047=DIRECTION('',(0.,0.,-1.));
#6048=DIRECTION('center_axis',(1.,-1.22464679914735E-16,0.));
#6049=DIRECTION('ref_axis',(0.,0.,1.));
#6050=DIRECTION('center_axis',(0.,0.,1.));
#6051=DIRECTION('ref_axis',(-1.,1.22464679914735E-16,0.));
#6052=DIRECTION('',(-1.22464679914735E-16,-1.,0.));
#6053=DIRECTION('',(1.,-1.22464679914735E-16,0.));
#6054=DIRECTION('',(1.22464679914735E-16,1.,0.));
#6055=DIRECTION('',(-1.,1.22464679914735E-16,0.));
#6056=DIRECTION('center_axis',(0.,0.,1.));
#6057=DIRECTION('ref_axis',(-1.,1.22464679914735E-16,0.));
#6058=DIRECTION('',(1.22464679914735E-16,1.,0.));
#6059=DIRECTION('',(1.,-1.22464679914735E-16,0.));
#6060=DIRECTION('',(-1.22464679914735E-16,-1.,0.));
#6061=DIRECTION('',(-1.,1.22464679914735E-16,0.));
#6062=DIRECTION('center_axis',(-1.22464679914735E-16,-1.,0.));
#6063=DIRECTION('ref_axis',(0.,0.,1.));
#6064=DIRECTION('',(0.,0.,-1.));
#6065=DIRECTION('',(0.,0.,-1.));
#6066=DIRECTION('center_axis',(-1.,1.22464679914735E-16,0.));
#6067=DIRECTION('ref_axis',(0.,0.,-1.));
#6068=DIRECTION('',(0.,0.,-1.));
#6069=DIRECTION('center_axis',(1.22464679914735E-16,1.,0.));
#6070=DIRECTION('ref_axis',(0.,0.,-1.));
#6071=DIRECTION('',(0.,0.,-1.));
#6072=DIRECTION('center_axis',(1.,-1.22464679914735E-16,0.));
#6073=DIRECTION('ref_axis',(0.,0.,1.));
#6074=DIRECTION('center_axis',(0.,0.,1.));
#6075=DIRECTION('ref_axis',(-1.,1.22464679914735E-16,0.));
#6076=DIRECTION('',(-1.22464679914735E-16,-1.,0.));
#6077=DIRECTION('',(1.,-1.22464679914735E-16,0.));
#6078=DIRECTION('',(1.22464679914735E-16,1.,0.));
#6079=DIRECTION('',(-1.,1.22464679914735E-16,0.));
#6080=DIRECTION('center_axis',(0.,0.,1.));
#6081=DIRECTION('ref_axis',(-1.,1.22464679914735E-16,0.));
#6082=DIRECTION('',(1.22464679914735E-16,1.,0.));
#6083=DIRECTION('',(1.,-1.22464679914735E-16,0.));
#6084=DIRECTION('',(-1.22464679914735E-16,-1.,0.));
#6085=DIRECTION('',(-1.,1.22464679914735E-16,0.));
#6086=DIRECTION('center_axis',(-1.22464679914735E-16,-1.,0.));
#6087=DIRECTION('ref_axis',(0.,0.,1.));
#6088=DIRECTION('',(0.,0.,-1.));
#6089=DIRECTION('',(0.,0.,-1.));
#6090=DIRECTION('center_axis',(-1.,1.22464679914735E-16,0.));
#6091=DIRECTION('ref_axis',(0.,0.,-1.));
#6092=DIRECTION('',(0.,0.,-1.));
#6093=DIRECTION('center_axis',(1.22464679914735E-16,1.,0.));
#6094=DIRECTION('ref_axis',(0.,0.,-1.));
#6095=DIRECTION('',(0.,0.,-1.));
#6096=DIRECTION('center_axis',(1.,-1.22464679914735E-16,0.));
#6097=DIRECTION('ref_axis',(0.,0.,1.));
#6098=DIRECTION('center_axis',(0.,0.,-1.));
#6099=DIRECTION('ref_axis',(-1.,1.22464679914735E-16,0.));
#6100=DIRECTION('center_axis',(0.,0.,1.));
#6101=DIRECTION('ref_axis',(-1.,1.22464679914735E-16,0.));
#6102=DIRECTION('',(0.391140640344852,0.,-0.920330918458475));
#6103=DIRECTION('center_axis',(0.,0.,-1.));
#6104=DIRECTION('ref_axis',(-1.,1.22464679914735E-16,0.));
#6105=DIRECTION('center_axis',(0.,0.,-1.));
#6106=DIRECTION('ref_axis',(1.,-1.22464679914735E-16,0.));
#6107=DIRECTION('center_axis',(0.,0.,1.));
#6108=DIRECTION('ref_axis',(-1.,1.22464679914735E-16,0.));
#6109=DIRECTION('center_axis',(0.,0.,-1.));
#6110=DIRECTION('ref_axis',(-1.,1.22464679914735E-16,0.));
#6111=DIRECTION('center_axis',(0.,0.,1.));
#6112=DIRECTION('ref_axis',(-1.,1.22464679914735E-16,0.));
#6113=DIRECTION('',(0.391140640344852,0.,-0.920330918458475));
#6114=DIRECTION('center_axis',(0.,0.,-1.));
#6115=DIRECTION('ref_axis',(-1.,1.22464679914735E-16,0.));
#6116=DIRECTION('center_axis',(0.,0.,-1.));
#6117=DIRECTION('ref_axis',(1.,-1.22464679914735E-16,0.));
#6118=DIRECTION('center_axis',(0.,0.,1.));
#6119=DIRECTION('ref_axis',(-1.,1.22464679914735E-16,0.));
#6120=DIRECTION('center_axis',(0.,0.,-1.));
#6121=DIRECTION('ref_axis',(-1.,1.22464679914735E-16,0.));
#6122=DIRECTION('center_axis',(0.,0.,1.));
#6123=DIRECTION('ref_axis',(-1.,1.22464679914735E-16,0.));
#6124=DIRECTION('',(0.391140640344852,0.,-0.920330918458475));
#6125=DIRECTION('center_axis',(0.,0.,-1.));
#6126=DIRECTION('ref_axis',(-1.,1.22464679914735E-16,0.));
#6127=DIRECTION('center_axis',(0.,0.,-1.));
#6128=DIRECTION('ref_axis',(1.,-1.22464679914735E-16,0.));
#6129=DIRECTION('center_axis',(0.,0.,1.));
#6130=DIRECTION('ref_axis',(-1.,1.22464679914735E-16,0.));
#6131=DIRECTION('center_axis',(0.,0.,-1.));
#6132=DIRECTION('ref_axis',(-1.,1.22464679914735E-16,0.));
#6133=DIRECTION('center_axis',(0.,0.,1.));
#6134=DIRECTION('ref_axis',(-1.,1.22464679914735E-16,0.));
#6135=DIRECTION('',(0.391140640344852,0.,-0.920330918458475));
#6136=DIRECTION('center_axis',(0.,0.,-1.));
#6137=DIRECTION('ref_axis',(-1.,1.22464679914735E-16,0.));
#6138=DIRECTION('center_axis',(0.,0.,-1.));
#6139=DIRECTION('ref_axis',(1.,-1.22464679914735E-16,0.));
#6140=DIRECTION('center_axis',(0.,0.,1.));
#6141=DIRECTION('ref_axis',(-1.,1.22464679914735E-16,0.));
#6142=DIRECTION('center_axis',(0.,0.,-1.));
#6143=DIRECTION('ref_axis',(-1.,1.22464679914735E-16,0.));
#6144=DIRECTION('center_axis',(0.,0.,1.));
#6145=DIRECTION('ref_axis',(-1.,1.22464679914735E-16,0.));
#6146=DIRECTION('',(0.391140640344852,0.,-0.920330918458475));
#6147=DIRECTION('center_axis',(0.,0.,-1.));
#6148=DIRECTION('ref_axis',(-1.,1.22464679914735E-16,0.));
#6149=DIRECTION('center_axis',(0.,0.,-1.));
#6150=DIRECTION('ref_axis',(1.,-1.22464679914735E-16,0.));
#6151=DIRECTION('center_axis',(0.,0.,1.));
#6152=DIRECTION('ref_axis',(-1.,1.22464679914735E-16,0.));
#6153=DIRECTION('center_axis',(0.,0.,-1.));
#6154=DIRECTION('ref_axis',(-1.,1.22464679914735E-16,0.));
#6155=DIRECTION('center_axis',(0.,0.,1.));
#6156=DIRECTION('ref_axis',(-1.,1.22464679914735E-16,0.));
#6157=DIRECTION('',(0.391140640344852,0.,-0.920330918458475));
#6158=DIRECTION('center_axis',(0.,0.,-1.));
#6159=DIRECTION('ref_axis',(-1.,1.22464679914735E-16,0.));
#6160=DIRECTION('center_axis',(0.,0.,-1.));
#6161=DIRECTION('ref_axis',(1.,-1.22464679914735E-16,0.));
#6162=DIRECTION('center_axis',(0.,0.,1.));
#6163=DIRECTION('ref_axis',(-1.,1.22464679914735E-16,0.));
#6164=DIRECTION('center_axis',(0.,0.,-1.));
#6165=DIRECTION('ref_axis',(-1.,1.22464679914735E-16,0.));
#6166=DIRECTION('center_axis',(0.,0.,1.));
#6167=DIRECTION('ref_axis',(-1.,1.22464679914735E-16,0.));
#6168=DIRECTION('',(0.391140640344852,0.,-0.920330918458475));
#6169=DIRECTION('center_axis',(0.,0.,-1.));
#6170=DIRECTION('ref_axis',(-1.,1.22464679914735E-16,0.));
#6171=DIRECTION('center_axis',(0.,0.,-1.));
#6172=DIRECTION('ref_axis',(1.,-1.22464679914735E-16,0.));
#6173=DIRECTION('center_axis',(0.,0.,1.));
#6174=DIRECTION('ref_axis',(-1.,1.22464679914735E-16,0.));
#6175=DIRECTION('center_axis',(0.,0.,-1.));
#6176=DIRECTION('ref_axis',(-1.,1.22464679914735E-16,0.));
#6177=DIRECTION('center_axis',(0.,0.,1.));
#6178=DIRECTION('ref_axis',(-1.,1.22464679914735E-16,0.));
#6179=DIRECTION('',(0.391140640344852,0.,-0.920330918458475));
#6180=DIRECTION('center_axis',(0.,0.,-1.));
#6181=DIRECTION('ref_axis',(-1.,1.22464679914735E-16,0.));
#6182=DIRECTION('center_axis',(0.,0.,-1.));
#6183=DIRECTION('ref_axis',(1.,-1.22464679914735E-16,0.));
#6184=DIRECTION('center_axis',(0.,0.,1.));
#6185=DIRECTION('ref_axis',(-1.,1.22464679914735E-16,0.));
#6186=DIRECTION('axis',(0.,0.,1.));
#6187=DIRECTION('refdir',(1.,0.,0.));
#6188=DIRECTION('center_axis',(0.,0.,1.));
#6189=DIRECTION('ref_axis',(-1.,1.22464679914735E-16,0.));
#6190=DIRECTION('',(-1.,1.22464679914735E-16,0.));
#6191=DIRECTION('',(1.22464679914735E-16,1.,0.));
#6192=DIRECTION('',(1.,-1.22464679914735E-16,0.));
#6193=DIRECTION('',(-1.22464679914735E-16,-1.,0.));
#6194=DIRECTION('center_axis',(1.22464679914735E-16,1.,0.));
#6195=DIRECTION('ref_axis',(0.,0.,-1.));
#6196=DIRECTION('',(-1.,1.22464679914735E-16,0.));
#6197=DIRECTION('',(0.,0.,-1.));
#6198=DIRECTION('',(1.,-1.22464679914735E-16,0.));
#6199=DIRECTION('',(0.,0.,-1.));
#6200=DIRECTION('center_axis',(-1.,1.22464679914735E-16,0.));
#6201=DIRECTION('ref_axis',(0.,0.,-1.));
#6202=DIRECTION('',(0.,0.,-1.));
#6203=DIRECTION('',(1.22464679914735E-16,1.,0.));
#6204=DIRECTION('',(-1.22464679914735E-16,-1.,0.));
#6205=DIRECTION('',(0.,0.,-1.));
#6206=DIRECTION('',(1.22464679914735E-16,1.,0.));
#6207=DIRECTION('',(0.,0.,-1.));
#6208=DIRECTION('center_axis',(-1.22464679914735E-16,-1.,0.));
#6209=DIRECTION('ref_axis',(0.,0.,1.));
#6210=DIRECTION('',(0.,0.,-1.));
#6211=DIRECTION('',(-1.,1.22464679914735E-16,0.));
#6212=DIRECTION('center_axis',(-1.22464679914735E-16,-1.,0.));
#6213=DIRECTION('ref_axis',(0.,0.,1.));
#6214=DIRECTION('',(1.,-1.22464679914735E-16,0.));
#6215=DIRECTION('',(0.,0.,-1.));
#6216=DIRECTION('',(-1.,1.22464679914735E-16,0.));
#6217=DIRECTION('center_axis',(1.22464679914735E-16,1.,0.));
#6218=DIRECTION('ref_axis',(0.,0.,-1.));
#6219=DIRECTION('',(1.,-1.22464679914735E-16,0.));
#6220=DIRECTION('',(0.,0.,-1.));
#6221=DIRECTION('center_axis',(0.,0.,1.));
#6222=DIRECTION('ref_axis',(-1.,1.22464679914735E-16,0.));
#6223=DIRECTION('',(1.22464679914735E-16,1.,0.));
#6224=DIRECTION('center_axis',(1.,-1.22464679914735E-16,0.));
#6225=DIRECTION('ref_axis',(0.,0.,1.));
#6226=DIRECTION('',(-1.22464679914735E-16,-1.,0.));
#6227=DIRECTION('',(-1.22464679914735E-16,-1.,0.));
#6228=DIRECTION('center_axis',(0.,0.,1.));
#6229=DIRECTION('ref_axis',(-1.,1.22464679914735E-16,0.));
#6230=DIRECTION('',(-1.,1.22464679914735E-16,0.));
#6231=DIRECTION('',(1.22464679914735E-16,1.,0.));
#6232=DIRECTION('',(1.,-1.22464679914735E-16,0.));
#6233=DIRECTION('',(-1.22464679914735E-16,-1.,0.));
#6234=DIRECTION('center_axis',(1.22464679914735E-16,1.,0.));
#6235=DIRECTION('ref_axis',(0.,0.,-1.));
#6236=DIRECTION('',(-1.,1.22464679914735E-16,0.));
#6237=DIRECTION('',(0.,0.,-1.));
#6238=DIRECTION('',(1.,-1.22464679914735E-16,0.));
#6239=DIRECTION('',(0.,0.,-1.));
#6240=DIRECTION('center_axis',(-1.,1.22464679914735E-16,0.));
#6241=DIRECTION('ref_axis',(0.,0.,-1.));
#6242=DIRECTION('',(0.,0.,-1.));
#6243=DIRECTION('',(1.22464679914735E-16,1.,0.));
#6244=DIRECTION('',(-1.22464679914735E-16,-1.,0.));
#6245=DIRECTION('',(0.,0.,-1.));
#6246=DIRECTION('',(1.22464679914735E-16,1.,0.));
#6247=DIRECTION('',(0.,0.,-1.));
#6248=DIRECTION('center_axis',(-1.22464679914735E-16,-1.,0.));
#6249=DIRECTION('ref_axis',(0.,0.,1.));
#6250=DIRECTION('',(0.,0.,-1.));
#6251=DIRECTION('',(-1.,1.22464679914735E-16,0.));
#6252=DIRECTION('center_axis',(-1.22464679914735E-16,-1.,0.));
#6253=DIRECTION('ref_axis',(0.,0.,1.));
#6254=DIRECTION('',(1.,-1.22464679914735E-16,0.));
#6255=DIRECTION('',(0.,0.,-1.));
#6256=DIRECTION('',(-1.,1.22464679914735E-16,0.));
#6257=DIRECTION('center_axis',(1.22464679914735E-16,1.,0.));
#6258=DIRECTION('ref_axis',(0.,0.,-1.));
#6259=DIRECTION('',(1.,-1.22464679914735E-16,0.));
#6260=DIRECTION('',(0.,0.,-1.));
#6261=DIRECTION('center_axis',(0.,0.,1.));
#6262=DIRECTION('ref_axis',(-1.,1.22464679914735E-16,0.));
#6263=DIRECTION('',(1.22464679914735E-16,1.,0.));
#6264=DIRECTION('center_axis',(1.,-1.22464679914735E-16,0.));
#6265=DIRECTION('ref_axis',(0.,0.,1.));
#6266=DIRECTION('',(-1.22464679914735E-16,-1.,0.));
#6267=DIRECTION('',(-1.22464679914735E-16,-1.,0.));
#6268=DIRECTION('center_axis',(0.,0.,1.));
#6269=DIRECTION('ref_axis',(-1.,1.22464679914735E-16,0.));
#6270=DIRECTION('',(-1.22464679914735E-16,-1.,0.));
#6271=DIRECTION('',(-1.,1.22464679914735E-16,0.));
#6272=DIRECTION('',(1.22464679914735E-16,1.,0.));
#6273=DIRECTION('',(1.,-1.22464679914735E-16,0.));
#6274=DIRECTION('center_axis',(-1.22464679914735E-16,-1.,0.));
#6275=DIRECTION('ref_axis',(0.,0.,1.));
#6276=DIRECTION('',(0.,0.,-1.));
#6277=DIRECTION('',(0.,0.,-1.));
#6278=DIRECTION('',(-1.,1.22464679914735E-16,0.));
#6279=DIRECTION('center_axis',(1.22464679914735E-16,1.,0.));
#6280=DIRECTION('ref_axis',(0.,0.,-1.));
#6281=DIRECTION('',(0.,0.,-1.));
#6282=DIRECTION('',(0.,0.,1.));
#6283=DIRECTION('',(1.,-1.22464679914735E-16,0.));
#6284=DIRECTION('center_axis',(1.,-1.22464679914735E-16,0.));
#6285=DIRECTION('ref_axis',(0.,0.,1.));
#6286=DIRECTION('',(-1.22464679914735E-16,-1.,0.));
#6287=DIRECTION('center_axis',(1.,-1.22464679914735E-16,0.));
#6288=DIRECTION('ref_axis',(0.,0.,1.));
#6289=DIRECTION('',(-1.22464679914735E-16,-1.,0.));
#6290=DIRECTION('',(0.,0.,-1.));
#6291=DIRECTION('',(-1.22464679914735E-16,-1.,0.));
#6292=DIRECTION('',(0.,0.,-1.));
#6293=DIRECTION('',(-1.22464679914735E-16,-1.,0.));
#6294=DIRECTION('center_axis',(0.,0.,1.));
#6295=DIRECTION('ref_axis',(-1.,1.22464679914735E-16,0.));
#6296=DIRECTION('',(-1.22464679914735E-16,-1.,0.));
#6297=DIRECTION('',(-1.,1.22464679914735E-16,0.));
#6298=DIRECTION('',(1.22464679914735E-16,1.,0.));
#6299=DIRECTION('',(1.,-1.22464679914735E-16,0.));
#6300=DIRECTION('center_axis',(-1.22464679914735E-16,-1.,0.));
#6301=DIRECTION('ref_axis',(0.,0.,1.));
#6302=DIRECTION('',(0.,0.,-1.));
#6303=DIRECTION('',(0.,0.,1.));
#6304=DIRECTION('',(-1.,1.22464679914735E-16,0.));
#6305=DIRECTION('center_axis',(-1.,1.22464679914735E-16,0.));
#6306=DIRECTION('ref_axis',(0.,0.,-1.));
#6307=DIRECTION('',(0.,0.,-1.));
#6308=DIRECTION('',(1.22464679914735E-16,1.,0.));
#6309=DIRECTION('center_axis',(1.22464679914735E-16,1.,0.));
#6310=DIRECTION('ref_axis',(0.,0.,-1.));
#6311=DIRECTION('',(0.,0.,-1.));
#6312=DIRECTION('',(1.,-1.22464679914735E-16,0.));
#6313=DIRECTION('center_axis',(-1.,1.22464679914735E-16,0.));
#6314=DIRECTION('ref_axis',(0.,0.,-1.));
#6315=DIRECTION('',(1.22464679914735E-16,1.,0.));
#6316=DIRECTION('',(0.,0.,-1.));
#6317=DIRECTION('',(1.22464679914735E-16,1.,0.));
#6318=DIRECTION('',(0.,0.,-1.));
#6319=DIRECTION('',(1.22464679914735E-16,1.,0.));
#6320=DIRECTION('center_axis',(1.,-1.22464679914735E-16,0.));
#6321=DIRECTION('ref_axis',(0.,0.,1.));
#6322=DIRECTION('',(0.,0.,-1.));
#6323=DIRECTION('',(-1.22464679914735E-16,-1.,0.));
#6324=DIRECTION('',(0.,0.,1.));
#6325=DIRECTION('',(-1.22464679914735E-16,-1.,0.));
#6326=DIRECTION('',(0.,0.,1.));
#6327=DIRECTION('',(-1.22464679914735E-16,-1.,0.));
#6328=DIRECTION('',(0.,0.,-1.));
#6329=DIRECTION('',(-1.22464679914735E-16,-1.,0.));
#6330=DIRECTION('center_axis',(0.,0.,1.));
#6331=DIRECTION('ref_axis',(-1.,1.22464679914735E-16,0.));
#6332=DIRECTION('center_axis',(0.,0.,1.));
#6333=DIRECTION('ref_axis',(-1.,1.22464679914735E-16,0.));
#6334=DIRECTION('',(1.22464679914735E-16,1.,0.));
#6335=DIRECTION('center_axis',(0.,0.,1.));
#6336=DIRECTION('ref_axis',(-1.,1.22464679914735E-16,0.));
#6337=DIRECTION('center_axis',(-1.,1.22464679914735E-16,0.));
#6338=DIRECTION('ref_axis',(0.,0.,-1.));
#6339=DIRECTION('',(0.,0.,1.));
#6340=DIRECTION('',(1.22464679914735E-16,1.,0.));
#6341=DIRECTION('',(0.,0.,1.));
#6342=DIRECTION('',(1.22464679914735E-16,1.,0.));
#6343=DIRECTION('',(0.,0.,-1.));
#6344=DIRECTION('',(1.22464679914735E-16,1.,0.));
#6345=DIRECTION('',(0.,0.,-1.));
#6346=DIRECTION('center_axis',(0.,0.,1.));
#6347=DIRECTION('ref_axis',(-1.,1.22464679914735E-16,0.));
#6348=DIRECTION('center_axis',(0.,0.,1.));
#6349=DIRECTION('ref_axis',(-1.,1.22464679914735E-16,0.));
#6350=DIRECTION('center_axis',(0.,0.,1.));
#6351=DIRECTION('ref_axis',(-1.,1.22464679914735E-16,0.));
#6352=DIRECTION('center_axis',(0.,0.,1.));
#6353=DIRECTION('ref_axis',(-1.,1.22464679914735E-16,0.));
#6354=DIRECTION('',(0.,0.,-1.));
#6355=DIRECTION('center_axis',(0.,0.,-1.));
#6356=DIRECTION('ref_axis',(-1.,1.22464679914735E-16,0.));
#6357=DIRECTION('center_axis',(0.,0.,-1.));
#6358=DIRECTION('ref_axis',(-1.,1.22464679914735E-16,0.));
#6359=DIRECTION('center_axis',(0.,0.,-1.));
#6360=DIRECTION('ref_axis',(-1.,1.22464679914735E-16,0.));
#6361=DIRECTION('center_axis',(0.,0.,-1.));
#6362=DIRECTION('ref_axis',(1.,-1.22464679914735E-16,0.));
#6363=DIRECTION('center_axis',(0.,0.,-1.));
#6364=DIRECTION('ref_axis',(-1.,1.22464679914735E-16,0.));
#6365=DIRECTION('center_axis',(0.,0.,-1.));
#6366=DIRECTION('ref_axis',(1.,-1.22464679914735E-16,0.));
#6367=DIRECTION('center_axis',(0.,0.,-1.));
#6368=DIRECTION('ref_axis',(-1.,1.22464679914735E-16,0.));
#6369=DIRECTION('center_axis',(0.,0.,1.));
#6370=DIRECTION('ref_axis',(-1.,1.22464679914735E-16,0.));
#6371=DIRECTION('center_axis',(0.,0.,-1.));
#6372=DIRECTION('ref_axis',(-1.,1.22464679914735E-16,0.));
#6373=DIRECTION('center_axis',(0.,0.,1.));
#6374=DIRECTION('ref_axis',(1.,0.,0.));
#6375=DIRECTION('center_axis',(0.,0.,-1.));
#6376=DIRECTION('ref_axis',(-1.,1.22464679914735E-16,0.));
#6377=DIRECTION('center_axis',(0.,0.,-1.));
#6378=DIRECTION('ref_axis',(-1.,1.22464679914735E-16,0.));
#6379=DIRECTION('center_axis',(0.,0.,-1.));
#6380=DIRECTION('ref_axis',(-1.,1.22464679914735E-16,0.));
#6381=DIRECTION('center_axis',(0.,0.,-1.));
#6382=DIRECTION('ref_axis',(1.,0.,0.));
#6383=DIRECTION('center_axis',(0.,0.,-1.));
#6384=DIRECTION('ref_axis',(-1.,1.22464679914735E-16,0.));
#6385=DIRECTION('center_axis',(0.,0.,-1.));
#6386=DIRECTION('ref_axis',(-1.,1.22464679914735E-16,0.));
#6387=DIRECTION('center_axis',(0.,0.,-1.));
#6388=DIRECTION('ref_axis',(-1.,1.22464679914735E-16,0.));
#6389=DIRECTION('center_axis',(0.,0.,1.));
#6390=DIRECTION('ref_axis',(-1.,1.22464679914735E-16,0.));
#6391=DIRECTION('center_axis',(0.,0.,1.));
#6392=DIRECTION('ref_axis',(1.,0.,0.));
#6393=DIRECTION('center_axis',(0.,0.,-1.));
#6394=DIRECTION('ref_axis',(-1.,1.22464679914735E-16,0.));
#6395=DIRECTION('center_axis',(0.,0.,-1.));
#6396=DIRECTION('ref_axis',(-1.,1.22464679914735E-16,0.));
#6397=DIRECTION('center_axis',(0.,0.,1.));
#6398=DIRECTION('ref_axis',(-1.,1.22464679914735E-16,0.));
#6399=DIRECTION('',(-1.,1.22464679914735E-16,0.));
#6400=DIRECTION('center_axis',(1.,-1.22464679914735E-16,0.));
#6401=DIRECTION('ref_axis',(0.,0.,1.));
#6402=DIRECTION('',(0.,0.,-1.));
#6403=DIRECTION('',(-1.22464679914735E-16,-1.,0.));
#6404=DIRECTION('',(0.,0.,1.));
#6405=DIRECTION('',(-1.22464679914735E-16,-1.,0.));
#6406=DIRECTION('',(0.,0.,1.));
#6407=DIRECTION('',(-1.22464679914735E-16,-1.,0.));
#6408=DIRECTION('',(0.,0.,-1.));
#6409=DIRECTION('',(-1.22464679914735E-16,-1.,0.));
#6410=DIRECTION('center_axis',(0.,0.,1.));
#6411=DIRECTION('ref_axis',(-1.,1.22464679914735E-16,0.));
#6412=DIRECTION('center_axis',(0.,0.,1.));
#6413=DIRECTION('ref_axis',(-1.,1.22464679914735E-16,0.));
#6414=DIRECTION('',(1.22464679914735E-16,1.,0.));
#6415=DIRECTION('center_axis',(0.,0.,1.));
#6416=DIRECTION('ref_axis',(-1.,1.22464679914735E-16,0.));
#6417=DIRECTION('center_axis',(-1.,1.22464679914735E-16,0.));
#6418=DIRECTION('ref_axis',(0.,0.,-1.));
#6419=DIRECTION('',(0.,0.,1.));
#6420=DIRECTION('',(1.22464679914735E-16,1.,0.));
#6421=DIRECTION('',(0.,0.,1.));
#6422=DIRECTION('',(1.22464679914735E-16,1.,0.));
#6423=DIRECTION('',(0.,0.,-1.));
#6424=DIRECTION('',(1.22464679914735E-16,1.,0.));
#6425=DIRECTION('',(0.,0.,-1.));
#6426=DIRECTION('center_axis',(0.,0.,1.));
#6427=DIRECTION('ref_axis',(-1.,1.22464679914735E-16,0.));
#6428=DIRECTION('center_axis',(0.,0.,1.));
#6429=DIRECTION('ref_axis',(-1.,1.22464679914735E-16,0.));
#6430=DIRECTION('',(0.,0.,-1.));
#6431=DIRECTION('center_axis',(0.,0.,-1.));
#6432=DIRECTION('ref_axis',(-1.,1.22464679914735E-16,0.));
#6433=DIRECTION('center_axis',(0.,0.,-1.));
#6434=DIRECTION('ref_axis',(-1.,1.22464679914735E-16,0.));
#6435=DIRECTION('center_axis',(0.,0.,-1.));
#6436=DIRECTION('ref_axis',(-1.,1.22464679914735E-16,0.));
#6437=DIRECTION('center_axis',(0.,0.,-1.));
#6438=DIRECTION('ref_axis',(1.,-1.22464679914735E-16,0.));
#6439=DIRECTION('center_axis',(0.,0.,-1.));
#6440=DIRECTION('ref_axis',(-1.,1.22464679914735E-16,0.));
#6441=DIRECTION('center_axis',(0.,0.,-1.));
#6442=DIRECTION('ref_axis',(1.,-1.22464679914735E-16,0.));
#6443=DIRECTION('center_axis',(0.,0.,-1.));
#6444=DIRECTION('ref_axis',(-1.,1.22464679914735E-16,0.));
#6445=DIRECTION('center_axis',(0.,0.,1.));
#6446=DIRECTION('ref_axis',(-1.,1.22464679914735E-16,0.));
#6447=DIRECTION('center_axis',(0.,0.,-1.));
#6448=DIRECTION('ref_axis',(-1.,1.22464679914735E-16,0.));
#6449=DIRECTION('center_axis',(0.,0.,1.));
#6450=DIRECTION('ref_axis',(1.,0.,0.));
#6451=DIRECTION('center_axis',(0.,0.,-1.));
#6452=DIRECTION('ref_axis',(-1.,1.22464679914735E-16,0.));
#6453=DIRECTION('center_axis',(0.,0.,-1.));
#6454=DIRECTION('ref_axis',(-1.,1.22464679914735E-16,0.));
#6455=DIRECTION('center_axis',(0.,0.,-1.));
#6456=DIRECTION('ref_axis',(-1.,1.22464679914735E-16,0.));
#6457=DIRECTION('center_axis',(0.,0.,-1.));
#6458=DIRECTION('ref_axis',(1.,0.,0.));
#6459=DIRECTION('center_axis',(0.,0.,-1.));
#6460=DIRECTION('ref_axis',(-1.,1.22464679914735E-16,0.));
#6461=DIRECTION('center_axis',(0.,0.,-1.));
#6462=DIRECTION('ref_axis',(-1.,1.22464679914735E-16,0.));
#6463=DIRECTION('center_axis',(0.,0.,-1.));
#6464=DIRECTION('ref_axis',(-1.,1.22464679914735E-16,0.));
#6465=DIRECTION('center_axis',(0.,0.,1.));
#6466=DIRECTION('ref_axis',(-1.,1.22464679914735E-16,0.));
#6467=DIRECTION('center_axis',(0.,0.,1.));
#6468=DIRECTION('ref_axis',(1.,0.,0.));
#6469=DIRECTION('center_axis',(0.,0.,-1.));
#6470=DIRECTION('ref_axis',(-1.,1.22464679914735E-16,0.));
#6471=DIRECTION('center_axis',(0.,0.,-1.));
#6472=DIRECTION('ref_axis',(-1.,1.22464679914735E-16,0.));
#6473=DIRECTION('center_axis',(1.,-1.22464679914735E-16,0.));
#6474=DIRECTION('ref_axis',(0.,0.,1.));
#6475=DIRECTION('',(0.,0.,-1.));
#6476=DIRECTION('',(-1.22464679914735E-16,-1.,0.));
#6477=DIRECTION('',(0.,0.,1.));
#6478=DIRECTION('',(-1.22464679914735E-16,-1.,0.));
#6479=DIRECTION('',(0.,0.,1.));
#6480=DIRECTION('',(-1.22464679914735E-16,-1.,0.));
#6481=DIRECTION('',(0.,0.,-1.));
#6482=DIRECTION('',(-1.22464679914735E-16,-1.,0.));
#6483=DIRECTION('center_axis',(0.,0.,1.));
#6484=DIRECTION('ref_axis',(-1.,1.22464679914735E-16,0.));
#6485=DIRECTION('center_axis',(0.,0.,1.));
#6486=DIRECTION('ref_axis',(-1.,1.22464679914735E-16,0.));
#6487=DIRECTION('',(1.22464679914735E-16,1.,0.));
#6488=DIRECTION('center_axis',(0.,0.,1.));
#6489=DIRECTION('ref_axis',(-1.,1.22464679914735E-16,0.));
#6490=DIRECTION('center_axis',(-1.,1.22464679914735E-16,0.));
#6491=DIRECTION('ref_axis',(0.,0.,-1.));
#6492=DIRECTION('',(0.,0.,1.));
#6493=DIRECTION('',(1.22464679914735E-16,1.,0.));
#6494=DIRECTION('',(0.,0.,1.));
#6495=DIRECTION('',(1.22464679914735E-16,1.,0.));
#6496=DIRECTION('',(0.,0.,-1.));
#6497=DIRECTION('',(1.22464679914735E-16,1.,0.));
#6498=DIRECTION('',(0.,0.,-1.));
#6499=DIRECTION('center_axis',(0.,0.,1.));
#6500=DIRECTION('ref_axis',(-1.,1.22464679914735E-16,0.));
#6501=DIRECTION('center_axis',(0.,0.,1.));
#6502=DIRECTION('ref_axis',(-1.,1.22464679914735E-16,0.));
#6503=DIRECTION('center_axis',(0.,0.,1.));
#6504=DIRECTION('ref_axis',(-1.,1.22464679914735E-16,0.));
#6505=DIRECTION('center_axis',(0.,0.,1.));
#6506=DIRECTION('ref_axis',(-1.,1.22464679914735E-16,0.));
#6507=DIRECTION('',(0.,0.,-1.));
#6508=DIRECTION('center_axis',(0.,0.,-1.));
#6509=DIRECTION('ref_axis',(-1.,1.22464679914735E-16,0.));
#6510=DIRECTION('center_axis',(0.,0.,-1.));
#6511=DIRECTION('ref_axis',(-1.,1.22464679914735E-16,0.));
#6512=DIRECTION('center_axis',(0.,0.,-1.));
#6513=DIRECTION('ref_axis',(-1.,1.22464679914735E-16,0.));
#6514=DIRECTION('center_axis',(0.,0.,-1.));
#6515=DIRECTION('ref_axis',(1.,-1.22464679914735E-16,0.));
#6516=DIRECTION('center_axis',(0.,0.,-1.));
#6517=DIRECTION('ref_axis',(-1.,1.22464679914735E-16,0.));
#6518=DIRECTION('center_axis',(0.,0.,-1.));
#6519=DIRECTION('ref_axis',(1.,-1.22464679914735E-16,0.));
#6520=DIRECTION('center_axis',(0.,0.,-1.));
#6521=DIRECTION('ref_axis',(-1.,1.22464679914735E-16,0.));
#6522=DIRECTION('center_axis',(0.,0.,1.));
#6523=DIRECTION('ref_axis',(-1.,1.22464679914735E-16,0.));
#6524=DIRECTION('center_axis',(0.,0.,-1.));
#6525=DIRECTION('ref_axis',(-1.,1.22464679914735E-16,0.));
#6526=DIRECTION('center_axis',(0.,0.,1.));
#6527=DIRECTION('ref_axis',(1.,0.,0.));
#6528=DIRECTION('center_axis',(0.,0.,-1.));
#6529=DIRECTION('ref_axis',(-1.,1.22464679914735E-16,0.));
#6530=DIRECTION('center_axis',(0.,0.,-1.));
#6531=DIRECTION('ref_axis',(-1.,1.22464679914735E-16,0.));
#6532=DIRECTION('center_axis',(0.,0.,-1.));
#6533=DIRECTION('ref_axis',(-1.,1.22464679914735E-16,0.));
#6534=DIRECTION('center_axis',(0.,0.,-1.));
#6535=DIRECTION('ref_axis',(1.,0.,0.));
#6536=DIRECTION('center_axis',(0.,0.,-1.));
#6537=DIRECTION('ref_axis',(-1.,1.22464679914735E-16,0.));
#6538=DIRECTION('center_axis',(0.,0.,-1.));
#6539=DIRECTION('ref_axis',(-1.,1.22464679914735E-16,0.));
#6540=DIRECTION('center_axis',(0.,0.,-1.));
#6541=DIRECTION('ref_axis',(-1.,1.22464679914735E-16,0.));
#6542=DIRECTION('center_axis',(0.,0.,1.));
#6543=DIRECTION('ref_axis',(-1.,1.22464679914735E-16,0.));
#6544=DIRECTION('center_axis',(0.,0.,1.));
#6545=DIRECTION('ref_axis',(1.,0.,0.));
#6546=DIRECTION('center_axis',(0.,0.,-1.));
#6547=DIRECTION('ref_axis',(-1.,1.22464679914735E-16,0.));
#6548=DIRECTION('center_axis',(0.,0.,-1.));
#6549=DIRECTION('ref_axis',(-1.,1.22464679914735E-16,0.));
#6550=DIRECTION('center_axis',(0.,0.,1.));
#6551=DIRECTION('ref_axis',(-1.,1.22464679914735E-16,0.));
#6552=DIRECTION('',(-1.,1.22464679914735E-16,0.));
#6553=DIRECTION('center_axis',(1.,-1.22464679914735E-16,0.));
#6554=DIRECTION('ref_axis',(0.,0.,1.));
#6555=DIRECTION('',(0.,0.,-1.));
#6556=DIRECTION('',(-1.22464679914735E-16,-1.,0.));
#6557=DIRECTION('',(0.,0.,1.));
#6558=DIRECTION('',(-1.22464679914735E-16,-1.,0.));
#6559=DIRECTION('',(0.,0.,1.));
#6560=DIRECTION('',(-1.22464679914735E-16,-1.,0.));
#6561=DIRECTION('',(0.,0.,-1.));
#6562=DIRECTION('',(-1.22464679914735E-16,-1.,0.));
#6563=DIRECTION('center_axis',(0.,0.,1.));
#6564=DIRECTION('ref_axis',(-1.,1.22464679914735E-16,0.));
#6565=DIRECTION('center_axis',(0.,0.,1.));
#6566=DIRECTION('ref_axis',(-1.,1.22464679914735E-16,0.));
#6567=DIRECTION('',(1.22464679914735E-16,1.,0.));
#6568=DIRECTION('center_axis',(0.,0.,1.));
#6569=DIRECTION('ref_axis',(-1.,1.22464679914735E-16,0.));
#6570=DIRECTION('center_axis',(-1.,1.22464679914735E-16,0.));
#6571=DIRECTION('ref_axis',(0.,0.,-1.));
#6572=DIRECTION('',(0.,0.,1.));
#6573=DIRECTION('',(1.22464679914735E-16,1.,0.));
#6574=DIRECTION('',(0.,0.,1.));
#6575=DIRECTION('',(1.22464679914735E-16,1.,0.));
#6576=DIRECTION('',(0.,0.,-1.));
#6577=DIRECTION('',(1.22464679914735E-16,1.,0.));
#6578=DIRECTION('',(0.,0.,-1.));
#6579=DIRECTION('center_axis',(0.,0.,1.));
#6580=DIRECTION('ref_axis',(-1.,1.22464679914735E-16,0.));
#6581=DIRECTION('center_axis',(0.,0.,1.));
#6582=DIRECTION('ref_axis',(-1.,1.22464679914735E-16,0.));
#6583=DIRECTION('',(0.,0.,-1.));
#6584=DIRECTION('center_axis',(0.,0.,-1.));
#6585=DIRECTION('ref_axis',(-1.,1.22464679914735E-16,0.));
#6586=DIRECTION('center_axis',(0.,0.,-1.));
#6587=DIRECTION('ref_axis',(-1.,1.22464679914735E-16,0.));
#6588=DIRECTION('center_axis',(0.,0.,-1.));
#6589=DIRECTION('ref_axis',(-1.,1.22464679914735E-16,0.));
#6590=DIRECTION('center_axis',(0.,0.,-1.));
#6591=DIRECTION('ref_axis',(1.,-1.22464679914735E-16,0.));
#6592=DIRECTION('center_axis',(0.,0.,-1.));
#6593=DIRECTION('ref_axis',(-1.,1.22464679914735E-16,0.));
#6594=DIRECTION('center_axis',(0.,0.,-1.));
#6595=DIRECTION('ref_axis',(1.,-1.22464679914735E-16,0.));
#6596=DIRECTION('center_axis',(0.,0.,-1.));
#6597=DIRECTION('ref_axis',(-1.,1.22464679914735E-16,0.));
#6598=DIRECTION('center_axis',(0.,0.,1.));
#6599=DIRECTION('ref_axis',(-1.,1.22464679914735E-16,0.));
#6600=DIRECTION('center_axis',(0.,0.,-1.));
#6601=DIRECTION('ref_axis',(-1.,1.22464679914735E-16,0.));
#6602=DIRECTION('center_axis',(0.,0.,1.));
#6603=DIRECTION('ref_axis',(1.,0.,0.));
#6604=DIRECTION('center_axis',(0.,0.,-1.));
#6605=DIRECTION('ref_axis',(-1.,1.22464679914735E-16,0.));
#6606=DIRECTION('center_axis',(0.,0.,-1.));
#6607=DIRECTION('ref_axis',(-1.,1.22464679914735E-16,0.));
#6608=DIRECTION('center_axis',(0.,0.,-1.));
#6609=DIRECTION('ref_axis',(-1.,1.22464679914735E-16,0.));
#6610=DIRECTION('center_axis',(0.,0.,-1.));
#6611=DIRECTION('ref_axis',(1.,0.,0.));
#6612=DIRECTION('center_axis',(0.,0.,-1.));
#6613=DIRECTION('ref_axis',(-1.,1.22464679914735E-16,0.));
#6614=DIRECTION('center_axis',(0.,0.,-1.));
#6615=DIRECTION('ref_axis',(-1.,1.22464679914735E-16,0.));
#6616=DIRECTION('center_axis',(0.,0.,-1.));
#6617=DIRECTION('ref_axis',(-1.,1.22464679914735E-16,0.));
#6618=DIRECTION('center_axis',(0.,0.,1.));
#6619=DIRECTION('ref_axis',(-1.,1.22464679914735E-16,0.));
#6620=DIRECTION('center_axis',(0.,0.,1.));
#6621=DIRECTION('ref_axis',(1.,0.,0.));
#6622=DIRECTION('center_axis',(0.,0.,-1.));
#6623=DIRECTION('ref_axis',(-1.,1.22464679914735E-16,0.));
#6624=DIRECTION('center_axis',(0.,0.,-1.));
#6625=DIRECTION('ref_axis',(-1.,1.22464679914735E-16,0.));
#6626=DIRECTION('center_axis',(0.,0.,1.));
#6627=DIRECTION('ref_axis',(-1.,1.22464679914735E-16,0.));
#6628=DIRECTION('',(-1.,1.22464679914735E-16,0.));
#6629=DIRECTION('center_axis',(0.,0.,1.));
#6630=DIRECTION('ref_axis',(-1.,1.22464679914735E-16,0.));
#6631=DIRECTION('',(-1.,1.22464679914735E-16,0.));
#6632=DIRECTION('center_axis',(0.,0.,1.));
#6633=DIRECTION('ref_axis',(6.12323399573676E-17,-1.,0.));
#6634=DIRECTION('',(0.,0.,1.));
#6635=DIRECTION('center_axis',(0.,0.,1.));
#6636=DIRECTION('ref_axis',(-1.,1.22464679914735E-16,0.));
#6637=DIRECTION('',(0.,0.,-1.));
#6638=DIRECTION('center_axis',(1.22464679914735E-16,1.,0.));
#6639=DIRECTION('ref_axis',(0.,0.,-1.));
#6640=DIRECTION('',(1.,-1.22464679914735E-16,0.));
#6641=DIRECTION('',(0.,0.,-1.));
#6642=DIRECTION('',(-1.,1.22464679914735E-16,0.));
#6643=DIRECTION('',(0.,0.,-1.));
#6644=DIRECTION('',(1.,-1.22464679914735E-16,0.));
#6645=DIRECTION('center_axis',(0.,0.,1.));
#6646=DIRECTION('ref_axis',(-1.,1.22464679914735E-16,0.));
#6647=DIRECTION('center_axis',(0.,0.,1.));
#6648=DIRECTION('ref_axis',(-1.,1.22464679914735E-16,0.));
#6649=DIRECTION('',(0.,0.,1.));
#6650=DIRECTION('center_axis',(0.,0.,1.));
#6651=DIRECTION('ref_axis',(-1.,1.22464679914735E-16,0.));
#6652=DIRECTION('center_axis',(0.,0.,1.));
#6653=DIRECTION('ref_axis',(-1.,1.22464679914735E-16,0.));
#6654=DIRECTION('center_axis',(0.,0.,1.));
#6655=DIRECTION('ref_axis',(-1.,1.22464679914735E-16,0.));
#6656=DIRECTION('',(-1.,1.22464679914735E-16,0.));
#6657=DIRECTION('center_axis',(0.,0.,1.));
#6658=DIRECTION('ref_axis',(-1.,1.22464679914735E-16,0.));
#6659=DIRECTION('',(-1.,1.22464679914735E-16,0.));
#6660=DIRECTION('center_axis',(0.,0.,1.));
#6661=DIRECTION('ref_axis',(6.12323399573676E-17,-1.,0.));
#6662=DIRECTION('',(0.,0.,1.));
#6663=DIRECTION('center_axis',(0.,0.,1.));
#6664=DIRECTION('ref_axis',(-1.,1.22464679914735E-16,0.));
#6665=DIRECTION('',(0.,0.,-1.));
#6666=DIRECTION('center_axis',(1.22464679914735E-16,1.,0.));
#6667=DIRECTION('ref_axis',(0.,0.,-1.));
#6668=DIRECTION('',(1.,-1.22464679914735E-16,0.));
#6669=DIRECTION('',(0.,0.,1.));
#6670=DIRECTION('',(-1.,1.22464679914735E-16,0.));
#6671=DIRECTION('',(0.,0.,-1.));
#6672=DIRECTION('',(1.,-1.22464679914735E-16,0.));
#6673=DIRECTION('center_axis',(0.,0.,1.));
#6674=DIRECTION('ref_axis',(-1.,1.22464679914735E-16,0.));
#6675=DIRECTION('center_axis',(0.,0.,1.));
#6676=DIRECTION('ref_axis',(-1.,1.22464679914735E-16,0.));
#6677=DIRECTION('',(0.,0.,1.));
#6678=DIRECTION('center_axis',(0.,0.,1.));
#6679=DIRECTION('ref_axis',(-1.,1.22464679914735E-16,0.));
#6680=DIRECTION('center_axis',(0.,0.,1.));
#6681=DIRECTION('ref_axis',(-1.,1.22464679914735E-16,0.));
#6682=DIRECTION('center_axis',(0.,0.,1.));
#6683=DIRECTION('ref_axis',(-1.,1.22464679914735E-16,0.));
#6684=DIRECTION('center_axis',(0.,0.,1.));
#6685=DIRECTION('ref_axis',(-1.,1.22464679914735E-16,0.));
#6686=DIRECTION('',(0.,0.,1.));
#6687=DIRECTION('center_axis',(0.,0.,-1.));
#6688=DIRECTION('ref_axis',(-1.,1.22464679914735E-16,0.));
#6689=DIRECTION('center_axis',(0.,0.,1.));
#6690=DIRECTION('ref_axis',(-1.,1.22464679914735E-16,0.));
#6691=DIRECTION('center_axis',(0.,0.,-1.));
#6692=DIRECTION('ref_axis',(-1.,1.22464679914735E-16,0.));
#6693=DIRECTION('',(0.,0.,1.));
#6694=DIRECTION('center_axis',(0.,0.,-1.));
#6695=DIRECTION('ref_axis',(-1.,1.22464679914735E-16,0.));
#6696=DIRECTION('center_axis',(0.,0.,-1.));
#6697=DIRECTION('ref_axis',(1.,-1.22464679914735E-16,0.));
#6698=DIRECTION('center_axis',(0.,0.,1.));
#6699=DIRECTION('ref_axis',(-1.,1.22464679914735E-16,0.));
#6700=DIRECTION('center_axis',(0.,0.,-1.));
#6701=DIRECTION('ref_axis',(-1.,1.22464679914735E-16,0.));
#6702=DIRECTION('',(0.,0.,1.));
#6703=DIRECTION('center_axis',(0.,0.,-1.));
#6704=DIRECTION('ref_axis',(-1.,1.22464679914735E-16,0.));
#6705=DIRECTION('center_axis',(0.,0.,-1.));
#6706=DIRECTION('ref_axis',(1.,-1.22464679914735E-16,0.));
#6707=DIRECTION('center_axis',(0.,0.,1.));
#6708=DIRECTION('ref_axis',(-1.,1.22464679914735E-16,0.));
#6709=DIRECTION('center_axis',(0.,0.,1.));
#6710=DIRECTION('ref_axis',(-1.,1.22464679914735E-16,0.));
#6711=DIRECTION('',(0.,0.,1.));
#6712=DIRECTION('center_axis',(0.,0.,-1.));
#6713=DIRECTION('ref_axis',(-1.,1.22464679914735E-16,0.));
#6714=DIRECTION('center_axis',(0.,0.,1.));
#6715=DIRECTION('ref_axis',(-1.,1.22464679914735E-16,0.));
#6716=DIRECTION('center_axis',(0.,0.,-1.));
#6717=DIRECTION('ref_axis',(-1.,1.22464679914735E-16,0.));
#6718=DIRECTION('',(0.,0.,1.));
#6719=DIRECTION('center_axis',(0.,0.,-1.));
#6720=DIRECTION('ref_axis',(-1.,1.22464679914735E-16,0.));
#6721=DIRECTION('center_axis',(0.,0.,-1.));
#6722=DIRECTION('ref_axis',(1.,-1.22464679914735E-16,0.));
#6723=DIRECTION('center_axis',(0.,0.,1.));
#6724=DIRECTION('ref_axis',(-1.,1.22464679914735E-16,0.));
#6725=DIRECTION('center_axis',(0.,0.,-1.));
#6726=DIRECTION('ref_axis',(-1.,1.22464679914735E-16,0.));
#6727=DIRECTION('',(0.,0.,1.));
#6728=DIRECTION('center_axis',(0.,0.,-1.));
#6729=DIRECTION('ref_axis',(-1.,1.22464679914735E-16,0.));
#6730=DIRECTION('center_axis',(0.,0.,-1.));
#6731=DIRECTION('ref_axis',(1.,-1.22464679914735E-16,0.));
#6732=DIRECTION('center_axis',(-1.,1.22464679914735E-16,0.));
#6733=DIRECTION('ref_axis',(0.,0.,-1.));
#6734=DIRECTION('',(1.22464679914735E-16,1.,0.));
#6735=DIRECTION('',(0.,0.,-1.));
#6736=DIRECTION('',(-1.22464679914735E-16,-1.,0.));
#6737=DIRECTION('center_axis',(1.,-1.22464679914735E-16,0.));
#6738=DIRECTION('ref_axis',(0.,0.,1.));
#6739=DIRECTION('',(-1.22464679914735E-16,-1.,0.));
#6740=DIRECTION('',(1.22464679914735E-16,1.,0.));
#6741=DIRECTION('',(0.,0.,-1.));
#6742=DIRECTION('center_axis',(0.,0.,1.));
#6743=DIRECTION('ref_axis',(-1.,1.22464679914735E-16,0.));
#6744=DIRECTION('',(1.,-1.22464679914735E-16,0.));
#6745=DIRECTION('',(-1.,1.22464679914735E-16,0.));
#6746=DIRECTION('',(-1.22464679914735E-16,-1.,0.));
#6747=DIRECTION('',(-1.,1.22464679914735E-16,0.));
#6748=DIRECTION('',(-1.22464679914735E-16,-1.,0.));
#6749=DIRECTION('center_axis',(0.,0.,1.));
#6750=DIRECTION('ref_axis',(-1.,1.22464679914735E-16,0.));
#6751=DIRECTION('',(1.22464679914735E-16,1.,0.));
#6752=DIRECTION('',(-1.,1.22464679914735E-16,0.));
#6753=DIRECTION('',(1.22464679914735E-16,1.,0.));
#6754=DIRECTION('',(-1.,1.22464679914735E-16,0.));
#6755=DIRECTION('',(1.,-1.22464679914735E-16,0.));
#6756=DIRECTION('center_axis',(0.,0.,1.));
#6757=DIRECTION('ref_axis',(-1.,1.22464679914735E-16,0.));
#6758=DIRECTION('',(1.,-1.22464679914735E-16,0.));
#6759=DIRECTION('center_axis',(0.,0.,-1.));
#6760=DIRECTION('ref_axis',(-1.,1.22464679914735E-16,0.));
#6761=DIRECTION('',(-1.22464679914735E-16,-1.,0.));
#6762=DIRECTION('center_axis',(0.,0.,1.));
#6763=DIRECTION('ref_axis',(-1.,1.22464679914735E-16,0.));
#6764=DIRECTION('',(1.,-1.22464679914735E-16,0.));
#6765=DIRECTION('center_axis',(0.,0.,1.));
#6766=DIRECTION('ref_axis',(-1.,1.22464679914735E-16,0.));
#6767=DIRECTION('',(1.22464679914735E-16,1.,0.));
#6768=DIRECTION('center_axis',(0.,0.,-1.));
#6769=DIRECTION('ref_axis',(-1.,1.22464679914735E-16,0.));
#6770=DIRECTION('',(1.,-1.22464679914735E-16,0.));
#6771=DIRECTION('center_axis',(0.,0.,1.));
#6772=DIRECTION('ref_axis',(-1.,1.22464679914735E-16,0.));
#6773=DIRECTION('center_axis',(0.,0.,1.));
#6774=DIRECTION('ref_axis',(-1.,1.22464679914735E-16,0.));
#6775=DIRECTION('',(-1.,1.22464679914735E-16,0.));
#6776=DIRECTION('center_axis',(0.,0.,-1.));
#6777=DIRECTION('ref_axis',(-1.,1.22464679914735E-16,0.));
#6778=DIRECTION('',(1.22464679914735E-16,1.,0.));
#6779=DIRECTION('center_axis',(0.,0.,1.));
#6780=DIRECTION('ref_axis',(-1.,1.22464679914735E-16,0.));
#6781=DIRECTION('center_axis',(0.,0.,-1.));
#6782=DIRECTION('ref_axis',(-1.,1.22464679914735E-16,0.));
#6783=DIRECTION('',(1.22464679914735E-16,1.,0.));
#6784=DIRECTION('center_axis',(0.,0.,1.));
#6785=DIRECTION('ref_axis',(-1.,1.22464679914735E-16,0.));
#6786=DIRECTION('',(-1.,1.22464679914735E-16,0.));
#6787=DIRECTION('center_axis',(0.,0.,1.));
#6788=DIRECTION('ref_axis',(-1.,1.22464679914735E-16,0.));
#6789=DIRECTION('',(-1.22464679914735E-16,-1.,0.));
#6790=DIRECTION('center_axis',(0.,0.,-1.));
#6791=DIRECTION('ref_axis',(-1.,1.22464679914735E-16,0.));
#6792=DIRECTION('center_axis',(0.,0.,1.));
#6793=DIRECTION('ref_axis',(-1.,1.22464679914735E-16,0.));
#6794=DIRECTION('',(-1.22464679914735E-16,-1.,0.));
#6795=DIRECTION('center_axis',(0.,0.,-1.));
#6796=DIRECTION('ref_axis',(-1.,1.22464679914735E-16,0.));
#6797=DIRECTION('',(-1.,1.22464679914735E-16,0.));
#6798=DIRECTION('center_axis',(0.,0.,1.));
#6799=DIRECTION('ref_axis',(-1.,1.22464679914735E-16,0.));
#6800=DIRECTION('',(-1.,1.22464679914735E-16,0.));
#6801=DIRECTION('',(1.22464679914735E-16,1.,0.));
#6802=DIRECTION('',(1.,-1.22464679914735E-16,0.));
#6803=DIRECTION('',(1.22464679914735E-16,1.,0.));
#6804=DIRECTION('',(1.,-1.22464679914735E-16,0.));
#6805=DIRECTION('',(-1.22464679914735E-16,-1.,0.));
#6806=DIRECTION('',(1.,-1.22464679914735E-16,0.));
#6807=DIRECTION('',(-1.22464679914735E-16,-1.,0.));
#6808=DIRECTION('center_axis',(1.,-1.22464679914735E-16,0.));
#6809=DIRECTION('ref_axis',(0.,0.,1.));
#6810=DIRECTION('',(0.,0.,-1.));
#6811=DIRECTION('',(0.,0.,1.));
#6812=DIRECTION('center_axis',(-1.,1.22464679914735E-16,0.));
#6813=DIRECTION('ref_axis',(0.,0.,-1.));
#6814=DIRECTION('',(0.,0.,-1.));
#6815=DIRECTION('',(0.,0.,-1.));
#6816=DIRECTION('center_axis',(-1.22464679914735E-16,-1.,0.));
#6817=DIRECTION('ref_axis',(0.,0.,1.));
#6818=DIRECTION('',(0.,0.,-1.));
#6819=DIRECTION('center_axis',(-1.,1.22464679914735E-16,0.));
#6820=DIRECTION('ref_axis',(0.,0.,-1.));
#6821=DIRECTION('center_axis',(-1.22464679914735E-16,-1.,0.));
#6822=DIRECTION('ref_axis',(0.,0.,1.));
#6823=DIRECTION('',(0.,0.,-1.));
#6824=DIRECTION('center_axis',(1.,-1.22464679914735E-16,0.));
#6825=DIRECTION('ref_axis',(0.,0.,1.));
#6826=DIRECTION('center_axis',(1.22464679914735E-16,1.,0.));
#6827=DIRECTION('ref_axis',(0.,0.,-1.));
#6828=DIRECTION('',(1.,-1.22464679914735E-16,0.));
#6829=DIRECTION('center_axis',(-1.22464679914735E-16,-1.,0.));
#6830=DIRECTION('ref_axis',(0.,0.,1.));
#6831=DIRECTION('',(-1.,1.22464679914735E-16,0.));
#6832=DIRECTION('center_axis',(0.,0.,-1.));
#6833=DIRECTION('ref_axis',(1.,-1.22464679914735E-16,0.));
#6834=DIRECTION('center_axis',(0.,0.,-1.));
#6835=DIRECTION('ref_axis',(-1.,1.22464679914735E-16,0.));
#6836=DIRECTION('center_axis',(0.,0.,1.));
#6837=DIRECTION('ref_axis',(-1.,1.22464679914735E-16,0.));
#6838=DIRECTION('center_axis',(0.,0.,1.));
#6839=DIRECTION('ref_axis',(-1.,1.22464679914735E-16,0.));
#6840=DIRECTION('center_axis',(0.,0.,1.));
#6841=DIRECTION('ref_axis',(-1.,1.22464679914735E-16,0.));
#6842=DIRECTION('',(1.,-1.22464679914735E-16,0.));
#6843=DIRECTION('center_axis',(0.,0.,1.));
#6844=DIRECTION('ref_axis',(-1.,1.22464679914735E-16,0.));
#6845=DIRECTION('',(1.22464679914735E-16,1.,0.));
#6846=DIRECTION('center_axis',(0.,0.,1.));
#6847=DIRECTION('ref_axis',(-1.,1.22464679914735E-16,0.));
#6848=DIRECTION('',(-1.,1.22464679914735E-16,0.));
#6849=DIRECTION('center_axis',(0.,0.,-1.));
#6850=DIRECTION('ref_axis',(1.,-1.22464679914735E-16,0.));
#6851=DIRECTION('center_axis',(0.,0.,-1.));
#6852=DIRECTION('ref_axis',(-1.,1.22464679914735E-16,0.));
#6853=DIRECTION('center_axis',(0.,0.,1.));
#6854=DIRECTION('ref_axis',(-1.,1.22464679914735E-16,0.));
#6855=DIRECTION('center_axis',(0.,0.,1.));
#6856=DIRECTION('ref_axis',(-1.,1.22464679914735E-16,0.));
#6857=DIRECTION('',(0.,0.,-1.));
#6858=DIRECTION('',(0.,0.,-1.));
#6859=DIRECTION('center_axis',(-1.22464679914735E-16,-1.,0.));
#6860=DIRECTION('ref_axis',(0.,0.,1.));
#6861=DIRECTION('',(1.,-1.22464679914735E-16,0.));
#6862=DIRECTION('',(0.,0.,-1.));
#6863=DIRECTION('',(1.,-1.22464679914735E-16,0.));
#6864=DIRECTION('',(0.,0.,-1.));
#6865=DIRECTION('center_axis',(0.,0.,1.));
#6866=DIRECTION('ref_axis',(-1.,1.22464679914735E-16,0.));
#6867=DIRECTION('',(1.22464679914735E-16,1.,0.));
#6868=DIRECTION('center_axis',(0.,0.,-1.));
#6869=DIRECTION('ref_axis',(-1.,1.22464679914735E-16,0.));
#6870=DIRECTION('',(1.,-1.22464679914735E-16,0.));
#6871=DIRECTION('center_axis',(0.,0.,-1.));
#6872=DIRECTION('ref_axis',(-1.,1.22464679914735E-16,0.));
#6873=DIRECTION('',(-1.22464679914735E-16,-1.,0.));
#6874=DIRECTION('center_axis',(0.,0.,1.));
#6875=DIRECTION('ref_axis',(-1.,1.22464679914735E-16,0.));
#6876=DIRECTION('center_axis',(1.,-1.22464679914735E-16,0.));
#6877=DIRECTION('ref_axis',(0.,0.,1.));
#6878=DIRECTION('',(0.,0.,-1.));
#6879=DIRECTION('center_axis',(0.,0.,1.));
#6880=DIRECTION('ref_axis',(-1.,1.22464679914735E-16,0.));
#6881=DIRECTION('',(0.,0.,-1.));
#6882=DIRECTION('',(0.,0.,-1.));
#6883=DIRECTION('center_axis',(-1.,1.22464679914735E-16,0.));
#6884=DIRECTION('ref_axis',(0.,0.,-1.));
#6885=DIRECTION('',(0.,0.,-1.));
#6886=DIRECTION('center_axis',(0.,0.,1.));
#6887=DIRECTION('ref_axis',(-1.,1.22464679914735E-16,0.));
#6888=DIRECTION('',(0.,0.,-1.));
#6889=DIRECTION('center_axis',(0.,0.,1.));
#6890=DIRECTION('ref_axis',(-1.,1.22464679914735E-16,0.));
#6891=DIRECTION('',(0.,0.,-1.));
#6892=DIRECTION('center_axis',(-1.22464679914735E-16,-1.,0.));
#6893=DIRECTION('ref_axis',(0.,0.,1.));
#6894=DIRECTION('center_axis',(0.,0.,1.));
#6895=DIRECTION('ref_axis',(-1.,1.22464679914735E-16,0.));
#6896=DIRECTION('',(0.,0.,-1.));
#6897=DIRECTION('',(0.,0.,-1.));
#6898=DIRECTION('center_axis',(1.22464679914735E-16,1.,0.));
#6899=DIRECTION('ref_axis',(0.,0.,-1.));
#6900=DIRECTION('',(0.,0.,-1.));
#6901=DIRECTION('center_axis',(0.,0.,1.));
#6902=DIRECTION('ref_axis',(-1.,1.22464679914735E-16,0.));
#6903=DIRECTION('',(0.,0.,-1.));
#6904=DIRECTION('',(0.,0.,-1.));
#6905=DIRECTION('center_axis',(1.,-1.22464679914735E-16,0.));
#6906=DIRECTION('ref_axis',(0.,0.,1.));
#6907=DIRECTION('',(0.,0.,-1.));
#6908=DIRECTION('',(1.22464679914735E-16,1.,0.));
#6909=DIRECTION('',(0.,0.,-1.));
#6910=DIRECTION('center_axis',(0.,0.,1.));
#6911=DIRECTION('ref_axis',(-1.,1.22464679914735E-16,0.));
#6912=DIRECTION('center_axis',(0.,0.,1.));
#6913=DIRECTION('ref_axis',(-1.,1.22464679914735E-16,0.));
#6914=DIRECTION('',(0.,0.,-1.));
#6915=DIRECTION('',(0.,0.,-1.));
#6916=DIRECTION('center_axis',(-1.,1.22464679914735E-16,0.));
#6917=DIRECTION('ref_axis',(0.,0.,-1.));
#6918=DIRECTION('',(-1.22464679914735E-16,-1.,0.));
#6919=DIRECTION('',(0.,0.,-1.));
#6920=DIRECTION('',(-1.22464679914735E-16,-1.,0.));
#6921=DIRECTION('',(0.,0.,-1.));
#6922=DIRECTION('',(0.,0.,-1.));
#6923=DIRECTION('center_axis',(0.,0.,1.));
#6924=DIRECTION('ref_axis',(-1.,1.22464679914735E-16,0.));
#6925=DIRECTION('center_axis',(0.,0.,1.));
#6926=DIRECTION('ref_axis',(-1.,1.22464679914735E-16,0.));
#6927=DIRECTION('',(0.,0.,-1.));
#6928=DIRECTION('center_axis',(0.,0.,1.));
#6929=DIRECTION('ref_axis',(-1.,1.22464679914735E-16,0.));
#6930=DIRECTION('center_axis',(0.,0.,1.));
#6931=DIRECTION('ref_axis',(-1.,1.22464679914735E-16,0.));
#6932=DIRECTION('',(-1.,1.22464679914735E-16,0.));
#6933=DIRECTION('',(1.,-1.22464679914735E-16,0.));
#6934=DIRECTION('center_axis',(-1.22464679914735E-16,-1.,0.));
#6935=DIRECTION('ref_axis',(0.,0.,1.));
#6936=DIRECTION('',(0.,0.,-1.));
#6937=DIRECTION('center_axis',(-1.22464679914735E-16,-1.,0.));
#6938=DIRECTION('ref_axis',(0.,0.,1.));
#6939=DIRECTION('',(0.,0.,-1.));
#6940=DIRECTION('center_axis',(0.,0.,1.));
#6941=DIRECTION('ref_axis',(-1.,1.22464679914735E-16,0.));
#6942=DIRECTION('',(0.,0.,-1.));
#6943=DIRECTION('center_axis',(0.,0.,1.));
#6944=DIRECTION('ref_axis',(-1.,1.22464679914735E-16,0.));
#6945=DIRECTION('',(0.,0.,-1.));
#6946=DIRECTION('',(0.,0.,-1.));
#6947=DIRECTION('center_axis',(1.22464679914735E-16,1.,0.));
#6948=DIRECTION('ref_axis',(0.,0.,-1.));
#6949=DIRECTION('center_axis',(0.,0.,1.));
#6950=DIRECTION('ref_axis',(-1.,1.22464679914735E-16,0.));
#6951=DIRECTION('center_axis',(0.,0.,-1.));
#6952=DIRECTION('ref_axis',(-1.,1.22464679914735E-16,0.));
#6953=DIRECTION('',(0.,0.,-1.));
#6954=DIRECTION('center_axis',(0.,0.,1.));
#6955=DIRECTION('ref_axis',(-1.,1.22464679914735E-16,0.));
#6956=DIRECTION('center_axis',(0.,0.,-1.));
#6957=DIRECTION('ref_axis',(-1.,1.22464679914735E-16,0.));
#6958=DIRECTION('center_axis',(0.,0.,1.));
#6959=DIRECTION('ref_axis',(-1.,1.22464679914735E-16,0.));
#6960=DIRECTION('',(0.,0.,-1.));
#6961=DIRECTION('center_axis',(0.,0.,-1.));
#6962=DIRECTION('ref_axis',(-1.,1.22464679914735E-16,0.));
#6963=DIRECTION('center_axis',(0.,0.,1.));
#6964=DIRECTION('ref_axis',(-1.,1.22464679914735E-16,0.));
#6965=DIRECTION('center_axis',(0.,0.,-1.));
#6966=DIRECTION('ref_axis',(-1.,1.22464679914735E-16,0.));
#6967=DIRECTION('',(-1.,1.22464679914735E-16,0.));
#6968=DIRECTION('center_axis',(0.,0.,1.));
#6969=DIRECTION('ref_axis',(-1.,1.22464679914735E-16,0.));
#6970=DIRECTION('center_axis',(1.22464679914735E-16,1.,0.));
#6971=DIRECTION('ref_axis',(0.,0.,-1.));
#6972=DIRECTION('axis',(0.,0.,1.));
#6973=DIRECTION('refdir',(1.,0.,0.));
#6974=DIRECTION('center_axis',(0.,0.,-1.));
#6975=DIRECTION('ref_axis',(-1.,1.22464679914735E-16,0.));
#6976=DIRECTION('',(0.,0.,-1.));
#6977=DIRECTION('center_axis',(0.,0.,-1.));
#6978=DIRECTION('ref_axis',(-1.,1.22464679914735E-16,0.));
#6979=DIRECTION('',(0.,0.,-1.));
#6980=DIRECTION('center_axis',(0.,0.,1.));
#6981=DIRECTION('ref_axis',(-1.,1.22464679914735E-16,0.));
#6982=DIRECTION('center_axis',(0.,0.,1.));
#6983=DIRECTION('ref_axis',(-1.,1.22464679914735E-16,0.));
#6984=DIRECTION('',(1.,-1.22464679914735E-16,0.));
#6985=DIRECTION('center_axis',(0.,0.,1.));
#6986=DIRECTION('ref_axis',(-1.,1.22464679914735E-16,0.));
#6987=DIRECTION('',(1.22464679914735E-16,1.,0.));
#6988=DIRECTION('center_axis',(0.,0.,1.));
#6989=DIRECTION('ref_axis',(-1.,1.22464679914735E-16,0.));
#6990=DIRECTION('',(-1.,1.22464679914735E-16,0.));
#6991=DIRECTION('center_axis',(0.,0.,1.));
#6992=DIRECTION('ref_axis',(-1.,1.22464679914735E-16,0.));
#6993=DIRECTION('',(-1.22464679914735E-16,-1.,0.));
#6994=DIRECTION('center_axis',(0.,0.,-1.));
#6995=DIRECTION('ref_axis',(-1.,1.22464679914735E-16,0.));
#6996=DIRECTION('',(0.,0.,-1.));
#6997=DIRECTION('center_axis',(0.,0.,-1.));
#6998=DIRECTION('ref_axis',(-1.,1.22464679914735E-16,0.));
#6999=DIRECTION('',(0.,0.,-1.));
#7000=DIRECTION('center_axis',(0.,0.,-1.));
#7001=DIRECTION('ref_axis',(-1.,1.22464679914735E-16,0.));
#7002=DIRECTION('',(0.,0.,-1.));
#7003=DIRECTION('',(0.,0.,-1.));
#7004=DIRECTION('center_axis',(0.,0.,-1.));
#7005=DIRECTION('ref_axis',(-1.,1.22464679914735E-16,0.));
#7006=DIRECTION('center_axis',(0.,0.,1.));
#7007=DIRECTION('ref_axis',(-1.,1.22464679914735E-16,0.));
#7008=DIRECTION('',(1.22464679914735E-16,1.,0.));
#7009=DIRECTION('',(1.,-1.22464679914735E-16,0.));
#7010=DIRECTION('center_axis',(0.,0.,-1.));
#7011=DIRECTION('ref_axis',(-1.,1.22464679914735E-16,0.));
#7012=DIRECTION('',(-1.22464679914735E-16,-1.,0.));
#7013=DIRECTION('',(-1.,1.22464679914735E-16,0.));
#7014=DIRECTION('center_axis',(0.,0.,-1.));
#7015=DIRECTION('ref_axis',(-1.,1.22464679914735E-16,0.));
#7016=DIRECTION('',(0.,0.,-1.));
#7017=DIRECTION('',(0.,0.,-1.));
#7018=DIRECTION('center_axis',(-1.,1.22464679914735E-16,0.));
#7019=DIRECTION('ref_axis',(0.,0.,-1.));
#7020=DIRECTION('center_axis',(1.,-1.22464679914735E-16,0.));
#7021=DIRECTION('ref_axis',(0.,0.,1.));
#7022=DIRECTION('center_axis',(-1.22464679914735E-16,-1.,0.));
#7023=DIRECTION('ref_axis',(0.,0.,1.));
#7024=DIRECTION('center_axis',(1.22464679914735E-16,1.,0.));
#7025=DIRECTION('ref_axis',(0.,0.,-1.));
#7026=DIRECTION('',(0.,0.,1.));
#7027=DIRECTION('',(1.,0.,0.));
#7028=DIRECTION('',(0.,0.,1.));
#7029=DIRECTION('',(1.,0.,0.));
#7030=DIRECTION('',(0.,0.,1.));
#7031=DIRECTION('',(1.,0.,0.));
#7032=DIRECTION('',(0.,0.,1.));
#7033=DIRECTION('',(1.,0.,0.));
#7034=DIRECTION('',(0.,0.,1.));
#7035=DIRECTION('',(1.,0.,0.));
#7036=DIRECTION('',(0.,0.,1.));
#7037=DIRECTION('',(1.,0.,0.));
#7038=CARTESIAN_POINT('',(0.,0.,0.));
#7039=CARTESIAN_POINT('',(0.,0.,0.));
#7040=CARTESIAN_POINT('',(0.,0.,0.));
#7041=CARTESIAN_POINT('Origin',(24.5,0.,1.5));
#7042=CARTESIAN_POINT('',(23.3,-1.46957615897682E-16,0.));
#7043=CARTESIAN_POINT('Origin',(24.5,0.,0.));
#7044=CARTESIAN_POINT('',(23.3,1.46957615897682E-16,3.));
#7045=CARTESIAN_POINT('',(23.3,-1.46957615897682E-16,1.5));
#7046=CARTESIAN_POINT('Origin',(24.5,0.,3.));
#7047=CARTESIAN_POINT('Origin',(-24.5,0.,1.5));
#7048=CARTESIAN_POINT('',(-25.7,-1.46957615897682E-16,0.));
#7049=CARTESIAN_POINT('Origin',(-24.5,0.,0.));
#7050=CARTESIAN_POINT('',(-25.7,1.46957615897682E-16,3.));
#7051=CARTESIAN_POINT('',(-25.7,-1.46957615897682E-16,1.5));
#7052=CARTESIAN_POINT('Origin',(-24.5,0.,3.));
#7053=CARTESIAN_POINT('Origin',(0.,7.65,1.5));
#7054=CARTESIAN_POINT('',(-17.6,7.65,3.));
#7055=CARTESIAN_POINT('',(17.6,7.65,3.));
#7056=CARTESIAN_POINT('',(0.,7.65,3.));
#7057=CARTESIAN_POINT('',(-17.6,7.65,0.));
#7058=CARTESIAN_POINT('',(-17.6,7.65,1.5));
#7059=CARTESIAN_POINT('',(17.6,7.65,0.));
#7060=CARTESIAN_POINT('',(0.,7.65,0.));
#7061=CARTESIAN_POINT('',(17.6,7.65,1.5));
#7062=CARTESIAN_POINT('Origin',(17.6,0.,1.5));
#7063=CARTESIAN_POINT('',(17.6,-7.65,3.));
#7064=CARTESIAN_POINT('',(17.6,0.,3.));
#7065=CARTESIAN_POINT('',(17.6,-7.65,0.));
#7066=CARTESIAN_POINT('',(17.6,0.,0.));
#7067=CARTESIAN_POINT('',(17.6,-7.65,1.5));
#7068=CARTESIAN_POINT('Origin',(0.,-7.65,1.5));
#7069=CARTESIAN_POINT('',(-17.6,-7.65,3.));
#7070=CARTESIAN_POINT('',(0.,-7.65,3.));
#7071=CARTESIAN_POINT('',(-17.6,-7.65,0.));
#7072=CARTESIAN_POINT('',(0.,-7.65,0.));
#7073=CARTESIAN_POINT('',(-17.6,-7.65,1.5));
#7074=CARTESIAN_POINT('Origin',(-17.6,0.,1.5));
#7075=CARTESIAN_POINT('',(-17.6,0.,3.));
#7076=CARTESIAN_POINT('',(-17.6,0.,0.));
#7077=CARTESIAN_POINT('Origin',(0.,0.,3.));
#7078=CARTESIAN_POINT('',(45.,-22.,3.));
#7079=CARTESIAN_POINT('',(45.,22.,3.));
#7080=CARTESIAN_POINT('',(45.,0.,3.));
#7081=CARTESIAN_POINT('',(-45.,22.,3.));
#7082=CARTESIAN_POINT('',(0.,22.,3.));
#7083=CARTESIAN_POINT('',(-45.,-22.,3.));
#7084=CARTESIAN_POINT('',(-45.,0.,3.));
#7085=CARTESIAN_POINT('',(0.,-22.,3.));
#7086=CARTESIAN_POINT('Origin',(0.,0.,0.));
#7087=CARTESIAN_POINT('',(45.,22.,0.));
#7088=CARTESIAN_POINT('',(45.,-22.,0.));
#7089=CARTESIAN_POINT('',(45.,0.,0.));
#7090=CARTESIAN_POINT('',(-45.,-22.,0.));
#7091=CARTESIAN_POINT('',(0.,-22.,0.));
#7092=CARTESIAN_POINT('',(-45.,22.,0.));
#7093=CARTESIAN_POINT('',(-45.,0.,0.));
#7094=CARTESIAN_POINT('',(0.,22.,0.));
#7095=CARTESIAN_POINT('Origin',(0.,-22.,1.5));
#7096=CARTESIAN_POINT('',(-45.,-22.,1.5));
#7097=CARTESIAN_POINT('',(45.,-22.,1.5));
#7098=CARTESIAN_POINT('Origin',(-45.,0.,1.5));
#7099=CARTESIAN_POINT('',(-45.,22.,1.5));
#7100=CARTESIAN_POINT('Origin',(0.,22.,1.5));
#7101=CARTESIAN_POINT('',(45.,22.,1.5));
#7102=CARTESIAN_POINT('Origin',(45.,0.,1.5));
#7103=CARTESIAN_POINT('',(0.,0.,0.));
#7104=CARTESIAN_POINT('Origin',(18.,8.15,3.8));
#7105=CARTESIAN_POINT('',(19.6,8.15,4.2));
#7106=CARTESIAN_POINT('',(20.,8.15,3.8));
#7107=CARTESIAN_POINT('Origin',(19.6,8.15,3.8));
#7108=CARTESIAN_POINT('',(18.,10.15,3.8));
#7109=CARTESIAN_POINT('Origin',(18.,8.15,3.8));
#7110=CARTESIAN_POINT('',(18.,9.75,4.2));
#7111=CARTESIAN_POINT('Origin',(18.,9.75,3.8));
#7112=CARTESIAN_POINT('Origin',(18.,8.15,4.2));
#7113=CARTESIAN_POINT('Origin',(0.,9.75,3.8));
#7114=CARTESIAN_POINT('',(-18.,10.15,3.8));
#7115=CARTESIAN_POINT('',(-18.,9.75,4.2));
#7116=CARTESIAN_POINT('Origin',(-18.,9.75,3.8));
#7117=CARTESIAN_POINT('',(0.,9.75,4.2));
#7118=CARTESIAN_POINT('',(0.,10.15,3.8));
#7119=CARTESIAN_POINT('Origin',(-18.,8.15,3.8));
#7120=CARTESIAN_POINT('',(-20.,8.15,3.8));
#7121=CARTESIAN_POINT('',(-19.6,8.15,4.2));
#7122=CARTESIAN_POINT('Origin',(-19.6,8.15,3.8));
#7123=CARTESIAN_POINT('Origin',(-18.,8.15,4.2));
#7124=CARTESIAN_POINT('Origin',(-18.,8.15,3.8));
#7125=CARTESIAN_POINT('Origin',(-19.6,0.,3.8));
#7126=CARTESIAN_POINT('',(-20.,-8.15,3.8));
#7127=CARTESIAN_POINT('',(-19.6,-8.15,4.2));
#7128=CARTESIAN_POINT('Origin',(-19.6,-8.15,3.8));
#7129=CARTESIAN_POINT('',(-19.6,0.,4.2));
#7130=CARTESIAN_POINT('',(-20.,0.,3.8));
#7131=CARTESIAN_POINT('Origin',(-18.,-8.15,3.8));
#7132=CARTESIAN_POINT('',(-18.,-10.15,3.8));
#7133=CARTESIAN_POINT('',(-18.,-9.75,4.2));
#7134=CARTESIAN_POINT('Origin',(-18.,-9.75,3.8));
#7135=CARTESIAN_POINT('Origin',(-18.,-8.15,4.2));
#7136=CARTESIAN_POINT('Origin',(-18.,-8.15,3.8));
#7137=CARTESIAN_POINT('Origin',(0.,-9.75,3.8));
#7138=CARTESIAN_POINT('',(18.,-10.15,3.8));
#7139=CARTESIAN_POINT('',(18.,-9.75,4.2));
#7140=CARTESIAN_POINT('Origin',(18.,-9.75,3.8));
#7141=CARTESIAN_POINT('',(0.,-9.75,4.2));
#7142=CARTESIAN_POINT('',(0.,-10.15,3.8));
#7143=CARTESIAN_POINT('Origin',(18.,-8.15,3.8));
#7144=CARTESIAN_POINT('',(20.,-8.15,3.8));
#7145=CARTESIAN_POINT('',(19.6,-8.15,4.2));
#7146=CARTESIAN_POINT('Origin',(19.6,-8.15,3.8));
#7147=CARTESIAN_POINT('Origin',(18.,-8.15,4.2));
#7148=CARTESIAN_POINT('Origin',(18.,-8.15,3.8));
#7149=CARTESIAN_POINT('Origin',(19.6,0.,3.8));
#7150=CARTESIAN_POINT('',(19.6,0.,4.2));
#7151=CARTESIAN_POINT('',(20.,0.,3.8));
#7152=CARTESIAN_POINT('Origin',(-20.,0.,3.6));
#7153=CARTESIAN_POINT('',(-20.,8.15,3.));
#7154=CARTESIAN_POINT('',(-20.,8.15,3.6));
#7155=CARTESIAN_POINT('',(-20.,-8.15,3.));
#7156=CARTESIAN_POINT('',(-20.,0.,3.));
#7157=CARTESIAN_POINT('',(-20.,-8.15,3.6));
#7158=CARTESIAN_POINT('Origin',(-18.,8.15,3.6));
#7159=CARTESIAN_POINT('',(-18.,10.15,3.));
#7160=CARTESIAN_POINT('',(-18.,10.15,3.6));
#7161=CARTESIAN_POINT('Origin',(-18.,8.15,3.));
#7162=CARTESIAN_POINT('Origin',(0.,10.15,3.6));
#7163=CARTESIAN_POINT('',(18.,10.15,3.));
#7164=CARTESIAN_POINT('',(18.,10.15,3.6));
#7165=CARTESIAN_POINT('',(0.,10.15,3.));
#7166=CARTESIAN_POINT('Origin',(18.,8.15,3.6));
#7167=CARTESIAN_POINT('',(20.,8.15,3.));
#7168=CARTESIAN_POINT('',(20.,8.15,3.6));
#7169=CARTESIAN_POINT('Origin',(18.,8.15,3.));
#7170=CARTESIAN_POINT('Origin',(0.,0.,4.2));
#7171=CARTESIAN_POINT('',(15.6,6.65,4.2));
#7172=CARTESIAN_POINT('',(14.4,7.85,4.2));
#7173=CARTESIAN_POINT('Origin',(14.4,6.65,4.2));
#7174=CARTESIAN_POINT('',(15.6,-6.65,4.2));
#7175=CARTESIAN_POINT('',(15.6,0.,4.2));
#7176=CARTESIAN_POINT('',(14.4,-7.85,4.2));
#7177=CARTESIAN_POINT('Origin',(14.4,-6.65,4.2));
#7178=CARTESIAN_POINT('',(-14.4,-7.85,4.2));
#7179=CARTESIAN_POINT('',(0.,-7.85,4.2));
#7180=CARTESIAN_POINT('',(-15.6,-6.65,4.2));
#7181=CARTESIAN_POINT('Origin',(-14.4,-6.65,4.2));
#7182=CARTESIAN_POINT('',(-15.6,6.65,4.2));
#7183=CARTESIAN_POINT('',(-15.6,0.,4.2));
#7184=CARTESIAN_POINT('',(-14.4,7.85,4.2));
#7185=CARTESIAN_POINT('Origin',(-14.4,6.65,4.2));
#7186=CARTESIAN_POINT('',(0.,7.85,4.2));
#7187=CARTESIAN_POINT('Origin',(14.4,6.65,3.8));
#7188=CARTESIAN_POINT('',(14.4,7.45,3.8));
#7189=CARTESIAN_POINT('Origin',(14.4,7.85,3.8));
#7190=CARTESIAN_POINT('',(15.2,6.65,3.8));
#7191=CARTESIAN_POINT('Origin',(14.4,6.65,3.8));
#7192=CARTESIAN_POINT('Origin',(15.6,6.65,3.8));
#7193=CARTESIAN_POINT('Origin',(15.6,0.,3.8));
#7194=CARTESIAN_POINT('',(15.2,-6.65,3.8));
#7195=CARTESIAN_POINT('Origin',(15.6,-6.65,3.8));
#7196=CARTESIAN_POINT('',(15.2,0.,3.8));
#7197=CARTESIAN_POINT('Origin',(14.4,-6.65,3.8));
#7198=CARTESIAN_POINT('',(14.4,-7.45,3.8));
#7199=CARTESIAN_POINT('Origin',(14.4,-7.85,3.8));
#7200=CARTESIAN_POINT('Origin',(14.4,-6.65,3.8));
#7201=CARTESIAN_POINT('Origin',(0.,-7.85,3.8));
#7202=CARTESIAN_POINT('',(-14.4,-7.45,3.8));
#7203=CARTESIAN_POINT('Origin',(-14.4,-7.85,3.8));
#7204=CARTESIAN_POINT('',(0.,-7.45,3.8));
#7205=CARTESIAN_POINT('Origin',(-14.4,-6.65,3.8));
#7206=CARTESIAN_POINT('',(-15.2,-6.65,3.8));
#7207=CARTESIAN_POINT('Origin',(-15.6,-6.65,3.8));
#7208=CARTESIAN_POINT('Origin',(-14.4,-6.65,3.8));
#7209=CARTESIAN_POINT('Origin',(-15.6,0.,3.8));
#7210=CARTESIAN_POINT('',(-15.2,6.65,3.8));
#7211=CARTESIAN_POINT('Origin',(-15.6,6.65,3.8));
#7212=CARTESIAN_POINT('',(-15.2,0.,3.8));
#7213=CARTESIAN_POINT('Origin',(-14.4,6.65,3.8));
#7214=CARTESIAN_POINT('',(-14.4,7.45,3.8));
#7215=CARTESIAN_POINT('Origin',(-14.4,7.85,3.8));
#7216=CARTESIAN_POINT('Origin',(-14.4,6.65,3.8));
#7217=CARTESIAN_POINT('Origin',(0.,7.85,3.8));
#7218=CARTESIAN_POINT('',(0.,7.45,3.8));
#7219=CARTESIAN_POINT('Origin',(0.,-7.45,2.1));
#7220=CARTESIAN_POINT('',(14.4,-7.45,3.));
#7221=CARTESIAN_POINT('',(14.4,-7.45,2.1));
#7222=CARTESIAN_POINT('',(-14.4,-7.45,3.));
#7223=CARTESIAN_POINT('',(0.,-7.45,3.));
#7224=CARTESIAN_POINT('',(-14.4,-7.45,2.1));
#7225=CARTESIAN_POINT('Origin',(14.4,-6.65,2.1));
#7226=CARTESIAN_POINT('',(15.2,-6.65,3.));
#7227=CARTESIAN_POINT('',(15.2,-6.65,2.1));
#7228=CARTESIAN_POINT('Origin',(14.4,-6.65,3.));
#7229=CARTESIAN_POINT('Origin',(15.2,0.,2.1));
#7230=CARTESIAN_POINT('',(15.2,6.65,3.));
#7231=CARTESIAN_POINT('',(15.2,6.65,2.1));
#7232=CARTESIAN_POINT('',(15.2,0.,3.));
#7233=CARTESIAN_POINT('Origin',(14.4,6.65,2.1));
#7234=CARTESIAN_POINT('',(14.4,7.45,3.));
#7235=CARTESIAN_POINT('',(14.4,7.45,2.1));
#7236=CARTESIAN_POINT('Origin',(14.4,6.65,3.));
#7237=CARTESIAN_POINT('Origin',(0.,9.85,3.1495));
#7238=CARTESIAN_POINT('',(12.,9.85,3.));
#7239=CARTESIAN_POINT('',(-12.,9.85,3.));
#7240=CARTESIAN_POINT('',(0.,9.85,3.));
#7241=CARTESIAN_POINT('',(12.,9.85,3.3));
#7242=CARTESIAN_POINT('',(12.,9.85,3.1495));
#7243=CARTESIAN_POINT('',(-12.,9.85,3.3));
#7244=CARTESIAN_POINT('',(0.,9.85,3.3));
#7245=CARTESIAN_POINT('',(-12.,9.85,3.1495));
#7246=CARTESIAN_POINT('Origin',(-12.,8.85,3.1495));
#7247=CARTESIAN_POINT('',(-12.,7.85,3.));
#7248=CARTESIAN_POINT('',(-12.,4.425,3.));
#7249=CARTESIAN_POINT('',(-12.,7.85,3.3));
#7250=CARTESIAN_POINT('',(-12.,8.85,3.3));
#7251=CARTESIAN_POINT('',(-12.,7.85,3.1495));
#7252=CARTESIAN_POINT('Origin',(0.,8.85,3.3));
#7253=CARTESIAN_POINT('',(12.,7.85,3.3));
#7254=CARTESIAN_POINT('',(12.,8.85,3.3));
#7255=CARTESIAN_POINT('',(0.,7.85,3.3));
#7256=CARTESIAN_POINT('Origin',(0.,7.85,3.1495));
#7257=CARTESIAN_POINT('',(12.,7.85,3.));
#7258=CARTESIAN_POINT('',(0.,7.85,3.));
#7259=CARTESIAN_POINT('',(12.,7.85,3.1495));
#7260=CARTESIAN_POINT('Origin',(12.,8.85,3.1495));
#7261=CARTESIAN_POINT('',(12.,4.425,3.));
#7262=CARTESIAN_POINT('Origin',(0.,-7.85,3.1495));
#7263=CARTESIAN_POINT('',(12.,-7.85,3.));
#7264=CARTESIAN_POINT('',(-12.,-7.85,3.));
#7265=CARTESIAN_POINT('',(0.,-7.85,3.));
#7266=CARTESIAN_POINT('',(12.,-7.85,3.3));
#7267=CARTESIAN_POINT('',(12.,-7.85,3.1495));
#7268=CARTESIAN_POINT('',(-12.,-7.85,3.3));
#7269=CARTESIAN_POINT('',(0.,-7.85,3.3));
#7270=CARTESIAN_POINT('',(-12.,-7.85,3.1495));
#7271=CARTESIAN_POINT('Origin',(-12.,-8.85,3.1495));
#7272=CARTESIAN_POINT('',(-12.,-9.85,3.));
#7273=CARTESIAN_POINT('',(-12.,-4.425,3.));
#7274=CARTESIAN_POINT('',(-12.,-9.85,3.3));
#7275=CARTESIAN_POINT('',(-12.,-8.85,3.3));
#7276=CARTESIAN_POINT('',(-12.,-9.85,3.1495));
#7277=CARTESIAN_POINT('Origin',(0.,-8.85,3.3));
#7278=CARTESIAN_POINT('',(12.,-9.85,3.3));
#7279=CARTESIAN_POINT('',(12.,-8.85,3.3));
#7280=CARTESIAN_POINT('',(0.,-9.85,3.3));
#7281=CARTESIAN_POINT('Origin',(0.,-9.85,3.1495));
#7282=CARTESIAN_POINT('',(12.,-9.85,3.));
#7283=CARTESIAN_POINT('',(0.,-9.85,3.));
#7284=CARTESIAN_POINT('',(12.,-9.85,3.1495));
#7285=CARTESIAN_POINT('Origin',(12.,-8.85,3.1495));
#7286=CARTESIAN_POINT('',(12.,-4.425,3.));
#7287=CARTESIAN_POINT('Origin',(16.85,3.4,1.6));
#7288=CARTESIAN_POINT('',(17.45,3.4,3.));
#7289=CARTESIAN_POINT('',(17.45,3.4,0.2));
#7290=CARTESIAN_POINT('',(17.45,3.4,1.6));
#7291=CARTESIAN_POINT('',(16.85,4.,0.2));
#7292=CARTESIAN_POINT('Origin',(16.85,3.4,0.2));
#7293=CARTESIAN_POINT('',(16.85,4.,3.));
#7294=CARTESIAN_POINT('',(16.85,4.,1.6));
#7295=CARTESIAN_POINT('Origin',(16.85,3.4,3.));
#7296=CARTESIAN_POINT('Origin',(16.85,-3.4,1.6));
#7297=CARTESIAN_POINT('',(16.85,-4.,3.));
#7298=CARTESIAN_POINT('',(16.85,-4.,0.2));
#7299=CARTESIAN_POINT('',(16.85,-4.,1.6));
#7300=CARTESIAN_POINT('',(17.45,-3.4,0.2));
#7301=CARTESIAN_POINT('Origin',(16.85,-3.4,0.2));
#7302=CARTESIAN_POINT('',(17.45,-3.4,3.));
#7303=CARTESIAN_POINT('',(17.45,-3.4,1.6));
#7304=CARTESIAN_POINT('Origin',(16.85,-3.4,3.));
#7305=CARTESIAN_POINT('Origin',(15.9,3.4,1.6));
#7306=CARTESIAN_POINT('',(15.3,3.4,3.));
#7307=CARTESIAN_POINT('',(15.3,3.4,0.2));
#7308=CARTESIAN_POINT('',(15.3,3.4,1.6));
#7309=CARTESIAN_POINT('',(15.9,4.,3.));
#7310=CARTESIAN_POINT('Origin',(15.9,3.4,3.));
#7311=CARTESIAN_POINT('',(15.9,4.,0.2));
#7312=CARTESIAN_POINT('',(15.9,4.,1.6));
#7313=CARTESIAN_POINT('Origin',(15.9,3.4,0.2));
#7314=CARTESIAN_POINT('Origin',(16.375,0.,0.2));
#7315=CARTESIAN_POINT('',(17.45,0.,0.2));
#7316=CARTESIAN_POINT('',(15.9,-4.,0.2));
#7317=CARTESIAN_POINT('',(16.375,-4.,0.2));
#7318=CARTESIAN_POINT('',(15.3,-3.4,0.2));
#7319=CARTESIAN_POINT('Origin',(15.9,-3.4,0.2));
#7320=CARTESIAN_POINT('',(15.3,0.,0.2));
#7321=CARTESIAN_POINT('',(16.375,4.,0.2));
#7322=CARTESIAN_POINT('Origin',(15.9,-3.4,1.6));
#7323=CARTESIAN_POINT('',(15.9,-4.,3.));
#7324=CARTESIAN_POINT('',(15.9,-4.,1.6));
#7325=CARTESIAN_POINT('',(15.3,-3.4,3.));
#7326=CARTESIAN_POINT('Origin',(15.9,-3.4,3.));
#7327=CARTESIAN_POINT('',(15.3,-3.4,1.6));
#7328=CARTESIAN_POINT('Origin',(15.3,0.,1.6));
#7329=CARTESIAN_POINT('',(15.3,0.,3.));
#7330=CARTESIAN_POINT('Origin',(17.45,0.,1.6));
#7331=CARTESIAN_POINT('',(17.45,0.,3.));
#7332=CARTESIAN_POINT('Origin',(16.375,-4.,1.6));
#7333=CARTESIAN_POINT('',(8.1875,-4.,3.));
#7334=CARTESIAN_POINT('Origin',(16.375,4.,1.6));
#7335=CARTESIAN_POINT('',(8.1875,4.,3.));
#7336=CARTESIAN_POINT('Origin',(-15.9,3.4,1.6));
#7337=CARTESIAN_POINT('',(-15.3,3.4,3.));
#7338=CARTESIAN_POINT('',(-15.3,3.4,0.2));
#7339=CARTESIAN_POINT('',(-15.3,3.4,1.6));
#7340=CARTESIAN_POINT('',(-15.9,4.,0.2));
#7341=CARTESIAN_POINT('Origin',(-15.9,3.4,0.2));
#7342=CARTESIAN_POINT('',(-15.9,4.,3.));
#7343=CARTESIAN_POINT('',(-15.9,4.,1.6));
#7344=CARTESIAN_POINT('Origin',(-15.9,3.4,3.));
#7345=CARTESIAN_POINT('Origin',(-15.9,-3.4,1.6));
#7346=CARTESIAN_POINT('',(-15.9,-4.,3.));
#7347=CARTESIAN_POINT('',(-15.9,-4.,0.2));
#7348=CARTESIAN_POINT('',(-15.9,-4.,1.6));
#7349=CARTESIAN_POINT('',(-15.3,-3.4,0.2));
#7350=CARTESIAN_POINT('Origin',(-15.9,-3.4,0.2));
#7351=CARTESIAN_POINT('',(-15.3,-3.4,3.));
#7352=CARTESIAN_POINT('',(-15.3,-3.4,1.6));
#7353=CARTESIAN_POINT('Origin',(-15.9,-3.4,3.));
#7354=CARTESIAN_POINT('Origin',(-16.85,3.4,1.6));
#7355=CARTESIAN_POINT('',(-17.45,3.4,3.));
#7356=CARTESIAN_POINT('',(-17.45,3.4,0.2));
#7357=CARTESIAN_POINT('',(-17.45,3.4,1.6));
#7358=CARTESIAN_POINT('',(-16.85,4.,3.));
#7359=CARTESIAN_POINT('Origin',(-16.85,3.4,3.));
#7360=CARTESIAN_POINT('',(-16.85,4.,0.2));
#7361=CARTESIAN_POINT('',(-16.85,4.,1.6));
#7362=CARTESIAN_POINT('Origin',(-16.85,3.4,0.2));
#7363=CARTESIAN_POINT('Origin',(-16.375,0.,0.2));
#7364=CARTESIAN_POINT('',(-15.3,0.,0.2));
#7365=CARTESIAN_POINT('',(-16.85,-4.,0.2));
#7366=CARTESIAN_POINT('',(-16.375,-4.,0.2));
#7367=CARTESIAN_POINT('',(-17.45,-3.4,0.2));
#7368=CARTESIAN_POINT('Origin',(-16.85,-3.4,0.2));
#7369=CARTESIAN_POINT('',(-17.45,0.,0.2));
#7370=CARTESIAN_POINT('',(-16.375,4.,0.2));
#7371=CARTESIAN_POINT('Origin',(-16.85,-3.4,1.6));
#7372=CARTESIAN_POINT('',(-16.85,-4.,3.));
#7373=CARTESIAN_POINT('',(-16.85,-4.,1.6));
#7374=CARTESIAN_POINT('',(-17.45,-3.4,3.));
#7375=CARTESIAN_POINT('Origin',(-16.85,-3.4,3.));
#7376=CARTESIAN_POINT('',(-17.45,-3.4,1.6));
#7377=CARTESIAN_POINT('Origin',(-17.45,0.,1.6));
#7378=CARTESIAN_POINT('',(-17.45,0.,3.));
#7379=CARTESIAN_POINT('Origin',(-15.3,0.,1.6));
#7380=CARTESIAN_POINT('',(-15.3,0.,3.));
#7381=CARTESIAN_POINT('Origin',(-16.375,-4.,1.6));
#7382=CARTESIAN_POINT('',(-8.1875,-4.,3.));
#7383=CARTESIAN_POINT('Origin',(-16.375,4.,1.6));
#7384=CARTESIAN_POINT('',(-8.1875,4.,3.));
#7385=CARTESIAN_POINT('Origin',(-14.4,6.65,2.1));
#7386=CARTESIAN_POINT('',(-15.2,6.65,3.));
#7387=CARTESIAN_POINT('',(-15.2,6.65,2.1));
#7388=CARTESIAN_POINT('',(-14.4,7.45,3.));
#7389=CARTESIAN_POINT('Origin',(-14.4,6.65,3.));
#7390=CARTESIAN_POINT('',(-14.4,7.45,2.1));
#7391=CARTESIAN_POINT('Origin',(-14.4,-6.65,2.1));
#7392=CARTESIAN_POINT('',(-15.2,-6.65,3.));
#7393=CARTESIAN_POINT('Origin',(-14.4,-6.65,3.));
#7394=CARTESIAN_POINT('',(-15.2,-6.65,2.1));
#7395=CARTESIAN_POINT('Origin',(-15.2,0.,2.1));
#7396=CARTESIAN_POINT('',(-15.2,0.,3.));
#7397=CARTESIAN_POINT('Origin',(0.,7.45,2.1));
#7398=CARTESIAN_POINT('',(0.,7.45,3.));
#7399=CARTESIAN_POINT('Origin',(18.,-8.15,3.6));
#7400=CARTESIAN_POINT('',(18.,-10.15,3.));
#7401=CARTESIAN_POINT('',(18.,-10.15,3.6));
#7402=CARTESIAN_POINT('',(20.,-8.15,3.));
#7403=CARTESIAN_POINT('Origin',(18.,-8.15,3.));
#7404=CARTESIAN_POINT('',(20.,-8.15,3.6));
#7405=CARTESIAN_POINT('Origin',(0.,0.,3.));
#7406=CARTESIAN_POINT('',(20.,0.,3.));
#7407=CARTESIAN_POINT('',(-18.,-10.15,3.));
#7408=CARTESIAN_POINT('',(0.,-10.15,3.));
#7409=CARTESIAN_POINT('Origin',(-18.,-8.15,3.));
#7410=CARTESIAN_POINT('Origin',(-18.,-8.15,3.6));
#7411=CARTESIAN_POINT('',(-18.,-10.15,3.6));
#7412=CARTESIAN_POINT('Origin',(20.,0.,3.6));
#7413=CARTESIAN_POINT('Origin',(0.,-10.15,3.6));
#7414=CARTESIAN_POINT('',(0.,0.,0.));
#7415=CARTESIAN_POINT('Origin',(-15.,18.25,-3.1));
#7416=CARTESIAN_POINT('',(-13.5,18.25,-3.9));
#7417=CARTESIAN_POINT('Origin',(-15.,18.25,-3.9));
#7418=CARTESIAN_POINT('',(-13.5,18.25,-2.3));
#7419=CARTESIAN_POINT('',(-13.5,18.25,-3.1));
#7420=CARTESIAN_POINT('Origin',(-15.,18.25,-2.3));
#7421=CARTESIAN_POINT('Origin',(-15.,-10.25,-3.1));
#7422=CARTESIAN_POINT('',(-13.5,-10.25,-3.9));
#7423=CARTESIAN_POINT('Origin',(-15.,-10.25,-3.9));
#7424=CARTESIAN_POINT('',(-13.5,-10.25,-2.3));
#7425=CARTESIAN_POINT('',(-13.5,-10.25,-3.1));
#7426=CARTESIAN_POINT('Origin',(-15.,-10.25,-2.3));
#7427=CARTESIAN_POINT('Origin',(15.,18.25,-3.1));
#7428=CARTESIAN_POINT('',(16.5,18.25,-3.9));
#7429=CARTESIAN_POINT('Origin',(15.,18.25,-3.9));
#7430=CARTESIAN_POINT('',(16.5,18.25,-2.3));
#7431=CARTESIAN_POINT('',(16.5,18.25,-3.1));
#7432=CARTESIAN_POINT('Origin',(15.,18.25,-2.3));
#7433=CARTESIAN_POINT('Origin',(15.,-10.25,-3.1));
#7434=CARTESIAN_POINT('',(16.5,-10.25,-3.9));
#7435=CARTESIAN_POINT('Origin',(15.,-10.25,-3.9));
#7436=CARTESIAN_POINT('',(16.5,-10.25,-2.3));
#7437=CARTESIAN_POINT('',(16.5,-10.25,-3.1));
#7438=CARTESIAN_POINT('Origin',(15.,-10.25,-2.3));
#7439=CARTESIAN_POINT('Origin',(4.89858719658941E-16,4.,-2.3));
#7440=CARTESIAN_POINT('',(-17.7,20.75,-2.3));
#7441=CARTESIAN_POINT('',(-17.7,-12.75,-2.3));
#7442=CARTESIAN_POINT('',(-17.7,4.,-2.3));
#7443=CARTESIAN_POINT('',(17.7,-12.75,-2.3));
#7444=CARTESIAN_POINT('',(-1.56142466891288E-15,-12.75,-2.3));
#7445=CARTESIAN_POINT('',(17.7,20.75,-2.3));
#7446=CARTESIAN_POINT('',(17.7,4.,-2.3));
#7447=CARTESIAN_POINT('',(2.54114210823076E-15,20.75,-2.3));
#7448=CARTESIAN_POINT('Origin',(4.89858719658941E-16,4.,-3.9));
#7449=CARTESIAN_POINT('',(-17.7,-12.75,-3.9));
#7450=CARTESIAN_POINT('',(-17.7,20.75,-3.9));
#7451=CARTESIAN_POINT('',(-17.7,4.,-3.9));
#7452=CARTESIAN_POINT('',(17.7,20.75,-3.9));
#7453=CARTESIAN_POINT('',(2.54114210823076E-15,20.75,-3.9));
#7454=CARTESIAN_POINT('',(17.7,-12.75,-3.9));
#7455=CARTESIAN_POINT('',(17.7,4.,-3.9));
#7456=CARTESIAN_POINT('',(-1.56142466891288E-15,-12.75,-3.9));
#7457=CARTESIAN_POINT('Origin',(2.54114210823076E-15,20.75,-3.1));
#7458=CARTESIAN_POINT('',(17.7,20.75,-3.1));
#7459=CARTESIAN_POINT('',(-17.7,20.75,-3.1));
#7460=CARTESIAN_POINT('Origin',(17.7,4.,-3.1));
#7461=CARTESIAN_POINT('',(17.7,-12.75,-3.1));
#7462=CARTESIAN_POINT('Origin',(-1.56142466891288E-15,-12.75,-3.1));
#7463=CARTESIAN_POINT('',(-17.7,-12.75,-3.1));
#7464=CARTESIAN_POINT('Origin',(-17.7,4.,-3.1));
#7465=CARTESIAN_POINT('Origin',(3.00038465791101E-16,2.45,-0.3));
#7466=CARTESIAN_POINT('',(-17.25,13.95,-0.3));
#7467=CARTESIAN_POINT('',(-17.25,-9.05,-0.3));
#7468=CARTESIAN_POINT('',(-17.25,2.45,-0.3));
#7469=CARTESIAN_POINT('',(17.25,-9.05,-0.3));
#7470=CARTESIAN_POINT('',(-1.10830535322835E-15,-9.05,-0.3));
#7471=CARTESIAN_POINT('',(17.25,13.95,-0.3));
#7472=CARTESIAN_POINT('',(17.25,2.45,-0.3));
#7473=CARTESIAN_POINT('',(1.70838228481056E-15,13.95,-0.3));
#7474=CARTESIAN_POINT('Origin',(3.00038465791101E-16,2.45,-1.7));
#7475=CARTESIAN_POINT('',(-17.25,-9.05,-1.7));
#7476=CARTESIAN_POINT('',(-17.25,13.95,-1.7));
#7477=CARTESIAN_POINT('',(-17.25,2.45,-1.7));
#7478=CARTESIAN_POINT('',(17.25,13.95,-1.7));
#7479=CARTESIAN_POINT('',(1.70838228481056E-15,13.95,-1.7));
#7480=CARTESIAN_POINT('',(17.25,-9.05,-1.7));
#7481=CARTESIAN_POINT('',(17.25,2.45,-1.7));
#7482=CARTESIAN_POINT('',(-1.10830535322835E-15,-9.05,-1.7));
#7483=CARTESIAN_POINT('Origin',(1.70838228481056E-15,13.95,-1.));
#7484=CARTESIAN_POINT('',(17.25,13.95,-1.));
#7485=CARTESIAN_POINT('',(-17.25,13.95,-1.));
#7486=CARTESIAN_POINT('Origin',(17.25,2.45,-1.));
#7487=CARTESIAN_POINT('',(17.25,-9.05,-1.));
#7488=CARTESIAN_POINT('Origin',(-1.10830535322835E-15,-9.05,-1.));
#7489=CARTESIAN_POINT('',(-17.25,-9.05,-1.));
#7490=CARTESIAN_POINT('Origin',(-17.25,2.45,-1.));
#7491=CARTESIAN_POINT('Origin',(0.,0.,-0.3));
#7492=CARTESIAN_POINT('',(-14.71,7.35,-0.3));
#7493=CARTESIAN_POINT('',(-14.71,-7.35,-0.3));
#7494=CARTESIAN_POINT('',(-14.71,1.80145544154576E-15,-0.3));
#7495=CARTESIAN_POINT('',(14.71,-7.35,-0.3));
#7496=CARTESIAN_POINT('',(-9.00115397373305E-16,-7.35,-0.3));
#7497=CARTESIAN_POINT('',(14.71,7.35,-0.3));
#7498=CARTESIAN_POINT('',(14.71,-1.80145544154576E-15,-0.3));
#7499=CARTESIAN_POINT('',(9.00115397373305E-16,7.35,-0.3));
#7500=CARTESIAN_POINT('Origin',(0.,0.,-0.35));
#7501=CARTESIAN_POINT('',(-14.71,-7.35,-0.35));
#7502=CARTESIAN_POINT('',(-14.71,7.35,-0.35));
#7503=CARTESIAN_POINT('',(-14.71,1.80145544154576E-15,-0.35));
#7504=CARTESIAN_POINT('',(14.71,7.35,-0.35));
#7505=CARTESIAN_POINT('',(9.00115397373305E-16,7.35,-0.35));
#7506=CARTESIAN_POINT('',(14.71,-7.35,-0.35));
#7507=CARTESIAN_POINT('',(14.71,-1.80145544154576E-15,-0.35));
#7508=CARTESIAN_POINT('',(-9.00115397373305E-16,-7.35,-0.35));
#7509=CARTESIAN_POINT('Origin',(9.00115397373305E-16,7.35,-0.325));
#7510=CARTESIAN_POINT('',(14.71,7.35,-0.325));
#7511=CARTESIAN_POINT('',(-14.71,7.35,-0.325));
#7512=CARTESIAN_POINT('Origin',(14.71,-1.80145544154576E-15,-0.325));
#7513=CARTESIAN_POINT('',(14.71,-7.35,-0.325));
#7514=CARTESIAN_POINT('Origin',(-9.00115397373305E-16,-7.35,-0.325));
#7515=CARTESIAN_POINT('',(-14.71,-7.35,-0.325));
#7516=CARTESIAN_POINT('Origin',(-14.71,1.80145544154576E-15,-0.325));
#7517=CARTESIAN_POINT('Origin',(2.35744508835865E-15,19.25,-3.9));
#7518=CARTESIAN_POINT('',(-5.,20.75,-3.9));
#7519=CARTESIAN_POINT('',(-5.,17.75,-3.9));
#7520=CARTESIAN_POINT('',(-5.,19.25,-3.9));
#7521=CARTESIAN_POINT('',(5.,17.75,-3.9));
#7522=CARTESIAN_POINT('',(2.17374806848655E-15,17.75,-3.9));
#7523=CARTESIAN_POINT('',(5.,20.75,-3.9));
#7524=CARTESIAN_POINT('',(5.,19.25,-3.9));
#7525=CARTESIAN_POINT('',(2.54114210823076E-15,20.75,-3.9));
#7526=CARTESIAN_POINT('Origin',(2.35744508835865E-15,19.25,-12.));
#7527=CARTESIAN_POINT('',(-5.,17.75,-12.));
#7528=CARTESIAN_POINT('',(-5.,20.75,-12.));
#7529=CARTESIAN_POINT('',(-5.,19.25,-12.));
#7530=CARTESIAN_POINT('',(5.,20.75,-12.));
#7531=CARTESIAN_POINT('',(2.54114210823076E-15,20.75,-12.));
#7532=CARTESIAN_POINT('',(5.,17.75,-12.));
#7533=CARTESIAN_POINT('',(5.,19.25,-12.));
#7534=CARTESIAN_POINT('',(2.17374806848655E-15,17.75,-12.));
#7535=CARTESIAN_POINT('Origin',(2.54114210823076E-15,20.75,-7.95));
#7536=CARTESIAN_POINT('',(5.,20.75,-7.95));
#7537=CARTESIAN_POINT('',(-5.,20.75,-7.95));
#7538=CARTESIAN_POINT('Origin',(5.,19.25,-7.95));
#7539=CARTESIAN_POINT('',(5.,17.75,-7.95));
#7540=CARTESIAN_POINT('Origin',(2.17374806848655E-15,17.75,-7.95));
#7541=CARTESIAN_POINT('',(-5.,17.75,-7.95));
#7542=CARTESIAN_POINT('Origin',(-5.,19.25,-7.95));
#7543=CARTESIAN_POINT('Origin',(-3.81,18.55,-1.3));
#7544=CARTESIAN_POINT('',(-3.66,18.55,-0.299999999999999));
#7545=CARTESIAN_POINT('Origin',(-3.81,18.55,-0.3));
#7546=CARTESIAN_POINT('',(-2.81,18.55,-2.3));
#7547=CARTESIAN_POINT('',(-3.235,18.55,-1.3));
#7548=CARTESIAN_POINT('Origin',(-3.81,18.55,-2.3));
#7549=CARTESIAN_POINT('Origin',(-3.81,18.55,-2.3));
#7550=CARTESIAN_POINT('Origin',(-3.81,18.55,-0.3));
#7551=CARTESIAN_POINT('Origin',(1.27,18.55,-1.3));
#7552=CARTESIAN_POINT('',(1.42,18.55,-0.299999999999999));
#7553=CARTESIAN_POINT('Origin',(1.27,18.55,-0.3));
#7554=CARTESIAN_POINT('',(2.27,18.55,-2.3));
#7555=CARTESIAN_POINT('',(1.845,18.55,-1.3));
#7556=CARTESIAN_POINT('Origin',(1.27,18.55,-2.3));
#7557=CARTESIAN_POINT('Origin',(1.27,18.55,-2.3));
#7558=CARTESIAN_POINT('Origin',(1.27,18.55,-0.3));
#7559=CARTESIAN_POINT('Origin',(3.81,18.55,-1.3));
#7560=CARTESIAN_POINT('',(3.96,18.55,-0.299999999999999));
#7561=CARTESIAN_POINT('Origin',(3.81,18.55,-0.3));
#7562=CARTESIAN_POINT('',(4.81,18.55,-2.3));
#7563=CARTESIAN_POINT('',(4.385,18.55,-1.3));
#7564=CARTESIAN_POINT('Origin',(3.81,18.55,-2.3));
#7565=CARTESIAN_POINT('Origin',(3.81,18.55,-2.3));
#7566=CARTESIAN_POINT('Origin',(3.81,18.55,-0.3));
#7567=CARTESIAN_POINT('Origin',(-1.27,18.55,-1.3));
#7568=CARTESIAN_POINT('',(-1.12,18.55,-0.299999999999999));
#7569=CARTESIAN_POINT('Origin',(-1.27,18.55,-0.3));
#7570=CARTESIAN_POINT('',(-0.269999999999998,18.55,-2.3));
#7571=CARTESIAN_POINT('',(-0.694999999999998,18.55,-1.3));
#7572=CARTESIAN_POINT('Origin',(-1.27,18.55,-2.3));
#7573=CARTESIAN_POINT('Origin',(-1.27,18.55,-2.3));
#7574=CARTESIAN_POINT('Origin',(-1.27,18.55,-0.3));
#7575=CARTESIAN_POINT('Origin',(-3.81,-10.55,-1.3));
#7576=CARTESIAN_POINT('',(-3.66,-10.55,-0.299999999999999));
#7577=CARTESIAN_POINT('Origin',(-3.81,-10.55,-0.3));
#7578=CARTESIAN_POINT('',(-2.81,-10.55,-2.3));
#7579=CARTESIAN_POINT('',(-3.235,-10.55,-1.3));
#7580=CARTESIAN_POINT('Origin',(-3.81,-10.55,-2.3));
#7581=CARTESIAN_POINT('Origin',(-3.81,-10.55,-2.3));
#7582=CARTESIAN_POINT('Origin',(-3.81,-10.55,-0.3));
#7583=CARTESIAN_POINT('Origin',(1.27,-10.55,-1.3));
#7584=CARTESIAN_POINT('',(1.42,-10.55,-0.299999999999999));
#7585=CARTESIAN_POINT('Origin',(1.27,-10.55,-0.3));
#7586=CARTESIAN_POINT('',(2.27,-10.55,-2.3));
#7587=CARTESIAN_POINT('',(1.845,-10.55,-1.3));
#7588=CARTESIAN_POINT('Origin',(1.27,-10.55,-2.3));
#7589=CARTESIAN_POINT('Origin',(1.27,-10.55,-2.3));
#7590=CARTESIAN_POINT('Origin',(1.27,-10.55,-0.3));
#7591=CARTESIAN_POINT('Origin',(3.81,-10.55,-1.3));
#7592=CARTESIAN_POINT('',(3.96,-10.55,-0.299999999999999));
#7593=CARTESIAN_POINT('Origin',(3.81,-10.55,-0.3));
#7594=CARTESIAN_POINT('',(4.81,-10.55,-2.3));
#7595=CARTESIAN_POINT('',(4.385,-10.55,-1.3));
#7596=CARTESIAN_POINT('Origin',(3.81,-10.55,-2.3));
#7597=CARTESIAN_POINT('Origin',(3.81,-10.55,-2.3));
#7598=CARTESIAN_POINT('Origin',(3.81,-10.55,-0.3));
#7599=CARTESIAN_POINT('Origin',(-1.27,-10.55,-1.3));
#7600=CARTESIAN_POINT('',(-1.12,-10.55,-0.299999999999999));
#7601=CARTESIAN_POINT('Origin',(-1.27,-10.55,-0.3));
#7602=CARTESIAN_POINT('',(-0.270000000000001,-10.55,-2.3));
#7603=CARTESIAN_POINT('',(-0.695000000000001,-10.55,-1.3));
#7604=CARTESIAN_POINT('Origin',(-1.27,-10.55,-2.3));
#7605=CARTESIAN_POINT('Origin',(-1.27,-10.55,-2.3));
#7606=CARTESIAN_POINT('Origin',(-1.27,-10.55,-0.3));
#7607=CARTESIAN_POINT('',(0.,0.,0.));
#7608=CARTESIAN_POINT('Origin',(-8.,26.35,-4.8));
#7609=CARTESIAN_POINT('',(-5.,24.5,-4.8));
#7610=CARTESIAN_POINT('',(-11.,24.5,-4.8));
#7611=CARTESIAN_POINT('',(-8.,24.5,-4.8));
#7612=CARTESIAN_POINT('',(-5.,28.2,-4.8));
#7613=CARTESIAN_POINT('',(-5.,26.35,-4.8));
#7614=CARTESIAN_POINT('',(-11.,28.2,-4.8));
#7615=CARTESIAN_POINT('',(-8.,28.2,-4.8));
#7616=CARTESIAN_POINT('',(-11.,26.35,-4.8));
#7617=CARTESIAN_POINT('Origin',(-8.,23.2,-4.7));
#7618=CARTESIAN_POINT('',(-5.,23.2,-6.2));
#7619=CARTESIAN_POINT('',(-11.,23.2,-6.2));
#7620=CARTESIAN_POINT('',(-8.,23.2,-6.2));
#7621=CARTESIAN_POINT('',(-5.,23.2,-3.2));
#7622=CARTESIAN_POINT('',(-5.,23.2,-4.7));
#7623=CARTESIAN_POINT('',(-11.,23.2,-3.2));
#7624=CARTESIAN_POINT('',(-4.,23.2,-3.2));
#7625=CARTESIAN_POINT('',(-11.,23.2,-4.7));
#7626=CARTESIAN_POINT('Origin',(-5.,23.85,-4.7));
#7627=CARTESIAN_POINT('',(-5.,24.5,-3.2));
#7628=CARTESIAN_POINT('',(-5.,24.5,-4.7));
#7629=CARTESIAN_POINT('',(-5.,24.7,-3.2));
#7630=CARTESIAN_POINT('',(-5.,29.5,-6.2));
#7631=CARTESIAN_POINT('',(-5.,23.85,-6.2));
#7632=CARTESIAN_POINT('',(-5.,29.5,-3.2));
#7633=CARTESIAN_POINT('',(-5.,29.5,-4.7));
#7634=CARTESIAN_POINT('',(-5.,28.2,-3.2));
#7635=CARTESIAN_POINT('',(-5.,27.2,-3.2));
#7636=CARTESIAN_POINT('',(-5.,28.2,-4.7));
#7637=CARTESIAN_POINT('Origin',(-8.,24.5,-4.7));
#7638=CARTESIAN_POINT('',(-11.,24.5,-3.2));
#7639=CARTESIAN_POINT('',(-11.,24.5,-4.7));
#7640=CARTESIAN_POINT('',(-4.,24.5,-3.2));
#7641=CARTESIAN_POINT('Origin',(-8.,29.5,-4.7));
#7642=CARTESIAN_POINT('',(-11.,29.5,-6.2));
#7643=CARTESIAN_POINT('',(-8.,29.5,-6.2));
#7644=CARTESIAN_POINT('',(-11.,29.5,-3.2));
#7645=CARTESIAN_POINT('',(-11.,29.5,-4.7));
#7646=CARTESIAN_POINT('',(-4.,29.5,-3.2));
#7647=CARTESIAN_POINT('Origin',(-8.,28.2,-4.7));
#7648=CARTESIAN_POINT('',(-11.,28.2,-3.2));
#7649=CARTESIAN_POINT('',(-4.,28.2,-3.2));
#7650=CARTESIAN_POINT('',(-11.,28.2,-4.7));
#7651=CARTESIAN_POINT('Origin',(-8.,23.85,-6.2));
#7652=CARTESIAN_POINT('',(-11.,23.85,-6.2));
#7653=CARTESIAN_POINT('Origin',(-11.,23.85,-4.7));
#7654=CARTESIAN_POINT('',(-11.,24.7,-3.2));
#7655=CARTESIAN_POINT('',(-11.,27.2,-3.2));
#7656=CARTESIAN_POINT('Origin',(8.,26.35,-4.8));
#7657=CARTESIAN_POINT('',(11.,24.5,-4.8));
#7658=CARTESIAN_POINT('',(5.,24.5,-4.8));
#7659=CARTESIAN_POINT('',(8.,24.5,-4.8));
#7660=CARTESIAN_POINT('',(11.,28.2,-4.8));
#7661=CARTESIAN_POINT('',(11.,26.35,-4.8));
#7662=CARTESIAN_POINT('',(5.,28.2,-4.8));
#7663=CARTESIAN_POINT('',(8.,28.2,-4.8));
#7664=CARTESIAN_POINT('',(5.,26.35,-4.8));
#7665=CARTESIAN_POINT('Origin',(8.,23.2,-4.7));
#7666=CARTESIAN_POINT('',(11.,23.2,-6.2));
#7667=CARTESIAN_POINT('',(5.,23.2,-6.2));
#7668=CARTESIAN_POINT('',(8.,23.2,-6.2));
#7669=CARTESIAN_POINT('',(11.,23.2,-3.2));
#7670=CARTESIAN_POINT('',(11.,23.2,-4.7));
#7671=CARTESIAN_POINT('',(5.,23.2,-3.2));
#7672=CARTESIAN_POINT('',(4.,23.2,-3.2));
#7673=CARTESIAN_POINT('',(5.,23.2,-4.7));
#7674=CARTESIAN_POINT('Origin',(11.,23.85,-4.7));
#7675=CARTESIAN_POINT('',(11.,24.5,-3.2));
#7676=CARTESIAN_POINT('',(11.,24.5,-4.7));
#7677=CARTESIAN_POINT('',(11.,24.7,-3.2));
#7678=CARTESIAN_POINT('',(11.,29.5,-6.2));
#7679=CARTESIAN_POINT('',(11.,23.85,-6.2));
#7680=CARTESIAN_POINT('',(11.,29.5,-3.2));
#7681=CARTESIAN_POINT('',(11.,29.5,-4.7));
#7682=CARTESIAN_POINT('',(11.,28.2,-3.2));
#7683=CARTESIAN_POINT('',(11.,27.2,-3.2));
#7684=CARTESIAN_POINT('',(11.,28.2,-4.7));
#7685=CARTESIAN_POINT('Origin',(8.,24.5,-4.7));
#7686=CARTESIAN_POINT('',(5.,24.5,-3.2));
#7687=CARTESIAN_POINT('',(5.,24.5,-4.7));
#7688=CARTESIAN_POINT('',(4.,24.5,-3.2));
#7689=CARTESIAN_POINT('Origin',(8.,29.5,-4.7));
#7690=CARTESIAN_POINT('',(5.,29.5,-6.2));
#7691=CARTESIAN_POINT('',(8.,29.5,-6.2));
#7692=CARTESIAN_POINT('',(5.,29.5,-3.2));
#7693=CARTESIAN_POINT('',(5.,29.5,-4.7));
#7694=CARTESIAN_POINT('',(4.,29.5,-3.2));
#7695=CARTESIAN_POINT('Origin',(8.,28.2,-4.7));
#7696=CARTESIAN_POINT('',(5.,28.2,-3.2));
#7697=CARTESIAN_POINT('',(4.,28.2,-3.2));
#7698=CARTESIAN_POINT('',(5.,28.2,-4.7));
#7699=CARTESIAN_POINT('Origin',(8.,23.85,-6.2));
#7700=CARTESIAN_POINT('',(5.,23.85,-6.2));
#7701=CARTESIAN_POINT('Origin',(5.,23.85,-4.7));
#7702=CARTESIAN_POINT('',(5.,24.7,-3.2));
#7703=CARTESIAN_POINT('',(5.,27.2,-3.2));
#7704=CARTESIAN_POINT('Origin',(-18.8,8.,-3.95));
#7705=CARTESIAN_POINT('',(-19.4,11.075,-3.95));
#7706=CARTESIAN_POINT('',(-19.4,4.925,-3.95));
#7707=CARTESIAN_POINT('',(-19.4,8.,-3.95));
#7708=CARTESIAN_POINT('',(-18.2,11.075,-3.95));
#7709=CARTESIAN_POINT('',(-18.8,11.075,-3.95));
#7710=CARTESIAN_POINT('',(-18.2,4.925,-3.95));
#7711=CARTESIAN_POINT('',(-18.2,6.,-3.95));
#7712=CARTESIAN_POINT('',(-18.8,4.925,-3.95));
#7713=CARTESIAN_POINT('Origin',(-18.8,11.075,-4.875));
#7714=CARTESIAN_POINT('',(-18.2,11.075,-5.8));
#7715=CARTESIAN_POINT('',(-18.2,11.075,-4.7125));
#7716=CARTESIAN_POINT('',(-19.4,11.075,-5.8));
#7717=CARTESIAN_POINT('',(-19.4,11.075,-4.875));
#7718=CARTESIAN_POINT('',(-9.4,11.075,-5.8));
#7719=CARTESIAN_POINT('Origin',(-18.8,4.925,-4.875));
#7720=CARTESIAN_POINT('',(-19.4,4.925,-5.8));
#7721=CARTESIAN_POINT('',(-19.4,4.925,-4.875));
#7722=CARTESIAN_POINT('',(-18.2,4.925,-5.8));
#7723=CARTESIAN_POINT('',(-18.2,4.925,-4.7125));
#7724=CARTESIAN_POINT('',(-9.4,4.925,-5.8));
#7725=CARTESIAN_POINT('Origin',(-19.4,8.,-4.875));
#7726=CARTESIAN_POINT('',(-19.4,6.,-5.8));
#7727=CARTESIAN_POINT('Origin',(-18.2,4.,-4.55));
#7728=CARTESIAN_POINT('',(-18.2,21.25,-5.8));
#7729=CARTESIAN_POINT('',(-18.2,4.,-5.8));
#7730=CARTESIAN_POINT('',(-18.2,21.25,-2.3));
#7731=CARTESIAN_POINT('',(-18.2,21.25,-4.55));
#7732=CARTESIAN_POINT('',(-18.2,-13.25,-2.3));
#7733=CARTESIAN_POINT('',(-18.2,4.,-2.3));
#7734=CARTESIAN_POINT('',(-18.2,-13.25,-5.8));
#7735=CARTESIAN_POINT('',(-18.2,-13.25,-4.55));
#7736=CARTESIAN_POINT('',(-18.2,4.,-5.8));
#7737=CARTESIAN_POINT('Origin',(18.8,8.,-3.95));
#7738=CARTESIAN_POINT('',(18.2,11.075,-3.95));
#7739=CARTESIAN_POINT('',(18.2,4.925,-3.95));
#7740=CARTESIAN_POINT('',(18.2,6.,-3.95));
#7741=CARTESIAN_POINT('',(19.4,11.075,-3.95));
#7742=CARTESIAN_POINT('',(18.8,11.075,-3.95));
#7743=CARTESIAN_POINT('',(19.4,4.925,-3.95));
#7744=CARTESIAN_POINT('',(19.4,8.,-3.95));
#7745=CARTESIAN_POINT('',(18.8,4.925,-3.95));
#7746=CARTESIAN_POINT('Origin',(18.8,11.075,-4.875));
#7747=CARTESIAN_POINT('',(19.4,11.075,-5.8));
#7748=CARTESIAN_POINT('',(19.4,11.075,-4.875));
#7749=CARTESIAN_POINT('',(18.2,11.075,-5.8));
#7750=CARTESIAN_POINT('',(18.2,11.075,-4.7125));
#7751=CARTESIAN_POINT('',(9.4,11.075,-5.8));
#7752=CARTESIAN_POINT('Origin',(19.4,8.,-4.875));
#7753=CARTESIAN_POINT('',(19.4,4.925,-5.8));
#7754=CARTESIAN_POINT('',(19.4,4.925,-4.875));
#7755=CARTESIAN_POINT('',(19.4,6.,-5.8));
#7756=CARTESIAN_POINT('Origin',(18.8,4.925,-4.875));
#7757=CARTESIAN_POINT('',(18.2,4.925,-5.8));
#7758=CARTESIAN_POINT('',(18.2,4.925,-4.7125));
#7759=CARTESIAN_POINT('',(9.4,4.925,-5.8));
#7760=CARTESIAN_POINT('Origin',(18.2,4.,-4.55));
#7761=CARTESIAN_POINT('',(18.2,-13.25,-5.8));
#7762=CARTESIAN_POINT('',(18.2,4.,-5.8));
#7763=CARTESIAN_POINT('',(18.2,-13.25,-2.3));
#7764=CARTESIAN_POINT('',(18.2,-13.25,-4.55));
#7765=CARTESIAN_POINT('',(18.2,21.25,-2.3));
#7766=CARTESIAN_POINT('',(18.2,4.,-2.3));
#7767=CARTESIAN_POINT('',(18.2,21.25,-5.8));
#7768=CARTESIAN_POINT('',(18.2,21.25,-4.55));
#7769=CARTESIAN_POINT('',(18.2,4.,-5.8));
#7770=CARTESIAN_POINT('Origin',(-15.35,-10.25,-4.055));
#7771=CARTESIAN_POINT('',(-15.35,-8.53535718005177,-1.91));
#7772=CARTESIAN_POINT('',(-15.35,-8.53535718005177,-2.25));
#7773=CARTESIAN_POINT('',(-15.35,-8.53535718005177,-2.075));
#7774=CARTESIAN_POINT('',(-15.35,-11.9646428199482,-1.91));
#7775=CARTESIAN_POINT('',(-15.35,-10.25,-1.91));
#7776=CARTESIAN_POINT('',(-15.35,-11.9646428199482,-2.25));
#7777=CARTESIAN_POINT('',(-15.35,-11.9646428199482,-2.075));
#7778=CARTESIAN_POINT('',(-15.35,-11.6055441711726,-2.25));
#7779=CARTESIAN_POINT('',(-15.35,-10.25,-2.25));
#7780=CARTESIAN_POINT('',(-15.35,-11.6055441711726,-3.9));
#7781=CARTESIAN_POINT('',(-15.35,-11.6055441711726,-2.9));
#7782=CARTESIAN_POINT('',(-15.35,-11.8112494995996,-4.4));
#7783=CARTESIAN_POINT('Ctrl Pts',(-15.35,-11.8112494995996,-4.4));
#7784=CARTESIAN_POINT('Ctrl Pts',(-15.35,-11.701539991101,-4.13236888243001));
#7785=CARTESIAN_POINT('Ctrl Pts',(-15.35,-11.6055441711726,-3.9));
#7786=CARTESIAN_POINT('',(-15.35,-11.3978240283249,-5.6));
#7787=CARTESIAN_POINT('Ctrl Pts',(-15.35,-11.3978240283249,-5.6));
#7788=CARTESIAN_POINT('Ctrl Pts',(-15.35,-11.5750063731577,-5.09156461801473));
#7789=CARTESIAN_POINT('Ctrl Pts',(-15.35,-11.8112494995996,-4.4));
#7790=CARTESIAN_POINT('',(-15.35,-9.1021759716751,-5.6));
#7791=CARTESIAN_POINT('',(-15.35,-10.25,-5.6));
#7792=CARTESIAN_POINT('',(-15.35,-8.6887505004004,-4.4));
#7793=CARTESIAN_POINT('Ctrl Pts',(-15.35,-8.6887505004004,-4.4));
#7794=CARTESIAN_POINT('Ctrl Pts',(-15.35,-8.92499362684199,-5.091564618014));
#7795=CARTESIAN_POINT('Ctrl Pts',(-15.35,-9.1021759716751,-5.6));
#7796=CARTESIAN_POINT('',(-15.35,-8.8944558288274,-3.9));
#7797=CARTESIAN_POINT('Ctrl Pts',(-15.35,-8.8944558288274,-3.9));
#7798=CARTESIAN_POINT('Ctrl Pts',(-15.35,-8.79846000889684,-4.13236888243534));
#7799=CARTESIAN_POINT('Ctrl Pts',(-15.35,-8.6887505004004,-4.4));
#7800=CARTESIAN_POINT('',(-15.35,-8.8944558288274,-2.25));
#7801=CARTESIAN_POINT('',(-15.35,-8.8944558288274,-2.9));
#7802=CARTESIAN_POINT('',(-15.35,-10.25,-2.25));
#7803=CARTESIAN_POINT('Origin',(-15.,-10.25,-1.91));
#7804=CARTESIAN_POINT('',(-14.65,-8.53535718005177,-1.91));
#7805=CARTESIAN_POINT('Origin',(-15.,-10.25,-1.91));
#7806=CARTESIAN_POINT('',(-14.65,-11.9646428199482,-1.91));
#7807=CARTESIAN_POINT('',(-14.65,-10.25,-1.91));
#7808=CARTESIAN_POINT('Origin',(-15.,-10.25,-1.91));
#7809=CARTESIAN_POINT('Origin',(-14.65,-10.25,-4.055));
#7810=CARTESIAN_POINT('',(-14.65,-8.53535718005177,-2.25));
#7811=CARTESIAN_POINT('',(-14.65,-8.53535718005177,-2.075));
#7812=CARTESIAN_POINT('',(-14.65,-8.8944558288274,-2.25));
#7813=CARTESIAN_POINT('',(-14.65,-10.25,-2.25));
#7814=CARTESIAN_POINT('',(-14.65,-8.8944558288274,-3.9));
#7815=CARTESIAN_POINT('',(-14.65,-8.8944558288274,-2.9));
#7816=CARTESIAN_POINT('',(-14.65,-8.6887505004004,-4.4));
#7817=CARTESIAN_POINT('Ctrl Pts',(-14.65,-8.6887505004004,-4.4));
#7818=CARTESIAN_POINT('Ctrl Pts',(-14.65,-8.79846000889684,-4.13236888243534));
#7819=CARTESIAN_POINT('Ctrl Pts',(-14.65,-8.8944558288274,-3.9));
#7820=CARTESIAN_POINT('',(-14.65,-9.1021759716751,-5.6));
#7821=CARTESIAN_POINT('Ctrl Pts',(-14.65,-9.1021759716751,-5.6));
#7822=CARTESIAN_POINT('Ctrl Pts',(-14.65,-8.92499362684199,-5.091564618014));
#7823=CARTESIAN_POINT('Ctrl Pts',(-14.65,-8.6887505004004,-4.4));
#7824=CARTESIAN_POINT('',(-14.65,-11.3978240283249,-5.6));
#7825=CARTESIAN_POINT('',(-14.65,-10.25,-5.6));
#7826=CARTESIAN_POINT('',(-14.65,-11.8112494995996,-4.4));
#7827=CARTESIAN_POINT('Ctrl Pts',(-14.65,-11.8112494995996,-4.4));
#7828=CARTESIAN_POINT('Ctrl Pts',(-14.65,-11.5750063731577,-5.09156461801473));
#7829=CARTESIAN_POINT('Ctrl Pts',(-14.65,-11.3978240283249,-5.6));
#7830=CARTESIAN_POINT('',(-14.65,-11.6055441711726,-3.9));
#7831=CARTESIAN_POINT('Ctrl Pts',(-14.65,-11.6055441711726,-3.9));
#7832=CARTESIAN_POINT('Ctrl Pts',(-14.65,-11.701539991101,-4.13236888243001));
#7833=CARTESIAN_POINT('Ctrl Pts',(-14.65,-11.8112494995996,-4.4));
#7834=CARTESIAN_POINT('',(-14.65,-11.6055441711726,-2.25));
#7835=CARTESIAN_POINT('',(-14.65,-11.6055441711726,-2.9));
#7836=CARTESIAN_POINT('',(-14.65,-11.9646428199482,-2.25));
#7837=CARTESIAN_POINT('',(-14.65,-10.25,-2.25));
#7838=CARTESIAN_POINT('',(-14.65,-11.9646428199482,-2.075));
#7839=CARTESIAN_POINT('Origin',(-15.,-10.25,-2.075));
#7840=CARTESIAN_POINT('',(-16.6039014932345,-9.55,-1.9));
#7841=CARTESIAN_POINT('',(-13.25,-10.25,-1.9));
#7842=CARTESIAN_POINT('Origin',(-15.,-10.25,-1.9));
#7843=CARTESIAN_POINT('',(-13.3960985067655,-9.55,-1.9));
#7844=CARTESIAN_POINT('Origin',(-15.,-10.25,-1.9));
#7845=CARTESIAN_POINT('Origin',(-15.,-10.25,-1.9));
#7846=CARTESIAN_POINT('',(-13.25,-10.25,-2.25));
#7847=CARTESIAN_POINT('',(-13.25,-10.25,-2.075));
#7848=CARTESIAN_POINT('Origin',(-15.,-10.25,-2.25));
#7849=CARTESIAN_POINT('Origin',(-15.,-10.25,-2.25));
#7850=CARTESIAN_POINT('Origin',(-15.,-10.25,-2.25));
#7851=CARTESIAN_POINT('Origin',(-15.,-10.25,-2.25));
#7852=CARTESIAN_POINT('Origin',(-15.,-10.25,-2.25));
#7853=CARTESIAN_POINT('Origin',(-15.,-10.25,-2.25));
#7854=CARTESIAN_POINT('Origin',(-15.,-10.25,-2.25));
#7855=CARTESIAN_POINT('Origin',(-15.,-10.25,-2.9));
#7856=CARTESIAN_POINT('Origin',(-15.,-10.25,-3.9));
#7857=CARTESIAN_POINT('Origin',(-15.,-10.25,-2.9));
#7858=CARTESIAN_POINT('Origin',(-15.,-10.25,-3.9));
#7859=CARTESIAN_POINT('Origin',(-15.,-10.25,-4.15));
#7860=CARTESIAN_POINT('Origin',(-15.,-10.25,-4.4));
#7861=CARTESIAN_POINT('Origin',(-15.,-10.25,-4.15));
#7862=CARTESIAN_POINT('Origin',(-15.,-10.25,-4.4));
#7863=CARTESIAN_POINT('Origin',(-15.,-10.25,-5.6));
#7864=CARTESIAN_POINT('Origin',(-15.,-10.25,-5.6));
#7865=CARTESIAN_POINT('Origin',(-15.,-10.25,-5.));
#7866=CARTESIAN_POINT('Origin',(-15.,-10.25,-5.));
#7867=CARTESIAN_POINT('Origin',(-15.,-10.25,-5.6));
#7868=CARTESIAN_POINT('Origin',(-15.,-10.25,-5.6));
#7869=CARTESIAN_POINT('Origin',(-15.,-10.25,-1.9));
#7870=CARTESIAN_POINT('',(-7.5,-9.55,-1.9));
#7871=CARTESIAN_POINT('Origin',(-15.35,18.25,-3.755));
#7872=CARTESIAN_POINT('',(-15.35,20.4219806628973,-1.31));
#7873=CARTESIAN_POINT('',(-15.35,20.4219806628973,-2.1));
#7874=CARTESIAN_POINT('',(-15.35,20.4219806628973,-1.7));
#7875=CARTESIAN_POINT('',(-15.35,16.0780193371027,-1.31));
#7876=CARTESIAN_POINT('',(-15.35,18.25,-1.31));
#7877=CARTESIAN_POINT('',(-15.35,16.0780193371027,-2.1));
#7878=CARTESIAN_POINT('',(-15.35,16.0780193371027,-1.7));
#7879=CARTESIAN_POINT('',(-15.35,16.8944558288274,-2.1));
#7880=CARTESIAN_POINT('',(-15.35,18.25,-2.1));
#7881=CARTESIAN_POINT('',(-15.35,16.8944558288274,-3.9));
#7882=CARTESIAN_POINT('',(-15.35,16.8944558288274,-2.6));
#7883=CARTESIAN_POINT('',(-15.35,16.6119752749119,-4.4));
#7884=CARTESIAN_POINT('Ctrl Pts',(-15.35,16.6119752749119,-4.4));
#7885=CARTESIAN_POINT('Ctrl Pts',(-15.35,16.7658467961519,-4.12640938260176));
#7886=CARTESIAN_POINT('Ctrl Pts',(-15.35,16.8944558288274,-3.9));
#7887=CARTESIAN_POINT('',(-15.35,17.1021759716751,-5.6));
#7888=CARTESIAN_POINT('Ctrl Pts',(-15.35,17.1021759716751,-5.6));
#7889=CARTESIAN_POINT('Ctrl Pts',(-15.35,16.8975704634617,-5.10557659230536));
#7890=CARTESIAN_POINT('Ctrl Pts',(-15.35,16.6119752749119,-4.4));
#7891=CARTESIAN_POINT('',(-15.35,19.3978240283249,-5.6));
#7892=CARTESIAN_POINT('',(-15.35,18.25,-5.6));
#7893=CARTESIAN_POINT('',(-15.35,19.8880247250881,-4.4));
#7894=CARTESIAN_POINT('Ctrl Pts',(-15.35,19.8880247250881,-4.4));
#7895=CARTESIAN_POINT('Ctrl Pts',(-15.35,19.6024295365383,-5.10557659230536));
#7896=CARTESIAN_POINT('Ctrl Pts',(-15.35,19.3978240283249,-5.6));
#7897=CARTESIAN_POINT('',(-15.35,19.6055441711726,-3.9));
#7898=CARTESIAN_POINT('Ctrl Pts',(-15.35,19.6055441711726,-3.9));
#7899=CARTESIAN_POINT('Ctrl Pts',(-15.35,19.7341532038481,-4.12640938260176));
#7900=CARTESIAN_POINT('Ctrl Pts',(-15.35,19.8880247250881,-4.4));
#7901=CARTESIAN_POINT('',(-15.35,19.6055441711726,-2.1));
#7902=CARTESIAN_POINT('',(-15.35,19.6055441711726,-2.6));
#7903=CARTESIAN_POINT('',(-15.35,18.25,-2.1));
#7904=CARTESIAN_POINT('Origin',(-15.,18.25,-1.31));
#7905=CARTESIAN_POINT('',(-14.65,20.4219806628973,-1.31));
#7906=CARTESIAN_POINT('Origin',(-15.,18.25,-1.31));
#7907=CARTESIAN_POINT('',(-14.65,16.0780193371027,-1.31));
#7908=CARTESIAN_POINT('',(-14.65,18.25,-1.31));
#7909=CARTESIAN_POINT('Origin',(-15.,18.25,-1.31));
#7910=CARTESIAN_POINT('Origin',(-14.65,18.25,-3.755));
#7911=CARTESIAN_POINT('',(-14.65,20.4219806628973,-2.1));
#7912=CARTESIAN_POINT('',(-14.65,20.4219806628973,-1.7));
#7913=CARTESIAN_POINT('',(-14.65,19.6055441711726,-2.1));
#7914=CARTESIAN_POINT('',(-14.65,18.25,-2.1));
#7915=CARTESIAN_POINT('',(-14.65,19.6055441711726,-3.9));
#7916=CARTESIAN_POINT('',(-14.65,19.6055441711726,-2.6));
#7917=CARTESIAN_POINT('',(-14.65,19.8880247250881,-4.4));
#7918=CARTESIAN_POINT('Ctrl Pts',(-14.65,19.8880247250881,-4.4));
#7919=CARTESIAN_POINT('Ctrl Pts',(-14.65,19.7341532038481,-4.12640938260176));
#7920=CARTESIAN_POINT('Ctrl Pts',(-14.65,19.6055441711726,-3.9));
#7921=CARTESIAN_POINT('',(-14.65,19.3978240283249,-5.6));
#7922=CARTESIAN_POINT('Ctrl Pts',(-14.65,19.3978240283249,-5.6));
#7923=CARTESIAN_POINT('Ctrl Pts',(-14.65,19.6024295365383,-5.10557659230536));
#7924=CARTESIAN_POINT('Ctrl Pts',(-14.65,19.8880247250881,-4.4));
#7925=CARTESIAN_POINT('',(-14.65,17.1021759716751,-5.6));
#7926=CARTESIAN_POINT('',(-14.65,18.25,-5.6));
#7927=CARTESIAN_POINT('',(-14.65,16.6119752749119,-4.4));
#7928=CARTESIAN_POINT('Ctrl Pts',(-14.65,16.6119752749119,-4.4));
#7929=CARTESIAN_POINT('Ctrl Pts',(-14.65,16.8975704634617,-5.10557659230536));
#7930=CARTESIAN_POINT('Ctrl Pts',(-14.65,17.1021759716751,-5.6));
#7931=CARTESIAN_POINT('',(-14.65,16.8944558288274,-3.9));
#7932=CARTESIAN_POINT('Ctrl Pts',(-14.65,16.8944558288274,-3.9));
#7933=CARTESIAN_POINT('Ctrl Pts',(-14.65,16.7658467961519,-4.12640938260176));
#7934=CARTESIAN_POINT('Ctrl Pts',(-14.65,16.6119752749119,-4.4));
#7935=CARTESIAN_POINT('',(-14.65,16.8944558288274,-2.1));
#7936=CARTESIAN_POINT('',(-14.65,16.8944558288274,-2.6));
#7937=CARTESIAN_POINT('',(-14.65,16.0780193371027,-2.1));
#7938=CARTESIAN_POINT('',(-14.65,18.25,-2.1));
#7939=CARTESIAN_POINT('',(-14.65,16.0780193371027,-1.7));
#7940=CARTESIAN_POINT('Origin',(-15.,18.25,-1.7));
#7941=CARTESIAN_POINT('',(-12.8,18.25,-1.3));
#7942=CARTESIAN_POINT('Origin',(-15.,18.25,-1.3));
#7943=CARTESIAN_POINT('',(-12.8,18.25,-2.1));
#7944=CARTESIAN_POINT('',(-12.8,18.25,-1.7));
#7945=CARTESIAN_POINT('Origin',(-15.,18.25,-2.1));
#7946=CARTESIAN_POINT('Origin',(-15.,18.25,-2.1));
#7947=CARTESIAN_POINT('Origin',(-15.,18.25,-2.1));
#7948=CARTESIAN_POINT('Origin',(-15.,18.25,-2.1));
#7949=CARTESIAN_POINT('Origin',(-15.,18.25,-2.1));
#7950=CARTESIAN_POINT('Origin',(-15.,18.25,-2.1));
#7951=CARTESIAN_POINT('Origin',(-15.,18.25,-2.1));
#7952=CARTESIAN_POINT('Origin',(-15.,18.25,-2.6));
#7953=CARTESIAN_POINT('Origin',(-15.,18.25,-3.9));
#7954=CARTESIAN_POINT('Origin',(-15.,18.25,-2.6));
#7955=CARTESIAN_POINT('Origin',(-15.,18.25,-3.9));
#7956=CARTESIAN_POINT('Origin',(-15.,18.25,-4.15));
#7957=CARTESIAN_POINT('Origin',(-15.,18.25,-4.4));
#7958=CARTESIAN_POINT('Origin',(-15.,18.25,-4.15));
#7959=CARTESIAN_POINT('Origin',(-15.,18.25,-4.4));
#7960=CARTESIAN_POINT('Origin',(-15.,18.25,-5.6));
#7961=CARTESIAN_POINT('Origin',(-15.,18.25,-5.6));
#7962=CARTESIAN_POINT('Origin',(-15.,18.25,-5.));
#7963=CARTESIAN_POINT('Origin',(-15.,18.25,-5.));
#7964=CARTESIAN_POINT('Origin',(-15.,18.25,-5.6));
#7965=CARTESIAN_POINT('Origin',(-15.,18.25,-5.6));
#7966=CARTESIAN_POINT('Origin',(14.65,-10.25,-4.055));
#7967=CARTESIAN_POINT('',(14.65,-8.53535718005178,-1.91));
#7968=CARTESIAN_POINT('',(14.65,-8.53535718005178,-2.25));
#7969=CARTESIAN_POINT('',(14.65,-8.53535718005178,-2.075));
#7970=CARTESIAN_POINT('',(14.65,-11.9646428199482,-1.91));
#7971=CARTESIAN_POINT('',(14.65,-10.25,-1.91));
#7972=CARTESIAN_POINT('',(14.65,-11.9646428199482,-2.25));
#7973=CARTESIAN_POINT('',(14.65,-11.9646428199482,-2.075));
#7974=CARTESIAN_POINT('',(14.65,-11.6055441711726,-2.25));
#7975=CARTESIAN_POINT('',(14.65,-10.25,-2.25));
#7976=CARTESIAN_POINT('',(14.65,-11.6055441711726,-3.9));
#7977=CARTESIAN_POINT('',(14.65,-11.6055441711726,-2.9));
#7978=CARTESIAN_POINT('',(14.65,-11.8112494995996,-4.4));
#7979=CARTESIAN_POINT('Ctrl Pts',(14.65,-11.8112494995996,-4.4));
#7980=CARTESIAN_POINT('Ctrl Pts',(14.65,-11.701539991101,-4.13236888243001));
#7981=CARTESIAN_POINT('Ctrl Pts',(14.65,-11.6055441711726,-3.9));
#7982=CARTESIAN_POINT('',(14.65,-11.3978240283249,-5.6));
#7983=CARTESIAN_POINT('Ctrl Pts',(14.65,-11.3978240283249,-5.6));
#7984=CARTESIAN_POINT('Ctrl Pts',(14.65,-11.5750063731578,-5.09156461801473));
#7985=CARTESIAN_POINT('Ctrl Pts',(14.65,-11.8112494995996,-4.4));
#7986=CARTESIAN_POINT('',(14.65,-9.1021759716751,-5.6));
#7987=CARTESIAN_POINT('',(14.65,-10.25,-5.6));
#7988=CARTESIAN_POINT('',(14.65,-8.6887505004004,-4.4));
#7989=CARTESIAN_POINT('Ctrl Pts',(14.65,-8.6887505004004,-4.4));
#7990=CARTESIAN_POINT('Ctrl Pts',(14.65,-8.924993626842,-5.091564618014));
#7991=CARTESIAN_POINT('Ctrl Pts',(14.65,-9.1021759716751,-5.6));
#7992=CARTESIAN_POINT('',(14.65,-8.89445582882741,-3.9));
#7993=CARTESIAN_POINT('Ctrl Pts',(14.65,-8.89445582882741,-3.9));
#7994=CARTESIAN_POINT('Ctrl Pts',(14.65,-8.79846000889685,-4.13236888243534));
#7995=CARTESIAN_POINT('Ctrl Pts',(14.65,-8.6887505004004,-4.4));
#7996=CARTESIAN_POINT('',(14.65,-8.89445582882741,-2.25));
#7997=CARTESIAN_POINT('',(14.65,-8.89445582882741,-2.9));
#7998=CARTESIAN_POINT('',(14.65,-10.25,-2.25));
#7999=CARTESIAN_POINT('Origin',(15.,-10.25,-1.91));
#8000=CARTESIAN_POINT('',(15.35,-8.53535718005178,-1.91));
#8001=CARTESIAN_POINT('Origin',(15.,-10.25,-1.91));
#8002=CARTESIAN_POINT('',(15.35,-11.9646428199482,-1.91));
#8003=CARTESIAN_POINT('',(15.35,-10.25,-1.91));
#8004=CARTESIAN_POINT('Origin',(15.,-10.25,-1.91));
#8005=CARTESIAN_POINT('Origin',(15.35,-10.25,-4.055));
#8006=CARTESIAN_POINT('',(15.35,-8.53535718005178,-2.25));
#8007=CARTESIAN_POINT('',(15.35,-8.53535718005178,-2.075));
#8008=CARTESIAN_POINT('',(15.35,-8.89445582882741,-2.25));
#8009=CARTESIAN_POINT('',(15.35,-10.25,-2.25));
#8010=CARTESIAN_POINT('',(15.35,-8.89445582882741,-3.9));
#8011=CARTESIAN_POINT('',(15.35,-8.89445582882741,-2.9));
#8012=CARTESIAN_POINT('',(15.35,-8.6887505004004,-4.4));
#8013=CARTESIAN_POINT('Ctrl Pts',(15.35,-8.6887505004004,-4.4));
#8014=CARTESIAN_POINT('Ctrl Pts',(15.35,-8.79846000889685,-4.13236888243534));
#8015=CARTESIAN_POINT('Ctrl Pts',(15.35,-8.89445582882741,-3.9));
#8016=CARTESIAN_POINT('',(15.35,-9.1021759716751,-5.6));
#8017=CARTESIAN_POINT('Ctrl Pts',(15.35,-9.1021759716751,-5.6));
#8018=CARTESIAN_POINT('Ctrl Pts',(15.35,-8.924993626842,-5.091564618014));
#8019=CARTESIAN_POINT('Ctrl Pts',(15.35,-8.6887505004004,-4.4));
#8020=CARTESIAN_POINT('',(15.35,-11.3978240283249,-5.6));
#8021=CARTESIAN_POINT('',(15.35,-10.25,-5.6));
#8022=CARTESIAN_POINT('',(15.35,-11.8112494995996,-4.4));
#8023=CARTESIAN_POINT('Ctrl Pts',(15.35,-11.8112494995996,-4.4));
#8024=CARTESIAN_POINT('Ctrl Pts',(15.35,-11.5750063731578,-5.09156461801473));
#8025=CARTESIAN_POINT('Ctrl Pts',(15.35,-11.3978240283249,-5.6));
#8026=CARTESIAN_POINT('',(15.35,-11.6055441711726,-3.9));
#8027=CARTESIAN_POINT('Ctrl Pts',(15.35,-11.6055441711726,-3.9));
#8028=CARTESIAN_POINT('Ctrl Pts',(15.35,-11.701539991101,-4.13236888243001));
#8029=CARTESIAN_POINT('Ctrl Pts',(15.35,-11.8112494995996,-4.4));
#8030=CARTESIAN_POINT('',(15.35,-11.6055441711726,-2.25));
#8031=CARTESIAN_POINT('',(15.35,-11.6055441711726,-2.9));
#8032=CARTESIAN_POINT('',(15.35,-11.9646428199482,-2.25));
#8033=CARTESIAN_POINT('',(15.35,-10.25,-2.25));
#8034=CARTESIAN_POINT('',(15.35,-11.9646428199482,-2.075));
#8035=CARTESIAN_POINT('Origin',(15.,-10.25,-2.075));
#8036=CARTESIAN_POINT('',(13.3960985067655,-9.55,-1.9));
#8037=CARTESIAN_POINT('',(16.75,-10.25,-1.9));
#8038=CARTESIAN_POINT('Origin',(15.,-10.25,-1.9));
#8039=CARTESIAN_POINT('',(16.6039014932345,-9.55,-1.9));
#8040=CARTESIAN_POINT('Origin',(15.,-10.25,-1.9));
#8041=CARTESIAN_POINT('Origin',(15.,-10.25,-1.9));
#8042=CARTESIAN_POINT('',(16.75,-10.25,-2.25));
#8043=CARTESIAN_POINT('',(16.75,-10.25,-2.075));
#8044=CARTESIAN_POINT('Origin',(15.,-10.25,-2.25));
#8045=CARTESIAN_POINT('Origin',(15.,-10.25,-2.25));
#8046=CARTESIAN_POINT('Origin',(15.,-10.25,-2.25));
#8047=CARTESIAN_POINT('Origin',(15.,-10.25,-2.25));
#8048=CARTESIAN_POINT('Origin',(15.,-10.25,-2.25));
#8049=CARTESIAN_POINT('Origin',(15.,-10.25,-2.25));
#8050=CARTESIAN_POINT('Origin',(15.,-10.25,-2.25));
#8051=CARTESIAN_POINT('Origin',(15.,-10.25,-2.9));
#8052=CARTESIAN_POINT('Origin',(15.,-10.25,-3.9));
#8053=CARTESIAN_POINT('Origin',(15.,-10.25,-2.9));
#8054=CARTESIAN_POINT('Origin',(15.,-10.25,-3.9));
#8055=CARTESIAN_POINT('Origin',(15.,-10.25,-4.15));
#8056=CARTESIAN_POINT('Origin',(15.,-10.25,-4.4));
#8057=CARTESIAN_POINT('Origin',(15.,-10.25,-4.15));
#8058=CARTESIAN_POINT('Origin',(15.,-10.25,-4.4));
#8059=CARTESIAN_POINT('Origin',(15.,-10.25,-5.6));
#8060=CARTESIAN_POINT('Origin',(15.,-10.25,-5.6));
#8061=CARTESIAN_POINT('Origin',(15.,-10.25,-5.));
#8062=CARTESIAN_POINT('Origin',(15.,-10.25,-5.));
#8063=CARTESIAN_POINT('Origin',(15.,-10.25,-5.6));
#8064=CARTESIAN_POINT('Origin',(15.,-10.25,-5.6));
#8065=CARTESIAN_POINT('Origin',(15.,-10.25,-1.9));
#8066=CARTESIAN_POINT('',(7.5,-9.55,-1.9));
#8067=CARTESIAN_POINT('Origin',(14.65,18.25,-3.755));
#8068=CARTESIAN_POINT('',(14.65,20.4219806628973,-1.31));
#8069=CARTESIAN_POINT('',(14.65,20.4219806628973,-2.1));
#8070=CARTESIAN_POINT('',(14.65,20.4219806628973,-1.7));
#8071=CARTESIAN_POINT('',(14.65,16.0780193371026,-1.31));
#8072=CARTESIAN_POINT('',(14.65,18.25,-1.31));
#8073=CARTESIAN_POINT('',(14.65,16.0780193371026,-2.1));
#8074=CARTESIAN_POINT('',(14.65,16.0780193371026,-1.7));
#8075=CARTESIAN_POINT('',(14.65,16.8944558288274,-2.1));
#8076=CARTESIAN_POINT('',(14.65,18.25,-2.1));
#8077=CARTESIAN_POINT('',(14.65,16.8944558288274,-3.9));
#8078=CARTESIAN_POINT('',(14.65,16.8944558288274,-2.6));
#8079=CARTESIAN_POINT('',(14.65,16.6119752749119,-4.4));
#8080=CARTESIAN_POINT('Ctrl Pts',(14.65,16.6119752749119,-4.4));
#8081=CARTESIAN_POINT('Ctrl Pts',(14.65,16.7658467961519,-4.12640938260176));
#8082=CARTESIAN_POINT('Ctrl Pts',(14.65,16.8944558288274,-3.9));
#8083=CARTESIAN_POINT('',(14.65,17.1021759716751,-5.6));
#8084=CARTESIAN_POINT('Ctrl Pts',(14.65,17.1021759716751,-5.6));
#8085=CARTESIAN_POINT('Ctrl Pts',(14.65,16.8975704634617,-5.10557659230536));
#8086=CARTESIAN_POINT('Ctrl Pts',(14.65,16.6119752749119,-4.4));
#8087=CARTESIAN_POINT('',(14.65,19.3978240283249,-5.6));
#8088=CARTESIAN_POINT('',(14.65,18.25,-5.6));
#8089=CARTESIAN_POINT('',(14.65,19.8880247250881,-4.4));
#8090=CARTESIAN_POINT('Ctrl Pts',(14.65,19.8880247250881,-4.4));
#8091=CARTESIAN_POINT('Ctrl Pts',(14.65,19.6024295365383,-5.10557659230536));
#8092=CARTESIAN_POINT('Ctrl Pts',(14.65,19.3978240283249,-5.6));
#8093=CARTESIAN_POINT('',(14.65,19.6055441711726,-3.9));
#8094=CARTESIAN_POINT('Ctrl Pts',(14.65,19.6055441711726,-3.9));
#8095=CARTESIAN_POINT('Ctrl Pts',(14.65,19.7341532038481,-4.12640938260176));
#8096=CARTESIAN_POINT('Ctrl Pts',(14.65,19.8880247250881,-4.4));
#8097=CARTESIAN_POINT('',(14.65,19.6055441711726,-2.1));
#8098=CARTESIAN_POINT('',(14.65,19.6055441711726,-2.6));
#8099=CARTESIAN_POINT('',(14.65,18.25,-2.1));
#8100=CARTESIAN_POINT('Origin',(15.,18.25,-1.31));
#8101=CARTESIAN_POINT('',(15.35,20.4219806628973,-1.31));
#8102=CARTESIAN_POINT('Origin',(15.,18.25,-1.31));
#8103=CARTESIAN_POINT('',(15.35,16.0780193371026,-1.31));
#8104=CARTESIAN_POINT('',(15.35,18.25,-1.31));
#8105=CARTESIAN_POINT('Origin',(15.,18.25,-1.31));
#8106=CARTESIAN_POINT('Origin',(15.35,18.25,-3.755));
#8107=CARTESIAN_POINT('',(15.35,20.4219806628973,-2.1));
#8108=CARTESIAN_POINT('',(15.35,20.4219806628973,-1.7));
#8109=CARTESIAN_POINT('',(15.35,19.6055441711726,-2.1));
#8110=CARTESIAN_POINT('',(15.35,18.25,-2.1));
#8111=CARTESIAN_POINT('',(15.35,19.6055441711726,-3.9));
#8112=CARTESIAN_POINT('',(15.35,19.6055441711726,-2.6));
#8113=CARTESIAN_POINT('',(15.35,19.8880247250881,-4.4));
#8114=CARTESIAN_POINT('Ctrl Pts',(15.35,19.8880247250881,-4.4));
#8115=CARTESIAN_POINT('Ctrl Pts',(15.35,19.7341532038481,-4.12640938260176));
#8116=CARTESIAN_POINT('Ctrl Pts',(15.35,19.6055441711726,-3.9));
#8117=CARTESIAN_POINT('',(15.35,19.3978240283249,-5.6));
#8118=CARTESIAN_POINT('Ctrl Pts',(15.35,19.3978240283249,-5.6));
#8119=CARTESIAN_POINT('Ctrl Pts',(15.35,19.6024295365383,-5.10557659230536));
#8120=CARTESIAN_POINT('Ctrl Pts',(15.35,19.8880247250881,-4.4));
#8121=CARTESIAN_POINT('',(15.35,17.1021759716751,-5.6));
#8122=CARTESIAN_POINT('',(15.35,18.25,-5.6));
#8123=CARTESIAN_POINT('',(15.35,16.6119752749119,-4.4));
#8124=CARTESIAN_POINT('Ctrl Pts',(15.35,16.6119752749119,-4.4));
#8125=CARTESIAN_POINT('Ctrl Pts',(15.35,16.8975704634617,-5.10557659230536));
#8126=CARTESIAN_POINT('Ctrl Pts',(15.35,17.1021759716751,-5.6));
#8127=CARTESIAN_POINT('',(15.35,16.8944558288274,-3.9));
#8128=CARTESIAN_POINT('Ctrl Pts',(15.35,16.8944558288274,-3.9));
#8129=CARTESIAN_POINT('Ctrl Pts',(15.35,16.7658467961519,-4.12640938260176));
#8130=CARTESIAN_POINT('Ctrl Pts',(15.35,16.6119752749119,-4.4));
#8131=CARTESIAN_POINT('',(15.35,16.8944558288274,-2.1));
#8132=CARTESIAN_POINT('',(15.35,16.8944558288274,-2.6));
#8133=CARTESIAN_POINT('',(15.35,16.0780193371026,-2.1));
#8134=CARTESIAN_POINT('',(15.35,18.25,-2.1));
#8135=CARTESIAN_POINT('',(15.35,16.0780193371026,-1.7));
#8136=CARTESIAN_POINT('Origin',(15.,18.25,-1.7));
#8137=CARTESIAN_POINT('',(17.2,18.25,-1.3));
#8138=CARTESIAN_POINT('Origin',(15.,18.25,-1.3));
#8139=CARTESIAN_POINT('',(17.2,18.25,-2.1));
#8140=CARTESIAN_POINT('',(17.2,18.25,-1.7));
#8141=CARTESIAN_POINT('Origin',(15.,18.25,-2.1));
#8142=CARTESIAN_POINT('Origin',(15.,18.25,-2.1));
#8143=CARTESIAN_POINT('Origin',(15.,18.25,-2.1));
#8144=CARTESIAN_POINT('Origin',(15.,18.25,-2.1));
#8145=CARTESIAN_POINT('Origin',(15.,18.25,-2.1));
#8146=CARTESIAN_POINT('Origin',(15.,18.25,-2.1));
#8147=CARTESIAN_POINT('Origin',(15.,18.25,-2.1));
#8148=CARTESIAN_POINT('Origin',(15.,18.25,-2.6));
#8149=CARTESIAN_POINT('Origin',(15.,18.25,-3.9));
#8150=CARTESIAN_POINT('Origin',(15.,18.25,-2.6));
#8151=CARTESIAN_POINT('Origin',(15.,18.25,-3.9));
#8152=CARTESIAN_POINT('Origin',(15.,18.25,-4.15));
#8153=CARTESIAN_POINT('Origin',(15.,18.25,-4.4));
#8154=CARTESIAN_POINT('Origin',(15.,18.25,-4.15));
#8155=CARTESIAN_POINT('Origin',(15.,18.25,-4.4));
#8156=CARTESIAN_POINT('Origin',(15.,18.25,-5.6));
#8157=CARTESIAN_POINT('Origin',(15.,18.25,-5.6));
#8158=CARTESIAN_POINT('Origin',(15.,18.25,-5.));
#8159=CARTESIAN_POINT('Origin',(15.,18.25,-5.));
#8160=CARTESIAN_POINT('Origin',(15.,18.25,-5.6));
#8161=CARTESIAN_POINT('Origin',(15.,18.25,-5.6));
#8162=CARTESIAN_POINT('Origin',(-15.,-10.25,-1.9));
#8163=CARTESIAN_POINT('',(-13.1265006004805,-9.55,-1.9));
#8164=CARTESIAN_POINT('',(-7.5,-9.55,-1.9));
#8165=CARTESIAN_POINT('',(-16.8734993995195,-9.55,-1.9));
#8166=CARTESIAN_POINT('Origin',(-15.,-10.25,-1.9));
#8167=CARTESIAN_POINT('',(-7.5,-9.55,-1.9));
#8168=CARTESIAN_POINT('Origin',(-15.,-10.25,-2.105));
#8169=CARTESIAN_POINT('',(-13.1265006004805,-9.55,-2.3));
#8170=CARTESIAN_POINT('',(-13.1265006004805,-9.55,-2.105));
#8171=CARTESIAN_POINT('',(-16.8734993995195,-9.55,-2.3));
#8172=CARTESIAN_POINT('Origin',(-15.,-10.25,-2.3));
#8173=CARTESIAN_POINT('',(-16.8734993995195,-9.55,-2.105));
#8174=CARTESIAN_POINT('Origin',(-1.16953769318572E-15,-9.55,-0.655));
#8175=CARTESIAN_POINT('',(-17.5,-9.55,-2.3));
#8176=CARTESIAN_POINT('',(-1.16953769318572E-15,-9.55,-2.3));
#8177=CARTESIAN_POINT('',(-17.5,-9.55,0.));
#8178=CARTESIAN_POINT('',(-17.5,-9.55,-0.655));
#8179=CARTESIAN_POINT('',(-8.,-9.55,0.));
#8180=CARTESIAN_POINT('',(-1.16953769318572E-15,-9.55,0.));
#8181=CARTESIAN_POINT('',(-8.,-9.55,-2.3));
#8182=CARTESIAN_POINT('',(-8.,-9.55,-0.655));
#8183=CARTESIAN_POINT('',(-1.16953769318572E-15,-9.55,-2.3));
#8184=CARTESIAN_POINT('Origin',(-15.,18.25,-1.805));
#8185=CARTESIAN_POINT('',(-12.6,18.25,-2.3));
#8186=CARTESIAN_POINT('Origin',(-15.,18.25,-2.3));
#8187=CARTESIAN_POINT('',(-12.6,18.25,-1.3));
#8188=CARTESIAN_POINT('',(-12.6,18.25,-1.805));
#8189=CARTESIAN_POINT('Origin',(-15.,18.25,-1.3));
#8190=CARTESIAN_POINT('Origin',(-15.,18.25,-1.3));
#8191=CARTESIAN_POINT('Origin',(15.,-10.25,-1.9));
#8192=CARTESIAN_POINT('',(16.8734993995195,-9.55,-1.9));
#8193=CARTESIAN_POINT('',(7.5,-9.55,-1.9));
#8194=CARTESIAN_POINT('',(13.1265006004805,-9.55,-1.9));
#8195=CARTESIAN_POINT('Origin',(15.,-10.25,-1.9));
#8196=CARTESIAN_POINT('',(7.5,-9.55,-1.9));
#8197=CARTESIAN_POINT('Origin',(15.,-10.25,-2.105));
#8198=CARTESIAN_POINT('',(16.8734993995195,-9.55,-2.3));
#8199=CARTESIAN_POINT('',(16.8734993995195,-9.55,-2.105));
#8200=CARTESIAN_POINT('',(13.1265006004805,-9.55,-2.3));
#8201=CARTESIAN_POINT('Origin',(15.,-10.25,-2.3));
#8202=CARTESIAN_POINT('',(13.1265006004805,-9.55,-2.105));
#8203=CARTESIAN_POINT('Origin',(-1.16953769318572E-15,-9.55,-0.655));
#8204=CARTESIAN_POINT('',(8.,-9.55,-2.3));
#8205=CARTESIAN_POINT('',(-1.16953769318572E-15,-9.55,-2.3));
#8206=CARTESIAN_POINT('',(8.,-9.55,0.));
#8207=CARTESIAN_POINT('',(8.,-9.55,-0.655));
#8208=CARTESIAN_POINT('',(17.5,-9.55,0.));
#8209=CARTESIAN_POINT('',(-1.16953769318572E-15,-9.55,0.));
#8210=CARTESIAN_POINT('',(17.5,-9.55,-2.3));
#8211=CARTESIAN_POINT('',(17.5,-9.55,-0.655));
#8212=CARTESIAN_POINT('',(-1.16953769318572E-15,-9.55,-2.3));
#8213=CARTESIAN_POINT('Origin',(15.,18.25,-1.805));
#8214=CARTESIAN_POINT('',(17.4,18.25,-2.3));
#8215=CARTESIAN_POINT('Origin',(15.,18.25,-2.3));
#8216=CARTESIAN_POINT('',(17.4,18.25,-1.3));
#8217=CARTESIAN_POINT('',(17.4,18.25,-1.805));
#8218=CARTESIAN_POINT('Origin',(15.,18.25,-1.3));
#8219=CARTESIAN_POINT('Origin',(15.,18.25,-1.3));
#8220=CARTESIAN_POINT('Origin',(-24.5,3.00038465791102E-15,-2.6));
#8221=CARTESIAN_POINT('',(-23.4,3.00038465791102E-15,-5.6));
#8222=CARTESIAN_POINT('Origin',(-24.5,3.00038465791102E-15,-5.6));
#8223=CARTESIAN_POINT('',(-23.4,2.7309623620986E-15,-4.4));
#8224=CARTESIAN_POINT('',(-23.4,3.00038465791102E-15,-2.6));
#8225=CARTESIAN_POINT('Origin',(-24.5,3.00038465791102E-15,-4.4));
#8226=CARTESIAN_POINT('Origin',(-24.5,3.00038465791102E-15,-1.95));
#8227=CARTESIAN_POINT('',(-22.9,3.00038465791102E-15,-4.4));
#8228=CARTESIAN_POINT('Origin',(-24.5,3.00038465791102E-15,-4.4));
#8229=CARTESIAN_POINT('',(-22.9,2.60849768218386E-15,-0.4));
#8230=CARTESIAN_POINT('',(-22.9,3.00038465791102E-15,-1.95));
#8231=CARTESIAN_POINT('Origin',(-24.5,3.00038465791102E-15,-0.4));
#8232=CARTESIAN_POINT('Origin',(-24.5,3.00038465791102E-15,-4.4));
#8233=CARTESIAN_POINT('Origin',(-24.5,3.00038465791102E-15,0.05));
#8234=CARTESIAN_POINT('',(-22.5,3.00038465791102E-15,-0.4));
#8235=CARTESIAN_POINT('Origin',(-24.5,3.00038465791102E-15,-0.4));
#8236=CARTESIAN_POINT('',(-22.5,2.51052593825207E-15,0.));
#8237=CARTESIAN_POINT('',(-22.5,3.00038465791102E-15,0.05));
#8238=CARTESIAN_POINT('Origin',(-24.5,3.00038465791102E-15,0.));
#8239=CARTESIAN_POINT('Origin',(-24.5,3.00038465791102E-15,-0.4));
#8240=CARTESIAN_POINT('Origin',(24.5,-3.00038465791102E-15,-2.6));
#8241=CARTESIAN_POINT('',(25.6,-3.00038465791102E-15,-5.6));
#8242=CARTESIAN_POINT('Origin',(24.5,-3.00038465791102E-15,-5.6));
#8243=CARTESIAN_POINT('',(25.6,-3.26980695372343E-15,-4.4));
#8244=CARTESIAN_POINT('',(25.6,-3.00038465791102E-15,-2.6));
#8245=CARTESIAN_POINT('Origin',(24.5,-3.00038465791102E-15,-4.4));
#8246=CARTESIAN_POINT('Origin',(24.5,-3.00038465791102E-15,-1.95));
#8247=CARTESIAN_POINT('',(26.1,-3.00038465791102E-15,-4.4));
#8248=CARTESIAN_POINT('Origin',(24.5,-3.00038465791102E-15,-4.4));
#8249=CARTESIAN_POINT('',(26.1,-3.39227163363817E-15,-0.4));
#8250=CARTESIAN_POINT('',(26.1,-3.00038465791102E-15,-1.95));
#8251=CARTESIAN_POINT('Origin',(24.5,-3.00038465791102E-15,-0.4));
#8252=CARTESIAN_POINT('Origin',(24.5,-3.00038465791102E-15,-4.4));
#8253=CARTESIAN_POINT('Origin',(24.5,-3.00038465791102E-15,0.05));
#8254=CARTESIAN_POINT('',(26.5,-3.00038465791102E-15,-0.4));
#8255=CARTESIAN_POINT('Origin',(24.5,-3.00038465791102E-15,-0.4));
#8256=CARTESIAN_POINT('',(26.5,-3.49024337756996E-15,0.));
#8257=CARTESIAN_POINT('',(26.5,-3.00038465791102E-15,0.05));
#8258=CARTESIAN_POINT('Origin',(24.5,-3.00038465791102E-15,0.));
#8259=CARTESIAN_POINT('Origin',(24.5,-3.00038465791102E-15,-0.4));
#8260=CARTESIAN_POINT('Origin',(8.,-11.4,-0.655));
#8261=CARTESIAN_POINT('',(8.,-13.25,-2.3));
#8262=CARTESIAN_POINT('',(8.,-3.7,-2.3));
#8263=CARTESIAN_POINT('',(8.,-13.25,0.));
#8264=CARTESIAN_POINT('',(8.,-13.25,-0.655));
#8265=CARTESIAN_POINT('',(8.,-3.7,0.));
#8266=CARTESIAN_POINT('Origin',(-8.,-11.4,-0.655));
#8267=CARTESIAN_POINT('',(-8.,-13.25,-2.3));
#8268=CARTESIAN_POINT('',(-8.,-3.7,-2.3));
#8269=CARTESIAN_POINT('',(-8.,-13.25,0.));
#8270=CARTESIAN_POINT('',(-8.,-3.7,0.));
#8271=CARTESIAN_POINT('',(-8.,-13.25,-0.655));
#8272=CARTESIAN_POINT('Origin',(4.89858719658941E-16,4.,-2.3));
#8273=CARTESIAN_POINT('',(-1.62265700887024E-15,-13.25,-2.3));
#8274=CARTESIAN_POINT('',(-8.,21.25,-2.3));
#8275=CARTESIAN_POINT('',(2.60237444818813E-15,21.25,-2.3));
#8276=CARTESIAN_POINT('',(-8.,14.45,-2.3));
#8277=CARTESIAN_POINT('',(-8.,10.925,-2.3));
#8278=CARTESIAN_POINT('',(-17.5,14.45,-2.3));
#8279=CARTESIAN_POINT('',(1.76961462476793E-15,14.45,-2.3));
#8280=CARTESIAN_POINT('',(-17.5,3.225,-2.3));
#8281=CARTESIAN_POINT('Origin',(4.89858719658941E-16,4.,-2.3));
#8282=CARTESIAN_POINT('',(17.5,14.45,-2.3));
#8283=CARTESIAN_POINT('',(17.5,3.225,-2.3));
#8284=CARTESIAN_POINT('',(8.,14.45,-2.3));
#8285=CARTESIAN_POINT('',(1.76961462476793E-15,14.45,-2.3));
#8286=CARTESIAN_POINT('',(8.,21.25,-2.3));
#8287=CARTESIAN_POINT('',(8.,10.925,-2.3));
#8288=CARTESIAN_POINT('',(2.60237444818813E-15,21.25,-2.3));
#8289=CARTESIAN_POINT('',(-1.62265700887024E-15,-13.25,-2.3));
#8290=CARTESIAN_POINT('Origin',(4.89858719658941E-16,4.,0.));
#8291=CARTESIAN_POINT('',(-24.5,-3.75,0.));
#8292=CARTESIAN_POINT('',(-22.5,-3.75,0.));
#8293=CARTESIAN_POINT('',(-4.59242549680257E-16,-3.75,0.));
#8294=CARTESIAN_POINT('',(-20.,-6.25,0.));
#8295=CARTESIAN_POINT('Origin',(-22.5,-6.25,0.));
#8296=CARTESIAN_POINT('',(-20.,-11.05,0.));
#8297=CARTESIAN_POINT('',(-20.,4.,0.));
#8298=CARTESIAN_POINT('',(-16.,-15.05,0.));
#8299=CARTESIAN_POINT('Origin',(-16.,-11.05,0.));
#8300=CARTESIAN_POINT('',(16.,-15.05,0.));
#8301=CARTESIAN_POINT('',(-1.84309343271677E-15,-15.05,0.));
#8302=CARTESIAN_POINT('',(20.,-11.05,0.));
#8303=CARTESIAN_POINT('Origin',(16.,-11.05,0.));
#8304=CARTESIAN_POINT('',(20.,-6.25,0.));
#8305=CARTESIAN_POINT('',(20.,4.,0.));
#8306=CARTESIAN_POINT('',(22.5,-3.75,0.));
#8307=CARTESIAN_POINT('Origin',(22.5,-6.25,0.));
#8308=CARTESIAN_POINT('',(24.5,-3.75,0.));
#8309=CARTESIAN_POINT('',(-4.59242549680257E-16,-3.75,0.));
#8310=CARTESIAN_POINT('',(28.25,-3.00038465791102E-15,0.));
#8311=CARTESIAN_POINT('Origin',(24.5,-3.00038465791102E-15,0.));
#8312=CARTESIAN_POINT('',(24.5,3.75,0.));
#8313=CARTESIAN_POINT('Origin',(24.5,-3.00038465791102E-15,0.));
#8314=CARTESIAN_POINT('',(22.5,3.75,0.));
#8315=CARTESIAN_POINT('',(4.59242549680257E-16,3.75,0.));
#8316=CARTESIAN_POINT('',(20.,6.25,0.));
#8317=CARTESIAN_POINT('Origin',(22.5,6.25,0.));
#8318=CARTESIAN_POINT('',(20.,19.05,0.));
#8319=CARTESIAN_POINT('',(20.,4.,0.));
#8320=CARTESIAN_POINT('',(16.,23.05,0.));
#8321=CARTESIAN_POINT('Origin',(16.,19.05,0.));
#8322=CARTESIAN_POINT('',(13.5,25.55,0.));
#8323=CARTESIAN_POINT('Origin',(16.,25.55,0.));
#8324=CARTESIAN_POINT('',(13.5,27.05,0.));
#8325=CARTESIAN_POINT('',(13.5,25.55,0.));
#8326=CARTESIAN_POINT('',(10.5,30.05,0.));
#8327=CARTESIAN_POINT('Origin',(10.5,27.05,0.));
#8328=CARTESIAN_POINT('',(-10.5,30.05,0.));
#8329=CARTESIAN_POINT('',(3.6800636314378E-15,30.05,0.));
#8330=CARTESIAN_POINT('',(-13.5,27.05,0.));
#8331=CARTESIAN_POINT('Origin',(-10.5,27.05,0.));
#8332=CARTESIAN_POINT('',(-13.5,25.55,0.));
#8333=CARTESIAN_POINT('',(-13.5,25.55,0.));
#8334=CARTESIAN_POINT('',(-16.,23.05,0.));
#8335=CARTESIAN_POINT('Origin',(-16.,25.55,0.));
#8336=CARTESIAN_POINT('',(-20.,19.05,0.));
#8337=CARTESIAN_POINT('Origin',(-16.,19.05,0.));
#8338=CARTESIAN_POINT('',(-20.,6.25,0.));
#8339=CARTESIAN_POINT('',(-20.,4.,0.));
#8340=CARTESIAN_POINT('',(-22.5,3.75,0.));
#8341=CARTESIAN_POINT('Origin',(-22.5,6.25,0.));
#8342=CARTESIAN_POINT('',(-24.5,3.75,0.));
#8343=CARTESIAN_POINT('',(4.59242549680257E-16,3.75,0.));
#8344=CARTESIAN_POINT('Origin',(-24.5,3.00038465791102E-15,0.));
#8345=CARTESIAN_POINT('',(-1.62265700887024E-15,-13.25,0.));
#8346=CARTESIAN_POINT('',(-17.5,14.45,0.));
#8347=CARTESIAN_POINT('',(-17.5,3.225,0.));
#8348=CARTESIAN_POINT('',(-8.,14.45,0.));
#8349=CARTESIAN_POINT('',(1.76961462476793E-15,14.45,0.));
#8350=CARTESIAN_POINT('',(-8.,21.25,0.));
#8351=CARTESIAN_POINT('',(-8.,10.925,0.));
#8352=CARTESIAN_POINT('',(8.,21.25,0.));
#8353=CARTESIAN_POINT('',(2.60237444818813E-15,21.25,0.));
#8354=CARTESIAN_POINT('',(8.,14.45,0.));
#8355=CARTESIAN_POINT('',(8.,10.925,0.));
#8356=CARTESIAN_POINT('',(17.5,14.45,0.));
#8357=CARTESIAN_POINT('',(1.76961462476793E-15,14.45,0.));
#8358=CARTESIAN_POINT('',(17.5,3.225,0.));
#8359=CARTESIAN_POINT('Origin',(-8.,17.85,-0.655));
#8360=CARTESIAN_POINT('',(-8.,21.25,-0.655));
#8361=CARTESIAN_POINT('',(-8.,14.45,-0.655));
#8362=CARTESIAN_POINT('Origin',(8.,17.85,-0.655));
#8363=CARTESIAN_POINT('',(8.,14.45,-0.655));
#8364=CARTESIAN_POINT('',(8.,21.25,-0.655));
#8365=CARTESIAN_POINT('Origin',(1.76961462476793E-15,14.45,-0.655));
#8366=CARTESIAN_POINT('',(17.5,14.45,-0.655));
#8367=CARTESIAN_POINT('Origin',(17.5,2.45,-0.655));
#8368=CARTESIAN_POINT('Origin',(1.76961462476793E-15,14.45,-0.655));
#8369=CARTESIAN_POINT('',(-17.5,14.45,-0.655));
#8370=CARTESIAN_POINT('Origin',(-17.5,2.45,-0.655));
#8371=CARTESIAN_POINT('Origin',(-1.62265700887024E-15,-13.25,-4.55));
#8372=CARTESIAN_POINT('',(-1.62265700887024E-15,-13.25,-5.8));
#8373=CARTESIAN_POINT('Origin',(2.60237444818813E-15,21.25,-4.55));
#8374=CARTESIAN_POINT('',(2.60237444818813E-15,21.25,-5.8));
#8375=CARTESIAN_POINT('Origin',(-24.5,3.00038465791102E-15,-5.6));
#8376=CARTESIAN_POINT('',(-20.75,3.00038465791102E-15,-5.6));
#8377=CARTESIAN_POINT('Origin',(-24.5,3.00038465791102E-15,-5.6));
#8378=CARTESIAN_POINT('Origin',(0.,0.,-3.2));
#8379=CARTESIAN_POINT('',(-24.5,-3.75,-3.2));
#8380=CARTESIAN_POINT('',(-20.75,3.00038465791102E-15,-3.2));
#8381=CARTESIAN_POINT('Origin',(-24.5,3.00038465791102E-15,-3.2));
#8382=CARTESIAN_POINT('',(-24.5,3.75,-3.2));
#8383=CARTESIAN_POINT('Origin',(-24.5,3.00038465791102E-15,-3.2));
#8384=CARTESIAN_POINT('',(-22.5,3.75,-3.2));
#8385=CARTESIAN_POINT('',(4.59242549680257E-16,3.75,-3.2));
#8386=CARTESIAN_POINT('',(-20.,6.25,-3.2));
#8387=CARTESIAN_POINT('Origin',(-22.5,6.25,-3.2));
#8388=CARTESIAN_POINT('',(-20.,-6.25,-3.2));
#8389=CARTESIAN_POINT('',(-20.,2.,-3.2));
#8390=CARTESIAN_POINT('',(-22.5,-3.75,-3.2));
#8391=CARTESIAN_POINT('Origin',(-22.5,-6.25,-3.2));
#8392=CARTESIAN_POINT('',(-4.59242549680257E-16,-3.75,-3.2));
#8393=CARTESIAN_POINT('Origin',(24.5,-3.00038465791102E-15,-5.6));
#8394=CARTESIAN_POINT('',(28.25,-3.00038465791102E-15,-5.6));
#8395=CARTESIAN_POINT('Origin',(24.5,-3.00038465791102E-15,-5.6));
#8396=CARTESIAN_POINT('Origin',(-16.,25.55,-1.6));
#8397=CARTESIAN_POINT('',(-16.,23.05,-3.2));
#8398=CARTESIAN_POINT('',(-13.5,25.55,-3.2));
#8399=CARTESIAN_POINT('Origin',(-16.,25.55,-3.2));
#8400=CARTESIAN_POINT('',(-16.,23.05,-2.9));
#8401=CARTESIAN_POINT('',(-13.5,25.55,-1.6));
#8402=CARTESIAN_POINT('Origin',(2.82281087203465E-15,23.05,-2.9));
#8403=CARTESIAN_POINT('',(16.,23.05,-3.2));
#8404=CARTESIAN_POINT('',(2.82281087203465E-15,23.05,-3.2));
#8405=CARTESIAN_POINT('',(16.,23.05,-5.8));
#8406=CARTESIAN_POINT('',(16.,23.05,-2.9));
#8407=CARTESIAN_POINT('',(-16.,23.05,-5.8));
#8408=CARTESIAN_POINT('',(2.82281087203465E-15,23.05,-5.8));
#8409=CARTESIAN_POINT('',(-16.,23.05,-2.9));
#8410=CARTESIAN_POINT('Origin',(3.12897257182149E-15,25.55,-3.2));
#8411=CARTESIAN_POINT('',(-13.5,27.05,-3.2));
#8412=CARTESIAN_POINT('',(-13.5,25.55,-3.2));
#8413=CARTESIAN_POINT('',(-10.5,30.05,-3.2));
#8414=CARTESIAN_POINT('Origin',(-10.5,27.05,-3.2));
#8415=CARTESIAN_POINT('',(10.5,30.05,-3.2));
#8416=CARTESIAN_POINT('',(3.6800636314378E-15,30.05,-3.2));
#8417=CARTESIAN_POINT('',(13.5,27.05,-3.2));
#8418=CARTESIAN_POINT('Origin',(10.5,27.05,-3.2));
#8419=CARTESIAN_POINT('',(13.5,25.55,-3.2));
#8420=CARTESIAN_POINT('',(13.5,24.05,-3.2));
#8421=CARTESIAN_POINT('Origin',(16.,25.55,-3.2));
#8422=CARTESIAN_POINT('Origin',(-13.5,25.55,-1.6));
#8423=CARTESIAN_POINT('',(-13.5,27.05,-1.6));
#8424=CARTESIAN_POINT('Origin',(16.,25.55,-1.6));
#8425=CARTESIAN_POINT('',(13.5,25.55,-1.6));
#8426=CARTESIAN_POINT('',(16.,23.05,-2.9));
#8427=CARTESIAN_POINT('Origin',(13.5,25.55,-1.6));
#8428=CARTESIAN_POINT('',(13.5,27.05,-1.6));
#8429=CARTESIAN_POINT('Origin',(-10.5,27.05,-1.6));
#8430=CARTESIAN_POINT('',(-10.5,30.05,-1.6));
#8431=CARTESIAN_POINT('Origin',(10.5,27.05,-1.6));
#8432=CARTESIAN_POINT('',(10.5,30.05,-1.6));
#8433=CARTESIAN_POINT('Origin',(3.6800636314378E-15,30.05,-1.6));
#8434=CARTESIAN_POINT('Origin',(-22.5,-6.25,-1.6));
#8435=CARTESIAN_POINT('',(-20.,-6.25,-1.6));
#8436=CARTESIAN_POINT('',(-22.5,-3.75,-1.6));
#8437=CARTESIAN_POINT('Origin',(-4.59242549680257E-16,-3.75,-1.6));
#8438=CARTESIAN_POINT('',(-24.5,-3.75,-1.6));
#8439=CARTESIAN_POINT('Origin',(-22.5,6.25,-1.6));
#8440=CARTESIAN_POINT('',(-22.5,3.75,-1.6));
#8441=CARTESIAN_POINT('',(-20.,6.25,-1.6));
#8442=CARTESIAN_POINT('Origin',(-20.,4.,-2.9));
#8443=CARTESIAN_POINT('',(-20.,19.05,-5.8));
#8444=CARTESIAN_POINT('',(-20.,19.05,-2.9));
#8445=CARTESIAN_POINT('',(-20.,-11.05,-5.8));
#8446=CARTESIAN_POINT('',(-20.,4.,-5.8));
#8447=CARTESIAN_POINT('',(-20.,-11.05,-2.9));
#8448=CARTESIAN_POINT('Origin',(22.5,-6.25,-1.6));
#8449=CARTESIAN_POINT('',(22.5,-3.75,-3.2));
#8450=CARTESIAN_POINT('',(20.,-6.25,-3.2));
#8451=CARTESIAN_POINT('Origin',(22.5,-6.25,-3.2));
#8452=CARTESIAN_POINT('',(22.5,-3.75,-1.6));
#8453=CARTESIAN_POINT('',(20.,-6.25,-1.6));
#8454=CARTESIAN_POINT('Origin',(20.,4.,-2.9));
#8455=CARTESIAN_POINT('',(20.,6.25,-3.2));
#8456=CARTESIAN_POINT('',(20.,2.,-3.2));
#8457=CARTESIAN_POINT('',(20.,-11.05,-5.8));
#8458=CARTESIAN_POINT('',(20.,-11.05,-2.9));
#8459=CARTESIAN_POINT('',(20.,19.05,-5.8));
#8460=CARTESIAN_POINT('',(20.,4.,-5.8));
#8461=CARTESIAN_POINT('',(20.,19.05,-2.9));
#8462=CARTESIAN_POINT('',(20.,6.25,-1.6));
#8463=CARTESIAN_POINT('Origin',(22.5,6.25,-1.6));
#8464=CARTESIAN_POINT('',(22.5,3.75,-3.2));
#8465=CARTESIAN_POINT('Origin',(22.5,6.25,-3.2));
#8466=CARTESIAN_POINT('',(22.5,3.75,-1.6));
#8467=CARTESIAN_POINT('Origin',(0.,0.,-3.2));
#8468=CARTESIAN_POINT('',(24.5,3.75,-3.2));
#8469=CARTESIAN_POINT('',(24.5,-3.75,-3.2));
#8470=CARTESIAN_POINT('Origin',(24.5,-3.00038465791102E-15,-3.2));
#8471=CARTESIAN_POINT('',(-4.59242549680257E-16,-3.75,-3.2));
#8472=CARTESIAN_POINT('',(4.59242549680257E-16,3.75,-3.2));
#8473=CARTESIAN_POINT('Origin',(4.59242549680257E-16,3.75,-1.6));
#8474=CARTESIAN_POINT('',(24.5,3.75,-1.6));
#8475=CARTESIAN_POINT('Origin',(4.59242549680257E-16,3.75,-1.6));
#8476=CARTESIAN_POINT('',(-24.5,3.75,-1.6));
#8477=CARTESIAN_POINT('Origin',(-24.5,3.00038465791102E-15,-1.6));
#8478=CARTESIAN_POINT('',(-20.75,3.00038465791102E-15,-1.6));
#8479=CARTESIAN_POINT('Origin',(24.5,-3.00038465791102E-15,-1.6));
#8480=CARTESIAN_POINT('',(24.5,-3.75,-1.6));
#8481=CARTESIAN_POINT('',(28.25,-3.00038465791102E-15,-1.6));
#8482=CARTESIAN_POINT('Origin',(-4.59242549680257E-16,-3.75,-1.6));
#8483=CARTESIAN_POINT('Origin',(-16.,-11.05,-2.9));
#8484=CARTESIAN_POINT('',(-16.,-15.05,-5.8));
#8485=CARTESIAN_POINT('Origin',(-16.,-11.05,-5.8));
#8486=CARTESIAN_POINT('',(-16.,-15.05,-2.9));
#8487=CARTESIAN_POINT('Origin',(-16.,19.05,-2.9));
#8488=CARTESIAN_POINT('Origin',(-16.,19.05,-5.8));
#8489=CARTESIAN_POINT('Origin',(16.,-11.05,-2.9));
#8490=CARTESIAN_POINT('',(16.,-15.05,-5.8));
#8491=CARTESIAN_POINT('',(16.,-15.05,-2.9));
#8492=CARTESIAN_POINT('Origin',(16.,-11.05,-5.8));
#8493=CARTESIAN_POINT('Origin',(4.89858719658941E-16,4.,-5.8));
#8494=CARTESIAN_POINT('Origin',(16.,19.05,-5.8));
#8495=CARTESIAN_POINT('',(-1.84309343271677E-15,-15.05,-5.8));
#8496=CARTESIAN_POINT('Origin',(16.,19.05,-2.9));
#8497=CARTESIAN_POINT('Origin',(-1.84309343271677E-15,-15.05,-2.9));
#8498=CARTESIAN_POINT('',(0.,0.,0.));
#8499=CARTESIAN_POINT('Origin',(-18.325,6.,-4.875));
#8500=CARTESIAN_POINT('',(-19.325,6.,-3.95));
#8501=CARTESIAN_POINT('',(-19.325,6.,-5.8));
#8502=CARTESIAN_POINT('',(-19.325,6.,-4.875));
#8503=CARTESIAN_POINT('',(-18.325,5.,-5.8));
#8504=CARTESIAN_POINT('Origin',(-18.325,6.,-5.8));
#8505=CARTESIAN_POINT('',(-18.325,5.,-3.95));
#8506=CARTESIAN_POINT('',(-18.325,5.,-4.875));
#8507=CARTESIAN_POINT('Origin',(-18.325,6.,-3.95));
#8508=CARTESIAN_POINT('Origin',(9.79717439317883E-16,8.,-3.95));
#8509=CARTESIAN_POINT('',(18.325,5.,-3.95));
#8510=CARTESIAN_POINT('',(6.12323399573677E-16,5.,-3.95));
#8511=CARTESIAN_POINT('',(19.325,6.,-3.95));
#8512=CARTESIAN_POINT('Origin',(18.325,6.,-3.95));
#8513=CARTESIAN_POINT('',(19.325,10.,-3.95));
#8514=CARTESIAN_POINT('',(19.325,8.,-3.95));
#8515=CARTESIAN_POINT('',(18.325,11.,-3.95));
#8516=CARTESIAN_POINT('Origin',(18.325,10.,-3.95));
#8517=CARTESIAN_POINT('',(-18.325,11.,-3.95));
#8518=CARTESIAN_POINT('',(1.34711147906209E-15,11.,-3.95));
#8519=CARTESIAN_POINT('',(-19.325,10.,-3.95));
#8520=CARTESIAN_POINT('Origin',(-18.325,10.,-3.95));
#8521=CARTESIAN_POINT('',(-19.325,8.,-3.95));
#8522=CARTESIAN_POINT('Origin',(-18.325,10.,-4.875));
#8523=CARTESIAN_POINT('',(-18.325,11.,-5.8));
#8524=CARTESIAN_POINT('',(-18.325,11.,-4.875));
#8525=CARTESIAN_POINT('',(-19.325,10.,-5.8));
#8526=CARTESIAN_POINT('Origin',(-18.325,10.,-5.8));
#8527=CARTESIAN_POINT('',(-19.325,10.,-4.875));
#8528=CARTESIAN_POINT('Origin',(18.325,6.,-4.875));
#8529=CARTESIAN_POINT('',(19.325,6.,-5.8));
#8530=CARTESIAN_POINT('',(19.325,6.,-4.875));
#8531=CARTESIAN_POINT('',(18.325,5.,-5.8));
#8532=CARTESIAN_POINT('',(18.325,5.,-4.875));
#8533=CARTESIAN_POINT('Origin',(18.325,6.,-5.8));
#8534=CARTESIAN_POINT('Origin',(9.79717439317883E-16,8.,-5.8));
#8535=CARTESIAN_POINT('',(-19.325,8.,-5.8));
#8536=CARTESIAN_POINT('',(18.325,11.,-5.8));
#8537=CARTESIAN_POINT('',(1.34711147906209E-15,11.,-5.8));
#8538=CARTESIAN_POINT('',(19.325,10.,-5.8));
#8539=CARTESIAN_POINT('Origin',(18.325,10.,-5.8));
#8540=CARTESIAN_POINT('',(19.325,8.,-5.8));
#8541=CARTESIAN_POINT('',(6.12323399573677E-16,5.,-5.8));
#8542=CARTESIAN_POINT('Origin',(18.325,10.,-4.875));
#8543=CARTESIAN_POINT('',(18.325,11.,-4.875));
#8544=CARTESIAN_POINT('',(19.325,10.,-4.875));
#8545=CARTESIAN_POINT('Origin',(19.325,8.,-4.875));
#8546=CARTESIAN_POINT('Origin',(-19.325,8.,-4.875));
#8547=CARTESIAN_POINT('Origin',(1.34711147906209E-15,11.,-4.875));
#8548=CARTESIAN_POINT('Origin',(6.12323399573677E-16,5.,-4.875));
#8549=CARTESIAN_POINT('',(0.,0.,0.));
#8550=CARTESIAN_POINT('',(0.,0.,0.));
#8551=CARTESIAN_POINT('',(0.,0.,0.));
#8552=CARTESIAN_POINT('',(0.,0.,0.));
#8553=CARTESIAN_POINT('',(0.,0.,0.));
#8554=CARTESIAN_POINT('',(0.,0.,0.));
#8555=UNCERTAINTY_MEASURE_WITH_UNIT(LENGTH_MEASURE(0.01),#8571,
'DISTANCE_ACCURACY_VALUE',
'Maximum model space distance between geometric entities at asserted c
onnectivities');
#8556=UNCERTAINTY_MEASURE_WITH_UNIT(LENGTH_MEASURE(0.01),#8571,
'DISTANCE_ACCURACY_VALUE',
'Maximum model space distance between geometric entities at asserted c
onnectivities');
#8557=UNCERTAINTY_MEASURE_WITH_UNIT(LENGTH_MEASURE(0.01),#8571,
'DISTANCE_ACCURACY_VALUE',
'Maximum model space distance between geometric entities at asserted c
onnectivities');
#8558=UNCERTAINTY_MEASURE_WITH_UNIT(LENGTH_MEASURE(0.01),#8571,
'DISTANCE_ACCURACY_VALUE',
'Maximum model space distance between geometric entities at asserted c
onnectivities');
#8559=UNCERTAINTY_MEASURE_WITH_UNIT(LENGTH_MEASURE(0.01),#8571,
'DISTANCE_ACCURACY_VALUE',
'Maximum model space distance between geometric entities at asserted c
onnectivities');
#8560=UNCERTAINTY_MEASURE_WITH_UNIT(LENGTH_MEASURE(0.01),#8571,
'DISTANCE_ACCURACY_VALUE',
'Maximum model space distance between geometric entities at asserted c
onnectivities');
#8561=UNCERTAINTY_MEASURE_WITH_UNIT(LENGTH_MEASURE(0.01),#8571,
'DISTANCE_ACCURACY_VALUE',
'Maximum model space distance between geometric entities at asserted c
onnectivities');
#8562=UNCERTAINTY_MEASURE_WITH_UNIT(LENGTH_MEASURE(0.01),#8571,
'DISTANCE_ACCURACY_VALUE',
'Maximum model space distance between geometric entities at asserted c
onnectivities');
#8563=(
GEOMETRIC_REPRESENTATION_CONTEXT(3)
GLOBAL_UNCERTAINTY_ASSIGNED_CONTEXT((#8555))
GLOBAL_UNIT_ASSIGNED_CONTEXT((#8571,#8573,#8574))
REPRESENTATION_CONTEXT('','3D')
);
#8564=(
GEOMETRIC_REPRESENTATION_CONTEXT(3)
GLOBAL_UNCERTAINTY_ASSIGNED_CONTEXT((#8556))
GLOBAL_UNIT_ASSIGNED_CONTEXT((#8571,#8573,#8574))
REPRESENTATION_CONTEXT('','3D')
);
#8565=(
GEOMETRIC_REPRESENTATION_CONTEXT(3)
GLOBAL_UNCERTAINTY_ASSIGNED_CONTEXT((#8557))
GLOBAL_UNIT_ASSIGNED_CONTEXT((#8571,#8573,#8574))
REPRESENTATION_CONTEXT('','3D')
);
#8566=(
GEOMETRIC_REPRESENTATION_CONTEXT(3)
GLOBAL_UNCERTAINTY_ASSIGNED_CONTEXT((#8558))
GLOBAL_UNIT_ASSIGNED_CONTEXT((#8571,#8573,#8574))
REPRESENTATION_CONTEXT('','3D')
);
#8567=(
GEOMETRIC_REPRESENTATION_CONTEXT(3)
GLOBAL_UNCERTAINTY_ASSIGNED_CONTEXT((#8559))
GLOBAL_UNIT_ASSIGNED_CONTEXT((#8571,#8573,#8574))
REPRESENTATION_CONTEXT('','3D')
);
#8568=(
GEOMETRIC_REPRESENTATION_CONTEXT(3)
GLOBAL_UNCERTAINTY_ASSIGNED_CONTEXT((#8560))
GLOBAL_UNIT_ASSIGNED_CONTEXT((#8571,#8573,#8574))
REPRESENTATION_CONTEXT('','3D')
);
#8569=(
GEOMETRIC_REPRESENTATION_CONTEXT(3)
GLOBAL_UNCERTAINTY_ASSIGNED_CONTEXT((#8561))
GLOBAL_UNIT_ASSIGNED_CONTEXT((#8571,#8573,#8574))
REPRESENTATION_CONTEXT('','3D')
);
#8570=(
GEOMETRIC_REPRESENTATION_CONTEXT(3)
GLOBAL_UNCERTAINTY_ASSIGNED_CONTEXT((#8562))
GLOBAL_UNIT_ASSIGNED_CONTEXT((#8571,#8573,#8574))
REPRESENTATION_CONTEXT('','3D')
);
#8571=(
LENGTH_UNIT()
NAMED_UNIT(*)
SI_UNIT(.MILLI.,.METRE.)
);
#8572=(
LENGTH_UNIT()
NAMED_UNIT(*)
SI_UNIT($,.METRE.)
);
#8573=(
NAMED_UNIT(*)
PLANE_ANGLE_UNIT()
SI_UNIT($,.RADIAN.)
);
#8574=(
NAMED_UNIT(*)
SI_UNIT($,.STERADIAN.)
SOLID_ANGLE_UNIT()
);
#8575=SHAPE_DEFINITION_REPRESENTATION(#8582,#8595);
#8576=SHAPE_DEFINITION_REPRESENTATION(#8583,#8596);
#8577=SHAPE_DEFINITION_REPRESENTATION(#8584,#8597);
#8578=SHAPE_DEFINITION_REPRESENTATION(#8585,#8598);
#8579=SHAPE_DEFINITION_REPRESENTATION(#8586,#8599);
#8580=SHAPE_DEFINITION_REPRESENTATION(#8587,#8600);
#8581=SHAPE_DEFINITION_REPRESENTATION(#8588,#8601);
#8582=PRODUCT_DEFINITION_SHAPE('',$,#8603);
#8583=PRODUCT_DEFINITION_SHAPE('',$,#8604);
#8584=PRODUCT_DEFINITION_SHAPE('',$,#8605);
#8585=PRODUCT_DEFINITION_SHAPE('',$,#8606);
#8586=PRODUCT_DEFINITION_SHAPE('',$,#8607);
#8587=PRODUCT_DEFINITION_SHAPE('',$,#8608);
#8588=PRODUCT_DEFINITION_SHAPE('',$,#8609);
#8589=PRODUCT_DEFINITION_SHAPE($,$,#29);
#8590=PRODUCT_DEFINITION_SHAPE($,$,#30);
#8591=PRODUCT_DEFINITION_SHAPE($,$,#31);
#8592=PRODUCT_DEFINITION_SHAPE($,$,#32);
#8593=PRODUCT_DEFINITION_SHAPE($,$,#33);
#8594=PRODUCT_DEFINITION_SHAPE($,$,#34);
#8595=SHAPE_REPRESENTATION('',(#5073,#5573),#8563);
#8596=SHAPE_REPRESENTATION('',(#5074,#5568,#5569,#5570,#5571,#5572),#8564);
#8597=SHAPE_REPRESENTATION('',(#5075),#8565);
#8598=SHAPE_REPRESENTATION('',(#5092),#8566);
#8599=SHAPE_REPRESENTATION('',(#5211),#8567);
#8600=SHAPE_REPRESENTATION('',(#5288),#8568);
#8601=SHAPE_REPRESENTATION('',(#5549),#8569);
#8602=PRODUCT_DEFINITION_CONTEXT('part definition',#8625,'design');
#8603=PRODUCT_DEFINITION('(Unsaved)','(Unsaved)',#8610,#8602);
#8604=PRODUCT_DEFINITION('Decca_Display_Mount','Decca_Display_Mount',#8611,
#8602);
#8605=PRODUCT_DEFINITION('REF_Decca_Panel','REF_Decca_Panel',#8612,#8602);
#8606=PRODUCT_DEFINITION('Front_Bezel','Front_Bezel',#8613,#8602);
#8607=PRODUCT_DEFINITION('REF_SH1106_1P3','REF_SH1106_1P3',#8614,#8602);
#8608=PRODUCT_DEFINITION('Rear_Display_Carrier','Rear_Display_Carrier',
#8615,#8602);
#8609=PRODUCT_DEFINITION('Retainer_Bar','Retainer_Bar',#8616,#8602);
#8610=PRODUCT_DEFINITION_FORMATION('',$,#8627);
#8611=PRODUCT_DEFINITION_FORMATION('',$,#8628);
#8612=PRODUCT_DEFINITION_FORMATION('',$,#8629);
#8613=PRODUCT_DEFINITION_FORMATION('',$,#8630);
#8614=PRODUCT_DEFINITION_FORMATION('',$,#8631);
#8615=PRODUCT_DEFINITION_FORMATION('',$,#8632);
#8616=PRODUCT_DEFINITION_FORMATION('',$,#8633);
#8617=PRODUCT_RELATED_PRODUCT_CATEGORY('(Unsaved)','(Unsaved)',(#8627));
#8618=PRODUCT_RELATED_PRODUCT_CATEGORY('Decca_Display_Mount',
'Decca_Display_Mount',(#8628));
#8619=PRODUCT_RELATED_PRODUCT_CATEGORY('REF_Decca_Panel',
'REF_Decca_Panel',(#8629));
#8620=PRODUCT_RELATED_PRODUCT_CATEGORY('Front_Bezel','Front_Bezel',(#8630));
#8621=PRODUCT_RELATED_PRODUCT_CATEGORY('REF_SH1106_1P3',
'REF_SH1106_1P3',(#8631));
#8622=PRODUCT_RELATED_PRODUCT_CATEGORY('Rear_Display_Carrier',
'Rear_Display_Carrier',(#8632));
#8623=PRODUCT_RELATED_PRODUCT_CATEGORY('Retainer_Bar','Retainer_Bar',(#8633));
#8624=APPLICATION_PROTOCOL_DEFINITION('international standard',
'automotive_design',2009,#8625);
#8625=APPLICATION_CONTEXT(
'Core Data for Automotive Mechanical Design Process');
#8626=PRODUCT_CONTEXT('part definition',#8625,'mechanical');
#8627=PRODUCT('(Unsaved)','(Unsaved)',$,(#8626));
#8628=PRODUCT('Decca_Display_Mount','Decca_Display_Mount',$,(#8626));
#8629=PRODUCT('REF_Decca_Panel','REF_Decca_Panel',$,(#8626));
#8630=PRODUCT('Front_Bezel','Front_Bezel',$,(#8626));
#8631=PRODUCT('REF_SH1106_1P3','REF_SH1106_1P3',$,(#8626));
#8632=PRODUCT('Rear_Display_Carrier','Rear_Display_Carrier',$,(#8626));
#8633=PRODUCT('Retainer_Bar','Retainer_Bar',$,(#8626));
#8634=PRESENTATION_STYLE_ASSIGNMENT((#8639));
#8635=PRESENTATION_STYLE_ASSIGNMENT((#8640));
#8636=PRESENTATION_STYLE_ASSIGNMENT((#8641));
#8637=PRESENTATION_STYLE_ASSIGNMENT((#8642));
#8638=PRESENTATION_STYLE_ASSIGNMENT((#8643));
#8639=SURFACE_STYLE_USAGE(.BOTH.,#8644);
#8640=SURFACE_STYLE_USAGE(.BOTH.,#8645);
#8641=SURFACE_STYLE_USAGE(.BOTH.,#8646);
#8642=SURFACE_STYLE_USAGE(.BOTH.,#8647);
#8643=SURFACE_STYLE_USAGE(.BOTH.,#8648);
#8644=SURFACE_SIDE_STYLE('',(#8649));
#8645=SURFACE_SIDE_STYLE('',(#8650));
#8646=SURFACE_SIDE_STYLE('',(#8651));
#8647=SURFACE_SIDE_STYLE('',(#8652));
#8648=SURFACE_SIDE_STYLE('',(#8653));
#8649=SURFACE_STYLE_FILL_AREA(#8654);
#8650=SURFACE_STYLE_FILL_AREA(#8655);
#8651=SURFACE_STYLE_FILL_AREA(#8656);
#8652=SURFACE_STYLE_FILL_AREA(#8657);
#8653=SURFACE_STYLE_FILL_AREA(#8658);
#8654=FILL_AREA_STYLE('Steel - Satin',(#8659));
#8655=FILL_AREA_STYLE('Plastic - Matte (Blue)',(#8660));
#8656=FILL_AREA_STYLE('Paint - Enamel Glossy (Black)',(#8661));
#8657=FILL_AREA_STYLE('Plastic - Matte (White)',(#8662));
#8658=FILL_AREA_STYLE('Plastic - Matte (Black)',(#8663));
#8659=FILL_AREA_STYLE_COLOUR('Steel - Satin',#8664);
#8660=FILL_AREA_STYLE_COLOUR('Plastic - Matte (Blue)',#8665);
#8661=FILL_AREA_STYLE_COLOUR('Paint - Enamel Glossy (Black)',#8666);
#8662=FILL_AREA_STYLE_COLOUR('Plastic - Matte (White)',#8667);
#8663=FILL_AREA_STYLE_COLOUR('Plastic - Matte (Black)',#8668);
#8664=COLOUR_RGB('Steel - Satin',0.627450980392157,0.627450980392157,0.627450980392157);
#8665=COLOUR_RGB('Plastic - Matte (Blue)',0.188235294117647,0.231372549019608,
0.588235294117647);
#8666=COLOUR_RGB('Paint - Enamel Glossy (Black)',0.0980392156862745,0.0980392156862745,
0.0980392156862745);
#8667=COLOUR_RGB('Plastic - Matte (White)',0.964705882352941,0.964705882352941,
0.952941176470588);
#8668=COLOUR_RGB('Plastic - Matte (Black)',0.0980392156862745,0.0980392156862745,
0.0980392156862745);
ENDSEC;
END-ISO-10303-21;
