ISO-10303-21;
HEADER;
/* Generated by software containing ST-Developer
 * from STEP Tools, Inc. (www.steptools.com) 
 */

FILE_DESCRIPTION(
/* description */ (''),
/* implementation_level */ '2;1');

FILE_NAME(
/* name */ 'Decca_Display_Mount_assembly.step',
/* time_stamp */ '2026-08-28T13:34:39+01:00',
/* author */ (''),
/* organization */ (''),
/* preprocessor_version */ 'ST-DEVELOPER v20.1',
/* originating_system */ 'Autodesk Translation Framework v15.8.0.0',
/* authorisation */ '');

FILE_SCHEMA (('AUTOMOTIVE_DESIGN { 1 0 10303 214 3 1 1 }'));
ENDSEC;

DATA;
#10=MECHANICAL_DESIGN_GEOMETRIC_PRESENTATION_REPRESENTATION('',(#109,#110,
#111,#112,#113,#114,#115,#116,#117,#118,#119,#120,#121,#122,#123,#124),
#8162);
#11=ITEM_DEFINED_TRANSFORMATION($,$,#4835,#5304);
#12=ITEM_DEFINED_TRANSFORMATION($,$,#4852,#5305);
#13=ITEM_DEFINED_TRANSFORMATION($,$,#4971,#5306);
#14=ITEM_DEFINED_TRANSFORMATION($,$,#5048,#5307);
#15=ITEM_DEFINED_TRANSFORMATION($,$,#5285,#5308);
#16=ITEM_DEFINED_TRANSFORMATION($,$,#4834,#5309);
#17=(
REPRESENTATION_RELATIONSHIP($,$,#8189,#8188)
REPRESENTATION_RELATIONSHIP_WITH_TRANSFORMATION(#11)
SHAPE_REPRESENTATION_RELATIONSHIP()
);
#18=(
REPRESENTATION_RELATIONSHIP($,$,#8190,#8188)
REPRESENTATION_RELATIONSHIP_WITH_TRANSFORMATION(#12)
SHAPE_REPRESENTATION_RELATIONSHIP()
);
#19=(
REPRESENTATION_RELATIONSHIP($,$,#8191,#8188)
REPRESENTATION_RELATIONSHIP_WITH_TRANSFORMATION(#13)
SHAPE_REPRESENTATION_RELATIONSHIP()
);
#20=(
REPRESENTATION_RELATIONSHIP($,$,#8192,#8188)
REPRESENTATION_RELATIONSHIP_WITH_TRANSFORMATION(#14)
SHAPE_REPRESENTATION_RELATIONSHIP()
);
#21=(
REPRESENTATION_RELATIONSHIP($,$,#8193,#8188)
REPRESENTATION_RELATIONSHIP_WITH_TRANSFORMATION(#15)
SHAPE_REPRESENTATION_RELATIONSHIP()
);
#22=(
REPRESENTATION_RELATIONSHIP($,$,#8188,#8187)
REPRESENTATION_RELATIONSHIP_WITH_TRANSFORMATION(#16)
SHAPE_REPRESENTATION_RELATIONSHIP()
);
#23=CONTEXT_DEPENDENT_SHAPE_REPRESENTATION(#17,#8181);
#24=CONTEXT_DEPENDENT_SHAPE_REPRESENTATION(#18,#8182);
#25=CONTEXT_DEPENDENT_SHAPE_REPRESENTATION(#19,#8183);
#26=CONTEXT_DEPENDENT_SHAPE_REPRESENTATION(#20,#8184);
#27=CONTEXT_DEPENDENT_SHAPE_REPRESENTATION(#21,#8185);
#28=CONTEXT_DEPENDENT_SHAPE_REPRESENTATION(#22,#8186);
#29=NEXT_ASSEMBLY_USAGE_OCCURRENCE('REF_Decca_Panel:1',
'REF_Decca_Panel:1','REF_Decca_Panel:1',#8196,#8197,'REF_Decca_Panel:1');
#30=NEXT_ASSEMBLY_USAGE_OCCURRENCE('Front_Bezel:1','Front_Bezel:1',
'Front_Bezel:1',#8196,#8198,'Front_Bezel:1');
#31=NEXT_ASSEMBLY_USAGE_OCCURRENCE('REF_SH1106_1P3:1',
'REF_SH1106_1P3:1','REF_SH1106_1P3:1',#8196,#8199,'REF_SH1106_1P3:1');
#32=NEXT_ASSEMBLY_USAGE_OCCURRENCE('Rear_Display_Carrier:1',
'Rear_Display_Carrier:1','Rear_Display_Carrier:1',#8196,#8200,
'Rear_Display_Carrier:1');
#33=NEXT_ASSEMBLY_USAGE_OCCURRENCE('Retainer_Bar:1','Retainer_Bar:1',
'Retainer_Bar:1',#8196,#8201,'Retainer_Bar:1');
#34=NEXT_ASSEMBLY_USAGE_OCCURRENCE('Decca_Display_Mount:1',
'Decca_Display_Mount:1','Decca_Display_Mount:1',#8195,#8196,
'Decca_Display_Mount:1');
#35=(
BOUNDED_CURVE()
B_SPLINE_CURVE(2,(#7443,#7444,#7445),.UNSPECIFIED.,.F.,.F.)
B_SPLINE_CURVE_WITH_KNOTS((3,3),(0.,0.0543165697127086),.UNSPECIFIED.)
CURVE()
GEOMETRIC_REPRESENTATION_ITEM()
RATIONAL_B_SPLINE_CURVE((1.,1.0025109984436,1.))
REPRESENTATION_ITEM('')
);
#36=(
BOUNDED_CURVE()
B_SPLINE_CURVE(2,(#7447,#7448,#7449),.UNSPECIFIED.,.F.,.F.)
B_SPLINE_CURVE_WITH_KNOTS((3,3),(0.,0.127438524190822),.UNSPECIFIED.)
CURVE()
GEOMETRIC_REPRESENTATION_ITEM()
RATIONAL_B_SPLINE_CURVE((1.,1.01194792402974,1.))
REPRESENTATION_ITEM('')
);
#37=(
BOUNDED_CURVE()
B_SPLINE_CURVE(2,(#7453,#7454,#7455),.UNSPECIFIED.,.F.,.F.)
B_SPLINE_CURVE_WITH_KNOTS((3,3),(0.,0.127438524190822),.UNSPECIFIED.)
CURVE()
GEOMETRIC_REPRESENTATION_ITEM()
RATIONAL_B_SPLINE_CURVE((1.,1.01194792402965,1.))
REPRESENTATION_ITEM('')
);
#38=(
BOUNDED_CURVE()
B_SPLINE_CURVE(2,(#7456,#7457,#7458),.UNSPECIFIED.,.F.,.F.)
B_SPLINE_CURVE_WITH_KNOTS((3,3),(0.,0.0543165697127086),.UNSPECIFIED.)
CURVE()
GEOMETRIC_REPRESENTATION_ITEM()
RATIONAL_B_SPLINE_CURVE((1.,1.0025109984429,1.))
REPRESENTATION_ITEM('')
);
#39=(
BOUNDED_CURVE()
B_SPLINE_CURVE(2,(#7469,#7470,#7471),.UNSPECIFIED.,.F.,.F.)
B_SPLINE_CURVE_WITH_KNOTS((3,3),(0.,0.0543165697127086),.UNSPECIFIED.)
CURVE()
GEOMETRIC_REPRESENTATION_ITEM()
RATIONAL_B_SPLINE_CURVE((1.,1.0025109984429,1.))
REPRESENTATION_ITEM('')
);
#40=(
BOUNDED_CURVE()
B_SPLINE_CURVE(2,(#7473,#7474,#7475),.UNSPECIFIED.,.F.,.F.)
B_SPLINE_CURVE_WITH_KNOTS((3,3),(0.,0.127438524190822),.UNSPECIFIED.)
CURVE()
GEOMETRIC_REPRESENTATION_ITEM()
RATIONAL_B_SPLINE_CURVE((1.,1.01194792402965,1.))
REPRESENTATION_ITEM('')
);
#41=(
BOUNDED_CURVE()
B_SPLINE_CURVE(2,(#7479,#7480,#7481),.UNSPECIFIED.,.F.,.F.)
B_SPLINE_CURVE_WITH_KNOTS((3,3),(0.,0.127438524190822),.UNSPECIFIED.)
CURVE()
GEOMETRIC_REPRESENTATION_ITEM()
RATIONAL_B_SPLINE_CURVE((1.,1.01194792402974,1.))
REPRESENTATION_ITEM('')
);
#42=(
BOUNDED_CURVE()
B_SPLINE_CURVE(2,(#7483,#7484,#7485),.UNSPECIFIED.,.F.,.F.)
B_SPLINE_CURVE_WITH_KNOTS((3,3),(0.,0.0543165697127086),.UNSPECIFIED.)
CURVE()
GEOMETRIC_REPRESENTATION_ITEM()
RATIONAL_B_SPLINE_CURVE((1.,1.0025109984436,1.))
REPRESENTATION_ITEM('')
);
#43=(
BOUNDED_CURVE()
B_SPLINE_CURVE(2,(#7524,#7525,#7526),.UNSPECIFIED.,.F.,.F.)
B_SPLINE_CURVE_WITH_KNOTS((3,3),(0.,0.0543165697127086),.UNSPECIFIED.)
CURVE()
GEOMETRIC_REPRESENTATION_ITEM()
RATIONAL_B_SPLINE_CURVE((1.,1.00251099844376,1.))
REPRESENTATION_ITEM('')
);
#44=(
BOUNDED_CURVE()
B_SPLINE_CURVE(2,(#7528,#7529,#7530),.UNSPECIFIED.,.F.,.F.)
B_SPLINE_CURVE_WITH_KNOTS((3,3),(0.,0.127438524190822),.UNSPECIFIED.)
CURVE()
GEOMETRIC_REPRESENTATION_ITEM()
RATIONAL_B_SPLINE_CURVE((1.,1.01194792402974,1.))
REPRESENTATION_ITEM('')
);
#45=(
BOUNDED_CURVE()
B_SPLINE_CURVE(2,(#7534,#7535,#7536),.UNSPECIFIED.,.F.,.F.)
B_SPLINE_CURVE_WITH_KNOTS((3,3),(0.,0.127438524190822),.UNSPECIFIED.)
CURVE()
GEOMETRIC_REPRESENTATION_ITEM()
RATIONAL_B_SPLINE_CURVE((1.,1.01194792402974,1.))
REPRESENTATION_ITEM('')
);
#46=(
BOUNDED_CURVE()
B_SPLINE_CURVE(2,(#7538,#7539,#7540),.UNSPECIFIED.,.F.,.F.)
B_SPLINE_CURVE_WITH_KNOTS((3,3),(0.,0.0543165697127086),.UNSPECIFIED.)
CURVE()
GEOMETRIC_REPRESENTATION_ITEM()
RATIONAL_B_SPLINE_CURVE((1.,1.00251099844376,1.))
REPRESENTATION_ITEM('')
);
#47=(
BOUNDED_CURVE()
B_SPLINE_CURVE(2,(#7558,#7559,#7560),.UNSPECIFIED.,.F.,.F.)
B_SPLINE_CURVE_WITH_KNOTS((3,3),(0.,0.0543165697127086),.UNSPECIFIED.)
CURVE()
GEOMETRIC_REPRESENTATION_ITEM()
RATIONAL_B_SPLINE_CURVE((1.,1.00251099844376,1.))
REPRESENTATION_ITEM('')
);
#48=(
BOUNDED_CURVE()
B_SPLINE_CURVE(2,(#7562,#7563,#7564),.UNSPECIFIED.,.F.,.F.)
B_SPLINE_CURVE_WITH_KNOTS((3,3),(0.,0.127438524190822),.UNSPECIFIED.)
CURVE()
GEOMETRIC_REPRESENTATION_ITEM()
RATIONAL_B_SPLINE_CURVE((1.,1.01194792402974,1.))
REPRESENTATION_ITEM('')
);
#49=(
BOUNDED_CURVE()
B_SPLINE_CURVE(2,(#7568,#7569,#7570),.UNSPECIFIED.,.F.,.F.)
B_SPLINE_CURVE_WITH_KNOTS((3,3),(0.,0.127438524190822),.UNSPECIFIED.)
CURVE()
GEOMETRIC_REPRESENTATION_ITEM()
RATIONAL_B_SPLINE_CURVE((1.,1.01194792402974,1.))
REPRESENTATION_ITEM('')
);
#50=(
BOUNDED_CURVE()
B_SPLINE_CURVE(2,(#7572,#7573,#7574),.UNSPECIFIED.,.F.,.F.)
B_SPLINE_CURVE_WITH_KNOTS((3,3),(0.,0.0543165697127086),.UNSPECIFIED.)
CURVE()
GEOMETRIC_REPRESENTATION_ITEM()
RATIONAL_B_SPLINE_CURVE((1.,1.00251099844376,1.))
REPRESENTATION_ITEM('')
);
#51=(
BOUNDED_CURVE()
B_SPLINE_CURVE(2,(#7615,#7616,#7617),.UNSPECIFIED.,.F.,.F.)
B_SPLINE_CURVE_WITH_KNOTS((3,3),(0.,0.0543165697127086),.UNSPECIFIED.)
CURVE()
GEOMETRIC_REPRESENTATION_ITEM()
RATIONAL_B_SPLINE_CURVE((1.,1.0025109984436,1.))
REPRESENTATION_ITEM('')
);
#52=(
BOUNDED_CURVE()
B_SPLINE_CURVE(2,(#7619,#7620,#7621),.UNSPECIFIED.,.F.,.F.)
B_SPLINE_CURVE_WITH_KNOTS((3,3),(0.,0.127438524190822),.UNSPECIFIED.)
CURVE()
GEOMETRIC_REPRESENTATION_ITEM()
RATIONAL_B_SPLINE_CURVE((1.,1.01194792402974,1.))
REPRESENTATION_ITEM('')
);
#53=(
BOUNDED_CURVE()
B_SPLINE_CURVE(2,(#7625,#7626,#7627),.UNSPECIFIED.,.F.,.F.)
B_SPLINE_CURVE_WITH_KNOTS((3,3),(0.,0.127438524190822),.UNSPECIFIED.)
CURVE()
GEOMETRIC_REPRESENTATION_ITEM()
RATIONAL_B_SPLINE_CURVE((1.,1.01194792402965,1.))
REPRESENTATION_ITEM('')
);
#54=(
BOUNDED_CURVE()
B_SPLINE_CURVE(2,(#7628,#7629,#7630),.UNSPECIFIED.,.F.,.F.)
B_SPLINE_CURVE_WITH_KNOTS((3,3),(0.,0.0543165697127086),.UNSPECIFIED.)
CURVE()
GEOMETRIC_REPRESENTATION_ITEM()
RATIONAL_B_SPLINE_CURVE((1.,1.0025109984429,1.))
REPRESENTATION_ITEM('')
);
#55=(
BOUNDED_CURVE()
B_SPLINE_CURVE(2,(#7641,#7642,#7643),.UNSPECIFIED.,.F.,.F.)
B_SPLINE_CURVE_WITH_KNOTS((3,3),(0.,0.0543165697127086),.UNSPECIFIED.)
CURVE()
GEOMETRIC_REPRESENTATION_ITEM()
RATIONAL_B_SPLINE_CURVE((1.,1.0025109984429,1.))
REPRESENTATION_ITEM('')
);
#56=(
BOUNDED_CURVE()
B_SPLINE_CURVE(2,(#7645,#7646,#7647),.UNSPECIFIED.,.F.,.F.)
B_SPLINE_CURVE_WITH_KNOTS((3,3),(0.,0.127438524190822),.UNSPECIFIED.)
CURVE()
GEOMETRIC_REPRESENTATION_ITEM()
RATIONAL_B_SPLINE_CURVE((1.,1.01194792402965,1.))
REPRESENTATION_ITEM('')
);
#57=(
BOUNDED_CURVE()
B_SPLINE_CURVE(2,(#7651,#7652,#7653),.UNSPECIFIED.,.F.,.F.)
B_SPLINE_CURVE_WITH_KNOTS((3,3),(0.,0.127438524190822),.UNSPECIFIED.)
CURVE()
GEOMETRIC_REPRESENTATION_ITEM()
RATIONAL_B_SPLINE_CURVE((1.,1.01194792402974,1.))
REPRESENTATION_ITEM('')
);
#58=(
BOUNDED_CURVE()
B_SPLINE_CURVE(2,(#7655,#7656,#7657),.UNSPECIFIED.,.F.,.F.)
B_SPLINE_CURVE_WITH_KNOTS((3,3),(0.,0.0543165697127086),.UNSPECIFIED.)
CURVE()
GEOMETRIC_REPRESENTATION_ITEM()
RATIONAL_B_SPLINE_CURVE((1.,1.0025109984436,1.))
REPRESENTATION_ITEM('')
);
#59=(
BOUNDED_CURVE()
B_SPLINE_CURVE(2,(#7696,#7697,#7698),.UNSPECIFIED.,.F.,.F.)
B_SPLINE_CURVE_WITH_KNOTS((3,3),(0.,0.0543165697127086),.UNSPECIFIED.)
CURVE()
GEOMETRIC_REPRESENTATION_ITEM()
RATIONAL_B_SPLINE_CURVE((1.,1.00251099844376,1.))
REPRESENTATION_ITEM('')
);
#60=(
BOUNDED_CURVE()
B_SPLINE_CURVE(2,(#7700,#7701,#7702),.UNSPECIFIED.,.F.,.F.)
B_SPLINE_CURVE_WITH_KNOTS((3,3),(0.,0.127438524190822),.UNSPECIFIED.)
CURVE()
GEOMETRIC_REPRESENTATION_ITEM()
RATIONAL_B_SPLINE_CURVE((1.,1.01194792402974,1.))
REPRESENTATION_ITEM('')
);
#61=(
BOUNDED_CURVE()
B_SPLINE_CURVE(2,(#7706,#7707,#7708),.UNSPECIFIED.,.F.,.F.)
B_SPLINE_CURVE_WITH_KNOTS((3,3),(0.,0.127438524190822),.UNSPECIFIED.)
CURVE()
GEOMETRIC_REPRESENTATION_ITEM()
RATIONAL_B_SPLINE_CURVE((1.,1.01194792402974,1.))
REPRESENTATION_ITEM('')
);
#62=(
BOUNDED_CURVE()
B_SPLINE_CURVE(2,(#7710,#7711,#7712),.UNSPECIFIED.,.F.,.F.)
B_SPLINE_CURVE_WITH_KNOTS((3,3),(0.,0.0543165697127086),.UNSPECIFIED.)
CURVE()
GEOMETRIC_REPRESENTATION_ITEM()
RATIONAL_B_SPLINE_CURVE((1.,1.00251099844376,1.))
REPRESENTATION_ITEM('')
);
#63=(
BOUNDED_CURVE()
B_SPLINE_CURVE(2,(#7730,#7731,#7732),.UNSPECIFIED.,.F.,.F.)
B_SPLINE_CURVE_WITH_KNOTS((3,3),(0.,0.0543165697127086),.UNSPECIFIED.)
CURVE()
GEOMETRIC_REPRESENTATION_ITEM()
RATIONAL_B_SPLINE_CURVE((1.,1.00251099844376,1.))
REPRESENTATION_ITEM('')
);
#64=(
BOUNDED_CURVE()
B_SPLINE_CURVE(2,(#7734,#7735,#7736),.UNSPECIFIED.,.F.,.F.)
B_SPLINE_CURVE_WITH_KNOTS((3,3),(0.,0.127438524190822),.UNSPECIFIED.)
CURVE()
GEOMETRIC_REPRESENTATION_ITEM()
RATIONAL_B_SPLINE_CURVE((1.,1.01194792402974,1.))
REPRESENTATION_ITEM('')
);
#65=(
BOUNDED_CURVE()
B_SPLINE_CURVE(2,(#7740,#7741,#7742),.UNSPECIFIED.,.F.,.F.)
B_SPLINE_CURVE_WITH_KNOTS((3,3),(0.,0.127438524190822),.UNSPECIFIED.)
CURVE()
GEOMETRIC_REPRESENTATION_ITEM()
RATIONAL_B_SPLINE_CURVE((1.,1.01194792402974,1.))
REPRESENTATION_ITEM('')
);
#66=(
BOUNDED_CURVE()
B_SPLINE_CURVE(2,(#7744,#7745,#7746),.UNSPECIFIED.,.F.,.F.)
B_SPLINE_CURVE_WITH_KNOTS((3,3),(0.,0.0543165697127086),.UNSPECIFIED.)
CURVE()
GEOMETRIC_REPRESENTATION_ITEM()
RATIONAL_B_SPLINE_CURVE((1.,1.00251099844376,1.))
REPRESENTATION_ITEM('')
);
#67=CONICAL_SURFACE('',#5008,0.575,0.401870647440456);
#68=CONICAL_SURFACE('',#5013,0.575,0.401870647440456);
#69=CONICAL_SURFACE('',#5018,0.575,0.401870647440456);
#70=CONICAL_SURFACE('',#5023,0.575,0.401870647440456);
#71=CONICAL_SURFACE('',#5028,0.575,0.401870647440456);
#72=CONICAL_SURFACE('',#5033,0.575,0.401870647440456);
#73=CONICAL_SURFACE('',#5038,0.575,0.401870647440456);
#74=CONICAL_SURFACE('',#5043,0.575,0.401870647440456);
#75=CONICAL_SURFACE('',#5087,1.5,0.380506377112365);
#76=CONICAL_SURFACE('',#5089,1.5,0.380506377112365);
#77=CONICAL_SURFACE('',#5093,1.4,0.321750554396642);
#78=CONICAL_SURFACE('',#5094,1.4,0.321750554396642);
#79=CONICAL_SURFACE('',#5116,1.5,0.380506377112365);
#80=CONICAL_SURFACE('',#5118,1.5,0.380506377112365);
#81=CONICAL_SURFACE('',#5122,1.4,0.321750554396642);
#82=CONICAL_SURFACE('',#5123,1.4,0.321750554396642);
#83=CONICAL_SURFACE('',#5138,1.5,0.380506377112365);
#84=CONICAL_SURFACE('',#5140,1.5,0.380506377112365);
#85=CONICAL_SURFACE('',#5144,1.4,0.321750554396642);
#86=CONICAL_SURFACE('',#5145,1.4,0.321750554396642);
#87=CONICAL_SURFACE('',#5167,1.5,0.380506377112365);
#88=CONICAL_SURFACE('',#5169,1.5,0.380506377112365);
#89=CONICAL_SURFACE('',#5173,1.4,0.321750554396642);
#90=CONICAL_SURFACE('',#5174,1.4,0.321750554396642);
#91=TOROIDAL_SURFACE('',#4853,1.6,0.4);
#92=TOROIDAL_SURFACE('',#4860,1.6,0.4);
#93=TOROIDAL_SURFACE('',#4866,1.6,0.4);
#94=TOROIDAL_SURFACE('',#4872,1.6,0.4);
#95=TOROIDAL_SURFACE('',#4888,1.2,0.4);
#96=TOROIDAL_SURFACE('',#4894,1.2,0.4);
#97=TOROIDAL_SURFACE('',#4899,1.2,0.4);
#98=TOROIDAL_SURFACE('',#4904,1.2,0.4);
#99=SHAPE_REPRESENTATION_RELATIONSHIP('SRR','None',#8189,#104);
#100=SHAPE_REPRESENTATION_RELATIONSHIP('SRR','None',#8190,#105);
#101=SHAPE_REPRESENTATION_RELATIONSHIP('SRR','None',#8191,#106);
#102=SHAPE_REPRESENTATION_RELATIONSHIP('SRR','None',#8192,#107);
#103=SHAPE_REPRESENTATION_RELATIONSHIP('SRR','None',#8193,#108);
#104=ADVANCED_BREP_SHAPE_REPRESENTATION('',(#125),#8157);
#105=ADVANCED_BREP_SHAPE_REPRESENTATION('',(#126),#8158);
#106=ADVANCED_BREP_SHAPE_REPRESENTATION('',(#127,#128,#129,#130,#131,#132,
#133,#134,#135,#136,#137,#138),#8159);
#107=ADVANCED_BREP_SHAPE_REPRESENTATION('',(#139),#8160);
#108=ADVANCED_BREP_SHAPE_REPRESENTATION('',(#140),#8161);
#109=STYLED_ITEM('',(#8226),#125);
#110=STYLED_ITEM('',(#8226),#126);
#111=STYLED_ITEM('',(#8226),#127);
#112=STYLED_ITEM('',(#8226),#128);
#113=STYLED_ITEM('',(#8226),#129);
#114=STYLED_ITEM('',(#8226),#130);
#115=STYLED_ITEM('',(#8226),#131);
#116=STYLED_ITEM('',(#8226),#132);
#117=STYLED_ITEM('',(#8226),#133);
#118=STYLED_ITEM('',(#8226),#134);
#119=STYLED_ITEM('',(#8226),#135);
#120=STYLED_ITEM('',(#8226),#136);
#121=STYLED_ITEM('',(#8226),#137);
#122=STYLED_ITEM('',(#8226),#138);
#123=STYLED_ITEM('',(#8227),#139);
#124=STYLED_ITEM('',(#8226),#140);
#125=MANIFOLD_SOLID_BREP('PANEL_Perspex',#4761);
#126=MANIFOLD_SOLID_BREP('Front_Bezel',#4762);
#127=MANIFOLD_SOLID_BREP('OLED_PCB',#4763);
#128=MANIFOLD_SOLID_BREP('OLED_Glass',#4764);
#129=MANIFOLD_SOLID_BREP('OLED_ActiveArea',#4765);
#130=MANIFOLD_SOLID_BREP('OLED_Header_Keepout',#4766);
#131=MANIFOLD_SOLID_BREP('OLED_Solder_Tips_BothEnds',#4767);
#132=MANIFOLD_SOLID_BREP('OLED_Solder_Tips_BothEnds',#4768);
#133=MANIFOLD_SOLID_BREP('OLED_Solder_Tips_BothEnds',#4769);
#134=MANIFOLD_SOLID_BREP('OLED_Solder_Tips_BothEnds',#4770);
#135=MANIFOLD_SOLID_BREP('OLED_Solder_Tips_BothEnds',#4771);
#136=MANIFOLD_SOLID_BREP('OLED_Solder_Tips_BothEnds',#4772);
#137=MANIFOLD_SOLID_BREP('OLED_Solder_Tips_BothEnds',#4773);
#138=MANIFOLD_SOLID_BREP('OLED_Solder_Tips_BothEnds',#4774);
#139=MANIFOLD_SOLID_BREP('Rear_Display_Carrier',#4775);
#140=MANIFOLD_SOLID_BREP('Retainer_Bar',#4776);
#141=FACE_BOUND('',#634,.T.);
#142=FACE_BOUND('',#635,.T.);
#143=FACE_BOUND('',#636,.T.);
#144=FACE_BOUND('',#638,.T.);
#145=FACE_BOUND('',#639,.T.);
#146=FACE_BOUND('',#640,.T.);
#147=FACE_BOUND('',#658,.T.);
#148=FACE_BOUND('',#705,.T.);
#149=FACE_BOUND('',#706,.T.);
#150=FACE_BOUND('',#707,.T.);
#151=FACE_BOUND('',#708,.T.);
#152=FACE_BOUND('',#709,.T.);
#153=FACE_BOUND('',#718,.T.);
#154=FACE_BOUND('',#719,.T.);
#155=FACE_BOUND('',#720,.T.);
#156=FACE_BOUND('',#721,.T.);
#157=FACE_BOUND('',#723,.T.);
#158=FACE_BOUND('',#724,.T.);
#159=FACE_BOUND('',#725,.T.);
#160=FACE_BOUND('',#726,.T.);
#161=FACE_BOUND('',#851,.T.);
#162=FACE_BOUND('',#854,.T.);
#163=FACE_BOUND('',#858,.T.);
#164=FACE_BOUND('',#861,.T.);
#165=FACE_BOUND('',#865,.T.);
#166=FACE_BOUND('',#868,.T.);
#167=FACE_BOUND('',#872,.T.);
#168=FACE_BOUND('',#874,.T.);
#169=FACE_BOUND('',#878,.T.);
#170=FACE_BOUND('',#879,.T.);
#171=FACE_BOUND('',#880,.T.);
#172=FACE_BOUND('',#890,.T.);
#173=FACE_BOUND('',#893,.T.);
#174=FACE_BOUND('',#897,.T.);
#175=FACE_BOUND('',#898,.T.);
#176=FACE_BOUND('',#899,.T.);
#177=FACE_BOUND('',#900,.T.);
#178=FACE_BOUND('',#924,.T.);
#179=PLANE('',#4842);
#180=PLANE('',#4843);
#181=PLANE('',#4844);
#182=PLANE('',#4845);
#183=PLANE('',#4846);
#184=PLANE('',#4847);
#185=PLANE('',#4848);
#186=PLANE('',#4849);
#187=PLANE('',#4850);
#188=PLANE('',#4851);
#189=PLANE('',#4877);
#190=PLANE('',#4880);
#191=PLANE('',#4883);
#192=PLANE('',#4908);
#193=PLANE('',#4911);
#194=PLANE('',#4914);
#195=PLANE('',#4915);
#196=PLANE('',#4916);
#197=PLANE('',#4917);
#198=PLANE('',#4918);
#199=PLANE('',#4919);
#200=PLANE('',#4920);
#201=PLANE('',#4921);
#202=PLANE('',#4922);
#203=PLANE('',#4923);
#204=PLANE('',#4933);
#205=PLANE('',#4937);
#206=PLANE('',#4938);
#207=PLANE('',#4939);
#208=PLANE('',#4940);
#209=PLANE('',#4950);
#210=PLANE('',#4954);
#211=PLANE('',#4955);
#212=PLANE('',#4956);
#213=PLANE('',#4957);
#214=PLANE('',#4962);
#215=PLANE('',#4963);
#216=PLANE('',#4966);
#217=PLANE('',#4969);
#218=PLANE('',#4970);
#219=PLANE('',#4984);
#220=PLANE('',#4985);
#221=PLANE('',#4986);
#222=PLANE('',#4987);
#223=PLANE('',#4988);
#224=PLANE('',#4989);
#225=PLANE('',#4990);
#226=PLANE('',#4991);
#227=PLANE('',#4992);
#228=PLANE('',#4993);
#229=PLANE('',#4994);
#230=PLANE('',#4995);
#231=PLANE('',#4996);
#232=PLANE('',#4997);
#233=PLANE('',#4998);
#234=PLANE('',#4999);
#235=PLANE('',#5000);
#236=PLANE('',#5001);
#237=PLANE('',#5002);
#238=PLANE('',#5003);
#239=PLANE('',#5004);
#240=PLANE('',#5005);
#241=PLANE('',#5006);
#242=PLANE('',#5007);
#243=PLANE('',#5011);
#244=PLANE('',#5012);
#245=PLANE('',#5016);
#246=PLANE('',#5017);
#247=PLANE('',#5021);
#248=PLANE('',#5022);
#249=PLANE('',#5026);
#250=PLANE('',#5027);
#251=PLANE('',#5031);
#252=PLANE('',#5032);
#253=PLANE('',#5036);
#254=PLANE('',#5037);
#255=PLANE('',#5041);
#256=PLANE('',#5042);
#257=PLANE('',#5046);
#258=PLANE('',#5047);
#259=PLANE('',#5049);
#260=PLANE('',#5050);
#261=PLANE('',#5051);
#262=PLANE('',#5052);
#263=PLANE('',#5053);
#264=PLANE('',#5054);
#265=PLANE('',#5055);
#266=PLANE('',#5056);
#267=PLANE('',#5057);
#268=PLANE('',#5058);
#269=PLANE('',#5059);
#270=PLANE('',#5060);
#271=PLANE('',#5061);
#272=PLANE('',#5062);
#273=PLANE('',#5063);
#274=PLANE('',#5064);
#275=PLANE('',#5065);
#276=PLANE('',#5066);
#277=PLANE('',#5067);
#278=PLANE('',#5068);
#279=PLANE('',#5069);
#280=PLANE('',#5070);
#281=PLANE('',#5071);
#282=PLANE('',#5072);
#283=PLANE('',#5073);
#284=PLANE('',#5074);
#285=PLANE('',#5075);
#286=PLANE('',#5076);
#287=PLANE('',#5079);
#288=PLANE('',#5091);
#289=PLANE('',#5096);
#290=PLANE('',#5097);
#291=PLANE('',#5098);
#292=PLANE('',#5099);
#293=PLANE('',#5102);
#294=PLANE('',#5108);
#295=PLANE('',#5110);
#296=PLANE('',#5120);
#297=PLANE('',#5125);
#298=PLANE('',#5126);
#299=PLANE('',#5127);
#300=PLANE('',#5130);
#301=PLANE('',#5142);
#302=PLANE('',#5147);
#303=PLANE('',#5148);
#304=PLANE('',#5149);
#305=PLANE('',#5150);
#306=PLANE('',#5153);
#307=PLANE('',#5159);
#308=PLANE('',#5161);
#309=PLANE('',#5171);
#310=PLANE('',#5176);
#311=PLANE('',#5180);
#312=PLANE('',#5184);
#313=PLANE('',#5191);
#314=PLANE('',#5195);
#315=PLANE('',#5202);
#316=PLANE('',#5206);
#317=PLANE('',#5207);
#318=PLANE('',#5208);
#319=PLANE('',#5209);
#320=PLANE('',#5210);
#321=PLANE('',#5211);
#322=PLANE('',#5212);
#323=PLANE('',#5213);
#324=PLANE('',#5229);
#325=PLANE('',#5230);
#326=PLANE('',#5231);
#327=PLANE('',#5232);
#328=PLANE('',#5233);
#329=PLANE('',#5234);
#330=PLANE('',#5235);
#331=PLANE('',#5236);
#332=PLANE('',#5237);
#333=PLANE('',#5239);
#334=PLANE('',#5244);
#335=PLANE('',#5248);
#336=PLANE('',#5249);
#337=PLANE('',#5253);
#338=PLANE('',#5255);
#339=PLANE('',#5258);
#340=PLANE('',#5260);
#341=PLANE('',#5262);
#342=PLANE('',#5265);
#343=PLANE('',#5268);
#344=PLANE('',#5270);
#345=PLANE('',#5271);
#346=PLANE('',#5274);
#347=PLANE('',#5281);
#348=PLANE('',#5284);
#349=PLANE('',#5289);
#350=PLANE('',#5297);
#351=PLANE('',#5300);
#352=PLANE('',#5301);
#353=PLANE('',#5302);
#354=PLANE('',#5303);
#355=FACE_OUTER_BOUND('',#627,.T.);
#356=FACE_OUTER_BOUND('',#628,.T.);
#357=FACE_OUTER_BOUND('',#629,.T.);
#358=FACE_OUTER_BOUND('',#630,.T.);
#359=FACE_OUTER_BOUND('',#631,.T.);
#360=FACE_OUTER_BOUND('',#632,.T.);
#361=FACE_OUTER_BOUND('',#633,.T.);
#362=FACE_OUTER_BOUND('',#637,.T.);
#363=FACE_OUTER_BOUND('',#641,.T.);
#364=FACE_OUTER_BOUND('',#642,.T.);
#365=FACE_OUTER_BOUND('',#643,.T.);
#366=FACE_OUTER_BOUND('',#644,.T.);
#367=FACE_OUTER_BOUND('',#645,.T.);
#368=FACE_OUTER_BOUND('',#646,.T.);
#369=FACE_OUTER_BOUND('',#647,.T.);
#370=FACE_OUTER_BOUND('',#648,.T.);
#371=FACE_OUTER_BOUND('',#649,.T.);
#372=FACE_OUTER_BOUND('',#650,.T.);
#373=FACE_OUTER_BOUND('',#651,.T.);
#374=FACE_OUTER_BOUND('',#652,.T.);
#375=FACE_OUTER_BOUND('',#653,.T.);
#376=FACE_OUTER_BOUND('',#654,.T.);
#377=FACE_OUTER_BOUND('',#655,.T.);
#378=FACE_OUTER_BOUND('',#656,.T.);
#379=FACE_OUTER_BOUND('',#657,.T.);
#380=FACE_OUTER_BOUND('',#659,.T.);
#381=FACE_OUTER_BOUND('',#660,.T.);
#382=FACE_OUTER_BOUND('',#661,.T.);
#383=FACE_OUTER_BOUND('',#662,.T.);
#384=FACE_OUTER_BOUND('',#663,.T.);
#385=FACE_OUTER_BOUND('',#664,.T.);
#386=FACE_OUTER_BOUND('',#665,.T.);
#387=FACE_OUTER_BOUND('',#666,.T.);
#388=FACE_OUTER_BOUND('',#667,.T.);
#389=FACE_OUTER_BOUND('',#668,.T.);
#390=FACE_OUTER_BOUND('',#669,.T.);
#391=FACE_OUTER_BOUND('',#670,.T.);
#392=FACE_OUTER_BOUND('',#671,.T.);
#393=FACE_OUTER_BOUND('',#672,.T.);
#394=FACE_OUTER_BOUND('',#673,.T.);
#395=FACE_OUTER_BOUND('',#674,.T.);
#396=FACE_OUTER_BOUND('',#675,.T.);
#397=FACE_OUTER_BOUND('',#676,.T.);
#398=FACE_OUTER_BOUND('',#677,.T.);
#399=FACE_OUTER_BOUND('',#678,.T.);
#400=FACE_OUTER_BOUND('',#679,.T.);
#401=FACE_OUTER_BOUND('',#680,.T.);
#402=FACE_OUTER_BOUND('',#681,.T.);
#403=FACE_OUTER_BOUND('',#682,.T.);
#404=FACE_OUTER_BOUND('',#683,.T.);
#405=FACE_OUTER_BOUND('',#684,.T.);
#406=FACE_OUTER_BOUND('',#685,.T.);
#407=FACE_OUTER_BOUND('',#686,.T.);
#408=FACE_OUTER_BOUND('',#687,.T.);
#409=FACE_OUTER_BOUND('',#688,.T.);
#410=FACE_OUTER_BOUND('',#689,.T.);
#411=FACE_OUTER_BOUND('',#690,.T.);
#412=FACE_OUTER_BOUND('',#691,.T.);
#413=FACE_OUTER_BOUND('',#692,.T.);
#414=FACE_OUTER_BOUND('',#693,.T.);
#415=FACE_OUTER_BOUND('',#694,.T.);
#416=FACE_OUTER_BOUND('',#695,.T.);
#417=FACE_OUTER_BOUND('',#696,.T.);
#418=FACE_OUTER_BOUND('',#697,.T.);
#419=FACE_OUTER_BOUND('',#698,.T.);
#420=FACE_OUTER_BOUND('',#699,.T.);
#421=FACE_OUTER_BOUND('',#700,.T.);
#422=FACE_OUTER_BOUND('',#701,.T.);
#423=FACE_OUTER_BOUND('',#702,.T.);
#424=FACE_OUTER_BOUND('',#703,.T.);
#425=FACE_OUTER_BOUND('',#704,.T.);
#426=FACE_OUTER_BOUND('',#710,.T.);
#427=FACE_OUTER_BOUND('',#711,.T.);
#428=FACE_OUTER_BOUND('',#712,.T.);
#429=FACE_OUTER_BOUND('',#713,.T.);
#430=FACE_OUTER_BOUND('',#714,.T.);
#431=FACE_OUTER_BOUND('',#715,.T.);
#432=FACE_OUTER_BOUND('',#716,.T.);
#433=FACE_OUTER_BOUND('',#717,.T.);
#434=FACE_OUTER_BOUND('',#722,.T.);
#435=FACE_OUTER_BOUND('',#727,.T.);
#436=FACE_OUTER_BOUND('',#728,.T.);
#437=FACE_OUTER_BOUND('',#729,.T.);
#438=FACE_OUTER_BOUND('',#730,.T.);
#439=FACE_OUTER_BOUND('',#731,.T.);
#440=FACE_OUTER_BOUND('',#732,.T.);
#441=FACE_OUTER_BOUND('',#733,.T.);
#442=FACE_OUTER_BOUND('',#734,.T.);
#443=FACE_OUTER_BOUND('',#735,.T.);
#444=FACE_OUTER_BOUND('',#736,.T.);
#445=FACE_OUTER_BOUND('',#737,.T.);
#446=FACE_OUTER_BOUND('',#738,.T.);
#447=FACE_OUTER_BOUND('',#739,.T.);
#448=FACE_OUTER_BOUND('',#740,.T.);
#449=FACE_OUTER_BOUND('',#741,.T.);
#450=FACE_OUTER_BOUND('',#742,.T.);
#451=FACE_OUTER_BOUND('',#743,.T.);
#452=FACE_OUTER_BOUND('',#744,.T.);
#453=FACE_OUTER_BOUND('',#745,.T.);
#454=FACE_OUTER_BOUND('',#746,.T.);
#455=FACE_OUTER_BOUND('',#747,.T.);
#456=FACE_OUTER_BOUND('',#748,.T.);
#457=FACE_OUTER_BOUND('',#749,.T.);
#458=FACE_OUTER_BOUND('',#750,.T.);
#459=FACE_OUTER_BOUND('',#751,.T.);
#460=FACE_OUTER_BOUND('',#752,.T.);
#461=FACE_OUTER_BOUND('',#753,.T.);
#462=FACE_OUTER_BOUND('',#754,.T.);
#463=FACE_OUTER_BOUND('',#755,.T.);
#464=FACE_OUTER_BOUND('',#756,.T.);
#465=FACE_OUTER_BOUND('',#757,.T.);
#466=FACE_OUTER_BOUND('',#758,.T.);
#467=FACE_OUTER_BOUND('',#759,.T.);
#468=FACE_OUTER_BOUND('',#760,.T.);
#469=FACE_OUTER_BOUND('',#761,.T.);
#470=FACE_OUTER_BOUND('',#762,.T.);
#471=FACE_OUTER_BOUND('',#763,.T.);
#472=FACE_OUTER_BOUND('',#764,.T.);
#473=FACE_OUTER_BOUND('',#765,.T.);
#474=FACE_OUTER_BOUND('',#766,.T.);
#475=FACE_OUTER_BOUND('',#767,.T.);
#476=FACE_OUTER_BOUND('',#768,.T.);
#477=FACE_OUTER_BOUND('',#769,.T.);
#478=FACE_OUTER_BOUND('',#770,.T.);
#479=FACE_OUTER_BOUND('',#771,.T.);
#480=FACE_OUTER_BOUND('',#772,.T.);
#481=FACE_OUTER_BOUND('',#773,.T.);
#482=FACE_OUTER_BOUND('',#774,.T.);
#483=FACE_OUTER_BOUND('',#775,.T.);
#484=FACE_OUTER_BOUND('',#776,.T.);
#485=FACE_OUTER_BOUND('',#777,.T.);
#486=FACE_OUTER_BOUND('',#778,.T.);
#487=FACE_OUTER_BOUND('',#779,.T.);
#488=FACE_OUTER_BOUND('',#780,.T.);
#489=FACE_OUTER_BOUND('',#781,.T.);
#490=FACE_OUTER_BOUND('',#782,.T.);
#491=FACE_OUTER_BOUND('',#783,.T.);
#492=FACE_OUTER_BOUND('',#784,.T.);
#493=FACE_OUTER_BOUND('',#785,.T.);
#494=FACE_OUTER_BOUND('',#786,.T.);
#495=FACE_OUTER_BOUND('',#787,.T.);
#496=FACE_OUTER_BOUND('',#788,.T.);
#497=FACE_OUTER_BOUND('',#789,.T.);
#498=FACE_OUTER_BOUND('',#790,.T.);
#499=FACE_OUTER_BOUND('',#791,.T.);
#500=FACE_OUTER_BOUND('',#792,.T.);
#501=FACE_OUTER_BOUND('',#793,.T.);
#502=FACE_OUTER_BOUND('',#794,.T.);
#503=FACE_OUTER_BOUND('',#795,.T.);
#504=FACE_OUTER_BOUND('',#796,.T.);
#505=FACE_OUTER_BOUND('',#797,.T.);
#506=FACE_OUTER_BOUND('',#798,.T.);
#507=FACE_OUTER_BOUND('',#799,.T.);
#508=FACE_OUTER_BOUND('',#800,.T.);
#509=FACE_OUTER_BOUND('',#801,.T.);
#510=FACE_OUTER_BOUND('',#802,.T.);
#511=FACE_OUTER_BOUND('',#803,.T.);
#512=FACE_OUTER_BOUND('',#804,.T.);
#513=FACE_OUTER_BOUND('',#805,.T.);
#514=FACE_OUTER_BOUND('',#806,.T.);
#515=FACE_OUTER_BOUND('',#807,.T.);
#516=FACE_OUTER_BOUND('',#808,.T.);
#517=FACE_OUTER_BOUND('',#809,.T.);
#518=FACE_OUTER_BOUND('',#810,.T.);
#519=FACE_OUTER_BOUND('',#811,.T.);
#520=FACE_OUTER_BOUND('',#812,.T.);
#521=FACE_OUTER_BOUND('',#813,.T.);
#522=FACE_OUTER_BOUND('',#814,.T.);
#523=FACE_OUTER_BOUND('',#815,.T.);
#524=FACE_OUTER_BOUND('',#816,.T.);
#525=FACE_OUTER_BOUND('',#817,.T.);
#526=FACE_OUTER_BOUND('',#818,.T.);
#527=FACE_OUTER_BOUND('',#819,.T.);
#528=FACE_OUTER_BOUND('',#820,.T.);
#529=FACE_OUTER_BOUND('',#821,.T.);
#530=FACE_OUTER_BOUND('',#822,.T.);
#531=FACE_OUTER_BOUND('',#823,.T.);
#532=FACE_OUTER_BOUND('',#824,.T.);
#533=FACE_OUTER_BOUND('',#825,.T.);
#534=FACE_OUTER_BOUND('',#826,.T.);
#535=FACE_OUTER_BOUND('',#827,.T.);
#536=FACE_OUTER_BOUND('',#828,.T.);
#537=FACE_OUTER_BOUND('',#829,.T.);
#538=FACE_OUTER_BOUND('',#830,.T.);
#539=FACE_OUTER_BOUND('',#831,.T.);
#540=FACE_OUTER_BOUND('',#832,.T.);
#541=FACE_OUTER_BOUND('',#833,.T.);
#542=FACE_OUTER_BOUND('',#834,.T.);
#543=FACE_OUTER_BOUND('',#835,.T.);
#544=FACE_OUTER_BOUND('',#836,.T.);
#545=FACE_OUTER_BOUND('',#837,.T.);
#546=FACE_OUTER_BOUND('',#838,.T.);
#547=FACE_OUTER_BOUND('',#839,.T.);
#548=FACE_OUTER_BOUND('',#840,.T.);
#549=FACE_OUTER_BOUND('',#841,.T.);
#550=FACE_OUTER_BOUND('',#842,.T.);
#551=FACE_OUTER_BOUND('',#843,.T.);
#552=FACE_OUTER_BOUND('',#844,.T.);
#553=FACE_OUTER_BOUND('',#845,.T.);
#554=FACE_OUTER_BOUND('',#846,.T.);
#555=FACE_OUTER_BOUND('',#847,.T.);
#556=FACE_OUTER_BOUND('',#848,.T.);
#557=FACE_OUTER_BOUND('',#849,.T.);
#558=FACE_OUTER_BOUND('',#850,.T.);
#559=FACE_OUTER_BOUND('',#852,.T.);
#560=FACE_OUTER_BOUND('',#853,.T.);
#561=FACE_OUTER_BOUND('',#855,.T.);
#562=FACE_OUTER_BOUND('',#856,.T.);
#563=FACE_OUTER_BOUND('',#857,.T.);
#564=FACE_OUTER_BOUND('',#859,.T.);
#565=FACE_OUTER_BOUND('',#860,.T.);
#566=FACE_OUTER_BOUND('',#862,.T.);
#567=FACE_OUTER_BOUND('',#863,.T.);
#568=FACE_OUTER_BOUND('',#864,.T.);
#569=FACE_OUTER_BOUND('',#866,.T.);
#570=FACE_OUTER_BOUND('',#867,.T.);
#571=FACE_OUTER_BOUND('',#869,.T.);
#572=FACE_OUTER_BOUND('',#870,.T.);
#573=FACE_OUTER_BOUND('',#871,.T.);
#574=FACE_OUTER_BOUND('',#873,.T.);
#575=FACE_OUTER_BOUND('',#875,.T.);
#576=FACE_OUTER_BOUND('',#876,.T.);
#577=FACE_OUTER_BOUND('',#877,.T.);
#578=FACE_OUTER_BOUND('',#881,.T.);
#579=FACE_OUTER_BOUND('',#882,.T.);
#580=FACE_OUTER_BOUND('',#883,.T.);
#581=FACE_OUTER_BOUND('',#884,.T.);
#582=FACE_OUTER_BOUND('',#885,.T.);
#583=FACE_OUTER_BOUND('',#886,.T.);
#584=FACE_OUTER_BOUND('',#887,.T.);
#585=FACE_OUTER_BOUND('',#888,.T.);
#586=FACE_OUTER_BOUND('',#889,.T.);
#587=FACE_OUTER_BOUND('',#891,.T.);
#588=FACE_OUTER_BOUND('',#892,.T.);
#589=FACE_OUTER_BOUND('',#894,.T.);
#590=FACE_OUTER_BOUND('',#895,.T.);
#591=FACE_OUTER_BOUND('',#896,.T.);
#592=FACE_OUTER_BOUND('',#901,.T.);
#593=FACE_OUTER_BOUND('',#902,.T.);
#594=FACE_OUTER_BOUND('',#903,.T.);
#595=FACE_OUTER_BOUND('',#904,.T.);
#596=FACE_OUTER_BOUND('',#905,.T.);
#597=FACE_OUTER_BOUND('',#906,.T.);
#598=FACE_OUTER_BOUND('',#907,.T.);
#599=FACE_OUTER_BOUND('',#908,.T.);
#600=FACE_OUTER_BOUND('',#909,.T.);
#601=FACE_OUTER_BOUND('',#910,.T.);
#602=FACE_OUTER_BOUND('',#911,.T.);
#603=FACE_OUTER_BOUND('',#912,.T.);
#604=FACE_OUTER_BOUND('',#913,.T.);
#605=FACE_OUTER_BOUND('',#914,.T.);
#606=FACE_OUTER_BOUND('',#915,.T.);
#607=FACE_OUTER_BOUND('',#916,.T.);
#608=FACE_OUTER_BOUND('',#917,.T.);
#609=FACE_OUTER_BOUND('',#918,.T.);
#610=FACE_OUTER_BOUND('',#919,.T.);
#611=FACE_OUTER_BOUND('',#920,.T.);
#612=FACE_OUTER_BOUND('',#921,.T.);
#613=FACE_OUTER_BOUND('',#922,.T.);
#614=FACE_OUTER_BOUND('',#923,.T.);
#615=FACE_OUTER_BOUND('',#925,.T.);
#616=FACE_OUTER_BOUND('',#926,.T.);
#617=FACE_OUTER_BOUND('',#927,.T.);
#618=FACE_OUTER_BOUND('',#928,.T.);
#619=FACE_OUTER_BOUND('',#929,.T.);
#620=FACE_OUTER_BOUND('',#930,.T.);
#621=FACE_OUTER_BOUND('',#931,.T.);
#622=FACE_OUTER_BOUND('',#932,.T.);
#623=FACE_OUTER_BOUND('',#933,.T.);
#624=FACE_OUTER_BOUND('',#934,.T.);
#625=FACE_OUTER_BOUND('',#935,.T.);
#626=FACE_OUTER_BOUND('',#936,.T.);
#627=EDGE_LOOP('',(#3101,#3102,#3103,#3104));
#628=EDGE_LOOP('',(#3105,#3106,#3107,#3108));
#629=EDGE_LOOP('',(#3109,#3110,#3111,#3112));
#630=EDGE_LOOP('',(#3113,#3114,#3115,#3116));
#631=EDGE_LOOP('',(#3117,#3118,#3119,#3120));
#632=EDGE_LOOP('',(#3121,#3122,#3123,#3124));
#633=EDGE_LOOP('',(#3125,#3126,#3127,#3128));
#634=EDGE_LOOP('',(#3129));
#635=EDGE_LOOP('',(#3130));
#636=EDGE_LOOP('',(#3131,#3132,#3133,#3134));
#637=EDGE_LOOP('',(#3135,#3136,#3137,#3138));
#638=EDGE_LOOP('',(#3139));
#639=EDGE_LOOP('',(#3140));
#640=EDGE_LOOP('',(#3141,#3142,#3143,#3144));
#641=EDGE_LOOP('',(#3145,#3146,#3147,#3148));
#642=EDGE_LOOP('',(#3149,#3150,#3151,#3152));
#643=EDGE_LOOP('',(#3153,#3154,#3155,#3156));
#644=EDGE_LOOP('',(#3157,#3158,#3159,#3160));
#645=EDGE_LOOP('',(#3161,#3162,#3163,#3164));
#646=EDGE_LOOP('',(#3165,#3166,#3167,#3168));
#647=EDGE_LOOP('',(#3169,#3170,#3171,#3172));
#648=EDGE_LOOP('',(#3173,#3174,#3175,#3176));
#649=EDGE_LOOP('',(#3177,#3178,#3179,#3180));
#650=EDGE_LOOP('',(#3181,#3182,#3183,#3184));
#651=EDGE_LOOP('',(#3185,#3186,#3187,#3188));
#652=EDGE_LOOP('',(#3189,#3190,#3191,#3192));
#653=EDGE_LOOP('',(#3193,#3194,#3195,#3196));
#654=EDGE_LOOP('',(#3197,#3198,#3199,#3200));
#655=EDGE_LOOP('',(#3201,#3202,#3203,#3204));
#656=EDGE_LOOP('',(#3205,#3206,#3207,#3208));
#657=EDGE_LOOP('',(#3209,#3210,#3211,#3212,#3213,#3214,#3215,#3216));
#658=EDGE_LOOP('',(#3217,#3218,#3219,#3220,#3221,#3222,#3223,#3224));
#659=EDGE_LOOP('',(#3225,#3226,#3227,#3228));
#660=EDGE_LOOP('',(#3229,#3230,#3231,#3232));
#661=EDGE_LOOP('',(#3233,#3234,#3235,#3236));
#662=EDGE_LOOP('',(#3237,#3238,#3239,#3240));
#663=EDGE_LOOP('',(#3241,#3242,#3243,#3244));
#664=EDGE_LOOP('',(#3245,#3246,#3247,#3248));
#665=EDGE_LOOP('',(#3249,#3250,#3251,#3252));
#666=EDGE_LOOP('',(#3253,#3254,#3255,#3256));
#667=EDGE_LOOP('',(#3257,#3258,#3259,#3260));
#668=EDGE_LOOP('',(#3261,#3262,#3263,#3264));
#669=EDGE_LOOP('',(#3265,#3266,#3267,#3268));
#670=EDGE_LOOP('',(#3269,#3270,#3271,#3272));
#671=EDGE_LOOP('',(#3273,#3274,#3275,#3276));
#672=EDGE_LOOP('',(#3277,#3278,#3279,#3280));
#673=EDGE_LOOP('',(#3281,#3282,#3283,#3284));
#674=EDGE_LOOP('',(#3285,#3286,#3287,#3288));
#675=EDGE_LOOP('',(#3289,#3290,#3291,#3292));
#676=EDGE_LOOP('',(#3293,#3294,#3295,#3296));
#677=EDGE_LOOP('',(#3297,#3298,#3299,#3300));
#678=EDGE_LOOP('',(#3301,#3302,#3303,#3304));
#679=EDGE_LOOP('',(#3305,#3306,#3307,#3308));
#680=EDGE_LOOP('',(#3309,#3310,#3311,#3312));
#681=EDGE_LOOP('',(#3313,#3314,#3315,#3316));
#682=EDGE_LOOP('',(#3317,#3318,#3319,#3320));
#683=EDGE_LOOP('',(#3321,#3322,#3323,#3324));
#684=EDGE_LOOP('',(#3325,#3326,#3327,#3328,#3329,#3330,#3331,#3332));
#685=EDGE_LOOP('',(#3333,#3334,#3335,#3336));
#686=EDGE_LOOP('',(#3337,#3338,#3339,#3340));
#687=EDGE_LOOP('',(#3341,#3342,#3343,#3344));
#688=EDGE_LOOP('',(#3345,#3346,#3347,#3348));
#689=EDGE_LOOP('',(#3349,#3350,#3351,#3352));
#690=EDGE_LOOP('',(#3353,#3354,#3355,#3356));
#691=EDGE_LOOP('',(#3357,#3358,#3359,#3360));
#692=EDGE_LOOP('',(#3361,#3362,#3363,#3364));
#693=EDGE_LOOP('',(#3365,#3366,#3367,#3368,#3369,#3370,#3371,#3372));
#694=EDGE_LOOP('',(#3373,#3374,#3375,#3376));
#695=EDGE_LOOP('',(#3377,#3378,#3379,#3380));
#696=EDGE_LOOP('',(#3381,#3382,#3383,#3384));
#697=EDGE_LOOP('',(#3385,#3386,#3387,#3388));
#698=EDGE_LOOP('',(#3389,#3390,#3391,#3392));
#699=EDGE_LOOP('',(#3393,#3394,#3395,#3396));
#700=EDGE_LOOP('',(#3397,#3398,#3399,#3400));
#701=EDGE_LOOP('',(#3401,#3402,#3403,#3404));
#702=EDGE_LOOP('',(#3405,#3406,#3407,#3408));
#703=EDGE_LOOP('',(#3409,#3410,#3411,#3412));
#704=EDGE_LOOP('',(#3413,#3414,#3415,#3416,#3417,#3418,#3419,#3420));
#705=EDGE_LOOP('',(#3421,#3422,#3423,#3424));
#706=EDGE_LOOP('',(#3425,#3426,#3427,#3428));
#707=EDGE_LOOP('',(#3429,#3430,#3431,#3432,#3433,#3434,#3435,#3436));
#708=EDGE_LOOP('',(#3437,#3438,#3439,#3440,#3441,#3442,#3443,#3444));
#709=EDGE_LOOP('',(#3445,#3446,#3447,#3448,#3449,#3450,#3451,#3452));
#710=EDGE_LOOP('',(#3453,#3454,#3455,#3456));
#711=EDGE_LOOP('',(#3457,#3458,#3459,#3460));
#712=EDGE_LOOP('',(#3461,#3462,#3463,#3464));
#713=EDGE_LOOP('',(#3465,#3466,#3467,#3468));
#714=EDGE_LOOP('',(#3469,#3470,#3471,#3472));
#715=EDGE_LOOP('',(#3473,#3474,#3475,#3476));
#716=EDGE_LOOP('',(#3477,#3478,#3479,#3480));
#717=EDGE_LOOP('',(#3481,#3482,#3483,#3484));
#718=EDGE_LOOP('',(#3485));
#719=EDGE_LOOP('',(#3486));
#720=EDGE_LOOP('',(#3487));
#721=EDGE_LOOP('',(#3488));
#722=EDGE_LOOP('',(#3489,#3490,#3491,#3492));
#723=EDGE_LOOP('',(#3493));
#724=EDGE_LOOP('',(#3494));
#725=EDGE_LOOP('',(#3495));
#726=EDGE_LOOP('',(#3496));
#727=EDGE_LOOP('',(#3497,#3498,#3499,#3500));
#728=EDGE_LOOP('',(#3501,#3502,#3503,#3504));
#729=EDGE_LOOP('',(#3505,#3506,#3507,#3508));
#730=EDGE_LOOP('',(#3509,#3510,#3511,#3512));
#731=EDGE_LOOP('',(#3513,#3514,#3515,#3516));
#732=EDGE_LOOP('',(#3517,#3518,#3519,#3520));
#733=EDGE_LOOP('',(#3521,#3522,#3523,#3524));
#734=EDGE_LOOP('',(#3525,#3526,#3527,#3528));
#735=EDGE_LOOP('',(#3529,#3530,#3531,#3532));
#736=EDGE_LOOP('',(#3533,#3534,#3535,#3536));
#737=EDGE_LOOP('',(#3537,#3538,#3539,#3540));
#738=EDGE_LOOP('',(#3541,#3542,#3543,#3544));
#739=EDGE_LOOP('',(#3545,#3546,#3547,#3548));
#740=EDGE_LOOP('',(#3549,#3550,#3551,#3552));
#741=EDGE_LOOP('',(#3553,#3554,#3555,#3556));
#742=EDGE_LOOP('',(#3557,#3558,#3559,#3560));
#743=EDGE_LOOP('',(#3561,#3562,#3563,#3564));
#744=EDGE_LOOP('',(#3565,#3566,#3567,#3568));
#745=EDGE_LOOP('',(#3569,#3570,#3571,#3572));
#746=EDGE_LOOP('',(#3573,#3574,#3575,#3576));
#747=EDGE_LOOP('',(#3577,#3578,#3579,#3580));
#748=EDGE_LOOP('',(#3581,#3582,#3583,#3584));
#749=EDGE_LOOP('',(#3585,#3586,#3587,#3588));
#750=EDGE_LOOP('',(#3589));
#751=EDGE_LOOP('',(#3590));
#752=EDGE_LOOP('',(#3591,#3592,#3593,#3594));
#753=EDGE_LOOP('',(#3595));
#754=EDGE_LOOP('',(#3596));
#755=EDGE_LOOP('',(#3597,#3598,#3599,#3600));
#756=EDGE_LOOP('',(#3601));
#757=EDGE_LOOP('',(#3602));
#758=EDGE_LOOP('',(#3603,#3604,#3605,#3606));
#759=EDGE_LOOP('',(#3607));
#760=EDGE_LOOP('',(#3608));
#761=EDGE_LOOP('',(#3609,#3610,#3611,#3612));
#762=EDGE_LOOP('',(#3613));
#763=EDGE_LOOP('',(#3614));
#764=EDGE_LOOP('',(#3615,#3616,#3617,#3618));
#765=EDGE_LOOP('',(#3619));
#766=EDGE_LOOP('',(#3620));
#767=EDGE_LOOP('',(#3621,#3622,#3623,#3624));
#768=EDGE_LOOP('',(#3625));
#769=EDGE_LOOP('',(#3626));
#770=EDGE_LOOP('',(#3627,#3628,#3629,#3630));
#771=EDGE_LOOP('',(#3631));
#772=EDGE_LOOP('',(#3632));
#773=EDGE_LOOP('',(#3633,#3634,#3635,#3636));
#774=EDGE_LOOP('',(#3637,#3638,#3639,#3640));
#775=EDGE_LOOP('',(#3641,#3642,#3643,#3644,#3645,#3646,#3647,#3648));
#776=EDGE_LOOP('',(#3649,#3650,#3651,#3652));
#777=EDGE_LOOP('',(#3653,#3654,#3655,#3656));
#778=EDGE_LOOP('',(#3657,#3658,#3659,#3660));
#779=EDGE_LOOP('',(#3661,#3662,#3663,#3664));
#780=EDGE_LOOP('',(#3665,#3666,#3667,#3668,#3669,#3670,#3671,#3672));
#781=EDGE_LOOP('',(#3673,#3674,#3675,#3676));
#782=EDGE_LOOP('',(#3677,#3678,#3679,#3680));
#783=EDGE_LOOP('',(#3681,#3682,#3683,#3684,#3685,#3686,#3687,#3688));
#784=EDGE_LOOP('',(#3689,#3690,#3691,#3692));
#785=EDGE_LOOP('',(#3693,#3694,#3695,#3696));
#786=EDGE_LOOP('',(#3697,#3698,#3699,#3700));
#787=EDGE_LOOP('',(#3701,#3702,#3703,#3704));
#788=EDGE_LOOP('',(#3705,#3706,#3707,#3708,#3709,#3710,#3711,#3712));
#789=EDGE_LOOP('',(#3713,#3714,#3715,#3716));
#790=EDGE_LOOP('',(#3717,#3718,#3719,#3720));
#791=EDGE_LOOP('',(#3721,#3722,#3723,#3724));
#792=EDGE_LOOP('',(#3725,#3726,#3727,#3728));
#793=EDGE_LOOP('',(#3729,#3730,#3731,#3732,#3733,#3734,#3735,#3736));
#794=EDGE_LOOP('',(#3737,#3738,#3739,#3740));
#795=EDGE_LOOP('',(#3741,#3742,#3743,#3744));
#796=EDGE_LOOP('',(#3745,#3746,#3747,#3748));
#797=EDGE_LOOP('',(#3749,#3750,#3751,#3752));
#798=EDGE_LOOP('',(#3753,#3754,#3755,#3756,#3757,#3758,#3759,#3760));
#799=EDGE_LOOP('',(#3761,#3762,#3763,#3764,#3765,#3766,#3767,#3768));
#800=EDGE_LOOP('',(#3769,#3770,#3771,#3772));
#801=EDGE_LOOP('',(#3773,#3774,#3775,#3776,#3777,#3778,#3779,#3780));
#802=EDGE_LOOP('',(#3781,#3782,#3783,#3784,#3785,#3786,#3787,#3788,#3789,
#3790,#3791,#3792,#3793,#3794));
#803=EDGE_LOOP('',(#3795,#3796,#3797,#3798));
#804=EDGE_LOOP('',(#3799,#3800,#3801,#3802,#3803));
#805=EDGE_LOOP('',(#3804,#3805));
#806=EDGE_LOOP('',(#3806,#3807,#3808,#3809));
#807=EDGE_LOOP('',(#3810,#3811,#3812,#3813));
#808=EDGE_LOOP('',(#3814,#3815));
#809=EDGE_LOOP('',(#3816,#3817));
#810=EDGE_LOOP('',(#3818,#3819,#3820,#3821,#3822,#3823,#3824,#3825,#3826,
#3827,#3828,#3829));
#811=EDGE_LOOP('',(#3830,#3831,#3832,#3833));
#812=EDGE_LOOP('',(#3834,#3835,#3836,#3837,#3838,#3839,#3840,#3841,#3842,
#3843,#3844,#3845));
#813=EDGE_LOOP('',(#3846,#3847,#3848,#3849,#3850,#3851,#3852,#3853,#3854,
#3855,#3856,#3857));
#814=EDGE_LOOP('',(#3858,#3859,#3860,#3861));
#815=EDGE_LOOP('',(#3862,#3863,#3864,#3865,#3866));
#816=EDGE_LOOP('',(#3867,#3868,#3869,#3870));
#817=EDGE_LOOP('',(#3871,#3872,#3873,#3874));
#818=EDGE_LOOP('',(#3875,#3876,#3877,#3878));
#819=EDGE_LOOP('',(#3879,#3880,#3881,#3882));
#820=EDGE_LOOP('',(#3883,#3884));
#821=EDGE_LOOP('',(#3885,#3886,#3887,#3888));
#822=EDGE_LOOP('',(#3889,#3890,#3891,#3892));
#823=EDGE_LOOP('',(#3893,#3894));
#824=EDGE_LOOP('',(#3895,#3896,#3897,#3898,#3899,#3900,#3901,#3902));
#825=EDGE_LOOP('',(#3903,#3904,#3905,#3906));
#826=EDGE_LOOP('',(#3907,#3908,#3909,#3910,#3911,#3912,#3913,#3914));
#827=EDGE_LOOP('',(#3915,#3916,#3917,#3918,#3919,#3920,#3921,#3922,#3923,
#3924,#3925,#3926,#3927,#3928));
#828=EDGE_LOOP('',(#3929,#3930,#3931,#3932));
#829=EDGE_LOOP('',(#3933,#3934,#3935,#3936,#3937));
#830=EDGE_LOOP('',(#3938,#3939));
#831=EDGE_LOOP('',(#3940,#3941,#3942,#3943));
#832=EDGE_LOOP('',(#3944,#3945,#3946,#3947));
#833=EDGE_LOOP('',(#3948,#3949));
#834=EDGE_LOOP('',(#3950,#3951));
#835=EDGE_LOOP('',(#3952,#3953,#3954,#3955,#3956,#3957,#3958,#3959,#3960,
#3961,#3962,#3963));
#836=EDGE_LOOP('',(#3964,#3965,#3966,#3967));
#837=EDGE_LOOP('',(#3968,#3969,#3970,#3971,#3972,#3973,#3974,#3975,#3976,
#3977,#3978,#3979));
#838=EDGE_LOOP('',(#3980,#3981,#3982,#3983,#3984,#3985,#3986,#3987,#3988,
#3989,#3990,#3991));
#839=EDGE_LOOP('',(#3992,#3993,#3994,#3995));
#840=EDGE_LOOP('',(#3996,#3997,#3998,#3999,#4000));
#841=EDGE_LOOP('',(#4001,#4002,#4003,#4004));
#842=EDGE_LOOP('',(#4005,#4006,#4007,#4008));
#843=EDGE_LOOP('',(#4009,#4010,#4011,#4012));
#844=EDGE_LOOP('',(#4013,#4014,#4015,#4016));
#845=EDGE_LOOP('',(#4017,#4018));
#846=EDGE_LOOP('',(#4019,#4020,#4021,#4022));
#847=EDGE_LOOP('',(#4023,#4024,#4025,#4026));
#848=EDGE_LOOP('',(#4027,#4028));
#849=EDGE_LOOP('',(#4029,#4030,#4031,#4032));
#850=EDGE_LOOP('',(#4033));
#851=EDGE_LOOP('',(#4034));
#852=EDGE_LOOP('',(#4035,#4036,#4037,#4038));
#853=EDGE_LOOP('',(#4039));
#854=EDGE_LOOP('',(#4040));
#855=EDGE_LOOP('',(#4041,#4042,#4043,#4044));
#856=EDGE_LOOP('',(#4045,#4046,#4047,#4048));
#857=EDGE_LOOP('',(#4049));
#858=EDGE_LOOP('',(#4050));
#859=EDGE_LOOP('',(#4051,#4052,#4053,#4054));
#860=EDGE_LOOP('',(#4055));
#861=EDGE_LOOP('',(#4056));
#862=EDGE_LOOP('',(#4057,#4058,#4059,#4060));
#863=EDGE_LOOP('',(#4061,#4062,#4063,#4064));
#864=EDGE_LOOP('',(#4065));
#865=EDGE_LOOP('',(#4066));
#866=EDGE_LOOP('',(#4067,#4068,#4069,#4070));
#867=EDGE_LOOP('',(#4071));
#868=EDGE_LOOP('',(#4072));
#869=EDGE_LOOP('',(#4073,#4074,#4075,#4076));
#870=EDGE_LOOP('',(#4077,#4078,#4079,#4080));
#871=EDGE_LOOP('',(#4081,#4082,#4083,#4084,#4085,#4086,#4087,#4088,#4089,
#4090,#4091));
#872=EDGE_LOOP('',(#4092));
#873=EDGE_LOOP('',(#4093,#4094,#4095,#4096,#4097,#4098,#4099,#4100,#4101,
#4102,#4103));
#874=EDGE_LOOP('',(#4104));
#875=EDGE_LOOP('',(#4105,#4106,#4107,#4108,#4109,#4110));
#876=EDGE_LOOP('',(#4111,#4112,#4113,#4114,#4115,#4116));
#877=EDGE_LOOP('',(#4117,#4118,#4119,#4120,#4121,#4122,#4123,#4124,#4125,
#4126,#4127,#4128,#4129,#4130,#4131,#4132,#4133,#4134,#4135,#4136,#4137,
#4138,#4139,#4140,#4141,#4142,#4143));
#878=EDGE_LOOP('',(#4144));
#879=EDGE_LOOP('',(#4145));
#880=EDGE_LOOP('',(#4146,#4147,#4148,#4149,#4150,#4151,#4152,#4153,#4154,
#4155,#4156,#4157));
#881=EDGE_LOOP('',(#4158,#4159,#4160,#4161));
#882=EDGE_LOOP('',(#4162,#4163,#4164,#4165));
#883=EDGE_LOOP('',(#4166,#4167,#4168,#4169));
#884=EDGE_LOOP('',(#4170,#4171,#4172,#4173));
#885=EDGE_LOOP('',(#4174,#4175,#4176,#4177));
#886=EDGE_LOOP('',(#4178,#4179,#4180,#4181));
#887=EDGE_LOOP('',(#4182,#4183,#4184,#4185,#4186,#4187,#4188,#4189));
#888=EDGE_LOOP('',(#4190,#4191,#4192,#4193,#4194,#4195,#4196,#4197));
#889=EDGE_LOOP('',(#4198));
#890=EDGE_LOOP('',(#4199));
#891=EDGE_LOOP('',(#4200,#4201,#4202,#4203,#4204,#4205,#4206));
#892=EDGE_LOOP('',(#4207));
#893=EDGE_LOOP('',(#4208));
#894=EDGE_LOOP('',(#4209,#4210,#4211,#4212));
#895=EDGE_LOOP('',(#4213,#4214,#4215,#4216));
#896=EDGE_LOOP('',(#4217,#4218,#4219,#4220,#4221,#4222,#4223,#4224));
#897=EDGE_LOOP('',(#4225,#4226,#4227,#4228));
#898=EDGE_LOOP('',(#4229,#4230,#4231,#4232));
#899=EDGE_LOOP('',(#4233,#4234,#4235,#4236));
#900=EDGE_LOOP('',(#4237,#4238,#4239,#4240));
#901=EDGE_LOOP('',(#4241,#4242,#4243,#4244));
#902=EDGE_LOOP('',(#4245,#4246,#4247,#4248));
#903=EDGE_LOOP('',(#4249,#4250,#4251,#4252));
#904=EDGE_LOOP('',(#4253,#4254,#4255,#4256));
#905=EDGE_LOOP('',(#4257,#4258,#4259,#4260));
#906=EDGE_LOOP('',(#4261,#4262,#4263,#4264));
#907=EDGE_LOOP('',(#4265,#4266,#4267,#4268));
#908=EDGE_LOOP('',(#4269,#4270,#4271,#4272));
#909=EDGE_LOOP('',(#4273,#4274,#4275,#4276));
#910=EDGE_LOOP('',(#4277,#4278,#4279,#4280,#4281,#4282,#4283,#4284));
#911=EDGE_LOOP('',(#4285,#4286,#4287,#4288));
#912=EDGE_LOOP('',(#4289,#4290,#4291,#4292,#4293,#4294,#4295,#4296));
#913=EDGE_LOOP('',(#4297,#4298,#4299,#4300));
#914=EDGE_LOOP('',(#4301,#4302,#4303,#4304,#4305,#4306));
#915=EDGE_LOOP('',(#4307,#4308,#4309,#4310));
#916=EDGE_LOOP('',(#4311,#4312,#4313,#4314));
#917=EDGE_LOOP('',(#4315,#4316,#4317,#4318,#4319,#4320,#4321,#4322));
#918=EDGE_LOOP('',(#4323,#4324,#4325,#4326,#4327,#4328,#4329,#4330));
#919=EDGE_LOOP('',(#4331,#4332,#4333,#4334));
#920=EDGE_LOOP('',(#4335,#4336,#4337,#4338));
#921=EDGE_LOOP('',(#4339,#4340,#4341,#4342,#4343));
#922=EDGE_LOOP('',(#4344,#4345,#4346,#4347));
#923=EDGE_LOOP('',(#4348,#4349,#4350,#4351,#4352,#4353,#4354,#4355));
#924=EDGE_LOOP('',(#4356,#4357,#4358,#4359,#4360,#4361,#4362,#4363,#4364,
#4365,#4366,#4367));
#925=EDGE_LOOP('',(#4368,#4369,#4370,#4371,#4372));
#926=EDGE_LOOP('',(#4373,#4374,#4375,#4376));
#927=EDGE_LOOP('',(#4377,#4378,#4379,#4380));
#928=EDGE_LOOP('',(#4381,#4382,#4383,#4384,#4385,#4386,#4387,#4388));
#929=EDGE_LOOP('',(#4389,#4390,#4391,#4392));
#930=EDGE_LOOP('',(#4393,#4394,#4395,#4396));
#931=EDGE_LOOP('',(#4397,#4398,#4399,#4400,#4401,#4402,#4403,#4404));
#932=EDGE_LOOP('',(#4405,#4406,#4407,#4408));
#933=EDGE_LOOP('',(#4409,#4410,#4411,#4412));
#934=EDGE_LOOP('',(#4413,#4414,#4415,#4416));
#935=EDGE_LOOP('',(#4417,#4418,#4419,#4420));
#936=EDGE_LOOP('',(#4421,#4422,#4423,#4424));
#937=LINE('',#6709,#1375);
#938=LINE('',#6715,#1376);
#939=LINE('',#6720,#1377);
#940=LINE('',#6722,#1378);
#941=LINE('',#6724,#1379);
#942=LINE('',#6725,#1380);
#943=LINE('',#6728,#1381);
#944=LINE('',#6730,#1382);
#945=LINE('',#6731,#1383);
#946=LINE('',#6734,#1384);
#947=LINE('',#6736,#1385);
#948=LINE('',#6737,#1386);
#949=LINE('',#6739,#1387);
#950=LINE('',#6740,#1388);
#951=LINE('',#6744,#1389);
#952=LINE('',#6746,#1390);
#953=LINE('',#6748,#1391);
#954=LINE('',#6749,#1392);
#955=LINE('',#6753,#1393);
#956=LINE('',#6755,#1394);
#957=LINE('',#6757,#1395);
#958=LINE('',#6758,#1396);
#959=LINE('',#6760,#1397);
#960=LINE('',#6761,#1398);
#961=LINE('',#6763,#1399);
#962=LINE('',#6765,#1400);
#963=LINE('',#6781,#1401);
#964=LINE('',#6782,#1402);
#965=LINE('',#6793,#1403);
#966=LINE('',#6794,#1404);
#967=LINE('',#6805,#1405);
#968=LINE('',#6806,#1406);
#969=LINE('',#6814,#1407);
#970=LINE('',#6815,#1408);
#971=LINE('',#6818,#1409);
#972=LINE('',#6820,#1410);
#973=LINE('',#6821,#1411);
#974=LINE('',#6824,#1412);
#975=LINE('',#6828,#1413);
#976=LINE('',#6829,#1414);
#977=LINE('',#6832,#1415);
#978=LINE('',#6839,#1416);
#979=LINE('',#6843,#1417);
#980=LINE('',#6847,#1418);
#981=LINE('',#6850,#1419);
#982=LINE('',#6860,#1420);
#983=LINE('',#6868,#1421);
#984=LINE('',#6876,#1422);
#985=LINE('',#6882,#1423);
#986=LINE('',#6885,#1424);
#987=LINE('',#6887,#1425);
#988=LINE('',#6888,#1426);
#989=LINE('',#6891,#1427);
#990=LINE('',#6895,#1428);
#991=LINE('',#6896,#1429);
#992=LINE('',#6899,#1430);
#993=LINE('',#6904,#1431);
#994=LINE('',#6906,#1432);
#995=LINE('',#6908,#1433);
#996=LINE('',#6909,#1434);
#997=LINE('',#6912,#1435);
#998=LINE('',#6914,#1436);
#999=LINE('',#6915,#1437);
#1000=LINE('',#6918,#1438);
#1001=LINE('',#6919,#1439);
#1002=LINE('',#6922,#1440);
#1003=LINE('',#6923,#1441);
#1004=LINE('',#6925,#1442);
#1005=LINE('',#6929,#1443);
#1006=LINE('',#6931,#1444);
#1007=LINE('',#6933,#1445);
#1008=LINE('',#6934,#1446);
#1009=LINE('',#6937,#1447);
#1010=LINE('',#6939,#1448);
#1011=LINE('',#6940,#1449);
#1012=LINE('',#6943,#1450);
#1013=LINE('',#6944,#1451);
#1014=LINE('',#6947,#1452);
#1015=LINE('',#6948,#1453);
#1016=LINE('',#6950,#1454);
#1017=LINE('',#6954,#1455);
#1018=LINE('',#6958,#1456);
#1019=LINE('',#6963,#1457);
#1020=LINE('',#6967,#1458);
#1021=LINE('',#6972,#1459);
#1022=LINE('',#6976,#1460);
#1023=LINE('',#6979,#1461);
#1024=LINE('',#6981,#1462);
#1025=LINE('',#6984,#1463);
#1026=LINE('',#6985,#1464);
#1027=LINE('',#6988,#1465);
#1028=LINE('',#6991,#1466);
#1029=LINE('',#6993,#1467);
#1030=LINE('',#6995,#1468);
#1031=LINE('',#6997,#1469);
#1032=LINE('',#6999,#1470);
#1033=LINE('',#7003,#1471);
#1034=LINE('',#7007,#1472);
#1035=LINE('',#7012,#1473);
#1036=LINE('',#7016,#1474);
#1037=LINE('',#7021,#1475);
#1038=LINE('',#7025,#1476);
#1039=LINE('',#7028,#1477);
#1040=LINE('',#7030,#1478);
#1041=LINE('',#7033,#1479);
#1042=LINE('',#7034,#1480);
#1043=LINE('',#7037,#1481);
#1044=LINE('',#7040,#1482);
#1045=LINE('',#7042,#1483);
#1046=LINE('',#7044,#1484);
#1047=LINE('',#7046,#1485);
#1048=LINE('',#7048,#1486);
#1049=LINE('',#7051,#1487);
#1050=LINE('',#7054,#1488);
#1051=LINE('',#7058,#1489);
#1052=LINE('',#7060,#1490);
#1053=LINE('',#7062,#1491);
#1054=LINE('',#7065,#1492);
#1055=LINE('',#7068,#1493);
#1056=LINE('',#7070,#1494);
#1057=LINE('',#7072,#1495);
#1058=LINE('',#7075,#1496);
#1059=LINE('',#7083,#1497);
#1060=LINE('',#7089,#1498);
#1061=LINE('',#7095,#1499);
#1062=LINE('',#7101,#1500);
#1063=LINE('',#7106,#1501);
#1064=LINE('',#7108,#1502);
#1065=LINE('',#7110,#1503);
#1066=LINE('',#7111,#1504);
#1067=LINE('',#7115,#1505);
#1068=LINE('',#7117,#1506);
#1069=LINE('',#7119,#1507);
#1070=LINE('',#7120,#1508);
#1071=LINE('',#7122,#1509);
#1072=LINE('',#7123,#1510);
#1073=LINE('',#7125,#1511);
#1074=LINE('',#7127,#1512);
#1075=LINE('',#7132,#1513);
#1076=LINE('',#7134,#1514);
#1077=LINE('',#7136,#1515);
#1078=LINE('',#7137,#1516);
#1079=LINE('',#7141,#1517);
#1080=LINE('',#7143,#1518);
#1081=LINE('',#7145,#1519);
#1082=LINE('',#7146,#1520);
#1083=LINE('',#7148,#1521);
#1084=LINE('',#7149,#1522);
#1085=LINE('',#7151,#1523);
#1086=LINE('',#7153,#1524);
#1087=LINE('',#7158,#1525);
#1088=LINE('',#7160,#1526);
#1089=LINE('',#7162,#1527);
#1090=LINE('',#7163,#1528);
#1091=LINE('',#7167,#1529);
#1092=LINE('',#7169,#1530);
#1093=LINE('',#7171,#1531);
#1094=LINE('',#7172,#1532);
#1095=LINE('',#7174,#1533);
#1096=LINE('',#7175,#1534);
#1097=LINE('',#7177,#1535);
#1098=LINE('',#7179,#1536);
#1099=LINE('',#7184,#1537);
#1100=LINE('',#7186,#1538);
#1101=LINE('',#7188,#1539);
#1102=LINE('',#7189,#1540);
#1103=LINE('',#7193,#1541);
#1104=LINE('',#7195,#1542);
#1105=LINE('',#7197,#1543);
#1106=LINE('',#7198,#1544);
#1107=LINE('',#7200,#1545);
#1108=LINE('',#7201,#1546);
#1109=LINE('',#7203,#1547);
#1110=LINE('',#7205,#1548);
#1111=LINE('',#7211,#1549);
#1112=LINE('',#7219,#1550);
#1113=LINE('',#7227,#1551);
#1114=LINE('',#7235,#1552);
#1115=LINE('',#7243,#1553);
#1116=LINE('',#7251,#1554);
#1117=LINE('',#7259,#1555);
#1118=LINE('',#7267,#1556);
#1119=LINE('',#7275,#1557);
#1120=LINE('',#7277,#1558);
#1121=LINE('',#7279,#1559);
#1122=LINE('',#7280,#1560);
#1123=LINE('',#7284,#1561);
#1124=LINE('',#7286,#1562);
#1125=LINE('',#7288,#1563);
#1126=LINE('',#7289,#1564);
#1127=LINE('',#7292,#1565);
#1128=LINE('',#7293,#1566);
#1129=LINE('',#7295,#1567);
#1130=LINE('',#7297,#1568);
#1131=LINE('',#7299,#1569);
#1132=LINE('',#7300,#1570);
#1133=LINE('',#7303,#1571);
#1134=LINE('',#7304,#1572);
#1135=LINE('',#7307,#1573);
#1136=LINE('',#7309,#1574);
#1137=LINE('',#7310,#1575);
#1138=LINE('',#7313,#1576);
#1139=LINE('',#7314,#1577);
#1140=LINE('',#7316,#1578);
#1141=LINE('',#7318,#1579);
#1142=LINE('',#7319,#1580);
#1143=LINE('',#7323,#1581);
#1144=LINE('',#7325,#1582);
#1145=LINE('',#7327,#1583);
#1146=LINE('',#7328,#1584);
#1147=LINE('',#7332,#1585);
#1148=LINE('',#7334,#1586);
#1149=LINE('',#7336,#1587);
#1150=LINE('',#7337,#1588);
#1151=LINE('',#7340,#1589);
#1152=LINE('',#7341,#1590);
#1153=LINE('',#7343,#1591);
#1154=LINE('',#7345,#1592);
#1155=LINE('',#7347,#1593);
#1156=LINE('',#7348,#1594);
#1157=LINE('',#7351,#1595);
#1158=LINE('',#7352,#1596);
#1159=LINE('',#7355,#1597);
#1160=LINE('',#7357,#1598);
#1161=LINE('',#7358,#1599);
#1162=LINE('',#7361,#1600);
#1163=LINE('',#7362,#1601);
#1164=LINE('',#7364,#1602);
#1165=LINE('',#7366,#1603);
#1166=LINE('',#7367,#1604);
#1167=LINE('',#7371,#1605);
#1168=LINE('',#7373,#1606);
#1169=LINE('',#7375,#1607);
#1170=LINE('',#7376,#1608);
#1171=LINE('',#7379,#1609);
#1172=LINE('',#7381,#1610);
#1173=LINE('',#7382,#1611);
#1174=LINE('',#7385,#1612);
#1175=LINE('',#7387,#1613);
#1176=LINE('',#7388,#1614);
#1177=LINE('',#7390,#1615);
#1178=LINE('',#7393,#1616);
#1179=LINE('',#7395,#1617);
#1180=LINE('',#7397,#1618);
#1181=LINE('',#7399,#1619);
#1182=LINE('',#7400,#1620);
#1183=LINE('',#7404,#1621);
#1184=LINE('',#7406,#1622);
#1185=LINE('',#7408,#1623);
#1186=LINE('',#7409,#1624);
#1187=LINE('',#7412,#1625);
#1188=LINE('',#7414,#1626);
#1189=LINE('',#7415,#1627);
#1190=LINE('',#7418,#1628);
#1191=LINE('',#7419,#1629);
#1192=LINE('',#7422,#1630);
#1193=LINE('',#7423,#1631);
#1194=LINE('',#7426,#1632);
#1195=LINE('',#7428,#1633);
#1196=LINE('',#7430,#1634);
#1197=LINE('',#7432,#1635);
#1198=LINE('',#7433,#1636);
#1199=LINE('',#7437,#1637);
#1200=LINE('',#7439,#1638);
#1201=LINE('',#7441,#1639);
#1202=LINE('',#7451,#1640);
#1203=LINE('',#7463,#1641);
#1204=LINE('',#7467,#1642);
#1205=LINE('',#7477,#1643);
#1206=LINE('',#7486,#1644);
#1207=LINE('',#7495,#1645);
#1208=LINE('',#7510,#1646);
#1209=LINE('',#7514,#1647);
#1210=LINE('',#7516,#1648);
#1211=LINE('',#7518,#1649);
#1212=LINE('',#7520,#1650);
#1213=LINE('',#7522,#1651);
#1214=LINE('',#7532,#1652);
#1215=LINE('',#7542,#1653);
#1216=LINE('',#7543,#1654);
#1217=LINE('',#7548,#1655);
#1218=LINE('',#7552,#1656);
#1219=LINE('',#7554,#1657);
#1220=LINE('',#7556,#1658);
#1221=LINE('',#7566,#1659);
#1222=LINE('',#7576,#1660);
#1223=LINE('',#7578,#1661);
#1224=LINE('',#7579,#1662);
#1225=LINE('',#7584,#1663);
#1226=LINE('',#7609,#1664);
#1227=LINE('',#7611,#1665);
#1228=LINE('',#7613,#1666);
#1229=LINE('',#7623,#1667);
#1230=LINE('',#7635,#1668);
#1231=LINE('',#7639,#1669);
#1232=LINE('',#7649,#1670);
#1233=LINE('',#7658,#1671);
#1234=LINE('',#7667,#1672);
#1235=LINE('',#7682,#1673);
#1236=LINE('',#7686,#1674);
#1237=LINE('',#7688,#1675);
#1238=LINE('',#7690,#1676);
#1239=LINE('',#7692,#1677);
#1240=LINE('',#7694,#1678);
#1241=LINE('',#7704,#1679);
#1242=LINE('',#7714,#1680);
#1243=LINE('',#7715,#1681);
#1244=LINE('',#7720,#1682);
#1245=LINE('',#7724,#1683);
#1246=LINE('',#7726,#1684);
#1247=LINE('',#7728,#1685);
#1248=LINE('',#7738,#1686);
#1249=LINE('',#7748,#1687);
#1250=LINE('',#7750,#1688);
#1251=LINE('',#7751,#1689);
#1252=LINE('',#7756,#1690);
#1253=LINE('',#7782,#1691);
#1254=LINE('',#7789,#1692);
#1255=LINE('',#7796,#1693);
#1256=LINE('',#7802,#1694);
#1257=LINE('',#7809,#1695);
#1258=LINE('',#7816,#1696);
#1259=LINE('',#7822,#1697);
#1260=LINE('',#7829,#1698);
#1261=LINE('',#7835,#1699);
#1262=LINE('',#7837,#1700);
#1263=LINE('',#7839,#1701);
#1264=LINE('',#7840,#1702);
#1265=LINE('',#7844,#1703);
#1266=LINE('',#7846,#1704);
#1267=LINE('',#7848,#1705);
#1268=LINE('',#7849,#1706);
#1269=LINE('',#7851,#1707);
#1270=LINE('',#7852,#1708);
#1271=LINE('',#7854,#1709);
#1272=LINE('',#7856,#1710);
#1273=LINE('',#7858,#1711);
#1274=LINE('',#7860,#1712);
#1275=LINE('',#7861,#1713);
#1276=LINE('',#7864,#1714);
#1277=LINE('',#7866,#1715);
#1278=LINE('',#7868,#1716);
#1279=LINE('',#7870,#1717);
#1280=LINE('',#7871,#1718);
#1281=LINE('',#7872,#1719);
#1282=LINE('',#7873,#1720);
#1283=LINE('',#7876,#1721);
#1284=LINE('',#7877,#1722);
#1285=LINE('',#7880,#1723);
#1286=LINE('',#7881,#1724);
#1287=LINE('',#7885,#1725);
#1288=LINE('',#7889,#1726);
#1289=LINE('',#7893,#1727);
#1290=LINE('',#7897,#1728);
#1291=LINE('',#7901,#1729);
#1292=LINE('',#7907,#1730);
#1293=LINE('',#7911,#1731);
#1294=LINE('',#7917,#1732);
#1295=LINE('',#7921,#1733);
#1296=LINE('',#7925,#1734);
#1297=LINE('',#7931,#1735);
#1298=LINE('',#7935,#1736);
#1299=LINE('',#7937,#1737);
#1300=LINE('',#7939,#1738);
#1301=LINE('',#7941,#1739);
#1302=LINE('',#7943,#1740);
#1303=LINE('',#7945,#1741);
#1304=LINE('',#7947,#1742);
#1305=LINE('',#7949,#1743);
#1306=LINE('',#7950,#1744);
#1307=LINE('',#7952,#1745);
#1308=LINE('',#7953,#1746);
#1309=LINE('',#7955,#1747);
#1310=LINE('',#7956,#1748);
#1311=LINE('',#7958,#1749);
#1312=LINE('',#7961,#1750);
#1313=LINE('',#7964,#1751);
#1314=LINE('',#7966,#1752);
#1315=LINE('',#7977,#1753);
#1316=LINE('',#7981,#1754);
#1317=LINE('',#7984,#1755);
#1318=LINE('',#7992,#1756);
#1319=LINE('',#7993,#1757);
#1320=LINE('',#7996,#1758);
#1321=LINE('',#7998,#1759);
#1322=LINE('',#8000,#1760);
#1323=LINE('',#8001,#1761);
#1324=LINE('',#8004,#1762);
#1325=LINE('',#8008,#1763);
#1326=LINE('',#8012,#1764);
#1327=LINE('',#8015,#1765);
#1328=LINE('',#8017,#1766);
#1329=LINE('',#8018,#1767);
#1330=LINE('',#8020,#1768);
#1331=LINE('',#8022,#1769);
#1332=LINE('',#8024,#1770);
#1333=LINE('',#8027,#1771);
#1334=LINE('',#8028,#1772);
#1335=LINE('',#8030,#1773);
#1336=LINE('',#8032,#1774);
#1337=LINE('',#8033,#1775);
#1338=LINE('',#8036,#1776);
#1339=LINE('',#8038,#1777);
#1340=LINE('',#8039,#1778);
#1341=LINE('',#8044,#1779);
#1342=LINE('',#8045,#1780);
#1343=LINE('',#8048,#1781);
#1344=LINE('',#8050,#1782);
#1345=LINE('',#8052,#1783);
#1346=LINE('',#8053,#1784);
#1347=LINE('',#8054,#1785);
#1348=LINE('',#8058,#1786);
#1349=LINE('',#8063,#1787);
#1350=LINE('',#8064,#1788);
#1351=LINE('',#8066,#1789);
#1352=LINE('',#8068,#1790);
#1353=LINE('',#8070,#1791);
#1354=LINE('',#8072,#1792);
#1355=LINE('',#8073,#1793);
#1356=LINE('',#8078,#1794);
#1357=LINE('',#8083,#1795);
#1358=LINE('',#8087,#1796);
#1359=LINE('',#8094,#1797);
#1360=LINE('',#8098,#1798);
#1361=LINE('',#8102,#1799);
#1362=LINE('',#8106,#1800);
#1363=LINE('',#8110,#1801);
#1364=LINE('',#8113,#1802);
#1365=LINE('',#8116,#1803);
#1366=LINE('',#8119,#1804);
#1367=LINE('',#8122,#1805);
#1368=LINE('',#8124,#1806);
#1369=LINE('',#8127,#1807);
#1370=LINE('',#8129,#1808);
#1371=LINE('',#8132,#1809);
#1372=LINE('',#8133,#1810);
#1373=LINE('',#8135,#1811);
#1374=LINE('',#8136,#1812);
#1375=VECTOR('',#5320,1.2);
#1376=VECTOR('',#5327,1.2);
#1377=VECTOR('',#5332,10.);
#1378=VECTOR('',#5333,10.);
#1379=VECTOR('',#5334,10.);
#1380=VECTOR('',#5335,10.);
#1381=VECTOR('',#5338,10.);
#1382=VECTOR('',#5339,10.);
#1383=VECTOR('',#5340,10.);
#1384=VECTOR('',#5343,10.);
#1385=VECTOR('',#5344,10.);
#1386=VECTOR('',#5345,10.);
#1387=VECTOR('',#5348,10.);
#1388=VECTOR('',#5349,10.);
#1389=VECTOR('',#5352,10.);
#1390=VECTOR('',#5353,10.);
#1391=VECTOR('',#5354,10.);
#1392=VECTOR('',#5355,10.);
#1393=VECTOR('',#5358,10.);
#1394=VECTOR('',#5359,10.);
#1395=VECTOR('',#5360,10.);
#1396=VECTOR('',#5361,10.);
#1397=VECTOR('',#5364,10.);
#1398=VECTOR('',#5365,10.);
#1399=VECTOR('',#5368,10.);
#1400=VECTOR('',#5371,10.);
#1401=VECTOR('',#5390,10.);
#1402=VECTOR('',#5391,10.);
#1403=VECTOR('',#5404,10.);
#1404=VECTOR('',#5405,10.);
#1405=VECTOR('',#5418,10.);
#1406=VECTOR('',#5419,10.);
#1407=VECTOR('',#5430,10.);
#1408=VECTOR('',#5431,10.);
#1409=VECTOR('',#5434,10.);
#1410=VECTOR('',#5435,10.);
#1411=VECTOR('',#5436,10.);
#1412=VECTOR('',#5439,10.);
#1413=VECTOR('',#5444,10.);
#1414=VECTOR('',#5445,10.);
#1415=VECTOR('',#5448,10.);
#1416=VECTOR('',#5455,10.);
#1417=VECTOR('',#5458,10.);
#1418=VECTOR('',#5461,10.);
#1419=VECTOR('',#5464,10.);
#1420=VECTOR('',#5477,10.);
#1421=VECTOR('',#5488,10.);
#1422=VECTOR('',#5499,10.);
#1423=VECTOR('',#5508,10.);
#1424=VECTOR('',#5511,10.);
#1425=VECTOR('',#5512,10.);
#1426=VECTOR('',#5513,10.);
#1427=VECTOR('',#5516,10.);
#1428=VECTOR('',#5521,10.);
#1429=VECTOR('',#5522,10.);
#1430=VECTOR('',#5525,10.);
#1431=VECTOR('',#5530,10.);
#1432=VECTOR('',#5531,10.);
#1433=VECTOR('',#5532,10.);
#1434=VECTOR('',#5533,10.);
#1435=VECTOR('',#5536,10.);
#1436=VECTOR('',#5537,10.);
#1437=VECTOR('',#5538,10.);
#1438=VECTOR('',#5541,10.);
#1439=VECTOR('',#5542,10.);
#1440=VECTOR('',#5545,10.);
#1441=VECTOR('',#5546,10.);
#1442=VECTOR('',#5549,10.);
#1443=VECTOR('',#5552,10.);
#1444=VECTOR('',#5553,10.);
#1445=VECTOR('',#5554,10.);
#1446=VECTOR('',#5555,10.);
#1447=VECTOR('',#5558,10.);
#1448=VECTOR('',#5559,10.);
#1449=VECTOR('',#5560,10.);
#1450=VECTOR('',#5563,10.);
#1451=VECTOR('',#5564,10.);
#1452=VECTOR('',#5567,10.);
#1453=VECTOR('',#5568,10.);
#1454=VECTOR('',#5571,10.);
#1455=VECTOR('',#5574,10.);
#1456=VECTOR('',#5577,10.);
#1457=VECTOR('',#5582,10.);
#1458=VECTOR('',#5585,10.);
#1459=VECTOR('',#5590,10.);
#1460=VECTOR('',#5593,10.);
#1461=VECTOR('',#5598,10.);
#1462=VECTOR('',#5599,10.);
#1463=VECTOR('',#5602,10.);
#1464=VECTOR('',#5603,10.);
#1465=VECTOR('',#5606,10.);
#1466=VECTOR('',#5609,10.);
#1467=VECTOR('',#5612,10.);
#1468=VECTOR('',#5615,10.);
#1469=VECTOR('',#5618,10.);
#1470=VECTOR('',#5621,10.);
#1471=VECTOR('',#5624,10.);
#1472=VECTOR('',#5627,10.);
#1473=VECTOR('',#5632,10.);
#1474=VECTOR('',#5635,10.);
#1475=VECTOR('',#5640,10.);
#1476=VECTOR('',#5643,10.);
#1477=VECTOR('',#5648,10.);
#1478=VECTOR('',#5649,10.);
#1479=VECTOR('',#5652,10.);
#1480=VECTOR('',#5653,10.);
#1481=VECTOR('',#5656,10.);
#1482=VECTOR('',#5659,10.);
#1483=VECTOR('',#5662,10.);
#1484=VECTOR('',#5665,10.);
#1485=VECTOR('',#5668,10.);
#1486=VECTOR('',#5671,10.);
#1487=VECTOR('',#5674,10.);
#1488=VECTOR('',#5677,10.);
#1489=VECTOR('',#5682,10.);
#1490=VECTOR('',#5685,10.);
#1491=VECTOR('',#5688,10.);
#1492=VECTOR('',#5691,10.);
#1493=VECTOR('',#5694,10.);
#1494=VECTOR('',#5697,10.);
#1495=VECTOR('',#5698,10.);
#1496=VECTOR('',#5703,10.);
#1497=VECTOR('',#5714,1.5);
#1498=VECTOR('',#5721,1.5);
#1499=VECTOR('',#5728,1.5);
#1500=VECTOR('',#5735,1.5);
#1501=VECTOR('',#5740,10.);
#1502=VECTOR('',#5741,10.);
#1503=VECTOR('',#5742,10.);
#1504=VECTOR('',#5743,10.);
#1505=VECTOR('',#5746,10.);
#1506=VECTOR('',#5747,10.);
#1507=VECTOR('',#5748,10.);
#1508=VECTOR('',#5749,10.);
#1509=VECTOR('',#5752,10.);
#1510=VECTOR('',#5753,10.);
#1511=VECTOR('',#5756,10.);
#1512=VECTOR('',#5759,10.);
#1513=VECTOR('',#5764,10.);
#1514=VECTOR('',#5765,10.);
#1515=VECTOR('',#5766,10.);
#1516=VECTOR('',#5767,10.);
#1517=VECTOR('',#5770,10.);
#1518=VECTOR('',#5771,10.);
#1519=VECTOR('',#5772,10.);
#1520=VECTOR('',#5773,10.);
#1521=VECTOR('',#5776,10.);
#1522=VECTOR('',#5777,10.);
#1523=VECTOR('',#5780,10.);
#1524=VECTOR('',#5783,10.);
#1525=VECTOR('',#5788,10.);
#1526=VECTOR('',#5789,10.);
#1527=VECTOR('',#5790,10.);
#1528=VECTOR('',#5791,10.);
#1529=VECTOR('',#5794,10.);
#1530=VECTOR('',#5795,10.);
#1531=VECTOR('',#5796,10.);
#1532=VECTOR('',#5797,10.);
#1533=VECTOR('',#5800,10.);
#1534=VECTOR('',#5801,10.);
#1535=VECTOR('',#5804,10.);
#1536=VECTOR('',#5807,10.);
#1537=VECTOR('',#5812,10.);
#1538=VECTOR('',#5813,10.);
#1539=VECTOR('',#5814,10.);
#1540=VECTOR('',#5815,10.);
#1541=VECTOR('',#5818,10.);
#1542=VECTOR('',#5819,10.);
#1543=VECTOR('',#5820,10.);
#1544=VECTOR('',#5821,10.);
#1545=VECTOR('',#5824,10.);
#1546=VECTOR('',#5825,10.);
#1547=VECTOR('',#5828,10.);
#1548=VECTOR('',#5831,10.);
#1549=VECTOR('',#5838,0.575);
#1550=VECTOR('',#5849,0.575);
#1551=VECTOR('',#5860,0.575);
#1552=VECTOR('',#5871,0.575);
#1553=VECTOR('',#5882,0.575);
#1554=VECTOR('',#5893,0.575);
#1555=VECTOR('',#5904,0.575);
#1556=VECTOR('',#5915,0.575);
#1557=VECTOR('',#5926,10.);
#1558=VECTOR('',#5927,10.);
#1559=VECTOR('',#5928,10.);
#1560=VECTOR('',#5929,10.);
#1561=VECTOR('',#5932,10.);
#1562=VECTOR('',#5933,10.);
#1563=VECTOR('',#5934,10.);
#1564=VECTOR('',#5935,10.);
#1565=VECTOR('',#5938,10.);
#1566=VECTOR('',#5939,10.);
#1567=VECTOR('',#5940,10.);
#1568=VECTOR('',#5941,10.);
#1569=VECTOR('',#5942,10.);
#1570=VECTOR('',#5943,10.);
#1571=VECTOR('',#5946,10.);
#1572=VECTOR('',#5947,10.);
#1573=VECTOR('',#5950,10.);
#1574=VECTOR('',#5951,10.);
#1575=VECTOR('',#5952,10.);
#1576=VECTOR('',#5955,10.);
#1577=VECTOR('',#5956,10.);
#1578=VECTOR('',#5959,10.);
#1579=VECTOR('',#5962,10.);
#1580=VECTOR('',#5963,10.);
#1581=VECTOR('',#5966,10.);
#1582=VECTOR('',#5967,10.);
#1583=VECTOR('',#5968,10.);
#1584=VECTOR('',#5969,10.);
#1585=VECTOR('',#5972,10.);
#1586=VECTOR('',#5973,10.);
#1587=VECTOR('',#5974,10.);
#1588=VECTOR('',#5975,10.);
#1589=VECTOR('',#5978,10.);
#1590=VECTOR('',#5979,10.);
#1591=VECTOR('',#5980,10.);
#1592=VECTOR('',#5981,10.);
#1593=VECTOR('',#5982,10.);
#1594=VECTOR('',#5983,10.);
#1595=VECTOR('',#5986,10.);
#1596=VECTOR('',#5987,10.);
#1597=VECTOR('',#5990,10.);
#1598=VECTOR('',#5991,10.);
#1599=VECTOR('',#5992,10.);
#1600=VECTOR('',#5995,10.);
#1601=VECTOR('',#5996,10.);
#1602=VECTOR('',#5999,10.);
#1603=VECTOR('',#6002,10.);
#1604=VECTOR('',#6003,10.);
#1605=VECTOR('',#6006,10.);
#1606=VECTOR('',#6007,10.);
#1607=VECTOR('',#6008,10.);
#1608=VECTOR('',#6009,10.);
#1609=VECTOR('',#6012,10.);
#1610=VECTOR('',#6013,10.);
#1611=VECTOR('',#6014,10.);
#1612=VECTOR('',#6017,10.);
#1613=VECTOR('',#6018,10.);
#1614=VECTOR('',#6019,10.);
#1615=VECTOR('',#6022,10.);
#1616=VECTOR('',#6025,10.);
#1617=VECTOR('',#6026,10.);
#1618=VECTOR('',#6027,10.);
#1619=VECTOR('',#6028,10.);
#1620=VECTOR('',#6029,10.);
#1621=VECTOR('',#6032,10.);
#1622=VECTOR('',#6033,10.);
#1623=VECTOR('',#6034,10.);
#1624=VECTOR('',#6035,10.);
#1625=VECTOR('',#6038,10.);
#1626=VECTOR('',#6039,10.);
#1627=VECTOR('',#6040,10.);
#1628=VECTOR('',#6043,10.);
#1629=VECTOR('',#6044,10.);
#1630=VECTOR('',#6047,10.);
#1631=VECTOR('',#6048,10.);
#1632=VECTOR('',#6051,10.);
#1633=VECTOR('',#6052,10.);
#1634=VECTOR('',#6053,10.);
#1635=VECTOR('',#6054,10.);
#1636=VECTOR('',#6055,10.);
#1637=VECTOR('',#6058,10.);
#1638=VECTOR('',#6059,10.);
#1639=VECTOR('',#6060,10.);
#1640=VECTOR('',#6061,10.);
#1641=VECTOR('',#6066,10.);
#1642=VECTOR('',#6071,10.);
#1643=VECTOR('',#6072,10.);
#1644=VECTOR('',#6073,10.);
#1645=VECTOR('',#6082,1.4);
#1646=VECTOR('',#6111,10.);
#1647=VECTOR('',#6114,10.);
#1648=VECTOR('',#6115,10.);
#1649=VECTOR('',#6116,10.);
#1650=VECTOR('',#6117,10.);
#1651=VECTOR('',#6118,10.);
#1652=VECTOR('',#6119,10.);
#1653=VECTOR('',#6120,10.);
#1654=VECTOR('',#6121,10.);
#1655=VECTOR('',#6126,10.);
#1656=VECTOR('',#6131,10.);
#1657=VECTOR('',#6132,10.);
#1658=VECTOR('',#6133,10.);
#1659=VECTOR('',#6134,10.);
#1660=VECTOR('',#6135,10.);
#1661=VECTOR('',#6136,10.);
#1662=VECTOR('',#6137,10.);
#1663=VECTOR('',#6142,1.85);
#1664=VECTOR('',#6187,10.);
#1665=VECTOR('',#6188,10.);
#1666=VECTOR('',#6189,10.);
#1667=VECTOR('',#6190,10.);
#1668=VECTOR('',#6195,10.);
#1669=VECTOR('',#6200,10.);
#1670=VECTOR('',#6201,10.);
#1671=VECTOR('',#6202,10.);
#1672=VECTOR('',#6211,1.4);
#1673=VECTOR('',#6240,10.);
#1674=VECTOR('',#6243,10.);
#1675=VECTOR('',#6244,10.);
#1676=VECTOR('',#6245,10.);
#1677=VECTOR('',#6246,10.);
#1678=VECTOR('',#6247,10.);
#1679=VECTOR('',#6248,10.);
#1680=VECTOR('',#6249,10.);
#1681=VECTOR('',#6250,10.);
#1682=VECTOR('',#6255,10.);
#1683=VECTOR('',#6260,10.);
#1684=VECTOR('',#6261,10.);
#1685=VECTOR('',#6262,10.);
#1686=VECTOR('',#6263,10.);
#1687=VECTOR('',#6264,10.);
#1688=VECTOR('',#6265,10.);
#1689=VECTOR('',#6266,10.);
#1690=VECTOR('',#6271,1.85);
#1691=VECTOR('',#6318,2.);
#1692=VECTOR('',#6327,2.);
#1693=VECTOR('',#6336,1.1);
#1694=VECTOR('',#6343,1.6);
#1695=VECTOR('',#6352,2.);
#1696=VECTOR('',#6361,1.1);
#1697=VECTOR('',#6368,1.6);
#1698=VECTOR('',#6377,2.);
#1699=VECTOR('',#6384,10.);
#1700=VECTOR('',#6385,10.);
#1701=VECTOR('',#6386,10.);
#1702=VECTOR('',#6387,10.);
#1703=VECTOR('',#6390,10.);
#1704=VECTOR('',#6391,10.);
#1705=VECTOR('',#6392,10.);
#1706=VECTOR('',#6393,10.);
#1707=VECTOR('',#6396,10.);
#1708=VECTOR('',#6397,10.);
#1709=VECTOR('',#6398,10.);
#1710=VECTOR('',#6399,10.);
#1711=VECTOR('',#6400,10.);
#1712=VECTOR('',#6401,10.);
#1713=VECTOR('',#6402,10.);
#1714=VECTOR('',#6405,10.);
#1715=VECTOR('',#6406,10.);
#1716=VECTOR('',#6407,10.);
#1717=VECTOR('',#6408,10.);
#1718=VECTOR('',#6409,10.);
#1719=VECTOR('',#6410,10.);
#1720=VECTOR('',#6411,10.);
#1721=VECTOR('',#6414,10.);
#1722=VECTOR('',#6415,10.);
#1723=VECTOR('',#6418,10.);
#1724=VECTOR('',#6419,10.);
#1725=VECTOR('',#6422,10.);
#1726=VECTOR('',#6425,10.);
#1727=VECTOR('',#6428,10.);
#1728=VECTOR('',#6431,10.);
#1729=VECTOR('',#6434,10.);
#1730=VECTOR('',#6439,10.);
#1731=VECTOR('',#6442,10.);
#1732=VECTOR('',#6447,10.);
#1733=VECTOR('',#6450,10.);
#1734=VECTOR('',#6453,10.);
#1735=VECTOR('',#6458,10.);
#1736=VECTOR('',#6461,10.);
#1737=VECTOR('',#6464,10.);
#1738=VECTOR('',#6465,10.);
#1739=VECTOR('',#6466,10.);
#1740=VECTOR('',#6467,10.);
#1741=VECTOR('',#6468,10.);
#1742=VECTOR('',#6469,10.);
#1743=VECTOR('',#6470,10.);
#1744=VECTOR('',#6471,10.);
#1745=VECTOR('',#6474,10.);
#1746=VECTOR('',#6475,10.);
#1747=VECTOR('',#6478,10.);
#1748=VECTOR('',#6479,10.);
#1749=VECTOR('',#6482,10.);
#1750=VECTOR('',#6487,10.);
#1751=VECTOR('',#6492,10.);
#1752=VECTOR('',#6495,10.);
#1753=VECTOR('',#6506,10.);
#1754=VECTOR('',#6509,10.);
#1755=VECTOR('',#6512,10.);
#1756=VECTOR('',#6521,10.);
#1757=VECTOR('',#6522,10.);
#1758=VECTOR('',#6525,10.);
#1759=VECTOR('',#6526,10.);
#1760=VECTOR('',#6527,10.);
#1761=VECTOR('',#6528,10.);
#1762=VECTOR('',#6531,10.);
#1763=VECTOR('',#6534,10.);
#1764=VECTOR('',#6537,10.);
#1765=VECTOR('',#6542,10.);
#1766=VECTOR('',#6545,10.);
#1767=VECTOR('',#6546,10.);
#1768=VECTOR('',#6549,10.);
#1769=VECTOR('',#6552,10.);
#1770=VECTOR('',#6555,10.);
#1771=VECTOR('',#6560,10.);
#1772=VECTOR('',#6561,10.);
#1773=VECTOR('',#6564,10.);
#1774=VECTOR('',#6567,10.);
#1775=VECTOR('',#6568,10.);
#1776=VECTOR('',#6571,10.);
#1777=VECTOR('',#6572,10.);
#1778=VECTOR('',#6573,10.);
#1779=VECTOR('',#6578,10.);
#1780=VECTOR('',#6579,10.);
#1781=VECTOR('',#6582,10.);
#1782=VECTOR('',#6583,10.);
#1783=VECTOR('',#6584,10.);
#1784=VECTOR('',#6585,10.);
#1785=VECTOR('',#6586,10.);
#1786=VECTOR('',#6591,10.);
#1787=VECTOR('',#6596,10.);
#1788=VECTOR('',#6597,10.);
#1789=VECTOR('',#6600,10.);
#1790=VECTOR('',#6603,10.);
#1791=VECTOR('',#6606,3.75);
#1792=VECTOR('',#6609,10.);
#1793=VECTOR('',#6610,3.75);
#1794=VECTOR('',#6617,10.);
#1795=VECTOR('',#6624,10.);
#1796=VECTOR('',#6631,10.);
#1797=VECTOR('',#6640,10.);
#1798=VECTOR('',#6643,10.);
#1799=VECTOR('',#6648,10.);
#1800=VECTOR('',#6651,10.);
#1801=VECTOR('',#6654,10.);
#1802=VECTOR('',#6657,10.);
#1803=VECTOR('',#6660,10.);
#1804=VECTOR('',#6663,10.);
#1805=VECTOR('',#6666,10.);
#1806=VECTOR('',#6667,10.);
#1807=VECTOR('',#6672,10.);
#1808=VECTOR('',#6673,10.);
#1809=VECTOR('',#6676,10.);
#1810=VECTOR('',#6677,10.);
#1811=VECTOR('',#6680,10.);
#1812=VECTOR('',#6681,10.);
#1813=CIRCLE('',#4837,1.2);
#1814=CIRCLE('',#4838,1.2);
#1815=CIRCLE('',#4840,1.2);
#1816=CIRCLE('',#4841,1.2);
#1817=CIRCLE('',#4854,0.4);
#1818=CIRCLE('',#4855,2.);
#1819=CIRCLE('',#4856,0.4);
#1820=CIRCLE('',#4857,1.6);
#1821=CIRCLE('',#4859,0.4);
#1822=CIRCLE('',#4861,0.4);
#1823=CIRCLE('',#4862,1.6);
#1824=CIRCLE('',#4863,2.);
#1825=CIRCLE('',#4865,0.4);
#1826=CIRCLE('',#4867,0.4);
#1827=CIRCLE('',#4868,1.6);
#1828=CIRCLE('',#4869,2.);
#1829=CIRCLE('',#4871,0.4);
#1830=CIRCLE('',#4873,0.4);
#1831=CIRCLE('',#4874,1.6);
#1832=CIRCLE('',#4875,2.);
#1833=CIRCLE('',#4879,2.);
#1834=CIRCLE('',#4882,2.);
#1835=CIRCLE('',#4884,1.2);
#1836=CIRCLE('',#4885,1.2);
#1837=CIRCLE('',#4886,1.2);
#1838=CIRCLE('',#4887,1.2);
#1839=CIRCLE('',#4889,0.4);
#1840=CIRCLE('',#4890,0.8);
#1841=CIRCLE('',#4891,0.4);
#1842=CIRCLE('',#4893,0.4);
#1843=CIRCLE('',#4895,0.400000000000001);
#1844=CIRCLE('',#4896,0.8);
#1845=CIRCLE('',#4898,0.4);
#1846=CIRCLE('',#4900,0.4);
#1847=CIRCLE('',#4901,0.8);
#1848=CIRCLE('',#4903,0.4);
#1849=CIRCLE('',#4905,0.400000000000001);
#1850=CIRCLE('',#4906,0.8);
#1851=CIRCLE('',#4910,0.8);
#1852=CIRCLE('',#4913,0.8);
#1853=CIRCLE('',#4925,0.6);
#1854=CIRCLE('',#4926,0.6);
#1855=CIRCLE('',#4928,0.6);
#1856=CIRCLE('',#4929,0.6);
#1857=CIRCLE('',#4931,0.6);
#1858=CIRCLE('',#4932,0.6);
#1859=CIRCLE('',#4934,0.6);
#1860=CIRCLE('',#4936,0.6);
#1861=CIRCLE('',#4942,0.6);
#1862=CIRCLE('',#4943,0.6);
#1863=CIRCLE('',#4945,0.6);
#1864=CIRCLE('',#4946,0.6);
#1865=CIRCLE('',#4948,0.6);
#1866=CIRCLE('',#4949,0.6);
#1867=CIRCLE('',#4951,0.6);
#1868=CIRCLE('',#4953,0.6);
#1869=CIRCLE('',#4959,0.8);
#1870=CIRCLE('',#4961,0.8);
#1871=CIRCLE('',#4965,2.);
#1872=CIRCLE('',#4967,2.);
#1873=CIRCLE('',#4973,1.5);
#1874=CIRCLE('',#4974,1.5);
#1875=CIRCLE('',#4976,1.5);
#1876=CIRCLE('',#4977,1.5);
#1877=CIRCLE('',#4979,1.5);
#1878=CIRCLE('',#4980,1.5);
#1879=CIRCLE('',#4982,1.5);
#1880=CIRCLE('',#4983,1.5);
#1881=CIRCLE('',#5009,0.15);
#1882=CIRCLE('',#5010,1.);
#1883=CIRCLE('',#5014,0.15);
#1884=CIRCLE('',#5015,1.);
#1885=CIRCLE('',#5019,0.15);
#1886=CIRCLE('',#5020,1.);
#1887=CIRCLE('',#5024,0.15);
#1888=CIRCLE('',#5025,1.);
#1889=CIRCLE('',#5029,0.15);
#1890=CIRCLE('',#5030,1.);
#1891=CIRCLE('',#5034,0.15);
#1892=CIRCLE('',#5035,1.);
#1893=CIRCLE('',#5039,0.15);
#1894=CIRCLE('',#5040,1.);
#1895=CIRCLE('',#5044,0.15);
#1896=CIRCLE('',#5045,1.);
#1897=CIRCLE('',#5077,1.4);
#1898=CIRCLE('',#5078,1.4);
#1899=CIRCLE('',#5081,1.4);
#1900=CIRCLE('',#5082,1.4);
#1901=CIRCLE('',#5083,1.4);
#1902=CIRCLE('',#5084,1.4);
#1903=CIRCLE('',#5085,1.4);
#1904=CIRCLE('',#5086,1.4);
#1905=CIRCLE('',#5088,1.6);
#1906=CIRCLE('',#5090,1.6);
#1907=CIRCLE('',#5092,1.2);
#1908=CIRCLE('',#5095,1.2);
#1909=CIRCLE('',#5100,1.85);
#1910=CIRCLE('',#5101,1.85);
#1911=CIRCLE('',#5104,1.85);
#1912=CIRCLE('',#5105,1.85);
#1913=CIRCLE('',#5106,1.85);
#1914=CIRCLE('',#5107,1.85);
#1915=CIRCLE('',#5109,1.4);
#1916=CIRCLE('',#5111,1.4);
#1917=CIRCLE('',#5113,1.4);
#1918=CIRCLE('',#5115,1.4);
#1919=CIRCLE('',#5117,1.6);
#1920=CIRCLE('',#5119,1.6);
#1921=CIRCLE('',#5121,1.2);
#1922=CIRCLE('',#5124,1.2);
#1923=CIRCLE('',#5128,1.4);
#1924=CIRCLE('',#5129,1.4);
#1925=CIRCLE('',#5132,1.4);
#1926=CIRCLE('',#5133,1.4);
#1927=CIRCLE('',#5134,1.4);
#1928=CIRCLE('',#5135,1.4);
#1929=CIRCLE('',#5136,1.4);
#1930=CIRCLE('',#5137,1.4);
#1931=CIRCLE('',#5139,1.6);
#1932=CIRCLE('',#5141,1.6);
#1933=CIRCLE('',#5143,1.2);
#1934=CIRCLE('',#5146,1.2);
#1935=CIRCLE('',#5151,1.85);
#1936=CIRCLE('',#5152,1.85);
#1937=CIRCLE('',#5155,1.85);
#1938=CIRCLE('',#5156,1.85);
#1939=CIRCLE('',#5157,1.85);
#1940=CIRCLE('',#5158,1.85);
#1941=CIRCLE('',#5160,1.4);
#1942=CIRCLE('',#5162,1.4);
#1943=CIRCLE('',#5164,1.4);
#1944=CIRCLE('',#5166,1.4);
#1945=CIRCLE('',#5168,1.6);
#1946=CIRCLE('',#5170,1.6);
#1947=CIRCLE('',#5172,1.2);
#1948=CIRCLE('',#5175,1.2);
#1949=CIRCLE('',#5178,2.);
#1950=CIRCLE('',#5179,2.);
#1951=CIRCLE('',#5182,2.);
#1952=CIRCLE('',#5183,2.);
#1953=CIRCLE('',#5186,1.1);
#1954=CIRCLE('',#5187,1.1);
#1955=CIRCLE('',#5189,1.6);
#1956=CIRCLE('',#5190,1.6);
#1957=CIRCLE('',#5193,2.);
#1958=CIRCLE('',#5194,2.);
#1959=CIRCLE('',#5197,1.1);
#1960=CIRCLE('',#5198,1.1);
#1961=CIRCLE('',#5200,1.6);
#1962=CIRCLE('',#5201,1.6);
#1963=CIRCLE('',#5204,2.);
#1964=CIRCLE('',#5205,2.);
#1965=CIRCLE('',#5214,2.5);
#1966=CIRCLE('',#5215,4.);
#1967=CIRCLE('',#5216,4.);
#1968=CIRCLE('',#5217,2.5);
#1969=CIRCLE('',#5218,3.75);
#1970=CIRCLE('',#5219,3.75);
#1971=CIRCLE('',#5220,2.5);
#1972=CIRCLE('',#5221,4.);
#1973=CIRCLE('',#5222,2.5);
#1974=CIRCLE('',#5223,3.);
#1975=CIRCLE('',#5224,3.);
#1976=CIRCLE('',#5225,2.5);
#1977=CIRCLE('',#5226,4.);
#1978=CIRCLE('',#5227,2.5);
#1979=CIRCLE('',#5228,3.75);
#1980=CIRCLE('',#5238,3.75);
#1981=CIRCLE('',#5240,3.75);
#1982=CIRCLE('',#5241,3.75);
#1983=CIRCLE('',#5242,2.5);
#1984=CIRCLE('',#5243,2.5);
#1985=CIRCLE('',#5245,3.75);
#1986=CIRCLE('',#5247,2.5);
#1987=CIRCLE('',#5250,3.);
#1988=CIRCLE('',#5251,3.);
#1989=CIRCLE('',#5252,2.5);
#1990=CIRCLE('',#5264,2.5);
#1991=CIRCLE('',#5267,2.5);
#1992=CIRCLE('',#5269,3.75);
#1993=CIRCLE('',#5276,4.);
#1994=CIRCLE('',#5278,4.);
#1995=CIRCLE('',#5280,4.);
#1996=CIRCLE('',#5282,4.);
#1997=CIRCLE('',#5287,1.);
#1998=CIRCLE('',#5288,1.);
#1999=CIRCLE('',#5290,1.);
#2000=CIRCLE('',#5291,1.);
#2001=CIRCLE('',#5292,1.);
#2002=CIRCLE('',#5294,1.);
#2003=CIRCLE('',#5296,1.);
#2004=CIRCLE('',#5298,1.);
#2005=VERTEX_POINT('',#6706);
#2006=VERTEX_POINT('',#6708);
#2007=VERTEX_POINT('',#6712);
#2008=VERTEX_POINT('',#6714);
#2009=VERTEX_POINT('',#6718);
#2010=VERTEX_POINT('',#6719);
#2011=VERTEX_POINT('',#6721);
#2012=VERTEX_POINT('',#6723);
#2013=VERTEX_POINT('',#6727);
#2014=VERTEX_POINT('',#6729);
#2015=VERTEX_POINT('',#6733);
#2016=VERTEX_POINT('',#6735);
#2017=VERTEX_POINT('',#6742);
#2018=VERTEX_POINT('',#6743);
#2019=VERTEX_POINT('',#6745);
#2020=VERTEX_POINT('',#6747);
#2021=VERTEX_POINT('',#6751);
#2022=VERTEX_POINT('',#6752);
#2023=VERTEX_POINT('',#6754);
#2024=VERTEX_POINT('',#6756);
#2025=VERTEX_POINT('',#6769);
#2026=VERTEX_POINT('',#6770);
#2027=VERTEX_POINT('',#6772);
#2028=VERTEX_POINT('',#6774);
#2029=VERTEX_POINT('',#6778);
#2030=VERTEX_POINT('',#6779);
#2031=VERTEX_POINT('',#6784);
#2032=VERTEX_POINT('',#6785);
#2033=VERTEX_POINT('',#6790);
#2034=VERTEX_POINT('',#6791);
#2035=VERTEX_POINT('',#6796);
#2036=VERTEX_POINT('',#6797);
#2037=VERTEX_POINT('',#6802);
#2038=VERTEX_POINT('',#6803);
#2039=VERTEX_POINT('',#6808);
#2040=VERTEX_POINT('',#6809);
#2041=VERTEX_POINT('',#6817);
#2042=VERTEX_POINT('',#6819);
#2043=VERTEX_POINT('',#6823);
#2044=VERTEX_POINT('',#6827);
#2045=VERTEX_POINT('',#6831);
#2046=VERTEX_POINT('',#6835);
#2047=VERTEX_POINT('',#6836);
#2048=VERTEX_POINT('',#6838);
#2049=VERTEX_POINT('',#6840);
#2050=VERTEX_POINT('',#6842);
#2051=VERTEX_POINT('',#6844);
#2052=VERTEX_POINT('',#6846);
#2053=VERTEX_POINT('',#6848);
#2054=VERTEX_POINT('',#6852);
#2055=VERTEX_POINT('',#6854);
#2056=VERTEX_POINT('',#6858);
#2057=VERTEX_POINT('',#6862);
#2058=VERTEX_POINT('',#6866);
#2059=VERTEX_POINT('',#6870);
#2060=VERTEX_POINT('',#6874);
#2061=VERTEX_POINT('',#6878);
#2062=VERTEX_POINT('',#6884);
#2063=VERTEX_POINT('',#6886);
#2064=VERTEX_POINT('',#6890);
#2065=VERTEX_POINT('',#6894);
#2066=VERTEX_POINT('',#6898);
#2067=VERTEX_POINT('',#6902);
#2068=VERTEX_POINT('',#6903);
#2069=VERTEX_POINT('',#6905);
#2070=VERTEX_POINT('',#6907);
#2071=VERTEX_POINT('',#6911);
#2072=VERTEX_POINT('',#6913);
#2073=VERTEX_POINT('',#6917);
#2074=VERTEX_POINT('',#6921);
#2075=VERTEX_POINT('',#6927);
#2076=VERTEX_POINT('',#6928);
#2077=VERTEX_POINT('',#6930);
#2078=VERTEX_POINT('',#6932);
#2079=VERTEX_POINT('',#6936);
#2080=VERTEX_POINT('',#6938);
#2081=VERTEX_POINT('',#6942);
#2082=VERTEX_POINT('',#6946);
#2083=VERTEX_POINT('',#6952);
#2084=VERTEX_POINT('',#6953);
#2085=VERTEX_POINT('',#6955);
#2086=VERTEX_POINT('',#6957);
#2087=VERTEX_POINT('',#6961);
#2088=VERTEX_POINT('',#6962);
#2089=VERTEX_POINT('',#6964);
#2090=VERTEX_POINT('',#6966);
#2091=VERTEX_POINT('',#6970);
#2092=VERTEX_POINT('',#6971);
#2093=VERTEX_POINT('',#6973);
#2094=VERTEX_POINT('',#6975);
#2095=VERTEX_POINT('',#6980);
#2096=VERTEX_POINT('',#6982);
#2097=VERTEX_POINT('',#6987);
#2098=VERTEX_POINT('',#6989);
#2099=VERTEX_POINT('',#7001);
#2100=VERTEX_POINT('',#7002);
#2101=VERTEX_POINT('',#7004);
#2102=VERTEX_POINT('',#7006);
#2103=VERTEX_POINT('',#7010);
#2104=VERTEX_POINT('',#7011);
#2105=VERTEX_POINT('',#7013);
#2106=VERTEX_POINT('',#7015);
#2107=VERTEX_POINT('',#7019);
#2108=VERTEX_POINT('',#7020);
#2109=VERTEX_POINT('',#7022);
#2110=VERTEX_POINT('',#7024);
#2111=VERTEX_POINT('',#7029);
#2112=VERTEX_POINT('',#7031);
#2113=VERTEX_POINT('',#7036);
#2114=VERTEX_POINT('',#7038);
#2115=VERTEX_POINT('',#7050);
#2116=VERTEX_POINT('',#7052);
#2117=VERTEX_POINT('',#7056);
#2118=VERTEX_POINT('',#7064);
#2119=VERTEX_POINT('',#7066);
#2120=VERTEX_POINT('',#7071);
#2121=VERTEX_POINT('',#7080);
#2122=VERTEX_POINT('',#7082);
#2123=VERTEX_POINT('',#7086);
#2124=VERTEX_POINT('',#7088);
#2125=VERTEX_POINT('',#7092);
#2126=VERTEX_POINT('',#7094);
#2127=VERTEX_POINT('',#7098);
#2128=VERTEX_POINT('',#7100);
#2129=VERTEX_POINT('',#7104);
#2130=VERTEX_POINT('',#7105);
#2131=VERTEX_POINT('',#7107);
#2132=VERTEX_POINT('',#7109);
#2133=VERTEX_POINT('',#7113);
#2134=VERTEX_POINT('',#7114);
#2135=VERTEX_POINT('',#7116);
#2136=VERTEX_POINT('',#7118);
#2137=VERTEX_POINT('',#7130);
#2138=VERTEX_POINT('',#7131);
#2139=VERTEX_POINT('',#7133);
#2140=VERTEX_POINT('',#7135);
#2141=VERTEX_POINT('',#7139);
#2142=VERTEX_POINT('',#7140);
#2143=VERTEX_POINT('',#7142);
#2144=VERTEX_POINT('',#7144);
#2145=VERTEX_POINT('',#7156);
#2146=VERTEX_POINT('',#7157);
#2147=VERTEX_POINT('',#7159);
#2148=VERTEX_POINT('',#7161);
#2149=VERTEX_POINT('',#7165);
#2150=VERTEX_POINT('',#7166);
#2151=VERTEX_POINT('',#7168);
#2152=VERTEX_POINT('',#7170);
#2153=VERTEX_POINT('',#7182);
#2154=VERTEX_POINT('',#7183);
#2155=VERTEX_POINT('',#7185);
#2156=VERTEX_POINT('',#7187);
#2157=VERTEX_POINT('',#7191);
#2158=VERTEX_POINT('',#7192);
#2159=VERTEX_POINT('',#7194);
#2160=VERTEX_POINT('',#7196);
#2161=VERTEX_POINT('',#7208);
#2162=VERTEX_POINT('',#7210);
#2163=VERTEX_POINT('',#7216);
#2164=VERTEX_POINT('',#7218);
#2165=VERTEX_POINT('',#7224);
#2166=VERTEX_POINT('',#7226);
#2167=VERTEX_POINT('',#7232);
#2168=VERTEX_POINT('',#7234);
#2169=VERTEX_POINT('',#7240);
#2170=VERTEX_POINT('',#7242);
#2171=VERTEX_POINT('',#7248);
#2172=VERTEX_POINT('',#7250);
#2173=VERTEX_POINT('',#7256);
#2174=VERTEX_POINT('',#7258);
#2175=VERTEX_POINT('',#7264);
#2176=VERTEX_POINT('',#7266);
#2177=VERTEX_POINT('',#7273);
#2178=VERTEX_POINT('',#7274);
#2179=VERTEX_POINT('',#7276);
#2180=VERTEX_POINT('',#7278);
#2181=VERTEX_POINT('',#7282);
#2182=VERTEX_POINT('',#7283);
#2183=VERTEX_POINT('',#7285);
#2184=VERTEX_POINT('',#7287);
#2185=VERTEX_POINT('',#7291);
#2186=VERTEX_POINT('',#7294);
#2187=VERTEX_POINT('',#7296);
#2188=VERTEX_POINT('',#7298);
#2189=VERTEX_POINT('',#7302);
#2190=VERTEX_POINT('',#7306);
#2191=VERTEX_POINT('',#7308);
#2192=VERTEX_POINT('',#7312);
#2193=VERTEX_POINT('',#7321);
#2194=VERTEX_POINT('',#7322);
#2195=VERTEX_POINT('',#7324);
#2196=VERTEX_POINT('',#7326);
#2197=VERTEX_POINT('',#7330);
#2198=VERTEX_POINT('',#7331);
#2199=VERTEX_POINT('',#7333);
#2200=VERTEX_POINT('',#7335);
#2201=VERTEX_POINT('',#7339);
#2202=VERTEX_POINT('',#7342);
#2203=VERTEX_POINT('',#7344);
#2204=VERTEX_POINT('',#7346);
#2205=VERTEX_POINT('',#7350);
#2206=VERTEX_POINT('',#7354);
#2207=VERTEX_POINT('',#7356);
#2208=VERTEX_POINT('',#7360);
#2209=VERTEX_POINT('',#7369);
#2210=VERTEX_POINT('',#7370);
#2211=VERTEX_POINT('',#7372);
#2212=VERTEX_POINT('',#7374);
#2213=VERTEX_POINT('',#7378);
#2214=VERTEX_POINT('',#7380);
#2215=VERTEX_POINT('',#7384);
#2216=VERTEX_POINT('',#7386);
#2217=VERTEX_POINT('',#7392);
#2218=VERTEX_POINT('',#7394);
#2219=VERTEX_POINT('',#7396);
#2220=VERTEX_POINT('',#7398);
#2221=VERTEX_POINT('',#7402);
#2222=VERTEX_POINT('',#7403);
#2223=VERTEX_POINT('',#7405);
#2224=VERTEX_POINT('',#7407);
#2225=VERTEX_POINT('',#7411);
#2226=VERTEX_POINT('',#7413);
#2227=VERTEX_POINT('',#7417);
#2228=VERTEX_POINT('',#7421);
#2229=VERTEX_POINT('',#7425);
#2230=VERTEX_POINT('',#7427);
#2231=VERTEX_POINT('',#7429);
#2232=VERTEX_POINT('',#7431);
#2233=VERTEX_POINT('',#7435);
#2234=VERTEX_POINT('',#7436);
#2235=VERTEX_POINT('',#7438);
#2236=VERTEX_POINT('',#7440);
#2237=VERTEX_POINT('',#7442);
#2238=VERTEX_POINT('',#7446);
#2239=VERTEX_POINT('',#7450);
#2240=VERTEX_POINT('',#7452);
#2241=VERTEX_POINT('',#7460);
#2242=VERTEX_POINT('',#7462);
#2243=VERTEX_POINT('',#7466);
#2244=VERTEX_POINT('',#7468);
#2245=VERTEX_POINT('',#7472);
#2246=VERTEX_POINT('',#7476);
#2247=VERTEX_POINT('',#7478);
#2248=VERTEX_POINT('',#7482);
#2249=VERTEX_POINT('',#7488);
#2250=VERTEX_POINT('',#7489);
#2251=VERTEX_POINT('',#7491);
#2252=VERTEX_POINT('',#7494);
#2253=VERTEX_POINT('',#7512);
#2254=VERTEX_POINT('',#7513);
#2255=VERTEX_POINT('',#7515);
#2256=VERTEX_POINT('',#7517);
#2257=VERTEX_POINT('',#7519);
#2258=VERTEX_POINT('',#7521);
#2259=VERTEX_POINT('',#7523);
#2260=VERTEX_POINT('',#7527);
#2261=VERTEX_POINT('',#7531);
#2262=VERTEX_POINT('',#7533);
#2263=VERTEX_POINT('',#7537);
#2264=VERTEX_POINT('',#7541);
#2265=VERTEX_POINT('',#7545);
#2266=VERTEX_POINT('',#7547);
#2267=VERTEX_POINT('',#7551);
#2268=VERTEX_POINT('',#7553);
#2269=VERTEX_POINT('',#7555);
#2270=VERTEX_POINT('',#7557);
#2271=VERTEX_POINT('',#7561);
#2272=VERTEX_POINT('',#7565);
#2273=VERTEX_POINT('',#7567);
#2274=VERTEX_POINT('',#7571);
#2275=VERTEX_POINT('',#7575);
#2276=VERTEX_POINT('',#7577);
#2277=VERTEX_POINT('',#7581);
#2278=VERTEX_POINT('',#7583);
#2279=VERTEX_POINT('',#7607);
#2280=VERTEX_POINT('',#7608);
#2281=VERTEX_POINT('',#7610);
#2282=VERTEX_POINT('',#7612);
#2283=VERTEX_POINT('',#7614);
#2284=VERTEX_POINT('',#7618);
#2285=VERTEX_POINT('',#7622);
#2286=VERTEX_POINT('',#7624);
#2287=VERTEX_POINT('',#7632);
#2288=VERTEX_POINT('',#7634);
#2289=VERTEX_POINT('',#7638);
#2290=VERTEX_POINT('',#7640);
#2291=VERTEX_POINT('',#7644);
#2292=VERTEX_POINT('',#7648);
#2293=VERTEX_POINT('',#7650);
#2294=VERTEX_POINT('',#7654);
#2295=VERTEX_POINT('',#7660);
#2296=VERTEX_POINT('',#7661);
#2297=VERTEX_POINT('',#7663);
#2298=VERTEX_POINT('',#7666);
#2299=VERTEX_POINT('',#7684);
#2300=VERTEX_POINT('',#7685);
#2301=VERTEX_POINT('',#7687);
#2302=VERTEX_POINT('',#7689);
#2303=VERTEX_POINT('',#7691);
#2304=VERTEX_POINT('',#7693);
#2305=VERTEX_POINT('',#7695);
#2306=VERTEX_POINT('',#7699);
#2307=VERTEX_POINT('',#7703);
#2308=VERTEX_POINT('',#7705);
#2309=VERTEX_POINT('',#7709);
#2310=VERTEX_POINT('',#7713);
#2311=VERTEX_POINT('',#7717);
#2312=VERTEX_POINT('',#7719);
#2313=VERTEX_POINT('',#7723);
#2314=VERTEX_POINT('',#7725);
#2315=VERTEX_POINT('',#7727);
#2316=VERTEX_POINT('',#7729);
#2317=VERTEX_POINT('',#7733);
#2318=VERTEX_POINT('',#7737);
#2319=VERTEX_POINT('',#7739);
#2320=VERTEX_POINT('',#7743);
#2321=VERTEX_POINT('',#7747);
#2322=VERTEX_POINT('',#7749);
#2323=VERTEX_POINT('',#7753);
#2324=VERTEX_POINT('',#7755);
#2325=VERTEX_POINT('',#7779);
#2326=VERTEX_POINT('',#7781);
#2327=VERTEX_POINT('',#7786);
#2328=VERTEX_POINT('',#7788);
#2329=VERTEX_POINT('',#7793);
#2330=VERTEX_POINT('',#7795);
#2331=VERTEX_POINT('',#7799);
#2332=VERTEX_POINT('',#7801);
#2333=VERTEX_POINT('',#7806);
#2334=VERTEX_POINT('',#7808);
#2335=VERTEX_POINT('',#7813);
#2336=VERTEX_POINT('',#7815);
#2337=VERTEX_POINT('',#7819);
#2338=VERTEX_POINT('',#7821);
#2339=VERTEX_POINT('',#7826);
#2340=VERTEX_POINT('',#7828);
#2341=VERTEX_POINT('',#7833);
#2342=VERTEX_POINT('',#7834);
#2343=VERTEX_POINT('',#7836);
#2344=VERTEX_POINT('',#7838);
#2345=VERTEX_POINT('',#7842);
#2346=VERTEX_POINT('',#7843);
#2347=VERTEX_POINT('',#7845);
#2348=VERTEX_POINT('',#7847);
#2349=VERTEX_POINT('',#7853);
#2350=VERTEX_POINT('',#7855);
#2351=VERTEX_POINT('',#7857);
#2352=VERTEX_POINT('',#7859);
#2353=VERTEX_POINT('',#7863);
#2354=VERTEX_POINT('',#7865);
#2355=VERTEX_POINT('',#7867);
#2356=VERTEX_POINT('',#7869);
#2357=VERTEX_POINT('',#7875);
#2358=VERTEX_POINT('',#7879);
#2359=VERTEX_POINT('',#7883);
#2360=VERTEX_POINT('',#7884);
#2361=VERTEX_POINT('',#7886);
#2362=VERTEX_POINT('',#7888);
#2363=VERTEX_POINT('',#7890);
#2364=VERTEX_POINT('',#7892);
#2365=VERTEX_POINT('',#7894);
#2366=VERTEX_POINT('',#7896);
#2367=VERTEX_POINT('',#7898);
#2368=VERTEX_POINT('',#7900);
#2369=VERTEX_POINT('',#7902);
#2370=VERTEX_POINT('',#7904);
#2371=VERTEX_POINT('',#7906);
#2372=VERTEX_POINT('',#7908);
#2373=VERTEX_POINT('',#7910);
#2374=VERTEX_POINT('',#7912);
#2375=VERTEX_POINT('',#7914);
#2376=VERTEX_POINT('',#7916);
#2377=VERTEX_POINT('',#7918);
#2378=VERTEX_POINT('',#7920);
#2379=VERTEX_POINT('',#7922);
#2380=VERTEX_POINT('',#7924);
#2381=VERTEX_POINT('',#7926);
#2382=VERTEX_POINT('',#7928);
#2383=VERTEX_POINT('',#7930);
#2384=VERTEX_POINT('',#7932);
#2385=VERTEX_POINT('',#7934);
#2386=VERTEX_POINT('',#7938);
#2387=VERTEX_POINT('',#7940);
#2388=VERTEX_POINT('',#7942);
#2389=VERTEX_POINT('',#7944);
#2390=VERTEX_POINT('',#7946);
#2391=VERTEX_POINT('',#7948);
#2392=VERTEX_POINT('',#7968);
#2393=VERTEX_POINT('',#7971);
#2394=VERTEX_POINT('',#7972);
#2395=VERTEX_POINT('',#7974);
#2396=VERTEX_POINT('',#7976);
#2397=VERTEX_POINT('',#7978);
#2398=VERTEX_POINT('',#7980);
#2399=VERTEX_POINT('',#7982);
#2400=VERTEX_POINT('',#7986);
#2401=VERTEX_POINT('',#7989);
#2402=VERTEX_POINT('',#7990);
#2403=VERTEX_POINT('',#7995);
#2404=VERTEX_POINT('',#7997);
#2405=VERTEX_POINT('',#7999);
#2406=VERTEX_POINT('',#8003);
#2407=VERTEX_POINT('',#8005);
#2408=VERTEX_POINT('',#8007);
#2409=VERTEX_POINT('',#8009);
#2410=VERTEX_POINT('',#8011);
#2411=VERTEX_POINT('',#8035);
#2412=VERTEX_POINT('',#8037);
#2413=VERTEX_POINT('',#8041);
#2414=VERTEX_POINT('',#8042);
#2415=VERTEX_POINT('',#8047);
#2416=VERTEX_POINT('',#8049);
#2417=VERTEX_POINT('',#8051);
#2418=VERTEX_POINT('',#8056);
#2419=VERTEX_POINT('',#8060);
#2420=VERTEX_POINT('',#8061);
#2421=VERTEX_POINT('',#8076);
#2422=VERTEX_POINT('',#8082);
#2423=VERTEX_POINT('',#8092);
#2424=VERTEX_POINT('',#8093);
#2425=VERTEX_POINT('',#8095);
#2426=VERTEX_POINT('',#8097);
#2427=VERTEX_POINT('',#8101);
#2428=VERTEX_POINT('',#8103);
#2429=VERTEX_POINT('',#8105);
#2430=VERTEX_POINT('',#8107);
#2431=VERTEX_POINT('',#8109);
#2432=VERTEX_POINT('',#8111);
#2433=VERTEX_POINT('',#8115);
#2434=VERTEX_POINT('',#8117);
#2435=VERTEX_POINT('',#8121);
#2436=VERTEX_POINT('',#8123);
#2437=VERTEX_POINT('',#8128);
#2438=VERTEX_POINT('',#8130);
#2439=EDGE_CURVE('',#2005,#2005,#1813,.T.);
#2440=EDGE_CURVE('',#2005,#2006,#937,.T.);
#2441=EDGE_CURVE('',#2006,#2006,#1814,.T.);
#2442=EDGE_CURVE('',#2007,#2007,#1815,.T.);
#2443=EDGE_CURVE('',#2007,#2008,#938,.T.);
#2444=EDGE_CURVE('',#2008,#2008,#1816,.T.);
#2445=EDGE_CURVE('',#2009,#2010,#939,.T.);
#2446=EDGE_CURVE('',#2009,#2011,#940,.T.);
#2447=EDGE_CURVE('',#2012,#2011,#941,.T.);
#2448=EDGE_CURVE('',#2010,#2012,#942,.T.);
#2449=EDGE_CURVE('',#2010,#2013,#943,.T.);
#2450=EDGE_CURVE('',#2014,#2012,#944,.T.);
#2451=EDGE_CURVE('',#2013,#2014,#945,.T.);
#2452=EDGE_CURVE('',#2013,#2015,#946,.T.);
#2453=EDGE_CURVE('',#2016,#2014,#947,.T.);
#2454=EDGE_CURVE('',#2015,#2016,#948,.T.);
#2455=EDGE_CURVE('',#2015,#2009,#949,.T.);
#2456=EDGE_CURVE('',#2011,#2016,#950,.T.);
#2457=EDGE_CURVE('',#2017,#2018,#951,.T.);
#2458=EDGE_CURVE('',#2018,#2019,#952,.T.);
#2459=EDGE_CURVE('',#2019,#2020,#953,.T.);
#2460=EDGE_CURVE('',#2020,#2017,#954,.T.);
#2461=EDGE_CURVE('',#2021,#2022,#955,.T.);
#2462=EDGE_CURVE('',#2022,#2023,#956,.T.);
#2463=EDGE_CURVE('',#2023,#2024,#957,.T.);
#2464=EDGE_CURVE('',#2024,#2021,#958,.T.);
#2465=EDGE_CURVE('',#2020,#2023,#959,.T.);
#2466=EDGE_CURVE('',#2017,#2022,#960,.T.);
#2467=EDGE_CURVE('',#2019,#2024,#961,.T.);
#2468=EDGE_CURVE('',#2018,#2021,#962,.T.);
#2469=EDGE_CURVE('',#2025,#2026,#1817,.T.);
#2470=EDGE_CURVE('',#2026,#2027,#1818,.T.);
#2471=EDGE_CURVE('',#2027,#2028,#1819,.T.);
#2472=EDGE_CURVE('',#2028,#2025,#1820,.T.);
#2473=EDGE_CURVE('',#2029,#2030,#1821,.T.);
#2474=EDGE_CURVE('',#2030,#2028,#963,.T.);
#2475=EDGE_CURVE('',#2027,#2029,#964,.T.);
#2476=EDGE_CURVE('',#2031,#2032,#1822,.T.);
#2477=EDGE_CURVE('',#2032,#2030,#1823,.T.);
#2478=EDGE_CURVE('',#2029,#2031,#1824,.T.);
#2479=EDGE_CURVE('',#2033,#2034,#1825,.T.);
#2480=EDGE_CURVE('',#2034,#2032,#965,.T.);
#2481=EDGE_CURVE('',#2031,#2033,#966,.T.);
#2482=EDGE_CURVE('',#2035,#2036,#1826,.T.);
#2483=EDGE_CURVE('',#2036,#2034,#1827,.T.);
#2484=EDGE_CURVE('',#2033,#2035,#1828,.T.);
#2485=EDGE_CURVE('',#2037,#2038,#1829,.T.);
#2486=EDGE_CURVE('',#2038,#2036,#967,.T.);
#2487=EDGE_CURVE('',#2035,#2037,#968,.T.);
#2488=EDGE_CURVE('',#2039,#2040,#1830,.T.);
#2489=EDGE_CURVE('',#2040,#2038,#1831,.T.);
#2490=EDGE_CURVE('',#2037,#2039,#1832,.T.);
#2491=EDGE_CURVE('',#2025,#2040,#969,.T.);
#2492=EDGE_CURVE('',#2039,#2026,#970,.T.);
#2493=EDGE_CURVE('',#2031,#2041,#971,.T.);
#2494=EDGE_CURVE('',#2042,#2041,#972,.T.);
#2495=EDGE_CURVE('',#2033,#2042,#973,.T.);
#2496=EDGE_CURVE('',#2029,#2043,#974,.T.);
#2497=EDGE_CURVE('',#2041,#2043,#1833,.T.);
#2498=EDGE_CURVE('',#2027,#2044,#975,.T.);
#2499=EDGE_CURVE('',#2043,#2044,#976,.T.);
#2500=EDGE_CURVE('',#2026,#2045,#977,.T.);
#2501=EDGE_CURVE('',#2044,#2045,#1834,.T.);
#2502=EDGE_CURVE('',#2046,#2047,#1835,.T.);
#2503=EDGE_CURVE('',#2048,#2046,#978,.T.);
#2504=EDGE_CURVE('',#2049,#2048,#1836,.T.);
#2505=EDGE_CURVE('',#2050,#2049,#979,.T.);
#2506=EDGE_CURVE('',#2051,#2050,#1837,.T.);
#2507=EDGE_CURVE('',#2052,#2051,#980,.T.);
#2508=EDGE_CURVE('',#2053,#2052,#1838,.T.);
#2509=EDGE_CURVE('',#2047,#2053,#981,.T.);
#2510=EDGE_CURVE('',#2047,#2054,#1839,.T.);
#2511=EDGE_CURVE('',#2054,#2055,#1840,.T.);
#2512=EDGE_CURVE('',#2055,#2046,#1841,.T.);
#2513=EDGE_CURVE('',#2056,#2048,#1842,.T.);
#2514=EDGE_CURVE('',#2055,#2056,#982,.T.);
#2515=EDGE_CURVE('',#2057,#2049,#1843,.T.);
#2516=EDGE_CURVE('',#2056,#2057,#1844,.T.);
#2517=EDGE_CURVE('',#2058,#2050,#1845,.T.);
#2518=EDGE_CURVE('',#2057,#2058,#983,.T.);
#2519=EDGE_CURVE('',#2059,#2051,#1846,.T.);
#2520=EDGE_CURVE('',#2058,#2059,#1847,.T.);
#2521=EDGE_CURVE('',#2060,#2052,#1848,.T.);
#2522=EDGE_CURVE('',#2059,#2060,#984,.T.);
#2523=EDGE_CURVE('',#2061,#2053,#1849,.T.);
#2524=EDGE_CURVE('',#2060,#2061,#1850,.T.);
#2525=EDGE_CURVE('',#2061,#2054,#985,.T.);
#2526=EDGE_CURVE('',#2057,#2062,#986,.T.);
#2527=EDGE_CURVE('',#2063,#2062,#987,.T.);
#2528=EDGE_CURVE('',#2058,#2063,#988,.T.);
#2529=EDGE_CURVE('',#2056,#2064,#989,.T.);
#2530=EDGE_CURVE('',#2062,#2064,#1851,.T.);
#2531=EDGE_CURVE('',#2055,#2065,#990,.T.);
#2532=EDGE_CURVE('',#2064,#2065,#991,.T.);
#2533=EDGE_CURVE('',#2054,#2066,#992,.T.);
#2534=EDGE_CURVE('',#2065,#2066,#1852,.T.);
#2535=EDGE_CURVE('',#2067,#2068,#993,.T.);
#2536=EDGE_CURVE('',#2069,#2067,#994,.T.);
#2537=EDGE_CURVE('',#2069,#2070,#995,.T.);
#2538=EDGE_CURVE('',#2070,#2068,#996,.T.);
#2539=EDGE_CURVE('',#2068,#2071,#997,.T.);
#2540=EDGE_CURVE('',#2070,#2072,#998,.T.);
#2541=EDGE_CURVE('',#2072,#2071,#999,.T.);
#2542=EDGE_CURVE('',#2073,#2069,#1000,.T.);
#2543=EDGE_CURVE('',#2072,#2073,#1001,.T.);
#2544=EDGE_CURVE('',#2071,#2074,#1002,.T.);
#2545=EDGE_CURVE('',#2073,#2074,#1003,.T.);
#2546=EDGE_CURVE('',#2074,#2067,#1004,.T.);
#2547=EDGE_CURVE('',#2075,#2076,#1005,.T.);
#2548=EDGE_CURVE('',#2077,#2075,#1006,.T.);
#2549=EDGE_CURVE('',#2077,#2078,#1007,.T.);
#2550=EDGE_CURVE('',#2078,#2076,#1008,.T.);
#2551=EDGE_CURVE('',#2076,#2079,#1009,.T.);
#2552=EDGE_CURVE('',#2078,#2080,#1010,.T.);
#2553=EDGE_CURVE('',#2080,#2079,#1011,.T.);
#2554=EDGE_CURVE('',#2081,#2077,#1012,.T.);
#2555=EDGE_CURVE('',#2080,#2081,#1013,.T.);
#2556=EDGE_CURVE('',#2079,#2082,#1014,.T.);
#2557=EDGE_CURVE('',#2081,#2082,#1015,.T.);
#2558=EDGE_CURVE('',#2082,#2075,#1016,.T.);
#2559=EDGE_CURVE('',#2083,#2084,#1017,.T.);
#2560=EDGE_CURVE('',#2085,#2084,#1853,.T.);
#2561=EDGE_CURVE('',#2086,#2085,#1018,.T.);
#2562=EDGE_CURVE('',#2083,#2086,#1854,.T.);
#2563=EDGE_CURVE('',#2087,#2088,#1019,.T.);
#2564=EDGE_CURVE('',#2089,#2088,#1855,.T.);
#2565=EDGE_CURVE('',#2090,#2089,#1020,.T.);
#2566=EDGE_CURVE('',#2087,#2090,#1856,.T.);
#2567=EDGE_CURVE('',#2091,#2092,#1021,.T.);
#2568=EDGE_CURVE('',#2093,#2091,#1857,.T.);
#2569=EDGE_CURVE('',#2093,#2094,#1022,.T.);
#2570=EDGE_CURVE('',#2092,#2094,#1858,.T.);
#2571=EDGE_CURVE('',#2084,#2089,#1023,.T.);
#2572=EDGE_CURVE('',#2088,#2095,#1024,.T.);
#2573=EDGE_CURVE('',#2095,#2096,#1859,.T.);
#2574=EDGE_CURVE('',#2096,#2092,#1025,.T.);
#2575=EDGE_CURVE('',#2094,#2085,#1026,.T.);
#2576=EDGE_CURVE('',#2097,#2095,#1027,.T.);
#2577=EDGE_CURVE('',#2098,#2097,#1860,.T.);
#2578=EDGE_CURVE('',#2098,#2096,#1028,.T.);
#2579=EDGE_CURVE('',#2091,#2098,#1029,.T.);
#2580=EDGE_CURVE('',#2090,#2083,#1030,.T.);
#2581=EDGE_CURVE('',#2097,#2087,#1031,.T.);
#2582=EDGE_CURVE('',#2086,#2093,#1032,.T.);
#2583=EDGE_CURVE('',#2099,#2100,#1033,.T.);
#2584=EDGE_CURVE('',#2101,#2100,#1861,.T.);
#2585=EDGE_CURVE('',#2102,#2101,#1034,.T.);
#2586=EDGE_CURVE('',#2099,#2102,#1862,.T.);
#2587=EDGE_CURVE('',#2103,#2104,#1035,.T.);
#2588=EDGE_CURVE('',#2105,#2104,#1863,.T.);
#2589=EDGE_CURVE('',#2106,#2105,#1036,.T.);
#2590=EDGE_CURVE('',#2103,#2106,#1864,.T.);
#2591=EDGE_CURVE('',#2107,#2108,#1037,.T.);
#2592=EDGE_CURVE('',#2109,#2107,#1865,.T.);
#2593=EDGE_CURVE('',#2109,#2110,#1038,.T.);
#2594=EDGE_CURVE('',#2108,#2110,#1866,.T.);
#2595=EDGE_CURVE('',#2100,#2105,#1039,.T.);
#2596=EDGE_CURVE('',#2104,#2111,#1040,.T.);
#2597=EDGE_CURVE('',#2111,#2112,#1867,.T.);
#2598=EDGE_CURVE('',#2112,#2108,#1041,.T.);
#2599=EDGE_CURVE('',#2110,#2101,#1042,.T.);
#2600=EDGE_CURVE('',#2113,#2111,#1043,.T.);
#2601=EDGE_CURVE('',#2114,#2113,#1868,.T.);
#2602=EDGE_CURVE('',#2114,#2112,#1044,.T.);
#2603=EDGE_CURVE('',#2107,#2114,#1045,.T.);
#2604=EDGE_CURVE('',#2106,#2099,#1046,.T.);
#2605=EDGE_CURVE('',#2113,#2103,#1047,.T.);
#2606=EDGE_CURVE('',#2102,#2109,#1048,.T.);
#2607=EDGE_CURVE('',#2060,#2115,#1049,.T.);
#2608=EDGE_CURVE('',#2116,#2115,#1869,.T.);
#2609=EDGE_CURVE('',#2061,#2116,#1050,.T.);
#2610=EDGE_CURVE('',#2117,#2063,#1870,.T.);
#2611=EDGE_CURVE('',#2059,#2117,#1051,.T.);
#2612=EDGE_CURVE('',#2115,#2117,#1052,.T.);
#2613=EDGE_CURVE('',#2066,#2116,#1053,.T.);
#2614=EDGE_CURVE('',#2037,#2118,#1054,.T.);
#2615=EDGE_CURVE('',#2119,#2118,#1871,.T.);
#2616=EDGE_CURVE('',#2039,#2119,#1055,.T.);
#2617=EDGE_CURVE('',#2045,#2119,#1056,.T.);
#2618=EDGE_CURVE('',#2118,#2120,#1057,.T.);
#2619=EDGE_CURVE('',#2120,#2042,#1872,.T.);
#2620=EDGE_CURVE('',#2035,#2120,#1058,.T.);
#2621=EDGE_CURVE('',#2121,#2121,#1873,.T.);
#2622=EDGE_CURVE('',#2121,#2122,#1059,.T.);
#2623=EDGE_CURVE('',#2122,#2122,#1874,.T.);
#2624=EDGE_CURVE('',#2123,#2123,#1875,.T.);
#2625=EDGE_CURVE('',#2123,#2124,#1060,.T.);
#2626=EDGE_CURVE('',#2124,#2124,#1876,.T.);
#2627=EDGE_CURVE('',#2125,#2125,#1877,.T.);
#2628=EDGE_CURVE('',#2125,#2126,#1061,.T.);
#2629=EDGE_CURVE('',#2126,#2126,#1878,.T.);
#2630=EDGE_CURVE('',#2127,#2127,#1879,.T.);
#2631=EDGE_CURVE('',#2127,#2128,#1062,.T.);
#2632=EDGE_CURVE('',#2128,#2128,#1880,.T.);
#2633=EDGE_CURVE('',#2129,#2130,#1063,.T.);
#2634=EDGE_CURVE('',#2130,#2131,#1064,.T.);
#2635=EDGE_CURVE('',#2131,#2132,#1065,.T.);
#2636=EDGE_CURVE('',#2132,#2129,#1066,.T.);
#2637=EDGE_CURVE('',#2133,#2134,#1067,.T.);
#2638=EDGE_CURVE('',#2134,#2135,#1068,.T.);
#2639=EDGE_CURVE('',#2135,#2136,#1069,.T.);
#2640=EDGE_CURVE('',#2136,#2133,#1070,.T.);
#2641=EDGE_CURVE('',#2132,#2135,#1071,.T.);
#2642=EDGE_CURVE('',#2129,#2134,#1072,.T.);
#2643=EDGE_CURVE('',#2131,#2136,#1073,.T.);
#2644=EDGE_CURVE('',#2130,#2133,#1074,.T.);
#2645=EDGE_CURVE('',#2137,#2138,#1075,.T.);
#2646=EDGE_CURVE('',#2138,#2139,#1076,.T.);
#2647=EDGE_CURVE('',#2139,#2140,#1077,.T.);
#2648=EDGE_CURVE('',#2140,#2137,#1078,.T.);
#2649=EDGE_CURVE('',#2141,#2142,#1079,.T.);
#2650=EDGE_CURVE('',#2142,#2143,#1080,.T.);
#2651=EDGE_CURVE('',#2143,#2144,#1081,.T.);
#2652=EDGE_CURVE('',#2144,#2141,#1082,.T.);
#2653=EDGE_CURVE('',#2140,#2143,#1083,.T.);
#2654=EDGE_CURVE('',#2137,#2142,#1084,.T.);
#2655=EDGE_CURVE('',#2139,#2144,#1085,.T.);
#2656=EDGE_CURVE('',#2138,#2141,#1086,.T.);
#2657=EDGE_CURVE('',#2145,#2146,#1087,.T.);
#2658=EDGE_CURVE('',#2146,#2147,#1088,.T.);
#2659=EDGE_CURVE('',#2147,#2148,#1089,.T.);
#2660=EDGE_CURVE('',#2148,#2145,#1090,.T.);
#2661=EDGE_CURVE('',#2149,#2150,#1091,.T.);
#2662=EDGE_CURVE('',#2150,#2151,#1092,.T.);
#2663=EDGE_CURVE('',#2151,#2152,#1093,.T.);
#2664=EDGE_CURVE('',#2152,#2149,#1094,.T.);
#2665=EDGE_CURVE('',#2148,#2151,#1095,.T.);
#2666=EDGE_CURVE('',#2145,#2150,#1096,.T.);
#2667=EDGE_CURVE('',#2147,#2152,#1097,.T.);
#2668=EDGE_CURVE('',#2146,#2149,#1098,.T.);
#2669=EDGE_CURVE('',#2153,#2154,#1099,.T.);
#2670=EDGE_CURVE('',#2154,#2155,#1100,.T.);
#2671=EDGE_CURVE('',#2155,#2156,#1101,.T.);
#2672=EDGE_CURVE('',#2156,#2153,#1102,.T.);
#2673=EDGE_CURVE('',#2157,#2158,#1103,.T.);
#2674=EDGE_CURVE('',#2158,#2159,#1104,.T.);
#2675=EDGE_CURVE('',#2159,#2160,#1105,.T.);
#2676=EDGE_CURVE('',#2160,#2157,#1106,.T.);
#2677=EDGE_CURVE('',#2156,#2159,#1107,.T.);
#2678=EDGE_CURVE('',#2153,#2158,#1108,.T.);
#2679=EDGE_CURVE('',#2155,#2160,#1109,.T.);
#2680=EDGE_CURVE('',#2154,#2157,#1110,.T.);
#2681=EDGE_CURVE('',#2161,#2161,#1881,.T.);
#2682=EDGE_CURVE('',#2161,#2162,#1111,.T.);
#2683=EDGE_CURVE('',#2162,#2162,#1882,.T.);
#2684=EDGE_CURVE('',#2163,#2163,#1883,.T.);
#2685=EDGE_CURVE('',#2163,#2164,#1112,.T.);
#2686=EDGE_CURVE('',#2164,#2164,#1884,.T.);
#2687=EDGE_CURVE('',#2165,#2165,#1885,.T.);
#2688=EDGE_CURVE('',#2165,#2166,#1113,.T.);
#2689=EDGE_CURVE('',#2166,#2166,#1886,.T.);
#2690=EDGE_CURVE('',#2167,#2167,#1887,.T.);
#2691=EDGE_CURVE('',#2167,#2168,#1114,.T.);
#2692=EDGE_CURVE('',#2168,#2168,#1888,.T.);
#2693=EDGE_CURVE('',#2169,#2169,#1889,.T.);
#2694=EDGE_CURVE('',#2169,#2170,#1115,.T.);
#2695=EDGE_CURVE('',#2170,#2170,#1890,.T.);
#2696=EDGE_CURVE('',#2171,#2171,#1891,.T.);
#2697=EDGE_CURVE('',#2171,#2172,#1116,.T.);
#2698=EDGE_CURVE('',#2172,#2172,#1892,.T.);
#2699=EDGE_CURVE('',#2173,#2173,#1893,.T.);
#2700=EDGE_CURVE('',#2173,#2174,#1117,.T.);
#2701=EDGE_CURVE('',#2174,#2174,#1894,.T.);
#2702=EDGE_CURVE('',#2175,#2175,#1895,.T.);
#2703=EDGE_CURVE('',#2175,#2176,#1118,.T.);
#2704=EDGE_CURVE('',#2176,#2176,#1896,.T.);
#2705=EDGE_CURVE('',#2177,#2178,#1119,.T.);
#2706=EDGE_CURVE('',#2177,#2179,#1120,.T.);
#2707=EDGE_CURVE('',#2180,#2179,#1121,.T.);
#2708=EDGE_CURVE('',#2180,#2178,#1122,.T.);
#2709=EDGE_CURVE('',#2181,#2182,#1123,.T.);
#2710=EDGE_CURVE('',#2183,#2181,#1124,.T.);
#2711=EDGE_CURVE('',#2184,#2183,#1125,.T.);
#2712=EDGE_CURVE('',#2184,#2182,#1126,.T.);
#2713=EDGE_CURVE('',#2185,#2177,#1127,.T.);
#2714=EDGE_CURVE('',#2183,#2185,#1128,.T.);
#2715=EDGE_CURVE('',#2186,#2181,#1129,.T.);
#2716=EDGE_CURVE('',#2187,#2186,#1130,.T.);
#2717=EDGE_CURVE('',#2188,#2187,#1131,.T.);
#2718=EDGE_CURVE('',#2188,#2179,#1132,.T.);
#2719=EDGE_CURVE('',#2189,#2178,#1133,.T.);
#2720=EDGE_CURVE('',#2185,#2189,#1134,.T.);
#2721=EDGE_CURVE('',#2190,#2186,#1135,.T.);
#2722=EDGE_CURVE('',#2191,#2190,#1136,.T.);
#2723=EDGE_CURVE('',#2187,#2191,#1137,.T.);
#2724=EDGE_CURVE('',#2192,#2188,#1138,.T.);
#2725=EDGE_CURVE('',#2192,#2180,#1139,.T.);
#2726=EDGE_CURVE('',#2182,#2190,#1140,.T.);
#2727=EDGE_CURVE('',#2189,#2184,#1141,.T.);
#2728=EDGE_CURVE('',#2191,#2192,#1142,.T.);
#2729=EDGE_CURVE('',#2193,#2194,#1143,.T.);
#2730=EDGE_CURVE('',#2193,#2195,#1144,.T.);
#2731=EDGE_CURVE('',#2196,#2195,#1145,.T.);
#2732=EDGE_CURVE('',#2196,#2194,#1146,.T.);
#2733=EDGE_CURVE('',#2197,#2198,#1147,.T.);
#2734=EDGE_CURVE('',#2199,#2197,#1148,.T.);
#2735=EDGE_CURVE('',#2200,#2199,#1149,.T.);
#2736=EDGE_CURVE('',#2200,#2198,#1150,.T.);
#2737=EDGE_CURVE('',#2201,#2193,#1151,.T.);
#2738=EDGE_CURVE('',#2199,#2201,#1152,.T.);
#2739=EDGE_CURVE('',#2202,#2197,#1153,.T.);
#2740=EDGE_CURVE('',#2203,#2202,#1154,.T.);
#2741=EDGE_CURVE('',#2204,#2203,#1155,.T.);
#2742=EDGE_CURVE('',#2204,#2195,#1156,.T.);
#2743=EDGE_CURVE('',#2205,#2194,#1157,.T.);
#2744=EDGE_CURVE('',#2201,#2205,#1158,.T.);
#2745=EDGE_CURVE('',#2206,#2202,#1159,.T.);
#2746=EDGE_CURVE('',#2207,#2206,#1160,.T.);
#2747=EDGE_CURVE('',#2203,#2207,#1161,.T.);
#2748=EDGE_CURVE('',#2208,#2204,#1162,.T.);
#2749=EDGE_CURVE('',#2208,#2196,#1163,.T.);
#2750=EDGE_CURVE('',#2198,#2206,#1164,.T.);
#2751=EDGE_CURVE('',#2205,#2200,#1165,.T.);
#2752=EDGE_CURVE('',#2207,#2208,#1166,.T.);
#2753=EDGE_CURVE('',#2209,#2210,#1167,.T.);
#2754=EDGE_CURVE('',#2211,#2209,#1168,.T.);
#2755=EDGE_CURVE('',#2212,#2211,#1169,.T.);
#2756=EDGE_CURVE('',#2210,#2212,#1170,.T.);
#2757=EDGE_CURVE('',#2211,#2213,#1171,.T.);
#2758=EDGE_CURVE('',#2209,#2214,#1172,.T.);
#2759=EDGE_CURVE('',#2213,#2214,#1173,.T.);
#2760=EDGE_CURVE('',#2210,#2215,#1174,.T.);
#2761=EDGE_CURVE('',#2216,#2212,#1175,.T.);
#2762=EDGE_CURVE('',#2215,#2216,#1176,.T.);
#2763=EDGE_CURVE('',#2214,#2215,#1177,.T.);
#2764=EDGE_CURVE('',#2217,#2213,#1178,.T.);
#2765=EDGE_CURVE('',#2218,#2217,#1179,.T.);
#2766=EDGE_CURVE('',#2218,#2219,#1180,.T.);
#2767=EDGE_CURVE('',#2219,#2220,#1181,.T.);
#2768=EDGE_CURVE('',#2216,#2220,#1182,.T.);
#2769=EDGE_CURVE('',#2221,#2222,#1183,.T.);
#2770=EDGE_CURVE('',#2223,#2221,#1184,.T.);
#2771=EDGE_CURVE('',#2224,#2223,#1185,.T.);
#2772=EDGE_CURVE('',#2222,#2224,#1186,.T.);
#2773=EDGE_CURVE('',#2223,#2225,#1187,.T.);
#2774=EDGE_CURVE('',#2226,#2221,#1188,.T.);
#2775=EDGE_CURVE('',#2225,#2226,#1189,.T.);
#2776=EDGE_CURVE('',#2224,#2227,#1190,.T.);
#2777=EDGE_CURVE('',#2227,#2225,#1191,.T.);
#2778=EDGE_CURVE('',#2222,#2228,#1192,.T.);
#2779=EDGE_CURVE('',#2228,#2227,#1193,.T.);
#2780=EDGE_CURVE('',#2229,#2228,#1194,.T.);
#2781=EDGE_CURVE('',#2230,#2229,#1195,.T.);
#2782=EDGE_CURVE('',#2230,#2231,#1196,.T.);
#2783=EDGE_CURVE('',#2231,#2232,#1197,.T.);
#2784=EDGE_CURVE('',#2226,#2232,#1198,.T.);
#2785=EDGE_CURVE('',#2233,#2234,#1199,.T.);
#2786=EDGE_CURVE('',#2233,#2235,#1200,.T.);
#2787=EDGE_CURVE('',#2236,#2235,#1201,.T.);
#2788=EDGE_CURVE('',#2237,#2236,#35,.T.);
#2789=EDGE_CURVE('',#2238,#2237,#36,.T.);
#2790=EDGE_CURVE('',#2239,#2238,#1202,.T.);
#2791=EDGE_CURVE('',#2240,#2239,#37,.T.);
#2792=EDGE_CURVE('',#2234,#2240,#38,.T.);
#2793=EDGE_CURVE('',#2241,#2233,#1897,.T.);
#2794=EDGE_CURVE('',#2242,#2241,#1203,.T.);
#2795=EDGE_CURVE('',#2235,#2242,#1898,.T.);
#2796=EDGE_CURVE('',#2243,#2241,#1204,.T.);
#2797=EDGE_CURVE('',#2244,#2243,#39,.T.);
#2798=EDGE_CURVE('',#2245,#2244,#40,.T.);
#2799=EDGE_CURVE('',#2246,#2245,#1205,.T.);
#2800=EDGE_CURVE('',#2247,#2246,#41,.T.);
#2801=EDGE_CURVE('',#2248,#2247,#42,.T.);
#2802=EDGE_CURVE('',#2242,#2248,#1206,.T.);
#2803=EDGE_CURVE('',#2249,#2250,#1899,.T.);
#2804=EDGE_CURVE('',#2251,#2249,#1900,.T.);
#2805=EDGE_CURVE('',#2250,#2251,#1901,.T.);
#2806=EDGE_CURVE('',#2250,#2252,#1207,.T.);
#2807=EDGE_CURVE('',#2243,#2252,#1902,.T.);
#2808=EDGE_CURVE('',#2236,#2234,#1903,.T.);
#2809=EDGE_CURVE('',#2252,#2248,#1904,.T.);
#2810=EDGE_CURVE('',#2237,#2240,#1905,.T.);
#2811=EDGE_CURVE('',#2244,#2247,#1906,.T.);
#2812=EDGE_CURVE('',#2238,#2239,#1907,.T.);
#2813=EDGE_CURVE('',#2245,#2246,#1908,.T.);
#2814=EDGE_CURVE('',#2249,#2251,#1208,.T.);
#2815=EDGE_CURVE('',#2253,#2254,#1209,.T.);
#2816=EDGE_CURVE('',#2253,#2255,#1210,.T.);
#2817=EDGE_CURVE('',#2256,#2255,#1211,.T.);
#2818=EDGE_CURVE('',#2257,#2256,#1212,.T.);
#2819=EDGE_CURVE('',#2258,#2257,#1213,.T.);
#2820=EDGE_CURVE('',#2259,#2258,#43,.T.);
#2821=EDGE_CURVE('',#2260,#2259,#44,.T.);
#2822=EDGE_CURVE('',#2261,#2260,#1214,.T.);
#2823=EDGE_CURVE('',#2262,#2261,#45,.T.);
#2824=EDGE_CURVE('',#2263,#2262,#46,.T.);
#2825=EDGE_CURVE('',#2264,#2263,#1215,.T.);
#2826=EDGE_CURVE('',#2254,#2264,#1216,.T.);
#2827=EDGE_CURVE('',#2265,#2253,#1909,.T.);
#2828=EDGE_CURVE('',#2266,#2265,#1217,.T.);
#2829=EDGE_CURVE('',#2255,#2266,#1910,.T.);
#2830=EDGE_CURVE('',#2267,#2265,#1218,.T.);
#2831=EDGE_CURVE('',#2268,#2267,#1219,.T.);
#2832=EDGE_CURVE('',#2269,#2268,#1220,.T.);
#2833=EDGE_CURVE('',#2270,#2269,#47,.T.);
#2834=EDGE_CURVE('',#2271,#2270,#48,.T.);
#2835=EDGE_CURVE('',#2272,#2271,#1221,.T.);
#2836=EDGE_CURVE('',#2273,#2272,#49,.T.);
#2837=EDGE_CURVE('',#2274,#2273,#50,.T.);
#2838=EDGE_CURVE('',#2275,#2274,#1222,.T.);
#2839=EDGE_CURVE('',#2276,#2275,#1223,.T.);
#2840=EDGE_CURVE('',#2266,#2276,#1224,.T.);
#2841=EDGE_CURVE('',#2277,#2277,#1911,.T.);
#2842=EDGE_CURVE('',#2277,#2278,#1225,.T.);
#2843=EDGE_CURVE('',#2267,#2278,#1912,.T.);
#2844=EDGE_CURVE('',#2256,#2254,#1913,.T.);
#2845=EDGE_CURVE('',#2278,#2276,#1914,.T.);
#2846=EDGE_CURVE('',#2257,#2264,#1915,.T.);
#2847=EDGE_CURVE('',#2268,#2275,#1916,.T.);
#2848=EDGE_CURVE('',#2258,#2263,#1917,.T.);
#2849=EDGE_CURVE('',#2269,#2274,#1918,.T.);
#2850=EDGE_CURVE('',#2259,#2262,#1919,.T.);
#2851=EDGE_CURVE('',#2270,#2273,#1920,.T.);
#2852=EDGE_CURVE('',#2260,#2261,#1921,.T.);
#2853=EDGE_CURVE('',#2271,#2272,#1922,.T.);
#2854=EDGE_CURVE('',#2279,#2280,#1226,.T.);
#2855=EDGE_CURVE('',#2279,#2281,#1227,.T.);
#2856=EDGE_CURVE('',#2282,#2281,#1228,.T.);
#2857=EDGE_CURVE('',#2283,#2282,#51,.T.);
#2858=EDGE_CURVE('',#2284,#2283,#52,.T.);
#2859=EDGE_CURVE('',#2285,#2284,#1229,.T.);
#2860=EDGE_CURVE('',#2286,#2285,#53,.T.);
#2861=EDGE_CURVE('',#2280,#2286,#54,.T.);
#2862=EDGE_CURVE('',#2287,#2279,#1923,.T.);
#2863=EDGE_CURVE('',#2288,#2287,#1230,.T.);
#2864=EDGE_CURVE('',#2281,#2288,#1924,.T.);
#2865=EDGE_CURVE('',#2289,#2287,#1231,.T.);
#2866=EDGE_CURVE('',#2290,#2289,#55,.T.);
#2867=EDGE_CURVE('',#2291,#2290,#56,.T.);
#2868=EDGE_CURVE('',#2292,#2291,#1232,.T.);
#2869=EDGE_CURVE('',#2293,#2292,#57,.T.);
#2870=EDGE_CURVE('',#2294,#2293,#58,.T.);
#2871=EDGE_CURVE('',#2288,#2294,#1233,.T.);
#2872=EDGE_CURVE('',#2295,#2296,#1925,.T.);
#2873=EDGE_CURVE('',#2297,#2295,#1926,.T.);
#2874=EDGE_CURVE('',#2296,#2297,#1927,.T.);
#2875=EDGE_CURVE('',#2296,#2298,#1234,.T.);
#2876=EDGE_CURVE('',#2289,#2298,#1928,.T.);
#2877=EDGE_CURVE('',#2282,#2280,#1929,.T.);
#2878=EDGE_CURVE('',#2298,#2294,#1930,.T.);
#2879=EDGE_CURVE('',#2283,#2286,#1931,.T.);
#2880=EDGE_CURVE('',#2290,#2293,#1932,.T.);
#2881=EDGE_CURVE('',#2284,#2285,#1933,.T.);
#2882=EDGE_CURVE('',#2291,#2292,#1934,.T.);
#2883=EDGE_CURVE('',#2295,#2297,#1235,.T.);
#2884=EDGE_CURVE('',#2299,#2300,#1236,.T.);
#2885=EDGE_CURVE('',#2299,#2301,#1237,.T.);
#2886=EDGE_CURVE('',#2302,#2301,#1238,.T.);
#2887=EDGE_CURVE('',#2303,#2302,#1239,.T.);
#2888=EDGE_CURVE('',#2304,#2303,#1240,.T.);
#2889=EDGE_CURVE('',#2305,#2304,#59,.T.);
#2890=EDGE_CURVE('',#2306,#2305,#60,.T.);
#2891=EDGE_CURVE('',#2307,#2306,#1241,.T.);
#2892=EDGE_CURVE('',#2308,#2307,#61,.T.);
#2893=EDGE_CURVE('',#2309,#2308,#62,.T.);
#2894=EDGE_CURVE('',#2310,#2309,#1242,.T.);
#2895=EDGE_CURVE('',#2300,#2310,#1243,.T.);
#2896=EDGE_CURVE('',#2311,#2299,#1935,.T.);
#2897=EDGE_CURVE('',#2312,#2311,#1244,.T.);
#2898=EDGE_CURVE('',#2301,#2312,#1936,.T.);
#2899=EDGE_CURVE('',#2313,#2311,#1245,.T.);
#2900=EDGE_CURVE('',#2314,#2313,#1246,.T.);
#2901=EDGE_CURVE('',#2315,#2314,#1247,.T.);
#2902=EDGE_CURVE('',#2316,#2315,#63,.T.);
#2903=EDGE_CURVE('',#2317,#2316,#64,.T.);
#2904=EDGE_CURVE('',#2318,#2317,#1248,.T.);
#2905=EDGE_CURVE('',#2319,#2318,#65,.T.);
#2906=EDGE_CURVE('',#2320,#2319,#66,.T.);
#2907=EDGE_CURVE('',#2321,#2320,#1249,.T.);
#2908=EDGE_CURVE('',#2322,#2321,#1250,.T.);
#2909=EDGE_CURVE('',#2312,#2322,#1251,.T.);
#2910=EDGE_CURVE('',#2323,#2323,#1937,.T.);
#2911=EDGE_CURVE('',#2323,#2324,#1252,.T.);
#2912=EDGE_CURVE('',#2313,#2324,#1938,.T.);
#2913=EDGE_CURVE('',#2302,#2300,#1939,.T.);
#2914=EDGE_CURVE('',#2324,#2322,#1940,.T.);
#2915=EDGE_CURVE('',#2303,#2310,#1941,.T.);
#2916=EDGE_CURVE('',#2314,#2321,#1942,.T.);
#2917=EDGE_CURVE('',#2304,#2309,#1943,.T.);
#2918=EDGE_CURVE('',#2315,#2320,#1944,.T.);
#2919=EDGE_CURVE('',#2305,#2308,#1945,.T.);
#2920=EDGE_CURVE('',#2316,#2319,#1946,.T.);
#2921=EDGE_CURVE('',#2306,#2307,#1947,.T.);
#2922=EDGE_CURVE('',#2317,#2318,#1948,.T.);
#2923=EDGE_CURVE('',#2325,#2325,#1949,.T.);
#2924=EDGE_CURVE('',#2325,#2326,#1253,.T.);
#2925=EDGE_CURVE('',#2326,#2326,#1950,.T.);
#2926=EDGE_CURVE('',#2327,#2327,#1951,.T.);
#2927=EDGE_CURVE('',#2327,#2328,#1254,.T.);
#2928=EDGE_CURVE('',#2328,#2328,#1952,.T.);
#2929=EDGE_CURVE('',#2329,#2329,#1953,.T.);
#2930=EDGE_CURVE('',#2329,#2330,#1255,.T.);
#2931=EDGE_CURVE('',#2330,#2330,#1954,.T.);
#2932=EDGE_CURVE('',#2331,#2331,#1955,.T.);
#2933=EDGE_CURVE('',#2331,#2332,#1256,.T.);
#2934=EDGE_CURVE('',#2332,#2332,#1956,.T.);
#2935=EDGE_CURVE('',#2333,#2333,#1957,.T.);
#2936=EDGE_CURVE('',#2333,#2334,#1257,.T.);
#2937=EDGE_CURVE('',#2334,#2334,#1958,.T.);
#2938=EDGE_CURVE('',#2335,#2335,#1959,.T.);
#2939=EDGE_CURVE('',#2335,#2336,#1258,.T.);
#2940=EDGE_CURVE('',#2336,#2336,#1960,.T.);
#2941=EDGE_CURVE('',#2337,#2337,#1961,.T.);
#2942=EDGE_CURVE('',#2337,#2338,#1259,.T.);
#2943=EDGE_CURVE('',#2338,#2338,#1962,.T.);
#2944=EDGE_CURVE('',#2339,#2339,#1963,.T.);
#2945=EDGE_CURVE('',#2339,#2340,#1260,.T.);
#2946=EDGE_CURVE('',#2340,#2340,#1964,.T.);
#2947=EDGE_CURVE('',#2341,#2342,#1261,.T.);
#2948=EDGE_CURVE('',#2343,#2341,#1262,.T.);
#2949=EDGE_CURVE('',#2344,#2343,#1263,.T.);
#2950=EDGE_CURVE('',#2342,#2344,#1264,.T.);
#2951=EDGE_CURVE('',#2345,#2346,#1265,.T.);
#2952=EDGE_CURVE('',#2347,#2345,#1266,.T.);
#2953=EDGE_CURVE('',#2348,#2347,#1267,.T.);
#2954=EDGE_CURVE('',#2348,#2346,#1268,.T.);
#2955=EDGE_CURVE('',#2251,#2345,#1269,.T.);
#2956=EDGE_CURVE('',#2219,#2346,#1270,.T.);
#2957=EDGE_CURVE('',#2349,#2218,#1271,.T.);
#2958=EDGE_CURVE('',#2349,#2350,#1272,.T.);
#2959=EDGE_CURVE('',#2350,#2351,#1273,.T.);
#2960=EDGE_CURVE('',#2351,#2352,#1274,.T.);
#2961=EDGE_CURVE('',#2352,#2249,#1275,.T.);
#2962=EDGE_CURVE('',#2297,#2353,#1276,.T.);
#2963=EDGE_CURVE('',#2353,#2354,#1277,.T.);
#2964=EDGE_CURVE('',#2354,#2355,#1278,.T.);
#2965=EDGE_CURVE('',#2355,#2356,#1279,.T.);
#2966=EDGE_CURVE('',#2231,#2356,#1280,.T.);
#2967=EDGE_CURVE('',#2341,#2230,#1281,.T.);
#2968=EDGE_CURVE('',#2342,#2295,#1282,.T.);
#2969=EDGE_CURVE('',#2357,#2352,#1283,.T.);
#2970=EDGE_CURVE('',#2347,#2357,#1284,.T.);
#2971=EDGE_CURVE('',#2358,#2344,#1285,.T.);
#2972=EDGE_CURVE('',#2358,#2353,#1286,.T.);
#2973=EDGE_CURVE('',#2359,#2360,#1287,.T.);
#2974=EDGE_CURVE('',#2360,#2361,#1965,.T.);
#2975=EDGE_CURVE('',#2361,#2362,#1288,.T.);
#2976=EDGE_CURVE('',#2362,#2363,#1966,.T.);
#2977=EDGE_CURVE('',#2363,#2364,#1289,.T.);
#2978=EDGE_CURVE('',#2364,#2365,#1967,.T.);
#2979=EDGE_CURVE('',#2365,#2366,#1290,.T.);
#2980=EDGE_CURVE('',#2366,#2367,#1968,.T.);
#2981=EDGE_CURVE('',#2367,#2368,#1291,.T.);
#2982=EDGE_CURVE('',#2368,#2369,#1969,.T.);
#2983=EDGE_CURVE('',#2369,#2370,#1970,.T.);
#2984=EDGE_CURVE('',#2370,#2371,#1292,.T.);
#2985=EDGE_CURVE('',#2371,#2372,#1971,.T.);
#2986=EDGE_CURVE('',#2372,#2373,#1293,.T.);
#2987=EDGE_CURVE('',#2373,#2374,#1972,.T.);
#2988=EDGE_CURVE('',#2374,#2375,#1973,.T.);
#2989=EDGE_CURVE('',#2375,#2376,#1294,.T.);
#2990=EDGE_CURVE('',#2376,#2377,#1974,.T.);
#2991=EDGE_CURVE('',#2377,#2378,#1295,.T.);
#2992=EDGE_CURVE('',#2378,#2379,#1975,.T.);
#2993=EDGE_CURVE('',#2379,#2380,#1296,.T.);
#2994=EDGE_CURVE('',#2380,#2381,#1976,.T.);
#2995=EDGE_CURVE('',#2381,#2382,#1977,.T.);
#2996=EDGE_CURVE('',#2382,#2383,#1297,.T.);
#2997=EDGE_CURVE('',#2383,#2384,#1978,.T.);
#2998=EDGE_CURVE('',#2384,#2385,#1298,.T.);
#2999=EDGE_CURVE('',#2385,#2359,#1979,.T.);
#3000=EDGE_CURVE('',#2343,#2348,#1299,.T.);
#3001=EDGE_CURVE('',#2357,#2386,#1300,.T.);
#3002=EDGE_CURVE('',#2386,#2387,#1301,.T.);
#3003=EDGE_CURVE('',#2387,#2388,#1302,.T.);
#3004=EDGE_CURVE('',#2388,#2389,#1303,.T.);
#3005=EDGE_CURVE('',#2389,#2390,#1304,.T.);
#3006=EDGE_CURVE('',#2390,#2391,#1305,.T.);
#3007=EDGE_CURVE('',#2391,#2358,#1306,.T.);
#3008=EDGE_CURVE('',#2388,#2349,#1307,.T.);
#3009=EDGE_CURVE('',#2350,#2387,#1308,.T.);
#3010=EDGE_CURVE('',#2390,#2355,#1309,.T.);
#3011=EDGE_CURVE('',#2389,#2356,#1310,.T.);
#3012=EDGE_CURVE('',#2391,#2354,#1311,.T.);
#3013=EDGE_CURVE('',#2386,#2351,#1312,.T.);
#3014=EDGE_CURVE('',#2220,#2229,#1313,.T.);
#3015=EDGE_CURVE('',#2232,#2217,#1314,.T.);
#3016=EDGE_CURVE('',#2392,#2392,#1980,.T.);
#3017=EDGE_CURVE('',#2393,#2394,#1981,.T.);
#3018=EDGE_CURVE('',#2394,#2395,#1982,.T.);
#3019=EDGE_CURVE('',#2395,#2396,#1315,.T.);
#3020=EDGE_CURVE('',#2396,#2397,#1983,.T.);
#3021=EDGE_CURVE('',#2398,#2397,#1316,.T.);
#3022=EDGE_CURVE('',#2398,#2399,#1984,.T.);
#3023=EDGE_CURVE('',#2399,#2393,#1317,.T.);
#3024=EDGE_CURVE('',#2400,#2400,#1985,.T.);
#3025=EDGE_CURVE('',#2401,#2402,#1986,.T.);
#3026=EDGE_CURVE('',#2381,#2401,#1318,.T.);
#3027=EDGE_CURVE('',#2380,#2402,#1319,.T.);
#3028=EDGE_CURVE('',#2401,#2403,#1320,.T.);
#3029=EDGE_CURVE('',#2403,#2404,#1321,.T.);
#3030=EDGE_CURVE('',#2405,#2404,#1322,.T.);
#3031=EDGE_CURVE('',#2401,#2405,#1323,.T.);
#3032=EDGE_CURVE('',#2402,#2406,#1324,.T.);
#3033=EDGE_CURVE('',#2406,#2407,#1987,.T.);
#3034=EDGE_CURVE('',#2407,#2408,#1325,.T.);
#3035=EDGE_CURVE('',#2408,#2409,#1988,.T.);
#3036=EDGE_CURVE('',#2409,#2410,#1326,.T.);
#3037=EDGE_CURVE('',#2410,#2403,#1989,.T.);
#3038=EDGE_CURVE('',#2379,#2406,#1327,.T.);
#3039=EDGE_CURVE('',#2375,#2410,#1328,.T.);
#3040=EDGE_CURVE('',#2374,#2403,#1329,.T.);
#3041=EDGE_CURVE('',#2376,#2409,#1330,.T.);
#3042=EDGE_CURVE('',#2378,#2407,#1331,.T.);
#3043=EDGE_CURVE('',#2377,#2408,#1332,.T.);
#3044=EDGE_CURVE('',#2361,#2398,#1333,.T.);
#3045=EDGE_CURVE('',#2360,#2399,#1334,.T.);
#3046=EDGE_CURVE('',#2359,#2393,#1335,.T.);
#3047=EDGE_CURVE('',#2384,#2396,#1336,.T.);
#3048=EDGE_CURVE('',#2383,#2397,#1337,.T.);
#3049=EDGE_CURVE('',#2382,#2411,#1338,.T.);
#3050=EDGE_CURVE('',#2412,#2411,#1339,.T.);
#3051=EDGE_CURVE('',#2362,#2412,#1340,.T.);
#3052=EDGE_CURVE('',#2413,#2414,#1990,.T.);
#3053=EDGE_CURVE('',#2367,#2413,#1341,.T.);
#3054=EDGE_CURVE('',#2366,#2414,#1342,.T.);
#3055=EDGE_CURVE('',#2415,#2414,#1343,.T.);
#3056=EDGE_CURVE('',#2365,#2416,#1344,.T.);
#3057=EDGE_CURVE('',#2417,#2416,#1345,.T.);
#3058=EDGE_CURVE('',#2373,#2417,#1346,.T.);
#3059=EDGE_CURVE('',#2372,#2415,#1347,.T.);
#3060=EDGE_CURVE('',#2415,#2418,#1991,.T.);
#3061=EDGE_CURVE('',#2371,#2418,#1348,.T.);
#3062=EDGE_CURVE('',#2419,#2420,#1992,.T.);
#3063=EDGE_CURVE('',#2420,#2413,#1349,.T.);
#3064=EDGE_CURVE('',#2418,#2419,#1350,.T.);
#3065=EDGE_CURVE('',#2370,#2419,#1351,.T.);
#3066=EDGE_CURVE('',#2385,#2395,#1352,.T.);
#3067=EDGE_CURVE('',#2394,#2392,#1353,.T.);
#3068=EDGE_CURVE('',#2368,#2420,#1354,.T.);
#3069=EDGE_CURVE('',#2369,#2400,#1355,.T.);
#3070=EDGE_CURVE('',#2421,#2412,#1993,.T.);
#3071=EDGE_CURVE('',#2363,#2421,#1356,.T.);
#3072=EDGE_CURVE('',#2411,#2405,#1994,.T.);
#3073=EDGE_CURVE('',#2364,#2422,#1357,.T.);
#3074=EDGE_CURVE('',#2416,#2422,#1995,.T.);
#3075=EDGE_CURVE('',#2404,#2417,#1996,.T.);
#3076=EDGE_CURVE('',#2422,#2421,#1358,.T.);
#3077=EDGE_CURVE('',#2423,#2424,#1359,.T.);
#3078=EDGE_CURVE('',#2425,#2424,#1997,.T.);
#3079=EDGE_CURVE('',#2426,#2425,#1360,.T.);
#3080=EDGE_CURVE('',#2423,#2426,#1998,.T.);
#3081=EDGE_CURVE('',#2426,#2427,#1361,.T.);
#3082=EDGE_CURVE('',#2427,#2428,#1999,.T.);
#3083=EDGE_CURVE('',#2428,#2429,#1362,.T.);
#3084=EDGE_CURVE('',#2429,#2430,#2000,.T.);
#3085=EDGE_CURVE('',#2430,#2431,#1363,.T.);
#3086=EDGE_CURVE('',#2431,#2432,#2001,.T.);
#3087=EDGE_CURVE('',#2432,#2423,#1364,.T.);
#3088=EDGE_CURVE('',#2431,#2433,#1365,.T.);
#3089=EDGE_CURVE('',#2434,#2433,#2002,.T.);
#3090=EDGE_CURVE('',#2432,#2434,#1366,.T.);
#3091=EDGE_CURVE('',#2428,#2435,#1367,.T.);
#3092=EDGE_CURVE('',#2427,#2436,#1368,.T.);
#3093=EDGE_CURVE('',#2435,#2436,#2003,.T.);
#3094=EDGE_CURVE('',#2424,#2434,#1369,.T.);
#3095=EDGE_CURVE('',#2433,#2437,#1370,.T.);
#3096=EDGE_CURVE('',#2437,#2438,#2004,.T.);
#3097=EDGE_CURVE('',#2438,#2435,#1371,.T.);
#3098=EDGE_CURVE('',#2436,#2425,#1372,.T.);
#3099=EDGE_CURVE('',#2430,#2437,#1373,.T.);
#3100=EDGE_CURVE('',#2429,#2438,#1374,.T.);
#3101=ORIENTED_EDGE('',*,*,#2439,.F.);
#3102=ORIENTED_EDGE('',*,*,#2440,.T.);
#3103=ORIENTED_EDGE('',*,*,#2441,.F.);
#3104=ORIENTED_EDGE('',*,*,#2440,.F.);
#3105=ORIENTED_EDGE('',*,*,#2442,.F.);
#3106=ORIENTED_EDGE('',*,*,#2443,.T.);
#3107=ORIENTED_EDGE('',*,*,#2444,.F.);
#3108=ORIENTED_EDGE('',*,*,#2443,.F.);
#3109=ORIENTED_EDGE('',*,*,#2445,.F.);
#3110=ORIENTED_EDGE('',*,*,#2446,.T.);
#3111=ORIENTED_EDGE('',*,*,#2447,.F.);
#3112=ORIENTED_EDGE('',*,*,#2448,.F.);
#3113=ORIENTED_EDGE('',*,*,#2449,.F.);
#3114=ORIENTED_EDGE('',*,*,#2448,.T.);
#3115=ORIENTED_EDGE('',*,*,#2450,.F.);
#3116=ORIENTED_EDGE('',*,*,#2451,.F.);
#3117=ORIENTED_EDGE('',*,*,#2452,.F.);
#3118=ORIENTED_EDGE('',*,*,#2451,.T.);
#3119=ORIENTED_EDGE('',*,*,#2453,.F.);
#3120=ORIENTED_EDGE('',*,*,#2454,.F.);
#3121=ORIENTED_EDGE('',*,*,#2455,.F.);
#3122=ORIENTED_EDGE('',*,*,#2454,.T.);
#3123=ORIENTED_EDGE('',*,*,#2456,.F.);
#3124=ORIENTED_EDGE('',*,*,#2446,.F.);
#3125=ORIENTED_EDGE('',*,*,#2457,.T.);
#3126=ORIENTED_EDGE('',*,*,#2458,.T.);
#3127=ORIENTED_EDGE('',*,*,#2459,.T.);
#3128=ORIENTED_EDGE('',*,*,#2460,.T.);
#3129=ORIENTED_EDGE('',*,*,#2441,.T.);
#3130=ORIENTED_EDGE('',*,*,#2444,.T.);
#3131=ORIENTED_EDGE('',*,*,#2452,.T.);
#3132=ORIENTED_EDGE('',*,*,#2455,.T.);
#3133=ORIENTED_EDGE('',*,*,#2445,.T.);
#3134=ORIENTED_EDGE('',*,*,#2449,.T.);
#3135=ORIENTED_EDGE('',*,*,#2461,.T.);
#3136=ORIENTED_EDGE('',*,*,#2462,.T.);
#3137=ORIENTED_EDGE('',*,*,#2463,.T.);
#3138=ORIENTED_EDGE('',*,*,#2464,.T.);
#3139=ORIENTED_EDGE('',*,*,#2439,.T.);
#3140=ORIENTED_EDGE('',*,*,#2442,.T.);
#3141=ORIENTED_EDGE('',*,*,#2453,.T.);
#3142=ORIENTED_EDGE('',*,*,#2450,.T.);
#3143=ORIENTED_EDGE('',*,*,#2447,.T.);
#3144=ORIENTED_EDGE('',*,*,#2456,.T.);
#3145=ORIENTED_EDGE('',*,*,#2465,.T.);
#3146=ORIENTED_EDGE('',*,*,#2462,.F.);
#3147=ORIENTED_EDGE('',*,*,#2466,.F.);
#3148=ORIENTED_EDGE('',*,*,#2460,.F.);
#3149=ORIENTED_EDGE('',*,*,#2467,.T.);
#3150=ORIENTED_EDGE('',*,*,#2463,.F.);
#3151=ORIENTED_EDGE('',*,*,#2465,.F.);
#3152=ORIENTED_EDGE('',*,*,#2459,.F.);
#3153=ORIENTED_EDGE('',*,*,#2468,.T.);
#3154=ORIENTED_EDGE('',*,*,#2464,.F.);
#3155=ORIENTED_EDGE('',*,*,#2467,.F.);
#3156=ORIENTED_EDGE('',*,*,#2458,.F.);
#3157=ORIENTED_EDGE('',*,*,#2466,.T.);
#3158=ORIENTED_EDGE('',*,*,#2461,.F.);
#3159=ORIENTED_EDGE('',*,*,#2468,.F.);
#3160=ORIENTED_EDGE('',*,*,#2457,.F.);
#3161=ORIENTED_EDGE('',*,*,#2469,.T.);
#3162=ORIENTED_EDGE('',*,*,#2470,.T.);
#3163=ORIENTED_EDGE('',*,*,#2471,.T.);
#3164=ORIENTED_EDGE('',*,*,#2472,.T.);
#3165=ORIENTED_EDGE('',*,*,#2473,.T.);
#3166=ORIENTED_EDGE('',*,*,#2474,.T.);
#3167=ORIENTED_EDGE('',*,*,#2471,.F.);
#3168=ORIENTED_EDGE('',*,*,#2475,.T.);
#3169=ORIENTED_EDGE('',*,*,#2476,.T.);
#3170=ORIENTED_EDGE('',*,*,#2477,.T.);
#3171=ORIENTED_EDGE('',*,*,#2473,.F.);
#3172=ORIENTED_EDGE('',*,*,#2478,.T.);
#3173=ORIENTED_EDGE('',*,*,#2479,.T.);
#3174=ORIENTED_EDGE('',*,*,#2480,.T.);
#3175=ORIENTED_EDGE('',*,*,#2476,.F.);
#3176=ORIENTED_EDGE('',*,*,#2481,.T.);
#3177=ORIENTED_EDGE('',*,*,#2482,.T.);
#3178=ORIENTED_EDGE('',*,*,#2483,.T.);
#3179=ORIENTED_EDGE('',*,*,#2479,.F.);
#3180=ORIENTED_EDGE('',*,*,#2484,.T.);
#3181=ORIENTED_EDGE('',*,*,#2485,.T.);
#3182=ORIENTED_EDGE('',*,*,#2486,.T.);
#3183=ORIENTED_EDGE('',*,*,#2482,.F.);
#3184=ORIENTED_EDGE('',*,*,#2487,.T.);
#3185=ORIENTED_EDGE('',*,*,#2488,.T.);
#3186=ORIENTED_EDGE('',*,*,#2489,.T.);
#3187=ORIENTED_EDGE('',*,*,#2485,.F.);
#3188=ORIENTED_EDGE('',*,*,#2490,.T.);
#3189=ORIENTED_EDGE('',*,*,#2469,.F.);
#3190=ORIENTED_EDGE('',*,*,#2491,.T.);
#3191=ORIENTED_EDGE('',*,*,#2488,.F.);
#3192=ORIENTED_EDGE('',*,*,#2492,.T.);
#3193=ORIENTED_EDGE('',*,*,#2481,.F.);
#3194=ORIENTED_EDGE('',*,*,#2493,.T.);
#3195=ORIENTED_EDGE('',*,*,#2494,.F.);
#3196=ORIENTED_EDGE('',*,*,#2495,.F.);
#3197=ORIENTED_EDGE('',*,*,#2478,.F.);
#3198=ORIENTED_EDGE('',*,*,#2496,.T.);
#3199=ORIENTED_EDGE('',*,*,#2497,.F.);
#3200=ORIENTED_EDGE('',*,*,#2493,.F.);
#3201=ORIENTED_EDGE('',*,*,#2475,.F.);
#3202=ORIENTED_EDGE('',*,*,#2498,.T.);
#3203=ORIENTED_EDGE('',*,*,#2499,.F.);
#3204=ORIENTED_EDGE('',*,*,#2496,.F.);
#3205=ORIENTED_EDGE('',*,*,#2470,.F.);
#3206=ORIENTED_EDGE('',*,*,#2500,.T.);
#3207=ORIENTED_EDGE('',*,*,#2501,.F.);
#3208=ORIENTED_EDGE('',*,*,#2498,.F.);
#3209=ORIENTED_EDGE('',*,*,#2472,.F.);
#3210=ORIENTED_EDGE('',*,*,#2474,.F.);
#3211=ORIENTED_EDGE('',*,*,#2477,.F.);
#3212=ORIENTED_EDGE('',*,*,#2480,.F.);
#3213=ORIENTED_EDGE('',*,*,#2483,.F.);
#3214=ORIENTED_EDGE('',*,*,#2486,.F.);
#3215=ORIENTED_EDGE('',*,*,#2489,.F.);
#3216=ORIENTED_EDGE('',*,*,#2491,.F.);
#3217=ORIENTED_EDGE('',*,*,#2502,.F.);
#3218=ORIENTED_EDGE('',*,*,#2503,.F.);
#3219=ORIENTED_EDGE('',*,*,#2504,.F.);
#3220=ORIENTED_EDGE('',*,*,#2505,.F.);
#3221=ORIENTED_EDGE('',*,*,#2506,.F.);
#3222=ORIENTED_EDGE('',*,*,#2507,.F.);
#3223=ORIENTED_EDGE('',*,*,#2508,.F.);
#3224=ORIENTED_EDGE('',*,*,#2509,.F.);
#3225=ORIENTED_EDGE('',*,*,#2510,.T.);
#3226=ORIENTED_EDGE('',*,*,#2511,.T.);
#3227=ORIENTED_EDGE('',*,*,#2512,.T.);
#3228=ORIENTED_EDGE('',*,*,#2502,.T.);
#3229=ORIENTED_EDGE('',*,*,#2513,.T.);
#3230=ORIENTED_EDGE('',*,*,#2503,.T.);
#3231=ORIENTED_EDGE('',*,*,#2512,.F.);
#3232=ORIENTED_EDGE('',*,*,#2514,.T.);
#3233=ORIENTED_EDGE('',*,*,#2515,.T.);
#3234=ORIENTED_EDGE('',*,*,#2504,.T.);
#3235=ORIENTED_EDGE('',*,*,#2513,.F.);
#3236=ORIENTED_EDGE('',*,*,#2516,.T.);
#3237=ORIENTED_EDGE('',*,*,#2517,.T.);
#3238=ORIENTED_EDGE('',*,*,#2505,.T.);
#3239=ORIENTED_EDGE('',*,*,#2515,.F.);
#3240=ORIENTED_EDGE('',*,*,#2518,.T.);
#3241=ORIENTED_EDGE('',*,*,#2519,.T.);
#3242=ORIENTED_EDGE('',*,*,#2506,.T.);
#3243=ORIENTED_EDGE('',*,*,#2517,.F.);
#3244=ORIENTED_EDGE('',*,*,#2520,.T.);
#3245=ORIENTED_EDGE('',*,*,#2521,.T.);
#3246=ORIENTED_EDGE('',*,*,#2507,.T.);
#3247=ORIENTED_EDGE('',*,*,#2519,.F.);
#3248=ORIENTED_EDGE('',*,*,#2522,.T.);
#3249=ORIENTED_EDGE('',*,*,#2523,.T.);
#3250=ORIENTED_EDGE('',*,*,#2508,.T.);
#3251=ORIENTED_EDGE('',*,*,#2521,.F.);
#3252=ORIENTED_EDGE('',*,*,#2524,.T.);
#3253=ORIENTED_EDGE('',*,*,#2510,.F.);
#3254=ORIENTED_EDGE('',*,*,#2509,.T.);
#3255=ORIENTED_EDGE('',*,*,#2523,.F.);
#3256=ORIENTED_EDGE('',*,*,#2525,.T.);
#3257=ORIENTED_EDGE('',*,*,#2518,.F.);
#3258=ORIENTED_EDGE('',*,*,#2526,.T.);
#3259=ORIENTED_EDGE('',*,*,#2527,.F.);
#3260=ORIENTED_EDGE('',*,*,#2528,.F.);
#3261=ORIENTED_EDGE('',*,*,#2516,.F.);
#3262=ORIENTED_EDGE('',*,*,#2529,.T.);
#3263=ORIENTED_EDGE('',*,*,#2530,.F.);
#3264=ORIENTED_EDGE('',*,*,#2526,.F.);
#3265=ORIENTED_EDGE('',*,*,#2514,.F.);
#3266=ORIENTED_EDGE('',*,*,#2531,.T.);
#3267=ORIENTED_EDGE('',*,*,#2532,.F.);
#3268=ORIENTED_EDGE('',*,*,#2529,.F.);
#3269=ORIENTED_EDGE('',*,*,#2511,.F.);
#3270=ORIENTED_EDGE('',*,*,#2533,.T.);
#3271=ORIENTED_EDGE('',*,*,#2534,.F.);
#3272=ORIENTED_EDGE('',*,*,#2531,.F.);
#3273=ORIENTED_EDGE('',*,*,#2535,.F.);
#3274=ORIENTED_EDGE('',*,*,#2536,.F.);
#3275=ORIENTED_EDGE('',*,*,#2537,.T.);
#3276=ORIENTED_EDGE('',*,*,#2538,.T.);
#3277=ORIENTED_EDGE('',*,*,#2539,.F.);
#3278=ORIENTED_EDGE('',*,*,#2538,.F.);
#3279=ORIENTED_EDGE('',*,*,#2540,.T.);
#3280=ORIENTED_EDGE('',*,*,#2541,.T.);
#3281=ORIENTED_EDGE('',*,*,#2542,.F.);
#3282=ORIENTED_EDGE('',*,*,#2543,.F.);
#3283=ORIENTED_EDGE('',*,*,#2540,.F.);
#3284=ORIENTED_EDGE('',*,*,#2537,.F.);
#3285=ORIENTED_EDGE('',*,*,#2544,.F.);
#3286=ORIENTED_EDGE('',*,*,#2541,.F.);
#3287=ORIENTED_EDGE('',*,*,#2543,.T.);
#3288=ORIENTED_EDGE('',*,*,#2545,.T.);
#3289=ORIENTED_EDGE('',*,*,#2546,.F.);
#3290=ORIENTED_EDGE('',*,*,#2545,.F.);
#3291=ORIENTED_EDGE('',*,*,#2542,.T.);
#3292=ORIENTED_EDGE('',*,*,#2536,.T.);
#3293=ORIENTED_EDGE('',*,*,#2547,.F.);
#3294=ORIENTED_EDGE('',*,*,#2548,.F.);
#3295=ORIENTED_EDGE('',*,*,#2549,.T.);
#3296=ORIENTED_EDGE('',*,*,#2550,.T.);
#3297=ORIENTED_EDGE('',*,*,#2551,.F.);
#3298=ORIENTED_EDGE('',*,*,#2550,.F.);
#3299=ORIENTED_EDGE('',*,*,#2552,.T.);
#3300=ORIENTED_EDGE('',*,*,#2553,.T.);
#3301=ORIENTED_EDGE('',*,*,#2554,.F.);
#3302=ORIENTED_EDGE('',*,*,#2555,.F.);
#3303=ORIENTED_EDGE('',*,*,#2552,.F.);
#3304=ORIENTED_EDGE('',*,*,#2549,.F.);
#3305=ORIENTED_EDGE('',*,*,#2556,.F.);
#3306=ORIENTED_EDGE('',*,*,#2553,.F.);
#3307=ORIENTED_EDGE('',*,*,#2555,.T.);
#3308=ORIENTED_EDGE('',*,*,#2557,.T.);
#3309=ORIENTED_EDGE('',*,*,#2558,.F.);
#3310=ORIENTED_EDGE('',*,*,#2557,.F.);
#3311=ORIENTED_EDGE('',*,*,#2554,.T.);
#3312=ORIENTED_EDGE('',*,*,#2548,.T.);
#3313=ORIENTED_EDGE('',*,*,#2559,.T.);
#3314=ORIENTED_EDGE('',*,*,#2560,.F.);
#3315=ORIENTED_EDGE('',*,*,#2561,.F.);
#3316=ORIENTED_EDGE('',*,*,#2562,.F.);
#3317=ORIENTED_EDGE('',*,*,#2563,.T.);
#3318=ORIENTED_EDGE('',*,*,#2564,.F.);
#3319=ORIENTED_EDGE('',*,*,#2565,.F.);
#3320=ORIENTED_EDGE('',*,*,#2566,.F.);
#3321=ORIENTED_EDGE('',*,*,#2567,.F.);
#3322=ORIENTED_EDGE('',*,*,#2568,.F.);
#3323=ORIENTED_EDGE('',*,*,#2569,.T.);
#3324=ORIENTED_EDGE('',*,*,#2570,.F.);
#3325=ORIENTED_EDGE('',*,*,#2571,.T.);
#3326=ORIENTED_EDGE('',*,*,#2564,.T.);
#3327=ORIENTED_EDGE('',*,*,#2572,.T.);
#3328=ORIENTED_EDGE('',*,*,#2573,.T.);
#3329=ORIENTED_EDGE('',*,*,#2574,.T.);
#3330=ORIENTED_EDGE('',*,*,#2570,.T.);
#3331=ORIENTED_EDGE('',*,*,#2575,.T.);
#3332=ORIENTED_EDGE('',*,*,#2560,.T.);
#3333=ORIENTED_EDGE('',*,*,#2576,.F.);
#3334=ORIENTED_EDGE('',*,*,#2577,.F.);
#3335=ORIENTED_EDGE('',*,*,#2578,.T.);
#3336=ORIENTED_EDGE('',*,*,#2573,.F.);
#3337=ORIENTED_EDGE('',*,*,#2567,.T.);
#3338=ORIENTED_EDGE('',*,*,#2574,.F.);
#3339=ORIENTED_EDGE('',*,*,#2578,.F.);
#3340=ORIENTED_EDGE('',*,*,#2579,.F.);
#3341=ORIENTED_EDGE('',*,*,#2565,.T.);
#3342=ORIENTED_EDGE('',*,*,#2571,.F.);
#3343=ORIENTED_EDGE('',*,*,#2559,.F.);
#3344=ORIENTED_EDGE('',*,*,#2580,.F.);
#3345=ORIENTED_EDGE('',*,*,#2576,.T.);
#3346=ORIENTED_EDGE('',*,*,#2572,.F.);
#3347=ORIENTED_EDGE('',*,*,#2563,.F.);
#3348=ORIENTED_EDGE('',*,*,#2581,.F.);
#3349=ORIENTED_EDGE('',*,*,#2561,.T.);
#3350=ORIENTED_EDGE('',*,*,#2575,.F.);
#3351=ORIENTED_EDGE('',*,*,#2569,.F.);
#3352=ORIENTED_EDGE('',*,*,#2582,.F.);
#3353=ORIENTED_EDGE('',*,*,#2583,.T.);
#3354=ORIENTED_EDGE('',*,*,#2584,.F.);
#3355=ORIENTED_EDGE('',*,*,#2585,.F.);
#3356=ORIENTED_EDGE('',*,*,#2586,.F.);
#3357=ORIENTED_EDGE('',*,*,#2587,.T.);
#3358=ORIENTED_EDGE('',*,*,#2588,.F.);
#3359=ORIENTED_EDGE('',*,*,#2589,.F.);
#3360=ORIENTED_EDGE('',*,*,#2590,.F.);
#3361=ORIENTED_EDGE('',*,*,#2591,.F.);
#3362=ORIENTED_EDGE('',*,*,#2592,.F.);
#3363=ORIENTED_EDGE('',*,*,#2593,.T.);
#3364=ORIENTED_EDGE('',*,*,#2594,.F.);
#3365=ORIENTED_EDGE('',*,*,#2595,.T.);
#3366=ORIENTED_EDGE('',*,*,#2588,.T.);
#3367=ORIENTED_EDGE('',*,*,#2596,.T.);
#3368=ORIENTED_EDGE('',*,*,#2597,.T.);
#3369=ORIENTED_EDGE('',*,*,#2598,.T.);
#3370=ORIENTED_EDGE('',*,*,#2594,.T.);
#3371=ORIENTED_EDGE('',*,*,#2599,.T.);
#3372=ORIENTED_EDGE('',*,*,#2584,.T.);
#3373=ORIENTED_EDGE('',*,*,#2600,.F.);
#3374=ORIENTED_EDGE('',*,*,#2601,.F.);
#3375=ORIENTED_EDGE('',*,*,#2602,.T.);
#3376=ORIENTED_EDGE('',*,*,#2597,.F.);
#3377=ORIENTED_EDGE('',*,*,#2591,.T.);
#3378=ORIENTED_EDGE('',*,*,#2598,.F.);
#3379=ORIENTED_EDGE('',*,*,#2602,.F.);
#3380=ORIENTED_EDGE('',*,*,#2603,.F.);
#3381=ORIENTED_EDGE('',*,*,#2589,.T.);
#3382=ORIENTED_EDGE('',*,*,#2595,.F.);
#3383=ORIENTED_EDGE('',*,*,#2583,.F.);
#3384=ORIENTED_EDGE('',*,*,#2604,.F.);
#3385=ORIENTED_EDGE('',*,*,#2600,.T.);
#3386=ORIENTED_EDGE('',*,*,#2596,.F.);
#3387=ORIENTED_EDGE('',*,*,#2587,.F.);
#3388=ORIENTED_EDGE('',*,*,#2605,.F.);
#3389=ORIENTED_EDGE('',*,*,#2585,.T.);
#3390=ORIENTED_EDGE('',*,*,#2599,.F.);
#3391=ORIENTED_EDGE('',*,*,#2593,.F.);
#3392=ORIENTED_EDGE('',*,*,#2606,.F.);
#3393=ORIENTED_EDGE('',*,*,#2524,.F.);
#3394=ORIENTED_EDGE('',*,*,#2607,.T.);
#3395=ORIENTED_EDGE('',*,*,#2608,.F.);
#3396=ORIENTED_EDGE('',*,*,#2609,.F.);
#3397=ORIENTED_EDGE('',*,*,#2520,.F.);
#3398=ORIENTED_EDGE('',*,*,#2528,.T.);
#3399=ORIENTED_EDGE('',*,*,#2610,.F.);
#3400=ORIENTED_EDGE('',*,*,#2611,.F.);
#3401=ORIENTED_EDGE('',*,*,#2522,.F.);
#3402=ORIENTED_EDGE('',*,*,#2611,.T.);
#3403=ORIENTED_EDGE('',*,*,#2612,.F.);
#3404=ORIENTED_EDGE('',*,*,#2607,.F.);
#3405=ORIENTED_EDGE('',*,*,#2525,.F.);
#3406=ORIENTED_EDGE('',*,*,#2609,.T.);
#3407=ORIENTED_EDGE('',*,*,#2613,.F.);
#3408=ORIENTED_EDGE('',*,*,#2533,.F.);
#3409=ORIENTED_EDGE('',*,*,#2490,.F.);
#3410=ORIENTED_EDGE('',*,*,#2614,.T.);
#3411=ORIENTED_EDGE('',*,*,#2615,.F.);
#3412=ORIENTED_EDGE('',*,*,#2616,.F.);
#3413=ORIENTED_EDGE('',*,*,#2617,.T.);
#3414=ORIENTED_EDGE('',*,*,#2615,.T.);
#3415=ORIENTED_EDGE('',*,*,#2618,.T.);
#3416=ORIENTED_EDGE('',*,*,#2619,.T.);
#3417=ORIENTED_EDGE('',*,*,#2494,.T.);
#3418=ORIENTED_EDGE('',*,*,#2497,.T.);
#3419=ORIENTED_EDGE('',*,*,#2499,.T.);
#3420=ORIENTED_EDGE('',*,*,#2501,.T.);
#3421=ORIENTED_EDGE('',*,*,#2544,.T.);
#3422=ORIENTED_EDGE('',*,*,#2546,.T.);
#3423=ORIENTED_EDGE('',*,*,#2535,.T.);
#3424=ORIENTED_EDGE('',*,*,#2539,.T.);
#3425=ORIENTED_EDGE('',*,*,#2556,.T.);
#3426=ORIENTED_EDGE('',*,*,#2558,.T.);
#3427=ORIENTED_EDGE('',*,*,#2547,.T.);
#3428=ORIENTED_EDGE('',*,*,#2551,.T.);
#3429=ORIENTED_EDGE('',*,*,#2577,.T.);
#3430=ORIENTED_EDGE('',*,*,#2581,.T.);
#3431=ORIENTED_EDGE('',*,*,#2566,.T.);
#3432=ORIENTED_EDGE('',*,*,#2580,.T.);
#3433=ORIENTED_EDGE('',*,*,#2562,.T.);
#3434=ORIENTED_EDGE('',*,*,#2582,.T.);
#3435=ORIENTED_EDGE('',*,*,#2568,.T.);
#3436=ORIENTED_EDGE('',*,*,#2579,.T.);
#3437=ORIENTED_EDGE('',*,*,#2601,.T.);
#3438=ORIENTED_EDGE('',*,*,#2605,.T.);
#3439=ORIENTED_EDGE('',*,*,#2590,.T.);
#3440=ORIENTED_EDGE('',*,*,#2604,.T.);
#3441=ORIENTED_EDGE('',*,*,#2586,.T.);
#3442=ORIENTED_EDGE('',*,*,#2606,.T.);
#3443=ORIENTED_EDGE('',*,*,#2592,.T.);
#3444=ORIENTED_EDGE('',*,*,#2603,.T.);
#3445=ORIENTED_EDGE('',*,*,#2610,.T.);
#3446=ORIENTED_EDGE('',*,*,#2527,.T.);
#3447=ORIENTED_EDGE('',*,*,#2530,.T.);
#3448=ORIENTED_EDGE('',*,*,#2532,.T.);
#3449=ORIENTED_EDGE('',*,*,#2534,.T.);
#3450=ORIENTED_EDGE('',*,*,#2613,.T.);
#3451=ORIENTED_EDGE('',*,*,#2608,.T.);
#3452=ORIENTED_EDGE('',*,*,#2612,.T.);
#3453=ORIENTED_EDGE('',*,*,#2484,.F.);
#3454=ORIENTED_EDGE('',*,*,#2495,.T.);
#3455=ORIENTED_EDGE('',*,*,#2619,.F.);
#3456=ORIENTED_EDGE('',*,*,#2620,.F.);
#3457=ORIENTED_EDGE('',*,*,#2492,.F.);
#3458=ORIENTED_EDGE('',*,*,#2616,.T.);
#3459=ORIENTED_EDGE('',*,*,#2617,.F.);
#3460=ORIENTED_EDGE('',*,*,#2500,.F.);
#3461=ORIENTED_EDGE('',*,*,#2487,.F.);
#3462=ORIENTED_EDGE('',*,*,#2620,.T.);
#3463=ORIENTED_EDGE('',*,*,#2618,.F.);
#3464=ORIENTED_EDGE('',*,*,#2614,.F.);
#3465=ORIENTED_EDGE('',*,*,#2621,.F.);
#3466=ORIENTED_EDGE('',*,*,#2622,.T.);
#3467=ORIENTED_EDGE('',*,*,#2623,.F.);
#3468=ORIENTED_EDGE('',*,*,#2622,.F.);
#3469=ORIENTED_EDGE('',*,*,#2624,.F.);
#3470=ORIENTED_EDGE('',*,*,#2625,.T.);
#3471=ORIENTED_EDGE('',*,*,#2626,.F.);
#3472=ORIENTED_EDGE('',*,*,#2625,.F.);
#3473=ORIENTED_EDGE('',*,*,#2627,.F.);
#3474=ORIENTED_EDGE('',*,*,#2628,.T.);
#3475=ORIENTED_EDGE('',*,*,#2629,.F.);
#3476=ORIENTED_EDGE('',*,*,#2628,.F.);
#3477=ORIENTED_EDGE('',*,*,#2630,.F.);
#3478=ORIENTED_EDGE('',*,*,#2631,.T.);
#3479=ORIENTED_EDGE('',*,*,#2632,.F.);
#3480=ORIENTED_EDGE('',*,*,#2631,.F.);
#3481=ORIENTED_EDGE('',*,*,#2633,.T.);
#3482=ORIENTED_EDGE('',*,*,#2634,.T.);
#3483=ORIENTED_EDGE('',*,*,#2635,.T.);
#3484=ORIENTED_EDGE('',*,*,#2636,.T.);
#3485=ORIENTED_EDGE('',*,*,#2623,.T.);
#3486=ORIENTED_EDGE('',*,*,#2626,.T.);
#3487=ORIENTED_EDGE('',*,*,#2629,.T.);
#3488=ORIENTED_EDGE('',*,*,#2632,.T.);
#3489=ORIENTED_EDGE('',*,*,#2637,.T.);
#3490=ORIENTED_EDGE('',*,*,#2638,.T.);
#3491=ORIENTED_EDGE('',*,*,#2639,.T.);
#3492=ORIENTED_EDGE('',*,*,#2640,.T.);
#3493=ORIENTED_EDGE('',*,*,#2621,.T.);
#3494=ORIENTED_EDGE('',*,*,#2624,.T.);
#3495=ORIENTED_EDGE('',*,*,#2627,.T.);
#3496=ORIENTED_EDGE('',*,*,#2630,.T.);
#3497=ORIENTED_EDGE('',*,*,#2641,.T.);
#3498=ORIENTED_EDGE('',*,*,#2638,.F.);
#3499=ORIENTED_EDGE('',*,*,#2642,.F.);
#3500=ORIENTED_EDGE('',*,*,#2636,.F.);
#3501=ORIENTED_EDGE('',*,*,#2643,.T.);
#3502=ORIENTED_EDGE('',*,*,#2639,.F.);
#3503=ORIENTED_EDGE('',*,*,#2641,.F.);
#3504=ORIENTED_EDGE('',*,*,#2635,.F.);
#3505=ORIENTED_EDGE('',*,*,#2644,.T.);
#3506=ORIENTED_EDGE('',*,*,#2640,.F.);
#3507=ORIENTED_EDGE('',*,*,#2643,.F.);
#3508=ORIENTED_EDGE('',*,*,#2634,.F.);
#3509=ORIENTED_EDGE('',*,*,#2642,.T.);
#3510=ORIENTED_EDGE('',*,*,#2637,.F.);
#3511=ORIENTED_EDGE('',*,*,#2644,.F.);
#3512=ORIENTED_EDGE('',*,*,#2633,.F.);
#3513=ORIENTED_EDGE('',*,*,#2645,.T.);
#3514=ORIENTED_EDGE('',*,*,#2646,.T.);
#3515=ORIENTED_EDGE('',*,*,#2647,.T.);
#3516=ORIENTED_EDGE('',*,*,#2648,.T.);
#3517=ORIENTED_EDGE('',*,*,#2649,.T.);
#3518=ORIENTED_EDGE('',*,*,#2650,.T.);
#3519=ORIENTED_EDGE('',*,*,#2651,.T.);
#3520=ORIENTED_EDGE('',*,*,#2652,.T.);
#3521=ORIENTED_EDGE('',*,*,#2653,.T.);
#3522=ORIENTED_EDGE('',*,*,#2650,.F.);
#3523=ORIENTED_EDGE('',*,*,#2654,.F.);
#3524=ORIENTED_EDGE('',*,*,#2648,.F.);
#3525=ORIENTED_EDGE('',*,*,#2655,.T.);
#3526=ORIENTED_EDGE('',*,*,#2651,.F.);
#3527=ORIENTED_EDGE('',*,*,#2653,.F.);
#3528=ORIENTED_EDGE('',*,*,#2647,.F.);
#3529=ORIENTED_EDGE('',*,*,#2656,.T.);
#3530=ORIENTED_EDGE('',*,*,#2652,.F.);
#3531=ORIENTED_EDGE('',*,*,#2655,.F.);
#3532=ORIENTED_EDGE('',*,*,#2646,.F.);
#3533=ORIENTED_EDGE('',*,*,#2654,.T.);
#3534=ORIENTED_EDGE('',*,*,#2649,.F.);
#3535=ORIENTED_EDGE('',*,*,#2656,.F.);
#3536=ORIENTED_EDGE('',*,*,#2645,.F.);
#3537=ORIENTED_EDGE('',*,*,#2657,.T.);
#3538=ORIENTED_EDGE('',*,*,#2658,.T.);
#3539=ORIENTED_EDGE('',*,*,#2659,.T.);
#3540=ORIENTED_EDGE('',*,*,#2660,.T.);
#3541=ORIENTED_EDGE('',*,*,#2661,.T.);
#3542=ORIENTED_EDGE('',*,*,#2662,.T.);
#3543=ORIENTED_EDGE('',*,*,#2663,.T.);
#3544=ORIENTED_EDGE('',*,*,#2664,.T.);
#3545=ORIENTED_EDGE('',*,*,#2665,.T.);
#3546=ORIENTED_EDGE('',*,*,#2662,.F.);
#3547=ORIENTED_EDGE('',*,*,#2666,.F.);
#3548=ORIENTED_EDGE('',*,*,#2660,.F.);
#3549=ORIENTED_EDGE('',*,*,#2667,.T.);
#3550=ORIENTED_EDGE('',*,*,#2663,.F.);
#3551=ORIENTED_EDGE('',*,*,#2665,.F.);
#3552=ORIENTED_EDGE('',*,*,#2659,.F.);
#3553=ORIENTED_EDGE('',*,*,#2668,.T.);
#3554=ORIENTED_EDGE('',*,*,#2664,.F.);
#3555=ORIENTED_EDGE('',*,*,#2667,.F.);
#3556=ORIENTED_EDGE('',*,*,#2658,.F.);
#3557=ORIENTED_EDGE('',*,*,#2666,.T.);
#3558=ORIENTED_EDGE('',*,*,#2661,.F.);
#3559=ORIENTED_EDGE('',*,*,#2668,.F.);
#3560=ORIENTED_EDGE('',*,*,#2657,.F.);
#3561=ORIENTED_EDGE('',*,*,#2669,.T.);
#3562=ORIENTED_EDGE('',*,*,#2670,.T.);
#3563=ORIENTED_EDGE('',*,*,#2671,.T.);
#3564=ORIENTED_EDGE('',*,*,#2672,.T.);
#3565=ORIENTED_EDGE('',*,*,#2673,.T.);
#3566=ORIENTED_EDGE('',*,*,#2674,.T.);
#3567=ORIENTED_EDGE('',*,*,#2675,.T.);
#3568=ORIENTED_EDGE('',*,*,#2676,.T.);
#3569=ORIENTED_EDGE('',*,*,#2677,.T.);
#3570=ORIENTED_EDGE('',*,*,#2674,.F.);
#3571=ORIENTED_EDGE('',*,*,#2678,.F.);
#3572=ORIENTED_EDGE('',*,*,#2672,.F.);
#3573=ORIENTED_EDGE('',*,*,#2679,.T.);
#3574=ORIENTED_EDGE('',*,*,#2675,.F.);
#3575=ORIENTED_EDGE('',*,*,#2677,.F.);
#3576=ORIENTED_EDGE('',*,*,#2671,.F.);
#3577=ORIENTED_EDGE('',*,*,#2680,.T.);
#3578=ORIENTED_EDGE('',*,*,#2676,.F.);
#3579=ORIENTED_EDGE('',*,*,#2679,.F.);
#3580=ORIENTED_EDGE('',*,*,#2670,.F.);
#3581=ORIENTED_EDGE('',*,*,#2678,.T.);
#3582=ORIENTED_EDGE('',*,*,#2673,.F.);
#3583=ORIENTED_EDGE('',*,*,#2680,.F.);
#3584=ORIENTED_EDGE('',*,*,#2669,.F.);
#3585=ORIENTED_EDGE('',*,*,#2681,.F.);
#3586=ORIENTED_EDGE('',*,*,#2682,.T.);
#3587=ORIENTED_EDGE('',*,*,#2683,.F.);
#3588=ORIENTED_EDGE('',*,*,#2682,.F.);
#3589=ORIENTED_EDGE('',*,*,#2683,.T.);
#3590=ORIENTED_EDGE('',*,*,#2681,.T.);
#3591=ORIENTED_EDGE('',*,*,#2684,.F.);
#3592=ORIENTED_EDGE('',*,*,#2685,.T.);
#3593=ORIENTED_EDGE('',*,*,#2686,.F.);
#3594=ORIENTED_EDGE('',*,*,#2685,.F.);
#3595=ORIENTED_EDGE('',*,*,#2686,.T.);
#3596=ORIENTED_EDGE('',*,*,#2684,.T.);
#3597=ORIENTED_EDGE('',*,*,#2687,.F.);
#3598=ORIENTED_EDGE('',*,*,#2688,.T.);
#3599=ORIENTED_EDGE('',*,*,#2689,.F.);
#3600=ORIENTED_EDGE('',*,*,#2688,.F.);
#3601=ORIENTED_EDGE('',*,*,#2689,.T.);
#3602=ORIENTED_EDGE('',*,*,#2687,.T.);
#3603=ORIENTED_EDGE('',*,*,#2690,.F.);
#3604=ORIENTED_EDGE('',*,*,#2691,.T.);
#3605=ORIENTED_EDGE('',*,*,#2692,.F.);
#3606=ORIENTED_EDGE('',*,*,#2691,.F.);
#3607=ORIENTED_EDGE('',*,*,#2692,.T.);
#3608=ORIENTED_EDGE('',*,*,#2690,.T.);
#3609=ORIENTED_EDGE('',*,*,#2693,.F.);
#3610=ORIENTED_EDGE('',*,*,#2694,.T.);
#3611=ORIENTED_EDGE('',*,*,#2695,.F.);
#3612=ORIENTED_EDGE('',*,*,#2694,.F.);
#3613=ORIENTED_EDGE('',*,*,#2695,.T.);
#3614=ORIENTED_EDGE('',*,*,#2693,.T.);
#3615=ORIENTED_EDGE('',*,*,#2696,.F.);
#3616=ORIENTED_EDGE('',*,*,#2697,.T.);
#3617=ORIENTED_EDGE('',*,*,#2698,.F.);
#3618=ORIENTED_EDGE('',*,*,#2697,.F.);
#3619=ORIENTED_EDGE('',*,*,#2698,.T.);
#3620=ORIENTED_EDGE('',*,*,#2696,.T.);
#3621=ORIENTED_EDGE('',*,*,#2699,.F.);
#3622=ORIENTED_EDGE('',*,*,#2700,.T.);
#3623=ORIENTED_EDGE('',*,*,#2701,.F.);
#3624=ORIENTED_EDGE('',*,*,#2700,.F.);
#3625=ORIENTED_EDGE('',*,*,#2701,.T.);
#3626=ORIENTED_EDGE('',*,*,#2699,.T.);
#3627=ORIENTED_EDGE('',*,*,#2702,.F.);
#3628=ORIENTED_EDGE('',*,*,#2703,.T.);
#3629=ORIENTED_EDGE('',*,*,#2704,.F.);
#3630=ORIENTED_EDGE('',*,*,#2703,.F.);
#3631=ORIENTED_EDGE('',*,*,#2704,.T.);
#3632=ORIENTED_EDGE('',*,*,#2702,.T.);
#3633=ORIENTED_EDGE('',*,*,#2705,.F.);
#3634=ORIENTED_EDGE('',*,*,#2706,.T.);
#3635=ORIENTED_EDGE('',*,*,#2707,.F.);
#3636=ORIENTED_EDGE('',*,*,#2708,.T.);
#3637=ORIENTED_EDGE('',*,*,#2709,.F.);
#3638=ORIENTED_EDGE('',*,*,#2710,.F.);
#3639=ORIENTED_EDGE('',*,*,#2711,.F.);
#3640=ORIENTED_EDGE('',*,*,#2712,.T.);
#3641=ORIENTED_EDGE('',*,*,#2713,.F.);
#3642=ORIENTED_EDGE('',*,*,#2714,.F.);
#3643=ORIENTED_EDGE('',*,*,#2710,.T.);
#3644=ORIENTED_EDGE('',*,*,#2715,.F.);
#3645=ORIENTED_EDGE('',*,*,#2716,.F.);
#3646=ORIENTED_EDGE('',*,*,#2717,.F.);
#3647=ORIENTED_EDGE('',*,*,#2718,.T.);
#3648=ORIENTED_EDGE('',*,*,#2706,.F.);
#3649=ORIENTED_EDGE('',*,*,#2705,.T.);
#3650=ORIENTED_EDGE('',*,*,#2719,.F.);
#3651=ORIENTED_EDGE('',*,*,#2720,.F.);
#3652=ORIENTED_EDGE('',*,*,#2713,.T.);
#3653=ORIENTED_EDGE('',*,*,#2721,.F.);
#3654=ORIENTED_EDGE('',*,*,#2722,.F.);
#3655=ORIENTED_EDGE('',*,*,#2723,.F.);
#3656=ORIENTED_EDGE('',*,*,#2716,.T.);
#3657=ORIENTED_EDGE('',*,*,#2707,.T.);
#3658=ORIENTED_EDGE('',*,*,#2718,.F.);
#3659=ORIENTED_EDGE('',*,*,#2724,.F.);
#3660=ORIENTED_EDGE('',*,*,#2725,.T.);
#3661=ORIENTED_EDGE('',*,*,#2709,.T.);
#3662=ORIENTED_EDGE('',*,*,#2726,.T.);
#3663=ORIENTED_EDGE('',*,*,#2721,.T.);
#3664=ORIENTED_EDGE('',*,*,#2715,.T.);
#3665=ORIENTED_EDGE('',*,*,#2726,.F.);
#3666=ORIENTED_EDGE('',*,*,#2712,.F.);
#3667=ORIENTED_EDGE('',*,*,#2727,.F.);
#3668=ORIENTED_EDGE('',*,*,#2719,.T.);
#3669=ORIENTED_EDGE('',*,*,#2708,.F.);
#3670=ORIENTED_EDGE('',*,*,#2725,.F.);
#3671=ORIENTED_EDGE('',*,*,#2728,.F.);
#3672=ORIENTED_EDGE('',*,*,#2722,.T.);
#3673=ORIENTED_EDGE('',*,*,#2729,.F.);
#3674=ORIENTED_EDGE('',*,*,#2730,.T.);
#3675=ORIENTED_EDGE('',*,*,#2731,.F.);
#3676=ORIENTED_EDGE('',*,*,#2732,.T.);
#3677=ORIENTED_EDGE('',*,*,#2733,.F.);
#3678=ORIENTED_EDGE('',*,*,#2734,.F.);
#3679=ORIENTED_EDGE('',*,*,#2735,.F.);
#3680=ORIENTED_EDGE('',*,*,#2736,.T.);
#3681=ORIENTED_EDGE('',*,*,#2737,.F.);
#3682=ORIENTED_EDGE('',*,*,#2738,.F.);
#3683=ORIENTED_EDGE('',*,*,#2734,.T.);
#3684=ORIENTED_EDGE('',*,*,#2739,.F.);
#3685=ORIENTED_EDGE('',*,*,#2740,.F.);
#3686=ORIENTED_EDGE('',*,*,#2741,.F.);
#3687=ORIENTED_EDGE('',*,*,#2742,.T.);
#3688=ORIENTED_EDGE('',*,*,#2730,.F.);
#3689=ORIENTED_EDGE('',*,*,#2729,.T.);
#3690=ORIENTED_EDGE('',*,*,#2743,.F.);
#3691=ORIENTED_EDGE('',*,*,#2744,.F.);
#3692=ORIENTED_EDGE('',*,*,#2737,.T.);
#3693=ORIENTED_EDGE('',*,*,#2745,.F.);
#3694=ORIENTED_EDGE('',*,*,#2746,.F.);
#3695=ORIENTED_EDGE('',*,*,#2747,.F.);
#3696=ORIENTED_EDGE('',*,*,#2740,.T.);
#3697=ORIENTED_EDGE('',*,*,#2731,.T.);
#3698=ORIENTED_EDGE('',*,*,#2742,.F.);
#3699=ORIENTED_EDGE('',*,*,#2748,.F.);
#3700=ORIENTED_EDGE('',*,*,#2749,.T.);
#3701=ORIENTED_EDGE('',*,*,#2733,.T.);
#3702=ORIENTED_EDGE('',*,*,#2750,.T.);
#3703=ORIENTED_EDGE('',*,*,#2745,.T.);
#3704=ORIENTED_EDGE('',*,*,#2739,.T.);
#3705=ORIENTED_EDGE('',*,*,#2750,.F.);
#3706=ORIENTED_EDGE('',*,*,#2736,.F.);
#3707=ORIENTED_EDGE('',*,*,#2751,.F.);
#3708=ORIENTED_EDGE('',*,*,#2743,.T.);
#3709=ORIENTED_EDGE('',*,*,#2732,.F.);
#3710=ORIENTED_EDGE('',*,*,#2749,.F.);
#3711=ORIENTED_EDGE('',*,*,#2752,.F.);
#3712=ORIENTED_EDGE('',*,*,#2746,.T.);
#3713=ORIENTED_EDGE('',*,*,#2753,.F.);
#3714=ORIENTED_EDGE('',*,*,#2754,.F.);
#3715=ORIENTED_EDGE('',*,*,#2755,.F.);
#3716=ORIENTED_EDGE('',*,*,#2756,.F.);
#3717=ORIENTED_EDGE('',*,*,#2757,.F.);
#3718=ORIENTED_EDGE('',*,*,#2754,.T.);
#3719=ORIENTED_EDGE('',*,*,#2758,.T.);
#3720=ORIENTED_EDGE('',*,*,#2759,.F.);
#3721=ORIENTED_EDGE('',*,*,#2760,.F.);
#3722=ORIENTED_EDGE('',*,*,#2756,.T.);
#3723=ORIENTED_EDGE('',*,*,#2761,.F.);
#3724=ORIENTED_EDGE('',*,*,#2762,.F.);
#3725=ORIENTED_EDGE('',*,*,#2758,.F.);
#3726=ORIENTED_EDGE('',*,*,#2753,.T.);
#3727=ORIENTED_EDGE('',*,*,#2760,.T.);
#3728=ORIENTED_EDGE('',*,*,#2763,.F.);
#3729=ORIENTED_EDGE('',*,*,#2761,.T.);
#3730=ORIENTED_EDGE('',*,*,#2755,.T.);
#3731=ORIENTED_EDGE('',*,*,#2757,.T.);
#3732=ORIENTED_EDGE('',*,*,#2764,.F.);
#3733=ORIENTED_EDGE('',*,*,#2765,.F.);
#3734=ORIENTED_EDGE('',*,*,#2766,.T.);
#3735=ORIENTED_EDGE('',*,*,#2767,.T.);
#3736=ORIENTED_EDGE('',*,*,#2768,.F.);
#3737=ORIENTED_EDGE('',*,*,#2769,.F.);
#3738=ORIENTED_EDGE('',*,*,#2770,.F.);
#3739=ORIENTED_EDGE('',*,*,#2771,.F.);
#3740=ORIENTED_EDGE('',*,*,#2772,.F.);
#3741=ORIENTED_EDGE('',*,*,#2773,.F.);
#3742=ORIENTED_EDGE('',*,*,#2770,.T.);
#3743=ORIENTED_EDGE('',*,*,#2774,.F.);
#3744=ORIENTED_EDGE('',*,*,#2775,.F.);
#3745=ORIENTED_EDGE('',*,*,#2776,.F.);
#3746=ORIENTED_EDGE('',*,*,#2771,.T.);
#3747=ORIENTED_EDGE('',*,*,#2773,.T.);
#3748=ORIENTED_EDGE('',*,*,#2777,.F.);
#3749=ORIENTED_EDGE('',*,*,#2778,.F.);
#3750=ORIENTED_EDGE('',*,*,#2772,.T.);
#3751=ORIENTED_EDGE('',*,*,#2776,.T.);
#3752=ORIENTED_EDGE('',*,*,#2779,.F.);
#3753=ORIENTED_EDGE('',*,*,#2774,.T.);
#3754=ORIENTED_EDGE('',*,*,#2769,.T.);
#3755=ORIENTED_EDGE('',*,*,#2778,.T.);
#3756=ORIENTED_EDGE('',*,*,#2780,.F.);
#3757=ORIENTED_EDGE('',*,*,#2781,.F.);
#3758=ORIENTED_EDGE('',*,*,#2782,.T.);
#3759=ORIENTED_EDGE('',*,*,#2783,.T.);
#3760=ORIENTED_EDGE('',*,*,#2784,.F.);
#3761=ORIENTED_EDGE('',*,*,#2785,.F.);
#3762=ORIENTED_EDGE('',*,*,#2786,.T.);
#3763=ORIENTED_EDGE('',*,*,#2787,.F.);
#3764=ORIENTED_EDGE('',*,*,#2788,.F.);
#3765=ORIENTED_EDGE('',*,*,#2789,.F.);
#3766=ORIENTED_EDGE('',*,*,#2790,.F.);
#3767=ORIENTED_EDGE('',*,*,#2791,.F.);
#3768=ORIENTED_EDGE('',*,*,#2792,.F.);
#3769=ORIENTED_EDGE('',*,*,#2793,.F.);
#3770=ORIENTED_EDGE('',*,*,#2794,.F.);
#3771=ORIENTED_EDGE('',*,*,#2795,.F.);
#3772=ORIENTED_EDGE('',*,*,#2786,.F.);
#3773=ORIENTED_EDGE('',*,*,#2796,.F.);
#3774=ORIENTED_EDGE('',*,*,#2797,.F.);
#3775=ORIENTED_EDGE('',*,*,#2798,.F.);
#3776=ORIENTED_EDGE('',*,*,#2799,.F.);
#3777=ORIENTED_EDGE('',*,*,#2800,.F.);
#3778=ORIENTED_EDGE('',*,*,#2801,.F.);
#3779=ORIENTED_EDGE('',*,*,#2802,.F.);
#3780=ORIENTED_EDGE('',*,*,#2794,.T.);
#3781=ORIENTED_EDGE('',*,*,#2803,.F.);
#3782=ORIENTED_EDGE('',*,*,#2804,.F.);
#3783=ORIENTED_EDGE('',*,*,#2805,.F.);
#3784=ORIENTED_EDGE('',*,*,#2806,.T.);
#3785=ORIENTED_EDGE('',*,*,#2807,.F.);
#3786=ORIENTED_EDGE('',*,*,#2796,.T.);
#3787=ORIENTED_EDGE('',*,*,#2793,.T.);
#3788=ORIENTED_EDGE('',*,*,#2785,.T.);
#3789=ORIENTED_EDGE('',*,*,#2808,.F.);
#3790=ORIENTED_EDGE('',*,*,#2787,.T.);
#3791=ORIENTED_EDGE('',*,*,#2795,.T.);
#3792=ORIENTED_EDGE('',*,*,#2802,.T.);
#3793=ORIENTED_EDGE('',*,*,#2809,.F.);
#3794=ORIENTED_EDGE('',*,*,#2806,.F.);
#3795=ORIENTED_EDGE('',*,*,#2792,.T.);
#3796=ORIENTED_EDGE('',*,*,#2810,.F.);
#3797=ORIENTED_EDGE('',*,*,#2788,.T.);
#3798=ORIENTED_EDGE('',*,*,#2808,.T.);
#3799=ORIENTED_EDGE('',*,*,#2797,.T.);
#3800=ORIENTED_EDGE('',*,*,#2807,.T.);
#3801=ORIENTED_EDGE('',*,*,#2809,.T.);
#3802=ORIENTED_EDGE('',*,*,#2801,.T.);
#3803=ORIENTED_EDGE('',*,*,#2811,.F.);
#3804=ORIENTED_EDGE('',*,*,#2790,.T.);
#3805=ORIENTED_EDGE('',*,*,#2812,.T.);
#3806=ORIENTED_EDGE('',*,*,#2791,.T.);
#3807=ORIENTED_EDGE('',*,*,#2812,.F.);
#3808=ORIENTED_EDGE('',*,*,#2789,.T.);
#3809=ORIENTED_EDGE('',*,*,#2810,.T.);
#3810=ORIENTED_EDGE('',*,*,#2798,.T.);
#3811=ORIENTED_EDGE('',*,*,#2811,.T.);
#3812=ORIENTED_EDGE('',*,*,#2800,.T.);
#3813=ORIENTED_EDGE('',*,*,#2813,.F.);
#3814=ORIENTED_EDGE('',*,*,#2799,.T.);
#3815=ORIENTED_EDGE('',*,*,#2813,.T.);
#3816=ORIENTED_EDGE('',*,*,#2814,.T.);
#3817=ORIENTED_EDGE('',*,*,#2804,.T.);
#3818=ORIENTED_EDGE('',*,*,#2815,.F.);
#3819=ORIENTED_EDGE('',*,*,#2816,.T.);
#3820=ORIENTED_EDGE('',*,*,#2817,.F.);
#3821=ORIENTED_EDGE('',*,*,#2818,.F.);
#3822=ORIENTED_EDGE('',*,*,#2819,.F.);
#3823=ORIENTED_EDGE('',*,*,#2820,.F.);
#3824=ORIENTED_EDGE('',*,*,#2821,.F.);
#3825=ORIENTED_EDGE('',*,*,#2822,.F.);
#3826=ORIENTED_EDGE('',*,*,#2823,.F.);
#3827=ORIENTED_EDGE('',*,*,#2824,.F.);
#3828=ORIENTED_EDGE('',*,*,#2825,.F.);
#3829=ORIENTED_EDGE('',*,*,#2826,.F.);
#3830=ORIENTED_EDGE('',*,*,#2827,.F.);
#3831=ORIENTED_EDGE('',*,*,#2828,.F.);
#3832=ORIENTED_EDGE('',*,*,#2829,.F.);
#3833=ORIENTED_EDGE('',*,*,#2816,.F.);
#3834=ORIENTED_EDGE('',*,*,#2830,.F.);
#3835=ORIENTED_EDGE('',*,*,#2831,.F.);
#3836=ORIENTED_EDGE('',*,*,#2832,.F.);
#3837=ORIENTED_EDGE('',*,*,#2833,.F.);
#3838=ORIENTED_EDGE('',*,*,#2834,.F.);
#3839=ORIENTED_EDGE('',*,*,#2835,.F.);
#3840=ORIENTED_EDGE('',*,*,#2836,.F.);
#3841=ORIENTED_EDGE('',*,*,#2837,.F.);
#3842=ORIENTED_EDGE('',*,*,#2838,.F.);
#3843=ORIENTED_EDGE('',*,*,#2839,.F.);
#3844=ORIENTED_EDGE('',*,*,#2840,.F.);
#3845=ORIENTED_EDGE('',*,*,#2828,.T.);
#3846=ORIENTED_EDGE('',*,*,#2841,.F.);
#3847=ORIENTED_EDGE('',*,*,#2842,.T.);
#3848=ORIENTED_EDGE('',*,*,#2843,.F.);
#3849=ORIENTED_EDGE('',*,*,#2830,.T.);
#3850=ORIENTED_EDGE('',*,*,#2827,.T.);
#3851=ORIENTED_EDGE('',*,*,#2815,.T.);
#3852=ORIENTED_EDGE('',*,*,#2844,.F.);
#3853=ORIENTED_EDGE('',*,*,#2817,.T.);
#3854=ORIENTED_EDGE('',*,*,#2829,.T.);
#3855=ORIENTED_EDGE('',*,*,#2840,.T.);
#3856=ORIENTED_EDGE('',*,*,#2845,.F.);
#3857=ORIENTED_EDGE('',*,*,#2842,.F.);
#3858=ORIENTED_EDGE('',*,*,#2826,.T.);
#3859=ORIENTED_EDGE('',*,*,#2846,.F.);
#3860=ORIENTED_EDGE('',*,*,#2818,.T.);
#3861=ORIENTED_EDGE('',*,*,#2844,.T.);
#3862=ORIENTED_EDGE('',*,*,#2831,.T.);
#3863=ORIENTED_EDGE('',*,*,#2843,.T.);
#3864=ORIENTED_EDGE('',*,*,#2845,.T.);
#3865=ORIENTED_EDGE('',*,*,#2839,.T.);
#3866=ORIENTED_EDGE('',*,*,#2847,.F.);
#3867=ORIENTED_EDGE('',*,*,#2825,.T.);
#3868=ORIENTED_EDGE('',*,*,#2848,.F.);
#3869=ORIENTED_EDGE('',*,*,#2819,.T.);
#3870=ORIENTED_EDGE('',*,*,#2846,.T.);
#3871=ORIENTED_EDGE('',*,*,#2832,.T.);
#3872=ORIENTED_EDGE('',*,*,#2847,.T.);
#3873=ORIENTED_EDGE('',*,*,#2838,.T.);
#3874=ORIENTED_EDGE('',*,*,#2849,.F.);
#3875=ORIENTED_EDGE('',*,*,#2824,.T.);
#3876=ORIENTED_EDGE('',*,*,#2850,.F.);
#3877=ORIENTED_EDGE('',*,*,#2820,.T.);
#3878=ORIENTED_EDGE('',*,*,#2848,.T.);
#3879=ORIENTED_EDGE('',*,*,#2833,.T.);
#3880=ORIENTED_EDGE('',*,*,#2849,.T.);
#3881=ORIENTED_EDGE('',*,*,#2837,.T.);
#3882=ORIENTED_EDGE('',*,*,#2851,.F.);
#3883=ORIENTED_EDGE('',*,*,#2822,.T.);
#3884=ORIENTED_EDGE('',*,*,#2852,.T.);
#3885=ORIENTED_EDGE('',*,*,#2823,.T.);
#3886=ORIENTED_EDGE('',*,*,#2852,.F.);
#3887=ORIENTED_EDGE('',*,*,#2821,.T.);
#3888=ORIENTED_EDGE('',*,*,#2850,.T.);
#3889=ORIENTED_EDGE('',*,*,#2834,.T.);
#3890=ORIENTED_EDGE('',*,*,#2851,.T.);
#3891=ORIENTED_EDGE('',*,*,#2836,.T.);
#3892=ORIENTED_EDGE('',*,*,#2853,.F.);
#3893=ORIENTED_EDGE('',*,*,#2835,.T.);
#3894=ORIENTED_EDGE('',*,*,#2853,.T.);
#3895=ORIENTED_EDGE('',*,*,#2854,.F.);
#3896=ORIENTED_EDGE('',*,*,#2855,.T.);
#3897=ORIENTED_EDGE('',*,*,#2856,.F.);
#3898=ORIENTED_EDGE('',*,*,#2857,.F.);
#3899=ORIENTED_EDGE('',*,*,#2858,.F.);
#3900=ORIENTED_EDGE('',*,*,#2859,.F.);
#3901=ORIENTED_EDGE('',*,*,#2860,.F.);
#3902=ORIENTED_EDGE('',*,*,#2861,.F.);
#3903=ORIENTED_EDGE('',*,*,#2862,.F.);
#3904=ORIENTED_EDGE('',*,*,#2863,.F.);
#3905=ORIENTED_EDGE('',*,*,#2864,.F.);
#3906=ORIENTED_EDGE('',*,*,#2855,.F.);
#3907=ORIENTED_EDGE('',*,*,#2865,.F.);
#3908=ORIENTED_EDGE('',*,*,#2866,.F.);
#3909=ORIENTED_EDGE('',*,*,#2867,.F.);
#3910=ORIENTED_EDGE('',*,*,#2868,.F.);
#3911=ORIENTED_EDGE('',*,*,#2869,.F.);
#3912=ORIENTED_EDGE('',*,*,#2870,.F.);
#3913=ORIENTED_EDGE('',*,*,#2871,.F.);
#3914=ORIENTED_EDGE('',*,*,#2863,.T.);
#3915=ORIENTED_EDGE('',*,*,#2872,.F.);
#3916=ORIENTED_EDGE('',*,*,#2873,.F.);
#3917=ORIENTED_EDGE('',*,*,#2874,.F.);
#3918=ORIENTED_EDGE('',*,*,#2875,.T.);
#3919=ORIENTED_EDGE('',*,*,#2876,.F.);
#3920=ORIENTED_EDGE('',*,*,#2865,.T.);
#3921=ORIENTED_EDGE('',*,*,#2862,.T.);
#3922=ORIENTED_EDGE('',*,*,#2854,.T.);
#3923=ORIENTED_EDGE('',*,*,#2877,.F.);
#3924=ORIENTED_EDGE('',*,*,#2856,.T.);
#3925=ORIENTED_EDGE('',*,*,#2864,.T.);
#3926=ORIENTED_EDGE('',*,*,#2871,.T.);
#3927=ORIENTED_EDGE('',*,*,#2878,.F.);
#3928=ORIENTED_EDGE('',*,*,#2875,.F.);
#3929=ORIENTED_EDGE('',*,*,#2861,.T.);
#3930=ORIENTED_EDGE('',*,*,#2879,.F.);
#3931=ORIENTED_EDGE('',*,*,#2857,.T.);
#3932=ORIENTED_EDGE('',*,*,#2877,.T.);
#3933=ORIENTED_EDGE('',*,*,#2866,.T.);
#3934=ORIENTED_EDGE('',*,*,#2876,.T.);
#3935=ORIENTED_EDGE('',*,*,#2878,.T.);
#3936=ORIENTED_EDGE('',*,*,#2870,.T.);
#3937=ORIENTED_EDGE('',*,*,#2880,.F.);
#3938=ORIENTED_EDGE('',*,*,#2859,.T.);
#3939=ORIENTED_EDGE('',*,*,#2881,.T.);
#3940=ORIENTED_EDGE('',*,*,#2860,.T.);
#3941=ORIENTED_EDGE('',*,*,#2881,.F.);
#3942=ORIENTED_EDGE('',*,*,#2858,.T.);
#3943=ORIENTED_EDGE('',*,*,#2879,.T.);
#3944=ORIENTED_EDGE('',*,*,#2867,.T.);
#3945=ORIENTED_EDGE('',*,*,#2880,.T.);
#3946=ORIENTED_EDGE('',*,*,#2869,.T.);
#3947=ORIENTED_EDGE('',*,*,#2882,.F.);
#3948=ORIENTED_EDGE('',*,*,#2868,.T.);
#3949=ORIENTED_EDGE('',*,*,#2882,.T.);
#3950=ORIENTED_EDGE('',*,*,#2883,.T.);
#3951=ORIENTED_EDGE('',*,*,#2873,.T.);
#3952=ORIENTED_EDGE('',*,*,#2884,.F.);
#3953=ORIENTED_EDGE('',*,*,#2885,.T.);
#3954=ORIENTED_EDGE('',*,*,#2886,.F.);
#3955=ORIENTED_EDGE('',*,*,#2887,.F.);
#3956=ORIENTED_EDGE('',*,*,#2888,.F.);
#3957=ORIENTED_EDGE('',*,*,#2889,.F.);
#3958=ORIENTED_EDGE('',*,*,#2890,.F.);
#3959=ORIENTED_EDGE('',*,*,#2891,.F.);
#3960=ORIENTED_EDGE('',*,*,#2892,.F.);
#3961=ORIENTED_EDGE('',*,*,#2893,.F.);
#3962=ORIENTED_EDGE('',*,*,#2894,.F.);
#3963=ORIENTED_EDGE('',*,*,#2895,.F.);
#3964=ORIENTED_EDGE('',*,*,#2896,.F.);
#3965=ORIENTED_EDGE('',*,*,#2897,.F.);
#3966=ORIENTED_EDGE('',*,*,#2898,.F.);
#3967=ORIENTED_EDGE('',*,*,#2885,.F.);
#3968=ORIENTED_EDGE('',*,*,#2899,.F.);
#3969=ORIENTED_EDGE('',*,*,#2900,.F.);
#3970=ORIENTED_EDGE('',*,*,#2901,.F.);
#3971=ORIENTED_EDGE('',*,*,#2902,.F.);
#3972=ORIENTED_EDGE('',*,*,#2903,.F.);
#3973=ORIENTED_EDGE('',*,*,#2904,.F.);
#3974=ORIENTED_EDGE('',*,*,#2905,.F.);
#3975=ORIENTED_EDGE('',*,*,#2906,.F.);
#3976=ORIENTED_EDGE('',*,*,#2907,.F.);
#3977=ORIENTED_EDGE('',*,*,#2908,.F.);
#3978=ORIENTED_EDGE('',*,*,#2909,.F.);
#3979=ORIENTED_EDGE('',*,*,#2897,.T.);
#3980=ORIENTED_EDGE('',*,*,#2910,.F.);
#3981=ORIENTED_EDGE('',*,*,#2911,.T.);
#3982=ORIENTED_EDGE('',*,*,#2912,.F.);
#3983=ORIENTED_EDGE('',*,*,#2899,.T.);
#3984=ORIENTED_EDGE('',*,*,#2896,.T.);
#3985=ORIENTED_EDGE('',*,*,#2884,.T.);
#3986=ORIENTED_EDGE('',*,*,#2913,.F.);
#3987=ORIENTED_EDGE('',*,*,#2886,.T.);
#3988=ORIENTED_EDGE('',*,*,#2898,.T.);
#3989=ORIENTED_EDGE('',*,*,#2909,.T.);
#3990=ORIENTED_EDGE('',*,*,#2914,.F.);
#3991=ORIENTED_EDGE('',*,*,#2911,.F.);
#3992=ORIENTED_EDGE('',*,*,#2895,.T.);
#3993=ORIENTED_EDGE('',*,*,#2915,.F.);
#3994=ORIENTED_EDGE('',*,*,#2887,.T.);
#3995=ORIENTED_EDGE('',*,*,#2913,.T.);
#3996=ORIENTED_EDGE('',*,*,#2900,.T.);
#3997=ORIENTED_EDGE('',*,*,#2912,.T.);
#3998=ORIENTED_EDGE('',*,*,#2914,.T.);
#3999=ORIENTED_EDGE('',*,*,#2908,.T.);
#4000=ORIENTED_EDGE('',*,*,#2916,.F.);
#4001=ORIENTED_EDGE('',*,*,#2894,.T.);
#4002=ORIENTED_EDGE('',*,*,#2917,.F.);
#4003=ORIENTED_EDGE('',*,*,#2888,.T.);
#4004=ORIENTED_EDGE('',*,*,#2915,.T.);
#4005=ORIENTED_EDGE('',*,*,#2901,.T.);
#4006=ORIENTED_EDGE('',*,*,#2916,.T.);
#4007=ORIENTED_EDGE('',*,*,#2907,.T.);
#4008=ORIENTED_EDGE('',*,*,#2918,.F.);
#4009=ORIENTED_EDGE('',*,*,#2893,.T.);
#4010=ORIENTED_EDGE('',*,*,#2919,.F.);
#4011=ORIENTED_EDGE('',*,*,#2889,.T.);
#4012=ORIENTED_EDGE('',*,*,#2917,.T.);
#4013=ORIENTED_EDGE('',*,*,#2902,.T.);
#4014=ORIENTED_EDGE('',*,*,#2918,.T.);
#4015=ORIENTED_EDGE('',*,*,#2906,.T.);
#4016=ORIENTED_EDGE('',*,*,#2920,.F.);
#4017=ORIENTED_EDGE('',*,*,#2891,.T.);
#4018=ORIENTED_EDGE('',*,*,#2921,.T.);
#4019=ORIENTED_EDGE('',*,*,#2892,.T.);
#4020=ORIENTED_EDGE('',*,*,#2921,.F.);
#4021=ORIENTED_EDGE('',*,*,#2890,.T.);
#4022=ORIENTED_EDGE('',*,*,#2919,.T.);
#4023=ORIENTED_EDGE('',*,*,#2903,.T.);
#4024=ORIENTED_EDGE('',*,*,#2920,.T.);
#4025=ORIENTED_EDGE('',*,*,#2905,.T.);
#4026=ORIENTED_EDGE('',*,*,#2922,.F.);
#4027=ORIENTED_EDGE('',*,*,#2904,.T.);
#4028=ORIENTED_EDGE('',*,*,#2922,.T.);
#4029=ORIENTED_EDGE('',*,*,#2923,.F.);
#4030=ORIENTED_EDGE('',*,*,#2924,.T.);
#4031=ORIENTED_EDGE('',*,*,#2925,.T.);
#4032=ORIENTED_EDGE('',*,*,#2924,.F.);
#4033=ORIENTED_EDGE('',*,*,#2925,.F.);
#4034=ORIENTED_EDGE('',*,*,#2841,.T.);
#4035=ORIENTED_EDGE('',*,*,#2926,.F.);
#4036=ORIENTED_EDGE('',*,*,#2927,.T.);
#4037=ORIENTED_EDGE('',*,*,#2928,.T.);
#4038=ORIENTED_EDGE('',*,*,#2927,.F.);
#4039=ORIENTED_EDGE('',*,*,#2928,.F.);
#4040=ORIENTED_EDGE('',*,*,#2910,.T.);
#4041=ORIENTED_EDGE('',*,*,#2929,.F.);
#4042=ORIENTED_EDGE('',*,*,#2930,.T.);
#4043=ORIENTED_EDGE('',*,*,#2931,.F.);
#4044=ORIENTED_EDGE('',*,*,#2930,.F.);
#4045=ORIENTED_EDGE('',*,*,#2932,.T.);
#4046=ORIENTED_EDGE('',*,*,#2933,.T.);
#4047=ORIENTED_EDGE('',*,*,#2934,.F.);
#4048=ORIENTED_EDGE('',*,*,#2933,.F.);
#4049=ORIENTED_EDGE('',*,*,#2932,.F.);
#4050=ORIENTED_EDGE('',*,*,#2931,.T.);
#4051=ORIENTED_EDGE('',*,*,#2935,.T.);
#4052=ORIENTED_EDGE('',*,*,#2936,.T.);
#4053=ORIENTED_EDGE('',*,*,#2937,.F.);
#4054=ORIENTED_EDGE('',*,*,#2936,.F.);
#4055=ORIENTED_EDGE('',*,*,#2935,.F.);
#4056=ORIENTED_EDGE('',*,*,#2934,.T.);
#4057=ORIENTED_EDGE('',*,*,#2938,.F.);
#4058=ORIENTED_EDGE('',*,*,#2939,.T.);
#4059=ORIENTED_EDGE('',*,*,#2940,.F.);
#4060=ORIENTED_EDGE('',*,*,#2939,.F.);
#4061=ORIENTED_EDGE('',*,*,#2941,.T.);
#4062=ORIENTED_EDGE('',*,*,#2942,.T.);
#4063=ORIENTED_EDGE('',*,*,#2943,.F.);
#4064=ORIENTED_EDGE('',*,*,#2942,.F.);
#4065=ORIENTED_EDGE('',*,*,#2941,.F.);
#4066=ORIENTED_EDGE('',*,*,#2940,.T.);
#4067=ORIENTED_EDGE('',*,*,#2944,.T.);
#4068=ORIENTED_EDGE('',*,*,#2945,.T.);
#4069=ORIENTED_EDGE('',*,*,#2946,.F.);
#4070=ORIENTED_EDGE('',*,*,#2945,.F.);
#4071=ORIENTED_EDGE('',*,*,#2944,.F.);
#4072=ORIENTED_EDGE('',*,*,#2943,.T.);
#4073=ORIENTED_EDGE('',*,*,#2947,.F.);
#4074=ORIENTED_EDGE('',*,*,#2948,.F.);
#4075=ORIENTED_EDGE('',*,*,#2949,.F.);
#4076=ORIENTED_EDGE('',*,*,#2950,.F.);
#4077=ORIENTED_EDGE('',*,*,#2951,.F.);
#4078=ORIENTED_EDGE('',*,*,#2952,.F.);
#4079=ORIENTED_EDGE('',*,*,#2953,.F.);
#4080=ORIENTED_EDGE('',*,*,#2954,.T.);
#4081=ORIENTED_EDGE('',*,*,#2803,.T.);
#4082=ORIENTED_EDGE('',*,*,#2805,.T.);
#4083=ORIENTED_EDGE('',*,*,#2955,.T.);
#4084=ORIENTED_EDGE('',*,*,#2951,.T.);
#4085=ORIENTED_EDGE('',*,*,#2956,.F.);
#4086=ORIENTED_EDGE('',*,*,#2766,.F.);
#4087=ORIENTED_EDGE('',*,*,#2957,.F.);
#4088=ORIENTED_EDGE('',*,*,#2958,.T.);
#4089=ORIENTED_EDGE('',*,*,#2959,.T.);
#4090=ORIENTED_EDGE('',*,*,#2960,.T.);
#4091=ORIENTED_EDGE('',*,*,#2961,.T.);
#4092=ORIENTED_EDGE('',*,*,#2923,.T.);
#4093=ORIENTED_EDGE('',*,*,#2872,.T.);
#4094=ORIENTED_EDGE('',*,*,#2874,.T.);
#4095=ORIENTED_EDGE('',*,*,#2962,.T.);
#4096=ORIENTED_EDGE('',*,*,#2963,.T.);
#4097=ORIENTED_EDGE('',*,*,#2964,.T.);
#4098=ORIENTED_EDGE('',*,*,#2965,.T.);
#4099=ORIENTED_EDGE('',*,*,#2966,.F.);
#4100=ORIENTED_EDGE('',*,*,#2782,.F.);
#4101=ORIENTED_EDGE('',*,*,#2967,.F.);
#4102=ORIENTED_EDGE('',*,*,#2947,.T.);
#4103=ORIENTED_EDGE('',*,*,#2968,.T.);
#4104=ORIENTED_EDGE('',*,*,#2926,.T.);
#4105=ORIENTED_EDGE('',*,*,#2952,.T.);
#4106=ORIENTED_EDGE('',*,*,#2955,.F.);
#4107=ORIENTED_EDGE('',*,*,#2814,.F.);
#4108=ORIENTED_EDGE('',*,*,#2961,.F.);
#4109=ORIENTED_EDGE('',*,*,#2969,.F.);
#4110=ORIENTED_EDGE('',*,*,#2970,.F.);
#4111=ORIENTED_EDGE('',*,*,#2950,.T.);
#4112=ORIENTED_EDGE('',*,*,#2971,.F.);
#4113=ORIENTED_EDGE('',*,*,#2972,.T.);
#4114=ORIENTED_EDGE('',*,*,#2962,.F.);
#4115=ORIENTED_EDGE('',*,*,#2883,.F.);
#4116=ORIENTED_EDGE('',*,*,#2968,.F.);
#4117=ORIENTED_EDGE('',*,*,#2973,.T.);
#4118=ORIENTED_EDGE('',*,*,#2974,.T.);
#4119=ORIENTED_EDGE('',*,*,#2975,.T.);
#4120=ORIENTED_EDGE('',*,*,#2976,.T.);
#4121=ORIENTED_EDGE('',*,*,#2977,.T.);
#4122=ORIENTED_EDGE('',*,*,#2978,.T.);
#4123=ORIENTED_EDGE('',*,*,#2979,.T.);
#4124=ORIENTED_EDGE('',*,*,#2980,.T.);
#4125=ORIENTED_EDGE('',*,*,#2981,.T.);
#4126=ORIENTED_EDGE('',*,*,#2982,.T.);
#4127=ORIENTED_EDGE('',*,*,#2983,.T.);
#4128=ORIENTED_EDGE('',*,*,#2984,.T.);
#4129=ORIENTED_EDGE('',*,*,#2985,.T.);
#4130=ORIENTED_EDGE('',*,*,#2986,.T.);
#4131=ORIENTED_EDGE('',*,*,#2987,.T.);
#4132=ORIENTED_EDGE('',*,*,#2988,.T.);
#4133=ORIENTED_EDGE('',*,*,#2989,.T.);
#4134=ORIENTED_EDGE('',*,*,#2990,.T.);
#4135=ORIENTED_EDGE('',*,*,#2991,.T.);
#4136=ORIENTED_EDGE('',*,*,#2992,.T.);
#4137=ORIENTED_EDGE('',*,*,#2993,.T.);
#4138=ORIENTED_EDGE('',*,*,#2994,.T.);
#4139=ORIENTED_EDGE('',*,*,#2995,.T.);
#4140=ORIENTED_EDGE('',*,*,#2996,.T.);
#4141=ORIENTED_EDGE('',*,*,#2997,.T.);
#4142=ORIENTED_EDGE('',*,*,#2998,.T.);
#4143=ORIENTED_EDGE('',*,*,#2999,.T.);
#4144=ORIENTED_EDGE('',*,*,#2937,.T.);
#4145=ORIENTED_EDGE('',*,*,#2946,.T.);
#4146=ORIENTED_EDGE('',*,*,#2949,.T.);
#4147=ORIENTED_EDGE('',*,*,#3000,.T.);
#4148=ORIENTED_EDGE('',*,*,#2953,.T.);
#4149=ORIENTED_EDGE('',*,*,#2970,.T.);
#4150=ORIENTED_EDGE('',*,*,#3001,.T.);
#4151=ORIENTED_EDGE('',*,*,#3002,.T.);
#4152=ORIENTED_EDGE('',*,*,#3003,.T.);
#4153=ORIENTED_EDGE('',*,*,#3004,.T.);
#4154=ORIENTED_EDGE('',*,*,#3005,.T.);
#4155=ORIENTED_EDGE('',*,*,#3006,.T.);
#4156=ORIENTED_EDGE('',*,*,#3007,.T.);
#4157=ORIENTED_EDGE('',*,*,#2971,.T.);
#4158=ORIENTED_EDGE('',*,*,#2958,.F.);
#4159=ORIENTED_EDGE('',*,*,#3008,.F.);
#4160=ORIENTED_EDGE('',*,*,#3003,.F.);
#4161=ORIENTED_EDGE('',*,*,#3009,.F.);
#4162=ORIENTED_EDGE('',*,*,#2965,.F.);
#4163=ORIENTED_EDGE('',*,*,#3010,.F.);
#4164=ORIENTED_EDGE('',*,*,#3005,.F.);
#4165=ORIENTED_EDGE('',*,*,#3011,.T.);
#4166=ORIENTED_EDGE('',*,*,#3010,.T.);
#4167=ORIENTED_EDGE('',*,*,#2964,.F.);
#4168=ORIENTED_EDGE('',*,*,#3012,.F.);
#4169=ORIENTED_EDGE('',*,*,#3006,.F.);
#4170=ORIENTED_EDGE('',*,*,#2963,.F.);
#4171=ORIENTED_EDGE('',*,*,#2972,.F.);
#4172=ORIENTED_EDGE('',*,*,#3007,.F.);
#4173=ORIENTED_EDGE('',*,*,#3012,.T.);
#4174=ORIENTED_EDGE('',*,*,#3009,.T.);
#4175=ORIENTED_EDGE('',*,*,#3002,.F.);
#4176=ORIENTED_EDGE('',*,*,#3013,.T.);
#4177=ORIENTED_EDGE('',*,*,#2959,.F.);
#4178=ORIENTED_EDGE('',*,*,#2960,.F.);
#4179=ORIENTED_EDGE('',*,*,#3013,.F.);
#4180=ORIENTED_EDGE('',*,*,#3001,.F.);
#4181=ORIENTED_EDGE('',*,*,#2969,.T.);
#4182=ORIENTED_EDGE('',*,*,#2967,.T.);
#4183=ORIENTED_EDGE('',*,*,#2781,.T.);
#4184=ORIENTED_EDGE('',*,*,#3014,.F.);
#4185=ORIENTED_EDGE('',*,*,#2767,.F.);
#4186=ORIENTED_EDGE('',*,*,#2956,.T.);
#4187=ORIENTED_EDGE('',*,*,#2954,.F.);
#4188=ORIENTED_EDGE('',*,*,#3000,.F.);
#4189=ORIENTED_EDGE('',*,*,#2948,.T.);
#4190=ORIENTED_EDGE('',*,*,#2957,.T.);
#4191=ORIENTED_EDGE('',*,*,#2765,.T.);
#4192=ORIENTED_EDGE('',*,*,#3015,.F.);
#4193=ORIENTED_EDGE('',*,*,#2783,.F.);
#4194=ORIENTED_EDGE('',*,*,#2966,.T.);
#4195=ORIENTED_EDGE('',*,*,#3011,.F.);
#4196=ORIENTED_EDGE('',*,*,#3004,.F.);
#4197=ORIENTED_EDGE('',*,*,#3008,.T.);
#4198=ORIENTED_EDGE('',*,*,#3016,.T.);
#4199=ORIENTED_EDGE('',*,*,#2929,.T.);
#4200=ORIENTED_EDGE('',*,*,#3017,.T.);
#4201=ORIENTED_EDGE('',*,*,#3018,.T.);
#4202=ORIENTED_EDGE('',*,*,#3019,.T.);
#4203=ORIENTED_EDGE('',*,*,#3020,.T.);
#4204=ORIENTED_EDGE('',*,*,#3021,.F.);
#4205=ORIENTED_EDGE('',*,*,#3022,.T.);
#4206=ORIENTED_EDGE('',*,*,#3023,.T.);
#4207=ORIENTED_EDGE('',*,*,#3024,.T.);
#4208=ORIENTED_EDGE('',*,*,#2938,.T.);
#4209=ORIENTED_EDGE('',*,*,#3025,.F.);
#4210=ORIENTED_EDGE('',*,*,#3026,.F.);
#4211=ORIENTED_EDGE('',*,*,#2994,.F.);
#4212=ORIENTED_EDGE('',*,*,#3027,.T.);
#4213=ORIENTED_EDGE('',*,*,#3028,.T.);
#4214=ORIENTED_EDGE('',*,*,#3029,.T.);
#4215=ORIENTED_EDGE('',*,*,#3030,.F.);
#4216=ORIENTED_EDGE('',*,*,#3031,.F.);
#4217=ORIENTED_EDGE('',*,*,#3028,.F.);
#4218=ORIENTED_EDGE('',*,*,#3025,.T.);
#4219=ORIENTED_EDGE('',*,*,#3032,.T.);
#4220=ORIENTED_EDGE('',*,*,#3033,.T.);
#4221=ORIENTED_EDGE('',*,*,#3034,.T.);
#4222=ORIENTED_EDGE('',*,*,#3035,.T.);
#4223=ORIENTED_EDGE('',*,*,#3036,.T.);
#4224=ORIENTED_EDGE('',*,*,#3037,.T.);
#4225=ORIENTED_EDGE('',*,*,#2720,.T.);
#4226=ORIENTED_EDGE('',*,*,#2727,.T.);
#4227=ORIENTED_EDGE('',*,*,#2711,.T.);
#4228=ORIENTED_EDGE('',*,*,#2714,.T.);
#4229=ORIENTED_EDGE('',*,*,#2723,.T.);
#4230=ORIENTED_EDGE('',*,*,#2728,.T.);
#4231=ORIENTED_EDGE('',*,*,#2724,.T.);
#4232=ORIENTED_EDGE('',*,*,#2717,.T.);
#4233=ORIENTED_EDGE('',*,*,#2744,.T.);
#4234=ORIENTED_EDGE('',*,*,#2751,.T.);
#4235=ORIENTED_EDGE('',*,*,#2735,.T.);
#4236=ORIENTED_EDGE('',*,*,#2738,.T.);
#4237=ORIENTED_EDGE('',*,*,#2747,.T.);
#4238=ORIENTED_EDGE('',*,*,#2752,.T.);
#4239=ORIENTED_EDGE('',*,*,#2748,.T.);
#4240=ORIENTED_EDGE('',*,*,#2741,.T.);
#4241=ORIENTED_EDGE('',*,*,#3027,.F.);
#4242=ORIENTED_EDGE('',*,*,#2993,.F.);
#4243=ORIENTED_EDGE('',*,*,#3038,.T.);
#4244=ORIENTED_EDGE('',*,*,#3032,.F.);
#4245=ORIENTED_EDGE('',*,*,#3037,.F.);
#4246=ORIENTED_EDGE('',*,*,#3039,.F.);
#4247=ORIENTED_EDGE('',*,*,#2988,.F.);
#4248=ORIENTED_EDGE('',*,*,#3040,.T.);
#4249=ORIENTED_EDGE('',*,*,#3039,.T.);
#4250=ORIENTED_EDGE('',*,*,#3036,.F.);
#4251=ORIENTED_EDGE('',*,*,#3041,.F.);
#4252=ORIENTED_EDGE('',*,*,#2989,.F.);
#4253=ORIENTED_EDGE('',*,*,#3042,.T.);
#4254=ORIENTED_EDGE('',*,*,#3033,.F.);
#4255=ORIENTED_EDGE('',*,*,#3038,.F.);
#4256=ORIENTED_EDGE('',*,*,#2992,.F.);
#4257=ORIENTED_EDGE('',*,*,#3043,.F.);
#4258=ORIENTED_EDGE('',*,*,#2990,.F.);
#4259=ORIENTED_EDGE('',*,*,#3041,.T.);
#4260=ORIENTED_EDGE('',*,*,#3035,.F.);
#4261=ORIENTED_EDGE('',*,*,#3043,.T.);
#4262=ORIENTED_EDGE('',*,*,#3034,.F.);
#4263=ORIENTED_EDGE('',*,*,#3042,.F.);
#4264=ORIENTED_EDGE('',*,*,#2991,.F.);
#4265=ORIENTED_EDGE('',*,*,#3022,.F.);
#4266=ORIENTED_EDGE('',*,*,#3044,.F.);
#4267=ORIENTED_EDGE('',*,*,#2974,.F.);
#4268=ORIENTED_EDGE('',*,*,#3045,.T.);
#4269=ORIENTED_EDGE('',*,*,#3045,.F.);
#4270=ORIENTED_EDGE('',*,*,#2973,.F.);
#4271=ORIENTED_EDGE('',*,*,#3046,.T.);
#4272=ORIENTED_EDGE('',*,*,#3023,.F.);
#4273=ORIENTED_EDGE('',*,*,#3020,.F.);
#4274=ORIENTED_EDGE('',*,*,#3047,.F.);
#4275=ORIENTED_EDGE('',*,*,#2997,.F.);
#4276=ORIENTED_EDGE('',*,*,#3048,.T.);
#4277=ORIENTED_EDGE('',*,*,#3021,.T.);
#4278=ORIENTED_EDGE('',*,*,#3048,.F.);
#4279=ORIENTED_EDGE('',*,*,#2996,.F.);
#4280=ORIENTED_EDGE('',*,*,#3049,.T.);
#4281=ORIENTED_EDGE('',*,*,#3050,.F.);
#4282=ORIENTED_EDGE('',*,*,#3051,.F.);
#4283=ORIENTED_EDGE('',*,*,#2975,.F.);
#4284=ORIENTED_EDGE('',*,*,#3044,.T.);
#4285=ORIENTED_EDGE('',*,*,#3052,.F.);
#4286=ORIENTED_EDGE('',*,*,#3053,.F.);
#4287=ORIENTED_EDGE('',*,*,#2980,.F.);
#4288=ORIENTED_EDGE('',*,*,#3054,.T.);
#4289=ORIENTED_EDGE('',*,*,#3055,.T.);
#4290=ORIENTED_EDGE('',*,*,#3054,.F.);
#4291=ORIENTED_EDGE('',*,*,#2979,.F.);
#4292=ORIENTED_EDGE('',*,*,#3056,.T.);
#4293=ORIENTED_EDGE('',*,*,#3057,.F.);
#4294=ORIENTED_EDGE('',*,*,#3058,.F.);
#4295=ORIENTED_EDGE('',*,*,#2986,.F.);
#4296=ORIENTED_EDGE('',*,*,#3059,.T.);
#4297=ORIENTED_EDGE('',*,*,#3060,.F.);
#4298=ORIENTED_EDGE('',*,*,#3059,.F.);
#4299=ORIENTED_EDGE('',*,*,#2985,.F.);
#4300=ORIENTED_EDGE('',*,*,#3061,.T.);
#4301=ORIENTED_EDGE('',*,*,#3062,.T.);
#4302=ORIENTED_EDGE('',*,*,#3063,.T.);
#4303=ORIENTED_EDGE('',*,*,#3052,.T.);
#4304=ORIENTED_EDGE('',*,*,#3055,.F.);
#4305=ORIENTED_EDGE('',*,*,#3060,.T.);
#4306=ORIENTED_EDGE('',*,*,#3064,.T.);
#4307=ORIENTED_EDGE('',*,*,#3061,.F.);
#4308=ORIENTED_EDGE('',*,*,#2984,.F.);
#4309=ORIENTED_EDGE('',*,*,#3065,.T.);
#4310=ORIENTED_EDGE('',*,*,#3064,.F.);
#4311=ORIENTED_EDGE('',*,*,#3047,.T.);
#4312=ORIENTED_EDGE('',*,*,#3019,.F.);
#4313=ORIENTED_EDGE('',*,*,#3066,.F.);
#4314=ORIENTED_EDGE('',*,*,#2998,.F.);
#4315=ORIENTED_EDGE('',*,*,#3066,.T.);
#4316=ORIENTED_EDGE('',*,*,#3018,.F.);
#4317=ORIENTED_EDGE('',*,*,#3067,.T.);
#4318=ORIENTED_EDGE('',*,*,#3016,.F.);
#4319=ORIENTED_EDGE('',*,*,#3067,.F.);
#4320=ORIENTED_EDGE('',*,*,#3017,.F.);
#4321=ORIENTED_EDGE('',*,*,#3046,.F.);
#4322=ORIENTED_EDGE('',*,*,#2999,.F.);
#4323=ORIENTED_EDGE('',*,*,#3068,.T.);
#4324=ORIENTED_EDGE('',*,*,#3062,.F.);
#4325=ORIENTED_EDGE('',*,*,#3065,.F.);
#4326=ORIENTED_EDGE('',*,*,#2983,.F.);
#4327=ORIENTED_EDGE('',*,*,#3069,.T.);
#4328=ORIENTED_EDGE('',*,*,#3024,.F.);
#4329=ORIENTED_EDGE('',*,*,#3069,.F.);
#4330=ORIENTED_EDGE('',*,*,#2982,.F.);
#4331=ORIENTED_EDGE('',*,*,#3053,.T.);
#4332=ORIENTED_EDGE('',*,*,#3063,.F.);
#4333=ORIENTED_EDGE('',*,*,#3068,.F.);
#4334=ORIENTED_EDGE('',*,*,#2981,.F.);
#4335=ORIENTED_EDGE('',*,*,#3051,.T.);
#4336=ORIENTED_EDGE('',*,*,#3070,.F.);
#4337=ORIENTED_EDGE('',*,*,#3071,.F.);
#4338=ORIENTED_EDGE('',*,*,#2976,.F.);
#4339=ORIENTED_EDGE('',*,*,#3026,.T.);
#4340=ORIENTED_EDGE('',*,*,#3031,.T.);
#4341=ORIENTED_EDGE('',*,*,#3072,.F.);
#4342=ORIENTED_EDGE('',*,*,#3049,.F.);
#4343=ORIENTED_EDGE('',*,*,#2995,.F.);
#4344=ORIENTED_EDGE('',*,*,#3056,.F.);
#4345=ORIENTED_EDGE('',*,*,#2978,.F.);
#4346=ORIENTED_EDGE('',*,*,#3073,.T.);
#4347=ORIENTED_EDGE('',*,*,#3074,.F.);
#4348=ORIENTED_EDGE('',*,*,#3050,.T.);
#4349=ORIENTED_EDGE('',*,*,#3072,.T.);
#4350=ORIENTED_EDGE('',*,*,#3030,.T.);
#4351=ORIENTED_EDGE('',*,*,#3075,.T.);
#4352=ORIENTED_EDGE('',*,*,#3057,.T.);
#4353=ORIENTED_EDGE('',*,*,#3074,.T.);
#4354=ORIENTED_EDGE('',*,*,#3076,.T.);
#4355=ORIENTED_EDGE('',*,*,#3070,.T.);
#4356=ORIENTED_EDGE('',*,*,#2762,.T.);
#4357=ORIENTED_EDGE('',*,*,#2768,.T.);
#4358=ORIENTED_EDGE('',*,*,#3014,.T.);
#4359=ORIENTED_EDGE('',*,*,#2780,.T.);
#4360=ORIENTED_EDGE('',*,*,#2779,.T.);
#4361=ORIENTED_EDGE('',*,*,#2777,.T.);
#4362=ORIENTED_EDGE('',*,*,#2775,.T.);
#4363=ORIENTED_EDGE('',*,*,#2784,.T.);
#4364=ORIENTED_EDGE('',*,*,#3015,.T.);
#4365=ORIENTED_EDGE('',*,*,#2764,.T.);
#4366=ORIENTED_EDGE('',*,*,#2759,.T.);
#4367=ORIENTED_EDGE('',*,*,#2763,.T.);
#4368=ORIENTED_EDGE('',*,*,#3040,.F.);
#4369=ORIENTED_EDGE('',*,*,#2987,.F.);
#4370=ORIENTED_EDGE('',*,*,#3058,.T.);
#4371=ORIENTED_EDGE('',*,*,#3075,.F.);
#4372=ORIENTED_EDGE('',*,*,#3029,.F.);
#4373=ORIENTED_EDGE('',*,*,#3071,.T.);
#4374=ORIENTED_EDGE('',*,*,#3076,.F.);
#4375=ORIENTED_EDGE('',*,*,#3073,.F.);
#4376=ORIENTED_EDGE('',*,*,#2977,.F.);
#4377=ORIENTED_EDGE('',*,*,#3077,.T.);
#4378=ORIENTED_EDGE('',*,*,#3078,.F.);
#4379=ORIENTED_EDGE('',*,*,#3079,.F.);
#4380=ORIENTED_EDGE('',*,*,#3080,.F.);
#4381=ORIENTED_EDGE('',*,*,#3081,.T.);
#4382=ORIENTED_EDGE('',*,*,#3082,.T.);
#4383=ORIENTED_EDGE('',*,*,#3083,.T.);
#4384=ORIENTED_EDGE('',*,*,#3084,.T.);
#4385=ORIENTED_EDGE('',*,*,#3085,.T.);
#4386=ORIENTED_EDGE('',*,*,#3086,.T.);
#4387=ORIENTED_EDGE('',*,*,#3087,.T.);
#4388=ORIENTED_EDGE('',*,*,#3080,.T.);
#4389=ORIENTED_EDGE('',*,*,#3088,.T.);
#4390=ORIENTED_EDGE('',*,*,#3089,.F.);
#4391=ORIENTED_EDGE('',*,*,#3090,.F.);
#4392=ORIENTED_EDGE('',*,*,#3086,.F.);
#4393=ORIENTED_EDGE('',*,*,#3091,.F.);
#4394=ORIENTED_EDGE('',*,*,#3082,.F.);
#4395=ORIENTED_EDGE('',*,*,#3092,.T.);
#4396=ORIENTED_EDGE('',*,*,#3093,.F.);
#4397=ORIENTED_EDGE('',*,*,#3094,.T.);
#4398=ORIENTED_EDGE('',*,*,#3089,.T.);
#4399=ORIENTED_EDGE('',*,*,#3095,.T.);
#4400=ORIENTED_EDGE('',*,*,#3096,.T.);
#4401=ORIENTED_EDGE('',*,*,#3097,.T.);
#4402=ORIENTED_EDGE('',*,*,#3093,.T.);
#4403=ORIENTED_EDGE('',*,*,#3098,.T.);
#4404=ORIENTED_EDGE('',*,*,#3078,.T.);
#4405=ORIENTED_EDGE('',*,*,#3099,.F.);
#4406=ORIENTED_EDGE('',*,*,#3084,.F.);
#4407=ORIENTED_EDGE('',*,*,#3100,.T.);
#4408=ORIENTED_EDGE('',*,*,#3096,.F.);
#4409=ORIENTED_EDGE('',*,*,#3091,.T.);
#4410=ORIENTED_EDGE('',*,*,#3097,.F.);
#4411=ORIENTED_EDGE('',*,*,#3100,.F.);
#4412=ORIENTED_EDGE('',*,*,#3083,.F.);
#4413=ORIENTED_EDGE('',*,*,#3090,.T.);
#4414=ORIENTED_EDGE('',*,*,#3094,.F.);
#4415=ORIENTED_EDGE('',*,*,#3077,.F.);
#4416=ORIENTED_EDGE('',*,*,#3087,.F.);
#4417=ORIENTED_EDGE('',*,*,#3099,.T.);
#4418=ORIENTED_EDGE('',*,*,#3095,.F.);
#4419=ORIENTED_EDGE('',*,*,#3088,.F.);
#4420=ORIENTED_EDGE('',*,*,#3085,.F.);
#4421=ORIENTED_EDGE('',*,*,#3079,.T.);
#4422=ORIENTED_EDGE('',*,*,#3098,.F.);
#4423=ORIENTED_EDGE('',*,*,#3092,.F.);
#4424=ORIENTED_EDGE('',*,*,#3081,.F.);
#4425=CYLINDRICAL_SURFACE('',#4836,1.2);
#4426=CYLINDRICAL_SURFACE('',#4839,1.2);
#4427=CYLINDRICAL_SURFACE('',#4858,0.4);
#4428=CYLINDRICAL_SURFACE('',#4864,0.4);
#4429=CYLINDRICAL_SURFACE('',#4870,0.4);
#4430=CYLINDRICAL_SURFACE('',#4876,0.4);
#4431=CYLINDRICAL_SURFACE('',#4878,2.);
#4432=CYLINDRICAL_SURFACE('',#4881,2.);
#4433=CYLINDRICAL_SURFACE('',#4892,0.4);
#4434=CYLINDRICAL_SURFACE('',#4897,0.4);
#4435=CYLINDRICAL_SURFACE('',#4902,0.4);
#4436=CYLINDRICAL_SURFACE('',#4907,0.4);
#4437=CYLINDRICAL_SURFACE('',#4909,0.8);
#4438=CYLINDRICAL_SURFACE('',#4912,0.8);
#4439=CYLINDRICAL_SURFACE('',#4924,0.6);
#4440=CYLINDRICAL_SURFACE('',#4927,0.6);
#4441=CYLINDRICAL_SURFACE('',#4930,0.6);
#4442=CYLINDRICAL_SURFACE('',#4935,0.6);
#4443=CYLINDRICAL_SURFACE('',#4941,0.6);
#4444=CYLINDRICAL_SURFACE('',#4944,0.6);
#4445=CYLINDRICAL_SURFACE('',#4947,0.6);
#4446=CYLINDRICAL_SURFACE('',#4952,0.6);
#4447=CYLINDRICAL_SURFACE('',#4958,0.8);
#4448=CYLINDRICAL_SURFACE('',#4960,0.8);
#4449=CYLINDRICAL_SURFACE('',#4964,2.);
#4450=CYLINDRICAL_SURFACE('',#4968,2.);
#4451=CYLINDRICAL_SURFACE('',#4972,1.5);
#4452=CYLINDRICAL_SURFACE('',#4975,1.5);
#4453=CYLINDRICAL_SURFACE('',#4978,1.5);
#4454=CYLINDRICAL_SURFACE('',#4981,1.5);
#4455=CYLINDRICAL_SURFACE('',#5080,1.4);
#4456=CYLINDRICAL_SURFACE('',#5103,1.85);
#4457=CYLINDRICAL_SURFACE('',#5112,1.4);
#4458=CYLINDRICAL_SURFACE('',#5114,1.4);
#4459=CYLINDRICAL_SURFACE('',#5131,1.4);
#4460=CYLINDRICAL_SURFACE('',#5154,1.85);
#4461=CYLINDRICAL_SURFACE('',#5163,1.4);
#4462=CYLINDRICAL_SURFACE('',#5165,1.4);
#4463=CYLINDRICAL_SURFACE('',#5177,2.);
#4464=CYLINDRICAL_SURFACE('',#5181,2.);
#4465=CYLINDRICAL_SURFACE('',#5185,1.1);
#4466=CYLINDRICAL_SURFACE('',#5188,1.6);
#4467=CYLINDRICAL_SURFACE('',#5192,2.);
#4468=CYLINDRICAL_SURFACE('',#5196,1.1);
#4469=CYLINDRICAL_SURFACE('',#5199,1.6);
#4470=CYLINDRICAL_SURFACE('',#5203,2.);
#4471=CYLINDRICAL_SURFACE('',#5246,2.5);
#4472=CYLINDRICAL_SURFACE('',#5254,2.5);
#4473=CYLINDRICAL_SURFACE('',#5256,3.);
#4474=CYLINDRICAL_SURFACE('',#5257,3.);
#4475=CYLINDRICAL_SURFACE('',#5259,2.5);
#4476=CYLINDRICAL_SURFACE('',#5261,2.5);
#4477=CYLINDRICAL_SURFACE('',#5263,2.5);
#4478=CYLINDRICAL_SURFACE('',#5266,2.5);
#4479=CYLINDRICAL_SURFACE('',#5272,3.75);
#4480=CYLINDRICAL_SURFACE('',#5273,3.75);
#4481=CYLINDRICAL_SURFACE('',#5275,4.);
#4482=CYLINDRICAL_SURFACE('',#5277,4.);
#4483=CYLINDRICAL_SURFACE('',#5279,4.);
#4484=CYLINDRICAL_SURFACE('',#5283,4.);
#4485=CYLINDRICAL_SURFACE('',#5286,1.);
#4486=CYLINDRICAL_SURFACE('',#5293,1.);
#4487=CYLINDRICAL_SURFACE('',#5295,1.);
#4488=CYLINDRICAL_SURFACE('',#5299,1.);
#4489=ADVANCED_FACE('',(#355),#4425,.F.);
#4490=ADVANCED_FACE('',(#356),#4426,.F.);
#4491=ADVANCED_FACE('',(#357),#179,.T.);
#4492=ADVANCED_FACE('',(#358),#180,.T.);
#4493=ADVANCED_FACE('',(#359),#181,.T.);
#4494=ADVANCED_FACE('',(#360),#182,.T.);
#4495=ADVANCED_FACE('',(#361,#141,#142,#143),#183,.T.);
#4496=ADVANCED_FACE('',(#362,#144,#145,#146),#184,.F.);
#4497=ADVANCED_FACE('',(#363),#185,.F.);
#4498=ADVANCED_FACE('',(#364),#186,.F.);
#4499=ADVANCED_FACE('',(#365),#187,.F.);
#4500=ADVANCED_FACE('',(#366),#188,.F.);
#4501=ADVANCED_FACE('',(#367),#91,.T.);
#4502=ADVANCED_FACE('',(#368),#4427,.T.);
#4503=ADVANCED_FACE('',(#369),#92,.T.);
#4504=ADVANCED_FACE('',(#370),#4428,.T.);
#4505=ADVANCED_FACE('',(#371),#93,.T.);
#4506=ADVANCED_FACE('',(#372),#4429,.T.);
#4507=ADVANCED_FACE('',(#373),#94,.T.);
#4508=ADVANCED_FACE('',(#374),#4430,.T.);
#4509=ADVANCED_FACE('',(#375),#189,.F.);
#4510=ADVANCED_FACE('',(#376),#4431,.T.);
#4511=ADVANCED_FACE('',(#377),#190,.F.);
#4512=ADVANCED_FACE('',(#378),#4432,.T.);
#4513=ADVANCED_FACE('',(#379,#147),#191,.T.);
#4514=ADVANCED_FACE('',(#380),#95,.T.);
#4515=ADVANCED_FACE('',(#381),#4433,.T.);
#4516=ADVANCED_FACE('',(#382),#96,.T.);
#4517=ADVANCED_FACE('',(#383),#4434,.T.);
#4518=ADVANCED_FACE('',(#384),#97,.T.);
#4519=ADVANCED_FACE('',(#385),#4435,.T.);
#4520=ADVANCED_FACE('',(#386),#98,.T.);
#4521=ADVANCED_FACE('',(#387),#4436,.T.);
#4522=ADVANCED_FACE('',(#388),#192,.T.);
#4523=ADVANCED_FACE('',(#389),#4437,.F.);
#4524=ADVANCED_FACE('',(#390),#193,.T.);
#4525=ADVANCED_FACE('',(#391),#4438,.F.);
#4526=ADVANCED_FACE('',(#392),#194,.T.);
#4527=ADVANCED_FACE('',(#393),#195,.T.);
#4528=ADVANCED_FACE('',(#394),#196,.F.);
#4529=ADVANCED_FACE('',(#395),#197,.T.);
#4530=ADVANCED_FACE('',(#396),#198,.T.);
#4531=ADVANCED_FACE('',(#397),#199,.T.);
#4532=ADVANCED_FACE('',(#398),#200,.T.);
#4533=ADVANCED_FACE('',(#399),#201,.F.);
#4534=ADVANCED_FACE('',(#400),#202,.T.);
#4535=ADVANCED_FACE('',(#401),#203,.T.);
#4536=ADVANCED_FACE('',(#402),#4439,.T.);
#4537=ADVANCED_FACE('',(#403),#4440,.T.);
#4538=ADVANCED_FACE('',(#404),#4441,.T.);
#4539=ADVANCED_FACE('',(#405),#204,.F.);
#4540=ADVANCED_FACE('',(#406),#4442,.T.);
#4541=ADVANCED_FACE('',(#407),#205,.F.);
#4542=ADVANCED_FACE('',(#408),#206,.F.);
#4543=ADVANCED_FACE('',(#409),#207,.F.);
#4544=ADVANCED_FACE('',(#410),#208,.F.);
#4545=ADVANCED_FACE('',(#411),#4443,.T.);
#4546=ADVANCED_FACE('',(#412),#4444,.T.);
#4547=ADVANCED_FACE('',(#413),#4445,.T.);
#4548=ADVANCED_FACE('',(#414),#209,.F.);
#4549=ADVANCED_FACE('',(#415),#4446,.T.);
#4550=ADVANCED_FACE('',(#416),#210,.F.);
#4551=ADVANCED_FACE('',(#417),#211,.F.);
#4552=ADVANCED_FACE('',(#418),#212,.F.);
#4553=ADVANCED_FACE('',(#419),#213,.F.);
#4554=ADVANCED_FACE('',(#420),#4447,.F.);
#4555=ADVANCED_FACE('',(#421),#4448,.F.);
#4556=ADVANCED_FACE('',(#422),#214,.T.);
#4557=ADVANCED_FACE('',(#423),#215,.T.);
#4558=ADVANCED_FACE('',(#424),#4449,.T.);
#4559=ADVANCED_FACE('',(#425,#148,#149,#150,#151,#152),#216,.F.);
#4560=ADVANCED_FACE('',(#426),#4450,.T.);
#4561=ADVANCED_FACE('',(#427),#217,.F.);
#4562=ADVANCED_FACE('',(#428),#218,.F.);
#4563=ADVANCED_FACE('',(#429),#4451,.F.);
#4564=ADVANCED_FACE('',(#430),#4452,.F.);
#4565=ADVANCED_FACE('',(#431),#4453,.F.);
#4566=ADVANCED_FACE('',(#432),#4454,.F.);
#4567=ADVANCED_FACE('',(#433,#153,#154,#155,#156),#219,.T.);
#4568=ADVANCED_FACE('',(#434,#157,#158,#159,#160),#220,.F.);
#4569=ADVANCED_FACE('',(#435),#221,.F.);
#4570=ADVANCED_FACE('',(#436),#222,.F.);
#4571=ADVANCED_FACE('',(#437),#223,.F.);
#4572=ADVANCED_FACE('',(#438),#224,.F.);
#4573=ADVANCED_FACE('',(#439),#225,.T.);
#4574=ADVANCED_FACE('',(#440),#226,.F.);
#4575=ADVANCED_FACE('',(#441),#227,.F.);
#4576=ADVANCED_FACE('',(#442),#228,.F.);
#4577=ADVANCED_FACE('',(#443),#229,.F.);
#4578=ADVANCED_FACE('',(#444),#230,.F.);
#4579=ADVANCED_FACE('',(#445),#231,.T.);
#4580=ADVANCED_FACE('',(#446),#232,.F.);
#4581=ADVANCED_FACE('',(#447),#233,.F.);
#4582=ADVANCED_FACE('',(#448),#234,.F.);
#4583=ADVANCED_FACE('',(#449),#235,.F.);
#4584=ADVANCED_FACE('',(#450),#236,.F.);
#4585=ADVANCED_FACE('',(#451),#237,.T.);
#4586=ADVANCED_FACE('',(#452),#238,.F.);
#4587=ADVANCED_FACE('',(#453),#239,.F.);
#4588=ADVANCED_FACE('',(#454),#240,.F.);
#4589=ADVANCED_FACE('',(#455),#241,.F.);
#4590=ADVANCED_FACE('',(#456),#242,.F.);
#4591=ADVANCED_FACE('',(#457),#67,.T.);
#4592=ADVANCED_FACE('',(#458),#243,.T.);
#4593=ADVANCED_FACE('',(#459),#244,.T.);
#4594=ADVANCED_FACE('',(#460),#68,.T.);
#4595=ADVANCED_FACE('',(#461),#245,.T.);
#4596=ADVANCED_FACE('',(#462),#246,.T.);
#4597=ADVANCED_FACE('',(#463),#69,.T.);
#4598=ADVANCED_FACE('',(#464),#247,.T.);
#4599=ADVANCED_FACE('',(#465),#248,.T.);
#4600=ADVANCED_FACE('',(#466),#70,.T.);
#4601=ADVANCED_FACE('',(#467),#249,.T.);
#4602=ADVANCED_FACE('',(#468),#250,.T.);
#4603=ADVANCED_FACE('',(#469),#71,.T.);
#4604=ADVANCED_FACE('',(#470),#251,.T.);
#4605=ADVANCED_FACE('',(#471),#252,.T.);
#4606=ADVANCED_FACE('',(#472),#72,.T.);
#4607=ADVANCED_FACE('',(#473),#253,.T.);
#4608=ADVANCED_FACE('',(#474),#254,.T.);
#4609=ADVANCED_FACE('',(#475),#73,.T.);
#4610=ADVANCED_FACE('',(#476),#255,.T.);
#4611=ADVANCED_FACE('',(#477),#256,.T.);
#4612=ADVANCED_FACE('',(#478),#74,.T.);
#4613=ADVANCED_FACE('',(#479),#257,.T.);
#4614=ADVANCED_FACE('',(#480),#258,.T.);
#4615=ADVANCED_FACE('',(#481),#259,.T.);
#4616=ADVANCED_FACE('',(#482),#260,.F.);
#4617=ADVANCED_FACE('',(#483),#261,.F.);
#4618=ADVANCED_FACE('',(#484),#262,.F.);
#4619=ADVANCED_FACE('',(#485),#263,.F.);
#4620=ADVANCED_FACE('',(#486),#264,.F.);
#4621=ADVANCED_FACE('',(#487),#265,.F.);
#4622=ADVANCED_FACE('',(#488),#266,.F.);
#4623=ADVANCED_FACE('',(#489),#267,.T.);
#4624=ADVANCED_FACE('',(#490),#268,.F.);
#4625=ADVANCED_FACE('',(#491),#269,.F.);
#4626=ADVANCED_FACE('',(#492),#270,.F.);
#4627=ADVANCED_FACE('',(#493),#271,.F.);
#4628=ADVANCED_FACE('',(#494),#272,.F.);
#4629=ADVANCED_FACE('',(#495),#273,.F.);
#4630=ADVANCED_FACE('',(#496),#274,.F.);
#4631=ADVANCED_FACE('',(#497),#275,.F.);
#4632=ADVANCED_FACE('',(#498),#276,.T.);
#4633=ADVANCED_FACE('',(#499),#277,.T.);
#4634=ADVANCED_FACE('',(#500),#278,.T.);
#4635=ADVANCED_FACE('',(#501),#279,.T.);
#4636=ADVANCED_FACE('',(#502),#280,.F.);
#4637=ADVANCED_FACE('',(#503),#281,.T.);
#4638=ADVANCED_FACE('',(#504),#282,.T.);
#4639=ADVANCED_FACE('',(#505),#283,.T.);
#4640=ADVANCED_FACE('',(#506),#284,.T.);
#4641=ADVANCED_FACE('',(#507),#285,.T.);
#4642=ADVANCED_FACE('',(#508),#286,.F.);
#4643=ADVANCED_FACE('',(#509),#287,.T.);
#4644=ADVANCED_FACE('',(#510),#4455,.T.);
#4645=ADVANCED_FACE('',(#511),#75,.T.);
#4646=ADVANCED_FACE('',(#512),#76,.T.);
#4647=ADVANCED_FACE('',(#513),#288,.T.);
#4648=ADVANCED_FACE('',(#514),#77,.T.);
#4649=ADVANCED_FACE('',(#515),#78,.T.);
#4650=ADVANCED_FACE('',(#516),#289,.T.);
#4651=ADVANCED_FACE('',(#517),#290,.T.);
#4652=ADVANCED_FACE('',(#518),#291,.T.);
#4653=ADVANCED_FACE('',(#519),#292,.F.);
#4654=ADVANCED_FACE('',(#520),#293,.T.);
#4655=ADVANCED_FACE('',(#521),#4456,.T.);
#4656=ADVANCED_FACE('',(#522),#294,.T.);
#4657=ADVANCED_FACE('',(#523),#295,.T.);
#4658=ADVANCED_FACE('',(#524),#4457,.T.);
#4659=ADVANCED_FACE('',(#525),#4458,.T.);
#4660=ADVANCED_FACE('',(#526),#79,.T.);
#4661=ADVANCED_FACE('',(#527),#80,.T.);
#4662=ADVANCED_FACE('',(#528),#296,.T.);
#4663=ADVANCED_FACE('',(#529),#81,.T.);
#4664=ADVANCED_FACE('',(#530),#82,.T.);
#4665=ADVANCED_FACE('',(#531),#297,.T.);
#4666=ADVANCED_FACE('',(#532),#298,.T.);
#4667=ADVANCED_FACE('',(#533),#299,.F.);
#4668=ADVANCED_FACE('',(#534),#300,.T.);
#4669=ADVANCED_FACE('',(#535),#4459,.T.);
#4670=ADVANCED_FACE('',(#536),#83,.T.);
#4671=ADVANCED_FACE('',(#537),#84,.T.);
#4672=ADVANCED_FACE('',(#538),#301,.T.);
#4673=ADVANCED_FACE('',(#539),#85,.T.);
#4674=ADVANCED_FACE('',(#540),#86,.T.);
#4675=ADVANCED_FACE('',(#541),#302,.T.);
#4676=ADVANCED_FACE('',(#542),#303,.T.);
#4677=ADVANCED_FACE('',(#543),#304,.T.);
#4678=ADVANCED_FACE('',(#544),#305,.F.);
#4679=ADVANCED_FACE('',(#545),#306,.T.);
#4680=ADVANCED_FACE('',(#546),#4460,.T.);
#4681=ADVANCED_FACE('',(#547),#307,.T.);
#4682=ADVANCED_FACE('',(#548),#308,.T.);
#4683=ADVANCED_FACE('',(#549),#4461,.T.);
#4684=ADVANCED_FACE('',(#550),#4462,.T.);
#4685=ADVANCED_FACE('',(#551),#87,.T.);
#4686=ADVANCED_FACE('',(#552),#88,.T.);
#4687=ADVANCED_FACE('',(#553),#309,.T.);
#4688=ADVANCED_FACE('',(#554),#89,.T.);
#4689=ADVANCED_FACE('',(#555),#90,.T.);
#4690=ADVANCED_FACE('',(#556),#310,.T.);
#4691=ADVANCED_FACE('',(#557),#4463,.F.);
#4692=ADVANCED_FACE('',(#558,#161),#311,.F.);
#4693=ADVANCED_FACE('',(#559),#4464,.F.);
#4694=ADVANCED_FACE('',(#560,#162),#312,.F.);
#4695=ADVANCED_FACE('',(#561),#4465,.F.);
#4696=ADVANCED_FACE('',(#562),#4466,.F.);
#4697=ADVANCED_FACE('',(#563,#163),#313,.F.);
#4698=ADVANCED_FACE('',(#564),#4467,.F.);
#4699=ADVANCED_FACE('',(#565,#164),#314,.F.);
#4700=ADVANCED_FACE('',(#566),#4468,.F.);
#4701=ADVANCED_FACE('',(#567),#4469,.F.);
#4702=ADVANCED_FACE('',(#568,#165),#315,.F.);
#4703=ADVANCED_FACE('',(#569),#4470,.F.);
#4704=ADVANCED_FACE('',(#570,#166),#316,.F.);
#4705=ADVANCED_FACE('',(#571),#317,.T.);
#4706=ADVANCED_FACE('',(#572),#318,.T.);
#4707=ADVANCED_FACE('',(#573,#167),#319,.F.);
#4708=ADVANCED_FACE('',(#574,#168),#320,.F.);
#4709=ADVANCED_FACE('',(#575),#321,.T.);
#4710=ADVANCED_FACE('',(#576),#322,.T.);
#4711=ADVANCED_FACE('',(#577,#169,#170,#171),#323,.T.);
#4712=ADVANCED_FACE('',(#578),#324,.T.);
#4713=ADVANCED_FACE('',(#579),#325,.T.);
#4714=ADVANCED_FACE('',(#580),#326,.T.);
#4715=ADVANCED_FACE('',(#581),#327,.T.);
#4716=ADVANCED_FACE('',(#582),#328,.T.);
#4717=ADVANCED_FACE('',(#583),#329,.T.);
#4718=ADVANCED_FACE('',(#584),#330,.T.);
#4719=ADVANCED_FACE('',(#585),#331,.T.);
#4720=ADVANCED_FACE('',(#586,#172),#332,.T.);
#4721=ADVANCED_FACE('',(#587),#333,.F.);
#4722=ADVANCED_FACE('',(#588,#173),#334,.T.);
#4723=ADVANCED_FACE('',(#589),#4471,.F.);
#4724=ADVANCED_FACE('',(#590),#335,.F.);
#4725=ADVANCED_FACE('',(#591,#174,#175,#176,#177),#336,.F.);
#4726=ADVANCED_FACE('',(#592),#337,.F.);
#4727=ADVANCED_FACE('',(#593),#4472,.F.);
#4728=ADVANCED_FACE('',(#594),#338,.F.);
#4729=ADVANCED_FACE('',(#595),#4473,.T.);
#4730=ADVANCED_FACE('',(#596),#4474,.T.);
#4731=ADVANCED_FACE('',(#597),#339,.F.);
#4732=ADVANCED_FACE('',(#598),#4475,.F.);
#4733=ADVANCED_FACE('',(#599),#340,.F.);
#4734=ADVANCED_FACE('',(#600),#4476,.F.);
#4735=ADVANCED_FACE('',(#601),#341,.F.);
#4736=ADVANCED_FACE('',(#602),#4477,.F.);
#4737=ADVANCED_FACE('',(#603),#342,.F.);
#4738=ADVANCED_FACE('',(#604),#4478,.F.);
#4739=ADVANCED_FACE('',(#605),#343,.F.);
#4740=ADVANCED_FACE('',(#606),#344,.F.);
#4741=ADVANCED_FACE('',(#607),#345,.F.);
#4742=ADVANCED_FACE('',(#608),#4479,.T.);
#4743=ADVANCED_FACE('',(#609),#4480,.T.);
#4744=ADVANCED_FACE('',(#610),#346,.F.);
#4745=ADVANCED_FACE('',(#611),#4481,.T.);
#4746=ADVANCED_FACE('',(#612),#4482,.T.);
#4747=ADVANCED_FACE('',(#613),#4483,.T.);
#4748=ADVANCED_FACE('',(#614,#178),#347,.F.);
#4749=ADVANCED_FACE('',(#615),#4484,.T.);
#4750=ADVANCED_FACE('',(#616),#348,.F.);
#4751=ADVANCED_FACE('',(#617),#4485,.T.);
#4752=ADVANCED_FACE('',(#618),#349,.T.);
#4753=ADVANCED_FACE('',(#619),#4486,.T.);
#4754=ADVANCED_FACE('',(#620),#4487,.T.);
#4755=ADVANCED_FACE('',(#621),#350,.F.);
#4756=ADVANCED_FACE('',(#622),#4488,.T.);
#4757=ADVANCED_FACE('',(#623),#351,.F.);
#4758=ADVANCED_FACE('',(#624),#352,.F.);
#4759=ADVANCED_FACE('',(#625),#353,.F.);
#4760=ADVANCED_FACE('',(#626),#354,.F.);
#4761=CLOSED_SHELL('',(#4489,#4490,#4491,#4492,#4493,#4494,#4495,#4496,
#4497,#4498,#4499,#4500));
#4762=CLOSED_SHELL('',(#4501,#4502,#4503,#4504,#4505,#4506,#4507,#4508,
#4509,#4510,#4511,#4512,#4513,#4514,#4515,#4516,#4517,#4518,#4519,#4520,
#4521,#4522,#4523,#4524,#4525,#4526,#4527,#4528,#4529,#4530,#4531,#4532,
#4533,#4534,#4535,#4536,#4537,#4538,#4539,#4540,#4541,#4542,#4543,#4544,
#4545,#4546,#4547,#4548,#4549,#4550,#4551,#4552,#4553,#4554,#4555,#4556,
#4557,#4558,#4559,#4560,#4561,#4562));
#4763=CLOSED_SHELL('',(#4563,#4564,#4565,#4566,#4567,#4568,#4569,#4570,
#4571,#4572));
#4764=CLOSED_SHELL('',(#4573,#4574,#4575,#4576,#4577,#4578));
#4765=CLOSED_SHELL('',(#4579,#4580,#4581,#4582,#4583,#4584));
#4766=CLOSED_SHELL('',(#4585,#4586,#4587,#4588,#4589,#4590));
#4767=CLOSED_SHELL('',(#4591,#4592,#4593));
#4768=CLOSED_SHELL('',(#4594,#4595,#4596));
#4769=CLOSED_SHELL('',(#4597,#4598,#4599));
#4770=CLOSED_SHELL('',(#4600,#4601,#4602));
#4771=CLOSED_SHELL('',(#4603,#4604,#4605));
#4772=CLOSED_SHELL('',(#4606,#4607,#4608));
#4773=CLOSED_SHELL('',(#4609,#4610,#4611));
#4774=CLOSED_SHELL('',(#4612,#4613,#4614));
#4775=CLOSED_SHELL('',(#4615,#4616,#4617,#4618,#4619,#4620,#4621,#4622,
#4623,#4624,#4625,#4626,#4627,#4628,#4629,#4630,#4631,#4632,#4633,#4634,
#4635,#4636,#4637,#4638,#4639,#4640,#4641,#4642,#4643,#4644,#4645,#4646,
#4647,#4648,#4649,#4650,#4651,#4652,#4653,#4654,#4655,#4656,#4657,#4658,
#4659,#4660,#4661,#4662,#4663,#4664,#4665,#4666,#4667,#4668,#4669,#4670,
#4671,#4672,#4673,#4674,#4675,#4676,#4677,#4678,#4679,#4680,#4681,#4682,
#4683,#4684,#4685,#4686,#4687,#4688,#4689,#4690,#4691,#4692,#4693,#4694,
#4695,#4696,#4697,#4698,#4699,#4700,#4701,#4702,#4703,#4704,#4705,#4706,
#4707,#4708,#4709,#4710,#4711,#4712,#4713,#4714,#4715,#4716,#4717,#4718,
#4719,#4720,#4721,#4722,#4723,#4724,#4725,#4726,#4727,#4728,#4729,#4730,
#4731,#4732,#4733,#4734,#4735,#4736,#4737,#4738,#4739,#4740,#4741,#4742,
#4743,#4744,#4745,#4746,#4747,#4748,#4749,#4750));
#4776=CLOSED_SHELL('',(#4751,#4752,#4753,#4754,#4755,#4756,#4757,#4758,
#4759,#4760));
#4777=DERIVED_UNIT_ELEMENT(#4787,1.);
#4778=DERIVED_UNIT_ELEMENT(#8164,-3.);
#4779=DERIVED_UNIT_ELEMENT(#4787,1.);
#4780=DERIVED_UNIT_ELEMENT(#8164,-3.);
#4781=DERIVED_UNIT_ELEMENT(#4787,1.);
#4782=DERIVED_UNIT_ELEMENT(#8164,-3.);
#4783=DERIVED_UNIT_ELEMENT(#4787,1.);
#4784=DERIVED_UNIT_ELEMENT(#8164,-3.);
#4785=DERIVED_UNIT_ELEMENT(#4787,1.);
#4786=DERIVED_UNIT_ELEMENT(#8164,-3.);
#4787=(
MASS_UNIT()
NAMED_UNIT(*)
SI_UNIT(.KILO.,.GRAM.)
);
#4788=DERIVED_UNIT((#4777,#4778));
#4789=DERIVED_UNIT((#4779,#4780));
#4790=DERIVED_UNIT((#4781,#4782));
#4791=DERIVED_UNIT((#4783,#4784));
#4792=DERIVED_UNIT((#4785,#4786));
#4793=MEASURE_REPRESENTATION_ITEM('density measure',
POSITIVE_RATIO_MEASURE(7850.),#4788);
#4794=MEASURE_REPRESENTATION_ITEM('density measure',
POSITIVE_RATIO_MEASURE(7850.),#4789);
#4795=MEASURE_REPRESENTATION_ITEM('density measure',
POSITIVE_RATIO_MEASURE(7850.),#4790);
#4796=MEASURE_REPRESENTATION_ITEM('density measure',
POSITIVE_RATIO_MEASURE(7850.),#4791);
#4797=MEASURE_REPRESENTATION_ITEM('density measure',
POSITIVE_RATIO_MEASURE(7850.),#4792);
#4798=PROPERTY_DEFINITION_REPRESENTATION(#4823,#4808);
#4799=PROPERTY_DEFINITION_REPRESENTATION(#4824,#4809);
#4800=PROPERTY_DEFINITION_REPRESENTATION(#4825,#4810);
#4801=PROPERTY_DEFINITION_REPRESENTATION(#4826,#4811);
#4802=PROPERTY_DEFINITION_REPRESENTATION(#4827,#4812);
#4803=PROPERTY_DEFINITION_REPRESENTATION(#4828,#4813);
#4804=PROPERTY_DEFINITION_REPRESENTATION(#4829,#4814);
#4805=PROPERTY_DEFINITION_REPRESENTATION(#4830,#4815);
#4806=PROPERTY_DEFINITION_REPRESENTATION(#4831,#4816);
#4807=PROPERTY_DEFINITION_REPRESENTATION(#4832,#4817);
#4808=REPRESENTATION('material name',(#4818),#8157);
#4809=REPRESENTATION('density',(#4793),#8157);
#4810=REPRESENTATION('material name',(#4819),#8158);
#4811=REPRESENTATION('density',(#4794),#8158);
#4812=REPRESENTATION('material name',(#4820),#8159);
#4813=REPRESENTATION('density',(#4795),#8159);
#4814=REPRESENTATION('material name',(#4821),#8160);
#4815=REPRESENTATION('density',(#4796),#8160);
#4816=REPRESENTATION('material name',(#4822),#8161);
#4817=REPRESENTATION('density',(#4797),#8161);
#4818=DESCRIPTIVE_REPRESENTATION_ITEM('Steel','Steel');
#4819=DESCRIPTIVE_REPRESENTATION_ITEM('Steel','Steel');
#4820=DESCRIPTIVE_REPRESENTATION_ITEM('Steel','Steel');
#4821=DESCRIPTIVE_REPRESENTATION_ITEM('Steel','Steel');
#4822=DESCRIPTIVE_REPRESENTATION_ITEM('Steel','Steel');
#4823=PROPERTY_DEFINITION('material property','material name',#8197);
#4824=PROPERTY_DEFINITION('material property','density of part',#8197);
#4825=PROPERTY_DEFINITION('material property','material name',#8198);
#4826=PROPERTY_DEFINITION('material property','density of part',#8198);
#4827=PROPERTY_DEFINITION('material property','material name',#8199);
#4828=PROPERTY_DEFINITION('material property','density of part',#8199);
#4829=PROPERTY_DEFINITION('material property','material name',#8200);
#4830=PROPERTY_DEFINITION('material property','density of part',#8200);
#4831=PROPERTY_DEFINITION('material property','material name',#8201);
#4832=PROPERTY_DEFINITION('material property','density of part',#8201);
#4833=AXIS2_PLACEMENT_3D('',#6702,#5310,#5311);
#4834=AXIS2_PLACEMENT_3D('',#6703,#5312,#5313);
#4835=AXIS2_PLACEMENT_3D('',#6704,#5314,#5315);
#4836=AXIS2_PLACEMENT_3D('',#6705,#5316,#5317);
#4837=AXIS2_PLACEMENT_3D('',#6707,#5318,#5319);
#4838=AXIS2_PLACEMENT_3D('',#6710,#5321,#5322);
#4839=AXIS2_PLACEMENT_3D('',#6711,#5323,#5324);
#4840=AXIS2_PLACEMENT_3D('',#6713,#5325,#5326);
#4841=AXIS2_PLACEMENT_3D('',#6716,#5328,#5329);
#4842=AXIS2_PLACEMENT_3D('',#6717,#5330,#5331);
#4843=AXIS2_PLACEMENT_3D('',#6726,#5336,#5337);
#4844=AXIS2_PLACEMENT_3D('',#6732,#5341,#5342);
#4845=AXIS2_PLACEMENT_3D('',#6738,#5346,#5347);
#4846=AXIS2_PLACEMENT_3D('',#6741,#5350,#5351);
#4847=AXIS2_PLACEMENT_3D('',#6750,#5356,#5357);
#4848=AXIS2_PLACEMENT_3D('',#6759,#5362,#5363);
#4849=AXIS2_PLACEMENT_3D('',#6762,#5366,#5367);
#4850=AXIS2_PLACEMENT_3D('',#6764,#5369,#5370);
#4851=AXIS2_PLACEMENT_3D('',#6766,#5372,#5373);
#4852=AXIS2_PLACEMENT_3D('',#6767,#5374,#5375);
#4853=AXIS2_PLACEMENT_3D('',#6768,#5376,#5377);
#4854=AXIS2_PLACEMENT_3D('',#6771,#5378,#5379);
#4855=AXIS2_PLACEMENT_3D('',#6773,#5380,#5381);
#4856=AXIS2_PLACEMENT_3D('',#6775,#5382,#5383);
#4857=AXIS2_PLACEMENT_3D('',#6776,#5384,#5385);
#4858=AXIS2_PLACEMENT_3D('',#6777,#5386,#5387);
#4859=AXIS2_PLACEMENT_3D('',#6780,#5388,#5389);
#4860=AXIS2_PLACEMENT_3D('',#6783,#5392,#5393);
#4861=AXIS2_PLACEMENT_3D('',#6786,#5394,#5395);
#4862=AXIS2_PLACEMENT_3D('',#6787,#5396,#5397);
#4863=AXIS2_PLACEMENT_3D('',#6788,#5398,#5399);
#4864=AXIS2_PLACEMENT_3D('',#6789,#5400,#5401);
#4865=AXIS2_PLACEMENT_3D('',#6792,#5402,#5403);
#4866=AXIS2_PLACEMENT_3D('',#6795,#5406,#5407);
#4867=AXIS2_PLACEMENT_3D('',#6798,#5408,#5409);
#4868=AXIS2_PLACEMENT_3D('',#6799,#5410,#5411);
#4869=AXIS2_PLACEMENT_3D('',#6800,#5412,#5413);
#4870=AXIS2_PLACEMENT_3D('',#6801,#5414,#5415);
#4871=AXIS2_PLACEMENT_3D('',#6804,#5416,#5417);
#4872=AXIS2_PLACEMENT_3D('',#6807,#5420,#5421);
#4873=AXIS2_PLACEMENT_3D('',#6810,#5422,#5423);
#4874=AXIS2_PLACEMENT_3D('',#6811,#5424,#5425);
#4875=AXIS2_PLACEMENT_3D('',#6812,#5426,#5427);
#4876=AXIS2_PLACEMENT_3D('',#6813,#5428,#5429);
#4877=AXIS2_PLACEMENT_3D('',#6816,#5432,#5433);
#4878=AXIS2_PLACEMENT_3D('',#6822,#5437,#5438);
#4879=AXIS2_PLACEMENT_3D('',#6825,#5440,#5441);
#4880=AXIS2_PLACEMENT_3D('',#6826,#5442,#5443);
#4881=AXIS2_PLACEMENT_3D('',#6830,#5446,#5447);
#4882=AXIS2_PLACEMENT_3D('',#6833,#5449,#5450);
#4883=AXIS2_PLACEMENT_3D('',#6834,#5451,#5452);
#4884=AXIS2_PLACEMENT_3D('',#6837,#5453,#5454);
#4885=AXIS2_PLACEMENT_3D('',#6841,#5456,#5457);
#4886=AXIS2_PLACEMENT_3D('',#6845,#5459,#5460);
#4887=AXIS2_PLACEMENT_3D('',#6849,#5462,#5463);
#4888=AXIS2_PLACEMENT_3D('',#6851,#5465,#5466);
#4889=AXIS2_PLACEMENT_3D('',#6853,#5467,#5468);
#4890=AXIS2_PLACEMENT_3D('',#6855,#5469,#5470);
#4891=AXIS2_PLACEMENT_3D('',#6856,#5471,#5472);
#4892=AXIS2_PLACEMENT_3D('',#6857,#5473,#5474);
#4893=AXIS2_PLACEMENT_3D('',#6859,#5475,#5476);
#4894=AXIS2_PLACEMENT_3D('',#6861,#5478,#5479);
#4895=AXIS2_PLACEMENT_3D('',#6863,#5480,#5481);
#4896=AXIS2_PLACEMENT_3D('',#6864,#5482,#5483);
#4897=AXIS2_PLACEMENT_3D('',#6865,#5484,#5485);
#4898=AXIS2_PLACEMENT_3D('',#6867,#5486,#5487);
#4899=AXIS2_PLACEMENT_3D('',#6869,#5489,#5490);
#4900=AXIS2_PLACEMENT_3D('',#6871,#5491,#5492);
#4901=AXIS2_PLACEMENT_3D('',#6872,#5493,#5494);
#4902=AXIS2_PLACEMENT_3D('',#6873,#5495,#5496);
#4903=AXIS2_PLACEMENT_3D('',#6875,#5497,#5498);
#4904=AXIS2_PLACEMENT_3D('',#6877,#5500,#5501);
#4905=AXIS2_PLACEMENT_3D('',#6879,#5502,#5503);
#4906=AXIS2_PLACEMENT_3D('',#6880,#5504,#5505);
#4907=AXIS2_PLACEMENT_3D('',#6881,#5506,#5507);
#4908=AXIS2_PLACEMENT_3D('',#6883,#5509,#5510);
#4909=AXIS2_PLACEMENT_3D('',#6889,#5514,#5515);
#4910=AXIS2_PLACEMENT_3D('',#6892,#5517,#5518);
#4911=AXIS2_PLACEMENT_3D('',#6893,#5519,#5520);
#4912=AXIS2_PLACEMENT_3D('',#6897,#5523,#5524);
#4913=AXIS2_PLACEMENT_3D('',#6900,#5526,#5527);
#4914=AXIS2_PLACEMENT_3D('',#6901,#5528,#5529);
#4915=AXIS2_PLACEMENT_3D('',#6910,#5534,#5535);
#4916=AXIS2_PLACEMENT_3D('',#6916,#5539,#5540);
#4917=AXIS2_PLACEMENT_3D('',#6920,#5543,#5544);
#4918=AXIS2_PLACEMENT_3D('',#6924,#5547,#5548);
#4919=AXIS2_PLACEMENT_3D('',#6926,#5550,#5551);
#4920=AXIS2_PLACEMENT_3D('',#6935,#5556,#5557);
#4921=AXIS2_PLACEMENT_3D('',#6941,#5561,#5562);
#4922=AXIS2_PLACEMENT_3D('',#6945,#5565,#5566);
#4923=AXIS2_PLACEMENT_3D('',#6949,#5569,#5570);
#4924=AXIS2_PLACEMENT_3D('',#6951,#5572,#5573);
#4925=AXIS2_PLACEMENT_3D('',#6956,#5575,#5576);
#4926=AXIS2_PLACEMENT_3D('',#6959,#5578,#5579);
#4927=AXIS2_PLACEMENT_3D('',#6960,#5580,#5581);
#4928=AXIS2_PLACEMENT_3D('',#6965,#5583,#5584);
#4929=AXIS2_PLACEMENT_3D('',#6968,#5586,#5587);
#4930=AXIS2_PLACEMENT_3D('',#6969,#5588,#5589);
#4931=AXIS2_PLACEMENT_3D('',#6974,#5591,#5592);
#4932=AXIS2_PLACEMENT_3D('',#6977,#5594,#5595);
#4933=AXIS2_PLACEMENT_3D('',#6978,#5596,#5597);
#4934=AXIS2_PLACEMENT_3D('',#6983,#5600,#5601);
#4935=AXIS2_PLACEMENT_3D('',#6986,#5604,#5605);
#4936=AXIS2_PLACEMENT_3D('',#6990,#5607,#5608);
#4937=AXIS2_PLACEMENT_3D('',#6992,#5610,#5611);
#4938=AXIS2_PLACEMENT_3D('',#6994,#5613,#5614);
#4939=AXIS2_PLACEMENT_3D('',#6996,#5616,#5617);
#4940=AXIS2_PLACEMENT_3D('',#6998,#5619,#5620);
#4941=AXIS2_PLACEMENT_3D('',#7000,#5622,#5623);
#4942=AXIS2_PLACEMENT_3D('',#7005,#5625,#5626);
#4943=AXIS2_PLACEMENT_3D('',#7008,#5628,#5629);
#4944=AXIS2_PLACEMENT_3D('',#7009,#5630,#5631);
#4945=AXIS2_PLACEMENT_3D('',#7014,#5633,#5634);
#4946=AXIS2_PLACEMENT_3D('',#7017,#5636,#5637);
#4947=AXIS2_PLACEMENT_3D('',#7018,#5638,#5639);
#4948=AXIS2_PLACEMENT_3D('',#7023,#5641,#5642);
#4949=AXIS2_PLACEMENT_3D('',#7026,#5644,#5645);
#4950=AXIS2_PLACEMENT_3D('',#7027,#5646,#5647);
#4951=AXIS2_PLACEMENT_3D('',#7032,#5650,#5651);
#4952=AXIS2_PLACEMENT_3D('',#7035,#5654,#5655);
#4953=AXIS2_PLACEMENT_3D('',#7039,#5657,#5658);
#4954=AXIS2_PLACEMENT_3D('',#7041,#5660,#5661);
#4955=AXIS2_PLACEMENT_3D('',#7043,#5663,#5664);
#4956=AXIS2_PLACEMENT_3D('',#7045,#5666,#5667);
#4957=AXIS2_PLACEMENT_3D('',#7047,#5669,#5670);
#4958=AXIS2_PLACEMENT_3D('',#7049,#5672,#5673);
#4959=AXIS2_PLACEMENT_3D('',#7053,#5675,#5676);
#4960=AXIS2_PLACEMENT_3D('',#7055,#5678,#5679);
#4961=AXIS2_PLACEMENT_3D('',#7057,#5680,#5681);
#4962=AXIS2_PLACEMENT_3D('',#7059,#5683,#5684);
#4963=AXIS2_PLACEMENT_3D('',#7061,#5686,#5687);
#4964=AXIS2_PLACEMENT_3D('',#7063,#5689,#5690);
#4965=AXIS2_PLACEMENT_3D('',#7067,#5692,#5693);
#4966=AXIS2_PLACEMENT_3D('',#7069,#5695,#5696);
#4967=AXIS2_PLACEMENT_3D('',#7073,#5699,#5700);
#4968=AXIS2_PLACEMENT_3D('',#7074,#5701,#5702);
#4969=AXIS2_PLACEMENT_3D('',#7076,#5704,#5705);
#4970=AXIS2_PLACEMENT_3D('',#7077,#5706,#5707);
#4971=AXIS2_PLACEMENT_3D('',#7078,#5708,#5709);
#4972=AXIS2_PLACEMENT_3D('',#7079,#5710,#5711);
#4973=AXIS2_PLACEMENT_3D('',#7081,#5712,#5713);
#4974=AXIS2_PLACEMENT_3D('',#7084,#5715,#5716);
#4975=AXIS2_PLACEMENT_3D('',#7085,#5717,#5718);
#4976=AXIS2_PLACEMENT_3D('',#7087,#5719,#5720);
#4977=AXIS2_PLACEMENT_3D('',#7090,#5722,#5723);
#4978=AXIS2_PLACEMENT_3D('',#7091,#5724,#5725);
#4979=AXIS2_PLACEMENT_3D('',#7093,#5726,#5727);
#4980=AXIS2_PLACEMENT_3D('',#7096,#5729,#5730);
#4981=AXIS2_PLACEMENT_3D('',#7097,#5731,#5732);
#4982=AXIS2_PLACEMENT_3D('',#7099,#5733,#5734);
#4983=AXIS2_PLACEMENT_3D('',#7102,#5736,#5737);
#4984=AXIS2_PLACEMENT_3D('',#7103,#5738,#5739);
#4985=AXIS2_PLACEMENT_3D('',#7112,#5744,#5745);
#4986=AXIS2_PLACEMENT_3D('',#7121,#5750,#5751);
#4987=AXIS2_PLACEMENT_3D('',#7124,#5754,#5755);
#4988=AXIS2_PLACEMENT_3D('',#7126,#5757,#5758);
#4989=AXIS2_PLACEMENT_3D('',#7128,#5760,#5761);
#4990=AXIS2_PLACEMENT_3D('',#7129,#5762,#5763);
#4991=AXIS2_PLACEMENT_3D('',#7138,#5768,#5769);
#4992=AXIS2_PLACEMENT_3D('',#7147,#5774,#5775);
#4993=AXIS2_PLACEMENT_3D('',#7150,#5778,#5779);
#4994=AXIS2_PLACEMENT_3D('',#7152,#5781,#5782);
#4995=AXIS2_PLACEMENT_3D('',#7154,#5784,#5785);
#4996=AXIS2_PLACEMENT_3D('',#7155,#5786,#5787);
#4997=AXIS2_PLACEMENT_3D('',#7164,#5792,#5793);
#4998=AXIS2_PLACEMENT_3D('',#7173,#5798,#5799);
#4999=AXIS2_PLACEMENT_3D('',#7176,#5802,#5803);
#5000=AXIS2_PLACEMENT_3D('',#7178,#5805,#5806);
#5001=AXIS2_PLACEMENT_3D('',#7180,#5808,#5809);
#5002=AXIS2_PLACEMENT_3D('',#7181,#5810,#5811);
#5003=AXIS2_PLACEMENT_3D('',#7190,#5816,#5817);
#5004=AXIS2_PLACEMENT_3D('',#7199,#5822,#5823);
#5005=AXIS2_PLACEMENT_3D('',#7202,#5826,#5827);
#5006=AXIS2_PLACEMENT_3D('',#7204,#5829,#5830);
#5007=AXIS2_PLACEMENT_3D('',#7206,#5832,#5833);
#5008=AXIS2_PLACEMENT_3D('',#7207,#5834,#5835);
#5009=AXIS2_PLACEMENT_3D('',#7209,#5836,#5837);
#5010=AXIS2_PLACEMENT_3D('',#7212,#5839,#5840);
#5011=AXIS2_PLACEMENT_3D('',#7213,#5841,#5842);
#5012=AXIS2_PLACEMENT_3D('',#7214,#5843,#5844);
#5013=AXIS2_PLACEMENT_3D('',#7215,#5845,#5846);
#5014=AXIS2_PLACEMENT_3D('',#7217,#5847,#5848);
#5015=AXIS2_PLACEMENT_3D('',#7220,#5850,#5851);
#5016=AXIS2_PLACEMENT_3D('',#7221,#5852,#5853);
#5017=AXIS2_PLACEMENT_3D('',#7222,#5854,#5855);
#5018=AXIS2_PLACEMENT_3D('',#7223,#5856,#5857);
#5019=AXIS2_PLACEMENT_3D('',#7225,#5858,#5859);
#5020=AXIS2_PLACEMENT_3D('',#7228,#5861,#5862);
#5021=AXIS2_PLACEMENT_3D('',#7229,#5863,#5864);
#5022=AXIS2_PLACEMENT_3D('',#7230,#5865,#5866);
#5023=AXIS2_PLACEMENT_3D('',#7231,#5867,#5868);
#5024=AXIS2_PLACEMENT_3D('',#7233,#5869,#5870);
#5025=AXIS2_PLACEMENT_3D('',#7236,#5872,#5873);
#5026=AXIS2_PLACEMENT_3D('',#7237,#5874,#5875);
#5027=AXIS2_PLACEMENT_3D('',#7238,#5876,#5877);
#5028=AXIS2_PLACEMENT_3D('',#7239,#5878,#5879);
#5029=AXIS2_PLACEMENT_3D('',#7241,#5880,#5881);
#5030=AXIS2_PLACEMENT_3D('',#7244,#5883,#5884);
#5031=AXIS2_PLACEMENT_3D('',#7245,#5885,#5886);
#5032=AXIS2_PLACEMENT_3D('',#7246,#5887,#5888);
#5033=AXIS2_PLACEMENT_3D('',#7247,#5889,#5890);
#5034=AXIS2_PLACEMENT_3D('',#7249,#5891,#5892);
#5035=AXIS2_PLACEMENT_3D('',#7252,#5894,#5895);
#5036=AXIS2_PLACEMENT_3D('',#7253,#5896,#5897);
#5037=AXIS2_PLACEMENT_3D('',#7254,#5898,#5899);
#5038=AXIS2_PLACEMENT_3D('',#7255,#5900,#5901);
#5039=AXIS2_PLACEMENT_3D('',#7257,#5902,#5903);
#5040=AXIS2_PLACEMENT_3D('',#7260,#5905,#5906);
#5041=AXIS2_PLACEMENT_3D('',#7261,#5907,#5908);
#5042=AXIS2_PLACEMENT_3D('',#7262,#5909,#5910);
#5043=AXIS2_PLACEMENT_3D('',#7263,#5911,#5912);
#5044=AXIS2_PLACEMENT_3D('',#7265,#5913,#5914);
#5045=AXIS2_PLACEMENT_3D('',#7268,#5916,#5917);
#5046=AXIS2_PLACEMENT_3D('',#7269,#5918,#5919);
#5047=AXIS2_PLACEMENT_3D('',#7270,#5920,#5921);
#5048=AXIS2_PLACEMENT_3D('',#7271,#5922,#5923);
#5049=AXIS2_PLACEMENT_3D('',#7272,#5924,#5925);
#5050=AXIS2_PLACEMENT_3D('',#7281,#5930,#5931);
#5051=AXIS2_PLACEMENT_3D('',#7290,#5936,#5937);
#5052=AXIS2_PLACEMENT_3D('',#7301,#5944,#5945);
#5053=AXIS2_PLACEMENT_3D('',#7305,#5948,#5949);
#5054=AXIS2_PLACEMENT_3D('',#7311,#5953,#5954);
#5055=AXIS2_PLACEMENT_3D('',#7315,#5957,#5958);
#5056=AXIS2_PLACEMENT_3D('',#7317,#5960,#5961);
#5057=AXIS2_PLACEMENT_3D('',#7320,#5964,#5965);
#5058=AXIS2_PLACEMENT_3D('',#7329,#5970,#5971);
#5059=AXIS2_PLACEMENT_3D('',#7338,#5976,#5977);
#5060=AXIS2_PLACEMENT_3D('',#7349,#5984,#5985);
#5061=AXIS2_PLACEMENT_3D('',#7353,#5988,#5989);
#5062=AXIS2_PLACEMENT_3D('',#7359,#5993,#5994);
#5063=AXIS2_PLACEMENT_3D('',#7363,#5997,#5998);
#5064=AXIS2_PLACEMENT_3D('',#7365,#6000,#6001);
#5065=AXIS2_PLACEMENT_3D('',#7368,#6004,#6005);
#5066=AXIS2_PLACEMENT_3D('',#7377,#6010,#6011);
#5067=AXIS2_PLACEMENT_3D('',#7383,#6015,#6016);
#5068=AXIS2_PLACEMENT_3D('',#7389,#6020,#6021);
#5069=AXIS2_PLACEMENT_3D('',#7391,#6023,#6024);
#5070=AXIS2_PLACEMENT_3D('',#7401,#6030,#6031);
#5071=AXIS2_PLACEMENT_3D('',#7410,#6036,#6037);
#5072=AXIS2_PLACEMENT_3D('',#7416,#6041,#6042);
#5073=AXIS2_PLACEMENT_3D('',#7420,#6045,#6046);
#5074=AXIS2_PLACEMENT_3D('',#7424,#6049,#6050);
#5075=AXIS2_PLACEMENT_3D('',#7434,#6056,#6057);
#5076=AXIS2_PLACEMENT_3D('',#7459,#6062,#6063);
#5077=AXIS2_PLACEMENT_3D('',#7461,#6064,#6065);
#5078=AXIS2_PLACEMENT_3D('',#7464,#6067,#6068);
#5079=AXIS2_PLACEMENT_3D('',#7465,#6069,#6070);
#5080=AXIS2_PLACEMENT_3D('',#7487,#6074,#6075);
#5081=AXIS2_PLACEMENT_3D('',#7490,#6076,#6077);
#5082=AXIS2_PLACEMENT_3D('',#7492,#6078,#6079);
#5083=AXIS2_PLACEMENT_3D('',#7493,#6080,#6081);
#5084=AXIS2_PLACEMENT_3D('',#7496,#6083,#6084);
#5085=AXIS2_PLACEMENT_3D('',#7497,#6085,#6086);
#5086=AXIS2_PLACEMENT_3D('',#7498,#6087,#6088);
#5087=AXIS2_PLACEMENT_3D('',#7499,#6089,#6090);
#5088=AXIS2_PLACEMENT_3D('',#7500,#6091,#6092);
#5089=AXIS2_PLACEMENT_3D('',#7501,#6093,#6094);
#5090=AXIS2_PLACEMENT_3D('',#7502,#6095,#6096);
#5091=AXIS2_PLACEMENT_3D('',#7503,#6097,#6098);
#5092=AXIS2_PLACEMENT_3D('',#7504,#6099,#6100);
#5093=AXIS2_PLACEMENT_3D('',#7505,#6101,#6102);
#5094=AXIS2_PLACEMENT_3D('',#7506,#6103,#6104);
#5095=AXIS2_PLACEMENT_3D('',#7507,#6105,#6106);
#5096=AXIS2_PLACEMENT_3D('',#7508,#6107,#6108);
#5097=AXIS2_PLACEMENT_3D('',#7509,#6109,#6110);
#5098=AXIS2_PLACEMENT_3D('',#7511,#6112,#6113);
#5099=AXIS2_PLACEMENT_3D('',#7544,#6122,#6123);
#5100=AXIS2_PLACEMENT_3D('',#7546,#6124,#6125);
#5101=AXIS2_PLACEMENT_3D('',#7549,#6127,#6128);
#5102=AXIS2_PLACEMENT_3D('',#7550,#6129,#6130);
#5103=AXIS2_PLACEMENT_3D('',#7580,#6138,#6139);
#5104=AXIS2_PLACEMENT_3D('',#7582,#6140,#6141);
#5105=AXIS2_PLACEMENT_3D('',#7585,#6143,#6144);
#5106=AXIS2_PLACEMENT_3D('',#7586,#6145,#6146);
#5107=AXIS2_PLACEMENT_3D('',#7587,#6147,#6148);
#5108=AXIS2_PLACEMENT_3D('',#7588,#6149,#6150);
#5109=AXIS2_PLACEMENT_3D('',#7589,#6151,#6152);
#5110=AXIS2_PLACEMENT_3D('',#7590,#6153,#6154);
#5111=AXIS2_PLACEMENT_3D('',#7591,#6155,#6156);
#5112=AXIS2_PLACEMENT_3D('',#7592,#6157,#6158);
#5113=AXIS2_PLACEMENT_3D('',#7593,#6159,#6160);
#5114=AXIS2_PLACEMENT_3D('',#7594,#6161,#6162);
#5115=AXIS2_PLACEMENT_3D('',#7595,#6163,#6164);
#5116=AXIS2_PLACEMENT_3D('',#7596,#6165,#6166);
#5117=AXIS2_PLACEMENT_3D('',#7597,#6167,#6168);
#5118=AXIS2_PLACEMENT_3D('',#7598,#6169,#6170);
#5119=AXIS2_PLACEMENT_3D('',#7599,#6171,#6172);
#5120=AXIS2_PLACEMENT_3D('',#7600,#6173,#6174);
#5121=AXIS2_PLACEMENT_3D('',#7601,#6175,#6176);
#5122=AXIS2_PLACEMENT_3D('',#7602,#6177,#6178);
#5123=AXIS2_PLACEMENT_3D('',#7603,#6179,#6180);
#5124=AXIS2_PLACEMENT_3D('',#7604,#6181,#6182);
#5125=AXIS2_PLACEMENT_3D('',#7605,#6183,#6184);
#5126=AXIS2_PLACEMENT_3D('',#7606,#6185,#6186);
#5127=AXIS2_PLACEMENT_3D('',#7631,#6191,#6192);
#5128=AXIS2_PLACEMENT_3D('',#7633,#6193,#6194);
#5129=AXIS2_PLACEMENT_3D('',#7636,#6196,#6197);
#5130=AXIS2_PLACEMENT_3D('',#7637,#6198,#6199);
#5131=AXIS2_PLACEMENT_3D('',#7659,#6203,#6204);
#5132=AXIS2_PLACEMENT_3D('',#7662,#6205,#6206);
#5133=AXIS2_PLACEMENT_3D('',#7664,#6207,#6208);
#5134=AXIS2_PLACEMENT_3D('',#7665,#6209,#6210);
#5135=AXIS2_PLACEMENT_3D('',#7668,#6212,#6213);
#5136=AXIS2_PLACEMENT_3D('',#7669,#6214,#6215);
#5137=AXIS2_PLACEMENT_3D('',#7670,#6216,#6217);
#5138=AXIS2_PLACEMENT_3D('',#7671,#6218,#6219);
#5139=AXIS2_PLACEMENT_3D('',#7672,#6220,#6221);
#5140=AXIS2_PLACEMENT_3D('',#7673,#6222,#6223);
#5141=AXIS2_PLACEMENT_3D('',#7674,#6224,#6225);
#5142=AXIS2_PLACEMENT_3D('',#7675,#6226,#6227);
#5143=AXIS2_PLACEMENT_3D('',#7676,#6228,#6229);
#5144=AXIS2_PLACEMENT_3D('',#7677,#6230,#6231);
#5145=AXIS2_PLACEMENT_3D('',#7678,#6232,#6233);
#5146=AXIS2_PLACEMENT_3D('',#7679,#6234,#6235);
#5147=AXIS2_PLACEMENT_3D('',#7680,#6236,#6237);
#5148=AXIS2_PLACEMENT_3D('',#7681,#6238,#6239);
#5149=AXIS2_PLACEMENT_3D('',#7683,#6241,#6242);
#5150=AXIS2_PLACEMENT_3D('',#7716,#6251,#6252);
#5151=AXIS2_PLACEMENT_3D('',#7718,#6253,#6254);
#5152=AXIS2_PLACEMENT_3D('',#7721,#6256,#6257);
#5153=AXIS2_PLACEMENT_3D('',#7722,#6258,#6259);
#5154=AXIS2_PLACEMENT_3D('',#7752,#6267,#6268);
#5155=AXIS2_PLACEMENT_3D('',#7754,#6269,#6270);
#5156=AXIS2_PLACEMENT_3D('',#7757,#6272,#6273);
#5157=AXIS2_PLACEMENT_3D('',#7758,#6274,#6275);
#5158=AXIS2_PLACEMENT_3D('',#7759,#6276,#6277);
#5159=AXIS2_PLACEMENT_3D('',#7760,#6278,#6279);
#5160=AXIS2_PLACEMENT_3D('',#7761,#6280,#6281);
#5161=AXIS2_PLACEMENT_3D('',#7762,#6282,#6283);
#5162=AXIS2_PLACEMENT_3D('',#7763,#6284,#6285);
#5163=AXIS2_PLACEMENT_3D('',#7764,#6286,#6287);
#5164=AXIS2_PLACEMENT_3D('',#7765,#6288,#6289);
#5165=AXIS2_PLACEMENT_3D('',#7766,#6290,#6291);
#5166=AXIS2_PLACEMENT_3D('',#7767,#6292,#6293);
#5167=AXIS2_PLACEMENT_3D('',#7768,#6294,#6295);
#5168=AXIS2_PLACEMENT_3D('',#7769,#6296,#6297);
#5169=AXIS2_PLACEMENT_3D('',#7770,#6298,#6299);
#5170=AXIS2_PLACEMENT_3D('',#7771,#6300,#6301);
#5171=AXIS2_PLACEMENT_3D('',#7772,#6302,#6303);
#5172=AXIS2_PLACEMENT_3D('',#7773,#6304,#6305);
#5173=AXIS2_PLACEMENT_3D('',#7774,#6306,#6307);
#5174=AXIS2_PLACEMENT_3D('',#7775,#6308,#6309);
#5175=AXIS2_PLACEMENT_3D('',#7776,#6310,#6311);
#5176=AXIS2_PLACEMENT_3D('',#7777,#6312,#6313);
#5177=AXIS2_PLACEMENT_3D('',#7778,#6314,#6315);
#5178=AXIS2_PLACEMENT_3D('',#7780,#6316,#6317);
#5179=AXIS2_PLACEMENT_3D('',#7783,#6319,#6320);
#5180=AXIS2_PLACEMENT_3D('',#7784,#6321,#6322);
#5181=AXIS2_PLACEMENT_3D('',#7785,#6323,#6324);
#5182=AXIS2_PLACEMENT_3D('',#7787,#6325,#6326);
#5183=AXIS2_PLACEMENT_3D('',#7790,#6328,#6329);
#5184=AXIS2_PLACEMENT_3D('',#7791,#6330,#6331);
#5185=AXIS2_PLACEMENT_3D('',#7792,#6332,#6333);
#5186=AXIS2_PLACEMENT_3D('',#7794,#6334,#6335);
#5187=AXIS2_PLACEMENT_3D('',#7797,#6337,#6338);
#5188=AXIS2_PLACEMENT_3D('',#7798,#6339,#6340);
#5189=AXIS2_PLACEMENT_3D('',#7800,#6341,#6342);
#5190=AXIS2_PLACEMENT_3D('',#7803,#6344,#6345);
#5191=AXIS2_PLACEMENT_3D('',#7804,#6346,#6347);
#5192=AXIS2_PLACEMENT_3D('',#7805,#6348,#6349);
#5193=AXIS2_PLACEMENT_3D('',#7807,#6350,#6351);
#5194=AXIS2_PLACEMENT_3D('',#7810,#6353,#6354);
#5195=AXIS2_PLACEMENT_3D('',#7811,#6355,#6356);
#5196=AXIS2_PLACEMENT_3D('',#7812,#6357,#6358);
#5197=AXIS2_PLACEMENT_3D('',#7814,#6359,#6360);
#5198=AXIS2_PLACEMENT_3D('',#7817,#6362,#6363);
#5199=AXIS2_PLACEMENT_3D('',#7818,#6364,#6365);
#5200=AXIS2_PLACEMENT_3D('',#7820,#6366,#6367);
#5201=AXIS2_PLACEMENT_3D('',#7823,#6369,#6370);
#5202=AXIS2_PLACEMENT_3D('',#7824,#6371,#6372);
#5203=AXIS2_PLACEMENT_3D('',#7825,#6373,#6374);
#5204=AXIS2_PLACEMENT_3D('',#7827,#6375,#6376);
#5205=AXIS2_PLACEMENT_3D('',#7830,#6378,#6379);
#5206=AXIS2_PLACEMENT_3D('',#7831,#6380,#6381);
#5207=AXIS2_PLACEMENT_3D('',#7832,#6382,#6383);
#5208=AXIS2_PLACEMENT_3D('',#7841,#6388,#6389);
#5209=AXIS2_PLACEMENT_3D('',#7850,#6394,#6395);
#5210=AXIS2_PLACEMENT_3D('',#7862,#6403,#6404);
#5211=AXIS2_PLACEMENT_3D('',#7874,#6412,#6413);
#5212=AXIS2_PLACEMENT_3D('',#7878,#6416,#6417);
#5213=AXIS2_PLACEMENT_3D('',#7882,#6420,#6421);
#5214=AXIS2_PLACEMENT_3D('',#7887,#6423,#6424);
#5215=AXIS2_PLACEMENT_3D('',#7891,#6426,#6427);
#5216=AXIS2_PLACEMENT_3D('',#7895,#6429,#6430);
#5217=AXIS2_PLACEMENT_3D('',#7899,#6432,#6433);
#5218=AXIS2_PLACEMENT_3D('',#7903,#6435,#6436);
#5219=AXIS2_PLACEMENT_3D('',#7905,#6437,#6438);
#5220=AXIS2_PLACEMENT_3D('',#7909,#6440,#6441);
#5221=AXIS2_PLACEMENT_3D('',#7913,#6443,#6444);
#5222=AXIS2_PLACEMENT_3D('',#7915,#6445,#6446);
#5223=AXIS2_PLACEMENT_3D('',#7919,#6448,#6449);
#5224=AXIS2_PLACEMENT_3D('',#7923,#6451,#6452);
#5225=AXIS2_PLACEMENT_3D('',#7927,#6454,#6455);
#5226=AXIS2_PLACEMENT_3D('',#7929,#6456,#6457);
#5227=AXIS2_PLACEMENT_3D('',#7933,#6459,#6460);
#5228=AXIS2_PLACEMENT_3D('',#7936,#6462,#6463);
#5229=AXIS2_PLACEMENT_3D('',#7951,#6472,#6473);
#5230=AXIS2_PLACEMENT_3D('',#7954,#6476,#6477);
#5231=AXIS2_PLACEMENT_3D('',#7957,#6480,#6481);
#5232=AXIS2_PLACEMENT_3D('',#7959,#6483,#6484);
#5233=AXIS2_PLACEMENT_3D('',#7960,#6485,#6486);
#5234=AXIS2_PLACEMENT_3D('',#7962,#6488,#6489);
#5235=AXIS2_PLACEMENT_3D('',#7963,#6490,#6491);
#5236=AXIS2_PLACEMENT_3D('',#7965,#6493,#6494);
#5237=AXIS2_PLACEMENT_3D('',#7967,#6496,#6497);
#5238=AXIS2_PLACEMENT_3D('',#7969,#6498,#6499);
#5239=AXIS2_PLACEMENT_3D('',#7970,#6500,#6501);
#5240=AXIS2_PLACEMENT_3D('',#7973,#6502,#6503);
#5241=AXIS2_PLACEMENT_3D('',#7975,#6504,#6505);
#5242=AXIS2_PLACEMENT_3D('',#7979,#6507,#6508);
#5243=AXIS2_PLACEMENT_3D('',#7983,#6510,#6511);
#5244=AXIS2_PLACEMENT_3D('',#7985,#6513,#6514);
#5245=AXIS2_PLACEMENT_3D('',#7987,#6515,#6516);
#5246=AXIS2_PLACEMENT_3D('',#7988,#6517,#6518);
#5247=AXIS2_PLACEMENT_3D('',#7991,#6519,#6520);
#5248=AXIS2_PLACEMENT_3D('',#7994,#6523,#6524);
#5249=AXIS2_PLACEMENT_3D('',#8002,#6529,#6530);
#5250=AXIS2_PLACEMENT_3D('',#8006,#6532,#6533);
#5251=AXIS2_PLACEMENT_3D('',#8010,#6535,#6536);
#5252=AXIS2_PLACEMENT_3D('',#8013,#6538,#6539);
#5253=AXIS2_PLACEMENT_3D('',#8014,#6540,#6541);
#5254=AXIS2_PLACEMENT_3D('',#8016,#6543,#6544);
#5255=AXIS2_PLACEMENT_3D('',#8019,#6547,#6548);
#5256=AXIS2_PLACEMENT_3D('',#8021,#6550,#6551);
#5257=AXIS2_PLACEMENT_3D('',#8023,#6553,#6554);
#5258=AXIS2_PLACEMENT_3D('',#8025,#6556,#6557);
#5259=AXIS2_PLACEMENT_3D('',#8026,#6558,#6559);
#5260=AXIS2_PLACEMENT_3D('',#8029,#6562,#6563);
#5261=AXIS2_PLACEMENT_3D('',#8031,#6565,#6566);
#5262=AXIS2_PLACEMENT_3D('',#8034,#6569,#6570);
#5263=AXIS2_PLACEMENT_3D('',#8040,#6574,#6575);
#5264=AXIS2_PLACEMENT_3D('',#8043,#6576,#6577);
#5265=AXIS2_PLACEMENT_3D('',#8046,#6580,#6581);
#5266=AXIS2_PLACEMENT_3D('',#8055,#6587,#6588);
#5267=AXIS2_PLACEMENT_3D('',#8057,#6589,#6590);
#5268=AXIS2_PLACEMENT_3D('',#8059,#6592,#6593);
#5269=AXIS2_PLACEMENT_3D('',#8062,#6594,#6595);
#5270=AXIS2_PLACEMENT_3D('',#8065,#6598,#6599);
#5271=AXIS2_PLACEMENT_3D('',#8067,#6601,#6602);
#5272=AXIS2_PLACEMENT_3D('',#8069,#6604,#6605);
#5273=AXIS2_PLACEMENT_3D('',#8071,#6607,#6608);
#5274=AXIS2_PLACEMENT_3D('',#8074,#6611,#6612);
#5275=AXIS2_PLACEMENT_3D('',#8075,#6613,#6614);
#5276=AXIS2_PLACEMENT_3D('',#8077,#6615,#6616);
#5277=AXIS2_PLACEMENT_3D('',#8079,#6618,#6619);
#5278=AXIS2_PLACEMENT_3D('',#8080,#6620,#6621);
#5279=AXIS2_PLACEMENT_3D('',#8081,#6622,#6623);
#5280=AXIS2_PLACEMENT_3D('',#8084,#6625,#6626);
#5281=AXIS2_PLACEMENT_3D('',#8085,#6627,#6628);
#5282=AXIS2_PLACEMENT_3D('',#8086,#6629,#6630);
#5283=AXIS2_PLACEMENT_3D('',#8088,#6632,#6633);
#5284=AXIS2_PLACEMENT_3D('',#8089,#6634,#6635);
#5285=AXIS2_PLACEMENT_3D('',#8090,#6636,#6637);
#5286=AXIS2_PLACEMENT_3D('',#8091,#6638,#6639);
#5287=AXIS2_PLACEMENT_3D('',#8096,#6641,#6642);
#5288=AXIS2_PLACEMENT_3D('',#8099,#6644,#6645);
#5289=AXIS2_PLACEMENT_3D('',#8100,#6646,#6647);
#5290=AXIS2_PLACEMENT_3D('',#8104,#6649,#6650);
#5291=AXIS2_PLACEMENT_3D('',#8108,#6652,#6653);
#5292=AXIS2_PLACEMENT_3D('',#8112,#6655,#6656);
#5293=AXIS2_PLACEMENT_3D('',#8114,#6658,#6659);
#5294=AXIS2_PLACEMENT_3D('',#8118,#6661,#6662);
#5295=AXIS2_PLACEMENT_3D('',#8120,#6664,#6665);
#5296=AXIS2_PLACEMENT_3D('',#8125,#6668,#6669);
#5297=AXIS2_PLACEMENT_3D('',#8126,#6670,#6671);
#5298=AXIS2_PLACEMENT_3D('',#8131,#6674,#6675);
#5299=AXIS2_PLACEMENT_3D('',#8134,#6678,#6679);
#5300=AXIS2_PLACEMENT_3D('',#8137,#6682,#6683);
#5301=AXIS2_PLACEMENT_3D('',#8138,#6684,#6685);
#5302=AXIS2_PLACEMENT_3D('',#8139,#6686,#6687);
#5303=AXIS2_PLACEMENT_3D('',#8140,#6688,#6689);
#5304=AXIS2_PLACEMENT_3D('',#8141,#6690,#6691);
#5305=AXIS2_PLACEMENT_3D('',#8142,#6692,#6693);
#5306=AXIS2_PLACEMENT_3D('',#8143,#6694,#6695);
#5307=AXIS2_PLACEMENT_3D('',#8144,#6696,#6697);
#5308=AXIS2_PLACEMENT_3D('',#8145,#6698,#6699);
#5309=AXIS2_PLACEMENT_3D('',#8146,#6700,#6701);
#5310=DIRECTION('axis',(0.,0.,1.));
#5311=DIRECTION('refdir',(1.,0.,0.));
#5312=DIRECTION('axis',(0.,0.,1.));
#5313=DIRECTION('refdir',(1.,0.,0.));
#5314=DIRECTION('axis',(0.,0.,1.));
#5315=DIRECTION('refdir',(1.,0.,0.));
#5316=DIRECTION('center_axis',(0.,0.,1.));
#5317=DIRECTION('ref_axis',(1.,0.,0.));
#5318=DIRECTION('center_axis',(0.,0.,1.));
#5319=DIRECTION('ref_axis',(1.,0.,0.));
#5320=DIRECTION('',(0.,0.,1.));
#5321=DIRECTION('center_axis',(0.,0.,-1.));
#5322=DIRECTION('ref_axis',(1.,0.,0.));
#5323=DIRECTION('center_axis',(0.,0.,1.));
#5324=DIRECTION('ref_axis',(1.,0.,0.));
#5325=DIRECTION('center_axis',(0.,0.,1.));
#5326=DIRECTION('ref_axis',(1.,0.,0.));
#5327=DIRECTION('',(0.,0.,1.));
#5328=DIRECTION('center_axis',(0.,0.,-1.));
#5329=DIRECTION('ref_axis',(1.,0.,0.));
#5330=DIRECTION('center_axis',(0.,-1.,0.));
#5331=DIRECTION('ref_axis',(0.,0.,-1.));
#5332=DIRECTION('',(1.,0.,0.));
#5333=DIRECTION('',(0.,0.,-1.));
#5334=DIRECTION('',(-1.,0.,0.));
#5335=DIRECTION('',(0.,0.,-1.));
#5336=DIRECTION('center_axis',(-1.,0.,0.));
#5337=DIRECTION('ref_axis',(0.,0.,1.));
#5338=DIRECTION('',(0.,-1.,0.));
#5339=DIRECTION('',(0.,1.,0.));
#5340=DIRECTION('',(0.,0.,-1.));
#5341=DIRECTION('center_axis',(0.,1.,0.));
#5342=DIRECTION('ref_axis',(0.,0.,1.));
#5343=DIRECTION('',(-1.,0.,0.));
#5344=DIRECTION('',(1.,0.,0.));
#5345=DIRECTION('',(0.,0.,-1.));
#5346=DIRECTION('center_axis',(1.,0.,0.));
#5347=DIRECTION('ref_axis',(0.,0.,-1.));
#5348=DIRECTION('',(0.,1.,0.));
#5349=DIRECTION('',(0.,-1.,0.));
#5350=DIRECTION('center_axis',(0.,0.,1.));
#5351=DIRECTION('ref_axis',(1.,0.,0.));
#5352=DIRECTION('',(0.,1.,0.));
#5353=DIRECTION('',(-1.,0.,0.));
#5354=DIRECTION('',(0.,-1.,0.));
#5355=DIRECTION('',(1.,0.,0.));
#5356=DIRECTION('center_axis',(0.,0.,1.));
#5357=DIRECTION('ref_axis',(1.,0.,0.));
#5358=DIRECTION('',(0.,-1.,0.));
#5359=DIRECTION('',(-1.,0.,0.));
#5360=DIRECTION('',(0.,1.,0.));
#5361=DIRECTION('',(1.,0.,0.));
#5362=DIRECTION('center_axis',(0.,1.,0.));
#5363=DIRECTION('ref_axis',(0.,0.,1.));
#5364=DIRECTION('',(0.,0.,-1.));
#5365=DIRECTION('',(0.,0.,-1.));
#5366=DIRECTION('center_axis',(1.,0.,0.));
#5367=DIRECTION('ref_axis',(0.,0.,-1.));
#5368=DIRECTION('',(0.,0.,-1.));
#5369=DIRECTION('center_axis',(0.,-1.,0.));
#5370=DIRECTION('ref_axis',(0.,0.,-1.));
#5371=DIRECTION('',(0.,0.,-1.));
#5372=DIRECTION('center_axis',(-1.,0.,0.));
#5373=DIRECTION('ref_axis',(0.,0.,1.));
#5374=DIRECTION('axis',(0.,0.,1.));
#5375=DIRECTION('refdir',(1.,0.,0.));
#5376=DIRECTION('center_axis',(0.,0.,1.));
#5377=DIRECTION('ref_axis',(1.,0.,0.));
#5378=DIRECTION('center_axis',(-2.77555756156289E-15,1.,0.));
#5379=DIRECTION('ref_axis',(0.,0.,1.));
#5380=DIRECTION('center_axis',(0.,0.,1.));
#5381=DIRECTION('ref_axis',(0.707106781186547,0.707106781186548,0.));
#5382=DIRECTION('center_axis',(1.,0.,0.));
#5383=DIRECTION('ref_axis',(0.,1.,0.));
#5384=DIRECTION('center_axis',(0.,0.,-1.));
#5385=DIRECTION('ref_axis',(0.707106781186547,0.707106781186548,0.));
#5386=DIRECTION('center_axis',(-1.,0.,0.));
#5387=DIRECTION('ref_axis',(0.,0.707106781186548,0.707106781186548));
#5388=DIRECTION('center_axis',(1.,0.,0.));
#5389=DIRECTION('ref_axis',(0.,1.,0.));
#5390=DIRECTION('',(1.,0.,0.));
#5391=DIRECTION('',(-1.,0.,0.));
#5392=DIRECTION('center_axis',(0.,0.,1.));
#5393=DIRECTION('ref_axis',(1.,0.,0.));
#5394=DIRECTION('center_axis',(2.77555756156289E-15,1.,0.));
#5395=DIRECTION('ref_axis',(-1.,2.77555756156289E-15,0.));
#5396=DIRECTION('center_axis',(0.,0.,-1.));
#5397=DIRECTION('ref_axis',(-0.707106781186547,0.707106781186548,0.));
#5398=DIRECTION('center_axis',(0.,0.,1.));
#5399=DIRECTION('ref_axis',(-0.707106781186547,0.707106781186548,0.));
#5400=DIRECTION('center_axis',(0.,-1.,0.));
#5401=DIRECTION('ref_axis',(-0.707106781186548,0.,0.707106781186548));
#5402=DIRECTION('center_axis',(0.,1.,0.));
#5403=DIRECTION('ref_axis',(-1.,0.,0.));
#5404=DIRECTION('',(0.,1.,0.));
#5405=DIRECTION('',(0.,-1.,0.));
#5406=DIRECTION('center_axis',(0.,0.,1.));
#5407=DIRECTION('ref_axis',(1.,0.,0.));
#5408=DIRECTION('center_axis',(-1.,0.,0.));
#5409=DIRECTION('ref_axis',(0.,-1.,0.));
#5410=DIRECTION('center_axis',(0.,0.,-1.));
#5411=DIRECTION('ref_axis',(-0.707106781186547,-0.707106781186548,0.));
#5412=DIRECTION('center_axis',(0.,0.,1.));
#5413=DIRECTION('ref_axis',(-0.707106781186547,-0.707106781186548,0.));
#5414=DIRECTION('center_axis',(1.,0.,0.));
#5415=DIRECTION('ref_axis',(0.,-0.707106781186548,0.707106781186548));
#5416=DIRECTION('center_axis',(-1.,0.,0.));
#5417=DIRECTION('ref_axis',(0.,-1.,0.));
#5418=DIRECTION('',(-1.,0.,0.));
#5419=DIRECTION('',(1.,0.,0.));
#5420=DIRECTION('center_axis',(0.,0.,1.));
#5421=DIRECTION('ref_axis',(1.,0.,0.));
#5422=DIRECTION('center_axis',(-2.77555756156289E-15,-1.,0.));
#5423=DIRECTION('ref_axis',(1.,-2.77555756156289E-15,0.));
#5424=DIRECTION('center_axis',(0.,0.,-1.));
#5425=DIRECTION('ref_axis',(0.707106781186547,-0.707106781186548,0.));
#5426=DIRECTION('center_axis',(0.,0.,1.));
#5427=DIRECTION('ref_axis',(0.707106781186547,-0.707106781186548,0.));
#5428=DIRECTION('center_axis',(0.,1.,0.));
#5429=DIRECTION('ref_axis',(0.707106781186548,0.,0.707106781186548));
#5430=DIRECTION('',(0.,-1.,0.));
#5431=DIRECTION('',(0.,1.,0.));
#5432=DIRECTION('center_axis',(1.,0.,0.));
#5433=DIRECTION('ref_axis',(0.,0.,-1.));
#5434=DIRECTION('',(0.,0.,-1.));
#5435=DIRECTION('',(0.,1.,0.));
#5436=DIRECTION('',(0.,0.,-1.));
#5437=DIRECTION('center_axis',(0.,0.,1.));
#5438=DIRECTION('ref_axis',(1.,0.,0.));
#5439=DIRECTION('',(0.,0.,-1.));
#5440=DIRECTION('center_axis',(0.,0.,-1.));
#5441=DIRECTION('ref_axis',(1.,0.,0.));
#5442=DIRECTION('center_axis',(0.,-1.,0.));
#5443=DIRECTION('ref_axis',(0.,0.,-1.));
#5444=DIRECTION('',(0.,0.,-1.));
#5445=DIRECTION('',(1.,0.,0.));
#5446=DIRECTION('center_axis',(0.,0.,1.));
#5447=DIRECTION('ref_axis',(1.,0.,0.));
#5448=DIRECTION('',(0.,0.,-1.));
#5449=DIRECTION('center_axis',(0.,0.,-1.));
#5450=DIRECTION('ref_axis',(1.,0.,0.));
#5451=DIRECTION('center_axis',(0.,0.,1.));
#5452=DIRECTION('ref_axis',(1.,0.,0.));
#5453=DIRECTION('center_axis',(0.,0.,1.));
#5454=DIRECTION('ref_axis',(0.707106781186547,0.707106781186547,0.));
#5455=DIRECTION('',(0.,1.,0.));
#5456=DIRECTION('center_axis',(0.,0.,1.));
#5457=DIRECTION('ref_axis',(0.707106781186547,-0.707106781186547,0.));
#5458=DIRECTION('',(1.,0.,0.));
#5459=DIRECTION('center_axis',(0.,0.,1.));
#5460=DIRECTION('ref_axis',(-0.707106781186547,-0.707106781186547,0.));
#5461=DIRECTION('',(0.,-1.,0.));
#5462=DIRECTION('center_axis',(0.,0.,1.));
#5463=DIRECTION('ref_axis',(-0.707106781186547,0.707106781186547,0.));
#5464=DIRECTION('',(-1.,0.,0.));
#5465=DIRECTION('center_axis',(0.,0.,-1.));
#5466=DIRECTION('ref_axis',(-1.,0.,0.));
#5467=DIRECTION('center_axis',(1.,0.,0.));
#5468=DIRECTION('ref_axis',(0.,0.,1.));
#5469=DIRECTION('center_axis',(0.,0.,-1.));
#5470=DIRECTION('ref_axis',(0.707106781186548,0.707106781186548,0.));
#5471=DIRECTION('center_axis',(0.,1.,0.));
#5472=DIRECTION('ref_axis',(-1.,0.,0.));
#5473=DIRECTION('center_axis',(0.,-1.,0.));
#5474=DIRECTION('ref_axis',(-0.707106781186548,0.,0.707106781186548));
#5475=DIRECTION('center_axis',(0.,1.,0.));
#5476=DIRECTION('ref_axis',(-1.,0.,0.));
#5477=DIRECTION('',(0.,-1.,0.));
#5478=DIRECTION('center_axis',(0.,0.,-1.));
#5479=DIRECTION('ref_axis',(-1.,0.,0.));
#5480=DIRECTION('center_axis',(1.,0.,0.));
#5481=DIRECTION('ref_axis',(0.,1.,0.));
#5482=DIRECTION('center_axis',(0.,0.,-1.));
#5483=DIRECTION('ref_axis',(0.707106781186548,-0.707106781186548,0.));
#5484=DIRECTION('center_axis',(-1.,0.,0.));
#5485=DIRECTION('ref_axis',(0.,0.707106781186548,0.707106781186548));
#5486=DIRECTION('center_axis',(1.,0.,0.));
#5487=DIRECTION('ref_axis',(0.,1.,0.));
#5488=DIRECTION('',(-1.,0.,0.));
#5489=DIRECTION('center_axis',(0.,0.,-1.));
#5490=DIRECTION('ref_axis',(-1.,0.,0.));
#5491=DIRECTION('center_axis',(0.,-1.,0.));
#5492=DIRECTION('ref_axis',(1.,0.,0.));
#5493=DIRECTION('center_axis',(0.,0.,-1.));
#5494=DIRECTION('ref_axis',(-0.707106781186548,-0.707106781186548,0.));
#5495=DIRECTION('center_axis',(0.,1.,0.));
#5496=DIRECTION('ref_axis',(0.707106781186548,0.,0.707106781186548));
#5497=DIRECTION('center_axis',(0.,-1.,0.));
#5498=DIRECTION('ref_axis',(1.,0.,0.));
#5499=DIRECTION('',(0.,1.,0.));
#5500=DIRECTION('center_axis',(0.,0.,-1.));
#5501=DIRECTION('ref_axis',(-1.,0.,0.));
#5502=DIRECTION('center_axis',(-1.,0.,0.));
#5503=DIRECTION('ref_axis',(0.,-1.,0.));
#5504=DIRECTION('center_axis',(0.,0.,-1.));
#5505=DIRECTION('ref_axis',(-0.707106781186548,0.707106781186548,0.));
#5506=DIRECTION('center_axis',(1.,0.,0.));
#5507=DIRECTION('ref_axis',(0.,-0.707106781186548,0.707106781186548));
#5508=DIRECTION('',(1.,0.,0.));
#5509=DIRECTION('center_axis',(0.,1.,0.));
#5510=DIRECTION('ref_axis',(0.,0.,1.));
#5511=DIRECTION('',(0.,0.,-1.));
#5512=DIRECTION('',(1.,0.,0.));
#5513=DIRECTION('',(0.,0.,-1.));
#5514=DIRECTION('center_axis',(0.,0.,1.));
#5515=DIRECTION('ref_axis',(1.,0.,0.));
#5516=DIRECTION('',(0.,0.,-1.));
#5517=DIRECTION('center_axis',(0.,0.,1.));
#5518=DIRECTION('ref_axis',(1.,0.,0.));
#5519=DIRECTION('center_axis',(-1.,0.,0.));
#5520=DIRECTION('ref_axis',(0.,0.,1.));
#5521=DIRECTION('',(0.,0.,-1.));
#5522=DIRECTION('',(0.,1.,0.));
#5523=DIRECTION('center_axis',(0.,0.,1.));
#5524=DIRECTION('ref_axis',(1.,0.,0.));
#5525=DIRECTION('',(0.,0.,-1.));
#5526=DIRECTION('center_axis',(0.,0.,1.));
#5527=DIRECTION('ref_axis',(1.,0.,0.));
#5528=DIRECTION('center_axis',(0.,-1.,0.));
#5529=DIRECTION('ref_axis',(0.,0.,-1.));
#5530=DIRECTION('',(-1.,0.,0.));
#5531=DIRECTION('',(0.,0.,-1.));
#5532=DIRECTION('',(-1.,0.,0.));
#5533=DIRECTION('',(0.,0.,-1.));
#5534=DIRECTION('center_axis',(1.,0.,0.));
#5535=DIRECTION('ref_axis',(0.,0.,-1.));
#5536=DIRECTION('',(0.,-1.,0.));
#5537=DIRECTION('',(0.,-1.,0.));
#5538=DIRECTION('',(0.,0.,-1.));
#5539=DIRECTION('center_axis',(0.,0.,1.));
#5540=DIRECTION('ref_axis',(1.,0.,0.));
#5541=DIRECTION('',(0.,1.,0.));
#5542=DIRECTION('',(1.,0.,0.));
#5543=DIRECTION('center_axis',(0.,1.,0.));
#5544=DIRECTION('ref_axis',(0.,0.,1.));
#5545=DIRECTION('',(1.,0.,0.));
#5546=DIRECTION('',(0.,0.,-1.));
#5547=DIRECTION('center_axis',(-1.,0.,0.));
#5548=DIRECTION('ref_axis',(0.,0.,1.));
#5549=DIRECTION('',(0.,1.,0.));
#5550=DIRECTION('center_axis',(0.,-1.,0.));
#5551=DIRECTION('ref_axis',(0.,0.,-1.));
#5552=DIRECTION('',(-1.,0.,0.));
#5553=DIRECTION('',(0.,0.,-1.));
#5554=DIRECTION('',(-1.,0.,0.));
#5555=DIRECTION('',(0.,0.,-1.));
#5556=DIRECTION('center_axis',(1.,0.,0.));
#5557=DIRECTION('ref_axis',(0.,0.,-1.));
#5558=DIRECTION('',(0.,-1.,0.));
#5559=DIRECTION('',(0.,-1.,0.));
#5560=DIRECTION('',(0.,0.,-1.));
#5561=DIRECTION('center_axis',(0.,0.,1.));
#5562=DIRECTION('ref_axis',(1.,0.,0.));
#5563=DIRECTION('',(0.,1.,0.));
#5564=DIRECTION('',(1.,0.,0.));
#5565=DIRECTION('center_axis',(0.,1.,0.));
#5566=DIRECTION('ref_axis',(0.,0.,1.));
#5567=DIRECTION('',(1.,0.,0.));
#5568=DIRECTION('',(0.,0.,-1.));
#5569=DIRECTION('center_axis',(-1.,0.,0.));
#5570=DIRECTION('ref_axis',(0.,0.,1.));
#5571=DIRECTION('',(0.,1.,0.));
#5572=DIRECTION('center_axis',(0.,0.,1.));
#5573=DIRECTION('ref_axis',(1.,0.,0.));
#5574=DIRECTION('',(0.,0.,-1.));
#5575=DIRECTION('center_axis',(0.,0.,-1.));
#5576=DIRECTION('ref_axis',(1.,0.,0.));
#5577=DIRECTION('',(0.,0.,-1.));
#5578=DIRECTION('center_axis',(0.,0.,1.));
#5579=DIRECTION('ref_axis',(1.,0.,0.));
#5580=DIRECTION('center_axis',(0.,0.,1.));
#5581=DIRECTION('ref_axis',(1.,0.,0.));
#5582=DIRECTION('',(0.,0.,-1.));
#5583=DIRECTION('center_axis',(0.,0.,-1.));
#5584=DIRECTION('ref_axis',(1.,0.,0.));
#5585=DIRECTION('',(0.,0.,-1.));
#5586=DIRECTION('center_axis',(0.,0.,1.));
#5587=DIRECTION('ref_axis',(1.,0.,0.));
#5588=DIRECTION('center_axis',(0.,0.,1.));
#5589=DIRECTION('ref_axis',(1.,0.,0.));
#5590=DIRECTION('',(0.,0.,-1.));
#5591=DIRECTION('center_axis',(0.,0.,1.));
#5592=DIRECTION('ref_axis',(1.,0.,0.));
#5593=DIRECTION('',(0.,0.,-1.));
#5594=DIRECTION('center_axis',(0.,0.,-1.));
#5595=DIRECTION('ref_axis',(1.,0.,0.));
#5596=DIRECTION('center_axis',(0.,0.,1.));
#5597=DIRECTION('ref_axis',(1.,0.,0.));
#5598=DIRECTION('',(0.,-1.,0.));
#5599=DIRECTION('',(-1.,0.,0.));
#5600=DIRECTION('center_axis',(0.,0.,-1.));
#5601=DIRECTION('ref_axis',(1.,0.,0.));
#5602=DIRECTION('',(0.,1.,0.));
#5603=DIRECTION('',(1.,0.,0.));
#5604=DIRECTION('center_axis',(0.,0.,1.));
#5605=DIRECTION('ref_axis',(1.,0.,0.));
#5606=DIRECTION('',(0.,0.,-1.));
#5607=DIRECTION('center_axis',(0.,0.,1.));
#5608=DIRECTION('ref_axis',(1.,0.,0.));
#5609=DIRECTION('',(0.,0.,-1.));
#5610=DIRECTION('center_axis',(1.,0.,0.));
#5611=DIRECTION('ref_axis',(0.,0.,-1.));
#5612=DIRECTION('',(0.,-1.,0.));
#5613=DIRECTION('center_axis',(-1.,0.,0.));
#5614=DIRECTION('ref_axis',(0.,0.,1.));
#5615=DIRECTION('',(0.,1.,0.));
#5616=DIRECTION('center_axis',(0.,1.,0.));
#5617=DIRECTION('ref_axis',(0.,0.,1.));
#5618=DIRECTION('',(1.,0.,0.));
#5619=DIRECTION('center_axis',(0.,-1.,0.));
#5620=DIRECTION('ref_axis',(0.,0.,-1.));
#5621=DIRECTION('',(-1.,0.,0.));
#5622=DIRECTION('center_axis',(0.,0.,1.));
#5623=DIRECTION('ref_axis',(1.,0.,0.));
#5624=DIRECTION('',(0.,0.,-1.));
#5625=DIRECTION('center_axis',(0.,0.,-1.));
#5626=DIRECTION('ref_axis',(1.,0.,0.));
#5627=DIRECTION('',(0.,0.,-1.));
#5628=DIRECTION('center_axis',(0.,0.,1.));
#5629=DIRECTION('ref_axis',(1.,0.,0.));
#5630=DIRECTION('center_axis',(0.,0.,1.));
#5631=DIRECTION('ref_axis',(1.,0.,0.));
#5632=DIRECTION('',(0.,0.,-1.));
#5633=DIRECTION('center_axis',(0.,0.,-1.));
#5634=DIRECTION('ref_axis',(1.,0.,0.));
#5635=DIRECTION('',(0.,0.,-1.));
#5636=DIRECTION('center_axis',(0.,0.,1.));
#5637=DIRECTION('ref_axis',(1.,0.,0.));
#5638=DIRECTION('center_axis',(0.,0.,1.));
#5639=DIRECTION('ref_axis',(1.,0.,0.));
#5640=DIRECTION('',(0.,0.,-1.));
#5641=DIRECTION('center_axis',(0.,0.,1.));
#5642=DIRECTION('ref_axis',(1.,0.,0.));
#5643=DIRECTION('',(0.,0.,-1.));
#5644=DIRECTION('center_axis',(0.,0.,-1.));
#5645=DIRECTION('ref_axis',(1.,0.,0.));
#5646=DIRECTION('center_axis',(0.,0.,1.));
#5647=DIRECTION('ref_axis',(1.,0.,0.));
#5648=DIRECTION('',(0.,-1.,0.));
#5649=DIRECTION('',(-1.,0.,0.));
#5650=DIRECTION('center_axis',(0.,0.,-1.));
#5651=DIRECTION('ref_axis',(1.,0.,0.));
#5652=DIRECTION('',(0.,1.,0.));
#5653=DIRECTION('',(1.,0.,0.));
#5654=DIRECTION('center_axis',(0.,0.,1.));
#5655=DIRECTION('ref_axis',(1.,0.,0.));
#5656=DIRECTION('',(0.,0.,-1.));
#5657=DIRECTION('center_axis',(0.,0.,1.));
#5658=DIRECTION('ref_axis',(1.,0.,0.));
#5659=DIRECTION('',(0.,0.,-1.));
#5660=DIRECTION('center_axis',(1.,0.,0.));
#5661=DIRECTION('ref_axis',(0.,0.,-1.));
#5662=DIRECTION('',(0.,-1.,0.));
#5663=DIRECTION('center_axis',(-1.,0.,0.));
#5664=DIRECTION('ref_axis',(0.,0.,1.));
#5665=DIRECTION('',(0.,1.,0.));
#5666=DIRECTION('center_axis',(0.,1.,0.));
#5667=DIRECTION('ref_axis',(0.,0.,1.));
#5668=DIRECTION('',(1.,0.,0.));
#5669=DIRECTION('center_axis',(0.,-1.,0.));
#5670=DIRECTION('ref_axis',(0.,0.,-1.));
#5671=DIRECTION('',(-1.,0.,0.));
#5672=DIRECTION('center_axis',(0.,0.,1.));
#5673=DIRECTION('ref_axis',(1.,0.,0.));
#5674=DIRECTION('',(0.,0.,-1.));
#5675=DIRECTION('center_axis',(0.,0.,1.));
#5676=DIRECTION('ref_axis',(1.,0.,0.));
#5677=DIRECTION('',(0.,0.,-1.));
#5678=DIRECTION('center_axis',(0.,0.,1.));
#5679=DIRECTION('ref_axis',(1.,0.,0.));
#5680=DIRECTION('center_axis',(0.,0.,1.));
#5681=DIRECTION('ref_axis',(1.,0.,0.));
#5682=DIRECTION('',(0.,0.,-1.));
#5683=DIRECTION('center_axis',(1.,0.,0.));
#5684=DIRECTION('ref_axis',(0.,0.,-1.));
#5685=DIRECTION('',(0.,-1.,0.));
#5686=DIRECTION('center_axis',(0.,-1.,0.));
#5687=DIRECTION('ref_axis',(0.,0.,-1.));
#5688=DIRECTION('',(-1.,0.,0.));
#5689=DIRECTION('center_axis',(0.,0.,1.));
#5690=DIRECTION('ref_axis',(1.,0.,0.));
#5691=DIRECTION('',(0.,0.,-1.));
#5692=DIRECTION('center_axis',(0.,0.,-1.));
#5693=DIRECTION('ref_axis',(1.,0.,0.));
#5694=DIRECTION('',(0.,0.,-1.));
#5695=DIRECTION('center_axis',(0.,0.,1.));
#5696=DIRECTION('ref_axis',(1.,0.,0.));
#5697=DIRECTION('',(0.,-1.,0.));
#5698=DIRECTION('',(-1.,0.,0.));
#5699=DIRECTION('center_axis',(0.,0.,-1.));
#5700=DIRECTION('ref_axis',(1.,0.,0.));
#5701=DIRECTION('center_axis',(0.,0.,1.));
#5702=DIRECTION('ref_axis',(1.,0.,0.));
#5703=DIRECTION('',(0.,0.,-1.));
#5704=DIRECTION('center_axis',(-1.,0.,0.));
#5705=DIRECTION('ref_axis',(0.,0.,1.));
#5706=DIRECTION('center_axis',(0.,1.,0.));
#5707=DIRECTION('ref_axis',(0.,0.,1.));
#5708=DIRECTION('axis',(0.,0.,1.));
#5709=DIRECTION('refdir',(1.,0.,0.));
#5710=DIRECTION('center_axis',(0.,0.,1.));
#5711=DIRECTION('ref_axis',(-1.,1.22464679914735E-16,0.));
#5712=DIRECTION('center_axis',(0.,0.,1.));
#5713=DIRECTION('ref_axis',(-1.,1.22464679914735E-16,0.));
#5714=DIRECTION('',(0.,0.,1.));
#5715=DIRECTION('center_axis',(0.,0.,-1.));
#5716=DIRECTION('ref_axis',(-1.,1.22464679914735E-16,0.));
#5717=DIRECTION('center_axis',(0.,0.,1.));
#5718=DIRECTION('ref_axis',(-1.,1.22464679914735E-16,0.));
#5719=DIRECTION('center_axis',(0.,0.,1.));
#5720=DIRECTION('ref_axis',(-1.,1.22464679914735E-16,0.));
#5721=DIRECTION('',(0.,0.,1.));
#5722=DIRECTION('center_axis',(0.,0.,-1.));
#5723=DIRECTION('ref_axis',(-1.,1.22464679914735E-16,0.));
#5724=DIRECTION('center_axis',(0.,0.,1.));
#5725=DIRECTION('ref_axis',(-1.,1.22464679914735E-16,0.));
#5726=DIRECTION('center_axis',(0.,0.,1.));
#5727=DIRECTION('ref_axis',(-1.,1.22464679914735E-16,0.));
#5728=DIRECTION('',(0.,0.,1.));
#5729=DIRECTION('center_axis',(0.,0.,-1.));
#5730=DIRECTION('ref_axis',(-1.,1.22464679914735E-16,0.));
#5731=DIRECTION('center_axis',(0.,0.,1.));
#5732=DIRECTION('ref_axis',(-1.,1.22464679914735E-16,0.));
#5733=DIRECTION('center_axis',(0.,0.,1.));
#5734=DIRECTION('ref_axis',(-1.,1.22464679914735E-16,0.));
#5735=DIRECTION('',(0.,0.,1.));
#5736=DIRECTION('center_axis',(0.,0.,-1.));
#5737=DIRECTION('ref_axis',(-1.,1.22464679914735E-16,0.));
#5738=DIRECTION('center_axis',(0.,0.,1.));
#5739=DIRECTION('ref_axis',(-1.,1.22464679914735E-16,0.));
#5740=DIRECTION('',(-1.22464679914735E-16,-1.,0.));
#5741=DIRECTION('',(1.,-1.22464679914735E-16,0.));
#5742=DIRECTION('',(1.22464679914735E-16,1.,0.));
#5743=DIRECTION('',(-1.,1.22464679914735E-16,0.));
#5744=DIRECTION('center_axis',(0.,0.,1.));
#5745=DIRECTION('ref_axis',(-1.,1.22464679914735E-16,0.));
#5746=DIRECTION('',(1.22464679914735E-16,1.,0.));
#5747=DIRECTION('',(1.,-1.22464679914735E-16,0.));
#5748=DIRECTION('',(-1.22464679914735E-16,-1.,0.));
#5749=DIRECTION('',(-1.,1.22464679914735E-16,0.));
#5750=DIRECTION('center_axis',(-1.22464679914735E-16,-1.,0.));
#5751=DIRECTION('ref_axis',(0.,0.,1.));
#5752=DIRECTION('',(0.,0.,-1.));
#5753=DIRECTION('',(0.,0.,-1.));
#5754=DIRECTION('center_axis',(-1.,1.22464679914735E-16,0.));
#5755=DIRECTION('ref_axis',(0.,0.,-1.));
#5756=DIRECTION('',(0.,0.,-1.));
#5757=DIRECTION('center_axis',(1.22464679914735E-16,1.,0.));
#5758=DIRECTION('ref_axis',(0.,0.,-1.));
#5759=DIRECTION('',(0.,0.,-1.));
#5760=DIRECTION('center_axis',(1.,-1.22464679914735E-16,0.));
#5761=DIRECTION('ref_axis',(0.,0.,1.));
#5762=DIRECTION('center_axis',(0.,0.,1.));
#5763=DIRECTION('ref_axis',(-1.,1.22464679914735E-16,0.));
#5764=DIRECTION('',(-1.22464679914735E-16,-1.,0.));
#5765=DIRECTION('',(1.,-1.22464679914735E-16,0.));
#5766=DIRECTION('',(1.22464679914735E-16,1.,0.));
#5767=DIRECTION('',(-1.,1.22464679914735E-16,0.));
#5768=DIRECTION('center_axis',(0.,0.,1.));
#5769=DIRECTION('ref_axis',(-1.,1.22464679914735E-16,0.));
#5770=DIRECTION('',(1.22464679914735E-16,1.,0.));
#5771=DIRECTION('',(1.,-1.22464679914735E-16,0.));
#5772=DIRECTION('',(-1.22464679914735E-16,-1.,0.));
#5773=DIRECTION('',(-1.,1.22464679914735E-16,0.));
#5774=DIRECTION('center_axis',(-1.22464679914735E-16,-1.,0.));
#5775=DIRECTION('ref_axis',(0.,0.,1.));
#5776=DIRECTION('',(0.,0.,-1.));
#5777=DIRECTION('',(0.,0.,-1.));
#5778=DIRECTION('center_axis',(-1.,1.22464679914735E-16,0.));
#5779=DIRECTION('ref_axis',(0.,0.,-1.));
#5780=DIRECTION('',(0.,0.,-1.));
#5781=DIRECTION('center_axis',(1.22464679914735E-16,1.,0.));
#5782=DIRECTION('ref_axis',(0.,0.,-1.));
#5783=DIRECTION('',(0.,0.,-1.));
#5784=DIRECTION('center_axis',(1.,-1.22464679914735E-16,0.));
#5785=DIRECTION('ref_axis',(0.,0.,1.));
#5786=DIRECTION('center_axis',(0.,0.,1.));
#5787=DIRECTION('ref_axis',(-1.,1.22464679914735E-16,0.));
#5788=DIRECTION('',(-1.22464679914735E-16,-1.,0.));
#5789=DIRECTION('',(1.,-1.22464679914735E-16,0.));
#5790=DIRECTION('',(1.22464679914735E-16,1.,0.));
#5791=DIRECTION('',(-1.,1.22464679914735E-16,0.));
#5792=DIRECTION('center_axis',(0.,0.,1.));
#5793=DIRECTION('ref_axis',(-1.,1.22464679914735E-16,0.));
#5794=DIRECTION('',(1.22464679914735E-16,1.,0.));
#5795=DIRECTION('',(1.,-1.22464679914735E-16,0.));
#5796=DIRECTION('',(-1.22464679914735E-16,-1.,0.));
#5797=DIRECTION('',(-1.,1.22464679914735E-16,0.));
#5798=DIRECTION('center_axis',(-1.22464679914735E-16,-1.,0.));
#5799=DIRECTION('ref_axis',(0.,0.,1.));
#5800=DIRECTION('',(0.,0.,-1.));
#5801=DIRECTION('',(0.,0.,-1.));
#5802=DIRECTION('center_axis',(-1.,1.22464679914735E-16,0.));
#5803=DIRECTION('ref_axis',(0.,0.,-1.));
#5804=DIRECTION('',(0.,0.,-1.));
#5805=DIRECTION('center_axis',(1.22464679914735E-16,1.,0.));
#5806=DIRECTION('ref_axis',(0.,0.,-1.));
#5807=DIRECTION('',(0.,0.,-1.));
#5808=DIRECTION('center_axis',(1.,-1.22464679914735E-16,0.));
#5809=DIRECTION('ref_axis',(0.,0.,1.));
#5810=DIRECTION('center_axis',(0.,0.,1.));
#5811=DIRECTION('ref_axis',(-1.,1.22464679914735E-16,0.));
#5812=DIRECTION('',(-1.22464679914735E-16,-1.,0.));
#5813=DIRECTION('',(1.,-1.22464679914735E-16,0.));
#5814=DIRECTION('',(1.22464679914735E-16,1.,0.));
#5815=DIRECTION('',(-1.,1.22464679914735E-16,0.));
#5816=DIRECTION('center_axis',(0.,0.,1.));
#5817=DIRECTION('ref_axis',(-1.,1.22464679914735E-16,0.));
#5818=DIRECTION('',(1.22464679914735E-16,1.,0.));
#5819=DIRECTION('',(1.,-1.22464679914735E-16,0.));
#5820=DIRECTION('',(-1.22464679914735E-16,-1.,0.));
#5821=DIRECTION('',(-1.,1.22464679914735E-16,0.));
#5822=DIRECTION('center_axis',(-1.22464679914735E-16,-1.,0.));
#5823=DIRECTION('ref_axis',(0.,0.,1.));
#5824=DIRECTION('',(0.,0.,-1.));
#5825=DIRECTION('',(0.,0.,-1.));
#5826=DIRECTION('center_axis',(-1.,1.22464679914735E-16,0.));
#5827=DIRECTION('ref_axis',(0.,0.,-1.));
#5828=DIRECTION('',(0.,0.,-1.));
#5829=DIRECTION('center_axis',(1.22464679914735E-16,1.,0.));
#5830=DIRECTION('ref_axis',(0.,0.,-1.));
#5831=DIRECTION('',(0.,0.,-1.));
#5832=DIRECTION('center_axis',(1.,-1.22464679914735E-16,0.));
#5833=DIRECTION('ref_axis',(0.,0.,1.));
#5834=DIRECTION('center_axis',(0.,0.,-1.));
#5835=DIRECTION('ref_axis',(-1.,1.22464679914735E-16,0.));
#5836=DIRECTION('center_axis',(0.,0.,1.));
#5837=DIRECTION('ref_axis',(-1.,1.22464679914735E-16,0.));
#5838=DIRECTION('',(0.391140640344852,0.,-0.920330918458475));
#5839=DIRECTION('center_axis',(0.,0.,-1.));
#5840=DIRECTION('ref_axis',(-1.,1.22464679914735E-16,0.));
#5841=DIRECTION('center_axis',(0.,0.,-1.));
#5842=DIRECTION('ref_axis',(1.,-1.22464679914735E-16,0.));
#5843=DIRECTION('center_axis',(0.,0.,1.));
#5844=DIRECTION('ref_axis',(-1.,1.22464679914735E-16,0.));
#5845=DIRECTION('center_axis',(0.,0.,-1.));
#5846=DIRECTION('ref_axis',(-1.,1.22464679914735E-16,0.));
#5847=DIRECTION('center_axis',(0.,0.,1.));
#5848=DIRECTION('ref_axis',(-1.,1.22464679914735E-16,0.));
#5849=DIRECTION('',(0.391140640344852,0.,-0.920330918458475));
#5850=DIRECTION('center_axis',(0.,0.,-1.));
#5851=DIRECTION('ref_axis',(-1.,1.22464679914735E-16,0.));
#5852=DIRECTION('center_axis',(0.,0.,-1.));
#5853=DIRECTION('ref_axis',(1.,-1.22464679914735E-16,0.));
#5854=DIRECTION('center_axis',(0.,0.,1.));
#5855=DIRECTION('ref_axis',(-1.,1.22464679914735E-16,0.));
#5856=DIRECTION('center_axis',(0.,0.,-1.));
#5857=DIRECTION('ref_axis',(-1.,1.22464679914735E-16,0.));
#5858=DIRECTION('center_axis',(0.,0.,1.));
#5859=DIRECTION('ref_axis',(-1.,1.22464679914735E-16,0.));
#5860=DIRECTION('',(0.391140640344852,0.,-0.920330918458475));
#5861=DIRECTION('center_axis',(0.,0.,-1.));
#5862=DIRECTION('ref_axis',(-1.,1.22464679914735E-16,0.));
#5863=DIRECTION('center_axis',(0.,0.,-1.));
#5864=DIRECTION('ref_axis',(1.,-1.22464679914735E-16,0.));
#5865=DIRECTION('center_axis',(0.,0.,1.));
#5866=DIRECTION('ref_axis',(-1.,1.22464679914735E-16,0.));
#5867=DIRECTION('center_axis',(0.,0.,-1.));
#5868=DIRECTION('ref_axis',(-1.,1.22464679914735E-16,0.));
#5869=DIRECTION('center_axis',(0.,0.,1.));
#5870=DIRECTION('ref_axis',(-1.,1.22464679914735E-16,0.));
#5871=DIRECTION('',(0.391140640344852,0.,-0.920330918458475));
#5872=DIRECTION('center_axis',(0.,0.,-1.));
#5873=DIRECTION('ref_axis',(-1.,1.22464679914735E-16,0.));
#5874=DIRECTION('center_axis',(0.,0.,-1.));
#5875=DIRECTION('ref_axis',(1.,-1.22464679914735E-16,0.));
#5876=DIRECTION('center_axis',(0.,0.,1.));
#5877=DIRECTION('ref_axis',(-1.,1.22464679914735E-16,0.));
#5878=DIRECTION('center_axis',(0.,0.,-1.));
#5879=DIRECTION('ref_axis',(-1.,1.22464679914735E-16,0.));
#5880=DIRECTION('center_axis',(0.,0.,1.));
#5881=DIRECTION('ref_axis',(-1.,1.22464679914735E-16,0.));
#5882=DIRECTION('',(0.391140640344852,0.,-0.920330918458475));
#5883=DIRECTION('center_axis',(0.,0.,-1.));
#5884=DIRECTION('ref_axis',(-1.,1.22464679914735E-16,0.));
#5885=DIRECTION('center_axis',(0.,0.,-1.));
#5886=DIRECTION('ref_axis',(1.,-1.22464679914735E-16,0.));
#5887=DIRECTION('center_axis',(0.,0.,1.));
#5888=DIRECTION('ref_axis',(-1.,1.22464679914735E-16,0.));
#5889=DIRECTION('center_axis',(0.,0.,-1.));
#5890=DIRECTION('ref_axis',(-1.,1.22464679914735E-16,0.));
#5891=DIRECTION('center_axis',(0.,0.,1.));
#5892=DIRECTION('ref_axis',(-1.,1.22464679914735E-16,0.));
#5893=DIRECTION('',(0.391140640344852,0.,-0.920330918458475));
#5894=DIRECTION('center_axis',(0.,0.,-1.));
#5895=DIRECTION('ref_axis',(-1.,1.22464679914735E-16,0.));
#5896=DIRECTION('center_axis',(0.,0.,-1.));
#5897=DIRECTION('ref_axis',(1.,-1.22464679914735E-16,0.));
#5898=DIRECTION('center_axis',(0.,0.,1.));
#5899=DIRECTION('ref_axis',(-1.,1.22464679914735E-16,0.));
#5900=DIRECTION('center_axis',(0.,0.,-1.));
#5901=DIRECTION('ref_axis',(-1.,1.22464679914735E-16,0.));
#5902=DIRECTION('center_axis',(0.,0.,1.));
#5903=DIRECTION('ref_axis',(-1.,1.22464679914735E-16,0.));
#5904=DIRECTION('',(0.391140640344852,0.,-0.920330918458475));
#5905=DIRECTION('center_axis',(0.,0.,-1.));
#5906=DIRECTION('ref_axis',(-1.,1.22464679914735E-16,0.));
#5907=DIRECTION('center_axis',(0.,0.,-1.));
#5908=DIRECTION('ref_axis',(1.,-1.22464679914735E-16,0.));
#5909=DIRECTION('center_axis',(0.,0.,1.));
#5910=DIRECTION('ref_axis',(-1.,1.22464679914735E-16,0.));
#5911=DIRECTION('center_axis',(0.,0.,-1.));
#5912=DIRECTION('ref_axis',(-1.,1.22464679914735E-16,0.));
#5913=DIRECTION('center_axis',(0.,0.,1.));
#5914=DIRECTION('ref_axis',(-1.,1.22464679914735E-16,0.));
#5915=DIRECTION('',(0.391140640344852,0.,-0.920330918458475));
#5916=DIRECTION('center_axis',(0.,0.,-1.));
#5917=DIRECTION('ref_axis',(-1.,1.22464679914735E-16,0.));
#5918=DIRECTION('center_axis',(0.,0.,-1.));
#5919=DIRECTION('ref_axis',(1.,-1.22464679914735E-16,0.));
#5920=DIRECTION('center_axis',(0.,0.,1.));
#5921=DIRECTION('ref_axis',(-1.,1.22464679914735E-16,0.));
#5922=DIRECTION('axis',(0.,0.,1.));
#5923=DIRECTION('refdir',(1.,0.,0.));
#5924=DIRECTION('center_axis',(0.,0.,1.));
#5925=DIRECTION('ref_axis',(-1.,1.22464679914735E-16,0.));
#5926=DIRECTION('',(-1.,1.22464679914735E-16,0.));
#5927=DIRECTION('',(1.22464679914735E-16,1.,0.));
#5928=DIRECTION('',(1.,-1.22464679914735E-16,0.));
#5929=DIRECTION('',(-1.22464679914735E-16,-1.,0.));
#5930=DIRECTION('center_axis',(1.22464679914735E-16,1.,0.));
#5931=DIRECTION('ref_axis',(0.,0.,-1.));
#5932=DIRECTION('',(-1.,1.22464679914735E-16,0.));
#5933=DIRECTION('',(0.,0.,-1.));
#5934=DIRECTION('',(1.,-1.22464679914735E-16,0.));
#5935=DIRECTION('',(0.,0.,-1.));
#5936=DIRECTION('center_axis',(-1.,1.22464679914735E-16,0.));
#5937=DIRECTION('ref_axis',(0.,0.,-1.));
#5938=DIRECTION('',(0.,0.,-1.));
#5939=DIRECTION('',(1.22464679914735E-16,1.,0.));
#5940=DIRECTION('',(-1.22464679914735E-16,-1.,0.));
#5941=DIRECTION('',(0.,0.,-1.));
#5942=DIRECTION('',(1.22464679914735E-16,1.,0.));
#5943=DIRECTION('',(0.,0.,-1.));
#5944=DIRECTION('center_axis',(-1.22464679914735E-16,-1.,0.));
#5945=DIRECTION('ref_axis',(0.,0.,1.));
#5946=DIRECTION('',(0.,0.,-1.));
#5947=DIRECTION('',(-1.,1.22464679914735E-16,0.));
#5948=DIRECTION('center_axis',(-1.22464679914735E-16,-1.,0.));
#5949=DIRECTION('ref_axis',(0.,0.,1.));
#5950=DIRECTION('',(1.,-1.22464679914735E-16,0.));
#5951=DIRECTION('',(0.,0.,-1.));
#5952=DIRECTION('',(-1.,1.22464679914735E-16,0.));
#5953=DIRECTION('center_axis',(1.22464679914735E-16,1.,0.));
#5954=DIRECTION('ref_axis',(0.,0.,-1.));
#5955=DIRECTION('',(1.,-1.22464679914735E-16,0.));
#5956=DIRECTION('',(0.,0.,-1.));
#5957=DIRECTION('center_axis',(0.,0.,1.));
#5958=DIRECTION('ref_axis',(-1.,1.22464679914735E-16,0.));
#5959=DIRECTION('',(1.22464679914735E-16,1.,0.));
#5960=DIRECTION('center_axis',(1.,-1.22464679914735E-16,0.));
#5961=DIRECTION('ref_axis',(0.,0.,1.));
#5962=DIRECTION('',(-1.22464679914735E-16,-1.,0.));
#5963=DIRECTION('',(-1.22464679914735E-16,-1.,0.));
#5964=DIRECTION('center_axis',(0.,0.,1.));
#5965=DIRECTION('ref_axis',(-1.,1.22464679914735E-16,0.));
#5966=DIRECTION('',(-1.,1.22464679914735E-16,0.));
#5967=DIRECTION('',(1.22464679914735E-16,1.,0.));
#5968=DIRECTION('',(1.,-1.22464679914735E-16,0.));
#5969=DIRECTION('',(-1.22464679914735E-16,-1.,0.));
#5970=DIRECTION('center_axis',(1.22464679914735E-16,1.,0.));
#5971=DIRECTION('ref_axis',(0.,0.,-1.));
#5972=DIRECTION('',(-1.,1.22464679914735E-16,0.));
#5973=DIRECTION('',(0.,0.,-1.));
#5974=DIRECTION('',(1.,-1.22464679914735E-16,0.));
#5975=DIRECTION('',(0.,0.,-1.));
#5976=DIRECTION('center_axis',(-1.,1.22464679914735E-16,0.));
#5977=DIRECTION('ref_axis',(0.,0.,-1.));
#5978=DIRECTION('',(0.,0.,-1.));
#5979=DIRECTION('',(1.22464679914735E-16,1.,0.));
#5980=DIRECTION('',(-1.22464679914735E-16,-1.,0.));
#5981=DIRECTION('',(0.,0.,-1.));
#5982=DIRECTION('',(1.22464679914735E-16,1.,0.));
#5983=DIRECTION('',(0.,0.,-1.));
#5984=DIRECTION('center_axis',(-1.22464679914735E-16,-1.,0.));
#5985=DIRECTION('ref_axis',(0.,0.,1.));
#5986=DIRECTION('',(0.,0.,-1.));
#5987=DIRECTION('',(-1.,1.22464679914735E-16,0.));
#5988=DIRECTION('center_axis',(-1.22464679914735E-16,-1.,0.));
#5989=DIRECTION('ref_axis',(0.,0.,1.));
#5990=DIRECTION('',(1.,-1.22464679914735E-16,0.));
#5991=DIRECTION('',(0.,0.,-1.));
#5992=DIRECTION('',(-1.,1.22464679914735E-16,0.));
#5993=DIRECTION('center_axis',(1.22464679914735E-16,1.,0.));
#5994=DIRECTION('ref_axis',(0.,0.,-1.));
#5995=DIRECTION('',(1.,-1.22464679914735E-16,0.));
#5996=DIRECTION('',(0.,0.,-1.));
#5997=DIRECTION('center_axis',(0.,0.,1.));
#5998=DIRECTION('ref_axis',(-1.,1.22464679914735E-16,0.));
#5999=DIRECTION('',(1.22464679914735E-16,1.,0.));
#6000=DIRECTION('center_axis',(1.,-1.22464679914735E-16,0.));
#6001=DIRECTION('ref_axis',(0.,0.,1.));
#6002=DIRECTION('',(-1.22464679914735E-16,-1.,0.));
#6003=DIRECTION('',(-1.22464679914735E-16,-1.,0.));
#6004=DIRECTION('center_axis',(0.,0.,1.));
#6005=DIRECTION('ref_axis',(-1.,1.22464679914735E-16,0.));
#6006=DIRECTION('',(-1.22464679914735E-16,-1.,0.));
#6007=DIRECTION('',(-1.,1.22464679914735E-16,0.));
#6008=DIRECTION('',(1.22464679914735E-16,1.,0.));
#6009=DIRECTION('',(1.,-1.22464679914735E-16,0.));
#6010=DIRECTION('center_axis',(-1.22464679914735E-16,-1.,0.));
#6011=DIRECTION('ref_axis',(0.,0.,1.));
#6012=DIRECTION('',(0.,0.,-1.));
#6013=DIRECTION('',(0.,0.,-1.));
#6014=DIRECTION('',(-1.,1.22464679914735E-16,0.));
#6015=DIRECTION('center_axis',(1.22464679914735E-16,1.,0.));
#6016=DIRECTION('ref_axis',(0.,0.,-1.));
#6017=DIRECTION('',(0.,0.,-1.));
#6018=DIRECTION('',(0.,0.,1.));
#6019=DIRECTION('',(1.,-1.22464679914735E-16,0.));
#6020=DIRECTION('center_axis',(1.,-1.22464679914735E-16,0.));
#6021=DIRECTION('ref_axis',(0.,0.,1.));
#6022=DIRECTION('',(-1.22464679914735E-16,-1.,0.));
#6023=DIRECTION('center_axis',(1.,-1.22464679914735E-16,0.));
#6024=DIRECTION('ref_axis',(0.,0.,1.));
#6025=DIRECTION('',(-1.22464679914735E-16,-1.,0.));
#6026=DIRECTION('',(0.,0.,-1.));
#6027=DIRECTION('',(-1.22464679914735E-16,-1.,0.));
#6028=DIRECTION('',(0.,0.,-1.));
#6029=DIRECTION('',(-1.22464679914735E-16,-1.,0.));
#6030=DIRECTION('center_axis',(0.,0.,1.));
#6031=DIRECTION('ref_axis',(-1.,1.22464679914735E-16,0.));
#6032=DIRECTION('',(-1.22464679914735E-16,-1.,0.));
#6033=DIRECTION('',(-1.,1.22464679914735E-16,0.));
#6034=DIRECTION('',(1.22464679914735E-16,1.,0.));
#6035=DIRECTION('',(1.,-1.22464679914735E-16,0.));
#6036=DIRECTION('center_axis',(-1.22464679914735E-16,-1.,0.));
#6037=DIRECTION('ref_axis',(0.,0.,1.));
#6038=DIRECTION('',(0.,0.,-1.));
#6039=DIRECTION('',(0.,0.,1.));
#6040=DIRECTION('',(-1.,1.22464679914735E-16,0.));
#6041=DIRECTION('center_axis',(-1.,1.22464679914735E-16,0.));
#6042=DIRECTION('ref_axis',(0.,0.,-1.));
#6043=DIRECTION('',(0.,0.,-1.));
#6044=DIRECTION('',(1.22464679914735E-16,1.,0.));
#6045=DIRECTION('center_axis',(1.22464679914735E-16,1.,0.));
#6046=DIRECTION('ref_axis',(0.,0.,-1.));
#6047=DIRECTION('',(0.,0.,-1.));
#6048=DIRECTION('',(1.,-1.22464679914735E-16,0.));
#6049=DIRECTION('center_axis',(-1.,1.22464679914735E-16,0.));
#6050=DIRECTION('ref_axis',(0.,0.,-1.));
#6051=DIRECTION('',(1.22464679914735E-16,1.,0.));
#6052=DIRECTION('',(0.,0.,-1.));
#6053=DIRECTION('',(1.22464679914735E-16,1.,0.));
#6054=DIRECTION('',(0.,0.,-1.));
#6055=DIRECTION('',(1.22464679914735E-16,1.,0.));
#6056=DIRECTION('center_axis',(1.,-1.22464679914735E-16,0.));
#6057=DIRECTION('ref_axis',(0.,0.,1.));
#6058=DIRECTION('',(0.,0.,-1.));
#6059=DIRECTION('',(-1.22464679914735E-16,-1.,0.));
#6060=DIRECTION('',(0.,0.,1.));
#6061=DIRECTION('',(-1.22464679914735E-16,-1.,0.));
#6062=DIRECTION('center_axis',(0.,0.,1.));
#6063=DIRECTION('ref_axis',(-1.,1.22464679914735E-16,0.));
#6064=DIRECTION('center_axis',(0.,0.,1.));
#6065=DIRECTION('ref_axis',(-1.,1.22464679914735E-16,0.));
#6066=DIRECTION('',(1.22464679914735E-16,1.,0.));
#6067=DIRECTION('center_axis',(0.,0.,1.));
#6068=DIRECTION('ref_axis',(-1.,1.22464679914735E-16,0.));
#6069=DIRECTION('center_axis',(-1.,1.22464679914735E-16,0.));
#6070=DIRECTION('ref_axis',(0.,0.,-1.));
#6071=DIRECTION('',(0.,0.,1.));
#6072=DIRECTION('',(1.22464679914735E-16,1.,0.));
#6073=DIRECTION('',(0.,0.,-1.));
#6074=DIRECTION('center_axis',(0.,0.,1.));
#6075=DIRECTION('ref_axis',(-1.,1.22464679914735E-16,0.));
#6076=DIRECTION('center_axis',(0.,0.,1.));
#6077=DIRECTION('ref_axis',(-1.,1.22464679914735E-16,0.));
#6078=DIRECTION('center_axis',(0.,0.,1.));
#6079=DIRECTION('ref_axis',(-1.,1.22464679914735E-16,0.));
#6080=DIRECTION('center_axis',(0.,0.,1.));
#6081=DIRECTION('ref_axis',(-1.,1.22464679914735E-16,0.));
#6082=DIRECTION('',(0.,0.,-1.));
#6083=DIRECTION('center_axis',(0.,0.,-1.));
#6084=DIRECTION('ref_axis',(-1.,1.22464679914735E-16,0.));
#6085=DIRECTION('center_axis',(0.,0.,-1.));
#6086=DIRECTION('ref_axis',(-1.,1.22464679914735E-16,0.));
#6087=DIRECTION('center_axis',(0.,0.,-1.));
#6088=DIRECTION('ref_axis',(-1.,1.22464679914735E-16,0.));
#6089=DIRECTION('center_axis',(0.,0.,-1.));
#6090=DIRECTION('ref_axis',(-1.,1.22464679914735E-16,0.));
#6091=DIRECTION('center_axis',(0.,0.,-1.));
#6092=DIRECTION('ref_axis',(-1.,1.22464679914735E-16,0.));
#6093=DIRECTION('center_axis',(0.,0.,-1.));
#6094=DIRECTION('ref_axis',(1.,0.,0.));
#6095=DIRECTION('center_axis',(0.,0.,-1.));
#6096=DIRECTION('ref_axis',(-1.,1.22464679914735E-16,0.));
#6097=DIRECTION('center_axis',(0.,0.,-1.));
#6098=DIRECTION('ref_axis',(-1.,1.22464679914735E-16,0.));
#6099=DIRECTION('center_axis',(0.,0.,-1.));
#6100=DIRECTION('ref_axis',(-1.,1.22464679914735E-16,0.));
#6101=DIRECTION('center_axis',(0.,0.,1.));
#6102=DIRECTION('ref_axis',(-1.,1.22464679914735E-16,0.));
#6103=DIRECTION('center_axis',(0.,0.,1.));
#6104=DIRECTION('ref_axis',(1.,-4.44089209850063E-16,0.));
#6105=DIRECTION('center_axis',(0.,0.,-1.));
#6106=DIRECTION('ref_axis',(-1.,1.22464679914735E-16,0.));
#6107=DIRECTION('center_axis',(0.,0.,-1.));
#6108=DIRECTION('ref_axis',(-1.,1.22464679914735E-16,0.));
#6109=DIRECTION('center_axis',(0.,0.,1.));
#6110=DIRECTION('ref_axis',(-1.,1.22464679914735E-16,0.));
#6111=DIRECTION('',(1.,-1.22464679914735E-16,0.));
#6112=DIRECTION('center_axis',(1.,-1.22464679914735E-16,0.));
#6113=DIRECTION('ref_axis',(0.,0.,1.));
#6114=DIRECTION('',(0.,0.,-1.));
#6115=DIRECTION('',(-1.22464679914735E-16,-1.,0.));
#6116=DIRECTION('',(0.,0.,1.));
#6117=DIRECTION('',(-1.22464679914735E-16,-1.,0.));
#6118=DIRECTION('',(0.,0.,1.));
#6119=DIRECTION('',(-1.22464679914735E-16,-1.,0.));
#6120=DIRECTION('',(0.,0.,-1.));
#6121=DIRECTION('',(-1.22464679914735E-16,-1.,0.));
#6122=DIRECTION('center_axis',(0.,0.,1.));
#6123=DIRECTION('ref_axis',(-1.,1.22464679914735E-16,0.));
#6124=DIRECTION('center_axis',(0.,0.,1.));
#6125=DIRECTION('ref_axis',(-1.,1.22464679914735E-16,0.));
#6126=DIRECTION('',(1.22464679914735E-16,1.,0.));
#6127=DIRECTION('center_axis',(0.,0.,1.));
#6128=DIRECTION('ref_axis',(-1.,1.22464679914735E-16,0.));
#6129=DIRECTION('center_axis',(-1.,1.22464679914735E-16,0.));
#6130=DIRECTION('ref_axis',(0.,0.,-1.));
#6131=DIRECTION('',(0.,0.,1.));
#6132=DIRECTION('',(1.22464679914735E-16,1.,0.));
#6133=DIRECTION('',(0.,0.,1.));
#6134=DIRECTION('',(1.22464679914735E-16,1.,0.));
#6135=DIRECTION('',(0.,0.,-1.));
#6136=DIRECTION('',(1.22464679914735E-16,1.,0.));
#6137=DIRECTION('',(0.,0.,-1.));
#6138=DIRECTION('center_axis',(0.,0.,1.));
#6139=DIRECTION('ref_axis',(-1.,1.22464679914735E-16,0.));
#6140=DIRECTION('center_axis',(0.,0.,1.));
#6141=DIRECTION('ref_axis',(-1.,1.22464679914735E-16,0.));
#6142=DIRECTION('',(0.,0.,-1.));
#6143=DIRECTION('center_axis',(0.,0.,-1.));
#6144=DIRECTION('ref_axis',(-1.,1.22464679914735E-16,0.));
#6145=DIRECTION('center_axis',(0.,0.,-1.));
#6146=DIRECTION('ref_axis',(-1.,1.22464679914735E-16,0.));
#6147=DIRECTION('center_axis',(0.,0.,-1.));
#6148=DIRECTION('ref_axis',(-1.,1.22464679914735E-16,0.));
#6149=DIRECTION('center_axis',(0.,0.,-1.));
#6150=DIRECTION('ref_axis',(1.,-1.22464679914735E-16,0.));
#6151=DIRECTION('center_axis',(0.,0.,-1.));
#6152=DIRECTION('ref_axis',(-1.,1.22464679914735E-16,0.));
#6153=DIRECTION('center_axis',(0.,0.,-1.));
#6154=DIRECTION('ref_axis',(1.,-1.22464679914735E-16,0.));
#6155=DIRECTION('center_axis',(0.,0.,-1.));
#6156=DIRECTION('ref_axis',(-1.,1.22464679914735E-16,0.));
#6157=DIRECTION('center_axis',(0.,0.,1.));
#6158=DIRECTION('ref_axis',(-1.,1.22464679914735E-16,0.));
#6159=DIRECTION('center_axis',(0.,0.,-1.));
#6160=DIRECTION('ref_axis',(-1.,1.22464679914735E-16,0.));
#6161=DIRECTION('center_axis',(0.,0.,1.));
#6162=DIRECTION('ref_axis',(1.,0.,0.));
#6163=DIRECTION('center_axis',(0.,0.,-1.));
#6164=DIRECTION('ref_axis',(-1.,1.22464679914735E-16,0.));
#6165=DIRECTION('center_axis',(0.,0.,-1.));
#6166=DIRECTION('ref_axis',(-1.,1.22464679914735E-16,0.));
#6167=DIRECTION('center_axis',(0.,0.,-1.));
#6168=DIRECTION('ref_axis',(-1.,1.22464679914735E-16,0.));
#6169=DIRECTION('center_axis',(0.,0.,-1.));
#6170=DIRECTION('ref_axis',(1.,0.,0.));
#6171=DIRECTION('center_axis',(0.,0.,-1.));
#6172=DIRECTION('ref_axis',(-1.,1.22464679914735E-16,0.));
#6173=DIRECTION('center_axis',(0.,0.,-1.));
#6174=DIRECTION('ref_axis',(-1.,1.22464679914735E-16,0.));
#6175=DIRECTION('center_axis',(0.,0.,-1.));
#6176=DIRECTION('ref_axis',(-1.,1.22464679914735E-16,0.));
#6177=DIRECTION('center_axis',(0.,0.,1.));
#6178=DIRECTION('ref_axis',(-1.,1.22464679914735E-16,0.));
#6179=DIRECTION('center_axis',(0.,0.,1.));
#6180=DIRECTION('ref_axis',(1.,0.,0.));
#6181=DIRECTION('center_axis',(0.,0.,-1.));
#6182=DIRECTION('ref_axis',(-1.,1.22464679914735E-16,0.));
#6183=DIRECTION('center_axis',(0.,0.,-1.));
#6184=DIRECTION('ref_axis',(-1.,1.22464679914735E-16,0.));
#6185=DIRECTION('center_axis',(1.,-1.22464679914735E-16,0.));
#6186=DIRECTION('ref_axis',(0.,0.,1.));
#6187=DIRECTION('',(0.,0.,-1.));
#6188=DIRECTION('',(-1.22464679914735E-16,-1.,0.));
#6189=DIRECTION('',(0.,0.,1.));
#6190=DIRECTION('',(-1.22464679914735E-16,-1.,0.));
#6191=DIRECTION('center_axis',(0.,0.,1.));
#6192=DIRECTION('ref_axis',(-1.,1.22464679914735E-16,0.));
#6193=DIRECTION('center_axis',(0.,0.,1.));
#6194=DIRECTION('ref_axis',(-1.,1.22464679914735E-16,0.));
#6195=DIRECTION('',(1.22464679914735E-16,1.,0.));
#6196=DIRECTION('center_axis',(0.,0.,1.));
#6197=DIRECTION('ref_axis',(-1.,1.22464679914735E-16,0.));
#6198=DIRECTION('center_axis',(-1.,1.22464679914735E-16,0.));
#6199=DIRECTION('ref_axis',(0.,0.,-1.));
#6200=DIRECTION('',(0.,0.,1.));
#6201=DIRECTION('',(1.22464679914735E-16,1.,0.));
#6202=DIRECTION('',(0.,0.,-1.));
#6203=DIRECTION('center_axis',(0.,0.,1.));
#6204=DIRECTION('ref_axis',(-1.,1.22464679914735E-16,0.));
#6205=DIRECTION('center_axis',(0.,0.,1.));
#6206=DIRECTION('ref_axis',(-1.,1.22464679914735E-16,0.));
#6207=DIRECTION('center_axis',(0.,0.,1.));
#6208=DIRECTION('ref_axis',(-1.,1.22464679914735E-16,0.));
#6209=DIRECTION('center_axis',(0.,0.,1.));
#6210=DIRECTION('ref_axis',(-1.,1.22464679914735E-16,0.));
#6211=DIRECTION('',(0.,0.,-1.));
#6212=DIRECTION('center_axis',(0.,0.,-1.));
#6213=DIRECTION('ref_axis',(-1.,1.22464679914735E-16,0.));
#6214=DIRECTION('center_axis',(0.,0.,-1.));
#6215=DIRECTION('ref_axis',(-1.,1.22464679914735E-16,0.));
#6216=DIRECTION('center_axis',(0.,0.,-1.));
#6217=DIRECTION('ref_axis',(-1.,1.22464679914735E-16,0.));
#6218=DIRECTION('center_axis',(0.,0.,-1.));
#6219=DIRECTION('ref_axis',(-1.,1.22464679914735E-16,0.));
#6220=DIRECTION('center_axis',(0.,0.,-1.));
#6221=DIRECTION('ref_axis',(-1.,1.22464679914735E-16,0.));
#6222=DIRECTION('center_axis',(0.,0.,-1.));
#6223=DIRECTION('ref_axis',(1.,0.,0.));
#6224=DIRECTION('center_axis',(0.,0.,-1.));
#6225=DIRECTION('ref_axis',(-1.,1.22464679914735E-16,0.));
#6226=DIRECTION('center_axis',(0.,0.,-1.));
#6227=DIRECTION('ref_axis',(-1.,1.22464679914735E-16,0.));
#6228=DIRECTION('center_axis',(0.,0.,-1.));
#6229=DIRECTION('ref_axis',(-1.,1.22464679914735E-16,0.));
#6230=DIRECTION('center_axis',(0.,0.,1.));
#6231=DIRECTION('ref_axis',(-1.,1.22464679914735E-16,0.));
#6232=DIRECTION('center_axis',(0.,0.,1.));
#6233=DIRECTION('ref_axis',(1.,-4.44089209850063E-16,0.));
#6234=DIRECTION('center_axis',(0.,0.,-1.));
#6235=DIRECTION('ref_axis',(-1.,1.22464679914735E-16,0.));
#6236=DIRECTION('center_axis',(0.,0.,-1.));
#6237=DIRECTION('ref_axis',(-1.,1.22464679914735E-16,0.));
#6238=DIRECTION('center_axis',(0.,0.,1.));
#6239=DIRECTION('ref_axis',(-1.,1.22464679914735E-16,0.));
#6240=DIRECTION('',(1.,-1.22464679914735E-16,0.));
#6241=DIRECTION('center_axis',(1.,-1.22464679914735E-16,0.));
#6242=DIRECTION('ref_axis',(0.,0.,1.));
#6243=DIRECTION('',(0.,0.,-1.));
#6244=DIRECTION('',(-1.22464679914735E-16,-1.,0.));
#6245=DIRECTION('',(0.,0.,1.));
#6246=DIRECTION('',(-1.22464679914735E-16,-1.,0.));
#6247=DIRECTION('',(0.,0.,1.));
#6248=DIRECTION('',(-1.22464679914735E-16,-1.,0.));
#6249=DIRECTION('',(0.,0.,-1.));
#6250=DIRECTION('',(-1.22464679914735E-16,-1.,0.));
#6251=DIRECTION('center_axis',(0.,0.,1.));
#6252=DIRECTION('ref_axis',(-1.,1.22464679914735E-16,0.));
#6253=DIRECTION('center_axis',(0.,0.,1.));
#6254=DIRECTION('ref_axis',(-1.,1.22464679914735E-16,0.));
#6255=DIRECTION('',(1.22464679914735E-16,1.,0.));
#6256=DIRECTION('center_axis',(0.,0.,1.));
#6257=DIRECTION('ref_axis',(-1.,1.22464679914735E-16,0.));
#6258=DIRECTION('center_axis',(-1.,1.22464679914735E-16,0.));
#6259=DIRECTION('ref_axis',(0.,0.,-1.));
#6260=DIRECTION('',(0.,0.,1.));
#6261=DIRECTION('',(1.22464679914735E-16,1.,0.));
#6262=DIRECTION('',(0.,0.,1.));
#6263=DIRECTION('',(1.22464679914735E-16,1.,0.));
#6264=DIRECTION('',(0.,0.,-1.));
#6265=DIRECTION('',(1.22464679914735E-16,1.,0.));
#6266=DIRECTION('',(0.,0.,-1.));
#6267=DIRECTION('center_axis',(0.,0.,1.));
#6268=DIRECTION('ref_axis',(-1.,1.22464679914735E-16,0.));
#6269=DIRECTION('center_axis',(0.,0.,1.));
#6270=DIRECTION('ref_axis',(-1.,1.22464679914735E-16,0.));
#6271=DIRECTION('',(0.,0.,-1.));
#6272=DIRECTION('center_axis',(0.,0.,-1.));
#6273=DIRECTION('ref_axis',(-1.,1.22464679914735E-16,0.));
#6274=DIRECTION('center_axis',(0.,0.,-1.));
#6275=DIRECTION('ref_axis',(-1.,1.22464679914735E-16,0.));
#6276=DIRECTION('center_axis',(0.,0.,-1.));
#6277=DIRECTION('ref_axis',(-1.,1.22464679914735E-16,0.));
#6278=DIRECTION('center_axis',(0.,0.,-1.));
#6279=DIRECTION('ref_axis',(1.,-1.22464679914735E-16,0.));
#6280=DIRECTION('center_axis',(0.,0.,-1.));
#6281=DIRECTION('ref_axis',(-1.,1.22464679914735E-16,0.));
#6282=DIRECTION('center_axis',(0.,0.,-1.));
#6283=DIRECTION('ref_axis',(1.,-1.22464679914735E-16,0.));
#6284=DIRECTION('center_axis',(0.,0.,-1.));
#6285=DIRECTION('ref_axis',(-1.,1.22464679914735E-16,0.));
#6286=DIRECTION('center_axis',(0.,0.,1.));
#6287=DIRECTION('ref_axis',(-1.,1.22464679914735E-16,0.));
#6288=DIRECTION('center_axis',(0.,0.,-1.));
#6289=DIRECTION('ref_axis',(-1.,1.22464679914735E-16,0.));
#6290=DIRECTION('center_axis',(0.,0.,1.));
#6291=DIRECTION('ref_axis',(1.,0.,0.));
#6292=DIRECTION('center_axis',(0.,0.,-1.));
#6293=DIRECTION('ref_axis',(-1.,1.22464679914735E-16,0.));
#6294=DIRECTION('center_axis',(0.,0.,-1.));
#6295=DIRECTION('ref_axis',(-1.,1.22464679914735E-16,0.));
#6296=DIRECTION('center_axis',(0.,0.,-1.));
#6297=DIRECTION('ref_axis',(-1.,1.22464679914735E-16,0.));
#6298=DIRECTION('center_axis',(0.,0.,-1.));
#6299=DIRECTION('ref_axis',(1.,0.,0.));
#6300=DIRECTION('center_axis',(0.,0.,-1.));
#6301=DIRECTION('ref_axis',(-1.,1.22464679914735E-16,0.));
#6302=DIRECTION('center_axis',(0.,0.,-1.));
#6303=DIRECTION('ref_axis',(-1.,1.22464679914735E-16,0.));
#6304=DIRECTION('center_axis',(0.,0.,-1.));
#6305=DIRECTION('ref_axis',(-1.,1.22464679914735E-16,0.));
#6306=DIRECTION('center_axis',(0.,0.,1.));
#6307=DIRECTION('ref_axis',(-1.,1.22464679914735E-16,0.));
#6308=DIRECTION('center_axis',(0.,0.,1.));
#6309=DIRECTION('ref_axis',(1.,0.,0.));
#6310=DIRECTION('center_axis',(0.,0.,-1.));
#6311=DIRECTION('ref_axis',(-1.,1.22464679914735E-16,0.));
#6312=DIRECTION('center_axis',(0.,0.,-1.));
#6313=DIRECTION('ref_axis',(-1.,1.22464679914735E-16,0.));
#6314=DIRECTION('center_axis',(0.,0.,1.));
#6315=DIRECTION('ref_axis',(-1.,1.22464679914735E-16,0.));
#6316=DIRECTION('center_axis',(0.,0.,1.));
#6317=DIRECTION('ref_axis',(-1.,1.22464679914735E-16,0.));
#6318=DIRECTION('',(0.,0.,1.));
#6319=DIRECTION('center_axis',(0.,0.,1.));
#6320=DIRECTION('ref_axis',(-1.,1.22464679914735E-16,0.));
#6321=DIRECTION('center_axis',(0.,0.,1.));
#6322=DIRECTION('ref_axis',(-1.,1.22464679914735E-16,0.));
#6323=DIRECTION('center_axis',(0.,0.,1.));
#6324=DIRECTION('ref_axis',(-1.,1.22464679914735E-16,0.));
#6325=DIRECTION('center_axis',(0.,0.,1.));
#6326=DIRECTION('ref_axis',(-1.,1.22464679914735E-16,0.));
#6327=DIRECTION('',(0.,0.,1.));
#6328=DIRECTION('center_axis',(0.,0.,1.));
#6329=DIRECTION('ref_axis',(-1.,1.22464679914735E-16,0.));
#6330=DIRECTION('center_axis',(0.,0.,1.));
#6331=DIRECTION('ref_axis',(-1.,1.22464679914735E-16,0.));
#6332=DIRECTION('center_axis',(0.,0.,1.));
#6333=DIRECTION('ref_axis',(-1.,1.22464679914735E-16,0.));
#6334=DIRECTION('center_axis',(0.,0.,1.));
#6335=DIRECTION('ref_axis',(-1.,1.22464679914735E-16,0.));
#6336=DIRECTION('',(0.,0.,1.));
#6337=DIRECTION('center_axis',(0.,0.,-1.));
#6338=DIRECTION('ref_axis',(-1.,1.22464679914735E-16,0.));
#6339=DIRECTION('center_axis',(0.,0.,1.));
#6340=DIRECTION('ref_axis',(-1.,1.22464679914735E-16,0.));
#6341=DIRECTION('center_axis',(0.,0.,-1.));
#6342=DIRECTION('ref_axis',(-1.,1.22464679914735E-16,0.));
#6343=DIRECTION('',(0.,0.,1.));
#6344=DIRECTION('center_axis',(0.,0.,-1.));
#6345=DIRECTION('ref_axis',(-1.,1.22464679914735E-16,0.));
#6346=DIRECTION('center_axis',(0.,0.,-1.));
#6347=DIRECTION('ref_axis',(1.,-1.22464679914735E-16,0.));
#6348=DIRECTION('center_axis',(0.,0.,1.));
#6349=DIRECTION('ref_axis',(-1.,1.22464679914735E-16,0.));
#6350=DIRECTION('center_axis',(0.,0.,-1.));
#6351=DIRECTION('ref_axis',(-1.,1.22464679914735E-16,0.));
#6352=DIRECTION('',(0.,0.,1.));
#6353=DIRECTION('center_axis',(0.,0.,-1.));
#6354=DIRECTION('ref_axis',(-1.,1.22464679914735E-16,0.));
#6355=DIRECTION('center_axis',(0.,0.,-1.));
#6356=DIRECTION('ref_axis',(1.,-1.22464679914735E-16,0.));
#6357=DIRECTION('center_axis',(0.,0.,1.));
#6358=DIRECTION('ref_axis',(-1.,1.22464679914735E-16,0.));
#6359=DIRECTION('center_axis',(0.,0.,1.));
#6360=DIRECTION('ref_axis',(-1.,1.22464679914735E-16,0.));
#6361=DIRECTION('',(0.,0.,1.));
#6362=DIRECTION('center_axis',(0.,0.,-1.));
#6363=DIRECTION('ref_axis',(-1.,1.22464679914735E-16,0.));
#6364=DIRECTION('center_axis',(0.,0.,1.));
#6365=DIRECTION('ref_axis',(-1.,1.22464679914735E-16,0.));
#6366=DIRECTION('center_axis',(0.,0.,-1.));
#6367=DIRECTION('ref_axis',(-1.,1.22464679914735E-16,0.));
#6368=DIRECTION('',(0.,0.,1.));
#6369=DIRECTION('center_axis',(0.,0.,-1.));
#6370=DIRECTION('ref_axis',(-1.,1.22464679914735E-16,0.));
#6371=DIRECTION('center_axis',(0.,0.,-1.));
#6372=DIRECTION('ref_axis',(1.,-1.22464679914735E-16,0.));
#6373=DIRECTION('center_axis',(0.,0.,1.));
#6374=DIRECTION('ref_axis',(-1.,1.22464679914735E-16,0.));
#6375=DIRECTION('center_axis',(0.,0.,-1.));
#6376=DIRECTION('ref_axis',(-1.,1.22464679914735E-16,0.));
#6377=DIRECTION('',(0.,0.,1.));
#6378=DIRECTION('center_axis',(0.,0.,-1.));
#6379=DIRECTION('ref_axis',(-1.,1.22464679914735E-16,0.));
#6380=DIRECTION('center_axis',(0.,0.,-1.));
#6381=DIRECTION('ref_axis',(1.,-1.22464679914735E-16,0.));
#6382=DIRECTION('center_axis',(-1.,1.22464679914735E-16,0.));
#6383=DIRECTION('ref_axis',(0.,0.,-1.));
#6384=DIRECTION('',(1.22464679914735E-16,1.,0.));
#6385=DIRECTION('',(0.,0.,-1.));
#6386=DIRECTION('',(-1.22464679914735E-16,-1.,0.));
#6387=DIRECTION('',(0.,0.,1.));
#6388=DIRECTION('center_axis',(1.,-1.22464679914735E-16,0.));
#6389=DIRECTION('ref_axis',(0.,0.,1.));
#6390=DIRECTION('',(-1.22464679914735E-16,-1.,0.));
#6391=DIRECTION('',(0.,0.,-1.));
#6392=DIRECTION('',(1.22464679914735E-16,1.,0.));
#6393=DIRECTION('',(0.,0.,-1.));
#6394=DIRECTION('center_axis',(0.,0.,1.));
#6395=DIRECTION('ref_axis',(-1.,1.22464679914735E-16,0.));
#6396=DIRECTION('',(1.,-1.22464679914735E-16,0.));
#6397=DIRECTION('',(1.,-1.22464679914735E-16,0.));
#6398=DIRECTION('',(-1.,1.22464679914735E-16,0.));
#6399=DIRECTION('',(-1.22464679914735E-16,-1.,0.));
#6400=DIRECTION('',(-1.,1.22464679914735E-16,0.));
#6401=DIRECTION('',(-1.22464679914735E-16,-1.,0.));
#6402=DIRECTION('',(1.,-1.22464679914735E-16,0.));
#6403=DIRECTION('center_axis',(0.,0.,1.));
#6404=DIRECTION('ref_axis',(-1.,1.22464679914735E-16,0.));
#6405=DIRECTION('',(1.,-1.22464679914735E-16,0.));
#6406=DIRECTION('',(1.22464679914735E-16,1.,0.));
#6407=DIRECTION('',(-1.,1.22464679914735E-16,0.));
#6408=DIRECTION('',(1.22464679914735E-16,1.,0.));
#6409=DIRECTION('',(-1.,1.22464679914735E-16,0.));
#6410=DIRECTION('',(1.,-1.22464679914735E-16,0.));
#6411=DIRECTION('',(1.,-1.22464679914735E-16,0.));
#6412=DIRECTION('center_axis',(1.22464679914735E-16,1.,0.));
#6413=DIRECTION('ref_axis',(0.,0.,-1.));
#6414=DIRECTION('',(0.,0.,-1.));
#6415=DIRECTION('',(-1.,1.22464679914735E-16,0.));
#6416=DIRECTION('center_axis',(1.22464679914735E-16,1.,0.));
#6417=DIRECTION('ref_axis',(0.,0.,-1.));
#6418=DIRECTION('',(-1.,1.22464679914735E-16,0.));
#6419=DIRECTION('',(0.,0.,-1.));
#6420=DIRECTION('center_axis',(0.,0.,1.));
#6421=DIRECTION('ref_axis',(-1.,1.22464679914735E-16,0.));
#6422=DIRECTION('',(1.,-1.22464679914735E-16,0.));
#6423=DIRECTION('center_axis',(0.,0.,-1.));
#6424=DIRECTION('ref_axis',(-1.,1.22464679914735E-16,0.));
#6425=DIRECTION('',(-1.22464679914735E-16,-1.,0.));
#6426=DIRECTION('center_axis',(0.,0.,1.));
#6427=DIRECTION('ref_axis',(-1.,1.22464679914735E-16,0.));
#6428=DIRECTION('',(1.,-1.22464679914735E-16,0.));
#6429=DIRECTION('center_axis',(0.,0.,1.));
#6430=DIRECTION('ref_axis',(-1.,1.22464679914735E-16,0.));
#6431=DIRECTION('',(1.22464679914735E-16,1.,0.));
#6432=DIRECTION('center_axis',(0.,0.,-1.));
#6433=DIRECTION('ref_axis',(-1.,1.22464679914735E-16,0.));
#6434=DIRECTION('',(1.,-1.22464679914735E-16,0.));
#6435=DIRECTION('center_axis',(0.,0.,1.));
#6436=DIRECTION('ref_axis',(-1.,1.22464679914735E-16,0.));
#6437=DIRECTION('center_axis',(0.,0.,1.));
#6438=DIRECTION('ref_axis',(-1.,1.22464679914735E-16,0.));
#6439=DIRECTION('',(-1.,1.22464679914735E-16,0.));
#6440=DIRECTION('center_axis',(0.,0.,-1.));
#6441=DIRECTION('ref_axis',(-1.,1.22464679914735E-16,0.));
#6442=DIRECTION('',(1.22464679914735E-16,1.,0.));
#6443=DIRECTION('center_axis',(0.,0.,1.));
#6444=DIRECTION('ref_axis',(-1.,1.22464679914735E-16,0.));
#6445=DIRECTION('center_axis',(0.,0.,-1.));
#6446=DIRECTION('ref_axis',(-1.,1.22464679914735E-16,0.));
#6447=DIRECTION('',(1.22464679914735E-16,1.,0.));
#6448=DIRECTION('center_axis',(0.,0.,1.));
#6449=DIRECTION('ref_axis',(-1.,1.22464679914735E-16,0.));
#6450=DIRECTION('',(-1.,1.22464679914735E-16,0.));
#6451=DIRECTION('center_axis',(0.,0.,1.));
#6452=DIRECTION('ref_axis',(-1.,1.22464679914735E-16,0.));
#6453=DIRECTION('',(-1.22464679914735E-16,-1.,0.));
#6454=DIRECTION('center_axis',(0.,0.,-1.));
#6455=DIRECTION('ref_axis',(-1.,1.22464679914735E-16,0.));
#6456=DIRECTION('center_axis',(0.,0.,1.));
#6457=DIRECTION('ref_axis',(-1.,1.22464679914735E-16,0.));
#6458=DIRECTION('',(-1.22464679914735E-16,-1.,0.));
#6459=DIRECTION('center_axis',(0.,0.,-1.));
#6460=DIRECTION('ref_axis',(-1.,1.22464679914735E-16,0.));
#6461=DIRECTION('',(-1.,1.22464679914735E-16,0.));
#6462=DIRECTION('center_axis',(0.,0.,1.));
#6463=DIRECTION('ref_axis',(-1.,1.22464679914735E-16,0.));
#6464=DIRECTION('',(-1.,1.22464679914735E-16,0.));
#6465=DIRECTION('',(1.22464679914735E-16,1.,0.));
#6466=DIRECTION('',(1.,-1.22464679914735E-16,0.));
#6467=DIRECTION('',(1.22464679914735E-16,1.,0.));
#6468=DIRECTION('',(1.,-1.22464679914735E-16,0.));
#6469=DIRECTION('',(-1.22464679914735E-16,-1.,0.));
#6470=DIRECTION('',(1.,-1.22464679914735E-16,0.));
#6471=DIRECTION('',(-1.22464679914735E-16,-1.,0.));
#6472=DIRECTION('center_axis',(1.,-1.22464679914735E-16,0.));
#6473=DIRECTION('ref_axis',(0.,0.,1.));
#6474=DIRECTION('',(0.,0.,-1.));
#6475=DIRECTION('',(0.,0.,1.));
#6476=DIRECTION('center_axis',(-1.,1.22464679914735E-16,0.));
#6477=DIRECTION('ref_axis',(0.,0.,-1.));
#6478=DIRECTION('',(0.,0.,-1.));
#6479=DIRECTION('',(0.,0.,-1.));
#6480=DIRECTION('center_axis',(-1.22464679914735E-16,-1.,0.));
#6481=DIRECTION('ref_axis',(0.,0.,1.));
#6482=DIRECTION('',(0.,0.,-1.));
#6483=DIRECTION('center_axis',(-1.,1.22464679914735E-16,0.));
#6484=DIRECTION('ref_axis',(0.,0.,-1.));
#6485=DIRECTION('center_axis',(-1.22464679914735E-16,-1.,0.));
#6486=DIRECTION('ref_axis',(0.,0.,1.));
#6487=DIRECTION('',(0.,0.,-1.));
#6488=DIRECTION('center_axis',(1.,-1.22464679914735E-16,0.));
#6489=DIRECTION('ref_axis',(0.,0.,1.));
#6490=DIRECTION('center_axis',(1.22464679914735E-16,1.,0.));
#6491=DIRECTION('ref_axis',(0.,0.,-1.));
#6492=DIRECTION('',(1.,-1.22464679914735E-16,0.));
#6493=DIRECTION('center_axis',(-1.22464679914735E-16,-1.,0.));
#6494=DIRECTION('ref_axis',(0.,0.,1.));
#6495=DIRECTION('',(-1.,1.22464679914735E-16,0.));
#6496=DIRECTION('center_axis',(0.,0.,-1.));
#6497=DIRECTION('ref_axis',(1.,-1.22464679914735E-16,0.));
#6498=DIRECTION('center_axis',(0.,0.,-1.));
#6499=DIRECTION('ref_axis',(-1.,1.22464679914735E-16,0.));
#6500=DIRECTION('center_axis',(0.,0.,1.));
#6501=DIRECTION('ref_axis',(-1.,1.22464679914735E-16,0.));
#6502=DIRECTION('center_axis',(0.,0.,1.));
#6503=DIRECTION('ref_axis',(-1.,1.22464679914735E-16,0.));
#6504=DIRECTION('center_axis',(0.,0.,1.));
#6505=DIRECTION('ref_axis',(-1.,1.22464679914735E-16,0.));
#6506=DIRECTION('',(1.,-1.22464679914735E-16,0.));
#6507=DIRECTION('center_axis',(0.,0.,1.));
#6508=DIRECTION('ref_axis',(-1.,1.22464679914735E-16,0.));
#6509=DIRECTION('',(1.22464679914735E-16,1.,0.));
#6510=DIRECTION('center_axis',(0.,0.,1.));
#6511=DIRECTION('ref_axis',(-1.,1.22464679914735E-16,0.));
#6512=DIRECTION('',(-1.,1.22464679914735E-16,0.));
#6513=DIRECTION('center_axis',(0.,0.,-1.));
#6514=DIRECTION('ref_axis',(1.,-1.22464679914735E-16,0.));
#6515=DIRECTION('center_axis',(0.,0.,-1.));
#6516=DIRECTION('ref_axis',(-1.,1.22464679914735E-16,0.));
#6517=DIRECTION('center_axis',(0.,0.,1.));
#6518=DIRECTION('ref_axis',(-1.,1.22464679914735E-16,0.));
#6519=DIRECTION('center_axis',(0.,0.,1.));
#6520=DIRECTION('ref_axis',(-1.,1.22464679914735E-16,0.));
#6521=DIRECTION('',(0.,0.,-1.));
#6522=DIRECTION('',(0.,0.,-1.));
#6523=DIRECTION('center_axis',(-1.22464679914735E-16,-1.,0.));
#6524=DIRECTION('ref_axis',(0.,0.,1.));
#6525=DIRECTION('',(1.,-1.22464679914735E-16,0.));
#6526=DIRECTION('',(0.,0.,-1.));
#6527=DIRECTION('',(1.,-1.22464679914735E-16,0.));
#6528=DIRECTION('',(0.,0.,-1.));
#6529=DIRECTION('center_axis',(0.,0.,1.));
#6530=DIRECTION('ref_axis',(-1.,1.22464679914735E-16,0.));
#6531=DIRECTION('',(1.22464679914735E-16,1.,0.));
#6532=DIRECTION('center_axis',(0.,0.,-1.));
#6533=DIRECTION('ref_axis',(-1.,1.22464679914735E-16,0.));
#6534=DIRECTION('',(1.,-1.22464679914735E-16,0.));
#6535=DIRECTION('center_axis',(0.,0.,-1.));
#6536=DIRECTION('ref_axis',(-1.,1.22464679914735E-16,0.));
#6537=DIRECTION('',(-1.22464679914735E-16,-1.,0.));
#6538=DIRECTION('center_axis',(0.,0.,1.));
#6539=DIRECTION('ref_axis',(-1.,1.22464679914735E-16,0.));
#6540=DIRECTION('center_axis',(1.,-1.22464679914735E-16,0.));
#6541=DIRECTION('ref_axis',(0.,0.,1.));
#6542=DIRECTION('',(0.,0.,-1.));
#6543=DIRECTION('center_axis',(0.,0.,1.));
#6544=DIRECTION('ref_axis',(-1.,1.22464679914735E-16,0.));
#6545=DIRECTION('',(0.,0.,-1.));
#6546=DIRECTION('',(0.,0.,-1.));
#6547=DIRECTION('center_axis',(-1.,1.22464679914735E-16,0.));
#6548=DIRECTION('ref_axis',(0.,0.,-1.));
#6549=DIRECTION('',(0.,0.,-1.));
#6550=DIRECTION('center_axis',(0.,0.,1.));
#6551=DIRECTION('ref_axis',(-1.,1.22464679914735E-16,0.));
#6552=DIRECTION('',(0.,0.,-1.));
#6553=DIRECTION('center_axis',(0.,0.,1.));
#6554=DIRECTION('ref_axis',(-1.,1.22464679914735E-16,0.));
#6555=DIRECTION('',(0.,0.,-1.));
#6556=DIRECTION('center_axis',(-1.22464679914735E-16,-1.,0.));
#6557=DIRECTION('ref_axis',(0.,0.,1.));
#6558=DIRECTION('center_axis',(0.,0.,1.));
#6559=DIRECTION('ref_axis',(-1.,1.22464679914735E-16,0.));
#6560=DIRECTION('',(0.,0.,-1.));
#6561=DIRECTION('',(0.,0.,-1.));
#6562=DIRECTION('center_axis',(1.22464679914735E-16,1.,0.));
#6563=DIRECTION('ref_axis',(0.,0.,-1.));
#6564=DIRECTION('',(0.,0.,-1.));
#6565=DIRECTION('center_axis',(0.,0.,1.));
#6566=DIRECTION('ref_axis',(-1.,1.22464679914735E-16,0.));
#6567=DIRECTION('',(0.,0.,-1.));
#6568=DIRECTION('',(0.,0.,-1.));
#6569=DIRECTION('center_axis',(1.,-1.22464679914735E-16,0.));
#6570=DIRECTION('ref_axis',(0.,0.,1.));
#6571=DIRECTION('',(0.,0.,-1.));
#6572=DIRECTION('',(1.22464679914735E-16,1.,0.));
#6573=DIRECTION('',(0.,0.,-1.));
#6574=DIRECTION('center_axis',(0.,0.,1.));
#6575=DIRECTION('ref_axis',(-1.,1.22464679914735E-16,0.));
#6576=DIRECTION('center_axis',(0.,0.,1.));
#6577=DIRECTION('ref_axis',(-1.,1.22464679914735E-16,0.));
#6578=DIRECTION('',(0.,0.,-1.));
#6579=DIRECTION('',(0.,0.,-1.));
#6580=DIRECTION('center_axis',(-1.,1.22464679914735E-16,0.));
#6581=DIRECTION('ref_axis',(0.,0.,-1.));
#6582=DIRECTION('',(-1.22464679914735E-16,-1.,0.));
#6583=DIRECTION('',(0.,0.,-1.));
#6584=DIRECTION('',(-1.22464679914735E-16,-1.,0.));
#6585=DIRECTION('',(0.,0.,-1.));
#6586=DIRECTION('',(0.,0.,-1.));
#6587=DIRECTION('center_axis',(0.,0.,1.));
#6588=DIRECTION('ref_axis',(-1.,1.22464679914735E-16,0.));
#6589=DIRECTION('center_axis',(0.,0.,1.));
#6590=DIRECTION('ref_axis',(-1.,1.22464679914735E-16,0.));
#6591=DIRECTION('',(0.,0.,-1.));
#6592=DIRECTION('center_axis',(0.,0.,1.));
#6593=DIRECTION('ref_axis',(-1.,1.22464679914735E-16,0.));
#6594=DIRECTION('center_axis',(0.,0.,1.));
#6595=DIRECTION('ref_axis',(-1.,1.22464679914735E-16,0.));
#6596=DIRECTION('',(-1.,1.22464679914735E-16,0.));
#6597=DIRECTION('',(1.,-1.22464679914735E-16,0.));
#6598=DIRECTION('center_axis',(-1.22464679914735E-16,-1.,0.));
#6599=DIRECTION('ref_axis',(0.,0.,1.));
#6600=DIRECTION('',(0.,0.,-1.));
#6601=DIRECTION('center_axis',(-1.22464679914735E-16,-1.,0.));
#6602=DIRECTION('ref_axis',(0.,0.,1.));
#6603=DIRECTION('',(0.,0.,-1.));
#6604=DIRECTION('center_axis',(0.,0.,1.));
#6605=DIRECTION('ref_axis',(-1.,1.22464679914735E-16,0.));
#6606=DIRECTION('',(0.,0.,-1.));
#6607=DIRECTION('center_axis',(0.,0.,1.));
#6608=DIRECTION('ref_axis',(-1.,1.22464679914735E-16,0.));
#6609=DIRECTION('',(0.,0.,-1.));
#6610=DIRECTION('',(0.,0.,-1.));
#6611=DIRECTION('center_axis',(1.22464679914735E-16,1.,0.));
#6612=DIRECTION('ref_axis',(0.,0.,-1.));
#6613=DIRECTION('center_axis',(0.,0.,1.));
#6614=DIRECTION('ref_axis',(-1.,1.22464679914735E-16,0.));
#6615=DIRECTION('center_axis',(0.,0.,-1.));
#6616=DIRECTION('ref_axis',(-1.,1.22464679914735E-16,0.));
#6617=DIRECTION('',(0.,0.,-1.));
#6618=DIRECTION('center_axis',(0.,0.,1.));
#6619=DIRECTION('ref_axis',(-1.,1.22464679914735E-16,0.));
#6620=DIRECTION('center_axis',(0.,0.,-1.));
#6621=DIRECTION('ref_axis',(-1.,1.22464679914735E-16,0.));
#6622=DIRECTION('center_axis',(0.,0.,1.));
#6623=DIRECTION('ref_axis',(-1.,1.22464679914735E-16,0.));
#6624=DIRECTION('',(0.,0.,-1.));
#6625=DIRECTION('center_axis',(0.,0.,-1.));
#6626=DIRECTION('ref_axis',(-1.,1.22464679914735E-16,0.));
#6627=DIRECTION('center_axis',(0.,0.,1.));
#6628=DIRECTION('ref_axis',(-1.,1.22464679914735E-16,0.));
#6629=DIRECTION('center_axis',(0.,0.,-1.));
#6630=DIRECTION('ref_axis',(-1.,1.22464679914735E-16,0.));
#6631=DIRECTION('',(-1.,1.22464679914735E-16,0.));
#6632=DIRECTION('center_axis',(0.,0.,1.));
#6633=DIRECTION('ref_axis',(-1.,1.22464679914735E-16,0.));
#6634=DIRECTION('center_axis',(1.22464679914735E-16,1.,0.));
#6635=DIRECTION('ref_axis',(0.,0.,-1.));
#6636=DIRECTION('axis',(0.,0.,1.));
#6637=DIRECTION('refdir',(1.,0.,0.));
#6638=DIRECTION('center_axis',(0.,0.,-1.));
#6639=DIRECTION('ref_axis',(-1.,1.22464679914735E-16,0.));
#6640=DIRECTION('',(0.,0.,-1.));
#6641=DIRECTION('center_axis',(0.,0.,-1.));
#6642=DIRECTION('ref_axis',(-1.,1.22464679914735E-16,0.));
#6643=DIRECTION('',(0.,0.,-1.));
#6644=DIRECTION('center_axis',(0.,0.,1.));
#6645=DIRECTION('ref_axis',(-1.,1.22464679914735E-16,0.));
#6646=DIRECTION('center_axis',(0.,0.,1.));
#6647=DIRECTION('ref_axis',(-1.,1.22464679914735E-16,0.));
#6648=DIRECTION('',(1.,-1.22464679914735E-16,0.));
#6649=DIRECTION('center_axis',(0.,0.,1.));
#6650=DIRECTION('ref_axis',(-1.,1.22464679914735E-16,0.));
#6651=DIRECTION('',(1.22464679914735E-16,1.,0.));
#6652=DIRECTION('center_axis',(0.,0.,1.));
#6653=DIRECTION('ref_axis',(-1.,1.22464679914735E-16,0.));
#6654=DIRECTION('',(-1.,1.22464679914735E-16,0.));
#6655=DIRECTION('center_axis',(0.,0.,1.));
#6656=DIRECTION('ref_axis',(-1.,1.22464679914735E-16,0.));
#6657=DIRECTION('',(-1.22464679914735E-16,-1.,0.));
#6658=DIRECTION('center_axis',(0.,0.,-1.));
#6659=DIRECTION('ref_axis',(-1.,1.22464679914735E-16,0.));
#6660=DIRECTION('',(0.,0.,-1.));
#6661=DIRECTION('center_axis',(0.,0.,-1.));
#6662=DIRECTION('ref_axis',(-1.,1.22464679914735E-16,0.));
#6663=DIRECTION('',(0.,0.,-1.));
#6664=DIRECTION('center_axis',(0.,0.,-1.));
#6665=DIRECTION('ref_axis',(-1.,1.22464679914735E-16,0.));
#6666=DIRECTION('',(0.,0.,-1.));
#6667=DIRECTION('',(0.,0.,-1.));
#6668=DIRECTION('center_axis',(0.,0.,-1.));
#6669=DIRECTION('ref_axis',(-1.,1.22464679914735E-16,0.));
#6670=DIRECTION('center_axis',(0.,0.,1.));
#6671=DIRECTION('ref_axis',(-1.,1.22464679914735E-16,0.));
#6672=DIRECTION('',(1.22464679914735E-16,1.,0.));
#6673=DIRECTION('',(1.,-1.22464679914735E-16,0.));
#6674=DIRECTION('center_axis',(0.,0.,-1.));
#6675=DIRECTION('ref_axis',(-1.,1.22464679914735E-16,0.));
#6676=DIRECTION('',(-1.22464679914735E-16,-1.,0.));
#6677=DIRECTION('',(-1.,1.22464679914735E-16,0.));
#6678=DIRECTION('center_axis',(0.,0.,-1.));
#6679=DIRECTION('ref_axis',(-1.,1.22464679914735E-16,0.));
#6680=DIRECTION('',(0.,0.,-1.));
#6681=DIRECTION('',(0.,0.,-1.));
#6682=DIRECTION('center_axis',(-1.,1.22464679914735E-16,0.));
#6683=DIRECTION('ref_axis',(0.,0.,-1.));
#6684=DIRECTION('center_axis',(1.,-1.22464679914735E-16,0.));
#6685=DIRECTION('ref_axis',(0.,0.,1.));
#6686=DIRECTION('center_axis',(-1.22464679914735E-16,-1.,0.));
#6687=DIRECTION('ref_axis',(0.,0.,1.));
#6688=DIRECTION('center_axis',(1.22464679914735E-16,1.,0.));
#6689=DIRECTION('ref_axis',(0.,0.,-1.));
#6690=DIRECTION('',(0.,0.,1.));
#6691=DIRECTION('',(1.,0.,0.));
#6692=DIRECTION('',(0.,0.,1.));
#6693=DIRECTION('',(1.,0.,0.));
#6694=DIRECTION('',(0.,0.,1.));
#6695=DIRECTION('',(1.,0.,0.));
#6696=DIRECTION('',(0.,0.,1.));
#6697=DIRECTION('',(1.,0.,0.));
#6698=DIRECTION('',(0.,0.,1.));
#6699=DIRECTION('',(1.,0.,0.));
#6700=DIRECTION('',(0.,0.,1.));
#6701=DIRECTION('',(1.,0.,0.));
#6702=CARTESIAN_POINT('',(0.,0.,0.));
#6703=CARTESIAN_POINT('',(0.,0.,0.));
#6704=CARTESIAN_POINT('',(0.,0.,0.));
#6705=CARTESIAN_POINT('Origin',(24.5,0.,1.5));
#6706=CARTESIAN_POINT('',(23.3,-1.46957615897682E-16,0.));
#6707=CARTESIAN_POINT('Origin',(24.5,0.,0.));
#6708=CARTESIAN_POINT('',(23.3,1.46957615897682E-16,3.));
#6709=CARTESIAN_POINT('',(23.3,-1.46957615897682E-16,1.5));
#6710=CARTESIAN_POINT('Origin',(24.5,0.,3.));
#6711=CARTESIAN_POINT('Origin',(-24.5,0.,1.5));
#6712=CARTESIAN_POINT('',(-25.7,-1.46957615897682E-16,0.));
#6713=CARTESIAN_POINT('Origin',(-24.5,0.,0.));
#6714=CARTESIAN_POINT('',(-25.7,1.46957615897682E-16,3.));
#6715=CARTESIAN_POINT('',(-25.7,-1.46957615897682E-16,1.5));
#6716=CARTESIAN_POINT('Origin',(-24.5,0.,3.));
#6717=CARTESIAN_POINT('Origin',(0.,7.65,1.5));
#6718=CARTESIAN_POINT('',(-17.6,7.65,3.));
#6719=CARTESIAN_POINT('',(17.6,7.65,3.));
#6720=CARTESIAN_POINT('',(0.,7.65,3.));
#6721=CARTESIAN_POINT('',(-17.6,7.65,0.));
#6722=CARTESIAN_POINT('',(-17.6,7.65,1.5));
#6723=CARTESIAN_POINT('',(17.6,7.65,0.));
#6724=CARTESIAN_POINT('',(0.,7.65,0.));
#6725=CARTESIAN_POINT('',(17.6,7.65,1.5));
#6726=CARTESIAN_POINT('Origin',(17.6,0.,1.5));
#6727=CARTESIAN_POINT('',(17.6,-7.65,3.));
#6728=CARTESIAN_POINT('',(17.6,0.,3.));
#6729=CARTESIAN_POINT('',(17.6,-7.65,0.));
#6730=CARTESIAN_POINT('',(17.6,0.,0.));
#6731=CARTESIAN_POINT('',(17.6,-7.65,1.5));
#6732=CARTESIAN_POINT('Origin',(0.,-7.65,1.5));
#6733=CARTESIAN_POINT('',(-17.6,-7.65,3.));
#6734=CARTESIAN_POINT('',(0.,-7.65,3.));
#6735=CARTESIAN_POINT('',(-17.6,-7.65,0.));
#6736=CARTESIAN_POINT('',(0.,-7.65,0.));
#6737=CARTESIAN_POINT('',(-17.6,-7.65,1.5));
#6738=CARTESIAN_POINT('Origin',(-17.6,0.,1.5));
#6739=CARTESIAN_POINT('',(-17.6,0.,3.));
#6740=CARTESIAN_POINT('',(-17.6,0.,0.));
#6741=CARTESIAN_POINT('Origin',(0.,0.,3.));
#6742=CARTESIAN_POINT('',(45.,-22.,3.));
#6743=CARTESIAN_POINT('',(45.,22.,3.));
#6744=CARTESIAN_POINT('',(45.,0.,3.));
#6745=CARTESIAN_POINT('',(-45.,22.,3.));
#6746=CARTESIAN_POINT('',(0.,22.,3.));
#6747=CARTESIAN_POINT('',(-45.,-22.,3.));
#6748=CARTESIAN_POINT('',(-45.,0.,3.));
#6749=CARTESIAN_POINT('',(0.,-22.,3.));
#6750=CARTESIAN_POINT('Origin',(0.,0.,0.));
#6751=CARTESIAN_POINT('',(45.,22.,0.));
#6752=CARTESIAN_POINT('',(45.,-22.,0.));
#6753=CARTESIAN_POINT('',(45.,0.,0.));
#6754=CARTESIAN_POINT('',(-45.,-22.,0.));
#6755=CARTESIAN_POINT('',(0.,-22.,0.));
#6756=CARTESIAN_POINT('',(-45.,22.,0.));
#6757=CARTESIAN_POINT('',(-45.,0.,0.));
#6758=CARTESIAN_POINT('',(0.,22.,0.));
#6759=CARTESIAN_POINT('Origin',(0.,-22.,1.5));
#6760=CARTESIAN_POINT('',(-45.,-22.,1.5));
#6761=CARTESIAN_POINT('',(45.,-22.,1.5));
#6762=CARTESIAN_POINT('Origin',(-45.,0.,1.5));
#6763=CARTESIAN_POINT('',(-45.,22.,1.5));
#6764=CARTESIAN_POINT('Origin',(0.,22.,1.5));
#6765=CARTESIAN_POINT('',(45.,22.,1.5));
#6766=CARTESIAN_POINT('Origin',(45.,0.,1.5));
#6767=CARTESIAN_POINT('',(0.,0.,0.));
#6768=CARTESIAN_POINT('Origin',(18.,8.15,3.8));
#6769=CARTESIAN_POINT('',(19.6,8.15,4.2));
#6770=CARTESIAN_POINT('',(20.,8.15,3.8));
#6771=CARTESIAN_POINT('Origin',(19.6,8.15,3.8));
#6772=CARTESIAN_POINT('',(18.,10.15,3.8));
#6773=CARTESIAN_POINT('Origin',(18.,8.15,3.8));
#6774=CARTESIAN_POINT('',(18.,9.75,4.2));
#6775=CARTESIAN_POINT('Origin',(18.,9.75,3.8));
#6776=CARTESIAN_POINT('Origin',(18.,8.15,4.2));
#6777=CARTESIAN_POINT('Origin',(0.,9.75,3.8));
#6778=CARTESIAN_POINT('',(-18.,10.15,3.8));
#6779=CARTESIAN_POINT('',(-18.,9.75,4.2));
#6780=CARTESIAN_POINT('Origin',(-18.,9.75,3.8));
#6781=CARTESIAN_POINT('',(0.,9.75,4.2));
#6782=CARTESIAN_POINT('',(0.,10.15,3.8));
#6783=CARTESIAN_POINT('Origin',(-18.,8.15,3.8));
#6784=CARTESIAN_POINT('',(-20.,8.15,3.8));
#6785=CARTESIAN_POINT('',(-19.6,8.15,4.2));
#6786=CARTESIAN_POINT('Origin',(-19.6,8.15,3.8));
#6787=CARTESIAN_POINT('Origin',(-18.,8.15,4.2));
#6788=CARTESIAN_POINT('Origin',(-18.,8.15,3.8));
#6789=CARTESIAN_POINT('Origin',(-19.6,0.,3.8));
#6790=CARTESIAN_POINT('',(-20.,-8.15,3.8));
#6791=CARTESIAN_POINT('',(-19.6,-8.15,4.2));
#6792=CARTESIAN_POINT('Origin',(-19.6,-8.15,3.8));
#6793=CARTESIAN_POINT('',(-19.6,0.,4.2));
#6794=CARTESIAN_POINT('',(-20.,0.,3.8));
#6795=CARTESIAN_POINT('Origin',(-18.,-8.15,3.8));
#6796=CARTESIAN_POINT('',(-18.,-10.15,3.8));
#6797=CARTESIAN_POINT('',(-18.,-9.75,4.2));
#6798=CARTESIAN_POINT('Origin',(-18.,-9.75,3.8));
#6799=CARTESIAN_POINT('Origin',(-18.,-8.15,4.2));
#6800=CARTESIAN_POINT('Origin',(-18.,-8.15,3.8));
#6801=CARTESIAN_POINT('Origin',(0.,-9.75,3.8));
#6802=CARTESIAN_POINT('',(18.,-10.15,3.8));
#6803=CARTESIAN_POINT('',(18.,-9.75,4.2));
#6804=CARTESIAN_POINT('Origin',(18.,-9.75,3.8));
#6805=CARTESIAN_POINT('',(0.,-9.75,4.2));
#6806=CARTESIAN_POINT('',(0.,-10.15,3.8));
#6807=CARTESIAN_POINT('Origin',(18.,-8.15,3.8));
#6808=CARTESIAN_POINT('',(20.,-8.15,3.8));
#6809=CARTESIAN_POINT('',(19.6,-8.15,4.2));
#6810=CARTESIAN_POINT('Origin',(19.6,-8.15,3.8));
#6811=CARTESIAN_POINT('Origin',(18.,-8.15,4.2));
#6812=CARTESIAN_POINT('Origin',(18.,-8.15,3.8));
#6813=CARTESIAN_POINT('Origin',(19.6,0.,3.8));
#6814=CARTESIAN_POINT('',(19.6,0.,4.2));
#6815=CARTESIAN_POINT('',(20.,0.,3.8));
#6816=CARTESIAN_POINT('Origin',(-20.,0.,3.6));
#6817=CARTESIAN_POINT('',(-20.,8.15,3.));
#6818=CARTESIAN_POINT('',(-20.,8.15,3.6));
#6819=CARTESIAN_POINT('',(-20.,-8.15,3.));
#6820=CARTESIAN_POINT('',(-20.,0.,3.));
#6821=CARTESIAN_POINT('',(-20.,-8.15,3.6));
#6822=CARTESIAN_POINT('Origin',(-18.,8.15,3.6));
#6823=CARTESIAN_POINT('',(-18.,10.15,3.));
#6824=CARTESIAN_POINT('',(-18.,10.15,3.6));
#6825=CARTESIAN_POINT('Origin',(-18.,8.15,3.));
#6826=CARTESIAN_POINT('Origin',(0.,10.15,3.6));
#6827=CARTESIAN_POINT('',(18.,10.15,3.));
#6828=CARTESIAN_POINT('',(18.,10.15,3.6));
#6829=CARTESIAN_POINT('',(0.,10.15,3.));
#6830=CARTESIAN_POINT('Origin',(18.,8.15,3.6));
#6831=CARTESIAN_POINT('',(20.,8.15,3.));
#6832=CARTESIAN_POINT('',(20.,8.15,3.6));
#6833=CARTESIAN_POINT('Origin',(18.,8.15,3.));
#6834=CARTESIAN_POINT('Origin',(0.,0.,4.2));
#6835=CARTESIAN_POINT('',(15.6,6.65,4.2));
#6836=CARTESIAN_POINT('',(14.4,7.85,4.2));
#6837=CARTESIAN_POINT('Origin',(14.4,6.65,4.2));
#6838=CARTESIAN_POINT('',(15.6,-6.65,4.2));
#6839=CARTESIAN_POINT('',(15.6,0.,4.2));
#6840=CARTESIAN_POINT('',(14.4,-7.85,4.2));
#6841=CARTESIAN_POINT('Origin',(14.4,-6.65,4.2));
#6842=CARTESIAN_POINT('',(-14.4,-7.85,4.2));
#6843=CARTESIAN_POINT('',(0.,-7.85,4.2));
#6844=CARTESIAN_POINT('',(-15.6,-6.65,4.2));
#6845=CARTESIAN_POINT('Origin',(-14.4,-6.65,4.2));
#6846=CARTESIAN_POINT('',(-15.6,6.65,4.2));
#6847=CARTESIAN_POINT('',(-15.6,0.,4.2));
#6848=CARTESIAN_POINT('',(-14.4,7.85,4.2));
#6849=CARTESIAN_POINT('Origin',(-14.4,6.65,4.2));
#6850=CARTESIAN_POINT('',(0.,7.85,4.2));
#6851=CARTESIAN_POINT('Origin',(14.4,6.65,3.8));
#6852=CARTESIAN_POINT('',(14.4,7.45,3.8));
#6853=CARTESIAN_POINT('Origin',(14.4,7.85,3.8));
#6854=CARTESIAN_POINT('',(15.2,6.65,3.8));
#6855=CARTESIAN_POINT('Origin',(14.4,6.65,3.8));
#6856=CARTESIAN_POINT('Origin',(15.6,6.65,3.8));
#6857=CARTESIAN_POINT('Origin',(15.6,0.,3.8));
#6858=CARTESIAN_POINT('',(15.2,-6.65,3.8));
#6859=CARTESIAN_POINT('Origin',(15.6,-6.65,3.8));
#6860=CARTESIAN_POINT('',(15.2,0.,3.8));
#6861=CARTESIAN_POINT('Origin',(14.4,-6.65,3.8));
#6862=CARTESIAN_POINT('',(14.4,-7.45,3.8));
#6863=CARTESIAN_POINT('Origin',(14.4,-7.85,3.8));
#6864=CARTESIAN_POINT('Origin',(14.4,-6.65,3.8));
#6865=CARTESIAN_POINT('Origin',(0.,-7.85,3.8));
#6866=CARTESIAN_POINT('',(-14.4,-7.45,3.8));
#6867=CARTESIAN_POINT('Origin',(-14.4,-7.85,3.8));
#6868=CARTESIAN_POINT('',(0.,-7.45,3.8));
#6869=CARTESIAN_POINT('Origin',(-14.4,-6.65,3.8));
#6870=CARTESIAN_POINT('',(-15.2,-6.65,3.8));
#6871=CARTESIAN_POINT('Origin',(-15.6,-6.65,3.8));
#6872=CARTESIAN_POINT('Origin',(-14.4,-6.65,3.8));
#6873=CARTESIAN_POINT('Origin',(-15.6,0.,3.8));
#6874=CARTESIAN_POINT('',(-15.2,6.65,3.8));
#6875=CARTESIAN_POINT('Origin',(-15.6,6.65,3.8));
#6876=CARTESIAN_POINT('',(-15.2,0.,3.8));
#6877=CARTESIAN_POINT('Origin',(-14.4,6.65,3.8));
#6878=CARTESIAN_POINT('',(-14.4,7.45,3.8));
#6879=CARTESIAN_POINT('Origin',(-14.4,7.85,3.8));
#6880=CARTESIAN_POINT('Origin',(-14.4,6.65,3.8));
#6881=CARTESIAN_POINT('Origin',(0.,7.85,3.8));
#6882=CARTESIAN_POINT('',(0.,7.45,3.8));
#6883=CARTESIAN_POINT('Origin',(0.,-7.45,2.1));
#6884=CARTESIAN_POINT('',(14.4,-7.45,3.));
#6885=CARTESIAN_POINT('',(14.4,-7.45,2.1));
#6886=CARTESIAN_POINT('',(-14.4,-7.45,3.));
#6887=CARTESIAN_POINT('',(0.,-7.45,3.));
#6888=CARTESIAN_POINT('',(-14.4,-7.45,2.1));
#6889=CARTESIAN_POINT('Origin',(14.4,-6.65,2.1));
#6890=CARTESIAN_POINT('',(15.2,-6.65,3.));
#6891=CARTESIAN_POINT('',(15.2,-6.65,2.1));
#6892=CARTESIAN_POINT('Origin',(14.4,-6.65,3.));
#6893=CARTESIAN_POINT('Origin',(15.2,0.,2.1));
#6894=CARTESIAN_POINT('',(15.2,6.65,3.));
#6895=CARTESIAN_POINT('',(15.2,6.65,2.1));
#6896=CARTESIAN_POINT('',(15.2,0.,3.));
#6897=CARTESIAN_POINT('Origin',(14.4,6.65,2.1));
#6898=CARTESIAN_POINT('',(14.4,7.45,3.));
#6899=CARTESIAN_POINT('',(14.4,7.45,2.1));
#6900=CARTESIAN_POINT('Origin',(14.4,6.65,3.));
#6901=CARTESIAN_POINT('Origin',(0.,9.85,3.1495));
#6902=CARTESIAN_POINT('',(12.,9.85,3.));
#6903=CARTESIAN_POINT('',(-12.,9.85,3.));
#6904=CARTESIAN_POINT('',(0.,9.85,3.));
#6905=CARTESIAN_POINT('',(12.,9.85,3.3));
#6906=CARTESIAN_POINT('',(12.,9.85,3.1495));
#6907=CARTESIAN_POINT('',(-12.,9.85,3.3));
#6908=CARTESIAN_POINT('',(0.,9.85,3.3));
#6909=CARTESIAN_POINT('',(-12.,9.85,3.1495));
#6910=CARTESIAN_POINT('Origin',(-12.,8.85,3.1495));
#6911=CARTESIAN_POINT('',(-12.,7.85,3.));
#6912=CARTESIAN_POINT('',(-12.,4.425,3.));
#6913=CARTESIAN_POINT('',(-12.,7.85,3.3));
#6914=CARTESIAN_POINT('',(-12.,8.85,3.3));
#6915=CARTESIAN_POINT('',(-12.,7.85,3.1495));
#6916=CARTESIAN_POINT('Origin',(0.,8.85,3.3));
#6917=CARTESIAN_POINT('',(12.,7.85,3.3));
#6918=CARTESIAN_POINT('',(12.,8.85,3.3));
#6919=CARTESIAN_POINT('',(0.,7.85,3.3));
#6920=CARTESIAN_POINT('Origin',(0.,7.85,3.1495));
#6921=CARTESIAN_POINT('',(12.,7.85,3.));
#6922=CARTESIAN_POINT('',(0.,7.85,3.));
#6923=CARTESIAN_POINT('',(12.,7.85,3.1495));
#6924=CARTESIAN_POINT('Origin',(12.,8.85,3.1495));
#6925=CARTESIAN_POINT('',(12.,4.425,3.));
#6926=CARTESIAN_POINT('Origin',(0.,-7.85,3.1495));
#6927=CARTESIAN_POINT('',(12.,-7.85,3.));
#6928=CARTESIAN_POINT('',(-12.,-7.85,3.));
#6929=CARTESIAN_POINT('',(0.,-7.85,3.));
#6930=CARTESIAN_POINT('',(12.,-7.85,3.3));
#6931=CARTESIAN_POINT('',(12.,-7.85,3.1495));
#6932=CARTESIAN_POINT('',(-12.,-7.85,3.3));
#6933=CARTESIAN_POINT('',(0.,-7.85,3.3));
#6934=CARTESIAN_POINT('',(-12.,-7.85,3.1495));
#6935=CARTESIAN_POINT('Origin',(-12.,-8.85,3.1495));
#6936=CARTESIAN_POINT('',(-12.,-9.85,3.));
#6937=CARTESIAN_POINT('',(-12.,-4.425,3.));
#6938=CARTESIAN_POINT('',(-12.,-9.85,3.3));
#6939=CARTESIAN_POINT('',(-12.,-8.85,3.3));
#6940=CARTESIAN_POINT('',(-12.,-9.85,3.1495));
#6941=CARTESIAN_POINT('Origin',(0.,-8.85,3.3));
#6942=CARTESIAN_POINT('',(12.,-9.85,3.3));
#6943=CARTESIAN_POINT('',(12.,-8.85,3.3));
#6944=CARTESIAN_POINT('',(0.,-9.85,3.3));
#6945=CARTESIAN_POINT('Origin',(0.,-9.85,3.1495));
#6946=CARTESIAN_POINT('',(12.,-9.85,3.));
#6947=CARTESIAN_POINT('',(0.,-9.85,3.));
#6948=CARTESIAN_POINT('',(12.,-9.85,3.1495));
#6949=CARTESIAN_POINT('Origin',(12.,-8.85,3.1495));
#6950=CARTESIAN_POINT('',(12.,-4.425,3.));
#6951=CARTESIAN_POINT('Origin',(16.85,3.4,1.6));
#6952=CARTESIAN_POINT('',(17.45,3.4,3.));
#6953=CARTESIAN_POINT('',(17.45,3.4,0.2));
#6954=CARTESIAN_POINT('',(17.45,3.4,1.6));
#6955=CARTESIAN_POINT('',(16.85,4.,0.2));
#6956=CARTESIAN_POINT('Origin',(16.85,3.4,0.2));
#6957=CARTESIAN_POINT('',(16.85,4.,3.));
#6958=CARTESIAN_POINT('',(16.85,4.,1.6));
#6959=CARTESIAN_POINT('Origin',(16.85,3.4,3.));
#6960=CARTESIAN_POINT('Origin',(16.85,-3.4,1.6));
#6961=CARTESIAN_POINT('',(16.85,-4.,3.));
#6962=CARTESIAN_POINT('',(16.85,-4.,0.2));
#6963=CARTESIAN_POINT('',(16.85,-4.,1.6));
#6964=CARTESIAN_POINT('',(17.45,-3.4,0.2));
#6965=CARTESIAN_POINT('Origin',(16.85,-3.4,0.2));
#6966=CARTESIAN_POINT('',(17.45,-3.4,3.));
#6967=CARTESIAN_POINT('',(17.45,-3.4,1.6));
#6968=CARTESIAN_POINT('Origin',(16.85,-3.4,3.));
#6969=CARTESIAN_POINT('Origin',(15.9,3.4,1.6));
#6970=CARTESIAN_POINT('',(15.3,3.4,3.));
#6971=CARTESIAN_POINT('',(15.3,3.4,0.2));
#6972=CARTESIAN_POINT('',(15.3,3.4,1.6));
#6973=CARTESIAN_POINT('',(15.9,4.,3.));
#6974=CARTESIAN_POINT('Origin',(15.9,3.4,3.));
#6975=CARTESIAN_POINT('',(15.9,4.,0.2));
#6976=CARTESIAN_POINT('',(15.9,4.,1.6));
#6977=CARTESIAN_POINT('Origin',(15.9,3.4,0.2));
#6978=CARTESIAN_POINT('Origin',(16.375,0.,0.2));
#6979=CARTESIAN_POINT('',(17.45,0.,0.2));
#6980=CARTESIAN_POINT('',(15.9,-4.,0.2));
#6981=CARTESIAN_POINT('',(16.375,-4.,0.2));
#6982=CARTESIAN_POINT('',(15.3,-3.4,0.2));
#6983=CARTESIAN_POINT('Origin',(15.9,-3.4,0.2));
#6984=CARTESIAN_POINT('',(15.3,0.,0.2));
#6985=CARTESIAN_POINT('',(16.375,4.,0.2));
#6986=CARTESIAN_POINT('Origin',(15.9,-3.4,1.6));
#6987=CARTESIAN_POINT('',(15.9,-4.,3.));
#6988=CARTESIAN_POINT('',(15.9,-4.,1.6));
#6989=CARTESIAN_POINT('',(15.3,-3.4,3.));
#6990=CARTESIAN_POINT('Origin',(15.9,-3.4,3.));
#6991=CARTESIAN_POINT('',(15.3,-3.4,1.6));
#6992=CARTESIAN_POINT('Origin',(15.3,0.,1.6));
#6993=CARTESIAN_POINT('',(15.3,0.,3.));
#6994=CARTESIAN_POINT('Origin',(17.45,0.,1.6));
#6995=CARTESIAN_POINT('',(17.45,0.,3.));
#6996=CARTESIAN_POINT('Origin',(16.375,-4.,1.6));
#6997=CARTESIAN_POINT('',(8.1875,-4.,3.));
#6998=CARTESIAN_POINT('Origin',(16.375,4.,1.6));
#6999=CARTESIAN_POINT('',(8.1875,4.,3.));
#7000=CARTESIAN_POINT('Origin',(-15.9,3.4,1.6));
#7001=CARTESIAN_POINT('',(-15.3,3.4,3.));
#7002=CARTESIAN_POINT('',(-15.3,3.4,0.2));
#7003=CARTESIAN_POINT('',(-15.3,3.4,1.6));
#7004=CARTESIAN_POINT('',(-15.9,4.,0.2));
#7005=CARTESIAN_POINT('Origin',(-15.9,3.4,0.2));
#7006=CARTESIAN_POINT('',(-15.9,4.,3.));
#7007=CARTESIAN_POINT('',(-15.9,4.,1.6));
#7008=CARTESIAN_POINT('Origin',(-15.9,3.4,3.));
#7009=CARTESIAN_POINT('Origin',(-15.9,-3.4,1.6));
#7010=CARTESIAN_POINT('',(-15.9,-4.,3.));
#7011=CARTESIAN_POINT('',(-15.9,-4.,0.2));
#7012=CARTESIAN_POINT('',(-15.9,-4.,1.6));
#7013=CARTESIAN_POINT('',(-15.3,-3.4,0.2));
#7014=CARTESIAN_POINT('Origin',(-15.9,-3.4,0.2));
#7015=CARTESIAN_POINT('',(-15.3,-3.4,3.));
#7016=CARTESIAN_POINT('',(-15.3,-3.4,1.6));
#7017=CARTESIAN_POINT('Origin',(-15.9,-3.4,3.));
#7018=CARTESIAN_POINT('Origin',(-16.85,3.4,1.6));
#7019=CARTESIAN_POINT('',(-17.45,3.4,3.));
#7020=CARTESIAN_POINT('',(-17.45,3.4,0.2));
#7021=CARTESIAN_POINT('',(-17.45,3.4,1.6));
#7022=CARTESIAN_POINT('',(-16.85,4.,3.));
#7023=CARTESIAN_POINT('Origin',(-16.85,3.4,3.));
#7024=CARTESIAN_POINT('',(-16.85,4.,0.2));
#7025=CARTESIAN_POINT('',(-16.85,4.,1.6));
#7026=CARTESIAN_POINT('Origin',(-16.85,3.4,0.2));
#7027=CARTESIAN_POINT('Origin',(-16.375,0.,0.2));
#7028=CARTESIAN_POINT('',(-15.3,0.,0.2));
#7029=CARTESIAN_POINT('',(-16.85,-4.,0.2));
#7030=CARTESIAN_POINT('',(-16.375,-4.,0.2));
#7031=CARTESIAN_POINT('',(-17.45,-3.4,0.2));
#7032=CARTESIAN_POINT('Origin',(-16.85,-3.4,0.2));
#7033=CARTESIAN_POINT('',(-17.45,0.,0.2));
#7034=CARTESIAN_POINT('',(-16.375,4.,0.2));
#7035=CARTESIAN_POINT('Origin',(-16.85,-3.4,1.6));
#7036=CARTESIAN_POINT('',(-16.85,-4.,3.));
#7037=CARTESIAN_POINT('',(-16.85,-4.,1.6));
#7038=CARTESIAN_POINT('',(-17.45,-3.4,3.));
#7039=CARTESIAN_POINT('Origin',(-16.85,-3.4,3.));
#7040=CARTESIAN_POINT('',(-17.45,-3.4,1.6));
#7041=CARTESIAN_POINT('Origin',(-17.45,0.,1.6));
#7042=CARTESIAN_POINT('',(-17.45,0.,3.));
#7043=CARTESIAN_POINT('Origin',(-15.3,0.,1.6));
#7044=CARTESIAN_POINT('',(-15.3,0.,3.));
#7045=CARTESIAN_POINT('Origin',(-16.375,-4.,1.6));
#7046=CARTESIAN_POINT('',(-8.1875,-4.,3.));
#7047=CARTESIAN_POINT('Origin',(-16.375,4.,1.6));
#7048=CARTESIAN_POINT('',(-8.1875,4.,3.));
#7049=CARTESIAN_POINT('Origin',(-14.4,6.65,2.1));
#7050=CARTESIAN_POINT('',(-15.2,6.65,3.));
#7051=CARTESIAN_POINT('',(-15.2,6.65,2.1));
#7052=CARTESIAN_POINT('',(-14.4,7.45,3.));
#7053=CARTESIAN_POINT('Origin',(-14.4,6.65,3.));
#7054=CARTESIAN_POINT('',(-14.4,7.45,2.1));
#7055=CARTESIAN_POINT('Origin',(-14.4,-6.65,2.1));
#7056=CARTESIAN_POINT('',(-15.2,-6.65,3.));
#7057=CARTESIAN_POINT('Origin',(-14.4,-6.65,3.));
#7058=CARTESIAN_POINT('',(-15.2,-6.65,2.1));
#7059=CARTESIAN_POINT('Origin',(-15.2,0.,2.1));
#7060=CARTESIAN_POINT('',(-15.2,0.,3.));
#7061=CARTESIAN_POINT('Origin',(0.,7.45,2.1));
#7062=CARTESIAN_POINT('',(0.,7.45,3.));
#7063=CARTESIAN_POINT('Origin',(18.,-8.15,3.6));
#7064=CARTESIAN_POINT('',(18.,-10.15,3.));
#7065=CARTESIAN_POINT('',(18.,-10.15,3.6));
#7066=CARTESIAN_POINT('',(20.,-8.15,3.));
#7067=CARTESIAN_POINT('Origin',(18.,-8.15,3.));
#7068=CARTESIAN_POINT('',(20.,-8.15,3.6));
#7069=CARTESIAN_POINT('Origin',(0.,0.,3.));
#7070=CARTESIAN_POINT('',(20.,0.,3.));
#7071=CARTESIAN_POINT('',(-18.,-10.15,3.));
#7072=CARTESIAN_POINT('',(0.,-10.15,3.));
#7073=CARTESIAN_POINT('Origin',(-18.,-8.15,3.));
#7074=CARTESIAN_POINT('Origin',(-18.,-8.15,3.6));
#7075=CARTESIAN_POINT('',(-18.,-10.15,3.6));
#7076=CARTESIAN_POINT('Origin',(20.,0.,3.6));
#7077=CARTESIAN_POINT('Origin',(0.,-10.15,3.6));
#7078=CARTESIAN_POINT('',(0.,0.,0.));
#7079=CARTESIAN_POINT('Origin',(-15.,18.25,-1.9));
#7080=CARTESIAN_POINT('',(-13.5,18.25,-2.7));
#7081=CARTESIAN_POINT('Origin',(-15.,18.25,-2.7));
#7082=CARTESIAN_POINT('',(-13.5,18.25,-1.1));
#7083=CARTESIAN_POINT('',(-13.5,18.25,-1.9));
#7084=CARTESIAN_POINT('Origin',(-15.,18.25,-1.1));
#7085=CARTESIAN_POINT('Origin',(-15.,-10.25,-1.9));
#7086=CARTESIAN_POINT('',(-13.5,-10.25,-2.7));
#7087=CARTESIAN_POINT('Origin',(-15.,-10.25,-2.7));
#7088=CARTESIAN_POINT('',(-13.5,-10.25,-1.1));
#7089=CARTESIAN_POINT('',(-13.5,-10.25,-1.9));
#7090=CARTESIAN_POINT('Origin',(-15.,-10.25,-1.1));
#7091=CARTESIAN_POINT('Origin',(15.,18.25,-1.9));
#7092=CARTESIAN_POINT('',(16.5,18.25,-2.7));
#7093=CARTESIAN_POINT('Origin',(15.,18.25,-2.7));
#7094=CARTESIAN_POINT('',(16.5,18.25,-1.1));
#7095=CARTESIAN_POINT('',(16.5,18.25,-1.9));
#7096=CARTESIAN_POINT('Origin',(15.,18.25,-1.1));
#7097=CARTESIAN_POINT('Origin',(15.,-10.25,-1.9));
#7098=CARTESIAN_POINT('',(16.5,-10.25,-2.7));
#7099=CARTESIAN_POINT('Origin',(15.,-10.25,-2.7));
#7100=CARTESIAN_POINT('',(16.5,-10.25,-1.1));
#7101=CARTESIAN_POINT('',(16.5,-10.25,-1.9));
#7102=CARTESIAN_POINT('Origin',(15.,-10.25,-1.1));
#7103=CARTESIAN_POINT('Origin',(4.89858719658941E-16,4.,-1.1));
#7104=CARTESIAN_POINT('',(-17.7,20.75,-1.1));
#7105=CARTESIAN_POINT('',(-17.7,-12.75,-1.1));
#7106=CARTESIAN_POINT('',(-17.7,4.,-1.1));
#7107=CARTESIAN_POINT('',(17.7,-12.75,-1.1));
#7108=CARTESIAN_POINT('',(-1.56142466891288E-15,-12.75,-1.1));
#7109=CARTESIAN_POINT('',(17.7,20.75,-1.1));
#7110=CARTESIAN_POINT('',(17.7,4.,-1.1));
#7111=CARTESIAN_POINT('',(2.54114210823076E-15,20.75,-1.1));
#7112=CARTESIAN_POINT('Origin',(4.89858719658941E-16,4.,-2.7));
#7113=CARTESIAN_POINT('',(-17.7,-12.75,-2.7));
#7114=CARTESIAN_POINT('',(-17.7,20.75,-2.7));
#7115=CARTESIAN_POINT('',(-17.7,4.,-2.7));
#7116=CARTESIAN_POINT('',(17.7,20.75,-2.7));
#7117=CARTESIAN_POINT('',(2.54114210823076E-15,20.75,-2.7));
#7118=CARTESIAN_POINT('',(17.7,-12.75,-2.7));
#7119=CARTESIAN_POINT('',(17.7,4.,-2.7));
#7120=CARTESIAN_POINT('',(-1.56142466891288E-15,-12.75,-2.7));
#7121=CARTESIAN_POINT('Origin',(2.54114210823076E-15,20.75,-1.9));
#7122=CARTESIAN_POINT('',(17.7,20.75,-1.9));
#7123=CARTESIAN_POINT('',(-17.7,20.75,-1.9));
#7124=CARTESIAN_POINT('Origin',(17.7,4.,-1.9));
#7125=CARTESIAN_POINT('',(17.7,-12.75,-1.9));
#7126=CARTESIAN_POINT('Origin',(-1.56142466891288E-15,-12.75,-1.9));
#7127=CARTESIAN_POINT('',(-17.7,-12.75,-1.9));
#7128=CARTESIAN_POINT('Origin',(-17.7,4.,-1.9));
#7129=CARTESIAN_POINT('Origin',(3.00038465791101E-16,2.45,-0.3));
#7130=CARTESIAN_POINT('',(-17.25,13.95,-0.3));
#7131=CARTESIAN_POINT('',(-17.25,-9.05,-0.3));
#7132=CARTESIAN_POINT('',(-17.25,2.45,-0.3));
#7133=CARTESIAN_POINT('',(17.25,-9.05,-0.3));
#7134=CARTESIAN_POINT('',(-1.10830535322835E-15,-9.05,-0.3));
#7135=CARTESIAN_POINT('',(17.25,13.95,-0.3));
#7136=CARTESIAN_POINT('',(17.25,2.45,-0.3));
#7137=CARTESIAN_POINT('',(1.70838228481056E-15,13.95,-0.3));
#7138=CARTESIAN_POINT('Origin',(3.00038465791101E-16,2.45,-1.1));
#7139=CARTESIAN_POINT('',(-17.25,-9.05,-1.1));
#7140=CARTESIAN_POINT('',(-17.25,13.95,-1.1));
#7141=CARTESIAN_POINT('',(-17.25,2.45,-1.1));
#7142=CARTESIAN_POINT('',(17.25,13.95,-1.1));
#7143=CARTESIAN_POINT('',(1.70838228481056E-15,13.95,-1.1));
#7144=CARTESIAN_POINT('',(17.25,-9.05,-1.1));
#7145=CARTESIAN_POINT('',(17.25,2.45,-1.1));
#7146=CARTESIAN_POINT('',(-1.10830535322835E-15,-9.05,-1.1));
#7147=CARTESIAN_POINT('Origin',(1.70838228481056E-15,13.95,-0.7));
#7148=CARTESIAN_POINT('',(17.25,13.95,-0.7));
#7149=CARTESIAN_POINT('',(-17.25,13.95,-0.7));
#7150=CARTESIAN_POINT('Origin',(17.25,2.45,-0.7));
#7151=CARTESIAN_POINT('',(17.25,-9.05,-0.7));
#7152=CARTESIAN_POINT('Origin',(-1.10830535322835E-15,-9.05,-0.7));
#7153=CARTESIAN_POINT('',(-17.25,-9.05,-0.7));
#7154=CARTESIAN_POINT('Origin',(-17.25,2.45,-0.7));
#7155=CARTESIAN_POINT('Origin',(0.,0.,-0.3));
#7156=CARTESIAN_POINT('',(-14.71,7.35,-0.3));
#7157=CARTESIAN_POINT('',(-14.71,-7.35,-0.3));
#7158=CARTESIAN_POINT('',(-14.71,1.80145544154576E-15,-0.3));
#7159=CARTESIAN_POINT('',(14.71,-7.35,-0.3));
#7160=CARTESIAN_POINT('',(-9.00115397373305E-16,-7.35,-0.3));
#7161=CARTESIAN_POINT('',(14.71,7.35,-0.3));
#7162=CARTESIAN_POINT('',(14.71,-1.80145544154576E-15,-0.3));
#7163=CARTESIAN_POINT('',(9.00115397373305E-16,7.35,-0.3));
#7164=CARTESIAN_POINT('Origin',(0.,0.,-0.35));
#7165=CARTESIAN_POINT('',(-14.71,-7.35,-0.35));
#7166=CARTESIAN_POINT('',(-14.71,7.35,-0.35));
#7167=CARTESIAN_POINT('',(-14.71,1.80145544154576E-15,-0.35));
#7168=CARTESIAN_POINT('',(14.71,7.35,-0.35));
#7169=CARTESIAN_POINT('',(9.00115397373305E-16,7.35,-0.35));
#7170=CARTESIAN_POINT('',(14.71,-7.35,-0.35));
#7171=CARTESIAN_POINT('',(14.71,-1.80145544154576E-15,-0.35));
#7172=CARTESIAN_POINT('',(-9.00115397373305E-16,-7.35,-0.35));
#7173=CARTESIAN_POINT('Origin',(9.00115397373305E-16,7.35,-0.325));
#7174=CARTESIAN_POINT('',(14.71,7.35,-0.325));
#7175=CARTESIAN_POINT('',(-14.71,7.35,-0.325));
#7176=CARTESIAN_POINT('Origin',(14.71,-1.80145544154576E-15,-0.325));
#7177=CARTESIAN_POINT('',(14.71,-7.35,-0.325));
#7178=CARTESIAN_POINT('Origin',(-9.00115397373305E-16,-7.35,-0.325));
#7179=CARTESIAN_POINT('',(-14.71,-7.35,-0.325));
#7180=CARTESIAN_POINT('Origin',(-14.71,1.80145544154576E-15,-0.325));
#7181=CARTESIAN_POINT('Origin',(2.35744508835865E-15,19.25,-2.7));
#7182=CARTESIAN_POINT('',(-5.,20.75,-2.7));
#7183=CARTESIAN_POINT('',(-5.,17.75,-2.7));
#7184=CARTESIAN_POINT('',(-5.,19.25,-2.7));
#7185=CARTESIAN_POINT('',(5.,17.75,-2.7));
#7186=CARTESIAN_POINT('',(2.17374806848655E-15,17.75,-2.7));
#7187=CARTESIAN_POINT('',(5.,20.75,-2.7));
#7188=CARTESIAN_POINT('',(5.,19.25,-2.7));
#7189=CARTESIAN_POINT('',(2.54114210823076E-15,20.75,-2.7));
#7190=CARTESIAN_POINT('Origin',(2.35744508835865E-15,19.25,-10.8));
#7191=CARTESIAN_POINT('',(-5.,17.75,-10.8));
#7192=CARTESIAN_POINT('',(-5.,20.75,-10.8));
#7193=CARTESIAN_POINT('',(-5.,19.25,-10.8));
#7194=CARTESIAN_POINT('',(5.,20.75,-10.8));
#7195=CARTESIAN_POINT('',(2.54114210823076E-15,20.75,-10.8));
#7196=CARTESIAN_POINT('',(5.,17.75,-10.8));
#7197=CARTESIAN_POINT('',(5.,19.25,-10.8));
#7198=CARTESIAN_POINT('',(2.17374806848655E-15,17.75,-10.8));
#7199=CARTESIAN_POINT('Origin',(2.54114210823076E-15,20.75,-6.75));
#7200=CARTESIAN_POINT('',(5.,20.75,-6.75));
#7201=CARTESIAN_POINT('',(-5.,20.75,-6.75));
#7202=CARTESIAN_POINT('Origin',(5.,19.25,-6.75));
#7203=CARTESIAN_POINT('',(5.,17.75,-6.75));
#7204=CARTESIAN_POINT('Origin',(2.17374806848655E-15,17.75,-6.75));
#7205=CARTESIAN_POINT('',(-5.,17.75,-6.75));
#7206=CARTESIAN_POINT('Origin',(-5.,19.25,-6.75));
#7207=CARTESIAN_POINT('Origin',(-3.81,18.55,-0.1));
#7208=CARTESIAN_POINT('',(-3.66,18.55,0.900000000000001));
#7209=CARTESIAN_POINT('Origin',(-3.81,18.55,0.9));
#7210=CARTESIAN_POINT('',(-2.81,18.55,-1.1));
#7211=CARTESIAN_POINT('',(-3.235,18.55,-0.1));
#7212=CARTESIAN_POINT('Origin',(-3.81,18.55,-1.1));
#7213=CARTESIAN_POINT('Origin',(-3.81,18.55,-1.1));
#7214=CARTESIAN_POINT('Origin',(-3.81,18.55,0.9));
#7215=CARTESIAN_POINT('Origin',(1.27,18.55,-0.1));
#7216=CARTESIAN_POINT('',(1.42,18.55,0.900000000000001));
#7217=CARTESIAN_POINT('Origin',(1.27,18.55,0.9));
#7218=CARTESIAN_POINT('',(2.27,18.55,-1.1));
#7219=CARTESIAN_POINT('',(1.845,18.55,-0.1));
#7220=CARTESIAN_POINT('Origin',(1.27,18.55,-1.1));
#7221=CARTESIAN_POINT('Origin',(1.27,18.55,-1.1));
#7222=CARTESIAN_POINT('Origin',(1.27,18.55,0.9));
#7223=CARTESIAN_POINT('Origin',(3.81,18.55,-0.1));
#7224=CARTESIAN_POINT('',(3.96,18.55,0.900000000000001));
#7225=CARTESIAN_POINT('Origin',(3.81,18.55,0.9));
#7226=CARTESIAN_POINT('',(4.81,18.55,-1.1));
#7227=CARTESIAN_POINT('',(4.385,18.55,-0.1));
#7228=CARTESIAN_POINT('Origin',(3.81,18.55,-1.1));
#7229=CARTESIAN_POINT('Origin',(3.81,18.55,-1.1));
#7230=CARTESIAN_POINT('Origin',(3.81,18.55,0.9));
#7231=CARTESIAN_POINT('Origin',(-1.27,18.55,-0.1));
#7232=CARTESIAN_POINT('',(-1.12,18.55,0.900000000000001));
#7233=CARTESIAN_POINT('Origin',(-1.27,18.55,0.9));
#7234=CARTESIAN_POINT('',(-0.269999999999998,18.55,-1.1));
#7235=CARTESIAN_POINT('',(-0.694999999999998,18.55,-0.1));
#7236=CARTESIAN_POINT('Origin',(-1.27,18.55,-1.1));
#7237=CARTESIAN_POINT('Origin',(-1.27,18.55,-1.1));
#7238=CARTESIAN_POINT('Origin',(-1.27,18.55,0.9));
#7239=CARTESIAN_POINT('Origin',(-3.81,-10.55,-0.1));
#7240=CARTESIAN_POINT('',(-3.66,-10.55,0.900000000000001));
#7241=CARTESIAN_POINT('Origin',(-3.81,-10.55,0.9));
#7242=CARTESIAN_POINT('',(-2.81,-10.55,-1.1));
#7243=CARTESIAN_POINT('',(-3.235,-10.55,-0.1));
#7244=CARTESIAN_POINT('Origin',(-3.81,-10.55,-1.1));
#7245=CARTESIAN_POINT('Origin',(-3.81,-10.55,-1.1));
#7246=CARTESIAN_POINT('Origin',(-3.81,-10.55,0.9));
#7247=CARTESIAN_POINT('Origin',(1.27,-10.55,-0.1));
#7248=CARTESIAN_POINT('',(1.42,-10.55,0.900000000000001));
#7249=CARTESIAN_POINT('Origin',(1.27,-10.55,0.9));
#7250=CARTESIAN_POINT('',(2.27,-10.55,-1.1));
#7251=CARTESIAN_POINT('',(1.845,-10.55,-0.1));
#7252=CARTESIAN_POINT('Origin',(1.27,-10.55,-1.1));
#7253=CARTESIAN_POINT('Origin',(1.27,-10.55,-1.1));
#7254=CARTESIAN_POINT('Origin',(1.27,-10.55,0.9));
#7255=CARTESIAN_POINT('Origin',(3.81,-10.55,-0.1));
#7256=CARTESIAN_POINT('',(3.96,-10.55,0.900000000000001));
#7257=CARTESIAN_POINT('Origin',(3.81,-10.55,0.9));
#7258=CARTESIAN_POINT('',(4.81,-10.55,-1.1));
#7259=CARTESIAN_POINT('',(4.385,-10.55,-0.1));
#7260=CARTESIAN_POINT('Origin',(3.81,-10.55,-1.1));
#7261=CARTESIAN_POINT('Origin',(3.81,-10.55,-1.1));
#7262=CARTESIAN_POINT('Origin',(3.81,-10.55,0.9));
#7263=CARTESIAN_POINT('Origin',(-1.27,-10.55,-0.1));
#7264=CARTESIAN_POINT('',(-1.12,-10.55,0.900000000000001));
#7265=CARTESIAN_POINT('Origin',(-1.27,-10.55,0.9));
#7266=CARTESIAN_POINT('',(-0.270000000000001,-10.55,-1.1));
#7267=CARTESIAN_POINT('',(-0.695000000000001,-10.55,-0.1));
#7268=CARTESIAN_POINT('Origin',(-1.27,-10.55,-1.1));
#7269=CARTESIAN_POINT('Origin',(-1.27,-10.55,-1.1));
#7270=CARTESIAN_POINT('Origin',(-1.27,-10.55,0.9));
#7271=CARTESIAN_POINT('',(0.,0.,0.));
#7272=CARTESIAN_POINT('Origin',(-8.,26.35,-4.8));
#7273=CARTESIAN_POINT('',(-5.,24.5,-4.8));
#7274=CARTESIAN_POINT('',(-11.,24.5,-4.8));
#7275=CARTESIAN_POINT('',(-8.,24.5,-4.8));
#7276=CARTESIAN_POINT('',(-5.,28.2,-4.8));
#7277=CARTESIAN_POINT('',(-5.,26.35,-4.8));
#7278=CARTESIAN_POINT('',(-11.,28.2,-4.8));
#7279=CARTESIAN_POINT('',(-8.,28.2,-4.8));
#7280=CARTESIAN_POINT('',(-11.,26.35,-4.8));
#7281=CARTESIAN_POINT('Origin',(-8.,23.2,-4.7));
#7282=CARTESIAN_POINT('',(-5.,23.2,-6.2));
#7283=CARTESIAN_POINT('',(-11.,23.2,-6.2));
#7284=CARTESIAN_POINT('',(-8.,23.2,-6.2));
#7285=CARTESIAN_POINT('',(-5.,23.2,-3.2));
#7286=CARTESIAN_POINT('',(-5.,23.2,-4.7));
#7287=CARTESIAN_POINT('',(-11.,23.2,-3.2));
#7288=CARTESIAN_POINT('',(-4.,23.2,-3.2));
#7289=CARTESIAN_POINT('',(-11.,23.2,-4.7));
#7290=CARTESIAN_POINT('Origin',(-5.,23.85,-4.7));
#7291=CARTESIAN_POINT('',(-5.,24.5,-3.2));
#7292=CARTESIAN_POINT('',(-5.,24.5,-4.7));
#7293=CARTESIAN_POINT('',(-5.,24.7,-3.2));
#7294=CARTESIAN_POINT('',(-5.,29.5,-6.2));
#7295=CARTESIAN_POINT('',(-5.,23.85,-6.2));
#7296=CARTESIAN_POINT('',(-5.,29.5,-3.2));
#7297=CARTESIAN_POINT('',(-5.,29.5,-4.7));
#7298=CARTESIAN_POINT('',(-5.,28.2,-3.2));
#7299=CARTESIAN_POINT('',(-5.,27.2,-3.2));
#7300=CARTESIAN_POINT('',(-5.,28.2,-4.7));
#7301=CARTESIAN_POINT('Origin',(-8.,24.5,-4.7));
#7302=CARTESIAN_POINT('',(-11.,24.5,-3.2));
#7303=CARTESIAN_POINT('',(-11.,24.5,-4.7));
#7304=CARTESIAN_POINT('',(-4.,24.5,-3.2));
#7305=CARTESIAN_POINT('Origin',(-8.,29.5,-4.7));
#7306=CARTESIAN_POINT('',(-11.,29.5,-6.2));
#7307=CARTESIAN_POINT('',(-8.,29.5,-6.2));
#7308=CARTESIAN_POINT('',(-11.,29.5,-3.2));
#7309=CARTESIAN_POINT('',(-11.,29.5,-4.7));
#7310=CARTESIAN_POINT('',(-4.,29.5,-3.2));
#7311=CARTESIAN_POINT('Origin',(-8.,28.2,-4.7));
#7312=CARTESIAN_POINT('',(-11.,28.2,-3.2));
#7313=CARTESIAN_POINT('',(-4.,28.2,-3.2));
#7314=CARTESIAN_POINT('',(-11.,28.2,-4.7));
#7315=CARTESIAN_POINT('Origin',(-8.,23.85,-6.2));
#7316=CARTESIAN_POINT('',(-11.,23.85,-6.2));
#7317=CARTESIAN_POINT('Origin',(-11.,23.85,-4.7));
#7318=CARTESIAN_POINT('',(-11.,24.7,-3.2));
#7319=CARTESIAN_POINT('',(-11.,27.2,-3.2));
#7320=CARTESIAN_POINT('Origin',(8.,26.35,-4.8));
#7321=CARTESIAN_POINT('',(11.,24.5,-4.8));
#7322=CARTESIAN_POINT('',(5.,24.5,-4.8));
#7323=CARTESIAN_POINT('',(8.,24.5,-4.8));
#7324=CARTESIAN_POINT('',(11.,28.2,-4.8));
#7325=CARTESIAN_POINT('',(11.,26.35,-4.8));
#7326=CARTESIAN_POINT('',(5.,28.2,-4.8));
#7327=CARTESIAN_POINT('',(8.,28.2,-4.8));
#7328=CARTESIAN_POINT('',(5.,26.35,-4.8));
#7329=CARTESIAN_POINT('Origin',(8.,23.2,-4.7));
#7330=CARTESIAN_POINT('',(11.,23.2,-6.2));
#7331=CARTESIAN_POINT('',(5.,23.2,-6.2));
#7332=CARTESIAN_POINT('',(8.,23.2,-6.2));
#7333=CARTESIAN_POINT('',(11.,23.2,-3.2));
#7334=CARTESIAN_POINT('',(11.,23.2,-4.7));
#7335=CARTESIAN_POINT('',(5.,23.2,-3.2));
#7336=CARTESIAN_POINT('',(4.,23.2,-3.2));
#7337=CARTESIAN_POINT('',(5.,23.2,-4.7));
#7338=CARTESIAN_POINT('Origin',(11.,23.85,-4.7));
#7339=CARTESIAN_POINT('',(11.,24.5,-3.2));
#7340=CARTESIAN_POINT('',(11.,24.5,-4.7));
#7341=CARTESIAN_POINT('',(11.,24.7,-3.2));
#7342=CARTESIAN_POINT('',(11.,29.5,-6.2));
#7343=CARTESIAN_POINT('',(11.,23.85,-6.2));
#7344=CARTESIAN_POINT('',(11.,29.5,-3.2));
#7345=CARTESIAN_POINT('',(11.,29.5,-4.7));
#7346=CARTESIAN_POINT('',(11.,28.2,-3.2));
#7347=CARTESIAN_POINT('',(11.,27.2,-3.2));
#7348=CARTESIAN_POINT('',(11.,28.2,-4.7));
#7349=CARTESIAN_POINT('Origin',(8.,24.5,-4.7));
#7350=CARTESIAN_POINT('',(5.,24.5,-3.2));
#7351=CARTESIAN_POINT('',(5.,24.5,-4.7));
#7352=CARTESIAN_POINT('',(4.,24.5,-3.2));
#7353=CARTESIAN_POINT('Origin',(8.,29.5,-4.7));
#7354=CARTESIAN_POINT('',(5.,29.5,-6.2));
#7355=CARTESIAN_POINT('',(8.,29.5,-6.2));
#7356=CARTESIAN_POINT('',(5.,29.5,-3.2));
#7357=CARTESIAN_POINT('',(5.,29.5,-4.7));
#7358=CARTESIAN_POINT('',(4.,29.5,-3.2));
#7359=CARTESIAN_POINT('Origin',(8.,28.2,-4.7));
#7360=CARTESIAN_POINT('',(5.,28.2,-3.2));
#7361=CARTESIAN_POINT('',(4.,28.2,-3.2));
#7362=CARTESIAN_POINT('',(5.,28.2,-4.7));
#7363=CARTESIAN_POINT('Origin',(8.,23.85,-6.2));
#7364=CARTESIAN_POINT('',(5.,23.85,-6.2));
#7365=CARTESIAN_POINT('Origin',(5.,23.85,-4.7));
#7366=CARTESIAN_POINT('',(5.,24.7,-3.2));
#7367=CARTESIAN_POINT('',(5.,27.2,-3.2));
#7368=CARTESIAN_POINT('Origin',(-18.8,8.,-2.75));
#7369=CARTESIAN_POINT('',(-19.4,11.075,-2.75));
#7370=CARTESIAN_POINT('',(-19.4,4.925,-2.75));
#7371=CARTESIAN_POINT('',(-19.4,8.,-2.75));
#7372=CARTESIAN_POINT('',(-18.2,11.075,-2.75));
#7373=CARTESIAN_POINT('',(-18.8,11.075,-2.75));
#7374=CARTESIAN_POINT('',(-18.2,4.925,-2.75));
#7375=CARTESIAN_POINT('',(-18.2,6.,-2.75));
#7376=CARTESIAN_POINT('',(-18.8,4.925,-2.75));
#7377=CARTESIAN_POINT('Origin',(-18.8,11.075,-4.275));
#7378=CARTESIAN_POINT('',(-18.2,11.075,-5.8));
#7379=CARTESIAN_POINT('',(-18.2,11.075,-4.1125));
#7380=CARTESIAN_POINT('',(-19.4,11.075,-5.8));
#7381=CARTESIAN_POINT('',(-19.4,11.075,-4.275));
#7382=CARTESIAN_POINT('',(-9.4,11.075,-5.8));
#7383=CARTESIAN_POINT('Origin',(-18.8,4.925,-4.275));
#7384=CARTESIAN_POINT('',(-19.4,4.925,-5.8));
#7385=CARTESIAN_POINT('',(-19.4,4.925,-4.275));
#7386=CARTESIAN_POINT('',(-18.2,4.925,-5.8));
#7387=CARTESIAN_POINT('',(-18.2,4.925,-4.1125));
#7388=CARTESIAN_POINT('',(-9.4,4.925,-5.8));
#7389=CARTESIAN_POINT('Origin',(-19.4,8.,-4.275));
#7390=CARTESIAN_POINT('',(-19.4,6.,-5.8));
#7391=CARTESIAN_POINT('Origin',(-18.2,4.,-3.95));
#7392=CARTESIAN_POINT('',(-18.2,21.25,-5.8));
#7393=CARTESIAN_POINT('',(-18.2,4.,-5.8));
#7394=CARTESIAN_POINT('',(-18.2,21.25,-1.1));
#7395=CARTESIAN_POINT('',(-18.2,21.25,-3.95));
#7396=CARTESIAN_POINT('',(-18.2,-13.25,-1.1));
#7397=CARTESIAN_POINT('',(-18.2,4.,-1.1));
#7398=CARTESIAN_POINT('',(-18.2,-13.25,-5.8));
#7399=CARTESIAN_POINT('',(-18.2,-13.25,-3.95));
#7400=CARTESIAN_POINT('',(-18.2,4.,-5.8));
#7401=CARTESIAN_POINT('Origin',(18.8,8.,-2.75));
#7402=CARTESIAN_POINT('',(18.2,11.075,-2.75));
#7403=CARTESIAN_POINT('',(18.2,4.925,-2.75));
#7404=CARTESIAN_POINT('',(18.2,6.,-2.75));
#7405=CARTESIAN_POINT('',(19.4,11.075,-2.75));
#7406=CARTESIAN_POINT('',(18.8,11.075,-2.75));
#7407=CARTESIAN_POINT('',(19.4,4.925,-2.75));
#7408=CARTESIAN_POINT('',(19.4,8.,-2.75));
#7409=CARTESIAN_POINT('',(18.8,4.925,-2.75));
#7410=CARTESIAN_POINT('Origin',(18.8,11.075,-4.275));
#7411=CARTESIAN_POINT('',(19.4,11.075,-5.8));
#7412=CARTESIAN_POINT('',(19.4,11.075,-4.275));
#7413=CARTESIAN_POINT('',(18.2,11.075,-5.8));
#7414=CARTESIAN_POINT('',(18.2,11.075,-4.1125));
#7415=CARTESIAN_POINT('',(9.4,11.075,-5.8));
#7416=CARTESIAN_POINT('Origin',(19.4,8.,-4.275));
#7417=CARTESIAN_POINT('',(19.4,4.925,-5.8));
#7418=CARTESIAN_POINT('',(19.4,4.925,-4.275));
#7419=CARTESIAN_POINT('',(19.4,6.,-5.8));
#7420=CARTESIAN_POINT('Origin',(18.8,4.925,-4.275));
#7421=CARTESIAN_POINT('',(18.2,4.925,-5.8));
#7422=CARTESIAN_POINT('',(18.2,4.925,-4.1125));
#7423=CARTESIAN_POINT('',(9.4,4.925,-5.8));
#7424=CARTESIAN_POINT('Origin',(18.2,4.,-3.95));
#7425=CARTESIAN_POINT('',(18.2,-13.25,-5.8));
#7426=CARTESIAN_POINT('',(18.2,4.,-5.8));
#7427=CARTESIAN_POINT('',(18.2,-13.25,-1.1));
#7428=CARTESIAN_POINT('',(18.2,-13.25,-3.95));
#7429=CARTESIAN_POINT('',(18.2,21.25,-1.1));
#7430=CARTESIAN_POINT('',(18.2,4.,-1.1));
#7431=CARTESIAN_POINT('',(18.2,21.25,-5.8));
#7432=CARTESIAN_POINT('',(18.2,21.25,-3.95));
#7433=CARTESIAN_POINT('',(18.2,4.,-5.8));
#7434=CARTESIAN_POINT('Origin',(-15.5,-10.25,-3.055));
#7435=CARTESIAN_POINT('',(-15.5,-8.9423303169378,-1.11));
#7436=CARTESIAN_POINT('',(-15.5,-8.9423303169378,-2.7));
#7437=CARTESIAN_POINT('',(-15.5,-8.9423303169378,-1.9));
#7438=CARTESIAN_POINT('',(-15.5,-11.5576696830622,-1.11));
#7439=CARTESIAN_POINT('',(-15.5,-10.25,-1.11));
#7440=CARTESIAN_POINT('',(-15.5,-11.5576696830622,-2.7));
#7441=CARTESIAN_POINT('',(-15.5,-11.5576696830622,-1.9));
#7442=CARTESIAN_POINT('',(-15.5,-11.7698684153571,-3.2));
#7443=CARTESIAN_POINT('Ctrl Pts',(-15.5,-11.7698684153571,-3.2));
#7444=CARTESIAN_POINT('Ctrl Pts',(-15.5,-11.6566957581332,-2.93123820750524));
#7445=CARTESIAN_POINT('Ctrl Pts',(-15.5,-11.5576696830622,-2.7));
#7446=CARTESIAN_POINT('',(-15.5,-11.3408712114636,-4.4));
#7447=CARTESIAN_POINT('Ctrl Pts',(-15.5,-11.3408712114636,-4.4));
#7448=CARTESIAN_POINT('Ctrl Pts',(-15.5,-11.5247271559893,-3.898592107651));
#7449=CARTESIAN_POINT('Ctrl Pts',(-15.5,-11.7698684153571,-3.2));
#7450=CARTESIAN_POINT('',(-15.5,-9.15912878853643,-4.4));
#7451=CARTESIAN_POINT('',(-15.5,-10.25,-4.4));
#7452=CARTESIAN_POINT('',(-15.5,-8.73013158464293,-3.2));
#7453=CARTESIAN_POINT('Ctrl Pts',(-15.5,-8.73013158464293,-3.2));
#7454=CARTESIAN_POINT('Ctrl Pts',(-15.5,-8.97527284401061,-3.89859210765086));
#7455=CARTESIAN_POINT('Ctrl Pts',(-15.5,-9.15912878853642,-4.4));
#7456=CARTESIAN_POINT('Ctrl Pts',(-15.5,-8.9423303169378,-2.7));
#7457=CARTESIAN_POINT('Ctrl Pts',(-15.5,-8.84330424186792,-2.93123820750268));
#7458=CARTESIAN_POINT('Ctrl Pts',(-15.5,-8.73013158464293,-3.2));
#7459=CARTESIAN_POINT('Origin',(-15.,-10.25,-1.11));
#7460=CARTESIAN_POINT('',(-14.5,-8.9423303169378,-1.11));
#7461=CARTESIAN_POINT('Origin',(-15.,-10.25,-1.11));
#7462=CARTESIAN_POINT('',(-14.5,-11.5576696830622,-1.11));
#7463=CARTESIAN_POINT('',(-14.5,-10.25,-1.11));
#7464=CARTESIAN_POINT('Origin',(-15.,-10.25,-1.11));
#7465=CARTESIAN_POINT('Origin',(-14.5,-10.25,-3.055));
#7466=CARTESIAN_POINT('',(-14.5,-8.9423303169378,-2.7));
#7467=CARTESIAN_POINT('',(-14.5,-8.9423303169378,-1.9));
#7468=CARTESIAN_POINT('',(-14.5,-8.73013158464293,-3.2));
#7469=CARTESIAN_POINT('Ctrl Pts',(-14.5,-8.73013158464293,-3.2));
#7470=CARTESIAN_POINT('Ctrl Pts',(-14.5,-8.84330424186792,-2.93123820750268));
#7471=CARTESIAN_POINT('Ctrl Pts',(-14.5,-8.9423303169378,-2.7));
#7472=CARTESIAN_POINT('',(-14.5,-9.15912878853643,-4.4));
#7473=CARTESIAN_POINT('Ctrl Pts',(-14.5,-9.15912878853642,-4.4));
#7474=CARTESIAN_POINT('Ctrl Pts',(-14.5,-8.97527284401061,-3.89859210765086));
#7475=CARTESIAN_POINT('Ctrl Pts',(-14.5,-8.73013158464293,-3.2));
#7476=CARTESIAN_POINT('',(-14.5,-11.3408712114636,-4.4));
#7477=CARTESIAN_POINT('',(-14.5,-10.25,-4.4));
#7478=CARTESIAN_POINT('',(-14.5,-11.7698684153571,-3.2));
#7479=CARTESIAN_POINT('Ctrl Pts',(-14.5,-11.7698684153571,-3.2));
#7480=CARTESIAN_POINT('Ctrl Pts',(-14.5,-11.5247271559893,-3.898592107651));
#7481=CARTESIAN_POINT('Ctrl Pts',(-14.5,-11.3408712114636,-4.4));
#7482=CARTESIAN_POINT('',(-14.5,-11.5576696830622,-2.7));
#7483=CARTESIAN_POINT('Ctrl Pts',(-14.5,-11.5576696830622,-2.7));
#7484=CARTESIAN_POINT('Ctrl Pts',(-14.5,-11.6566957581332,-2.93123820750524));
#7485=CARTESIAN_POINT('Ctrl Pts',(-14.5,-11.7698684153571,-3.2));
#7486=CARTESIAN_POINT('',(-14.5,-11.5576696830622,-1.9));
#7487=CARTESIAN_POINT('Origin',(-15.,-10.25,-1.9));
#7488=CARTESIAN_POINT('',(-16.2124355652982,-9.55,-1.1));
#7489=CARTESIAN_POINT('',(-13.6,-10.25,-1.1));
#7490=CARTESIAN_POINT('Origin',(-15.,-10.25,-1.1));
#7491=CARTESIAN_POINT('',(-13.7875644347018,-9.55,-1.1));
#7492=CARTESIAN_POINT('Origin',(-15.,-10.25,-1.1));
#7493=CARTESIAN_POINT('Origin',(-15.,-10.25,-1.1));
#7494=CARTESIAN_POINT('',(-13.6,-10.25,-2.7));
#7495=CARTESIAN_POINT('',(-13.6,-10.25,-1.9));
#7496=CARTESIAN_POINT('Origin',(-15.,-10.25,-2.7));
#7497=CARTESIAN_POINT('Origin',(-15.,-10.25,-2.7));
#7498=CARTESIAN_POINT('Origin',(-15.,-10.25,-2.7));
#7499=CARTESIAN_POINT('Origin',(-15.,-10.25,-2.95));
#7500=CARTESIAN_POINT('Origin',(-15.,-10.25,-3.2));
#7501=CARTESIAN_POINT('Origin',(-15.,-10.25,-2.95));
#7502=CARTESIAN_POINT('Origin',(-15.,-10.25,-3.2));
#7503=CARTESIAN_POINT('Origin',(-15.,-10.25,-4.4));
#7504=CARTESIAN_POINT('Origin',(-15.,-10.25,-4.4));
#7505=CARTESIAN_POINT('Origin',(-15.,-10.25,-3.8));
#7506=CARTESIAN_POINT('Origin',(-15.,-10.25,-3.8));
#7507=CARTESIAN_POINT('Origin',(-15.,-10.25,-4.4));
#7508=CARTESIAN_POINT('Origin',(-15.,-10.25,-4.4));
#7509=CARTESIAN_POINT('Origin',(-15.,-10.25,-1.1));
#7510=CARTESIAN_POINT('',(-1.16953769318572E-15,-9.55,-1.1));
#7511=CARTESIAN_POINT('Origin',(-15.5,18.25,-2.805));
#7512=CARTESIAN_POINT('',(-15.5,20.0311513130557,-0.610000000000001));
#7513=CARTESIAN_POINT('',(-15.5,20.0311513130557,-1.05));
#7514=CARTESIAN_POINT('',(-15.5,20.0311513130557,-0.825));
#7515=CARTESIAN_POINT('',(-15.5,16.4688486869443,-0.610000000000001));
#7516=CARTESIAN_POINT('',(-15.5,18.25,-0.610000000000001));
#7517=CARTESIAN_POINT('',(-15.5,16.4688486869443,-1.05));
#7518=CARTESIAN_POINT('',(-15.5,16.4688486869443,-0.825));
#7519=CARTESIAN_POINT('',(-15.5,16.9423303169378,-1.05));
#7520=CARTESIAN_POINT('',(-15.5,18.25,-1.05));
#7521=CARTESIAN_POINT('',(-15.5,16.9423303169378,-2.7));
#7522=CARTESIAN_POINT('',(-15.5,16.9423303169378,-1.65));
#7523=CARTESIAN_POINT('',(-15.5,16.7301315846429,-3.2));
#7524=CARTESIAN_POINT('Ctrl Pts',(-15.5,16.7301315846429,-3.2));
#7525=CARTESIAN_POINT('Ctrl Pts',(-15.5,16.8433042418668,-2.93123820750524));
#7526=CARTESIAN_POINT('Ctrl Pts',(-15.5,16.9423303169378,-2.7));
#7527=CARTESIAN_POINT('',(-15.5,17.1591287885364,-4.4));
#7528=CARTESIAN_POINT('Ctrl Pts',(-15.5,17.1591287885364,-4.4));
#7529=CARTESIAN_POINT('Ctrl Pts',(-15.5,16.9752728440107,-3.898592107651));
#7530=CARTESIAN_POINT('Ctrl Pts',(-15.5,16.7301315846429,-3.2));
#7531=CARTESIAN_POINT('',(-15.5,19.3408712114636,-4.4));
#7532=CARTESIAN_POINT('',(-15.5,18.25,-4.4));
#7533=CARTESIAN_POINT('',(-15.5,19.7698684153571,-3.2));
#7534=CARTESIAN_POINT('Ctrl Pts',(-15.5,19.7698684153571,-3.2));
#7535=CARTESIAN_POINT('Ctrl Pts',(-15.5,19.5247271559893,-3.898592107651));
#7536=CARTESIAN_POINT('Ctrl Pts',(-15.5,19.3408712114636,-4.4));
#7537=CARTESIAN_POINT('',(-15.5,19.5576696830622,-2.7));
#7538=CARTESIAN_POINT('Ctrl Pts',(-15.5,19.5576696830622,-2.7));
#7539=CARTESIAN_POINT('Ctrl Pts',(-15.5,19.6566957581332,-2.93123820750524));
#7540=CARTESIAN_POINT('Ctrl Pts',(-15.5,19.7698684153571,-3.2));
#7541=CARTESIAN_POINT('',(-15.5,19.5576696830622,-1.05));
#7542=CARTESIAN_POINT('',(-15.5,19.5576696830622,-1.65));
#7543=CARTESIAN_POINT('',(-15.5,18.25,-1.05));
#7544=CARTESIAN_POINT('Origin',(-15.,18.25,-0.610000000000001));
#7545=CARTESIAN_POINT('',(-14.5,20.0311513130557,-0.610000000000001));
#7546=CARTESIAN_POINT('Origin',(-15.,18.25,-0.610000000000001));
#7547=CARTESIAN_POINT('',(-14.5,16.4688486869443,-0.610000000000001));
#7548=CARTESIAN_POINT('',(-14.5,18.25,-0.610000000000001));
#7549=CARTESIAN_POINT('Origin',(-15.,18.25,-0.610000000000001));
#7550=CARTESIAN_POINT('Origin',(-14.5,18.25,-2.805));
#7551=CARTESIAN_POINT('',(-14.5,20.0311513130557,-1.05));
#7552=CARTESIAN_POINT('',(-14.5,20.0311513130557,-0.825));
#7553=CARTESIAN_POINT('',(-14.5,19.5576696830622,-1.05));
#7554=CARTESIAN_POINT('',(-14.5,18.25,-1.05));
#7555=CARTESIAN_POINT('',(-14.5,19.5576696830622,-2.7));
#7556=CARTESIAN_POINT('',(-14.5,19.5576696830622,-1.65));
#7557=CARTESIAN_POINT('',(-14.5,19.7698684153571,-3.2));
#7558=CARTESIAN_POINT('Ctrl Pts',(-14.5,19.7698684153571,-3.2));
#7559=CARTESIAN_POINT('Ctrl Pts',(-14.5,19.6566957581332,-2.93123820750524));
#7560=CARTESIAN_POINT('Ctrl Pts',(-14.5,19.5576696830622,-2.7));
#7561=CARTESIAN_POINT('',(-14.5,19.3408712114636,-4.4));
#7562=CARTESIAN_POINT('Ctrl Pts',(-14.5,19.3408712114636,-4.4));
#7563=CARTESIAN_POINT('Ctrl Pts',(-14.5,19.5247271559893,-3.898592107651));
#7564=CARTESIAN_POINT('Ctrl Pts',(-14.5,19.7698684153571,-3.2));
#7565=CARTESIAN_POINT('',(-14.5,17.1591287885364,-4.4));
#7566=CARTESIAN_POINT('',(-14.5,18.25,-4.4));
#7567=CARTESIAN_POINT('',(-14.5,16.7301315846429,-3.2));
#7568=CARTESIAN_POINT('Ctrl Pts',(-14.5,16.7301315846429,-3.2));
#7569=CARTESIAN_POINT('Ctrl Pts',(-14.5,16.9752728440107,-3.898592107651));
#7570=CARTESIAN_POINT('Ctrl Pts',(-14.5,17.1591287885364,-4.4));
#7571=CARTESIAN_POINT('',(-14.5,16.9423303169378,-2.7));
#7572=CARTESIAN_POINT('Ctrl Pts',(-14.5,16.9423303169378,-2.7));
#7573=CARTESIAN_POINT('Ctrl Pts',(-14.5,16.8433042418668,-2.93123820750524));
#7574=CARTESIAN_POINT('Ctrl Pts',(-14.5,16.7301315846429,-3.2));
#7575=CARTESIAN_POINT('',(-14.5,16.9423303169378,-1.05));
#7576=CARTESIAN_POINT('',(-14.5,16.9423303169378,-1.65));
#7577=CARTESIAN_POINT('',(-14.5,16.4688486869443,-1.05));
#7578=CARTESIAN_POINT('',(-14.5,18.25,-1.05));
#7579=CARTESIAN_POINT('',(-14.5,16.4688486869443,-0.825));
#7580=CARTESIAN_POINT('Origin',(-15.,18.25,-0.825));
#7581=CARTESIAN_POINT('',(-13.15,18.25,-0.6));
#7582=CARTESIAN_POINT('Origin',(-15.,18.25,-0.6));
#7583=CARTESIAN_POINT('',(-13.15,18.25,-1.05));
#7584=CARTESIAN_POINT('',(-13.15,18.25,-0.825));
#7585=CARTESIAN_POINT('Origin',(-15.,18.25,-1.05));
#7586=CARTESIAN_POINT('Origin',(-15.,18.25,-1.05));
#7587=CARTESIAN_POINT('Origin',(-15.,18.25,-1.05));
#7588=CARTESIAN_POINT('Origin',(-15.,18.25,-1.05));
#7589=CARTESIAN_POINT('Origin',(-15.,18.25,-1.05));
#7590=CARTESIAN_POINT('Origin',(-15.,18.25,-1.05));
#7591=CARTESIAN_POINT('Origin',(-15.,18.25,-1.05));
#7592=CARTESIAN_POINT('Origin',(-15.,18.25,-1.65));
#7593=CARTESIAN_POINT('Origin',(-15.,18.25,-2.7));
#7594=CARTESIAN_POINT('Origin',(-15.,18.25,-1.65));
#7595=CARTESIAN_POINT('Origin',(-15.,18.25,-2.7));
#7596=CARTESIAN_POINT('Origin',(-15.,18.25,-2.95));
#7597=CARTESIAN_POINT('Origin',(-15.,18.25,-3.2));
#7598=CARTESIAN_POINT('Origin',(-15.,18.25,-2.95));
#7599=CARTESIAN_POINT('Origin',(-15.,18.25,-3.2));
#7600=CARTESIAN_POINT('Origin',(-15.,18.25,-4.4));
#7601=CARTESIAN_POINT('Origin',(-15.,18.25,-4.4));
#7602=CARTESIAN_POINT('Origin',(-15.,18.25,-3.8));
#7603=CARTESIAN_POINT('Origin',(-15.,18.25,-3.8));
#7604=CARTESIAN_POINT('Origin',(-15.,18.25,-4.4));
#7605=CARTESIAN_POINT('Origin',(-15.,18.25,-4.4));
#7606=CARTESIAN_POINT('Origin',(14.5,-10.25,-3.055));
#7607=CARTESIAN_POINT('',(14.5,-8.9423303169378,-1.11));
#7608=CARTESIAN_POINT('',(14.5,-8.9423303169378,-2.7));
#7609=CARTESIAN_POINT('',(14.5,-8.9423303169378,-1.9));
#7610=CARTESIAN_POINT('',(14.5,-11.5576696830622,-1.11));
#7611=CARTESIAN_POINT('',(14.5,-10.25,-1.11));
#7612=CARTESIAN_POINT('',(14.5,-11.5576696830622,-2.7));
#7613=CARTESIAN_POINT('',(14.5,-11.5576696830622,-1.9));
#7614=CARTESIAN_POINT('',(14.5,-11.7698684153571,-3.2));
#7615=CARTESIAN_POINT('Ctrl Pts',(14.5,-11.7698684153571,-3.2));
#7616=CARTESIAN_POINT('Ctrl Pts',(14.5,-11.6566957581332,-2.93123820750524));
#7617=CARTESIAN_POINT('Ctrl Pts',(14.5,-11.5576696830622,-2.7));
#7618=CARTESIAN_POINT('',(14.5,-11.3408712114636,-4.4));
#7619=CARTESIAN_POINT('Ctrl Pts',(14.5,-11.3408712114636,-4.4));
#7620=CARTESIAN_POINT('Ctrl Pts',(14.5,-11.5247271559893,-3.898592107651));
#7621=CARTESIAN_POINT('Ctrl Pts',(14.5,-11.7698684153571,-3.2));
#7622=CARTESIAN_POINT('',(14.5,-9.15912878853643,-4.4));
#7623=CARTESIAN_POINT('',(14.5,-10.25,-4.4));
#7624=CARTESIAN_POINT('',(14.5,-8.73013158464294,-3.2));
#7625=CARTESIAN_POINT('Ctrl Pts',(14.5,-8.73013158464293,-3.2));
#7626=CARTESIAN_POINT('Ctrl Pts',(14.5,-8.97527284401061,-3.89859210765086));
#7627=CARTESIAN_POINT('Ctrl Pts',(14.5,-9.15912878853643,-4.4));
#7628=CARTESIAN_POINT('Ctrl Pts',(14.5,-8.9423303169378,-2.7));
#7629=CARTESIAN_POINT('Ctrl Pts',(14.5,-8.84330424186793,-2.93123820750268));
#7630=CARTESIAN_POINT('Ctrl Pts',(14.5,-8.73013158464293,-3.2));
#7631=CARTESIAN_POINT('Origin',(15.,-10.25,-1.11));
#7632=CARTESIAN_POINT('',(15.5,-8.9423303169378,-1.11));
#7633=CARTESIAN_POINT('Origin',(15.,-10.25,-1.11));
#7634=CARTESIAN_POINT('',(15.5,-11.5576696830622,-1.11));
#7635=CARTESIAN_POINT('',(15.5,-10.25,-1.11));
#7636=CARTESIAN_POINT('Origin',(15.,-10.25,-1.11));
#7637=CARTESIAN_POINT('Origin',(15.5,-10.25,-3.055));
#7638=CARTESIAN_POINT('',(15.5,-8.9423303169378,-2.7));
#7639=CARTESIAN_POINT('',(15.5,-8.9423303169378,-1.9));
#7640=CARTESIAN_POINT('',(15.5,-8.73013158464294,-3.2));
#7641=CARTESIAN_POINT('Ctrl Pts',(15.5,-8.73013158464293,-3.2));
#7642=CARTESIAN_POINT('Ctrl Pts',(15.5,-8.84330424186793,-2.93123820750268));
#7643=CARTESIAN_POINT('Ctrl Pts',(15.5,-8.9423303169378,-2.7));
#7644=CARTESIAN_POINT('',(15.5,-9.15912878853643,-4.4));
#7645=CARTESIAN_POINT('Ctrl Pts',(15.5,-9.15912878853643,-4.4));
#7646=CARTESIAN_POINT('Ctrl Pts',(15.5,-8.97527284401061,-3.89859210765086));
#7647=CARTESIAN_POINT('Ctrl Pts',(15.5,-8.73013158464293,-3.2));
#7648=CARTESIAN_POINT('',(15.5,-11.3408712114636,-4.4));
#7649=CARTESIAN_POINT('',(15.5,-10.25,-4.4));
#7650=CARTESIAN_POINT('',(15.5,-11.7698684153571,-3.2));
#7651=CARTESIAN_POINT('Ctrl Pts',(15.5,-11.7698684153571,-3.2));
#7652=CARTESIAN_POINT('Ctrl Pts',(15.5,-11.5247271559893,-3.898592107651));
#7653=CARTESIAN_POINT('Ctrl Pts',(15.5,-11.3408712114636,-4.4));
#7654=CARTESIAN_POINT('',(15.5,-11.5576696830622,-2.7));
#7655=CARTESIAN_POINT('Ctrl Pts',(15.5,-11.5576696830622,-2.7));
#7656=CARTESIAN_POINT('Ctrl Pts',(15.5,-11.6566957581332,-2.93123820750524));
#7657=CARTESIAN_POINT('Ctrl Pts',(15.5,-11.7698684153571,-3.2));
#7658=CARTESIAN_POINT('',(15.5,-11.5576696830622,-1.9));
#7659=CARTESIAN_POINT('Origin',(15.,-10.25,-1.9));
#7660=CARTESIAN_POINT('',(13.7875644347018,-9.55,-1.1));
#7661=CARTESIAN_POINT('',(16.4,-10.25,-1.1));
#7662=CARTESIAN_POINT('Origin',(15.,-10.25,-1.1));
#7663=CARTESIAN_POINT('',(16.2124355652982,-9.55,-1.1));
#7664=CARTESIAN_POINT('Origin',(15.,-10.25,-1.1));
#7665=CARTESIAN_POINT('Origin',(15.,-10.25,-1.1));
#7666=CARTESIAN_POINT('',(16.4,-10.25,-2.7));
#7667=CARTESIAN_POINT('',(16.4,-10.25,-1.9));
#7668=CARTESIAN_POINT('Origin',(15.,-10.25,-2.7));
#7669=CARTESIAN_POINT('Origin',(15.,-10.25,-2.7));
#7670=CARTESIAN_POINT('Origin',(15.,-10.25,-2.7));
#7671=CARTESIAN_POINT('Origin',(15.,-10.25,-2.95));
#7672=CARTESIAN_POINT('Origin',(15.,-10.25,-3.2));
#7673=CARTESIAN_POINT('Origin',(15.,-10.25,-2.95));
#7674=CARTESIAN_POINT('Origin',(15.,-10.25,-3.2));
#7675=CARTESIAN_POINT('Origin',(15.,-10.25,-4.4));
#7676=CARTESIAN_POINT('Origin',(15.,-10.25,-4.4));
#7677=CARTESIAN_POINT('Origin',(15.,-10.25,-3.8));
#7678=CARTESIAN_POINT('Origin',(15.,-10.25,-3.8));
#7679=CARTESIAN_POINT('Origin',(15.,-10.25,-4.4));
#7680=CARTESIAN_POINT('Origin',(15.,-10.25,-4.4));
#7681=CARTESIAN_POINT('Origin',(15.,-10.25,-1.1));
#7682=CARTESIAN_POINT('',(-1.16953769318572E-15,-9.55,-1.1));
#7683=CARTESIAN_POINT('Origin',(14.5,18.25,-2.805));
#7684=CARTESIAN_POINT('',(14.5,20.0311513130557,-0.610000000000001));
#7685=CARTESIAN_POINT('',(14.5,20.0311513130557,-1.05));
#7686=CARTESIAN_POINT('',(14.5,20.0311513130557,-0.825));
#7687=CARTESIAN_POINT('',(14.5,16.4688486869443,-0.610000000000001));
#7688=CARTESIAN_POINT('',(14.5,18.25,-0.610000000000001));
#7689=CARTESIAN_POINT('',(14.5,16.4688486869443,-1.05));
#7690=CARTESIAN_POINT('',(14.5,16.4688486869443,-0.825));
#7691=CARTESIAN_POINT('',(14.5,16.9423303169378,-1.05));
#7692=CARTESIAN_POINT('',(14.5,18.25,-1.05));
#7693=CARTESIAN_POINT('',(14.5,16.9423303169378,-2.7));
#7694=CARTESIAN_POINT('',(14.5,16.9423303169378,-1.65));
#7695=CARTESIAN_POINT('',(14.5,16.7301315846429,-3.2));
#7696=CARTESIAN_POINT('Ctrl Pts',(14.5,16.7301315846429,-3.2));
#7697=CARTESIAN_POINT('Ctrl Pts',(14.5,16.8433042418668,-2.93123820750524));
#7698=CARTESIAN_POINT('Ctrl Pts',(14.5,16.9423303169378,-2.7));
#7699=CARTESIAN_POINT('',(14.5,17.1591287885364,-4.4));
#7700=CARTESIAN_POINT('Ctrl Pts',(14.5,17.1591287885364,-4.4));
#7701=CARTESIAN_POINT('Ctrl Pts',(14.5,16.9752728440107,-3.898592107651));
#7702=CARTESIAN_POINT('Ctrl Pts',(14.5,16.7301315846429,-3.2));
#7703=CARTESIAN_POINT('',(14.5,19.3408712114636,-4.4));
#7704=CARTESIAN_POINT('',(14.5,18.25,-4.4));
#7705=CARTESIAN_POINT('',(14.5,19.7698684153571,-3.2));
#7706=CARTESIAN_POINT('Ctrl Pts',(14.5,19.7698684153571,-3.2));
#7707=CARTESIAN_POINT('Ctrl Pts',(14.5,19.5247271559893,-3.898592107651));
#7708=CARTESIAN_POINT('Ctrl Pts',(14.5,19.3408712114636,-4.4));
#7709=CARTESIAN_POINT('',(14.5,19.5576696830622,-2.7));
#7710=CARTESIAN_POINT('Ctrl Pts',(14.5,19.5576696830622,-2.7));
#7711=CARTESIAN_POINT('Ctrl Pts',(14.5,19.6566957581332,-2.93123820750524));
#7712=CARTESIAN_POINT('Ctrl Pts',(14.5,19.7698684153571,-3.2));
#7713=CARTESIAN_POINT('',(14.5,19.5576696830622,-1.05));
#7714=CARTESIAN_POINT('',(14.5,19.5576696830622,-1.65));
#7715=CARTESIAN_POINT('',(14.5,18.25,-1.05));
#7716=CARTESIAN_POINT('Origin',(15.,18.25,-0.610000000000001));
#7717=CARTESIAN_POINT('',(15.5,20.0311513130557,-0.610000000000001));
#7718=CARTESIAN_POINT('Origin',(15.,18.25,-0.610000000000001));
#7719=CARTESIAN_POINT('',(15.5,16.4688486869443,-0.610000000000001));
#7720=CARTESIAN_POINT('',(15.5,18.25,-0.610000000000001));
#7721=CARTESIAN_POINT('Origin',(15.,18.25,-0.610000000000001));
#7722=CARTESIAN_POINT('Origin',(15.5,18.25,-2.805));
#7723=CARTESIAN_POINT('',(15.5,20.0311513130557,-1.05));
#7724=CARTESIAN_POINT('',(15.5,20.0311513130557,-0.825));
#7725=CARTESIAN_POINT('',(15.5,19.5576696830622,-1.05));
#7726=CARTESIAN_POINT('',(15.5,18.25,-1.05));
#7727=CARTESIAN_POINT('',(15.5,19.5576696830622,-2.7));
#7728=CARTESIAN_POINT('',(15.5,19.5576696830622,-1.65));
#7729=CARTESIAN_POINT('',(15.5,19.7698684153571,-3.2));
#7730=CARTESIAN_POINT('Ctrl Pts',(15.5,19.7698684153571,-3.2));
#7731=CARTESIAN_POINT('Ctrl Pts',(15.5,19.6566957581332,-2.93123820750524));
#7732=CARTESIAN_POINT('Ctrl Pts',(15.5,19.5576696830622,-2.7));
#7733=CARTESIAN_POINT('',(15.5,19.3408712114636,-4.4));
#7734=CARTESIAN_POINT('Ctrl Pts',(15.5,19.3408712114636,-4.4));
#7735=CARTESIAN_POINT('Ctrl Pts',(15.5,19.5247271559893,-3.898592107651));
#7736=CARTESIAN_POINT('Ctrl Pts',(15.5,19.7698684153571,-3.2));
#7737=CARTESIAN_POINT('',(15.5,17.1591287885364,-4.4));
#7738=CARTESIAN_POINT('',(15.5,18.25,-4.4));
#7739=CARTESIAN_POINT('',(15.5,16.7301315846429,-3.2));
#7740=CARTESIAN_POINT('Ctrl Pts',(15.5,16.7301315846429,-3.2));
#7741=CARTESIAN_POINT('Ctrl Pts',(15.5,16.9752728440107,-3.898592107651));
#7742=CARTESIAN_POINT('Ctrl Pts',(15.5,17.1591287885364,-4.4));
#7743=CARTESIAN_POINT('',(15.5,16.9423303169378,-2.7));
#7744=CARTESIAN_POINT('Ctrl Pts',(15.5,16.9423303169378,-2.7));
#7745=CARTESIAN_POINT('Ctrl Pts',(15.5,16.8433042418668,-2.93123820750524));
#7746=CARTESIAN_POINT('Ctrl Pts',(15.5,16.7301315846429,-3.2));
#7747=CARTESIAN_POINT('',(15.5,16.9423303169378,-1.05));
#7748=CARTESIAN_POINT('',(15.5,16.9423303169378,-1.65));
#7749=CARTESIAN_POINT('',(15.5,16.4688486869443,-1.05));
#7750=CARTESIAN_POINT('',(15.5,18.25,-1.05));
#7751=CARTESIAN_POINT('',(15.5,16.4688486869443,-0.825));
#7752=CARTESIAN_POINT('Origin',(15.,18.25,-0.825));
#7753=CARTESIAN_POINT('',(16.85,18.25,-0.6));
#7754=CARTESIAN_POINT('Origin',(15.,18.25,-0.6));
#7755=CARTESIAN_POINT('',(16.85,18.25,-1.05));
#7756=CARTESIAN_POINT('',(16.85,18.25,-0.825));
#7757=CARTESIAN_POINT('Origin',(15.,18.25,-1.05));
#7758=CARTESIAN_POINT('Origin',(15.,18.25,-1.05));
#7759=CARTESIAN_POINT('Origin',(15.,18.25,-1.05));
#7760=CARTESIAN_POINT('Origin',(15.,18.25,-1.05));
#7761=CARTESIAN_POINT('Origin',(15.,18.25,-1.05));
#7762=CARTESIAN_POINT('Origin',(15.,18.25,-1.05));
#7763=CARTESIAN_POINT('Origin',(15.,18.25,-1.05));
#7764=CARTESIAN_POINT('Origin',(15.,18.25,-1.65));
#7765=CARTESIAN_POINT('Origin',(15.,18.25,-2.7));
#7766=CARTESIAN_POINT('Origin',(15.,18.25,-1.65));
#7767=CARTESIAN_POINT('Origin',(15.,18.25,-2.7));
#7768=CARTESIAN_POINT('Origin',(15.,18.25,-2.95));
#7769=CARTESIAN_POINT('Origin',(15.,18.25,-3.2));
#7770=CARTESIAN_POINT('Origin',(15.,18.25,-2.95));
#7771=CARTESIAN_POINT('Origin',(15.,18.25,-3.2));
#7772=CARTESIAN_POINT('Origin',(15.,18.25,-4.4));
#7773=CARTESIAN_POINT('Origin',(15.,18.25,-4.4));
#7774=CARTESIAN_POINT('Origin',(15.,18.25,-3.8));
#7775=CARTESIAN_POINT('Origin',(15.,18.25,-3.8));
#7776=CARTESIAN_POINT('Origin',(15.,18.25,-4.4));
#7777=CARTESIAN_POINT('Origin',(15.,18.25,-4.4));
#7778=CARTESIAN_POINT('Origin',(-15.,18.25,-0.855));
#7779=CARTESIAN_POINT('',(-13.,18.25,-1.1));
#7780=CARTESIAN_POINT('Origin',(-15.,18.25,-1.1));
#7781=CARTESIAN_POINT('',(-13.,18.25,-0.6));
#7782=CARTESIAN_POINT('',(-13.,18.25,-0.855));
#7783=CARTESIAN_POINT('Origin',(-15.,18.25,-0.6));
#7784=CARTESIAN_POINT('Origin',(-15.,18.25,-0.6));
#7785=CARTESIAN_POINT('Origin',(15.,18.25,-0.855));
#7786=CARTESIAN_POINT('',(17.,18.25,-1.1));
#7787=CARTESIAN_POINT('Origin',(15.,18.25,-1.1));
#7788=CARTESIAN_POINT('',(17.,18.25,-0.6));
#7789=CARTESIAN_POINT('',(17.,18.25,-0.855));
#7790=CARTESIAN_POINT('Origin',(15.,18.25,-0.6));
#7791=CARTESIAN_POINT('Origin',(15.,18.25,-0.6));
#7792=CARTESIAN_POINT('Origin',(-24.5,3.00038465791102E-15,-2.6));
#7793=CARTESIAN_POINT('',(-23.4,3.00038465791102E-15,-5.6));
#7794=CARTESIAN_POINT('Origin',(-24.5,3.00038465791102E-15,-5.6));
#7795=CARTESIAN_POINT('',(-23.4,2.7309623620986E-15,-4.4));
#7796=CARTESIAN_POINT('',(-23.4,3.00038465791102E-15,-2.6));
#7797=CARTESIAN_POINT('Origin',(-24.5,3.00038465791102E-15,-4.4));
#7798=CARTESIAN_POINT('Origin',(-24.5,3.00038465791102E-15,-1.95));
#7799=CARTESIAN_POINT('',(-22.9,3.00038465791102E-15,-4.4));
#7800=CARTESIAN_POINT('Origin',(-24.5,3.00038465791102E-15,-4.4));
#7801=CARTESIAN_POINT('',(-22.9,2.60849768218386E-15,-0.4));
#7802=CARTESIAN_POINT('',(-22.9,3.00038465791102E-15,-1.95));
#7803=CARTESIAN_POINT('Origin',(-24.5,3.00038465791102E-15,-0.4));
#7804=CARTESIAN_POINT('Origin',(-24.5,3.00038465791102E-15,-4.4));
#7805=CARTESIAN_POINT('Origin',(-24.5,3.00038465791102E-15,0.05));
#7806=CARTESIAN_POINT('',(-22.5,3.00038465791102E-15,-0.4));
#7807=CARTESIAN_POINT('Origin',(-24.5,3.00038465791102E-15,-0.4));
#7808=CARTESIAN_POINT('',(-22.5,2.51052593825207E-15,0.));
#7809=CARTESIAN_POINT('',(-22.5,3.00038465791102E-15,0.05));
#7810=CARTESIAN_POINT('Origin',(-24.5,3.00038465791102E-15,0.));
#7811=CARTESIAN_POINT('Origin',(-24.5,3.00038465791102E-15,-0.4));
#7812=CARTESIAN_POINT('Origin',(24.5,-3.00038465791102E-15,-2.6));
#7813=CARTESIAN_POINT('',(25.6,-3.00038465791102E-15,-5.6));
#7814=CARTESIAN_POINT('Origin',(24.5,-3.00038465791102E-15,-5.6));
#7815=CARTESIAN_POINT('',(25.6,-3.26980695372343E-15,-4.4));
#7816=CARTESIAN_POINT('',(25.6,-3.00038465791102E-15,-2.6));
#7817=CARTESIAN_POINT('Origin',(24.5,-3.00038465791102E-15,-4.4));
#7818=CARTESIAN_POINT('Origin',(24.5,-3.00038465791102E-15,-1.95));
#7819=CARTESIAN_POINT('',(26.1,-3.00038465791102E-15,-4.4));
#7820=CARTESIAN_POINT('Origin',(24.5,-3.00038465791102E-15,-4.4));
#7821=CARTESIAN_POINT('',(26.1,-3.39227163363817E-15,-0.4));
#7822=CARTESIAN_POINT('',(26.1,-3.00038465791102E-15,-1.95));
#7823=CARTESIAN_POINT('Origin',(24.5,-3.00038465791102E-15,-0.4));
#7824=CARTESIAN_POINT('Origin',(24.5,-3.00038465791102E-15,-4.4));
#7825=CARTESIAN_POINT('Origin',(24.5,-3.00038465791102E-15,0.05));
#7826=CARTESIAN_POINT('',(26.5,-3.00038465791102E-15,-0.4));
#7827=CARTESIAN_POINT('Origin',(24.5,-3.00038465791102E-15,-0.4));
#7828=CARTESIAN_POINT('',(26.5,-3.49024337756996E-15,0.));
#7829=CARTESIAN_POINT('',(26.5,-3.00038465791102E-15,0.05));
#7830=CARTESIAN_POINT('Origin',(24.5,-3.00038465791102E-15,0.));
#7831=CARTESIAN_POINT('Origin',(24.5,-3.00038465791102E-15,-0.4));
#7832=CARTESIAN_POINT('Origin',(8.,-11.4,-0.055));
#7833=CARTESIAN_POINT('',(8.,-13.25,-1.1));
#7834=CARTESIAN_POINT('',(8.,-9.55,-1.1));
#7835=CARTESIAN_POINT('',(8.,-3.7,-1.1));
#7836=CARTESIAN_POINT('',(8.,-13.25,0.));
#7837=CARTESIAN_POINT('',(8.,-13.25,-0.055));
#7838=CARTESIAN_POINT('',(8.,-9.55,0.));
#7839=CARTESIAN_POINT('',(8.,-3.7,0.));
#7840=CARTESIAN_POINT('',(8.,-9.55,-0.055));
#7841=CARTESIAN_POINT('Origin',(-8.,-11.4,-0.055));
#7842=CARTESIAN_POINT('',(-8.,-9.55,-1.1));
#7843=CARTESIAN_POINT('',(-8.,-13.25,-1.1));
#7844=CARTESIAN_POINT('',(-8.,-3.7,-1.1));
#7845=CARTESIAN_POINT('',(-8.,-9.55,0.));
#7846=CARTESIAN_POINT('',(-8.,-9.55,-0.055));
#7847=CARTESIAN_POINT('',(-8.,-13.25,0.));
#7848=CARTESIAN_POINT('',(-8.,-3.7,0.));
#7849=CARTESIAN_POINT('',(-8.,-13.25,-0.055));
#7850=CARTESIAN_POINT('Origin',(4.89858719658941E-16,4.,-1.1));
#7851=CARTESIAN_POINT('',(-1.16953769318572E-15,-9.55,-1.1));
#7852=CARTESIAN_POINT('',(-1.62265700887024E-15,-13.25,-1.1));
#7853=CARTESIAN_POINT('',(-8.,21.25,-1.1));
#7854=CARTESIAN_POINT('',(2.60237444818813E-15,21.25,-1.1));
#7855=CARTESIAN_POINT('',(-8.,14.45,-1.1));
#7856=CARTESIAN_POINT('',(-8.,10.925,-1.1));
#7857=CARTESIAN_POINT('',(-17.5,14.45,-1.1));
#7858=CARTESIAN_POINT('',(1.76961462476793E-15,14.45,-1.1));
#7859=CARTESIAN_POINT('',(-17.5,-9.55,-1.1));
#7860=CARTESIAN_POINT('',(-17.5,3.225,-1.1));
#7861=CARTESIAN_POINT('',(-1.16953769318572E-15,-9.55,-1.1));
#7862=CARTESIAN_POINT('Origin',(4.89858719658941E-16,4.,-1.1));
#7863=CARTESIAN_POINT('',(17.5,-9.55,-1.1));
#7864=CARTESIAN_POINT('',(-1.16953769318572E-15,-9.55,-1.1));
#7865=CARTESIAN_POINT('',(17.5,14.45,-1.1));
#7866=CARTESIAN_POINT('',(17.5,3.225,-1.1));
#7867=CARTESIAN_POINT('',(8.,14.45,-1.1));
#7868=CARTESIAN_POINT('',(1.76961462476793E-15,14.45,-1.1));
#7869=CARTESIAN_POINT('',(8.,21.25,-1.1));
#7870=CARTESIAN_POINT('',(8.,10.925,-1.1));
#7871=CARTESIAN_POINT('',(2.60237444818813E-15,21.25,-1.1));
#7872=CARTESIAN_POINT('',(-1.62265700887024E-15,-13.25,-1.1));
#7873=CARTESIAN_POINT('',(-1.16953769318572E-15,-9.55,-1.1));
#7874=CARTESIAN_POINT('Origin',(-1.16953769318572E-15,-9.55,-0.055));
#7875=CARTESIAN_POINT('',(-17.5,-9.55,0.));
#7876=CARTESIAN_POINT('',(-17.5,-9.55,-0.055));
#7877=CARTESIAN_POINT('',(-1.16953769318572E-15,-9.55,0.));
#7878=CARTESIAN_POINT('Origin',(-1.16953769318572E-15,-9.55,-0.055));
#7879=CARTESIAN_POINT('',(17.5,-9.55,0.));
#7880=CARTESIAN_POINT('',(-1.16953769318572E-15,-9.55,0.));
#7881=CARTESIAN_POINT('',(17.5,-9.55,-0.055));
#7882=CARTESIAN_POINT('Origin',(4.89858719658941E-16,4.,0.));
#7883=CARTESIAN_POINT('',(-24.5,-3.75,0.));
#7884=CARTESIAN_POINT('',(-22.5,-3.75,0.));
#7885=CARTESIAN_POINT('',(-4.59242549680257E-16,-3.75,0.));
#7886=CARTESIAN_POINT('',(-20.,-6.25,0.));
#7887=CARTESIAN_POINT('Origin',(-22.5,-6.25,0.));
#7888=CARTESIAN_POINT('',(-20.,-11.05,0.));
#7889=CARTESIAN_POINT('',(-20.,4.,0.));
#7890=CARTESIAN_POINT('',(-16.,-15.05,0.));
#7891=CARTESIAN_POINT('Origin',(-16.,-11.05,0.));
#7892=CARTESIAN_POINT('',(16.,-15.05,0.));
#7893=CARTESIAN_POINT('',(-1.84309343271677E-15,-15.05,0.));
#7894=CARTESIAN_POINT('',(20.,-11.05,0.));
#7895=CARTESIAN_POINT('Origin',(16.,-11.05,0.));
#7896=CARTESIAN_POINT('',(20.,-6.25,0.));
#7897=CARTESIAN_POINT('',(20.,4.,0.));
#7898=CARTESIAN_POINT('',(22.5,-3.75,0.));
#7899=CARTESIAN_POINT('Origin',(22.5,-6.25,0.));
#7900=CARTESIAN_POINT('',(24.5,-3.75,0.));
#7901=CARTESIAN_POINT('',(-4.59242549680257E-16,-3.75,0.));
#7902=CARTESIAN_POINT('',(28.25,-3.00038465791102E-15,0.));
#7903=CARTESIAN_POINT('Origin',(24.5,-3.00038465791102E-15,0.));
#7904=CARTESIAN_POINT('',(24.5,3.75,0.));
#7905=CARTESIAN_POINT('Origin',(24.5,-3.00038465791102E-15,0.));
#7906=CARTESIAN_POINT('',(22.5,3.75,0.));
#7907=CARTESIAN_POINT('',(4.59242549680257E-16,3.75,0.));
#7908=CARTESIAN_POINT('',(20.,6.25,0.));
#7909=CARTESIAN_POINT('Origin',(22.5,6.25,0.));
#7910=CARTESIAN_POINT('',(20.,19.05,0.));
#7911=CARTESIAN_POINT('',(20.,4.,0.));
#7912=CARTESIAN_POINT('',(16.,23.05,0.));
#7913=CARTESIAN_POINT('Origin',(16.,19.05,0.));
#7914=CARTESIAN_POINT('',(13.5,25.55,0.));
#7915=CARTESIAN_POINT('Origin',(16.,25.55,0.));
#7916=CARTESIAN_POINT('',(13.5,27.05,0.));
#7917=CARTESIAN_POINT('',(13.5,25.55,0.));
#7918=CARTESIAN_POINT('',(10.5,30.05,0.));
#7919=CARTESIAN_POINT('Origin',(10.5,27.05,0.));
#7920=CARTESIAN_POINT('',(-10.5,30.05,0.));
#7921=CARTESIAN_POINT('',(3.6800636314378E-15,30.05,0.));
#7922=CARTESIAN_POINT('',(-13.5,27.05,0.));
#7923=CARTESIAN_POINT('Origin',(-10.5,27.05,0.));
#7924=CARTESIAN_POINT('',(-13.5,25.55,0.));
#7925=CARTESIAN_POINT('',(-13.5,25.55,0.));
#7926=CARTESIAN_POINT('',(-16.,23.05,0.));
#7927=CARTESIAN_POINT('Origin',(-16.,25.55,0.));
#7928=CARTESIAN_POINT('',(-20.,19.05,0.));
#7929=CARTESIAN_POINT('Origin',(-16.,19.05,0.));
#7930=CARTESIAN_POINT('',(-20.,6.25,0.));
#7931=CARTESIAN_POINT('',(-20.,4.,0.));
#7932=CARTESIAN_POINT('',(-22.5,3.75,0.));
#7933=CARTESIAN_POINT('Origin',(-22.5,6.25,0.));
#7934=CARTESIAN_POINT('',(-24.5,3.75,0.));
#7935=CARTESIAN_POINT('',(4.59242549680257E-16,3.75,0.));
#7936=CARTESIAN_POINT('Origin',(-24.5,3.00038465791102E-15,0.));
#7937=CARTESIAN_POINT('',(-1.62265700887024E-15,-13.25,0.));
#7938=CARTESIAN_POINT('',(-17.5,14.45,0.));
#7939=CARTESIAN_POINT('',(-17.5,3.225,0.));
#7940=CARTESIAN_POINT('',(-8.,14.45,0.));
#7941=CARTESIAN_POINT('',(1.76961462476793E-15,14.45,0.));
#7942=CARTESIAN_POINT('',(-8.,21.25,0.));
#7943=CARTESIAN_POINT('',(-8.,10.925,0.));
#7944=CARTESIAN_POINT('',(8.,21.25,0.));
#7945=CARTESIAN_POINT('',(2.60237444818813E-15,21.25,0.));
#7946=CARTESIAN_POINT('',(8.,14.45,0.));
#7947=CARTESIAN_POINT('',(8.,10.925,0.));
#7948=CARTESIAN_POINT('',(17.5,14.45,0.));
#7949=CARTESIAN_POINT('',(1.76961462476793E-15,14.45,0.));
#7950=CARTESIAN_POINT('',(17.5,3.225,0.));
#7951=CARTESIAN_POINT('Origin',(-8.,17.85,-0.055));
#7952=CARTESIAN_POINT('',(-8.,21.25,-0.055));
#7953=CARTESIAN_POINT('',(-8.,14.45,-0.055));
#7954=CARTESIAN_POINT('Origin',(8.,17.85,-0.055));
#7955=CARTESIAN_POINT('',(8.,14.45,-0.055));
#7956=CARTESIAN_POINT('',(8.,21.25,-0.055));
#7957=CARTESIAN_POINT('Origin',(1.76961462476793E-15,14.45,-0.055));
#7958=CARTESIAN_POINT('',(17.5,14.45,-0.055));
#7959=CARTESIAN_POINT('Origin',(17.5,2.45,-0.055));
#7960=CARTESIAN_POINT('Origin',(1.76961462476793E-15,14.45,-0.055));
#7961=CARTESIAN_POINT('',(-17.5,14.45,-0.055));
#7962=CARTESIAN_POINT('Origin',(-17.5,2.45,-0.055));
#7963=CARTESIAN_POINT('Origin',(-1.62265700887024E-15,-13.25,-3.95));
#7964=CARTESIAN_POINT('',(-1.62265700887024E-15,-13.25,-5.8));
#7965=CARTESIAN_POINT('Origin',(2.60237444818813E-15,21.25,-3.95));
#7966=CARTESIAN_POINT('',(2.60237444818813E-15,21.25,-5.8));
#7967=CARTESIAN_POINT('Origin',(-24.5,3.00038465791102E-15,-5.6));
#7968=CARTESIAN_POINT('',(-20.75,3.00038465791102E-15,-5.6));
#7969=CARTESIAN_POINT('Origin',(-24.5,3.00038465791102E-15,-5.6));
#7970=CARTESIAN_POINT('Origin',(0.,0.,-3.2));
#7971=CARTESIAN_POINT('',(-24.5,-3.75,-3.2));
#7972=CARTESIAN_POINT('',(-20.75,3.00038465791102E-15,-3.2));
#7973=CARTESIAN_POINT('Origin',(-24.5,3.00038465791102E-15,-3.2));
#7974=CARTESIAN_POINT('',(-24.5,3.75,-3.2));
#7975=CARTESIAN_POINT('Origin',(-24.5,3.00038465791102E-15,-3.2));
#7976=CARTESIAN_POINT('',(-22.5,3.75,-3.2));
#7977=CARTESIAN_POINT('',(4.59242549680257E-16,3.75,-3.2));
#7978=CARTESIAN_POINT('',(-20.,6.25,-3.2));
#7979=CARTESIAN_POINT('Origin',(-22.5,6.25,-3.2));
#7980=CARTESIAN_POINT('',(-20.,-6.25,-3.2));
#7981=CARTESIAN_POINT('',(-20.,2.,-3.2));
#7982=CARTESIAN_POINT('',(-22.5,-3.75,-3.2));
#7983=CARTESIAN_POINT('Origin',(-22.5,-6.25,-3.2));
#7984=CARTESIAN_POINT('',(-4.59242549680257E-16,-3.75,-3.2));
#7985=CARTESIAN_POINT('Origin',(24.5,-3.00038465791102E-15,-5.6));
#7986=CARTESIAN_POINT('',(28.25,-3.00038465791102E-15,-5.6));
#7987=CARTESIAN_POINT('Origin',(24.5,-3.00038465791102E-15,-5.6));
#7988=CARTESIAN_POINT('Origin',(-16.,25.55,-1.6));
#7989=CARTESIAN_POINT('',(-16.,23.05,-3.2));
#7990=CARTESIAN_POINT('',(-13.5,25.55,-3.2));
#7991=CARTESIAN_POINT('Origin',(-16.,25.55,-3.2));
#7992=CARTESIAN_POINT('',(-16.,23.05,-2.9));
#7993=CARTESIAN_POINT('',(-13.5,25.55,-1.6));
#7994=CARTESIAN_POINT('Origin',(2.82281087203465E-15,23.05,-2.9));
#7995=CARTESIAN_POINT('',(16.,23.05,-3.2));
#7996=CARTESIAN_POINT('',(2.82281087203465E-15,23.05,-3.2));
#7997=CARTESIAN_POINT('',(16.,23.05,-5.8));
#7998=CARTESIAN_POINT('',(16.,23.05,-2.9));
#7999=CARTESIAN_POINT('',(-16.,23.05,-5.8));
#8000=CARTESIAN_POINT('',(2.82281087203465E-15,23.05,-5.8));
#8001=CARTESIAN_POINT('',(-16.,23.05,-2.9));
#8002=CARTESIAN_POINT('Origin',(3.12897257182149E-15,25.55,-3.2));
#8003=CARTESIAN_POINT('',(-13.5,27.05,-3.2));
#8004=CARTESIAN_POINT('',(-13.5,25.55,-3.2));
#8005=CARTESIAN_POINT('',(-10.5,30.05,-3.2));
#8006=CARTESIAN_POINT('Origin',(-10.5,27.05,-3.2));
#8007=CARTESIAN_POINT('',(10.5,30.05,-3.2));
#8008=CARTESIAN_POINT('',(3.6800636314378E-15,30.05,-3.2));
#8009=CARTESIAN_POINT('',(13.5,27.05,-3.2));
#8010=CARTESIAN_POINT('Origin',(10.5,27.05,-3.2));
#8011=CARTESIAN_POINT('',(13.5,25.55,-3.2));
#8012=CARTESIAN_POINT('',(13.5,24.05,-3.2));
#8013=CARTESIAN_POINT('Origin',(16.,25.55,-3.2));
#8014=CARTESIAN_POINT('Origin',(-13.5,25.55,-1.6));
#8015=CARTESIAN_POINT('',(-13.5,27.05,-1.6));
#8016=CARTESIAN_POINT('Origin',(16.,25.55,-1.6));
#8017=CARTESIAN_POINT('',(13.5,25.55,-1.6));
#8018=CARTESIAN_POINT('',(16.,23.05,-2.9));
#8019=CARTESIAN_POINT('Origin',(13.5,25.55,-1.6));
#8020=CARTESIAN_POINT('',(13.5,27.05,-1.6));
#8021=CARTESIAN_POINT('Origin',(-10.5,27.05,-1.6));
#8022=CARTESIAN_POINT('',(-10.5,30.05,-1.6));
#8023=CARTESIAN_POINT('Origin',(10.5,27.05,-1.6));
#8024=CARTESIAN_POINT('',(10.5,30.05,-1.6));
#8025=CARTESIAN_POINT('Origin',(3.6800636314378E-15,30.05,-1.6));
#8026=CARTESIAN_POINT('Origin',(-22.5,-6.25,-1.6));
#8027=CARTESIAN_POINT('',(-20.,-6.25,-1.6));
#8028=CARTESIAN_POINT('',(-22.5,-3.75,-1.6));
#8029=CARTESIAN_POINT('Origin',(-4.59242549680257E-16,-3.75,-1.6));
#8030=CARTESIAN_POINT('',(-24.5,-3.75,-1.6));
#8031=CARTESIAN_POINT('Origin',(-22.5,6.25,-1.6));
#8032=CARTESIAN_POINT('',(-22.5,3.75,-1.6));
#8033=CARTESIAN_POINT('',(-20.,6.25,-1.6));
#8034=CARTESIAN_POINT('Origin',(-20.,4.,-2.9));
#8035=CARTESIAN_POINT('',(-20.,19.05,-5.8));
#8036=CARTESIAN_POINT('',(-20.,19.05,-2.9));
#8037=CARTESIAN_POINT('',(-20.,-11.05,-5.8));
#8038=CARTESIAN_POINT('',(-20.,4.,-5.8));
#8039=CARTESIAN_POINT('',(-20.,-11.05,-2.9));
#8040=CARTESIAN_POINT('Origin',(22.5,-6.25,-1.6));
#8041=CARTESIAN_POINT('',(22.5,-3.75,-3.2));
#8042=CARTESIAN_POINT('',(20.,-6.25,-3.2));
#8043=CARTESIAN_POINT('Origin',(22.5,-6.25,-3.2));
#8044=CARTESIAN_POINT('',(22.5,-3.75,-1.6));
#8045=CARTESIAN_POINT('',(20.,-6.25,-1.6));
#8046=CARTESIAN_POINT('Origin',(20.,4.,-2.9));
#8047=CARTESIAN_POINT('',(20.,6.25,-3.2));
#8048=CARTESIAN_POINT('',(20.,2.,-3.2));
#8049=CARTESIAN_POINT('',(20.,-11.05,-5.8));
#8050=CARTESIAN_POINT('',(20.,-11.05,-2.9));
#8051=CARTESIAN_POINT('',(20.,19.05,-5.8));
#8052=CARTESIAN_POINT('',(20.,4.,-5.8));
#8053=CARTESIAN_POINT('',(20.,19.05,-2.9));
#8054=CARTESIAN_POINT('',(20.,6.25,-1.6));
#8055=CARTESIAN_POINT('Origin',(22.5,6.25,-1.6));
#8056=CARTESIAN_POINT('',(22.5,3.75,-3.2));
#8057=CARTESIAN_POINT('Origin',(22.5,6.25,-3.2));
#8058=CARTESIAN_POINT('',(22.5,3.75,-1.6));
#8059=CARTESIAN_POINT('Origin',(0.,0.,-3.2));
#8060=CARTESIAN_POINT('',(24.5,3.75,-3.2));
#8061=CARTESIAN_POINT('',(24.5,-3.75,-3.2));
#8062=CARTESIAN_POINT('Origin',(24.5,-3.00038465791102E-15,-3.2));
#8063=CARTESIAN_POINT('',(-4.59242549680257E-16,-3.75,-3.2));
#8064=CARTESIAN_POINT('',(4.59242549680257E-16,3.75,-3.2));
#8065=CARTESIAN_POINT('Origin',(4.59242549680257E-16,3.75,-1.6));
#8066=CARTESIAN_POINT('',(24.5,3.75,-1.6));
#8067=CARTESIAN_POINT('Origin',(4.59242549680257E-16,3.75,-1.6));
#8068=CARTESIAN_POINT('',(-24.5,3.75,-1.6));
#8069=CARTESIAN_POINT('Origin',(-24.5,3.00038465791102E-15,-1.6));
#8070=CARTESIAN_POINT('',(-20.75,3.00038465791102E-15,-1.6));
#8071=CARTESIAN_POINT('Origin',(24.5,-3.00038465791102E-15,-1.6));
#8072=CARTESIAN_POINT('',(24.5,-3.75,-1.6));
#8073=CARTESIAN_POINT('',(28.25,-3.00038465791102E-15,-1.6));
#8074=CARTESIAN_POINT('Origin',(-4.59242549680257E-16,-3.75,-1.6));
#8075=CARTESIAN_POINT('Origin',(-16.,-11.05,-2.9));
#8076=CARTESIAN_POINT('',(-16.,-15.05,-5.8));
#8077=CARTESIAN_POINT('Origin',(-16.,-11.05,-5.8));
#8078=CARTESIAN_POINT('',(-16.,-15.05,-2.9));
#8079=CARTESIAN_POINT('Origin',(-16.,19.05,-2.9));
#8080=CARTESIAN_POINT('Origin',(-16.,19.05,-5.8));
#8081=CARTESIAN_POINT('Origin',(16.,-11.05,-2.9));
#8082=CARTESIAN_POINT('',(16.,-15.05,-5.8));
#8083=CARTESIAN_POINT('',(16.,-15.05,-2.9));
#8084=CARTESIAN_POINT('Origin',(16.,-11.05,-5.8));
#8085=CARTESIAN_POINT('Origin',(4.89858719658941E-16,4.,-5.8));
#8086=CARTESIAN_POINT('Origin',(16.,19.05,-5.8));
#8087=CARTESIAN_POINT('',(-1.84309343271677E-15,-15.05,-5.8));
#8088=CARTESIAN_POINT('Origin',(16.,19.05,-2.9));
#8089=CARTESIAN_POINT('Origin',(-1.84309343271677E-15,-15.05,-2.9));
#8090=CARTESIAN_POINT('',(0.,0.,0.));
#8091=CARTESIAN_POINT('Origin',(-18.325,6.,-4.275));
#8092=CARTESIAN_POINT('',(-19.325,6.,-2.75));
#8093=CARTESIAN_POINT('',(-19.325,6.,-5.8));
#8094=CARTESIAN_POINT('',(-19.325,6.,-4.275));
#8095=CARTESIAN_POINT('',(-18.325,5.,-5.8));
#8096=CARTESIAN_POINT('Origin',(-18.325,6.,-5.8));
#8097=CARTESIAN_POINT('',(-18.325,5.,-2.75));
#8098=CARTESIAN_POINT('',(-18.325,5.,-4.275));
#8099=CARTESIAN_POINT('Origin',(-18.325,6.,-2.75));
#8100=CARTESIAN_POINT('Origin',(9.79717439317883E-16,8.,-2.75));
#8101=CARTESIAN_POINT('',(18.325,5.,-2.75));
#8102=CARTESIAN_POINT('',(6.12323399573677E-16,5.,-2.75));
#8103=CARTESIAN_POINT('',(19.325,6.,-2.75));
#8104=CARTESIAN_POINT('Origin',(18.325,6.,-2.75));
#8105=CARTESIAN_POINT('',(19.325,10.,-2.75));
#8106=CARTESIAN_POINT('',(19.325,8.,-2.75));
#8107=CARTESIAN_POINT('',(18.325,11.,-2.75));
#8108=CARTESIAN_POINT('Origin',(18.325,10.,-2.75));
#8109=CARTESIAN_POINT('',(-18.325,11.,-2.75));
#8110=CARTESIAN_POINT('',(1.34711147906209E-15,11.,-2.75));
#8111=CARTESIAN_POINT('',(-19.325,10.,-2.75));
#8112=CARTESIAN_POINT('Origin',(-18.325,10.,-2.75));
#8113=CARTESIAN_POINT('',(-19.325,8.,-2.75));
#8114=CARTESIAN_POINT('Origin',(-18.325,10.,-4.275));
#8115=CARTESIAN_POINT('',(-18.325,11.,-5.8));
#8116=CARTESIAN_POINT('',(-18.325,11.,-4.275));
#8117=CARTESIAN_POINT('',(-19.325,10.,-5.8));
#8118=CARTESIAN_POINT('Origin',(-18.325,10.,-5.8));
#8119=CARTESIAN_POINT('',(-19.325,10.,-4.275));
#8120=CARTESIAN_POINT('Origin',(18.325,6.,-4.275));
#8121=CARTESIAN_POINT('',(19.325,6.,-5.8));
#8122=CARTESIAN_POINT('',(19.325,6.,-4.275));
#8123=CARTESIAN_POINT('',(18.325,5.,-5.8));
#8124=CARTESIAN_POINT('',(18.325,5.,-4.275));
#8125=CARTESIAN_POINT('Origin',(18.325,6.,-5.8));
#8126=CARTESIAN_POINT('Origin',(9.79717439317883E-16,8.,-5.8));
#8127=CARTESIAN_POINT('',(-19.325,8.,-5.8));
#8128=CARTESIAN_POINT('',(18.325,11.,-5.8));
#8129=CARTESIAN_POINT('',(1.34711147906209E-15,11.,-5.8));
#8130=CARTESIAN_POINT('',(19.325,10.,-5.8));
#8131=CARTESIAN_POINT('Origin',(18.325,10.,-5.8));
#8132=CARTESIAN_POINT('',(19.325,8.,-5.8));
#8133=CARTESIAN_POINT('',(6.12323399573677E-16,5.,-5.8));
#8134=CARTESIAN_POINT('Origin',(18.325,10.,-4.275));
#8135=CARTESIAN_POINT('',(18.325,11.,-4.275));
#8136=CARTESIAN_POINT('',(19.325,10.,-4.275));
#8137=CARTESIAN_POINT('Origin',(19.325,8.,-4.275));
#8138=CARTESIAN_POINT('Origin',(-19.325,8.,-4.275));
#8139=CARTESIAN_POINT('Origin',(1.34711147906209E-15,11.,-4.275));
#8140=CARTESIAN_POINT('Origin',(6.12323399573677E-16,5.,-4.275));
#8141=CARTESIAN_POINT('',(0.,0.,0.));
#8142=CARTESIAN_POINT('',(0.,0.,0.));
#8143=CARTESIAN_POINT('',(0.,0.,0.));
#8144=CARTESIAN_POINT('',(0.,0.,0.));
#8145=CARTESIAN_POINT('',(0.,0.,0.));
#8146=CARTESIAN_POINT('',(0.,0.,0.));
#8147=UNCERTAINTY_MEASURE_WITH_UNIT(LENGTH_MEASURE(0.01),#8163,
'DISTANCE_ACCURACY_VALUE',
'Maximum model space distance between geometric entities at asserted c
onnectivities');
#8148=UNCERTAINTY_MEASURE_WITH_UNIT(LENGTH_MEASURE(0.01),#8163,
'DISTANCE_ACCURACY_VALUE',
'Maximum model space distance between geometric entities at asserted c
onnectivities');
#8149=UNCERTAINTY_MEASURE_WITH_UNIT(LENGTH_MEASURE(0.01),#8163,
'DISTANCE_ACCURACY_VALUE',
'Maximum model space distance between geometric entities at asserted c
onnectivities');
#8150=UNCERTAINTY_MEASURE_WITH_UNIT(LENGTH_MEASURE(0.01),#8163,
'DISTANCE_ACCURACY_VALUE',
'Maximum model space distance between geometric entities at asserted c
onnectivities');
#8151=UNCERTAINTY_MEASURE_WITH_UNIT(LENGTH_MEASURE(0.01),#8163,
'DISTANCE_ACCURACY_VALUE',
'Maximum model space distance between geometric entities at asserted c
onnectivities');
#8152=UNCERTAINTY_MEASURE_WITH_UNIT(LENGTH_MEASURE(0.01),#8163,
'DISTANCE_ACCURACY_VALUE',
'Maximum model space distance between geometric entities at asserted c
onnectivities');
#8153=UNCERTAINTY_MEASURE_WITH_UNIT(LENGTH_MEASURE(0.01),#8163,
'DISTANCE_ACCURACY_VALUE',
'Maximum model space distance between geometric entities at asserted c
onnectivities');
#8154=UNCERTAINTY_MEASURE_WITH_UNIT(LENGTH_MEASURE(0.01),#8163,
'DISTANCE_ACCURACY_VALUE',
'Maximum model space distance between geometric entities at asserted c
onnectivities');
#8155=(
GEOMETRIC_REPRESENTATION_CONTEXT(3)
GLOBAL_UNCERTAINTY_ASSIGNED_CONTEXT((#8147))
GLOBAL_UNIT_ASSIGNED_CONTEXT((#8163,#8165,#8166))
REPRESENTATION_CONTEXT('','3D')
);
#8156=(
GEOMETRIC_REPRESENTATION_CONTEXT(3)
GLOBAL_UNCERTAINTY_ASSIGNED_CONTEXT((#8148))
GLOBAL_UNIT_ASSIGNED_CONTEXT((#8163,#8165,#8166))
REPRESENTATION_CONTEXT('','3D')
);
#8157=(
GEOMETRIC_REPRESENTATION_CONTEXT(3)
GLOBAL_UNCERTAINTY_ASSIGNED_CONTEXT((#8149))
GLOBAL_UNIT_ASSIGNED_CONTEXT((#8163,#8165,#8166))
REPRESENTATION_CONTEXT('','3D')
);
#8158=(
GEOMETRIC_REPRESENTATION_CONTEXT(3)
GLOBAL_UNCERTAINTY_ASSIGNED_CONTEXT((#8150))
GLOBAL_UNIT_ASSIGNED_CONTEXT((#8163,#8165,#8166))
REPRESENTATION_CONTEXT('','3D')
);
#8159=(
GEOMETRIC_REPRESENTATION_CONTEXT(3)
GLOBAL_UNCERTAINTY_ASSIGNED_CONTEXT((#8151))
GLOBAL_UNIT_ASSIGNED_CONTEXT((#8163,#8165,#8166))
REPRESENTATION_CONTEXT('','3D')
);
#8160=(
GEOMETRIC_REPRESENTATION_CONTEXT(3)
GLOBAL_UNCERTAINTY_ASSIGNED_CONTEXT((#8152))
GLOBAL_UNIT_ASSIGNED_CONTEXT((#8163,#8165,#8166))
REPRESENTATION_CONTEXT('','3D')
);
#8161=(
GEOMETRIC_REPRESENTATION_CONTEXT(3)
GLOBAL_UNCERTAINTY_ASSIGNED_CONTEXT((#8153))
GLOBAL_UNIT_ASSIGNED_CONTEXT((#8163,#8165,#8166))
REPRESENTATION_CONTEXT('','3D')
);
#8162=(
GEOMETRIC_REPRESENTATION_CONTEXT(3)
GLOBAL_UNCERTAINTY_ASSIGNED_CONTEXT((#8154))
GLOBAL_UNIT_ASSIGNED_CONTEXT((#8163,#8165,#8166))
REPRESENTATION_CONTEXT('','3D')
);
#8163=(
LENGTH_UNIT()
NAMED_UNIT(*)
SI_UNIT(.MILLI.,.METRE.)
);
#8164=(
LENGTH_UNIT()
NAMED_UNIT(*)
SI_UNIT($,.METRE.)
);
#8165=(
NAMED_UNIT(*)
PLANE_ANGLE_UNIT()
SI_UNIT($,.RADIAN.)
);
#8166=(
NAMED_UNIT(*)
SI_UNIT($,.STERADIAN.)
SOLID_ANGLE_UNIT()
);
#8167=SHAPE_DEFINITION_REPRESENTATION(#8174,#8187);
#8168=SHAPE_DEFINITION_REPRESENTATION(#8175,#8188);
#8169=SHAPE_DEFINITION_REPRESENTATION(#8176,#8189);
#8170=SHAPE_DEFINITION_REPRESENTATION(#8177,#8190);
#8171=SHAPE_DEFINITION_REPRESENTATION(#8178,#8191);
#8172=SHAPE_DEFINITION_REPRESENTATION(#8179,#8192);
#8173=SHAPE_DEFINITION_REPRESENTATION(#8180,#8193);
#8174=PRODUCT_DEFINITION_SHAPE('',$,#8195);
#8175=PRODUCT_DEFINITION_SHAPE('',$,#8196);
#8176=PRODUCT_DEFINITION_SHAPE('',$,#8197);
#8177=PRODUCT_DEFINITION_SHAPE('',$,#8198);
#8178=PRODUCT_DEFINITION_SHAPE('',$,#8199);
#8179=PRODUCT_DEFINITION_SHAPE('',$,#8200);
#8180=PRODUCT_DEFINITION_SHAPE('',$,#8201);
#8181=PRODUCT_DEFINITION_SHAPE($,$,#29);
#8182=PRODUCT_DEFINITION_SHAPE($,$,#30);
#8183=PRODUCT_DEFINITION_SHAPE($,$,#31);
#8184=PRODUCT_DEFINITION_SHAPE($,$,#32);
#8185=PRODUCT_DEFINITION_SHAPE($,$,#33);
#8186=PRODUCT_DEFINITION_SHAPE($,$,#34);
#8187=SHAPE_REPRESENTATION('',(#4833,#5309),#8155);
#8188=SHAPE_REPRESENTATION('',(#4834,#5304,#5305,#5306,#5307,#5308),#8156);
#8189=SHAPE_REPRESENTATION('',(#4835),#8157);
#8190=SHAPE_REPRESENTATION('',(#4852),#8158);
#8191=SHAPE_REPRESENTATION('',(#4971),#8159);
#8192=SHAPE_REPRESENTATION('',(#5048),#8160);
#8193=SHAPE_REPRESENTATION('',(#5285),#8161);
#8194=PRODUCT_DEFINITION_CONTEXT('part definition',#8217,'design');
#8195=PRODUCT_DEFINITION('(Unsaved)','(Unsaved)',#8202,#8194);
#8196=PRODUCT_DEFINITION('Decca_Display_Mount','Decca_Display_Mount',#8203,
#8194);
#8197=PRODUCT_DEFINITION('REF_Decca_Panel','REF_Decca_Panel',#8204,#8194);
#8198=PRODUCT_DEFINITION('Front_Bezel','Front_Bezel',#8205,#8194);
#8199=PRODUCT_DEFINITION('REF_SH1106_1P3','REF_SH1106_1P3',#8206,#8194);
#8200=PRODUCT_DEFINITION('Rear_Display_Carrier','Rear_Display_Carrier',
#8207,#8194);
#8201=PRODUCT_DEFINITION('Retainer_Bar','Retainer_Bar',#8208,#8194);
#8202=PRODUCT_DEFINITION_FORMATION('',$,#8219);
#8203=PRODUCT_DEFINITION_FORMATION('',$,#8220);
#8204=PRODUCT_DEFINITION_FORMATION('',$,#8221);
#8205=PRODUCT_DEFINITION_FORMATION('',$,#8222);
#8206=PRODUCT_DEFINITION_FORMATION('',$,#8223);
#8207=PRODUCT_DEFINITION_FORMATION('',$,#8224);
#8208=PRODUCT_DEFINITION_FORMATION('',$,#8225);
#8209=PRODUCT_RELATED_PRODUCT_CATEGORY('(Unsaved)','(Unsaved)',(#8219));
#8210=PRODUCT_RELATED_PRODUCT_CATEGORY('Decca_Display_Mount',
'Decca_Display_Mount',(#8220));
#8211=PRODUCT_RELATED_PRODUCT_CATEGORY('REF_Decca_Panel',
'REF_Decca_Panel',(#8221));
#8212=PRODUCT_RELATED_PRODUCT_CATEGORY('Front_Bezel','Front_Bezel',(#8222));
#8213=PRODUCT_RELATED_PRODUCT_CATEGORY('REF_SH1106_1P3',
'REF_SH1106_1P3',(#8223));
#8214=PRODUCT_RELATED_PRODUCT_CATEGORY('Rear_Display_Carrier',
'Rear_Display_Carrier',(#8224));
#8215=PRODUCT_RELATED_PRODUCT_CATEGORY('Retainer_Bar','Retainer_Bar',(#8225));
#8216=APPLICATION_PROTOCOL_DEFINITION('international standard',
'automotive_design',2009,#8217);
#8217=APPLICATION_CONTEXT(
'Core Data for Automotive Mechanical Design Process');
#8218=PRODUCT_CONTEXT('part definition',#8217,'mechanical');
#8219=PRODUCT('(Unsaved)','(Unsaved)',$,(#8218));
#8220=PRODUCT('Decca_Display_Mount','Decca_Display_Mount',$,(#8218));
#8221=PRODUCT('REF_Decca_Panel','REF_Decca_Panel',$,(#8218));
#8222=PRODUCT('Front_Bezel','Front_Bezel',$,(#8218));
#8223=PRODUCT('REF_SH1106_1P3','REF_SH1106_1P3',$,(#8218));
#8224=PRODUCT('Rear_Display_Carrier','Rear_Display_Carrier',$,(#8218));
#8225=PRODUCT('Retainer_Bar','Retainer_Bar',$,(#8218));
#8226=PRESENTATION_STYLE_ASSIGNMENT((#8228));
#8227=PRESENTATION_STYLE_ASSIGNMENT((#8229));
#8228=SURFACE_STYLE_USAGE(.BOTH.,#8230);
#8229=SURFACE_STYLE_USAGE(.BOTH.,#8231);
#8230=SURFACE_SIDE_STYLE('',(#8232));
#8231=SURFACE_SIDE_STYLE('',(#8233));
#8232=SURFACE_STYLE_FILL_AREA(#8234);
#8233=SURFACE_STYLE_FILL_AREA(#8235);
#8234=FILL_AREA_STYLE('Steel - Satin',(#8236));
#8235=FILL_AREA_STYLE('Plastic - Matte (Black)',(#8237));
#8236=FILL_AREA_STYLE_COLOUR('Steel - Satin',#8238);
#8237=FILL_AREA_STYLE_COLOUR('Plastic - Matte (Black)',#8239);
#8238=COLOUR_RGB('Steel - Satin',0.627450980392157,0.627450980392157,0.627450980392157);
#8239=COLOUR_RGB('Plastic - Matte (Black)',0.0980392156862745,0.0980392156862745,
0.0980392156862745);
ENDSEC;
END-ISO-10303-21;
