ISO-10303-21;
HEADER;
/* Generated by software containing ST-Developer
 * from STEP Tools, Inc. (www.steptools.com) 
 */

FILE_DESCRIPTION(
/* description */ (''),
/* implementation_level */ '2;1');

FILE_NAME(
/* name */ 'Decca_Display_Mount_revP_assembly.step',
/* time_stamp */ '2026-08-29T12:57:44+01:00',
/* author */ (''),
/* organization */ (''),
/* preprocessor_version */ 'ST-DEVELOPER v20.1',
/* originating_system */ 'Autodesk Translation Framework v15.8.0.0',
/* authorisation */ '');

FILE_SCHEMA (('AUTOMOTIVE_DESIGN { 1 0 10303 214 3 1 1 }'));
ENDSEC;

DATA;
#10=MECHANICAL_DESIGN_GEOMETRIC_PRESENTATION_REPRESENTATION('',(#69,#70,
#71,#72,#73,#74,#75,#76,#77,#78,#79,#80,#81,#82,#83,#84,#85,#86,#87),#8339);
#11=ITEM_DEFINED_TRANSFORMATION($,$,#4931,#5438);
#12=ITEM_DEFINED_TRANSFORMATION($,$,#4948,#5439);
#13=ITEM_DEFINED_TRANSFORMATION($,$,#5025,#5440);
#14=ITEM_DEFINED_TRANSFORMATION($,$,#5292,#5441);
#15=ITEM_DEFINED_TRANSFORMATION($,$,#5319,#5442);
#16=(
REPRESENTATION_RELATIONSHIP($,$,#8362,#8361)
REPRESENTATION_RELATIONSHIP_WITH_TRANSFORMATION(#11)
SHAPE_REPRESENTATION_RELATIONSHIP()
);
#17=(
REPRESENTATION_RELATIONSHIP($,$,#8363,#8361)
REPRESENTATION_RELATIONSHIP_WITH_TRANSFORMATION(#12)
SHAPE_REPRESENTATION_RELATIONSHIP()
);
#18=(
REPRESENTATION_RELATIONSHIP($,$,#8364,#8361)
REPRESENTATION_RELATIONSHIP_WITH_TRANSFORMATION(#13)
SHAPE_REPRESENTATION_RELATIONSHIP()
);
#19=(
REPRESENTATION_RELATIONSHIP($,$,#8365,#8361)
REPRESENTATION_RELATIONSHIP_WITH_TRANSFORMATION(#14)
SHAPE_REPRESENTATION_RELATIONSHIP()
);
#20=(
REPRESENTATION_RELATIONSHIP($,$,#8366,#8361)
REPRESENTATION_RELATIONSHIP_WITH_TRANSFORMATION(#15)
SHAPE_REPRESENTATION_RELATIONSHIP()
);
#21=CONTEXT_DEPENDENT_SHAPE_REPRESENTATION(#16,#8356);
#22=CONTEXT_DEPENDENT_SHAPE_REPRESENTATION(#17,#8357);
#23=CONTEXT_DEPENDENT_SHAPE_REPRESENTATION(#18,#8358);
#24=CONTEXT_DEPENDENT_SHAPE_REPRESENTATION(#19,#8359);
#25=CONTEXT_DEPENDENT_SHAPE_REPRESENTATION(#20,#8360);
#26=NEXT_ASSEMBLY_USAGE_OCCURRENCE('REF_Decca_Panel:1',
'REF_Decca_Panel:1','REF_Decca_Panel:1',#8368,#8369,'REF_Decca_Panel:1');
#27=NEXT_ASSEMBLY_USAGE_OCCURRENCE('REF_SH1106_1P3:1',
'REF_SH1106_1P3:1','REF_SH1106_1P3:1',#8368,#8370,'REF_SH1106_1P3:1');
#28=NEXT_ASSEMBLY_USAGE_OCCURRENCE('Rear_Display_Carrier:1',
'Rear_Display_Carrier:1','Rear_Display_Carrier:1',#8368,#8371,
'Rear_Display_Carrier:1');
#29=NEXT_ASSEMBLY_USAGE_OCCURRENCE('REF_Decca_Fasteners:1',
'REF_Decca_Fasteners:1','REF_Decca_Fasteners:1',#8368,#8372,
'REF_Decca_Fasteners:1');
#30=NEXT_ASSEMBLY_USAGE_OCCURRENCE('REF_Front_Bezel_revN:1',
'REF_Front_Bezel_revN:1','REF_Front_Bezel_revN:1',#8368,#8373,
'REF_Front_Bezel_revN:1');
#31=(
BOUNDED_CURVE()
B_SPLINE_CURVE(2,(#7424,#7425,#7426),.UNSPECIFIED.,.F.,.F.)
B_SPLINE_CURVE_WITH_KNOTS((3,3),(0.,0.046705118500214),.UNSPECIFIED.)
CURVE()
GEOMETRIC_REPRESENTATION_ITEM()
RATIONAL_B_SPLINE_CURVE((1.,1.00573482225298,1.))
REPRESENTATION_ITEM('')
);
#32=(
BOUNDED_CURVE()
B_SPLINE_CURVE(2,(#7430,#7431,#7432),.UNSPECIFIED.,.F.,.F.)
B_SPLINE_CURVE_WITH_KNOTS((3,3),(0.,0.046705118500214),.UNSPECIFIED.)
CURVE()
GEOMETRIC_REPRESENTATION_ITEM()
RATIONAL_B_SPLINE_CURVE((1.,1.00573482225298,1.))
REPRESENTATION_ITEM('')
);
#33=(
BOUNDED_CURVE()
B_SPLINE_CURVE(2,(#7452,#7453,#7454),.UNSPECIFIED.,.F.,.F.)
B_SPLINE_CURVE_WITH_KNOTS((3,3),(0.,0.046705118500214),.UNSPECIFIED.)
CURVE()
GEOMETRIC_REPRESENTATION_ITEM()
RATIONAL_B_SPLINE_CURVE((1.,1.00573482225298,1.))
REPRESENTATION_ITEM('')
);
#34=(
BOUNDED_CURVE()
B_SPLINE_CURVE(2,(#7458,#7459,#7460),.UNSPECIFIED.,.F.,.F.)
B_SPLINE_CURVE_WITH_KNOTS((3,3),(0.,0.046705118500214),.UNSPECIFIED.)
CURVE()
GEOMETRIC_REPRESENTATION_ITEM()
RATIONAL_B_SPLINE_CURVE((1.,1.00573482225298,1.))
REPRESENTATION_ITEM('')
);
#35=(
BOUNDED_CURVE()
B_SPLINE_CURVE(2,(#7506,#7507,#7508),.UNSPECIFIED.,.F.,.F.)
B_SPLINE_CURVE_WITH_KNOTS((3,3),(0.,0.046705118500214),.UNSPECIFIED.)
CURVE()
GEOMETRIC_REPRESENTATION_ITEM()
RATIONAL_B_SPLINE_CURVE((1.,1.00573482225298,1.))
REPRESENTATION_ITEM('')
);
#36=(
BOUNDED_CURVE()
B_SPLINE_CURVE(2,(#7512,#7513,#7514),.UNSPECIFIED.,.F.,.F.)
B_SPLINE_CURVE_WITH_KNOTS((3,3),(0.,0.046705118500214),.UNSPECIFIED.)
CURVE()
GEOMETRIC_REPRESENTATION_ITEM()
RATIONAL_B_SPLINE_CURVE((1.,1.00573482225298,1.))
REPRESENTATION_ITEM('')
);
#37=(
BOUNDED_CURVE()
B_SPLINE_CURVE(2,(#7534,#7535,#7536),.UNSPECIFIED.,.F.,.F.)
B_SPLINE_CURVE_WITH_KNOTS((3,3),(0.,0.046705118500214),.UNSPECIFIED.)
CURVE()
GEOMETRIC_REPRESENTATION_ITEM()
RATIONAL_B_SPLINE_CURVE((1.,1.00573482225298,1.))
REPRESENTATION_ITEM('')
);
#38=(
BOUNDED_CURVE()
B_SPLINE_CURVE(2,(#7540,#7541,#7542),.UNSPECIFIED.,.F.,.F.)
B_SPLINE_CURVE_WITH_KNOTS((3,3),(0.,0.046705118500214),.UNSPECIFIED.)
CURVE()
GEOMETRIC_REPRESENTATION_ITEM()
RATIONAL_B_SPLINE_CURVE((1.,1.00573482225298,1.))
REPRESENTATION_ITEM('')
);
#39=TOROIDAL_SURFACE('',#5096,2.15,0.8);
#40=TOROIDAL_SURFACE('',#5107,2.15,0.8);
#41=TOROIDAL_SURFACE('',#5138,2.2,0.8);
#42=TOROIDAL_SURFACE('',#5169,2.2,0.8);
#43=TOROIDAL_SURFACE('',#5320,1.6,0.4);
#44=TOROIDAL_SURFACE('',#5327,1.6,0.4);
#45=TOROIDAL_SURFACE('',#5333,1.6,0.4);
#46=TOROIDAL_SURFACE('',#5339,1.6,0.4);
#47=TOROIDAL_SURFACE('',#5355,1.2,0.4);
#48=TOROIDAL_SURFACE('',#5361,1.2,0.4);
#49=TOROIDAL_SURFACE('',#5366,1.2,0.4);
#50=TOROIDAL_SURFACE('',#5371,1.2,0.4);
#51=CONICAL_SURFACE('',#5041,2.22949726619084,0.732549321568848);
#52=CONICAL_SURFACE('',#5074,2.22949726619084,0.732549321568848);
#53=CONICAL_SURFACE('',#5092,1.2,0.785398163397448);
#54=CONICAL_SURFACE('',#5103,1.2,0.785398163397448);
#55=CONICAL_SURFACE('',#5124,1.45,0.70862627212767);
#56=CONICAL_SURFACE('',#5126,1.45,0.70862627212767);
#57=CONICAL_SURFACE('',#5155,1.45,0.70862627212767);
#58=CONICAL_SURFACE('',#5157,1.45,0.70862627212767);
#59=SHAPE_REPRESENTATION_RELATIONSHIP('SRR','None',#8362,#64);
#60=SHAPE_REPRESENTATION_RELATIONSHIP('SRR','None',#8363,#65);
#61=SHAPE_REPRESENTATION_RELATIONSHIP('SRR','None',#8364,#66);
#62=SHAPE_REPRESENTATION_RELATIONSHIP('SRR','None',#8365,#67);
#63=SHAPE_REPRESENTATION_RELATIONSHIP('SRR','None',#8366,#68);
#64=ADVANCED_BREP_SHAPE_REPRESENTATION('',(#88),#8334);
#65=ADVANCED_BREP_SHAPE_REPRESENTATION('',(#89,#90,#91,#92,#93,#94,#95,
#96,#97,#98,#99,#100),#8335);
#66=ADVANCED_BREP_SHAPE_REPRESENTATION('',(#101),#8336);
#67=ADVANCED_BREP_SHAPE_REPRESENTATION('',(#102,#103,#104,#105),#8337);
#68=ADVANCED_BREP_SHAPE_REPRESENTATION('',(#106),#8338);
#69=STYLED_ITEM('',(#8395),#88);
#70=STYLED_ITEM('',(#8395),#89);
#71=STYLED_ITEM('',(#8395),#90);
#72=STYLED_ITEM('',(#8395),#91);
#73=STYLED_ITEM('',(#8395),#92);
#74=STYLED_ITEM('',(#8395),#93);
#75=STYLED_ITEM('',(#8395),#94);
#76=STYLED_ITEM('',(#8395),#95);
#77=STYLED_ITEM('',(#8395),#96);
#78=STYLED_ITEM('',(#8395),#97);
#79=STYLED_ITEM('',(#8395),#98);
#80=STYLED_ITEM('',(#8395),#99);
#81=STYLED_ITEM('',(#8395),#100);
#82=STYLED_ITEM('',(#8395),#101);
#83=STYLED_ITEM('',(#8395),#102);
#84=STYLED_ITEM('',(#8395),#103);
#85=STYLED_ITEM('',(#8395),#104);
#86=STYLED_ITEM('',(#8395),#105);
#87=STYLED_ITEM('',(#8395),#106);
#88=MANIFOLD_SOLID_BREP('PANEL_Perspex',#4855);
#89=MANIFOLD_SOLID_BREP('OLED_PCB',#4856);
#90=MANIFOLD_SOLID_BREP('OLED_Glass',#4857);
#91=MANIFOLD_SOLID_BREP('OLED_ActiveArea',#4858);
#92=MANIFOLD_SOLID_BREP('OLED_Header_Keepout',#4859);
#93=MANIFOLD_SOLID_BREP('OLED_Solder_Tips',#4860);
#94=MANIFOLD_SOLID_BREP('OLED_Solder_Tips',#4861);
#95=MANIFOLD_SOLID_BREP('OLED_Solder_Tips',#4862);
#96=MANIFOLD_SOLID_BREP('OLED_Solder_Tips',#4863);
#97=MANIFOLD_SOLID_BREP('OLED_Solder_Tips',#4864);
#98=MANIFOLD_SOLID_BREP('OLED_Solder_Tips',#4865);
#99=MANIFOLD_SOLID_BREP('OLED_Solder_Tips',#4866);
#100=MANIFOLD_SOLID_BREP('OLED_Solder_Tips',#4867);
#101=MANIFOLD_SOLID_BREP('Rear_Display_Carrier',#4868);
#102=MANIFOLD_SOLID_BREP('ORIGINAL_Nuts',#4869);
#103=MANIFOLD_SOLID_BREP('ORIGINAL_Nuts',#4870);
#104=MANIFOLD_SOLID_BREP('ORIGINAL_Bolt_Envelope',#4871);
#105=MANIFOLD_SOLID_BREP('ORIGINAL_Bolt_Envelope',#4872);
#106=MANIFOLD_SOLID_BREP('Body1',#4873);
#107=FACE_BOUND('',#638,.T.);
#108=FACE_BOUND('',#639,.T.);
#109=FACE_BOUND('',#640,.T.);
#110=FACE_BOUND('',#642,.T.);
#111=FACE_BOUND('',#643,.T.);
#112=FACE_BOUND('',#644,.T.);
#113=FACE_BOUND('',#654,.T.);
#114=FACE_BOUND('',#655,.T.);
#115=FACE_BOUND('',#656,.T.);
#116=FACE_BOUND('',#657,.T.);
#117=FACE_BOUND('',#659,.T.);
#118=FACE_BOUND('',#660,.T.);
#119=FACE_BOUND('',#661,.T.);
#120=FACE_BOUND('',#662,.T.);
#121=FACE_BOUND('',#728,.T.);
#122=FACE_BOUND('',#732,.T.);
#123=FACE_BOUND('',#753,.T.);
#124=FACE_BOUND('',#757,.T.);
#125=FACE_BOUND('',#764,.T.);
#126=FACE_BOUND('',#770,.T.);
#127=FACE_BOUND('',#786,.T.);
#128=FACE_BOUND('',#802,.T.);
#129=FACE_BOUND('',#808,.T.);
#130=FACE_BOUND('',#817,.T.);
#131=FACE_BOUND('',#826,.T.);
#132=FACE_BOUND('',#832,.T.);
#133=FACE_BOUND('',#833,.T.);
#134=FACE_BOUND('',#836,.T.);
#135=FACE_BOUND('',#852,.T.);
#136=FACE_BOUND('',#853,.T.);
#137=FACE_BOUND('',#906,.T.);
#138=FACE_BOUND('',#953,.T.);
#139=FACE_BOUND('',#954,.T.);
#140=FACE_BOUND('',#955,.T.);
#141=FACE_BOUND('',#956,.T.);
#142=FACE_BOUND('',#957,.T.);
#143=PLANE('',#4938);
#144=PLANE('',#4939);
#145=PLANE('',#4940);
#146=PLANE('',#4941);
#147=PLANE('',#4942);
#148=PLANE('',#4943);
#149=PLANE('',#4944);
#150=PLANE('',#4945);
#151=PLANE('',#4946);
#152=PLANE('',#4947);
#153=PLANE('',#4961);
#154=PLANE('',#4962);
#155=PLANE('',#4963);
#156=PLANE('',#4964);
#157=PLANE('',#4965);
#158=PLANE('',#4966);
#159=PLANE('',#4967);
#160=PLANE('',#4968);
#161=PLANE('',#4969);
#162=PLANE('',#4970);
#163=PLANE('',#4971);
#164=PLANE('',#4972);
#165=PLANE('',#4973);
#166=PLANE('',#4974);
#167=PLANE('',#4975);
#168=PLANE('',#4976);
#169=PLANE('',#4977);
#170=PLANE('',#4978);
#171=PLANE('',#4979);
#172=PLANE('',#4980);
#173=PLANE('',#4981);
#174=PLANE('',#4982);
#175=PLANE('',#4983);
#176=PLANE('',#4984);
#177=PLANE('',#4988);
#178=PLANE('',#4989);
#179=PLANE('',#4993);
#180=PLANE('',#4994);
#181=PLANE('',#4998);
#182=PLANE('',#4999);
#183=PLANE('',#5003);
#184=PLANE('',#5004);
#185=PLANE('',#5008);
#186=PLANE('',#5009);
#187=PLANE('',#5013);
#188=PLANE('',#5014);
#189=PLANE('',#5018);
#190=PLANE('',#5019);
#191=PLANE('',#5023);
#192=PLANE('',#5024);
#193=PLANE('',#5029);
#194=PLANE('',#5031);
#195=PLANE('',#5033);
#196=PLANE('',#5035);
#197=PLANE('',#5037);
#198=PLANE('',#5039);
#199=PLANE('',#5042);
#200=PLANE('',#5043);
#201=PLANE('',#5044);
#202=PLANE('',#5045);
#203=PLANE('',#5046);
#204=PLANE('',#5047);
#205=PLANE('',#5048);
#206=PLANE('',#5049);
#207=PLANE('',#5050);
#208=PLANE('',#5051);
#209=PLANE('',#5052);
#210=PLANE('',#5054);
#211=PLANE('',#5055);
#212=PLANE('',#5056);
#213=PLANE('',#5062);
#214=PLANE('',#5064);
#215=PLANE('',#5066);
#216=PLANE('',#5068);
#217=PLANE('',#5070);
#218=PLANE('',#5072);
#219=PLANE('',#5075);
#220=PLANE('',#5076);
#221=PLANE('',#5077);
#222=PLANE('',#5078);
#223=PLANE('',#5079);
#224=PLANE('',#5080);
#225=PLANE('',#5081);
#226=PLANE('',#5082);
#227=PLANE('',#5083);
#228=PLANE('',#5084);
#229=PLANE('',#5085);
#230=PLANE('',#5087);
#231=PLANE('',#5088);
#232=PLANE('',#5089);
#233=PLANE('',#5095);
#234=PLANE('',#5101);
#235=PLANE('',#5106);
#236=PLANE('',#5112);
#237=PLANE('',#5114);
#238=PLANE('',#5115);
#239=PLANE('',#5119);
#240=PLANE('',#5120);
#241=PLANE('',#5122);
#242=PLANE('',#5135);
#243=PLANE('',#5136);
#244=PLANE('',#5143);
#245=PLANE('',#5145);
#246=PLANE('',#5146);
#247=PLANE('',#5150);
#248=PLANE('',#5151);
#249=PLANE('',#5153);
#250=PLANE('',#5166);
#251=PLANE('',#5167);
#252=PLANE('',#5174);
#253=PLANE('',#5184);
#254=PLANE('',#5191);
#255=PLANE('',#5192);
#256=PLANE('',#5194);
#257=PLANE('',#5197);
#258=PLANE('',#5201);
#259=PLANE('',#5208);
#260=PLANE('',#5211);
#261=PLANE('',#5212);
#262=PLANE('',#5216);
#263=PLANE('',#5218);
#264=PLANE('',#5219);
#265=PLANE('',#5224);
#266=PLANE('',#5225);
#267=PLANE('',#5242);
#268=PLANE('',#5250);
#269=PLANE('',#5251);
#270=PLANE('',#5252);
#271=PLANE('',#5253);
#272=PLANE('',#5254);
#273=PLANE('',#5255);
#274=PLANE('',#5257);
#275=PLANE('',#5258);
#276=PLANE('',#5259);
#277=PLANE('',#5264);
#278=PLANE('',#5265);
#279=PLANE('',#5277);
#280=PLANE('',#5278);
#281=PLANE('',#5280);
#282=PLANE('',#5283);
#283=PLANE('',#5284);
#284=PLANE('',#5289);
#285=PLANE('',#5290);
#286=PLANE('',#5291);
#287=PLANE('',#5293);
#288=PLANE('',#5294);
#289=PLANE('',#5295);
#290=PLANE('',#5296);
#291=PLANE('',#5297);
#292=PLANE('',#5298);
#293=PLANE('',#5299);
#294=PLANE('',#5300);
#295=PLANE('',#5301);
#296=PLANE('',#5302);
#297=PLANE('',#5303);
#298=PLANE('',#5304);
#299=PLANE('',#5305);
#300=PLANE('',#5306);
#301=PLANE('',#5307);
#302=PLANE('',#5308);
#303=PLANE('',#5312);
#304=PLANE('',#5313);
#305=PLANE('',#5317);
#306=PLANE('',#5318);
#307=PLANE('',#5344);
#308=PLANE('',#5347);
#309=PLANE('',#5350);
#310=PLANE('',#5375);
#311=PLANE('',#5378);
#312=PLANE('',#5381);
#313=PLANE('',#5382);
#314=PLANE('',#5383);
#315=PLANE('',#5384);
#316=PLANE('',#5385);
#317=PLANE('',#5386);
#318=PLANE('',#5387);
#319=PLANE('',#5388);
#320=PLANE('',#5389);
#321=PLANE('',#5390);
#322=PLANE('',#5400);
#323=PLANE('',#5404);
#324=PLANE('',#5405);
#325=PLANE('',#5406);
#326=PLANE('',#5407);
#327=PLANE('',#5417);
#328=PLANE('',#5421);
#329=PLANE('',#5422);
#330=PLANE('',#5423);
#331=PLANE('',#5424);
#332=PLANE('',#5429);
#333=PLANE('',#5430);
#334=PLANE('',#5433);
#335=PLANE('',#5436);
#336=PLANE('',#5437);
#337=FACE_OUTER_BOUND('',#631,.T.);
#338=FACE_OUTER_BOUND('',#632,.T.);
#339=FACE_OUTER_BOUND('',#633,.T.);
#340=FACE_OUTER_BOUND('',#634,.T.);
#341=FACE_OUTER_BOUND('',#635,.T.);
#342=FACE_OUTER_BOUND('',#636,.T.);
#343=FACE_OUTER_BOUND('',#637,.T.);
#344=FACE_OUTER_BOUND('',#641,.T.);
#345=FACE_OUTER_BOUND('',#645,.T.);
#346=FACE_OUTER_BOUND('',#646,.T.);
#347=FACE_OUTER_BOUND('',#647,.T.);
#348=FACE_OUTER_BOUND('',#648,.T.);
#349=FACE_OUTER_BOUND('',#649,.T.);
#350=FACE_OUTER_BOUND('',#650,.T.);
#351=FACE_OUTER_BOUND('',#651,.T.);
#352=FACE_OUTER_BOUND('',#652,.T.);
#353=FACE_OUTER_BOUND('',#653,.T.);
#354=FACE_OUTER_BOUND('',#658,.T.);
#355=FACE_OUTER_BOUND('',#663,.T.);
#356=FACE_OUTER_BOUND('',#664,.T.);
#357=FACE_OUTER_BOUND('',#665,.T.);
#358=FACE_OUTER_BOUND('',#666,.T.);
#359=FACE_OUTER_BOUND('',#667,.T.);
#360=FACE_OUTER_BOUND('',#668,.T.);
#361=FACE_OUTER_BOUND('',#669,.T.);
#362=FACE_OUTER_BOUND('',#670,.T.);
#363=FACE_OUTER_BOUND('',#671,.T.);
#364=FACE_OUTER_BOUND('',#672,.T.);
#365=FACE_OUTER_BOUND('',#673,.T.);
#366=FACE_OUTER_BOUND('',#674,.T.);
#367=FACE_OUTER_BOUND('',#675,.T.);
#368=FACE_OUTER_BOUND('',#676,.T.);
#369=FACE_OUTER_BOUND('',#677,.T.);
#370=FACE_OUTER_BOUND('',#678,.T.);
#371=FACE_OUTER_BOUND('',#679,.T.);
#372=FACE_OUTER_BOUND('',#680,.T.);
#373=FACE_OUTER_BOUND('',#681,.T.);
#374=FACE_OUTER_BOUND('',#682,.T.);
#375=FACE_OUTER_BOUND('',#683,.T.);
#376=FACE_OUTER_BOUND('',#684,.T.);
#377=FACE_OUTER_BOUND('',#685,.T.);
#378=FACE_OUTER_BOUND('',#686,.T.);
#379=FACE_OUTER_BOUND('',#687,.T.);
#380=FACE_OUTER_BOUND('',#688,.T.);
#381=FACE_OUTER_BOUND('',#689,.T.);
#382=FACE_OUTER_BOUND('',#690,.T.);
#383=FACE_OUTER_BOUND('',#691,.T.);
#384=FACE_OUTER_BOUND('',#692,.T.);
#385=FACE_OUTER_BOUND('',#693,.T.);
#386=FACE_OUTER_BOUND('',#694,.T.);
#387=FACE_OUTER_BOUND('',#695,.T.);
#388=FACE_OUTER_BOUND('',#696,.T.);
#389=FACE_OUTER_BOUND('',#697,.T.);
#390=FACE_OUTER_BOUND('',#698,.T.);
#391=FACE_OUTER_BOUND('',#699,.T.);
#392=FACE_OUTER_BOUND('',#700,.T.);
#393=FACE_OUTER_BOUND('',#701,.T.);
#394=FACE_OUTER_BOUND('',#702,.T.);
#395=FACE_OUTER_BOUND('',#703,.T.);
#396=FACE_OUTER_BOUND('',#704,.T.);
#397=FACE_OUTER_BOUND('',#705,.T.);
#398=FACE_OUTER_BOUND('',#706,.T.);
#399=FACE_OUTER_BOUND('',#707,.T.);
#400=FACE_OUTER_BOUND('',#708,.T.);
#401=FACE_OUTER_BOUND('',#709,.T.);
#402=FACE_OUTER_BOUND('',#710,.T.);
#403=FACE_OUTER_BOUND('',#711,.T.);
#404=FACE_OUTER_BOUND('',#712,.T.);
#405=FACE_OUTER_BOUND('',#713,.T.);
#406=FACE_OUTER_BOUND('',#714,.T.);
#407=FACE_OUTER_BOUND('',#715,.T.);
#408=FACE_OUTER_BOUND('',#716,.T.);
#409=FACE_OUTER_BOUND('',#717,.T.);
#410=FACE_OUTER_BOUND('',#718,.T.);
#411=FACE_OUTER_BOUND('',#719,.T.);
#412=FACE_OUTER_BOUND('',#720,.T.);
#413=FACE_OUTER_BOUND('',#721,.T.);
#414=FACE_OUTER_BOUND('',#722,.T.);
#415=FACE_OUTER_BOUND('',#723,.T.);
#416=FACE_OUTER_BOUND('',#724,.T.);
#417=FACE_OUTER_BOUND('',#725,.T.);
#418=FACE_OUTER_BOUND('',#726,.T.);
#419=FACE_OUTER_BOUND('',#727,.T.);
#420=FACE_OUTER_BOUND('',#729,.T.);
#421=FACE_OUTER_BOUND('',#730,.T.);
#422=FACE_OUTER_BOUND('',#731,.T.);
#423=FACE_OUTER_BOUND('',#733,.T.);
#424=FACE_OUTER_BOUND('',#734,.T.);
#425=FACE_OUTER_BOUND('',#735,.T.);
#426=FACE_OUTER_BOUND('',#736,.T.);
#427=FACE_OUTER_BOUND('',#737,.T.);
#428=FACE_OUTER_BOUND('',#738,.T.);
#429=FACE_OUTER_BOUND('',#739,.T.);
#430=FACE_OUTER_BOUND('',#740,.T.);
#431=FACE_OUTER_BOUND('',#741,.T.);
#432=FACE_OUTER_BOUND('',#742,.T.);
#433=FACE_OUTER_BOUND('',#743,.T.);
#434=FACE_OUTER_BOUND('',#744,.T.);
#435=FACE_OUTER_BOUND('',#745,.T.);
#436=FACE_OUTER_BOUND('',#746,.T.);
#437=FACE_OUTER_BOUND('',#747,.T.);
#438=FACE_OUTER_BOUND('',#748,.T.);
#439=FACE_OUTER_BOUND('',#749,.T.);
#440=FACE_OUTER_BOUND('',#750,.T.);
#441=FACE_OUTER_BOUND('',#751,.T.);
#442=FACE_OUTER_BOUND('',#752,.T.);
#443=FACE_OUTER_BOUND('',#754,.T.);
#444=FACE_OUTER_BOUND('',#755,.T.);
#445=FACE_OUTER_BOUND('',#756,.T.);
#446=FACE_OUTER_BOUND('',#758,.T.);
#447=FACE_OUTER_BOUND('',#759,.T.);
#448=FACE_OUTER_BOUND('',#760,.T.);
#449=FACE_OUTER_BOUND('',#761,.T.);
#450=FACE_OUTER_BOUND('',#762,.T.);
#451=FACE_OUTER_BOUND('',#763,.T.);
#452=FACE_OUTER_BOUND('',#765,.T.);
#453=FACE_OUTER_BOUND('',#766,.T.);
#454=FACE_OUTER_BOUND('',#767,.T.);
#455=FACE_OUTER_BOUND('',#768,.T.);
#456=FACE_OUTER_BOUND('',#769,.T.);
#457=FACE_OUTER_BOUND('',#771,.T.);
#458=FACE_OUTER_BOUND('',#772,.T.);
#459=FACE_OUTER_BOUND('',#773,.T.);
#460=FACE_OUTER_BOUND('',#774,.T.);
#461=FACE_OUTER_BOUND('',#775,.T.);
#462=FACE_OUTER_BOUND('',#776,.T.);
#463=FACE_OUTER_BOUND('',#777,.T.);
#464=FACE_OUTER_BOUND('',#778,.T.);
#465=FACE_OUTER_BOUND('',#779,.T.);
#466=FACE_OUTER_BOUND('',#780,.T.);
#467=FACE_OUTER_BOUND('',#781,.T.);
#468=FACE_OUTER_BOUND('',#782,.T.);
#469=FACE_OUTER_BOUND('',#783,.T.);
#470=FACE_OUTER_BOUND('',#784,.T.);
#471=FACE_OUTER_BOUND('',#785,.T.);
#472=FACE_OUTER_BOUND('',#787,.T.);
#473=FACE_OUTER_BOUND('',#788,.T.);
#474=FACE_OUTER_BOUND('',#789,.T.);
#475=FACE_OUTER_BOUND('',#790,.T.);
#476=FACE_OUTER_BOUND('',#791,.T.);
#477=FACE_OUTER_BOUND('',#792,.T.);
#478=FACE_OUTER_BOUND('',#793,.T.);
#479=FACE_OUTER_BOUND('',#794,.T.);
#480=FACE_OUTER_BOUND('',#795,.T.);
#481=FACE_OUTER_BOUND('',#796,.T.);
#482=FACE_OUTER_BOUND('',#797,.T.);
#483=FACE_OUTER_BOUND('',#798,.T.);
#484=FACE_OUTER_BOUND('',#799,.T.);
#485=FACE_OUTER_BOUND('',#800,.T.);
#486=FACE_OUTER_BOUND('',#801,.T.);
#487=FACE_OUTER_BOUND('',#803,.T.);
#488=FACE_OUTER_BOUND('',#804,.T.);
#489=FACE_OUTER_BOUND('',#805,.T.);
#490=FACE_OUTER_BOUND('',#806,.T.);
#491=FACE_OUTER_BOUND('',#807,.T.);
#492=FACE_OUTER_BOUND('',#809,.T.);
#493=FACE_OUTER_BOUND('',#810,.T.);
#494=FACE_OUTER_BOUND('',#811,.T.);
#495=FACE_OUTER_BOUND('',#812,.T.);
#496=FACE_OUTER_BOUND('',#813,.T.);
#497=FACE_OUTER_BOUND('',#814,.T.);
#498=FACE_OUTER_BOUND('',#815,.T.);
#499=FACE_OUTER_BOUND('',#816,.T.);
#500=FACE_OUTER_BOUND('',#818,.T.);
#501=FACE_OUTER_BOUND('',#819,.T.);
#502=FACE_OUTER_BOUND('',#820,.T.);
#503=FACE_OUTER_BOUND('',#821,.T.);
#504=FACE_OUTER_BOUND('',#822,.T.);
#505=FACE_OUTER_BOUND('',#823,.T.);
#506=FACE_OUTER_BOUND('',#824,.T.);
#507=FACE_OUTER_BOUND('',#825,.T.);
#508=FACE_OUTER_BOUND('',#827,.T.);
#509=FACE_OUTER_BOUND('',#828,.T.);
#510=FACE_OUTER_BOUND('',#829,.T.);
#511=FACE_OUTER_BOUND('',#830,.T.);
#512=FACE_OUTER_BOUND('',#831,.T.);
#513=FACE_OUTER_BOUND('',#834,.T.);
#514=FACE_OUTER_BOUND('',#835,.T.);
#515=FACE_OUTER_BOUND('',#837,.T.);
#516=FACE_OUTER_BOUND('',#838,.T.);
#517=FACE_OUTER_BOUND('',#839,.T.);
#518=FACE_OUTER_BOUND('',#840,.T.);
#519=FACE_OUTER_BOUND('',#841,.T.);
#520=FACE_OUTER_BOUND('',#842,.T.);
#521=FACE_OUTER_BOUND('',#843,.T.);
#522=FACE_OUTER_BOUND('',#844,.T.);
#523=FACE_OUTER_BOUND('',#845,.T.);
#524=FACE_OUTER_BOUND('',#846,.T.);
#525=FACE_OUTER_BOUND('',#847,.T.);
#526=FACE_OUTER_BOUND('',#848,.T.);
#527=FACE_OUTER_BOUND('',#849,.T.);
#528=FACE_OUTER_BOUND('',#850,.T.);
#529=FACE_OUTER_BOUND('',#851,.T.);
#530=FACE_OUTER_BOUND('',#854,.T.);
#531=FACE_OUTER_BOUND('',#855,.T.);
#532=FACE_OUTER_BOUND('',#856,.T.);
#533=FACE_OUTER_BOUND('',#857,.T.);
#534=FACE_OUTER_BOUND('',#858,.T.);
#535=FACE_OUTER_BOUND('',#859,.T.);
#536=FACE_OUTER_BOUND('',#860,.T.);
#537=FACE_OUTER_BOUND('',#861,.T.);
#538=FACE_OUTER_BOUND('',#862,.T.);
#539=FACE_OUTER_BOUND('',#863,.T.);
#540=FACE_OUTER_BOUND('',#864,.T.);
#541=FACE_OUTER_BOUND('',#865,.T.);
#542=FACE_OUTER_BOUND('',#866,.T.);
#543=FACE_OUTER_BOUND('',#867,.T.);
#544=FACE_OUTER_BOUND('',#868,.T.);
#545=FACE_OUTER_BOUND('',#869,.T.);
#546=FACE_OUTER_BOUND('',#870,.T.);
#547=FACE_OUTER_BOUND('',#871,.T.);
#548=FACE_OUTER_BOUND('',#872,.T.);
#549=FACE_OUTER_BOUND('',#873,.T.);
#550=FACE_OUTER_BOUND('',#874,.T.);
#551=FACE_OUTER_BOUND('',#875,.T.);
#552=FACE_OUTER_BOUND('',#876,.T.);
#553=FACE_OUTER_BOUND('',#877,.T.);
#554=FACE_OUTER_BOUND('',#878,.T.);
#555=FACE_OUTER_BOUND('',#879,.T.);
#556=FACE_OUTER_BOUND('',#880,.T.);
#557=FACE_OUTER_BOUND('',#881,.T.);
#558=FACE_OUTER_BOUND('',#882,.T.);
#559=FACE_OUTER_BOUND('',#883,.T.);
#560=FACE_OUTER_BOUND('',#884,.T.);
#561=FACE_OUTER_BOUND('',#885,.T.);
#562=FACE_OUTER_BOUND('',#886,.T.);
#563=FACE_OUTER_BOUND('',#887,.T.);
#564=FACE_OUTER_BOUND('',#888,.T.);
#565=FACE_OUTER_BOUND('',#889,.T.);
#566=FACE_OUTER_BOUND('',#890,.T.);
#567=FACE_OUTER_BOUND('',#891,.T.);
#568=FACE_OUTER_BOUND('',#892,.T.);
#569=FACE_OUTER_BOUND('',#893,.T.);
#570=FACE_OUTER_BOUND('',#894,.T.);
#571=FACE_OUTER_BOUND('',#895,.T.);
#572=FACE_OUTER_BOUND('',#896,.T.);
#573=FACE_OUTER_BOUND('',#897,.T.);
#574=FACE_OUTER_BOUND('',#898,.T.);
#575=FACE_OUTER_BOUND('',#899,.T.);
#576=FACE_OUTER_BOUND('',#900,.T.);
#577=FACE_OUTER_BOUND('',#901,.T.);
#578=FACE_OUTER_BOUND('',#902,.T.);
#579=FACE_OUTER_BOUND('',#903,.T.);
#580=FACE_OUTER_BOUND('',#904,.T.);
#581=FACE_OUTER_BOUND('',#905,.T.);
#582=FACE_OUTER_BOUND('',#907,.T.);
#583=FACE_OUTER_BOUND('',#908,.T.);
#584=FACE_OUTER_BOUND('',#909,.T.);
#585=FACE_OUTER_BOUND('',#910,.T.);
#586=FACE_OUTER_BOUND('',#911,.T.);
#587=FACE_OUTER_BOUND('',#912,.T.);
#588=FACE_OUTER_BOUND('',#913,.T.);
#589=FACE_OUTER_BOUND('',#914,.T.);
#590=FACE_OUTER_BOUND('',#915,.T.);
#591=FACE_OUTER_BOUND('',#916,.T.);
#592=FACE_OUTER_BOUND('',#917,.T.);
#593=FACE_OUTER_BOUND('',#918,.T.);
#594=FACE_OUTER_BOUND('',#919,.T.);
#595=FACE_OUTER_BOUND('',#920,.T.);
#596=FACE_OUTER_BOUND('',#921,.T.);
#597=FACE_OUTER_BOUND('',#922,.T.);
#598=FACE_OUTER_BOUND('',#923,.T.);
#599=FACE_OUTER_BOUND('',#924,.T.);
#600=FACE_OUTER_BOUND('',#925,.T.);
#601=FACE_OUTER_BOUND('',#926,.T.);
#602=FACE_OUTER_BOUND('',#927,.T.);
#603=FACE_OUTER_BOUND('',#928,.T.);
#604=FACE_OUTER_BOUND('',#929,.T.);
#605=FACE_OUTER_BOUND('',#930,.T.);
#606=FACE_OUTER_BOUND('',#931,.T.);
#607=FACE_OUTER_BOUND('',#932,.T.);
#608=FACE_OUTER_BOUND('',#933,.T.);
#609=FACE_OUTER_BOUND('',#934,.T.);
#610=FACE_OUTER_BOUND('',#935,.T.);
#611=FACE_OUTER_BOUND('',#936,.T.);
#612=FACE_OUTER_BOUND('',#937,.T.);
#613=FACE_OUTER_BOUND('',#938,.T.);
#614=FACE_OUTER_BOUND('',#939,.T.);
#615=FACE_OUTER_BOUND('',#940,.T.);
#616=FACE_OUTER_BOUND('',#941,.T.);
#617=FACE_OUTER_BOUND('',#942,.T.);
#618=FACE_OUTER_BOUND('',#943,.T.);
#619=FACE_OUTER_BOUND('',#944,.T.);
#620=FACE_OUTER_BOUND('',#945,.T.);
#621=FACE_OUTER_BOUND('',#946,.T.);
#622=FACE_OUTER_BOUND('',#947,.T.);
#623=FACE_OUTER_BOUND('',#948,.T.);
#624=FACE_OUTER_BOUND('',#949,.T.);
#625=FACE_OUTER_BOUND('',#950,.T.);
#626=FACE_OUTER_BOUND('',#951,.T.);
#627=FACE_OUTER_BOUND('',#952,.T.);
#628=FACE_OUTER_BOUND('',#958,.T.);
#629=FACE_OUTER_BOUND('',#959,.T.);
#630=FACE_OUTER_BOUND('',#960,.T.);
#631=EDGE_LOOP('',(#3153,#3154,#3155,#3156));
#632=EDGE_LOOP('',(#3157,#3158,#3159,#3160));
#633=EDGE_LOOP('',(#3161,#3162,#3163,#3164));
#634=EDGE_LOOP('',(#3165,#3166,#3167,#3168));
#635=EDGE_LOOP('',(#3169,#3170,#3171,#3172));
#636=EDGE_LOOP('',(#3173,#3174,#3175,#3176));
#637=EDGE_LOOP('',(#3177,#3178,#3179,#3180));
#638=EDGE_LOOP('',(#3181));
#639=EDGE_LOOP('',(#3182));
#640=EDGE_LOOP('',(#3183,#3184,#3185,#3186));
#641=EDGE_LOOP('',(#3187,#3188,#3189,#3190));
#642=EDGE_LOOP('',(#3191));
#643=EDGE_LOOP('',(#3192));
#644=EDGE_LOOP('',(#3193,#3194,#3195,#3196));
#645=EDGE_LOOP('',(#3197,#3198,#3199,#3200));
#646=EDGE_LOOP('',(#3201,#3202,#3203,#3204));
#647=EDGE_LOOP('',(#3205,#3206,#3207,#3208));
#648=EDGE_LOOP('',(#3209,#3210,#3211,#3212));
#649=EDGE_LOOP('',(#3213,#3214,#3215,#3216));
#650=EDGE_LOOP('',(#3217,#3218,#3219,#3220));
#651=EDGE_LOOP('',(#3221,#3222,#3223,#3224));
#652=EDGE_LOOP('',(#3225,#3226,#3227,#3228));
#653=EDGE_LOOP('',(#3229,#3230,#3231,#3232));
#654=EDGE_LOOP('',(#3233));
#655=EDGE_LOOP('',(#3234));
#656=EDGE_LOOP('',(#3235));
#657=EDGE_LOOP('',(#3236));
#658=EDGE_LOOP('',(#3237,#3238,#3239,#3240));
#659=EDGE_LOOP('',(#3241));
#660=EDGE_LOOP('',(#3242));
#661=EDGE_LOOP('',(#3243));
#662=EDGE_LOOP('',(#3244));
#663=EDGE_LOOP('',(#3245,#3246,#3247,#3248));
#664=EDGE_LOOP('',(#3249,#3250,#3251,#3252));
#665=EDGE_LOOP('',(#3253,#3254,#3255,#3256));
#666=EDGE_LOOP('',(#3257,#3258,#3259,#3260));
#667=EDGE_LOOP('',(#3261,#3262,#3263,#3264));
#668=EDGE_LOOP('',(#3265,#3266,#3267,#3268));
#669=EDGE_LOOP('',(#3269,#3270,#3271,#3272));
#670=EDGE_LOOP('',(#3273,#3274,#3275,#3276));
#671=EDGE_LOOP('',(#3277,#3278,#3279,#3280));
#672=EDGE_LOOP('',(#3281,#3282,#3283,#3284));
#673=EDGE_LOOP('',(#3285,#3286,#3287,#3288));
#674=EDGE_LOOP('',(#3289,#3290,#3291,#3292));
#675=EDGE_LOOP('',(#3293,#3294,#3295,#3296));
#676=EDGE_LOOP('',(#3297,#3298,#3299,#3300));
#677=EDGE_LOOP('',(#3301,#3302,#3303,#3304));
#678=EDGE_LOOP('',(#3305,#3306,#3307,#3308));
#679=EDGE_LOOP('',(#3309,#3310,#3311,#3312));
#680=EDGE_LOOP('',(#3313,#3314,#3315,#3316));
#681=EDGE_LOOP('',(#3317,#3318,#3319,#3320));
#682=EDGE_LOOP('',(#3321,#3322,#3323,#3324));
#683=EDGE_LOOP('',(#3325,#3326,#3327,#3328));
#684=EDGE_LOOP('',(#3329,#3330,#3331,#3332));
#685=EDGE_LOOP('',(#3333,#3334,#3335,#3336));
#686=EDGE_LOOP('',(#3337));
#687=EDGE_LOOP('',(#3338));
#688=EDGE_LOOP('',(#3339,#3340,#3341,#3342));
#689=EDGE_LOOP('',(#3343));
#690=EDGE_LOOP('',(#3344));
#691=EDGE_LOOP('',(#3345,#3346,#3347,#3348));
#692=EDGE_LOOP('',(#3349));
#693=EDGE_LOOP('',(#3350));
#694=EDGE_LOOP('',(#3351,#3352,#3353,#3354));
#695=EDGE_LOOP('',(#3355));
#696=EDGE_LOOP('',(#3356));
#697=EDGE_LOOP('',(#3357,#3358,#3359,#3360));
#698=EDGE_LOOP('',(#3361));
#699=EDGE_LOOP('',(#3362));
#700=EDGE_LOOP('',(#3363,#3364,#3365,#3366));
#701=EDGE_LOOP('',(#3367));
#702=EDGE_LOOP('',(#3368));
#703=EDGE_LOOP('',(#3369,#3370,#3371,#3372));
#704=EDGE_LOOP('',(#3373));
#705=EDGE_LOOP('',(#3374));
#706=EDGE_LOOP('',(#3375,#3376,#3377,#3378));
#707=EDGE_LOOP('',(#3379));
#708=EDGE_LOOP('',(#3380));
#709=EDGE_LOOP('',(#3381,#3382,#3383,#3384));
#710=EDGE_LOOP('',(#3385,#3386));
#711=EDGE_LOOP('',(#3387,#3388));
#712=EDGE_LOOP('',(#3389,#3390));
#713=EDGE_LOOP('',(#3391,#3392));
#714=EDGE_LOOP('',(#3393,#3394));
#715=EDGE_LOOP('',(#3395,#3396));
#716=EDGE_LOOP('',(#3397,#3398,#3399,#3400,#3401,#3402,#3403,#3404,#3405));
#717=EDGE_LOOP('',(#3406,#3407,#3408,#3409));
#718=EDGE_LOOP('',(#3410,#3411,#3412,#3413));
#719=EDGE_LOOP('',(#3414,#3415,#3416,#3417));
#720=EDGE_LOOP('',(#3418,#3419,#3420,#3421));
#721=EDGE_LOOP('',(#3422,#3423,#3424,#3425));
#722=EDGE_LOOP('',(#3426,#3427,#3428,#3429));
#723=EDGE_LOOP('',(#3430,#3431,#3432,#3433));
#724=EDGE_LOOP('',(#3434,#3435,#3436,#3437));
#725=EDGE_LOOP('',(#3438,#3439,#3440,#3441));
#726=EDGE_LOOP('',(#3442,#3443,#3444,#3445));
#727=EDGE_LOOP('',(#3446,#3447,#3448,#3449,#3450,#3451));
#728=EDGE_LOOP('',(#3452));
#729=EDGE_LOOP('',(#3453,#3454,#3455,#3456));
#730=EDGE_LOOP('',(#3457,#3458,#3459,#3460));
#731=EDGE_LOOP('',(#3461,#3462,#3463,#3464,#3465,#3466));
#732=EDGE_LOOP('',(#3467,#3468,#3469,#3470,#3471,#3472));
#733=EDGE_LOOP('',(#3473,#3474,#3475,#3476));
#734=EDGE_LOOP('',(#3477,#3478,#3479,#3480));
#735=EDGE_LOOP('',(#3481,#3482));
#736=EDGE_LOOP('',(#3483,#3484));
#737=EDGE_LOOP('',(#3485,#3486));
#738=EDGE_LOOP('',(#3487,#3488));
#739=EDGE_LOOP('',(#3489,#3490));
#740=EDGE_LOOP('',(#3491,#3492));
#741=EDGE_LOOP('',(#3493,#3494,#3495,#3496,#3497,#3498,#3499,#3500,#3501));
#742=EDGE_LOOP('',(#3502,#3503,#3504,#3505));
#743=EDGE_LOOP('',(#3506,#3507,#3508,#3509));
#744=EDGE_LOOP('',(#3510,#3511,#3512,#3513));
#745=EDGE_LOOP('',(#3514,#3515,#3516,#3517));
#746=EDGE_LOOP('',(#3518,#3519,#3520,#3521));
#747=EDGE_LOOP('',(#3522,#3523,#3524,#3525));
#748=EDGE_LOOP('',(#3526,#3527,#3528,#3529));
#749=EDGE_LOOP('',(#3530,#3531,#3532,#3533));
#750=EDGE_LOOP('',(#3534,#3535,#3536,#3537));
#751=EDGE_LOOP('',(#3538,#3539,#3540,#3541));
#752=EDGE_LOOP('',(#3542,#3543,#3544,#3545,#3546,#3547));
#753=EDGE_LOOP('',(#3548));
#754=EDGE_LOOP('',(#3549,#3550,#3551,#3552));
#755=EDGE_LOOP('',(#3553,#3554,#3555,#3556));
#756=EDGE_LOOP('',(#3557,#3558,#3559,#3560,#3561,#3562));
#757=EDGE_LOOP('',(#3563,#3564,#3565,#3566,#3567,#3568));
#758=EDGE_LOOP('',(#3569,#3570,#3571,#3572));
#759=EDGE_LOOP('',(#3573,#3574,#3575,#3576));
#760=EDGE_LOOP('',(#3577));
#761=EDGE_LOOP('',(#3578,#3579,#3580,#3581));
#762=EDGE_LOOP('',(#3582,#3583,#3584,#3585));
#763=EDGE_LOOP('',(#3586));
#764=EDGE_LOOP('',(#3587));
#765=EDGE_LOOP('',(#3588,#3589,#3590,#3591));
#766=EDGE_LOOP('',(#3592));
#767=EDGE_LOOP('',(#3593,#3594,#3595,#3596));
#768=EDGE_LOOP('',(#3597,#3598,#3599,#3600));
#769=EDGE_LOOP('',(#3601));
#770=EDGE_LOOP('',(#3602));
#771=EDGE_LOOP('',(#3603,#3604,#3605,#3606,#3607,#3608,#3609,#3610,#3611,
#3612));
#772=EDGE_LOOP('',(#3613,#3614,#3615,#3616,#3617));
#773=EDGE_LOOP('',(#3618,#3619,#3620,#3621,#3622,#3623,#3624,#3625,#3626,
#3627));
#774=EDGE_LOOP('',(#3628,#3629));
#775=EDGE_LOOP('',(#3630,#3631));
#776=EDGE_LOOP('',(#3632,#3633,#3634,#3635));
#777=EDGE_LOOP('',(#3636,#3637,#3638,#3639));
#778=EDGE_LOOP('',(#3640,#3641,#3642,#3643));
#779=EDGE_LOOP('',(#3644,#3645,#3646,#3647));
#780=EDGE_LOOP('',(#3648,#3649,#3650,#3651));
#781=EDGE_LOOP('',(#3652,#3653,#3654,#3655));
#782=EDGE_LOOP('',(#3656,#3657,#3658,#3659));
#783=EDGE_LOOP('',(#3660,#3661,#3662,#3663,#3664,#3665,#3666,#3667));
#784=EDGE_LOOP('',(#3668,#3669,#3670,#3671));
#785=EDGE_LOOP('',(#3672));
#786=EDGE_LOOP('',(#3673));
#787=EDGE_LOOP('',(#3674,#3675,#3676,#3677,#3678,#3679,#3680,#3681,#3682,
#3683));
#788=EDGE_LOOP('',(#3684,#3685,#3686,#3687,#3688));
#789=EDGE_LOOP('',(#3689,#3690,#3691,#3692,#3693,#3694,#3695,#3696,#3697,
#3698));
#790=EDGE_LOOP('',(#3699,#3700));
#791=EDGE_LOOP('',(#3701,#3702));
#792=EDGE_LOOP('',(#3703,#3704,#3705,#3706));
#793=EDGE_LOOP('',(#3707,#3708,#3709,#3710));
#794=EDGE_LOOP('',(#3711,#3712,#3713,#3714));
#795=EDGE_LOOP('',(#3715,#3716,#3717,#3718));
#796=EDGE_LOOP('',(#3719,#3720,#3721,#3722));
#797=EDGE_LOOP('',(#3723,#3724,#3725,#3726));
#798=EDGE_LOOP('',(#3727,#3728,#3729,#3730));
#799=EDGE_LOOP('',(#3731,#3732,#3733,#3734,#3735,#3736,#3737,#3738));
#800=EDGE_LOOP('',(#3739,#3740,#3741,#3742));
#801=EDGE_LOOP('',(#3743));
#802=EDGE_LOOP('',(#3744));
#803=EDGE_LOOP('',(#3745,#3746,#3747,#3748));
#804=EDGE_LOOP('',(#3749,#3750,#3751,#3752));
#805=EDGE_LOOP('',(#3753,#3754,#3755,#3756));
#806=EDGE_LOOP('',(#3757,#3758,#3759,#3760));
#807=EDGE_LOOP('',(#3761,#3762,#3763,#3764));
#808=EDGE_LOOP('',(#3765));
#809=EDGE_LOOP('',(#3766,#3767,#3768,#3769));
#810=EDGE_LOOP('',(#3770,#3771,#3772,#3773));
#811=EDGE_LOOP('',(#3774,#3775,#3776,#3777,#3778,#3779,#3780,#3781,#3782,
#3783,#3784,#3785,#3786,#3787,#3788,#3789));
#812=EDGE_LOOP('',(#3790,#3791,#3792,#3793));
#813=EDGE_LOOP('',(#3794,#3795,#3796));
#814=EDGE_LOOP('',(#3797,#3798,#3799,#3800));
#815=EDGE_LOOP('',(#3801,#3802,#3803,#3804,#3805,#3806,#3807,#3808,#3809,
#3810,#3811,#3812));
#816=EDGE_LOOP('',(#3813,#3814,#3815,#3816));
#817=EDGE_LOOP('',(#3817));
#818=EDGE_LOOP('',(#3818,#3819,#3820,#3821));
#819=EDGE_LOOP('',(#3822,#3823,#3824,#3825));
#820=EDGE_LOOP('',(#3826,#3827,#3828));
#821=EDGE_LOOP('',(#3829,#3830,#3831,#3832));
#822=EDGE_LOOP('',(#3833,#3834,#3835,#3836));
#823=EDGE_LOOP('',(#3837,#3838,#3839,#3840,#3841,#3842,#3843,#3844,#3845,
#3846,#3847,#3848,#3849,#3850));
#824=EDGE_LOOP('',(#3851,#3852,#3853,#3854));
#825=EDGE_LOOP('',(#3855,#3856,#3857));
#826=EDGE_LOOP('',(#3858));
#827=EDGE_LOOP('',(#3859,#3860,#3861,#3862,#3863,#3864,#3865,#3866,#3867,
#3868,#3869,#3870,#3871,#3872));
#828=EDGE_LOOP('',(#3873,#3874,#3875,#3876));
#829=EDGE_LOOP('',(#3877,#3878,#3879,#3880,#3881,#3882));
#830=EDGE_LOOP('',(#3883,#3884,#3885,#3886));
#831=EDGE_LOOP('',(#3887,#3888,#3889,#3890,#3891,#3892,#3893,#3894,#3895,
#3896,#3897,#3898,#3899,#3900,#3901,#3902,#3903,#3904,#3905,#3906,#3907,
#3908,#3909,#3910,#3911,#3912,#3913,#3914));
#832=EDGE_LOOP('',(#3915));
#833=EDGE_LOOP('',(#3916));
#834=EDGE_LOOP('',(#3917,#3918,#3919,#3920));
#835=EDGE_LOOP('',(#3921,#3922,#3923));
#836=EDGE_LOOP('',(#3924));
#837=EDGE_LOOP('',(#3925,#3926,#3927,#3928,#3929,#3930,#3931,#3932,#3933,
#3934));
#838=EDGE_LOOP('',(#3935,#3936,#3937,#3938,#3939,#3940));
#839=EDGE_LOOP('',(#3941,#3942,#3943,#3944));
#840=EDGE_LOOP('',(#3945,#3946,#3947,#3948));
#841=EDGE_LOOP('',(#3949,#3950,#3951,#3952));
#842=EDGE_LOOP('',(#3953,#3954,#3955,#3956));
#843=EDGE_LOOP('',(#3957,#3958,#3959,#3960));
#844=EDGE_LOOP('',(#3961,#3962,#3963,#3964,#3965,#3966,#3967,#3968));
#845=EDGE_LOOP('',(#3969,#3970,#3971,#3972));
#846=EDGE_LOOP('',(#3973,#3974,#3975,#3976));
#847=EDGE_LOOP('',(#3977,#3978,#3979,#3980));
#848=EDGE_LOOP('',(#3981,#3982,#3983,#3984,#3985,#3986,#3987,#3988,#3989,
#3990));
#849=EDGE_LOOP('',(#3991,#3992,#3993,#3994));
#850=EDGE_LOOP('',(#3995,#3996,#3997,#3998));
#851=EDGE_LOOP('',(#3999,#4000,#4001,#4002,#4003,#4004,#4005,#4006,#4007,
#4008,#4009,#4010,#4011,#4012,#4013,#4014,#4015,#4016,#4017,#4018,#4019,
#4020,#4021,#4022));
#852=EDGE_LOOP('',(#4023));
#853=EDGE_LOOP('',(#4024));
#854=EDGE_LOOP('',(#4025,#4026,#4027,#4028));
#855=EDGE_LOOP('',(#4029,#4030,#4031,#4032));
#856=EDGE_LOOP('',(#4033,#4034,#4035,#4036));
#857=EDGE_LOOP('',(#4037,#4038,#4039,#4040));
#858=EDGE_LOOP('',(#4041,#4042,#4043,#4044));
#859=EDGE_LOOP('',(#4045,#4046,#4047,#4048));
#860=EDGE_LOOP('',(#4049,#4050,#4051,#4052));
#861=EDGE_LOOP('',(#4053,#4054,#4055,#4056));
#862=EDGE_LOOP('',(#4057,#4058,#4059,#4060));
#863=EDGE_LOOP('',(#4061,#4062,#4063,#4064));
#864=EDGE_LOOP('',(#4065,#4066,#4067,#4068));
#865=EDGE_LOOP('',(#4069,#4070,#4071,#4072));
#866=EDGE_LOOP('',(#4073,#4074,#4075,#4076));
#867=EDGE_LOOP('',(#4077,#4078,#4079,#4080));
#868=EDGE_LOOP('',(#4081,#4082,#4083,#4084));
#869=EDGE_LOOP('',(#4085,#4086,#4087,#4088));
#870=EDGE_LOOP('',(#4089,#4090,#4091,#4092));
#871=EDGE_LOOP('',(#4093,#4094,#4095,#4096));
#872=EDGE_LOOP('',(#4097,#4098,#4099,#4100));
#873=EDGE_LOOP('',(#4101,#4102,#4103,#4104));
#874=EDGE_LOOP('',(#4105,#4106,#4107,#4108));
#875=EDGE_LOOP('',(#4109,#4110,#4111,#4112,#4113,#4114));
#876=EDGE_LOOP('',(#4115,#4116,#4117,#4118));
#877=EDGE_LOOP('',(#4119,#4120,#4121,#4122));
#878=EDGE_LOOP('',(#4123,#4124,#4125,#4126,#4127,#4128));
#879=EDGE_LOOP('',(#4129,#4130,#4131,#4132));
#880=EDGE_LOOP('',(#4133,#4134,#4135,#4136));
#881=EDGE_LOOP('',(#4137,#4138,#4139,#4140));
#882=EDGE_LOOP('',(#4141,#4142,#4143,#4144));
#883=EDGE_LOOP('',(#4145,#4146,#4147,#4148,#4149,#4150));
#884=EDGE_LOOP('',(#4151,#4152,#4153,#4154));
#885=EDGE_LOOP('',(#4155,#4156,#4157,#4158));
#886=EDGE_LOOP('',(#4159,#4160,#4161,#4162,#4163,#4164));
#887=EDGE_LOOP('',(#4165,#4166,#4167,#4168));
#888=EDGE_LOOP('',(#4169));
#889=EDGE_LOOP('',(#4170));
#890=EDGE_LOOP('',(#4171,#4172,#4173,#4174));
#891=EDGE_LOOP('',(#4175));
#892=EDGE_LOOP('',(#4176));
#893=EDGE_LOOP('',(#4177,#4178,#4179,#4180));
#894=EDGE_LOOP('',(#4181,#4182,#4183,#4184));
#895=EDGE_LOOP('',(#4185,#4186,#4187,#4188));
#896=EDGE_LOOP('',(#4189,#4190,#4191,#4192));
#897=EDGE_LOOP('',(#4193,#4194,#4195,#4196));
#898=EDGE_LOOP('',(#4197,#4198,#4199,#4200));
#899=EDGE_LOOP('',(#4201,#4202,#4203,#4204));
#900=EDGE_LOOP('',(#4205,#4206,#4207,#4208));
#901=EDGE_LOOP('',(#4209,#4210,#4211,#4212));
#902=EDGE_LOOP('',(#4213,#4214,#4215,#4216));
#903=EDGE_LOOP('',(#4217,#4218,#4219,#4220));
#904=EDGE_LOOP('',(#4221,#4222,#4223,#4224));
#905=EDGE_LOOP('',(#4225,#4226,#4227,#4228,#4229,#4230,#4231,#4232));
#906=EDGE_LOOP('',(#4233,#4234,#4235,#4236,#4237,#4238,#4239,#4240));
#907=EDGE_LOOP('',(#4241,#4242,#4243,#4244));
#908=EDGE_LOOP('',(#4245,#4246,#4247,#4248));
#909=EDGE_LOOP('',(#4249,#4250,#4251,#4252));
#910=EDGE_LOOP('',(#4253,#4254,#4255,#4256));
#911=EDGE_LOOP('',(#4257,#4258,#4259,#4260));
#912=EDGE_LOOP('',(#4261,#4262,#4263,#4264));
#913=EDGE_LOOP('',(#4265,#4266,#4267,#4268));
#914=EDGE_LOOP('',(#4269,#4270,#4271,#4272));
#915=EDGE_LOOP('',(#4273,#4274,#4275,#4276));
#916=EDGE_LOOP('',(#4277,#4278,#4279,#4280));
#917=EDGE_LOOP('',(#4281,#4282,#4283,#4284));
#918=EDGE_LOOP('',(#4285,#4286,#4287,#4288));
#919=EDGE_LOOP('',(#4289,#4290,#4291,#4292));
#920=EDGE_LOOP('',(#4293,#4294,#4295,#4296));
#921=EDGE_LOOP('',(#4297,#4298,#4299,#4300));
#922=EDGE_LOOP('',(#4301,#4302,#4303,#4304));
#923=EDGE_LOOP('',(#4305,#4306,#4307,#4308));
#924=EDGE_LOOP('',(#4309,#4310,#4311,#4312));
#925=EDGE_LOOP('',(#4313,#4314,#4315,#4316));
#926=EDGE_LOOP('',(#4317,#4318,#4319,#4320));
#927=EDGE_LOOP('',(#4321,#4322,#4323,#4324));
#928=EDGE_LOOP('',(#4325,#4326,#4327,#4328));
#929=EDGE_LOOP('',(#4329,#4330,#4331,#4332));
#930=EDGE_LOOP('',(#4333,#4334,#4335,#4336));
#931=EDGE_LOOP('',(#4337,#4338,#4339,#4340));
#932=EDGE_LOOP('',(#4341,#4342,#4343,#4344,#4345,#4346,#4347,#4348));
#933=EDGE_LOOP('',(#4349,#4350,#4351,#4352));
#934=EDGE_LOOP('',(#4353,#4354,#4355,#4356));
#935=EDGE_LOOP('',(#4357,#4358,#4359,#4360));
#936=EDGE_LOOP('',(#4361,#4362,#4363,#4364));
#937=EDGE_LOOP('',(#4365,#4366,#4367,#4368));
#938=EDGE_LOOP('',(#4369,#4370,#4371,#4372));
#939=EDGE_LOOP('',(#4373,#4374,#4375,#4376));
#940=EDGE_LOOP('',(#4377,#4378,#4379,#4380));
#941=EDGE_LOOP('',(#4381,#4382,#4383,#4384,#4385,#4386,#4387,#4388));
#942=EDGE_LOOP('',(#4389,#4390,#4391,#4392));
#943=EDGE_LOOP('',(#4393,#4394,#4395,#4396));
#944=EDGE_LOOP('',(#4397,#4398,#4399,#4400));
#945=EDGE_LOOP('',(#4401,#4402,#4403,#4404));
#946=EDGE_LOOP('',(#4405,#4406,#4407,#4408));
#947=EDGE_LOOP('',(#4409,#4410,#4411,#4412));
#948=EDGE_LOOP('',(#4413,#4414,#4415,#4416));
#949=EDGE_LOOP('',(#4417,#4418,#4419,#4420));
#950=EDGE_LOOP('',(#4421,#4422,#4423,#4424));
#951=EDGE_LOOP('',(#4425,#4426,#4427,#4428));
#952=EDGE_LOOP('',(#4429,#4430,#4431,#4432,#4433,#4434,#4435,#4436));
#953=EDGE_LOOP('',(#4437,#4438,#4439,#4440));
#954=EDGE_LOOP('',(#4441,#4442,#4443,#4444));
#955=EDGE_LOOP('',(#4445,#4446,#4447,#4448,#4449,#4450,#4451,#4452));
#956=EDGE_LOOP('',(#4453,#4454,#4455,#4456,#4457,#4458,#4459,#4460));
#957=EDGE_LOOP('',(#4461,#4462,#4463,#4464,#4465,#4466,#4467,#4468));
#958=EDGE_LOOP('',(#4469,#4470,#4471,#4472));
#959=EDGE_LOOP('',(#4473,#4474,#4475,#4476));
#960=EDGE_LOOP('',(#4477,#4478,#4479,#4480));
#961=LINE('',#6923,#1409);
#962=LINE('',#6929,#1410);
#963=LINE('',#6934,#1411);
#964=LINE('',#6936,#1412);
#965=LINE('',#6938,#1413);
#966=LINE('',#6939,#1414);
#967=LINE('',#6942,#1415);
#968=LINE('',#6944,#1416);
#969=LINE('',#6945,#1417);
#970=LINE('',#6948,#1418);
#971=LINE('',#6950,#1419);
#972=LINE('',#6951,#1420);
#973=LINE('',#6953,#1421);
#974=LINE('',#6954,#1422);
#975=LINE('',#6958,#1423);
#976=LINE('',#6960,#1424);
#977=LINE('',#6962,#1425);
#978=LINE('',#6963,#1426);
#979=LINE('',#6967,#1427);
#980=LINE('',#6969,#1428);
#981=LINE('',#6971,#1429);
#982=LINE('',#6972,#1430);
#983=LINE('',#6974,#1431);
#984=LINE('',#6975,#1432);
#985=LINE('',#6977,#1433);
#986=LINE('',#6979,#1434);
#987=LINE('',#6986,#1435);
#988=LINE('',#6992,#1436);
#989=LINE('',#6998,#1437);
#990=LINE('',#7004,#1438);
#991=LINE('',#7009,#1439);
#992=LINE('',#7011,#1440);
#993=LINE('',#7013,#1441);
#994=LINE('',#7014,#1442);
#995=LINE('',#7018,#1443);
#996=LINE('',#7020,#1444);
#997=LINE('',#7022,#1445);
#998=LINE('',#7023,#1446);
#999=LINE('',#7025,#1447);
#1000=LINE('',#7026,#1448);
#1001=LINE('',#7028,#1449);
#1002=LINE('',#7030,#1450);
#1003=LINE('',#7035,#1451);
#1004=LINE('',#7037,#1452);
#1005=LINE('',#7039,#1453);
#1006=LINE('',#7040,#1454);
#1007=LINE('',#7044,#1455);
#1008=LINE('',#7046,#1456);
#1009=LINE('',#7048,#1457);
#1010=LINE('',#7049,#1458);
#1011=LINE('',#7051,#1459);
#1012=LINE('',#7052,#1460);
#1013=LINE('',#7054,#1461);
#1014=LINE('',#7056,#1462);
#1015=LINE('',#7061,#1463);
#1016=LINE('',#7063,#1464);
#1017=LINE('',#7065,#1465);
#1018=LINE('',#7066,#1466);
#1019=LINE('',#7070,#1467);
#1020=LINE('',#7072,#1468);
#1021=LINE('',#7074,#1469);
#1022=LINE('',#7075,#1470);
#1023=LINE('',#7077,#1471);
#1024=LINE('',#7078,#1472);
#1025=LINE('',#7080,#1473);
#1026=LINE('',#7082,#1474);
#1027=LINE('',#7087,#1475);
#1028=LINE('',#7089,#1476);
#1029=LINE('',#7091,#1477);
#1030=LINE('',#7092,#1478);
#1031=LINE('',#7096,#1479);
#1032=LINE('',#7098,#1480);
#1033=LINE('',#7100,#1481);
#1034=LINE('',#7101,#1482);
#1035=LINE('',#7103,#1483);
#1036=LINE('',#7104,#1484);
#1037=LINE('',#7106,#1485);
#1038=LINE('',#7108,#1486);
#1039=LINE('',#7114,#1487);
#1040=LINE('',#7122,#1488);
#1041=LINE('',#7130,#1489);
#1042=LINE('',#7138,#1490);
#1043=LINE('',#7146,#1491);
#1044=LINE('',#7154,#1492);
#1045=LINE('',#7162,#1493);
#1046=LINE('',#7170,#1494);
#1047=LINE('',#7179,#1495);
#1048=LINE('',#7184,#1496);
#1049=LINE('',#7188,#1497);
#1050=LINE('',#7192,#1498);
#1051=LINE('',#7196,#1499);
#1052=LINE('',#7200,#1500);
#1053=LINE('',#7203,#1501);
#1054=LINE('',#7206,#1502);
#1055=LINE('',#7209,#1503);
#1056=LINE('',#7211,#1504);
#1057=LINE('',#7212,#1505);
#1058=LINE('',#7215,#1506);
#1059=LINE('',#7217,#1507);
#1060=LINE('',#7218,#1508);
#1061=LINE('',#7221,#1509);
#1062=LINE('',#7222,#1510);
#1063=LINE('',#7225,#1511);
#1064=LINE('',#7226,#1512);
#1065=LINE('',#7228,#1513);
#1066=LINE('',#7230,#1514);
#1067=LINE('',#7234,#1515);
#1068=LINE('',#7236,#1516);
#1069=LINE('',#7238,#1517);
#1070=LINE('',#7239,#1518);
#1071=LINE('',#7243,#1519);
#1072=LINE('',#7245,#1520);
#1073=LINE('',#7247,#1521);
#1074=LINE('',#7248,#1522);
#1075=LINE('',#7251,#1523);
#1076=LINE('',#7253,#1524);
#1077=LINE('',#7254,#1525);
#1078=LINE('',#7257,#1526);
#1079=LINE('',#7259,#1527);
#1080=LINE('',#7260,#1528);
#1081=LINE('',#7262,#1529);
#1082=LINE('',#7263,#1530);
#1083=LINE('',#7267,#1531);
#1084=LINE('',#7269,#1532);
#1085=LINE('',#7273,#1533);
#1086=LINE('',#7279,#1534);
#1087=LINE('',#7284,#1535);
#1088=LINE('',#7288,#1536);
#1089=LINE('',#7292,#1537);
#1090=LINE('',#7296,#1538);
#1091=LINE('',#7300,#1539);
#1092=LINE('',#7303,#1540);
#1093=LINE('',#7306,#1541);
#1094=LINE('',#7309,#1542);
#1095=LINE('',#7311,#1543);
#1096=LINE('',#7312,#1544);
#1097=LINE('',#7315,#1545);
#1098=LINE('',#7317,#1546);
#1099=LINE('',#7318,#1547);
#1100=LINE('',#7321,#1548);
#1101=LINE('',#7322,#1549);
#1102=LINE('',#7325,#1550);
#1103=LINE('',#7326,#1551);
#1104=LINE('',#7328,#1552);
#1105=LINE('',#7330,#1553);
#1106=LINE('',#7334,#1554);
#1107=LINE('',#7336,#1555);
#1108=LINE('',#7338,#1556);
#1109=LINE('',#7339,#1557);
#1110=LINE('',#7343,#1558);
#1111=LINE('',#7345,#1559);
#1112=LINE('',#7347,#1560);
#1113=LINE('',#7348,#1561);
#1114=LINE('',#7351,#1562);
#1115=LINE('',#7353,#1563);
#1116=LINE('',#7354,#1564);
#1117=LINE('',#7357,#1565);
#1118=LINE('',#7359,#1566);
#1119=LINE('',#7360,#1567);
#1120=LINE('',#7362,#1568);
#1121=LINE('',#7363,#1569);
#1122=LINE('',#7367,#1570);
#1123=LINE('',#7369,#1571);
#1124=LINE('',#7373,#1572);
#1125=LINE('',#7379,#1573);
#1126=LINE('',#7389,#1574);
#1127=LINE('',#7397,#1575);
#1128=LINE('',#7407,#1576);
#1129=LINE('',#7414,#1577);
#1130=LINE('',#7416,#1578);
#1131=LINE('',#7418,#1579);
#1132=LINE('',#7420,#1580);
#1133=LINE('',#7422,#1581);
#1134=LINE('',#7428,#1582);
#1135=LINE('',#7434,#1583);
#1136=LINE('',#7435,#1584);
#1137=LINE('',#7440,#1585);
#1138=LINE('',#7446,#1586);
#1139=LINE('',#7448,#1587);
#1140=LINE('',#7450,#1588);
#1141=LINE('',#7456,#1589);
#1142=LINE('',#7462,#1590);
#1143=LINE('',#7464,#1591);
#1144=LINE('',#7465,#1592);
#1145=LINE('',#7496,#1593);
#1146=LINE('',#7498,#1594);
#1147=LINE('',#7500,#1595);
#1148=LINE('',#7502,#1596);
#1149=LINE('',#7504,#1597);
#1150=LINE('',#7510,#1598);
#1151=LINE('',#7516,#1599);
#1152=LINE('',#7517,#1600);
#1153=LINE('',#7522,#1601);
#1154=LINE('',#7528,#1602);
#1155=LINE('',#7530,#1603);
#1156=LINE('',#7532,#1604);
#1157=LINE('',#7538,#1605);
#1158=LINE('',#7544,#1606);
#1159=LINE('',#7546,#1607);
#1160=LINE('',#7547,#1608);
#1161=LINE('',#7577,#1609);
#1162=LINE('',#7581,#1610);
#1163=LINE('',#7585,#1611);
#1164=LINE('',#7589,#1612);
#1165=LINE('',#7594,#1613);
#1166=LINE('',#7598,#1614);
#1167=LINE('',#7602,#1615);
#1168=LINE('',#7605,#1616);
#1169=LINE('',#7608,#1617);
#1170=LINE('',#7610,#1618);
#1171=LINE('',#7614,#1619);
#1172=LINE('',#7616,#1620);
#1173=LINE('',#7618,#1621);
#1174=LINE('',#7620,#1622);
#1175=LINE('',#7622,#1623);
#1176=LINE('',#7624,#1624);
#1177=LINE('',#7626,#1625);
#1178=LINE('',#7628,#1626);
#1179=LINE('',#7630,#1627);
#1180=LINE('',#7632,#1628);
#1181=LINE('',#7634,#1629);
#1182=LINE('',#7636,#1630);
#1183=LINE('',#7637,#1631);
#1184=LINE('',#7640,#1632);
#1185=LINE('',#7643,#1633);
#1186=LINE('',#7646,#1634);
#1187=LINE('',#7650,#1635);
#1188=LINE('',#7654,#1636);
#1189=LINE('',#7656,#1637);
#1190=LINE('',#7658,#1638);
#1191=LINE('',#7660,#1639);
#1192=LINE('',#7662,#1640);
#1193=LINE('',#7666,#1641);
#1194=LINE('',#7671,#1642);
#1195=LINE('',#7676,#1643);
#1196=LINE('',#7680,#1644);
#1197=LINE('',#7683,#1645);
#1198=LINE('',#7686,#1646);
#1199=LINE('',#7689,#1647);
#1200=LINE('',#7692,#1648);
#1201=LINE('',#7694,#1649);
#1202=LINE('',#7696,#1650);
#1203=LINE('',#7698,#1651);
#1204=LINE('',#7700,#1652);
#1205=LINE('',#7701,#1653);
#1206=LINE('',#7705,#1654);
#1207=LINE('',#7709,#1655);
#1208=LINE('',#7714,#1656);
#1209=LINE('',#7717,#1657);
#1210=LINE('',#7718,#1658);
#1211=LINE('',#7720,#1659);
#1212=LINE('',#7721,#1660);
#1213=LINE('',#7728,#1661);
#1214=LINE('',#7731,#1662);
#1215=LINE('',#7734,#1663);
#1216=LINE('',#7735,#1664);
#1217=LINE('',#7742,#1665);
#1218=LINE('',#7746,#1666);
#1219=LINE('',#7750,#1667);
#1220=LINE('',#7754,#1668);
#1221=LINE('',#7758,#1669);
#1222=LINE('',#7762,#1670);
#1223=LINE('',#7766,#1671);
#1224=LINE('',#7770,#1672);
#1225=LINE('',#7774,#1673);
#1226=LINE('',#7782,#1674);
#1227=LINE('',#7784,#1675);
#1228=LINE('',#7786,#1676);
#1229=LINE('',#7787,#1677);
#1230=LINE('',#7792,#1678);
#1231=LINE('',#7799,#1679);
#1232=LINE('',#7801,#1680);
#1233=LINE('',#7805,#1681);
#1234=LINE('',#7808,#1682);
#1235=LINE('',#7812,#1683);
#1236=LINE('',#7813,#1684);
#1237=LINE('',#7815,#1685);
#1238=LINE('',#7820,#1686);
#1239=LINE('',#7822,#1687);
#1240=LINE('',#7824,#1688);
#1241=LINE('',#7828,#1689);
#1242=LINE('',#7830,#1690);
#1243=LINE('',#7831,#1691);
#1244=LINE('',#7834,#1692);
#1245=LINE('',#7835,#1693);
#1246=LINE('',#7837,#1694);
#1247=LINE('',#7841,#1695);
#1248=LINE('',#7846,#1696);
#1249=LINE('',#7847,#1697);
#1250=LINE('',#7850,#1698);
#1251=LINE('',#7851,#1699);
#1252=LINE('',#7856,#1700);
#1253=LINE('',#7860,#1701);
#1254=LINE('',#7864,#1702);
#1255=LINE('',#7868,#1703);
#1256=LINE('',#7872,#1704);
#1257=LINE('',#7876,#1705);
#1258=LINE('',#7879,#1706);
#1259=LINE('',#7883,#1707);
#1260=LINE('',#7886,#1708);
#1261=LINE('',#7888,#1709);
#1262=LINE('',#7889,#1710);
#1263=LINE('',#7892,#1711);
#1264=LINE('',#7894,#1712);
#1265=LINE('',#7895,#1713);
#1266=LINE('',#7897,#1714);
#1267=LINE('',#7899,#1715);
#1268=LINE('',#7901,#1716);
#1269=LINE('',#7902,#1717);
#1270=LINE('',#7905,#1718);
#1271=LINE('',#7907,#1719);
#1272=LINE('',#7909,#1720);
#1273=LINE('',#7911,#1721);
#1274=LINE('',#7913,#1722);
#1275=LINE('',#7921,#1723);
#1276=LINE('',#7923,#1724);
#1277=LINE('',#7925,#1725);
#1278=LINE('',#7926,#1726);
#1279=LINE('',#7930,#1727);
#1280=LINE('',#7932,#1728);
#1281=LINE('',#7934,#1729);
#1282=LINE('',#7935,#1730);
#1283=LINE('',#7938,#1731);
#1284=LINE('',#7940,#1732);
#1285=LINE('',#7941,#1733);
#1286=LINE('',#7944,#1734);
#1287=LINE('',#7946,#1735);
#1288=LINE('',#7947,#1736);
#1289=LINE('',#7949,#1737);
#1290=LINE('',#7950,#1738);
#1291=LINE('',#7952,#1739);
#1292=LINE('',#7954,#1740);
#1293=LINE('',#7959,#1741);
#1294=LINE('',#7961,#1742);
#1295=LINE('',#7963,#1743);
#1296=LINE('',#7964,#1744);
#1297=LINE('',#7968,#1745);
#1298=LINE('',#7970,#1746);
#1299=LINE('',#7972,#1747);
#1300=LINE('',#7973,#1748);
#1301=LINE('',#7976,#1749);
#1302=LINE('',#7978,#1750);
#1303=LINE('',#7979,#1751);
#1304=LINE('',#7982,#1752);
#1305=LINE('',#7984,#1753);
#1306=LINE('',#7985,#1754);
#1307=LINE('',#7987,#1755);
#1308=LINE('',#7988,#1756);
#1309=LINE('',#7990,#1757);
#1310=LINE('',#7992,#1758);
#1311=LINE('',#7998,#1759);
#1312=LINE('',#8006,#1760);
#1313=LINE('',#8024,#1761);
#1314=LINE('',#8025,#1762);
#1315=LINE('',#8036,#1763);
#1316=LINE('',#8037,#1764);
#1317=LINE('',#8048,#1765);
#1318=LINE('',#8049,#1766);
#1319=LINE('',#8057,#1767);
#1320=LINE('',#8058,#1768);
#1321=LINE('',#8061,#1769);
#1322=LINE('',#8063,#1770);
#1323=LINE('',#8064,#1771);
#1324=LINE('',#8067,#1772);
#1325=LINE('',#8071,#1773);
#1326=LINE('',#8072,#1774);
#1327=LINE('',#8075,#1775);
#1328=LINE('',#8082,#1776);
#1329=LINE('',#8086,#1777);
#1330=LINE('',#8090,#1778);
#1331=LINE('',#8093,#1779);
#1332=LINE('',#8103,#1780);
#1333=LINE('',#8111,#1781);
#1334=LINE('',#8119,#1782);
#1335=LINE('',#8125,#1783);
#1336=LINE('',#8128,#1784);
#1337=LINE('',#8130,#1785);
#1338=LINE('',#8131,#1786);
#1339=LINE('',#8134,#1787);
#1340=LINE('',#8138,#1788);
#1341=LINE('',#8139,#1789);
#1342=LINE('',#8142,#1790);
#1343=LINE('',#8147,#1791);
#1344=LINE('',#8149,#1792);
#1345=LINE('',#8151,#1793);
#1346=LINE('',#8152,#1794);
#1347=LINE('',#8155,#1795);
#1348=LINE('',#8157,#1796);
#1349=LINE('',#8158,#1797);
#1350=LINE('',#8161,#1798);
#1351=LINE('',#8162,#1799);
#1352=LINE('',#8165,#1800);
#1353=LINE('',#8166,#1801);
#1354=LINE('',#8168,#1802);
#1355=LINE('',#8172,#1803);
#1356=LINE('',#8174,#1804);
#1357=LINE('',#8176,#1805);
#1358=LINE('',#8177,#1806);
#1359=LINE('',#8180,#1807);
#1360=LINE('',#8182,#1808);
#1361=LINE('',#8183,#1809);
#1362=LINE('',#8186,#1810);
#1363=LINE('',#8187,#1811);
#1364=LINE('',#8190,#1812);
#1365=LINE('',#8191,#1813);
#1366=LINE('',#8193,#1814);
#1367=LINE('',#8197,#1815);
#1368=LINE('',#8201,#1816);
#1369=LINE('',#8206,#1817);
#1370=LINE('',#8210,#1818);
#1371=LINE('',#8215,#1819);
#1372=LINE('',#8219,#1820);
#1373=LINE('',#8222,#1821);
#1374=LINE('',#8224,#1822);
#1375=LINE('',#8227,#1823);
#1376=LINE('',#8228,#1824);
#1377=LINE('',#8231,#1825);
#1378=LINE('',#8234,#1826);
#1379=LINE('',#8236,#1827);
#1380=LINE('',#8238,#1828);
#1381=LINE('',#8240,#1829);
#1382=LINE('',#8242,#1830);
#1383=LINE('',#8246,#1831);
#1384=LINE('',#8250,#1832);
#1385=LINE('',#8255,#1833);
#1386=LINE('',#8259,#1834);
#1387=LINE('',#8264,#1835);
#1388=LINE('',#8268,#1836);
#1389=LINE('',#8271,#1837);
#1390=LINE('',#8273,#1838);
#1391=LINE('',#8276,#1839);
#1392=LINE('',#8277,#1840);
#1393=LINE('',#8280,#1841);
#1394=LINE('',#8283,#1842);
#1395=LINE('',#8285,#1843);
#1396=LINE('',#8287,#1844);
#1397=LINE('',#8289,#1845);
#1398=LINE('',#8291,#1846);
#1399=LINE('',#8294,#1847);
#1400=LINE('',#8297,#1848);
#1401=LINE('',#8301,#1849);
#1402=LINE('',#8303,#1850);
#1403=LINE('',#8305,#1851);
#1404=LINE('',#8308,#1852);
#1405=LINE('',#8311,#1853);
#1406=LINE('',#8313,#1854);
#1407=LINE('',#8315,#1855);
#1408=LINE('',#8318,#1856);
#1409=VECTOR('',#5451,1.2);
#1410=VECTOR('',#5458,1.2);
#1411=VECTOR('',#5463,10.);
#1412=VECTOR('',#5464,10.);
#1413=VECTOR('',#5465,10.);
#1414=VECTOR('',#5466,10.);
#1415=VECTOR('',#5469,10.);
#1416=VECTOR('',#5470,10.);
#1417=VECTOR('',#5471,10.);
#1418=VECTOR('',#5474,10.);
#1419=VECTOR('',#5475,10.);
#1420=VECTOR('',#5476,10.);
#1421=VECTOR('',#5479,10.);
#1422=VECTOR('',#5480,10.);
#1423=VECTOR('',#5483,10.);
#1424=VECTOR('',#5484,10.);
#1425=VECTOR('',#5485,10.);
#1426=VECTOR('',#5486,10.);
#1427=VECTOR('',#5489,10.);
#1428=VECTOR('',#5490,10.);
#1429=VECTOR('',#5491,10.);
#1430=VECTOR('',#5492,10.);
#1431=VECTOR('',#5495,10.);
#1432=VECTOR('',#5496,10.);
#1433=VECTOR('',#5499,10.);
#1434=VECTOR('',#5502,10.);
#1435=VECTOR('',#5511,1.5);
#1436=VECTOR('',#5518,1.5);
#1437=VECTOR('',#5525,1.5);
#1438=VECTOR('',#5532,1.5);
#1439=VECTOR('',#5537,10.);
#1440=VECTOR('',#5538,10.);
#1441=VECTOR('',#5539,10.);
#1442=VECTOR('',#5540,10.);
#1443=VECTOR('',#5543,10.);
#1444=VECTOR('',#5544,10.);
#1445=VECTOR('',#5545,10.);
#1446=VECTOR('',#5546,10.);
#1447=VECTOR('',#5549,10.);
#1448=VECTOR('',#5550,10.);
#1449=VECTOR('',#5553,10.);
#1450=VECTOR('',#5556,10.);
#1451=VECTOR('',#5561,10.);
#1452=VECTOR('',#5562,10.);
#1453=VECTOR('',#5563,10.);
#1454=VECTOR('',#5564,10.);
#1455=VECTOR('',#5567,10.);
#1456=VECTOR('',#5568,10.);
#1457=VECTOR('',#5569,10.);
#1458=VECTOR('',#5570,10.);
#1459=VECTOR('',#5573,10.);
#1460=VECTOR('',#5574,10.);
#1461=VECTOR('',#5577,10.);
#1462=VECTOR('',#5580,10.);
#1463=VECTOR('',#5585,10.);
#1464=VECTOR('',#5586,10.);
#1465=VECTOR('',#5587,10.);
#1466=VECTOR('',#5588,10.);
#1467=VECTOR('',#5591,10.);
#1468=VECTOR('',#5592,10.);
#1469=VECTOR('',#5593,10.);
#1470=VECTOR('',#5594,10.);
#1471=VECTOR('',#5597,10.);
#1472=VECTOR('',#5598,10.);
#1473=VECTOR('',#5601,10.);
#1474=VECTOR('',#5604,10.);
#1475=VECTOR('',#5609,10.);
#1476=VECTOR('',#5610,10.);
#1477=VECTOR('',#5611,10.);
#1478=VECTOR('',#5612,10.);
#1479=VECTOR('',#5615,10.);
#1480=VECTOR('',#5616,10.);
#1481=VECTOR('',#5617,10.);
#1482=VECTOR('',#5618,10.);
#1483=VECTOR('',#5621,10.);
#1484=VECTOR('',#5622,10.);
#1485=VECTOR('',#5625,10.);
#1486=VECTOR('',#5628,10.);
#1487=VECTOR('',#5635,0.6);
#1488=VECTOR('',#5646,0.6);
#1489=VECTOR('',#5657,0.6);
#1490=VECTOR('',#5668,0.6);
#1491=VECTOR('',#5679,0.6);
#1492=VECTOR('',#5690,0.6);
#1493=VECTOR('',#5701,0.6);
#1494=VECTOR('',#5712,0.6);
#1495=VECTOR('',#5725,2.4094010767585);
#1496=VECTOR('',#5730,10.);
#1497=VECTOR('',#5735,10.);
#1498=VECTOR('',#5740,10.);
#1499=VECTOR('',#5745,10.);
#1500=VECTOR('',#5750,10.);
#1501=VECTOR('',#5755,10.);
#1502=VECTOR('',#5760,2.22949726619084);
#1503=VECTOR('',#5763,10.);
#1504=VECTOR('',#5764,10.);
#1505=VECTOR('',#5765,10.);
#1506=VECTOR('',#5768,10.);
#1507=VECTOR('',#5769,10.);
#1508=VECTOR('',#5770,10.);
#1509=VECTOR('',#5773,10.);
#1510=VECTOR('',#5774,10.);
#1511=VECTOR('',#5777,10.);
#1512=VECTOR('',#5778,10.);
#1513=VECTOR('',#5781,10.);
#1514=VECTOR('',#5784,10.);
#1515=VECTOR('',#5787,10.);
#1516=VECTOR('',#5788,10.);
#1517=VECTOR('',#5789,10.);
#1518=VECTOR('',#5790,10.);
#1519=VECTOR('',#5793,10.);
#1520=VECTOR('',#5794,10.);
#1521=VECTOR('',#5795,10.);
#1522=VECTOR('',#5796,10.);
#1523=VECTOR('',#5799,10.);
#1524=VECTOR('',#5800,10.);
#1525=VECTOR('',#5801,10.);
#1526=VECTOR('',#5804,10.);
#1527=VECTOR('',#5805,10.);
#1528=VECTOR('',#5806,10.);
#1529=VECTOR('',#5809,10.);
#1530=VECTOR('',#5810,10.);
#1531=VECTOR('',#5815,10.);
#1532=VECTOR('',#5818,10.);
#1533=VECTOR('',#5823,1.3);
#1534=VECTOR('',#5830,2.4094010767585);
#1535=VECTOR('',#5835,10.);
#1536=VECTOR('',#5840,10.);
#1537=VECTOR('',#5845,10.);
#1538=VECTOR('',#5850,10.);
#1539=VECTOR('',#5855,10.);
#1540=VECTOR('',#5860,10.);
#1541=VECTOR('',#5865,2.22949726619084);
#1542=VECTOR('',#5868,10.);
#1543=VECTOR('',#5869,10.);
#1544=VECTOR('',#5870,10.);
#1545=VECTOR('',#5873,10.);
#1546=VECTOR('',#5874,10.);
#1547=VECTOR('',#5875,10.);
#1548=VECTOR('',#5878,10.);
#1549=VECTOR('',#5879,10.);
#1550=VECTOR('',#5882,10.);
#1551=VECTOR('',#5883,10.);
#1552=VECTOR('',#5886,10.);
#1553=VECTOR('',#5889,10.);
#1554=VECTOR('',#5892,10.);
#1555=VECTOR('',#5893,10.);
#1556=VECTOR('',#5894,10.);
#1557=VECTOR('',#5895,10.);
#1558=VECTOR('',#5898,10.);
#1559=VECTOR('',#5899,10.);
#1560=VECTOR('',#5900,10.);
#1561=VECTOR('',#5901,10.);
#1562=VECTOR('',#5904,10.);
#1563=VECTOR('',#5905,10.);
#1564=VECTOR('',#5906,10.);
#1565=VECTOR('',#5909,10.);
#1566=VECTOR('',#5910,10.);
#1567=VECTOR('',#5911,10.);
#1568=VECTOR('',#5914,10.);
#1569=VECTOR('',#5915,10.);
#1570=VECTOR('',#5920,10.);
#1571=VECTOR('',#5923,10.);
#1572=VECTOR('',#5928,1.3);
#1573=VECTOR('',#5935,1.2);
#1574=VECTOR('',#5950,1.35);
#1575=VECTOR('',#5959,1.2);
#1576=VECTOR('',#5974,1.35);
#1577=VECTOR('',#5981,10.);
#1578=VECTOR('',#5982,10.);
#1579=VECTOR('',#5983,10.);
#1580=VECTOR('',#5984,10.);
#1581=VECTOR('',#5985,10.);
#1582=VECTOR('',#5986,10.);
#1583=VECTOR('',#5987,10.);
#1584=VECTOR('',#5988,10.);
#1585=VECTOR('',#5993,10.);
#1586=VECTOR('',#6000,10.);
#1587=VECTOR('',#6001,10.);
#1588=VECTOR('',#6002,10.);
#1589=VECTOR('',#6003,10.);
#1590=VECTOR('',#6004,10.);
#1591=VECTOR('',#6005,10.);
#1592=VECTOR('',#6006,10.);
#1593=VECTOR('',#6059,10.);
#1594=VECTOR('',#6060,10.);
#1595=VECTOR('',#6061,10.);
#1596=VECTOR('',#6062,10.);
#1597=VECTOR('',#6063,10.);
#1598=VECTOR('',#6064,10.);
#1599=VECTOR('',#6065,10.);
#1600=VECTOR('',#6066,10.);
#1601=VECTOR('',#6071,10.);
#1602=VECTOR('',#6078,10.);
#1603=VECTOR('',#6079,10.);
#1604=VECTOR('',#6080,10.);
#1605=VECTOR('',#6081,10.);
#1606=VECTOR('',#6082,10.);
#1607=VECTOR('',#6083,10.);
#1608=VECTOR('',#6084,10.);
#1609=VECTOR('',#6137,2.4);
#1610=VECTOR('',#6142,2.4);
#1611=VECTOR('',#6147,2.4);
#1612=VECTOR('',#6152,2.4);
#1613=VECTOR('',#6157,10.);
#1614=VECTOR('',#6160,10.);
#1615=VECTOR('',#6165,10.);
#1616=VECTOR('',#6168,10.);
#1617=VECTOR('',#6171,10.);
#1618=VECTOR('',#6172,10.);
#1619=VECTOR('',#6177,10.);
#1620=VECTOR('',#6178,10.);
#1621=VECTOR('',#6179,10.);
#1622=VECTOR('',#6180,10.);
#1623=VECTOR('',#6181,10.);
#1624=VECTOR('',#6182,10.);
#1625=VECTOR('',#6183,10.);
#1626=VECTOR('',#6184,10.);
#1627=VECTOR('',#6185,10.);
#1628=VECTOR('',#6186,10.);
#1629=VECTOR('',#6187,10.);
#1630=VECTOR('',#6188,10.);
#1631=VECTOR('',#6189,10.);
#1632=VECTOR('',#6192,10.);
#1633=VECTOR('',#6197,10.);
#1634=VECTOR('',#6200,10.);
#1635=VECTOR('',#6205,10.);
#1636=VECTOR('',#6208,10.);
#1637=VECTOR('',#6209,10.);
#1638=VECTOR('',#6210,10.);
#1639=VECTOR('',#6211,10.);
#1640=VECTOR('',#6212,10.);
#1641=VECTOR('',#6215,10.);
#1642=VECTOR('',#6220,10.);
#1643=VECTOR('',#6227,10.);
#1644=VECTOR('',#6232,10.);
#1645=VECTOR('',#6237,10.);
#1646=VECTOR('',#6240,10.);
#1647=VECTOR('',#6245,10.);
#1648=VECTOR('',#6248,10.);
#1649=VECTOR('',#6249,10.);
#1650=VECTOR('',#6250,10.);
#1651=VECTOR('',#6251,10.);
#1652=VECTOR('',#6252,10.);
#1653=VECTOR('',#6253,10.);
#1654=VECTOR('',#6256,10.);
#1655=VECTOR('',#6259,10.);
#1656=VECTOR('',#6266,10.);
#1657=VECTOR('',#6269,10.);
#1658=VECTOR('',#6270,10.);
#1659=VECTOR('',#6271,10.);
#1660=VECTOR('',#6272,10.);
#1661=VECTOR('',#6281,10.);
#1662=VECTOR('',#6284,10.);
#1663=VECTOR('',#6287,10.);
#1664=VECTOR('',#6288,10.);
#1665=VECTOR('',#6295,10.);
#1666=VECTOR('',#6298,10.);
#1667=VECTOR('',#6301,10.);
#1668=VECTOR('',#6304,10.);
#1669=VECTOR('',#6307,10.);
#1670=VECTOR('',#6310,10.);
#1671=VECTOR('',#6313,10.);
#1672=VECTOR('',#6316,10.);
#1673=VECTOR('',#6319,10.);
#1674=VECTOR('',#6326,10.);
#1675=VECTOR('',#6327,10.);
#1676=VECTOR('',#6328,10.);
#1677=VECTOR('',#6329,10.);
#1678=VECTOR('',#6334,10.);
#1679=VECTOR('',#6345,10.);
#1680=VECTOR('',#6346,10.);
#1681=VECTOR('',#6349,10.);
#1682=VECTOR('',#6354,10.);
#1683=VECTOR('',#6361,10.);
#1684=VECTOR('',#6362,10.);
#1685=VECTOR('',#6365,10.);
#1686=VECTOR('',#6372,10.);
#1687=VECTOR('',#6373,10.);
#1688=VECTOR('',#6374,10.);
#1689=VECTOR('',#6379,10.);
#1690=VECTOR('',#6380,10.);
#1691=VECTOR('',#6381,10.);
#1692=VECTOR('',#6384,10.);
#1693=VECTOR('',#6385,10.);
#1694=VECTOR('',#6388,10.);
#1695=VECTOR('',#6393,10.);
#1696=VECTOR('',#6398,10.);
#1697=VECTOR('',#6399,10.);
#1698=VECTOR('',#6402,10.);
#1699=VECTOR('',#6403,10.);
#1700=VECTOR('',#6408,10.);
#1701=VECTOR('',#6411,10.);
#1702=VECTOR('',#6414,10.);
#1703=VECTOR('',#6417,10.);
#1704=VECTOR('',#6420,10.);
#1705=VECTOR('',#6423,10.);
#1706=VECTOR('',#6426,10.);
#1707=VECTOR('',#6429,10.);
#1708=VECTOR('',#6434,10.);
#1709=VECTOR('',#6437,10.);
#1710=VECTOR('',#6438,10.);
#1711=VECTOR('',#6443,10.);
#1712=VECTOR('',#6446,10.);
#1713=VECTOR('',#6447,10.);
#1714=VECTOR('',#6450,10.);
#1715=VECTOR('',#6453,10.);
#1716=VECTOR('',#6456,10.);
#1717=VECTOR('',#6457,10.);
#1718=VECTOR('',#6462,10.);
#1719=VECTOR('',#6465,10.);
#1720=VECTOR('',#6468,10.);
#1721=VECTOR('',#6471,10.);
#1722=VECTOR('',#6474,10.);
#1723=VECTOR('',#6485,10.);
#1724=VECTOR('',#6486,10.);
#1725=VECTOR('',#6487,10.);
#1726=VECTOR('',#6488,10.);
#1727=VECTOR('',#6491,10.);
#1728=VECTOR('',#6492,10.);
#1729=VECTOR('',#6493,10.);
#1730=VECTOR('',#6494,10.);
#1731=VECTOR('',#6497,10.);
#1732=VECTOR('',#6498,10.);
#1733=VECTOR('',#6499,10.);
#1734=VECTOR('',#6502,10.);
#1735=VECTOR('',#6503,10.);
#1736=VECTOR('',#6504,10.);
#1737=VECTOR('',#6507,10.);
#1738=VECTOR('',#6508,10.);
#1739=VECTOR('',#6511,10.);
#1740=VECTOR('',#6514,10.);
#1741=VECTOR('',#6519,10.);
#1742=VECTOR('',#6520,10.);
#1743=VECTOR('',#6521,10.);
#1744=VECTOR('',#6522,10.);
#1745=VECTOR('',#6525,10.);
#1746=VECTOR('',#6526,10.);
#1747=VECTOR('',#6527,10.);
#1748=VECTOR('',#6528,10.);
#1749=VECTOR('',#6531,10.);
#1750=VECTOR('',#6532,10.);
#1751=VECTOR('',#6533,10.);
#1752=VECTOR('',#6536,10.);
#1753=VECTOR('',#6537,10.);
#1754=VECTOR('',#6538,10.);
#1755=VECTOR('',#6541,10.);
#1756=VECTOR('',#6542,10.);
#1757=VECTOR('',#6545,10.);
#1758=VECTOR('',#6548,10.);
#1759=VECTOR('',#6555,1.2);
#1760=VECTOR('',#6566,1.2);
#1761=VECTOR('',#6589,10.);
#1762=VECTOR('',#6590,10.);
#1763=VECTOR('',#6603,10.);
#1764=VECTOR('',#6604,10.);
#1765=VECTOR('',#6617,10.);
#1766=VECTOR('',#6618,10.);
#1767=VECTOR('',#6629,10.);
#1768=VECTOR('',#6630,10.);
#1769=VECTOR('',#6633,10.);
#1770=VECTOR('',#6634,10.);
#1771=VECTOR('',#6635,10.);
#1772=VECTOR('',#6638,10.);
#1773=VECTOR('',#6643,10.);
#1774=VECTOR('',#6644,10.);
#1775=VECTOR('',#6647,10.);
#1776=VECTOR('',#6654,10.);
#1777=VECTOR('',#6657,10.);
#1778=VECTOR('',#6660,10.);
#1779=VECTOR('',#6663,10.);
#1780=VECTOR('',#6676,10.);
#1781=VECTOR('',#6687,10.);
#1782=VECTOR('',#6698,10.);
#1783=VECTOR('',#6707,10.);
#1784=VECTOR('',#6710,10.);
#1785=VECTOR('',#6711,10.);
#1786=VECTOR('',#6712,10.);
#1787=VECTOR('',#6715,10.);
#1788=VECTOR('',#6720,10.);
#1789=VECTOR('',#6721,10.);
#1790=VECTOR('',#6724,10.);
#1791=VECTOR('',#6729,10.);
#1792=VECTOR('',#6730,10.);
#1793=VECTOR('',#6731,10.);
#1794=VECTOR('',#6732,10.);
#1795=VECTOR('',#6735,10.);
#1796=VECTOR('',#6736,10.);
#1797=VECTOR('',#6737,10.);
#1798=VECTOR('',#6740,10.);
#1799=VECTOR('',#6741,10.);
#1800=VECTOR('',#6744,10.);
#1801=VECTOR('',#6745,10.);
#1802=VECTOR('',#6748,10.);
#1803=VECTOR('',#6751,10.);
#1804=VECTOR('',#6752,10.);
#1805=VECTOR('',#6753,10.);
#1806=VECTOR('',#6754,10.);
#1807=VECTOR('',#6757,10.);
#1808=VECTOR('',#6758,10.);
#1809=VECTOR('',#6759,10.);
#1810=VECTOR('',#6762,10.);
#1811=VECTOR('',#6763,10.);
#1812=VECTOR('',#6766,10.);
#1813=VECTOR('',#6767,10.);
#1814=VECTOR('',#6770,10.);
#1815=VECTOR('',#6773,10.);
#1816=VECTOR('',#6776,10.);
#1817=VECTOR('',#6781,10.);
#1818=VECTOR('',#6784,10.);
#1819=VECTOR('',#6789,10.);
#1820=VECTOR('',#6792,10.);
#1821=VECTOR('',#6797,10.);
#1822=VECTOR('',#6798,10.);
#1823=VECTOR('',#6801,10.);
#1824=VECTOR('',#6802,10.);
#1825=VECTOR('',#6805,10.);
#1826=VECTOR('',#6808,10.);
#1827=VECTOR('',#6811,10.);
#1828=VECTOR('',#6814,10.);
#1829=VECTOR('',#6817,10.);
#1830=VECTOR('',#6820,10.);
#1831=VECTOR('',#6823,10.);
#1832=VECTOR('',#6826,10.);
#1833=VECTOR('',#6831,10.);
#1834=VECTOR('',#6834,10.);
#1835=VECTOR('',#6839,10.);
#1836=VECTOR('',#6842,10.);
#1837=VECTOR('',#6847,10.);
#1838=VECTOR('',#6848,10.);
#1839=VECTOR('',#6851,10.);
#1840=VECTOR('',#6852,10.);
#1841=VECTOR('',#6855,10.);
#1842=VECTOR('',#6858,10.);
#1843=VECTOR('',#6861,10.);
#1844=VECTOR('',#6864,10.);
#1845=VECTOR('',#6867,10.);
#1846=VECTOR('',#6870,10.);
#1847=VECTOR('',#6873,10.);
#1848=VECTOR('',#6876,10.);
#1849=VECTOR('',#6881,10.);
#1850=VECTOR('',#6884,10.);
#1851=VECTOR('',#6887,10.);
#1852=VECTOR('',#6890,10.);
#1853=VECTOR('',#6893,10.);
#1854=VECTOR('',#6896,10.);
#1855=VECTOR('',#6897,10.);
#1856=VECTOR('',#6902,10.);
#1857=CIRCLE('',#4933,1.2);
#1858=CIRCLE('',#4934,1.2);
#1859=CIRCLE('',#4936,1.2);
#1860=CIRCLE('',#4937,1.2);
#1861=CIRCLE('',#4950,1.5);
#1862=CIRCLE('',#4951,1.5);
#1863=CIRCLE('',#4953,1.5);
#1864=CIRCLE('',#4954,1.5);
#1865=CIRCLE('',#4956,1.5);
#1866=CIRCLE('',#4957,1.5);
#1867=CIRCLE('',#4959,1.5);
#1868=CIRCLE('',#4960,1.5);
#1869=CIRCLE('',#4986,0.6);
#1870=CIRCLE('',#4987,0.6);
#1871=CIRCLE('',#4991,0.6);
#1872=CIRCLE('',#4992,0.6);
#1873=CIRCLE('',#4996,0.6);
#1874=CIRCLE('',#4997,0.6);
#1875=CIRCLE('',#5001,0.6);
#1876=CIRCLE('',#5002,0.6);
#1877=CIRCLE('',#5006,0.6);
#1878=CIRCLE('',#5007,0.6);
#1879=CIRCLE('',#5011,0.6);
#1880=CIRCLE('',#5012,0.6);
#1881=CIRCLE('',#5016,0.6);
#1882=CIRCLE('',#5017,0.6);
#1883=CIRCLE('',#5021,0.6);
#1884=CIRCLE('',#5022,0.6);
#1885=CIRCLE('',#5027,2.4094010767585);
#1886=CIRCLE('',#5028,2.4094010767585);
#1887=CIRCLE('',#5030,2.04959345562317);
#1888=CIRCLE('',#5032,2.04959345562317);
#1889=CIRCLE('',#5034,2.04959345562317);
#1890=CIRCLE('',#5036,2.04959345562317);
#1891=CIRCLE('',#5038,2.04959345562317);
#1892=CIRCLE('',#5040,2.04959345562317);
#1893=CIRCLE('',#5053,1.3);
#1894=CIRCLE('',#5058,1.3);
#1895=CIRCLE('',#5060,2.4094010767585);
#1896=CIRCLE('',#5061,2.4094010767585);
#1897=CIRCLE('',#5063,2.04959345562317);
#1898=CIRCLE('',#5065,2.04959345562317);
#1899=CIRCLE('',#5067,2.04959345562317);
#1900=CIRCLE('',#5069,2.04959345562317);
#1901=CIRCLE('',#5071,2.04959345562317);
#1902=CIRCLE('',#5073,2.04959345562317);
#1903=CIRCLE('',#5086,1.3);
#1904=CIRCLE('',#5091,1.3);
#1905=CIRCLE('',#5093,1.05);
#1906=CIRCLE('',#5094,1.35);
#1907=CIRCLE('',#5097,1.35);
#1908=CIRCLE('',#5098,0.8);
#1909=CIRCLE('',#5099,2.15);
#1910=CIRCLE('',#5102,2.4);
#1911=CIRCLE('',#5104,1.05);
#1912=CIRCLE('',#5105,1.35);
#1913=CIRCLE('',#5108,1.35);
#1914=CIRCLE('',#5109,0.8);
#1915=CIRCLE('',#5110,2.15);
#1916=CIRCLE('',#5113,2.4);
#1917=CIRCLE('',#5116,1.4);
#1918=CIRCLE('',#5117,1.4);
#1919=CIRCLE('',#5118,1.4);
#1920=CIRCLE('',#5121,1.3);
#1921=CIRCLE('',#5123,1.3);
#1922=CIRCLE('',#5125,1.6);
#1923=CIRCLE('',#5127,1.6);
#1924=CIRCLE('',#5129,1.6);
#1925=CIRCLE('',#5131,1.6);
#1926=CIRCLE('',#5133,1.4);
#1927=CIRCLE('',#5134,1.4);
#1928=CIRCLE('',#5137,1.4);
#1929=CIRCLE('',#5139,1.4);
#1930=CIRCLE('',#5140,0.8);
#1931=CIRCLE('',#5141,2.2);
#1932=CIRCLE('',#5144,2.4);
#1933=CIRCLE('',#5147,1.4);
#1934=CIRCLE('',#5148,1.4);
#1935=CIRCLE('',#5149,1.4);
#1936=CIRCLE('',#5152,1.3);
#1937=CIRCLE('',#5154,1.3);
#1938=CIRCLE('',#5156,1.6);
#1939=CIRCLE('',#5158,1.6);
#1940=CIRCLE('',#5160,1.6);
#1941=CIRCLE('',#5162,1.6);
#1942=CIRCLE('',#5164,1.4);
#1943=CIRCLE('',#5165,1.4);
#1944=CIRCLE('',#5168,1.4);
#1945=CIRCLE('',#5170,1.4);
#1946=CIRCLE('',#5171,0.8);
#1947=CIRCLE('',#5172,2.2);
#1948=CIRCLE('',#5175,2.4);
#1949=CIRCLE('',#5177,2.4);
#1950=CIRCLE('',#5179,2.4);
#1951=CIRCLE('',#5181,2.4);
#1952=CIRCLE('',#5183,2.4);
#1953=CIRCLE('',#5185,3.);
#1954=CIRCLE('',#5186,3.);
#1955=CIRCLE('',#5188,3.);
#1956=CIRCLE('',#5190,3.);
#1957=CIRCLE('',#5193,4.3);
#1958=CIRCLE('',#5196,4.3);
#1959=CIRCLE('',#5198,4.3);
#1960=CIRCLE('',#5199,4.3);
#1961=CIRCLE('',#5200,4.3);
#1962=CIRCLE('',#5202,3.);
#1963=CIRCLE('',#5203,3.);
#1964=CIRCLE('',#5205,3.);
#1965=CIRCLE('',#5207,3.);
#1966=CIRCLE('',#5210,4.3);
#1967=CIRCLE('',#5214,3.);
#1968=CIRCLE('',#5215,3.);
#1969=CIRCLE('',#5217,1.8);
#1970=CIRCLE('',#5220,1.8);
#1971=CIRCLE('',#5221,4.3);
#1972=CIRCLE('',#5223,4.3);
#1973=CIRCLE('',#5226,1.8);
#1974=CIRCLE('',#5227,3.);
#1975=CIRCLE('',#5228,3.75);
#1976=CIRCLE('',#5229,3.8);
#1977=CIRCLE('',#5230,3.75);
#1978=CIRCLE('',#5231,3.);
#1979=CIRCLE('',#5232,3.);
#1980=CIRCLE('',#5233,3.75);
#1981=CIRCLE('',#5234,3.8);
#1982=CIRCLE('',#5235,3.75);
#1983=CIRCLE('',#5236,3.);
#1984=CIRCLE('',#5237,1.8);
#1985=CIRCLE('',#5238,4.3);
#1986=CIRCLE('',#5240,3.);
#1987=CIRCLE('',#5241,3.);
#1988=CIRCLE('',#5243,1.8);
#1989=CIRCLE('',#5245,1.8);
#1990=CIRCLE('',#5246,1.8);
#1991=CIRCLE('',#5247,1.8);
#1992=CIRCLE('',#5249,4.3);
#1993=CIRCLE('',#5256,1.8);
#1994=CIRCLE('',#5261,1.8);
#1995=CIRCLE('',#5263,3.8);
#1996=CIRCLE('',#5266,3.);
#1997=CIRCLE('',#5267,3.75);
#1998=CIRCLE('',#5268,3.8);
#1999=CIRCLE('',#5269,3.75);
#2000=CIRCLE('',#5270,3.);
#2001=CIRCLE('',#5271,3.);
#2002=CIRCLE('',#5272,3.75);
#2003=CIRCLE('',#5273,3.75);
#2004=CIRCLE('',#5274,3.);
#2005=CIRCLE('',#5310,1.2);
#2006=CIRCLE('',#5311,1.2);
#2007=CIRCLE('',#5315,1.2);
#2008=CIRCLE('',#5316,1.2);
#2009=CIRCLE('',#5321,0.4);
#2010=CIRCLE('',#5322,2.);
#2011=CIRCLE('',#5323,0.4);
#2012=CIRCLE('',#5324,1.6);
#2013=CIRCLE('',#5326,0.4);
#2014=CIRCLE('',#5328,0.4);
#2015=CIRCLE('',#5329,1.6);
#2016=CIRCLE('',#5330,2.);
#2017=CIRCLE('',#5332,0.4);
#2018=CIRCLE('',#5334,0.4);
#2019=CIRCLE('',#5335,1.6);
#2020=CIRCLE('',#5336,2.);
#2021=CIRCLE('',#5338,0.4);
#2022=CIRCLE('',#5340,0.4);
#2023=CIRCLE('',#5341,1.6);
#2024=CIRCLE('',#5342,2.);
#2025=CIRCLE('',#5346,2.);
#2026=CIRCLE('',#5349,2.);
#2027=CIRCLE('',#5351,1.2);
#2028=CIRCLE('',#5352,1.2);
#2029=CIRCLE('',#5353,1.2);
#2030=CIRCLE('',#5354,1.2);
#2031=CIRCLE('',#5356,0.4);
#2032=CIRCLE('',#5357,0.8);
#2033=CIRCLE('',#5358,0.4);
#2034=CIRCLE('',#5360,0.4);
#2035=CIRCLE('',#5362,0.400000000000001);
#2036=CIRCLE('',#5363,0.8);
#2037=CIRCLE('',#5365,0.4);
#2038=CIRCLE('',#5367,0.4);
#2039=CIRCLE('',#5368,0.8);
#2040=CIRCLE('',#5370,0.4);
#2041=CIRCLE('',#5372,0.400000000000001);
#2042=CIRCLE('',#5373,0.8);
#2043=CIRCLE('',#5377,0.8);
#2044=CIRCLE('',#5380,0.8);
#2045=CIRCLE('',#5392,0.6);
#2046=CIRCLE('',#5393,0.6);
#2047=CIRCLE('',#5395,0.6);
#2048=CIRCLE('',#5396,0.6);
#2049=CIRCLE('',#5398,0.6);
#2050=CIRCLE('',#5399,0.6);
#2051=CIRCLE('',#5401,0.6);
#2052=CIRCLE('',#5403,0.6);
#2053=CIRCLE('',#5409,0.6);
#2054=CIRCLE('',#5410,0.6);
#2055=CIRCLE('',#5412,0.6);
#2056=CIRCLE('',#5413,0.6);
#2057=CIRCLE('',#5415,0.6);
#2058=CIRCLE('',#5416,0.6);
#2059=CIRCLE('',#5418,0.6);
#2060=CIRCLE('',#5420,0.6);
#2061=CIRCLE('',#5426,0.8);
#2062=CIRCLE('',#5428,0.8);
#2063=CIRCLE('',#5432,2.);
#2064=CIRCLE('',#5434,2.);
#2065=VERTEX_POINT('',#6920);
#2066=VERTEX_POINT('',#6922);
#2067=VERTEX_POINT('',#6926);
#2068=VERTEX_POINT('',#6928);
#2069=VERTEX_POINT('',#6932);
#2070=VERTEX_POINT('',#6933);
#2071=VERTEX_POINT('',#6935);
#2072=VERTEX_POINT('',#6937);
#2073=VERTEX_POINT('',#6941);
#2074=VERTEX_POINT('',#6943);
#2075=VERTEX_POINT('',#6947);
#2076=VERTEX_POINT('',#6949);
#2077=VERTEX_POINT('',#6956);
#2078=VERTEX_POINT('',#6957);
#2079=VERTEX_POINT('',#6959);
#2080=VERTEX_POINT('',#6961);
#2081=VERTEX_POINT('',#6965);
#2082=VERTEX_POINT('',#6966);
#2083=VERTEX_POINT('',#6968);
#2084=VERTEX_POINT('',#6970);
#2085=VERTEX_POINT('',#6983);
#2086=VERTEX_POINT('',#6985);
#2087=VERTEX_POINT('',#6989);
#2088=VERTEX_POINT('',#6991);
#2089=VERTEX_POINT('',#6995);
#2090=VERTEX_POINT('',#6997);
#2091=VERTEX_POINT('',#7001);
#2092=VERTEX_POINT('',#7003);
#2093=VERTEX_POINT('',#7007);
#2094=VERTEX_POINT('',#7008);
#2095=VERTEX_POINT('',#7010);
#2096=VERTEX_POINT('',#7012);
#2097=VERTEX_POINT('',#7016);
#2098=VERTEX_POINT('',#7017);
#2099=VERTEX_POINT('',#7019);
#2100=VERTEX_POINT('',#7021);
#2101=VERTEX_POINT('',#7033);
#2102=VERTEX_POINT('',#7034);
#2103=VERTEX_POINT('',#7036);
#2104=VERTEX_POINT('',#7038);
#2105=VERTEX_POINT('',#7042);
#2106=VERTEX_POINT('',#7043);
#2107=VERTEX_POINT('',#7045);
#2108=VERTEX_POINT('',#7047);
#2109=VERTEX_POINT('',#7059);
#2110=VERTEX_POINT('',#7060);
#2111=VERTEX_POINT('',#7062);
#2112=VERTEX_POINT('',#7064);
#2113=VERTEX_POINT('',#7068);
#2114=VERTEX_POINT('',#7069);
#2115=VERTEX_POINT('',#7071);
#2116=VERTEX_POINT('',#7073);
#2117=VERTEX_POINT('',#7085);
#2118=VERTEX_POINT('',#7086);
#2119=VERTEX_POINT('',#7088);
#2120=VERTEX_POINT('',#7090);
#2121=VERTEX_POINT('',#7094);
#2122=VERTEX_POINT('',#7095);
#2123=VERTEX_POINT('',#7097);
#2124=VERTEX_POINT('',#7099);
#2125=VERTEX_POINT('',#7111);
#2126=VERTEX_POINT('',#7113);
#2127=VERTEX_POINT('',#7119);
#2128=VERTEX_POINT('',#7121);
#2129=VERTEX_POINT('',#7127);
#2130=VERTEX_POINT('',#7129);
#2131=VERTEX_POINT('',#7135);
#2132=VERTEX_POINT('',#7137);
#2133=VERTEX_POINT('',#7143);
#2134=VERTEX_POINT('',#7145);
#2135=VERTEX_POINT('',#7151);
#2136=VERTEX_POINT('',#7153);
#2137=VERTEX_POINT('',#7159);
#2138=VERTEX_POINT('',#7161);
#2139=VERTEX_POINT('',#7167);
#2140=VERTEX_POINT('',#7169);
#2141=VERTEX_POINT('',#7176);
#2142=VERTEX_POINT('',#7178);
#2143=VERTEX_POINT('',#7182);
#2144=VERTEX_POINT('',#7183);
#2145=VERTEX_POINT('',#7187);
#2146=VERTEX_POINT('',#7191);
#2147=VERTEX_POINT('',#7195);
#2148=VERTEX_POINT('',#7199);
#2149=VERTEX_POINT('',#7208);
#2150=VERTEX_POINT('',#7210);
#2151=VERTEX_POINT('',#7214);
#2152=VERTEX_POINT('',#7216);
#2153=VERTEX_POINT('',#7220);
#2154=VERTEX_POINT('',#7224);
#2155=VERTEX_POINT('',#7232);
#2156=VERTEX_POINT('',#7233);
#2157=VERTEX_POINT('',#7235);
#2158=VERTEX_POINT('',#7237);
#2159=VERTEX_POINT('',#7241);
#2160=VERTEX_POINT('',#7242);
#2161=VERTEX_POINT('',#7244);
#2162=VERTEX_POINT('',#7246);
#2163=VERTEX_POINT('',#7250);
#2164=VERTEX_POINT('',#7252);
#2165=VERTEX_POINT('',#7256);
#2166=VERTEX_POINT('',#7258);
#2167=VERTEX_POINT('',#7264);
#2168=VERTEX_POINT('',#7272);
#2169=VERTEX_POINT('',#7276);
#2170=VERTEX_POINT('',#7278);
#2171=VERTEX_POINT('',#7282);
#2172=VERTEX_POINT('',#7283);
#2173=VERTEX_POINT('',#7287);
#2174=VERTEX_POINT('',#7291);
#2175=VERTEX_POINT('',#7295);
#2176=VERTEX_POINT('',#7299);
#2177=VERTEX_POINT('',#7308);
#2178=VERTEX_POINT('',#7310);
#2179=VERTEX_POINT('',#7314);
#2180=VERTEX_POINT('',#7316);
#2181=VERTEX_POINT('',#7320);
#2182=VERTEX_POINT('',#7324);
#2183=VERTEX_POINT('',#7332);
#2184=VERTEX_POINT('',#7333);
#2185=VERTEX_POINT('',#7335);
#2186=VERTEX_POINT('',#7337);
#2187=VERTEX_POINT('',#7341);
#2188=VERTEX_POINT('',#7342);
#2189=VERTEX_POINT('',#7344);
#2190=VERTEX_POINT('',#7346);
#2191=VERTEX_POINT('',#7350);
#2192=VERTEX_POINT('',#7352);
#2193=VERTEX_POINT('',#7356);
#2194=VERTEX_POINT('',#7358);
#2195=VERTEX_POINT('',#7364);
#2196=VERTEX_POINT('',#7372);
#2197=VERTEX_POINT('',#7376);
#2198=VERTEX_POINT('',#7378);
#2199=VERTEX_POINT('',#7383);
#2200=VERTEX_POINT('',#7385);
#2201=VERTEX_POINT('',#7391);
#2202=VERTEX_POINT('',#7394);
#2203=VERTEX_POINT('',#7396);
#2204=VERTEX_POINT('',#7401);
#2205=VERTEX_POINT('',#7403);
#2206=VERTEX_POINT('',#7409);
#2207=VERTEX_POINT('',#7412);
#2208=VERTEX_POINT('',#7413);
#2209=VERTEX_POINT('',#7415);
#2210=VERTEX_POINT('',#7417);
#2211=VERTEX_POINT('',#7419);
#2212=VERTEX_POINT('',#7421);
#2213=VERTEX_POINT('',#7423);
#2214=VERTEX_POINT('',#7427);
#2215=VERTEX_POINT('',#7429);
#2216=VERTEX_POINT('',#7433);
#2217=VERTEX_POINT('',#7437);
#2218=VERTEX_POINT('',#7439);
#2219=VERTEX_POINT('',#7441);
#2220=VERTEX_POINT('',#7445);
#2221=VERTEX_POINT('',#7447);
#2222=VERTEX_POINT('',#7449);
#2223=VERTEX_POINT('',#7451);
#2224=VERTEX_POINT('',#7455);
#2225=VERTEX_POINT('',#7457);
#2226=VERTEX_POINT('',#7461);
#2227=VERTEX_POINT('',#7463);
#2228=VERTEX_POINT('',#7486);
#2229=VERTEX_POINT('',#7491);
#2230=VERTEX_POINT('',#7494);
#2231=VERTEX_POINT('',#7495);
#2232=VERTEX_POINT('',#7497);
#2233=VERTEX_POINT('',#7499);
#2234=VERTEX_POINT('',#7501);
#2235=VERTEX_POINT('',#7503);
#2236=VERTEX_POINT('',#7505);
#2237=VERTEX_POINT('',#7509);
#2238=VERTEX_POINT('',#7511);
#2239=VERTEX_POINT('',#7515);
#2240=VERTEX_POINT('',#7519);
#2241=VERTEX_POINT('',#7521);
#2242=VERTEX_POINT('',#7523);
#2243=VERTEX_POINT('',#7527);
#2244=VERTEX_POINT('',#7529);
#2245=VERTEX_POINT('',#7531);
#2246=VERTEX_POINT('',#7533);
#2247=VERTEX_POINT('',#7537);
#2248=VERTEX_POINT('',#7539);
#2249=VERTEX_POINT('',#7543);
#2250=VERTEX_POINT('',#7545);
#2251=VERTEX_POINT('',#7568);
#2252=VERTEX_POINT('',#7573);
#2253=VERTEX_POINT('',#7576);
#2254=VERTEX_POINT('',#7580);
#2255=VERTEX_POINT('',#7584);
#2256=VERTEX_POINT('',#7588);
#2257=VERTEX_POINT('',#7592);
#2258=VERTEX_POINT('',#7593);
#2259=VERTEX_POINT('',#7595);
#2260=VERTEX_POINT('',#7597);
#2261=VERTEX_POINT('',#7601);
#2262=VERTEX_POINT('',#7603);
#2263=VERTEX_POINT('',#7607);
#2264=VERTEX_POINT('',#7609);
#2265=VERTEX_POINT('',#7613);
#2266=VERTEX_POINT('',#7615);
#2267=VERTEX_POINT('',#7617);
#2268=VERTEX_POINT('',#7619);
#2269=VERTEX_POINT('',#7621);
#2270=VERTEX_POINT('',#7623);
#2271=VERTEX_POINT('',#7625);
#2272=VERTEX_POINT('',#7627);
#2273=VERTEX_POINT('',#7629);
#2274=VERTEX_POINT('',#7631);
#2275=VERTEX_POINT('',#7633);
#2276=VERTEX_POINT('',#7635);
#2277=VERTEX_POINT('',#7639);
#2278=VERTEX_POINT('',#7645);
#2279=VERTEX_POINT('',#7649);
#2280=VERTEX_POINT('',#7651);
#2281=VERTEX_POINT('',#7653);
#2282=VERTEX_POINT('',#7655);
#2283=VERTEX_POINT('',#7657);
#2284=VERTEX_POINT('',#7659);
#2285=VERTEX_POINT('',#7661);
#2286=VERTEX_POINT('',#7663);
#2287=VERTEX_POINT('',#7665);
#2288=VERTEX_POINT('',#7669);
#2289=VERTEX_POINT('',#7670);
#2290=VERTEX_POINT('',#7675);
#2291=VERTEX_POINT('',#7679);
#2292=VERTEX_POINT('',#7685);
#2293=VERTEX_POINT('',#7691);
#2294=VERTEX_POINT('',#7693);
#2295=VERTEX_POINT('',#7695);
#2296=VERTEX_POINT('',#7697);
#2297=VERTEX_POINT('',#7699);
#2298=VERTEX_POINT('',#7703);
#2299=VERTEX_POINT('',#7704);
#2300=VERTEX_POINT('',#7706);
#2301=VERTEX_POINT('',#7708);
#2302=VERTEX_POINT('',#7712);
#2303=VERTEX_POINT('',#7716);
#2304=VERTEX_POINT('',#7719);
#2305=VERTEX_POINT('',#7723);
#2306=VERTEX_POINT('',#7727);
#2307=VERTEX_POINT('',#7729);
#2308=VERTEX_POINT('',#7733);
#2309=VERTEX_POINT('',#7737);
#2310=VERTEX_POINT('',#7739);
#2311=VERTEX_POINT('',#7741);
#2312=VERTEX_POINT('',#7743);
#2313=VERTEX_POINT('',#7745);
#2314=VERTEX_POINT('',#7747);
#2315=VERTEX_POINT('',#7749);
#2316=VERTEX_POINT('',#7751);
#2317=VERTEX_POINT('',#7753);
#2318=VERTEX_POINT('',#7755);
#2319=VERTEX_POINT('',#7757);
#2320=VERTEX_POINT('',#7759);
#2321=VERTEX_POINT('',#7761);
#2322=VERTEX_POINT('',#7763);
#2323=VERTEX_POINT('',#7765);
#2324=VERTEX_POINT('',#7767);
#2325=VERTEX_POINT('',#7769);
#2326=VERTEX_POINT('',#7771);
#2327=VERTEX_POINT('',#7773);
#2328=VERTEX_POINT('',#7775);
#2329=VERTEX_POINT('',#7777);
#2330=VERTEX_POINT('',#7779);
#2331=VERTEX_POINT('',#7781);
#2332=VERTEX_POINT('',#7783);
#2333=VERTEX_POINT('',#7785);
#2334=VERTEX_POINT('',#7789);
#2335=VERTEX_POINT('',#7791);
#2336=VERTEX_POINT('',#7797);
#2337=VERTEX_POINT('',#7800);
#2338=VERTEX_POINT('',#7802);
#2339=VERTEX_POINT('',#7804);
#2340=VERTEX_POINT('',#7819);
#2341=VERTEX_POINT('',#7821);
#2342=VERTEX_POINT('',#7823);
#2343=VERTEX_POINT('',#7827);
#2344=VERTEX_POINT('',#7829);
#2345=VERTEX_POINT('',#7833);
#2346=VERTEX_POINT('',#7839);
#2347=VERTEX_POINT('',#7843);
#2348=VERTEX_POINT('',#7844);
#2349=VERTEX_POINT('',#7849);
#2350=VERTEX_POINT('',#7853);
#2351=VERTEX_POINT('',#7855);
#2352=VERTEX_POINT('',#7857);
#2353=VERTEX_POINT('',#7859);
#2354=VERTEX_POINT('',#7861);
#2355=VERTEX_POINT('',#7863);
#2356=VERTEX_POINT('',#7865);
#2357=VERTEX_POINT('',#7867);
#2358=VERTEX_POINT('',#7869);
#2359=VERTEX_POINT('',#7871);
#2360=VERTEX_POINT('',#7873);
#2361=VERTEX_POINT('',#7875);
#2362=VERTEX_POINT('',#7878);
#2363=VERTEX_POINT('',#7880);
#2364=VERTEX_POINT('',#7882);
#2365=VERTEX_POINT('',#7919);
#2366=VERTEX_POINT('',#7920);
#2367=VERTEX_POINT('',#7922);
#2368=VERTEX_POINT('',#7924);
#2369=VERTEX_POINT('',#7928);
#2370=VERTEX_POINT('',#7929);
#2371=VERTEX_POINT('',#7931);
#2372=VERTEX_POINT('',#7933);
#2373=VERTEX_POINT('',#7937);
#2374=VERTEX_POINT('',#7939);
#2375=VERTEX_POINT('',#7943);
#2376=VERTEX_POINT('',#7945);
#2377=VERTEX_POINT('',#7957);
#2378=VERTEX_POINT('',#7958);
#2379=VERTEX_POINT('',#7960);
#2380=VERTEX_POINT('',#7962);
#2381=VERTEX_POINT('',#7966);
#2382=VERTEX_POINT('',#7967);
#2383=VERTEX_POINT('',#7969);
#2384=VERTEX_POINT('',#7971);
#2385=VERTEX_POINT('',#7975);
#2386=VERTEX_POINT('',#7977);
#2387=VERTEX_POINT('',#7981);
#2388=VERTEX_POINT('',#7983);
#2389=VERTEX_POINT('',#7995);
#2390=VERTEX_POINT('',#7997);
#2391=VERTEX_POINT('',#8003);
#2392=VERTEX_POINT('',#8005);
#2393=VERTEX_POINT('',#8012);
#2394=VERTEX_POINT('',#8013);
#2395=VERTEX_POINT('',#8015);
#2396=VERTEX_POINT('',#8017);
#2397=VERTEX_POINT('',#8021);
#2398=VERTEX_POINT('',#8022);
#2399=VERTEX_POINT('',#8027);
#2400=VERTEX_POINT('',#8028);
#2401=VERTEX_POINT('',#8033);
#2402=VERTEX_POINT('',#8034);
#2403=VERTEX_POINT('',#8039);
#2404=VERTEX_POINT('',#8040);
#2405=VERTEX_POINT('',#8045);
#2406=VERTEX_POINT('',#8046);
#2407=VERTEX_POINT('',#8051);
#2408=VERTEX_POINT('',#8052);
#2409=VERTEX_POINT('',#8060);
#2410=VERTEX_POINT('',#8062);
#2411=VERTEX_POINT('',#8066);
#2412=VERTEX_POINT('',#8070);
#2413=VERTEX_POINT('',#8074);
#2414=VERTEX_POINT('',#8078);
#2415=VERTEX_POINT('',#8079);
#2416=VERTEX_POINT('',#8081);
#2417=VERTEX_POINT('',#8083);
#2418=VERTEX_POINT('',#8085);
#2419=VERTEX_POINT('',#8087);
#2420=VERTEX_POINT('',#8089);
#2421=VERTEX_POINT('',#8091);
#2422=VERTEX_POINT('',#8095);
#2423=VERTEX_POINT('',#8097);
#2424=VERTEX_POINT('',#8101);
#2425=VERTEX_POINT('',#8105);
#2426=VERTEX_POINT('',#8109);
#2427=VERTEX_POINT('',#8113);
#2428=VERTEX_POINT('',#8117);
#2429=VERTEX_POINT('',#8121);
#2430=VERTEX_POINT('',#8127);
#2431=VERTEX_POINT('',#8129);
#2432=VERTEX_POINT('',#8133);
#2433=VERTEX_POINT('',#8137);
#2434=VERTEX_POINT('',#8141);
#2435=VERTEX_POINT('',#8145);
#2436=VERTEX_POINT('',#8146);
#2437=VERTEX_POINT('',#8148);
#2438=VERTEX_POINT('',#8150);
#2439=VERTEX_POINT('',#8154);
#2440=VERTEX_POINT('',#8156);
#2441=VERTEX_POINT('',#8160);
#2442=VERTEX_POINT('',#8164);
#2443=VERTEX_POINT('',#8170);
#2444=VERTEX_POINT('',#8171);
#2445=VERTEX_POINT('',#8173);
#2446=VERTEX_POINT('',#8175);
#2447=VERTEX_POINT('',#8179);
#2448=VERTEX_POINT('',#8181);
#2449=VERTEX_POINT('',#8185);
#2450=VERTEX_POINT('',#8189);
#2451=VERTEX_POINT('',#8195);
#2452=VERTEX_POINT('',#8196);
#2453=VERTEX_POINT('',#8198);
#2454=VERTEX_POINT('',#8200);
#2455=VERTEX_POINT('',#8204);
#2456=VERTEX_POINT('',#8205);
#2457=VERTEX_POINT('',#8207);
#2458=VERTEX_POINT('',#8209);
#2459=VERTEX_POINT('',#8213);
#2460=VERTEX_POINT('',#8214);
#2461=VERTEX_POINT('',#8216);
#2462=VERTEX_POINT('',#8218);
#2463=VERTEX_POINT('',#8223);
#2464=VERTEX_POINT('',#8225);
#2465=VERTEX_POINT('',#8230);
#2466=VERTEX_POINT('',#8232);
#2467=VERTEX_POINT('',#8244);
#2468=VERTEX_POINT('',#8245);
#2469=VERTEX_POINT('',#8247);
#2470=VERTEX_POINT('',#8249);
#2471=VERTEX_POINT('',#8253);
#2472=VERTEX_POINT('',#8254);
#2473=VERTEX_POINT('',#8256);
#2474=VERTEX_POINT('',#8258);
#2475=VERTEX_POINT('',#8262);
#2476=VERTEX_POINT('',#8263);
#2477=VERTEX_POINT('',#8265);
#2478=VERTEX_POINT('',#8267);
#2479=VERTEX_POINT('',#8272);
#2480=VERTEX_POINT('',#8274);
#2481=VERTEX_POINT('',#8279);
#2482=VERTEX_POINT('',#8281);
#2483=VERTEX_POINT('',#8293);
#2484=VERTEX_POINT('',#8295);
#2485=VERTEX_POINT('',#8299);
#2486=VERTEX_POINT('',#8307);
#2487=VERTEX_POINT('',#8309);
#2488=VERTEX_POINT('',#8314);
#2489=EDGE_CURVE('',#2065,#2065,#1857,.T.);
#2490=EDGE_CURVE('',#2065,#2066,#961,.T.);
#2491=EDGE_CURVE('',#2066,#2066,#1858,.T.);
#2492=EDGE_CURVE('',#2067,#2067,#1859,.T.);
#2493=EDGE_CURVE('',#2067,#2068,#962,.T.);
#2494=EDGE_CURVE('',#2068,#2068,#1860,.T.);
#2495=EDGE_CURVE('',#2069,#2070,#963,.T.);
#2496=EDGE_CURVE('',#2069,#2071,#964,.T.);
#2497=EDGE_CURVE('',#2072,#2071,#965,.T.);
#2498=EDGE_CURVE('',#2070,#2072,#966,.T.);
#2499=EDGE_CURVE('',#2070,#2073,#967,.T.);
#2500=EDGE_CURVE('',#2074,#2072,#968,.T.);
#2501=EDGE_CURVE('',#2073,#2074,#969,.T.);
#2502=EDGE_CURVE('',#2073,#2075,#970,.T.);
#2503=EDGE_CURVE('',#2076,#2074,#971,.T.);
#2504=EDGE_CURVE('',#2075,#2076,#972,.T.);
#2505=EDGE_CURVE('',#2075,#2069,#973,.T.);
#2506=EDGE_CURVE('',#2071,#2076,#974,.T.);
#2507=EDGE_CURVE('',#2077,#2078,#975,.T.);
#2508=EDGE_CURVE('',#2078,#2079,#976,.T.);
#2509=EDGE_CURVE('',#2079,#2080,#977,.T.);
#2510=EDGE_CURVE('',#2080,#2077,#978,.T.);
#2511=EDGE_CURVE('',#2081,#2082,#979,.T.);
#2512=EDGE_CURVE('',#2082,#2083,#980,.T.);
#2513=EDGE_CURVE('',#2083,#2084,#981,.T.);
#2514=EDGE_CURVE('',#2084,#2081,#982,.T.);
#2515=EDGE_CURVE('',#2080,#2083,#983,.T.);
#2516=EDGE_CURVE('',#2077,#2082,#984,.T.);
#2517=EDGE_CURVE('',#2079,#2084,#985,.T.);
#2518=EDGE_CURVE('',#2078,#2081,#986,.T.);
#2519=EDGE_CURVE('',#2085,#2085,#1861,.T.);
#2520=EDGE_CURVE('',#2085,#2086,#987,.T.);
#2521=EDGE_CURVE('',#2086,#2086,#1862,.T.);
#2522=EDGE_CURVE('',#2087,#2087,#1863,.T.);
#2523=EDGE_CURVE('',#2087,#2088,#988,.T.);
#2524=EDGE_CURVE('',#2088,#2088,#1864,.T.);
#2525=EDGE_CURVE('',#2089,#2089,#1865,.T.);
#2526=EDGE_CURVE('',#2089,#2090,#989,.T.);
#2527=EDGE_CURVE('',#2090,#2090,#1866,.T.);
#2528=EDGE_CURVE('',#2091,#2091,#1867,.T.);
#2529=EDGE_CURVE('',#2091,#2092,#990,.T.);
#2530=EDGE_CURVE('',#2092,#2092,#1868,.T.);
#2531=EDGE_CURVE('',#2093,#2094,#991,.T.);
#2532=EDGE_CURVE('',#2094,#2095,#992,.T.);
#2533=EDGE_CURVE('',#2095,#2096,#993,.T.);
#2534=EDGE_CURVE('',#2096,#2093,#994,.T.);
#2535=EDGE_CURVE('',#2097,#2098,#995,.T.);
#2536=EDGE_CURVE('',#2098,#2099,#996,.T.);
#2537=EDGE_CURVE('',#2099,#2100,#997,.T.);
#2538=EDGE_CURVE('',#2100,#2097,#998,.T.);
#2539=EDGE_CURVE('',#2096,#2099,#999,.T.);
#2540=EDGE_CURVE('',#2093,#2098,#1000,.T.);
#2541=EDGE_CURVE('',#2095,#2100,#1001,.T.);
#2542=EDGE_CURVE('',#2094,#2097,#1002,.T.);
#2543=EDGE_CURVE('',#2101,#2102,#1003,.T.);
#2544=EDGE_CURVE('',#2102,#2103,#1004,.T.);
#2545=EDGE_CURVE('',#2103,#2104,#1005,.T.);
#2546=EDGE_CURVE('',#2104,#2101,#1006,.T.);
#2547=EDGE_CURVE('',#2105,#2106,#1007,.T.);
#2548=EDGE_CURVE('',#2106,#2107,#1008,.T.);
#2549=EDGE_CURVE('',#2107,#2108,#1009,.T.);
#2550=EDGE_CURVE('',#2108,#2105,#1010,.T.);
#2551=EDGE_CURVE('',#2104,#2107,#1011,.T.);
#2552=EDGE_CURVE('',#2101,#2106,#1012,.T.);
#2553=EDGE_CURVE('',#2103,#2108,#1013,.T.);
#2554=EDGE_CURVE('',#2102,#2105,#1014,.T.);
#2555=EDGE_CURVE('',#2109,#2110,#1015,.T.);
#2556=EDGE_CURVE('',#2110,#2111,#1016,.T.);
#2557=EDGE_CURVE('',#2111,#2112,#1017,.T.);
#2558=EDGE_CURVE('',#2112,#2109,#1018,.T.);
#2559=EDGE_CURVE('',#2113,#2114,#1019,.T.);
#2560=EDGE_CURVE('',#2114,#2115,#1020,.T.);
#2561=EDGE_CURVE('',#2115,#2116,#1021,.T.);
#2562=EDGE_CURVE('',#2116,#2113,#1022,.T.);
#2563=EDGE_CURVE('',#2112,#2115,#1023,.T.);
#2564=EDGE_CURVE('',#2109,#2114,#1024,.T.);
#2565=EDGE_CURVE('',#2111,#2116,#1025,.T.);
#2566=EDGE_CURVE('',#2110,#2113,#1026,.T.);
#2567=EDGE_CURVE('',#2117,#2118,#1027,.T.);
#2568=EDGE_CURVE('',#2118,#2119,#1028,.T.);
#2569=EDGE_CURVE('',#2119,#2120,#1029,.T.);
#2570=EDGE_CURVE('',#2120,#2117,#1030,.T.);
#2571=EDGE_CURVE('',#2121,#2122,#1031,.T.);
#2572=EDGE_CURVE('',#2122,#2123,#1032,.T.);
#2573=EDGE_CURVE('',#2123,#2124,#1033,.T.);
#2574=EDGE_CURVE('',#2124,#2121,#1034,.T.);
#2575=EDGE_CURVE('',#2120,#2123,#1035,.T.);
#2576=EDGE_CURVE('',#2117,#2122,#1036,.T.);
#2577=EDGE_CURVE('',#2119,#2124,#1037,.T.);
#2578=EDGE_CURVE('',#2118,#2121,#1038,.T.);
#2579=EDGE_CURVE('',#2125,#2125,#1869,.T.);
#2580=EDGE_CURVE('',#2125,#2126,#1039,.T.);
#2581=EDGE_CURVE('',#2126,#2126,#1870,.T.);
#2582=EDGE_CURVE('',#2127,#2127,#1871,.T.);
#2583=EDGE_CURVE('',#2127,#2128,#1040,.T.);
#2584=EDGE_CURVE('',#2128,#2128,#1872,.T.);
#2585=EDGE_CURVE('',#2129,#2129,#1873,.T.);
#2586=EDGE_CURVE('',#2129,#2130,#1041,.T.);
#2587=EDGE_CURVE('',#2130,#2130,#1874,.T.);
#2588=EDGE_CURVE('',#2131,#2131,#1875,.T.);
#2589=EDGE_CURVE('',#2131,#2132,#1042,.T.);
#2590=EDGE_CURVE('',#2132,#2132,#1876,.T.);
#2591=EDGE_CURVE('',#2133,#2133,#1877,.T.);
#2592=EDGE_CURVE('',#2133,#2134,#1043,.T.);
#2593=EDGE_CURVE('',#2134,#2134,#1878,.T.);
#2594=EDGE_CURVE('',#2135,#2135,#1879,.T.);
#2595=EDGE_CURVE('',#2135,#2136,#1044,.T.);
#2596=EDGE_CURVE('',#2136,#2136,#1880,.T.);
#2597=EDGE_CURVE('',#2137,#2137,#1881,.T.);
#2598=EDGE_CURVE('',#2137,#2138,#1045,.T.);
#2599=EDGE_CURVE('',#2138,#2138,#1882,.T.);
#2600=EDGE_CURVE('',#2139,#2139,#1883,.T.);
#2601=EDGE_CURVE('',#2139,#2140,#1046,.T.);
#2602=EDGE_CURVE('',#2140,#2140,#1884,.T.);
#2603=EDGE_CURVE('',#2141,#2141,#1885,.T.);
#2604=EDGE_CURVE('',#2141,#2142,#1047,.T.);
#2605=EDGE_CURVE('',#2142,#2142,#1886,.T.);
#2606=EDGE_CURVE('',#2143,#2144,#1048,.T.);
#2607=EDGE_CURVE('',#2143,#2144,#1887,.T.);
#2608=EDGE_CURVE('',#2145,#2143,#1049,.T.);
#2609=EDGE_CURVE('',#2145,#2143,#1888,.T.);
#2610=EDGE_CURVE('',#2145,#2146,#1050,.T.);
#2611=EDGE_CURVE('',#2146,#2145,#1889,.T.);
#2612=EDGE_CURVE('',#2147,#2146,#1051,.T.);
#2613=EDGE_CURVE('',#2147,#2146,#1890,.T.);
#2614=EDGE_CURVE('',#2148,#2147,#1052,.T.);
#2615=EDGE_CURVE('',#2148,#2147,#1891,.T.);
#2616=EDGE_CURVE('',#2148,#2144,#1053,.T.);
#2617=EDGE_CURVE('',#2144,#2148,#1892,.T.);
#2618=EDGE_CURVE('',#2142,#2143,#1054,.T.);
#2619=EDGE_CURVE('',#2149,#2147,#1055,.T.);
#2620=EDGE_CURVE('',#2150,#2149,#1056,.T.);
#2621=EDGE_CURVE('',#2146,#2150,#1057,.T.);
#2622=EDGE_CURVE('',#2144,#2151,#1058,.T.);
#2623=EDGE_CURVE('',#2152,#2143,#1059,.T.);
#2624=EDGE_CURVE('',#2151,#2152,#1060,.T.);
#2625=EDGE_CURVE('',#2153,#2150,#1061,.T.);
#2626=EDGE_CURVE('',#2153,#2145,#1062,.T.);
#2627=EDGE_CURVE('',#2154,#2151,#1063,.T.);
#2628=EDGE_CURVE('',#2154,#2148,#1064,.T.);
#2629=EDGE_CURVE('',#2149,#2154,#1065,.T.);
#2630=EDGE_CURVE('',#2152,#2153,#1066,.T.);
#2631=EDGE_CURVE('',#2155,#2156,#1067,.T.);
#2632=EDGE_CURVE('',#2157,#2155,#1068,.T.);
#2633=EDGE_CURVE('',#2158,#2157,#1069,.T.);
#2634=EDGE_CURVE('',#2156,#2158,#1070,.T.);
#2635=EDGE_CURVE('',#2159,#2160,#1071,.T.);
#2636=EDGE_CURVE('',#2161,#2159,#1072,.T.);
#2637=EDGE_CURVE('',#2162,#2161,#1073,.T.);
#2638=EDGE_CURVE('',#2160,#2162,#1074,.T.);
#2639=EDGE_CURVE('',#2157,#2163,#1075,.T.);
#2640=EDGE_CURVE('',#2163,#2164,#1076,.T.);
#2641=EDGE_CURVE('',#2164,#2158,#1077,.T.);
#2642=EDGE_CURVE('',#2160,#2165,#1078,.T.);
#2643=EDGE_CURVE('',#2165,#2166,#1079,.T.);
#2644=EDGE_CURVE('',#2166,#2159,#1080,.T.);
#2645=EDGE_CURVE('',#2155,#2165,#1081,.T.);
#2646=EDGE_CURVE('',#2162,#2163,#1082,.T.);
#2647=EDGE_CURVE('',#2167,#2167,#1893,.T.);
#2648=EDGE_CURVE('',#2166,#2156,#1083,.T.);
#2649=EDGE_CURVE('',#2164,#2161,#1084,.T.);
#2650=EDGE_CURVE('',#2167,#2168,#1085,.T.);
#2651=EDGE_CURVE('',#2168,#2168,#1894,.T.);
#2652=EDGE_CURVE('',#2169,#2169,#1895,.T.);
#2653=EDGE_CURVE('',#2169,#2170,#1086,.T.);
#2654=EDGE_CURVE('',#2170,#2170,#1896,.T.);
#2655=EDGE_CURVE('',#2171,#2172,#1087,.T.);
#2656=EDGE_CURVE('',#2171,#2172,#1897,.T.);
#2657=EDGE_CURVE('',#2173,#2171,#1088,.T.);
#2658=EDGE_CURVE('',#2173,#2171,#1898,.T.);
#2659=EDGE_CURVE('',#2173,#2174,#1089,.T.);
#2660=EDGE_CURVE('',#2174,#2173,#1899,.T.);
#2661=EDGE_CURVE('',#2175,#2174,#1090,.T.);
#2662=EDGE_CURVE('',#2175,#2174,#1900,.T.);
#2663=EDGE_CURVE('',#2176,#2175,#1091,.T.);
#2664=EDGE_CURVE('',#2176,#2175,#1901,.T.);
#2665=EDGE_CURVE('',#2176,#2172,#1092,.T.);
#2666=EDGE_CURVE('',#2172,#2176,#1902,.T.);
#2667=EDGE_CURVE('',#2170,#2171,#1093,.T.);
#2668=EDGE_CURVE('',#2177,#2175,#1094,.T.);
#2669=EDGE_CURVE('',#2178,#2177,#1095,.T.);
#2670=EDGE_CURVE('',#2174,#2178,#1096,.T.);
#2671=EDGE_CURVE('',#2172,#2179,#1097,.T.);
#2672=EDGE_CURVE('',#2180,#2171,#1098,.T.);
#2673=EDGE_CURVE('',#2179,#2180,#1099,.T.);
#2674=EDGE_CURVE('',#2181,#2178,#1100,.T.);
#2675=EDGE_CURVE('',#2181,#2173,#1101,.T.);
#2676=EDGE_CURVE('',#2182,#2179,#1102,.T.);
#2677=EDGE_CURVE('',#2182,#2176,#1103,.T.);
#2678=EDGE_CURVE('',#2177,#2182,#1104,.T.);
#2679=EDGE_CURVE('',#2180,#2181,#1105,.T.);
#2680=EDGE_CURVE('',#2183,#2184,#1106,.T.);
#2681=EDGE_CURVE('',#2185,#2183,#1107,.T.);
#2682=EDGE_CURVE('',#2186,#2185,#1108,.T.);
#2683=EDGE_CURVE('',#2184,#2186,#1109,.T.);
#2684=EDGE_CURVE('',#2187,#2188,#1110,.T.);
#2685=EDGE_CURVE('',#2189,#2187,#1111,.T.);
#2686=EDGE_CURVE('',#2190,#2189,#1112,.T.);
#2687=EDGE_CURVE('',#2188,#2190,#1113,.T.);
#2688=EDGE_CURVE('',#2185,#2191,#1114,.T.);
#2689=EDGE_CURVE('',#2191,#2192,#1115,.T.);
#2690=EDGE_CURVE('',#2192,#2186,#1116,.T.);
#2691=EDGE_CURVE('',#2188,#2193,#1117,.T.);
#2692=EDGE_CURVE('',#2193,#2194,#1118,.T.);
#2693=EDGE_CURVE('',#2194,#2187,#1119,.T.);
#2694=EDGE_CURVE('',#2183,#2193,#1120,.T.);
#2695=EDGE_CURVE('',#2190,#2191,#1121,.T.);
#2696=EDGE_CURVE('',#2195,#2195,#1903,.T.);
#2697=EDGE_CURVE('',#2194,#2184,#1122,.T.);
#2698=EDGE_CURVE('',#2192,#2189,#1123,.T.);
#2699=EDGE_CURVE('',#2195,#2196,#1124,.T.);
#2700=EDGE_CURVE('',#2196,#2196,#1904,.T.);
#2701=EDGE_CURVE('',#2197,#2197,#1905,.T.);
#2702=EDGE_CURVE('',#2197,#2198,#1125,.T.);
#2703=EDGE_CURVE('',#2198,#2198,#1906,.T.);
#2704=EDGE_CURVE('',#2199,#2199,#1907,.T.);
#2705=EDGE_CURVE('',#2199,#2200,#1908,.T.);
#2706=EDGE_CURVE('',#2200,#2200,#1909,.T.);
#2707=EDGE_CURVE('',#2198,#2199,#1126,.T.);
#2708=EDGE_CURVE('',#2201,#2201,#1910,.T.);
#2709=EDGE_CURVE('',#2202,#2202,#1911,.T.);
#2710=EDGE_CURVE('',#2202,#2203,#1127,.T.);
#2711=EDGE_CURVE('',#2203,#2203,#1912,.T.);
#2712=EDGE_CURVE('',#2204,#2204,#1913,.T.);
#2713=EDGE_CURVE('',#2204,#2205,#1914,.T.);
#2714=EDGE_CURVE('',#2205,#2205,#1915,.T.);
#2715=EDGE_CURVE('',#2203,#2204,#1128,.T.);
#2716=EDGE_CURVE('',#2206,#2206,#1916,.T.);
#2717=EDGE_CURVE('',#2207,#2208,#1129,.T.);
#2718=EDGE_CURVE('',#2207,#2209,#1130,.T.);
#2719=EDGE_CURVE('',#2210,#2209,#1131,.T.);
#2720=EDGE_CURVE('',#2211,#2210,#1132,.T.);
#2721=EDGE_CURVE('',#2212,#2211,#1133,.T.);
#2722=EDGE_CURVE('',#2213,#2212,#31,.T.);
#2723=EDGE_CURVE('',#2214,#2213,#1134,.T.);
#2724=EDGE_CURVE('',#2215,#2214,#32,.T.);
#2725=EDGE_CURVE('',#2216,#2215,#1135,.T.);
#2726=EDGE_CURVE('',#2208,#2216,#1136,.T.);
#2727=EDGE_CURVE('',#2207,#2217,#1917,.T.);
#2728=EDGE_CURVE('',#2218,#2217,#1137,.T.);
#2729=EDGE_CURVE('',#2218,#2219,#1918,.T.);
#2730=EDGE_CURVE('',#2219,#2209,#1919,.T.);
#2731=EDGE_CURVE('',#2220,#2217,#1138,.T.);
#2732=EDGE_CURVE('',#2221,#2220,#1139,.T.);
#2733=EDGE_CURVE('',#2222,#2221,#1140,.T.);
#2734=EDGE_CURVE('',#2223,#2222,#33,.T.);
#2735=EDGE_CURVE('',#2224,#2223,#1141,.T.);
#2736=EDGE_CURVE('',#2225,#2224,#34,.T.);
#2737=EDGE_CURVE('',#2226,#2225,#1142,.T.);
#2738=EDGE_CURVE('',#2227,#2226,#1143,.T.);
#2739=EDGE_CURVE('',#2218,#2227,#1144,.T.);
#2740=EDGE_CURVE('',#2223,#2224,#1920,.T.);
#2741=EDGE_CURVE('',#2213,#2214,#1921,.T.);
#2742=EDGE_CURVE('',#2222,#2225,#1922,.T.);
#2743=EDGE_CURVE('',#2212,#2215,#1923,.T.);
#2744=EDGE_CURVE('',#2226,#2221,#1924,.T.);
#2745=EDGE_CURVE('',#2216,#2211,#1925,.T.);
#2746=EDGE_CURVE('',#2217,#2218,#1926,.T.);
#2747=EDGE_CURVE('',#2220,#2227,#1927,.T.);
#2748=EDGE_CURVE('',#2210,#2208,#1928,.T.);
#2749=EDGE_CURVE('',#2209,#2207,#1929,.T.);
#2750=EDGE_CURVE('',#2219,#2228,#1930,.T.);
#2751=EDGE_CURVE('',#2228,#2228,#1931,.T.);
#2752=EDGE_CURVE('',#2229,#2229,#1932,.T.);
#2753=EDGE_CURVE('',#2230,#2231,#1145,.T.);
#2754=EDGE_CURVE('',#2230,#2232,#1146,.T.);
#2755=EDGE_CURVE('',#2233,#2232,#1147,.T.);
#2756=EDGE_CURVE('',#2234,#2233,#1148,.T.);
#2757=EDGE_CURVE('',#2235,#2234,#1149,.T.);
#2758=EDGE_CURVE('',#2236,#2235,#35,.T.);
#2759=EDGE_CURVE('',#2237,#2236,#1150,.T.);
#2760=EDGE_CURVE('',#2238,#2237,#36,.T.);
#2761=EDGE_CURVE('',#2239,#2238,#1151,.T.);
#2762=EDGE_CURVE('',#2231,#2239,#1152,.T.);
#2763=EDGE_CURVE('',#2230,#2240,#1933,.T.);
#2764=EDGE_CURVE('',#2241,#2240,#1153,.T.);
#2765=EDGE_CURVE('',#2241,#2242,#1934,.T.);
#2766=EDGE_CURVE('',#2242,#2232,#1935,.T.);
#2767=EDGE_CURVE('',#2243,#2240,#1154,.T.);
#2768=EDGE_CURVE('',#2244,#2243,#1155,.T.);
#2769=EDGE_CURVE('',#2245,#2244,#1156,.T.);
#2770=EDGE_CURVE('',#2246,#2245,#37,.T.);
#2771=EDGE_CURVE('',#2247,#2246,#1157,.T.);
#2772=EDGE_CURVE('',#2248,#2247,#38,.T.);
#2773=EDGE_CURVE('',#2249,#2248,#1158,.T.);
#2774=EDGE_CURVE('',#2250,#2249,#1159,.T.);
#2775=EDGE_CURVE('',#2241,#2250,#1160,.T.);
#2776=EDGE_CURVE('',#2246,#2247,#1936,.T.);
#2777=EDGE_CURVE('',#2236,#2237,#1937,.T.);
#2778=EDGE_CURVE('',#2245,#2248,#1938,.T.);
#2779=EDGE_CURVE('',#2235,#2238,#1939,.T.);
#2780=EDGE_CURVE('',#2249,#2244,#1940,.T.);
#2781=EDGE_CURVE('',#2239,#2234,#1941,.T.);
#2782=EDGE_CURVE('',#2240,#2241,#1942,.T.);
#2783=EDGE_CURVE('',#2243,#2250,#1943,.T.);
#2784=EDGE_CURVE('',#2233,#2231,#1944,.T.);
#2785=EDGE_CURVE('',#2232,#2230,#1945,.T.);
#2786=EDGE_CURVE('',#2242,#2251,#1946,.T.);
#2787=EDGE_CURVE('',#2251,#2251,#1947,.T.);
#2788=EDGE_CURVE('',#2252,#2252,#1948,.T.);
#2789=EDGE_CURVE('',#2201,#2253,#1161,.T.);
#2790=EDGE_CURVE('',#2253,#2253,#1949,.T.);
#2791=EDGE_CURVE('',#2206,#2254,#1162,.T.);
#2792=EDGE_CURVE('',#2254,#2254,#1950,.T.);
#2793=EDGE_CURVE('',#2229,#2255,#1163,.T.);
#2794=EDGE_CURVE('',#2255,#2255,#1951,.T.);
#2795=EDGE_CURVE('',#2252,#2256,#1164,.T.);
#2796=EDGE_CURVE('',#2256,#2256,#1952,.T.);
#2797=EDGE_CURVE('',#2257,#2258,#1165,.T.);
#2798=EDGE_CURVE('',#2257,#2259,#1953,.T.);
#2799=EDGE_CURVE('',#2260,#2259,#1166,.T.);
#2800=EDGE_CURVE('',#2260,#2258,#1954,.T.);
#2801=EDGE_CURVE('',#2261,#2257,#1167,.T.);
#2802=EDGE_CURVE('',#2262,#2261,#1955,.T.);
#2803=EDGE_CURVE('',#2259,#2262,#1168,.T.);
#2804=EDGE_CURVE('',#2258,#2263,#1169,.T.);
#2805=EDGE_CURVE('',#2264,#2260,#1170,.T.);
#2806=EDGE_CURVE('',#2263,#2264,#1956,.T.);
#2807=EDGE_CURVE('',#2262,#2265,#1171,.T.);
#2808=EDGE_CURVE('',#2265,#2266,#1172,.T.);
#2809=EDGE_CURVE('',#2266,#2267,#1173,.T.);
#2810=EDGE_CURVE('',#2267,#2268,#1174,.T.);
#2811=EDGE_CURVE('',#2268,#2269,#1175,.T.);
#2812=EDGE_CURVE('',#2269,#2270,#1176,.T.);
#2813=EDGE_CURVE('',#2270,#2271,#1177,.T.);
#2814=EDGE_CURVE('',#2271,#2272,#1178,.T.);
#2815=EDGE_CURVE('',#2272,#2273,#1179,.T.);
#2816=EDGE_CURVE('',#2274,#2273,#1180,.T.);
#2817=EDGE_CURVE('',#2275,#2274,#1181,.T.);
#2818=EDGE_CURVE('',#2275,#2276,#1182,.T.);
#2819=EDGE_CURVE('',#2276,#2264,#1183,.T.);
#2820=EDGE_CURVE('',#2277,#2261,#1184,.T.);
#2821=EDGE_CURVE('',#2277,#2265,#1957,.T.);
#2822=EDGE_CURVE('',#2263,#2276,#1185,.T.);
#2823=EDGE_CURVE('',#2278,#2277,#1186,.T.);
#2824=EDGE_CURVE('',#2266,#2278,#1958,.T.);
#2825=EDGE_CURVE('',#2279,#2278,#1187,.T.);
#2826=EDGE_CURVE('',#2279,#2280,#1959,.T.);
#2827=EDGE_CURVE('',#2280,#2281,#1188,.T.);
#2828=EDGE_CURVE('',#2281,#2282,#1189,.T.);
#2829=EDGE_CURVE('',#2282,#2283,#1190,.T.);
#2830=EDGE_CURVE('',#2283,#2284,#1191,.T.);
#2831=EDGE_CURVE('',#2284,#2285,#1192,.T.);
#2832=EDGE_CURVE('',#2285,#2286,#1960,.T.);
#2833=EDGE_CURVE('',#2287,#2286,#1193,.T.);
#2834=EDGE_CURVE('',#2287,#2267,#1961,.T.);
#2835=EDGE_CURVE('',#2288,#2289,#1194,.T.);
#2836=EDGE_CURVE('',#2288,#2271,#1962,.T.);
#2837=EDGE_CURVE('',#2270,#2289,#1963,.T.);
#2838=EDGE_CURVE('',#2290,#2288,#1195,.T.);
#2839=EDGE_CURVE('',#2272,#2290,#1964,.T.);
#2840=EDGE_CURVE('',#2289,#2291,#1196,.T.);
#2841=EDGE_CURVE('',#2291,#2269,#1965,.T.);
#2842=EDGE_CURVE('',#2273,#2290,#1197,.T.);
#2843=EDGE_CURVE('',#2292,#2287,#1198,.T.);
#2844=EDGE_CURVE('',#2268,#2292,#1966,.T.);
#2845=EDGE_CURVE('',#2291,#2292,#1199,.T.);
#2846=EDGE_CURVE('',#2286,#2293,#1200,.T.);
#2847=EDGE_CURVE('',#2293,#2294,#1201,.T.);
#2848=EDGE_CURVE('',#2294,#2295,#1202,.T.);
#2849=EDGE_CURVE('',#2295,#2296,#1203,.T.);
#2850=EDGE_CURVE('',#2296,#2297,#1204,.T.);
#2851=EDGE_CURVE('',#2274,#2297,#1205,.T.);
#2852=EDGE_CURVE('',#2298,#2299,#1206,.T.);
#2853=EDGE_CURVE('',#2300,#2298,#1967,.T.);
#2854=EDGE_CURVE('',#2301,#2300,#1207,.T.);
#2855=EDGE_CURVE('',#2299,#2301,#1968,.T.);
#2856=EDGE_CURVE('',#2299,#2302,#1969,.T.);
#2857=EDGE_CURVE('',#2302,#2301,#1208,.T.);
#2858=EDGE_CURVE('',#2303,#2275,#1209,.T.);
#2859=EDGE_CURVE('',#2303,#2302,#1210,.T.);
#2860=EDGE_CURVE('',#2300,#2304,#1211,.T.);
#2861=EDGE_CURVE('',#2304,#2279,#1212,.T.);
#2862=EDGE_CURVE('',#2305,#2298,#1970,.T.);
#2863=EDGE_CURVE('',#2305,#2304,#1971,.T.);
#2864=EDGE_CURVE('',#2306,#2305,#1213,.T.);
#2865=EDGE_CURVE('',#2307,#2306,#1972,.T.);
#2866=EDGE_CURVE('',#2280,#2307,#1214,.T.);
#2867=EDGE_CURVE('',#2308,#2307,#1215,.T.);
#2868=EDGE_CURVE('',#2308,#2281,#1216,.T.);
#2869=EDGE_CURVE('',#2306,#2309,#1973,.T.);
#2870=EDGE_CURVE('',#2309,#2310,#1974,.T.);
#2871=EDGE_CURVE('',#2310,#2311,#1217,.T.);
#2872=EDGE_CURVE('',#2311,#2312,#1975,.T.);
#2873=EDGE_CURVE('',#2312,#2313,#1218,.T.);
#2874=EDGE_CURVE('',#2313,#2314,#1976,.T.);
#2875=EDGE_CURVE('',#2314,#2315,#1219,.T.);
#2876=EDGE_CURVE('',#2315,#2316,#1977,.T.);
#2877=EDGE_CURVE('',#2316,#2317,#1220,.T.);
#2878=EDGE_CURVE('',#2317,#2318,#1978,.T.);
#2879=EDGE_CURVE('',#2318,#2319,#1221,.T.);
#2880=EDGE_CURVE('',#2319,#2320,#1979,.T.);
#2881=EDGE_CURVE('',#2320,#2321,#1222,.T.);
#2882=EDGE_CURVE('',#2321,#2322,#1980,.T.);
#2883=EDGE_CURVE('',#2322,#2323,#1223,.T.);
#2884=EDGE_CURVE('',#2323,#2324,#1981,.T.);
#2885=EDGE_CURVE('',#2324,#2325,#1224,.T.);
#2886=EDGE_CURVE('',#2325,#2326,#1982,.T.);
#2887=EDGE_CURVE('',#2326,#2327,#1225,.T.);
#2888=EDGE_CURVE('',#2327,#2328,#1983,.T.);
#2889=EDGE_CURVE('',#2328,#2329,#1984,.T.);
#2890=EDGE_CURVE('',#2329,#2330,#1985,.T.);
#2891=EDGE_CURVE('',#2330,#2331,#1226,.T.);
#2892=EDGE_CURVE('',#2331,#2332,#1227,.T.);
#2893=EDGE_CURVE('',#2332,#2333,#1228,.T.);
#2894=EDGE_CURVE('',#2333,#2308,#1229,.T.);
#2895=EDGE_CURVE('',#2334,#2294,#1986,.T.);
#2896=EDGE_CURVE('',#2335,#2334,#1230,.T.);
#2897=EDGE_CURVE('',#2295,#2335,#1987,.T.);
#2898=EDGE_CURVE('',#2296,#2335,#1988,.T.);
#2899=EDGE_CURVE('',#2334,#2336,#1989,.T.);
#2900=EDGE_CURVE('',#2336,#2329,#1231,.T.);
#2901=EDGE_CURVE('',#2337,#2328,#1232,.T.);
#2902=EDGE_CURVE('',#2338,#2337,#1990,.T.);
#2903=EDGE_CURVE('',#2338,#2339,#1233,.T.);
#2904=EDGE_CURVE('',#2339,#2297,#1991,.T.);
#2905=EDGE_CURVE('',#2330,#2285,#1234,.T.);
#2906=EDGE_CURVE('',#2293,#2336,#1992,.T.);
#2907=EDGE_CURVE('',#2283,#2332,#1235,.T.);
#2908=EDGE_CURVE('',#2284,#2331,#1236,.T.);
#2909=EDGE_CURVE('',#2282,#2333,#1237,.T.);
#2910=EDGE_CURVE('',#2340,#2339,#1238,.T.);
#2911=EDGE_CURVE('',#2341,#2340,#1239,.T.);
#2912=EDGE_CURVE('',#2342,#2341,#1240,.T.);
#2913=EDGE_CURVE('',#2303,#2342,#1993,.T.);
#2914=EDGE_CURVE('',#2342,#2343,#1241,.T.);
#2915=EDGE_CURVE('',#2344,#2341,#1242,.T.);
#2916=EDGE_CURVE('',#2343,#2344,#1243,.T.);
#2917=EDGE_CURVE('',#2344,#2345,#1244,.T.);
#2918=EDGE_CURVE('',#2345,#2340,#1245,.T.);
#2919=EDGE_CURVE('',#2345,#2338,#1246,.T.);
#2920=EDGE_CURVE('',#2346,#2343,#1994,.T.);
#2921=EDGE_CURVE('',#2309,#2346,#1247,.T.);
#2922=EDGE_CURVE('',#2347,#2348,#1995,.T.);
#2923=EDGE_CURVE('',#2314,#2347,#1248,.T.);
#2924=EDGE_CURVE('',#2348,#2313,#1249,.T.);
#2925=EDGE_CURVE('',#2349,#2347,#1250,.T.);
#2926=EDGE_CURVE('',#2349,#2315,#1251,.T.);
#2927=EDGE_CURVE('',#2337,#2350,#1996,.T.);
#2928=EDGE_CURVE('',#2350,#2351,#1252,.T.);
#2929=EDGE_CURVE('',#2351,#2352,#1997,.T.);
#2930=EDGE_CURVE('',#2352,#2353,#1253,.T.);
#2931=EDGE_CURVE('',#2353,#2354,#1998,.T.);
#2932=EDGE_CURVE('',#2354,#2355,#1254,.T.);
#2933=EDGE_CURVE('',#2355,#2356,#1999,.T.);
#2934=EDGE_CURVE('',#2356,#2357,#1255,.T.);
#2935=EDGE_CURVE('',#2357,#2358,#2000,.T.);
#2936=EDGE_CURVE('',#2358,#2359,#1256,.T.);
#2937=EDGE_CURVE('',#2359,#2360,#2001,.T.);
#2938=EDGE_CURVE('',#2360,#2361,#1257,.T.);
#2939=EDGE_CURVE('',#2361,#2349,#2002,.T.);
#2940=EDGE_CURVE('',#2348,#2362,#1258,.T.);
#2941=EDGE_CURVE('',#2362,#2363,#2003,.T.);
#2942=EDGE_CURVE('',#2363,#2364,#1259,.T.);
#2943=EDGE_CURVE('',#2364,#2346,#2004,.T.);
#2944=EDGE_CURVE('',#2316,#2361,#1260,.T.);
#2945=EDGE_CURVE('',#2363,#2311,#1261,.T.);
#2946=EDGE_CURVE('',#2362,#2312,#1262,.T.);
#2947=EDGE_CURVE('',#2360,#2317,#1263,.T.);
#2948=EDGE_CURVE('',#2324,#2353,#1264,.T.);
#2949=EDGE_CURVE('',#2354,#2323,#1265,.T.);
#2950=EDGE_CURVE('',#2355,#2322,#1266,.T.);
#2951=EDGE_CURVE('',#2356,#2321,#1267,.T.);
#2952=EDGE_CURVE('',#2326,#2351,#1268,.T.);
#2953=EDGE_CURVE('',#2352,#2325,#1269,.T.);
#2954=EDGE_CURVE('',#2357,#2320,#1270,.T.);
#2955=EDGE_CURVE('',#2364,#2310,#1271,.T.);
#2956=EDGE_CURVE('',#2359,#2318,#1272,.T.);
#2957=EDGE_CURVE('',#2350,#2327,#1273,.T.);
#2958=EDGE_CURVE('',#2358,#2319,#1274,.T.);
#2959=EDGE_CURVE('',#2365,#2366,#1275,.T.);
#2960=EDGE_CURVE('',#2366,#2367,#1276,.T.);
#2961=EDGE_CURVE('',#2367,#2368,#1277,.T.);
#2962=EDGE_CURVE('',#2368,#2365,#1278,.T.);
#2963=EDGE_CURVE('',#2369,#2370,#1279,.T.);
#2964=EDGE_CURVE('',#2370,#2371,#1280,.T.);
#2965=EDGE_CURVE('',#2371,#2372,#1281,.T.);
#2966=EDGE_CURVE('',#2372,#2369,#1282,.T.);
#2967=EDGE_CURVE('',#2373,#2367,#1283,.T.);
#2968=EDGE_CURVE('',#2374,#2373,#1284,.T.);
#2969=EDGE_CURVE('',#2368,#2374,#1285,.T.);
#2970=EDGE_CURVE('',#2375,#2369,#1286,.T.);
#2971=EDGE_CURVE('',#2376,#2375,#1287,.T.);
#2972=EDGE_CURVE('',#2370,#2376,#1288,.T.);
#2973=EDGE_CURVE('',#2371,#2374,#1289,.T.);
#2974=EDGE_CURVE('',#2365,#2376,#1290,.T.);
#2975=EDGE_CURVE('',#2375,#2366,#1291,.T.);
#2976=EDGE_CURVE('',#2373,#2372,#1292,.T.);
#2977=EDGE_CURVE('',#2377,#2378,#1293,.T.);
#2978=EDGE_CURVE('',#2378,#2379,#1294,.T.);
#2979=EDGE_CURVE('',#2379,#2380,#1295,.T.);
#2980=EDGE_CURVE('',#2380,#2377,#1296,.T.);
#2981=EDGE_CURVE('',#2381,#2382,#1297,.T.);
#2982=EDGE_CURVE('',#2382,#2383,#1298,.T.);
#2983=EDGE_CURVE('',#2383,#2384,#1299,.T.);
#2984=EDGE_CURVE('',#2384,#2381,#1300,.T.);
#2985=EDGE_CURVE('',#2385,#2379,#1301,.T.);
#2986=EDGE_CURVE('',#2386,#2385,#1302,.T.);
#2987=EDGE_CURVE('',#2380,#2386,#1303,.T.);
#2988=EDGE_CURVE('',#2387,#2381,#1304,.T.);
#2989=EDGE_CURVE('',#2388,#2387,#1305,.T.);
#2990=EDGE_CURVE('',#2382,#2388,#1306,.T.);
#2991=EDGE_CURVE('',#2383,#2386,#1307,.T.);
#2992=EDGE_CURVE('',#2377,#2388,#1308,.T.);
#2993=EDGE_CURVE('',#2387,#2378,#1309,.T.);
#2994=EDGE_CURVE('',#2385,#2384,#1310,.T.);
#2995=EDGE_CURVE('',#2389,#2389,#2005,.T.);
#2996=EDGE_CURVE('',#2389,#2390,#1311,.T.);
#2997=EDGE_CURVE('',#2390,#2390,#2006,.T.);
#2998=EDGE_CURVE('',#2391,#2391,#2007,.T.);
#2999=EDGE_CURVE('',#2391,#2392,#1312,.T.);
#3000=EDGE_CURVE('',#2392,#2392,#2008,.T.);
#3001=EDGE_CURVE('',#2393,#2394,#2009,.T.);
#3002=EDGE_CURVE('',#2394,#2395,#2010,.T.);
#3003=EDGE_CURVE('',#2395,#2396,#2011,.T.);
#3004=EDGE_CURVE('',#2396,#2393,#2012,.T.);
#3005=EDGE_CURVE('',#2397,#2398,#2013,.T.);
#3006=EDGE_CURVE('',#2398,#2396,#1313,.T.);
#3007=EDGE_CURVE('',#2395,#2397,#1314,.T.);
#3008=EDGE_CURVE('',#2399,#2400,#2014,.T.);
#3009=EDGE_CURVE('',#2400,#2398,#2015,.T.);
#3010=EDGE_CURVE('',#2397,#2399,#2016,.T.);
#3011=EDGE_CURVE('',#2401,#2402,#2017,.T.);
#3012=EDGE_CURVE('',#2402,#2400,#1315,.T.);
#3013=EDGE_CURVE('',#2399,#2401,#1316,.T.);
#3014=EDGE_CURVE('',#2403,#2404,#2018,.T.);
#3015=EDGE_CURVE('',#2404,#2402,#2019,.T.);
#3016=EDGE_CURVE('',#2401,#2403,#2020,.T.);
#3017=EDGE_CURVE('',#2405,#2406,#2021,.T.);
#3018=EDGE_CURVE('',#2406,#2404,#1317,.T.);
#3019=EDGE_CURVE('',#2403,#2405,#1318,.T.);
#3020=EDGE_CURVE('',#2407,#2408,#2022,.T.);
#3021=EDGE_CURVE('',#2408,#2406,#2023,.T.);
#3022=EDGE_CURVE('',#2405,#2407,#2024,.T.);
#3023=EDGE_CURVE('',#2393,#2408,#1319,.T.);
#3024=EDGE_CURVE('',#2407,#2394,#1320,.T.);
#3025=EDGE_CURVE('',#2399,#2409,#1321,.T.);
#3026=EDGE_CURVE('',#2410,#2409,#1322,.T.);
#3027=EDGE_CURVE('',#2401,#2410,#1323,.T.);
#3028=EDGE_CURVE('',#2397,#2411,#1324,.T.);
#3029=EDGE_CURVE('',#2409,#2411,#2025,.T.);
#3030=EDGE_CURVE('',#2395,#2412,#1325,.T.);
#3031=EDGE_CURVE('',#2411,#2412,#1326,.T.);
#3032=EDGE_CURVE('',#2394,#2413,#1327,.T.);
#3033=EDGE_CURVE('',#2412,#2413,#2026,.T.);
#3034=EDGE_CURVE('',#2414,#2415,#2027,.T.);
#3035=EDGE_CURVE('',#2416,#2414,#1328,.T.);
#3036=EDGE_CURVE('',#2417,#2416,#2028,.T.);
#3037=EDGE_CURVE('',#2418,#2417,#1329,.T.);
#3038=EDGE_CURVE('',#2419,#2418,#2029,.T.);
#3039=EDGE_CURVE('',#2420,#2419,#1330,.T.);
#3040=EDGE_CURVE('',#2421,#2420,#2030,.T.);
#3041=EDGE_CURVE('',#2415,#2421,#1331,.T.);
#3042=EDGE_CURVE('',#2415,#2422,#2031,.T.);
#3043=EDGE_CURVE('',#2422,#2423,#2032,.T.);
#3044=EDGE_CURVE('',#2423,#2414,#2033,.T.);
#3045=EDGE_CURVE('',#2424,#2416,#2034,.T.);
#3046=EDGE_CURVE('',#2423,#2424,#1332,.T.);
#3047=EDGE_CURVE('',#2425,#2417,#2035,.T.);
#3048=EDGE_CURVE('',#2424,#2425,#2036,.T.);
#3049=EDGE_CURVE('',#2426,#2418,#2037,.T.);
#3050=EDGE_CURVE('',#2425,#2426,#1333,.T.);
#3051=EDGE_CURVE('',#2427,#2419,#2038,.T.);
#3052=EDGE_CURVE('',#2426,#2427,#2039,.T.);
#3053=EDGE_CURVE('',#2428,#2420,#2040,.T.);
#3054=EDGE_CURVE('',#2427,#2428,#1334,.T.);
#3055=EDGE_CURVE('',#2429,#2421,#2041,.T.);
#3056=EDGE_CURVE('',#2428,#2429,#2042,.T.);
#3057=EDGE_CURVE('',#2429,#2422,#1335,.T.);
#3058=EDGE_CURVE('',#2425,#2430,#1336,.T.);
#3059=EDGE_CURVE('',#2431,#2430,#1337,.T.);
#3060=EDGE_CURVE('',#2426,#2431,#1338,.T.);
#3061=EDGE_CURVE('',#2424,#2432,#1339,.T.);
#3062=EDGE_CURVE('',#2430,#2432,#2043,.T.);
#3063=EDGE_CURVE('',#2423,#2433,#1340,.T.);
#3064=EDGE_CURVE('',#2432,#2433,#1341,.T.);
#3065=EDGE_CURVE('',#2422,#2434,#1342,.T.);
#3066=EDGE_CURVE('',#2433,#2434,#2044,.T.);
#3067=EDGE_CURVE('',#2435,#2436,#1343,.T.);
#3068=EDGE_CURVE('',#2437,#2435,#1344,.T.);
#3069=EDGE_CURVE('',#2437,#2438,#1345,.T.);
#3070=EDGE_CURVE('',#2438,#2436,#1346,.T.);
#3071=EDGE_CURVE('',#2436,#2439,#1347,.T.);
#3072=EDGE_CURVE('',#2438,#2440,#1348,.T.);
#3073=EDGE_CURVE('',#2440,#2439,#1349,.T.);
#3074=EDGE_CURVE('',#2441,#2437,#1350,.T.);
#3075=EDGE_CURVE('',#2440,#2441,#1351,.T.);
#3076=EDGE_CURVE('',#2439,#2442,#1352,.T.);
#3077=EDGE_CURVE('',#2441,#2442,#1353,.T.);
#3078=EDGE_CURVE('',#2442,#2435,#1354,.T.);
#3079=EDGE_CURVE('',#2443,#2444,#1355,.T.);
#3080=EDGE_CURVE('',#2445,#2443,#1356,.T.);
#3081=EDGE_CURVE('',#2445,#2446,#1357,.T.);
#3082=EDGE_CURVE('',#2446,#2444,#1358,.T.);
#3083=EDGE_CURVE('',#2444,#2447,#1359,.T.);
#3084=EDGE_CURVE('',#2446,#2448,#1360,.T.);
#3085=EDGE_CURVE('',#2448,#2447,#1361,.T.);
#3086=EDGE_CURVE('',#2449,#2445,#1362,.T.);
#3087=EDGE_CURVE('',#2448,#2449,#1363,.T.);
#3088=EDGE_CURVE('',#2447,#2450,#1364,.T.);
#3089=EDGE_CURVE('',#2449,#2450,#1365,.T.);
#3090=EDGE_CURVE('',#2450,#2443,#1366,.T.);
#3091=EDGE_CURVE('',#2451,#2452,#1367,.T.);
#3092=EDGE_CURVE('',#2453,#2452,#2045,.T.);
#3093=EDGE_CURVE('',#2454,#2453,#1368,.T.);
#3094=EDGE_CURVE('',#2451,#2454,#2046,.T.);
#3095=EDGE_CURVE('',#2455,#2456,#1369,.T.);
#3096=EDGE_CURVE('',#2457,#2456,#2047,.T.);
#3097=EDGE_CURVE('',#2458,#2457,#1370,.T.);
#3098=EDGE_CURVE('',#2455,#2458,#2048,.T.);
#3099=EDGE_CURVE('',#2459,#2460,#1371,.T.);
#3100=EDGE_CURVE('',#2461,#2459,#2049,.T.);
#3101=EDGE_CURVE('',#2461,#2462,#1372,.T.);
#3102=EDGE_CURVE('',#2460,#2462,#2050,.T.);
#3103=EDGE_CURVE('',#2452,#2457,#1373,.T.);
#3104=EDGE_CURVE('',#2456,#2463,#1374,.T.);
#3105=EDGE_CURVE('',#2463,#2464,#2051,.T.);
#3106=EDGE_CURVE('',#2464,#2460,#1375,.T.);
#3107=EDGE_CURVE('',#2462,#2453,#1376,.T.);
#3108=EDGE_CURVE('',#2465,#2463,#1377,.T.);
#3109=EDGE_CURVE('',#2466,#2465,#2052,.T.);
#3110=EDGE_CURVE('',#2466,#2464,#1378,.T.);
#3111=EDGE_CURVE('',#2459,#2466,#1379,.T.);
#3112=EDGE_CURVE('',#2458,#2451,#1380,.T.);
#3113=EDGE_CURVE('',#2465,#2455,#1381,.T.);
#3114=EDGE_CURVE('',#2454,#2461,#1382,.T.);
#3115=EDGE_CURVE('',#2467,#2468,#1383,.T.);
#3116=EDGE_CURVE('',#2469,#2468,#2053,.T.);
#3117=EDGE_CURVE('',#2470,#2469,#1384,.T.);
#3118=EDGE_CURVE('',#2467,#2470,#2054,.T.);
#3119=EDGE_CURVE('',#2471,#2472,#1385,.T.);
#3120=EDGE_CURVE('',#2473,#2472,#2055,.T.);
#3121=EDGE_CURVE('',#2474,#2473,#1386,.T.);
#3122=EDGE_CURVE('',#2471,#2474,#2056,.T.);
#3123=EDGE_CURVE('',#2475,#2476,#1387,.T.);
#3124=EDGE_CURVE('',#2477,#2475,#2057,.T.);
#3125=EDGE_CURVE('',#2477,#2478,#1388,.T.);
#3126=EDGE_CURVE('',#2476,#2478,#2058,.T.);
#3127=EDGE_CURVE('',#2468,#2473,#1389,.T.);
#3128=EDGE_CURVE('',#2472,#2479,#1390,.T.);
#3129=EDGE_CURVE('',#2479,#2480,#2059,.T.);
#3130=EDGE_CURVE('',#2480,#2476,#1391,.T.);
#3131=EDGE_CURVE('',#2478,#2469,#1392,.T.);
#3132=EDGE_CURVE('',#2481,#2479,#1393,.T.);
#3133=EDGE_CURVE('',#2482,#2481,#2060,.T.);
#3134=EDGE_CURVE('',#2482,#2480,#1394,.T.);
#3135=EDGE_CURVE('',#2475,#2482,#1395,.T.);
#3136=EDGE_CURVE('',#2474,#2467,#1396,.T.);
#3137=EDGE_CURVE('',#2481,#2471,#1397,.T.);
#3138=EDGE_CURVE('',#2470,#2477,#1398,.T.);
#3139=EDGE_CURVE('',#2428,#2483,#1399,.T.);
#3140=EDGE_CURVE('',#2484,#2483,#2061,.T.);
#3141=EDGE_CURVE('',#2429,#2484,#1400,.T.);
#3142=EDGE_CURVE('',#2485,#2431,#2062,.T.);
#3143=EDGE_CURVE('',#2427,#2485,#1401,.T.);
#3144=EDGE_CURVE('',#2483,#2485,#1402,.T.);
#3145=EDGE_CURVE('',#2434,#2484,#1403,.T.);
#3146=EDGE_CURVE('',#2405,#2486,#1404,.T.);
#3147=EDGE_CURVE('',#2487,#2486,#2063,.T.);
#3148=EDGE_CURVE('',#2407,#2487,#1405,.T.);
#3149=EDGE_CURVE('',#2413,#2487,#1406,.T.);
#3150=EDGE_CURVE('',#2486,#2488,#1407,.T.);
#3151=EDGE_CURVE('',#2488,#2410,#2064,.T.);
#3152=EDGE_CURVE('',#2403,#2488,#1408,.T.);
#3153=ORIENTED_EDGE('',*,*,#2489,.F.);
#3154=ORIENTED_EDGE('',*,*,#2490,.T.);
#3155=ORIENTED_EDGE('',*,*,#2491,.F.);
#3156=ORIENTED_EDGE('',*,*,#2490,.F.);
#3157=ORIENTED_EDGE('',*,*,#2492,.F.);
#3158=ORIENTED_EDGE('',*,*,#2493,.T.);
#3159=ORIENTED_EDGE('',*,*,#2494,.F.);
#3160=ORIENTED_EDGE('',*,*,#2493,.F.);
#3161=ORIENTED_EDGE('',*,*,#2495,.F.);
#3162=ORIENTED_EDGE('',*,*,#2496,.T.);
#3163=ORIENTED_EDGE('',*,*,#2497,.F.);
#3164=ORIENTED_EDGE('',*,*,#2498,.F.);
#3165=ORIENTED_EDGE('',*,*,#2499,.F.);
#3166=ORIENTED_EDGE('',*,*,#2498,.T.);
#3167=ORIENTED_EDGE('',*,*,#2500,.F.);
#3168=ORIENTED_EDGE('',*,*,#2501,.F.);
#3169=ORIENTED_EDGE('',*,*,#2502,.F.);
#3170=ORIENTED_EDGE('',*,*,#2501,.T.);
#3171=ORIENTED_EDGE('',*,*,#2503,.F.);
#3172=ORIENTED_EDGE('',*,*,#2504,.F.);
#3173=ORIENTED_EDGE('',*,*,#2505,.F.);
#3174=ORIENTED_EDGE('',*,*,#2504,.T.);
#3175=ORIENTED_EDGE('',*,*,#2506,.F.);
#3176=ORIENTED_EDGE('',*,*,#2496,.F.);
#3177=ORIENTED_EDGE('',*,*,#2507,.T.);
#3178=ORIENTED_EDGE('',*,*,#2508,.T.);
#3179=ORIENTED_EDGE('',*,*,#2509,.T.);
#3180=ORIENTED_EDGE('',*,*,#2510,.T.);
#3181=ORIENTED_EDGE('',*,*,#2491,.T.);
#3182=ORIENTED_EDGE('',*,*,#2494,.T.);
#3183=ORIENTED_EDGE('',*,*,#2502,.T.);
#3184=ORIENTED_EDGE('',*,*,#2505,.T.);
#3185=ORIENTED_EDGE('',*,*,#2495,.T.);
#3186=ORIENTED_EDGE('',*,*,#2499,.T.);
#3187=ORIENTED_EDGE('',*,*,#2511,.T.);
#3188=ORIENTED_EDGE('',*,*,#2512,.T.);
#3189=ORIENTED_EDGE('',*,*,#2513,.T.);
#3190=ORIENTED_EDGE('',*,*,#2514,.T.);
#3191=ORIENTED_EDGE('',*,*,#2489,.T.);
#3192=ORIENTED_EDGE('',*,*,#2492,.T.);
#3193=ORIENTED_EDGE('',*,*,#2503,.T.);
#3194=ORIENTED_EDGE('',*,*,#2500,.T.);
#3195=ORIENTED_EDGE('',*,*,#2497,.T.);
#3196=ORIENTED_EDGE('',*,*,#2506,.T.);
#3197=ORIENTED_EDGE('',*,*,#2515,.T.);
#3198=ORIENTED_EDGE('',*,*,#2512,.F.);
#3199=ORIENTED_EDGE('',*,*,#2516,.F.);
#3200=ORIENTED_EDGE('',*,*,#2510,.F.);
#3201=ORIENTED_EDGE('',*,*,#2517,.T.);
#3202=ORIENTED_EDGE('',*,*,#2513,.F.);
#3203=ORIENTED_EDGE('',*,*,#2515,.F.);
#3204=ORIENTED_EDGE('',*,*,#2509,.F.);
#3205=ORIENTED_EDGE('',*,*,#2518,.T.);
#3206=ORIENTED_EDGE('',*,*,#2514,.F.);
#3207=ORIENTED_EDGE('',*,*,#2517,.F.);
#3208=ORIENTED_EDGE('',*,*,#2508,.F.);
#3209=ORIENTED_EDGE('',*,*,#2516,.T.);
#3210=ORIENTED_EDGE('',*,*,#2511,.F.);
#3211=ORIENTED_EDGE('',*,*,#2518,.F.);
#3212=ORIENTED_EDGE('',*,*,#2507,.F.);
#3213=ORIENTED_EDGE('',*,*,#2519,.F.);
#3214=ORIENTED_EDGE('',*,*,#2520,.T.);
#3215=ORIENTED_EDGE('',*,*,#2521,.F.);
#3216=ORIENTED_EDGE('',*,*,#2520,.F.);
#3217=ORIENTED_EDGE('',*,*,#2522,.F.);
#3218=ORIENTED_EDGE('',*,*,#2523,.T.);
#3219=ORIENTED_EDGE('',*,*,#2524,.F.);
#3220=ORIENTED_EDGE('',*,*,#2523,.F.);
#3221=ORIENTED_EDGE('',*,*,#2525,.F.);
#3222=ORIENTED_EDGE('',*,*,#2526,.T.);
#3223=ORIENTED_EDGE('',*,*,#2527,.F.);
#3224=ORIENTED_EDGE('',*,*,#2526,.F.);
#3225=ORIENTED_EDGE('',*,*,#2528,.F.);
#3226=ORIENTED_EDGE('',*,*,#2529,.T.);
#3227=ORIENTED_EDGE('',*,*,#2530,.F.);
#3228=ORIENTED_EDGE('',*,*,#2529,.F.);
#3229=ORIENTED_EDGE('',*,*,#2531,.T.);
#3230=ORIENTED_EDGE('',*,*,#2532,.T.);
#3231=ORIENTED_EDGE('',*,*,#2533,.T.);
#3232=ORIENTED_EDGE('',*,*,#2534,.T.);
#3233=ORIENTED_EDGE('',*,*,#2521,.T.);
#3234=ORIENTED_EDGE('',*,*,#2524,.T.);
#3235=ORIENTED_EDGE('',*,*,#2527,.T.);
#3236=ORIENTED_EDGE('',*,*,#2530,.T.);
#3237=ORIENTED_EDGE('',*,*,#2535,.T.);
#3238=ORIENTED_EDGE('',*,*,#2536,.T.);
#3239=ORIENTED_EDGE('',*,*,#2537,.T.);
#3240=ORIENTED_EDGE('',*,*,#2538,.T.);
#3241=ORIENTED_EDGE('',*,*,#2519,.T.);
#3242=ORIENTED_EDGE('',*,*,#2522,.T.);
#3243=ORIENTED_EDGE('',*,*,#2525,.T.);
#3244=ORIENTED_EDGE('',*,*,#2528,.T.);
#3245=ORIENTED_EDGE('',*,*,#2539,.T.);
#3246=ORIENTED_EDGE('',*,*,#2536,.F.);
#3247=ORIENTED_EDGE('',*,*,#2540,.F.);
#3248=ORIENTED_EDGE('',*,*,#2534,.F.);
#3249=ORIENTED_EDGE('',*,*,#2541,.T.);
#3250=ORIENTED_EDGE('',*,*,#2537,.F.);
#3251=ORIENTED_EDGE('',*,*,#2539,.F.);
#3252=ORIENTED_EDGE('',*,*,#2533,.F.);
#3253=ORIENTED_EDGE('',*,*,#2542,.T.);
#3254=ORIENTED_EDGE('',*,*,#2538,.F.);
#3255=ORIENTED_EDGE('',*,*,#2541,.F.);
#3256=ORIENTED_EDGE('',*,*,#2532,.F.);
#3257=ORIENTED_EDGE('',*,*,#2540,.T.);
#3258=ORIENTED_EDGE('',*,*,#2535,.F.);
#3259=ORIENTED_EDGE('',*,*,#2542,.F.);
#3260=ORIENTED_EDGE('',*,*,#2531,.F.);
#3261=ORIENTED_EDGE('',*,*,#2543,.T.);
#3262=ORIENTED_EDGE('',*,*,#2544,.T.);
#3263=ORIENTED_EDGE('',*,*,#2545,.T.);
#3264=ORIENTED_EDGE('',*,*,#2546,.T.);
#3265=ORIENTED_EDGE('',*,*,#2547,.T.);
#3266=ORIENTED_EDGE('',*,*,#2548,.T.);
#3267=ORIENTED_EDGE('',*,*,#2549,.T.);
#3268=ORIENTED_EDGE('',*,*,#2550,.T.);
#3269=ORIENTED_EDGE('',*,*,#2551,.T.);
#3270=ORIENTED_EDGE('',*,*,#2548,.F.);
#3271=ORIENTED_EDGE('',*,*,#2552,.F.);
#3272=ORIENTED_EDGE('',*,*,#2546,.F.);
#3273=ORIENTED_EDGE('',*,*,#2553,.T.);
#3274=ORIENTED_EDGE('',*,*,#2549,.F.);
#3275=ORIENTED_EDGE('',*,*,#2551,.F.);
#3276=ORIENTED_EDGE('',*,*,#2545,.F.);
#3277=ORIENTED_EDGE('',*,*,#2554,.T.);
#3278=ORIENTED_EDGE('',*,*,#2550,.F.);
#3279=ORIENTED_EDGE('',*,*,#2553,.F.);
#3280=ORIENTED_EDGE('',*,*,#2544,.F.);
#3281=ORIENTED_EDGE('',*,*,#2552,.T.);
#3282=ORIENTED_EDGE('',*,*,#2547,.F.);
#3283=ORIENTED_EDGE('',*,*,#2554,.F.);
#3284=ORIENTED_EDGE('',*,*,#2543,.F.);
#3285=ORIENTED_EDGE('',*,*,#2555,.T.);
#3286=ORIENTED_EDGE('',*,*,#2556,.T.);
#3287=ORIENTED_EDGE('',*,*,#2557,.T.);
#3288=ORIENTED_EDGE('',*,*,#2558,.T.);
#3289=ORIENTED_EDGE('',*,*,#2559,.T.);
#3290=ORIENTED_EDGE('',*,*,#2560,.T.);
#3291=ORIENTED_EDGE('',*,*,#2561,.T.);
#3292=ORIENTED_EDGE('',*,*,#2562,.T.);
#3293=ORIENTED_EDGE('',*,*,#2563,.T.);
#3294=ORIENTED_EDGE('',*,*,#2560,.F.);
#3295=ORIENTED_EDGE('',*,*,#2564,.F.);
#3296=ORIENTED_EDGE('',*,*,#2558,.F.);
#3297=ORIENTED_EDGE('',*,*,#2565,.T.);
#3298=ORIENTED_EDGE('',*,*,#2561,.F.);
#3299=ORIENTED_EDGE('',*,*,#2563,.F.);
#3300=ORIENTED_EDGE('',*,*,#2557,.F.);
#3301=ORIENTED_EDGE('',*,*,#2566,.T.);
#3302=ORIENTED_EDGE('',*,*,#2562,.F.);
#3303=ORIENTED_EDGE('',*,*,#2565,.F.);
#3304=ORIENTED_EDGE('',*,*,#2556,.F.);
#3305=ORIENTED_EDGE('',*,*,#2564,.T.);
#3306=ORIENTED_EDGE('',*,*,#2559,.F.);
#3307=ORIENTED_EDGE('',*,*,#2566,.F.);
#3308=ORIENTED_EDGE('',*,*,#2555,.F.);
#3309=ORIENTED_EDGE('',*,*,#2567,.T.);
#3310=ORIENTED_EDGE('',*,*,#2568,.T.);
#3311=ORIENTED_EDGE('',*,*,#2569,.T.);
#3312=ORIENTED_EDGE('',*,*,#2570,.T.);
#3313=ORIENTED_EDGE('',*,*,#2571,.T.);
#3314=ORIENTED_EDGE('',*,*,#2572,.T.);
#3315=ORIENTED_EDGE('',*,*,#2573,.T.);
#3316=ORIENTED_EDGE('',*,*,#2574,.T.);
#3317=ORIENTED_EDGE('',*,*,#2575,.T.);
#3318=ORIENTED_EDGE('',*,*,#2572,.F.);
#3319=ORIENTED_EDGE('',*,*,#2576,.F.);
#3320=ORIENTED_EDGE('',*,*,#2570,.F.);
#3321=ORIENTED_EDGE('',*,*,#2577,.T.);
#3322=ORIENTED_EDGE('',*,*,#2573,.F.);
#3323=ORIENTED_EDGE('',*,*,#2575,.F.);
#3324=ORIENTED_EDGE('',*,*,#2569,.F.);
#3325=ORIENTED_EDGE('',*,*,#2578,.T.);
#3326=ORIENTED_EDGE('',*,*,#2574,.F.);
#3327=ORIENTED_EDGE('',*,*,#2577,.F.);
#3328=ORIENTED_EDGE('',*,*,#2568,.F.);
#3329=ORIENTED_EDGE('',*,*,#2576,.T.);
#3330=ORIENTED_EDGE('',*,*,#2571,.F.);
#3331=ORIENTED_EDGE('',*,*,#2578,.F.);
#3332=ORIENTED_EDGE('',*,*,#2567,.F.);
#3333=ORIENTED_EDGE('',*,*,#2579,.F.);
#3334=ORIENTED_EDGE('',*,*,#2580,.T.);
#3335=ORIENTED_EDGE('',*,*,#2581,.F.);
#3336=ORIENTED_EDGE('',*,*,#2580,.F.);
#3337=ORIENTED_EDGE('',*,*,#2581,.T.);
#3338=ORIENTED_EDGE('',*,*,#2579,.T.);
#3339=ORIENTED_EDGE('',*,*,#2582,.F.);
#3340=ORIENTED_EDGE('',*,*,#2583,.T.);
#3341=ORIENTED_EDGE('',*,*,#2584,.F.);
#3342=ORIENTED_EDGE('',*,*,#2583,.F.);
#3343=ORIENTED_EDGE('',*,*,#2584,.T.);
#3344=ORIENTED_EDGE('',*,*,#2582,.T.);
#3345=ORIENTED_EDGE('',*,*,#2585,.F.);
#3346=ORIENTED_EDGE('',*,*,#2586,.T.);
#3347=ORIENTED_EDGE('',*,*,#2587,.F.);
#3348=ORIENTED_EDGE('',*,*,#2586,.F.);
#3349=ORIENTED_EDGE('',*,*,#2587,.T.);
#3350=ORIENTED_EDGE('',*,*,#2585,.T.);
#3351=ORIENTED_EDGE('',*,*,#2588,.F.);
#3352=ORIENTED_EDGE('',*,*,#2589,.T.);
#3353=ORIENTED_EDGE('',*,*,#2590,.F.);
#3354=ORIENTED_EDGE('',*,*,#2589,.F.);
#3355=ORIENTED_EDGE('',*,*,#2590,.T.);
#3356=ORIENTED_EDGE('',*,*,#2588,.T.);
#3357=ORIENTED_EDGE('',*,*,#2591,.F.);
#3358=ORIENTED_EDGE('',*,*,#2592,.T.);
#3359=ORIENTED_EDGE('',*,*,#2593,.F.);
#3360=ORIENTED_EDGE('',*,*,#2592,.F.);
#3361=ORIENTED_EDGE('',*,*,#2593,.T.);
#3362=ORIENTED_EDGE('',*,*,#2591,.T.);
#3363=ORIENTED_EDGE('',*,*,#2594,.F.);
#3364=ORIENTED_EDGE('',*,*,#2595,.T.);
#3365=ORIENTED_EDGE('',*,*,#2596,.F.);
#3366=ORIENTED_EDGE('',*,*,#2595,.F.);
#3367=ORIENTED_EDGE('',*,*,#2596,.T.);
#3368=ORIENTED_EDGE('',*,*,#2594,.T.);
#3369=ORIENTED_EDGE('',*,*,#2597,.F.);
#3370=ORIENTED_EDGE('',*,*,#2598,.T.);
#3371=ORIENTED_EDGE('',*,*,#2599,.F.);
#3372=ORIENTED_EDGE('',*,*,#2598,.F.);
#3373=ORIENTED_EDGE('',*,*,#2599,.T.);
#3374=ORIENTED_EDGE('',*,*,#2597,.T.);
#3375=ORIENTED_EDGE('',*,*,#2600,.F.);
#3376=ORIENTED_EDGE('',*,*,#2601,.T.);
#3377=ORIENTED_EDGE('',*,*,#2602,.F.);
#3378=ORIENTED_EDGE('',*,*,#2601,.F.);
#3379=ORIENTED_EDGE('',*,*,#2602,.T.);
#3380=ORIENTED_EDGE('',*,*,#2600,.T.);
#3381=ORIENTED_EDGE('',*,*,#2603,.F.);
#3382=ORIENTED_EDGE('',*,*,#2604,.T.);
#3383=ORIENTED_EDGE('',*,*,#2605,.F.);
#3384=ORIENTED_EDGE('',*,*,#2604,.F.);
#3385=ORIENTED_EDGE('',*,*,#2606,.T.);
#3386=ORIENTED_EDGE('',*,*,#2607,.F.);
#3387=ORIENTED_EDGE('',*,*,#2608,.T.);
#3388=ORIENTED_EDGE('',*,*,#2609,.F.);
#3389=ORIENTED_EDGE('',*,*,#2610,.F.);
#3390=ORIENTED_EDGE('',*,*,#2611,.F.);
#3391=ORIENTED_EDGE('',*,*,#2612,.T.);
#3392=ORIENTED_EDGE('',*,*,#2613,.F.);
#3393=ORIENTED_EDGE('',*,*,#2614,.T.);
#3394=ORIENTED_EDGE('',*,*,#2615,.F.);
#3395=ORIENTED_EDGE('',*,*,#2616,.F.);
#3396=ORIENTED_EDGE('',*,*,#2617,.F.);
#3397=ORIENTED_EDGE('',*,*,#2605,.T.);
#3398=ORIENTED_EDGE('',*,*,#2618,.T.);
#3399=ORIENTED_EDGE('',*,*,#2607,.T.);
#3400=ORIENTED_EDGE('',*,*,#2617,.T.);
#3401=ORIENTED_EDGE('',*,*,#2615,.T.);
#3402=ORIENTED_EDGE('',*,*,#2613,.T.);
#3403=ORIENTED_EDGE('',*,*,#2611,.T.);
#3404=ORIENTED_EDGE('',*,*,#2609,.T.);
#3405=ORIENTED_EDGE('',*,*,#2618,.F.);
#3406=ORIENTED_EDGE('',*,*,#2619,.F.);
#3407=ORIENTED_EDGE('',*,*,#2620,.F.);
#3408=ORIENTED_EDGE('',*,*,#2621,.F.);
#3409=ORIENTED_EDGE('',*,*,#2612,.F.);
#3410=ORIENTED_EDGE('',*,*,#2622,.F.);
#3411=ORIENTED_EDGE('',*,*,#2606,.F.);
#3412=ORIENTED_EDGE('',*,*,#2623,.F.);
#3413=ORIENTED_EDGE('',*,*,#2624,.F.);
#3414=ORIENTED_EDGE('',*,*,#2621,.T.);
#3415=ORIENTED_EDGE('',*,*,#2625,.F.);
#3416=ORIENTED_EDGE('',*,*,#2626,.T.);
#3417=ORIENTED_EDGE('',*,*,#2610,.T.);
#3418=ORIENTED_EDGE('',*,*,#2622,.T.);
#3419=ORIENTED_EDGE('',*,*,#2627,.F.);
#3420=ORIENTED_EDGE('',*,*,#2628,.T.);
#3421=ORIENTED_EDGE('',*,*,#2616,.T.);
#3422=ORIENTED_EDGE('',*,*,#2619,.T.);
#3423=ORIENTED_EDGE('',*,*,#2614,.F.);
#3424=ORIENTED_EDGE('',*,*,#2628,.F.);
#3425=ORIENTED_EDGE('',*,*,#2629,.F.);
#3426=ORIENTED_EDGE('',*,*,#2623,.T.);
#3427=ORIENTED_EDGE('',*,*,#2608,.F.);
#3428=ORIENTED_EDGE('',*,*,#2626,.F.);
#3429=ORIENTED_EDGE('',*,*,#2630,.F.);
#3430=ORIENTED_EDGE('',*,*,#2631,.F.);
#3431=ORIENTED_EDGE('',*,*,#2632,.F.);
#3432=ORIENTED_EDGE('',*,*,#2633,.F.);
#3433=ORIENTED_EDGE('',*,*,#2634,.F.);
#3434=ORIENTED_EDGE('',*,*,#2635,.F.);
#3435=ORIENTED_EDGE('',*,*,#2636,.F.);
#3436=ORIENTED_EDGE('',*,*,#2637,.F.);
#3437=ORIENTED_EDGE('',*,*,#2638,.F.);
#3438=ORIENTED_EDGE('',*,*,#2633,.T.);
#3439=ORIENTED_EDGE('',*,*,#2639,.T.);
#3440=ORIENTED_EDGE('',*,*,#2640,.T.);
#3441=ORIENTED_EDGE('',*,*,#2641,.T.);
#3442=ORIENTED_EDGE('',*,*,#2635,.T.);
#3443=ORIENTED_EDGE('',*,*,#2642,.T.);
#3444=ORIENTED_EDGE('',*,*,#2643,.T.);
#3445=ORIENTED_EDGE('',*,*,#2644,.T.);
#3446=ORIENTED_EDGE('',*,*,#2632,.T.);
#3447=ORIENTED_EDGE('',*,*,#2645,.T.);
#3448=ORIENTED_EDGE('',*,*,#2642,.F.);
#3449=ORIENTED_EDGE('',*,*,#2638,.T.);
#3450=ORIENTED_EDGE('',*,*,#2646,.T.);
#3451=ORIENTED_EDGE('',*,*,#2639,.F.);
#3452=ORIENTED_EDGE('',*,*,#2647,.F.);
#3453=ORIENTED_EDGE('',*,*,#2631,.T.);
#3454=ORIENTED_EDGE('',*,*,#2648,.F.);
#3455=ORIENTED_EDGE('',*,*,#2643,.F.);
#3456=ORIENTED_EDGE('',*,*,#2645,.F.);
#3457=ORIENTED_EDGE('',*,*,#2637,.T.);
#3458=ORIENTED_EDGE('',*,*,#2649,.F.);
#3459=ORIENTED_EDGE('',*,*,#2640,.F.);
#3460=ORIENTED_EDGE('',*,*,#2646,.F.);
#3461=ORIENTED_EDGE('',*,*,#2634,.T.);
#3462=ORIENTED_EDGE('',*,*,#2641,.F.);
#3463=ORIENTED_EDGE('',*,*,#2649,.T.);
#3464=ORIENTED_EDGE('',*,*,#2636,.T.);
#3465=ORIENTED_EDGE('',*,*,#2644,.F.);
#3466=ORIENTED_EDGE('',*,*,#2648,.T.);
#3467=ORIENTED_EDGE('',*,*,#2624,.T.);
#3468=ORIENTED_EDGE('',*,*,#2630,.T.);
#3469=ORIENTED_EDGE('',*,*,#2625,.T.);
#3470=ORIENTED_EDGE('',*,*,#2620,.T.);
#3471=ORIENTED_EDGE('',*,*,#2629,.T.);
#3472=ORIENTED_EDGE('',*,*,#2627,.T.);
#3473=ORIENTED_EDGE('',*,*,#2647,.T.);
#3474=ORIENTED_EDGE('',*,*,#2650,.T.);
#3475=ORIENTED_EDGE('',*,*,#2651,.F.);
#3476=ORIENTED_EDGE('',*,*,#2650,.F.);
#3477=ORIENTED_EDGE('',*,*,#2652,.F.);
#3478=ORIENTED_EDGE('',*,*,#2653,.T.);
#3479=ORIENTED_EDGE('',*,*,#2654,.F.);
#3480=ORIENTED_EDGE('',*,*,#2653,.F.);
#3481=ORIENTED_EDGE('',*,*,#2655,.T.);
#3482=ORIENTED_EDGE('',*,*,#2656,.F.);
#3483=ORIENTED_EDGE('',*,*,#2657,.T.);
#3484=ORIENTED_EDGE('',*,*,#2658,.F.);
#3485=ORIENTED_EDGE('',*,*,#2659,.F.);
#3486=ORIENTED_EDGE('',*,*,#2660,.F.);
#3487=ORIENTED_EDGE('',*,*,#2661,.T.);
#3488=ORIENTED_EDGE('',*,*,#2662,.F.);
#3489=ORIENTED_EDGE('',*,*,#2663,.T.);
#3490=ORIENTED_EDGE('',*,*,#2664,.F.);
#3491=ORIENTED_EDGE('',*,*,#2665,.F.);
#3492=ORIENTED_EDGE('',*,*,#2666,.F.);
#3493=ORIENTED_EDGE('',*,*,#2654,.T.);
#3494=ORIENTED_EDGE('',*,*,#2667,.T.);
#3495=ORIENTED_EDGE('',*,*,#2656,.T.);
#3496=ORIENTED_EDGE('',*,*,#2666,.T.);
#3497=ORIENTED_EDGE('',*,*,#2664,.T.);
#3498=ORIENTED_EDGE('',*,*,#2662,.T.);
#3499=ORIENTED_EDGE('',*,*,#2660,.T.);
#3500=ORIENTED_EDGE('',*,*,#2658,.T.);
#3501=ORIENTED_EDGE('',*,*,#2667,.F.);
#3502=ORIENTED_EDGE('',*,*,#2668,.F.);
#3503=ORIENTED_EDGE('',*,*,#2669,.F.);
#3504=ORIENTED_EDGE('',*,*,#2670,.F.);
#3505=ORIENTED_EDGE('',*,*,#2661,.F.);
#3506=ORIENTED_EDGE('',*,*,#2671,.F.);
#3507=ORIENTED_EDGE('',*,*,#2655,.F.);
#3508=ORIENTED_EDGE('',*,*,#2672,.F.);
#3509=ORIENTED_EDGE('',*,*,#2673,.F.);
#3510=ORIENTED_EDGE('',*,*,#2670,.T.);
#3511=ORIENTED_EDGE('',*,*,#2674,.F.);
#3512=ORIENTED_EDGE('',*,*,#2675,.T.);
#3513=ORIENTED_EDGE('',*,*,#2659,.T.);
#3514=ORIENTED_EDGE('',*,*,#2671,.T.);
#3515=ORIENTED_EDGE('',*,*,#2676,.F.);
#3516=ORIENTED_EDGE('',*,*,#2677,.T.);
#3517=ORIENTED_EDGE('',*,*,#2665,.T.);
#3518=ORIENTED_EDGE('',*,*,#2668,.T.);
#3519=ORIENTED_EDGE('',*,*,#2663,.F.);
#3520=ORIENTED_EDGE('',*,*,#2677,.F.);
#3521=ORIENTED_EDGE('',*,*,#2678,.F.);
#3522=ORIENTED_EDGE('',*,*,#2672,.T.);
#3523=ORIENTED_EDGE('',*,*,#2657,.F.);
#3524=ORIENTED_EDGE('',*,*,#2675,.F.);
#3525=ORIENTED_EDGE('',*,*,#2679,.F.);
#3526=ORIENTED_EDGE('',*,*,#2680,.F.);
#3527=ORIENTED_EDGE('',*,*,#2681,.F.);
#3528=ORIENTED_EDGE('',*,*,#2682,.F.);
#3529=ORIENTED_EDGE('',*,*,#2683,.F.);
#3530=ORIENTED_EDGE('',*,*,#2684,.F.);
#3531=ORIENTED_EDGE('',*,*,#2685,.F.);
#3532=ORIENTED_EDGE('',*,*,#2686,.F.);
#3533=ORIENTED_EDGE('',*,*,#2687,.F.);
#3534=ORIENTED_EDGE('',*,*,#2682,.T.);
#3535=ORIENTED_EDGE('',*,*,#2688,.T.);
#3536=ORIENTED_EDGE('',*,*,#2689,.T.);
#3537=ORIENTED_EDGE('',*,*,#2690,.T.);
#3538=ORIENTED_EDGE('',*,*,#2684,.T.);
#3539=ORIENTED_EDGE('',*,*,#2691,.T.);
#3540=ORIENTED_EDGE('',*,*,#2692,.T.);
#3541=ORIENTED_EDGE('',*,*,#2693,.T.);
#3542=ORIENTED_EDGE('',*,*,#2681,.T.);
#3543=ORIENTED_EDGE('',*,*,#2694,.T.);
#3544=ORIENTED_EDGE('',*,*,#2691,.F.);
#3545=ORIENTED_EDGE('',*,*,#2687,.T.);
#3546=ORIENTED_EDGE('',*,*,#2695,.T.);
#3547=ORIENTED_EDGE('',*,*,#2688,.F.);
#3548=ORIENTED_EDGE('',*,*,#2696,.F.);
#3549=ORIENTED_EDGE('',*,*,#2680,.T.);
#3550=ORIENTED_EDGE('',*,*,#2697,.F.);
#3551=ORIENTED_EDGE('',*,*,#2692,.F.);
#3552=ORIENTED_EDGE('',*,*,#2694,.F.);
#3553=ORIENTED_EDGE('',*,*,#2686,.T.);
#3554=ORIENTED_EDGE('',*,*,#2698,.F.);
#3555=ORIENTED_EDGE('',*,*,#2689,.F.);
#3556=ORIENTED_EDGE('',*,*,#2695,.F.);
#3557=ORIENTED_EDGE('',*,*,#2683,.T.);
#3558=ORIENTED_EDGE('',*,*,#2690,.F.);
#3559=ORIENTED_EDGE('',*,*,#2698,.T.);
#3560=ORIENTED_EDGE('',*,*,#2685,.T.);
#3561=ORIENTED_EDGE('',*,*,#2693,.F.);
#3562=ORIENTED_EDGE('',*,*,#2697,.T.);
#3563=ORIENTED_EDGE('',*,*,#2673,.T.);
#3564=ORIENTED_EDGE('',*,*,#2679,.T.);
#3565=ORIENTED_EDGE('',*,*,#2674,.T.);
#3566=ORIENTED_EDGE('',*,*,#2669,.T.);
#3567=ORIENTED_EDGE('',*,*,#2678,.T.);
#3568=ORIENTED_EDGE('',*,*,#2676,.T.);
#3569=ORIENTED_EDGE('',*,*,#2696,.T.);
#3570=ORIENTED_EDGE('',*,*,#2699,.T.);
#3571=ORIENTED_EDGE('',*,*,#2700,.F.);
#3572=ORIENTED_EDGE('',*,*,#2699,.F.);
#3573=ORIENTED_EDGE('',*,*,#2701,.F.);
#3574=ORIENTED_EDGE('',*,*,#2702,.T.);
#3575=ORIENTED_EDGE('',*,*,#2703,.T.);
#3576=ORIENTED_EDGE('',*,*,#2702,.F.);
#3577=ORIENTED_EDGE('',*,*,#2701,.T.);
#3578=ORIENTED_EDGE('',*,*,#2704,.F.);
#3579=ORIENTED_EDGE('',*,*,#2705,.T.);
#3580=ORIENTED_EDGE('',*,*,#2706,.T.);
#3581=ORIENTED_EDGE('',*,*,#2705,.F.);
#3582=ORIENTED_EDGE('',*,*,#2703,.F.);
#3583=ORIENTED_EDGE('',*,*,#2707,.T.);
#3584=ORIENTED_EDGE('',*,*,#2704,.T.);
#3585=ORIENTED_EDGE('',*,*,#2707,.F.);
#3586=ORIENTED_EDGE('',*,*,#2708,.F.);
#3587=ORIENTED_EDGE('',*,*,#2706,.F.);
#3588=ORIENTED_EDGE('',*,*,#2709,.F.);
#3589=ORIENTED_EDGE('',*,*,#2710,.T.);
#3590=ORIENTED_EDGE('',*,*,#2711,.T.);
#3591=ORIENTED_EDGE('',*,*,#2710,.F.);
#3592=ORIENTED_EDGE('',*,*,#2709,.T.);
#3593=ORIENTED_EDGE('',*,*,#2712,.F.);
#3594=ORIENTED_EDGE('',*,*,#2713,.T.);
#3595=ORIENTED_EDGE('',*,*,#2714,.T.);
#3596=ORIENTED_EDGE('',*,*,#2713,.F.);
#3597=ORIENTED_EDGE('',*,*,#2711,.F.);
#3598=ORIENTED_EDGE('',*,*,#2715,.T.);
#3599=ORIENTED_EDGE('',*,*,#2712,.T.);
#3600=ORIENTED_EDGE('',*,*,#2715,.F.);
#3601=ORIENTED_EDGE('',*,*,#2716,.F.);
#3602=ORIENTED_EDGE('',*,*,#2714,.F.);
#3603=ORIENTED_EDGE('',*,*,#2717,.F.);
#3604=ORIENTED_EDGE('',*,*,#2718,.T.);
#3605=ORIENTED_EDGE('',*,*,#2719,.F.);
#3606=ORIENTED_EDGE('',*,*,#2720,.F.);
#3607=ORIENTED_EDGE('',*,*,#2721,.F.);
#3608=ORIENTED_EDGE('',*,*,#2722,.F.);
#3609=ORIENTED_EDGE('',*,*,#2723,.F.);
#3610=ORIENTED_EDGE('',*,*,#2724,.F.);
#3611=ORIENTED_EDGE('',*,*,#2725,.F.);
#3612=ORIENTED_EDGE('',*,*,#2726,.F.);
#3613=ORIENTED_EDGE('',*,*,#2727,.T.);
#3614=ORIENTED_EDGE('',*,*,#2728,.F.);
#3615=ORIENTED_EDGE('',*,*,#2729,.T.);
#3616=ORIENTED_EDGE('',*,*,#2730,.T.);
#3617=ORIENTED_EDGE('',*,*,#2718,.F.);
#3618=ORIENTED_EDGE('',*,*,#2731,.F.);
#3619=ORIENTED_EDGE('',*,*,#2732,.F.);
#3620=ORIENTED_EDGE('',*,*,#2733,.F.);
#3621=ORIENTED_EDGE('',*,*,#2734,.F.);
#3622=ORIENTED_EDGE('',*,*,#2735,.F.);
#3623=ORIENTED_EDGE('',*,*,#2736,.F.);
#3624=ORIENTED_EDGE('',*,*,#2737,.F.);
#3625=ORIENTED_EDGE('',*,*,#2738,.F.);
#3626=ORIENTED_EDGE('',*,*,#2739,.F.);
#3627=ORIENTED_EDGE('',*,*,#2728,.T.);
#3628=ORIENTED_EDGE('',*,*,#2735,.T.);
#3629=ORIENTED_EDGE('',*,*,#2740,.T.);
#3630=ORIENTED_EDGE('',*,*,#2723,.T.);
#3631=ORIENTED_EDGE('',*,*,#2741,.T.);
#3632=ORIENTED_EDGE('',*,*,#2734,.T.);
#3633=ORIENTED_EDGE('',*,*,#2742,.T.);
#3634=ORIENTED_EDGE('',*,*,#2736,.T.);
#3635=ORIENTED_EDGE('',*,*,#2740,.F.);
#3636=ORIENTED_EDGE('',*,*,#2724,.T.);
#3637=ORIENTED_EDGE('',*,*,#2741,.F.);
#3638=ORIENTED_EDGE('',*,*,#2722,.T.);
#3639=ORIENTED_EDGE('',*,*,#2743,.T.);
#3640=ORIENTED_EDGE('',*,*,#2733,.T.);
#3641=ORIENTED_EDGE('',*,*,#2744,.F.);
#3642=ORIENTED_EDGE('',*,*,#2737,.T.);
#3643=ORIENTED_EDGE('',*,*,#2742,.F.);
#3644=ORIENTED_EDGE('',*,*,#2725,.T.);
#3645=ORIENTED_EDGE('',*,*,#2743,.F.);
#3646=ORIENTED_EDGE('',*,*,#2721,.T.);
#3647=ORIENTED_EDGE('',*,*,#2745,.F.);
#3648=ORIENTED_EDGE('',*,*,#2731,.T.);
#3649=ORIENTED_EDGE('',*,*,#2746,.T.);
#3650=ORIENTED_EDGE('',*,*,#2739,.T.);
#3651=ORIENTED_EDGE('',*,*,#2747,.F.);
#3652=ORIENTED_EDGE('',*,*,#2732,.T.);
#3653=ORIENTED_EDGE('',*,*,#2747,.T.);
#3654=ORIENTED_EDGE('',*,*,#2738,.T.);
#3655=ORIENTED_EDGE('',*,*,#2744,.T.);
#3656=ORIENTED_EDGE('',*,*,#2726,.T.);
#3657=ORIENTED_EDGE('',*,*,#2745,.T.);
#3658=ORIENTED_EDGE('',*,*,#2720,.T.);
#3659=ORIENTED_EDGE('',*,*,#2748,.T.);
#3660=ORIENTED_EDGE('',*,*,#2729,.F.);
#3661=ORIENTED_EDGE('',*,*,#2746,.F.);
#3662=ORIENTED_EDGE('',*,*,#2727,.F.);
#3663=ORIENTED_EDGE('',*,*,#2749,.F.);
#3664=ORIENTED_EDGE('',*,*,#2730,.F.);
#3665=ORIENTED_EDGE('',*,*,#2750,.T.);
#3666=ORIENTED_EDGE('',*,*,#2751,.T.);
#3667=ORIENTED_EDGE('',*,*,#2750,.F.);
#3668=ORIENTED_EDGE('',*,*,#2717,.T.);
#3669=ORIENTED_EDGE('',*,*,#2748,.F.);
#3670=ORIENTED_EDGE('',*,*,#2719,.T.);
#3671=ORIENTED_EDGE('',*,*,#2749,.T.);
#3672=ORIENTED_EDGE('',*,*,#2752,.F.);
#3673=ORIENTED_EDGE('',*,*,#2751,.F.);
#3674=ORIENTED_EDGE('',*,*,#2753,.F.);
#3675=ORIENTED_EDGE('',*,*,#2754,.T.);
#3676=ORIENTED_EDGE('',*,*,#2755,.F.);
#3677=ORIENTED_EDGE('',*,*,#2756,.F.);
#3678=ORIENTED_EDGE('',*,*,#2757,.F.);
#3679=ORIENTED_EDGE('',*,*,#2758,.F.);
#3680=ORIENTED_EDGE('',*,*,#2759,.F.);
#3681=ORIENTED_EDGE('',*,*,#2760,.F.);
#3682=ORIENTED_EDGE('',*,*,#2761,.F.);
#3683=ORIENTED_EDGE('',*,*,#2762,.F.);
#3684=ORIENTED_EDGE('',*,*,#2763,.T.);
#3685=ORIENTED_EDGE('',*,*,#2764,.F.);
#3686=ORIENTED_EDGE('',*,*,#2765,.T.);
#3687=ORIENTED_EDGE('',*,*,#2766,.T.);
#3688=ORIENTED_EDGE('',*,*,#2754,.F.);
#3689=ORIENTED_EDGE('',*,*,#2767,.F.);
#3690=ORIENTED_EDGE('',*,*,#2768,.F.);
#3691=ORIENTED_EDGE('',*,*,#2769,.F.);
#3692=ORIENTED_EDGE('',*,*,#2770,.F.);
#3693=ORIENTED_EDGE('',*,*,#2771,.F.);
#3694=ORIENTED_EDGE('',*,*,#2772,.F.);
#3695=ORIENTED_EDGE('',*,*,#2773,.F.);
#3696=ORIENTED_EDGE('',*,*,#2774,.F.);
#3697=ORIENTED_EDGE('',*,*,#2775,.F.);
#3698=ORIENTED_EDGE('',*,*,#2764,.T.);
#3699=ORIENTED_EDGE('',*,*,#2771,.T.);
#3700=ORIENTED_EDGE('',*,*,#2776,.T.);
#3701=ORIENTED_EDGE('',*,*,#2759,.T.);
#3702=ORIENTED_EDGE('',*,*,#2777,.T.);
#3703=ORIENTED_EDGE('',*,*,#2770,.T.);
#3704=ORIENTED_EDGE('',*,*,#2778,.T.);
#3705=ORIENTED_EDGE('',*,*,#2772,.T.);
#3706=ORIENTED_EDGE('',*,*,#2776,.F.);
#3707=ORIENTED_EDGE('',*,*,#2760,.T.);
#3708=ORIENTED_EDGE('',*,*,#2777,.F.);
#3709=ORIENTED_EDGE('',*,*,#2758,.T.);
#3710=ORIENTED_EDGE('',*,*,#2779,.T.);
#3711=ORIENTED_EDGE('',*,*,#2769,.T.);
#3712=ORIENTED_EDGE('',*,*,#2780,.F.);
#3713=ORIENTED_EDGE('',*,*,#2773,.T.);
#3714=ORIENTED_EDGE('',*,*,#2778,.F.);
#3715=ORIENTED_EDGE('',*,*,#2761,.T.);
#3716=ORIENTED_EDGE('',*,*,#2779,.F.);
#3717=ORIENTED_EDGE('',*,*,#2757,.T.);
#3718=ORIENTED_EDGE('',*,*,#2781,.F.);
#3719=ORIENTED_EDGE('',*,*,#2767,.T.);
#3720=ORIENTED_EDGE('',*,*,#2782,.T.);
#3721=ORIENTED_EDGE('',*,*,#2775,.T.);
#3722=ORIENTED_EDGE('',*,*,#2783,.F.);
#3723=ORIENTED_EDGE('',*,*,#2768,.T.);
#3724=ORIENTED_EDGE('',*,*,#2783,.T.);
#3725=ORIENTED_EDGE('',*,*,#2774,.T.);
#3726=ORIENTED_EDGE('',*,*,#2780,.T.);
#3727=ORIENTED_EDGE('',*,*,#2762,.T.);
#3728=ORIENTED_EDGE('',*,*,#2781,.T.);
#3729=ORIENTED_EDGE('',*,*,#2756,.T.);
#3730=ORIENTED_EDGE('',*,*,#2784,.T.);
#3731=ORIENTED_EDGE('',*,*,#2765,.F.);
#3732=ORIENTED_EDGE('',*,*,#2782,.F.);
#3733=ORIENTED_EDGE('',*,*,#2763,.F.);
#3734=ORIENTED_EDGE('',*,*,#2785,.F.);
#3735=ORIENTED_EDGE('',*,*,#2766,.F.);
#3736=ORIENTED_EDGE('',*,*,#2786,.T.);
#3737=ORIENTED_EDGE('',*,*,#2787,.T.);
#3738=ORIENTED_EDGE('',*,*,#2786,.F.);
#3739=ORIENTED_EDGE('',*,*,#2753,.T.);
#3740=ORIENTED_EDGE('',*,*,#2784,.F.);
#3741=ORIENTED_EDGE('',*,*,#2755,.T.);
#3742=ORIENTED_EDGE('',*,*,#2785,.T.);
#3743=ORIENTED_EDGE('',*,*,#2788,.F.);
#3744=ORIENTED_EDGE('',*,*,#2787,.F.);
#3745=ORIENTED_EDGE('',*,*,#2708,.T.);
#3746=ORIENTED_EDGE('',*,*,#2789,.T.);
#3747=ORIENTED_EDGE('',*,*,#2790,.F.);
#3748=ORIENTED_EDGE('',*,*,#2789,.F.);
#3749=ORIENTED_EDGE('',*,*,#2716,.T.);
#3750=ORIENTED_EDGE('',*,*,#2791,.T.);
#3751=ORIENTED_EDGE('',*,*,#2792,.F.);
#3752=ORIENTED_EDGE('',*,*,#2791,.F.);
#3753=ORIENTED_EDGE('',*,*,#2752,.T.);
#3754=ORIENTED_EDGE('',*,*,#2793,.T.);
#3755=ORIENTED_EDGE('',*,*,#2794,.F.);
#3756=ORIENTED_EDGE('',*,*,#2793,.F.);
#3757=ORIENTED_EDGE('',*,*,#2788,.T.);
#3758=ORIENTED_EDGE('',*,*,#2795,.T.);
#3759=ORIENTED_EDGE('',*,*,#2796,.F.);
#3760=ORIENTED_EDGE('',*,*,#2795,.F.);
#3761=ORIENTED_EDGE('',*,*,#2797,.F.);
#3762=ORIENTED_EDGE('',*,*,#2798,.T.);
#3763=ORIENTED_EDGE('',*,*,#2799,.F.);
#3764=ORIENTED_EDGE('',*,*,#2800,.T.);
#3765=ORIENTED_EDGE('',*,*,#2790,.T.);
#3766=ORIENTED_EDGE('',*,*,#2801,.F.);
#3767=ORIENTED_EDGE('',*,*,#2802,.F.);
#3768=ORIENTED_EDGE('',*,*,#2803,.F.);
#3769=ORIENTED_EDGE('',*,*,#2798,.F.);
#3770=ORIENTED_EDGE('',*,*,#2804,.F.);
#3771=ORIENTED_EDGE('',*,*,#2800,.F.);
#3772=ORIENTED_EDGE('',*,*,#2805,.F.);
#3773=ORIENTED_EDGE('',*,*,#2806,.F.);
#3774=ORIENTED_EDGE('',*,*,#2805,.T.);
#3775=ORIENTED_EDGE('',*,*,#2799,.T.);
#3776=ORIENTED_EDGE('',*,*,#2803,.T.);
#3777=ORIENTED_EDGE('',*,*,#2807,.T.);
#3778=ORIENTED_EDGE('',*,*,#2808,.T.);
#3779=ORIENTED_EDGE('',*,*,#2809,.T.);
#3780=ORIENTED_EDGE('',*,*,#2810,.T.);
#3781=ORIENTED_EDGE('',*,*,#2811,.T.);
#3782=ORIENTED_EDGE('',*,*,#2812,.T.);
#3783=ORIENTED_EDGE('',*,*,#2813,.T.);
#3784=ORIENTED_EDGE('',*,*,#2814,.T.);
#3785=ORIENTED_EDGE('',*,*,#2815,.T.);
#3786=ORIENTED_EDGE('',*,*,#2816,.F.);
#3787=ORIENTED_EDGE('',*,*,#2817,.F.);
#3788=ORIENTED_EDGE('',*,*,#2818,.T.);
#3789=ORIENTED_EDGE('',*,*,#2819,.T.);
#3790=ORIENTED_EDGE('',*,*,#2802,.T.);
#3791=ORIENTED_EDGE('',*,*,#2820,.F.);
#3792=ORIENTED_EDGE('',*,*,#2821,.T.);
#3793=ORIENTED_EDGE('',*,*,#2807,.F.);
#3794=ORIENTED_EDGE('',*,*,#2806,.T.);
#3795=ORIENTED_EDGE('',*,*,#2819,.F.);
#3796=ORIENTED_EDGE('',*,*,#2822,.F.);
#3797=ORIENTED_EDGE('',*,*,#2808,.F.);
#3798=ORIENTED_EDGE('',*,*,#2821,.F.);
#3799=ORIENTED_EDGE('',*,*,#2823,.F.);
#3800=ORIENTED_EDGE('',*,*,#2824,.F.);
#3801=ORIENTED_EDGE('',*,*,#2824,.T.);
#3802=ORIENTED_EDGE('',*,*,#2825,.F.);
#3803=ORIENTED_EDGE('',*,*,#2826,.T.);
#3804=ORIENTED_EDGE('',*,*,#2827,.T.);
#3805=ORIENTED_EDGE('',*,*,#2828,.T.);
#3806=ORIENTED_EDGE('',*,*,#2829,.T.);
#3807=ORIENTED_EDGE('',*,*,#2830,.T.);
#3808=ORIENTED_EDGE('',*,*,#2831,.T.);
#3809=ORIENTED_EDGE('',*,*,#2832,.T.);
#3810=ORIENTED_EDGE('',*,*,#2833,.F.);
#3811=ORIENTED_EDGE('',*,*,#2834,.T.);
#3812=ORIENTED_EDGE('',*,*,#2809,.F.);
#3813=ORIENTED_EDGE('',*,*,#2835,.F.);
#3814=ORIENTED_EDGE('',*,*,#2836,.T.);
#3815=ORIENTED_EDGE('',*,*,#2813,.F.);
#3816=ORIENTED_EDGE('',*,*,#2837,.T.);
#3817=ORIENTED_EDGE('',*,*,#2792,.T.);
#3818=ORIENTED_EDGE('',*,*,#2838,.F.);
#3819=ORIENTED_EDGE('',*,*,#2839,.F.);
#3820=ORIENTED_EDGE('',*,*,#2814,.F.);
#3821=ORIENTED_EDGE('',*,*,#2836,.F.);
#3822=ORIENTED_EDGE('',*,*,#2840,.F.);
#3823=ORIENTED_EDGE('',*,*,#2837,.F.);
#3824=ORIENTED_EDGE('',*,*,#2812,.F.);
#3825=ORIENTED_EDGE('',*,*,#2841,.F.);
#3826=ORIENTED_EDGE('',*,*,#2839,.T.);
#3827=ORIENTED_EDGE('',*,*,#2842,.F.);
#3828=ORIENTED_EDGE('',*,*,#2815,.F.);
#3829=ORIENTED_EDGE('',*,*,#2810,.F.);
#3830=ORIENTED_EDGE('',*,*,#2834,.F.);
#3831=ORIENTED_EDGE('',*,*,#2843,.F.);
#3832=ORIENTED_EDGE('',*,*,#2844,.F.);
#3833=ORIENTED_EDGE('',*,*,#2841,.T.);
#3834=ORIENTED_EDGE('',*,*,#2811,.F.);
#3835=ORIENTED_EDGE('',*,*,#2844,.T.);
#3836=ORIENTED_EDGE('',*,*,#2845,.F.);
#3837=ORIENTED_EDGE('',*,*,#2840,.T.);
#3838=ORIENTED_EDGE('',*,*,#2845,.T.);
#3839=ORIENTED_EDGE('',*,*,#2843,.T.);
#3840=ORIENTED_EDGE('',*,*,#2833,.T.);
#3841=ORIENTED_EDGE('',*,*,#2846,.T.);
#3842=ORIENTED_EDGE('',*,*,#2847,.T.);
#3843=ORIENTED_EDGE('',*,*,#2848,.T.);
#3844=ORIENTED_EDGE('',*,*,#2849,.T.);
#3845=ORIENTED_EDGE('',*,*,#2850,.T.);
#3846=ORIENTED_EDGE('',*,*,#2851,.F.);
#3847=ORIENTED_EDGE('',*,*,#2816,.T.);
#3848=ORIENTED_EDGE('',*,*,#2842,.T.);
#3849=ORIENTED_EDGE('',*,*,#2838,.T.);
#3850=ORIENTED_EDGE('',*,*,#2835,.T.);
#3851=ORIENTED_EDGE('',*,*,#2852,.F.);
#3852=ORIENTED_EDGE('',*,*,#2853,.F.);
#3853=ORIENTED_EDGE('',*,*,#2854,.F.);
#3854=ORIENTED_EDGE('',*,*,#2855,.F.);
#3855=ORIENTED_EDGE('',*,*,#2856,.F.);
#3856=ORIENTED_EDGE('',*,*,#2855,.T.);
#3857=ORIENTED_EDGE('',*,*,#2857,.F.);
#3858=ORIENTED_EDGE('',*,*,#2794,.T.);
#3859=ORIENTED_EDGE('',*,*,#2804,.T.);
#3860=ORIENTED_EDGE('',*,*,#2822,.T.);
#3861=ORIENTED_EDGE('',*,*,#2818,.F.);
#3862=ORIENTED_EDGE('',*,*,#2858,.F.);
#3863=ORIENTED_EDGE('',*,*,#2859,.T.);
#3864=ORIENTED_EDGE('',*,*,#2857,.T.);
#3865=ORIENTED_EDGE('',*,*,#2854,.T.);
#3866=ORIENTED_EDGE('',*,*,#2860,.T.);
#3867=ORIENTED_EDGE('',*,*,#2861,.T.);
#3868=ORIENTED_EDGE('',*,*,#2825,.T.);
#3869=ORIENTED_EDGE('',*,*,#2823,.T.);
#3870=ORIENTED_EDGE('',*,*,#2820,.T.);
#3871=ORIENTED_EDGE('',*,*,#2801,.T.);
#3872=ORIENTED_EDGE('',*,*,#2797,.T.);
#3873=ORIENTED_EDGE('',*,*,#2853,.T.);
#3874=ORIENTED_EDGE('',*,*,#2862,.F.);
#3875=ORIENTED_EDGE('',*,*,#2863,.T.);
#3876=ORIENTED_EDGE('',*,*,#2860,.F.);
#3877=ORIENTED_EDGE('',*,*,#2861,.F.);
#3878=ORIENTED_EDGE('',*,*,#2863,.F.);
#3879=ORIENTED_EDGE('',*,*,#2864,.F.);
#3880=ORIENTED_EDGE('',*,*,#2865,.F.);
#3881=ORIENTED_EDGE('',*,*,#2866,.F.);
#3882=ORIENTED_EDGE('',*,*,#2826,.F.);
#3883=ORIENTED_EDGE('',*,*,#2866,.T.);
#3884=ORIENTED_EDGE('',*,*,#2867,.F.);
#3885=ORIENTED_EDGE('',*,*,#2868,.T.);
#3886=ORIENTED_EDGE('',*,*,#2827,.F.);
#3887=ORIENTED_EDGE('',*,*,#2865,.T.);
#3888=ORIENTED_EDGE('',*,*,#2869,.T.);
#3889=ORIENTED_EDGE('',*,*,#2870,.T.);
#3890=ORIENTED_EDGE('',*,*,#2871,.T.);
#3891=ORIENTED_EDGE('',*,*,#2872,.T.);
#3892=ORIENTED_EDGE('',*,*,#2873,.T.);
#3893=ORIENTED_EDGE('',*,*,#2874,.T.);
#3894=ORIENTED_EDGE('',*,*,#2875,.T.);
#3895=ORIENTED_EDGE('',*,*,#2876,.T.);
#3896=ORIENTED_EDGE('',*,*,#2877,.T.);
#3897=ORIENTED_EDGE('',*,*,#2878,.T.);
#3898=ORIENTED_EDGE('',*,*,#2879,.T.);
#3899=ORIENTED_EDGE('',*,*,#2880,.T.);
#3900=ORIENTED_EDGE('',*,*,#2881,.T.);
#3901=ORIENTED_EDGE('',*,*,#2882,.T.);
#3902=ORIENTED_EDGE('',*,*,#2883,.T.);
#3903=ORIENTED_EDGE('',*,*,#2884,.T.);
#3904=ORIENTED_EDGE('',*,*,#2885,.T.);
#3905=ORIENTED_EDGE('',*,*,#2886,.T.);
#3906=ORIENTED_EDGE('',*,*,#2887,.T.);
#3907=ORIENTED_EDGE('',*,*,#2888,.T.);
#3908=ORIENTED_EDGE('',*,*,#2889,.T.);
#3909=ORIENTED_EDGE('',*,*,#2890,.T.);
#3910=ORIENTED_EDGE('',*,*,#2891,.T.);
#3911=ORIENTED_EDGE('',*,*,#2892,.T.);
#3912=ORIENTED_EDGE('',*,*,#2893,.T.);
#3913=ORIENTED_EDGE('',*,*,#2894,.T.);
#3914=ORIENTED_EDGE('',*,*,#2867,.T.);
#3915=ORIENTED_EDGE('',*,*,#2603,.T.);
#3916=ORIENTED_EDGE('',*,*,#2652,.T.);
#3917=ORIENTED_EDGE('',*,*,#2848,.F.);
#3918=ORIENTED_EDGE('',*,*,#2895,.F.);
#3919=ORIENTED_EDGE('',*,*,#2896,.F.);
#3920=ORIENTED_EDGE('',*,*,#2897,.F.);
#3921=ORIENTED_EDGE('',*,*,#2849,.F.);
#3922=ORIENTED_EDGE('',*,*,#2897,.T.);
#3923=ORIENTED_EDGE('',*,*,#2898,.F.);
#3924=ORIENTED_EDGE('',*,*,#2796,.T.);
#3925=ORIENTED_EDGE('',*,*,#2898,.T.);
#3926=ORIENTED_EDGE('',*,*,#2896,.T.);
#3927=ORIENTED_EDGE('',*,*,#2899,.T.);
#3928=ORIENTED_EDGE('',*,*,#2900,.T.);
#3929=ORIENTED_EDGE('',*,*,#2889,.F.);
#3930=ORIENTED_EDGE('',*,*,#2901,.F.);
#3931=ORIENTED_EDGE('',*,*,#2902,.F.);
#3932=ORIENTED_EDGE('',*,*,#2903,.T.);
#3933=ORIENTED_EDGE('',*,*,#2904,.T.);
#3934=ORIENTED_EDGE('',*,*,#2850,.F.);
#3935=ORIENTED_EDGE('',*,*,#2846,.F.);
#3936=ORIENTED_EDGE('',*,*,#2832,.F.);
#3937=ORIENTED_EDGE('',*,*,#2905,.F.);
#3938=ORIENTED_EDGE('',*,*,#2890,.F.);
#3939=ORIENTED_EDGE('',*,*,#2900,.F.);
#3940=ORIENTED_EDGE('',*,*,#2906,.F.);
#3941=ORIENTED_EDGE('',*,*,#2895,.T.);
#3942=ORIENTED_EDGE('',*,*,#2847,.F.);
#3943=ORIENTED_EDGE('',*,*,#2906,.T.);
#3944=ORIENTED_EDGE('',*,*,#2899,.F.);
#3945=ORIENTED_EDGE('',*,*,#2830,.F.);
#3946=ORIENTED_EDGE('',*,*,#2907,.T.);
#3947=ORIENTED_EDGE('',*,*,#2892,.F.);
#3948=ORIENTED_EDGE('',*,*,#2908,.F.);
#3949=ORIENTED_EDGE('',*,*,#2829,.F.);
#3950=ORIENTED_EDGE('',*,*,#2909,.T.);
#3951=ORIENTED_EDGE('',*,*,#2893,.F.);
#3952=ORIENTED_EDGE('',*,*,#2907,.F.);
#3953=ORIENTED_EDGE('',*,*,#2828,.F.);
#3954=ORIENTED_EDGE('',*,*,#2868,.F.);
#3955=ORIENTED_EDGE('',*,*,#2894,.F.);
#3956=ORIENTED_EDGE('',*,*,#2909,.F.);
#3957=ORIENTED_EDGE('',*,*,#2905,.T.);
#3958=ORIENTED_EDGE('',*,*,#2831,.F.);
#3959=ORIENTED_EDGE('',*,*,#2908,.T.);
#3960=ORIENTED_EDGE('',*,*,#2891,.F.);
#3961=ORIENTED_EDGE('',*,*,#2858,.T.);
#3962=ORIENTED_EDGE('',*,*,#2817,.T.);
#3963=ORIENTED_EDGE('',*,*,#2851,.T.);
#3964=ORIENTED_EDGE('',*,*,#2904,.F.);
#3965=ORIENTED_EDGE('',*,*,#2910,.F.);
#3966=ORIENTED_EDGE('',*,*,#2911,.F.);
#3967=ORIENTED_EDGE('',*,*,#2912,.F.);
#3968=ORIENTED_EDGE('',*,*,#2913,.F.);
#3969=ORIENTED_EDGE('',*,*,#2914,.F.);
#3970=ORIENTED_EDGE('',*,*,#2912,.T.);
#3971=ORIENTED_EDGE('',*,*,#2915,.F.);
#3972=ORIENTED_EDGE('',*,*,#2916,.F.);
#3973=ORIENTED_EDGE('',*,*,#2917,.F.);
#3974=ORIENTED_EDGE('',*,*,#2915,.T.);
#3975=ORIENTED_EDGE('',*,*,#2911,.T.);
#3976=ORIENTED_EDGE('',*,*,#2918,.F.);
#3977=ORIENTED_EDGE('',*,*,#2903,.F.);
#3978=ORIENTED_EDGE('',*,*,#2919,.F.);
#3979=ORIENTED_EDGE('',*,*,#2918,.T.);
#3980=ORIENTED_EDGE('',*,*,#2910,.T.);
#3981=ORIENTED_EDGE('',*,*,#2856,.T.);
#3982=ORIENTED_EDGE('',*,*,#2859,.F.);
#3983=ORIENTED_EDGE('',*,*,#2913,.T.);
#3984=ORIENTED_EDGE('',*,*,#2914,.T.);
#3985=ORIENTED_EDGE('',*,*,#2920,.F.);
#3986=ORIENTED_EDGE('',*,*,#2921,.F.);
#3987=ORIENTED_EDGE('',*,*,#2869,.F.);
#3988=ORIENTED_EDGE('',*,*,#2864,.T.);
#3989=ORIENTED_EDGE('',*,*,#2862,.T.);
#3990=ORIENTED_EDGE('',*,*,#2852,.T.);
#3991=ORIENTED_EDGE('',*,*,#2922,.F.);
#3992=ORIENTED_EDGE('',*,*,#2923,.F.);
#3993=ORIENTED_EDGE('',*,*,#2874,.F.);
#3994=ORIENTED_EDGE('',*,*,#2924,.F.);
#3995=ORIENTED_EDGE('',*,*,#2923,.T.);
#3996=ORIENTED_EDGE('',*,*,#2925,.F.);
#3997=ORIENTED_EDGE('',*,*,#2926,.T.);
#3998=ORIENTED_EDGE('',*,*,#2875,.F.);
#3999=ORIENTED_EDGE('',*,*,#2919,.T.);
#4000=ORIENTED_EDGE('',*,*,#2902,.T.);
#4001=ORIENTED_EDGE('',*,*,#2927,.T.);
#4002=ORIENTED_EDGE('',*,*,#2928,.T.);
#4003=ORIENTED_EDGE('',*,*,#2929,.T.);
#4004=ORIENTED_EDGE('',*,*,#2930,.T.);
#4005=ORIENTED_EDGE('',*,*,#2931,.T.);
#4006=ORIENTED_EDGE('',*,*,#2932,.T.);
#4007=ORIENTED_EDGE('',*,*,#2933,.T.);
#4008=ORIENTED_EDGE('',*,*,#2934,.T.);
#4009=ORIENTED_EDGE('',*,*,#2935,.T.);
#4010=ORIENTED_EDGE('',*,*,#2936,.T.);
#4011=ORIENTED_EDGE('',*,*,#2937,.T.);
#4012=ORIENTED_EDGE('',*,*,#2938,.T.);
#4013=ORIENTED_EDGE('',*,*,#2939,.T.);
#4014=ORIENTED_EDGE('',*,*,#2925,.T.);
#4015=ORIENTED_EDGE('',*,*,#2922,.T.);
#4016=ORIENTED_EDGE('',*,*,#2940,.T.);
#4017=ORIENTED_EDGE('',*,*,#2941,.T.);
#4018=ORIENTED_EDGE('',*,*,#2942,.T.);
#4019=ORIENTED_EDGE('',*,*,#2943,.T.);
#4020=ORIENTED_EDGE('',*,*,#2920,.T.);
#4021=ORIENTED_EDGE('',*,*,#2916,.T.);
#4022=ORIENTED_EDGE('',*,*,#2917,.T.);
#4023=ORIENTED_EDGE('',*,*,#2651,.T.);
#4024=ORIENTED_EDGE('',*,*,#2700,.T.);
#4025=ORIENTED_EDGE('',*,*,#2944,.F.);
#4026=ORIENTED_EDGE('',*,*,#2876,.F.);
#4027=ORIENTED_EDGE('',*,*,#2926,.F.);
#4028=ORIENTED_EDGE('',*,*,#2939,.F.);
#4029=ORIENTED_EDGE('',*,*,#2945,.F.);
#4030=ORIENTED_EDGE('',*,*,#2941,.F.);
#4031=ORIENTED_EDGE('',*,*,#2946,.T.);
#4032=ORIENTED_EDGE('',*,*,#2872,.F.);
#4033=ORIENTED_EDGE('',*,*,#2924,.T.);
#4034=ORIENTED_EDGE('',*,*,#2873,.F.);
#4035=ORIENTED_EDGE('',*,*,#2946,.F.);
#4036=ORIENTED_EDGE('',*,*,#2940,.F.);
#4037=ORIENTED_EDGE('',*,*,#2944,.T.);
#4038=ORIENTED_EDGE('',*,*,#2938,.F.);
#4039=ORIENTED_EDGE('',*,*,#2947,.T.);
#4040=ORIENTED_EDGE('',*,*,#2877,.F.);
#4041=ORIENTED_EDGE('',*,*,#2931,.F.);
#4042=ORIENTED_EDGE('',*,*,#2948,.F.);
#4043=ORIENTED_EDGE('',*,*,#2884,.F.);
#4044=ORIENTED_EDGE('',*,*,#2949,.F.);
#4045=ORIENTED_EDGE('',*,*,#2949,.T.);
#4046=ORIENTED_EDGE('',*,*,#2883,.F.);
#4047=ORIENTED_EDGE('',*,*,#2950,.F.);
#4048=ORIENTED_EDGE('',*,*,#2932,.F.);
#4049=ORIENTED_EDGE('',*,*,#2951,.F.);
#4050=ORIENTED_EDGE('',*,*,#2933,.F.);
#4051=ORIENTED_EDGE('',*,*,#2950,.T.);
#4052=ORIENTED_EDGE('',*,*,#2882,.F.);
#4053=ORIENTED_EDGE('',*,*,#2952,.F.);
#4054=ORIENTED_EDGE('',*,*,#2886,.F.);
#4055=ORIENTED_EDGE('',*,*,#2953,.F.);
#4056=ORIENTED_EDGE('',*,*,#2929,.F.);
#4057=ORIENTED_EDGE('',*,*,#2948,.T.);
#4058=ORIENTED_EDGE('',*,*,#2930,.F.);
#4059=ORIENTED_EDGE('',*,*,#2953,.T.);
#4060=ORIENTED_EDGE('',*,*,#2885,.F.);
#4061=ORIENTED_EDGE('',*,*,#2951,.T.);
#4062=ORIENTED_EDGE('',*,*,#2881,.F.);
#4063=ORIENTED_EDGE('',*,*,#2954,.F.);
#4064=ORIENTED_EDGE('',*,*,#2934,.F.);
#4065=ORIENTED_EDGE('',*,*,#2921,.T.);
#4066=ORIENTED_EDGE('',*,*,#2943,.F.);
#4067=ORIENTED_EDGE('',*,*,#2955,.T.);
#4068=ORIENTED_EDGE('',*,*,#2870,.F.);
#4069=ORIENTED_EDGE('',*,*,#2956,.T.);
#4070=ORIENTED_EDGE('',*,*,#2878,.F.);
#4071=ORIENTED_EDGE('',*,*,#2947,.F.);
#4072=ORIENTED_EDGE('',*,*,#2937,.F.);
#4073=ORIENTED_EDGE('',*,*,#2901,.T.);
#4074=ORIENTED_EDGE('',*,*,#2888,.F.);
#4075=ORIENTED_EDGE('',*,*,#2957,.F.);
#4076=ORIENTED_EDGE('',*,*,#2927,.F.);
#4077=ORIENTED_EDGE('',*,*,#2958,.F.);
#4078=ORIENTED_EDGE('',*,*,#2935,.F.);
#4079=ORIENTED_EDGE('',*,*,#2954,.T.);
#4080=ORIENTED_EDGE('',*,*,#2880,.F.);
#4081=ORIENTED_EDGE('',*,*,#2952,.T.);
#4082=ORIENTED_EDGE('',*,*,#2928,.F.);
#4083=ORIENTED_EDGE('',*,*,#2957,.T.);
#4084=ORIENTED_EDGE('',*,*,#2887,.F.);
#4085=ORIENTED_EDGE('',*,*,#2945,.T.);
#4086=ORIENTED_EDGE('',*,*,#2871,.F.);
#4087=ORIENTED_EDGE('',*,*,#2955,.F.);
#4088=ORIENTED_EDGE('',*,*,#2942,.F.);
#4089=ORIENTED_EDGE('',*,*,#2958,.T.);
#4090=ORIENTED_EDGE('',*,*,#2879,.F.);
#4091=ORIENTED_EDGE('',*,*,#2956,.F.);
#4092=ORIENTED_EDGE('',*,*,#2936,.F.);
#4093=ORIENTED_EDGE('',*,*,#2959,.T.);
#4094=ORIENTED_EDGE('',*,*,#2960,.T.);
#4095=ORIENTED_EDGE('',*,*,#2961,.T.);
#4096=ORIENTED_EDGE('',*,*,#2962,.T.);
#4097=ORIENTED_EDGE('',*,*,#2963,.T.);
#4098=ORIENTED_EDGE('',*,*,#2964,.T.);
#4099=ORIENTED_EDGE('',*,*,#2965,.T.);
#4100=ORIENTED_EDGE('',*,*,#2966,.T.);
#4101=ORIENTED_EDGE('',*,*,#2961,.F.);
#4102=ORIENTED_EDGE('',*,*,#2967,.F.);
#4103=ORIENTED_EDGE('',*,*,#2968,.F.);
#4104=ORIENTED_EDGE('',*,*,#2969,.F.);
#4105=ORIENTED_EDGE('',*,*,#2963,.F.);
#4106=ORIENTED_EDGE('',*,*,#2970,.F.);
#4107=ORIENTED_EDGE('',*,*,#2971,.F.);
#4108=ORIENTED_EDGE('',*,*,#2972,.F.);
#4109=ORIENTED_EDGE('',*,*,#2962,.F.);
#4110=ORIENTED_EDGE('',*,*,#2969,.T.);
#4111=ORIENTED_EDGE('',*,*,#2973,.F.);
#4112=ORIENTED_EDGE('',*,*,#2964,.F.);
#4113=ORIENTED_EDGE('',*,*,#2972,.T.);
#4114=ORIENTED_EDGE('',*,*,#2974,.F.);
#4115=ORIENTED_EDGE('',*,*,#2959,.F.);
#4116=ORIENTED_EDGE('',*,*,#2974,.T.);
#4117=ORIENTED_EDGE('',*,*,#2971,.T.);
#4118=ORIENTED_EDGE('',*,*,#2975,.T.);
#4119=ORIENTED_EDGE('',*,*,#2965,.F.);
#4120=ORIENTED_EDGE('',*,*,#2973,.T.);
#4121=ORIENTED_EDGE('',*,*,#2968,.T.);
#4122=ORIENTED_EDGE('',*,*,#2976,.T.);
#4123=ORIENTED_EDGE('',*,*,#2960,.F.);
#4124=ORIENTED_EDGE('',*,*,#2975,.F.);
#4125=ORIENTED_EDGE('',*,*,#2970,.T.);
#4126=ORIENTED_EDGE('',*,*,#2966,.F.);
#4127=ORIENTED_EDGE('',*,*,#2976,.F.);
#4128=ORIENTED_EDGE('',*,*,#2967,.T.);
#4129=ORIENTED_EDGE('',*,*,#2977,.T.);
#4130=ORIENTED_EDGE('',*,*,#2978,.T.);
#4131=ORIENTED_EDGE('',*,*,#2979,.T.);
#4132=ORIENTED_EDGE('',*,*,#2980,.T.);
#4133=ORIENTED_EDGE('',*,*,#2981,.T.);
#4134=ORIENTED_EDGE('',*,*,#2982,.T.);
#4135=ORIENTED_EDGE('',*,*,#2983,.T.);
#4136=ORIENTED_EDGE('',*,*,#2984,.T.);
#4137=ORIENTED_EDGE('',*,*,#2979,.F.);
#4138=ORIENTED_EDGE('',*,*,#2985,.F.);
#4139=ORIENTED_EDGE('',*,*,#2986,.F.);
#4140=ORIENTED_EDGE('',*,*,#2987,.F.);
#4141=ORIENTED_EDGE('',*,*,#2981,.F.);
#4142=ORIENTED_EDGE('',*,*,#2988,.F.);
#4143=ORIENTED_EDGE('',*,*,#2989,.F.);
#4144=ORIENTED_EDGE('',*,*,#2990,.F.);
#4145=ORIENTED_EDGE('',*,*,#2980,.F.);
#4146=ORIENTED_EDGE('',*,*,#2987,.T.);
#4147=ORIENTED_EDGE('',*,*,#2991,.F.);
#4148=ORIENTED_EDGE('',*,*,#2982,.F.);
#4149=ORIENTED_EDGE('',*,*,#2990,.T.);
#4150=ORIENTED_EDGE('',*,*,#2992,.F.);
#4151=ORIENTED_EDGE('',*,*,#2977,.F.);
#4152=ORIENTED_EDGE('',*,*,#2992,.T.);
#4153=ORIENTED_EDGE('',*,*,#2989,.T.);
#4154=ORIENTED_EDGE('',*,*,#2993,.T.);
#4155=ORIENTED_EDGE('',*,*,#2983,.F.);
#4156=ORIENTED_EDGE('',*,*,#2991,.T.);
#4157=ORIENTED_EDGE('',*,*,#2986,.T.);
#4158=ORIENTED_EDGE('',*,*,#2994,.T.);
#4159=ORIENTED_EDGE('',*,*,#2978,.F.);
#4160=ORIENTED_EDGE('',*,*,#2993,.F.);
#4161=ORIENTED_EDGE('',*,*,#2988,.T.);
#4162=ORIENTED_EDGE('',*,*,#2984,.F.);
#4163=ORIENTED_EDGE('',*,*,#2994,.F.);
#4164=ORIENTED_EDGE('',*,*,#2985,.T.);
#4165=ORIENTED_EDGE('',*,*,#2995,.F.);
#4166=ORIENTED_EDGE('',*,*,#2996,.T.);
#4167=ORIENTED_EDGE('',*,*,#2997,.F.);
#4168=ORIENTED_EDGE('',*,*,#2996,.F.);
#4169=ORIENTED_EDGE('',*,*,#2997,.T.);
#4170=ORIENTED_EDGE('',*,*,#2995,.T.);
#4171=ORIENTED_EDGE('',*,*,#2998,.F.);
#4172=ORIENTED_EDGE('',*,*,#2999,.T.);
#4173=ORIENTED_EDGE('',*,*,#3000,.F.);
#4174=ORIENTED_EDGE('',*,*,#2999,.F.);
#4175=ORIENTED_EDGE('',*,*,#3000,.T.);
#4176=ORIENTED_EDGE('',*,*,#2998,.T.);
#4177=ORIENTED_EDGE('',*,*,#3001,.T.);
#4178=ORIENTED_EDGE('',*,*,#3002,.T.);
#4179=ORIENTED_EDGE('',*,*,#3003,.T.);
#4180=ORIENTED_EDGE('',*,*,#3004,.T.);
#4181=ORIENTED_EDGE('',*,*,#3005,.T.);
#4182=ORIENTED_EDGE('',*,*,#3006,.T.);
#4183=ORIENTED_EDGE('',*,*,#3003,.F.);
#4184=ORIENTED_EDGE('',*,*,#3007,.T.);
#4185=ORIENTED_EDGE('',*,*,#3008,.T.);
#4186=ORIENTED_EDGE('',*,*,#3009,.T.);
#4187=ORIENTED_EDGE('',*,*,#3005,.F.);
#4188=ORIENTED_EDGE('',*,*,#3010,.T.);
#4189=ORIENTED_EDGE('',*,*,#3011,.T.);
#4190=ORIENTED_EDGE('',*,*,#3012,.T.);
#4191=ORIENTED_EDGE('',*,*,#3008,.F.);
#4192=ORIENTED_EDGE('',*,*,#3013,.T.);
#4193=ORIENTED_EDGE('',*,*,#3014,.T.);
#4194=ORIENTED_EDGE('',*,*,#3015,.T.);
#4195=ORIENTED_EDGE('',*,*,#3011,.F.);
#4196=ORIENTED_EDGE('',*,*,#3016,.T.);
#4197=ORIENTED_EDGE('',*,*,#3017,.T.);
#4198=ORIENTED_EDGE('',*,*,#3018,.T.);
#4199=ORIENTED_EDGE('',*,*,#3014,.F.);
#4200=ORIENTED_EDGE('',*,*,#3019,.T.);
#4201=ORIENTED_EDGE('',*,*,#3020,.T.);
#4202=ORIENTED_EDGE('',*,*,#3021,.T.);
#4203=ORIENTED_EDGE('',*,*,#3017,.F.);
#4204=ORIENTED_EDGE('',*,*,#3022,.T.);
#4205=ORIENTED_EDGE('',*,*,#3001,.F.);
#4206=ORIENTED_EDGE('',*,*,#3023,.T.);
#4207=ORIENTED_EDGE('',*,*,#3020,.F.);
#4208=ORIENTED_EDGE('',*,*,#3024,.T.);
#4209=ORIENTED_EDGE('',*,*,#3013,.F.);
#4210=ORIENTED_EDGE('',*,*,#3025,.T.);
#4211=ORIENTED_EDGE('',*,*,#3026,.F.);
#4212=ORIENTED_EDGE('',*,*,#3027,.F.);
#4213=ORIENTED_EDGE('',*,*,#3010,.F.);
#4214=ORIENTED_EDGE('',*,*,#3028,.T.);
#4215=ORIENTED_EDGE('',*,*,#3029,.F.);
#4216=ORIENTED_EDGE('',*,*,#3025,.F.);
#4217=ORIENTED_EDGE('',*,*,#3007,.F.);
#4218=ORIENTED_EDGE('',*,*,#3030,.T.);
#4219=ORIENTED_EDGE('',*,*,#3031,.F.);
#4220=ORIENTED_EDGE('',*,*,#3028,.F.);
#4221=ORIENTED_EDGE('',*,*,#3002,.F.);
#4222=ORIENTED_EDGE('',*,*,#3032,.T.);
#4223=ORIENTED_EDGE('',*,*,#3033,.F.);
#4224=ORIENTED_EDGE('',*,*,#3030,.F.);
#4225=ORIENTED_EDGE('',*,*,#3004,.F.);
#4226=ORIENTED_EDGE('',*,*,#3006,.F.);
#4227=ORIENTED_EDGE('',*,*,#3009,.F.);
#4228=ORIENTED_EDGE('',*,*,#3012,.F.);
#4229=ORIENTED_EDGE('',*,*,#3015,.F.);
#4230=ORIENTED_EDGE('',*,*,#3018,.F.);
#4231=ORIENTED_EDGE('',*,*,#3021,.F.);
#4232=ORIENTED_EDGE('',*,*,#3023,.F.);
#4233=ORIENTED_EDGE('',*,*,#3034,.F.);
#4234=ORIENTED_EDGE('',*,*,#3035,.F.);
#4235=ORIENTED_EDGE('',*,*,#3036,.F.);
#4236=ORIENTED_EDGE('',*,*,#3037,.F.);
#4237=ORIENTED_EDGE('',*,*,#3038,.F.);
#4238=ORIENTED_EDGE('',*,*,#3039,.F.);
#4239=ORIENTED_EDGE('',*,*,#3040,.F.);
#4240=ORIENTED_EDGE('',*,*,#3041,.F.);
#4241=ORIENTED_EDGE('',*,*,#3042,.T.);
#4242=ORIENTED_EDGE('',*,*,#3043,.T.);
#4243=ORIENTED_EDGE('',*,*,#3044,.T.);
#4244=ORIENTED_EDGE('',*,*,#3034,.T.);
#4245=ORIENTED_EDGE('',*,*,#3045,.T.);
#4246=ORIENTED_EDGE('',*,*,#3035,.T.);
#4247=ORIENTED_EDGE('',*,*,#3044,.F.);
#4248=ORIENTED_EDGE('',*,*,#3046,.T.);
#4249=ORIENTED_EDGE('',*,*,#3047,.T.);
#4250=ORIENTED_EDGE('',*,*,#3036,.T.);
#4251=ORIENTED_EDGE('',*,*,#3045,.F.);
#4252=ORIENTED_EDGE('',*,*,#3048,.T.);
#4253=ORIENTED_EDGE('',*,*,#3049,.T.);
#4254=ORIENTED_EDGE('',*,*,#3037,.T.);
#4255=ORIENTED_EDGE('',*,*,#3047,.F.);
#4256=ORIENTED_EDGE('',*,*,#3050,.T.);
#4257=ORIENTED_EDGE('',*,*,#3051,.T.);
#4258=ORIENTED_EDGE('',*,*,#3038,.T.);
#4259=ORIENTED_EDGE('',*,*,#3049,.F.);
#4260=ORIENTED_EDGE('',*,*,#3052,.T.);
#4261=ORIENTED_EDGE('',*,*,#3053,.T.);
#4262=ORIENTED_EDGE('',*,*,#3039,.T.);
#4263=ORIENTED_EDGE('',*,*,#3051,.F.);
#4264=ORIENTED_EDGE('',*,*,#3054,.T.);
#4265=ORIENTED_EDGE('',*,*,#3055,.T.);
#4266=ORIENTED_EDGE('',*,*,#3040,.T.);
#4267=ORIENTED_EDGE('',*,*,#3053,.F.);
#4268=ORIENTED_EDGE('',*,*,#3056,.T.);
#4269=ORIENTED_EDGE('',*,*,#3042,.F.);
#4270=ORIENTED_EDGE('',*,*,#3041,.T.);
#4271=ORIENTED_EDGE('',*,*,#3055,.F.);
#4272=ORIENTED_EDGE('',*,*,#3057,.T.);
#4273=ORIENTED_EDGE('',*,*,#3050,.F.);
#4274=ORIENTED_EDGE('',*,*,#3058,.T.);
#4275=ORIENTED_EDGE('',*,*,#3059,.F.);
#4276=ORIENTED_EDGE('',*,*,#3060,.F.);
#4277=ORIENTED_EDGE('',*,*,#3048,.F.);
#4278=ORIENTED_EDGE('',*,*,#3061,.T.);
#4279=ORIENTED_EDGE('',*,*,#3062,.F.);
#4280=ORIENTED_EDGE('',*,*,#3058,.F.);
#4281=ORIENTED_EDGE('',*,*,#3046,.F.);
#4282=ORIENTED_EDGE('',*,*,#3063,.T.);
#4283=ORIENTED_EDGE('',*,*,#3064,.F.);
#4284=ORIENTED_EDGE('',*,*,#3061,.F.);
#4285=ORIENTED_EDGE('',*,*,#3043,.F.);
#4286=ORIENTED_EDGE('',*,*,#3065,.T.);
#4287=ORIENTED_EDGE('',*,*,#3066,.F.);
#4288=ORIENTED_EDGE('',*,*,#3063,.F.);
#4289=ORIENTED_EDGE('',*,*,#3067,.F.);
#4290=ORIENTED_EDGE('',*,*,#3068,.F.);
#4291=ORIENTED_EDGE('',*,*,#3069,.T.);
#4292=ORIENTED_EDGE('',*,*,#3070,.T.);
#4293=ORIENTED_EDGE('',*,*,#3071,.F.);
#4294=ORIENTED_EDGE('',*,*,#3070,.F.);
#4295=ORIENTED_EDGE('',*,*,#3072,.T.);
#4296=ORIENTED_EDGE('',*,*,#3073,.T.);
#4297=ORIENTED_EDGE('',*,*,#3074,.F.);
#4298=ORIENTED_EDGE('',*,*,#3075,.F.);
#4299=ORIENTED_EDGE('',*,*,#3072,.F.);
#4300=ORIENTED_EDGE('',*,*,#3069,.F.);
#4301=ORIENTED_EDGE('',*,*,#3076,.F.);
#4302=ORIENTED_EDGE('',*,*,#3073,.F.);
#4303=ORIENTED_EDGE('',*,*,#3075,.T.);
#4304=ORIENTED_EDGE('',*,*,#3077,.T.);
#4305=ORIENTED_EDGE('',*,*,#3078,.F.);
#4306=ORIENTED_EDGE('',*,*,#3077,.F.);
#4307=ORIENTED_EDGE('',*,*,#3074,.T.);
#4308=ORIENTED_EDGE('',*,*,#3068,.T.);
#4309=ORIENTED_EDGE('',*,*,#3079,.F.);
#4310=ORIENTED_EDGE('',*,*,#3080,.F.);
#4311=ORIENTED_EDGE('',*,*,#3081,.T.);
#4312=ORIENTED_EDGE('',*,*,#3082,.T.);
#4313=ORIENTED_EDGE('',*,*,#3083,.F.);
#4314=ORIENTED_EDGE('',*,*,#3082,.F.);
#4315=ORIENTED_EDGE('',*,*,#3084,.T.);
#4316=ORIENTED_EDGE('',*,*,#3085,.T.);
#4317=ORIENTED_EDGE('',*,*,#3086,.F.);
#4318=ORIENTED_EDGE('',*,*,#3087,.F.);
#4319=ORIENTED_EDGE('',*,*,#3084,.F.);
#4320=ORIENTED_EDGE('',*,*,#3081,.F.);
#4321=ORIENTED_EDGE('',*,*,#3088,.F.);
#4322=ORIENTED_EDGE('',*,*,#3085,.F.);
#4323=ORIENTED_EDGE('',*,*,#3087,.T.);
#4324=ORIENTED_EDGE('',*,*,#3089,.T.);
#4325=ORIENTED_EDGE('',*,*,#3090,.F.);
#4326=ORIENTED_EDGE('',*,*,#3089,.F.);
#4327=ORIENTED_EDGE('',*,*,#3086,.T.);
#4328=ORIENTED_EDGE('',*,*,#3080,.T.);
#4329=ORIENTED_EDGE('',*,*,#3091,.T.);
#4330=ORIENTED_EDGE('',*,*,#3092,.F.);
#4331=ORIENTED_EDGE('',*,*,#3093,.F.);
#4332=ORIENTED_EDGE('',*,*,#3094,.F.);
#4333=ORIENTED_EDGE('',*,*,#3095,.T.);
#4334=ORIENTED_EDGE('',*,*,#3096,.F.);
#4335=ORIENTED_EDGE('',*,*,#3097,.F.);
#4336=ORIENTED_EDGE('',*,*,#3098,.F.);
#4337=ORIENTED_EDGE('',*,*,#3099,.F.);
#4338=ORIENTED_EDGE('',*,*,#3100,.F.);
#4339=ORIENTED_EDGE('',*,*,#3101,.T.);
#4340=ORIENTED_EDGE('',*,*,#3102,.F.);
#4341=ORIENTED_EDGE('',*,*,#3103,.T.);
#4342=ORIENTED_EDGE('',*,*,#3096,.T.);
#4343=ORIENTED_EDGE('',*,*,#3104,.T.);
#4344=ORIENTED_EDGE('',*,*,#3105,.T.);
#4345=ORIENTED_EDGE('',*,*,#3106,.T.);
#4346=ORIENTED_EDGE('',*,*,#3102,.T.);
#4347=ORIENTED_EDGE('',*,*,#3107,.T.);
#4348=ORIENTED_EDGE('',*,*,#3092,.T.);
#4349=ORIENTED_EDGE('',*,*,#3108,.F.);
#4350=ORIENTED_EDGE('',*,*,#3109,.F.);
#4351=ORIENTED_EDGE('',*,*,#3110,.T.);
#4352=ORIENTED_EDGE('',*,*,#3105,.F.);
#4353=ORIENTED_EDGE('',*,*,#3099,.T.);
#4354=ORIENTED_EDGE('',*,*,#3106,.F.);
#4355=ORIENTED_EDGE('',*,*,#3110,.F.);
#4356=ORIENTED_EDGE('',*,*,#3111,.F.);
#4357=ORIENTED_EDGE('',*,*,#3097,.T.);
#4358=ORIENTED_EDGE('',*,*,#3103,.F.);
#4359=ORIENTED_EDGE('',*,*,#3091,.F.);
#4360=ORIENTED_EDGE('',*,*,#3112,.F.);
#4361=ORIENTED_EDGE('',*,*,#3108,.T.);
#4362=ORIENTED_EDGE('',*,*,#3104,.F.);
#4363=ORIENTED_EDGE('',*,*,#3095,.F.);
#4364=ORIENTED_EDGE('',*,*,#3113,.F.);
#4365=ORIENTED_EDGE('',*,*,#3093,.T.);
#4366=ORIENTED_EDGE('',*,*,#3107,.F.);
#4367=ORIENTED_EDGE('',*,*,#3101,.F.);
#4368=ORIENTED_EDGE('',*,*,#3114,.F.);
#4369=ORIENTED_EDGE('',*,*,#3115,.T.);
#4370=ORIENTED_EDGE('',*,*,#3116,.F.);
#4371=ORIENTED_EDGE('',*,*,#3117,.F.);
#4372=ORIENTED_EDGE('',*,*,#3118,.F.);
#4373=ORIENTED_EDGE('',*,*,#3119,.T.);
#4374=ORIENTED_EDGE('',*,*,#3120,.F.);
#4375=ORIENTED_EDGE('',*,*,#3121,.F.);
#4376=ORIENTED_EDGE('',*,*,#3122,.F.);
#4377=ORIENTED_EDGE('',*,*,#3123,.F.);
#4378=ORIENTED_EDGE('',*,*,#3124,.F.);
#4379=ORIENTED_EDGE('',*,*,#3125,.T.);
#4380=ORIENTED_EDGE('',*,*,#3126,.F.);
#4381=ORIENTED_EDGE('',*,*,#3127,.T.);
#4382=ORIENTED_EDGE('',*,*,#3120,.T.);
#4383=ORIENTED_EDGE('',*,*,#3128,.T.);
#4384=ORIENTED_EDGE('',*,*,#3129,.T.);
#4385=ORIENTED_EDGE('',*,*,#3130,.T.);
#4386=ORIENTED_EDGE('',*,*,#3126,.T.);
#4387=ORIENTED_EDGE('',*,*,#3131,.T.);
#4388=ORIENTED_EDGE('',*,*,#3116,.T.);
#4389=ORIENTED_EDGE('',*,*,#3132,.F.);
#4390=ORIENTED_EDGE('',*,*,#3133,.F.);
#4391=ORIENTED_EDGE('',*,*,#3134,.T.);
#4392=ORIENTED_EDGE('',*,*,#3129,.F.);
#4393=ORIENTED_EDGE('',*,*,#3123,.T.);
#4394=ORIENTED_EDGE('',*,*,#3130,.F.);
#4395=ORIENTED_EDGE('',*,*,#3134,.F.);
#4396=ORIENTED_EDGE('',*,*,#3135,.F.);
#4397=ORIENTED_EDGE('',*,*,#3121,.T.);
#4398=ORIENTED_EDGE('',*,*,#3127,.F.);
#4399=ORIENTED_EDGE('',*,*,#3115,.F.);
#4400=ORIENTED_EDGE('',*,*,#3136,.F.);
#4401=ORIENTED_EDGE('',*,*,#3132,.T.);
#4402=ORIENTED_EDGE('',*,*,#3128,.F.);
#4403=ORIENTED_EDGE('',*,*,#3119,.F.);
#4404=ORIENTED_EDGE('',*,*,#3137,.F.);
#4405=ORIENTED_EDGE('',*,*,#3117,.T.);
#4406=ORIENTED_EDGE('',*,*,#3131,.F.);
#4407=ORIENTED_EDGE('',*,*,#3125,.F.);
#4408=ORIENTED_EDGE('',*,*,#3138,.F.);
#4409=ORIENTED_EDGE('',*,*,#3056,.F.);
#4410=ORIENTED_EDGE('',*,*,#3139,.T.);
#4411=ORIENTED_EDGE('',*,*,#3140,.F.);
#4412=ORIENTED_EDGE('',*,*,#3141,.F.);
#4413=ORIENTED_EDGE('',*,*,#3052,.F.);
#4414=ORIENTED_EDGE('',*,*,#3060,.T.);
#4415=ORIENTED_EDGE('',*,*,#3142,.F.);
#4416=ORIENTED_EDGE('',*,*,#3143,.F.);
#4417=ORIENTED_EDGE('',*,*,#3054,.F.);
#4418=ORIENTED_EDGE('',*,*,#3143,.T.);
#4419=ORIENTED_EDGE('',*,*,#3144,.F.);
#4420=ORIENTED_EDGE('',*,*,#3139,.F.);
#4421=ORIENTED_EDGE('',*,*,#3057,.F.);
#4422=ORIENTED_EDGE('',*,*,#3141,.T.);
#4423=ORIENTED_EDGE('',*,*,#3145,.F.);
#4424=ORIENTED_EDGE('',*,*,#3065,.F.);
#4425=ORIENTED_EDGE('',*,*,#3022,.F.);
#4426=ORIENTED_EDGE('',*,*,#3146,.T.);
#4427=ORIENTED_EDGE('',*,*,#3147,.F.);
#4428=ORIENTED_EDGE('',*,*,#3148,.F.);
#4429=ORIENTED_EDGE('',*,*,#3149,.T.);
#4430=ORIENTED_EDGE('',*,*,#3147,.T.);
#4431=ORIENTED_EDGE('',*,*,#3150,.T.);
#4432=ORIENTED_EDGE('',*,*,#3151,.T.);
#4433=ORIENTED_EDGE('',*,*,#3026,.T.);
#4434=ORIENTED_EDGE('',*,*,#3029,.T.);
#4435=ORIENTED_EDGE('',*,*,#3031,.T.);
#4436=ORIENTED_EDGE('',*,*,#3033,.T.);
#4437=ORIENTED_EDGE('',*,*,#3076,.T.);
#4438=ORIENTED_EDGE('',*,*,#3078,.T.);
#4439=ORIENTED_EDGE('',*,*,#3067,.T.);
#4440=ORIENTED_EDGE('',*,*,#3071,.T.);
#4441=ORIENTED_EDGE('',*,*,#3088,.T.);
#4442=ORIENTED_EDGE('',*,*,#3090,.T.);
#4443=ORIENTED_EDGE('',*,*,#3079,.T.);
#4444=ORIENTED_EDGE('',*,*,#3083,.T.);
#4445=ORIENTED_EDGE('',*,*,#3109,.T.);
#4446=ORIENTED_EDGE('',*,*,#3113,.T.);
#4447=ORIENTED_EDGE('',*,*,#3098,.T.);
#4448=ORIENTED_EDGE('',*,*,#3112,.T.);
#4449=ORIENTED_EDGE('',*,*,#3094,.T.);
#4450=ORIENTED_EDGE('',*,*,#3114,.T.);
#4451=ORIENTED_EDGE('',*,*,#3100,.T.);
#4452=ORIENTED_EDGE('',*,*,#3111,.T.);
#4453=ORIENTED_EDGE('',*,*,#3133,.T.);
#4454=ORIENTED_EDGE('',*,*,#3137,.T.);
#4455=ORIENTED_EDGE('',*,*,#3122,.T.);
#4456=ORIENTED_EDGE('',*,*,#3136,.T.);
#4457=ORIENTED_EDGE('',*,*,#3118,.T.);
#4458=ORIENTED_EDGE('',*,*,#3138,.T.);
#4459=ORIENTED_EDGE('',*,*,#3124,.T.);
#4460=ORIENTED_EDGE('',*,*,#3135,.T.);
#4461=ORIENTED_EDGE('',*,*,#3142,.T.);
#4462=ORIENTED_EDGE('',*,*,#3059,.T.);
#4463=ORIENTED_EDGE('',*,*,#3062,.T.);
#4464=ORIENTED_EDGE('',*,*,#3064,.T.);
#4465=ORIENTED_EDGE('',*,*,#3066,.T.);
#4466=ORIENTED_EDGE('',*,*,#3145,.T.);
#4467=ORIENTED_EDGE('',*,*,#3140,.T.);
#4468=ORIENTED_EDGE('',*,*,#3144,.T.);
#4469=ORIENTED_EDGE('',*,*,#3016,.F.);
#4470=ORIENTED_EDGE('',*,*,#3027,.T.);
#4471=ORIENTED_EDGE('',*,*,#3151,.F.);
#4472=ORIENTED_EDGE('',*,*,#3152,.F.);
#4473=ORIENTED_EDGE('',*,*,#3024,.F.);
#4474=ORIENTED_EDGE('',*,*,#3148,.T.);
#4475=ORIENTED_EDGE('',*,*,#3149,.F.);
#4476=ORIENTED_EDGE('',*,*,#3032,.F.);
#4477=ORIENTED_EDGE('',*,*,#3019,.F.);
#4478=ORIENTED_EDGE('',*,*,#3152,.T.);
#4479=ORIENTED_EDGE('',*,*,#3150,.F.);
#4480=ORIENTED_EDGE('',*,*,#3146,.F.);
#4481=CYLINDRICAL_SURFACE('',#4932,1.2);
#4482=CYLINDRICAL_SURFACE('',#4935,1.2);
#4483=CYLINDRICAL_SURFACE('',#4949,1.5);
#4484=CYLINDRICAL_SURFACE('',#4952,1.5);
#4485=CYLINDRICAL_SURFACE('',#4955,1.5);
#4486=CYLINDRICAL_SURFACE('',#4958,1.5);
#4487=CYLINDRICAL_SURFACE('',#4985,0.6);
#4488=CYLINDRICAL_SURFACE('',#4990,0.6);
#4489=CYLINDRICAL_SURFACE('',#4995,0.6);
#4490=CYLINDRICAL_SURFACE('',#5000,0.6);
#4491=CYLINDRICAL_SURFACE('',#5005,0.6);
#4492=CYLINDRICAL_SURFACE('',#5010,0.6);
#4493=CYLINDRICAL_SURFACE('',#5015,0.6);
#4494=CYLINDRICAL_SURFACE('',#5020,0.6);
#4495=CYLINDRICAL_SURFACE('',#5026,2.4094010767585);
#4496=CYLINDRICAL_SURFACE('',#5057,1.3);
#4497=CYLINDRICAL_SURFACE('',#5059,2.4094010767585);
#4498=CYLINDRICAL_SURFACE('',#5090,1.3);
#4499=CYLINDRICAL_SURFACE('',#5100,1.35);
#4500=CYLINDRICAL_SURFACE('',#5111,1.35);
#4501=CYLINDRICAL_SURFACE('',#5128,1.6);
#4502=CYLINDRICAL_SURFACE('',#5130,1.6);
#4503=CYLINDRICAL_SURFACE('',#5132,1.4);
#4504=CYLINDRICAL_SURFACE('',#5142,1.4);
#4505=CYLINDRICAL_SURFACE('',#5159,1.6);
#4506=CYLINDRICAL_SURFACE('',#5161,1.6);
#4507=CYLINDRICAL_SURFACE('',#5163,1.4);
#4508=CYLINDRICAL_SURFACE('',#5173,1.4);
#4509=CYLINDRICAL_SURFACE('',#5176,2.4);
#4510=CYLINDRICAL_SURFACE('',#5178,2.4);
#4511=CYLINDRICAL_SURFACE('',#5180,2.4);
#4512=CYLINDRICAL_SURFACE('',#5182,2.4);
#4513=CYLINDRICAL_SURFACE('',#5187,3.);
#4514=CYLINDRICAL_SURFACE('',#5189,3.);
#4515=CYLINDRICAL_SURFACE('',#5195,4.3);
#4516=CYLINDRICAL_SURFACE('',#5204,3.);
#4517=CYLINDRICAL_SURFACE('',#5206,3.);
#4518=CYLINDRICAL_SURFACE('',#5209,4.3);
#4519=CYLINDRICAL_SURFACE('',#5213,3.);
#4520=CYLINDRICAL_SURFACE('',#5222,4.3);
#4521=CYLINDRICAL_SURFACE('',#5239,3.);
#4522=CYLINDRICAL_SURFACE('',#5244,1.8);
#4523=CYLINDRICAL_SURFACE('',#5248,4.3);
#4524=CYLINDRICAL_SURFACE('',#5260,1.8);
#4525=CYLINDRICAL_SURFACE('',#5262,3.8);
#4526=CYLINDRICAL_SURFACE('',#5275,3.75);
#4527=CYLINDRICAL_SURFACE('',#5276,3.75);
#4528=CYLINDRICAL_SURFACE('',#5279,3.8);
#4529=CYLINDRICAL_SURFACE('',#5281,3.75);
#4530=CYLINDRICAL_SURFACE('',#5282,3.75);
#4531=CYLINDRICAL_SURFACE('',#5285,3.);
#4532=CYLINDRICAL_SURFACE('',#5286,3.);
#4533=CYLINDRICAL_SURFACE('',#5287,3.);
#4534=CYLINDRICAL_SURFACE('',#5288,3.);
#4535=CYLINDRICAL_SURFACE('',#5309,1.2);
#4536=CYLINDRICAL_SURFACE('',#5314,1.2);
#4537=CYLINDRICAL_SURFACE('',#5325,0.4);
#4538=CYLINDRICAL_SURFACE('',#5331,0.4);
#4539=CYLINDRICAL_SURFACE('',#5337,0.4);
#4540=CYLINDRICAL_SURFACE('',#5343,0.4);
#4541=CYLINDRICAL_SURFACE('',#5345,2.);
#4542=CYLINDRICAL_SURFACE('',#5348,2.);
#4543=CYLINDRICAL_SURFACE('',#5359,0.4);
#4544=CYLINDRICAL_SURFACE('',#5364,0.4);
#4545=CYLINDRICAL_SURFACE('',#5369,0.4);
#4546=CYLINDRICAL_SURFACE('',#5374,0.4);
#4547=CYLINDRICAL_SURFACE('',#5376,0.8);
#4548=CYLINDRICAL_SURFACE('',#5379,0.8);
#4549=CYLINDRICAL_SURFACE('',#5391,0.6);
#4550=CYLINDRICAL_SURFACE('',#5394,0.6);
#4551=CYLINDRICAL_SURFACE('',#5397,0.6);
#4552=CYLINDRICAL_SURFACE('',#5402,0.6);
#4553=CYLINDRICAL_SURFACE('',#5408,0.6);
#4554=CYLINDRICAL_SURFACE('',#5411,0.6);
#4555=CYLINDRICAL_SURFACE('',#5414,0.6);
#4556=CYLINDRICAL_SURFACE('',#5419,0.6);
#4557=CYLINDRICAL_SURFACE('',#5425,0.8);
#4558=CYLINDRICAL_SURFACE('',#5427,0.8);
#4559=CYLINDRICAL_SURFACE('',#5431,2.);
#4560=CYLINDRICAL_SURFACE('',#5435,2.);
#4561=ADVANCED_FACE('',(#337),#4481,.F.);
#4562=ADVANCED_FACE('',(#338),#4482,.F.);
#4563=ADVANCED_FACE('',(#339),#143,.T.);
#4564=ADVANCED_FACE('',(#340),#144,.T.);
#4565=ADVANCED_FACE('',(#341),#145,.T.);
#4566=ADVANCED_FACE('',(#342),#146,.T.);
#4567=ADVANCED_FACE('',(#343,#107,#108,#109),#147,.T.);
#4568=ADVANCED_FACE('',(#344,#110,#111,#112),#148,.F.);
#4569=ADVANCED_FACE('',(#345),#149,.F.);
#4570=ADVANCED_FACE('',(#346),#150,.F.);
#4571=ADVANCED_FACE('',(#347),#151,.F.);
#4572=ADVANCED_FACE('',(#348),#152,.F.);
#4573=ADVANCED_FACE('',(#349),#4483,.F.);
#4574=ADVANCED_FACE('',(#350),#4484,.F.);
#4575=ADVANCED_FACE('',(#351),#4485,.F.);
#4576=ADVANCED_FACE('',(#352),#4486,.F.);
#4577=ADVANCED_FACE('',(#353,#113,#114,#115,#116),#153,.T.);
#4578=ADVANCED_FACE('',(#354,#117,#118,#119,#120),#154,.F.);
#4579=ADVANCED_FACE('',(#355),#155,.F.);
#4580=ADVANCED_FACE('',(#356),#156,.F.);
#4581=ADVANCED_FACE('',(#357),#157,.F.);
#4582=ADVANCED_FACE('',(#358),#158,.F.);
#4583=ADVANCED_FACE('',(#359),#159,.T.);
#4584=ADVANCED_FACE('',(#360),#160,.F.);
#4585=ADVANCED_FACE('',(#361),#161,.F.);
#4586=ADVANCED_FACE('',(#362),#162,.F.);
#4587=ADVANCED_FACE('',(#363),#163,.F.);
#4588=ADVANCED_FACE('',(#364),#164,.F.);
#4589=ADVANCED_FACE('',(#365),#165,.T.);
#4590=ADVANCED_FACE('',(#366),#166,.F.);
#4591=ADVANCED_FACE('',(#367),#167,.F.);
#4592=ADVANCED_FACE('',(#368),#168,.F.);
#4593=ADVANCED_FACE('',(#369),#169,.F.);
#4594=ADVANCED_FACE('',(#370),#170,.F.);
#4595=ADVANCED_FACE('',(#371),#171,.T.);
#4596=ADVANCED_FACE('',(#372),#172,.F.);
#4597=ADVANCED_FACE('',(#373),#173,.F.);
#4598=ADVANCED_FACE('',(#374),#174,.F.);
#4599=ADVANCED_FACE('',(#375),#175,.F.);
#4600=ADVANCED_FACE('',(#376),#176,.F.);
#4601=ADVANCED_FACE('',(#377),#4487,.T.);
#4602=ADVANCED_FACE('',(#378),#177,.T.);
#4603=ADVANCED_FACE('',(#379),#178,.T.);
#4604=ADVANCED_FACE('',(#380),#4488,.T.);
#4605=ADVANCED_FACE('',(#381),#179,.T.);
#4606=ADVANCED_FACE('',(#382),#180,.T.);
#4607=ADVANCED_FACE('',(#383),#4489,.T.);
#4608=ADVANCED_FACE('',(#384),#181,.T.);
#4609=ADVANCED_FACE('',(#385),#182,.T.);
#4610=ADVANCED_FACE('',(#386),#4490,.T.);
#4611=ADVANCED_FACE('',(#387),#183,.T.);
#4612=ADVANCED_FACE('',(#388),#184,.T.);
#4613=ADVANCED_FACE('',(#389),#4491,.T.);
#4614=ADVANCED_FACE('',(#390),#185,.T.);
#4615=ADVANCED_FACE('',(#391),#186,.T.);
#4616=ADVANCED_FACE('',(#392),#4492,.T.);
#4617=ADVANCED_FACE('',(#393),#187,.T.);
#4618=ADVANCED_FACE('',(#394),#188,.T.);
#4619=ADVANCED_FACE('',(#395),#4493,.T.);
#4620=ADVANCED_FACE('',(#396),#189,.T.);
#4621=ADVANCED_FACE('',(#397),#190,.T.);
#4622=ADVANCED_FACE('',(#398),#4494,.T.);
#4623=ADVANCED_FACE('',(#399),#191,.T.);
#4624=ADVANCED_FACE('',(#400),#192,.T.);
#4625=ADVANCED_FACE('',(#401),#4495,.F.);
#4626=ADVANCED_FACE('',(#402),#193,.F.);
#4627=ADVANCED_FACE('',(#403),#194,.F.);
#4628=ADVANCED_FACE('',(#404),#195,.F.);
#4629=ADVANCED_FACE('',(#405),#196,.F.);
#4630=ADVANCED_FACE('',(#406),#197,.F.);
#4631=ADVANCED_FACE('',(#407),#198,.F.);
#4632=ADVANCED_FACE('',(#408),#51,.F.);
#4633=ADVANCED_FACE('',(#409),#199,.T.);
#4634=ADVANCED_FACE('',(#410),#200,.T.);
#4635=ADVANCED_FACE('',(#411),#201,.T.);
#4636=ADVANCED_FACE('',(#412),#202,.T.);
#4637=ADVANCED_FACE('',(#413),#203,.T.);
#4638=ADVANCED_FACE('',(#414),#204,.T.);
#4639=ADVANCED_FACE('',(#415),#205,.T.);
#4640=ADVANCED_FACE('',(#416),#206,.T.);
#4641=ADVANCED_FACE('',(#417),#207,.T.);
#4642=ADVANCED_FACE('',(#418),#208,.T.);
#4643=ADVANCED_FACE('',(#419,#121),#209,.F.);
#4644=ADVANCED_FACE('',(#420),#210,.T.);
#4645=ADVANCED_FACE('',(#421),#211,.T.);
#4646=ADVANCED_FACE('',(#422,#122),#212,.T.);
#4647=ADVANCED_FACE('',(#423),#4496,.F.);
#4648=ADVANCED_FACE('',(#424),#4497,.F.);
#4649=ADVANCED_FACE('',(#425),#213,.F.);
#4650=ADVANCED_FACE('',(#426),#214,.F.);
#4651=ADVANCED_FACE('',(#427),#215,.F.);
#4652=ADVANCED_FACE('',(#428),#216,.F.);
#4653=ADVANCED_FACE('',(#429),#217,.F.);
#4654=ADVANCED_FACE('',(#430),#218,.F.);
#4655=ADVANCED_FACE('',(#431),#52,.F.);
#4656=ADVANCED_FACE('',(#432),#219,.T.);
#4657=ADVANCED_FACE('',(#433),#220,.T.);
#4658=ADVANCED_FACE('',(#434),#221,.T.);
#4659=ADVANCED_FACE('',(#435),#222,.T.);
#4660=ADVANCED_FACE('',(#436),#223,.T.);
#4661=ADVANCED_FACE('',(#437),#224,.T.);
#4662=ADVANCED_FACE('',(#438),#225,.T.);
#4663=ADVANCED_FACE('',(#439),#226,.T.);
#4664=ADVANCED_FACE('',(#440),#227,.T.);
#4665=ADVANCED_FACE('',(#441),#228,.T.);
#4666=ADVANCED_FACE('',(#442,#123),#229,.F.);
#4667=ADVANCED_FACE('',(#443),#230,.T.);
#4668=ADVANCED_FACE('',(#444),#231,.T.);
#4669=ADVANCED_FACE('',(#445,#124),#232,.T.);
#4670=ADVANCED_FACE('',(#446),#4498,.F.);
#4671=ADVANCED_FACE('',(#447),#53,.T.);
#4672=ADVANCED_FACE('',(#448),#233,.T.);
#4673=ADVANCED_FACE('',(#449),#39,.F.);
#4674=ADVANCED_FACE('',(#450),#4499,.T.);
#4675=ADVANCED_FACE('',(#451,#125),#234,.F.);
#4676=ADVANCED_FACE('',(#452),#54,.T.);
#4677=ADVANCED_FACE('',(#453),#235,.T.);
#4678=ADVANCED_FACE('',(#454),#40,.F.);
#4679=ADVANCED_FACE('',(#455),#4500,.T.);
#4680=ADVANCED_FACE('',(#456,#126),#236,.F.);
#4681=ADVANCED_FACE('',(#457),#237,.T.);
#4682=ADVANCED_FACE('',(#458),#238,.T.);
#4683=ADVANCED_FACE('',(#459),#239,.T.);
#4684=ADVANCED_FACE('',(#460),#240,.T.);
#4685=ADVANCED_FACE('',(#461),#241,.T.);
#4686=ADVANCED_FACE('',(#462),#55,.T.);
#4687=ADVANCED_FACE('',(#463),#56,.T.);
#4688=ADVANCED_FACE('',(#464),#4501,.T.);
#4689=ADVANCED_FACE('',(#465),#4502,.T.);
#4690=ADVANCED_FACE('',(#466),#4503,.T.);
#4691=ADVANCED_FACE('',(#467),#242,.T.);
#4692=ADVANCED_FACE('',(#468),#243,.T.);
#4693=ADVANCED_FACE('',(#469),#41,.F.);
#4694=ADVANCED_FACE('',(#470),#4504,.T.);
#4695=ADVANCED_FACE('',(#471,#127),#244,.F.);
#4696=ADVANCED_FACE('',(#472),#245,.T.);
#4697=ADVANCED_FACE('',(#473),#246,.T.);
#4698=ADVANCED_FACE('',(#474),#247,.T.);
#4699=ADVANCED_FACE('',(#475),#248,.T.);
#4700=ADVANCED_FACE('',(#476),#249,.T.);
#4701=ADVANCED_FACE('',(#477),#57,.T.);
#4702=ADVANCED_FACE('',(#478),#58,.T.);
#4703=ADVANCED_FACE('',(#479),#4505,.T.);
#4704=ADVANCED_FACE('',(#480),#4506,.T.);
#4705=ADVANCED_FACE('',(#481),#4507,.T.);
#4706=ADVANCED_FACE('',(#482),#250,.T.);
#4707=ADVANCED_FACE('',(#483),#251,.T.);
#4708=ADVANCED_FACE('',(#484),#42,.F.);
#4709=ADVANCED_FACE('',(#485),#4508,.T.);
#4710=ADVANCED_FACE('',(#486,#128),#252,.F.);
#4711=ADVANCED_FACE('',(#487),#4509,.F.);
#4712=ADVANCED_FACE('',(#488),#4510,.F.);
#4713=ADVANCED_FACE('',(#489),#4511,.F.);
#4714=ADVANCED_FACE('',(#490),#4512,.F.);
#4715=ADVANCED_FACE('',(#491,#129),#253,.T.);
#4716=ADVANCED_FACE('',(#492),#4513,.T.);
#4717=ADVANCED_FACE('',(#493),#4514,.T.);
#4718=ADVANCED_FACE('',(#494),#254,.T.);
#4719=ADVANCED_FACE('',(#495),#255,.T.);
#4720=ADVANCED_FACE('',(#496),#256,.T.);
#4721=ADVANCED_FACE('',(#497),#4515,.T.);
#4722=ADVANCED_FACE('',(#498),#257,.T.);
#4723=ADVANCED_FACE('',(#499,#130),#258,.T.);
#4724=ADVANCED_FACE('',(#500),#4516,.T.);
#4725=ADVANCED_FACE('',(#501),#4517,.T.);
#4726=ADVANCED_FACE('',(#502),#259,.T.);
#4727=ADVANCED_FACE('',(#503),#4518,.T.);
#4728=ADVANCED_FACE('',(#504),#260,.T.);
#4729=ADVANCED_FACE('',(#505),#261,.T.);
#4730=ADVANCED_FACE('',(#506),#4519,.T.);
#4731=ADVANCED_FACE('',(#507,#131),#262,.T.);
#4732=ADVANCED_FACE('',(#508),#263,.T.);
#4733=ADVANCED_FACE('',(#509),#264,.T.);
#4734=ADVANCED_FACE('',(#510),#4520,.T.);
#4735=ADVANCED_FACE('',(#511),#265,.F.);
#4736=ADVANCED_FACE('',(#512,#132,#133),#266,.F.);
#4737=ADVANCED_FACE('',(#513),#4521,.T.);
#4738=ADVANCED_FACE('',(#514,#134),#267,.T.);
#4739=ADVANCED_FACE('',(#515),#4522,.T.);
#4740=ADVANCED_FACE('',(#516),#4523,.T.);
#4741=ADVANCED_FACE('',(#517),#268,.T.);
#4742=ADVANCED_FACE('',(#518),#269,.T.);
#4743=ADVANCED_FACE('',(#519),#270,.T.);
#4744=ADVANCED_FACE('',(#520),#271,.T.);
#4745=ADVANCED_FACE('',(#521),#272,.F.);
#4746=ADVANCED_FACE('',(#522),#273,.T.);
#4747=ADVANCED_FACE('',(#523),#274,.T.);
#4748=ADVANCED_FACE('',(#524),#275,.T.);
#4749=ADVANCED_FACE('',(#525),#276,.T.);
#4750=ADVANCED_FACE('',(#526),#4524,.T.);
#4751=ADVANCED_FACE('',(#527),#4525,.T.);
#4752=ADVANCED_FACE('',(#528),#277,.F.);
#4753=ADVANCED_FACE('',(#529,#135,#136),#278,.T.);
#4754=ADVANCED_FACE('',(#530),#4526,.T.);
#4755=ADVANCED_FACE('',(#531),#4527,.T.);
#4756=ADVANCED_FACE('',(#532),#279,.F.);
#4757=ADVANCED_FACE('',(#533),#280,.F.);
#4758=ADVANCED_FACE('',(#534),#4528,.T.);
#4759=ADVANCED_FACE('',(#535),#281,.F.);
#4760=ADVANCED_FACE('',(#536),#4529,.T.);
#4761=ADVANCED_FACE('',(#537),#4530,.T.);
#4762=ADVANCED_FACE('',(#538),#282,.F.);
#4763=ADVANCED_FACE('',(#539),#283,.F.);
#4764=ADVANCED_FACE('',(#540),#4531,.T.);
#4765=ADVANCED_FACE('',(#541),#4532,.T.);
#4766=ADVANCED_FACE('',(#542),#4533,.T.);
#4767=ADVANCED_FACE('',(#543),#4534,.T.);
#4768=ADVANCED_FACE('',(#544),#284,.F.);
#4769=ADVANCED_FACE('',(#545),#285,.F.);
#4770=ADVANCED_FACE('',(#546),#286,.F.);
#4771=ADVANCED_FACE('',(#547),#287,.F.);
#4772=ADVANCED_FACE('',(#548),#288,.F.);
#4773=ADVANCED_FACE('',(#549),#289,.F.);
#4774=ADVANCED_FACE('',(#550),#290,.F.);
#4775=ADVANCED_FACE('',(#551),#291,.T.);
#4776=ADVANCED_FACE('',(#552),#292,.F.);
#4777=ADVANCED_FACE('',(#553),#293,.F.);
#4778=ADVANCED_FACE('',(#554),#294,.F.);
#4779=ADVANCED_FACE('',(#555),#295,.F.);
#4780=ADVANCED_FACE('',(#556),#296,.F.);
#4781=ADVANCED_FACE('',(#557),#297,.F.);
#4782=ADVANCED_FACE('',(#558),#298,.F.);
#4783=ADVANCED_FACE('',(#559),#299,.T.);
#4784=ADVANCED_FACE('',(#560),#300,.F.);
#4785=ADVANCED_FACE('',(#561),#301,.F.);
#4786=ADVANCED_FACE('',(#562),#302,.F.);
#4787=ADVANCED_FACE('',(#563),#4535,.T.);
#4788=ADVANCED_FACE('',(#564),#303,.T.);
#4789=ADVANCED_FACE('',(#565),#304,.T.);
#4790=ADVANCED_FACE('',(#566),#4536,.T.);
#4791=ADVANCED_FACE('',(#567),#305,.T.);
#4792=ADVANCED_FACE('',(#568),#306,.T.);
#4793=ADVANCED_FACE('',(#569),#43,.T.);
#4794=ADVANCED_FACE('',(#570),#4537,.T.);
#4795=ADVANCED_FACE('',(#571),#44,.T.);
#4796=ADVANCED_FACE('',(#572),#4538,.T.);
#4797=ADVANCED_FACE('',(#573),#45,.T.);
#4798=ADVANCED_FACE('',(#574),#4539,.T.);
#4799=ADVANCED_FACE('',(#575),#46,.T.);
#4800=ADVANCED_FACE('',(#576),#4540,.T.);
#4801=ADVANCED_FACE('',(#577),#307,.F.);
#4802=ADVANCED_FACE('',(#578),#4541,.T.);
#4803=ADVANCED_FACE('',(#579),#308,.F.);
#4804=ADVANCED_FACE('',(#580),#4542,.T.);
#4805=ADVANCED_FACE('',(#581,#137),#309,.T.);
#4806=ADVANCED_FACE('',(#582),#47,.T.);
#4807=ADVANCED_FACE('',(#583),#4543,.T.);
#4808=ADVANCED_FACE('',(#584),#48,.T.);
#4809=ADVANCED_FACE('',(#585),#4544,.T.);
#4810=ADVANCED_FACE('',(#586),#49,.T.);
#4811=ADVANCED_FACE('',(#587),#4545,.T.);
#4812=ADVANCED_FACE('',(#588),#50,.T.);
#4813=ADVANCED_FACE('',(#589),#4546,.T.);
#4814=ADVANCED_FACE('',(#590),#310,.T.);
#4815=ADVANCED_FACE('',(#591),#4547,.F.);
#4816=ADVANCED_FACE('',(#592),#311,.T.);
#4817=ADVANCED_FACE('',(#593),#4548,.F.);
#4818=ADVANCED_FACE('',(#594),#312,.T.);
#4819=ADVANCED_FACE('',(#595),#313,.T.);
#4820=ADVANCED_FACE('',(#596),#314,.F.);
#4821=ADVANCED_FACE('',(#597),#315,.T.);
#4822=ADVANCED_FACE('',(#598),#316,.T.);
#4823=ADVANCED_FACE('',(#599),#317,.T.);
#4824=ADVANCED_FACE('',(#600),#318,.T.);
#4825=ADVANCED_FACE('',(#601),#319,.F.);
#4826=ADVANCED_FACE('',(#602),#320,.T.);
#4827=ADVANCED_FACE('',(#603),#321,.T.);
#4828=ADVANCED_FACE('',(#604),#4549,.T.);
#4829=ADVANCED_FACE('',(#605),#4550,.T.);
#4830=ADVANCED_FACE('',(#606),#4551,.T.);
#4831=ADVANCED_FACE('',(#607),#322,.F.);
#4832=ADVANCED_FACE('',(#608),#4552,.T.);
#4833=ADVANCED_FACE('',(#609),#323,.F.);
#4834=ADVANCED_FACE('',(#610),#324,.F.);
#4835=ADVANCED_FACE('',(#611),#325,.F.);
#4836=ADVANCED_FACE('',(#612),#326,.F.);
#4837=ADVANCED_FACE('',(#613),#4553,.T.);
#4838=ADVANCED_FACE('',(#614),#4554,.T.);
#4839=ADVANCED_FACE('',(#615),#4555,.T.);
#4840=ADVANCED_FACE('',(#616),#327,.F.);
#4841=ADVANCED_FACE('',(#617),#4556,.T.);
#4842=ADVANCED_FACE('',(#618),#328,.F.);
#4843=ADVANCED_FACE('',(#619),#329,.F.);
#4844=ADVANCED_FACE('',(#620),#330,.F.);
#4845=ADVANCED_FACE('',(#621),#331,.F.);
#4846=ADVANCED_FACE('',(#622),#4557,.F.);
#4847=ADVANCED_FACE('',(#623),#4558,.F.);
#4848=ADVANCED_FACE('',(#624),#332,.T.);
#4849=ADVANCED_FACE('',(#625),#333,.T.);
#4850=ADVANCED_FACE('',(#626),#4559,.T.);
#4851=ADVANCED_FACE('',(#627,#138,#139,#140,#141,#142),#334,.F.);
#4852=ADVANCED_FACE('',(#628),#4560,.T.);
#4853=ADVANCED_FACE('',(#629),#335,.F.);
#4854=ADVANCED_FACE('',(#630),#336,.F.);
#4855=CLOSED_SHELL('',(#4561,#4562,#4563,#4564,#4565,#4566,#4567,#4568,
#4569,#4570,#4571,#4572));
#4856=CLOSED_SHELL('',(#4573,#4574,#4575,#4576,#4577,#4578,#4579,#4580,
#4581,#4582));
#4857=CLOSED_SHELL('',(#4583,#4584,#4585,#4586,#4587,#4588));
#4858=CLOSED_SHELL('',(#4589,#4590,#4591,#4592,#4593,#4594));
#4859=CLOSED_SHELL('',(#4595,#4596,#4597,#4598,#4599,#4600));
#4860=CLOSED_SHELL('',(#4601,#4602,#4603));
#4861=CLOSED_SHELL('',(#4604,#4605,#4606));
#4862=CLOSED_SHELL('',(#4607,#4608,#4609));
#4863=CLOSED_SHELL('',(#4610,#4611,#4612));
#4864=CLOSED_SHELL('',(#4613,#4614,#4615));
#4865=CLOSED_SHELL('',(#4616,#4617,#4618));
#4866=CLOSED_SHELL('',(#4619,#4620,#4621));
#4867=CLOSED_SHELL('',(#4622,#4623,#4624));
#4868=CLOSED_SHELL('',(#4625,#4626,#4627,#4628,#4629,#4630,#4631,#4632,
#4633,#4634,#4635,#4636,#4637,#4638,#4639,#4640,#4641,#4642,#4643,#4644,
#4645,#4646,#4647,#4648,#4649,#4650,#4651,#4652,#4653,#4654,#4655,#4656,
#4657,#4658,#4659,#4660,#4661,#4662,#4663,#4664,#4665,#4666,#4667,#4668,
#4669,#4670,#4671,#4672,#4673,#4674,#4675,#4676,#4677,#4678,#4679,#4680,
#4681,#4682,#4683,#4684,#4685,#4686,#4687,#4688,#4689,#4690,#4691,#4692,
#4693,#4694,#4695,#4696,#4697,#4698,#4699,#4700,#4701,#4702,#4703,#4704,
#4705,#4706,#4707,#4708,#4709,#4710,#4711,#4712,#4713,#4714,#4715,#4716,
#4717,#4718,#4719,#4720,#4721,#4722,#4723,#4724,#4725,#4726,#4727,#4728,
#4729,#4730,#4731,#4732,#4733,#4734,#4735,#4736,#4737,#4738,#4739,#4740,
#4741,#4742,#4743,#4744,#4745,#4746,#4747,#4748,#4749,#4750,#4751,#4752,
#4753,#4754,#4755,#4756,#4757,#4758,#4759,#4760,#4761,#4762,#4763,#4764,
#4765,#4766,#4767,#4768,#4769,#4770));
#4869=CLOSED_SHELL('',(#4771,#4772,#4773,#4774,#4775,#4776,#4777,#4778));
#4870=CLOSED_SHELL('',(#4779,#4780,#4781,#4782,#4783,#4784,#4785,#4786));
#4871=CLOSED_SHELL('',(#4787,#4788,#4789));
#4872=CLOSED_SHELL('',(#4790,#4791,#4792));
#4873=CLOSED_SHELL('',(#4793,#4794,#4795,#4796,#4797,#4798,#4799,#4800,
#4801,#4802,#4803,#4804,#4805,#4806,#4807,#4808,#4809,#4810,#4811,#4812,
#4813,#4814,#4815,#4816,#4817,#4818,#4819,#4820,#4821,#4822,#4823,#4824,
#4825,#4826,#4827,#4828,#4829,#4830,#4831,#4832,#4833,#4834,#4835,#4836,
#4837,#4838,#4839,#4840,#4841,#4842,#4843,#4844,#4845,#4846,#4847,#4848,
#4849,#4850,#4851,#4852,#4853,#4854));
#4874=DERIVED_UNIT_ELEMENT(#4884,1.);
#4875=DERIVED_UNIT_ELEMENT(#8341,-3.);
#4876=DERIVED_UNIT_ELEMENT(#4884,1.);
#4877=DERIVED_UNIT_ELEMENT(#8341,-3.);
#4878=DERIVED_UNIT_ELEMENT(#4884,1.);
#4879=DERIVED_UNIT_ELEMENT(#8341,-3.);
#4880=DERIVED_UNIT_ELEMENT(#4884,1.);
#4881=DERIVED_UNIT_ELEMENT(#8341,-3.);
#4882=DERIVED_UNIT_ELEMENT(#4884,1.);
#4883=DERIVED_UNIT_ELEMENT(#8341,-3.);
#4884=(
MASS_UNIT()
NAMED_UNIT(*)
SI_UNIT(.KILO.,.GRAM.)
);
#4885=DERIVED_UNIT((#4874,#4875));
#4886=DERIVED_UNIT((#4876,#4877));
#4887=DERIVED_UNIT((#4878,#4879));
#4888=DERIVED_UNIT((#4880,#4881));
#4889=DERIVED_UNIT((#4882,#4883));
#4890=MEASURE_REPRESENTATION_ITEM('density measure',
POSITIVE_RATIO_MEASURE(7850.),#4885);
#4891=MEASURE_REPRESENTATION_ITEM('density measure',
POSITIVE_RATIO_MEASURE(7850.),#4886);
#4892=MEASURE_REPRESENTATION_ITEM('density measure',
POSITIVE_RATIO_MEASURE(7850.),#4887);
#4893=MEASURE_REPRESENTATION_ITEM('density measure',
POSITIVE_RATIO_MEASURE(7850.),#4888);
#4894=MEASURE_REPRESENTATION_ITEM('density measure',
POSITIVE_RATIO_MEASURE(7850.),#4889);
#4895=PROPERTY_DEFINITION_REPRESENTATION(#4920,#4905);
#4896=PROPERTY_DEFINITION_REPRESENTATION(#4921,#4906);
#4897=PROPERTY_DEFINITION_REPRESENTATION(#4922,#4907);
#4898=PROPERTY_DEFINITION_REPRESENTATION(#4923,#4908);
#4899=PROPERTY_DEFINITION_REPRESENTATION(#4924,#4909);
#4900=PROPERTY_DEFINITION_REPRESENTATION(#4925,#4910);
#4901=PROPERTY_DEFINITION_REPRESENTATION(#4926,#4911);
#4902=PROPERTY_DEFINITION_REPRESENTATION(#4927,#4912);
#4903=PROPERTY_DEFINITION_REPRESENTATION(#4928,#4913);
#4904=PROPERTY_DEFINITION_REPRESENTATION(#4929,#4914);
#4905=REPRESENTATION('material name',(#4915),#8334);
#4906=REPRESENTATION('density',(#4890),#8334);
#4907=REPRESENTATION('material name',(#4916),#8335);
#4908=REPRESENTATION('density',(#4891),#8335);
#4909=REPRESENTATION('material name',(#4917),#8336);
#4910=REPRESENTATION('density',(#4892),#8336);
#4911=REPRESENTATION('material name',(#4918),#8337);
#4912=REPRESENTATION('density',(#4893),#8337);
#4913=REPRESENTATION('material name',(#4919),#8338);
#4914=REPRESENTATION('density',(#4894),#8338);
#4915=DESCRIPTIVE_REPRESENTATION_ITEM('Steel','Steel');
#4916=DESCRIPTIVE_REPRESENTATION_ITEM('Steel','Steel');
#4917=DESCRIPTIVE_REPRESENTATION_ITEM('Steel','Steel');
#4918=DESCRIPTIVE_REPRESENTATION_ITEM('Steel','Steel');
#4919=DESCRIPTIVE_REPRESENTATION_ITEM('Steel','Steel');
#4920=PROPERTY_DEFINITION('material property','material name',#8369);
#4921=PROPERTY_DEFINITION('material property','density of part',#8369);
#4922=PROPERTY_DEFINITION('material property','material name',#8370);
#4923=PROPERTY_DEFINITION('material property','density of part',#8370);
#4924=PROPERTY_DEFINITION('material property','material name',#8371);
#4925=PROPERTY_DEFINITION('material property','density of part',#8371);
#4926=PROPERTY_DEFINITION('material property','material name',#8372);
#4927=PROPERTY_DEFINITION('material property','density of part',#8372);
#4928=PROPERTY_DEFINITION('material property','material name',#8373);
#4929=PROPERTY_DEFINITION('material property','density of part',#8373);
#4930=AXIS2_PLACEMENT_3D('',#6917,#5443,#5444);
#4931=AXIS2_PLACEMENT_3D('',#6918,#5445,#5446);
#4932=AXIS2_PLACEMENT_3D('',#6919,#5447,#5448);
#4933=AXIS2_PLACEMENT_3D('',#6921,#5449,#5450);
#4934=AXIS2_PLACEMENT_3D('',#6924,#5452,#5453);
#4935=AXIS2_PLACEMENT_3D('',#6925,#5454,#5455);
#4936=AXIS2_PLACEMENT_3D('',#6927,#5456,#5457);
#4937=AXIS2_PLACEMENT_3D('',#6930,#5459,#5460);
#4938=AXIS2_PLACEMENT_3D('',#6931,#5461,#5462);
#4939=AXIS2_PLACEMENT_3D('',#6940,#5467,#5468);
#4940=AXIS2_PLACEMENT_3D('',#6946,#5472,#5473);
#4941=AXIS2_PLACEMENT_3D('',#6952,#5477,#5478);
#4942=AXIS2_PLACEMENT_3D('',#6955,#5481,#5482);
#4943=AXIS2_PLACEMENT_3D('',#6964,#5487,#5488);
#4944=AXIS2_PLACEMENT_3D('',#6973,#5493,#5494);
#4945=AXIS2_PLACEMENT_3D('',#6976,#5497,#5498);
#4946=AXIS2_PLACEMENT_3D('',#6978,#5500,#5501);
#4947=AXIS2_PLACEMENT_3D('',#6980,#5503,#5504);
#4948=AXIS2_PLACEMENT_3D('',#6981,#5505,#5506);
#4949=AXIS2_PLACEMENT_3D('',#6982,#5507,#5508);
#4950=AXIS2_PLACEMENT_3D('',#6984,#5509,#5510);
#4951=AXIS2_PLACEMENT_3D('',#6987,#5512,#5513);
#4952=AXIS2_PLACEMENT_3D('',#6988,#5514,#5515);
#4953=AXIS2_PLACEMENT_3D('',#6990,#5516,#5517);
#4954=AXIS2_PLACEMENT_3D('',#6993,#5519,#5520);
#4955=AXIS2_PLACEMENT_3D('',#6994,#5521,#5522);
#4956=AXIS2_PLACEMENT_3D('',#6996,#5523,#5524);
#4957=AXIS2_PLACEMENT_3D('',#6999,#5526,#5527);
#4958=AXIS2_PLACEMENT_3D('',#7000,#5528,#5529);
#4959=AXIS2_PLACEMENT_3D('',#7002,#5530,#5531);
#4960=AXIS2_PLACEMENT_3D('',#7005,#5533,#5534);
#4961=AXIS2_PLACEMENT_3D('',#7006,#5535,#5536);
#4962=AXIS2_PLACEMENT_3D('',#7015,#5541,#5542);
#4963=AXIS2_PLACEMENT_3D('',#7024,#5547,#5548);
#4964=AXIS2_PLACEMENT_3D('',#7027,#5551,#5552);
#4965=AXIS2_PLACEMENT_3D('',#7029,#5554,#5555);
#4966=AXIS2_PLACEMENT_3D('',#7031,#5557,#5558);
#4967=AXIS2_PLACEMENT_3D('',#7032,#5559,#5560);
#4968=AXIS2_PLACEMENT_3D('',#7041,#5565,#5566);
#4969=AXIS2_PLACEMENT_3D('',#7050,#5571,#5572);
#4970=AXIS2_PLACEMENT_3D('',#7053,#5575,#5576);
#4971=AXIS2_PLACEMENT_3D('',#7055,#5578,#5579);
#4972=AXIS2_PLACEMENT_3D('',#7057,#5581,#5582);
#4973=AXIS2_PLACEMENT_3D('',#7058,#5583,#5584);
#4974=AXIS2_PLACEMENT_3D('',#7067,#5589,#5590);
#4975=AXIS2_PLACEMENT_3D('',#7076,#5595,#5596);
#4976=AXIS2_PLACEMENT_3D('',#7079,#5599,#5600);
#4977=AXIS2_PLACEMENT_3D('',#7081,#5602,#5603);
#4978=AXIS2_PLACEMENT_3D('',#7083,#5605,#5606);
#4979=AXIS2_PLACEMENT_3D('',#7084,#5607,#5608);
#4980=AXIS2_PLACEMENT_3D('',#7093,#5613,#5614);
#4981=AXIS2_PLACEMENT_3D('',#7102,#5619,#5620);
#4982=AXIS2_PLACEMENT_3D('',#7105,#5623,#5624);
#4983=AXIS2_PLACEMENT_3D('',#7107,#5626,#5627);
#4984=AXIS2_PLACEMENT_3D('',#7109,#5629,#5630);
#4985=AXIS2_PLACEMENT_3D('',#7110,#5631,#5632);
#4986=AXIS2_PLACEMENT_3D('',#7112,#5633,#5634);
#4987=AXIS2_PLACEMENT_3D('',#7115,#5636,#5637);
#4988=AXIS2_PLACEMENT_3D('',#7116,#5638,#5639);
#4989=AXIS2_PLACEMENT_3D('',#7117,#5640,#5641);
#4990=AXIS2_PLACEMENT_3D('',#7118,#5642,#5643);
#4991=AXIS2_PLACEMENT_3D('',#7120,#5644,#5645);
#4992=AXIS2_PLACEMENT_3D('',#7123,#5647,#5648);
#4993=AXIS2_PLACEMENT_3D('',#7124,#5649,#5650);
#4994=AXIS2_PLACEMENT_3D('',#7125,#5651,#5652);
#4995=AXIS2_PLACEMENT_3D('',#7126,#5653,#5654);
#4996=AXIS2_PLACEMENT_3D('',#7128,#5655,#5656);
#4997=AXIS2_PLACEMENT_3D('',#7131,#5658,#5659);
#4998=AXIS2_PLACEMENT_3D('',#7132,#5660,#5661);
#4999=AXIS2_PLACEMENT_3D('',#7133,#5662,#5663);
#5000=AXIS2_PLACEMENT_3D('',#7134,#5664,#5665);
#5001=AXIS2_PLACEMENT_3D('',#7136,#5666,#5667);
#5002=AXIS2_PLACEMENT_3D('',#7139,#5669,#5670);
#5003=AXIS2_PLACEMENT_3D('',#7140,#5671,#5672);
#5004=AXIS2_PLACEMENT_3D('',#7141,#5673,#5674);
#5005=AXIS2_PLACEMENT_3D('',#7142,#5675,#5676);
#5006=AXIS2_PLACEMENT_3D('',#7144,#5677,#5678);
#5007=AXIS2_PLACEMENT_3D('',#7147,#5680,#5681);
#5008=AXIS2_PLACEMENT_3D('',#7148,#5682,#5683);
#5009=AXIS2_PLACEMENT_3D('',#7149,#5684,#5685);
#5010=AXIS2_PLACEMENT_3D('',#7150,#5686,#5687);
#5011=AXIS2_PLACEMENT_3D('',#7152,#5688,#5689);
#5012=AXIS2_PLACEMENT_3D('',#7155,#5691,#5692);
#5013=AXIS2_PLACEMENT_3D('',#7156,#5693,#5694);
#5014=AXIS2_PLACEMENT_3D('',#7157,#5695,#5696);
#5015=AXIS2_PLACEMENT_3D('',#7158,#5697,#5698);
#5016=AXIS2_PLACEMENT_3D('',#7160,#5699,#5700);
#5017=AXIS2_PLACEMENT_3D('',#7163,#5702,#5703);
#5018=AXIS2_PLACEMENT_3D('',#7164,#5704,#5705);
#5019=AXIS2_PLACEMENT_3D('',#7165,#5706,#5707);
#5020=AXIS2_PLACEMENT_3D('',#7166,#5708,#5709);
#5021=AXIS2_PLACEMENT_3D('',#7168,#5710,#5711);
#5022=AXIS2_PLACEMENT_3D('',#7171,#5713,#5714);
#5023=AXIS2_PLACEMENT_3D('',#7172,#5715,#5716);
#5024=AXIS2_PLACEMENT_3D('',#7173,#5717,#5718);
#5025=AXIS2_PLACEMENT_3D('',#7174,#5719,#5720);
#5026=AXIS2_PLACEMENT_3D('',#7175,#5721,#5722);
#5027=AXIS2_PLACEMENT_3D('',#7177,#5723,#5724);
#5028=AXIS2_PLACEMENT_3D('',#7180,#5726,#5727);
#5029=AXIS2_PLACEMENT_3D('',#7181,#5728,#5729);
#5030=AXIS2_PLACEMENT_3D('',#7185,#5731,#5732);
#5031=AXIS2_PLACEMENT_3D('',#7186,#5733,#5734);
#5032=AXIS2_PLACEMENT_3D('',#7189,#5736,#5737);
#5033=AXIS2_PLACEMENT_3D('',#7190,#5738,#5739);
#5034=AXIS2_PLACEMENT_3D('',#7193,#5741,#5742);
#5035=AXIS2_PLACEMENT_3D('',#7194,#5743,#5744);
#5036=AXIS2_PLACEMENT_3D('',#7197,#5746,#5747);
#5037=AXIS2_PLACEMENT_3D('',#7198,#5748,#5749);
#5038=AXIS2_PLACEMENT_3D('',#7201,#5751,#5752);
#5039=AXIS2_PLACEMENT_3D('',#7202,#5753,#5754);
#5040=AXIS2_PLACEMENT_3D('',#7204,#5756,#5757);
#5041=AXIS2_PLACEMENT_3D('',#7205,#5758,#5759);
#5042=AXIS2_PLACEMENT_3D('',#7207,#5761,#5762);
#5043=AXIS2_PLACEMENT_3D('',#7213,#5766,#5767);
#5044=AXIS2_PLACEMENT_3D('',#7219,#5771,#5772);
#5045=AXIS2_PLACEMENT_3D('',#7223,#5775,#5776);
#5046=AXIS2_PLACEMENT_3D('',#7227,#5779,#5780);
#5047=AXIS2_PLACEMENT_3D('',#7229,#5782,#5783);
#5048=AXIS2_PLACEMENT_3D('',#7231,#5785,#5786);
#5049=AXIS2_PLACEMENT_3D('',#7240,#5791,#5792);
#5050=AXIS2_PLACEMENT_3D('',#7249,#5797,#5798);
#5051=AXIS2_PLACEMENT_3D('',#7255,#5802,#5803);
#5052=AXIS2_PLACEMENT_3D('',#7261,#5807,#5808);
#5053=AXIS2_PLACEMENT_3D('',#7265,#5811,#5812);
#5054=AXIS2_PLACEMENT_3D('',#7266,#5813,#5814);
#5055=AXIS2_PLACEMENT_3D('',#7268,#5816,#5817);
#5056=AXIS2_PLACEMENT_3D('',#7270,#5819,#5820);
#5057=AXIS2_PLACEMENT_3D('',#7271,#5821,#5822);
#5058=AXIS2_PLACEMENT_3D('',#7274,#5824,#5825);
#5059=AXIS2_PLACEMENT_3D('',#7275,#5826,#5827);
#5060=AXIS2_PLACEMENT_3D('',#7277,#5828,#5829);
#5061=AXIS2_PLACEMENT_3D('',#7280,#5831,#5832);
#5062=AXIS2_PLACEMENT_3D('',#7281,#5833,#5834);
#5063=AXIS2_PLACEMENT_3D('',#7285,#5836,#5837);
#5064=AXIS2_PLACEMENT_3D('',#7286,#5838,#5839);
#5065=AXIS2_PLACEMENT_3D('',#7289,#5841,#5842);
#5066=AXIS2_PLACEMENT_3D('',#7290,#5843,#5844);
#5067=AXIS2_PLACEMENT_3D('',#7293,#5846,#5847);
#5068=AXIS2_PLACEMENT_3D('',#7294,#5848,#5849);
#5069=AXIS2_PLACEMENT_3D('',#7297,#5851,#5852);
#5070=AXIS2_PLACEMENT_3D('',#7298,#5853,#5854);
#5071=AXIS2_PLACEMENT_3D('',#7301,#5856,#5857);
#5072=AXIS2_PLACEMENT_3D('',#7302,#5858,#5859);
#5073=AXIS2_PLACEMENT_3D('',#7304,#5861,#5862);
#5074=AXIS2_PLACEMENT_3D('',#7305,#5863,#5864);
#5075=AXIS2_PLACEMENT_3D('',#7307,#5866,#5867);
#5076=AXIS2_PLACEMENT_3D('',#7313,#5871,#5872);
#5077=AXIS2_PLACEMENT_3D('',#7319,#5876,#5877);
#5078=AXIS2_PLACEMENT_3D('',#7323,#5880,#5881);
#5079=AXIS2_PLACEMENT_3D('',#7327,#5884,#5885);
#5080=AXIS2_PLACEMENT_3D('',#7329,#5887,#5888);
#5081=AXIS2_PLACEMENT_3D('',#7331,#5890,#5891);
#5082=AXIS2_PLACEMENT_3D('',#7340,#5896,#5897);
#5083=AXIS2_PLACEMENT_3D('',#7349,#5902,#5903);
#5084=AXIS2_PLACEMENT_3D('',#7355,#5907,#5908);
#5085=AXIS2_PLACEMENT_3D('',#7361,#5912,#5913);
#5086=AXIS2_PLACEMENT_3D('',#7365,#5916,#5917);
#5087=AXIS2_PLACEMENT_3D('',#7366,#5918,#5919);
#5088=AXIS2_PLACEMENT_3D('',#7368,#5921,#5922);
#5089=AXIS2_PLACEMENT_3D('',#7370,#5924,#5925);
#5090=AXIS2_PLACEMENT_3D('',#7371,#5926,#5927);
#5091=AXIS2_PLACEMENT_3D('',#7374,#5929,#5930);
#5092=AXIS2_PLACEMENT_3D('',#7375,#5931,#5932);
#5093=AXIS2_PLACEMENT_3D('',#7377,#5933,#5934);
#5094=AXIS2_PLACEMENT_3D('',#7380,#5936,#5937);
#5095=AXIS2_PLACEMENT_3D('',#7381,#5938,#5939);
#5096=AXIS2_PLACEMENT_3D('',#7382,#5940,#5941);
#5097=AXIS2_PLACEMENT_3D('',#7384,#5942,#5943);
#5098=AXIS2_PLACEMENT_3D('',#7386,#5944,#5945);
#5099=AXIS2_PLACEMENT_3D('',#7387,#5946,#5947);
#5100=AXIS2_PLACEMENT_3D('',#7388,#5948,#5949);
#5101=AXIS2_PLACEMENT_3D('',#7390,#5951,#5952);
#5102=AXIS2_PLACEMENT_3D('',#7392,#5953,#5954);
#5103=AXIS2_PLACEMENT_3D('',#7393,#5955,#5956);
#5104=AXIS2_PLACEMENT_3D('',#7395,#5957,#5958);
#5105=AXIS2_PLACEMENT_3D('',#7398,#5960,#5961);
#5106=AXIS2_PLACEMENT_3D('',#7399,#5962,#5963);
#5107=AXIS2_PLACEMENT_3D('',#7400,#5964,#5965);
#5108=AXIS2_PLACEMENT_3D('',#7402,#5966,#5967);
#5109=AXIS2_PLACEMENT_3D('',#7404,#5968,#5969);
#5110=AXIS2_PLACEMENT_3D('',#7405,#5970,#5971);
#5111=AXIS2_PLACEMENT_3D('',#7406,#5972,#5973);
#5112=AXIS2_PLACEMENT_3D('',#7408,#5975,#5976);
#5113=AXIS2_PLACEMENT_3D('',#7410,#5977,#5978);
#5114=AXIS2_PLACEMENT_3D('',#7411,#5979,#5980);
#5115=AXIS2_PLACEMENT_3D('',#7436,#5989,#5990);
#5116=AXIS2_PLACEMENT_3D('',#7438,#5991,#5992);
#5117=AXIS2_PLACEMENT_3D('',#7442,#5994,#5995);
#5118=AXIS2_PLACEMENT_3D('',#7443,#5996,#5997);
#5119=AXIS2_PLACEMENT_3D('',#7444,#5998,#5999);
#5120=AXIS2_PLACEMENT_3D('',#7466,#6007,#6008);
#5121=AXIS2_PLACEMENT_3D('',#7467,#6009,#6010);
#5122=AXIS2_PLACEMENT_3D('',#7468,#6011,#6012);
#5123=AXIS2_PLACEMENT_3D('',#7469,#6013,#6014);
#5124=AXIS2_PLACEMENT_3D('',#7470,#6015,#6016);
#5125=AXIS2_PLACEMENT_3D('',#7471,#6017,#6018);
#5126=AXIS2_PLACEMENT_3D('',#7472,#6019,#6020);
#5127=AXIS2_PLACEMENT_3D('',#7473,#6021,#6022);
#5128=AXIS2_PLACEMENT_3D('',#7474,#6023,#6024);
#5129=AXIS2_PLACEMENT_3D('',#7475,#6025,#6026);
#5130=AXIS2_PLACEMENT_3D('',#7476,#6027,#6028);
#5131=AXIS2_PLACEMENT_3D('',#7477,#6029,#6030);
#5132=AXIS2_PLACEMENT_3D('',#7478,#6031,#6032);
#5133=AXIS2_PLACEMENT_3D('',#7479,#6033,#6034);
#5134=AXIS2_PLACEMENT_3D('',#7480,#6035,#6036);
#5135=AXIS2_PLACEMENT_3D('',#7481,#6037,#6038);
#5136=AXIS2_PLACEMENT_3D('',#7482,#6039,#6040);
#5137=AXIS2_PLACEMENT_3D('',#7483,#6041,#6042);
#5138=AXIS2_PLACEMENT_3D('',#7484,#6043,#6044);
#5139=AXIS2_PLACEMENT_3D('',#7485,#6045,#6046);
#5140=AXIS2_PLACEMENT_3D('',#7487,#6047,#6048);
#5141=AXIS2_PLACEMENT_3D('',#7488,#6049,#6050);
#5142=AXIS2_PLACEMENT_3D('',#7489,#6051,#6052);
#5143=AXIS2_PLACEMENT_3D('',#7490,#6053,#6054);
#5144=AXIS2_PLACEMENT_3D('',#7492,#6055,#6056);
#5145=AXIS2_PLACEMENT_3D('',#7493,#6057,#6058);
#5146=AXIS2_PLACEMENT_3D('',#7518,#6067,#6068);
#5147=AXIS2_PLACEMENT_3D('',#7520,#6069,#6070);
#5148=AXIS2_PLACEMENT_3D('',#7524,#6072,#6073);
#5149=AXIS2_PLACEMENT_3D('',#7525,#6074,#6075);
#5150=AXIS2_PLACEMENT_3D('',#7526,#6076,#6077);
#5151=AXIS2_PLACEMENT_3D('',#7548,#6085,#6086);
#5152=AXIS2_PLACEMENT_3D('',#7549,#6087,#6088);
#5153=AXIS2_PLACEMENT_3D('',#7550,#6089,#6090);
#5154=AXIS2_PLACEMENT_3D('',#7551,#6091,#6092);
#5155=AXIS2_PLACEMENT_3D('',#7552,#6093,#6094);
#5156=AXIS2_PLACEMENT_3D('',#7553,#6095,#6096);
#5157=AXIS2_PLACEMENT_3D('',#7554,#6097,#6098);
#5158=AXIS2_PLACEMENT_3D('',#7555,#6099,#6100);
#5159=AXIS2_PLACEMENT_3D('',#7556,#6101,#6102);
#5160=AXIS2_PLACEMENT_3D('',#7557,#6103,#6104);
#5161=AXIS2_PLACEMENT_3D('',#7558,#6105,#6106);
#5162=AXIS2_PLACEMENT_3D('',#7559,#6107,#6108);
#5163=AXIS2_PLACEMENT_3D('',#7560,#6109,#6110);
#5164=AXIS2_PLACEMENT_3D('',#7561,#6111,#6112);
#5165=AXIS2_PLACEMENT_3D('',#7562,#6113,#6114);
#5166=AXIS2_PLACEMENT_3D('',#7563,#6115,#6116);
#5167=AXIS2_PLACEMENT_3D('',#7564,#6117,#6118);
#5168=AXIS2_PLACEMENT_3D('',#7565,#6119,#6120);
#5169=AXIS2_PLACEMENT_3D('',#7566,#6121,#6122);
#5170=AXIS2_PLACEMENT_3D('',#7567,#6123,#6124);
#5171=AXIS2_PLACEMENT_3D('',#7569,#6125,#6126);
#5172=AXIS2_PLACEMENT_3D('',#7570,#6127,#6128);
#5173=AXIS2_PLACEMENT_3D('',#7571,#6129,#6130);
#5174=AXIS2_PLACEMENT_3D('',#7572,#6131,#6132);
#5175=AXIS2_PLACEMENT_3D('',#7574,#6133,#6134);
#5176=AXIS2_PLACEMENT_3D('',#7575,#6135,#6136);
#5177=AXIS2_PLACEMENT_3D('',#7578,#6138,#6139);
#5178=AXIS2_PLACEMENT_3D('',#7579,#6140,#6141);
#5179=AXIS2_PLACEMENT_3D('',#7582,#6143,#6144);
#5180=AXIS2_PLACEMENT_3D('',#7583,#6145,#6146);
#5181=AXIS2_PLACEMENT_3D('',#7586,#6148,#6149);
#5182=AXIS2_PLACEMENT_3D('',#7587,#6150,#6151);
#5183=AXIS2_PLACEMENT_3D('',#7590,#6153,#6154);
#5184=AXIS2_PLACEMENT_3D('',#7591,#6155,#6156);
#5185=AXIS2_PLACEMENT_3D('',#7596,#6158,#6159);
#5186=AXIS2_PLACEMENT_3D('',#7599,#6161,#6162);
#5187=AXIS2_PLACEMENT_3D('',#7600,#6163,#6164);
#5188=AXIS2_PLACEMENT_3D('',#7604,#6166,#6167);
#5189=AXIS2_PLACEMENT_3D('',#7606,#6169,#6170);
#5190=AXIS2_PLACEMENT_3D('',#7611,#6173,#6174);
#5191=AXIS2_PLACEMENT_3D('',#7612,#6175,#6176);
#5192=AXIS2_PLACEMENT_3D('',#7638,#6190,#6191);
#5193=AXIS2_PLACEMENT_3D('',#7641,#6193,#6194);
#5194=AXIS2_PLACEMENT_3D('',#7642,#6195,#6196);
#5195=AXIS2_PLACEMENT_3D('',#7644,#6198,#6199);
#5196=AXIS2_PLACEMENT_3D('',#7647,#6201,#6202);
#5197=AXIS2_PLACEMENT_3D('',#7648,#6203,#6204);
#5198=AXIS2_PLACEMENT_3D('',#7652,#6206,#6207);
#5199=AXIS2_PLACEMENT_3D('',#7664,#6213,#6214);
#5200=AXIS2_PLACEMENT_3D('',#7667,#6216,#6217);
#5201=AXIS2_PLACEMENT_3D('',#7668,#6218,#6219);
#5202=AXIS2_PLACEMENT_3D('',#7672,#6221,#6222);
#5203=AXIS2_PLACEMENT_3D('',#7673,#6223,#6224);
#5204=AXIS2_PLACEMENT_3D('',#7674,#6225,#6226);
#5205=AXIS2_PLACEMENT_3D('',#7677,#6228,#6229);
#5206=AXIS2_PLACEMENT_3D('',#7678,#6230,#6231);
#5207=AXIS2_PLACEMENT_3D('',#7681,#6233,#6234);
#5208=AXIS2_PLACEMENT_3D('',#7682,#6235,#6236);
#5209=AXIS2_PLACEMENT_3D('',#7684,#6238,#6239);
#5210=AXIS2_PLACEMENT_3D('',#7687,#6241,#6242);
#5211=AXIS2_PLACEMENT_3D('',#7688,#6243,#6244);
#5212=AXIS2_PLACEMENT_3D('',#7690,#6246,#6247);
#5213=AXIS2_PLACEMENT_3D('',#7702,#6254,#6255);
#5214=AXIS2_PLACEMENT_3D('',#7707,#6257,#6258);
#5215=AXIS2_PLACEMENT_3D('',#7710,#6260,#6261);
#5216=AXIS2_PLACEMENT_3D('',#7711,#6262,#6263);
#5217=AXIS2_PLACEMENT_3D('',#7713,#6264,#6265);
#5218=AXIS2_PLACEMENT_3D('',#7715,#6267,#6268);
#5219=AXIS2_PLACEMENT_3D('',#7722,#6273,#6274);
#5220=AXIS2_PLACEMENT_3D('',#7724,#6275,#6276);
#5221=AXIS2_PLACEMENT_3D('',#7725,#6277,#6278);
#5222=AXIS2_PLACEMENT_3D('',#7726,#6279,#6280);
#5223=AXIS2_PLACEMENT_3D('',#7730,#6282,#6283);
#5224=AXIS2_PLACEMENT_3D('',#7732,#6285,#6286);
#5225=AXIS2_PLACEMENT_3D('',#7736,#6289,#6290);
#5226=AXIS2_PLACEMENT_3D('',#7738,#6291,#6292);
#5227=AXIS2_PLACEMENT_3D('',#7740,#6293,#6294);
#5228=AXIS2_PLACEMENT_3D('',#7744,#6296,#6297);
#5229=AXIS2_PLACEMENT_3D('',#7748,#6299,#6300);
#5230=AXIS2_PLACEMENT_3D('',#7752,#6302,#6303);
#5231=AXIS2_PLACEMENT_3D('',#7756,#6305,#6306);
#5232=AXIS2_PLACEMENT_3D('',#7760,#6308,#6309);
#5233=AXIS2_PLACEMENT_3D('',#7764,#6311,#6312);
#5234=AXIS2_PLACEMENT_3D('',#7768,#6314,#6315);
#5235=AXIS2_PLACEMENT_3D('',#7772,#6317,#6318);
#5236=AXIS2_PLACEMENT_3D('',#7776,#6320,#6321);
#5237=AXIS2_PLACEMENT_3D('',#7778,#6322,#6323);
#5238=AXIS2_PLACEMENT_3D('',#7780,#6324,#6325);
#5239=AXIS2_PLACEMENT_3D('',#7788,#6330,#6331);
#5240=AXIS2_PLACEMENT_3D('',#7790,#6332,#6333);
#5241=AXIS2_PLACEMENT_3D('',#7793,#6335,#6336);
#5242=AXIS2_PLACEMENT_3D('',#7794,#6337,#6338);
#5243=AXIS2_PLACEMENT_3D('',#7795,#6339,#6340);
#5244=AXIS2_PLACEMENT_3D('',#7796,#6341,#6342);
#5245=AXIS2_PLACEMENT_3D('',#7798,#6343,#6344);
#5246=AXIS2_PLACEMENT_3D('',#7803,#6347,#6348);
#5247=AXIS2_PLACEMENT_3D('',#7806,#6350,#6351);
#5248=AXIS2_PLACEMENT_3D('',#7807,#6352,#6353);
#5249=AXIS2_PLACEMENT_3D('',#7809,#6355,#6356);
#5250=AXIS2_PLACEMENT_3D('',#7810,#6357,#6358);
#5251=AXIS2_PLACEMENT_3D('',#7811,#6359,#6360);
#5252=AXIS2_PLACEMENT_3D('',#7814,#6363,#6364);
#5253=AXIS2_PLACEMENT_3D('',#7816,#6366,#6367);
#5254=AXIS2_PLACEMENT_3D('',#7817,#6368,#6369);
#5255=AXIS2_PLACEMENT_3D('',#7818,#6370,#6371);
#5256=AXIS2_PLACEMENT_3D('',#7825,#6375,#6376);
#5257=AXIS2_PLACEMENT_3D('',#7826,#6377,#6378);
#5258=AXIS2_PLACEMENT_3D('',#7832,#6382,#6383);
#5259=AXIS2_PLACEMENT_3D('',#7836,#6386,#6387);
#5260=AXIS2_PLACEMENT_3D('',#7838,#6389,#6390);
#5261=AXIS2_PLACEMENT_3D('',#7840,#6391,#6392);
#5262=AXIS2_PLACEMENT_3D('',#7842,#6394,#6395);
#5263=AXIS2_PLACEMENT_3D('',#7845,#6396,#6397);
#5264=AXIS2_PLACEMENT_3D('',#7848,#6400,#6401);
#5265=AXIS2_PLACEMENT_3D('',#7852,#6404,#6405);
#5266=AXIS2_PLACEMENT_3D('',#7854,#6406,#6407);
#5267=AXIS2_PLACEMENT_3D('',#7858,#6409,#6410);
#5268=AXIS2_PLACEMENT_3D('',#7862,#6412,#6413);
#5269=AXIS2_PLACEMENT_3D('',#7866,#6415,#6416);
#5270=AXIS2_PLACEMENT_3D('',#7870,#6418,#6419);
#5271=AXIS2_PLACEMENT_3D('',#7874,#6421,#6422);
#5272=AXIS2_PLACEMENT_3D('',#7877,#6424,#6425);
#5273=AXIS2_PLACEMENT_3D('',#7881,#6427,#6428);
#5274=AXIS2_PLACEMENT_3D('',#7884,#6430,#6431);
#5275=AXIS2_PLACEMENT_3D('',#7885,#6432,#6433);
#5276=AXIS2_PLACEMENT_3D('',#7887,#6435,#6436);
#5277=AXIS2_PLACEMENT_3D('',#7890,#6439,#6440);
#5278=AXIS2_PLACEMENT_3D('',#7891,#6441,#6442);
#5279=AXIS2_PLACEMENT_3D('',#7893,#6444,#6445);
#5280=AXIS2_PLACEMENT_3D('',#7896,#6448,#6449);
#5281=AXIS2_PLACEMENT_3D('',#7898,#6451,#6452);
#5282=AXIS2_PLACEMENT_3D('',#7900,#6454,#6455);
#5283=AXIS2_PLACEMENT_3D('',#7903,#6458,#6459);
#5284=AXIS2_PLACEMENT_3D('',#7904,#6460,#6461);
#5285=AXIS2_PLACEMENT_3D('',#7906,#6463,#6464);
#5286=AXIS2_PLACEMENT_3D('',#7908,#6466,#6467);
#5287=AXIS2_PLACEMENT_3D('',#7910,#6469,#6470);
#5288=AXIS2_PLACEMENT_3D('',#7912,#6472,#6473);
#5289=AXIS2_PLACEMENT_3D('',#7914,#6475,#6476);
#5290=AXIS2_PLACEMENT_3D('',#7915,#6477,#6478);
#5291=AXIS2_PLACEMENT_3D('',#7916,#6479,#6480);
#5292=AXIS2_PLACEMENT_3D('',#7917,#6481,#6482);
#5293=AXIS2_PLACEMENT_3D('',#7918,#6483,#6484);
#5294=AXIS2_PLACEMENT_3D('',#7927,#6489,#6490);
#5295=AXIS2_PLACEMENT_3D('',#7936,#6495,#6496);
#5296=AXIS2_PLACEMENT_3D('',#7942,#6500,#6501);
#5297=AXIS2_PLACEMENT_3D('',#7948,#6505,#6506);
#5298=AXIS2_PLACEMENT_3D('',#7951,#6509,#6510);
#5299=AXIS2_PLACEMENT_3D('',#7953,#6512,#6513);
#5300=AXIS2_PLACEMENT_3D('',#7955,#6515,#6516);
#5301=AXIS2_PLACEMENT_3D('',#7956,#6517,#6518);
#5302=AXIS2_PLACEMENT_3D('',#7965,#6523,#6524);
#5303=AXIS2_PLACEMENT_3D('',#7974,#6529,#6530);
#5304=AXIS2_PLACEMENT_3D('',#7980,#6534,#6535);
#5305=AXIS2_PLACEMENT_3D('',#7986,#6539,#6540);
#5306=AXIS2_PLACEMENT_3D('',#7989,#6543,#6544);
#5307=AXIS2_PLACEMENT_3D('',#7991,#6546,#6547);
#5308=AXIS2_PLACEMENT_3D('',#7993,#6549,#6550);
#5309=AXIS2_PLACEMENT_3D('',#7994,#6551,#6552);
#5310=AXIS2_PLACEMENT_3D('',#7996,#6553,#6554);
#5311=AXIS2_PLACEMENT_3D('',#7999,#6556,#6557);
#5312=AXIS2_PLACEMENT_3D('',#8000,#6558,#6559);
#5313=AXIS2_PLACEMENT_3D('',#8001,#6560,#6561);
#5314=AXIS2_PLACEMENT_3D('',#8002,#6562,#6563);
#5315=AXIS2_PLACEMENT_3D('',#8004,#6564,#6565);
#5316=AXIS2_PLACEMENT_3D('',#8007,#6567,#6568);
#5317=AXIS2_PLACEMENT_3D('',#8008,#6569,#6570);
#5318=AXIS2_PLACEMENT_3D('',#8009,#6571,#6572);
#5319=AXIS2_PLACEMENT_3D('',#8010,#6573,#6574);
#5320=AXIS2_PLACEMENT_3D('',#8011,#6575,#6576);
#5321=AXIS2_PLACEMENT_3D('',#8014,#6577,#6578);
#5322=AXIS2_PLACEMENT_3D('',#8016,#6579,#6580);
#5323=AXIS2_PLACEMENT_3D('',#8018,#6581,#6582);
#5324=AXIS2_PLACEMENT_3D('',#8019,#6583,#6584);
#5325=AXIS2_PLACEMENT_3D('',#8020,#6585,#6586);
#5326=AXIS2_PLACEMENT_3D('',#8023,#6587,#6588);
#5327=AXIS2_PLACEMENT_3D('',#8026,#6591,#6592);
#5328=AXIS2_PLACEMENT_3D('',#8029,#6593,#6594);
#5329=AXIS2_PLACEMENT_3D('',#8030,#6595,#6596);
#5330=AXIS2_PLACEMENT_3D('',#8031,#6597,#6598);
#5331=AXIS2_PLACEMENT_3D('',#8032,#6599,#6600);
#5332=AXIS2_PLACEMENT_3D('',#8035,#6601,#6602);
#5333=AXIS2_PLACEMENT_3D('',#8038,#6605,#6606);
#5334=AXIS2_PLACEMENT_3D('',#8041,#6607,#6608);
#5335=AXIS2_PLACEMENT_3D('',#8042,#6609,#6610);
#5336=AXIS2_PLACEMENT_3D('',#8043,#6611,#6612);
#5337=AXIS2_PLACEMENT_3D('',#8044,#6613,#6614);
#5338=AXIS2_PLACEMENT_3D('',#8047,#6615,#6616);
#5339=AXIS2_PLACEMENT_3D('',#8050,#6619,#6620);
#5340=AXIS2_PLACEMENT_3D('',#8053,#6621,#6622);
#5341=AXIS2_PLACEMENT_3D('',#8054,#6623,#6624);
#5342=AXIS2_PLACEMENT_3D('',#8055,#6625,#6626);
#5343=AXIS2_PLACEMENT_3D('',#8056,#6627,#6628);
#5344=AXIS2_PLACEMENT_3D('',#8059,#6631,#6632);
#5345=AXIS2_PLACEMENT_3D('',#8065,#6636,#6637);
#5346=AXIS2_PLACEMENT_3D('',#8068,#6639,#6640);
#5347=AXIS2_PLACEMENT_3D('',#8069,#6641,#6642);
#5348=AXIS2_PLACEMENT_3D('',#8073,#6645,#6646);
#5349=AXIS2_PLACEMENT_3D('',#8076,#6648,#6649);
#5350=AXIS2_PLACEMENT_3D('',#8077,#6650,#6651);
#5351=AXIS2_PLACEMENT_3D('',#8080,#6652,#6653);
#5352=AXIS2_PLACEMENT_3D('',#8084,#6655,#6656);
#5353=AXIS2_PLACEMENT_3D('',#8088,#6658,#6659);
#5354=AXIS2_PLACEMENT_3D('',#8092,#6661,#6662);
#5355=AXIS2_PLACEMENT_3D('',#8094,#6664,#6665);
#5356=AXIS2_PLACEMENT_3D('',#8096,#6666,#6667);
#5357=AXIS2_PLACEMENT_3D('',#8098,#6668,#6669);
#5358=AXIS2_PLACEMENT_3D('',#8099,#6670,#6671);
#5359=AXIS2_PLACEMENT_3D('',#8100,#6672,#6673);
#5360=AXIS2_PLACEMENT_3D('',#8102,#6674,#6675);
#5361=AXIS2_PLACEMENT_3D('',#8104,#6677,#6678);
#5362=AXIS2_PLACEMENT_3D('',#8106,#6679,#6680);
#5363=AXIS2_PLACEMENT_3D('',#8107,#6681,#6682);
#5364=AXIS2_PLACEMENT_3D('',#8108,#6683,#6684);
#5365=AXIS2_PLACEMENT_3D('',#8110,#6685,#6686);
#5366=AXIS2_PLACEMENT_3D('',#8112,#6688,#6689);
#5367=AXIS2_PLACEMENT_3D('',#8114,#6690,#6691);
#5368=AXIS2_PLACEMENT_3D('',#8115,#6692,#6693);
#5369=AXIS2_PLACEMENT_3D('',#8116,#6694,#6695);
#5370=AXIS2_PLACEMENT_3D('',#8118,#6696,#6697);
#5371=AXIS2_PLACEMENT_3D('',#8120,#6699,#6700);
#5372=AXIS2_PLACEMENT_3D('',#8122,#6701,#6702);
#5373=AXIS2_PLACEMENT_3D('',#8123,#6703,#6704);
#5374=AXIS2_PLACEMENT_3D('',#8124,#6705,#6706);
#5375=AXIS2_PLACEMENT_3D('',#8126,#6708,#6709);
#5376=AXIS2_PLACEMENT_3D('',#8132,#6713,#6714);
#5377=AXIS2_PLACEMENT_3D('',#8135,#6716,#6717);
#5378=AXIS2_PLACEMENT_3D('',#8136,#6718,#6719);
#5379=AXIS2_PLACEMENT_3D('',#8140,#6722,#6723);
#5380=AXIS2_PLACEMENT_3D('',#8143,#6725,#6726);
#5381=AXIS2_PLACEMENT_3D('',#8144,#6727,#6728);
#5382=AXIS2_PLACEMENT_3D('',#8153,#6733,#6734);
#5383=AXIS2_PLACEMENT_3D('',#8159,#6738,#6739);
#5384=AXIS2_PLACEMENT_3D('',#8163,#6742,#6743);
#5385=AXIS2_PLACEMENT_3D('',#8167,#6746,#6747);
#5386=AXIS2_PLACEMENT_3D('',#8169,#6749,#6750);
#5387=AXIS2_PLACEMENT_3D('',#8178,#6755,#6756);
#5388=AXIS2_PLACEMENT_3D('',#8184,#6760,#6761);
#5389=AXIS2_PLACEMENT_3D('',#8188,#6764,#6765);
#5390=AXIS2_PLACEMENT_3D('',#8192,#6768,#6769);
#5391=AXIS2_PLACEMENT_3D('',#8194,#6771,#6772);
#5392=AXIS2_PLACEMENT_3D('',#8199,#6774,#6775);
#5393=AXIS2_PLACEMENT_3D('',#8202,#6777,#6778);
#5394=AXIS2_PLACEMENT_3D('',#8203,#6779,#6780);
#5395=AXIS2_PLACEMENT_3D('',#8208,#6782,#6783);
#5396=AXIS2_PLACEMENT_3D('',#8211,#6785,#6786);
#5397=AXIS2_PLACEMENT_3D('',#8212,#6787,#6788);
#5398=AXIS2_PLACEMENT_3D('',#8217,#6790,#6791);
#5399=AXIS2_PLACEMENT_3D('',#8220,#6793,#6794);
#5400=AXIS2_PLACEMENT_3D('',#8221,#6795,#6796);
#5401=AXIS2_PLACEMENT_3D('',#8226,#6799,#6800);
#5402=AXIS2_PLACEMENT_3D('',#8229,#6803,#6804);
#5403=AXIS2_PLACEMENT_3D('',#8233,#6806,#6807);
#5404=AXIS2_PLACEMENT_3D('',#8235,#6809,#6810);
#5405=AXIS2_PLACEMENT_3D('',#8237,#6812,#6813);
#5406=AXIS2_PLACEMENT_3D('',#8239,#6815,#6816);
#5407=AXIS2_PLACEMENT_3D('',#8241,#6818,#6819);
#5408=AXIS2_PLACEMENT_3D('',#8243,#6821,#6822);
#5409=AXIS2_PLACEMENT_3D('',#8248,#6824,#6825);
#5410=AXIS2_PLACEMENT_3D('',#8251,#6827,#6828);
#5411=AXIS2_PLACEMENT_3D('',#8252,#6829,#6830);
#5412=AXIS2_PLACEMENT_3D('',#8257,#6832,#6833);
#5413=AXIS2_PLACEMENT_3D('',#8260,#6835,#6836);
#5414=AXIS2_PLACEMENT_3D('',#8261,#6837,#6838);
#5415=AXIS2_PLACEMENT_3D('',#8266,#6840,#6841);
#5416=AXIS2_PLACEMENT_3D('',#8269,#6843,#6844);
#5417=AXIS2_PLACEMENT_3D('',#8270,#6845,#6846);
#5418=AXIS2_PLACEMENT_3D('',#8275,#6849,#6850);
#5419=AXIS2_PLACEMENT_3D('',#8278,#6853,#6854);
#5420=AXIS2_PLACEMENT_3D('',#8282,#6856,#6857);
#5421=AXIS2_PLACEMENT_3D('',#8284,#6859,#6860);
#5422=AXIS2_PLACEMENT_3D('',#8286,#6862,#6863);
#5423=AXIS2_PLACEMENT_3D('',#8288,#6865,#6866);
#5424=AXIS2_PLACEMENT_3D('',#8290,#6868,#6869);
#5425=AXIS2_PLACEMENT_3D('',#8292,#6871,#6872);
#5426=AXIS2_PLACEMENT_3D('',#8296,#6874,#6875);
#5427=AXIS2_PLACEMENT_3D('',#8298,#6877,#6878);
#5428=AXIS2_PLACEMENT_3D('',#8300,#6879,#6880);
#5429=AXIS2_PLACEMENT_3D('',#8302,#6882,#6883);
#5430=AXIS2_PLACEMENT_3D('',#8304,#6885,#6886);
#5431=AXIS2_PLACEMENT_3D('',#8306,#6888,#6889);
#5432=AXIS2_PLACEMENT_3D('',#8310,#6891,#6892);
#5433=AXIS2_PLACEMENT_3D('',#8312,#6894,#6895);
#5434=AXIS2_PLACEMENT_3D('',#8316,#6898,#6899);
#5435=AXIS2_PLACEMENT_3D('',#8317,#6900,#6901);
#5436=AXIS2_PLACEMENT_3D('',#8319,#6903,#6904);
#5437=AXIS2_PLACEMENT_3D('',#8320,#6905,#6906);
#5438=AXIS2_PLACEMENT_3D('',#8321,#6907,#6908);
#5439=AXIS2_PLACEMENT_3D('',#8322,#6909,#6910);
#5440=AXIS2_PLACEMENT_3D('',#8323,#6911,#6912);
#5441=AXIS2_PLACEMENT_3D('',#8324,#6913,#6914);
#5442=AXIS2_PLACEMENT_3D('',#8325,#6915,#6916);
#5443=DIRECTION('axis',(0.,0.,1.));
#5444=DIRECTION('refdir',(1.,0.,0.));
#5445=DIRECTION('axis',(0.,0.,1.));
#5446=DIRECTION('refdir',(1.,0.,0.));
#5447=DIRECTION('center_axis',(0.,0.,1.));
#5448=DIRECTION('ref_axis',(1.,0.,0.));
#5449=DIRECTION('center_axis',(0.,0.,1.));
#5450=DIRECTION('ref_axis',(1.,0.,0.));
#5451=DIRECTION('',(0.,0.,1.));
#5452=DIRECTION('center_axis',(0.,0.,-1.));
#5453=DIRECTION('ref_axis',(1.,0.,0.));
#5454=DIRECTION('center_axis',(0.,0.,1.));
#5455=DIRECTION('ref_axis',(1.,0.,0.));
#5456=DIRECTION('center_axis',(0.,0.,1.));
#5457=DIRECTION('ref_axis',(1.,0.,0.));
#5458=DIRECTION('',(0.,0.,1.));
#5459=DIRECTION('center_axis',(0.,0.,-1.));
#5460=DIRECTION('ref_axis',(1.,0.,0.));
#5461=DIRECTION('center_axis',(0.,-1.,0.));
#5462=DIRECTION('ref_axis',(0.,0.,-1.));
#5463=DIRECTION('',(1.,0.,0.));
#5464=DIRECTION('',(0.,0.,-1.));
#5465=DIRECTION('',(-1.,0.,0.));
#5466=DIRECTION('',(0.,0.,-1.));
#5467=DIRECTION('center_axis',(-1.,0.,0.));
#5468=DIRECTION('ref_axis',(0.,0.,1.));
#5469=DIRECTION('',(0.,-1.,0.));
#5470=DIRECTION('',(0.,1.,0.));
#5471=DIRECTION('',(0.,0.,-1.));
#5472=DIRECTION('center_axis',(0.,1.,0.));
#5473=DIRECTION('ref_axis',(0.,0.,1.));
#5474=DIRECTION('',(-1.,0.,0.));
#5475=DIRECTION('',(1.,0.,0.));
#5476=DIRECTION('',(0.,0.,-1.));
#5477=DIRECTION('center_axis',(1.,0.,0.));
#5478=DIRECTION('ref_axis',(0.,0.,-1.));
#5479=DIRECTION('',(0.,1.,0.));
#5480=DIRECTION('',(0.,-1.,0.));
#5481=DIRECTION('center_axis',(0.,0.,1.));
#5482=DIRECTION('ref_axis',(1.,0.,0.));
#5483=DIRECTION('',(0.,1.,0.));
#5484=DIRECTION('',(-1.,0.,0.));
#5485=DIRECTION('',(0.,-1.,0.));
#5486=DIRECTION('',(1.,0.,0.));
#5487=DIRECTION('center_axis',(0.,0.,1.));
#5488=DIRECTION('ref_axis',(1.,0.,0.));
#5489=DIRECTION('',(0.,-1.,0.));
#5490=DIRECTION('',(-1.,0.,0.));
#5491=DIRECTION('',(0.,1.,0.));
#5492=DIRECTION('',(1.,0.,0.));
#5493=DIRECTION('center_axis',(0.,1.,0.));
#5494=DIRECTION('ref_axis',(0.,0.,1.));
#5495=DIRECTION('',(0.,0.,-1.));
#5496=DIRECTION('',(0.,0.,-1.));
#5497=DIRECTION('center_axis',(1.,0.,0.));
#5498=DIRECTION('ref_axis',(0.,0.,-1.));
#5499=DIRECTION('',(0.,0.,-1.));
#5500=DIRECTION('center_axis',(0.,-1.,0.));
#5501=DIRECTION('ref_axis',(0.,0.,-1.));
#5502=DIRECTION('',(0.,0.,-1.));
#5503=DIRECTION('center_axis',(-1.,0.,0.));
#5504=DIRECTION('ref_axis',(0.,0.,1.));
#5505=DIRECTION('axis',(0.,0.,1.));
#5506=DIRECTION('refdir',(1.,0.,0.));
#5507=DIRECTION('center_axis',(0.,0.,1.));
#5508=DIRECTION('ref_axis',(1.,0.,0.));
#5509=DIRECTION('center_axis',(0.,0.,1.));
#5510=DIRECTION('ref_axis',(1.,0.,0.));
#5511=DIRECTION('',(0.,0.,1.));
#5512=DIRECTION('center_axis',(0.,0.,-1.));
#5513=DIRECTION('ref_axis',(1.,0.,0.));
#5514=DIRECTION('center_axis',(0.,0.,1.));
#5515=DIRECTION('ref_axis',(1.,0.,0.));
#5516=DIRECTION('center_axis',(0.,0.,1.));
#5517=DIRECTION('ref_axis',(1.,0.,0.));
#5518=DIRECTION('',(0.,0.,1.));
#5519=DIRECTION('center_axis',(0.,0.,-1.));
#5520=DIRECTION('ref_axis',(1.,0.,0.));
#5521=DIRECTION('center_axis',(0.,0.,1.));
#5522=DIRECTION('ref_axis',(1.,0.,0.));
#5523=DIRECTION('center_axis',(0.,0.,1.));
#5524=DIRECTION('ref_axis',(1.,0.,0.));
#5525=DIRECTION('',(0.,0.,1.));
#5526=DIRECTION('center_axis',(0.,0.,-1.));
#5527=DIRECTION('ref_axis',(1.,0.,0.));
#5528=DIRECTION('center_axis',(0.,0.,1.));
#5529=DIRECTION('ref_axis',(1.,0.,0.));
#5530=DIRECTION('center_axis',(0.,0.,1.));
#5531=DIRECTION('ref_axis',(1.,0.,0.));
#5532=DIRECTION('',(0.,0.,1.));
#5533=DIRECTION('center_axis',(0.,0.,-1.));
#5534=DIRECTION('ref_axis',(1.,0.,0.));
#5535=DIRECTION('center_axis',(0.,0.,1.));
#5536=DIRECTION('ref_axis',(1.,0.,0.));
#5537=DIRECTION('',(0.,1.,0.));
#5538=DIRECTION('',(-1.,0.,0.));
#5539=DIRECTION('',(0.,-1.,0.));
#5540=DIRECTION('',(1.,0.,0.));
#5541=DIRECTION('center_axis',(0.,0.,1.));
#5542=DIRECTION('ref_axis',(1.,0.,0.));
#5543=DIRECTION('',(0.,-1.,0.));
#5544=DIRECTION('',(-1.,0.,0.));
#5545=DIRECTION('',(0.,1.,0.));
#5546=DIRECTION('',(1.,0.,0.));
#5547=DIRECTION('center_axis',(0.,1.,0.));
#5548=DIRECTION('ref_axis',(0.,0.,1.));
#5549=DIRECTION('',(0.,0.,-1.));
#5550=DIRECTION('',(0.,0.,-1.));
#5551=DIRECTION('center_axis',(1.,0.,0.));
#5552=DIRECTION('ref_axis',(0.,0.,-1.));
#5553=DIRECTION('',(0.,0.,-1.));
#5554=DIRECTION('center_axis',(0.,-1.,0.));
#5555=DIRECTION('ref_axis',(0.,0.,-1.));
#5556=DIRECTION('',(0.,0.,-1.));
#5557=DIRECTION('center_axis',(-1.,0.,0.));
#5558=DIRECTION('ref_axis',(0.,0.,1.));
#5559=DIRECTION('center_axis',(0.,0.,1.));
#5560=DIRECTION('ref_axis',(1.,0.,0.));
#5561=DIRECTION('',(0.,1.,0.));
#5562=DIRECTION('',(-1.,0.,0.));
#5563=DIRECTION('',(0.,-1.,0.));
#5564=DIRECTION('',(1.,0.,0.));
#5565=DIRECTION('center_axis',(0.,0.,1.));
#5566=DIRECTION('ref_axis',(1.,0.,0.));
#5567=DIRECTION('',(0.,-1.,0.));
#5568=DIRECTION('',(-1.,0.,0.));
#5569=DIRECTION('',(0.,1.,0.));
#5570=DIRECTION('',(1.,0.,0.));
#5571=DIRECTION('center_axis',(0.,1.,0.));
#5572=DIRECTION('ref_axis',(0.,0.,1.));
#5573=DIRECTION('',(0.,0.,-1.));
#5574=DIRECTION('',(0.,0.,-1.));
#5575=DIRECTION('center_axis',(1.,0.,0.));
#5576=DIRECTION('ref_axis',(0.,0.,-1.));
#5577=DIRECTION('',(0.,0.,-1.));
#5578=DIRECTION('center_axis',(0.,-1.,0.));
#5579=DIRECTION('ref_axis',(0.,0.,-1.));
#5580=DIRECTION('',(0.,0.,-1.));
#5581=DIRECTION('center_axis',(-1.,0.,0.));
#5582=DIRECTION('ref_axis',(0.,0.,1.));
#5583=DIRECTION('center_axis',(0.,0.,1.));
#5584=DIRECTION('ref_axis',(1.,0.,0.));
#5585=DIRECTION('',(0.,1.,0.));
#5586=DIRECTION('',(-1.,0.,0.));
#5587=DIRECTION('',(0.,-1.,0.));
#5588=DIRECTION('',(1.,0.,0.));
#5589=DIRECTION('center_axis',(0.,0.,1.));
#5590=DIRECTION('ref_axis',(1.,0.,0.));
#5591=DIRECTION('',(0.,-1.,0.));
#5592=DIRECTION('',(-1.,0.,0.));
#5593=DIRECTION('',(0.,1.,0.));
#5594=DIRECTION('',(1.,0.,0.));
#5595=DIRECTION('center_axis',(0.,1.,0.));
#5596=DIRECTION('ref_axis',(0.,0.,1.));
#5597=DIRECTION('',(0.,0.,-1.));
#5598=DIRECTION('',(0.,0.,-1.));
#5599=DIRECTION('center_axis',(1.,0.,0.));
#5600=DIRECTION('ref_axis',(0.,0.,-1.));
#5601=DIRECTION('',(0.,0.,-1.));
#5602=DIRECTION('center_axis',(0.,-1.,0.));
#5603=DIRECTION('ref_axis',(0.,0.,-1.));
#5604=DIRECTION('',(0.,0.,-1.));
#5605=DIRECTION('center_axis',(-1.,0.,0.));
#5606=DIRECTION('ref_axis',(0.,0.,1.));
#5607=DIRECTION('center_axis',(0.,0.,1.));
#5608=DIRECTION('ref_axis',(1.,0.,0.));
#5609=DIRECTION('',(0.,1.,0.));
#5610=DIRECTION('',(-1.,0.,0.));
#5611=DIRECTION('',(0.,-1.,0.));
#5612=DIRECTION('',(1.,0.,0.));
#5613=DIRECTION('center_axis',(0.,0.,1.));
#5614=DIRECTION('ref_axis',(1.,0.,0.));
#5615=DIRECTION('',(0.,-1.,0.));
#5616=DIRECTION('',(-1.,0.,0.));
#5617=DIRECTION('',(0.,1.,0.));
#5618=DIRECTION('',(1.,0.,0.));
#5619=DIRECTION('center_axis',(0.,1.,0.));
#5620=DIRECTION('ref_axis',(0.,0.,1.));
#5621=DIRECTION('',(0.,0.,-1.));
#5622=DIRECTION('',(0.,0.,-1.));
#5623=DIRECTION('center_axis',(1.,0.,0.));
#5624=DIRECTION('ref_axis',(0.,0.,-1.));
#5625=DIRECTION('',(0.,0.,-1.));
#5626=DIRECTION('center_axis',(0.,-1.,0.));
#5627=DIRECTION('ref_axis',(0.,0.,-1.));
#5628=DIRECTION('',(0.,0.,-1.));
#5629=DIRECTION('center_axis',(-1.,0.,0.));
#5630=DIRECTION('ref_axis',(0.,0.,1.));
#5631=DIRECTION('center_axis',(0.,0.,1.));
#5632=DIRECTION('ref_axis',(1.,0.,0.));
#5633=DIRECTION('center_axis',(0.,0.,1.));
#5634=DIRECTION('ref_axis',(1.,0.,0.));
#5635=DIRECTION('',(0.,0.,-1.));
#5636=DIRECTION('center_axis',(0.,0.,-1.));
#5637=DIRECTION('ref_axis',(1.,0.,0.));
#5638=DIRECTION('center_axis',(0.,0.,-1.));
#5639=DIRECTION('ref_axis',(-1.,0.,0.));
#5640=DIRECTION('center_axis',(0.,0.,1.));
#5641=DIRECTION('ref_axis',(1.,0.,0.));
#5642=DIRECTION('center_axis',(0.,0.,1.));
#5643=DIRECTION('ref_axis',(1.,0.,0.));
#5644=DIRECTION('center_axis',(0.,0.,1.));
#5645=DIRECTION('ref_axis',(1.,0.,0.));
#5646=DIRECTION('',(0.,0.,-1.));
#5647=DIRECTION('center_axis',(0.,0.,-1.));
#5648=DIRECTION('ref_axis',(1.,0.,0.));
#5649=DIRECTION('center_axis',(0.,0.,-1.));
#5650=DIRECTION('ref_axis',(-1.,0.,0.));
#5651=DIRECTION('center_axis',(0.,0.,1.));
#5652=DIRECTION('ref_axis',(1.,0.,0.));
#5653=DIRECTION('center_axis',(0.,0.,1.));
#5654=DIRECTION('ref_axis',(1.,0.,0.));
#5655=DIRECTION('center_axis',(0.,0.,1.));
#5656=DIRECTION('ref_axis',(1.,0.,0.));
#5657=DIRECTION('',(0.,0.,-1.));
#5658=DIRECTION('center_axis',(0.,0.,-1.));
#5659=DIRECTION('ref_axis',(1.,0.,0.));
#5660=DIRECTION('center_axis',(0.,0.,-1.));
#5661=DIRECTION('ref_axis',(-1.,0.,0.));
#5662=DIRECTION('center_axis',(0.,0.,1.));
#5663=DIRECTION('ref_axis',(1.,0.,0.));
#5664=DIRECTION('center_axis',(0.,0.,1.));
#5665=DIRECTION('ref_axis',(1.,0.,0.));
#5666=DIRECTION('center_axis',(0.,0.,1.));
#5667=DIRECTION('ref_axis',(1.,0.,0.));
#5668=DIRECTION('',(0.,0.,-1.));
#5669=DIRECTION('center_axis',(0.,0.,-1.));
#5670=DIRECTION('ref_axis',(1.,0.,0.));
#5671=DIRECTION('center_axis',(0.,0.,-1.));
#5672=DIRECTION('ref_axis',(-1.,0.,0.));
#5673=DIRECTION('center_axis',(0.,0.,1.));
#5674=DIRECTION('ref_axis',(1.,0.,0.));
#5675=DIRECTION('center_axis',(0.,0.,1.));
#5676=DIRECTION('ref_axis',(1.,0.,0.));
#5677=DIRECTION('center_axis',(0.,0.,1.));
#5678=DIRECTION('ref_axis',(1.,0.,0.));
#5679=DIRECTION('',(0.,0.,-1.));
#5680=DIRECTION('center_axis',(0.,0.,-1.));
#5681=DIRECTION('ref_axis',(1.,0.,0.));
#5682=DIRECTION('center_axis',(0.,0.,-1.));
#5683=DIRECTION('ref_axis',(-1.,0.,0.));
#5684=DIRECTION('center_axis',(0.,0.,1.));
#5685=DIRECTION('ref_axis',(1.,0.,0.));
#5686=DIRECTION('center_axis',(0.,0.,1.));
#5687=DIRECTION('ref_axis',(1.,0.,0.));
#5688=DIRECTION('center_axis',(0.,0.,1.));
#5689=DIRECTION('ref_axis',(1.,0.,0.));
#5690=DIRECTION('',(0.,0.,-1.));
#5691=DIRECTION('center_axis',(0.,0.,-1.));
#5692=DIRECTION('ref_axis',(1.,0.,0.));
#5693=DIRECTION('center_axis',(0.,0.,-1.));
#5694=DIRECTION('ref_axis',(-1.,0.,0.));
#5695=DIRECTION('center_axis',(0.,0.,1.));
#5696=DIRECTION('ref_axis',(1.,0.,0.));
#5697=DIRECTION('center_axis',(0.,0.,1.));
#5698=DIRECTION('ref_axis',(1.,0.,0.));
#5699=DIRECTION('center_axis',(0.,0.,1.));
#5700=DIRECTION('ref_axis',(1.,0.,0.));
#5701=DIRECTION('',(0.,0.,-1.));
#5702=DIRECTION('center_axis',(0.,0.,-1.));
#5703=DIRECTION('ref_axis',(1.,0.,0.));
#5704=DIRECTION('center_axis',(0.,0.,-1.));
#5705=DIRECTION('ref_axis',(-1.,0.,0.));
#5706=DIRECTION('center_axis',(0.,0.,1.));
#5707=DIRECTION('ref_axis',(1.,0.,0.));
#5708=DIRECTION('center_axis',(0.,0.,1.));
#5709=DIRECTION('ref_axis',(1.,0.,0.));
#5710=DIRECTION('center_axis',(0.,0.,1.));
#5711=DIRECTION('ref_axis',(1.,0.,0.));
#5712=DIRECTION('',(0.,0.,-1.));
#5713=DIRECTION('center_axis',(0.,0.,-1.));
#5714=DIRECTION('ref_axis',(1.,0.,0.));
#5715=DIRECTION('center_axis',(0.,0.,-1.));
#5716=DIRECTION('ref_axis',(-1.,0.,0.));
#5717=DIRECTION('center_axis',(0.,0.,1.));
#5718=DIRECTION('ref_axis',(1.,0.,0.));
#5719=DIRECTION('axis',(0.,0.,1.));
#5720=DIRECTION('refdir',(1.,0.,0.));
#5721=DIRECTION('center_axis',(0.,0.,1.));
#5722=DIRECTION('ref_axis',(1.,0.,0.));
#5723=DIRECTION('center_axis',(0.,0.,1.));
#5724=DIRECTION('ref_axis',(1.,0.,0.));
#5725=DIRECTION('',(0.,0.,1.));
#5726=DIRECTION('center_axis',(0.,0.,-1.));
#5727=DIRECTION('ref_axis',(1.,0.,0.));
#5728=DIRECTION('center_axis',(0.,0.,1.));
#5729=DIRECTION('ref_axis',(1.,0.,0.));
#5730=DIRECTION('',(0.5,-0.866025403784439,0.));
#5731=DIRECTION('center_axis',(0.,0.,1.));
#5732=DIRECTION('ref_axis',(1.,0.,0.));
#5733=DIRECTION('center_axis',(0.,0.,1.));
#5734=DIRECTION('ref_axis',(1.,0.,0.));
#5735=DIRECTION('',(-0.5,-0.866025403784439,0.));
#5736=DIRECTION('center_axis',(0.,0.,1.));
#5737=DIRECTION('ref_axis',(1.,0.,0.));
#5738=DIRECTION('center_axis',(0.,0.,1.));
#5739=DIRECTION('ref_axis',(1.,0.,0.));
#5740=DIRECTION('',(1.,0.,0.));
#5741=DIRECTION('center_axis',(0.,0.,1.));
#5742=DIRECTION('ref_axis',(1.,0.,0.));
#5743=DIRECTION('center_axis',(0.,0.,1.));
#5744=DIRECTION('ref_axis',(1.,0.,0.));
#5745=DIRECTION('',(-0.5,0.866025403784439,0.));
#5746=DIRECTION('center_axis',(0.,0.,1.));
#5747=DIRECTION('ref_axis',(1.,0.,0.));
#5748=DIRECTION('center_axis',(0.,0.,1.));
#5749=DIRECTION('ref_axis',(1.,0.,0.));
#5750=DIRECTION('',(0.5,0.866025403784439,0.));
#5751=DIRECTION('center_axis',(0.,0.,1.));
#5752=DIRECTION('ref_axis',(1.,0.,0.));
#5753=DIRECTION('center_axis',(0.,0.,1.));
#5754=DIRECTION('ref_axis',(1.,0.,0.));
#5755=DIRECTION('',(-1.,0.,0.));
#5756=DIRECTION('center_axis',(0.,0.,1.));
#5757=DIRECTION('ref_axis',(1.,0.,0.));
#5758=DIRECTION('center_axis',(0.,0.,-1.));
#5759=DIRECTION('ref_axis',(1.,0.,0.));
#5760=DIRECTION('',(0.66876715511726,8.19003555889234E-17,0.743471917584226));
#5761=DIRECTION('center_axis',(-0.866025403784439,-0.5,0.));
#5762=DIRECTION('ref_axis',(0.,0.,1.));
#5763=DIRECTION('',(0.,0.,-1.));
#5764=DIRECTION('',(0.5,-0.866025403784439,0.));
#5765=DIRECTION('',(0.,0.,1.));
#5766=DIRECTION('center_axis',(0.866025403784439,0.5,0.));
#5767=DIRECTION('ref_axis',(0.,0.,-1.));
#5768=DIRECTION('',(0.,0.,1.));
#5769=DIRECTION('',(0.,0.,-1.));
#5770=DIRECTION('',(-0.5,0.866025403784439,0.));
#5771=DIRECTION('center_axis',(0.,-1.,0.));
#5772=DIRECTION('ref_axis',(0.,0.,-1.));
#5773=DIRECTION('',(1.,0.,0.));
#5774=DIRECTION('',(0.,0.,-1.));
#5775=DIRECTION('center_axis',(0.,1.,0.));
#5776=DIRECTION('ref_axis',(0.,0.,1.));
#5777=DIRECTION('',(-1.,0.,0.));
#5778=DIRECTION('',(0.,0.,-1.));
#5779=DIRECTION('center_axis',(-0.866025403784439,0.5,0.));
#5780=DIRECTION('ref_axis',(0.,0.,1.));
#5781=DIRECTION('',(-0.5,-0.866025403784439,0.));
#5782=DIRECTION('center_axis',(0.866025403784439,-0.5,0.));
#5783=DIRECTION('ref_axis',(0.,0.,-1.));
#5784=DIRECTION('',(0.5,0.866025403784439,0.));
#5785=DIRECTION('center_axis',(-0.866025403784439,-0.5,0.));
#5786=DIRECTION('ref_axis',(0.,0.,1.));
#5787=DIRECTION('',(0.,0.,-1.));
#5788=DIRECTION('',(0.5,-0.866025403784439,0.));
#5789=DIRECTION('',(0.,0.,1.));
#5790=DIRECTION('',(-0.5,0.866025403784439,0.));
#5791=DIRECTION('center_axis',(0.866025403784439,0.5,0.));
#5792=DIRECTION('ref_axis',(0.,0.,-1.));
#5793=DIRECTION('',(0.,0.,1.));
#5794=DIRECTION('',(0.5,-0.866025403784439,0.));
#5795=DIRECTION('',(0.,0.,-1.));
#5796=DIRECTION('',(-0.5,0.866025403784439,0.));
#5797=DIRECTION('center_axis',(0.,-1.,0.));
#5798=DIRECTION('ref_axis',(0.,0.,-1.));
#5799=DIRECTION('',(-1.,0.,0.));
#5800=DIRECTION('',(0.,0.,-1.));
#5801=DIRECTION('',(1.,0.,0.));
#5802=DIRECTION('center_axis',(0.,1.,0.));
#5803=DIRECTION('ref_axis',(0.,0.,1.));
#5804=DIRECTION('',(1.,0.,0.));
#5805=DIRECTION('',(0.,0.,-1.));
#5806=DIRECTION('',(-1.,0.,0.));
#5807=DIRECTION('center_axis',(0.,0.,1.));
#5808=DIRECTION('ref_axis',(1.,0.,0.));
#5809=DIRECTION('',(-0.5,-0.866025403784439,0.));
#5810=DIRECTION('',(0.5,0.866025403784439,0.));
#5811=DIRECTION('center_axis',(0.,0.,-1.));
#5812=DIRECTION('ref_axis',(1.,0.,0.));
#5813=DIRECTION('center_axis',(-0.866025403784439,0.5,0.));
#5814=DIRECTION('ref_axis',(0.,0.,1.));
#5815=DIRECTION('',(0.5,0.866025403784439,0.));
#5816=DIRECTION('center_axis',(0.866025403784439,-0.5,0.));
#5817=DIRECTION('ref_axis',(0.,0.,-1.));
#5818=DIRECTION('',(-0.5,-0.866025403784439,0.));
#5819=DIRECTION('center_axis',(0.,0.,1.));
#5820=DIRECTION('ref_axis',(1.,0.,0.));
#5821=DIRECTION('center_axis',(0.,0.,1.));
#5822=DIRECTION('ref_axis',(1.,0.,0.));
#5823=DIRECTION('',(0.,0.,1.));
#5824=DIRECTION('center_axis',(0.,0.,-1.));
#5825=DIRECTION('ref_axis',(1.,0.,0.));
#5826=DIRECTION('center_axis',(0.,0.,1.));
#5827=DIRECTION('ref_axis',(1.,0.,0.));
#5828=DIRECTION('center_axis',(0.,0.,1.));
#5829=DIRECTION('ref_axis',(1.,0.,0.));
#5830=DIRECTION('',(0.,0.,1.));
#5831=DIRECTION('center_axis',(0.,0.,-1.));
#5832=DIRECTION('ref_axis',(1.,0.,0.));
#5833=DIRECTION('center_axis',(0.,0.,1.));
#5834=DIRECTION('ref_axis',(1.,0.,0.));
#5835=DIRECTION('',(0.5,-0.866025403784439,0.));
#5836=DIRECTION('center_axis',(0.,0.,1.));
#5837=DIRECTION('ref_axis',(1.,0.,0.));
#5838=DIRECTION('center_axis',(0.,0.,1.));
#5839=DIRECTION('ref_axis',(1.,0.,0.));
#5840=DIRECTION('',(-0.5,-0.866025403784439,0.));
#5841=DIRECTION('center_axis',(0.,0.,1.));
#5842=DIRECTION('ref_axis',(1.,0.,0.));
#5843=DIRECTION('center_axis',(0.,0.,1.));
#5844=DIRECTION('ref_axis',(1.,0.,0.));
#5845=DIRECTION('',(1.,0.,0.));
#5846=DIRECTION('center_axis',(0.,0.,1.));
#5847=DIRECTION('ref_axis',(1.,0.,0.));
#5848=DIRECTION('center_axis',(0.,0.,1.));
#5849=DIRECTION('ref_axis',(1.,0.,0.));
#5850=DIRECTION('',(-0.5,0.866025403784439,0.));
#5851=DIRECTION('center_axis',(0.,0.,1.));
#5852=DIRECTION('ref_axis',(1.,0.,0.));
#5853=DIRECTION('center_axis',(0.,0.,1.));
#5854=DIRECTION('ref_axis',(1.,0.,0.));
#5855=DIRECTION('',(0.5,0.866025403784439,0.));
#5856=DIRECTION('center_axis',(0.,0.,1.));
#5857=DIRECTION('ref_axis',(1.,0.,0.));
#5858=DIRECTION('center_axis',(0.,0.,1.));
#5859=DIRECTION('ref_axis',(1.,0.,0.));
#5860=DIRECTION('',(-1.,0.,0.));
#5861=DIRECTION('center_axis',(0.,0.,1.));
#5862=DIRECTION('ref_axis',(1.,0.,0.));
#5863=DIRECTION('center_axis',(0.,0.,-1.));
#5864=DIRECTION('ref_axis',(1.,0.,0.));
#5865=DIRECTION('',(0.66876715511726,8.19003555889234E-17,0.743471917584226));
#5866=DIRECTION('center_axis',(-0.866025403784439,-0.5,0.));
#5867=DIRECTION('ref_axis',(0.,0.,1.));
#5868=DIRECTION('',(0.,0.,-1.));
#5869=DIRECTION('',(0.5,-0.866025403784439,0.));
#5870=DIRECTION('',(0.,0.,1.));
#5871=DIRECTION('center_axis',(0.866025403784439,0.5,0.));
#5872=DIRECTION('ref_axis',(0.,0.,-1.));
#5873=DIRECTION('',(0.,0.,1.));
#5874=DIRECTION('',(0.,0.,-1.));
#5875=DIRECTION('',(-0.5,0.866025403784439,0.));
#5876=DIRECTION('center_axis',(0.,-1.,0.));
#5877=DIRECTION('ref_axis',(0.,0.,-1.));
#5878=DIRECTION('',(1.,0.,0.));
#5879=DIRECTION('',(0.,0.,-1.));
#5880=DIRECTION('center_axis',(0.,1.,0.));
#5881=DIRECTION('ref_axis',(0.,0.,1.));
#5882=DIRECTION('',(-1.,0.,0.));
#5883=DIRECTION('',(0.,0.,-1.));
#5884=DIRECTION('center_axis',(-0.866025403784439,0.5,0.));
#5885=DIRECTION('ref_axis',(0.,0.,1.));
#5886=DIRECTION('',(-0.5,-0.866025403784439,0.));
#5887=DIRECTION('center_axis',(0.866025403784439,-0.5,0.));
#5888=DIRECTION('ref_axis',(0.,0.,-1.));
#5889=DIRECTION('',(0.5,0.866025403784439,0.));
#5890=DIRECTION('center_axis',(-0.866025403784439,-0.5,0.));
#5891=DIRECTION('ref_axis',(0.,0.,1.));
#5892=DIRECTION('',(0.,0.,-1.));
#5893=DIRECTION('',(0.5,-0.866025403784439,0.));
#5894=DIRECTION('',(0.,0.,1.));
#5895=DIRECTION('',(-0.5,0.866025403784439,0.));
#5896=DIRECTION('center_axis',(0.866025403784439,0.5,0.));
#5897=DIRECTION('ref_axis',(0.,0.,-1.));
#5898=DIRECTION('',(0.,0.,1.));
#5899=DIRECTION('',(0.5,-0.866025403784439,0.));
#5900=DIRECTION('',(0.,0.,-1.));
#5901=DIRECTION('',(-0.5,0.866025403784439,0.));
#5902=DIRECTION('center_axis',(0.,-1.,0.));
#5903=DIRECTION('ref_axis',(0.,0.,-1.));
#5904=DIRECTION('',(-1.,0.,0.));
#5905=DIRECTION('',(0.,0.,-1.));
#5906=DIRECTION('',(1.,0.,0.));
#5907=DIRECTION('center_axis',(0.,1.,0.));
#5908=DIRECTION('ref_axis',(0.,0.,1.));
#5909=DIRECTION('',(1.,0.,0.));
#5910=DIRECTION('',(0.,0.,-1.));
#5911=DIRECTION('',(-1.,0.,0.));
#5912=DIRECTION('center_axis',(0.,0.,1.));
#5913=DIRECTION('ref_axis',(1.,0.,0.));
#5914=DIRECTION('',(-0.5,-0.866025403784439,0.));
#5915=DIRECTION('',(0.5,0.866025403784439,0.));
#5916=DIRECTION('center_axis',(0.,0.,-1.));
#5917=DIRECTION('ref_axis',(1.,0.,0.));
#5918=DIRECTION('center_axis',(-0.866025403784439,0.5,0.));
#5919=DIRECTION('ref_axis',(0.,0.,1.));
#5920=DIRECTION('',(0.5,0.866025403784439,0.));
#5921=DIRECTION('center_axis',(0.866025403784439,-0.5,0.));
#5922=DIRECTION('ref_axis',(0.,0.,-1.));
#5923=DIRECTION('',(-0.5,-0.866025403784439,0.));
#5924=DIRECTION('center_axis',(0.,0.,1.));
#5925=DIRECTION('ref_axis',(1.,0.,0.));
#5926=DIRECTION('center_axis',(0.,0.,1.));
#5927=DIRECTION('ref_axis',(1.,0.,0.));
#5928=DIRECTION('',(0.,0.,1.));
#5929=DIRECTION('center_axis',(0.,0.,-1.));
#5930=DIRECTION('ref_axis',(1.,0.,0.));
#5931=DIRECTION('center_axis',(0.,0.,-1.));
#5932=DIRECTION('ref_axis',(1.,0.,0.));
#5933=DIRECTION('center_axis',(0.,0.,1.));
#5934=DIRECTION('ref_axis',(1.,0.,0.));
#5935=DIRECTION('',(-0.707106781186547,-8.65956056235493E-17,-0.707106781186547));
#5936=DIRECTION('center_axis',(0.,0.,1.));
#5937=DIRECTION('ref_axis',(1.,0.,0.));
#5938=DIRECTION('center_axis',(0.,0.,1.));
#5939=DIRECTION('ref_axis',(1.,0.,0.));
#5940=DIRECTION('center_axis',(0.,0.,1.));
#5941=DIRECTION('ref_axis',(1.,0.,0.));
#5942=DIRECTION('center_axis',(0.,0.,1.));
#5943=DIRECTION('ref_axis',(1.,0.,0.));
#5944=DIRECTION('center_axis',(0.,1.,0.));
#5945=DIRECTION('ref_axis',(-1.,0.,0.));
#5946=DIRECTION('center_axis',(0.,0.,1.));
#5947=DIRECTION('ref_axis',(1.,0.,0.));
#5948=DIRECTION('center_axis',(0.,0.,1.));
#5949=DIRECTION('ref_axis',(1.,0.,0.));
#5950=DIRECTION('',(0.,0.,-1.));
#5951=DIRECTION('center_axis',(0.,0.,-1.));
#5952=DIRECTION('ref_axis',(-1.,0.,0.));
#5953=DIRECTION('center_axis',(0.,0.,-1.));
#5954=DIRECTION('ref_axis',(1.,0.,0.));
#5955=DIRECTION('center_axis',(0.,0.,-1.));
#5956=DIRECTION('ref_axis',(1.,0.,0.));
#5957=DIRECTION('center_axis',(0.,0.,1.));
#5958=DIRECTION('ref_axis',(1.,0.,0.));
#5959=DIRECTION('',(-0.707106781186547,-8.65956056235493E-17,-0.707106781186547));
#5960=DIRECTION('center_axis',(0.,0.,1.));
#5961=DIRECTION('ref_axis',(1.,0.,0.));
#5962=DIRECTION('center_axis',(0.,0.,1.));
#5963=DIRECTION('ref_axis',(1.,0.,0.));
#5964=DIRECTION('center_axis',(0.,0.,1.));
#5965=DIRECTION('ref_axis',(1.,0.,0.));
#5966=DIRECTION('center_axis',(0.,0.,1.));
#5967=DIRECTION('ref_axis',(1.,0.,0.));
#5968=DIRECTION('center_axis',(0.,1.,0.));
#5969=DIRECTION('ref_axis',(-1.,0.,0.));
#5970=DIRECTION('center_axis',(0.,0.,1.));
#5971=DIRECTION('ref_axis',(1.,0.,0.));
#5972=DIRECTION('center_axis',(0.,0.,1.));
#5973=DIRECTION('ref_axis',(1.,0.,0.));
#5974=DIRECTION('',(0.,0.,-1.));
#5975=DIRECTION('center_axis',(0.,0.,-1.));
#5976=DIRECTION('ref_axis',(-1.,0.,0.));
#5977=DIRECTION('center_axis',(0.,0.,-1.));
#5978=DIRECTION('ref_axis',(1.,0.,0.));
#5979=DIRECTION('center_axis',(0.,1.,0.));
#5980=DIRECTION('ref_axis',(0.,0.,1.));
#5981=DIRECTION('',(0.,0.,1.));
#5982=DIRECTION('',(-1.,0.,0.));
#5983=DIRECTION('',(0.,0.,-1.));
#5984=DIRECTION('',(1.,0.,0.));
#5985=DIRECTION('',(0.,0.,-1.));
#5986=DIRECTION('',(-1.,0.,0.));
#5987=DIRECTION('',(0.,0.,1.));
#5988=DIRECTION('',(1.,0.,0.));
#5989=DIRECTION('center_axis',(0.,0.,1.));
#5990=DIRECTION('ref_axis',(1.,0.,0.));
#5991=DIRECTION('center_axis',(0.,0.,1.));
#5992=DIRECTION('ref_axis',(1.,0.,0.));
#5993=DIRECTION('',(1.,0.,0.));
#5994=DIRECTION('center_axis',(0.,0.,1.));
#5995=DIRECTION('ref_axis',(1.,0.,0.));
#5996=DIRECTION('center_axis',(0.,0.,1.));
#5997=DIRECTION('ref_axis',(1.,0.,0.));
#5998=DIRECTION('center_axis',(0.,-1.,0.));
#5999=DIRECTION('ref_axis',(0.,0.,-1.));
#6000=DIRECTION('',(0.,0.,-1.));
#6001=DIRECTION('',(-1.,0.,0.));
#6002=DIRECTION('',(0.,0.,-1.));
#6003=DIRECTION('',(1.,0.,0.));
#6004=DIRECTION('',(0.,0.,1.));
#6005=DIRECTION('',(-1.,0.,0.));
#6006=DIRECTION('',(0.,0.,1.));
#6007=DIRECTION('center_axis',(0.,0.,1.));
#6008=DIRECTION('ref_axis',(1.,0.,0.));
#6009=DIRECTION('center_axis',(0.,0.,1.));
#6010=DIRECTION('ref_axis',(1.,0.,0.));
#6011=DIRECTION('center_axis',(0.,0.,1.));
#6012=DIRECTION('ref_axis',(1.,0.,0.));
#6013=DIRECTION('center_axis',(0.,0.,1.));
#6014=DIRECTION('ref_axis',(1.,0.,0.));
#6015=DIRECTION('center_axis',(0.,0.,-1.));
#6016=DIRECTION('ref_axis',(1.,0.,0.));
#6017=DIRECTION('center_axis',(0.,0.,1.));
#6018=DIRECTION('ref_axis',(1.,0.,0.));
#6019=DIRECTION('center_axis',(0.,0.,-1.));
#6020=DIRECTION('ref_axis',(1.,0.,0.));
#6021=DIRECTION('center_axis',(0.,0.,1.));
#6022=DIRECTION('ref_axis',(1.,0.,0.));
#6023=DIRECTION('center_axis',(0.,0.,1.));
#6024=DIRECTION('ref_axis',(1.,0.,0.));
#6025=DIRECTION('center_axis',(0.,0.,-1.));
#6026=DIRECTION('ref_axis',(1.,0.,0.));
#6027=DIRECTION('center_axis',(0.,0.,1.));
#6028=DIRECTION('ref_axis',(1.,0.,0.));
#6029=DIRECTION('center_axis',(0.,0.,-1.));
#6030=DIRECTION('ref_axis',(1.,0.,0.));
#6031=DIRECTION('center_axis',(0.,0.,1.));
#6032=DIRECTION('ref_axis',(1.,0.,0.));
#6033=DIRECTION('center_axis',(0.,0.,1.));
#6034=DIRECTION('ref_axis',(1.,0.,0.));
#6035=DIRECTION('center_axis',(0.,0.,1.));
#6036=DIRECTION('ref_axis',(1.,0.,0.));
#6037=DIRECTION('center_axis',(0.,0.,-1.));
#6038=DIRECTION('ref_axis',(-1.,0.,0.));
#6039=DIRECTION('center_axis',(0.,0.,-1.));
#6040=DIRECTION('ref_axis',(-1.,0.,0.));
#6041=DIRECTION('center_axis',(0.,0.,1.));
#6042=DIRECTION('ref_axis',(1.,0.,0.));
#6043=DIRECTION('center_axis',(0.,0.,1.));
#6044=DIRECTION('ref_axis',(1.,0.,0.));
#6045=DIRECTION('center_axis',(0.,0.,1.));
#6046=DIRECTION('ref_axis',(1.,0.,0.));
#6047=DIRECTION('center_axis',(0.,1.,0.));
#6048=DIRECTION('ref_axis',(-1.,0.,0.));
#6049=DIRECTION('center_axis',(0.,0.,1.));
#6050=DIRECTION('ref_axis',(1.,0.,0.));
#6051=DIRECTION('center_axis',(0.,0.,1.));
#6052=DIRECTION('ref_axis',(1.,0.,0.));
#6053=DIRECTION('center_axis',(0.,0.,-1.));
#6054=DIRECTION('ref_axis',(-1.,0.,0.));
#6055=DIRECTION('center_axis',(0.,0.,-1.));
#6056=DIRECTION('ref_axis',(1.,0.,0.));
#6057=DIRECTION('center_axis',(0.,1.,0.));
#6058=DIRECTION('ref_axis',(0.,0.,1.));
#6059=DIRECTION('',(0.,0.,1.));
#6060=DIRECTION('',(-1.,0.,0.));
#6061=DIRECTION('',(0.,0.,-1.));
#6062=DIRECTION('',(1.,0.,0.));
#6063=DIRECTION('',(0.,0.,-1.));
#6064=DIRECTION('',(-1.,0.,0.));
#6065=DIRECTION('',(0.,0.,1.));
#6066=DIRECTION('',(1.,0.,0.));
#6067=DIRECTION('center_axis',(0.,0.,1.));
#6068=DIRECTION('ref_axis',(1.,0.,0.));
#6069=DIRECTION('center_axis',(0.,0.,1.));
#6070=DIRECTION('ref_axis',(1.,0.,0.));
#6071=DIRECTION('',(1.,0.,0.));
#6072=DIRECTION('center_axis',(0.,0.,1.));
#6073=DIRECTION('ref_axis',(1.,0.,0.));
#6074=DIRECTION('center_axis',(0.,0.,1.));
#6075=DIRECTION('ref_axis',(1.,0.,0.));
#6076=DIRECTION('center_axis',(0.,-1.,0.));
#6077=DIRECTION('ref_axis',(0.,0.,-1.));
#6078=DIRECTION('',(0.,0.,-1.));
#6079=DIRECTION('',(-1.,0.,0.));
#6080=DIRECTION('',(0.,0.,-1.));
#6081=DIRECTION('',(1.,0.,0.));
#6082=DIRECTION('',(0.,0.,1.));
#6083=DIRECTION('',(-1.,0.,0.));
#6084=DIRECTION('',(0.,0.,1.));
#6085=DIRECTION('center_axis',(0.,0.,1.));
#6086=DIRECTION('ref_axis',(1.,0.,0.));
#6087=DIRECTION('center_axis',(0.,0.,1.));
#6088=DIRECTION('ref_axis',(1.,0.,0.));
#6089=DIRECTION('center_axis',(0.,0.,1.));
#6090=DIRECTION('ref_axis',(1.,0.,0.));
#6091=DIRECTION('center_axis',(0.,0.,1.));
#6092=DIRECTION('ref_axis',(1.,0.,0.));
#6093=DIRECTION('center_axis',(0.,0.,-1.));
#6094=DIRECTION('ref_axis',(1.,0.,0.));
#6095=DIRECTION('center_axis',(0.,0.,1.));
#6096=DIRECTION('ref_axis',(1.,0.,0.));
#6097=DIRECTION('center_axis',(0.,0.,-1.));
#6098=DIRECTION('ref_axis',(1.,0.,0.));
#6099=DIRECTION('center_axis',(0.,0.,1.));
#6100=DIRECTION('ref_axis',(1.,0.,0.));
#6101=DIRECTION('center_axis',(0.,0.,1.));
#6102=DIRECTION('ref_axis',(1.,0.,0.));
#6103=DIRECTION('center_axis',(0.,0.,-1.));
#6104=DIRECTION('ref_axis',(1.,0.,0.));
#6105=DIRECTION('center_axis',(0.,0.,1.));
#6106=DIRECTION('ref_axis',(1.,0.,0.));
#6107=DIRECTION('center_axis',(0.,0.,-1.));
#6108=DIRECTION('ref_axis',(1.,0.,0.));
#6109=DIRECTION('center_axis',(0.,0.,1.));
#6110=DIRECTION('ref_axis',(1.,0.,0.));
#6111=DIRECTION('center_axis',(0.,0.,1.));
#6112=DIRECTION('ref_axis',(1.,0.,0.));
#6113=DIRECTION('center_axis',(0.,0.,1.));
#6114=DIRECTION('ref_axis',(1.,0.,0.));
#6115=DIRECTION('center_axis',(0.,0.,-1.));
#6116=DIRECTION('ref_axis',(-1.,0.,0.));
#6117=DIRECTION('center_axis',(0.,0.,-1.));
#6118=DIRECTION('ref_axis',(-1.,0.,0.));
#6119=DIRECTION('center_axis',(0.,0.,1.));
#6120=DIRECTION('ref_axis',(1.,0.,0.));
#6121=DIRECTION('center_axis',(0.,0.,1.));
#6122=DIRECTION('ref_axis',(1.,0.,0.));
#6123=DIRECTION('center_axis',(0.,0.,1.));
#6124=DIRECTION('ref_axis',(1.,0.,0.));
#6125=DIRECTION('center_axis',(0.,1.,0.));
#6126=DIRECTION('ref_axis',(-1.,0.,0.));
#6127=DIRECTION('center_axis',(0.,0.,1.));
#6128=DIRECTION('ref_axis',(1.,0.,0.));
#6129=DIRECTION('center_axis',(0.,0.,1.));
#6130=DIRECTION('ref_axis',(1.,0.,0.));
#6131=DIRECTION('center_axis',(0.,0.,-1.));
#6132=DIRECTION('ref_axis',(-1.,0.,0.));
#6133=DIRECTION('center_axis',(0.,0.,-1.));
#6134=DIRECTION('ref_axis',(1.,0.,0.));
#6135=DIRECTION('center_axis',(0.,0.,1.));
#6136=DIRECTION('ref_axis',(1.,0.,0.));
#6137=DIRECTION('',(0.,0.,1.));
#6138=DIRECTION('center_axis',(0.,0.,-1.));
#6139=DIRECTION('ref_axis',(1.,0.,0.));
#6140=DIRECTION('center_axis',(0.,0.,1.));
#6141=DIRECTION('ref_axis',(1.,0.,0.));
#6142=DIRECTION('',(0.,0.,1.));
#6143=DIRECTION('center_axis',(0.,0.,-1.));
#6144=DIRECTION('ref_axis',(1.,0.,0.));
#6145=DIRECTION('center_axis',(0.,0.,1.));
#6146=DIRECTION('ref_axis',(1.,0.,0.));
#6147=DIRECTION('',(0.,0.,1.));
#6148=DIRECTION('center_axis',(0.,0.,-1.));
#6149=DIRECTION('ref_axis',(1.,0.,0.));
#6150=DIRECTION('center_axis',(0.,0.,1.));
#6151=DIRECTION('ref_axis',(1.,0.,0.));
#6152=DIRECTION('',(0.,0.,1.));
#6153=DIRECTION('center_axis',(0.,0.,-1.));
#6154=DIRECTION('ref_axis',(1.,0.,0.));
#6155=DIRECTION('center_axis',(0.,0.,1.));
#6156=DIRECTION('ref_axis',(1.,0.,0.));
#6157=DIRECTION('',(0.,-1.,0.));
#6158=DIRECTION('center_axis',(0.,0.,1.));
#6159=DIRECTION('ref_axis',(1.,0.,0.));
#6160=DIRECTION('',(-1.,0.,0.));
#6161=DIRECTION('center_axis',(0.,0.,1.));
#6162=DIRECTION('ref_axis',(1.,0.,0.));
#6163=DIRECTION('center_axis',(0.,0.,1.));
#6164=DIRECTION('ref_axis',(-0.621960259864785,0.783048807641598,0.));
#6165=DIRECTION('',(0.,0.,1.));
#6166=DIRECTION('center_axis',(0.,0.,-1.));
#6167=DIRECTION('ref_axis',(1.,0.,0.));
#6168=DIRECTION('',(0.,0.,-1.));
#6169=DIRECTION('center_axis',(0.,0.,1.));
#6170=DIRECTION('ref_axis',(1.,0.,0.));
#6171=DIRECTION('',(0.,0.,-1.));
#6172=DIRECTION('',(0.,0.,1.));
#6173=DIRECTION('center_axis',(0.,0.,-1.));
#6174=DIRECTION('ref_axis',(1.,0.,0.));
#6175=DIRECTION('center_axis',(0.,1.,0.));
#6176=DIRECTION('ref_axis',(0.,0.,1.));
#6177=DIRECTION('',(-1.,0.,0.));
#6178=DIRECTION('',(0.,0.,-1.));
#6179=DIRECTION('',(-1.,0.,0.));
#6180=DIRECTION('',(0.,0.,1.));
#6181=DIRECTION('',(-1.,0.,0.));
#6182=DIRECTION('',(0.,0.,1.));
#6183=DIRECTION('',(-1.,0.,0.));
#6184=DIRECTION('',(0.,0.,-1.));
#6185=DIRECTION('',(-1.,0.,0.));
#6186=DIRECTION('',(0.,0.,-1.));
#6187=DIRECTION('',(-1.,0.,0.));
#6188=DIRECTION('',(0.,0.,-1.));
#6189=DIRECTION('',(-1.,0.,0.));
#6190=DIRECTION('center_axis',(0.,0.,1.));
#6191=DIRECTION('ref_axis',(1.,0.,0.));
#6192=DIRECTION('',(0.,-1.,0.));
#6193=DIRECTION('center_axis',(0.,0.,1.));
#6194=DIRECTION('ref_axis',(1.,0.,0.));
#6195=DIRECTION('center_axis',(0.,0.,1.));
#6196=DIRECTION('ref_axis',(1.,0.,0.));
#6197=DIRECTION('',(0.,-1.,0.));
#6198=DIRECTION('center_axis',(0.,0.,1.));
#6199=DIRECTION('ref_axis',(-0.684796311734687,0.728734527406633,0.));
#6200=DIRECTION('',(0.,0.,1.));
#6201=DIRECTION('center_axis',(0.,0.,-1.));
#6202=DIRECTION('ref_axis',(1.,0.,0.));
#6203=DIRECTION('center_axis',(0.,0.,1.));
#6204=DIRECTION('ref_axis',(1.,0.,0.));
#6205=DIRECTION('',(0.,-1.,0.));
#6206=DIRECTION('center_axis',(0.,0.,-1.));
#6207=DIRECTION('ref_axis',(1.,0.,0.));
#6208=DIRECTION('',(-1.,0.,0.));
#6209=DIRECTION('',(0.,-1.,0.));
#6210=DIRECTION('',(-1.,0.,0.));
#6211=DIRECTION('',(0.,1.,0.));
#6212=DIRECTION('',(-1.,0.,0.));
#6213=DIRECTION('center_axis',(0.,0.,-1.));
#6214=DIRECTION('ref_axis',(1.,0.,0.));
#6215=DIRECTION('',(0.,1.,0.));
#6216=DIRECTION('center_axis',(0.,0.,-1.));
#6217=DIRECTION('ref_axis',(1.,0.,0.));
#6218=DIRECTION('center_axis',(0.,0.,1.));
#6219=DIRECTION('ref_axis',(1.,0.,0.));
#6220=DIRECTION('',(0.,1.,0.));
#6221=DIRECTION('center_axis',(0.,0.,1.));
#6222=DIRECTION('ref_axis',(1.,0.,0.));
#6223=DIRECTION('center_axis',(0.,0.,1.));
#6224=DIRECTION('ref_axis',(1.,0.,0.));
#6225=DIRECTION('center_axis',(0.,0.,1.));
#6226=DIRECTION('ref_axis',(1.,0.,0.));
#6227=DIRECTION('',(0.,0.,1.));
#6228=DIRECTION('center_axis',(0.,0.,-1.));
#6229=DIRECTION('ref_axis',(1.,0.,0.));
#6230=DIRECTION('center_axis',(0.,0.,1.));
#6231=DIRECTION('ref_axis',(1.,0.,0.));
#6232=DIRECTION('',(0.,0.,-1.));
#6233=DIRECTION('center_axis',(0.,0.,-1.));
#6234=DIRECTION('ref_axis',(1.,0.,0.));
#6235=DIRECTION('center_axis',(0.,0.,1.));
#6236=DIRECTION('ref_axis',(1.,0.,0.));
#6237=DIRECTION('',(0.,1.,0.));
#6238=DIRECTION('center_axis',(0.,0.,1.));
#6239=DIRECTION('ref_axis',(1.,0.,0.));
#6240=DIRECTION('',(0.,0.,-1.));
#6241=DIRECTION('center_axis',(0.,0.,1.));
#6242=DIRECTION('ref_axis',(1.,0.,0.));
#6243=DIRECTION('center_axis',(0.,0.,1.));
#6244=DIRECTION('ref_axis',(1.,0.,0.));
#6245=DIRECTION('',(0.,1.,0.));
#6246=DIRECTION('center_axis',(1.,0.,0.));
#6247=DIRECTION('ref_axis',(0.,0.,-1.));
#6248=DIRECTION('',(0.,0.,1.));
#6249=DIRECTION('',(0.,1.,0.));
#6250=DIRECTION('',(0.,0.,1.));
#6251=DIRECTION('',(0.,1.,0.));
#6252=DIRECTION('',(0.,0.,1.));
#6253=DIRECTION('',(0.,1.,0.));
#6254=DIRECTION('center_axis',(0.,0.,1.));
#6255=DIRECTION('ref_axis',(-0.99999830604779,0.00184062531518886,0.));
#6256=DIRECTION('',(0.,0.,1.));
#6257=DIRECTION('center_axis',(0.,0.,-1.));
#6258=DIRECTION('ref_axis',(1.,0.,0.));
#6259=DIRECTION('',(0.,0.,-1.));
#6260=DIRECTION('center_axis',(0.,0.,1.));
#6261=DIRECTION('ref_axis',(1.,0.,0.));
#6262=DIRECTION('center_axis',(0.,0.,1.));
#6263=DIRECTION('ref_axis',(1.,0.,0.));
#6264=DIRECTION('center_axis',(0.,0.,1.));
#6265=DIRECTION('ref_axis',(1.,0.,0.));
#6266=DIRECTION('',(0.,-1.,0.));
#6267=DIRECTION('center_axis',(-1.,0.,0.));
#6268=DIRECTION('ref_axis',(0.,0.,1.));
#6269=DIRECTION('',(0.,-1.,0.));
#6270=DIRECTION('',(0.,0.,-1.));
#6271=DIRECTION('',(0.,-1.,0.));
#6272=DIRECTION('',(0.,0.,-1.));
#6273=DIRECTION('center_axis',(0.,0.,1.));
#6274=DIRECTION('ref_axis',(1.,0.,0.));
#6275=DIRECTION('center_axis',(0.,0.,1.));
#6276=DIRECTION('ref_axis',(1.,0.,0.));
#6277=DIRECTION('center_axis',(0.,0.,1.));
#6278=DIRECTION('ref_axis',(1.,0.,0.));
#6279=DIRECTION('center_axis',(0.,0.,1.));
#6280=DIRECTION('ref_axis',(-0.986056468435408,0.166411060499867,0.));
#6281=DIRECTION('',(0.,0.,1.));
#6282=DIRECTION('center_axis',(0.,0.,-1.));
#6283=DIRECTION('ref_axis',(1.,0.,0.));
#6284=DIRECTION('',(0.,0.,-1.));
#6285=DIRECTION('center_axis',(0.,-1.,0.));
#6286=DIRECTION('ref_axis',(0.,0.,-1.));
#6287=DIRECTION('',(1.,0.,0.));
#6288=DIRECTION('',(0.,0.,1.));
#6289=DIRECTION('center_axis',(0.,0.,1.));
#6290=DIRECTION('ref_axis',(1.,0.,0.));
#6291=DIRECTION('center_axis',(0.,0.,-1.));
#6292=DIRECTION('ref_axis',(1.,0.,0.));
#6293=DIRECTION('center_axis',(0.,0.,-1.));
#6294=DIRECTION('ref_axis',(1.,0.,0.));
#6295=DIRECTION('',(0.,-1.,0.));
#6296=DIRECTION('center_axis',(0.,0.,-1.));
#6297=DIRECTION('ref_axis',(1.,0.,0.));
#6298=DIRECTION('',(1.,0.,0.));
#6299=DIRECTION('center_axis',(0.,0.,-1.));
#6300=DIRECTION('ref_axis',(1.,0.,0.));
#6301=DIRECTION('',(-1.,0.,0.));
#6302=DIRECTION('center_axis',(0.,0.,-1.));
#6303=DIRECTION('ref_axis',(1.,0.,0.));
#6304=DIRECTION('',(0.,-1.,0.));
#6305=DIRECTION('center_axis',(0.,0.,-1.));
#6306=DIRECTION('ref_axis',(1.,0.,0.));
#6307=DIRECTION('',(-1.,0.,0.));
#6308=DIRECTION('center_axis',(0.,0.,-1.));
#6309=DIRECTION('ref_axis',(1.,0.,0.));
#6310=DIRECTION('',(0.,1.,0.));
#6311=DIRECTION('center_axis',(0.,0.,-1.));
#6312=DIRECTION('ref_axis',(1.,0.,0.));
#6313=DIRECTION('',(-1.,0.,0.));
#6314=DIRECTION('center_axis',(0.,0.,-1.));
#6315=DIRECTION('ref_axis',(1.,0.,0.));
#6316=DIRECTION('',(1.,0.,0.));
#6317=DIRECTION('center_axis',(0.,0.,-1.));
#6318=DIRECTION('ref_axis',(1.,0.,0.));
#6319=DIRECTION('',(0.,1.,0.));
#6320=DIRECTION('center_axis',(0.,0.,-1.));
#6321=DIRECTION('ref_axis',(1.,0.,0.));
#6322=DIRECTION('center_axis',(0.,0.,-1.));
#6323=DIRECTION('ref_axis',(1.,0.,0.));
#6324=DIRECTION('center_axis',(0.,0.,-1.));
#6325=DIRECTION('ref_axis',(1.,0.,0.));
#6326=DIRECTION('',(1.,0.,0.));
#6327=DIRECTION('',(0.,-1.,0.));
#6328=DIRECTION('',(1.,0.,0.));
#6329=DIRECTION('',(0.,1.,0.));
#6330=DIRECTION('center_axis',(0.,0.,1.));
#6331=DIRECTION('ref_axis',(1.,0.,0.));
#6332=DIRECTION('center_axis',(0.,0.,-1.));
#6333=DIRECTION('ref_axis',(1.,0.,0.));
#6334=DIRECTION('',(0.,0.,-1.));
#6335=DIRECTION('center_axis',(0.,0.,1.));
#6336=DIRECTION('ref_axis',(1.,0.,0.));
#6337=DIRECTION('center_axis',(0.,0.,1.));
#6338=DIRECTION('ref_axis',(1.,0.,0.));
#6339=DIRECTION('center_axis',(0.,0.,1.));
#6340=DIRECTION('ref_axis',(1.,0.,0.));
#6341=DIRECTION('center_axis',(0.,0.,1.));
#6342=DIRECTION('ref_axis',(-0.386919774803057,0.922113381242432,0.));
#6343=DIRECTION('center_axis',(0.,0.,1.));
#6344=DIRECTION('ref_axis',(1.,0.,0.));
#6345=DIRECTION('',(0.,0.,-1.));
#6346=DIRECTION('',(0.,0.,-1.));
#6347=DIRECTION('center_axis',(0.,0.,1.));
#6348=DIRECTION('ref_axis',(1.,0.,0.));
#6349=DIRECTION('',(0.,0.,-1.));
#6350=DIRECTION('center_axis',(0.,0.,-1.));
#6351=DIRECTION('ref_axis',(1.,0.,0.));
#6352=DIRECTION('center_axis',(0.,0.,1.));
#6353=DIRECTION('ref_axis',(1.,0.,0.));
#6354=DIRECTION('',(0.,0.,1.));
#6355=DIRECTION('center_axis',(0.,0.,1.));
#6356=DIRECTION('ref_axis',(1.,0.,0.));
#6357=DIRECTION('center_axis',(0.,0.,1.));
#6358=DIRECTION('ref_axis',(1.,0.,0.));
#6359=DIRECTION('center_axis',(1.,0.,0.));
#6360=DIRECTION('ref_axis',(0.,0.,-1.));
#6361=DIRECTION('',(0.,0.,-1.));
#6362=DIRECTION('',(0.,0.,-1.));
#6363=DIRECTION('center_axis',(0.,1.,0.));
#6364=DIRECTION('ref_axis',(0.,0.,1.));
#6365=DIRECTION('',(0.,0.,-1.));
#6366=DIRECTION('center_axis',(-1.,0.,0.));
#6367=DIRECTION('ref_axis',(0.,0.,1.));
#6368=DIRECTION('center_axis',(0.,-1.,0.));
#6369=DIRECTION('ref_axis',(0.,0.,-1.));
#6370=DIRECTION('center_axis',(0.,0.,1.));
#6371=DIRECTION('ref_axis',(1.,0.,0.));
#6372=DIRECTION('',(0.,1.,0.));
#6373=DIRECTION('',(-1.,0.,0.));
#6374=DIRECTION('',(0.,-1.,0.));
#6375=DIRECTION('center_axis',(0.,0.,-1.));
#6376=DIRECTION('ref_axis',(1.,0.,0.));
#6377=DIRECTION('center_axis',(-1.,0.,0.));
#6378=DIRECTION('ref_axis',(0.,0.,1.));
#6379=DIRECTION('',(0.,0.,1.));
#6380=DIRECTION('',(0.,0.,-1.));
#6381=DIRECTION('',(0.,-1.,0.));
#6382=DIRECTION('center_axis',(0.,1.,0.));
#6383=DIRECTION('ref_axis',(0.,0.,1.));
#6384=DIRECTION('',(-1.,0.,0.));
#6385=DIRECTION('',(0.,0.,-1.));
#6386=DIRECTION('center_axis',(1.,0.,0.));
#6387=DIRECTION('ref_axis',(0.,0.,-1.));
#6388=DIRECTION('',(0.,1.,0.));
#6389=DIRECTION('center_axis',(0.,0.,1.));
#6390=DIRECTION('ref_axis',(1.,0.,0.));
#6391=DIRECTION('center_axis',(0.,0.,1.));
#6392=DIRECTION('ref_axis',(1.,0.,0.));
#6393=DIRECTION('',(0.,0.,1.));
#6394=DIRECTION('center_axis',(0.,0.,1.));
#6395=DIRECTION('ref_axis',(1.,0.,0.));
#6396=DIRECTION('center_axis',(0.,0.,1.));
#6397=DIRECTION('ref_axis',(1.,0.,0.));
#6398=DIRECTION('',(0.,0.,1.));
#6399=DIRECTION('',(0.,0.,-1.));
#6400=DIRECTION('center_axis',(0.,1.,0.));
#6401=DIRECTION('ref_axis',(0.,0.,1.));
#6402=DIRECTION('',(1.,0.,0.));
#6403=DIRECTION('',(0.,0.,-1.));
#6404=DIRECTION('center_axis',(0.,0.,1.));
#6405=DIRECTION('ref_axis',(1.,0.,0.));
#6406=DIRECTION('center_axis',(0.,0.,1.));
#6407=DIRECTION('ref_axis',(1.,0.,0.));
#6408=DIRECTION('',(0.,-1.,0.));
#6409=DIRECTION('center_axis',(0.,0.,1.));
#6410=DIRECTION('ref_axis',(1.,0.,0.));
#6411=DIRECTION('',(-1.,0.,0.));
#6412=DIRECTION('center_axis',(0.,0.,1.));
#6413=DIRECTION('ref_axis',(1.,0.,0.));
#6414=DIRECTION('',(1.,0.,0.));
#6415=DIRECTION('center_axis',(0.,0.,1.));
#6416=DIRECTION('ref_axis',(1.,0.,0.));
#6417=DIRECTION('',(0.,-1.,0.));
#6418=DIRECTION('center_axis',(0.,0.,1.));
#6419=DIRECTION('ref_axis',(1.,0.,0.));
#6420=DIRECTION('',(1.,0.,0.));
#6421=DIRECTION('center_axis',(0.,0.,1.));
#6422=DIRECTION('ref_axis',(1.,0.,0.));
#6423=DIRECTION('',(0.,1.,0.));
#6424=DIRECTION('center_axis',(0.,0.,1.));
#6425=DIRECTION('ref_axis',(1.,0.,0.));
#6426=DIRECTION('',(-1.,0.,0.));
#6427=DIRECTION('center_axis',(0.,0.,1.));
#6428=DIRECTION('ref_axis',(1.,0.,0.));
#6429=DIRECTION('',(0.,1.,0.));
#6430=DIRECTION('center_axis',(0.,0.,1.));
#6431=DIRECTION('ref_axis',(1.,0.,0.));
#6432=DIRECTION('center_axis',(0.,0.,1.));
#6433=DIRECTION('ref_axis',(1.,0.,0.));
#6434=DIRECTION('',(0.,0.,1.));
#6435=DIRECTION('center_axis',(0.,0.,1.));
#6436=DIRECTION('ref_axis',(1.,0.,0.));
#6437=DIRECTION('',(0.,0.,-1.));
#6438=DIRECTION('',(0.,0.,-1.));
#6439=DIRECTION('center_axis',(0.,-1.,0.));
#6440=DIRECTION('ref_axis',(0.,0.,-1.));
#6441=DIRECTION('center_axis',(-1.,0.,0.));
#6442=DIRECTION('ref_axis',(0.,0.,1.));
#6443=DIRECTION('',(0.,0.,-1.));
#6444=DIRECTION('center_axis',(0.,0.,1.));
#6445=DIRECTION('ref_axis',(-1.,1.22464679914735E-16,0.));
#6446=DIRECTION('',(0.,0.,1.));
#6447=DIRECTION('',(0.,0.,-1.));
#6448=DIRECTION('center_axis',(0.,1.,0.));
#6449=DIRECTION('ref_axis',(0.,0.,1.));
#6450=DIRECTION('',(0.,0.,-1.));
#6451=DIRECTION('center_axis',(0.,0.,1.));
#6452=DIRECTION('ref_axis',(1.,0.,0.));
#6453=DIRECTION('',(0.,0.,-1.));
#6454=DIRECTION('center_axis',(0.,0.,1.));
#6455=DIRECTION('ref_axis',(1.,0.,0.));
#6456=DIRECTION('',(0.,0.,1.));
#6457=DIRECTION('',(0.,0.,-1.));
#6458=DIRECTION('center_axis',(0.,-1.,0.));
#6459=DIRECTION('ref_axis',(0.,0.,-1.));
#6460=DIRECTION('center_axis',(1.,0.,0.));
#6461=DIRECTION('ref_axis',(0.,0.,-1.));
#6462=DIRECTION('',(0.,0.,-1.));
#6463=DIRECTION('center_axis',(0.,0.,1.));
#6464=DIRECTION('ref_axis',(1.,0.,0.));
#6465=DIRECTION('',(0.,0.,-1.));
#6466=DIRECTION('center_axis',(0.,0.,1.));
#6467=DIRECTION('ref_axis',(1.,0.,0.));
#6468=DIRECTION('',(0.,0.,-1.));
#6469=DIRECTION('center_axis',(0.,0.,1.));
#6470=DIRECTION('ref_axis',(1.,0.,0.));
#6471=DIRECTION('',(0.,0.,-1.));
#6472=DIRECTION('center_axis',(0.,0.,1.));
#6473=DIRECTION('ref_axis',(1.,0.,0.));
#6474=DIRECTION('',(0.,0.,-1.));
#6475=DIRECTION('center_axis',(1.,0.,0.));
#6476=DIRECTION('ref_axis',(0.,0.,-1.));
#6477=DIRECTION('center_axis',(-1.,0.,0.));
#6478=DIRECTION('ref_axis',(0.,0.,1.));
#6479=DIRECTION('center_axis',(0.,1.,0.));
#6480=DIRECTION('ref_axis',(0.,0.,1.));
#6481=DIRECTION('axis',(0.,0.,1.));
#6482=DIRECTION('refdir',(1.,0.,0.));
#6483=DIRECTION('center_axis',(-0.866025403784439,-0.5,0.));
#6484=DIRECTION('ref_axis',(0.,0.,1.));
#6485=DIRECTION('',(0.,0.,-1.));
#6486=DIRECTION('',(-0.5,0.866025403784439,0.));
#6487=DIRECTION('',(0.,0.,1.));
#6488=DIRECTION('',(0.5,-0.866025403784439,0.));
#6489=DIRECTION('center_axis',(0.866025403784439,0.5,0.));
#6490=DIRECTION('ref_axis',(0.,0.,-1.));
#6491=DIRECTION('',(0.,0.,1.));
#6492=DIRECTION('',(-0.5,0.866025403784439,0.));
#6493=DIRECTION('',(0.,0.,-1.));
#6494=DIRECTION('',(0.5,-0.866025403784439,0.));
#6495=DIRECTION('center_axis',(0.,-1.,0.));
#6496=DIRECTION('ref_axis',(0.,0.,-1.));
#6497=DIRECTION('',(1.,0.,0.));
#6498=DIRECTION('',(0.,0.,-1.));
#6499=DIRECTION('',(-1.,0.,0.));
#6500=DIRECTION('center_axis',(0.,1.,0.));
#6501=DIRECTION('ref_axis',(0.,0.,1.));
#6502=DIRECTION('',(-1.,0.,0.));
#6503=DIRECTION('',(0.,0.,-1.));
#6504=DIRECTION('',(1.,0.,0.));
#6505=DIRECTION('center_axis',(0.,0.,1.));
#6506=DIRECTION('ref_axis',(1.,0.,0.));
#6507=DIRECTION('',(0.5,0.866025403784439,0.));
#6508=DIRECTION('',(-0.5,-0.866025403784439,0.));
#6509=DIRECTION('center_axis',(-0.866025403784439,0.5,0.));
#6510=DIRECTION('ref_axis',(0.,0.,1.));
#6511=DIRECTION('',(0.5,0.866025403784439,0.));
#6512=DIRECTION('center_axis',(0.866025403784439,-0.5,0.));
#6513=DIRECTION('ref_axis',(0.,0.,-1.));
#6514=DIRECTION('',(-0.5,-0.866025403784439,0.));
#6515=DIRECTION('center_axis',(0.,0.,1.));
#6516=DIRECTION('ref_axis',(1.,0.,0.));
#6517=DIRECTION('center_axis',(-0.866025403784439,-0.5,0.));
#6518=DIRECTION('ref_axis',(0.,0.,1.));
#6519=DIRECTION('',(0.,0.,-1.));
#6520=DIRECTION('',(-0.5,0.866025403784439,0.));
#6521=DIRECTION('',(0.,0.,1.));
#6522=DIRECTION('',(0.5,-0.866025403784439,0.));
#6523=DIRECTION('center_axis',(0.866025403784439,0.5,0.));
#6524=DIRECTION('ref_axis',(0.,0.,-1.));
#6525=DIRECTION('',(0.,0.,1.));
#6526=DIRECTION('',(-0.5,0.866025403784439,0.));
#6527=DIRECTION('',(0.,0.,-1.));
#6528=DIRECTION('',(0.5,-0.866025403784439,0.));
#6529=DIRECTION('center_axis',(0.,-1.,0.));
#6530=DIRECTION('ref_axis',(0.,0.,-1.));
#6531=DIRECTION('',(1.,0.,0.));
#6532=DIRECTION('',(0.,0.,-1.));
#6533=DIRECTION('',(-1.,0.,0.));
#6534=DIRECTION('center_axis',(0.,1.,0.));
#6535=DIRECTION('ref_axis',(0.,0.,1.));
#6536=DIRECTION('',(-1.,0.,0.));
#6537=DIRECTION('',(0.,0.,-1.));
#6538=DIRECTION('',(1.,0.,0.));
#6539=DIRECTION('center_axis',(0.,0.,1.));
#6540=DIRECTION('ref_axis',(1.,0.,0.));
#6541=DIRECTION('',(0.5,0.866025403784439,0.));
#6542=DIRECTION('',(-0.5,-0.866025403784439,0.));
#6543=DIRECTION('center_axis',(-0.866025403784439,0.5,0.));
#6544=DIRECTION('ref_axis',(0.,0.,1.));
#6545=DIRECTION('',(0.5,0.866025403784439,0.));
#6546=DIRECTION('center_axis',(0.866025403784439,-0.5,0.));
#6547=DIRECTION('ref_axis',(0.,0.,-1.));
#6548=DIRECTION('',(-0.5,-0.866025403784439,0.));
#6549=DIRECTION('center_axis',(0.,0.,1.));
#6550=DIRECTION('ref_axis',(1.,0.,0.));
#6551=DIRECTION('center_axis',(0.,0.,1.));
#6552=DIRECTION('ref_axis',(1.,0.,0.));
#6553=DIRECTION('center_axis',(0.,0.,1.));
#6554=DIRECTION('ref_axis',(1.,0.,0.));
#6555=DIRECTION('',(0.,0.,-1.));
#6556=DIRECTION('center_axis',(0.,0.,-1.));
#6557=DIRECTION('ref_axis',(1.,0.,0.));
#6558=DIRECTION('center_axis',(0.,0.,-1.));
#6559=DIRECTION('ref_axis',(-1.,0.,0.));
#6560=DIRECTION('center_axis',(0.,0.,1.));
#6561=DIRECTION('ref_axis',(1.,0.,0.));
#6562=DIRECTION('center_axis',(0.,0.,1.));
#6563=DIRECTION('ref_axis',(1.,0.,0.));
#6564=DIRECTION('center_axis',(0.,0.,1.));
#6565=DIRECTION('ref_axis',(1.,0.,0.));
#6566=DIRECTION('',(0.,0.,-1.));
#6567=DIRECTION('center_axis',(0.,0.,-1.));
#6568=DIRECTION('ref_axis',(1.,0.,0.));
#6569=DIRECTION('center_axis',(0.,0.,-1.));
#6570=DIRECTION('ref_axis',(-1.,0.,0.));
#6571=DIRECTION('center_axis',(0.,0.,1.));
#6572=DIRECTION('ref_axis',(1.,0.,0.));
#6573=DIRECTION('axis',(0.,0.,1.));
#6574=DIRECTION('refdir',(1.,0.,0.));
#6575=DIRECTION('center_axis',(0.,0.,1.));
#6576=DIRECTION('ref_axis',(1.,0.,0.));
#6577=DIRECTION('center_axis',(-2.77555756156289E-15,1.,0.));
#6578=DIRECTION('ref_axis',(0.,0.,1.));
#6579=DIRECTION('center_axis',(0.,0.,1.));
#6580=DIRECTION('ref_axis',(0.707106781186547,0.707106781186548,0.));
#6581=DIRECTION('center_axis',(1.,0.,0.));
#6582=DIRECTION('ref_axis',(0.,1.,0.));
#6583=DIRECTION('center_axis',(0.,0.,-1.));
#6584=DIRECTION('ref_axis',(0.707106781186547,0.707106781186548,0.));
#6585=DIRECTION('center_axis',(-1.,0.,0.));
#6586=DIRECTION('ref_axis',(0.,0.707106781186548,0.707106781186548));
#6587=DIRECTION('center_axis',(1.,0.,0.));
#6588=DIRECTION('ref_axis',(0.,1.,0.));
#6589=DIRECTION('',(1.,0.,0.));
#6590=DIRECTION('',(-1.,0.,0.));
#6591=DIRECTION('center_axis',(0.,0.,1.));
#6592=DIRECTION('ref_axis',(1.,0.,0.));
#6593=DIRECTION('center_axis',(2.77555756156289E-15,1.,0.));
#6594=DIRECTION('ref_axis',(-1.,2.77555756156289E-15,0.));
#6595=DIRECTION('center_axis',(0.,0.,-1.));
#6596=DIRECTION('ref_axis',(-0.707106781186547,0.707106781186548,0.));
#6597=DIRECTION('center_axis',(0.,0.,1.));
#6598=DIRECTION('ref_axis',(-0.707106781186547,0.707106781186548,0.));
#6599=DIRECTION('center_axis',(0.,-1.,0.));
#6600=DIRECTION('ref_axis',(-0.707106781186548,0.,0.707106781186548));
#6601=DIRECTION('center_axis',(0.,1.,0.));
#6602=DIRECTION('ref_axis',(-1.,0.,0.));
#6603=DIRECTION('',(0.,1.,0.));
#6604=DIRECTION('',(0.,-1.,0.));
#6605=DIRECTION('center_axis',(0.,0.,1.));
#6606=DIRECTION('ref_axis',(1.,0.,0.));
#6607=DIRECTION('center_axis',(-1.,0.,0.));
#6608=DIRECTION('ref_axis',(0.,-1.,0.));
#6609=DIRECTION('center_axis',(0.,0.,-1.));
#6610=DIRECTION('ref_axis',(-0.707106781186547,-0.707106781186548,0.));
#6611=DIRECTION('center_axis',(0.,0.,1.));
#6612=DIRECTION('ref_axis',(-0.707106781186547,-0.707106781186548,0.));
#6613=DIRECTION('center_axis',(1.,0.,0.));
#6614=DIRECTION('ref_axis',(0.,-0.707106781186548,0.707106781186548));
#6615=DIRECTION('center_axis',(-1.,0.,0.));
#6616=DIRECTION('ref_axis',(0.,-1.,0.));
#6617=DIRECTION('',(-1.,0.,0.));
#6618=DIRECTION('',(1.,0.,0.));
#6619=DIRECTION('center_axis',(0.,0.,1.));
#6620=DIRECTION('ref_axis',(1.,0.,0.));
#6621=DIRECTION('center_axis',(-2.77555756156289E-15,-1.,0.));
#6622=DIRECTION('ref_axis',(1.,-2.77555756156289E-15,0.));
#6623=DIRECTION('center_axis',(0.,0.,-1.));
#6624=DIRECTION('ref_axis',(0.707106781186547,-0.707106781186548,0.));
#6625=DIRECTION('center_axis',(0.,0.,1.));
#6626=DIRECTION('ref_axis',(0.707106781186547,-0.707106781186548,0.));
#6627=DIRECTION('center_axis',(0.,1.,0.));
#6628=DIRECTION('ref_axis',(0.707106781186548,0.,0.707106781186548));
#6629=DIRECTION('',(0.,-1.,0.));
#6630=DIRECTION('',(0.,1.,0.));
#6631=DIRECTION('center_axis',(1.,0.,0.));
#6632=DIRECTION('ref_axis',(0.,0.,-1.));
#6633=DIRECTION('',(0.,0.,-1.));
#6634=DIRECTION('',(0.,1.,0.));
#6635=DIRECTION('',(0.,0.,-1.));
#6636=DIRECTION('center_axis',(0.,0.,1.));
#6637=DIRECTION('ref_axis',(1.,0.,0.));
#6638=DIRECTION('',(0.,0.,-1.));
#6639=DIRECTION('center_axis',(0.,0.,-1.));
#6640=DIRECTION('ref_axis',(1.,0.,0.));
#6641=DIRECTION('center_axis',(0.,-1.,0.));
#6642=DIRECTION('ref_axis',(0.,0.,-1.));
#6643=DIRECTION('',(0.,0.,-1.));
#6644=DIRECTION('',(1.,0.,0.));
#6645=DIRECTION('center_axis',(0.,0.,1.));
#6646=DIRECTION('ref_axis',(1.,0.,0.));
#6647=DIRECTION('',(0.,0.,-1.));
#6648=DIRECTION('center_axis',(0.,0.,-1.));
#6649=DIRECTION('ref_axis',(1.,0.,0.));
#6650=DIRECTION('center_axis',(0.,0.,1.));
#6651=DIRECTION('ref_axis',(1.,0.,0.));
#6652=DIRECTION('center_axis',(0.,0.,1.));
#6653=DIRECTION('ref_axis',(0.707106781186547,0.707106781186547,0.));
#6654=DIRECTION('',(0.,1.,0.));
#6655=DIRECTION('center_axis',(0.,0.,1.));
#6656=DIRECTION('ref_axis',(0.707106781186547,-0.707106781186547,0.));
#6657=DIRECTION('',(1.,0.,0.));
#6658=DIRECTION('center_axis',(0.,0.,1.));
#6659=DIRECTION('ref_axis',(-0.707106781186547,-0.707106781186547,0.));
#6660=DIRECTION('',(0.,-1.,0.));
#6661=DIRECTION('center_axis',(0.,0.,1.));
#6662=DIRECTION('ref_axis',(-0.707106781186547,0.707106781186547,0.));
#6663=DIRECTION('',(-1.,0.,0.));
#6664=DIRECTION('center_axis',(0.,0.,-1.));
#6665=DIRECTION('ref_axis',(-1.,0.,0.));
#6666=DIRECTION('center_axis',(1.,0.,0.));
#6667=DIRECTION('ref_axis',(0.,0.,1.));
#6668=DIRECTION('center_axis',(0.,0.,-1.));
#6669=DIRECTION('ref_axis',(0.707106781186548,0.707106781186548,0.));
#6670=DIRECTION('center_axis',(0.,1.,0.));
#6671=DIRECTION('ref_axis',(-1.,0.,0.));
#6672=DIRECTION('center_axis',(0.,-1.,0.));
#6673=DIRECTION('ref_axis',(-0.707106781186548,0.,0.707106781186548));
#6674=DIRECTION('center_axis',(0.,1.,0.));
#6675=DIRECTION('ref_axis',(-1.,0.,0.));
#6676=DIRECTION('',(0.,-1.,0.));
#6677=DIRECTION('center_axis',(0.,0.,-1.));
#6678=DIRECTION('ref_axis',(-1.,0.,0.));
#6679=DIRECTION('center_axis',(1.,0.,0.));
#6680=DIRECTION('ref_axis',(0.,1.,0.));
#6681=DIRECTION('center_axis',(0.,0.,-1.));
#6682=DIRECTION('ref_axis',(0.707106781186548,-0.707106781186548,0.));
#6683=DIRECTION('center_axis',(-1.,0.,0.));
#6684=DIRECTION('ref_axis',(0.,0.707106781186548,0.707106781186548));
#6685=DIRECTION('center_axis',(1.,0.,0.));
#6686=DIRECTION('ref_axis',(0.,1.,0.));
#6687=DIRECTION('',(-1.,0.,0.));
#6688=DIRECTION('center_axis',(0.,0.,-1.));
#6689=DIRECTION('ref_axis',(-1.,0.,0.));
#6690=DIRECTION('center_axis',(0.,-1.,0.));
#6691=DIRECTION('ref_axis',(1.,0.,0.));
#6692=DIRECTION('center_axis',(0.,0.,-1.));
#6693=DIRECTION('ref_axis',(-0.707106781186548,-0.707106781186548,0.));
#6694=DIRECTION('center_axis',(0.,1.,0.));
#6695=DIRECTION('ref_axis',(0.707106781186548,0.,0.707106781186548));
#6696=DIRECTION('center_axis',(0.,-1.,0.));
#6697=DIRECTION('ref_axis',(1.,0.,0.));
#6698=DIRECTION('',(0.,1.,0.));
#6699=DIRECTION('center_axis',(0.,0.,-1.));
#6700=DIRECTION('ref_axis',(-1.,0.,0.));
#6701=DIRECTION('center_axis',(-1.,0.,0.));
#6702=DIRECTION('ref_axis',(0.,-1.,0.));
#6703=DIRECTION('center_axis',(0.,0.,-1.));
#6704=DIRECTION('ref_axis',(-0.707106781186548,0.707106781186548,0.));
#6705=DIRECTION('center_axis',(1.,0.,0.));
#6706=DIRECTION('ref_axis',(0.,-0.707106781186548,0.707106781186548));
#6707=DIRECTION('',(1.,0.,0.));
#6708=DIRECTION('center_axis',(0.,1.,0.));
#6709=DIRECTION('ref_axis',(0.,0.,1.));
#6710=DIRECTION('',(0.,0.,-1.));
#6711=DIRECTION('',(1.,0.,0.));
#6712=DIRECTION('',(0.,0.,-1.));
#6713=DIRECTION('center_axis',(0.,0.,1.));
#6714=DIRECTION('ref_axis',(1.,0.,0.));
#6715=DIRECTION('',(0.,0.,-1.));
#6716=DIRECTION('center_axis',(0.,0.,1.));
#6717=DIRECTION('ref_axis',(1.,0.,0.));
#6718=DIRECTION('center_axis',(-1.,0.,0.));
#6719=DIRECTION('ref_axis',(0.,0.,1.));
#6720=DIRECTION('',(0.,0.,-1.));
#6721=DIRECTION('',(0.,1.,0.));
#6722=DIRECTION('center_axis',(0.,0.,1.));
#6723=DIRECTION('ref_axis',(1.,0.,0.));
#6724=DIRECTION('',(0.,0.,-1.));
#6725=DIRECTION('center_axis',(0.,0.,1.));
#6726=DIRECTION('ref_axis',(1.,0.,0.));
#6727=DIRECTION('center_axis',(0.,-1.,0.));
#6728=DIRECTION('ref_axis',(0.,0.,-1.));
#6729=DIRECTION('',(-1.,0.,0.));
#6730=DIRECTION('',(0.,0.,-1.));
#6731=DIRECTION('',(-1.,0.,0.));
#6732=DIRECTION('',(0.,0.,-1.));
#6733=DIRECTION('center_axis',(1.,0.,0.));
#6734=DIRECTION('ref_axis',(0.,0.,-1.));
#6735=DIRECTION('',(0.,-1.,0.));
#6736=DIRECTION('',(0.,-1.,0.));
#6737=DIRECTION('',(0.,0.,-1.));
#6738=DIRECTION('center_axis',(0.,0.,1.));
#6739=DIRECTION('ref_axis',(1.,0.,0.));
#6740=DIRECTION('',(0.,1.,0.));
#6741=DIRECTION('',(1.,0.,0.));
#6742=DIRECTION('center_axis',(0.,1.,0.));
#6743=DIRECTION('ref_axis',(0.,0.,1.));
#6744=DIRECTION('',(1.,0.,0.));
#6745=DIRECTION('',(0.,0.,-1.));
#6746=DIRECTION('center_axis',(-1.,0.,0.));
#6747=DIRECTION('ref_axis',(0.,0.,1.));
#6748=DIRECTION('',(0.,1.,0.));
#6749=DIRECTION('center_axis',(0.,-1.,0.));
#6750=DIRECTION('ref_axis',(0.,0.,-1.));
#6751=DIRECTION('',(-1.,0.,0.));
#6752=DIRECTION('',(0.,0.,-1.));
#6753=DIRECTION('',(-1.,0.,0.));
#6754=DIRECTION('',(0.,0.,-1.));
#6755=DIRECTION('center_axis',(1.,0.,0.));
#6756=DIRECTION('ref_axis',(0.,0.,-1.));
#6757=DIRECTION('',(0.,-1.,0.));
#6758=DIRECTION('',(0.,-1.,0.));
#6759=DIRECTION('',(0.,0.,-1.));
#6760=DIRECTION('center_axis',(0.,0.,1.));
#6761=DIRECTION('ref_axis',(1.,0.,0.));
#6762=DIRECTION('',(0.,1.,0.));
#6763=DIRECTION('',(1.,0.,0.));
#6764=DIRECTION('center_axis',(0.,1.,0.));
#6765=DIRECTION('ref_axis',(0.,0.,1.));
#6766=DIRECTION('',(1.,0.,0.));
#6767=DIRECTION('',(0.,0.,-1.));
#6768=DIRECTION('center_axis',(-1.,0.,0.));
#6769=DIRECTION('ref_axis',(0.,0.,1.));
#6770=DIRECTION('',(0.,1.,0.));
#6771=DIRECTION('center_axis',(0.,0.,1.));
#6772=DIRECTION('ref_axis',(1.,0.,0.));
#6773=DIRECTION('',(0.,0.,-1.));
#6774=DIRECTION('center_axis',(0.,0.,-1.));
#6775=DIRECTION('ref_axis',(1.,0.,0.));
#6776=DIRECTION('',(0.,0.,-1.));
#6777=DIRECTION('center_axis',(0.,0.,1.));
#6778=DIRECTION('ref_axis',(1.,0.,0.));
#6779=DIRECTION('center_axis',(0.,0.,1.));
#6780=DIRECTION('ref_axis',(1.,0.,0.));
#6781=DIRECTION('',(0.,0.,-1.));
#6782=DIRECTION('center_axis',(0.,0.,-1.));
#6783=DIRECTION('ref_axis',(1.,0.,0.));
#6784=DIRECTION('',(0.,0.,-1.));
#6785=DIRECTION('center_axis',(0.,0.,1.));
#6786=DIRECTION('ref_axis',(1.,0.,0.));
#6787=DIRECTION('center_axis',(0.,0.,1.));
#6788=DIRECTION('ref_axis',(1.,0.,0.));
#6789=DIRECTION('',(0.,0.,-1.));
#6790=DIRECTION('center_axis',(0.,0.,1.));
#6791=DIRECTION('ref_axis',(1.,0.,0.));
#6792=DIRECTION('',(0.,0.,-1.));
#6793=DIRECTION('center_axis',(0.,0.,-1.));
#6794=DIRECTION('ref_axis',(1.,0.,0.));
#6795=DIRECTION('center_axis',(0.,0.,1.));
#6796=DIRECTION('ref_axis',(1.,0.,0.));
#6797=DIRECTION('',(0.,-1.,0.));
#6798=DIRECTION('',(-1.,0.,0.));
#6799=DIRECTION('center_axis',(0.,0.,-1.));
#6800=DIRECTION('ref_axis',(1.,0.,0.));
#6801=DIRECTION('',(0.,1.,0.));
#6802=DIRECTION('',(1.,0.,0.));
#6803=DIRECTION('center_axis',(0.,0.,1.));
#6804=DIRECTION('ref_axis',(1.,0.,0.));
#6805=DIRECTION('',(0.,0.,-1.));
#6806=DIRECTION('center_axis',(0.,0.,1.));
#6807=DIRECTION('ref_axis',(1.,0.,0.));
#6808=DIRECTION('',(0.,0.,-1.));
#6809=DIRECTION('center_axis',(1.,0.,0.));
#6810=DIRECTION('ref_axis',(0.,0.,-1.));
#6811=DIRECTION('',(0.,-1.,0.));
#6812=DIRECTION('center_axis',(-1.,0.,0.));
#6813=DIRECTION('ref_axis',(0.,0.,1.));
#6814=DIRECTION('',(0.,1.,0.));
#6815=DIRECTION('center_axis',(0.,1.,0.));
#6816=DIRECTION('ref_axis',(0.,0.,1.));
#6817=DIRECTION('',(1.,0.,0.));
#6818=DIRECTION('center_axis',(0.,-1.,0.));
#6819=DIRECTION('ref_axis',(0.,0.,-1.));
#6820=DIRECTION('',(-1.,0.,0.));
#6821=DIRECTION('center_axis',(0.,0.,1.));
#6822=DIRECTION('ref_axis',(1.,0.,0.));
#6823=DIRECTION('',(0.,0.,-1.));
#6824=DIRECTION('center_axis',(0.,0.,-1.));
#6825=DIRECTION('ref_axis',(1.,0.,0.));
#6826=DIRECTION('',(0.,0.,-1.));
#6827=DIRECTION('center_axis',(0.,0.,1.));
#6828=DIRECTION('ref_axis',(1.,0.,0.));
#6829=DIRECTION('center_axis',(0.,0.,1.));
#6830=DIRECTION('ref_axis',(1.,0.,0.));
#6831=DIRECTION('',(0.,0.,-1.));
#6832=DIRECTION('center_axis',(0.,0.,-1.));
#6833=DIRECTION('ref_axis',(1.,0.,0.));
#6834=DIRECTION('',(0.,0.,-1.));
#6835=DIRECTION('center_axis',(0.,0.,1.));
#6836=DIRECTION('ref_axis',(1.,0.,0.));
#6837=DIRECTION('center_axis',(0.,0.,1.));
#6838=DIRECTION('ref_axis',(1.,0.,0.));
#6839=DIRECTION('',(0.,0.,-1.));
#6840=DIRECTION('center_axis',(0.,0.,1.));
#6841=DIRECTION('ref_axis',(1.,0.,0.));
#6842=DIRECTION('',(0.,0.,-1.));
#6843=DIRECTION('center_axis',(0.,0.,-1.));
#6844=DIRECTION('ref_axis',(1.,0.,0.));
#6845=DIRECTION('center_axis',(0.,0.,1.));
#6846=DIRECTION('ref_axis',(1.,0.,0.));
#6847=DIRECTION('',(0.,-1.,0.));
#6848=DIRECTION('',(-1.,0.,0.));
#6849=DIRECTION('center_axis',(0.,0.,-1.));
#6850=DIRECTION('ref_axis',(1.,0.,0.));
#6851=DIRECTION('',(0.,1.,0.));
#6852=DIRECTION('',(1.,0.,0.));
#6853=DIRECTION('center_axis',(0.,0.,1.));
#6854=DIRECTION('ref_axis',(1.,0.,0.));
#6855=DIRECTION('',(0.,0.,-1.));
#6856=DIRECTION('center_axis',(0.,0.,1.));
#6857=DIRECTION('ref_axis',(1.,0.,0.));
#6858=DIRECTION('',(0.,0.,-1.));
#6859=DIRECTION('center_axis',(1.,0.,0.));
#6860=DIRECTION('ref_axis',(0.,0.,-1.));
#6861=DIRECTION('',(0.,-1.,0.));
#6862=DIRECTION('center_axis',(-1.,0.,0.));
#6863=DIRECTION('ref_axis',(0.,0.,1.));
#6864=DIRECTION('',(0.,1.,0.));
#6865=DIRECTION('center_axis',(0.,1.,0.));
#6866=DIRECTION('ref_axis',(0.,0.,1.));
#6867=DIRECTION('',(1.,0.,0.));
#6868=DIRECTION('center_axis',(0.,-1.,0.));
#6869=DIRECTION('ref_axis',(0.,0.,-1.));
#6870=DIRECTION('',(-1.,0.,0.));
#6871=DIRECTION('center_axis',(0.,0.,1.));
#6872=DIRECTION('ref_axis',(1.,0.,0.));
#6873=DIRECTION('',(0.,0.,-1.));
#6874=DIRECTION('center_axis',(0.,0.,1.));
#6875=DIRECTION('ref_axis',(1.,0.,0.));
#6876=DIRECTION('',(0.,0.,-1.));
#6877=DIRECTION('center_axis',(0.,0.,1.));
#6878=DIRECTION('ref_axis',(1.,0.,0.));
#6879=DIRECTION('center_axis',(0.,0.,1.));
#6880=DIRECTION('ref_axis',(1.,0.,0.));
#6881=DIRECTION('',(0.,0.,-1.));
#6882=DIRECTION('center_axis',(1.,0.,0.));
#6883=DIRECTION('ref_axis',(0.,0.,-1.));
#6884=DIRECTION('',(0.,-1.,0.));
#6885=DIRECTION('center_axis',(0.,-1.,0.));
#6886=DIRECTION('ref_axis',(0.,0.,-1.));
#6887=DIRECTION('',(-1.,0.,0.));
#6888=DIRECTION('center_axis',(0.,0.,1.));
#6889=DIRECTION('ref_axis',(1.,0.,0.));
#6890=DIRECTION('',(0.,0.,-1.));
#6891=DIRECTION('center_axis',(0.,0.,-1.));
#6892=DIRECTION('ref_axis',(1.,0.,0.));
#6893=DIRECTION('',(0.,0.,-1.));
#6894=DIRECTION('center_axis',(0.,0.,1.));
#6895=DIRECTION('ref_axis',(1.,0.,0.));
#6896=DIRECTION('',(0.,-1.,0.));
#6897=DIRECTION('',(-1.,0.,0.));
#6898=DIRECTION('center_axis',(0.,0.,-1.));
#6899=DIRECTION('ref_axis',(1.,0.,0.));
#6900=DIRECTION('center_axis',(0.,0.,1.));
#6901=DIRECTION('ref_axis',(1.,0.,0.));
#6902=DIRECTION('',(0.,0.,-1.));
#6903=DIRECTION('center_axis',(-1.,0.,0.));
#6904=DIRECTION('ref_axis',(0.,0.,1.));
#6905=DIRECTION('center_axis',(0.,1.,0.));
#6906=DIRECTION('ref_axis',(0.,0.,1.));
#6907=DIRECTION('',(0.,0.,1.));
#6908=DIRECTION('',(1.,0.,0.));
#6909=DIRECTION('',(0.,0.,1.));
#6910=DIRECTION('',(1.,0.,0.));
#6911=DIRECTION('',(0.,0.,1.));
#6912=DIRECTION('',(1.,0.,0.));
#6913=DIRECTION('',(0.,0.,1.));
#6914=DIRECTION('',(1.,0.,0.));
#6915=DIRECTION('',(0.,0.,1.));
#6916=DIRECTION('',(1.,0.,0.));
#6917=CARTESIAN_POINT('',(0.,0.,0.));
#6918=CARTESIAN_POINT('',(0.,0.,0.));
#6919=CARTESIAN_POINT('Origin',(24.5,0.,1.5));
#6920=CARTESIAN_POINT('',(23.3,-1.46957615897682E-16,0.));
#6921=CARTESIAN_POINT('Origin',(24.5,0.,0.));
#6922=CARTESIAN_POINT('',(23.3,1.46957615897682E-16,3.));
#6923=CARTESIAN_POINT('',(23.3,-1.46957615897682E-16,1.5));
#6924=CARTESIAN_POINT('Origin',(24.5,0.,3.));
#6925=CARTESIAN_POINT('Origin',(-24.5,0.,1.5));
#6926=CARTESIAN_POINT('',(-25.7,-1.46957615897682E-16,0.));
#6927=CARTESIAN_POINT('Origin',(-24.5,0.,0.));
#6928=CARTESIAN_POINT('',(-25.7,1.46957615897682E-16,3.));
#6929=CARTESIAN_POINT('',(-25.7,-1.46957615897682E-16,1.5));
#6930=CARTESIAN_POINT('Origin',(-24.5,0.,3.));
#6931=CARTESIAN_POINT('Origin',(0.,7.65,1.5));
#6932=CARTESIAN_POINT('',(-17.6,7.65,3.));
#6933=CARTESIAN_POINT('',(17.6,7.65,3.));
#6934=CARTESIAN_POINT('',(0.,7.65,3.));
#6935=CARTESIAN_POINT('',(-17.6,7.65,0.));
#6936=CARTESIAN_POINT('',(-17.6,7.65,1.5));
#6937=CARTESIAN_POINT('',(17.6,7.65,0.));
#6938=CARTESIAN_POINT('',(0.,7.65,0.));
#6939=CARTESIAN_POINT('',(17.6,7.65,1.5));
#6940=CARTESIAN_POINT('Origin',(17.6,0.,1.5));
#6941=CARTESIAN_POINT('',(17.6,-7.65,3.));
#6942=CARTESIAN_POINT('',(17.6,0.,3.));
#6943=CARTESIAN_POINT('',(17.6,-7.65,0.));
#6944=CARTESIAN_POINT('',(17.6,0.,0.));
#6945=CARTESIAN_POINT('',(17.6,-7.65,1.5));
#6946=CARTESIAN_POINT('Origin',(0.,-7.65,1.5));
#6947=CARTESIAN_POINT('',(-17.6,-7.65,3.));
#6948=CARTESIAN_POINT('',(0.,-7.65,3.));
#6949=CARTESIAN_POINT('',(-17.6,-7.65,0.));
#6950=CARTESIAN_POINT('',(0.,-7.65,0.));
#6951=CARTESIAN_POINT('',(-17.6,-7.65,1.5));
#6952=CARTESIAN_POINT('Origin',(-17.6,0.,1.5));
#6953=CARTESIAN_POINT('',(-17.6,0.,3.));
#6954=CARTESIAN_POINT('',(-17.6,0.,0.));
#6955=CARTESIAN_POINT('Origin',(0.,0.,3.));
#6956=CARTESIAN_POINT('',(45.,-40.,3.));
#6957=CARTESIAN_POINT('',(45.,40.,3.));
#6958=CARTESIAN_POINT('',(45.,0.,3.));
#6959=CARTESIAN_POINT('',(-45.,40.,3.));
#6960=CARTESIAN_POINT('',(0.,40.,3.));
#6961=CARTESIAN_POINT('',(-45.,-40.,3.));
#6962=CARTESIAN_POINT('',(-45.,0.,3.));
#6963=CARTESIAN_POINT('',(0.,-40.,3.));
#6964=CARTESIAN_POINT('Origin',(0.,0.,0.));
#6965=CARTESIAN_POINT('',(45.,40.,0.));
#6966=CARTESIAN_POINT('',(45.,-40.,0.));
#6967=CARTESIAN_POINT('',(45.,0.,0.));
#6968=CARTESIAN_POINT('',(-45.,-40.,0.));
#6969=CARTESIAN_POINT('',(0.,-40.,0.));
#6970=CARTESIAN_POINT('',(-45.,40.,0.));
#6971=CARTESIAN_POINT('',(-45.,0.,0.));
#6972=CARTESIAN_POINT('',(0.,40.,0.));
#6973=CARTESIAN_POINT('Origin',(0.,-40.,1.5));
#6974=CARTESIAN_POINT('',(-45.,-40.,1.5));
#6975=CARTESIAN_POINT('',(45.,-40.,1.5));
#6976=CARTESIAN_POINT('Origin',(-45.,0.,1.5));
#6977=CARTESIAN_POINT('',(-45.,40.,1.5));
#6978=CARTESIAN_POINT('Origin',(0.,40.,1.5));
#6979=CARTESIAN_POINT('',(45.,40.,1.5));
#6980=CARTESIAN_POINT('Origin',(45.,0.,1.5));
#6981=CARTESIAN_POINT('',(0.,0.,0.));
#6982=CARTESIAN_POINT('Origin',(15.,-10.25,-1.9));
#6983=CARTESIAN_POINT('',(13.5,-10.25,-2.7));
#6984=CARTESIAN_POINT('Origin',(15.,-10.25,-2.7));
#6985=CARTESIAN_POINT('',(13.5,-10.25,-1.1));
#6986=CARTESIAN_POINT('',(13.5,-10.25,-1.9));
#6987=CARTESIAN_POINT('Origin',(15.,-10.25,-1.1));
#6988=CARTESIAN_POINT('Origin',(-15.,-10.25,-1.9));
#6989=CARTESIAN_POINT('',(-16.5,-10.25,-2.7));
#6990=CARTESIAN_POINT('Origin',(-15.,-10.25,-2.7));
#6991=CARTESIAN_POINT('',(-16.5,-10.25,-1.1));
#6992=CARTESIAN_POINT('',(-16.5,-10.25,-1.9));
#6993=CARTESIAN_POINT('Origin',(-15.,-10.25,-1.1));
#6994=CARTESIAN_POINT('Origin',(15.,18.25,-1.9));
#6995=CARTESIAN_POINT('',(13.5,18.25,-2.7));
#6996=CARTESIAN_POINT('Origin',(15.,18.25,-2.7));
#6997=CARTESIAN_POINT('',(13.5,18.25,-1.1));
#6998=CARTESIAN_POINT('',(13.5,18.25,-1.9));
#6999=CARTESIAN_POINT('Origin',(15.,18.25,-1.1));
#7000=CARTESIAN_POINT('Origin',(-15.,18.25,-1.9));
#7001=CARTESIAN_POINT('',(-16.5,18.25,-2.7));
#7002=CARTESIAN_POINT('Origin',(-15.,18.25,-2.7));
#7003=CARTESIAN_POINT('',(-16.5,18.25,-1.1));
#7004=CARTESIAN_POINT('',(-16.5,18.25,-1.9));
#7005=CARTESIAN_POINT('Origin',(-15.,18.25,-1.1));
#7006=CARTESIAN_POINT('Origin',(0.,4.,-1.1));
#7007=CARTESIAN_POINT('',(17.7,-12.75,-1.1));
#7008=CARTESIAN_POINT('',(17.7,20.75,-1.1));
#7009=CARTESIAN_POINT('',(17.7,4.,-1.1));
#7010=CARTESIAN_POINT('',(-17.7,20.75,-1.1));
#7011=CARTESIAN_POINT('',(0.,20.75,-1.1));
#7012=CARTESIAN_POINT('',(-17.7,-12.75,-1.1));
#7013=CARTESIAN_POINT('',(-17.7,4.,-1.1));
#7014=CARTESIAN_POINT('',(0.,-12.75,-1.1));
#7015=CARTESIAN_POINT('Origin',(0.,4.,-2.7));
#7016=CARTESIAN_POINT('',(17.7,20.75,-2.7));
#7017=CARTESIAN_POINT('',(17.7,-12.75,-2.7));
#7018=CARTESIAN_POINT('',(17.7,4.,-2.7));
#7019=CARTESIAN_POINT('',(-17.7,-12.75,-2.7));
#7020=CARTESIAN_POINT('',(0.,-12.75,-2.7));
#7021=CARTESIAN_POINT('',(-17.7,20.75,-2.7));
#7022=CARTESIAN_POINT('',(-17.7,4.,-2.7));
#7023=CARTESIAN_POINT('',(0.,20.75,-2.7));
#7024=CARTESIAN_POINT('Origin',(0.,-12.75,-1.9));
#7025=CARTESIAN_POINT('',(-17.7,-12.75,-1.9));
#7026=CARTESIAN_POINT('',(17.7,-12.75,-1.9));
#7027=CARTESIAN_POINT('Origin',(-17.7,4.,-1.9));
#7028=CARTESIAN_POINT('',(-17.7,20.75,-1.9));
#7029=CARTESIAN_POINT('Origin',(0.,20.75,-1.9));
#7030=CARTESIAN_POINT('',(17.7,20.75,-1.9));
#7031=CARTESIAN_POINT('Origin',(17.7,4.,-1.9));
#7032=CARTESIAN_POINT('Origin',(0.,2.45,-0.3));
#7033=CARTESIAN_POINT('',(17.25,-9.05,-0.3));
#7034=CARTESIAN_POINT('',(17.25,13.95,-0.3));
#7035=CARTESIAN_POINT('',(17.25,2.45,-0.3));
#7036=CARTESIAN_POINT('',(-17.25,13.95,-0.3));
#7037=CARTESIAN_POINT('',(0.,13.95,-0.3));
#7038=CARTESIAN_POINT('',(-17.25,-9.05,-0.3));
#7039=CARTESIAN_POINT('',(-17.25,2.45,-0.3));
#7040=CARTESIAN_POINT('',(0.,-9.05,-0.3));
#7041=CARTESIAN_POINT('Origin',(0.,2.45,-1.1));
#7042=CARTESIAN_POINT('',(17.25,13.95,-1.1));
#7043=CARTESIAN_POINT('',(17.25,-9.05,-1.1));
#7044=CARTESIAN_POINT('',(17.25,2.45,-1.1));
#7045=CARTESIAN_POINT('',(-17.25,-9.05,-1.1));
#7046=CARTESIAN_POINT('',(0.,-9.05,-1.1));
#7047=CARTESIAN_POINT('',(-17.25,13.95,-1.1));
#7048=CARTESIAN_POINT('',(-17.25,2.45,-1.1));
#7049=CARTESIAN_POINT('',(0.,13.95,-1.1));
#7050=CARTESIAN_POINT('Origin',(0.,-9.05,-0.7));
#7051=CARTESIAN_POINT('',(-17.25,-9.05,-0.7));
#7052=CARTESIAN_POINT('',(17.25,-9.05,-0.7));
#7053=CARTESIAN_POINT('Origin',(-17.25,2.45,-0.7));
#7054=CARTESIAN_POINT('',(-17.25,13.95,-0.7));
#7055=CARTESIAN_POINT('Origin',(0.,13.95,-0.7));
#7056=CARTESIAN_POINT('',(17.25,13.95,-0.7));
#7057=CARTESIAN_POINT('Origin',(17.25,2.45,-0.7));
#7058=CARTESIAN_POINT('Origin',(0.,0.,-0.3));
#7059=CARTESIAN_POINT('',(14.71,-7.35,-0.3));
#7060=CARTESIAN_POINT('',(14.71,7.35,-0.3));
#7061=CARTESIAN_POINT('',(14.71,0.,-0.3));
#7062=CARTESIAN_POINT('',(-14.71,7.35,-0.3));
#7063=CARTESIAN_POINT('',(0.,7.35,-0.3));
#7064=CARTESIAN_POINT('',(-14.71,-7.35,-0.3));
#7065=CARTESIAN_POINT('',(-14.71,0.,-0.3));
#7066=CARTESIAN_POINT('',(0.,-7.35,-0.3));
#7067=CARTESIAN_POINT('Origin',(0.,0.,-0.35));
#7068=CARTESIAN_POINT('',(14.71,7.35,-0.35));
#7069=CARTESIAN_POINT('',(14.71,-7.35,-0.35));
#7070=CARTESIAN_POINT('',(14.71,0.,-0.35));
#7071=CARTESIAN_POINT('',(-14.71,-7.35,-0.35));
#7072=CARTESIAN_POINT('',(0.,-7.35,-0.35));
#7073=CARTESIAN_POINT('',(-14.71,7.35,-0.35));
#7074=CARTESIAN_POINT('',(-14.71,0.,-0.35));
#7075=CARTESIAN_POINT('',(0.,7.35,-0.35));
#7076=CARTESIAN_POINT('Origin',(0.,-7.35,-0.325));
#7077=CARTESIAN_POINT('',(-14.71,-7.35,-0.325));
#7078=CARTESIAN_POINT('',(14.71,-7.35,-0.325));
#7079=CARTESIAN_POINT('Origin',(-14.71,0.,-0.325));
#7080=CARTESIAN_POINT('',(-14.71,7.35,-0.325));
#7081=CARTESIAN_POINT('Origin',(0.,7.35,-0.325));
#7082=CARTESIAN_POINT('',(14.71,7.35,-0.325));
#7083=CARTESIAN_POINT('Origin',(14.71,0.,-0.325));
#7084=CARTESIAN_POINT('Origin',(0.,19.25,-2.7));
#7085=CARTESIAN_POINT('',(5.,17.75,-2.7));
#7086=CARTESIAN_POINT('',(5.,20.75,-2.7));
#7087=CARTESIAN_POINT('',(5.,19.25,-2.7));
#7088=CARTESIAN_POINT('',(-5.,20.75,-2.7));
#7089=CARTESIAN_POINT('',(0.,20.75,-2.7));
#7090=CARTESIAN_POINT('',(-5.,17.75,-2.7));
#7091=CARTESIAN_POINT('',(-5.,19.25,-2.7));
#7092=CARTESIAN_POINT('',(0.,17.75,-2.7));
#7093=CARTESIAN_POINT('Origin',(0.,19.25,-10.8));
#7094=CARTESIAN_POINT('',(5.,20.75,-10.8));
#7095=CARTESIAN_POINT('',(5.,17.75,-10.8));
#7096=CARTESIAN_POINT('',(5.,19.25,-10.8));
#7097=CARTESIAN_POINT('',(-5.,17.75,-10.8));
#7098=CARTESIAN_POINT('',(0.,17.75,-10.8));
#7099=CARTESIAN_POINT('',(-5.,20.75,-10.8));
#7100=CARTESIAN_POINT('',(-5.,19.25,-10.8));
#7101=CARTESIAN_POINT('',(0.,20.75,-10.8));
#7102=CARTESIAN_POINT('Origin',(0.,17.75,-6.75));
#7103=CARTESIAN_POINT('',(-5.,17.75,-6.75));
#7104=CARTESIAN_POINT('',(5.,17.75,-6.75));
#7105=CARTESIAN_POINT('Origin',(-5.,19.25,-6.75));
#7106=CARTESIAN_POINT('',(-5.,20.75,-6.75));
#7107=CARTESIAN_POINT('Origin',(0.,20.75,-6.75));
#7108=CARTESIAN_POINT('',(5.,20.75,-6.75));
#7109=CARTESIAN_POINT('Origin',(5.,19.25,-6.75));
#7110=CARTESIAN_POINT('Origin',(1.77,-10.55,-0.6));
#7111=CARTESIAN_POINT('',(1.17,-10.55,-0.1));
#7112=CARTESIAN_POINT('Origin',(1.77,-10.55,-0.1));
#7113=CARTESIAN_POINT('',(1.17,-10.55,-1.1));
#7114=CARTESIAN_POINT('',(1.17,-10.55,-0.6));
#7115=CARTESIAN_POINT('Origin',(1.77,-10.55,-1.1));
#7116=CARTESIAN_POINT('Origin',(1.77,-10.55,-1.1));
#7117=CARTESIAN_POINT('Origin',(1.77,-10.55,-0.1));
#7118=CARTESIAN_POINT('Origin',(-3.31,-10.55,-0.6));
#7119=CARTESIAN_POINT('',(-3.91,-10.55,-0.1));
#7120=CARTESIAN_POINT('Origin',(-3.31,-10.55,-0.1));
#7121=CARTESIAN_POINT('',(-3.91,-10.55,-1.1));
#7122=CARTESIAN_POINT('',(-3.91,-10.55,-0.6));
#7123=CARTESIAN_POINT('Origin',(-3.31,-10.55,-1.1));
#7124=CARTESIAN_POINT('Origin',(-3.31,-10.55,-1.1));
#7125=CARTESIAN_POINT('Origin',(-3.31,-10.55,-0.1));
#7126=CARTESIAN_POINT('Origin',(1.77,18.55,-0.6));
#7127=CARTESIAN_POINT('',(1.17,18.55,-0.1));
#7128=CARTESIAN_POINT('Origin',(1.77,18.55,-0.1));
#7129=CARTESIAN_POINT('',(1.17,18.55,-1.1));
#7130=CARTESIAN_POINT('',(1.17,18.55,-0.6));
#7131=CARTESIAN_POINT('Origin',(1.77,18.55,-1.1));
#7132=CARTESIAN_POINT('Origin',(1.77,18.55,-1.1));
#7133=CARTESIAN_POINT('Origin',(1.77,18.55,-0.1));
#7134=CARTESIAN_POINT('Origin',(-3.31,18.55,-0.6));
#7135=CARTESIAN_POINT('',(-3.91,18.55,-0.1));
#7136=CARTESIAN_POINT('Origin',(-3.31,18.55,-0.1));
#7137=CARTESIAN_POINT('',(-3.91,18.55,-1.1));
#7138=CARTESIAN_POINT('',(-3.91,18.55,-0.6));
#7139=CARTESIAN_POINT('Origin',(-3.31,18.55,-1.1));
#7140=CARTESIAN_POINT('Origin',(-3.31,18.55,-1.1));
#7141=CARTESIAN_POINT('Origin',(-3.31,18.55,-0.1));
#7142=CARTESIAN_POINT('Origin',(-0.77,18.55,-0.6));
#7143=CARTESIAN_POINT('',(-1.37,18.55,-0.1));
#7144=CARTESIAN_POINT('Origin',(-0.77,18.55,-0.1));
#7145=CARTESIAN_POINT('',(-1.37,18.55,-1.1));
#7146=CARTESIAN_POINT('',(-1.37,18.55,-0.6));
#7147=CARTESIAN_POINT('Origin',(-0.77,18.55,-1.1));
#7148=CARTESIAN_POINT('Origin',(-0.77,18.55,-1.1));
#7149=CARTESIAN_POINT('Origin',(-0.77,18.55,-0.1));
#7150=CARTESIAN_POINT('Origin',(4.31,18.55,-0.6));
#7151=CARTESIAN_POINT('',(3.71,18.55,-0.1));
#7152=CARTESIAN_POINT('Origin',(4.31,18.55,-0.1));
#7153=CARTESIAN_POINT('',(3.71,18.55,-1.1));
#7154=CARTESIAN_POINT('',(3.71,18.55,-0.6));
#7155=CARTESIAN_POINT('Origin',(4.31,18.55,-1.1));
#7156=CARTESIAN_POINT('Origin',(4.31,18.55,-1.1));
#7157=CARTESIAN_POINT('Origin',(4.31,18.55,-0.1));
#7158=CARTESIAN_POINT('Origin',(-0.77,-10.55,-0.6));
#7159=CARTESIAN_POINT('',(-1.37,-10.55,-0.1));
#7160=CARTESIAN_POINT('Origin',(-0.77,-10.55,-0.1));
#7161=CARTESIAN_POINT('',(-1.37,-10.55,-1.1));
#7162=CARTESIAN_POINT('',(-1.37,-10.55,-0.6));
#7163=CARTESIAN_POINT('Origin',(-0.77,-10.55,-1.1));
#7164=CARTESIAN_POINT('Origin',(-0.77,-10.55,-1.1));
#7165=CARTESIAN_POINT('Origin',(-0.77,-10.55,-0.1));
#7166=CARTESIAN_POINT('Origin',(4.31,-10.55,-0.6));
#7167=CARTESIAN_POINT('',(3.71,-10.55,-0.1));
#7168=CARTESIAN_POINT('Origin',(4.31,-10.55,-0.1));
#7169=CARTESIAN_POINT('',(3.71,-10.55,-1.1));
#7170=CARTESIAN_POINT('',(3.71,-10.55,-0.6));
#7171=CARTESIAN_POINT('Origin',(4.31,-10.55,-1.1));
#7172=CARTESIAN_POINT('Origin',(4.31,-10.55,-1.1));
#7173=CARTESIAN_POINT('Origin',(4.31,-10.55,-0.1));
#7174=CARTESIAN_POINT('',(0.,0.,0.));
#7175=CARTESIAN_POINT('Origin',(24.5,0.,-6.55));
#7176=CARTESIAN_POINT('',(22.0905989232415,-2.95066531651449E-16,-8.));
#7177=CARTESIAN_POINT('Origin',(24.5,0.,-8.));
#7178=CARTESIAN_POINT('',(22.0905989232415,-2.95066531651449E-16,-4.1));
#7179=CARTESIAN_POINT('',(22.0905989232415,-2.95066531651449E-16,-6.55));
#7180=CARTESIAN_POINT('Origin',(24.5,0.,-4.1));
#7181=CARTESIAN_POINT('Origin',(24.5,0.,-3.7));
#7182=CARTESIAN_POINT('',(22.4504065443768,6.93889390390723E-16,-3.7));
#7183=CARTESIAN_POINT('',(23.4752032721884,-1.775,-3.7));
#7184=CARTESIAN_POINT('',(22.9628049082826,-0.8875,-3.7));
#7185=CARTESIAN_POINT('Origin',(24.5,0.,-3.7));
#7186=CARTESIAN_POINT('Origin',(24.5,0.,-3.7));
#7187=CARTESIAN_POINT('',(23.4752032721884,1.775,-3.7));
#7188=CARTESIAN_POINT('',(22.9628049082826,0.8875,-3.7));
#7189=CARTESIAN_POINT('Origin',(24.5,0.,-3.7));
#7190=CARTESIAN_POINT('Origin',(24.5,0.,-3.7));
#7191=CARTESIAN_POINT('',(25.5247967278116,1.775,-3.7));
#7192=CARTESIAN_POINT('',(24.5,1.775,-3.7));
#7193=CARTESIAN_POINT('Origin',(24.5,0.,-3.7));
#7194=CARTESIAN_POINT('Origin',(24.5,0.,-3.7));
#7195=CARTESIAN_POINT('',(26.5495934556232,-6.93889390390723E-16,-3.7));
#7196=CARTESIAN_POINT('',(26.0371950917174,0.8875,-3.7));
#7197=CARTESIAN_POINT('Origin',(24.5,0.,-3.7));
#7198=CARTESIAN_POINT('Origin',(24.5,0.,-3.7));
#7199=CARTESIAN_POINT('',(25.5247967278116,-1.775,-3.7));
#7200=CARTESIAN_POINT('',(26.0371950917174,-0.8875,-3.7));
#7201=CARTESIAN_POINT('Origin',(24.5,0.,-3.7));
#7202=CARTESIAN_POINT('Origin',(24.5,0.,-3.7));
#7203=CARTESIAN_POINT('',(24.5,-1.775,-3.7));
#7204=CARTESIAN_POINT('Origin',(24.5,0.,-3.7));
#7205=CARTESIAN_POINT('Origin',(24.5,0.,-3.9));
#7206=CARTESIAN_POINT('',(22.2705027338092,-2.73034669074838E-16,-3.9));
#7207=CARTESIAN_POINT('Origin',(26.0371950917174,0.8875,-3.55));
#7208=CARTESIAN_POINT('',(26.5495934556232,-6.93889390390723E-16,-3.4));
#7209=CARTESIAN_POINT('',(26.5495934556232,4.16333634234434E-16,-3.55));
#7210=CARTESIAN_POINT('',(25.5247967278116,1.775,-3.4));
#7211=CARTESIAN_POINT('',(26.0371950917174,0.8875,-3.4));
#7212=CARTESIAN_POINT('',(25.5247967278116,1.775,-3.55));
#7213=CARTESIAN_POINT('Origin',(22.9628049082826,-0.8875,-3.55));
#7214=CARTESIAN_POINT('',(23.4752032721884,-1.775,-3.4));
#7215=CARTESIAN_POINT('',(23.4752032721884,-1.775,-3.55));
#7216=CARTESIAN_POINT('',(22.4504065443768,6.93889390390723E-16,-3.4));
#7217=CARTESIAN_POINT('',(22.4504065443768,-4.16333634234434E-16,-3.55));
#7218=CARTESIAN_POINT('',(22.9628049082826,-0.8875,-3.4));
#7219=CARTESIAN_POINT('Origin',(24.5,1.775,-3.55));
#7220=CARTESIAN_POINT('',(23.4752032721884,1.775,-3.4));
#7221=CARTESIAN_POINT('',(24.5,1.775,-3.4));
#7222=CARTESIAN_POINT('',(23.4752032721884,1.775,-3.55));
#7223=CARTESIAN_POINT('Origin',(24.5,-1.775,-3.55));
#7224=CARTESIAN_POINT('',(25.5247967278116,-1.775,-3.4));
#7225=CARTESIAN_POINT('',(24.5,-1.775,-3.4));
#7226=CARTESIAN_POINT('',(25.5247967278116,-1.775,-3.55));
#7227=CARTESIAN_POINT('Origin',(26.0371950917174,-0.8875,-3.55));
#7228=CARTESIAN_POINT('',(26.0371950917174,-0.8875,-3.4));
#7229=CARTESIAN_POINT('Origin',(22.9628049082826,0.8875,-3.55));
#7230=CARTESIAN_POINT('',(22.9628049082826,0.8875,-3.4));
#7231=CARTESIAN_POINT('Origin',(26.2320508075689,1.,-2.7));
#7232=CARTESIAN_POINT('',(26.8094010767585,-9.71445146547012E-16,-2.));
#7233=CARTESIAN_POINT('',(26.8094010767585,-9.71445146547012E-16,-3.4));
#7234=CARTESIAN_POINT('',(26.8094010767585,1.21430643318376E-15,-2.7));
#7235=CARTESIAN_POINT('',(25.6547005383793,2.,-2.));
#7236=CARTESIAN_POINT('',(26.2320508075689,1.,-2.));
#7237=CARTESIAN_POINT('',(25.6547005383793,2.,-3.4));
#7238=CARTESIAN_POINT('',(25.6547005383793,2.,-2.7));
#7239=CARTESIAN_POINT('',(26.2320508075689,1.,-3.4));
#7240=CARTESIAN_POINT('Origin',(22.7679491924311,-1.,-2.7));
#7241=CARTESIAN_POINT('',(23.3452994616208,-2.,-3.4));
#7242=CARTESIAN_POINT('',(23.3452994616208,-2.,-2.));
#7243=CARTESIAN_POINT('',(23.3452994616207,-2.,-2.7));
#7244=CARTESIAN_POINT('',(22.1905989232415,9.71445146547012E-16,-3.4));
#7245=CARTESIAN_POINT('',(22.7679491924311,-1.,-3.4));
#7246=CARTESIAN_POINT('',(22.1905989232415,9.71445146547012E-16,-2.));
#7247=CARTESIAN_POINT('',(22.1905989232415,-1.21430643318376E-15,-2.7));
#7248=CARTESIAN_POINT('',(22.7679491924311,-1.,-2.));
#7249=CARTESIAN_POINT('Origin',(24.5,2.,-2.7));
#7250=CARTESIAN_POINT('',(23.3452994616208,2.,-2.));
#7251=CARTESIAN_POINT('',(24.5,2.,-2.));
#7252=CARTESIAN_POINT('',(23.3452994616208,2.,-3.4));
#7253=CARTESIAN_POINT('',(23.3452994616208,2.,-2.7));
#7254=CARTESIAN_POINT('',(24.5,2.,-3.4));
#7255=CARTESIAN_POINT('Origin',(24.5,-2.,-2.7));
#7256=CARTESIAN_POINT('',(25.6547005383793,-2.,-2.));
#7257=CARTESIAN_POINT('',(24.5,-2.,-2.));
#7258=CARTESIAN_POINT('',(25.6547005383793,-2.,-3.4));
#7259=CARTESIAN_POINT('',(25.6547005383793,-2.,-2.7));
#7260=CARTESIAN_POINT('',(24.5,-2.,-3.4));
#7261=CARTESIAN_POINT('Origin',(24.5,0.,-2.));
#7262=CARTESIAN_POINT('',(26.2320508075689,-1.,-2.));
#7263=CARTESIAN_POINT('',(22.7679491924311,1.,-2.));
#7264=CARTESIAN_POINT('',(23.2,-1.59204083889156E-16,-2.));
#7265=CARTESIAN_POINT('Origin',(24.5,0.,-2.));
#7266=CARTESIAN_POINT('Origin',(26.2320508075689,-1.,-2.7));
#7267=CARTESIAN_POINT('',(26.2320508075689,-1.,-3.4));
#7268=CARTESIAN_POINT('Origin',(22.7679491924311,1.,-2.7));
#7269=CARTESIAN_POINT('',(22.7679491924311,1.,-3.4));
#7270=CARTESIAN_POINT('Origin',(24.5,0.,-3.4));
#7271=CARTESIAN_POINT('Origin',(24.5,0.,-0.9995));
#7272=CARTESIAN_POINT('',(23.2,1.59204083889156E-16,0.));
#7273=CARTESIAN_POINT('',(23.2,-1.59204083889156E-16,-0.9995));
#7274=CARTESIAN_POINT('Origin',(24.5,0.,0.));
#7275=CARTESIAN_POINT('Origin',(-24.5,0.,-6.55));
#7276=CARTESIAN_POINT('',(-26.9094010767585,-2.95066531651449E-16,-8.));
#7277=CARTESIAN_POINT('Origin',(-24.5,0.,-8.));
#7278=CARTESIAN_POINT('',(-26.9094010767585,-2.95066531651449E-16,-4.1));
#7279=CARTESIAN_POINT('',(-26.9094010767585,-2.95066531651449E-16,-6.55));
#7280=CARTESIAN_POINT('Origin',(-24.5,0.,-4.1));
#7281=CARTESIAN_POINT('Origin',(-24.5,0.,-3.7));
#7282=CARTESIAN_POINT('',(-26.5495934556232,6.93889390390723E-16,-3.7));
#7283=CARTESIAN_POINT('',(-25.5247967278116,-1.775,-3.7));
#7284=CARTESIAN_POINT('',(-26.0371950917174,-0.8875,-3.7));
#7285=CARTESIAN_POINT('Origin',(-24.5,0.,-3.7));
#7286=CARTESIAN_POINT('Origin',(-24.5,0.,-3.7));
#7287=CARTESIAN_POINT('',(-25.5247967278116,1.775,-3.7));
#7288=CARTESIAN_POINT('',(-26.0371950917174,0.8875,-3.7));
#7289=CARTESIAN_POINT('Origin',(-24.5,0.,-3.7));
#7290=CARTESIAN_POINT('Origin',(-24.5,0.,-3.7));
#7291=CARTESIAN_POINT('',(-23.4752032721884,1.775,-3.7));
#7292=CARTESIAN_POINT('',(-24.5,1.775,-3.7));
#7293=CARTESIAN_POINT('Origin',(-24.5,0.,-3.7));
#7294=CARTESIAN_POINT('Origin',(-24.5,0.,-3.7));
#7295=CARTESIAN_POINT('',(-22.4504065443768,-6.93889390390723E-16,-3.7));
#7296=CARTESIAN_POINT('',(-22.9628049082826,0.8875,-3.7));
#7297=CARTESIAN_POINT('Origin',(-24.5,0.,-3.7));
#7298=CARTESIAN_POINT('Origin',(-24.5,0.,-3.7));
#7299=CARTESIAN_POINT('',(-23.4752032721884,-1.775,-3.7));
#7300=CARTESIAN_POINT('',(-22.9628049082826,-0.8875,-3.7));
#7301=CARTESIAN_POINT('Origin',(-24.5,0.,-3.7));
#7302=CARTESIAN_POINT('Origin',(-24.5,0.,-3.7));
#7303=CARTESIAN_POINT('',(-24.5,-1.775,-3.7));
#7304=CARTESIAN_POINT('Origin',(-24.5,0.,-3.7));
#7305=CARTESIAN_POINT('Origin',(-24.5,0.,-3.9));
#7306=CARTESIAN_POINT('',(-26.7294972661908,-2.73034669074838E-16,-3.9));
#7307=CARTESIAN_POINT('Origin',(-22.9628049082826,0.8875,-3.55));
#7308=CARTESIAN_POINT('',(-22.4504065443768,-6.93889390390723E-16,-3.4));
#7309=CARTESIAN_POINT('',(-22.4504065443768,4.16333634234434E-16,-3.55));
#7310=CARTESIAN_POINT('',(-23.4752032721884,1.775,-3.4));
#7311=CARTESIAN_POINT('',(-22.9628049082826,0.8875,-3.4));
#7312=CARTESIAN_POINT('',(-23.4752032721884,1.775,-3.55));
#7313=CARTESIAN_POINT('Origin',(-26.0371950917174,-0.8875,-3.55));
#7314=CARTESIAN_POINT('',(-25.5247967278116,-1.775,-3.4));
#7315=CARTESIAN_POINT('',(-25.5247967278116,-1.775,-3.55));
#7316=CARTESIAN_POINT('',(-26.5495934556232,6.93889390390723E-16,-3.4));
#7317=CARTESIAN_POINT('',(-26.5495934556232,-4.16333634234434E-16,-3.55));
#7318=CARTESIAN_POINT('',(-26.0371950917174,-0.8875,-3.4));
#7319=CARTESIAN_POINT('Origin',(-24.5,1.775,-3.55));
#7320=CARTESIAN_POINT('',(-25.5247967278116,1.775,-3.4));
#7321=CARTESIAN_POINT('',(-24.5,1.775,-3.4));
#7322=CARTESIAN_POINT('',(-25.5247967278116,1.775,-3.55));
#7323=CARTESIAN_POINT('Origin',(-24.5,-1.775,-3.55));
#7324=CARTESIAN_POINT('',(-23.4752032721884,-1.775,-3.4));
#7325=CARTESIAN_POINT('',(-24.5,-1.775,-3.4));
#7326=CARTESIAN_POINT('',(-23.4752032721884,-1.775,-3.55));
#7327=CARTESIAN_POINT('Origin',(-22.9628049082826,-0.8875,-3.55));
#7328=CARTESIAN_POINT('',(-22.9628049082826,-0.8875,-3.4));
#7329=CARTESIAN_POINT('Origin',(-26.0371950917174,0.8875,-3.55));
#7330=CARTESIAN_POINT('',(-26.0371950917174,0.8875,-3.4));
#7331=CARTESIAN_POINT('Origin',(-22.7679491924311,1.,-2.7));
#7332=CARTESIAN_POINT('',(-22.1905989232415,-9.71445146547012E-16,-2.));
#7333=CARTESIAN_POINT('',(-22.1905989232415,-9.71445146547012E-16,-3.4));
#7334=CARTESIAN_POINT('',(-22.1905989232415,1.21430643318376E-15,-2.7));
#7335=CARTESIAN_POINT('',(-23.3452994616208,2.,-2.));
#7336=CARTESIAN_POINT('',(-22.7679491924311,1.,-2.));
#7337=CARTESIAN_POINT('',(-23.3452994616208,2.,-3.4));
#7338=CARTESIAN_POINT('',(-23.3452994616207,2.,-2.7));
#7339=CARTESIAN_POINT('',(-22.7679491924311,1.,-3.4));
#7340=CARTESIAN_POINT('Origin',(-26.2320508075689,-1.,-2.7));
#7341=CARTESIAN_POINT('',(-25.6547005383793,-2.,-3.4));
#7342=CARTESIAN_POINT('',(-25.6547005383793,-2.,-2.));
#7343=CARTESIAN_POINT('',(-25.6547005383793,-2.,-2.7));
#7344=CARTESIAN_POINT('',(-26.8094010767585,9.71445146547012E-16,-3.4));
#7345=CARTESIAN_POINT('',(-26.2320508075689,-1.,-3.4));
#7346=CARTESIAN_POINT('',(-26.8094010767585,9.71445146547012E-16,-2.));
#7347=CARTESIAN_POINT('',(-26.8094010767585,-1.21430643318376E-15,-2.7));
#7348=CARTESIAN_POINT('',(-26.2320508075689,-1.,-2.));
#7349=CARTESIAN_POINT('Origin',(-24.5,2.,-2.7));
#7350=CARTESIAN_POINT('',(-25.6547005383793,2.,-2.));
#7351=CARTESIAN_POINT('',(-24.5,2.,-2.));
#7352=CARTESIAN_POINT('',(-25.6547005383793,2.,-3.4));
#7353=CARTESIAN_POINT('',(-25.6547005383793,2.,-2.7));
#7354=CARTESIAN_POINT('',(-24.5,2.,-3.4));
#7355=CARTESIAN_POINT('Origin',(-24.5,-2.,-2.7));
#7356=CARTESIAN_POINT('',(-23.3452994616208,-2.,-2.));
#7357=CARTESIAN_POINT('',(-24.5,-2.,-2.));
#7358=CARTESIAN_POINT('',(-23.3452994616208,-2.,-3.4));
#7359=CARTESIAN_POINT('',(-23.3452994616208,-2.,-2.7));
#7360=CARTESIAN_POINT('',(-24.5,-2.,-3.4));
#7361=CARTESIAN_POINT('Origin',(-24.5,0.,-2.));
#7362=CARTESIAN_POINT('',(-22.7679491924311,-1.,-2.));
#7363=CARTESIAN_POINT('',(-26.2320508075689,1.,-2.));
#7364=CARTESIAN_POINT('',(-25.8,-1.59204083889156E-16,-2.));
#7365=CARTESIAN_POINT('Origin',(-24.5,0.,-2.));
#7366=CARTESIAN_POINT('Origin',(-22.7679491924311,-1.,-2.7));
#7367=CARTESIAN_POINT('',(-22.7679491924311,-1.,-3.4));
#7368=CARTESIAN_POINT('Origin',(-26.2320508075689,1.,-2.7));
#7369=CARTESIAN_POINT('',(-26.2320508075689,1.,-3.4));
#7370=CARTESIAN_POINT('Origin',(-24.5,0.,-3.4));
#7371=CARTESIAN_POINT('Origin',(-24.5,0.,-0.9995));
#7372=CARTESIAN_POINT('',(-25.8,1.59204083889156E-16,0.));
#7373=CARTESIAN_POINT('',(-25.8,-1.59204083889156E-16,-0.9995));
#7374=CARTESIAN_POINT('Origin',(-24.5,0.,0.));
#7375=CARTESIAN_POINT('Origin',(15.,-10.25,-1.5));
#7376=CARTESIAN_POINT('',(13.95,-10.25,-1.35));
#7377=CARTESIAN_POINT('Origin',(15.,-10.25,-1.35));
#7378=CARTESIAN_POINT('',(13.65,-10.25,-1.65));
#7379=CARTESIAN_POINT('',(13.8,-10.25,-1.5));
#7380=CARTESIAN_POINT('Origin',(15.,-10.25,-1.65));
#7381=CARTESIAN_POINT('Origin',(15.,-10.25,-1.35));
#7382=CARTESIAN_POINT('Origin',(15.,-10.25,-2.9));
#7383=CARTESIAN_POINT('',(13.65,-10.25,-2.9));
#7384=CARTESIAN_POINT('Origin',(15.,-10.25,-2.9));
#7385=CARTESIAN_POINT('',(12.85,-10.25,-3.7));
#7386=CARTESIAN_POINT('Origin',(12.85,-10.25,-2.9));
#7387=CARTESIAN_POINT('Origin',(15.,-10.25,-3.7));
#7388=CARTESIAN_POINT('Origin',(15.,-10.25,-2.675));
#7389=CARTESIAN_POINT('',(13.65,-10.25,-2.675));
#7390=CARTESIAN_POINT('Origin',(15.,-10.25,-3.7));
#7391=CARTESIAN_POINT('',(12.6,-10.25,-3.7));
#7392=CARTESIAN_POINT('Origin',(15.,-10.25,-3.7));
#7393=CARTESIAN_POINT('Origin',(-15.,-10.25,-1.5));
#7394=CARTESIAN_POINT('',(-16.05,-10.25,-1.35));
#7395=CARTESIAN_POINT('Origin',(-15.,-10.25,-1.35));
#7396=CARTESIAN_POINT('',(-16.35,-10.25,-1.65));
#7397=CARTESIAN_POINT('',(-16.2,-10.25,-1.5));
#7398=CARTESIAN_POINT('Origin',(-15.,-10.25,-1.65));
#7399=CARTESIAN_POINT('Origin',(-15.,-10.25,-1.35));
#7400=CARTESIAN_POINT('Origin',(-15.,-10.25,-2.9));
#7401=CARTESIAN_POINT('',(-16.35,-10.25,-2.9));
#7402=CARTESIAN_POINT('Origin',(-15.,-10.25,-2.9));
#7403=CARTESIAN_POINT('',(-17.15,-10.25,-3.7));
#7404=CARTESIAN_POINT('Origin',(-17.15,-10.25,-2.9));
#7405=CARTESIAN_POINT('Origin',(-15.,-10.25,-3.7));
#7406=CARTESIAN_POINT('Origin',(-15.,-10.25,-2.675));
#7407=CARTESIAN_POINT('',(-16.35,-10.25,-2.675));
#7408=CARTESIAN_POINT('Origin',(-15.,-10.25,-3.7));
#7409=CARTESIAN_POINT('',(-17.4,-10.25,-3.7));
#7410=CARTESIAN_POINT('Origin',(-15.,-10.25,-3.7));
#7411=CARTESIAN_POINT('Origin',(15.,17.9,-2.7));
#7412=CARTESIAN_POINT('',(16.3555441711726,17.9,-5.1));
#7413=CARTESIAN_POINT('',(16.3555441711726,17.9,-1.));
#7414=CARTESIAN_POINT('',(16.3555441711726,17.9,-3.45));
#7415=CARTESIAN_POINT('',(13.6444558288274,17.9,-5.1));
#7416=CARTESIAN_POINT('',(15.,17.9,-5.1));
#7417=CARTESIAN_POINT('',(13.6444558288274,17.9,-1.));
#7418=CARTESIAN_POINT('',(13.6444558288274,17.9,-3.45));
#7419=CARTESIAN_POINT('',(13.4387505004004,17.9,-1.));
#7420=CARTESIAN_POINT('',(15.,17.9,-1.));
#7421=CARTESIAN_POINT('',(13.4387505004004,17.9,-0.75));
#7422=CARTESIAN_POINT('',(13.4387505004004,17.9,-0.875));
#7423=CARTESIAN_POINT('',(13.7480015974451,17.9,-0.4));
#7424=CARTESIAN_POINT('Ctrl Pts',(13.7480015974451,17.9,-0.4));
#7425=CARTESIAN_POINT('Ctrl Pts',(13.6093717953223,17.9,-0.555762825080688));
#7426=CARTESIAN_POINT('Ctrl Pts',(13.4387505004004,17.9,-0.75));
#7427=CARTESIAN_POINT('',(16.2519984025549,17.9,-0.4));
#7428=CARTESIAN_POINT('',(15.,17.9,-0.4));
#7429=CARTESIAN_POINT('',(16.5612494995996,17.9,-0.75));
#7430=CARTESIAN_POINT('Ctrl Pts',(16.5612494995996,17.9,-0.75));
#7431=CARTESIAN_POINT('Ctrl Pts',(16.3906282046777,17.9,-0.555762825080688));
#7432=CARTESIAN_POINT('Ctrl Pts',(16.2519984025549,17.9,-0.4));
#7433=CARTESIAN_POINT('',(16.5612494995996,17.9,-1.));
#7434=CARTESIAN_POINT('',(16.5612494995996,17.9,-0.875));
#7435=CARTESIAN_POINT('',(15.,17.9,-1.));
#7436=CARTESIAN_POINT('Origin',(15.,18.25,-5.1));
#7437=CARTESIAN_POINT('',(16.3555441711726,18.6,-5.1));
#7438=CARTESIAN_POINT('Origin',(15.,18.25,-5.1));
#7439=CARTESIAN_POINT('',(13.6444558288274,18.6,-5.1));
#7440=CARTESIAN_POINT('',(15.,18.6,-5.1));
#7441=CARTESIAN_POINT('',(13.6,18.25,-5.1));
#7442=CARTESIAN_POINT('Origin',(15.,18.25,-5.1));
#7443=CARTESIAN_POINT('Origin',(15.,18.25,-5.1));
#7444=CARTESIAN_POINT('Origin',(15.,18.6,-2.7));
#7445=CARTESIAN_POINT('',(16.3555441711726,18.6,-1.));
#7446=CARTESIAN_POINT('',(16.3555441711726,18.6,-3.45));
#7447=CARTESIAN_POINT('',(16.5612494995996,18.6,-1.));
#7448=CARTESIAN_POINT('',(15.,18.6,-1.));
#7449=CARTESIAN_POINT('',(16.5612494995996,18.6,-0.75));
#7450=CARTESIAN_POINT('',(16.5612494995996,18.6,-0.875));
#7451=CARTESIAN_POINT('',(16.2519984025549,18.6,-0.4));
#7452=CARTESIAN_POINT('Ctrl Pts',(16.2519984025549,18.6,-0.4));
#7453=CARTESIAN_POINT('Ctrl Pts',(16.3906282046777,18.6,-0.555762825080688));
#7454=CARTESIAN_POINT('Ctrl Pts',(16.5612494995996,18.6,-0.75));
#7455=CARTESIAN_POINT('',(13.7480015974451,18.6,-0.4));
#7456=CARTESIAN_POINT('',(15.,18.6,-0.4));
#7457=CARTESIAN_POINT('',(13.4387505004004,18.6,-0.75));
#7458=CARTESIAN_POINT('Ctrl Pts',(13.4387505004004,18.6,-0.75));
#7459=CARTESIAN_POINT('Ctrl Pts',(13.6093717953223,18.6,-0.555762825080688));
#7460=CARTESIAN_POINT('Ctrl Pts',(13.7480015974451,18.6,-0.4));
#7461=CARTESIAN_POINT('',(13.4387505004004,18.6,-1.));
#7462=CARTESIAN_POINT('',(13.4387505004004,18.6,-0.875));
#7463=CARTESIAN_POINT('',(13.6444558288274,18.6,-1.));
#7464=CARTESIAN_POINT('',(15.,18.6,-1.));
#7465=CARTESIAN_POINT('',(13.6444558288274,18.6,-3.45));
#7466=CARTESIAN_POINT('Origin',(15.,18.25,-0.4));
#7467=CARTESIAN_POINT('Origin',(15.,18.25,-0.4));
#7468=CARTESIAN_POINT('Origin',(15.,18.25,-0.4));
#7469=CARTESIAN_POINT('Origin',(15.,18.25,-0.4));
#7470=CARTESIAN_POINT('Origin',(15.,18.25,-0.575));
#7471=CARTESIAN_POINT('Origin',(15.,18.25,-0.75));
#7472=CARTESIAN_POINT('Origin',(15.,18.25,-0.575));
#7473=CARTESIAN_POINT('Origin',(15.,18.25,-0.75));
#7474=CARTESIAN_POINT('Origin',(15.,18.25,-0.875));
#7475=CARTESIAN_POINT('Origin',(15.,18.25,-1.));
#7476=CARTESIAN_POINT('Origin',(15.,18.25,-0.875));
#7477=CARTESIAN_POINT('Origin',(15.,18.25,-1.));
#7478=CARTESIAN_POINT('Origin',(15.,18.25,-3.45));
#7479=CARTESIAN_POINT('Origin',(15.,18.25,-5.1));
#7480=CARTESIAN_POINT('Origin',(15.,18.25,-1.));
#7481=CARTESIAN_POINT('Origin',(15.,18.25,-1.));
#7482=CARTESIAN_POINT('Origin',(15.,18.25,-1.));
#7483=CARTESIAN_POINT('Origin',(15.,18.25,-1.));
#7484=CARTESIAN_POINT('Origin',(15.,18.25,-5.1));
#7485=CARTESIAN_POINT('Origin',(15.,18.25,-5.1));
#7486=CARTESIAN_POINT('',(12.8,18.25,-5.9));
#7487=CARTESIAN_POINT('Origin',(12.8,18.25,-5.1));
#7488=CARTESIAN_POINT('Origin',(15.,18.25,-5.9));
#7489=CARTESIAN_POINT('Origin',(15.,18.25,-3.45));
#7490=CARTESIAN_POINT('Origin',(15.,18.25,-5.9));
#7491=CARTESIAN_POINT('',(12.6,18.25,-5.9));
#7492=CARTESIAN_POINT('Origin',(15.,18.25,-5.9));
#7493=CARTESIAN_POINT('Origin',(-15.,17.9,-2.7));
#7494=CARTESIAN_POINT('',(-13.6444558288274,17.9,-5.1));
#7495=CARTESIAN_POINT('',(-13.6444558288274,17.9,-1.));
#7496=CARTESIAN_POINT('',(-13.6444558288274,17.9,-3.45));
#7497=CARTESIAN_POINT('',(-16.3555441711726,17.9,-5.1));
#7498=CARTESIAN_POINT('',(-15.,17.9,-5.1));
#7499=CARTESIAN_POINT('',(-16.3555441711726,17.9,-1.));
#7500=CARTESIAN_POINT('',(-16.3555441711726,17.9,-3.45));
#7501=CARTESIAN_POINT('',(-16.5612494995996,17.9,-1.));
#7502=CARTESIAN_POINT('',(-15.,17.9,-1.));
#7503=CARTESIAN_POINT('',(-16.5612494995996,17.9,-0.75));
#7504=CARTESIAN_POINT('',(-16.5612494995996,17.9,-0.875));
#7505=CARTESIAN_POINT('',(-16.2519984025549,17.9,-0.4));
#7506=CARTESIAN_POINT('Ctrl Pts',(-16.2519984025549,17.9,-0.4));
#7507=CARTESIAN_POINT('Ctrl Pts',(-16.3906282046777,17.9,-0.555762825080688));
#7508=CARTESIAN_POINT('Ctrl Pts',(-16.5612494995996,17.9,-0.75));
#7509=CARTESIAN_POINT('',(-13.7480015974451,17.9,-0.4));
#7510=CARTESIAN_POINT('',(-15.,17.9,-0.4));
#7511=CARTESIAN_POINT('',(-13.4387505004004,17.9,-0.75));
#7512=CARTESIAN_POINT('Ctrl Pts',(-13.4387505004004,17.9,-0.75));
#7513=CARTESIAN_POINT('Ctrl Pts',(-13.6093717953223,17.9,-0.555762825080688));
#7514=CARTESIAN_POINT('Ctrl Pts',(-13.7480015974451,17.9,-0.4));
#7515=CARTESIAN_POINT('',(-13.4387505004004,17.9,-1.));
#7516=CARTESIAN_POINT('',(-13.4387505004004,17.9,-0.875));
#7517=CARTESIAN_POINT('',(-15.,17.9,-1.));
#7518=CARTESIAN_POINT('Origin',(-15.,18.25,-5.1));
#7519=CARTESIAN_POINT('',(-13.6444558288274,18.6,-5.1));
#7520=CARTESIAN_POINT('Origin',(-15.,18.25,-5.1));
#7521=CARTESIAN_POINT('',(-16.3555441711726,18.6,-5.1));
#7522=CARTESIAN_POINT('',(-15.,18.6,-5.1));
#7523=CARTESIAN_POINT('',(-16.4,18.25,-5.1));
#7524=CARTESIAN_POINT('Origin',(-15.,18.25,-5.1));
#7525=CARTESIAN_POINT('Origin',(-15.,18.25,-5.1));
#7526=CARTESIAN_POINT('Origin',(-15.,18.6,-2.7));
#7527=CARTESIAN_POINT('',(-13.6444558288274,18.6,-1.));
#7528=CARTESIAN_POINT('',(-13.6444558288274,18.6,-3.45));
#7529=CARTESIAN_POINT('',(-13.4387505004004,18.6,-1.));
#7530=CARTESIAN_POINT('',(-15.,18.6,-1.));
#7531=CARTESIAN_POINT('',(-13.4387505004004,18.6,-0.75));
#7532=CARTESIAN_POINT('',(-13.4387505004004,18.6,-0.875));
#7533=CARTESIAN_POINT('',(-13.7480015974451,18.6,-0.4));
#7534=CARTESIAN_POINT('Ctrl Pts',(-13.7480015974451,18.6,-0.4));
#7535=CARTESIAN_POINT('Ctrl Pts',(-13.6093717953223,18.6,-0.555762825080688));
#7536=CARTESIAN_POINT('Ctrl Pts',(-13.4387505004004,18.6,-0.75));
#7537=CARTESIAN_POINT('',(-16.2519984025549,18.6,-0.4));
#7538=CARTESIAN_POINT('',(-15.,18.6,-0.4));
#7539=CARTESIAN_POINT('',(-16.5612494995996,18.6,-0.75));
#7540=CARTESIAN_POINT('Ctrl Pts',(-16.5612494995996,18.6,-0.75));
#7541=CARTESIAN_POINT('Ctrl Pts',(-16.3906282046777,18.6,-0.555762825080688));
#7542=CARTESIAN_POINT('Ctrl Pts',(-16.2519984025549,18.6,-0.4));
#7543=CARTESIAN_POINT('',(-16.5612494995996,18.6,-1.));
#7544=CARTESIAN_POINT('',(-16.5612494995996,18.6,-0.875));
#7545=CARTESIAN_POINT('',(-16.3555441711726,18.6,-1.));
#7546=CARTESIAN_POINT('',(-15.,18.6,-1.));
#7547=CARTESIAN_POINT('',(-16.3555441711726,18.6,-3.45));
#7548=CARTESIAN_POINT('Origin',(-15.,18.25,-0.4));
#7549=CARTESIAN_POINT('Origin',(-15.,18.25,-0.4));
#7550=CARTESIAN_POINT('Origin',(-15.,18.25,-0.4));
#7551=CARTESIAN_POINT('Origin',(-15.,18.25,-0.4));
#7552=CARTESIAN_POINT('Origin',(-15.,18.25,-0.575));
#7553=CARTESIAN_POINT('Origin',(-15.,18.25,-0.75));
#7554=CARTESIAN_POINT('Origin',(-15.,18.25,-0.575));
#7555=CARTESIAN_POINT('Origin',(-15.,18.25,-0.75));
#7556=CARTESIAN_POINT('Origin',(-15.,18.25,-0.875));
#7557=CARTESIAN_POINT('Origin',(-15.,18.25,-1.));
#7558=CARTESIAN_POINT('Origin',(-15.,18.25,-0.875));
#7559=CARTESIAN_POINT('Origin',(-15.,18.25,-1.));
#7560=CARTESIAN_POINT('Origin',(-15.,18.25,-3.45));
#7561=CARTESIAN_POINT('Origin',(-15.,18.25,-5.1));
#7562=CARTESIAN_POINT('Origin',(-15.,18.25,-1.));
#7563=CARTESIAN_POINT('Origin',(-15.,18.25,-1.));
#7564=CARTESIAN_POINT('Origin',(-15.,18.25,-1.));
#7565=CARTESIAN_POINT('Origin',(-15.,18.25,-1.));
#7566=CARTESIAN_POINT('Origin',(-15.,18.25,-5.1));
#7567=CARTESIAN_POINT('Origin',(-15.,18.25,-5.1));
#7568=CARTESIAN_POINT('',(-17.2,18.25,-5.9));
#7569=CARTESIAN_POINT('Origin',(-17.2,18.25,-5.1));
#7570=CARTESIAN_POINT('Origin',(-15.,18.25,-5.9));
#7571=CARTESIAN_POINT('Origin',(-15.,18.25,-3.45));
#7572=CARTESIAN_POINT('Origin',(-15.,18.25,-5.9));
#7573=CARTESIAN_POINT('',(-17.4,18.25,-5.9));
#7574=CARTESIAN_POINT('Origin',(-15.,18.25,-5.9));
#7575=CARTESIAN_POINT('Origin',(15.,-10.25,-3.2));
#7576=CARTESIAN_POINT('',(12.6,-10.25,-2.7));
#7577=CARTESIAN_POINT('',(12.6,-10.25,-3.2));
#7578=CARTESIAN_POINT('Origin',(15.,-10.25,-2.7));
#7579=CARTESIAN_POINT('Origin',(-15.,-10.25,-3.2));
#7580=CARTESIAN_POINT('',(-17.4,-10.25,-2.7));
#7581=CARTESIAN_POINT('',(-17.4,-10.25,-3.2));
#7582=CARTESIAN_POINT('Origin',(-15.,-10.25,-2.7));
#7583=CARTESIAN_POINT('Origin',(15.,18.25,-4.3));
#7584=CARTESIAN_POINT('',(12.6,18.25,-2.7));
#7585=CARTESIAN_POINT('',(12.6,18.25,-4.3));
#7586=CARTESIAN_POINT('Origin',(15.,18.25,-2.7));
#7587=CARTESIAN_POINT('Origin',(-15.,18.25,-4.3));
#7588=CARTESIAN_POINT('',(-17.4,18.25,-2.7));
#7589=CARTESIAN_POINT('',(-17.4,18.25,-4.3));
#7590=CARTESIAN_POINT('Origin',(-15.,18.25,-2.7));
#7591=CARTESIAN_POINT('Origin',(15.,-10.25,-2.7));
#7592=CARTESIAN_POINT('',(17.95,-9.70456439426821,-2.7));
#7593=CARTESIAN_POINT('',(17.95,-10.7954356057318,-2.7));
#7594=CARTESIAN_POINT('',(17.95,-3.125,-2.7));
#7595=CARTESIAN_POINT('',(13.8010421191718,-13.,-2.7));
#7596=CARTESIAN_POINT('Origin',(15.,-10.25,-2.7));
#7597=CARTESIAN_POINT('',(16.1989578808282,-13.,-2.7));
#7598=CARTESIAN_POINT('',(7.5,-13.,-2.7));
#7599=CARTESIAN_POINT('Origin',(15.,-10.25,-2.7));
#7600=CARTESIAN_POINT('Origin',(15.,-10.25,-2.85));
#7601=CARTESIAN_POINT('',(17.95,-9.70456439426821,-3.));
#7602=CARTESIAN_POINT('',(17.95,-9.70456439426821,-2.85));
#7603=CARTESIAN_POINT('',(13.8010421191718,-13.,-3.));
#7604=CARTESIAN_POINT('Origin',(15.,-10.25,-3.));
#7605=CARTESIAN_POINT('',(13.8010421191718,-13.,-2.85));
#7606=CARTESIAN_POINT('Origin',(15.,-10.25,-2.85));
#7607=CARTESIAN_POINT('',(17.95,-10.7954356057318,-3.));
#7608=CARTESIAN_POINT('',(17.95,-10.7954356057318,-2.85));
#7609=CARTESIAN_POINT('',(16.1989578808282,-13.,-3.));
#7610=CARTESIAN_POINT('',(16.1989578808282,-13.,-2.85));
#7611=CARTESIAN_POINT('Origin',(15.,-10.25,-3.));
#7612=CARTESIAN_POINT('Origin',(0.,-13.,-5.1));
#7613=CARTESIAN_POINT('',(11.6943230647869,-13.,-3.));
#7614=CARTESIAN_POINT('',(7.5,-13.,-3.));
#7615=CARTESIAN_POINT('',(11.6943230647869,-13.,-6.8));
#7616=CARTESIAN_POINT('',(11.6943230647869,-13.,-5.5));
#7617=CARTESIAN_POINT('',(-11.6943230647869,-13.,-6.8));
#7618=CARTESIAN_POINT('',(0.,-13.,-6.8));
#7619=CARTESIAN_POINT('',(-11.6943230647869,-13.,-3.));
#7620=CARTESIAN_POINT('',(-11.6943230647869,-13.,-5.5));
#7621=CARTESIAN_POINT('',(-13.8010421191718,-13.,-3.));
#7622=CARTESIAN_POINT('',(-7.5,-13.,-3.));
#7623=CARTESIAN_POINT('',(-13.8010421191718,-13.,-2.7));
#7624=CARTESIAN_POINT('',(-13.8010421191718,-13.,-2.85));
#7625=CARTESIAN_POINT('',(-16.1989578808282,-13.,-2.7));
#7626=CARTESIAN_POINT('',(-7.5,-13.,-2.7));
#7627=CARTESIAN_POINT('',(-16.1989578808282,-13.,-3.));
#7628=CARTESIAN_POINT('',(-16.1989578808282,-13.,-2.85));
#7629=CARTESIAN_POINT('',(-17.95,-13.,-3.));
#7630=CARTESIAN_POINT('',(-7.5,-13.,-3.));
#7631=CARTESIAN_POINT('',(-17.95,-13.,-1.2));
#7632=CARTESIAN_POINT('',(-17.95,-13.,-5.1));
#7633=CARTESIAN_POINT('',(17.95,-13.,-1.2));
#7634=CARTESIAN_POINT('',(0.,-13.,-1.2));
#7635=CARTESIAN_POINT('',(17.95,-13.,-3.));
#7636=CARTESIAN_POINT('',(17.95,-13.,-5.1));
#7637=CARTESIAN_POINT('',(7.5,-13.,-3.));
#7638=CARTESIAN_POINT('Origin',(15.,-10.25,-3.));
#7639=CARTESIAN_POINT('',(17.95,-7.12150195780787,-3.));
#7640=CARTESIAN_POINT('',(17.95,-3.125,-3.));
#7641=CARTESIAN_POINT('Origin',(15.,-10.25,-3.));
#7642=CARTESIAN_POINT('Origin',(15.,-10.25,-3.));
#7643=CARTESIAN_POINT('',(17.95,-3.125,-3.));
#7644=CARTESIAN_POINT('Origin',(15.,-10.25,-5.5));
#7645=CARTESIAN_POINT('',(17.95,-7.12150195780787,-6.8));
#7646=CARTESIAN_POINT('',(17.95,-7.12150195780787,-5.5));
#7647=CARTESIAN_POINT('Origin',(15.,-10.25,-6.8));
#7648=CARTESIAN_POINT('Origin',(0.,3.75,-6.8));
#7649=CARTESIAN_POINT('',(17.95,15.1215019578079,-6.8));
#7650=CARTESIAN_POINT('',(17.95,3.875,-6.8));
#7651=CARTESIAN_POINT('',(11.3356446678849,20.5,-6.8));
#7652=CARTESIAN_POINT('Origin',(15.,18.25,-6.8));
#7653=CARTESIAN_POINT('',(5.6,20.5,-6.8));
#7654=CARTESIAN_POINT('',(0.,20.5,-6.8));
#7655=CARTESIAN_POINT('',(5.6,17.15,-6.8));
#7656=CARTESIAN_POINT('',(5.6,11.5,-6.8));
#7657=CARTESIAN_POINT('',(-5.6,17.15,-6.8));
#7658=CARTESIAN_POINT('',(0.,17.15,-6.8));
#7659=CARTESIAN_POINT('',(-5.6,20.5,-6.8));
#7660=CARTESIAN_POINT('',(-5.6,11.5,-6.8));
#7661=CARTESIAN_POINT('',(-11.3356446678849,20.5,-6.8));
#7662=CARTESIAN_POINT('',(0.,20.5,-6.8));
#7663=CARTESIAN_POINT('',(-17.95,15.1215019578079,-6.8));
#7664=CARTESIAN_POINT('Origin',(-15.,18.25,-6.8));
#7665=CARTESIAN_POINT('',(-17.95,-7.12150195780787,-6.8));
#7666=CARTESIAN_POINT('',(-17.95,3.875,-6.8));
#7667=CARTESIAN_POINT('Origin',(-15.,-10.25,-6.8));
#7668=CARTESIAN_POINT('Origin',(-15.,-10.25,-2.7));
#7669=CARTESIAN_POINT('',(-17.95,-10.7954356057318,-2.7));
#7670=CARTESIAN_POINT('',(-17.95,-9.70456439426821,-2.7));
#7671=CARTESIAN_POINT('',(-17.95,-3.125,-2.7));
#7672=CARTESIAN_POINT('Origin',(-15.,-10.25,-2.7));
#7673=CARTESIAN_POINT('Origin',(-15.,-10.25,-2.7));
#7674=CARTESIAN_POINT('Origin',(-15.,-10.25,-2.85));
#7675=CARTESIAN_POINT('',(-17.95,-10.7954356057318,-3.));
#7676=CARTESIAN_POINT('',(-17.95,-10.7954356057318,-2.85));
#7677=CARTESIAN_POINT('Origin',(-15.,-10.25,-3.));
#7678=CARTESIAN_POINT('Origin',(-15.,-10.25,-2.85));
#7679=CARTESIAN_POINT('',(-17.95,-9.70456439426821,-3.));
#7680=CARTESIAN_POINT('',(-17.95,-9.70456439426821,-2.85));
#7681=CARTESIAN_POINT('Origin',(-15.,-10.25,-3.));
#7682=CARTESIAN_POINT('Origin',(-15.,-10.25,-3.));
#7683=CARTESIAN_POINT('',(-17.95,-3.125,-3.));
#7684=CARTESIAN_POINT('Origin',(-15.,-10.25,-5.5));
#7685=CARTESIAN_POINT('',(-17.95,-7.12150195780787,-3.));
#7686=CARTESIAN_POINT('',(-17.95,-7.12150195780787,-5.5));
#7687=CARTESIAN_POINT('Origin',(-15.,-10.25,-3.));
#7688=CARTESIAN_POINT('Origin',(-15.,-10.25,-3.));
#7689=CARTESIAN_POINT('',(-17.95,-3.125,-3.));
#7690=CARTESIAN_POINT('Origin',(-17.95,4.,-5.1));
#7691=CARTESIAN_POINT('',(-17.95,15.1215019578079,-3.));
#7692=CARTESIAN_POINT('',(-17.95,15.1215019578079,-5.5));
#7693=CARTESIAN_POINT('',(-17.95,17.7045643942682,-3.));
#7694=CARTESIAN_POINT('',(-17.95,11.125,-3.));
#7695=CARTESIAN_POINT('',(-17.95,17.7045643942682,-2.7));
#7696=CARTESIAN_POINT('',(-17.95,17.7045643942682,-2.85));
#7697=CARTESIAN_POINT('',(-17.95,18.7,-2.7));
#7698=CARTESIAN_POINT('',(-17.95,11.125,-2.7));
#7699=CARTESIAN_POINT('',(-17.95,18.7,-1.2));
#7700=CARTESIAN_POINT('',(-17.95,18.7,-4.));
#7701=CARTESIAN_POINT('',(-17.95,4.,-1.2));
#7702=CARTESIAN_POINT('Origin',(15.,18.25,-2.85));
#7703=CARTESIAN_POINT('',(17.951987893147,18.7845722390037,-3.));
#7704=CARTESIAN_POINT('',(17.951987893147,18.7845722390037,-2.7));
#7705=CARTESIAN_POINT('',(17.951987893147,18.7845722390037,-2.85));
#7706=CARTESIAN_POINT('',(17.95,17.7045643942682,-3.));
#7707=CARTESIAN_POINT('Origin',(15.,18.25,-3.));
#7708=CARTESIAN_POINT('',(17.95,17.7045643942682,-2.7));
#7709=CARTESIAN_POINT('',(17.95,17.7045643942682,-2.85));
#7710=CARTESIAN_POINT('Origin',(15.,18.25,-2.7));
#7711=CARTESIAN_POINT('Origin',(15.,18.25,-2.7));
#7712=CARTESIAN_POINT('',(17.95,18.7,-2.7));
#7713=CARTESIAN_POINT('Origin',(19.75,18.7,-2.7));
#7714=CARTESIAN_POINT('',(17.95,11.125,-2.7));
#7715=CARTESIAN_POINT('Origin',(17.95,4.,-5.1));
#7716=CARTESIAN_POINT('',(17.95,18.7,-1.2));
#7717=CARTESIAN_POINT('',(17.95,4.,-1.2));
#7718=CARTESIAN_POINT('',(17.95,18.7,-4.));
#7719=CARTESIAN_POINT('',(17.95,15.1215019578079,-3.));
#7720=CARTESIAN_POINT('',(17.95,11.125,-3.));
#7721=CARTESIAN_POINT('',(17.95,15.1215019578079,-5.5));
#7722=CARTESIAN_POINT('Origin',(15.,18.25,-3.));
#7723=CARTESIAN_POINT('',(18.8133283015746,20.2370901500461,-3.));
#7724=CARTESIAN_POINT('Origin',(19.75,18.7,-3.));
#7725=CARTESIAN_POINT('Origin',(15.,18.25,-3.));
#7726=CARTESIAN_POINT('Origin',(15.,18.25,-5.5));
#7727=CARTESIAN_POINT('',(18.8133283015746,20.2370901500461,-8.));
#7728=CARTESIAN_POINT('',(18.8133283015746,20.2370901500461,-5.5));
#7729=CARTESIAN_POINT('',(11.3356446678849,20.5,-8.));
#7730=CARTESIAN_POINT('Origin',(15.,18.25,-8.));
#7731=CARTESIAN_POINT('',(11.3356446678849,20.5,-5.5));
#7732=CARTESIAN_POINT('Origin',(0.,20.5,-7.4));
#7733=CARTESIAN_POINT('',(5.6,20.5,-8.));
#7734=CARTESIAN_POINT('',(0.,20.5,-8.));
#7735=CARTESIAN_POINT('',(5.6,20.5,-6.25));
#7736=CARTESIAN_POINT('Origin',(0.,1.05,-8.));
#7737=CARTESIAN_POINT('',(21.0110551163189,17.4155779534725,-8.));
#7738=CARTESIAN_POINT('Origin',(19.75,18.7,-8.));
#7739=CARTESIAN_POINT('',(21.55,15.7,-8.));
#7740=CARTESIAN_POINT('Origin',(18.55,15.7,-8.));
#7741=CARTESIAN_POINT('',(21.55,3.3166247903554,-8.));
#7742=CARTESIAN_POINT('',(21.55,1.05,-8.));
#7743=CARTESIAN_POINT('',(23.3,3.75,-8.));
#7744=CARTESIAN_POINT('Origin',(23.3,0.,-8.));
#7745=CARTESIAN_POINT('',(23.8855897136278,3.75,-8.));
#7746=CARTESIAN_POINT('',(23.925,3.75,-8.));
#7747=CARTESIAN_POINT('',(23.8855897136278,-3.75,-8.));
#7748=CARTESIAN_POINT('Origin',(24.5,0.,-8.));
#7749=CARTESIAN_POINT('',(23.3,-3.75,-8.));
#7750=CARTESIAN_POINT('',(23.925,-3.75,-8.));
#7751=CARTESIAN_POINT('',(21.55,-3.3166247903554,-8.));
#7752=CARTESIAN_POINT('Origin',(23.3,0.,-8.));
#7753=CARTESIAN_POINT('',(21.55,-13.6,-8.));
#7754=CARTESIAN_POINT('',(21.55,1.05,-8.));
#7755=CARTESIAN_POINT('',(18.55,-16.6,-8.));
#7756=CARTESIAN_POINT('Origin',(18.55,-13.6,-8.));
#7757=CARTESIAN_POINT('',(-18.55,-16.6,-8.));
#7758=CARTESIAN_POINT('',(0.,-16.6,-8.));
#7759=CARTESIAN_POINT('',(-21.55,-13.6,-8.));
#7760=CARTESIAN_POINT('Origin',(-18.55,-13.6,-8.));
#7761=CARTESIAN_POINT('',(-21.55,-3.3166247903554,-8.));
#7762=CARTESIAN_POINT('',(-21.55,1.05,-8.));
#7763=CARTESIAN_POINT('',(-23.3,-3.75,-8.));
#7764=CARTESIAN_POINT('Origin',(-23.3,0.,-8.));
#7765=CARTESIAN_POINT('',(-23.8855897136278,-3.75,-8.));
#7766=CARTESIAN_POINT('',(-23.925,-3.75,-8.));
#7767=CARTESIAN_POINT('',(-23.8855897136278,3.75,-8.));
#7768=CARTESIAN_POINT('Origin',(-24.5,0.,-8.));
#7769=CARTESIAN_POINT('',(-23.3,3.75,-8.));
#7770=CARTESIAN_POINT('',(-23.925,3.75,-8.));
#7771=CARTESIAN_POINT('',(-21.55,3.3166247903554,-8.));
#7772=CARTESIAN_POINT('Origin',(-23.3,0.,-8.));
#7773=CARTESIAN_POINT('',(-21.55,15.7,-8.));
#7774=CARTESIAN_POINT('',(-21.55,1.05,-8.));
#7775=CARTESIAN_POINT('',(-21.0110551163189,17.4155779534725,-8.));
#7776=CARTESIAN_POINT('Origin',(-18.55,15.7,-8.));
#7777=CARTESIAN_POINT('',(-18.8133283015746,20.2370901500461,-8.));
#7778=CARTESIAN_POINT('Origin',(-19.75,18.7,-8.));
#7779=CARTESIAN_POINT('',(-11.3356446678849,20.5,-8.));
#7780=CARTESIAN_POINT('Origin',(-15.,18.25,-8.));
#7781=CARTESIAN_POINT('',(-5.6,20.5,-8.));
#7782=CARTESIAN_POINT('',(0.,20.5,-8.));
#7783=CARTESIAN_POINT('',(-5.6,17.15,-8.));
#7784=CARTESIAN_POINT('',(-5.6,10.15,-8.));
#7785=CARTESIAN_POINT('',(5.6,17.15,-8.));
#7786=CARTESIAN_POINT('',(0.,17.15,-8.));
#7787=CARTESIAN_POINT('',(5.6,10.15,-8.));
#7788=CARTESIAN_POINT('Origin',(-15.,18.25,-2.85));
#7789=CARTESIAN_POINT('',(-17.951987893147,18.7845722390037,-3.));
#7790=CARTESIAN_POINT('Origin',(-15.,18.25,-3.));
#7791=CARTESIAN_POINT('',(-17.951987893147,18.7845722390037,-2.7));
#7792=CARTESIAN_POINT('',(-17.951987893147,18.7845722390037,-2.85));
#7793=CARTESIAN_POINT('Origin',(-15.,18.25,-2.7));
#7794=CARTESIAN_POINT('Origin',(-15.,18.25,-2.7));
#7795=CARTESIAN_POINT('Origin',(-19.75,18.7,-2.7));
#7796=CARTESIAN_POINT('Origin',(-19.75,18.7,-4.));
#7797=CARTESIAN_POINT('',(-18.8133283015746,20.2370901500461,-3.));
#7798=CARTESIAN_POINT('Origin',(-19.75,18.7,-3.));
#7799=CARTESIAN_POINT('',(-18.8133283015746,20.2370901500461,-5.5));
#7800=CARTESIAN_POINT('',(-21.0110551163189,17.4155779534725,0.));
#7801=CARTESIAN_POINT('',(-21.0110551163189,17.4155779534725,-4.));
#7802=CARTESIAN_POINT('',(-18.55,20.0416407864999,0.));
#7803=CARTESIAN_POINT('Origin',(-19.75,18.7,0.));
#7804=CARTESIAN_POINT('',(-18.55,20.0416407864999,-1.2));
#7805=CARTESIAN_POINT('',(-18.55,20.0416407864999,-4.));
#7806=CARTESIAN_POINT('Origin',(-19.75,18.7,-1.2));
#7807=CARTESIAN_POINT('Origin',(-15.,18.25,-5.5));
#7808=CARTESIAN_POINT('',(-11.3356446678849,20.5,-5.5));
#7809=CARTESIAN_POINT('Origin',(-15.,18.25,-3.));
#7810=CARTESIAN_POINT('Origin',(-15.,18.25,-3.));
#7811=CARTESIAN_POINT('Origin',(-5.6,19.25,-5.1));
#7812=CARTESIAN_POINT('',(-5.6,17.15,-5.1));
#7813=CARTESIAN_POINT('',(-5.6,20.5,-6.25));
#7814=CARTESIAN_POINT('Origin',(0.,17.15,-5.1));
#7815=CARTESIAN_POINT('',(5.6,17.15,-5.1));
#7816=CARTESIAN_POINT('Origin',(5.6,19.25,-5.1));
#7817=CARTESIAN_POINT('Origin',(0.,20.5,-7.4));
#7818=CARTESIAN_POINT('Origin',(0.,4.,-1.2));
#7819=CARTESIAN_POINT('',(-18.55,-13.6,-1.2));
#7820=CARTESIAN_POINT('',(-18.55,4.,-1.2));
#7821=CARTESIAN_POINT('',(18.55,-13.6,-1.2));
#7822=CARTESIAN_POINT('',(0.,-13.6,-1.2));
#7823=CARTESIAN_POINT('',(18.55,20.0416407864999,-1.2));
#7824=CARTESIAN_POINT('',(18.55,4.,-1.2));
#7825=CARTESIAN_POINT('Origin',(19.75,18.7,-1.2));
#7826=CARTESIAN_POINT('Origin',(18.55,4.,-0.1));
#7827=CARTESIAN_POINT('',(18.55,20.0416407864999,0.));
#7828=CARTESIAN_POINT('',(18.55,20.0416407864999,-4.));
#7829=CARTESIAN_POINT('',(18.55,-13.6,0.));
#7830=CARTESIAN_POINT('',(18.55,-13.6,-0.1));
#7831=CARTESIAN_POINT('',(18.55,2.525,0.));
#7832=CARTESIAN_POINT('Origin',(0.,-13.6,-0.1));
#7833=CARTESIAN_POINT('',(-18.55,-13.6,0.));
#7834=CARTESIAN_POINT('',(0.,-13.6,0.));
#7835=CARTESIAN_POINT('',(-18.55,-13.6,-0.1));
#7836=CARTESIAN_POINT('Origin',(-18.55,4.,-0.1));
#7837=CARTESIAN_POINT('',(-18.55,2.525,0.));
#7838=CARTESIAN_POINT('Origin',(19.75,18.7,-4.));
#7839=CARTESIAN_POINT('',(21.0110551163189,17.4155779534725,0.));
#7840=CARTESIAN_POINT('Origin',(19.75,18.7,0.));
#7841=CARTESIAN_POINT('',(21.0110551163189,17.4155779534725,-4.));
#7842=CARTESIAN_POINT('Origin',(24.5,0.,-4.));
#7843=CARTESIAN_POINT('',(23.8855897136278,-3.75,0.));
#7844=CARTESIAN_POINT('',(23.8855897136278,3.75,0.));
#7845=CARTESIAN_POINT('Origin',(24.5,0.,0.));
#7846=CARTESIAN_POINT('',(23.8855897136278,-3.75,-4.));
#7847=CARTESIAN_POINT('',(23.8855897136278,3.75,-4.));
#7848=CARTESIAN_POINT('Origin',(23.925,-3.75,-4.));
#7849=CARTESIAN_POINT('',(23.3,-3.75,0.));
#7850=CARTESIAN_POINT('',(23.925,-3.75,0.));
#7851=CARTESIAN_POINT('',(23.3,-3.75,-4.));
#7852=CARTESIAN_POINT('Origin',(0.,1.05,0.));
#7853=CARTESIAN_POINT('',(-21.55,15.7,0.));
#7854=CARTESIAN_POINT('Origin',(-18.55,15.7,0.));
#7855=CARTESIAN_POINT('',(-21.55,3.3166247903554,0.));
#7856=CARTESIAN_POINT('',(-21.55,1.05,0.));
#7857=CARTESIAN_POINT('',(-23.3,3.75,0.));
#7858=CARTESIAN_POINT('Origin',(-23.3,0.,0.));
#7859=CARTESIAN_POINT('',(-23.8855897136278,3.75,0.));
#7860=CARTESIAN_POINT('',(-23.925,3.75,0.));
#7861=CARTESIAN_POINT('',(-23.8855897136278,-3.75,0.));
#7862=CARTESIAN_POINT('Origin',(-24.5,0.,0.));
#7863=CARTESIAN_POINT('',(-23.3,-3.75,0.));
#7864=CARTESIAN_POINT('',(-23.925,-3.75,0.));
#7865=CARTESIAN_POINT('',(-21.55,-3.3166247903554,0.));
#7866=CARTESIAN_POINT('Origin',(-23.3,0.,0.));
#7867=CARTESIAN_POINT('',(-21.55,-13.6,0.));
#7868=CARTESIAN_POINT('',(-21.55,1.05,0.));
#7869=CARTESIAN_POINT('',(-18.55,-16.6,0.));
#7870=CARTESIAN_POINT('Origin',(-18.55,-13.6,0.));
#7871=CARTESIAN_POINT('',(18.55,-16.6,0.));
#7872=CARTESIAN_POINT('',(0.,-16.6,0.));
#7873=CARTESIAN_POINT('',(21.55,-13.6,0.));
#7874=CARTESIAN_POINT('Origin',(18.55,-13.6,0.));
#7875=CARTESIAN_POINT('',(21.55,-3.3166247903554,0.));
#7876=CARTESIAN_POINT('',(21.55,1.05,0.));
#7877=CARTESIAN_POINT('Origin',(23.3,0.,0.));
#7878=CARTESIAN_POINT('',(23.3,3.75,0.));
#7879=CARTESIAN_POINT('',(23.925,3.75,0.));
#7880=CARTESIAN_POINT('',(21.55,3.3166247903554,0.));
#7881=CARTESIAN_POINT('Origin',(23.3,0.,0.));
#7882=CARTESIAN_POINT('',(21.55,15.7,0.));
#7883=CARTESIAN_POINT('',(21.55,1.05,0.));
#7884=CARTESIAN_POINT('Origin',(18.55,15.7,0.));
#7885=CARTESIAN_POINT('Origin',(23.3,0.,-4.));
#7886=CARTESIAN_POINT('',(21.55,-3.3166247903554,-4.));
#7887=CARTESIAN_POINT('Origin',(23.3,0.,-4.));
#7888=CARTESIAN_POINT('',(21.55,3.3166247903554,-4.));
#7889=CARTESIAN_POINT('',(23.3,3.75,-4.));
#7890=CARTESIAN_POINT('Origin',(23.925,3.75,-4.));
#7891=CARTESIAN_POINT('Origin',(21.55,1.05,-4.));
#7892=CARTESIAN_POINT('',(21.55,-13.6,-4.));
#7893=CARTESIAN_POINT('Origin',(-24.5,0.,-4.));
#7894=CARTESIAN_POINT('',(-23.8855897136278,3.75,-4.));
#7895=CARTESIAN_POINT('',(-23.8855897136278,-3.75,-4.));
#7896=CARTESIAN_POINT('Origin',(-23.925,-3.75,-4.));
#7897=CARTESIAN_POINT('',(-23.3,-3.75,-4.));
#7898=CARTESIAN_POINT('Origin',(-23.3,0.,-4.));
#7899=CARTESIAN_POINT('',(-21.55,-3.3166247903554,-4.));
#7900=CARTESIAN_POINT('Origin',(-23.3,0.,-4.));
#7901=CARTESIAN_POINT('',(-21.55,3.3166247903554,-4.));
#7902=CARTESIAN_POINT('',(-23.3,3.75,-4.));
#7903=CARTESIAN_POINT('Origin',(-23.925,3.75,-4.));
#7904=CARTESIAN_POINT('Origin',(-21.55,1.05,-4.));
#7905=CARTESIAN_POINT('',(-21.55,-13.6,-4.));
#7906=CARTESIAN_POINT('Origin',(18.55,15.7,-4.));
#7907=CARTESIAN_POINT('',(21.55,15.7,-4.));
#7908=CARTESIAN_POINT('Origin',(18.55,-13.6,-4.));
#7909=CARTESIAN_POINT('',(18.55,-16.6,-4.));
#7910=CARTESIAN_POINT('Origin',(-18.55,15.7,-4.));
#7911=CARTESIAN_POINT('',(-21.55,15.7,-4.));
#7912=CARTESIAN_POINT('Origin',(-18.55,-13.6,-4.));
#7913=CARTESIAN_POINT('',(-18.55,-16.6,-4.));
#7914=CARTESIAN_POINT('Origin',(-21.55,1.05,-4.));
#7915=CARTESIAN_POINT('Origin',(21.55,1.05,-4.));
#7916=CARTESIAN_POINT('Origin',(0.,-16.6,-4.));
#7917=CARTESIAN_POINT('',(0.,0.,0.));
#7918=CARTESIAN_POINT('Origin',(-22.8545517328096,0.95,-7.));
#7919=CARTESIAN_POINT('',(-22.3060689770794,-8.32667268468867E-16,-2.));
#7920=CARTESIAN_POINT('',(-22.3060689770794,-8.32667268468867E-16,-12.));
#7921=CARTESIAN_POINT('',(-22.3060689770794,-1.83880688453542E-15,-7.));
#7922=CARTESIAN_POINT('',(-23.4030344885397,1.9,-12.));
#7923=CARTESIAN_POINT('',(-22.8545517328096,0.95,-12.));
#7924=CARTESIAN_POINT('',(-23.4030344885397,1.9,-2.));
#7925=CARTESIAN_POINT('',(-23.4030344885397,1.9,-7.));
#7926=CARTESIAN_POINT('',(-22.8545517328096,0.95,-2.));
#7927=CARTESIAN_POINT('Origin',(-26.1454482671904,-0.95,-7.));
#7928=CARTESIAN_POINT('',(-25.5969655114603,-1.9,-12.));
#7929=CARTESIAN_POINT('',(-25.5969655114603,-1.9,-2.));
#7930=CARTESIAN_POINT('',(-25.5969655114603,-1.9,-7.));
#7931=CARTESIAN_POINT('',(-26.6939310229206,8.32667268468867E-16,-2.));
#7932=CARTESIAN_POINT('',(-26.1454482671904,-0.95,-2.));
#7933=CARTESIAN_POINT('',(-26.6939310229206,8.32667268468867E-16,-12.));
#7934=CARTESIAN_POINT('',(-26.6939310229206,1.83880688453542E-15,-7.));
#7935=CARTESIAN_POINT('',(-26.1454482671904,-0.95,-12.));
#7936=CARTESIAN_POINT('Origin',(-24.5,1.9,-7.));
#7937=CARTESIAN_POINT('',(-25.5969655114603,1.9,-12.));
#7938=CARTESIAN_POINT('',(-24.5,1.9,-12.));
#7939=CARTESIAN_POINT('',(-25.5969655114603,1.9,-2.));
#7940=CARTESIAN_POINT('',(-25.5969655114603,1.9,-7.));
#7941=CARTESIAN_POINT('',(-24.5,1.9,-2.));
#7942=CARTESIAN_POINT('Origin',(-24.5,-1.9,-7.));
#7943=CARTESIAN_POINT('',(-23.4030344885397,-1.9,-12.));
#7944=CARTESIAN_POINT('',(-24.5,-1.9,-12.));
#7945=CARTESIAN_POINT('',(-23.4030344885397,-1.9,-2.));
#7946=CARTESIAN_POINT('',(-23.4030344885397,-1.9,-7.));
#7947=CARTESIAN_POINT('',(-24.5,-1.9,-2.));
#7948=CARTESIAN_POINT('Origin',(-24.5,0.,-2.));
#7949=CARTESIAN_POINT('',(-26.1454482671904,0.95,-2.));
#7950=CARTESIAN_POINT('',(-22.8545517328096,-0.95,-2.));
#7951=CARTESIAN_POINT('Origin',(-22.8545517328096,-0.95,-7.));
#7952=CARTESIAN_POINT('',(-22.8545517328096,-0.95,-12.));
#7953=CARTESIAN_POINT('Origin',(-26.1454482671904,0.95,-7.));
#7954=CARTESIAN_POINT('',(-26.1454482671904,0.95,-12.));
#7955=CARTESIAN_POINT('Origin',(-24.5,0.,-12.));
#7956=CARTESIAN_POINT('Origin',(26.1454482671904,0.95,-7.));
#7957=CARTESIAN_POINT('',(26.6939310229206,-8.32667268468867E-16,-2.));
#7958=CARTESIAN_POINT('',(26.6939310229206,-8.32667268468867E-16,-12.));
#7959=CARTESIAN_POINT('',(26.6939310229206,-1.83880688453542E-15,-7.));
#7960=CARTESIAN_POINT('',(25.5969655114603,1.9,-12.));
#7961=CARTESIAN_POINT('',(26.1454482671904,0.95,-12.));
#7962=CARTESIAN_POINT('',(25.5969655114603,1.9,-2.));
#7963=CARTESIAN_POINT('',(25.5969655114603,1.9,-7.));
#7964=CARTESIAN_POINT('',(26.1454482671904,0.95,-2.));
#7965=CARTESIAN_POINT('Origin',(22.8545517328096,-0.95,-7.));
#7966=CARTESIAN_POINT('',(23.4030344885397,-1.9,-12.));
#7967=CARTESIAN_POINT('',(23.4030344885397,-1.9,-2.));
#7968=CARTESIAN_POINT('',(23.4030344885397,-1.9,-7.));
#7969=CARTESIAN_POINT('',(22.3060689770794,8.32667268468867E-16,-2.));
#7970=CARTESIAN_POINT('',(22.8545517328096,-0.95,-2.));
#7971=CARTESIAN_POINT('',(22.3060689770794,8.32667268468867E-16,-12.));
#7972=CARTESIAN_POINT('',(22.3060689770794,1.83880688453542E-15,-7.));
#7973=CARTESIAN_POINT('',(22.8545517328096,-0.95,-12.));
#7974=CARTESIAN_POINT('Origin',(24.5,1.9,-7.));
#7975=CARTESIAN_POINT('',(23.4030344885397,1.9,-12.));
#7976=CARTESIAN_POINT('',(24.5,1.9,-12.));
#7977=CARTESIAN_POINT('',(23.4030344885397,1.9,-2.));
#7978=CARTESIAN_POINT('',(23.4030344885397,1.9,-7.));
#7979=CARTESIAN_POINT('',(24.5,1.9,-2.));
#7980=CARTESIAN_POINT('Origin',(24.5,-1.9,-7.));
#7981=CARTESIAN_POINT('',(25.5969655114603,-1.9,-12.));
#7982=CARTESIAN_POINT('',(24.5,-1.9,-12.));
#7983=CARTESIAN_POINT('',(25.5969655114603,-1.9,-2.));
#7984=CARTESIAN_POINT('',(25.5969655114603,-1.9,-7.));
#7985=CARTESIAN_POINT('',(24.5,-1.9,-2.));
#7986=CARTESIAN_POINT('Origin',(24.5,0.,-2.));
#7987=CARTESIAN_POINT('',(22.8545517328096,0.95,-2.));
#7988=CARTESIAN_POINT('',(26.1454482671904,-0.95,-2.));
#7989=CARTESIAN_POINT('Origin',(26.1454482671904,-0.95,-7.));
#7990=CARTESIAN_POINT('',(26.1454482671904,-0.95,-12.));
#7991=CARTESIAN_POINT('Origin',(22.8545517328096,0.95,-7.));
#7992=CARTESIAN_POINT('',(22.8545517328096,0.95,-12.));
#7993=CARTESIAN_POINT('Origin',(24.5,0.,-12.));
#7994=CARTESIAN_POINT('Origin',(-24.5,0.,-4.5));
#7995=CARTESIAN_POINT('',(-25.7,-1.46957615897682E-16,3.));
#7996=CARTESIAN_POINT('Origin',(-24.5,0.,3.));
#7997=CARTESIAN_POINT('',(-25.7,-1.46957615897682E-16,-12.));
#7998=CARTESIAN_POINT('',(-25.7,-1.46957615897682E-16,-4.5));
#7999=CARTESIAN_POINT('Origin',(-24.5,0.,-12.));
#8000=CARTESIAN_POINT('Origin',(-24.5,0.,-12.));
#8001=CARTESIAN_POINT('Origin',(-24.5,0.,3.));
#8002=CARTESIAN_POINT('Origin',(24.5,0.,-4.5));
#8003=CARTESIAN_POINT('',(23.3,-1.46957615897682E-16,3.));
#8004=CARTESIAN_POINT('Origin',(24.5,0.,3.));
#8005=CARTESIAN_POINT('',(23.3,-1.46957615897682E-16,-12.));
#8006=CARTESIAN_POINT('',(23.3,-1.46957615897682E-16,-4.5));
#8007=CARTESIAN_POINT('Origin',(24.5,0.,-12.));
#8008=CARTESIAN_POINT('Origin',(24.5,0.,-12.));
#8009=CARTESIAN_POINT('Origin',(24.5,0.,3.));
#8010=CARTESIAN_POINT('',(0.,0.,0.));
#8011=CARTESIAN_POINT('Origin',(18.,8.15,3.8));
#8012=CARTESIAN_POINT('',(19.6,8.15,4.2));
#8013=CARTESIAN_POINT('',(20.,8.15,3.8));
#8014=CARTESIAN_POINT('Origin',(19.6,8.15,3.8));
#8015=CARTESIAN_POINT('',(18.,10.15,3.8));
#8016=CARTESIAN_POINT('Origin',(18.,8.15,3.8));
#8017=CARTESIAN_POINT('',(18.,9.75,4.2));
#8018=CARTESIAN_POINT('Origin',(18.,9.75,3.8));
#8019=CARTESIAN_POINT('Origin',(18.,8.15,4.2));
#8020=CARTESIAN_POINT('Origin',(0.,9.75,3.8));
#8021=CARTESIAN_POINT('',(-18.,10.15,3.8));
#8022=CARTESIAN_POINT('',(-18.,9.75,4.2));
#8023=CARTESIAN_POINT('Origin',(-18.,9.75,3.8));
#8024=CARTESIAN_POINT('',(0.,9.75,4.2));
#8025=CARTESIAN_POINT('',(0.,10.15,3.8));
#8026=CARTESIAN_POINT('Origin',(-18.,8.15,3.8));
#8027=CARTESIAN_POINT('',(-20.,8.15,3.8));
#8028=CARTESIAN_POINT('',(-19.6,8.15,4.2));
#8029=CARTESIAN_POINT('Origin',(-19.6,8.15,3.8));
#8030=CARTESIAN_POINT('Origin',(-18.,8.15,4.2));
#8031=CARTESIAN_POINT('Origin',(-18.,8.15,3.8));
#8032=CARTESIAN_POINT('Origin',(-19.6,0.,3.8));
#8033=CARTESIAN_POINT('',(-20.,-8.15,3.8));
#8034=CARTESIAN_POINT('',(-19.6,-8.15,4.2));
#8035=CARTESIAN_POINT('Origin',(-19.6,-8.15,3.8));
#8036=CARTESIAN_POINT('',(-19.6,0.,4.2));
#8037=CARTESIAN_POINT('',(-20.,0.,3.8));
#8038=CARTESIAN_POINT('Origin',(-18.,-8.15,3.8));
#8039=CARTESIAN_POINT('',(-18.,-10.15,3.8));
#8040=CARTESIAN_POINT('',(-18.,-9.75,4.2));
#8041=CARTESIAN_POINT('Origin',(-18.,-9.75,3.8));
#8042=CARTESIAN_POINT('Origin',(-18.,-8.15,4.2));
#8043=CARTESIAN_POINT('Origin',(-18.,-8.15,3.8));
#8044=CARTESIAN_POINT('Origin',(0.,-9.75,3.8));
#8045=CARTESIAN_POINT('',(18.,-10.15,3.8));
#8046=CARTESIAN_POINT('',(18.,-9.75,4.2));
#8047=CARTESIAN_POINT('Origin',(18.,-9.75,3.8));
#8048=CARTESIAN_POINT('',(0.,-9.75,4.2));
#8049=CARTESIAN_POINT('',(0.,-10.15,3.8));
#8050=CARTESIAN_POINT('Origin',(18.,-8.15,3.8));
#8051=CARTESIAN_POINT('',(20.,-8.15,3.8));
#8052=CARTESIAN_POINT('',(19.6,-8.15,4.2));
#8053=CARTESIAN_POINT('Origin',(19.6,-8.15,3.8));
#8054=CARTESIAN_POINT('Origin',(18.,-8.15,4.2));
#8055=CARTESIAN_POINT('Origin',(18.,-8.15,3.8));
#8056=CARTESIAN_POINT('Origin',(19.6,0.,3.8));
#8057=CARTESIAN_POINT('',(19.6,0.,4.2));
#8058=CARTESIAN_POINT('',(20.,0.,3.8));
#8059=CARTESIAN_POINT('Origin',(-20.,0.,3.6));
#8060=CARTESIAN_POINT('',(-20.,8.15,3.));
#8061=CARTESIAN_POINT('',(-20.,8.15,3.6));
#8062=CARTESIAN_POINT('',(-20.,-8.15,3.));
#8063=CARTESIAN_POINT('',(-20.,0.,3.));
#8064=CARTESIAN_POINT('',(-20.,-8.15,3.6));
#8065=CARTESIAN_POINT('Origin',(-18.,8.15,3.6));
#8066=CARTESIAN_POINT('',(-18.,10.15,3.));
#8067=CARTESIAN_POINT('',(-18.,10.15,3.6));
#8068=CARTESIAN_POINT('Origin',(-18.,8.15,3.));
#8069=CARTESIAN_POINT('Origin',(0.,10.15,3.6));
#8070=CARTESIAN_POINT('',(18.,10.15,3.));
#8071=CARTESIAN_POINT('',(18.,10.15,3.6));
#8072=CARTESIAN_POINT('',(0.,10.15,3.));
#8073=CARTESIAN_POINT('Origin',(18.,8.15,3.6));
#8074=CARTESIAN_POINT('',(20.,8.15,3.));
#8075=CARTESIAN_POINT('',(20.,8.15,3.6));
#8076=CARTESIAN_POINT('Origin',(18.,8.15,3.));
#8077=CARTESIAN_POINT('Origin',(0.,0.,4.2));
#8078=CARTESIAN_POINT('',(15.6,6.65,4.2));
#8079=CARTESIAN_POINT('',(14.4,7.85,4.2));
#8080=CARTESIAN_POINT('Origin',(14.4,6.65,4.2));
#8081=CARTESIAN_POINT('',(15.6,-6.65,4.2));
#8082=CARTESIAN_POINT('',(15.6,0.,4.2));
#8083=CARTESIAN_POINT('',(14.4,-7.85,4.2));
#8084=CARTESIAN_POINT('Origin',(14.4,-6.65,4.2));
#8085=CARTESIAN_POINT('',(-14.4,-7.85,4.2));
#8086=CARTESIAN_POINT('',(0.,-7.85,4.2));
#8087=CARTESIAN_POINT('',(-15.6,-6.65,4.2));
#8088=CARTESIAN_POINT('Origin',(-14.4,-6.65,4.2));
#8089=CARTESIAN_POINT('',(-15.6,6.65,4.2));
#8090=CARTESIAN_POINT('',(-15.6,0.,4.2));
#8091=CARTESIAN_POINT('',(-14.4,7.85,4.2));
#8092=CARTESIAN_POINT('Origin',(-14.4,6.65,4.2));
#8093=CARTESIAN_POINT('',(0.,7.85,4.2));
#8094=CARTESIAN_POINT('Origin',(14.4,6.65,3.8));
#8095=CARTESIAN_POINT('',(14.4,7.45,3.8));
#8096=CARTESIAN_POINT('Origin',(14.4,7.85,3.8));
#8097=CARTESIAN_POINT('',(15.2,6.65,3.8));
#8098=CARTESIAN_POINT('Origin',(14.4,6.65,3.8));
#8099=CARTESIAN_POINT('Origin',(15.6,6.65,3.8));
#8100=CARTESIAN_POINT('Origin',(15.6,0.,3.8));
#8101=CARTESIAN_POINT('',(15.2,-6.65,3.8));
#8102=CARTESIAN_POINT('Origin',(15.6,-6.65,3.8));
#8103=CARTESIAN_POINT('',(15.2,0.,3.8));
#8104=CARTESIAN_POINT('Origin',(14.4,-6.65,3.8));
#8105=CARTESIAN_POINT('',(14.4,-7.45,3.8));
#8106=CARTESIAN_POINT('Origin',(14.4,-7.85,3.8));
#8107=CARTESIAN_POINT('Origin',(14.4,-6.65,3.8));
#8108=CARTESIAN_POINT('Origin',(0.,-7.85,3.8));
#8109=CARTESIAN_POINT('',(-14.4,-7.45,3.8));
#8110=CARTESIAN_POINT('Origin',(-14.4,-7.85,3.8));
#8111=CARTESIAN_POINT('',(0.,-7.45,3.8));
#8112=CARTESIAN_POINT('Origin',(-14.4,-6.65,3.8));
#8113=CARTESIAN_POINT('',(-15.2,-6.65,3.8));
#8114=CARTESIAN_POINT('Origin',(-15.6,-6.65,3.8));
#8115=CARTESIAN_POINT('Origin',(-14.4,-6.65,3.8));
#8116=CARTESIAN_POINT('Origin',(-15.6,0.,3.8));
#8117=CARTESIAN_POINT('',(-15.2,6.65,3.8));
#8118=CARTESIAN_POINT('Origin',(-15.6,6.65,3.8));
#8119=CARTESIAN_POINT('',(-15.2,0.,3.8));
#8120=CARTESIAN_POINT('Origin',(-14.4,6.65,3.8));
#8121=CARTESIAN_POINT('',(-14.4,7.45,3.8));
#8122=CARTESIAN_POINT('Origin',(-14.4,7.85,3.8));
#8123=CARTESIAN_POINT('Origin',(-14.4,6.65,3.8));
#8124=CARTESIAN_POINT('Origin',(0.,7.85,3.8));
#8125=CARTESIAN_POINT('',(0.,7.45,3.8));
#8126=CARTESIAN_POINT('Origin',(0.,-7.45,2.1));
#8127=CARTESIAN_POINT('',(14.4,-7.45,3.));
#8128=CARTESIAN_POINT('',(14.4,-7.45,2.1));
#8129=CARTESIAN_POINT('',(-14.4,-7.45,3.));
#8130=CARTESIAN_POINT('',(0.,-7.45,3.));
#8131=CARTESIAN_POINT('',(-14.4,-7.45,2.1));
#8132=CARTESIAN_POINT('Origin',(14.4,-6.65,2.1));
#8133=CARTESIAN_POINT('',(15.2,-6.65,3.));
#8134=CARTESIAN_POINT('',(15.2,-6.65,2.1));
#8135=CARTESIAN_POINT('Origin',(14.4,-6.65,3.));
#8136=CARTESIAN_POINT('Origin',(15.2,0.,2.1));
#8137=CARTESIAN_POINT('',(15.2,6.65,3.));
#8138=CARTESIAN_POINT('',(15.2,6.65,2.1));
#8139=CARTESIAN_POINT('',(15.2,0.,3.));
#8140=CARTESIAN_POINT('Origin',(14.4,6.65,2.1));
#8141=CARTESIAN_POINT('',(14.4,7.45,3.));
#8142=CARTESIAN_POINT('',(14.4,7.45,2.1));
#8143=CARTESIAN_POINT('Origin',(14.4,6.65,3.));
#8144=CARTESIAN_POINT('Origin',(0.,9.85,3.1495));
#8145=CARTESIAN_POINT('',(12.,9.85,3.));
#8146=CARTESIAN_POINT('',(-12.,9.85,3.));
#8147=CARTESIAN_POINT('',(0.,9.85,3.));
#8148=CARTESIAN_POINT('',(12.,9.85,3.3));
#8149=CARTESIAN_POINT('',(12.,9.85,3.1495));
#8150=CARTESIAN_POINT('',(-12.,9.85,3.3));
#8151=CARTESIAN_POINT('',(0.,9.85,3.3));
#8152=CARTESIAN_POINT('',(-12.,9.85,3.1495));
#8153=CARTESIAN_POINT('Origin',(-12.,8.85,3.1495));
#8154=CARTESIAN_POINT('',(-12.,7.85,3.));
#8155=CARTESIAN_POINT('',(-12.,4.425,3.));
#8156=CARTESIAN_POINT('',(-12.,7.85,3.3));
#8157=CARTESIAN_POINT('',(-12.,8.85,3.3));
#8158=CARTESIAN_POINT('',(-12.,7.85,3.1495));
#8159=CARTESIAN_POINT('Origin',(0.,8.85,3.3));
#8160=CARTESIAN_POINT('',(12.,7.85,3.3));
#8161=CARTESIAN_POINT('',(12.,8.85,3.3));
#8162=CARTESIAN_POINT('',(0.,7.85,3.3));
#8163=CARTESIAN_POINT('Origin',(0.,7.85,3.1495));
#8164=CARTESIAN_POINT('',(12.,7.85,3.));
#8165=CARTESIAN_POINT('',(0.,7.85,3.));
#8166=CARTESIAN_POINT('',(12.,7.85,3.1495));
#8167=CARTESIAN_POINT('Origin',(12.,8.85,3.1495));
#8168=CARTESIAN_POINT('',(12.,4.425,3.));
#8169=CARTESIAN_POINT('Origin',(0.,-7.85,3.1495));
#8170=CARTESIAN_POINT('',(12.,-7.85,3.));
#8171=CARTESIAN_POINT('',(-12.,-7.85,3.));
#8172=CARTESIAN_POINT('',(0.,-7.85,3.));
#8173=CARTESIAN_POINT('',(12.,-7.85,3.3));
#8174=CARTESIAN_POINT('',(12.,-7.85,3.1495));
#8175=CARTESIAN_POINT('',(-12.,-7.85,3.3));
#8176=CARTESIAN_POINT('',(0.,-7.85,3.3));
#8177=CARTESIAN_POINT('',(-12.,-7.85,3.1495));
#8178=CARTESIAN_POINT('Origin',(-12.,-8.85,3.1495));
#8179=CARTESIAN_POINT('',(-12.,-9.85,3.));
#8180=CARTESIAN_POINT('',(-12.,-4.425,3.));
#8181=CARTESIAN_POINT('',(-12.,-9.85,3.3));
#8182=CARTESIAN_POINT('',(-12.,-8.85,3.3));
#8183=CARTESIAN_POINT('',(-12.,-9.85,3.1495));
#8184=CARTESIAN_POINT('Origin',(0.,-8.85,3.3));
#8185=CARTESIAN_POINT('',(12.,-9.85,3.3));
#8186=CARTESIAN_POINT('',(12.,-8.85,3.3));
#8187=CARTESIAN_POINT('',(0.,-9.85,3.3));
#8188=CARTESIAN_POINT('Origin',(0.,-9.85,3.1495));
#8189=CARTESIAN_POINT('',(12.,-9.85,3.));
#8190=CARTESIAN_POINT('',(0.,-9.85,3.));
#8191=CARTESIAN_POINT('',(12.,-9.85,3.1495));
#8192=CARTESIAN_POINT('Origin',(12.,-8.85,3.1495));
#8193=CARTESIAN_POINT('',(12.,-4.425,3.));
#8194=CARTESIAN_POINT('Origin',(16.85,3.4,1.6));
#8195=CARTESIAN_POINT('',(17.45,3.4,3.));
#8196=CARTESIAN_POINT('',(17.45,3.4,0.2));
#8197=CARTESIAN_POINT('',(17.45,3.4,1.6));
#8198=CARTESIAN_POINT('',(16.85,4.,0.2));
#8199=CARTESIAN_POINT('Origin',(16.85,3.4,0.2));
#8200=CARTESIAN_POINT('',(16.85,4.,3.));
#8201=CARTESIAN_POINT('',(16.85,4.,1.6));
#8202=CARTESIAN_POINT('Origin',(16.85,3.4,3.));
#8203=CARTESIAN_POINT('Origin',(16.85,-3.4,1.6));
#8204=CARTESIAN_POINT('',(16.85,-4.,3.));
#8205=CARTESIAN_POINT('',(16.85,-4.,0.2));
#8206=CARTESIAN_POINT('',(16.85,-4.,1.6));
#8207=CARTESIAN_POINT('',(17.45,-3.4,0.2));
#8208=CARTESIAN_POINT('Origin',(16.85,-3.4,0.2));
#8209=CARTESIAN_POINT('',(17.45,-3.4,3.));
#8210=CARTESIAN_POINT('',(17.45,-3.4,1.6));
#8211=CARTESIAN_POINT('Origin',(16.85,-3.4,3.));
#8212=CARTESIAN_POINT('Origin',(15.9,3.4,1.6));
#8213=CARTESIAN_POINT('',(15.3,3.4,3.));
#8214=CARTESIAN_POINT('',(15.3,3.4,0.2));
#8215=CARTESIAN_POINT('',(15.3,3.4,1.6));
#8216=CARTESIAN_POINT('',(15.9,4.,3.));
#8217=CARTESIAN_POINT('Origin',(15.9,3.4,3.));
#8218=CARTESIAN_POINT('',(15.9,4.,0.2));
#8219=CARTESIAN_POINT('',(15.9,4.,1.6));
#8220=CARTESIAN_POINT('Origin',(15.9,3.4,0.2));
#8221=CARTESIAN_POINT('Origin',(16.375,0.,0.2));
#8222=CARTESIAN_POINT('',(17.45,0.,0.2));
#8223=CARTESIAN_POINT('',(15.9,-4.,0.2));
#8224=CARTESIAN_POINT('',(16.375,-4.,0.2));
#8225=CARTESIAN_POINT('',(15.3,-3.4,0.2));
#8226=CARTESIAN_POINT('Origin',(15.9,-3.4,0.2));
#8227=CARTESIAN_POINT('',(15.3,0.,0.2));
#8228=CARTESIAN_POINT('',(16.375,4.,0.2));
#8229=CARTESIAN_POINT('Origin',(15.9,-3.4,1.6));
#8230=CARTESIAN_POINT('',(15.9,-4.,3.));
#8231=CARTESIAN_POINT('',(15.9,-4.,1.6));
#8232=CARTESIAN_POINT('',(15.3,-3.4,3.));
#8233=CARTESIAN_POINT('Origin',(15.9,-3.4,3.));
#8234=CARTESIAN_POINT('',(15.3,-3.4,1.6));
#8235=CARTESIAN_POINT('Origin',(15.3,0.,1.6));
#8236=CARTESIAN_POINT('',(15.3,0.,3.));
#8237=CARTESIAN_POINT('Origin',(17.45,0.,1.6));
#8238=CARTESIAN_POINT('',(17.45,0.,3.));
#8239=CARTESIAN_POINT('Origin',(16.375,-4.,1.6));
#8240=CARTESIAN_POINT('',(8.1875,-4.,3.));
#8241=CARTESIAN_POINT('Origin',(16.375,4.,1.6));
#8242=CARTESIAN_POINT('',(8.1875,4.,3.));
#8243=CARTESIAN_POINT('Origin',(-15.9,3.4,1.6));
#8244=CARTESIAN_POINT('',(-15.3,3.4,3.));
#8245=CARTESIAN_POINT('',(-15.3,3.4,0.2));
#8246=CARTESIAN_POINT('',(-15.3,3.4,1.6));
#8247=CARTESIAN_POINT('',(-15.9,4.,0.2));
#8248=CARTESIAN_POINT('Origin',(-15.9,3.4,0.2));
#8249=CARTESIAN_POINT('',(-15.9,4.,3.));
#8250=CARTESIAN_POINT('',(-15.9,4.,1.6));
#8251=CARTESIAN_POINT('Origin',(-15.9,3.4,3.));
#8252=CARTESIAN_POINT('Origin',(-15.9,-3.4,1.6));
#8253=CARTESIAN_POINT('',(-15.9,-4.,3.));
#8254=CARTESIAN_POINT('',(-15.9,-4.,0.2));
#8255=CARTESIAN_POINT('',(-15.9,-4.,1.6));
#8256=CARTESIAN_POINT('',(-15.3,-3.4,0.2));
#8257=CARTESIAN_POINT('Origin',(-15.9,-3.4,0.2));
#8258=CARTESIAN_POINT('',(-15.3,-3.4,3.));
#8259=CARTESIAN_POINT('',(-15.3,-3.4,1.6));
#8260=CARTESIAN_POINT('Origin',(-15.9,-3.4,3.));
#8261=CARTESIAN_POINT('Origin',(-16.85,3.4,1.6));
#8262=CARTESIAN_POINT('',(-17.45,3.4,3.));
#8263=CARTESIAN_POINT('',(-17.45,3.4,0.2));
#8264=CARTESIAN_POINT('',(-17.45,3.4,1.6));
#8265=CARTESIAN_POINT('',(-16.85,4.,3.));
#8266=CARTESIAN_POINT('Origin',(-16.85,3.4,3.));
#8267=CARTESIAN_POINT('',(-16.85,4.,0.2));
#8268=CARTESIAN_POINT('',(-16.85,4.,1.6));
#8269=CARTESIAN_POINT('Origin',(-16.85,3.4,0.2));
#8270=CARTESIAN_POINT('Origin',(-16.375,0.,0.2));
#8271=CARTESIAN_POINT('',(-15.3,0.,0.2));
#8272=CARTESIAN_POINT('',(-16.85,-4.,0.2));
#8273=CARTESIAN_POINT('',(-16.375,-4.,0.2));
#8274=CARTESIAN_POINT('',(-17.45,-3.4,0.2));
#8275=CARTESIAN_POINT('Origin',(-16.85,-3.4,0.2));
#8276=CARTESIAN_POINT('',(-17.45,0.,0.2));
#8277=CARTESIAN_POINT('',(-16.375,4.,0.2));
#8278=CARTESIAN_POINT('Origin',(-16.85,-3.4,1.6));
#8279=CARTESIAN_POINT('',(-16.85,-4.,3.));
#8280=CARTESIAN_POINT('',(-16.85,-4.,1.6));
#8281=CARTESIAN_POINT('',(-17.45,-3.4,3.));
#8282=CARTESIAN_POINT('Origin',(-16.85,-3.4,3.));
#8283=CARTESIAN_POINT('',(-17.45,-3.4,1.6));
#8284=CARTESIAN_POINT('Origin',(-17.45,0.,1.6));
#8285=CARTESIAN_POINT('',(-17.45,0.,3.));
#8286=CARTESIAN_POINT('Origin',(-15.3,0.,1.6));
#8287=CARTESIAN_POINT('',(-15.3,0.,3.));
#8288=CARTESIAN_POINT('Origin',(-16.375,-4.,1.6));
#8289=CARTESIAN_POINT('',(-8.1875,-4.,3.));
#8290=CARTESIAN_POINT('Origin',(-16.375,4.,1.6));
#8291=CARTESIAN_POINT('',(-8.1875,4.,3.));
#8292=CARTESIAN_POINT('Origin',(-14.4,6.65,2.1));
#8293=CARTESIAN_POINT('',(-15.2,6.65,3.));
#8294=CARTESIAN_POINT('',(-15.2,6.65,2.1));
#8295=CARTESIAN_POINT('',(-14.4,7.45,3.));
#8296=CARTESIAN_POINT('Origin',(-14.4,6.65,3.));
#8297=CARTESIAN_POINT('',(-14.4,7.45,2.1));
#8298=CARTESIAN_POINT('Origin',(-14.4,-6.65,2.1));
#8299=CARTESIAN_POINT('',(-15.2,-6.65,3.));
#8300=CARTESIAN_POINT('Origin',(-14.4,-6.65,3.));
#8301=CARTESIAN_POINT('',(-15.2,-6.65,2.1));
#8302=CARTESIAN_POINT('Origin',(-15.2,0.,2.1));
#8303=CARTESIAN_POINT('',(-15.2,0.,3.));
#8304=CARTESIAN_POINT('Origin',(0.,7.45,2.1));
#8305=CARTESIAN_POINT('',(0.,7.45,3.));
#8306=CARTESIAN_POINT('Origin',(18.,-8.15,3.6));
#8307=CARTESIAN_POINT('',(18.,-10.15,3.));
#8308=CARTESIAN_POINT('',(18.,-10.15,3.6));
#8309=CARTESIAN_POINT('',(20.,-8.15,3.));
#8310=CARTESIAN_POINT('Origin',(18.,-8.15,3.));
#8311=CARTESIAN_POINT('',(20.,-8.15,3.6));
#8312=CARTESIAN_POINT('Origin',(0.,0.,3.));
#8313=CARTESIAN_POINT('',(20.,0.,3.));
#8314=CARTESIAN_POINT('',(-18.,-10.15,3.));
#8315=CARTESIAN_POINT('',(0.,-10.15,3.));
#8316=CARTESIAN_POINT('Origin',(-18.,-8.15,3.));
#8317=CARTESIAN_POINT('Origin',(-18.,-8.15,3.6));
#8318=CARTESIAN_POINT('',(-18.,-10.15,3.6));
#8319=CARTESIAN_POINT('Origin',(20.,0.,3.6));
#8320=CARTESIAN_POINT('Origin',(0.,-10.15,3.6));
#8321=CARTESIAN_POINT('',(0.,0.,0.));
#8322=CARTESIAN_POINT('',(0.,0.,0.));
#8323=CARTESIAN_POINT('',(0.,0.,0.));
#8324=CARTESIAN_POINT('',(0.,0.,0.));
#8325=CARTESIAN_POINT('',(0.,0.,0.));
#8326=UNCERTAINTY_MEASURE_WITH_UNIT(LENGTH_MEASURE(0.01),#8340,
'DISTANCE_ACCURACY_VALUE',
'Maximum model space distance between geometric entities at asserted c
onnectivities');
#8327=UNCERTAINTY_MEASURE_WITH_UNIT(LENGTH_MEASURE(0.01),#8340,
'DISTANCE_ACCURACY_VALUE',
'Maximum model space distance between geometric entities at asserted c
onnectivities');
#8328=UNCERTAINTY_MEASURE_WITH_UNIT(LENGTH_MEASURE(0.01),#8340,
'DISTANCE_ACCURACY_VALUE',
'Maximum model space distance between geometric entities at asserted c
onnectivities');
#8329=UNCERTAINTY_MEASURE_WITH_UNIT(LENGTH_MEASURE(0.01),#8340,
'DISTANCE_ACCURACY_VALUE',
'Maximum model space distance between geometric entities at asserted c
onnectivities');
#8330=UNCERTAINTY_MEASURE_WITH_UNIT(LENGTH_MEASURE(0.01),#8340,
'DISTANCE_ACCURACY_VALUE',
'Maximum model space distance between geometric entities at asserted c
onnectivities');
#8331=UNCERTAINTY_MEASURE_WITH_UNIT(LENGTH_MEASURE(0.01),#8340,
'DISTANCE_ACCURACY_VALUE',
'Maximum model space distance between geometric entities at asserted c
onnectivities');
#8332=UNCERTAINTY_MEASURE_WITH_UNIT(LENGTH_MEASURE(0.01),#8340,
'DISTANCE_ACCURACY_VALUE',
'Maximum model space distance between geometric entities at asserted c
onnectivities');
#8333=(
GEOMETRIC_REPRESENTATION_CONTEXT(3)
GLOBAL_UNCERTAINTY_ASSIGNED_CONTEXT((#8326))
GLOBAL_UNIT_ASSIGNED_CONTEXT((#8340,#8342,#8343))
REPRESENTATION_CONTEXT('','3D')
);
#8334=(
GEOMETRIC_REPRESENTATION_CONTEXT(3)
GLOBAL_UNCERTAINTY_ASSIGNED_CONTEXT((#8327))
GLOBAL_UNIT_ASSIGNED_CONTEXT((#8340,#8342,#8343))
REPRESENTATION_CONTEXT('','3D')
);
#8335=(
GEOMETRIC_REPRESENTATION_CONTEXT(3)
GLOBAL_UNCERTAINTY_ASSIGNED_CONTEXT((#8328))
GLOBAL_UNIT_ASSIGNED_CONTEXT((#8340,#8342,#8343))
REPRESENTATION_CONTEXT('','3D')
);
#8336=(
GEOMETRIC_REPRESENTATION_CONTEXT(3)
GLOBAL_UNCERTAINTY_ASSIGNED_CONTEXT((#8329))
GLOBAL_UNIT_ASSIGNED_CONTEXT((#8340,#8342,#8343))
REPRESENTATION_CONTEXT('','3D')
);
#8337=(
GEOMETRIC_REPRESENTATION_CONTEXT(3)
GLOBAL_UNCERTAINTY_ASSIGNED_CONTEXT((#8330))
GLOBAL_UNIT_ASSIGNED_CONTEXT((#8340,#8342,#8343))
REPRESENTATION_CONTEXT('','3D')
);
#8338=(
GEOMETRIC_REPRESENTATION_CONTEXT(3)
GLOBAL_UNCERTAINTY_ASSIGNED_CONTEXT((#8331))
GLOBAL_UNIT_ASSIGNED_CONTEXT((#8340,#8342,#8343))
REPRESENTATION_CONTEXT('','3D')
);
#8339=(
GEOMETRIC_REPRESENTATION_CONTEXT(3)
GLOBAL_UNCERTAINTY_ASSIGNED_CONTEXT((#8332))
GLOBAL_UNIT_ASSIGNED_CONTEXT((#8340,#8342,#8343))
REPRESENTATION_CONTEXT('','3D')
);
#8340=(
LENGTH_UNIT()
NAMED_UNIT(*)
SI_UNIT(.MILLI.,.METRE.)
);
#8341=(
LENGTH_UNIT()
NAMED_UNIT(*)
SI_UNIT($,.METRE.)
);
#8342=(
NAMED_UNIT(*)
PLANE_ANGLE_UNIT()
SI_UNIT($,.RADIAN.)
);
#8343=(
NAMED_UNIT(*)
SI_UNIT($,.STERADIAN.)
SOLID_ANGLE_UNIT()
);
#8344=SHAPE_DEFINITION_REPRESENTATION(#8350,#8361);
#8345=SHAPE_DEFINITION_REPRESENTATION(#8351,#8362);
#8346=SHAPE_DEFINITION_REPRESENTATION(#8352,#8363);
#8347=SHAPE_DEFINITION_REPRESENTATION(#8353,#8364);
#8348=SHAPE_DEFINITION_REPRESENTATION(#8354,#8365);
#8349=SHAPE_DEFINITION_REPRESENTATION(#8355,#8366);
#8350=PRODUCT_DEFINITION_SHAPE('',$,#8368);
#8351=PRODUCT_DEFINITION_SHAPE('',$,#8369);
#8352=PRODUCT_DEFINITION_SHAPE('',$,#8370);
#8353=PRODUCT_DEFINITION_SHAPE('',$,#8371);
#8354=PRODUCT_DEFINITION_SHAPE('',$,#8372);
#8355=PRODUCT_DEFINITION_SHAPE('',$,#8373);
#8356=PRODUCT_DEFINITION_SHAPE($,$,#26);
#8357=PRODUCT_DEFINITION_SHAPE($,$,#27);
#8358=PRODUCT_DEFINITION_SHAPE($,$,#28);
#8359=PRODUCT_DEFINITION_SHAPE($,$,#29);
#8360=PRODUCT_DEFINITION_SHAPE($,$,#30);
#8361=SHAPE_REPRESENTATION('',(#4930,#5438,#5439,#5440,#5441,#5442),#8333);
#8362=SHAPE_REPRESENTATION('',(#4931),#8334);
#8363=SHAPE_REPRESENTATION('',(#4948),#8335);
#8364=SHAPE_REPRESENTATION('',(#5025),#8336);
#8365=SHAPE_REPRESENTATION('',(#5292),#8337);
#8366=SHAPE_REPRESENTATION('',(#5319),#8338);
#8367=PRODUCT_DEFINITION_CONTEXT('part definition',#8387,'design');
#8368=PRODUCT_DEFINITION('(Unsaved)','(Unsaved)',#8374,#8367);
#8369=PRODUCT_DEFINITION('REF_Decca_Panel','REF_Decca_Panel',#8375,#8367);
#8370=PRODUCT_DEFINITION('REF_SH1106_1P3','REF_SH1106_1P3',#8376,#8367);
#8371=PRODUCT_DEFINITION('Rear_Display_Carrier','Rear_Display_Carrier',
#8377,#8367);
#8372=PRODUCT_DEFINITION('REF_Decca_Fasteners','REF_Decca_Fasteners',#8378,
#8367);
#8373=PRODUCT_DEFINITION('REF_Front_Bezel_revN','REF_Front_Bezel_revN',
#8379,#8367);
#8374=PRODUCT_DEFINITION_FORMATION('',$,#8389);
#8375=PRODUCT_DEFINITION_FORMATION('',$,#8390);
#8376=PRODUCT_DEFINITION_FORMATION('',$,#8391);
#8377=PRODUCT_DEFINITION_FORMATION('',$,#8392);
#8378=PRODUCT_DEFINITION_FORMATION('',$,#8393);
#8379=PRODUCT_DEFINITION_FORMATION('',$,#8394);
#8380=PRODUCT_RELATED_PRODUCT_CATEGORY('(Unsaved)','(Unsaved)',(#8389));
#8381=PRODUCT_RELATED_PRODUCT_CATEGORY('REF_Decca_Panel',
'REF_Decca_Panel',(#8390));
#8382=PRODUCT_RELATED_PRODUCT_CATEGORY('REF_SH1106_1P3',
'REF_SH1106_1P3',(#8391));
#8383=PRODUCT_RELATED_PRODUCT_CATEGORY('Rear_Display_Carrier',
'Rear_Display_Carrier',(#8392));
#8384=PRODUCT_RELATED_PRODUCT_CATEGORY('REF_Decca_Fasteners',
'REF_Decca_Fasteners',(#8393));
#8385=PRODUCT_RELATED_PRODUCT_CATEGORY('REF_Front_Bezel_revN',
'REF_Front_Bezel_revN',(#8394));
#8386=APPLICATION_PROTOCOL_DEFINITION('international standard',
'automotive_design',2009,#8387);
#8387=APPLICATION_CONTEXT(
'Core Data for Automotive Mechanical Design Process');
#8388=PRODUCT_CONTEXT('part definition',#8387,'mechanical');
#8389=PRODUCT('(Unsaved)','(Unsaved)',$,(#8388));
#8390=PRODUCT('REF_Decca_Panel','REF_Decca_Panel',$,(#8388));
#8391=PRODUCT('REF_SH1106_1P3','REF_SH1106_1P3',$,(#8388));
#8392=PRODUCT('Rear_Display_Carrier','Rear_Display_Carrier',$,(#8388));
#8393=PRODUCT('REF_Decca_Fasteners','REF_Decca_Fasteners',$,(#8388));
#8394=PRODUCT('REF_Front_Bezel_revN','REF_Front_Bezel_revN',$,(#8388));
#8395=PRESENTATION_STYLE_ASSIGNMENT((#8396));
#8396=SURFACE_STYLE_USAGE(.BOTH.,#8397);
#8397=SURFACE_SIDE_STYLE('',(#8398));
#8398=SURFACE_STYLE_FILL_AREA(#8399);
#8399=FILL_AREA_STYLE('Steel - Satin',(#8400));
#8400=FILL_AREA_STYLE_COLOUR('Steel - Satin',#8401);
#8401=COLOUR_RGB('Steel - Satin',0.627450980392157,0.627450980392157,0.627450980392157);
ENDSEC;
END-ISO-10303-21;
