ISO-10303-21;
HEADER;
/* Generated by software containing ST-Developer
 * from STEP Tools, Inc. (www.steptools.com) 
 */

FILE_DESCRIPTION(
/* description */ (''),
/* implementation_level */ '2;1');

FILE_NAME(
/* name */ 'ESP32_Controller_Housing_Base.step',
/* time_stamp */ '2026-09-07T16:57:43+01:00',
/* author */ (''),
/* organization */ (''),
/* preprocessor_version */ 'ST-DEVELOPER v20.1',
/* originating_system */ 'Autodesk Translation Framework v15.8.0.0',
/* authorisation */ '');

FILE_SCHEMA (('AUTOMOTIVE_DESIGN { 1 0 10303 214 3 1 1 }'));
ENDSEC;

DATA;
#10=MECHANICAL_DESIGN_GEOMETRIC_PRESENTATION_REPRESENTATION('',(#13),#3217);
#11=SHAPE_REPRESENTATION_RELATIONSHIP('SRR','None',#3224,#12);
#12=ADVANCED_BREP_SHAPE_REPRESENTATION('',(#14),#3216);
#13=STYLED_ITEM('',(#3233),#14);
#14=MANIFOLD_SOLID_BREP('ESP32_Controller_Housing_Base',#1959);
#15=FACE_BOUND('',#218,.T.);
#16=FACE_BOUND('',#226,.T.);
#17=FACE_BOUND('',#233,.T.);
#18=FACE_BOUND('',#234,.T.);
#19=FACE_BOUND('',#251,.T.);
#20=FACE_BOUND('',#256,.T.);
#21=FACE_BOUND('',#261,.T.);
#22=FACE_BOUND('',#262,.T.);
#23=FACE_BOUND('',#263,.T.);
#24=FACE_BOUND('',#264,.T.);
#25=FACE_BOUND('',#265,.T.);
#26=FACE_BOUND('',#266,.T.);
#27=FACE_BOUND('',#289,.T.);
#28=FACE_BOUND('',#295,.T.);
#29=FACE_BOUND('',#313,.T.);
#30=FACE_BOUND('',#314,.T.);
#31=FACE_BOUND('',#325,.T.);
#32=FACE_BOUND('',#326,.T.);
#33=FACE_BOUND('',#333,.T.);
#34=FACE_BOUND('',#334,.T.);
#35=CONICAL_SURFACE('',#1983,2.55,0.785104132238618);
#36=CONICAL_SURFACE('',#1999,2.55,0.785104132238618);
#37=CIRCLE('',#1976,6.5);
#38=CIRCLE('',#1977,6.5);
#39=CIRCLE('',#1978,6.5);
#40=CIRCLE('',#1979,6.5);
#41=CIRCLE('',#1981,1.7);
#42=CIRCLE('',#1982,1.7);
#43=CIRCLE('',#1984,3.39900058788948);
#44=CIRCLE('',#1986,5.2);
#45=CIRCLE('',#1987,5.2);
#46=CIRCLE('',#1992,6.5);
#47=CIRCLE('',#1993,6.5);
#48=CIRCLE('',#1994,6.5);
#49=CIRCLE('',#1995,6.5);
#50=CIRCLE('',#1997,1.7);
#51=CIRCLE('',#1998,1.7);
#52=CIRCLE('',#2000,3.39900058788948);
#53=CIRCLE('',#2002,5.2);
#54=CIRCLE('',#2003,5.2);
#55=CIRCLE('',#2012,1.4);
#56=CIRCLE('',#2013,3.);
#57=CIRCLE('',#2015,3.);
#58=CIRCLE('',#2016,1.4);
#59=CIRCLE('',#2028,1.7);
#60=CIRCLE('',#2029,1.7);
#61=CIRCLE('',#2032,2.);
#62=CIRCLE('',#2033,2.);
#63=CIRCLE('',#2036,1.7);
#64=CIRCLE('',#2037,1.7);
#65=CIRCLE('',#2040,2.);
#66=CIRCLE('',#2041,2.);
#67=CIRCLE('',#2047,1.4);
#68=CIRCLE('',#2048,1.4);
#69=CIRCLE('',#2049,1.4);
#70=CIRCLE('',#2050,1.4);
#71=CIRCLE('',#2057,1.3);
#72=CIRCLE('',#2058,1.3);
#73=CIRCLE('',#2061,1.3);
#74=CIRCLE('',#2062,1.3);
#75=CIRCLE('',#2099,1.4);
#76=CIRCLE('',#2100,3.);
#77=CIRCLE('',#2101,3.);
#78=CIRCLE('',#2102,1.4);
#79=CIRCLE('',#2116,3.);
#80=CIRCLE('',#2118,3.);
#81=CIRCLE('',#2120,3.);
#82=CIRCLE('',#2122,3.);
#83=CYLINDRICAL_SURFACE('',#1975,6.5);
#84=CYLINDRICAL_SURFACE('',#1980,1.7);
#85=CYLINDRICAL_SURFACE('',#1985,5.2);
#86=CYLINDRICAL_SURFACE('',#1991,6.5);
#87=CYLINDRICAL_SURFACE('',#1996,1.7);
#88=CYLINDRICAL_SURFACE('',#2001,5.2);
#89=CYLINDRICAL_SURFACE('',#2027,1.7);
#90=CYLINDRICAL_SURFACE('',#2031,2.);
#91=CYLINDRICAL_SURFACE('',#2035,1.7);
#92=CYLINDRICAL_SURFACE('',#2039,2.);
#93=CYLINDRICAL_SURFACE('',#2056,1.3);
#94=CYLINDRICAL_SURFACE('',#2060,1.3);
#95=CYLINDRICAL_SURFACE('',#2106,1.4);
#96=CYLINDRICAL_SURFACE('',#2108,1.4);
#97=CYLINDRICAL_SURFACE('',#2110,1.4);
#98=CYLINDRICAL_SURFACE('',#2111,1.4);
#99=CYLINDRICAL_SURFACE('',#2115,3.);
#100=CYLINDRICAL_SURFACE('',#2117,3.);
#101=CYLINDRICAL_SURFACE('',#2119,3.);
#102=CYLINDRICAL_SURFACE('',#2123,3.);
#103=FACE_OUTER_BOUND('',#211,.T.);
#104=FACE_OUTER_BOUND('',#212,.T.);
#105=FACE_OUTER_BOUND('',#213,.T.);
#106=FACE_OUTER_BOUND('',#214,.T.);
#107=FACE_OUTER_BOUND('',#215,.T.);
#108=FACE_OUTER_BOUND('',#216,.T.);
#109=FACE_OUTER_BOUND('',#217,.T.);
#110=FACE_OUTER_BOUND('',#219,.T.);
#111=FACE_OUTER_BOUND('',#220,.T.);
#112=FACE_OUTER_BOUND('',#221,.T.);
#113=FACE_OUTER_BOUND('',#222,.T.);
#114=FACE_OUTER_BOUND('',#223,.T.);
#115=FACE_OUTER_BOUND('',#224,.T.);
#116=FACE_OUTER_BOUND('',#225,.T.);
#117=FACE_OUTER_BOUND('',#227,.T.);
#118=FACE_OUTER_BOUND('',#228,.T.);
#119=FACE_OUTER_BOUND('',#229,.T.);
#120=FACE_OUTER_BOUND('',#230,.T.);
#121=FACE_OUTER_BOUND('',#231,.T.);
#122=FACE_OUTER_BOUND('',#232,.T.);
#123=FACE_OUTER_BOUND('',#235,.T.);
#124=FACE_OUTER_BOUND('',#236,.T.);
#125=FACE_OUTER_BOUND('',#237,.T.);
#126=FACE_OUTER_BOUND('',#238,.T.);
#127=FACE_OUTER_BOUND('',#239,.T.);
#128=FACE_OUTER_BOUND('',#240,.T.);
#129=FACE_OUTER_BOUND('',#241,.T.);
#130=FACE_OUTER_BOUND('',#242,.T.);
#131=FACE_OUTER_BOUND('',#243,.T.);
#132=FACE_OUTER_BOUND('',#244,.T.);
#133=FACE_OUTER_BOUND('',#245,.T.);
#134=FACE_OUTER_BOUND('',#246,.T.);
#135=FACE_OUTER_BOUND('',#247,.T.);
#136=FACE_OUTER_BOUND('',#248,.T.);
#137=FACE_OUTER_BOUND('',#249,.T.);
#138=FACE_OUTER_BOUND('',#250,.T.);
#139=FACE_OUTER_BOUND('',#252,.T.);
#140=FACE_OUTER_BOUND('',#253,.T.);
#141=FACE_OUTER_BOUND('',#254,.T.);
#142=FACE_OUTER_BOUND('',#255,.T.);
#143=FACE_OUTER_BOUND('',#257,.T.);
#144=FACE_OUTER_BOUND('',#258,.T.);
#145=FACE_OUTER_BOUND('',#259,.T.);
#146=FACE_OUTER_BOUND('',#260,.T.);
#147=FACE_OUTER_BOUND('',#267,.T.);
#148=FACE_OUTER_BOUND('',#268,.T.);
#149=FACE_OUTER_BOUND('',#269,.T.);
#150=FACE_OUTER_BOUND('',#270,.T.);
#151=FACE_OUTER_BOUND('',#271,.T.);
#152=FACE_OUTER_BOUND('',#272,.T.);
#153=FACE_OUTER_BOUND('',#273,.T.);
#154=FACE_OUTER_BOUND('',#274,.T.);
#155=FACE_OUTER_BOUND('',#275,.T.);
#156=FACE_OUTER_BOUND('',#276,.T.);
#157=FACE_OUTER_BOUND('',#277,.T.);
#158=FACE_OUTER_BOUND('',#278,.T.);
#159=FACE_OUTER_BOUND('',#279,.T.);
#160=FACE_OUTER_BOUND('',#280,.T.);
#161=FACE_OUTER_BOUND('',#281,.T.);
#162=FACE_OUTER_BOUND('',#282,.T.);
#163=FACE_OUTER_BOUND('',#283,.T.);
#164=FACE_OUTER_BOUND('',#284,.T.);
#165=FACE_OUTER_BOUND('',#285,.T.);
#166=FACE_OUTER_BOUND('',#286,.T.);
#167=FACE_OUTER_BOUND('',#287,.T.);
#168=FACE_OUTER_BOUND('',#288,.T.);
#169=FACE_OUTER_BOUND('',#290,.T.);
#170=FACE_OUTER_BOUND('',#291,.T.);
#171=FACE_OUTER_BOUND('',#292,.T.);
#172=FACE_OUTER_BOUND('',#293,.T.);
#173=FACE_OUTER_BOUND('',#294,.T.);
#174=FACE_OUTER_BOUND('',#296,.T.);
#175=FACE_OUTER_BOUND('',#297,.T.);
#176=FACE_OUTER_BOUND('',#298,.T.);
#177=FACE_OUTER_BOUND('',#299,.T.);
#178=FACE_OUTER_BOUND('',#300,.T.);
#179=FACE_OUTER_BOUND('',#301,.T.);
#180=FACE_OUTER_BOUND('',#302,.T.);
#181=FACE_OUTER_BOUND('',#303,.T.);
#182=FACE_OUTER_BOUND('',#304,.T.);
#183=FACE_OUTER_BOUND('',#305,.T.);
#184=FACE_OUTER_BOUND('',#306,.T.);
#185=FACE_OUTER_BOUND('',#307,.T.);
#186=FACE_OUTER_BOUND('',#308,.T.);
#187=FACE_OUTER_BOUND('',#309,.T.);
#188=FACE_OUTER_BOUND('',#310,.T.);
#189=FACE_OUTER_BOUND('',#311,.T.);
#190=FACE_OUTER_BOUND('',#312,.T.);
#191=FACE_OUTER_BOUND('',#315,.T.);
#192=FACE_OUTER_BOUND('',#316,.T.);
#193=FACE_OUTER_BOUND('',#317,.T.);
#194=FACE_OUTER_BOUND('',#318,.T.);
#195=FACE_OUTER_BOUND('',#319,.T.);
#196=FACE_OUTER_BOUND('',#320,.T.);
#197=FACE_OUTER_BOUND('',#321,.T.);
#198=FACE_OUTER_BOUND('',#322,.T.);
#199=FACE_OUTER_BOUND('',#323,.T.);
#200=FACE_OUTER_BOUND('',#324,.T.);
#201=FACE_OUTER_BOUND('',#327,.T.);
#202=FACE_OUTER_BOUND('',#328,.T.);
#203=FACE_OUTER_BOUND('',#329,.T.);
#204=FACE_OUTER_BOUND('',#330,.T.);
#205=FACE_OUTER_BOUND('',#331,.T.);
#206=FACE_OUTER_BOUND('',#332,.T.);
#207=FACE_OUTER_BOUND('',#335,.T.);
#208=FACE_OUTER_BOUND('',#336,.T.);
#209=FACE_OUTER_BOUND('',#337,.T.);
#210=FACE_OUTER_BOUND('',#338,.T.);
#211=EDGE_LOOP('',(#1229,#1230,#1231,#1232));
#212=EDGE_LOOP('',(#1233,#1234,#1235,#1236));
#213=EDGE_LOOP('',(#1237,#1238,#1239,#1240,#1241,#1242,#1243,#1244));
#214=EDGE_LOOP('',(#1245,#1246,#1247,#1248));
#215=EDGE_LOOP('',(#1249,#1250,#1251,#1252));
#216=EDGE_LOOP('',(#1253,#1254,#1255,#1256));
#217=EDGE_LOOP('',(#1257,#1258,#1259,#1260));
#218=EDGE_LOOP('',(#1261));
#219=EDGE_LOOP('',(#1262,#1263,#1264,#1265));
#220=EDGE_LOOP('',(#1266,#1267,#1268,#1269));
#221=EDGE_LOOP('',(#1270,#1271,#1272,#1273,#1274,#1275,#1276,#1277));
#222=EDGE_LOOP('',(#1278,#1279,#1280,#1281));
#223=EDGE_LOOP('',(#1282,#1283,#1284,#1285));
#224=EDGE_LOOP('',(#1286,#1287,#1288,#1289));
#225=EDGE_LOOP('',(#1290,#1291,#1292,#1293));
#226=EDGE_LOOP('',(#1294));
#227=EDGE_LOOP('',(#1295,#1296,#1297,#1298,#1299));
#228=EDGE_LOOP('',(#1300,#1301,#1302,#1303,#1304));
#229=EDGE_LOOP('',(#1305,#1306,#1307,#1308));
#230=EDGE_LOOP('',(#1309,#1310,#1311,#1312));
#231=EDGE_LOOP('',(#1313,#1314,#1315,#1316));
#232=EDGE_LOOP('',(#1317,#1318,#1319,#1320,#1321,#1322,#1323,#1324));
#233=EDGE_LOOP('',(#1325,#1326,#1327,#1328));
#234=EDGE_LOOP('',(#1329,#1330,#1331,#1332));
#235=EDGE_LOOP('',(#1333,#1334,#1335,#1336,#1337,#1338,#1339,#1340));
#236=EDGE_LOOP('',(#1341,#1342,#1343,#1344,#1345,#1346,#1347,#1348));
#237=EDGE_LOOP('',(#1349,#1350,#1351,#1352));
#238=EDGE_LOOP('',(#1353,#1354,#1355,#1356));
#239=EDGE_LOOP('',(#1357,#1358,#1359,#1360));
#240=EDGE_LOOP('',(#1361,#1362,#1363,#1364));
#241=EDGE_LOOP('',(#1365,#1366,#1367,#1368));
#242=EDGE_LOOP('',(#1369,#1370,#1371,#1372));
#243=EDGE_LOOP('',(#1373,#1374,#1375,#1376));
#244=EDGE_LOOP('',(#1377,#1378,#1379,#1380));
#245=EDGE_LOOP('',(#1381,#1382,#1383,#1384));
#246=EDGE_LOOP('',(#1385,#1386,#1387,#1388));
#247=EDGE_LOOP('',(#1389,#1390,#1391,#1392));
#248=EDGE_LOOP('',(#1393));
#249=EDGE_LOOP('',(#1394,#1395,#1396,#1397));
#250=EDGE_LOOP('',(#1398));
#251=EDGE_LOOP('',(#1399));
#252=EDGE_LOOP('',(#1400,#1401,#1402,#1403));
#253=EDGE_LOOP('',(#1404));
#254=EDGE_LOOP('',(#1405,#1406,#1407,#1408));
#255=EDGE_LOOP('',(#1409));
#256=EDGE_LOOP('',(#1410));
#257=EDGE_LOOP('',(#1411,#1412,#1413,#1414));
#258=EDGE_LOOP('',(#1415,#1416,#1417,#1418));
#259=EDGE_LOOP('',(#1419,#1420,#1421,#1422));
#260=EDGE_LOOP('',(#1423,#1424,#1425,#1426,#1427,#1428,#1429,#1430,#1431,
#1432,#1433,#1434,#1435,#1436,#1437,#1438));
#261=EDGE_LOOP('',(#1439));
#262=EDGE_LOOP('',(#1440));
#263=EDGE_LOOP('',(#1441,#1442,#1443,#1444));
#264=EDGE_LOOP('',(#1445,#1446,#1447,#1448));
#265=EDGE_LOOP('',(#1449,#1450,#1451,#1452));
#266=EDGE_LOOP('',(#1453,#1454,#1455,#1456));
#267=EDGE_LOOP('',(#1457,#1458,#1459,#1460));
#268=EDGE_LOOP('',(#1461,#1462,#1463,#1464));
#269=EDGE_LOOP('',(#1465,#1466,#1467,#1468));
#270=EDGE_LOOP('',(#1469,#1470,#1471,#1472));
#271=EDGE_LOOP('',(#1473,#1474,#1475,#1476));
#272=EDGE_LOOP('',(#1477,#1478,#1479,#1480));
#273=EDGE_LOOP('',(#1481));
#274=EDGE_LOOP('',(#1482,#1483,#1484,#1485));
#275=EDGE_LOOP('',(#1486));
#276=EDGE_LOOP('',(#1487,#1488,#1489,#1490));
#277=EDGE_LOOP('',(#1491,#1492,#1493,#1494,#1495));
#278=EDGE_LOOP('',(#1496,#1497,#1498,#1499));
#279=EDGE_LOOP('',(#1500,#1501,#1502,#1503));
#280=EDGE_LOOP('',(#1504,#1505,#1506,#1507,#1508));
#281=EDGE_LOOP('',(#1509,#1510,#1511,#1512));
#282=EDGE_LOOP('',(#1513,#1514,#1515,#1516));
#283=EDGE_LOOP('',(#1517,#1518,#1519,#1520,#1521));
#284=EDGE_LOOP('',(#1522,#1523,#1524,#1525));
#285=EDGE_LOOP('',(#1526,#1527,#1528,#1529));
#286=EDGE_LOOP('',(#1530,#1531,#1532,#1533,#1534));
#287=EDGE_LOOP('',(#1535,#1536,#1537,#1538));
#288=EDGE_LOOP('',(#1539,#1540,#1541,#1542));
#289=EDGE_LOOP('',(#1543));
#290=EDGE_LOOP('',(#1544,#1545,#1546,#1547));
#291=EDGE_LOOP('',(#1548,#1549,#1550,#1551));
#292=EDGE_LOOP('',(#1552,#1553,#1554,#1555));
#293=EDGE_LOOP('',(#1556,#1557,#1558,#1559));
#294=EDGE_LOOP('',(#1560,#1561,#1562,#1563));
#295=EDGE_LOOP('',(#1564));
#296=EDGE_LOOP('',(#1565,#1566,#1567,#1568));
#297=EDGE_LOOP('',(#1569,#1570,#1571,#1572));
#298=EDGE_LOOP('',(#1573,#1574,#1575,#1576));
#299=EDGE_LOOP('',(#1577,#1578,#1579,#1580));
#300=EDGE_LOOP('',(#1581,#1582,#1583,#1584));
#301=EDGE_LOOP('',(#1585,#1586,#1587,#1588));
#302=EDGE_LOOP('',(#1589,#1590,#1591,#1592));
#303=EDGE_LOOP('',(#1593,#1594,#1595,#1596));
#304=EDGE_LOOP('',(#1597,#1598,#1599,#1600));
#305=EDGE_LOOP('',(#1601,#1602,#1603,#1604));
#306=EDGE_LOOP('',(#1605,#1606,#1607,#1608));
#307=EDGE_LOOP('',(#1609,#1610,#1611,#1612));
#308=EDGE_LOOP('',(#1613,#1614,#1615,#1616));
#309=EDGE_LOOP('',(#1617,#1618,#1619,#1620));
#310=EDGE_LOOP('',(#1621,#1622,#1623,#1624));
#311=EDGE_LOOP('',(#1625,#1626,#1627,#1628));
#312=EDGE_LOOP('',(#1629,#1630,#1631,#1632,#1633,#1634,#1635,#1636,#1637,
#1638,#1639,#1640,#1641,#1642,#1643,#1644,#1645,#1646,#1647,#1648));
#313=EDGE_LOOP('',(#1649));
#314=EDGE_LOOP('',(#1650));
#315=EDGE_LOOP('',(#1651,#1652,#1653,#1654));
#316=EDGE_LOOP('',(#1655,#1656,#1657,#1658));
#317=EDGE_LOOP('',(#1659,#1660,#1661,#1662));
#318=EDGE_LOOP('',(#1663,#1664,#1665,#1666));
#319=EDGE_LOOP('',(#1667,#1668,#1669,#1670));
#320=EDGE_LOOP('',(#1671,#1672,#1673,#1674));
#321=EDGE_LOOP('',(#1675,#1676,#1677,#1678,#1679,#1680,#1681,#1682));
#322=EDGE_LOOP('',(#1683,#1684,#1685,#1686));
#323=EDGE_LOOP('',(#1687,#1688,#1689,#1690));
#324=EDGE_LOOP('',(#1691,#1692,#1693,#1694,#1695,#1696,#1697,#1698));
#325=EDGE_LOOP('',(#1699,#1700,#1701,#1702));
#326=EDGE_LOOP('',(#1703,#1704,#1705,#1706));
#327=EDGE_LOOP('',(#1707,#1708,#1709,#1710,#1711,#1712,#1713,#1714));
#328=EDGE_LOOP('',(#1715,#1716,#1717,#1718));
#329=EDGE_LOOP('',(#1719,#1720,#1721,#1722));
#330=EDGE_LOOP('',(#1723,#1724,#1725,#1726));
#331=EDGE_LOOP('',(#1727,#1728,#1729,#1730));
#332=EDGE_LOOP('',(#1731,#1732,#1733,#1734,#1735,#1736,#1737,#1738));
#333=EDGE_LOOP('',(#1739));
#334=EDGE_LOOP('',(#1740));
#335=EDGE_LOOP('',(#1741,#1742,#1743,#1744));
#336=EDGE_LOOP('',(#1745,#1746,#1747,#1748));
#337=EDGE_LOOP('',(#1749,#1750,#1751,#1752,#1753,#1754,#1755,#1756));
#338=EDGE_LOOP('',(#1757,#1758,#1759,#1760,#1761,#1762,#1763,#1764));
#339=LINE('',#2663,#561);
#340=LINE('',#2665,#562);
#341=LINE('',#2667,#563);
#342=LINE('',#2668,#564);
#343=LINE('',#2672,#565);
#344=LINE('',#2674,#566);
#345=LINE('',#2676,#567);
#346=LINE('',#2677,#568);
#347=LINE('',#2683,#569);
#348=LINE('',#2690,#570);
#349=LINE('',#2694,#571);
#350=LINE('',#2703,#572);
#351=LINE('',#2705,#573);
#352=LINE('',#2707,#574);
#353=LINE('',#2708,#575);
#354=LINE('',#2712,#576);
#355=LINE('',#2714,#577);
#356=LINE('',#2716,#578);
#357=LINE('',#2717,#579);
#358=LINE('',#2723,#580);
#359=LINE('',#2730,#581);
#360=LINE('',#2734,#582);
#361=LINE('',#2745,#583);
#362=LINE('',#2747,#584);
#363=LINE('',#2749,#585);
#364=LINE('',#2750,#586);
#365=LINE('',#2753,#587);
#366=LINE('',#2755,#588);
#367=LINE('',#2756,#589);
#368=LINE('',#2759,#590);
#369=LINE('',#2761,#591);
#370=LINE('',#2762,#592);
#371=LINE('',#2765,#593);
#372=LINE('',#2767,#594);
#373=LINE('',#2769,#595);
#374=LINE('',#2771,#596);
#375=LINE('',#2772,#597);
#376=LINE('',#2775,#598);
#377=LINE('',#2777,#599);
#378=LINE('',#2779,#600);
#379=LINE('',#2780,#601);
#380=LINE('',#2783,#602);
#381=LINE('',#2785,#603);
#382=LINE('',#2787,#604);
#383=LINE('',#2788,#605);
#384=LINE('',#2791,#606);
#385=LINE('',#2795,#607);
#386=LINE('',#2797,#608);
#387=LINE('',#2799,#609);
#388=LINE('',#2805,#610);
#389=LINE('',#2807,#611);
#390=LINE('',#2809,#612);
#391=LINE('',#2812,#613);
#392=LINE('',#2815,#614);
#393=LINE('',#2817,#615);
#394=LINE('',#2818,#616);
#395=LINE('',#2821,#617);
#396=LINE('',#2822,#618);
#397=LINE('',#2825,#619);
#398=LINE('',#2826,#620);
#399=LINE('',#2828,#621);
#400=LINE('',#2832,#622);
#401=LINE('',#2834,#623);
#402=LINE('',#2835,#624);
#403=LINE('',#2838,#625);
#404=LINE('',#2839,#626);
#405=LINE('',#2842,#627);
#406=LINE('',#2843,#628);
#407=LINE('',#2845,#629);
#408=LINE('',#2851,#630);
#409=LINE('',#2858,#631);
#410=LINE('',#2865,#632);
#411=LINE('',#2872,#633);
#412=LINE('',#2878,#634);
#413=LINE('',#2880,#635);
#414=LINE('',#2882,#636);
#415=LINE('',#2883,#637);
#416=LINE('',#2887,#638);
#417=LINE('',#2888,#639);
#418=LINE('',#2889,#640);
#419=LINE('',#2893,#641);
#420=LINE('',#2894,#642);
#421=LINE('',#2895,#643);
#422=LINE('',#2898,#644);
#423=LINE('',#2902,#645);
#424=LINE('',#2906,#646);
#425=LINE('',#2910,#647);
#426=LINE('',#2914,#648);
#427=LINE('',#2916,#649);
#428=LINE('',#2918,#650);
#429=LINE('',#2920,#651);
#430=LINE('',#2921,#652);
#431=LINE('',#2924,#653);
#432=LINE('',#2926,#654);
#433=LINE('',#2928,#655);
#434=LINE('',#2929,#656);
#435=LINE('',#2932,#657);
#436=LINE('',#2934,#658);
#437=LINE('',#2936,#659);
#438=LINE('',#2937,#660);
#439=LINE('',#2940,#661);
#440=LINE('',#2942,#662);
#441=LINE('',#2944,#663);
#442=LINE('',#2945,#664);
#443=LINE('',#2948,#665);
#444=LINE('',#2950,#666);
#445=LINE('',#2952,#667);
#446=LINE('',#2953,#668);
#447=LINE('',#2956,#669);
#448=LINE('',#2957,#670);
#449=LINE('',#2960,#671);
#450=LINE('',#2962,#672);
#451=LINE('',#2963,#673);
#452=LINE('',#2966,#674);
#453=LINE('',#2967,#675);
#454=LINE('',#2970,#676);
#455=LINE('',#2971,#677);
#456=LINE('',#2973,#678);
#457=LINE('',#2978,#679);
#458=LINE('',#2985,#680);
#459=LINE('',#2991,#681);
#460=LINE('',#2993,#682);
#461=LINE('',#2995,#683);
#462=LINE('',#2996,#684);
#463=LINE('',#2999,#685);
#464=LINE('',#3001,#686);
#465=LINE('',#3003,#687);
#466=LINE('',#3004,#688);
#467=LINE('',#3007,#689);
#468=LINE('',#3008,#690);
#469=LINE('',#3011,#691);
#470=LINE('',#3013,#692);
#471=LINE('',#3014,#693);
#472=LINE('',#3016,#694);
#473=LINE('',#3017,#695);
#474=LINE('',#3022,#696);
#475=LINE('',#3024,#697);
#476=LINE('',#3026,#698);
#477=LINE('',#3027,#699);
#478=LINE('',#3030,#700);
#479=LINE('',#3032,#701);
#480=LINE('',#3034,#702);
#481=LINE('',#3035,#703);
#482=LINE('',#3038,#704);
#483=LINE('',#3039,#705);
#484=LINE('',#3042,#706);
#485=LINE('',#3044,#707);
#486=LINE('',#3045,#708);
#487=LINE('',#3047,#709);
#488=LINE('',#3048,#710);
#489=LINE('',#3053,#711);
#490=LINE('',#3055,#712);
#491=LINE('',#3057,#713);
#492=LINE('',#3058,#714);
#493=LINE('',#3060,#715);
#494=LINE('',#3061,#716);
#495=LINE('',#3063,#717);
#496=LINE('',#3065,#718);
#497=LINE('',#3070,#719);
#498=LINE('',#3072,#720);
#499=LINE('',#3074,#721);
#500=LINE('',#3075,#722);
#501=LINE('',#3077,#723);
#502=LINE('',#3078,#724);
#503=LINE('',#3080,#725);
#504=LINE('',#3082,#726);
#505=LINE('',#3087,#727);
#506=LINE('',#3089,#728);
#507=LINE('',#3091,#729);
#508=LINE('',#3092,#730);
#509=LINE('',#3094,#731);
#510=LINE('',#3095,#732);
#511=LINE('',#3097,#733);
#512=LINE('',#3099,#734);
#513=LINE('',#3104,#735);
#514=LINE('',#3106,#736);
#515=LINE('',#3108,#737);
#516=LINE('',#3109,#738);
#517=LINE('',#3111,#739);
#518=LINE('',#3112,#740);
#519=LINE('',#3114,#741);
#520=LINE('',#3116,#742);
#521=LINE('',#3120,#743);
#522=LINE('',#3122,#744);
#523=LINE('',#3123,#745);
#524=LINE('',#3126,#746);
#525=LINE('',#3128,#747);
#526=LINE('',#3129,#748);
#527=LINE('',#3132,#749);
#528=LINE('',#3136,#750);
#529=LINE('',#3138,#751);
#530=LINE('',#3140,#752);
#531=LINE('',#3144,#753);
#532=LINE('',#3148,#754);
#533=LINE('',#3150,#755);
#534=LINE('',#3152,#756);
#535=LINE('',#3156,#757);
#536=LINE('',#3158,#758);
#537=LINE('',#3159,#759);
#538=LINE('',#3162,#760);
#539=LINE('',#3164,#761);
#540=LINE('',#3165,#762);
#541=LINE('',#3167,#763);
#542=LINE('',#3168,#764);
#543=LINE('',#3170,#765);
#544=LINE('',#3172,#766);
#545=LINE('',#3174,#767);
#546=LINE('',#3176,#768);
#547=LINE('',#3178,#769);
#548=LINE('',#3179,#770);
#549=LINE('',#3181,#771);
#550=LINE('',#3184,#772);
#551=LINE('',#3186,#773);
#552=LINE('',#3189,#774);
#553=LINE('',#3192,#775);
#554=LINE('',#3195,#776);
#555=LINE('',#3198,#777);
#556=LINE('',#3201,#778);
#557=LINE('',#3204,#779);
#558=LINE('',#3206,#780);
#559=LINE('',#3208,#781);
#560=LINE('',#3210,#782);
#561=VECTOR('',#2131,10.);
#562=VECTOR('',#2132,10.);
#563=VECTOR('',#2133,10.);
#564=VECTOR('',#2134,10.);
#565=VECTOR('',#2137,10.);
#566=VECTOR('',#2138,10.);
#567=VECTOR('',#2139,10.);
#568=VECTOR('',#2140,10.);
#569=VECTOR('',#2147,6.5);
#570=VECTOR('',#2156,1.7);
#571=VECTOR('',#2161,2.55);
#572=VECTOR('',#2174,10.);
#573=VECTOR('',#2175,10.);
#574=VECTOR('',#2176,10.);
#575=VECTOR('',#2177,10.);
#576=VECTOR('',#2180,10.);
#577=VECTOR('',#2181,10.);
#578=VECTOR('',#2182,10.);
#579=VECTOR('',#2183,10.);
#580=VECTOR('',#2190,6.5);
#581=VECTOR('',#2199,1.7);
#582=VECTOR('',#2204,2.55);
#583=VECTOR('',#2221,10.);
#584=VECTOR('',#2222,10.);
#585=VECTOR('',#2223,10.);
#586=VECTOR('',#2224,10.);
#587=VECTOR('',#2227,10.);
#588=VECTOR('',#2228,10.);
#589=VECTOR('',#2229,10.);
#590=VECTOR('',#2232,10.);
#591=VECTOR('',#2233,10.);
#592=VECTOR('',#2234,10.);
#593=VECTOR('',#2237,10.);
#594=VECTOR('',#2238,10.);
#595=VECTOR('',#2239,10.);
#596=VECTOR('',#2240,10.);
#597=VECTOR('',#2241,10.);
#598=VECTOR('',#2242,10.);
#599=VECTOR('',#2243,10.);
#600=VECTOR('',#2244,10.);
#601=VECTOR('',#2245,10.);
#602=VECTOR('',#2246,10.);
#603=VECTOR('',#2247,10.);
#604=VECTOR('',#2248,10.);
#605=VECTOR('',#2249,10.);
#606=VECTOR('',#2252,10.);
#607=VECTOR('',#2255,10.);
#608=VECTOR('',#2256,10.);
#609=VECTOR('',#2257,10.);
#610=VECTOR('',#2264,10.);
#611=VECTOR('',#2265,10.);
#612=VECTOR('',#2266,10.);
#613=VECTOR('',#2269,10.);
#614=VECTOR('',#2272,10.);
#615=VECTOR('',#2273,10.);
#616=VECTOR('',#2274,10.);
#617=VECTOR('',#2277,10.);
#618=VECTOR('',#2278,10.);
#619=VECTOR('',#2281,10.);
#620=VECTOR('',#2282,10.);
#621=VECTOR('',#2285,10.);
#622=VECTOR('',#2290,10.);
#623=VECTOR('',#2291,10.);
#624=VECTOR('',#2292,10.);
#625=VECTOR('',#2295,10.);
#626=VECTOR('',#2296,10.);
#627=VECTOR('',#2299,10.);
#628=VECTOR('',#2300,10.);
#629=VECTOR('',#2303,10.);
#630=VECTOR('',#2310,1.7);
#631=VECTOR('',#2319,2.);
#632=VECTOR('',#2328,1.7);
#633=VECTOR('',#2337,2.);
#634=VECTOR('',#2344,10.);
#635=VECTOR('',#2345,10.);
#636=VECTOR('',#2346,10.);
#637=VECTOR('',#2347,10.);
#638=VECTOR('',#2350,10.);
#639=VECTOR('',#2351,10.);
#640=VECTOR('',#2352,10.);
#641=VECTOR('',#2355,10.);
#642=VECTOR('',#2356,10.);
#643=VECTOR('',#2357,10.);
#644=VECTOR('',#2360,10.);
#645=VECTOR('',#2363,10.);
#646=VECTOR('',#2366,10.);
#647=VECTOR('',#2369,10.);
#648=VECTOR('',#2372,10.);
#649=VECTOR('',#2373,10.);
#650=VECTOR('',#2374,10.);
#651=VECTOR('',#2375,10.);
#652=VECTOR('',#2376,10.);
#653=VECTOR('',#2377,10.);
#654=VECTOR('',#2378,10.);
#655=VECTOR('',#2379,10.);
#656=VECTOR('',#2380,10.);
#657=VECTOR('',#2381,10.);
#658=VECTOR('',#2382,10.);
#659=VECTOR('',#2383,10.);
#660=VECTOR('',#2384,10.);
#661=VECTOR('',#2385,10.);
#662=VECTOR('',#2386,10.);
#663=VECTOR('',#2387,10.);
#664=VECTOR('',#2388,10.);
#665=VECTOR('',#2389,10.);
#666=VECTOR('',#2390,10.);
#667=VECTOR('',#2391,10.);
#668=VECTOR('',#2392,10.);
#669=VECTOR('',#2395,10.);
#670=VECTOR('',#2396,10.);
#671=VECTOR('',#2399,10.);
#672=VECTOR('',#2400,10.);
#673=VECTOR('',#2401,10.);
#674=VECTOR('',#2404,10.);
#675=VECTOR('',#2405,10.);
#676=VECTOR('',#2408,10.);
#677=VECTOR('',#2409,10.);
#678=VECTOR('',#2412,10.);
#679=VECTOR('',#2417,1.3);
#680=VECTOR('',#2426,1.3);
#681=VECTOR('',#2433,10.);
#682=VECTOR('',#2434,10.);
#683=VECTOR('',#2435,10.);
#684=VECTOR('',#2436,10.);
#685=VECTOR('',#2439,10.);
#686=VECTOR('',#2440,10.);
#687=VECTOR('',#2441,10.);
#688=VECTOR('',#2442,10.);
#689=VECTOR('',#2445,10.);
#690=VECTOR('',#2446,10.);
#691=VECTOR('',#2449,10.);
#692=VECTOR('',#2450,10.);
#693=VECTOR('',#2451,10.);
#694=VECTOR('',#2454,10.);
#695=VECTOR('',#2455,10.);
#696=VECTOR('',#2460,10.);
#697=VECTOR('',#2461,10.);
#698=VECTOR('',#2462,10.);
#699=VECTOR('',#2463,10.);
#700=VECTOR('',#2466,10.);
#701=VECTOR('',#2467,10.);
#702=VECTOR('',#2468,10.);
#703=VECTOR('',#2469,10.);
#704=VECTOR('',#2472,10.);
#705=VECTOR('',#2473,10.);
#706=VECTOR('',#2476,10.);
#707=VECTOR('',#2477,10.);
#708=VECTOR('',#2478,10.);
#709=VECTOR('',#2481,10.);
#710=VECTOR('',#2482,10.);
#711=VECTOR('',#2487,10.);
#712=VECTOR('',#2488,10.);
#713=VECTOR('',#2489,10.);
#714=VECTOR('',#2490,10.);
#715=VECTOR('',#2493,10.);
#716=VECTOR('',#2494,10.);
#717=VECTOR('',#2497,10.);
#718=VECTOR('',#2500,10.);
#719=VECTOR('',#2505,10.);
#720=VECTOR('',#2506,10.);
#721=VECTOR('',#2507,10.);
#722=VECTOR('',#2508,10.);
#723=VECTOR('',#2511,10.);
#724=VECTOR('',#2512,10.);
#725=VECTOR('',#2515,10.);
#726=VECTOR('',#2518,10.);
#727=VECTOR('',#2523,10.);
#728=VECTOR('',#2524,10.);
#729=VECTOR('',#2525,10.);
#730=VECTOR('',#2526,10.);
#731=VECTOR('',#2529,10.);
#732=VECTOR('',#2530,10.);
#733=VECTOR('',#2533,10.);
#734=VECTOR('',#2536,10.);
#735=VECTOR('',#2541,10.);
#736=VECTOR('',#2542,10.);
#737=VECTOR('',#2543,10.);
#738=VECTOR('',#2544,10.);
#739=VECTOR('',#2547,10.);
#740=VECTOR('',#2548,10.);
#741=VECTOR('',#2551,10.);
#742=VECTOR('',#2554,10.);
#743=VECTOR('',#2559,10.);
#744=VECTOR('',#2560,10.);
#745=VECTOR('',#2561,10.);
#746=VECTOR('',#2564,10.);
#747=VECTOR('',#2565,10.);
#748=VECTOR('',#2566,10.);
#749=VECTOR('',#2569,10.);
#750=VECTOR('',#2572,10.);
#751=VECTOR('',#2573,10.);
#752=VECTOR('',#2574,10.);
#753=VECTOR('',#2577,10.);
#754=VECTOR('',#2580,10.);
#755=VECTOR('',#2581,10.);
#756=VECTOR('',#2582,10.);
#757=VECTOR('',#2587,10.);
#758=VECTOR('',#2588,10.);
#759=VECTOR('',#2589,10.);
#760=VECTOR('',#2592,10.);
#761=VECTOR('',#2593,10.);
#762=VECTOR('',#2594,10.);
#763=VECTOR('',#2597,10.);
#764=VECTOR('',#2598,10.);
#765=VECTOR('',#2601,10.);
#766=VECTOR('',#2604,10.);
#767=VECTOR('',#2607,10.);
#768=VECTOR('',#2610,10.);
#769=VECTOR('',#2613,10.);
#770=VECTOR('',#2614,10.);
#771=VECTOR('',#2617,10.);
#772=VECTOR('',#2622,10.);
#773=VECTOR('',#2625,10.);
#774=VECTOR('',#2628,10.);
#775=VECTOR('',#2631,10.);
#776=VECTOR('',#2634,10.);
#777=VECTOR('',#2637,10.);
#778=VECTOR('',#2640,10.);
#779=VECTOR('',#2645,10.);
#780=VECTOR('',#2646,10.);
#781=VECTOR('',#2649,10.);
#782=VECTOR('',#2652,10.);
#783=VERTEX_POINT('',#2661);
#784=VERTEX_POINT('',#2662);
#785=VERTEX_POINT('',#2664);
#786=VERTEX_POINT('',#2666);
#787=VERTEX_POINT('',#2670);
#788=VERTEX_POINT('',#2671);
#789=VERTEX_POINT('',#2673);
#790=VERTEX_POINT('',#2675);
#791=VERTEX_POINT('',#2680);
#792=VERTEX_POINT('',#2682);
#793=VERTEX_POINT('',#2687);
#794=VERTEX_POINT('',#2689);
#795=VERTEX_POINT('',#2693);
#796=VERTEX_POINT('',#2701);
#797=VERTEX_POINT('',#2702);
#798=VERTEX_POINT('',#2704);
#799=VERTEX_POINT('',#2706);
#800=VERTEX_POINT('',#2710);
#801=VERTEX_POINT('',#2711);
#802=VERTEX_POINT('',#2713);
#803=VERTEX_POINT('',#2715);
#804=VERTEX_POINT('',#2720);
#805=VERTEX_POINT('',#2722);
#806=VERTEX_POINT('',#2727);
#807=VERTEX_POINT('',#2729);
#808=VERTEX_POINT('',#2733);
#809=VERTEX_POINT('',#2743);
#810=VERTEX_POINT('',#2744);
#811=VERTEX_POINT('',#2746);
#812=VERTEX_POINT('',#2748);
#813=VERTEX_POINT('',#2752);
#814=VERTEX_POINT('',#2754);
#815=VERTEX_POINT('',#2758);
#816=VERTEX_POINT('',#2760);
#817=VERTEX_POINT('',#2764);
#818=VERTEX_POINT('',#2766);
#819=VERTEX_POINT('',#2768);
#820=VERTEX_POINT('',#2770);
#821=VERTEX_POINT('',#2773);
#822=VERTEX_POINT('',#2774);
#823=VERTEX_POINT('',#2776);
#824=VERTEX_POINT('',#2778);
#825=VERTEX_POINT('',#2781);
#826=VERTEX_POINT('',#2782);
#827=VERTEX_POINT('',#2784);
#828=VERTEX_POINT('',#2786);
#829=VERTEX_POINT('',#2790);
#830=VERTEX_POINT('',#2792);
#831=VERTEX_POINT('',#2794);
#832=VERTEX_POINT('',#2796);
#833=VERTEX_POINT('',#2798);
#834=VERTEX_POINT('',#2802);
#835=VERTEX_POINT('',#2804);
#836=VERTEX_POINT('',#2806);
#837=VERTEX_POINT('',#2808);
#838=VERTEX_POINT('',#2810);
#839=VERTEX_POINT('',#2814);
#840=VERTEX_POINT('',#2816);
#841=VERTEX_POINT('',#2820);
#842=VERTEX_POINT('',#2824);
#843=VERTEX_POINT('',#2831);
#844=VERTEX_POINT('',#2833);
#845=VERTEX_POINT('',#2837);
#846=VERTEX_POINT('',#2841);
#847=VERTEX_POINT('',#2848);
#848=VERTEX_POINT('',#2850);
#849=VERTEX_POINT('',#2855);
#850=VERTEX_POINT('',#2857);
#851=VERTEX_POINT('',#2862);
#852=VERTEX_POINT('',#2864);
#853=VERTEX_POINT('',#2869);
#854=VERTEX_POINT('',#2871);
#855=VERTEX_POINT('',#2876);
#856=VERTEX_POINT('',#2877);
#857=VERTEX_POINT('',#2879);
#858=VERTEX_POINT('',#2881);
#859=VERTEX_POINT('',#2885);
#860=VERTEX_POINT('',#2886);
#861=VERTEX_POINT('',#2891);
#862=VERTEX_POINT('',#2892);
#863=VERTEX_POINT('',#2897);
#864=VERTEX_POINT('',#2899);
#865=VERTEX_POINT('',#2901);
#866=VERTEX_POINT('',#2903);
#867=VERTEX_POINT('',#2905);
#868=VERTEX_POINT('',#2907);
#869=VERTEX_POINT('',#2909);
#870=VERTEX_POINT('',#2911);
#871=VERTEX_POINT('',#2913);
#872=VERTEX_POINT('',#2915);
#873=VERTEX_POINT('',#2917);
#874=VERTEX_POINT('',#2919);
#875=VERTEX_POINT('',#2922);
#876=VERTEX_POINT('',#2923);
#877=VERTEX_POINT('',#2925);
#878=VERTEX_POINT('',#2927);
#879=VERTEX_POINT('',#2930);
#880=VERTEX_POINT('',#2931);
#881=VERTEX_POINT('',#2933);
#882=VERTEX_POINT('',#2935);
#883=VERTEX_POINT('',#2938);
#884=VERTEX_POINT('',#2939);
#885=VERTEX_POINT('',#2941);
#886=VERTEX_POINT('',#2943);
#887=VERTEX_POINT('',#2946);
#888=VERTEX_POINT('',#2947);
#889=VERTEX_POINT('',#2949);
#890=VERTEX_POINT('',#2951);
#891=VERTEX_POINT('',#2955);
#892=VERTEX_POINT('',#2959);
#893=VERTEX_POINT('',#2961);
#894=VERTEX_POINT('',#2965);
#895=VERTEX_POINT('',#2969);
#896=VERTEX_POINT('',#2975);
#897=VERTEX_POINT('',#2977);
#898=VERTEX_POINT('',#2982);
#899=VERTEX_POINT('',#2984);
#900=VERTEX_POINT('',#2989);
#901=VERTEX_POINT('',#2990);
#902=VERTEX_POINT('',#2992);
#903=VERTEX_POINT('',#2994);
#904=VERTEX_POINT('',#2998);
#905=VERTEX_POINT('',#3000);
#906=VERTEX_POINT('',#3002);
#907=VERTEX_POINT('',#3006);
#908=VERTEX_POINT('',#3010);
#909=VERTEX_POINT('',#3012);
#910=VERTEX_POINT('',#3020);
#911=VERTEX_POINT('',#3021);
#912=VERTEX_POINT('',#3023);
#913=VERTEX_POINT('',#3025);
#914=VERTEX_POINT('',#3029);
#915=VERTEX_POINT('',#3031);
#916=VERTEX_POINT('',#3033);
#917=VERTEX_POINT('',#3037);
#918=VERTEX_POINT('',#3041);
#919=VERTEX_POINT('',#3043);
#920=VERTEX_POINT('',#3051);
#921=VERTEX_POINT('',#3052);
#922=VERTEX_POINT('',#3054);
#923=VERTEX_POINT('',#3056);
#924=VERTEX_POINT('',#3068);
#925=VERTEX_POINT('',#3069);
#926=VERTEX_POINT('',#3071);
#927=VERTEX_POINT('',#3073);
#928=VERTEX_POINT('',#3085);
#929=VERTEX_POINT('',#3086);
#930=VERTEX_POINT('',#3088);
#931=VERTEX_POINT('',#3090);
#932=VERTEX_POINT('',#3102);
#933=VERTEX_POINT('',#3103);
#934=VERTEX_POINT('',#3105);
#935=VERTEX_POINT('',#3107);
#936=VERTEX_POINT('',#3119);
#937=VERTEX_POINT('',#3121);
#938=VERTEX_POINT('',#3125);
#939=VERTEX_POINT('',#3127);
#940=VERTEX_POINT('',#3131);
#941=VERTEX_POINT('',#3133);
#942=VERTEX_POINT('',#3135);
#943=VERTEX_POINT('',#3137);
#944=VERTEX_POINT('',#3139);
#945=VERTEX_POINT('',#3141);
#946=VERTEX_POINT('',#3143);
#947=VERTEX_POINT('',#3145);
#948=VERTEX_POINT('',#3147);
#949=VERTEX_POINT('',#3149);
#950=VERTEX_POINT('',#3151);
#951=VERTEX_POINT('',#3155);
#952=VERTEX_POINT('',#3157);
#953=VERTEX_POINT('',#3161);
#954=VERTEX_POINT('',#3163);
#955=VERTEX_POINT('',#3188);
#956=VERTEX_POINT('',#3190);
#957=VERTEX_POINT('',#3194);
#958=VERTEX_POINT('',#3196);
#959=VERTEX_POINT('',#3200);
#960=VERTEX_POINT('',#3205);
#961=EDGE_CURVE('',#783,#784,#339,.T.);
#962=EDGE_CURVE('',#783,#785,#340,.T.);
#963=EDGE_CURVE('',#786,#785,#341,.T.);
#964=EDGE_CURVE('',#784,#786,#342,.T.);
#965=EDGE_CURVE('',#787,#788,#343,.T.);
#966=EDGE_CURVE('',#789,#787,#344,.T.);
#967=EDGE_CURVE('',#790,#789,#345,.T.);
#968=EDGE_CURVE('',#790,#788,#346,.T.);
#969=EDGE_CURVE('',#788,#783,#37,.T.);
#970=EDGE_CURVE('',#791,#784,#38,.T.);
#971=EDGE_CURVE('',#791,#792,#347,.T.);
#972=EDGE_CURVE('',#792,#792,#39,.T.);
#973=EDGE_CURVE('',#787,#791,#40,.T.);
#974=EDGE_CURVE('',#793,#793,#41,.T.);
#975=EDGE_CURVE('',#793,#794,#348,.T.);
#976=EDGE_CURVE('',#794,#794,#42,.T.);
#977=EDGE_CURVE('',#794,#795,#349,.T.);
#978=EDGE_CURVE('',#795,#795,#43,.T.);
#979=EDGE_CURVE('',#786,#789,#44,.T.);
#980=EDGE_CURVE('',#785,#790,#45,.T.);
#981=EDGE_CURVE('',#796,#797,#350,.T.);
#982=EDGE_CURVE('',#796,#798,#351,.T.);
#983=EDGE_CURVE('',#799,#798,#352,.T.);
#984=EDGE_CURVE('',#797,#799,#353,.T.);
#985=EDGE_CURVE('',#800,#801,#354,.T.);
#986=EDGE_CURVE('',#802,#800,#355,.T.);
#987=EDGE_CURVE('',#803,#802,#356,.T.);
#988=EDGE_CURVE('',#803,#801,#357,.T.);
#989=EDGE_CURVE('',#801,#796,#46,.T.);
#990=EDGE_CURVE('',#804,#797,#47,.T.);
#991=EDGE_CURVE('',#804,#805,#358,.T.);
#992=EDGE_CURVE('',#805,#805,#48,.T.);
#993=EDGE_CURVE('',#800,#804,#49,.T.);
#994=EDGE_CURVE('',#806,#806,#50,.T.);
#995=EDGE_CURVE('',#806,#807,#359,.T.);
#996=EDGE_CURVE('',#807,#807,#51,.T.);
#997=EDGE_CURVE('',#807,#808,#360,.T.);
#998=EDGE_CURVE('',#808,#808,#52,.T.);
#999=EDGE_CURVE('',#799,#802,#53,.T.);
#1000=EDGE_CURVE('',#798,#803,#54,.T.);
#1001=EDGE_CURVE('',#809,#810,#361,.T.);
#1002=EDGE_CURVE('',#809,#811,#362,.T.);
#1003=EDGE_CURVE('',#812,#811,#363,.T.);
#1004=EDGE_CURVE('',#810,#812,#364,.T.);
#1005=EDGE_CURVE('',#813,#809,#365,.T.);
#1006=EDGE_CURVE('',#814,#813,#366,.T.);
#1007=EDGE_CURVE('',#811,#814,#367,.T.);
#1008=EDGE_CURVE('',#815,#813,#368,.T.);
#1009=EDGE_CURVE('',#816,#815,#369,.T.);
#1010=EDGE_CURVE('',#814,#816,#370,.T.);
#1011=EDGE_CURVE('',#817,#816,#371,.T.);
#1012=EDGE_CURVE('',#817,#818,#372,.T.);
#1013=EDGE_CURVE('',#819,#818,#373,.T.);
#1014=EDGE_CURVE('',#820,#819,#374,.T.);
#1015=EDGE_CURVE('',#812,#820,#375,.T.);
#1016=EDGE_CURVE('',#821,#822,#376,.T.);
#1017=EDGE_CURVE('',#822,#823,#377,.T.);
#1018=EDGE_CURVE('',#823,#824,#378,.T.);
#1019=EDGE_CURVE('',#824,#821,#379,.T.);
#1020=EDGE_CURVE('',#825,#826,#380,.T.);
#1021=EDGE_CURVE('',#826,#827,#381,.T.);
#1022=EDGE_CURVE('',#827,#828,#382,.T.);
#1023=EDGE_CURVE('',#828,#825,#383,.T.);
#1024=EDGE_CURVE('',#815,#829,#384,.T.);
#1025=EDGE_CURVE('',#829,#830,#55,.T.);
#1026=EDGE_CURVE('',#830,#831,#385,.T.);
#1027=EDGE_CURVE('',#832,#831,#386,.T.);
#1028=EDGE_CURVE('',#832,#833,#387,.T.);
#1029=EDGE_CURVE('',#833,#817,#56,.T.);
#1030=EDGE_CURVE('',#820,#834,#57,.T.);
#1031=EDGE_CURVE('',#834,#835,#388,.T.);
#1032=EDGE_CURVE('',#836,#835,#389,.T.);
#1033=EDGE_CURVE('',#836,#837,#390,.T.);
#1034=EDGE_CURVE('',#837,#838,#58,.T.);
#1035=EDGE_CURVE('',#838,#810,#391,.T.);
#1036=EDGE_CURVE('',#839,#827,#392,.T.);
#1037=EDGE_CURVE('',#840,#839,#393,.T.);
#1038=EDGE_CURVE('',#828,#840,#394,.T.);
#1039=EDGE_CURVE('',#840,#841,#395,.T.);
#1040=EDGE_CURVE('',#841,#825,#396,.T.);
#1041=EDGE_CURVE('',#842,#841,#397,.T.);
#1042=EDGE_CURVE('',#826,#842,#398,.T.);
#1043=EDGE_CURVE('',#839,#842,#399,.T.);
#1044=EDGE_CURVE('',#843,#823,#400,.T.);
#1045=EDGE_CURVE('',#844,#843,#401,.T.);
#1046=EDGE_CURVE('',#824,#844,#402,.T.);
#1047=EDGE_CURVE('',#844,#845,#403,.T.);
#1048=EDGE_CURVE('',#845,#821,#404,.T.);
#1049=EDGE_CURVE('',#846,#845,#405,.T.);
#1050=EDGE_CURVE('',#822,#846,#406,.T.);
#1051=EDGE_CURVE('',#843,#846,#407,.T.);
#1052=EDGE_CURVE('',#847,#847,#59,.T.);
#1053=EDGE_CURVE('',#847,#848,#408,.T.);
#1054=EDGE_CURVE('',#848,#848,#60,.T.);
#1055=EDGE_CURVE('',#849,#849,#61,.T.);
#1056=EDGE_CURVE('',#849,#850,#409,.T.);
#1057=EDGE_CURVE('',#850,#850,#62,.T.);
#1058=EDGE_CURVE('',#851,#851,#63,.T.);
#1059=EDGE_CURVE('',#851,#852,#410,.T.);
#1060=EDGE_CURVE('',#852,#852,#64,.T.);
#1061=EDGE_CURVE('',#853,#853,#65,.T.);
#1062=EDGE_CURVE('',#853,#854,#411,.T.);
#1063=EDGE_CURVE('',#854,#854,#66,.T.);
#1064=EDGE_CURVE('',#855,#856,#412,.T.);
#1065=EDGE_CURVE('',#857,#855,#413,.T.);
#1066=EDGE_CURVE('',#857,#858,#414,.T.);
#1067=EDGE_CURVE('',#856,#858,#415,.T.);
#1068=EDGE_CURVE('',#859,#860,#416,.T.);
#1069=EDGE_CURVE('',#858,#860,#417,.T.);
#1070=EDGE_CURVE('',#859,#857,#418,.T.);
#1071=EDGE_CURVE('',#861,#862,#419,.T.);
#1072=EDGE_CURVE('',#860,#861,#420,.T.);
#1073=EDGE_CURVE('',#862,#859,#421,.T.);
#1074=EDGE_CURVE('',#861,#863,#422,.T.);
#1075=EDGE_CURVE('',#863,#864,#67,.T.);
#1076=EDGE_CURVE('',#864,#865,#423,.T.);
#1077=EDGE_CURVE('',#865,#866,#68,.T.);
#1078=EDGE_CURVE('',#866,#867,#424,.T.);
#1079=EDGE_CURVE('',#867,#868,#69,.T.);
#1080=EDGE_CURVE('',#868,#869,#425,.T.);
#1081=EDGE_CURVE('',#869,#870,#70,.T.);
#1082=EDGE_CURVE('',#870,#871,#426,.T.);
#1083=EDGE_CURVE('',#871,#872,#427,.T.);
#1084=EDGE_CURVE('',#872,#873,#428,.T.);
#1085=EDGE_CURVE('',#873,#874,#429,.T.);
#1086=EDGE_CURVE('',#874,#856,#430,.T.);
#1087=EDGE_CURVE('',#875,#876,#431,.T.);
#1088=EDGE_CURVE('',#876,#877,#432,.T.);
#1089=EDGE_CURVE('',#877,#878,#433,.T.);
#1090=EDGE_CURVE('',#878,#875,#434,.T.);
#1091=EDGE_CURVE('',#879,#880,#435,.T.);
#1092=EDGE_CURVE('',#880,#881,#436,.T.);
#1093=EDGE_CURVE('',#881,#882,#437,.T.);
#1094=EDGE_CURVE('',#882,#879,#438,.T.);
#1095=EDGE_CURVE('',#883,#884,#439,.T.);
#1096=EDGE_CURVE('',#884,#885,#440,.T.);
#1097=EDGE_CURVE('',#885,#886,#441,.T.);
#1098=EDGE_CURVE('',#886,#883,#442,.T.);
#1099=EDGE_CURVE('',#887,#888,#443,.T.);
#1100=EDGE_CURVE('',#888,#889,#444,.T.);
#1101=EDGE_CURVE('',#889,#890,#445,.T.);
#1102=EDGE_CURVE('',#890,#887,#446,.T.);
#1103=EDGE_CURVE('',#891,#862,#447,.T.);
#1104=EDGE_CURVE('',#891,#863,#448,.T.);
#1105=EDGE_CURVE('',#892,#871,#449,.T.);
#1106=EDGE_CURVE('',#893,#892,#450,.T.);
#1107=EDGE_CURVE('',#893,#872,#451,.T.);
#1108=EDGE_CURVE('',#894,#873,#452,.T.);
#1109=EDGE_CURVE('',#894,#893,#453,.T.);
#1110=EDGE_CURVE('',#874,#895,#454,.T.);
#1111=EDGE_CURVE('',#895,#894,#455,.T.);
#1112=EDGE_CURVE('',#855,#895,#456,.T.);
#1113=EDGE_CURVE('',#896,#896,#71,.T.);
#1114=EDGE_CURVE('',#896,#897,#457,.T.);
#1115=EDGE_CURVE('',#897,#897,#72,.T.);
#1116=EDGE_CURVE('',#898,#898,#73,.T.);
#1117=EDGE_CURVE('',#898,#899,#458,.T.);
#1118=EDGE_CURVE('',#899,#899,#74,.T.);
#1119=EDGE_CURVE('',#900,#901,#459,.T.);
#1120=EDGE_CURVE('',#901,#902,#460,.T.);
#1121=EDGE_CURVE('',#902,#903,#461,.T.);
#1122=EDGE_CURVE('',#903,#900,#462,.T.);
#1123=EDGE_CURVE('',#904,#901,#463,.T.);
#1124=EDGE_CURVE('',#905,#904,#464,.T.);
#1125=EDGE_CURVE('',#906,#905,#465,.T.);
#1126=EDGE_CURVE('',#906,#902,#466,.T.);
#1127=EDGE_CURVE('',#900,#907,#467,.T.);
#1128=EDGE_CURVE('',#904,#907,#468,.T.);
#1129=EDGE_CURVE('',#908,#906,#469,.T.);
#1130=EDGE_CURVE('',#909,#905,#470,.T.);
#1131=EDGE_CURVE('',#909,#908,#471,.T.);
#1132=EDGE_CURVE('',#908,#903,#472,.T.);
#1133=EDGE_CURVE('',#907,#909,#473,.T.);
#1134=EDGE_CURVE('',#910,#911,#474,.T.);
#1135=EDGE_CURVE('',#911,#912,#475,.T.);
#1136=EDGE_CURVE('',#912,#913,#476,.T.);
#1137=EDGE_CURVE('',#913,#910,#477,.T.);
#1138=EDGE_CURVE('',#914,#911,#478,.T.);
#1139=EDGE_CURVE('',#915,#914,#479,.T.);
#1140=EDGE_CURVE('',#916,#915,#480,.T.);
#1141=EDGE_CURVE('',#916,#912,#481,.T.);
#1142=EDGE_CURVE('',#910,#917,#482,.T.);
#1143=EDGE_CURVE('',#914,#917,#483,.T.);
#1144=EDGE_CURVE('',#918,#916,#484,.T.);
#1145=EDGE_CURVE('',#919,#915,#485,.T.);
#1146=EDGE_CURVE('',#919,#918,#486,.T.);
#1147=EDGE_CURVE('',#918,#913,#487,.T.);
#1148=EDGE_CURVE('',#917,#919,#488,.T.);
#1149=EDGE_CURVE('',#920,#921,#489,.T.);
#1150=EDGE_CURVE('',#921,#922,#490,.T.);
#1151=EDGE_CURVE('',#922,#923,#491,.T.);
#1152=EDGE_CURVE('',#923,#920,#492,.T.);
#1153=EDGE_CURVE('',#923,#876,#493,.T.);
#1154=EDGE_CURVE('',#920,#875,#494,.T.);
#1155=EDGE_CURVE('',#922,#877,#495,.T.);
#1156=EDGE_CURVE('',#921,#878,#496,.T.);
#1157=EDGE_CURVE('',#924,#925,#497,.T.);
#1158=EDGE_CURVE('',#925,#926,#498,.T.);
#1159=EDGE_CURVE('',#926,#927,#499,.T.);
#1160=EDGE_CURVE('',#927,#924,#500,.T.);
#1161=EDGE_CURVE('',#927,#880,#501,.T.);
#1162=EDGE_CURVE('',#924,#879,#502,.T.);
#1163=EDGE_CURVE('',#926,#881,#503,.T.);
#1164=EDGE_CURVE('',#925,#882,#504,.T.);
#1165=EDGE_CURVE('',#928,#929,#505,.T.);
#1166=EDGE_CURVE('',#929,#930,#506,.T.);
#1167=EDGE_CURVE('',#930,#931,#507,.T.);
#1168=EDGE_CURVE('',#931,#928,#508,.T.);
#1169=EDGE_CURVE('',#931,#884,#509,.T.);
#1170=EDGE_CURVE('',#928,#883,#510,.T.);
#1171=EDGE_CURVE('',#930,#885,#511,.T.);
#1172=EDGE_CURVE('',#929,#886,#512,.T.);
#1173=EDGE_CURVE('',#932,#933,#513,.T.);
#1174=EDGE_CURVE('',#933,#934,#514,.T.);
#1175=EDGE_CURVE('',#934,#935,#515,.T.);
#1176=EDGE_CURVE('',#935,#932,#516,.T.);
#1177=EDGE_CURVE('',#935,#888,#517,.T.);
#1178=EDGE_CURVE('',#932,#887,#518,.T.);
#1179=EDGE_CURVE('',#934,#889,#519,.T.);
#1180=EDGE_CURVE('',#933,#890,#520,.T.);
#1181=EDGE_CURVE('',#831,#936,#521,.T.);
#1182=EDGE_CURVE('',#937,#936,#522,.T.);
#1183=EDGE_CURVE('',#937,#832,#523,.T.);
#1184=EDGE_CURVE('',#938,#836,#524,.T.);
#1185=EDGE_CURVE('',#835,#939,#525,.T.);
#1186=EDGE_CURVE('',#938,#939,#526,.T.);
#1187=EDGE_CURVE('',#892,#940,#527,.T.);
#1188=EDGE_CURVE('',#940,#941,#75,.T.);
#1189=EDGE_CURVE('',#941,#942,#528,.T.);
#1190=EDGE_CURVE('',#943,#942,#529,.T.);
#1191=EDGE_CURVE('',#943,#944,#530,.T.);
#1192=EDGE_CURVE('',#944,#945,#76,.T.);
#1193=EDGE_CURVE('',#945,#946,#531,.T.);
#1194=EDGE_CURVE('',#946,#947,#77,.T.);
#1195=EDGE_CURVE('',#947,#948,#532,.T.);
#1196=EDGE_CURVE('',#949,#948,#533,.T.);
#1197=EDGE_CURVE('',#949,#950,#534,.T.);
#1198=EDGE_CURVE('',#950,#891,#78,.T.);
#1199=EDGE_CURVE('',#942,#951,#535,.T.);
#1200=EDGE_CURVE('',#952,#951,#536,.T.);
#1201=EDGE_CURVE('',#952,#943,#537,.T.);
#1202=EDGE_CURVE('',#953,#949,#538,.T.);
#1203=EDGE_CURVE('',#948,#954,#539,.T.);
#1204=EDGE_CURVE('',#953,#954,#540,.T.);
#1205=EDGE_CURVE('',#939,#952,#541,.T.);
#1206=EDGE_CURVE('',#951,#938,#542,.T.);
#1207=EDGE_CURVE('',#950,#864,#543,.T.);
#1208=EDGE_CURVE('',#940,#870,#544,.T.);
#1209=EDGE_CURVE('',#941,#869,#545,.T.);
#1210=EDGE_CURVE('',#837,#868,#546,.T.);
#1211=EDGE_CURVE('',#829,#866,#547,.T.);
#1212=EDGE_CURVE('',#830,#865,#548,.T.);
#1213=EDGE_CURVE('',#838,#867,#549,.T.);
#1214=EDGE_CURVE('',#936,#953,#550,.T.);
#1215=EDGE_CURVE('',#954,#937,#551,.T.);
#1216=EDGE_CURVE('',#946,#955,#552,.T.);
#1217=EDGE_CURVE('',#956,#955,#79,.T.);
#1218=EDGE_CURVE('',#947,#956,#553,.T.);
#1219=EDGE_CURVE('',#944,#957,#554,.T.);
#1220=EDGE_CURVE('',#958,#957,#80,.T.);
#1221=EDGE_CURVE('',#945,#958,#555,.T.);
#1222=EDGE_CURVE('',#833,#959,#556,.T.);
#1223=EDGE_CURVE('',#818,#959,#81,.T.);
#1224=EDGE_CURVE('',#955,#958,#557,.T.);
#1225=EDGE_CURVE('',#957,#960,#558,.T.);
#1226=EDGE_CURVE('',#960,#819,#82,.T.);
#1227=EDGE_CURVE('',#959,#956,#559,.T.);
#1228=EDGE_CURVE('',#834,#960,#560,.T.);
#1229=ORIENTED_EDGE('',*,*,#961,.F.);
#1230=ORIENTED_EDGE('',*,*,#962,.T.);
#1231=ORIENTED_EDGE('',*,*,#963,.F.);
#1232=ORIENTED_EDGE('',*,*,#964,.F.);
#1233=ORIENTED_EDGE('',*,*,#965,.F.);
#1234=ORIENTED_EDGE('',*,*,#966,.F.);
#1235=ORIENTED_EDGE('',*,*,#967,.F.);
#1236=ORIENTED_EDGE('',*,*,#968,.T.);
#1237=ORIENTED_EDGE('',*,*,#965,.T.);
#1238=ORIENTED_EDGE('',*,*,#969,.T.);
#1239=ORIENTED_EDGE('',*,*,#961,.T.);
#1240=ORIENTED_EDGE('',*,*,#970,.F.);
#1241=ORIENTED_EDGE('',*,*,#971,.T.);
#1242=ORIENTED_EDGE('',*,*,#972,.F.);
#1243=ORIENTED_EDGE('',*,*,#971,.F.);
#1244=ORIENTED_EDGE('',*,*,#973,.F.);
#1245=ORIENTED_EDGE('',*,*,#974,.F.);
#1246=ORIENTED_EDGE('',*,*,#975,.T.);
#1247=ORIENTED_EDGE('',*,*,#976,.F.);
#1248=ORIENTED_EDGE('',*,*,#975,.F.);
#1249=ORIENTED_EDGE('',*,*,#976,.T.);
#1250=ORIENTED_EDGE('',*,*,#977,.T.);
#1251=ORIENTED_EDGE('',*,*,#978,.F.);
#1252=ORIENTED_EDGE('',*,*,#977,.F.);
#1253=ORIENTED_EDGE('',*,*,#967,.T.);
#1254=ORIENTED_EDGE('',*,*,#979,.F.);
#1255=ORIENTED_EDGE('',*,*,#963,.T.);
#1256=ORIENTED_EDGE('',*,*,#980,.T.);
#1257=ORIENTED_EDGE('',*,*,#980,.F.);
#1258=ORIENTED_EDGE('',*,*,#962,.F.);
#1259=ORIENTED_EDGE('',*,*,#969,.F.);
#1260=ORIENTED_EDGE('',*,*,#968,.F.);
#1261=ORIENTED_EDGE('',*,*,#978,.T.);
#1262=ORIENTED_EDGE('',*,*,#981,.F.);
#1263=ORIENTED_EDGE('',*,*,#982,.T.);
#1264=ORIENTED_EDGE('',*,*,#983,.F.);
#1265=ORIENTED_EDGE('',*,*,#984,.F.);
#1266=ORIENTED_EDGE('',*,*,#985,.F.);
#1267=ORIENTED_EDGE('',*,*,#986,.F.);
#1268=ORIENTED_EDGE('',*,*,#987,.F.);
#1269=ORIENTED_EDGE('',*,*,#988,.T.);
#1270=ORIENTED_EDGE('',*,*,#985,.T.);
#1271=ORIENTED_EDGE('',*,*,#989,.T.);
#1272=ORIENTED_EDGE('',*,*,#981,.T.);
#1273=ORIENTED_EDGE('',*,*,#990,.F.);
#1274=ORIENTED_EDGE('',*,*,#991,.T.);
#1275=ORIENTED_EDGE('',*,*,#992,.F.);
#1276=ORIENTED_EDGE('',*,*,#991,.F.);
#1277=ORIENTED_EDGE('',*,*,#993,.F.);
#1278=ORIENTED_EDGE('',*,*,#994,.F.);
#1279=ORIENTED_EDGE('',*,*,#995,.T.);
#1280=ORIENTED_EDGE('',*,*,#996,.F.);
#1281=ORIENTED_EDGE('',*,*,#995,.F.);
#1282=ORIENTED_EDGE('',*,*,#996,.T.);
#1283=ORIENTED_EDGE('',*,*,#997,.T.);
#1284=ORIENTED_EDGE('',*,*,#998,.F.);
#1285=ORIENTED_EDGE('',*,*,#997,.F.);
#1286=ORIENTED_EDGE('',*,*,#987,.T.);
#1287=ORIENTED_EDGE('',*,*,#999,.F.);
#1288=ORIENTED_EDGE('',*,*,#983,.T.);
#1289=ORIENTED_EDGE('',*,*,#1000,.T.);
#1290=ORIENTED_EDGE('',*,*,#1000,.F.);
#1291=ORIENTED_EDGE('',*,*,#982,.F.);
#1292=ORIENTED_EDGE('',*,*,#989,.F.);
#1293=ORIENTED_EDGE('',*,*,#988,.F.);
#1294=ORIENTED_EDGE('',*,*,#998,.T.);
#1295=ORIENTED_EDGE('',*,*,#966,.T.);
#1296=ORIENTED_EDGE('',*,*,#973,.T.);
#1297=ORIENTED_EDGE('',*,*,#970,.T.);
#1298=ORIENTED_EDGE('',*,*,#964,.T.);
#1299=ORIENTED_EDGE('',*,*,#979,.T.);
#1300=ORIENTED_EDGE('',*,*,#986,.T.);
#1301=ORIENTED_EDGE('',*,*,#993,.T.);
#1302=ORIENTED_EDGE('',*,*,#990,.T.);
#1303=ORIENTED_EDGE('',*,*,#984,.T.);
#1304=ORIENTED_EDGE('',*,*,#999,.T.);
#1305=ORIENTED_EDGE('',*,*,#1001,.F.);
#1306=ORIENTED_EDGE('',*,*,#1002,.T.);
#1307=ORIENTED_EDGE('',*,*,#1003,.F.);
#1308=ORIENTED_EDGE('',*,*,#1004,.F.);
#1309=ORIENTED_EDGE('',*,*,#1005,.F.);
#1310=ORIENTED_EDGE('',*,*,#1006,.F.);
#1311=ORIENTED_EDGE('',*,*,#1007,.F.);
#1312=ORIENTED_EDGE('',*,*,#1002,.F.);
#1313=ORIENTED_EDGE('',*,*,#1008,.F.);
#1314=ORIENTED_EDGE('',*,*,#1009,.F.);
#1315=ORIENTED_EDGE('',*,*,#1010,.F.);
#1316=ORIENTED_EDGE('',*,*,#1006,.T.);
#1317=ORIENTED_EDGE('',*,*,#1003,.T.);
#1318=ORIENTED_EDGE('',*,*,#1007,.T.);
#1319=ORIENTED_EDGE('',*,*,#1010,.T.);
#1320=ORIENTED_EDGE('',*,*,#1011,.F.);
#1321=ORIENTED_EDGE('',*,*,#1012,.T.);
#1322=ORIENTED_EDGE('',*,*,#1013,.F.);
#1323=ORIENTED_EDGE('',*,*,#1014,.F.);
#1324=ORIENTED_EDGE('',*,*,#1015,.F.);
#1325=ORIENTED_EDGE('',*,*,#1016,.T.);
#1326=ORIENTED_EDGE('',*,*,#1017,.T.);
#1327=ORIENTED_EDGE('',*,*,#1018,.T.);
#1328=ORIENTED_EDGE('',*,*,#1019,.T.);
#1329=ORIENTED_EDGE('',*,*,#1020,.T.);
#1330=ORIENTED_EDGE('',*,*,#1021,.T.);
#1331=ORIENTED_EDGE('',*,*,#1022,.T.);
#1332=ORIENTED_EDGE('',*,*,#1023,.T.);
#1333=ORIENTED_EDGE('',*,*,#1009,.T.);
#1334=ORIENTED_EDGE('',*,*,#1024,.T.);
#1335=ORIENTED_EDGE('',*,*,#1025,.T.);
#1336=ORIENTED_EDGE('',*,*,#1026,.T.);
#1337=ORIENTED_EDGE('',*,*,#1027,.F.);
#1338=ORIENTED_EDGE('',*,*,#1028,.T.);
#1339=ORIENTED_EDGE('',*,*,#1029,.T.);
#1340=ORIENTED_EDGE('',*,*,#1011,.T.);
#1341=ORIENTED_EDGE('',*,*,#1004,.T.);
#1342=ORIENTED_EDGE('',*,*,#1015,.T.);
#1343=ORIENTED_EDGE('',*,*,#1030,.T.);
#1344=ORIENTED_EDGE('',*,*,#1031,.T.);
#1345=ORIENTED_EDGE('',*,*,#1032,.F.);
#1346=ORIENTED_EDGE('',*,*,#1033,.T.);
#1347=ORIENTED_EDGE('',*,*,#1034,.T.);
#1348=ORIENTED_EDGE('',*,*,#1035,.T.);
#1349=ORIENTED_EDGE('',*,*,#1022,.F.);
#1350=ORIENTED_EDGE('',*,*,#1036,.F.);
#1351=ORIENTED_EDGE('',*,*,#1037,.F.);
#1352=ORIENTED_EDGE('',*,*,#1038,.F.);
#1353=ORIENTED_EDGE('',*,*,#1023,.F.);
#1354=ORIENTED_EDGE('',*,*,#1038,.T.);
#1355=ORIENTED_EDGE('',*,*,#1039,.T.);
#1356=ORIENTED_EDGE('',*,*,#1040,.T.);
#1357=ORIENTED_EDGE('',*,*,#1020,.F.);
#1358=ORIENTED_EDGE('',*,*,#1040,.F.);
#1359=ORIENTED_EDGE('',*,*,#1041,.F.);
#1360=ORIENTED_EDGE('',*,*,#1042,.F.);
#1361=ORIENTED_EDGE('',*,*,#1021,.F.);
#1362=ORIENTED_EDGE('',*,*,#1042,.T.);
#1363=ORIENTED_EDGE('',*,*,#1043,.F.);
#1364=ORIENTED_EDGE('',*,*,#1036,.T.);
#1365=ORIENTED_EDGE('',*,*,#1039,.F.);
#1366=ORIENTED_EDGE('',*,*,#1037,.T.);
#1367=ORIENTED_EDGE('',*,*,#1043,.T.);
#1368=ORIENTED_EDGE('',*,*,#1041,.T.);
#1369=ORIENTED_EDGE('',*,*,#1018,.F.);
#1370=ORIENTED_EDGE('',*,*,#1044,.F.);
#1371=ORIENTED_EDGE('',*,*,#1045,.F.);
#1372=ORIENTED_EDGE('',*,*,#1046,.F.);
#1373=ORIENTED_EDGE('',*,*,#1019,.F.);
#1374=ORIENTED_EDGE('',*,*,#1046,.T.);
#1375=ORIENTED_EDGE('',*,*,#1047,.T.);
#1376=ORIENTED_EDGE('',*,*,#1048,.T.);
#1377=ORIENTED_EDGE('',*,*,#1016,.F.);
#1378=ORIENTED_EDGE('',*,*,#1048,.F.);
#1379=ORIENTED_EDGE('',*,*,#1049,.F.);
#1380=ORIENTED_EDGE('',*,*,#1050,.F.);
#1381=ORIENTED_EDGE('',*,*,#1017,.F.);
#1382=ORIENTED_EDGE('',*,*,#1050,.T.);
#1383=ORIENTED_EDGE('',*,*,#1051,.F.);
#1384=ORIENTED_EDGE('',*,*,#1044,.T.);
#1385=ORIENTED_EDGE('',*,*,#1047,.F.);
#1386=ORIENTED_EDGE('',*,*,#1045,.T.);
#1387=ORIENTED_EDGE('',*,*,#1051,.T.);
#1388=ORIENTED_EDGE('',*,*,#1049,.T.);
#1389=ORIENTED_EDGE('',*,*,#1052,.T.);
#1390=ORIENTED_EDGE('',*,*,#1053,.T.);
#1391=ORIENTED_EDGE('',*,*,#1054,.F.);
#1392=ORIENTED_EDGE('',*,*,#1053,.F.);
#1393=ORIENTED_EDGE('',*,*,#1052,.F.);
#1394=ORIENTED_EDGE('',*,*,#1055,.T.);
#1395=ORIENTED_EDGE('',*,*,#1056,.T.);
#1396=ORIENTED_EDGE('',*,*,#1057,.F.);
#1397=ORIENTED_EDGE('',*,*,#1056,.F.);
#1398=ORIENTED_EDGE('',*,*,#1055,.F.);
#1399=ORIENTED_EDGE('',*,*,#1054,.T.);
#1400=ORIENTED_EDGE('',*,*,#1058,.T.);
#1401=ORIENTED_EDGE('',*,*,#1059,.T.);
#1402=ORIENTED_EDGE('',*,*,#1060,.F.);
#1403=ORIENTED_EDGE('',*,*,#1059,.F.);
#1404=ORIENTED_EDGE('',*,*,#1058,.F.);
#1405=ORIENTED_EDGE('',*,*,#1061,.T.);
#1406=ORIENTED_EDGE('',*,*,#1062,.T.);
#1407=ORIENTED_EDGE('',*,*,#1063,.F.);
#1408=ORIENTED_EDGE('',*,*,#1062,.F.);
#1409=ORIENTED_EDGE('',*,*,#1061,.F.);
#1410=ORIENTED_EDGE('',*,*,#1060,.T.);
#1411=ORIENTED_EDGE('',*,*,#1064,.F.);
#1412=ORIENTED_EDGE('',*,*,#1065,.F.);
#1413=ORIENTED_EDGE('',*,*,#1066,.T.);
#1414=ORIENTED_EDGE('',*,*,#1067,.F.);
#1415=ORIENTED_EDGE('',*,*,#1068,.T.);
#1416=ORIENTED_EDGE('',*,*,#1069,.F.);
#1417=ORIENTED_EDGE('',*,*,#1066,.F.);
#1418=ORIENTED_EDGE('',*,*,#1070,.F.);
#1419=ORIENTED_EDGE('',*,*,#1071,.F.);
#1420=ORIENTED_EDGE('',*,*,#1072,.F.);
#1421=ORIENTED_EDGE('',*,*,#1068,.F.);
#1422=ORIENTED_EDGE('',*,*,#1073,.F.);
#1423=ORIENTED_EDGE('',*,*,#1067,.T.);
#1424=ORIENTED_EDGE('',*,*,#1069,.T.);
#1425=ORIENTED_EDGE('',*,*,#1072,.T.);
#1426=ORIENTED_EDGE('',*,*,#1074,.T.);
#1427=ORIENTED_EDGE('',*,*,#1075,.T.);
#1428=ORIENTED_EDGE('',*,*,#1076,.T.);
#1429=ORIENTED_EDGE('',*,*,#1077,.T.);
#1430=ORIENTED_EDGE('',*,*,#1078,.T.);
#1431=ORIENTED_EDGE('',*,*,#1079,.T.);
#1432=ORIENTED_EDGE('',*,*,#1080,.T.);
#1433=ORIENTED_EDGE('',*,*,#1081,.T.);
#1434=ORIENTED_EDGE('',*,*,#1082,.T.);
#1435=ORIENTED_EDGE('',*,*,#1083,.T.);
#1436=ORIENTED_EDGE('',*,*,#1084,.T.);
#1437=ORIENTED_EDGE('',*,*,#1085,.T.);
#1438=ORIENTED_EDGE('',*,*,#1086,.T.);
#1439=ORIENTED_EDGE('',*,*,#972,.T.);
#1440=ORIENTED_EDGE('',*,*,#992,.T.);
#1441=ORIENTED_EDGE('',*,*,#1087,.T.);
#1442=ORIENTED_EDGE('',*,*,#1088,.T.);
#1443=ORIENTED_EDGE('',*,*,#1089,.T.);
#1444=ORIENTED_EDGE('',*,*,#1090,.T.);
#1445=ORIENTED_EDGE('',*,*,#1091,.T.);
#1446=ORIENTED_EDGE('',*,*,#1092,.T.);
#1447=ORIENTED_EDGE('',*,*,#1093,.T.);
#1448=ORIENTED_EDGE('',*,*,#1094,.T.);
#1449=ORIENTED_EDGE('',*,*,#1095,.T.);
#1450=ORIENTED_EDGE('',*,*,#1096,.T.);
#1451=ORIENTED_EDGE('',*,*,#1097,.T.);
#1452=ORIENTED_EDGE('',*,*,#1098,.T.);
#1453=ORIENTED_EDGE('',*,*,#1099,.T.);
#1454=ORIENTED_EDGE('',*,*,#1100,.T.);
#1455=ORIENTED_EDGE('',*,*,#1101,.T.);
#1456=ORIENTED_EDGE('',*,*,#1102,.T.);
#1457=ORIENTED_EDGE('',*,*,#1071,.T.);
#1458=ORIENTED_EDGE('',*,*,#1103,.F.);
#1459=ORIENTED_EDGE('',*,*,#1104,.T.);
#1460=ORIENTED_EDGE('',*,*,#1074,.F.);
#1461=ORIENTED_EDGE('',*,*,#1105,.F.);
#1462=ORIENTED_EDGE('',*,*,#1106,.F.);
#1463=ORIENTED_EDGE('',*,*,#1107,.T.);
#1464=ORIENTED_EDGE('',*,*,#1083,.F.);
#1465=ORIENTED_EDGE('',*,*,#1108,.T.);
#1466=ORIENTED_EDGE('',*,*,#1084,.F.);
#1467=ORIENTED_EDGE('',*,*,#1107,.F.);
#1468=ORIENTED_EDGE('',*,*,#1109,.F.);
#1469=ORIENTED_EDGE('',*,*,#1110,.F.);
#1470=ORIENTED_EDGE('',*,*,#1085,.F.);
#1471=ORIENTED_EDGE('',*,*,#1108,.F.);
#1472=ORIENTED_EDGE('',*,*,#1111,.F.);
#1473=ORIENTED_EDGE('',*,*,#1064,.T.);
#1474=ORIENTED_EDGE('',*,*,#1086,.F.);
#1475=ORIENTED_EDGE('',*,*,#1110,.T.);
#1476=ORIENTED_EDGE('',*,*,#1112,.F.);
#1477=ORIENTED_EDGE('',*,*,#1113,.F.);
#1478=ORIENTED_EDGE('',*,*,#1114,.T.);
#1479=ORIENTED_EDGE('',*,*,#1115,.F.);
#1480=ORIENTED_EDGE('',*,*,#1114,.F.);
#1481=ORIENTED_EDGE('',*,*,#1113,.T.);
#1482=ORIENTED_EDGE('',*,*,#1116,.F.);
#1483=ORIENTED_EDGE('',*,*,#1117,.T.);
#1484=ORIENTED_EDGE('',*,*,#1118,.F.);
#1485=ORIENTED_EDGE('',*,*,#1117,.F.);
#1486=ORIENTED_EDGE('',*,*,#1116,.T.);
#1487=ORIENTED_EDGE('',*,*,#1119,.T.);
#1488=ORIENTED_EDGE('',*,*,#1120,.T.);
#1489=ORIENTED_EDGE('',*,*,#1121,.T.);
#1490=ORIENTED_EDGE('',*,*,#1122,.T.);
#1491=ORIENTED_EDGE('',*,*,#1120,.F.);
#1492=ORIENTED_EDGE('',*,*,#1123,.F.);
#1493=ORIENTED_EDGE('',*,*,#1124,.F.);
#1494=ORIENTED_EDGE('',*,*,#1125,.F.);
#1495=ORIENTED_EDGE('',*,*,#1126,.T.);
#1496=ORIENTED_EDGE('',*,*,#1119,.F.);
#1497=ORIENTED_EDGE('',*,*,#1127,.T.);
#1498=ORIENTED_EDGE('',*,*,#1128,.F.);
#1499=ORIENTED_EDGE('',*,*,#1123,.T.);
#1500=ORIENTED_EDGE('',*,*,#1129,.T.);
#1501=ORIENTED_EDGE('',*,*,#1125,.T.);
#1502=ORIENTED_EDGE('',*,*,#1130,.F.);
#1503=ORIENTED_EDGE('',*,*,#1131,.T.);
#1504=ORIENTED_EDGE('',*,*,#1122,.F.);
#1505=ORIENTED_EDGE('',*,*,#1132,.F.);
#1506=ORIENTED_EDGE('',*,*,#1131,.F.);
#1507=ORIENTED_EDGE('',*,*,#1133,.F.);
#1508=ORIENTED_EDGE('',*,*,#1127,.F.);
#1509=ORIENTED_EDGE('',*,*,#1121,.F.);
#1510=ORIENTED_EDGE('',*,*,#1126,.F.);
#1511=ORIENTED_EDGE('',*,*,#1129,.F.);
#1512=ORIENTED_EDGE('',*,*,#1132,.T.);
#1513=ORIENTED_EDGE('',*,*,#1134,.T.);
#1514=ORIENTED_EDGE('',*,*,#1135,.T.);
#1515=ORIENTED_EDGE('',*,*,#1136,.T.);
#1516=ORIENTED_EDGE('',*,*,#1137,.T.);
#1517=ORIENTED_EDGE('',*,*,#1135,.F.);
#1518=ORIENTED_EDGE('',*,*,#1138,.F.);
#1519=ORIENTED_EDGE('',*,*,#1139,.F.);
#1520=ORIENTED_EDGE('',*,*,#1140,.F.);
#1521=ORIENTED_EDGE('',*,*,#1141,.T.);
#1522=ORIENTED_EDGE('',*,*,#1134,.F.);
#1523=ORIENTED_EDGE('',*,*,#1142,.T.);
#1524=ORIENTED_EDGE('',*,*,#1143,.F.);
#1525=ORIENTED_EDGE('',*,*,#1138,.T.);
#1526=ORIENTED_EDGE('',*,*,#1144,.T.);
#1527=ORIENTED_EDGE('',*,*,#1140,.T.);
#1528=ORIENTED_EDGE('',*,*,#1145,.F.);
#1529=ORIENTED_EDGE('',*,*,#1146,.T.);
#1530=ORIENTED_EDGE('',*,*,#1137,.F.);
#1531=ORIENTED_EDGE('',*,*,#1147,.F.);
#1532=ORIENTED_EDGE('',*,*,#1146,.F.);
#1533=ORIENTED_EDGE('',*,*,#1148,.F.);
#1534=ORIENTED_EDGE('',*,*,#1142,.F.);
#1535=ORIENTED_EDGE('',*,*,#1136,.F.);
#1536=ORIENTED_EDGE('',*,*,#1141,.F.);
#1537=ORIENTED_EDGE('',*,*,#1144,.F.);
#1538=ORIENTED_EDGE('',*,*,#1147,.T.);
#1539=ORIENTED_EDGE('',*,*,#1149,.T.);
#1540=ORIENTED_EDGE('',*,*,#1150,.T.);
#1541=ORIENTED_EDGE('',*,*,#1151,.T.);
#1542=ORIENTED_EDGE('',*,*,#1152,.T.);
#1543=ORIENTED_EDGE('',*,*,#1115,.T.);
#1544=ORIENTED_EDGE('',*,*,#1153,.T.);
#1545=ORIENTED_EDGE('',*,*,#1087,.F.);
#1546=ORIENTED_EDGE('',*,*,#1154,.F.);
#1547=ORIENTED_EDGE('',*,*,#1152,.F.);
#1548=ORIENTED_EDGE('',*,*,#1155,.T.);
#1549=ORIENTED_EDGE('',*,*,#1088,.F.);
#1550=ORIENTED_EDGE('',*,*,#1153,.F.);
#1551=ORIENTED_EDGE('',*,*,#1151,.F.);
#1552=ORIENTED_EDGE('',*,*,#1156,.T.);
#1553=ORIENTED_EDGE('',*,*,#1089,.F.);
#1554=ORIENTED_EDGE('',*,*,#1155,.F.);
#1555=ORIENTED_EDGE('',*,*,#1150,.F.);
#1556=ORIENTED_EDGE('',*,*,#1154,.T.);
#1557=ORIENTED_EDGE('',*,*,#1090,.F.);
#1558=ORIENTED_EDGE('',*,*,#1156,.F.);
#1559=ORIENTED_EDGE('',*,*,#1149,.F.);
#1560=ORIENTED_EDGE('',*,*,#1157,.T.);
#1561=ORIENTED_EDGE('',*,*,#1158,.T.);
#1562=ORIENTED_EDGE('',*,*,#1159,.T.);
#1563=ORIENTED_EDGE('',*,*,#1160,.T.);
#1564=ORIENTED_EDGE('',*,*,#1118,.T.);
#1565=ORIENTED_EDGE('',*,*,#1161,.T.);
#1566=ORIENTED_EDGE('',*,*,#1091,.F.);
#1567=ORIENTED_EDGE('',*,*,#1162,.F.);
#1568=ORIENTED_EDGE('',*,*,#1160,.F.);
#1569=ORIENTED_EDGE('',*,*,#1163,.T.);
#1570=ORIENTED_EDGE('',*,*,#1092,.F.);
#1571=ORIENTED_EDGE('',*,*,#1161,.F.);
#1572=ORIENTED_EDGE('',*,*,#1159,.F.);
#1573=ORIENTED_EDGE('',*,*,#1164,.T.);
#1574=ORIENTED_EDGE('',*,*,#1093,.F.);
#1575=ORIENTED_EDGE('',*,*,#1163,.F.);
#1576=ORIENTED_EDGE('',*,*,#1158,.F.);
#1577=ORIENTED_EDGE('',*,*,#1162,.T.);
#1578=ORIENTED_EDGE('',*,*,#1094,.F.);
#1579=ORIENTED_EDGE('',*,*,#1164,.F.);
#1580=ORIENTED_EDGE('',*,*,#1157,.F.);
#1581=ORIENTED_EDGE('',*,*,#1165,.T.);
#1582=ORIENTED_EDGE('',*,*,#1166,.T.);
#1583=ORIENTED_EDGE('',*,*,#1167,.T.);
#1584=ORIENTED_EDGE('',*,*,#1168,.T.);
#1585=ORIENTED_EDGE('',*,*,#1169,.T.);
#1586=ORIENTED_EDGE('',*,*,#1095,.F.);
#1587=ORIENTED_EDGE('',*,*,#1170,.F.);
#1588=ORIENTED_EDGE('',*,*,#1168,.F.);
#1589=ORIENTED_EDGE('',*,*,#1171,.T.);
#1590=ORIENTED_EDGE('',*,*,#1096,.F.);
#1591=ORIENTED_EDGE('',*,*,#1169,.F.);
#1592=ORIENTED_EDGE('',*,*,#1167,.F.);
#1593=ORIENTED_EDGE('',*,*,#1172,.T.);
#1594=ORIENTED_EDGE('',*,*,#1097,.F.);
#1595=ORIENTED_EDGE('',*,*,#1171,.F.);
#1596=ORIENTED_EDGE('',*,*,#1166,.F.);
#1597=ORIENTED_EDGE('',*,*,#1170,.T.);
#1598=ORIENTED_EDGE('',*,*,#1098,.F.);
#1599=ORIENTED_EDGE('',*,*,#1172,.F.);
#1600=ORIENTED_EDGE('',*,*,#1165,.F.);
#1601=ORIENTED_EDGE('',*,*,#1173,.T.);
#1602=ORIENTED_EDGE('',*,*,#1174,.T.);
#1603=ORIENTED_EDGE('',*,*,#1175,.T.);
#1604=ORIENTED_EDGE('',*,*,#1176,.T.);
#1605=ORIENTED_EDGE('',*,*,#1177,.T.);
#1606=ORIENTED_EDGE('',*,*,#1099,.F.);
#1607=ORIENTED_EDGE('',*,*,#1178,.F.);
#1608=ORIENTED_EDGE('',*,*,#1176,.F.);
#1609=ORIENTED_EDGE('',*,*,#1179,.T.);
#1610=ORIENTED_EDGE('',*,*,#1100,.F.);
#1611=ORIENTED_EDGE('',*,*,#1177,.F.);
#1612=ORIENTED_EDGE('',*,*,#1175,.F.);
#1613=ORIENTED_EDGE('',*,*,#1180,.T.);
#1614=ORIENTED_EDGE('',*,*,#1101,.F.);
#1615=ORIENTED_EDGE('',*,*,#1179,.F.);
#1616=ORIENTED_EDGE('',*,*,#1174,.F.);
#1617=ORIENTED_EDGE('',*,*,#1178,.T.);
#1618=ORIENTED_EDGE('',*,*,#1102,.F.);
#1619=ORIENTED_EDGE('',*,*,#1180,.F.);
#1620=ORIENTED_EDGE('',*,*,#1173,.F.);
#1621=ORIENTED_EDGE('',*,*,#1181,.T.);
#1622=ORIENTED_EDGE('',*,*,#1182,.F.);
#1623=ORIENTED_EDGE('',*,*,#1183,.T.);
#1624=ORIENTED_EDGE('',*,*,#1027,.T.);
#1625=ORIENTED_EDGE('',*,*,#1184,.T.);
#1626=ORIENTED_EDGE('',*,*,#1032,.T.);
#1627=ORIENTED_EDGE('',*,*,#1185,.T.);
#1628=ORIENTED_EDGE('',*,*,#1186,.F.);
#1629=ORIENTED_EDGE('',*,*,#1112,.T.);
#1630=ORIENTED_EDGE('',*,*,#1111,.T.);
#1631=ORIENTED_EDGE('',*,*,#1109,.T.);
#1632=ORIENTED_EDGE('',*,*,#1106,.T.);
#1633=ORIENTED_EDGE('',*,*,#1187,.T.);
#1634=ORIENTED_EDGE('',*,*,#1188,.T.);
#1635=ORIENTED_EDGE('',*,*,#1189,.T.);
#1636=ORIENTED_EDGE('',*,*,#1190,.F.);
#1637=ORIENTED_EDGE('',*,*,#1191,.T.);
#1638=ORIENTED_EDGE('',*,*,#1192,.T.);
#1639=ORIENTED_EDGE('',*,*,#1193,.T.);
#1640=ORIENTED_EDGE('',*,*,#1194,.T.);
#1641=ORIENTED_EDGE('',*,*,#1195,.T.);
#1642=ORIENTED_EDGE('',*,*,#1196,.F.);
#1643=ORIENTED_EDGE('',*,*,#1197,.T.);
#1644=ORIENTED_EDGE('',*,*,#1198,.T.);
#1645=ORIENTED_EDGE('',*,*,#1103,.T.);
#1646=ORIENTED_EDGE('',*,*,#1073,.T.);
#1647=ORIENTED_EDGE('',*,*,#1070,.T.);
#1648=ORIENTED_EDGE('',*,*,#1065,.T.);
#1649=ORIENTED_EDGE('',*,*,#1057,.T.);
#1650=ORIENTED_EDGE('',*,*,#1063,.T.);
#1651=ORIENTED_EDGE('',*,*,#1199,.T.);
#1652=ORIENTED_EDGE('',*,*,#1200,.F.);
#1653=ORIENTED_EDGE('',*,*,#1201,.T.);
#1654=ORIENTED_EDGE('',*,*,#1190,.T.);
#1655=ORIENTED_EDGE('',*,*,#1202,.T.);
#1656=ORIENTED_EDGE('',*,*,#1196,.T.);
#1657=ORIENTED_EDGE('',*,*,#1203,.T.);
#1658=ORIENTED_EDGE('',*,*,#1204,.F.);
#1659=ORIENTED_EDGE('',*,*,#1186,.T.);
#1660=ORIENTED_EDGE('',*,*,#1205,.T.);
#1661=ORIENTED_EDGE('',*,*,#1200,.T.);
#1662=ORIENTED_EDGE('',*,*,#1206,.T.);
#1663=ORIENTED_EDGE('',*,*,#1207,.T.);
#1664=ORIENTED_EDGE('',*,*,#1075,.F.);
#1665=ORIENTED_EDGE('',*,*,#1104,.F.);
#1666=ORIENTED_EDGE('',*,*,#1198,.F.);
#1667=ORIENTED_EDGE('',*,*,#1105,.T.);
#1668=ORIENTED_EDGE('',*,*,#1082,.F.);
#1669=ORIENTED_EDGE('',*,*,#1208,.F.);
#1670=ORIENTED_EDGE('',*,*,#1187,.F.);
#1671=ORIENTED_EDGE('',*,*,#1208,.T.);
#1672=ORIENTED_EDGE('',*,*,#1081,.F.);
#1673=ORIENTED_EDGE('',*,*,#1209,.F.);
#1674=ORIENTED_EDGE('',*,*,#1188,.F.);
#1675=ORIENTED_EDGE('',*,*,#1209,.T.);
#1676=ORIENTED_EDGE('',*,*,#1080,.F.);
#1677=ORIENTED_EDGE('',*,*,#1210,.F.);
#1678=ORIENTED_EDGE('',*,*,#1033,.F.);
#1679=ORIENTED_EDGE('',*,*,#1184,.F.);
#1680=ORIENTED_EDGE('',*,*,#1206,.F.);
#1681=ORIENTED_EDGE('',*,*,#1199,.F.);
#1682=ORIENTED_EDGE('',*,*,#1189,.F.);
#1683=ORIENTED_EDGE('',*,*,#1211,.T.);
#1684=ORIENTED_EDGE('',*,*,#1077,.F.);
#1685=ORIENTED_EDGE('',*,*,#1212,.F.);
#1686=ORIENTED_EDGE('',*,*,#1025,.F.);
#1687=ORIENTED_EDGE('',*,*,#1210,.T.);
#1688=ORIENTED_EDGE('',*,*,#1079,.F.);
#1689=ORIENTED_EDGE('',*,*,#1213,.F.);
#1690=ORIENTED_EDGE('',*,*,#1034,.F.);
#1691=ORIENTED_EDGE('',*,*,#1001,.T.);
#1692=ORIENTED_EDGE('',*,*,#1035,.F.);
#1693=ORIENTED_EDGE('',*,*,#1213,.T.);
#1694=ORIENTED_EDGE('',*,*,#1078,.F.);
#1695=ORIENTED_EDGE('',*,*,#1211,.F.);
#1696=ORIENTED_EDGE('',*,*,#1024,.F.);
#1697=ORIENTED_EDGE('',*,*,#1008,.T.);
#1698=ORIENTED_EDGE('',*,*,#1005,.T.);
#1699=ORIENTED_EDGE('',*,*,#1124,.T.);
#1700=ORIENTED_EDGE('',*,*,#1128,.T.);
#1701=ORIENTED_EDGE('',*,*,#1133,.T.);
#1702=ORIENTED_EDGE('',*,*,#1130,.T.);
#1703=ORIENTED_EDGE('',*,*,#1139,.T.);
#1704=ORIENTED_EDGE('',*,*,#1143,.T.);
#1705=ORIENTED_EDGE('',*,*,#1148,.T.);
#1706=ORIENTED_EDGE('',*,*,#1145,.T.);
#1707=ORIENTED_EDGE('',*,*,#1212,.T.);
#1708=ORIENTED_EDGE('',*,*,#1076,.F.);
#1709=ORIENTED_EDGE('',*,*,#1207,.F.);
#1710=ORIENTED_EDGE('',*,*,#1197,.F.);
#1711=ORIENTED_EDGE('',*,*,#1202,.F.);
#1712=ORIENTED_EDGE('',*,*,#1214,.F.);
#1713=ORIENTED_EDGE('',*,*,#1181,.F.);
#1714=ORIENTED_EDGE('',*,*,#1026,.F.);
#1715=ORIENTED_EDGE('',*,*,#1182,.T.);
#1716=ORIENTED_EDGE('',*,*,#1214,.T.);
#1717=ORIENTED_EDGE('',*,*,#1204,.T.);
#1718=ORIENTED_EDGE('',*,*,#1215,.T.);
#1719=ORIENTED_EDGE('',*,*,#1216,.T.);
#1720=ORIENTED_EDGE('',*,*,#1217,.F.);
#1721=ORIENTED_EDGE('',*,*,#1218,.F.);
#1722=ORIENTED_EDGE('',*,*,#1194,.F.);
#1723=ORIENTED_EDGE('',*,*,#1219,.T.);
#1724=ORIENTED_EDGE('',*,*,#1220,.F.);
#1725=ORIENTED_EDGE('',*,*,#1221,.F.);
#1726=ORIENTED_EDGE('',*,*,#1192,.F.);
#1727=ORIENTED_EDGE('',*,*,#1012,.F.);
#1728=ORIENTED_EDGE('',*,*,#1029,.F.);
#1729=ORIENTED_EDGE('',*,*,#1222,.T.);
#1730=ORIENTED_EDGE('',*,*,#1223,.F.);
#1731=ORIENTED_EDGE('',*,*,#1224,.T.);
#1732=ORIENTED_EDGE('',*,*,#1220,.T.);
#1733=ORIENTED_EDGE('',*,*,#1225,.T.);
#1734=ORIENTED_EDGE('',*,*,#1226,.T.);
#1735=ORIENTED_EDGE('',*,*,#1013,.T.);
#1736=ORIENTED_EDGE('',*,*,#1223,.T.);
#1737=ORIENTED_EDGE('',*,*,#1227,.T.);
#1738=ORIENTED_EDGE('',*,*,#1217,.T.);
#1739=ORIENTED_EDGE('',*,*,#974,.T.);
#1740=ORIENTED_EDGE('',*,*,#994,.T.);
#1741=ORIENTED_EDGE('',*,*,#1228,.F.);
#1742=ORIENTED_EDGE('',*,*,#1030,.F.);
#1743=ORIENTED_EDGE('',*,*,#1014,.T.);
#1744=ORIENTED_EDGE('',*,*,#1226,.F.);
#1745=ORIENTED_EDGE('',*,*,#1193,.F.);
#1746=ORIENTED_EDGE('',*,*,#1221,.T.);
#1747=ORIENTED_EDGE('',*,*,#1224,.F.);
#1748=ORIENTED_EDGE('',*,*,#1216,.F.);
#1749=ORIENTED_EDGE('',*,*,#1228,.T.);
#1750=ORIENTED_EDGE('',*,*,#1225,.F.);
#1751=ORIENTED_EDGE('',*,*,#1219,.F.);
#1752=ORIENTED_EDGE('',*,*,#1191,.F.);
#1753=ORIENTED_EDGE('',*,*,#1201,.F.);
#1754=ORIENTED_EDGE('',*,*,#1205,.F.);
#1755=ORIENTED_EDGE('',*,*,#1185,.F.);
#1756=ORIENTED_EDGE('',*,*,#1031,.F.);
#1757=ORIENTED_EDGE('',*,*,#1218,.T.);
#1758=ORIENTED_EDGE('',*,*,#1227,.F.);
#1759=ORIENTED_EDGE('',*,*,#1222,.F.);
#1760=ORIENTED_EDGE('',*,*,#1028,.F.);
#1761=ORIENTED_EDGE('',*,*,#1183,.F.);
#1762=ORIENTED_EDGE('',*,*,#1215,.F.);
#1763=ORIENTED_EDGE('',*,*,#1203,.F.);
#1764=ORIENTED_EDGE('',*,*,#1195,.F.);
#1765=PLANE('',#1973);
#1766=PLANE('',#1974);
#1767=PLANE('',#1988);
#1768=PLANE('',#1989);
#1769=PLANE('',#1990);
#1770=PLANE('',#2004);
#1771=PLANE('',#2005);
#1772=PLANE('',#2006);
#1773=PLANE('',#2007);
#1774=PLANE('',#2008);
#1775=PLANE('',#2009);
#1776=PLANE('',#2010);
#1777=PLANE('',#2011);
#1778=PLANE('',#2014);
#1779=PLANE('',#2017);
#1780=PLANE('',#2018);
#1781=PLANE('',#2019);
#1782=PLANE('',#2020);
#1783=PLANE('',#2021);
#1784=PLANE('',#2022);
#1785=PLANE('',#2023);
#1786=PLANE('',#2024);
#1787=PLANE('',#2025);
#1788=PLANE('',#2026);
#1789=PLANE('',#2030);
#1790=PLANE('',#2034);
#1791=PLANE('',#2038);
#1792=PLANE('',#2042);
#1793=PLANE('',#2043);
#1794=PLANE('',#2044);
#1795=PLANE('',#2045);
#1796=PLANE('',#2046);
#1797=PLANE('',#2051);
#1798=PLANE('',#2052);
#1799=PLANE('',#2053);
#1800=PLANE('',#2054);
#1801=PLANE('',#2055);
#1802=PLANE('',#2059);
#1803=PLANE('',#2063);
#1804=PLANE('',#2064);
#1805=PLANE('',#2065);
#1806=PLANE('',#2066);
#1807=PLANE('',#2067);
#1808=PLANE('',#2068);
#1809=PLANE('',#2069);
#1810=PLANE('',#2070);
#1811=PLANE('',#2071);
#1812=PLANE('',#2072);
#1813=PLANE('',#2073);
#1814=PLANE('',#2074);
#1815=PLANE('',#2075);
#1816=PLANE('',#2076);
#1817=PLANE('',#2077);
#1818=PLANE('',#2078);
#1819=PLANE('',#2079);
#1820=PLANE('',#2080);
#1821=PLANE('',#2081);
#1822=PLANE('',#2082);
#1823=PLANE('',#2083);
#1824=PLANE('',#2084);
#1825=PLANE('',#2085);
#1826=PLANE('',#2086);
#1827=PLANE('',#2087);
#1828=PLANE('',#2088);
#1829=PLANE('',#2089);
#1830=PLANE('',#2090);
#1831=PLANE('',#2091);
#1832=PLANE('',#2092);
#1833=PLANE('',#2093);
#1834=PLANE('',#2094);
#1835=PLANE('',#2095);
#1836=PLANE('',#2096);
#1837=PLANE('',#2097);
#1838=PLANE('',#2098);
#1839=PLANE('',#2103);
#1840=PLANE('',#2104);
#1841=PLANE('',#2105);
#1842=PLANE('',#2107);
#1843=PLANE('',#2109);
#1844=PLANE('',#2112);
#1845=PLANE('',#2113);
#1846=PLANE('',#2114);
#1847=PLANE('',#2121);
#1848=PLANE('',#2124);
#1849=PLANE('',#2125);
#1850=PLANE('',#2126);
#1851=ADVANCED_FACE('',(#103),#1765,.T.);
#1852=ADVANCED_FACE('',(#104),#1766,.T.);
#1853=ADVANCED_FACE('',(#105),#83,.T.);
#1854=ADVANCED_FACE('',(#106),#84,.F.);
#1855=ADVANCED_FACE('',(#107),#35,.F.);
#1856=ADVANCED_FACE('',(#108),#85,.F.);
#1857=ADVANCED_FACE('',(#109,#15),#1767,.F.);
#1858=ADVANCED_FACE('',(#110),#1768,.T.);
#1859=ADVANCED_FACE('',(#111),#1769,.T.);
#1860=ADVANCED_FACE('',(#112),#86,.T.);
#1861=ADVANCED_FACE('',(#113),#87,.F.);
#1862=ADVANCED_FACE('',(#114),#36,.F.);
#1863=ADVANCED_FACE('',(#115),#88,.F.);
#1864=ADVANCED_FACE('',(#116,#16),#1770,.F.);
#1865=ADVANCED_FACE('',(#117),#1771,.T.);
#1866=ADVANCED_FACE('',(#118),#1772,.T.);
#1867=ADVANCED_FACE('',(#119),#1773,.T.);
#1868=ADVANCED_FACE('',(#120),#1774,.T.);
#1869=ADVANCED_FACE('',(#121),#1775,.T.);
#1870=ADVANCED_FACE('',(#122,#17,#18),#1776,.F.);
#1871=ADVANCED_FACE('',(#123),#1777,.T.);
#1872=ADVANCED_FACE('',(#124),#1778,.T.);
#1873=ADVANCED_FACE('',(#125),#1779,.F.);
#1874=ADVANCED_FACE('',(#126),#1780,.T.);
#1875=ADVANCED_FACE('',(#127),#1781,.T.);
#1876=ADVANCED_FACE('',(#128),#1782,.T.);
#1877=ADVANCED_FACE('',(#129),#1783,.T.);
#1878=ADVANCED_FACE('',(#130),#1784,.F.);
#1879=ADVANCED_FACE('',(#131),#1785,.T.);
#1880=ADVANCED_FACE('',(#132),#1786,.T.);
#1881=ADVANCED_FACE('',(#133),#1787,.T.);
#1882=ADVANCED_FACE('',(#134),#1788,.T.);
#1883=ADVANCED_FACE('',(#135),#89,.F.);
#1884=ADVANCED_FACE('',(#136),#1789,.F.);
#1885=ADVANCED_FACE('',(#137),#90,.F.);
#1886=ADVANCED_FACE('',(#138,#19),#1790,.F.);
#1887=ADVANCED_FACE('',(#139),#91,.F.);
#1888=ADVANCED_FACE('',(#140),#1791,.F.);
#1889=ADVANCED_FACE('',(#141),#92,.F.);
#1890=ADVANCED_FACE('',(#142,#20),#1792,.F.);
#1891=ADVANCED_FACE('',(#143),#1793,.F.);
#1892=ADVANCED_FACE('',(#144),#1794,.F.);
#1893=ADVANCED_FACE('',(#145),#1795,.F.);
#1894=ADVANCED_FACE('',(#146,#21,#22,#23,#24,#25,#26),#1796,.T.);
#1895=ADVANCED_FACE('',(#147),#1797,.T.);
#1896=ADVANCED_FACE('',(#148),#1798,.F.);
#1897=ADVANCED_FACE('',(#149),#1799,.F.);
#1898=ADVANCED_FACE('',(#150),#1800,.F.);
#1899=ADVANCED_FACE('',(#151),#1801,.T.);
#1900=ADVANCED_FACE('',(#152),#93,.T.);
#1901=ADVANCED_FACE('',(#153),#1802,.T.);
#1902=ADVANCED_FACE('',(#154),#94,.T.);
#1903=ADVANCED_FACE('',(#155),#1803,.T.);
#1904=ADVANCED_FACE('',(#156),#1804,.F.);
#1905=ADVANCED_FACE('',(#157),#1805,.F.);
#1906=ADVANCED_FACE('',(#158),#1806,.F.);
#1907=ADVANCED_FACE('',(#159),#1807,.T.);
#1908=ADVANCED_FACE('',(#160),#1808,.F.);
#1909=ADVANCED_FACE('',(#161),#1809,.F.);
#1910=ADVANCED_FACE('',(#162),#1810,.F.);
#1911=ADVANCED_FACE('',(#163),#1811,.F.);
#1912=ADVANCED_FACE('',(#164),#1812,.F.);
#1913=ADVANCED_FACE('',(#165),#1813,.T.);
#1914=ADVANCED_FACE('',(#166),#1814,.F.);
#1915=ADVANCED_FACE('',(#167),#1815,.F.);
#1916=ADVANCED_FACE('',(#168,#27),#1816,.T.);
#1917=ADVANCED_FACE('',(#169),#1817,.F.);
#1918=ADVANCED_FACE('',(#170),#1818,.F.);
#1919=ADVANCED_FACE('',(#171),#1819,.F.);
#1920=ADVANCED_FACE('',(#172),#1820,.F.);
#1921=ADVANCED_FACE('',(#173,#28),#1821,.T.);
#1922=ADVANCED_FACE('',(#174),#1822,.F.);
#1923=ADVANCED_FACE('',(#175),#1823,.F.);
#1924=ADVANCED_FACE('',(#176),#1824,.F.);
#1925=ADVANCED_FACE('',(#177),#1825,.F.);
#1926=ADVANCED_FACE('',(#178),#1826,.T.);
#1927=ADVANCED_FACE('',(#179),#1827,.F.);
#1928=ADVANCED_FACE('',(#180),#1828,.F.);
#1929=ADVANCED_FACE('',(#181),#1829,.F.);
#1930=ADVANCED_FACE('',(#182),#1830,.F.);
#1931=ADVANCED_FACE('',(#183),#1831,.T.);
#1932=ADVANCED_FACE('',(#184),#1832,.F.);
#1933=ADVANCED_FACE('',(#185),#1833,.F.);
#1934=ADVANCED_FACE('',(#186),#1834,.F.);
#1935=ADVANCED_FACE('',(#187),#1835,.F.);
#1936=ADVANCED_FACE('',(#188),#1836,.F.);
#1937=ADVANCED_FACE('',(#189),#1837,.F.);
#1938=ADVANCED_FACE('',(#190,#29,#30),#1838,.T.);
#1939=ADVANCED_FACE('',(#191),#1839,.F.);
#1940=ADVANCED_FACE('',(#192),#1840,.F.);
#1941=ADVANCED_FACE('',(#193),#1841,.T.);
#1942=ADVANCED_FACE('',(#194),#95,.F.);
#1943=ADVANCED_FACE('',(#195),#1842,.T.);
#1944=ADVANCED_FACE('',(#196),#96,.F.);
#1945=ADVANCED_FACE('',(#197),#1843,.T.);
#1946=ADVANCED_FACE('',(#198),#97,.F.);
#1947=ADVANCED_FACE('',(#199),#98,.F.);
#1948=ADVANCED_FACE('',(#200,#31,#32),#1844,.T.);
#1949=ADVANCED_FACE('',(#201),#1845,.T.);
#1950=ADVANCED_FACE('',(#202),#1846,.T.);
#1951=ADVANCED_FACE('',(#203),#99,.T.);
#1952=ADVANCED_FACE('',(#204),#100,.T.);
#1953=ADVANCED_FACE('',(#205),#101,.T.);
#1954=ADVANCED_FACE('',(#206,#33,#34),#1847,.F.);
#1955=ADVANCED_FACE('',(#207),#102,.T.);
#1956=ADVANCED_FACE('',(#208),#1848,.F.);
#1957=ADVANCED_FACE('',(#209),#1849,.F.);
#1958=ADVANCED_FACE('',(#210),#1850,.F.);
#1959=CLOSED_SHELL('',(#1851,#1852,#1853,#1854,#1855,#1856,#1857,#1858,
#1859,#1860,#1861,#1862,#1863,#1864,#1865,#1866,#1867,#1868,#1869,#1870,
#1871,#1872,#1873,#1874,#1875,#1876,#1877,#1878,#1879,#1880,#1881,#1882,
#1883,#1884,#1885,#1886,#1887,#1888,#1889,#1890,#1891,#1892,#1893,#1894,
#1895,#1896,#1897,#1898,#1899,#1900,#1901,#1902,#1903,#1904,#1905,#1906,
#1907,#1908,#1909,#1910,#1911,#1912,#1913,#1914,#1915,#1916,#1917,#1918,
#1919,#1920,#1921,#1922,#1923,#1924,#1925,#1926,#1927,#1928,#1929,#1930,
#1931,#1932,#1933,#1934,#1935,#1936,#1937,#1938,#1939,#1940,#1941,#1942,
#1943,#1944,#1945,#1946,#1947,#1948,#1949,#1950,#1951,#1952,#1953,#1954,
#1955,#1956,#1957,#1958));
#1960=DERIVED_UNIT_ELEMENT(#1962,1.);
#1961=DERIVED_UNIT_ELEMENT(#3219,-3.);
#1962=(
MASS_UNIT()
NAMED_UNIT(*)
SI_UNIT(.KILO.,.GRAM.)
);
#1963=DERIVED_UNIT((#1960,#1961));
#1964=MEASURE_REPRESENTATION_ITEM('density measure',
POSITIVE_RATIO_MEASURE(7850.),#1963);
#1965=PROPERTY_DEFINITION_REPRESENTATION(#1970,#1967);
#1966=PROPERTY_DEFINITION_REPRESENTATION(#1971,#1968);
#1967=REPRESENTATION('material name',(#1969),#3216);
#1968=REPRESENTATION('density',(#1964),#3216);
#1969=DESCRIPTIVE_REPRESENTATION_ITEM('Steel','Steel');
#1970=PROPERTY_DEFINITION('material property','material name',#3226);
#1971=PROPERTY_DEFINITION('material property','density of part',#3226);
#1972=AXIS2_PLACEMENT_3D('',#2659,#2127,#2128);
#1973=AXIS2_PLACEMENT_3D('',#2660,#2129,#2130);
#1974=AXIS2_PLACEMENT_3D('',#2669,#2135,#2136);
#1975=AXIS2_PLACEMENT_3D('',#2678,#2141,#2142);
#1976=AXIS2_PLACEMENT_3D('',#2679,#2143,#2144);
#1977=AXIS2_PLACEMENT_3D('',#2681,#2145,#2146);
#1978=AXIS2_PLACEMENT_3D('',#2684,#2148,#2149);
#1979=AXIS2_PLACEMENT_3D('',#2685,#2150,#2151);
#1980=AXIS2_PLACEMENT_3D('',#2686,#2152,#2153);
#1981=AXIS2_PLACEMENT_3D('',#2688,#2154,#2155);
#1982=AXIS2_PLACEMENT_3D('',#2691,#2157,#2158);
#1983=AXIS2_PLACEMENT_3D('',#2692,#2159,#2160);
#1984=AXIS2_PLACEMENT_3D('',#2695,#2162,#2163);
#1985=AXIS2_PLACEMENT_3D('',#2696,#2164,#2165);
#1986=AXIS2_PLACEMENT_3D('',#2697,#2166,#2167);
#1987=AXIS2_PLACEMENT_3D('',#2698,#2168,#2169);
#1988=AXIS2_PLACEMENT_3D('',#2699,#2170,#2171);
#1989=AXIS2_PLACEMENT_3D('',#2700,#2172,#2173);
#1990=AXIS2_PLACEMENT_3D('',#2709,#2178,#2179);
#1991=AXIS2_PLACEMENT_3D('',#2718,#2184,#2185);
#1992=AXIS2_PLACEMENT_3D('',#2719,#2186,#2187);
#1993=AXIS2_PLACEMENT_3D('',#2721,#2188,#2189);
#1994=AXIS2_PLACEMENT_3D('',#2724,#2191,#2192);
#1995=AXIS2_PLACEMENT_3D('',#2725,#2193,#2194);
#1996=AXIS2_PLACEMENT_3D('',#2726,#2195,#2196);
#1997=AXIS2_PLACEMENT_3D('',#2728,#2197,#2198);
#1998=AXIS2_PLACEMENT_3D('',#2731,#2200,#2201);
#1999=AXIS2_PLACEMENT_3D('',#2732,#2202,#2203);
#2000=AXIS2_PLACEMENT_3D('',#2735,#2205,#2206);
#2001=AXIS2_PLACEMENT_3D('',#2736,#2207,#2208);
#2002=AXIS2_PLACEMENT_3D('',#2737,#2209,#2210);
#2003=AXIS2_PLACEMENT_3D('',#2738,#2211,#2212);
#2004=AXIS2_PLACEMENT_3D('',#2739,#2213,#2214);
#2005=AXIS2_PLACEMENT_3D('',#2740,#2215,#2216);
#2006=AXIS2_PLACEMENT_3D('',#2741,#2217,#2218);
#2007=AXIS2_PLACEMENT_3D('',#2742,#2219,#2220);
#2008=AXIS2_PLACEMENT_3D('',#2751,#2225,#2226);
#2009=AXIS2_PLACEMENT_3D('',#2757,#2230,#2231);
#2010=AXIS2_PLACEMENT_3D('',#2763,#2235,#2236);
#2011=AXIS2_PLACEMENT_3D('',#2789,#2250,#2251);
#2012=AXIS2_PLACEMENT_3D('',#2793,#2253,#2254);
#2013=AXIS2_PLACEMENT_3D('',#2800,#2258,#2259);
#2014=AXIS2_PLACEMENT_3D('',#2801,#2260,#2261);
#2015=AXIS2_PLACEMENT_3D('',#2803,#2262,#2263);
#2016=AXIS2_PLACEMENT_3D('',#2811,#2267,#2268);
#2017=AXIS2_PLACEMENT_3D('',#2813,#2270,#2271);
#2018=AXIS2_PLACEMENT_3D('',#2819,#2275,#2276);
#2019=AXIS2_PLACEMENT_3D('',#2823,#2279,#2280);
#2020=AXIS2_PLACEMENT_3D('',#2827,#2283,#2284);
#2021=AXIS2_PLACEMENT_3D('',#2829,#2286,#2287);
#2022=AXIS2_PLACEMENT_3D('',#2830,#2288,#2289);
#2023=AXIS2_PLACEMENT_3D('',#2836,#2293,#2294);
#2024=AXIS2_PLACEMENT_3D('',#2840,#2297,#2298);
#2025=AXIS2_PLACEMENT_3D('',#2844,#2301,#2302);
#2026=AXIS2_PLACEMENT_3D('',#2846,#2304,#2305);
#2027=AXIS2_PLACEMENT_3D('',#2847,#2306,#2307);
#2028=AXIS2_PLACEMENT_3D('',#2849,#2308,#2309);
#2029=AXIS2_PLACEMENT_3D('',#2852,#2311,#2312);
#2030=AXIS2_PLACEMENT_3D('',#2853,#2313,#2314);
#2031=AXIS2_PLACEMENT_3D('',#2854,#2315,#2316);
#2032=AXIS2_PLACEMENT_3D('',#2856,#2317,#2318);
#2033=AXIS2_PLACEMENT_3D('',#2859,#2320,#2321);
#2034=AXIS2_PLACEMENT_3D('',#2860,#2322,#2323);
#2035=AXIS2_PLACEMENT_3D('',#2861,#2324,#2325);
#2036=AXIS2_PLACEMENT_3D('',#2863,#2326,#2327);
#2037=AXIS2_PLACEMENT_3D('',#2866,#2329,#2330);
#2038=AXIS2_PLACEMENT_3D('',#2867,#2331,#2332);
#2039=AXIS2_PLACEMENT_3D('',#2868,#2333,#2334);
#2040=AXIS2_PLACEMENT_3D('',#2870,#2335,#2336);
#2041=AXIS2_PLACEMENT_3D('',#2873,#2338,#2339);
#2042=AXIS2_PLACEMENT_3D('',#2874,#2340,#2341);
#2043=AXIS2_PLACEMENT_3D('',#2875,#2342,#2343);
#2044=AXIS2_PLACEMENT_3D('',#2884,#2348,#2349);
#2045=AXIS2_PLACEMENT_3D('',#2890,#2353,#2354);
#2046=AXIS2_PLACEMENT_3D('',#2896,#2358,#2359);
#2047=AXIS2_PLACEMENT_3D('',#2900,#2361,#2362);
#2048=AXIS2_PLACEMENT_3D('',#2904,#2364,#2365);
#2049=AXIS2_PLACEMENT_3D('',#2908,#2367,#2368);
#2050=AXIS2_PLACEMENT_3D('',#2912,#2370,#2371);
#2051=AXIS2_PLACEMENT_3D('',#2954,#2393,#2394);
#2052=AXIS2_PLACEMENT_3D('',#2958,#2397,#2398);
#2053=AXIS2_PLACEMENT_3D('',#2964,#2402,#2403);
#2054=AXIS2_PLACEMENT_3D('',#2968,#2406,#2407);
#2055=AXIS2_PLACEMENT_3D('',#2972,#2410,#2411);
#2056=AXIS2_PLACEMENT_3D('',#2974,#2413,#2414);
#2057=AXIS2_PLACEMENT_3D('',#2976,#2415,#2416);
#2058=AXIS2_PLACEMENT_3D('',#2979,#2418,#2419);
#2059=AXIS2_PLACEMENT_3D('',#2980,#2420,#2421);
#2060=AXIS2_PLACEMENT_3D('',#2981,#2422,#2423);
#2061=AXIS2_PLACEMENT_3D('',#2983,#2424,#2425);
#2062=AXIS2_PLACEMENT_3D('',#2986,#2427,#2428);
#2063=AXIS2_PLACEMENT_3D('',#2987,#2429,#2430);
#2064=AXIS2_PLACEMENT_3D('',#2988,#2431,#2432);
#2065=AXIS2_PLACEMENT_3D('',#2997,#2437,#2438);
#2066=AXIS2_PLACEMENT_3D('',#3005,#2443,#2444);
#2067=AXIS2_PLACEMENT_3D('',#3009,#2447,#2448);
#2068=AXIS2_PLACEMENT_3D('',#3015,#2452,#2453);
#2069=AXIS2_PLACEMENT_3D('',#3018,#2456,#2457);
#2070=AXIS2_PLACEMENT_3D('',#3019,#2458,#2459);
#2071=AXIS2_PLACEMENT_3D('',#3028,#2464,#2465);
#2072=AXIS2_PLACEMENT_3D('',#3036,#2470,#2471);
#2073=AXIS2_PLACEMENT_3D('',#3040,#2474,#2475);
#2074=AXIS2_PLACEMENT_3D('',#3046,#2479,#2480);
#2075=AXIS2_PLACEMENT_3D('',#3049,#2483,#2484);
#2076=AXIS2_PLACEMENT_3D('',#3050,#2485,#2486);
#2077=AXIS2_PLACEMENT_3D('',#3059,#2491,#2492);
#2078=AXIS2_PLACEMENT_3D('',#3062,#2495,#2496);
#2079=AXIS2_PLACEMENT_3D('',#3064,#2498,#2499);
#2080=AXIS2_PLACEMENT_3D('',#3066,#2501,#2502);
#2081=AXIS2_PLACEMENT_3D('',#3067,#2503,#2504);
#2082=AXIS2_PLACEMENT_3D('',#3076,#2509,#2510);
#2083=AXIS2_PLACEMENT_3D('',#3079,#2513,#2514);
#2084=AXIS2_PLACEMENT_3D('',#3081,#2516,#2517);
#2085=AXIS2_PLACEMENT_3D('',#3083,#2519,#2520);
#2086=AXIS2_PLACEMENT_3D('',#3084,#2521,#2522);
#2087=AXIS2_PLACEMENT_3D('',#3093,#2527,#2528);
#2088=AXIS2_PLACEMENT_3D('',#3096,#2531,#2532);
#2089=AXIS2_PLACEMENT_3D('',#3098,#2534,#2535);
#2090=AXIS2_PLACEMENT_3D('',#3100,#2537,#2538);
#2091=AXIS2_PLACEMENT_3D('',#3101,#2539,#2540);
#2092=AXIS2_PLACEMENT_3D('',#3110,#2545,#2546);
#2093=AXIS2_PLACEMENT_3D('',#3113,#2549,#2550);
#2094=AXIS2_PLACEMENT_3D('',#3115,#2552,#2553);
#2095=AXIS2_PLACEMENT_3D('',#3117,#2555,#2556);
#2096=AXIS2_PLACEMENT_3D('',#3118,#2557,#2558);
#2097=AXIS2_PLACEMENT_3D('',#3124,#2562,#2563);
#2098=AXIS2_PLACEMENT_3D('',#3130,#2567,#2568);
#2099=AXIS2_PLACEMENT_3D('',#3134,#2570,#2571);
#2100=AXIS2_PLACEMENT_3D('',#3142,#2575,#2576);
#2101=AXIS2_PLACEMENT_3D('',#3146,#2578,#2579);
#2102=AXIS2_PLACEMENT_3D('',#3153,#2583,#2584);
#2103=AXIS2_PLACEMENT_3D('',#3154,#2585,#2586);
#2104=AXIS2_PLACEMENT_3D('',#3160,#2590,#2591);
#2105=AXIS2_PLACEMENT_3D('',#3166,#2595,#2596);
#2106=AXIS2_PLACEMENT_3D('',#3169,#2599,#2600);
#2107=AXIS2_PLACEMENT_3D('',#3171,#2602,#2603);
#2108=AXIS2_PLACEMENT_3D('',#3173,#2605,#2606);
#2109=AXIS2_PLACEMENT_3D('',#3175,#2608,#2609);
#2110=AXIS2_PLACEMENT_3D('',#3177,#2611,#2612);
#2111=AXIS2_PLACEMENT_3D('',#3180,#2615,#2616);
#2112=AXIS2_PLACEMENT_3D('',#3182,#2618,#2619);
#2113=AXIS2_PLACEMENT_3D('',#3183,#2620,#2621);
#2114=AXIS2_PLACEMENT_3D('',#3185,#2623,#2624);
#2115=AXIS2_PLACEMENT_3D('',#3187,#2626,#2627);
#2116=AXIS2_PLACEMENT_3D('',#3191,#2629,#2630);
#2117=AXIS2_PLACEMENT_3D('',#3193,#2632,#2633);
#2118=AXIS2_PLACEMENT_3D('',#3197,#2635,#2636);
#2119=AXIS2_PLACEMENT_3D('',#3199,#2638,#2639);
#2120=AXIS2_PLACEMENT_3D('',#3202,#2641,#2642);
#2121=AXIS2_PLACEMENT_3D('',#3203,#2643,#2644);
#2122=AXIS2_PLACEMENT_3D('',#3207,#2647,#2648);
#2123=AXIS2_PLACEMENT_3D('',#3209,#2650,#2651);
#2124=AXIS2_PLACEMENT_3D('',#3211,#2653,#2654);
#2125=AXIS2_PLACEMENT_3D('',#3212,#2655,#2656);
#2126=AXIS2_PLACEMENT_3D('',#3213,#2657,#2658);
#2127=DIRECTION('axis',(0.,0.,1.));
#2128=DIRECTION('refdir',(1.,0.,0.));
#2129=DIRECTION('center_axis',(-1.,0.,0.));
#2130=DIRECTION('ref_axis',(0.,0.,1.));
#2131=DIRECTION('',(0.,0.,1.));
#2132=DIRECTION('',(0.,-1.,0.));
#2133=DIRECTION('',(0.,0.,-1.));
#2134=DIRECTION('',(0.,-1.,0.));
#2135=DIRECTION('center_axis',(1.,0.,0.));
#2136=DIRECTION('ref_axis',(0.,0.,-1.));
#2137=DIRECTION('',(0.,0.,-1.));
#2138=DIRECTION('',(0.,1.,0.));
#2139=DIRECTION('',(0.,0.,1.));
#2140=DIRECTION('',(0.,1.,0.));
#2141=DIRECTION('center_axis',(0.,0.,1.));
#2142=DIRECTION('ref_axis',(1.,0.,0.));
#2143=DIRECTION('center_axis',(0.,0.,-1.));
#2144=DIRECTION('ref_axis',(1.,0.,0.));
#2145=DIRECTION('center_axis',(0.,0.,1.));
#2146=DIRECTION('ref_axis',(1.,0.,0.));
#2147=DIRECTION('',(0.,0.,-1.));
#2148=DIRECTION('center_axis',(0.,0.,-1.));
#2149=DIRECTION('ref_axis',(1.,0.,0.));
#2150=DIRECTION('center_axis',(0.,0.,1.));
#2151=DIRECTION('ref_axis',(1.,0.,0.));
#2152=DIRECTION('center_axis',(0.,0.,1.));
#2153=DIRECTION('ref_axis',(1.,0.,0.));
#2154=DIRECTION('center_axis',(0.,0.,1.));
#2155=DIRECTION('ref_axis',(1.,0.,0.));
#2156=DIRECTION('',(0.,0.,1.));
#2157=DIRECTION('center_axis',(0.,0.,-1.));
#2158=DIRECTION('ref_axis',(1.,0.,0.));
#2159=DIRECTION('center_axis',(0.,0.,1.));
#2160=DIRECTION('ref_axis',(1.,0.,0.));
#2161=DIRECTION('',(-0.706898839197036,-8.65701400743629E-17,0.707314662043622));
#2162=DIRECTION('center_axis',(0.,0.,-1.));
#2163=DIRECTION('ref_axis',(1.,0.,0.));
#2164=DIRECTION('center_axis',(0.,0.,1.));
#2165=DIRECTION('ref_axis',(-1.83697019872103E-16,-1.,0.));
#2166=DIRECTION('center_axis',(0.,0.,-1.));
#2167=DIRECTION('ref_axis',(1.,0.,0.));
#2168=DIRECTION('center_axis',(0.,0.,-1.));
#2169=DIRECTION('ref_axis',(1.,0.,0.));
#2170=DIRECTION('center_axis',(0.,0.,-1.));
#2171=DIRECTION('ref_axis',(-1.,0.,0.));
#2172=DIRECTION('center_axis',(-1.,0.,0.));
#2173=DIRECTION('ref_axis',(0.,0.,1.));
#2174=DIRECTION('',(0.,0.,1.));
#2175=DIRECTION('',(0.,-1.,0.));
#2176=DIRECTION('',(0.,0.,-1.));
#2177=DIRECTION('',(0.,-1.,0.));
#2178=DIRECTION('center_axis',(1.,0.,0.));
#2179=DIRECTION('ref_axis',(0.,0.,-1.));
#2180=DIRECTION('',(0.,0.,-1.));
#2181=DIRECTION('',(0.,1.,0.));
#2182=DIRECTION('',(0.,0.,1.));
#2183=DIRECTION('',(0.,1.,0.));
#2184=DIRECTION('center_axis',(0.,0.,1.));
#2185=DIRECTION('ref_axis',(1.,0.,0.));
#2186=DIRECTION('center_axis',(0.,0.,-1.));
#2187=DIRECTION('ref_axis',(1.,0.,0.));
#2188=DIRECTION('center_axis',(0.,0.,1.));
#2189=DIRECTION('ref_axis',(1.,0.,0.));
#2190=DIRECTION('',(0.,0.,-1.));
#2191=DIRECTION('center_axis',(0.,0.,-1.));
#2192=DIRECTION('ref_axis',(1.,0.,0.));
#2193=DIRECTION('center_axis',(0.,0.,1.));
#2194=DIRECTION('ref_axis',(1.,0.,0.));
#2195=DIRECTION('center_axis',(0.,0.,1.));
#2196=DIRECTION('ref_axis',(1.,0.,0.));
#2197=DIRECTION('center_axis',(0.,0.,1.));
#2198=DIRECTION('ref_axis',(1.,0.,0.));
#2199=DIRECTION('',(0.,0.,1.));
#2200=DIRECTION('center_axis',(0.,0.,-1.));
#2201=DIRECTION('ref_axis',(1.,0.,0.));
#2202=DIRECTION('center_axis',(0.,0.,1.));
#2203=DIRECTION('ref_axis',(1.,0.,0.));
#2204=DIRECTION('',(-0.706898839197036,-8.65701400743629E-17,0.707314662043622));
#2205=DIRECTION('center_axis',(0.,0.,-1.));
#2206=DIRECTION('ref_axis',(1.,0.,0.));
#2207=DIRECTION('center_axis',(0.,0.,1.));
#2208=DIRECTION('ref_axis',(-1.83697019872103E-16,-1.,0.));
#2209=DIRECTION('center_axis',(0.,0.,-1.));
#2210=DIRECTION('ref_axis',(1.,0.,0.));
#2211=DIRECTION('center_axis',(0.,0.,-1.));
#2212=DIRECTION('ref_axis',(1.,0.,0.));
#2213=DIRECTION('center_axis',(0.,0.,-1.));
#2214=DIRECTION('ref_axis',(-1.,0.,0.));
#2215=DIRECTION('center_axis',(0.,0.,1.));
#2216=DIRECTION('ref_axis',(1.,0.,0.));
#2217=DIRECTION('center_axis',(0.,0.,1.));
#2218=DIRECTION('ref_axis',(1.,0.,0.));
#2219=DIRECTION('center_axis',(0.,1.,0.));
#2220=DIRECTION('ref_axis',(0.,0.,1.));
#2221=DIRECTION('',(0.,0.,1.));
#2222=DIRECTION('',(-1.,0.,0.));
#2223=DIRECTION('',(0.,0.,-1.));
#2224=DIRECTION('',(-1.,0.,0.));
#2225=DIRECTION('center_axis',(0.,0.,1.));
#2226=DIRECTION('ref_axis',(1.,0.,0.));
#2227=DIRECTION('',(0.,-1.,0.));
#2228=DIRECTION('',(1.,0.,0.));
#2229=DIRECTION('',(0.,1.,0.));
#2230=DIRECTION('center_axis',(0.,-1.,0.));
#2231=DIRECTION('ref_axis',(0.,0.,-1.));
#2232=DIRECTION('',(0.,0.,-1.));
#2233=DIRECTION('',(1.,0.,0.));
#2234=DIRECTION('',(0.,0.,1.));
#2235=DIRECTION('center_axis',(1.,0.,0.));
#2236=DIRECTION('ref_axis',(0.,0.,-1.));
#2237=DIRECTION('',(0.,-1.,0.));
#2238=DIRECTION('',(0.,0.,-1.));
#2239=DIRECTION('',(0.,1.,0.));
#2240=DIRECTION('',(0.,0.,-1.));
#2241=DIRECTION('',(0.,-1.,0.));
#2242=DIRECTION('',(0.,1.,0.));
#2243=DIRECTION('',(0.,0.,1.));
#2244=DIRECTION('',(0.,-1.,0.));
#2245=DIRECTION('',(0.,0.,-1.));
#2246=DIRECTION('',(0.,1.,0.));
#2247=DIRECTION('',(0.,0.,1.));
#2248=DIRECTION('',(0.,-1.,0.));
#2249=DIRECTION('',(0.,0.,-1.));
#2250=DIRECTION('center_axis',(0.,0.,1.));
#2251=DIRECTION('ref_axis',(1.,0.,0.));
#2252=DIRECTION('',(0.,1.,0.));
#2253=DIRECTION('center_axis',(0.,0.,-1.));
#2254=DIRECTION('ref_axis',(1.,0.,0.));
#2255=DIRECTION('',(1.,0.,0.));
#2256=DIRECTION('',(0.,-1.,0.));
#2257=DIRECTION('',(-1.,0.,0.));
#2258=DIRECTION('center_axis',(0.,0.,1.));
#2259=DIRECTION('ref_axis',(1.,0.,0.));
#2260=DIRECTION('center_axis',(0.,0.,1.));
#2261=DIRECTION('ref_axis',(1.,0.,0.));
#2262=DIRECTION('center_axis',(0.,0.,1.));
#2263=DIRECTION('ref_axis',(1.,0.,0.));
#2264=DIRECTION('',(1.,0.,0.));
#2265=DIRECTION('',(0.,-1.,0.));
#2266=DIRECTION('',(-1.,0.,0.));
#2267=DIRECTION('center_axis',(0.,0.,-1.));
#2268=DIRECTION('ref_axis',(1.,0.,0.));
#2269=DIRECTION('',(0.,1.,0.));
#2270=DIRECTION('center_axis',(0.,0.,1.));
#2271=DIRECTION('ref_axis',(1.,0.,0.));
#2272=DIRECTION('',(-1.,0.,0.));
#2273=DIRECTION('',(0.,1.,0.));
#2274=DIRECTION('',(1.,0.,0.));
#2275=DIRECTION('center_axis',(0.,1.,0.));
#2276=DIRECTION('ref_axis',(0.,0.,1.));
#2277=DIRECTION('',(0.,0.,-1.));
#2278=DIRECTION('',(-1.,0.,0.));
#2279=DIRECTION('center_axis',(0.,0.,1.));
#2280=DIRECTION('ref_axis',(1.,0.,0.));
#2281=DIRECTION('',(0.,-1.,0.));
#2282=DIRECTION('',(1.,0.,0.));
#2283=DIRECTION('center_axis',(0.,-1.,0.));
#2284=DIRECTION('ref_axis',(0.,0.,-1.));
#2285=DIRECTION('',(0.,0.,-1.));
#2286=DIRECTION('center_axis',(-1.,0.,0.));
#2287=DIRECTION('ref_axis',(0.,0.,1.));
#2288=DIRECTION('center_axis',(0.,0.,1.));
#2289=DIRECTION('ref_axis',(1.,0.,0.));
#2290=DIRECTION('',(-1.,0.,0.));
#2291=DIRECTION('',(0.,1.,0.));
#2292=DIRECTION('',(1.,0.,0.));
#2293=DIRECTION('center_axis',(0.,1.,0.));
#2294=DIRECTION('ref_axis',(0.,0.,1.));
#2295=DIRECTION('',(0.,0.,-1.));
#2296=DIRECTION('',(-1.,0.,0.));
#2297=DIRECTION('center_axis',(0.,0.,1.));
#2298=DIRECTION('ref_axis',(1.,0.,0.));
#2299=DIRECTION('',(0.,-1.,0.));
#2300=DIRECTION('',(1.,0.,0.));
#2301=DIRECTION('center_axis',(0.,-1.,0.));
#2302=DIRECTION('ref_axis',(0.,0.,-1.));
#2303=DIRECTION('',(0.,0.,-1.));
#2304=DIRECTION('center_axis',(-1.,0.,0.));
#2305=DIRECTION('ref_axis',(0.,0.,1.));
#2306=DIRECTION('center_axis',(0.,0.,1.));
#2307=DIRECTION('ref_axis',(1.,0.,0.));
#2308=DIRECTION('center_axis',(0.,0.,-1.));
#2309=DIRECTION('ref_axis',(1.,0.,0.));
#2310=DIRECTION('',(0.,0.,1.));
#2311=DIRECTION('center_axis',(0.,0.,-1.));
#2312=DIRECTION('ref_axis',(1.,0.,0.));
#2313=DIRECTION('center_axis',(0.,0.,-1.));
#2314=DIRECTION('ref_axis',(-1.,0.,0.));
#2315=DIRECTION('center_axis',(0.,0.,1.));
#2316=DIRECTION('ref_axis',(1.,0.,0.));
#2317=DIRECTION('center_axis',(0.,0.,-1.));
#2318=DIRECTION('ref_axis',(1.,0.,0.));
#2319=DIRECTION('',(0.,0.,1.));
#2320=DIRECTION('center_axis',(0.,0.,-1.));
#2321=DIRECTION('ref_axis',(1.,0.,0.));
#2322=DIRECTION('center_axis',(0.,0.,-1.));
#2323=DIRECTION('ref_axis',(-1.,0.,0.));
#2324=DIRECTION('center_axis',(0.,0.,1.));
#2325=DIRECTION('ref_axis',(1.,0.,0.));
#2326=DIRECTION('center_axis',(0.,0.,-1.));
#2327=DIRECTION('ref_axis',(1.,0.,0.));
#2328=DIRECTION('',(0.,0.,1.));
#2329=DIRECTION('center_axis',(0.,0.,-1.));
#2330=DIRECTION('ref_axis',(1.,0.,0.));
#2331=DIRECTION('center_axis',(0.,0.,-1.));
#2332=DIRECTION('ref_axis',(-1.,0.,0.));
#2333=DIRECTION('center_axis',(0.,0.,1.));
#2334=DIRECTION('ref_axis',(1.,0.,0.));
#2335=DIRECTION('center_axis',(0.,0.,-1.));
#2336=DIRECTION('ref_axis',(1.,0.,0.));
#2337=DIRECTION('',(0.,0.,1.));
#2338=DIRECTION('center_axis',(0.,0.,-1.));
#2339=DIRECTION('ref_axis',(1.,0.,0.));
#2340=DIRECTION('center_axis',(0.,0.,-1.));
#2341=DIRECTION('ref_axis',(-1.,0.,0.));
#2342=DIRECTION('center_axis',(0.,1.,0.));
#2343=DIRECTION('ref_axis',(0.,0.,1.));
#2344=DIRECTION('',(0.,0.,-1.));
#2345=DIRECTION('',(1.,0.,0.));
#2346=DIRECTION('',(0.,0.,-1.));
#2347=DIRECTION('',(-1.,0.,0.));
#2348=DIRECTION('center_axis',(1.,0.,0.));
#2349=DIRECTION('ref_axis',(0.,0.,-1.));
#2350=DIRECTION('',(0.,0.,-1.));
#2351=DIRECTION('',(0.,1.,0.));
#2352=DIRECTION('',(0.,-1.,0.));
#2353=DIRECTION('center_axis',(0.,-1.,0.));
#2354=DIRECTION('ref_axis',(0.,0.,-1.));
#2355=DIRECTION('',(0.,0.,1.));
#2356=DIRECTION('',(1.,0.,0.));
#2357=DIRECTION('',(-1.,0.,0.));
#2358=DIRECTION('center_axis',(0.,0.,1.));
#2359=DIRECTION('ref_axis',(1.,0.,0.));
#2360=DIRECTION('',(0.,1.,0.));
#2361=DIRECTION('center_axis',(0.,0.,1.));
#2362=DIRECTION('ref_axis',(1.,0.,0.));
#2363=DIRECTION('',(-1.,0.,0.));
#2364=DIRECTION('center_axis',(0.,0.,1.));
#2365=DIRECTION('ref_axis',(1.,0.,0.));
#2366=DIRECTION('',(0.,-1.,0.));
#2367=DIRECTION('center_axis',(0.,0.,1.));
#2368=DIRECTION('ref_axis',(1.,0.,0.));
#2369=DIRECTION('',(1.,0.,0.));
#2370=DIRECTION('center_axis',(0.,0.,1.));
#2371=DIRECTION('ref_axis',(1.,0.,0.));
#2372=DIRECTION('',(0.,1.,0.));
#2373=DIRECTION('',(-1.,0.,0.));
#2374=DIRECTION('',(0.,1.,0.));
#2375=DIRECTION('',(1.,0.,0.));
#2376=DIRECTION('',(0.,1.,0.));
#2377=DIRECTION('',(-1.,0.,0.));
#2378=DIRECTION('',(0.,1.,0.));
#2379=DIRECTION('',(1.,0.,0.));
#2380=DIRECTION('',(0.,-1.,0.));
#2381=DIRECTION('',(-1.,0.,0.));
#2382=DIRECTION('',(0.,1.,0.));
#2383=DIRECTION('',(1.,0.,0.));
#2384=DIRECTION('',(0.,-1.,0.));
#2385=DIRECTION('',(-1.,0.,0.));
#2386=DIRECTION('',(0.,1.,0.));
#2387=DIRECTION('',(1.,0.,0.));
#2388=DIRECTION('',(0.,-1.,0.));
#2389=DIRECTION('',(-1.,0.,0.));
#2390=DIRECTION('',(0.,1.,0.));
#2391=DIRECTION('',(1.,0.,0.));
#2392=DIRECTION('',(0.,-1.,0.));
#2393=DIRECTION('center_axis',(-1.,0.,0.));
#2394=DIRECTION('ref_axis',(0.,0.,1.));
#2395=DIRECTION('',(0.,-1.,0.));
#2396=DIRECTION('',(0.,0.,-1.));
#2397=DIRECTION('center_axis',(0.,1.,0.));
#2398=DIRECTION('ref_axis',(0.,0.,1.));
#2399=DIRECTION('',(0.,0.,-1.));
#2400=DIRECTION('',(1.,0.,0.));
#2401=DIRECTION('',(0.,0.,-1.));
#2402=DIRECTION('center_axis',(1.,0.,0.));
#2403=DIRECTION('ref_axis',(0.,0.,-1.));
#2404=DIRECTION('',(0.,0.,-1.));
#2405=DIRECTION('',(0.,-1.,0.));
#2406=DIRECTION('center_axis',(0.,-1.,0.));
#2407=DIRECTION('ref_axis',(0.,0.,-1.));
#2408=DIRECTION('',(0.,0.,1.));
#2409=DIRECTION('',(-1.,0.,0.));
#2410=DIRECTION('center_axis',(-1.,0.,0.));
#2411=DIRECTION('ref_axis',(0.,0.,1.));
#2412=DIRECTION('',(0.,-1.,0.));
#2413=DIRECTION('center_axis',(0.,0.,1.));
#2414=DIRECTION('ref_axis',(1.,0.,0.));
#2415=DIRECTION('center_axis',(0.,0.,1.));
#2416=DIRECTION('ref_axis',(1.,0.,0.));
#2417=DIRECTION('',(0.,0.,-1.));
#2418=DIRECTION('center_axis',(0.,0.,-1.));
#2419=DIRECTION('ref_axis',(1.,0.,0.));
#2420=DIRECTION('center_axis',(0.,0.,1.));
#2421=DIRECTION('ref_axis',(1.,0.,0.));
#2422=DIRECTION('center_axis',(0.,0.,1.));
#2423=DIRECTION('ref_axis',(1.,0.,0.));
#2424=DIRECTION('center_axis',(0.,0.,1.));
#2425=DIRECTION('ref_axis',(1.,0.,0.));
#2426=DIRECTION('',(0.,0.,-1.));
#2427=DIRECTION('center_axis',(0.,0.,-1.));
#2428=DIRECTION('ref_axis',(1.,0.,0.));
#2429=DIRECTION('center_axis',(0.,0.,1.));
#2430=DIRECTION('ref_axis',(1.,0.,0.));
#2431=DIRECTION('center_axis',(-0.707106781186548,0.,0.707106781186548));
#2432=DIRECTION('ref_axis',(0.707106781186548,0.,0.707106781186548));
#2433=DIRECTION('',(0.,1.,0.));
#2434=DIRECTION('',(0.707106781186548,0.,0.707106781186548));
#2435=DIRECTION('',(0.,-1.,0.));
#2436=DIRECTION('',(-0.707106781186548,0.,-0.707106781186548));
#2437=DIRECTION('center_axis',(0.,-1.,0.));
#2438=DIRECTION('ref_axis',(0.,0.,-1.));
#2439=DIRECTION('',(1.,0.,0.));
#2440=DIRECTION('',(0.,0.,-1.));
#2441=DIRECTION('',(-1.,0.,0.));
#2442=DIRECTION('',(0.,0.,-1.));
#2443=DIRECTION('center_axis',(0.,0.,1.));
#2444=DIRECTION('ref_axis',(1.,0.,0.));
#2445=DIRECTION('',(-1.,0.,0.));
#2446=DIRECTION('',(0.,-1.,0.));
#2447=DIRECTION('center_axis',(0.,0.,1.));
#2448=DIRECTION('ref_axis',(1.,0.,0.));
#2449=DIRECTION('',(0.,1.,0.));
#2450=DIRECTION('',(0.,1.,0.));
#2451=DIRECTION('',(1.,0.,0.));
#2452=DIRECTION('center_axis',(0.,1.,0.));
#2453=DIRECTION('ref_axis',(0.,0.,1.));
#2454=DIRECTION('',(0.,0.,-1.));
#2455=DIRECTION('',(0.,0.,1.));
#2456=DIRECTION('center_axis',(-1.,0.,0.));
#2457=DIRECTION('ref_axis',(0.,0.,1.));
#2458=DIRECTION('center_axis',(-0.707106781186548,0.,0.707106781186548));
#2459=DIRECTION('ref_axis',(0.707106781186548,0.,0.707106781186548));
#2460=DIRECTION('',(0.,1.,0.));
#2461=DIRECTION('',(0.707106781186548,0.,0.707106781186548));
#2462=DIRECTION('',(0.,-1.,0.));
#2463=DIRECTION('',(-0.707106781186548,0.,-0.707106781186548));
#2464=DIRECTION('center_axis',(0.,-1.,0.));
#2465=DIRECTION('ref_axis',(0.,0.,-1.));
#2466=DIRECTION('',(1.,0.,0.));
#2467=DIRECTION('',(0.,0.,-1.));
#2468=DIRECTION('',(-1.,0.,0.));
#2469=DIRECTION('',(0.,0.,-1.));
#2470=DIRECTION('center_axis',(0.,0.,1.));
#2471=DIRECTION('ref_axis',(1.,0.,0.));
#2472=DIRECTION('',(-1.,0.,0.));
#2473=DIRECTION('',(0.,-1.,0.));
#2474=DIRECTION('center_axis',(0.,0.,1.));
#2475=DIRECTION('ref_axis',(1.,0.,0.));
#2476=DIRECTION('',(0.,1.,0.));
#2477=DIRECTION('',(0.,1.,0.));
#2478=DIRECTION('',(1.,0.,0.));
#2479=DIRECTION('center_axis',(0.,1.,0.));
#2480=DIRECTION('ref_axis',(0.,0.,1.));
#2481=DIRECTION('',(0.,0.,-1.));
#2482=DIRECTION('',(0.,0.,1.));
#2483=DIRECTION('center_axis',(-1.,0.,0.));
#2484=DIRECTION('ref_axis',(0.,0.,1.));
#2485=DIRECTION('center_axis',(0.,0.,1.));
#2486=DIRECTION('ref_axis',(1.,0.,0.));
#2487=DIRECTION('',(0.,1.,0.));
#2488=DIRECTION('',(-1.,0.,0.));
#2489=DIRECTION('',(0.,-1.,0.));
#2490=DIRECTION('',(1.,0.,0.));
#2491=DIRECTION('center_axis',(0.,1.,0.));
#2492=DIRECTION('ref_axis',(0.,0.,1.));
#2493=DIRECTION('',(0.,0.,-1.));
#2494=DIRECTION('',(0.,0.,-1.));
#2495=DIRECTION('center_axis',(1.,0.,0.));
#2496=DIRECTION('ref_axis',(0.,0.,-1.));
#2497=DIRECTION('',(0.,0.,-1.));
#2498=DIRECTION('center_axis',(0.,-1.,0.));
#2499=DIRECTION('ref_axis',(0.,0.,-1.));
#2500=DIRECTION('',(0.,0.,-1.));
#2501=DIRECTION('center_axis',(-1.,0.,0.));
#2502=DIRECTION('ref_axis',(0.,0.,1.));
#2503=DIRECTION('center_axis',(0.,0.,1.));
#2504=DIRECTION('ref_axis',(1.,0.,0.));
#2505=DIRECTION('',(0.,1.,0.));
#2506=DIRECTION('',(-1.,0.,0.));
#2507=DIRECTION('',(0.,-1.,0.));
#2508=DIRECTION('',(1.,0.,0.));
#2509=DIRECTION('center_axis',(0.,1.,0.));
#2510=DIRECTION('ref_axis',(0.,0.,1.));
#2511=DIRECTION('',(0.,0.,-1.));
#2512=DIRECTION('',(0.,0.,-1.));
#2513=DIRECTION('center_axis',(1.,0.,0.));
#2514=DIRECTION('ref_axis',(0.,0.,-1.));
#2515=DIRECTION('',(0.,0.,-1.));
#2516=DIRECTION('center_axis',(0.,-1.,0.));
#2517=DIRECTION('ref_axis',(0.,0.,-1.));
#2518=DIRECTION('',(0.,0.,-1.));
#2519=DIRECTION('center_axis',(-1.,0.,0.));
#2520=DIRECTION('ref_axis',(0.,0.,1.));
#2521=DIRECTION('center_axis',(0.,0.,1.));
#2522=DIRECTION('ref_axis',(1.,0.,0.));
#2523=DIRECTION('',(0.,1.,0.));
#2524=DIRECTION('',(-1.,0.,0.));
#2525=DIRECTION('',(0.,-1.,0.));
#2526=DIRECTION('',(1.,0.,0.));
#2527=DIRECTION('center_axis',(0.,1.,0.));
#2528=DIRECTION('ref_axis',(0.,0.,1.));
#2529=DIRECTION('',(0.,0.,-1.));
#2530=DIRECTION('',(0.,0.,-1.));
#2531=DIRECTION('center_axis',(1.,0.,0.));
#2532=DIRECTION('ref_axis',(0.,0.,-1.));
#2533=DIRECTION('',(0.,0.,-1.));
#2534=DIRECTION('center_axis',(0.,-1.,0.));
#2535=DIRECTION('ref_axis',(0.,0.,-1.));
#2536=DIRECTION('',(0.,0.,-1.));
#2537=DIRECTION('center_axis',(-1.,0.,0.));
#2538=DIRECTION('ref_axis',(0.,0.,1.));
#2539=DIRECTION('center_axis',(0.,0.,1.));
#2540=DIRECTION('ref_axis',(1.,0.,0.));
#2541=DIRECTION('',(0.,1.,0.));
#2542=DIRECTION('',(-1.,0.,0.));
#2543=DIRECTION('',(0.,-1.,0.));
#2544=DIRECTION('',(1.,0.,0.));
#2545=DIRECTION('center_axis',(0.,1.,0.));
#2546=DIRECTION('ref_axis',(0.,0.,1.));
#2547=DIRECTION('',(0.,0.,-1.));
#2548=DIRECTION('',(0.,0.,-1.));
#2549=DIRECTION('center_axis',(1.,0.,0.));
#2550=DIRECTION('ref_axis',(0.,0.,-1.));
#2551=DIRECTION('',(0.,0.,-1.));
#2552=DIRECTION('center_axis',(0.,-1.,0.));
#2553=DIRECTION('ref_axis',(0.,0.,-1.));
#2554=DIRECTION('',(0.,0.,-1.));
#2555=DIRECTION('center_axis',(-1.,0.,0.));
#2556=DIRECTION('ref_axis',(0.,0.,1.));
#2557=DIRECTION('center_axis',(-1.,0.,0.));
#2558=DIRECTION('ref_axis',(0.,0.,1.));
#2559=DIRECTION('',(0.,0.,-1.));
#2560=DIRECTION('',(0.,-1.,0.));
#2561=DIRECTION('',(0.,0.,1.));
#2562=DIRECTION('center_axis',(-1.,0.,0.));
#2563=DIRECTION('ref_axis',(0.,0.,1.));
#2564=DIRECTION('',(0.,0.,1.));
#2565=DIRECTION('',(0.,0.,-1.));
#2566=DIRECTION('',(0.,-1.,0.));
#2567=DIRECTION('center_axis',(0.,0.,1.));
#2568=DIRECTION('ref_axis',(1.,0.,0.));
#2569=DIRECTION('',(0.,-1.,0.));
#2570=DIRECTION('center_axis',(0.,0.,-1.));
#2571=DIRECTION('ref_axis',(1.,0.,0.));
#2572=DIRECTION('',(-1.,0.,0.));
#2573=DIRECTION('',(0.,1.,0.));
#2574=DIRECTION('',(1.,0.,0.));
#2575=DIRECTION('center_axis',(0.,0.,1.));
#2576=DIRECTION('ref_axis',(1.,0.,0.));
#2577=DIRECTION('',(0.,1.,0.));
#2578=DIRECTION('center_axis',(0.,0.,1.));
#2579=DIRECTION('ref_axis',(1.,0.,0.));
#2580=DIRECTION('',(-1.,0.,0.));
#2581=DIRECTION('',(0.,1.,0.));
#2582=DIRECTION('',(1.,0.,0.));
#2583=DIRECTION('center_axis',(0.,0.,-1.));
#2584=DIRECTION('ref_axis',(1.,0.,0.));
#2585=DIRECTION('center_axis',(1.,0.,0.));
#2586=DIRECTION('ref_axis',(0.,0.,-1.));
#2587=DIRECTION('',(0.,0.,-1.));
#2588=DIRECTION('',(0.,1.,0.));
#2589=DIRECTION('',(0.,0.,1.));
#2590=DIRECTION('center_axis',(1.,0.,0.));
#2591=DIRECTION('ref_axis',(0.,0.,-1.));
#2592=DIRECTION('',(0.,0.,1.));
#2593=DIRECTION('',(0.,0.,-1.));
#2594=DIRECTION('',(0.,1.,0.));
#2595=DIRECTION('center_axis',(0.,0.,1.));
#2596=DIRECTION('ref_axis',(1.,0.,0.));
#2597=DIRECTION('',(1.,0.,0.));
#2598=DIRECTION('',(-1.,0.,0.));
#2599=DIRECTION('center_axis',(0.,0.,1.));
#2600=DIRECTION('ref_axis',(1.,0.,0.));
#2601=DIRECTION('',(0.,0.,-1.));
#2602=DIRECTION('center_axis',(-1.,0.,0.));
#2603=DIRECTION('ref_axis',(0.,0.,1.));
#2604=DIRECTION('',(0.,0.,-1.));
#2605=DIRECTION('center_axis',(0.,0.,1.));
#2606=DIRECTION('ref_axis',(1.,0.,0.));
#2607=DIRECTION('',(0.,0.,-1.));
#2608=DIRECTION('center_axis',(0.,1.,0.));
#2609=DIRECTION('ref_axis',(0.,0.,1.));
#2610=DIRECTION('',(0.,0.,-1.));
#2611=DIRECTION('center_axis',(0.,0.,1.));
#2612=DIRECTION('ref_axis',(1.,0.,0.));
#2613=DIRECTION('',(0.,0.,-1.));
#2614=DIRECTION('',(0.,0.,-1.));
#2615=DIRECTION('center_axis',(0.,0.,1.));
#2616=DIRECTION('ref_axis',(1.,0.,0.));
#2617=DIRECTION('',(0.,0.,-1.));
#2618=DIRECTION('center_axis',(1.,0.,0.));
#2619=DIRECTION('ref_axis',(0.,0.,-1.));
#2620=DIRECTION('center_axis',(0.,-1.,0.));
#2621=DIRECTION('ref_axis',(0.,0.,-1.));
#2622=DIRECTION('',(1.,0.,0.));
#2623=DIRECTION('center_axis',(0.,0.,1.));
#2624=DIRECTION('ref_axis',(1.,0.,0.));
#2625=DIRECTION('',(-1.,0.,0.));
#2626=DIRECTION('center_axis',(0.,0.,1.));
#2627=DIRECTION('ref_axis',(1.,0.,0.));
#2628=DIRECTION('',(0.,0.,-1.));
#2629=DIRECTION('center_axis',(0.,0.,-1.));
#2630=DIRECTION('ref_axis',(1.,0.,0.));
#2631=DIRECTION('',(0.,0.,-1.));
#2632=DIRECTION('center_axis',(0.,0.,1.));
#2633=DIRECTION('ref_axis',(1.,0.,0.));
#2634=DIRECTION('',(0.,0.,-1.));
#2635=DIRECTION('center_axis',(0.,0.,-1.));
#2636=DIRECTION('ref_axis',(1.,0.,0.));
#2637=DIRECTION('',(0.,0.,-1.));
#2638=DIRECTION('center_axis',(0.,0.,1.));
#2639=DIRECTION('ref_axis',(1.,0.,0.));
#2640=DIRECTION('',(0.,0.,-1.));
#2641=DIRECTION('center_axis',(0.,0.,-1.));
#2642=DIRECTION('ref_axis',(1.,0.,0.));
#2643=DIRECTION('center_axis',(0.,0.,1.));
#2644=DIRECTION('ref_axis',(1.,0.,0.));
#2645=DIRECTION('',(0.,-1.,0.));
#2646=DIRECTION('',(-1.,0.,0.));
#2647=DIRECTION('center_axis',(0.,0.,-1.));
#2648=DIRECTION('ref_axis',(1.,0.,0.));
#2649=DIRECTION('',(1.,0.,0.));
#2650=DIRECTION('center_axis',(0.,0.,1.));
#2651=DIRECTION('ref_axis',(1.,0.,0.));
#2652=DIRECTION('',(0.,0.,-1.));
#2653=DIRECTION('center_axis',(-1.,0.,0.));
#2654=DIRECTION('ref_axis',(0.,0.,1.));
#2655=DIRECTION('center_axis',(0.,1.,0.));
#2656=DIRECTION('ref_axis',(0.,0.,1.));
#2657=DIRECTION('center_axis',(0.,-1.,0.));
#2658=DIRECTION('ref_axis',(0.,0.,-1.));
#2659=CARTESIAN_POINT('',(0.,0.,0.));
#2660=CARTESIAN_POINT('Origin',(25.4,5.55,2.4));
#2661=CARTESIAN_POINT('',(25.4,6.34744042902334,1.4));
#2662=CARTESIAN_POINT('',(25.4,6.34744042902334,2.4));
#2663=CARTESIAN_POINT('',(25.4,6.34744042902334,1.2));
#2664=CARTESIAN_POINT('',(25.4,5.00799361021957,1.4));
#2665=CARTESIAN_POINT('',(25.4,5.55,1.4));
#2666=CARTESIAN_POINT('',(25.4,5.00799361021957,2.4));
#2667=CARTESIAN_POINT('',(25.4,5.00799361021957,2.4));
#2668=CARTESIAN_POINT('',(25.4,2.775,2.4));
#2669=CARTESIAN_POINT('Origin',(22.6,5.55,2.4));
#2670=CARTESIAN_POINT('',(22.6,6.34744042902334,2.4));
#2671=CARTESIAN_POINT('',(22.6,6.34744042902334,1.4));
#2672=CARTESIAN_POINT('',(22.6,6.34744042902334,1.2));
#2673=CARTESIAN_POINT('',(22.6,5.00799361021957,2.4));
#2674=CARTESIAN_POINT('',(22.6,2.775,2.4));
#2675=CARTESIAN_POINT('',(22.6,5.00799361021957,1.4));
#2676=CARTESIAN_POINT('',(22.6,5.00799361021957,2.4));
#2677=CARTESIAN_POINT('',(22.6,5.55,1.4));
#2678=CARTESIAN_POINT('Origin',(24.,0.,1.2));
#2679=CARTESIAN_POINT('Origin',(24.,0.,1.4));
#2680=CARTESIAN_POINT('',(17.5,-7.9602041944578E-16,2.4));
#2681=CARTESIAN_POINT('Origin',(24.,0.,2.4));
#2682=CARTESIAN_POINT('',(17.5,-7.9602041944578E-16,0.));
#2683=CARTESIAN_POINT('',(17.5,-7.9602041944578E-16,1.2));
#2684=CARTESIAN_POINT('Origin',(24.,0.,0.));
#2685=CARTESIAN_POINT('Origin',(24.,0.,2.4));
#2686=CARTESIAN_POINT('Origin',(24.,0.,-1.4495));
#2687=CARTESIAN_POINT('',(22.3,-2.0818995585505E-16,-1.6));
#2688=CARTESIAN_POINT('Origin',(24.,0.,-1.6));
#2689=CARTESIAN_POINT('',(22.3,-2.0818995585505E-16,-0.3));
#2690=CARTESIAN_POINT('',(22.3,-2.0818995585505E-16,-1.4495));
#2691=CARTESIAN_POINT('Origin',(24.,0.,-0.3));
#2692=CARTESIAN_POINT('Origin',(24.,0.,0.5505));
#2693=CARTESIAN_POINT('',(20.6009994121105,4.16257519025882E-16,1.4));
#2694=CARTESIAN_POINT('',(21.45,-3.12284933782575E-16,0.5505));
#2695=CARTESIAN_POINT('Origin',(24.,0.,1.4));
#2696=CARTESIAN_POINT('Origin',(24.,0.,2.4));
#2697=CARTESIAN_POINT('Origin',(24.,0.,2.4));
#2698=CARTESIAN_POINT('Origin',(24.,0.,1.4));
#2699=CARTESIAN_POINT('Origin',(24.,0.,1.4));
#2700=CARTESIAN_POINT('Origin',(-22.6,5.55,2.4));
#2701=CARTESIAN_POINT('',(-22.6,6.34744042902334,1.4));
#2702=CARTESIAN_POINT('',(-22.6,6.34744042902334,2.4));
#2703=CARTESIAN_POINT('',(-22.6,6.34744042902334,1.2));
#2704=CARTESIAN_POINT('',(-22.6,5.00799361021957,1.4));
#2705=CARTESIAN_POINT('',(-22.6,5.55,1.4));
#2706=CARTESIAN_POINT('',(-22.6,5.00799361021957,2.4));
#2707=CARTESIAN_POINT('',(-22.6,5.00799361021957,2.4));
#2708=CARTESIAN_POINT('',(-22.6,2.775,2.4));
#2709=CARTESIAN_POINT('Origin',(-25.4,5.55,2.4));
#2710=CARTESIAN_POINT('',(-25.4,6.34744042902334,2.4));
#2711=CARTESIAN_POINT('',(-25.4,6.34744042902334,1.4));
#2712=CARTESIAN_POINT('',(-25.4,6.34744042902334,1.2));
#2713=CARTESIAN_POINT('',(-25.4,5.00799361021957,2.4));
#2714=CARTESIAN_POINT('',(-25.4,2.775,2.4));
#2715=CARTESIAN_POINT('',(-25.4,5.00799361021957,1.4));
#2716=CARTESIAN_POINT('',(-25.4,5.00799361021957,2.4));
#2717=CARTESIAN_POINT('',(-25.4,5.55,1.4));
#2718=CARTESIAN_POINT('Origin',(-24.,0.,1.2));
#2719=CARTESIAN_POINT('Origin',(-24.,0.,1.4));
#2720=CARTESIAN_POINT('',(-30.5,-7.9602041944578E-16,2.4));
#2721=CARTESIAN_POINT('Origin',(-24.,0.,2.4));
#2722=CARTESIAN_POINT('',(-30.5,-7.9602041944578E-16,0.));
#2723=CARTESIAN_POINT('',(-30.5,-7.9602041944578E-16,1.2));
#2724=CARTESIAN_POINT('Origin',(-24.,0.,0.));
#2725=CARTESIAN_POINT('Origin',(-24.,0.,2.4));
#2726=CARTESIAN_POINT('Origin',(-24.,0.,-1.4495));
#2727=CARTESIAN_POINT('',(-25.7,-2.0818995585505E-16,-1.6));
#2728=CARTESIAN_POINT('Origin',(-24.,0.,-1.6));
#2729=CARTESIAN_POINT('',(-25.7,-2.0818995585505E-16,-0.3));
#2730=CARTESIAN_POINT('',(-25.7,-2.0818995585505E-16,-1.4495));
#2731=CARTESIAN_POINT('Origin',(-24.,0.,-0.3));
#2732=CARTESIAN_POINT('Origin',(-24.,0.,0.5505));
#2733=CARTESIAN_POINT('',(-27.3990005878895,4.16257519025882E-16,1.4));
#2734=CARTESIAN_POINT('',(-26.55,-3.12284933782575E-16,0.5505));
#2735=CARTESIAN_POINT('Origin',(-24.,0.,1.4));
#2736=CARTESIAN_POINT('Origin',(-24.,0.,2.4));
#2737=CARTESIAN_POINT('Origin',(-24.,0.,2.4));
#2738=CARTESIAN_POINT('Origin',(-24.,0.,1.4));
#2739=CARTESIAN_POINT('Origin',(-24.,0.,1.4));
#2740=CARTESIAN_POINT('Origin',(24.,0.,2.4));
#2741=CARTESIAN_POINT('Origin',(-24.,0.,2.4));
#2742=CARTESIAN_POINT('Origin',(-33.3,-8.,19.025));
#2743=CARTESIAN_POINT('',(-32.,-8.,13.05));
#2744=CARTESIAN_POINT('',(-32.,-8.,24.));
#2745=CARTESIAN_POINT('',(-32.,-8.,11.0375));
#2746=CARTESIAN_POINT('',(-33.6,-8.,13.05));
#2747=CARTESIAN_POINT('',(-33.3,-8.,13.05));
#2748=CARTESIAN_POINT('',(-33.6,-8.,24.));
#2749=CARTESIAN_POINT('',(-33.6,-8.,9.1125));
#2750=CARTESIAN_POINT('',(-15.3,-8.,24.));
#2751=CARTESIAN_POINT('Origin',(-33.3,0.,13.05));
#2752=CARTESIAN_POINT('',(-32.,8.,13.05));
#2753=CARTESIAN_POINT('',(-32.,0.,13.05));
#2754=CARTESIAN_POINT('',(-33.6,8.,13.05));
#2755=CARTESIAN_POINT('',(-33.3,8.,13.05));
#2756=CARTESIAN_POINT('',(-33.6,0.,13.05));
#2757=CARTESIAN_POINT('Origin',(-33.3,8.,19.025));
#2758=CARTESIAN_POINT('',(-32.,8.,24.));
#2759=CARTESIAN_POINT('',(-32.,8.,11.0375));
#2760=CARTESIAN_POINT('',(-33.6,8.,24.));
#2761=CARTESIAN_POINT('',(-15.3,8.,24.));
#2762=CARTESIAN_POINT('',(-33.6,8.,9.1125));
#2763=CARTESIAN_POINT('Origin',(-33.6,0.,-0.8));
#2764=CARTESIAN_POINT('',(-33.6,32.1,24.));
#2765=CARTESIAN_POINT('',(-33.6,0.,24.));
#2766=CARTESIAN_POINT('',(-33.6,32.1,-1.6));
#2767=CARTESIAN_POINT('',(-33.6,32.1,-0.8));
#2768=CARTESIAN_POINT('',(-33.6,-32.1,-1.6));
#2769=CARTESIAN_POINT('',(-33.6,0.,-1.6));
#2770=CARTESIAN_POINT('',(-33.6,-32.1,24.));
#2771=CARTESIAN_POINT('',(-33.6,-32.1,15.05));
#2772=CARTESIAN_POINT('',(-33.6,0.,24.));
#2773=CARTESIAN_POINT('',(-33.6,-28.,20.));
#2774=CARTESIAN_POINT('',(-33.6,-16.,20.));
#2775=CARTESIAN_POINT('',(-33.6,-11.,20.));
#2776=CARTESIAN_POINT('',(-33.6,-16.,22.6));
#2777=CARTESIAN_POINT('',(-33.6,-16.,10.25));
#2778=CARTESIAN_POINT('',(-33.6,-28.,22.6));
#2779=CARTESIAN_POINT('',(-33.6,-11.,22.6));
#2780=CARTESIAN_POINT('',(-33.6,-28.,10.25));
#2781=CARTESIAN_POINT('',(-33.6,16.,20.));
#2782=CARTESIAN_POINT('',(-33.6,28.,20.));
#2783=CARTESIAN_POINT('',(-33.6,11.,20.));
#2784=CARTESIAN_POINT('',(-33.6,28.,22.6));
#2785=CARTESIAN_POINT('',(-33.6,28.,10.25));
#2786=CARTESIAN_POINT('',(-33.6,16.,22.6));
#2787=CARTESIAN_POINT('',(-33.6,11.,22.6));
#2788=CARTESIAN_POINT('',(-33.6,16.,10.25));
#2789=CARTESIAN_POINT('Origin',(2.7,0.,24.));
#2790=CARTESIAN_POINT('',(-32.,32.1,24.));
#2791=CARTESIAN_POINT('',(-32.,0.,24.));
#2792=CARTESIAN_POINT('',(-30.6,33.5,24.));
#2793=CARTESIAN_POINT('Origin',(-30.6,32.1,24.));
#2794=CARTESIAN_POINT('',(-28.,33.5,24.));
#2795=CARTESIAN_POINT('',(2.7,33.5,24.));
#2796=CARTESIAN_POINT('',(-28.,35.1,24.));
#2797=CARTESIAN_POINT('',(-28.,0.,24.));
#2798=CARTESIAN_POINT('',(-30.6,35.1,24.));
#2799=CARTESIAN_POINT('',(2.7,35.1,24.));
#2800=CARTESIAN_POINT('Origin',(-30.6,32.1,24.));
#2801=CARTESIAN_POINT('Origin',(2.7,0.,24.));
#2802=CARTESIAN_POINT('',(-30.6,-35.1,24.));
#2803=CARTESIAN_POINT('Origin',(-30.6,-32.1,24.));
#2804=CARTESIAN_POINT('',(-28.,-35.1,24.));
#2805=CARTESIAN_POINT('',(2.7,-35.1,24.));
#2806=CARTESIAN_POINT('',(-28.,-33.5,24.));
#2807=CARTESIAN_POINT('',(-28.,0.,24.));
#2808=CARTESIAN_POINT('',(-30.6,-33.5,24.));
#2809=CARTESIAN_POINT('',(2.7,-33.5,24.));
#2810=CARTESIAN_POINT('',(-32.,-32.1,24.));
#2811=CARTESIAN_POINT('Origin',(-30.6,-32.1,24.));
#2812=CARTESIAN_POINT('',(-32.,0.,24.));
#2813=CARTESIAN_POINT('Origin',(-33.7,22.,22.6));
#2814=CARTESIAN_POINT('',(-32.8,28.,22.6));
#2815=CARTESIAN_POINT('',(-33.7,28.,22.6));
#2816=CARTESIAN_POINT('',(-32.8,16.,22.6));
#2817=CARTESIAN_POINT('',(-32.8,22.,22.6));
#2818=CARTESIAN_POINT('',(-33.7,16.,22.6));
#2819=CARTESIAN_POINT('Origin',(-33.7,16.,21.3));
#2820=CARTESIAN_POINT('',(-32.8,16.,20.));
#2821=CARTESIAN_POINT('',(-32.8,16.,21.3));
#2822=CARTESIAN_POINT('',(-33.7,16.,20.));
#2823=CARTESIAN_POINT('Origin',(-33.7,22.,20.));
#2824=CARTESIAN_POINT('',(-32.8,28.,20.));
#2825=CARTESIAN_POINT('',(-32.8,22.,20.));
#2826=CARTESIAN_POINT('',(-33.7,28.,20.));
#2827=CARTESIAN_POINT('Origin',(-33.7,28.,21.3));
#2828=CARTESIAN_POINT('',(-32.8,28.,21.3));
#2829=CARTESIAN_POINT('Origin',(-32.8,22.,21.3));
#2830=CARTESIAN_POINT('Origin',(-33.7,-22.,22.6));
#2831=CARTESIAN_POINT('',(-32.8,-16.,22.6));
#2832=CARTESIAN_POINT('',(-33.7,-16.,22.6));
#2833=CARTESIAN_POINT('',(-32.8,-28.,22.6));
#2834=CARTESIAN_POINT('',(-32.8,-22.,22.6));
#2835=CARTESIAN_POINT('',(-33.7,-28.,22.6));
#2836=CARTESIAN_POINT('Origin',(-33.7,-28.,21.3));
#2837=CARTESIAN_POINT('',(-32.8,-28.,20.));
#2838=CARTESIAN_POINT('',(-32.8,-28.,21.3));
#2839=CARTESIAN_POINT('',(-33.7,-28.,20.));
#2840=CARTESIAN_POINT('Origin',(-33.7,-22.,20.));
#2841=CARTESIAN_POINT('',(-32.8,-16.,20.));
#2842=CARTESIAN_POINT('',(-32.8,-22.,20.));
#2843=CARTESIAN_POINT('',(-33.7,-16.,20.));
#2844=CARTESIAN_POINT('Origin',(-33.7,-16.,21.3));
#2845=CARTESIAN_POINT('',(-32.8,-16.,21.3));
#2846=CARTESIAN_POINT('Origin',(-32.8,-22.,21.3));
#2847=CARTESIAN_POINT('Origin',(35.5,26.,18.1));
#2848=CARTESIAN_POINT('',(33.8,26.,17.));
#2849=CARTESIAN_POINT('Origin',(35.5,26.,17.));
#2850=CARTESIAN_POINT('',(33.8,26.,19.));
#2851=CARTESIAN_POINT('',(33.8,26.,18.1));
#2852=CARTESIAN_POINT('Origin',(35.5,26.,19.));
#2853=CARTESIAN_POINT('Origin',(35.5,26.,17.));
#2854=CARTESIAN_POINT('Origin',(35.5,26.,21.5005));
#2855=CARTESIAN_POINT('',(33.5,26.,19.));
#2856=CARTESIAN_POINT('Origin',(35.5,26.,19.));
#2857=CARTESIAN_POINT('',(33.5,26.,24.));
#2858=CARTESIAN_POINT('',(33.5,26.,21.5005));
#2859=CARTESIAN_POINT('Origin',(35.5,26.,24.));
#2860=CARTESIAN_POINT('Origin',(35.5,26.,19.));
#2861=CARTESIAN_POINT('Origin',(35.5,-26.,18.1));
#2862=CARTESIAN_POINT('',(33.8,-26.,17.));
#2863=CARTESIAN_POINT('Origin',(35.5,-26.,17.));
#2864=CARTESIAN_POINT('',(33.8,-26.,19.));
#2865=CARTESIAN_POINT('',(33.8,-26.,18.1));
#2866=CARTESIAN_POINT('Origin',(35.5,-26.,19.));
#2867=CARTESIAN_POINT('Origin',(35.5,-26.,17.));
#2868=CARTESIAN_POINT('Origin',(35.5,-26.,21.5005));
#2869=CARTESIAN_POINT('',(33.5,-26.,19.));
#2870=CARTESIAN_POINT('Origin',(35.5,-26.,19.));
#2871=CARTESIAN_POINT('',(33.5,-26.,24.));
#2872=CARTESIAN_POINT('',(33.5,-26.,21.5005));
#2873=CARTESIAN_POINT('Origin',(35.5,-26.,24.));
#2874=CARTESIAN_POINT('Origin',(35.5,-26.,19.));
#2875=CARTESIAN_POINT('Origin',(35.5,21.5,12.));
#2876=CARTESIAN_POINT('',(37.4,21.5,24.));
#2877=CARTESIAN_POINT('',(37.4,21.5,0.));
#2878=CARTESIAN_POINT('',(37.4,21.5,7.525));
#2879=CARTESIAN_POINT('',(32.,21.5,24.));
#2880=CARTESIAN_POINT('',(35.5,21.5,24.));
#2881=CARTESIAN_POINT('',(32.,21.5,0.));
#2882=CARTESIAN_POINT('',(32.,21.5,12.));
#2883=CARTESIAN_POINT('',(19.1,21.5,0.));
#2884=CARTESIAN_POINT('Origin',(32.,26.,12.));
#2885=CARTESIAN_POINT('',(32.,30.5,24.));
#2886=CARTESIAN_POINT('',(32.,30.5,0.));
#2887=CARTESIAN_POINT('',(32.,30.5,12.));
#2888=CARTESIAN_POINT('',(32.,13.,0.));
#2889=CARTESIAN_POINT('',(32.,26.,24.));
#2890=CARTESIAN_POINT('Origin',(35.5,30.5,12.));
#2891=CARTESIAN_POINT('',(37.4,30.5,0.));
#2892=CARTESIAN_POINT('',(37.4,30.5,24.));
#2893=CARTESIAN_POINT('',(37.4,30.5,7.525));
#2894=CARTESIAN_POINT('',(19.1,30.5,0.));
#2895=CARTESIAN_POINT('',(35.5,30.5,24.));
#2896=CARTESIAN_POINT('Origin',(2.7,0.,0.));
#2897=CARTESIAN_POINT('',(37.4,32.1,0.));
#2898=CARTESIAN_POINT('',(37.4,0.,0.));
#2899=CARTESIAN_POINT('',(36.,33.5,0.));
#2900=CARTESIAN_POINT('Origin',(36.,32.1,0.));
#2901=CARTESIAN_POINT('',(-30.6,33.5,0.));
#2902=CARTESIAN_POINT('',(2.7,33.5,0.));
#2903=CARTESIAN_POINT('',(-32.,32.1,0.));
#2904=CARTESIAN_POINT('Origin',(-30.6,32.1,0.));
#2905=CARTESIAN_POINT('',(-32.,-32.1,0.));
#2906=CARTESIAN_POINT('',(-32.,0.,0.));
#2907=CARTESIAN_POINT('',(-30.6,-33.5,0.));
#2908=CARTESIAN_POINT('Origin',(-30.6,-32.1,0.));
#2909=CARTESIAN_POINT('',(36.,-33.5,0.));
#2910=CARTESIAN_POINT('',(2.7,-33.5,0.));
#2911=CARTESIAN_POINT('',(37.4,-32.1,0.));
#2912=CARTESIAN_POINT('Origin',(36.,-32.1,0.));
#2913=CARTESIAN_POINT('',(37.4,-30.5,0.));
#2914=CARTESIAN_POINT('',(37.4,0.,0.));
#2915=CARTESIAN_POINT('',(32.,-30.5,0.));
#2916=CARTESIAN_POINT('',(19.1,-30.5,0.));
#2917=CARTESIAN_POINT('',(32.,-21.5,0.));
#2918=CARTESIAN_POINT('',(32.,-13.,0.));
#2919=CARTESIAN_POINT('',(37.4,-21.5,0.));
#2920=CARTESIAN_POINT('',(19.1,-21.5,0.));
#2921=CARTESIAN_POINT('',(37.4,0.,0.));
#2922=CARTESIAN_POINT('',(31.3,28.2,0.));
#2923=CARTESIAN_POINT('',(25.7,28.2,0.));
#2924=CARTESIAN_POINT('',(15.6,28.2,0.));
#2925=CARTESIAN_POINT('',(25.7,31.8,0.));
#2926=CARTESIAN_POINT('',(25.7,15.,0.));
#2927=CARTESIAN_POINT('',(31.3,31.8,0.));
#2928=CARTESIAN_POINT('',(15.6,31.8,0.));
#2929=CARTESIAN_POINT('',(31.3,15.,0.));
#2930=CARTESIAN_POINT('',(31.3,-31.8,0.));
#2931=CARTESIAN_POINT('',(25.7,-31.8,0.));
#2932=CARTESIAN_POINT('',(15.6,-31.8,0.));
#2933=CARTESIAN_POINT('',(25.7,-28.2,0.));
#2934=CARTESIAN_POINT('',(25.7,-15.,0.));
#2935=CARTESIAN_POINT('',(31.3,-28.2,0.));
#2936=CARTESIAN_POINT('',(15.6,-28.2,0.));
#2937=CARTESIAN_POINT('',(31.3,-15.,0.));
#2938=CARTESIAN_POINT('',(-25.7,28.2,0.));
#2939=CARTESIAN_POINT('',(-31.3,28.2,0.));
#2940=CARTESIAN_POINT('',(-12.9,28.2,0.));
#2941=CARTESIAN_POINT('',(-31.3,31.8,0.));
#2942=CARTESIAN_POINT('',(-31.3,15.,0.));
#2943=CARTESIAN_POINT('',(-25.7,31.8,0.));
#2944=CARTESIAN_POINT('',(-12.9,31.8,0.));
#2945=CARTESIAN_POINT('',(-25.7,15.,0.));
#2946=CARTESIAN_POINT('',(-25.7,-31.8,0.));
#2947=CARTESIAN_POINT('',(-31.3,-31.8,0.));
#2948=CARTESIAN_POINT('',(-12.9,-31.8,0.));
#2949=CARTESIAN_POINT('',(-31.3,-28.2,0.));
#2950=CARTESIAN_POINT('',(-31.3,-15.,0.));
#2951=CARTESIAN_POINT('',(-25.7,-28.2,0.));
#2952=CARTESIAN_POINT('',(-12.9,-28.2,0.));
#2953=CARTESIAN_POINT('',(-25.7,-15.,0.));
#2954=CARTESIAN_POINT('Origin',(37.4,0.,3.05));
#2955=CARTESIAN_POINT('',(37.4,32.1,24.));
#2956=CARTESIAN_POINT('',(37.4,0.,24.));
#2957=CARTESIAN_POINT('',(37.4,32.1,15.05));
#2958=CARTESIAN_POINT('Origin',(35.5,-30.5,12.));
#2959=CARTESIAN_POINT('',(37.4,-30.5,24.));
#2960=CARTESIAN_POINT('',(37.4,-30.5,7.525));
#2961=CARTESIAN_POINT('',(32.,-30.5,24.));
#2962=CARTESIAN_POINT('',(35.5,-30.5,24.));
#2963=CARTESIAN_POINT('',(32.,-30.5,12.));
#2964=CARTESIAN_POINT('Origin',(32.,-26.,12.));
#2965=CARTESIAN_POINT('',(32.,-21.5,24.));
#2966=CARTESIAN_POINT('',(32.,-21.5,12.));
#2967=CARTESIAN_POINT('',(32.,-26.,24.));
#2968=CARTESIAN_POINT('Origin',(35.5,-21.5,12.));
#2969=CARTESIAN_POINT('',(37.4,-21.5,24.));
#2970=CARTESIAN_POINT('',(37.4,-21.5,7.525));
#2971=CARTESIAN_POINT('',(35.5,-21.5,24.));
#2972=CARTESIAN_POINT('Origin',(37.4,0.,3.05));
#2973=CARTESIAN_POINT('',(37.4,0.,24.));
#2974=CARTESIAN_POINT('Origin',(28.5,30.,3.75));
#2975=CARTESIAN_POINT('',(27.2,30.,7.5));
#2976=CARTESIAN_POINT('Origin',(28.5,30.,7.5));
#2977=CARTESIAN_POINT('',(27.2,30.,4.5));
#2978=CARTESIAN_POINT('',(27.2,30.,3.75));
#2979=CARTESIAN_POINT('Origin',(28.5,30.,4.5));
#2980=CARTESIAN_POINT('Origin',(28.5,30.,7.5));
#2981=CARTESIAN_POINT('Origin',(28.5,-30.,3.75));
#2982=CARTESIAN_POINT('',(27.2,-30.,7.5));
#2983=CARTESIAN_POINT('Origin',(28.5,-30.,7.5));
#2984=CARTESIAN_POINT('',(27.2,-30.,4.5));
#2985=CARTESIAN_POINT('',(27.2,-30.,3.75));
#2986=CARTESIAN_POINT('Origin',(28.5,-30.,4.5));
#2987=CARTESIAN_POINT('Origin',(28.5,-30.,7.5));
#2988=CARTESIAN_POINT('Origin',(-30.2,15.,6.99999999999999));
#2989=CARTESIAN_POINT('',(-30.9,8.,6.3));
#2990=CARTESIAN_POINT('',(-30.9,22.,6.3));
#2991=CARTESIAN_POINT('',(-30.9,15.,6.3));
#2992=CARTESIAN_POINT('',(-29.5,22.,7.69999999999999));
#2993=CARTESIAN_POINT('',(-30.2125,22.,6.98749999999999));
#2994=CARTESIAN_POINT('',(-29.5,8.,7.69999999999999));
#2995=CARTESIAN_POINT('',(-29.5,15.,7.69999999999999));
#2996=CARTESIAN_POINT('',(-30.2125,8.,6.98749999999999));
#2997=CARTESIAN_POINT('Origin',(-30.75,22.,7.5));
#2998=CARTESIAN_POINT('',(-32.,22.,6.3));
#2999=CARTESIAN_POINT('',(-30.75,22.,6.3));
#3000=CARTESIAN_POINT('',(-32.,22.,8.7));
#3001=CARTESIAN_POINT('',(-32.,22.,5.275));
#3002=CARTESIAN_POINT('',(-29.5,22.,8.7));
#3003=CARTESIAN_POINT('',(-30.75,22.,8.7));
#3004=CARTESIAN_POINT('',(-29.5,22.,7.5));
#3005=CARTESIAN_POINT('Origin',(-30.75,15.,6.3));
#3006=CARTESIAN_POINT('',(-32.,8.,6.3));
#3007=CARTESIAN_POINT('',(-30.75,8.,6.3));
#3008=CARTESIAN_POINT('',(-32.,7.5,6.3));
#3009=CARTESIAN_POINT('Origin',(-30.75,15.,8.7));
#3010=CARTESIAN_POINT('',(-29.5,8.,8.7));
#3011=CARTESIAN_POINT('',(-29.5,15.,8.7));
#3012=CARTESIAN_POINT('',(-32.,8.,8.7));
#3013=CARTESIAN_POINT('',(-32.,7.5,8.7));
#3014=CARTESIAN_POINT('',(-30.75,8.,8.7));
#3015=CARTESIAN_POINT('Origin',(-30.75,8.,7.5));
#3016=CARTESIAN_POINT('',(-29.5,8.,7.5));
#3017=CARTESIAN_POINT('',(-32.,8.,5.275));
#3018=CARTESIAN_POINT('Origin',(-29.5,15.,7.5));
#3019=CARTESIAN_POINT('Origin',(-30.2,-15.,6.99999999999999));
#3020=CARTESIAN_POINT('',(-30.9,-22.,6.3));
#3021=CARTESIAN_POINT('',(-30.9,-8.,6.3));
#3022=CARTESIAN_POINT('',(-30.9,-15.,6.3));
#3023=CARTESIAN_POINT('',(-29.5,-8.,7.69999999999999));
#3024=CARTESIAN_POINT('',(-30.2125,-8.,6.98749999999999));
#3025=CARTESIAN_POINT('',(-29.5,-22.,7.69999999999999));
#3026=CARTESIAN_POINT('',(-29.5,-15.,7.69999999999999));
#3027=CARTESIAN_POINT('',(-30.2125,-22.,6.98749999999999));
#3028=CARTESIAN_POINT('Origin',(-30.75,-8.,7.5));
#3029=CARTESIAN_POINT('',(-32.,-8.,6.3));
#3030=CARTESIAN_POINT('',(-30.75,-8.,6.3));
#3031=CARTESIAN_POINT('',(-32.,-8.,8.7));
#3032=CARTESIAN_POINT('',(-32.,-8.,5.275));
#3033=CARTESIAN_POINT('',(-29.5,-8.,8.7));
#3034=CARTESIAN_POINT('',(-30.75,-8.,8.7));
#3035=CARTESIAN_POINT('',(-29.5,-8.,7.5));
#3036=CARTESIAN_POINT('Origin',(-30.75,-15.,6.3));
#3037=CARTESIAN_POINT('',(-32.,-22.,6.3));
#3038=CARTESIAN_POINT('',(-30.75,-22.,6.3));
#3039=CARTESIAN_POINT('',(-32.,-7.5,6.3));
#3040=CARTESIAN_POINT('Origin',(-30.75,-15.,8.7));
#3041=CARTESIAN_POINT('',(-29.5,-22.,8.7));
#3042=CARTESIAN_POINT('',(-29.5,-15.,8.7));
#3043=CARTESIAN_POINT('',(-32.,-22.,8.7));
#3044=CARTESIAN_POINT('',(-32.,-7.5,8.7));
#3045=CARTESIAN_POINT('',(-30.75,-22.,8.7));
#3046=CARTESIAN_POINT('Origin',(-30.75,-22.,7.5));
#3047=CARTESIAN_POINT('',(-29.5,-22.,7.5));
#3048=CARTESIAN_POINT('',(-32.,-22.,5.275));
#3049=CARTESIAN_POINT('Origin',(-29.5,-15.,7.5));
#3050=CARTESIAN_POINT('Origin',(28.5,30.,4.5));
#3051=CARTESIAN_POINT('',(31.3,28.2,4.5));
#3052=CARTESIAN_POINT('',(31.3,31.8,4.5));
#3053=CARTESIAN_POINT('',(31.3,30.,4.5));
#3054=CARTESIAN_POINT('',(25.7,31.8,4.5));
#3055=CARTESIAN_POINT('',(28.5,31.8,4.5));
#3056=CARTESIAN_POINT('',(25.7,28.2,4.5));
#3057=CARTESIAN_POINT('',(25.7,30.,4.5));
#3058=CARTESIAN_POINT('',(28.5,28.2,4.5));
#3059=CARTESIAN_POINT('Origin',(28.5,28.2,2.25));
#3060=CARTESIAN_POINT('',(25.7,28.2,2.25));
#3061=CARTESIAN_POINT('',(31.3,28.2,2.25));
#3062=CARTESIAN_POINT('Origin',(25.7,30.,2.25));
#3063=CARTESIAN_POINT('',(25.7,31.8,2.25));
#3064=CARTESIAN_POINT('Origin',(28.5,31.8,2.25));
#3065=CARTESIAN_POINT('',(31.3,31.8,2.25));
#3066=CARTESIAN_POINT('Origin',(31.3,30.,2.25));
#3067=CARTESIAN_POINT('Origin',(28.5,-30.,4.5));
#3068=CARTESIAN_POINT('',(31.3,-31.8,4.5));
#3069=CARTESIAN_POINT('',(31.3,-28.2,4.5));
#3070=CARTESIAN_POINT('',(31.3,-30.,4.5));
#3071=CARTESIAN_POINT('',(25.7,-28.2,4.5));
#3072=CARTESIAN_POINT('',(28.5,-28.2,4.5));
#3073=CARTESIAN_POINT('',(25.7,-31.8,4.5));
#3074=CARTESIAN_POINT('',(25.7,-30.,4.5));
#3075=CARTESIAN_POINT('',(28.5,-31.8,4.5));
#3076=CARTESIAN_POINT('Origin',(28.5,-31.8,2.25));
#3077=CARTESIAN_POINT('',(25.7,-31.8,2.25));
#3078=CARTESIAN_POINT('',(31.3,-31.8,2.25));
#3079=CARTESIAN_POINT('Origin',(25.7,-30.,2.25));
#3080=CARTESIAN_POINT('',(25.7,-28.2,2.25));
#3081=CARTESIAN_POINT('Origin',(28.5,-28.2,2.25));
#3082=CARTESIAN_POINT('',(31.3,-28.2,2.25));
#3083=CARTESIAN_POINT('Origin',(31.3,-30.,2.25));
#3084=CARTESIAN_POINT('Origin',(-28.5,30.,4.5));
#3085=CARTESIAN_POINT('',(-25.7,28.2,4.5));
#3086=CARTESIAN_POINT('',(-25.7,31.8,4.5));
#3087=CARTESIAN_POINT('',(-25.7,30.,4.5));
#3088=CARTESIAN_POINT('',(-31.3,31.8,4.5));
#3089=CARTESIAN_POINT('',(-28.5,31.8,4.5));
#3090=CARTESIAN_POINT('',(-31.3,28.2,4.5));
#3091=CARTESIAN_POINT('',(-31.3,30.,4.5));
#3092=CARTESIAN_POINT('',(-28.5,28.2,4.5));
#3093=CARTESIAN_POINT('Origin',(-28.5,28.2,2.25));
#3094=CARTESIAN_POINT('',(-31.3,28.2,2.25));
#3095=CARTESIAN_POINT('',(-25.7,28.2,2.25));
#3096=CARTESIAN_POINT('Origin',(-31.3,30.,2.25));
#3097=CARTESIAN_POINT('',(-31.3,31.8,2.25));
#3098=CARTESIAN_POINT('Origin',(-28.5,31.8,2.25));
#3099=CARTESIAN_POINT('',(-25.7,31.8,2.25));
#3100=CARTESIAN_POINT('Origin',(-25.7,30.,2.25));
#3101=CARTESIAN_POINT('Origin',(-28.5,-30.,4.5));
#3102=CARTESIAN_POINT('',(-25.7,-31.8,4.5));
#3103=CARTESIAN_POINT('',(-25.7,-28.2,4.5));
#3104=CARTESIAN_POINT('',(-25.7,-30.,4.5));
#3105=CARTESIAN_POINT('',(-31.3,-28.2,4.5));
#3106=CARTESIAN_POINT('',(-28.5,-28.2,4.5));
#3107=CARTESIAN_POINT('',(-31.3,-31.8,4.5));
#3108=CARTESIAN_POINT('',(-31.3,-30.,4.5));
#3109=CARTESIAN_POINT('',(-28.5,-31.8,4.5));
#3110=CARTESIAN_POINT('Origin',(-28.5,-31.8,2.25));
#3111=CARTESIAN_POINT('',(-31.3,-31.8,2.25));
#3112=CARTESIAN_POINT('',(-25.7,-31.8,2.25));
#3113=CARTESIAN_POINT('Origin',(-31.3,-30.,2.25));
#3114=CARTESIAN_POINT('',(-31.3,-28.2,2.25));
#3115=CARTESIAN_POINT('Origin',(-28.5,-28.2,2.25));
#3116=CARTESIAN_POINT('',(-25.7,-28.2,2.25));
#3117=CARTESIAN_POINT('Origin',(-25.7,-30.,2.25));
#3118=CARTESIAN_POINT('Origin',(-28.,0.,15.05));
#3119=CARTESIAN_POINT('',(-28.,33.5,6.1));
#3120=CARTESIAN_POINT('',(-28.,33.5,15.05));
#3121=CARTESIAN_POINT('',(-28.,35.1,6.1));
#3122=CARTESIAN_POINT('',(-28.,0.,6.1));
#3123=CARTESIAN_POINT('',(-28.,35.1,15.05));
#3124=CARTESIAN_POINT('Origin',(-28.,0.,15.05));
#3125=CARTESIAN_POINT('',(-28.,-33.5,6.1));
#3126=CARTESIAN_POINT('',(-28.,-33.5,15.05));
#3127=CARTESIAN_POINT('',(-28.,-35.1,6.1));
#3128=CARTESIAN_POINT('',(-28.,-35.1,15.05));
#3129=CARTESIAN_POINT('',(-28.,0.,6.1));
#3130=CARTESIAN_POINT('Origin',(2.7,0.,24.));
#3131=CARTESIAN_POINT('',(37.4,-32.1,24.));
#3132=CARTESIAN_POINT('',(37.4,0.,24.));
#3133=CARTESIAN_POINT('',(36.,-33.5,24.));
#3134=CARTESIAN_POINT('Origin',(36.,-32.1,24.));
#3135=CARTESIAN_POINT('',(33.4,-33.5,24.));
#3136=CARTESIAN_POINT('',(2.7,-33.5,24.));
#3137=CARTESIAN_POINT('',(33.4,-35.1,24.));
#3138=CARTESIAN_POINT('',(33.4,0.,24.));
#3139=CARTESIAN_POINT('',(36.,-35.1,24.));
#3140=CARTESIAN_POINT('',(2.7,-35.1,24.));
#3141=CARTESIAN_POINT('',(39.,-32.1,24.));
#3142=CARTESIAN_POINT('Origin',(36.,-32.1,24.));
#3143=CARTESIAN_POINT('',(39.,32.1,24.));
#3144=CARTESIAN_POINT('',(39.,0.,24.));
#3145=CARTESIAN_POINT('',(36.,35.1,24.));
#3146=CARTESIAN_POINT('Origin',(36.,32.1,24.));
#3147=CARTESIAN_POINT('',(33.4,35.1,24.));
#3148=CARTESIAN_POINT('',(2.7,35.1,24.));
#3149=CARTESIAN_POINT('',(33.4,33.5,24.));
#3150=CARTESIAN_POINT('',(33.4,0.,24.));
#3151=CARTESIAN_POINT('',(36.,33.5,24.));
#3152=CARTESIAN_POINT('',(2.7,33.5,24.));
#3153=CARTESIAN_POINT('Origin',(36.,32.1,24.));
#3154=CARTESIAN_POINT('Origin',(33.4,0.,15.05));
#3155=CARTESIAN_POINT('',(33.4,-33.5,6.1));
#3156=CARTESIAN_POINT('',(33.4,-33.5,15.05));
#3157=CARTESIAN_POINT('',(33.4,-35.1,6.1));
#3158=CARTESIAN_POINT('',(33.4,0.,6.1));
#3159=CARTESIAN_POINT('',(33.4,-35.1,15.05));
#3160=CARTESIAN_POINT('Origin',(33.4,0.,15.05));
#3161=CARTESIAN_POINT('',(33.4,33.5,6.1));
#3162=CARTESIAN_POINT('',(33.4,33.5,15.05));
#3163=CARTESIAN_POINT('',(33.4,35.1,6.1));
#3164=CARTESIAN_POINT('',(33.4,35.1,15.05));
#3165=CARTESIAN_POINT('',(33.4,0.,6.1));
#3166=CARTESIAN_POINT('Origin',(2.7,0.,6.1));
#3167=CARTESIAN_POINT('',(2.7,-35.1,6.1));
#3168=CARTESIAN_POINT('',(2.7,-33.5,6.1));
#3169=CARTESIAN_POINT('Origin',(36.,32.1,3.05));
#3170=CARTESIAN_POINT('',(36.,33.5,3.05));
#3171=CARTESIAN_POINT('Origin',(37.4,0.,3.05));
#3172=CARTESIAN_POINT('',(37.4,-32.1,3.05));
#3173=CARTESIAN_POINT('Origin',(36.,-32.1,3.05));
#3174=CARTESIAN_POINT('',(36.,-33.5,15.05));
#3175=CARTESIAN_POINT('Origin',(2.7,-33.5,3.05));
#3176=CARTESIAN_POINT('',(-30.6,-33.5,3.05));
#3177=CARTESIAN_POINT('Origin',(-30.6,32.1,3.05));
#3178=CARTESIAN_POINT('',(-32.,32.1,3.05));
#3179=CARTESIAN_POINT('',(-30.6,33.5,15.05));
#3180=CARTESIAN_POINT('Origin',(-30.6,-32.1,3.05));
#3181=CARTESIAN_POINT('',(-32.,-32.1,15.05));
#3182=CARTESIAN_POINT('Origin',(-32.,0.,3.05));
#3183=CARTESIAN_POINT('Origin',(2.7,33.5,3.05));
#3184=CARTESIAN_POINT('',(2.7,33.5,6.1));
#3185=CARTESIAN_POINT('Origin',(2.7,0.,6.1));
#3186=CARTESIAN_POINT('',(2.7,35.1,6.1));
#3187=CARTESIAN_POINT('Origin',(36.,32.1,-0.8));
#3188=CARTESIAN_POINT('',(39.,32.1,-1.6));
#3189=CARTESIAN_POINT('',(39.,32.1,15.05));
#3190=CARTESIAN_POINT('',(36.,35.1,-1.6));
#3191=CARTESIAN_POINT('Origin',(36.,32.1,-1.6));
#3192=CARTESIAN_POINT('',(36.,35.1,-0.8));
#3193=CARTESIAN_POINT('Origin',(36.,-32.1,-0.8));
#3194=CARTESIAN_POINT('',(36.,-35.1,-1.6));
#3195=CARTESIAN_POINT('',(36.,-35.1,-0.8));
#3196=CARTESIAN_POINT('',(39.,-32.1,-1.6));
#3197=CARTESIAN_POINT('Origin',(36.,-32.1,-1.6));
#3198=CARTESIAN_POINT('',(39.,-32.1,-0.8));
#3199=CARTESIAN_POINT('Origin',(-30.6,32.1,-0.8));
#3200=CARTESIAN_POINT('',(-30.6,35.1,-1.6));
#3201=CARTESIAN_POINT('',(-30.6,35.1,15.05));
#3202=CARTESIAN_POINT('Origin',(-30.6,32.1,-1.6));
#3203=CARTESIAN_POINT('Origin',(2.7,0.,-1.6));
#3204=CARTESIAN_POINT('',(39.,0.,-1.6));
#3205=CARTESIAN_POINT('',(-30.6,-35.1,-1.6));
#3206=CARTESIAN_POINT('',(2.7,-35.1,-1.6));
#3207=CARTESIAN_POINT('Origin',(-30.6,-32.1,-1.6));
#3208=CARTESIAN_POINT('',(2.7,35.1,-1.6));
#3209=CARTESIAN_POINT('Origin',(-30.6,-32.1,-0.8));
#3210=CARTESIAN_POINT('',(-30.6,-35.1,-0.8));
#3211=CARTESIAN_POINT('Origin',(39.,0.,-0.8));
#3212=CARTESIAN_POINT('Origin',(2.7,-35.1,-0.8));
#3213=CARTESIAN_POINT('Origin',(2.7,35.1,-0.8));
#3214=UNCERTAINTY_MEASURE_WITH_UNIT(LENGTH_MEASURE(0.01),#3218,
'DISTANCE_ACCURACY_VALUE',
'Maximum model space distance between geometric entities at asserted c
onnectivities');
#3215=UNCERTAINTY_MEASURE_WITH_UNIT(LENGTH_MEASURE(0.01),#3218,
'DISTANCE_ACCURACY_VALUE',
'Maximum model space distance between geometric entities at asserted c
onnectivities');
#3216=(
GEOMETRIC_REPRESENTATION_CONTEXT(3)
GLOBAL_UNCERTAINTY_ASSIGNED_CONTEXT((#3214))
GLOBAL_UNIT_ASSIGNED_CONTEXT((#3218,#3220,#3221))
REPRESENTATION_CONTEXT('','3D')
);
#3217=(
GEOMETRIC_REPRESENTATION_CONTEXT(3)
GLOBAL_UNCERTAINTY_ASSIGNED_CONTEXT((#3215))
GLOBAL_UNIT_ASSIGNED_CONTEXT((#3218,#3220,#3221))
REPRESENTATION_CONTEXT('','3D')
);
#3218=(
LENGTH_UNIT()
NAMED_UNIT(*)
SI_UNIT(.MILLI.,.METRE.)
);
#3219=(
LENGTH_UNIT()
NAMED_UNIT(*)
SI_UNIT($,.METRE.)
);
#3220=(
NAMED_UNIT(*)
PLANE_ANGLE_UNIT()
SI_UNIT($,.RADIAN.)
);
#3221=(
NAMED_UNIT(*)
SI_UNIT($,.STERADIAN.)
SOLID_ANGLE_UNIT()
);
#3222=SHAPE_DEFINITION_REPRESENTATION(#3223,#3224);
#3223=PRODUCT_DEFINITION_SHAPE('',$,#3226);
#3224=SHAPE_REPRESENTATION('',(#1972),#3216);
#3225=PRODUCT_DEFINITION_CONTEXT('part definition',#3230,'design');
#3226=PRODUCT_DEFINITION('Housing_Base','Housing_Base',#3227,#3225);
#3227=PRODUCT_DEFINITION_FORMATION('',$,#3232);
#3228=PRODUCT_RELATED_PRODUCT_CATEGORY('Housing_Base','Housing_Base',(#3232));
#3229=APPLICATION_PROTOCOL_DEFINITION('international standard',
'automotive_design',2009,#3230);
#3230=APPLICATION_CONTEXT(
'Core Data for Automotive Mechanical Design Process');
#3231=PRODUCT_CONTEXT('part definition',#3230,'mechanical');
#3232=PRODUCT('Housing_Base','Housing_Base',$,(#3231));
#3233=PRESENTATION_STYLE_ASSIGNMENT((#3234));
#3234=SURFACE_STYLE_USAGE(.BOTH.,#3235);
#3235=SURFACE_SIDE_STYLE('',(#3236));
#3236=SURFACE_STYLE_FILL_AREA(#3237);
#3237=FILL_AREA_STYLE('Steel - Satin',(#3238));
#3238=FILL_AREA_STYLE_COLOUR('Steel - Satin',#3239);
#3239=COLOUR_RGB('Steel - Satin',0.627450980392157,0.627450980392157,0.627450980392157);
ENDSEC;
END-ISO-10303-21;
