ISO-10303-21;
HEADER;
/* Generated by software containing ST-Developer
 * from STEP Tools, Inc. (www.steptools.com) 
 */

FILE_DESCRIPTION(
/* description */ (''),
/* implementation_level */ '2;1');

FILE_NAME(
/* name */ 'Front_Bezel.step',
/* time_stamp */ '2026-08-27T20:59:56+01:00',
/* author */ (''),
/* organization */ (''),
/* preprocessor_version */ 'ST-DEVELOPER v20.1',
/* originating_system */ 'Autodesk Translation Framework v15.8.0.0',
/* authorisation */ '');

FILE_SCHEMA (('AUTOMOTIVE_DESIGN { 1 0 10303 214 3 1 1 }'));
ENDSEC;

DATA;
#10=MECHANICAL_DESIGN_GEOMETRIC_PRESENTATION_REPRESENTATION('',(#13),#2231);
#11=SHAPE_REPRESENTATION_RELATIONSHIP('SRR','None',#2238,#12);
#12=ADVANCED_BREP_SHAPE_REPRESENTATION('',(#14),#2230);
#13=STYLED_ITEM('',(#2248),#14);
#14=MANIFOLD_SOLID_BREP('Front_Bezel',#1219);
#15=FACE_BOUND('',#224,.T.);
#16=FACE_BOUND('',#259,.T.);
#17=TOROIDAL_SURFACE('',#1255,1.6,0.4);
#18=TOROIDAL_SURFACE('',#1262,1.6,0.4);
#19=TOROIDAL_SURFACE('',#1268,1.6,0.4);
#20=TOROIDAL_SURFACE('',#1274,1.6,0.4);
#21=TOROIDAL_SURFACE('',#1290,1.2,0.4);
#22=TOROIDAL_SURFACE('',#1296,1.2,0.4);
#23=TOROIDAL_SURFACE('',#1300,1.2,0.4);
#24=TOROIDAL_SURFACE('',#1304,1.2,0.4);
#25=CYLINDRICAL_SURFACE('',#1249,0.8);
#26=CYLINDRICAL_SURFACE('',#1252,0.8);
#27=CYLINDRICAL_SURFACE('',#1260,0.4);
#28=CYLINDRICAL_SURFACE('',#1266,0.4);
#29=CYLINDRICAL_SURFACE('',#1272,0.4);
#30=CYLINDRICAL_SURFACE('',#1278,0.4);
#31=CYLINDRICAL_SURFACE('',#1280,2.);
#32=CYLINDRICAL_SURFACE('',#1283,2.);
#33=CYLINDRICAL_SURFACE('',#1294,0.4);
#34=CYLINDRICAL_SURFACE('',#1298,0.4);
#35=CYLINDRICAL_SURFACE('',#1302,0.4);
#36=CYLINDRICAL_SURFACE('',#1307,0.4);
#37=CYLINDRICAL_SURFACE('',#1309,0.8);
#38=CYLINDRICAL_SURFACE('',#1330,0.8);
#39=CYLINDRICAL_SURFACE('',#1332,2.);
#40=CYLINDRICAL_SURFACE('',#1336,2.);
#41=B_SPLINE_CURVE_WITH_KNOTS('',3,(#1716,#1717,#1718,#1719,#1720,#1721,
#1722,#1723,#1724,#1725),.UNSPECIFIED.,.F.,.F.,(4,2,2,2,4),(0.,0.0310724860729133,
0.0580203275745284,0.0717056621942862,0.078665950727057),.UNSPECIFIED.);
#42=B_SPLINE_CURVE_WITH_KNOTS('',3,(#1727,#1728,#1729,#1730),
 .UNSPECIFIED.,.F.,.F.,(4,4),(-0.712656628018226,1.33637986862999E-15),
 .UNSPECIFIED.);
#43=B_SPLINE_CURVE_WITH_KNOTS('',3,(#1761,#1762,#1763,#1764,#1765,#1766),
 .UNSPECIFIED.,.F.,.F.,(4,2,4),(0.,0.0675,0.135),.UNSPECIFIED.);
#44=B_SPLINE_CURVE_WITH_KNOTS('',3,(#1767,#1768,#1769,#1770),
 .UNSPECIFIED.,.F.,.F.,(4,4),(-0.665,-0.53),.UNSPECIFIED.);
#45=B_SPLINE_CURVE_WITH_KNOTS('',3,(#1788,#1789,#1790,#1791,#1792,#1793),
 .UNSPECIFIED.,.F.,.F.,(4,2,4),(0.,0.0742499999999999,0.135),
 .UNSPECIFIED.);
#46=B_SPLINE_CURVE_WITH_KNOTS('',3,(#1795,#1796,#1797,#1798),
 .UNSPECIFIED.,.F.,.F.,(4,4),(0.53,0.665),.UNSPECIFIED.);
#47=B_SPLINE_CURVE_WITH_KNOTS('',3,(#1853,#1854,#1855,#1856,#1857,#1858,
#1859,#1860),.UNSPECIFIED.,.F.,.F.,(4,2,2,4),(0.,0.0289810458013149,0.0525599971350637,
0.0798387656870964),.UNSPECIFIED.);
#48=B_SPLINE_CURVE_WITH_KNOTS('',3,(#1861,#1862,#1863,#1864),
 .UNSPECIFIED.,.F.,.F.,(4,4),(0.,0.712656628018226),.UNSPECIFIED.);
#49=B_SPLINE_CURVE_WITH_KNOTS('',3,(#1882,#1883,#1884,#1885,#1886,#1887,
#1888,#1889,#1890,#1891),.UNSPECIFIED.,.F.,.F.,(4,2,2,2,4),(0.,0.0310724860729135,
0.0580203275745284,0.0717056621942742,0.0786659507270409),.UNSPECIFIED.);
#50=B_SPLINE_CURVE_WITH_KNOTS('',3,(#1893,#1894,#1895,#1896),
 .UNSPECIFIED.,.F.,.F.,(4,4),(2.42893602557157,3.1415926535898),
 .UNSPECIFIED.);
#51=B_SPLINE_CURVE_WITH_KNOTS('',3,(#1927,#1928,#1929,#1930,#1931,#1932),
 .UNSPECIFIED.,.F.,.F.,(4,2,4),(0.,0.0675,0.135),.UNSPECIFIED.);
#52=B_SPLINE_CURVE_WITH_KNOTS('',3,(#1933,#1934,#1935,#1936),
 .UNSPECIFIED.,.F.,.F.,(4,4),(-0.665,-0.53),.UNSPECIFIED.);
#53=B_SPLINE_CURVE_WITH_KNOTS('',3,(#1954,#1955,#1956,#1957,#1958,#1959),
 .UNSPECIFIED.,.F.,.F.,(4,2,4),(0.,0.0742499999999999,0.135),
 .UNSPECIFIED.);
#54=B_SPLINE_CURVE_WITH_KNOTS('',3,(#1961,#1962,#1963,#1964),
 .UNSPECIFIED.,.F.,.F.,(4,4),(0.53,0.665),.UNSPECIFIED.);
#55=B_SPLINE_CURVE_WITH_KNOTS('',3,(#1982,#1983,#1984,#1985,#1986,#1987,
#1988,#1989),.UNSPECIFIED.,.F.,.F.,(4,2,2,4),(0.,0.0289810458013162,0.052559997135067,
0.0798387656870983),.UNSPECIFIED.);
#56=B_SPLINE_CURVE_WITH_KNOTS('',3,(#1990,#1991,#1992,#1993),
 .UNSPECIFIED.,.F.,.F.,(4,4),(-3.14159265358979,-2.42893602557157),
 .UNSPECIFIED.);
#57=B_SPLINE_SURFACE_WITH_KNOTS('',3,3,((#1699,#1700,#1701,#1702),(#1703,
#1704,#1705,#1706),(#1707,#1708,#1709,#1710),(#1711,#1712,#1713,#1714)),
 .UNSPECIFIED.,.F.,.F.,.F.,(4,4),(4,4),(0.353187730432945,1.),(-0.712656628018226,
1.33637986862999E-15),.UNSPECIFIED.);
#58=B_SPLINE_SURFACE_WITH_KNOTS('',3,3,((#1745,#1746,#1747,#1748),(#1749,
#1750,#1751,#1752),(#1753,#1754,#1755,#1756),(#1757,#1758,#1759,#1760)),
 .UNSPECIFIED.,.F.,.F.,.F.,(4,4),(4,4),(0.899999999999989,1.),(-0.665,-0.53),
 .UNSPECIFIED.);
#59=B_SPLINE_SURFACE_WITH_KNOTS('',3,3,((#1771,#1772,#1773,#1774),(#1775,
#1776,#1777,#1778),(#1779,#1780,#1781,#1782),(#1783,#1784,#1785,#1786)),
 .UNSPECIFIED.,.F.,.F.,.F.,(4,4),(4,4),(0.899999999999991,1.),(0.53,0.665),
 .UNSPECIFIED.);
#60=B_SPLINE_SURFACE_WITH_KNOTS('',3,3,((#1837,#1838,#1839,#1840),(#1841,
#1842,#1843,#1844),(#1845,#1846,#1847,#1848),(#1849,#1850,#1851,#1852)),
 .UNSPECIFIED.,.F.,.F.,.F.,(4,4),(4,4),(0.353187730432946,1.),(0.,0.712656628018226),
 .UNSPECIFIED.);
#61=B_SPLINE_SURFACE_WITH_KNOTS('',3,3,((#1865,#1866,#1867,#1868),(#1869,
#1870,#1871,#1872),(#1873,#1874,#1875,#1876),(#1877,#1878,#1879,#1880)),
 .UNSPECIFIED.,.F.,.F.,.F.,(4,4),(4,4),(0.353187730432946,1.),(2.42893602557157,
3.1415926535898),.UNSPECIFIED.);
#62=B_SPLINE_SURFACE_WITH_KNOTS('',3,3,((#1911,#1912,#1913,#1914),(#1915,
#1916,#1917,#1918),(#1919,#1920,#1921,#1922),(#1923,#1924,#1925,#1926)),
 .UNSPECIFIED.,.F.,.F.,.F.,(4,4),(4,4),(0.899999999999989,1.),(-0.665,-0.53),
 .UNSPECIFIED.);
#63=B_SPLINE_SURFACE_WITH_KNOTS('',3,3,((#1937,#1938,#1939,#1940),(#1941,
#1942,#1943,#1944),(#1945,#1946,#1947,#1948),(#1949,#1950,#1951,#1952)),
 .UNSPECIFIED.,.F.,.F.,.F.,(4,4),(4,4),(0.899999999999991,1.),(0.53,0.665),
 .UNSPECIFIED.);
#64=B_SPLINE_SURFACE_WITH_KNOTS('',3,3,((#1966,#1967,#1968,#1969),(#1970,
#1971,#1972,#1973),(#1974,#1975,#1976,#1977),(#1978,#1979,#1980,#1981)),
 .UNSPECIFIED.,.F.,.F.,.F.,(4,4),(4,4),(0.353187730432946,1.),(-3.14159265358979,
-2.42893602557157),.UNSPECIFIED.);
#65=CIRCLE('',#1235,1.3);
#66=CIRCLE('',#1236,0.8);
#67=CIRCLE('',#1238,0.8);
#68=CIRCLE('',#1239,1.3);
#69=CIRCLE('',#1242,0.8);
#70=CIRCLE('',#1243,1.3);
#71=CIRCLE('',#1246,1.3);
#72=CIRCLE('',#1247,0.8);
#73=CIRCLE('',#1250,0.8);
#74=CIRCLE('',#1253,0.8);
#75=CIRCLE('',#1256,0.4);
#76=CIRCLE('',#1257,2.);
#77=CIRCLE('',#1258,0.4);
#78=CIRCLE('',#1259,1.6);
#79=CIRCLE('',#1261,0.4);
#80=CIRCLE('',#1263,0.4);
#81=CIRCLE('',#1264,1.6);
#82=CIRCLE('',#1265,2.);
#83=CIRCLE('',#1267,0.4);
#84=CIRCLE('',#1269,0.4);
#85=CIRCLE('',#1270,1.6);
#86=CIRCLE('',#1271,2.);
#87=CIRCLE('',#1273,0.4);
#88=CIRCLE('',#1275,0.4);
#89=CIRCLE('',#1276,1.6);
#90=CIRCLE('',#1277,2.);
#91=CIRCLE('',#1281,2.);
#92=CIRCLE('',#1284,2.);
#93=CIRCLE('',#1286,1.2);
#94=CIRCLE('',#1287,1.2);
#95=CIRCLE('',#1288,1.2);
#96=CIRCLE('',#1289,1.2);
#97=CIRCLE('',#1291,0.4);
#98=CIRCLE('',#1292,0.8);
#99=CIRCLE('',#1293,0.4);
#100=CIRCLE('',#1295,0.4);
#101=CIRCLE('',#1297,0.400000000000001);
#102=CIRCLE('',#1299,0.4);
#103=CIRCLE('',#1301,0.4);
#104=CIRCLE('',#1303,0.4);
#105=CIRCLE('',#1305,0.400000000000001);
#106=CIRCLE('',#1306,0.8);
#107=CIRCLE('',#1333,2.);
#108=CIRCLE('',#1335,2.);
#109=(
BOUNDED_CURVE()
B_SPLINE_CURVE(2,(#1674,#1675,#1676),.UNSPECIFIED.,.F.,.F.)
B_SPLINE_CURVE_WITH_KNOTS((3,3),(0.0841143373003346,0.100590004268595),
 .UNSPECIFIED.)
CURVE()
GEOMETRIC_REPRESENTATION_ITEM()
RATIONAL_B_SPLINE_CURVE((1.46511627906977,1.50180710358713,1.53502673114735))
REPRESENTATION_ITEM('')
);
#110=(
BOUNDED_CURVE()
B_SPLINE_CURVE(2,(#1682,#1683,#1684),.UNSPECIFIED.,.F.,.F.)
B_SPLINE_CURVE_WITH_KNOTS((3,3),(0.100590004268594,0.11657640580641),
 .UNSPECIFIED.)
CURVE()
GEOMETRIC_REPRESENTATION_ITEM()
RATIONAL_B_SPLINE_CURVE((1.53502673114735,1.5672598605337,1.59622489485447))
REPRESENTATION_ITEM('')
);
#111=(
BOUNDED_CURVE()
B_SPLINE_CURVE(2,(#1688,#1689,#1690),.UNSPECIFIED.,.F.,.F.)
B_SPLINE_CURVE_WITH_KNOTS((3,3),(0.399950456999389,0.415936858537203),
 .UNSPECIFIED.)
CURVE()
GEOMETRIC_REPRESENTATION_ITEM()
RATIONAL_B_SPLINE_CURVE((1.59622489485447,1.5672598605337,1.53502673114735))
REPRESENTATION_ITEM('')
);
#112=(
BOUNDED_CURVE()
B_SPLINE_CURVE(2,(#1696,#1697,#1698),.UNSPECIFIED.,.F.,.F.)
B_SPLINE_CURVE_WITH_KNOTS((3,3),(0.415936858537203,0.432412525505464),
 .UNSPECIFIED.)
CURVE()
GEOMETRIC_REPRESENTATION_ITEM()
RATIONAL_B_SPLINE_CURVE((1.53502673114736,1.50180710358714,1.46511627906977))
REPRESENTATION_ITEM('')
);
#113=(
BOUNDED_CURVE()
B_SPLINE_CURVE(2,(#1803,#1804,#1805),.UNSPECIFIED.,.F.,.F.)
B_SPLINE_CURVE_WITH_KNOTS((3,3),(0.399950456999389,0.415936858537203),
 .UNSPECIFIED.)
CURVE()
GEOMETRIC_REPRESENTATION_ITEM()
RATIONAL_B_SPLINE_CURVE((1.59622489485447,1.5672598605337,1.53502673114735))
REPRESENTATION_ITEM('')
);
#114=(
BOUNDED_CURVE()
B_SPLINE_CURVE(2,(#1814,#1815,#1816),.UNSPECIFIED.,.F.,.F.)
B_SPLINE_CURVE_WITH_KNOTS((3,3),(0.415936858537203,0.432412525505464),
 .UNSPECIFIED.)
CURVE()
GEOMETRIC_REPRESENTATION_ITEM()
RATIONAL_B_SPLINE_CURVE((1.53502673114736,1.50180710358714,1.46511627906977))
REPRESENTATION_ITEM('')
);
#115=(
BOUNDED_CURVE()
B_SPLINE_CURVE(2,(#1826,#1827,#1828),.UNSPECIFIED.,.F.,.F.)
B_SPLINE_CURVE_WITH_KNOTS((3,3),(0.0841143373003346,0.100590004268595),
 .UNSPECIFIED.)
CURVE()
GEOMETRIC_REPRESENTATION_ITEM()
RATIONAL_B_SPLINE_CURVE((1.46511627906977,1.50180710358713,1.53502673114735))
REPRESENTATION_ITEM('')
);
#116=(
BOUNDED_CURVE()
B_SPLINE_CURVE(2,(#1834,#1835,#1836),.UNSPECIFIED.,.F.,.F.)
B_SPLINE_CURVE_WITH_KNOTS((3,3),(0.100590004268594,0.11657640580641),
 .UNSPECIFIED.)
CURVE()
GEOMETRIC_REPRESENTATION_ITEM()
RATIONAL_B_SPLINE_CURVE((1.53502673114735,1.5672598605337,1.59622489485447))
REPRESENTATION_ITEM('')
);
#117=CONICAL_SURFACE('',#1234,1.05,0.785398163397448);
#118=CONICAL_SURFACE('',#1237,1.05,0.785398163397448);
#119=CONICAL_SURFACE('',#1241,1.05,0.785398163397448);
#120=CONICAL_SURFACE('',#1245,1.05,0.785398163397448);
#121=FACE_OUTER_BOUND('',#191,.T.);
#122=FACE_OUTER_BOUND('',#192,.T.);
#123=FACE_OUTER_BOUND('',#193,.T.);
#124=FACE_OUTER_BOUND('',#194,.T.);
#125=FACE_OUTER_BOUND('',#195,.T.);
#126=FACE_OUTER_BOUND('',#196,.T.);
#127=FACE_OUTER_BOUND('',#197,.T.);
#128=FACE_OUTER_BOUND('',#198,.T.);
#129=FACE_OUTER_BOUND('',#199,.T.);
#130=FACE_OUTER_BOUND('',#200,.T.);
#131=FACE_OUTER_BOUND('',#201,.T.);
#132=FACE_OUTER_BOUND('',#202,.T.);
#133=FACE_OUTER_BOUND('',#203,.T.);
#134=FACE_OUTER_BOUND('',#204,.T.);
#135=FACE_OUTER_BOUND('',#205,.T.);
#136=FACE_OUTER_BOUND('',#206,.T.);
#137=FACE_OUTER_BOUND('',#207,.T.);
#138=FACE_OUTER_BOUND('',#208,.T.);
#139=FACE_OUTER_BOUND('',#209,.T.);
#140=FACE_OUTER_BOUND('',#210,.T.);
#141=FACE_OUTER_BOUND('',#211,.T.);
#142=FACE_OUTER_BOUND('',#212,.T.);
#143=FACE_OUTER_BOUND('',#213,.T.);
#144=FACE_OUTER_BOUND('',#214,.T.);
#145=FACE_OUTER_BOUND('',#215,.T.);
#146=FACE_OUTER_BOUND('',#216,.T.);
#147=FACE_OUTER_BOUND('',#217,.T.);
#148=FACE_OUTER_BOUND('',#218,.T.);
#149=FACE_OUTER_BOUND('',#219,.T.);
#150=FACE_OUTER_BOUND('',#220,.T.);
#151=FACE_OUTER_BOUND('',#221,.T.);
#152=FACE_OUTER_BOUND('',#222,.T.);
#153=FACE_OUTER_BOUND('',#223,.T.);
#154=FACE_OUTER_BOUND('',#225,.T.);
#155=FACE_OUTER_BOUND('',#226,.T.);
#156=FACE_OUTER_BOUND('',#227,.T.);
#157=FACE_OUTER_BOUND('',#228,.T.);
#158=FACE_OUTER_BOUND('',#229,.T.);
#159=FACE_OUTER_BOUND('',#230,.T.);
#160=FACE_OUTER_BOUND('',#231,.T.);
#161=FACE_OUTER_BOUND('',#232,.T.);
#162=FACE_OUTER_BOUND('',#233,.T.);
#163=FACE_OUTER_BOUND('',#234,.T.);
#164=FACE_OUTER_BOUND('',#235,.T.);
#165=FACE_OUTER_BOUND('',#236,.T.);
#166=FACE_OUTER_BOUND('',#237,.T.);
#167=FACE_OUTER_BOUND('',#238,.T.);
#168=FACE_OUTER_BOUND('',#239,.T.);
#169=FACE_OUTER_BOUND('',#240,.T.);
#170=FACE_OUTER_BOUND('',#241,.T.);
#171=FACE_OUTER_BOUND('',#242,.T.);
#172=FACE_OUTER_BOUND('',#243,.T.);
#173=FACE_OUTER_BOUND('',#244,.T.);
#174=FACE_OUTER_BOUND('',#245,.T.);
#175=FACE_OUTER_BOUND('',#246,.T.);
#176=FACE_OUTER_BOUND('',#247,.T.);
#177=FACE_OUTER_BOUND('',#248,.T.);
#178=FACE_OUTER_BOUND('',#249,.T.);
#179=FACE_OUTER_BOUND('',#250,.T.);
#180=FACE_OUTER_BOUND('',#251,.T.);
#181=FACE_OUTER_BOUND('',#252,.T.);
#182=FACE_OUTER_BOUND('',#253,.T.);
#183=FACE_OUTER_BOUND('',#254,.T.);
#184=FACE_OUTER_BOUND('',#255,.T.);
#185=FACE_OUTER_BOUND('',#256,.T.);
#186=FACE_OUTER_BOUND('',#257,.T.);
#187=FACE_OUTER_BOUND('',#258,.T.);
#188=FACE_OUTER_BOUND('',#260,.T.);
#189=FACE_OUTER_BOUND('',#261,.T.);
#190=FACE_OUTER_BOUND('',#262,.T.);
#191=EDGE_LOOP('',(#763,#764,#765,#766));
#192=EDGE_LOOP('',(#767,#768,#769,#770,#771,#772));
#193=EDGE_LOOP('',(#773,#774,#775,#776,#777,#778));
#194=EDGE_LOOP('',(#779,#780,#781,#782));
#195=EDGE_LOOP('',(#783,#784,#785,#786,#787,#788));
#196=EDGE_LOOP('',(#789,#790,#791,#792));
#197=EDGE_LOOP('',(#793,#794,#795,#796));
#198=EDGE_LOOP('',(#797,#798,#799,#800,#801,#802));
#199=EDGE_LOOP('',(#803,#804,#805,#806));
#200=EDGE_LOOP('',(#807,#808,#809,#810,#811,#812));
#201=EDGE_LOOP('',(#813,#814,#815,#816));
#202=EDGE_LOOP('',(#817,#818,#819,#820));
#203=EDGE_LOOP('',(#821,#822,#823,#824,#825,#826));
#204=EDGE_LOOP('',(#827,#828,#829,#830));
#205=EDGE_LOOP('',(#831,#832,#833,#834));
#206=EDGE_LOOP('',(#835,#836,#837,#838));
#207=EDGE_LOOP('',(#839,#840,#841,#842,#843));
#208=EDGE_LOOP('',(#844,#845,#846,#847));
#209=EDGE_LOOP('',(#848,#849,#850,#851,#852));
#210=EDGE_LOOP('',(#853,#854,#855,#856,#857,#858));
#211=EDGE_LOOP('',(#859,#860,#861,#862));
#212=EDGE_LOOP('',(#863,#864,#865,#866));
#213=EDGE_LOOP('',(#867,#868,#869,#870));
#214=EDGE_LOOP('',(#871,#872,#873,#874));
#215=EDGE_LOOP('',(#875,#876,#877,#878));
#216=EDGE_LOOP('',(#879,#880,#881,#882));
#217=EDGE_LOOP('',(#883,#884,#885,#886));
#218=EDGE_LOOP('',(#887,#888,#889,#890));
#219=EDGE_LOOP('',(#891,#892,#893,#894));
#220=EDGE_LOOP('',(#895,#896,#897,#898));
#221=EDGE_LOOP('',(#899,#900,#901,#902));
#222=EDGE_LOOP('',(#903,#904,#905,#906));
#223=EDGE_LOOP('',(#907,#908,#909,#910,#911,#912,#913,#914));
#224=EDGE_LOOP('',(#915,#916,#917,#918,#919,#920,#921,#922));
#225=EDGE_LOOP('',(#923,#924,#925,#926));
#226=EDGE_LOOP('',(#927,#928,#929,#930));
#227=EDGE_LOOP('',(#931,#932,#933,#934));
#228=EDGE_LOOP('',(#935,#936,#937,#938));
#229=EDGE_LOOP('',(#939,#940,#941,#942));
#230=EDGE_LOOP('',(#943,#944,#945,#946));
#231=EDGE_LOOP('',(#947,#948,#949,#950));
#232=EDGE_LOOP('',(#951,#952,#953,#954));
#233=EDGE_LOOP('',(#955,#956,#957,#958,#959,#960));
#234=EDGE_LOOP('',(#961,#962,#963,#964,#965));
#235=EDGE_LOOP('',(#966,#967,#968,#969));
#236=EDGE_LOOP('',(#970,#971,#972,#973,#974));
#237=EDGE_LOOP('',(#975,#976,#977,#978,#979,#980));
#238=EDGE_LOOP('',(#981,#982,#983,#984,#985));
#239=EDGE_LOOP('',(#986,#987,#988,#989));
#240=EDGE_LOOP('',(#990,#991,#992,#993));
#241=EDGE_LOOP('',(#994,#995,#996,#997,#998));
#242=EDGE_LOOP('',(#999,#1000,#1001,#1002,#1003,#1004));
#243=EDGE_LOOP('',(#1005,#1006,#1007,#1008,#1009));
#244=EDGE_LOOP('',(#1010,#1011,#1012,#1013));
#245=EDGE_LOOP('',(#1014,#1015,#1016,#1017));
#246=EDGE_LOOP('',(#1018,#1019,#1020,#1021,#1022));
#247=EDGE_LOOP('',(#1023,#1024,#1025,#1026));
#248=EDGE_LOOP('',(#1027,#1028,#1029,#1030,#1031));
#249=EDGE_LOOP('',(#1032,#1033,#1034,#1035,#1036,#1037));
#250=EDGE_LOOP('',(#1038,#1039,#1040,#1041));
#251=EDGE_LOOP('',(#1042,#1043,#1044,#1045,#1046));
#252=EDGE_LOOP('',(#1047,#1048,#1049,#1050));
#253=EDGE_LOOP('',(#1051,#1052,#1053,#1054,#1055));
#254=EDGE_LOOP('',(#1056,#1057,#1058,#1059,#1060,#1061));
#255=EDGE_LOOP('',(#1062,#1063,#1064,#1065,#1066));
#256=EDGE_LOOP('',(#1067,#1068,#1069,#1070));
#257=EDGE_LOOP('',(#1071,#1072,#1073,#1074));
#258=EDGE_LOOP('',(#1075,#1076,#1077,#1078,#1079,#1080,#1081,#1082));
#259=EDGE_LOOP('',(#1083,#1084,#1085,#1086,#1087,#1088,#1089,#1090,#1091,
#1092,#1093,#1094,#1095,#1096,#1097,#1098,#1099,#1100,#1101,#1102));
#260=EDGE_LOOP('',(#1103,#1104,#1105,#1106));
#261=EDGE_LOOP('',(#1107,#1108,#1109,#1110));
#262=EDGE_LOOP('',(#1111,#1112,#1113,#1114));
#263=LINE('',#1665,#371);
#264=LINE('',#1667,#372);
#265=LINE('',#1669,#373);
#266=LINE('',#1670,#374);
#267=LINE('',#1681,#375);
#268=LINE('',#1692,#376);
#269=LINE('',#1731,#377);
#270=LINE('',#1735,#378);
#271=LINE('',#1737,#379);
#272=LINE('',#1739,#380);
#273=LINE('',#1741,#381);
#274=LINE('',#1743,#382);
#275=LINE('',#1744,#383);
#276=LINE('',#1799,#384);
#277=LINE('',#1807,#385);
#278=LINE('',#1811,#386);
#279=LINE('',#1820,#387);
#280=LINE('',#1821,#388);
#281=LINE('',#1822,#389);
#282=LINE('',#1833,#390);
#283=LINE('',#1897,#391);
#284=LINE('',#1901,#392);
#285=LINE('',#1903,#393);
#286=LINE('',#1905,#394);
#287=LINE('',#1907,#395);
#288=LINE('',#1909,#396);
#289=LINE('',#1910,#397);
#290=LINE('',#1965,#398);
#291=LINE('',#1996,#399);
#292=LINE('',#1999,#400);
#293=LINE('',#2002,#401);
#294=LINE('',#2003,#402);
#295=LINE('',#2006,#403);
#296=LINE('',#2010,#404);
#297=LINE('',#2011,#405);
#298=LINE('',#2025,#406);
#299=LINE('',#2026,#407);
#300=LINE('',#2037,#408);
#301=LINE('',#2038,#409);
#302=LINE('',#2049,#410);
#303=LINE('',#2050,#411);
#304=LINE('',#2058,#412);
#305=LINE('',#2059,#413);
#306=LINE('',#2062,#414);
#307=LINE('',#2064,#415);
#308=LINE('',#2065,#416);
#309=LINE('',#2068,#417);
#310=LINE('',#2072,#418);
#311=LINE('',#2073,#419);
#312=LINE('',#2076,#420);
#313=LINE('',#2083,#421);
#314=LINE('',#2087,#422);
#315=LINE('',#2091,#423);
#316=LINE('',#2094,#424);
#317=LINE('',#2103,#425);
#318=LINE('',#2117,#426);
#319=LINE('',#2119,#427);
#320=LINE('',#2121,#428);
#321=LINE('',#2125,#429);
#322=LINE('',#2127,#430);
#323=LINE('',#2129,#431);
#324=LINE('',#2130,#432);
#325=LINE('',#2132,#433);
#326=LINE('',#2134,#434);
#327=LINE('',#2135,#435);
#328=LINE('',#2137,#436);
#329=LINE('',#2140,#437);
#330=LINE('',#2141,#438);
#331=LINE('',#2143,#439);
#332=LINE('',#2147,#440);
#333=LINE('',#2149,#441);
#334=LINE('',#2151,#442);
#335=LINE('',#2152,#443);
#336=LINE('',#2154,#444);
#337=LINE('',#2156,#445);
#338=LINE('',#2157,#446);
#339=LINE('',#2159,#447);
#340=LINE('',#2162,#448);
#341=LINE('',#2163,#449);
#342=LINE('',#2165,#450);
#343=LINE('',#2169,#451);
#344=LINE('',#2171,#452);
#345=LINE('',#2173,#453);
#346=LINE('',#2174,#454);
#347=LINE('',#2177,#455);
#348=LINE('',#2178,#456);
#349=LINE('',#2179,#457);
#350=LINE('',#2182,#458);
#351=LINE('',#2183,#459);
#352=LINE('',#2185,#460);
#353=LINE('',#2186,#461);
#354=LINE('',#2191,#462);
#355=LINE('',#2193,#463);
#356=LINE('',#2195,#464);
#357=LINE('',#2196,#465);
#358=LINE('',#2199,#466);
#359=LINE('',#2200,#467);
#360=LINE('',#2201,#468);
#361=LINE('',#2204,#469);
#362=LINE('',#2205,#470);
#363=LINE('',#2207,#471);
#364=LINE('',#2208,#472);
#365=LINE('',#2211,#473);
#366=LINE('',#2215,#474);
#367=LINE('',#2218,#475);
#368=LINE('',#2220,#476);
#369=LINE('',#2222,#477);
#370=LINE('',#2225,#478);
#371=VECTOR('',#1343,10.);
#372=VECTOR('',#1344,10.);
#373=VECTOR('',#1345,10.);
#374=VECTOR('',#1346,10.);
#375=VECTOR('',#1353,10.);
#376=VECTOR('',#1356,10.);
#377=VECTOR('',#1361,10.);
#378=VECTOR('',#1364,10.);
#379=VECTOR('',#1365,10.);
#380=VECTOR('',#1366,10.);
#381=VECTOR('',#1367,10.);
#382=VECTOR('',#1368,10.);
#383=VECTOR('',#1369,10.);
#384=VECTOR('',#1370,10.);
#385=VECTOR('',#1373,10.);
#386=VECTOR('',#1376,10.);
#387=VECTOR('',#1381,10.);
#388=VECTOR('',#1382,10.);
#389=VECTOR('',#1383,10.);
#390=VECTOR('',#1390,10.);
#391=VECTOR('',#1391,10.);
#392=VECTOR('',#1394,10.);
#393=VECTOR('',#1395,10.);
#394=VECTOR('',#1396,10.);
#395=VECTOR('',#1397,10.);
#396=VECTOR('',#1398,10.);
#397=VECTOR('',#1399,10.);
#398=VECTOR('',#1400,10.);
#399=VECTOR('',#1403,10.);
#400=VECTOR('',#1406,10.);
#401=VECTOR('',#1409,10.);
#402=VECTOR('',#1410,10.);
#403=VECTOR('',#1413,10.);
#404=VECTOR('',#1418,10.);
#405=VECTOR('',#1419,10.);
#406=VECTOR('',#1434,10.);
#407=VECTOR('',#1435,10.);
#408=VECTOR('',#1448,10.);
#409=VECTOR('',#1449,10.);
#410=VECTOR('',#1462,10.);
#411=VECTOR('',#1463,10.);
#412=VECTOR('',#1474,10.);
#413=VECTOR('',#1475,10.);
#414=VECTOR('',#1478,10.);
#415=VECTOR('',#1479,10.);
#416=VECTOR('',#1480,10.);
#417=VECTOR('',#1483,10.);
#418=VECTOR('',#1488,10.);
#419=VECTOR('',#1489,10.);
#420=VECTOR('',#1492,10.);
#421=VECTOR('',#1499,10.);
#422=VECTOR('',#1502,10.);
#423=VECTOR('',#1505,10.);
#424=VECTOR('',#1508,10.);
#425=VECTOR('',#1521,10.);
#426=VECTOR('',#1546,10.);
#427=VECTOR('',#1549,10.);
#428=VECTOR('',#1552,10.);
#429=VECTOR('',#1555,10.);
#430=VECTOR('',#1556,10.);
#431=VECTOR('',#1557,10.);
#432=VECTOR('',#1558,10.);
#433=VECTOR('',#1561,10.);
#434=VECTOR('',#1562,10.);
#435=VECTOR('',#1563,10.);
#436=VECTOR('',#1566,10.);
#437=VECTOR('',#1569,10.);
#438=VECTOR('',#1570,10.);
#439=VECTOR('',#1573,10.);
#440=VECTOR('',#1576,10.);
#441=VECTOR('',#1577,10.);
#442=VECTOR('',#1578,10.);
#443=VECTOR('',#1579,10.);
#444=VECTOR('',#1582,10.);
#445=VECTOR('',#1583,10.);
#446=VECTOR('',#1584,10.);
#447=VECTOR('',#1587,10.);
#448=VECTOR('',#1590,10.);
#449=VECTOR('',#1591,10.);
#450=VECTOR('',#1594,10.);
#451=VECTOR('',#1597,10.);
#452=VECTOR('',#1598,10.);
#453=VECTOR('',#1599,10.);
#454=VECTOR('',#1600,10.);
#455=VECTOR('',#1603,10.);
#456=VECTOR('',#1604,10.);
#457=VECTOR('',#1605,10.);
#458=VECTOR('',#1608,10.);
#459=VECTOR('',#1609,10.);
#460=VECTOR('',#1612,10.);
#461=VECTOR('',#1613,10.);
#462=VECTOR('',#1618,10.);
#463=VECTOR('',#1619,10.);
#464=VECTOR('',#1620,10.);
#465=VECTOR('',#1621,10.);
#466=VECTOR('',#1624,10.);
#467=VECTOR('',#1625,10.);
#468=VECTOR('',#1626,10.);
#469=VECTOR('',#1629,10.);
#470=VECTOR('',#1630,10.);
#471=VECTOR('',#1633,10.);
#472=VECTOR('',#1634,10.);
#473=VECTOR('',#1639,10.);
#474=VECTOR('',#1644,10.);
#475=VECTOR('',#1647,10.);
#476=VECTOR('',#1650,10.);
#477=VECTOR('',#1651,10.);
#478=VECTOR('',#1656,10.);
#479=VERTEX_POINT('',#1663);
#480=VERTEX_POINT('',#1664);
#481=VERTEX_POINT('',#1666);
#482=VERTEX_POINT('',#1668);
#483=VERTEX_POINT('',#1672);
#484=VERTEX_POINT('',#1673);
#485=VERTEX_POINT('',#1678);
#486=VERTEX_POINT('',#1680);
#487=VERTEX_POINT('',#1686);
#488=VERTEX_POINT('',#1687);
#489=VERTEX_POINT('',#1691);
#490=VERTEX_POINT('',#1694);
#491=VERTEX_POINT('',#1715);
#492=VERTEX_POINT('',#1726);
#493=VERTEX_POINT('',#1733);
#494=VERTEX_POINT('',#1734);
#495=VERTEX_POINT('',#1736);
#496=VERTEX_POINT('',#1738);
#497=VERTEX_POINT('',#1740);
#498=VERTEX_POINT('',#1742);
#499=VERTEX_POINT('',#1787);
#500=VERTEX_POINT('',#1794);
#501=VERTEX_POINT('',#1801);
#502=VERTEX_POINT('',#1802);
#503=VERTEX_POINT('',#1806);
#504=VERTEX_POINT('',#1808);
#505=VERTEX_POINT('',#1810);
#506=VERTEX_POINT('',#1812);
#507=VERTEX_POINT('',#1818);
#508=VERTEX_POINT('',#1819);
#509=VERTEX_POINT('',#1824);
#510=VERTEX_POINT('',#1825);
#511=VERTEX_POINT('',#1830);
#512=VERTEX_POINT('',#1832);
#513=VERTEX_POINT('',#1881);
#514=VERTEX_POINT('',#1892);
#515=VERTEX_POINT('',#1899);
#516=VERTEX_POINT('',#1900);
#517=VERTEX_POINT('',#1902);
#518=VERTEX_POINT('',#1904);
#519=VERTEX_POINT('',#1906);
#520=VERTEX_POINT('',#1908);
#521=VERTEX_POINT('',#1953);
#522=VERTEX_POINT('',#1960);
#523=VERTEX_POINT('',#1995);
#524=VERTEX_POINT('',#1997);
#525=VERTEX_POINT('',#2001);
#526=VERTEX_POINT('',#2005);
#527=VERTEX_POINT('',#2009);
#528=VERTEX_POINT('',#2013);
#529=VERTEX_POINT('',#2014);
#530=VERTEX_POINT('',#2016);
#531=VERTEX_POINT('',#2018);
#532=VERTEX_POINT('',#2022);
#533=VERTEX_POINT('',#2023);
#534=VERTEX_POINT('',#2028);
#535=VERTEX_POINT('',#2029);
#536=VERTEX_POINT('',#2034);
#537=VERTEX_POINT('',#2035);
#538=VERTEX_POINT('',#2040);
#539=VERTEX_POINT('',#2041);
#540=VERTEX_POINT('',#2046);
#541=VERTEX_POINT('',#2047);
#542=VERTEX_POINT('',#2052);
#543=VERTEX_POINT('',#2053);
#544=VERTEX_POINT('',#2061);
#545=VERTEX_POINT('',#2063);
#546=VERTEX_POINT('',#2067);
#547=VERTEX_POINT('',#2071);
#548=VERTEX_POINT('',#2075);
#549=VERTEX_POINT('',#2079);
#550=VERTEX_POINT('',#2080);
#551=VERTEX_POINT('',#2082);
#552=VERTEX_POINT('',#2084);
#553=VERTEX_POINT('',#2086);
#554=VERTEX_POINT('',#2088);
#555=VERTEX_POINT('',#2090);
#556=VERTEX_POINT('',#2092);
#557=VERTEX_POINT('',#2096);
#558=VERTEX_POINT('',#2098);
#559=VERTEX_POINT('',#2113);
#560=VERTEX_POINT('',#2123);
#561=VERTEX_POINT('',#2124);
#562=VERTEX_POINT('',#2126);
#563=VERTEX_POINT('',#2128);
#564=VERTEX_POINT('',#2133);
#565=VERTEX_POINT('',#2139);
#566=VERTEX_POINT('',#2145);
#567=VERTEX_POINT('',#2146);
#568=VERTEX_POINT('',#2148);
#569=VERTEX_POINT('',#2150);
#570=VERTEX_POINT('',#2155);
#571=VERTEX_POINT('',#2161);
#572=VERTEX_POINT('',#2167);
#573=VERTEX_POINT('',#2168);
#574=VERTEX_POINT('',#2170);
#575=VERTEX_POINT('',#2172);
#576=VERTEX_POINT('',#2176);
#577=VERTEX_POINT('',#2181);
#578=VERTEX_POINT('',#2189);
#579=VERTEX_POINT('',#2190);
#580=VERTEX_POINT('',#2192);
#581=VERTEX_POINT('',#2194);
#582=VERTEX_POINT('',#2198);
#583=VERTEX_POINT('',#2203);
#584=VERTEX_POINT('',#2214);
#585=VERTEX_POINT('',#2216);
#586=VERTEX_POINT('',#2221);
#587=EDGE_CURVE('',#479,#480,#263,.T.);
#588=EDGE_CURVE('',#480,#481,#264,.T.);
#589=EDGE_CURVE('',#481,#482,#265,.T.);
#590=EDGE_CURVE('',#482,#479,#266,.T.);
#591=EDGE_CURVE('',#483,#484,#109,.T.);
#592=EDGE_CURVE('',#483,#480,#65,.T.);
#593=EDGE_CURVE('',#479,#485,#66,.T.);
#594=EDGE_CURVE('',#485,#486,#267,.T.);
#595=EDGE_CURVE('',#484,#486,#110,.T.);
#596=EDGE_CURVE('',#487,#488,#111,.F.);
#597=EDGE_CURVE('',#488,#489,#268,.T.);
#598=EDGE_CURVE('',#489,#482,#67,.T.);
#599=EDGE_CURVE('',#481,#490,#68,.T.);
#600=EDGE_CURVE('',#490,#487,#112,.F.);
#601=EDGE_CURVE('',#486,#491,#41,.T.);
#602=EDGE_CURVE('',#485,#492,#42,.T.);
#603=EDGE_CURVE('',#492,#491,#269,.T.);
#604=EDGE_CURVE('',#493,#494,#270,.T.);
#605=EDGE_CURVE('',#494,#495,#271,.T.);
#606=EDGE_CURVE('',#495,#496,#272,.T.);
#607=EDGE_CURVE('',#496,#497,#273,.T.);
#608=EDGE_CURVE('',#497,#498,#274,.T.);
#609=EDGE_CURVE('',#498,#493,#275,.T.);
#610=EDGE_CURVE('',#491,#493,#43,.T.);
#611=EDGE_CURVE('',#492,#494,#44,.T.);
#612=EDGE_CURVE('',#499,#496,#45,.F.);
#613=EDGE_CURVE('',#495,#500,#46,.T.);
#614=EDGE_CURVE('',#500,#499,#276,.T.);
#615=EDGE_CURVE('',#501,#502,#113,.F.);
#616=EDGE_CURVE('',#502,#503,#277,.T.);
#617=EDGE_CURVE('',#503,#504,#69,.T.);
#618=EDGE_CURVE('',#504,#505,#278,.T.);
#619=EDGE_CURVE('',#505,#506,#70,.T.);
#620=EDGE_CURVE('',#506,#501,#114,.F.);
#621=EDGE_CURVE('',#507,#508,#279,.T.);
#622=EDGE_CURVE('',#508,#505,#280,.T.);
#623=EDGE_CURVE('',#504,#507,#281,.T.);
#624=EDGE_CURVE('',#509,#510,#115,.T.);
#625=EDGE_CURVE('',#509,#508,#71,.T.);
#626=EDGE_CURVE('',#507,#511,#72,.T.);
#627=EDGE_CURVE('',#511,#512,#282,.T.);
#628=EDGE_CURVE('',#510,#512,#116,.T.);
#629=EDGE_CURVE('',#502,#499,#47,.F.);
#630=EDGE_CURVE('',#500,#503,#48,.T.);
#631=EDGE_CURVE('',#512,#513,#49,.T.);
#632=EDGE_CURVE('',#511,#514,#50,.T.);
#633=EDGE_CURVE('',#514,#513,#283,.T.);
#634=EDGE_CURVE('',#515,#516,#284,.T.);
#635=EDGE_CURVE('',#516,#517,#285,.T.);
#636=EDGE_CURVE('',#517,#518,#286,.T.);
#637=EDGE_CURVE('',#518,#519,#287,.T.);
#638=EDGE_CURVE('',#519,#520,#288,.T.);
#639=EDGE_CURVE('',#520,#515,#289,.T.);
#640=EDGE_CURVE('',#513,#515,#51,.T.);
#641=EDGE_CURVE('',#514,#516,#52,.T.);
#642=EDGE_CURVE('',#521,#518,#53,.F.);
#643=EDGE_CURVE('',#517,#522,#54,.T.);
#644=EDGE_CURVE('',#522,#521,#290,.T.);
#645=EDGE_CURVE('',#488,#521,#55,.F.);
#646=EDGE_CURVE('',#522,#489,#56,.T.);
#647=EDGE_CURVE('',#523,#479,#291,.T.);
#648=EDGE_CURVE('',#524,#523,#73,.T.);
#649=EDGE_CURVE('',#524,#492,#292,.T.);
#650=EDGE_CURVE('',#525,#482,#293,.T.);
#651=EDGE_CURVE('',#523,#525,#294,.T.);
#652=EDGE_CURVE('',#526,#522,#295,.T.);
#653=EDGE_CURVE('',#525,#526,#74,.T.);
#654=EDGE_CURVE('',#527,#514,#296,.T.);
#655=EDGE_CURVE('',#526,#527,#297,.T.);
#656=EDGE_CURVE('',#528,#529,#75,.T.);
#657=EDGE_CURVE('',#529,#530,#76,.T.);
#658=EDGE_CURVE('',#530,#531,#77,.T.);
#659=EDGE_CURVE('',#531,#528,#78,.T.);
#660=EDGE_CURVE('',#532,#533,#79,.T.);
#661=EDGE_CURVE('',#533,#531,#298,.T.);
#662=EDGE_CURVE('',#530,#532,#299,.T.);
#663=EDGE_CURVE('',#534,#535,#80,.T.);
#664=EDGE_CURVE('',#535,#533,#81,.T.);
#665=EDGE_CURVE('',#532,#534,#82,.T.);
#666=EDGE_CURVE('',#536,#537,#83,.T.);
#667=EDGE_CURVE('',#537,#535,#300,.T.);
#668=EDGE_CURVE('',#534,#536,#301,.T.);
#669=EDGE_CURVE('',#538,#539,#84,.T.);
#670=EDGE_CURVE('',#539,#537,#85,.T.);
#671=EDGE_CURVE('',#536,#538,#86,.T.);
#672=EDGE_CURVE('',#540,#541,#87,.T.);
#673=EDGE_CURVE('',#541,#539,#302,.T.);
#674=EDGE_CURVE('',#538,#540,#303,.T.);
#675=EDGE_CURVE('',#542,#543,#88,.T.);
#676=EDGE_CURVE('',#543,#541,#89,.T.);
#677=EDGE_CURVE('',#540,#542,#90,.T.);
#678=EDGE_CURVE('',#528,#543,#304,.T.);
#679=EDGE_CURVE('',#542,#529,#305,.T.);
#680=EDGE_CURVE('',#534,#544,#306,.T.);
#681=EDGE_CURVE('',#545,#544,#307,.T.);
#682=EDGE_CURVE('',#536,#545,#308,.T.);
#683=EDGE_CURVE('',#532,#546,#309,.T.);
#684=EDGE_CURVE('',#544,#546,#91,.T.);
#685=EDGE_CURVE('',#530,#547,#310,.T.);
#686=EDGE_CURVE('',#546,#547,#311,.T.);
#687=EDGE_CURVE('',#529,#548,#312,.T.);
#688=EDGE_CURVE('',#547,#548,#92,.T.);
#689=EDGE_CURVE('',#549,#550,#93,.T.);
#690=EDGE_CURVE('',#551,#549,#313,.T.);
#691=EDGE_CURVE('',#552,#551,#94,.T.);
#692=EDGE_CURVE('',#553,#552,#314,.T.);
#693=EDGE_CURVE('',#554,#553,#95,.T.);
#694=EDGE_CURVE('',#555,#554,#315,.T.);
#695=EDGE_CURVE('',#556,#555,#96,.T.);
#696=EDGE_CURVE('',#550,#556,#316,.T.);
#697=EDGE_CURVE('',#550,#557,#97,.T.);
#698=EDGE_CURVE('',#557,#558,#98,.T.);
#699=EDGE_CURVE('',#558,#549,#99,.T.);
#700=EDGE_CURVE('',#524,#551,#100,.T.);
#701=EDGE_CURVE('',#558,#524,#317,.T.);
#702=EDGE_CURVE('',#523,#552,#101,.T.);
#703=EDGE_CURVE('',#525,#553,#102,.T.);
#704=EDGE_CURVE('',#526,#554,#103,.T.);
#705=EDGE_CURVE('',#527,#555,#104,.T.);
#706=EDGE_CURVE('',#559,#556,#105,.T.);
#707=EDGE_CURVE('',#527,#559,#106,.T.);
#708=EDGE_CURVE('',#559,#557,#318,.T.);
#709=EDGE_CURVE('',#558,#500,#319,.T.);
#710=EDGE_CURVE('',#557,#504,#320,.T.);
#711=EDGE_CURVE('',#560,#561,#321,.T.);
#712=EDGE_CURVE('',#561,#562,#322,.T.);
#713=EDGE_CURVE('',#562,#563,#323,.T.);
#714=EDGE_CURVE('',#563,#560,#324,.T.);
#715=EDGE_CURVE('',#496,#562,#325,.T.);
#716=EDGE_CURVE('',#564,#561,#326,.T.);
#717=EDGE_CURVE('',#497,#564,#327,.T.);
#718=EDGE_CURVE('',#501,#563,#328,.T.);
#719=EDGE_CURVE('',#565,#560,#329,.T.);
#720=EDGE_CURVE('',#565,#506,#330,.T.);
#721=EDGE_CURVE('',#564,#565,#331,.T.);
#722=EDGE_CURVE('',#566,#567,#332,.T.);
#723=EDGE_CURVE('',#567,#568,#333,.T.);
#724=EDGE_CURVE('',#568,#569,#334,.T.);
#725=EDGE_CURVE('',#569,#566,#335,.T.);
#726=EDGE_CURVE('',#484,#568,#336,.T.);
#727=EDGE_CURVE('',#570,#567,#337,.T.);
#728=EDGE_CURVE('',#483,#570,#338,.T.);
#729=EDGE_CURVE('',#493,#569,#339,.T.);
#730=EDGE_CURVE('',#571,#566,#340,.T.);
#731=EDGE_CURVE('',#571,#498,#341,.T.);
#732=EDGE_CURVE('',#570,#571,#342,.T.);
#733=EDGE_CURVE('',#572,#573,#343,.T.);
#734=EDGE_CURVE('',#573,#574,#344,.T.);
#735=EDGE_CURVE('',#574,#575,#345,.T.);
#736=EDGE_CURVE('',#575,#572,#346,.T.);
#737=EDGE_CURVE('',#576,#574,#347,.T.);
#738=EDGE_CURVE('',#515,#573,#348,.F.);
#739=EDGE_CURVE('',#576,#520,#349,.T.);
#740=EDGE_CURVE('',#577,#575,#350,.T.);
#741=EDGE_CURVE('',#577,#576,#351,.T.);
#742=EDGE_CURVE('',#510,#572,#352,.T.);
#743=EDGE_CURVE('',#509,#577,#353,.T.);
#744=EDGE_CURVE('',#578,#579,#354,.T.);
#745=EDGE_CURVE('',#579,#580,#355,.T.);
#746=EDGE_CURVE('',#580,#581,#356,.T.);
#747=EDGE_CURVE('',#581,#578,#357,.T.);
#748=EDGE_CURVE('',#582,#580,#358,.T.);
#749=EDGE_CURVE('',#487,#579,#359,.T.);
#750=EDGE_CURVE('',#582,#490,#360,.T.);
#751=EDGE_CURVE('',#583,#581,#361,.T.);
#752=EDGE_CURVE('',#583,#582,#362,.T.);
#753=EDGE_CURVE('',#518,#578,#363,.T.);
#754=EDGE_CURVE('',#519,#583,#364,.T.);
#755=EDGE_CURVE('',#559,#507,#365,.T.);
#756=EDGE_CURVE('',#540,#584,#366,.T.);
#757=EDGE_CURVE('',#585,#584,#107,.T.);
#758=EDGE_CURVE('',#542,#585,#367,.T.);
#759=EDGE_CURVE('',#548,#585,#368,.T.);
#760=EDGE_CURVE('',#584,#586,#369,.T.);
#761=EDGE_CURVE('',#586,#545,#108,.T.);
#762=EDGE_CURVE('',#538,#586,#370,.T.);
#763=ORIENTED_EDGE('',*,*,#587,.T.);
#764=ORIENTED_EDGE('',*,*,#588,.T.);
#765=ORIENTED_EDGE('',*,*,#589,.T.);
#766=ORIENTED_EDGE('',*,*,#590,.T.);
#767=ORIENTED_EDGE('',*,*,#591,.F.);
#768=ORIENTED_EDGE('',*,*,#592,.T.);
#769=ORIENTED_EDGE('',*,*,#587,.F.);
#770=ORIENTED_EDGE('',*,*,#593,.T.);
#771=ORIENTED_EDGE('',*,*,#594,.T.);
#772=ORIENTED_EDGE('',*,*,#595,.F.);
#773=ORIENTED_EDGE('',*,*,#596,.T.);
#774=ORIENTED_EDGE('',*,*,#597,.T.);
#775=ORIENTED_EDGE('',*,*,#598,.T.);
#776=ORIENTED_EDGE('',*,*,#589,.F.);
#777=ORIENTED_EDGE('',*,*,#599,.T.);
#778=ORIENTED_EDGE('',*,*,#600,.T.);
#779=ORIENTED_EDGE('',*,*,#601,.F.);
#780=ORIENTED_EDGE('',*,*,#594,.F.);
#781=ORIENTED_EDGE('',*,*,#602,.T.);
#782=ORIENTED_EDGE('',*,*,#603,.T.);
#783=ORIENTED_EDGE('',*,*,#604,.T.);
#784=ORIENTED_EDGE('',*,*,#605,.T.);
#785=ORIENTED_EDGE('',*,*,#606,.T.);
#786=ORIENTED_EDGE('',*,*,#607,.T.);
#787=ORIENTED_EDGE('',*,*,#608,.T.);
#788=ORIENTED_EDGE('',*,*,#609,.T.);
#789=ORIENTED_EDGE('',*,*,#610,.F.);
#790=ORIENTED_EDGE('',*,*,#603,.F.);
#791=ORIENTED_EDGE('',*,*,#611,.T.);
#792=ORIENTED_EDGE('',*,*,#604,.F.);
#793=ORIENTED_EDGE('',*,*,#612,.T.);
#794=ORIENTED_EDGE('',*,*,#606,.F.);
#795=ORIENTED_EDGE('',*,*,#613,.T.);
#796=ORIENTED_EDGE('',*,*,#614,.T.);
#797=ORIENTED_EDGE('',*,*,#615,.T.);
#798=ORIENTED_EDGE('',*,*,#616,.T.);
#799=ORIENTED_EDGE('',*,*,#617,.T.);
#800=ORIENTED_EDGE('',*,*,#618,.T.);
#801=ORIENTED_EDGE('',*,*,#619,.T.);
#802=ORIENTED_EDGE('',*,*,#620,.T.);
#803=ORIENTED_EDGE('',*,*,#621,.T.);
#804=ORIENTED_EDGE('',*,*,#622,.T.);
#805=ORIENTED_EDGE('',*,*,#618,.F.);
#806=ORIENTED_EDGE('',*,*,#623,.T.);
#807=ORIENTED_EDGE('',*,*,#624,.F.);
#808=ORIENTED_EDGE('',*,*,#625,.T.);
#809=ORIENTED_EDGE('',*,*,#621,.F.);
#810=ORIENTED_EDGE('',*,*,#626,.T.);
#811=ORIENTED_EDGE('',*,*,#627,.T.);
#812=ORIENTED_EDGE('',*,*,#628,.F.);
#813=ORIENTED_EDGE('',*,*,#629,.T.);
#814=ORIENTED_EDGE('',*,*,#614,.F.);
#815=ORIENTED_EDGE('',*,*,#630,.T.);
#816=ORIENTED_EDGE('',*,*,#616,.F.);
#817=ORIENTED_EDGE('',*,*,#631,.F.);
#818=ORIENTED_EDGE('',*,*,#627,.F.);
#819=ORIENTED_EDGE('',*,*,#632,.T.);
#820=ORIENTED_EDGE('',*,*,#633,.T.);
#821=ORIENTED_EDGE('',*,*,#634,.T.);
#822=ORIENTED_EDGE('',*,*,#635,.T.);
#823=ORIENTED_EDGE('',*,*,#636,.T.);
#824=ORIENTED_EDGE('',*,*,#637,.T.);
#825=ORIENTED_EDGE('',*,*,#638,.T.);
#826=ORIENTED_EDGE('',*,*,#639,.T.);
#827=ORIENTED_EDGE('',*,*,#640,.F.);
#828=ORIENTED_EDGE('',*,*,#633,.F.);
#829=ORIENTED_EDGE('',*,*,#641,.T.);
#830=ORIENTED_EDGE('',*,*,#634,.F.);
#831=ORIENTED_EDGE('',*,*,#642,.T.);
#832=ORIENTED_EDGE('',*,*,#636,.F.);
#833=ORIENTED_EDGE('',*,*,#643,.T.);
#834=ORIENTED_EDGE('',*,*,#644,.T.);
#835=ORIENTED_EDGE('',*,*,#645,.T.);
#836=ORIENTED_EDGE('',*,*,#644,.F.);
#837=ORIENTED_EDGE('',*,*,#646,.T.);
#838=ORIENTED_EDGE('',*,*,#597,.F.);
#839=ORIENTED_EDGE('',*,*,#602,.F.);
#840=ORIENTED_EDGE('',*,*,#593,.F.);
#841=ORIENTED_EDGE('',*,*,#647,.F.);
#842=ORIENTED_EDGE('',*,*,#648,.F.);
#843=ORIENTED_EDGE('',*,*,#649,.T.);
#844=ORIENTED_EDGE('',*,*,#590,.F.);
#845=ORIENTED_EDGE('',*,*,#650,.F.);
#846=ORIENTED_EDGE('',*,*,#651,.F.);
#847=ORIENTED_EDGE('',*,*,#647,.T.);
#848=ORIENTED_EDGE('',*,*,#598,.F.);
#849=ORIENTED_EDGE('',*,*,#646,.F.);
#850=ORIENTED_EDGE('',*,*,#652,.F.);
#851=ORIENTED_EDGE('',*,*,#653,.F.);
#852=ORIENTED_EDGE('',*,*,#650,.T.);
#853=ORIENTED_EDGE('',*,*,#643,.F.);
#854=ORIENTED_EDGE('',*,*,#635,.F.);
#855=ORIENTED_EDGE('',*,*,#641,.F.);
#856=ORIENTED_EDGE('',*,*,#654,.F.);
#857=ORIENTED_EDGE('',*,*,#655,.F.);
#858=ORIENTED_EDGE('',*,*,#652,.T.);
#859=ORIENTED_EDGE('',*,*,#656,.T.);
#860=ORIENTED_EDGE('',*,*,#657,.T.);
#861=ORIENTED_EDGE('',*,*,#658,.T.);
#862=ORIENTED_EDGE('',*,*,#659,.T.);
#863=ORIENTED_EDGE('',*,*,#660,.T.);
#864=ORIENTED_EDGE('',*,*,#661,.T.);
#865=ORIENTED_EDGE('',*,*,#658,.F.);
#866=ORIENTED_EDGE('',*,*,#662,.T.);
#867=ORIENTED_EDGE('',*,*,#663,.T.);
#868=ORIENTED_EDGE('',*,*,#664,.T.);
#869=ORIENTED_EDGE('',*,*,#660,.F.);
#870=ORIENTED_EDGE('',*,*,#665,.T.);
#871=ORIENTED_EDGE('',*,*,#666,.T.);
#872=ORIENTED_EDGE('',*,*,#667,.T.);
#873=ORIENTED_EDGE('',*,*,#663,.F.);
#874=ORIENTED_EDGE('',*,*,#668,.T.);
#875=ORIENTED_EDGE('',*,*,#669,.T.);
#876=ORIENTED_EDGE('',*,*,#670,.T.);
#877=ORIENTED_EDGE('',*,*,#666,.F.);
#878=ORIENTED_EDGE('',*,*,#671,.T.);
#879=ORIENTED_EDGE('',*,*,#672,.T.);
#880=ORIENTED_EDGE('',*,*,#673,.T.);
#881=ORIENTED_EDGE('',*,*,#669,.F.);
#882=ORIENTED_EDGE('',*,*,#674,.T.);
#883=ORIENTED_EDGE('',*,*,#675,.T.);
#884=ORIENTED_EDGE('',*,*,#676,.T.);
#885=ORIENTED_EDGE('',*,*,#672,.F.);
#886=ORIENTED_EDGE('',*,*,#677,.T.);
#887=ORIENTED_EDGE('',*,*,#656,.F.);
#888=ORIENTED_EDGE('',*,*,#678,.T.);
#889=ORIENTED_EDGE('',*,*,#675,.F.);
#890=ORIENTED_EDGE('',*,*,#679,.T.);
#891=ORIENTED_EDGE('',*,*,#668,.F.);
#892=ORIENTED_EDGE('',*,*,#680,.T.);
#893=ORIENTED_EDGE('',*,*,#681,.F.);
#894=ORIENTED_EDGE('',*,*,#682,.F.);
#895=ORIENTED_EDGE('',*,*,#665,.F.);
#896=ORIENTED_EDGE('',*,*,#683,.T.);
#897=ORIENTED_EDGE('',*,*,#684,.F.);
#898=ORIENTED_EDGE('',*,*,#680,.F.);
#899=ORIENTED_EDGE('',*,*,#662,.F.);
#900=ORIENTED_EDGE('',*,*,#685,.T.);
#901=ORIENTED_EDGE('',*,*,#686,.F.);
#902=ORIENTED_EDGE('',*,*,#683,.F.);
#903=ORIENTED_EDGE('',*,*,#657,.F.);
#904=ORIENTED_EDGE('',*,*,#687,.T.);
#905=ORIENTED_EDGE('',*,*,#688,.F.);
#906=ORIENTED_EDGE('',*,*,#685,.F.);
#907=ORIENTED_EDGE('',*,*,#659,.F.);
#908=ORIENTED_EDGE('',*,*,#661,.F.);
#909=ORIENTED_EDGE('',*,*,#664,.F.);
#910=ORIENTED_EDGE('',*,*,#667,.F.);
#911=ORIENTED_EDGE('',*,*,#670,.F.);
#912=ORIENTED_EDGE('',*,*,#673,.F.);
#913=ORIENTED_EDGE('',*,*,#676,.F.);
#914=ORIENTED_EDGE('',*,*,#678,.F.);
#915=ORIENTED_EDGE('',*,*,#689,.F.);
#916=ORIENTED_EDGE('',*,*,#690,.F.);
#917=ORIENTED_EDGE('',*,*,#691,.F.);
#918=ORIENTED_EDGE('',*,*,#692,.F.);
#919=ORIENTED_EDGE('',*,*,#693,.F.);
#920=ORIENTED_EDGE('',*,*,#694,.F.);
#921=ORIENTED_EDGE('',*,*,#695,.F.);
#922=ORIENTED_EDGE('',*,*,#696,.F.);
#923=ORIENTED_EDGE('',*,*,#697,.T.);
#924=ORIENTED_EDGE('',*,*,#698,.T.);
#925=ORIENTED_EDGE('',*,*,#699,.T.);
#926=ORIENTED_EDGE('',*,*,#689,.T.);
#927=ORIENTED_EDGE('',*,*,#700,.T.);
#928=ORIENTED_EDGE('',*,*,#690,.T.);
#929=ORIENTED_EDGE('',*,*,#699,.F.);
#930=ORIENTED_EDGE('',*,*,#701,.T.);
#931=ORIENTED_EDGE('',*,*,#702,.T.);
#932=ORIENTED_EDGE('',*,*,#691,.T.);
#933=ORIENTED_EDGE('',*,*,#700,.F.);
#934=ORIENTED_EDGE('',*,*,#648,.T.);
#935=ORIENTED_EDGE('',*,*,#703,.T.);
#936=ORIENTED_EDGE('',*,*,#692,.T.);
#937=ORIENTED_EDGE('',*,*,#702,.F.);
#938=ORIENTED_EDGE('',*,*,#651,.T.);
#939=ORIENTED_EDGE('',*,*,#704,.T.);
#940=ORIENTED_EDGE('',*,*,#693,.T.);
#941=ORIENTED_EDGE('',*,*,#703,.F.);
#942=ORIENTED_EDGE('',*,*,#653,.T.);
#943=ORIENTED_EDGE('',*,*,#705,.T.);
#944=ORIENTED_EDGE('',*,*,#694,.T.);
#945=ORIENTED_EDGE('',*,*,#704,.F.);
#946=ORIENTED_EDGE('',*,*,#655,.T.);
#947=ORIENTED_EDGE('',*,*,#706,.T.);
#948=ORIENTED_EDGE('',*,*,#695,.T.);
#949=ORIENTED_EDGE('',*,*,#705,.F.);
#950=ORIENTED_EDGE('',*,*,#707,.T.);
#951=ORIENTED_EDGE('',*,*,#697,.F.);
#952=ORIENTED_EDGE('',*,*,#696,.T.);
#953=ORIENTED_EDGE('',*,*,#706,.F.);
#954=ORIENTED_EDGE('',*,*,#708,.T.);
#955=ORIENTED_EDGE('',*,*,#611,.F.);
#956=ORIENTED_EDGE('',*,*,#649,.F.);
#957=ORIENTED_EDGE('',*,*,#701,.F.);
#958=ORIENTED_EDGE('',*,*,#709,.T.);
#959=ORIENTED_EDGE('',*,*,#613,.F.);
#960=ORIENTED_EDGE('',*,*,#605,.F.);
#961=ORIENTED_EDGE('',*,*,#630,.F.);
#962=ORIENTED_EDGE('',*,*,#709,.F.);
#963=ORIENTED_EDGE('',*,*,#698,.F.);
#964=ORIENTED_EDGE('',*,*,#710,.T.);
#965=ORIENTED_EDGE('',*,*,#617,.F.);
#966=ORIENTED_EDGE('',*,*,#711,.T.);
#967=ORIENTED_EDGE('',*,*,#712,.T.);
#968=ORIENTED_EDGE('',*,*,#713,.T.);
#969=ORIENTED_EDGE('',*,*,#714,.T.);
#970=ORIENTED_EDGE('',*,*,#715,.T.);
#971=ORIENTED_EDGE('',*,*,#712,.F.);
#972=ORIENTED_EDGE('',*,*,#716,.F.);
#973=ORIENTED_EDGE('',*,*,#717,.F.);
#974=ORIENTED_EDGE('',*,*,#607,.F.);
#975=ORIENTED_EDGE('',*,*,#718,.T.);
#976=ORIENTED_EDGE('',*,*,#713,.F.);
#977=ORIENTED_EDGE('',*,*,#715,.F.);
#978=ORIENTED_EDGE('',*,*,#612,.F.);
#979=ORIENTED_EDGE('',*,*,#629,.F.);
#980=ORIENTED_EDGE('',*,*,#615,.F.);
#981=ORIENTED_EDGE('',*,*,#719,.T.);
#982=ORIENTED_EDGE('',*,*,#714,.F.);
#983=ORIENTED_EDGE('',*,*,#718,.F.);
#984=ORIENTED_EDGE('',*,*,#620,.F.);
#985=ORIENTED_EDGE('',*,*,#720,.F.);
#986=ORIENTED_EDGE('',*,*,#716,.T.);
#987=ORIENTED_EDGE('',*,*,#711,.F.);
#988=ORIENTED_EDGE('',*,*,#719,.F.);
#989=ORIENTED_EDGE('',*,*,#721,.F.);
#990=ORIENTED_EDGE('',*,*,#722,.T.);
#991=ORIENTED_EDGE('',*,*,#723,.T.);
#992=ORIENTED_EDGE('',*,*,#724,.T.);
#993=ORIENTED_EDGE('',*,*,#725,.T.);
#994=ORIENTED_EDGE('',*,*,#726,.T.);
#995=ORIENTED_EDGE('',*,*,#723,.F.);
#996=ORIENTED_EDGE('',*,*,#727,.F.);
#997=ORIENTED_EDGE('',*,*,#728,.F.);
#998=ORIENTED_EDGE('',*,*,#591,.T.);
#999=ORIENTED_EDGE('',*,*,#729,.T.);
#1000=ORIENTED_EDGE('',*,*,#724,.F.);
#1001=ORIENTED_EDGE('',*,*,#726,.F.);
#1002=ORIENTED_EDGE('',*,*,#595,.T.);
#1003=ORIENTED_EDGE('',*,*,#601,.T.);
#1004=ORIENTED_EDGE('',*,*,#610,.T.);
#1005=ORIENTED_EDGE('',*,*,#730,.T.);
#1006=ORIENTED_EDGE('',*,*,#725,.F.);
#1007=ORIENTED_EDGE('',*,*,#729,.F.);
#1008=ORIENTED_EDGE('',*,*,#609,.F.);
#1009=ORIENTED_EDGE('',*,*,#731,.F.);
#1010=ORIENTED_EDGE('',*,*,#727,.T.);
#1011=ORIENTED_EDGE('',*,*,#722,.F.);
#1012=ORIENTED_EDGE('',*,*,#730,.F.);
#1013=ORIENTED_EDGE('',*,*,#732,.F.);
#1014=ORIENTED_EDGE('',*,*,#733,.T.);
#1015=ORIENTED_EDGE('',*,*,#734,.T.);
#1016=ORIENTED_EDGE('',*,*,#735,.T.);
#1017=ORIENTED_EDGE('',*,*,#736,.T.);
#1018=ORIENTED_EDGE('',*,*,#737,.T.);
#1019=ORIENTED_EDGE('',*,*,#734,.F.);
#1020=ORIENTED_EDGE('',*,*,#738,.F.);
#1021=ORIENTED_EDGE('',*,*,#639,.F.);
#1022=ORIENTED_EDGE('',*,*,#739,.F.);
#1023=ORIENTED_EDGE('',*,*,#740,.T.);
#1024=ORIENTED_EDGE('',*,*,#735,.F.);
#1025=ORIENTED_EDGE('',*,*,#737,.F.);
#1026=ORIENTED_EDGE('',*,*,#741,.F.);
#1027=ORIENTED_EDGE('',*,*,#742,.T.);
#1028=ORIENTED_EDGE('',*,*,#736,.F.);
#1029=ORIENTED_EDGE('',*,*,#740,.F.);
#1030=ORIENTED_EDGE('',*,*,#743,.F.);
#1031=ORIENTED_EDGE('',*,*,#624,.T.);
#1032=ORIENTED_EDGE('',*,*,#738,.T.);
#1033=ORIENTED_EDGE('',*,*,#733,.F.);
#1034=ORIENTED_EDGE('',*,*,#742,.F.);
#1035=ORIENTED_EDGE('',*,*,#628,.T.);
#1036=ORIENTED_EDGE('',*,*,#631,.T.);
#1037=ORIENTED_EDGE('',*,*,#640,.T.);
#1038=ORIENTED_EDGE('',*,*,#744,.T.);
#1039=ORIENTED_EDGE('',*,*,#745,.T.);
#1040=ORIENTED_EDGE('',*,*,#746,.T.);
#1041=ORIENTED_EDGE('',*,*,#747,.T.);
#1042=ORIENTED_EDGE('',*,*,#748,.T.);
#1043=ORIENTED_EDGE('',*,*,#745,.F.);
#1044=ORIENTED_EDGE('',*,*,#749,.F.);
#1045=ORIENTED_EDGE('',*,*,#600,.F.);
#1046=ORIENTED_EDGE('',*,*,#750,.F.);
#1047=ORIENTED_EDGE('',*,*,#751,.T.);
#1048=ORIENTED_EDGE('',*,*,#746,.F.);
#1049=ORIENTED_EDGE('',*,*,#748,.F.);
#1050=ORIENTED_EDGE('',*,*,#752,.F.);
#1051=ORIENTED_EDGE('',*,*,#753,.T.);
#1052=ORIENTED_EDGE('',*,*,#747,.F.);
#1053=ORIENTED_EDGE('',*,*,#751,.F.);
#1054=ORIENTED_EDGE('',*,*,#754,.F.);
#1055=ORIENTED_EDGE('',*,*,#637,.F.);
#1056=ORIENTED_EDGE('',*,*,#749,.T.);
#1057=ORIENTED_EDGE('',*,*,#744,.F.);
#1058=ORIENTED_EDGE('',*,*,#753,.F.);
#1059=ORIENTED_EDGE('',*,*,#642,.F.);
#1060=ORIENTED_EDGE('',*,*,#645,.F.);
#1061=ORIENTED_EDGE('',*,*,#596,.F.);
#1062=ORIENTED_EDGE('',*,*,#626,.F.);
#1063=ORIENTED_EDGE('',*,*,#755,.F.);
#1064=ORIENTED_EDGE('',*,*,#707,.F.);
#1065=ORIENTED_EDGE('',*,*,#654,.T.);
#1066=ORIENTED_EDGE('',*,*,#632,.F.);
#1067=ORIENTED_EDGE('',*,*,#623,.F.);
#1068=ORIENTED_EDGE('',*,*,#710,.F.);
#1069=ORIENTED_EDGE('',*,*,#708,.F.);
#1070=ORIENTED_EDGE('',*,*,#755,.T.);
#1071=ORIENTED_EDGE('',*,*,#677,.F.);
#1072=ORIENTED_EDGE('',*,*,#756,.T.);
#1073=ORIENTED_EDGE('',*,*,#757,.F.);
#1074=ORIENTED_EDGE('',*,*,#758,.F.);
#1075=ORIENTED_EDGE('',*,*,#759,.T.);
#1076=ORIENTED_EDGE('',*,*,#757,.T.);
#1077=ORIENTED_EDGE('',*,*,#760,.T.);
#1078=ORIENTED_EDGE('',*,*,#761,.T.);
#1079=ORIENTED_EDGE('',*,*,#681,.T.);
#1080=ORIENTED_EDGE('',*,*,#684,.T.);
#1081=ORIENTED_EDGE('',*,*,#686,.T.);
#1082=ORIENTED_EDGE('',*,*,#688,.T.);
#1083=ORIENTED_EDGE('',*,*,#625,.F.);
#1084=ORIENTED_EDGE('',*,*,#743,.T.);
#1085=ORIENTED_EDGE('',*,*,#741,.T.);
#1086=ORIENTED_EDGE('',*,*,#739,.T.);
#1087=ORIENTED_EDGE('',*,*,#638,.F.);
#1088=ORIENTED_EDGE('',*,*,#754,.T.);
#1089=ORIENTED_EDGE('',*,*,#752,.T.);
#1090=ORIENTED_EDGE('',*,*,#750,.T.);
#1091=ORIENTED_EDGE('',*,*,#599,.F.);
#1092=ORIENTED_EDGE('',*,*,#588,.F.);
#1093=ORIENTED_EDGE('',*,*,#592,.F.);
#1094=ORIENTED_EDGE('',*,*,#728,.T.);
#1095=ORIENTED_EDGE('',*,*,#732,.T.);
#1096=ORIENTED_EDGE('',*,*,#731,.T.);
#1097=ORIENTED_EDGE('',*,*,#608,.F.);
#1098=ORIENTED_EDGE('',*,*,#717,.T.);
#1099=ORIENTED_EDGE('',*,*,#721,.T.);
#1100=ORIENTED_EDGE('',*,*,#720,.T.);
#1101=ORIENTED_EDGE('',*,*,#619,.F.);
#1102=ORIENTED_EDGE('',*,*,#622,.F.);
#1103=ORIENTED_EDGE('',*,*,#671,.F.);
#1104=ORIENTED_EDGE('',*,*,#682,.T.);
#1105=ORIENTED_EDGE('',*,*,#761,.F.);
#1106=ORIENTED_EDGE('',*,*,#762,.F.);
#1107=ORIENTED_EDGE('',*,*,#679,.F.);
#1108=ORIENTED_EDGE('',*,*,#758,.T.);
#1109=ORIENTED_EDGE('',*,*,#759,.F.);
#1110=ORIENTED_EDGE('',*,*,#687,.F.);
#1111=ORIENTED_EDGE('',*,*,#674,.F.);
#1112=ORIENTED_EDGE('',*,*,#762,.T.);
#1113=ORIENTED_EDGE('',*,*,#760,.F.);
#1114=ORIENTED_EDGE('',*,*,#756,.F.);
#1115=PLANE('',#1233);
#1116=PLANE('',#1240);
#1117=PLANE('',#1244);
#1118=PLANE('',#1248);
#1119=PLANE('',#1251);
#1120=PLANE('',#1254);
#1121=PLANE('',#1279);
#1122=PLANE('',#1282);
#1123=PLANE('',#1285);
#1124=PLANE('',#1308);
#1125=PLANE('',#1310);
#1126=PLANE('',#1311);
#1127=PLANE('',#1312);
#1128=PLANE('',#1313);
#1129=PLANE('',#1314);
#1130=PLANE('',#1315);
#1131=PLANE('',#1316);
#1132=PLANE('',#1317);
#1133=PLANE('',#1318);
#1134=PLANE('',#1319);
#1135=PLANE('',#1320);
#1136=PLANE('',#1321);
#1137=PLANE('',#1322);
#1138=PLANE('',#1323);
#1139=PLANE('',#1324);
#1140=PLANE('',#1325);
#1141=PLANE('',#1326);
#1142=PLANE('',#1327);
#1143=PLANE('',#1328);
#1144=PLANE('',#1329);
#1145=PLANE('',#1331);
#1146=PLANE('',#1334);
#1147=PLANE('',#1337);
#1148=PLANE('',#1338);
#1149=ADVANCED_FACE('',(#121),#1115,.T.);
#1150=ADVANCED_FACE('',(#122),#117,.F.);
#1151=ADVANCED_FACE('',(#123),#118,.F.);
#1152=ADVANCED_FACE('',(#124),#57,.T.);
#1153=ADVANCED_FACE('',(#125),#1116,.T.);
#1154=ADVANCED_FACE('',(#126),#58,.T.);
#1155=ADVANCED_FACE('',(#127),#59,.T.);
#1156=ADVANCED_FACE('',(#128),#119,.F.);
#1157=ADVANCED_FACE('',(#129),#1117,.T.);
#1158=ADVANCED_FACE('',(#130),#120,.F.);
#1159=ADVANCED_FACE('',(#131),#60,.T.);
#1160=ADVANCED_FACE('',(#132),#61,.T.);
#1161=ADVANCED_FACE('',(#133),#1118,.T.);
#1162=ADVANCED_FACE('',(#134),#62,.T.);
#1163=ADVANCED_FACE('',(#135),#63,.T.);
#1164=ADVANCED_FACE('',(#136),#64,.T.);
#1165=ADVANCED_FACE('',(#137),#25,.F.);
#1166=ADVANCED_FACE('',(#138),#1119,.T.);
#1167=ADVANCED_FACE('',(#139),#26,.F.);
#1168=ADVANCED_FACE('',(#140),#1120,.T.);
#1169=ADVANCED_FACE('',(#141),#17,.T.);
#1170=ADVANCED_FACE('',(#142),#27,.T.);
#1171=ADVANCED_FACE('',(#143),#18,.T.);
#1172=ADVANCED_FACE('',(#144),#28,.T.);
#1173=ADVANCED_FACE('',(#145),#19,.T.);
#1174=ADVANCED_FACE('',(#146),#29,.T.);
#1175=ADVANCED_FACE('',(#147),#20,.T.);
#1176=ADVANCED_FACE('',(#148),#30,.T.);
#1177=ADVANCED_FACE('',(#149),#1121,.F.);
#1178=ADVANCED_FACE('',(#150),#31,.T.);
#1179=ADVANCED_FACE('',(#151),#1122,.F.);
#1180=ADVANCED_FACE('',(#152),#32,.T.);
#1181=ADVANCED_FACE('',(#153,#15),#1123,.T.);
#1182=ADVANCED_FACE('',(#154),#21,.T.);
#1183=ADVANCED_FACE('',(#155),#33,.T.);
#1184=ADVANCED_FACE('',(#156),#22,.T.);
#1185=ADVANCED_FACE('',(#157),#34,.T.);
#1186=ADVANCED_FACE('',(#158),#23,.T.);
#1187=ADVANCED_FACE('',(#159),#35,.T.);
#1188=ADVANCED_FACE('',(#160),#24,.T.);
#1189=ADVANCED_FACE('',(#161),#36,.T.);
#1190=ADVANCED_FACE('',(#162),#1124,.T.);
#1191=ADVANCED_FACE('',(#163),#37,.F.);
#1192=ADVANCED_FACE('',(#164),#1125,.F.);
#1193=ADVANCED_FACE('',(#165),#1126,.F.);
#1194=ADVANCED_FACE('',(#166),#1127,.F.);
#1195=ADVANCED_FACE('',(#167),#1128,.F.);
#1196=ADVANCED_FACE('',(#168),#1129,.F.);
#1197=ADVANCED_FACE('',(#169),#1130,.F.);
#1198=ADVANCED_FACE('',(#170),#1131,.F.);
#1199=ADVANCED_FACE('',(#171),#1132,.F.);
#1200=ADVANCED_FACE('',(#172),#1133,.F.);
#1201=ADVANCED_FACE('',(#173),#1134,.F.);
#1202=ADVANCED_FACE('',(#174),#1135,.F.);
#1203=ADVANCED_FACE('',(#175),#1136,.F.);
#1204=ADVANCED_FACE('',(#176),#1137,.F.);
#1205=ADVANCED_FACE('',(#177),#1138,.F.);
#1206=ADVANCED_FACE('',(#178),#1139,.F.);
#1207=ADVANCED_FACE('',(#179),#1140,.F.);
#1208=ADVANCED_FACE('',(#180),#1141,.F.);
#1209=ADVANCED_FACE('',(#181),#1142,.F.);
#1210=ADVANCED_FACE('',(#182),#1143,.F.);
#1211=ADVANCED_FACE('',(#183),#1144,.F.);
#1212=ADVANCED_FACE('',(#184),#38,.F.);
#1213=ADVANCED_FACE('',(#185),#1145,.T.);
#1214=ADVANCED_FACE('',(#186),#39,.T.);
#1215=ADVANCED_FACE('',(#187,#16),#1146,.F.);
#1216=ADVANCED_FACE('',(#188),#40,.T.);
#1217=ADVANCED_FACE('',(#189),#1147,.F.);
#1218=ADVANCED_FACE('',(#190),#1148,.F.);
#1219=CLOSED_SHELL('',(#1149,#1150,#1151,#1152,#1153,#1154,#1155,#1156,
#1157,#1158,#1159,#1160,#1161,#1162,#1163,#1164,#1165,#1166,#1167,#1168,
#1169,#1170,#1171,#1172,#1173,#1174,#1175,#1176,#1177,#1178,#1179,#1180,
#1181,#1182,#1183,#1184,#1185,#1186,#1187,#1188,#1189,#1190,#1191,#1192,
#1193,#1194,#1195,#1196,#1197,#1198,#1199,#1200,#1201,#1202,#1203,#1204,
#1205,#1206,#1207,#1208,#1209,#1210,#1211,#1212,#1213,#1214,#1215,#1216,
#1217,#1218));
#1220=DERIVED_UNIT_ELEMENT(#1222,1.);
#1221=DERIVED_UNIT_ELEMENT(#2233,-3.);
#1222=(
MASS_UNIT()
NAMED_UNIT(*)
SI_UNIT(.KILO.,.GRAM.)
);
#1223=DERIVED_UNIT((#1220,#1221));
#1224=MEASURE_REPRESENTATION_ITEM('density measure',
POSITIVE_RATIO_MEASURE(7850.),#1223);
#1225=PROPERTY_DEFINITION_REPRESENTATION(#1230,#1227);
#1226=PROPERTY_DEFINITION_REPRESENTATION(#1231,#1228);
#1227=REPRESENTATION('material name',(#1229),#2230);
#1228=REPRESENTATION('density',(#1224),#2230);
#1229=DESCRIPTIVE_REPRESENTATION_ITEM('Steel','Steel');
#1230=PROPERTY_DEFINITION('material property','material name',#2240);
#1231=PROPERTY_DEFINITION('material property','density of part',#2240);
#1232=AXIS2_PLACEMENT_3D('',#1661,#1339,#1340);
#1233=AXIS2_PLACEMENT_3D('',#1662,#1341,#1342);
#1234=AXIS2_PLACEMENT_3D('',#1671,#1347,#1348);
#1235=AXIS2_PLACEMENT_3D('',#1677,#1349,#1350);
#1236=AXIS2_PLACEMENT_3D('',#1679,#1351,#1352);
#1237=AXIS2_PLACEMENT_3D('',#1685,#1354,#1355);
#1238=AXIS2_PLACEMENT_3D('',#1693,#1357,#1358);
#1239=AXIS2_PLACEMENT_3D('',#1695,#1359,#1360);
#1240=AXIS2_PLACEMENT_3D('',#1732,#1362,#1363);
#1241=AXIS2_PLACEMENT_3D('',#1800,#1371,#1372);
#1242=AXIS2_PLACEMENT_3D('',#1809,#1374,#1375);
#1243=AXIS2_PLACEMENT_3D('',#1813,#1377,#1378);
#1244=AXIS2_PLACEMENT_3D('',#1817,#1379,#1380);
#1245=AXIS2_PLACEMENT_3D('',#1823,#1384,#1385);
#1246=AXIS2_PLACEMENT_3D('',#1829,#1386,#1387);
#1247=AXIS2_PLACEMENT_3D('',#1831,#1388,#1389);
#1248=AXIS2_PLACEMENT_3D('',#1898,#1392,#1393);
#1249=AXIS2_PLACEMENT_3D('',#1994,#1401,#1402);
#1250=AXIS2_PLACEMENT_3D('',#1998,#1404,#1405);
#1251=AXIS2_PLACEMENT_3D('',#2000,#1407,#1408);
#1252=AXIS2_PLACEMENT_3D('',#2004,#1411,#1412);
#1253=AXIS2_PLACEMENT_3D('',#2007,#1414,#1415);
#1254=AXIS2_PLACEMENT_3D('',#2008,#1416,#1417);
#1255=AXIS2_PLACEMENT_3D('',#2012,#1420,#1421);
#1256=AXIS2_PLACEMENT_3D('',#2015,#1422,#1423);
#1257=AXIS2_PLACEMENT_3D('',#2017,#1424,#1425);
#1258=AXIS2_PLACEMENT_3D('',#2019,#1426,#1427);
#1259=AXIS2_PLACEMENT_3D('',#2020,#1428,#1429);
#1260=AXIS2_PLACEMENT_3D('',#2021,#1430,#1431);
#1261=AXIS2_PLACEMENT_3D('',#2024,#1432,#1433);
#1262=AXIS2_PLACEMENT_3D('',#2027,#1436,#1437);
#1263=AXIS2_PLACEMENT_3D('',#2030,#1438,#1439);
#1264=AXIS2_PLACEMENT_3D('',#2031,#1440,#1441);
#1265=AXIS2_PLACEMENT_3D('',#2032,#1442,#1443);
#1266=AXIS2_PLACEMENT_3D('',#2033,#1444,#1445);
#1267=AXIS2_PLACEMENT_3D('',#2036,#1446,#1447);
#1268=AXIS2_PLACEMENT_3D('',#2039,#1450,#1451);
#1269=AXIS2_PLACEMENT_3D('',#2042,#1452,#1453);
#1270=AXIS2_PLACEMENT_3D('',#2043,#1454,#1455);
#1271=AXIS2_PLACEMENT_3D('',#2044,#1456,#1457);
#1272=AXIS2_PLACEMENT_3D('',#2045,#1458,#1459);
#1273=AXIS2_PLACEMENT_3D('',#2048,#1460,#1461);
#1274=AXIS2_PLACEMENT_3D('',#2051,#1464,#1465);
#1275=AXIS2_PLACEMENT_3D('',#2054,#1466,#1467);
#1276=AXIS2_PLACEMENT_3D('',#2055,#1468,#1469);
#1277=AXIS2_PLACEMENT_3D('',#2056,#1470,#1471);
#1278=AXIS2_PLACEMENT_3D('',#2057,#1472,#1473);
#1279=AXIS2_PLACEMENT_3D('',#2060,#1476,#1477);
#1280=AXIS2_PLACEMENT_3D('',#2066,#1481,#1482);
#1281=AXIS2_PLACEMENT_3D('',#2069,#1484,#1485);
#1282=AXIS2_PLACEMENT_3D('',#2070,#1486,#1487);
#1283=AXIS2_PLACEMENT_3D('',#2074,#1490,#1491);
#1284=AXIS2_PLACEMENT_3D('',#2077,#1493,#1494);
#1285=AXIS2_PLACEMENT_3D('',#2078,#1495,#1496);
#1286=AXIS2_PLACEMENT_3D('',#2081,#1497,#1498);
#1287=AXIS2_PLACEMENT_3D('',#2085,#1500,#1501);
#1288=AXIS2_PLACEMENT_3D('',#2089,#1503,#1504);
#1289=AXIS2_PLACEMENT_3D('',#2093,#1506,#1507);
#1290=AXIS2_PLACEMENT_3D('',#2095,#1509,#1510);
#1291=AXIS2_PLACEMENT_3D('',#2097,#1511,#1512);
#1292=AXIS2_PLACEMENT_3D('',#2099,#1513,#1514);
#1293=AXIS2_PLACEMENT_3D('',#2100,#1515,#1516);
#1294=AXIS2_PLACEMENT_3D('',#2101,#1517,#1518);
#1295=AXIS2_PLACEMENT_3D('',#2102,#1519,#1520);
#1296=AXIS2_PLACEMENT_3D('',#2104,#1522,#1523);
#1297=AXIS2_PLACEMENT_3D('',#2105,#1524,#1525);
#1298=AXIS2_PLACEMENT_3D('',#2106,#1526,#1527);
#1299=AXIS2_PLACEMENT_3D('',#2107,#1528,#1529);
#1300=AXIS2_PLACEMENT_3D('',#2108,#1530,#1531);
#1301=AXIS2_PLACEMENT_3D('',#2109,#1532,#1533);
#1302=AXIS2_PLACEMENT_3D('',#2110,#1534,#1535);
#1303=AXIS2_PLACEMENT_3D('',#2111,#1536,#1537);
#1304=AXIS2_PLACEMENT_3D('',#2112,#1538,#1539);
#1305=AXIS2_PLACEMENT_3D('',#2114,#1540,#1541);
#1306=AXIS2_PLACEMENT_3D('',#2115,#1542,#1543);
#1307=AXIS2_PLACEMENT_3D('',#2116,#1544,#1545);
#1308=AXIS2_PLACEMENT_3D('',#2118,#1547,#1548);
#1309=AXIS2_PLACEMENT_3D('',#2120,#1550,#1551);
#1310=AXIS2_PLACEMENT_3D('',#2122,#1553,#1554);
#1311=AXIS2_PLACEMENT_3D('',#2131,#1559,#1560);
#1312=AXIS2_PLACEMENT_3D('',#2136,#1564,#1565);
#1313=AXIS2_PLACEMENT_3D('',#2138,#1567,#1568);
#1314=AXIS2_PLACEMENT_3D('',#2142,#1571,#1572);
#1315=AXIS2_PLACEMENT_3D('',#2144,#1574,#1575);
#1316=AXIS2_PLACEMENT_3D('',#2153,#1580,#1581);
#1317=AXIS2_PLACEMENT_3D('',#2158,#1585,#1586);
#1318=AXIS2_PLACEMENT_3D('',#2160,#1588,#1589);
#1319=AXIS2_PLACEMENT_3D('',#2164,#1592,#1593);
#1320=AXIS2_PLACEMENT_3D('',#2166,#1595,#1596);
#1321=AXIS2_PLACEMENT_3D('',#2175,#1601,#1602);
#1322=AXIS2_PLACEMENT_3D('',#2180,#1606,#1607);
#1323=AXIS2_PLACEMENT_3D('',#2184,#1610,#1611);
#1324=AXIS2_PLACEMENT_3D('',#2187,#1614,#1615);
#1325=AXIS2_PLACEMENT_3D('',#2188,#1616,#1617);
#1326=AXIS2_PLACEMENT_3D('',#2197,#1622,#1623);
#1327=AXIS2_PLACEMENT_3D('',#2202,#1627,#1628);
#1328=AXIS2_PLACEMENT_3D('',#2206,#1631,#1632);
#1329=AXIS2_PLACEMENT_3D('',#2209,#1635,#1636);
#1330=AXIS2_PLACEMENT_3D('',#2210,#1637,#1638);
#1331=AXIS2_PLACEMENT_3D('',#2212,#1640,#1641);
#1332=AXIS2_PLACEMENT_3D('',#2213,#1642,#1643);
#1333=AXIS2_PLACEMENT_3D('',#2217,#1645,#1646);
#1334=AXIS2_PLACEMENT_3D('',#2219,#1648,#1649);
#1335=AXIS2_PLACEMENT_3D('',#2223,#1652,#1653);
#1336=AXIS2_PLACEMENT_3D('',#2224,#1654,#1655);
#1337=AXIS2_PLACEMENT_3D('',#2226,#1657,#1658);
#1338=AXIS2_PLACEMENT_3D('',#2227,#1659,#1660);
#1339=DIRECTION('axis',(0.,0.,1.));
#1340=DIRECTION('refdir',(1.,0.,0.));
#1341=DIRECTION('center_axis',(0.,0.707106781186547,-0.707106781186548));
#1342=DIRECTION('ref_axis',(-1.,0.,0.));
#1343=DIRECTION('',(0.,-0.707106781186548,-0.707106781186547));
#1344=DIRECTION('',(-1.,0.,0.));
#1345=DIRECTION('',(0.,0.707106781186548,0.707106781186547));
#1346=DIRECTION('',(1.,0.,0.));
#1347=DIRECTION('center_axis',(0.,0.,-1.));
#1348=DIRECTION('ref_axis',(1.,0.,0.));
#1349=DIRECTION('center_axis',(0.,0.,-1.));
#1350=DIRECTION('ref_axis',(1.,0.,0.));
#1351=DIRECTION('center_axis',(0.,0.,1.));
#1352=DIRECTION('ref_axis',(1.,0.,0.));
#1353=DIRECTION('',(0.535016451663212,-0.462339049237359,-0.707106781186548));
#1354=DIRECTION('center_axis',(0.,0.,-1.));
#1355=DIRECTION('ref_axis',(-1.,0.,0.));
#1356=DIRECTION('',(0.535016451663212,0.462339049237359,0.707106781186548));
#1357=DIRECTION('center_axis',(0.,0.,1.));
#1358=DIRECTION('ref_axis',(-1.,0.,0.));
#1359=DIRECTION('center_axis',(0.,0.,-1.));
#1360=DIRECTION('ref_axis',(-1.,0.,0.));
#1361=DIRECTION('',(0.707106781186549,0.,-0.707106781186546));
#1362=DIRECTION('center_axis',(-0.707106781186547,0.,-0.707106781186548));
#1363=DIRECTION('ref_axis',(-0.707106781186548,0.,0.707106781186547));
#1364=DIRECTION('',(-0.707106781186548,0.,0.707106781186547));
#1365=DIRECTION('',(0.,1.,0.));
#1366=DIRECTION('',(0.707106781186548,0.,-0.707106781186547));
#1367=DIRECTION('',(0.707106781186548,0.,-0.707106781186547));
#1368=DIRECTION('',(0.,-1.,0.));
#1369=DIRECTION('',(-0.707106781186548,0.,0.707106781186547));
#1370=DIRECTION('',(0.707106781186548,0.,-0.707106781186547));
#1371=DIRECTION('center_axis',(0.,0.,-1.));
#1372=DIRECTION('ref_axis',(1.,0.,0.));
#1373=DIRECTION('',(-0.535016451663212,-0.462339049237359,0.707106781186548));
#1374=DIRECTION('center_axis',(0.,0.,1.));
#1375=DIRECTION('ref_axis',(1.,0.,0.));
#1376=DIRECTION('',(0.,0.707106781186548,-0.707106781186547));
#1377=DIRECTION('center_axis',(0.,0.,-1.));
#1378=DIRECTION('ref_axis',(1.,0.,0.));
#1379=DIRECTION('center_axis',(0.,-0.707106781186547,-0.707106781186548));
#1380=DIRECTION('ref_axis',(-1.,0.,0.));
#1381=DIRECTION('',(0.,0.707106781186548,-0.707106781186547));
#1382=DIRECTION('',(1.,0.,0.));
#1383=DIRECTION('',(-1.,0.,0.));
#1384=DIRECTION('center_axis',(0.,0.,-1.));
#1385=DIRECTION('ref_axis',(-1.,0.,0.));
#1386=DIRECTION('center_axis',(0.,0.,-1.));
#1387=DIRECTION('ref_axis',(-1.,0.,0.));
#1388=DIRECTION('center_axis',(0.,0.,1.));
#1389=DIRECTION('ref_axis',(-1.,0.,0.));
#1390=DIRECTION('',(-0.535016451663212,0.462339049237359,-0.707106781186548));
#1391=DIRECTION('',(-0.707106781186549,0.,-0.707106781186546));
#1392=DIRECTION('center_axis',(0.707106781186547,0.,-0.707106781186548));
#1393=DIRECTION('ref_axis',(-0.707106781186548,0.,-0.707106781186547));
#1394=DIRECTION('',(0.707106781186548,0.,0.707106781186547));
#1395=DIRECTION('',(0.,-1.,0.));
#1396=DIRECTION('',(-0.707106781186548,0.,-0.707106781186547));
#1397=DIRECTION('',(-0.707106781186548,0.,-0.707106781186547));
#1398=DIRECTION('',(0.,1.,0.));
#1399=DIRECTION('',(0.707106781186548,0.,0.707106781186547));
#1400=DIRECTION('',(-0.707106781186548,0.,-0.707106781186547));
#1401=DIRECTION('center_axis',(0.,0.,1.));
#1402=DIRECTION('ref_axis',(1.,0.,0.));
#1403=DIRECTION('',(0.,0.,-1.));
#1404=DIRECTION('center_axis',(0.,0.,-1.));
#1405=DIRECTION('ref_axis',(0.707106781186548,-0.707106781186548,0.));
#1406=DIRECTION('',(0.,0.,-1.));
#1407=DIRECTION('center_axis',(0.,1.,0.));
#1408=DIRECTION('ref_axis',(0.,0.,1.));
#1409=DIRECTION('',(0.,0.,-1.));
#1410=DIRECTION('',(-1.,0.,0.));
#1411=DIRECTION('center_axis',(0.,0.,1.));
#1412=DIRECTION('ref_axis',(1.,0.,0.));
#1413=DIRECTION('',(0.,0.,-1.));
#1414=DIRECTION('center_axis',(0.,0.,-1.));
#1415=DIRECTION('ref_axis',(-0.707106781186548,-0.707106781186548,0.));
#1416=DIRECTION('center_axis',(1.,0.,0.));
#1417=DIRECTION('ref_axis',(0.,0.,-1.));
#1418=DIRECTION('',(0.,0.,-1.));
#1419=DIRECTION('',(0.,1.,0.));
#1420=DIRECTION('center_axis',(0.,0.,1.));
#1421=DIRECTION('ref_axis',(1.,0.,0.));
#1422=DIRECTION('center_axis',(-2.77555756156289E-15,1.,0.));
#1423=DIRECTION('ref_axis',(0.,0.,1.));
#1424=DIRECTION('center_axis',(0.,0.,1.));
#1425=DIRECTION('ref_axis',(0.707106781186547,0.707106781186548,0.));
#1426=DIRECTION('center_axis',(1.,0.,0.));
#1427=DIRECTION('ref_axis',(0.,1.,0.));
#1428=DIRECTION('center_axis',(0.,0.,-1.));
#1429=DIRECTION('ref_axis',(0.707106781186547,0.707106781186548,0.));
#1430=DIRECTION('center_axis',(-1.,0.,0.));
#1431=DIRECTION('ref_axis',(0.,0.707106781186548,0.707106781186548));
#1432=DIRECTION('center_axis',(1.,0.,0.));
#1433=DIRECTION('ref_axis',(0.,1.,0.));
#1434=DIRECTION('',(1.,0.,0.));
#1435=DIRECTION('',(-1.,0.,0.));
#1436=DIRECTION('center_axis',(0.,0.,1.));
#1437=DIRECTION('ref_axis',(1.,0.,0.));
#1438=DIRECTION('center_axis',(2.77555756156289E-15,1.,0.));
#1439=DIRECTION('ref_axis',(-1.,2.77555756156289E-15,0.));
#1440=DIRECTION('center_axis',(0.,0.,-1.));
#1441=DIRECTION('ref_axis',(-0.707106781186547,0.707106781186548,0.));
#1442=DIRECTION('center_axis',(0.,0.,1.));
#1443=DIRECTION('ref_axis',(-0.707106781186547,0.707106781186548,0.));
#1444=DIRECTION('center_axis',(0.,-1.,0.));
#1445=DIRECTION('ref_axis',(-0.707106781186548,0.,0.707106781186548));
#1446=DIRECTION('center_axis',(0.,1.,0.));
#1447=DIRECTION('ref_axis',(-1.,0.,0.));
#1448=DIRECTION('',(0.,1.,0.));
#1449=DIRECTION('',(0.,-1.,0.));
#1450=DIRECTION('center_axis',(0.,0.,1.));
#1451=DIRECTION('ref_axis',(1.,0.,0.));
#1452=DIRECTION('center_axis',(-1.,0.,0.));
#1453=DIRECTION('ref_axis',(0.,-1.,0.));
#1454=DIRECTION('center_axis',(0.,0.,-1.));
#1455=DIRECTION('ref_axis',(-0.707106781186547,-0.707106781186548,0.));
#1456=DIRECTION('center_axis',(0.,0.,1.));
#1457=DIRECTION('ref_axis',(-0.707106781186547,-0.707106781186548,0.));
#1458=DIRECTION('center_axis',(1.,0.,0.));
#1459=DIRECTION('ref_axis',(0.,-0.707106781186548,0.707106781186548));
#1460=DIRECTION('center_axis',(-1.,0.,0.));
#1461=DIRECTION('ref_axis',(0.,-1.,0.));
#1462=DIRECTION('',(-1.,0.,0.));
#1463=DIRECTION('',(1.,0.,0.));
#1464=DIRECTION('center_axis',(0.,0.,1.));
#1465=DIRECTION('ref_axis',(1.,0.,0.));
#1466=DIRECTION('center_axis',(-2.77555756156289E-15,-1.,0.));
#1467=DIRECTION('ref_axis',(1.,-2.77555756156289E-15,0.));
#1468=DIRECTION('center_axis',(0.,0.,-1.));
#1469=DIRECTION('ref_axis',(0.707106781186547,-0.707106781186548,0.));
#1470=DIRECTION('center_axis',(0.,0.,1.));
#1471=DIRECTION('ref_axis',(0.707106781186547,-0.707106781186548,0.));
#1472=DIRECTION('center_axis',(0.,1.,0.));
#1473=DIRECTION('ref_axis',(0.707106781186548,0.,0.707106781186548));
#1474=DIRECTION('',(0.,-1.,0.));
#1475=DIRECTION('',(0.,1.,0.));
#1476=DIRECTION('center_axis',(1.,0.,0.));
#1477=DIRECTION('ref_axis',(0.,0.,-1.));
#1478=DIRECTION('',(0.,0.,-1.));
#1479=DIRECTION('',(0.,1.,0.));
#1480=DIRECTION('',(0.,0.,-1.));
#1481=DIRECTION('center_axis',(0.,0.,1.));
#1482=DIRECTION('ref_axis',(1.,0.,0.));
#1483=DIRECTION('',(0.,0.,-1.));
#1484=DIRECTION('center_axis',(0.,0.,-1.));
#1485=DIRECTION('ref_axis',(1.,0.,0.));
#1486=DIRECTION('center_axis',(0.,-1.,0.));
#1487=DIRECTION('ref_axis',(0.,0.,-1.));
#1488=DIRECTION('',(0.,0.,-1.));
#1489=DIRECTION('',(1.,0.,0.));
#1490=DIRECTION('center_axis',(0.,0.,1.));
#1491=DIRECTION('ref_axis',(1.,0.,0.));
#1492=DIRECTION('',(0.,0.,-1.));
#1493=DIRECTION('center_axis',(0.,0.,-1.));
#1494=DIRECTION('ref_axis',(1.,0.,0.));
#1495=DIRECTION('center_axis',(0.,0.,1.));
#1496=DIRECTION('ref_axis',(1.,0.,0.));
#1497=DIRECTION('center_axis',(0.,0.,1.));
#1498=DIRECTION('ref_axis',(0.707106781186547,0.707106781186547,0.));
#1499=DIRECTION('',(0.,1.,0.));
#1500=DIRECTION('center_axis',(0.,0.,1.));
#1501=DIRECTION('ref_axis',(0.707106781186547,-0.707106781186547,0.));
#1502=DIRECTION('',(1.,0.,0.));
#1503=DIRECTION('center_axis',(0.,0.,1.));
#1504=DIRECTION('ref_axis',(-0.707106781186547,-0.707106781186547,0.));
#1505=DIRECTION('',(0.,-1.,0.));
#1506=DIRECTION('center_axis',(0.,0.,1.));
#1507=DIRECTION('ref_axis',(-0.707106781186547,0.707106781186547,0.));
#1508=DIRECTION('',(-1.,0.,0.));
#1509=DIRECTION('center_axis',(0.,0.,-1.));
#1510=DIRECTION('ref_axis',(-1.,0.,0.));
#1511=DIRECTION('center_axis',(1.,0.,0.));
#1512=DIRECTION('ref_axis',(0.,0.,1.));
#1513=DIRECTION('center_axis',(0.,0.,-1.));
#1514=DIRECTION('ref_axis',(0.707106781186548,0.707106781186548,0.));
#1515=DIRECTION('center_axis',(0.,1.,0.));
#1516=DIRECTION('ref_axis',(-1.,0.,0.));
#1517=DIRECTION('center_axis',(0.,-1.,0.));
#1518=DIRECTION('ref_axis',(-0.707106781186548,0.,0.707106781186548));
#1519=DIRECTION('center_axis',(0.,1.,0.));
#1520=DIRECTION('ref_axis',(-1.,0.,0.));
#1521=DIRECTION('',(0.,-1.,0.));
#1522=DIRECTION('center_axis',(0.,0.,-1.));
#1523=DIRECTION('ref_axis',(-1.,0.,0.));
#1524=DIRECTION('center_axis',(1.,0.,0.));
#1525=DIRECTION('ref_axis',(0.,1.,0.));
#1526=DIRECTION('center_axis',(-1.,0.,0.));
#1527=DIRECTION('ref_axis',(0.,0.707106781186548,0.707106781186548));
#1528=DIRECTION('center_axis',(1.,0.,0.));
#1529=DIRECTION('ref_axis',(0.,1.,0.));
#1530=DIRECTION('center_axis',(0.,0.,-1.));
#1531=DIRECTION('ref_axis',(-1.,0.,0.));
#1532=DIRECTION('center_axis',(0.,-1.,0.));
#1533=DIRECTION('ref_axis',(1.,0.,0.));
#1534=DIRECTION('center_axis',(0.,1.,0.));
#1535=DIRECTION('ref_axis',(0.707106781186548,0.,0.707106781186548));
#1536=DIRECTION('center_axis',(0.,-1.,0.));
#1537=DIRECTION('ref_axis',(1.,0.,0.));
#1538=DIRECTION('center_axis',(0.,0.,-1.));
#1539=DIRECTION('ref_axis',(-1.,0.,0.));
#1540=DIRECTION('center_axis',(-1.,0.,0.));
#1541=DIRECTION('ref_axis',(0.,-1.,0.));
#1542=DIRECTION('center_axis',(0.,0.,-1.));
#1543=DIRECTION('ref_axis',(-0.707106781186548,0.707106781186548,0.));
#1544=DIRECTION('center_axis',(1.,0.,0.));
#1545=DIRECTION('ref_axis',(0.,-0.707106781186548,0.707106781186548));
#1546=DIRECTION('',(1.,0.,0.));
#1547=DIRECTION('center_axis',(-1.,0.,0.));
#1548=DIRECTION('ref_axis',(0.,0.,1.));
#1549=DIRECTION('',(0.,0.,-1.));
#1550=DIRECTION('center_axis',(0.,0.,1.));
#1551=DIRECTION('ref_axis',(1.,0.,0.));
#1552=DIRECTION('',(0.,0.,-1.));
#1553=DIRECTION('center_axis',(0.,0.,1.));
#1554=DIRECTION('ref_axis',(1.,0.,0.));
#1555=DIRECTION('',(0.,-1.,0.));
#1556=DIRECTION('',(-1.,0.,0.));
#1557=DIRECTION('',(0.,1.,0.));
#1558=DIRECTION('',(1.,0.,0.));
#1559=DIRECTION('center_axis',(0.,1.,0.));
#1560=DIRECTION('ref_axis',(0.,0.,1.));
#1561=DIRECTION('',(0.,0.,-1.));
#1562=DIRECTION('',(0.,0.,-1.));
#1563=DIRECTION('',(1.,0.,0.));
#1564=DIRECTION('center_axis',(1.,0.,0.));
#1565=DIRECTION('ref_axis',(0.,0.,-1.));
#1566=DIRECTION('',(0.,0.,-1.));
#1567=DIRECTION('center_axis',(0.,-1.,0.));
#1568=DIRECTION('ref_axis',(0.,0.,-1.));
#1569=DIRECTION('',(0.,0.,-1.));
#1570=DIRECTION('',(-1.,0.,0.));
#1571=DIRECTION('center_axis',(-1.,0.,0.));
#1572=DIRECTION('ref_axis',(0.,0.,1.));
#1573=DIRECTION('',(0.,1.,0.));
#1574=DIRECTION('center_axis',(0.,0.,1.));
#1575=DIRECTION('ref_axis',(1.,0.,0.));
#1576=DIRECTION('',(0.,-1.,0.));
#1577=DIRECTION('',(-1.,0.,0.));
#1578=DIRECTION('',(0.,1.,0.));
#1579=DIRECTION('',(1.,0.,0.));
#1580=DIRECTION('center_axis',(0.,1.,0.));
#1581=DIRECTION('ref_axis',(0.,0.,1.));
#1582=DIRECTION('',(0.,0.,-1.));
#1583=DIRECTION('',(0.,0.,-1.));
#1584=DIRECTION('',(1.,0.,0.));
#1585=DIRECTION('center_axis',(1.,0.,0.));
#1586=DIRECTION('ref_axis',(0.,0.,-1.));
#1587=DIRECTION('',(0.,0.,-1.));
#1588=DIRECTION('center_axis',(0.,-1.,0.));
#1589=DIRECTION('ref_axis',(0.,0.,-1.));
#1590=DIRECTION('',(0.,0.,-1.));
#1591=DIRECTION('',(-1.,0.,0.));
#1592=DIRECTION('center_axis',(-1.,0.,0.));
#1593=DIRECTION('ref_axis',(0.,0.,1.));
#1594=DIRECTION('',(0.,1.,0.));
#1595=DIRECTION('center_axis',(0.,0.,1.));
#1596=DIRECTION('ref_axis',(1.,0.,0.));
#1597=DIRECTION('',(0.,-1.,0.));
#1598=DIRECTION('',(-1.,0.,0.));
#1599=DIRECTION('',(0.,1.,0.));
#1600=DIRECTION('',(1.,0.,0.));
#1601=DIRECTION('center_axis',(0.,1.,0.));
#1602=DIRECTION('ref_axis',(0.,0.,1.));
#1603=DIRECTION('',(0.,0.,-1.));
#1604=DIRECTION('',(0.,0.,1.));
#1605=DIRECTION('',(1.,0.,0.));
#1606=DIRECTION('center_axis',(1.,0.,0.));
#1607=DIRECTION('ref_axis',(0.,0.,-1.));
#1608=DIRECTION('',(0.,0.,-1.));
#1609=DIRECTION('',(0.,-1.,0.));
#1610=DIRECTION('center_axis',(0.,-1.,0.));
#1611=DIRECTION('ref_axis',(0.,0.,-1.));
#1612=DIRECTION('',(0.,0.,-1.));
#1613=DIRECTION('',(-1.,0.,0.));
#1614=DIRECTION('center_axis',(-1.,0.,0.));
#1615=DIRECTION('ref_axis',(0.,0.,1.));
#1616=DIRECTION('center_axis',(0.,0.,1.));
#1617=DIRECTION('ref_axis',(1.,0.,0.));
#1618=DIRECTION('',(0.,-1.,0.));
#1619=DIRECTION('',(-1.,0.,0.));
#1620=DIRECTION('',(0.,1.,0.));
#1621=DIRECTION('',(1.,0.,0.));
#1622=DIRECTION('center_axis',(0.,1.,0.));
#1623=DIRECTION('ref_axis',(0.,0.,1.));
#1624=DIRECTION('',(0.,0.,-1.));
#1625=DIRECTION('',(0.,0.,-1.));
#1626=DIRECTION('',(1.,0.,0.));
#1627=DIRECTION('center_axis',(1.,0.,0.));
#1628=DIRECTION('ref_axis',(0.,0.,-1.));
#1629=DIRECTION('',(0.,0.,-1.));
#1630=DIRECTION('',(0.,-1.,0.));
#1631=DIRECTION('center_axis',(0.,-1.,0.));
#1632=DIRECTION('ref_axis',(0.,0.,-1.));
#1633=DIRECTION('',(0.,0.,-1.));
#1634=DIRECTION('',(-1.,0.,0.));
#1635=DIRECTION('center_axis',(-1.,0.,0.));
#1636=DIRECTION('ref_axis',(0.,0.,1.));
#1637=DIRECTION('center_axis',(0.,0.,1.));
#1638=DIRECTION('ref_axis',(1.,0.,0.));
#1639=DIRECTION('',(0.,0.,-1.));
#1640=DIRECTION('center_axis',(0.,-1.,0.));
#1641=DIRECTION('ref_axis',(0.,0.,-1.));
#1642=DIRECTION('center_axis',(0.,0.,1.));
#1643=DIRECTION('ref_axis',(1.,0.,0.));
#1644=DIRECTION('',(0.,0.,-1.));
#1645=DIRECTION('center_axis',(0.,0.,-1.));
#1646=DIRECTION('ref_axis',(1.,0.,0.));
#1647=DIRECTION('',(0.,0.,-1.));
#1648=DIRECTION('center_axis',(0.,0.,1.));
#1649=DIRECTION('ref_axis',(1.,0.,0.));
#1650=DIRECTION('',(0.,-1.,0.));
#1651=DIRECTION('',(-1.,0.,0.));
#1652=DIRECTION('center_axis',(0.,0.,-1.));
#1653=DIRECTION('ref_axis',(1.,0.,0.));
#1654=DIRECTION('center_axis',(0.,0.,1.));
#1655=DIRECTION('ref_axis',(1.,0.,0.));
#1656=DIRECTION('',(0.,0.,-1.));
#1657=DIRECTION('center_axis',(-1.,0.,0.));
#1658=DIRECTION('ref_axis',(0.,0.,1.));
#1659=DIRECTION('center_axis',(0.,1.,0.));
#1660=DIRECTION('ref_axis',(0.,0.,1.));
#1661=CARTESIAN_POINT('',(0.,0.,0.));
#1662=CARTESIAN_POINT('Origin',(0.,-7.7,3.25));
#1663=CARTESIAN_POINT('',(14.4,-7.45,3.5));
#1664=CARTESIAN_POINT('',(14.4,-7.95,3.));
#1665=CARTESIAN_POINT('',(14.4,-7.45,3.5));
#1666=CARTESIAN_POINT('',(-14.4,-7.95,3.));
#1667=CARTESIAN_POINT('',(0.,-7.95,3.));
#1668=CARTESIAN_POINT('',(-14.4,-7.45,3.5));
#1669=CARTESIAN_POINT('',(-14.4,-7.95,3.));
#1670=CARTESIAN_POINT('',(0.,-7.45,3.5));
#1671=CARTESIAN_POINT('Origin',(14.4,-6.65,3.25));
#1672=CARTESIAN_POINT('',(15.3836157786453,-7.5,3.));
#1673=CARTESIAN_POINT('',(15.25,-7.5,3.09791847198286));
#1674=CARTESIAN_POINT('Ctrl Pts',(15.3836157786453,-7.5,3.));
#1675=CARTESIAN_POINT('Ctrl Pts',(15.3141933756205,-7.5,3.05252690077435));
#1676=CARTESIAN_POINT('Ctrl Pts',(15.25,-7.5,3.09791847198287));
#1677=CARTESIAN_POINT('Origin',(14.4,-6.65,3.));
#1678=CARTESIAN_POINT('',(15.0053020176279,-7.17307692307692,3.5));
#1679=CARTESIAN_POINT('Origin',(14.4,-6.65,3.5));
#1680=CARTESIAN_POINT('',(15.25,-7.38453478043538,3.17659386521647));
#1681=CARTESIAN_POINT('',(15.0053020176279,-7.17307692307692,3.5));
#1682=CARTESIAN_POINT('Ctrl Pts',(15.25,-7.5,3.09791847198287));
#1683=CARTESIAN_POINT('Ctrl Pts',(15.25,-7.44031419310997,3.1401227107754));
#1684=CARTESIAN_POINT('Ctrl Pts',(15.25,-7.38453478043538,3.17659386521647));
#1685=CARTESIAN_POINT('Origin',(-14.4,-6.65,3.25));
#1686=CARTESIAN_POINT('',(-15.25,-7.5,3.09791847198287));
#1687=CARTESIAN_POINT('',(-15.25,-7.38453478043538,3.17659386521647));
#1688=CARTESIAN_POINT('Ctrl Pts',(-15.25,-7.38453478043539,3.17659386521647));
#1689=CARTESIAN_POINT('Ctrl Pts',(-15.25,-7.44031419310997,3.14012271077539));
#1690=CARTESIAN_POINT('Ctrl Pts',(-15.25,-7.5,3.09791847198287));
#1691=CARTESIAN_POINT('',(-15.0053020176279,-7.17307692307692,3.5));
#1692=CARTESIAN_POINT('',(-15.3836157786453,-7.5,3.));
#1693=CARTESIAN_POINT('Origin',(-14.4,-6.65,3.5));
#1694=CARTESIAN_POINT('',(-15.3836157786453,-7.5,3.));
#1695=CARTESIAN_POINT('Origin',(-14.4,-6.65,3.));
#1696=CARTESIAN_POINT('Ctrl Pts',(-15.25,-7.5,3.09791847198288));
#1697=CARTESIAN_POINT('Ctrl Pts',(-15.3141933756205,-7.5,3.05252690077436));
#1698=CARTESIAN_POINT('Ctrl Pts',(-15.3836157786453,-7.5,3.00000000000001));
#1699=CARTESIAN_POINT('Ctrl Pts',(15.25,-7.38453478043538,3.17659386521647));
#1700=CARTESIAN_POINT('Ctrl Pts',(15.4244903599291,-7.18261540249688,3.17659386521647));
#1701=CARTESIAN_POINT('Ctrl Pts',(15.5234061347835,-6.91686760930327,3.17659386521647));
#1702=CARTESIAN_POINT('Ctrl Pts',(15.5234061347835,-6.65,3.17659386521647));
#1703=CARTESIAN_POINT('Ctrl Pts',(15.168434005876,-7.31404882798256,3.28439591014431));
#1704=CARTESIAN_POINT('Ctrl Pts',(15.3261802720725,-7.13150563215519,3.28439591014431));
#1705=CARTESIAN_POINT('Ctrl Pts',(15.4156040898557,-6.89125899535936,3.28439591014431));
#1706=CARTESIAN_POINT('Ctrl Pts',(15.4156040898557,-6.65,3.28439591014431));
#1707=CARTESIAN_POINT('Ctrl Pts',(15.0868680117519,-7.24356287552974,3.39219795507216));
#1708=CARTESIAN_POINT('Ctrl Pts',(15.2278701842159,-7.08039586181351,3.39219795507216));
#1709=CARTESIAN_POINT('Ctrl Pts',(15.3078020449278,-6.86565038141544,3.39219795507216));
#1710=CARTESIAN_POINT('Ctrl Pts',(15.3078020449278,-6.65,3.39219795507216));
#1711=CARTESIAN_POINT('Ctrl Pts',(15.0053020176279,-7.17307692307692,3.5));
#1712=CARTESIAN_POINT('Ctrl Pts',(15.1295600963593,-7.02928609147182,3.5));
#1713=CARTESIAN_POINT('Ctrl Pts',(15.2,-6.84004176747153,3.5));
#1714=CARTESIAN_POINT('Ctrl Pts',(15.2,-6.65,3.5));
#1715=CARTESIAN_POINT('',(15.25,-6.65,3.44999999999999));
#1716=CARTESIAN_POINT('Ctrl Pts',(15.25,-7.38453478043538,3.17659386521647));
#1717=CARTESIAN_POINT('Ctrl Pts',(15.25,-7.29784569152323,3.23327519258211));
#1718=CARTESIAN_POINT('Ctrl Pts',(15.25,-7.2051811495455,3.2881191080561));
#1719=CARTESIAN_POINT('Ctrl Pts',(15.25,-7.02969921423635,3.37180845356782));
#1720=CARTESIAN_POINT('Ctrl Pts',(15.25,-6.94418759262472,3.40462981177684));
#1721=CARTESIAN_POINT('Ctrl Pts',(15.25,-6.81109983255473,3.43596566528389));
#1722=CARTESIAN_POINT('Ctrl Pts',(15.25,-6.76587240924698,3.44335963293282));
#1723=CARTESIAN_POINT('Ctrl Pts',(15.25,-6.69661032667365,3.44904115902508));
#1724=CARTESIAN_POINT('Ctrl Pts',(15.25,-6.67330974033156,3.44999999999999));
#1725=CARTESIAN_POINT('Ctrl Pts',(15.25,-6.65000000000015,3.44999999999999));
#1726=CARTESIAN_POINT('',(15.2,-6.65,3.5));
#1727=CARTESIAN_POINT('Ctrl Pts',(15.0053020176279,-7.17307692307692,3.5));
#1728=CARTESIAN_POINT('Ctrl Pts',(15.1295600963593,-7.02928609147182,3.5));
#1729=CARTESIAN_POINT('Ctrl Pts',(15.2,-6.84004176747153,3.5));
#1730=CARTESIAN_POINT('Ctrl Pts',(15.2,-6.65,3.5));
#1731=CARTESIAN_POINT('',(15.2,-6.65,3.5));
#1732=CARTESIAN_POINT('Origin',(15.45,0.,3.25));
#1733=CARTESIAN_POINT('',(15.25,-5.3,3.45));
#1734=CARTESIAN_POINT('',(15.2,-5.3,3.5));
#1735=CARTESIAN_POINT('',(15.7,-5.3,3.));
#1736=CARTESIAN_POINT('',(15.2,5.3,3.5));
#1737=CARTESIAN_POINT('',(15.2,0.,3.5));
#1738=CARTESIAN_POINT('',(15.25,5.3,3.45));
#1739=CARTESIAN_POINT('',(15.2,5.3,3.5));
#1740=CARTESIAN_POINT('',(15.7,5.3,3.));
#1741=CARTESIAN_POINT('',(15.2,5.3,3.5));
#1742=CARTESIAN_POINT('',(15.7,-5.3,3.));
#1743=CARTESIAN_POINT('',(15.7,0.,3.));
#1744=CARTESIAN_POINT('',(15.7,-5.3,3.));
#1745=CARTESIAN_POINT('Ctrl Pts',(15.25,-6.65,3.44999999999999));
#1746=CARTESIAN_POINT('Ctrl Pts',(15.25,-6.2,3.44999999999999));
#1747=CARTESIAN_POINT('Ctrl Pts',(15.25,-5.75,3.44999999999999));
#1748=CARTESIAN_POINT('Ctrl Pts',(15.25,-5.3,3.44999999999999));
#1749=CARTESIAN_POINT('Ctrl Pts',(15.2333333333333,-6.65,3.46666666666666));
#1750=CARTESIAN_POINT('Ctrl Pts',(15.2333333333333,-6.2,3.46666666666666));
#1751=CARTESIAN_POINT('Ctrl Pts',(15.2333333333333,-5.75,3.46666666666666));
#1752=CARTESIAN_POINT('Ctrl Pts',(15.2333333333333,-5.3,3.46666666666666));
#1753=CARTESIAN_POINT('Ctrl Pts',(15.2166666666667,-6.65,3.48333333333333));
#1754=CARTESIAN_POINT('Ctrl Pts',(15.2166666666667,-6.2,3.48333333333333));
#1755=CARTESIAN_POINT('Ctrl Pts',(15.2166666666667,-5.75,3.48333333333333));
#1756=CARTESIAN_POINT('Ctrl Pts',(15.2166666666667,-5.3,3.48333333333333));
#1757=CARTESIAN_POINT('Ctrl Pts',(15.2,-6.65,3.5));
#1758=CARTESIAN_POINT('Ctrl Pts',(15.2,-6.2,3.5));
#1759=CARTESIAN_POINT('Ctrl Pts',(15.2,-5.75,3.5));
#1760=CARTESIAN_POINT('Ctrl Pts',(15.2,-5.3,3.5));
#1761=CARTESIAN_POINT('Ctrl Pts',(15.25,-6.65,3.45));
#1762=CARTESIAN_POINT('Ctrl Pts',(15.25,-6.425,3.45));
#1763=CARTESIAN_POINT('Ctrl Pts',(15.25,-6.2,3.45));
#1764=CARTESIAN_POINT('Ctrl Pts',(15.25,-5.75,3.45));
#1765=CARTESIAN_POINT('Ctrl Pts',(15.25,-5.525,3.45));
#1766=CARTESIAN_POINT('Ctrl Pts',(15.25,-5.3,3.45));
#1767=CARTESIAN_POINT('Ctrl Pts',(15.2,-6.65,3.5));
#1768=CARTESIAN_POINT('Ctrl Pts',(15.2,-6.2,3.5));
#1769=CARTESIAN_POINT('Ctrl Pts',(15.2,-5.75,3.5));
#1770=CARTESIAN_POINT('Ctrl Pts',(15.2,-5.3,3.5));
#1771=CARTESIAN_POINT('Ctrl Pts',(15.25,5.3,3.45));
#1772=CARTESIAN_POINT('Ctrl Pts',(15.25,5.75,3.45));
#1773=CARTESIAN_POINT('Ctrl Pts',(15.25,6.2,3.45));
#1774=CARTESIAN_POINT('Ctrl Pts',(15.25,6.65,3.45));
#1775=CARTESIAN_POINT('Ctrl Pts',(15.2333333333333,5.3,3.46666666666666));
#1776=CARTESIAN_POINT('Ctrl Pts',(15.2333333333333,5.75,3.46666666666666));
#1777=CARTESIAN_POINT('Ctrl Pts',(15.2333333333333,6.2,3.46666666666666));
#1778=CARTESIAN_POINT('Ctrl Pts',(15.2333333333333,6.65,3.46666666666666));
#1779=CARTESIAN_POINT('Ctrl Pts',(15.2166666666667,5.3,3.48333333333333));
#1780=CARTESIAN_POINT('Ctrl Pts',(15.2166666666667,5.75,3.48333333333333));
#1781=CARTESIAN_POINT('Ctrl Pts',(15.2166666666667,6.2,3.48333333333333));
#1782=CARTESIAN_POINT('Ctrl Pts',(15.2166666666667,6.65,3.48333333333333));
#1783=CARTESIAN_POINT('Ctrl Pts',(15.2,5.3,3.5));
#1784=CARTESIAN_POINT('Ctrl Pts',(15.2,5.75,3.5));
#1785=CARTESIAN_POINT('Ctrl Pts',(15.2,6.2,3.5));
#1786=CARTESIAN_POINT('Ctrl Pts',(15.2,6.65,3.5));
#1787=CARTESIAN_POINT('',(15.25,6.65,3.45));
#1788=CARTESIAN_POINT('Ctrl Pts',(15.25,5.3,3.45));
#1789=CARTESIAN_POINT('Ctrl Pts',(15.25,5.5475,3.45));
#1790=CARTESIAN_POINT('Ctrl Pts',(15.25,5.795,3.45));
#1791=CARTESIAN_POINT('Ctrl Pts',(15.25,6.245,3.45));
#1792=CARTESIAN_POINT('Ctrl Pts',(15.25,6.4475,3.45));
#1793=CARTESIAN_POINT('Ctrl Pts',(15.25,6.65,3.45));
#1794=CARTESIAN_POINT('',(15.2,6.65,3.5));
#1795=CARTESIAN_POINT('Ctrl Pts',(15.2,5.3,3.5));
#1796=CARTESIAN_POINT('Ctrl Pts',(15.2,5.75,3.5));
#1797=CARTESIAN_POINT('Ctrl Pts',(15.2,6.2,3.5));
#1798=CARTESIAN_POINT('Ctrl Pts',(15.2,6.65,3.5));
#1799=CARTESIAN_POINT('',(15.2,6.65,3.5));
#1800=CARTESIAN_POINT('Origin',(14.4,6.65,3.25));
#1801=CARTESIAN_POINT('',(15.25,7.5,3.09791847198287));
#1802=CARTESIAN_POINT('',(15.25,7.38453478043538,3.17659386521647));
#1803=CARTESIAN_POINT('Ctrl Pts',(15.25,7.38453478043539,3.17659386521647));
#1804=CARTESIAN_POINT('Ctrl Pts',(15.25,7.44031419310997,3.14012271077539));
#1805=CARTESIAN_POINT('Ctrl Pts',(15.25,7.5,3.09791847198287));
#1806=CARTESIAN_POINT('',(15.0053020176279,7.17307692307692,3.5));
#1807=CARTESIAN_POINT('',(15.3836157786453,7.5,3.));
#1808=CARTESIAN_POINT('',(14.4,7.45,3.5));
#1809=CARTESIAN_POINT('Origin',(14.4,6.65,3.5));
#1810=CARTESIAN_POINT('',(14.4,7.95,3.));
#1811=CARTESIAN_POINT('',(14.4,7.45,3.5));
#1812=CARTESIAN_POINT('',(15.3836157786453,7.5,3.));
#1813=CARTESIAN_POINT('Origin',(14.4,6.65,3.));
#1814=CARTESIAN_POINT('Ctrl Pts',(15.25,7.5,3.09791847198288));
#1815=CARTESIAN_POINT('Ctrl Pts',(15.3141933756205,7.5,3.05252690077436));
#1816=CARTESIAN_POINT('Ctrl Pts',(15.3836157786453,7.5,3.00000000000001));
#1817=CARTESIAN_POINT('Origin',(0.,7.7,3.25));
#1818=CARTESIAN_POINT('',(-14.4,7.45,3.5));
#1819=CARTESIAN_POINT('',(-14.4,7.95,3.));
#1820=CARTESIAN_POINT('',(-14.4,7.45,3.5));
#1821=CARTESIAN_POINT('',(0.,7.95,3.));
#1822=CARTESIAN_POINT('',(0.,7.45,3.5));
#1823=CARTESIAN_POINT('Origin',(-14.4,6.65,3.25));
#1824=CARTESIAN_POINT('',(-15.3836157786453,7.5,3.));
#1825=CARTESIAN_POINT('',(-15.25,7.5,3.09791847198286));
#1826=CARTESIAN_POINT('Ctrl Pts',(-15.3836157786453,7.5,3.));
#1827=CARTESIAN_POINT('Ctrl Pts',(-15.3141933756205,7.5,3.05252690077435));
#1828=CARTESIAN_POINT('Ctrl Pts',(-15.25,7.5,3.09791847198287));
#1829=CARTESIAN_POINT('Origin',(-14.4,6.65,3.));
#1830=CARTESIAN_POINT('',(-15.0053020176279,7.17307692307692,3.5));
#1831=CARTESIAN_POINT('Origin',(-14.4,6.65,3.5));
#1832=CARTESIAN_POINT('',(-15.25,7.38453478043538,3.17659386521647));
#1833=CARTESIAN_POINT('',(-15.0053020176279,7.17307692307692,3.5));
#1834=CARTESIAN_POINT('Ctrl Pts',(-15.25,7.5,3.09791847198287));
#1835=CARTESIAN_POINT('Ctrl Pts',(-15.25,7.44031419310997,3.1401227107754));
#1836=CARTESIAN_POINT('Ctrl Pts',(-15.25,7.38453478043538,3.17659386521647));
#1837=CARTESIAN_POINT('Ctrl Pts',(15.5234061347835,6.65,3.17659386521647));
#1838=CARTESIAN_POINT('Ctrl Pts',(15.5234061347835,6.91686760930327,3.17659386521647));
#1839=CARTESIAN_POINT('Ctrl Pts',(15.4244903599291,7.18261540249688,3.17659386521647));
#1840=CARTESIAN_POINT('Ctrl Pts',(15.25,7.38453478043538,3.17659386521647));
#1841=CARTESIAN_POINT('Ctrl Pts',(15.4156040898557,6.65,3.28439591014431));
#1842=CARTESIAN_POINT('Ctrl Pts',(15.4156040898557,6.89125899535936,3.28439591014431));
#1843=CARTESIAN_POINT('Ctrl Pts',(15.3261802720725,7.1315056321552,3.28439591014431));
#1844=CARTESIAN_POINT('Ctrl Pts',(15.168434005876,7.31404882798256,3.28439591014431));
#1845=CARTESIAN_POINT('Ctrl Pts',(15.3078020449278,6.65,3.39219795507216));
#1846=CARTESIAN_POINT('Ctrl Pts',(15.3078020449278,6.86565038141544,3.39219795507216));
#1847=CARTESIAN_POINT('Ctrl Pts',(15.2278701842159,7.08039586181351,3.39219795507216));
#1848=CARTESIAN_POINT('Ctrl Pts',(15.0868680117519,7.24356287552974,3.39219795507216));
#1849=CARTESIAN_POINT('Ctrl Pts',(15.2,6.65,3.5));
#1850=CARTESIAN_POINT('Ctrl Pts',(15.2,6.84004176747153,3.5));
#1851=CARTESIAN_POINT('Ctrl Pts',(15.1295600963593,7.02928609147182,3.5));
#1852=CARTESIAN_POINT('Ctrl Pts',(15.0053020176279,7.17307692307692,3.5));
#1853=CARTESIAN_POINT('Ctrl Pts',(15.25,6.65,3.45));
#1854=CARTESIAN_POINT('Ctrl Pts',(15.25,6.74660348600438,3.45));
#1855=CARTESIAN_POINT('Ctrl Pts',(15.25,6.83970248110954,3.43346677993963));
#1856=CARTESIAN_POINT('Ctrl Pts',(15.25,7.00633705240416,3.38106553419674));
#1857=CARTESIAN_POINT('Ctrl Pts',(15.250000000008,7.07918730959808,3.34969161731856));
#1858=CARTESIAN_POINT('Ctrl Pts',(15.250000000008,7.22957521869362,3.27356540126455));
#1859=CARTESIAN_POINT('Ctrl Pts',(15.25,7.3091134379219,3.22590781993683));
#1860=CARTESIAN_POINT('Ctrl Pts',(15.25,7.38453478043538,3.17659386521647));
#1861=CARTESIAN_POINT('Ctrl Pts',(15.2,6.65,3.5));
#1862=CARTESIAN_POINT('Ctrl Pts',(15.2,6.84004176747153,3.5));
#1863=CARTESIAN_POINT('Ctrl Pts',(15.1295600963593,7.02928609147182,3.5));
#1864=CARTESIAN_POINT('Ctrl Pts',(15.0053020176279,7.17307692307692,3.5));
#1865=CARTESIAN_POINT('Ctrl Pts',(-15.25,7.38453478043538,3.17659386521647));
#1866=CARTESIAN_POINT('Ctrl Pts',(-15.4244903599291,7.18261540249688,3.17659386521647));
#1867=CARTESIAN_POINT('Ctrl Pts',(-15.5234061347835,6.91686760930327,3.17659386521647));
#1868=CARTESIAN_POINT('Ctrl Pts',(-15.5234061347835,6.65,3.17659386521647));
#1869=CARTESIAN_POINT('Ctrl Pts',(-15.168434005876,7.31404882798256,3.28439591014431));
#1870=CARTESIAN_POINT('Ctrl Pts',(-15.3261802720725,7.13150563215519,3.28439591014431));
#1871=CARTESIAN_POINT('Ctrl Pts',(-15.4156040898557,6.89125899535935,3.28439591014431));
#1872=CARTESIAN_POINT('Ctrl Pts',(-15.4156040898557,6.65,3.28439591014431));
#1873=CARTESIAN_POINT('Ctrl Pts',(-15.0868680117519,7.24356287552974,3.39219795507216));
#1874=CARTESIAN_POINT('Ctrl Pts',(-15.2278701842159,7.08039586181351,3.39219795507216));
#1875=CARTESIAN_POINT('Ctrl Pts',(-15.3078020449278,6.86565038141544,3.39219795507216));
#1876=CARTESIAN_POINT('Ctrl Pts',(-15.3078020449278,6.65,3.39219795507216));
#1877=CARTESIAN_POINT('Ctrl Pts',(-15.0053020176279,7.17307692307692,3.5));
#1878=CARTESIAN_POINT('Ctrl Pts',(-15.1295600963593,7.02928609147182,3.5));
#1879=CARTESIAN_POINT('Ctrl Pts',(-15.2,6.84004176747153,3.5));
#1880=CARTESIAN_POINT('Ctrl Pts',(-15.2,6.65,3.5));
#1881=CARTESIAN_POINT('',(-15.25,6.65,3.44999999999999));
#1882=CARTESIAN_POINT('Ctrl Pts',(-15.25,7.38453478043538,3.17659386521648));
#1883=CARTESIAN_POINT('Ctrl Pts',(-15.25,7.29784569152323,3.23327519258211));
#1884=CARTESIAN_POINT('Ctrl Pts',(-15.25,7.2051811495455,3.2881191080561));
#1885=CARTESIAN_POINT('Ctrl Pts',(-15.25,7.02969921423635,3.37180845356782));
#1886=CARTESIAN_POINT('Ctrl Pts',(-15.25,6.94418759262473,3.40462981177684));
#1887=CARTESIAN_POINT('Ctrl Pts',(-15.25,6.81109983255477,3.43596566528388));
#1888=CARTESIAN_POINT('Ctrl Pts',(-15.25,6.765872409247,3.44335963293282));
#1889=CARTESIAN_POINT('Ctrl Pts',(-15.25,6.69661032667364,3.44904115902508));
#1890=CARTESIAN_POINT('Ctrl Pts',(-15.25,6.67330974033155,3.44999999999999));
#1891=CARTESIAN_POINT('Ctrl Pts',(-15.25,6.65000000000015,3.44999999999999));
#1892=CARTESIAN_POINT('',(-15.2,6.65,3.5));
#1893=CARTESIAN_POINT('Ctrl Pts',(-15.0053020176279,7.17307692307692,3.5));
#1894=CARTESIAN_POINT('Ctrl Pts',(-15.1295600963593,7.02928609147182,3.5));
#1895=CARTESIAN_POINT('Ctrl Pts',(-15.2,6.84004176747153,3.5));
#1896=CARTESIAN_POINT('Ctrl Pts',(-15.2,6.65,3.5));
#1897=CARTESIAN_POINT('',(-15.2,6.65,3.5));
#1898=CARTESIAN_POINT('Origin',(-15.45,0.,3.25));
#1899=CARTESIAN_POINT('',(-15.25,5.3,3.45));
#1900=CARTESIAN_POINT('',(-15.2,5.3,3.5));
#1901=CARTESIAN_POINT('',(-15.7,5.3,3.));
#1902=CARTESIAN_POINT('',(-15.2,-5.3,3.5));
#1903=CARTESIAN_POINT('',(-15.2,0.,3.5));
#1904=CARTESIAN_POINT('',(-15.25,-5.3,3.45));
#1905=CARTESIAN_POINT('',(-15.2,-5.3,3.5));
#1906=CARTESIAN_POINT('',(-15.7,-5.3,3.));
#1907=CARTESIAN_POINT('',(-15.2,-5.3,3.5));
#1908=CARTESIAN_POINT('',(-15.7,5.3,3.));
#1909=CARTESIAN_POINT('',(-15.7,0.,3.));
#1910=CARTESIAN_POINT('',(-15.7,5.3,3.));
#1911=CARTESIAN_POINT('Ctrl Pts',(-15.25,6.65,3.44999999999999));
#1912=CARTESIAN_POINT('Ctrl Pts',(-15.25,6.2,3.44999999999999));
#1913=CARTESIAN_POINT('Ctrl Pts',(-15.25,5.75,3.44999999999999));
#1914=CARTESIAN_POINT('Ctrl Pts',(-15.25,5.3,3.44999999999999));
#1915=CARTESIAN_POINT('Ctrl Pts',(-15.2333333333333,6.65,3.46666666666666));
#1916=CARTESIAN_POINT('Ctrl Pts',(-15.2333333333333,6.2,3.46666666666666));
#1917=CARTESIAN_POINT('Ctrl Pts',(-15.2333333333333,5.75,3.46666666666666));
#1918=CARTESIAN_POINT('Ctrl Pts',(-15.2333333333333,5.3,3.46666666666666));
#1919=CARTESIAN_POINT('Ctrl Pts',(-15.2166666666667,6.65,3.48333333333333));
#1920=CARTESIAN_POINT('Ctrl Pts',(-15.2166666666667,6.2,3.48333333333333));
#1921=CARTESIAN_POINT('Ctrl Pts',(-15.2166666666667,5.75,3.48333333333333));
#1922=CARTESIAN_POINT('Ctrl Pts',(-15.2166666666667,5.3,3.48333333333333));
#1923=CARTESIAN_POINT('Ctrl Pts',(-15.2,6.65,3.5));
#1924=CARTESIAN_POINT('Ctrl Pts',(-15.2,6.2,3.5));
#1925=CARTESIAN_POINT('Ctrl Pts',(-15.2,5.75,3.5));
#1926=CARTESIAN_POINT('Ctrl Pts',(-15.2,5.3,3.5));
#1927=CARTESIAN_POINT('Ctrl Pts',(-15.25,6.65,3.45));
#1928=CARTESIAN_POINT('Ctrl Pts',(-15.25,6.425,3.45));
#1929=CARTESIAN_POINT('Ctrl Pts',(-15.25,6.2,3.45));
#1930=CARTESIAN_POINT('Ctrl Pts',(-15.25,5.75,3.45));
#1931=CARTESIAN_POINT('Ctrl Pts',(-15.25,5.525,3.45));
#1932=CARTESIAN_POINT('Ctrl Pts',(-15.25,5.3,3.45));
#1933=CARTESIAN_POINT('Ctrl Pts',(-15.2,6.65,3.5));
#1934=CARTESIAN_POINT('Ctrl Pts',(-15.2,6.2,3.5));
#1935=CARTESIAN_POINT('Ctrl Pts',(-15.2,5.75,3.5));
#1936=CARTESIAN_POINT('Ctrl Pts',(-15.2,5.3,3.5));
#1937=CARTESIAN_POINT('Ctrl Pts',(-15.25,-5.3,3.45));
#1938=CARTESIAN_POINT('Ctrl Pts',(-15.25,-5.75,3.45));
#1939=CARTESIAN_POINT('Ctrl Pts',(-15.25,-6.2,3.45));
#1940=CARTESIAN_POINT('Ctrl Pts',(-15.25,-6.65,3.45));
#1941=CARTESIAN_POINT('Ctrl Pts',(-15.2333333333333,-5.3,3.46666666666666));
#1942=CARTESIAN_POINT('Ctrl Pts',(-15.2333333333333,-5.75,3.46666666666666));
#1943=CARTESIAN_POINT('Ctrl Pts',(-15.2333333333333,-6.2,3.46666666666666));
#1944=CARTESIAN_POINT('Ctrl Pts',(-15.2333333333333,-6.65,3.46666666666666));
#1945=CARTESIAN_POINT('Ctrl Pts',(-15.2166666666667,-5.3,3.48333333333333));
#1946=CARTESIAN_POINT('Ctrl Pts',(-15.2166666666667,-5.75,3.48333333333333));
#1947=CARTESIAN_POINT('Ctrl Pts',(-15.2166666666667,-6.2,3.48333333333333));
#1948=CARTESIAN_POINT('Ctrl Pts',(-15.2166666666667,-6.65,3.48333333333333));
#1949=CARTESIAN_POINT('Ctrl Pts',(-15.2,-5.3,3.5));
#1950=CARTESIAN_POINT('Ctrl Pts',(-15.2,-5.75,3.5));
#1951=CARTESIAN_POINT('Ctrl Pts',(-15.2,-6.2,3.5));
#1952=CARTESIAN_POINT('Ctrl Pts',(-15.2,-6.65,3.5));
#1953=CARTESIAN_POINT('',(-15.25,-6.65,3.45));
#1954=CARTESIAN_POINT('Ctrl Pts',(-15.25,-5.3,3.45));
#1955=CARTESIAN_POINT('Ctrl Pts',(-15.25,-5.5475,3.45));
#1956=CARTESIAN_POINT('Ctrl Pts',(-15.25,-5.795,3.45));
#1957=CARTESIAN_POINT('Ctrl Pts',(-15.25,-6.245,3.45));
#1958=CARTESIAN_POINT('Ctrl Pts',(-15.25,-6.4475,3.45));
#1959=CARTESIAN_POINT('Ctrl Pts',(-15.25,-6.65,3.45));
#1960=CARTESIAN_POINT('',(-15.2,-6.65,3.5));
#1961=CARTESIAN_POINT('Ctrl Pts',(-15.2,-5.3,3.5));
#1962=CARTESIAN_POINT('Ctrl Pts',(-15.2,-5.75,3.5));
#1963=CARTESIAN_POINT('Ctrl Pts',(-15.2,-6.2,3.5));
#1964=CARTESIAN_POINT('Ctrl Pts',(-15.2,-6.65,3.5));
#1965=CARTESIAN_POINT('',(-15.2,-6.65,3.5));
#1966=CARTESIAN_POINT('Ctrl Pts',(-15.5234061347835,-6.65,3.17659386521647));
#1967=CARTESIAN_POINT('Ctrl Pts',(-15.5234061347835,-6.91686760930327,3.17659386521647));
#1968=CARTESIAN_POINT('Ctrl Pts',(-15.4244903599291,-7.18261540249688,3.17659386521647));
#1969=CARTESIAN_POINT('Ctrl Pts',(-15.25,-7.38453478043538,3.17659386521647));
#1970=CARTESIAN_POINT('Ctrl Pts',(-15.4156040898557,-6.65,3.28439591014431));
#1971=CARTESIAN_POINT('Ctrl Pts',(-15.4156040898557,-6.89125899535936,3.28439591014431));
#1972=CARTESIAN_POINT('Ctrl Pts',(-15.3261802720725,-7.1315056321552,3.28439591014431));
#1973=CARTESIAN_POINT('Ctrl Pts',(-15.168434005876,-7.31404882798256,3.28439591014431));
#1974=CARTESIAN_POINT('Ctrl Pts',(-15.3078020449278,-6.65,3.39219795507216));
#1975=CARTESIAN_POINT('Ctrl Pts',(-15.3078020449278,-6.86565038141544,3.39219795507216));
#1976=CARTESIAN_POINT('Ctrl Pts',(-15.2278701842159,-7.08039586181351,3.39219795507216));
#1977=CARTESIAN_POINT('Ctrl Pts',(-15.0868680117519,-7.24356287552974,3.39219795507216));
#1978=CARTESIAN_POINT('Ctrl Pts',(-15.2,-6.65,3.5));
#1979=CARTESIAN_POINT('Ctrl Pts',(-15.2,-6.84004176747153,3.5));
#1980=CARTESIAN_POINT('Ctrl Pts',(-15.1295600963593,-7.02928609147182,3.5));
#1981=CARTESIAN_POINT('Ctrl Pts',(-15.0053020176279,-7.17307692307692,3.5));
#1982=CARTESIAN_POINT('Ctrl Pts',(-15.25,-6.65,3.45));
#1983=CARTESIAN_POINT('Ctrl Pts',(-15.25,-6.74660348600439,3.45));
#1984=CARTESIAN_POINT('Ctrl Pts',(-15.25,-6.83970248110955,3.43346677993963));
#1985=CARTESIAN_POINT('Ctrl Pts',(-15.25,-7.00633705240416,3.38106553419674));
#1986=CARTESIAN_POINT('Ctrl Pts',(-15.250000000008,-7.07918730959807,3.34969161731856));
#1987=CARTESIAN_POINT('Ctrl Pts',(-15.250000000008,-7.22957521869362,3.27356540126455));
#1988=CARTESIAN_POINT('Ctrl Pts',(-15.25,-7.3091134379219,3.22590781993683));
#1989=CARTESIAN_POINT('Ctrl Pts',(-15.25,-7.38453478043538,3.17659386521647));
#1990=CARTESIAN_POINT('Ctrl Pts',(-15.2,-6.65,3.5));
#1991=CARTESIAN_POINT('Ctrl Pts',(-15.2,-6.84004176747153,3.5));
#1992=CARTESIAN_POINT('Ctrl Pts',(-15.1295600963593,-7.02928609147182,3.5));
#1993=CARTESIAN_POINT('Ctrl Pts',(-15.0053020176279,-7.17307692307692,3.5));
#1994=CARTESIAN_POINT('Origin',(14.4,-6.65,2.1));
#1995=CARTESIAN_POINT('',(14.4,-7.45,3.8));
#1996=CARTESIAN_POINT('',(14.4,-7.45,2.1));
#1997=CARTESIAN_POINT('',(15.2,-6.65,3.8));
#1998=CARTESIAN_POINT('Origin',(14.4,-6.65,3.8));
#1999=CARTESIAN_POINT('',(15.2,-6.65,2.1));
#2000=CARTESIAN_POINT('Origin',(0.,-7.45,2.1));
#2001=CARTESIAN_POINT('',(-14.4,-7.45,3.8));
#2002=CARTESIAN_POINT('',(-14.4,-7.45,2.1));
#2003=CARTESIAN_POINT('',(0.,-7.45,3.8));
#2004=CARTESIAN_POINT('Origin',(-14.4,-6.65,2.1));
#2005=CARTESIAN_POINT('',(-15.2,-6.65,3.8));
#2006=CARTESIAN_POINT('',(-15.2,-6.65,2.1));
#2007=CARTESIAN_POINT('Origin',(-14.4,-6.65,3.8));
#2008=CARTESIAN_POINT('Origin',(-15.2,0.,2.1));
#2009=CARTESIAN_POINT('',(-15.2,6.65,3.8));
#2010=CARTESIAN_POINT('',(-15.2,6.65,2.1));
#2011=CARTESIAN_POINT('',(-15.2,0.,3.8));
#2012=CARTESIAN_POINT('Origin',(18.,8.15,3.8));
#2013=CARTESIAN_POINT('',(19.6,8.15,4.2));
#2014=CARTESIAN_POINT('',(20.,8.15,3.8));
#2015=CARTESIAN_POINT('Origin',(19.6,8.15,3.8));
#2016=CARTESIAN_POINT('',(18.,10.15,3.8));
#2017=CARTESIAN_POINT('Origin',(18.,8.15,3.8));
#2018=CARTESIAN_POINT('',(18.,9.75,4.2));
#2019=CARTESIAN_POINT('Origin',(18.,9.75,3.8));
#2020=CARTESIAN_POINT('Origin',(18.,8.15,4.2));
#2021=CARTESIAN_POINT('Origin',(0.,9.75,3.8));
#2022=CARTESIAN_POINT('',(-18.,10.15,3.8));
#2023=CARTESIAN_POINT('',(-18.,9.75,4.2));
#2024=CARTESIAN_POINT('Origin',(-18.,9.75,3.8));
#2025=CARTESIAN_POINT('',(0.,9.75,4.2));
#2026=CARTESIAN_POINT('',(0.,10.15,3.8));
#2027=CARTESIAN_POINT('Origin',(-18.,8.15,3.8));
#2028=CARTESIAN_POINT('',(-20.,8.15,3.8));
#2029=CARTESIAN_POINT('',(-19.6,8.15,4.2));
#2030=CARTESIAN_POINT('Origin',(-19.6,8.15,3.8));
#2031=CARTESIAN_POINT('Origin',(-18.,8.15,4.2));
#2032=CARTESIAN_POINT('Origin',(-18.,8.15,3.8));
#2033=CARTESIAN_POINT('Origin',(-19.6,0.,3.8));
#2034=CARTESIAN_POINT('',(-20.,-8.15,3.8));
#2035=CARTESIAN_POINT('',(-19.6,-8.15,4.2));
#2036=CARTESIAN_POINT('Origin',(-19.6,-8.15,3.8));
#2037=CARTESIAN_POINT('',(-19.6,0.,4.2));
#2038=CARTESIAN_POINT('',(-20.,0.,3.8));
#2039=CARTESIAN_POINT('Origin',(-18.,-8.15,3.8));
#2040=CARTESIAN_POINT('',(-18.,-10.15,3.8));
#2041=CARTESIAN_POINT('',(-18.,-9.75,4.2));
#2042=CARTESIAN_POINT('Origin',(-18.,-9.75,3.8));
#2043=CARTESIAN_POINT('Origin',(-18.,-8.15,4.2));
#2044=CARTESIAN_POINT('Origin',(-18.,-8.15,3.8));
#2045=CARTESIAN_POINT('Origin',(0.,-9.75,3.8));
#2046=CARTESIAN_POINT('',(18.,-10.15,3.8));
#2047=CARTESIAN_POINT('',(18.,-9.75,4.2));
#2048=CARTESIAN_POINT('Origin',(18.,-9.75,3.8));
#2049=CARTESIAN_POINT('',(0.,-9.75,4.2));
#2050=CARTESIAN_POINT('',(0.,-10.15,3.8));
#2051=CARTESIAN_POINT('Origin',(18.,-8.15,3.8));
#2052=CARTESIAN_POINT('',(20.,-8.15,3.8));
#2053=CARTESIAN_POINT('',(19.6,-8.15,4.2));
#2054=CARTESIAN_POINT('Origin',(19.6,-8.15,3.8));
#2055=CARTESIAN_POINT('Origin',(18.,-8.15,4.2));
#2056=CARTESIAN_POINT('Origin',(18.,-8.15,3.8));
#2057=CARTESIAN_POINT('Origin',(19.6,0.,3.8));
#2058=CARTESIAN_POINT('',(19.6,0.,4.2));
#2059=CARTESIAN_POINT('',(20.,0.,3.8));
#2060=CARTESIAN_POINT('Origin',(-20.,0.,3.6));
#2061=CARTESIAN_POINT('',(-20.,8.15,3.));
#2062=CARTESIAN_POINT('',(-20.,8.15,3.6));
#2063=CARTESIAN_POINT('',(-20.,-8.15,3.));
#2064=CARTESIAN_POINT('',(-20.,0.,3.));
#2065=CARTESIAN_POINT('',(-20.,-8.15,3.6));
#2066=CARTESIAN_POINT('Origin',(-18.,8.15,3.6));
#2067=CARTESIAN_POINT('',(-18.,10.15,3.));
#2068=CARTESIAN_POINT('',(-18.,10.15,3.6));
#2069=CARTESIAN_POINT('Origin',(-18.,8.15,3.));
#2070=CARTESIAN_POINT('Origin',(0.,10.15,3.6));
#2071=CARTESIAN_POINT('',(18.,10.15,3.));
#2072=CARTESIAN_POINT('',(18.,10.15,3.6));
#2073=CARTESIAN_POINT('',(0.,10.15,3.));
#2074=CARTESIAN_POINT('Origin',(18.,8.15,3.6));
#2075=CARTESIAN_POINT('',(20.,8.15,3.));
#2076=CARTESIAN_POINT('',(20.,8.15,3.6));
#2077=CARTESIAN_POINT('Origin',(18.,8.15,3.));
#2078=CARTESIAN_POINT('Origin',(0.,0.,4.2));
#2079=CARTESIAN_POINT('',(15.6,6.65,4.2));
#2080=CARTESIAN_POINT('',(14.4,7.85,4.2));
#2081=CARTESIAN_POINT('Origin',(14.4,6.65,4.2));
#2082=CARTESIAN_POINT('',(15.6,-6.65,4.2));
#2083=CARTESIAN_POINT('',(15.6,0.,4.2));
#2084=CARTESIAN_POINT('',(14.4,-7.85,4.2));
#2085=CARTESIAN_POINT('Origin',(14.4,-6.65,4.2));
#2086=CARTESIAN_POINT('',(-14.4,-7.85,4.2));
#2087=CARTESIAN_POINT('',(0.,-7.85,4.2));
#2088=CARTESIAN_POINT('',(-15.6,-6.65,4.2));
#2089=CARTESIAN_POINT('Origin',(-14.4,-6.65,4.2));
#2090=CARTESIAN_POINT('',(-15.6,6.65,4.2));
#2091=CARTESIAN_POINT('',(-15.6,0.,4.2));
#2092=CARTESIAN_POINT('',(-14.4,7.85,4.2));
#2093=CARTESIAN_POINT('Origin',(-14.4,6.65,4.2));
#2094=CARTESIAN_POINT('',(0.,7.85,4.2));
#2095=CARTESIAN_POINT('Origin',(14.4,6.65,3.8));
#2096=CARTESIAN_POINT('',(14.4,7.45,3.8));
#2097=CARTESIAN_POINT('Origin',(14.4,7.85,3.8));
#2098=CARTESIAN_POINT('',(15.2,6.65,3.8));
#2099=CARTESIAN_POINT('Origin',(14.4,6.65,3.8));
#2100=CARTESIAN_POINT('Origin',(15.6,6.65,3.8));
#2101=CARTESIAN_POINT('Origin',(15.6,0.,3.8));
#2102=CARTESIAN_POINT('Origin',(15.6,-6.65,3.8));
#2103=CARTESIAN_POINT('',(15.2,0.,3.8));
#2104=CARTESIAN_POINT('Origin',(14.4,-6.65,3.8));
#2105=CARTESIAN_POINT('Origin',(14.4,-7.85,3.8));
#2106=CARTESIAN_POINT('Origin',(0.,-7.85,3.8));
#2107=CARTESIAN_POINT('Origin',(-14.4,-7.85,3.8));
#2108=CARTESIAN_POINT('Origin',(-14.4,-6.65,3.8));
#2109=CARTESIAN_POINT('Origin',(-15.6,-6.65,3.8));
#2110=CARTESIAN_POINT('Origin',(-15.6,0.,3.8));
#2111=CARTESIAN_POINT('Origin',(-15.6,6.65,3.8));
#2112=CARTESIAN_POINT('Origin',(-14.4,6.65,3.8));
#2113=CARTESIAN_POINT('',(-14.4,7.45,3.8));
#2114=CARTESIAN_POINT('Origin',(-14.4,7.85,3.8));
#2115=CARTESIAN_POINT('Origin',(-14.4,6.65,3.8));
#2116=CARTESIAN_POINT('Origin',(0.,7.85,3.8));
#2117=CARTESIAN_POINT('',(0.,7.45,3.8));
#2118=CARTESIAN_POINT('Origin',(15.2,0.,2.1));
#2119=CARTESIAN_POINT('',(15.2,6.65,2.1));
#2120=CARTESIAN_POINT('Origin',(14.4,6.65,2.1));
#2121=CARTESIAN_POINT('',(14.4,7.45,2.1));
#2122=CARTESIAN_POINT('Origin',(16.35,6.4,0.2));
#2123=CARTESIAN_POINT('',(17.45,7.5,0.2));
#2124=CARTESIAN_POINT('',(17.45,5.3,0.2));
#2125=CARTESIAN_POINT('',(17.45,6.4,0.2));
#2126=CARTESIAN_POINT('',(15.25,5.3,0.2));
#2127=CARTESIAN_POINT('',(16.35,5.3,0.2));
#2128=CARTESIAN_POINT('',(15.25,7.5,0.2));
#2129=CARTESIAN_POINT('',(15.25,6.4,0.2));
#2130=CARTESIAN_POINT('',(16.35,7.5,0.2));
#2131=CARTESIAN_POINT('Origin',(16.35,5.3,1.6));
#2132=CARTESIAN_POINT('',(15.25,5.3,1.6));
#2133=CARTESIAN_POINT('',(17.45,5.3,3.));
#2134=CARTESIAN_POINT('',(17.45,5.3,1.6));
#2135=CARTESIAN_POINT('',(8.175,5.3,3.));
#2136=CARTESIAN_POINT('Origin',(15.25,6.4,1.6));
#2137=CARTESIAN_POINT('',(15.25,7.5,1.6));
#2138=CARTESIAN_POINT('Origin',(16.35,7.5,1.6));
#2139=CARTESIAN_POINT('',(17.45,7.5,3.));
#2140=CARTESIAN_POINT('',(17.45,7.5,1.6));
#2141=CARTESIAN_POINT('',(8.175,7.5,3.));
#2142=CARTESIAN_POINT('Origin',(17.45,6.4,1.6));
#2143=CARTESIAN_POINT('',(17.45,3.2,3.));
#2144=CARTESIAN_POINT('Origin',(16.35,-6.4,0.2));
#2145=CARTESIAN_POINT('',(17.45,-5.3,0.2));
#2146=CARTESIAN_POINT('',(17.45,-7.5,0.2));
#2147=CARTESIAN_POINT('',(17.45,-6.4,0.2));
#2148=CARTESIAN_POINT('',(15.25,-7.5,0.2));
#2149=CARTESIAN_POINT('',(16.35,-7.5,0.2));
#2150=CARTESIAN_POINT('',(15.25,-5.3,0.2));
#2151=CARTESIAN_POINT('',(15.25,-6.4,0.2));
#2152=CARTESIAN_POINT('',(16.35,-5.3,0.2));
#2153=CARTESIAN_POINT('Origin',(16.35,-7.5,1.6));
#2154=CARTESIAN_POINT('',(15.25,-7.5,1.6));
#2155=CARTESIAN_POINT('',(17.45,-7.5,3.));
#2156=CARTESIAN_POINT('',(17.45,-7.5,1.6));
#2157=CARTESIAN_POINT('',(8.175,-7.5,3.));
#2158=CARTESIAN_POINT('Origin',(15.25,-6.4,1.6));
#2159=CARTESIAN_POINT('',(15.25,-5.3,1.6));
#2160=CARTESIAN_POINT('Origin',(16.35,-5.3,1.6));
#2161=CARTESIAN_POINT('',(17.45,-5.3,3.));
#2162=CARTESIAN_POINT('',(17.45,-5.3,1.6));
#2163=CARTESIAN_POINT('',(8.175,-5.3,3.));
#2164=CARTESIAN_POINT('Origin',(17.45,-6.4,1.6));
#2165=CARTESIAN_POINT('',(17.45,-3.2,3.));
#2166=CARTESIAN_POINT('Origin',(-16.35,6.4,0.2));
#2167=CARTESIAN_POINT('',(-15.25,7.5,0.2));
#2168=CARTESIAN_POINT('',(-15.25,5.3,0.2));
#2169=CARTESIAN_POINT('',(-15.25,6.4,0.2));
#2170=CARTESIAN_POINT('',(-17.45,5.3,0.2));
#2171=CARTESIAN_POINT('',(-16.35,5.3,0.2));
#2172=CARTESIAN_POINT('',(-17.45,7.5,0.2));
#2173=CARTESIAN_POINT('',(-17.45,6.4,0.2));
#2174=CARTESIAN_POINT('',(-16.35,7.5,0.2));
#2175=CARTESIAN_POINT('Origin',(-16.35,5.3,1.6));
#2176=CARTESIAN_POINT('',(-17.45,5.3,3.));
#2177=CARTESIAN_POINT('',(-17.45,5.3,1.6));
#2178=CARTESIAN_POINT('',(-15.25,5.3,1.6));
#2179=CARTESIAN_POINT('',(-8.175,5.3,3.));
#2180=CARTESIAN_POINT('Origin',(-17.45,6.4,1.6));
#2181=CARTESIAN_POINT('',(-17.45,7.5,3.));
#2182=CARTESIAN_POINT('',(-17.45,7.5,1.6));
#2183=CARTESIAN_POINT('',(-17.45,3.2,3.));
#2184=CARTESIAN_POINT('Origin',(-16.35,7.5,1.6));
#2185=CARTESIAN_POINT('',(-15.25,7.5,1.6));
#2186=CARTESIAN_POINT('',(-8.175,7.5,3.));
#2187=CARTESIAN_POINT('Origin',(-15.25,6.4,1.6));
#2188=CARTESIAN_POINT('Origin',(-16.35,-6.4,0.2));
#2189=CARTESIAN_POINT('',(-15.25,-5.3,0.2));
#2190=CARTESIAN_POINT('',(-15.25,-7.5,0.2));
#2191=CARTESIAN_POINT('',(-15.25,-6.4,0.2));
#2192=CARTESIAN_POINT('',(-17.45,-7.5,0.2));
#2193=CARTESIAN_POINT('',(-16.35,-7.5,0.2));
#2194=CARTESIAN_POINT('',(-17.45,-5.3,0.2));
#2195=CARTESIAN_POINT('',(-17.45,-6.4,0.2));
#2196=CARTESIAN_POINT('',(-16.35,-5.3,0.2));
#2197=CARTESIAN_POINT('Origin',(-16.35,-7.5,1.6));
#2198=CARTESIAN_POINT('',(-17.45,-7.5,3.));
#2199=CARTESIAN_POINT('',(-17.45,-7.5,1.6));
#2200=CARTESIAN_POINT('',(-15.25,-7.5,1.6));
#2201=CARTESIAN_POINT('',(-8.175,-7.5,3.));
#2202=CARTESIAN_POINT('Origin',(-17.45,-6.4,1.6));
#2203=CARTESIAN_POINT('',(-17.45,-5.3,3.));
#2204=CARTESIAN_POINT('',(-17.45,-5.3,1.6));
#2205=CARTESIAN_POINT('',(-17.45,-3.2,3.));
#2206=CARTESIAN_POINT('Origin',(-16.35,-5.3,1.6));
#2207=CARTESIAN_POINT('',(-15.25,-5.3,1.6));
#2208=CARTESIAN_POINT('',(-8.175,-5.3,3.));
#2209=CARTESIAN_POINT('Origin',(-15.25,-6.4,1.6));
#2210=CARTESIAN_POINT('Origin',(-14.4,6.65,2.1));
#2211=CARTESIAN_POINT('',(-14.4,7.45,2.1));
#2212=CARTESIAN_POINT('Origin',(0.,7.45,2.1));
#2213=CARTESIAN_POINT('Origin',(18.,-8.15,3.6));
#2214=CARTESIAN_POINT('',(18.,-10.15,3.));
#2215=CARTESIAN_POINT('',(18.,-10.15,3.6));
#2216=CARTESIAN_POINT('',(20.,-8.15,3.));
#2217=CARTESIAN_POINT('Origin',(18.,-8.15,3.));
#2218=CARTESIAN_POINT('',(20.,-8.15,3.6));
#2219=CARTESIAN_POINT('Origin',(0.,0.,3.));
#2220=CARTESIAN_POINT('',(20.,0.,3.));
#2221=CARTESIAN_POINT('',(-18.,-10.15,3.));
#2222=CARTESIAN_POINT('',(0.,-10.15,3.));
#2223=CARTESIAN_POINT('Origin',(-18.,-8.15,3.));
#2224=CARTESIAN_POINT('Origin',(-18.,-8.15,3.6));
#2225=CARTESIAN_POINT('',(-18.,-10.15,3.6));
#2226=CARTESIAN_POINT('Origin',(20.,0.,3.6));
#2227=CARTESIAN_POINT('Origin',(0.,-10.15,3.6));
#2228=UNCERTAINTY_MEASURE_WITH_UNIT(LENGTH_MEASURE(0.01),#2232,
'DISTANCE_ACCURACY_VALUE',
'Maximum model space distance between geometric entities at asserted c
onnectivities');
#2229=UNCERTAINTY_MEASURE_WITH_UNIT(LENGTH_MEASURE(0.01),#2232,
'DISTANCE_ACCURACY_VALUE',
'Maximum model space distance between geometric entities at asserted c
onnectivities');
#2230=(
GEOMETRIC_REPRESENTATION_CONTEXT(3)
GLOBAL_UNCERTAINTY_ASSIGNED_CONTEXT((#2228))
GLOBAL_UNIT_ASSIGNED_CONTEXT((#2232,#2234,#2235))
REPRESENTATION_CONTEXT('','3D')
);
#2231=(
GEOMETRIC_REPRESENTATION_CONTEXT(3)
GLOBAL_UNCERTAINTY_ASSIGNED_CONTEXT((#2229))
GLOBAL_UNIT_ASSIGNED_CONTEXT((#2232,#2234,#2235))
REPRESENTATION_CONTEXT('','3D')
);
#2232=(
LENGTH_UNIT()
NAMED_UNIT(*)
SI_UNIT(.MILLI.,.METRE.)
);
#2233=(
LENGTH_UNIT()
NAMED_UNIT(*)
SI_UNIT($,.METRE.)
);
#2234=(
NAMED_UNIT(*)
PLANE_ANGLE_UNIT()
SI_UNIT($,.RADIAN.)
);
#2235=(
NAMED_UNIT(*)
SI_UNIT($,.STERADIAN.)
SOLID_ANGLE_UNIT()
);
#2236=SHAPE_DEFINITION_REPRESENTATION(#2237,#2238);
#2237=PRODUCT_DEFINITION_SHAPE('',$,#2240);
#2238=SHAPE_REPRESENTATION('',(#1232),#2230);
#2239=PRODUCT_DEFINITION_CONTEXT('part definition',#2244,'design');
#2240=PRODUCT_DEFINITION('Front_Bezel','Front_Bezel',#2241,#2239);
#2241=PRODUCT_DEFINITION_FORMATION('',$,#2246);
#2242=PRODUCT_RELATED_PRODUCT_CATEGORY('Front_Bezel','Front_Bezel',(#2246));
#2243=APPLICATION_PROTOCOL_DEFINITION('international standard',
'automotive_design',2009,#2244);
#2244=APPLICATION_CONTEXT(
'Core Data for Automotive Mechanical Design Process');
#2245=PRODUCT_CONTEXT('part definition',#2244,'mechanical');
#2246=PRODUCT('Front_Bezel','Front_Bezel',$,(#2245));
#2247=PRESENTATION_STYLE_ASSIGNMENT((#2249));
#2248=PRESENTATION_STYLE_ASSIGNMENT((#2250));
#2249=SURFACE_STYLE_USAGE(.BOTH.,#2251);
#2250=SURFACE_STYLE_USAGE(.BOTH.,#2252);
#2251=SURFACE_SIDE_STYLE('',(#2253));
#2252=SURFACE_SIDE_STYLE('',(#2254));
#2253=SURFACE_STYLE_FILL_AREA(#2255);
#2254=SURFACE_STYLE_FILL_AREA(#2256);
#2255=FILL_AREA_STYLE('Steel - Satin',(#2257));
#2256=FILL_AREA_STYLE('Plastic - Matte (Black)',(#2258));
#2257=FILL_AREA_STYLE_COLOUR('Steel - Satin',#2259);
#2258=FILL_AREA_STYLE_COLOUR('Plastic - Matte (Black)',#2260);
#2259=COLOUR_RGB('Steel - Satin',0.627450980392157,0.627450980392157,0.627450980392157);
#2260=COLOUR_RGB('Plastic - Matte (Black)',0.0980392156862745,0.0980392156862745,
0.0980392156862745);
ENDSEC;
END-ISO-10303-21;
