ISO-10303-21;
HEADER;
/* Generated by software containing ST-Developer
 * from STEP Tools, Inc. (www.steptools.com) 
 */

FILE_DESCRIPTION(
/* description */ (''),
/* implementation_level */ '2;1');

FILE_NAME(
/* name */ 'Rear_Display_Carrier.step',
/* time_stamp */ '2026-08-28T09:04:55+01:00',
/* author */ (''),
/* organization */ (''),
/* preprocessor_version */ 'ST-DEVELOPER v20.1',
/* originating_system */ 'Autodesk Translation Framework v15.8.0.0',
/* authorisation */ '');

FILE_SCHEMA (('AUTOMOTIVE_DESIGN { 1 0 10303 214 3 1 1 }'));
ENDSEC;

DATA;
#10=MECHANICAL_DESIGN_GEOMETRIC_PRESENTATION_REPRESENTATION('',(#13),#4231);
#11=SHAPE_REPRESENTATION_RELATIONSHIP('SRR','None',#4238,#12);
#12=ADVANCED_BREP_SHAPE_REPRESENTATION('',(#14),#4230);
#13=STYLED_ITEM('',(#4248),#14);
#14=MANIFOLD_SOLID_BREP('Rear_Display_Carrier',#2531);
#15=FACE_BOUND('',#373,.T.);
#16=FACE_BOUND('',#376,.T.);
#17=FACE_BOUND('',#380,.T.);
#18=FACE_BOUND('',#383,.T.);
#19=FACE_BOUND('',#387,.T.);
#20=FACE_BOUND('',#390,.T.);
#21=FACE_BOUND('',#400,.T.);
#22=FACE_BOUND('',#401,.T.);
#23=FACE_BOUND('',#405,.T.);
#24=FACE_BOUND('',#406,.T.);
#25=FACE_BOUND('',#407,.T.);
#26=FACE_BOUND('',#417,.T.);
#27=FACE_BOUND('',#420,.T.);
#28=FACE_BOUND('',#424,.T.);
#29=FACE_BOUND('',#425,.T.);
#30=FACE_BOUND('',#426,.T.);
#31=FACE_BOUND('',#427,.T.);
#32=CONICAL_SURFACE('',#2593,1.5375,0.502843210927861);
#33=CONICAL_SURFACE('',#2595,1.5375,0.502843210927861);
#34=CONICAL_SURFACE('',#2599,1.4375,0.376909270324821);
#35=CONICAL_SURFACE('',#2600,1.4375,0.376909270324821);
#36=CONICAL_SURFACE('',#2621,1.5375,0.502843210927861);
#37=CONICAL_SURFACE('',#2623,1.5375,0.502843210927861);
#38=CONICAL_SURFACE('',#2627,1.4375,0.376909270324821);
#39=CONICAL_SURFACE('',#2628,1.4375,0.376909270324821);
#40=CONICAL_SURFACE('',#2631,1.2,0.643501108793284);
#41=CONICAL_SURFACE('',#2640,1.2,0.643501108793284);
#42=CYLINDRICAL_SURFACE('',#2580,2.2);
#43=CYLINDRICAL_SURFACE('',#2589,1.4);
#44=CYLINDRICAL_SURFACE('',#2591,1.4);
#45=CYLINDRICAL_SURFACE('',#2608,2.2);
#46=CYLINDRICAL_SURFACE('',#2617,1.4);
#47=CYLINDRICAL_SURFACE('',#2619,1.4);
#48=CYLINDRICAL_SURFACE('',#2635,1.35);
#49=CYLINDRICAL_SURFACE('',#2644,1.35);
#50=CYLINDRICAL_SURFACE('',#2649,2.4);
#51=CYLINDRICAL_SURFACE('',#2653,2.4);
#52=CYLINDRICAL_SURFACE('',#2657,1.1);
#53=CYLINDRICAL_SURFACE('',#2660,1.6);
#54=CYLINDRICAL_SURFACE('',#2664,2.);
#55=CYLINDRICAL_SURFACE('',#2668,1.1);
#56=CYLINDRICAL_SURFACE('',#2671,1.6);
#57=CYLINDRICAL_SURFACE('',#2675,2.);
#58=CYLINDRICAL_SURFACE('',#2723,2.5);
#59=CYLINDRICAL_SURFACE('',#2731,2.5);
#60=CYLINDRICAL_SURFACE('',#2733,3.);
#61=CYLINDRICAL_SURFACE('',#2734,3.);
#62=CYLINDRICAL_SURFACE('',#2736,2.5);
#63=CYLINDRICAL_SURFACE('',#2738,2.5);
#64=CYLINDRICAL_SURFACE('',#2740,2.5);
#65=CYLINDRICAL_SURFACE('',#2743,2.5);
#66=CYLINDRICAL_SURFACE('',#2749,3.75);
#67=CYLINDRICAL_SURFACE('',#2750,3.75);
#68=CYLINDRICAL_SURFACE('',#2752,4.);
#69=CYLINDRICAL_SURFACE('',#2754,4.);
#70=CYLINDRICAL_SURFACE('',#2756,4.);
#71=CYLINDRICAL_SURFACE('',#2760,4.);
#72=CIRCLE('',#2577,2.2);
#73=CIRCLE('',#2578,2.2);
#74=CIRCLE('',#2581,2.2);
#75=CIRCLE('',#2582,2.2);
#76=CIRCLE('',#2583,2.2);
#77=CIRCLE('',#2584,2.2);
#78=CIRCLE('',#2586,1.4);
#79=CIRCLE('',#2588,1.4);
#80=CIRCLE('',#2590,1.4);
#81=CIRCLE('',#2592,1.4);
#82=CIRCLE('',#2594,1.675);
#83=CIRCLE('',#2596,1.675);
#84=CIRCLE('',#2598,1.2);
#85=CIRCLE('',#2601,1.2);
#86=CIRCLE('',#2605,2.2);
#87=CIRCLE('',#2606,2.2);
#88=CIRCLE('',#2609,2.2);
#89=CIRCLE('',#2610,2.2);
#90=CIRCLE('',#2611,2.2);
#91=CIRCLE('',#2612,2.2);
#92=CIRCLE('',#2614,1.4);
#93=CIRCLE('',#2616,1.4);
#94=CIRCLE('',#2618,1.4);
#95=CIRCLE('',#2620,1.4);
#96=CIRCLE('',#2622,1.675);
#97=CIRCLE('',#2624,1.675);
#98=CIRCLE('',#2626,1.2);
#99=CIRCLE('',#2629,1.2);
#100=CIRCLE('',#2632,1.05);
#101=CIRCLE('',#2633,1.35);
#102=CIRCLE('',#2636,1.35);
#103=CIRCLE('',#2637,1.35);
#104=CIRCLE('',#2638,1.35);
#105=CIRCLE('',#2641,1.05);
#106=CIRCLE('',#2642,1.35);
#107=CIRCLE('',#2645,1.35);
#108=CIRCLE('',#2646,1.35);
#109=CIRCLE('',#2647,1.35);
#110=CIRCLE('',#2650,2.4);
#111=CIRCLE('',#2651,2.4);
#112=CIRCLE('',#2654,2.4);
#113=CIRCLE('',#2655,2.4);
#114=CIRCLE('',#2658,1.1);
#115=CIRCLE('',#2659,1.1);
#116=CIRCLE('',#2661,1.6);
#117=CIRCLE('',#2662,1.6);
#118=CIRCLE('',#2665,2.);
#119=CIRCLE('',#2666,2.);
#120=CIRCLE('',#2669,1.1);
#121=CIRCLE('',#2670,1.1);
#122=CIRCLE('',#2672,1.6);
#123=CIRCLE('',#2673,1.6);
#124=CIRCLE('',#2676,2.);
#125=CIRCLE('',#2677,2.);
#126=CIRCLE('',#2691,2.5);
#127=CIRCLE('',#2692,4.);
#128=CIRCLE('',#2693,4.);
#129=CIRCLE('',#2694,2.5);
#130=CIRCLE('',#2695,3.75);
#131=CIRCLE('',#2696,3.75);
#132=CIRCLE('',#2697,2.5);
#133=CIRCLE('',#2698,4.);
#134=CIRCLE('',#2699,2.5);
#135=CIRCLE('',#2700,3.);
#136=CIRCLE('',#2701,3.);
#137=CIRCLE('',#2702,2.5);
#138=CIRCLE('',#2703,4.);
#139=CIRCLE('',#2704,2.5);
#140=CIRCLE('',#2705,3.75);
#141=CIRCLE('',#2715,3.75);
#142=CIRCLE('',#2717,3.75);
#143=CIRCLE('',#2718,3.75);
#144=CIRCLE('',#2719,2.5);
#145=CIRCLE('',#2720,2.5);
#146=CIRCLE('',#2722,3.75);
#147=CIRCLE('',#2724,2.5);
#148=CIRCLE('',#2727,3.);
#149=CIRCLE('',#2728,3.);
#150=CIRCLE('',#2729,2.5);
#151=CIRCLE('',#2741,2.5);
#152=CIRCLE('',#2744,2.5);
#153=CIRCLE('',#2746,3.75);
#154=CIRCLE('',#2753,4.);
#155=CIRCLE('',#2755,4.);
#156=CIRCLE('',#2757,4.);
#157=CIRCLE('',#2759,4.);
#158=(
BOUNDED_CURVE()
B_SPLINE_CURVE(2,(#3667,#3668,#3669),.UNSPECIFIED.,.F.,.F.)
B_SPLINE_CURVE_WITH_KNOTS((3,3),(0.,0.0574278358885043),.UNSPECIFIED.)
CURVE()
GEOMETRIC_REPRESENTATION_ITEM()
RATIONAL_B_SPLINE_CURVE((1.,1.00424635498191,1.))
REPRESENTATION_ITEM('')
);
#159=(
BOUNDED_CURVE()
B_SPLINE_CURVE(2,(#3671,#3672,#3673),.UNSPECIFIED.,.F.,.F.)
B_SPLINE_CURVE_WITH_KNOTS((3,3),(0.,0.129626494221697),.UNSPECIFIED.)
CURVE()
GEOMETRIC_REPRESENTATION_ITEM()
RATIONAL_B_SPLINE_CURVE((1.,1.01486072544904,1.))
REPRESENTATION_ITEM('')
);
#160=(
BOUNDED_CURVE()
B_SPLINE_CURVE(2,(#3677,#3678,#3679),.UNSPECIFIED.,.F.,.F.)
B_SPLINE_CURVE_WITH_KNOTS((3,3),(0.,0.129626494221697),.UNSPECIFIED.)
CURVE()
GEOMETRIC_REPRESENTATION_ITEM()
RATIONAL_B_SPLINE_CURVE((1.,1.01486072544904,1.))
REPRESENTATION_ITEM('')
);
#161=(
BOUNDED_CURVE()
B_SPLINE_CURVE(2,(#3681,#3682,#3683),.UNSPECIFIED.,.F.,.F.)
B_SPLINE_CURVE_WITH_KNOTS((3,3),(0.,0.0574278358885043),.UNSPECIFIED.)
CURVE()
GEOMETRIC_REPRESENTATION_ITEM()
RATIONAL_B_SPLINE_CURVE((1.,1.00424635498191,1.))
REPRESENTATION_ITEM('')
);
#162=(
BOUNDED_CURVE()
B_SPLINE_CURVE(2,(#3701,#3702,#3703),.UNSPECIFIED.,.F.,.F.)
B_SPLINE_CURVE_WITH_KNOTS((3,3),(0.,0.0574278358885043),.UNSPECIFIED.)
CURVE()
GEOMETRIC_REPRESENTATION_ITEM()
RATIONAL_B_SPLINE_CURVE((1.,1.00424635498191,1.))
REPRESENTATION_ITEM('')
);
#163=(
BOUNDED_CURVE()
B_SPLINE_CURVE(2,(#3705,#3706,#3707),.UNSPECIFIED.,.F.,.F.)
B_SPLINE_CURVE_WITH_KNOTS((3,3),(0.,0.129626494221697),.UNSPECIFIED.)
CURVE()
GEOMETRIC_REPRESENTATION_ITEM()
RATIONAL_B_SPLINE_CURVE((1.,1.01486072544904,1.))
REPRESENTATION_ITEM('')
);
#164=(
BOUNDED_CURVE()
B_SPLINE_CURVE(2,(#3711,#3712,#3713),.UNSPECIFIED.,.F.,.F.)
B_SPLINE_CURVE_WITH_KNOTS((3,3),(0.,0.129626494221697),.UNSPECIFIED.)
CURVE()
GEOMETRIC_REPRESENTATION_ITEM()
RATIONAL_B_SPLINE_CURVE((1.,1.01486072544904,1.))
REPRESENTATION_ITEM('')
);
#165=(
BOUNDED_CURVE()
B_SPLINE_CURVE(2,(#3715,#3716,#3717),.UNSPECIFIED.,.F.,.F.)
B_SPLINE_CURVE_WITH_KNOTS((3,3),(0.,0.0574278358885043),.UNSPECIFIED.)
CURVE()
GEOMETRIC_REPRESENTATION_ITEM()
RATIONAL_B_SPLINE_CURVE((1.,1.00424635498191,1.))
REPRESENTATION_ITEM('')
);
#166=(
BOUNDED_CURVE()
B_SPLINE_CURVE(2,(#3762,#3763,#3764),.UNSPECIFIED.,.F.,.F.)
B_SPLINE_CURVE_WITH_KNOTS((3,3),(0.,0.0574278358885043),.UNSPECIFIED.)
CURVE()
GEOMETRIC_REPRESENTATION_ITEM()
RATIONAL_B_SPLINE_CURVE((1.,1.00424635498191,1.))
REPRESENTATION_ITEM('')
);
#167=(
BOUNDED_CURVE()
B_SPLINE_CURVE(2,(#3766,#3767,#3768),.UNSPECIFIED.,.F.,.F.)
B_SPLINE_CURVE_WITH_KNOTS((3,3),(0.,0.129626494221697),.UNSPECIFIED.)
CURVE()
GEOMETRIC_REPRESENTATION_ITEM()
RATIONAL_B_SPLINE_CURVE((1.,1.01486072544904,1.))
REPRESENTATION_ITEM('')
);
#168=(
BOUNDED_CURVE()
B_SPLINE_CURVE(2,(#3772,#3773,#3774),.UNSPECIFIED.,.F.,.F.)
B_SPLINE_CURVE_WITH_KNOTS((3,3),(0.,0.129626494221697),.UNSPECIFIED.)
CURVE()
GEOMETRIC_REPRESENTATION_ITEM()
RATIONAL_B_SPLINE_CURVE((1.,1.01486072544904,1.))
REPRESENTATION_ITEM('')
);
#169=(
BOUNDED_CURVE()
B_SPLINE_CURVE(2,(#3776,#3777,#3778),.UNSPECIFIED.,.F.,.F.)
B_SPLINE_CURVE_WITH_KNOTS((3,3),(0.,0.0574278358885043),.UNSPECIFIED.)
CURVE()
GEOMETRIC_REPRESENTATION_ITEM()
RATIONAL_B_SPLINE_CURVE((1.,1.00424635498191,1.))
REPRESENTATION_ITEM('')
);
#170=(
BOUNDED_CURVE()
B_SPLINE_CURVE(2,(#3796,#3797,#3798),.UNSPECIFIED.,.F.,.F.)
B_SPLINE_CURVE_WITH_KNOTS((3,3),(0.,0.0574278358885043),.UNSPECIFIED.)
CURVE()
GEOMETRIC_REPRESENTATION_ITEM()
RATIONAL_B_SPLINE_CURVE((1.,1.00424635498191,1.))
REPRESENTATION_ITEM('')
);
#171=(
BOUNDED_CURVE()
B_SPLINE_CURVE(2,(#3800,#3801,#3802),.UNSPECIFIED.,.F.,.F.)
B_SPLINE_CURVE_WITH_KNOTS((3,3),(0.,0.129626494221697),.UNSPECIFIED.)
CURVE()
GEOMETRIC_REPRESENTATION_ITEM()
RATIONAL_B_SPLINE_CURVE((1.,1.01486072544904,1.))
REPRESENTATION_ITEM('')
);
#172=(
BOUNDED_CURVE()
B_SPLINE_CURVE(2,(#3806,#3807,#3808),.UNSPECIFIED.,.F.,.F.)
B_SPLINE_CURVE_WITH_KNOTS((3,3),(0.,0.129626494221697),.UNSPECIFIED.)
CURVE()
GEOMETRIC_REPRESENTATION_ITEM()
RATIONAL_B_SPLINE_CURVE((1.,1.01486072544904,1.))
REPRESENTATION_ITEM('')
);
#173=(
BOUNDED_CURVE()
B_SPLINE_CURVE(2,(#3810,#3811,#3812),.UNSPECIFIED.,.F.,.F.)
B_SPLINE_CURVE_WITH_KNOTS((3,3),(0.,0.0574278358885043),.UNSPECIFIED.)
CURVE()
GEOMETRIC_REPRESENTATION_ITEM()
RATIONAL_B_SPLINE_CURVE((1.,1.00424635498191,1.))
REPRESENTATION_ITEM('')
);
#174=FACE_OUTER_BOUND('',#305,.T.);
#175=FACE_OUTER_BOUND('',#306,.T.);
#176=FACE_OUTER_BOUND('',#307,.T.);
#177=FACE_OUTER_BOUND('',#308,.T.);
#178=FACE_OUTER_BOUND('',#309,.T.);
#179=FACE_OUTER_BOUND('',#310,.T.);
#180=FACE_OUTER_BOUND('',#311,.T.);
#181=FACE_OUTER_BOUND('',#312,.T.);
#182=FACE_OUTER_BOUND('',#313,.T.);
#183=FACE_OUTER_BOUND('',#314,.T.);
#184=FACE_OUTER_BOUND('',#315,.T.);
#185=FACE_OUTER_BOUND('',#316,.T.);
#186=FACE_OUTER_BOUND('',#317,.T.);
#187=FACE_OUTER_BOUND('',#318,.T.);
#188=FACE_OUTER_BOUND('',#319,.T.);
#189=FACE_OUTER_BOUND('',#320,.T.);
#190=FACE_OUTER_BOUND('',#321,.T.);
#191=FACE_OUTER_BOUND('',#322,.T.);
#192=FACE_OUTER_BOUND('',#323,.T.);
#193=FACE_OUTER_BOUND('',#324,.T.);
#194=FACE_OUTER_BOUND('',#325,.T.);
#195=FACE_OUTER_BOUND('',#326,.T.);
#196=FACE_OUTER_BOUND('',#327,.T.);
#197=FACE_OUTER_BOUND('',#328,.T.);
#198=FACE_OUTER_BOUND('',#329,.T.);
#199=FACE_OUTER_BOUND('',#330,.T.);
#200=FACE_OUTER_BOUND('',#331,.T.);
#201=FACE_OUTER_BOUND('',#332,.T.);
#202=FACE_OUTER_BOUND('',#333,.T.);
#203=FACE_OUTER_BOUND('',#334,.T.);
#204=FACE_OUTER_BOUND('',#335,.T.);
#205=FACE_OUTER_BOUND('',#336,.T.);
#206=FACE_OUTER_BOUND('',#337,.T.);
#207=FACE_OUTER_BOUND('',#338,.T.);
#208=FACE_OUTER_BOUND('',#339,.T.);
#209=FACE_OUTER_BOUND('',#340,.T.);
#210=FACE_OUTER_BOUND('',#341,.T.);
#211=FACE_OUTER_BOUND('',#342,.T.);
#212=FACE_OUTER_BOUND('',#343,.T.);
#213=FACE_OUTER_BOUND('',#344,.T.);
#214=FACE_OUTER_BOUND('',#345,.T.);
#215=FACE_OUTER_BOUND('',#346,.T.);
#216=FACE_OUTER_BOUND('',#347,.T.);
#217=FACE_OUTER_BOUND('',#348,.T.);
#218=FACE_OUTER_BOUND('',#349,.T.);
#219=FACE_OUTER_BOUND('',#350,.T.);
#220=FACE_OUTER_BOUND('',#351,.T.);
#221=FACE_OUTER_BOUND('',#352,.T.);
#222=FACE_OUTER_BOUND('',#353,.T.);
#223=FACE_OUTER_BOUND('',#354,.T.);
#224=FACE_OUTER_BOUND('',#355,.T.);
#225=FACE_OUTER_BOUND('',#356,.T.);
#226=FACE_OUTER_BOUND('',#357,.T.);
#227=FACE_OUTER_BOUND('',#358,.T.);
#228=FACE_OUTER_BOUND('',#359,.T.);
#229=FACE_OUTER_BOUND('',#360,.T.);
#230=FACE_OUTER_BOUND('',#361,.T.);
#231=FACE_OUTER_BOUND('',#362,.T.);
#232=FACE_OUTER_BOUND('',#363,.T.);
#233=FACE_OUTER_BOUND('',#364,.T.);
#234=FACE_OUTER_BOUND('',#365,.T.);
#235=FACE_OUTER_BOUND('',#366,.T.);
#236=FACE_OUTER_BOUND('',#367,.T.);
#237=FACE_OUTER_BOUND('',#368,.T.);
#238=FACE_OUTER_BOUND('',#369,.T.);
#239=FACE_OUTER_BOUND('',#370,.T.);
#240=FACE_OUTER_BOUND('',#371,.T.);
#241=FACE_OUTER_BOUND('',#372,.T.);
#242=FACE_OUTER_BOUND('',#374,.T.);
#243=FACE_OUTER_BOUND('',#375,.T.);
#244=FACE_OUTER_BOUND('',#377,.T.);
#245=FACE_OUTER_BOUND('',#378,.T.);
#246=FACE_OUTER_BOUND('',#379,.T.);
#247=FACE_OUTER_BOUND('',#381,.T.);
#248=FACE_OUTER_BOUND('',#382,.T.);
#249=FACE_OUTER_BOUND('',#384,.T.);
#250=FACE_OUTER_BOUND('',#385,.T.);
#251=FACE_OUTER_BOUND('',#386,.T.);
#252=FACE_OUTER_BOUND('',#388,.T.);
#253=FACE_OUTER_BOUND('',#389,.T.);
#254=FACE_OUTER_BOUND('',#391,.T.);
#255=FACE_OUTER_BOUND('',#392,.T.);
#256=FACE_OUTER_BOUND('',#393,.T.);
#257=FACE_OUTER_BOUND('',#394,.T.);
#258=FACE_OUTER_BOUND('',#395,.T.);
#259=FACE_OUTER_BOUND('',#396,.T.);
#260=FACE_OUTER_BOUND('',#397,.T.);
#261=FACE_OUTER_BOUND('',#398,.T.);
#262=FACE_OUTER_BOUND('',#399,.T.);
#263=FACE_OUTER_BOUND('',#402,.T.);
#264=FACE_OUTER_BOUND('',#403,.T.);
#265=FACE_OUTER_BOUND('',#404,.T.);
#266=FACE_OUTER_BOUND('',#408,.T.);
#267=FACE_OUTER_BOUND('',#409,.T.);
#268=FACE_OUTER_BOUND('',#410,.T.);
#269=FACE_OUTER_BOUND('',#411,.T.);
#270=FACE_OUTER_BOUND('',#412,.T.);
#271=FACE_OUTER_BOUND('',#413,.T.);
#272=FACE_OUTER_BOUND('',#414,.T.);
#273=FACE_OUTER_BOUND('',#415,.T.);
#274=FACE_OUTER_BOUND('',#416,.T.);
#275=FACE_OUTER_BOUND('',#418,.T.);
#276=FACE_OUTER_BOUND('',#419,.T.);
#277=FACE_OUTER_BOUND('',#421,.T.);
#278=FACE_OUTER_BOUND('',#422,.T.);
#279=FACE_OUTER_BOUND('',#423,.T.);
#280=FACE_OUTER_BOUND('',#428,.T.);
#281=FACE_OUTER_BOUND('',#429,.T.);
#282=FACE_OUTER_BOUND('',#430,.T.);
#283=FACE_OUTER_BOUND('',#431,.T.);
#284=FACE_OUTER_BOUND('',#432,.T.);
#285=FACE_OUTER_BOUND('',#433,.T.);
#286=FACE_OUTER_BOUND('',#434,.T.);
#287=FACE_OUTER_BOUND('',#435,.T.);
#288=FACE_OUTER_BOUND('',#436,.T.);
#289=FACE_OUTER_BOUND('',#437,.T.);
#290=FACE_OUTER_BOUND('',#438,.T.);
#291=FACE_OUTER_BOUND('',#439,.T.);
#292=FACE_OUTER_BOUND('',#440,.T.);
#293=FACE_OUTER_BOUND('',#441,.T.);
#294=FACE_OUTER_BOUND('',#442,.T.);
#295=FACE_OUTER_BOUND('',#443,.T.);
#296=FACE_OUTER_BOUND('',#444,.T.);
#297=FACE_OUTER_BOUND('',#445,.T.);
#298=FACE_OUTER_BOUND('',#446,.T.);
#299=FACE_OUTER_BOUND('',#447,.T.);
#300=FACE_OUTER_BOUND('',#448,.T.);
#301=FACE_OUTER_BOUND('',#449,.T.);
#302=FACE_OUTER_BOUND('',#450,.T.);
#303=FACE_OUTER_BOUND('',#451,.T.);
#304=FACE_OUTER_BOUND('',#452,.T.);
#305=EDGE_LOOP('',(#1581,#1582,#1583,#1584));
#306=EDGE_LOOP('',(#1585,#1586,#1587,#1588));
#307=EDGE_LOOP('',(#1589,#1590,#1591,#1592,#1593,#1594,#1595,#1596));
#308=EDGE_LOOP('',(#1597,#1598,#1599,#1600));
#309=EDGE_LOOP('',(#1601,#1602,#1603,#1604));
#310=EDGE_LOOP('',(#1605,#1606,#1607,#1608));
#311=EDGE_LOOP('',(#1609,#1610,#1611,#1612));
#312=EDGE_LOOP('',(#1613,#1614,#1615,#1616,#1617,#1618,#1619,#1620));
#313=EDGE_LOOP('',(#1621,#1622,#1623,#1624));
#314=EDGE_LOOP('',(#1625,#1626,#1627,#1628));
#315=EDGE_LOOP('',(#1629,#1630,#1631,#1632,#1633,#1634,#1635,#1636));
#316=EDGE_LOOP('',(#1637,#1638,#1639,#1640));
#317=EDGE_LOOP('',(#1641,#1642,#1643,#1644));
#318=EDGE_LOOP('',(#1645,#1646,#1647,#1648));
#319=EDGE_LOOP('',(#1649,#1650,#1651,#1652));
#320=EDGE_LOOP('',(#1653,#1654,#1655,#1656,#1657,#1658,#1659,#1660));
#321=EDGE_LOOP('',(#1661,#1662,#1663,#1664));
#322=EDGE_LOOP('',(#1665,#1666,#1667,#1668));
#323=EDGE_LOOP('',(#1669,#1670,#1671,#1672,#1673,#1674,#1675,#1676));
#324=EDGE_LOOP('',(#1677,#1678,#1679,#1680,#1681,#1682,#1683,#1684));
#325=EDGE_LOOP('',(#1685,#1686,#1687,#1688));
#326=EDGE_LOOP('',(#1689,#1690,#1691,#1692));
#327=EDGE_LOOP('',(#1693,#1694,#1695,#1696,#1697,#1698,#1699,#1700));
#328=EDGE_LOOP('',(#1701,#1702,#1703,#1704,#1705,#1706,#1707,#1708));
#329=EDGE_LOOP('',(#1709,#1710,#1711,#1712,#1713,#1714,#1715,#1716));
#330=EDGE_LOOP('',(#1717,#1718,#1719,#1720));
#331=EDGE_LOOP('',(#1721,#1722,#1723,#1724));
#332=EDGE_LOOP('',(#1725,#1726,#1727,#1728,#1729,#1730,#1731,#1732));
#333=EDGE_LOOP('',(#1733,#1734,#1735,#1736));
#334=EDGE_LOOP('',(#1737,#1738,#1739,#1740));
#335=EDGE_LOOP('',(#1741,#1742,#1743,#1744,#1745,#1746,#1747,#1748,#1749,
#1750,#1751,#1752));
#336=EDGE_LOOP('',(#1753,#1754,#1755,#1756));
#337=EDGE_LOOP('',(#1757,#1758,#1759,#1760,#1761,#1762,#1763,#1764,#1765,
#1766,#1767,#1768));
#338=EDGE_LOOP('',(#1769,#1770,#1771,#1772,#1773,#1774,#1775,#1776,#1777,
#1778,#1779,#1780));
#339=EDGE_LOOP('',(#1781,#1782,#1783,#1784));
#340=EDGE_LOOP('',(#1785,#1786,#1787,#1788,#1789));
#341=EDGE_LOOP('',(#1790,#1791,#1792,#1793));
#342=EDGE_LOOP('',(#1794,#1795,#1796,#1797));
#343=EDGE_LOOP('',(#1798,#1799,#1800,#1801));
#344=EDGE_LOOP('',(#1802,#1803,#1804,#1805));
#345=EDGE_LOOP('',(#1806,#1807));
#346=EDGE_LOOP('',(#1808,#1809,#1810,#1811));
#347=EDGE_LOOP('',(#1812,#1813,#1814,#1815));
#348=EDGE_LOOP('',(#1816,#1817));
#349=EDGE_LOOP('',(#1818,#1819,#1820,#1821,#1822,#1823,#1824,#1825,#1826,
#1827,#1828,#1829));
#350=EDGE_LOOP('',(#1830,#1831,#1832,#1833));
#351=EDGE_LOOP('',(#1834,#1835,#1836,#1837,#1838,#1839,#1840,#1841,#1842,
#1843,#1844,#1845));
#352=EDGE_LOOP('',(#1846,#1847,#1848,#1849,#1850,#1851,#1852,#1853,#1854,
#1855,#1856,#1857));
#353=EDGE_LOOP('',(#1858,#1859,#1860,#1861));
#354=EDGE_LOOP('',(#1862,#1863,#1864,#1865,#1866));
#355=EDGE_LOOP('',(#1867,#1868,#1869,#1870));
#356=EDGE_LOOP('',(#1871,#1872,#1873,#1874));
#357=EDGE_LOOP('',(#1875,#1876,#1877,#1878));
#358=EDGE_LOOP('',(#1879,#1880,#1881,#1882));
#359=EDGE_LOOP('',(#1883,#1884));
#360=EDGE_LOOP('',(#1885,#1886,#1887,#1888));
#361=EDGE_LOOP('',(#1889,#1890,#1891,#1892));
#362=EDGE_LOOP('',(#1893,#1894));
#363=EDGE_LOOP('',(#1895,#1896,#1897,#1898));
#364=EDGE_LOOP('',(#1899));
#365=EDGE_LOOP('',(#1900,#1901,#1902,#1903,#1904,#1905));
#366=EDGE_LOOP('',(#1906,#1907));
#367=EDGE_LOOP('',(#1908,#1909,#1910,#1911));
#368=EDGE_LOOP('',(#1912));
#369=EDGE_LOOP('',(#1913,#1914,#1915,#1916,#1917,#1918));
#370=EDGE_LOOP('',(#1919,#1920));
#371=EDGE_LOOP('',(#1921,#1922,#1923,#1924));
#372=EDGE_LOOP('',(#1925));
#373=EDGE_LOOP('',(#1926));
#374=EDGE_LOOP('',(#1927,#1928,#1929,#1930));
#375=EDGE_LOOP('',(#1931));
#376=EDGE_LOOP('',(#1932));
#377=EDGE_LOOP('',(#1933,#1934,#1935,#1936));
#378=EDGE_LOOP('',(#1937,#1938,#1939,#1940));
#379=EDGE_LOOP('',(#1941));
#380=EDGE_LOOP('',(#1942));
#381=EDGE_LOOP('',(#1943,#1944,#1945,#1946));
#382=EDGE_LOOP('',(#1947));
#383=EDGE_LOOP('',(#1948));
#384=EDGE_LOOP('',(#1949,#1950,#1951,#1952));
#385=EDGE_LOOP('',(#1953,#1954,#1955,#1956));
#386=EDGE_LOOP('',(#1957));
#387=EDGE_LOOP('',(#1958));
#388=EDGE_LOOP('',(#1959,#1960,#1961,#1962));
#389=EDGE_LOOP('',(#1963));
#390=EDGE_LOOP('',(#1964));
#391=EDGE_LOOP('',(#1965,#1966,#1967,#1968));
#392=EDGE_LOOP('',(#1969,#1970,#1971,#1972));
#393=EDGE_LOOP('',(#1973,#1974,#1975,#1976));
#394=EDGE_LOOP('',(#1977,#1978,#1979,#1980,#1981,#1982,#1983,#1984,#1985,
#1986,#1987,#1988));
#395=EDGE_LOOP('',(#1989,#1990,#1991,#1992));
#396=EDGE_LOOP('',(#1993,#1994,#1995,#1996));
#397=EDGE_LOOP('',(#1997,#1998,#1999,#2000));
#398=EDGE_LOOP('',(#2001,#2002,#2003,#2004));
#399=EDGE_LOOP('',(#2005,#2006,#2007,#2008,#2009,#2010,#2011,#2012,#2013,
#2014,#2015,#2016,#2017,#2018,#2019,#2020,#2021,#2022,#2023,#2024,#2025,
#2026,#2027,#2028,#2029,#2030,#2031,#2032,#2033,#2034));
#400=EDGE_LOOP('',(#2035));
#401=EDGE_LOOP('',(#2036));
#402=EDGE_LOOP('',(#2037,#2038,#2039,#2040));
#403=EDGE_LOOP('',(#2041,#2042,#2043,#2044));
#404=EDGE_LOOP('',(#2045,#2046,#2047,#2048,#2049,#2050,#2051,#2052,#2053,
#2054,#2055,#2056,#2057,#2058,#2059,#2060,#2061,#2062,#2063,#2064,#2065,
#2066,#2067,#2068,#2069,#2070,#2071));
#405=EDGE_LOOP('',(#2072));
#406=EDGE_LOOP('',(#2073));
#407=EDGE_LOOP('',(#2074,#2075,#2076,#2077,#2078,#2079,#2080,#2081));
#408=EDGE_LOOP('',(#2082,#2083,#2084,#2085));
#409=EDGE_LOOP('',(#2086,#2087,#2088,#2089,#2090,#2091,#2092,#2093,#2094,
#2095,#2096,#2097));
#410=EDGE_LOOP('',(#2098,#2099,#2100,#2101));
#411=EDGE_LOOP('',(#2102,#2103,#2104,#2105));
#412=EDGE_LOOP('',(#2106,#2107,#2108,#2109));
#413=EDGE_LOOP('',(#2110,#2111,#2112,#2113));
#414=EDGE_LOOP('',(#2114,#2115,#2116,#2117));
#415=EDGE_LOOP('',(#2118,#2119,#2120,#2121));
#416=EDGE_LOOP('',(#2122));
#417=EDGE_LOOP('',(#2123));
#418=EDGE_LOOP('',(#2124,#2125,#2126,#2127,#2128,#2129,#2130));
#419=EDGE_LOOP('',(#2131));
#420=EDGE_LOOP('',(#2132));
#421=EDGE_LOOP('',(#2133,#2134,#2135,#2136));
#422=EDGE_LOOP('',(#2137,#2138,#2139,#2140,#2141,#2142,#2143,#2144));
#423=EDGE_LOOP('',(#2145,#2146,#2147,#2148,#2149,#2150,#2151,#2152));
#424=EDGE_LOOP('',(#2153,#2154,#2155,#2156));
#425=EDGE_LOOP('',(#2157,#2158,#2159,#2160));
#426=EDGE_LOOP('',(#2161,#2162,#2163,#2164));
#427=EDGE_LOOP('',(#2165,#2166,#2167,#2168));
#428=EDGE_LOOP('',(#2169,#2170,#2171,#2172));
#429=EDGE_LOOP('',(#2173,#2174,#2175,#2176));
#430=EDGE_LOOP('',(#2177,#2178,#2179,#2180));
#431=EDGE_LOOP('',(#2181,#2182,#2183,#2184));
#432=EDGE_LOOP('',(#2185,#2186,#2187,#2188));
#433=EDGE_LOOP('',(#2189,#2190,#2191,#2192));
#434=EDGE_LOOP('',(#2193,#2194,#2195,#2196));
#435=EDGE_LOOP('',(#2197,#2198,#2199,#2200));
#436=EDGE_LOOP('',(#2201,#2202,#2203,#2204));
#437=EDGE_LOOP('',(#2205,#2206,#2207,#2208,#2209,#2210,#2211,#2212));
#438=EDGE_LOOP('',(#2213,#2214,#2215,#2216));
#439=EDGE_LOOP('',(#2217,#2218,#2219,#2220,#2221,#2222,#2223,#2224));
#440=EDGE_LOOP('',(#2225,#2226,#2227,#2228));
#441=EDGE_LOOP('',(#2229,#2230,#2231,#2232,#2233,#2234));
#442=EDGE_LOOP('',(#2235,#2236,#2237,#2238));
#443=EDGE_LOOP('',(#2239,#2240,#2241,#2242));
#444=EDGE_LOOP('',(#2243,#2244,#2245,#2246,#2247,#2248,#2249,#2250));
#445=EDGE_LOOP('',(#2251,#2252,#2253,#2254,#2255,#2256,#2257,#2258));
#446=EDGE_LOOP('',(#2259,#2260,#2261,#2262));
#447=EDGE_LOOP('',(#2263,#2264,#2265,#2266));
#448=EDGE_LOOP('',(#2267,#2268,#2269,#2270,#2271));
#449=EDGE_LOOP('',(#2272,#2273,#2274,#2275));
#450=EDGE_LOOP('',(#2276,#2277,#2278,#2279,#2280,#2281,#2282,#2283,#2284,
#2285,#2286,#2287,#2288,#2289,#2290,#2291,#2292,#2293,#2294,#2295,#2296,
#2297,#2298,#2299));
#451=EDGE_LOOP('',(#2300,#2301,#2302,#2303,#2304));
#452=EDGE_LOOP('',(#2305,#2306,#2307,#2308));
#453=LINE('',#3464,#715);
#454=LINE('',#3466,#716);
#455=LINE('',#3468,#717);
#456=LINE('',#3469,#718);
#457=LINE('',#3473,#719);
#458=LINE('',#3475,#720);
#459=LINE('',#3477,#721);
#460=LINE('',#3478,#722);
#461=LINE('',#3481,#723);
#462=LINE('',#3482,#724);
#463=LINE('',#3484,#725);
#464=LINE('',#3486,#726);
#465=LINE('',#3488,#727);
#466=LINE('',#3489,#728);
#467=LINE('',#3492,#729);
#468=LINE('',#3493,#730);
#469=LINE('',#3496,#731);
#470=LINE('',#3498,#732);
#471=LINE('',#3499,#733);
#472=LINE('',#3502,#734);
#473=LINE('',#3503,#735);
#474=LINE('',#3505,#736);
#475=LINE('',#3507,#737);
#476=LINE('',#3508,#738);
#477=LINE('',#3512,#739);
#478=LINE('',#3514,#740);
#479=LINE('',#3516,#741);
#480=LINE('',#3517,#742);
#481=LINE('',#3521,#743);
#482=LINE('',#3523,#744);
#483=LINE('',#3525,#745);
#484=LINE('',#3526,#746);
#485=LINE('',#3529,#747);
#486=LINE('',#3530,#748);
#487=LINE('',#3532,#749);
#488=LINE('',#3534,#750);
#489=LINE('',#3536,#751);
#490=LINE('',#3537,#752);
#491=LINE('',#3540,#753);
#492=LINE('',#3541,#754);
#493=LINE('',#3544,#755);
#494=LINE('',#3546,#756);
#495=LINE('',#3547,#757);
#496=LINE('',#3550,#758);
#497=LINE('',#3551,#759);
#498=LINE('',#3553,#760);
#499=LINE('',#3555,#761);
#500=LINE('',#3556,#762);
#501=LINE('',#3560,#763);
#502=LINE('',#3562,#764);
#503=LINE('',#3564,#765);
#504=LINE('',#3565,#766);
#505=LINE('',#3569,#767);
#506=LINE('',#3571,#768);
#507=LINE('',#3573,#769);
#508=LINE('',#3574,#770);
#509=LINE('',#3577,#771);
#510=LINE('',#3579,#772);
#511=LINE('',#3581,#773);
#512=LINE('',#3582,#774);
#513=LINE('',#3584,#775);
#514=LINE('',#3585,#776);
#515=LINE('',#3588,#777);
#516=LINE('',#3590,#778);
#517=LINE('',#3591,#779);
#518=LINE('',#3593,#780);
#519=LINE('',#3595,#781);
#520=LINE('',#3596,#782);
#521=LINE('',#3598,#783);
#522=LINE('',#3600,#784);
#523=LINE('',#3603,#785);
#524=LINE('',#3605,#786);
#525=LINE('',#3607,#787);
#526=LINE('',#3609,#788);
#527=LINE('',#3610,#789);
#528=LINE('',#3613,#790);
#529=LINE('',#3615,#791);
#530=LINE('',#3617,#792);
#531=LINE('',#3619,#793);
#532=LINE('',#3620,#794);
#533=LINE('',#3623,#795);
#534=LINE('',#3625,#796);
#535=LINE('',#3626,#797);
#536=LINE('',#3629,#798);
#537=LINE('',#3631,#799);
#538=LINE('',#3632,#800);
#539=LINE('',#3634,#801);
#540=LINE('',#3635,#802);
#541=LINE('',#3638,#803);
#542=LINE('',#3640,#804);
#543=LINE('',#3641,#805);
#544=LINE('',#3645,#806);
#545=LINE('',#3646,#807);
#546=LINE('',#3647,#808);
#547=LINE('',#3650,#809);
#548=LINE('',#3652,#810);
#549=LINE('',#3653,#811);
#550=LINE('',#3657,#812);
#551=LINE('',#3659,#813);
#552=LINE('',#3661,#814);
#553=LINE('',#3663,#815);
#554=LINE('',#3665,#816);
#555=LINE('',#3675,#817);
#556=LINE('',#3685,#818);
#557=LINE('',#3686,#819);
#558=LINE('',#3691,#820);
#559=LINE('',#3695,#821);
#560=LINE('',#3697,#822);
#561=LINE('',#3699,#823);
#562=LINE('',#3709,#824);
#563=LINE('',#3719,#825);
#564=LINE('',#3721,#826);
#565=LINE('',#3722,#827);
#566=LINE('',#3727,#828);
#567=LINE('',#3752,#829);
#568=LINE('',#3754,#830);
#569=LINE('',#3756,#831);
#570=LINE('',#3758,#832);
#571=LINE('',#3760,#833);
#572=LINE('',#3770,#834);
#573=LINE('',#3780,#835);
#574=LINE('',#3781,#836);
#575=LINE('',#3786,#837);
#576=LINE('',#3790,#838);
#577=LINE('',#3792,#839);
#578=LINE('',#3794,#840);
#579=LINE('',#3804,#841);
#580=LINE('',#3814,#842);
#581=LINE('',#3816,#843);
#582=LINE('',#3817,#844);
#583=LINE('',#3822,#845);
#584=LINE('',#3848,#846);
#585=LINE('',#3858,#847);
#586=LINE('',#3860,#848);
#587=LINE('',#3865,#849);
#588=LINE('',#3875,#850);
#589=LINE('',#3877,#851);
#590=LINE('',#3882,#852);
#591=LINE('',#3889,#853);
#592=LINE('',#3896,#854);
#593=LINE('',#3902,#855);
#594=LINE('',#3909,#856);
#595=LINE('',#3916,#857);
#596=LINE('',#3922,#858);
#597=LINE('',#3929,#859);
#598=LINE('',#3935,#860);
#599=LINE('',#3937,#861);
#600=LINE('',#3939,#862);
#601=LINE('',#3940,#863);
#602=LINE('',#3943,#864);
#603=LINE('',#3945,#865);
#604=LINE('',#3946,#866);
#605=LINE('',#3949,#867);
#606=LINE('',#3951,#868);
#607=LINE('',#3952,#869);
#608=LINE('',#3955,#870);
#609=LINE('',#3957,#871);
#610=LINE('',#3959,#872);
#611=LINE('',#3961,#873);
#612=LINE('',#3963,#874);
#613=LINE('',#3965,#875);
#614=LINE('',#3967,#876);
#615=LINE('',#3969,#877);
#616=LINE('',#3970,#878);
#617=LINE('',#3974,#879);
#618=LINE('',#3976,#880);
#619=LINE('',#3978,#881);
#620=LINE('',#3979,#882);
#621=LINE('',#3983,#883);
#622=LINE('',#3984,#884);
#623=LINE('',#3985,#885);
#624=LINE('',#3988,#886);
#625=LINE('',#3989,#887);
#626=LINE('',#3992,#888);
#627=LINE('',#3993,#889);
#628=LINE('',#3996,#890);
#629=LINE('',#3997,#891);
#630=LINE('',#3999,#892);
#631=LINE('',#4001,#893);
#632=LINE('',#4003,#894);
#633=LINE('',#4004,#895);
#634=LINE('',#4005,#896);
#635=LINE('',#4006,#897);
#636=LINE('',#4008,#898);
#637=LINE('',#4010,#899);
#638=LINE('',#4012,#900);
#639=LINE('',#4013,#901);
#640=LINE('',#4014,#902);
#641=LINE('',#4017,#903);
#642=LINE('',#4018,#904);
#643=LINE('',#4021,#905);
#644=LINE('',#4022,#906);
#645=LINE('',#4026,#907);
#646=LINE('',#4030,#908);
#647=LINE('',#4034,#909);
#648=LINE('',#4038,#910);
#649=LINE('',#4042,#911);
#650=LINE('',#4048,#912);
#651=LINE('',#4052,#913);
#652=LINE('',#4058,#914);
#653=LINE('',#4062,#915);
#654=LINE('',#4066,#916);
#655=LINE('',#4072,#917);
#656=LINE('',#4076,#918);
#657=LINE('',#4079,#919);
#658=LINE('',#4081,#920);
#659=LINE('',#4083,#921);
#660=LINE('',#4085,#922);
#661=LINE('',#4086,#923);
#662=LINE('',#4088,#924);
#663=LINE('',#4090,#925);
#664=LINE('',#4091,#926);
#665=LINE('',#4094,#927);
#666=LINE('',#4098,#928);
#667=LINE('',#4099,#929);
#668=LINE('',#4101,#930);
#669=LINE('',#4103,#931);
#670=LINE('',#4114,#932);
#671=LINE('',#4118,#933);
#672=LINE('',#4121,#934);
#673=LINE('',#4129,#935);
#674=LINE('',#4130,#936);
#675=LINE('',#4133,#937);
#676=LINE('',#4134,#938);
#677=LINE('',#4136,#939);
#678=LINE('',#4138,#940);
#679=LINE('',#4139,#941);
#680=LINE('',#4142,#942);
#681=LINE('',#4146,#943);
#682=LINE('',#4150,#944);
#683=LINE('',#4153,#945);
#684=LINE('',#4155,#946);
#685=LINE('',#4156,#947);
#686=LINE('',#4158,#948);
#687=LINE('',#4160,#949);
#688=LINE('',#4162,#950);
#689=LINE('',#4165,#951);
#690=LINE('',#4166,#952);
#691=LINE('',#4168,#953);
#692=LINE('',#4170,#954);
#693=LINE('',#4171,#955);
#694=LINE('',#4174,#956);
#695=LINE('',#4176,#957);
#696=LINE('',#4177,#958);
#697=LINE('',#4182,#959);
#698=LINE('',#4183,#960);
#699=LINE('',#4186,#961);
#700=LINE('',#4188,#962);
#701=LINE('',#4190,#963);
#702=LINE('',#4191,#964);
#703=LINE('',#4192,#965);
#704=LINE('',#4196,#966);
#705=LINE('',#4201,#967);
#706=LINE('',#4202,#968);
#707=LINE('',#4204,#969);
#708=LINE('',#4206,#970);
#709=LINE('',#4208,#971);
#710=LINE('',#4210,#972);
#711=LINE('',#4211,#973);
#712=LINE('',#4216,#974);
#713=LINE('',#4221,#975);
#714=LINE('',#4225,#976);
#715=VECTOR('',#2766,10.);
#716=VECTOR('',#2767,10.);
#717=VECTOR('',#2768,10.);
#718=VECTOR('',#2769,10.);
#719=VECTOR('',#2772,10.);
#720=VECTOR('',#2773,10.);
#721=VECTOR('',#2774,10.);
#722=VECTOR('',#2775,10.);
#723=VECTOR('',#2778,10.);
#724=VECTOR('',#2779,10.);
#725=VECTOR('',#2780,10.);
#726=VECTOR('',#2781,10.);
#727=VECTOR('',#2782,10.);
#728=VECTOR('',#2783,10.);
#729=VECTOR('',#2786,10.);
#730=VECTOR('',#2787,10.);
#731=VECTOR('',#2790,10.);
#732=VECTOR('',#2791,10.);
#733=VECTOR('',#2792,10.);
#734=VECTOR('',#2795,10.);
#735=VECTOR('',#2796,10.);
#736=VECTOR('',#2799,10.);
#737=VECTOR('',#2802,10.);
#738=VECTOR('',#2803,10.);
#739=VECTOR('',#2806,10.);
#740=VECTOR('',#2807,10.);
#741=VECTOR('',#2808,10.);
#742=VECTOR('',#2809,10.);
#743=VECTOR('',#2812,10.);
#744=VECTOR('',#2813,10.);
#745=VECTOR('',#2814,10.);
#746=VECTOR('',#2815,10.);
#747=VECTOR('',#2818,10.);
#748=VECTOR('',#2819,10.);
#749=VECTOR('',#2820,10.);
#750=VECTOR('',#2821,10.);
#751=VECTOR('',#2822,10.);
#752=VECTOR('',#2823,10.);
#753=VECTOR('',#2826,10.);
#754=VECTOR('',#2827,10.);
#755=VECTOR('',#2830,10.);
#756=VECTOR('',#2831,10.);
#757=VECTOR('',#2832,10.);
#758=VECTOR('',#2835,10.);
#759=VECTOR('',#2836,10.);
#760=VECTOR('',#2839,10.);
#761=VECTOR('',#2842,10.);
#762=VECTOR('',#2843,10.);
#763=VECTOR('',#2846,10.);
#764=VECTOR('',#2847,10.);
#765=VECTOR('',#2848,10.);
#766=VECTOR('',#2849,10.);
#767=VECTOR('',#2852,10.);
#768=VECTOR('',#2853,10.);
#769=VECTOR('',#2854,10.);
#770=VECTOR('',#2855,10.);
#771=VECTOR('',#2858,10.);
#772=VECTOR('',#2859,10.);
#773=VECTOR('',#2860,10.);
#774=VECTOR('',#2861,10.);
#775=VECTOR('',#2862,10.);
#776=VECTOR('',#2863,10.);
#777=VECTOR('',#2866,10.);
#778=VECTOR('',#2867,10.);
#779=VECTOR('',#2868,10.);
#780=VECTOR('',#2869,10.);
#781=VECTOR('',#2870,10.);
#782=VECTOR('',#2871,10.);
#783=VECTOR('',#2874,10.);
#784=VECTOR('',#2877,10.);
#785=VECTOR('',#2880,10.);
#786=VECTOR('',#2881,10.);
#787=VECTOR('',#2882,10.);
#788=VECTOR('',#2883,10.);
#789=VECTOR('',#2884,10.);
#790=VECTOR('',#2887,10.);
#791=VECTOR('',#2888,10.);
#792=VECTOR('',#2889,10.);
#793=VECTOR('',#2890,10.);
#794=VECTOR('',#2891,10.);
#795=VECTOR('',#2894,10.);
#796=VECTOR('',#2895,10.);
#797=VECTOR('',#2896,10.);
#798=VECTOR('',#2899,10.);
#799=VECTOR('',#2900,10.);
#800=VECTOR('',#2901,10.);
#801=VECTOR('',#2904,10.);
#802=VECTOR('',#2905,10.);
#803=VECTOR('',#2908,10.);
#804=VECTOR('',#2909,10.);
#805=VECTOR('',#2910,10.);
#806=VECTOR('',#2913,10.);
#807=VECTOR('',#2914,10.);
#808=VECTOR('',#2915,10.);
#809=VECTOR('',#2918,10.);
#810=VECTOR('',#2919,10.);
#811=VECTOR('',#2920,10.);
#812=VECTOR('',#2923,10.);
#813=VECTOR('',#2924,10.);
#814=VECTOR('',#2925,10.);
#815=VECTOR('',#2926,10.);
#816=VECTOR('',#2927,10.);
#817=VECTOR('',#2928,10.);
#818=VECTOR('',#2929,10.);
#819=VECTOR('',#2930,10.);
#820=VECTOR('',#2935,10.);
#821=VECTOR('',#2940,10.);
#822=VECTOR('',#2941,10.);
#823=VECTOR('',#2942,10.);
#824=VECTOR('',#2943,10.);
#825=VECTOR('',#2944,10.);
#826=VECTOR('',#2945,10.);
#827=VECTOR('',#2946,10.);
#828=VECTOR('',#2951,2.2);
#829=VECTOR('',#2996,10.);
#830=VECTOR('',#2997,10.);
#831=VECTOR('',#2998,10.);
#832=VECTOR('',#2999,10.);
#833=VECTOR('',#3000,10.);
#834=VECTOR('',#3001,10.);
#835=VECTOR('',#3002,10.);
#836=VECTOR('',#3003,10.);
#837=VECTOR('',#3008,10.);
#838=VECTOR('',#3013,10.);
#839=VECTOR('',#3014,10.);
#840=VECTOR('',#3015,10.);
#841=VECTOR('',#3016,10.);
#842=VECTOR('',#3017,10.);
#843=VECTOR('',#3018,10.);
#844=VECTOR('',#3019,10.);
#845=VECTOR('',#3024,2.2);
#846=VECTOR('',#3071,1.2);
#847=VECTOR('',#3084,1.35);
#848=VECTOR('',#3087,10.);
#849=VECTOR('',#3092,1.2);
#850=VECTOR('',#3105,1.35);
#851=VECTOR('',#3108,10.);
#852=VECTOR('',#3113,2.4);
#853=VECTOR('',#3122,2.4);
#854=VECTOR('',#3131,1.1);
#855=VECTOR('',#3138,1.6);
#856=VECTOR('',#3147,2.);
#857=VECTOR('',#3156,1.1);
#858=VECTOR('',#3163,1.6);
#859=VECTOR('',#3172,2.);
#860=VECTOR('',#3179,10.);
#861=VECTOR('',#3180,10.);
#862=VECTOR('',#3181,10.);
#863=VECTOR('',#3182,10.);
#864=VECTOR('',#3185,10.);
#865=VECTOR('',#3186,10.);
#866=VECTOR('',#3187,10.);
#867=VECTOR('',#3190,10.);
#868=VECTOR('',#3191,10.);
#869=VECTOR('',#3192,10.);
#870=VECTOR('',#3195,10.);
#871=VECTOR('',#3196,10.);
#872=VECTOR('',#3197,10.);
#873=VECTOR('',#3198,10.);
#874=VECTOR('',#3199,10.);
#875=VECTOR('',#3200,10.);
#876=VECTOR('',#3201,10.);
#877=VECTOR('',#3202,10.);
#878=VECTOR('',#3203,10.);
#879=VECTOR('',#3206,10.);
#880=VECTOR('',#3207,10.);
#881=VECTOR('',#3208,10.);
#882=VECTOR('',#3209,10.);
#883=VECTOR('',#3212,10.);
#884=VECTOR('',#3213,10.);
#885=VECTOR('',#3214,10.);
#886=VECTOR('',#3217,10.);
#887=VECTOR('',#3218,10.);
#888=VECTOR('',#3221,10.);
#889=VECTOR('',#3222,10.);
#890=VECTOR('',#3225,10.);
#891=VECTOR('',#3226,10.);
#892=VECTOR('',#3227,10.);
#893=VECTOR('',#3228,10.);
#894=VECTOR('',#3229,10.);
#895=VECTOR('',#3230,10.);
#896=VECTOR('',#3231,10.);
#897=VECTOR('',#3232,10.);
#898=VECTOR('',#3233,10.);
#899=VECTOR('',#3234,10.);
#900=VECTOR('',#3235,10.);
#901=VECTOR('',#3236,10.);
#902=VECTOR('',#3237,10.);
#903=VECTOR('',#3240,10.);
#904=VECTOR('',#3241,10.);
#905=VECTOR('',#3244,10.);
#906=VECTOR('',#3245,10.);
#907=VECTOR('',#3248,10.);
#908=VECTOR('',#3251,10.);
#909=VECTOR('',#3254,10.);
#910=VECTOR('',#3257,10.);
#911=VECTOR('',#3260,10.);
#912=VECTOR('',#3265,10.);
#913=VECTOR('',#3268,10.);
#914=VECTOR('',#3273,10.);
#915=VECTOR('',#3276,10.);
#916=VECTOR('',#3279,10.);
#917=VECTOR('',#3284,10.);
#918=VECTOR('',#3287,10.);
#919=VECTOR('',#3290,10.);
#920=VECTOR('',#3291,10.);
#921=VECTOR('',#3292,10.);
#922=VECTOR('',#3293,10.);
#923=VECTOR('',#3294,10.);
#924=VECTOR('',#3297,10.);
#925=VECTOR('',#3300,10.);
#926=VECTOR('',#3301,10.);
#927=VECTOR('',#3306,10.);
#928=VECTOR('',#3311,10.);
#929=VECTOR('',#3312,10.);
#930=VECTOR('',#3315,10.);
#931=VECTOR('',#3318,10.);
#932=VECTOR('',#3329,10.);
#933=VECTOR('',#3332,10.);
#934=VECTOR('',#3335,10.);
#935=VECTOR('',#3344,10.);
#936=VECTOR('',#3345,10.);
#937=VECTOR('',#3348,10.);
#938=VECTOR('',#3349,10.);
#939=VECTOR('',#3350,10.);
#940=VECTOR('',#3351,10.);
#941=VECTOR('',#3352,10.);
#942=VECTOR('',#3355,10.);
#943=VECTOR('',#3358,10.);
#944=VECTOR('',#3361,10.);
#945=VECTOR('',#3366,10.);
#946=VECTOR('',#3369,10.);
#947=VECTOR('',#3370,10.);
#948=VECTOR('',#3373,10.);
#949=VECTOR('',#3376,10.);
#950=VECTOR('',#3379,10.);
#951=VECTOR('',#3384,10.);
#952=VECTOR('',#3385,10.);
#953=VECTOR('',#3388,10.);
#954=VECTOR('',#3391,10.);
#955=VECTOR('',#3392,10.);
#956=VECTOR('',#3395,10.);
#957=VECTOR('',#3396,10.);
#958=VECTOR('',#3397,10.);
#959=VECTOR('',#3402,10.);
#960=VECTOR('',#3403,10.);
#961=VECTOR('',#3406,10.);
#962=VECTOR('',#3407,10.);
#963=VECTOR('',#3408,10.);
#964=VECTOR('',#3409,10.);
#965=VECTOR('',#3410,10.);
#966=VECTOR('',#3415,10.);
#967=VECTOR('',#3420,10.);
#968=VECTOR('',#3421,10.);
#969=VECTOR('',#3424,10.);
#970=VECTOR('',#3427,10.);
#971=VECTOR('',#3430,3.75);
#972=VECTOR('',#3433,10.);
#973=VECTOR('',#3434,3.75);
#974=VECTOR('',#3441,10.);
#975=VECTOR('',#3448,10.);
#976=VECTOR('',#3455,10.);
#977=VERTEX_POINT('',#3462);
#978=VERTEX_POINT('',#3463);
#979=VERTEX_POINT('',#3465);
#980=VERTEX_POINT('',#3467);
#981=VERTEX_POINT('',#3471);
#982=VERTEX_POINT('',#3472);
#983=VERTEX_POINT('',#3474);
#984=VERTEX_POINT('',#3476);
#985=VERTEX_POINT('',#3480);
#986=VERTEX_POINT('',#3483);
#987=VERTEX_POINT('',#3485);
#988=VERTEX_POINT('',#3487);
#989=VERTEX_POINT('',#3491);
#990=VERTEX_POINT('',#3495);
#991=VERTEX_POINT('',#3497);
#992=VERTEX_POINT('',#3501);
#993=VERTEX_POINT('',#3510);
#994=VERTEX_POINT('',#3511);
#995=VERTEX_POINT('',#3513);
#996=VERTEX_POINT('',#3515);
#997=VERTEX_POINT('',#3519);
#998=VERTEX_POINT('',#3520);
#999=VERTEX_POINT('',#3522);
#1000=VERTEX_POINT('',#3524);
#1001=VERTEX_POINT('',#3528);
#1002=VERTEX_POINT('',#3531);
#1003=VERTEX_POINT('',#3533);
#1004=VERTEX_POINT('',#3535);
#1005=VERTEX_POINT('',#3539);
#1006=VERTEX_POINT('',#3543);
#1007=VERTEX_POINT('',#3545);
#1008=VERTEX_POINT('',#3549);
#1009=VERTEX_POINT('',#3558);
#1010=VERTEX_POINT('',#3559);
#1011=VERTEX_POINT('',#3561);
#1012=VERTEX_POINT('',#3563);
#1013=VERTEX_POINT('',#3567);
#1014=VERTEX_POINT('',#3568);
#1015=VERTEX_POINT('',#3570);
#1016=VERTEX_POINT('',#3572);
#1017=VERTEX_POINT('',#3576);
#1018=VERTEX_POINT('',#3578);
#1019=VERTEX_POINT('',#3580);
#1020=VERTEX_POINT('',#3583);
#1021=VERTEX_POINT('',#3587);
#1022=VERTEX_POINT('',#3589);
#1023=VERTEX_POINT('',#3592);
#1024=VERTEX_POINT('',#3594);
#1025=VERTEX_POINT('',#3602);
#1026=VERTEX_POINT('',#3604);
#1027=VERTEX_POINT('',#3606);
#1028=VERTEX_POINT('',#3608);
#1029=VERTEX_POINT('',#3612);
#1030=VERTEX_POINT('',#3614);
#1031=VERTEX_POINT('',#3616);
#1032=VERTEX_POINT('',#3618);
#1033=VERTEX_POINT('',#3622);
#1034=VERTEX_POINT('',#3624);
#1035=VERTEX_POINT('',#3628);
#1036=VERTEX_POINT('',#3630);
#1037=VERTEX_POINT('',#3637);
#1038=VERTEX_POINT('',#3639);
#1039=VERTEX_POINT('',#3643);
#1040=VERTEX_POINT('',#3644);
#1041=VERTEX_POINT('',#3649);
#1042=VERTEX_POINT('',#3651);
#1043=VERTEX_POINT('',#3655);
#1044=VERTEX_POINT('',#3656);
#1045=VERTEX_POINT('',#3658);
#1046=VERTEX_POINT('',#3660);
#1047=VERTEX_POINT('',#3662);
#1048=VERTEX_POINT('',#3664);
#1049=VERTEX_POINT('',#3666);
#1050=VERTEX_POINT('',#3670);
#1051=VERTEX_POINT('',#3674);
#1052=VERTEX_POINT('',#3676);
#1053=VERTEX_POINT('',#3680);
#1054=VERTEX_POINT('',#3684);
#1055=VERTEX_POINT('',#3688);
#1056=VERTEX_POINT('',#3690);
#1057=VERTEX_POINT('',#3694);
#1058=VERTEX_POINT('',#3696);
#1059=VERTEX_POINT('',#3698);
#1060=VERTEX_POINT('',#3700);
#1061=VERTEX_POINT('',#3704);
#1062=VERTEX_POINT('',#3708);
#1063=VERTEX_POINT('',#3710);
#1064=VERTEX_POINT('',#3714);
#1065=VERTEX_POINT('',#3718);
#1066=VERTEX_POINT('',#3720);
#1067=VERTEX_POINT('',#3724);
#1068=VERTEX_POINT('',#3726);
#1069=VERTEX_POINT('',#3750);
#1070=VERTEX_POINT('',#3751);
#1071=VERTEX_POINT('',#3753);
#1072=VERTEX_POINT('',#3755);
#1073=VERTEX_POINT('',#3757);
#1074=VERTEX_POINT('',#3759);
#1075=VERTEX_POINT('',#3761);
#1076=VERTEX_POINT('',#3765);
#1077=VERTEX_POINT('',#3769);
#1078=VERTEX_POINT('',#3771);
#1079=VERTEX_POINT('',#3775);
#1080=VERTEX_POINT('',#3779);
#1081=VERTEX_POINT('',#3783);
#1082=VERTEX_POINT('',#3785);
#1083=VERTEX_POINT('',#3789);
#1084=VERTEX_POINT('',#3791);
#1085=VERTEX_POINT('',#3793);
#1086=VERTEX_POINT('',#3795);
#1087=VERTEX_POINT('',#3799);
#1088=VERTEX_POINT('',#3803);
#1089=VERTEX_POINT('',#3805);
#1090=VERTEX_POINT('',#3809);
#1091=VERTEX_POINT('',#3813);
#1092=VERTEX_POINT('',#3815);
#1093=VERTEX_POINT('',#3819);
#1094=VERTEX_POINT('',#3821);
#1095=VERTEX_POINT('',#3845);
#1096=VERTEX_POINT('',#3847);
#1097=VERTEX_POINT('',#3852);
#1098=VERTEX_POINT('',#3853);
#1099=VERTEX_POINT('',#3855);
#1100=VERTEX_POINT('',#3862);
#1101=VERTEX_POINT('',#3864);
#1102=VERTEX_POINT('',#3869);
#1103=VERTEX_POINT('',#3870);
#1104=VERTEX_POINT('',#3872);
#1105=VERTEX_POINT('',#3879);
#1106=VERTEX_POINT('',#3881);
#1107=VERTEX_POINT('',#3886);
#1108=VERTEX_POINT('',#3888);
#1109=VERTEX_POINT('',#3893);
#1110=VERTEX_POINT('',#3895);
#1111=VERTEX_POINT('',#3899);
#1112=VERTEX_POINT('',#3901);
#1113=VERTEX_POINT('',#3906);
#1114=VERTEX_POINT('',#3908);
#1115=VERTEX_POINT('',#3913);
#1116=VERTEX_POINT('',#3915);
#1117=VERTEX_POINT('',#3919);
#1118=VERTEX_POINT('',#3921);
#1119=VERTEX_POINT('',#3926);
#1120=VERTEX_POINT('',#3928);
#1121=VERTEX_POINT('',#3933);
#1122=VERTEX_POINT('',#3934);
#1123=VERTEX_POINT('',#3936);
#1124=VERTEX_POINT('',#3938);
#1125=VERTEX_POINT('',#3942);
#1126=VERTEX_POINT('',#3944);
#1127=VERTEX_POINT('',#3948);
#1128=VERTEX_POINT('',#3950);
#1129=VERTEX_POINT('',#3954);
#1130=VERTEX_POINT('',#3956);
#1131=VERTEX_POINT('',#3958);
#1132=VERTEX_POINT('',#3960);
#1133=VERTEX_POINT('',#3962);
#1134=VERTEX_POINT('',#3964);
#1135=VERTEX_POINT('',#3966);
#1136=VERTEX_POINT('',#3968);
#1137=VERTEX_POINT('',#3972);
#1138=VERTEX_POINT('',#3973);
#1139=VERTEX_POINT('',#3975);
#1140=VERTEX_POINT('',#3977);
#1141=VERTEX_POINT('',#3981);
#1142=VERTEX_POINT('',#3982);
#1143=VERTEX_POINT('',#3987);
#1144=VERTEX_POINT('',#3991);
#1145=VERTEX_POINT('',#3995);
#1146=VERTEX_POINT('',#3998);
#1147=VERTEX_POINT('',#4000);
#1148=VERTEX_POINT('',#4002);
#1149=VERTEX_POINT('',#4007);
#1150=VERTEX_POINT('',#4009);
#1151=VERTEX_POINT('',#4011);
#1152=VERTEX_POINT('',#4016);
#1153=VERTEX_POINT('',#4020);
#1154=VERTEX_POINT('',#4024);
#1155=VERTEX_POINT('',#4025);
#1156=VERTEX_POINT('',#4027);
#1157=VERTEX_POINT('',#4029);
#1158=VERTEX_POINT('',#4031);
#1159=VERTEX_POINT('',#4033);
#1160=VERTEX_POINT('',#4035);
#1161=VERTEX_POINT('',#4037);
#1162=VERTEX_POINT('',#4039);
#1163=VERTEX_POINT('',#4041);
#1164=VERTEX_POINT('',#4043);
#1165=VERTEX_POINT('',#4045);
#1166=VERTEX_POINT('',#4047);
#1167=VERTEX_POINT('',#4049);
#1168=VERTEX_POINT('',#4051);
#1169=VERTEX_POINT('',#4053);
#1170=VERTEX_POINT('',#4055);
#1171=VERTEX_POINT('',#4057);
#1172=VERTEX_POINT('',#4059);
#1173=VERTEX_POINT('',#4061);
#1174=VERTEX_POINT('',#4063);
#1175=VERTEX_POINT('',#4065);
#1176=VERTEX_POINT('',#4067);
#1177=VERTEX_POINT('',#4069);
#1178=VERTEX_POINT('',#4071);
#1179=VERTEX_POINT('',#4073);
#1180=VERTEX_POINT('',#4075);
#1181=VERTEX_POINT('',#4078);
#1182=VERTEX_POINT('',#4080);
#1183=VERTEX_POINT('',#4082);
#1184=VERTEX_POINT('',#4084);
#1185=VERTEX_POINT('',#4097);
#1186=VERTEX_POINT('',#4105);
#1187=VERTEX_POINT('',#4108);
#1188=VERTEX_POINT('',#4109);
#1189=VERTEX_POINT('',#4111);
#1190=VERTEX_POINT('',#4113);
#1191=VERTEX_POINT('',#4115);
#1192=VERTEX_POINT('',#4117);
#1193=VERTEX_POINT('',#4119);
#1194=VERTEX_POINT('',#4123);
#1195=VERTEX_POINT('',#4126);
#1196=VERTEX_POINT('',#4127);
#1197=VERTEX_POINT('',#4132);
#1198=VERTEX_POINT('',#4135);
#1199=VERTEX_POINT('',#4137);
#1200=VERTEX_POINT('',#4141);
#1201=VERTEX_POINT('',#4143);
#1202=VERTEX_POINT('',#4145);
#1203=VERTEX_POINT('',#4147);
#1204=VERTEX_POINT('',#4149);
#1205=VERTEX_POINT('',#4173);
#1206=VERTEX_POINT('',#4175);
#1207=VERTEX_POINT('',#4179);
#1208=VERTEX_POINT('',#4180);
#1209=VERTEX_POINT('',#4185);
#1210=VERTEX_POINT('',#4187);
#1211=VERTEX_POINT('',#4189);
#1212=VERTEX_POINT('',#4194);
#1213=VERTEX_POINT('',#4198);
#1214=VERTEX_POINT('',#4199);
#1215=VERTEX_POINT('',#4214);
#1216=VERTEX_POINT('',#4220);
#1217=EDGE_CURVE('',#977,#978,#453,.T.);
#1218=EDGE_CURVE('',#977,#979,#454,.T.);
#1219=EDGE_CURVE('',#980,#979,#455,.T.);
#1220=EDGE_CURVE('',#980,#978,#456,.T.);
#1221=EDGE_CURVE('',#981,#982,#457,.T.);
#1222=EDGE_CURVE('',#983,#981,#458,.T.);
#1223=EDGE_CURVE('',#984,#983,#459,.T.);
#1224=EDGE_CURVE('',#984,#982,#460,.T.);
#1225=EDGE_CURVE('',#985,#977,#461,.T.);
#1226=EDGE_CURVE('',#983,#985,#462,.T.);
#1227=EDGE_CURVE('',#986,#981,#463,.T.);
#1228=EDGE_CURVE('',#987,#986,#464,.T.);
#1229=EDGE_CURVE('',#988,#987,#465,.T.);
#1230=EDGE_CURVE('',#988,#979,#466,.T.);
#1231=EDGE_CURVE('',#989,#978,#467,.T.);
#1232=EDGE_CURVE('',#985,#989,#468,.T.);
#1233=EDGE_CURVE('',#990,#986,#469,.T.);
#1234=EDGE_CURVE('',#991,#990,#470,.T.);
#1235=EDGE_CURVE('',#987,#991,#471,.T.);
#1236=EDGE_CURVE('',#992,#988,#472,.T.);
#1237=EDGE_CURVE('',#992,#980,#473,.T.);
#1238=EDGE_CURVE('',#982,#990,#474,.T.);
#1239=EDGE_CURVE('',#989,#984,#475,.T.);
#1240=EDGE_CURVE('',#991,#992,#476,.T.);
#1241=EDGE_CURVE('',#993,#994,#477,.T.);
#1242=EDGE_CURVE('',#993,#995,#478,.T.);
#1243=EDGE_CURVE('',#996,#995,#479,.T.);
#1244=EDGE_CURVE('',#996,#994,#480,.T.);
#1245=EDGE_CURVE('',#997,#998,#481,.T.);
#1246=EDGE_CURVE('',#999,#997,#482,.T.);
#1247=EDGE_CURVE('',#1000,#999,#483,.T.);
#1248=EDGE_CURVE('',#1000,#998,#484,.T.);
#1249=EDGE_CURVE('',#1001,#993,#485,.T.);
#1250=EDGE_CURVE('',#999,#1001,#486,.T.);
#1251=EDGE_CURVE('',#1002,#997,#487,.T.);
#1252=EDGE_CURVE('',#1003,#1002,#488,.T.);
#1253=EDGE_CURVE('',#1004,#1003,#489,.T.);
#1254=EDGE_CURVE('',#1004,#995,#490,.T.);
#1255=EDGE_CURVE('',#1005,#994,#491,.T.);
#1256=EDGE_CURVE('',#1001,#1005,#492,.T.);
#1257=EDGE_CURVE('',#1006,#1002,#493,.T.);
#1258=EDGE_CURVE('',#1007,#1006,#494,.T.);
#1259=EDGE_CURVE('',#1003,#1007,#495,.T.);
#1260=EDGE_CURVE('',#1008,#1004,#496,.T.);
#1261=EDGE_CURVE('',#1008,#996,#497,.T.);
#1262=EDGE_CURVE('',#998,#1006,#498,.T.);
#1263=EDGE_CURVE('',#1005,#1000,#499,.T.);
#1264=EDGE_CURVE('',#1007,#1008,#500,.T.);
#1265=EDGE_CURVE('',#1009,#1010,#501,.T.);
#1266=EDGE_CURVE('',#1011,#1009,#502,.T.);
#1267=EDGE_CURVE('',#1012,#1011,#503,.T.);
#1268=EDGE_CURVE('',#1010,#1012,#504,.T.);
#1269=EDGE_CURVE('',#1013,#1014,#505,.T.);
#1270=EDGE_CURVE('',#1015,#1013,#506,.T.);
#1271=EDGE_CURVE('',#1016,#1015,#507,.T.);
#1272=EDGE_CURVE('',#1014,#1016,#508,.T.);
#1273=EDGE_CURVE('',#1017,#1009,#509,.T.);
#1274=EDGE_CURVE('',#1018,#1017,#510,.T.);
#1275=EDGE_CURVE('',#1018,#1019,#511,.T.);
#1276=EDGE_CURVE('',#1019,#1015,#512,.T.);
#1277=EDGE_CURVE('',#1020,#1013,#513,.T.);
#1278=EDGE_CURVE('',#1011,#1020,#514,.T.);
#1279=EDGE_CURVE('',#1010,#1021,#515,.T.);
#1280=EDGE_CURVE('',#1022,#1012,#516,.T.);
#1281=EDGE_CURVE('',#1014,#1022,#517,.T.);
#1282=EDGE_CURVE('',#1016,#1023,#518,.T.);
#1283=EDGE_CURVE('',#1023,#1024,#519,.T.);
#1284=EDGE_CURVE('',#1021,#1024,#520,.T.);
#1285=EDGE_CURVE('',#1023,#1019,#521,.T.);
#1286=EDGE_CURVE('',#1024,#1018,#522,.T.);
#1287=EDGE_CURVE('',#1017,#1025,#523,.T.);
#1288=EDGE_CURVE('',#1026,#1025,#524,.T.);
#1289=EDGE_CURVE('',#1027,#1026,#525,.T.);
#1290=EDGE_CURVE('',#1028,#1027,#526,.T.);
#1291=EDGE_CURVE('',#1028,#1021,#527,.T.);
#1292=EDGE_CURVE('',#1020,#1029,#528,.T.);
#1293=EDGE_CURVE('',#1030,#1029,#529,.T.);
#1294=EDGE_CURVE('',#1031,#1030,#530,.T.);
#1295=EDGE_CURVE('',#1032,#1031,#531,.T.);
#1296=EDGE_CURVE('',#1032,#1022,#532,.T.);
#1297=EDGE_CURVE('',#1033,#1028,#533,.T.);
#1298=EDGE_CURVE('',#1034,#1033,#534,.T.);
#1299=EDGE_CURVE('',#1025,#1034,#535,.T.);
#1300=EDGE_CURVE('',#1035,#1026,#536,.T.);
#1301=EDGE_CURVE('',#1036,#1035,#537,.T.);
#1302=EDGE_CURVE('',#1027,#1036,#538,.T.);
#1303=EDGE_CURVE('',#1033,#1031,#539,.T.);
#1304=EDGE_CURVE('',#1034,#1030,#540,.T.);
#1305=EDGE_CURVE('',#1037,#1032,#541,.T.);
#1306=EDGE_CURVE('',#1037,#1038,#542,.T.);
#1307=EDGE_CURVE('',#1029,#1038,#543,.T.);
#1308=EDGE_CURVE('',#1039,#1040,#544,.T.);
#1309=EDGE_CURVE('',#1038,#1039,#545,.T.);
#1310=EDGE_CURVE('',#1040,#1037,#546,.T.);
#1311=EDGE_CURVE('',#1040,#1041,#547,.T.);
#1312=EDGE_CURVE('',#1041,#1042,#548,.T.);
#1313=EDGE_CURVE('',#1039,#1042,#549,.T.);
#1314=EDGE_CURVE('',#1043,#1044,#550,.T.);
#1315=EDGE_CURVE('',#1043,#1045,#551,.T.);
#1316=EDGE_CURVE('',#1046,#1045,#552,.T.);
#1317=EDGE_CURVE('',#1047,#1046,#553,.T.);
#1318=EDGE_CURVE('',#1048,#1047,#554,.T.);
#1319=EDGE_CURVE('',#1049,#1048,#158,.T.);
#1320=EDGE_CURVE('',#1050,#1049,#159,.T.);
#1321=EDGE_CURVE('',#1051,#1050,#555,.T.);
#1322=EDGE_CURVE('',#1052,#1051,#160,.T.);
#1323=EDGE_CURVE('',#1053,#1052,#161,.T.);
#1324=EDGE_CURVE('',#1054,#1053,#556,.T.);
#1325=EDGE_CURVE('',#1044,#1054,#557,.T.);
#1326=EDGE_CURVE('',#1055,#1043,#72,.T.);
#1327=EDGE_CURVE('',#1056,#1055,#558,.T.);
#1328=EDGE_CURVE('',#1045,#1056,#73,.T.);
#1329=EDGE_CURVE('',#1057,#1055,#559,.T.);
#1330=EDGE_CURVE('',#1058,#1057,#560,.T.);
#1331=EDGE_CURVE('',#1059,#1058,#561,.T.);
#1332=EDGE_CURVE('',#1060,#1059,#162,.T.);
#1333=EDGE_CURVE('',#1061,#1060,#163,.T.);
#1334=EDGE_CURVE('',#1062,#1061,#562,.T.);
#1335=EDGE_CURVE('',#1063,#1062,#164,.T.);
#1336=EDGE_CURVE('',#1064,#1063,#165,.T.);
#1337=EDGE_CURVE('',#1065,#1064,#563,.T.);
#1338=EDGE_CURVE('',#1066,#1065,#564,.T.);
#1339=EDGE_CURVE('',#1056,#1066,#565,.T.);
#1340=EDGE_CURVE('',#1067,#1067,#74,.T.);
#1341=EDGE_CURVE('',#1067,#1068,#566,.T.);
#1342=EDGE_CURVE('',#1057,#1068,#75,.T.);
#1343=EDGE_CURVE('',#1046,#1044,#76,.T.);
#1344=EDGE_CURVE('',#1068,#1066,#77,.T.);
#1345=EDGE_CURVE('',#1047,#1054,#78,.T.);
#1346=EDGE_CURVE('',#1058,#1065,#79,.T.);
#1347=EDGE_CURVE('',#1048,#1053,#80,.T.);
#1348=EDGE_CURVE('',#1059,#1064,#81,.T.);
#1349=EDGE_CURVE('',#1049,#1052,#82,.T.);
#1350=EDGE_CURVE('',#1060,#1063,#83,.T.);
#1351=EDGE_CURVE('',#1050,#1051,#84,.T.);
#1352=EDGE_CURVE('',#1061,#1062,#85,.T.);
#1353=EDGE_CURVE('',#1069,#1070,#567,.T.);
#1354=EDGE_CURVE('',#1069,#1071,#568,.T.);
#1355=EDGE_CURVE('',#1072,#1071,#569,.T.);
#1356=EDGE_CURVE('',#1073,#1072,#570,.T.);
#1357=EDGE_CURVE('',#1074,#1073,#571,.T.);
#1358=EDGE_CURVE('',#1075,#1074,#166,.T.);
#1359=EDGE_CURVE('',#1076,#1075,#167,.T.);
#1360=EDGE_CURVE('',#1077,#1076,#572,.T.);
#1361=EDGE_CURVE('',#1078,#1077,#168,.T.);
#1362=EDGE_CURVE('',#1079,#1078,#169,.T.);
#1363=EDGE_CURVE('',#1080,#1079,#573,.T.);
#1364=EDGE_CURVE('',#1070,#1080,#574,.T.);
#1365=EDGE_CURVE('',#1081,#1069,#86,.T.);
#1366=EDGE_CURVE('',#1082,#1081,#575,.T.);
#1367=EDGE_CURVE('',#1071,#1082,#87,.T.);
#1368=EDGE_CURVE('',#1083,#1081,#576,.T.);
#1369=EDGE_CURVE('',#1084,#1083,#577,.T.);
#1370=EDGE_CURVE('',#1085,#1084,#578,.T.);
#1371=EDGE_CURVE('',#1086,#1085,#170,.T.);
#1372=EDGE_CURVE('',#1087,#1086,#171,.T.);
#1373=EDGE_CURVE('',#1088,#1087,#579,.T.);
#1374=EDGE_CURVE('',#1089,#1088,#172,.T.);
#1375=EDGE_CURVE('',#1090,#1089,#173,.T.);
#1376=EDGE_CURVE('',#1091,#1090,#580,.T.);
#1377=EDGE_CURVE('',#1092,#1091,#581,.T.);
#1378=EDGE_CURVE('',#1082,#1092,#582,.T.);
#1379=EDGE_CURVE('',#1093,#1093,#88,.T.);
#1380=EDGE_CURVE('',#1093,#1094,#583,.T.);
#1381=EDGE_CURVE('',#1083,#1094,#89,.T.);
#1382=EDGE_CURVE('',#1072,#1070,#90,.T.);
#1383=EDGE_CURVE('',#1094,#1092,#91,.T.);
#1384=EDGE_CURVE('',#1073,#1080,#92,.T.);
#1385=EDGE_CURVE('',#1084,#1091,#93,.T.);
#1386=EDGE_CURVE('',#1074,#1079,#94,.T.);
#1387=EDGE_CURVE('',#1085,#1090,#95,.T.);
#1388=EDGE_CURVE('',#1075,#1078,#96,.T.);
#1389=EDGE_CURVE('',#1086,#1089,#97,.T.);
#1390=EDGE_CURVE('',#1076,#1077,#98,.T.);
#1391=EDGE_CURVE('',#1087,#1088,#99,.T.);
#1392=EDGE_CURVE('',#1095,#1095,#100,.T.);
#1393=EDGE_CURVE('',#1095,#1096,#584,.T.);
#1394=EDGE_CURVE('',#1096,#1096,#101,.T.);
#1395=EDGE_CURVE('',#1097,#1098,#102,.T.);
#1396=EDGE_CURVE('',#1099,#1097,#103,.T.);
#1397=EDGE_CURVE('',#1098,#1099,#104,.T.);
#1398=EDGE_CURVE('',#1098,#1096,#585,.T.);
#1399=EDGE_CURVE('',#1097,#1099,#586,.T.);
#1400=EDGE_CURVE('',#1100,#1100,#105,.T.);
#1401=EDGE_CURVE('',#1100,#1101,#587,.T.);
#1402=EDGE_CURVE('',#1101,#1101,#106,.T.);
#1403=EDGE_CURVE('',#1102,#1103,#107,.T.);
#1404=EDGE_CURVE('',#1104,#1102,#108,.T.);
#1405=EDGE_CURVE('',#1103,#1104,#109,.T.);
#1406=EDGE_CURVE('',#1103,#1101,#588,.T.);
#1407=EDGE_CURVE('',#1102,#1104,#589,.T.);
#1408=EDGE_CURVE('',#1105,#1105,#110,.T.);
#1409=EDGE_CURVE('',#1105,#1106,#590,.T.);
#1410=EDGE_CURVE('',#1106,#1106,#111,.T.);
#1411=EDGE_CURVE('',#1107,#1107,#112,.T.);
#1412=EDGE_CURVE('',#1107,#1108,#591,.T.);
#1413=EDGE_CURVE('',#1108,#1108,#113,.T.);
#1414=EDGE_CURVE('',#1109,#1109,#114,.T.);
#1415=EDGE_CURVE('',#1109,#1110,#592,.T.);
#1416=EDGE_CURVE('',#1110,#1110,#115,.T.);
#1417=EDGE_CURVE('',#1111,#1111,#116,.T.);
#1418=EDGE_CURVE('',#1111,#1112,#593,.T.);
#1419=EDGE_CURVE('',#1112,#1112,#117,.T.);
#1420=EDGE_CURVE('',#1113,#1113,#118,.T.);
#1421=EDGE_CURVE('',#1113,#1114,#594,.T.);
#1422=EDGE_CURVE('',#1114,#1114,#119,.T.);
#1423=EDGE_CURVE('',#1115,#1115,#120,.T.);
#1424=EDGE_CURVE('',#1115,#1116,#595,.T.);
#1425=EDGE_CURVE('',#1116,#1116,#121,.T.);
#1426=EDGE_CURVE('',#1117,#1117,#122,.T.);
#1427=EDGE_CURVE('',#1117,#1118,#596,.T.);
#1428=EDGE_CURVE('',#1118,#1118,#123,.T.);
#1429=EDGE_CURVE('',#1119,#1119,#124,.T.);
#1430=EDGE_CURVE('',#1119,#1120,#597,.T.);
#1431=EDGE_CURVE('',#1120,#1120,#125,.T.);
#1432=EDGE_CURVE('',#1121,#1122,#598,.T.);
#1433=EDGE_CURVE('',#1121,#1123,#599,.T.);
#1434=EDGE_CURVE('',#1124,#1123,#600,.T.);
#1435=EDGE_CURVE('',#1122,#1124,#601,.T.);
#1436=EDGE_CURVE('',#1125,#1121,#602,.T.);
#1437=EDGE_CURVE('',#1126,#1125,#603,.T.);
#1438=EDGE_CURVE('',#1123,#1126,#604,.T.);
#1439=EDGE_CURVE('',#1127,#1125,#605,.T.);
#1440=EDGE_CURVE('',#1128,#1127,#606,.T.);
#1441=EDGE_CURVE('',#1126,#1128,#607,.T.);
#1442=EDGE_CURVE('',#1129,#1122,#608,.T.);
#1443=EDGE_CURVE('',#1130,#1129,#609,.T.);
#1444=EDGE_CURVE('',#1130,#1131,#610,.T.);
#1445=EDGE_CURVE('',#1132,#1131,#611,.T.);
#1446=EDGE_CURVE('',#1133,#1132,#612,.T.);
#1447=EDGE_CURVE('',#1133,#1134,#613,.T.);
#1448=EDGE_CURVE('',#1134,#1135,#614,.T.);
#1449=EDGE_CURVE('',#1135,#1136,#615,.T.);
#1450=EDGE_CURVE('',#1127,#1136,#616,.T.);
#1451=EDGE_CURVE('',#1137,#1138,#617,.T.);
#1452=EDGE_CURVE('',#1139,#1137,#618,.T.);
#1453=EDGE_CURVE('',#1139,#1140,#619,.T.);
#1454=EDGE_CURVE('',#1138,#1140,#620,.T.);
#1455=EDGE_CURVE('',#1141,#1142,#621,.T.);
#1456=EDGE_CURVE('',#1140,#1141,#622,.T.);
#1457=EDGE_CURVE('',#1142,#1139,#623,.T.);
#1458=EDGE_CURVE('',#1143,#1137,#624,.T.);
#1459=EDGE_CURVE('',#1142,#1143,#625,.T.);
#1460=EDGE_CURVE('',#1144,#1143,#626,.T.);
#1461=EDGE_CURVE('',#1141,#1144,#627,.T.);
#1462=EDGE_CURVE('',#1145,#1036,#628,.T.);
#1463=EDGE_CURVE('',#1135,#1145,#629,.T.);
#1464=EDGE_CURVE('',#1134,#1146,#630,.T.);
#1465=EDGE_CURVE('',#1146,#1147,#631,.T.);
#1466=EDGE_CURVE('',#1147,#1148,#632,.T.);
#1467=EDGE_CURVE('',#1148,#1097,#633,.T.);
#1468=EDGE_CURVE('',#1099,#1144,#634,.T.);
#1469=EDGE_CURVE('',#1138,#1102,#635,.T.);
#1470=EDGE_CURVE('',#1104,#1149,#636,.T.);
#1471=EDGE_CURVE('',#1149,#1150,#637,.T.);
#1472=EDGE_CURVE('',#1150,#1151,#638,.T.);
#1473=EDGE_CURVE('',#1151,#1131,#639,.T.);
#1474=EDGE_CURVE('',#1041,#1130,#640,.T.);
#1475=EDGE_CURVE('',#1152,#1133,#641,.T.);
#1476=EDGE_CURVE('',#1146,#1152,#642,.T.);
#1477=EDGE_CURVE('',#1153,#1151,#643,.T.);
#1478=EDGE_CURVE('',#1132,#1153,#644,.T.);
#1479=EDGE_CURVE('',#1154,#1155,#645,.T.);
#1480=EDGE_CURVE('',#1155,#1156,#126,.T.);
#1481=EDGE_CURVE('',#1156,#1157,#646,.T.);
#1482=EDGE_CURVE('',#1157,#1158,#127,.T.);
#1483=EDGE_CURVE('',#1158,#1159,#647,.T.);
#1484=EDGE_CURVE('',#1159,#1160,#128,.T.);
#1485=EDGE_CURVE('',#1160,#1161,#648,.T.);
#1486=EDGE_CURVE('',#1161,#1162,#129,.T.);
#1487=EDGE_CURVE('',#1162,#1163,#649,.T.);
#1488=EDGE_CURVE('',#1163,#1164,#130,.T.);
#1489=EDGE_CURVE('',#1164,#1165,#131,.T.);
#1490=EDGE_CURVE('',#1165,#1166,#650,.T.);
#1491=EDGE_CURVE('',#1166,#1167,#132,.T.);
#1492=EDGE_CURVE('',#1167,#1168,#651,.T.);
#1493=EDGE_CURVE('',#1168,#1169,#133,.T.);
#1494=EDGE_CURVE('',#1169,#1170,#134,.T.);
#1495=EDGE_CURVE('',#1170,#1171,#652,.T.);
#1496=EDGE_CURVE('',#1171,#1172,#135,.T.);
#1497=EDGE_CURVE('',#1172,#1173,#653,.T.);
#1498=EDGE_CURVE('',#1173,#1174,#136,.T.);
#1499=EDGE_CURVE('',#1174,#1175,#654,.T.);
#1500=EDGE_CURVE('',#1175,#1176,#137,.T.);
#1501=EDGE_CURVE('',#1176,#1177,#138,.T.);
#1502=EDGE_CURVE('',#1177,#1178,#655,.T.);
#1503=EDGE_CURVE('',#1178,#1179,#139,.T.);
#1504=EDGE_CURVE('',#1179,#1180,#656,.T.);
#1505=EDGE_CURVE('',#1180,#1154,#140,.T.);
#1506=EDGE_CURVE('',#1153,#1181,#657,.T.);
#1507=EDGE_CURVE('',#1181,#1182,#658,.T.);
#1508=EDGE_CURVE('',#1182,#1183,#659,.T.);
#1509=EDGE_CURVE('',#1183,#1184,#660,.T.);
#1510=EDGE_CURVE('',#1184,#1152,#661,.T.);
#1511=EDGE_CURVE('',#1181,#1150,#662,.T.);
#1512=EDGE_CURVE('',#1183,#1148,#663,.T.);
#1513=EDGE_CURVE('',#1182,#1149,#664,.T.);
#1514=EDGE_CURVE('',#1184,#1147,#665,.T.);
#1515=EDGE_CURVE('',#1185,#1035,#666,.T.);
#1516=EDGE_CURVE('',#1145,#1185,#667,.T.);
#1517=EDGE_CURVE('',#1042,#1129,#668,.T.);
#1518=EDGE_CURVE('',#1136,#1185,#669,.T.);
#1519=EDGE_CURVE('',#1186,#1186,#141,.T.);
#1520=EDGE_CURVE('',#1187,#1188,#142,.T.);
#1521=EDGE_CURVE('',#1188,#1189,#143,.T.);
#1522=EDGE_CURVE('',#1189,#1190,#670,.T.);
#1523=EDGE_CURVE('',#1190,#1191,#144,.T.);
#1524=EDGE_CURVE('',#1192,#1191,#671,.T.);
#1525=EDGE_CURVE('',#1192,#1193,#145,.T.);
#1526=EDGE_CURVE('',#1193,#1187,#672,.T.);
#1527=EDGE_CURVE('',#1194,#1194,#146,.T.);
#1528=EDGE_CURVE('',#1195,#1196,#147,.T.);
#1529=EDGE_CURVE('',#1176,#1195,#673,.T.);
#1530=EDGE_CURVE('',#1175,#1196,#674,.T.);
#1531=EDGE_CURVE('',#1197,#1128,#675,.T.);
#1532=EDGE_CURVE('',#1195,#1197,#676,.T.);
#1533=EDGE_CURVE('',#1195,#1198,#677,.T.);
#1534=EDGE_CURVE('',#1198,#1199,#678,.T.);
#1535=EDGE_CURVE('',#1124,#1199,#679,.T.);
#1536=EDGE_CURVE('',#1196,#1200,#680,.T.);
#1537=EDGE_CURVE('',#1200,#1201,#148,.T.);
#1538=EDGE_CURVE('',#1201,#1202,#681,.T.);
#1539=EDGE_CURVE('',#1202,#1203,#149,.T.);
#1540=EDGE_CURVE('',#1203,#1204,#682,.T.);
#1541=EDGE_CURVE('',#1204,#1198,#150,.T.);
#1542=EDGE_CURVE('',#1174,#1200,#683,.T.);
#1543=EDGE_CURVE('',#1170,#1204,#684,.T.);
#1544=EDGE_CURVE('',#1169,#1198,#685,.T.);
#1545=EDGE_CURVE('',#1171,#1203,#686,.T.);
#1546=EDGE_CURVE('',#1173,#1201,#687,.T.);
#1547=EDGE_CURVE('',#1172,#1202,#688,.T.);
#1548=EDGE_CURVE('',#1156,#1192,#689,.T.);
#1549=EDGE_CURVE('',#1155,#1193,#690,.T.);
#1550=EDGE_CURVE('',#1154,#1187,#691,.T.);
#1551=EDGE_CURVE('',#1179,#1190,#692,.T.);
#1552=EDGE_CURVE('',#1178,#1191,#693,.T.);
#1553=EDGE_CURVE('',#1177,#1205,#694,.T.);
#1554=EDGE_CURVE('',#1206,#1205,#695,.T.);
#1555=EDGE_CURVE('',#1157,#1206,#696,.T.);
#1556=EDGE_CURVE('',#1207,#1208,#151,.T.);
#1557=EDGE_CURVE('',#1162,#1207,#697,.T.);
#1558=EDGE_CURVE('',#1161,#1208,#698,.T.);
#1559=EDGE_CURVE('',#1209,#1208,#699,.T.);
#1560=EDGE_CURVE('',#1160,#1210,#700,.T.);
#1561=EDGE_CURVE('',#1211,#1210,#701,.T.);
#1562=EDGE_CURVE('',#1168,#1211,#702,.T.);
#1563=EDGE_CURVE('',#1167,#1209,#703,.T.);
#1564=EDGE_CURVE('',#1209,#1212,#152,.T.);
#1565=EDGE_CURVE('',#1166,#1212,#704,.T.);
#1566=EDGE_CURVE('',#1213,#1214,#153,.T.);
#1567=EDGE_CURVE('',#1214,#1207,#705,.T.);
#1568=EDGE_CURVE('',#1212,#1213,#706,.T.);
#1569=EDGE_CURVE('',#1165,#1213,#707,.T.);
#1570=EDGE_CURVE('',#1180,#1189,#708,.T.);
#1571=EDGE_CURVE('',#1188,#1186,#709,.T.);
#1572=EDGE_CURVE('',#1163,#1214,#710,.T.);
#1573=EDGE_CURVE('',#1164,#1194,#711,.T.);
#1574=EDGE_CURVE('',#1215,#1206,#154,.T.);
#1575=EDGE_CURVE('',#1158,#1215,#712,.T.);
#1576=EDGE_CURVE('',#1205,#1197,#155,.T.);
#1577=EDGE_CURVE('',#1159,#1216,#713,.T.);
#1578=EDGE_CURVE('',#1210,#1216,#156,.T.);
#1579=EDGE_CURVE('',#1199,#1211,#157,.T.);
#1580=EDGE_CURVE('',#1216,#1215,#714,.T.);
#1581=ORIENTED_EDGE('',*,*,#1217,.F.);
#1582=ORIENTED_EDGE('',*,*,#1218,.T.);
#1583=ORIENTED_EDGE('',*,*,#1219,.F.);
#1584=ORIENTED_EDGE('',*,*,#1220,.T.);
#1585=ORIENTED_EDGE('',*,*,#1221,.F.);
#1586=ORIENTED_EDGE('',*,*,#1222,.F.);
#1587=ORIENTED_EDGE('',*,*,#1223,.F.);
#1588=ORIENTED_EDGE('',*,*,#1224,.T.);
#1589=ORIENTED_EDGE('',*,*,#1225,.F.);
#1590=ORIENTED_EDGE('',*,*,#1226,.F.);
#1591=ORIENTED_EDGE('',*,*,#1222,.T.);
#1592=ORIENTED_EDGE('',*,*,#1227,.F.);
#1593=ORIENTED_EDGE('',*,*,#1228,.F.);
#1594=ORIENTED_EDGE('',*,*,#1229,.F.);
#1595=ORIENTED_EDGE('',*,*,#1230,.T.);
#1596=ORIENTED_EDGE('',*,*,#1218,.F.);
#1597=ORIENTED_EDGE('',*,*,#1217,.T.);
#1598=ORIENTED_EDGE('',*,*,#1231,.F.);
#1599=ORIENTED_EDGE('',*,*,#1232,.F.);
#1600=ORIENTED_EDGE('',*,*,#1225,.T.);
#1601=ORIENTED_EDGE('',*,*,#1233,.F.);
#1602=ORIENTED_EDGE('',*,*,#1234,.F.);
#1603=ORIENTED_EDGE('',*,*,#1235,.F.);
#1604=ORIENTED_EDGE('',*,*,#1228,.T.);
#1605=ORIENTED_EDGE('',*,*,#1219,.T.);
#1606=ORIENTED_EDGE('',*,*,#1230,.F.);
#1607=ORIENTED_EDGE('',*,*,#1236,.F.);
#1608=ORIENTED_EDGE('',*,*,#1237,.T.);
#1609=ORIENTED_EDGE('',*,*,#1221,.T.);
#1610=ORIENTED_EDGE('',*,*,#1238,.T.);
#1611=ORIENTED_EDGE('',*,*,#1233,.T.);
#1612=ORIENTED_EDGE('',*,*,#1227,.T.);
#1613=ORIENTED_EDGE('',*,*,#1238,.F.);
#1614=ORIENTED_EDGE('',*,*,#1224,.F.);
#1615=ORIENTED_EDGE('',*,*,#1239,.F.);
#1616=ORIENTED_EDGE('',*,*,#1231,.T.);
#1617=ORIENTED_EDGE('',*,*,#1220,.F.);
#1618=ORIENTED_EDGE('',*,*,#1237,.F.);
#1619=ORIENTED_EDGE('',*,*,#1240,.F.);
#1620=ORIENTED_EDGE('',*,*,#1234,.T.);
#1621=ORIENTED_EDGE('',*,*,#1241,.F.);
#1622=ORIENTED_EDGE('',*,*,#1242,.T.);
#1623=ORIENTED_EDGE('',*,*,#1243,.F.);
#1624=ORIENTED_EDGE('',*,*,#1244,.T.);
#1625=ORIENTED_EDGE('',*,*,#1245,.F.);
#1626=ORIENTED_EDGE('',*,*,#1246,.F.);
#1627=ORIENTED_EDGE('',*,*,#1247,.F.);
#1628=ORIENTED_EDGE('',*,*,#1248,.T.);
#1629=ORIENTED_EDGE('',*,*,#1249,.F.);
#1630=ORIENTED_EDGE('',*,*,#1250,.F.);
#1631=ORIENTED_EDGE('',*,*,#1246,.T.);
#1632=ORIENTED_EDGE('',*,*,#1251,.F.);
#1633=ORIENTED_EDGE('',*,*,#1252,.F.);
#1634=ORIENTED_EDGE('',*,*,#1253,.F.);
#1635=ORIENTED_EDGE('',*,*,#1254,.T.);
#1636=ORIENTED_EDGE('',*,*,#1242,.F.);
#1637=ORIENTED_EDGE('',*,*,#1241,.T.);
#1638=ORIENTED_EDGE('',*,*,#1255,.F.);
#1639=ORIENTED_EDGE('',*,*,#1256,.F.);
#1640=ORIENTED_EDGE('',*,*,#1249,.T.);
#1641=ORIENTED_EDGE('',*,*,#1257,.F.);
#1642=ORIENTED_EDGE('',*,*,#1258,.F.);
#1643=ORIENTED_EDGE('',*,*,#1259,.F.);
#1644=ORIENTED_EDGE('',*,*,#1252,.T.);
#1645=ORIENTED_EDGE('',*,*,#1243,.T.);
#1646=ORIENTED_EDGE('',*,*,#1254,.F.);
#1647=ORIENTED_EDGE('',*,*,#1260,.F.);
#1648=ORIENTED_EDGE('',*,*,#1261,.T.);
#1649=ORIENTED_EDGE('',*,*,#1245,.T.);
#1650=ORIENTED_EDGE('',*,*,#1262,.T.);
#1651=ORIENTED_EDGE('',*,*,#1257,.T.);
#1652=ORIENTED_EDGE('',*,*,#1251,.T.);
#1653=ORIENTED_EDGE('',*,*,#1262,.F.);
#1654=ORIENTED_EDGE('',*,*,#1248,.F.);
#1655=ORIENTED_EDGE('',*,*,#1263,.F.);
#1656=ORIENTED_EDGE('',*,*,#1255,.T.);
#1657=ORIENTED_EDGE('',*,*,#1244,.F.);
#1658=ORIENTED_EDGE('',*,*,#1261,.F.);
#1659=ORIENTED_EDGE('',*,*,#1264,.F.);
#1660=ORIENTED_EDGE('',*,*,#1258,.T.);
#1661=ORIENTED_EDGE('',*,*,#1265,.F.);
#1662=ORIENTED_EDGE('',*,*,#1266,.F.);
#1663=ORIENTED_EDGE('',*,*,#1267,.F.);
#1664=ORIENTED_EDGE('',*,*,#1268,.F.);
#1665=ORIENTED_EDGE('',*,*,#1269,.F.);
#1666=ORIENTED_EDGE('',*,*,#1270,.F.);
#1667=ORIENTED_EDGE('',*,*,#1271,.F.);
#1668=ORIENTED_EDGE('',*,*,#1272,.F.);
#1669=ORIENTED_EDGE('',*,*,#1273,.F.);
#1670=ORIENTED_EDGE('',*,*,#1274,.F.);
#1671=ORIENTED_EDGE('',*,*,#1275,.T.);
#1672=ORIENTED_EDGE('',*,*,#1276,.T.);
#1673=ORIENTED_EDGE('',*,*,#1270,.T.);
#1674=ORIENTED_EDGE('',*,*,#1277,.F.);
#1675=ORIENTED_EDGE('',*,*,#1278,.F.);
#1676=ORIENTED_EDGE('',*,*,#1266,.T.);
#1677=ORIENTED_EDGE('',*,*,#1279,.F.);
#1678=ORIENTED_EDGE('',*,*,#1268,.T.);
#1679=ORIENTED_EDGE('',*,*,#1280,.F.);
#1680=ORIENTED_EDGE('',*,*,#1281,.F.);
#1681=ORIENTED_EDGE('',*,*,#1272,.T.);
#1682=ORIENTED_EDGE('',*,*,#1282,.T.);
#1683=ORIENTED_EDGE('',*,*,#1283,.T.);
#1684=ORIENTED_EDGE('',*,*,#1284,.F.);
#1685=ORIENTED_EDGE('',*,*,#1271,.T.);
#1686=ORIENTED_EDGE('',*,*,#1276,.F.);
#1687=ORIENTED_EDGE('',*,*,#1285,.F.);
#1688=ORIENTED_EDGE('',*,*,#1282,.F.);
#1689=ORIENTED_EDGE('',*,*,#1286,.F.);
#1690=ORIENTED_EDGE('',*,*,#1283,.F.);
#1691=ORIENTED_EDGE('',*,*,#1285,.T.);
#1692=ORIENTED_EDGE('',*,*,#1275,.F.);
#1693=ORIENTED_EDGE('',*,*,#1284,.T.);
#1694=ORIENTED_EDGE('',*,*,#1286,.T.);
#1695=ORIENTED_EDGE('',*,*,#1274,.T.);
#1696=ORIENTED_EDGE('',*,*,#1287,.T.);
#1697=ORIENTED_EDGE('',*,*,#1288,.F.);
#1698=ORIENTED_EDGE('',*,*,#1289,.F.);
#1699=ORIENTED_EDGE('',*,*,#1290,.F.);
#1700=ORIENTED_EDGE('',*,*,#1291,.T.);
#1701=ORIENTED_EDGE('',*,*,#1280,.T.);
#1702=ORIENTED_EDGE('',*,*,#1267,.T.);
#1703=ORIENTED_EDGE('',*,*,#1278,.T.);
#1704=ORIENTED_EDGE('',*,*,#1292,.T.);
#1705=ORIENTED_EDGE('',*,*,#1293,.F.);
#1706=ORIENTED_EDGE('',*,*,#1294,.F.);
#1707=ORIENTED_EDGE('',*,*,#1295,.F.);
#1708=ORIENTED_EDGE('',*,*,#1296,.T.);
#1709=ORIENTED_EDGE('',*,*,#1279,.T.);
#1710=ORIENTED_EDGE('',*,*,#1291,.F.);
#1711=ORIENTED_EDGE('',*,*,#1297,.F.);
#1712=ORIENTED_EDGE('',*,*,#1298,.F.);
#1713=ORIENTED_EDGE('',*,*,#1299,.F.);
#1714=ORIENTED_EDGE('',*,*,#1287,.F.);
#1715=ORIENTED_EDGE('',*,*,#1273,.T.);
#1716=ORIENTED_EDGE('',*,*,#1265,.T.);
#1717=ORIENTED_EDGE('',*,*,#1289,.T.);
#1718=ORIENTED_EDGE('',*,*,#1300,.F.);
#1719=ORIENTED_EDGE('',*,*,#1301,.F.);
#1720=ORIENTED_EDGE('',*,*,#1302,.F.);
#1721=ORIENTED_EDGE('',*,*,#1298,.T.);
#1722=ORIENTED_EDGE('',*,*,#1303,.T.);
#1723=ORIENTED_EDGE('',*,*,#1294,.T.);
#1724=ORIENTED_EDGE('',*,*,#1304,.F.);
#1725=ORIENTED_EDGE('',*,*,#1281,.T.);
#1726=ORIENTED_EDGE('',*,*,#1296,.F.);
#1727=ORIENTED_EDGE('',*,*,#1305,.F.);
#1728=ORIENTED_EDGE('',*,*,#1306,.T.);
#1729=ORIENTED_EDGE('',*,*,#1307,.F.);
#1730=ORIENTED_EDGE('',*,*,#1292,.F.);
#1731=ORIENTED_EDGE('',*,*,#1277,.T.);
#1732=ORIENTED_EDGE('',*,*,#1269,.T.);
#1733=ORIENTED_EDGE('',*,*,#1308,.F.);
#1734=ORIENTED_EDGE('',*,*,#1309,.F.);
#1735=ORIENTED_EDGE('',*,*,#1306,.F.);
#1736=ORIENTED_EDGE('',*,*,#1310,.F.);
#1737=ORIENTED_EDGE('',*,*,#1308,.T.);
#1738=ORIENTED_EDGE('',*,*,#1311,.T.);
#1739=ORIENTED_EDGE('',*,*,#1312,.T.);
#1740=ORIENTED_EDGE('',*,*,#1313,.F.);
#1741=ORIENTED_EDGE('',*,*,#1314,.F.);
#1742=ORIENTED_EDGE('',*,*,#1315,.T.);
#1743=ORIENTED_EDGE('',*,*,#1316,.F.);
#1744=ORIENTED_EDGE('',*,*,#1317,.F.);
#1745=ORIENTED_EDGE('',*,*,#1318,.F.);
#1746=ORIENTED_EDGE('',*,*,#1319,.F.);
#1747=ORIENTED_EDGE('',*,*,#1320,.F.);
#1748=ORIENTED_EDGE('',*,*,#1321,.F.);
#1749=ORIENTED_EDGE('',*,*,#1322,.F.);
#1750=ORIENTED_EDGE('',*,*,#1323,.F.);
#1751=ORIENTED_EDGE('',*,*,#1324,.F.);
#1752=ORIENTED_EDGE('',*,*,#1325,.F.);
#1753=ORIENTED_EDGE('',*,*,#1326,.F.);
#1754=ORIENTED_EDGE('',*,*,#1327,.F.);
#1755=ORIENTED_EDGE('',*,*,#1328,.F.);
#1756=ORIENTED_EDGE('',*,*,#1315,.F.);
#1757=ORIENTED_EDGE('',*,*,#1329,.F.);
#1758=ORIENTED_EDGE('',*,*,#1330,.F.);
#1759=ORIENTED_EDGE('',*,*,#1331,.F.);
#1760=ORIENTED_EDGE('',*,*,#1332,.F.);
#1761=ORIENTED_EDGE('',*,*,#1333,.F.);
#1762=ORIENTED_EDGE('',*,*,#1334,.F.);
#1763=ORIENTED_EDGE('',*,*,#1335,.F.);
#1764=ORIENTED_EDGE('',*,*,#1336,.F.);
#1765=ORIENTED_EDGE('',*,*,#1337,.F.);
#1766=ORIENTED_EDGE('',*,*,#1338,.F.);
#1767=ORIENTED_EDGE('',*,*,#1339,.F.);
#1768=ORIENTED_EDGE('',*,*,#1327,.T.);
#1769=ORIENTED_EDGE('',*,*,#1340,.F.);
#1770=ORIENTED_EDGE('',*,*,#1341,.T.);
#1771=ORIENTED_EDGE('',*,*,#1342,.F.);
#1772=ORIENTED_EDGE('',*,*,#1329,.T.);
#1773=ORIENTED_EDGE('',*,*,#1326,.T.);
#1774=ORIENTED_EDGE('',*,*,#1314,.T.);
#1775=ORIENTED_EDGE('',*,*,#1343,.F.);
#1776=ORIENTED_EDGE('',*,*,#1316,.T.);
#1777=ORIENTED_EDGE('',*,*,#1328,.T.);
#1778=ORIENTED_EDGE('',*,*,#1339,.T.);
#1779=ORIENTED_EDGE('',*,*,#1344,.F.);
#1780=ORIENTED_EDGE('',*,*,#1341,.F.);
#1781=ORIENTED_EDGE('',*,*,#1325,.T.);
#1782=ORIENTED_EDGE('',*,*,#1345,.F.);
#1783=ORIENTED_EDGE('',*,*,#1317,.T.);
#1784=ORIENTED_EDGE('',*,*,#1343,.T.);
#1785=ORIENTED_EDGE('',*,*,#1330,.T.);
#1786=ORIENTED_EDGE('',*,*,#1342,.T.);
#1787=ORIENTED_EDGE('',*,*,#1344,.T.);
#1788=ORIENTED_EDGE('',*,*,#1338,.T.);
#1789=ORIENTED_EDGE('',*,*,#1346,.F.);
#1790=ORIENTED_EDGE('',*,*,#1324,.T.);
#1791=ORIENTED_EDGE('',*,*,#1347,.F.);
#1792=ORIENTED_EDGE('',*,*,#1318,.T.);
#1793=ORIENTED_EDGE('',*,*,#1345,.T.);
#1794=ORIENTED_EDGE('',*,*,#1331,.T.);
#1795=ORIENTED_EDGE('',*,*,#1346,.T.);
#1796=ORIENTED_EDGE('',*,*,#1337,.T.);
#1797=ORIENTED_EDGE('',*,*,#1348,.F.);
#1798=ORIENTED_EDGE('',*,*,#1323,.T.);
#1799=ORIENTED_EDGE('',*,*,#1349,.F.);
#1800=ORIENTED_EDGE('',*,*,#1319,.T.);
#1801=ORIENTED_EDGE('',*,*,#1347,.T.);
#1802=ORIENTED_EDGE('',*,*,#1332,.T.);
#1803=ORIENTED_EDGE('',*,*,#1348,.T.);
#1804=ORIENTED_EDGE('',*,*,#1336,.T.);
#1805=ORIENTED_EDGE('',*,*,#1350,.F.);
#1806=ORIENTED_EDGE('',*,*,#1321,.T.);
#1807=ORIENTED_EDGE('',*,*,#1351,.T.);
#1808=ORIENTED_EDGE('',*,*,#1322,.T.);
#1809=ORIENTED_EDGE('',*,*,#1351,.F.);
#1810=ORIENTED_EDGE('',*,*,#1320,.T.);
#1811=ORIENTED_EDGE('',*,*,#1349,.T.);
#1812=ORIENTED_EDGE('',*,*,#1333,.T.);
#1813=ORIENTED_EDGE('',*,*,#1350,.T.);
#1814=ORIENTED_EDGE('',*,*,#1335,.T.);
#1815=ORIENTED_EDGE('',*,*,#1352,.F.);
#1816=ORIENTED_EDGE('',*,*,#1334,.T.);
#1817=ORIENTED_EDGE('',*,*,#1352,.T.);
#1818=ORIENTED_EDGE('',*,*,#1353,.F.);
#1819=ORIENTED_EDGE('',*,*,#1354,.T.);
#1820=ORIENTED_EDGE('',*,*,#1355,.F.);
#1821=ORIENTED_EDGE('',*,*,#1356,.F.);
#1822=ORIENTED_EDGE('',*,*,#1357,.F.);
#1823=ORIENTED_EDGE('',*,*,#1358,.F.);
#1824=ORIENTED_EDGE('',*,*,#1359,.F.);
#1825=ORIENTED_EDGE('',*,*,#1360,.F.);
#1826=ORIENTED_EDGE('',*,*,#1361,.F.);
#1827=ORIENTED_EDGE('',*,*,#1362,.F.);
#1828=ORIENTED_EDGE('',*,*,#1363,.F.);
#1829=ORIENTED_EDGE('',*,*,#1364,.F.);
#1830=ORIENTED_EDGE('',*,*,#1365,.F.);
#1831=ORIENTED_EDGE('',*,*,#1366,.F.);
#1832=ORIENTED_EDGE('',*,*,#1367,.F.);
#1833=ORIENTED_EDGE('',*,*,#1354,.F.);
#1834=ORIENTED_EDGE('',*,*,#1368,.F.);
#1835=ORIENTED_EDGE('',*,*,#1369,.F.);
#1836=ORIENTED_EDGE('',*,*,#1370,.F.);
#1837=ORIENTED_EDGE('',*,*,#1371,.F.);
#1838=ORIENTED_EDGE('',*,*,#1372,.F.);
#1839=ORIENTED_EDGE('',*,*,#1373,.F.);
#1840=ORIENTED_EDGE('',*,*,#1374,.F.);
#1841=ORIENTED_EDGE('',*,*,#1375,.F.);
#1842=ORIENTED_EDGE('',*,*,#1376,.F.);
#1843=ORIENTED_EDGE('',*,*,#1377,.F.);
#1844=ORIENTED_EDGE('',*,*,#1378,.F.);
#1845=ORIENTED_EDGE('',*,*,#1366,.T.);
#1846=ORIENTED_EDGE('',*,*,#1379,.F.);
#1847=ORIENTED_EDGE('',*,*,#1380,.T.);
#1848=ORIENTED_EDGE('',*,*,#1381,.F.);
#1849=ORIENTED_EDGE('',*,*,#1368,.T.);
#1850=ORIENTED_EDGE('',*,*,#1365,.T.);
#1851=ORIENTED_EDGE('',*,*,#1353,.T.);
#1852=ORIENTED_EDGE('',*,*,#1382,.F.);
#1853=ORIENTED_EDGE('',*,*,#1355,.T.);
#1854=ORIENTED_EDGE('',*,*,#1367,.T.);
#1855=ORIENTED_EDGE('',*,*,#1378,.T.);
#1856=ORIENTED_EDGE('',*,*,#1383,.F.);
#1857=ORIENTED_EDGE('',*,*,#1380,.F.);
#1858=ORIENTED_EDGE('',*,*,#1364,.T.);
#1859=ORIENTED_EDGE('',*,*,#1384,.F.);
#1860=ORIENTED_EDGE('',*,*,#1356,.T.);
#1861=ORIENTED_EDGE('',*,*,#1382,.T.);
#1862=ORIENTED_EDGE('',*,*,#1369,.T.);
#1863=ORIENTED_EDGE('',*,*,#1381,.T.);
#1864=ORIENTED_EDGE('',*,*,#1383,.T.);
#1865=ORIENTED_EDGE('',*,*,#1377,.T.);
#1866=ORIENTED_EDGE('',*,*,#1385,.F.);
#1867=ORIENTED_EDGE('',*,*,#1363,.T.);
#1868=ORIENTED_EDGE('',*,*,#1386,.F.);
#1869=ORIENTED_EDGE('',*,*,#1357,.T.);
#1870=ORIENTED_EDGE('',*,*,#1384,.T.);
#1871=ORIENTED_EDGE('',*,*,#1370,.T.);
#1872=ORIENTED_EDGE('',*,*,#1385,.T.);
#1873=ORIENTED_EDGE('',*,*,#1376,.T.);
#1874=ORIENTED_EDGE('',*,*,#1387,.F.);
#1875=ORIENTED_EDGE('',*,*,#1362,.T.);
#1876=ORIENTED_EDGE('',*,*,#1388,.F.);
#1877=ORIENTED_EDGE('',*,*,#1358,.T.);
#1878=ORIENTED_EDGE('',*,*,#1386,.T.);
#1879=ORIENTED_EDGE('',*,*,#1371,.T.);
#1880=ORIENTED_EDGE('',*,*,#1387,.T.);
#1881=ORIENTED_EDGE('',*,*,#1375,.T.);
#1882=ORIENTED_EDGE('',*,*,#1389,.F.);
#1883=ORIENTED_EDGE('',*,*,#1360,.T.);
#1884=ORIENTED_EDGE('',*,*,#1390,.T.);
#1885=ORIENTED_EDGE('',*,*,#1361,.T.);
#1886=ORIENTED_EDGE('',*,*,#1390,.F.);
#1887=ORIENTED_EDGE('',*,*,#1359,.T.);
#1888=ORIENTED_EDGE('',*,*,#1388,.T.);
#1889=ORIENTED_EDGE('',*,*,#1372,.T.);
#1890=ORIENTED_EDGE('',*,*,#1389,.T.);
#1891=ORIENTED_EDGE('',*,*,#1374,.T.);
#1892=ORIENTED_EDGE('',*,*,#1391,.F.);
#1893=ORIENTED_EDGE('',*,*,#1373,.T.);
#1894=ORIENTED_EDGE('',*,*,#1391,.T.);
#1895=ORIENTED_EDGE('',*,*,#1392,.F.);
#1896=ORIENTED_EDGE('',*,*,#1393,.T.);
#1897=ORIENTED_EDGE('',*,*,#1394,.T.);
#1898=ORIENTED_EDGE('',*,*,#1393,.F.);
#1899=ORIENTED_EDGE('',*,*,#1392,.T.);
#1900=ORIENTED_EDGE('',*,*,#1395,.F.);
#1901=ORIENTED_EDGE('',*,*,#1396,.F.);
#1902=ORIENTED_EDGE('',*,*,#1397,.F.);
#1903=ORIENTED_EDGE('',*,*,#1398,.T.);
#1904=ORIENTED_EDGE('',*,*,#1394,.F.);
#1905=ORIENTED_EDGE('',*,*,#1398,.F.);
#1906=ORIENTED_EDGE('',*,*,#1399,.T.);
#1907=ORIENTED_EDGE('',*,*,#1396,.T.);
#1908=ORIENTED_EDGE('',*,*,#1400,.F.);
#1909=ORIENTED_EDGE('',*,*,#1401,.T.);
#1910=ORIENTED_EDGE('',*,*,#1402,.T.);
#1911=ORIENTED_EDGE('',*,*,#1401,.F.);
#1912=ORIENTED_EDGE('',*,*,#1400,.T.);
#1913=ORIENTED_EDGE('',*,*,#1403,.F.);
#1914=ORIENTED_EDGE('',*,*,#1404,.F.);
#1915=ORIENTED_EDGE('',*,*,#1405,.F.);
#1916=ORIENTED_EDGE('',*,*,#1406,.T.);
#1917=ORIENTED_EDGE('',*,*,#1402,.F.);
#1918=ORIENTED_EDGE('',*,*,#1406,.F.);
#1919=ORIENTED_EDGE('',*,*,#1407,.T.);
#1920=ORIENTED_EDGE('',*,*,#1404,.T.);
#1921=ORIENTED_EDGE('',*,*,#1408,.F.);
#1922=ORIENTED_EDGE('',*,*,#1409,.T.);
#1923=ORIENTED_EDGE('',*,*,#1410,.T.);
#1924=ORIENTED_EDGE('',*,*,#1409,.F.);
#1925=ORIENTED_EDGE('',*,*,#1410,.F.);
#1926=ORIENTED_EDGE('',*,*,#1340,.T.);
#1927=ORIENTED_EDGE('',*,*,#1411,.F.);
#1928=ORIENTED_EDGE('',*,*,#1412,.T.);
#1929=ORIENTED_EDGE('',*,*,#1413,.T.);
#1930=ORIENTED_EDGE('',*,*,#1412,.F.);
#1931=ORIENTED_EDGE('',*,*,#1413,.F.);
#1932=ORIENTED_EDGE('',*,*,#1379,.T.);
#1933=ORIENTED_EDGE('',*,*,#1414,.F.);
#1934=ORIENTED_EDGE('',*,*,#1415,.T.);
#1935=ORIENTED_EDGE('',*,*,#1416,.F.);
#1936=ORIENTED_EDGE('',*,*,#1415,.F.);
#1937=ORIENTED_EDGE('',*,*,#1417,.T.);
#1938=ORIENTED_EDGE('',*,*,#1418,.T.);
#1939=ORIENTED_EDGE('',*,*,#1419,.F.);
#1940=ORIENTED_EDGE('',*,*,#1418,.F.);
#1941=ORIENTED_EDGE('',*,*,#1417,.F.);
#1942=ORIENTED_EDGE('',*,*,#1416,.T.);
#1943=ORIENTED_EDGE('',*,*,#1420,.T.);
#1944=ORIENTED_EDGE('',*,*,#1421,.T.);
#1945=ORIENTED_EDGE('',*,*,#1422,.F.);
#1946=ORIENTED_EDGE('',*,*,#1421,.F.);
#1947=ORIENTED_EDGE('',*,*,#1420,.F.);
#1948=ORIENTED_EDGE('',*,*,#1419,.T.);
#1949=ORIENTED_EDGE('',*,*,#1423,.F.);
#1950=ORIENTED_EDGE('',*,*,#1424,.T.);
#1951=ORIENTED_EDGE('',*,*,#1425,.F.);
#1952=ORIENTED_EDGE('',*,*,#1424,.F.);
#1953=ORIENTED_EDGE('',*,*,#1426,.T.);
#1954=ORIENTED_EDGE('',*,*,#1427,.T.);
#1955=ORIENTED_EDGE('',*,*,#1428,.F.);
#1956=ORIENTED_EDGE('',*,*,#1427,.F.);
#1957=ORIENTED_EDGE('',*,*,#1426,.F.);
#1958=ORIENTED_EDGE('',*,*,#1425,.T.);
#1959=ORIENTED_EDGE('',*,*,#1429,.T.);
#1960=ORIENTED_EDGE('',*,*,#1430,.T.);
#1961=ORIENTED_EDGE('',*,*,#1431,.F.);
#1962=ORIENTED_EDGE('',*,*,#1430,.F.);
#1963=ORIENTED_EDGE('',*,*,#1429,.F.);
#1964=ORIENTED_EDGE('',*,*,#1428,.T.);
#1965=ORIENTED_EDGE('',*,*,#1432,.F.);
#1966=ORIENTED_EDGE('',*,*,#1433,.T.);
#1967=ORIENTED_EDGE('',*,*,#1434,.F.);
#1968=ORIENTED_EDGE('',*,*,#1435,.F.);
#1969=ORIENTED_EDGE('',*,*,#1436,.F.);
#1970=ORIENTED_EDGE('',*,*,#1437,.F.);
#1971=ORIENTED_EDGE('',*,*,#1438,.F.);
#1972=ORIENTED_EDGE('',*,*,#1433,.F.);
#1973=ORIENTED_EDGE('',*,*,#1439,.F.);
#1974=ORIENTED_EDGE('',*,*,#1440,.F.);
#1975=ORIENTED_EDGE('',*,*,#1441,.F.);
#1976=ORIENTED_EDGE('',*,*,#1437,.T.);
#1977=ORIENTED_EDGE('',*,*,#1439,.T.);
#1978=ORIENTED_EDGE('',*,*,#1436,.T.);
#1979=ORIENTED_EDGE('',*,*,#1432,.T.);
#1980=ORIENTED_EDGE('',*,*,#1442,.F.);
#1981=ORIENTED_EDGE('',*,*,#1443,.F.);
#1982=ORIENTED_EDGE('',*,*,#1444,.T.);
#1983=ORIENTED_EDGE('',*,*,#1445,.F.);
#1984=ORIENTED_EDGE('',*,*,#1446,.F.);
#1985=ORIENTED_EDGE('',*,*,#1447,.T.);
#1986=ORIENTED_EDGE('',*,*,#1448,.T.);
#1987=ORIENTED_EDGE('',*,*,#1449,.T.);
#1988=ORIENTED_EDGE('',*,*,#1450,.F.);
#1989=ORIENTED_EDGE('',*,*,#1451,.F.);
#1990=ORIENTED_EDGE('',*,*,#1452,.F.);
#1991=ORIENTED_EDGE('',*,*,#1453,.T.);
#1992=ORIENTED_EDGE('',*,*,#1454,.F.);
#1993=ORIENTED_EDGE('',*,*,#1455,.F.);
#1994=ORIENTED_EDGE('',*,*,#1456,.F.);
#1995=ORIENTED_EDGE('',*,*,#1453,.F.);
#1996=ORIENTED_EDGE('',*,*,#1457,.F.);
#1997=ORIENTED_EDGE('',*,*,#1458,.F.);
#1998=ORIENTED_EDGE('',*,*,#1459,.F.);
#1999=ORIENTED_EDGE('',*,*,#1457,.T.);
#2000=ORIENTED_EDGE('',*,*,#1452,.T.);
#2001=ORIENTED_EDGE('',*,*,#1460,.F.);
#2002=ORIENTED_EDGE('',*,*,#1461,.F.);
#2003=ORIENTED_EDGE('',*,*,#1455,.T.);
#2004=ORIENTED_EDGE('',*,*,#1459,.T.);
#2005=ORIENTED_EDGE('',*,*,#1302,.T.);
#2006=ORIENTED_EDGE('',*,*,#1462,.F.);
#2007=ORIENTED_EDGE('',*,*,#1463,.F.);
#2008=ORIENTED_EDGE('',*,*,#1448,.F.);
#2009=ORIENTED_EDGE('',*,*,#1464,.T.);
#2010=ORIENTED_EDGE('',*,*,#1465,.T.);
#2011=ORIENTED_EDGE('',*,*,#1466,.T.);
#2012=ORIENTED_EDGE('',*,*,#1467,.T.);
#2013=ORIENTED_EDGE('',*,*,#1395,.T.);
#2014=ORIENTED_EDGE('',*,*,#1397,.T.);
#2015=ORIENTED_EDGE('',*,*,#1468,.T.);
#2016=ORIENTED_EDGE('',*,*,#1460,.T.);
#2017=ORIENTED_EDGE('',*,*,#1458,.T.);
#2018=ORIENTED_EDGE('',*,*,#1451,.T.);
#2019=ORIENTED_EDGE('',*,*,#1469,.T.);
#2020=ORIENTED_EDGE('',*,*,#1403,.T.);
#2021=ORIENTED_EDGE('',*,*,#1405,.T.);
#2022=ORIENTED_EDGE('',*,*,#1470,.T.);
#2023=ORIENTED_EDGE('',*,*,#1471,.T.);
#2024=ORIENTED_EDGE('',*,*,#1472,.T.);
#2025=ORIENTED_EDGE('',*,*,#1473,.T.);
#2026=ORIENTED_EDGE('',*,*,#1444,.F.);
#2027=ORIENTED_EDGE('',*,*,#1474,.F.);
#2028=ORIENTED_EDGE('',*,*,#1311,.F.);
#2029=ORIENTED_EDGE('',*,*,#1310,.T.);
#2030=ORIENTED_EDGE('',*,*,#1305,.T.);
#2031=ORIENTED_EDGE('',*,*,#1295,.T.);
#2032=ORIENTED_EDGE('',*,*,#1303,.F.);
#2033=ORIENTED_EDGE('',*,*,#1297,.T.);
#2034=ORIENTED_EDGE('',*,*,#1290,.T.);
#2035=ORIENTED_EDGE('',*,*,#1408,.T.);
#2036=ORIENTED_EDGE('',*,*,#1411,.T.);
#2037=ORIENTED_EDGE('',*,*,#1464,.F.);
#2038=ORIENTED_EDGE('',*,*,#1447,.F.);
#2039=ORIENTED_EDGE('',*,*,#1475,.F.);
#2040=ORIENTED_EDGE('',*,*,#1476,.F.);
#2041=ORIENTED_EDGE('',*,*,#1473,.F.);
#2042=ORIENTED_EDGE('',*,*,#1477,.F.);
#2043=ORIENTED_EDGE('',*,*,#1478,.F.);
#2044=ORIENTED_EDGE('',*,*,#1445,.T.);
#2045=ORIENTED_EDGE('',*,*,#1479,.T.);
#2046=ORIENTED_EDGE('',*,*,#1480,.T.);
#2047=ORIENTED_EDGE('',*,*,#1481,.T.);
#2048=ORIENTED_EDGE('',*,*,#1482,.T.);
#2049=ORIENTED_EDGE('',*,*,#1483,.T.);
#2050=ORIENTED_EDGE('',*,*,#1484,.T.);
#2051=ORIENTED_EDGE('',*,*,#1485,.T.);
#2052=ORIENTED_EDGE('',*,*,#1486,.T.);
#2053=ORIENTED_EDGE('',*,*,#1487,.T.);
#2054=ORIENTED_EDGE('',*,*,#1488,.T.);
#2055=ORIENTED_EDGE('',*,*,#1489,.T.);
#2056=ORIENTED_EDGE('',*,*,#1490,.T.);
#2057=ORIENTED_EDGE('',*,*,#1491,.T.);
#2058=ORIENTED_EDGE('',*,*,#1492,.T.);
#2059=ORIENTED_EDGE('',*,*,#1493,.T.);
#2060=ORIENTED_EDGE('',*,*,#1494,.T.);
#2061=ORIENTED_EDGE('',*,*,#1495,.T.);
#2062=ORIENTED_EDGE('',*,*,#1496,.T.);
#2063=ORIENTED_EDGE('',*,*,#1497,.T.);
#2064=ORIENTED_EDGE('',*,*,#1498,.T.);
#2065=ORIENTED_EDGE('',*,*,#1499,.T.);
#2066=ORIENTED_EDGE('',*,*,#1500,.T.);
#2067=ORIENTED_EDGE('',*,*,#1501,.T.);
#2068=ORIENTED_EDGE('',*,*,#1502,.T.);
#2069=ORIENTED_EDGE('',*,*,#1503,.T.);
#2070=ORIENTED_EDGE('',*,*,#1504,.T.);
#2071=ORIENTED_EDGE('',*,*,#1505,.T.);
#2072=ORIENTED_EDGE('',*,*,#1422,.T.);
#2073=ORIENTED_EDGE('',*,*,#1431,.T.);
#2074=ORIENTED_EDGE('',*,*,#1475,.T.);
#2075=ORIENTED_EDGE('',*,*,#1446,.T.);
#2076=ORIENTED_EDGE('',*,*,#1478,.T.);
#2077=ORIENTED_EDGE('',*,*,#1506,.T.);
#2078=ORIENTED_EDGE('',*,*,#1507,.T.);
#2079=ORIENTED_EDGE('',*,*,#1508,.T.);
#2080=ORIENTED_EDGE('',*,*,#1509,.T.);
#2081=ORIENTED_EDGE('',*,*,#1510,.T.);
#2082=ORIENTED_EDGE('',*,*,#1477,.T.);
#2083=ORIENTED_EDGE('',*,*,#1472,.F.);
#2084=ORIENTED_EDGE('',*,*,#1511,.F.);
#2085=ORIENTED_EDGE('',*,*,#1506,.F.);
#2086=ORIENTED_EDGE('',*,*,#1461,.T.);
#2087=ORIENTED_EDGE('',*,*,#1468,.F.);
#2088=ORIENTED_EDGE('',*,*,#1399,.F.);
#2089=ORIENTED_EDGE('',*,*,#1467,.F.);
#2090=ORIENTED_EDGE('',*,*,#1512,.F.);
#2091=ORIENTED_EDGE('',*,*,#1508,.F.);
#2092=ORIENTED_EDGE('',*,*,#1513,.T.);
#2093=ORIENTED_EDGE('',*,*,#1470,.F.);
#2094=ORIENTED_EDGE('',*,*,#1407,.F.);
#2095=ORIENTED_EDGE('',*,*,#1469,.F.);
#2096=ORIENTED_EDGE('',*,*,#1454,.T.);
#2097=ORIENTED_EDGE('',*,*,#1456,.T.);
#2098=ORIENTED_EDGE('',*,*,#1471,.F.);
#2099=ORIENTED_EDGE('',*,*,#1513,.F.);
#2100=ORIENTED_EDGE('',*,*,#1507,.F.);
#2101=ORIENTED_EDGE('',*,*,#1511,.T.);
#2102=ORIENTED_EDGE('',*,*,#1476,.T.);
#2103=ORIENTED_EDGE('',*,*,#1510,.F.);
#2104=ORIENTED_EDGE('',*,*,#1514,.T.);
#2105=ORIENTED_EDGE('',*,*,#1465,.F.);
#2106=ORIENTED_EDGE('',*,*,#1466,.F.);
#2107=ORIENTED_EDGE('',*,*,#1514,.F.);
#2108=ORIENTED_EDGE('',*,*,#1509,.F.);
#2109=ORIENTED_EDGE('',*,*,#1512,.T.);
#2110=ORIENTED_EDGE('',*,*,#1301,.T.);
#2111=ORIENTED_EDGE('',*,*,#1515,.F.);
#2112=ORIENTED_EDGE('',*,*,#1516,.F.);
#2113=ORIENTED_EDGE('',*,*,#1462,.T.);
#2114=ORIENTED_EDGE('',*,*,#1517,.F.);
#2115=ORIENTED_EDGE('',*,*,#1312,.F.);
#2116=ORIENTED_EDGE('',*,*,#1474,.T.);
#2117=ORIENTED_EDGE('',*,*,#1443,.T.);
#2118=ORIENTED_EDGE('',*,*,#1518,.F.);
#2119=ORIENTED_EDGE('',*,*,#1449,.F.);
#2120=ORIENTED_EDGE('',*,*,#1463,.T.);
#2121=ORIENTED_EDGE('',*,*,#1516,.T.);
#2122=ORIENTED_EDGE('',*,*,#1519,.T.);
#2123=ORIENTED_EDGE('',*,*,#1414,.T.);
#2124=ORIENTED_EDGE('',*,*,#1520,.T.);
#2125=ORIENTED_EDGE('',*,*,#1521,.T.);
#2126=ORIENTED_EDGE('',*,*,#1522,.T.);
#2127=ORIENTED_EDGE('',*,*,#1523,.T.);
#2128=ORIENTED_EDGE('',*,*,#1524,.F.);
#2129=ORIENTED_EDGE('',*,*,#1525,.T.);
#2130=ORIENTED_EDGE('',*,*,#1526,.T.);
#2131=ORIENTED_EDGE('',*,*,#1527,.T.);
#2132=ORIENTED_EDGE('',*,*,#1423,.T.);
#2133=ORIENTED_EDGE('',*,*,#1528,.F.);
#2134=ORIENTED_EDGE('',*,*,#1529,.F.);
#2135=ORIENTED_EDGE('',*,*,#1500,.F.);
#2136=ORIENTED_EDGE('',*,*,#1530,.T.);
#2137=ORIENTED_EDGE('',*,*,#1441,.T.);
#2138=ORIENTED_EDGE('',*,*,#1531,.F.);
#2139=ORIENTED_EDGE('',*,*,#1532,.F.);
#2140=ORIENTED_EDGE('',*,*,#1533,.T.);
#2141=ORIENTED_EDGE('',*,*,#1534,.T.);
#2142=ORIENTED_EDGE('',*,*,#1535,.F.);
#2143=ORIENTED_EDGE('',*,*,#1434,.T.);
#2144=ORIENTED_EDGE('',*,*,#1438,.T.);
#2145=ORIENTED_EDGE('',*,*,#1533,.F.);
#2146=ORIENTED_EDGE('',*,*,#1528,.T.);
#2147=ORIENTED_EDGE('',*,*,#1536,.T.);
#2148=ORIENTED_EDGE('',*,*,#1537,.T.);
#2149=ORIENTED_EDGE('',*,*,#1538,.T.);
#2150=ORIENTED_EDGE('',*,*,#1539,.T.);
#2151=ORIENTED_EDGE('',*,*,#1540,.T.);
#2152=ORIENTED_EDGE('',*,*,#1541,.T.);
#2153=ORIENTED_EDGE('',*,*,#1232,.T.);
#2154=ORIENTED_EDGE('',*,*,#1239,.T.);
#2155=ORIENTED_EDGE('',*,*,#1223,.T.);
#2156=ORIENTED_EDGE('',*,*,#1226,.T.);
#2157=ORIENTED_EDGE('',*,*,#1235,.T.);
#2158=ORIENTED_EDGE('',*,*,#1240,.T.);
#2159=ORIENTED_EDGE('',*,*,#1236,.T.);
#2160=ORIENTED_EDGE('',*,*,#1229,.T.);
#2161=ORIENTED_EDGE('',*,*,#1256,.T.);
#2162=ORIENTED_EDGE('',*,*,#1263,.T.);
#2163=ORIENTED_EDGE('',*,*,#1247,.T.);
#2164=ORIENTED_EDGE('',*,*,#1250,.T.);
#2165=ORIENTED_EDGE('',*,*,#1259,.T.);
#2166=ORIENTED_EDGE('',*,*,#1264,.T.);
#2167=ORIENTED_EDGE('',*,*,#1260,.T.);
#2168=ORIENTED_EDGE('',*,*,#1253,.T.);
#2169=ORIENTED_EDGE('',*,*,#1530,.F.);
#2170=ORIENTED_EDGE('',*,*,#1499,.F.);
#2171=ORIENTED_EDGE('',*,*,#1542,.T.);
#2172=ORIENTED_EDGE('',*,*,#1536,.F.);
#2173=ORIENTED_EDGE('',*,*,#1541,.F.);
#2174=ORIENTED_EDGE('',*,*,#1543,.F.);
#2175=ORIENTED_EDGE('',*,*,#1494,.F.);
#2176=ORIENTED_EDGE('',*,*,#1544,.T.);
#2177=ORIENTED_EDGE('',*,*,#1543,.T.);
#2178=ORIENTED_EDGE('',*,*,#1540,.F.);
#2179=ORIENTED_EDGE('',*,*,#1545,.F.);
#2180=ORIENTED_EDGE('',*,*,#1495,.F.);
#2181=ORIENTED_EDGE('',*,*,#1546,.T.);
#2182=ORIENTED_EDGE('',*,*,#1537,.F.);
#2183=ORIENTED_EDGE('',*,*,#1542,.F.);
#2184=ORIENTED_EDGE('',*,*,#1498,.F.);
#2185=ORIENTED_EDGE('',*,*,#1547,.F.);
#2186=ORIENTED_EDGE('',*,*,#1496,.F.);
#2187=ORIENTED_EDGE('',*,*,#1545,.T.);
#2188=ORIENTED_EDGE('',*,*,#1539,.F.);
#2189=ORIENTED_EDGE('',*,*,#1547,.T.);
#2190=ORIENTED_EDGE('',*,*,#1538,.F.);
#2191=ORIENTED_EDGE('',*,*,#1546,.F.);
#2192=ORIENTED_EDGE('',*,*,#1497,.F.);
#2193=ORIENTED_EDGE('',*,*,#1525,.F.);
#2194=ORIENTED_EDGE('',*,*,#1548,.F.);
#2195=ORIENTED_EDGE('',*,*,#1480,.F.);
#2196=ORIENTED_EDGE('',*,*,#1549,.T.);
#2197=ORIENTED_EDGE('',*,*,#1549,.F.);
#2198=ORIENTED_EDGE('',*,*,#1479,.F.);
#2199=ORIENTED_EDGE('',*,*,#1550,.T.);
#2200=ORIENTED_EDGE('',*,*,#1526,.F.);
#2201=ORIENTED_EDGE('',*,*,#1523,.F.);
#2202=ORIENTED_EDGE('',*,*,#1551,.F.);
#2203=ORIENTED_EDGE('',*,*,#1503,.F.);
#2204=ORIENTED_EDGE('',*,*,#1552,.T.);
#2205=ORIENTED_EDGE('',*,*,#1524,.T.);
#2206=ORIENTED_EDGE('',*,*,#1552,.F.);
#2207=ORIENTED_EDGE('',*,*,#1502,.F.);
#2208=ORIENTED_EDGE('',*,*,#1553,.T.);
#2209=ORIENTED_EDGE('',*,*,#1554,.F.);
#2210=ORIENTED_EDGE('',*,*,#1555,.F.);
#2211=ORIENTED_EDGE('',*,*,#1481,.F.);
#2212=ORIENTED_EDGE('',*,*,#1548,.T.);
#2213=ORIENTED_EDGE('',*,*,#1556,.F.);
#2214=ORIENTED_EDGE('',*,*,#1557,.F.);
#2215=ORIENTED_EDGE('',*,*,#1486,.F.);
#2216=ORIENTED_EDGE('',*,*,#1558,.T.);
#2217=ORIENTED_EDGE('',*,*,#1559,.T.);
#2218=ORIENTED_EDGE('',*,*,#1558,.F.);
#2219=ORIENTED_EDGE('',*,*,#1485,.F.);
#2220=ORIENTED_EDGE('',*,*,#1560,.T.);
#2221=ORIENTED_EDGE('',*,*,#1561,.F.);
#2222=ORIENTED_EDGE('',*,*,#1562,.F.);
#2223=ORIENTED_EDGE('',*,*,#1492,.F.);
#2224=ORIENTED_EDGE('',*,*,#1563,.T.);
#2225=ORIENTED_EDGE('',*,*,#1564,.F.);
#2226=ORIENTED_EDGE('',*,*,#1563,.F.);
#2227=ORIENTED_EDGE('',*,*,#1491,.F.);
#2228=ORIENTED_EDGE('',*,*,#1565,.T.);
#2229=ORIENTED_EDGE('',*,*,#1566,.T.);
#2230=ORIENTED_EDGE('',*,*,#1567,.T.);
#2231=ORIENTED_EDGE('',*,*,#1556,.T.);
#2232=ORIENTED_EDGE('',*,*,#1559,.F.);
#2233=ORIENTED_EDGE('',*,*,#1564,.T.);
#2234=ORIENTED_EDGE('',*,*,#1568,.T.);
#2235=ORIENTED_EDGE('',*,*,#1565,.F.);
#2236=ORIENTED_EDGE('',*,*,#1490,.F.);
#2237=ORIENTED_EDGE('',*,*,#1569,.T.);
#2238=ORIENTED_EDGE('',*,*,#1568,.F.);
#2239=ORIENTED_EDGE('',*,*,#1551,.T.);
#2240=ORIENTED_EDGE('',*,*,#1522,.F.);
#2241=ORIENTED_EDGE('',*,*,#1570,.F.);
#2242=ORIENTED_EDGE('',*,*,#1504,.F.);
#2243=ORIENTED_EDGE('',*,*,#1570,.T.);
#2244=ORIENTED_EDGE('',*,*,#1521,.F.);
#2245=ORIENTED_EDGE('',*,*,#1571,.T.);
#2246=ORIENTED_EDGE('',*,*,#1519,.F.);
#2247=ORIENTED_EDGE('',*,*,#1571,.F.);
#2248=ORIENTED_EDGE('',*,*,#1520,.F.);
#2249=ORIENTED_EDGE('',*,*,#1550,.F.);
#2250=ORIENTED_EDGE('',*,*,#1505,.F.);
#2251=ORIENTED_EDGE('',*,*,#1572,.T.);
#2252=ORIENTED_EDGE('',*,*,#1566,.F.);
#2253=ORIENTED_EDGE('',*,*,#1569,.F.);
#2254=ORIENTED_EDGE('',*,*,#1489,.F.);
#2255=ORIENTED_EDGE('',*,*,#1573,.T.);
#2256=ORIENTED_EDGE('',*,*,#1527,.F.);
#2257=ORIENTED_EDGE('',*,*,#1573,.F.);
#2258=ORIENTED_EDGE('',*,*,#1488,.F.);
#2259=ORIENTED_EDGE('',*,*,#1557,.T.);
#2260=ORIENTED_EDGE('',*,*,#1567,.F.);
#2261=ORIENTED_EDGE('',*,*,#1572,.F.);
#2262=ORIENTED_EDGE('',*,*,#1487,.F.);
#2263=ORIENTED_EDGE('',*,*,#1555,.T.);
#2264=ORIENTED_EDGE('',*,*,#1574,.F.);
#2265=ORIENTED_EDGE('',*,*,#1575,.F.);
#2266=ORIENTED_EDGE('',*,*,#1482,.F.);
#2267=ORIENTED_EDGE('',*,*,#1529,.T.);
#2268=ORIENTED_EDGE('',*,*,#1532,.T.);
#2269=ORIENTED_EDGE('',*,*,#1576,.F.);
#2270=ORIENTED_EDGE('',*,*,#1553,.F.);
#2271=ORIENTED_EDGE('',*,*,#1501,.F.);
#2272=ORIENTED_EDGE('',*,*,#1560,.F.);
#2273=ORIENTED_EDGE('',*,*,#1484,.F.);
#2274=ORIENTED_EDGE('',*,*,#1577,.T.);
#2275=ORIENTED_EDGE('',*,*,#1578,.F.);
#2276=ORIENTED_EDGE('',*,*,#1440,.T.);
#2277=ORIENTED_EDGE('',*,*,#1450,.T.);
#2278=ORIENTED_EDGE('',*,*,#1518,.T.);
#2279=ORIENTED_EDGE('',*,*,#1515,.T.);
#2280=ORIENTED_EDGE('',*,*,#1300,.T.);
#2281=ORIENTED_EDGE('',*,*,#1288,.T.);
#2282=ORIENTED_EDGE('',*,*,#1299,.T.);
#2283=ORIENTED_EDGE('',*,*,#1304,.T.);
#2284=ORIENTED_EDGE('',*,*,#1293,.T.);
#2285=ORIENTED_EDGE('',*,*,#1307,.T.);
#2286=ORIENTED_EDGE('',*,*,#1309,.T.);
#2287=ORIENTED_EDGE('',*,*,#1313,.T.);
#2288=ORIENTED_EDGE('',*,*,#1517,.T.);
#2289=ORIENTED_EDGE('',*,*,#1442,.T.);
#2290=ORIENTED_EDGE('',*,*,#1435,.T.);
#2291=ORIENTED_EDGE('',*,*,#1535,.T.);
#2292=ORIENTED_EDGE('',*,*,#1579,.T.);
#2293=ORIENTED_EDGE('',*,*,#1561,.T.);
#2294=ORIENTED_EDGE('',*,*,#1578,.T.);
#2295=ORIENTED_EDGE('',*,*,#1580,.T.);
#2296=ORIENTED_EDGE('',*,*,#1574,.T.);
#2297=ORIENTED_EDGE('',*,*,#1554,.T.);
#2298=ORIENTED_EDGE('',*,*,#1576,.T.);
#2299=ORIENTED_EDGE('',*,*,#1531,.T.);
#2300=ORIENTED_EDGE('',*,*,#1544,.F.);
#2301=ORIENTED_EDGE('',*,*,#1493,.F.);
#2302=ORIENTED_EDGE('',*,*,#1562,.T.);
#2303=ORIENTED_EDGE('',*,*,#1579,.F.);
#2304=ORIENTED_EDGE('',*,*,#1534,.F.);
#2305=ORIENTED_EDGE('',*,*,#1575,.T.);
#2306=ORIENTED_EDGE('',*,*,#1580,.F.);
#2307=ORIENTED_EDGE('',*,*,#1577,.F.);
#2308=ORIENTED_EDGE('',*,*,#1483,.F.);
#2309=PLANE('',#2545);
#2310=PLANE('',#2546);
#2311=PLANE('',#2547);
#2312=PLANE('',#2548);
#2313=PLANE('',#2549);
#2314=PLANE('',#2550);
#2315=PLANE('',#2551);
#2316=PLANE('',#2552);
#2317=PLANE('',#2553);
#2318=PLANE('',#2554);
#2319=PLANE('',#2555);
#2320=PLANE('',#2556);
#2321=PLANE('',#2557);
#2322=PLANE('',#2558);
#2323=PLANE('',#2559);
#2324=PLANE('',#2560);
#2325=PLANE('',#2561);
#2326=PLANE('',#2562);
#2327=PLANE('',#2563);
#2328=PLANE('',#2564);
#2329=PLANE('',#2565);
#2330=PLANE('',#2566);
#2331=PLANE('',#2567);
#2332=PLANE('',#2568);
#2333=PLANE('',#2569);
#2334=PLANE('',#2570);
#2335=PLANE('',#2571);
#2336=PLANE('',#2572);
#2337=PLANE('',#2573);
#2338=PLANE('',#2574);
#2339=PLANE('',#2575);
#2340=PLANE('',#2576);
#2341=PLANE('',#2579);
#2342=PLANE('',#2585);
#2343=PLANE('',#2587);
#2344=PLANE('',#2597);
#2345=PLANE('',#2602);
#2346=PLANE('',#2603);
#2347=PLANE('',#2604);
#2348=PLANE('',#2607);
#2349=PLANE('',#2613);
#2350=PLANE('',#2615);
#2351=PLANE('',#2625);
#2352=PLANE('',#2630);
#2353=PLANE('',#2634);
#2354=PLANE('',#2639);
#2355=PLANE('',#2643);
#2356=PLANE('',#2648);
#2357=PLANE('',#2652);
#2358=PLANE('',#2656);
#2359=PLANE('',#2663);
#2360=PLANE('',#2667);
#2361=PLANE('',#2674);
#2362=PLANE('',#2678);
#2363=PLANE('',#2679);
#2364=PLANE('',#2680);
#2365=PLANE('',#2681);
#2366=PLANE('',#2682);
#2367=PLANE('',#2683);
#2368=PLANE('',#2684);
#2369=PLANE('',#2685);
#2370=PLANE('',#2686);
#2371=PLANE('',#2687);
#2372=PLANE('',#2688);
#2373=PLANE('',#2689);
#2374=PLANE('',#2690);
#2375=PLANE('',#2706);
#2376=PLANE('',#2707);
#2377=PLANE('',#2708);
#2378=PLANE('',#2709);
#2379=PLANE('',#2710);
#2380=PLANE('',#2711);
#2381=PLANE('',#2712);
#2382=PLANE('',#2713);
#2383=PLANE('',#2714);
#2384=PLANE('',#2716);
#2385=PLANE('',#2721);
#2386=PLANE('',#2725);
#2387=PLANE('',#2726);
#2388=PLANE('',#2730);
#2389=PLANE('',#2732);
#2390=PLANE('',#2735);
#2391=PLANE('',#2737);
#2392=PLANE('',#2739);
#2393=PLANE('',#2742);
#2394=PLANE('',#2745);
#2395=PLANE('',#2747);
#2396=PLANE('',#2748);
#2397=PLANE('',#2751);
#2398=PLANE('',#2758);
#2399=PLANE('',#2761);
#2400=ADVANCED_FACE('',(#174),#2309,.T.);
#2401=ADVANCED_FACE('',(#175),#2310,.F.);
#2402=ADVANCED_FACE('',(#176),#2311,.F.);
#2403=ADVANCED_FACE('',(#177),#2312,.F.);
#2404=ADVANCED_FACE('',(#178),#2313,.F.);
#2405=ADVANCED_FACE('',(#179),#2314,.F.);
#2406=ADVANCED_FACE('',(#180),#2315,.F.);
#2407=ADVANCED_FACE('',(#181),#2316,.F.);
#2408=ADVANCED_FACE('',(#182),#2317,.T.);
#2409=ADVANCED_FACE('',(#183),#2318,.F.);
#2410=ADVANCED_FACE('',(#184),#2319,.F.);
#2411=ADVANCED_FACE('',(#185),#2320,.F.);
#2412=ADVANCED_FACE('',(#186),#2321,.F.);
#2413=ADVANCED_FACE('',(#187),#2322,.F.);
#2414=ADVANCED_FACE('',(#188),#2323,.F.);
#2415=ADVANCED_FACE('',(#189),#2324,.F.);
#2416=ADVANCED_FACE('',(#190),#2325,.F.);
#2417=ADVANCED_FACE('',(#191),#2326,.F.);
#2418=ADVANCED_FACE('',(#192),#2327,.F.);
#2419=ADVANCED_FACE('',(#193),#2328,.T.);
#2420=ADVANCED_FACE('',(#194),#2329,.F.);
#2421=ADVANCED_FACE('',(#195),#2330,.F.);
#2422=ADVANCED_FACE('',(#196),#2331,.F.);
#2423=ADVANCED_FACE('',(#197),#2332,.F.);
#2424=ADVANCED_FACE('',(#198),#2333,.F.);
#2425=ADVANCED_FACE('',(#199),#2334,.F.);
#2426=ADVANCED_FACE('',(#200),#2335,.T.);
#2427=ADVANCED_FACE('',(#201),#2336,.F.);
#2428=ADVANCED_FACE('',(#202),#2337,.F.);
#2429=ADVANCED_FACE('',(#203),#2338,.T.);
#2430=ADVANCED_FACE('',(#204),#2339,.T.);
#2431=ADVANCED_FACE('',(#205),#2340,.F.);
#2432=ADVANCED_FACE('',(#206),#2341,.T.);
#2433=ADVANCED_FACE('',(#207),#42,.T.);
#2434=ADVANCED_FACE('',(#208),#2342,.T.);
#2435=ADVANCED_FACE('',(#209),#2343,.T.);
#2436=ADVANCED_FACE('',(#210),#43,.T.);
#2437=ADVANCED_FACE('',(#211),#44,.T.);
#2438=ADVANCED_FACE('',(#212),#32,.T.);
#2439=ADVANCED_FACE('',(#213),#33,.T.);
#2440=ADVANCED_FACE('',(#214),#2344,.T.);
#2441=ADVANCED_FACE('',(#215),#34,.T.);
#2442=ADVANCED_FACE('',(#216),#35,.T.);
#2443=ADVANCED_FACE('',(#217),#2345,.T.);
#2444=ADVANCED_FACE('',(#218),#2346,.T.);
#2445=ADVANCED_FACE('',(#219),#2347,.F.);
#2446=ADVANCED_FACE('',(#220),#2348,.T.);
#2447=ADVANCED_FACE('',(#221),#45,.T.);
#2448=ADVANCED_FACE('',(#222),#2349,.T.);
#2449=ADVANCED_FACE('',(#223),#2350,.T.);
#2450=ADVANCED_FACE('',(#224),#46,.T.);
#2451=ADVANCED_FACE('',(#225),#47,.T.);
#2452=ADVANCED_FACE('',(#226),#36,.T.);
#2453=ADVANCED_FACE('',(#227),#37,.T.);
#2454=ADVANCED_FACE('',(#228),#2351,.T.);
#2455=ADVANCED_FACE('',(#229),#38,.T.);
#2456=ADVANCED_FACE('',(#230),#39,.T.);
#2457=ADVANCED_FACE('',(#231),#2352,.T.);
#2458=ADVANCED_FACE('',(#232),#40,.T.);
#2459=ADVANCED_FACE('',(#233),#2353,.T.);
#2460=ADVANCED_FACE('',(#234),#48,.T.);
#2461=ADVANCED_FACE('',(#235),#2354,.T.);
#2462=ADVANCED_FACE('',(#236),#41,.T.);
#2463=ADVANCED_FACE('',(#237),#2355,.T.);
#2464=ADVANCED_FACE('',(#238),#49,.T.);
#2465=ADVANCED_FACE('',(#239),#2356,.T.);
#2466=ADVANCED_FACE('',(#240),#50,.F.);
#2467=ADVANCED_FACE('',(#241,#15),#2357,.F.);
#2468=ADVANCED_FACE('',(#242),#51,.F.);
#2469=ADVANCED_FACE('',(#243,#16),#2358,.F.);
#2470=ADVANCED_FACE('',(#244),#52,.F.);
#2471=ADVANCED_FACE('',(#245),#53,.F.);
#2472=ADVANCED_FACE('',(#246,#17),#2359,.F.);
#2473=ADVANCED_FACE('',(#247),#54,.F.);
#2474=ADVANCED_FACE('',(#248,#18),#2360,.F.);
#2475=ADVANCED_FACE('',(#249),#55,.F.);
#2476=ADVANCED_FACE('',(#250),#56,.F.);
#2477=ADVANCED_FACE('',(#251,#19),#2361,.F.);
#2478=ADVANCED_FACE('',(#252),#57,.F.);
#2479=ADVANCED_FACE('',(#253,#20),#2362,.F.);
#2480=ADVANCED_FACE('',(#254),#2363,.T.);
#2481=ADVANCED_FACE('',(#255),#2364,.F.);
#2482=ADVANCED_FACE('',(#256),#2365,.T.);
#2483=ADVANCED_FACE('',(#257),#2366,.T.);
#2484=ADVANCED_FACE('',(#258),#2367,.T.);
#2485=ADVANCED_FACE('',(#259),#2368,.F.);
#2486=ADVANCED_FACE('',(#260),#2369,.T.);
#2487=ADVANCED_FACE('',(#261),#2370,.T.);
#2488=ADVANCED_FACE('',(#262,#21,#22),#2371,.F.);
#2489=ADVANCED_FACE('',(#263),#2372,.T.);
#2490=ADVANCED_FACE('',(#264),#2373,.T.);
#2491=ADVANCED_FACE('',(#265,#23,#24,#25),#2374,.T.);
#2492=ADVANCED_FACE('',(#266),#2375,.T.);
#2493=ADVANCED_FACE('',(#267),#2376,.T.);
#2494=ADVANCED_FACE('',(#268),#2377,.T.);
#2495=ADVANCED_FACE('',(#269),#2378,.T.);
#2496=ADVANCED_FACE('',(#270),#2379,.T.);
#2497=ADVANCED_FACE('',(#271),#2380,.T.);
#2498=ADVANCED_FACE('',(#272),#2381,.T.);
#2499=ADVANCED_FACE('',(#273),#2382,.T.);
#2500=ADVANCED_FACE('',(#274,#26),#2383,.T.);
#2501=ADVANCED_FACE('',(#275),#2384,.F.);
#2502=ADVANCED_FACE('',(#276,#27),#2385,.T.);
#2503=ADVANCED_FACE('',(#277),#58,.F.);
#2504=ADVANCED_FACE('',(#278),#2386,.F.);
#2505=ADVANCED_FACE('',(#279,#28,#29,#30,#31),#2387,.F.);
#2506=ADVANCED_FACE('',(#280),#2388,.F.);
#2507=ADVANCED_FACE('',(#281),#59,.F.);
#2508=ADVANCED_FACE('',(#282),#2389,.F.);
#2509=ADVANCED_FACE('',(#283),#60,.T.);
#2510=ADVANCED_FACE('',(#284),#61,.T.);
#2511=ADVANCED_FACE('',(#285),#2390,.F.);
#2512=ADVANCED_FACE('',(#286),#62,.F.);
#2513=ADVANCED_FACE('',(#287),#2391,.F.);
#2514=ADVANCED_FACE('',(#288),#63,.F.);
#2515=ADVANCED_FACE('',(#289),#2392,.F.);
#2516=ADVANCED_FACE('',(#290),#64,.F.);
#2517=ADVANCED_FACE('',(#291),#2393,.F.);
#2518=ADVANCED_FACE('',(#292),#65,.F.);
#2519=ADVANCED_FACE('',(#293),#2394,.F.);
#2520=ADVANCED_FACE('',(#294),#2395,.F.);
#2521=ADVANCED_FACE('',(#295),#2396,.F.);
#2522=ADVANCED_FACE('',(#296),#66,.T.);
#2523=ADVANCED_FACE('',(#297),#67,.T.);
#2524=ADVANCED_FACE('',(#298),#2397,.F.);
#2525=ADVANCED_FACE('',(#299),#68,.T.);
#2526=ADVANCED_FACE('',(#300),#69,.T.);
#2527=ADVANCED_FACE('',(#301),#70,.T.);
#2528=ADVANCED_FACE('',(#302),#2398,.F.);
#2529=ADVANCED_FACE('',(#303),#71,.T.);
#2530=ADVANCED_FACE('',(#304),#2399,.F.);
#2531=CLOSED_SHELL('',(#2400,#2401,#2402,#2403,#2404,#2405,#2406,#2407,
#2408,#2409,#2410,#2411,#2412,#2413,#2414,#2415,#2416,#2417,#2418,#2419,
#2420,#2421,#2422,#2423,#2424,#2425,#2426,#2427,#2428,#2429,#2430,#2431,
#2432,#2433,#2434,#2435,#2436,#2437,#2438,#2439,#2440,#2441,#2442,#2443,
#2444,#2445,#2446,#2447,#2448,#2449,#2450,#2451,#2452,#2453,#2454,#2455,
#2456,#2457,#2458,#2459,#2460,#2461,#2462,#2463,#2464,#2465,#2466,#2467,
#2468,#2469,#2470,#2471,#2472,#2473,#2474,#2475,#2476,#2477,#2478,#2479,
#2480,#2481,#2482,#2483,#2484,#2485,#2486,#2487,#2488,#2489,#2490,#2491,
#2492,#2493,#2494,#2495,#2496,#2497,#2498,#2499,#2500,#2501,#2502,#2503,
#2504,#2505,#2506,#2507,#2508,#2509,#2510,#2511,#2512,#2513,#2514,#2515,
#2516,#2517,#2518,#2519,#2520,#2521,#2522,#2523,#2524,#2525,#2526,#2527,
#2528,#2529,#2530));
#2532=DERIVED_UNIT_ELEMENT(#2534,1.);
#2533=DERIVED_UNIT_ELEMENT(#4233,-3.);
#2534=(
MASS_UNIT()
NAMED_UNIT(*)
SI_UNIT(.KILO.,.GRAM.)
);
#2535=DERIVED_UNIT((#2532,#2533));
#2536=MEASURE_REPRESENTATION_ITEM('density measure',
POSITIVE_RATIO_MEASURE(7850.),#2535);
#2537=PROPERTY_DEFINITION_REPRESENTATION(#2542,#2539);
#2538=PROPERTY_DEFINITION_REPRESENTATION(#2543,#2540);
#2539=REPRESENTATION('material name',(#2541),#4230);
#2540=REPRESENTATION('density',(#2536),#4230);
#2541=DESCRIPTIVE_REPRESENTATION_ITEM('Steel','Steel');
#2542=PROPERTY_DEFINITION('material property','material name',#4240);
#2543=PROPERTY_DEFINITION('material property','density of part',#4240);
#2544=AXIS2_PLACEMENT_3D('',#3460,#2762,#2763);
#2545=AXIS2_PLACEMENT_3D('',#3461,#2764,#2765);
#2546=AXIS2_PLACEMENT_3D('',#3470,#2770,#2771);
#2547=AXIS2_PLACEMENT_3D('',#3479,#2776,#2777);
#2548=AXIS2_PLACEMENT_3D('',#3490,#2784,#2785);
#2549=AXIS2_PLACEMENT_3D('',#3494,#2788,#2789);
#2550=AXIS2_PLACEMENT_3D('',#3500,#2793,#2794);
#2551=AXIS2_PLACEMENT_3D('',#3504,#2797,#2798);
#2552=AXIS2_PLACEMENT_3D('',#3506,#2800,#2801);
#2553=AXIS2_PLACEMENT_3D('',#3509,#2804,#2805);
#2554=AXIS2_PLACEMENT_3D('',#3518,#2810,#2811);
#2555=AXIS2_PLACEMENT_3D('',#3527,#2816,#2817);
#2556=AXIS2_PLACEMENT_3D('',#3538,#2824,#2825);
#2557=AXIS2_PLACEMENT_3D('',#3542,#2828,#2829);
#2558=AXIS2_PLACEMENT_3D('',#3548,#2833,#2834);
#2559=AXIS2_PLACEMENT_3D('',#3552,#2837,#2838);
#2560=AXIS2_PLACEMENT_3D('',#3554,#2840,#2841);
#2561=AXIS2_PLACEMENT_3D('',#3557,#2844,#2845);
#2562=AXIS2_PLACEMENT_3D('',#3566,#2850,#2851);
#2563=AXIS2_PLACEMENT_3D('',#3575,#2856,#2857);
#2564=AXIS2_PLACEMENT_3D('',#3586,#2864,#2865);
#2565=AXIS2_PLACEMENT_3D('',#3597,#2872,#2873);
#2566=AXIS2_PLACEMENT_3D('',#3599,#2875,#2876);
#2567=AXIS2_PLACEMENT_3D('',#3601,#2878,#2879);
#2568=AXIS2_PLACEMENT_3D('',#3611,#2885,#2886);
#2569=AXIS2_PLACEMENT_3D('',#3621,#2892,#2893);
#2570=AXIS2_PLACEMENT_3D('',#3627,#2897,#2898);
#2571=AXIS2_PLACEMENT_3D('',#3633,#2902,#2903);
#2572=AXIS2_PLACEMENT_3D('',#3636,#2906,#2907);
#2573=AXIS2_PLACEMENT_3D('',#3642,#2911,#2912);
#2574=AXIS2_PLACEMENT_3D('',#3648,#2916,#2917);
#2575=AXIS2_PLACEMENT_3D('',#3654,#2921,#2922);
#2576=AXIS2_PLACEMENT_3D('',#3687,#2931,#2932);
#2577=AXIS2_PLACEMENT_3D('',#3689,#2933,#2934);
#2578=AXIS2_PLACEMENT_3D('',#3692,#2936,#2937);
#2579=AXIS2_PLACEMENT_3D('',#3693,#2938,#2939);
#2580=AXIS2_PLACEMENT_3D('',#3723,#2947,#2948);
#2581=AXIS2_PLACEMENT_3D('',#3725,#2949,#2950);
#2582=AXIS2_PLACEMENT_3D('',#3728,#2952,#2953);
#2583=AXIS2_PLACEMENT_3D('',#3729,#2954,#2955);
#2584=AXIS2_PLACEMENT_3D('',#3730,#2956,#2957);
#2585=AXIS2_PLACEMENT_3D('',#3731,#2958,#2959);
#2586=AXIS2_PLACEMENT_3D('',#3732,#2960,#2961);
#2587=AXIS2_PLACEMENT_3D('',#3733,#2962,#2963);
#2588=AXIS2_PLACEMENT_3D('',#3734,#2964,#2965);
#2589=AXIS2_PLACEMENT_3D('',#3735,#2966,#2967);
#2590=AXIS2_PLACEMENT_3D('',#3736,#2968,#2969);
#2591=AXIS2_PLACEMENT_3D('',#3737,#2970,#2971);
#2592=AXIS2_PLACEMENT_3D('',#3738,#2972,#2973);
#2593=AXIS2_PLACEMENT_3D('',#3739,#2974,#2975);
#2594=AXIS2_PLACEMENT_3D('',#3740,#2976,#2977);
#2595=AXIS2_PLACEMENT_3D('',#3741,#2978,#2979);
#2596=AXIS2_PLACEMENT_3D('',#3742,#2980,#2981);
#2597=AXIS2_PLACEMENT_3D('',#3743,#2982,#2983);
#2598=AXIS2_PLACEMENT_3D('',#3744,#2984,#2985);
#2599=AXIS2_PLACEMENT_3D('',#3745,#2986,#2987);
#2600=AXIS2_PLACEMENT_3D('',#3746,#2988,#2989);
#2601=AXIS2_PLACEMENT_3D('',#3747,#2990,#2991);
#2602=AXIS2_PLACEMENT_3D('',#3748,#2992,#2993);
#2603=AXIS2_PLACEMENT_3D('',#3749,#2994,#2995);
#2604=AXIS2_PLACEMENT_3D('',#3782,#3004,#3005);
#2605=AXIS2_PLACEMENT_3D('',#3784,#3006,#3007);
#2606=AXIS2_PLACEMENT_3D('',#3787,#3009,#3010);
#2607=AXIS2_PLACEMENT_3D('',#3788,#3011,#3012);
#2608=AXIS2_PLACEMENT_3D('',#3818,#3020,#3021);
#2609=AXIS2_PLACEMENT_3D('',#3820,#3022,#3023);
#2610=AXIS2_PLACEMENT_3D('',#3823,#3025,#3026);
#2611=AXIS2_PLACEMENT_3D('',#3824,#3027,#3028);
#2612=AXIS2_PLACEMENT_3D('',#3825,#3029,#3030);
#2613=AXIS2_PLACEMENT_3D('',#3826,#3031,#3032);
#2614=AXIS2_PLACEMENT_3D('',#3827,#3033,#3034);
#2615=AXIS2_PLACEMENT_3D('',#3828,#3035,#3036);
#2616=AXIS2_PLACEMENT_3D('',#3829,#3037,#3038);
#2617=AXIS2_PLACEMENT_3D('',#3830,#3039,#3040);
#2618=AXIS2_PLACEMENT_3D('',#3831,#3041,#3042);
#2619=AXIS2_PLACEMENT_3D('',#3832,#3043,#3044);
#2620=AXIS2_PLACEMENT_3D('',#3833,#3045,#3046);
#2621=AXIS2_PLACEMENT_3D('',#3834,#3047,#3048);
#2622=AXIS2_PLACEMENT_3D('',#3835,#3049,#3050);
#2623=AXIS2_PLACEMENT_3D('',#3836,#3051,#3052);
#2624=AXIS2_PLACEMENT_3D('',#3837,#3053,#3054);
#2625=AXIS2_PLACEMENT_3D('',#3838,#3055,#3056);
#2626=AXIS2_PLACEMENT_3D('',#3839,#3057,#3058);
#2627=AXIS2_PLACEMENT_3D('',#3840,#3059,#3060);
#2628=AXIS2_PLACEMENT_3D('',#3841,#3061,#3062);
#2629=AXIS2_PLACEMENT_3D('',#3842,#3063,#3064);
#2630=AXIS2_PLACEMENT_3D('',#3843,#3065,#3066);
#2631=AXIS2_PLACEMENT_3D('',#3844,#3067,#3068);
#2632=AXIS2_PLACEMENT_3D('',#3846,#3069,#3070);
#2633=AXIS2_PLACEMENT_3D('',#3849,#3072,#3073);
#2634=AXIS2_PLACEMENT_3D('',#3850,#3074,#3075);
#2635=AXIS2_PLACEMENT_3D('',#3851,#3076,#3077);
#2636=AXIS2_PLACEMENT_3D('',#3854,#3078,#3079);
#2637=AXIS2_PLACEMENT_3D('',#3856,#3080,#3081);
#2638=AXIS2_PLACEMENT_3D('',#3857,#3082,#3083);
#2639=AXIS2_PLACEMENT_3D('',#3859,#3085,#3086);
#2640=AXIS2_PLACEMENT_3D('',#3861,#3088,#3089);
#2641=AXIS2_PLACEMENT_3D('',#3863,#3090,#3091);
#2642=AXIS2_PLACEMENT_3D('',#3866,#3093,#3094);
#2643=AXIS2_PLACEMENT_3D('',#3867,#3095,#3096);
#2644=AXIS2_PLACEMENT_3D('',#3868,#3097,#3098);
#2645=AXIS2_PLACEMENT_3D('',#3871,#3099,#3100);
#2646=AXIS2_PLACEMENT_3D('',#3873,#3101,#3102);
#2647=AXIS2_PLACEMENT_3D('',#3874,#3103,#3104);
#2648=AXIS2_PLACEMENT_3D('',#3876,#3106,#3107);
#2649=AXIS2_PLACEMENT_3D('',#3878,#3109,#3110);
#2650=AXIS2_PLACEMENT_3D('',#3880,#3111,#3112);
#2651=AXIS2_PLACEMENT_3D('',#3883,#3114,#3115);
#2652=AXIS2_PLACEMENT_3D('',#3884,#3116,#3117);
#2653=AXIS2_PLACEMENT_3D('',#3885,#3118,#3119);
#2654=AXIS2_PLACEMENT_3D('',#3887,#3120,#3121);
#2655=AXIS2_PLACEMENT_3D('',#3890,#3123,#3124);
#2656=AXIS2_PLACEMENT_3D('',#3891,#3125,#3126);
#2657=AXIS2_PLACEMENT_3D('',#3892,#3127,#3128);
#2658=AXIS2_PLACEMENT_3D('',#3894,#3129,#3130);
#2659=AXIS2_PLACEMENT_3D('',#3897,#3132,#3133);
#2660=AXIS2_PLACEMENT_3D('',#3898,#3134,#3135);
#2661=AXIS2_PLACEMENT_3D('',#3900,#3136,#3137);
#2662=AXIS2_PLACEMENT_3D('',#3903,#3139,#3140);
#2663=AXIS2_PLACEMENT_3D('',#3904,#3141,#3142);
#2664=AXIS2_PLACEMENT_3D('',#3905,#3143,#3144);
#2665=AXIS2_PLACEMENT_3D('',#3907,#3145,#3146);
#2666=AXIS2_PLACEMENT_3D('',#3910,#3148,#3149);
#2667=AXIS2_PLACEMENT_3D('',#3911,#3150,#3151);
#2668=AXIS2_PLACEMENT_3D('',#3912,#3152,#3153);
#2669=AXIS2_PLACEMENT_3D('',#3914,#3154,#3155);
#2670=AXIS2_PLACEMENT_3D('',#3917,#3157,#3158);
#2671=AXIS2_PLACEMENT_3D('',#3918,#3159,#3160);
#2672=AXIS2_PLACEMENT_3D('',#3920,#3161,#3162);
#2673=AXIS2_PLACEMENT_3D('',#3923,#3164,#3165);
#2674=AXIS2_PLACEMENT_3D('',#3924,#3166,#3167);
#2675=AXIS2_PLACEMENT_3D('',#3925,#3168,#3169);
#2676=AXIS2_PLACEMENT_3D('',#3927,#3170,#3171);
#2677=AXIS2_PLACEMENT_3D('',#3930,#3173,#3174);
#2678=AXIS2_PLACEMENT_3D('',#3931,#3175,#3176);
#2679=AXIS2_PLACEMENT_3D('',#3932,#3177,#3178);
#2680=AXIS2_PLACEMENT_3D('',#3941,#3183,#3184);
#2681=AXIS2_PLACEMENT_3D('',#3947,#3188,#3189);
#2682=AXIS2_PLACEMENT_3D('',#3953,#3193,#3194);
#2683=AXIS2_PLACEMENT_3D('',#3971,#3204,#3205);
#2684=AXIS2_PLACEMENT_3D('',#3980,#3210,#3211);
#2685=AXIS2_PLACEMENT_3D('',#3986,#3215,#3216);
#2686=AXIS2_PLACEMENT_3D('',#3990,#3219,#3220);
#2687=AXIS2_PLACEMENT_3D('',#3994,#3223,#3224);
#2688=AXIS2_PLACEMENT_3D('',#4015,#3238,#3239);
#2689=AXIS2_PLACEMENT_3D('',#4019,#3242,#3243);
#2690=AXIS2_PLACEMENT_3D('',#4023,#3246,#3247);
#2691=AXIS2_PLACEMENT_3D('',#4028,#3249,#3250);
#2692=AXIS2_PLACEMENT_3D('',#4032,#3252,#3253);
#2693=AXIS2_PLACEMENT_3D('',#4036,#3255,#3256);
#2694=AXIS2_PLACEMENT_3D('',#4040,#3258,#3259);
#2695=AXIS2_PLACEMENT_3D('',#4044,#3261,#3262);
#2696=AXIS2_PLACEMENT_3D('',#4046,#3263,#3264);
#2697=AXIS2_PLACEMENT_3D('',#4050,#3266,#3267);
#2698=AXIS2_PLACEMENT_3D('',#4054,#3269,#3270);
#2699=AXIS2_PLACEMENT_3D('',#4056,#3271,#3272);
#2700=AXIS2_PLACEMENT_3D('',#4060,#3274,#3275);
#2701=AXIS2_PLACEMENT_3D('',#4064,#3277,#3278);
#2702=AXIS2_PLACEMENT_3D('',#4068,#3280,#3281);
#2703=AXIS2_PLACEMENT_3D('',#4070,#3282,#3283);
#2704=AXIS2_PLACEMENT_3D('',#4074,#3285,#3286);
#2705=AXIS2_PLACEMENT_3D('',#4077,#3288,#3289);
#2706=AXIS2_PLACEMENT_3D('',#4087,#3295,#3296);
#2707=AXIS2_PLACEMENT_3D('',#4089,#3298,#3299);
#2708=AXIS2_PLACEMENT_3D('',#4092,#3302,#3303);
#2709=AXIS2_PLACEMENT_3D('',#4093,#3304,#3305);
#2710=AXIS2_PLACEMENT_3D('',#4095,#3307,#3308);
#2711=AXIS2_PLACEMENT_3D('',#4096,#3309,#3310);
#2712=AXIS2_PLACEMENT_3D('',#4100,#3313,#3314);
#2713=AXIS2_PLACEMENT_3D('',#4102,#3316,#3317);
#2714=AXIS2_PLACEMENT_3D('',#4104,#3319,#3320);
#2715=AXIS2_PLACEMENT_3D('',#4106,#3321,#3322);
#2716=AXIS2_PLACEMENT_3D('',#4107,#3323,#3324);
#2717=AXIS2_PLACEMENT_3D('',#4110,#3325,#3326);
#2718=AXIS2_PLACEMENT_3D('',#4112,#3327,#3328);
#2719=AXIS2_PLACEMENT_3D('',#4116,#3330,#3331);
#2720=AXIS2_PLACEMENT_3D('',#4120,#3333,#3334);
#2721=AXIS2_PLACEMENT_3D('',#4122,#3336,#3337);
#2722=AXIS2_PLACEMENT_3D('',#4124,#3338,#3339);
#2723=AXIS2_PLACEMENT_3D('',#4125,#3340,#3341);
#2724=AXIS2_PLACEMENT_3D('',#4128,#3342,#3343);
#2725=AXIS2_PLACEMENT_3D('',#4131,#3346,#3347);
#2726=AXIS2_PLACEMENT_3D('',#4140,#3353,#3354);
#2727=AXIS2_PLACEMENT_3D('',#4144,#3356,#3357);
#2728=AXIS2_PLACEMENT_3D('',#4148,#3359,#3360);
#2729=AXIS2_PLACEMENT_3D('',#4151,#3362,#3363);
#2730=AXIS2_PLACEMENT_3D('',#4152,#3364,#3365);
#2731=AXIS2_PLACEMENT_3D('',#4154,#3367,#3368);
#2732=AXIS2_PLACEMENT_3D('',#4157,#3371,#3372);
#2733=AXIS2_PLACEMENT_3D('',#4159,#3374,#3375);
#2734=AXIS2_PLACEMENT_3D('',#4161,#3377,#3378);
#2735=AXIS2_PLACEMENT_3D('',#4163,#3380,#3381);
#2736=AXIS2_PLACEMENT_3D('',#4164,#3382,#3383);
#2737=AXIS2_PLACEMENT_3D('',#4167,#3386,#3387);
#2738=AXIS2_PLACEMENT_3D('',#4169,#3389,#3390);
#2739=AXIS2_PLACEMENT_3D('',#4172,#3393,#3394);
#2740=AXIS2_PLACEMENT_3D('',#4178,#3398,#3399);
#2741=AXIS2_PLACEMENT_3D('',#4181,#3400,#3401);
#2742=AXIS2_PLACEMENT_3D('',#4184,#3404,#3405);
#2743=AXIS2_PLACEMENT_3D('',#4193,#3411,#3412);
#2744=AXIS2_PLACEMENT_3D('',#4195,#3413,#3414);
#2745=AXIS2_PLACEMENT_3D('',#4197,#3416,#3417);
#2746=AXIS2_PLACEMENT_3D('',#4200,#3418,#3419);
#2747=AXIS2_PLACEMENT_3D('',#4203,#3422,#3423);
#2748=AXIS2_PLACEMENT_3D('',#4205,#3425,#3426);
#2749=AXIS2_PLACEMENT_3D('',#4207,#3428,#3429);
#2750=AXIS2_PLACEMENT_3D('',#4209,#3431,#3432);
#2751=AXIS2_PLACEMENT_3D('',#4212,#3435,#3436);
#2752=AXIS2_PLACEMENT_3D('',#4213,#3437,#3438);
#2753=AXIS2_PLACEMENT_3D('',#4215,#3439,#3440);
#2754=AXIS2_PLACEMENT_3D('',#4217,#3442,#3443);
#2755=AXIS2_PLACEMENT_3D('',#4218,#3444,#3445);
#2756=AXIS2_PLACEMENT_3D('',#4219,#3446,#3447);
#2757=AXIS2_PLACEMENT_3D('',#4222,#3449,#3450);
#2758=AXIS2_PLACEMENT_3D('',#4223,#3451,#3452);
#2759=AXIS2_PLACEMENT_3D('',#4224,#3453,#3454);
#2760=AXIS2_PLACEMENT_3D('',#4226,#3456,#3457);
#2761=AXIS2_PLACEMENT_3D('',#4227,#3458,#3459);
#2762=DIRECTION('axis',(0.,0.,1.));
#2763=DIRECTION('refdir',(1.,0.,0.));
#2764=DIRECTION('center_axis',(0.,0.,1.));
#2765=DIRECTION('ref_axis',(-1.,1.22464679914735E-16,0.));
#2766=DIRECTION('',(-1.,1.22464679914735E-16,0.));
#2767=DIRECTION('',(1.22464679914735E-16,1.,0.));
#2768=DIRECTION('',(1.,-1.22464679914735E-16,0.));
#2769=DIRECTION('',(-1.22464679914735E-16,-1.,0.));
#2770=DIRECTION('center_axis',(1.22464679914735E-16,1.,0.));
#2771=DIRECTION('ref_axis',(0.,0.,-1.));
#2772=DIRECTION('',(-1.,1.22464679914735E-16,0.));
#2773=DIRECTION('',(0.,0.,-1.));
#2774=DIRECTION('',(1.,-1.22464679914735E-16,0.));
#2775=DIRECTION('',(0.,0.,-1.));
#2776=DIRECTION('center_axis',(-1.,1.22464679914735E-16,0.));
#2777=DIRECTION('ref_axis',(0.,0.,-1.));
#2778=DIRECTION('',(0.,0.,-1.));
#2779=DIRECTION('',(1.22464679914735E-16,1.,0.));
#2780=DIRECTION('',(-1.22464679914735E-16,-1.,0.));
#2781=DIRECTION('',(0.,0.,-1.));
#2782=DIRECTION('',(1.22464679914735E-16,1.,0.));
#2783=DIRECTION('',(0.,0.,-1.));
#2784=DIRECTION('center_axis',(-1.22464679914735E-16,-1.,0.));
#2785=DIRECTION('ref_axis',(0.,0.,1.));
#2786=DIRECTION('',(0.,0.,-1.));
#2787=DIRECTION('',(-1.,1.22464679914735E-16,0.));
#2788=DIRECTION('center_axis',(-1.22464679914735E-16,-1.,0.));
#2789=DIRECTION('ref_axis',(0.,0.,1.));
#2790=DIRECTION('',(1.,-1.22464679914735E-16,0.));
#2791=DIRECTION('',(0.,0.,-1.));
#2792=DIRECTION('',(-1.,1.22464679914735E-16,0.));
#2793=DIRECTION('center_axis',(1.22464679914735E-16,1.,0.));
#2794=DIRECTION('ref_axis',(0.,0.,-1.));
#2795=DIRECTION('',(1.,-1.22464679914735E-16,0.));
#2796=DIRECTION('',(0.,0.,-1.));
#2797=DIRECTION('center_axis',(0.,0.,1.));
#2798=DIRECTION('ref_axis',(-1.,1.22464679914735E-16,0.));
#2799=DIRECTION('',(1.22464679914735E-16,1.,0.));
#2800=DIRECTION('center_axis',(1.,-1.22464679914735E-16,0.));
#2801=DIRECTION('ref_axis',(0.,0.,1.));
#2802=DIRECTION('',(-1.22464679914735E-16,-1.,0.));
#2803=DIRECTION('',(-1.22464679914735E-16,-1.,0.));
#2804=DIRECTION('center_axis',(0.,0.,1.));
#2805=DIRECTION('ref_axis',(-1.,1.22464679914735E-16,0.));
#2806=DIRECTION('',(-1.,1.22464679914735E-16,0.));
#2807=DIRECTION('',(1.22464679914735E-16,1.,0.));
#2808=DIRECTION('',(1.,-1.22464679914735E-16,0.));
#2809=DIRECTION('',(-1.22464679914735E-16,-1.,0.));
#2810=DIRECTION('center_axis',(1.22464679914735E-16,1.,0.));
#2811=DIRECTION('ref_axis',(0.,0.,-1.));
#2812=DIRECTION('',(-1.,1.22464679914735E-16,0.));
#2813=DIRECTION('',(0.,0.,-1.));
#2814=DIRECTION('',(1.,-1.22464679914735E-16,0.));
#2815=DIRECTION('',(0.,0.,-1.));
#2816=DIRECTION('center_axis',(-1.,1.22464679914735E-16,0.));
#2817=DIRECTION('ref_axis',(0.,0.,-1.));
#2818=DIRECTION('',(0.,0.,-1.));
#2819=DIRECTION('',(1.22464679914735E-16,1.,0.));
#2820=DIRECTION('',(-1.22464679914735E-16,-1.,0.));
#2821=DIRECTION('',(0.,0.,-1.));
#2822=DIRECTION('',(1.22464679914735E-16,1.,0.));
#2823=DIRECTION('',(0.,0.,-1.));
#2824=DIRECTION('center_axis',(-1.22464679914735E-16,-1.,0.));
#2825=DIRECTION('ref_axis',(0.,0.,1.));
#2826=DIRECTION('',(0.,0.,-1.));
#2827=DIRECTION('',(-1.,1.22464679914735E-16,0.));
#2828=DIRECTION('center_axis',(-1.22464679914735E-16,-1.,0.));
#2829=DIRECTION('ref_axis',(0.,0.,1.));
#2830=DIRECTION('',(1.,-1.22464679914735E-16,0.));
#2831=DIRECTION('',(0.,0.,-1.));
#2832=DIRECTION('',(-1.,1.22464679914735E-16,0.));
#2833=DIRECTION('center_axis',(1.22464679914735E-16,1.,0.));
#2834=DIRECTION('ref_axis',(0.,0.,-1.));
#2835=DIRECTION('',(1.,-1.22464679914735E-16,0.));
#2836=DIRECTION('',(0.,0.,-1.));
#2837=DIRECTION('center_axis',(0.,0.,1.));
#2838=DIRECTION('ref_axis',(-1.,1.22464679914735E-16,0.));
#2839=DIRECTION('',(1.22464679914735E-16,1.,0.));
#2840=DIRECTION('center_axis',(1.,-1.22464679914735E-16,0.));
#2841=DIRECTION('ref_axis',(0.,0.,1.));
#2842=DIRECTION('',(-1.22464679914735E-16,-1.,0.));
#2843=DIRECTION('',(-1.22464679914735E-16,-1.,0.));
#2844=DIRECTION('center_axis',(1.22464679914735E-16,1.,0.));
#2845=DIRECTION('ref_axis',(0.,0.,-1.));
#2846=DIRECTION('',(0.,0.,1.));
#2847=DIRECTION('',(-1.,1.22464679914735E-16,0.));
#2848=DIRECTION('',(0.,0.,-1.));
#2849=DIRECTION('',(1.,-1.22464679914735E-16,0.));
#2850=DIRECTION('center_axis',(-1.,1.22464679914735E-16,0.));
#2851=DIRECTION('ref_axis',(0.,0.,-1.));
#2852=DIRECTION('',(0.,0.,1.));
#2853=DIRECTION('',(-1.22464679914735E-16,-1.,0.));
#2854=DIRECTION('',(0.,0.,-1.));
#2855=DIRECTION('',(1.22464679914735E-16,1.,0.));
#2856=DIRECTION('center_axis',(0.,0.,1.));
#2857=DIRECTION('ref_axis',(-1.,1.22464679914735E-16,0.));
#2858=DIRECTION('',(-1.22464679914735E-16,-1.,0.));
#2859=DIRECTION('',(1.,-1.22464679914735E-16,0.));
#2860=DIRECTION('',(1.22464679914735E-16,1.,0.));
#2861=DIRECTION('',(1.,-1.22464679914735E-16,0.));
#2862=DIRECTION('',(1.,-1.22464679914735E-16,0.));
#2863=DIRECTION('',(1.22464679914735E-16,1.,0.));
#2864=DIRECTION('center_axis',(0.,0.,1.));
#2865=DIRECTION('ref_axis',(-1.,1.22464679914735E-16,0.));
#2866=DIRECTION('',(1.22464679914735E-16,1.,0.));
#2867=DIRECTION('',(-1.22464679914735E-16,-1.,0.));
#2868=DIRECTION('',(-1.,1.22464679914735E-16,0.));
#2869=DIRECTION('',(-1.,1.22464679914735E-16,0.));
#2870=DIRECTION('',(-1.22464679914735E-16,-1.,0.));
#2871=DIRECTION('',(-1.,1.22464679914735E-16,0.));
#2872=DIRECTION('center_axis',(-1.22464679914735E-16,-1.,0.));
#2873=DIRECTION('ref_axis',(0.,0.,1.));
#2874=DIRECTION('',(0.,0.,-1.));
#2875=DIRECTION('center_axis',(1.,-1.22464679914735E-16,0.));
#2876=DIRECTION('ref_axis',(0.,0.,1.));
#2877=DIRECTION('',(0.,0.,-1.));
#2878=DIRECTION('center_axis',(-1.22464679914735E-16,-1.,0.));
#2879=DIRECTION('ref_axis',(0.,0.,1.));
#2880=DIRECTION('',(0.,0.,-1.));
#2881=DIRECTION('',(1.,-1.22464679914735E-16,0.));
#2882=DIRECTION('',(0.,0.,-1.));
#2883=DIRECTION('',(-1.,1.22464679914735E-16,0.));
#2884=DIRECTION('',(0.,0.,-1.));
#2885=DIRECTION('center_axis',(1.,-1.22464679914735E-16,0.));
#2886=DIRECTION('ref_axis',(0.,0.,1.));
#2887=DIRECTION('',(0.,0.,-1.));
#2888=DIRECTION('',(1.22464679914735E-16,1.,0.));
#2889=DIRECTION('',(0.,0.,-1.));
#2890=DIRECTION('',(-1.22464679914735E-16,-1.,0.));
#2891=DIRECTION('',(0.,0.,-1.));
#2892=DIRECTION('center_axis',(-1.,1.22464679914735E-16,0.));
#2893=DIRECTION('ref_axis',(0.,0.,-1.));
#2894=DIRECTION('',(1.22464679914735E-16,1.,0.));
#2895=DIRECTION('',(0.,0.,1.));
#2896=DIRECTION('',(-1.22464679914735E-16,-1.,0.));
#2897=DIRECTION('center_axis',(1.,-1.22464679914735E-16,0.));
#2898=DIRECTION('ref_axis',(0.,0.,1.));
#2899=DIRECTION('',(1.22464679914735E-16,1.,0.));
#2900=DIRECTION('',(0.,0.,-1.));
#2901=DIRECTION('',(-1.22464679914735E-16,-1.,0.));
#2902=DIRECTION('center_axis',(1.22464679914735E-16,1.,0.));
#2903=DIRECTION('ref_axis',(0.,0.,-1.));
#2904=DIRECTION('',(1.,-1.22464679914735E-16,0.));
#2905=DIRECTION('',(1.,-1.22464679914735E-16,0.));
#2906=DIRECTION('center_axis',(-1.22464679914735E-16,-1.,0.));
#2907=DIRECTION('ref_axis',(0.,0.,1.));
#2908=DIRECTION('',(-1.,1.22464679914735E-16,0.));
#2909=DIRECTION('',(0.,0.,-1.));
#2910=DIRECTION('',(1.,-1.22464679914735E-16,0.));
#2911=DIRECTION('center_axis',(-1.,1.22464679914735E-16,0.));
#2912=DIRECTION('ref_axis',(0.,0.,-1.));
#2913=DIRECTION('',(0.,0.,1.));
#2914=DIRECTION('',(-1.22464679914735E-16,-1.,0.));
#2915=DIRECTION('',(1.22464679914735E-16,1.,0.));
#2916=DIRECTION('center_axis',(1.22464679914735E-16,1.,0.));
#2917=DIRECTION('ref_axis',(0.,0.,-1.));
#2918=DIRECTION('',(1.,-1.22464679914735E-16,0.));
#2919=DIRECTION('',(0.,0.,-1.));
#2920=DIRECTION('',(1.,-1.22464679914735E-16,0.));
#2921=DIRECTION('center_axis',(1.,-1.22464679914735E-16,0.));
#2922=DIRECTION('ref_axis',(0.,0.,1.));
#2923=DIRECTION('',(0.,0.,-1.));
#2924=DIRECTION('',(-1.22464679914735E-16,-1.,0.));
#2925=DIRECTION('',(0.,0.,1.));
#2926=DIRECTION('',(-1.22464679914735E-16,-1.,0.));
#2927=DIRECTION('',(0.,0.,1.));
#2928=DIRECTION('',(-1.22464679914735E-16,-1.,0.));
#2929=DIRECTION('',(0.,0.,-1.));
#2930=DIRECTION('',(-1.22464679914735E-16,-1.,0.));
#2931=DIRECTION('center_axis',(0.,0.,1.));
#2932=DIRECTION('ref_axis',(-1.,1.22464679914735E-16,0.));
#2933=DIRECTION('center_axis',(0.,0.,1.));
#2934=DIRECTION('ref_axis',(-1.,1.22464679914735E-16,0.));
#2935=DIRECTION('',(1.22464679914735E-16,1.,0.));
#2936=DIRECTION('center_axis',(0.,0.,1.));
#2937=DIRECTION('ref_axis',(-1.,1.22464679914735E-16,0.));
#2938=DIRECTION('center_axis',(-1.,1.22464679914735E-16,0.));
#2939=DIRECTION('ref_axis',(0.,0.,-1.));
#2940=DIRECTION('',(0.,0.,1.));
#2941=DIRECTION('',(1.22464679914735E-16,1.,0.));
#2942=DIRECTION('',(0.,0.,1.));
#2943=DIRECTION('',(1.22464679914735E-16,1.,0.));
#2944=DIRECTION('',(0.,0.,-1.));
#2945=DIRECTION('',(1.22464679914735E-16,1.,0.));
#2946=DIRECTION('',(0.,0.,-1.));
#2947=DIRECTION('center_axis',(0.,0.,1.));
#2948=DIRECTION('ref_axis',(-1.,1.22464679914735E-16,0.));
#2949=DIRECTION('center_axis',(0.,0.,1.));
#2950=DIRECTION('ref_axis',(-1.,1.22464679914735E-16,0.));
#2951=DIRECTION('',(0.,0.,-1.));
#2952=DIRECTION('center_axis',(0.,0.,-1.));
#2953=DIRECTION('ref_axis',(-1.,1.22464679914735E-16,0.));
#2954=DIRECTION('center_axis',(0.,0.,-1.));
#2955=DIRECTION('ref_axis',(-1.,1.22464679914735E-16,0.));
#2956=DIRECTION('center_axis',(0.,0.,-1.));
#2957=DIRECTION('ref_axis',(-1.,1.22464679914735E-16,0.));
#2958=DIRECTION('center_axis',(0.,0.,-1.));
#2959=DIRECTION('ref_axis',(1.,-1.22464679914735E-16,0.));
#2960=DIRECTION('center_axis',(0.,0.,-1.));
#2961=DIRECTION('ref_axis',(-1.,1.22464679914735E-16,0.));
#2962=DIRECTION('center_axis',(0.,0.,-1.));
#2963=DIRECTION('ref_axis',(1.,-1.22464679914735E-16,0.));
#2964=DIRECTION('center_axis',(0.,0.,-1.));
#2965=DIRECTION('ref_axis',(-1.,1.22464679914735E-16,0.));
#2966=DIRECTION('center_axis',(0.,0.,1.));
#2967=DIRECTION('ref_axis',(-1.,1.22464679914735E-16,0.));
#2968=DIRECTION('center_axis',(0.,0.,-1.));
#2969=DIRECTION('ref_axis',(-1.,1.22464679914735E-16,0.));
#2970=DIRECTION('center_axis',(0.,0.,1.));
#2971=DIRECTION('ref_axis',(1.,0.,0.));
#2972=DIRECTION('center_axis',(0.,0.,-1.));
#2973=DIRECTION('ref_axis',(-1.,1.22464679914735E-16,0.));
#2974=DIRECTION('center_axis',(0.,0.,-1.));
#2975=DIRECTION('ref_axis',(-1.,1.22464679914735E-16,0.));
#2976=DIRECTION('center_axis',(0.,0.,-1.));
#2977=DIRECTION('ref_axis',(-1.,1.22464679914735E-16,0.));
#2978=DIRECTION('center_axis',(0.,0.,-1.));
#2979=DIRECTION('ref_axis',(1.,0.,0.));
#2980=DIRECTION('center_axis',(0.,0.,-1.));
#2981=DIRECTION('ref_axis',(-1.,1.22464679914735E-16,0.));
#2982=DIRECTION('center_axis',(0.,0.,-1.));
#2983=DIRECTION('ref_axis',(-1.,1.22464679914735E-16,0.));
#2984=DIRECTION('center_axis',(0.,0.,-1.));
#2985=DIRECTION('ref_axis',(-1.,1.22464679914735E-16,0.));
#2986=DIRECTION('center_axis',(0.,0.,1.));
#2987=DIRECTION('ref_axis',(-1.,1.22464679914735E-16,0.));
#2988=DIRECTION('center_axis',(0.,0.,1.));
#2989=DIRECTION('ref_axis',(1.,0.,0.));
#2990=DIRECTION('center_axis',(0.,0.,-1.));
#2991=DIRECTION('ref_axis',(-1.,1.22464679914735E-16,0.));
#2992=DIRECTION('center_axis',(0.,0.,-1.));
#2993=DIRECTION('ref_axis',(-1.,1.22464679914735E-16,0.));
#2994=DIRECTION('center_axis',(1.,-1.22464679914735E-16,0.));
#2995=DIRECTION('ref_axis',(0.,0.,1.));
#2996=DIRECTION('',(0.,0.,-1.));
#2997=DIRECTION('',(-1.22464679914735E-16,-1.,0.));
#2998=DIRECTION('',(0.,0.,1.));
#2999=DIRECTION('',(-1.22464679914735E-16,-1.,0.));
#3000=DIRECTION('',(0.,0.,1.));
#3001=DIRECTION('',(-1.22464679914735E-16,-1.,0.));
#3002=DIRECTION('',(0.,0.,-1.));
#3003=DIRECTION('',(-1.22464679914735E-16,-1.,0.));
#3004=DIRECTION('center_axis',(0.,0.,1.));
#3005=DIRECTION('ref_axis',(-1.,1.22464679914735E-16,0.));
#3006=DIRECTION('center_axis',(0.,0.,1.));
#3007=DIRECTION('ref_axis',(-1.,1.22464679914735E-16,0.));
#3008=DIRECTION('',(1.22464679914735E-16,1.,0.));
#3009=DIRECTION('center_axis',(0.,0.,1.));
#3010=DIRECTION('ref_axis',(-1.,1.22464679914735E-16,0.));
#3011=DIRECTION('center_axis',(-1.,1.22464679914735E-16,0.));
#3012=DIRECTION('ref_axis',(0.,0.,-1.));
#3013=DIRECTION('',(0.,0.,1.));
#3014=DIRECTION('',(1.22464679914735E-16,1.,0.));
#3015=DIRECTION('',(0.,0.,1.));
#3016=DIRECTION('',(1.22464679914735E-16,1.,0.));
#3017=DIRECTION('',(0.,0.,-1.));
#3018=DIRECTION('',(1.22464679914735E-16,1.,0.));
#3019=DIRECTION('',(0.,0.,-1.));
#3020=DIRECTION('center_axis',(0.,0.,1.));
#3021=DIRECTION('ref_axis',(-1.,1.22464679914735E-16,0.));
#3022=DIRECTION('center_axis',(0.,0.,1.));
#3023=DIRECTION('ref_axis',(-1.,1.22464679914735E-16,0.));
#3024=DIRECTION('',(0.,0.,-1.));
#3025=DIRECTION('center_axis',(0.,0.,-1.));
#3026=DIRECTION('ref_axis',(-1.,1.22464679914735E-16,0.));
#3027=DIRECTION('center_axis',(0.,0.,-1.));
#3028=DIRECTION('ref_axis',(-1.,1.22464679914735E-16,0.));
#3029=DIRECTION('center_axis',(0.,0.,-1.));
#3030=DIRECTION('ref_axis',(-1.,1.22464679914735E-16,0.));
#3031=DIRECTION('center_axis',(0.,0.,-1.));
#3032=DIRECTION('ref_axis',(1.,-1.22464679914735E-16,0.));
#3033=DIRECTION('center_axis',(0.,0.,-1.));
#3034=DIRECTION('ref_axis',(-1.,1.22464679914735E-16,0.));
#3035=DIRECTION('center_axis',(0.,0.,-1.));
#3036=DIRECTION('ref_axis',(1.,-1.22464679914735E-16,0.));
#3037=DIRECTION('center_axis',(0.,0.,-1.));
#3038=DIRECTION('ref_axis',(-1.,1.22464679914735E-16,0.));
#3039=DIRECTION('center_axis',(0.,0.,1.));
#3040=DIRECTION('ref_axis',(-1.,1.22464679914735E-16,0.));
#3041=DIRECTION('center_axis',(0.,0.,-1.));
#3042=DIRECTION('ref_axis',(-1.,1.22464679914735E-16,0.));
#3043=DIRECTION('center_axis',(0.,0.,1.));
#3044=DIRECTION('ref_axis',(1.,0.,0.));
#3045=DIRECTION('center_axis',(0.,0.,-1.));
#3046=DIRECTION('ref_axis',(-1.,1.22464679914735E-16,0.));
#3047=DIRECTION('center_axis',(0.,0.,-1.));
#3048=DIRECTION('ref_axis',(-1.,1.22464679914735E-16,0.));
#3049=DIRECTION('center_axis',(0.,0.,-1.));
#3050=DIRECTION('ref_axis',(-1.,1.22464679914735E-16,0.));
#3051=DIRECTION('center_axis',(0.,0.,-1.));
#3052=DIRECTION('ref_axis',(1.,0.,0.));
#3053=DIRECTION('center_axis',(0.,0.,-1.));
#3054=DIRECTION('ref_axis',(-1.,1.22464679914735E-16,0.));
#3055=DIRECTION('center_axis',(0.,0.,-1.));
#3056=DIRECTION('ref_axis',(-1.,1.22464679914735E-16,0.));
#3057=DIRECTION('center_axis',(0.,0.,-1.));
#3058=DIRECTION('ref_axis',(-1.,1.22464679914735E-16,0.));
#3059=DIRECTION('center_axis',(0.,0.,1.));
#3060=DIRECTION('ref_axis',(-1.,1.22464679914735E-16,0.));
#3061=DIRECTION('center_axis',(0.,0.,1.));
#3062=DIRECTION('ref_axis',(1.,0.,0.));
#3063=DIRECTION('center_axis',(0.,0.,-1.));
#3064=DIRECTION('ref_axis',(-1.,1.22464679914735E-16,0.));
#3065=DIRECTION('center_axis',(0.,0.,-1.));
#3066=DIRECTION('ref_axis',(-1.,1.22464679914735E-16,0.));
#3067=DIRECTION('center_axis',(0.,0.,1.));
#3068=DIRECTION('ref_axis',(-1.,1.22464679914735E-16,0.));
#3069=DIRECTION('center_axis',(0.,0.,-1.));
#3070=DIRECTION('ref_axis',(-1.,1.22464679914735E-16,0.));
#3071=DIRECTION('',(0.6,-1.46957615897682E-16,0.8));
#3072=DIRECTION('center_axis',(0.,0.,-1.));
#3073=DIRECTION('ref_axis',(-1.,1.22464679914735E-16,0.));
#3074=DIRECTION('center_axis',(0.,0.,-1.));
#3075=DIRECTION('ref_axis',(-1.,1.22464679914735E-16,0.));
#3076=DIRECTION('center_axis',(0.,0.,1.));
#3077=DIRECTION('ref_axis',(-1.,1.22464679914735E-16,0.));
#3078=DIRECTION('center_axis',(0.,0.,1.));
#3079=DIRECTION('ref_axis',(-1.,1.22464679914735E-16,0.));
#3080=DIRECTION('center_axis',(0.,0.,1.));
#3081=DIRECTION('ref_axis',(-1.,1.22464679914735E-16,0.));
#3082=DIRECTION('center_axis',(0.,0.,1.));
#3083=DIRECTION('ref_axis',(-1.,1.22464679914735E-16,0.));
#3084=DIRECTION('',(0.,0.,-1.));
#3085=DIRECTION('center_axis',(0.,0.,1.));
#3086=DIRECTION('ref_axis',(-1.,1.22464679914735E-16,0.));
#3087=DIRECTION('',(1.,-1.22464679914735E-16,0.));
#3088=DIRECTION('center_axis',(0.,0.,1.));
#3089=DIRECTION('ref_axis',(-1.,1.22464679914735E-16,0.));
#3090=DIRECTION('center_axis',(0.,0.,-1.));
#3091=DIRECTION('ref_axis',(-1.,1.22464679914735E-16,0.));
#3092=DIRECTION('',(0.6,-1.46957615897682E-16,0.8));
#3093=DIRECTION('center_axis',(0.,0.,-1.));
#3094=DIRECTION('ref_axis',(-1.,1.22464679914735E-16,0.));
#3095=DIRECTION('center_axis',(0.,0.,-1.));
#3096=DIRECTION('ref_axis',(-1.,1.22464679914735E-16,0.));
#3097=DIRECTION('center_axis',(0.,0.,1.));
#3098=DIRECTION('ref_axis',(-1.,1.22464679914735E-16,0.));
#3099=DIRECTION('center_axis',(0.,0.,1.));
#3100=DIRECTION('ref_axis',(-1.,1.22464679914735E-16,0.));
#3101=DIRECTION('center_axis',(0.,0.,1.));
#3102=DIRECTION('ref_axis',(-1.,1.22464679914735E-16,0.));
#3103=DIRECTION('center_axis',(0.,0.,1.));
#3104=DIRECTION('ref_axis',(-1.,1.22464679914735E-16,0.));
#3105=DIRECTION('',(0.,0.,-1.));
#3106=DIRECTION('center_axis',(0.,0.,1.));
#3107=DIRECTION('ref_axis',(-1.,1.22464679914735E-16,0.));
#3108=DIRECTION('',(1.,-1.22464679914735E-16,0.));
#3109=DIRECTION('center_axis',(0.,0.,1.));
#3110=DIRECTION('ref_axis',(-1.,1.22464679914735E-16,0.));
#3111=DIRECTION('center_axis',(0.,0.,1.));
#3112=DIRECTION('ref_axis',(-1.,1.22464679914735E-16,0.));
#3113=DIRECTION('',(0.,0.,1.));
#3114=DIRECTION('center_axis',(0.,0.,1.));
#3115=DIRECTION('ref_axis',(-1.,1.22464679914735E-16,0.));
#3116=DIRECTION('center_axis',(0.,0.,1.));
#3117=DIRECTION('ref_axis',(-1.,1.22464679914735E-16,0.));
#3118=DIRECTION('center_axis',(0.,0.,1.));
#3119=DIRECTION('ref_axis',(-1.,1.22464679914735E-16,0.));
#3120=DIRECTION('center_axis',(0.,0.,1.));
#3121=DIRECTION('ref_axis',(-1.,1.22464679914735E-16,0.));
#3122=DIRECTION('',(0.,0.,1.));
#3123=DIRECTION('center_axis',(0.,0.,1.));
#3124=DIRECTION('ref_axis',(-1.,1.22464679914735E-16,0.));
#3125=DIRECTION('center_axis',(0.,0.,1.));
#3126=DIRECTION('ref_axis',(-1.,1.22464679914735E-16,0.));
#3127=DIRECTION('center_axis',(0.,0.,1.));
#3128=DIRECTION('ref_axis',(-1.,1.22464679914735E-16,0.));
#3129=DIRECTION('center_axis',(0.,0.,1.));
#3130=DIRECTION('ref_axis',(-1.,1.22464679914735E-16,0.));
#3131=DIRECTION('',(0.,0.,1.));
#3132=DIRECTION('center_axis',(0.,0.,-1.));
#3133=DIRECTION('ref_axis',(-1.,1.22464679914735E-16,0.));
#3134=DIRECTION('center_axis',(0.,0.,1.));
#3135=DIRECTION('ref_axis',(-1.,1.22464679914735E-16,0.));
#3136=DIRECTION('center_axis',(0.,0.,-1.));
#3137=DIRECTION('ref_axis',(-1.,1.22464679914735E-16,0.));
#3138=DIRECTION('',(0.,0.,1.));
#3139=DIRECTION('center_axis',(0.,0.,-1.));
#3140=DIRECTION('ref_axis',(-1.,1.22464679914735E-16,0.));
#3141=DIRECTION('center_axis',(0.,0.,-1.));
#3142=DIRECTION('ref_axis',(1.,-1.22464679914735E-16,0.));
#3143=DIRECTION('center_axis',(0.,0.,1.));
#3144=DIRECTION('ref_axis',(-1.,1.22464679914735E-16,0.));
#3145=DIRECTION('center_axis',(0.,0.,-1.));
#3146=DIRECTION('ref_axis',(-1.,1.22464679914735E-16,0.));
#3147=DIRECTION('',(0.,0.,1.));
#3148=DIRECTION('center_axis',(0.,0.,-1.));
#3149=DIRECTION('ref_axis',(-1.,1.22464679914735E-16,0.));
#3150=DIRECTION('center_axis',(0.,0.,-1.));
#3151=DIRECTION('ref_axis',(1.,-1.22464679914735E-16,0.));
#3152=DIRECTION('center_axis',(0.,0.,1.));
#3153=DIRECTION('ref_axis',(-1.,1.22464679914735E-16,0.));
#3154=DIRECTION('center_axis',(0.,0.,1.));
#3155=DIRECTION('ref_axis',(-1.,1.22464679914735E-16,0.));
#3156=DIRECTION('',(0.,0.,1.));
#3157=DIRECTION('center_axis',(0.,0.,-1.));
#3158=DIRECTION('ref_axis',(-1.,1.22464679914735E-16,0.));
#3159=DIRECTION('center_axis',(0.,0.,1.));
#3160=DIRECTION('ref_axis',(-1.,1.22464679914735E-16,0.));
#3161=DIRECTION('center_axis',(0.,0.,-1.));
#3162=DIRECTION('ref_axis',(-1.,1.22464679914735E-16,0.));
#3163=DIRECTION('',(0.,0.,1.));
#3164=DIRECTION('center_axis',(0.,0.,-1.));
#3165=DIRECTION('ref_axis',(-1.,1.22464679914735E-16,0.));
#3166=DIRECTION('center_axis',(0.,0.,-1.));
#3167=DIRECTION('ref_axis',(1.,-1.22464679914735E-16,0.));
#3168=DIRECTION('center_axis',(0.,0.,1.));
#3169=DIRECTION('ref_axis',(-1.,1.22464679914735E-16,0.));
#3170=DIRECTION('center_axis',(0.,0.,-1.));
#3171=DIRECTION('ref_axis',(-1.,1.22464679914735E-16,0.));
#3172=DIRECTION('',(0.,0.,1.));
#3173=DIRECTION('center_axis',(0.,0.,-1.));
#3174=DIRECTION('ref_axis',(-1.,1.22464679914735E-16,0.));
#3175=DIRECTION('center_axis',(0.,0.,-1.));
#3176=DIRECTION('ref_axis',(1.,-1.22464679914735E-16,0.));
#3177=DIRECTION('center_axis',(-1.,1.22464679914735E-16,0.));
#3178=DIRECTION('ref_axis',(0.,0.,-1.));
#3179=DIRECTION('',(0.,0.,-1.));
#3180=DIRECTION('',(1.22464679914735E-16,1.,0.));
#3181=DIRECTION('',(0.,0.,1.));
#3182=DIRECTION('',(1.22464679914735E-16,1.,0.));
#3183=DIRECTION('center_axis',(0.,0.,1.));
#3184=DIRECTION('ref_axis',(-1.,1.22464679914735E-16,0.));
#3185=DIRECTION('',(1.,-1.22464679914735E-16,0.));
#3186=DIRECTION('',(-1.22464679914735E-16,-1.,0.));
#3187=DIRECTION('',(-1.,1.22464679914735E-16,0.));
#3188=DIRECTION('center_axis',(1.,-1.22464679914735E-16,0.));
#3189=DIRECTION('ref_axis',(0.,0.,1.));
#3190=DIRECTION('',(0.,0.,1.));
#3191=DIRECTION('',(-1.22464679914735E-16,-1.,0.));
#3192=DIRECTION('',(0.,0.,-1.));
#3193=DIRECTION('center_axis',(-1.22464679914735E-16,-1.,0.));
#3194=DIRECTION('ref_axis',(0.,0.,1.));
#3195=DIRECTION('',(-1.,1.22464679914735E-16,0.));
#3196=DIRECTION('',(0.,0.,-1.));
#3197=DIRECTION('',(-1.,1.22464679914735E-16,0.));
#3198=DIRECTION('',(0.,0.,-1.));
#3199=DIRECTION('',(1.,-1.22464679914735E-16,0.));
#3200=DIRECTION('',(0.,0.,-1.));
#3201=DIRECTION('',(-1.,1.22464679914735E-16,0.));
#3202=DIRECTION('',(0.,0.,-1.));
#3203=DIRECTION('',(-1.,1.22464679914735E-16,0.));
#3204=DIRECTION('center_axis',(-1.,1.22464679914735E-16,0.));
#3205=DIRECTION('ref_axis',(0.,0.,-1.));
#3206=DIRECTION('',(1.22464679914735E-16,1.,0.));
#3207=DIRECTION('',(0.,0.,-1.));
#3208=DIRECTION('',(1.22464679914735E-16,1.,0.));
#3209=DIRECTION('',(0.,0.,1.));
#3210=DIRECTION('center_axis',(0.,0.,1.));
#3211=DIRECTION('ref_axis',(-1.,1.22464679914735E-16,0.));
#3212=DIRECTION('',(-1.22464679914735E-16,-1.,0.));
#3213=DIRECTION('',(-1.,1.22464679914735E-16,0.));
#3214=DIRECTION('',(1.,-1.22464679914735E-16,0.));
#3215=DIRECTION('center_axis',(1.22464679914735E-16,1.,0.));
#3216=DIRECTION('ref_axis',(0.,0.,-1.));
#3217=DIRECTION('',(1.,-1.22464679914735E-16,0.));
#3218=DIRECTION('',(0.,0.,-1.));
#3219=DIRECTION('center_axis',(1.,-1.22464679914735E-16,0.));
#3220=DIRECTION('ref_axis',(0.,0.,1.));
#3221=DIRECTION('',(-1.22464679914735E-16,-1.,0.));
#3222=DIRECTION('',(0.,0.,-1.));
#3223=DIRECTION('center_axis',(0.,0.,1.));
#3224=DIRECTION('ref_axis',(-1.,1.22464679914735E-16,0.));
#3225=DIRECTION('',(1.,-1.22464679914735E-16,0.));
#3226=DIRECTION('',(-1.22464679914735E-16,-1.,0.));
#3227=DIRECTION('',(-1.22464679914735E-16,-1.,0.));
#3228=DIRECTION('',(-1.,1.22464679914735E-16,0.));
#3229=DIRECTION('',(-1.22464679914735E-16,-1.,0.));
#3230=DIRECTION('',(1.,-1.22464679914735E-16,0.));
#3231=DIRECTION('',(1.,-1.22464679914735E-16,0.));
#3232=DIRECTION('',(1.,-1.22464679914735E-16,0.));
#3233=DIRECTION('',(1.,-1.22464679914735E-16,0.));
#3234=DIRECTION('',(1.22464679914735E-16,1.,0.));
#3235=DIRECTION('',(-1.,1.22464679914735E-16,0.));
#3236=DIRECTION('',(1.22464679914735E-16,1.,0.));
#3237=DIRECTION('',(1.22464679914735E-16,1.,0.));
#3238=DIRECTION('center_axis',(1.,-1.22464679914735E-16,0.));
#3239=DIRECTION('ref_axis',(0.,0.,1.));
#3240=DIRECTION('',(1.22464679914735E-16,1.,0.));
#3241=DIRECTION('',(0.,0.,1.));
#3242=DIRECTION('center_axis',(-1.,1.22464679914735E-16,0.));
#3243=DIRECTION('ref_axis',(0.,0.,-1.));
#3244=DIRECTION('',(0.,0.,-1.));
#3245=DIRECTION('',(-1.22464679914735E-16,-1.,0.));
#3246=DIRECTION('center_axis',(0.,0.,1.));
#3247=DIRECTION('ref_axis',(-1.,1.22464679914735E-16,0.));
#3248=DIRECTION('',(1.,-1.22464679914735E-16,0.));
#3249=DIRECTION('center_axis',(0.,0.,-1.));
#3250=DIRECTION('ref_axis',(-1.,1.22464679914735E-16,0.));
#3251=DIRECTION('',(-1.22464679914735E-16,-1.,0.));
#3252=DIRECTION('center_axis',(0.,0.,1.));
#3253=DIRECTION('ref_axis',(-1.,1.22464679914735E-16,0.));
#3254=DIRECTION('',(1.,-1.22464679914735E-16,0.));
#3255=DIRECTION('center_axis',(0.,0.,1.));
#3256=DIRECTION('ref_axis',(-1.,1.22464679914735E-16,0.));
#3257=DIRECTION('',(1.22464679914735E-16,1.,0.));
#3258=DIRECTION('center_axis',(0.,0.,-1.));
#3259=DIRECTION('ref_axis',(-1.,1.22464679914735E-16,0.));
#3260=DIRECTION('',(1.,-1.22464679914735E-16,0.));
#3261=DIRECTION('center_axis',(0.,0.,1.));
#3262=DIRECTION('ref_axis',(-1.,1.22464679914735E-16,0.));
#3263=DIRECTION('center_axis',(0.,0.,1.));
#3264=DIRECTION('ref_axis',(-1.,1.22464679914735E-16,0.));
#3265=DIRECTION('',(-1.,1.22464679914735E-16,0.));
#3266=DIRECTION('center_axis',(0.,0.,-1.));
#3267=DIRECTION('ref_axis',(-1.,1.22464679914735E-16,0.));
#3268=DIRECTION('',(1.22464679914735E-16,1.,0.));
#3269=DIRECTION('center_axis',(0.,0.,1.));
#3270=DIRECTION('ref_axis',(-1.,1.22464679914735E-16,0.));
#3271=DIRECTION('center_axis',(0.,0.,-1.));
#3272=DIRECTION('ref_axis',(-1.,1.22464679914735E-16,0.));
#3273=DIRECTION('',(1.22464679914735E-16,1.,0.));
#3274=DIRECTION('center_axis',(0.,0.,1.));
#3275=DIRECTION('ref_axis',(-1.,1.22464679914735E-16,0.));
#3276=DIRECTION('',(-1.,1.22464679914735E-16,0.));
#3277=DIRECTION('center_axis',(0.,0.,1.));
#3278=DIRECTION('ref_axis',(-1.,1.22464679914735E-16,0.));
#3279=DIRECTION('',(-1.22464679914735E-16,-1.,0.));
#3280=DIRECTION('center_axis',(0.,0.,-1.));
#3281=DIRECTION('ref_axis',(-1.,1.22464679914735E-16,0.));
#3282=DIRECTION('center_axis',(0.,0.,1.));
#3283=DIRECTION('ref_axis',(-1.,1.22464679914735E-16,0.));
#3284=DIRECTION('',(-1.22464679914735E-16,-1.,0.));
#3285=DIRECTION('center_axis',(0.,0.,-1.));
#3286=DIRECTION('ref_axis',(-1.,1.22464679914735E-16,0.));
#3287=DIRECTION('',(-1.,1.22464679914735E-16,0.));
#3288=DIRECTION('center_axis',(0.,0.,1.));
#3289=DIRECTION('ref_axis',(-1.,1.22464679914735E-16,0.));
#3290=DIRECTION('',(1.,-1.22464679914735E-16,0.));
#3291=DIRECTION('',(-1.22464679914735E-16,-1.,0.));
#3292=DIRECTION('',(-1.,1.22464679914735E-16,0.));
#3293=DIRECTION('',(1.22464679914735E-16,1.,0.));
#3294=DIRECTION('',(1.,-1.22464679914735E-16,0.));
#3295=DIRECTION('center_axis',(-1.22464679914735E-16,-1.,0.));
#3296=DIRECTION('ref_axis',(0.,0.,1.));
#3297=DIRECTION('',(0.,0.,-1.));
#3298=DIRECTION('center_axis',(1.22464679914735E-16,1.,0.));
#3299=DIRECTION('ref_axis',(0.,0.,-1.));
#3300=DIRECTION('',(0.,0.,-1.));
#3301=DIRECTION('',(0.,0.,-1.));
#3302=DIRECTION('center_axis',(-1.,1.22464679914735E-16,0.));
#3303=DIRECTION('ref_axis',(0.,0.,-1.));
#3304=DIRECTION('center_axis',(-1.22464679914735E-16,-1.,0.));
#3305=DIRECTION('ref_axis',(0.,0.,1.));
#3306=DIRECTION('',(0.,0.,-1.));
#3307=DIRECTION('center_axis',(1.,-1.22464679914735E-16,0.));
#3308=DIRECTION('ref_axis',(0.,0.,1.));
#3309=DIRECTION('center_axis',(1.22464679914735E-16,1.,0.));
#3310=DIRECTION('ref_axis',(0.,0.,-1.));
#3311=DIRECTION('',(1.,-1.22464679914735E-16,0.));
#3312=DIRECTION('',(0.,0.,-1.));
#3313=DIRECTION('center_axis',(-1.,1.22464679914735E-16,0.));
#3314=DIRECTION('ref_axis',(0.,0.,-1.));
#3315=DIRECTION('',(1.22464679914735E-16,1.,0.));
#3316=DIRECTION('center_axis',(1.,-1.22464679914735E-16,0.));
#3317=DIRECTION('ref_axis',(0.,0.,1.));
#3318=DIRECTION('',(-1.22464679914735E-16,-1.,0.));
#3319=DIRECTION('center_axis',(0.,0.,-1.));
#3320=DIRECTION('ref_axis',(1.,-1.22464679914735E-16,0.));
#3321=DIRECTION('center_axis',(0.,0.,-1.));
#3322=DIRECTION('ref_axis',(-1.,1.22464679914735E-16,0.));
#3323=DIRECTION('center_axis',(0.,0.,1.));
#3324=DIRECTION('ref_axis',(-1.,1.22464679914735E-16,0.));
#3325=DIRECTION('center_axis',(0.,0.,1.));
#3326=DIRECTION('ref_axis',(-1.,1.22464679914735E-16,0.));
#3327=DIRECTION('center_axis',(0.,0.,1.));
#3328=DIRECTION('ref_axis',(-1.,1.22464679914735E-16,0.));
#3329=DIRECTION('',(1.,-1.22464679914735E-16,0.));
#3330=DIRECTION('center_axis',(0.,0.,1.));
#3331=DIRECTION('ref_axis',(-1.,1.22464679914735E-16,0.));
#3332=DIRECTION('',(1.22464679914735E-16,1.,0.));
#3333=DIRECTION('center_axis',(0.,0.,1.));
#3334=DIRECTION('ref_axis',(-1.,1.22464679914735E-16,0.));
#3335=DIRECTION('',(-1.,1.22464679914735E-16,0.));
#3336=DIRECTION('center_axis',(0.,0.,-1.));
#3337=DIRECTION('ref_axis',(1.,-1.22464679914735E-16,0.));
#3338=DIRECTION('center_axis',(0.,0.,-1.));
#3339=DIRECTION('ref_axis',(-1.,1.22464679914735E-16,0.));
#3340=DIRECTION('center_axis',(0.,0.,1.));
#3341=DIRECTION('ref_axis',(-1.,1.22464679914735E-16,0.));
#3342=DIRECTION('center_axis',(0.,0.,1.));
#3343=DIRECTION('ref_axis',(-1.,1.22464679914735E-16,0.));
#3344=DIRECTION('',(0.,0.,-1.));
#3345=DIRECTION('',(0.,0.,-1.));
#3346=DIRECTION('center_axis',(-1.22464679914735E-16,-1.,0.));
#3347=DIRECTION('ref_axis',(0.,0.,1.));
#3348=DIRECTION('',(1.,-1.22464679914735E-16,0.));
#3349=DIRECTION('',(0.,0.,-1.));
#3350=DIRECTION('',(1.,-1.22464679914735E-16,0.));
#3351=DIRECTION('',(0.,0.,-1.));
#3352=DIRECTION('',(1.,-1.22464679914735E-16,0.));
#3353=DIRECTION('center_axis',(0.,0.,1.));
#3354=DIRECTION('ref_axis',(-1.,1.22464679914735E-16,0.));
#3355=DIRECTION('',(1.22464679914735E-16,1.,0.));
#3356=DIRECTION('center_axis',(0.,0.,-1.));
#3357=DIRECTION('ref_axis',(-1.,1.22464679914735E-16,0.));
#3358=DIRECTION('',(1.,-1.22464679914735E-16,0.));
#3359=DIRECTION('center_axis',(0.,0.,-1.));
#3360=DIRECTION('ref_axis',(-1.,1.22464679914735E-16,0.));
#3361=DIRECTION('',(-1.22464679914735E-16,-1.,0.));
#3362=DIRECTION('center_axis',(0.,0.,1.));
#3363=DIRECTION('ref_axis',(-1.,1.22464679914735E-16,0.));
#3364=DIRECTION('center_axis',(1.,-1.22464679914735E-16,0.));
#3365=DIRECTION('ref_axis',(0.,0.,1.));
#3366=DIRECTION('',(0.,0.,-1.));
#3367=DIRECTION('center_axis',(0.,0.,1.));
#3368=DIRECTION('ref_axis',(-1.,1.22464679914735E-16,0.));
#3369=DIRECTION('',(0.,0.,-1.));
#3370=DIRECTION('',(0.,0.,-1.));
#3371=DIRECTION('center_axis',(-1.,1.22464679914735E-16,0.));
#3372=DIRECTION('ref_axis',(0.,0.,-1.));
#3373=DIRECTION('',(0.,0.,-1.));
#3374=DIRECTION('center_axis',(0.,0.,1.));
#3375=DIRECTION('ref_axis',(-1.,1.22464679914735E-16,0.));
#3376=DIRECTION('',(0.,0.,-1.));
#3377=DIRECTION('center_axis',(0.,0.,1.));
#3378=DIRECTION('ref_axis',(-1.,1.22464679914735E-16,0.));
#3379=DIRECTION('',(0.,0.,-1.));
#3380=DIRECTION('center_axis',(-1.22464679914735E-16,-1.,0.));
#3381=DIRECTION('ref_axis',(0.,0.,1.));
#3382=DIRECTION('center_axis',(0.,0.,1.));
#3383=DIRECTION('ref_axis',(-1.,1.22464679914735E-16,0.));
#3384=DIRECTION('',(0.,0.,-1.));
#3385=DIRECTION('',(0.,0.,-1.));
#3386=DIRECTION('center_axis',(1.22464679914735E-16,1.,0.));
#3387=DIRECTION('ref_axis',(0.,0.,-1.));
#3388=DIRECTION('',(0.,0.,-1.));
#3389=DIRECTION('center_axis',(0.,0.,1.));
#3390=DIRECTION('ref_axis',(-1.,1.22464679914735E-16,0.));
#3391=DIRECTION('',(0.,0.,-1.));
#3392=DIRECTION('',(0.,0.,-1.));
#3393=DIRECTION('center_axis',(1.,-1.22464679914735E-16,0.));
#3394=DIRECTION('ref_axis',(0.,0.,1.));
#3395=DIRECTION('',(0.,0.,-1.));
#3396=DIRECTION('',(1.22464679914735E-16,1.,0.));
#3397=DIRECTION('',(0.,0.,-1.));
#3398=DIRECTION('center_axis',(0.,0.,1.));
#3399=DIRECTION('ref_axis',(-1.,1.22464679914735E-16,0.));
#3400=DIRECTION('center_axis',(0.,0.,1.));
#3401=DIRECTION('ref_axis',(-1.,1.22464679914735E-16,0.));
#3402=DIRECTION('',(0.,0.,-1.));
#3403=DIRECTION('',(0.,0.,-1.));
#3404=DIRECTION('center_axis',(-1.,1.22464679914735E-16,0.));
#3405=DIRECTION('ref_axis',(0.,0.,-1.));
#3406=DIRECTION('',(-1.22464679914735E-16,-1.,0.));
#3407=DIRECTION('',(0.,0.,-1.));
#3408=DIRECTION('',(-1.22464679914735E-16,-1.,0.));
#3409=DIRECTION('',(0.,0.,-1.));
#3410=DIRECTION('',(0.,0.,-1.));
#3411=DIRECTION('center_axis',(0.,0.,1.));
#3412=DIRECTION('ref_axis',(-1.,1.22464679914735E-16,0.));
#3413=DIRECTION('center_axis',(0.,0.,1.));
#3414=DIRECTION('ref_axis',(-1.,1.22464679914735E-16,0.));
#3415=DIRECTION('',(0.,0.,-1.));
#3416=DIRECTION('center_axis',(0.,0.,1.));
#3417=DIRECTION('ref_axis',(-1.,1.22464679914735E-16,0.));
#3418=DIRECTION('center_axis',(0.,0.,1.));
#3419=DIRECTION('ref_axis',(-1.,1.22464679914735E-16,0.));
#3420=DIRECTION('',(-1.,1.22464679914735E-16,0.));
#3421=DIRECTION('',(1.,-1.22464679914735E-16,0.));
#3422=DIRECTION('center_axis',(-1.22464679914735E-16,-1.,0.));
#3423=DIRECTION('ref_axis',(0.,0.,1.));
#3424=DIRECTION('',(0.,0.,-1.));
#3425=DIRECTION('center_axis',(-1.22464679914735E-16,-1.,0.));
#3426=DIRECTION('ref_axis',(0.,0.,1.));
#3427=DIRECTION('',(0.,0.,-1.));
#3428=DIRECTION('center_axis',(0.,0.,1.));
#3429=DIRECTION('ref_axis',(-1.,1.22464679914735E-16,0.));
#3430=DIRECTION('',(0.,0.,-1.));
#3431=DIRECTION('center_axis',(0.,0.,1.));
#3432=DIRECTION('ref_axis',(-1.,1.22464679914735E-16,0.));
#3433=DIRECTION('',(0.,0.,-1.));
#3434=DIRECTION('',(0.,0.,-1.));
#3435=DIRECTION('center_axis',(1.22464679914735E-16,1.,0.));
#3436=DIRECTION('ref_axis',(0.,0.,-1.));
#3437=DIRECTION('center_axis',(0.,0.,1.));
#3438=DIRECTION('ref_axis',(-1.,1.22464679914735E-16,0.));
#3439=DIRECTION('center_axis',(0.,0.,-1.));
#3440=DIRECTION('ref_axis',(-1.,1.22464679914735E-16,0.));
#3441=DIRECTION('',(0.,0.,-1.));
#3442=DIRECTION('center_axis',(0.,0.,1.));
#3443=DIRECTION('ref_axis',(-1.,1.22464679914735E-16,0.));
#3444=DIRECTION('center_axis',(0.,0.,-1.));
#3445=DIRECTION('ref_axis',(-1.,1.22464679914735E-16,0.));
#3446=DIRECTION('center_axis',(0.,0.,1.));
#3447=DIRECTION('ref_axis',(-1.,1.22464679914735E-16,0.));
#3448=DIRECTION('',(0.,0.,-1.));
#3449=DIRECTION('center_axis',(0.,0.,-1.));
#3450=DIRECTION('ref_axis',(-1.,1.22464679914735E-16,0.));
#3451=DIRECTION('center_axis',(0.,0.,1.));
#3452=DIRECTION('ref_axis',(-1.,1.22464679914735E-16,0.));
#3453=DIRECTION('center_axis',(0.,0.,-1.));
#3454=DIRECTION('ref_axis',(-1.,1.22464679914735E-16,0.));
#3455=DIRECTION('',(-1.,1.22464679914735E-16,0.));
#3456=DIRECTION('center_axis',(0.,0.,1.));
#3457=DIRECTION('ref_axis',(-1.,1.22464679914735E-16,0.));
#3458=DIRECTION('center_axis',(1.22464679914735E-16,1.,0.));
#3459=DIRECTION('ref_axis',(0.,0.,-1.));
#3460=CARTESIAN_POINT('',(0.,0.,0.));
#3461=CARTESIAN_POINT('Origin',(-8.,26.35,-4.8));
#3462=CARTESIAN_POINT('',(-5.,24.5,-4.8));
#3463=CARTESIAN_POINT('',(-11.,24.5,-4.8));
#3464=CARTESIAN_POINT('',(-8.,24.5,-4.8));
#3465=CARTESIAN_POINT('',(-5.,28.2,-4.8));
#3466=CARTESIAN_POINT('',(-5.,26.35,-4.8));
#3467=CARTESIAN_POINT('',(-11.,28.2,-4.8));
#3468=CARTESIAN_POINT('',(-8.,28.2,-4.8));
#3469=CARTESIAN_POINT('',(-11.,26.35,-4.8));
#3470=CARTESIAN_POINT('Origin',(-8.,23.2,-4.7));
#3471=CARTESIAN_POINT('',(-5.,23.2,-6.2));
#3472=CARTESIAN_POINT('',(-11.,23.2,-6.2));
#3473=CARTESIAN_POINT('',(-8.,23.2,-6.2));
#3474=CARTESIAN_POINT('',(-5.,23.2,-3.2));
#3475=CARTESIAN_POINT('',(-5.,23.2,-4.7));
#3476=CARTESIAN_POINT('',(-11.,23.2,-3.2));
#3477=CARTESIAN_POINT('',(-4.,23.2,-3.2));
#3478=CARTESIAN_POINT('',(-11.,23.2,-4.7));
#3479=CARTESIAN_POINT('Origin',(-5.,23.85,-4.7));
#3480=CARTESIAN_POINT('',(-5.,24.5,-3.2));
#3481=CARTESIAN_POINT('',(-5.,24.5,-4.7));
#3482=CARTESIAN_POINT('',(-5.,24.7,-3.2));
#3483=CARTESIAN_POINT('',(-5.,29.5,-6.2));
#3484=CARTESIAN_POINT('',(-5.,23.85,-6.2));
#3485=CARTESIAN_POINT('',(-5.,29.5,-3.2));
#3486=CARTESIAN_POINT('',(-5.,29.5,-4.7));
#3487=CARTESIAN_POINT('',(-5.,28.2,-3.2));
#3488=CARTESIAN_POINT('',(-5.,27.2,-3.2));
#3489=CARTESIAN_POINT('',(-5.,28.2,-4.7));
#3490=CARTESIAN_POINT('Origin',(-8.,24.5,-4.7));
#3491=CARTESIAN_POINT('',(-11.,24.5,-3.2));
#3492=CARTESIAN_POINT('',(-11.,24.5,-4.7));
#3493=CARTESIAN_POINT('',(-4.,24.5,-3.2));
#3494=CARTESIAN_POINT('Origin',(-8.,29.5,-4.7));
#3495=CARTESIAN_POINT('',(-11.,29.5,-6.2));
#3496=CARTESIAN_POINT('',(-8.,29.5,-6.2));
#3497=CARTESIAN_POINT('',(-11.,29.5,-3.2));
#3498=CARTESIAN_POINT('',(-11.,29.5,-4.7));
#3499=CARTESIAN_POINT('',(-4.,29.5,-3.2));
#3500=CARTESIAN_POINT('Origin',(-8.,28.2,-4.7));
#3501=CARTESIAN_POINT('',(-11.,28.2,-3.2));
#3502=CARTESIAN_POINT('',(-4.,28.2,-3.2));
#3503=CARTESIAN_POINT('',(-11.,28.2,-4.7));
#3504=CARTESIAN_POINT('Origin',(-8.,23.85,-6.2));
#3505=CARTESIAN_POINT('',(-11.,23.85,-6.2));
#3506=CARTESIAN_POINT('Origin',(-11.,23.85,-4.7));
#3507=CARTESIAN_POINT('',(-11.,24.7,-3.2));
#3508=CARTESIAN_POINT('',(-11.,27.2,-3.2));
#3509=CARTESIAN_POINT('Origin',(8.,26.35,-4.8));
#3510=CARTESIAN_POINT('',(11.,24.5,-4.8));
#3511=CARTESIAN_POINT('',(5.,24.5,-4.8));
#3512=CARTESIAN_POINT('',(8.,24.5,-4.8));
#3513=CARTESIAN_POINT('',(11.,28.2,-4.8));
#3514=CARTESIAN_POINT('',(11.,26.35,-4.8));
#3515=CARTESIAN_POINT('',(5.,28.2,-4.8));
#3516=CARTESIAN_POINT('',(8.,28.2,-4.8));
#3517=CARTESIAN_POINT('',(5.,26.35,-4.8));
#3518=CARTESIAN_POINT('Origin',(8.,23.2,-4.7));
#3519=CARTESIAN_POINT('',(11.,23.2,-6.2));
#3520=CARTESIAN_POINT('',(5.,23.2,-6.2));
#3521=CARTESIAN_POINT('',(8.,23.2,-6.2));
#3522=CARTESIAN_POINT('',(11.,23.2,-3.2));
#3523=CARTESIAN_POINT('',(11.,23.2,-4.7));
#3524=CARTESIAN_POINT('',(5.,23.2,-3.2));
#3525=CARTESIAN_POINT('',(4.,23.2,-3.2));
#3526=CARTESIAN_POINT('',(5.,23.2,-4.7));
#3527=CARTESIAN_POINT('Origin',(11.,23.85,-4.7));
#3528=CARTESIAN_POINT('',(11.,24.5,-3.2));
#3529=CARTESIAN_POINT('',(11.,24.5,-4.7));
#3530=CARTESIAN_POINT('',(11.,24.7,-3.2));
#3531=CARTESIAN_POINT('',(11.,29.5,-6.2));
#3532=CARTESIAN_POINT('',(11.,23.85,-6.2));
#3533=CARTESIAN_POINT('',(11.,29.5,-3.2));
#3534=CARTESIAN_POINT('',(11.,29.5,-4.7));
#3535=CARTESIAN_POINT('',(11.,28.2,-3.2));
#3536=CARTESIAN_POINT('',(11.,27.2,-3.2));
#3537=CARTESIAN_POINT('',(11.,28.2,-4.7));
#3538=CARTESIAN_POINT('Origin',(8.,24.5,-4.7));
#3539=CARTESIAN_POINT('',(5.,24.5,-3.2));
#3540=CARTESIAN_POINT('',(5.,24.5,-4.7));
#3541=CARTESIAN_POINT('',(4.,24.5,-3.2));
#3542=CARTESIAN_POINT('Origin',(8.,29.5,-4.7));
#3543=CARTESIAN_POINT('',(5.,29.5,-6.2));
#3544=CARTESIAN_POINT('',(8.,29.5,-6.2));
#3545=CARTESIAN_POINT('',(5.,29.5,-3.2));
#3546=CARTESIAN_POINT('',(5.,29.5,-4.7));
#3547=CARTESIAN_POINT('',(4.,29.5,-3.2));
#3548=CARTESIAN_POINT('Origin',(8.,28.2,-4.7));
#3549=CARTESIAN_POINT('',(5.,28.2,-3.2));
#3550=CARTESIAN_POINT('',(4.,28.2,-3.2));
#3551=CARTESIAN_POINT('',(5.,28.2,-4.7));
#3552=CARTESIAN_POINT('Origin',(8.,23.85,-6.2));
#3553=CARTESIAN_POINT('',(5.,23.85,-6.2));
#3554=CARTESIAN_POINT('Origin',(5.,23.85,-4.7));
#3555=CARTESIAN_POINT('',(5.,24.7,-3.2));
#3556=CARTESIAN_POINT('',(5.,27.2,-3.2));
#3557=CARTESIAN_POINT('Origin',(-1.61653377487451E-15,-13.2,-4.65));
#3558=CARTESIAN_POINT('',(-12.,-13.2,-5.4));
#3559=CARTESIAN_POINT('',(-12.,-13.2,-3.9));
#3560=CARTESIAN_POINT('',(-12.,-13.2,-4.35));
#3561=CARTESIAN_POINT('',(12.,-13.2,-5.4));
#3562=CARTESIAN_POINT('',(-1.61653377487451E-15,-13.2,-5.4));
#3563=CARTESIAN_POINT('',(12.,-13.2,-3.9));
#3564=CARTESIAN_POINT('',(12.,-13.2,-4.35));
#3565=CARTESIAN_POINT('',(-1.61653377487451E-15,-13.2,-3.9));
#3566=CARTESIAN_POINT('Origin',(13.,-12.575,-4.65));
#3567=CARTESIAN_POINT('',(13.,-13.05,-5.4));
#3568=CARTESIAN_POINT('',(13.,-13.05,-3.9));
#3569=CARTESIAN_POINT('',(13.,-13.05,-4.35));
#3570=CARTESIAN_POINT('',(13.,-11.95,-5.4));
#3571=CARTESIAN_POINT('',(13.,-12.575,-5.4));
#3572=CARTESIAN_POINT('',(13.,-11.95,-3.9));
#3573=CARTESIAN_POINT('',(13.,-11.95,-4.65));
#3574=CARTESIAN_POINT('',(13.,-12.575,-3.9));
#3575=CARTESIAN_POINT('Origin',(-1.5399933499278E-15,-12.575,-5.4));
#3576=CARTESIAN_POINT('',(-12.,-13.05,-5.4));
#3577=CARTESIAN_POINT('',(-12.,-13.675,-5.4));
#3578=CARTESIAN_POINT('',(-13.,-13.05,-5.4));
#3579=CARTESIAN_POINT('',(-6.5,-13.05,-5.4));
#3580=CARTESIAN_POINT('',(-13.,-11.95,-5.4));
#3581=CARTESIAN_POINT('',(-13.,-12.575,-5.4));
#3582=CARTESIAN_POINT('',(-1.46345292498109E-15,-11.95,-5.4));
#3583=CARTESIAN_POINT('',(12.,-13.05,-5.4));
#3584=CARTESIAN_POINT('',(6.5,-13.05,-5.4));
#3585=CARTESIAN_POINT('',(12.,-13.675,-5.4));
#3586=CARTESIAN_POINT('Origin',(-1.5399933499278E-15,-12.575,-3.9));
#3587=CARTESIAN_POINT('',(-12.,-13.05,-3.9));
#3588=CARTESIAN_POINT('',(-12.,-13.675,-3.9));
#3589=CARTESIAN_POINT('',(12.,-13.05,-3.9));
#3590=CARTESIAN_POINT('',(12.,-13.675,-3.9));
#3591=CARTESIAN_POINT('',(6.5,-13.05,-3.9));
#3592=CARTESIAN_POINT('',(-13.,-11.95,-3.9));
#3593=CARTESIAN_POINT('',(-1.46345292498109E-15,-11.95,-3.9));
#3594=CARTESIAN_POINT('',(-13.,-13.05,-3.9));
#3595=CARTESIAN_POINT('',(-13.,-12.575,-3.9));
#3596=CARTESIAN_POINT('',(-6.5,-13.05,-3.9));
#3597=CARTESIAN_POINT('Origin',(-1.46345292498109E-15,-11.95,-4.65));
#3598=CARTESIAN_POINT('',(-13.,-11.95,-4.65));
#3599=CARTESIAN_POINT('Origin',(-13.,-12.575,-4.65));
#3600=CARTESIAN_POINT('',(-13.,-13.05,-4.35));
#3601=CARTESIAN_POINT('Origin',(-13.,-13.05,-4.05));
#3602=CARTESIAN_POINT('',(-12.,-13.05,-5.8));
#3603=CARTESIAN_POINT('',(-12.,-13.05,-4.05));
#3604=CARTESIAN_POINT('',(-14.,-13.05,-5.8));
#3605=CARTESIAN_POINT('',(-13.,-13.05,-5.8));
#3606=CARTESIAN_POINT('',(-14.,-13.05,-2.3));
#3607=CARTESIAN_POINT('',(-14.,-13.05,-4.05));
#3608=CARTESIAN_POINT('',(-12.,-13.05,-2.3));
#3609=CARTESIAN_POINT('',(-6.5,-13.05,-2.3));
#3610=CARTESIAN_POINT('',(-12.,-13.05,-4.05));
#3611=CARTESIAN_POINT('Origin',(12.,-14.775,-4.05));
#3612=CARTESIAN_POINT('',(12.,-13.05,-5.8));
#3613=CARTESIAN_POINT('',(12.,-13.05,-4.05));
#3614=CARTESIAN_POINT('',(12.,-16.5,-5.8));
#3615=CARTESIAN_POINT('',(12.,-14.775,-5.8));
#3616=CARTESIAN_POINT('',(12.,-16.5,-2.3));
#3617=CARTESIAN_POINT('',(12.,-16.5,-4.3));
#3618=CARTESIAN_POINT('',(12.,-13.05,-2.3));
#3619=CARTESIAN_POINT('',(12.,-6.2,-2.3));
#3620=CARTESIAN_POINT('',(12.,-13.05,-4.05));
#3621=CARTESIAN_POINT('Origin',(-12.,-14.775,-4.05));
#3622=CARTESIAN_POINT('',(-12.,-16.5,-2.3));
#3623=CARTESIAN_POINT('',(-12.,-6.2,-2.3));
#3624=CARTESIAN_POINT('',(-12.,-16.5,-5.8));
#3625=CARTESIAN_POINT('',(-12.,-16.5,-4.3));
#3626=CARTESIAN_POINT('',(-12.,-14.775,-5.8));
#3627=CARTESIAN_POINT('Origin',(-14.,-14.775,-4.05));
#3628=CARTESIAN_POINT('',(-14.,-16.5,-5.8));
#3629=CARTESIAN_POINT('',(-14.,-14.775,-5.8));
#3630=CARTESIAN_POINT('',(-14.,-16.5,-2.3));
#3631=CARTESIAN_POINT('',(-14.,-16.5,-4.3));
#3632=CARTESIAN_POINT('',(-14.,-6.2,-2.3));
#3633=CARTESIAN_POINT('Origin',(-2.02066721859313E-15,-16.5,-4.55));
#3634=CARTESIAN_POINT('',(-2.02066721859313E-15,-16.5,-2.3));
#3635=CARTESIAN_POINT('',(-2.02066721859313E-15,-16.5,-5.8));
#3636=CARTESIAN_POINT('Origin',(13.,-13.05,-4.05));
#3637=CARTESIAN_POINT('',(14.,-13.05,-2.3));
#3638=CARTESIAN_POINT('',(6.5,-13.05,-2.3));
#3639=CARTESIAN_POINT('',(14.,-13.05,-5.8));
#3640=CARTESIAN_POINT('',(14.,-13.05,-4.05));
#3641=CARTESIAN_POINT('',(13.,-13.05,-5.8));
#3642=CARTESIAN_POINT('Origin',(14.,-14.775,-4.05));
#3643=CARTESIAN_POINT('',(14.,-16.5,-5.8));
#3644=CARTESIAN_POINT('',(14.,-16.5,-2.3));
#3645=CARTESIAN_POINT('',(14.,-16.5,-4.3));
#3646=CARTESIAN_POINT('',(14.,-14.775,-5.8));
#3647=CARTESIAN_POINT('',(14.,-6.2,-2.3));
#3648=CARTESIAN_POINT('Origin',(-2.02066721859313E-15,-16.5,-4.55));
#3649=CARTESIAN_POINT('',(18.2,-16.5,-2.3));
#3650=CARTESIAN_POINT('',(-2.02066721859313E-15,-16.5,-2.3));
#3651=CARTESIAN_POINT('',(18.2,-16.5,-5.8));
#3652=CARTESIAN_POINT('',(18.2,-16.5,-4.55));
#3653=CARTESIAN_POINT('',(-2.02066721859313E-15,-16.5,-5.8));
#3654=CARTESIAN_POINT('Origin',(-15.35,18.25,-3.755));
#3655=CARTESIAN_POINT('',(-15.35,20.4219806628973,-1.31));
#3656=CARTESIAN_POINT('',(-15.35,20.4219806628973,-2.1));
#3657=CARTESIAN_POINT('',(-15.35,20.4219806628973,-1.7));
#3658=CARTESIAN_POINT('',(-15.35,16.0780193371027,-1.31));
#3659=CARTESIAN_POINT('',(-15.35,18.25,-1.31));
#3660=CARTESIAN_POINT('',(-15.35,16.0780193371027,-2.1));
#3661=CARTESIAN_POINT('',(-15.35,16.0780193371027,-1.7));
#3662=CARTESIAN_POINT('',(-15.35,16.8944558288274,-2.1));
#3663=CARTESIAN_POINT('',(-15.35,18.25,-2.1));
#3664=CARTESIAN_POINT('',(-15.35,16.8944558288274,-3.9));
#3665=CARTESIAN_POINT('',(-15.35,16.8944558288274,-2.6));
#3666=CARTESIAN_POINT('',(-15.35,16.6119752749119,-4.4));
#3667=CARTESIAN_POINT('Ctrl Pts',(-15.35,16.6119752749119,-4.4));
#3668=CARTESIAN_POINT('Ctrl Pts',(-15.35,16.7658467961519,-4.12640938260176));
#3669=CARTESIAN_POINT('Ctrl Pts',(-15.35,16.8944558288274,-3.9));
#3670=CARTESIAN_POINT('',(-15.35,17.1021759716751,-5.6));
#3671=CARTESIAN_POINT('Ctrl Pts',(-15.35,17.1021759716751,-5.6));
#3672=CARTESIAN_POINT('Ctrl Pts',(-15.35,16.8975704634617,-5.10557659230536));
#3673=CARTESIAN_POINT('Ctrl Pts',(-15.35,16.6119752749119,-4.4));
#3674=CARTESIAN_POINT('',(-15.35,19.3978240283249,-5.6));
#3675=CARTESIAN_POINT('',(-15.35,18.25,-5.6));
#3676=CARTESIAN_POINT('',(-15.35,19.8880247250881,-4.4));
#3677=CARTESIAN_POINT('Ctrl Pts',(-15.35,19.8880247250881,-4.4));
#3678=CARTESIAN_POINT('Ctrl Pts',(-15.35,19.6024295365383,-5.10557659230536));
#3679=CARTESIAN_POINT('Ctrl Pts',(-15.35,19.3978240283249,-5.6));
#3680=CARTESIAN_POINT('',(-15.35,19.6055441711726,-3.9));
#3681=CARTESIAN_POINT('Ctrl Pts',(-15.35,19.6055441711726,-3.9));
#3682=CARTESIAN_POINT('Ctrl Pts',(-15.35,19.7341532038481,-4.12640938260176));
#3683=CARTESIAN_POINT('Ctrl Pts',(-15.35,19.8880247250881,-4.4));
#3684=CARTESIAN_POINT('',(-15.35,19.6055441711726,-2.1));
#3685=CARTESIAN_POINT('',(-15.35,19.6055441711726,-2.6));
#3686=CARTESIAN_POINT('',(-15.35,18.25,-2.1));
#3687=CARTESIAN_POINT('Origin',(-15.,18.25,-1.31));
#3688=CARTESIAN_POINT('',(-14.65,20.4219806628973,-1.31));
#3689=CARTESIAN_POINT('Origin',(-15.,18.25,-1.31));
#3690=CARTESIAN_POINT('',(-14.65,16.0780193371027,-1.31));
#3691=CARTESIAN_POINT('',(-14.65,18.25,-1.31));
#3692=CARTESIAN_POINT('Origin',(-15.,18.25,-1.31));
#3693=CARTESIAN_POINT('Origin',(-14.65,18.25,-3.755));
#3694=CARTESIAN_POINT('',(-14.65,20.4219806628973,-2.1));
#3695=CARTESIAN_POINT('',(-14.65,20.4219806628973,-1.7));
#3696=CARTESIAN_POINT('',(-14.65,19.6055441711726,-2.1));
#3697=CARTESIAN_POINT('',(-14.65,18.25,-2.1));
#3698=CARTESIAN_POINT('',(-14.65,19.6055441711726,-3.9));
#3699=CARTESIAN_POINT('',(-14.65,19.6055441711726,-2.6));
#3700=CARTESIAN_POINT('',(-14.65,19.8880247250881,-4.4));
#3701=CARTESIAN_POINT('Ctrl Pts',(-14.65,19.8880247250881,-4.4));
#3702=CARTESIAN_POINT('Ctrl Pts',(-14.65,19.7341532038481,-4.12640938260176));
#3703=CARTESIAN_POINT('Ctrl Pts',(-14.65,19.6055441711726,-3.9));
#3704=CARTESIAN_POINT('',(-14.65,19.3978240283249,-5.6));
#3705=CARTESIAN_POINT('Ctrl Pts',(-14.65,19.3978240283249,-5.6));
#3706=CARTESIAN_POINT('Ctrl Pts',(-14.65,19.6024295365383,-5.10557659230536));
#3707=CARTESIAN_POINT('Ctrl Pts',(-14.65,19.8880247250881,-4.4));
#3708=CARTESIAN_POINT('',(-14.65,17.1021759716751,-5.6));
#3709=CARTESIAN_POINT('',(-14.65,18.25,-5.6));
#3710=CARTESIAN_POINT('',(-14.65,16.6119752749119,-4.4));
#3711=CARTESIAN_POINT('Ctrl Pts',(-14.65,16.6119752749119,-4.4));
#3712=CARTESIAN_POINT('Ctrl Pts',(-14.65,16.8975704634617,-5.10557659230536));
#3713=CARTESIAN_POINT('Ctrl Pts',(-14.65,17.1021759716751,-5.6));
#3714=CARTESIAN_POINT('',(-14.65,16.8944558288274,-3.9));
#3715=CARTESIAN_POINT('Ctrl Pts',(-14.65,16.8944558288274,-3.9));
#3716=CARTESIAN_POINT('Ctrl Pts',(-14.65,16.7658467961519,-4.12640938260176));
#3717=CARTESIAN_POINT('Ctrl Pts',(-14.65,16.6119752749119,-4.4));
#3718=CARTESIAN_POINT('',(-14.65,16.8944558288274,-2.1));
#3719=CARTESIAN_POINT('',(-14.65,16.8944558288274,-2.6));
#3720=CARTESIAN_POINT('',(-14.65,16.0780193371027,-2.1));
#3721=CARTESIAN_POINT('',(-14.65,18.25,-2.1));
#3722=CARTESIAN_POINT('',(-14.65,16.0780193371027,-1.7));
#3723=CARTESIAN_POINT('Origin',(-15.,18.25,-1.7));
#3724=CARTESIAN_POINT('',(-12.8,18.25,-1.3));
#3725=CARTESIAN_POINT('Origin',(-15.,18.25,-1.3));
#3726=CARTESIAN_POINT('',(-12.8,18.25,-2.1));
#3727=CARTESIAN_POINT('',(-12.8,18.25,-1.7));
#3728=CARTESIAN_POINT('Origin',(-15.,18.25,-2.1));
#3729=CARTESIAN_POINT('Origin',(-15.,18.25,-2.1));
#3730=CARTESIAN_POINT('Origin',(-15.,18.25,-2.1));
#3731=CARTESIAN_POINT('Origin',(-15.,18.25,-2.1));
#3732=CARTESIAN_POINT('Origin',(-15.,18.25,-2.1));
#3733=CARTESIAN_POINT('Origin',(-15.,18.25,-2.1));
#3734=CARTESIAN_POINT('Origin',(-15.,18.25,-2.1));
#3735=CARTESIAN_POINT('Origin',(-15.,18.25,-2.6));
#3736=CARTESIAN_POINT('Origin',(-15.,18.25,-3.9));
#3737=CARTESIAN_POINT('Origin',(-15.,18.25,-2.6));
#3738=CARTESIAN_POINT('Origin',(-15.,18.25,-3.9));
#3739=CARTESIAN_POINT('Origin',(-15.,18.25,-4.15));
#3740=CARTESIAN_POINT('Origin',(-15.,18.25,-4.4));
#3741=CARTESIAN_POINT('Origin',(-15.,18.25,-4.15));
#3742=CARTESIAN_POINT('Origin',(-15.,18.25,-4.4));
#3743=CARTESIAN_POINT('Origin',(-15.,18.25,-5.6));
#3744=CARTESIAN_POINT('Origin',(-15.,18.25,-5.6));
#3745=CARTESIAN_POINT('Origin',(-15.,18.25,-5.));
#3746=CARTESIAN_POINT('Origin',(-15.,18.25,-5.));
#3747=CARTESIAN_POINT('Origin',(-15.,18.25,-5.6));
#3748=CARTESIAN_POINT('Origin',(-15.,18.25,-5.6));
#3749=CARTESIAN_POINT('Origin',(14.65,18.25,-3.755));
#3750=CARTESIAN_POINT('',(14.65,20.4219806628973,-1.31));
#3751=CARTESIAN_POINT('',(14.65,20.4219806628973,-2.1));
#3752=CARTESIAN_POINT('',(14.65,20.4219806628973,-1.7));
#3753=CARTESIAN_POINT('',(14.65,16.0780193371026,-1.31));
#3754=CARTESIAN_POINT('',(14.65,18.25,-1.31));
#3755=CARTESIAN_POINT('',(14.65,16.0780193371026,-2.1));
#3756=CARTESIAN_POINT('',(14.65,16.0780193371026,-1.7));
#3757=CARTESIAN_POINT('',(14.65,16.8944558288274,-2.1));
#3758=CARTESIAN_POINT('',(14.65,18.25,-2.1));
#3759=CARTESIAN_POINT('',(14.65,16.8944558288274,-3.9));
#3760=CARTESIAN_POINT('',(14.65,16.8944558288274,-2.6));
#3761=CARTESIAN_POINT('',(14.65,16.6119752749119,-4.4));
#3762=CARTESIAN_POINT('Ctrl Pts',(14.65,16.6119752749119,-4.4));
#3763=CARTESIAN_POINT('Ctrl Pts',(14.65,16.7658467961519,-4.12640938260176));
#3764=CARTESIAN_POINT('Ctrl Pts',(14.65,16.8944558288274,-3.9));
#3765=CARTESIAN_POINT('',(14.65,17.1021759716751,-5.6));
#3766=CARTESIAN_POINT('Ctrl Pts',(14.65,17.1021759716751,-5.6));
#3767=CARTESIAN_POINT('Ctrl Pts',(14.65,16.8975704634617,-5.10557659230536));
#3768=CARTESIAN_POINT('Ctrl Pts',(14.65,16.6119752749119,-4.4));
#3769=CARTESIAN_POINT('',(14.65,19.3978240283249,-5.6));
#3770=CARTESIAN_POINT('',(14.65,18.25,-5.6));
#3771=CARTESIAN_POINT('',(14.65,19.8880247250881,-4.4));
#3772=CARTESIAN_POINT('Ctrl Pts',(14.65,19.8880247250881,-4.4));
#3773=CARTESIAN_POINT('Ctrl Pts',(14.65,19.6024295365383,-5.10557659230536));
#3774=CARTESIAN_POINT('Ctrl Pts',(14.65,19.3978240283249,-5.6));
#3775=CARTESIAN_POINT('',(14.65,19.6055441711726,-3.9));
#3776=CARTESIAN_POINT('Ctrl Pts',(14.65,19.6055441711726,-3.9));
#3777=CARTESIAN_POINT('Ctrl Pts',(14.65,19.7341532038481,-4.12640938260176));
#3778=CARTESIAN_POINT('Ctrl Pts',(14.65,19.8880247250881,-4.4));
#3779=CARTESIAN_POINT('',(14.65,19.6055441711726,-2.1));
#3780=CARTESIAN_POINT('',(14.65,19.6055441711726,-2.6));
#3781=CARTESIAN_POINT('',(14.65,18.25,-2.1));
#3782=CARTESIAN_POINT('Origin',(15.,18.25,-1.31));
#3783=CARTESIAN_POINT('',(15.35,20.4219806628973,-1.31));
#3784=CARTESIAN_POINT('Origin',(15.,18.25,-1.31));
#3785=CARTESIAN_POINT('',(15.35,16.0780193371026,-1.31));
#3786=CARTESIAN_POINT('',(15.35,18.25,-1.31));
#3787=CARTESIAN_POINT('Origin',(15.,18.25,-1.31));
#3788=CARTESIAN_POINT('Origin',(15.35,18.25,-3.755));
#3789=CARTESIAN_POINT('',(15.35,20.4219806628973,-2.1));
#3790=CARTESIAN_POINT('',(15.35,20.4219806628973,-1.7));
#3791=CARTESIAN_POINT('',(15.35,19.6055441711726,-2.1));
#3792=CARTESIAN_POINT('',(15.35,18.25,-2.1));
#3793=CARTESIAN_POINT('',(15.35,19.6055441711726,-3.9));
#3794=CARTESIAN_POINT('',(15.35,19.6055441711726,-2.6));
#3795=CARTESIAN_POINT('',(15.35,19.8880247250881,-4.4));
#3796=CARTESIAN_POINT('Ctrl Pts',(15.35,19.8880247250881,-4.4));
#3797=CARTESIAN_POINT('Ctrl Pts',(15.35,19.7341532038481,-4.12640938260176));
#3798=CARTESIAN_POINT('Ctrl Pts',(15.35,19.6055441711726,-3.9));
#3799=CARTESIAN_POINT('',(15.35,19.3978240283249,-5.6));
#3800=CARTESIAN_POINT('Ctrl Pts',(15.35,19.3978240283249,-5.6));
#3801=CARTESIAN_POINT('Ctrl Pts',(15.35,19.6024295365383,-5.10557659230536));
#3802=CARTESIAN_POINT('Ctrl Pts',(15.35,19.8880247250881,-4.4));
#3803=CARTESIAN_POINT('',(15.35,17.1021759716751,-5.6));
#3804=CARTESIAN_POINT('',(15.35,18.25,-5.6));
#3805=CARTESIAN_POINT('',(15.35,16.6119752749119,-4.4));
#3806=CARTESIAN_POINT('Ctrl Pts',(15.35,16.6119752749119,-4.4));
#3807=CARTESIAN_POINT('Ctrl Pts',(15.35,16.8975704634617,-5.10557659230536));
#3808=CARTESIAN_POINT('Ctrl Pts',(15.35,17.1021759716751,-5.6));
#3809=CARTESIAN_POINT('',(15.35,16.8944558288274,-3.9));
#3810=CARTESIAN_POINT('Ctrl Pts',(15.35,16.8944558288274,-3.9));
#3811=CARTESIAN_POINT('Ctrl Pts',(15.35,16.7658467961519,-4.12640938260176));
#3812=CARTESIAN_POINT('Ctrl Pts',(15.35,16.6119752749119,-4.4));
#3813=CARTESIAN_POINT('',(15.35,16.8944558288274,-2.1));
#3814=CARTESIAN_POINT('',(15.35,16.8944558288274,-2.6));
#3815=CARTESIAN_POINT('',(15.35,16.0780193371026,-2.1));
#3816=CARTESIAN_POINT('',(15.35,18.25,-2.1));
#3817=CARTESIAN_POINT('',(15.35,16.0780193371026,-1.7));
#3818=CARTESIAN_POINT('Origin',(15.,18.25,-1.7));
#3819=CARTESIAN_POINT('',(17.2,18.25,-1.3));
#3820=CARTESIAN_POINT('Origin',(15.,18.25,-1.3));
#3821=CARTESIAN_POINT('',(17.2,18.25,-2.1));
#3822=CARTESIAN_POINT('',(17.2,18.25,-1.7));
#3823=CARTESIAN_POINT('Origin',(15.,18.25,-2.1));
#3824=CARTESIAN_POINT('Origin',(15.,18.25,-2.1));
#3825=CARTESIAN_POINT('Origin',(15.,18.25,-2.1));
#3826=CARTESIAN_POINT('Origin',(15.,18.25,-2.1));
#3827=CARTESIAN_POINT('Origin',(15.,18.25,-2.1));
#3828=CARTESIAN_POINT('Origin',(15.,18.25,-2.1));
#3829=CARTESIAN_POINT('Origin',(15.,18.25,-2.1));
#3830=CARTESIAN_POINT('Origin',(15.,18.25,-2.6));
#3831=CARTESIAN_POINT('Origin',(15.,18.25,-3.9));
#3832=CARTESIAN_POINT('Origin',(15.,18.25,-2.6));
#3833=CARTESIAN_POINT('Origin',(15.,18.25,-3.9));
#3834=CARTESIAN_POINT('Origin',(15.,18.25,-4.15));
#3835=CARTESIAN_POINT('Origin',(15.,18.25,-4.4));
#3836=CARTESIAN_POINT('Origin',(15.,18.25,-4.15));
#3837=CARTESIAN_POINT('Origin',(15.,18.25,-4.4));
#3838=CARTESIAN_POINT('Origin',(15.,18.25,-5.6));
#3839=CARTESIAN_POINT('Origin',(15.,18.25,-5.6));
#3840=CARTESIAN_POINT('Origin',(15.,18.25,-5.));
#3841=CARTESIAN_POINT('Origin',(15.,18.25,-5.));
#3842=CARTESIAN_POINT('Origin',(15.,18.25,-5.6));
#3843=CARTESIAN_POINT('Origin',(15.,18.25,-5.6));
#3844=CARTESIAN_POINT('Origin',(-15.,-10.25,-4.6));
#3845=CARTESIAN_POINT('',(-13.95,-10.25,-4.8));
#3846=CARTESIAN_POINT('Origin',(-15.,-10.25,-4.8));
#3847=CARTESIAN_POINT('',(-13.65,-10.25,-4.4));
#3848=CARTESIAN_POINT('',(-13.8,-10.25,-4.6));
#3849=CARTESIAN_POINT('Origin',(-15.,-10.25,-4.4));
#3850=CARTESIAN_POINT('Origin',(-15.,-10.25,-4.8));
#3851=CARTESIAN_POINT('Origin',(-15.,-10.25,-3.35));
#3852=CARTESIAN_POINT('',(-16.1543396380615,-9.55,-2.3));
#3853=CARTESIAN_POINT('',(-13.65,-10.25,-2.3));
#3854=CARTESIAN_POINT('Origin',(-15.,-10.25,-2.3));
#3855=CARTESIAN_POINT('',(-13.8456603619385,-9.55,-2.3));
#3856=CARTESIAN_POINT('Origin',(-15.,-10.25,-2.3));
#3857=CARTESIAN_POINT('Origin',(-15.,-10.25,-2.3));
#3858=CARTESIAN_POINT('',(-13.65,-10.25,-3.35));
#3859=CARTESIAN_POINT('Origin',(-15.,-10.25,-2.3));
#3860=CARTESIAN_POINT('',(-1.16953769318572E-15,-9.55,-2.3));
#3861=CARTESIAN_POINT('Origin',(15.,-10.25,-4.6));
#3862=CARTESIAN_POINT('',(16.05,-10.25,-4.8));
#3863=CARTESIAN_POINT('Origin',(15.,-10.25,-4.8));
#3864=CARTESIAN_POINT('',(16.35,-10.25,-4.4));
#3865=CARTESIAN_POINT('',(16.2,-10.25,-4.6));
#3866=CARTESIAN_POINT('Origin',(15.,-10.25,-4.4));
#3867=CARTESIAN_POINT('Origin',(15.,-10.25,-4.8));
#3868=CARTESIAN_POINT('Origin',(15.,-10.25,-3.35));
#3869=CARTESIAN_POINT('',(13.8456603619385,-9.55,-2.3));
#3870=CARTESIAN_POINT('',(16.35,-10.25,-2.3));
#3871=CARTESIAN_POINT('Origin',(15.,-10.25,-2.3));
#3872=CARTESIAN_POINT('',(16.1543396380615,-9.55,-2.3));
#3873=CARTESIAN_POINT('Origin',(15.,-10.25,-2.3));
#3874=CARTESIAN_POINT('Origin',(15.,-10.25,-2.3));
#3875=CARTESIAN_POINT('',(16.35,-10.25,-3.35));
#3876=CARTESIAN_POINT('Origin',(15.,-10.25,-2.3));
#3877=CARTESIAN_POINT('',(-1.16953769318572E-15,-9.55,-2.3));
#3878=CARTESIAN_POINT('Origin',(-15.,18.25,-1.805));
#3879=CARTESIAN_POINT('',(-12.6,18.25,-2.3));
#3880=CARTESIAN_POINT('Origin',(-15.,18.25,-2.3));
#3881=CARTESIAN_POINT('',(-12.6,18.25,-1.3));
#3882=CARTESIAN_POINT('',(-12.6,18.25,-1.805));
#3883=CARTESIAN_POINT('Origin',(-15.,18.25,-1.3));
#3884=CARTESIAN_POINT('Origin',(-15.,18.25,-1.3));
#3885=CARTESIAN_POINT('Origin',(15.,18.25,-1.805));
#3886=CARTESIAN_POINT('',(17.4,18.25,-2.3));
#3887=CARTESIAN_POINT('Origin',(15.,18.25,-2.3));
#3888=CARTESIAN_POINT('',(17.4,18.25,-1.3));
#3889=CARTESIAN_POINT('',(17.4,18.25,-1.805));
#3890=CARTESIAN_POINT('Origin',(15.,18.25,-1.3));
#3891=CARTESIAN_POINT('Origin',(15.,18.25,-1.3));
#3892=CARTESIAN_POINT('Origin',(-24.5,3.00038465791102E-15,-2.6));
#3893=CARTESIAN_POINT('',(-23.4,3.00038465791102E-15,-5.6));
#3894=CARTESIAN_POINT('Origin',(-24.5,3.00038465791102E-15,-5.6));
#3895=CARTESIAN_POINT('',(-23.4,2.7309623620986E-15,-4.4));
#3896=CARTESIAN_POINT('',(-23.4,3.00038465791102E-15,-2.6));
#3897=CARTESIAN_POINT('Origin',(-24.5,3.00038465791102E-15,-4.4));
#3898=CARTESIAN_POINT('Origin',(-24.5,3.00038465791102E-15,-1.95));
#3899=CARTESIAN_POINT('',(-22.9,3.00038465791102E-15,-4.4));
#3900=CARTESIAN_POINT('Origin',(-24.5,3.00038465791102E-15,-4.4));
#3901=CARTESIAN_POINT('',(-22.9,2.60849768218386E-15,-0.4));
#3902=CARTESIAN_POINT('',(-22.9,3.00038465791102E-15,-1.95));
#3903=CARTESIAN_POINT('Origin',(-24.5,3.00038465791102E-15,-0.4));
#3904=CARTESIAN_POINT('Origin',(-24.5,3.00038465791102E-15,-4.4));
#3905=CARTESIAN_POINT('Origin',(-24.5,3.00038465791102E-15,0.05));
#3906=CARTESIAN_POINT('',(-22.5,3.00038465791102E-15,-0.4));
#3907=CARTESIAN_POINT('Origin',(-24.5,3.00038465791102E-15,-0.4));
#3908=CARTESIAN_POINT('',(-22.5,2.51052593825207E-15,0.));
#3909=CARTESIAN_POINT('',(-22.5,3.00038465791102E-15,0.05));
#3910=CARTESIAN_POINT('Origin',(-24.5,3.00038465791102E-15,0.));
#3911=CARTESIAN_POINT('Origin',(-24.5,3.00038465791102E-15,-0.4));
#3912=CARTESIAN_POINT('Origin',(24.5,-3.00038465791102E-15,-2.6));
#3913=CARTESIAN_POINT('',(25.6,-3.00038465791102E-15,-5.6));
#3914=CARTESIAN_POINT('Origin',(24.5,-3.00038465791102E-15,-5.6));
#3915=CARTESIAN_POINT('',(25.6,-3.26980695372343E-15,-4.4));
#3916=CARTESIAN_POINT('',(25.6,-3.00038465791102E-15,-2.6));
#3917=CARTESIAN_POINT('Origin',(24.5,-3.00038465791102E-15,-4.4));
#3918=CARTESIAN_POINT('Origin',(24.5,-3.00038465791102E-15,-1.95));
#3919=CARTESIAN_POINT('',(26.1,-3.00038465791102E-15,-4.4));
#3920=CARTESIAN_POINT('Origin',(24.5,-3.00038465791102E-15,-4.4));
#3921=CARTESIAN_POINT('',(26.1,-3.39227163363817E-15,-0.4));
#3922=CARTESIAN_POINT('',(26.1,-3.00038465791102E-15,-1.95));
#3923=CARTESIAN_POINT('Origin',(24.5,-3.00038465791102E-15,-0.4));
#3924=CARTESIAN_POINT('Origin',(24.5,-3.00038465791102E-15,-4.4));
#3925=CARTESIAN_POINT('Origin',(24.5,-3.00038465791102E-15,0.05));
#3926=CARTESIAN_POINT('',(26.5,-3.00038465791102E-15,-0.4));
#3927=CARTESIAN_POINT('Origin',(24.5,-3.00038465791102E-15,-0.4));
#3928=CARTESIAN_POINT('',(26.5,-3.49024337756996E-15,0.));
#3929=CARTESIAN_POINT('',(26.5,-3.00038465791102E-15,0.05));
#3930=CARTESIAN_POINT('Origin',(24.5,-3.00038465791102E-15,0.));
#3931=CARTESIAN_POINT('Origin',(24.5,-3.00038465791102E-15,-0.4));
#3932=CARTESIAN_POINT('Origin',(9.,22.645,-5.35));
#3933=CARTESIAN_POINT('',(9.,21.25,-3.9));
#3934=CARTESIAN_POINT('',(9.,21.25,-5.8));
#3935=CARTESIAN_POINT('',(9.,21.25,-4.95));
#3936=CARTESIAN_POINT('',(9.,23.05,-3.9));
#3937=CARTESIAN_POINT('',(9.,22.645,-3.9));
#3938=CARTESIAN_POINT('',(9.,23.05,-5.8));
#3939=CARTESIAN_POINT('',(9.,23.05,-4.125));
#3940=CARTESIAN_POINT('',(9.,12.51,-5.8));
#3941=CARTESIAN_POINT('Origin',(2.77321267666918E-15,22.645,-3.9));
#3942=CARTESIAN_POINT('',(-9.,21.25,-3.9));
#3943=CARTESIAN_POINT('',(2.60237444818813E-15,21.25,-3.9));
#3944=CARTESIAN_POINT('',(-9.,23.05,-3.9));
#3945=CARTESIAN_POINT('',(-9.,22.645,-3.9));
#3946=CARTESIAN_POINT('',(2.82281087203465E-15,23.05,-3.9));
#3947=CARTESIAN_POINT('Origin',(-9.,22.645,-5.35));
#3948=CARTESIAN_POINT('',(-9.,21.25,-5.8));
#3949=CARTESIAN_POINT('',(-9.,21.25,-4.95));
#3950=CARTESIAN_POINT('',(-9.,23.05,-5.8));
#3951=CARTESIAN_POINT('',(-9.,12.51,-5.8));
#3952=CARTESIAN_POINT('',(-9.,23.05,-4.125));
#3953=CARTESIAN_POINT('Origin',(2.60237444818813E-15,21.25,-4.55));
#3954=CARTESIAN_POINT('',(18.2,21.25,-5.8));
#3955=CARTESIAN_POINT('',(2.60237444818813E-15,21.25,-5.8));
#3956=CARTESIAN_POINT('',(18.2,21.25,-2.3));
#3957=CARTESIAN_POINT('',(18.2,21.25,-4.55));
#3958=CARTESIAN_POINT('',(8.,21.25,-2.3));
#3959=CARTESIAN_POINT('',(2.60237444818813E-15,21.25,-2.3));
#3960=CARTESIAN_POINT('',(8.,21.25,0.));
#3961=CARTESIAN_POINT('',(8.,21.25,-0.655));
#3962=CARTESIAN_POINT('',(-8.,21.25,0.));
#3963=CARTESIAN_POINT('',(2.60237444818813E-15,21.25,0.));
#3964=CARTESIAN_POINT('',(-8.,21.25,-2.3));
#3965=CARTESIAN_POINT('',(-8.,21.25,-0.655));
#3966=CARTESIAN_POINT('',(-18.2,21.25,-2.3));
#3967=CARTESIAN_POINT('',(2.60237444818813E-15,21.25,-2.3));
#3968=CARTESIAN_POINT('',(-18.2,21.25,-5.8));
#3969=CARTESIAN_POINT('',(-18.2,21.25,-4.55));
#3970=CARTESIAN_POINT('',(2.60237444818813E-15,21.25,-5.8));
#3971=CARTESIAN_POINT('Origin',(6.,-11.15,-2.005));
#3972=CARTESIAN_POINT('',(6.,-12.75,-2.3));
#3973=CARTESIAN_POINT('',(6.,-9.55,-2.3));
#3974=CARTESIAN_POINT('',(6.,-4.3875,-2.3));
#3975=CARTESIAN_POINT('',(6.,-12.75,-1.7));
#3976=CARTESIAN_POINT('',(6.,-12.75,-2.005));
#3977=CARTESIAN_POINT('',(6.,-9.55,-1.7));
#3978=CARTESIAN_POINT('',(6.,-11.15,-1.7));
#3979=CARTESIAN_POINT('',(6.,-9.55,-1.33));
#3980=CARTESIAN_POINT('Origin',(-1.3654811810493E-15,-11.15,-1.7));
#3981=CARTESIAN_POINT('',(-6.,-9.55,-1.7));
#3982=CARTESIAN_POINT('',(-6.,-12.75,-1.7));
#3983=CARTESIAN_POINT('',(-6.,-11.15,-1.7));
#3984=CARTESIAN_POINT('',(-1.16953769318572E-15,-9.55,-1.7));
#3985=CARTESIAN_POINT('',(-1.56142466891288E-15,-12.75,-1.7));
#3986=CARTESIAN_POINT('Origin',(-1.56142466891288E-15,-12.75,-2.005));
#3987=CARTESIAN_POINT('',(-6.,-12.75,-2.3));
#3988=CARTESIAN_POINT('',(-1.56142466891288E-15,-12.75,-2.3));
#3989=CARTESIAN_POINT('',(-6.,-12.75,-2.005));
#3990=CARTESIAN_POINT('Origin',(-6.,-11.15,-2.005));
#3991=CARTESIAN_POINT('',(-6.,-9.55,-2.3));
#3992=CARTESIAN_POINT('',(-6.,-4.3875,-2.3));
#3993=CARTESIAN_POINT('',(-6.,-9.55,-1.33));
#3994=CARTESIAN_POINT('Origin',(2.90853614797496E-16,2.375,-2.3));
#3995=CARTESIAN_POINT('',(-18.2,-16.5,-2.3));
#3996=CARTESIAN_POINT('',(-2.02066721859313E-15,-16.5,-2.3));
#3997=CARTESIAN_POINT('',(-18.2,2.375,-2.3));
#3998=CARTESIAN_POINT('',(-8.,14.45,-2.3));
#3999=CARTESIAN_POINT('',(-8.,10.1125,-2.3));
#4000=CARTESIAN_POINT('',(-17.5,14.45,-2.3));
#4001=CARTESIAN_POINT('',(1.76961462476793E-15,14.45,-2.3));
#4002=CARTESIAN_POINT('',(-17.5,-9.55,-2.3));
#4003=CARTESIAN_POINT('',(-17.5,2.4125,-2.3));
#4004=CARTESIAN_POINT('',(-1.16953769318572E-15,-9.55,-2.3));
#4005=CARTESIAN_POINT('',(-1.16953769318572E-15,-9.55,-2.3));
#4006=CARTESIAN_POINT('',(-1.16953769318572E-15,-9.55,-2.3));
#4007=CARTESIAN_POINT('',(17.5,-9.55,-2.3));
#4008=CARTESIAN_POINT('',(-1.16953769318572E-15,-9.55,-2.3));
#4009=CARTESIAN_POINT('',(17.5,14.45,-2.3));
#4010=CARTESIAN_POINT('',(17.5,2.4125,-2.3));
#4011=CARTESIAN_POINT('',(8.,14.45,-2.3));
#4012=CARTESIAN_POINT('',(1.76961462476793E-15,14.45,-2.3));
#4013=CARTESIAN_POINT('',(8.,10.1125,-2.3));
#4014=CARTESIAN_POINT('',(18.2,2.375,-2.3));
#4015=CARTESIAN_POINT('Origin',(-8.,17.85,-0.655));
#4016=CARTESIAN_POINT('',(-8.,14.45,0.));
#4017=CARTESIAN_POINT('',(-8.,10.1125,0.));
#4018=CARTESIAN_POINT('',(-8.,14.45,-0.655));
#4019=CARTESIAN_POINT('Origin',(8.,17.85,-0.655));
#4020=CARTESIAN_POINT('',(8.,14.45,0.));
#4021=CARTESIAN_POINT('',(8.,14.45,-0.655));
#4022=CARTESIAN_POINT('',(8.,10.1125,0.));
#4023=CARTESIAN_POINT('Origin',(2.90853614797496E-16,2.375,0.));
#4024=CARTESIAN_POINT('',(-24.5,-3.75,0.));
#4025=CARTESIAN_POINT('',(-22.5,-3.75,0.));
#4026=CARTESIAN_POINT('',(-4.59242549680257E-16,-3.75,0.));
#4027=CARTESIAN_POINT('',(-20.,-6.25,0.));
#4028=CARTESIAN_POINT('Origin',(-22.5,-6.25,0.));
#4029=CARTESIAN_POINT('',(-20.,-14.3,0.));
#4030=CARTESIAN_POINT('',(-20.,2.375,0.));
#4031=CARTESIAN_POINT('',(-16.,-18.3,0.));
#4032=CARTESIAN_POINT('Origin',(-16.,-14.3,0.));
#4033=CARTESIAN_POINT('',(16.,-18.3,0.));
#4034=CARTESIAN_POINT('',(-2.24110364243966E-15,-18.3,0.));
#4035=CARTESIAN_POINT('',(20.,-14.3,0.));
#4036=CARTESIAN_POINT('Origin',(16.,-14.3,0.));
#4037=CARTESIAN_POINT('',(20.,-6.25,0.));
#4038=CARTESIAN_POINT('',(20.,2.375,0.));
#4039=CARTESIAN_POINT('',(22.5,-3.75,0.));
#4040=CARTESIAN_POINT('Origin',(22.5,-6.25,0.));
#4041=CARTESIAN_POINT('',(24.5,-3.75,0.));
#4042=CARTESIAN_POINT('',(-4.59242549680257E-16,-3.75,0.));
#4043=CARTESIAN_POINT('',(28.25,-3.00038465791102E-15,0.));
#4044=CARTESIAN_POINT('Origin',(24.5,-3.00038465791102E-15,0.));
#4045=CARTESIAN_POINT('',(24.5,3.75,0.));
#4046=CARTESIAN_POINT('Origin',(24.5,-3.00038465791102E-15,0.));
#4047=CARTESIAN_POINT('',(22.5,3.75,0.));
#4048=CARTESIAN_POINT('',(4.59242549680257E-16,3.75,0.));
#4049=CARTESIAN_POINT('',(20.,6.25,0.));
#4050=CARTESIAN_POINT('Origin',(22.5,6.25,0.));
#4051=CARTESIAN_POINT('',(20.,19.05,0.));
#4052=CARTESIAN_POINT('',(20.,2.375,0.));
#4053=CARTESIAN_POINT('',(16.,23.05,0.));
#4054=CARTESIAN_POINT('Origin',(16.,19.05,0.));
#4055=CARTESIAN_POINT('',(13.5,25.55,0.));
#4056=CARTESIAN_POINT('Origin',(16.,25.55,0.));
#4057=CARTESIAN_POINT('',(13.5,27.05,0.));
#4058=CARTESIAN_POINT('',(13.5,25.55,0.));
#4059=CARTESIAN_POINT('',(10.5,30.05,0.));
#4060=CARTESIAN_POINT('Origin',(10.5,27.05,0.));
#4061=CARTESIAN_POINT('',(-10.5,30.05,0.));
#4062=CARTESIAN_POINT('',(3.6800636314378E-15,30.05,0.));
#4063=CARTESIAN_POINT('',(-13.5,27.05,0.));
#4064=CARTESIAN_POINT('Origin',(-10.5,27.05,0.));
#4065=CARTESIAN_POINT('',(-13.5,25.55,0.));
#4066=CARTESIAN_POINT('',(-13.5,25.55,0.));
#4067=CARTESIAN_POINT('',(-16.,23.05,0.));
#4068=CARTESIAN_POINT('Origin',(-16.,25.55,0.));
#4069=CARTESIAN_POINT('',(-20.,19.05,0.));
#4070=CARTESIAN_POINT('Origin',(-16.,19.05,0.));
#4071=CARTESIAN_POINT('',(-20.,6.25,0.));
#4072=CARTESIAN_POINT('',(-20.,2.375,0.));
#4073=CARTESIAN_POINT('',(-22.5,3.75,0.));
#4074=CARTESIAN_POINT('Origin',(-22.5,6.25,0.));
#4075=CARTESIAN_POINT('',(-24.5,3.75,0.));
#4076=CARTESIAN_POINT('',(4.59242549680257E-16,3.75,0.));
#4077=CARTESIAN_POINT('Origin',(-24.5,3.00038465791102E-15,0.));
#4078=CARTESIAN_POINT('',(17.5,14.45,0.));
#4079=CARTESIAN_POINT('',(1.76961462476793E-15,14.45,0.));
#4080=CARTESIAN_POINT('',(17.5,-9.55,0.));
#4081=CARTESIAN_POINT('',(17.5,2.4125,0.));
#4082=CARTESIAN_POINT('',(-17.5,-9.55,0.));
#4083=CARTESIAN_POINT('',(-1.16953769318572E-15,-9.55,0.));
#4084=CARTESIAN_POINT('',(-17.5,14.45,0.));
#4085=CARTESIAN_POINT('',(-17.5,2.4125,0.));
#4086=CARTESIAN_POINT('',(1.76961462476793E-15,14.45,0.));
#4087=CARTESIAN_POINT('Origin',(1.76961462476793E-15,14.45,-0.655));
#4088=CARTESIAN_POINT('',(17.5,14.45,-0.655));
#4089=CARTESIAN_POINT('Origin',(-1.16953769318572E-15,-9.55,-0.655));
#4090=CARTESIAN_POINT('',(-17.5,-9.55,-0.655));
#4091=CARTESIAN_POINT('',(17.5,-9.55,-0.655));
#4092=CARTESIAN_POINT('Origin',(17.5,2.45,-0.655));
#4093=CARTESIAN_POINT('Origin',(1.76961462476793E-15,14.45,-0.655));
#4094=CARTESIAN_POINT('',(-17.5,14.45,-0.655));
#4095=CARTESIAN_POINT('Origin',(-17.5,2.45,-0.655));
#4096=CARTESIAN_POINT('Origin',(-2.02066721859313E-15,-16.5,-4.55));
#4097=CARTESIAN_POINT('',(-18.2,-16.5,-5.8));
#4098=CARTESIAN_POINT('',(-2.02066721859313E-15,-16.5,-5.8));
#4099=CARTESIAN_POINT('',(-18.2,-16.5,-4.55));
#4100=CARTESIAN_POINT('Origin',(18.2,2.375,-4.55));
#4101=CARTESIAN_POINT('',(18.2,2.375,-5.8));
#4102=CARTESIAN_POINT('Origin',(-18.2,2.375,-4.55));
#4103=CARTESIAN_POINT('',(-18.2,2.375,-5.8));
#4104=CARTESIAN_POINT('Origin',(-24.5,3.00038465791102E-15,-5.6));
#4105=CARTESIAN_POINT('',(-20.75,3.00038465791102E-15,-5.6));
#4106=CARTESIAN_POINT('Origin',(-24.5,3.00038465791102E-15,-5.6));
#4107=CARTESIAN_POINT('Origin',(0.,0.,-3.2));
#4108=CARTESIAN_POINT('',(-24.5,-3.75,-3.2));
#4109=CARTESIAN_POINT('',(-20.75,3.00038465791102E-15,-3.2));
#4110=CARTESIAN_POINT('Origin',(-24.5,3.00038465791102E-15,-3.2));
#4111=CARTESIAN_POINT('',(-24.5,3.75,-3.2));
#4112=CARTESIAN_POINT('Origin',(-24.5,3.00038465791102E-15,-3.2));
#4113=CARTESIAN_POINT('',(-22.5,3.75,-3.2));
#4114=CARTESIAN_POINT('',(4.59242549680257E-16,3.75,-3.2));
#4115=CARTESIAN_POINT('',(-20.,6.25,-3.2));
#4116=CARTESIAN_POINT('Origin',(-22.5,6.25,-3.2));
#4117=CARTESIAN_POINT('',(-20.,-6.25,-3.2));
#4118=CARTESIAN_POINT('',(-20.,1.1875,-3.2));
#4119=CARTESIAN_POINT('',(-22.5,-3.75,-3.2));
#4120=CARTESIAN_POINT('Origin',(-22.5,-6.25,-3.2));
#4121=CARTESIAN_POINT('',(-4.59242549680257E-16,-3.75,-3.2));
#4122=CARTESIAN_POINT('Origin',(24.5,-3.00038465791102E-15,-5.6));
#4123=CARTESIAN_POINT('',(28.25,-3.00038465791102E-15,-5.6));
#4124=CARTESIAN_POINT('Origin',(24.5,-3.00038465791102E-15,-5.6));
#4125=CARTESIAN_POINT('Origin',(-16.,25.55,-1.6));
#4126=CARTESIAN_POINT('',(-16.,23.05,-3.2));
#4127=CARTESIAN_POINT('',(-13.5,25.55,-3.2));
#4128=CARTESIAN_POINT('Origin',(-16.,25.55,-3.2));
#4129=CARTESIAN_POINT('',(-16.,23.05,-2.9));
#4130=CARTESIAN_POINT('',(-13.5,25.55,-1.6));
#4131=CARTESIAN_POINT('Origin',(2.82281087203465E-15,23.05,-2.9));
#4132=CARTESIAN_POINT('',(-16.,23.05,-5.8));
#4133=CARTESIAN_POINT('',(2.82281087203465E-15,23.05,-5.8));
#4134=CARTESIAN_POINT('',(-16.,23.05,-2.9));
#4135=CARTESIAN_POINT('',(16.,23.05,-3.2));
#4136=CARTESIAN_POINT('',(2.82281087203465E-15,23.05,-3.2));
#4137=CARTESIAN_POINT('',(16.,23.05,-5.8));
#4138=CARTESIAN_POINT('',(16.,23.05,-2.9));
#4139=CARTESIAN_POINT('',(2.82281087203465E-15,23.05,-5.8));
#4140=CARTESIAN_POINT('Origin',(3.12897257182149E-15,25.55,-3.2));
#4141=CARTESIAN_POINT('',(-13.5,27.05,-3.2));
#4142=CARTESIAN_POINT('',(-13.5,25.55,-3.2));
#4143=CARTESIAN_POINT('',(-10.5,30.05,-3.2));
#4144=CARTESIAN_POINT('Origin',(-10.5,27.05,-3.2));
#4145=CARTESIAN_POINT('',(10.5,30.05,-3.2));
#4146=CARTESIAN_POINT('',(3.6800636314378E-15,30.05,-3.2));
#4147=CARTESIAN_POINT('',(13.5,27.05,-3.2));
#4148=CARTESIAN_POINT('Origin',(10.5,27.05,-3.2));
#4149=CARTESIAN_POINT('',(13.5,25.55,-3.2));
#4150=CARTESIAN_POINT('',(13.5,24.05,-3.2));
#4151=CARTESIAN_POINT('Origin',(16.,25.55,-3.2));
#4152=CARTESIAN_POINT('Origin',(-13.5,25.55,-1.6));
#4153=CARTESIAN_POINT('',(-13.5,27.05,-1.6));
#4154=CARTESIAN_POINT('Origin',(16.,25.55,-1.6));
#4155=CARTESIAN_POINT('',(13.5,25.55,-1.6));
#4156=CARTESIAN_POINT('',(16.,23.05,-2.9));
#4157=CARTESIAN_POINT('Origin',(13.5,25.55,-1.6));
#4158=CARTESIAN_POINT('',(13.5,27.05,-1.6));
#4159=CARTESIAN_POINT('Origin',(-10.5,27.05,-1.6));
#4160=CARTESIAN_POINT('',(-10.5,30.05,-1.6));
#4161=CARTESIAN_POINT('Origin',(10.5,27.05,-1.6));
#4162=CARTESIAN_POINT('',(10.5,30.05,-1.6));
#4163=CARTESIAN_POINT('Origin',(3.6800636314378E-15,30.05,-1.6));
#4164=CARTESIAN_POINT('Origin',(-22.5,-6.25,-1.6));
#4165=CARTESIAN_POINT('',(-20.,-6.25,-1.6));
#4166=CARTESIAN_POINT('',(-22.5,-3.75,-1.6));
#4167=CARTESIAN_POINT('Origin',(-4.59242549680257E-16,-3.75,-1.6));
#4168=CARTESIAN_POINT('',(-24.5,-3.75,-1.6));
#4169=CARTESIAN_POINT('Origin',(-22.5,6.25,-1.6));
#4170=CARTESIAN_POINT('',(-22.5,3.75,-1.6));
#4171=CARTESIAN_POINT('',(-20.,6.25,-1.6));
#4172=CARTESIAN_POINT('Origin',(-20.,2.375,-2.9));
#4173=CARTESIAN_POINT('',(-20.,19.05,-5.8));
#4174=CARTESIAN_POINT('',(-20.,19.05,-2.9));
#4175=CARTESIAN_POINT('',(-20.,-14.3,-5.8));
#4176=CARTESIAN_POINT('',(-20.,2.375,-5.8));
#4177=CARTESIAN_POINT('',(-20.,-14.3,-2.9));
#4178=CARTESIAN_POINT('Origin',(22.5,-6.25,-1.6));
#4179=CARTESIAN_POINT('',(22.5,-3.75,-3.2));
#4180=CARTESIAN_POINT('',(20.,-6.25,-3.2));
#4181=CARTESIAN_POINT('Origin',(22.5,-6.25,-3.2));
#4182=CARTESIAN_POINT('',(22.5,-3.75,-1.6));
#4183=CARTESIAN_POINT('',(20.,-6.25,-1.6));
#4184=CARTESIAN_POINT('Origin',(20.,2.375,-2.9));
#4185=CARTESIAN_POINT('',(20.,6.25,-3.2));
#4186=CARTESIAN_POINT('',(20.,1.1875,-3.2));
#4187=CARTESIAN_POINT('',(20.,-14.3,-5.8));
#4188=CARTESIAN_POINT('',(20.,-14.3,-2.9));
#4189=CARTESIAN_POINT('',(20.,19.05,-5.8));
#4190=CARTESIAN_POINT('',(20.,2.375,-5.8));
#4191=CARTESIAN_POINT('',(20.,19.05,-2.9));
#4192=CARTESIAN_POINT('',(20.,6.25,-1.6));
#4193=CARTESIAN_POINT('Origin',(22.5,6.25,-1.6));
#4194=CARTESIAN_POINT('',(22.5,3.75,-3.2));
#4195=CARTESIAN_POINT('Origin',(22.5,6.25,-3.2));
#4196=CARTESIAN_POINT('',(22.5,3.75,-1.6));
#4197=CARTESIAN_POINT('Origin',(0.,0.,-3.2));
#4198=CARTESIAN_POINT('',(24.5,3.75,-3.2));
#4199=CARTESIAN_POINT('',(24.5,-3.75,-3.2));
#4200=CARTESIAN_POINT('Origin',(24.5,-3.00038465791102E-15,-3.2));
#4201=CARTESIAN_POINT('',(-4.59242549680257E-16,-3.75,-3.2));
#4202=CARTESIAN_POINT('',(4.59242549680257E-16,3.75,-3.2));
#4203=CARTESIAN_POINT('Origin',(4.59242549680257E-16,3.75,-1.6));
#4204=CARTESIAN_POINT('',(24.5,3.75,-1.6));
#4205=CARTESIAN_POINT('Origin',(4.59242549680257E-16,3.75,-1.6));
#4206=CARTESIAN_POINT('',(-24.5,3.75,-1.6));
#4207=CARTESIAN_POINT('Origin',(-24.5,3.00038465791102E-15,-1.6));
#4208=CARTESIAN_POINT('',(-20.75,3.00038465791102E-15,-1.6));
#4209=CARTESIAN_POINT('Origin',(24.5,-3.00038465791102E-15,-1.6));
#4210=CARTESIAN_POINT('',(24.5,-3.75,-1.6));
#4211=CARTESIAN_POINT('',(28.25,-3.00038465791102E-15,-1.6));
#4212=CARTESIAN_POINT('Origin',(-4.59242549680257E-16,-3.75,-1.6));
#4213=CARTESIAN_POINT('Origin',(-16.,-14.3,-2.9));
#4214=CARTESIAN_POINT('',(-16.,-18.3,-5.8));
#4215=CARTESIAN_POINT('Origin',(-16.,-14.3,-5.8));
#4216=CARTESIAN_POINT('',(-16.,-18.3,-2.9));
#4217=CARTESIAN_POINT('Origin',(-16.,19.05,-2.9));
#4218=CARTESIAN_POINT('Origin',(-16.,19.05,-5.8));
#4219=CARTESIAN_POINT('Origin',(16.,-14.3,-2.9));
#4220=CARTESIAN_POINT('',(16.,-18.3,-5.8));
#4221=CARTESIAN_POINT('',(16.,-18.3,-2.9));
#4222=CARTESIAN_POINT('Origin',(16.,-14.3,-5.8));
#4223=CARTESIAN_POINT('Origin',(2.90853614797496E-16,2.375,-5.8));
#4224=CARTESIAN_POINT('Origin',(16.,19.05,-5.8));
#4225=CARTESIAN_POINT('',(-2.24110364243966E-15,-18.3,-5.8));
#4226=CARTESIAN_POINT('Origin',(16.,19.05,-2.9));
#4227=CARTESIAN_POINT('Origin',(-2.24110364243966E-15,-18.3,-2.9));
#4228=UNCERTAINTY_MEASURE_WITH_UNIT(LENGTH_MEASURE(0.01),#4232,
'DISTANCE_ACCURACY_VALUE',
'Maximum model space distance between geometric entities at asserted c
onnectivities');
#4229=UNCERTAINTY_MEASURE_WITH_UNIT(LENGTH_MEASURE(0.01),#4232,
'DISTANCE_ACCURACY_VALUE',
'Maximum model space distance between geometric entities at asserted c
onnectivities');
#4230=(
GEOMETRIC_REPRESENTATION_CONTEXT(3)
GLOBAL_UNCERTAINTY_ASSIGNED_CONTEXT((#4228))
GLOBAL_UNIT_ASSIGNED_CONTEXT((#4232,#4234,#4235))
REPRESENTATION_CONTEXT('','3D')
);
#4231=(
GEOMETRIC_REPRESENTATION_CONTEXT(3)
GLOBAL_UNCERTAINTY_ASSIGNED_CONTEXT((#4229))
GLOBAL_UNIT_ASSIGNED_CONTEXT((#4232,#4234,#4235))
REPRESENTATION_CONTEXT('','3D')
);
#4232=(
LENGTH_UNIT()
NAMED_UNIT(*)
SI_UNIT(.MILLI.,.METRE.)
);
#4233=(
LENGTH_UNIT()
NAMED_UNIT(*)
SI_UNIT($,.METRE.)
);
#4234=(
NAMED_UNIT(*)
PLANE_ANGLE_UNIT()
SI_UNIT($,.RADIAN.)
);
#4235=(
NAMED_UNIT(*)
SI_UNIT($,.STERADIAN.)
SOLID_ANGLE_UNIT()
);
#4236=SHAPE_DEFINITION_REPRESENTATION(#4237,#4238);
#4237=PRODUCT_DEFINITION_SHAPE('',$,#4240);
#4238=SHAPE_REPRESENTATION('',(#2544),#4230);
#4239=PRODUCT_DEFINITION_CONTEXT('part definition',#4244,'design');
#4240=PRODUCT_DEFINITION('Rear_Display_Carrier','Rear_Display_Carrier',
#4241,#4239);
#4241=PRODUCT_DEFINITION_FORMATION('',$,#4246);
#4242=PRODUCT_RELATED_PRODUCT_CATEGORY('Rear_Display_Carrier',
'Rear_Display_Carrier',(#4246));
#4243=APPLICATION_PROTOCOL_DEFINITION('international standard',
'automotive_design',2009,#4244);
#4244=APPLICATION_CONTEXT(
'Core Data for Automotive Mechanical Design Process');
#4245=PRODUCT_CONTEXT('part definition',#4244,'mechanical');
#4246=PRODUCT('Rear_Display_Carrier','Rear_Display_Carrier',$,(#4245));
#4247=PRESENTATION_STYLE_ASSIGNMENT((#4249));
#4248=PRESENTATION_STYLE_ASSIGNMENT((#4250));
#4249=SURFACE_STYLE_USAGE(.BOTH.,#4251);
#4250=SURFACE_STYLE_USAGE(.BOTH.,#4252);
#4251=SURFACE_SIDE_STYLE('',(#4253));
#4252=SURFACE_SIDE_STYLE('',(#4254));
#4253=SURFACE_STYLE_FILL_AREA(#4255);
#4254=SURFACE_STYLE_FILL_AREA(#4256);
#4255=FILL_AREA_STYLE('Steel - Satin',(#4257));
#4256=FILL_AREA_STYLE('Plastic - Matte (Black)',(#4258));
#4257=FILL_AREA_STYLE_COLOUR('Steel - Satin',#4259);
#4258=FILL_AREA_STYLE_COLOUR('Plastic - Matte (Black)',#4260);
#4259=COLOUR_RGB('Steel - Satin',0.627450980392157,0.627450980392157,0.627450980392157);
#4260=COLOUR_RGB('Plastic - Matte (Black)',0.0980392156862745,0.0980392156862745,
0.0980392156862745);
ENDSEC;
END-ISO-10303-21;
