ISO-10303-21;
HEADER;
/* Generated by software containing ST-Developer
 * from STEP Tools, Inc. (www.steptools.com) 
 */

FILE_DESCRIPTION(
/* description */ (''),
/* implementation_level */ '2;1');

FILE_NAME(
/* name */ 'Rear_Display_Carrier.step',
/* time_stamp */ '2026-08-28T13:34:38+01:00',
/* author */ (''),
/* organization */ (''),
/* preprocessor_version */ 'ST-DEVELOPER v20.1',
/* originating_system */ 'Autodesk Translation Framework v15.8.0.0',
/* authorisation */ '');

FILE_SCHEMA (('AUTOMOTIVE_DESIGN { 1 0 10303 214 3 1 1 }'));
ENDSEC;

DATA;
#10=MECHANICAL_DESIGN_GEOMETRIC_PRESENTATION_REPRESENTATION('',(#13),#4355);
#11=SHAPE_REPRESENTATION_RELATIONSHIP('SRR','None',#4362,#12);
#12=ADVANCED_BREP_SHAPE_REPRESENTATION('',(#14),#4354);
#13=STYLED_ITEM('',(#4372),#14);
#14=MANIFOLD_SOLID_BREP('Rear_Display_Carrier',#2569);
#15=FACE_BOUND('',#425,.T.);
#16=FACE_BOUND('',#428,.T.);
#17=FACE_BOUND('',#432,.T.);
#18=FACE_BOUND('',#435,.T.);
#19=FACE_BOUND('',#439,.T.);
#20=FACE_BOUND('',#442,.T.);
#21=FACE_BOUND('',#446,.T.);
#22=FACE_BOUND('',#448,.T.);
#23=FACE_BOUND('',#452,.T.);
#24=FACE_BOUND('',#453,.T.);
#25=FACE_BOUND('',#454,.T.);
#26=FACE_BOUND('',#464,.T.);
#27=FACE_BOUND('',#467,.T.);
#28=FACE_BOUND('',#471,.T.);
#29=FACE_BOUND('',#472,.T.);
#30=FACE_BOUND('',#473,.T.);
#31=FACE_BOUND('',#474,.T.);
#32=FACE_BOUND('',#498,.T.);
#33=CONICAL_SURFACE('',#2621,1.5,0.380506377112365);
#34=CONICAL_SURFACE('',#2623,1.5,0.380506377112365);
#35=CONICAL_SURFACE('',#2627,1.4,0.321750554396642);
#36=CONICAL_SURFACE('',#2628,1.4,0.321750554396642);
#37=CONICAL_SURFACE('',#2650,1.5,0.380506377112365);
#38=CONICAL_SURFACE('',#2652,1.5,0.380506377112365);
#39=CONICAL_SURFACE('',#2656,1.4,0.321750554396642);
#40=CONICAL_SURFACE('',#2657,1.4,0.321750554396642);
#41=CONICAL_SURFACE('',#2672,1.5,0.380506377112365);
#42=CONICAL_SURFACE('',#2674,1.5,0.380506377112365);
#43=CONICAL_SURFACE('',#2678,1.4,0.321750554396642);
#44=CONICAL_SURFACE('',#2679,1.4,0.321750554396642);
#45=CONICAL_SURFACE('',#2701,1.5,0.380506377112365);
#46=CONICAL_SURFACE('',#2703,1.5,0.380506377112365);
#47=CONICAL_SURFACE('',#2707,1.4,0.321750554396642);
#48=CONICAL_SURFACE('',#2708,1.4,0.321750554396642);
#49=CYLINDRICAL_SURFACE('',#2614,1.4);
#50=CYLINDRICAL_SURFACE('',#2637,1.85);
#51=CYLINDRICAL_SURFACE('',#2646,1.4);
#52=CYLINDRICAL_SURFACE('',#2648,1.4);
#53=CYLINDRICAL_SURFACE('',#2665,1.4);
#54=CYLINDRICAL_SURFACE('',#2688,1.85);
#55=CYLINDRICAL_SURFACE('',#2697,1.4);
#56=CYLINDRICAL_SURFACE('',#2699,1.4);
#57=CYLINDRICAL_SURFACE('',#2711,2.);
#58=CYLINDRICAL_SURFACE('',#2715,2.);
#59=CYLINDRICAL_SURFACE('',#2719,1.1);
#60=CYLINDRICAL_SURFACE('',#2722,1.6);
#61=CYLINDRICAL_SURFACE('',#2726,2.);
#62=CYLINDRICAL_SURFACE('',#2730,1.1);
#63=CYLINDRICAL_SURFACE('',#2733,1.6);
#64=CYLINDRICAL_SURFACE('',#2737,2.);
#65=CYLINDRICAL_SURFACE('',#2780,2.5);
#66=CYLINDRICAL_SURFACE('',#2788,2.5);
#67=CYLINDRICAL_SURFACE('',#2790,3.);
#68=CYLINDRICAL_SURFACE('',#2791,3.);
#69=CYLINDRICAL_SURFACE('',#2793,2.5);
#70=CYLINDRICAL_SURFACE('',#2795,2.5);
#71=CYLINDRICAL_SURFACE('',#2797,2.5);
#72=CYLINDRICAL_SURFACE('',#2800,2.5);
#73=CYLINDRICAL_SURFACE('',#2806,3.75);
#74=CYLINDRICAL_SURFACE('',#2807,3.75);
#75=CYLINDRICAL_SURFACE('',#2809,4.);
#76=CYLINDRICAL_SURFACE('',#2811,4.);
#77=CYLINDRICAL_SURFACE('',#2813,4.);
#78=CYLINDRICAL_SURFACE('',#2817,4.);
#79=CIRCLE('',#2611,1.4);
#80=CIRCLE('',#2612,1.4);
#81=CIRCLE('',#2615,1.4);
#82=CIRCLE('',#2616,1.4);
#83=CIRCLE('',#2617,1.4);
#84=CIRCLE('',#2618,1.4);
#85=CIRCLE('',#2619,1.4);
#86=CIRCLE('',#2620,1.4);
#87=CIRCLE('',#2622,1.6);
#88=CIRCLE('',#2624,1.6);
#89=CIRCLE('',#2626,1.2);
#90=CIRCLE('',#2629,1.2);
#91=CIRCLE('',#2634,1.85);
#92=CIRCLE('',#2635,1.85);
#93=CIRCLE('',#2638,1.85);
#94=CIRCLE('',#2639,1.85);
#95=CIRCLE('',#2640,1.85);
#96=CIRCLE('',#2641,1.85);
#97=CIRCLE('',#2643,1.4);
#98=CIRCLE('',#2645,1.4);
#99=CIRCLE('',#2647,1.4);
#100=CIRCLE('',#2649,1.4);
#101=CIRCLE('',#2651,1.6);
#102=CIRCLE('',#2653,1.6);
#103=CIRCLE('',#2655,1.2);
#104=CIRCLE('',#2658,1.2);
#105=CIRCLE('',#2662,1.4);
#106=CIRCLE('',#2663,1.4);
#107=CIRCLE('',#2666,1.4);
#108=CIRCLE('',#2667,1.4);
#109=CIRCLE('',#2668,1.4);
#110=CIRCLE('',#2669,1.4);
#111=CIRCLE('',#2670,1.4);
#112=CIRCLE('',#2671,1.4);
#113=CIRCLE('',#2673,1.6);
#114=CIRCLE('',#2675,1.6);
#115=CIRCLE('',#2677,1.2);
#116=CIRCLE('',#2680,1.2);
#117=CIRCLE('',#2685,1.85);
#118=CIRCLE('',#2686,1.85);
#119=CIRCLE('',#2689,1.85);
#120=CIRCLE('',#2690,1.85);
#121=CIRCLE('',#2691,1.85);
#122=CIRCLE('',#2692,1.85);
#123=CIRCLE('',#2694,1.4);
#124=CIRCLE('',#2696,1.4);
#125=CIRCLE('',#2698,1.4);
#126=CIRCLE('',#2700,1.4);
#127=CIRCLE('',#2702,1.6);
#128=CIRCLE('',#2704,1.6);
#129=CIRCLE('',#2706,1.2);
#130=CIRCLE('',#2709,1.2);
#131=CIRCLE('',#2712,2.);
#132=CIRCLE('',#2713,2.);
#133=CIRCLE('',#2716,2.);
#134=CIRCLE('',#2717,2.);
#135=CIRCLE('',#2720,1.1);
#136=CIRCLE('',#2721,1.1);
#137=CIRCLE('',#2723,1.6);
#138=CIRCLE('',#2724,1.6);
#139=CIRCLE('',#2727,2.);
#140=CIRCLE('',#2728,2.);
#141=CIRCLE('',#2731,1.1);
#142=CIRCLE('',#2732,1.1);
#143=CIRCLE('',#2734,1.6);
#144=CIRCLE('',#2735,1.6);
#145=CIRCLE('',#2738,2.);
#146=CIRCLE('',#2739,2.);
#147=CIRCLE('',#2748,2.5);
#148=CIRCLE('',#2749,4.);
#149=CIRCLE('',#2750,4.);
#150=CIRCLE('',#2751,2.5);
#151=CIRCLE('',#2752,3.75);
#152=CIRCLE('',#2753,3.75);
#153=CIRCLE('',#2754,2.5);
#154=CIRCLE('',#2755,4.);
#155=CIRCLE('',#2756,2.5);
#156=CIRCLE('',#2757,3.);
#157=CIRCLE('',#2758,3.);
#158=CIRCLE('',#2759,2.5);
#159=CIRCLE('',#2760,4.);
#160=CIRCLE('',#2761,2.5);
#161=CIRCLE('',#2762,3.75);
#162=CIRCLE('',#2772,3.75);
#163=CIRCLE('',#2774,3.75);
#164=CIRCLE('',#2775,3.75);
#165=CIRCLE('',#2776,2.5);
#166=CIRCLE('',#2777,2.5);
#167=CIRCLE('',#2779,3.75);
#168=CIRCLE('',#2781,2.5);
#169=CIRCLE('',#2784,3.);
#170=CIRCLE('',#2785,3.);
#171=CIRCLE('',#2786,2.5);
#172=CIRCLE('',#2798,2.5);
#173=CIRCLE('',#2801,2.5);
#174=CIRCLE('',#2803,3.75);
#175=CIRCLE('',#2810,4.);
#176=CIRCLE('',#2812,4.);
#177=CIRCLE('',#2814,4.);
#178=CIRCLE('',#2816,4.);
#179=(
BOUNDED_CURVE()
B_SPLINE_CURVE(2,(#3705,#3706,#3707),.UNSPECIFIED.,.F.,.F.)
B_SPLINE_CURVE_WITH_KNOTS((3,3),(0.,0.0543165697127086),.UNSPECIFIED.)
CURVE()
GEOMETRIC_REPRESENTATION_ITEM()
RATIONAL_B_SPLINE_CURVE((1.,1.0025109984436,1.))
REPRESENTATION_ITEM('')
);
#180=(
BOUNDED_CURVE()
B_SPLINE_CURVE(2,(#3709,#3710,#3711),.UNSPECIFIED.,.F.,.F.)
B_SPLINE_CURVE_WITH_KNOTS((3,3),(0.,0.127438524190822),.UNSPECIFIED.)
CURVE()
GEOMETRIC_REPRESENTATION_ITEM()
RATIONAL_B_SPLINE_CURVE((1.,1.01194792402974,1.))
REPRESENTATION_ITEM('')
);
#181=(
BOUNDED_CURVE()
B_SPLINE_CURVE(2,(#3715,#3716,#3717),.UNSPECIFIED.,.F.,.F.)
B_SPLINE_CURVE_WITH_KNOTS((3,3),(0.,0.127438524190822),.UNSPECIFIED.)
CURVE()
GEOMETRIC_REPRESENTATION_ITEM()
RATIONAL_B_SPLINE_CURVE((1.,1.01194792402965,1.))
REPRESENTATION_ITEM('')
);
#182=(
BOUNDED_CURVE()
B_SPLINE_CURVE(2,(#3718,#3719,#3720),.UNSPECIFIED.,.F.,.F.)
B_SPLINE_CURVE_WITH_KNOTS((3,3),(0.,0.0543165697127086),.UNSPECIFIED.)
CURVE()
GEOMETRIC_REPRESENTATION_ITEM()
RATIONAL_B_SPLINE_CURVE((1.,1.0025109984429,1.))
REPRESENTATION_ITEM('')
);
#183=(
BOUNDED_CURVE()
B_SPLINE_CURVE(2,(#3731,#3732,#3733),.UNSPECIFIED.,.F.,.F.)
B_SPLINE_CURVE_WITH_KNOTS((3,3),(0.,0.0543165697127086),.UNSPECIFIED.)
CURVE()
GEOMETRIC_REPRESENTATION_ITEM()
RATIONAL_B_SPLINE_CURVE((1.,1.0025109984429,1.))
REPRESENTATION_ITEM('')
);
#184=(
BOUNDED_CURVE()
B_SPLINE_CURVE(2,(#3735,#3736,#3737),.UNSPECIFIED.,.F.,.F.)
B_SPLINE_CURVE_WITH_KNOTS((3,3),(0.,0.127438524190822),.UNSPECIFIED.)
CURVE()
GEOMETRIC_REPRESENTATION_ITEM()
RATIONAL_B_SPLINE_CURVE((1.,1.01194792402965,1.))
REPRESENTATION_ITEM('')
);
#185=(
BOUNDED_CURVE()
B_SPLINE_CURVE(2,(#3741,#3742,#3743),.UNSPECIFIED.,.F.,.F.)
B_SPLINE_CURVE_WITH_KNOTS((3,3),(0.,0.127438524190822),.UNSPECIFIED.)
CURVE()
GEOMETRIC_REPRESENTATION_ITEM()
RATIONAL_B_SPLINE_CURVE((1.,1.01194792402974,1.))
REPRESENTATION_ITEM('')
);
#186=(
BOUNDED_CURVE()
B_SPLINE_CURVE(2,(#3745,#3746,#3747),.UNSPECIFIED.,.F.,.F.)
B_SPLINE_CURVE_WITH_KNOTS((3,3),(0.,0.0543165697127086),.UNSPECIFIED.)
CURVE()
GEOMETRIC_REPRESENTATION_ITEM()
RATIONAL_B_SPLINE_CURVE((1.,1.0025109984436,1.))
REPRESENTATION_ITEM('')
);
#187=(
BOUNDED_CURVE()
B_SPLINE_CURVE(2,(#3786,#3787,#3788),.UNSPECIFIED.,.F.,.F.)
B_SPLINE_CURVE_WITH_KNOTS((3,3),(0.,0.0543165697127086),.UNSPECIFIED.)
CURVE()
GEOMETRIC_REPRESENTATION_ITEM()
RATIONAL_B_SPLINE_CURVE((1.,1.00251099844376,1.))
REPRESENTATION_ITEM('')
);
#188=(
BOUNDED_CURVE()
B_SPLINE_CURVE(2,(#3790,#3791,#3792),.UNSPECIFIED.,.F.,.F.)
B_SPLINE_CURVE_WITH_KNOTS((3,3),(0.,0.127438524190822),.UNSPECIFIED.)
CURVE()
GEOMETRIC_REPRESENTATION_ITEM()
RATIONAL_B_SPLINE_CURVE((1.,1.01194792402974,1.))
REPRESENTATION_ITEM('')
);
#189=(
BOUNDED_CURVE()
B_SPLINE_CURVE(2,(#3796,#3797,#3798),.UNSPECIFIED.,.F.,.F.)
B_SPLINE_CURVE_WITH_KNOTS((3,3),(0.,0.127438524190822),.UNSPECIFIED.)
CURVE()
GEOMETRIC_REPRESENTATION_ITEM()
RATIONAL_B_SPLINE_CURVE((1.,1.01194792402974,1.))
REPRESENTATION_ITEM('')
);
#190=(
BOUNDED_CURVE()
B_SPLINE_CURVE(2,(#3800,#3801,#3802),.UNSPECIFIED.,.F.,.F.)
B_SPLINE_CURVE_WITH_KNOTS((3,3),(0.,0.0543165697127086),.UNSPECIFIED.)
CURVE()
GEOMETRIC_REPRESENTATION_ITEM()
RATIONAL_B_SPLINE_CURVE((1.,1.00251099844376,1.))
REPRESENTATION_ITEM('')
);
#191=(
BOUNDED_CURVE()
B_SPLINE_CURVE(2,(#3820,#3821,#3822),.UNSPECIFIED.,.F.,.F.)
B_SPLINE_CURVE_WITH_KNOTS((3,3),(0.,0.0543165697127086),.UNSPECIFIED.)
CURVE()
GEOMETRIC_REPRESENTATION_ITEM()
RATIONAL_B_SPLINE_CURVE((1.,1.00251099844376,1.))
REPRESENTATION_ITEM('')
);
#192=(
BOUNDED_CURVE()
B_SPLINE_CURVE(2,(#3824,#3825,#3826),.UNSPECIFIED.,.F.,.F.)
B_SPLINE_CURVE_WITH_KNOTS((3,3),(0.,0.127438524190822),.UNSPECIFIED.)
CURVE()
GEOMETRIC_REPRESENTATION_ITEM()
RATIONAL_B_SPLINE_CURVE((1.,1.01194792402974,1.))
REPRESENTATION_ITEM('')
);
#193=(
BOUNDED_CURVE()
B_SPLINE_CURVE(2,(#3830,#3831,#3832),.UNSPECIFIED.,.F.,.F.)
B_SPLINE_CURVE_WITH_KNOTS((3,3),(0.,0.127438524190822),.UNSPECIFIED.)
CURVE()
GEOMETRIC_REPRESENTATION_ITEM()
RATIONAL_B_SPLINE_CURVE((1.,1.01194792402974,1.))
REPRESENTATION_ITEM('')
);
#194=(
BOUNDED_CURVE()
B_SPLINE_CURVE(2,(#3834,#3835,#3836),.UNSPECIFIED.,.F.,.F.)
B_SPLINE_CURVE_WITH_KNOTS((3,3),(0.,0.0543165697127086),.UNSPECIFIED.)
CURVE()
GEOMETRIC_REPRESENTATION_ITEM()
RATIONAL_B_SPLINE_CURVE((1.,1.00251099844376,1.))
REPRESENTATION_ITEM('')
);
#195=(
BOUNDED_CURVE()
B_SPLINE_CURVE(2,(#3877,#3878,#3879),.UNSPECIFIED.,.F.,.F.)
B_SPLINE_CURVE_WITH_KNOTS((3,3),(0.,0.0543165697127086),.UNSPECIFIED.)
CURVE()
GEOMETRIC_REPRESENTATION_ITEM()
RATIONAL_B_SPLINE_CURVE((1.,1.0025109984436,1.))
REPRESENTATION_ITEM('')
);
#196=(
BOUNDED_CURVE()
B_SPLINE_CURVE(2,(#3881,#3882,#3883),.UNSPECIFIED.,.F.,.F.)
B_SPLINE_CURVE_WITH_KNOTS((3,3),(0.,0.127438524190822),.UNSPECIFIED.)
CURVE()
GEOMETRIC_REPRESENTATION_ITEM()
RATIONAL_B_SPLINE_CURVE((1.,1.01194792402974,1.))
REPRESENTATION_ITEM('')
);
#197=(
BOUNDED_CURVE()
B_SPLINE_CURVE(2,(#3887,#3888,#3889),.UNSPECIFIED.,.F.,.F.)
B_SPLINE_CURVE_WITH_KNOTS((3,3),(0.,0.127438524190822),.UNSPECIFIED.)
CURVE()
GEOMETRIC_REPRESENTATION_ITEM()
RATIONAL_B_SPLINE_CURVE((1.,1.01194792402965,1.))
REPRESENTATION_ITEM('')
);
#198=(
BOUNDED_CURVE()
B_SPLINE_CURVE(2,(#3890,#3891,#3892),.UNSPECIFIED.,.F.,.F.)
B_SPLINE_CURVE_WITH_KNOTS((3,3),(0.,0.0543165697127086),.UNSPECIFIED.)
CURVE()
GEOMETRIC_REPRESENTATION_ITEM()
RATIONAL_B_SPLINE_CURVE((1.,1.0025109984429,1.))
REPRESENTATION_ITEM('')
);
#199=(
BOUNDED_CURVE()
B_SPLINE_CURVE(2,(#3903,#3904,#3905),.UNSPECIFIED.,.F.,.F.)
B_SPLINE_CURVE_WITH_KNOTS((3,3),(0.,0.0543165697127086),.UNSPECIFIED.)
CURVE()
GEOMETRIC_REPRESENTATION_ITEM()
RATIONAL_B_SPLINE_CURVE((1.,1.0025109984429,1.))
REPRESENTATION_ITEM('')
);
#200=(
BOUNDED_CURVE()
B_SPLINE_CURVE(2,(#3907,#3908,#3909),.UNSPECIFIED.,.F.,.F.)
B_SPLINE_CURVE_WITH_KNOTS((3,3),(0.,0.127438524190822),.UNSPECIFIED.)
CURVE()
GEOMETRIC_REPRESENTATION_ITEM()
RATIONAL_B_SPLINE_CURVE((1.,1.01194792402965,1.))
REPRESENTATION_ITEM('')
);
#201=(
BOUNDED_CURVE()
B_SPLINE_CURVE(2,(#3913,#3914,#3915),.UNSPECIFIED.,.F.,.F.)
B_SPLINE_CURVE_WITH_KNOTS((3,3),(0.,0.127438524190822),.UNSPECIFIED.)
CURVE()
GEOMETRIC_REPRESENTATION_ITEM()
RATIONAL_B_SPLINE_CURVE((1.,1.01194792402974,1.))
REPRESENTATION_ITEM('')
);
#202=(
BOUNDED_CURVE()
B_SPLINE_CURVE(2,(#3917,#3918,#3919),.UNSPECIFIED.,.F.,.F.)
B_SPLINE_CURVE_WITH_KNOTS((3,3),(0.,0.0543165697127086),.UNSPECIFIED.)
CURVE()
GEOMETRIC_REPRESENTATION_ITEM()
RATIONAL_B_SPLINE_CURVE((1.,1.0025109984436,1.))
REPRESENTATION_ITEM('')
);
#203=(
BOUNDED_CURVE()
B_SPLINE_CURVE(2,(#3958,#3959,#3960),.UNSPECIFIED.,.F.,.F.)
B_SPLINE_CURVE_WITH_KNOTS((3,3),(0.,0.0543165697127086),.UNSPECIFIED.)
CURVE()
GEOMETRIC_REPRESENTATION_ITEM()
RATIONAL_B_SPLINE_CURVE((1.,1.00251099844376,1.))
REPRESENTATION_ITEM('')
);
#204=(
BOUNDED_CURVE()
B_SPLINE_CURVE(2,(#3962,#3963,#3964),.UNSPECIFIED.,.F.,.F.)
B_SPLINE_CURVE_WITH_KNOTS((3,3),(0.,0.127438524190822),.UNSPECIFIED.)
CURVE()
GEOMETRIC_REPRESENTATION_ITEM()
RATIONAL_B_SPLINE_CURVE((1.,1.01194792402974,1.))
REPRESENTATION_ITEM('')
);
#205=(
BOUNDED_CURVE()
B_SPLINE_CURVE(2,(#3968,#3969,#3970),.UNSPECIFIED.,.F.,.F.)
B_SPLINE_CURVE_WITH_KNOTS((3,3),(0.,0.127438524190822),.UNSPECIFIED.)
CURVE()
GEOMETRIC_REPRESENTATION_ITEM()
RATIONAL_B_SPLINE_CURVE((1.,1.01194792402974,1.))
REPRESENTATION_ITEM('')
);
#206=(
BOUNDED_CURVE()
B_SPLINE_CURVE(2,(#3972,#3973,#3974),.UNSPECIFIED.,.F.,.F.)
B_SPLINE_CURVE_WITH_KNOTS((3,3),(0.,0.0543165697127086),.UNSPECIFIED.)
CURVE()
GEOMETRIC_REPRESENTATION_ITEM()
RATIONAL_B_SPLINE_CURVE((1.,1.00251099844376,1.))
REPRESENTATION_ITEM('')
);
#207=(
BOUNDED_CURVE()
B_SPLINE_CURVE(2,(#3992,#3993,#3994),.UNSPECIFIED.,.F.,.F.)
B_SPLINE_CURVE_WITH_KNOTS((3,3),(0.,0.0543165697127086),.UNSPECIFIED.)
CURVE()
GEOMETRIC_REPRESENTATION_ITEM()
RATIONAL_B_SPLINE_CURVE((1.,1.00251099844376,1.))
REPRESENTATION_ITEM('')
);
#208=(
BOUNDED_CURVE()
B_SPLINE_CURVE(2,(#3996,#3997,#3998),.UNSPECIFIED.,.F.,.F.)
B_SPLINE_CURVE_WITH_KNOTS((3,3),(0.,0.127438524190822),.UNSPECIFIED.)
CURVE()
GEOMETRIC_REPRESENTATION_ITEM()
RATIONAL_B_SPLINE_CURVE((1.,1.01194792402974,1.))
REPRESENTATION_ITEM('')
);
#209=(
BOUNDED_CURVE()
B_SPLINE_CURVE(2,(#4002,#4003,#4004),.UNSPECIFIED.,.F.,.F.)
B_SPLINE_CURVE_WITH_KNOTS((3,3),(0.,0.127438524190822),.UNSPECIFIED.)
CURVE()
GEOMETRIC_REPRESENTATION_ITEM()
RATIONAL_B_SPLINE_CURVE((1.,1.01194792402974,1.))
REPRESENTATION_ITEM('')
);
#210=(
BOUNDED_CURVE()
B_SPLINE_CURVE(2,(#4006,#4007,#4008),.UNSPECIFIED.,.F.,.F.)
B_SPLINE_CURVE_WITH_KNOTS((3,3),(0.,0.0543165697127086),.UNSPECIFIED.)
CURVE()
GEOMETRIC_REPRESENTATION_ITEM()
RATIONAL_B_SPLINE_CURVE((1.,1.00251099844376,1.))
REPRESENTATION_ITEM('')
);
#211=FACE_OUTER_BOUND('',#347,.T.);
#212=FACE_OUTER_BOUND('',#348,.T.);
#213=FACE_OUTER_BOUND('',#349,.T.);
#214=FACE_OUTER_BOUND('',#350,.T.);
#215=FACE_OUTER_BOUND('',#351,.T.);
#216=FACE_OUTER_BOUND('',#352,.T.);
#217=FACE_OUTER_BOUND('',#353,.T.);
#218=FACE_OUTER_BOUND('',#354,.T.);
#219=FACE_OUTER_BOUND('',#355,.T.);
#220=FACE_OUTER_BOUND('',#356,.T.);
#221=FACE_OUTER_BOUND('',#357,.T.);
#222=FACE_OUTER_BOUND('',#358,.T.);
#223=FACE_OUTER_BOUND('',#359,.T.);
#224=FACE_OUTER_BOUND('',#360,.T.);
#225=FACE_OUTER_BOUND('',#361,.T.);
#226=FACE_OUTER_BOUND('',#362,.T.);
#227=FACE_OUTER_BOUND('',#363,.T.);
#228=FACE_OUTER_BOUND('',#364,.T.);
#229=FACE_OUTER_BOUND('',#365,.T.);
#230=FACE_OUTER_BOUND('',#366,.T.);
#231=FACE_OUTER_BOUND('',#367,.T.);
#232=FACE_OUTER_BOUND('',#368,.T.);
#233=FACE_OUTER_BOUND('',#369,.T.);
#234=FACE_OUTER_BOUND('',#370,.T.);
#235=FACE_OUTER_BOUND('',#371,.T.);
#236=FACE_OUTER_BOUND('',#372,.T.);
#237=FACE_OUTER_BOUND('',#373,.T.);
#238=FACE_OUTER_BOUND('',#374,.T.);
#239=FACE_OUTER_BOUND('',#375,.T.);
#240=FACE_OUTER_BOUND('',#376,.T.);
#241=FACE_OUTER_BOUND('',#377,.T.);
#242=FACE_OUTER_BOUND('',#378,.T.);
#243=FACE_OUTER_BOUND('',#379,.T.);
#244=FACE_OUTER_BOUND('',#380,.T.);
#245=FACE_OUTER_BOUND('',#381,.T.);
#246=FACE_OUTER_BOUND('',#382,.T.);
#247=FACE_OUTER_BOUND('',#383,.T.);
#248=FACE_OUTER_BOUND('',#384,.T.);
#249=FACE_OUTER_BOUND('',#385,.T.);
#250=FACE_OUTER_BOUND('',#386,.T.);
#251=FACE_OUTER_BOUND('',#387,.T.);
#252=FACE_OUTER_BOUND('',#388,.T.);
#253=FACE_OUTER_BOUND('',#389,.T.);
#254=FACE_OUTER_BOUND('',#390,.T.);
#255=FACE_OUTER_BOUND('',#391,.T.);
#256=FACE_OUTER_BOUND('',#392,.T.);
#257=FACE_OUTER_BOUND('',#393,.T.);
#258=FACE_OUTER_BOUND('',#394,.T.);
#259=FACE_OUTER_BOUND('',#395,.T.);
#260=FACE_OUTER_BOUND('',#396,.T.);
#261=FACE_OUTER_BOUND('',#397,.T.);
#262=FACE_OUTER_BOUND('',#398,.T.);
#263=FACE_OUTER_BOUND('',#399,.T.);
#264=FACE_OUTER_BOUND('',#400,.T.);
#265=FACE_OUTER_BOUND('',#401,.T.);
#266=FACE_OUTER_BOUND('',#402,.T.);
#267=FACE_OUTER_BOUND('',#403,.T.);
#268=FACE_OUTER_BOUND('',#404,.T.);
#269=FACE_OUTER_BOUND('',#405,.T.);
#270=FACE_OUTER_BOUND('',#406,.T.);
#271=FACE_OUTER_BOUND('',#407,.T.);
#272=FACE_OUTER_BOUND('',#408,.T.);
#273=FACE_OUTER_BOUND('',#409,.T.);
#274=FACE_OUTER_BOUND('',#410,.T.);
#275=FACE_OUTER_BOUND('',#411,.T.);
#276=FACE_OUTER_BOUND('',#412,.T.);
#277=FACE_OUTER_BOUND('',#413,.T.);
#278=FACE_OUTER_BOUND('',#414,.T.);
#279=FACE_OUTER_BOUND('',#415,.T.);
#280=FACE_OUTER_BOUND('',#416,.T.);
#281=FACE_OUTER_BOUND('',#417,.T.);
#282=FACE_OUTER_BOUND('',#418,.T.);
#283=FACE_OUTER_BOUND('',#419,.T.);
#284=FACE_OUTER_BOUND('',#420,.T.);
#285=FACE_OUTER_BOUND('',#421,.T.);
#286=FACE_OUTER_BOUND('',#422,.T.);
#287=FACE_OUTER_BOUND('',#423,.T.);
#288=FACE_OUTER_BOUND('',#424,.T.);
#289=FACE_OUTER_BOUND('',#426,.T.);
#290=FACE_OUTER_BOUND('',#427,.T.);
#291=FACE_OUTER_BOUND('',#429,.T.);
#292=FACE_OUTER_BOUND('',#430,.T.);
#293=FACE_OUTER_BOUND('',#431,.T.);
#294=FACE_OUTER_BOUND('',#433,.T.);
#295=FACE_OUTER_BOUND('',#434,.T.);
#296=FACE_OUTER_BOUND('',#436,.T.);
#297=FACE_OUTER_BOUND('',#437,.T.);
#298=FACE_OUTER_BOUND('',#438,.T.);
#299=FACE_OUTER_BOUND('',#440,.T.);
#300=FACE_OUTER_BOUND('',#441,.T.);
#301=FACE_OUTER_BOUND('',#443,.T.);
#302=FACE_OUTER_BOUND('',#444,.T.);
#303=FACE_OUTER_BOUND('',#445,.T.);
#304=FACE_OUTER_BOUND('',#447,.T.);
#305=FACE_OUTER_BOUND('',#449,.T.);
#306=FACE_OUTER_BOUND('',#450,.T.);
#307=FACE_OUTER_BOUND('',#451,.T.);
#308=FACE_OUTER_BOUND('',#455,.T.);
#309=FACE_OUTER_BOUND('',#456,.T.);
#310=FACE_OUTER_BOUND('',#457,.T.);
#311=FACE_OUTER_BOUND('',#458,.T.);
#312=FACE_OUTER_BOUND('',#459,.T.);
#313=FACE_OUTER_BOUND('',#460,.T.);
#314=FACE_OUTER_BOUND('',#461,.T.);
#315=FACE_OUTER_BOUND('',#462,.T.);
#316=FACE_OUTER_BOUND('',#463,.T.);
#317=FACE_OUTER_BOUND('',#465,.T.);
#318=FACE_OUTER_BOUND('',#466,.T.);
#319=FACE_OUTER_BOUND('',#468,.T.);
#320=FACE_OUTER_BOUND('',#469,.T.);
#321=FACE_OUTER_BOUND('',#470,.T.);
#322=FACE_OUTER_BOUND('',#475,.T.);
#323=FACE_OUTER_BOUND('',#476,.T.);
#324=FACE_OUTER_BOUND('',#477,.T.);
#325=FACE_OUTER_BOUND('',#478,.T.);
#326=FACE_OUTER_BOUND('',#479,.T.);
#327=FACE_OUTER_BOUND('',#480,.T.);
#328=FACE_OUTER_BOUND('',#481,.T.);
#329=FACE_OUTER_BOUND('',#482,.T.);
#330=FACE_OUTER_BOUND('',#483,.T.);
#331=FACE_OUTER_BOUND('',#484,.T.);
#332=FACE_OUTER_BOUND('',#485,.T.);
#333=FACE_OUTER_BOUND('',#486,.T.);
#334=FACE_OUTER_BOUND('',#487,.T.);
#335=FACE_OUTER_BOUND('',#488,.T.);
#336=FACE_OUTER_BOUND('',#489,.T.);
#337=FACE_OUTER_BOUND('',#490,.T.);
#338=FACE_OUTER_BOUND('',#491,.T.);
#339=FACE_OUTER_BOUND('',#492,.T.);
#340=FACE_OUTER_BOUND('',#493,.T.);
#341=FACE_OUTER_BOUND('',#494,.T.);
#342=FACE_OUTER_BOUND('',#495,.T.);
#343=FACE_OUTER_BOUND('',#496,.T.);
#344=FACE_OUTER_BOUND('',#497,.T.);
#345=FACE_OUTER_BOUND('',#499,.T.);
#346=FACE_OUTER_BOUND('',#500,.T.);
#347=EDGE_LOOP('',(#1599,#1600,#1601,#1602));
#348=EDGE_LOOP('',(#1603,#1604,#1605,#1606));
#349=EDGE_LOOP('',(#1607,#1608,#1609,#1610,#1611,#1612,#1613,#1614));
#350=EDGE_LOOP('',(#1615,#1616,#1617,#1618));
#351=EDGE_LOOP('',(#1619,#1620,#1621,#1622));
#352=EDGE_LOOP('',(#1623,#1624,#1625,#1626));
#353=EDGE_LOOP('',(#1627,#1628,#1629,#1630));
#354=EDGE_LOOP('',(#1631,#1632,#1633,#1634,#1635,#1636,#1637,#1638));
#355=EDGE_LOOP('',(#1639,#1640,#1641,#1642));
#356=EDGE_LOOP('',(#1643,#1644,#1645,#1646));
#357=EDGE_LOOP('',(#1647,#1648,#1649,#1650,#1651,#1652,#1653,#1654));
#358=EDGE_LOOP('',(#1655,#1656,#1657,#1658));
#359=EDGE_LOOP('',(#1659,#1660,#1661,#1662));
#360=EDGE_LOOP('',(#1663,#1664,#1665,#1666));
#361=EDGE_LOOP('',(#1667,#1668,#1669,#1670));
#362=EDGE_LOOP('',(#1671,#1672,#1673,#1674,#1675,#1676,#1677,#1678));
#363=EDGE_LOOP('',(#1679,#1680,#1681,#1682));
#364=EDGE_LOOP('',(#1683,#1684,#1685,#1686));
#365=EDGE_LOOP('',(#1687,#1688,#1689,#1690));
#366=EDGE_LOOP('',(#1691,#1692,#1693,#1694));
#367=EDGE_LOOP('',(#1695,#1696,#1697,#1698,#1699,#1700,#1701,#1702));
#368=EDGE_LOOP('',(#1703,#1704,#1705,#1706));
#369=EDGE_LOOP('',(#1707,#1708,#1709,#1710));
#370=EDGE_LOOP('',(#1711,#1712,#1713,#1714));
#371=EDGE_LOOP('',(#1715,#1716,#1717,#1718));
#372=EDGE_LOOP('',(#1719,#1720,#1721,#1722,#1723,#1724,#1725,#1726));
#373=EDGE_LOOP('',(#1727,#1728,#1729,#1730,#1731,#1732,#1733,#1734));
#374=EDGE_LOOP('',(#1735,#1736,#1737,#1738));
#375=EDGE_LOOP('',(#1739,#1740,#1741,#1742,#1743,#1744,#1745,#1746));
#376=EDGE_LOOP('',(#1747,#1748,#1749,#1750,#1751,#1752,#1753,#1754,#1755,
#1756,#1757,#1758,#1759,#1760));
#377=EDGE_LOOP('',(#1761,#1762,#1763,#1764));
#378=EDGE_LOOP('',(#1765,#1766,#1767,#1768,#1769));
#379=EDGE_LOOP('',(#1770,#1771));
#380=EDGE_LOOP('',(#1772,#1773,#1774,#1775));
#381=EDGE_LOOP('',(#1776,#1777,#1778,#1779));
#382=EDGE_LOOP('',(#1780,#1781));
#383=EDGE_LOOP('',(#1782,#1783));
#384=EDGE_LOOP('',(#1784,#1785,#1786,#1787,#1788,#1789,#1790,#1791,#1792,
#1793,#1794,#1795));
#385=EDGE_LOOP('',(#1796,#1797,#1798,#1799));
#386=EDGE_LOOP('',(#1800,#1801,#1802,#1803,#1804,#1805,#1806,#1807,#1808,
#1809,#1810,#1811));
#387=EDGE_LOOP('',(#1812,#1813,#1814,#1815,#1816,#1817,#1818,#1819,#1820,
#1821,#1822,#1823));
#388=EDGE_LOOP('',(#1824,#1825,#1826,#1827));
#389=EDGE_LOOP('',(#1828,#1829,#1830,#1831,#1832));
#390=EDGE_LOOP('',(#1833,#1834,#1835,#1836));
#391=EDGE_LOOP('',(#1837,#1838,#1839,#1840));
#392=EDGE_LOOP('',(#1841,#1842,#1843,#1844));
#393=EDGE_LOOP('',(#1845,#1846,#1847,#1848));
#394=EDGE_LOOP('',(#1849,#1850));
#395=EDGE_LOOP('',(#1851,#1852,#1853,#1854));
#396=EDGE_LOOP('',(#1855,#1856,#1857,#1858));
#397=EDGE_LOOP('',(#1859,#1860));
#398=EDGE_LOOP('',(#1861,#1862,#1863,#1864,#1865,#1866,#1867,#1868));
#399=EDGE_LOOP('',(#1869,#1870,#1871,#1872));
#400=EDGE_LOOP('',(#1873,#1874,#1875,#1876,#1877,#1878,#1879,#1880));
#401=EDGE_LOOP('',(#1881,#1882,#1883,#1884,#1885,#1886,#1887,#1888,#1889,
#1890,#1891,#1892,#1893,#1894));
#402=EDGE_LOOP('',(#1895,#1896,#1897,#1898));
#403=EDGE_LOOP('',(#1899,#1900,#1901,#1902,#1903));
#404=EDGE_LOOP('',(#1904,#1905));
#405=EDGE_LOOP('',(#1906,#1907,#1908,#1909));
#406=EDGE_LOOP('',(#1910,#1911,#1912,#1913));
#407=EDGE_LOOP('',(#1914,#1915));
#408=EDGE_LOOP('',(#1916,#1917));
#409=EDGE_LOOP('',(#1918,#1919,#1920,#1921,#1922,#1923,#1924,#1925,#1926,
#1927,#1928,#1929));
#410=EDGE_LOOP('',(#1930,#1931,#1932,#1933));
#411=EDGE_LOOP('',(#1934,#1935,#1936,#1937,#1938,#1939,#1940,#1941,#1942,
#1943,#1944,#1945));
#412=EDGE_LOOP('',(#1946,#1947,#1948,#1949,#1950,#1951,#1952,#1953,#1954,
#1955,#1956,#1957));
#413=EDGE_LOOP('',(#1958,#1959,#1960,#1961));
#414=EDGE_LOOP('',(#1962,#1963,#1964,#1965,#1966));
#415=EDGE_LOOP('',(#1967,#1968,#1969,#1970));
#416=EDGE_LOOP('',(#1971,#1972,#1973,#1974));
#417=EDGE_LOOP('',(#1975,#1976,#1977,#1978));
#418=EDGE_LOOP('',(#1979,#1980,#1981,#1982));
#419=EDGE_LOOP('',(#1983,#1984));
#420=EDGE_LOOP('',(#1985,#1986,#1987,#1988));
#421=EDGE_LOOP('',(#1989,#1990,#1991,#1992));
#422=EDGE_LOOP('',(#1993,#1994));
#423=EDGE_LOOP('',(#1995,#1996,#1997,#1998));
#424=EDGE_LOOP('',(#1999));
#425=EDGE_LOOP('',(#2000));
#426=EDGE_LOOP('',(#2001,#2002,#2003,#2004));
#427=EDGE_LOOP('',(#2005));
#428=EDGE_LOOP('',(#2006));
#429=EDGE_LOOP('',(#2007,#2008,#2009,#2010));
#430=EDGE_LOOP('',(#2011,#2012,#2013,#2014));
#431=EDGE_LOOP('',(#2015));
#432=EDGE_LOOP('',(#2016));
#433=EDGE_LOOP('',(#2017,#2018,#2019,#2020));
#434=EDGE_LOOP('',(#2021));
#435=EDGE_LOOP('',(#2022));
#436=EDGE_LOOP('',(#2023,#2024,#2025,#2026));
#437=EDGE_LOOP('',(#2027,#2028,#2029,#2030));
#438=EDGE_LOOP('',(#2031));
#439=EDGE_LOOP('',(#2032));
#440=EDGE_LOOP('',(#2033,#2034,#2035,#2036));
#441=EDGE_LOOP('',(#2037));
#442=EDGE_LOOP('',(#2038));
#443=EDGE_LOOP('',(#2039,#2040,#2041,#2042));
#444=EDGE_LOOP('',(#2043,#2044,#2045,#2046));
#445=EDGE_LOOP('',(#2047,#2048,#2049,#2050,#2051,#2052,#2053,#2054,#2055,
#2056,#2057));
#446=EDGE_LOOP('',(#2058));
#447=EDGE_LOOP('',(#2059,#2060,#2061,#2062,#2063,#2064,#2065,#2066,#2067,
#2068,#2069));
#448=EDGE_LOOP('',(#2070));
#449=EDGE_LOOP('',(#2071,#2072,#2073,#2074,#2075,#2076));
#450=EDGE_LOOP('',(#2077,#2078,#2079,#2080,#2081,#2082));
#451=EDGE_LOOP('',(#2083,#2084,#2085,#2086,#2087,#2088,#2089,#2090,#2091,
#2092,#2093,#2094,#2095,#2096,#2097,#2098,#2099,#2100,#2101,#2102,#2103,
#2104,#2105,#2106,#2107,#2108,#2109));
#452=EDGE_LOOP('',(#2110));
#453=EDGE_LOOP('',(#2111));
#454=EDGE_LOOP('',(#2112,#2113,#2114,#2115,#2116,#2117,#2118,#2119,#2120,
#2121,#2122,#2123));
#455=EDGE_LOOP('',(#2124,#2125,#2126,#2127));
#456=EDGE_LOOP('',(#2128,#2129,#2130,#2131));
#457=EDGE_LOOP('',(#2132,#2133,#2134,#2135));
#458=EDGE_LOOP('',(#2136,#2137,#2138,#2139));
#459=EDGE_LOOP('',(#2140,#2141,#2142,#2143));
#460=EDGE_LOOP('',(#2144,#2145,#2146,#2147));
#461=EDGE_LOOP('',(#2148,#2149,#2150,#2151,#2152,#2153,#2154,#2155));
#462=EDGE_LOOP('',(#2156,#2157,#2158,#2159,#2160,#2161,#2162,#2163));
#463=EDGE_LOOP('',(#2164));
#464=EDGE_LOOP('',(#2165));
#465=EDGE_LOOP('',(#2166,#2167,#2168,#2169,#2170,#2171,#2172));
#466=EDGE_LOOP('',(#2173));
#467=EDGE_LOOP('',(#2174));
#468=EDGE_LOOP('',(#2175,#2176,#2177,#2178));
#469=EDGE_LOOP('',(#2179,#2180,#2181,#2182));
#470=EDGE_LOOP('',(#2183,#2184,#2185,#2186,#2187,#2188,#2189,#2190));
#471=EDGE_LOOP('',(#2191,#2192,#2193,#2194));
#472=EDGE_LOOP('',(#2195,#2196,#2197,#2198));
#473=EDGE_LOOP('',(#2199,#2200,#2201,#2202));
#474=EDGE_LOOP('',(#2203,#2204,#2205,#2206));
#475=EDGE_LOOP('',(#2207,#2208,#2209,#2210));
#476=EDGE_LOOP('',(#2211,#2212,#2213,#2214));
#477=EDGE_LOOP('',(#2215,#2216,#2217,#2218));
#478=EDGE_LOOP('',(#2219,#2220,#2221,#2222));
#479=EDGE_LOOP('',(#2223,#2224,#2225,#2226));
#480=EDGE_LOOP('',(#2227,#2228,#2229,#2230));
#481=EDGE_LOOP('',(#2231,#2232,#2233,#2234));
#482=EDGE_LOOP('',(#2235,#2236,#2237,#2238));
#483=EDGE_LOOP('',(#2239,#2240,#2241,#2242));
#484=EDGE_LOOP('',(#2243,#2244,#2245,#2246,#2247,#2248,#2249,#2250));
#485=EDGE_LOOP('',(#2251,#2252,#2253,#2254));
#486=EDGE_LOOP('',(#2255,#2256,#2257,#2258,#2259,#2260,#2261,#2262));
#487=EDGE_LOOP('',(#2263,#2264,#2265,#2266));
#488=EDGE_LOOP('',(#2267,#2268,#2269,#2270,#2271,#2272));
#489=EDGE_LOOP('',(#2273,#2274,#2275,#2276));
#490=EDGE_LOOP('',(#2277,#2278,#2279,#2280));
#491=EDGE_LOOP('',(#2281,#2282,#2283,#2284,#2285,#2286,#2287,#2288));
#492=EDGE_LOOP('',(#2289,#2290,#2291,#2292,#2293,#2294,#2295,#2296));
#493=EDGE_LOOP('',(#2297,#2298,#2299,#2300));
#494=EDGE_LOOP('',(#2301,#2302,#2303,#2304));
#495=EDGE_LOOP('',(#2305,#2306,#2307,#2308,#2309));
#496=EDGE_LOOP('',(#2310,#2311,#2312,#2313));
#497=EDGE_LOOP('',(#2314,#2315,#2316,#2317,#2318,#2319,#2320,#2321));
#498=EDGE_LOOP('',(#2322,#2323,#2324,#2325,#2326,#2327,#2328,#2329,#2330,
#2331,#2332,#2333));
#499=EDGE_LOOP('',(#2334,#2335,#2336,#2337,#2338));
#500=EDGE_LOOP('',(#2339,#2340,#2341,#2342));
#501=LINE('',#3537,#741);
#502=LINE('',#3539,#742);
#503=LINE('',#3541,#743);
#504=LINE('',#3542,#744);
#505=LINE('',#3546,#745);
#506=LINE('',#3548,#746);
#507=LINE('',#3550,#747);
#508=LINE('',#3551,#748);
#509=LINE('',#3554,#749);
#510=LINE('',#3555,#750);
#511=LINE('',#3557,#751);
#512=LINE('',#3559,#752);
#513=LINE('',#3561,#753);
#514=LINE('',#3562,#754);
#515=LINE('',#3565,#755);
#516=LINE('',#3566,#756);
#517=LINE('',#3569,#757);
#518=LINE('',#3571,#758);
#519=LINE('',#3572,#759);
#520=LINE('',#3575,#760);
#521=LINE('',#3576,#761);
#522=LINE('',#3578,#762);
#523=LINE('',#3580,#763);
#524=LINE('',#3581,#764);
#525=LINE('',#3585,#765);
#526=LINE('',#3587,#766);
#527=LINE('',#3589,#767);
#528=LINE('',#3590,#768);
#529=LINE('',#3594,#769);
#530=LINE('',#3596,#770);
#531=LINE('',#3598,#771);
#532=LINE('',#3599,#772);
#533=LINE('',#3602,#773);
#534=LINE('',#3603,#774);
#535=LINE('',#3605,#775);
#536=LINE('',#3607,#776);
#537=LINE('',#3609,#777);
#538=LINE('',#3610,#778);
#539=LINE('',#3613,#779);
#540=LINE('',#3614,#780);
#541=LINE('',#3617,#781);
#542=LINE('',#3619,#782);
#543=LINE('',#3620,#783);
#544=LINE('',#3623,#784);
#545=LINE('',#3624,#785);
#546=LINE('',#3626,#786);
#547=LINE('',#3628,#787);
#548=LINE('',#3629,#788);
#549=LINE('',#3633,#789);
#550=LINE('',#3635,#790);
#551=LINE('',#3637,#791);
#552=LINE('',#3638,#792);
#553=LINE('',#3641,#793);
#554=LINE('',#3643,#794);
#555=LINE('',#3644,#795);
#556=LINE('',#3647,#796);
#557=LINE('',#3649,#797);
#558=LINE('',#3650,#798);
#559=LINE('',#3652,#799);
#560=LINE('',#3655,#800);
#561=LINE('',#3657,#801);
#562=LINE('',#3659,#802);
#563=LINE('',#3661,#803);
#564=LINE('',#3662,#804);
#565=LINE('',#3666,#805);
#566=LINE('',#3668,#806);
#567=LINE('',#3670,#807);
#568=LINE('',#3671,#808);
#569=LINE('',#3674,#809);
#570=LINE('',#3676,#810);
#571=LINE('',#3677,#811);
#572=LINE('',#3680,#812);
#573=LINE('',#3681,#813);
#574=LINE('',#3684,#814);
#575=LINE('',#3685,#815);
#576=LINE('',#3688,#816);
#577=LINE('',#3690,#817);
#578=LINE('',#3692,#818);
#579=LINE('',#3694,#819);
#580=LINE('',#3695,#820);
#581=LINE('',#3699,#821);
#582=LINE('',#3701,#822);
#583=LINE('',#3703,#823);
#584=LINE('',#3713,#824);
#585=LINE('',#3725,#825);
#586=LINE('',#3729,#826);
#587=LINE('',#3739,#827);
#588=LINE('',#3748,#828);
#589=LINE('',#3757,#829);
#590=LINE('',#3772,#830);
#591=LINE('',#3776,#831);
#592=LINE('',#3778,#832);
#593=LINE('',#3780,#833);
#594=LINE('',#3782,#834);
#595=LINE('',#3784,#835);
#596=LINE('',#3794,#836);
#597=LINE('',#3804,#837);
#598=LINE('',#3805,#838);
#599=LINE('',#3810,#839);
#600=LINE('',#3814,#840);
#601=LINE('',#3816,#841);
#602=LINE('',#3818,#842);
#603=LINE('',#3828,#843);
#604=LINE('',#3838,#844);
#605=LINE('',#3840,#845);
#606=LINE('',#3841,#846);
#607=LINE('',#3846,#847);
#608=LINE('',#3871,#848);
#609=LINE('',#3873,#849);
#610=LINE('',#3875,#850);
#611=LINE('',#3885,#851);
#612=LINE('',#3897,#852);
#613=LINE('',#3901,#853);
#614=LINE('',#3911,#854);
#615=LINE('',#3920,#855);
#616=LINE('',#3929,#856);
#617=LINE('',#3944,#857);
#618=LINE('',#3948,#858);
#619=LINE('',#3950,#859);
#620=LINE('',#3952,#860);
#621=LINE('',#3954,#861);
#622=LINE('',#3956,#862);
#623=LINE('',#3966,#863);
#624=LINE('',#3976,#864);
#625=LINE('',#3977,#865);
#626=LINE('',#3982,#866);
#627=LINE('',#3986,#867);
#628=LINE('',#3988,#868);
#629=LINE('',#3990,#869);
#630=LINE('',#4000,#870);
#631=LINE('',#4010,#871);
#632=LINE('',#4012,#872);
#633=LINE('',#4013,#873);
#634=LINE('',#4018,#874);
#635=LINE('',#4044,#875);
#636=LINE('',#4051,#876);
#637=LINE('',#4058,#877);
#638=LINE('',#4064,#878);
#639=LINE('',#4071,#879);
#640=LINE('',#4078,#880);
#641=LINE('',#4084,#881);
#642=LINE('',#4091,#882);
#643=LINE('',#4097,#883);
#644=LINE('',#4099,#884);
#645=LINE('',#4101,#885);
#646=LINE('',#4102,#886);
#647=LINE('',#4106,#887);
#648=LINE('',#4108,#888);
#649=LINE('',#4110,#889);
#650=LINE('',#4111,#890);
#651=LINE('',#4113,#891);
#652=LINE('',#4114,#892);
#653=LINE('',#4116,#893);
#654=LINE('',#4118,#894);
#655=LINE('',#4120,#895);
#656=LINE('',#4122,#896);
#657=LINE('',#4123,#897);
#658=LINE('',#4126,#898);
#659=LINE('',#4128,#899);
#660=LINE('',#4130,#900);
#661=LINE('',#4132,#901);
#662=LINE('',#4133,#902);
#663=LINE('',#4134,#903);
#664=LINE('',#4135,#904);
#665=LINE('',#4138,#905);
#666=LINE('',#4139,#906);
#667=LINE('',#4142,#907);
#668=LINE('',#4143,#908);
#669=LINE('',#4147,#909);
#670=LINE('',#4151,#910);
#671=LINE('',#4155,#911);
#672=LINE('',#4159,#912);
#673=LINE('',#4163,#913);
#674=LINE('',#4169,#914);
#675=LINE('',#4173,#915);
#676=LINE('',#4179,#916);
#677=LINE('',#4183,#917);
#678=LINE('',#4187,#918);
#679=LINE('',#4193,#919);
#680=LINE('',#4197,#920);
#681=LINE('',#4199,#921);
#682=LINE('',#4201,#922);
#683=LINE('',#4203,#923);
#684=LINE('',#4205,#924);
#685=LINE('',#4207,#925);
#686=LINE('',#4209,#926);
#687=LINE('',#4211,#927);
#688=LINE('',#4212,#928);
#689=LINE('',#4214,#929);
#690=LINE('',#4215,#930);
#691=LINE('',#4217,#931);
#692=LINE('',#4218,#932);
#693=LINE('',#4220,#933);
#694=LINE('',#4223,#934);
#695=LINE('',#4226,#935);
#696=LINE('',#4228,#936);
#697=LINE('',#4239,#937);
#698=LINE('',#4243,#938);
#699=LINE('',#4246,#939);
#700=LINE('',#4254,#940);
#701=LINE('',#4255,#941);
#702=LINE('',#4258,#942);
#703=LINE('',#4260,#943);
#704=LINE('',#4262,#944);
#705=LINE('',#4263,#945);
#706=LINE('',#4266,#946);
#707=LINE('',#4270,#947);
#708=LINE('',#4274,#948);
#709=LINE('',#4277,#949);
#710=LINE('',#4279,#950);
#711=LINE('',#4280,#951);
#712=LINE('',#4282,#952);
#713=LINE('',#4284,#953);
#714=LINE('',#4286,#954);
#715=LINE('',#4289,#955);
#716=LINE('',#4290,#956);
#717=LINE('',#4292,#957);
#718=LINE('',#4294,#958);
#719=LINE('',#4295,#959);
#720=LINE('',#4298,#960);
#721=LINE('',#4300,#961);
#722=LINE('',#4301,#962);
#723=LINE('',#4306,#963);
#724=LINE('',#4307,#964);
#725=LINE('',#4310,#965);
#726=LINE('',#4312,#966);
#727=LINE('',#4314,#967);
#728=LINE('',#4315,#968);
#729=LINE('',#4316,#969);
#730=LINE('',#4320,#970);
#731=LINE('',#4325,#971);
#732=LINE('',#4326,#972);
#733=LINE('',#4328,#973);
#734=LINE('',#4330,#974);
#735=LINE('',#4332,#975);
#736=LINE('',#4334,#976);
#737=LINE('',#4335,#977);
#738=LINE('',#4340,#978);
#739=LINE('',#4345,#979);
#740=LINE('',#4349,#980);
#741=VECTOR('',#2823,10.);
#742=VECTOR('',#2824,10.);
#743=VECTOR('',#2825,10.);
#744=VECTOR('',#2826,10.);
#745=VECTOR('',#2829,10.);
#746=VECTOR('',#2830,10.);
#747=VECTOR('',#2831,10.);
#748=VECTOR('',#2832,10.);
#749=VECTOR('',#2835,10.);
#750=VECTOR('',#2836,10.);
#751=VECTOR('',#2837,10.);
#752=VECTOR('',#2838,10.);
#753=VECTOR('',#2839,10.);
#754=VECTOR('',#2840,10.);
#755=VECTOR('',#2843,10.);
#756=VECTOR('',#2844,10.);
#757=VECTOR('',#2847,10.);
#758=VECTOR('',#2848,10.);
#759=VECTOR('',#2849,10.);
#760=VECTOR('',#2852,10.);
#761=VECTOR('',#2853,10.);
#762=VECTOR('',#2856,10.);
#763=VECTOR('',#2859,10.);
#764=VECTOR('',#2860,10.);
#765=VECTOR('',#2863,10.);
#766=VECTOR('',#2864,10.);
#767=VECTOR('',#2865,10.);
#768=VECTOR('',#2866,10.);
#769=VECTOR('',#2869,10.);
#770=VECTOR('',#2870,10.);
#771=VECTOR('',#2871,10.);
#772=VECTOR('',#2872,10.);
#773=VECTOR('',#2875,10.);
#774=VECTOR('',#2876,10.);
#775=VECTOR('',#2877,10.);
#776=VECTOR('',#2878,10.);
#777=VECTOR('',#2879,10.);
#778=VECTOR('',#2880,10.);
#779=VECTOR('',#2883,10.);
#780=VECTOR('',#2884,10.);
#781=VECTOR('',#2887,10.);
#782=VECTOR('',#2888,10.);
#783=VECTOR('',#2889,10.);
#784=VECTOR('',#2892,10.);
#785=VECTOR('',#2893,10.);
#786=VECTOR('',#2896,10.);
#787=VECTOR('',#2899,10.);
#788=VECTOR('',#2900,10.);
#789=VECTOR('',#2903,10.);
#790=VECTOR('',#2904,10.);
#791=VECTOR('',#2905,10.);
#792=VECTOR('',#2906,10.);
#793=VECTOR('',#2909,10.);
#794=VECTOR('',#2910,10.);
#795=VECTOR('',#2911,10.);
#796=VECTOR('',#2914,10.);
#797=VECTOR('',#2915,10.);
#798=VECTOR('',#2916,10.);
#799=VECTOR('',#2919,10.);
#800=VECTOR('',#2922,10.);
#801=VECTOR('',#2923,10.);
#802=VECTOR('',#2924,10.);
#803=VECTOR('',#2925,10.);
#804=VECTOR('',#2926,10.);
#805=VECTOR('',#2929,10.);
#806=VECTOR('',#2930,10.);
#807=VECTOR('',#2931,10.);
#808=VECTOR('',#2932,10.);
#809=VECTOR('',#2935,10.);
#810=VECTOR('',#2936,10.);
#811=VECTOR('',#2937,10.);
#812=VECTOR('',#2940,10.);
#813=VECTOR('',#2941,10.);
#814=VECTOR('',#2944,10.);
#815=VECTOR('',#2945,10.);
#816=VECTOR('',#2948,10.);
#817=VECTOR('',#2949,10.);
#818=VECTOR('',#2950,10.);
#819=VECTOR('',#2951,10.);
#820=VECTOR('',#2952,10.);
#821=VECTOR('',#2955,10.);
#822=VECTOR('',#2956,10.);
#823=VECTOR('',#2957,10.);
#824=VECTOR('',#2958,10.);
#825=VECTOR('',#2963,10.);
#826=VECTOR('',#2968,10.);
#827=VECTOR('',#2969,10.);
#828=VECTOR('',#2970,10.);
#829=VECTOR('',#2979,1.4);
#830=VECTOR('',#3008,10.);
#831=VECTOR('',#3011,10.);
#832=VECTOR('',#3012,10.);
#833=VECTOR('',#3013,10.);
#834=VECTOR('',#3014,10.);
#835=VECTOR('',#3015,10.);
#836=VECTOR('',#3016,10.);
#837=VECTOR('',#3017,10.);
#838=VECTOR('',#3018,10.);
#839=VECTOR('',#3023,10.);
#840=VECTOR('',#3028,10.);
#841=VECTOR('',#3029,10.);
#842=VECTOR('',#3030,10.);
#843=VECTOR('',#3031,10.);
#844=VECTOR('',#3032,10.);
#845=VECTOR('',#3033,10.);
#846=VECTOR('',#3034,10.);
#847=VECTOR('',#3039,1.85);
#848=VECTOR('',#3084,10.);
#849=VECTOR('',#3085,10.);
#850=VECTOR('',#3086,10.);
#851=VECTOR('',#3087,10.);
#852=VECTOR('',#3092,10.);
#853=VECTOR('',#3097,10.);
#854=VECTOR('',#3098,10.);
#855=VECTOR('',#3099,10.);
#856=VECTOR('',#3108,1.4);
#857=VECTOR('',#3137,10.);
#858=VECTOR('',#3140,10.);
#859=VECTOR('',#3141,10.);
#860=VECTOR('',#3142,10.);
#861=VECTOR('',#3143,10.);
#862=VECTOR('',#3144,10.);
#863=VECTOR('',#3145,10.);
#864=VECTOR('',#3146,10.);
#865=VECTOR('',#3147,10.);
#866=VECTOR('',#3152,10.);
#867=VECTOR('',#3157,10.);
#868=VECTOR('',#3158,10.);
#869=VECTOR('',#3159,10.);
#870=VECTOR('',#3160,10.);
#871=VECTOR('',#3161,10.);
#872=VECTOR('',#3162,10.);
#873=VECTOR('',#3163,10.);
#874=VECTOR('',#3168,1.85);
#875=VECTOR('',#3215,2.);
#876=VECTOR('',#3224,2.);
#877=VECTOR('',#3233,1.1);
#878=VECTOR('',#3240,1.6);
#879=VECTOR('',#3249,2.);
#880=VECTOR('',#3258,1.1);
#881=VECTOR('',#3265,1.6);
#882=VECTOR('',#3274,2.);
#883=VECTOR('',#3281,10.);
#884=VECTOR('',#3282,10.);
#885=VECTOR('',#3283,10.);
#886=VECTOR('',#3284,10.);
#887=VECTOR('',#3287,10.);
#888=VECTOR('',#3288,10.);
#889=VECTOR('',#3289,10.);
#890=VECTOR('',#3290,10.);
#891=VECTOR('',#3293,10.);
#892=VECTOR('',#3294,10.);
#893=VECTOR('',#3295,10.);
#894=VECTOR('',#3296,10.);
#895=VECTOR('',#3297,10.);
#896=VECTOR('',#3298,10.);
#897=VECTOR('',#3299,10.);
#898=VECTOR('',#3302,10.);
#899=VECTOR('',#3303,10.);
#900=VECTOR('',#3304,10.);
#901=VECTOR('',#3305,10.);
#902=VECTOR('',#3306,10.);
#903=VECTOR('',#3307,10.);
#904=VECTOR('',#3308,10.);
#905=VECTOR('',#3311,10.);
#906=VECTOR('',#3312,10.);
#907=VECTOR('',#3315,10.);
#908=VECTOR('',#3316,10.);
#909=VECTOR('',#3319,10.);
#910=VECTOR('',#3322,10.);
#911=VECTOR('',#3325,10.);
#912=VECTOR('',#3328,10.);
#913=VECTOR('',#3331,10.);
#914=VECTOR('',#3336,10.);
#915=VECTOR('',#3339,10.);
#916=VECTOR('',#3344,10.);
#917=VECTOR('',#3347,10.);
#918=VECTOR('',#3350,10.);
#919=VECTOR('',#3355,10.);
#920=VECTOR('',#3358,10.);
#921=VECTOR('',#3361,10.);
#922=VECTOR('',#3362,10.);
#923=VECTOR('',#3363,10.);
#924=VECTOR('',#3364,10.);
#925=VECTOR('',#3365,10.);
#926=VECTOR('',#3366,10.);
#927=VECTOR('',#3367,10.);
#928=VECTOR('',#3368,10.);
#929=VECTOR('',#3371,10.);
#930=VECTOR('',#3372,10.);
#931=VECTOR('',#3375,10.);
#932=VECTOR('',#3376,10.);
#933=VECTOR('',#3379,10.);
#934=VECTOR('',#3384,10.);
#935=VECTOR('',#3389,10.);
#936=VECTOR('',#3392,10.);
#937=VECTOR('',#3403,10.);
#938=VECTOR('',#3406,10.);
#939=VECTOR('',#3409,10.);
#940=VECTOR('',#3418,10.);
#941=VECTOR('',#3419,10.);
#942=VECTOR('',#3422,10.);
#943=VECTOR('',#3423,10.);
#944=VECTOR('',#3424,10.);
#945=VECTOR('',#3425,10.);
#946=VECTOR('',#3428,10.);
#947=VECTOR('',#3431,10.);
#948=VECTOR('',#3434,10.);
#949=VECTOR('',#3439,10.);
#950=VECTOR('',#3442,10.);
#951=VECTOR('',#3443,10.);
#952=VECTOR('',#3446,10.);
#953=VECTOR('',#3449,10.);
#954=VECTOR('',#3452,10.);
#955=VECTOR('',#3457,10.);
#956=VECTOR('',#3458,10.);
#957=VECTOR('',#3461,10.);
#958=VECTOR('',#3464,10.);
#959=VECTOR('',#3465,10.);
#960=VECTOR('',#3468,10.);
#961=VECTOR('',#3469,10.);
#962=VECTOR('',#3470,10.);
#963=VECTOR('',#3475,10.);
#964=VECTOR('',#3476,10.);
#965=VECTOR('',#3479,10.);
#966=VECTOR('',#3480,10.);
#967=VECTOR('',#3481,10.);
#968=VECTOR('',#3482,10.);
#969=VECTOR('',#3483,10.);
#970=VECTOR('',#3488,10.);
#971=VECTOR('',#3493,10.);
#972=VECTOR('',#3494,10.);
#973=VECTOR('',#3497,10.);
#974=VECTOR('',#3500,10.);
#975=VECTOR('',#3503,3.75);
#976=VECTOR('',#3506,10.);
#977=VECTOR('',#3507,3.75);
#978=VECTOR('',#3514,10.);
#979=VECTOR('',#3521,10.);
#980=VECTOR('',#3528,10.);
#981=VERTEX_POINT('',#3535);
#982=VERTEX_POINT('',#3536);
#983=VERTEX_POINT('',#3538);
#984=VERTEX_POINT('',#3540);
#985=VERTEX_POINT('',#3544);
#986=VERTEX_POINT('',#3545);
#987=VERTEX_POINT('',#3547);
#988=VERTEX_POINT('',#3549);
#989=VERTEX_POINT('',#3553);
#990=VERTEX_POINT('',#3556);
#991=VERTEX_POINT('',#3558);
#992=VERTEX_POINT('',#3560);
#993=VERTEX_POINT('',#3564);
#994=VERTEX_POINT('',#3568);
#995=VERTEX_POINT('',#3570);
#996=VERTEX_POINT('',#3574);
#997=VERTEX_POINT('',#3583);
#998=VERTEX_POINT('',#3584);
#999=VERTEX_POINT('',#3586);
#1000=VERTEX_POINT('',#3588);
#1001=VERTEX_POINT('',#3592);
#1002=VERTEX_POINT('',#3593);
#1003=VERTEX_POINT('',#3595);
#1004=VERTEX_POINT('',#3597);
#1005=VERTEX_POINT('',#3601);
#1006=VERTEX_POINT('',#3604);
#1007=VERTEX_POINT('',#3606);
#1008=VERTEX_POINT('',#3608);
#1009=VERTEX_POINT('',#3612);
#1010=VERTEX_POINT('',#3616);
#1011=VERTEX_POINT('',#3618);
#1012=VERTEX_POINT('',#3622);
#1013=VERTEX_POINT('',#3631);
#1014=VERTEX_POINT('',#3632);
#1015=VERTEX_POINT('',#3634);
#1016=VERTEX_POINT('',#3636);
#1017=VERTEX_POINT('',#3640);
#1018=VERTEX_POINT('',#3642);
#1019=VERTEX_POINT('',#3646);
#1020=VERTEX_POINT('',#3648);
#1021=VERTEX_POINT('',#3654);
#1022=VERTEX_POINT('',#3656);
#1023=VERTEX_POINT('',#3658);
#1024=VERTEX_POINT('',#3660);
#1025=VERTEX_POINT('',#3664);
#1026=VERTEX_POINT('',#3665);
#1027=VERTEX_POINT('',#3667);
#1028=VERTEX_POINT('',#3669);
#1029=VERTEX_POINT('',#3673);
#1030=VERTEX_POINT('',#3675);
#1031=VERTEX_POINT('',#3679);
#1032=VERTEX_POINT('',#3683);
#1033=VERTEX_POINT('',#3687);
#1034=VERTEX_POINT('',#3689);
#1035=VERTEX_POINT('',#3691);
#1036=VERTEX_POINT('',#3693);
#1037=VERTEX_POINT('',#3697);
#1038=VERTEX_POINT('',#3698);
#1039=VERTEX_POINT('',#3700);
#1040=VERTEX_POINT('',#3702);
#1041=VERTEX_POINT('',#3704);
#1042=VERTEX_POINT('',#3708);
#1043=VERTEX_POINT('',#3712);
#1044=VERTEX_POINT('',#3714);
#1045=VERTEX_POINT('',#3722);
#1046=VERTEX_POINT('',#3724);
#1047=VERTEX_POINT('',#3728);
#1048=VERTEX_POINT('',#3730);
#1049=VERTEX_POINT('',#3734);
#1050=VERTEX_POINT('',#3738);
#1051=VERTEX_POINT('',#3740);
#1052=VERTEX_POINT('',#3744);
#1053=VERTEX_POINT('',#3750);
#1054=VERTEX_POINT('',#3751);
#1055=VERTEX_POINT('',#3753);
#1056=VERTEX_POINT('',#3756);
#1057=VERTEX_POINT('',#3774);
#1058=VERTEX_POINT('',#3775);
#1059=VERTEX_POINT('',#3777);
#1060=VERTEX_POINT('',#3779);
#1061=VERTEX_POINT('',#3781);
#1062=VERTEX_POINT('',#3783);
#1063=VERTEX_POINT('',#3785);
#1064=VERTEX_POINT('',#3789);
#1065=VERTEX_POINT('',#3793);
#1066=VERTEX_POINT('',#3795);
#1067=VERTEX_POINT('',#3799);
#1068=VERTEX_POINT('',#3803);
#1069=VERTEX_POINT('',#3807);
#1070=VERTEX_POINT('',#3809);
#1071=VERTEX_POINT('',#3813);
#1072=VERTEX_POINT('',#3815);
#1073=VERTEX_POINT('',#3817);
#1074=VERTEX_POINT('',#3819);
#1075=VERTEX_POINT('',#3823);
#1076=VERTEX_POINT('',#3827);
#1077=VERTEX_POINT('',#3829);
#1078=VERTEX_POINT('',#3833);
#1079=VERTEX_POINT('',#3837);
#1080=VERTEX_POINT('',#3839);
#1081=VERTEX_POINT('',#3843);
#1082=VERTEX_POINT('',#3845);
#1083=VERTEX_POINT('',#3869);
#1084=VERTEX_POINT('',#3870);
#1085=VERTEX_POINT('',#3872);
#1086=VERTEX_POINT('',#3874);
#1087=VERTEX_POINT('',#3876);
#1088=VERTEX_POINT('',#3880);
#1089=VERTEX_POINT('',#3884);
#1090=VERTEX_POINT('',#3886);
#1091=VERTEX_POINT('',#3894);
#1092=VERTEX_POINT('',#3896);
#1093=VERTEX_POINT('',#3900);
#1094=VERTEX_POINT('',#3902);
#1095=VERTEX_POINT('',#3906);
#1096=VERTEX_POINT('',#3910);
#1097=VERTEX_POINT('',#3912);
#1098=VERTEX_POINT('',#3916);
#1099=VERTEX_POINT('',#3922);
#1100=VERTEX_POINT('',#3923);
#1101=VERTEX_POINT('',#3925);
#1102=VERTEX_POINT('',#3928);
#1103=VERTEX_POINT('',#3946);
#1104=VERTEX_POINT('',#3947);
#1105=VERTEX_POINT('',#3949);
#1106=VERTEX_POINT('',#3951);
#1107=VERTEX_POINT('',#3953);
#1108=VERTEX_POINT('',#3955);
#1109=VERTEX_POINT('',#3957);
#1110=VERTEX_POINT('',#3961);
#1111=VERTEX_POINT('',#3965);
#1112=VERTEX_POINT('',#3967);
#1113=VERTEX_POINT('',#3971);
#1114=VERTEX_POINT('',#3975);
#1115=VERTEX_POINT('',#3979);
#1116=VERTEX_POINT('',#3981);
#1117=VERTEX_POINT('',#3985);
#1118=VERTEX_POINT('',#3987);
#1119=VERTEX_POINT('',#3989);
#1120=VERTEX_POINT('',#3991);
#1121=VERTEX_POINT('',#3995);
#1122=VERTEX_POINT('',#3999);
#1123=VERTEX_POINT('',#4001);
#1124=VERTEX_POINT('',#4005);
#1125=VERTEX_POINT('',#4009);
#1126=VERTEX_POINT('',#4011);
#1127=VERTEX_POINT('',#4015);
#1128=VERTEX_POINT('',#4017);
#1129=VERTEX_POINT('',#4041);
#1130=VERTEX_POINT('',#4043);
#1131=VERTEX_POINT('',#4048);
#1132=VERTEX_POINT('',#4050);
#1133=VERTEX_POINT('',#4055);
#1134=VERTEX_POINT('',#4057);
#1135=VERTEX_POINT('',#4061);
#1136=VERTEX_POINT('',#4063);
#1137=VERTEX_POINT('',#4068);
#1138=VERTEX_POINT('',#4070);
#1139=VERTEX_POINT('',#4075);
#1140=VERTEX_POINT('',#4077);
#1141=VERTEX_POINT('',#4081);
#1142=VERTEX_POINT('',#4083);
#1143=VERTEX_POINT('',#4088);
#1144=VERTEX_POINT('',#4090);
#1145=VERTEX_POINT('',#4095);
#1146=VERTEX_POINT('',#4096);
#1147=VERTEX_POINT('',#4098);
#1148=VERTEX_POINT('',#4100);
#1149=VERTEX_POINT('',#4104);
#1150=VERTEX_POINT('',#4105);
#1151=VERTEX_POINT('',#4107);
#1152=VERTEX_POINT('',#4109);
#1153=VERTEX_POINT('',#4115);
#1154=VERTEX_POINT('',#4117);
#1155=VERTEX_POINT('',#4119);
#1156=VERTEX_POINT('',#4121);
#1157=VERTEX_POINT('',#4125);
#1158=VERTEX_POINT('',#4127);
#1159=VERTEX_POINT('',#4129);
#1160=VERTEX_POINT('',#4131);
#1161=VERTEX_POINT('',#4137);
#1162=VERTEX_POINT('',#4141);
#1163=VERTEX_POINT('',#4145);
#1164=VERTEX_POINT('',#4146);
#1165=VERTEX_POINT('',#4148);
#1166=VERTEX_POINT('',#4150);
#1167=VERTEX_POINT('',#4152);
#1168=VERTEX_POINT('',#4154);
#1169=VERTEX_POINT('',#4156);
#1170=VERTEX_POINT('',#4158);
#1171=VERTEX_POINT('',#4160);
#1172=VERTEX_POINT('',#4162);
#1173=VERTEX_POINT('',#4164);
#1174=VERTEX_POINT('',#4166);
#1175=VERTEX_POINT('',#4168);
#1176=VERTEX_POINT('',#4170);
#1177=VERTEX_POINT('',#4172);
#1178=VERTEX_POINT('',#4174);
#1179=VERTEX_POINT('',#4176);
#1180=VERTEX_POINT('',#4178);
#1181=VERTEX_POINT('',#4180);
#1182=VERTEX_POINT('',#4182);
#1183=VERTEX_POINT('',#4184);
#1184=VERTEX_POINT('',#4186);
#1185=VERTEX_POINT('',#4188);
#1186=VERTEX_POINT('',#4190);
#1187=VERTEX_POINT('',#4192);
#1188=VERTEX_POINT('',#4194);
#1189=VERTEX_POINT('',#4196);
#1190=VERTEX_POINT('',#4200);
#1191=VERTEX_POINT('',#4202);
#1192=VERTEX_POINT('',#4204);
#1193=VERTEX_POINT('',#4206);
#1194=VERTEX_POINT('',#4208);
#1195=VERTEX_POINT('',#4210);
#1196=VERTEX_POINT('',#4230);
#1197=VERTEX_POINT('',#4233);
#1198=VERTEX_POINT('',#4234);
#1199=VERTEX_POINT('',#4236);
#1200=VERTEX_POINT('',#4238);
#1201=VERTEX_POINT('',#4240);
#1202=VERTEX_POINT('',#4242);
#1203=VERTEX_POINT('',#4244);
#1204=VERTEX_POINT('',#4248);
#1205=VERTEX_POINT('',#4251);
#1206=VERTEX_POINT('',#4252);
#1207=VERTEX_POINT('',#4257);
#1208=VERTEX_POINT('',#4259);
#1209=VERTEX_POINT('',#4261);
#1210=VERTEX_POINT('',#4265);
#1211=VERTEX_POINT('',#4267);
#1212=VERTEX_POINT('',#4269);
#1213=VERTEX_POINT('',#4271);
#1214=VERTEX_POINT('',#4273);
#1215=VERTEX_POINT('',#4297);
#1216=VERTEX_POINT('',#4299);
#1217=VERTEX_POINT('',#4303);
#1218=VERTEX_POINT('',#4304);
#1219=VERTEX_POINT('',#4309);
#1220=VERTEX_POINT('',#4311);
#1221=VERTEX_POINT('',#4313);
#1222=VERTEX_POINT('',#4318);
#1223=VERTEX_POINT('',#4322);
#1224=VERTEX_POINT('',#4323);
#1225=VERTEX_POINT('',#4338);
#1226=VERTEX_POINT('',#4344);
#1227=EDGE_CURVE('',#981,#982,#501,.T.);
#1228=EDGE_CURVE('',#981,#983,#502,.T.);
#1229=EDGE_CURVE('',#984,#983,#503,.T.);
#1230=EDGE_CURVE('',#984,#982,#504,.T.);
#1231=EDGE_CURVE('',#985,#986,#505,.T.);
#1232=EDGE_CURVE('',#987,#985,#506,.T.);
#1233=EDGE_CURVE('',#988,#987,#507,.T.);
#1234=EDGE_CURVE('',#988,#986,#508,.T.);
#1235=EDGE_CURVE('',#989,#981,#509,.T.);
#1236=EDGE_CURVE('',#987,#989,#510,.T.);
#1237=EDGE_CURVE('',#990,#985,#511,.T.);
#1238=EDGE_CURVE('',#991,#990,#512,.T.);
#1239=EDGE_CURVE('',#992,#991,#513,.T.);
#1240=EDGE_CURVE('',#992,#983,#514,.T.);
#1241=EDGE_CURVE('',#993,#982,#515,.T.);
#1242=EDGE_CURVE('',#989,#993,#516,.T.);
#1243=EDGE_CURVE('',#994,#990,#517,.T.);
#1244=EDGE_CURVE('',#995,#994,#518,.T.);
#1245=EDGE_CURVE('',#991,#995,#519,.T.);
#1246=EDGE_CURVE('',#996,#992,#520,.T.);
#1247=EDGE_CURVE('',#996,#984,#521,.T.);
#1248=EDGE_CURVE('',#986,#994,#522,.T.);
#1249=EDGE_CURVE('',#993,#988,#523,.T.);
#1250=EDGE_CURVE('',#995,#996,#524,.T.);
#1251=EDGE_CURVE('',#997,#998,#525,.T.);
#1252=EDGE_CURVE('',#997,#999,#526,.T.);
#1253=EDGE_CURVE('',#1000,#999,#527,.T.);
#1254=EDGE_CURVE('',#1000,#998,#528,.T.);
#1255=EDGE_CURVE('',#1001,#1002,#529,.T.);
#1256=EDGE_CURVE('',#1003,#1001,#530,.T.);
#1257=EDGE_CURVE('',#1004,#1003,#531,.T.);
#1258=EDGE_CURVE('',#1004,#1002,#532,.T.);
#1259=EDGE_CURVE('',#1005,#997,#533,.T.);
#1260=EDGE_CURVE('',#1003,#1005,#534,.T.);
#1261=EDGE_CURVE('',#1006,#1001,#535,.T.);
#1262=EDGE_CURVE('',#1007,#1006,#536,.T.);
#1263=EDGE_CURVE('',#1008,#1007,#537,.T.);
#1264=EDGE_CURVE('',#1008,#999,#538,.T.);
#1265=EDGE_CURVE('',#1009,#998,#539,.T.);
#1266=EDGE_CURVE('',#1005,#1009,#540,.T.);
#1267=EDGE_CURVE('',#1010,#1006,#541,.T.);
#1268=EDGE_CURVE('',#1011,#1010,#542,.T.);
#1269=EDGE_CURVE('',#1007,#1011,#543,.T.);
#1270=EDGE_CURVE('',#1012,#1008,#544,.T.);
#1271=EDGE_CURVE('',#1012,#1000,#545,.T.);
#1272=EDGE_CURVE('',#1002,#1010,#546,.T.);
#1273=EDGE_CURVE('',#1009,#1004,#547,.T.);
#1274=EDGE_CURVE('',#1011,#1012,#548,.T.);
#1275=EDGE_CURVE('',#1013,#1014,#549,.T.);
#1276=EDGE_CURVE('',#1015,#1013,#550,.T.);
#1277=EDGE_CURVE('',#1016,#1015,#551,.T.);
#1278=EDGE_CURVE('',#1014,#1016,#552,.T.);
#1279=EDGE_CURVE('',#1015,#1017,#553,.T.);
#1280=EDGE_CURVE('',#1013,#1018,#554,.T.);
#1281=EDGE_CURVE('',#1017,#1018,#555,.T.);
#1282=EDGE_CURVE('',#1014,#1019,#556,.T.);
#1283=EDGE_CURVE('',#1020,#1016,#557,.T.);
#1284=EDGE_CURVE('',#1019,#1020,#558,.T.);
#1285=EDGE_CURVE('',#1018,#1019,#559,.T.);
#1286=EDGE_CURVE('',#1021,#1017,#560,.T.);
#1287=EDGE_CURVE('',#1022,#1021,#561,.T.);
#1288=EDGE_CURVE('',#1022,#1023,#562,.T.);
#1289=EDGE_CURVE('',#1023,#1024,#563,.T.);
#1290=EDGE_CURVE('',#1020,#1024,#564,.T.);
#1291=EDGE_CURVE('',#1025,#1026,#565,.T.);
#1292=EDGE_CURVE('',#1027,#1025,#566,.T.);
#1293=EDGE_CURVE('',#1028,#1027,#567,.T.);
#1294=EDGE_CURVE('',#1026,#1028,#568,.T.);
#1295=EDGE_CURVE('',#1027,#1029,#569,.T.);
#1296=EDGE_CURVE('',#1030,#1025,#570,.T.);
#1297=EDGE_CURVE('',#1029,#1030,#571,.T.);
#1298=EDGE_CURVE('',#1028,#1031,#572,.T.);
#1299=EDGE_CURVE('',#1031,#1029,#573,.T.);
#1300=EDGE_CURVE('',#1026,#1032,#574,.T.);
#1301=EDGE_CURVE('',#1032,#1031,#575,.T.);
#1302=EDGE_CURVE('',#1033,#1032,#576,.T.);
#1303=EDGE_CURVE('',#1034,#1033,#577,.T.);
#1304=EDGE_CURVE('',#1034,#1035,#578,.T.);
#1305=EDGE_CURVE('',#1035,#1036,#579,.T.);
#1306=EDGE_CURVE('',#1030,#1036,#580,.T.);
#1307=EDGE_CURVE('',#1037,#1038,#581,.T.);
#1308=EDGE_CURVE('',#1037,#1039,#582,.T.);
#1309=EDGE_CURVE('',#1040,#1039,#583,.T.);
#1310=EDGE_CURVE('',#1041,#1040,#179,.T.);
#1311=EDGE_CURVE('',#1042,#1041,#180,.T.);
#1312=EDGE_CURVE('',#1043,#1042,#584,.T.);
#1313=EDGE_CURVE('',#1044,#1043,#181,.T.);
#1314=EDGE_CURVE('',#1038,#1044,#182,.T.);
#1315=EDGE_CURVE('',#1045,#1037,#79,.T.);
#1316=EDGE_CURVE('',#1046,#1045,#585,.T.);
#1317=EDGE_CURVE('',#1039,#1046,#80,.T.);
#1318=EDGE_CURVE('',#1047,#1045,#586,.T.);
#1319=EDGE_CURVE('',#1048,#1047,#183,.T.);
#1320=EDGE_CURVE('',#1049,#1048,#184,.T.);
#1321=EDGE_CURVE('',#1050,#1049,#587,.T.);
#1322=EDGE_CURVE('',#1051,#1050,#185,.T.);
#1323=EDGE_CURVE('',#1052,#1051,#186,.T.);
#1324=EDGE_CURVE('',#1046,#1052,#588,.T.);
#1325=EDGE_CURVE('',#1053,#1054,#81,.T.);
#1326=EDGE_CURVE('',#1055,#1053,#82,.T.);
#1327=EDGE_CURVE('',#1054,#1055,#83,.T.);
#1328=EDGE_CURVE('',#1054,#1056,#589,.T.);
#1329=EDGE_CURVE('',#1047,#1056,#84,.T.);
#1330=EDGE_CURVE('',#1040,#1038,#85,.T.);
#1331=EDGE_CURVE('',#1056,#1052,#86,.T.);
#1332=EDGE_CURVE('',#1041,#1044,#87,.T.);
#1333=EDGE_CURVE('',#1048,#1051,#88,.T.);
#1334=EDGE_CURVE('',#1042,#1043,#89,.T.);
#1335=EDGE_CURVE('',#1049,#1050,#90,.T.);
#1336=EDGE_CURVE('',#1053,#1055,#590,.T.);
#1337=EDGE_CURVE('',#1057,#1058,#591,.T.);
#1338=EDGE_CURVE('',#1057,#1059,#592,.T.);
#1339=EDGE_CURVE('',#1060,#1059,#593,.T.);
#1340=EDGE_CURVE('',#1061,#1060,#594,.T.);
#1341=EDGE_CURVE('',#1062,#1061,#595,.T.);
#1342=EDGE_CURVE('',#1063,#1062,#187,.T.);
#1343=EDGE_CURVE('',#1064,#1063,#188,.T.);
#1344=EDGE_CURVE('',#1065,#1064,#596,.T.);
#1345=EDGE_CURVE('',#1066,#1065,#189,.T.);
#1346=EDGE_CURVE('',#1067,#1066,#190,.T.);
#1347=EDGE_CURVE('',#1068,#1067,#597,.T.);
#1348=EDGE_CURVE('',#1058,#1068,#598,.T.);
#1349=EDGE_CURVE('',#1069,#1057,#91,.T.);
#1350=EDGE_CURVE('',#1070,#1069,#599,.T.);
#1351=EDGE_CURVE('',#1059,#1070,#92,.T.);
#1352=EDGE_CURVE('',#1071,#1069,#600,.T.);
#1353=EDGE_CURVE('',#1072,#1071,#601,.T.);
#1354=EDGE_CURVE('',#1073,#1072,#602,.T.);
#1355=EDGE_CURVE('',#1074,#1073,#191,.T.);
#1356=EDGE_CURVE('',#1075,#1074,#192,.T.);
#1357=EDGE_CURVE('',#1076,#1075,#603,.T.);
#1358=EDGE_CURVE('',#1077,#1076,#193,.T.);
#1359=EDGE_CURVE('',#1078,#1077,#194,.T.);
#1360=EDGE_CURVE('',#1079,#1078,#604,.T.);
#1361=EDGE_CURVE('',#1080,#1079,#605,.T.);
#1362=EDGE_CURVE('',#1070,#1080,#606,.T.);
#1363=EDGE_CURVE('',#1081,#1081,#93,.T.);
#1364=EDGE_CURVE('',#1081,#1082,#607,.T.);
#1365=EDGE_CURVE('',#1071,#1082,#94,.T.);
#1366=EDGE_CURVE('',#1060,#1058,#95,.T.);
#1367=EDGE_CURVE('',#1082,#1080,#96,.T.);
#1368=EDGE_CURVE('',#1061,#1068,#97,.T.);
#1369=EDGE_CURVE('',#1072,#1079,#98,.T.);
#1370=EDGE_CURVE('',#1062,#1067,#99,.T.);
#1371=EDGE_CURVE('',#1073,#1078,#100,.T.);
#1372=EDGE_CURVE('',#1063,#1066,#101,.T.);
#1373=EDGE_CURVE('',#1074,#1077,#102,.T.);
#1374=EDGE_CURVE('',#1064,#1065,#103,.T.);
#1375=EDGE_CURVE('',#1075,#1076,#104,.T.);
#1376=EDGE_CURVE('',#1083,#1084,#608,.T.);
#1377=EDGE_CURVE('',#1083,#1085,#609,.T.);
#1378=EDGE_CURVE('',#1086,#1085,#610,.T.);
#1379=EDGE_CURVE('',#1087,#1086,#195,.T.);
#1380=EDGE_CURVE('',#1088,#1087,#196,.T.);
#1381=EDGE_CURVE('',#1089,#1088,#611,.T.);
#1382=EDGE_CURVE('',#1090,#1089,#197,.T.);
#1383=EDGE_CURVE('',#1084,#1090,#198,.T.);
#1384=EDGE_CURVE('',#1091,#1083,#105,.T.);
#1385=EDGE_CURVE('',#1092,#1091,#612,.T.);
#1386=EDGE_CURVE('',#1085,#1092,#106,.T.);
#1387=EDGE_CURVE('',#1093,#1091,#613,.T.);
#1388=EDGE_CURVE('',#1094,#1093,#199,.T.);
#1389=EDGE_CURVE('',#1095,#1094,#200,.T.);
#1390=EDGE_CURVE('',#1096,#1095,#614,.T.);
#1391=EDGE_CURVE('',#1097,#1096,#201,.T.);
#1392=EDGE_CURVE('',#1098,#1097,#202,.T.);
#1393=EDGE_CURVE('',#1092,#1098,#615,.T.);
#1394=EDGE_CURVE('',#1099,#1100,#107,.T.);
#1395=EDGE_CURVE('',#1101,#1099,#108,.T.);
#1396=EDGE_CURVE('',#1100,#1101,#109,.T.);
#1397=EDGE_CURVE('',#1100,#1102,#616,.T.);
#1398=EDGE_CURVE('',#1093,#1102,#110,.T.);
#1399=EDGE_CURVE('',#1086,#1084,#111,.T.);
#1400=EDGE_CURVE('',#1102,#1098,#112,.T.);
#1401=EDGE_CURVE('',#1087,#1090,#113,.T.);
#1402=EDGE_CURVE('',#1094,#1097,#114,.T.);
#1403=EDGE_CURVE('',#1088,#1089,#115,.T.);
#1404=EDGE_CURVE('',#1095,#1096,#116,.T.);
#1405=EDGE_CURVE('',#1099,#1101,#617,.T.);
#1406=EDGE_CURVE('',#1103,#1104,#618,.T.);
#1407=EDGE_CURVE('',#1103,#1105,#619,.T.);
#1408=EDGE_CURVE('',#1106,#1105,#620,.T.);
#1409=EDGE_CURVE('',#1107,#1106,#621,.T.);
#1410=EDGE_CURVE('',#1108,#1107,#622,.T.);
#1411=EDGE_CURVE('',#1109,#1108,#203,.T.);
#1412=EDGE_CURVE('',#1110,#1109,#204,.T.);
#1413=EDGE_CURVE('',#1111,#1110,#623,.T.);
#1414=EDGE_CURVE('',#1112,#1111,#205,.T.);
#1415=EDGE_CURVE('',#1113,#1112,#206,.T.);
#1416=EDGE_CURVE('',#1114,#1113,#624,.T.);
#1417=EDGE_CURVE('',#1104,#1114,#625,.T.);
#1418=EDGE_CURVE('',#1115,#1103,#117,.T.);
#1419=EDGE_CURVE('',#1116,#1115,#626,.T.);
#1420=EDGE_CURVE('',#1105,#1116,#118,.T.);
#1421=EDGE_CURVE('',#1117,#1115,#627,.T.);
#1422=EDGE_CURVE('',#1118,#1117,#628,.T.);
#1423=EDGE_CURVE('',#1119,#1118,#629,.T.);
#1424=EDGE_CURVE('',#1120,#1119,#207,.T.);
#1425=EDGE_CURVE('',#1121,#1120,#208,.T.);
#1426=EDGE_CURVE('',#1122,#1121,#630,.T.);
#1427=EDGE_CURVE('',#1123,#1122,#209,.T.);
#1428=EDGE_CURVE('',#1124,#1123,#210,.T.);
#1429=EDGE_CURVE('',#1125,#1124,#631,.T.);
#1430=EDGE_CURVE('',#1126,#1125,#632,.T.);
#1431=EDGE_CURVE('',#1116,#1126,#633,.T.);
#1432=EDGE_CURVE('',#1127,#1127,#119,.T.);
#1433=EDGE_CURVE('',#1127,#1128,#634,.T.);
#1434=EDGE_CURVE('',#1117,#1128,#120,.T.);
#1435=EDGE_CURVE('',#1106,#1104,#121,.T.);
#1436=EDGE_CURVE('',#1128,#1126,#122,.T.);
#1437=EDGE_CURVE('',#1107,#1114,#123,.T.);
#1438=EDGE_CURVE('',#1118,#1125,#124,.T.);
#1439=EDGE_CURVE('',#1108,#1113,#125,.T.);
#1440=EDGE_CURVE('',#1119,#1124,#126,.T.);
#1441=EDGE_CURVE('',#1109,#1112,#127,.T.);
#1442=EDGE_CURVE('',#1120,#1123,#128,.T.);
#1443=EDGE_CURVE('',#1110,#1111,#129,.T.);
#1444=EDGE_CURVE('',#1121,#1122,#130,.T.);
#1445=EDGE_CURVE('',#1129,#1129,#131,.T.);
#1446=EDGE_CURVE('',#1129,#1130,#635,.T.);
#1447=EDGE_CURVE('',#1130,#1130,#132,.T.);
#1448=EDGE_CURVE('',#1131,#1131,#133,.T.);
#1449=EDGE_CURVE('',#1131,#1132,#636,.T.);
#1450=EDGE_CURVE('',#1132,#1132,#134,.T.);
#1451=EDGE_CURVE('',#1133,#1133,#135,.T.);
#1452=EDGE_CURVE('',#1133,#1134,#637,.T.);
#1453=EDGE_CURVE('',#1134,#1134,#136,.T.);
#1454=EDGE_CURVE('',#1135,#1135,#137,.T.);
#1455=EDGE_CURVE('',#1135,#1136,#638,.T.);
#1456=EDGE_CURVE('',#1136,#1136,#138,.T.);
#1457=EDGE_CURVE('',#1137,#1137,#139,.T.);
#1458=EDGE_CURVE('',#1137,#1138,#639,.T.);
#1459=EDGE_CURVE('',#1138,#1138,#140,.T.);
#1460=EDGE_CURVE('',#1139,#1139,#141,.T.);
#1461=EDGE_CURVE('',#1139,#1140,#640,.T.);
#1462=EDGE_CURVE('',#1140,#1140,#142,.T.);
#1463=EDGE_CURVE('',#1141,#1141,#143,.T.);
#1464=EDGE_CURVE('',#1141,#1142,#641,.T.);
#1465=EDGE_CURVE('',#1142,#1142,#144,.T.);
#1466=EDGE_CURVE('',#1143,#1143,#145,.T.);
#1467=EDGE_CURVE('',#1143,#1144,#642,.T.);
#1468=EDGE_CURVE('',#1144,#1144,#146,.T.);
#1469=EDGE_CURVE('',#1145,#1146,#643,.T.);
#1470=EDGE_CURVE('',#1147,#1145,#644,.T.);
#1471=EDGE_CURVE('',#1148,#1147,#645,.T.);
#1472=EDGE_CURVE('',#1146,#1148,#646,.T.);
#1473=EDGE_CURVE('',#1149,#1150,#647,.T.);
#1474=EDGE_CURVE('',#1151,#1149,#648,.T.);
#1475=EDGE_CURVE('',#1152,#1151,#649,.T.);
#1476=EDGE_CURVE('',#1152,#1150,#650,.T.);
#1477=EDGE_CURVE('',#1055,#1149,#651,.T.);
#1478=EDGE_CURVE('',#1023,#1150,#652,.T.);
#1479=EDGE_CURVE('',#1153,#1022,#653,.T.);
#1480=EDGE_CURVE('',#1153,#1154,#654,.T.);
#1481=EDGE_CURVE('',#1154,#1155,#655,.T.);
#1482=EDGE_CURVE('',#1155,#1156,#656,.T.);
#1483=EDGE_CURVE('',#1156,#1053,#657,.T.);
#1484=EDGE_CURVE('',#1101,#1157,#658,.T.);
#1485=EDGE_CURVE('',#1157,#1158,#659,.T.);
#1486=EDGE_CURVE('',#1158,#1159,#660,.T.);
#1487=EDGE_CURVE('',#1159,#1160,#661,.T.);
#1488=EDGE_CURVE('',#1035,#1160,#662,.T.);
#1489=EDGE_CURVE('',#1145,#1034,#663,.T.);
#1490=EDGE_CURVE('',#1146,#1099,#664,.T.);
#1491=EDGE_CURVE('',#1161,#1156,#665,.T.);
#1492=EDGE_CURVE('',#1151,#1161,#666,.T.);
#1493=EDGE_CURVE('',#1162,#1148,#667,.T.);
#1494=EDGE_CURVE('',#1162,#1157,#668,.T.);
#1495=EDGE_CURVE('',#1163,#1164,#669,.T.);
#1496=EDGE_CURVE('',#1164,#1165,#147,.T.);
#1497=EDGE_CURVE('',#1165,#1166,#670,.T.);
#1498=EDGE_CURVE('',#1166,#1167,#148,.T.);
#1499=EDGE_CURVE('',#1167,#1168,#671,.T.);
#1500=EDGE_CURVE('',#1168,#1169,#149,.T.);
#1501=EDGE_CURVE('',#1169,#1170,#672,.T.);
#1502=EDGE_CURVE('',#1170,#1171,#150,.T.);
#1503=EDGE_CURVE('',#1171,#1172,#673,.T.);
#1504=EDGE_CURVE('',#1172,#1173,#151,.T.);
#1505=EDGE_CURVE('',#1173,#1174,#152,.T.);
#1506=EDGE_CURVE('',#1174,#1175,#674,.T.);
#1507=EDGE_CURVE('',#1175,#1176,#153,.T.);
#1508=EDGE_CURVE('',#1176,#1177,#675,.T.);
#1509=EDGE_CURVE('',#1177,#1178,#154,.T.);
#1510=EDGE_CURVE('',#1178,#1179,#155,.T.);
#1511=EDGE_CURVE('',#1179,#1180,#676,.T.);
#1512=EDGE_CURVE('',#1180,#1181,#156,.T.);
#1513=EDGE_CURVE('',#1181,#1182,#677,.T.);
#1514=EDGE_CURVE('',#1182,#1183,#157,.T.);
#1515=EDGE_CURVE('',#1183,#1184,#678,.T.);
#1516=EDGE_CURVE('',#1184,#1185,#158,.T.);
#1517=EDGE_CURVE('',#1185,#1186,#159,.T.);
#1518=EDGE_CURVE('',#1186,#1187,#679,.T.);
#1519=EDGE_CURVE('',#1187,#1188,#160,.T.);
#1520=EDGE_CURVE('',#1188,#1189,#680,.T.);
#1521=EDGE_CURVE('',#1189,#1163,#161,.T.);
#1522=EDGE_CURVE('',#1147,#1152,#681,.T.);
#1523=EDGE_CURVE('',#1161,#1190,#682,.T.);
#1524=EDGE_CURVE('',#1190,#1191,#683,.T.);
#1525=EDGE_CURVE('',#1191,#1192,#684,.T.);
#1526=EDGE_CURVE('',#1192,#1193,#685,.T.);
#1527=EDGE_CURVE('',#1193,#1194,#686,.T.);
#1528=EDGE_CURVE('',#1194,#1195,#687,.T.);
#1529=EDGE_CURVE('',#1195,#1162,#688,.T.);
#1530=EDGE_CURVE('',#1192,#1153,#689,.T.);
#1531=EDGE_CURVE('',#1154,#1191,#690,.T.);
#1532=EDGE_CURVE('',#1194,#1159,#691,.T.);
#1533=EDGE_CURVE('',#1193,#1160,#692,.T.);
#1534=EDGE_CURVE('',#1195,#1158,#693,.T.);
#1535=EDGE_CURVE('',#1190,#1155,#694,.T.);
#1536=EDGE_CURVE('',#1024,#1033,#695,.T.);
#1537=EDGE_CURVE('',#1036,#1021,#696,.T.);
#1538=EDGE_CURVE('',#1196,#1196,#162,.T.);
#1539=EDGE_CURVE('',#1197,#1198,#163,.T.);
#1540=EDGE_CURVE('',#1198,#1199,#164,.T.);
#1541=EDGE_CURVE('',#1199,#1200,#697,.T.);
#1542=EDGE_CURVE('',#1200,#1201,#165,.T.);
#1543=EDGE_CURVE('',#1202,#1201,#698,.T.);
#1544=EDGE_CURVE('',#1202,#1203,#166,.T.);
#1545=EDGE_CURVE('',#1203,#1197,#699,.T.);
#1546=EDGE_CURVE('',#1204,#1204,#167,.T.);
#1547=EDGE_CURVE('',#1205,#1206,#168,.T.);
#1548=EDGE_CURVE('',#1185,#1205,#700,.T.);
#1549=EDGE_CURVE('',#1184,#1206,#701,.T.);
#1550=EDGE_CURVE('',#1205,#1207,#702,.T.);
#1551=EDGE_CURVE('',#1207,#1208,#703,.T.);
#1552=EDGE_CURVE('',#1209,#1208,#704,.T.);
#1553=EDGE_CURVE('',#1205,#1209,#705,.T.);
#1554=EDGE_CURVE('',#1206,#1210,#706,.T.);
#1555=EDGE_CURVE('',#1210,#1211,#169,.T.);
#1556=EDGE_CURVE('',#1211,#1212,#707,.T.);
#1557=EDGE_CURVE('',#1212,#1213,#170,.T.);
#1558=EDGE_CURVE('',#1213,#1214,#708,.T.);
#1559=EDGE_CURVE('',#1214,#1207,#171,.T.);
#1560=EDGE_CURVE('',#1183,#1210,#709,.T.);
#1561=EDGE_CURVE('',#1179,#1214,#710,.T.);
#1562=EDGE_CURVE('',#1178,#1207,#711,.T.);
#1563=EDGE_CURVE('',#1180,#1213,#712,.T.);
#1564=EDGE_CURVE('',#1182,#1211,#713,.T.);
#1565=EDGE_CURVE('',#1181,#1212,#714,.T.);
#1566=EDGE_CURVE('',#1165,#1202,#715,.T.);
#1567=EDGE_CURVE('',#1164,#1203,#716,.T.);
#1568=EDGE_CURVE('',#1163,#1197,#717,.T.);
#1569=EDGE_CURVE('',#1188,#1200,#718,.T.);
#1570=EDGE_CURVE('',#1187,#1201,#719,.T.);
#1571=EDGE_CURVE('',#1186,#1215,#720,.T.);
#1572=EDGE_CURVE('',#1216,#1215,#721,.T.);
#1573=EDGE_CURVE('',#1166,#1216,#722,.T.);
#1574=EDGE_CURVE('',#1217,#1218,#172,.T.);
#1575=EDGE_CURVE('',#1171,#1217,#723,.T.);
#1576=EDGE_CURVE('',#1170,#1218,#724,.T.);
#1577=EDGE_CURVE('',#1219,#1218,#725,.T.);
#1578=EDGE_CURVE('',#1169,#1220,#726,.T.);
#1579=EDGE_CURVE('',#1221,#1220,#727,.T.);
#1580=EDGE_CURVE('',#1177,#1221,#728,.T.);
#1581=EDGE_CURVE('',#1176,#1219,#729,.T.);
#1582=EDGE_CURVE('',#1219,#1222,#173,.T.);
#1583=EDGE_CURVE('',#1175,#1222,#730,.T.);
#1584=EDGE_CURVE('',#1223,#1224,#174,.T.);
#1585=EDGE_CURVE('',#1224,#1217,#731,.T.);
#1586=EDGE_CURVE('',#1222,#1223,#732,.T.);
#1587=EDGE_CURVE('',#1174,#1223,#733,.T.);
#1588=EDGE_CURVE('',#1189,#1199,#734,.T.);
#1589=EDGE_CURVE('',#1198,#1196,#735,.T.);
#1590=EDGE_CURVE('',#1172,#1224,#736,.T.);
#1591=EDGE_CURVE('',#1173,#1204,#737,.T.);
#1592=EDGE_CURVE('',#1225,#1216,#175,.T.);
#1593=EDGE_CURVE('',#1167,#1225,#738,.T.);
#1594=EDGE_CURVE('',#1215,#1209,#176,.T.);
#1595=EDGE_CURVE('',#1168,#1226,#739,.T.);
#1596=EDGE_CURVE('',#1220,#1226,#177,.T.);
#1597=EDGE_CURVE('',#1208,#1221,#178,.T.);
#1598=EDGE_CURVE('',#1226,#1225,#740,.T.);
#1599=ORIENTED_EDGE('',*,*,#1227,.F.);
#1600=ORIENTED_EDGE('',*,*,#1228,.T.);
#1601=ORIENTED_EDGE('',*,*,#1229,.F.);
#1602=ORIENTED_EDGE('',*,*,#1230,.T.);
#1603=ORIENTED_EDGE('',*,*,#1231,.F.);
#1604=ORIENTED_EDGE('',*,*,#1232,.F.);
#1605=ORIENTED_EDGE('',*,*,#1233,.F.);
#1606=ORIENTED_EDGE('',*,*,#1234,.T.);
#1607=ORIENTED_EDGE('',*,*,#1235,.F.);
#1608=ORIENTED_EDGE('',*,*,#1236,.F.);
#1609=ORIENTED_EDGE('',*,*,#1232,.T.);
#1610=ORIENTED_EDGE('',*,*,#1237,.F.);
#1611=ORIENTED_EDGE('',*,*,#1238,.F.);
#1612=ORIENTED_EDGE('',*,*,#1239,.F.);
#1613=ORIENTED_EDGE('',*,*,#1240,.T.);
#1614=ORIENTED_EDGE('',*,*,#1228,.F.);
#1615=ORIENTED_EDGE('',*,*,#1227,.T.);
#1616=ORIENTED_EDGE('',*,*,#1241,.F.);
#1617=ORIENTED_EDGE('',*,*,#1242,.F.);
#1618=ORIENTED_EDGE('',*,*,#1235,.T.);
#1619=ORIENTED_EDGE('',*,*,#1243,.F.);
#1620=ORIENTED_EDGE('',*,*,#1244,.F.);
#1621=ORIENTED_EDGE('',*,*,#1245,.F.);
#1622=ORIENTED_EDGE('',*,*,#1238,.T.);
#1623=ORIENTED_EDGE('',*,*,#1229,.T.);
#1624=ORIENTED_EDGE('',*,*,#1240,.F.);
#1625=ORIENTED_EDGE('',*,*,#1246,.F.);
#1626=ORIENTED_EDGE('',*,*,#1247,.T.);
#1627=ORIENTED_EDGE('',*,*,#1231,.T.);
#1628=ORIENTED_EDGE('',*,*,#1248,.T.);
#1629=ORIENTED_EDGE('',*,*,#1243,.T.);
#1630=ORIENTED_EDGE('',*,*,#1237,.T.);
#1631=ORIENTED_EDGE('',*,*,#1248,.F.);
#1632=ORIENTED_EDGE('',*,*,#1234,.F.);
#1633=ORIENTED_EDGE('',*,*,#1249,.F.);
#1634=ORIENTED_EDGE('',*,*,#1241,.T.);
#1635=ORIENTED_EDGE('',*,*,#1230,.F.);
#1636=ORIENTED_EDGE('',*,*,#1247,.F.);
#1637=ORIENTED_EDGE('',*,*,#1250,.F.);
#1638=ORIENTED_EDGE('',*,*,#1244,.T.);
#1639=ORIENTED_EDGE('',*,*,#1251,.F.);
#1640=ORIENTED_EDGE('',*,*,#1252,.T.);
#1641=ORIENTED_EDGE('',*,*,#1253,.F.);
#1642=ORIENTED_EDGE('',*,*,#1254,.T.);
#1643=ORIENTED_EDGE('',*,*,#1255,.F.);
#1644=ORIENTED_EDGE('',*,*,#1256,.F.);
#1645=ORIENTED_EDGE('',*,*,#1257,.F.);
#1646=ORIENTED_EDGE('',*,*,#1258,.T.);
#1647=ORIENTED_EDGE('',*,*,#1259,.F.);
#1648=ORIENTED_EDGE('',*,*,#1260,.F.);
#1649=ORIENTED_EDGE('',*,*,#1256,.T.);
#1650=ORIENTED_EDGE('',*,*,#1261,.F.);
#1651=ORIENTED_EDGE('',*,*,#1262,.F.);
#1652=ORIENTED_EDGE('',*,*,#1263,.F.);
#1653=ORIENTED_EDGE('',*,*,#1264,.T.);
#1654=ORIENTED_EDGE('',*,*,#1252,.F.);
#1655=ORIENTED_EDGE('',*,*,#1251,.T.);
#1656=ORIENTED_EDGE('',*,*,#1265,.F.);
#1657=ORIENTED_EDGE('',*,*,#1266,.F.);
#1658=ORIENTED_EDGE('',*,*,#1259,.T.);
#1659=ORIENTED_EDGE('',*,*,#1267,.F.);
#1660=ORIENTED_EDGE('',*,*,#1268,.F.);
#1661=ORIENTED_EDGE('',*,*,#1269,.F.);
#1662=ORIENTED_EDGE('',*,*,#1262,.T.);
#1663=ORIENTED_EDGE('',*,*,#1253,.T.);
#1664=ORIENTED_EDGE('',*,*,#1264,.F.);
#1665=ORIENTED_EDGE('',*,*,#1270,.F.);
#1666=ORIENTED_EDGE('',*,*,#1271,.T.);
#1667=ORIENTED_EDGE('',*,*,#1255,.T.);
#1668=ORIENTED_EDGE('',*,*,#1272,.T.);
#1669=ORIENTED_EDGE('',*,*,#1267,.T.);
#1670=ORIENTED_EDGE('',*,*,#1261,.T.);
#1671=ORIENTED_EDGE('',*,*,#1272,.F.);
#1672=ORIENTED_EDGE('',*,*,#1258,.F.);
#1673=ORIENTED_EDGE('',*,*,#1273,.F.);
#1674=ORIENTED_EDGE('',*,*,#1265,.T.);
#1675=ORIENTED_EDGE('',*,*,#1254,.F.);
#1676=ORIENTED_EDGE('',*,*,#1271,.F.);
#1677=ORIENTED_EDGE('',*,*,#1274,.F.);
#1678=ORIENTED_EDGE('',*,*,#1268,.T.);
#1679=ORIENTED_EDGE('',*,*,#1275,.F.);
#1680=ORIENTED_EDGE('',*,*,#1276,.F.);
#1681=ORIENTED_EDGE('',*,*,#1277,.F.);
#1682=ORIENTED_EDGE('',*,*,#1278,.F.);
#1683=ORIENTED_EDGE('',*,*,#1279,.F.);
#1684=ORIENTED_EDGE('',*,*,#1276,.T.);
#1685=ORIENTED_EDGE('',*,*,#1280,.T.);
#1686=ORIENTED_EDGE('',*,*,#1281,.F.);
#1687=ORIENTED_EDGE('',*,*,#1282,.F.);
#1688=ORIENTED_EDGE('',*,*,#1278,.T.);
#1689=ORIENTED_EDGE('',*,*,#1283,.F.);
#1690=ORIENTED_EDGE('',*,*,#1284,.F.);
#1691=ORIENTED_EDGE('',*,*,#1280,.F.);
#1692=ORIENTED_EDGE('',*,*,#1275,.T.);
#1693=ORIENTED_EDGE('',*,*,#1282,.T.);
#1694=ORIENTED_EDGE('',*,*,#1285,.F.);
#1695=ORIENTED_EDGE('',*,*,#1283,.T.);
#1696=ORIENTED_EDGE('',*,*,#1277,.T.);
#1697=ORIENTED_EDGE('',*,*,#1279,.T.);
#1698=ORIENTED_EDGE('',*,*,#1286,.F.);
#1699=ORIENTED_EDGE('',*,*,#1287,.F.);
#1700=ORIENTED_EDGE('',*,*,#1288,.T.);
#1701=ORIENTED_EDGE('',*,*,#1289,.T.);
#1702=ORIENTED_EDGE('',*,*,#1290,.F.);
#1703=ORIENTED_EDGE('',*,*,#1291,.F.);
#1704=ORIENTED_EDGE('',*,*,#1292,.F.);
#1705=ORIENTED_EDGE('',*,*,#1293,.F.);
#1706=ORIENTED_EDGE('',*,*,#1294,.F.);
#1707=ORIENTED_EDGE('',*,*,#1295,.F.);
#1708=ORIENTED_EDGE('',*,*,#1292,.T.);
#1709=ORIENTED_EDGE('',*,*,#1296,.F.);
#1710=ORIENTED_EDGE('',*,*,#1297,.F.);
#1711=ORIENTED_EDGE('',*,*,#1298,.F.);
#1712=ORIENTED_EDGE('',*,*,#1293,.T.);
#1713=ORIENTED_EDGE('',*,*,#1295,.T.);
#1714=ORIENTED_EDGE('',*,*,#1299,.F.);
#1715=ORIENTED_EDGE('',*,*,#1300,.F.);
#1716=ORIENTED_EDGE('',*,*,#1294,.T.);
#1717=ORIENTED_EDGE('',*,*,#1298,.T.);
#1718=ORIENTED_EDGE('',*,*,#1301,.F.);
#1719=ORIENTED_EDGE('',*,*,#1296,.T.);
#1720=ORIENTED_EDGE('',*,*,#1291,.T.);
#1721=ORIENTED_EDGE('',*,*,#1300,.T.);
#1722=ORIENTED_EDGE('',*,*,#1302,.F.);
#1723=ORIENTED_EDGE('',*,*,#1303,.F.);
#1724=ORIENTED_EDGE('',*,*,#1304,.T.);
#1725=ORIENTED_EDGE('',*,*,#1305,.T.);
#1726=ORIENTED_EDGE('',*,*,#1306,.F.);
#1727=ORIENTED_EDGE('',*,*,#1307,.F.);
#1728=ORIENTED_EDGE('',*,*,#1308,.T.);
#1729=ORIENTED_EDGE('',*,*,#1309,.F.);
#1730=ORIENTED_EDGE('',*,*,#1310,.F.);
#1731=ORIENTED_EDGE('',*,*,#1311,.F.);
#1732=ORIENTED_EDGE('',*,*,#1312,.F.);
#1733=ORIENTED_EDGE('',*,*,#1313,.F.);
#1734=ORIENTED_EDGE('',*,*,#1314,.F.);
#1735=ORIENTED_EDGE('',*,*,#1315,.F.);
#1736=ORIENTED_EDGE('',*,*,#1316,.F.);
#1737=ORIENTED_EDGE('',*,*,#1317,.F.);
#1738=ORIENTED_EDGE('',*,*,#1308,.F.);
#1739=ORIENTED_EDGE('',*,*,#1318,.F.);
#1740=ORIENTED_EDGE('',*,*,#1319,.F.);
#1741=ORIENTED_EDGE('',*,*,#1320,.F.);
#1742=ORIENTED_EDGE('',*,*,#1321,.F.);
#1743=ORIENTED_EDGE('',*,*,#1322,.F.);
#1744=ORIENTED_EDGE('',*,*,#1323,.F.);
#1745=ORIENTED_EDGE('',*,*,#1324,.F.);
#1746=ORIENTED_EDGE('',*,*,#1316,.T.);
#1747=ORIENTED_EDGE('',*,*,#1325,.F.);
#1748=ORIENTED_EDGE('',*,*,#1326,.F.);
#1749=ORIENTED_EDGE('',*,*,#1327,.F.);
#1750=ORIENTED_EDGE('',*,*,#1328,.T.);
#1751=ORIENTED_EDGE('',*,*,#1329,.F.);
#1752=ORIENTED_EDGE('',*,*,#1318,.T.);
#1753=ORIENTED_EDGE('',*,*,#1315,.T.);
#1754=ORIENTED_EDGE('',*,*,#1307,.T.);
#1755=ORIENTED_EDGE('',*,*,#1330,.F.);
#1756=ORIENTED_EDGE('',*,*,#1309,.T.);
#1757=ORIENTED_EDGE('',*,*,#1317,.T.);
#1758=ORIENTED_EDGE('',*,*,#1324,.T.);
#1759=ORIENTED_EDGE('',*,*,#1331,.F.);
#1760=ORIENTED_EDGE('',*,*,#1328,.F.);
#1761=ORIENTED_EDGE('',*,*,#1314,.T.);
#1762=ORIENTED_EDGE('',*,*,#1332,.F.);
#1763=ORIENTED_EDGE('',*,*,#1310,.T.);
#1764=ORIENTED_EDGE('',*,*,#1330,.T.);
#1765=ORIENTED_EDGE('',*,*,#1319,.T.);
#1766=ORIENTED_EDGE('',*,*,#1329,.T.);
#1767=ORIENTED_EDGE('',*,*,#1331,.T.);
#1768=ORIENTED_EDGE('',*,*,#1323,.T.);
#1769=ORIENTED_EDGE('',*,*,#1333,.F.);
#1770=ORIENTED_EDGE('',*,*,#1312,.T.);
#1771=ORIENTED_EDGE('',*,*,#1334,.T.);
#1772=ORIENTED_EDGE('',*,*,#1313,.T.);
#1773=ORIENTED_EDGE('',*,*,#1334,.F.);
#1774=ORIENTED_EDGE('',*,*,#1311,.T.);
#1775=ORIENTED_EDGE('',*,*,#1332,.T.);
#1776=ORIENTED_EDGE('',*,*,#1320,.T.);
#1777=ORIENTED_EDGE('',*,*,#1333,.T.);
#1778=ORIENTED_EDGE('',*,*,#1322,.T.);
#1779=ORIENTED_EDGE('',*,*,#1335,.F.);
#1780=ORIENTED_EDGE('',*,*,#1321,.T.);
#1781=ORIENTED_EDGE('',*,*,#1335,.T.);
#1782=ORIENTED_EDGE('',*,*,#1336,.T.);
#1783=ORIENTED_EDGE('',*,*,#1326,.T.);
#1784=ORIENTED_EDGE('',*,*,#1337,.F.);
#1785=ORIENTED_EDGE('',*,*,#1338,.T.);
#1786=ORIENTED_EDGE('',*,*,#1339,.F.);
#1787=ORIENTED_EDGE('',*,*,#1340,.F.);
#1788=ORIENTED_EDGE('',*,*,#1341,.F.);
#1789=ORIENTED_EDGE('',*,*,#1342,.F.);
#1790=ORIENTED_EDGE('',*,*,#1343,.F.);
#1791=ORIENTED_EDGE('',*,*,#1344,.F.);
#1792=ORIENTED_EDGE('',*,*,#1345,.F.);
#1793=ORIENTED_EDGE('',*,*,#1346,.F.);
#1794=ORIENTED_EDGE('',*,*,#1347,.F.);
#1795=ORIENTED_EDGE('',*,*,#1348,.F.);
#1796=ORIENTED_EDGE('',*,*,#1349,.F.);
#1797=ORIENTED_EDGE('',*,*,#1350,.F.);
#1798=ORIENTED_EDGE('',*,*,#1351,.F.);
#1799=ORIENTED_EDGE('',*,*,#1338,.F.);
#1800=ORIENTED_EDGE('',*,*,#1352,.F.);
#1801=ORIENTED_EDGE('',*,*,#1353,.F.);
#1802=ORIENTED_EDGE('',*,*,#1354,.F.);
#1803=ORIENTED_EDGE('',*,*,#1355,.F.);
#1804=ORIENTED_EDGE('',*,*,#1356,.F.);
#1805=ORIENTED_EDGE('',*,*,#1357,.F.);
#1806=ORIENTED_EDGE('',*,*,#1358,.F.);
#1807=ORIENTED_EDGE('',*,*,#1359,.F.);
#1808=ORIENTED_EDGE('',*,*,#1360,.F.);
#1809=ORIENTED_EDGE('',*,*,#1361,.F.);
#1810=ORIENTED_EDGE('',*,*,#1362,.F.);
#1811=ORIENTED_EDGE('',*,*,#1350,.T.);
#1812=ORIENTED_EDGE('',*,*,#1363,.F.);
#1813=ORIENTED_EDGE('',*,*,#1364,.T.);
#1814=ORIENTED_EDGE('',*,*,#1365,.F.);
#1815=ORIENTED_EDGE('',*,*,#1352,.T.);
#1816=ORIENTED_EDGE('',*,*,#1349,.T.);
#1817=ORIENTED_EDGE('',*,*,#1337,.T.);
#1818=ORIENTED_EDGE('',*,*,#1366,.F.);
#1819=ORIENTED_EDGE('',*,*,#1339,.T.);
#1820=ORIENTED_EDGE('',*,*,#1351,.T.);
#1821=ORIENTED_EDGE('',*,*,#1362,.T.);
#1822=ORIENTED_EDGE('',*,*,#1367,.F.);
#1823=ORIENTED_EDGE('',*,*,#1364,.F.);
#1824=ORIENTED_EDGE('',*,*,#1348,.T.);
#1825=ORIENTED_EDGE('',*,*,#1368,.F.);
#1826=ORIENTED_EDGE('',*,*,#1340,.T.);
#1827=ORIENTED_EDGE('',*,*,#1366,.T.);
#1828=ORIENTED_EDGE('',*,*,#1353,.T.);
#1829=ORIENTED_EDGE('',*,*,#1365,.T.);
#1830=ORIENTED_EDGE('',*,*,#1367,.T.);
#1831=ORIENTED_EDGE('',*,*,#1361,.T.);
#1832=ORIENTED_EDGE('',*,*,#1369,.F.);
#1833=ORIENTED_EDGE('',*,*,#1347,.T.);
#1834=ORIENTED_EDGE('',*,*,#1370,.F.);
#1835=ORIENTED_EDGE('',*,*,#1341,.T.);
#1836=ORIENTED_EDGE('',*,*,#1368,.T.);
#1837=ORIENTED_EDGE('',*,*,#1354,.T.);
#1838=ORIENTED_EDGE('',*,*,#1369,.T.);
#1839=ORIENTED_EDGE('',*,*,#1360,.T.);
#1840=ORIENTED_EDGE('',*,*,#1371,.F.);
#1841=ORIENTED_EDGE('',*,*,#1346,.T.);
#1842=ORIENTED_EDGE('',*,*,#1372,.F.);
#1843=ORIENTED_EDGE('',*,*,#1342,.T.);
#1844=ORIENTED_EDGE('',*,*,#1370,.T.);
#1845=ORIENTED_EDGE('',*,*,#1355,.T.);
#1846=ORIENTED_EDGE('',*,*,#1371,.T.);
#1847=ORIENTED_EDGE('',*,*,#1359,.T.);
#1848=ORIENTED_EDGE('',*,*,#1373,.F.);
#1849=ORIENTED_EDGE('',*,*,#1344,.T.);
#1850=ORIENTED_EDGE('',*,*,#1374,.T.);
#1851=ORIENTED_EDGE('',*,*,#1345,.T.);
#1852=ORIENTED_EDGE('',*,*,#1374,.F.);
#1853=ORIENTED_EDGE('',*,*,#1343,.T.);
#1854=ORIENTED_EDGE('',*,*,#1372,.T.);
#1855=ORIENTED_EDGE('',*,*,#1356,.T.);
#1856=ORIENTED_EDGE('',*,*,#1373,.T.);
#1857=ORIENTED_EDGE('',*,*,#1358,.T.);
#1858=ORIENTED_EDGE('',*,*,#1375,.F.);
#1859=ORIENTED_EDGE('',*,*,#1357,.T.);
#1860=ORIENTED_EDGE('',*,*,#1375,.T.);
#1861=ORIENTED_EDGE('',*,*,#1376,.F.);
#1862=ORIENTED_EDGE('',*,*,#1377,.T.);
#1863=ORIENTED_EDGE('',*,*,#1378,.F.);
#1864=ORIENTED_EDGE('',*,*,#1379,.F.);
#1865=ORIENTED_EDGE('',*,*,#1380,.F.);
#1866=ORIENTED_EDGE('',*,*,#1381,.F.);
#1867=ORIENTED_EDGE('',*,*,#1382,.F.);
#1868=ORIENTED_EDGE('',*,*,#1383,.F.);
#1869=ORIENTED_EDGE('',*,*,#1384,.F.);
#1870=ORIENTED_EDGE('',*,*,#1385,.F.);
#1871=ORIENTED_EDGE('',*,*,#1386,.F.);
#1872=ORIENTED_EDGE('',*,*,#1377,.F.);
#1873=ORIENTED_EDGE('',*,*,#1387,.F.);
#1874=ORIENTED_EDGE('',*,*,#1388,.F.);
#1875=ORIENTED_EDGE('',*,*,#1389,.F.);
#1876=ORIENTED_EDGE('',*,*,#1390,.F.);
#1877=ORIENTED_EDGE('',*,*,#1391,.F.);
#1878=ORIENTED_EDGE('',*,*,#1392,.F.);
#1879=ORIENTED_EDGE('',*,*,#1393,.F.);
#1880=ORIENTED_EDGE('',*,*,#1385,.T.);
#1881=ORIENTED_EDGE('',*,*,#1394,.F.);
#1882=ORIENTED_EDGE('',*,*,#1395,.F.);
#1883=ORIENTED_EDGE('',*,*,#1396,.F.);
#1884=ORIENTED_EDGE('',*,*,#1397,.T.);
#1885=ORIENTED_EDGE('',*,*,#1398,.F.);
#1886=ORIENTED_EDGE('',*,*,#1387,.T.);
#1887=ORIENTED_EDGE('',*,*,#1384,.T.);
#1888=ORIENTED_EDGE('',*,*,#1376,.T.);
#1889=ORIENTED_EDGE('',*,*,#1399,.F.);
#1890=ORIENTED_EDGE('',*,*,#1378,.T.);
#1891=ORIENTED_EDGE('',*,*,#1386,.T.);
#1892=ORIENTED_EDGE('',*,*,#1393,.T.);
#1893=ORIENTED_EDGE('',*,*,#1400,.F.);
#1894=ORIENTED_EDGE('',*,*,#1397,.F.);
#1895=ORIENTED_EDGE('',*,*,#1383,.T.);
#1896=ORIENTED_EDGE('',*,*,#1401,.F.);
#1897=ORIENTED_EDGE('',*,*,#1379,.T.);
#1898=ORIENTED_EDGE('',*,*,#1399,.T.);
#1899=ORIENTED_EDGE('',*,*,#1388,.T.);
#1900=ORIENTED_EDGE('',*,*,#1398,.T.);
#1901=ORIENTED_EDGE('',*,*,#1400,.T.);
#1902=ORIENTED_EDGE('',*,*,#1392,.T.);
#1903=ORIENTED_EDGE('',*,*,#1402,.F.);
#1904=ORIENTED_EDGE('',*,*,#1381,.T.);
#1905=ORIENTED_EDGE('',*,*,#1403,.T.);
#1906=ORIENTED_EDGE('',*,*,#1382,.T.);
#1907=ORIENTED_EDGE('',*,*,#1403,.F.);
#1908=ORIENTED_EDGE('',*,*,#1380,.T.);
#1909=ORIENTED_EDGE('',*,*,#1401,.T.);
#1910=ORIENTED_EDGE('',*,*,#1389,.T.);
#1911=ORIENTED_EDGE('',*,*,#1402,.T.);
#1912=ORIENTED_EDGE('',*,*,#1391,.T.);
#1913=ORIENTED_EDGE('',*,*,#1404,.F.);
#1914=ORIENTED_EDGE('',*,*,#1390,.T.);
#1915=ORIENTED_EDGE('',*,*,#1404,.T.);
#1916=ORIENTED_EDGE('',*,*,#1405,.T.);
#1917=ORIENTED_EDGE('',*,*,#1395,.T.);
#1918=ORIENTED_EDGE('',*,*,#1406,.F.);
#1919=ORIENTED_EDGE('',*,*,#1407,.T.);
#1920=ORIENTED_EDGE('',*,*,#1408,.F.);
#1921=ORIENTED_EDGE('',*,*,#1409,.F.);
#1922=ORIENTED_EDGE('',*,*,#1410,.F.);
#1923=ORIENTED_EDGE('',*,*,#1411,.F.);
#1924=ORIENTED_EDGE('',*,*,#1412,.F.);
#1925=ORIENTED_EDGE('',*,*,#1413,.F.);
#1926=ORIENTED_EDGE('',*,*,#1414,.F.);
#1927=ORIENTED_EDGE('',*,*,#1415,.F.);
#1928=ORIENTED_EDGE('',*,*,#1416,.F.);
#1929=ORIENTED_EDGE('',*,*,#1417,.F.);
#1930=ORIENTED_EDGE('',*,*,#1418,.F.);
#1931=ORIENTED_EDGE('',*,*,#1419,.F.);
#1932=ORIENTED_EDGE('',*,*,#1420,.F.);
#1933=ORIENTED_EDGE('',*,*,#1407,.F.);
#1934=ORIENTED_EDGE('',*,*,#1421,.F.);
#1935=ORIENTED_EDGE('',*,*,#1422,.F.);
#1936=ORIENTED_EDGE('',*,*,#1423,.F.);
#1937=ORIENTED_EDGE('',*,*,#1424,.F.);
#1938=ORIENTED_EDGE('',*,*,#1425,.F.);
#1939=ORIENTED_EDGE('',*,*,#1426,.F.);
#1940=ORIENTED_EDGE('',*,*,#1427,.F.);
#1941=ORIENTED_EDGE('',*,*,#1428,.F.);
#1942=ORIENTED_EDGE('',*,*,#1429,.F.);
#1943=ORIENTED_EDGE('',*,*,#1430,.F.);
#1944=ORIENTED_EDGE('',*,*,#1431,.F.);
#1945=ORIENTED_EDGE('',*,*,#1419,.T.);
#1946=ORIENTED_EDGE('',*,*,#1432,.F.);
#1947=ORIENTED_EDGE('',*,*,#1433,.T.);
#1948=ORIENTED_EDGE('',*,*,#1434,.F.);
#1949=ORIENTED_EDGE('',*,*,#1421,.T.);
#1950=ORIENTED_EDGE('',*,*,#1418,.T.);
#1951=ORIENTED_EDGE('',*,*,#1406,.T.);
#1952=ORIENTED_EDGE('',*,*,#1435,.F.);
#1953=ORIENTED_EDGE('',*,*,#1408,.T.);
#1954=ORIENTED_EDGE('',*,*,#1420,.T.);
#1955=ORIENTED_EDGE('',*,*,#1431,.T.);
#1956=ORIENTED_EDGE('',*,*,#1436,.F.);
#1957=ORIENTED_EDGE('',*,*,#1433,.F.);
#1958=ORIENTED_EDGE('',*,*,#1417,.T.);
#1959=ORIENTED_EDGE('',*,*,#1437,.F.);
#1960=ORIENTED_EDGE('',*,*,#1409,.T.);
#1961=ORIENTED_EDGE('',*,*,#1435,.T.);
#1962=ORIENTED_EDGE('',*,*,#1422,.T.);
#1963=ORIENTED_EDGE('',*,*,#1434,.T.);
#1964=ORIENTED_EDGE('',*,*,#1436,.T.);
#1965=ORIENTED_EDGE('',*,*,#1430,.T.);
#1966=ORIENTED_EDGE('',*,*,#1438,.F.);
#1967=ORIENTED_EDGE('',*,*,#1416,.T.);
#1968=ORIENTED_EDGE('',*,*,#1439,.F.);
#1969=ORIENTED_EDGE('',*,*,#1410,.T.);
#1970=ORIENTED_EDGE('',*,*,#1437,.T.);
#1971=ORIENTED_EDGE('',*,*,#1423,.T.);
#1972=ORIENTED_EDGE('',*,*,#1438,.T.);
#1973=ORIENTED_EDGE('',*,*,#1429,.T.);
#1974=ORIENTED_EDGE('',*,*,#1440,.F.);
#1975=ORIENTED_EDGE('',*,*,#1415,.T.);
#1976=ORIENTED_EDGE('',*,*,#1441,.F.);
#1977=ORIENTED_EDGE('',*,*,#1411,.T.);
#1978=ORIENTED_EDGE('',*,*,#1439,.T.);
#1979=ORIENTED_EDGE('',*,*,#1424,.T.);
#1980=ORIENTED_EDGE('',*,*,#1440,.T.);
#1981=ORIENTED_EDGE('',*,*,#1428,.T.);
#1982=ORIENTED_EDGE('',*,*,#1442,.F.);
#1983=ORIENTED_EDGE('',*,*,#1413,.T.);
#1984=ORIENTED_EDGE('',*,*,#1443,.T.);
#1985=ORIENTED_EDGE('',*,*,#1414,.T.);
#1986=ORIENTED_EDGE('',*,*,#1443,.F.);
#1987=ORIENTED_EDGE('',*,*,#1412,.T.);
#1988=ORIENTED_EDGE('',*,*,#1441,.T.);
#1989=ORIENTED_EDGE('',*,*,#1425,.T.);
#1990=ORIENTED_EDGE('',*,*,#1442,.T.);
#1991=ORIENTED_EDGE('',*,*,#1427,.T.);
#1992=ORIENTED_EDGE('',*,*,#1444,.F.);
#1993=ORIENTED_EDGE('',*,*,#1426,.T.);
#1994=ORIENTED_EDGE('',*,*,#1444,.T.);
#1995=ORIENTED_EDGE('',*,*,#1445,.F.);
#1996=ORIENTED_EDGE('',*,*,#1446,.T.);
#1997=ORIENTED_EDGE('',*,*,#1447,.T.);
#1998=ORIENTED_EDGE('',*,*,#1446,.F.);
#1999=ORIENTED_EDGE('',*,*,#1447,.F.);
#2000=ORIENTED_EDGE('',*,*,#1363,.T.);
#2001=ORIENTED_EDGE('',*,*,#1448,.F.);
#2002=ORIENTED_EDGE('',*,*,#1449,.T.);
#2003=ORIENTED_EDGE('',*,*,#1450,.T.);
#2004=ORIENTED_EDGE('',*,*,#1449,.F.);
#2005=ORIENTED_EDGE('',*,*,#1450,.F.);
#2006=ORIENTED_EDGE('',*,*,#1432,.T.);
#2007=ORIENTED_EDGE('',*,*,#1451,.F.);
#2008=ORIENTED_EDGE('',*,*,#1452,.T.);
#2009=ORIENTED_EDGE('',*,*,#1453,.F.);
#2010=ORIENTED_EDGE('',*,*,#1452,.F.);
#2011=ORIENTED_EDGE('',*,*,#1454,.T.);
#2012=ORIENTED_EDGE('',*,*,#1455,.T.);
#2013=ORIENTED_EDGE('',*,*,#1456,.F.);
#2014=ORIENTED_EDGE('',*,*,#1455,.F.);
#2015=ORIENTED_EDGE('',*,*,#1454,.F.);
#2016=ORIENTED_EDGE('',*,*,#1453,.T.);
#2017=ORIENTED_EDGE('',*,*,#1457,.T.);
#2018=ORIENTED_EDGE('',*,*,#1458,.T.);
#2019=ORIENTED_EDGE('',*,*,#1459,.F.);
#2020=ORIENTED_EDGE('',*,*,#1458,.F.);
#2021=ORIENTED_EDGE('',*,*,#1457,.F.);
#2022=ORIENTED_EDGE('',*,*,#1456,.T.);
#2023=ORIENTED_EDGE('',*,*,#1460,.F.);
#2024=ORIENTED_EDGE('',*,*,#1461,.T.);
#2025=ORIENTED_EDGE('',*,*,#1462,.F.);
#2026=ORIENTED_EDGE('',*,*,#1461,.F.);
#2027=ORIENTED_EDGE('',*,*,#1463,.T.);
#2028=ORIENTED_EDGE('',*,*,#1464,.T.);
#2029=ORIENTED_EDGE('',*,*,#1465,.F.);
#2030=ORIENTED_EDGE('',*,*,#1464,.F.);
#2031=ORIENTED_EDGE('',*,*,#1463,.F.);
#2032=ORIENTED_EDGE('',*,*,#1462,.T.);
#2033=ORIENTED_EDGE('',*,*,#1466,.T.);
#2034=ORIENTED_EDGE('',*,*,#1467,.T.);
#2035=ORIENTED_EDGE('',*,*,#1468,.F.);
#2036=ORIENTED_EDGE('',*,*,#1467,.F.);
#2037=ORIENTED_EDGE('',*,*,#1466,.F.);
#2038=ORIENTED_EDGE('',*,*,#1465,.T.);
#2039=ORIENTED_EDGE('',*,*,#1469,.F.);
#2040=ORIENTED_EDGE('',*,*,#1470,.F.);
#2041=ORIENTED_EDGE('',*,*,#1471,.F.);
#2042=ORIENTED_EDGE('',*,*,#1472,.F.);
#2043=ORIENTED_EDGE('',*,*,#1473,.F.);
#2044=ORIENTED_EDGE('',*,*,#1474,.F.);
#2045=ORIENTED_EDGE('',*,*,#1475,.F.);
#2046=ORIENTED_EDGE('',*,*,#1476,.T.);
#2047=ORIENTED_EDGE('',*,*,#1325,.T.);
#2048=ORIENTED_EDGE('',*,*,#1327,.T.);
#2049=ORIENTED_EDGE('',*,*,#1477,.T.);
#2050=ORIENTED_EDGE('',*,*,#1473,.T.);
#2051=ORIENTED_EDGE('',*,*,#1478,.F.);
#2052=ORIENTED_EDGE('',*,*,#1288,.F.);
#2053=ORIENTED_EDGE('',*,*,#1479,.F.);
#2054=ORIENTED_EDGE('',*,*,#1480,.T.);
#2055=ORIENTED_EDGE('',*,*,#1481,.T.);
#2056=ORIENTED_EDGE('',*,*,#1482,.T.);
#2057=ORIENTED_EDGE('',*,*,#1483,.T.);
#2058=ORIENTED_EDGE('',*,*,#1445,.T.);
#2059=ORIENTED_EDGE('',*,*,#1394,.T.);
#2060=ORIENTED_EDGE('',*,*,#1396,.T.);
#2061=ORIENTED_EDGE('',*,*,#1484,.T.);
#2062=ORIENTED_EDGE('',*,*,#1485,.T.);
#2063=ORIENTED_EDGE('',*,*,#1486,.T.);
#2064=ORIENTED_EDGE('',*,*,#1487,.T.);
#2065=ORIENTED_EDGE('',*,*,#1488,.F.);
#2066=ORIENTED_EDGE('',*,*,#1304,.F.);
#2067=ORIENTED_EDGE('',*,*,#1489,.F.);
#2068=ORIENTED_EDGE('',*,*,#1469,.T.);
#2069=ORIENTED_EDGE('',*,*,#1490,.T.);
#2070=ORIENTED_EDGE('',*,*,#1448,.T.);
#2071=ORIENTED_EDGE('',*,*,#1474,.T.);
#2072=ORIENTED_EDGE('',*,*,#1477,.F.);
#2073=ORIENTED_EDGE('',*,*,#1336,.F.);
#2074=ORIENTED_EDGE('',*,*,#1483,.F.);
#2075=ORIENTED_EDGE('',*,*,#1491,.F.);
#2076=ORIENTED_EDGE('',*,*,#1492,.F.);
#2077=ORIENTED_EDGE('',*,*,#1472,.T.);
#2078=ORIENTED_EDGE('',*,*,#1493,.F.);
#2079=ORIENTED_EDGE('',*,*,#1494,.T.);
#2080=ORIENTED_EDGE('',*,*,#1484,.F.);
#2081=ORIENTED_EDGE('',*,*,#1405,.F.);
#2082=ORIENTED_EDGE('',*,*,#1490,.F.);
#2083=ORIENTED_EDGE('',*,*,#1495,.T.);
#2084=ORIENTED_EDGE('',*,*,#1496,.T.);
#2085=ORIENTED_EDGE('',*,*,#1497,.T.);
#2086=ORIENTED_EDGE('',*,*,#1498,.T.);
#2087=ORIENTED_EDGE('',*,*,#1499,.T.);
#2088=ORIENTED_EDGE('',*,*,#1500,.T.);
#2089=ORIENTED_EDGE('',*,*,#1501,.T.);
#2090=ORIENTED_EDGE('',*,*,#1502,.T.);
#2091=ORIENTED_EDGE('',*,*,#1503,.T.);
#2092=ORIENTED_EDGE('',*,*,#1504,.T.);
#2093=ORIENTED_EDGE('',*,*,#1505,.T.);
#2094=ORIENTED_EDGE('',*,*,#1506,.T.);
#2095=ORIENTED_EDGE('',*,*,#1507,.T.);
#2096=ORIENTED_EDGE('',*,*,#1508,.T.);
#2097=ORIENTED_EDGE('',*,*,#1509,.T.);
#2098=ORIENTED_EDGE('',*,*,#1510,.T.);
#2099=ORIENTED_EDGE('',*,*,#1511,.T.);
#2100=ORIENTED_EDGE('',*,*,#1512,.T.);
#2101=ORIENTED_EDGE('',*,*,#1513,.T.);
#2102=ORIENTED_EDGE('',*,*,#1514,.T.);
#2103=ORIENTED_EDGE('',*,*,#1515,.T.);
#2104=ORIENTED_EDGE('',*,*,#1516,.T.);
#2105=ORIENTED_EDGE('',*,*,#1517,.T.);
#2106=ORIENTED_EDGE('',*,*,#1518,.T.);
#2107=ORIENTED_EDGE('',*,*,#1519,.T.);
#2108=ORIENTED_EDGE('',*,*,#1520,.T.);
#2109=ORIENTED_EDGE('',*,*,#1521,.T.);
#2110=ORIENTED_EDGE('',*,*,#1459,.T.);
#2111=ORIENTED_EDGE('',*,*,#1468,.T.);
#2112=ORIENTED_EDGE('',*,*,#1471,.T.);
#2113=ORIENTED_EDGE('',*,*,#1522,.T.);
#2114=ORIENTED_EDGE('',*,*,#1475,.T.);
#2115=ORIENTED_EDGE('',*,*,#1492,.T.);
#2116=ORIENTED_EDGE('',*,*,#1523,.T.);
#2117=ORIENTED_EDGE('',*,*,#1524,.T.);
#2118=ORIENTED_EDGE('',*,*,#1525,.T.);
#2119=ORIENTED_EDGE('',*,*,#1526,.T.);
#2120=ORIENTED_EDGE('',*,*,#1527,.T.);
#2121=ORIENTED_EDGE('',*,*,#1528,.T.);
#2122=ORIENTED_EDGE('',*,*,#1529,.T.);
#2123=ORIENTED_EDGE('',*,*,#1493,.T.);
#2124=ORIENTED_EDGE('',*,*,#1480,.F.);
#2125=ORIENTED_EDGE('',*,*,#1530,.F.);
#2126=ORIENTED_EDGE('',*,*,#1525,.F.);
#2127=ORIENTED_EDGE('',*,*,#1531,.F.);
#2128=ORIENTED_EDGE('',*,*,#1487,.F.);
#2129=ORIENTED_EDGE('',*,*,#1532,.F.);
#2130=ORIENTED_EDGE('',*,*,#1527,.F.);
#2131=ORIENTED_EDGE('',*,*,#1533,.T.);
#2132=ORIENTED_EDGE('',*,*,#1532,.T.);
#2133=ORIENTED_EDGE('',*,*,#1486,.F.);
#2134=ORIENTED_EDGE('',*,*,#1534,.F.);
#2135=ORIENTED_EDGE('',*,*,#1528,.F.);
#2136=ORIENTED_EDGE('',*,*,#1485,.F.);
#2137=ORIENTED_EDGE('',*,*,#1494,.F.);
#2138=ORIENTED_EDGE('',*,*,#1529,.F.);
#2139=ORIENTED_EDGE('',*,*,#1534,.T.);
#2140=ORIENTED_EDGE('',*,*,#1531,.T.);
#2141=ORIENTED_EDGE('',*,*,#1524,.F.);
#2142=ORIENTED_EDGE('',*,*,#1535,.T.);
#2143=ORIENTED_EDGE('',*,*,#1481,.F.);
#2144=ORIENTED_EDGE('',*,*,#1482,.F.);
#2145=ORIENTED_EDGE('',*,*,#1535,.F.);
#2146=ORIENTED_EDGE('',*,*,#1523,.F.);
#2147=ORIENTED_EDGE('',*,*,#1491,.T.);
#2148=ORIENTED_EDGE('',*,*,#1489,.T.);
#2149=ORIENTED_EDGE('',*,*,#1303,.T.);
#2150=ORIENTED_EDGE('',*,*,#1536,.F.);
#2151=ORIENTED_EDGE('',*,*,#1289,.F.);
#2152=ORIENTED_EDGE('',*,*,#1478,.T.);
#2153=ORIENTED_EDGE('',*,*,#1476,.F.);
#2154=ORIENTED_EDGE('',*,*,#1522,.F.);
#2155=ORIENTED_EDGE('',*,*,#1470,.T.);
#2156=ORIENTED_EDGE('',*,*,#1479,.T.);
#2157=ORIENTED_EDGE('',*,*,#1287,.T.);
#2158=ORIENTED_EDGE('',*,*,#1537,.F.);
#2159=ORIENTED_EDGE('',*,*,#1305,.F.);
#2160=ORIENTED_EDGE('',*,*,#1488,.T.);
#2161=ORIENTED_EDGE('',*,*,#1533,.F.);
#2162=ORIENTED_EDGE('',*,*,#1526,.F.);
#2163=ORIENTED_EDGE('',*,*,#1530,.T.);
#2164=ORIENTED_EDGE('',*,*,#1538,.T.);
#2165=ORIENTED_EDGE('',*,*,#1451,.T.);
#2166=ORIENTED_EDGE('',*,*,#1539,.T.);
#2167=ORIENTED_EDGE('',*,*,#1540,.T.);
#2168=ORIENTED_EDGE('',*,*,#1541,.T.);
#2169=ORIENTED_EDGE('',*,*,#1542,.T.);
#2170=ORIENTED_EDGE('',*,*,#1543,.F.);
#2171=ORIENTED_EDGE('',*,*,#1544,.T.);
#2172=ORIENTED_EDGE('',*,*,#1545,.T.);
#2173=ORIENTED_EDGE('',*,*,#1546,.T.);
#2174=ORIENTED_EDGE('',*,*,#1460,.T.);
#2175=ORIENTED_EDGE('',*,*,#1547,.F.);
#2176=ORIENTED_EDGE('',*,*,#1548,.F.);
#2177=ORIENTED_EDGE('',*,*,#1516,.F.);
#2178=ORIENTED_EDGE('',*,*,#1549,.T.);
#2179=ORIENTED_EDGE('',*,*,#1550,.T.);
#2180=ORIENTED_EDGE('',*,*,#1551,.T.);
#2181=ORIENTED_EDGE('',*,*,#1552,.F.);
#2182=ORIENTED_EDGE('',*,*,#1553,.F.);
#2183=ORIENTED_EDGE('',*,*,#1550,.F.);
#2184=ORIENTED_EDGE('',*,*,#1547,.T.);
#2185=ORIENTED_EDGE('',*,*,#1554,.T.);
#2186=ORIENTED_EDGE('',*,*,#1555,.T.);
#2187=ORIENTED_EDGE('',*,*,#1556,.T.);
#2188=ORIENTED_EDGE('',*,*,#1557,.T.);
#2189=ORIENTED_EDGE('',*,*,#1558,.T.);
#2190=ORIENTED_EDGE('',*,*,#1559,.T.);
#2191=ORIENTED_EDGE('',*,*,#1242,.T.);
#2192=ORIENTED_EDGE('',*,*,#1249,.T.);
#2193=ORIENTED_EDGE('',*,*,#1233,.T.);
#2194=ORIENTED_EDGE('',*,*,#1236,.T.);
#2195=ORIENTED_EDGE('',*,*,#1245,.T.);
#2196=ORIENTED_EDGE('',*,*,#1250,.T.);
#2197=ORIENTED_EDGE('',*,*,#1246,.T.);
#2198=ORIENTED_EDGE('',*,*,#1239,.T.);
#2199=ORIENTED_EDGE('',*,*,#1266,.T.);
#2200=ORIENTED_EDGE('',*,*,#1273,.T.);
#2201=ORIENTED_EDGE('',*,*,#1257,.T.);
#2202=ORIENTED_EDGE('',*,*,#1260,.T.);
#2203=ORIENTED_EDGE('',*,*,#1269,.T.);
#2204=ORIENTED_EDGE('',*,*,#1274,.T.);
#2205=ORIENTED_EDGE('',*,*,#1270,.T.);
#2206=ORIENTED_EDGE('',*,*,#1263,.T.);
#2207=ORIENTED_EDGE('',*,*,#1549,.F.);
#2208=ORIENTED_EDGE('',*,*,#1515,.F.);
#2209=ORIENTED_EDGE('',*,*,#1560,.T.);
#2210=ORIENTED_EDGE('',*,*,#1554,.F.);
#2211=ORIENTED_EDGE('',*,*,#1559,.F.);
#2212=ORIENTED_EDGE('',*,*,#1561,.F.);
#2213=ORIENTED_EDGE('',*,*,#1510,.F.);
#2214=ORIENTED_EDGE('',*,*,#1562,.T.);
#2215=ORIENTED_EDGE('',*,*,#1561,.T.);
#2216=ORIENTED_EDGE('',*,*,#1558,.F.);
#2217=ORIENTED_EDGE('',*,*,#1563,.F.);
#2218=ORIENTED_EDGE('',*,*,#1511,.F.);
#2219=ORIENTED_EDGE('',*,*,#1564,.T.);
#2220=ORIENTED_EDGE('',*,*,#1555,.F.);
#2221=ORIENTED_EDGE('',*,*,#1560,.F.);
#2222=ORIENTED_EDGE('',*,*,#1514,.F.);
#2223=ORIENTED_EDGE('',*,*,#1565,.F.);
#2224=ORIENTED_EDGE('',*,*,#1512,.F.);
#2225=ORIENTED_EDGE('',*,*,#1563,.T.);
#2226=ORIENTED_EDGE('',*,*,#1557,.F.);
#2227=ORIENTED_EDGE('',*,*,#1565,.T.);
#2228=ORIENTED_EDGE('',*,*,#1556,.F.);
#2229=ORIENTED_EDGE('',*,*,#1564,.F.);
#2230=ORIENTED_EDGE('',*,*,#1513,.F.);
#2231=ORIENTED_EDGE('',*,*,#1544,.F.);
#2232=ORIENTED_EDGE('',*,*,#1566,.F.);
#2233=ORIENTED_EDGE('',*,*,#1496,.F.);
#2234=ORIENTED_EDGE('',*,*,#1567,.T.);
#2235=ORIENTED_EDGE('',*,*,#1567,.F.);
#2236=ORIENTED_EDGE('',*,*,#1495,.F.);
#2237=ORIENTED_EDGE('',*,*,#1568,.T.);
#2238=ORIENTED_EDGE('',*,*,#1545,.F.);
#2239=ORIENTED_EDGE('',*,*,#1542,.F.);
#2240=ORIENTED_EDGE('',*,*,#1569,.F.);
#2241=ORIENTED_EDGE('',*,*,#1519,.F.);
#2242=ORIENTED_EDGE('',*,*,#1570,.T.);
#2243=ORIENTED_EDGE('',*,*,#1543,.T.);
#2244=ORIENTED_EDGE('',*,*,#1570,.F.);
#2245=ORIENTED_EDGE('',*,*,#1518,.F.);
#2246=ORIENTED_EDGE('',*,*,#1571,.T.);
#2247=ORIENTED_EDGE('',*,*,#1572,.F.);
#2248=ORIENTED_EDGE('',*,*,#1573,.F.);
#2249=ORIENTED_EDGE('',*,*,#1497,.F.);
#2250=ORIENTED_EDGE('',*,*,#1566,.T.);
#2251=ORIENTED_EDGE('',*,*,#1574,.F.);
#2252=ORIENTED_EDGE('',*,*,#1575,.F.);
#2253=ORIENTED_EDGE('',*,*,#1502,.F.);
#2254=ORIENTED_EDGE('',*,*,#1576,.T.);
#2255=ORIENTED_EDGE('',*,*,#1577,.T.);
#2256=ORIENTED_EDGE('',*,*,#1576,.F.);
#2257=ORIENTED_EDGE('',*,*,#1501,.F.);
#2258=ORIENTED_EDGE('',*,*,#1578,.T.);
#2259=ORIENTED_EDGE('',*,*,#1579,.F.);
#2260=ORIENTED_EDGE('',*,*,#1580,.F.);
#2261=ORIENTED_EDGE('',*,*,#1508,.F.);
#2262=ORIENTED_EDGE('',*,*,#1581,.T.);
#2263=ORIENTED_EDGE('',*,*,#1582,.F.);
#2264=ORIENTED_EDGE('',*,*,#1581,.F.);
#2265=ORIENTED_EDGE('',*,*,#1507,.F.);
#2266=ORIENTED_EDGE('',*,*,#1583,.T.);
#2267=ORIENTED_EDGE('',*,*,#1584,.T.);
#2268=ORIENTED_EDGE('',*,*,#1585,.T.);
#2269=ORIENTED_EDGE('',*,*,#1574,.T.);
#2270=ORIENTED_EDGE('',*,*,#1577,.F.);
#2271=ORIENTED_EDGE('',*,*,#1582,.T.);
#2272=ORIENTED_EDGE('',*,*,#1586,.T.);
#2273=ORIENTED_EDGE('',*,*,#1583,.F.);
#2274=ORIENTED_EDGE('',*,*,#1506,.F.);
#2275=ORIENTED_EDGE('',*,*,#1587,.T.);
#2276=ORIENTED_EDGE('',*,*,#1586,.F.);
#2277=ORIENTED_EDGE('',*,*,#1569,.T.);
#2278=ORIENTED_EDGE('',*,*,#1541,.F.);
#2279=ORIENTED_EDGE('',*,*,#1588,.F.);
#2280=ORIENTED_EDGE('',*,*,#1520,.F.);
#2281=ORIENTED_EDGE('',*,*,#1588,.T.);
#2282=ORIENTED_EDGE('',*,*,#1540,.F.);
#2283=ORIENTED_EDGE('',*,*,#1589,.T.);
#2284=ORIENTED_EDGE('',*,*,#1538,.F.);
#2285=ORIENTED_EDGE('',*,*,#1589,.F.);
#2286=ORIENTED_EDGE('',*,*,#1539,.F.);
#2287=ORIENTED_EDGE('',*,*,#1568,.F.);
#2288=ORIENTED_EDGE('',*,*,#1521,.F.);
#2289=ORIENTED_EDGE('',*,*,#1590,.T.);
#2290=ORIENTED_EDGE('',*,*,#1584,.F.);
#2291=ORIENTED_EDGE('',*,*,#1587,.F.);
#2292=ORIENTED_EDGE('',*,*,#1505,.F.);
#2293=ORIENTED_EDGE('',*,*,#1591,.T.);
#2294=ORIENTED_EDGE('',*,*,#1546,.F.);
#2295=ORIENTED_EDGE('',*,*,#1591,.F.);
#2296=ORIENTED_EDGE('',*,*,#1504,.F.);
#2297=ORIENTED_EDGE('',*,*,#1575,.T.);
#2298=ORIENTED_EDGE('',*,*,#1585,.F.);
#2299=ORIENTED_EDGE('',*,*,#1590,.F.);
#2300=ORIENTED_EDGE('',*,*,#1503,.F.);
#2301=ORIENTED_EDGE('',*,*,#1573,.T.);
#2302=ORIENTED_EDGE('',*,*,#1592,.F.);
#2303=ORIENTED_EDGE('',*,*,#1593,.F.);
#2304=ORIENTED_EDGE('',*,*,#1498,.F.);
#2305=ORIENTED_EDGE('',*,*,#1548,.T.);
#2306=ORIENTED_EDGE('',*,*,#1553,.T.);
#2307=ORIENTED_EDGE('',*,*,#1594,.F.);
#2308=ORIENTED_EDGE('',*,*,#1571,.F.);
#2309=ORIENTED_EDGE('',*,*,#1517,.F.);
#2310=ORIENTED_EDGE('',*,*,#1578,.F.);
#2311=ORIENTED_EDGE('',*,*,#1500,.F.);
#2312=ORIENTED_EDGE('',*,*,#1595,.T.);
#2313=ORIENTED_EDGE('',*,*,#1596,.F.);
#2314=ORIENTED_EDGE('',*,*,#1572,.T.);
#2315=ORIENTED_EDGE('',*,*,#1594,.T.);
#2316=ORIENTED_EDGE('',*,*,#1552,.T.);
#2317=ORIENTED_EDGE('',*,*,#1597,.T.);
#2318=ORIENTED_EDGE('',*,*,#1579,.T.);
#2319=ORIENTED_EDGE('',*,*,#1596,.T.);
#2320=ORIENTED_EDGE('',*,*,#1598,.T.);
#2321=ORIENTED_EDGE('',*,*,#1592,.T.);
#2322=ORIENTED_EDGE('',*,*,#1284,.T.);
#2323=ORIENTED_EDGE('',*,*,#1290,.T.);
#2324=ORIENTED_EDGE('',*,*,#1536,.T.);
#2325=ORIENTED_EDGE('',*,*,#1302,.T.);
#2326=ORIENTED_EDGE('',*,*,#1301,.T.);
#2327=ORIENTED_EDGE('',*,*,#1299,.T.);
#2328=ORIENTED_EDGE('',*,*,#1297,.T.);
#2329=ORIENTED_EDGE('',*,*,#1306,.T.);
#2330=ORIENTED_EDGE('',*,*,#1537,.T.);
#2331=ORIENTED_EDGE('',*,*,#1286,.T.);
#2332=ORIENTED_EDGE('',*,*,#1281,.T.);
#2333=ORIENTED_EDGE('',*,*,#1285,.T.);
#2334=ORIENTED_EDGE('',*,*,#1562,.F.);
#2335=ORIENTED_EDGE('',*,*,#1509,.F.);
#2336=ORIENTED_EDGE('',*,*,#1580,.T.);
#2337=ORIENTED_EDGE('',*,*,#1597,.F.);
#2338=ORIENTED_EDGE('',*,*,#1551,.F.);
#2339=ORIENTED_EDGE('',*,*,#1593,.T.);
#2340=ORIENTED_EDGE('',*,*,#1598,.F.);
#2341=ORIENTED_EDGE('',*,*,#1595,.F.);
#2342=ORIENTED_EDGE('',*,*,#1499,.F.);
#2343=PLANE('',#2583);
#2344=PLANE('',#2584);
#2345=PLANE('',#2585);
#2346=PLANE('',#2586);
#2347=PLANE('',#2587);
#2348=PLANE('',#2588);
#2349=PLANE('',#2589);
#2350=PLANE('',#2590);
#2351=PLANE('',#2591);
#2352=PLANE('',#2592);
#2353=PLANE('',#2593);
#2354=PLANE('',#2594);
#2355=PLANE('',#2595);
#2356=PLANE('',#2596);
#2357=PLANE('',#2597);
#2358=PLANE('',#2598);
#2359=PLANE('',#2599);
#2360=PLANE('',#2600);
#2361=PLANE('',#2601);
#2362=PLANE('',#2602);
#2363=PLANE('',#2603);
#2364=PLANE('',#2604);
#2365=PLANE('',#2605);
#2366=PLANE('',#2606);
#2367=PLANE('',#2607);
#2368=PLANE('',#2608);
#2369=PLANE('',#2609);
#2370=PLANE('',#2610);
#2371=PLANE('',#2613);
#2372=PLANE('',#2625);
#2373=PLANE('',#2630);
#2374=PLANE('',#2631);
#2375=PLANE('',#2632);
#2376=PLANE('',#2633);
#2377=PLANE('',#2636);
#2378=PLANE('',#2642);
#2379=PLANE('',#2644);
#2380=PLANE('',#2654);
#2381=PLANE('',#2659);
#2382=PLANE('',#2660);
#2383=PLANE('',#2661);
#2384=PLANE('',#2664);
#2385=PLANE('',#2676);
#2386=PLANE('',#2681);
#2387=PLANE('',#2682);
#2388=PLANE('',#2683);
#2389=PLANE('',#2684);
#2390=PLANE('',#2687);
#2391=PLANE('',#2693);
#2392=PLANE('',#2695);
#2393=PLANE('',#2705);
#2394=PLANE('',#2710);
#2395=PLANE('',#2714);
#2396=PLANE('',#2718);
#2397=PLANE('',#2725);
#2398=PLANE('',#2729);
#2399=PLANE('',#2736);
#2400=PLANE('',#2740);
#2401=PLANE('',#2741);
#2402=PLANE('',#2742);
#2403=PLANE('',#2743);
#2404=PLANE('',#2744);
#2405=PLANE('',#2745);
#2406=PLANE('',#2746);
#2407=PLANE('',#2747);
#2408=PLANE('',#2763);
#2409=PLANE('',#2764);
#2410=PLANE('',#2765);
#2411=PLANE('',#2766);
#2412=PLANE('',#2767);
#2413=PLANE('',#2768);
#2414=PLANE('',#2769);
#2415=PLANE('',#2770);
#2416=PLANE('',#2771);
#2417=PLANE('',#2773);
#2418=PLANE('',#2778);
#2419=PLANE('',#2782);
#2420=PLANE('',#2783);
#2421=PLANE('',#2787);
#2422=PLANE('',#2789);
#2423=PLANE('',#2792);
#2424=PLANE('',#2794);
#2425=PLANE('',#2796);
#2426=PLANE('',#2799);
#2427=PLANE('',#2802);
#2428=PLANE('',#2804);
#2429=PLANE('',#2805);
#2430=PLANE('',#2808);
#2431=PLANE('',#2815);
#2432=PLANE('',#2818);
#2433=ADVANCED_FACE('',(#211),#2343,.T.);
#2434=ADVANCED_FACE('',(#212),#2344,.F.);
#2435=ADVANCED_FACE('',(#213),#2345,.F.);
#2436=ADVANCED_FACE('',(#214),#2346,.F.);
#2437=ADVANCED_FACE('',(#215),#2347,.F.);
#2438=ADVANCED_FACE('',(#216),#2348,.F.);
#2439=ADVANCED_FACE('',(#217),#2349,.F.);
#2440=ADVANCED_FACE('',(#218),#2350,.F.);
#2441=ADVANCED_FACE('',(#219),#2351,.T.);
#2442=ADVANCED_FACE('',(#220),#2352,.F.);
#2443=ADVANCED_FACE('',(#221),#2353,.F.);
#2444=ADVANCED_FACE('',(#222),#2354,.F.);
#2445=ADVANCED_FACE('',(#223),#2355,.F.);
#2446=ADVANCED_FACE('',(#224),#2356,.F.);
#2447=ADVANCED_FACE('',(#225),#2357,.F.);
#2448=ADVANCED_FACE('',(#226),#2358,.F.);
#2449=ADVANCED_FACE('',(#227),#2359,.F.);
#2450=ADVANCED_FACE('',(#228),#2360,.T.);
#2451=ADVANCED_FACE('',(#229),#2361,.T.);
#2452=ADVANCED_FACE('',(#230),#2362,.T.);
#2453=ADVANCED_FACE('',(#231),#2363,.T.);
#2454=ADVANCED_FACE('',(#232),#2364,.F.);
#2455=ADVANCED_FACE('',(#233),#2365,.T.);
#2456=ADVANCED_FACE('',(#234),#2366,.T.);
#2457=ADVANCED_FACE('',(#235),#2367,.T.);
#2458=ADVANCED_FACE('',(#236),#2368,.T.);
#2459=ADVANCED_FACE('',(#237),#2369,.T.);
#2460=ADVANCED_FACE('',(#238),#2370,.F.);
#2461=ADVANCED_FACE('',(#239),#2371,.T.);
#2462=ADVANCED_FACE('',(#240),#49,.T.);
#2463=ADVANCED_FACE('',(#241),#33,.T.);
#2464=ADVANCED_FACE('',(#242),#34,.T.);
#2465=ADVANCED_FACE('',(#243),#2372,.T.);
#2466=ADVANCED_FACE('',(#244),#35,.T.);
#2467=ADVANCED_FACE('',(#245),#36,.T.);
#2468=ADVANCED_FACE('',(#246),#2373,.T.);
#2469=ADVANCED_FACE('',(#247),#2374,.T.);
#2470=ADVANCED_FACE('',(#248),#2375,.T.);
#2471=ADVANCED_FACE('',(#249),#2376,.F.);
#2472=ADVANCED_FACE('',(#250),#2377,.T.);
#2473=ADVANCED_FACE('',(#251),#50,.T.);
#2474=ADVANCED_FACE('',(#252),#2378,.T.);
#2475=ADVANCED_FACE('',(#253),#2379,.T.);
#2476=ADVANCED_FACE('',(#254),#51,.T.);
#2477=ADVANCED_FACE('',(#255),#52,.T.);
#2478=ADVANCED_FACE('',(#256),#37,.T.);
#2479=ADVANCED_FACE('',(#257),#38,.T.);
#2480=ADVANCED_FACE('',(#258),#2380,.T.);
#2481=ADVANCED_FACE('',(#259),#39,.T.);
#2482=ADVANCED_FACE('',(#260),#40,.T.);
#2483=ADVANCED_FACE('',(#261),#2381,.T.);
#2484=ADVANCED_FACE('',(#262),#2382,.T.);
#2485=ADVANCED_FACE('',(#263),#2383,.F.);
#2486=ADVANCED_FACE('',(#264),#2384,.T.);
#2487=ADVANCED_FACE('',(#265),#53,.T.);
#2488=ADVANCED_FACE('',(#266),#41,.T.);
#2489=ADVANCED_FACE('',(#267),#42,.T.);
#2490=ADVANCED_FACE('',(#268),#2385,.T.);
#2491=ADVANCED_FACE('',(#269),#43,.T.);
#2492=ADVANCED_FACE('',(#270),#44,.T.);
#2493=ADVANCED_FACE('',(#271),#2386,.T.);
#2494=ADVANCED_FACE('',(#272),#2387,.T.);
#2495=ADVANCED_FACE('',(#273),#2388,.T.);
#2496=ADVANCED_FACE('',(#274),#2389,.F.);
#2497=ADVANCED_FACE('',(#275),#2390,.T.);
#2498=ADVANCED_FACE('',(#276),#54,.T.);
#2499=ADVANCED_FACE('',(#277),#2391,.T.);
#2500=ADVANCED_FACE('',(#278),#2392,.T.);
#2501=ADVANCED_FACE('',(#279),#55,.T.);
#2502=ADVANCED_FACE('',(#280),#56,.T.);
#2503=ADVANCED_FACE('',(#281),#45,.T.);
#2504=ADVANCED_FACE('',(#282),#46,.T.);
#2505=ADVANCED_FACE('',(#283),#2393,.T.);
#2506=ADVANCED_FACE('',(#284),#47,.T.);
#2507=ADVANCED_FACE('',(#285),#48,.T.);
#2508=ADVANCED_FACE('',(#286),#2394,.T.);
#2509=ADVANCED_FACE('',(#287),#57,.F.);
#2510=ADVANCED_FACE('',(#288,#15),#2395,.F.);
#2511=ADVANCED_FACE('',(#289),#58,.F.);
#2512=ADVANCED_FACE('',(#290,#16),#2396,.F.);
#2513=ADVANCED_FACE('',(#291),#59,.F.);
#2514=ADVANCED_FACE('',(#292),#60,.F.);
#2515=ADVANCED_FACE('',(#293,#17),#2397,.F.);
#2516=ADVANCED_FACE('',(#294),#61,.F.);
#2517=ADVANCED_FACE('',(#295,#18),#2398,.F.);
#2518=ADVANCED_FACE('',(#296),#62,.F.);
#2519=ADVANCED_FACE('',(#297),#63,.F.);
#2520=ADVANCED_FACE('',(#298,#19),#2399,.F.);
#2521=ADVANCED_FACE('',(#299),#64,.F.);
#2522=ADVANCED_FACE('',(#300,#20),#2400,.F.);
#2523=ADVANCED_FACE('',(#301),#2401,.T.);
#2524=ADVANCED_FACE('',(#302),#2402,.T.);
#2525=ADVANCED_FACE('',(#303,#21),#2403,.F.);
#2526=ADVANCED_FACE('',(#304,#22),#2404,.F.);
#2527=ADVANCED_FACE('',(#305),#2405,.T.);
#2528=ADVANCED_FACE('',(#306),#2406,.T.);
#2529=ADVANCED_FACE('',(#307,#23,#24,#25),#2407,.T.);
#2530=ADVANCED_FACE('',(#308),#2408,.T.);
#2531=ADVANCED_FACE('',(#309),#2409,.T.);
#2532=ADVANCED_FACE('',(#310),#2410,.T.);
#2533=ADVANCED_FACE('',(#311),#2411,.T.);
#2534=ADVANCED_FACE('',(#312),#2412,.T.);
#2535=ADVANCED_FACE('',(#313),#2413,.T.);
#2536=ADVANCED_FACE('',(#314),#2414,.T.);
#2537=ADVANCED_FACE('',(#315),#2415,.T.);
#2538=ADVANCED_FACE('',(#316,#26),#2416,.T.);
#2539=ADVANCED_FACE('',(#317),#2417,.F.);
#2540=ADVANCED_FACE('',(#318,#27),#2418,.T.);
#2541=ADVANCED_FACE('',(#319),#65,.F.);
#2542=ADVANCED_FACE('',(#320),#2419,.F.);
#2543=ADVANCED_FACE('',(#321,#28,#29,#30,#31),#2420,.F.);
#2544=ADVANCED_FACE('',(#322),#2421,.F.);
#2545=ADVANCED_FACE('',(#323),#66,.F.);
#2546=ADVANCED_FACE('',(#324),#2422,.F.);
#2547=ADVANCED_FACE('',(#325),#67,.T.);
#2548=ADVANCED_FACE('',(#326),#68,.T.);
#2549=ADVANCED_FACE('',(#327),#2423,.F.);
#2550=ADVANCED_FACE('',(#328),#69,.F.);
#2551=ADVANCED_FACE('',(#329),#2424,.F.);
#2552=ADVANCED_FACE('',(#330),#70,.F.);
#2553=ADVANCED_FACE('',(#331),#2425,.F.);
#2554=ADVANCED_FACE('',(#332),#71,.F.);
#2555=ADVANCED_FACE('',(#333),#2426,.F.);
#2556=ADVANCED_FACE('',(#334),#72,.F.);
#2557=ADVANCED_FACE('',(#335),#2427,.F.);
#2558=ADVANCED_FACE('',(#336),#2428,.F.);
#2559=ADVANCED_FACE('',(#337),#2429,.F.);
#2560=ADVANCED_FACE('',(#338),#73,.T.);
#2561=ADVANCED_FACE('',(#339),#74,.T.);
#2562=ADVANCED_FACE('',(#340),#2430,.F.);
#2563=ADVANCED_FACE('',(#341),#75,.T.);
#2564=ADVANCED_FACE('',(#342),#76,.T.);
#2565=ADVANCED_FACE('',(#343),#77,.T.);
#2566=ADVANCED_FACE('',(#344,#32),#2431,.F.);
#2567=ADVANCED_FACE('',(#345),#78,.T.);
#2568=ADVANCED_FACE('',(#346),#2432,.F.);
#2569=CLOSED_SHELL('',(#2433,#2434,#2435,#2436,#2437,#2438,#2439,#2440,
#2441,#2442,#2443,#2444,#2445,#2446,#2447,#2448,#2449,#2450,#2451,#2452,
#2453,#2454,#2455,#2456,#2457,#2458,#2459,#2460,#2461,#2462,#2463,#2464,
#2465,#2466,#2467,#2468,#2469,#2470,#2471,#2472,#2473,#2474,#2475,#2476,
#2477,#2478,#2479,#2480,#2481,#2482,#2483,#2484,#2485,#2486,#2487,#2488,
#2489,#2490,#2491,#2492,#2493,#2494,#2495,#2496,#2497,#2498,#2499,#2500,
#2501,#2502,#2503,#2504,#2505,#2506,#2507,#2508,#2509,#2510,#2511,#2512,
#2513,#2514,#2515,#2516,#2517,#2518,#2519,#2520,#2521,#2522,#2523,#2524,
#2525,#2526,#2527,#2528,#2529,#2530,#2531,#2532,#2533,#2534,#2535,#2536,
#2537,#2538,#2539,#2540,#2541,#2542,#2543,#2544,#2545,#2546,#2547,#2548,
#2549,#2550,#2551,#2552,#2553,#2554,#2555,#2556,#2557,#2558,#2559,#2560,
#2561,#2562,#2563,#2564,#2565,#2566,#2567,#2568));
#2570=DERIVED_UNIT_ELEMENT(#2572,1.);
#2571=DERIVED_UNIT_ELEMENT(#4357,-3.);
#2572=(
MASS_UNIT()
NAMED_UNIT(*)
SI_UNIT(.KILO.,.GRAM.)
);
#2573=DERIVED_UNIT((#2570,#2571));
#2574=MEASURE_REPRESENTATION_ITEM('density measure',
POSITIVE_RATIO_MEASURE(7850.),#2573);
#2575=PROPERTY_DEFINITION_REPRESENTATION(#2580,#2577);
#2576=PROPERTY_DEFINITION_REPRESENTATION(#2581,#2578);
#2577=REPRESENTATION('material name',(#2579),#4354);
#2578=REPRESENTATION('density',(#2574),#4354);
#2579=DESCRIPTIVE_REPRESENTATION_ITEM('Steel','Steel');
#2580=PROPERTY_DEFINITION('material property','material name',#4364);
#2581=PROPERTY_DEFINITION('material property','density of part',#4364);
#2582=AXIS2_PLACEMENT_3D('',#3533,#2819,#2820);
#2583=AXIS2_PLACEMENT_3D('',#3534,#2821,#2822);
#2584=AXIS2_PLACEMENT_3D('',#3543,#2827,#2828);
#2585=AXIS2_PLACEMENT_3D('',#3552,#2833,#2834);
#2586=AXIS2_PLACEMENT_3D('',#3563,#2841,#2842);
#2587=AXIS2_PLACEMENT_3D('',#3567,#2845,#2846);
#2588=AXIS2_PLACEMENT_3D('',#3573,#2850,#2851);
#2589=AXIS2_PLACEMENT_3D('',#3577,#2854,#2855);
#2590=AXIS2_PLACEMENT_3D('',#3579,#2857,#2858);
#2591=AXIS2_PLACEMENT_3D('',#3582,#2861,#2862);
#2592=AXIS2_PLACEMENT_3D('',#3591,#2867,#2868);
#2593=AXIS2_PLACEMENT_3D('',#3600,#2873,#2874);
#2594=AXIS2_PLACEMENT_3D('',#3611,#2881,#2882);
#2595=AXIS2_PLACEMENT_3D('',#3615,#2885,#2886);
#2596=AXIS2_PLACEMENT_3D('',#3621,#2890,#2891);
#2597=AXIS2_PLACEMENT_3D('',#3625,#2894,#2895);
#2598=AXIS2_PLACEMENT_3D('',#3627,#2897,#2898);
#2599=AXIS2_PLACEMENT_3D('',#3630,#2901,#2902);
#2600=AXIS2_PLACEMENT_3D('',#3639,#2907,#2908);
#2601=AXIS2_PLACEMENT_3D('',#3645,#2912,#2913);
#2602=AXIS2_PLACEMENT_3D('',#3651,#2917,#2918);
#2603=AXIS2_PLACEMENT_3D('',#3653,#2920,#2921);
#2604=AXIS2_PLACEMENT_3D('',#3663,#2927,#2928);
#2605=AXIS2_PLACEMENT_3D('',#3672,#2933,#2934);
#2606=AXIS2_PLACEMENT_3D('',#3678,#2938,#2939);
#2607=AXIS2_PLACEMENT_3D('',#3682,#2942,#2943);
#2608=AXIS2_PLACEMENT_3D('',#3686,#2946,#2947);
#2609=AXIS2_PLACEMENT_3D('',#3696,#2953,#2954);
#2610=AXIS2_PLACEMENT_3D('',#3721,#2959,#2960);
#2611=AXIS2_PLACEMENT_3D('',#3723,#2961,#2962);
#2612=AXIS2_PLACEMENT_3D('',#3726,#2964,#2965);
#2613=AXIS2_PLACEMENT_3D('',#3727,#2966,#2967);
#2614=AXIS2_PLACEMENT_3D('',#3749,#2971,#2972);
#2615=AXIS2_PLACEMENT_3D('',#3752,#2973,#2974);
#2616=AXIS2_PLACEMENT_3D('',#3754,#2975,#2976);
#2617=AXIS2_PLACEMENT_3D('',#3755,#2977,#2978);
#2618=AXIS2_PLACEMENT_3D('',#3758,#2980,#2981);
#2619=AXIS2_PLACEMENT_3D('',#3759,#2982,#2983);
#2620=AXIS2_PLACEMENT_3D('',#3760,#2984,#2985);
#2621=AXIS2_PLACEMENT_3D('',#3761,#2986,#2987);
#2622=AXIS2_PLACEMENT_3D('',#3762,#2988,#2989);
#2623=AXIS2_PLACEMENT_3D('',#3763,#2990,#2991);
#2624=AXIS2_PLACEMENT_3D('',#3764,#2992,#2993);
#2625=AXIS2_PLACEMENT_3D('',#3765,#2994,#2995);
#2626=AXIS2_PLACEMENT_3D('',#3766,#2996,#2997);
#2627=AXIS2_PLACEMENT_3D('',#3767,#2998,#2999);
#2628=AXIS2_PLACEMENT_3D('',#3768,#3000,#3001);
#2629=AXIS2_PLACEMENT_3D('',#3769,#3002,#3003);
#2630=AXIS2_PLACEMENT_3D('',#3770,#3004,#3005);
#2631=AXIS2_PLACEMENT_3D('',#3771,#3006,#3007);
#2632=AXIS2_PLACEMENT_3D('',#3773,#3009,#3010);
#2633=AXIS2_PLACEMENT_3D('',#3806,#3019,#3020);
#2634=AXIS2_PLACEMENT_3D('',#3808,#3021,#3022);
#2635=AXIS2_PLACEMENT_3D('',#3811,#3024,#3025);
#2636=AXIS2_PLACEMENT_3D('',#3812,#3026,#3027);
#2637=AXIS2_PLACEMENT_3D('',#3842,#3035,#3036);
#2638=AXIS2_PLACEMENT_3D('',#3844,#3037,#3038);
#2639=AXIS2_PLACEMENT_3D('',#3847,#3040,#3041);
#2640=AXIS2_PLACEMENT_3D('',#3848,#3042,#3043);
#2641=AXIS2_PLACEMENT_3D('',#3849,#3044,#3045);
#2642=AXIS2_PLACEMENT_3D('',#3850,#3046,#3047);
#2643=AXIS2_PLACEMENT_3D('',#3851,#3048,#3049);
#2644=AXIS2_PLACEMENT_3D('',#3852,#3050,#3051);
#2645=AXIS2_PLACEMENT_3D('',#3853,#3052,#3053);
#2646=AXIS2_PLACEMENT_3D('',#3854,#3054,#3055);
#2647=AXIS2_PLACEMENT_3D('',#3855,#3056,#3057);
#2648=AXIS2_PLACEMENT_3D('',#3856,#3058,#3059);
#2649=AXIS2_PLACEMENT_3D('',#3857,#3060,#3061);
#2650=AXIS2_PLACEMENT_3D('',#3858,#3062,#3063);
#2651=AXIS2_PLACEMENT_3D('',#3859,#3064,#3065);
#2652=AXIS2_PLACEMENT_3D('',#3860,#3066,#3067);
#2653=AXIS2_PLACEMENT_3D('',#3861,#3068,#3069);
#2654=AXIS2_PLACEMENT_3D('',#3862,#3070,#3071);
#2655=AXIS2_PLACEMENT_3D('',#3863,#3072,#3073);
#2656=AXIS2_PLACEMENT_3D('',#3864,#3074,#3075);
#2657=AXIS2_PLACEMENT_3D('',#3865,#3076,#3077);
#2658=AXIS2_PLACEMENT_3D('',#3866,#3078,#3079);
#2659=AXIS2_PLACEMENT_3D('',#3867,#3080,#3081);
#2660=AXIS2_PLACEMENT_3D('',#3868,#3082,#3083);
#2661=AXIS2_PLACEMENT_3D('',#3893,#3088,#3089);
#2662=AXIS2_PLACEMENT_3D('',#3895,#3090,#3091);
#2663=AXIS2_PLACEMENT_3D('',#3898,#3093,#3094);
#2664=AXIS2_PLACEMENT_3D('',#3899,#3095,#3096);
#2665=AXIS2_PLACEMENT_3D('',#3921,#3100,#3101);
#2666=AXIS2_PLACEMENT_3D('',#3924,#3102,#3103);
#2667=AXIS2_PLACEMENT_3D('',#3926,#3104,#3105);
#2668=AXIS2_PLACEMENT_3D('',#3927,#3106,#3107);
#2669=AXIS2_PLACEMENT_3D('',#3930,#3109,#3110);
#2670=AXIS2_PLACEMENT_3D('',#3931,#3111,#3112);
#2671=AXIS2_PLACEMENT_3D('',#3932,#3113,#3114);
#2672=AXIS2_PLACEMENT_3D('',#3933,#3115,#3116);
#2673=AXIS2_PLACEMENT_3D('',#3934,#3117,#3118);
#2674=AXIS2_PLACEMENT_3D('',#3935,#3119,#3120);
#2675=AXIS2_PLACEMENT_3D('',#3936,#3121,#3122);
#2676=AXIS2_PLACEMENT_3D('',#3937,#3123,#3124);
#2677=AXIS2_PLACEMENT_3D('',#3938,#3125,#3126);
#2678=AXIS2_PLACEMENT_3D('',#3939,#3127,#3128);
#2679=AXIS2_PLACEMENT_3D('',#3940,#3129,#3130);
#2680=AXIS2_PLACEMENT_3D('',#3941,#3131,#3132);
#2681=AXIS2_PLACEMENT_3D('',#3942,#3133,#3134);
#2682=AXIS2_PLACEMENT_3D('',#3943,#3135,#3136);
#2683=AXIS2_PLACEMENT_3D('',#3945,#3138,#3139);
#2684=AXIS2_PLACEMENT_3D('',#3978,#3148,#3149);
#2685=AXIS2_PLACEMENT_3D('',#3980,#3150,#3151);
#2686=AXIS2_PLACEMENT_3D('',#3983,#3153,#3154);
#2687=AXIS2_PLACEMENT_3D('',#3984,#3155,#3156);
#2688=AXIS2_PLACEMENT_3D('',#4014,#3164,#3165);
#2689=AXIS2_PLACEMENT_3D('',#4016,#3166,#3167);
#2690=AXIS2_PLACEMENT_3D('',#4019,#3169,#3170);
#2691=AXIS2_PLACEMENT_3D('',#4020,#3171,#3172);
#2692=AXIS2_PLACEMENT_3D('',#4021,#3173,#3174);
#2693=AXIS2_PLACEMENT_3D('',#4022,#3175,#3176);
#2694=AXIS2_PLACEMENT_3D('',#4023,#3177,#3178);
#2695=AXIS2_PLACEMENT_3D('',#4024,#3179,#3180);
#2696=AXIS2_PLACEMENT_3D('',#4025,#3181,#3182);
#2697=AXIS2_PLACEMENT_3D('',#4026,#3183,#3184);
#2698=AXIS2_PLACEMENT_3D('',#4027,#3185,#3186);
#2699=AXIS2_PLACEMENT_3D('',#4028,#3187,#3188);
#2700=AXIS2_PLACEMENT_3D('',#4029,#3189,#3190);
#2701=AXIS2_PLACEMENT_3D('',#4030,#3191,#3192);
#2702=AXIS2_PLACEMENT_3D('',#4031,#3193,#3194);
#2703=AXIS2_PLACEMENT_3D('',#4032,#3195,#3196);
#2704=AXIS2_PLACEMENT_3D('',#4033,#3197,#3198);
#2705=AXIS2_PLACEMENT_3D('',#4034,#3199,#3200);
#2706=AXIS2_PLACEMENT_3D('',#4035,#3201,#3202);
#2707=AXIS2_PLACEMENT_3D('',#4036,#3203,#3204);
#2708=AXIS2_PLACEMENT_3D('',#4037,#3205,#3206);
#2709=AXIS2_PLACEMENT_3D('',#4038,#3207,#3208);
#2710=AXIS2_PLACEMENT_3D('',#4039,#3209,#3210);
#2711=AXIS2_PLACEMENT_3D('',#4040,#3211,#3212);
#2712=AXIS2_PLACEMENT_3D('',#4042,#3213,#3214);
#2713=AXIS2_PLACEMENT_3D('',#4045,#3216,#3217);
#2714=AXIS2_PLACEMENT_3D('',#4046,#3218,#3219);
#2715=AXIS2_PLACEMENT_3D('',#4047,#3220,#3221);
#2716=AXIS2_PLACEMENT_3D('',#4049,#3222,#3223);
#2717=AXIS2_PLACEMENT_3D('',#4052,#3225,#3226);
#2718=AXIS2_PLACEMENT_3D('',#4053,#3227,#3228);
#2719=AXIS2_PLACEMENT_3D('',#4054,#3229,#3230);
#2720=AXIS2_PLACEMENT_3D('',#4056,#3231,#3232);
#2721=AXIS2_PLACEMENT_3D('',#4059,#3234,#3235);
#2722=AXIS2_PLACEMENT_3D('',#4060,#3236,#3237);
#2723=AXIS2_PLACEMENT_3D('',#4062,#3238,#3239);
#2724=AXIS2_PLACEMENT_3D('',#4065,#3241,#3242);
#2725=AXIS2_PLACEMENT_3D('',#4066,#3243,#3244);
#2726=AXIS2_PLACEMENT_3D('',#4067,#3245,#3246);
#2727=AXIS2_PLACEMENT_3D('',#4069,#3247,#3248);
#2728=AXIS2_PLACEMENT_3D('',#4072,#3250,#3251);
#2729=AXIS2_PLACEMENT_3D('',#4073,#3252,#3253);
#2730=AXIS2_PLACEMENT_3D('',#4074,#3254,#3255);
#2731=AXIS2_PLACEMENT_3D('',#4076,#3256,#3257);
#2732=AXIS2_PLACEMENT_3D('',#4079,#3259,#3260);
#2733=AXIS2_PLACEMENT_3D('',#4080,#3261,#3262);
#2734=AXIS2_PLACEMENT_3D('',#4082,#3263,#3264);
#2735=AXIS2_PLACEMENT_3D('',#4085,#3266,#3267);
#2736=AXIS2_PLACEMENT_3D('',#4086,#3268,#3269);
#2737=AXIS2_PLACEMENT_3D('',#4087,#3270,#3271);
#2738=AXIS2_PLACEMENT_3D('',#4089,#3272,#3273);
#2739=AXIS2_PLACEMENT_3D('',#4092,#3275,#3276);
#2740=AXIS2_PLACEMENT_3D('',#4093,#3277,#3278);
#2741=AXIS2_PLACEMENT_3D('',#4094,#3279,#3280);
#2742=AXIS2_PLACEMENT_3D('',#4103,#3285,#3286);
#2743=AXIS2_PLACEMENT_3D('',#4112,#3291,#3292);
#2744=AXIS2_PLACEMENT_3D('',#4124,#3300,#3301);
#2745=AXIS2_PLACEMENT_3D('',#4136,#3309,#3310);
#2746=AXIS2_PLACEMENT_3D('',#4140,#3313,#3314);
#2747=AXIS2_PLACEMENT_3D('',#4144,#3317,#3318);
#2748=AXIS2_PLACEMENT_3D('',#4149,#3320,#3321);
#2749=AXIS2_PLACEMENT_3D('',#4153,#3323,#3324);
#2750=AXIS2_PLACEMENT_3D('',#4157,#3326,#3327);
#2751=AXIS2_PLACEMENT_3D('',#4161,#3329,#3330);
#2752=AXIS2_PLACEMENT_3D('',#4165,#3332,#3333);
#2753=AXIS2_PLACEMENT_3D('',#4167,#3334,#3335);
#2754=AXIS2_PLACEMENT_3D('',#4171,#3337,#3338);
#2755=AXIS2_PLACEMENT_3D('',#4175,#3340,#3341);
#2756=AXIS2_PLACEMENT_3D('',#4177,#3342,#3343);
#2757=AXIS2_PLACEMENT_3D('',#4181,#3345,#3346);
#2758=AXIS2_PLACEMENT_3D('',#4185,#3348,#3349);
#2759=AXIS2_PLACEMENT_3D('',#4189,#3351,#3352);
#2760=AXIS2_PLACEMENT_3D('',#4191,#3353,#3354);
#2761=AXIS2_PLACEMENT_3D('',#4195,#3356,#3357);
#2762=AXIS2_PLACEMENT_3D('',#4198,#3359,#3360);
#2763=AXIS2_PLACEMENT_3D('',#4213,#3369,#3370);
#2764=AXIS2_PLACEMENT_3D('',#4216,#3373,#3374);
#2765=AXIS2_PLACEMENT_3D('',#4219,#3377,#3378);
#2766=AXIS2_PLACEMENT_3D('',#4221,#3380,#3381);
#2767=AXIS2_PLACEMENT_3D('',#4222,#3382,#3383);
#2768=AXIS2_PLACEMENT_3D('',#4224,#3385,#3386);
#2769=AXIS2_PLACEMENT_3D('',#4225,#3387,#3388);
#2770=AXIS2_PLACEMENT_3D('',#4227,#3390,#3391);
#2771=AXIS2_PLACEMENT_3D('',#4229,#3393,#3394);
#2772=AXIS2_PLACEMENT_3D('',#4231,#3395,#3396);
#2773=AXIS2_PLACEMENT_3D('',#4232,#3397,#3398);
#2774=AXIS2_PLACEMENT_3D('',#4235,#3399,#3400);
#2775=AXIS2_PLACEMENT_3D('',#4237,#3401,#3402);
#2776=AXIS2_PLACEMENT_3D('',#4241,#3404,#3405);
#2777=AXIS2_PLACEMENT_3D('',#4245,#3407,#3408);
#2778=AXIS2_PLACEMENT_3D('',#4247,#3410,#3411);
#2779=AXIS2_PLACEMENT_3D('',#4249,#3412,#3413);
#2780=AXIS2_PLACEMENT_3D('',#4250,#3414,#3415);
#2781=AXIS2_PLACEMENT_3D('',#4253,#3416,#3417);
#2782=AXIS2_PLACEMENT_3D('',#4256,#3420,#3421);
#2783=AXIS2_PLACEMENT_3D('',#4264,#3426,#3427);
#2784=AXIS2_PLACEMENT_3D('',#4268,#3429,#3430);
#2785=AXIS2_PLACEMENT_3D('',#4272,#3432,#3433);
#2786=AXIS2_PLACEMENT_3D('',#4275,#3435,#3436);
#2787=AXIS2_PLACEMENT_3D('',#4276,#3437,#3438);
#2788=AXIS2_PLACEMENT_3D('',#4278,#3440,#3441);
#2789=AXIS2_PLACEMENT_3D('',#4281,#3444,#3445);
#2790=AXIS2_PLACEMENT_3D('',#4283,#3447,#3448);
#2791=AXIS2_PLACEMENT_3D('',#4285,#3450,#3451);
#2792=AXIS2_PLACEMENT_3D('',#4287,#3453,#3454);
#2793=AXIS2_PLACEMENT_3D('',#4288,#3455,#3456);
#2794=AXIS2_PLACEMENT_3D('',#4291,#3459,#3460);
#2795=AXIS2_PLACEMENT_3D('',#4293,#3462,#3463);
#2796=AXIS2_PLACEMENT_3D('',#4296,#3466,#3467);
#2797=AXIS2_PLACEMENT_3D('',#4302,#3471,#3472);
#2798=AXIS2_PLACEMENT_3D('',#4305,#3473,#3474);
#2799=AXIS2_PLACEMENT_3D('',#4308,#3477,#3478);
#2800=AXIS2_PLACEMENT_3D('',#4317,#3484,#3485);
#2801=AXIS2_PLACEMENT_3D('',#4319,#3486,#3487);
#2802=AXIS2_PLACEMENT_3D('',#4321,#3489,#3490);
#2803=AXIS2_PLACEMENT_3D('',#4324,#3491,#3492);
#2804=AXIS2_PLACEMENT_3D('',#4327,#3495,#3496);
#2805=AXIS2_PLACEMENT_3D('',#4329,#3498,#3499);
#2806=AXIS2_PLACEMENT_3D('',#4331,#3501,#3502);
#2807=AXIS2_PLACEMENT_3D('',#4333,#3504,#3505);
#2808=AXIS2_PLACEMENT_3D('',#4336,#3508,#3509);
#2809=AXIS2_PLACEMENT_3D('',#4337,#3510,#3511);
#2810=AXIS2_PLACEMENT_3D('',#4339,#3512,#3513);
#2811=AXIS2_PLACEMENT_3D('',#4341,#3515,#3516);
#2812=AXIS2_PLACEMENT_3D('',#4342,#3517,#3518);
#2813=AXIS2_PLACEMENT_3D('',#4343,#3519,#3520);
#2814=AXIS2_PLACEMENT_3D('',#4346,#3522,#3523);
#2815=AXIS2_PLACEMENT_3D('',#4347,#3524,#3525);
#2816=AXIS2_PLACEMENT_3D('',#4348,#3526,#3527);
#2817=AXIS2_PLACEMENT_3D('',#4350,#3529,#3530);
#2818=AXIS2_PLACEMENT_3D('',#4351,#3531,#3532);
#2819=DIRECTION('axis',(0.,0.,1.));
#2820=DIRECTION('refdir',(1.,0.,0.));
#2821=DIRECTION('center_axis',(0.,0.,1.));
#2822=DIRECTION('ref_axis',(-1.,1.22464679914735E-16,0.));
#2823=DIRECTION('',(-1.,1.22464679914735E-16,0.));
#2824=DIRECTION('',(1.22464679914735E-16,1.,0.));
#2825=DIRECTION('',(1.,-1.22464679914735E-16,0.));
#2826=DIRECTION('',(-1.22464679914735E-16,-1.,0.));
#2827=DIRECTION('center_axis',(1.22464679914735E-16,1.,0.));
#2828=DIRECTION('ref_axis',(0.,0.,-1.));
#2829=DIRECTION('',(-1.,1.22464679914735E-16,0.));
#2830=DIRECTION('',(0.,0.,-1.));
#2831=DIRECTION('',(1.,-1.22464679914735E-16,0.));
#2832=DIRECTION('',(0.,0.,-1.));
#2833=DIRECTION('center_axis',(-1.,1.22464679914735E-16,0.));
#2834=DIRECTION('ref_axis',(0.,0.,-1.));
#2835=DIRECTION('',(0.,0.,-1.));
#2836=DIRECTION('',(1.22464679914735E-16,1.,0.));
#2837=DIRECTION('',(-1.22464679914735E-16,-1.,0.));
#2838=DIRECTION('',(0.,0.,-1.));
#2839=DIRECTION('',(1.22464679914735E-16,1.,0.));
#2840=DIRECTION('',(0.,0.,-1.));
#2841=DIRECTION('center_axis',(-1.22464679914735E-16,-1.,0.));
#2842=DIRECTION('ref_axis',(0.,0.,1.));
#2843=DIRECTION('',(0.,0.,-1.));
#2844=DIRECTION('',(-1.,1.22464679914735E-16,0.));
#2845=DIRECTION('center_axis',(-1.22464679914735E-16,-1.,0.));
#2846=DIRECTION('ref_axis',(0.,0.,1.));
#2847=DIRECTION('',(1.,-1.22464679914735E-16,0.));
#2848=DIRECTION('',(0.,0.,-1.));
#2849=DIRECTION('',(-1.,1.22464679914735E-16,0.));
#2850=DIRECTION('center_axis',(1.22464679914735E-16,1.,0.));
#2851=DIRECTION('ref_axis',(0.,0.,-1.));
#2852=DIRECTION('',(1.,-1.22464679914735E-16,0.));
#2853=DIRECTION('',(0.,0.,-1.));
#2854=DIRECTION('center_axis',(0.,0.,1.));
#2855=DIRECTION('ref_axis',(-1.,1.22464679914735E-16,0.));
#2856=DIRECTION('',(1.22464679914735E-16,1.,0.));
#2857=DIRECTION('center_axis',(1.,-1.22464679914735E-16,0.));
#2858=DIRECTION('ref_axis',(0.,0.,1.));
#2859=DIRECTION('',(-1.22464679914735E-16,-1.,0.));
#2860=DIRECTION('',(-1.22464679914735E-16,-1.,0.));
#2861=DIRECTION('center_axis',(0.,0.,1.));
#2862=DIRECTION('ref_axis',(-1.,1.22464679914735E-16,0.));
#2863=DIRECTION('',(-1.,1.22464679914735E-16,0.));
#2864=DIRECTION('',(1.22464679914735E-16,1.,0.));
#2865=DIRECTION('',(1.,-1.22464679914735E-16,0.));
#2866=DIRECTION('',(-1.22464679914735E-16,-1.,0.));
#2867=DIRECTION('center_axis',(1.22464679914735E-16,1.,0.));
#2868=DIRECTION('ref_axis',(0.,0.,-1.));
#2869=DIRECTION('',(-1.,1.22464679914735E-16,0.));
#2870=DIRECTION('',(0.,0.,-1.));
#2871=DIRECTION('',(1.,-1.22464679914735E-16,0.));
#2872=DIRECTION('',(0.,0.,-1.));
#2873=DIRECTION('center_axis',(-1.,1.22464679914735E-16,0.));
#2874=DIRECTION('ref_axis',(0.,0.,-1.));
#2875=DIRECTION('',(0.,0.,-1.));
#2876=DIRECTION('',(1.22464679914735E-16,1.,0.));
#2877=DIRECTION('',(-1.22464679914735E-16,-1.,0.));
#2878=DIRECTION('',(0.,0.,-1.));
#2879=DIRECTION('',(1.22464679914735E-16,1.,0.));
#2880=DIRECTION('',(0.,0.,-1.));
#2881=DIRECTION('center_axis',(-1.22464679914735E-16,-1.,0.));
#2882=DIRECTION('ref_axis',(0.,0.,1.));
#2883=DIRECTION('',(0.,0.,-1.));
#2884=DIRECTION('',(-1.,1.22464679914735E-16,0.));
#2885=DIRECTION('center_axis',(-1.22464679914735E-16,-1.,0.));
#2886=DIRECTION('ref_axis',(0.,0.,1.));
#2887=DIRECTION('',(1.,-1.22464679914735E-16,0.));
#2888=DIRECTION('',(0.,0.,-1.));
#2889=DIRECTION('',(-1.,1.22464679914735E-16,0.));
#2890=DIRECTION('center_axis',(1.22464679914735E-16,1.,0.));
#2891=DIRECTION('ref_axis',(0.,0.,-1.));
#2892=DIRECTION('',(1.,-1.22464679914735E-16,0.));
#2893=DIRECTION('',(0.,0.,-1.));
#2894=DIRECTION('center_axis',(0.,0.,1.));
#2895=DIRECTION('ref_axis',(-1.,1.22464679914735E-16,0.));
#2896=DIRECTION('',(1.22464679914735E-16,1.,0.));
#2897=DIRECTION('center_axis',(1.,-1.22464679914735E-16,0.));
#2898=DIRECTION('ref_axis',(0.,0.,1.));
#2899=DIRECTION('',(-1.22464679914735E-16,-1.,0.));
#2900=DIRECTION('',(-1.22464679914735E-16,-1.,0.));
#2901=DIRECTION('center_axis',(0.,0.,1.));
#2902=DIRECTION('ref_axis',(-1.,1.22464679914735E-16,0.));
#2903=DIRECTION('',(-1.22464679914735E-16,-1.,0.));
#2904=DIRECTION('',(-1.,1.22464679914735E-16,0.));
#2905=DIRECTION('',(1.22464679914735E-16,1.,0.));
#2906=DIRECTION('',(1.,-1.22464679914735E-16,0.));
#2907=DIRECTION('center_axis',(-1.22464679914735E-16,-1.,0.));
#2908=DIRECTION('ref_axis',(0.,0.,1.));
#2909=DIRECTION('',(0.,0.,-1.));
#2910=DIRECTION('',(0.,0.,-1.));
#2911=DIRECTION('',(-1.,1.22464679914735E-16,0.));
#2912=DIRECTION('center_axis',(1.22464679914735E-16,1.,0.));
#2913=DIRECTION('ref_axis',(0.,0.,-1.));
#2914=DIRECTION('',(0.,0.,-1.));
#2915=DIRECTION('',(0.,0.,1.));
#2916=DIRECTION('',(1.,-1.22464679914735E-16,0.));
#2917=DIRECTION('center_axis',(1.,-1.22464679914735E-16,0.));
#2918=DIRECTION('ref_axis',(0.,0.,1.));
#2919=DIRECTION('',(-1.22464679914735E-16,-1.,0.));
#2920=DIRECTION('center_axis',(1.,-1.22464679914735E-16,0.));
#2921=DIRECTION('ref_axis',(0.,0.,1.));
#2922=DIRECTION('',(-1.22464679914735E-16,-1.,0.));
#2923=DIRECTION('',(0.,0.,-1.));
#2924=DIRECTION('',(-1.22464679914735E-16,-1.,0.));
#2925=DIRECTION('',(0.,0.,-1.));
#2926=DIRECTION('',(-1.22464679914735E-16,-1.,0.));
#2927=DIRECTION('center_axis',(0.,0.,1.));
#2928=DIRECTION('ref_axis',(-1.,1.22464679914735E-16,0.));
#2929=DIRECTION('',(-1.22464679914735E-16,-1.,0.));
#2930=DIRECTION('',(-1.,1.22464679914735E-16,0.));
#2931=DIRECTION('',(1.22464679914735E-16,1.,0.));
#2932=DIRECTION('',(1.,-1.22464679914735E-16,0.));
#2933=DIRECTION('center_axis',(-1.22464679914735E-16,-1.,0.));
#2934=DIRECTION('ref_axis',(0.,0.,1.));
#2935=DIRECTION('',(0.,0.,-1.));
#2936=DIRECTION('',(0.,0.,1.));
#2937=DIRECTION('',(-1.,1.22464679914735E-16,0.));
#2938=DIRECTION('center_axis',(-1.,1.22464679914735E-16,0.));
#2939=DIRECTION('ref_axis',(0.,0.,-1.));
#2940=DIRECTION('',(0.,0.,-1.));
#2941=DIRECTION('',(1.22464679914735E-16,1.,0.));
#2942=DIRECTION('center_axis',(1.22464679914735E-16,1.,0.));
#2943=DIRECTION('ref_axis',(0.,0.,-1.));
#2944=DIRECTION('',(0.,0.,-1.));
#2945=DIRECTION('',(1.,-1.22464679914735E-16,0.));
#2946=DIRECTION('center_axis',(-1.,1.22464679914735E-16,0.));
#2947=DIRECTION('ref_axis',(0.,0.,-1.));
#2948=DIRECTION('',(1.22464679914735E-16,1.,0.));
#2949=DIRECTION('',(0.,0.,-1.));
#2950=DIRECTION('',(1.22464679914735E-16,1.,0.));
#2951=DIRECTION('',(0.,0.,-1.));
#2952=DIRECTION('',(1.22464679914735E-16,1.,0.));
#2953=DIRECTION('center_axis',(1.,-1.22464679914735E-16,0.));
#2954=DIRECTION('ref_axis',(0.,0.,1.));
#2955=DIRECTION('',(0.,0.,-1.));
#2956=DIRECTION('',(-1.22464679914735E-16,-1.,0.));
#2957=DIRECTION('',(0.,0.,1.));
#2958=DIRECTION('',(-1.22464679914735E-16,-1.,0.));
#2959=DIRECTION('center_axis',(0.,0.,1.));
#2960=DIRECTION('ref_axis',(-1.,1.22464679914735E-16,0.));
#2961=DIRECTION('center_axis',(0.,0.,1.));
#2962=DIRECTION('ref_axis',(-1.,1.22464679914735E-16,0.));
#2963=DIRECTION('',(1.22464679914735E-16,1.,0.));
#2964=DIRECTION('center_axis',(0.,0.,1.));
#2965=DIRECTION('ref_axis',(-1.,1.22464679914735E-16,0.));
#2966=DIRECTION('center_axis',(-1.,1.22464679914735E-16,0.));
#2967=DIRECTION('ref_axis',(0.,0.,-1.));
#2968=DIRECTION('',(0.,0.,1.));
#2969=DIRECTION('',(1.22464679914735E-16,1.,0.));
#2970=DIRECTION('',(0.,0.,-1.));
#2971=DIRECTION('center_axis',(0.,0.,1.));
#2972=DIRECTION('ref_axis',(-1.,1.22464679914735E-16,0.));
#2973=DIRECTION('center_axis',(0.,0.,1.));
#2974=DIRECTION('ref_axis',(-1.,1.22464679914735E-16,0.));
#2975=DIRECTION('center_axis',(0.,0.,1.));
#2976=DIRECTION('ref_axis',(-1.,1.22464679914735E-16,0.));
#2977=DIRECTION('center_axis',(0.,0.,1.));
#2978=DIRECTION('ref_axis',(-1.,1.22464679914735E-16,0.));
#2979=DIRECTION('',(0.,0.,-1.));
#2980=DIRECTION('center_axis',(0.,0.,-1.));
#2981=DIRECTION('ref_axis',(-1.,1.22464679914735E-16,0.));
#2982=DIRECTION('center_axis',(0.,0.,-1.));
#2983=DIRECTION('ref_axis',(-1.,1.22464679914735E-16,0.));
#2984=DIRECTION('center_axis',(0.,0.,-1.));
#2985=DIRECTION('ref_axis',(-1.,1.22464679914735E-16,0.));
#2986=DIRECTION('center_axis',(0.,0.,-1.));
#2987=DIRECTION('ref_axis',(-1.,1.22464679914735E-16,0.));
#2988=DIRECTION('center_axis',(0.,0.,-1.));
#2989=DIRECTION('ref_axis',(-1.,1.22464679914735E-16,0.));
#2990=DIRECTION('center_axis',(0.,0.,-1.));
#2991=DIRECTION('ref_axis',(1.,0.,0.));
#2992=DIRECTION('center_axis',(0.,0.,-1.));
#2993=DIRECTION('ref_axis',(-1.,1.22464679914735E-16,0.));
#2994=DIRECTION('center_axis',(0.,0.,-1.));
#2995=DIRECTION('ref_axis',(-1.,1.22464679914735E-16,0.));
#2996=DIRECTION('center_axis',(0.,0.,-1.));
#2997=DIRECTION('ref_axis',(-1.,1.22464679914735E-16,0.));
#2998=DIRECTION('center_axis',(0.,0.,1.));
#2999=DIRECTION('ref_axis',(-1.,1.22464679914735E-16,0.));
#3000=DIRECTION('center_axis',(0.,0.,1.));
#3001=DIRECTION('ref_axis',(1.,-4.44089209850063E-16,0.));
#3002=DIRECTION('center_axis',(0.,0.,-1.));
#3003=DIRECTION('ref_axis',(-1.,1.22464679914735E-16,0.));
#3004=DIRECTION('center_axis',(0.,0.,-1.));
#3005=DIRECTION('ref_axis',(-1.,1.22464679914735E-16,0.));
#3006=DIRECTION('center_axis',(0.,0.,1.));
#3007=DIRECTION('ref_axis',(-1.,1.22464679914735E-16,0.));
#3008=DIRECTION('',(1.,-1.22464679914735E-16,0.));
#3009=DIRECTION('center_axis',(1.,-1.22464679914735E-16,0.));
#3010=DIRECTION('ref_axis',(0.,0.,1.));
#3011=DIRECTION('',(0.,0.,-1.));
#3012=DIRECTION('',(-1.22464679914735E-16,-1.,0.));
#3013=DIRECTION('',(0.,0.,1.));
#3014=DIRECTION('',(-1.22464679914735E-16,-1.,0.));
#3015=DIRECTION('',(0.,0.,1.));
#3016=DIRECTION('',(-1.22464679914735E-16,-1.,0.));
#3017=DIRECTION('',(0.,0.,-1.));
#3018=DIRECTION('',(-1.22464679914735E-16,-1.,0.));
#3019=DIRECTION('center_axis',(0.,0.,1.));
#3020=DIRECTION('ref_axis',(-1.,1.22464679914735E-16,0.));
#3021=DIRECTION('center_axis',(0.,0.,1.));
#3022=DIRECTION('ref_axis',(-1.,1.22464679914735E-16,0.));
#3023=DIRECTION('',(1.22464679914735E-16,1.,0.));
#3024=DIRECTION('center_axis',(0.,0.,1.));
#3025=DIRECTION('ref_axis',(-1.,1.22464679914735E-16,0.));
#3026=DIRECTION('center_axis',(-1.,1.22464679914735E-16,0.));
#3027=DIRECTION('ref_axis',(0.,0.,-1.));
#3028=DIRECTION('',(0.,0.,1.));
#3029=DIRECTION('',(1.22464679914735E-16,1.,0.));
#3030=DIRECTION('',(0.,0.,1.));
#3031=DIRECTION('',(1.22464679914735E-16,1.,0.));
#3032=DIRECTION('',(0.,0.,-1.));
#3033=DIRECTION('',(1.22464679914735E-16,1.,0.));
#3034=DIRECTION('',(0.,0.,-1.));
#3035=DIRECTION('center_axis',(0.,0.,1.));
#3036=DIRECTION('ref_axis',(-1.,1.22464679914735E-16,0.));
#3037=DIRECTION('center_axis',(0.,0.,1.));
#3038=DIRECTION('ref_axis',(-1.,1.22464679914735E-16,0.));
#3039=DIRECTION('',(0.,0.,-1.));
#3040=DIRECTION('center_axis',(0.,0.,-1.));
#3041=DIRECTION('ref_axis',(-1.,1.22464679914735E-16,0.));
#3042=DIRECTION('center_axis',(0.,0.,-1.));
#3043=DIRECTION('ref_axis',(-1.,1.22464679914735E-16,0.));
#3044=DIRECTION('center_axis',(0.,0.,-1.));
#3045=DIRECTION('ref_axis',(-1.,1.22464679914735E-16,0.));
#3046=DIRECTION('center_axis',(0.,0.,-1.));
#3047=DIRECTION('ref_axis',(1.,-1.22464679914735E-16,0.));
#3048=DIRECTION('center_axis',(0.,0.,-1.));
#3049=DIRECTION('ref_axis',(-1.,1.22464679914735E-16,0.));
#3050=DIRECTION('center_axis',(0.,0.,-1.));
#3051=DIRECTION('ref_axis',(1.,-1.22464679914735E-16,0.));
#3052=DIRECTION('center_axis',(0.,0.,-1.));
#3053=DIRECTION('ref_axis',(-1.,1.22464679914735E-16,0.));
#3054=DIRECTION('center_axis',(0.,0.,1.));
#3055=DIRECTION('ref_axis',(-1.,1.22464679914735E-16,0.));
#3056=DIRECTION('center_axis',(0.,0.,-1.));
#3057=DIRECTION('ref_axis',(-1.,1.22464679914735E-16,0.));
#3058=DIRECTION('center_axis',(0.,0.,1.));
#3059=DIRECTION('ref_axis',(1.,0.,0.));
#3060=DIRECTION('center_axis',(0.,0.,-1.));
#3061=DIRECTION('ref_axis',(-1.,1.22464679914735E-16,0.));
#3062=DIRECTION('center_axis',(0.,0.,-1.));
#3063=DIRECTION('ref_axis',(-1.,1.22464679914735E-16,0.));
#3064=DIRECTION('center_axis',(0.,0.,-1.));
#3065=DIRECTION('ref_axis',(-1.,1.22464679914735E-16,0.));
#3066=DIRECTION('center_axis',(0.,0.,-1.));
#3067=DIRECTION('ref_axis',(1.,0.,0.));
#3068=DIRECTION('center_axis',(0.,0.,-1.));
#3069=DIRECTION('ref_axis',(-1.,1.22464679914735E-16,0.));
#3070=DIRECTION('center_axis',(0.,0.,-1.));
#3071=DIRECTION('ref_axis',(-1.,1.22464679914735E-16,0.));
#3072=DIRECTION('center_axis',(0.,0.,-1.));
#3073=DIRECTION('ref_axis',(-1.,1.22464679914735E-16,0.));
#3074=DIRECTION('center_axis',(0.,0.,1.));
#3075=DIRECTION('ref_axis',(-1.,1.22464679914735E-16,0.));
#3076=DIRECTION('center_axis',(0.,0.,1.));
#3077=DIRECTION('ref_axis',(1.,0.,0.));
#3078=DIRECTION('center_axis',(0.,0.,-1.));
#3079=DIRECTION('ref_axis',(-1.,1.22464679914735E-16,0.));
#3080=DIRECTION('center_axis',(0.,0.,-1.));
#3081=DIRECTION('ref_axis',(-1.,1.22464679914735E-16,0.));
#3082=DIRECTION('center_axis',(1.,-1.22464679914735E-16,0.));
#3083=DIRECTION('ref_axis',(0.,0.,1.));
#3084=DIRECTION('',(0.,0.,-1.));
#3085=DIRECTION('',(-1.22464679914735E-16,-1.,0.));
#3086=DIRECTION('',(0.,0.,1.));
#3087=DIRECTION('',(-1.22464679914735E-16,-1.,0.));
#3088=DIRECTION('center_axis',(0.,0.,1.));
#3089=DIRECTION('ref_axis',(-1.,1.22464679914735E-16,0.));
#3090=DIRECTION('center_axis',(0.,0.,1.));
#3091=DIRECTION('ref_axis',(-1.,1.22464679914735E-16,0.));
#3092=DIRECTION('',(1.22464679914735E-16,1.,0.));
#3093=DIRECTION('center_axis',(0.,0.,1.));
#3094=DIRECTION('ref_axis',(-1.,1.22464679914735E-16,0.));
#3095=DIRECTION('center_axis',(-1.,1.22464679914735E-16,0.));
#3096=DIRECTION('ref_axis',(0.,0.,-1.));
#3097=DIRECTION('',(0.,0.,1.));
#3098=DIRECTION('',(1.22464679914735E-16,1.,0.));
#3099=DIRECTION('',(0.,0.,-1.));
#3100=DIRECTION('center_axis',(0.,0.,1.));
#3101=DIRECTION('ref_axis',(-1.,1.22464679914735E-16,0.));
#3102=DIRECTION('center_axis',(0.,0.,1.));
#3103=DIRECTION('ref_axis',(-1.,1.22464679914735E-16,0.));
#3104=DIRECTION('center_axis',(0.,0.,1.));
#3105=DIRECTION('ref_axis',(-1.,1.22464679914735E-16,0.));
#3106=DIRECTION('center_axis',(0.,0.,1.));
#3107=DIRECTION('ref_axis',(-1.,1.22464679914735E-16,0.));
#3108=DIRECTION('',(0.,0.,-1.));
#3109=DIRECTION('center_axis',(0.,0.,-1.));
#3110=DIRECTION('ref_axis',(-1.,1.22464679914735E-16,0.));
#3111=DIRECTION('center_axis',(0.,0.,-1.));
#3112=DIRECTION('ref_axis',(-1.,1.22464679914735E-16,0.));
#3113=DIRECTION('center_axis',(0.,0.,-1.));
#3114=DIRECTION('ref_axis',(-1.,1.22464679914735E-16,0.));
#3115=DIRECTION('center_axis',(0.,0.,-1.));
#3116=DIRECTION('ref_axis',(-1.,1.22464679914735E-16,0.));
#3117=DIRECTION('center_axis',(0.,0.,-1.));
#3118=DIRECTION('ref_axis',(-1.,1.22464679914735E-16,0.));
#3119=DIRECTION('center_axis',(0.,0.,-1.));
#3120=DIRECTION('ref_axis',(1.,0.,0.));
#3121=DIRECTION('center_axis',(0.,0.,-1.));
#3122=DIRECTION('ref_axis',(-1.,1.22464679914735E-16,0.));
#3123=DIRECTION('center_axis',(0.,0.,-1.));
#3124=DIRECTION('ref_axis',(-1.,1.22464679914735E-16,0.));
#3125=DIRECTION('center_axis',(0.,0.,-1.));
#3126=DIRECTION('ref_axis',(-1.,1.22464679914735E-16,0.));
#3127=DIRECTION('center_axis',(0.,0.,1.));
#3128=DIRECTION('ref_axis',(-1.,1.22464679914735E-16,0.));
#3129=DIRECTION('center_axis',(0.,0.,1.));
#3130=DIRECTION('ref_axis',(1.,-4.44089209850063E-16,0.));
#3131=DIRECTION('center_axis',(0.,0.,-1.));
#3132=DIRECTION('ref_axis',(-1.,1.22464679914735E-16,0.));
#3133=DIRECTION('center_axis',(0.,0.,-1.));
#3134=DIRECTION('ref_axis',(-1.,1.22464679914735E-16,0.));
#3135=DIRECTION('center_axis',(0.,0.,1.));
#3136=DIRECTION('ref_axis',(-1.,1.22464679914735E-16,0.));
#3137=DIRECTION('',(1.,-1.22464679914735E-16,0.));
#3138=DIRECTION('center_axis',(1.,-1.22464679914735E-16,0.));
#3139=DIRECTION('ref_axis',(0.,0.,1.));
#3140=DIRECTION('',(0.,0.,-1.));
#3141=DIRECTION('',(-1.22464679914735E-16,-1.,0.));
#3142=DIRECTION('',(0.,0.,1.));
#3143=DIRECTION('',(-1.22464679914735E-16,-1.,0.));
#3144=DIRECTION('',(0.,0.,1.));
#3145=DIRECTION('',(-1.22464679914735E-16,-1.,0.));
#3146=DIRECTION('',(0.,0.,-1.));
#3147=DIRECTION('',(-1.22464679914735E-16,-1.,0.));
#3148=DIRECTION('center_axis',(0.,0.,1.));
#3149=DIRECTION('ref_axis',(-1.,1.22464679914735E-16,0.));
#3150=DIRECTION('center_axis',(0.,0.,1.));
#3151=DIRECTION('ref_axis',(-1.,1.22464679914735E-16,0.));
#3152=DIRECTION('',(1.22464679914735E-16,1.,0.));
#3153=DIRECTION('center_axis',(0.,0.,1.));
#3154=DIRECTION('ref_axis',(-1.,1.22464679914735E-16,0.));
#3155=DIRECTION('center_axis',(-1.,1.22464679914735E-16,0.));
#3156=DIRECTION('ref_axis',(0.,0.,-1.));
#3157=DIRECTION('',(0.,0.,1.));
#3158=DIRECTION('',(1.22464679914735E-16,1.,0.));
#3159=DIRECTION('',(0.,0.,1.));
#3160=DIRECTION('',(1.22464679914735E-16,1.,0.));
#3161=DIRECTION('',(0.,0.,-1.));
#3162=DIRECTION('',(1.22464679914735E-16,1.,0.));
#3163=DIRECTION('',(0.,0.,-1.));
#3164=DIRECTION('center_axis',(0.,0.,1.));
#3165=DIRECTION('ref_axis',(-1.,1.22464679914735E-16,0.));
#3166=DIRECTION('center_axis',(0.,0.,1.));
#3167=DIRECTION('ref_axis',(-1.,1.22464679914735E-16,0.));
#3168=DIRECTION('',(0.,0.,-1.));
#3169=DIRECTION('center_axis',(0.,0.,-1.));
#3170=DIRECTION('ref_axis',(-1.,1.22464679914735E-16,0.));
#3171=DIRECTION('center_axis',(0.,0.,-1.));
#3172=DIRECTION('ref_axis',(-1.,1.22464679914735E-16,0.));
#3173=DIRECTION('center_axis',(0.,0.,-1.));
#3174=DIRECTION('ref_axis',(-1.,1.22464679914735E-16,0.));
#3175=DIRECTION('center_axis',(0.,0.,-1.));
#3176=DIRECTION('ref_axis',(1.,-1.22464679914735E-16,0.));
#3177=DIRECTION('center_axis',(0.,0.,-1.));
#3178=DIRECTION('ref_axis',(-1.,1.22464679914735E-16,0.));
#3179=DIRECTION('center_axis',(0.,0.,-1.));
#3180=DIRECTION('ref_axis',(1.,-1.22464679914735E-16,0.));
#3181=DIRECTION('center_axis',(0.,0.,-1.));
#3182=DIRECTION('ref_axis',(-1.,1.22464679914735E-16,0.));
#3183=DIRECTION('center_axis',(0.,0.,1.));
#3184=DIRECTION('ref_axis',(-1.,1.22464679914735E-16,0.));
#3185=DIRECTION('center_axis',(0.,0.,-1.));
#3186=DIRECTION('ref_axis',(-1.,1.22464679914735E-16,0.));
#3187=DIRECTION('center_axis',(0.,0.,1.));
#3188=DIRECTION('ref_axis',(1.,0.,0.));
#3189=DIRECTION('center_axis',(0.,0.,-1.));
#3190=DIRECTION('ref_axis',(-1.,1.22464679914735E-16,0.));
#3191=DIRECTION('center_axis',(0.,0.,-1.));
#3192=DIRECTION('ref_axis',(-1.,1.22464679914735E-16,0.));
#3193=DIRECTION('center_axis',(0.,0.,-1.));
#3194=DIRECTION('ref_axis',(-1.,1.22464679914735E-16,0.));
#3195=DIRECTION('center_axis',(0.,0.,-1.));
#3196=DIRECTION('ref_axis',(1.,0.,0.));
#3197=DIRECTION('center_axis',(0.,0.,-1.));
#3198=DIRECTION('ref_axis',(-1.,1.22464679914735E-16,0.));
#3199=DIRECTION('center_axis',(0.,0.,-1.));
#3200=DIRECTION('ref_axis',(-1.,1.22464679914735E-16,0.));
#3201=DIRECTION('center_axis',(0.,0.,-1.));
#3202=DIRECTION('ref_axis',(-1.,1.22464679914735E-16,0.));
#3203=DIRECTION('center_axis',(0.,0.,1.));
#3204=DIRECTION('ref_axis',(-1.,1.22464679914735E-16,0.));
#3205=DIRECTION('center_axis',(0.,0.,1.));
#3206=DIRECTION('ref_axis',(1.,0.,0.));
#3207=DIRECTION('center_axis',(0.,0.,-1.));
#3208=DIRECTION('ref_axis',(-1.,1.22464679914735E-16,0.));
#3209=DIRECTION('center_axis',(0.,0.,-1.));
#3210=DIRECTION('ref_axis',(-1.,1.22464679914735E-16,0.));
#3211=DIRECTION('center_axis',(0.,0.,1.));
#3212=DIRECTION('ref_axis',(-1.,1.22464679914735E-16,0.));
#3213=DIRECTION('center_axis',(0.,0.,1.));
#3214=DIRECTION('ref_axis',(-1.,1.22464679914735E-16,0.));
#3215=DIRECTION('',(0.,0.,1.));
#3216=DIRECTION('center_axis',(0.,0.,1.));
#3217=DIRECTION('ref_axis',(-1.,1.22464679914735E-16,0.));
#3218=DIRECTION('center_axis',(0.,0.,1.));
#3219=DIRECTION('ref_axis',(-1.,1.22464679914735E-16,0.));
#3220=DIRECTION('center_axis',(0.,0.,1.));
#3221=DIRECTION('ref_axis',(-1.,1.22464679914735E-16,0.));
#3222=DIRECTION('center_axis',(0.,0.,1.));
#3223=DIRECTION('ref_axis',(-1.,1.22464679914735E-16,0.));
#3224=DIRECTION('',(0.,0.,1.));
#3225=DIRECTION('center_axis',(0.,0.,1.));
#3226=DIRECTION('ref_axis',(-1.,1.22464679914735E-16,0.));
#3227=DIRECTION('center_axis',(0.,0.,1.));
#3228=DIRECTION('ref_axis',(-1.,1.22464679914735E-16,0.));
#3229=DIRECTION('center_axis',(0.,0.,1.));
#3230=DIRECTION('ref_axis',(-1.,1.22464679914735E-16,0.));
#3231=DIRECTION('center_axis',(0.,0.,1.));
#3232=DIRECTION('ref_axis',(-1.,1.22464679914735E-16,0.));
#3233=DIRECTION('',(0.,0.,1.));
#3234=DIRECTION('center_axis',(0.,0.,-1.));
#3235=DIRECTION('ref_axis',(-1.,1.22464679914735E-16,0.));
#3236=DIRECTION('center_axis',(0.,0.,1.));
#3237=DIRECTION('ref_axis',(-1.,1.22464679914735E-16,0.));
#3238=DIRECTION('center_axis',(0.,0.,-1.));
#3239=DIRECTION('ref_axis',(-1.,1.22464679914735E-16,0.));
#3240=DIRECTION('',(0.,0.,1.));
#3241=DIRECTION('center_axis',(0.,0.,-1.));
#3242=DIRECTION('ref_axis',(-1.,1.22464679914735E-16,0.));
#3243=DIRECTION('center_axis',(0.,0.,-1.));
#3244=DIRECTION('ref_axis',(1.,-1.22464679914735E-16,0.));
#3245=DIRECTION('center_axis',(0.,0.,1.));
#3246=DIRECTION('ref_axis',(-1.,1.22464679914735E-16,0.));
#3247=DIRECTION('center_axis',(0.,0.,-1.));
#3248=DIRECTION('ref_axis',(-1.,1.22464679914735E-16,0.));
#3249=DIRECTION('',(0.,0.,1.));
#3250=DIRECTION('center_axis',(0.,0.,-1.));
#3251=DIRECTION('ref_axis',(-1.,1.22464679914735E-16,0.));
#3252=DIRECTION('center_axis',(0.,0.,-1.));
#3253=DIRECTION('ref_axis',(1.,-1.22464679914735E-16,0.));
#3254=DIRECTION('center_axis',(0.,0.,1.));
#3255=DIRECTION('ref_axis',(-1.,1.22464679914735E-16,0.));
#3256=DIRECTION('center_axis',(0.,0.,1.));
#3257=DIRECTION('ref_axis',(-1.,1.22464679914735E-16,0.));
#3258=DIRECTION('',(0.,0.,1.));
#3259=DIRECTION('center_axis',(0.,0.,-1.));
#3260=DIRECTION('ref_axis',(-1.,1.22464679914735E-16,0.));
#3261=DIRECTION('center_axis',(0.,0.,1.));
#3262=DIRECTION('ref_axis',(-1.,1.22464679914735E-16,0.));
#3263=DIRECTION('center_axis',(0.,0.,-1.));
#3264=DIRECTION('ref_axis',(-1.,1.22464679914735E-16,0.));
#3265=DIRECTION('',(0.,0.,1.));
#3266=DIRECTION('center_axis',(0.,0.,-1.));
#3267=DIRECTION('ref_axis',(-1.,1.22464679914735E-16,0.));
#3268=DIRECTION('center_axis',(0.,0.,-1.));
#3269=DIRECTION('ref_axis',(1.,-1.22464679914735E-16,0.));
#3270=DIRECTION('center_axis',(0.,0.,1.));
#3271=DIRECTION('ref_axis',(-1.,1.22464679914735E-16,0.));
#3272=DIRECTION('center_axis',(0.,0.,-1.));
#3273=DIRECTION('ref_axis',(-1.,1.22464679914735E-16,0.));
#3274=DIRECTION('',(0.,0.,1.));
#3275=DIRECTION('center_axis',(0.,0.,-1.));
#3276=DIRECTION('ref_axis',(-1.,1.22464679914735E-16,0.));
#3277=DIRECTION('center_axis',(0.,0.,-1.));
#3278=DIRECTION('ref_axis',(1.,-1.22464679914735E-16,0.));
#3279=DIRECTION('center_axis',(-1.,1.22464679914735E-16,0.));
#3280=DIRECTION('ref_axis',(0.,0.,-1.));
#3281=DIRECTION('',(1.22464679914735E-16,1.,0.));
#3282=DIRECTION('',(0.,0.,-1.));
#3283=DIRECTION('',(-1.22464679914735E-16,-1.,0.));
#3284=DIRECTION('',(0.,0.,1.));
#3285=DIRECTION('center_axis',(1.,-1.22464679914735E-16,0.));
#3286=DIRECTION('ref_axis',(0.,0.,1.));
#3287=DIRECTION('',(-1.22464679914735E-16,-1.,0.));
#3288=DIRECTION('',(0.,0.,-1.));
#3289=DIRECTION('',(1.22464679914735E-16,1.,0.));
#3290=DIRECTION('',(0.,0.,-1.));
#3291=DIRECTION('center_axis',(0.,0.,1.));
#3292=DIRECTION('ref_axis',(-1.,1.22464679914735E-16,0.));
#3293=DIRECTION('',(1.,-1.22464679914735E-16,0.));
#3294=DIRECTION('',(1.,-1.22464679914735E-16,0.));
#3295=DIRECTION('',(-1.,1.22464679914735E-16,0.));
#3296=DIRECTION('',(-1.22464679914735E-16,-1.,0.));
#3297=DIRECTION('',(-1.,1.22464679914735E-16,0.));
#3298=DIRECTION('',(-1.22464679914735E-16,-1.,0.));
#3299=DIRECTION('',(1.,-1.22464679914735E-16,0.));
#3300=DIRECTION('center_axis',(0.,0.,1.));
#3301=DIRECTION('ref_axis',(-1.,1.22464679914735E-16,0.));
#3302=DIRECTION('',(1.,-1.22464679914735E-16,0.));
#3303=DIRECTION('',(1.22464679914735E-16,1.,0.));
#3304=DIRECTION('',(-1.,1.22464679914735E-16,0.));
#3305=DIRECTION('',(1.22464679914735E-16,1.,0.));
#3306=DIRECTION('',(-1.,1.22464679914735E-16,0.));
#3307=DIRECTION('',(1.,-1.22464679914735E-16,0.));
#3308=DIRECTION('',(1.,-1.22464679914735E-16,0.));
#3309=DIRECTION('center_axis',(1.22464679914735E-16,1.,0.));
#3310=DIRECTION('ref_axis',(0.,0.,-1.));
#3311=DIRECTION('',(0.,0.,-1.));
#3312=DIRECTION('',(-1.,1.22464679914735E-16,0.));
#3313=DIRECTION('center_axis',(1.22464679914735E-16,1.,0.));
#3314=DIRECTION('ref_axis',(0.,0.,-1.));
#3315=DIRECTION('',(-1.,1.22464679914735E-16,0.));
#3316=DIRECTION('',(0.,0.,-1.));
#3317=DIRECTION('center_axis',(0.,0.,1.));
#3318=DIRECTION('ref_axis',(-1.,1.22464679914735E-16,0.));
#3319=DIRECTION('',(1.,-1.22464679914735E-16,0.));
#3320=DIRECTION('center_axis',(0.,0.,-1.));
#3321=DIRECTION('ref_axis',(-1.,1.22464679914735E-16,0.));
#3322=DIRECTION('',(-1.22464679914735E-16,-1.,0.));
#3323=DIRECTION('center_axis',(0.,0.,1.));
#3324=DIRECTION('ref_axis',(-1.,1.22464679914735E-16,0.));
#3325=DIRECTION('',(1.,-1.22464679914735E-16,0.));
#3326=DIRECTION('center_axis',(0.,0.,1.));
#3327=DIRECTION('ref_axis',(-1.,1.22464679914735E-16,0.));
#3328=DIRECTION('',(1.22464679914735E-16,1.,0.));
#3329=DIRECTION('center_axis',(0.,0.,-1.));
#3330=DIRECTION('ref_axis',(-1.,1.22464679914735E-16,0.));
#3331=DIRECTION('',(1.,-1.22464679914735E-16,0.));
#3332=DIRECTION('center_axis',(0.,0.,1.));
#3333=DIRECTION('ref_axis',(-1.,1.22464679914735E-16,0.));
#3334=DIRECTION('center_axis',(0.,0.,1.));
#3335=DIRECTION('ref_axis',(-1.,1.22464679914735E-16,0.));
#3336=DIRECTION('',(-1.,1.22464679914735E-16,0.));
#3337=DIRECTION('center_axis',(0.,0.,-1.));
#3338=DIRECTION('ref_axis',(-1.,1.22464679914735E-16,0.));
#3339=DIRECTION('',(1.22464679914735E-16,1.,0.));
#3340=DIRECTION('center_axis',(0.,0.,1.));
#3341=DIRECTION('ref_axis',(-1.,1.22464679914735E-16,0.));
#3342=DIRECTION('center_axis',(0.,0.,-1.));
#3343=DIRECTION('ref_axis',(-1.,1.22464679914735E-16,0.));
#3344=DIRECTION('',(1.22464679914735E-16,1.,0.));
#3345=DIRECTION('center_axis',(0.,0.,1.));
#3346=DIRECTION('ref_axis',(-1.,1.22464679914735E-16,0.));
#3347=DIRECTION('',(-1.,1.22464679914735E-16,0.));
#3348=DIRECTION('center_axis',(0.,0.,1.));
#3349=DIRECTION('ref_axis',(-1.,1.22464679914735E-16,0.));
#3350=DIRECTION('',(-1.22464679914735E-16,-1.,0.));
#3351=DIRECTION('center_axis',(0.,0.,-1.));
#3352=DIRECTION('ref_axis',(-1.,1.22464679914735E-16,0.));
#3353=DIRECTION('center_axis',(0.,0.,1.));
#3354=DIRECTION('ref_axis',(-1.,1.22464679914735E-16,0.));
#3355=DIRECTION('',(-1.22464679914735E-16,-1.,0.));
#3356=DIRECTION('center_axis',(0.,0.,-1.));
#3357=DIRECTION('ref_axis',(-1.,1.22464679914735E-16,0.));
#3358=DIRECTION('',(-1.,1.22464679914735E-16,0.));
#3359=DIRECTION('center_axis',(0.,0.,1.));
#3360=DIRECTION('ref_axis',(-1.,1.22464679914735E-16,0.));
#3361=DIRECTION('',(-1.,1.22464679914735E-16,0.));
#3362=DIRECTION('',(1.22464679914735E-16,1.,0.));
#3363=DIRECTION('',(1.,-1.22464679914735E-16,0.));
#3364=DIRECTION('',(1.22464679914735E-16,1.,0.));
#3365=DIRECTION('',(1.,-1.22464679914735E-16,0.));
#3366=DIRECTION('',(-1.22464679914735E-16,-1.,0.));
#3367=DIRECTION('',(1.,-1.22464679914735E-16,0.));
#3368=DIRECTION('',(-1.22464679914735E-16,-1.,0.));
#3369=DIRECTION('center_axis',(1.,-1.22464679914735E-16,0.));
#3370=DIRECTION('ref_axis',(0.,0.,1.));
#3371=DIRECTION('',(0.,0.,-1.));
#3372=DIRECTION('',(0.,0.,1.));
#3373=DIRECTION('center_axis',(-1.,1.22464679914735E-16,0.));
#3374=DIRECTION('ref_axis',(0.,0.,-1.));
#3375=DIRECTION('',(0.,0.,-1.));
#3376=DIRECTION('',(0.,0.,-1.));
#3377=DIRECTION('center_axis',(-1.22464679914735E-16,-1.,0.));
#3378=DIRECTION('ref_axis',(0.,0.,1.));
#3379=DIRECTION('',(0.,0.,-1.));
#3380=DIRECTION('center_axis',(-1.,1.22464679914735E-16,0.));
#3381=DIRECTION('ref_axis',(0.,0.,-1.));
#3382=DIRECTION('center_axis',(-1.22464679914735E-16,-1.,0.));
#3383=DIRECTION('ref_axis',(0.,0.,1.));
#3384=DIRECTION('',(0.,0.,-1.));
#3385=DIRECTION('center_axis',(1.,-1.22464679914735E-16,0.));
#3386=DIRECTION('ref_axis',(0.,0.,1.));
#3387=DIRECTION('center_axis',(1.22464679914735E-16,1.,0.));
#3388=DIRECTION('ref_axis',(0.,0.,-1.));
#3389=DIRECTION('',(1.,-1.22464679914735E-16,0.));
#3390=DIRECTION('center_axis',(-1.22464679914735E-16,-1.,0.));
#3391=DIRECTION('ref_axis',(0.,0.,1.));
#3392=DIRECTION('',(-1.,1.22464679914735E-16,0.));
#3393=DIRECTION('center_axis',(0.,0.,-1.));
#3394=DIRECTION('ref_axis',(1.,-1.22464679914735E-16,0.));
#3395=DIRECTION('center_axis',(0.,0.,-1.));
#3396=DIRECTION('ref_axis',(-1.,1.22464679914735E-16,0.));
#3397=DIRECTION('center_axis',(0.,0.,1.));
#3398=DIRECTION('ref_axis',(-1.,1.22464679914735E-16,0.));
#3399=DIRECTION('center_axis',(0.,0.,1.));
#3400=DIRECTION('ref_axis',(-1.,1.22464679914735E-16,0.));
#3401=DIRECTION('center_axis',(0.,0.,1.));
#3402=DIRECTION('ref_axis',(-1.,1.22464679914735E-16,0.));
#3403=DIRECTION('',(1.,-1.22464679914735E-16,0.));
#3404=DIRECTION('center_axis',(0.,0.,1.));
#3405=DIRECTION('ref_axis',(-1.,1.22464679914735E-16,0.));
#3406=DIRECTION('',(1.22464679914735E-16,1.,0.));
#3407=DIRECTION('center_axis',(0.,0.,1.));
#3408=DIRECTION('ref_axis',(-1.,1.22464679914735E-16,0.));
#3409=DIRECTION('',(-1.,1.22464679914735E-16,0.));
#3410=DIRECTION('center_axis',(0.,0.,-1.));
#3411=DIRECTION('ref_axis',(1.,-1.22464679914735E-16,0.));
#3412=DIRECTION('center_axis',(0.,0.,-1.));
#3413=DIRECTION('ref_axis',(-1.,1.22464679914735E-16,0.));
#3414=DIRECTION('center_axis',(0.,0.,1.));
#3415=DIRECTION('ref_axis',(-1.,1.22464679914735E-16,0.));
#3416=DIRECTION('center_axis',(0.,0.,1.));
#3417=DIRECTION('ref_axis',(-1.,1.22464679914735E-16,0.));
#3418=DIRECTION('',(0.,0.,-1.));
#3419=DIRECTION('',(0.,0.,-1.));
#3420=DIRECTION('center_axis',(-1.22464679914735E-16,-1.,0.));
#3421=DIRECTION('ref_axis',(0.,0.,1.));
#3422=DIRECTION('',(1.,-1.22464679914735E-16,0.));
#3423=DIRECTION('',(0.,0.,-1.));
#3424=DIRECTION('',(1.,-1.22464679914735E-16,0.));
#3425=DIRECTION('',(0.,0.,-1.));
#3426=DIRECTION('center_axis',(0.,0.,1.));
#3427=DIRECTION('ref_axis',(-1.,1.22464679914735E-16,0.));
#3428=DIRECTION('',(1.22464679914735E-16,1.,0.));
#3429=DIRECTION('center_axis',(0.,0.,-1.));
#3430=DIRECTION('ref_axis',(-1.,1.22464679914735E-16,0.));
#3431=DIRECTION('',(1.,-1.22464679914735E-16,0.));
#3432=DIRECTION('center_axis',(0.,0.,-1.));
#3433=DIRECTION('ref_axis',(-1.,1.22464679914735E-16,0.));
#3434=DIRECTION('',(-1.22464679914735E-16,-1.,0.));
#3435=DIRECTION('center_axis',(0.,0.,1.));
#3436=DIRECTION('ref_axis',(-1.,1.22464679914735E-16,0.));
#3437=DIRECTION('center_axis',(1.,-1.22464679914735E-16,0.));
#3438=DIRECTION('ref_axis',(0.,0.,1.));
#3439=DIRECTION('',(0.,0.,-1.));
#3440=DIRECTION('center_axis',(0.,0.,1.));
#3441=DIRECTION('ref_axis',(-1.,1.22464679914735E-16,0.));
#3442=DIRECTION('',(0.,0.,-1.));
#3443=DIRECTION('',(0.,0.,-1.));
#3444=DIRECTION('center_axis',(-1.,1.22464679914735E-16,0.));
#3445=DIRECTION('ref_axis',(0.,0.,-1.));
#3446=DIRECTION('',(0.,0.,-1.));
#3447=DIRECTION('center_axis',(0.,0.,1.));
#3448=DIRECTION('ref_axis',(-1.,1.22464679914735E-16,0.));
#3449=DIRECTION('',(0.,0.,-1.));
#3450=DIRECTION('center_axis',(0.,0.,1.));
#3451=DIRECTION('ref_axis',(-1.,1.22464679914735E-16,0.));
#3452=DIRECTION('',(0.,0.,-1.));
#3453=DIRECTION('center_axis',(-1.22464679914735E-16,-1.,0.));
#3454=DIRECTION('ref_axis',(0.,0.,1.));
#3455=DIRECTION('center_axis',(0.,0.,1.));
#3456=DIRECTION('ref_axis',(-1.,1.22464679914735E-16,0.));
#3457=DIRECTION('',(0.,0.,-1.));
#3458=DIRECTION('',(0.,0.,-1.));
#3459=DIRECTION('center_axis',(1.22464679914735E-16,1.,0.));
#3460=DIRECTION('ref_axis',(0.,0.,-1.));
#3461=DIRECTION('',(0.,0.,-1.));
#3462=DIRECTION('center_axis',(0.,0.,1.));
#3463=DIRECTION('ref_axis',(-1.,1.22464679914735E-16,0.));
#3464=DIRECTION('',(0.,0.,-1.));
#3465=DIRECTION('',(0.,0.,-1.));
#3466=DIRECTION('center_axis',(1.,-1.22464679914735E-16,0.));
#3467=DIRECTION('ref_axis',(0.,0.,1.));
#3468=DIRECTION('',(0.,0.,-1.));
#3469=DIRECTION('',(1.22464679914735E-16,1.,0.));
#3470=DIRECTION('',(0.,0.,-1.));
#3471=DIRECTION('center_axis',(0.,0.,1.));
#3472=DIRECTION('ref_axis',(-1.,1.22464679914735E-16,0.));
#3473=DIRECTION('center_axis',(0.,0.,1.));
#3474=DIRECTION('ref_axis',(-1.,1.22464679914735E-16,0.));
#3475=DIRECTION('',(0.,0.,-1.));
#3476=DIRECTION('',(0.,0.,-1.));
#3477=DIRECTION('center_axis',(-1.,1.22464679914735E-16,0.));
#3478=DIRECTION('ref_axis',(0.,0.,-1.));
#3479=DIRECTION('',(-1.22464679914735E-16,-1.,0.));
#3480=DIRECTION('',(0.,0.,-1.));
#3481=DIRECTION('',(-1.22464679914735E-16,-1.,0.));
#3482=DIRECTION('',(0.,0.,-1.));
#3483=DIRECTION('',(0.,0.,-1.));
#3484=DIRECTION('center_axis',(0.,0.,1.));
#3485=DIRECTION('ref_axis',(-1.,1.22464679914735E-16,0.));
#3486=DIRECTION('center_axis',(0.,0.,1.));
#3487=DIRECTION('ref_axis',(-1.,1.22464679914735E-16,0.));
#3488=DIRECTION('',(0.,0.,-1.));
#3489=DIRECTION('center_axis',(0.,0.,1.));
#3490=DIRECTION('ref_axis',(-1.,1.22464679914735E-16,0.));
#3491=DIRECTION('center_axis',(0.,0.,1.));
#3492=DIRECTION('ref_axis',(-1.,1.22464679914735E-16,0.));
#3493=DIRECTION('',(-1.,1.22464679914735E-16,0.));
#3494=DIRECTION('',(1.,-1.22464679914735E-16,0.));
#3495=DIRECTION('center_axis',(-1.22464679914735E-16,-1.,0.));
#3496=DIRECTION('ref_axis',(0.,0.,1.));
#3497=DIRECTION('',(0.,0.,-1.));
#3498=DIRECTION('center_axis',(-1.22464679914735E-16,-1.,0.));
#3499=DIRECTION('ref_axis',(0.,0.,1.));
#3500=DIRECTION('',(0.,0.,-1.));
#3501=DIRECTION('center_axis',(0.,0.,1.));
#3502=DIRECTION('ref_axis',(-1.,1.22464679914735E-16,0.));
#3503=DIRECTION('',(0.,0.,-1.));
#3504=DIRECTION('center_axis',(0.,0.,1.));
#3505=DIRECTION('ref_axis',(-1.,1.22464679914735E-16,0.));
#3506=DIRECTION('',(0.,0.,-1.));
#3507=DIRECTION('',(0.,0.,-1.));
#3508=DIRECTION('center_axis',(1.22464679914735E-16,1.,0.));
#3509=DIRECTION('ref_axis',(0.,0.,-1.));
#3510=DIRECTION('center_axis',(0.,0.,1.));
#3511=DIRECTION('ref_axis',(-1.,1.22464679914735E-16,0.));
#3512=DIRECTION('center_axis',(0.,0.,-1.));
#3513=DIRECTION('ref_axis',(-1.,1.22464679914735E-16,0.));
#3514=DIRECTION('',(0.,0.,-1.));
#3515=DIRECTION('center_axis',(0.,0.,1.));
#3516=DIRECTION('ref_axis',(-1.,1.22464679914735E-16,0.));
#3517=DIRECTION('center_axis',(0.,0.,-1.));
#3518=DIRECTION('ref_axis',(-1.,1.22464679914735E-16,0.));
#3519=DIRECTION('center_axis',(0.,0.,1.));
#3520=DIRECTION('ref_axis',(-1.,1.22464679914735E-16,0.));
#3521=DIRECTION('',(0.,0.,-1.));
#3522=DIRECTION('center_axis',(0.,0.,-1.));
#3523=DIRECTION('ref_axis',(-1.,1.22464679914735E-16,0.));
#3524=DIRECTION('center_axis',(0.,0.,1.));
#3525=DIRECTION('ref_axis',(-1.,1.22464679914735E-16,0.));
#3526=DIRECTION('center_axis',(0.,0.,-1.));
#3527=DIRECTION('ref_axis',(-1.,1.22464679914735E-16,0.));
#3528=DIRECTION('',(-1.,1.22464679914735E-16,0.));
#3529=DIRECTION('center_axis',(0.,0.,1.));
#3530=DIRECTION('ref_axis',(-1.,1.22464679914735E-16,0.));
#3531=DIRECTION('center_axis',(1.22464679914735E-16,1.,0.));
#3532=DIRECTION('ref_axis',(0.,0.,-1.));
#3533=CARTESIAN_POINT('',(0.,0.,0.));
#3534=CARTESIAN_POINT('Origin',(-8.,26.35,-4.8));
#3535=CARTESIAN_POINT('',(-5.,24.5,-4.8));
#3536=CARTESIAN_POINT('',(-11.,24.5,-4.8));
#3537=CARTESIAN_POINT('',(-8.,24.5,-4.8));
#3538=CARTESIAN_POINT('',(-5.,28.2,-4.8));
#3539=CARTESIAN_POINT('',(-5.,26.35,-4.8));
#3540=CARTESIAN_POINT('',(-11.,28.2,-4.8));
#3541=CARTESIAN_POINT('',(-8.,28.2,-4.8));
#3542=CARTESIAN_POINT('',(-11.,26.35,-4.8));
#3543=CARTESIAN_POINT('Origin',(-8.,23.2,-4.7));
#3544=CARTESIAN_POINT('',(-5.,23.2,-6.2));
#3545=CARTESIAN_POINT('',(-11.,23.2,-6.2));
#3546=CARTESIAN_POINT('',(-8.,23.2,-6.2));
#3547=CARTESIAN_POINT('',(-5.,23.2,-3.2));
#3548=CARTESIAN_POINT('',(-5.,23.2,-4.7));
#3549=CARTESIAN_POINT('',(-11.,23.2,-3.2));
#3550=CARTESIAN_POINT('',(-4.,23.2,-3.2));
#3551=CARTESIAN_POINT('',(-11.,23.2,-4.7));
#3552=CARTESIAN_POINT('Origin',(-5.,23.85,-4.7));
#3553=CARTESIAN_POINT('',(-5.,24.5,-3.2));
#3554=CARTESIAN_POINT('',(-5.,24.5,-4.7));
#3555=CARTESIAN_POINT('',(-5.,24.7,-3.2));
#3556=CARTESIAN_POINT('',(-5.,29.5,-6.2));
#3557=CARTESIAN_POINT('',(-5.,23.85,-6.2));
#3558=CARTESIAN_POINT('',(-5.,29.5,-3.2));
#3559=CARTESIAN_POINT('',(-5.,29.5,-4.7));
#3560=CARTESIAN_POINT('',(-5.,28.2,-3.2));
#3561=CARTESIAN_POINT('',(-5.,27.2,-3.2));
#3562=CARTESIAN_POINT('',(-5.,28.2,-4.7));
#3563=CARTESIAN_POINT('Origin',(-8.,24.5,-4.7));
#3564=CARTESIAN_POINT('',(-11.,24.5,-3.2));
#3565=CARTESIAN_POINT('',(-11.,24.5,-4.7));
#3566=CARTESIAN_POINT('',(-4.,24.5,-3.2));
#3567=CARTESIAN_POINT('Origin',(-8.,29.5,-4.7));
#3568=CARTESIAN_POINT('',(-11.,29.5,-6.2));
#3569=CARTESIAN_POINT('',(-8.,29.5,-6.2));
#3570=CARTESIAN_POINT('',(-11.,29.5,-3.2));
#3571=CARTESIAN_POINT('',(-11.,29.5,-4.7));
#3572=CARTESIAN_POINT('',(-4.,29.5,-3.2));
#3573=CARTESIAN_POINT('Origin',(-8.,28.2,-4.7));
#3574=CARTESIAN_POINT('',(-11.,28.2,-3.2));
#3575=CARTESIAN_POINT('',(-4.,28.2,-3.2));
#3576=CARTESIAN_POINT('',(-11.,28.2,-4.7));
#3577=CARTESIAN_POINT('Origin',(-8.,23.85,-6.2));
#3578=CARTESIAN_POINT('',(-11.,23.85,-6.2));
#3579=CARTESIAN_POINT('Origin',(-11.,23.85,-4.7));
#3580=CARTESIAN_POINT('',(-11.,24.7,-3.2));
#3581=CARTESIAN_POINT('',(-11.,27.2,-3.2));
#3582=CARTESIAN_POINT('Origin',(8.,26.35,-4.8));
#3583=CARTESIAN_POINT('',(11.,24.5,-4.8));
#3584=CARTESIAN_POINT('',(5.,24.5,-4.8));
#3585=CARTESIAN_POINT('',(8.,24.5,-4.8));
#3586=CARTESIAN_POINT('',(11.,28.2,-4.8));
#3587=CARTESIAN_POINT('',(11.,26.35,-4.8));
#3588=CARTESIAN_POINT('',(5.,28.2,-4.8));
#3589=CARTESIAN_POINT('',(8.,28.2,-4.8));
#3590=CARTESIAN_POINT('',(5.,26.35,-4.8));
#3591=CARTESIAN_POINT('Origin',(8.,23.2,-4.7));
#3592=CARTESIAN_POINT('',(11.,23.2,-6.2));
#3593=CARTESIAN_POINT('',(5.,23.2,-6.2));
#3594=CARTESIAN_POINT('',(8.,23.2,-6.2));
#3595=CARTESIAN_POINT('',(11.,23.2,-3.2));
#3596=CARTESIAN_POINT('',(11.,23.2,-4.7));
#3597=CARTESIAN_POINT('',(5.,23.2,-3.2));
#3598=CARTESIAN_POINT('',(4.,23.2,-3.2));
#3599=CARTESIAN_POINT('',(5.,23.2,-4.7));
#3600=CARTESIAN_POINT('Origin',(11.,23.85,-4.7));
#3601=CARTESIAN_POINT('',(11.,24.5,-3.2));
#3602=CARTESIAN_POINT('',(11.,24.5,-4.7));
#3603=CARTESIAN_POINT('',(11.,24.7,-3.2));
#3604=CARTESIAN_POINT('',(11.,29.5,-6.2));
#3605=CARTESIAN_POINT('',(11.,23.85,-6.2));
#3606=CARTESIAN_POINT('',(11.,29.5,-3.2));
#3607=CARTESIAN_POINT('',(11.,29.5,-4.7));
#3608=CARTESIAN_POINT('',(11.,28.2,-3.2));
#3609=CARTESIAN_POINT('',(11.,27.2,-3.2));
#3610=CARTESIAN_POINT('',(11.,28.2,-4.7));
#3611=CARTESIAN_POINT('Origin',(8.,24.5,-4.7));
#3612=CARTESIAN_POINT('',(5.,24.5,-3.2));
#3613=CARTESIAN_POINT('',(5.,24.5,-4.7));
#3614=CARTESIAN_POINT('',(4.,24.5,-3.2));
#3615=CARTESIAN_POINT('Origin',(8.,29.5,-4.7));
#3616=CARTESIAN_POINT('',(5.,29.5,-6.2));
#3617=CARTESIAN_POINT('',(8.,29.5,-6.2));
#3618=CARTESIAN_POINT('',(5.,29.5,-3.2));
#3619=CARTESIAN_POINT('',(5.,29.5,-4.7));
#3620=CARTESIAN_POINT('',(4.,29.5,-3.2));
#3621=CARTESIAN_POINT('Origin',(8.,28.2,-4.7));
#3622=CARTESIAN_POINT('',(5.,28.2,-3.2));
#3623=CARTESIAN_POINT('',(4.,28.2,-3.2));
#3624=CARTESIAN_POINT('',(5.,28.2,-4.7));
#3625=CARTESIAN_POINT('Origin',(8.,23.85,-6.2));
#3626=CARTESIAN_POINT('',(5.,23.85,-6.2));
#3627=CARTESIAN_POINT('Origin',(5.,23.85,-4.7));
#3628=CARTESIAN_POINT('',(5.,24.7,-3.2));
#3629=CARTESIAN_POINT('',(5.,27.2,-3.2));
#3630=CARTESIAN_POINT('Origin',(-18.8,8.,-2.75));
#3631=CARTESIAN_POINT('',(-19.4,11.075,-2.75));
#3632=CARTESIAN_POINT('',(-19.4,4.925,-2.75));
#3633=CARTESIAN_POINT('',(-19.4,8.,-2.75));
#3634=CARTESIAN_POINT('',(-18.2,11.075,-2.75));
#3635=CARTESIAN_POINT('',(-18.8,11.075,-2.75));
#3636=CARTESIAN_POINT('',(-18.2,4.925,-2.75));
#3637=CARTESIAN_POINT('',(-18.2,6.,-2.75));
#3638=CARTESIAN_POINT('',(-18.8,4.925,-2.75));
#3639=CARTESIAN_POINT('Origin',(-18.8,11.075,-4.275));
#3640=CARTESIAN_POINT('',(-18.2,11.075,-5.8));
#3641=CARTESIAN_POINT('',(-18.2,11.075,-4.1125));
#3642=CARTESIAN_POINT('',(-19.4,11.075,-5.8));
#3643=CARTESIAN_POINT('',(-19.4,11.075,-4.275));
#3644=CARTESIAN_POINT('',(-9.4,11.075,-5.8));
#3645=CARTESIAN_POINT('Origin',(-18.8,4.925,-4.275));
#3646=CARTESIAN_POINT('',(-19.4,4.925,-5.8));
#3647=CARTESIAN_POINT('',(-19.4,4.925,-4.275));
#3648=CARTESIAN_POINT('',(-18.2,4.925,-5.8));
#3649=CARTESIAN_POINT('',(-18.2,4.925,-4.1125));
#3650=CARTESIAN_POINT('',(-9.4,4.925,-5.8));
#3651=CARTESIAN_POINT('Origin',(-19.4,8.,-4.275));
#3652=CARTESIAN_POINT('',(-19.4,6.,-5.8));
#3653=CARTESIAN_POINT('Origin',(-18.2,4.,-3.95));
#3654=CARTESIAN_POINT('',(-18.2,21.25,-5.8));
#3655=CARTESIAN_POINT('',(-18.2,4.,-5.8));
#3656=CARTESIAN_POINT('',(-18.2,21.25,-1.1));
#3657=CARTESIAN_POINT('',(-18.2,21.25,-3.95));
#3658=CARTESIAN_POINT('',(-18.2,-13.25,-1.1));
#3659=CARTESIAN_POINT('',(-18.2,4.,-1.1));
#3660=CARTESIAN_POINT('',(-18.2,-13.25,-5.8));
#3661=CARTESIAN_POINT('',(-18.2,-13.25,-3.95));
#3662=CARTESIAN_POINT('',(-18.2,4.,-5.8));
#3663=CARTESIAN_POINT('Origin',(18.8,8.,-2.75));
#3664=CARTESIAN_POINT('',(18.2,11.075,-2.75));
#3665=CARTESIAN_POINT('',(18.2,4.925,-2.75));
#3666=CARTESIAN_POINT('',(18.2,6.,-2.75));
#3667=CARTESIAN_POINT('',(19.4,11.075,-2.75));
#3668=CARTESIAN_POINT('',(18.8,11.075,-2.75));
#3669=CARTESIAN_POINT('',(19.4,4.925,-2.75));
#3670=CARTESIAN_POINT('',(19.4,8.,-2.75));
#3671=CARTESIAN_POINT('',(18.8,4.925,-2.75));
#3672=CARTESIAN_POINT('Origin',(18.8,11.075,-4.275));
#3673=CARTESIAN_POINT('',(19.4,11.075,-5.8));
#3674=CARTESIAN_POINT('',(19.4,11.075,-4.275));
#3675=CARTESIAN_POINT('',(18.2,11.075,-5.8));
#3676=CARTESIAN_POINT('',(18.2,11.075,-4.1125));
#3677=CARTESIAN_POINT('',(9.4,11.075,-5.8));
#3678=CARTESIAN_POINT('Origin',(19.4,8.,-4.275));
#3679=CARTESIAN_POINT('',(19.4,4.925,-5.8));
#3680=CARTESIAN_POINT('',(19.4,4.925,-4.275));
#3681=CARTESIAN_POINT('',(19.4,6.,-5.8));
#3682=CARTESIAN_POINT('Origin',(18.8,4.925,-4.275));
#3683=CARTESIAN_POINT('',(18.2,4.925,-5.8));
#3684=CARTESIAN_POINT('',(18.2,4.925,-4.1125));
#3685=CARTESIAN_POINT('',(9.4,4.925,-5.8));
#3686=CARTESIAN_POINT('Origin',(18.2,4.,-3.95));
#3687=CARTESIAN_POINT('',(18.2,-13.25,-5.8));
#3688=CARTESIAN_POINT('',(18.2,4.,-5.8));
#3689=CARTESIAN_POINT('',(18.2,-13.25,-1.1));
#3690=CARTESIAN_POINT('',(18.2,-13.25,-3.95));
#3691=CARTESIAN_POINT('',(18.2,21.25,-1.1));
#3692=CARTESIAN_POINT('',(18.2,4.,-1.1));
#3693=CARTESIAN_POINT('',(18.2,21.25,-5.8));
#3694=CARTESIAN_POINT('',(18.2,21.25,-3.95));
#3695=CARTESIAN_POINT('',(18.2,4.,-5.8));
#3696=CARTESIAN_POINT('Origin',(-15.5,-10.25,-3.055));
#3697=CARTESIAN_POINT('',(-15.5,-8.9423303169378,-1.11));
#3698=CARTESIAN_POINT('',(-15.5,-8.9423303169378,-2.7));
#3699=CARTESIAN_POINT('',(-15.5,-8.9423303169378,-1.9));
#3700=CARTESIAN_POINT('',(-15.5,-11.5576696830622,-1.11));
#3701=CARTESIAN_POINT('',(-15.5,-10.25,-1.11));
#3702=CARTESIAN_POINT('',(-15.5,-11.5576696830622,-2.7));
#3703=CARTESIAN_POINT('',(-15.5,-11.5576696830622,-1.9));
#3704=CARTESIAN_POINT('',(-15.5,-11.7698684153571,-3.2));
#3705=CARTESIAN_POINT('Ctrl Pts',(-15.5,-11.7698684153571,-3.2));
#3706=CARTESIAN_POINT('Ctrl Pts',(-15.5,-11.6566957581332,-2.93123820750524));
#3707=CARTESIAN_POINT('Ctrl Pts',(-15.5,-11.5576696830622,-2.7));
#3708=CARTESIAN_POINT('',(-15.5,-11.3408712114636,-4.4));
#3709=CARTESIAN_POINT('Ctrl Pts',(-15.5,-11.3408712114636,-4.4));
#3710=CARTESIAN_POINT('Ctrl Pts',(-15.5,-11.5247271559893,-3.898592107651));
#3711=CARTESIAN_POINT('Ctrl Pts',(-15.5,-11.7698684153571,-3.2));
#3712=CARTESIAN_POINT('',(-15.5,-9.15912878853643,-4.4));
#3713=CARTESIAN_POINT('',(-15.5,-10.25,-4.4));
#3714=CARTESIAN_POINT('',(-15.5,-8.73013158464293,-3.2));
#3715=CARTESIAN_POINT('Ctrl Pts',(-15.5,-8.73013158464293,-3.2));
#3716=CARTESIAN_POINT('Ctrl Pts',(-15.5,-8.97527284401061,-3.89859210765086));
#3717=CARTESIAN_POINT('Ctrl Pts',(-15.5,-9.15912878853642,-4.4));
#3718=CARTESIAN_POINT('Ctrl Pts',(-15.5,-8.9423303169378,-2.7));
#3719=CARTESIAN_POINT('Ctrl Pts',(-15.5,-8.84330424186792,-2.93123820750268));
#3720=CARTESIAN_POINT('Ctrl Pts',(-15.5,-8.73013158464293,-3.2));
#3721=CARTESIAN_POINT('Origin',(-15.,-10.25,-1.11));
#3722=CARTESIAN_POINT('',(-14.5,-8.9423303169378,-1.11));
#3723=CARTESIAN_POINT('Origin',(-15.,-10.25,-1.11));
#3724=CARTESIAN_POINT('',(-14.5,-11.5576696830622,-1.11));
#3725=CARTESIAN_POINT('',(-14.5,-10.25,-1.11));
#3726=CARTESIAN_POINT('Origin',(-15.,-10.25,-1.11));
#3727=CARTESIAN_POINT('Origin',(-14.5,-10.25,-3.055));
#3728=CARTESIAN_POINT('',(-14.5,-8.9423303169378,-2.7));
#3729=CARTESIAN_POINT('',(-14.5,-8.9423303169378,-1.9));
#3730=CARTESIAN_POINT('',(-14.5,-8.73013158464293,-3.2));
#3731=CARTESIAN_POINT('Ctrl Pts',(-14.5,-8.73013158464293,-3.2));
#3732=CARTESIAN_POINT('Ctrl Pts',(-14.5,-8.84330424186792,-2.93123820750268));
#3733=CARTESIAN_POINT('Ctrl Pts',(-14.5,-8.9423303169378,-2.7));
#3734=CARTESIAN_POINT('',(-14.5,-9.15912878853643,-4.4));
#3735=CARTESIAN_POINT('Ctrl Pts',(-14.5,-9.15912878853642,-4.4));
#3736=CARTESIAN_POINT('Ctrl Pts',(-14.5,-8.97527284401061,-3.89859210765086));
#3737=CARTESIAN_POINT('Ctrl Pts',(-14.5,-8.73013158464293,-3.2));
#3738=CARTESIAN_POINT('',(-14.5,-11.3408712114636,-4.4));
#3739=CARTESIAN_POINT('',(-14.5,-10.25,-4.4));
#3740=CARTESIAN_POINT('',(-14.5,-11.7698684153571,-3.2));
#3741=CARTESIAN_POINT('Ctrl Pts',(-14.5,-11.7698684153571,-3.2));
#3742=CARTESIAN_POINT('Ctrl Pts',(-14.5,-11.5247271559893,-3.898592107651));
#3743=CARTESIAN_POINT('Ctrl Pts',(-14.5,-11.3408712114636,-4.4));
#3744=CARTESIAN_POINT('',(-14.5,-11.5576696830622,-2.7));
#3745=CARTESIAN_POINT('Ctrl Pts',(-14.5,-11.5576696830622,-2.7));
#3746=CARTESIAN_POINT('Ctrl Pts',(-14.5,-11.6566957581332,-2.93123820750524));
#3747=CARTESIAN_POINT('Ctrl Pts',(-14.5,-11.7698684153571,-3.2));
#3748=CARTESIAN_POINT('',(-14.5,-11.5576696830622,-1.9));
#3749=CARTESIAN_POINT('Origin',(-15.,-10.25,-1.9));
#3750=CARTESIAN_POINT('',(-16.2124355652982,-9.55,-1.1));
#3751=CARTESIAN_POINT('',(-13.6,-10.25,-1.1));
#3752=CARTESIAN_POINT('Origin',(-15.,-10.25,-1.1));
#3753=CARTESIAN_POINT('',(-13.7875644347018,-9.55,-1.1));
#3754=CARTESIAN_POINT('Origin',(-15.,-10.25,-1.1));
#3755=CARTESIAN_POINT('Origin',(-15.,-10.25,-1.1));
#3756=CARTESIAN_POINT('',(-13.6,-10.25,-2.7));
#3757=CARTESIAN_POINT('',(-13.6,-10.25,-1.9));
#3758=CARTESIAN_POINT('Origin',(-15.,-10.25,-2.7));
#3759=CARTESIAN_POINT('Origin',(-15.,-10.25,-2.7));
#3760=CARTESIAN_POINT('Origin',(-15.,-10.25,-2.7));
#3761=CARTESIAN_POINT('Origin',(-15.,-10.25,-2.95));
#3762=CARTESIAN_POINT('Origin',(-15.,-10.25,-3.2));
#3763=CARTESIAN_POINT('Origin',(-15.,-10.25,-2.95));
#3764=CARTESIAN_POINT('Origin',(-15.,-10.25,-3.2));
#3765=CARTESIAN_POINT('Origin',(-15.,-10.25,-4.4));
#3766=CARTESIAN_POINT('Origin',(-15.,-10.25,-4.4));
#3767=CARTESIAN_POINT('Origin',(-15.,-10.25,-3.8));
#3768=CARTESIAN_POINT('Origin',(-15.,-10.25,-3.8));
#3769=CARTESIAN_POINT('Origin',(-15.,-10.25,-4.4));
#3770=CARTESIAN_POINT('Origin',(-15.,-10.25,-4.4));
#3771=CARTESIAN_POINT('Origin',(-15.,-10.25,-1.1));
#3772=CARTESIAN_POINT('',(-1.16953769318572E-15,-9.55,-1.1));
#3773=CARTESIAN_POINT('Origin',(-15.5,18.25,-2.805));
#3774=CARTESIAN_POINT('',(-15.5,20.0311513130557,-0.610000000000001));
#3775=CARTESIAN_POINT('',(-15.5,20.0311513130557,-1.05));
#3776=CARTESIAN_POINT('',(-15.5,20.0311513130557,-0.825));
#3777=CARTESIAN_POINT('',(-15.5,16.4688486869443,-0.610000000000001));
#3778=CARTESIAN_POINT('',(-15.5,18.25,-0.610000000000001));
#3779=CARTESIAN_POINT('',(-15.5,16.4688486869443,-1.05));
#3780=CARTESIAN_POINT('',(-15.5,16.4688486869443,-0.825));
#3781=CARTESIAN_POINT('',(-15.5,16.9423303169378,-1.05));
#3782=CARTESIAN_POINT('',(-15.5,18.25,-1.05));
#3783=CARTESIAN_POINT('',(-15.5,16.9423303169378,-2.7));
#3784=CARTESIAN_POINT('',(-15.5,16.9423303169378,-1.65));
#3785=CARTESIAN_POINT('',(-15.5,16.7301315846429,-3.2));
#3786=CARTESIAN_POINT('Ctrl Pts',(-15.5,16.7301315846429,-3.2));
#3787=CARTESIAN_POINT('Ctrl Pts',(-15.5,16.8433042418668,-2.93123820750524));
#3788=CARTESIAN_POINT('Ctrl Pts',(-15.5,16.9423303169378,-2.7));
#3789=CARTESIAN_POINT('',(-15.5,17.1591287885364,-4.4));
#3790=CARTESIAN_POINT('Ctrl Pts',(-15.5,17.1591287885364,-4.4));
#3791=CARTESIAN_POINT('Ctrl Pts',(-15.5,16.9752728440107,-3.898592107651));
#3792=CARTESIAN_POINT('Ctrl Pts',(-15.5,16.7301315846429,-3.2));
#3793=CARTESIAN_POINT('',(-15.5,19.3408712114636,-4.4));
#3794=CARTESIAN_POINT('',(-15.5,18.25,-4.4));
#3795=CARTESIAN_POINT('',(-15.5,19.7698684153571,-3.2));
#3796=CARTESIAN_POINT('Ctrl Pts',(-15.5,19.7698684153571,-3.2));
#3797=CARTESIAN_POINT('Ctrl Pts',(-15.5,19.5247271559893,-3.898592107651));
#3798=CARTESIAN_POINT('Ctrl Pts',(-15.5,19.3408712114636,-4.4));
#3799=CARTESIAN_POINT('',(-15.5,19.5576696830622,-2.7));
#3800=CARTESIAN_POINT('Ctrl Pts',(-15.5,19.5576696830622,-2.7));
#3801=CARTESIAN_POINT('Ctrl Pts',(-15.5,19.6566957581332,-2.93123820750524));
#3802=CARTESIAN_POINT('Ctrl Pts',(-15.5,19.7698684153571,-3.2));
#3803=CARTESIAN_POINT('',(-15.5,19.5576696830622,-1.05));
#3804=CARTESIAN_POINT('',(-15.5,19.5576696830622,-1.65));
#3805=CARTESIAN_POINT('',(-15.5,18.25,-1.05));
#3806=CARTESIAN_POINT('Origin',(-15.,18.25,-0.610000000000001));
#3807=CARTESIAN_POINT('',(-14.5,20.0311513130557,-0.610000000000001));
#3808=CARTESIAN_POINT('Origin',(-15.,18.25,-0.610000000000001));
#3809=CARTESIAN_POINT('',(-14.5,16.4688486869443,-0.610000000000001));
#3810=CARTESIAN_POINT('',(-14.5,18.25,-0.610000000000001));
#3811=CARTESIAN_POINT('Origin',(-15.,18.25,-0.610000000000001));
#3812=CARTESIAN_POINT('Origin',(-14.5,18.25,-2.805));
#3813=CARTESIAN_POINT('',(-14.5,20.0311513130557,-1.05));
#3814=CARTESIAN_POINT('',(-14.5,20.0311513130557,-0.825));
#3815=CARTESIAN_POINT('',(-14.5,19.5576696830622,-1.05));
#3816=CARTESIAN_POINT('',(-14.5,18.25,-1.05));
#3817=CARTESIAN_POINT('',(-14.5,19.5576696830622,-2.7));
#3818=CARTESIAN_POINT('',(-14.5,19.5576696830622,-1.65));
#3819=CARTESIAN_POINT('',(-14.5,19.7698684153571,-3.2));
#3820=CARTESIAN_POINT('Ctrl Pts',(-14.5,19.7698684153571,-3.2));
#3821=CARTESIAN_POINT('Ctrl Pts',(-14.5,19.6566957581332,-2.93123820750524));
#3822=CARTESIAN_POINT('Ctrl Pts',(-14.5,19.5576696830622,-2.7));
#3823=CARTESIAN_POINT('',(-14.5,19.3408712114636,-4.4));
#3824=CARTESIAN_POINT('Ctrl Pts',(-14.5,19.3408712114636,-4.4));
#3825=CARTESIAN_POINT('Ctrl Pts',(-14.5,19.5247271559893,-3.898592107651));
#3826=CARTESIAN_POINT('Ctrl Pts',(-14.5,19.7698684153571,-3.2));
#3827=CARTESIAN_POINT('',(-14.5,17.1591287885364,-4.4));
#3828=CARTESIAN_POINT('',(-14.5,18.25,-4.4));
#3829=CARTESIAN_POINT('',(-14.5,16.7301315846429,-3.2));
#3830=CARTESIAN_POINT('Ctrl Pts',(-14.5,16.7301315846429,-3.2));
#3831=CARTESIAN_POINT('Ctrl Pts',(-14.5,16.9752728440107,-3.898592107651));
#3832=CARTESIAN_POINT('Ctrl Pts',(-14.5,17.1591287885364,-4.4));
#3833=CARTESIAN_POINT('',(-14.5,16.9423303169378,-2.7));
#3834=CARTESIAN_POINT('Ctrl Pts',(-14.5,16.9423303169378,-2.7));
#3835=CARTESIAN_POINT('Ctrl Pts',(-14.5,16.8433042418668,-2.93123820750524));
#3836=CARTESIAN_POINT('Ctrl Pts',(-14.5,16.7301315846429,-3.2));
#3837=CARTESIAN_POINT('',(-14.5,16.9423303169378,-1.05));
#3838=CARTESIAN_POINT('',(-14.5,16.9423303169378,-1.65));
#3839=CARTESIAN_POINT('',(-14.5,16.4688486869443,-1.05));
#3840=CARTESIAN_POINT('',(-14.5,18.25,-1.05));
#3841=CARTESIAN_POINT('',(-14.5,16.4688486869443,-0.825));
#3842=CARTESIAN_POINT('Origin',(-15.,18.25,-0.825));
#3843=CARTESIAN_POINT('',(-13.15,18.25,-0.6));
#3844=CARTESIAN_POINT('Origin',(-15.,18.25,-0.6));
#3845=CARTESIAN_POINT('',(-13.15,18.25,-1.05));
#3846=CARTESIAN_POINT('',(-13.15,18.25,-0.825));
#3847=CARTESIAN_POINT('Origin',(-15.,18.25,-1.05));
#3848=CARTESIAN_POINT('Origin',(-15.,18.25,-1.05));
#3849=CARTESIAN_POINT('Origin',(-15.,18.25,-1.05));
#3850=CARTESIAN_POINT('Origin',(-15.,18.25,-1.05));
#3851=CARTESIAN_POINT('Origin',(-15.,18.25,-1.05));
#3852=CARTESIAN_POINT('Origin',(-15.,18.25,-1.05));
#3853=CARTESIAN_POINT('Origin',(-15.,18.25,-1.05));
#3854=CARTESIAN_POINT('Origin',(-15.,18.25,-1.65));
#3855=CARTESIAN_POINT('Origin',(-15.,18.25,-2.7));
#3856=CARTESIAN_POINT('Origin',(-15.,18.25,-1.65));
#3857=CARTESIAN_POINT('Origin',(-15.,18.25,-2.7));
#3858=CARTESIAN_POINT('Origin',(-15.,18.25,-2.95));
#3859=CARTESIAN_POINT('Origin',(-15.,18.25,-3.2));
#3860=CARTESIAN_POINT('Origin',(-15.,18.25,-2.95));
#3861=CARTESIAN_POINT('Origin',(-15.,18.25,-3.2));
#3862=CARTESIAN_POINT('Origin',(-15.,18.25,-4.4));
#3863=CARTESIAN_POINT('Origin',(-15.,18.25,-4.4));
#3864=CARTESIAN_POINT('Origin',(-15.,18.25,-3.8));
#3865=CARTESIAN_POINT('Origin',(-15.,18.25,-3.8));
#3866=CARTESIAN_POINT('Origin',(-15.,18.25,-4.4));
#3867=CARTESIAN_POINT('Origin',(-15.,18.25,-4.4));
#3868=CARTESIAN_POINT('Origin',(14.5,-10.25,-3.055));
#3869=CARTESIAN_POINT('',(14.5,-8.9423303169378,-1.11));
#3870=CARTESIAN_POINT('',(14.5,-8.9423303169378,-2.7));
#3871=CARTESIAN_POINT('',(14.5,-8.9423303169378,-1.9));
#3872=CARTESIAN_POINT('',(14.5,-11.5576696830622,-1.11));
#3873=CARTESIAN_POINT('',(14.5,-10.25,-1.11));
#3874=CARTESIAN_POINT('',(14.5,-11.5576696830622,-2.7));
#3875=CARTESIAN_POINT('',(14.5,-11.5576696830622,-1.9));
#3876=CARTESIAN_POINT('',(14.5,-11.7698684153571,-3.2));
#3877=CARTESIAN_POINT('Ctrl Pts',(14.5,-11.7698684153571,-3.2));
#3878=CARTESIAN_POINT('Ctrl Pts',(14.5,-11.6566957581332,-2.93123820750524));
#3879=CARTESIAN_POINT('Ctrl Pts',(14.5,-11.5576696830622,-2.7));
#3880=CARTESIAN_POINT('',(14.5,-11.3408712114636,-4.4));
#3881=CARTESIAN_POINT('Ctrl Pts',(14.5,-11.3408712114636,-4.4));
#3882=CARTESIAN_POINT('Ctrl Pts',(14.5,-11.5247271559893,-3.898592107651));
#3883=CARTESIAN_POINT('Ctrl Pts',(14.5,-11.7698684153571,-3.2));
#3884=CARTESIAN_POINT('',(14.5,-9.15912878853643,-4.4));
#3885=CARTESIAN_POINT('',(14.5,-10.25,-4.4));
#3886=CARTESIAN_POINT('',(14.5,-8.73013158464294,-3.2));
#3887=CARTESIAN_POINT('Ctrl Pts',(14.5,-8.73013158464293,-3.2));
#3888=CARTESIAN_POINT('Ctrl Pts',(14.5,-8.97527284401061,-3.89859210765086));
#3889=CARTESIAN_POINT('Ctrl Pts',(14.5,-9.15912878853643,-4.4));
#3890=CARTESIAN_POINT('Ctrl Pts',(14.5,-8.9423303169378,-2.7));
#3891=CARTESIAN_POINT('Ctrl Pts',(14.5,-8.84330424186793,-2.93123820750268));
#3892=CARTESIAN_POINT('Ctrl Pts',(14.5,-8.73013158464293,-3.2));
#3893=CARTESIAN_POINT('Origin',(15.,-10.25,-1.11));
#3894=CARTESIAN_POINT('',(15.5,-8.9423303169378,-1.11));
#3895=CARTESIAN_POINT('Origin',(15.,-10.25,-1.11));
#3896=CARTESIAN_POINT('',(15.5,-11.5576696830622,-1.11));
#3897=CARTESIAN_POINT('',(15.5,-10.25,-1.11));
#3898=CARTESIAN_POINT('Origin',(15.,-10.25,-1.11));
#3899=CARTESIAN_POINT('Origin',(15.5,-10.25,-3.055));
#3900=CARTESIAN_POINT('',(15.5,-8.9423303169378,-2.7));
#3901=CARTESIAN_POINT('',(15.5,-8.9423303169378,-1.9));
#3902=CARTESIAN_POINT('',(15.5,-8.73013158464294,-3.2));
#3903=CARTESIAN_POINT('Ctrl Pts',(15.5,-8.73013158464293,-3.2));
#3904=CARTESIAN_POINT('Ctrl Pts',(15.5,-8.84330424186793,-2.93123820750268));
#3905=CARTESIAN_POINT('Ctrl Pts',(15.5,-8.9423303169378,-2.7));
#3906=CARTESIAN_POINT('',(15.5,-9.15912878853643,-4.4));
#3907=CARTESIAN_POINT('Ctrl Pts',(15.5,-9.15912878853643,-4.4));
#3908=CARTESIAN_POINT('Ctrl Pts',(15.5,-8.97527284401061,-3.89859210765086));
#3909=CARTESIAN_POINT('Ctrl Pts',(15.5,-8.73013158464293,-3.2));
#3910=CARTESIAN_POINT('',(15.5,-11.3408712114636,-4.4));
#3911=CARTESIAN_POINT('',(15.5,-10.25,-4.4));
#3912=CARTESIAN_POINT('',(15.5,-11.7698684153571,-3.2));
#3913=CARTESIAN_POINT('Ctrl Pts',(15.5,-11.7698684153571,-3.2));
#3914=CARTESIAN_POINT('Ctrl Pts',(15.5,-11.5247271559893,-3.898592107651));
#3915=CARTESIAN_POINT('Ctrl Pts',(15.5,-11.3408712114636,-4.4));
#3916=CARTESIAN_POINT('',(15.5,-11.5576696830622,-2.7));
#3917=CARTESIAN_POINT('Ctrl Pts',(15.5,-11.5576696830622,-2.7));
#3918=CARTESIAN_POINT('Ctrl Pts',(15.5,-11.6566957581332,-2.93123820750524));
#3919=CARTESIAN_POINT('Ctrl Pts',(15.5,-11.7698684153571,-3.2));
#3920=CARTESIAN_POINT('',(15.5,-11.5576696830622,-1.9));
#3921=CARTESIAN_POINT('Origin',(15.,-10.25,-1.9));
#3922=CARTESIAN_POINT('',(13.7875644347018,-9.55,-1.1));
#3923=CARTESIAN_POINT('',(16.4,-10.25,-1.1));
#3924=CARTESIAN_POINT('Origin',(15.,-10.25,-1.1));
#3925=CARTESIAN_POINT('',(16.2124355652982,-9.55,-1.1));
#3926=CARTESIAN_POINT('Origin',(15.,-10.25,-1.1));
#3927=CARTESIAN_POINT('Origin',(15.,-10.25,-1.1));
#3928=CARTESIAN_POINT('',(16.4,-10.25,-2.7));
#3929=CARTESIAN_POINT('',(16.4,-10.25,-1.9));
#3930=CARTESIAN_POINT('Origin',(15.,-10.25,-2.7));
#3931=CARTESIAN_POINT('Origin',(15.,-10.25,-2.7));
#3932=CARTESIAN_POINT('Origin',(15.,-10.25,-2.7));
#3933=CARTESIAN_POINT('Origin',(15.,-10.25,-2.95));
#3934=CARTESIAN_POINT('Origin',(15.,-10.25,-3.2));
#3935=CARTESIAN_POINT('Origin',(15.,-10.25,-2.95));
#3936=CARTESIAN_POINT('Origin',(15.,-10.25,-3.2));
#3937=CARTESIAN_POINT('Origin',(15.,-10.25,-4.4));
#3938=CARTESIAN_POINT('Origin',(15.,-10.25,-4.4));
#3939=CARTESIAN_POINT('Origin',(15.,-10.25,-3.8));
#3940=CARTESIAN_POINT('Origin',(15.,-10.25,-3.8));
#3941=CARTESIAN_POINT('Origin',(15.,-10.25,-4.4));
#3942=CARTESIAN_POINT('Origin',(15.,-10.25,-4.4));
#3943=CARTESIAN_POINT('Origin',(15.,-10.25,-1.1));
#3944=CARTESIAN_POINT('',(-1.16953769318572E-15,-9.55,-1.1));
#3945=CARTESIAN_POINT('Origin',(14.5,18.25,-2.805));
#3946=CARTESIAN_POINT('',(14.5,20.0311513130557,-0.610000000000001));
#3947=CARTESIAN_POINT('',(14.5,20.0311513130557,-1.05));
#3948=CARTESIAN_POINT('',(14.5,20.0311513130557,-0.825));
#3949=CARTESIAN_POINT('',(14.5,16.4688486869443,-0.610000000000001));
#3950=CARTESIAN_POINT('',(14.5,18.25,-0.610000000000001));
#3951=CARTESIAN_POINT('',(14.5,16.4688486869443,-1.05));
#3952=CARTESIAN_POINT('',(14.5,16.4688486869443,-0.825));
#3953=CARTESIAN_POINT('',(14.5,16.9423303169378,-1.05));
#3954=CARTESIAN_POINT('',(14.5,18.25,-1.05));
#3955=CARTESIAN_POINT('',(14.5,16.9423303169378,-2.7));
#3956=CARTESIAN_POINT('',(14.5,16.9423303169378,-1.65));
#3957=CARTESIAN_POINT('',(14.5,16.7301315846429,-3.2));
#3958=CARTESIAN_POINT('Ctrl Pts',(14.5,16.7301315846429,-3.2));
#3959=CARTESIAN_POINT('Ctrl Pts',(14.5,16.8433042418668,-2.93123820750524));
#3960=CARTESIAN_POINT('Ctrl Pts',(14.5,16.9423303169378,-2.7));
#3961=CARTESIAN_POINT('',(14.5,17.1591287885364,-4.4));
#3962=CARTESIAN_POINT('Ctrl Pts',(14.5,17.1591287885364,-4.4));
#3963=CARTESIAN_POINT('Ctrl Pts',(14.5,16.9752728440107,-3.898592107651));
#3964=CARTESIAN_POINT('Ctrl Pts',(14.5,16.7301315846429,-3.2));
#3965=CARTESIAN_POINT('',(14.5,19.3408712114636,-4.4));
#3966=CARTESIAN_POINT('',(14.5,18.25,-4.4));
#3967=CARTESIAN_POINT('',(14.5,19.7698684153571,-3.2));
#3968=CARTESIAN_POINT('Ctrl Pts',(14.5,19.7698684153571,-3.2));
#3969=CARTESIAN_POINT('Ctrl Pts',(14.5,19.5247271559893,-3.898592107651));
#3970=CARTESIAN_POINT('Ctrl Pts',(14.5,19.3408712114636,-4.4));
#3971=CARTESIAN_POINT('',(14.5,19.5576696830622,-2.7));
#3972=CARTESIAN_POINT('Ctrl Pts',(14.5,19.5576696830622,-2.7));
#3973=CARTESIAN_POINT('Ctrl Pts',(14.5,19.6566957581332,-2.93123820750524));
#3974=CARTESIAN_POINT('Ctrl Pts',(14.5,19.7698684153571,-3.2));
#3975=CARTESIAN_POINT('',(14.5,19.5576696830622,-1.05));
#3976=CARTESIAN_POINT('',(14.5,19.5576696830622,-1.65));
#3977=CARTESIAN_POINT('',(14.5,18.25,-1.05));
#3978=CARTESIAN_POINT('Origin',(15.,18.25,-0.610000000000001));
#3979=CARTESIAN_POINT('',(15.5,20.0311513130557,-0.610000000000001));
#3980=CARTESIAN_POINT('Origin',(15.,18.25,-0.610000000000001));
#3981=CARTESIAN_POINT('',(15.5,16.4688486869443,-0.610000000000001));
#3982=CARTESIAN_POINT('',(15.5,18.25,-0.610000000000001));
#3983=CARTESIAN_POINT('Origin',(15.,18.25,-0.610000000000001));
#3984=CARTESIAN_POINT('Origin',(15.5,18.25,-2.805));
#3985=CARTESIAN_POINT('',(15.5,20.0311513130557,-1.05));
#3986=CARTESIAN_POINT('',(15.5,20.0311513130557,-0.825));
#3987=CARTESIAN_POINT('',(15.5,19.5576696830622,-1.05));
#3988=CARTESIAN_POINT('',(15.5,18.25,-1.05));
#3989=CARTESIAN_POINT('',(15.5,19.5576696830622,-2.7));
#3990=CARTESIAN_POINT('',(15.5,19.5576696830622,-1.65));
#3991=CARTESIAN_POINT('',(15.5,19.7698684153571,-3.2));
#3992=CARTESIAN_POINT('Ctrl Pts',(15.5,19.7698684153571,-3.2));
#3993=CARTESIAN_POINT('Ctrl Pts',(15.5,19.6566957581332,-2.93123820750524));
#3994=CARTESIAN_POINT('Ctrl Pts',(15.5,19.5576696830622,-2.7));
#3995=CARTESIAN_POINT('',(15.5,19.3408712114636,-4.4));
#3996=CARTESIAN_POINT('Ctrl Pts',(15.5,19.3408712114636,-4.4));
#3997=CARTESIAN_POINT('Ctrl Pts',(15.5,19.5247271559893,-3.898592107651));
#3998=CARTESIAN_POINT('Ctrl Pts',(15.5,19.7698684153571,-3.2));
#3999=CARTESIAN_POINT('',(15.5,17.1591287885364,-4.4));
#4000=CARTESIAN_POINT('',(15.5,18.25,-4.4));
#4001=CARTESIAN_POINT('',(15.5,16.7301315846429,-3.2));
#4002=CARTESIAN_POINT('Ctrl Pts',(15.5,16.7301315846429,-3.2));
#4003=CARTESIAN_POINT('Ctrl Pts',(15.5,16.9752728440107,-3.898592107651));
#4004=CARTESIAN_POINT('Ctrl Pts',(15.5,17.1591287885364,-4.4));
#4005=CARTESIAN_POINT('',(15.5,16.9423303169378,-2.7));
#4006=CARTESIAN_POINT('Ctrl Pts',(15.5,16.9423303169378,-2.7));
#4007=CARTESIAN_POINT('Ctrl Pts',(15.5,16.8433042418668,-2.93123820750524));
#4008=CARTESIAN_POINT('Ctrl Pts',(15.5,16.7301315846429,-3.2));
#4009=CARTESIAN_POINT('',(15.5,16.9423303169378,-1.05));
#4010=CARTESIAN_POINT('',(15.5,16.9423303169378,-1.65));
#4011=CARTESIAN_POINT('',(15.5,16.4688486869443,-1.05));
#4012=CARTESIAN_POINT('',(15.5,18.25,-1.05));
#4013=CARTESIAN_POINT('',(15.5,16.4688486869443,-0.825));
#4014=CARTESIAN_POINT('Origin',(15.,18.25,-0.825));
#4015=CARTESIAN_POINT('',(16.85,18.25,-0.6));
#4016=CARTESIAN_POINT('Origin',(15.,18.25,-0.6));
#4017=CARTESIAN_POINT('',(16.85,18.25,-1.05));
#4018=CARTESIAN_POINT('',(16.85,18.25,-0.825));
#4019=CARTESIAN_POINT('Origin',(15.,18.25,-1.05));
#4020=CARTESIAN_POINT('Origin',(15.,18.25,-1.05));
#4021=CARTESIAN_POINT('Origin',(15.,18.25,-1.05));
#4022=CARTESIAN_POINT('Origin',(15.,18.25,-1.05));
#4023=CARTESIAN_POINT('Origin',(15.,18.25,-1.05));
#4024=CARTESIAN_POINT('Origin',(15.,18.25,-1.05));
#4025=CARTESIAN_POINT('Origin',(15.,18.25,-1.05));
#4026=CARTESIAN_POINT('Origin',(15.,18.25,-1.65));
#4027=CARTESIAN_POINT('Origin',(15.,18.25,-2.7));
#4028=CARTESIAN_POINT('Origin',(15.,18.25,-1.65));
#4029=CARTESIAN_POINT('Origin',(15.,18.25,-2.7));
#4030=CARTESIAN_POINT('Origin',(15.,18.25,-2.95));
#4031=CARTESIAN_POINT('Origin',(15.,18.25,-3.2));
#4032=CARTESIAN_POINT('Origin',(15.,18.25,-2.95));
#4033=CARTESIAN_POINT('Origin',(15.,18.25,-3.2));
#4034=CARTESIAN_POINT('Origin',(15.,18.25,-4.4));
#4035=CARTESIAN_POINT('Origin',(15.,18.25,-4.4));
#4036=CARTESIAN_POINT('Origin',(15.,18.25,-3.8));
#4037=CARTESIAN_POINT('Origin',(15.,18.25,-3.8));
#4038=CARTESIAN_POINT('Origin',(15.,18.25,-4.4));
#4039=CARTESIAN_POINT('Origin',(15.,18.25,-4.4));
#4040=CARTESIAN_POINT('Origin',(-15.,18.25,-0.855));
#4041=CARTESIAN_POINT('',(-13.,18.25,-1.1));
#4042=CARTESIAN_POINT('Origin',(-15.,18.25,-1.1));
#4043=CARTESIAN_POINT('',(-13.,18.25,-0.6));
#4044=CARTESIAN_POINT('',(-13.,18.25,-0.855));
#4045=CARTESIAN_POINT('Origin',(-15.,18.25,-0.6));
#4046=CARTESIAN_POINT('Origin',(-15.,18.25,-0.6));
#4047=CARTESIAN_POINT('Origin',(15.,18.25,-0.855));
#4048=CARTESIAN_POINT('',(17.,18.25,-1.1));
#4049=CARTESIAN_POINT('Origin',(15.,18.25,-1.1));
#4050=CARTESIAN_POINT('',(17.,18.25,-0.6));
#4051=CARTESIAN_POINT('',(17.,18.25,-0.855));
#4052=CARTESIAN_POINT('Origin',(15.,18.25,-0.6));
#4053=CARTESIAN_POINT('Origin',(15.,18.25,-0.6));
#4054=CARTESIAN_POINT('Origin',(-24.5,3.00038465791102E-15,-2.6));
#4055=CARTESIAN_POINT('',(-23.4,3.00038465791102E-15,-5.6));
#4056=CARTESIAN_POINT('Origin',(-24.5,3.00038465791102E-15,-5.6));
#4057=CARTESIAN_POINT('',(-23.4,2.7309623620986E-15,-4.4));
#4058=CARTESIAN_POINT('',(-23.4,3.00038465791102E-15,-2.6));
#4059=CARTESIAN_POINT('Origin',(-24.5,3.00038465791102E-15,-4.4));
#4060=CARTESIAN_POINT('Origin',(-24.5,3.00038465791102E-15,-1.95));
#4061=CARTESIAN_POINT('',(-22.9,3.00038465791102E-15,-4.4));
#4062=CARTESIAN_POINT('Origin',(-24.5,3.00038465791102E-15,-4.4));
#4063=CARTESIAN_POINT('',(-22.9,2.60849768218386E-15,-0.4));
#4064=CARTESIAN_POINT('',(-22.9,3.00038465791102E-15,-1.95));
#4065=CARTESIAN_POINT('Origin',(-24.5,3.00038465791102E-15,-0.4));
#4066=CARTESIAN_POINT('Origin',(-24.5,3.00038465791102E-15,-4.4));
#4067=CARTESIAN_POINT('Origin',(-24.5,3.00038465791102E-15,0.05));
#4068=CARTESIAN_POINT('',(-22.5,3.00038465791102E-15,-0.4));
#4069=CARTESIAN_POINT('Origin',(-24.5,3.00038465791102E-15,-0.4));
#4070=CARTESIAN_POINT('',(-22.5,2.51052593825207E-15,0.));
#4071=CARTESIAN_POINT('',(-22.5,3.00038465791102E-15,0.05));
#4072=CARTESIAN_POINT('Origin',(-24.5,3.00038465791102E-15,0.));
#4073=CARTESIAN_POINT('Origin',(-24.5,3.00038465791102E-15,-0.4));
#4074=CARTESIAN_POINT('Origin',(24.5,-3.00038465791102E-15,-2.6));
#4075=CARTESIAN_POINT('',(25.6,-3.00038465791102E-15,-5.6));
#4076=CARTESIAN_POINT('Origin',(24.5,-3.00038465791102E-15,-5.6));
#4077=CARTESIAN_POINT('',(25.6,-3.26980695372343E-15,-4.4));
#4078=CARTESIAN_POINT('',(25.6,-3.00038465791102E-15,-2.6));
#4079=CARTESIAN_POINT('Origin',(24.5,-3.00038465791102E-15,-4.4));
#4080=CARTESIAN_POINT('Origin',(24.5,-3.00038465791102E-15,-1.95));
#4081=CARTESIAN_POINT('',(26.1,-3.00038465791102E-15,-4.4));
#4082=CARTESIAN_POINT('Origin',(24.5,-3.00038465791102E-15,-4.4));
#4083=CARTESIAN_POINT('',(26.1,-3.39227163363817E-15,-0.4));
#4084=CARTESIAN_POINT('',(26.1,-3.00038465791102E-15,-1.95));
#4085=CARTESIAN_POINT('Origin',(24.5,-3.00038465791102E-15,-0.4));
#4086=CARTESIAN_POINT('Origin',(24.5,-3.00038465791102E-15,-4.4));
#4087=CARTESIAN_POINT('Origin',(24.5,-3.00038465791102E-15,0.05));
#4088=CARTESIAN_POINT('',(26.5,-3.00038465791102E-15,-0.4));
#4089=CARTESIAN_POINT('Origin',(24.5,-3.00038465791102E-15,-0.4));
#4090=CARTESIAN_POINT('',(26.5,-3.49024337756996E-15,0.));
#4091=CARTESIAN_POINT('',(26.5,-3.00038465791102E-15,0.05));
#4092=CARTESIAN_POINT('Origin',(24.5,-3.00038465791102E-15,0.));
#4093=CARTESIAN_POINT('Origin',(24.5,-3.00038465791102E-15,-0.4));
#4094=CARTESIAN_POINT('Origin',(8.,-11.4,-0.055));
#4095=CARTESIAN_POINT('',(8.,-13.25,-1.1));
#4096=CARTESIAN_POINT('',(8.,-9.55,-1.1));
#4097=CARTESIAN_POINT('',(8.,-3.7,-1.1));
#4098=CARTESIAN_POINT('',(8.,-13.25,0.));
#4099=CARTESIAN_POINT('',(8.,-13.25,-0.055));
#4100=CARTESIAN_POINT('',(8.,-9.55,0.));
#4101=CARTESIAN_POINT('',(8.,-3.7,0.));
#4102=CARTESIAN_POINT('',(8.,-9.55,-0.055));
#4103=CARTESIAN_POINT('Origin',(-8.,-11.4,-0.055));
#4104=CARTESIAN_POINT('',(-8.,-9.55,-1.1));
#4105=CARTESIAN_POINT('',(-8.,-13.25,-1.1));
#4106=CARTESIAN_POINT('',(-8.,-3.7,-1.1));
#4107=CARTESIAN_POINT('',(-8.,-9.55,0.));
#4108=CARTESIAN_POINT('',(-8.,-9.55,-0.055));
#4109=CARTESIAN_POINT('',(-8.,-13.25,0.));
#4110=CARTESIAN_POINT('',(-8.,-3.7,0.));
#4111=CARTESIAN_POINT('',(-8.,-13.25,-0.055));
#4112=CARTESIAN_POINT('Origin',(4.89858719658941E-16,4.,-1.1));
#4113=CARTESIAN_POINT('',(-1.16953769318572E-15,-9.55,-1.1));
#4114=CARTESIAN_POINT('',(-1.62265700887024E-15,-13.25,-1.1));
#4115=CARTESIAN_POINT('',(-8.,21.25,-1.1));
#4116=CARTESIAN_POINT('',(2.60237444818813E-15,21.25,-1.1));
#4117=CARTESIAN_POINT('',(-8.,14.45,-1.1));
#4118=CARTESIAN_POINT('',(-8.,10.925,-1.1));
#4119=CARTESIAN_POINT('',(-17.5,14.45,-1.1));
#4120=CARTESIAN_POINT('',(1.76961462476793E-15,14.45,-1.1));
#4121=CARTESIAN_POINT('',(-17.5,-9.55,-1.1));
#4122=CARTESIAN_POINT('',(-17.5,3.225,-1.1));
#4123=CARTESIAN_POINT('',(-1.16953769318572E-15,-9.55,-1.1));
#4124=CARTESIAN_POINT('Origin',(4.89858719658941E-16,4.,-1.1));
#4125=CARTESIAN_POINT('',(17.5,-9.55,-1.1));
#4126=CARTESIAN_POINT('',(-1.16953769318572E-15,-9.55,-1.1));
#4127=CARTESIAN_POINT('',(17.5,14.45,-1.1));
#4128=CARTESIAN_POINT('',(17.5,3.225,-1.1));
#4129=CARTESIAN_POINT('',(8.,14.45,-1.1));
#4130=CARTESIAN_POINT('',(1.76961462476793E-15,14.45,-1.1));
#4131=CARTESIAN_POINT('',(8.,21.25,-1.1));
#4132=CARTESIAN_POINT('',(8.,10.925,-1.1));
#4133=CARTESIAN_POINT('',(2.60237444818813E-15,21.25,-1.1));
#4134=CARTESIAN_POINT('',(-1.62265700887024E-15,-13.25,-1.1));
#4135=CARTESIAN_POINT('',(-1.16953769318572E-15,-9.55,-1.1));
#4136=CARTESIAN_POINT('Origin',(-1.16953769318572E-15,-9.55,-0.055));
#4137=CARTESIAN_POINT('',(-17.5,-9.55,0.));
#4138=CARTESIAN_POINT('',(-17.5,-9.55,-0.055));
#4139=CARTESIAN_POINT('',(-1.16953769318572E-15,-9.55,0.));
#4140=CARTESIAN_POINT('Origin',(-1.16953769318572E-15,-9.55,-0.055));
#4141=CARTESIAN_POINT('',(17.5,-9.55,0.));
#4142=CARTESIAN_POINT('',(-1.16953769318572E-15,-9.55,0.));
#4143=CARTESIAN_POINT('',(17.5,-9.55,-0.055));
#4144=CARTESIAN_POINT('Origin',(4.89858719658941E-16,4.,0.));
#4145=CARTESIAN_POINT('',(-24.5,-3.75,0.));
#4146=CARTESIAN_POINT('',(-22.5,-3.75,0.));
#4147=CARTESIAN_POINT('',(-4.59242549680257E-16,-3.75,0.));
#4148=CARTESIAN_POINT('',(-20.,-6.25,0.));
#4149=CARTESIAN_POINT('Origin',(-22.5,-6.25,0.));
#4150=CARTESIAN_POINT('',(-20.,-11.05,0.));
#4151=CARTESIAN_POINT('',(-20.,4.,0.));
#4152=CARTESIAN_POINT('',(-16.,-15.05,0.));
#4153=CARTESIAN_POINT('Origin',(-16.,-11.05,0.));
#4154=CARTESIAN_POINT('',(16.,-15.05,0.));
#4155=CARTESIAN_POINT('',(-1.84309343271677E-15,-15.05,0.));
#4156=CARTESIAN_POINT('',(20.,-11.05,0.));
#4157=CARTESIAN_POINT('Origin',(16.,-11.05,0.));
#4158=CARTESIAN_POINT('',(20.,-6.25,0.));
#4159=CARTESIAN_POINT('',(20.,4.,0.));
#4160=CARTESIAN_POINT('',(22.5,-3.75,0.));
#4161=CARTESIAN_POINT('Origin',(22.5,-6.25,0.));
#4162=CARTESIAN_POINT('',(24.5,-3.75,0.));
#4163=CARTESIAN_POINT('',(-4.59242549680257E-16,-3.75,0.));
#4164=CARTESIAN_POINT('',(28.25,-3.00038465791102E-15,0.));
#4165=CARTESIAN_POINT('Origin',(24.5,-3.00038465791102E-15,0.));
#4166=CARTESIAN_POINT('',(24.5,3.75,0.));
#4167=CARTESIAN_POINT('Origin',(24.5,-3.00038465791102E-15,0.));
#4168=CARTESIAN_POINT('',(22.5,3.75,0.));
#4169=CARTESIAN_POINT('',(4.59242549680257E-16,3.75,0.));
#4170=CARTESIAN_POINT('',(20.,6.25,0.));
#4171=CARTESIAN_POINT('Origin',(22.5,6.25,0.));
#4172=CARTESIAN_POINT('',(20.,19.05,0.));
#4173=CARTESIAN_POINT('',(20.,4.,0.));
#4174=CARTESIAN_POINT('',(16.,23.05,0.));
#4175=CARTESIAN_POINT('Origin',(16.,19.05,0.));
#4176=CARTESIAN_POINT('',(13.5,25.55,0.));
#4177=CARTESIAN_POINT('Origin',(16.,25.55,0.));
#4178=CARTESIAN_POINT('',(13.5,27.05,0.));
#4179=CARTESIAN_POINT('',(13.5,25.55,0.));
#4180=CARTESIAN_POINT('',(10.5,30.05,0.));
#4181=CARTESIAN_POINT('Origin',(10.5,27.05,0.));
#4182=CARTESIAN_POINT('',(-10.5,30.05,0.));
#4183=CARTESIAN_POINT('',(3.6800636314378E-15,30.05,0.));
#4184=CARTESIAN_POINT('',(-13.5,27.05,0.));
#4185=CARTESIAN_POINT('Origin',(-10.5,27.05,0.));
#4186=CARTESIAN_POINT('',(-13.5,25.55,0.));
#4187=CARTESIAN_POINT('',(-13.5,25.55,0.));
#4188=CARTESIAN_POINT('',(-16.,23.05,0.));
#4189=CARTESIAN_POINT('Origin',(-16.,25.55,0.));
#4190=CARTESIAN_POINT('',(-20.,19.05,0.));
#4191=CARTESIAN_POINT('Origin',(-16.,19.05,0.));
#4192=CARTESIAN_POINT('',(-20.,6.25,0.));
#4193=CARTESIAN_POINT('',(-20.,4.,0.));
#4194=CARTESIAN_POINT('',(-22.5,3.75,0.));
#4195=CARTESIAN_POINT('Origin',(-22.5,6.25,0.));
#4196=CARTESIAN_POINT('',(-24.5,3.75,0.));
#4197=CARTESIAN_POINT('',(4.59242549680257E-16,3.75,0.));
#4198=CARTESIAN_POINT('Origin',(-24.5,3.00038465791102E-15,0.));
#4199=CARTESIAN_POINT('',(-1.62265700887024E-15,-13.25,0.));
#4200=CARTESIAN_POINT('',(-17.5,14.45,0.));
#4201=CARTESIAN_POINT('',(-17.5,3.225,0.));
#4202=CARTESIAN_POINT('',(-8.,14.45,0.));
#4203=CARTESIAN_POINT('',(1.76961462476793E-15,14.45,0.));
#4204=CARTESIAN_POINT('',(-8.,21.25,0.));
#4205=CARTESIAN_POINT('',(-8.,10.925,0.));
#4206=CARTESIAN_POINT('',(8.,21.25,0.));
#4207=CARTESIAN_POINT('',(2.60237444818813E-15,21.25,0.));
#4208=CARTESIAN_POINT('',(8.,14.45,0.));
#4209=CARTESIAN_POINT('',(8.,10.925,0.));
#4210=CARTESIAN_POINT('',(17.5,14.45,0.));
#4211=CARTESIAN_POINT('',(1.76961462476793E-15,14.45,0.));
#4212=CARTESIAN_POINT('',(17.5,3.225,0.));
#4213=CARTESIAN_POINT('Origin',(-8.,17.85,-0.055));
#4214=CARTESIAN_POINT('',(-8.,21.25,-0.055));
#4215=CARTESIAN_POINT('',(-8.,14.45,-0.055));
#4216=CARTESIAN_POINT('Origin',(8.,17.85,-0.055));
#4217=CARTESIAN_POINT('',(8.,14.45,-0.055));
#4218=CARTESIAN_POINT('',(8.,21.25,-0.055));
#4219=CARTESIAN_POINT('Origin',(1.76961462476793E-15,14.45,-0.055));
#4220=CARTESIAN_POINT('',(17.5,14.45,-0.055));
#4221=CARTESIAN_POINT('Origin',(17.5,2.45,-0.055));
#4222=CARTESIAN_POINT('Origin',(1.76961462476793E-15,14.45,-0.055));
#4223=CARTESIAN_POINT('',(-17.5,14.45,-0.055));
#4224=CARTESIAN_POINT('Origin',(-17.5,2.45,-0.055));
#4225=CARTESIAN_POINT('Origin',(-1.62265700887024E-15,-13.25,-3.95));
#4226=CARTESIAN_POINT('',(-1.62265700887024E-15,-13.25,-5.8));
#4227=CARTESIAN_POINT('Origin',(2.60237444818813E-15,21.25,-3.95));
#4228=CARTESIAN_POINT('',(2.60237444818813E-15,21.25,-5.8));
#4229=CARTESIAN_POINT('Origin',(-24.5,3.00038465791102E-15,-5.6));
#4230=CARTESIAN_POINT('',(-20.75,3.00038465791102E-15,-5.6));
#4231=CARTESIAN_POINT('Origin',(-24.5,3.00038465791102E-15,-5.6));
#4232=CARTESIAN_POINT('Origin',(0.,0.,-3.2));
#4233=CARTESIAN_POINT('',(-24.5,-3.75,-3.2));
#4234=CARTESIAN_POINT('',(-20.75,3.00038465791102E-15,-3.2));
#4235=CARTESIAN_POINT('Origin',(-24.5,3.00038465791102E-15,-3.2));
#4236=CARTESIAN_POINT('',(-24.5,3.75,-3.2));
#4237=CARTESIAN_POINT('Origin',(-24.5,3.00038465791102E-15,-3.2));
#4238=CARTESIAN_POINT('',(-22.5,3.75,-3.2));
#4239=CARTESIAN_POINT('',(4.59242549680257E-16,3.75,-3.2));
#4240=CARTESIAN_POINT('',(-20.,6.25,-3.2));
#4241=CARTESIAN_POINT('Origin',(-22.5,6.25,-3.2));
#4242=CARTESIAN_POINT('',(-20.,-6.25,-3.2));
#4243=CARTESIAN_POINT('',(-20.,2.,-3.2));
#4244=CARTESIAN_POINT('',(-22.5,-3.75,-3.2));
#4245=CARTESIAN_POINT('Origin',(-22.5,-6.25,-3.2));
#4246=CARTESIAN_POINT('',(-4.59242549680257E-16,-3.75,-3.2));
#4247=CARTESIAN_POINT('Origin',(24.5,-3.00038465791102E-15,-5.6));
#4248=CARTESIAN_POINT('',(28.25,-3.00038465791102E-15,-5.6));
#4249=CARTESIAN_POINT('Origin',(24.5,-3.00038465791102E-15,-5.6));
#4250=CARTESIAN_POINT('Origin',(-16.,25.55,-1.6));
#4251=CARTESIAN_POINT('',(-16.,23.05,-3.2));
#4252=CARTESIAN_POINT('',(-13.5,25.55,-3.2));
#4253=CARTESIAN_POINT('Origin',(-16.,25.55,-3.2));
#4254=CARTESIAN_POINT('',(-16.,23.05,-2.9));
#4255=CARTESIAN_POINT('',(-13.5,25.55,-1.6));
#4256=CARTESIAN_POINT('Origin',(2.82281087203465E-15,23.05,-2.9));
#4257=CARTESIAN_POINT('',(16.,23.05,-3.2));
#4258=CARTESIAN_POINT('',(2.82281087203465E-15,23.05,-3.2));
#4259=CARTESIAN_POINT('',(16.,23.05,-5.8));
#4260=CARTESIAN_POINT('',(16.,23.05,-2.9));
#4261=CARTESIAN_POINT('',(-16.,23.05,-5.8));
#4262=CARTESIAN_POINT('',(2.82281087203465E-15,23.05,-5.8));
#4263=CARTESIAN_POINT('',(-16.,23.05,-2.9));
#4264=CARTESIAN_POINT('Origin',(3.12897257182149E-15,25.55,-3.2));
#4265=CARTESIAN_POINT('',(-13.5,27.05,-3.2));
#4266=CARTESIAN_POINT('',(-13.5,25.55,-3.2));
#4267=CARTESIAN_POINT('',(-10.5,30.05,-3.2));
#4268=CARTESIAN_POINT('Origin',(-10.5,27.05,-3.2));
#4269=CARTESIAN_POINT('',(10.5,30.05,-3.2));
#4270=CARTESIAN_POINT('',(3.6800636314378E-15,30.05,-3.2));
#4271=CARTESIAN_POINT('',(13.5,27.05,-3.2));
#4272=CARTESIAN_POINT('Origin',(10.5,27.05,-3.2));
#4273=CARTESIAN_POINT('',(13.5,25.55,-3.2));
#4274=CARTESIAN_POINT('',(13.5,24.05,-3.2));
#4275=CARTESIAN_POINT('Origin',(16.,25.55,-3.2));
#4276=CARTESIAN_POINT('Origin',(-13.5,25.55,-1.6));
#4277=CARTESIAN_POINT('',(-13.5,27.05,-1.6));
#4278=CARTESIAN_POINT('Origin',(16.,25.55,-1.6));
#4279=CARTESIAN_POINT('',(13.5,25.55,-1.6));
#4280=CARTESIAN_POINT('',(16.,23.05,-2.9));
#4281=CARTESIAN_POINT('Origin',(13.5,25.55,-1.6));
#4282=CARTESIAN_POINT('',(13.5,27.05,-1.6));
#4283=CARTESIAN_POINT('Origin',(-10.5,27.05,-1.6));
#4284=CARTESIAN_POINT('',(-10.5,30.05,-1.6));
#4285=CARTESIAN_POINT('Origin',(10.5,27.05,-1.6));
#4286=CARTESIAN_POINT('',(10.5,30.05,-1.6));
#4287=CARTESIAN_POINT('Origin',(3.6800636314378E-15,30.05,-1.6));
#4288=CARTESIAN_POINT('Origin',(-22.5,-6.25,-1.6));
#4289=CARTESIAN_POINT('',(-20.,-6.25,-1.6));
#4290=CARTESIAN_POINT('',(-22.5,-3.75,-1.6));
#4291=CARTESIAN_POINT('Origin',(-4.59242549680257E-16,-3.75,-1.6));
#4292=CARTESIAN_POINT('',(-24.5,-3.75,-1.6));
#4293=CARTESIAN_POINT('Origin',(-22.5,6.25,-1.6));
#4294=CARTESIAN_POINT('',(-22.5,3.75,-1.6));
#4295=CARTESIAN_POINT('',(-20.,6.25,-1.6));
#4296=CARTESIAN_POINT('Origin',(-20.,4.,-2.9));
#4297=CARTESIAN_POINT('',(-20.,19.05,-5.8));
#4298=CARTESIAN_POINT('',(-20.,19.05,-2.9));
#4299=CARTESIAN_POINT('',(-20.,-11.05,-5.8));
#4300=CARTESIAN_POINT('',(-20.,4.,-5.8));
#4301=CARTESIAN_POINT('',(-20.,-11.05,-2.9));
#4302=CARTESIAN_POINT('Origin',(22.5,-6.25,-1.6));
#4303=CARTESIAN_POINT('',(22.5,-3.75,-3.2));
#4304=CARTESIAN_POINT('',(20.,-6.25,-3.2));
#4305=CARTESIAN_POINT('Origin',(22.5,-6.25,-3.2));
#4306=CARTESIAN_POINT('',(22.5,-3.75,-1.6));
#4307=CARTESIAN_POINT('',(20.,-6.25,-1.6));
#4308=CARTESIAN_POINT('Origin',(20.,4.,-2.9));
#4309=CARTESIAN_POINT('',(20.,6.25,-3.2));
#4310=CARTESIAN_POINT('',(20.,2.,-3.2));
#4311=CARTESIAN_POINT('',(20.,-11.05,-5.8));
#4312=CARTESIAN_POINT('',(20.,-11.05,-2.9));
#4313=CARTESIAN_POINT('',(20.,19.05,-5.8));
#4314=CARTESIAN_POINT('',(20.,4.,-5.8));
#4315=CARTESIAN_POINT('',(20.,19.05,-2.9));
#4316=CARTESIAN_POINT('',(20.,6.25,-1.6));
#4317=CARTESIAN_POINT('Origin',(22.5,6.25,-1.6));
#4318=CARTESIAN_POINT('',(22.5,3.75,-3.2));
#4319=CARTESIAN_POINT('Origin',(22.5,6.25,-3.2));
#4320=CARTESIAN_POINT('',(22.5,3.75,-1.6));
#4321=CARTESIAN_POINT('Origin',(0.,0.,-3.2));
#4322=CARTESIAN_POINT('',(24.5,3.75,-3.2));
#4323=CARTESIAN_POINT('',(24.5,-3.75,-3.2));
#4324=CARTESIAN_POINT('Origin',(24.5,-3.00038465791102E-15,-3.2));
#4325=CARTESIAN_POINT('',(-4.59242549680257E-16,-3.75,-3.2));
#4326=CARTESIAN_POINT('',(4.59242549680257E-16,3.75,-3.2));
#4327=CARTESIAN_POINT('Origin',(4.59242549680257E-16,3.75,-1.6));
#4328=CARTESIAN_POINT('',(24.5,3.75,-1.6));
#4329=CARTESIAN_POINT('Origin',(4.59242549680257E-16,3.75,-1.6));
#4330=CARTESIAN_POINT('',(-24.5,3.75,-1.6));
#4331=CARTESIAN_POINT('Origin',(-24.5,3.00038465791102E-15,-1.6));
#4332=CARTESIAN_POINT('',(-20.75,3.00038465791102E-15,-1.6));
#4333=CARTESIAN_POINT('Origin',(24.5,-3.00038465791102E-15,-1.6));
#4334=CARTESIAN_POINT('',(24.5,-3.75,-1.6));
#4335=CARTESIAN_POINT('',(28.25,-3.00038465791102E-15,-1.6));
#4336=CARTESIAN_POINT('Origin',(-4.59242549680257E-16,-3.75,-1.6));
#4337=CARTESIAN_POINT('Origin',(-16.,-11.05,-2.9));
#4338=CARTESIAN_POINT('',(-16.,-15.05,-5.8));
#4339=CARTESIAN_POINT('Origin',(-16.,-11.05,-5.8));
#4340=CARTESIAN_POINT('',(-16.,-15.05,-2.9));
#4341=CARTESIAN_POINT('Origin',(-16.,19.05,-2.9));
#4342=CARTESIAN_POINT('Origin',(-16.,19.05,-5.8));
#4343=CARTESIAN_POINT('Origin',(16.,-11.05,-2.9));
#4344=CARTESIAN_POINT('',(16.,-15.05,-5.8));
#4345=CARTESIAN_POINT('',(16.,-15.05,-2.9));
#4346=CARTESIAN_POINT('Origin',(16.,-11.05,-5.8));
#4347=CARTESIAN_POINT('Origin',(4.89858719658941E-16,4.,-5.8));
#4348=CARTESIAN_POINT('Origin',(16.,19.05,-5.8));
#4349=CARTESIAN_POINT('',(-1.84309343271677E-15,-15.05,-5.8));
#4350=CARTESIAN_POINT('Origin',(16.,19.05,-2.9));
#4351=CARTESIAN_POINT('Origin',(-1.84309343271677E-15,-15.05,-2.9));
#4352=UNCERTAINTY_MEASURE_WITH_UNIT(LENGTH_MEASURE(0.01),#4356,
'DISTANCE_ACCURACY_VALUE',
'Maximum model space distance between geometric entities at asserted c
onnectivities');
#4353=UNCERTAINTY_MEASURE_WITH_UNIT(LENGTH_MEASURE(0.01),#4356,
'DISTANCE_ACCURACY_VALUE',
'Maximum model space distance between geometric entities at asserted c
onnectivities');
#4354=(
GEOMETRIC_REPRESENTATION_CONTEXT(3)
GLOBAL_UNCERTAINTY_ASSIGNED_CONTEXT((#4352))
GLOBAL_UNIT_ASSIGNED_CONTEXT((#4356,#4358,#4359))
REPRESENTATION_CONTEXT('','3D')
);
#4355=(
GEOMETRIC_REPRESENTATION_CONTEXT(3)
GLOBAL_UNCERTAINTY_ASSIGNED_CONTEXT((#4353))
GLOBAL_UNIT_ASSIGNED_CONTEXT((#4356,#4358,#4359))
REPRESENTATION_CONTEXT('','3D')
);
#4356=(
LENGTH_UNIT()
NAMED_UNIT(*)
SI_UNIT(.MILLI.,.METRE.)
);
#4357=(
LENGTH_UNIT()
NAMED_UNIT(*)
SI_UNIT($,.METRE.)
);
#4358=(
NAMED_UNIT(*)
PLANE_ANGLE_UNIT()
SI_UNIT($,.RADIAN.)
);
#4359=(
NAMED_UNIT(*)
SI_UNIT($,.STERADIAN.)
SOLID_ANGLE_UNIT()
);
#4360=SHAPE_DEFINITION_REPRESENTATION(#4361,#4362);
#4361=PRODUCT_DEFINITION_SHAPE('',$,#4364);
#4362=SHAPE_REPRESENTATION('',(#2582),#4354);
#4363=PRODUCT_DEFINITION_CONTEXT('part definition',#4368,'design');
#4364=PRODUCT_DEFINITION('Rear_Display_Carrier','Rear_Display_Carrier',
#4365,#4363);
#4365=PRODUCT_DEFINITION_FORMATION('',$,#4370);
#4366=PRODUCT_RELATED_PRODUCT_CATEGORY('Rear_Display_Carrier',
'Rear_Display_Carrier',(#4370));
#4367=APPLICATION_PROTOCOL_DEFINITION('international standard',
'automotive_design',2009,#4368);
#4368=APPLICATION_CONTEXT(
'Core Data for Automotive Mechanical Design Process');
#4369=PRODUCT_CONTEXT('part definition',#4368,'mechanical');
#4370=PRODUCT('Rear_Display_Carrier','Rear_Display_Carrier',$,(#4369));
#4371=PRESENTATION_STYLE_ASSIGNMENT((#4373));
#4372=PRESENTATION_STYLE_ASSIGNMENT((#4374));
#4373=SURFACE_STYLE_USAGE(.BOTH.,#4375);
#4374=SURFACE_STYLE_USAGE(.BOTH.,#4376);
#4375=SURFACE_SIDE_STYLE('',(#4377));
#4376=SURFACE_SIDE_STYLE('',(#4378));
#4377=SURFACE_STYLE_FILL_AREA(#4379);
#4378=SURFACE_STYLE_FILL_AREA(#4380);
#4379=FILL_AREA_STYLE('Steel - Satin',(#4381));
#4380=FILL_AREA_STYLE('Plastic - Matte (Black)',(#4382));
#4381=FILL_AREA_STYLE_COLOUR('Steel - Satin',#4383);
#4382=FILL_AREA_STYLE_COLOUR('Plastic - Matte (Black)',#4384);
#4383=COLOUR_RGB('Steel - Satin',0.627450980392157,0.627450980392157,0.627450980392157);
#4384=COLOUR_RGB('Plastic - Matte (Black)',0.0980392156862745,0.0980392156862745,
0.0980392156862745);
ENDSEC;
END-ISO-10303-21;
