ISO-10303-21;
HEADER;
/* Generated by software containing ST-Developer
 * from STEP Tools, Inc. (www.steptools.com) 
 */

FILE_DESCRIPTION(
/* description */ (''),
/* implementation_level */ '2;1');

FILE_NAME(
/* name */ 'Rear_Display_Carrier.step',
/* time_stamp */ '2026-08-28T11:04:40+01:00',
/* author */ (''),
/* organization */ (''),
/* preprocessor_version */ 'ST-DEVELOPER v20.1',
/* originating_system */ 'Autodesk Translation Framework v15.8.0.0',
/* authorisation */ '');

FILE_SCHEMA (('AUTOMOTIVE_DESIGN { 1 0 10303 214 3 1 1 }'));
ENDSEC;

DATA;
#10=MECHANICAL_DESIGN_GEOMETRIC_PRESENTATION_REPRESENTATION('',(#13),#4893);
#11=SHAPE_REPRESENTATION_RELATIONSHIP('SRR','None',#4900,#12);
#12=ADVANCED_BREP_SHAPE_REPRESENTATION('',(#14),#4892);
#13=STYLED_ITEM('',(#4910),#14);
#14=MANIFOLD_SOLID_BREP('Rear_Display_Carrier',#2879);
#15=FACE_BOUND('',#483,.T.);
#16=FACE_BOUND('',#489,.T.);
#17=FACE_BOUND('',#493,.T.);
#18=FACE_BOUND('',#496,.T.);
#19=FACE_BOUND('',#500,.T.);
#20=FACE_BOUND('',#503,.T.);
#21=FACE_BOUND('',#507,.T.);
#22=FACE_BOUND('',#509,.T.);
#23=FACE_BOUND('',#511,.T.);
#24=FACE_BOUND('',#512,.T.);
#25=FACE_BOUND('',#513,.T.);
#26=FACE_BOUND('',#524,.T.);
#27=FACE_BOUND('',#527,.T.);
#28=FACE_BOUND('',#531,.T.);
#29=FACE_BOUND('',#532,.T.);
#30=FACE_BOUND('',#533,.T.);
#31=FACE_BOUND('',#534,.T.);
#32=CONICAL_SURFACE('',#2950,1.5,0.380506377112365);
#33=CONICAL_SURFACE('',#2952,1.5,0.380506377112365);
#34=CONICAL_SURFACE('',#2956,1.4,0.321750554396643);
#35=CONICAL_SURFACE('',#2957,1.4,0.321750554396643);
#36=CONICAL_SURFACE('',#2979,1.5375,0.502843210927861);
#37=CONICAL_SURFACE('',#2981,1.5375,0.502843210927861);
#38=CONICAL_SURFACE('',#2985,1.4375,0.376909270324821);
#39=CONICAL_SURFACE('',#2986,1.4375,0.376909270324821);
#40=CONICAL_SURFACE('',#3009,1.5,0.380506377112365);
#41=CONICAL_SURFACE('',#3011,1.5,0.380506377112365);
#42=CONICAL_SURFACE('',#3015,1.4,0.321750554396643);
#43=CONICAL_SURFACE('',#3016,1.4,0.321750554396643);
#44=CONICAL_SURFACE('',#3038,1.5375,0.502843210927861);
#45=CONICAL_SURFACE('',#3040,1.5375,0.502843210927861);
#46=CONICAL_SURFACE('',#3044,1.4375,0.376909270324821);
#47=CONICAL_SURFACE('',#3045,1.4375,0.376909270324821);
#48=(
BOUNDED_CURVE()
B_SPLINE_CURVE(2,(#4183,#4184,#4185),.UNSPECIFIED.,.F.,.F.)
B_SPLINE_CURVE_WITH_KNOTS((3,3),(0.,0.0540661462723892),.UNSPECIFIED.)
CURVE()
GEOMETRIC_REPRESENTATION_ITEM()
RATIONAL_B_SPLINE_CURVE((1.,1.00235913779768,1.))
REPRESENTATION_ITEM('')
);
#49=(
BOUNDED_CURVE()
B_SPLINE_CURVE(2,(#4187,#4188,#4189),.UNSPECIFIED.,.F.,.F.)
B_SPLINE_CURVE_WITH_KNOTS((3,3),(0.,0.126922193226328),.UNSPECIFIED.)
CURVE()
GEOMETRIC_REPRESENTATION_ITEM()
RATIONAL_B_SPLINE_CURVE((1.,1.01108208381068,1.))
REPRESENTATION_ITEM('')
);
#50=(
BOUNDED_CURVE()
B_SPLINE_CURVE(2,(#4193,#4194,#4195),.UNSPECIFIED.,.F.,.F.)
B_SPLINE_CURVE_WITH_KNOTS((3,3),(0.,0.126922193226328),.UNSPECIFIED.)
CURVE()
GEOMETRIC_REPRESENTATION_ITEM()
RATIONAL_B_SPLINE_CURVE((1.,1.01108208381084,1.))
REPRESENTATION_ITEM('')
);
#51=(
BOUNDED_CURVE()
B_SPLINE_CURVE(2,(#4197,#4198,#4199),.UNSPECIFIED.,.F.,.F.)
B_SPLINE_CURVE_WITH_KNOTS((3,3),(0.,0.054066146272389),.UNSPECIFIED.)
CURVE()
GEOMETRIC_REPRESENTATION_ITEM()
RATIONAL_B_SPLINE_CURVE((1.,1.00235913778527,1.))
REPRESENTATION_ITEM('')
);
#52=(
BOUNDED_CURVE()
B_SPLINE_CURVE(2,(#4217,#4218,#4219),.UNSPECIFIED.,.F.,.F.)
B_SPLINE_CURVE_WITH_KNOTS((3,3),(0.,0.054066146272389),.UNSPECIFIED.)
CURVE()
GEOMETRIC_REPRESENTATION_ITEM()
RATIONAL_B_SPLINE_CURVE((1.,1.00235913778527,1.))
REPRESENTATION_ITEM('')
);
#53=(
BOUNDED_CURVE()
B_SPLINE_CURVE(2,(#4221,#4222,#4223),.UNSPECIFIED.,.F.,.F.)
B_SPLINE_CURVE_WITH_KNOTS((3,3),(0.,0.126922193226328),.UNSPECIFIED.)
CURVE()
GEOMETRIC_REPRESENTATION_ITEM()
RATIONAL_B_SPLINE_CURVE((1.,1.01108208381084,1.))
REPRESENTATION_ITEM('')
);
#54=(
BOUNDED_CURVE()
B_SPLINE_CURVE(2,(#4227,#4228,#4229),.UNSPECIFIED.,.F.,.F.)
B_SPLINE_CURVE_WITH_KNOTS((3,3),(0.,0.126922193226328),.UNSPECIFIED.)
CURVE()
GEOMETRIC_REPRESENTATION_ITEM()
RATIONAL_B_SPLINE_CURVE((1.,1.01108208381068,1.))
REPRESENTATION_ITEM('')
);
#55=(
BOUNDED_CURVE()
B_SPLINE_CURVE(2,(#4231,#4232,#4233),.UNSPECIFIED.,.F.,.F.)
B_SPLINE_CURVE_WITH_KNOTS((3,3),(0.,0.0540661462723892),.UNSPECIFIED.)
CURVE()
GEOMETRIC_REPRESENTATION_ITEM()
RATIONAL_B_SPLINE_CURVE((1.,1.00235913779768,1.))
REPRESENTATION_ITEM('')
);
#56=(
BOUNDED_CURVE()
B_SPLINE_CURVE(2,(#4284,#4285,#4286),.UNSPECIFIED.,.F.,.F.)
B_SPLINE_CURVE_WITH_KNOTS((3,3),(0.,0.0574278358885043),.UNSPECIFIED.)
CURVE()
GEOMETRIC_REPRESENTATION_ITEM()
RATIONAL_B_SPLINE_CURVE((1.,1.00424635498191,1.))
REPRESENTATION_ITEM('')
);
#57=(
BOUNDED_CURVE()
B_SPLINE_CURVE(2,(#4288,#4289,#4290),.UNSPECIFIED.,.F.,.F.)
B_SPLINE_CURVE_WITH_KNOTS((3,3),(0.,0.129626494221697),.UNSPECIFIED.)
CURVE()
GEOMETRIC_REPRESENTATION_ITEM()
RATIONAL_B_SPLINE_CURVE((1.,1.01486072544904,1.))
REPRESENTATION_ITEM('')
);
#58=(
BOUNDED_CURVE()
B_SPLINE_CURVE(2,(#4294,#4295,#4296),.UNSPECIFIED.,.F.,.F.)
B_SPLINE_CURVE_WITH_KNOTS((3,3),(0.,0.129626494221697),.UNSPECIFIED.)
CURVE()
GEOMETRIC_REPRESENTATION_ITEM()
RATIONAL_B_SPLINE_CURVE((1.,1.01486072544904,1.))
REPRESENTATION_ITEM('')
);
#59=(
BOUNDED_CURVE()
B_SPLINE_CURVE(2,(#4298,#4299,#4300),.UNSPECIFIED.,.F.,.F.)
B_SPLINE_CURVE_WITH_KNOTS((3,3),(0.,0.0574278358885043),.UNSPECIFIED.)
CURVE()
GEOMETRIC_REPRESENTATION_ITEM()
RATIONAL_B_SPLINE_CURVE((1.,1.00424635498191,1.))
REPRESENTATION_ITEM('')
);
#60=(
BOUNDED_CURVE()
B_SPLINE_CURVE(2,(#4318,#4319,#4320),.UNSPECIFIED.,.F.,.F.)
B_SPLINE_CURVE_WITH_KNOTS((3,3),(0.,0.0574278358885043),.UNSPECIFIED.)
CURVE()
GEOMETRIC_REPRESENTATION_ITEM()
RATIONAL_B_SPLINE_CURVE((1.,1.00424635498191,1.))
REPRESENTATION_ITEM('')
);
#61=(
BOUNDED_CURVE()
B_SPLINE_CURVE(2,(#4322,#4323,#4324),.UNSPECIFIED.,.F.,.F.)
B_SPLINE_CURVE_WITH_KNOTS((3,3),(0.,0.129626494221697),.UNSPECIFIED.)
CURVE()
GEOMETRIC_REPRESENTATION_ITEM()
RATIONAL_B_SPLINE_CURVE((1.,1.01486072544904,1.))
REPRESENTATION_ITEM('')
);
#62=(
BOUNDED_CURVE()
B_SPLINE_CURVE(2,(#4328,#4329,#4330),.UNSPECIFIED.,.F.,.F.)
B_SPLINE_CURVE_WITH_KNOTS((3,3),(0.,0.129626494221697),.UNSPECIFIED.)
CURVE()
GEOMETRIC_REPRESENTATION_ITEM()
RATIONAL_B_SPLINE_CURVE((1.,1.01486072544904,1.))
REPRESENTATION_ITEM('')
);
#63=(
BOUNDED_CURVE()
B_SPLINE_CURVE(2,(#4332,#4333,#4334),.UNSPECIFIED.,.F.,.F.)
B_SPLINE_CURVE_WITH_KNOTS((3,3),(0.,0.0574278358885043),.UNSPECIFIED.)
CURVE()
GEOMETRIC_REPRESENTATION_ITEM()
RATIONAL_B_SPLINE_CURVE((1.,1.00424635498191,1.))
REPRESENTATION_ITEM('')
);
#64=(
BOUNDED_CURVE()
B_SPLINE_CURVE(2,(#4379,#4380,#4381),.UNSPECIFIED.,.F.,.F.)
B_SPLINE_CURVE_WITH_KNOTS((3,3),(0.,0.0540661462723892),.UNSPECIFIED.)
CURVE()
GEOMETRIC_REPRESENTATION_ITEM()
RATIONAL_B_SPLINE_CURVE((1.,1.00235913779768,1.))
REPRESENTATION_ITEM('')
);
#65=(
BOUNDED_CURVE()
B_SPLINE_CURVE(2,(#4383,#4384,#4385),.UNSPECIFIED.,.F.,.F.)
B_SPLINE_CURVE_WITH_KNOTS((3,3),(0.,0.126922193226328),.UNSPECIFIED.)
CURVE()
GEOMETRIC_REPRESENTATION_ITEM()
RATIONAL_B_SPLINE_CURVE((1.,1.01108208381068,1.))
REPRESENTATION_ITEM('')
);
#66=(
BOUNDED_CURVE()
B_SPLINE_CURVE(2,(#4389,#4390,#4391),.UNSPECIFIED.,.F.,.F.)
B_SPLINE_CURVE_WITH_KNOTS((3,3),(0.,0.126922193226328),.UNSPECIFIED.)
CURVE()
GEOMETRIC_REPRESENTATION_ITEM()
RATIONAL_B_SPLINE_CURVE((1.,1.01108208381084,1.))
REPRESENTATION_ITEM('')
);
#67=(
BOUNDED_CURVE()
B_SPLINE_CURVE(2,(#4393,#4394,#4395),.UNSPECIFIED.,.F.,.F.)
B_SPLINE_CURVE_WITH_KNOTS((3,3),(0.,0.054066146272389),.UNSPECIFIED.)
CURVE()
GEOMETRIC_REPRESENTATION_ITEM()
RATIONAL_B_SPLINE_CURVE((1.,1.00235913778527,1.))
REPRESENTATION_ITEM('')
);
#68=(
BOUNDED_CURVE()
B_SPLINE_CURVE(2,(#4413,#4414,#4415),.UNSPECIFIED.,.F.,.F.)
B_SPLINE_CURVE_WITH_KNOTS((3,3),(0.,0.054066146272389),.UNSPECIFIED.)
CURVE()
GEOMETRIC_REPRESENTATION_ITEM()
RATIONAL_B_SPLINE_CURVE((1.,1.00235913778527,1.))
REPRESENTATION_ITEM('')
);
#69=(
BOUNDED_CURVE()
B_SPLINE_CURVE(2,(#4417,#4418,#4419),.UNSPECIFIED.,.F.,.F.)
B_SPLINE_CURVE_WITH_KNOTS((3,3),(0.,0.126922193226328),.UNSPECIFIED.)
CURVE()
GEOMETRIC_REPRESENTATION_ITEM()
RATIONAL_B_SPLINE_CURVE((1.,1.01108208381084,1.))
REPRESENTATION_ITEM('')
);
#70=(
BOUNDED_CURVE()
B_SPLINE_CURVE(2,(#4423,#4424,#4425),.UNSPECIFIED.,.F.,.F.)
B_SPLINE_CURVE_WITH_KNOTS((3,3),(0.,0.126922193226328),.UNSPECIFIED.)
CURVE()
GEOMETRIC_REPRESENTATION_ITEM()
RATIONAL_B_SPLINE_CURVE((1.,1.01108208381068,1.))
REPRESENTATION_ITEM('')
);
#71=(
BOUNDED_CURVE()
B_SPLINE_CURVE(2,(#4427,#4428,#4429),.UNSPECIFIED.,.F.,.F.)
B_SPLINE_CURVE_WITH_KNOTS((3,3),(0.,0.0540661462723892),.UNSPECIFIED.)
CURVE()
GEOMETRIC_REPRESENTATION_ITEM()
RATIONAL_B_SPLINE_CURVE((1.,1.00235913779768,1.))
REPRESENTATION_ITEM('')
);
#72=(
BOUNDED_CURVE()
B_SPLINE_CURVE(2,(#4480,#4481,#4482),.UNSPECIFIED.,.F.,.F.)
B_SPLINE_CURVE_WITH_KNOTS((3,3),(0.,0.0574278358885043),.UNSPECIFIED.)
CURVE()
GEOMETRIC_REPRESENTATION_ITEM()
RATIONAL_B_SPLINE_CURVE((1.,1.00424635498191,1.))
REPRESENTATION_ITEM('')
);
#73=(
BOUNDED_CURVE()
B_SPLINE_CURVE(2,(#4484,#4485,#4486),.UNSPECIFIED.,.F.,.F.)
B_SPLINE_CURVE_WITH_KNOTS((3,3),(0.,0.129626494221697),.UNSPECIFIED.)
CURVE()
GEOMETRIC_REPRESENTATION_ITEM()
RATIONAL_B_SPLINE_CURVE((1.,1.01486072544904,1.))
REPRESENTATION_ITEM('')
);
#74=(
BOUNDED_CURVE()
B_SPLINE_CURVE(2,(#4490,#4491,#4492),.UNSPECIFIED.,.F.,.F.)
B_SPLINE_CURVE_WITH_KNOTS((3,3),(0.,0.129626494221697),.UNSPECIFIED.)
CURVE()
GEOMETRIC_REPRESENTATION_ITEM()
RATIONAL_B_SPLINE_CURVE((1.,1.01486072544904,1.))
REPRESENTATION_ITEM('')
);
#75=(
BOUNDED_CURVE()
B_SPLINE_CURVE(2,(#4494,#4495,#4496),.UNSPECIFIED.,.F.,.F.)
B_SPLINE_CURVE_WITH_KNOTS((3,3),(0.,0.0574278358885043),.UNSPECIFIED.)
CURVE()
GEOMETRIC_REPRESENTATION_ITEM()
RATIONAL_B_SPLINE_CURVE((1.,1.00424635498191,1.))
REPRESENTATION_ITEM('')
);
#76=(
BOUNDED_CURVE()
B_SPLINE_CURVE(2,(#4514,#4515,#4516),.UNSPECIFIED.,.F.,.F.)
B_SPLINE_CURVE_WITH_KNOTS((3,3),(0.,0.0574278358885043),.UNSPECIFIED.)
CURVE()
GEOMETRIC_REPRESENTATION_ITEM()
RATIONAL_B_SPLINE_CURVE((1.,1.00424635498191,1.))
REPRESENTATION_ITEM('')
);
#77=(
BOUNDED_CURVE()
B_SPLINE_CURVE(2,(#4518,#4519,#4520),.UNSPECIFIED.,.F.,.F.)
B_SPLINE_CURVE_WITH_KNOTS((3,3),(0.,0.129626494221697),.UNSPECIFIED.)
CURVE()
GEOMETRIC_REPRESENTATION_ITEM()
RATIONAL_B_SPLINE_CURVE((1.,1.01486072544904,1.))
REPRESENTATION_ITEM('')
);
#78=(
BOUNDED_CURVE()
B_SPLINE_CURVE(2,(#4524,#4525,#4526),.UNSPECIFIED.,.F.,.F.)
B_SPLINE_CURVE_WITH_KNOTS((3,3),(0.,0.129626494221697),.UNSPECIFIED.)
CURVE()
GEOMETRIC_REPRESENTATION_ITEM()
RATIONAL_B_SPLINE_CURVE((1.,1.01486072544904,1.))
REPRESENTATION_ITEM('')
);
#79=(
BOUNDED_CURVE()
B_SPLINE_CURVE(2,(#4528,#4529,#4530),.UNSPECIFIED.,.F.,.F.)
B_SPLINE_CURVE_WITH_KNOTS((3,3),(0.,0.0574278358885043),.UNSPECIFIED.)
CURVE()
GEOMETRIC_REPRESENTATION_ITEM()
RATIONAL_B_SPLINE_CURVE((1.,1.00424635498191,1.))
REPRESENTATION_ITEM('')
);
#80=CIRCLE('',#2910,1.275);
#81=CIRCLE('',#2911,1.275);
#82=CIRCLE('',#2913,1.275);
#83=CIRCLE('',#2914,1.275);
#84=CIRCLE('',#2919,1.275);
#85=CIRCLE('',#2921,1.275);
#86=CIRCLE('',#2922,1.275);
#87=CIRCLE('',#2924,1.275);
#88=CIRCLE('',#2932,1.75);
#89=CIRCLE('',#2933,1.75);
#90=CIRCLE('',#2936,1.75);
#91=CIRCLE('',#2937,1.75);
#92=CIRCLE('',#2938,1.75);
#93=CIRCLE('',#2939,1.75);
#94=CIRCLE('',#2940,1.75);
#95=CIRCLE('',#2941,1.75);
#96=CIRCLE('',#2943,1.4);
#97=CIRCLE('',#2945,1.4);
#98=CIRCLE('',#2947,1.4);
#99=CIRCLE('',#2949,1.4);
#100=CIRCLE('',#2951,1.6);
#101=CIRCLE('',#2953,1.6);
#102=CIRCLE('',#2955,1.2);
#103=CIRCLE('',#2958,1.2);
#104=CIRCLE('',#2963,2.2);
#105=CIRCLE('',#2964,2.2);
#106=CIRCLE('',#2967,2.2);
#107=CIRCLE('',#2968,2.2);
#108=CIRCLE('',#2969,2.2);
#109=CIRCLE('',#2970,2.2);
#110=CIRCLE('',#2972,1.4);
#111=CIRCLE('',#2974,1.4);
#112=CIRCLE('',#2976,1.4);
#113=CIRCLE('',#2978,1.4);
#114=CIRCLE('',#2980,1.675);
#115=CIRCLE('',#2982,1.675);
#116=CIRCLE('',#2984,1.2);
#117=CIRCLE('',#2987,1.2);
#118=CIRCLE('',#2991,1.75);
#119=CIRCLE('',#2992,1.75);
#120=CIRCLE('',#2995,1.75);
#121=CIRCLE('',#2996,1.75);
#122=CIRCLE('',#2997,1.75);
#123=CIRCLE('',#2998,1.75);
#124=CIRCLE('',#2999,1.75);
#125=CIRCLE('',#3000,1.75);
#126=CIRCLE('',#3002,1.4);
#127=CIRCLE('',#3004,1.4);
#128=CIRCLE('',#3006,1.4);
#129=CIRCLE('',#3008,1.4);
#130=CIRCLE('',#3010,1.6);
#131=CIRCLE('',#3012,1.6);
#132=CIRCLE('',#3014,1.2);
#133=CIRCLE('',#3017,1.2);
#134=CIRCLE('',#3022,2.2);
#135=CIRCLE('',#3023,2.2);
#136=CIRCLE('',#3026,2.2);
#137=CIRCLE('',#3027,2.2);
#138=CIRCLE('',#3028,2.2);
#139=CIRCLE('',#3029,2.2);
#140=CIRCLE('',#3031,1.4);
#141=CIRCLE('',#3033,1.4);
#142=CIRCLE('',#3035,1.4);
#143=CIRCLE('',#3037,1.4);
#144=CIRCLE('',#3039,1.675);
#145=CIRCLE('',#3041,1.675);
#146=CIRCLE('',#3043,1.2);
#147=CIRCLE('',#3046,1.2);
#148=CIRCLE('',#3049,2.);
#149=CIRCLE('',#3051,2.);
#150=CIRCLE('',#3054,2.4);
#151=CIRCLE('',#3055,2.4);
#152=CIRCLE('',#3058,2.);
#153=CIRCLE('',#3060,2.);
#154=CIRCLE('',#3063,2.4);
#155=CIRCLE('',#3064,2.4);
#156=CIRCLE('',#3067,1.1);
#157=CIRCLE('',#3068,1.1);
#158=CIRCLE('',#3070,1.6);
#159=CIRCLE('',#3071,1.6);
#160=CIRCLE('',#3074,2.);
#161=CIRCLE('',#3075,2.);
#162=CIRCLE('',#3078,1.1);
#163=CIRCLE('',#3079,1.1);
#164=CIRCLE('',#3081,1.6);
#165=CIRCLE('',#3082,1.6);
#166=CIRCLE('',#3085,2.);
#167=CIRCLE('',#3086,2.);
#168=CIRCLE('',#3093,2.5);
#169=CIRCLE('',#3094,4.);
#170=CIRCLE('',#3095,4.);
#171=CIRCLE('',#3096,2.5);
#172=CIRCLE('',#3097,3.75);
#173=CIRCLE('',#3098,3.75);
#174=CIRCLE('',#3099,2.5);
#175=CIRCLE('',#3100,4.);
#176=CIRCLE('',#3101,2.5);
#177=CIRCLE('',#3102,3.);
#178=CIRCLE('',#3103,3.);
#179=CIRCLE('',#3104,2.5);
#180=CIRCLE('',#3105,4.);
#181=CIRCLE('',#3106,2.5);
#182=CIRCLE('',#3107,3.75);
#183=CIRCLE('',#3118,3.75);
#184=CIRCLE('',#3120,3.75);
#185=CIRCLE('',#3121,3.75);
#186=CIRCLE('',#3122,2.5);
#187=CIRCLE('',#3123,2.5);
#188=CIRCLE('',#3125,3.75);
#189=CIRCLE('',#3127,2.5);
#190=CIRCLE('',#3130,3.);
#191=CIRCLE('',#3131,3.);
#192=CIRCLE('',#3132,2.5);
#193=CIRCLE('',#3144,2.5);
#194=CIRCLE('',#3147,2.5);
#195=CIRCLE('',#3149,3.75);
#196=CIRCLE('',#3156,4.);
#197=CIRCLE('',#3158,4.);
#198=CIRCLE('',#3160,4.);
#199=CIRCLE('',#3162,4.);
#200=CYLINDRICAL_SURFACE('',#2909,1.275);
#201=CYLINDRICAL_SURFACE('',#2912,1.275);
#202=CYLINDRICAL_SURFACE('',#2920,1.275);
#203=CYLINDRICAL_SURFACE('',#2923,1.275);
#204=CYLINDRICAL_SURFACE('',#2935,1.75);
#205=CYLINDRICAL_SURFACE('',#2946,1.4);
#206=CYLINDRICAL_SURFACE('',#2948,1.4);
#207=CYLINDRICAL_SURFACE('',#2966,2.2);
#208=CYLINDRICAL_SURFACE('',#2975,1.4);
#209=CYLINDRICAL_SURFACE('',#2977,1.4);
#210=CYLINDRICAL_SURFACE('',#2994,1.75);
#211=CYLINDRICAL_SURFACE('',#3005,1.4);
#212=CYLINDRICAL_SURFACE('',#3007,1.4);
#213=CYLINDRICAL_SURFACE('',#3025,2.2);
#214=CYLINDRICAL_SURFACE('',#3034,1.4);
#215=CYLINDRICAL_SURFACE('',#3036,1.4);
#216=CYLINDRICAL_SURFACE('',#3050,2.);
#217=CYLINDRICAL_SURFACE('',#3053,2.4);
#218=CYLINDRICAL_SURFACE('',#3059,2.);
#219=CYLINDRICAL_SURFACE('',#3062,2.4);
#220=CYLINDRICAL_SURFACE('',#3066,1.1);
#221=CYLINDRICAL_SURFACE('',#3069,1.6);
#222=CYLINDRICAL_SURFACE('',#3073,2.);
#223=CYLINDRICAL_SURFACE('',#3077,1.1);
#224=CYLINDRICAL_SURFACE('',#3080,1.6);
#225=CYLINDRICAL_SURFACE('',#3084,2.);
#226=CYLINDRICAL_SURFACE('',#3126,2.5);
#227=CYLINDRICAL_SURFACE('',#3134,2.5);
#228=CYLINDRICAL_SURFACE('',#3136,3.);
#229=CYLINDRICAL_SURFACE('',#3137,3.);
#230=CYLINDRICAL_SURFACE('',#3139,2.5);
#231=CYLINDRICAL_SURFACE('',#3141,2.5);
#232=CYLINDRICAL_SURFACE('',#3143,2.5);
#233=CYLINDRICAL_SURFACE('',#3146,2.5);
#234=CYLINDRICAL_SURFACE('',#3152,3.75);
#235=CYLINDRICAL_SURFACE('',#3153,3.75);
#236=CYLINDRICAL_SURFACE('',#3155,4.);
#237=CYLINDRICAL_SURFACE('',#3157,4.);
#238=CYLINDRICAL_SURFACE('',#3159,4.);
#239=CYLINDRICAL_SURFACE('',#3163,4.);
#240=FACE_OUTER_BOUND('',#391,.T.);
#241=FACE_OUTER_BOUND('',#392,.T.);
#242=FACE_OUTER_BOUND('',#393,.T.);
#243=FACE_OUTER_BOUND('',#394,.T.);
#244=FACE_OUTER_BOUND('',#395,.T.);
#245=FACE_OUTER_BOUND('',#396,.T.);
#246=FACE_OUTER_BOUND('',#397,.T.);
#247=FACE_OUTER_BOUND('',#398,.T.);
#248=FACE_OUTER_BOUND('',#399,.T.);
#249=FACE_OUTER_BOUND('',#400,.T.);
#250=FACE_OUTER_BOUND('',#401,.T.);
#251=FACE_OUTER_BOUND('',#402,.T.);
#252=FACE_OUTER_BOUND('',#403,.T.);
#253=FACE_OUTER_BOUND('',#404,.T.);
#254=FACE_OUTER_BOUND('',#405,.T.);
#255=FACE_OUTER_BOUND('',#406,.T.);
#256=FACE_OUTER_BOUND('',#407,.T.);
#257=FACE_OUTER_BOUND('',#408,.T.);
#258=FACE_OUTER_BOUND('',#409,.T.);
#259=FACE_OUTER_BOUND('',#410,.T.);
#260=FACE_OUTER_BOUND('',#411,.T.);
#261=FACE_OUTER_BOUND('',#412,.T.);
#262=FACE_OUTER_BOUND('',#413,.T.);
#263=FACE_OUTER_BOUND('',#414,.T.);
#264=FACE_OUTER_BOUND('',#415,.T.);
#265=FACE_OUTER_BOUND('',#416,.T.);
#266=FACE_OUTER_BOUND('',#417,.T.);
#267=FACE_OUTER_BOUND('',#418,.T.);
#268=FACE_OUTER_BOUND('',#419,.T.);
#269=FACE_OUTER_BOUND('',#420,.T.);
#270=FACE_OUTER_BOUND('',#421,.T.);
#271=FACE_OUTER_BOUND('',#422,.T.);
#272=FACE_OUTER_BOUND('',#423,.T.);
#273=FACE_OUTER_BOUND('',#424,.T.);
#274=FACE_OUTER_BOUND('',#425,.T.);
#275=FACE_OUTER_BOUND('',#426,.T.);
#276=FACE_OUTER_BOUND('',#427,.T.);
#277=FACE_OUTER_BOUND('',#428,.T.);
#278=FACE_OUTER_BOUND('',#429,.T.);
#279=FACE_OUTER_BOUND('',#430,.T.);
#280=FACE_OUTER_BOUND('',#431,.T.);
#281=FACE_OUTER_BOUND('',#432,.T.);
#282=FACE_OUTER_BOUND('',#433,.T.);
#283=FACE_OUTER_BOUND('',#434,.T.);
#284=FACE_OUTER_BOUND('',#435,.T.);
#285=FACE_OUTER_BOUND('',#436,.T.);
#286=FACE_OUTER_BOUND('',#437,.T.);
#287=FACE_OUTER_BOUND('',#438,.T.);
#288=FACE_OUTER_BOUND('',#439,.T.);
#289=FACE_OUTER_BOUND('',#440,.T.);
#290=FACE_OUTER_BOUND('',#441,.T.);
#291=FACE_OUTER_BOUND('',#442,.T.);
#292=FACE_OUTER_BOUND('',#443,.T.);
#293=FACE_OUTER_BOUND('',#444,.T.);
#294=FACE_OUTER_BOUND('',#445,.T.);
#295=FACE_OUTER_BOUND('',#446,.T.);
#296=FACE_OUTER_BOUND('',#447,.T.);
#297=FACE_OUTER_BOUND('',#448,.T.);
#298=FACE_OUTER_BOUND('',#449,.T.);
#299=FACE_OUTER_BOUND('',#450,.T.);
#300=FACE_OUTER_BOUND('',#451,.T.);
#301=FACE_OUTER_BOUND('',#452,.T.);
#302=FACE_OUTER_BOUND('',#453,.T.);
#303=FACE_OUTER_BOUND('',#454,.T.);
#304=FACE_OUTER_BOUND('',#455,.T.);
#305=FACE_OUTER_BOUND('',#456,.T.);
#306=FACE_OUTER_BOUND('',#457,.T.);
#307=FACE_OUTER_BOUND('',#458,.T.);
#308=FACE_OUTER_BOUND('',#459,.T.);
#309=FACE_OUTER_BOUND('',#460,.T.);
#310=FACE_OUTER_BOUND('',#461,.T.);
#311=FACE_OUTER_BOUND('',#462,.T.);
#312=FACE_OUTER_BOUND('',#463,.T.);
#313=FACE_OUTER_BOUND('',#464,.T.);
#314=FACE_OUTER_BOUND('',#465,.T.);
#315=FACE_OUTER_BOUND('',#466,.T.);
#316=FACE_OUTER_BOUND('',#467,.T.);
#317=FACE_OUTER_BOUND('',#468,.T.);
#318=FACE_OUTER_BOUND('',#469,.T.);
#319=FACE_OUTER_BOUND('',#470,.T.);
#320=FACE_OUTER_BOUND('',#471,.T.);
#321=FACE_OUTER_BOUND('',#472,.T.);
#322=FACE_OUTER_BOUND('',#473,.T.);
#323=FACE_OUTER_BOUND('',#474,.T.);
#324=FACE_OUTER_BOUND('',#475,.T.);
#325=FACE_OUTER_BOUND('',#476,.T.);
#326=FACE_OUTER_BOUND('',#477,.T.);
#327=FACE_OUTER_BOUND('',#478,.T.);
#328=FACE_OUTER_BOUND('',#479,.T.);
#329=FACE_OUTER_BOUND('',#480,.T.);
#330=FACE_OUTER_BOUND('',#481,.T.);
#331=FACE_OUTER_BOUND('',#482,.T.);
#332=FACE_OUTER_BOUND('',#484,.T.);
#333=FACE_OUTER_BOUND('',#485,.T.);
#334=FACE_OUTER_BOUND('',#486,.T.);
#335=FACE_OUTER_BOUND('',#487,.T.);
#336=FACE_OUTER_BOUND('',#488,.T.);
#337=FACE_OUTER_BOUND('',#490,.T.);
#338=FACE_OUTER_BOUND('',#491,.T.);
#339=FACE_OUTER_BOUND('',#492,.T.);
#340=FACE_OUTER_BOUND('',#494,.T.);
#341=FACE_OUTER_BOUND('',#495,.T.);
#342=FACE_OUTER_BOUND('',#497,.T.);
#343=FACE_OUTER_BOUND('',#498,.T.);
#344=FACE_OUTER_BOUND('',#499,.T.);
#345=FACE_OUTER_BOUND('',#501,.T.);
#346=FACE_OUTER_BOUND('',#502,.T.);
#347=FACE_OUTER_BOUND('',#504,.T.);
#348=FACE_OUTER_BOUND('',#505,.T.);
#349=FACE_OUTER_BOUND('',#506,.T.);
#350=FACE_OUTER_BOUND('',#508,.T.);
#351=FACE_OUTER_BOUND('',#510,.T.);
#352=FACE_OUTER_BOUND('',#514,.T.);
#353=FACE_OUTER_BOUND('',#515,.T.);
#354=FACE_OUTER_BOUND('',#516,.T.);
#355=FACE_OUTER_BOUND('',#517,.T.);
#356=FACE_OUTER_BOUND('',#518,.T.);
#357=FACE_OUTER_BOUND('',#519,.T.);
#358=FACE_OUTER_BOUND('',#520,.T.);
#359=FACE_OUTER_BOUND('',#521,.T.);
#360=FACE_OUTER_BOUND('',#522,.T.);
#361=FACE_OUTER_BOUND('',#523,.T.);
#362=FACE_OUTER_BOUND('',#525,.T.);
#363=FACE_OUTER_BOUND('',#526,.T.);
#364=FACE_OUTER_BOUND('',#528,.T.);
#365=FACE_OUTER_BOUND('',#529,.T.);
#366=FACE_OUTER_BOUND('',#530,.T.);
#367=FACE_OUTER_BOUND('',#535,.T.);
#368=FACE_OUTER_BOUND('',#536,.T.);
#369=FACE_OUTER_BOUND('',#537,.T.);
#370=FACE_OUTER_BOUND('',#538,.T.);
#371=FACE_OUTER_BOUND('',#539,.T.);
#372=FACE_OUTER_BOUND('',#540,.T.);
#373=FACE_OUTER_BOUND('',#541,.T.);
#374=FACE_OUTER_BOUND('',#542,.T.);
#375=FACE_OUTER_BOUND('',#543,.T.);
#376=FACE_OUTER_BOUND('',#544,.T.);
#377=FACE_OUTER_BOUND('',#545,.T.);
#378=FACE_OUTER_BOUND('',#546,.T.);
#379=FACE_OUTER_BOUND('',#547,.T.);
#380=FACE_OUTER_BOUND('',#548,.T.);
#381=FACE_OUTER_BOUND('',#549,.T.);
#382=FACE_OUTER_BOUND('',#550,.T.);
#383=FACE_OUTER_BOUND('',#551,.T.);
#384=FACE_OUTER_BOUND('',#552,.T.);
#385=FACE_OUTER_BOUND('',#553,.T.);
#386=FACE_OUTER_BOUND('',#554,.T.);
#387=FACE_OUTER_BOUND('',#555,.T.);
#388=FACE_OUTER_BOUND('',#556,.T.);
#389=FACE_OUTER_BOUND('',#557,.T.);
#390=FACE_OUTER_BOUND('',#558,.T.);
#391=EDGE_LOOP('',(#1793,#1794,#1795,#1796));
#392=EDGE_LOOP('',(#1797,#1798,#1799,#1800));
#393=EDGE_LOOP('',(#1801,#1802,#1803,#1804,#1805,#1806,#1807,#1808));
#394=EDGE_LOOP('',(#1809,#1810,#1811,#1812));
#395=EDGE_LOOP('',(#1813,#1814,#1815,#1816));
#396=EDGE_LOOP('',(#1817,#1818,#1819,#1820));
#397=EDGE_LOOP('',(#1821,#1822,#1823,#1824));
#398=EDGE_LOOP('',(#1825,#1826,#1827,#1828,#1829,#1830,#1831,#1832));
#399=EDGE_LOOP('',(#1833,#1834,#1835,#1836));
#400=EDGE_LOOP('',(#1837,#1838,#1839,#1840));
#401=EDGE_LOOP('',(#1841,#1842,#1843,#1844,#1845,#1846,#1847,#1848));
#402=EDGE_LOOP('',(#1849,#1850,#1851,#1852));
#403=EDGE_LOOP('',(#1853,#1854,#1855,#1856));
#404=EDGE_LOOP('',(#1857,#1858,#1859,#1860));
#405=EDGE_LOOP('',(#1861,#1862,#1863,#1864));
#406=EDGE_LOOP('',(#1865,#1866,#1867,#1868,#1869,#1870,#1871,#1872));
#407=EDGE_LOOP('',(#1873,#1874,#1875,#1876));
#408=EDGE_LOOP('',(#1877,#1878,#1879,#1880));
#409=EDGE_LOOP('',(#1881,#1882,#1883,#1884));
#410=EDGE_LOOP('',(#1885,#1886,#1887,#1888,#1889,#1890,#1891,#1892,#1893,
#1894,#1895,#1896,#1897,#1898,#1899,#1900,#1901,#1902,#1903,#1904));
#411=EDGE_LOOP('',(#1905,#1906,#1907,#1908));
#412=EDGE_LOOP('',(#1909,#1910,#1911,#1912));
#413=EDGE_LOOP('',(#1913,#1914,#1915,#1916));
#414=EDGE_LOOP('',(#1917,#1918,#1919,#1920));
#415=EDGE_LOOP('',(#1921,#1922,#1923,#1924));
#416=EDGE_LOOP('',(#1925,#1926,#1927,#1928,#1929,#1930,#1931,#1932,#1933,
#1934,#1935,#1936,#1937,#1938,#1939,#1940));
#417=EDGE_LOOP('',(#1941,#1942,#1943,#1944));
#418=EDGE_LOOP('',(#1945,#1946,#1947,#1948));
#419=EDGE_LOOP('',(#1949,#1950,#1951,#1952));
#420=EDGE_LOOP('',(#1953,#1954,#1955,#1956,#1957,#1958,#1959,#1960,#1961,
#1962,#1963,#1964));
#421=EDGE_LOOP('',(#1965,#1966,#1967,#1968));
#422=EDGE_LOOP('',(#1969,#1970,#1971,#1972,#1973,#1974,#1975,#1976,#1977,
#1978,#1979,#1980));
#423=EDGE_LOOP('',(#1981,#1982,#1983,#1984,#1985,#1986,#1987,#1988,#1989,
#1990,#1991,#1992,#1993,#1994));
#424=EDGE_LOOP('',(#1995,#1996,#1997,#1998));
#425=EDGE_LOOP('',(#1999,#2000,#2001,#2002,#2003));
#426=EDGE_LOOP('',(#2004,#2005,#2006,#2007));
#427=EDGE_LOOP('',(#2008,#2009,#2010,#2011));
#428=EDGE_LOOP('',(#2012,#2013,#2014,#2015));
#429=EDGE_LOOP('',(#2016,#2017,#2018,#2019));
#430=EDGE_LOOP('',(#2020,#2021));
#431=EDGE_LOOP('',(#2022,#2023,#2024,#2025));
#432=EDGE_LOOP('',(#2026,#2027,#2028,#2029));
#433=EDGE_LOOP('',(#2030,#2031));
#434=EDGE_LOOP('',(#2032,#2033));
#435=EDGE_LOOP('',(#2034,#2035,#2036,#2037,#2038,#2039,#2040,#2041,#2042,
#2043,#2044,#2045));
#436=EDGE_LOOP('',(#2046,#2047,#2048,#2049));
#437=EDGE_LOOP('',(#2050,#2051,#2052,#2053,#2054,#2055,#2056,#2057,#2058,
#2059,#2060,#2061));
#438=EDGE_LOOP('',(#2062,#2063,#2064,#2065,#2066,#2067,#2068,#2069,#2070,
#2071,#2072,#2073));
#439=EDGE_LOOP('',(#2074,#2075,#2076,#2077));
#440=EDGE_LOOP('',(#2078,#2079,#2080,#2081,#2082));
#441=EDGE_LOOP('',(#2083,#2084,#2085,#2086));
#442=EDGE_LOOP('',(#2087,#2088,#2089,#2090));
#443=EDGE_LOOP('',(#2091,#2092,#2093,#2094));
#444=EDGE_LOOP('',(#2095,#2096,#2097,#2098));
#445=EDGE_LOOP('',(#2099,#2100));
#446=EDGE_LOOP('',(#2101,#2102,#2103,#2104));
#447=EDGE_LOOP('',(#2105,#2106,#2107,#2108));
#448=EDGE_LOOP('',(#2109,#2110));
#449=EDGE_LOOP('',(#2111,#2112,#2113,#2114,#2115,#2116,#2117,#2118,#2119,
#2120,#2121,#2122));
#450=EDGE_LOOP('',(#2123,#2124,#2125,#2126));
#451=EDGE_LOOP('',(#2127,#2128,#2129,#2130,#2131,#2132,#2133,#2134,#2135,
#2136,#2137,#2138));
#452=EDGE_LOOP('',(#2139,#2140,#2141,#2142,#2143,#2144,#2145,#2146,#2147,
#2148,#2149,#2150,#2151,#2152));
#453=EDGE_LOOP('',(#2153,#2154,#2155,#2156));
#454=EDGE_LOOP('',(#2157,#2158,#2159,#2160,#2161));
#455=EDGE_LOOP('',(#2162,#2163,#2164,#2165));
#456=EDGE_LOOP('',(#2166,#2167,#2168,#2169));
#457=EDGE_LOOP('',(#2170,#2171,#2172,#2173));
#458=EDGE_LOOP('',(#2174,#2175,#2176,#2177));
#459=EDGE_LOOP('',(#2178,#2179));
#460=EDGE_LOOP('',(#2180,#2181,#2182,#2183));
#461=EDGE_LOOP('',(#2184,#2185,#2186,#2187));
#462=EDGE_LOOP('',(#2188,#2189));
#463=EDGE_LOOP('',(#2190,#2191));
#464=EDGE_LOOP('',(#2192,#2193,#2194,#2195,#2196,#2197,#2198,#2199,#2200,
#2201,#2202,#2203));
#465=EDGE_LOOP('',(#2204,#2205,#2206,#2207));
#466=EDGE_LOOP('',(#2208,#2209,#2210,#2211,#2212,#2213,#2214,#2215,#2216,
#2217,#2218,#2219));
#467=EDGE_LOOP('',(#2220,#2221,#2222,#2223,#2224,#2225,#2226,#2227,#2228,
#2229,#2230,#2231));
#468=EDGE_LOOP('',(#2232,#2233,#2234,#2235));
#469=EDGE_LOOP('',(#2236,#2237,#2238,#2239,#2240));
#470=EDGE_LOOP('',(#2241,#2242,#2243,#2244));
#471=EDGE_LOOP('',(#2245,#2246,#2247,#2248));
#472=EDGE_LOOP('',(#2249,#2250,#2251,#2252));
#473=EDGE_LOOP('',(#2253,#2254,#2255,#2256));
#474=EDGE_LOOP('',(#2257,#2258));
#475=EDGE_LOOP('',(#2259,#2260,#2261,#2262));
#476=EDGE_LOOP('',(#2263,#2264,#2265,#2266));
#477=EDGE_LOOP('',(#2267,#2268));
#478=EDGE_LOOP('',(#2269,#2270,#2271,#2272,#2273));
#479=EDGE_LOOP('',(#2274,#2275,#2276,#2277));
#480=EDGE_LOOP('',(#2278,#2279,#2280,#2281,#2282,#2283,#2284,#2285,#2286,
#2287));
#481=EDGE_LOOP('',(#2288,#2289,#2290,#2291));
#482=EDGE_LOOP('',(#2292));
#483=EDGE_LOOP('',(#2293));
#484=EDGE_LOOP('',(#2294,#2295,#2296,#2297,#2298));
#485=EDGE_LOOP('',(#2299,#2300,#2301,#2302));
#486=EDGE_LOOP('',(#2303,#2304,#2305,#2306,#2307,#2308,#2309,#2310,#2311,
#2312));
#487=EDGE_LOOP('',(#2313,#2314,#2315,#2316));
#488=EDGE_LOOP('',(#2317));
#489=EDGE_LOOP('',(#2318));
#490=EDGE_LOOP('',(#2319,#2320,#2321,#2322));
#491=EDGE_LOOP('',(#2323,#2324,#2325,#2326));
#492=EDGE_LOOP('',(#2327));
#493=EDGE_LOOP('',(#2328));
#494=EDGE_LOOP('',(#2329,#2330,#2331,#2332));
#495=EDGE_LOOP('',(#2333));
#496=EDGE_LOOP('',(#2334));
#497=EDGE_LOOP('',(#2335,#2336,#2337,#2338));
#498=EDGE_LOOP('',(#2339,#2340,#2341,#2342));
#499=EDGE_LOOP('',(#2343));
#500=EDGE_LOOP('',(#2344));
#501=EDGE_LOOP('',(#2345,#2346,#2347,#2348));
#502=EDGE_LOOP('',(#2349));
#503=EDGE_LOOP('',(#2350));
#504=EDGE_LOOP('',(#2351,#2352,#2353,#2354));
#505=EDGE_LOOP('',(#2355,#2356,#2357,#2358));
#506=EDGE_LOOP('',(#2359,#2360,#2361,#2362,#2363,#2364,#2365,#2366,#2367,
#2368));
#507=EDGE_LOOP('',(#2369));
#508=EDGE_LOOP('',(#2370,#2371,#2372,#2373,#2374,#2375,#2376,#2377,#2378,
#2379));
#509=EDGE_LOOP('',(#2380));
#510=EDGE_LOOP('',(#2381,#2382,#2383,#2384,#2385,#2386,#2387,#2388,#2389,
#2390,#2391,#2392,#2393,#2394,#2395,#2396,#2397,#2398,#2399,#2400,#2401,
#2402,#2403,#2404,#2405,#2406,#2407));
#511=EDGE_LOOP('',(#2408));
#512=EDGE_LOOP('',(#2409));
#513=EDGE_LOOP('',(#2410,#2411,#2412,#2413,#2414,#2415,#2416,#2417,#2418,
#2419,#2420,#2421));
#514=EDGE_LOOP('',(#2422,#2423,#2424,#2425));
#515=EDGE_LOOP('',(#2426,#2427,#2428,#2429));
#516=EDGE_LOOP('',(#2430,#2431,#2432,#2433));
#517=EDGE_LOOP('',(#2434,#2435,#2436,#2437));
#518=EDGE_LOOP('',(#2438,#2439,#2440,#2441));
#519=EDGE_LOOP('',(#2442,#2443,#2444,#2445));
#520=EDGE_LOOP('',(#2446,#2447,#2448,#2449));
#521=EDGE_LOOP('',(#2450,#2451,#2452,#2453,#2454,#2455,#2456,#2457));
#522=EDGE_LOOP('',(#2458,#2459,#2460,#2461));
#523=EDGE_LOOP('',(#2462));
#524=EDGE_LOOP('',(#2463));
#525=EDGE_LOOP('',(#2464,#2465,#2466,#2467,#2468,#2469,#2470));
#526=EDGE_LOOP('',(#2471));
#527=EDGE_LOOP('',(#2472));
#528=EDGE_LOOP('',(#2473,#2474,#2475,#2476));
#529=EDGE_LOOP('',(#2477,#2478,#2479,#2480));
#530=EDGE_LOOP('',(#2481,#2482,#2483,#2484,#2485,#2486,#2487,#2488));
#531=EDGE_LOOP('',(#2489,#2490,#2491,#2492));
#532=EDGE_LOOP('',(#2493,#2494,#2495,#2496));
#533=EDGE_LOOP('',(#2497,#2498,#2499,#2500));
#534=EDGE_LOOP('',(#2501,#2502,#2503,#2504));
#535=EDGE_LOOP('',(#2505,#2506,#2507,#2508));
#536=EDGE_LOOP('',(#2509,#2510,#2511,#2512));
#537=EDGE_LOOP('',(#2513,#2514,#2515,#2516));
#538=EDGE_LOOP('',(#2517,#2518,#2519,#2520));
#539=EDGE_LOOP('',(#2521,#2522,#2523,#2524));
#540=EDGE_LOOP('',(#2525,#2526,#2527,#2528));
#541=EDGE_LOOP('',(#2529,#2530,#2531,#2532));
#542=EDGE_LOOP('',(#2533,#2534,#2535,#2536));
#543=EDGE_LOOP('',(#2537,#2538,#2539,#2540));
#544=EDGE_LOOP('',(#2541,#2542,#2543,#2544,#2545,#2546,#2547,#2548));
#545=EDGE_LOOP('',(#2549,#2550,#2551,#2552));
#546=EDGE_LOOP('',(#2553,#2554,#2555,#2556,#2557,#2558,#2559,#2560));
#547=EDGE_LOOP('',(#2561,#2562,#2563,#2564));
#548=EDGE_LOOP('',(#2565,#2566,#2567,#2568,#2569,#2570));
#549=EDGE_LOOP('',(#2571,#2572,#2573,#2574));
#550=EDGE_LOOP('',(#2575,#2576,#2577,#2578));
#551=EDGE_LOOP('',(#2579,#2580,#2581,#2582,#2583,#2584,#2585,#2586));
#552=EDGE_LOOP('',(#2587,#2588,#2589,#2590,#2591,#2592,#2593,#2594));
#553=EDGE_LOOP('',(#2595,#2596,#2597,#2598));
#554=EDGE_LOOP('',(#2599,#2600,#2601,#2602));
#555=EDGE_LOOP('',(#2603,#2604,#2605,#2606,#2607));
#556=EDGE_LOOP('',(#2608,#2609,#2610,#2611));
#557=EDGE_LOOP('',(#2612,#2613,#2614,#2615,#2616,#2617,#2618,#2619,#2620,
#2621,#2622,#2623,#2624,#2625,#2626,#2627));
#558=EDGE_LOOP('',(#2628,#2629,#2630,#2631,#2632));
#559=LINE('',#3980,#827);
#560=LINE('',#3982,#828);
#561=LINE('',#3984,#829);
#562=LINE('',#3985,#830);
#563=LINE('',#3989,#831);
#564=LINE('',#3991,#832);
#565=LINE('',#3993,#833);
#566=LINE('',#3994,#834);
#567=LINE('',#3997,#835);
#568=LINE('',#3998,#836);
#569=LINE('',#4000,#837);
#570=LINE('',#4002,#838);
#571=LINE('',#4004,#839);
#572=LINE('',#4005,#840);
#573=LINE('',#4008,#841);
#574=LINE('',#4009,#842);
#575=LINE('',#4012,#843);
#576=LINE('',#4014,#844);
#577=LINE('',#4015,#845);
#578=LINE('',#4018,#846);
#579=LINE('',#4019,#847);
#580=LINE('',#4021,#848);
#581=LINE('',#4023,#849);
#582=LINE('',#4024,#850);
#583=LINE('',#4028,#851);
#584=LINE('',#4030,#852);
#585=LINE('',#4032,#853);
#586=LINE('',#4033,#854);
#587=LINE('',#4037,#855);
#588=LINE('',#4039,#856);
#589=LINE('',#4041,#857);
#590=LINE('',#4042,#858);
#591=LINE('',#4045,#859);
#592=LINE('',#4046,#860);
#593=LINE('',#4048,#861);
#594=LINE('',#4050,#862);
#595=LINE('',#4052,#863);
#596=LINE('',#4053,#864);
#597=LINE('',#4056,#865);
#598=LINE('',#4057,#866);
#599=LINE('',#4060,#867);
#600=LINE('',#4062,#868);
#601=LINE('',#4063,#869);
#602=LINE('',#4066,#870);
#603=LINE('',#4067,#871);
#604=LINE('',#4069,#872);
#605=LINE('',#4071,#873);
#606=LINE('',#4072,#874);
#607=LINE('',#4076,#875);
#608=LINE('',#4080,#876);
#609=LINE('',#4085,#877);
#610=LINE('',#4089,#878);
#611=LINE('',#4092,#879);
#612=LINE('',#4093,#880);
#613=LINE('',#4096,#881);
#614=LINE('',#4098,#882);
#615=LINE('',#4100,#883);
#616=LINE('',#4102,#884);
#617=LINE('',#4104,#885);
#618=LINE('',#4106,#886);
#619=LINE('',#4108,#887);
#620=LINE('',#4110,#888);
#621=LINE('',#4112,#889);
#622=LINE('',#4114,#890);
#623=LINE('',#4116,#891);
#624=LINE('',#4118,#892);
#625=LINE('',#4120,#893);
#626=LINE('',#4122,#894);
#627=LINE('',#4124,#895);
#628=LINE('',#4126,#896);
#629=LINE('',#4127,#897);
#630=LINE('',#4130,#898);
#631=LINE('',#4131,#899);
#632=LINE('',#4135,#900);
#633=LINE('',#4140,#901);
#634=LINE('',#4145,#902);
#635=LINE('',#4147,#903);
#636=LINE('',#4150,#904);
#637=LINE('',#4152,#905);
#638=LINE('',#4154,#906);
#639=LINE('',#4156,#907);
#640=LINE('',#4158,#908);
#641=LINE('',#4160,#909);
#642=LINE('',#4162,#910);
#643=LINE('',#4163,#911);
#644=LINE('',#4165,#912);
#645=LINE('',#4167,#913);
#646=LINE('',#4169,#914);
#647=LINE('',#4173,#915);
#648=LINE('',#4175,#916);
#649=LINE('',#4177,#917);
#650=LINE('',#4179,#918);
#651=LINE('',#4181,#919);
#652=LINE('',#4191,#920);
#653=LINE('',#4201,#921);
#654=LINE('',#4202,#922);
#655=LINE('',#4207,#923);
#656=LINE('',#4211,#924);
#657=LINE('',#4213,#925);
#658=LINE('',#4215,#926);
#659=LINE('',#4225,#927);
#660=LINE('',#4235,#928);
#661=LINE('',#4237,#929);
#662=LINE('',#4238,#930);
#663=LINE('',#4247,#931);
#664=LINE('',#4270,#932);
#665=LINE('',#4274,#933);
#666=LINE('',#4276,#934);
#667=LINE('',#4278,#935);
#668=LINE('',#4280,#936);
#669=LINE('',#4282,#937);
#670=LINE('',#4292,#938);
#671=LINE('',#4302,#939);
#672=LINE('',#4303,#940);
#673=LINE('',#4308,#941);
#674=LINE('',#4312,#942);
#675=LINE('',#4314,#943);
#676=LINE('',#4316,#944);
#677=LINE('',#4326,#945);
#678=LINE('',#4336,#946);
#679=LINE('',#4338,#947);
#680=LINE('',#4339,#948);
#681=LINE('',#4344,#949);
#682=LINE('',#4369,#950);
#683=LINE('',#4371,#951);
#684=LINE('',#4373,#952);
#685=LINE('',#4375,#953);
#686=LINE('',#4377,#954);
#687=LINE('',#4387,#955);
#688=LINE('',#4397,#956);
#689=LINE('',#4398,#957);
#690=LINE('',#4403,#958);
#691=LINE('',#4407,#959);
#692=LINE('',#4409,#960);
#693=LINE('',#4411,#961);
#694=LINE('',#4421,#962);
#695=LINE('',#4431,#963);
#696=LINE('',#4433,#964);
#697=LINE('',#4434,#965);
#698=LINE('',#4443,#966);
#699=LINE('',#4466,#967);
#700=LINE('',#4470,#968);
#701=LINE('',#4472,#969);
#702=LINE('',#4474,#970);
#703=LINE('',#4476,#971);
#704=LINE('',#4478,#972);
#705=LINE('',#4488,#973);
#706=LINE('',#4498,#974);
#707=LINE('',#4499,#975);
#708=LINE('',#4504,#976);
#709=LINE('',#4508,#977);
#710=LINE('',#4510,#978);
#711=LINE('',#4512,#979);
#712=LINE('',#4522,#980);
#713=LINE('',#4532,#981);
#714=LINE('',#4534,#982);
#715=LINE('',#4535,#983);
#716=LINE('',#4540,#984);
#717=LINE('',#4564,#985);
#718=LINE('',#4567,#986);
#719=LINE('',#4570,#987);
#720=LINE('',#4573,#988);
#721=LINE('',#4576,#989);
#722=LINE('',#4578,#990);
#723=LINE('',#4580,#991);
#724=LINE('',#4582,#992);
#725=LINE('',#4583,#993);
#726=LINE('',#4588,#994);
#727=LINE('',#4593,#995);
#728=LINE('',#4596,#996);
#729=LINE('',#4599,#997);
#730=LINE('',#4602,#998);
#731=LINE('',#4605,#999);
#732=LINE('',#4607,#1000);
#733=LINE('',#4609,#1001);
#734=LINE('',#4611,#1002);
#735=LINE('',#4612,#1003);
#736=LINE('',#4617,#1004);
#737=LINE('',#4624,#1005);
#738=LINE('',#4630,#1006);
#739=LINE('',#4637,#1007);
#740=LINE('',#4644,#1008);
#741=LINE('',#4650,#1009);
#742=LINE('',#4657,#1010);
#743=LINE('',#4661,#1011);
#744=LINE('',#4662,#1012);
#745=LINE('',#4664,#1013);
#746=LINE('',#4665,#1014);
#747=LINE('',#4668,#1015);
#748=LINE('',#4670,#1016);
#749=LINE('',#4672,#1017);
#750=LINE('',#4674,#1018);
#751=LINE('',#4675,#1019);
#752=LINE('',#4678,#1020);
#753=LINE('',#4680,#1021);
#754=LINE('',#4682,#1022);
#755=LINE('',#4684,#1023);
#756=LINE('',#4685,#1024);
#757=LINE('',#4689,#1025);
#758=LINE('',#4693,#1026);
#759=LINE('',#4698,#1027);
#760=LINE('',#4702,#1028);
#761=LINE('',#4708,#1029);
#762=LINE('',#4712,#1030);
#763=LINE('',#4718,#1031);
#764=LINE('',#4722,#1032);
#765=LINE('',#4726,#1033);
#766=LINE('',#4732,#1034);
#767=LINE('',#4736,#1035);
#768=LINE('',#4739,#1036);
#769=LINE('',#4741,#1037);
#770=LINE('',#4743,#1038);
#771=LINE('',#4745,#1039);
#772=LINE('',#4747,#1040);
#773=LINE('',#4749,#1041);
#774=LINE('',#4750,#1042);
#775=LINE('',#4752,#1043);
#776=LINE('',#4753,#1044);
#777=LINE('',#4755,#1045);
#778=LINE('',#4756,#1046);
#779=LINE('',#4758,#1047);
#780=LINE('',#4761,#1048);
#781=LINE('',#4765,#1049);
#782=LINE('',#4766,#1050);
#783=LINE('',#4769,#1051);
#784=LINE('',#4770,#1052);
#785=LINE('',#4772,#1053);
#786=LINE('',#4783,#1054);
#787=LINE('',#4787,#1055);
#788=LINE('',#4790,#1056);
#789=LINE('',#4798,#1057);
#790=LINE('',#4799,#1058);
#791=LINE('',#4802,#1059);
#792=LINE('',#4804,#1060);
#793=LINE('',#4806,#1061);
#794=LINE('',#4807,#1062);
#795=LINE('',#4810,#1063);
#796=LINE('',#4814,#1064);
#797=LINE('',#4818,#1065);
#798=LINE('',#4821,#1066);
#799=LINE('',#4823,#1067);
#800=LINE('',#4824,#1068);
#801=LINE('',#4826,#1069);
#802=LINE('',#4828,#1070);
#803=LINE('',#4830,#1071);
#804=LINE('',#4833,#1072);
#805=LINE('',#4834,#1073);
#806=LINE('',#4836,#1074);
#807=LINE('',#4838,#1075);
#808=LINE('',#4839,#1076);
#809=LINE('',#4842,#1077);
#810=LINE('',#4844,#1078);
#811=LINE('',#4845,#1079);
#812=LINE('',#4850,#1080);
#813=LINE('',#4851,#1081);
#814=LINE('',#4854,#1082);
#815=LINE('',#4856,#1083);
#816=LINE('',#4858,#1084);
#817=LINE('',#4859,#1085);
#818=LINE('',#4860,#1086);
#819=LINE('',#4864,#1087);
#820=LINE('',#4869,#1088);
#821=LINE('',#4870,#1089);
#822=LINE('',#4872,#1090);
#823=LINE('',#4874,#1091);
#824=LINE('',#4876,#1092);
#825=LINE('',#4878,#1093);
#826=LINE('',#4879,#1094);
#827=VECTOR('',#3168,10.);
#828=VECTOR('',#3169,10.);
#829=VECTOR('',#3170,10.);
#830=VECTOR('',#3171,10.);
#831=VECTOR('',#3174,10.);
#832=VECTOR('',#3175,10.);
#833=VECTOR('',#3176,10.);
#834=VECTOR('',#3177,10.);
#835=VECTOR('',#3180,10.);
#836=VECTOR('',#3181,10.);
#837=VECTOR('',#3182,10.);
#838=VECTOR('',#3183,10.);
#839=VECTOR('',#3184,10.);
#840=VECTOR('',#3185,10.);
#841=VECTOR('',#3188,10.);
#842=VECTOR('',#3189,10.);
#843=VECTOR('',#3192,10.);
#844=VECTOR('',#3193,10.);
#845=VECTOR('',#3194,10.);
#846=VECTOR('',#3197,10.);
#847=VECTOR('',#3198,10.);
#848=VECTOR('',#3201,10.);
#849=VECTOR('',#3204,10.);
#850=VECTOR('',#3205,10.);
#851=VECTOR('',#3208,10.);
#852=VECTOR('',#3209,10.);
#853=VECTOR('',#3210,10.);
#854=VECTOR('',#3211,10.);
#855=VECTOR('',#3214,10.);
#856=VECTOR('',#3215,10.);
#857=VECTOR('',#3216,10.);
#858=VECTOR('',#3217,10.);
#859=VECTOR('',#3220,10.);
#860=VECTOR('',#3221,10.);
#861=VECTOR('',#3222,10.);
#862=VECTOR('',#3223,10.);
#863=VECTOR('',#3224,10.);
#864=VECTOR('',#3225,10.);
#865=VECTOR('',#3228,10.);
#866=VECTOR('',#3229,10.);
#867=VECTOR('',#3232,10.);
#868=VECTOR('',#3233,10.);
#869=VECTOR('',#3234,10.);
#870=VECTOR('',#3237,10.);
#871=VECTOR('',#3238,10.);
#872=VECTOR('',#3241,10.);
#873=VECTOR('',#3244,10.);
#874=VECTOR('',#3245,10.);
#875=VECTOR('',#3248,10.);
#876=VECTOR('',#3251,10.);
#877=VECTOR('',#3256,10.);
#878=VECTOR('',#3259,10.);
#879=VECTOR('',#3264,10.);
#880=VECTOR('',#3265,10.);
#881=VECTOR('',#3268,10.);
#882=VECTOR('',#3269,10.);
#883=VECTOR('',#3270,10.);
#884=VECTOR('',#3271,10.);
#885=VECTOR('',#3272,10.);
#886=VECTOR('',#3273,10.);
#887=VECTOR('',#3274,10.);
#888=VECTOR('',#3275,10.);
#889=VECTOR('',#3276,10.);
#890=VECTOR('',#3277,10.);
#891=VECTOR('',#3278,10.);
#892=VECTOR('',#3279,10.);
#893=VECTOR('',#3280,10.);
#894=VECTOR('',#3281,10.);
#895=VECTOR('',#3282,10.);
#896=VECTOR('',#3283,10.);
#897=VECTOR('',#3284,10.);
#898=VECTOR('',#3287,10.);
#899=VECTOR('',#3288,10.);
#900=VECTOR('',#3293,10.);
#901=VECTOR('',#3298,10.);
#902=VECTOR('',#3305,10.);
#903=VECTOR('',#3308,10.);
#904=VECTOR('',#3311,10.);
#905=VECTOR('',#3312,10.);
#906=VECTOR('',#3313,10.);
#907=VECTOR('',#3314,10.);
#908=VECTOR('',#3315,10.);
#909=VECTOR('',#3316,10.);
#910=VECTOR('',#3317,10.);
#911=VECTOR('',#3318,10.);
#912=VECTOR('',#3321,10.);
#913=VECTOR('',#3324,10.);
#914=VECTOR('',#3327,10.);
#915=VECTOR('',#3330,10.);
#916=VECTOR('',#3331,10.);
#917=VECTOR('',#3332,10.);
#918=VECTOR('',#3333,10.);
#919=VECTOR('',#3334,10.);
#920=VECTOR('',#3335,10.);
#921=VECTOR('',#3336,10.);
#922=VECTOR('',#3337,10.);
#923=VECTOR('',#3342,10.);
#924=VECTOR('',#3347,10.);
#925=VECTOR('',#3348,10.);
#926=VECTOR('',#3349,10.);
#927=VECTOR('',#3350,10.);
#928=VECTOR('',#3351,10.);
#929=VECTOR('',#3352,10.);
#930=VECTOR('',#3353,10.);
#931=VECTOR('',#3362,1.75);
#932=VECTOR('',#3407,10.);
#933=VECTOR('',#3410,10.);
#934=VECTOR('',#3411,10.);
#935=VECTOR('',#3412,10.);
#936=VECTOR('',#3413,10.);
#937=VECTOR('',#3414,10.);
#938=VECTOR('',#3415,10.);
#939=VECTOR('',#3416,10.);
#940=VECTOR('',#3417,10.);
#941=VECTOR('',#3422,10.);
#942=VECTOR('',#3427,10.);
#943=VECTOR('',#3428,10.);
#944=VECTOR('',#3429,10.);
#945=VECTOR('',#3430,10.);
#946=VECTOR('',#3431,10.);
#947=VECTOR('',#3432,10.);
#948=VECTOR('',#3433,10.);
#949=VECTOR('',#3438,2.2);
#950=VECTOR('',#3483,10.);
#951=VECTOR('',#3484,10.);
#952=VECTOR('',#3485,10.);
#953=VECTOR('',#3486,10.);
#954=VECTOR('',#3487,10.);
#955=VECTOR('',#3488,10.);
#956=VECTOR('',#3489,10.);
#957=VECTOR('',#3490,10.);
#958=VECTOR('',#3495,10.);
#959=VECTOR('',#3500,10.);
#960=VECTOR('',#3501,10.);
#961=VECTOR('',#3502,10.);
#962=VECTOR('',#3503,10.);
#963=VECTOR('',#3504,10.);
#964=VECTOR('',#3505,10.);
#965=VECTOR('',#3506,10.);
#966=VECTOR('',#3515,1.75);
#967=VECTOR('',#3560,10.);
#968=VECTOR('',#3563,10.);
#969=VECTOR('',#3564,10.);
#970=VECTOR('',#3565,10.);
#971=VECTOR('',#3566,10.);
#972=VECTOR('',#3567,10.);
#973=VECTOR('',#3568,10.);
#974=VECTOR('',#3569,10.);
#975=VECTOR('',#3570,10.);
#976=VECTOR('',#3575,10.);
#977=VECTOR('',#3580,10.);
#978=VECTOR('',#3581,10.);
#979=VECTOR('',#3582,10.);
#980=VECTOR('',#3583,10.);
#981=VECTOR('',#3584,10.);
#982=VECTOR('',#3585,10.);
#983=VECTOR('',#3586,10.);
#984=VECTOR('',#3591,2.2);
#985=VECTOR('',#3636,10.);
#986=VECTOR('',#3639,10.);
#987=VECTOR('',#3642,10.);
#988=VECTOR('',#3645,10.);
#989=VECTOR('',#3648,10.);
#990=VECTOR('',#3649,10.);
#991=VECTOR('',#3650,10.);
#992=VECTOR('',#3651,10.);
#993=VECTOR('',#3652,10.);
#994=VECTOR('',#3657,2.4);
#995=VECTOR('',#3664,10.);
#996=VECTOR('',#3667,10.);
#997=VECTOR('',#3670,10.);
#998=VECTOR('',#3673,10.);
#999=VECTOR('',#3676,10.);
#1000=VECTOR('',#3677,10.);
#1001=VECTOR('',#3678,10.);
#1002=VECTOR('',#3679,10.);
#1003=VECTOR('',#3680,10.);
#1004=VECTOR('',#3685,2.4);
#1005=VECTOR('',#3694,1.1);
#1006=VECTOR('',#3701,1.6);
#1007=VECTOR('',#3710,2.);
#1008=VECTOR('',#3719,1.1);
#1009=VECTOR('',#3726,1.6);
#1010=VECTOR('',#3735,2.);
#1011=VECTOR('',#3742,10.);
#1012=VECTOR('',#3743,10.);
#1013=VECTOR('',#3746,10.);
#1014=VECTOR('',#3747,10.);
#1015=VECTOR('',#3750,10.);
#1016=VECTOR('',#3751,10.);
#1017=VECTOR('',#3752,10.);
#1018=VECTOR('',#3753,10.);
#1019=VECTOR('',#3754,10.);
#1020=VECTOR('',#3757,10.);
#1021=VECTOR('',#3758,10.);
#1022=VECTOR('',#3759,10.);
#1023=VECTOR('',#3760,10.);
#1024=VECTOR('',#3761,10.);
#1025=VECTOR('',#3764,10.);
#1026=VECTOR('',#3767,10.);
#1027=VECTOR('',#3772,10.);
#1028=VECTOR('',#3775,10.);
#1029=VECTOR('',#3780,10.);
#1030=VECTOR('',#3783,10.);
#1031=VECTOR('',#3788,10.);
#1032=VECTOR('',#3791,10.);
#1033=VECTOR('',#3794,10.);
#1034=VECTOR('',#3799,10.);
#1035=VECTOR('',#3802,10.);
#1036=VECTOR('',#3805,10.);
#1037=VECTOR('',#3806,10.);
#1038=VECTOR('',#3807,10.);
#1039=VECTOR('',#3808,10.);
#1040=VECTOR('',#3809,10.);
#1041=VECTOR('',#3810,10.);
#1042=VECTOR('',#3811,10.);
#1043=VECTOR('',#3814,10.);
#1044=VECTOR('',#3815,10.);
#1045=VECTOR('',#3818,10.);
#1046=VECTOR('',#3819,10.);
#1047=VECTOR('',#3822,10.);
#1048=VECTOR('',#3827,10.);
#1049=VECTOR('',#3832,10.);
#1050=VECTOR('',#3833,10.);
#1051=VECTOR('',#3836,10.);
#1052=VECTOR('',#3837,10.);
#1053=VECTOR('',#3840,10.);
#1054=VECTOR('',#3851,10.);
#1055=VECTOR('',#3854,10.);
#1056=VECTOR('',#3857,10.);
#1057=VECTOR('',#3866,10.);
#1058=VECTOR('',#3867,10.);
#1059=VECTOR('',#3870,10.);
#1060=VECTOR('',#3871,10.);
#1061=VECTOR('',#3872,10.);
#1062=VECTOR('',#3873,10.);
#1063=VECTOR('',#3876,10.);
#1064=VECTOR('',#3879,10.);
#1065=VECTOR('',#3882,10.);
#1066=VECTOR('',#3887,10.);
#1067=VECTOR('',#3890,10.);
#1068=VECTOR('',#3891,10.);
#1069=VECTOR('',#3894,10.);
#1070=VECTOR('',#3897,10.);
#1071=VECTOR('',#3900,10.);
#1072=VECTOR('',#3905,10.);
#1073=VECTOR('',#3906,10.);
#1074=VECTOR('',#3909,10.);
#1075=VECTOR('',#3912,10.);
#1076=VECTOR('',#3913,10.);
#1077=VECTOR('',#3916,10.);
#1078=VECTOR('',#3917,10.);
#1079=VECTOR('',#3918,10.);
#1080=VECTOR('',#3923,10.);
#1081=VECTOR('',#3924,10.);
#1082=VECTOR('',#3927,10.);
#1083=VECTOR('',#3928,10.);
#1084=VECTOR('',#3929,10.);
#1085=VECTOR('',#3930,10.);
#1086=VECTOR('',#3931,10.);
#1087=VECTOR('',#3936,10.);
#1088=VECTOR('',#3941,10.);
#1089=VECTOR('',#3942,10.);
#1090=VECTOR('',#3945,10.);
#1091=VECTOR('',#3948,10.);
#1092=VECTOR('',#3951,3.75);
#1093=VECTOR('',#3954,10.);
#1094=VECTOR('',#3955,3.75);
#1095=VERTEX_POINT('',#3978);
#1096=VERTEX_POINT('',#3979);
#1097=VERTEX_POINT('',#3981);
#1098=VERTEX_POINT('',#3983);
#1099=VERTEX_POINT('',#3987);
#1100=VERTEX_POINT('',#3988);
#1101=VERTEX_POINT('',#3990);
#1102=VERTEX_POINT('',#3992);
#1103=VERTEX_POINT('',#3996);
#1104=VERTEX_POINT('',#3999);
#1105=VERTEX_POINT('',#4001);
#1106=VERTEX_POINT('',#4003);
#1107=VERTEX_POINT('',#4007);
#1108=VERTEX_POINT('',#4011);
#1109=VERTEX_POINT('',#4013);
#1110=VERTEX_POINT('',#4017);
#1111=VERTEX_POINT('',#4026);
#1112=VERTEX_POINT('',#4027);
#1113=VERTEX_POINT('',#4029);
#1114=VERTEX_POINT('',#4031);
#1115=VERTEX_POINT('',#4035);
#1116=VERTEX_POINT('',#4036);
#1117=VERTEX_POINT('',#4038);
#1118=VERTEX_POINT('',#4040);
#1119=VERTEX_POINT('',#4044);
#1120=VERTEX_POINT('',#4047);
#1121=VERTEX_POINT('',#4049);
#1122=VERTEX_POINT('',#4051);
#1123=VERTEX_POINT('',#4055);
#1124=VERTEX_POINT('',#4059);
#1125=VERTEX_POINT('',#4061);
#1126=VERTEX_POINT('',#4065);
#1127=VERTEX_POINT('',#4074);
#1128=VERTEX_POINT('',#4075);
#1129=VERTEX_POINT('',#4077);
#1130=VERTEX_POINT('',#4079);
#1131=VERTEX_POINT('',#4083);
#1132=VERTEX_POINT('',#4084);
#1133=VERTEX_POINT('',#4086);
#1134=VERTEX_POINT('',#4088);
#1135=VERTEX_POINT('',#4095);
#1136=VERTEX_POINT('',#4097);
#1137=VERTEX_POINT('',#4099);
#1138=VERTEX_POINT('',#4101);
#1139=VERTEX_POINT('',#4103);
#1140=VERTEX_POINT('',#4105);
#1141=VERTEX_POINT('',#4107);
#1142=VERTEX_POINT('',#4109);
#1143=VERTEX_POINT('',#4111);
#1144=VERTEX_POINT('',#4113);
#1145=VERTEX_POINT('',#4115);
#1146=VERTEX_POINT('',#4117);
#1147=VERTEX_POINT('',#4119);
#1148=VERTEX_POINT('',#4121);
#1149=VERTEX_POINT('',#4123);
#1150=VERTEX_POINT('',#4125);
#1151=VERTEX_POINT('',#4129);
#1152=VERTEX_POINT('',#4133);
#1153=VERTEX_POINT('',#4137);
#1154=VERTEX_POINT('',#4139);
#1155=VERTEX_POINT('',#4143);
#1156=VERTEX_POINT('',#4149);
#1157=VERTEX_POINT('',#4151);
#1158=VERTEX_POINT('',#4153);
#1159=VERTEX_POINT('',#4155);
#1160=VERTEX_POINT('',#4157);
#1161=VERTEX_POINT('',#4159);
#1162=VERTEX_POINT('',#4161);
#1163=VERTEX_POINT('',#4171);
#1164=VERTEX_POINT('',#4172);
#1165=VERTEX_POINT('',#4174);
#1166=VERTEX_POINT('',#4176);
#1167=VERTEX_POINT('',#4178);
#1168=VERTEX_POINT('',#4180);
#1169=VERTEX_POINT('',#4182);
#1170=VERTEX_POINT('',#4186);
#1171=VERTEX_POINT('',#4190);
#1172=VERTEX_POINT('',#4192);
#1173=VERTEX_POINT('',#4196);
#1174=VERTEX_POINT('',#4200);
#1175=VERTEX_POINT('',#4204);
#1176=VERTEX_POINT('',#4206);
#1177=VERTEX_POINT('',#4210);
#1178=VERTEX_POINT('',#4212);
#1179=VERTEX_POINT('',#4214);
#1180=VERTEX_POINT('',#4216);
#1181=VERTEX_POINT('',#4220);
#1182=VERTEX_POINT('',#4224);
#1183=VERTEX_POINT('',#4226);
#1184=VERTEX_POINT('',#4230);
#1185=VERTEX_POINT('',#4234);
#1186=VERTEX_POINT('',#4236);
#1187=VERTEX_POINT('',#4240);
#1188=VERTEX_POINT('',#4241);
#1189=VERTEX_POINT('',#4243);
#1190=VERTEX_POINT('',#4246);
#1191=VERTEX_POINT('',#4272);
#1192=VERTEX_POINT('',#4273);
#1193=VERTEX_POINT('',#4275);
#1194=VERTEX_POINT('',#4277);
#1195=VERTEX_POINT('',#4279);
#1196=VERTEX_POINT('',#4281);
#1197=VERTEX_POINT('',#4283);
#1198=VERTEX_POINT('',#4287);
#1199=VERTEX_POINT('',#4291);
#1200=VERTEX_POINT('',#4293);
#1201=VERTEX_POINT('',#4297);
#1202=VERTEX_POINT('',#4301);
#1203=VERTEX_POINT('',#4305);
#1204=VERTEX_POINT('',#4307);
#1205=VERTEX_POINT('',#4311);
#1206=VERTEX_POINT('',#4313);
#1207=VERTEX_POINT('',#4315);
#1208=VERTEX_POINT('',#4317);
#1209=VERTEX_POINT('',#4321);
#1210=VERTEX_POINT('',#4325);
#1211=VERTEX_POINT('',#4327);
#1212=VERTEX_POINT('',#4331);
#1213=VERTEX_POINT('',#4335);
#1214=VERTEX_POINT('',#4337);
#1215=VERTEX_POINT('',#4341);
#1216=VERTEX_POINT('',#4343);
#1217=VERTEX_POINT('',#4367);
#1218=VERTEX_POINT('',#4368);
#1219=VERTEX_POINT('',#4370);
#1220=VERTEX_POINT('',#4372);
#1221=VERTEX_POINT('',#4374);
#1222=VERTEX_POINT('',#4376);
#1223=VERTEX_POINT('',#4378);
#1224=VERTEX_POINT('',#4382);
#1225=VERTEX_POINT('',#4386);
#1226=VERTEX_POINT('',#4388);
#1227=VERTEX_POINT('',#4392);
#1228=VERTEX_POINT('',#4396);
#1229=VERTEX_POINT('',#4400);
#1230=VERTEX_POINT('',#4402);
#1231=VERTEX_POINT('',#4406);
#1232=VERTEX_POINT('',#4408);
#1233=VERTEX_POINT('',#4410);
#1234=VERTEX_POINT('',#4412);
#1235=VERTEX_POINT('',#4416);
#1236=VERTEX_POINT('',#4420);
#1237=VERTEX_POINT('',#4422);
#1238=VERTEX_POINT('',#4426);
#1239=VERTEX_POINT('',#4430);
#1240=VERTEX_POINT('',#4432);
#1241=VERTEX_POINT('',#4436);
#1242=VERTEX_POINT('',#4437);
#1243=VERTEX_POINT('',#4439);
#1244=VERTEX_POINT('',#4442);
#1245=VERTEX_POINT('',#4468);
#1246=VERTEX_POINT('',#4469);
#1247=VERTEX_POINT('',#4471);
#1248=VERTEX_POINT('',#4473);
#1249=VERTEX_POINT('',#4475);
#1250=VERTEX_POINT('',#4477);
#1251=VERTEX_POINT('',#4479);
#1252=VERTEX_POINT('',#4483);
#1253=VERTEX_POINT('',#4487);
#1254=VERTEX_POINT('',#4489);
#1255=VERTEX_POINT('',#4493);
#1256=VERTEX_POINT('',#4497);
#1257=VERTEX_POINT('',#4501);
#1258=VERTEX_POINT('',#4503);
#1259=VERTEX_POINT('',#4507);
#1260=VERTEX_POINT('',#4509);
#1261=VERTEX_POINT('',#4511);
#1262=VERTEX_POINT('',#4513);
#1263=VERTEX_POINT('',#4517);
#1264=VERTEX_POINT('',#4521);
#1265=VERTEX_POINT('',#4523);
#1266=VERTEX_POINT('',#4527);
#1267=VERTEX_POINT('',#4531);
#1268=VERTEX_POINT('',#4533);
#1269=VERTEX_POINT('',#4537);
#1270=VERTEX_POINT('',#4539);
#1271=VERTEX_POINT('',#4563);
#1272=VERTEX_POINT('',#4565);
#1273=VERTEX_POINT('',#4569);
#1274=VERTEX_POINT('',#4571);
#1275=VERTEX_POINT('',#4575);
#1276=VERTEX_POINT('',#4577);
#1277=VERTEX_POINT('',#4579);
#1278=VERTEX_POINT('',#4581);
#1279=VERTEX_POINT('',#4585);
#1280=VERTEX_POINT('',#4587);
#1281=VERTEX_POINT('',#4592);
#1282=VERTEX_POINT('',#4594);
#1283=VERTEX_POINT('',#4598);
#1284=VERTEX_POINT('',#4600);
#1285=VERTEX_POINT('',#4604);
#1286=VERTEX_POINT('',#4606);
#1287=VERTEX_POINT('',#4608);
#1288=VERTEX_POINT('',#4610);
#1289=VERTEX_POINT('',#4614);
#1290=VERTEX_POINT('',#4616);
#1291=VERTEX_POINT('',#4621);
#1292=VERTEX_POINT('',#4623);
#1293=VERTEX_POINT('',#4627);
#1294=VERTEX_POINT('',#4629);
#1295=VERTEX_POINT('',#4634);
#1296=VERTEX_POINT('',#4636);
#1297=VERTEX_POINT('',#4641);
#1298=VERTEX_POINT('',#4643);
#1299=VERTEX_POINT('',#4647);
#1300=VERTEX_POINT('',#4649);
#1301=VERTEX_POINT('',#4654);
#1302=VERTEX_POINT('',#4656);
#1303=VERTEX_POINT('',#4667);
#1304=VERTEX_POINT('',#4669);
#1305=VERTEX_POINT('',#4671);
#1306=VERTEX_POINT('',#4673);
#1307=VERTEX_POINT('',#4677);
#1308=VERTEX_POINT('',#4679);
#1309=VERTEX_POINT('',#4681);
#1310=VERTEX_POINT('',#4683);
#1311=VERTEX_POINT('',#4687);
#1312=VERTEX_POINT('',#4688);
#1313=VERTEX_POINT('',#4690);
#1314=VERTEX_POINT('',#4692);
#1315=VERTEX_POINT('',#4695);
#1316=VERTEX_POINT('',#4697);
#1317=VERTEX_POINT('',#4699);
#1318=VERTEX_POINT('',#4701);
#1319=VERTEX_POINT('',#4703);
#1320=VERTEX_POINT('',#4705);
#1321=VERTEX_POINT('',#4707);
#1322=VERTEX_POINT('',#4709);
#1323=VERTEX_POINT('',#4711);
#1324=VERTEX_POINT('',#4713);
#1325=VERTEX_POINT('',#4715);
#1326=VERTEX_POINT('',#4717);
#1327=VERTEX_POINT('',#4719);
#1328=VERTEX_POINT('',#4721);
#1329=VERTEX_POINT('',#4723);
#1330=VERTEX_POINT('',#4725);
#1331=VERTEX_POINT('',#4727);
#1332=VERTEX_POINT('',#4729);
#1333=VERTEX_POINT('',#4731);
#1334=VERTEX_POINT('',#4733);
#1335=VERTEX_POINT('',#4735);
#1336=VERTEX_POINT('',#4738);
#1337=VERTEX_POINT('',#4740);
#1338=VERTEX_POINT('',#4742);
#1339=VERTEX_POINT('',#4744);
#1340=VERTEX_POINT('',#4746);
#1341=VERTEX_POINT('',#4748);
#1342=VERTEX_POINT('',#4764);
#1343=VERTEX_POINT('',#4768);
#1344=VERTEX_POINT('',#4774);
#1345=VERTEX_POINT('',#4777);
#1346=VERTEX_POINT('',#4778);
#1347=VERTEX_POINT('',#4780);
#1348=VERTEX_POINT('',#4782);
#1349=VERTEX_POINT('',#4784);
#1350=VERTEX_POINT('',#4786);
#1351=VERTEX_POINT('',#4788);
#1352=VERTEX_POINT('',#4792);
#1353=VERTEX_POINT('',#4795);
#1354=VERTEX_POINT('',#4796);
#1355=VERTEX_POINT('',#4801);
#1356=VERTEX_POINT('',#4803);
#1357=VERTEX_POINT('',#4805);
#1358=VERTEX_POINT('',#4809);
#1359=VERTEX_POINT('',#4811);
#1360=VERTEX_POINT('',#4813);
#1361=VERTEX_POINT('',#4815);
#1362=VERTEX_POINT('',#4817);
#1363=VERTEX_POINT('',#4841);
#1364=VERTEX_POINT('',#4843);
#1365=VERTEX_POINT('',#4847);
#1366=VERTEX_POINT('',#4848);
#1367=VERTEX_POINT('',#4853);
#1368=VERTEX_POINT('',#4855);
#1369=VERTEX_POINT('',#4857);
#1370=VERTEX_POINT('',#4862);
#1371=VERTEX_POINT('',#4866);
#1372=VERTEX_POINT('',#4867);
#1373=EDGE_CURVE('',#1095,#1096,#559,.T.);
#1374=EDGE_CURVE('',#1095,#1097,#560,.T.);
#1375=EDGE_CURVE('',#1098,#1097,#561,.T.);
#1376=EDGE_CURVE('',#1098,#1096,#562,.T.);
#1377=EDGE_CURVE('',#1099,#1100,#563,.T.);
#1378=EDGE_CURVE('',#1101,#1099,#564,.T.);
#1379=EDGE_CURVE('',#1102,#1101,#565,.T.);
#1380=EDGE_CURVE('',#1102,#1100,#566,.T.);
#1381=EDGE_CURVE('',#1103,#1095,#567,.T.);
#1382=EDGE_CURVE('',#1101,#1103,#568,.T.);
#1383=EDGE_CURVE('',#1104,#1099,#569,.T.);
#1384=EDGE_CURVE('',#1105,#1104,#570,.T.);
#1385=EDGE_CURVE('',#1106,#1105,#571,.T.);
#1386=EDGE_CURVE('',#1106,#1097,#572,.T.);
#1387=EDGE_CURVE('',#1107,#1096,#573,.T.);
#1388=EDGE_CURVE('',#1103,#1107,#574,.T.);
#1389=EDGE_CURVE('',#1108,#1104,#575,.T.);
#1390=EDGE_CURVE('',#1109,#1108,#576,.T.);
#1391=EDGE_CURVE('',#1105,#1109,#577,.T.);
#1392=EDGE_CURVE('',#1110,#1106,#578,.T.);
#1393=EDGE_CURVE('',#1110,#1098,#579,.T.);
#1394=EDGE_CURVE('',#1100,#1108,#580,.T.);
#1395=EDGE_CURVE('',#1107,#1102,#581,.T.);
#1396=EDGE_CURVE('',#1109,#1110,#582,.T.);
#1397=EDGE_CURVE('',#1111,#1112,#583,.T.);
#1398=EDGE_CURVE('',#1111,#1113,#584,.T.);
#1399=EDGE_CURVE('',#1114,#1113,#585,.T.);
#1400=EDGE_CURVE('',#1114,#1112,#586,.T.);
#1401=EDGE_CURVE('',#1115,#1116,#587,.T.);
#1402=EDGE_CURVE('',#1117,#1115,#588,.T.);
#1403=EDGE_CURVE('',#1118,#1117,#589,.T.);
#1404=EDGE_CURVE('',#1118,#1116,#590,.T.);
#1405=EDGE_CURVE('',#1119,#1111,#591,.T.);
#1406=EDGE_CURVE('',#1117,#1119,#592,.T.);
#1407=EDGE_CURVE('',#1120,#1115,#593,.T.);
#1408=EDGE_CURVE('',#1121,#1120,#594,.T.);
#1409=EDGE_CURVE('',#1122,#1121,#595,.T.);
#1410=EDGE_CURVE('',#1122,#1113,#596,.T.);
#1411=EDGE_CURVE('',#1123,#1112,#597,.T.);
#1412=EDGE_CURVE('',#1119,#1123,#598,.T.);
#1413=EDGE_CURVE('',#1124,#1120,#599,.T.);
#1414=EDGE_CURVE('',#1125,#1124,#600,.T.);
#1415=EDGE_CURVE('',#1121,#1125,#601,.T.);
#1416=EDGE_CURVE('',#1126,#1122,#602,.T.);
#1417=EDGE_CURVE('',#1126,#1114,#603,.T.);
#1418=EDGE_CURVE('',#1116,#1124,#604,.T.);
#1419=EDGE_CURVE('',#1123,#1118,#605,.T.);
#1420=EDGE_CURVE('',#1125,#1126,#606,.T.);
#1421=EDGE_CURVE('',#1127,#1128,#607,.T.);
#1422=EDGE_CURVE('',#1129,#1127,#80,.T.);
#1423=EDGE_CURVE('',#1130,#1129,#608,.T.);
#1424=EDGE_CURVE('',#1130,#1128,#81,.T.);
#1425=EDGE_CURVE('',#1131,#1132,#609,.T.);
#1426=EDGE_CURVE('',#1131,#1133,#82,.T.);
#1427=EDGE_CURVE('',#1134,#1133,#610,.T.);
#1428=EDGE_CURVE('',#1132,#1134,#83,.T.);
#1429=EDGE_CURVE('',#1128,#1131,#611,.T.);
#1430=EDGE_CURVE('',#1133,#1130,#612,.T.);
#1431=EDGE_CURVE('',#1129,#1135,#613,.T.);
#1432=EDGE_CURVE('',#1135,#1136,#614,.T.);
#1433=EDGE_CURVE('',#1137,#1136,#615,.T.);
#1434=EDGE_CURVE('',#1138,#1137,#616,.T.);
#1435=EDGE_CURVE('',#1138,#1139,#617,.T.);
#1436=EDGE_CURVE('',#1140,#1139,#618,.T.);
#1437=EDGE_CURVE('',#1141,#1140,#619,.T.);
#1438=EDGE_CURVE('',#1141,#1142,#620,.T.);
#1439=EDGE_CURVE('',#1142,#1143,#621,.T.);
#1440=EDGE_CURVE('',#1143,#1144,#622,.T.);
#1441=EDGE_CURVE('',#1145,#1144,#623,.T.);
#1442=EDGE_CURVE('',#1145,#1146,#624,.T.);
#1443=EDGE_CURVE('',#1146,#1147,#625,.T.);
#1444=EDGE_CURVE('',#1147,#1148,#626,.T.);
#1445=EDGE_CURVE('',#1148,#1149,#627,.T.);
#1446=EDGE_CURVE('',#1149,#1150,#628,.T.);
#1447=EDGE_CURVE('',#1150,#1134,#629,.T.);
#1448=EDGE_CURVE('',#1151,#1127,#630,.T.);
#1449=EDGE_CURVE('',#1135,#1151,#631,.T.);
#1450=EDGE_CURVE('',#1150,#1152,#84,.T.);
#1451=EDGE_CURVE('',#1132,#1152,#632,.T.);
#1452=EDGE_CURVE('',#1153,#1147,#85,.T.);
#1453=EDGE_CURVE('',#1154,#1153,#633,.T.);
#1454=EDGE_CURVE('',#1154,#1148,#86,.T.);
#1455=EDGE_CURVE('',#1149,#1155,#87,.T.);
#1456=EDGE_CURVE('',#1152,#1155,#634,.T.);
#1457=EDGE_CURVE('',#1155,#1154,#635,.T.);
#1458=EDGE_CURVE('',#1153,#1156,#636,.T.);
#1459=EDGE_CURVE('',#1156,#1157,#637,.T.);
#1460=EDGE_CURVE('',#1158,#1157,#638,.T.);
#1461=EDGE_CURVE('',#1159,#1158,#639,.T.);
#1462=EDGE_CURVE('',#1160,#1159,#640,.T.);
#1463=EDGE_CURVE('',#1160,#1161,#641,.T.);
#1464=EDGE_CURVE('',#1162,#1161,#642,.T.);
#1465=EDGE_CURVE('',#1162,#1151,#643,.T.);
#1466=EDGE_CURVE('',#1156,#1146,#644,.T.);
#1467=EDGE_CURVE('',#1157,#1145,#645,.T.);
#1468=EDGE_CURVE('',#1136,#1162,#646,.T.);
#1469=EDGE_CURVE('',#1163,#1164,#647,.T.);
#1470=EDGE_CURVE('',#1163,#1165,#648,.T.);
#1471=EDGE_CURVE('',#1166,#1165,#649,.T.);
#1472=EDGE_CURVE('',#1167,#1166,#650,.T.);
#1473=EDGE_CURVE('',#1168,#1167,#651,.T.);
#1474=EDGE_CURVE('',#1169,#1168,#48,.T.);
#1475=EDGE_CURVE('',#1170,#1169,#49,.T.);
#1476=EDGE_CURVE('',#1171,#1170,#652,.T.);
#1477=EDGE_CURVE('',#1172,#1171,#50,.T.);
#1478=EDGE_CURVE('',#1173,#1172,#51,.T.);
#1479=EDGE_CURVE('',#1174,#1173,#653,.T.);
#1480=EDGE_CURVE('',#1164,#1174,#654,.T.);
#1481=EDGE_CURVE('',#1175,#1163,#88,.T.);
#1482=EDGE_CURVE('',#1176,#1175,#655,.T.);
#1483=EDGE_CURVE('',#1165,#1176,#89,.T.);
#1484=EDGE_CURVE('',#1177,#1175,#656,.T.);
#1485=EDGE_CURVE('',#1178,#1177,#657,.T.);
#1486=EDGE_CURVE('',#1179,#1178,#658,.T.);
#1487=EDGE_CURVE('',#1180,#1179,#52,.T.);
#1488=EDGE_CURVE('',#1181,#1180,#53,.T.);
#1489=EDGE_CURVE('',#1182,#1181,#659,.T.);
#1490=EDGE_CURVE('',#1183,#1182,#54,.T.);
#1491=EDGE_CURVE('',#1184,#1183,#55,.T.);
#1492=EDGE_CURVE('',#1185,#1184,#660,.T.);
#1493=EDGE_CURVE('',#1186,#1185,#661,.T.);
#1494=EDGE_CURVE('',#1176,#1186,#662,.T.);
#1495=EDGE_CURVE('',#1187,#1188,#90,.T.);
#1496=EDGE_CURVE('',#1189,#1187,#91,.T.);
#1497=EDGE_CURVE('',#1188,#1189,#92,.T.);
#1498=EDGE_CURVE('',#1188,#1190,#663,.T.);
#1499=EDGE_CURVE('',#1177,#1190,#93,.T.);
#1500=EDGE_CURVE('',#1166,#1164,#94,.T.);
#1501=EDGE_CURVE('',#1190,#1186,#95,.T.);
#1502=EDGE_CURVE('',#1167,#1174,#96,.T.);
#1503=EDGE_CURVE('',#1178,#1185,#97,.T.);
#1504=EDGE_CURVE('',#1168,#1173,#98,.T.);
#1505=EDGE_CURVE('',#1179,#1184,#99,.T.);
#1506=EDGE_CURVE('',#1169,#1172,#100,.T.);
#1507=EDGE_CURVE('',#1180,#1183,#101,.T.);
#1508=EDGE_CURVE('',#1170,#1171,#102,.T.);
#1509=EDGE_CURVE('',#1181,#1182,#103,.T.);
#1510=EDGE_CURVE('',#1189,#1187,#664,.T.);
#1511=EDGE_CURVE('',#1191,#1192,#665,.T.);
#1512=EDGE_CURVE('',#1191,#1193,#666,.T.);
#1513=EDGE_CURVE('',#1194,#1193,#667,.T.);
#1514=EDGE_CURVE('',#1195,#1194,#668,.T.);
#1515=EDGE_CURVE('',#1196,#1195,#669,.T.);
#1516=EDGE_CURVE('',#1197,#1196,#56,.T.);
#1517=EDGE_CURVE('',#1198,#1197,#57,.T.);
#1518=EDGE_CURVE('',#1199,#1198,#670,.T.);
#1519=EDGE_CURVE('',#1200,#1199,#58,.T.);
#1520=EDGE_CURVE('',#1201,#1200,#59,.T.);
#1521=EDGE_CURVE('',#1202,#1201,#671,.T.);
#1522=EDGE_CURVE('',#1192,#1202,#672,.T.);
#1523=EDGE_CURVE('',#1203,#1191,#104,.T.);
#1524=EDGE_CURVE('',#1204,#1203,#673,.T.);
#1525=EDGE_CURVE('',#1193,#1204,#105,.T.);
#1526=EDGE_CURVE('',#1205,#1203,#674,.T.);
#1527=EDGE_CURVE('',#1206,#1205,#675,.T.);
#1528=EDGE_CURVE('',#1207,#1206,#676,.T.);
#1529=EDGE_CURVE('',#1208,#1207,#60,.T.);
#1530=EDGE_CURVE('',#1209,#1208,#61,.T.);
#1531=EDGE_CURVE('',#1210,#1209,#677,.T.);
#1532=EDGE_CURVE('',#1211,#1210,#62,.T.);
#1533=EDGE_CURVE('',#1212,#1211,#63,.T.);
#1534=EDGE_CURVE('',#1213,#1212,#678,.T.);
#1535=EDGE_CURVE('',#1214,#1213,#679,.T.);
#1536=EDGE_CURVE('',#1204,#1214,#680,.T.);
#1537=EDGE_CURVE('',#1215,#1215,#106,.T.);
#1538=EDGE_CURVE('',#1215,#1216,#681,.T.);
#1539=EDGE_CURVE('',#1205,#1216,#107,.T.);
#1540=EDGE_CURVE('',#1194,#1192,#108,.T.);
#1541=EDGE_CURVE('',#1216,#1214,#109,.T.);
#1542=EDGE_CURVE('',#1195,#1202,#110,.T.);
#1543=EDGE_CURVE('',#1206,#1213,#111,.T.);
#1544=EDGE_CURVE('',#1196,#1201,#112,.T.);
#1545=EDGE_CURVE('',#1207,#1212,#113,.T.);
#1546=EDGE_CURVE('',#1197,#1200,#114,.T.);
#1547=EDGE_CURVE('',#1208,#1211,#115,.T.);
#1548=EDGE_CURVE('',#1198,#1199,#116,.T.);
#1549=EDGE_CURVE('',#1209,#1210,#117,.T.);
#1550=EDGE_CURVE('',#1217,#1218,#682,.T.);
#1551=EDGE_CURVE('',#1217,#1219,#683,.T.);
#1552=EDGE_CURVE('',#1220,#1219,#684,.T.);
#1553=EDGE_CURVE('',#1221,#1220,#685,.T.);
#1554=EDGE_CURVE('',#1222,#1221,#686,.T.);
#1555=EDGE_CURVE('',#1223,#1222,#64,.T.);
#1556=EDGE_CURVE('',#1224,#1223,#65,.T.);
#1557=EDGE_CURVE('',#1225,#1224,#687,.T.);
#1558=EDGE_CURVE('',#1226,#1225,#66,.T.);
#1559=EDGE_CURVE('',#1227,#1226,#67,.T.);
#1560=EDGE_CURVE('',#1228,#1227,#688,.T.);
#1561=EDGE_CURVE('',#1218,#1228,#689,.T.);
#1562=EDGE_CURVE('',#1229,#1217,#118,.T.);
#1563=EDGE_CURVE('',#1230,#1229,#690,.T.);
#1564=EDGE_CURVE('',#1219,#1230,#119,.T.);
#1565=EDGE_CURVE('',#1231,#1229,#691,.T.);
#1566=EDGE_CURVE('',#1232,#1231,#692,.T.);
#1567=EDGE_CURVE('',#1233,#1232,#693,.T.);
#1568=EDGE_CURVE('',#1234,#1233,#68,.T.);
#1569=EDGE_CURVE('',#1235,#1234,#69,.T.);
#1570=EDGE_CURVE('',#1236,#1235,#694,.T.);
#1571=EDGE_CURVE('',#1237,#1236,#70,.T.);
#1572=EDGE_CURVE('',#1238,#1237,#71,.T.);
#1573=EDGE_CURVE('',#1239,#1238,#695,.T.);
#1574=EDGE_CURVE('',#1240,#1239,#696,.T.);
#1575=EDGE_CURVE('',#1230,#1240,#697,.T.);
#1576=EDGE_CURVE('',#1241,#1242,#120,.T.);
#1577=EDGE_CURVE('',#1243,#1241,#121,.T.);
#1578=EDGE_CURVE('',#1242,#1243,#122,.T.);
#1579=EDGE_CURVE('',#1242,#1244,#698,.T.);
#1580=EDGE_CURVE('',#1231,#1244,#123,.T.);
#1581=EDGE_CURVE('',#1220,#1218,#124,.T.);
#1582=EDGE_CURVE('',#1244,#1240,#125,.T.);
#1583=EDGE_CURVE('',#1221,#1228,#126,.T.);
#1584=EDGE_CURVE('',#1232,#1239,#127,.T.);
#1585=EDGE_CURVE('',#1222,#1227,#128,.T.);
#1586=EDGE_CURVE('',#1233,#1238,#129,.T.);
#1587=EDGE_CURVE('',#1223,#1226,#130,.T.);
#1588=EDGE_CURVE('',#1234,#1237,#131,.T.);
#1589=EDGE_CURVE('',#1224,#1225,#132,.T.);
#1590=EDGE_CURVE('',#1235,#1236,#133,.T.);
#1591=EDGE_CURVE('',#1243,#1241,#699,.T.);
#1592=EDGE_CURVE('',#1245,#1246,#700,.T.);
#1593=EDGE_CURVE('',#1245,#1247,#701,.T.);
#1594=EDGE_CURVE('',#1248,#1247,#702,.T.);
#1595=EDGE_CURVE('',#1249,#1248,#703,.T.);
#1596=EDGE_CURVE('',#1250,#1249,#704,.T.);
#1597=EDGE_CURVE('',#1251,#1250,#72,.T.);
#1598=EDGE_CURVE('',#1252,#1251,#73,.T.);
#1599=EDGE_CURVE('',#1253,#1252,#705,.T.);
#1600=EDGE_CURVE('',#1254,#1253,#74,.T.);
#1601=EDGE_CURVE('',#1255,#1254,#75,.T.);
#1602=EDGE_CURVE('',#1256,#1255,#706,.T.);
#1603=EDGE_CURVE('',#1246,#1256,#707,.T.);
#1604=EDGE_CURVE('',#1257,#1245,#134,.T.);
#1605=EDGE_CURVE('',#1258,#1257,#708,.T.);
#1606=EDGE_CURVE('',#1247,#1258,#135,.T.);
#1607=EDGE_CURVE('',#1259,#1257,#709,.T.);
#1608=EDGE_CURVE('',#1260,#1259,#710,.T.);
#1609=EDGE_CURVE('',#1261,#1260,#711,.T.);
#1610=EDGE_CURVE('',#1262,#1261,#76,.T.);
#1611=EDGE_CURVE('',#1263,#1262,#77,.T.);
#1612=EDGE_CURVE('',#1264,#1263,#712,.T.);
#1613=EDGE_CURVE('',#1265,#1264,#78,.T.);
#1614=EDGE_CURVE('',#1266,#1265,#79,.T.);
#1615=EDGE_CURVE('',#1267,#1266,#713,.T.);
#1616=EDGE_CURVE('',#1268,#1267,#714,.T.);
#1617=EDGE_CURVE('',#1258,#1268,#715,.T.);
#1618=EDGE_CURVE('',#1269,#1269,#136,.T.);
#1619=EDGE_CURVE('',#1269,#1270,#716,.T.);
#1620=EDGE_CURVE('',#1259,#1270,#137,.T.);
#1621=EDGE_CURVE('',#1248,#1246,#138,.T.);
#1622=EDGE_CURVE('',#1270,#1268,#139,.T.);
#1623=EDGE_CURVE('',#1249,#1256,#140,.T.);
#1624=EDGE_CURVE('',#1260,#1267,#141,.T.);
#1625=EDGE_CURVE('',#1250,#1255,#142,.T.);
#1626=EDGE_CURVE('',#1261,#1266,#143,.T.);
#1627=EDGE_CURVE('',#1251,#1254,#144,.T.);
#1628=EDGE_CURVE('',#1262,#1265,#145,.T.);
#1629=EDGE_CURVE('',#1252,#1253,#146,.T.);
#1630=EDGE_CURVE('',#1263,#1264,#147,.T.);
#1631=EDGE_CURVE('',#1271,#1189,#717,.T.);
#1632=EDGE_CURVE('',#1272,#1271,#148,.T.);
#1633=EDGE_CURVE('',#1187,#1272,#718,.T.);
#1634=EDGE_CURVE('',#1273,#1271,#719,.T.);
#1635=EDGE_CURVE('',#1274,#1273,#149,.T.);
#1636=EDGE_CURVE('',#1272,#1274,#720,.T.);
#1637=EDGE_CURVE('',#1275,#1274,#721,.T.);
#1638=EDGE_CURVE('',#1276,#1275,#722,.T.);
#1639=EDGE_CURVE('',#1277,#1276,#723,.T.);
#1640=EDGE_CURVE('',#1277,#1278,#724,.T.);
#1641=EDGE_CURVE('',#1273,#1278,#725,.T.);
#1642=EDGE_CURVE('',#1279,#1279,#150,.T.);
#1643=EDGE_CURVE('',#1279,#1280,#726,.T.);
#1644=EDGE_CURVE('',#1280,#1280,#151,.T.);
#1645=EDGE_CURVE('',#1281,#1243,#727,.T.);
#1646=EDGE_CURVE('',#1282,#1281,#152,.T.);
#1647=EDGE_CURVE('',#1241,#1282,#728,.T.);
#1648=EDGE_CURVE('',#1283,#1281,#729,.T.);
#1649=EDGE_CURVE('',#1284,#1283,#153,.T.);
#1650=EDGE_CURVE('',#1282,#1284,#730,.T.);
#1651=EDGE_CURVE('',#1285,#1284,#731,.T.);
#1652=EDGE_CURVE('',#1285,#1286,#732,.T.);
#1653=EDGE_CURVE('',#1287,#1286,#733,.T.);
#1654=EDGE_CURVE('',#1287,#1288,#734,.T.);
#1655=EDGE_CURVE('',#1283,#1288,#735,.T.);
#1656=EDGE_CURVE('',#1289,#1289,#154,.T.);
#1657=EDGE_CURVE('',#1289,#1290,#736,.T.);
#1658=EDGE_CURVE('',#1290,#1290,#155,.T.);
#1659=EDGE_CURVE('',#1291,#1291,#156,.T.);
#1660=EDGE_CURVE('',#1291,#1292,#737,.T.);
#1661=EDGE_CURVE('',#1292,#1292,#157,.T.);
#1662=EDGE_CURVE('',#1293,#1293,#158,.T.);
#1663=EDGE_CURVE('',#1293,#1294,#738,.T.);
#1664=EDGE_CURVE('',#1294,#1294,#159,.T.);
#1665=EDGE_CURVE('',#1295,#1295,#160,.T.);
#1666=EDGE_CURVE('',#1295,#1296,#739,.T.);
#1667=EDGE_CURVE('',#1296,#1296,#161,.T.);
#1668=EDGE_CURVE('',#1297,#1297,#162,.T.);
#1669=EDGE_CURVE('',#1297,#1298,#740,.T.);
#1670=EDGE_CURVE('',#1298,#1298,#163,.T.);
#1671=EDGE_CURVE('',#1299,#1299,#164,.T.);
#1672=EDGE_CURVE('',#1299,#1300,#741,.T.);
#1673=EDGE_CURVE('',#1300,#1300,#165,.T.);
#1674=EDGE_CURVE('',#1301,#1301,#166,.T.);
#1675=EDGE_CURVE('',#1301,#1302,#742,.T.);
#1676=EDGE_CURVE('',#1302,#1302,#167,.T.);
#1677=EDGE_CURVE('',#1142,#1285,#743,.T.);
#1678=EDGE_CURVE('',#1286,#1141,#744,.T.);
#1679=EDGE_CURVE('',#1278,#1139,#745,.T.);
#1680=EDGE_CURVE('',#1140,#1277,#746,.T.);
#1681=EDGE_CURVE('',#1303,#1138,#747,.T.);
#1682=EDGE_CURVE('',#1304,#1303,#748,.T.);
#1683=EDGE_CURVE('',#1304,#1305,#749,.T.);
#1684=EDGE_CURVE('',#1305,#1306,#750,.T.);
#1685=EDGE_CURVE('',#1306,#1275,#751,.T.);
#1686=EDGE_CURVE('',#1288,#1307,#752,.T.);
#1687=EDGE_CURVE('',#1307,#1308,#753,.T.);
#1688=EDGE_CURVE('',#1308,#1309,#754,.T.);
#1689=EDGE_CURVE('',#1310,#1309,#755,.T.);
#1690=EDGE_CURVE('',#1143,#1310,#756,.T.);
#1691=EDGE_CURVE('',#1311,#1312,#757,.T.);
#1692=EDGE_CURVE('',#1312,#1313,#168,.T.);
#1693=EDGE_CURVE('',#1313,#1314,#758,.T.);
#1694=EDGE_CURVE('',#1314,#1160,#169,.T.);
#1695=EDGE_CURVE('',#1159,#1315,#170,.T.);
#1696=EDGE_CURVE('',#1315,#1316,#759,.T.);
#1697=EDGE_CURVE('',#1316,#1317,#171,.T.);
#1698=EDGE_CURVE('',#1317,#1318,#760,.T.);
#1699=EDGE_CURVE('',#1318,#1319,#172,.T.);
#1700=EDGE_CURVE('',#1319,#1320,#173,.T.);
#1701=EDGE_CURVE('',#1320,#1321,#761,.T.);
#1702=EDGE_CURVE('',#1321,#1322,#174,.T.);
#1703=EDGE_CURVE('',#1322,#1323,#762,.T.);
#1704=EDGE_CURVE('',#1323,#1324,#175,.T.);
#1705=EDGE_CURVE('',#1324,#1325,#176,.T.);
#1706=EDGE_CURVE('',#1325,#1326,#763,.T.);
#1707=EDGE_CURVE('',#1326,#1327,#177,.T.);
#1708=EDGE_CURVE('',#1327,#1328,#764,.T.);
#1709=EDGE_CURVE('',#1328,#1329,#178,.T.);
#1710=EDGE_CURVE('',#1329,#1330,#765,.T.);
#1711=EDGE_CURVE('',#1330,#1331,#179,.T.);
#1712=EDGE_CURVE('',#1331,#1332,#180,.T.);
#1713=EDGE_CURVE('',#1332,#1333,#766,.T.);
#1714=EDGE_CURVE('',#1333,#1334,#181,.T.);
#1715=EDGE_CURVE('',#1334,#1335,#767,.T.);
#1716=EDGE_CURVE('',#1335,#1311,#182,.T.);
#1717=EDGE_CURVE('',#1276,#1336,#768,.T.);
#1718=EDGE_CURVE('',#1336,#1337,#769,.T.);
#1719=EDGE_CURVE('',#1337,#1338,#770,.T.);
#1720=EDGE_CURVE('',#1338,#1339,#771,.T.);
#1721=EDGE_CURVE('',#1339,#1340,#772,.T.);
#1722=EDGE_CURVE('',#1340,#1341,#773,.T.);
#1723=EDGE_CURVE('',#1341,#1287,#774,.T.);
#1724=EDGE_CURVE('',#1338,#1304,#775,.T.);
#1725=EDGE_CURVE('',#1305,#1337,#776,.T.);
#1726=EDGE_CURVE('',#1340,#1308,#777,.T.);
#1727=EDGE_CURVE('',#1339,#1309,#778,.T.);
#1728=EDGE_CURVE('',#1341,#1307,#779,.T.);
#1729=EDGE_CURVE('',#1336,#1306,#780,.T.);
#1730=EDGE_CURVE('',#1144,#1342,#781,.T.);
#1731=EDGE_CURVE('',#1310,#1342,#782,.T.);
#1732=EDGE_CURVE('',#1303,#1343,#783,.T.);
#1733=EDGE_CURVE('',#1342,#1343,#784,.T.);
#1734=EDGE_CURVE('',#1343,#1137,#785,.T.);
#1735=EDGE_CURVE('',#1344,#1344,#183,.T.);
#1736=EDGE_CURVE('',#1345,#1346,#184,.T.);
#1737=EDGE_CURVE('',#1346,#1347,#185,.T.);
#1738=EDGE_CURVE('',#1347,#1348,#786,.T.);
#1739=EDGE_CURVE('',#1348,#1349,#186,.T.);
#1740=EDGE_CURVE('',#1350,#1349,#787,.T.);
#1741=EDGE_CURVE('',#1350,#1351,#187,.T.);
#1742=EDGE_CURVE('',#1351,#1345,#788,.T.);
#1743=EDGE_CURVE('',#1352,#1352,#188,.T.);
#1744=EDGE_CURVE('',#1353,#1354,#189,.T.);
#1745=EDGE_CURVE('',#1331,#1353,#789,.T.);
#1746=EDGE_CURVE('',#1330,#1354,#790,.T.);
#1747=EDGE_CURVE('',#1353,#1355,#791,.T.);
#1748=EDGE_CURVE('',#1355,#1356,#792,.T.);
#1749=EDGE_CURVE('',#1357,#1356,#793,.T.);
#1750=EDGE_CURVE('',#1353,#1357,#794,.T.);
#1751=EDGE_CURVE('',#1354,#1358,#795,.T.);
#1752=EDGE_CURVE('',#1358,#1359,#190,.T.);
#1753=EDGE_CURVE('',#1359,#1360,#796,.T.);
#1754=EDGE_CURVE('',#1360,#1361,#191,.T.);
#1755=EDGE_CURVE('',#1361,#1362,#797,.T.);
#1756=EDGE_CURVE('',#1362,#1355,#192,.T.);
#1757=EDGE_CURVE('',#1329,#1358,#798,.T.);
#1758=EDGE_CURVE('',#1325,#1362,#799,.T.);
#1759=EDGE_CURVE('',#1324,#1355,#800,.T.);
#1760=EDGE_CURVE('',#1326,#1361,#801,.T.);
#1761=EDGE_CURVE('',#1328,#1359,#802,.T.);
#1762=EDGE_CURVE('',#1327,#1360,#803,.T.);
#1763=EDGE_CURVE('',#1313,#1350,#804,.T.);
#1764=EDGE_CURVE('',#1312,#1351,#805,.T.);
#1765=EDGE_CURVE('',#1311,#1345,#806,.T.);
#1766=EDGE_CURVE('',#1334,#1348,#807,.T.);
#1767=EDGE_CURVE('',#1333,#1349,#808,.T.);
#1768=EDGE_CURVE('',#1332,#1363,#809,.T.);
#1769=EDGE_CURVE('',#1364,#1363,#810,.T.);
#1770=EDGE_CURVE('',#1314,#1364,#811,.T.);
#1771=EDGE_CURVE('',#1365,#1366,#193,.T.);
#1772=EDGE_CURVE('',#1317,#1365,#812,.T.);
#1773=EDGE_CURVE('',#1316,#1366,#813,.T.);
#1774=EDGE_CURVE('',#1367,#1366,#814,.T.);
#1775=EDGE_CURVE('',#1315,#1368,#815,.T.);
#1776=EDGE_CURVE('',#1369,#1368,#816,.T.);
#1777=EDGE_CURVE('',#1323,#1369,#817,.T.);
#1778=EDGE_CURVE('',#1322,#1367,#818,.T.);
#1779=EDGE_CURVE('',#1367,#1370,#194,.T.);
#1780=EDGE_CURVE('',#1321,#1370,#819,.T.);
#1781=EDGE_CURVE('',#1371,#1372,#195,.T.);
#1782=EDGE_CURVE('',#1372,#1365,#820,.T.);
#1783=EDGE_CURVE('',#1370,#1371,#821,.T.);
#1784=EDGE_CURVE('',#1320,#1371,#822,.T.);
#1785=EDGE_CURVE('',#1335,#1347,#823,.T.);
#1786=EDGE_CURVE('',#1346,#1344,#824,.T.);
#1787=EDGE_CURVE('',#1318,#1372,#825,.T.);
#1788=EDGE_CURVE('',#1319,#1352,#826,.T.);
#1789=EDGE_CURVE('',#1161,#1364,#196,.T.);
#1790=EDGE_CURVE('',#1363,#1357,#197,.T.);
#1791=EDGE_CURVE('',#1368,#1158,#198,.T.);
#1792=EDGE_CURVE('',#1356,#1369,#199,.T.);
#1793=ORIENTED_EDGE('',*,*,#1373,.F.);
#1794=ORIENTED_EDGE('',*,*,#1374,.T.);
#1795=ORIENTED_EDGE('',*,*,#1375,.F.);
#1796=ORIENTED_EDGE('',*,*,#1376,.T.);
#1797=ORIENTED_EDGE('',*,*,#1377,.F.);
#1798=ORIENTED_EDGE('',*,*,#1378,.F.);
#1799=ORIENTED_EDGE('',*,*,#1379,.F.);
#1800=ORIENTED_EDGE('',*,*,#1380,.T.);
#1801=ORIENTED_EDGE('',*,*,#1381,.F.);
#1802=ORIENTED_EDGE('',*,*,#1382,.F.);
#1803=ORIENTED_EDGE('',*,*,#1378,.T.);
#1804=ORIENTED_EDGE('',*,*,#1383,.F.);
#1805=ORIENTED_EDGE('',*,*,#1384,.F.);
#1806=ORIENTED_EDGE('',*,*,#1385,.F.);
#1807=ORIENTED_EDGE('',*,*,#1386,.T.);
#1808=ORIENTED_EDGE('',*,*,#1374,.F.);
#1809=ORIENTED_EDGE('',*,*,#1373,.T.);
#1810=ORIENTED_EDGE('',*,*,#1387,.F.);
#1811=ORIENTED_EDGE('',*,*,#1388,.F.);
#1812=ORIENTED_EDGE('',*,*,#1381,.T.);
#1813=ORIENTED_EDGE('',*,*,#1389,.F.);
#1814=ORIENTED_EDGE('',*,*,#1390,.F.);
#1815=ORIENTED_EDGE('',*,*,#1391,.F.);
#1816=ORIENTED_EDGE('',*,*,#1384,.T.);
#1817=ORIENTED_EDGE('',*,*,#1375,.T.);
#1818=ORIENTED_EDGE('',*,*,#1386,.F.);
#1819=ORIENTED_EDGE('',*,*,#1392,.F.);
#1820=ORIENTED_EDGE('',*,*,#1393,.T.);
#1821=ORIENTED_EDGE('',*,*,#1377,.T.);
#1822=ORIENTED_EDGE('',*,*,#1394,.T.);
#1823=ORIENTED_EDGE('',*,*,#1389,.T.);
#1824=ORIENTED_EDGE('',*,*,#1383,.T.);
#1825=ORIENTED_EDGE('',*,*,#1394,.F.);
#1826=ORIENTED_EDGE('',*,*,#1380,.F.);
#1827=ORIENTED_EDGE('',*,*,#1395,.F.);
#1828=ORIENTED_EDGE('',*,*,#1387,.T.);
#1829=ORIENTED_EDGE('',*,*,#1376,.F.);
#1830=ORIENTED_EDGE('',*,*,#1393,.F.);
#1831=ORIENTED_EDGE('',*,*,#1396,.F.);
#1832=ORIENTED_EDGE('',*,*,#1390,.T.);
#1833=ORIENTED_EDGE('',*,*,#1397,.F.);
#1834=ORIENTED_EDGE('',*,*,#1398,.T.);
#1835=ORIENTED_EDGE('',*,*,#1399,.F.);
#1836=ORIENTED_EDGE('',*,*,#1400,.T.);
#1837=ORIENTED_EDGE('',*,*,#1401,.F.);
#1838=ORIENTED_EDGE('',*,*,#1402,.F.);
#1839=ORIENTED_EDGE('',*,*,#1403,.F.);
#1840=ORIENTED_EDGE('',*,*,#1404,.T.);
#1841=ORIENTED_EDGE('',*,*,#1405,.F.);
#1842=ORIENTED_EDGE('',*,*,#1406,.F.);
#1843=ORIENTED_EDGE('',*,*,#1402,.T.);
#1844=ORIENTED_EDGE('',*,*,#1407,.F.);
#1845=ORIENTED_EDGE('',*,*,#1408,.F.);
#1846=ORIENTED_EDGE('',*,*,#1409,.F.);
#1847=ORIENTED_EDGE('',*,*,#1410,.T.);
#1848=ORIENTED_EDGE('',*,*,#1398,.F.);
#1849=ORIENTED_EDGE('',*,*,#1397,.T.);
#1850=ORIENTED_EDGE('',*,*,#1411,.F.);
#1851=ORIENTED_EDGE('',*,*,#1412,.F.);
#1852=ORIENTED_EDGE('',*,*,#1405,.T.);
#1853=ORIENTED_EDGE('',*,*,#1413,.F.);
#1854=ORIENTED_EDGE('',*,*,#1414,.F.);
#1855=ORIENTED_EDGE('',*,*,#1415,.F.);
#1856=ORIENTED_EDGE('',*,*,#1408,.T.);
#1857=ORIENTED_EDGE('',*,*,#1399,.T.);
#1858=ORIENTED_EDGE('',*,*,#1410,.F.);
#1859=ORIENTED_EDGE('',*,*,#1416,.F.);
#1860=ORIENTED_EDGE('',*,*,#1417,.T.);
#1861=ORIENTED_EDGE('',*,*,#1401,.T.);
#1862=ORIENTED_EDGE('',*,*,#1418,.T.);
#1863=ORIENTED_EDGE('',*,*,#1413,.T.);
#1864=ORIENTED_EDGE('',*,*,#1407,.T.);
#1865=ORIENTED_EDGE('',*,*,#1418,.F.);
#1866=ORIENTED_EDGE('',*,*,#1404,.F.);
#1867=ORIENTED_EDGE('',*,*,#1419,.F.);
#1868=ORIENTED_EDGE('',*,*,#1411,.T.);
#1869=ORIENTED_EDGE('',*,*,#1400,.F.);
#1870=ORIENTED_EDGE('',*,*,#1417,.F.);
#1871=ORIENTED_EDGE('',*,*,#1420,.F.);
#1872=ORIENTED_EDGE('',*,*,#1414,.T.);
#1873=ORIENTED_EDGE('',*,*,#1421,.F.);
#1874=ORIENTED_EDGE('',*,*,#1422,.F.);
#1875=ORIENTED_EDGE('',*,*,#1423,.F.);
#1876=ORIENTED_EDGE('',*,*,#1424,.T.);
#1877=ORIENTED_EDGE('',*,*,#1425,.F.);
#1878=ORIENTED_EDGE('',*,*,#1426,.T.);
#1879=ORIENTED_EDGE('',*,*,#1427,.F.);
#1880=ORIENTED_EDGE('',*,*,#1428,.F.);
#1881=ORIENTED_EDGE('',*,*,#1429,.F.);
#1882=ORIENTED_EDGE('',*,*,#1424,.F.);
#1883=ORIENTED_EDGE('',*,*,#1430,.F.);
#1884=ORIENTED_EDGE('',*,*,#1426,.F.);
#1885=ORIENTED_EDGE('',*,*,#1427,.T.);
#1886=ORIENTED_EDGE('',*,*,#1430,.T.);
#1887=ORIENTED_EDGE('',*,*,#1423,.T.);
#1888=ORIENTED_EDGE('',*,*,#1431,.T.);
#1889=ORIENTED_EDGE('',*,*,#1432,.T.);
#1890=ORIENTED_EDGE('',*,*,#1433,.F.);
#1891=ORIENTED_EDGE('',*,*,#1434,.F.);
#1892=ORIENTED_EDGE('',*,*,#1435,.T.);
#1893=ORIENTED_EDGE('',*,*,#1436,.F.);
#1894=ORIENTED_EDGE('',*,*,#1437,.F.);
#1895=ORIENTED_EDGE('',*,*,#1438,.T.);
#1896=ORIENTED_EDGE('',*,*,#1439,.T.);
#1897=ORIENTED_EDGE('',*,*,#1440,.T.);
#1898=ORIENTED_EDGE('',*,*,#1441,.F.);
#1899=ORIENTED_EDGE('',*,*,#1442,.T.);
#1900=ORIENTED_EDGE('',*,*,#1443,.T.);
#1901=ORIENTED_EDGE('',*,*,#1444,.T.);
#1902=ORIENTED_EDGE('',*,*,#1445,.T.);
#1903=ORIENTED_EDGE('',*,*,#1446,.T.);
#1904=ORIENTED_EDGE('',*,*,#1447,.T.);
#1905=ORIENTED_EDGE('',*,*,#1422,.T.);
#1906=ORIENTED_EDGE('',*,*,#1448,.F.);
#1907=ORIENTED_EDGE('',*,*,#1449,.F.);
#1908=ORIENTED_EDGE('',*,*,#1431,.F.);
#1909=ORIENTED_EDGE('',*,*,#1428,.T.);
#1910=ORIENTED_EDGE('',*,*,#1447,.F.);
#1911=ORIENTED_EDGE('',*,*,#1450,.T.);
#1912=ORIENTED_EDGE('',*,*,#1451,.F.);
#1913=ORIENTED_EDGE('',*,*,#1444,.F.);
#1914=ORIENTED_EDGE('',*,*,#1452,.F.);
#1915=ORIENTED_EDGE('',*,*,#1453,.F.);
#1916=ORIENTED_EDGE('',*,*,#1454,.T.);
#1917=ORIENTED_EDGE('',*,*,#1446,.F.);
#1918=ORIENTED_EDGE('',*,*,#1455,.T.);
#1919=ORIENTED_EDGE('',*,*,#1456,.F.);
#1920=ORIENTED_EDGE('',*,*,#1450,.F.);
#1921=ORIENTED_EDGE('',*,*,#1445,.F.);
#1922=ORIENTED_EDGE('',*,*,#1454,.F.);
#1923=ORIENTED_EDGE('',*,*,#1457,.F.);
#1924=ORIENTED_EDGE('',*,*,#1455,.F.);
#1925=ORIENTED_EDGE('',*,*,#1425,.T.);
#1926=ORIENTED_EDGE('',*,*,#1451,.T.);
#1927=ORIENTED_EDGE('',*,*,#1456,.T.);
#1928=ORIENTED_EDGE('',*,*,#1457,.T.);
#1929=ORIENTED_EDGE('',*,*,#1453,.T.);
#1930=ORIENTED_EDGE('',*,*,#1458,.T.);
#1931=ORIENTED_EDGE('',*,*,#1459,.T.);
#1932=ORIENTED_EDGE('',*,*,#1460,.F.);
#1933=ORIENTED_EDGE('',*,*,#1461,.F.);
#1934=ORIENTED_EDGE('',*,*,#1462,.F.);
#1935=ORIENTED_EDGE('',*,*,#1463,.T.);
#1936=ORIENTED_EDGE('',*,*,#1464,.F.);
#1937=ORIENTED_EDGE('',*,*,#1465,.T.);
#1938=ORIENTED_EDGE('',*,*,#1448,.T.);
#1939=ORIENTED_EDGE('',*,*,#1421,.T.);
#1940=ORIENTED_EDGE('',*,*,#1429,.T.);
#1941=ORIENTED_EDGE('',*,*,#1452,.T.);
#1942=ORIENTED_EDGE('',*,*,#1443,.F.);
#1943=ORIENTED_EDGE('',*,*,#1466,.F.);
#1944=ORIENTED_EDGE('',*,*,#1458,.F.);
#1945=ORIENTED_EDGE('',*,*,#1467,.F.);
#1946=ORIENTED_EDGE('',*,*,#1459,.F.);
#1947=ORIENTED_EDGE('',*,*,#1466,.T.);
#1948=ORIENTED_EDGE('',*,*,#1442,.F.);
#1949=ORIENTED_EDGE('',*,*,#1468,.F.);
#1950=ORIENTED_EDGE('',*,*,#1432,.F.);
#1951=ORIENTED_EDGE('',*,*,#1449,.T.);
#1952=ORIENTED_EDGE('',*,*,#1465,.F.);
#1953=ORIENTED_EDGE('',*,*,#1469,.F.);
#1954=ORIENTED_EDGE('',*,*,#1470,.T.);
#1955=ORIENTED_EDGE('',*,*,#1471,.F.);
#1956=ORIENTED_EDGE('',*,*,#1472,.F.);
#1957=ORIENTED_EDGE('',*,*,#1473,.F.);
#1958=ORIENTED_EDGE('',*,*,#1474,.F.);
#1959=ORIENTED_EDGE('',*,*,#1475,.F.);
#1960=ORIENTED_EDGE('',*,*,#1476,.F.);
#1961=ORIENTED_EDGE('',*,*,#1477,.F.);
#1962=ORIENTED_EDGE('',*,*,#1478,.F.);
#1963=ORIENTED_EDGE('',*,*,#1479,.F.);
#1964=ORIENTED_EDGE('',*,*,#1480,.F.);
#1965=ORIENTED_EDGE('',*,*,#1481,.F.);
#1966=ORIENTED_EDGE('',*,*,#1482,.F.);
#1967=ORIENTED_EDGE('',*,*,#1483,.F.);
#1968=ORIENTED_EDGE('',*,*,#1470,.F.);
#1969=ORIENTED_EDGE('',*,*,#1484,.F.);
#1970=ORIENTED_EDGE('',*,*,#1485,.F.);
#1971=ORIENTED_EDGE('',*,*,#1486,.F.);
#1972=ORIENTED_EDGE('',*,*,#1487,.F.);
#1973=ORIENTED_EDGE('',*,*,#1488,.F.);
#1974=ORIENTED_EDGE('',*,*,#1489,.F.);
#1975=ORIENTED_EDGE('',*,*,#1490,.F.);
#1976=ORIENTED_EDGE('',*,*,#1491,.F.);
#1977=ORIENTED_EDGE('',*,*,#1492,.F.);
#1978=ORIENTED_EDGE('',*,*,#1493,.F.);
#1979=ORIENTED_EDGE('',*,*,#1494,.F.);
#1980=ORIENTED_EDGE('',*,*,#1482,.T.);
#1981=ORIENTED_EDGE('',*,*,#1495,.F.);
#1982=ORIENTED_EDGE('',*,*,#1496,.F.);
#1983=ORIENTED_EDGE('',*,*,#1497,.F.);
#1984=ORIENTED_EDGE('',*,*,#1498,.T.);
#1985=ORIENTED_EDGE('',*,*,#1499,.F.);
#1986=ORIENTED_EDGE('',*,*,#1484,.T.);
#1987=ORIENTED_EDGE('',*,*,#1481,.T.);
#1988=ORIENTED_EDGE('',*,*,#1469,.T.);
#1989=ORIENTED_EDGE('',*,*,#1500,.F.);
#1990=ORIENTED_EDGE('',*,*,#1471,.T.);
#1991=ORIENTED_EDGE('',*,*,#1483,.T.);
#1992=ORIENTED_EDGE('',*,*,#1494,.T.);
#1993=ORIENTED_EDGE('',*,*,#1501,.F.);
#1994=ORIENTED_EDGE('',*,*,#1498,.F.);
#1995=ORIENTED_EDGE('',*,*,#1480,.T.);
#1996=ORIENTED_EDGE('',*,*,#1502,.F.);
#1997=ORIENTED_EDGE('',*,*,#1472,.T.);
#1998=ORIENTED_EDGE('',*,*,#1500,.T.);
#1999=ORIENTED_EDGE('',*,*,#1485,.T.);
#2000=ORIENTED_EDGE('',*,*,#1499,.T.);
#2001=ORIENTED_EDGE('',*,*,#1501,.T.);
#2002=ORIENTED_EDGE('',*,*,#1493,.T.);
#2003=ORIENTED_EDGE('',*,*,#1503,.F.);
#2004=ORIENTED_EDGE('',*,*,#1479,.T.);
#2005=ORIENTED_EDGE('',*,*,#1504,.F.);
#2006=ORIENTED_EDGE('',*,*,#1473,.T.);
#2007=ORIENTED_EDGE('',*,*,#1502,.T.);
#2008=ORIENTED_EDGE('',*,*,#1486,.T.);
#2009=ORIENTED_EDGE('',*,*,#1503,.T.);
#2010=ORIENTED_EDGE('',*,*,#1492,.T.);
#2011=ORIENTED_EDGE('',*,*,#1505,.F.);
#2012=ORIENTED_EDGE('',*,*,#1478,.T.);
#2013=ORIENTED_EDGE('',*,*,#1506,.F.);
#2014=ORIENTED_EDGE('',*,*,#1474,.T.);
#2015=ORIENTED_EDGE('',*,*,#1504,.T.);
#2016=ORIENTED_EDGE('',*,*,#1487,.T.);
#2017=ORIENTED_EDGE('',*,*,#1505,.T.);
#2018=ORIENTED_EDGE('',*,*,#1491,.T.);
#2019=ORIENTED_EDGE('',*,*,#1507,.F.);
#2020=ORIENTED_EDGE('',*,*,#1476,.T.);
#2021=ORIENTED_EDGE('',*,*,#1508,.T.);
#2022=ORIENTED_EDGE('',*,*,#1477,.T.);
#2023=ORIENTED_EDGE('',*,*,#1508,.F.);
#2024=ORIENTED_EDGE('',*,*,#1475,.T.);
#2025=ORIENTED_EDGE('',*,*,#1506,.T.);
#2026=ORIENTED_EDGE('',*,*,#1488,.T.);
#2027=ORIENTED_EDGE('',*,*,#1507,.T.);
#2028=ORIENTED_EDGE('',*,*,#1490,.T.);
#2029=ORIENTED_EDGE('',*,*,#1509,.F.);
#2030=ORIENTED_EDGE('',*,*,#1489,.T.);
#2031=ORIENTED_EDGE('',*,*,#1509,.T.);
#2032=ORIENTED_EDGE('',*,*,#1510,.F.);
#2033=ORIENTED_EDGE('',*,*,#1496,.T.);
#2034=ORIENTED_EDGE('',*,*,#1511,.F.);
#2035=ORIENTED_EDGE('',*,*,#1512,.T.);
#2036=ORIENTED_EDGE('',*,*,#1513,.F.);
#2037=ORIENTED_EDGE('',*,*,#1514,.F.);
#2038=ORIENTED_EDGE('',*,*,#1515,.F.);
#2039=ORIENTED_EDGE('',*,*,#1516,.F.);
#2040=ORIENTED_EDGE('',*,*,#1517,.F.);
#2041=ORIENTED_EDGE('',*,*,#1518,.F.);
#2042=ORIENTED_EDGE('',*,*,#1519,.F.);
#2043=ORIENTED_EDGE('',*,*,#1520,.F.);
#2044=ORIENTED_EDGE('',*,*,#1521,.F.);
#2045=ORIENTED_EDGE('',*,*,#1522,.F.);
#2046=ORIENTED_EDGE('',*,*,#1523,.F.);
#2047=ORIENTED_EDGE('',*,*,#1524,.F.);
#2048=ORIENTED_EDGE('',*,*,#1525,.F.);
#2049=ORIENTED_EDGE('',*,*,#1512,.F.);
#2050=ORIENTED_EDGE('',*,*,#1526,.F.);
#2051=ORIENTED_EDGE('',*,*,#1527,.F.);
#2052=ORIENTED_EDGE('',*,*,#1528,.F.);
#2053=ORIENTED_EDGE('',*,*,#1529,.F.);
#2054=ORIENTED_EDGE('',*,*,#1530,.F.);
#2055=ORIENTED_EDGE('',*,*,#1531,.F.);
#2056=ORIENTED_EDGE('',*,*,#1532,.F.);
#2057=ORIENTED_EDGE('',*,*,#1533,.F.);
#2058=ORIENTED_EDGE('',*,*,#1534,.F.);
#2059=ORIENTED_EDGE('',*,*,#1535,.F.);
#2060=ORIENTED_EDGE('',*,*,#1536,.F.);
#2061=ORIENTED_EDGE('',*,*,#1524,.T.);
#2062=ORIENTED_EDGE('',*,*,#1537,.F.);
#2063=ORIENTED_EDGE('',*,*,#1538,.T.);
#2064=ORIENTED_EDGE('',*,*,#1539,.F.);
#2065=ORIENTED_EDGE('',*,*,#1526,.T.);
#2066=ORIENTED_EDGE('',*,*,#1523,.T.);
#2067=ORIENTED_EDGE('',*,*,#1511,.T.);
#2068=ORIENTED_EDGE('',*,*,#1540,.F.);
#2069=ORIENTED_EDGE('',*,*,#1513,.T.);
#2070=ORIENTED_EDGE('',*,*,#1525,.T.);
#2071=ORIENTED_EDGE('',*,*,#1536,.T.);
#2072=ORIENTED_EDGE('',*,*,#1541,.F.);
#2073=ORIENTED_EDGE('',*,*,#1538,.F.);
#2074=ORIENTED_EDGE('',*,*,#1522,.T.);
#2075=ORIENTED_EDGE('',*,*,#1542,.F.);
#2076=ORIENTED_EDGE('',*,*,#1514,.T.);
#2077=ORIENTED_EDGE('',*,*,#1540,.T.);
#2078=ORIENTED_EDGE('',*,*,#1527,.T.);
#2079=ORIENTED_EDGE('',*,*,#1539,.T.);
#2080=ORIENTED_EDGE('',*,*,#1541,.T.);
#2081=ORIENTED_EDGE('',*,*,#1535,.T.);
#2082=ORIENTED_EDGE('',*,*,#1543,.F.);
#2083=ORIENTED_EDGE('',*,*,#1521,.T.);
#2084=ORIENTED_EDGE('',*,*,#1544,.F.);
#2085=ORIENTED_EDGE('',*,*,#1515,.T.);
#2086=ORIENTED_EDGE('',*,*,#1542,.T.);
#2087=ORIENTED_EDGE('',*,*,#1528,.T.);
#2088=ORIENTED_EDGE('',*,*,#1543,.T.);
#2089=ORIENTED_EDGE('',*,*,#1534,.T.);
#2090=ORIENTED_EDGE('',*,*,#1545,.F.);
#2091=ORIENTED_EDGE('',*,*,#1520,.T.);
#2092=ORIENTED_EDGE('',*,*,#1546,.F.);
#2093=ORIENTED_EDGE('',*,*,#1516,.T.);
#2094=ORIENTED_EDGE('',*,*,#1544,.T.);
#2095=ORIENTED_EDGE('',*,*,#1529,.T.);
#2096=ORIENTED_EDGE('',*,*,#1545,.T.);
#2097=ORIENTED_EDGE('',*,*,#1533,.T.);
#2098=ORIENTED_EDGE('',*,*,#1547,.F.);
#2099=ORIENTED_EDGE('',*,*,#1518,.T.);
#2100=ORIENTED_EDGE('',*,*,#1548,.T.);
#2101=ORIENTED_EDGE('',*,*,#1519,.T.);
#2102=ORIENTED_EDGE('',*,*,#1548,.F.);
#2103=ORIENTED_EDGE('',*,*,#1517,.T.);
#2104=ORIENTED_EDGE('',*,*,#1546,.T.);
#2105=ORIENTED_EDGE('',*,*,#1530,.T.);
#2106=ORIENTED_EDGE('',*,*,#1547,.T.);
#2107=ORIENTED_EDGE('',*,*,#1532,.T.);
#2108=ORIENTED_EDGE('',*,*,#1549,.F.);
#2109=ORIENTED_EDGE('',*,*,#1531,.T.);
#2110=ORIENTED_EDGE('',*,*,#1549,.T.);
#2111=ORIENTED_EDGE('',*,*,#1550,.F.);
#2112=ORIENTED_EDGE('',*,*,#1551,.T.);
#2113=ORIENTED_EDGE('',*,*,#1552,.F.);
#2114=ORIENTED_EDGE('',*,*,#1553,.F.);
#2115=ORIENTED_EDGE('',*,*,#1554,.F.);
#2116=ORIENTED_EDGE('',*,*,#1555,.F.);
#2117=ORIENTED_EDGE('',*,*,#1556,.F.);
#2118=ORIENTED_EDGE('',*,*,#1557,.F.);
#2119=ORIENTED_EDGE('',*,*,#1558,.F.);
#2120=ORIENTED_EDGE('',*,*,#1559,.F.);
#2121=ORIENTED_EDGE('',*,*,#1560,.F.);
#2122=ORIENTED_EDGE('',*,*,#1561,.F.);
#2123=ORIENTED_EDGE('',*,*,#1562,.F.);
#2124=ORIENTED_EDGE('',*,*,#1563,.F.);
#2125=ORIENTED_EDGE('',*,*,#1564,.F.);
#2126=ORIENTED_EDGE('',*,*,#1551,.F.);
#2127=ORIENTED_EDGE('',*,*,#1565,.F.);
#2128=ORIENTED_EDGE('',*,*,#1566,.F.);
#2129=ORIENTED_EDGE('',*,*,#1567,.F.);
#2130=ORIENTED_EDGE('',*,*,#1568,.F.);
#2131=ORIENTED_EDGE('',*,*,#1569,.F.);
#2132=ORIENTED_EDGE('',*,*,#1570,.F.);
#2133=ORIENTED_EDGE('',*,*,#1571,.F.);
#2134=ORIENTED_EDGE('',*,*,#1572,.F.);
#2135=ORIENTED_EDGE('',*,*,#1573,.F.);
#2136=ORIENTED_EDGE('',*,*,#1574,.F.);
#2137=ORIENTED_EDGE('',*,*,#1575,.F.);
#2138=ORIENTED_EDGE('',*,*,#1563,.T.);
#2139=ORIENTED_EDGE('',*,*,#1576,.F.);
#2140=ORIENTED_EDGE('',*,*,#1577,.F.);
#2141=ORIENTED_EDGE('',*,*,#1578,.F.);
#2142=ORIENTED_EDGE('',*,*,#1579,.T.);
#2143=ORIENTED_EDGE('',*,*,#1580,.F.);
#2144=ORIENTED_EDGE('',*,*,#1565,.T.);
#2145=ORIENTED_EDGE('',*,*,#1562,.T.);
#2146=ORIENTED_EDGE('',*,*,#1550,.T.);
#2147=ORIENTED_EDGE('',*,*,#1581,.F.);
#2148=ORIENTED_EDGE('',*,*,#1552,.T.);
#2149=ORIENTED_EDGE('',*,*,#1564,.T.);
#2150=ORIENTED_EDGE('',*,*,#1575,.T.);
#2151=ORIENTED_EDGE('',*,*,#1582,.F.);
#2152=ORIENTED_EDGE('',*,*,#1579,.F.);
#2153=ORIENTED_EDGE('',*,*,#1561,.T.);
#2154=ORIENTED_EDGE('',*,*,#1583,.F.);
#2155=ORIENTED_EDGE('',*,*,#1553,.T.);
#2156=ORIENTED_EDGE('',*,*,#1581,.T.);
#2157=ORIENTED_EDGE('',*,*,#1566,.T.);
#2158=ORIENTED_EDGE('',*,*,#1580,.T.);
#2159=ORIENTED_EDGE('',*,*,#1582,.T.);
#2160=ORIENTED_EDGE('',*,*,#1574,.T.);
#2161=ORIENTED_EDGE('',*,*,#1584,.F.);
#2162=ORIENTED_EDGE('',*,*,#1560,.T.);
#2163=ORIENTED_EDGE('',*,*,#1585,.F.);
#2164=ORIENTED_EDGE('',*,*,#1554,.T.);
#2165=ORIENTED_EDGE('',*,*,#1583,.T.);
#2166=ORIENTED_EDGE('',*,*,#1567,.T.);
#2167=ORIENTED_EDGE('',*,*,#1584,.T.);
#2168=ORIENTED_EDGE('',*,*,#1573,.T.);
#2169=ORIENTED_EDGE('',*,*,#1586,.F.);
#2170=ORIENTED_EDGE('',*,*,#1559,.T.);
#2171=ORIENTED_EDGE('',*,*,#1587,.F.);
#2172=ORIENTED_EDGE('',*,*,#1555,.T.);
#2173=ORIENTED_EDGE('',*,*,#1585,.T.);
#2174=ORIENTED_EDGE('',*,*,#1568,.T.);
#2175=ORIENTED_EDGE('',*,*,#1586,.T.);
#2176=ORIENTED_EDGE('',*,*,#1572,.T.);
#2177=ORIENTED_EDGE('',*,*,#1588,.F.);
#2178=ORIENTED_EDGE('',*,*,#1557,.T.);
#2179=ORIENTED_EDGE('',*,*,#1589,.T.);
#2180=ORIENTED_EDGE('',*,*,#1558,.T.);
#2181=ORIENTED_EDGE('',*,*,#1589,.F.);
#2182=ORIENTED_EDGE('',*,*,#1556,.T.);
#2183=ORIENTED_EDGE('',*,*,#1587,.T.);
#2184=ORIENTED_EDGE('',*,*,#1569,.T.);
#2185=ORIENTED_EDGE('',*,*,#1588,.T.);
#2186=ORIENTED_EDGE('',*,*,#1571,.T.);
#2187=ORIENTED_EDGE('',*,*,#1590,.F.);
#2188=ORIENTED_EDGE('',*,*,#1570,.T.);
#2189=ORIENTED_EDGE('',*,*,#1590,.T.);
#2190=ORIENTED_EDGE('',*,*,#1591,.F.);
#2191=ORIENTED_EDGE('',*,*,#1577,.T.);
#2192=ORIENTED_EDGE('',*,*,#1592,.F.);
#2193=ORIENTED_EDGE('',*,*,#1593,.T.);
#2194=ORIENTED_EDGE('',*,*,#1594,.F.);
#2195=ORIENTED_EDGE('',*,*,#1595,.F.);
#2196=ORIENTED_EDGE('',*,*,#1596,.F.);
#2197=ORIENTED_EDGE('',*,*,#1597,.F.);
#2198=ORIENTED_EDGE('',*,*,#1598,.F.);
#2199=ORIENTED_EDGE('',*,*,#1599,.F.);
#2200=ORIENTED_EDGE('',*,*,#1600,.F.);
#2201=ORIENTED_EDGE('',*,*,#1601,.F.);
#2202=ORIENTED_EDGE('',*,*,#1602,.F.);
#2203=ORIENTED_EDGE('',*,*,#1603,.F.);
#2204=ORIENTED_EDGE('',*,*,#1604,.F.);
#2205=ORIENTED_EDGE('',*,*,#1605,.F.);
#2206=ORIENTED_EDGE('',*,*,#1606,.F.);
#2207=ORIENTED_EDGE('',*,*,#1593,.F.);
#2208=ORIENTED_EDGE('',*,*,#1607,.F.);
#2209=ORIENTED_EDGE('',*,*,#1608,.F.);
#2210=ORIENTED_EDGE('',*,*,#1609,.F.);
#2211=ORIENTED_EDGE('',*,*,#1610,.F.);
#2212=ORIENTED_EDGE('',*,*,#1611,.F.);
#2213=ORIENTED_EDGE('',*,*,#1612,.F.);
#2214=ORIENTED_EDGE('',*,*,#1613,.F.);
#2215=ORIENTED_EDGE('',*,*,#1614,.F.);
#2216=ORIENTED_EDGE('',*,*,#1615,.F.);
#2217=ORIENTED_EDGE('',*,*,#1616,.F.);
#2218=ORIENTED_EDGE('',*,*,#1617,.F.);
#2219=ORIENTED_EDGE('',*,*,#1605,.T.);
#2220=ORIENTED_EDGE('',*,*,#1618,.F.);
#2221=ORIENTED_EDGE('',*,*,#1619,.T.);
#2222=ORIENTED_EDGE('',*,*,#1620,.F.);
#2223=ORIENTED_EDGE('',*,*,#1607,.T.);
#2224=ORIENTED_EDGE('',*,*,#1604,.T.);
#2225=ORIENTED_EDGE('',*,*,#1592,.T.);
#2226=ORIENTED_EDGE('',*,*,#1621,.F.);
#2227=ORIENTED_EDGE('',*,*,#1594,.T.);
#2228=ORIENTED_EDGE('',*,*,#1606,.T.);
#2229=ORIENTED_EDGE('',*,*,#1617,.T.);
#2230=ORIENTED_EDGE('',*,*,#1622,.F.);
#2231=ORIENTED_EDGE('',*,*,#1619,.F.);
#2232=ORIENTED_EDGE('',*,*,#1603,.T.);
#2233=ORIENTED_EDGE('',*,*,#1623,.F.);
#2234=ORIENTED_EDGE('',*,*,#1595,.T.);
#2235=ORIENTED_EDGE('',*,*,#1621,.T.);
#2236=ORIENTED_EDGE('',*,*,#1608,.T.);
#2237=ORIENTED_EDGE('',*,*,#1620,.T.);
#2238=ORIENTED_EDGE('',*,*,#1622,.T.);
#2239=ORIENTED_EDGE('',*,*,#1616,.T.);
#2240=ORIENTED_EDGE('',*,*,#1624,.F.);
#2241=ORIENTED_EDGE('',*,*,#1602,.T.);
#2242=ORIENTED_EDGE('',*,*,#1625,.F.);
#2243=ORIENTED_EDGE('',*,*,#1596,.T.);
#2244=ORIENTED_EDGE('',*,*,#1623,.T.);
#2245=ORIENTED_EDGE('',*,*,#1609,.T.);
#2246=ORIENTED_EDGE('',*,*,#1624,.T.);
#2247=ORIENTED_EDGE('',*,*,#1615,.T.);
#2248=ORIENTED_EDGE('',*,*,#1626,.F.);
#2249=ORIENTED_EDGE('',*,*,#1601,.T.);
#2250=ORIENTED_EDGE('',*,*,#1627,.F.);
#2251=ORIENTED_EDGE('',*,*,#1597,.T.);
#2252=ORIENTED_EDGE('',*,*,#1625,.T.);
#2253=ORIENTED_EDGE('',*,*,#1610,.T.);
#2254=ORIENTED_EDGE('',*,*,#1626,.T.);
#2255=ORIENTED_EDGE('',*,*,#1614,.T.);
#2256=ORIENTED_EDGE('',*,*,#1628,.F.);
#2257=ORIENTED_EDGE('',*,*,#1599,.T.);
#2258=ORIENTED_EDGE('',*,*,#1629,.T.);
#2259=ORIENTED_EDGE('',*,*,#1600,.T.);
#2260=ORIENTED_EDGE('',*,*,#1629,.F.);
#2261=ORIENTED_EDGE('',*,*,#1598,.T.);
#2262=ORIENTED_EDGE('',*,*,#1627,.T.);
#2263=ORIENTED_EDGE('',*,*,#1611,.T.);
#2264=ORIENTED_EDGE('',*,*,#1628,.T.);
#2265=ORIENTED_EDGE('',*,*,#1613,.T.);
#2266=ORIENTED_EDGE('',*,*,#1630,.F.);
#2267=ORIENTED_EDGE('',*,*,#1612,.T.);
#2268=ORIENTED_EDGE('',*,*,#1630,.T.);
#2269=ORIENTED_EDGE('',*,*,#1495,.T.);
#2270=ORIENTED_EDGE('',*,*,#1497,.T.);
#2271=ORIENTED_EDGE('',*,*,#1631,.F.);
#2272=ORIENTED_EDGE('',*,*,#1632,.F.);
#2273=ORIENTED_EDGE('',*,*,#1633,.F.);
#2274=ORIENTED_EDGE('',*,*,#1634,.F.);
#2275=ORIENTED_EDGE('',*,*,#1635,.F.);
#2276=ORIENTED_EDGE('',*,*,#1636,.F.);
#2277=ORIENTED_EDGE('',*,*,#1632,.T.);
#2278=ORIENTED_EDGE('',*,*,#1634,.T.);
#2279=ORIENTED_EDGE('',*,*,#1631,.T.);
#2280=ORIENTED_EDGE('',*,*,#1510,.T.);
#2281=ORIENTED_EDGE('',*,*,#1633,.T.);
#2282=ORIENTED_EDGE('',*,*,#1636,.T.);
#2283=ORIENTED_EDGE('',*,*,#1637,.F.);
#2284=ORIENTED_EDGE('',*,*,#1638,.F.);
#2285=ORIENTED_EDGE('',*,*,#1639,.F.);
#2286=ORIENTED_EDGE('',*,*,#1640,.T.);
#2287=ORIENTED_EDGE('',*,*,#1641,.F.);
#2288=ORIENTED_EDGE('',*,*,#1642,.F.);
#2289=ORIENTED_EDGE('',*,*,#1643,.T.);
#2290=ORIENTED_EDGE('',*,*,#1644,.T.);
#2291=ORIENTED_EDGE('',*,*,#1643,.F.);
#2292=ORIENTED_EDGE('',*,*,#1644,.F.);
#2293=ORIENTED_EDGE('',*,*,#1537,.T.);
#2294=ORIENTED_EDGE('',*,*,#1576,.T.);
#2295=ORIENTED_EDGE('',*,*,#1578,.T.);
#2296=ORIENTED_EDGE('',*,*,#1645,.F.);
#2297=ORIENTED_EDGE('',*,*,#1646,.F.);
#2298=ORIENTED_EDGE('',*,*,#1647,.F.);
#2299=ORIENTED_EDGE('',*,*,#1648,.F.);
#2300=ORIENTED_EDGE('',*,*,#1649,.F.);
#2301=ORIENTED_EDGE('',*,*,#1650,.F.);
#2302=ORIENTED_EDGE('',*,*,#1646,.T.);
#2303=ORIENTED_EDGE('',*,*,#1648,.T.);
#2304=ORIENTED_EDGE('',*,*,#1645,.T.);
#2305=ORIENTED_EDGE('',*,*,#1591,.T.);
#2306=ORIENTED_EDGE('',*,*,#1647,.T.);
#2307=ORIENTED_EDGE('',*,*,#1650,.T.);
#2308=ORIENTED_EDGE('',*,*,#1651,.F.);
#2309=ORIENTED_EDGE('',*,*,#1652,.T.);
#2310=ORIENTED_EDGE('',*,*,#1653,.F.);
#2311=ORIENTED_EDGE('',*,*,#1654,.T.);
#2312=ORIENTED_EDGE('',*,*,#1655,.F.);
#2313=ORIENTED_EDGE('',*,*,#1656,.F.);
#2314=ORIENTED_EDGE('',*,*,#1657,.T.);
#2315=ORIENTED_EDGE('',*,*,#1658,.T.);
#2316=ORIENTED_EDGE('',*,*,#1657,.F.);
#2317=ORIENTED_EDGE('',*,*,#1658,.F.);
#2318=ORIENTED_EDGE('',*,*,#1618,.T.);
#2319=ORIENTED_EDGE('',*,*,#1659,.F.);
#2320=ORIENTED_EDGE('',*,*,#1660,.T.);
#2321=ORIENTED_EDGE('',*,*,#1661,.F.);
#2322=ORIENTED_EDGE('',*,*,#1660,.F.);
#2323=ORIENTED_EDGE('',*,*,#1662,.T.);
#2324=ORIENTED_EDGE('',*,*,#1663,.T.);
#2325=ORIENTED_EDGE('',*,*,#1664,.F.);
#2326=ORIENTED_EDGE('',*,*,#1663,.F.);
#2327=ORIENTED_EDGE('',*,*,#1662,.F.);
#2328=ORIENTED_EDGE('',*,*,#1661,.T.);
#2329=ORIENTED_EDGE('',*,*,#1665,.T.);
#2330=ORIENTED_EDGE('',*,*,#1666,.T.);
#2331=ORIENTED_EDGE('',*,*,#1667,.F.);
#2332=ORIENTED_EDGE('',*,*,#1666,.F.);
#2333=ORIENTED_EDGE('',*,*,#1665,.F.);
#2334=ORIENTED_EDGE('',*,*,#1664,.T.);
#2335=ORIENTED_EDGE('',*,*,#1668,.F.);
#2336=ORIENTED_EDGE('',*,*,#1669,.T.);
#2337=ORIENTED_EDGE('',*,*,#1670,.F.);
#2338=ORIENTED_EDGE('',*,*,#1669,.F.);
#2339=ORIENTED_EDGE('',*,*,#1671,.T.);
#2340=ORIENTED_EDGE('',*,*,#1672,.T.);
#2341=ORIENTED_EDGE('',*,*,#1673,.F.);
#2342=ORIENTED_EDGE('',*,*,#1672,.F.);
#2343=ORIENTED_EDGE('',*,*,#1671,.F.);
#2344=ORIENTED_EDGE('',*,*,#1670,.T.);
#2345=ORIENTED_EDGE('',*,*,#1674,.T.);
#2346=ORIENTED_EDGE('',*,*,#1675,.T.);
#2347=ORIENTED_EDGE('',*,*,#1676,.F.);
#2348=ORIENTED_EDGE('',*,*,#1675,.F.);
#2349=ORIENTED_EDGE('',*,*,#1674,.F.);
#2350=ORIENTED_EDGE('',*,*,#1673,.T.);
#2351=ORIENTED_EDGE('',*,*,#1677,.F.);
#2352=ORIENTED_EDGE('',*,*,#1438,.F.);
#2353=ORIENTED_EDGE('',*,*,#1678,.F.);
#2354=ORIENTED_EDGE('',*,*,#1652,.F.);
#2355=ORIENTED_EDGE('',*,*,#1679,.F.);
#2356=ORIENTED_EDGE('',*,*,#1640,.F.);
#2357=ORIENTED_EDGE('',*,*,#1680,.F.);
#2358=ORIENTED_EDGE('',*,*,#1436,.T.);
#2359=ORIENTED_EDGE('',*,*,#1635,.T.);
#2360=ORIENTED_EDGE('',*,*,#1641,.T.);
#2361=ORIENTED_EDGE('',*,*,#1679,.T.);
#2362=ORIENTED_EDGE('',*,*,#1435,.F.);
#2363=ORIENTED_EDGE('',*,*,#1681,.F.);
#2364=ORIENTED_EDGE('',*,*,#1682,.F.);
#2365=ORIENTED_EDGE('',*,*,#1683,.T.);
#2366=ORIENTED_EDGE('',*,*,#1684,.T.);
#2367=ORIENTED_EDGE('',*,*,#1685,.T.);
#2368=ORIENTED_EDGE('',*,*,#1637,.T.);
#2369=ORIENTED_EDGE('',*,*,#1642,.T.);
#2370=ORIENTED_EDGE('',*,*,#1649,.T.);
#2371=ORIENTED_EDGE('',*,*,#1655,.T.);
#2372=ORIENTED_EDGE('',*,*,#1686,.T.);
#2373=ORIENTED_EDGE('',*,*,#1687,.T.);
#2374=ORIENTED_EDGE('',*,*,#1688,.T.);
#2375=ORIENTED_EDGE('',*,*,#1689,.F.);
#2376=ORIENTED_EDGE('',*,*,#1690,.F.);
#2377=ORIENTED_EDGE('',*,*,#1439,.F.);
#2378=ORIENTED_EDGE('',*,*,#1677,.T.);
#2379=ORIENTED_EDGE('',*,*,#1651,.T.);
#2380=ORIENTED_EDGE('',*,*,#1656,.T.);
#2381=ORIENTED_EDGE('',*,*,#1691,.T.);
#2382=ORIENTED_EDGE('',*,*,#1692,.T.);
#2383=ORIENTED_EDGE('',*,*,#1693,.T.);
#2384=ORIENTED_EDGE('',*,*,#1694,.T.);
#2385=ORIENTED_EDGE('',*,*,#1462,.T.);
#2386=ORIENTED_EDGE('',*,*,#1695,.T.);
#2387=ORIENTED_EDGE('',*,*,#1696,.T.);
#2388=ORIENTED_EDGE('',*,*,#1697,.T.);
#2389=ORIENTED_EDGE('',*,*,#1698,.T.);
#2390=ORIENTED_EDGE('',*,*,#1699,.T.);
#2391=ORIENTED_EDGE('',*,*,#1700,.T.);
#2392=ORIENTED_EDGE('',*,*,#1701,.T.);
#2393=ORIENTED_EDGE('',*,*,#1702,.T.);
#2394=ORIENTED_EDGE('',*,*,#1703,.T.);
#2395=ORIENTED_EDGE('',*,*,#1704,.T.);
#2396=ORIENTED_EDGE('',*,*,#1705,.T.);
#2397=ORIENTED_EDGE('',*,*,#1706,.T.);
#2398=ORIENTED_EDGE('',*,*,#1707,.T.);
#2399=ORIENTED_EDGE('',*,*,#1708,.T.);
#2400=ORIENTED_EDGE('',*,*,#1709,.T.);
#2401=ORIENTED_EDGE('',*,*,#1710,.T.);
#2402=ORIENTED_EDGE('',*,*,#1711,.T.);
#2403=ORIENTED_EDGE('',*,*,#1712,.T.);
#2404=ORIENTED_EDGE('',*,*,#1713,.T.);
#2405=ORIENTED_EDGE('',*,*,#1714,.T.);
#2406=ORIENTED_EDGE('',*,*,#1715,.T.);
#2407=ORIENTED_EDGE('',*,*,#1716,.T.);
#2408=ORIENTED_EDGE('',*,*,#1667,.T.);
#2409=ORIENTED_EDGE('',*,*,#1676,.T.);
#2410=ORIENTED_EDGE('',*,*,#1678,.T.);
#2411=ORIENTED_EDGE('',*,*,#1437,.T.);
#2412=ORIENTED_EDGE('',*,*,#1680,.T.);
#2413=ORIENTED_EDGE('',*,*,#1639,.T.);
#2414=ORIENTED_EDGE('',*,*,#1717,.T.);
#2415=ORIENTED_EDGE('',*,*,#1718,.T.);
#2416=ORIENTED_EDGE('',*,*,#1719,.T.);
#2417=ORIENTED_EDGE('',*,*,#1720,.T.);
#2418=ORIENTED_EDGE('',*,*,#1721,.T.);
#2419=ORIENTED_EDGE('',*,*,#1722,.T.);
#2420=ORIENTED_EDGE('',*,*,#1723,.T.);
#2421=ORIENTED_EDGE('',*,*,#1653,.T.);
#2422=ORIENTED_EDGE('',*,*,#1683,.F.);
#2423=ORIENTED_EDGE('',*,*,#1724,.F.);
#2424=ORIENTED_EDGE('',*,*,#1719,.F.);
#2425=ORIENTED_EDGE('',*,*,#1725,.F.);
#2426=ORIENTED_EDGE('',*,*,#1688,.F.);
#2427=ORIENTED_EDGE('',*,*,#1726,.F.);
#2428=ORIENTED_EDGE('',*,*,#1721,.F.);
#2429=ORIENTED_EDGE('',*,*,#1727,.T.);
#2430=ORIENTED_EDGE('',*,*,#1726,.T.);
#2431=ORIENTED_EDGE('',*,*,#1687,.F.);
#2432=ORIENTED_EDGE('',*,*,#1728,.F.);
#2433=ORIENTED_EDGE('',*,*,#1722,.F.);
#2434=ORIENTED_EDGE('',*,*,#1686,.F.);
#2435=ORIENTED_EDGE('',*,*,#1654,.F.);
#2436=ORIENTED_EDGE('',*,*,#1723,.F.);
#2437=ORIENTED_EDGE('',*,*,#1728,.T.);
#2438=ORIENTED_EDGE('',*,*,#1725,.T.);
#2439=ORIENTED_EDGE('',*,*,#1718,.F.);
#2440=ORIENTED_EDGE('',*,*,#1729,.T.);
#2441=ORIENTED_EDGE('',*,*,#1684,.F.);
#2442=ORIENTED_EDGE('',*,*,#1685,.F.);
#2443=ORIENTED_EDGE('',*,*,#1729,.F.);
#2444=ORIENTED_EDGE('',*,*,#1717,.F.);
#2445=ORIENTED_EDGE('',*,*,#1638,.T.);
#2446=ORIENTED_EDGE('',*,*,#1730,.F.);
#2447=ORIENTED_EDGE('',*,*,#1440,.F.);
#2448=ORIENTED_EDGE('',*,*,#1690,.T.);
#2449=ORIENTED_EDGE('',*,*,#1731,.T.);
#2450=ORIENTED_EDGE('',*,*,#1682,.T.);
#2451=ORIENTED_EDGE('',*,*,#1732,.T.);
#2452=ORIENTED_EDGE('',*,*,#1733,.F.);
#2453=ORIENTED_EDGE('',*,*,#1731,.F.);
#2454=ORIENTED_EDGE('',*,*,#1689,.T.);
#2455=ORIENTED_EDGE('',*,*,#1727,.F.);
#2456=ORIENTED_EDGE('',*,*,#1720,.F.);
#2457=ORIENTED_EDGE('',*,*,#1724,.T.);
#2458=ORIENTED_EDGE('',*,*,#1734,.F.);
#2459=ORIENTED_EDGE('',*,*,#1732,.F.);
#2460=ORIENTED_EDGE('',*,*,#1681,.T.);
#2461=ORIENTED_EDGE('',*,*,#1434,.T.);
#2462=ORIENTED_EDGE('',*,*,#1735,.T.);
#2463=ORIENTED_EDGE('',*,*,#1659,.T.);
#2464=ORIENTED_EDGE('',*,*,#1736,.T.);
#2465=ORIENTED_EDGE('',*,*,#1737,.T.);
#2466=ORIENTED_EDGE('',*,*,#1738,.T.);
#2467=ORIENTED_EDGE('',*,*,#1739,.T.);
#2468=ORIENTED_EDGE('',*,*,#1740,.F.);
#2469=ORIENTED_EDGE('',*,*,#1741,.T.);
#2470=ORIENTED_EDGE('',*,*,#1742,.T.);
#2471=ORIENTED_EDGE('',*,*,#1743,.T.);
#2472=ORIENTED_EDGE('',*,*,#1668,.T.);
#2473=ORIENTED_EDGE('',*,*,#1744,.F.);
#2474=ORIENTED_EDGE('',*,*,#1745,.F.);
#2475=ORIENTED_EDGE('',*,*,#1711,.F.);
#2476=ORIENTED_EDGE('',*,*,#1746,.T.);
#2477=ORIENTED_EDGE('',*,*,#1747,.T.);
#2478=ORIENTED_EDGE('',*,*,#1748,.T.);
#2479=ORIENTED_EDGE('',*,*,#1749,.F.);
#2480=ORIENTED_EDGE('',*,*,#1750,.F.);
#2481=ORIENTED_EDGE('',*,*,#1747,.F.);
#2482=ORIENTED_EDGE('',*,*,#1744,.T.);
#2483=ORIENTED_EDGE('',*,*,#1751,.T.);
#2484=ORIENTED_EDGE('',*,*,#1752,.T.);
#2485=ORIENTED_EDGE('',*,*,#1753,.T.);
#2486=ORIENTED_EDGE('',*,*,#1754,.T.);
#2487=ORIENTED_EDGE('',*,*,#1755,.T.);
#2488=ORIENTED_EDGE('',*,*,#1756,.T.);
#2489=ORIENTED_EDGE('',*,*,#1388,.T.);
#2490=ORIENTED_EDGE('',*,*,#1395,.T.);
#2491=ORIENTED_EDGE('',*,*,#1379,.T.);
#2492=ORIENTED_EDGE('',*,*,#1382,.T.);
#2493=ORIENTED_EDGE('',*,*,#1391,.T.);
#2494=ORIENTED_EDGE('',*,*,#1396,.T.);
#2495=ORIENTED_EDGE('',*,*,#1392,.T.);
#2496=ORIENTED_EDGE('',*,*,#1385,.T.);
#2497=ORIENTED_EDGE('',*,*,#1412,.T.);
#2498=ORIENTED_EDGE('',*,*,#1419,.T.);
#2499=ORIENTED_EDGE('',*,*,#1403,.T.);
#2500=ORIENTED_EDGE('',*,*,#1406,.T.);
#2501=ORIENTED_EDGE('',*,*,#1415,.T.);
#2502=ORIENTED_EDGE('',*,*,#1420,.T.);
#2503=ORIENTED_EDGE('',*,*,#1416,.T.);
#2504=ORIENTED_EDGE('',*,*,#1409,.T.);
#2505=ORIENTED_EDGE('',*,*,#1746,.F.);
#2506=ORIENTED_EDGE('',*,*,#1710,.F.);
#2507=ORIENTED_EDGE('',*,*,#1757,.T.);
#2508=ORIENTED_EDGE('',*,*,#1751,.F.);
#2509=ORIENTED_EDGE('',*,*,#1756,.F.);
#2510=ORIENTED_EDGE('',*,*,#1758,.F.);
#2511=ORIENTED_EDGE('',*,*,#1705,.F.);
#2512=ORIENTED_EDGE('',*,*,#1759,.T.);
#2513=ORIENTED_EDGE('',*,*,#1758,.T.);
#2514=ORIENTED_EDGE('',*,*,#1755,.F.);
#2515=ORIENTED_EDGE('',*,*,#1760,.F.);
#2516=ORIENTED_EDGE('',*,*,#1706,.F.);
#2517=ORIENTED_EDGE('',*,*,#1761,.T.);
#2518=ORIENTED_EDGE('',*,*,#1752,.F.);
#2519=ORIENTED_EDGE('',*,*,#1757,.F.);
#2520=ORIENTED_EDGE('',*,*,#1709,.F.);
#2521=ORIENTED_EDGE('',*,*,#1762,.F.);
#2522=ORIENTED_EDGE('',*,*,#1707,.F.);
#2523=ORIENTED_EDGE('',*,*,#1760,.T.);
#2524=ORIENTED_EDGE('',*,*,#1754,.F.);
#2525=ORIENTED_EDGE('',*,*,#1762,.T.);
#2526=ORIENTED_EDGE('',*,*,#1753,.F.);
#2527=ORIENTED_EDGE('',*,*,#1761,.F.);
#2528=ORIENTED_EDGE('',*,*,#1708,.F.);
#2529=ORIENTED_EDGE('',*,*,#1741,.F.);
#2530=ORIENTED_EDGE('',*,*,#1763,.F.);
#2531=ORIENTED_EDGE('',*,*,#1692,.F.);
#2532=ORIENTED_EDGE('',*,*,#1764,.T.);
#2533=ORIENTED_EDGE('',*,*,#1764,.F.);
#2534=ORIENTED_EDGE('',*,*,#1691,.F.);
#2535=ORIENTED_EDGE('',*,*,#1765,.T.);
#2536=ORIENTED_EDGE('',*,*,#1742,.F.);
#2537=ORIENTED_EDGE('',*,*,#1739,.F.);
#2538=ORIENTED_EDGE('',*,*,#1766,.F.);
#2539=ORIENTED_EDGE('',*,*,#1714,.F.);
#2540=ORIENTED_EDGE('',*,*,#1767,.T.);
#2541=ORIENTED_EDGE('',*,*,#1740,.T.);
#2542=ORIENTED_EDGE('',*,*,#1767,.F.);
#2543=ORIENTED_EDGE('',*,*,#1713,.F.);
#2544=ORIENTED_EDGE('',*,*,#1768,.T.);
#2545=ORIENTED_EDGE('',*,*,#1769,.F.);
#2546=ORIENTED_EDGE('',*,*,#1770,.F.);
#2547=ORIENTED_EDGE('',*,*,#1693,.F.);
#2548=ORIENTED_EDGE('',*,*,#1763,.T.);
#2549=ORIENTED_EDGE('',*,*,#1771,.F.);
#2550=ORIENTED_EDGE('',*,*,#1772,.F.);
#2551=ORIENTED_EDGE('',*,*,#1697,.F.);
#2552=ORIENTED_EDGE('',*,*,#1773,.T.);
#2553=ORIENTED_EDGE('',*,*,#1774,.T.);
#2554=ORIENTED_EDGE('',*,*,#1773,.F.);
#2555=ORIENTED_EDGE('',*,*,#1696,.F.);
#2556=ORIENTED_EDGE('',*,*,#1775,.T.);
#2557=ORIENTED_EDGE('',*,*,#1776,.F.);
#2558=ORIENTED_EDGE('',*,*,#1777,.F.);
#2559=ORIENTED_EDGE('',*,*,#1703,.F.);
#2560=ORIENTED_EDGE('',*,*,#1778,.T.);
#2561=ORIENTED_EDGE('',*,*,#1779,.F.);
#2562=ORIENTED_EDGE('',*,*,#1778,.F.);
#2563=ORIENTED_EDGE('',*,*,#1702,.F.);
#2564=ORIENTED_EDGE('',*,*,#1780,.T.);
#2565=ORIENTED_EDGE('',*,*,#1781,.T.);
#2566=ORIENTED_EDGE('',*,*,#1782,.T.);
#2567=ORIENTED_EDGE('',*,*,#1771,.T.);
#2568=ORIENTED_EDGE('',*,*,#1774,.F.);
#2569=ORIENTED_EDGE('',*,*,#1779,.T.);
#2570=ORIENTED_EDGE('',*,*,#1783,.T.);
#2571=ORIENTED_EDGE('',*,*,#1780,.F.);
#2572=ORIENTED_EDGE('',*,*,#1701,.F.);
#2573=ORIENTED_EDGE('',*,*,#1784,.T.);
#2574=ORIENTED_EDGE('',*,*,#1783,.F.);
#2575=ORIENTED_EDGE('',*,*,#1766,.T.);
#2576=ORIENTED_EDGE('',*,*,#1738,.F.);
#2577=ORIENTED_EDGE('',*,*,#1785,.F.);
#2578=ORIENTED_EDGE('',*,*,#1715,.F.);
#2579=ORIENTED_EDGE('',*,*,#1785,.T.);
#2580=ORIENTED_EDGE('',*,*,#1737,.F.);
#2581=ORIENTED_EDGE('',*,*,#1786,.T.);
#2582=ORIENTED_EDGE('',*,*,#1735,.F.);
#2583=ORIENTED_EDGE('',*,*,#1786,.F.);
#2584=ORIENTED_EDGE('',*,*,#1736,.F.);
#2585=ORIENTED_EDGE('',*,*,#1765,.F.);
#2586=ORIENTED_EDGE('',*,*,#1716,.F.);
#2587=ORIENTED_EDGE('',*,*,#1787,.T.);
#2588=ORIENTED_EDGE('',*,*,#1781,.F.);
#2589=ORIENTED_EDGE('',*,*,#1784,.F.);
#2590=ORIENTED_EDGE('',*,*,#1700,.F.);
#2591=ORIENTED_EDGE('',*,*,#1788,.T.);
#2592=ORIENTED_EDGE('',*,*,#1743,.F.);
#2593=ORIENTED_EDGE('',*,*,#1788,.F.);
#2594=ORIENTED_EDGE('',*,*,#1699,.F.);
#2595=ORIENTED_EDGE('',*,*,#1772,.T.);
#2596=ORIENTED_EDGE('',*,*,#1782,.F.);
#2597=ORIENTED_EDGE('',*,*,#1787,.F.);
#2598=ORIENTED_EDGE('',*,*,#1698,.F.);
#2599=ORIENTED_EDGE('',*,*,#1770,.T.);
#2600=ORIENTED_EDGE('',*,*,#1789,.F.);
#2601=ORIENTED_EDGE('',*,*,#1463,.F.);
#2602=ORIENTED_EDGE('',*,*,#1694,.F.);
#2603=ORIENTED_EDGE('',*,*,#1745,.T.);
#2604=ORIENTED_EDGE('',*,*,#1750,.T.);
#2605=ORIENTED_EDGE('',*,*,#1790,.F.);
#2606=ORIENTED_EDGE('',*,*,#1768,.F.);
#2607=ORIENTED_EDGE('',*,*,#1712,.F.);
#2608=ORIENTED_EDGE('',*,*,#1775,.F.);
#2609=ORIENTED_EDGE('',*,*,#1695,.F.);
#2610=ORIENTED_EDGE('',*,*,#1461,.T.);
#2611=ORIENTED_EDGE('',*,*,#1791,.F.);
#2612=ORIENTED_EDGE('',*,*,#1468,.T.);
#2613=ORIENTED_EDGE('',*,*,#1464,.T.);
#2614=ORIENTED_EDGE('',*,*,#1789,.T.);
#2615=ORIENTED_EDGE('',*,*,#1769,.T.);
#2616=ORIENTED_EDGE('',*,*,#1790,.T.);
#2617=ORIENTED_EDGE('',*,*,#1749,.T.);
#2618=ORIENTED_EDGE('',*,*,#1792,.T.);
#2619=ORIENTED_EDGE('',*,*,#1776,.T.);
#2620=ORIENTED_EDGE('',*,*,#1791,.T.);
#2621=ORIENTED_EDGE('',*,*,#1460,.T.);
#2622=ORIENTED_EDGE('',*,*,#1467,.T.);
#2623=ORIENTED_EDGE('',*,*,#1441,.T.);
#2624=ORIENTED_EDGE('',*,*,#1730,.T.);
#2625=ORIENTED_EDGE('',*,*,#1733,.T.);
#2626=ORIENTED_EDGE('',*,*,#1734,.T.);
#2627=ORIENTED_EDGE('',*,*,#1433,.T.);
#2628=ORIENTED_EDGE('',*,*,#1759,.F.);
#2629=ORIENTED_EDGE('',*,*,#1704,.F.);
#2630=ORIENTED_EDGE('',*,*,#1777,.T.);
#2631=ORIENTED_EDGE('',*,*,#1792,.F.);
#2632=ORIENTED_EDGE('',*,*,#1748,.F.);
#2633=PLANE('',#2893);
#2634=PLANE('',#2894);
#2635=PLANE('',#2895);
#2636=PLANE('',#2896);
#2637=PLANE('',#2897);
#2638=PLANE('',#2898);
#2639=PLANE('',#2899);
#2640=PLANE('',#2900);
#2641=PLANE('',#2901);
#2642=PLANE('',#2902);
#2643=PLANE('',#2903);
#2644=PLANE('',#2904);
#2645=PLANE('',#2905);
#2646=PLANE('',#2906);
#2647=PLANE('',#2907);
#2648=PLANE('',#2908);
#2649=PLANE('',#2915);
#2650=PLANE('',#2916);
#2651=PLANE('',#2917);
#2652=PLANE('',#2918);
#2653=PLANE('',#2925);
#2654=PLANE('',#2926);
#2655=PLANE('',#2927);
#2656=PLANE('',#2928);
#2657=PLANE('',#2929);
#2658=PLANE('',#2930);
#2659=PLANE('',#2931);
#2660=PLANE('',#2934);
#2661=PLANE('',#2942);
#2662=PLANE('',#2944);
#2663=PLANE('',#2954);
#2664=PLANE('',#2959);
#2665=PLANE('',#2960);
#2666=PLANE('',#2961);
#2667=PLANE('',#2962);
#2668=PLANE('',#2965);
#2669=PLANE('',#2971);
#2670=PLANE('',#2973);
#2671=PLANE('',#2983);
#2672=PLANE('',#2988);
#2673=PLANE('',#2989);
#2674=PLANE('',#2990);
#2675=PLANE('',#2993);
#2676=PLANE('',#3001);
#2677=PLANE('',#3003);
#2678=PLANE('',#3013);
#2679=PLANE('',#3018);
#2680=PLANE('',#3019);
#2681=PLANE('',#3020);
#2682=PLANE('',#3021);
#2683=PLANE('',#3024);
#2684=PLANE('',#3030);
#2685=PLANE('',#3032);
#2686=PLANE('',#3042);
#2687=PLANE('',#3047);
#2688=PLANE('',#3048);
#2689=PLANE('',#3052);
#2690=PLANE('',#3056);
#2691=PLANE('',#3057);
#2692=PLANE('',#3061);
#2693=PLANE('',#3065);
#2694=PLANE('',#3072);
#2695=PLANE('',#3076);
#2696=PLANE('',#3083);
#2697=PLANE('',#3087);
#2698=PLANE('',#3088);
#2699=PLANE('',#3089);
#2700=PLANE('',#3090);
#2701=PLANE('',#3091);
#2702=PLANE('',#3092);
#2703=PLANE('',#3108);
#2704=PLANE('',#3109);
#2705=PLANE('',#3110);
#2706=PLANE('',#3111);
#2707=PLANE('',#3112);
#2708=PLANE('',#3113);
#2709=PLANE('',#3114);
#2710=PLANE('',#3115);
#2711=PLANE('',#3116);
#2712=PLANE('',#3117);
#2713=PLANE('',#3119);
#2714=PLANE('',#3124);
#2715=PLANE('',#3128);
#2716=PLANE('',#3129);
#2717=PLANE('',#3133);
#2718=PLANE('',#3135);
#2719=PLANE('',#3138);
#2720=PLANE('',#3140);
#2721=PLANE('',#3142);
#2722=PLANE('',#3145);
#2723=PLANE('',#3148);
#2724=PLANE('',#3150);
#2725=PLANE('',#3151);
#2726=PLANE('',#3154);
#2727=PLANE('',#3161);
#2728=ADVANCED_FACE('',(#240),#2633,.T.);
#2729=ADVANCED_FACE('',(#241),#2634,.F.);
#2730=ADVANCED_FACE('',(#242),#2635,.F.);
#2731=ADVANCED_FACE('',(#243),#2636,.F.);
#2732=ADVANCED_FACE('',(#244),#2637,.F.);
#2733=ADVANCED_FACE('',(#245),#2638,.F.);
#2734=ADVANCED_FACE('',(#246),#2639,.F.);
#2735=ADVANCED_FACE('',(#247),#2640,.F.);
#2736=ADVANCED_FACE('',(#248),#2641,.T.);
#2737=ADVANCED_FACE('',(#249),#2642,.F.);
#2738=ADVANCED_FACE('',(#250),#2643,.F.);
#2739=ADVANCED_FACE('',(#251),#2644,.F.);
#2740=ADVANCED_FACE('',(#252),#2645,.F.);
#2741=ADVANCED_FACE('',(#253),#2646,.F.);
#2742=ADVANCED_FACE('',(#254),#2647,.F.);
#2743=ADVANCED_FACE('',(#255),#2648,.F.);
#2744=ADVANCED_FACE('',(#256),#200,.F.);
#2745=ADVANCED_FACE('',(#257),#201,.F.);
#2746=ADVANCED_FACE('',(#258),#2649,.F.);
#2747=ADVANCED_FACE('',(#259),#2650,.T.);
#2748=ADVANCED_FACE('',(#260),#2651,.F.);
#2749=ADVANCED_FACE('',(#261),#2652,.F.);
#2750=ADVANCED_FACE('',(#262),#202,.F.);
#2751=ADVANCED_FACE('',(#263),#203,.F.);
#2752=ADVANCED_FACE('',(#264),#2653,.F.);
#2753=ADVANCED_FACE('',(#265),#2654,.F.);
#2754=ADVANCED_FACE('',(#266),#2655,.F.);
#2755=ADVANCED_FACE('',(#267),#2656,.T.);
#2756=ADVANCED_FACE('',(#268),#2657,.T.);
#2757=ADVANCED_FACE('',(#269),#2658,.T.);
#2758=ADVANCED_FACE('',(#270),#2659,.F.);
#2759=ADVANCED_FACE('',(#271),#2660,.T.);
#2760=ADVANCED_FACE('',(#272),#204,.T.);
#2761=ADVANCED_FACE('',(#273),#2661,.T.);
#2762=ADVANCED_FACE('',(#274),#2662,.T.);
#2763=ADVANCED_FACE('',(#275),#205,.T.);
#2764=ADVANCED_FACE('',(#276),#206,.T.);
#2765=ADVANCED_FACE('',(#277),#32,.T.);
#2766=ADVANCED_FACE('',(#278),#33,.T.);
#2767=ADVANCED_FACE('',(#279),#2663,.T.);
#2768=ADVANCED_FACE('',(#280),#34,.T.);
#2769=ADVANCED_FACE('',(#281),#35,.T.);
#2770=ADVANCED_FACE('',(#282),#2664,.T.);
#2771=ADVANCED_FACE('',(#283),#2665,.T.);
#2772=ADVANCED_FACE('',(#284),#2666,.T.);
#2773=ADVANCED_FACE('',(#285),#2667,.F.);
#2774=ADVANCED_FACE('',(#286),#2668,.T.);
#2775=ADVANCED_FACE('',(#287),#207,.T.);
#2776=ADVANCED_FACE('',(#288),#2669,.T.);
#2777=ADVANCED_FACE('',(#289),#2670,.T.);
#2778=ADVANCED_FACE('',(#290),#208,.T.);
#2779=ADVANCED_FACE('',(#291),#209,.T.);
#2780=ADVANCED_FACE('',(#292),#36,.T.);
#2781=ADVANCED_FACE('',(#293),#37,.T.);
#2782=ADVANCED_FACE('',(#294),#2671,.T.);
#2783=ADVANCED_FACE('',(#295),#38,.T.);
#2784=ADVANCED_FACE('',(#296),#39,.T.);
#2785=ADVANCED_FACE('',(#297),#2672,.T.);
#2786=ADVANCED_FACE('',(#298),#2673,.T.);
#2787=ADVANCED_FACE('',(#299),#2674,.F.);
#2788=ADVANCED_FACE('',(#300),#2675,.T.);
#2789=ADVANCED_FACE('',(#301),#210,.T.);
#2790=ADVANCED_FACE('',(#302),#2676,.T.);
#2791=ADVANCED_FACE('',(#303),#2677,.T.);
#2792=ADVANCED_FACE('',(#304),#211,.T.);
#2793=ADVANCED_FACE('',(#305),#212,.T.);
#2794=ADVANCED_FACE('',(#306),#40,.T.);
#2795=ADVANCED_FACE('',(#307),#41,.T.);
#2796=ADVANCED_FACE('',(#308),#2678,.T.);
#2797=ADVANCED_FACE('',(#309),#42,.T.);
#2798=ADVANCED_FACE('',(#310),#43,.T.);
#2799=ADVANCED_FACE('',(#311),#2679,.T.);
#2800=ADVANCED_FACE('',(#312),#2680,.T.);
#2801=ADVANCED_FACE('',(#313),#2681,.T.);
#2802=ADVANCED_FACE('',(#314),#2682,.F.);
#2803=ADVANCED_FACE('',(#315),#2683,.T.);
#2804=ADVANCED_FACE('',(#316),#213,.T.);
#2805=ADVANCED_FACE('',(#317),#2684,.T.);
#2806=ADVANCED_FACE('',(#318),#2685,.T.);
#2807=ADVANCED_FACE('',(#319),#214,.T.);
#2808=ADVANCED_FACE('',(#320),#215,.T.);
#2809=ADVANCED_FACE('',(#321),#44,.T.);
#2810=ADVANCED_FACE('',(#322),#45,.T.);
#2811=ADVANCED_FACE('',(#323),#2686,.T.);
#2812=ADVANCED_FACE('',(#324),#46,.T.);
#2813=ADVANCED_FACE('',(#325),#47,.T.);
#2814=ADVANCED_FACE('',(#326),#2687,.T.);
#2815=ADVANCED_FACE('',(#327),#2688,.F.);
#2816=ADVANCED_FACE('',(#328),#216,.F.);
#2817=ADVANCED_FACE('',(#329),#2689,.T.);
#2818=ADVANCED_FACE('',(#330),#217,.F.);
#2819=ADVANCED_FACE('',(#331,#15),#2690,.F.);
#2820=ADVANCED_FACE('',(#332),#2691,.F.);
#2821=ADVANCED_FACE('',(#333),#218,.F.);
#2822=ADVANCED_FACE('',(#334),#2692,.T.);
#2823=ADVANCED_FACE('',(#335),#219,.F.);
#2824=ADVANCED_FACE('',(#336,#16),#2693,.F.);
#2825=ADVANCED_FACE('',(#337),#220,.F.);
#2826=ADVANCED_FACE('',(#338),#221,.F.);
#2827=ADVANCED_FACE('',(#339,#17),#2694,.F.);
#2828=ADVANCED_FACE('',(#340),#222,.F.);
#2829=ADVANCED_FACE('',(#341,#18),#2695,.F.);
#2830=ADVANCED_FACE('',(#342),#223,.F.);
#2831=ADVANCED_FACE('',(#343),#224,.F.);
#2832=ADVANCED_FACE('',(#344,#19),#2696,.F.);
#2833=ADVANCED_FACE('',(#345),#225,.F.);
#2834=ADVANCED_FACE('',(#346,#20),#2697,.F.);
#2835=ADVANCED_FACE('',(#347),#2698,.T.);
#2836=ADVANCED_FACE('',(#348),#2699,.T.);
#2837=ADVANCED_FACE('',(#349,#21),#2700,.F.);
#2838=ADVANCED_FACE('',(#350,#22),#2701,.F.);
#2839=ADVANCED_FACE('',(#351,#23,#24,#25),#2702,.T.);
#2840=ADVANCED_FACE('',(#352),#2703,.T.);
#2841=ADVANCED_FACE('',(#353),#2704,.T.);
#2842=ADVANCED_FACE('',(#354),#2705,.T.);
#2843=ADVANCED_FACE('',(#355),#2706,.T.);
#2844=ADVANCED_FACE('',(#356),#2707,.T.);
#2845=ADVANCED_FACE('',(#357),#2708,.T.);
#2846=ADVANCED_FACE('',(#358),#2709,.T.);
#2847=ADVANCED_FACE('',(#359),#2710,.T.);
#2848=ADVANCED_FACE('',(#360),#2711,.T.);
#2849=ADVANCED_FACE('',(#361,#26),#2712,.T.);
#2850=ADVANCED_FACE('',(#362),#2713,.F.);
#2851=ADVANCED_FACE('',(#363,#27),#2714,.T.);
#2852=ADVANCED_FACE('',(#364),#226,.F.);
#2853=ADVANCED_FACE('',(#365),#2715,.F.);
#2854=ADVANCED_FACE('',(#366,#28,#29,#30,#31),#2716,.F.);
#2855=ADVANCED_FACE('',(#367),#2717,.F.);
#2856=ADVANCED_FACE('',(#368),#227,.F.);
#2857=ADVANCED_FACE('',(#369),#2718,.F.);
#2858=ADVANCED_FACE('',(#370),#228,.T.);
#2859=ADVANCED_FACE('',(#371),#229,.T.);
#2860=ADVANCED_FACE('',(#372),#2719,.F.);
#2861=ADVANCED_FACE('',(#373),#230,.F.);
#2862=ADVANCED_FACE('',(#374),#2720,.F.);
#2863=ADVANCED_FACE('',(#375),#231,.F.);
#2864=ADVANCED_FACE('',(#376),#2721,.F.);
#2865=ADVANCED_FACE('',(#377),#232,.F.);
#2866=ADVANCED_FACE('',(#378),#2722,.F.);
#2867=ADVANCED_FACE('',(#379),#233,.F.);
#2868=ADVANCED_FACE('',(#380),#2723,.F.);
#2869=ADVANCED_FACE('',(#381),#2724,.F.);
#2870=ADVANCED_FACE('',(#382),#2725,.F.);
#2871=ADVANCED_FACE('',(#383),#234,.T.);
#2872=ADVANCED_FACE('',(#384),#235,.T.);
#2873=ADVANCED_FACE('',(#385),#2726,.F.);
#2874=ADVANCED_FACE('',(#386),#236,.T.);
#2875=ADVANCED_FACE('',(#387),#237,.T.);
#2876=ADVANCED_FACE('',(#388),#238,.T.);
#2877=ADVANCED_FACE('',(#389),#2727,.F.);
#2878=ADVANCED_FACE('',(#390),#239,.T.);
#2879=CLOSED_SHELL('',(#2728,#2729,#2730,#2731,#2732,#2733,#2734,#2735,
#2736,#2737,#2738,#2739,#2740,#2741,#2742,#2743,#2744,#2745,#2746,#2747,
#2748,#2749,#2750,#2751,#2752,#2753,#2754,#2755,#2756,#2757,#2758,#2759,
#2760,#2761,#2762,#2763,#2764,#2765,#2766,#2767,#2768,#2769,#2770,#2771,
#2772,#2773,#2774,#2775,#2776,#2777,#2778,#2779,#2780,#2781,#2782,#2783,
#2784,#2785,#2786,#2787,#2788,#2789,#2790,#2791,#2792,#2793,#2794,#2795,
#2796,#2797,#2798,#2799,#2800,#2801,#2802,#2803,#2804,#2805,#2806,#2807,
#2808,#2809,#2810,#2811,#2812,#2813,#2814,#2815,#2816,#2817,#2818,#2819,
#2820,#2821,#2822,#2823,#2824,#2825,#2826,#2827,#2828,#2829,#2830,#2831,
#2832,#2833,#2834,#2835,#2836,#2837,#2838,#2839,#2840,#2841,#2842,#2843,
#2844,#2845,#2846,#2847,#2848,#2849,#2850,#2851,#2852,#2853,#2854,#2855,
#2856,#2857,#2858,#2859,#2860,#2861,#2862,#2863,#2864,#2865,#2866,#2867,
#2868,#2869,#2870,#2871,#2872,#2873,#2874,#2875,#2876,#2877,#2878));
#2880=DERIVED_UNIT_ELEMENT(#2882,1.);
#2881=DERIVED_UNIT_ELEMENT(#4895,-3.);
#2882=(
MASS_UNIT()
NAMED_UNIT(*)
SI_UNIT(.KILO.,.GRAM.)
);
#2883=DERIVED_UNIT((#2880,#2881));
#2884=MEASURE_REPRESENTATION_ITEM('density measure',
POSITIVE_RATIO_MEASURE(7850.),#2883);
#2885=PROPERTY_DEFINITION_REPRESENTATION(#2890,#2887);
#2886=PROPERTY_DEFINITION_REPRESENTATION(#2891,#2888);
#2887=REPRESENTATION('material name',(#2889),#4892);
#2888=REPRESENTATION('density',(#2884),#4892);
#2889=DESCRIPTIVE_REPRESENTATION_ITEM('Steel','Steel');
#2890=PROPERTY_DEFINITION('material property','material name',#4902);
#2891=PROPERTY_DEFINITION('material property','density of part',#4902);
#2892=AXIS2_PLACEMENT_3D('',#3976,#3164,#3165);
#2893=AXIS2_PLACEMENT_3D('',#3977,#3166,#3167);
#2894=AXIS2_PLACEMENT_3D('',#3986,#3172,#3173);
#2895=AXIS2_PLACEMENT_3D('',#3995,#3178,#3179);
#2896=AXIS2_PLACEMENT_3D('',#4006,#3186,#3187);
#2897=AXIS2_PLACEMENT_3D('',#4010,#3190,#3191);
#2898=AXIS2_PLACEMENT_3D('',#4016,#3195,#3196);
#2899=AXIS2_PLACEMENT_3D('',#4020,#3199,#3200);
#2900=AXIS2_PLACEMENT_3D('',#4022,#3202,#3203);
#2901=AXIS2_PLACEMENT_3D('',#4025,#3206,#3207);
#2902=AXIS2_PLACEMENT_3D('',#4034,#3212,#3213);
#2903=AXIS2_PLACEMENT_3D('',#4043,#3218,#3219);
#2904=AXIS2_PLACEMENT_3D('',#4054,#3226,#3227);
#2905=AXIS2_PLACEMENT_3D('',#4058,#3230,#3231);
#2906=AXIS2_PLACEMENT_3D('',#4064,#3235,#3236);
#2907=AXIS2_PLACEMENT_3D('',#4068,#3239,#3240);
#2908=AXIS2_PLACEMENT_3D('',#4070,#3242,#3243);
#2909=AXIS2_PLACEMENT_3D('',#4073,#3246,#3247);
#2910=AXIS2_PLACEMENT_3D('',#4078,#3249,#3250);
#2911=AXIS2_PLACEMENT_3D('',#4081,#3252,#3253);
#2912=AXIS2_PLACEMENT_3D('',#4082,#3254,#3255);
#2913=AXIS2_PLACEMENT_3D('',#4087,#3257,#3258);
#2914=AXIS2_PLACEMENT_3D('',#4090,#3260,#3261);
#2915=AXIS2_PLACEMENT_3D('',#4091,#3262,#3263);
#2916=AXIS2_PLACEMENT_3D('',#4094,#3266,#3267);
#2917=AXIS2_PLACEMENT_3D('',#4128,#3285,#3286);
#2918=AXIS2_PLACEMENT_3D('',#4132,#3289,#3290);
#2919=AXIS2_PLACEMENT_3D('',#4134,#3291,#3292);
#2920=AXIS2_PLACEMENT_3D('',#4136,#3294,#3295);
#2921=AXIS2_PLACEMENT_3D('',#4138,#3296,#3297);
#2922=AXIS2_PLACEMENT_3D('',#4141,#3299,#3300);
#2923=AXIS2_PLACEMENT_3D('',#4142,#3301,#3302);
#2924=AXIS2_PLACEMENT_3D('',#4144,#3303,#3304);
#2925=AXIS2_PLACEMENT_3D('',#4146,#3306,#3307);
#2926=AXIS2_PLACEMENT_3D('',#4148,#3309,#3310);
#2927=AXIS2_PLACEMENT_3D('',#4164,#3319,#3320);
#2928=AXIS2_PLACEMENT_3D('',#4166,#3322,#3323);
#2929=AXIS2_PLACEMENT_3D('',#4168,#3325,#3326);
#2930=AXIS2_PLACEMENT_3D('',#4170,#3328,#3329);
#2931=AXIS2_PLACEMENT_3D('',#4203,#3338,#3339);
#2932=AXIS2_PLACEMENT_3D('',#4205,#3340,#3341);
#2933=AXIS2_PLACEMENT_3D('',#4208,#3343,#3344);
#2934=AXIS2_PLACEMENT_3D('',#4209,#3345,#3346);
#2935=AXIS2_PLACEMENT_3D('',#4239,#3354,#3355);
#2936=AXIS2_PLACEMENT_3D('',#4242,#3356,#3357);
#2937=AXIS2_PLACEMENT_3D('',#4244,#3358,#3359);
#2938=AXIS2_PLACEMENT_3D('',#4245,#3360,#3361);
#2939=AXIS2_PLACEMENT_3D('',#4248,#3363,#3364);
#2940=AXIS2_PLACEMENT_3D('',#4249,#3365,#3366);
#2941=AXIS2_PLACEMENT_3D('',#4250,#3367,#3368);
#2942=AXIS2_PLACEMENT_3D('',#4251,#3369,#3370);
#2943=AXIS2_PLACEMENT_3D('',#4252,#3371,#3372);
#2944=AXIS2_PLACEMENT_3D('',#4253,#3373,#3374);
#2945=AXIS2_PLACEMENT_3D('',#4254,#3375,#3376);
#2946=AXIS2_PLACEMENT_3D('',#4255,#3377,#3378);
#2947=AXIS2_PLACEMENT_3D('',#4256,#3379,#3380);
#2948=AXIS2_PLACEMENT_3D('',#4257,#3381,#3382);
#2949=AXIS2_PLACEMENT_3D('',#4258,#3383,#3384);
#2950=AXIS2_PLACEMENT_3D('',#4259,#3385,#3386);
#2951=AXIS2_PLACEMENT_3D('',#4260,#3387,#3388);
#2952=AXIS2_PLACEMENT_3D('',#4261,#3389,#3390);
#2953=AXIS2_PLACEMENT_3D('',#4262,#3391,#3392);
#2954=AXIS2_PLACEMENT_3D('',#4263,#3393,#3394);
#2955=AXIS2_PLACEMENT_3D('',#4264,#3395,#3396);
#2956=AXIS2_PLACEMENT_3D('',#4265,#3397,#3398);
#2957=AXIS2_PLACEMENT_3D('',#4266,#3399,#3400);
#2958=AXIS2_PLACEMENT_3D('',#4267,#3401,#3402);
#2959=AXIS2_PLACEMENT_3D('',#4268,#3403,#3404);
#2960=AXIS2_PLACEMENT_3D('',#4269,#3405,#3406);
#2961=AXIS2_PLACEMENT_3D('',#4271,#3408,#3409);
#2962=AXIS2_PLACEMENT_3D('',#4304,#3418,#3419);
#2963=AXIS2_PLACEMENT_3D('',#4306,#3420,#3421);
#2964=AXIS2_PLACEMENT_3D('',#4309,#3423,#3424);
#2965=AXIS2_PLACEMENT_3D('',#4310,#3425,#3426);
#2966=AXIS2_PLACEMENT_3D('',#4340,#3434,#3435);
#2967=AXIS2_PLACEMENT_3D('',#4342,#3436,#3437);
#2968=AXIS2_PLACEMENT_3D('',#4345,#3439,#3440);
#2969=AXIS2_PLACEMENT_3D('',#4346,#3441,#3442);
#2970=AXIS2_PLACEMENT_3D('',#4347,#3443,#3444);
#2971=AXIS2_PLACEMENT_3D('',#4348,#3445,#3446);
#2972=AXIS2_PLACEMENT_3D('',#4349,#3447,#3448);
#2973=AXIS2_PLACEMENT_3D('',#4350,#3449,#3450);
#2974=AXIS2_PLACEMENT_3D('',#4351,#3451,#3452);
#2975=AXIS2_PLACEMENT_3D('',#4352,#3453,#3454);
#2976=AXIS2_PLACEMENT_3D('',#4353,#3455,#3456);
#2977=AXIS2_PLACEMENT_3D('',#4354,#3457,#3458);
#2978=AXIS2_PLACEMENT_3D('',#4355,#3459,#3460);
#2979=AXIS2_PLACEMENT_3D('',#4356,#3461,#3462);
#2980=AXIS2_PLACEMENT_3D('',#4357,#3463,#3464);
#2981=AXIS2_PLACEMENT_3D('',#4358,#3465,#3466);
#2982=AXIS2_PLACEMENT_3D('',#4359,#3467,#3468);
#2983=AXIS2_PLACEMENT_3D('',#4360,#3469,#3470);
#2984=AXIS2_PLACEMENT_3D('',#4361,#3471,#3472);
#2985=AXIS2_PLACEMENT_3D('',#4362,#3473,#3474);
#2986=AXIS2_PLACEMENT_3D('',#4363,#3475,#3476);
#2987=AXIS2_PLACEMENT_3D('',#4364,#3477,#3478);
#2988=AXIS2_PLACEMENT_3D('',#4365,#3479,#3480);
#2989=AXIS2_PLACEMENT_3D('',#4366,#3481,#3482);
#2990=AXIS2_PLACEMENT_3D('',#4399,#3491,#3492);
#2991=AXIS2_PLACEMENT_3D('',#4401,#3493,#3494);
#2992=AXIS2_PLACEMENT_3D('',#4404,#3496,#3497);
#2993=AXIS2_PLACEMENT_3D('',#4405,#3498,#3499);
#2994=AXIS2_PLACEMENT_3D('',#4435,#3507,#3508);
#2995=AXIS2_PLACEMENT_3D('',#4438,#3509,#3510);
#2996=AXIS2_PLACEMENT_3D('',#4440,#3511,#3512);
#2997=AXIS2_PLACEMENT_3D('',#4441,#3513,#3514);
#2998=AXIS2_PLACEMENT_3D('',#4444,#3516,#3517);
#2999=AXIS2_PLACEMENT_3D('',#4445,#3518,#3519);
#3000=AXIS2_PLACEMENT_3D('',#4446,#3520,#3521);
#3001=AXIS2_PLACEMENT_3D('',#4447,#3522,#3523);
#3002=AXIS2_PLACEMENT_3D('',#4448,#3524,#3525);
#3003=AXIS2_PLACEMENT_3D('',#4449,#3526,#3527);
#3004=AXIS2_PLACEMENT_3D('',#4450,#3528,#3529);
#3005=AXIS2_PLACEMENT_3D('',#4451,#3530,#3531);
#3006=AXIS2_PLACEMENT_3D('',#4452,#3532,#3533);
#3007=AXIS2_PLACEMENT_3D('',#4453,#3534,#3535);
#3008=AXIS2_PLACEMENT_3D('',#4454,#3536,#3537);
#3009=AXIS2_PLACEMENT_3D('',#4455,#3538,#3539);
#3010=AXIS2_PLACEMENT_3D('',#4456,#3540,#3541);
#3011=AXIS2_PLACEMENT_3D('',#4457,#3542,#3543);
#3012=AXIS2_PLACEMENT_3D('',#4458,#3544,#3545);
#3013=AXIS2_PLACEMENT_3D('',#4459,#3546,#3547);
#3014=AXIS2_PLACEMENT_3D('',#4460,#3548,#3549);
#3015=AXIS2_PLACEMENT_3D('',#4461,#3550,#3551);
#3016=AXIS2_PLACEMENT_3D('',#4462,#3552,#3553);
#3017=AXIS2_PLACEMENT_3D('',#4463,#3554,#3555);
#3018=AXIS2_PLACEMENT_3D('',#4464,#3556,#3557);
#3019=AXIS2_PLACEMENT_3D('',#4465,#3558,#3559);
#3020=AXIS2_PLACEMENT_3D('',#4467,#3561,#3562);
#3021=AXIS2_PLACEMENT_3D('',#4500,#3571,#3572);
#3022=AXIS2_PLACEMENT_3D('',#4502,#3573,#3574);
#3023=AXIS2_PLACEMENT_3D('',#4505,#3576,#3577);
#3024=AXIS2_PLACEMENT_3D('',#4506,#3578,#3579);
#3025=AXIS2_PLACEMENT_3D('',#4536,#3587,#3588);
#3026=AXIS2_PLACEMENT_3D('',#4538,#3589,#3590);
#3027=AXIS2_PLACEMENT_3D('',#4541,#3592,#3593);
#3028=AXIS2_PLACEMENT_3D('',#4542,#3594,#3595);
#3029=AXIS2_PLACEMENT_3D('',#4543,#3596,#3597);
#3030=AXIS2_PLACEMENT_3D('',#4544,#3598,#3599);
#3031=AXIS2_PLACEMENT_3D('',#4545,#3600,#3601);
#3032=AXIS2_PLACEMENT_3D('',#4546,#3602,#3603);
#3033=AXIS2_PLACEMENT_3D('',#4547,#3604,#3605);
#3034=AXIS2_PLACEMENT_3D('',#4548,#3606,#3607);
#3035=AXIS2_PLACEMENT_3D('',#4549,#3608,#3609);
#3036=AXIS2_PLACEMENT_3D('',#4550,#3610,#3611);
#3037=AXIS2_PLACEMENT_3D('',#4551,#3612,#3613);
#3038=AXIS2_PLACEMENT_3D('',#4552,#3614,#3615);
#3039=AXIS2_PLACEMENT_3D('',#4553,#3616,#3617);
#3040=AXIS2_PLACEMENT_3D('',#4554,#3618,#3619);
#3041=AXIS2_PLACEMENT_3D('',#4555,#3620,#3621);
#3042=AXIS2_PLACEMENT_3D('',#4556,#3622,#3623);
#3043=AXIS2_PLACEMENT_3D('',#4557,#3624,#3625);
#3044=AXIS2_PLACEMENT_3D('',#4558,#3626,#3627);
#3045=AXIS2_PLACEMENT_3D('',#4559,#3628,#3629);
#3046=AXIS2_PLACEMENT_3D('',#4560,#3630,#3631);
#3047=AXIS2_PLACEMENT_3D('',#4561,#3632,#3633);
#3048=AXIS2_PLACEMENT_3D('',#4562,#3634,#3635);
#3049=AXIS2_PLACEMENT_3D('',#4566,#3637,#3638);
#3050=AXIS2_PLACEMENT_3D('',#4568,#3640,#3641);
#3051=AXIS2_PLACEMENT_3D('',#4572,#3643,#3644);
#3052=AXIS2_PLACEMENT_3D('',#4574,#3646,#3647);
#3053=AXIS2_PLACEMENT_3D('',#4584,#3653,#3654);
#3054=AXIS2_PLACEMENT_3D('',#4586,#3655,#3656);
#3055=AXIS2_PLACEMENT_3D('',#4589,#3658,#3659);
#3056=AXIS2_PLACEMENT_3D('',#4590,#3660,#3661);
#3057=AXIS2_PLACEMENT_3D('',#4591,#3662,#3663);
#3058=AXIS2_PLACEMENT_3D('',#4595,#3665,#3666);
#3059=AXIS2_PLACEMENT_3D('',#4597,#3668,#3669);
#3060=AXIS2_PLACEMENT_3D('',#4601,#3671,#3672);
#3061=AXIS2_PLACEMENT_3D('',#4603,#3674,#3675);
#3062=AXIS2_PLACEMENT_3D('',#4613,#3681,#3682);
#3063=AXIS2_PLACEMENT_3D('',#4615,#3683,#3684);
#3064=AXIS2_PLACEMENT_3D('',#4618,#3686,#3687);
#3065=AXIS2_PLACEMENT_3D('',#4619,#3688,#3689);
#3066=AXIS2_PLACEMENT_3D('',#4620,#3690,#3691);
#3067=AXIS2_PLACEMENT_3D('',#4622,#3692,#3693);
#3068=AXIS2_PLACEMENT_3D('',#4625,#3695,#3696);
#3069=AXIS2_PLACEMENT_3D('',#4626,#3697,#3698);
#3070=AXIS2_PLACEMENT_3D('',#4628,#3699,#3700);
#3071=AXIS2_PLACEMENT_3D('',#4631,#3702,#3703);
#3072=AXIS2_PLACEMENT_3D('',#4632,#3704,#3705);
#3073=AXIS2_PLACEMENT_3D('',#4633,#3706,#3707);
#3074=AXIS2_PLACEMENT_3D('',#4635,#3708,#3709);
#3075=AXIS2_PLACEMENT_3D('',#4638,#3711,#3712);
#3076=AXIS2_PLACEMENT_3D('',#4639,#3713,#3714);
#3077=AXIS2_PLACEMENT_3D('',#4640,#3715,#3716);
#3078=AXIS2_PLACEMENT_3D('',#4642,#3717,#3718);
#3079=AXIS2_PLACEMENT_3D('',#4645,#3720,#3721);
#3080=AXIS2_PLACEMENT_3D('',#4646,#3722,#3723);
#3081=AXIS2_PLACEMENT_3D('',#4648,#3724,#3725);
#3082=AXIS2_PLACEMENT_3D('',#4651,#3727,#3728);
#3083=AXIS2_PLACEMENT_3D('',#4652,#3729,#3730);
#3084=AXIS2_PLACEMENT_3D('',#4653,#3731,#3732);
#3085=AXIS2_PLACEMENT_3D('',#4655,#3733,#3734);
#3086=AXIS2_PLACEMENT_3D('',#4658,#3736,#3737);
#3087=AXIS2_PLACEMENT_3D('',#4659,#3738,#3739);
#3088=AXIS2_PLACEMENT_3D('',#4660,#3740,#3741);
#3089=AXIS2_PLACEMENT_3D('',#4663,#3744,#3745);
#3090=AXIS2_PLACEMENT_3D('',#4666,#3748,#3749);
#3091=AXIS2_PLACEMENT_3D('',#4676,#3755,#3756);
#3092=AXIS2_PLACEMENT_3D('',#4686,#3762,#3763);
#3093=AXIS2_PLACEMENT_3D('',#4691,#3765,#3766);
#3094=AXIS2_PLACEMENT_3D('',#4694,#3768,#3769);
#3095=AXIS2_PLACEMENT_3D('',#4696,#3770,#3771);
#3096=AXIS2_PLACEMENT_3D('',#4700,#3773,#3774);
#3097=AXIS2_PLACEMENT_3D('',#4704,#3776,#3777);
#3098=AXIS2_PLACEMENT_3D('',#4706,#3778,#3779);
#3099=AXIS2_PLACEMENT_3D('',#4710,#3781,#3782);
#3100=AXIS2_PLACEMENT_3D('',#4714,#3784,#3785);
#3101=AXIS2_PLACEMENT_3D('',#4716,#3786,#3787);
#3102=AXIS2_PLACEMENT_3D('',#4720,#3789,#3790);
#3103=AXIS2_PLACEMENT_3D('',#4724,#3792,#3793);
#3104=AXIS2_PLACEMENT_3D('',#4728,#3795,#3796);
#3105=AXIS2_PLACEMENT_3D('',#4730,#3797,#3798);
#3106=AXIS2_PLACEMENT_3D('',#4734,#3800,#3801);
#3107=AXIS2_PLACEMENT_3D('',#4737,#3803,#3804);
#3108=AXIS2_PLACEMENT_3D('',#4751,#3812,#3813);
#3109=AXIS2_PLACEMENT_3D('',#4754,#3816,#3817);
#3110=AXIS2_PLACEMENT_3D('',#4757,#3820,#3821);
#3111=AXIS2_PLACEMENT_3D('',#4759,#3823,#3824);
#3112=AXIS2_PLACEMENT_3D('',#4760,#3825,#3826);
#3113=AXIS2_PLACEMENT_3D('',#4762,#3828,#3829);
#3114=AXIS2_PLACEMENT_3D('',#4763,#3830,#3831);
#3115=AXIS2_PLACEMENT_3D('',#4767,#3834,#3835);
#3116=AXIS2_PLACEMENT_3D('',#4771,#3838,#3839);
#3117=AXIS2_PLACEMENT_3D('',#4773,#3841,#3842);
#3118=AXIS2_PLACEMENT_3D('',#4775,#3843,#3844);
#3119=AXIS2_PLACEMENT_3D('',#4776,#3845,#3846);
#3120=AXIS2_PLACEMENT_3D('',#4779,#3847,#3848);
#3121=AXIS2_PLACEMENT_3D('',#4781,#3849,#3850);
#3122=AXIS2_PLACEMENT_3D('',#4785,#3852,#3853);
#3123=AXIS2_PLACEMENT_3D('',#4789,#3855,#3856);
#3124=AXIS2_PLACEMENT_3D('',#4791,#3858,#3859);
#3125=AXIS2_PLACEMENT_3D('',#4793,#3860,#3861);
#3126=AXIS2_PLACEMENT_3D('',#4794,#3862,#3863);
#3127=AXIS2_PLACEMENT_3D('',#4797,#3864,#3865);
#3128=AXIS2_PLACEMENT_3D('',#4800,#3868,#3869);
#3129=AXIS2_PLACEMENT_3D('',#4808,#3874,#3875);
#3130=AXIS2_PLACEMENT_3D('',#4812,#3877,#3878);
#3131=AXIS2_PLACEMENT_3D('',#4816,#3880,#3881);
#3132=AXIS2_PLACEMENT_3D('',#4819,#3883,#3884);
#3133=AXIS2_PLACEMENT_3D('',#4820,#3885,#3886);
#3134=AXIS2_PLACEMENT_3D('',#4822,#3888,#3889);
#3135=AXIS2_PLACEMENT_3D('',#4825,#3892,#3893);
#3136=AXIS2_PLACEMENT_3D('',#4827,#3895,#3896);
#3137=AXIS2_PLACEMENT_3D('',#4829,#3898,#3899);
#3138=AXIS2_PLACEMENT_3D('',#4831,#3901,#3902);
#3139=AXIS2_PLACEMENT_3D('',#4832,#3903,#3904);
#3140=AXIS2_PLACEMENT_3D('',#4835,#3907,#3908);
#3141=AXIS2_PLACEMENT_3D('',#4837,#3910,#3911);
#3142=AXIS2_PLACEMENT_3D('',#4840,#3914,#3915);
#3143=AXIS2_PLACEMENT_3D('',#4846,#3919,#3920);
#3144=AXIS2_PLACEMENT_3D('',#4849,#3921,#3922);
#3145=AXIS2_PLACEMENT_3D('',#4852,#3925,#3926);
#3146=AXIS2_PLACEMENT_3D('',#4861,#3932,#3933);
#3147=AXIS2_PLACEMENT_3D('',#4863,#3934,#3935);
#3148=AXIS2_PLACEMENT_3D('',#4865,#3937,#3938);
#3149=AXIS2_PLACEMENT_3D('',#4868,#3939,#3940);
#3150=AXIS2_PLACEMENT_3D('',#4871,#3943,#3944);
#3151=AXIS2_PLACEMENT_3D('',#4873,#3946,#3947);
#3152=AXIS2_PLACEMENT_3D('',#4875,#3949,#3950);
#3153=AXIS2_PLACEMENT_3D('',#4877,#3952,#3953);
#3154=AXIS2_PLACEMENT_3D('',#4880,#3956,#3957);
#3155=AXIS2_PLACEMENT_3D('',#4881,#3958,#3959);
#3156=AXIS2_PLACEMENT_3D('',#4882,#3960,#3961);
#3157=AXIS2_PLACEMENT_3D('',#4883,#3962,#3963);
#3158=AXIS2_PLACEMENT_3D('',#4884,#3964,#3965);
#3159=AXIS2_PLACEMENT_3D('',#4885,#3966,#3967);
#3160=AXIS2_PLACEMENT_3D('',#4886,#3968,#3969);
#3161=AXIS2_PLACEMENT_3D('',#4887,#3970,#3971);
#3162=AXIS2_PLACEMENT_3D('',#4888,#3972,#3973);
#3163=AXIS2_PLACEMENT_3D('',#4889,#3974,#3975);
#3164=DIRECTION('axis',(0.,0.,1.));
#3165=DIRECTION('refdir',(1.,0.,0.));
#3166=DIRECTION('center_axis',(0.,0.,1.));
#3167=DIRECTION('ref_axis',(-1.,1.22464679914735E-16,0.));
#3168=DIRECTION('',(-1.,1.22464679914735E-16,0.));
#3169=DIRECTION('',(1.22464679914735E-16,1.,0.));
#3170=DIRECTION('',(1.,-1.22464679914735E-16,0.));
#3171=DIRECTION('',(-1.22464679914735E-16,-1.,0.));
#3172=DIRECTION('center_axis',(1.22464679914735E-16,1.,0.));
#3173=DIRECTION('ref_axis',(0.,0.,-1.));
#3174=DIRECTION('',(-1.,1.22464679914735E-16,0.));
#3175=DIRECTION('',(0.,0.,-1.));
#3176=DIRECTION('',(1.,-1.22464679914735E-16,0.));
#3177=DIRECTION('',(0.,0.,-1.));
#3178=DIRECTION('center_axis',(-1.,1.22464679914735E-16,0.));
#3179=DIRECTION('ref_axis',(0.,0.,-1.));
#3180=DIRECTION('',(0.,0.,-1.));
#3181=DIRECTION('',(1.22464679914735E-16,1.,0.));
#3182=DIRECTION('',(-1.22464679914735E-16,-1.,0.));
#3183=DIRECTION('',(0.,0.,-1.));
#3184=DIRECTION('',(1.22464679914735E-16,1.,0.));
#3185=DIRECTION('',(0.,0.,-1.));
#3186=DIRECTION('center_axis',(-1.22464679914735E-16,-1.,0.));
#3187=DIRECTION('ref_axis',(0.,0.,1.));
#3188=DIRECTION('',(0.,0.,-1.));
#3189=DIRECTION('',(-1.,1.22464679914735E-16,0.));
#3190=DIRECTION('center_axis',(-1.22464679914735E-16,-1.,0.));
#3191=DIRECTION('ref_axis',(0.,0.,1.));
#3192=DIRECTION('',(1.,-1.22464679914735E-16,0.));
#3193=DIRECTION('',(0.,0.,-1.));
#3194=DIRECTION('',(-1.,1.22464679914735E-16,0.));
#3195=DIRECTION('center_axis',(1.22464679914735E-16,1.,0.));
#3196=DIRECTION('ref_axis',(0.,0.,-1.));
#3197=DIRECTION('',(1.,-1.22464679914735E-16,0.));
#3198=DIRECTION('',(0.,0.,-1.));
#3199=DIRECTION('center_axis',(0.,0.,1.));
#3200=DIRECTION('ref_axis',(-1.,1.22464679914735E-16,0.));
#3201=DIRECTION('',(1.22464679914735E-16,1.,0.));
#3202=DIRECTION('center_axis',(1.,-1.22464679914735E-16,0.));
#3203=DIRECTION('ref_axis',(0.,0.,1.));
#3204=DIRECTION('',(-1.22464679914735E-16,-1.,0.));
#3205=DIRECTION('',(-1.22464679914735E-16,-1.,0.));
#3206=DIRECTION('center_axis',(0.,0.,1.));
#3207=DIRECTION('ref_axis',(-1.,1.22464679914735E-16,0.));
#3208=DIRECTION('',(-1.,1.22464679914735E-16,0.));
#3209=DIRECTION('',(1.22464679914735E-16,1.,0.));
#3210=DIRECTION('',(1.,-1.22464679914735E-16,0.));
#3211=DIRECTION('',(-1.22464679914735E-16,-1.,0.));
#3212=DIRECTION('center_axis',(1.22464679914735E-16,1.,0.));
#3213=DIRECTION('ref_axis',(0.,0.,-1.));
#3214=DIRECTION('',(-1.,1.22464679914735E-16,0.));
#3215=DIRECTION('',(0.,0.,-1.));
#3216=DIRECTION('',(1.,-1.22464679914735E-16,0.));
#3217=DIRECTION('',(0.,0.,-1.));
#3218=DIRECTION('center_axis',(-1.,1.22464679914735E-16,0.));
#3219=DIRECTION('ref_axis',(0.,0.,-1.));
#3220=DIRECTION('',(0.,0.,-1.));
#3221=DIRECTION('',(1.22464679914735E-16,1.,0.));
#3222=DIRECTION('',(-1.22464679914735E-16,-1.,0.));
#3223=DIRECTION('',(0.,0.,-1.));
#3224=DIRECTION('',(1.22464679914735E-16,1.,0.));
#3225=DIRECTION('',(0.,0.,-1.));
#3226=DIRECTION('center_axis',(-1.22464679914735E-16,-1.,0.));
#3227=DIRECTION('ref_axis',(0.,0.,1.));
#3228=DIRECTION('',(0.,0.,-1.));
#3229=DIRECTION('',(-1.,1.22464679914735E-16,0.));
#3230=DIRECTION('center_axis',(-1.22464679914735E-16,-1.,0.));
#3231=DIRECTION('ref_axis',(0.,0.,1.));
#3232=DIRECTION('',(1.,-1.22464679914735E-16,0.));
#3233=DIRECTION('',(0.,0.,-1.));
#3234=DIRECTION('',(-1.,1.22464679914735E-16,0.));
#3235=DIRECTION('center_axis',(1.22464679914735E-16,1.,0.));
#3236=DIRECTION('ref_axis',(0.,0.,-1.));
#3237=DIRECTION('',(1.,-1.22464679914735E-16,0.));
#3238=DIRECTION('',(0.,0.,-1.));
#3239=DIRECTION('center_axis',(0.,0.,1.));
#3240=DIRECTION('ref_axis',(-1.,1.22464679914735E-16,0.));
#3241=DIRECTION('',(1.22464679914735E-16,1.,0.));
#3242=DIRECTION('center_axis',(1.,-1.22464679914735E-16,0.));
#3243=DIRECTION('ref_axis',(0.,0.,1.));
#3244=DIRECTION('',(-1.22464679914735E-16,-1.,0.));
#3245=DIRECTION('',(-1.22464679914735E-16,-1.,0.));
#3246=DIRECTION('center_axis',(0.,0.,1.));
#3247=DIRECTION('ref_axis',(-1.,1.22464679914735E-16,0.));
#3248=DIRECTION('',(0.,0.,1.));
#3249=DIRECTION('center_axis',(0.,0.,1.));
#3250=DIRECTION('ref_axis',(-1.,1.22464679914735E-16,0.));
#3251=DIRECTION('',(0.,0.,-1.));
#3252=DIRECTION('center_axis',(0.,0.,1.));
#3253=DIRECTION('ref_axis',(-1.,1.22464679914735E-16,0.));
#3254=DIRECTION('center_axis',(0.,0.,1.));
#3255=DIRECTION('ref_axis',(1.,-2.44929359829471E-16,0.));
#3256=DIRECTION('',(0.,0.,-1.));
#3257=DIRECTION('center_axis',(0.,0.,1.));
#3258=DIRECTION('ref_axis',(-1.,1.22464679914735E-16,0.));
#3259=DIRECTION('',(0.,0.,1.));
#3260=DIRECTION('center_axis',(0.,0.,1.));
#3261=DIRECTION('ref_axis',(-1.,1.22464679914735E-16,0.));
#3262=DIRECTION('center_axis',(0.,0.,1.));
#3263=DIRECTION('ref_axis',(-1.,1.22464679914735E-16,0.));
#3264=DIRECTION('',(1.,-1.22464679914735E-16,0.));
#3265=DIRECTION('',(-1.,1.22464679914735E-16,0.));
#3266=DIRECTION('center_axis',(1.22464679914735E-16,1.,0.));
#3267=DIRECTION('ref_axis',(0.,0.,-1.));
#3268=DIRECTION('',(-1.,1.22464679914735E-16,0.));
#3269=DIRECTION('',(0.,0.,-1.));
#3270=DIRECTION('',(1.,-1.22464679914735E-16,0.));
#3271=DIRECTION('',(0.,0.,-1.));
#3272=DIRECTION('',(1.,-1.22464679914735E-16,0.));
#3273=DIRECTION('',(0.,0.,-1.));
#3274=DIRECTION('',(-1.,1.22464679914735E-16,0.));
#3275=DIRECTION('',(0.,0.,-1.));
#3276=DIRECTION('',(1.,-1.22464679914735E-16,0.));
#3277=DIRECTION('',(0.,0.,-1.));
#3278=DIRECTION('',(1.,-1.22464679914735E-16,0.));
#3279=DIRECTION('',(0.,0.,1.));
#3280=DIRECTION('',(-1.,1.22464679914735E-16,0.));
#3281=DIRECTION('',(0.,0.,1.));
#3282=DIRECTION('',(-1.,1.22464679914735E-16,0.));
#3283=DIRECTION('',(0.,0.,-1.));
#3284=DIRECTION('',(-1.,1.22464679914735E-16,0.));
#3285=DIRECTION('center_axis',(0.,0.,1.));
#3286=DIRECTION('ref_axis',(-1.,1.22464679914735E-16,0.));
#3287=DIRECTION('',(1.,-1.22464679914735E-16,0.));
#3288=DIRECTION('',(-1.22464679914735E-16,-1.,0.));
#3289=DIRECTION('center_axis',(0.,0.,1.));
#3290=DIRECTION('ref_axis',(-1.,1.22464679914735E-16,0.));
#3291=DIRECTION('center_axis',(0.,0.,1.));
#3292=DIRECTION('ref_axis',(-1.,1.22464679914735E-16,0.));
#3293=DIRECTION('',(1.,-1.22464679914735E-16,0.));
#3294=DIRECTION('center_axis',(0.,0.,1.));
#3295=DIRECTION('ref_axis',(1.,0.,0.));
#3296=DIRECTION('center_axis',(0.,0.,1.));
#3297=DIRECTION('ref_axis',(-1.,1.22464679914735E-16,0.));
#3298=DIRECTION('',(0.,0.,-1.));
#3299=DIRECTION('center_axis',(0.,0.,1.));
#3300=DIRECTION('ref_axis',(-1.,1.22464679914735E-16,0.));
#3301=DIRECTION('center_axis',(0.,0.,1.));
#3302=DIRECTION('ref_axis',(-1.,1.22464679914735E-16,0.));
#3303=DIRECTION('center_axis',(0.,0.,1.));
#3304=DIRECTION('ref_axis',(-1.,1.22464679914735E-16,0.));
#3305=DIRECTION('',(0.,0.,1.));
#3306=DIRECTION('center_axis',(0.,0.,1.));
#3307=DIRECTION('ref_axis',(-1.,1.22464679914735E-16,0.));
#3308=DIRECTION('',(1.,-1.22464679914735E-16,0.));
#3309=DIRECTION('center_axis',(1.22464679914735E-16,1.,0.));
#3310=DIRECTION('ref_axis',(0.,0.,-1.));
#3311=DIRECTION('',(1.,-1.22464679914735E-16,0.));
#3312=DIRECTION('',(0.,0.,-1.));
#3313=DIRECTION('',(-1.,1.22464679914735E-16,0.));
#3314=DIRECTION('',(0.,0.,-1.));
#3315=DIRECTION('',(1.,-1.22464679914735E-16,0.));
#3316=DIRECTION('',(0.,0.,-1.));
#3317=DIRECTION('',(-1.,1.22464679914735E-16,0.));
#3318=DIRECTION('',(0.,0.,1.));
#3319=DIRECTION('center_axis',(0.,0.,1.));
#3320=DIRECTION('ref_axis',(-1.,1.22464679914735E-16,0.));
#3321=DIRECTION('',(1.22464679914735E-16,1.,0.));
#3322=DIRECTION('center_axis',(-1.,1.22464679914735E-16,0.));
#3323=DIRECTION('ref_axis',(0.,0.,-1.));
#3324=DIRECTION('',(1.22464679914735E-16,1.,0.));
#3325=DIRECTION('center_axis',(1.,-1.22464679914735E-16,0.));
#3326=DIRECTION('ref_axis',(0.,0.,1.));
#3327=DIRECTION('',(-1.22464679914735E-16,-1.,0.));
#3328=DIRECTION('center_axis',(1.,-1.22464679914735E-16,0.));
#3329=DIRECTION('ref_axis',(0.,0.,1.));
#3330=DIRECTION('',(0.,0.,-1.));
#3331=DIRECTION('',(-1.22464679914735E-16,-1.,0.));
#3332=DIRECTION('',(0.,0.,1.));
#3333=DIRECTION('',(-1.22464679914735E-16,-1.,0.));
#3334=DIRECTION('',(0.,0.,1.));
#3335=DIRECTION('',(-1.22464679914735E-16,-1.,0.));
#3336=DIRECTION('',(0.,0.,-1.));
#3337=DIRECTION('',(-1.22464679914735E-16,-1.,0.));
#3338=DIRECTION('center_axis',(0.,0.,1.));
#3339=DIRECTION('ref_axis',(-1.,1.22464679914735E-16,0.));
#3340=DIRECTION('center_axis',(0.,0.,1.));
#3341=DIRECTION('ref_axis',(-1.,1.22464679914735E-16,0.));
#3342=DIRECTION('',(1.22464679914735E-16,1.,0.));
#3343=DIRECTION('center_axis',(0.,0.,1.));
#3344=DIRECTION('ref_axis',(-1.,1.22464679914735E-16,0.));
#3345=DIRECTION('center_axis',(-1.,1.22464679914735E-16,0.));
#3346=DIRECTION('ref_axis',(0.,0.,-1.));
#3347=DIRECTION('',(0.,0.,1.));
#3348=DIRECTION('',(1.22464679914735E-16,1.,0.));
#3349=DIRECTION('',(0.,0.,1.));
#3350=DIRECTION('',(1.22464679914735E-16,1.,0.));
#3351=DIRECTION('',(0.,0.,-1.));
#3352=DIRECTION('',(1.22464679914735E-16,1.,0.));
#3353=DIRECTION('',(0.,0.,-1.));
#3354=DIRECTION('center_axis',(0.,0.,1.));
#3355=DIRECTION('ref_axis',(-1.,1.22464679914735E-16,0.));
#3356=DIRECTION('center_axis',(0.,0.,1.));
#3357=DIRECTION('ref_axis',(-1.,1.22464679914735E-16,0.));
#3358=DIRECTION('center_axis',(0.,0.,1.));
#3359=DIRECTION('ref_axis',(-1.,1.22464679914735E-16,0.));
#3360=DIRECTION('center_axis',(0.,0.,1.));
#3361=DIRECTION('ref_axis',(-1.,1.22464679914735E-16,0.));
#3362=DIRECTION('',(0.,0.,-1.));
#3363=DIRECTION('center_axis',(0.,0.,-1.));
#3364=DIRECTION('ref_axis',(-1.,1.22464679914735E-16,0.));
#3365=DIRECTION('center_axis',(0.,0.,-1.));
#3366=DIRECTION('ref_axis',(-1.,1.22464679914735E-16,0.));
#3367=DIRECTION('center_axis',(0.,0.,-1.));
#3368=DIRECTION('ref_axis',(-1.,1.22464679914735E-16,0.));
#3369=DIRECTION('center_axis',(0.,0.,-1.));
#3370=DIRECTION('ref_axis',(1.,-1.22464679914735E-16,0.));
#3371=DIRECTION('center_axis',(0.,0.,-1.));
#3372=DIRECTION('ref_axis',(-1.,1.22464679914735E-16,0.));
#3373=DIRECTION('center_axis',(0.,0.,-1.));
#3374=DIRECTION('ref_axis',(1.,-1.22464679914735E-16,0.));
#3375=DIRECTION('center_axis',(0.,0.,-1.));
#3376=DIRECTION('ref_axis',(-1.,1.22464679914735E-16,0.));
#3377=DIRECTION('center_axis',(0.,0.,1.));
#3378=DIRECTION('ref_axis',(-1.,1.22464679914735E-16,0.));
#3379=DIRECTION('center_axis',(0.,0.,-1.));
#3380=DIRECTION('ref_axis',(-1.,1.22464679914735E-16,0.));
#3381=DIRECTION('center_axis',(0.,0.,1.));
#3382=DIRECTION('ref_axis',(1.,0.,0.));
#3383=DIRECTION('center_axis',(0.,0.,-1.));
#3384=DIRECTION('ref_axis',(-1.,1.22464679914735E-16,0.));
#3385=DIRECTION('center_axis',(0.,0.,-1.));
#3386=DIRECTION('ref_axis',(-1.,1.22464679914735E-16,0.));
#3387=DIRECTION('center_axis',(0.,0.,-1.));
#3388=DIRECTION('ref_axis',(-1.,1.22464679914735E-16,0.));
#3389=DIRECTION('center_axis',(0.,0.,-1.));
#3390=DIRECTION('ref_axis',(1.,0.,0.));
#3391=DIRECTION('center_axis',(0.,0.,-1.));
#3392=DIRECTION('ref_axis',(-1.,1.22464679914735E-16,0.));
#3393=DIRECTION('center_axis',(0.,0.,-1.));
#3394=DIRECTION('ref_axis',(-1.,1.22464679914735E-16,0.));
#3395=DIRECTION('center_axis',(0.,0.,-1.));
#3396=DIRECTION('ref_axis',(-1.,1.22464679914735E-16,0.));
#3397=DIRECTION('center_axis',(0.,0.,1.));
#3398=DIRECTION('ref_axis',(-1.,1.22464679914735E-16,0.));
#3399=DIRECTION('center_axis',(0.,0.,1.));
#3400=DIRECTION('ref_axis',(1.,0.,0.));
#3401=DIRECTION('center_axis',(0.,0.,-1.));
#3402=DIRECTION('ref_axis',(-1.,1.22464679914735E-16,0.));
#3403=DIRECTION('center_axis',(0.,0.,-1.));
#3404=DIRECTION('ref_axis',(-1.,1.22464679914735E-16,0.));
#3405=DIRECTION('center_axis',(0.,0.,1.));
#3406=DIRECTION('ref_axis',(-1.,1.22464679914735E-16,0.));
#3407=DIRECTION('',(-1.,1.22464679914735E-16,0.));
#3408=DIRECTION('center_axis',(1.,-1.22464679914735E-16,0.));
#3409=DIRECTION('ref_axis',(0.,0.,1.));
#3410=DIRECTION('',(0.,0.,-1.));
#3411=DIRECTION('',(-1.22464679914735E-16,-1.,0.));
#3412=DIRECTION('',(0.,0.,1.));
#3413=DIRECTION('',(-1.22464679914735E-16,-1.,0.));
#3414=DIRECTION('',(0.,0.,1.));
#3415=DIRECTION('',(-1.22464679914735E-16,-1.,0.));
#3416=DIRECTION('',(0.,0.,-1.));
#3417=DIRECTION('',(-1.22464679914735E-16,-1.,0.));
#3418=DIRECTION('center_axis',(0.,0.,1.));
#3419=DIRECTION('ref_axis',(-1.,1.22464679914735E-16,0.));
#3420=DIRECTION('center_axis',(0.,0.,1.));
#3421=DIRECTION('ref_axis',(-1.,1.22464679914735E-16,0.));
#3422=DIRECTION('',(1.22464679914735E-16,1.,0.));
#3423=DIRECTION('center_axis',(0.,0.,1.));
#3424=DIRECTION('ref_axis',(-1.,1.22464679914735E-16,0.));
#3425=DIRECTION('center_axis',(-1.,1.22464679914735E-16,0.));
#3426=DIRECTION('ref_axis',(0.,0.,-1.));
#3427=DIRECTION('',(0.,0.,1.));
#3428=DIRECTION('',(1.22464679914735E-16,1.,0.));
#3429=DIRECTION('',(0.,0.,1.));
#3430=DIRECTION('',(1.22464679914735E-16,1.,0.));
#3431=DIRECTION('',(0.,0.,-1.));
#3432=DIRECTION('',(1.22464679914735E-16,1.,0.));
#3433=DIRECTION('',(0.,0.,-1.));
#3434=DIRECTION('center_axis',(0.,0.,1.));
#3435=DIRECTION('ref_axis',(-1.,1.22464679914735E-16,0.));
#3436=DIRECTION('center_axis',(0.,0.,1.));
#3437=DIRECTION('ref_axis',(-1.,1.22464679914735E-16,0.));
#3438=DIRECTION('',(0.,0.,-1.));
#3439=DIRECTION('center_axis',(0.,0.,-1.));
#3440=DIRECTION('ref_axis',(-1.,1.22464679914735E-16,0.));
#3441=DIRECTION('center_axis',(0.,0.,-1.));
#3442=DIRECTION('ref_axis',(-1.,1.22464679914735E-16,0.));
#3443=DIRECTION('center_axis',(0.,0.,-1.));
#3444=DIRECTION('ref_axis',(-1.,1.22464679914735E-16,0.));
#3445=DIRECTION('center_axis',(0.,0.,-1.));
#3446=DIRECTION('ref_axis',(1.,-1.22464679914735E-16,0.));
#3447=DIRECTION('center_axis',(0.,0.,-1.));
#3448=DIRECTION('ref_axis',(-1.,1.22464679914735E-16,0.));
#3449=DIRECTION('center_axis',(0.,0.,-1.));
#3450=DIRECTION('ref_axis',(1.,-1.22464679914735E-16,0.));
#3451=DIRECTION('center_axis',(0.,0.,-1.));
#3452=DIRECTION('ref_axis',(-1.,1.22464679914735E-16,0.));
#3453=DIRECTION('center_axis',(0.,0.,1.));
#3454=DIRECTION('ref_axis',(-1.,1.22464679914735E-16,0.));
#3455=DIRECTION('center_axis',(0.,0.,-1.));
#3456=DIRECTION('ref_axis',(-1.,1.22464679914735E-16,0.));
#3457=DIRECTION('center_axis',(0.,0.,1.));
#3458=DIRECTION('ref_axis',(1.,0.,0.));
#3459=DIRECTION('center_axis',(0.,0.,-1.));
#3460=DIRECTION('ref_axis',(-1.,1.22464679914735E-16,0.));
#3461=DIRECTION('center_axis',(0.,0.,-1.));
#3462=DIRECTION('ref_axis',(-1.,1.22464679914735E-16,0.));
#3463=DIRECTION('center_axis',(0.,0.,-1.));
#3464=DIRECTION('ref_axis',(-1.,1.22464679914735E-16,0.));
#3465=DIRECTION('center_axis',(0.,0.,-1.));
#3466=DIRECTION('ref_axis',(1.,0.,0.));
#3467=DIRECTION('center_axis',(0.,0.,-1.));
#3468=DIRECTION('ref_axis',(-1.,1.22464679914735E-16,0.));
#3469=DIRECTION('center_axis',(0.,0.,-1.));
#3470=DIRECTION('ref_axis',(-1.,1.22464679914735E-16,0.));
#3471=DIRECTION('center_axis',(0.,0.,-1.));
#3472=DIRECTION('ref_axis',(-1.,1.22464679914735E-16,0.));
#3473=DIRECTION('center_axis',(0.,0.,1.));
#3474=DIRECTION('ref_axis',(-1.,1.22464679914735E-16,0.));
#3475=DIRECTION('center_axis',(0.,0.,1.));
#3476=DIRECTION('ref_axis',(1.,0.,0.));
#3477=DIRECTION('center_axis',(0.,0.,-1.));
#3478=DIRECTION('ref_axis',(-1.,1.22464679914735E-16,0.));
#3479=DIRECTION('center_axis',(0.,0.,-1.));
#3480=DIRECTION('ref_axis',(-1.,1.22464679914735E-16,0.));
#3481=DIRECTION('center_axis',(1.,-1.22464679914735E-16,0.));
#3482=DIRECTION('ref_axis',(0.,0.,1.));
#3483=DIRECTION('',(0.,0.,-1.));
#3484=DIRECTION('',(-1.22464679914735E-16,-1.,0.));
#3485=DIRECTION('',(0.,0.,1.));
#3486=DIRECTION('',(-1.22464679914735E-16,-1.,0.));
#3487=DIRECTION('',(0.,0.,1.));
#3488=DIRECTION('',(-1.22464679914735E-16,-1.,0.));
#3489=DIRECTION('',(0.,0.,-1.));
#3490=DIRECTION('',(-1.22464679914735E-16,-1.,0.));
#3491=DIRECTION('center_axis',(0.,0.,1.));
#3492=DIRECTION('ref_axis',(-1.,1.22464679914735E-16,0.));
#3493=DIRECTION('center_axis',(0.,0.,1.));
#3494=DIRECTION('ref_axis',(-1.,1.22464679914735E-16,0.));
#3495=DIRECTION('',(1.22464679914735E-16,1.,0.));
#3496=DIRECTION('center_axis',(0.,0.,1.));
#3497=DIRECTION('ref_axis',(-1.,1.22464679914735E-16,0.));
#3498=DIRECTION('center_axis',(-1.,1.22464679914735E-16,0.));
#3499=DIRECTION('ref_axis',(0.,0.,-1.));
#3500=DIRECTION('',(0.,0.,1.));
#3501=DIRECTION('',(1.22464679914735E-16,1.,0.));
#3502=DIRECTION('',(0.,0.,1.));
#3503=DIRECTION('',(1.22464679914735E-16,1.,0.));
#3504=DIRECTION('',(0.,0.,-1.));
#3505=DIRECTION('',(1.22464679914735E-16,1.,0.));
#3506=DIRECTION('',(0.,0.,-1.));
#3507=DIRECTION('center_axis',(0.,0.,1.));
#3508=DIRECTION('ref_axis',(-1.,1.22464679914735E-16,0.));
#3509=DIRECTION('center_axis',(0.,0.,1.));
#3510=DIRECTION('ref_axis',(-1.,1.22464679914735E-16,0.));
#3511=DIRECTION('center_axis',(0.,0.,1.));
#3512=DIRECTION('ref_axis',(-1.,1.22464679914735E-16,0.));
#3513=DIRECTION('center_axis',(0.,0.,1.));
#3514=DIRECTION('ref_axis',(-1.,1.22464679914735E-16,0.));
#3515=DIRECTION('',(0.,0.,-1.));
#3516=DIRECTION('center_axis',(0.,0.,-1.));
#3517=DIRECTION('ref_axis',(-1.,1.22464679914735E-16,0.));
#3518=DIRECTION('center_axis',(0.,0.,-1.));
#3519=DIRECTION('ref_axis',(-1.,1.22464679914735E-16,0.));
#3520=DIRECTION('center_axis',(0.,0.,-1.));
#3521=DIRECTION('ref_axis',(-1.,1.22464679914735E-16,0.));
#3522=DIRECTION('center_axis',(0.,0.,-1.));
#3523=DIRECTION('ref_axis',(1.,-1.22464679914735E-16,0.));
#3524=DIRECTION('center_axis',(0.,0.,-1.));
#3525=DIRECTION('ref_axis',(-1.,1.22464679914735E-16,0.));
#3526=DIRECTION('center_axis',(0.,0.,-1.));
#3527=DIRECTION('ref_axis',(1.,-1.22464679914735E-16,0.));
#3528=DIRECTION('center_axis',(0.,0.,-1.));
#3529=DIRECTION('ref_axis',(-1.,1.22464679914735E-16,0.));
#3530=DIRECTION('center_axis',(0.,0.,1.));
#3531=DIRECTION('ref_axis',(-1.,1.22464679914735E-16,0.));
#3532=DIRECTION('center_axis',(0.,0.,-1.));
#3533=DIRECTION('ref_axis',(-1.,1.22464679914735E-16,0.));
#3534=DIRECTION('center_axis',(0.,0.,1.));
#3535=DIRECTION('ref_axis',(1.,0.,0.));
#3536=DIRECTION('center_axis',(0.,0.,-1.));
#3537=DIRECTION('ref_axis',(-1.,1.22464679914735E-16,0.));
#3538=DIRECTION('center_axis',(0.,0.,-1.));
#3539=DIRECTION('ref_axis',(-1.,1.22464679914735E-16,0.));
#3540=DIRECTION('center_axis',(0.,0.,-1.));
#3541=DIRECTION('ref_axis',(-1.,1.22464679914735E-16,0.));
#3542=DIRECTION('center_axis',(0.,0.,-1.));
#3543=DIRECTION('ref_axis',(1.,0.,0.));
#3544=DIRECTION('center_axis',(0.,0.,-1.));
#3545=DIRECTION('ref_axis',(-1.,1.22464679914735E-16,0.));
#3546=DIRECTION('center_axis',(0.,0.,-1.));
#3547=DIRECTION('ref_axis',(-1.,1.22464679914735E-16,0.));
#3548=DIRECTION('center_axis',(0.,0.,-1.));
#3549=DIRECTION('ref_axis',(-1.,1.22464679914735E-16,0.));
#3550=DIRECTION('center_axis',(0.,0.,1.));
#3551=DIRECTION('ref_axis',(-1.,1.22464679914735E-16,0.));
#3552=DIRECTION('center_axis',(0.,0.,1.));
#3553=DIRECTION('ref_axis',(1.,0.,0.));
#3554=DIRECTION('center_axis',(0.,0.,-1.));
#3555=DIRECTION('ref_axis',(-1.,1.22464679914735E-16,0.));
#3556=DIRECTION('center_axis',(0.,0.,-1.));
#3557=DIRECTION('ref_axis',(-1.,1.22464679914735E-16,0.));
#3558=DIRECTION('center_axis',(0.,0.,1.));
#3559=DIRECTION('ref_axis',(-1.,1.22464679914735E-16,0.));
#3560=DIRECTION('',(-1.,1.22464679914735E-16,0.));
#3561=DIRECTION('center_axis',(1.,-1.22464679914735E-16,0.));
#3562=DIRECTION('ref_axis',(0.,0.,1.));
#3563=DIRECTION('',(0.,0.,-1.));
#3564=DIRECTION('',(-1.22464679914735E-16,-1.,0.));
#3565=DIRECTION('',(0.,0.,1.));
#3566=DIRECTION('',(-1.22464679914735E-16,-1.,0.));
#3567=DIRECTION('',(0.,0.,1.));
#3568=DIRECTION('',(-1.22464679914735E-16,-1.,0.));
#3569=DIRECTION('',(0.,0.,-1.));
#3570=DIRECTION('',(-1.22464679914735E-16,-1.,0.));
#3571=DIRECTION('center_axis',(0.,0.,1.));
#3572=DIRECTION('ref_axis',(-1.,1.22464679914735E-16,0.));
#3573=DIRECTION('center_axis',(0.,0.,1.));
#3574=DIRECTION('ref_axis',(-1.,1.22464679914735E-16,0.));
#3575=DIRECTION('',(1.22464679914735E-16,1.,0.));
#3576=DIRECTION('center_axis',(0.,0.,1.));
#3577=DIRECTION('ref_axis',(-1.,1.22464679914735E-16,0.));
#3578=DIRECTION('center_axis',(-1.,1.22464679914735E-16,0.));
#3579=DIRECTION('ref_axis',(0.,0.,-1.));
#3580=DIRECTION('',(0.,0.,1.));
#3581=DIRECTION('',(1.22464679914735E-16,1.,0.));
#3582=DIRECTION('',(0.,0.,1.));
#3583=DIRECTION('',(1.22464679914735E-16,1.,0.));
#3584=DIRECTION('',(0.,0.,-1.));
#3585=DIRECTION('',(1.22464679914735E-16,1.,0.));
#3586=DIRECTION('',(0.,0.,-1.));
#3587=DIRECTION('center_axis',(0.,0.,1.));
#3588=DIRECTION('ref_axis',(-1.,1.22464679914735E-16,0.));
#3589=DIRECTION('center_axis',(0.,0.,1.));
#3590=DIRECTION('ref_axis',(-1.,1.22464679914735E-16,0.));
#3591=DIRECTION('',(0.,0.,-1.));
#3592=DIRECTION('center_axis',(0.,0.,-1.));
#3593=DIRECTION('ref_axis',(-1.,1.22464679914735E-16,0.));
#3594=DIRECTION('center_axis',(0.,0.,-1.));
#3595=DIRECTION('ref_axis',(-1.,1.22464679914735E-16,0.));
#3596=DIRECTION('center_axis',(0.,0.,-1.));
#3597=DIRECTION('ref_axis',(-1.,1.22464679914735E-16,0.));
#3598=DIRECTION('center_axis',(0.,0.,-1.));
#3599=DIRECTION('ref_axis',(1.,-1.22464679914735E-16,0.));
#3600=DIRECTION('center_axis',(0.,0.,-1.));
#3601=DIRECTION('ref_axis',(-1.,1.22464679914735E-16,0.));
#3602=DIRECTION('center_axis',(0.,0.,-1.));
#3603=DIRECTION('ref_axis',(1.,-1.22464679914735E-16,0.));
#3604=DIRECTION('center_axis',(0.,0.,-1.));
#3605=DIRECTION('ref_axis',(-1.,1.22464679914735E-16,0.));
#3606=DIRECTION('center_axis',(0.,0.,1.));
#3607=DIRECTION('ref_axis',(-1.,1.22464679914735E-16,0.));
#3608=DIRECTION('center_axis',(0.,0.,-1.));
#3609=DIRECTION('ref_axis',(-1.,1.22464679914735E-16,0.));
#3610=DIRECTION('center_axis',(0.,0.,1.));
#3611=DIRECTION('ref_axis',(1.,0.,0.));
#3612=DIRECTION('center_axis',(0.,0.,-1.));
#3613=DIRECTION('ref_axis',(-1.,1.22464679914735E-16,0.));
#3614=DIRECTION('center_axis',(0.,0.,-1.));
#3615=DIRECTION('ref_axis',(-1.,1.22464679914735E-16,0.));
#3616=DIRECTION('center_axis',(0.,0.,-1.));
#3617=DIRECTION('ref_axis',(-1.,1.22464679914735E-16,0.));
#3618=DIRECTION('center_axis',(0.,0.,-1.));
#3619=DIRECTION('ref_axis',(1.,0.,0.));
#3620=DIRECTION('center_axis',(0.,0.,-1.));
#3621=DIRECTION('ref_axis',(-1.,1.22464679914735E-16,0.));
#3622=DIRECTION('center_axis',(0.,0.,-1.));
#3623=DIRECTION('ref_axis',(-1.,1.22464679914735E-16,0.));
#3624=DIRECTION('center_axis',(0.,0.,-1.));
#3625=DIRECTION('ref_axis',(-1.,1.22464679914735E-16,0.));
#3626=DIRECTION('center_axis',(0.,0.,1.));
#3627=DIRECTION('ref_axis',(-1.,1.22464679914735E-16,0.));
#3628=DIRECTION('center_axis',(0.,0.,1.));
#3629=DIRECTION('ref_axis',(1.,0.,0.));
#3630=DIRECTION('center_axis',(0.,0.,-1.));
#3631=DIRECTION('ref_axis',(-1.,1.22464679914735E-16,0.));
#3632=DIRECTION('center_axis',(0.,0.,-1.));
#3633=DIRECTION('ref_axis',(-1.,1.22464679914735E-16,0.));
#3634=DIRECTION('center_axis',(0.,0.,1.));
#3635=DIRECTION('ref_axis',(-1.,1.22464679914735E-16,0.));
#3636=DIRECTION('',(-1.,1.22464679914735E-16,0.));
#3637=DIRECTION('center_axis',(0.,0.,1.));
#3638=DIRECTION('ref_axis',(-1.,1.22464679914735E-16,0.));
#3639=DIRECTION('',(-1.,1.22464679914735E-16,0.));
#3640=DIRECTION('center_axis',(0.,0.,1.));
#3641=DIRECTION('ref_axis',(6.12323399573676E-17,-1.,0.));
#3642=DIRECTION('',(0.,0.,1.));
#3643=DIRECTION('center_axis',(0.,0.,1.));
#3644=DIRECTION('ref_axis',(-1.,1.22464679914735E-16,0.));
#3645=DIRECTION('',(0.,0.,-1.));
#3646=DIRECTION('center_axis',(1.22464679914735E-16,1.,0.));
#3647=DIRECTION('ref_axis',(0.,0.,-1.));
#3648=DIRECTION('',(1.,-1.22464679914735E-16,0.));
#3649=DIRECTION('',(0.,0.,-1.));
#3650=DIRECTION('',(-1.,1.22464679914735E-16,0.));
#3651=DIRECTION('',(0.,0.,-1.));
#3652=DIRECTION('',(1.,-1.22464679914735E-16,0.));
#3653=DIRECTION('center_axis',(0.,0.,1.));
#3654=DIRECTION('ref_axis',(-1.,1.22464679914735E-16,0.));
#3655=DIRECTION('center_axis',(0.,0.,1.));
#3656=DIRECTION('ref_axis',(-1.,1.22464679914735E-16,0.));
#3657=DIRECTION('',(0.,0.,1.));
#3658=DIRECTION('center_axis',(0.,0.,1.));
#3659=DIRECTION('ref_axis',(-1.,1.22464679914735E-16,0.));
#3660=DIRECTION('center_axis',(0.,0.,1.));
#3661=DIRECTION('ref_axis',(-1.,1.22464679914735E-16,0.));
#3662=DIRECTION('center_axis',(0.,0.,1.));
#3663=DIRECTION('ref_axis',(-1.,1.22464679914735E-16,0.));
#3664=DIRECTION('',(-1.,1.22464679914735E-16,0.));
#3665=DIRECTION('center_axis',(0.,0.,1.));
#3666=DIRECTION('ref_axis',(-1.,1.22464679914735E-16,0.));
#3667=DIRECTION('',(-1.,1.22464679914735E-16,0.));
#3668=DIRECTION('center_axis',(0.,0.,1.));
#3669=DIRECTION('ref_axis',(6.12323399573676E-17,-1.,0.));
#3670=DIRECTION('',(0.,0.,1.));
#3671=DIRECTION('center_axis',(0.,0.,1.));
#3672=DIRECTION('ref_axis',(-1.,1.22464679914735E-16,0.));
#3673=DIRECTION('',(0.,0.,-1.));
#3674=DIRECTION('center_axis',(1.22464679914735E-16,1.,0.));
#3675=DIRECTION('ref_axis',(0.,0.,-1.));
#3676=DIRECTION('',(1.,-1.22464679914735E-16,0.));
#3677=DIRECTION('',(0.,0.,1.));
#3678=DIRECTION('',(-1.,1.22464679914735E-16,0.));
#3679=DIRECTION('',(0.,0.,-1.));
#3680=DIRECTION('',(1.,-1.22464679914735E-16,0.));
#3681=DIRECTION('center_axis',(0.,0.,1.));
#3682=DIRECTION('ref_axis',(-1.,1.22464679914735E-16,0.));
#3683=DIRECTION('center_axis',(0.,0.,1.));
#3684=DIRECTION('ref_axis',(-1.,1.22464679914735E-16,0.));
#3685=DIRECTION('',(0.,0.,1.));
#3686=DIRECTION('center_axis',(0.,0.,1.));
#3687=DIRECTION('ref_axis',(-1.,1.22464679914735E-16,0.));
#3688=DIRECTION('center_axis',(0.,0.,1.));
#3689=DIRECTION('ref_axis',(-1.,1.22464679914735E-16,0.));
#3690=DIRECTION('center_axis',(0.,0.,1.));
#3691=DIRECTION('ref_axis',(-1.,1.22464679914735E-16,0.));
#3692=DIRECTION('center_axis',(0.,0.,1.));
#3693=DIRECTION('ref_axis',(-1.,1.22464679914735E-16,0.));
#3694=DIRECTION('',(0.,0.,1.));
#3695=DIRECTION('center_axis',(0.,0.,-1.));
#3696=DIRECTION('ref_axis',(-1.,1.22464679914735E-16,0.));
#3697=DIRECTION('center_axis',(0.,0.,1.));
#3698=DIRECTION('ref_axis',(-1.,1.22464679914735E-16,0.));
#3699=DIRECTION('center_axis',(0.,0.,-1.));
#3700=DIRECTION('ref_axis',(-1.,1.22464679914735E-16,0.));
#3701=DIRECTION('',(0.,0.,1.));
#3702=DIRECTION('center_axis',(0.,0.,-1.));
#3703=DIRECTION('ref_axis',(-1.,1.22464679914735E-16,0.));
#3704=DIRECTION('center_axis',(0.,0.,-1.));
#3705=DIRECTION('ref_axis',(1.,-1.22464679914735E-16,0.));
#3706=DIRECTION('center_axis',(0.,0.,1.));
#3707=DIRECTION('ref_axis',(-1.,1.22464679914735E-16,0.));
#3708=DIRECTION('center_axis',(0.,0.,-1.));
#3709=DIRECTION('ref_axis',(-1.,1.22464679914735E-16,0.));
#3710=DIRECTION('',(0.,0.,1.));
#3711=DIRECTION('center_axis',(0.,0.,-1.));
#3712=DIRECTION('ref_axis',(-1.,1.22464679914735E-16,0.));
#3713=DIRECTION('center_axis',(0.,0.,-1.));
#3714=DIRECTION('ref_axis',(1.,-1.22464679914735E-16,0.));
#3715=DIRECTION('center_axis',(0.,0.,1.));
#3716=DIRECTION('ref_axis',(-1.,1.22464679914735E-16,0.));
#3717=DIRECTION('center_axis',(0.,0.,1.));
#3718=DIRECTION('ref_axis',(-1.,1.22464679914735E-16,0.));
#3719=DIRECTION('',(0.,0.,1.));
#3720=DIRECTION('center_axis',(0.,0.,-1.));
#3721=DIRECTION('ref_axis',(-1.,1.22464679914735E-16,0.));
#3722=DIRECTION('center_axis',(0.,0.,1.));
#3723=DIRECTION('ref_axis',(-1.,1.22464679914735E-16,0.));
#3724=DIRECTION('center_axis',(0.,0.,-1.));
#3725=DIRECTION('ref_axis',(-1.,1.22464679914735E-16,0.));
#3726=DIRECTION('',(0.,0.,1.));
#3727=DIRECTION('center_axis',(0.,0.,-1.));
#3728=DIRECTION('ref_axis',(-1.,1.22464679914735E-16,0.));
#3729=DIRECTION('center_axis',(0.,0.,-1.));
#3730=DIRECTION('ref_axis',(1.,-1.22464679914735E-16,0.));
#3731=DIRECTION('center_axis',(0.,0.,1.));
#3732=DIRECTION('ref_axis',(-1.,1.22464679914735E-16,0.));
#3733=DIRECTION('center_axis',(0.,0.,-1.));
#3734=DIRECTION('ref_axis',(-1.,1.22464679914735E-16,0.));
#3735=DIRECTION('',(0.,0.,1.));
#3736=DIRECTION('center_axis',(0.,0.,-1.));
#3737=DIRECTION('ref_axis',(-1.,1.22464679914735E-16,0.));
#3738=DIRECTION('center_axis',(0.,0.,-1.));
#3739=DIRECTION('ref_axis',(1.,-1.22464679914735E-16,0.));
#3740=DIRECTION('center_axis',(-1.,1.22464679914735E-16,0.));
#3741=DIRECTION('ref_axis',(0.,0.,-1.));
#3742=DIRECTION('',(1.22464679914735E-16,1.,0.));
#3743=DIRECTION('',(-1.22464679914735E-16,-1.,0.));
#3744=DIRECTION('center_axis',(1.,-1.22464679914735E-16,0.));
#3745=DIRECTION('ref_axis',(0.,0.,1.));
#3746=DIRECTION('',(-1.22464679914735E-16,-1.,0.));
#3747=DIRECTION('',(1.22464679914735E-16,1.,0.));
#3748=DIRECTION('center_axis',(0.,0.,1.));
#3749=DIRECTION('ref_axis',(-1.,1.22464679914735E-16,0.));
#3750=DIRECTION('',(-1.22464679914735E-16,-1.,0.));
#3751=DIRECTION('',(-1.,1.22464679914735E-16,0.));
#3752=DIRECTION('',(-1.22464679914735E-16,-1.,0.));
#3753=DIRECTION('',(-1.,1.22464679914735E-16,0.));
#3754=DIRECTION('',(-1.22464679914735E-16,-1.,0.));
#3755=DIRECTION('center_axis',(0.,0.,1.));
#3756=DIRECTION('ref_axis',(-1.,1.22464679914735E-16,0.));
#3757=DIRECTION('',(1.22464679914735E-16,1.,0.));
#3758=DIRECTION('',(-1.,1.22464679914735E-16,0.));
#3759=DIRECTION('',(1.22464679914735E-16,1.,0.));
#3760=DIRECTION('',(-1.,1.22464679914735E-16,0.));
#3761=DIRECTION('',(1.22464679914735E-16,1.,0.));
#3762=DIRECTION('center_axis',(0.,0.,1.));
#3763=DIRECTION('ref_axis',(-1.,1.22464679914735E-16,0.));
#3764=DIRECTION('',(1.,-1.22464679914735E-16,0.));
#3765=DIRECTION('center_axis',(0.,0.,-1.));
#3766=DIRECTION('ref_axis',(-1.,1.22464679914735E-16,0.));
#3767=DIRECTION('',(-1.22464679914735E-16,-1.,0.));
#3768=DIRECTION('center_axis',(0.,0.,1.));
#3769=DIRECTION('ref_axis',(-1.,1.22464679914735E-16,0.));
#3770=DIRECTION('center_axis',(0.,0.,1.));
#3771=DIRECTION('ref_axis',(-1.,1.22464679914735E-16,0.));
#3772=DIRECTION('',(1.22464679914735E-16,1.,0.));
#3773=DIRECTION('center_axis',(0.,0.,-1.));
#3774=DIRECTION('ref_axis',(-1.,1.22464679914735E-16,0.));
#3775=DIRECTION('',(1.,-1.22464679914735E-16,0.));
#3776=DIRECTION('center_axis',(0.,0.,1.));
#3777=DIRECTION('ref_axis',(-1.,1.22464679914735E-16,0.));
#3778=DIRECTION('center_axis',(0.,0.,1.));
#3779=DIRECTION('ref_axis',(-1.,1.22464679914735E-16,0.));
#3780=DIRECTION('',(-1.,1.22464679914735E-16,0.));
#3781=DIRECTION('center_axis',(0.,0.,-1.));
#3782=DIRECTION('ref_axis',(-1.,1.22464679914735E-16,0.));
#3783=DIRECTION('',(1.22464679914735E-16,1.,0.));
#3784=DIRECTION('center_axis',(0.,0.,1.));
#3785=DIRECTION('ref_axis',(-1.,1.22464679914735E-16,0.));
#3786=DIRECTION('center_axis',(0.,0.,-1.));
#3787=DIRECTION('ref_axis',(-1.,1.22464679914735E-16,0.));
#3788=DIRECTION('',(1.22464679914735E-16,1.,0.));
#3789=DIRECTION('center_axis',(0.,0.,1.));
#3790=DIRECTION('ref_axis',(-1.,1.22464679914735E-16,0.));
#3791=DIRECTION('',(-1.,1.22464679914735E-16,0.));
#3792=DIRECTION('center_axis',(0.,0.,1.));
#3793=DIRECTION('ref_axis',(-1.,1.22464679914735E-16,0.));
#3794=DIRECTION('',(-1.22464679914735E-16,-1.,0.));
#3795=DIRECTION('center_axis',(0.,0.,-1.));
#3796=DIRECTION('ref_axis',(-1.,1.22464679914735E-16,0.));
#3797=DIRECTION('center_axis',(0.,0.,1.));
#3798=DIRECTION('ref_axis',(-1.,1.22464679914735E-16,0.));
#3799=DIRECTION('',(-1.22464679914735E-16,-1.,0.));
#3800=DIRECTION('center_axis',(0.,0.,-1.));
#3801=DIRECTION('ref_axis',(-1.,1.22464679914735E-16,0.));
#3802=DIRECTION('',(-1.,1.22464679914735E-16,0.));
#3803=DIRECTION('center_axis',(0.,0.,1.));
#3804=DIRECTION('ref_axis',(-1.,1.22464679914735E-16,0.));
#3805=DIRECTION('',(1.22464679914735E-16,1.,0.));
#3806=DIRECTION('',(1.,-1.22464679914735E-16,0.));
#3807=DIRECTION('',(1.22464679914735E-16,1.,0.));
#3808=DIRECTION('',(1.,-1.22464679914735E-16,0.));
#3809=DIRECTION('',(-1.22464679914735E-16,-1.,0.));
#3810=DIRECTION('',(1.,-1.22464679914735E-16,0.));
#3811=DIRECTION('',(-1.22464679914735E-16,-1.,0.));
#3812=DIRECTION('center_axis',(1.,-1.22464679914735E-16,0.));
#3813=DIRECTION('ref_axis',(0.,0.,1.));
#3814=DIRECTION('',(0.,0.,-1.));
#3815=DIRECTION('',(0.,0.,1.));
#3816=DIRECTION('center_axis',(-1.,1.22464679914735E-16,0.));
#3817=DIRECTION('ref_axis',(0.,0.,-1.));
#3818=DIRECTION('',(0.,0.,-1.));
#3819=DIRECTION('',(0.,0.,-1.));
#3820=DIRECTION('center_axis',(-1.22464679914735E-16,-1.,0.));
#3821=DIRECTION('ref_axis',(0.,0.,1.));
#3822=DIRECTION('',(0.,0.,-1.));
#3823=DIRECTION('center_axis',(-1.,1.22464679914735E-16,0.));
#3824=DIRECTION('ref_axis',(0.,0.,-1.));
#3825=DIRECTION('center_axis',(-1.22464679914735E-16,-1.,0.));
#3826=DIRECTION('ref_axis',(0.,0.,1.));
#3827=DIRECTION('',(0.,0.,-1.));
#3828=DIRECTION('center_axis',(1.,-1.22464679914735E-16,0.));
#3829=DIRECTION('ref_axis',(0.,0.,1.));
#3830=DIRECTION('center_axis',(-1.,1.22464679914735E-16,0.));
#3831=DIRECTION('ref_axis',(0.,0.,-1.));
#3832=DIRECTION('',(1.22464679914735E-16,1.,0.));
#3833=DIRECTION('',(0.,0.,-1.));
#3834=DIRECTION('center_axis',(-1.22464679914735E-16,-1.,0.));
#3835=DIRECTION('ref_axis',(0.,0.,1.));
#3836=DIRECTION('',(0.,0.,-1.));
#3837=DIRECTION('',(-1.,1.22464679914735E-16,0.));
#3838=DIRECTION('center_axis',(1.,-1.22464679914735E-16,0.));
#3839=DIRECTION('ref_axis',(0.,0.,1.));
#3840=DIRECTION('',(-1.22464679914735E-16,-1.,0.));
#3841=DIRECTION('center_axis',(0.,0.,-1.));
#3842=DIRECTION('ref_axis',(1.,-1.22464679914735E-16,0.));
#3843=DIRECTION('center_axis',(0.,0.,-1.));
#3844=DIRECTION('ref_axis',(-1.,1.22464679914735E-16,0.));
#3845=DIRECTION('center_axis',(0.,0.,1.));
#3846=DIRECTION('ref_axis',(-1.,1.22464679914735E-16,0.));
#3847=DIRECTION('center_axis',(0.,0.,1.));
#3848=DIRECTION('ref_axis',(-1.,1.22464679914735E-16,0.));
#3849=DIRECTION('center_axis',(0.,0.,1.));
#3850=DIRECTION('ref_axis',(-1.,1.22464679914735E-16,0.));
#3851=DIRECTION('',(1.,-1.22464679914735E-16,0.));
#3852=DIRECTION('center_axis',(0.,0.,1.));
#3853=DIRECTION('ref_axis',(-1.,1.22464679914735E-16,0.));
#3854=DIRECTION('',(1.22464679914735E-16,1.,0.));
#3855=DIRECTION('center_axis',(0.,0.,1.));
#3856=DIRECTION('ref_axis',(-1.,1.22464679914735E-16,0.));
#3857=DIRECTION('',(-1.,1.22464679914735E-16,0.));
#3858=DIRECTION('center_axis',(0.,0.,-1.));
#3859=DIRECTION('ref_axis',(1.,-1.22464679914735E-16,0.));
#3860=DIRECTION('center_axis',(0.,0.,-1.));
#3861=DIRECTION('ref_axis',(-1.,1.22464679914735E-16,0.));
#3862=DIRECTION('center_axis',(0.,0.,1.));
#3863=DIRECTION('ref_axis',(-1.,1.22464679914735E-16,0.));
#3864=DIRECTION('center_axis',(0.,0.,1.));
#3865=DIRECTION('ref_axis',(-1.,1.22464679914735E-16,0.));
#3866=DIRECTION('',(0.,0.,-1.));
#3867=DIRECTION('',(0.,0.,-1.));
#3868=DIRECTION('center_axis',(-1.22464679914735E-16,-1.,0.));
#3869=DIRECTION('ref_axis',(0.,0.,1.));
#3870=DIRECTION('',(1.,-1.22464679914735E-16,0.));
#3871=DIRECTION('',(0.,0.,-1.));
#3872=DIRECTION('',(1.,-1.22464679914735E-16,0.));
#3873=DIRECTION('',(0.,0.,-1.));
#3874=DIRECTION('center_axis',(0.,0.,1.));
#3875=DIRECTION('ref_axis',(-1.,1.22464679914735E-16,0.));
#3876=DIRECTION('',(1.22464679914735E-16,1.,0.));
#3877=DIRECTION('center_axis',(0.,0.,-1.));
#3878=DIRECTION('ref_axis',(-1.,1.22464679914735E-16,0.));
#3879=DIRECTION('',(1.,-1.22464679914735E-16,0.));
#3880=DIRECTION('center_axis',(0.,0.,-1.));
#3881=DIRECTION('ref_axis',(-1.,1.22464679914735E-16,0.));
#3882=DIRECTION('',(-1.22464679914735E-16,-1.,0.));
#3883=DIRECTION('center_axis',(0.,0.,1.));
#3884=DIRECTION('ref_axis',(-1.,1.22464679914735E-16,0.));
#3885=DIRECTION('center_axis',(1.,-1.22464679914735E-16,0.));
#3886=DIRECTION('ref_axis',(0.,0.,1.));
#3887=DIRECTION('',(0.,0.,-1.));
#3888=DIRECTION('center_axis',(0.,0.,1.));
#3889=DIRECTION('ref_axis',(-1.,1.22464679914735E-16,0.));
#3890=DIRECTION('',(0.,0.,-1.));
#3891=DIRECTION('',(0.,0.,-1.));
#3892=DIRECTION('center_axis',(-1.,1.22464679914735E-16,0.));
#3893=DIRECTION('ref_axis',(0.,0.,-1.));
#3894=DIRECTION('',(0.,0.,-1.));
#3895=DIRECTION('center_axis',(0.,0.,1.));
#3896=DIRECTION('ref_axis',(-1.,1.22464679914735E-16,0.));
#3897=DIRECTION('',(0.,0.,-1.));
#3898=DIRECTION('center_axis',(0.,0.,1.));
#3899=DIRECTION('ref_axis',(-1.,1.22464679914735E-16,0.));
#3900=DIRECTION('',(0.,0.,-1.));
#3901=DIRECTION('center_axis',(-1.22464679914735E-16,-1.,0.));
#3902=DIRECTION('ref_axis',(0.,0.,1.));
#3903=DIRECTION('center_axis',(0.,0.,1.));
#3904=DIRECTION('ref_axis',(-1.,1.22464679914735E-16,0.));
#3905=DIRECTION('',(0.,0.,-1.));
#3906=DIRECTION('',(0.,0.,-1.));
#3907=DIRECTION('center_axis',(1.22464679914735E-16,1.,0.));
#3908=DIRECTION('ref_axis',(0.,0.,-1.));
#3909=DIRECTION('',(0.,0.,-1.));
#3910=DIRECTION('center_axis',(0.,0.,1.));
#3911=DIRECTION('ref_axis',(-1.,1.22464679914735E-16,0.));
#3912=DIRECTION('',(0.,0.,-1.));
#3913=DIRECTION('',(0.,0.,-1.));
#3914=DIRECTION('center_axis',(1.,-1.22464679914735E-16,0.));
#3915=DIRECTION('ref_axis',(0.,0.,1.));
#3916=DIRECTION('',(0.,0.,-1.));
#3917=DIRECTION('',(1.22464679914735E-16,1.,0.));
#3918=DIRECTION('',(0.,0.,-1.));
#3919=DIRECTION('center_axis',(0.,0.,1.));
#3920=DIRECTION('ref_axis',(-1.,1.22464679914735E-16,0.));
#3921=DIRECTION('center_axis',(0.,0.,1.));
#3922=DIRECTION('ref_axis',(-1.,1.22464679914735E-16,0.));
#3923=DIRECTION('',(0.,0.,-1.));
#3924=DIRECTION('',(0.,0.,-1.));
#3925=DIRECTION('center_axis',(-1.,1.22464679914735E-16,0.));
#3926=DIRECTION('ref_axis',(0.,0.,-1.));
#3927=DIRECTION('',(-1.22464679914735E-16,-1.,0.));
#3928=DIRECTION('',(0.,0.,-1.));
#3929=DIRECTION('',(-1.22464679914735E-16,-1.,0.));
#3930=DIRECTION('',(0.,0.,-1.));
#3931=DIRECTION('',(0.,0.,-1.));
#3932=DIRECTION('center_axis',(0.,0.,1.));
#3933=DIRECTION('ref_axis',(-1.,1.22464679914735E-16,0.));
#3934=DIRECTION('center_axis',(0.,0.,1.));
#3935=DIRECTION('ref_axis',(-1.,1.22464679914735E-16,0.));
#3936=DIRECTION('',(0.,0.,-1.));
#3937=DIRECTION('center_axis',(0.,0.,1.));
#3938=DIRECTION('ref_axis',(-1.,1.22464679914735E-16,0.));
#3939=DIRECTION('center_axis',(0.,0.,1.));
#3940=DIRECTION('ref_axis',(-1.,1.22464679914735E-16,0.));
#3941=DIRECTION('',(-1.,1.22464679914735E-16,0.));
#3942=DIRECTION('',(1.,-1.22464679914735E-16,0.));
#3943=DIRECTION('center_axis',(-1.22464679914735E-16,-1.,0.));
#3944=DIRECTION('ref_axis',(0.,0.,1.));
#3945=DIRECTION('',(0.,0.,-1.));
#3946=DIRECTION('center_axis',(-1.22464679914735E-16,-1.,0.));
#3947=DIRECTION('ref_axis',(0.,0.,1.));
#3948=DIRECTION('',(0.,0.,-1.));
#3949=DIRECTION('center_axis',(0.,0.,1.));
#3950=DIRECTION('ref_axis',(-1.,1.22464679914735E-16,0.));
#3951=DIRECTION('',(0.,0.,-1.));
#3952=DIRECTION('center_axis',(0.,0.,1.));
#3953=DIRECTION('ref_axis',(-1.,1.22464679914735E-16,0.));
#3954=DIRECTION('',(0.,0.,-1.));
#3955=DIRECTION('',(0.,0.,-1.));
#3956=DIRECTION('center_axis',(1.22464679914735E-16,1.,0.));
#3957=DIRECTION('ref_axis',(0.,0.,-1.));
#3958=DIRECTION('center_axis',(0.,0.,1.));
#3959=DIRECTION('ref_axis',(-1.,1.22464679914735E-16,0.));
#3960=DIRECTION('center_axis',(0.,0.,-1.));
#3961=DIRECTION('ref_axis',(-1.,1.22464679914735E-16,0.));
#3962=DIRECTION('center_axis',(0.,0.,1.));
#3963=DIRECTION('ref_axis',(-1.,1.22464679914735E-16,0.));
#3964=DIRECTION('center_axis',(0.,0.,-1.));
#3965=DIRECTION('ref_axis',(-1.,1.22464679914735E-16,0.));
#3966=DIRECTION('center_axis',(0.,0.,1.));
#3967=DIRECTION('ref_axis',(-1.,1.22464679914735E-16,0.));
#3968=DIRECTION('center_axis',(0.,0.,-1.));
#3969=DIRECTION('ref_axis',(-1.,1.22464679914735E-16,0.));
#3970=DIRECTION('center_axis',(0.,0.,1.));
#3971=DIRECTION('ref_axis',(-1.,1.22464679914735E-16,0.));
#3972=DIRECTION('center_axis',(0.,0.,-1.));
#3973=DIRECTION('ref_axis',(-1.,1.22464679914735E-16,0.));
#3974=DIRECTION('center_axis',(0.,0.,1.));
#3975=DIRECTION('ref_axis',(-1.,1.22464679914735E-16,0.));
#3976=CARTESIAN_POINT('',(0.,0.,0.));
#3977=CARTESIAN_POINT('Origin',(-8.,26.35,-4.8));
#3978=CARTESIAN_POINT('',(-5.,24.5,-4.8));
#3979=CARTESIAN_POINT('',(-11.,24.5,-4.8));
#3980=CARTESIAN_POINT('',(-8.,24.5,-4.8));
#3981=CARTESIAN_POINT('',(-5.,28.2,-4.8));
#3982=CARTESIAN_POINT('',(-5.,26.35,-4.8));
#3983=CARTESIAN_POINT('',(-11.,28.2,-4.8));
#3984=CARTESIAN_POINT('',(-8.,28.2,-4.8));
#3985=CARTESIAN_POINT('',(-11.,26.35,-4.8));
#3986=CARTESIAN_POINT('Origin',(-8.,23.2,-4.7));
#3987=CARTESIAN_POINT('',(-5.,23.2,-6.2));
#3988=CARTESIAN_POINT('',(-11.,23.2,-6.2));
#3989=CARTESIAN_POINT('',(-8.,23.2,-6.2));
#3990=CARTESIAN_POINT('',(-5.,23.2,-3.2));
#3991=CARTESIAN_POINT('',(-5.,23.2,-4.7));
#3992=CARTESIAN_POINT('',(-11.,23.2,-3.2));
#3993=CARTESIAN_POINT('',(-4.,23.2,-3.2));
#3994=CARTESIAN_POINT('',(-11.,23.2,-4.7));
#3995=CARTESIAN_POINT('Origin',(-5.,23.85,-4.7));
#3996=CARTESIAN_POINT('',(-5.,24.5,-3.2));
#3997=CARTESIAN_POINT('',(-5.,24.5,-4.7));
#3998=CARTESIAN_POINT('',(-5.,24.7,-3.2));
#3999=CARTESIAN_POINT('',(-5.,29.5,-6.2));
#4000=CARTESIAN_POINT('',(-5.,23.85,-6.2));
#4001=CARTESIAN_POINT('',(-5.,29.5,-3.2));
#4002=CARTESIAN_POINT('',(-5.,29.5,-4.7));
#4003=CARTESIAN_POINT('',(-5.,28.2,-3.2));
#4004=CARTESIAN_POINT('',(-5.,27.2,-3.2));
#4005=CARTESIAN_POINT('',(-5.,28.2,-4.7));
#4006=CARTESIAN_POINT('Origin',(-8.,24.5,-4.7));
#4007=CARTESIAN_POINT('',(-11.,24.5,-3.2));
#4008=CARTESIAN_POINT('',(-11.,24.5,-4.7));
#4009=CARTESIAN_POINT('',(-4.,24.5,-3.2));
#4010=CARTESIAN_POINT('Origin',(-8.,29.5,-4.7));
#4011=CARTESIAN_POINT('',(-11.,29.5,-6.2));
#4012=CARTESIAN_POINT('',(-8.,29.5,-6.2));
#4013=CARTESIAN_POINT('',(-11.,29.5,-3.2));
#4014=CARTESIAN_POINT('',(-11.,29.5,-4.7));
#4015=CARTESIAN_POINT('',(-4.,29.5,-3.2));
#4016=CARTESIAN_POINT('Origin',(-8.,28.2,-4.7));
#4017=CARTESIAN_POINT('',(-11.,28.2,-3.2));
#4018=CARTESIAN_POINT('',(-4.,28.2,-3.2));
#4019=CARTESIAN_POINT('',(-11.,28.2,-4.7));
#4020=CARTESIAN_POINT('Origin',(-8.,23.85,-6.2));
#4021=CARTESIAN_POINT('',(-11.,23.85,-6.2));
#4022=CARTESIAN_POINT('Origin',(-11.,23.85,-4.7));
#4023=CARTESIAN_POINT('',(-11.,24.7,-3.2));
#4024=CARTESIAN_POINT('',(-11.,27.2,-3.2));
#4025=CARTESIAN_POINT('Origin',(8.,26.35,-4.8));
#4026=CARTESIAN_POINT('',(11.,24.5,-4.8));
#4027=CARTESIAN_POINT('',(5.,24.5,-4.8));
#4028=CARTESIAN_POINT('',(8.,24.5,-4.8));
#4029=CARTESIAN_POINT('',(11.,28.2,-4.8));
#4030=CARTESIAN_POINT('',(11.,26.35,-4.8));
#4031=CARTESIAN_POINT('',(5.,28.2,-4.8));
#4032=CARTESIAN_POINT('',(8.,28.2,-4.8));
#4033=CARTESIAN_POINT('',(5.,26.35,-4.8));
#4034=CARTESIAN_POINT('Origin',(8.,23.2,-4.7));
#4035=CARTESIAN_POINT('',(11.,23.2,-6.2));
#4036=CARTESIAN_POINT('',(5.,23.2,-6.2));
#4037=CARTESIAN_POINT('',(8.,23.2,-6.2));
#4038=CARTESIAN_POINT('',(11.,23.2,-3.2));
#4039=CARTESIAN_POINT('',(11.,23.2,-4.7));
#4040=CARTESIAN_POINT('',(5.,23.2,-3.2));
#4041=CARTESIAN_POINT('',(4.,23.2,-3.2));
#4042=CARTESIAN_POINT('',(5.,23.2,-4.7));
#4043=CARTESIAN_POINT('Origin',(11.,23.85,-4.7));
#4044=CARTESIAN_POINT('',(11.,24.5,-3.2));
#4045=CARTESIAN_POINT('',(11.,24.5,-4.7));
#4046=CARTESIAN_POINT('',(11.,24.7,-3.2));
#4047=CARTESIAN_POINT('',(11.,29.5,-6.2));
#4048=CARTESIAN_POINT('',(11.,23.85,-6.2));
#4049=CARTESIAN_POINT('',(11.,29.5,-3.2));
#4050=CARTESIAN_POINT('',(11.,29.5,-4.7));
#4051=CARTESIAN_POINT('',(11.,28.2,-3.2));
#4052=CARTESIAN_POINT('',(11.,27.2,-3.2));
#4053=CARTESIAN_POINT('',(11.,28.2,-4.7));
#4054=CARTESIAN_POINT('Origin',(8.,24.5,-4.7));
#4055=CARTESIAN_POINT('',(5.,24.5,-3.2));
#4056=CARTESIAN_POINT('',(5.,24.5,-4.7));
#4057=CARTESIAN_POINT('',(4.,24.5,-3.2));
#4058=CARTESIAN_POINT('Origin',(8.,29.5,-4.7));
#4059=CARTESIAN_POINT('',(5.,29.5,-6.2));
#4060=CARTESIAN_POINT('',(8.,29.5,-6.2));
#4061=CARTESIAN_POINT('',(5.,29.5,-3.2));
#4062=CARTESIAN_POINT('',(5.,29.5,-4.7));
#4063=CARTESIAN_POINT('',(4.,29.5,-3.2));
#4064=CARTESIAN_POINT('Origin',(8.,28.2,-4.7));
#4065=CARTESIAN_POINT('',(5.,28.2,-3.2));
#4066=CARTESIAN_POINT('',(4.,28.2,-3.2));
#4067=CARTESIAN_POINT('',(5.,28.2,-4.7));
#4068=CARTESIAN_POINT('Origin',(8.,23.85,-6.2));
#4069=CARTESIAN_POINT('',(5.,23.85,-6.2));
#4070=CARTESIAN_POINT('Origin',(5.,23.85,-4.7));
#4071=CARTESIAN_POINT('',(5.,24.7,-3.2));
#4072=CARTESIAN_POINT('',(5.,27.2,-3.2));
#4073=CARTESIAN_POINT('Origin',(-12.,-14.15,-3.15));
#4074=CARTESIAN_POINT('',(-12.9031195934094,-15.05,-3.9));
#4075=CARTESIAN_POINT('',(-12.9031195934094,-15.05,-2.4));
#4076=CARTESIAN_POINT('',(-12.9031195934094,-15.05,-3.15));
#4077=CARTESIAN_POINT('',(-12.9031195934094,-13.25,-3.9));
#4078=CARTESIAN_POINT('Origin',(-12.,-14.15,-3.9));
#4079=CARTESIAN_POINT('',(-12.9031195934094,-13.25,-2.4));
#4080=CARTESIAN_POINT('',(-12.9031195934094,-13.25,-3.15));
#4081=CARTESIAN_POINT('Origin',(-12.,-14.15,-2.4));
#4082=CARTESIAN_POINT('Origin',(-12.,-14.15,-3.15));
#4083=CARTESIAN_POINT('',(-11.0968804065906,-15.05,-2.4));
#4084=CARTESIAN_POINT('',(-11.0968804065906,-15.05,-3.9));
#4085=CARTESIAN_POINT('',(-11.0968804065906,-15.05,-3.15));
#4086=CARTESIAN_POINT('',(-11.0968804065906,-13.25,-2.4));
#4087=CARTESIAN_POINT('Origin',(-12.,-14.15,-2.4));
#4088=CARTESIAN_POINT('',(-11.0968804065906,-13.25,-3.9));
#4089=CARTESIAN_POINT('',(-11.0968804065906,-13.25,-3.15));
#4090=CARTESIAN_POINT('Origin',(-12.,-14.15,-3.9));
#4091=CARTESIAN_POINT('Origin',(-12.,-14.15,-2.4));
#4092=CARTESIAN_POINT('',(-6.,-15.05,-2.4));
#4093=CARTESIAN_POINT('',(-6.,-13.25,-2.4));
#4094=CARTESIAN_POINT('Origin',(-1.62265700887024E-15,-13.25,-4.55));
#4095=CARTESIAN_POINT('',(-15.,-13.25,-3.9));
#4096=CARTESIAN_POINT('',(-1.62265700887024E-15,-13.25,-3.9));
#4097=CARTESIAN_POINT('',(-15.,-13.25,-5.8));
#4098=CARTESIAN_POINT('',(-15.,-13.25,-4.95));
#4099=CARTESIAN_POINT('',(-18.2,-13.25,-5.8));
#4100=CARTESIAN_POINT('',(-1.62265700887024E-15,-13.25,-5.8));
#4101=CARTESIAN_POINT('',(-18.2,-13.25,-2.3));
#4102=CARTESIAN_POINT('',(-18.2,-13.25,-4.55));
#4103=CARTESIAN_POINT('',(-8.,-13.25,-2.3));
#4104=CARTESIAN_POINT('',(-1.62265700887024E-15,-13.25,-2.3));
#4105=CARTESIAN_POINT('',(-8.,-13.25,0.));
#4106=CARTESIAN_POINT('',(-8.,-13.25,-0.655));
#4107=CARTESIAN_POINT('',(8.,-13.25,0.));
#4108=CARTESIAN_POINT('',(-1.62265700887024E-15,-13.25,0.));
#4109=CARTESIAN_POINT('',(8.,-13.25,-2.3));
#4110=CARTESIAN_POINT('',(8.,-13.25,-0.655));
#4111=CARTESIAN_POINT('',(18.2,-13.25,-2.3));
#4112=CARTESIAN_POINT('',(-1.62265700887024E-15,-13.25,-2.3));
#4113=CARTESIAN_POINT('',(18.2,-13.25,-5.8));
#4114=CARTESIAN_POINT('',(18.2,-13.25,-4.55));
#4115=CARTESIAN_POINT('',(15.,-13.25,-5.8));
#4116=CARTESIAN_POINT('',(-1.62265700887024E-15,-13.25,-5.8));
#4117=CARTESIAN_POINT('',(15.,-13.25,-3.9));
#4118=CARTESIAN_POINT('',(15.,-13.25,-4.95));
#4119=CARTESIAN_POINT('',(12.9031195934094,-13.25,-3.9));
#4120=CARTESIAN_POINT('',(-1.62265700887024E-15,-13.25,-3.9));
#4121=CARTESIAN_POINT('',(12.9031195934094,-13.25,-2.4));
#4122=CARTESIAN_POINT('',(12.9031195934094,-13.25,-3.15));
#4123=CARTESIAN_POINT('',(11.0968804065906,-13.25,-2.4));
#4124=CARTESIAN_POINT('',(6.,-13.25,-2.4));
#4125=CARTESIAN_POINT('',(11.0968804065906,-13.25,-3.9));
#4126=CARTESIAN_POINT('',(11.0968804065906,-13.25,-3.15));
#4127=CARTESIAN_POINT('',(-1.62265700887024E-15,-13.25,-3.9));
#4128=CARTESIAN_POINT('Origin',(-1.7328752207935E-15,-14.15,-3.9));
#4129=CARTESIAN_POINT('',(-15.,-15.05,-3.9));
#4130=CARTESIAN_POINT('',(-1.84309343271677E-15,-15.05,-3.9));
#4131=CARTESIAN_POINT('',(-15.,-14.15,-3.9));
#4132=CARTESIAN_POINT('Origin',(-1.7328752207935E-15,-14.15,-3.9));
#4133=CARTESIAN_POINT('',(11.0968804065906,-15.05,-3.9));
#4134=CARTESIAN_POINT('Origin',(12.,-14.15,-3.9));
#4135=CARTESIAN_POINT('',(-1.84309343271677E-15,-15.05,-3.9));
#4136=CARTESIAN_POINT('Origin',(12.,-14.15,-3.15));
#4137=CARTESIAN_POINT('',(12.9031195934094,-15.05,-3.9));
#4138=CARTESIAN_POINT('Origin',(12.,-14.15,-3.9));
#4139=CARTESIAN_POINT('',(12.9031195934094,-15.05,-2.4));
#4140=CARTESIAN_POINT('',(12.9031195934094,-15.05,-3.15));
#4141=CARTESIAN_POINT('Origin',(12.,-14.15,-2.4));
#4142=CARTESIAN_POINT('Origin',(12.,-14.15,-3.15));
#4143=CARTESIAN_POINT('',(11.0968804065906,-15.05,-2.4));
#4144=CARTESIAN_POINT('Origin',(12.,-14.15,-2.4));
#4145=CARTESIAN_POINT('',(11.0968804065906,-15.05,-3.15));
#4146=CARTESIAN_POINT('Origin',(12.,-14.15,-2.4));
#4147=CARTESIAN_POINT('',(6.,-15.05,-2.4));
#4148=CARTESIAN_POINT('Origin',(-1.84309343271677E-15,-15.05,-2.9));
#4149=CARTESIAN_POINT('',(15.,-15.05,-3.9));
#4150=CARTESIAN_POINT('',(-1.84309343271677E-15,-15.05,-3.9));
#4151=CARTESIAN_POINT('',(15.,-15.05,-5.8));
#4152=CARTESIAN_POINT('',(15.,-15.05,-4.125));
#4153=CARTESIAN_POINT('',(16.,-15.05,-5.8));
#4154=CARTESIAN_POINT('',(-1.84309343271677E-15,-15.05,-5.8));
#4155=CARTESIAN_POINT('',(16.,-15.05,0.));
#4156=CARTESIAN_POINT('',(16.,-15.05,-2.9));
#4157=CARTESIAN_POINT('',(-16.,-15.05,0.));
#4158=CARTESIAN_POINT('',(-1.84309343271677E-15,-15.05,0.));
#4159=CARTESIAN_POINT('',(-16.,-15.05,-5.8));
#4160=CARTESIAN_POINT('',(-16.,-15.05,-2.9));
#4161=CARTESIAN_POINT('',(-15.,-15.05,-5.8));
#4162=CARTESIAN_POINT('',(-1.84309343271677E-15,-15.05,-5.8));
#4163=CARTESIAN_POINT('',(-15.,-15.05,-4.125));
#4164=CARTESIAN_POINT('Origin',(-1.7328752207935E-15,-14.15,-3.9));
#4165=CARTESIAN_POINT('',(15.,-14.15,-3.9));
#4166=CARTESIAN_POINT('Origin',(15.,-14.15,-5.35));
#4167=CARTESIAN_POINT('',(15.,-5.075,-5.8));
#4168=CARTESIAN_POINT('Origin',(-15.,-14.15,-5.35));
#4169=CARTESIAN_POINT('',(-15.,-5.075,-5.8));
#4170=CARTESIAN_POINT('Origin',(-15.35,-10.25,-4.055));
#4171=CARTESIAN_POINT('',(-15.35,-8.53535718005177,-1.91));
#4172=CARTESIAN_POINT('',(-15.35,-8.53535718005177,-2.25));
#4173=CARTESIAN_POINT('',(-15.35,-8.53535718005177,-2.075));
#4174=CARTESIAN_POINT('',(-15.35,-11.9646428199482,-1.91));
#4175=CARTESIAN_POINT('',(-15.35,-10.25,-1.91));
#4176=CARTESIAN_POINT('',(-15.35,-11.9646428199482,-2.25));
#4177=CARTESIAN_POINT('',(-15.35,-11.9646428199482,-2.075));
#4178=CARTESIAN_POINT('',(-15.35,-11.6055441711726,-2.25));
#4179=CARTESIAN_POINT('',(-15.35,-10.25,-2.25));
#4180=CARTESIAN_POINT('',(-15.35,-11.6055441711726,-3.9));
#4181=CARTESIAN_POINT('',(-15.35,-11.6055441711726,-2.9));
#4182=CARTESIAN_POINT('',(-15.35,-11.8112494995996,-4.4));
#4183=CARTESIAN_POINT('Ctrl Pts',(-15.35,-11.8112494995996,-4.4));
#4184=CARTESIAN_POINT('Ctrl Pts',(-15.35,-11.701539991101,-4.13236888243001));
#4185=CARTESIAN_POINT('Ctrl Pts',(-15.35,-11.6055441711726,-3.9));
#4186=CARTESIAN_POINT('',(-15.35,-11.3978240283249,-5.6));
#4187=CARTESIAN_POINT('Ctrl Pts',(-15.35,-11.3978240283249,-5.6));
#4188=CARTESIAN_POINT('Ctrl Pts',(-15.35,-11.5750063731577,-5.09156461801473));
#4189=CARTESIAN_POINT('Ctrl Pts',(-15.35,-11.8112494995996,-4.4));
#4190=CARTESIAN_POINT('',(-15.35,-9.1021759716751,-5.6));
#4191=CARTESIAN_POINT('',(-15.35,-10.25,-5.6));
#4192=CARTESIAN_POINT('',(-15.35,-8.6887505004004,-4.4));
#4193=CARTESIAN_POINT('Ctrl Pts',(-15.35,-8.6887505004004,-4.4));
#4194=CARTESIAN_POINT('Ctrl Pts',(-15.35,-8.92499362684199,-5.091564618014));
#4195=CARTESIAN_POINT('Ctrl Pts',(-15.35,-9.1021759716751,-5.6));
#4196=CARTESIAN_POINT('',(-15.35,-8.8944558288274,-3.9));
#4197=CARTESIAN_POINT('Ctrl Pts',(-15.35,-8.8944558288274,-3.9));
#4198=CARTESIAN_POINT('Ctrl Pts',(-15.35,-8.79846000889684,-4.13236888243534));
#4199=CARTESIAN_POINT('Ctrl Pts',(-15.35,-8.6887505004004,-4.4));
#4200=CARTESIAN_POINT('',(-15.35,-8.8944558288274,-2.25));
#4201=CARTESIAN_POINT('',(-15.35,-8.8944558288274,-2.9));
#4202=CARTESIAN_POINT('',(-15.35,-10.25,-2.25));
#4203=CARTESIAN_POINT('Origin',(-15.,-10.25,-1.91));
#4204=CARTESIAN_POINT('',(-14.65,-8.53535718005177,-1.91));
#4205=CARTESIAN_POINT('Origin',(-15.,-10.25,-1.91));
#4206=CARTESIAN_POINT('',(-14.65,-11.9646428199482,-1.91));
#4207=CARTESIAN_POINT('',(-14.65,-10.25,-1.91));
#4208=CARTESIAN_POINT('Origin',(-15.,-10.25,-1.91));
#4209=CARTESIAN_POINT('Origin',(-14.65,-10.25,-4.055));
#4210=CARTESIAN_POINT('',(-14.65,-8.53535718005177,-2.25));
#4211=CARTESIAN_POINT('',(-14.65,-8.53535718005177,-2.075));
#4212=CARTESIAN_POINT('',(-14.65,-8.8944558288274,-2.25));
#4213=CARTESIAN_POINT('',(-14.65,-10.25,-2.25));
#4214=CARTESIAN_POINT('',(-14.65,-8.8944558288274,-3.9));
#4215=CARTESIAN_POINT('',(-14.65,-8.8944558288274,-2.9));
#4216=CARTESIAN_POINT('',(-14.65,-8.6887505004004,-4.4));
#4217=CARTESIAN_POINT('Ctrl Pts',(-14.65,-8.6887505004004,-4.4));
#4218=CARTESIAN_POINT('Ctrl Pts',(-14.65,-8.79846000889684,-4.13236888243534));
#4219=CARTESIAN_POINT('Ctrl Pts',(-14.65,-8.8944558288274,-3.9));
#4220=CARTESIAN_POINT('',(-14.65,-9.1021759716751,-5.6));
#4221=CARTESIAN_POINT('Ctrl Pts',(-14.65,-9.1021759716751,-5.6));
#4222=CARTESIAN_POINT('Ctrl Pts',(-14.65,-8.92499362684199,-5.091564618014));
#4223=CARTESIAN_POINT('Ctrl Pts',(-14.65,-8.6887505004004,-4.4));
#4224=CARTESIAN_POINT('',(-14.65,-11.3978240283249,-5.6));
#4225=CARTESIAN_POINT('',(-14.65,-10.25,-5.6));
#4226=CARTESIAN_POINT('',(-14.65,-11.8112494995996,-4.4));
#4227=CARTESIAN_POINT('Ctrl Pts',(-14.65,-11.8112494995996,-4.4));
#4228=CARTESIAN_POINT('Ctrl Pts',(-14.65,-11.5750063731577,-5.09156461801473));
#4229=CARTESIAN_POINT('Ctrl Pts',(-14.65,-11.3978240283249,-5.6));
#4230=CARTESIAN_POINT('',(-14.65,-11.6055441711726,-3.9));
#4231=CARTESIAN_POINT('Ctrl Pts',(-14.65,-11.6055441711726,-3.9));
#4232=CARTESIAN_POINT('Ctrl Pts',(-14.65,-11.701539991101,-4.13236888243001));
#4233=CARTESIAN_POINT('Ctrl Pts',(-14.65,-11.8112494995996,-4.4));
#4234=CARTESIAN_POINT('',(-14.65,-11.6055441711726,-2.25));
#4235=CARTESIAN_POINT('',(-14.65,-11.6055441711726,-2.9));
#4236=CARTESIAN_POINT('',(-14.65,-11.9646428199482,-2.25));
#4237=CARTESIAN_POINT('',(-14.65,-10.25,-2.25));
#4238=CARTESIAN_POINT('',(-14.65,-11.9646428199482,-2.075));
#4239=CARTESIAN_POINT('Origin',(-15.,-10.25,-2.075));
#4240=CARTESIAN_POINT('',(-16.6039014932345,-9.55,-1.9));
#4241=CARTESIAN_POINT('',(-13.25,-10.25,-1.9));
#4242=CARTESIAN_POINT('Origin',(-15.,-10.25,-1.9));
#4243=CARTESIAN_POINT('',(-13.3960985067655,-9.55,-1.9));
#4244=CARTESIAN_POINT('Origin',(-15.,-10.25,-1.9));
#4245=CARTESIAN_POINT('Origin',(-15.,-10.25,-1.9));
#4246=CARTESIAN_POINT('',(-13.25,-10.25,-2.25));
#4247=CARTESIAN_POINT('',(-13.25,-10.25,-2.075));
#4248=CARTESIAN_POINT('Origin',(-15.,-10.25,-2.25));
#4249=CARTESIAN_POINT('Origin',(-15.,-10.25,-2.25));
#4250=CARTESIAN_POINT('Origin',(-15.,-10.25,-2.25));
#4251=CARTESIAN_POINT('Origin',(-15.,-10.25,-2.25));
#4252=CARTESIAN_POINT('Origin',(-15.,-10.25,-2.25));
#4253=CARTESIAN_POINT('Origin',(-15.,-10.25,-2.25));
#4254=CARTESIAN_POINT('Origin',(-15.,-10.25,-2.25));
#4255=CARTESIAN_POINT('Origin',(-15.,-10.25,-2.9));
#4256=CARTESIAN_POINT('Origin',(-15.,-10.25,-3.9));
#4257=CARTESIAN_POINT('Origin',(-15.,-10.25,-2.9));
#4258=CARTESIAN_POINT('Origin',(-15.,-10.25,-3.9));
#4259=CARTESIAN_POINT('Origin',(-15.,-10.25,-4.15));
#4260=CARTESIAN_POINT('Origin',(-15.,-10.25,-4.4));
#4261=CARTESIAN_POINT('Origin',(-15.,-10.25,-4.15));
#4262=CARTESIAN_POINT('Origin',(-15.,-10.25,-4.4));
#4263=CARTESIAN_POINT('Origin',(-15.,-10.25,-5.6));
#4264=CARTESIAN_POINT('Origin',(-15.,-10.25,-5.6));
#4265=CARTESIAN_POINT('Origin',(-15.,-10.25,-5.));
#4266=CARTESIAN_POINT('Origin',(-15.,-10.25,-5.));
#4267=CARTESIAN_POINT('Origin',(-15.,-10.25,-5.6));
#4268=CARTESIAN_POINT('Origin',(-15.,-10.25,-5.6));
#4269=CARTESIAN_POINT('Origin',(-15.,-10.25,-1.9));
#4270=CARTESIAN_POINT('',(-7.5,-9.55,-1.9));
#4271=CARTESIAN_POINT('Origin',(-15.35,18.25,-3.755));
#4272=CARTESIAN_POINT('',(-15.35,20.4219806628973,-1.31));
#4273=CARTESIAN_POINT('',(-15.35,20.4219806628973,-2.1));
#4274=CARTESIAN_POINT('',(-15.35,20.4219806628973,-1.7));
#4275=CARTESIAN_POINT('',(-15.35,16.0780193371027,-1.31));
#4276=CARTESIAN_POINT('',(-15.35,18.25,-1.31));
#4277=CARTESIAN_POINT('',(-15.35,16.0780193371027,-2.1));
#4278=CARTESIAN_POINT('',(-15.35,16.0780193371027,-1.7));
#4279=CARTESIAN_POINT('',(-15.35,16.8944558288274,-2.1));
#4280=CARTESIAN_POINT('',(-15.35,18.25,-2.1));
#4281=CARTESIAN_POINT('',(-15.35,16.8944558288274,-3.9));
#4282=CARTESIAN_POINT('',(-15.35,16.8944558288274,-2.6));
#4283=CARTESIAN_POINT('',(-15.35,16.6119752749119,-4.4));
#4284=CARTESIAN_POINT('Ctrl Pts',(-15.35,16.6119752749119,-4.4));
#4285=CARTESIAN_POINT('Ctrl Pts',(-15.35,16.7658467961519,-4.12640938260176));
#4286=CARTESIAN_POINT('Ctrl Pts',(-15.35,16.8944558288274,-3.9));
#4287=CARTESIAN_POINT('',(-15.35,17.1021759716751,-5.6));
#4288=CARTESIAN_POINT('Ctrl Pts',(-15.35,17.1021759716751,-5.6));
#4289=CARTESIAN_POINT('Ctrl Pts',(-15.35,16.8975704634617,-5.10557659230536));
#4290=CARTESIAN_POINT('Ctrl Pts',(-15.35,16.6119752749119,-4.4));
#4291=CARTESIAN_POINT('',(-15.35,19.3978240283249,-5.6));
#4292=CARTESIAN_POINT('',(-15.35,18.25,-5.6));
#4293=CARTESIAN_POINT('',(-15.35,19.8880247250881,-4.4));
#4294=CARTESIAN_POINT('Ctrl Pts',(-15.35,19.8880247250881,-4.4));
#4295=CARTESIAN_POINT('Ctrl Pts',(-15.35,19.6024295365383,-5.10557659230536));
#4296=CARTESIAN_POINT('Ctrl Pts',(-15.35,19.3978240283249,-5.6));
#4297=CARTESIAN_POINT('',(-15.35,19.6055441711726,-3.9));
#4298=CARTESIAN_POINT('Ctrl Pts',(-15.35,19.6055441711726,-3.9));
#4299=CARTESIAN_POINT('Ctrl Pts',(-15.35,19.7341532038481,-4.12640938260176));
#4300=CARTESIAN_POINT('Ctrl Pts',(-15.35,19.8880247250881,-4.4));
#4301=CARTESIAN_POINT('',(-15.35,19.6055441711726,-2.1));
#4302=CARTESIAN_POINT('',(-15.35,19.6055441711726,-2.6));
#4303=CARTESIAN_POINT('',(-15.35,18.25,-2.1));
#4304=CARTESIAN_POINT('Origin',(-15.,18.25,-1.31));
#4305=CARTESIAN_POINT('',(-14.65,20.4219806628973,-1.31));
#4306=CARTESIAN_POINT('Origin',(-15.,18.25,-1.31));
#4307=CARTESIAN_POINT('',(-14.65,16.0780193371027,-1.31));
#4308=CARTESIAN_POINT('',(-14.65,18.25,-1.31));
#4309=CARTESIAN_POINT('Origin',(-15.,18.25,-1.31));
#4310=CARTESIAN_POINT('Origin',(-14.65,18.25,-3.755));
#4311=CARTESIAN_POINT('',(-14.65,20.4219806628973,-2.1));
#4312=CARTESIAN_POINT('',(-14.65,20.4219806628973,-1.7));
#4313=CARTESIAN_POINT('',(-14.65,19.6055441711726,-2.1));
#4314=CARTESIAN_POINT('',(-14.65,18.25,-2.1));
#4315=CARTESIAN_POINT('',(-14.65,19.6055441711726,-3.9));
#4316=CARTESIAN_POINT('',(-14.65,19.6055441711726,-2.6));
#4317=CARTESIAN_POINT('',(-14.65,19.8880247250881,-4.4));
#4318=CARTESIAN_POINT('Ctrl Pts',(-14.65,19.8880247250881,-4.4));
#4319=CARTESIAN_POINT('Ctrl Pts',(-14.65,19.7341532038481,-4.12640938260176));
#4320=CARTESIAN_POINT('Ctrl Pts',(-14.65,19.6055441711726,-3.9));
#4321=CARTESIAN_POINT('',(-14.65,19.3978240283249,-5.6));
#4322=CARTESIAN_POINT('Ctrl Pts',(-14.65,19.3978240283249,-5.6));
#4323=CARTESIAN_POINT('Ctrl Pts',(-14.65,19.6024295365383,-5.10557659230536));
#4324=CARTESIAN_POINT('Ctrl Pts',(-14.65,19.8880247250881,-4.4));
#4325=CARTESIAN_POINT('',(-14.65,17.1021759716751,-5.6));
#4326=CARTESIAN_POINT('',(-14.65,18.25,-5.6));
#4327=CARTESIAN_POINT('',(-14.65,16.6119752749119,-4.4));
#4328=CARTESIAN_POINT('Ctrl Pts',(-14.65,16.6119752749119,-4.4));
#4329=CARTESIAN_POINT('Ctrl Pts',(-14.65,16.8975704634617,-5.10557659230536));
#4330=CARTESIAN_POINT('Ctrl Pts',(-14.65,17.1021759716751,-5.6));
#4331=CARTESIAN_POINT('',(-14.65,16.8944558288274,-3.9));
#4332=CARTESIAN_POINT('Ctrl Pts',(-14.65,16.8944558288274,-3.9));
#4333=CARTESIAN_POINT('Ctrl Pts',(-14.65,16.7658467961519,-4.12640938260176));
#4334=CARTESIAN_POINT('Ctrl Pts',(-14.65,16.6119752749119,-4.4));
#4335=CARTESIAN_POINT('',(-14.65,16.8944558288274,-2.1));
#4336=CARTESIAN_POINT('',(-14.65,16.8944558288274,-2.6));
#4337=CARTESIAN_POINT('',(-14.65,16.0780193371027,-2.1));
#4338=CARTESIAN_POINT('',(-14.65,18.25,-2.1));
#4339=CARTESIAN_POINT('',(-14.65,16.0780193371027,-1.7));
#4340=CARTESIAN_POINT('Origin',(-15.,18.25,-1.7));
#4341=CARTESIAN_POINT('',(-12.8,18.25,-1.3));
#4342=CARTESIAN_POINT('Origin',(-15.,18.25,-1.3));
#4343=CARTESIAN_POINT('',(-12.8,18.25,-2.1));
#4344=CARTESIAN_POINT('',(-12.8,18.25,-1.7));
#4345=CARTESIAN_POINT('Origin',(-15.,18.25,-2.1));
#4346=CARTESIAN_POINT('Origin',(-15.,18.25,-2.1));
#4347=CARTESIAN_POINT('Origin',(-15.,18.25,-2.1));
#4348=CARTESIAN_POINT('Origin',(-15.,18.25,-2.1));
#4349=CARTESIAN_POINT('Origin',(-15.,18.25,-2.1));
#4350=CARTESIAN_POINT('Origin',(-15.,18.25,-2.1));
#4351=CARTESIAN_POINT('Origin',(-15.,18.25,-2.1));
#4352=CARTESIAN_POINT('Origin',(-15.,18.25,-2.6));
#4353=CARTESIAN_POINT('Origin',(-15.,18.25,-3.9));
#4354=CARTESIAN_POINT('Origin',(-15.,18.25,-2.6));
#4355=CARTESIAN_POINT('Origin',(-15.,18.25,-3.9));
#4356=CARTESIAN_POINT('Origin',(-15.,18.25,-4.15));
#4357=CARTESIAN_POINT('Origin',(-15.,18.25,-4.4));
#4358=CARTESIAN_POINT('Origin',(-15.,18.25,-4.15));
#4359=CARTESIAN_POINT('Origin',(-15.,18.25,-4.4));
#4360=CARTESIAN_POINT('Origin',(-15.,18.25,-5.6));
#4361=CARTESIAN_POINT('Origin',(-15.,18.25,-5.6));
#4362=CARTESIAN_POINT('Origin',(-15.,18.25,-5.));
#4363=CARTESIAN_POINT('Origin',(-15.,18.25,-5.));
#4364=CARTESIAN_POINT('Origin',(-15.,18.25,-5.6));
#4365=CARTESIAN_POINT('Origin',(-15.,18.25,-5.6));
#4366=CARTESIAN_POINT('Origin',(14.65,-10.25,-4.055));
#4367=CARTESIAN_POINT('',(14.65,-8.53535718005178,-1.91));
#4368=CARTESIAN_POINT('',(14.65,-8.53535718005178,-2.25));
#4369=CARTESIAN_POINT('',(14.65,-8.53535718005178,-2.075));
#4370=CARTESIAN_POINT('',(14.65,-11.9646428199482,-1.91));
#4371=CARTESIAN_POINT('',(14.65,-10.25,-1.91));
#4372=CARTESIAN_POINT('',(14.65,-11.9646428199482,-2.25));
#4373=CARTESIAN_POINT('',(14.65,-11.9646428199482,-2.075));
#4374=CARTESIAN_POINT('',(14.65,-11.6055441711726,-2.25));
#4375=CARTESIAN_POINT('',(14.65,-10.25,-2.25));
#4376=CARTESIAN_POINT('',(14.65,-11.6055441711726,-3.9));
#4377=CARTESIAN_POINT('',(14.65,-11.6055441711726,-2.9));
#4378=CARTESIAN_POINT('',(14.65,-11.8112494995996,-4.4));
#4379=CARTESIAN_POINT('Ctrl Pts',(14.65,-11.8112494995996,-4.4));
#4380=CARTESIAN_POINT('Ctrl Pts',(14.65,-11.701539991101,-4.13236888243001));
#4381=CARTESIAN_POINT('Ctrl Pts',(14.65,-11.6055441711726,-3.9));
#4382=CARTESIAN_POINT('',(14.65,-11.3978240283249,-5.6));
#4383=CARTESIAN_POINT('Ctrl Pts',(14.65,-11.3978240283249,-5.6));
#4384=CARTESIAN_POINT('Ctrl Pts',(14.65,-11.5750063731578,-5.09156461801473));
#4385=CARTESIAN_POINT('Ctrl Pts',(14.65,-11.8112494995996,-4.4));
#4386=CARTESIAN_POINT('',(14.65,-9.1021759716751,-5.6));
#4387=CARTESIAN_POINT('',(14.65,-10.25,-5.6));
#4388=CARTESIAN_POINT('',(14.65,-8.6887505004004,-4.4));
#4389=CARTESIAN_POINT('Ctrl Pts',(14.65,-8.6887505004004,-4.4));
#4390=CARTESIAN_POINT('Ctrl Pts',(14.65,-8.924993626842,-5.091564618014));
#4391=CARTESIAN_POINT('Ctrl Pts',(14.65,-9.1021759716751,-5.6));
#4392=CARTESIAN_POINT('',(14.65,-8.89445582882741,-3.9));
#4393=CARTESIAN_POINT('Ctrl Pts',(14.65,-8.89445582882741,-3.9));
#4394=CARTESIAN_POINT('Ctrl Pts',(14.65,-8.79846000889685,-4.13236888243534));
#4395=CARTESIAN_POINT('Ctrl Pts',(14.65,-8.6887505004004,-4.4));
#4396=CARTESIAN_POINT('',(14.65,-8.89445582882741,-2.25));
#4397=CARTESIAN_POINT('',(14.65,-8.89445582882741,-2.9));
#4398=CARTESIAN_POINT('',(14.65,-10.25,-2.25));
#4399=CARTESIAN_POINT('Origin',(15.,-10.25,-1.91));
#4400=CARTESIAN_POINT('',(15.35,-8.53535718005178,-1.91));
#4401=CARTESIAN_POINT('Origin',(15.,-10.25,-1.91));
#4402=CARTESIAN_POINT('',(15.35,-11.9646428199482,-1.91));
#4403=CARTESIAN_POINT('',(15.35,-10.25,-1.91));
#4404=CARTESIAN_POINT('Origin',(15.,-10.25,-1.91));
#4405=CARTESIAN_POINT('Origin',(15.35,-10.25,-4.055));
#4406=CARTESIAN_POINT('',(15.35,-8.53535718005178,-2.25));
#4407=CARTESIAN_POINT('',(15.35,-8.53535718005178,-2.075));
#4408=CARTESIAN_POINT('',(15.35,-8.89445582882741,-2.25));
#4409=CARTESIAN_POINT('',(15.35,-10.25,-2.25));
#4410=CARTESIAN_POINT('',(15.35,-8.89445582882741,-3.9));
#4411=CARTESIAN_POINT('',(15.35,-8.89445582882741,-2.9));
#4412=CARTESIAN_POINT('',(15.35,-8.6887505004004,-4.4));
#4413=CARTESIAN_POINT('Ctrl Pts',(15.35,-8.6887505004004,-4.4));
#4414=CARTESIAN_POINT('Ctrl Pts',(15.35,-8.79846000889685,-4.13236888243534));
#4415=CARTESIAN_POINT('Ctrl Pts',(15.35,-8.89445582882741,-3.9));
#4416=CARTESIAN_POINT('',(15.35,-9.1021759716751,-5.6));
#4417=CARTESIAN_POINT('Ctrl Pts',(15.35,-9.1021759716751,-5.6));
#4418=CARTESIAN_POINT('Ctrl Pts',(15.35,-8.924993626842,-5.091564618014));
#4419=CARTESIAN_POINT('Ctrl Pts',(15.35,-8.6887505004004,-4.4));
#4420=CARTESIAN_POINT('',(15.35,-11.3978240283249,-5.6));
#4421=CARTESIAN_POINT('',(15.35,-10.25,-5.6));
#4422=CARTESIAN_POINT('',(15.35,-11.8112494995996,-4.4));
#4423=CARTESIAN_POINT('Ctrl Pts',(15.35,-11.8112494995996,-4.4));
#4424=CARTESIAN_POINT('Ctrl Pts',(15.35,-11.5750063731578,-5.09156461801473));
#4425=CARTESIAN_POINT('Ctrl Pts',(15.35,-11.3978240283249,-5.6));
#4426=CARTESIAN_POINT('',(15.35,-11.6055441711726,-3.9));
#4427=CARTESIAN_POINT('Ctrl Pts',(15.35,-11.6055441711726,-3.9));
#4428=CARTESIAN_POINT('Ctrl Pts',(15.35,-11.701539991101,-4.13236888243001));
#4429=CARTESIAN_POINT('Ctrl Pts',(15.35,-11.8112494995996,-4.4));
#4430=CARTESIAN_POINT('',(15.35,-11.6055441711726,-2.25));
#4431=CARTESIAN_POINT('',(15.35,-11.6055441711726,-2.9));
#4432=CARTESIAN_POINT('',(15.35,-11.9646428199482,-2.25));
#4433=CARTESIAN_POINT('',(15.35,-10.25,-2.25));
#4434=CARTESIAN_POINT('',(15.35,-11.9646428199482,-2.075));
#4435=CARTESIAN_POINT('Origin',(15.,-10.25,-2.075));
#4436=CARTESIAN_POINT('',(13.3960985067655,-9.55,-1.9));
#4437=CARTESIAN_POINT('',(16.75,-10.25,-1.9));
#4438=CARTESIAN_POINT('Origin',(15.,-10.25,-1.9));
#4439=CARTESIAN_POINT('',(16.6039014932345,-9.55,-1.9));
#4440=CARTESIAN_POINT('Origin',(15.,-10.25,-1.9));
#4441=CARTESIAN_POINT('Origin',(15.,-10.25,-1.9));
#4442=CARTESIAN_POINT('',(16.75,-10.25,-2.25));
#4443=CARTESIAN_POINT('',(16.75,-10.25,-2.075));
#4444=CARTESIAN_POINT('Origin',(15.,-10.25,-2.25));
#4445=CARTESIAN_POINT('Origin',(15.,-10.25,-2.25));
#4446=CARTESIAN_POINT('Origin',(15.,-10.25,-2.25));
#4447=CARTESIAN_POINT('Origin',(15.,-10.25,-2.25));
#4448=CARTESIAN_POINT('Origin',(15.,-10.25,-2.25));
#4449=CARTESIAN_POINT('Origin',(15.,-10.25,-2.25));
#4450=CARTESIAN_POINT('Origin',(15.,-10.25,-2.25));
#4451=CARTESIAN_POINT('Origin',(15.,-10.25,-2.9));
#4452=CARTESIAN_POINT('Origin',(15.,-10.25,-3.9));
#4453=CARTESIAN_POINT('Origin',(15.,-10.25,-2.9));
#4454=CARTESIAN_POINT('Origin',(15.,-10.25,-3.9));
#4455=CARTESIAN_POINT('Origin',(15.,-10.25,-4.15));
#4456=CARTESIAN_POINT('Origin',(15.,-10.25,-4.4));
#4457=CARTESIAN_POINT('Origin',(15.,-10.25,-4.15));
#4458=CARTESIAN_POINT('Origin',(15.,-10.25,-4.4));
#4459=CARTESIAN_POINT('Origin',(15.,-10.25,-5.6));
#4460=CARTESIAN_POINT('Origin',(15.,-10.25,-5.6));
#4461=CARTESIAN_POINT('Origin',(15.,-10.25,-5.));
#4462=CARTESIAN_POINT('Origin',(15.,-10.25,-5.));
#4463=CARTESIAN_POINT('Origin',(15.,-10.25,-5.6));
#4464=CARTESIAN_POINT('Origin',(15.,-10.25,-5.6));
#4465=CARTESIAN_POINT('Origin',(15.,-10.25,-1.9));
#4466=CARTESIAN_POINT('',(7.5,-9.55,-1.9));
#4467=CARTESIAN_POINT('Origin',(14.65,18.25,-3.755));
#4468=CARTESIAN_POINT('',(14.65,20.4219806628973,-1.31));
#4469=CARTESIAN_POINT('',(14.65,20.4219806628973,-2.1));
#4470=CARTESIAN_POINT('',(14.65,20.4219806628973,-1.7));
#4471=CARTESIAN_POINT('',(14.65,16.0780193371026,-1.31));
#4472=CARTESIAN_POINT('',(14.65,18.25,-1.31));
#4473=CARTESIAN_POINT('',(14.65,16.0780193371026,-2.1));
#4474=CARTESIAN_POINT('',(14.65,16.0780193371026,-1.7));
#4475=CARTESIAN_POINT('',(14.65,16.8944558288274,-2.1));
#4476=CARTESIAN_POINT('',(14.65,18.25,-2.1));
#4477=CARTESIAN_POINT('',(14.65,16.8944558288274,-3.9));
#4478=CARTESIAN_POINT('',(14.65,16.8944558288274,-2.6));
#4479=CARTESIAN_POINT('',(14.65,16.6119752749119,-4.4));
#4480=CARTESIAN_POINT('Ctrl Pts',(14.65,16.6119752749119,-4.4));
#4481=CARTESIAN_POINT('Ctrl Pts',(14.65,16.7658467961519,-4.12640938260176));
#4482=CARTESIAN_POINT('Ctrl Pts',(14.65,16.8944558288274,-3.9));
#4483=CARTESIAN_POINT('',(14.65,17.1021759716751,-5.6));
#4484=CARTESIAN_POINT('Ctrl Pts',(14.65,17.1021759716751,-5.6));
#4485=CARTESIAN_POINT('Ctrl Pts',(14.65,16.8975704634617,-5.10557659230536));
#4486=CARTESIAN_POINT('Ctrl Pts',(14.65,16.6119752749119,-4.4));
#4487=CARTESIAN_POINT('',(14.65,19.3978240283249,-5.6));
#4488=CARTESIAN_POINT('',(14.65,18.25,-5.6));
#4489=CARTESIAN_POINT('',(14.65,19.8880247250881,-4.4));
#4490=CARTESIAN_POINT('Ctrl Pts',(14.65,19.8880247250881,-4.4));
#4491=CARTESIAN_POINT('Ctrl Pts',(14.65,19.6024295365383,-5.10557659230536));
#4492=CARTESIAN_POINT('Ctrl Pts',(14.65,19.3978240283249,-5.6));
#4493=CARTESIAN_POINT('',(14.65,19.6055441711726,-3.9));
#4494=CARTESIAN_POINT('Ctrl Pts',(14.65,19.6055441711726,-3.9));
#4495=CARTESIAN_POINT('Ctrl Pts',(14.65,19.7341532038481,-4.12640938260176));
#4496=CARTESIAN_POINT('Ctrl Pts',(14.65,19.8880247250881,-4.4));
#4497=CARTESIAN_POINT('',(14.65,19.6055441711726,-2.1));
#4498=CARTESIAN_POINT('',(14.65,19.6055441711726,-2.6));
#4499=CARTESIAN_POINT('',(14.65,18.25,-2.1));
#4500=CARTESIAN_POINT('Origin',(15.,18.25,-1.31));
#4501=CARTESIAN_POINT('',(15.35,20.4219806628973,-1.31));
#4502=CARTESIAN_POINT('Origin',(15.,18.25,-1.31));
#4503=CARTESIAN_POINT('',(15.35,16.0780193371026,-1.31));
#4504=CARTESIAN_POINT('',(15.35,18.25,-1.31));
#4505=CARTESIAN_POINT('Origin',(15.,18.25,-1.31));
#4506=CARTESIAN_POINT('Origin',(15.35,18.25,-3.755));
#4507=CARTESIAN_POINT('',(15.35,20.4219806628973,-2.1));
#4508=CARTESIAN_POINT('',(15.35,20.4219806628973,-1.7));
#4509=CARTESIAN_POINT('',(15.35,19.6055441711726,-2.1));
#4510=CARTESIAN_POINT('',(15.35,18.25,-2.1));
#4511=CARTESIAN_POINT('',(15.35,19.6055441711726,-3.9));
#4512=CARTESIAN_POINT('',(15.35,19.6055441711726,-2.6));
#4513=CARTESIAN_POINT('',(15.35,19.8880247250881,-4.4));
#4514=CARTESIAN_POINT('Ctrl Pts',(15.35,19.8880247250881,-4.4));
#4515=CARTESIAN_POINT('Ctrl Pts',(15.35,19.7341532038481,-4.12640938260176));
#4516=CARTESIAN_POINT('Ctrl Pts',(15.35,19.6055441711726,-3.9));
#4517=CARTESIAN_POINT('',(15.35,19.3978240283249,-5.6));
#4518=CARTESIAN_POINT('Ctrl Pts',(15.35,19.3978240283249,-5.6));
#4519=CARTESIAN_POINT('Ctrl Pts',(15.35,19.6024295365383,-5.10557659230536));
#4520=CARTESIAN_POINT('Ctrl Pts',(15.35,19.8880247250881,-4.4));
#4521=CARTESIAN_POINT('',(15.35,17.1021759716751,-5.6));
#4522=CARTESIAN_POINT('',(15.35,18.25,-5.6));
#4523=CARTESIAN_POINT('',(15.35,16.6119752749119,-4.4));
#4524=CARTESIAN_POINT('Ctrl Pts',(15.35,16.6119752749119,-4.4));
#4525=CARTESIAN_POINT('Ctrl Pts',(15.35,16.8975704634617,-5.10557659230536));
#4526=CARTESIAN_POINT('Ctrl Pts',(15.35,17.1021759716751,-5.6));
#4527=CARTESIAN_POINT('',(15.35,16.8944558288274,-3.9));
#4528=CARTESIAN_POINT('Ctrl Pts',(15.35,16.8944558288274,-3.9));
#4529=CARTESIAN_POINT('Ctrl Pts',(15.35,16.7658467961519,-4.12640938260176));
#4530=CARTESIAN_POINT('Ctrl Pts',(15.35,16.6119752749119,-4.4));
#4531=CARTESIAN_POINT('',(15.35,16.8944558288274,-2.1));
#4532=CARTESIAN_POINT('',(15.35,16.8944558288274,-2.6));
#4533=CARTESIAN_POINT('',(15.35,16.0780193371026,-2.1));
#4534=CARTESIAN_POINT('',(15.35,18.25,-2.1));
#4535=CARTESIAN_POINT('',(15.35,16.0780193371026,-1.7));
#4536=CARTESIAN_POINT('Origin',(15.,18.25,-1.7));
#4537=CARTESIAN_POINT('',(17.2,18.25,-1.3));
#4538=CARTESIAN_POINT('Origin',(15.,18.25,-1.3));
#4539=CARTESIAN_POINT('',(17.2,18.25,-2.1));
#4540=CARTESIAN_POINT('',(17.2,18.25,-1.7));
#4541=CARTESIAN_POINT('Origin',(15.,18.25,-2.1));
#4542=CARTESIAN_POINT('Origin',(15.,18.25,-2.1));
#4543=CARTESIAN_POINT('Origin',(15.,18.25,-2.1));
#4544=CARTESIAN_POINT('Origin',(15.,18.25,-2.1));
#4545=CARTESIAN_POINT('Origin',(15.,18.25,-2.1));
#4546=CARTESIAN_POINT('Origin',(15.,18.25,-2.1));
#4547=CARTESIAN_POINT('Origin',(15.,18.25,-2.1));
#4548=CARTESIAN_POINT('Origin',(15.,18.25,-2.6));
#4549=CARTESIAN_POINT('Origin',(15.,18.25,-3.9));
#4550=CARTESIAN_POINT('Origin',(15.,18.25,-2.6));
#4551=CARTESIAN_POINT('Origin',(15.,18.25,-3.9));
#4552=CARTESIAN_POINT('Origin',(15.,18.25,-4.15));
#4553=CARTESIAN_POINT('Origin',(15.,18.25,-4.4));
#4554=CARTESIAN_POINT('Origin',(15.,18.25,-4.15));
#4555=CARTESIAN_POINT('Origin',(15.,18.25,-4.4));
#4556=CARTESIAN_POINT('Origin',(15.,18.25,-5.6));
#4557=CARTESIAN_POINT('Origin',(15.,18.25,-5.6));
#4558=CARTESIAN_POINT('Origin',(15.,18.25,-5.));
#4559=CARTESIAN_POINT('Origin',(15.,18.25,-5.));
#4560=CARTESIAN_POINT('Origin',(15.,18.25,-5.6));
#4561=CARTESIAN_POINT('Origin',(15.,18.25,-5.6));
#4562=CARTESIAN_POINT('Origin',(-15.,-10.25,-1.9));
#4563=CARTESIAN_POINT('',(-13.1265006004805,-9.55,-1.9));
#4564=CARTESIAN_POINT('',(-7.5,-9.55,-1.9));
#4565=CARTESIAN_POINT('',(-16.8734993995195,-9.55,-1.9));
#4566=CARTESIAN_POINT('Origin',(-15.,-10.25,-1.9));
#4567=CARTESIAN_POINT('',(-7.5,-9.55,-1.9));
#4568=CARTESIAN_POINT('Origin',(-15.,-10.25,-2.105));
#4569=CARTESIAN_POINT('',(-13.1265006004805,-9.55,-2.3));
#4570=CARTESIAN_POINT('',(-13.1265006004805,-9.55,-2.105));
#4571=CARTESIAN_POINT('',(-16.8734993995195,-9.55,-2.3));
#4572=CARTESIAN_POINT('Origin',(-15.,-10.25,-2.3));
#4573=CARTESIAN_POINT('',(-16.8734993995195,-9.55,-2.105));
#4574=CARTESIAN_POINT('Origin',(-1.16953769318572E-15,-9.55,-0.655));
#4575=CARTESIAN_POINT('',(-17.5,-9.55,-2.3));
#4576=CARTESIAN_POINT('',(-1.16953769318572E-15,-9.55,-2.3));
#4577=CARTESIAN_POINT('',(-17.5,-9.55,0.));
#4578=CARTESIAN_POINT('',(-17.5,-9.55,-0.655));
#4579=CARTESIAN_POINT('',(-8.,-9.55,0.));
#4580=CARTESIAN_POINT('',(-1.16953769318572E-15,-9.55,0.));
#4581=CARTESIAN_POINT('',(-8.,-9.55,-2.3));
#4582=CARTESIAN_POINT('',(-8.,-9.55,-0.655));
#4583=CARTESIAN_POINT('',(-1.16953769318572E-15,-9.55,-2.3));
#4584=CARTESIAN_POINT('Origin',(-15.,18.25,-1.805));
#4585=CARTESIAN_POINT('',(-12.6,18.25,-2.3));
#4586=CARTESIAN_POINT('Origin',(-15.,18.25,-2.3));
#4587=CARTESIAN_POINT('',(-12.6,18.25,-1.3));
#4588=CARTESIAN_POINT('',(-12.6,18.25,-1.805));
#4589=CARTESIAN_POINT('Origin',(-15.,18.25,-1.3));
#4590=CARTESIAN_POINT('Origin',(-15.,18.25,-1.3));
#4591=CARTESIAN_POINT('Origin',(15.,-10.25,-1.9));
#4592=CARTESIAN_POINT('',(16.8734993995195,-9.55,-1.9));
#4593=CARTESIAN_POINT('',(7.5,-9.55,-1.9));
#4594=CARTESIAN_POINT('',(13.1265006004805,-9.55,-1.9));
#4595=CARTESIAN_POINT('Origin',(15.,-10.25,-1.9));
#4596=CARTESIAN_POINT('',(7.5,-9.55,-1.9));
#4597=CARTESIAN_POINT('Origin',(15.,-10.25,-2.105));
#4598=CARTESIAN_POINT('',(16.8734993995195,-9.55,-2.3));
#4599=CARTESIAN_POINT('',(16.8734993995195,-9.55,-2.105));
#4600=CARTESIAN_POINT('',(13.1265006004805,-9.55,-2.3));
#4601=CARTESIAN_POINT('Origin',(15.,-10.25,-2.3));
#4602=CARTESIAN_POINT('',(13.1265006004805,-9.55,-2.105));
#4603=CARTESIAN_POINT('Origin',(-1.16953769318572E-15,-9.55,-0.655));
#4604=CARTESIAN_POINT('',(8.,-9.55,-2.3));
#4605=CARTESIAN_POINT('',(-1.16953769318572E-15,-9.55,-2.3));
#4606=CARTESIAN_POINT('',(8.,-9.55,0.));
#4607=CARTESIAN_POINT('',(8.,-9.55,-0.655));
#4608=CARTESIAN_POINT('',(17.5,-9.55,0.));
#4609=CARTESIAN_POINT('',(-1.16953769318572E-15,-9.55,0.));
#4610=CARTESIAN_POINT('',(17.5,-9.55,-2.3));
#4611=CARTESIAN_POINT('',(17.5,-9.55,-0.655));
#4612=CARTESIAN_POINT('',(-1.16953769318572E-15,-9.55,-2.3));
#4613=CARTESIAN_POINT('Origin',(15.,18.25,-1.805));
#4614=CARTESIAN_POINT('',(17.4,18.25,-2.3));
#4615=CARTESIAN_POINT('Origin',(15.,18.25,-2.3));
#4616=CARTESIAN_POINT('',(17.4,18.25,-1.3));
#4617=CARTESIAN_POINT('',(17.4,18.25,-1.805));
#4618=CARTESIAN_POINT('Origin',(15.,18.25,-1.3));
#4619=CARTESIAN_POINT('Origin',(15.,18.25,-1.3));
#4620=CARTESIAN_POINT('Origin',(-24.5,3.00038465791102E-15,-2.6));
#4621=CARTESIAN_POINT('',(-23.4,3.00038465791102E-15,-5.6));
#4622=CARTESIAN_POINT('Origin',(-24.5,3.00038465791102E-15,-5.6));
#4623=CARTESIAN_POINT('',(-23.4,2.7309623620986E-15,-4.4));
#4624=CARTESIAN_POINT('',(-23.4,3.00038465791102E-15,-2.6));
#4625=CARTESIAN_POINT('Origin',(-24.5,3.00038465791102E-15,-4.4));
#4626=CARTESIAN_POINT('Origin',(-24.5,3.00038465791102E-15,-1.95));
#4627=CARTESIAN_POINT('',(-22.9,3.00038465791102E-15,-4.4));
#4628=CARTESIAN_POINT('Origin',(-24.5,3.00038465791102E-15,-4.4));
#4629=CARTESIAN_POINT('',(-22.9,2.60849768218386E-15,-0.4));
#4630=CARTESIAN_POINT('',(-22.9,3.00038465791102E-15,-1.95));
#4631=CARTESIAN_POINT('Origin',(-24.5,3.00038465791102E-15,-0.4));
#4632=CARTESIAN_POINT('Origin',(-24.5,3.00038465791102E-15,-4.4));
#4633=CARTESIAN_POINT('Origin',(-24.5,3.00038465791102E-15,0.05));
#4634=CARTESIAN_POINT('',(-22.5,3.00038465791102E-15,-0.4));
#4635=CARTESIAN_POINT('Origin',(-24.5,3.00038465791102E-15,-0.4));
#4636=CARTESIAN_POINT('',(-22.5,2.51052593825207E-15,0.));
#4637=CARTESIAN_POINT('',(-22.5,3.00038465791102E-15,0.05));
#4638=CARTESIAN_POINT('Origin',(-24.5,3.00038465791102E-15,0.));
#4639=CARTESIAN_POINT('Origin',(-24.5,3.00038465791102E-15,-0.4));
#4640=CARTESIAN_POINT('Origin',(24.5,-3.00038465791102E-15,-2.6));
#4641=CARTESIAN_POINT('',(25.6,-3.00038465791102E-15,-5.6));
#4642=CARTESIAN_POINT('Origin',(24.5,-3.00038465791102E-15,-5.6));
#4643=CARTESIAN_POINT('',(25.6,-3.26980695372343E-15,-4.4));
#4644=CARTESIAN_POINT('',(25.6,-3.00038465791102E-15,-2.6));
#4645=CARTESIAN_POINT('Origin',(24.5,-3.00038465791102E-15,-4.4));
#4646=CARTESIAN_POINT('Origin',(24.5,-3.00038465791102E-15,-1.95));
#4647=CARTESIAN_POINT('',(26.1,-3.00038465791102E-15,-4.4));
#4648=CARTESIAN_POINT('Origin',(24.5,-3.00038465791102E-15,-4.4));
#4649=CARTESIAN_POINT('',(26.1,-3.39227163363817E-15,-0.4));
#4650=CARTESIAN_POINT('',(26.1,-3.00038465791102E-15,-1.95));
#4651=CARTESIAN_POINT('Origin',(24.5,-3.00038465791102E-15,-0.4));
#4652=CARTESIAN_POINT('Origin',(24.5,-3.00038465791102E-15,-4.4));
#4653=CARTESIAN_POINT('Origin',(24.5,-3.00038465791102E-15,0.05));
#4654=CARTESIAN_POINT('',(26.5,-3.00038465791102E-15,-0.4));
#4655=CARTESIAN_POINT('Origin',(24.5,-3.00038465791102E-15,-0.4));
#4656=CARTESIAN_POINT('',(26.5,-3.49024337756996E-15,0.));
#4657=CARTESIAN_POINT('',(26.5,-3.00038465791102E-15,0.05));
#4658=CARTESIAN_POINT('Origin',(24.5,-3.00038465791102E-15,0.));
#4659=CARTESIAN_POINT('Origin',(24.5,-3.00038465791102E-15,-0.4));
#4660=CARTESIAN_POINT('Origin',(8.,-11.4,-0.655));
#4661=CARTESIAN_POINT('',(8.,-3.7,-2.3));
#4662=CARTESIAN_POINT('',(8.,-3.7,0.));
#4663=CARTESIAN_POINT('Origin',(-8.,-11.4,-0.655));
#4664=CARTESIAN_POINT('',(-8.,-3.7,-2.3));
#4665=CARTESIAN_POINT('',(-8.,-3.7,0.));
#4666=CARTESIAN_POINT('Origin',(4.89858719658941E-16,4.,-2.3));
#4667=CARTESIAN_POINT('',(-18.2,21.25,-2.3));
#4668=CARTESIAN_POINT('',(-18.2,4.,-2.3));
#4669=CARTESIAN_POINT('',(-8.,21.25,-2.3));
#4670=CARTESIAN_POINT('',(2.60237444818813E-15,21.25,-2.3));
#4671=CARTESIAN_POINT('',(-8.,14.45,-2.3));
#4672=CARTESIAN_POINT('',(-8.,10.925,-2.3));
#4673=CARTESIAN_POINT('',(-17.5,14.45,-2.3));
#4674=CARTESIAN_POINT('',(1.76961462476793E-15,14.45,-2.3));
#4675=CARTESIAN_POINT('',(-17.5,3.225,-2.3));
#4676=CARTESIAN_POINT('Origin',(4.89858719658941E-16,4.,-2.3));
#4677=CARTESIAN_POINT('',(17.5,14.45,-2.3));
#4678=CARTESIAN_POINT('',(17.5,3.225,-2.3));
#4679=CARTESIAN_POINT('',(8.,14.45,-2.3));
#4680=CARTESIAN_POINT('',(1.76961462476793E-15,14.45,-2.3));
#4681=CARTESIAN_POINT('',(8.,21.25,-2.3));
#4682=CARTESIAN_POINT('',(8.,10.925,-2.3));
#4683=CARTESIAN_POINT('',(18.2,21.25,-2.3));
#4684=CARTESIAN_POINT('',(2.60237444818813E-15,21.25,-2.3));
#4685=CARTESIAN_POINT('',(18.2,4.,-2.3));
#4686=CARTESIAN_POINT('Origin',(4.89858719658941E-16,4.,0.));
#4687=CARTESIAN_POINT('',(-24.5,-3.75,0.));
#4688=CARTESIAN_POINT('',(-22.5,-3.75,0.));
#4689=CARTESIAN_POINT('',(-4.59242549680257E-16,-3.75,0.));
#4690=CARTESIAN_POINT('',(-20.,-6.25,0.));
#4691=CARTESIAN_POINT('Origin',(-22.5,-6.25,0.));
#4692=CARTESIAN_POINT('',(-20.,-11.05,0.));
#4693=CARTESIAN_POINT('',(-20.,4.,0.));
#4694=CARTESIAN_POINT('Origin',(-16.,-11.05,0.));
#4695=CARTESIAN_POINT('',(20.,-11.05,0.));
#4696=CARTESIAN_POINT('Origin',(16.,-11.05,0.));
#4697=CARTESIAN_POINT('',(20.,-6.25,0.));
#4698=CARTESIAN_POINT('',(20.,4.,0.));
#4699=CARTESIAN_POINT('',(22.5,-3.75,0.));
#4700=CARTESIAN_POINT('Origin',(22.5,-6.25,0.));
#4701=CARTESIAN_POINT('',(24.5,-3.75,0.));
#4702=CARTESIAN_POINT('',(-4.59242549680257E-16,-3.75,0.));
#4703=CARTESIAN_POINT('',(28.25,-3.00038465791102E-15,0.));
#4704=CARTESIAN_POINT('Origin',(24.5,-3.00038465791102E-15,0.));
#4705=CARTESIAN_POINT('',(24.5,3.75,0.));
#4706=CARTESIAN_POINT('Origin',(24.5,-3.00038465791102E-15,0.));
#4707=CARTESIAN_POINT('',(22.5,3.75,0.));
#4708=CARTESIAN_POINT('',(4.59242549680257E-16,3.75,0.));
#4709=CARTESIAN_POINT('',(20.,6.25,0.));
#4710=CARTESIAN_POINT('Origin',(22.5,6.25,0.));
#4711=CARTESIAN_POINT('',(20.,19.05,0.));
#4712=CARTESIAN_POINT('',(20.,4.,0.));
#4713=CARTESIAN_POINT('',(16.,23.05,0.));
#4714=CARTESIAN_POINT('Origin',(16.,19.05,0.));
#4715=CARTESIAN_POINT('',(13.5,25.55,0.));
#4716=CARTESIAN_POINT('Origin',(16.,25.55,0.));
#4717=CARTESIAN_POINT('',(13.5,27.05,0.));
#4718=CARTESIAN_POINT('',(13.5,25.55,0.));
#4719=CARTESIAN_POINT('',(10.5,30.05,0.));
#4720=CARTESIAN_POINT('Origin',(10.5,27.05,0.));
#4721=CARTESIAN_POINT('',(-10.5,30.05,0.));
#4722=CARTESIAN_POINT('',(3.6800636314378E-15,30.05,0.));
#4723=CARTESIAN_POINT('',(-13.5,27.05,0.));
#4724=CARTESIAN_POINT('Origin',(-10.5,27.05,0.));
#4725=CARTESIAN_POINT('',(-13.5,25.55,0.));
#4726=CARTESIAN_POINT('',(-13.5,25.55,0.));
#4727=CARTESIAN_POINT('',(-16.,23.05,0.));
#4728=CARTESIAN_POINT('Origin',(-16.,25.55,0.));
#4729=CARTESIAN_POINT('',(-20.,19.05,0.));
#4730=CARTESIAN_POINT('Origin',(-16.,19.05,0.));
#4731=CARTESIAN_POINT('',(-20.,6.25,0.));
#4732=CARTESIAN_POINT('',(-20.,4.,0.));
#4733=CARTESIAN_POINT('',(-22.5,3.75,0.));
#4734=CARTESIAN_POINT('Origin',(-22.5,6.25,0.));
#4735=CARTESIAN_POINT('',(-24.5,3.75,0.));
#4736=CARTESIAN_POINT('',(4.59242549680257E-16,3.75,0.));
#4737=CARTESIAN_POINT('Origin',(-24.5,3.00038465791102E-15,0.));
#4738=CARTESIAN_POINT('',(-17.5,14.45,0.));
#4739=CARTESIAN_POINT('',(-17.5,3.225,0.));
#4740=CARTESIAN_POINT('',(-8.,14.45,0.));
#4741=CARTESIAN_POINT('',(1.76961462476793E-15,14.45,0.));
#4742=CARTESIAN_POINT('',(-8.,21.25,0.));
#4743=CARTESIAN_POINT('',(-8.,10.925,0.));
#4744=CARTESIAN_POINT('',(8.,21.25,0.));
#4745=CARTESIAN_POINT('',(2.60237444818813E-15,21.25,0.));
#4746=CARTESIAN_POINT('',(8.,14.45,0.));
#4747=CARTESIAN_POINT('',(8.,10.925,0.));
#4748=CARTESIAN_POINT('',(17.5,14.45,0.));
#4749=CARTESIAN_POINT('',(1.76961462476793E-15,14.45,0.));
#4750=CARTESIAN_POINT('',(17.5,3.225,0.));
#4751=CARTESIAN_POINT('Origin',(-8.,17.85,-0.655));
#4752=CARTESIAN_POINT('',(-8.,21.25,-0.655));
#4753=CARTESIAN_POINT('',(-8.,14.45,-0.655));
#4754=CARTESIAN_POINT('Origin',(8.,17.85,-0.655));
#4755=CARTESIAN_POINT('',(8.,14.45,-0.655));
#4756=CARTESIAN_POINT('',(8.,21.25,-0.655));
#4757=CARTESIAN_POINT('Origin',(1.76961462476793E-15,14.45,-0.655));
#4758=CARTESIAN_POINT('',(17.5,14.45,-0.655));
#4759=CARTESIAN_POINT('Origin',(17.5,2.45,-0.655));
#4760=CARTESIAN_POINT('Origin',(1.76961462476793E-15,14.45,-0.655));
#4761=CARTESIAN_POINT('',(-17.5,14.45,-0.655));
#4762=CARTESIAN_POINT('Origin',(-17.5,2.45,-0.655));
#4763=CARTESIAN_POINT('Origin',(18.2,4.,-4.55));
#4764=CARTESIAN_POINT('',(18.2,21.25,-5.8));
#4765=CARTESIAN_POINT('',(18.2,4.,-5.8));
#4766=CARTESIAN_POINT('',(18.2,21.25,-4.55));
#4767=CARTESIAN_POINT('Origin',(2.60237444818813E-15,21.25,-4.55));
#4768=CARTESIAN_POINT('',(-18.2,21.25,-5.8));
#4769=CARTESIAN_POINT('',(-18.2,21.25,-4.55));
#4770=CARTESIAN_POINT('',(2.60237444818813E-15,21.25,-5.8));
#4771=CARTESIAN_POINT('Origin',(-18.2,4.,-4.55));
#4772=CARTESIAN_POINT('',(-18.2,4.,-5.8));
#4773=CARTESIAN_POINT('Origin',(-24.5,3.00038465791102E-15,-5.6));
#4774=CARTESIAN_POINT('',(-20.75,3.00038465791102E-15,-5.6));
#4775=CARTESIAN_POINT('Origin',(-24.5,3.00038465791102E-15,-5.6));
#4776=CARTESIAN_POINT('Origin',(0.,0.,-3.2));
#4777=CARTESIAN_POINT('',(-24.5,-3.75,-3.2));
#4778=CARTESIAN_POINT('',(-20.75,3.00038465791102E-15,-3.2));
#4779=CARTESIAN_POINT('Origin',(-24.5,3.00038465791102E-15,-3.2));
#4780=CARTESIAN_POINT('',(-24.5,3.75,-3.2));
#4781=CARTESIAN_POINT('Origin',(-24.5,3.00038465791102E-15,-3.2));
#4782=CARTESIAN_POINT('',(-22.5,3.75,-3.2));
#4783=CARTESIAN_POINT('',(4.59242549680257E-16,3.75,-3.2));
#4784=CARTESIAN_POINT('',(-20.,6.25,-3.2));
#4785=CARTESIAN_POINT('Origin',(-22.5,6.25,-3.2));
#4786=CARTESIAN_POINT('',(-20.,-6.25,-3.2));
#4787=CARTESIAN_POINT('',(-20.,2.,-3.2));
#4788=CARTESIAN_POINT('',(-22.5,-3.75,-3.2));
#4789=CARTESIAN_POINT('Origin',(-22.5,-6.25,-3.2));
#4790=CARTESIAN_POINT('',(-4.59242549680257E-16,-3.75,-3.2));
#4791=CARTESIAN_POINT('Origin',(24.5,-3.00038465791102E-15,-5.6));
#4792=CARTESIAN_POINT('',(28.25,-3.00038465791102E-15,-5.6));
#4793=CARTESIAN_POINT('Origin',(24.5,-3.00038465791102E-15,-5.6));
#4794=CARTESIAN_POINT('Origin',(-16.,25.55,-1.6));
#4795=CARTESIAN_POINT('',(-16.,23.05,-3.2));
#4796=CARTESIAN_POINT('',(-13.5,25.55,-3.2));
#4797=CARTESIAN_POINT('Origin',(-16.,25.55,-3.2));
#4798=CARTESIAN_POINT('',(-16.,23.05,-2.9));
#4799=CARTESIAN_POINT('',(-13.5,25.55,-1.6));
#4800=CARTESIAN_POINT('Origin',(2.82281087203465E-15,23.05,-2.9));
#4801=CARTESIAN_POINT('',(16.,23.05,-3.2));
#4802=CARTESIAN_POINT('',(2.82281087203465E-15,23.05,-3.2));
#4803=CARTESIAN_POINT('',(16.,23.05,-5.8));
#4804=CARTESIAN_POINT('',(16.,23.05,-2.9));
#4805=CARTESIAN_POINT('',(-16.,23.05,-5.8));
#4806=CARTESIAN_POINT('',(2.82281087203465E-15,23.05,-5.8));
#4807=CARTESIAN_POINT('',(-16.,23.05,-2.9));
#4808=CARTESIAN_POINT('Origin',(3.12897257182149E-15,25.55,-3.2));
#4809=CARTESIAN_POINT('',(-13.5,27.05,-3.2));
#4810=CARTESIAN_POINT('',(-13.5,25.55,-3.2));
#4811=CARTESIAN_POINT('',(-10.5,30.05,-3.2));
#4812=CARTESIAN_POINT('Origin',(-10.5,27.05,-3.2));
#4813=CARTESIAN_POINT('',(10.5,30.05,-3.2));
#4814=CARTESIAN_POINT('',(3.6800636314378E-15,30.05,-3.2));
#4815=CARTESIAN_POINT('',(13.5,27.05,-3.2));
#4816=CARTESIAN_POINT('Origin',(10.5,27.05,-3.2));
#4817=CARTESIAN_POINT('',(13.5,25.55,-3.2));
#4818=CARTESIAN_POINT('',(13.5,24.05,-3.2));
#4819=CARTESIAN_POINT('Origin',(16.,25.55,-3.2));
#4820=CARTESIAN_POINT('Origin',(-13.5,25.55,-1.6));
#4821=CARTESIAN_POINT('',(-13.5,27.05,-1.6));
#4822=CARTESIAN_POINT('Origin',(16.,25.55,-1.6));
#4823=CARTESIAN_POINT('',(13.5,25.55,-1.6));
#4824=CARTESIAN_POINT('',(16.,23.05,-2.9));
#4825=CARTESIAN_POINT('Origin',(13.5,25.55,-1.6));
#4826=CARTESIAN_POINT('',(13.5,27.05,-1.6));
#4827=CARTESIAN_POINT('Origin',(-10.5,27.05,-1.6));
#4828=CARTESIAN_POINT('',(-10.5,30.05,-1.6));
#4829=CARTESIAN_POINT('Origin',(10.5,27.05,-1.6));
#4830=CARTESIAN_POINT('',(10.5,30.05,-1.6));
#4831=CARTESIAN_POINT('Origin',(3.6800636314378E-15,30.05,-1.6));
#4832=CARTESIAN_POINT('Origin',(-22.5,-6.25,-1.6));
#4833=CARTESIAN_POINT('',(-20.,-6.25,-1.6));
#4834=CARTESIAN_POINT('',(-22.5,-3.75,-1.6));
#4835=CARTESIAN_POINT('Origin',(-4.59242549680257E-16,-3.75,-1.6));
#4836=CARTESIAN_POINT('',(-24.5,-3.75,-1.6));
#4837=CARTESIAN_POINT('Origin',(-22.5,6.25,-1.6));
#4838=CARTESIAN_POINT('',(-22.5,3.75,-1.6));
#4839=CARTESIAN_POINT('',(-20.,6.25,-1.6));
#4840=CARTESIAN_POINT('Origin',(-20.,4.,-2.9));
#4841=CARTESIAN_POINT('',(-20.,19.05,-5.8));
#4842=CARTESIAN_POINT('',(-20.,19.05,-2.9));
#4843=CARTESIAN_POINT('',(-20.,-11.05,-5.8));
#4844=CARTESIAN_POINT('',(-20.,4.,-5.8));
#4845=CARTESIAN_POINT('',(-20.,-11.05,-2.9));
#4846=CARTESIAN_POINT('Origin',(22.5,-6.25,-1.6));
#4847=CARTESIAN_POINT('',(22.5,-3.75,-3.2));
#4848=CARTESIAN_POINT('',(20.,-6.25,-3.2));
#4849=CARTESIAN_POINT('Origin',(22.5,-6.25,-3.2));
#4850=CARTESIAN_POINT('',(22.5,-3.75,-1.6));
#4851=CARTESIAN_POINT('',(20.,-6.25,-1.6));
#4852=CARTESIAN_POINT('Origin',(20.,4.,-2.9));
#4853=CARTESIAN_POINT('',(20.,6.25,-3.2));
#4854=CARTESIAN_POINT('',(20.,2.,-3.2));
#4855=CARTESIAN_POINT('',(20.,-11.05,-5.8));
#4856=CARTESIAN_POINT('',(20.,-11.05,-2.9));
#4857=CARTESIAN_POINT('',(20.,19.05,-5.8));
#4858=CARTESIAN_POINT('',(20.,4.,-5.8));
#4859=CARTESIAN_POINT('',(20.,19.05,-2.9));
#4860=CARTESIAN_POINT('',(20.,6.25,-1.6));
#4861=CARTESIAN_POINT('Origin',(22.5,6.25,-1.6));
#4862=CARTESIAN_POINT('',(22.5,3.75,-3.2));
#4863=CARTESIAN_POINT('Origin',(22.5,6.25,-3.2));
#4864=CARTESIAN_POINT('',(22.5,3.75,-1.6));
#4865=CARTESIAN_POINT('Origin',(0.,0.,-3.2));
#4866=CARTESIAN_POINT('',(24.5,3.75,-3.2));
#4867=CARTESIAN_POINT('',(24.5,-3.75,-3.2));
#4868=CARTESIAN_POINT('Origin',(24.5,-3.00038465791102E-15,-3.2));
#4869=CARTESIAN_POINT('',(-4.59242549680257E-16,-3.75,-3.2));
#4870=CARTESIAN_POINT('',(4.59242549680257E-16,3.75,-3.2));
#4871=CARTESIAN_POINT('Origin',(4.59242549680257E-16,3.75,-1.6));
#4872=CARTESIAN_POINT('',(24.5,3.75,-1.6));
#4873=CARTESIAN_POINT('Origin',(4.59242549680257E-16,3.75,-1.6));
#4874=CARTESIAN_POINT('',(-24.5,3.75,-1.6));
#4875=CARTESIAN_POINT('Origin',(-24.5,3.00038465791102E-15,-1.6));
#4876=CARTESIAN_POINT('',(-20.75,3.00038465791102E-15,-1.6));
#4877=CARTESIAN_POINT('Origin',(24.5,-3.00038465791102E-15,-1.6));
#4878=CARTESIAN_POINT('',(24.5,-3.75,-1.6));
#4879=CARTESIAN_POINT('',(28.25,-3.00038465791102E-15,-1.6));
#4880=CARTESIAN_POINT('Origin',(-4.59242549680257E-16,-3.75,-1.6));
#4881=CARTESIAN_POINT('Origin',(-16.,-11.05,-2.9));
#4882=CARTESIAN_POINT('Origin',(-16.,-11.05,-5.8));
#4883=CARTESIAN_POINT('Origin',(-16.,19.05,-2.9));
#4884=CARTESIAN_POINT('Origin',(-16.,19.05,-5.8));
#4885=CARTESIAN_POINT('Origin',(16.,-11.05,-2.9));
#4886=CARTESIAN_POINT('Origin',(16.,-11.05,-5.8));
#4887=CARTESIAN_POINT('Origin',(4.89858719658941E-16,4.,-5.8));
#4888=CARTESIAN_POINT('Origin',(16.,19.05,-5.8));
#4889=CARTESIAN_POINT('Origin',(16.,19.05,-2.9));
#4890=UNCERTAINTY_MEASURE_WITH_UNIT(LENGTH_MEASURE(0.01),#4894,
'DISTANCE_ACCURACY_VALUE',
'Maximum model space distance between geometric entities at asserted c
onnectivities');
#4891=UNCERTAINTY_MEASURE_WITH_UNIT(LENGTH_MEASURE(0.01),#4894,
'DISTANCE_ACCURACY_VALUE',
'Maximum model space distance between geometric entities at asserted c
onnectivities');
#4892=(
GEOMETRIC_REPRESENTATION_CONTEXT(3)
GLOBAL_UNCERTAINTY_ASSIGNED_CONTEXT((#4890))
GLOBAL_UNIT_ASSIGNED_CONTEXT((#4894,#4896,#4897))
REPRESENTATION_CONTEXT('','3D')
);
#4893=(
GEOMETRIC_REPRESENTATION_CONTEXT(3)
GLOBAL_UNCERTAINTY_ASSIGNED_CONTEXT((#4891))
GLOBAL_UNIT_ASSIGNED_CONTEXT((#4894,#4896,#4897))
REPRESENTATION_CONTEXT('','3D')
);
#4894=(
LENGTH_UNIT()
NAMED_UNIT(*)
SI_UNIT(.MILLI.,.METRE.)
);
#4895=(
LENGTH_UNIT()
NAMED_UNIT(*)
SI_UNIT($,.METRE.)
);
#4896=(
NAMED_UNIT(*)
PLANE_ANGLE_UNIT()
SI_UNIT($,.RADIAN.)
);
#4897=(
NAMED_UNIT(*)
SI_UNIT($,.STERADIAN.)
SOLID_ANGLE_UNIT()
);
#4898=SHAPE_DEFINITION_REPRESENTATION(#4899,#4900);
#4899=PRODUCT_DEFINITION_SHAPE('',$,#4902);
#4900=SHAPE_REPRESENTATION('',(#2892),#4892);
#4901=PRODUCT_DEFINITION_CONTEXT('part definition',#4906,'design');
#4902=PRODUCT_DEFINITION('Rear_Display_Carrier','Rear_Display_Carrier',
#4903,#4901);
#4903=PRODUCT_DEFINITION_FORMATION('',$,#4908);
#4904=PRODUCT_RELATED_PRODUCT_CATEGORY('Rear_Display_Carrier',
'Rear_Display_Carrier',(#4908));
#4905=APPLICATION_PROTOCOL_DEFINITION('international standard',
'automotive_design',2009,#4906);
#4906=APPLICATION_CONTEXT(
'Core Data for Automotive Mechanical Design Process');
#4907=PRODUCT_CONTEXT('part definition',#4906,'mechanical');
#4908=PRODUCT('Rear_Display_Carrier','Rear_Display_Carrier',$,(#4907));
#4909=PRESENTATION_STYLE_ASSIGNMENT((#4911));
#4910=PRESENTATION_STYLE_ASSIGNMENT((#4912));
#4911=SURFACE_STYLE_USAGE(.BOTH.,#4913);
#4912=SURFACE_STYLE_USAGE(.BOTH.,#4914);
#4913=SURFACE_SIDE_STYLE('',(#4915));
#4914=SURFACE_SIDE_STYLE('',(#4916));
#4915=SURFACE_STYLE_FILL_AREA(#4917);
#4916=SURFACE_STYLE_FILL_AREA(#4918);
#4917=FILL_AREA_STYLE('Steel - Satin',(#4919));
#4918=FILL_AREA_STYLE('Plastic - Matte (Black)',(#4920));
#4919=FILL_AREA_STYLE_COLOUR('Steel - Satin',#4921);
#4920=FILL_AREA_STYLE_COLOUR('Plastic - Matte (Black)',#4922);
#4921=COLOUR_RGB('Steel - Satin',0.627450980392157,0.627450980392157,0.627450980392157);
#4922=COLOUR_RGB('Plastic - Matte (Black)',0.0980392156862745,0.0980392156862745,
0.0980392156862745);
ENDSEC;
END-ISO-10303-21;
