ISO-10303-21;
HEADER;
/* Generated by software containing ST-Developer
 * from STEP Tools, Inc. (www.steptools.com) 
 */

FILE_DESCRIPTION(
/* description */ (''),
/* implementation_level */ '2;1');

FILE_NAME(
/* name */ 'Rear_Display_Carrier.step',
/* time_stamp */ '2026-08-28T10:39:27+01:00',
/* author */ (''),
/* organization */ (''),
/* preprocessor_version */ 'ST-DEVELOPER v20.1',
/* originating_system */ 'Autodesk Translation Framework v15.8.0.0',
/* authorisation */ '');

FILE_SCHEMA (('AUTOMOTIVE_DESIGN { 1 0 10303 214 3 1 1 }'));
ENDSEC;

DATA;
#10=MECHANICAL_DESIGN_GEOMETRIC_PRESENTATION_REPRESENTATION('',(#13),#4363);
#11=SHAPE_REPRESENTATION_RELATIONSHIP('SRR','None',#4370,#12);
#12=ADVANCED_BREP_SHAPE_REPRESENTATION('',(#14),#4362);
#13=STYLED_ITEM('',(#4380),#14);
#14=MANIFOLD_SOLID_BREP('Rear_Display_Carrier',#2615);
#15=FACE_BOUND('',#377,.T.);
#16=FACE_BOUND('',#380,.T.);
#17=FACE_BOUND('',#384,.T.);
#18=FACE_BOUND('',#387,.T.);
#19=FACE_BOUND('',#391,.T.);
#20=FACE_BOUND('',#394,.T.);
#21=FACE_BOUND('',#407,.T.);
#22=FACE_BOUND('',#409,.T.);
#23=FACE_BOUND('',#413,.T.);
#24=FACE_BOUND('',#414,.T.);
#25=FACE_BOUND('',#415,.T.);
#26=FACE_BOUND('',#425,.T.);
#27=FACE_BOUND('',#428,.T.);
#28=FACE_BOUND('',#432,.T.);
#29=FACE_BOUND('',#433,.T.);
#30=FACE_BOUND('',#434,.T.);
#31=FACE_BOUND('',#435,.T.);
#32=CONICAL_SURFACE('',#2677,1.5375,0.502843210927861);
#33=CONICAL_SURFACE('',#2679,1.5375,0.502843210927861);
#34=CONICAL_SURFACE('',#2683,1.4375,0.376909270324821);
#35=CONICAL_SURFACE('',#2684,1.4375,0.376909270324821);
#36=CONICAL_SURFACE('',#2705,1.5375,0.502843210927861);
#37=CONICAL_SURFACE('',#2707,1.5375,0.502843210927861);
#38=CONICAL_SURFACE('',#2711,1.4375,0.376909270324821);
#39=CONICAL_SURFACE('',#2712,1.4375,0.376909270324821);
#40=CONICAL_SURFACE('',#2715,1.2,0.643501108793284);
#41=CONICAL_SURFACE('',#2724,1.2,0.643501108793284);
#42=CYLINDRICAL_SURFACE('',#2664,2.2);
#43=CYLINDRICAL_SURFACE('',#2673,1.4);
#44=CYLINDRICAL_SURFACE('',#2675,1.4);
#45=CYLINDRICAL_SURFACE('',#2692,2.2);
#46=CYLINDRICAL_SURFACE('',#2701,1.4);
#47=CYLINDRICAL_SURFACE('',#2703,1.4);
#48=CYLINDRICAL_SURFACE('',#2719,1.35);
#49=CYLINDRICAL_SURFACE('',#2728,1.35);
#50=CYLINDRICAL_SURFACE('',#2733,2.4);
#51=CYLINDRICAL_SURFACE('',#2737,2.4);
#52=CYLINDRICAL_SURFACE('',#2741,1.1);
#53=CYLINDRICAL_SURFACE('',#2744,1.6);
#54=CYLINDRICAL_SURFACE('',#2748,2.);
#55=CYLINDRICAL_SURFACE('',#2752,1.1);
#56=CYLINDRICAL_SURFACE('',#2755,1.6);
#57=CYLINDRICAL_SURFACE('',#2759,2.);
#58=CYLINDRICAL_SURFACE('',#2813,2.5);
#59=CYLINDRICAL_SURFACE('',#2821,2.5);
#60=CYLINDRICAL_SURFACE('',#2823,3.);
#61=CYLINDRICAL_SURFACE('',#2824,3.);
#62=CYLINDRICAL_SURFACE('',#2826,2.5);
#63=CYLINDRICAL_SURFACE('',#2828,2.5);
#64=CYLINDRICAL_SURFACE('',#2830,2.5);
#65=CYLINDRICAL_SURFACE('',#2833,2.5);
#66=CYLINDRICAL_SURFACE('',#2839,3.75);
#67=CYLINDRICAL_SURFACE('',#2840,3.75);
#68=CYLINDRICAL_SURFACE('',#2842,4.);
#69=CYLINDRICAL_SURFACE('',#2843,4.);
#70=CYLINDRICAL_SURFACE('',#2844,4.);
#71=CYLINDRICAL_SURFACE('',#2848,4.);
#72=CIRCLE('',#2661,2.2);
#73=CIRCLE('',#2662,2.2);
#74=CIRCLE('',#2665,2.2);
#75=CIRCLE('',#2666,2.2);
#76=CIRCLE('',#2667,2.2);
#77=CIRCLE('',#2668,2.2);
#78=CIRCLE('',#2670,1.4);
#79=CIRCLE('',#2672,1.4);
#80=CIRCLE('',#2674,1.4);
#81=CIRCLE('',#2676,1.4);
#82=CIRCLE('',#2678,1.675);
#83=CIRCLE('',#2680,1.675);
#84=CIRCLE('',#2682,1.2);
#85=CIRCLE('',#2685,1.2);
#86=CIRCLE('',#2689,2.2);
#87=CIRCLE('',#2690,2.2);
#88=CIRCLE('',#2693,2.2);
#89=CIRCLE('',#2694,2.2);
#90=CIRCLE('',#2695,2.2);
#91=CIRCLE('',#2696,2.2);
#92=CIRCLE('',#2698,1.4);
#93=CIRCLE('',#2700,1.4);
#94=CIRCLE('',#2702,1.4);
#95=CIRCLE('',#2704,1.4);
#96=CIRCLE('',#2706,1.675);
#97=CIRCLE('',#2708,1.675);
#98=CIRCLE('',#2710,1.2);
#99=CIRCLE('',#2713,1.2);
#100=CIRCLE('',#2716,1.05);
#101=CIRCLE('',#2717,1.35);
#102=CIRCLE('',#2720,1.35);
#103=CIRCLE('',#2721,1.35);
#104=CIRCLE('',#2722,1.35);
#105=CIRCLE('',#2725,1.05);
#106=CIRCLE('',#2726,1.35);
#107=CIRCLE('',#2729,1.35);
#108=CIRCLE('',#2730,1.35);
#109=CIRCLE('',#2731,1.35);
#110=CIRCLE('',#2734,2.4);
#111=CIRCLE('',#2735,2.4);
#112=CIRCLE('',#2738,2.4);
#113=CIRCLE('',#2739,2.4);
#114=CIRCLE('',#2742,1.1);
#115=CIRCLE('',#2743,1.1);
#116=CIRCLE('',#2745,1.6);
#117=CIRCLE('',#2746,1.6);
#118=CIRCLE('',#2749,2.);
#119=CIRCLE('',#2750,2.);
#120=CIRCLE('',#2753,1.1);
#121=CIRCLE('',#2754,1.1);
#122=CIRCLE('',#2756,1.6);
#123=CIRCLE('',#2757,1.6);
#124=CIRCLE('',#2760,2.);
#125=CIRCLE('',#2761,2.);
#126=CIRCLE('',#2768,4.);
#127=CIRCLE('',#2769,4.);
#128=CIRCLE('',#2781,2.5);
#129=CIRCLE('',#2782,4.);
#130=CIRCLE('',#2783,4.);
#131=CIRCLE('',#2784,2.5);
#132=CIRCLE('',#2785,3.75);
#133=CIRCLE('',#2786,3.75);
#134=CIRCLE('',#2787,2.5);
#135=CIRCLE('',#2788,4.);
#136=CIRCLE('',#2789,2.5);
#137=CIRCLE('',#2790,3.);
#138=CIRCLE('',#2791,3.);
#139=CIRCLE('',#2792,2.5);
#140=CIRCLE('',#2793,4.);
#141=CIRCLE('',#2794,2.5);
#142=CIRCLE('',#2795,3.75);
#143=CIRCLE('',#2805,3.75);
#144=CIRCLE('',#2807,3.75);
#145=CIRCLE('',#2808,3.75);
#146=CIRCLE('',#2809,2.5);
#147=CIRCLE('',#2810,2.5);
#148=CIRCLE('',#2812,3.75);
#149=CIRCLE('',#2814,2.5);
#150=CIRCLE('',#2817,3.);
#151=CIRCLE('',#2818,3.);
#152=CIRCLE('',#2819,2.5);
#153=CIRCLE('',#2831,2.5);
#154=CIRCLE('',#2834,2.5);
#155=CIRCLE('',#2836,3.75);
#156=CIRCLE('',#2845,4.);
#157=CIRCLE('',#2847,4.);
#158=(
BOUNDED_CURVE()
B_SPLINE_CURVE(2,(#3791,#3792,#3793),.UNSPECIFIED.,.F.,.F.)
B_SPLINE_CURVE_WITH_KNOTS((3,3),(0.,0.0574278358885043),.UNSPECIFIED.)
CURVE()
GEOMETRIC_REPRESENTATION_ITEM()
RATIONAL_B_SPLINE_CURVE((1.,1.00424635498191,1.))
REPRESENTATION_ITEM('')
);
#159=(
BOUNDED_CURVE()
B_SPLINE_CURVE(2,(#3795,#3796,#3797),.UNSPECIFIED.,.F.,.F.)
B_SPLINE_CURVE_WITH_KNOTS((3,3),(0.,0.129626494221697),.UNSPECIFIED.)
CURVE()
GEOMETRIC_REPRESENTATION_ITEM()
RATIONAL_B_SPLINE_CURVE((1.,1.01486072544904,1.))
REPRESENTATION_ITEM('')
);
#160=(
BOUNDED_CURVE()
B_SPLINE_CURVE(2,(#3801,#3802,#3803),.UNSPECIFIED.,.F.,.F.)
B_SPLINE_CURVE_WITH_KNOTS((3,3),(0.,0.129626494221697),.UNSPECIFIED.)
CURVE()
GEOMETRIC_REPRESENTATION_ITEM()
RATIONAL_B_SPLINE_CURVE((1.,1.01486072544904,1.))
REPRESENTATION_ITEM('')
);
#161=(
BOUNDED_CURVE()
B_SPLINE_CURVE(2,(#3805,#3806,#3807),.UNSPECIFIED.,.F.,.F.)
B_SPLINE_CURVE_WITH_KNOTS((3,3),(0.,0.0574278358885043),.UNSPECIFIED.)
CURVE()
GEOMETRIC_REPRESENTATION_ITEM()
RATIONAL_B_SPLINE_CURVE((1.,1.00424635498191,1.))
REPRESENTATION_ITEM('')
);
#162=(
BOUNDED_CURVE()
B_SPLINE_CURVE(2,(#3825,#3826,#3827),.UNSPECIFIED.,.F.,.F.)
B_SPLINE_CURVE_WITH_KNOTS((3,3),(0.,0.0574278358885043),.UNSPECIFIED.)
CURVE()
GEOMETRIC_REPRESENTATION_ITEM()
RATIONAL_B_SPLINE_CURVE((1.,1.00424635498191,1.))
REPRESENTATION_ITEM('')
);
#163=(
BOUNDED_CURVE()
B_SPLINE_CURVE(2,(#3829,#3830,#3831),.UNSPECIFIED.,.F.,.F.)
B_SPLINE_CURVE_WITH_KNOTS((3,3),(0.,0.129626494221697),.UNSPECIFIED.)
CURVE()
GEOMETRIC_REPRESENTATION_ITEM()
RATIONAL_B_SPLINE_CURVE((1.,1.01486072544904,1.))
REPRESENTATION_ITEM('')
);
#164=(
BOUNDED_CURVE()
B_SPLINE_CURVE(2,(#3835,#3836,#3837),.UNSPECIFIED.,.F.,.F.)
B_SPLINE_CURVE_WITH_KNOTS((3,3),(0.,0.129626494221697),.UNSPECIFIED.)
CURVE()
GEOMETRIC_REPRESENTATION_ITEM()
RATIONAL_B_SPLINE_CURVE((1.,1.01486072544904,1.))
REPRESENTATION_ITEM('')
);
#165=(
BOUNDED_CURVE()
B_SPLINE_CURVE(2,(#3839,#3840,#3841),.UNSPECIFIED.,.F.,.F.)
B_SPLINE_CURVE_WITH_KNOTS((3,3),(0.,0.0574278358885043),.UNSPECIFIED.)
CURVE()
GEOMETRIC_REPRESENTATION_ITEM()
RATIONAL_B_SPLINE_CURVE((1.,1.00424635498191,1.))
REPRESENTATION_ITEM('')
);
#166=(
BOUNDED_CURVE()
B_SPLINE_CURVE(2,(#3886,#3887,#3888),.UNSPECIFIED.,.F.,.F.)
B_SPLINE_CURVE_WITH_KNOTS((3,3),(0.,0.0574278358885043),.UNSPECIFIED.)
CURVE()
GEOMETRIC_REPRESENTATION_ITEM()
RATIONAL_B_SPLINE_CURVE((1.,1.00424635498191,1.))
REPRESENTATION_ITEM('')
);
#167=(
BOUNDED_CURVE()
B_SPLINE_CURVE(2,(#3890,#3891,#3892),.UNSPECIFIED.,.F.,.F.)
B_SPLINE_CURVE_WITH_KNOTS((3,3),(0.,0.129626494221697),.UNSPECIFIED.)
CURVE()
GEOMETRIC_REPRESENTATION_ITEM()
RATIONAL_B_SPLINE_CURVE((1.,1.01486072544904,1.))
REPRESENTATION_ITEM('')
);
#168=(
BOUNDED_CURVE()
B_SPLINE_CURVE(2,(#3896,#3897,#3898),.UNSPECIFIED.,.F.,.F.)
B_SPLINE_CURVE_WITH_KNOTS((3,3),(0.,0.129626494221697),.UNSPECIFIED.)
CURVE()
GEOMETRIC_REPRESENTATION_ITEM()
RATIONAL_B_SPLINE_CURVE((1.,1.01486072544904,1.))
REPRESENTATION_ITEM('')
);
#169=(
BOUNDED_CURVE()
B_SPLINE_CURVE(2,(#3900,#3901,#3902),.UNSPECIFIED.,.F.,.F.)
B_SPLINE_CURVE_WITH_KNOTS((3,3),(0.,0.0574278358885043),.UNSPECIFIED.)
CURVE()
GEOMETRIC_REPRESENTATION_ITEM()
RATIONAL_B_SPLINE_CURVE((1.,1.00424635498191,1.))
REPRESENTATION_ITEM('')
);
#170=(
BOUNDED_CURVE()
B_SPLINE_CURVE(2,(#3920,#3921,#3922),.UNSPECIFIED.,.F.,.F.)
B_SPLINE_CURVE_WITH_KNOTS((3,3),(0.,0.0574278358885043),.UNSPECIFIED.)
CURVE()
GEOMETRIC_REPRESENTATION_ITEM()
RATIONAL_B_SPLINE_CURVE((1.,1.00424635498191,1.))
REPRESENTATION_ITEM('')
);
#171=(
BOUNDED_CURVE()
B_SPLINE_CURVE(2,(#3924,#3925,#3926),.UNSPECIFIED.,.F.,.F.)
B_SPLINE_CURVE_WITH_KNOTS((3,3),(0.,0.129626494221697),.UNSPECIFIED.)
CURVE()
GEOMETRIC_REPRESENTATION_ITEM()
RATIONAL_B_SPLINE_CURVE((1.,1.01486072544904,1.))
REPRESENTATION_ITEM('')
);
#172=(
BOUNDED_CURVE()
B_SPLINE_CURVE(2,(#3930,#3931,#3932),.UNSPECIFIED.,.F.,.F.)
B_SPLINE_CURVE_WITH_KNOTS((3,3),(0.,0.129626494221697),.UNSPECIFIED.)
CURVE()
GEOMETRIC_REPRESENTATION_ITEM()
RATIONAL_B_SPLINE_CURVE((1.,1.01486072544904,1.))
REPRESENTATION_ITEM('')
);
#173=(
BOUNDED_CURVE()
B_SPLINE_CURVE(2,(#3934,#3935,#3936),.UNSPECIFIED.,.F.,.F.)
B_SPLINE_CURVE_WITH_KNOTS((3,3),(0.,0.0574278358885043),.UNSPECIFIED.)
CURVE()
GEOMETRIC_REPRESENTATION_ITEM()
RATIONAL_B_SPLINE_CURVE((1.,1.00424635498191,1.))
REPRESENTATION_ITEM('')
);
#174=FACE_OUTER_BOUND('',#309,.T.);
#175=FACE_OUTER_BOUND('',#310,.T.);
#176=FACE_OUTER_BOUND('',#311,.T.);
#177=FACE_OUTER_BOUND('',#312,.T.);
#178=FACE_OUTER_BOUND('',#313,.T.);
#179=FACE_OUTER_BOUND('',#314,.T.);
#180=FACE_OUTER_BOUND('',#315,.T.);
#181=FACE_OUTER_BOUND('',#316,.T.);
#182=FACE_OUTER_BOUND('',#317,.T.);
#183=FACE_OUTER_BOUND('',#318,.T.);
#184=FACE_OUTER_BOUND('',#319,.T.);
#185=FACE_OUTER_BOUND('',#320,.T.);
#186=FACE_OUTER_BOUND('',#321,.T.);
#187=FACE_OUTER_BOUND('',#322,.T.);
#188=FACE_OUTER_BOUND('',#323,.T.);
#189=FACE_OUTER_BOUND('',#324,.T.);
#190=FACE_OUTER_BOUND('',#325,.T.);
#191=FACE_OUTER_BOUND('',#326,.T.);
#192=FACE_OUTER_BOUND('',#327,.T.);
#193=FACE_OUTER_BOUND('',#328,.T.);
#194=FACE_OUTER_BOUND('',#329,.T.);
#195=FACE_OUTER_BOUND('',#330,.T.);
#196=FACE_OUTER_BOUND('',#331,.T.);
#197=FACE_OUTER_BOUND('',#332,.T.);
#198=FACE_OUTER_BOUND('',#333,.T.);
#199=FACE_OUTER_BOUND('',#334,.T.);
#200=FACE_OUTER_BOUND('',#335,.T.);
#201=FACE_OUTER_BOUND('',#336,.T.);
#202=FACE_OUTER_BOUND('',#337,.T.);
#203=FACE_OUTER_BOUND('',#338,.T.);
#204=FACE_OUTER_BOUND('',#339,.T.);
#205=FACE_OUTER_BOUND('',#340,.T.);
#206=FACE_OUTER_BOUND('',#341,.T.);
#207=FACE_OUTER_BOUND('',#342,.T.);
#208=FACE_OUTER_BOUND('',#343,.T.);
#209=FACE_OUTER_BOUND('',#344,.T.);
#210=FACE_OUTER_BOUND('',#345,.T.);
#211=FACE_OUTER_BOUND('',#346,.T.);
#212=FACE_OUTER_BOUND('',#347,.T.);
#213=FACE_OUTER_BOUND('',#348,.T.);
#214=FACE_OUTER_BOUND('',#349,.T.);
#215=FACE_OUTER_BOUND('',#350,.T.);
#216=FACE_OUTER_BOUND('',#351,.T.);
#217=FACE_OUTER_BOUND('',#352,.T.);
#218=FACE_OUTER_BOUND('',#353,.T.);
#219=FACE_OUTER_BOUND('',#354,.T.);
#220=FACE_OUTER_BOUND('',#355,.T.);
#221=FACE_OUTER_BOUND('',#356,.T.);
#222=FACE_OUTER_BOUND('',#357,.T.);
#223=FACE_OUTER_BOUND('',#358,.T.);
#224=FACE_OUTER_BOUND('',#359,.T.);
#225=FACE_OUTER_BOUND('',#360,.T.);
#226=FACE_OUTER_BOUND('',#361,.T.);
#227=FACE_OUTER_BOUND('',#362,.T.);
#228=FACE_OUTER_BOUND('',#363,.T.);
#229=FACE_OUTER_BOUND('',#364,.T.);
#230=FACE_OUTER_BOUND('',#365,.T.);
#231=FACE_OUTER_BOUND('',#366,.T.);
#232=FACE_OUTER_BOUND('',#367,.T.);
#233=FACE_OUTER_BOUND('',#368,.T.);
#234=FACE_OUTER_BOUND('',#369,.T.);
#235=FACE_OUTER_BOUND('',#370,.T.);
#236=FACE_OUTER_BOUND('',#371,.T.);
#237=FACE_OUTER_BOUND('',#372,.T.);
#238=FACE_OUTER_BOUND('',#373,.T.);
#239=FACE_OUTER_BOUND('',#374,.T.);
#240=FACE_OUTER_BOUND('',#375,.T.);
#241=FACE_OUTER_BOUND('',#376,.T.);
#242=FACE_OUTER_BOUND('',#378,.T.);
#243=FACE_OUTER_BOUND('',#379,.T.);
#244=FACE_OUTER_BOUND('',#381,.T.);
#245=FACE_OUTER_BOUND('',#382,.T.);
#246=FACE_OUTER_BOUND('',#383,.T.);
#247=FACE_OUTER_BOUND('',#385,.T.);
#248=FACE_OUTER_BOUND('',#386,.T.);
#249=FACE_OUTER_BOUND('',#388,.T.);
#250=FACE_OUTER_BOUND('',#389,.T.);
#251=FACE_OUTER_BOUND('',#390,.T.);
#252=FACE_OUTER_BOUND('',#392,.T.);
#253=FACE_OUTER_BOUND('',#393,.T.);
#254=FACE_OUTER_BOUND('',#395,.T.);
#255=FACE_OUTER_BOUND('',#396,.T.);
#256=FACE_OUTER_BOUND('',#397,.T.);
#257=FACE_OUTER_BOUND('',#398,.T.);
#258=FACE_OUTER_BOUND('',#399,.T.);
#259=FACE_OUTER_BOUND('',#400,.T.);
#260=FACE_OUTER_BOUND('',#401,.T.);
#261=FACE_OUTER_BOUND('',#402,.T.);
#262=FACE_OUTER_BOUND('',#403,.T.);
#263=FACE_OUTER_BOUND('',#404,.T.);
#264=FACE_OUTER_BOUND('',#405,.T.);
#265=FACE_OUTER_BOUND('',#406,.T.);
#266=FACE_OUTER_BOUND('',#408,.T.);
#267=FACE_OUTER_BOUND('',#410,.T.);
#268=FACE_OUTER_BOUND('',#411,.T.);
#269=FACE_OUTER_BOUND('',#412,.T.);
#270=FACE_OUTER_BOUND('',#416,.T.);
#271=FACE_OUTER_BOUND('',#417,.T.);
#272=FACE_OUTER_BOUND('',#418,.T.);
#273=FACE_OUTER_BOUND('',#419,.T.);
#274=FACE_OUTER_BOUND('',#420,.T.);
#275=FACE_OUTER_BOUND('',#421,.T.);
#276=FACE_OUTER_BOUND('',#422,.T.);
#277=FACE_OUTER_BOUND('',#423,.T.);
#278=FACE_OUTER_BOUND('',#424,.T.);
#279=FACE_OUTER_BOUND('',#426,.T.);
#280=FACE_OUTER_BOUND('',#427,.T.);
#281=FACE_OUTER_BOUND('',#429,.T.);
#282=FACE_OUTER_BOUND('',#430,.T.);
#283=FACE_OUTER_BOUND('',#431,.T.);
#284=FACE_OUTER_BOUND('',#436,.T.);
#285=FACE_OUTER_BOUND('',#437,.T.);
#286=FACE_OUTER_BOUND('',#438,.T.);
#287=FACE_OUTER_BOUND('',#439,.T.);
#288=FACE_OUTER_BOUND('',#440,.T.);
#289=FACE_OUTER_BOUND('',#441,.T.);
#290=FACE_OUTER_BOUND('',#442,.T.);
#291=FACE_OUTER_BOUND('',#443,.T.);
#292=FACE_OUTER_BOUND('',#444,.T.);
#293=FACE_OUTER_BOUND('',#445,.T.);
#294=FACE_OUTER_BOUND('',#446,.T.);
#295=FACE_OUTER_BOUND('',#447,.T.);
#296=FACE_OUTER_BOUND('',#448,.T.);
#297=FACE_OUTER_BOUND('',#449,.T.);
#298=FACE_OUTER_BOUND('',#450,.T.);
#299=FACE_OUTER_BOUND('',#451,.T.);
#300=FACE_OUTER_BOUND('',#452,.T.);
#301=FACE_OUTER_BOUND('',#453,.T.);
#302=FACE_OUTER_BOUND('',#454,.T.);
#303=FACE_OUTER_BOUND('',#455,.T.);
#304=FACE_OUTER_BOUND('',#456,.T.);
#305=FACE_OUTER_BOUND('',#457,.T.);
#306=FACE_OUTER_BOUND('',#458,.T.);
#307=FACE_OUTER_BOUND('',#459,.T.);
#308=FACE_OUTER_BOUND('',#460,.T.);
#309=EDGE_LOOP('',(#1633,#1634,#1635,#1636));
#310=EDGE_LOOP('',(#1637,#1638,#1639,#1640));
#311=EDGE_LOOP('',(#1641,#1642,#1643,#1644,#1645,#1646,#1647,#1648));
#312=EDGE_LOOP('',(#1649,#1650,#1651,#1652));
#313=EDGE_LOOP('',(#1653,#1654,#1655,#1656));
#314=EDGE_LOOP('',(#1657,#1658,#1659,#1660));
#315=EDGE_LOOP('',(#1661,#1662,#1663,#1664));
#316=EDGE_LOOP('',(#1665,#1666,#1667,#1668,#1669,#1670,#1671,#1672));
#317=EDGE_LOOP('',(#1673,#1674,#1675,#1676));
#318=EDGE_LOOP('',(#1677,#1678,#1679,#1680));
#319=EDGE_LOOP('',(#1681,#1682,#1683,#1684,#1685,#1686,#1687,#1688));
#320=EDGE_LOOP('',(#1689,#1690,#1691,#1692));
#321=EDGE_LOOP('',(#1693,#1694,#1695,#1696));
#322=EDGE_LOOP('',(#1697,#1698,#1699,#1700));
#323=EDGE_LOOP('',(#1701,#1702,#1703,#1704));
#324=EDGE_LOOP('',(#1705,#1706,#1707,#1708,#1709,#1710,#1711,#1712));
#325=EDGE_LOOP('',(#1713,#1714,#1715,#1716));
#326=EDGE_LOOP('',(#1717,#1718,#1719,#1720));
#327=EDGE_LOOP('',(#1721,#1722,#1723,#1724,#1725,#1726,#1727,#1728));
#328=EDGE_LOOP('',(#1729,#1730,#1731,#1732,#1733,#1734,#1735,#1736));
#329=EDGE_LOOP('',(#1737,#1738,#1739,#1740));
#330=EDGE_LOOP('',(#1741,#1742,#1743,#1744));
#331=EDGE_LOOP('',(#1745,#1746,#1747,#1748,#1749,#1750,#1751,#1752));
#332=EDGE_LOOP('',(#1753,#1754,#1755,#1756,#1757,#1758,#1759,#1760));
#333=EDGE_LOOP('',(#1761,#1762,#1763,#1764,#1765,#1766,#1767,#1768));
#334=EDGE_LOOP('',(#1769,#1770,#1771,#1772));
#335=EDGE_LOOP('',(#1773,#1774,#1775,#1776,#1777,#1778,#1779,#1780,#1781,
#1782,#1783,#1784));
#336=EDGE_LOOP('',(#1785,#1786,#1787,#1788,#1789,#1790,#1791,#1792));
#337=EDGE_LOOP('',(#1793,#1794,#1795,#1796));
#338=EDGE_LOOP('',(#1797,#1798,#1799,#1800));
#339=EDGE_LOOP('',(#1801,#1802,#1803,#1804,#1805,#1806,#1807,#1808,#1809,
#1810,#1811,#1812));
#340=EDGE_LOOP('',(#1813,#1814,#1815,#1816));
#341=EDGE_LOOP('',(#1817,#1818,#1819,#1820,#1821,#1822,#1823,#1824,#1825,
#1826,#1827,#1828));
#342=EDGE_LOOP('',(#1829,#1830,#1831,#1832,#1833,#1834,#1835,#1836,#1837,
#1838,#1839,#1840));
#343=EDGE_LOOP('',(#1841,#1842,#1843,#1844));
#344=EDGE_LOOP('',(#1845,#1846,#1847,#1848,#1849));
#345=EDGE_LOOP('',(#1850,#1851,#1852,#1853));
#346=EDGE_LOOP('',(#1854,#1855,#1856,#1857));
#347=EDGE_LOOP('',(#1858,#1859,#1860,#1861));
#348=EDGE_LOOP('',(#1862,#1863,#1864,#1865));
#349=EDGE_LOOP('',(#1866,#1867));
#350=EDGE_LOOP('',(#1868,#1869,#1870,#1871));
#351=EDGE_LOOP('',(#1872,#1873,#1874,#1875));
#352=EDGE_LOOP('',(#1876,#1877));
#353=EDGE_LOOP('',(#1878,#1879,#1880,#1881,#1882,#1883,#1884,#1885,#1886,
#1887,#1888,#1889));
#354=EDGE_LOOP('',(#1890,#1891,#1892,#1893));
#355=EDGE_LOOP('',(#1894,#1895,#1896,#1897,#1898,#1899,#1900,#1901,#1902,
#1903,#1904,#1905));
#356=EDGE_LOOP('',(#1906,#1907,#1908,#1909,#1910,#1911,#1912,#1913,#1914,
#1915,#1916,#1917));
#357=EDGE_LOOP('',(#1918,#1919,#1920,#1921));
#358=EDGE_LOOP('',(#1922,#1923,#1924,#1925,#1926));
#359=EDGE_LOOP('',(#1927,#1928,#1929,#1930));
#360=EDGE_LOOP('',(#1931,#1932,#1933,#1934));
#361=EDGE_LOOP('',(#1935,#1936,#1937,#1938));
#362=EDGE_LOOP('',(#1939,#1940,#1941,#1942));
#363=EDGE_LOOP('',(#1943,#1944));
#364=EDGE_LOOP('',(#1945,#1946,#1947,#1948));
#365=EDGE_LOOP('',(#1949,#1950,#1951,#1952));
#366=EDGE_LOOP('',(#1953,#1954));
#367=EDGE_LOOP('',(#1955,#1956,#1957,#1958));
#368=EDGE_LOOP('',(#1959));
#369=EDGE_LOOP('',(#1960,#1961,#1962,#1963,#1964,#1965));
#370=EDGE_LOOP('',(#1966,#1967));
#371=EDGE_LOOP('',(#1968,#1969,#1970,#1971));
#372=EDGE_LOOP('',(#1972));
#373=EDGE_LOOP('',(#1973,#1974,#1975,#1976,#1977,#1978));
#374=EDGE_LOOP('',(#1979,#1980));
#375=EDGE_LOOP('',(#1981,#1982,#1983,#1984));
#376=EDGE_LOOP('',(#1985));
#377=EDGE_LOOP('',(#1986));
#378=EDGE_LOOP('',(#1987,#1988,#1989,#1990));
#379=EDGE_LOOP('',(#1991));
#380=EDGE_LOOP('',(#1992));
#381=EDGE_LOOP('',(#1993,#1994,#1995,#1996));
#382=EDGE_LOOP('',(#1997,#1998,#1999,#2000));
#383=EDGE_LOOP('',(#2001));
#384=EDGE_LOOP('',(#2002));
#385=EDGE_LOOP('',(#2003,#2004,#2005,#2006));
#386=EDGE_LOOP('',(#2007));
#387=EDGE_LOOP('',(#2008));
#388=EDGE_LOOP('',(#2009,#2010,#2011,#2012));
#389=EDGE_LOOP('',(#2013,#2014,#2015,#2016));
#390=EDGE_LOOP('',(#2017));
#391=EDGE_LOOP('',(#2018));
#392=EDGE_LOOP('',(#2019,#2020,#2021,#2022));
#393=EDGE_LOOP('',(#2023));
#394=EDGE_LOOP('',(#2024));
#395=EDGE_LOOP('',(#2025,#2026,#2027,#2028));
#396=EDGE_LOOP('',(#2029,#2030,#2031,#2032));
#397=EDGE_LOOP('',(#2033,#2034,#2035,#2036));
#398=EDGE_LOOP('',(#2037,#2038,#2039,#2040));
#399=EDGE_LOOP('',(#2041,#2042,#2043,#2044,#2045,#2046,#2047,#2048,#2049,
#2050,#2051,#2052,#2053,#2054));
#400=EDGE_LOOP('',(#2055,#2056,#2057,#2058));
#401=EDGE_LOOP('',(#2059,#2060,#2061,#2062));
#402=EDGE_LOOP('',(#2063,#2064,#2065,#2066));
#403=EDGE_LOOP('',(#2067,#2068,#2069,#2070,#2071,#2072,#2073,#2074,#2075,
#2076,#2077,#2078));
#404=EDGE_LOOP('',(#2079,#2080,#2081,#2082));
#405=EDGE_LOOP('',(#2083,#2084,#2085,#2086));
#406=EDGE_LOOP('',(#2087,#2088,#2089,#2090,#2091,#2092,#2093,#2094,#2095,
#2096,#2097,#2098,#2099,#2100,#2101));
#407=EDGE_LOOP('',(#2102));
#408=EDGE_LOOP('',(#2103,#2104,#2105,#2106,#2107,#2108,#2109,#2110,#2111,
#2112,#2113,#2114,#2115,#2116,#2117));
#409=EDGE_LOOP('',(#2118));
#410=EDGE_LOOP('',(#2119,#2120,#2121,#2122,#2123,#2124));
#411=EDGE_LOOP('',(#2125,#2126,#2127,#2128,#2129,#2130));
#412=EDGE_LOOP('',(#2131,#2132,#2133,#2134,#2135,#2136,#2137,#2138,#2139,
#2140,#2141,#2142,#2143,#2144,#2145,#2146,#2147,#2148,#2149,#2150,#2151,
#2152,#2153,#2154,#2155,#2156,#2157));
#413=EDGE_LOOP('',(#2158));
#414=EDGE_LOOP('',(#2159));
#415=EDGE_LOOP('',(#2160,#2161,#2162,#2163,#2164,#2165,#2166,#2167,#2168,
#2169,#2170,#2171));
#416=EDGE_LOOP('',(#2172,#2173,#2174,#2175));
#417=EDGE_LOOP('',(#2176,#2177,#2178,#2179));
#418=EDGE_LOOP('',(#2180,#2181,#2182,#2183));
#419=EDGE_LOOP('',(#2184,#2185,#2186,#2187));
#420=EDGE_LOOP('',(#2188,#2189,#2190,#2191));
#421=EDGE_LOOP('',(#2192,#2193,#2194,#2195));
#422=EDGE_LOOP('',(#2196,#2197,#2198,#2199));
#423=EDGE_LOOP('',(#2200,#2201,#2202,#2203));
#424=EDGE_LOOP('',(#2204));
#425=EDGE_LOOP('',(#2205));
#426=EDGE_LOOP('',(#2206,#2207,#2208,#2209,#2210,#2211,#2212));
#427=EDGE_LOOP('',(#2213));
#428=EDGE_LOOP('',(#2214));
#429=EDGE_LOOP('',(#2215,#2216,#2217,#2218));
#430=EDGE_LOOP('',(#2219,#2220,#2221,#2222,#2223,#2224,#2225,#2226));
#431=EDGE_LOOP('',(#2227,#2228,#2229,#2230,#2231,#2232,#2233,#2234));
#432=EDGE_LOOP('',(#2235,#2236,#2237,#2238));
#433=EDGE_LOOP('',(#2239,#2240,#2241,#2242));
#434=EDGE_LOOP('',(#2243,#2244,#2245,#2246));
#435=EDGE_LOOP('',(#2247,#2248,#2249,#2250));
#436=EDGE_LOOP('',(#2251,#2252,#2253,#2254));
#437=EDGE_LOOP('',(#2255,#2256,#2257,#2258));
#438=EDGE_LOOP('',(#2259,#2260,#2261,#2262));
#439=EDGE_LOOP('',(#2263,#2264,#2265,#2266));
#440=EDGE_LOOP('',(#2267,#2268,#2269,#2270));
#441=EDGE_LOOP('',(#2271,#2272,#2273,#2274));
#442=EDGE_LOOP('',(#2275,#2276,#2277,#2278));
#443=EDGE_LOOP('',(#2279,#2280,#2281,#2282));
#444=EDGE_LOOP('',(#2283,#2284,#2285,#2286));
#445=EDGE_LOOP('',(#2287,#2288,#2289,#2290,#2291,#2292,#2293,#2294));
#446=EDGE_LOOP('',(#2295,#2296,#2297,#2298));
#447=EDGE_LOOP('',(#2299,#2300,#2301,#2302,#2303,#2304,#2305,#2306));
#448=EDGE_LOOP('',(#2307,#2308,#2309,#2310));
#449=EDGE_LOOP('',(#2311,#2312,#2313,#2314,#2315,#2316));
#450=EDGE_LOOP('',(#2317,#2318,#2319,#2320));
#451=EDGE_LOOP('',(#2321,#2322,#2323,#2324));
#452=EDGE_LOOP('',(#2325,#2326,#2327,#2328,#2329,#2330,#2331,#2332));
#453=EDGE_LOOP('',(#2333,#2334,#2335,#2336,#2337,#2338,#2339,#2340));
#454=EDGE_LOOP('',(#2341,#2342,#2343,#2344));
#455=EDGE_LOOP('',(#2345,#2346,#2347,#2348));
#456=EDGE_LOOP('',(#2349,#2350,#2351,#2352,#2353));
#457=EDGE_LOOP('',(#2354,#2355,#2356,#2357));
#458=EDGE_LOOP('',(#2358,#2359,#2360,#2361,#2362,#2363,#2364,#2365,#2366,
#2367,#2368,#2369,#2370,#2371));
#459=EDGE_LOOP('',(#2372,#2373,#2374,#2375,#2376));
#460=EDGE_LOOP('',(#2377,#2378,#2379,#2380,#2381,#2382,#2383,#2384));
#461=LINE('',#3572,#735);
#462=LINE('',#3574,#736);
#463=LINE('',#3576,#737);
#464=LINE('',#3577,#738);
#465=LINE('',#3581,#739);
#466=LINE('',#3583,#740);
#467=LINE('',#3585,#741);
#468=LINE('',#3586,#742);
#469=LINE('',#3589,#743);
#470=LINE('',#3590,#744);
#471=LINE('',#3592,#745);
#472=LINE('',#3594,#746);
#473=LINE('',#3596,#747);
#474=LINE('',#3597,#748);
#475=LINE('',#3600,#749);
#476=LINE('',#3601,#750);
#477=LINE('',#3604,#751);
#478=LINE('',#3606,#752);
#479=LINE('',#3607,#753);
#480=LINE('',#3610,#754);
#481=LINE('',#3611,#755);
#482=LINE('',#3613,#756);
#483=LINE('',#3615,#757);
#484=LINE('',#3616,#758);
#485=LINE('',#3620,#759);
#486=LINE('',#3622,#760);
#487=LINE('',#3624,#761);
#488=LINE('',#3625,#762);
#489=LINE('',#3629,#763);
#490=LINE('',#3631,#764);
#491=LINE('',#3633,#765);
#492=LINE('',#3634,#766);
#493=LINE('',#3637,#767);
#494=LINE('',#3638,#768);
#495=LINE('',#3640,#769);
#496=LINE('',#3642,#770);
#497=LINE('',#3644,#771);
#498=LINE('',#3645,#772);
#499=LINE('',#3648,#773);
#500=LINE('',#3649,#774);
#501=LINE('',#3652,#775);
#502=LINE('',#3654,#776);
#503=LINE('',#3655,#777);
#504=LINE('',#3658,#778);
#505=LINE('',#3659,#779);
#506=LINE('',#3661,#780);
#507=LINE('',#3663,#781);
#508=LINE('',#3664,#782);
#509=LINE('',#3668,#783);
#510=LINE('',#3670,#784);
#511=LINE('',#3672,#785);
#512=LINE('',#3673,#786);
#513=LINE('',#3677,#787);
#514=LINE('',#3679,#788);
#515=LINE('',#3681,#789);
#516=LINE('',#3682,#790);
#517=LINE('',#3685,#791);
#518=LINE('',#3687,#792);
#519=LINE('',#3689,#793);
#520=LINE('',#3690,#794);
#521=LINE('',#3692,#795);
#522=LINE('',#3693,#796);
#523=LINE('',#3696,#797);
#524=LINE('',#3698,#798);
#525=LINE('',#3699,#799);
#526=LINE('',#3701,#800);
#527=LINE('',#3703,#801);
#528=LINE('',#3704,#802);
#529=LINE('',#3706,#803);
#530=LINE('',#3708,#804);
#531=LINE('',#3711,#805);
#532=LINE('',#3713,#806);
#533=LINE('',#3715,#807);
#534=LINE('',#3717,#808);
#535=LINE('',#3718,#809);
#536=LINE('',#3721,#810);
#537=LINE('',#3723,#811);
#538=LINE('',#3725,#812);
#539=LINE('',#3727,#813);
#540=LINE('',#3728,#814);
#541=LINE('',#3731,#815);
#542=LINE('',#3733,#816);
#543=LINE('',#3734,#817);
#544=LINE('',#3737,#818);
#545=LINE('',#3739,#819);
#546=LINE('',#3740,#820);
#547=LINE('',#3743,#821);
#548=LINE('',#3745,#822);
#549=LINE('',#3747,#823);
#550=LINE('',#3749,#824);
#551=LINE('',#3750,#825);
#552=LINE('',#3752,#826);
#553=LINE('',#3754,#827);
#554=LINE('',#3756,#828);
#555=LINE('',#3758,#829);
#556=LINE('',#3759,#830);
#557=LINE('',#3762,#831);
#558=LINE('',#3764,#832);
#559=LINE('',#3765,#833);
#560=LINE('',#3769,#834);
#561=LINE('',#3770,#835);
#562=LINE('',#3771,#836);
#563=LINE('',#3774,#837);
#564=LINE('',#3776,#838);
#565=LINE('',#3777,#839);
#566=LINE('',#3781,#840);
#567=LINE('',#3783,#841);
#568=LINE('',#3785,#842);
#569=LINE('',#3787,#843);
#570=LINE('',#3789,#844);
#571=LINE('',#3799,#845);
#572=LINE('',#3809,#846);
#573=LINE('',#3810,#847);
#574=LINE('',#3815,#848);
#575=LINE('',#3819,#849);
#576=LINE('',#3821,#850);
#577=LINE('',#3823,#851);
#578=LINE('',#3833,#852);
#579=LINE('',#3843,#853);
#580=LINE('',#3845,#854);
#581=LINE('',#3846,#855);
#582=LINE('',#3851,#856);
#583=LINE('',#3876,#857);
#584=LINE('',#3878,#858);
#585=LINE('',#3880,#859);
#586=LINE('',#3882,#860);
#587=LINE('',#3884,#861);
#588=LINE('',#3894,#862);
#589=LINE('',#3904,#863);
#590=LINE('',#3905,#864);
#591=LINE('',#3910,#865);
#592=LINE('',#3914,#866);
#593=LINE('',#3916,#867);
#594=LINE('',#3918,#868);
#595=LINE('',#3928,#869);
#596=LINE('',#3938,#870);
#597=LINE('',#3940,#871);
#598=LINE('',#3941,#872);
#599=LINE('',#3946,#873);
#600=LINE('',#3972,#874);
#601=LINE('',#3982,#875);
#602=LINE('',#3984,#876);
#603=LINE('',#3989,#877);
#604=LINE('',#3999,#878);
#605=LINE('',#4001,#879);
#606=LINE('',#4006,#880);
#607=LINE('',#4013,#881);
#608=LINE('',#4020,#882);
#609=LINE('',#4026,#883);
#610=LINE('',#4033,#884);
#611=LINE('',#4040,#885);
#612=LINE('',#4046,#886);
#613=LINE('',#4053,#887);
#614=LINE('',#4058,#888);
#615=LINE('',#4060,#889);
#616=LINE('',#4061,#890);
#617=LINE('',#4064,#891);
#618=LINE('',#4065,#892);
#619=LINE('',#4068,#893);
#620=LINE('',#4069,#894);
#621=LINE('',#4072,#895);
#622=LINE('',#4074,#896);
#623=LINE('',#4075,#897);
#624=LINE('',#4078,#898);
#625=LINE('',#4082,#899);
#626=LINE('',#4086,#900);
#627=LINE('',#4088,#901);
#628=LINE('',#4090,#902);
#629=LINE('',#4091,#903);
#630=LINE('',#4095,#904);
#631=LINE('',#4097,#905);
#632=LINE('',#4099,#906);
#633=LINE('',#4100,#907);
#634=LINE('',#4103,#908);
#635=LINE('',#4105,#909);
#636=LINE('',#4106,#910);
#637=LINE('',#4108,#911);
#638=LINE('',#4109,#912);
#639=LINE('',#4112,#913);
#640=LINE('',#4114,#914);
#641=LINE('',#4116,#915);
#642=LINE('',#4118,#916);
#643=LINE('',#4120,#917);
#644=LINE('',#4122,#918);
#645=LINE('',#4124,#919);
#646=LINE('',#4125,#920);
#647=LINE('',#4128,#921);
#648=LINE('',#4130,#922);
#649=LINE('',#4131,#923);
#650=LINE('',#4134,#924);
#651=LINE('',#4136,#925);
#652=LINE('',#4137,#926);
#653=LINE('',#4139,#927);
#654=LINE('',#4141,#928);
#655=LINE('',#4143,#929);
#656=LINE('',#4145,#930);
#657=LINE('',#4146,#931);
#658=LINE('',#4147,#932);
#659=LINE('',#4149,#933);
#660=LINE('',#4151,#934);
#661=LINE('',#4153,#935);
#662=LINE('',#4155,#936);
#663=LINE('',#4156,#937);
#664=LINE('',#4157,#938);
#665=LINE('',#4160,#939);
#666=LINE('',#4161,#940);
#667=LINE('',#4164,#941);
#668=LINE('',#4165,#942);
#669=LINE('',#4169,#943);
#670=LINE('',#4173,#944);
#671=LINE('',#4177,#945);
#672=LINE('',#4181,#946);
#673=LINE('',#4185,#947);
#674=LINE('',#4191,#948);
#675=LINE('',#4195,#949);
#676=LINE('',#4201,#950);
#677=LINE('',#4205,#951);
#678=LINE('',#4209,#952);
#679=LINE('',#4215,#953);
#680=LINE('',#4219,#954);
#681=LINE('',#4222,#955);
#682=LINE('',#4224,#956);
#683=LINE('',#4225,#957);
#684=LINE('',#4227,#958);
#685=LINE('',#4229,#959);
#686=LINE('',#4230,#960);
#687=LINE('',#4232,#961);
#688=LINE('',#4234,#962);
#689=LINE('',#4236,#963);
#690=LINE('',#4239,#964);
#691=LINE('',#4242,#965);
#692=LINE('',#4254,#966);
#693=LINE('',#4258,#967);
#694=LINE('',#4261,#968);
#695=LINE('',#4269,#969);
#696=LINE('',#4270,#970);
#697=LINE('',#4272,#971);
#698=LINE('',#4274,#972);
#699=LINE('',#4276,#973);
#700=LINE('',#4277,#974);
#701=LINE('',#4280,#975);
#702=LINE('',#4284,#976);
#703=LINE('',#4288,#977);
#704=LINE('',#4291,#978);
#705=LINE('',#4293,#979);
#706=LINE('',#4294,#980);
#707=LINE('',#4296,#981);
#708=LINE('',#4298,#982);
#709=LINE('',#4300,#983);
#710=LINE('',#4303,#984);
#711=LINE('',#4304,#985);
#712=LINE('',#4306,#986);
#713=LINE('',#4308,#987);
#714=LINE('',#4309,#988);
#715=LINE('',#4311,#989);
#716=LINE('',#4312,#990);
#717=LINE('',#4317,#991);
#718=LINE('',#4318,#992);
#719=LINE('',#4321,#993);
#720=LINE('',#4323,#994);
#721=LINE('',#4325,#995);
#722=LINE('',#4326,#996);
#723=LINE('',#4327,#997);
#724=LINE('',#4331,#998);
#725=LINE('',#4336,#999);
#726=LINE('',#4337,#1000);
#727=LINE('',#4339,#1001);
#728=LINE('',#4341,#1002);
#729=LINE('',#4343,#1003);
#730=LINE('',#4345,#1004);
#731=LINE('',#4346,#1005);
#732=LINE('',#4349,#1006);
#733=LINE('',#4353,#1007);
#734=LINE('',#4357,#1008);
#735=VECTOR('',#2854,10.);
#736=VECTOR('',#2855,10.);
#737=VECTOR('',#2856,10.);
#738=VECTOR('',#2857,10.);
#739=VECTOR('',#2860,10.);
#740=VECTOR('',#2861,10.);
#741=VECTOR('',#2862,10.);
#742=VECTOR('',#2863,10.);
#743=VECTOR('',#2866,10.);
#744=VECTOR('',#2867,10.);
#745=VECTOR('',#2868,10.);
#746=VECTOR('',#2869,10.);
#747=VECTOR('',#2870,10.);
#748=VECTOR('',#2871,10.);
#749=VECTOR('',#2874,10.);
#750=VECTOR('',#2875,10.);
#751=VECTOR('',#2878,10.);
#752=VECTOR('',#2879,10.);
#753=VECTOR('',#2880,10.);
#754=VECTOR('',#2883,10.);
#755=VECTOR('',#2884,10.);
#756=VECTOR('',#2887,10.);
#757=VECTOR('',#2890,10.);
#758=VECTOR('',#2891,10.);
#759=VECTOR('',#2894,10.);
#760=VECTOR('',#2895,10.);
#761=VECTOR('',#2896,10.);
#762=VECTOR('',#2897,10.);
#763=VECTOR('',#2900,10.);
#764=VECTOR('',#2901,10.);
#765=VECTOR('',#2902,10.);
#766=VECTOR('',#2903,10.);
#767=VECTOR('',#2906,10.);
#768=VECTOR('',#2907,10.);
#769=VECTOR('',#2908,10.);
#770=VECTOR('',#2909,10.);
#771=VECTOR('',#2910,10.);
#772=VECTOR('',#2911,10.);
#773=VECTOR('',#2914,10.);
#774=VECTOR('',#2915,10.);
#775=VECTOR('',#2918,10.);
#776=VECTOR('',#2919,10.);
#777=VECTOR('',#2920,10.);
#778=VECTOR('',#2923,10.);
#779=VECTOR('',#2924,10.);
#780=VECTOR('',#2927,10.);
#781=VECTOR('',#2930,10.);
#782=VECTOR('',#2931,10.);
#783=VECTOR('',#2934,10.);
#784=VECTOR('',#2935,10.);
#785=VECTOR('',#2936,10.);
#786=VECTOR('',#2937,10.);
#787=VECTOR('',#2940,10.);
#788=VECTOR('',#2941,10.);
#789=VECTOR('',#2942,10.);
#790=VECTOR('',#2943,10.);
#791=VECTOR('',#2946,10.);
#792=VECTOR('',#2947,10.);
#793=VECTOR('',#2948,10.);
#794=VECTOR('',#2949,10.);
#795=VECTOR('',#2950,10.);
#796=VECTOR('',#2951,10.);
#797=VECTOR('',#2954,10.);
#798=VECTOR('',#2955,10.);
#799=VECTOR('',#2956,10.);
#800=VECTOR('',#2957,10.);
#801=VECTOR('',#2958,10.);
#802=VECTOR('',#2959,10.);
#803=VECTOR('',#2962,10.);
#804=VECTOR('',#2965,10.);
#805=VECTOR('',#2968,10.);
#806=VECTOR('',#2969,10.);
#807=VECTOR('',#2970,10.);
#808=VECTOR('',#2971,10.);
#809=VECTOR('',#2972,10.);
#810=VECTOR('',#2975,10.);
#811=VECTOR('',#2976,10.);
#812=VECTOR('',#2977,10.);
#813=VECTOR('',#2978,10.);
#814=VECTOR('',#2979,10.);
#815=VECTOR('',#2982,10.);
#816=VECTOR('',#2983,10.);
#817=VECTOR('',#2984,10.);
#818=VECTOR('',#2987,10.);
#819=VECTOR('',#2988,10.);
#820=VECTOR('',#2989,10.);
#821=VECTOR('',#2992,10.);
#822=VECTOR('',#2993,10.);
#823=VECTOR('',#2994,10.);
#824=VECTOR('',#2995,10.);
#825=VECTOR('',#2996,10.);
#826=VECTOR('',#2997,10.);
#827=VECTOR('',#2998,10.);
#828=VECTOR('',#2999,10.);
#829=VECTOR('',#3000,10.);
#830=VECTOR('',#3001,10.);
#831=VECTOR('',#3004,10.);
#832=VECTOR('',#3005,10.);
#833=VECTOR('',#3006,10.);
#834=VECTOR('',#3009,10.);
#835=VECTOR('',#3010,10.);
#836=VECTOR('',#3011,10.);
#837=VECTOR('',#3014,10.);
#838=VECTOR('',#3015,10.);
#839=VECTOR('',#3016,10.);
#840=VECTOR('',#3019,10.);
#841=VECTOR('',#3020,10.);
#842=VECTOR('',#3021,10.);
#843=VECTOR('',#3022,10.);
#844=VECTOR('',#3023,10.);
#845=VECTOR('',#3024,10.);
#846=VECTOR('',#3025,10.);
#847=VECTOR('',#3026,10.);
#848=VECTOR('',#3031,10.);
#849=VECTOR('',#3036,10.);
#850=VECTOR('',#3037,10.);
#851=VECTOR('',#3038,10.);
#852=VECTOR('',#3039,10.);
#853=VECTOR('',#3040,10.);
#854=VECTOR('',#3041,10.);
#855=VECTOR('',#3042,10.);
#856=VECTOR('',#3047,2.2);
#857=VECTOR('',#3092,10.);
#858=VECTOR('',#3093,10.);
#859=VECTOR('',#3094,10.);
#860=VECTOR('',#3095,10.);
#861=VECTOR('',#3096,10.);
#862=VECTOR('',#3097,10.);
#863=VECTOR('',#3098,10.);
#864=VECTOR('',#3099,10.);
#865=VECTOR('',#3104,10.);
#866=VECTOR('',#3109,10.);
#867=VECTOR('',#3110,10.);
#868=VECTOR('',#3111,10.);
#869=VECTOR('',#3112,10.);
#870=VECTOR('',#3113,10.);
#871=VECTOR('',#3114,10.);
#872=VECTOR('',#3115,10.);
#873=VECTOR('',#3120,2.2);
#874=VECTOR('',#3167,1.2);
#875=VECTOR('',#3180,1.35);
#876=VECTOR('',#3183,10.);
#877=VECTOR('',#3188,1.2);
#878=VECTOR('',#3201,1.35);
#879=VECTOR('',#3204,10.);
#880=VECTOR('',#3209,2.4);
#881=VECTOR('',#3218,2.4);
#882=VECTOR('',#3227,1.1);
#883=VECTOR('',#3234,1.6);
#884=VECTOR('',#3243,2.);
#885=VECTOR('',#3252,1.1);
#886=VECTOR('',#3259,1.6);
#887=VECTOR('',#3268,2.);
#888=VECTOR('',#3275,10.);
#889=VECTOR('',#3276,10.);
#890=VECTOR('',#3277,10.);
#891=VECTOR('',#3280,10.);
#892=VECTOR('',#3281,10.);
#893=VECTOR('',#3284,10.);
#894=VECTOR('',#3285,10.);
#895=VECTOR('',#3288,10.);
#896=VECTOR('',#3289,10.);
#897=VECTOR('',#3290,10.);
#898=VECTOR('',#3293,10.);
#899=VECTOR('',#3296,10.);
#900=VECTOR('',#3299,10.);
#901=VECTOR('',#3300,10.);
#902=VECTOR('',#3301,10.);
#903=VECTOR('',#3302,10.);
#904=VECTOR('',#3305,10.);
#905=VECTOR('',#3306,10.);
#906=VECTOR('',#3307,10.);
#907=VECTOR('',#3308,10.);
#908=VECTOR('',#3311,10.);
#909=VECTOR('',#3312,10.);
#910=VECTOR('',#3313,10.);
#911=VECTOR('',#3316,10.);
#912=VECTOR('',#3317,10.);
#913=VECTOR('',#3320,10.);
#914=VECTOR('',#3321,10.);
#915=VECTOR('',#3322,10.);
#916=VECTOR('',#3323,10.);
#917=VECTOR('',#3324,10.);
#918=VECTOR('',#3325,10.);
#919=VECTOR('',#3326,10.);
#920=VECTOR('',#3327,10.);
#921=VECTOR('',#3330,10.);
#922=VECTOR('',#3331,10.);
#923=VECTOR('',#3332,10.);
#924=VECTOR('',#3335,10.);
#925=VECTOR('',#3336,10.);
#926=VECTOR('',#3337,10.);
#927=VECTOR('',#3340,10.);
#928=VECTOR('',#3341,10.);
#929=VECTOR('',#3342,10.);
#930=VECTOR('',#3343,10.);
#931=VECTOR('',#3344,10.);
#932=VECTOR('',#3345,10.);
#933=VECTOR('',#3348,10.);
#934=VECTOR('',#3349,10.);
#935=VECTOR('',#3350,10.);
#936=VECTOR('',#3351,10.);
#937=VECTOR('',#3352,10.);
#938=VECTOR('',#3353,10.);
#939=VECTOR('',#3356,10.);
#940=VECTOR('',#3357,10.);
#941=VECTOR('',#3360,10.);
#942=VECTOR('',#3361,10.);
#943=VECTOR('',#3364,10.);
#944=VECTOR('',#3367,10.);
#945=VECTOR('',#3370,10.);
#946=VECTOR('',#3373,10.);
#947=VECTOR('',#3376,10.);
#948=VECTOR('',#3381,10.);
#949=VECTOR('',#3384,10.);
#950=VECTOR('',#3389,10.);
#951=VECTOR('',#3392,10.);
#952=VECTOR('',#3395,10.);
#953=VECTOR('',#3400,10.);
#954=VECTOR('',#3403,10.);
#955=VECTOR('',#3406,10.);
#956=VECTOR('',#3407,10.);
#957=VECTOR('',#3408,10.);
#958=VECTOR('',#3409,10.);
#959=VECTOR('',#3410,10.);
#960=VECTOR('',#3411,10.);
#961=VECTOR('',#3414,10.);
#962=VECTOR('',#3417,10.);
#963=VECTOR('',#3420,10.);
#964=VECTOR('',#3425,10.);
#965=VECTOR('',#3430,10.);
#966=VECTOR('',#3443,10.);
#967=VECTOR('',#3446,10.);
#968=VECTOR('',#3449,10.);
#969=VECTOR('',#3458,10.);
#970=VECTOR('',#3459,10.);
#971=VECTOR('',#3462,10.);
#972=VECTOR('',#3463,10.);
#973=VECTOR('',#3464,10.);
#974=VECTOR('',#3465,10.);
#975=VECTOR('',#3468,10.);
#976=VECTOR('',#3471,10.);
#977=VECTOR('',#3474,10.);
#978=VECTOR('',#3479,10.);
#979=VECTOR('',#3482,10.);
#980=VECTOR('',#3483,10.);
#981=VECTOR('',#3486,10.);
#982=VECTOR('',#3489,10.);
#983=VECTOR('',#3492,10.);
#984=VECTOR('',#3497,10.);
#985=VECTOR('',#3498,10.);
#986=VECTOR('',#3501,10.);
#987=VECTOR('',#3504,10.);
#988=VECTOR('',#3505,10.);
#989=VECTOR('',#3508,10.);
#990=VECTOR('',#3509,10.);
#991=VECTOR('',#3514,10.);
#992=VECTOR('',#3515,10.);
#993=VECTOR('',#3518,10.);
#994=VECTOR('',#3519,10.);
#995=VECTOR('',#3520,10.);
#996=VECTOR('',#3521,10.);
#997=VECTOR('',#3522,10.);
#998=VECTOR('',#3527,10.);
#999=VECTOR('',#3532,10.);
#1000=VECTOR('',#3533,10.);
#1001=VECTOR('',#3536,10.);
#1002=VECTOR('',#3539,10.);
#1003=VECTOR('',#3542,3.75);
#1004=VECTOR('',#3545,10.);
#1005=VECTOR('',#3546,3.75);
#1006=VECTOR('',#3551,10.);
#1007=VECTOR('',#3556,10.);
#1008=VECTOR('',#3563,10.);
#1009=VERTEX_POINT('',#3570);
#1010=VERTEX_POINT('',#3571);
#1011=VERTEX_POINT('',#3573);
#1012=VERTEX_POINT('',#3575);
#1013=VERTEX_POINT('',#3579);
#1014=VERTEX_POINT('',#3580);
#1015=VERTEX_POINT('',#3582);
#1016=VERTEX_POINT('',#3584);
#1017=VERTEX_POINT('',#3588);
#1018=VERTEX_POINT('',#3591);
#1019=VERTEX_POINT('',#3593);
#1020=VERTEX_POINT('',#3595);
#1021=VERTEX_POINT('',#3599);
#1022=VERTEX_POINT('',#3603);
#1023=VERTEX_POINT('',#3605);
#1024=VERTEX_POINT('',#3609);
#1025=VERTEX_POINT('',#3618);
#1026=VERTEX_POINT('',#3619);
#1027=VERTEX_POINT('',#3621);
#1028=VERTEX_POINT('',#3623);
#1029=VERTEX_POINT('',#3627);
#1030=VERTEX_POINT('',#3628);
#1031=VERTEX_POINT('',#3630);
#1032=VERTEX_POINT('',#3632);
#1033=VERTEX_POINT('',#3636);
#1034=VERTEX_POINT('',#3639);
#1035=VERTEX_POINT('',#3641);
#1036=VERTEX_POINT('',#3643);
#1037=VERTEX_POINT('',#3647);
#1038=VERTEX_POINT('',#3651);
#1039=VERTEX_POINT('',#3653);
#1040=VERTEX_POINT('',#3657);
#1041=VERTEX_POINT('',#3666);
#1042=VERTEX_POINT('',#3667);
#1043=VERTEX_POINT('',#3669);
#1044=VERTEX_POINT('',#3671);
#1045=VERTEX_POINT('',#3675);
#1046=VERTEX_POINT('',#3676);
#1047=VERTEX_POINT('',#3678);
#1048=VERTEX_POINT('',#3680);
#1049=VERTEX_POINT('',#3684);
#1050=VERTEX_POINT('',#3686);
#1051=VERTEX_POINT('',#3688);
#1052=VERTEX_POINT('',#3691);
#1053=VERTEX_POINT('',#3695);
#1054=VERTEX_POINT('',#3697);
#1055=VERTEX_POINT('',#3700);
#1056=VERTEX_POINT('',#3702);
#1057=VERTEX_POINT('',#3710);
#1058=VERTEX_POINT('',#3712);
#1059=VERTEX_POINT('',#3714);
#1060=VERTEX_POINT('',#3716);
#1061=VERTEX_POINT('',#3720);
#1062=VERTEX_POINT('',#3722);
#1063=VERTEX_POINT('',#3724);
#1064=VERTEX_POINT('',#3726);
#1065=VERTEX_POINT('',#3730);
#1066=VERTEX_POINT('',#3732);
#1067=VERTEX_POINT('',#3736);
#1068=VERTEX_POINT('',#3738);
#1069=VERTEX_POINT('',#3742);
#1070=VERTEX_POINT('',#3744);
#1071=VERTEX_POINT('',#3746);
#1072=VERTEX_POINT('',#3748);
#1073=VERTEX_POINT('',#3751);
#1074=VERTEX_POINT('',#3753);
#1075=VERTEX_POINT('',#3755);
#1076=VERTEX_POINT('',#3757);
#1077=VERTEX_POINT('',#3761);
#1078=VERTEX_POINT('',#3763);
#1079=VERTEX_POINT('',#3767);
#1080=VERTEX_POINT('',#3768);
#1081=VERTEX_POINT('',#3773);
#1082=VERTEX_POINT('',#3775);
#1083=VERTEX_POINT('',#3779);
#1084=VERTEX_POINT('',#3780);
#1085=VERTEX_POINT('',#3782);
#1086=VERTEX_POINT('',#3784);
#1087=VERTEX_POINT('',#3786);
#1088=VERTEX_POINT('',#3788);
#1089=VERTEX_POINT('',#3790);
#1090=VERTEX_POINT('',#3794);
#1091=VERTEX_POINT('',#3798);
#1092=VERTEX_POINT('',#3800);
#1093=VERTEX_POINT('',#3804);
#1094=VERTEX_POINT('',#3808);
#1095=VERTEX_POINT('',#3812);
#1096=VERTEX_POINT('',#3814);
#1097=VERTEX_POINT('',#3818);
#1098=VERTEX_POINT('',#3820);
#1099=VERTEX_POINT('',#3822);
#1100=VERTEX_POINT('',#3824);
#1101=VERTEX_POINT('',#3828);
#1102=VERTEX_POINT('',#3832);
#1103=VERTEX_POINT('',#3834);
#1104=VERTEX_POINT('',#3838);
#1105=VERTEX_POINT('',#3842);
#1106=VERTEX_POINT('',#3844);
#1107=VERTEX_POINT('',#3848);
#1108=VERTEX_POINT('',#3850);
#1109=VERTEX_POINT('',#3874);
#1110=VERTEX_POINT('',#3875);
#1111=VERTEX_POINT('',#3877);
#1112=VERTEX_POINT('',#3879);
#1113=VERTEX_POINT('',#3881);
#1114=VERTEX_POINT('',#3883);
#1115=VERTEX_POINT('',#3885);
#1116=VERTEX_POINT('',#3889);
#1117=VERTEX_POINT('',#3893);
#1118=VERTEX_POINT('',#3895);
#1119=VERTEX_POINT('',#3899);
#1120=VERTEX_POINT('',#3903);
#1121=VERTEX_POINT('',#3907);
#1122=VERTEX_POINT('',#3909);
#1123=VERTEX_POINT('',#3913);
#1124=VERTEX_POINT('',#3915);
#1125=VERTEX_POINT('',#3917);
#1126=VERTEX_POINT('',#3919);
#1127=VERTEX_POINT('',#3923);
#1128=VERTEX_POINT('',#3927);
#1129=VERTEX_POINT('',#3929);
#1130=VERTEX_POINT('',#3933);
#1131=VERTEX_POINT('',#3937);
#1132=VERTEX_POINT('',#3939);
#1133=VERTEX_POINT('',#3943);
#1134=VERTEX_POINT('',#3945);
#1135=VERTEX_POINT('',#3969);
#1136=VERTEX_POINT('',#3971);
#1137=VERTEX_POINT('',#3976);
#1138=VERTEX_POINT('',#3977);
#1139=VERTEX_POINT('',#3979);
#1140=VERTEX_POINT('',#3986);
#1141=VERTEX_POINT('',#3988);
#1142=VERTEX_POINT('',#3993);
#1143=VERTEX_POINT('',#3994);
#1144=VERTEX_POINT('',#3996);
#1145=VERTEX_POINT('',#4003);
#1146=VERTEX_POINT('',#4005);
#1147=VERTEX_POINT('',#4010);
#1148=VERTEX_POINT('',#4012);
#1149=VERTEX_POINT('',#4017);
#1150=VERTEX_POINT('',#4019);
#1151=VERTEX_POINT('',#4023);
#1152=VERTEX_POINT('',#4025);
#1153=VERTEX_POINT('',#4030);
#1154=VERTEX_POINT('',#4032);
#1155=VERTEX_POINT('',#4037);
#1156=VERTEX_POINT('',#4039);
#1157=VERTEX_POINT('',#4043);
#1158=VERTEX_POINT('',#4045);
#1159=VERTEX_POINT('',#4050);
#1160=VERTEX_POINT('',#4052);
#1161=VERTEX_POINT('',#4057);
#1162=VERTEX_POINT('',#4059);
#1163=VERTEX_POINT('',#4063);
#1164=VERTEX_POINT('',#4067);
#1165=VERTEX_POINT('',#4071);
#1166=VERTEX_POINT('',#4073);
#1167=VERTEX_POINT('',#4077);
#1168=VERTEX_POINT('',#4079);
#1169=VERTEX_POINT('',#4081);
#1170=VERTEX_POINT('',#4083);
#1171=VERTEX_POINT('',#4085);
#1172=VERTEX_POINT('',#4087);
#1173=VERTEX_POINT('',#4089);
#1174=VERTEX_POINT('',#4093);
#1175=VERTEX_POINT('',#4094);
#1176=VERTEX_POINT('',#4096);
#1177=VERTEX_POINT('',#4098);
#1178=VERTEX_POINT('',#4102);
#1179=VERTEX_POINT('',#4104);
#1180=VERTEX_POINT('',#4111);
#1181=VERTEX_POINT('',#4113);
#1182=VERTEX_POINT('',#4115);
#1183=VERTEX_POINT('',#4117);
#1184=VERTEX_POINT('',#4119);
#1185=VERTEX_POINT('',#4121);
#1186=VERTEX_POINT('',#4123);
#1187=VERTEX_POINT('',#4127);
#1188=VERTEX_POINT('',#4129);
#1189=VERTEX_POINT('',#4133);
#1190=VERTEX_POINT('',#4135);
#1191=VERTEX_POINT('',#4140);
#1192=VERTEX_POINT('',#4142);
#1193=VERTEX_POINT('',#4144);
#1194=VERTEX_POINT('',#4150);
#1195=VERTEX_POINT('',#4152);
#1196=VERTEX_POINT('',#4154);
#1197=VERTEX_POINT('',#4159);
#1198=VERTEX_POINT('',#4163);
#1199=VERTEX_POINT('',#4167);
#1200=VERTEX_POINT('',#4168);
#1201=VERTEX_POINT('',#4170);
#1202=VERTEX_POINT('',#4172);
#1203=VERTEX_POINT('',#4174);
#1204=VERTEX_POINT('',#4176);
#1205=VERTEX_POINT('',#4178);
#1206=VERTEX_POINT('',#4180);
#1207=VERTEX_POINT('',#4182);
#1208=VERTEX_POINT('',#4184);
#1209=VERTEX_POINT('',#4186);
#1210=VERTEX_POINT('',#4188);
#1211=VERTEX_POINT('',#4190);
#1212=VERTEX_POINT('',#4192);
#1213=VERTEX_POINT('',#4194);
#1214=VERTEX_POINT('',#4196);
#1215=VERTEX_POINT('',#4198);
#1216=VERTEX_POINT('',#4200);
#1217=VERTEX_POINT('',#4202);
#1218=VERTEX_POINT('',#4204);
#1219=VERTEX_POINT('',#4206);
#1220=VERTEX_POINT('',#4208);
#1221=VERTEX_POINT('',#4210);
#1222=VERTEX_POINT('',#4212);
#1223=VERTEX_POINT('',#4214);
#1224=VERTEX_POINT('',#4216);
#1225=VERTEX_POINT('',#4218);
#1226=VERTEX_POINT('',#4221);
#1227=VERTEX_POINT('',#4223);
#1228=VERTEX_POINT('',#4226);
#1229=VERTEX_POINT('',#4228);
#1230=VERTEX_POINT('',#4245);
#1231=VERTEX_POINT('',#4248);
#1232=VERTEX_POINT('',#4249);
#1233=VERTEX_POINT('',#4251);
#1234=VERTEX_POINT('',#4253);
#1235=VERTEX_POINT('',#4255);
#1236=VERTEX_POINT('',#4257);
#1237=VERTEX_POINT('',#4259);
#1238=VERTEX_POINT('',#4263);
#1239=VERTEX_POINT('',#4266);
#1240=VERTEX_POINT('',#4267);
#1241=VERTEX_POINT('',#4273);
#1242=VERTEX_POINT('',#4275);
#1243=VERTEX_POINT('',#4279);
#1244=VERTEX_POINT('',#4281);
#1245=VERTEX_POINT('',#4283);
#1246=VERTEX_POINT('',#4285);
#1247=VERTEX_POINT('',#4287);
#1248=VERTEX_POINT('',#4314);
#1249=VERTEX_POINT('',#4315);
#1250=VERTEX_POINT('',#4320);
#1251=VERTEX_POINT('',#4322);
#1252=VERTEX_POINT('',#4324);
#1253=VERTEX_POINT('',#4329);
#1254=VERTEX_POINT('',#4333);
#1255=VERTEX_POINT('',#4334);
#1256=VERTEX_POINT('',#4352);
#1257=EDGE_CURVE('',#1009,#1010,#461,.T.);
#1258=EDGE_CURVE('',#1009,#1011,#462,.T.);
#1259=EDGE_CURVE('',#1012,#1011,#463,.T.);
#1260=EDGE_CURVE('',#1012,#1010,#464,.T.);
#1261=EDGE_CURVE('',#1013,#1014,#465,.T.);
#1262=EDGE_CURVE('',#1015,#1013,#466,.T.);
#1263=EDGE_CURVE('',#1016,#1015,#467,.T.);
#1264=EDGE_CURVE('',#1016,#1014,#468,.T.);
#1265=EDGE_CURVE('',#1017,#1009,#469,.T.);
#1266=EDGE_CURVE('',#1015,#1017,#470,.T.);
#1267=EDGE_CURVE('',#1018,#1013,#471,.T.);
#1268=EDGE_CURVE('',#1019,#1018,#472,.T.);
#1269=EDGE_CURVE('',#1020,#1019,#473,.T.);
#1270=EDGE_CURVE('',#1020,#1011,#474,.T.);
#1271=EDGE_CURVE('',#1021,#1010,#475,.T.);
#1272=EDGE_CURVE('',#1017,#1021,#476,.T.);
#1273=EDGE_CURVE('',#1022,#1018,#477,.T.);
#1274=EDGE_CURVE('',#1023,#1022,#478,.T.);
#1275=EDGE_CURVE('',#1019,#1023,#479,.T.);
#1276=EDGE_CURVE('',#1024,#1020,#480,.T.);
#1277=EDGE_CURVE('',#1024,#1012,#481,.T.);
#1278=EDGE_CURVE('',#1014,#1022,#482,.T.);
#1279=EDGE_CURVE('',#1021,#1016,#483,.T.);
#1280=EDGE_CURVE('',#1023,#1024,#484,.T.);
#1281=EDGE_CURVE('',#1025,#1026,#485,.T.);
#1282=EDGE_CURVE('',#1025,#1027,#486,.T.);
#1283=EDGE_CURVE('',#1028,#1027,#487,.T.);
#1284=EDGE_CURVE('',#1028,#1026,#488,.T.);
#1285=EDGE_CURVE('',#1029,#1030,#489,.T.);
#1286=EDGE_CURVE('',#1031,#1029,#490,.T.);
#1287=EDGE_CURVE('',#1032,#1031,#491,.T.);
#1288=EDGE_CURVE('',#1032,#1030,#492,.T.);
#1289=EDGE_CURVE('',#1033,#1025,#493,.T.);
#1290=EDGE_CURVE('',#1031,#1033,#494,.T.);
#1291=EDGE_CURVE('',#1034,#1029,#495,.T.);
#1292=EDGE_CURVE('',#1035,#1034,#496,.T.);
#1293=EDGE_CURVE('',#1036,#1035,#497,.T.);
#1294=EDGE_CURVE('',#1036,#1027,#498,.T.);
#1295=EDGE_CURVE('',#1037,#1026,#499,.T.);
#1296=EDGE_CURVE('',#1033,#1037,#500,.T.);
#1297=EDGE_CURVE('',#1038,#1034,#501,.T.);
#1298=EDGE_CURVE('',#1039,#1038,#502,.T.);
#1299=EDGE_CURVE('',#1035,#1039,#503,.T.);
#1300=EDGE_CURVE('',#1040,#1036,#504,.T.);
#1301=EDGE_CURVE('',#1040,#1028,#505,.T.);
#1302=EDGE_CURVE('',#1030,#1038,#506,.T.);
#1303=EDGE_CURVE('',#1037,#1032,#507,.T.);
#1304=EDGE_CURVE('',#1039,#1040,#508,.T.);
#1305=EDGE_CURVE('',#1041,#1042,#509,.T.);
#1306=EDGE_CURVE('',#1043,#1041,#510,.T.);
#1307=EDGE_CURVE('',#1044,#1043,#511,.T.);
#1308=EDGE_CURVE('',#1042,#1044,#512,.T.);
#1309=EDGE_CURVE('',#1045,#1046,#513,.T.);
#1310=EDGE_CURVE('',#1047,#1045,#514,.T.);
#1311=EDGE_CURVE('',#1048,#1047,#515,.T.);
#1312=EDGE_CURVE('',#1046,#1048,#516,.T.);
#1313=EDGE_CURVE('',#1049,#1041,#517,.T.);
#1314=EDGE_CURVE('',#1050,#1049,#518,.T.);
#1315=EDGE_CURVE('',#1050,#1051,#519,.T.);
#1316=EDGE_CURVE('',#1051,#1047,#520,.T.);
#1317=EDGE_CURVE('',#1052,#1045,#521,.T.);
#1318=EDGE_CURVE('',#1043,#1052,#522,.T.);
#1319=EDGE_CURVE('',#1042,#1053,#523,.T.);
#1320=EDGE_CURVE('',#1054,#1044,#524,.T.);
#1321=EDGE_CURVE('',#1046,#1054,#525,.T.);
#1322=EDGE_CURVE('',#1048,#1055,#526,.T.);
#1323=EDGE_CURVE('',#1055,#1056,#527,.T.);
#1324=EDGE_CURVE('',#1053,#1056,#528,.T.);
#1325=EDGE_CURVE('',#1055,#1051,#529,.T.);
#1326=EDGE_CURVE('',#1056,#1050,#530,.T.);
#1327=EDGE_CURVE('',#1049,#1057,#531,.T.);
#1328=EDGE_CURVE('',#1058,#1057,#532,.T.);
#1329=EDGE_CURVE('',#1059,#1058,#533,.T.);
#1330=EDGE_CURVE('',#1060,#1059,#534,.T.);
#1331=EDGE_CURVE('',#1060,#1053,#535,.T.);
#1332=EDGE_CURVE('',#1052,#1061,#536,.T.);
#1333=EDGE_CURVE('',#1062,#1061,#537,.T.);
#1334=EDGE_CURVE('',#1063,#1062,#538,.T.);
#1335=EDGE_CURVE('',#1064,#1063,#539,.T.);
#1336=EDGE_CURVE('',#1064,#1054,#540,.T.);
#1337=EDGE_CURVE('',#1065,#1060,#541,.T.);
#1338=EDGE_CURVE('',#1066,#1065,#542,.T.);
#1339=EDGE_CURVE('',#1057,#1066,#543,.T.);
#1340=EDGE_CURVE('',#1067,#1058,#544,.T.);
#1341=EDGE_CURVE('',#1068,#1067,#545,.T.);
#1342=EDGE_CURVE('',#1059,#1068,#546,.T.);
#1343=EDGE_CURVE('',#1065,#1069,#547,.T.);
#1344=EDGE_CURVE('',#1070,#1069,#548,.T.);
#1345=EDGE_CURVE('',#1071,#1070,#549,.T.);
#1346=EDGE_CURVE('',#1071,#1072,#550,.T.);
#1347=EDGE_CURVE('',#1072,#1063,#551,.T.);
#1348=EDGE_CURVE('',#1073,#1062,#552,.T.);
#1349=EDGE_CURVE('',#1073,#1074,#553,.T.);
#1350=EDGE_CURVE('',#1074,#1075,#554,.T.);
#1351=EDGE_CURVE('',#1075,#1076,#555,.T.);
#1352=EDGE_CURVE('',#1066,#1076,#556,.T.);
#1353=EDGE_CURVE('',#1077,#1064,#557,.T.);
#1354=EDGE_CURVE('',#1077,#1078,#558,.T.);
#1355=EDGE_CURVE('',#1061,#1078,#559,.T.);
#1356=EDGE_CURVE('',#1079,#1080,#560,.T.);
#1357=EDGE_CURVE('',#1078,#1079,#561,.T.);
#1358=EDGE_CURVE('',#1080,#1077,#562,.T.);
#1359=EDGE_CURVE('',#1080,#1081,#563,.T.);
#1360=EDGE_CURVE('',#1081,#1082,#564,.T.);
#1361=EDGE_CURVE('',#1079,#1082,#565,.T.);
#1362=EDGE_CURVE('',#1083,#1084,#566,.T.);
#1363=EDGE_CURVE('',#1083,#1085,#567,.T.);
#1364=EDGE_CURVE('',#1086,#1085,#568,.T.);
#1365=EDGE_CURVE('',#1087,#1086,#569,.T.);
#1366=EDGE_CURVE('',#1088,#1087,#570,.T.);
#1367=EDGE_CURVE('',#1089,#1088,#158,.T.);
#1368=EDGE_CURVE('',#1090,#1089,#159,.T.);
#1369=EDGE_CURVE('',#1091,#1090,#571,.T.);
#1370=EDGE_CURVE('',#1092,#1091,#160,.T.);
#1371=EDGE_CURVE('',#1093,#1092,#161,.T.);
#1372=EDGE_CURVE('',#1094,#1093,#572,.T.);
#1373=EDGE_CURVE('',#1084,#1094,#573,.T.);
#1374=EDGE_CURVE('',#1095,#1083,#72,.T.);
#1375=EDGE_CURVE('',#1096,#1095,#574,.T.);
#1376=EDGE_CURVE('',#1085,#1096,#73,.T.);
#1377=EDGE_CURVE('',#1097,#1095,#575,.T.);
#1378=EDGE_CURVE('',#1098,#1097,#576,.T.);
#1379=EDGE_CURVE('',#1099,#1098,#577,.T.);
#1380=EDGE_CURVE('',#1100,#1099,#162,.T.);
#1381=EDGE_CURVE('',#1101,#1100,#163,.T.);
#1382=EDGE_CURVE('',#1102,#1101,#578,.T.);
#1383=EDGE_CURVE('',#1103,#1102,#164,.T.);
#1384=EDGE_CURVE('',#1104,#1103,#165,.T.);
#1385=EDGE_CURVE('',#1105,#1104,#579,.T.);
#1386=EDGE_CURVE('',#1106,#1105,#580,.T.);
#1387=EDGE_CURVE('',#1096,#1106,#581,.T.);
#1388=EDGE_CURVE('',#1107,#1107,#74,.T.);
#1389=EDGE_CURVE('',#1107,#1108,#582,.T.);
#1390=EDGE_CURVE('',#1097,#1108,#75,.T.);
#1391=EDGE_CURVE('',#1086,#1084,#76,.T.);
#1392=EDGE_CURVE('',#1108,#1106,#77,.T.);
#1393=EDGE_CURVE('',#1087,#1094,#78,.T.);
#1394=EDGE_CURVE('',#1098,#1105,#79,.T.);
#1395=EDGE_CURVE('',#1088,#1093,#80,.T.);
#1396=EDGE_CURVE('',#1099,#1104,#81,.T.);
#1397=EDGE_CURVE('',#1089,#1092,#82,.T.);
#1398=EDGE_CURVE('',#1100,#1103,#83,.T.);
#1399=EDGE_CURVE('',#1090,#1091,#84,.T.);
#1400=EDGE_CURVE('',#1101,#1102,#85,.T.);
#1401=EDGE_CURVE('',#1109,#1110,#583,.T.);
#1402=EDGE_CURVE('',#1109,#1111,#584,.T.);
#1403=EDGE_CURVE('',#1112,#1111,#585,.T.);
#1404=EDGE_CURVE('',#1113,#1112,#586,.T.);
#1405=EDGE_CURVE('',#1114,#1113,#587,.T.);
#1406=EDGE_CURVE('',#1115,#1114,#166,.T.);
#1407=EDGE_CURVE('',#1116,#1115,#167,.T.);
#1408=EDGE_CURVE('',#1117,#1116,#588,.T.);
#1409=EDGE_CURVE('',#1118,#1117,#168,.T.);
#1410=EDGE_CURVE('',#1119,#1118,#169,.T.);
#1411=EDGE_CURVE('',#1120,#1119,#589,.T.);
#1412=EDGE_CURVE('',#1110,#1120,#590,.T.);
#1413=EDGE_CURVE('',#1121,#1109,#86,.T.);
#1414=EDGE_CURVE('',#1122,#1121,#591,.T.);
#1415=EDGE_CURVE('',#1111,#1122,#87,.T.);
#1416=EDGE_CURVE('',#1123,#1121,#592,.T.);
#1417=EDGE_CURVE('',#1124,#1123,#593,.T.);
#1418=EDGE_CURVE('',#1125,#1124,#594,.T.);
#1419=EDGE_CURVE('',#1126,#1125,#170,.T.);
#1420=EDGE_CURVE('',#1127,#1126,#171,.T.);
#1421=EDGE_CURVE('',#1128,#1127,#595,.T.);
#1422=EDGE_CURVE('',#1129,#1128,#172,.T.);
#1423=EDGE_CURVE('',#1130,#1129,#173,.T.);
#1424=EDGE_CURVE('',#1131,#1130,#596,.T.);
#1425=EDGE_CURVE('',#1132,#1131,#597,.T.);
#1426=EDGE_CURVE('',#1122,#1132,#598,.T.);
#1427=EDGE_CURVE('',#1133,#1133,#88,.T.);
#1428=EDGE_CURVE('',#1133,#1134,#599,.T.);
#1429=EDGE_CURVE('',#1123,#1134,#89,.T.);
#1430=EDGE_CURVE('',#1112,#1110,#90,.T.);
#1431=EDGE_CURVE('',#1134,#1132,#91,.T.);
#1432=EDGE_CURVE('',#1113,#1120,#92,.T.);
#1433=EDGE_CURVE('',#1124,#1131,#93,.T.);
#1434=EDGE_CURVE('',#1114,#1119,#94,.T.);
#1435=EDGE_CURVE('',#1125,#1130,#95,.T.);
#1436=EDGE_CURVE('',#1115,#1118,#96,.T.);
#1437=EDGE_CURVE('',#1126,#1129,#97,.T.);
#1438=EDGE_CURVE('',#1116,#1117,#98,.T.);
#1439=EDGE_CURVE('',#1127,#1128,#99,.T.);
#1440=EDGE_CURVE('',#1135,#1135,#100,.T.);
#1441=EDGE_CURVE('',#1135,#1136,#600,.T.);
#1442=EDGE_CURVE('',#1136,#1136,#101,.T.);
#1443=EDGE_CURVE('',#1137,#1138,#102,.T.);
#1444=EDGE_CURVE('',#1139,#1137,#103,.T.);
#1445=EDGE_CURVE('',#1138,#1139,#104,.T.);
#1446=EDGE_CURVE('',#1138,#1136,#601,.T.);
#1447=EDGE_CURVE('',#1137,#1139,#602,.T.);
#1448=EDGE_CURVE('',#1140,#1140,#105,.T.);
#1449=EDGE_CURVE('',#1140,#1141,#603,.T.);
#1450=EDGE_CURVE('',#1141,#1141,#106,.T.);
#1451=EDGE_CURVE('',#1142,#1143,#107,.T.);
#1452=EDGE_CURVE('',#1144,#1142,#108,.T.);
#1453=EDGE_CURVE('',#1143,#1144,#109,.T.);
#1454=EDGE_CURVE('',#1143,#1141,#604,.T.);
#1455=EDGE_CURVE('',#1142,#1144,#605,.T.);
#1456=EDGE_CURVE('',#1145,#1145,#110,.T.);
#1457=EDGE_CURVE('',#1145,#1146,#606,.T.);
#1458=EDGE_CURVE('',#1146,#1146,#111,.T.);
#1459=EDGE_CURVE('',#1147,#1147,#112,.T.);
#1460=EDGE_CURVE('',#1147,#1148,#607,.T.);
#1461=EDGE_CURVE('',#1148,#1148,#113,.T.);
#1462=EDGE_CURVE('',#1149,#1149,#114,.T.);
#1463=EDGE_CURVE('',#1149,#1150,#608,.T.);
#1464=EDGE_CURVE('',#1150,#1150,#115,.T.);
#1465=EDGE_CURVE('',#1151,#1151,#116,.T.);
#1466=EDGE_CURVE('',#1151,#1152,#609,.T.);
#1467=EDGE_CURVE('',#1152,#1152,#117,.T.);
#1468=EDGE_CURVE('',#1153,#1153,#118,.T.);
#1469=EDGE_CURVE('',#1153,#1154,#610,.T.);
#1470=EDGE_CURVE('',#1154,#1154,#119,.T.);
#1471=EDGE_CURVE('',#1155,#1155,#120,.T.);
#1472=EDGE_CURVE('',#1155,#1156,#611,.T.);
#1473=EDGE_CURVE('',#1156,#1156,#121,.T.);
#1474=EDGE_CURVE('',#1157,#1157,#122,.T.);
#1475=EDGE_CURVE('',#1157,#1158,#612,.T.);
#1476=EDGE_CURVE('',#1158,#1158,#123,.T.);
#1477=EDGE_CURVE('',#1159,#1159,#124,.T.);
#1478=EDGE_CURVE('',#1159,#1160,#613,.T.);
#1479=EDGE_CURVE('',#1160,#1160,#125,.T.);
#1480=EDGE_CURVE('',#1075,#1161,#614,.T.);
#1481=EDGE_CURVE('',#1162,#1161,#615,.T.);
#1482=EDGE_CURVE('',#1076,#1162,#616,.T.);
#1483=EDGE_CURVE('',#1163,#1074,#617,.T.);
#1484=EDGE_CURVE('',#1161,#1163,#618,.T.);
#1485=EDGE_CURVE('',#1164,#1073,#619,.T.);
#1486=EDGE_CURVE('',#1163,#1164,#620,.T.);
#1487=EDGE_CURVE('',#1165,#1067,#621,.T.);
#1488=EDGE_CURVE('',#1166,#1165,#622,.T.);
#1489=EDGE_CURVE('',#1166,#1068,#623,.T.);
#1490=EDGE_CURVE('',#1162,#1167,#624,.T.);
#1491=EDGE_CURVE('',#1167,#1168,#126,.T.);
#1492=EDGE_CURVE('',#1168,#1169,#625,.T.);
#1493=EDGE_CURVE('',#1169,#1170,#127,.T.);
#1494=EDGE_CURVE('',#1170,#1171,#626,.T.);
#1495=EDGE_CURVE('',#1171,#1172,#627,.T.);
#1496=EDGE_CURVE('',#1172,#1173,#628,.T.);
#1497=EDGE_CURVE('',#1173,#1165,#629,.T.);
#1498=EDGE_CURVE('',#1174,#1175,#630,.T.);
#1499=EDGE_CURVE('',#1174,#1176,#631,.T.);
#1500=EDGE_CURVE('',#1177,#1176,#632,.T.);
#1501=EDGE_CURVE('',#1175,#1177,#633,.T.);
#1502=EDGE_CURVE('',#1178,#1174,#634,.T.);
#1503=EDGE_CURVE('',#1179,#1178,#635,.T.);
#1504=EDGE_CURVE('',#1176,#1179,#636,.T.);
#1505=EDGE_CURVE('',#1172,#1178,#637,.T.);
#1506=EDGE_CURVE('',#1179,#1171,#638,.T.);
#1507=EDGE_CURVE('',#1180,#1175,#639,.T.);
#1508=EDGE_CURVE('',#1181,#1180,#640,.T.);
#1509=EDGE_CURVE('',#1181,#1182,#641,.T.);
#1510=EDGE_CURVE('',#1183,#1182,#642,.T.);
#1511=EDGE_CURVE('',#1184,#1183,#643,.T.);
#1512=EDGE_CURVE('',#1184,#1185,#644,.T.);
#1513=EDGE_CURVE('',#1185,#1186,#645,.T.);
#1514=EDGE_CURVE('',#1186,#1173,#646,.T.);
#1515=EDGE_CURVE('',#1072,#1187,#647,.T.);
#1516=EDGE_CURVE('',#1188,#1071,#648,.T.);
#1517=EDGE_CURVE('',#1187,#1188,#649,.T.);
#1518=EDGE_CURVE('',#1189,#1069,#650,.T.);
#1519=EDGE_CURVE('',#1190,#1189,#651,.T.);
#1520=EDGE_CURVE('',#1070,#1190,#652,.T.);
#1521=EDGE_CURVE('',#1186,#1166,#653,.T.);
#1522=EDGE_CURVE('',#1185,#1191,#654,.T.);
#1523=EDGE_CURVE('',#1191,#1192,#655,.T.);
#1524=EDGE_CURVE('',#1192,#1193,#656,.T.);
#1525=EDGE_CURVE('',#1193,#1137,#657,.T.);
#1526=EDGE_CURVE('',#1139,#1189,#658,.T.);
#1527=EDGE_CURVE('',#1187,#1142,#659,.T.);
#1528=EDGE_CURVE('',#1144,#1194,#660,.T.);
#1529=EDGE_CURVE('',#1194,#1195,#661,.T.);
#1530=EDGE_CURVE('',#1195,#1196,#662,.T.);
#1531=EDGE_CURVE('',#1196,#1182,#663,.T.);
#1532=EDGE_CURVE('',#1081,#1181,#664,.T.);
#1533=EDGE_CURVE('',#1197,#1193,#665,.T.);
#1534=EDGE_CURVE('',#1190,#1197,#666,.T.);
#1535=EDGE_CURVE('',#1198,#1188,#667,.T.);
#1536=EDGE_CURVE('',#1198,#1194,#668,.T.);
#1537=EDGE_CURVE('',#1199,#1200,#669,.T.);
#1538=EDGE_CURVE('',#1200,#1201,#128,.T.);
#1539=EDGE_CURVE('',#1201,#1202,#670,.T.);
#1540=EDGE_CURVE('',#1202,#1203,#129,.T.);
#1541=EDGE_CURVE('',#1203,#1204,#671,.T.);
#1542=EDGE_CURVE('',#1204,#1205,#130,.T.);
#1543=EDGE_CURVE('',#1205,#1206,#672,.T.);
#1544=EDGE_CURVE('',#1206,#1207,#131,.T.);
#1545=EDGE_CURVE('',#1207,#1208,#673,.T.);
#1546=EDGE_CURVE('',#1208,#1209,#132,.T.);
#1547=EDGE_CURVE('',#1209,#1210,#133,.T.);
#1548=EDGE_CURVE('',#1210,#1211,#674,.T.);
#1549=EDGE_CURVE('',#1211,#1212,#134,.T.);
#1550=EDGE_CURVE('',#1212,#1213,#675,.T.);
#1551=EDGE_CURVE('',#1213,#1214,#135,.T.);
#1552=EDGE_CURVE('',#1214,#1215,#136,.T.);
#1553=EDGE_CURVE('',#1215,#1216,#676,.T.);
#1554=EDGE_CURVE('',#1216,#1217,#137,.T.);
#1555=EDGE_CURVE('',#1217,#1218,#677,.T.);
#1556=EDGE_CURVE('',#1218,#1219,#138,.T.);
#1557=EDGE_CURVE('',#1219,#1220,#678,.T.);
#1558=EDGE_CURVE('',#1220,#1221,#139,.T.);
#1559=EDGE_CURVE('',#1221,#1222,#140,.T.);
#1560=EDGE_CURVE('',#1222,#1223,#679,.T.);
#1561=EDGE_CURVE('',#1223,#1224,#141,.T.);
#1562=EDGE_CURVE('',#1224,#1225,#680,.T.);
#1563=EDGE_CURVE('',#1225,#1199,#142,.T.);
#1564=EDGE_CURVE('',#1197,#1226,#681,.T.);
#1565=EDGE_CURVE('',#1226,#1227,#682,.T.);
#1566=EDGE_CURVE('',#1227,#1184,#683,.T.);
#1567=EDGE_CURVE('',#1183,#1228,#684,.T.);
#1568=EDGE_CURVE('',#1228,#1229,#685,.T.);
#1569=EDGE_CURVE('',#1229,#1198,#686,.T.);
#1570=EDGE_CURVE('',#1191,#1227,#687,.T.);
#1571=EDGE_CURVE('',#1228,#1196,#688,.T.);
#1572=EDGE_CURVE('',#1229,#1195,#689,.T.);
#1573=EDGE_CURVE('',#1226,#1192,#690,.T.);
#1574=EDGE_CURVE('',#1082,#1180,#691,.T.);
#1575=EDGE_CURVE('',#1230,#1230,#143,.T.);
#1576=EDGE_CURVE('',#1231,#1232,#144,.T.);
#1577=EDGE_CURVE('',#1232,#1233,#145,.T.);
#1578=EDGE_CURVE('',#1233,#1234,#692,.T.);
#1579=EDGE_CURVE('',#1234,#1235,#146,.T.);
#1580=EDGE_CURVE('',#1236,#1235,#693,.T.);
#1581=EDGE_CURVE('',#1236,#1237,#147,.T.);
#1582=EDGE_CURVE('',#1237,#1231,#694,.T.);
#1583=EDGE_CURVE('',#1238,#1238,#148,.T.);
#1584=EDGE_CURVE('',#1239,#1240,#149,.T.);
#1585=EDGE_CURVE('',#1221,#1239,#695,.T.);
#1586=EDGE_CURVE('',#1220,#1240,#696,.T.);
#1587=EDGE_CURVE('',#1239,#1170,#697,.T.);
#1588=EDGE_CURVE('',#1239,#1241,#698,.T.);
#1589=EDGE_CURVE('',#1241,#1242,#699,.T.);
#1590=EDGE_CURVE('',#1177,#1242,#700,.T.);
#1591=EDGE_CURVE('',#1240,#1243,#701,.T.);
#1592=EDGE_CURVE('',#1243,#1244,#150,.T.);
#1593=EDGE_CURVE('',#1244,#1245,#702,.T.);
#1594=EDGE_CURVE('',#1245,#1246,#151,.T.);
#1595=EDGE_CURVE('',#1246,#1247,#703,.T.);
#1596=EDGE_CURVE('',#1247,#1241,#152,.T.);
#1597=EDGE_CURVE('',#1219,#1243,#704,.T.);
#1598=EDGE_CURVE('',#1215,#1247,#705,.T.);
#1599=EDGE_CURVE('',#1214,#1241,#706,.T.);
#1600=EDGE_CURVE('',#1216,#1246,#707,.T.);
#1601=EDGE_CURVE('',#1218,#1244,#708,.T.);
#1602=EDGE_CURVE('',#1217,#1245,#709,.T.);
#1603=EDGE_CURVE('',#1201,#1236,#710,.T.);
#1604=EDGE_CURVE('',#1200,#1237,#711,.T.);
#1605=EDGE_CURVE('',#1199,#1231,#712,.T.);
#1606=EDGE_CURVE('',#1224,#1234,#713,.T.);
#1607=EDGE_CURVE('',#1223,#1235,#714,.T.);
#1608=EDGE_CURVE('',#1222,#1169,#715,.T.);
#1609=EDGE_CURVE('',#1202,#1168,#716,.T.);
#1610=EDGE_CURVE('',#1248,#1249,#153,.T.);
#1611=EDGE_CURVE('',#1207,#1248,#717,.T.);
#1612=EDGE_CURVE('',#1206,#1249,#718,.T.);
#1613=EDGE_CURVE('',#1250,#1249,#719,.T.);
#1614=EDGE_CURVE('',#1205,#1251,#720,.T.);
#1615=EDGE_CURVE('',#1252,#1251,#721,.T.);
#1616=EDGE_CURVE('',#1213,#1252,#722,.T.);
#1617=EDGE_CURVE('',#1212,#1250,#723,.T.);
#1618=EDGE_CURVE('',#1250,#1253,#154,.T.);
#1619=EDGE_CURVE('',#1211,#1253,#724,.T.);
#1620=EDGE_CURVE('',#1254,#1255,#155,.T.);
#1621=EDGE_CURVE('',#1255,#1248,#725,.T.);
#1622=EDGE_CURVE('',#1253,#1254,#726,.T.);
#1623=EDGE_CURVE('',#1210,#1254,#727,.T.);
#1624=EDGE_CURVE('',#1225,#1233,#728,.T.);
#1625=EDGE_CURVE('',#1232,#1230,#729,.T.);
#1626=EDGE_CURVE('',#1208,#1255,#730,.T.);
#1627=EDGE_CURVE('',#1209,#1238,#731,.T.);
#1628=EDGE_CURVE('',#1203,#1167,#732,.T.);
#1629=EDGE_CURVE('',#1204,#1256,#733,.T.);
#1630=EDGE_CURVE('',#1251,#1256,#156,.T.);
#1631=EDGE_CURVE('',#1242,#1252,#157,.T.);
#1632=EDGE_CURVE('',#1256,#1164,#734,.T.);
#1633=ORIENTED_EDGE('',*,*,#1257,.F.);
#1634=ORIENTED_EDGE('',*,*,#1258,.T.);
#1635=ORIENTED_EDGE('',*,*,#1259,.F.);
#1636=ORIENTED_EDGE('',*,*,#1260,.T.);
#1637=ORIENTED_EDGE('',*,*,#1261,.F.);
#1638=ORIENTED_EDGE('',*,*,#1262,.F.);
#1639=ORIENTED_EDGE('',*,*,#1263,.F.);
#1640=ORIENTED_EDGE('',*,*,#1264,.T.);
#1641=ORIENTED_EDGE('',*,*,#1265,.F.);
#1642=ORIENTED_EDGE('',*,*,#1266,.F.);
#1643=ORIENTED_EDGE('',*,*,#1262,.T.);
#1644=ORIENTED_EDGE('',*,*,#1267,.F.);
#1645=ORIENTED_EDGE('',*,*,#1268,.F.);
#1646=ORIENTED_EDGE('',*,*,#1269,.F.);
#1647=ORIENTED_EDGE('',*,*,#1270,.T.);
#1648=ORIENTED_EDGE('',*,*,#1258,.F.);
#1649=ORIENTED_EDGE('',*,*,#1257,.T.);
#1650=ORIENTED_EDGE('',*,*,#1271,.F.);
#1651=ORIENTED_EDGE('',*,*,#1272,.F.);
#1652=ORIENTED_EDGE('',*,*,#1265,.T.);
#1653=ORIENTED_EDGE('',*,*,#1273,.F.);
#1654=ORIENTED_EDGE('',*,*,#1274,.F.);
#1655=ORIENTED_EDGE('',*,*,#1275,.F.);
#1656=ORIENTED_EDGE('',*,*,#1268,.T.);
#1657=ORIENTED_EDGE('',*,*,#1259,.T.);
#1658=ORIENTED_EDGE('',*,*,#1270,.F.);
#1659=ORIENTED_EDGE('',*,*,#1276,.F.);
#1660=ORIENTED_EDGE('',*,*,#1277,.T.);
#1661=ORIENTED_EDGE('',*,*,#1261,.T.);
#1662=ORIENTED_EDGE('',*,*,#1278,.T.);
#1663=ORIENTED_EDGE('',*,*,#1273,.T.);
#1664=ORIENTED_EDGE('',*,*,#1267,.T.);
#1665=ORIENTED_EDGE('',*,*,#1278,.F.);
#1666=ORIENTED_EDGE('',*,*,#1264,.F.);
#1667=ORIENTED_EDGE('',*,*,#1279,.F.);
#1668=ORIENTED_EDGE('',*,*,#1271,.T.);
#1669=ORIENTED_EDGE('',*,*,#1260,.F.);
#1670=ORIENTED_EDGE('',*,*,#1277,.F.);
#1671=ORIENTED_EDGE('',*,*,#1280,.F.);
#1672=ORIENTED_EDGE('',*,*,#1274,.T.);
#1673=ORIENTED_EDGE('',*,*,#1281,.F.);
#1674=ORIENTED_EDGE('',*,*,#1282,.T.);
#1675=ORIENTED_EDGE('',*,*,#1283,.F.);
#1676=ORIENTED_EDGE('',*,*,#1284,.T.);
#1677=ORIENTED_EDGE('',*,*,#1285,.F.);
#1678=ORIENTED_EDGE('',*,*,#1286,.F.);
#1679=ORIENTED_EDGE('',*,*,#1287,.F.);
#1680=ORIENTED_EDGE('',*,*,#1288,.T.);
#1681=ORIENTED_EDGE('',*,*,#1289,.F.);
#1682=ORIENTED_EDGE('',*,*,#1290,.F.);
#1683=ORIENTED_EDGE('',*,*,#1286,.T.);
#1684=ORIENTED_EDGE('',*,*,#1291,.F.);
#1685=ORIENTED_EDGE('',*,*,#1292,.F.);
#1686=ORIENTED_EDGE('',*,*,#1293,.F.);
#1687=ORIENTED_EDGE('',*,*,#1294,.T.);
#1688=ORIENTED_EDGE('',*,*,#1282,.F.);
#1689=ORIENTED_EDGE('',*,*,#1281,.T.);
#1690=ORIENTED_EDGE('',*,*,#1295,.F.);
#1691=ORIENTED_EDGE('',*,*,#1296,.F.);
#1692=ORIENTED_EDGE('',*,*,#1289,.T.);
#1693=ORIENTED_EDGE('',*,*,#1297,.F.);
#1694=ORIENTED_EDGE('',*,*,#1298,.F.);
#1695=ORIENTED_EDGE('',*,*,#1299,.F.);
#1696=ORIENTED_EDGE('',*,*,#1292,.T.);
#1697=ORIENTED_EDGE('',*,*,#1283,.T.);
#1698=ORIENTED_EDGE('',*,*,#1294,.F.);
#1699=ORIENTED_EDGE('',*,*,#1300,.F.);
#1700=ORIENTED_EDGE('',*,*,#1301,.T.);
#1701=ORIENTED_EDGE('',*,*,#1285,.T.);
#1702=ORIENTED_EDGE('',*,*,#1302,.T.);
#1703=ORIENTED_EDGE('',*,*,#1297,.T.);
#1704=ORIENTED_EDGE('',*,*,#1291,.T.);
#1705=ORIENTED_EDGE('',*,*,#1302,.F.);
#1706=ORIENTED_EDGE('',*,*,#1288,.F.);
#1707=ORIENTED_EDGE('',*,*,#1303,.F.);
#1708=ORIENTED_EDGE('',*,*,#1295,.T.);
#1709=ORIENTED_EDGE('',*,*,#1284,.F.);
#1710=ORIENTED_EDGE('',*,*,#1301,.F.);
#1711=ORIENTED_EDGE('',*,*,#1304,.F.);
#1712=ORIENTED_EDGE('',*,*,#1298,.T.);
#1713=ORIENTED_EDGE('',*,*,#1305,.F.);
#1714=ORIENTED_EDGE('',*,*,#1306,.F.);
#1715=ORIENTED_EDGE('',*,*,#1307,.F.);
#1716=ORIENTED_EDGE('',*,*,#1308,.F.);
#1717=ORIENTED_EDGE('',*,*,#1309,.F.);
#1718=ORIENTED_EDGE('',*,*,#1310,.F.);
#1719=ORIENTED_EDGE('',*,*,#1311,.F.);
#1720=ORIENTED_EDGE('',*,*,#1312,.F.);
#1721=ORIENTED_EDGE('',*,*,#1313,.F.);
#1722=ORIENTED_EDGE('',*,*,#1314,.F.);
#1723=ORIENTED_EDGE('',*,*,#1315,.T.);
#1724=ORIENTED_EDGE('',*,*,#1316,.T.);
#1725=ORIENTED_EDGE('',*,*,#1310,.T.);
#1726=ORIENTED_EDGE('',*,*,#1317,.F.);
#1727=ORIENTED_EDGE('',*,*,#1318,.F.);
#1728=ORIENTED_EDGE('',*,*,#1306,.T.);
#1729=ORIENTED_EDGE('',*,*,#1319,.F.);
#1730=ORIENTED_EDGE('',*,*,#1308,.T.);
#1731=ORIENTED_EDGE('',*,*,#1320,.F.);
#1732=ORIENTED_EDGE('',*,*,#1321,.F.);
#1733=ORIENTED_EDGE('',*,*,#1312,.T.);
#1734=ORIENTED_EDGE('',*,*,#1322,.T.);
#1735=ORIENTED_EDGE('',*,*,#1323,.T.);
#1736=ORIENTED_EDGE('',*,*,#1324,.F.);
#1737=ORIENTED_EDGE('',*,*,#1311,.T.);
#1738=ORIENTED_EDGE('',*,*,#1316,.F.);
#1739=ORIENTED_EDGE('',*,*,#1325,.F.);
#1740=ORIENTED_EDGE('',*,*,#1322,.F.);
#1741=ORIENTED_EDGE('',*,*,#1326,.F.);
#1742=ORIENTED_EDGE('',*,*,#1323,.F.);
#1743=ORIENTED_EDGE('',*,*,#1325,.T.);
#1744=ORIENTED_EDGE('',*,*,#1315,.F.);
#1745=ORIENTED_EDGE('',*,*,#1324,.T.);
#1746=ORIENTED_EDGE('',*,*,#1326,.T.);
#1747=ORIENTED_EDGE('',*,*,#1314,.T.);
#1748=ORIENTED_EDGE('',*,*,#1327,.T.);
#1749=ORIENTED_EDGE('',*,*,#1328,.F.);
#1750=ORIENTED_EDGE('',*,*,#1329,.F.);
#1751=ORIENTED_EDGE('',*,*,#1330,.F.);
#1752=ORIENTED_EDGE('',*,*,#1331,.T.);
#1753=ORIENTED_EDGE('',*,*,#1320,.T.);
#1754=ORIENTED_EDGE('',*,*,#1307,.T.);
#1755=ORIENTED_EDGE('',*,*,#1318,.T.);
#1756=ORIENTED_EDGE('',*,*,#1332,.T.);
#1757=ORIENTED_EDGE('',*,*,#1333,.F.);
#1758=ORIENTED_EDGE('',*,*,#1334,.F.);
#1759=ORIENTED_EDGE('',*,*,#1335,.F.);
#1760=ORIENTED_EDGE('',*,*,#1336,.T.);
#1761=ORIENTED_EDGE('',*,*,#1319,.T.);
#1762=ORIENTED_EDGE('',*,*,#1331,.F.);
#1763=ORIENTED_EDGE('',*,*,#1337,.F.);
#1764=ORIENTED_EDGE('',*,*,#1338,.F.);
#1765=ORIENTED_EDGE('',*,*,#1339,.F.);
#1766=ORIENTED_EDGE('',*,*,#1327,.F.);
#1767=ORIENTED_EDGE('',*,*,#1313,.T.);
#1768=ORIENTED_EDGE('',*,*,#1305,.T.);
#1769=ORIENTED_EDGE('',*,*,#1329,.T.);
#1770=ORIENTED_EDGE('',*,*,#1340,.F.);
#1771=ORIENTED_EDGE('',*,*,#1341,.F.);
#1772=ORIENTED_EDGE('',*,*,#1342,.F.);
#1773=ORIENTED_EDGE('',*,*,#1338,.T.);
#1774=ORIENTED_EDGE('',*,*,#1343,.T.);
#1775=ORIENTED_EDGE('',*,*,#1344,.F.);
#1776=ORIENTED_EDGE('',*,*,#1345,.F.);
#1777=ORIENTED_EDGE('',*,*,#1346,.T.);
#1778=ORIENTED_EDGE('',*,*,#1347,.T.);
#1779=ORIENTED_EDGE('',*,*,#1334,.T.);
#1780=ORIENTED_EDGE('',*,*,#1348,.F.);
#1781=ORIENTED_EDGE('',*,*,#1349,.T.);
#1782=ORIENTED_EDGE('',*,*,#1350,.T.);
#1783=ORIENTED_EDGE('',*,*,#1351,.T.);
#1784=ORIENTED_EDGE('',*,*,#1352,.F.);
#1785=ORIENTED_EDGE('',*,*,#1321,.T.);
#1786=ORIENTED_EDGE('',*,*,#1336,.F.);
#1787=ORIENTED_EDGE('',*,*,#1353,.F.);
#1788=ORIENTED_EDGE('',*,*,#1354,.T.);
#1789=ORIENTED_EDGE('',*,*,#1355,.F.);
#1790=ORIENTED_EDGE('',*,*,#1332,.F.);
#1791=ORIENTED_EDGE('',*,*,#1317,.T.);
#1792=ORIENTED_EDGE('',*,*,#1309,.T.);
#1793=ORIENTED_EDGE('',*,*,#1356,.F.);
#1794=ORIENTED_EDGE('',*,*,#1357,.F.);
#1795=ORIENTED_EDGE('',*,*,#1354,.F.);
#1796=ORIENTED_EDGE('',*,*,#1358,.F.);
#1797=ORIENTED_EDGE('',*,*,#1356,.T.);
#1798=ORIENTED_EDGE('',*,*,#1359,.T.);
#1799=ORIENTED_EDGE('',*,*,#1360,.T.);
#1800=ORIENTED_EDGE('',*,*,#1361,.F.);
#1801=ORIENTED_EDGE('',*,*,#1362,.F.);
#1802=ORIENTED_EDGE('',*,*,#1363,.T.);
#1803=ORIENTED_EDGE('',*,*,#1364,.F.);
#1804=ORIENTED_EDGE('',*,*,#1365,.F.);
#1805=ORIENTED_EDGE('',*,*,#1366,.F.);
#1806=ORIENTED_EDGE('',*,*,#1367,.F.);
#1807=ORIENTED_EDGE('',*,*,#1368,.F.);
#1808=ORIENTED_EDGE('',*,*,#1369,.F.);
#1809=ORIENTED_EDGE('',*,*,#1370,.F.);
#1810=ORIENTED_EDGE('',*,*,#1371,.F.);
#1811=ORIENTED_EDGE('',*,*,#1372,.F.);
#1812=ORIENTED_EDGE('',*,*,#1373,.F.);
#1813=ORIENTED_EDGE('',*,*,#1374,.F.);
#1814=ORIENTED_EDGE('',*,*,#1375,.F.);
#1815=ORIENTED_EDGE('',*,*,#1376,.F.);
#1816=ORIENTED_EDGE('',*,*,#1363,.F.);
#1817=ORIENTED_EDGE('',*,*,#1377,.F.);
#1818=ORIENTED_EDGE('',*,*,#1378,.F.);
#1819=ORIENTED_EDGE('',*,*,#1379,.F.);
#1820=ORIENTED_EDGE('',*,*,#1380,.F.);
#1821=ORIENTED_EDGE('',*,*,#1381,.F.);
#1822=ORIENTED_EDGE('',*,*,#1382,.F.);
#1823=ORIENTED_EDGE('',*,*,#1383,.F.);
#1824=ORIENTED_EDGE('',*,*,#1384,.F.);
#1825=ORIENTED_EDGE('',*,*,#1385,.F.);
#1826=ORIENTED_EDGE('',*,*,#1386,.F.);
#1827=ORIENTED_EDGE('',*,*,#1387,.F.);
#1828=ORIENTED_EDGE('',*,*,#1375,.T.);
#1829=ORIENTED_EDGE('',*,*,#1388,.F.);
#1830=ORIENTED_EDGE('',*,*,#1389,.T.);
#1831=ORIENTED_EDGE('',*,*,#1390,.F.);
#1832=ORIENTED_EDGE('',*,*,#1377,.T.);
#1833=ORIENTED_EDGE('',*,*,#1374,.T.);
#1834=ORIENTED_EDGE('',*,*,#1362,.T.);
#1835=ORIENTED_EDGE('',*,*,#1391,.F.);
#1836=ORIENTED_EDGE('',*,*,#1364,.T.);
#1837=ORIENTED_EDGE('',*,*,#1376,.T.);
#1838=ORIENTED_EDGE('',*,*,#1387,.T.);
#1839=ORIENTED_EDGE('',*,*,#1392,.F.);
#1840=ORIENTED_EDGE('',*,*,#1389,.F.);
#1841=ORIENTED_EDGE('',*,*,#1373,.T.);
#1842=ORIENTED_EDGE('',*,*,#1393,.F.);
#1843=ORIENTED_EDGE('',*,*,#1365,.T.);
#1844=ORIENTED_EDGE('',*,*,#1391,.T.);
#1845=ORIENTED_EDGE('',*,*,#1378,.T.);
#1846=ORIENTED_EDGE('',*,*,#1390,.T.);
#1847=ORIENTED_EDGE('',*,*,#1392,.T.);
#1848=ORIENTED_EDGE('',*,*,#1386,.T.);
#1849=ORIENTED_EDGE('',*,*,#1394,.F.);
#1850=ORIENTED_EDGE('',*,*,#1372,.T.);
#1851=ORIENTED_EDGE('',*,*,#1395,.F.);
#1852=ORIENTED_EDGE('',*,*,#1366,.T.);
#1853=ORIENTED_EDGE('',*,*,#1393,.T.);
#1854=ORIENTED_EDGE('',*,*,#1379,.T.);
#1855=ORIENTED_EDGE('',*,*,#1394,.T.);
#1856=ORIENTED_EDGE('',*,*,#1385,.T.);
#1857=ORIENTED_EDGE('',*,*,#1396,.F.);
#1858=ORIENTED_EDGE('',*,*,#1371,.T.);
#1859=ORIENTED_EDGE('',*,*,#1397,.F.);
#1860=ORIENTED_EDGE('',*,*,#1367,.T.);
#1861=ORIENTED_EDGE('',*,*,#1395,.T.);
#1862=ORIENTED_EDGE('',*,*,#1380,.T.);
#1863=ORIENTED_EDGE('',*,*,#1396,.T.);
#1864=ORIENTED_EDGE('',*,*,#1384,.T.);
#1865=ORIENTED_EDGE('',*,*,#1398,.F.);
#1866=ORIENTED_EDGE('',*,*,#1369,.T.);
#1867=ORIENTED_EDGE('',*,*,#1399,.T.);
#1868=ORIENTED_EDGE('',*,*,#1370,.T.);
#1869=ORIENTED_EDGE('',*,*,#1399,.F.);
#1870=ORIENTED_EDGE('',*,*,#1368,.T.);
#1871=ORIENTED_EDGE('',*,*,#1397,.T.);
#1872=ORIENTED_EDGE('',*,*,#1381,.T.);
#1873=ORIENTED_EDGE('',*,*,#1398,.T.);
#1874=ORIENTED_EDGE('',*,*,#1383,.T.);
#1875=ORIENTED_EDGE('',*,*,#1400,.F.);
#1876=ORIENTED_EDGE('',*,*,#1382,.T.);
#1877=ORIENTED_EDGE('',*,*,#1400,.T.);
#1878=ORIENTED_EDGE('',*,*,#1401,.F.);
#1879=ORIENTED_EDGE('',*,*,#1402,.T.);
#1880=ORIENTED_EDGE('',*,*,#1403,.F.);
#1881=ORIENTED_EDGE('',*,*,#1404,.F.);
#1882=ORIENTED_EDGE('',*,*,#1405,.F.);
#1883=ORIENTED_EDGE('',*,*,#1406,.F.);
#1884=ORIENTED_EDGE('',*,*,#1407,.F.);
#1885=ORIENTED_EDGE('',*,*,#1408,.F.);
#1886=ORIENTED_EDGE('',*,*,#1409,.F.);
#1887=ORIENTED_EDGE('',*,*,#1410,.F.);
#1888=ORIENTED_EDGE('',*,*,#1411,.F.);
#1889=ORIENTED_EDGE('',*,*,#1412,.F.);
#1890=ORIENTED_EDGE('',*,*,#1413,.F.);
#1891=ORIENTED_EDGE('',*,*,#1414,.F.);
#1892=ORIENTED_EDGE('',*,*,#1415,.F.);
#1893=ORIENTED_EDGE('',*,*,#1402,.F.);
#1894=ORIENTED_EDGE('',*,*,#1416,.F.);
#1895=ORIENTED_EDGE('',*,*,#1417,.F.);
#1896=ORIENTED_EDGE('',*,*,#1418,.F.);
#1897=ORIENTED_EDGE('',*,*,#1419,.F.);
#1898=ORIENTED_EDGE('',*,*,#1420,.F.);
#1899=ORIENTED_EDGE('',*,*,#1421,.F.);
#1900=ORIENTED_EDGE('',*,*,#1422,.F.);
#1901=ORIENTED_EDGE('',*,*,#1423,.F.);
#1902=ORIENTED_EDGE('',*,*,#1424,.F.);
#1903=ORIENTED_EDGE('',*,*,#1425,.F.);
#1904=ORIENTED_EDGE('',*,*,#1426,.F.);
#1905=ORIENTED_EDGE('',*,*,#1414,.T.);
#1906=ORIENTED_EDGE('',*,*,#1427,.F.);
#1907=ORIENTED_EDGE('',*,*,#1428,.T.);
#1908=ORIENTED_EDGE('',*,*,#1429,.F.);
#1909=ORIENTED_EDGE('',*,*,#1416,.T.);
#1910=ORIENTED_EDGE('',*,*,#1413,.T.);
#1911=ORIENTED_EDGE('',*,*,#1401,.T.);
#1912=ORIENTED_EDGE('',*,*,#1430,.F.);
#1913=ORIENTED_EDGE('',*,*,#1403,.T.);
#1914=ORIENTED_EDGE('',*,*,#1415,.T.);
#1915=ORIENTED_EDGE('',*,*,#1426,.T.);
#1916=ORIENTED_EDGE('',*,*,#1431,.F.);
#1917=ORIENTED_EDGE('',*,*,#1428,.F.);
#1918=ORIENTED_EDGE('',*,*,#1412,.T.);
#1919=ORIENTED_EDGE('',*,*,#1432,.F.);
#1920=ORIENTED_EDGE('',*,*,#1404,.T.);
#1921=ORIENTED_EDGE('',*,*,#1430,.T.);
#1922=ORIENTED_EDGE('',*,*,#1417,.T.);
#1923=ORIENTED_EDGE('',*,*,#1429,.T.);
#1924=ORIENTED_EDGE('',*,*,#1431,.T.);
#1925=ORIENTED_EDGE('',*,*,#1425,.T.);
#1926=ORIENTED_EDGE('',*,*,#1433,.F.);
#1927=ORIENTED_EDGE('',*,*,#1411,.T.);
#1928=ORIENTED_EDGE('',*,*,#1434,.F.);
#1929=ORIENTED_EDGE('',*,*,#1405,.T.);
#1930=ORIENTED_EDGE('',*,*,#1432,.T.);
#1931=ORIENTED_EDGE('',*,*,#1418,.T.);
#1932=ORIENTED_EDGE('',*,*,#1433,.T.);
#1933=ORIENTED_EDGE('',*,*,#1424,.T.);
#1934=ORIENTED_EDGE('',*,*,#1435,.F.);
#1935=ORIENTED_EDGE('',*,*,#1410,.T.);
#1936=ORIENTED_EDGE('',*,*,#1436,.F.);
#1937=ORIENTED_EDGE('',*,*,#1406,.T.);
#1938=ORIENTED_EDGE('',*,*,#1434,.T.);
#1939=ORIENTED_EDGE('',*,*,#1419,.T.);
#1940=ORIENTED_EDGE('',*,*,#1435,.T.);
#1941=ORIENTED_EDGE('',*,*,#1423,.T.);
#1942=ORIENTED_EDGE('',*,*,#1437,.F.);
#1943=ORIENTED_EDGE('',*,*,#1408,.T.);
#1944=ORIENTED_EDGE('',*,*,#1438,.T.);
#1945=ORIENTED_EDGE('',*,*,#1409,.T.);
#1946=ORIENTED_EDGE('',*,*,#1438,.F.);
#1947=ORIENTED_EDGE('',*,*,#1407,.T.);
#1948=ORIENTED_EDGE('',*,*,#1436,.T.);
#1949=ORIENTED_EDGE('',*,*,#1420,.T.);
#1950=ORIENTED_EDGE('',*,*,#1437,.T.);
#1951=ORIENTED_EDGE('',*,*,#1422,.T.);
#1952=ORIENTED_EDGE('',*,*,#1439,.F.);
#1953=ORIENTED_EDGE('',*,*,#1421,.T.);
#1954=ORIENTED_EDGE('',*,*,#1439,.T.);
#1955=ORIENTED_EDGE('',*,*,#1440,.F.);
#1956=ORIENTED_EDGE('',*,*,#1441,.T.);
#1957=ORIENTED_EDGE('',*,*,#1442,.T.);
#1958=ORIENTED_EDGE('',*,*,#1441,.F.);
#1959=ORIENTED_EDGE('',*,*,#1440,.T.);
#1960=ORIENTED_EDGE('',*,*,#1443,.F.);
#1961=ORIENTED_EDGE('',*,*,#1444,.F.);
#1962=ORIENTED_EDGE('',*,*,#1445,.F.);
#1963=ORIENTED_EDGE('',*,*,#1446,.T.);
#1964=ORIENTED_EDGE('',*,*,#1442,.F.);
#1965=ORIENTED_EDGE('',*,*,#1446,.F.);
#1966=ORIENTED_EDGE('',*,*,#1447,.T.);
#1967=ORIENTED_EDGE('',*,*,#1444,.T.);
#1968=ORIENTED_EDGE('',*,*,#1448,.F.);
#1969=ORIENTED_EDGE('',*,*,#1449,.T.);
#1970=ORIENTED_EDGE('',*,*,#1450,.T.);
#1971=ORIENTED_EDGE('',*,*,#1449,.F.);
#1972=ORIENTED_EDGE('',*,*,#1448,.T.);
#1973=ORIENTED_EDGE('',*,*,#1451,.F.);
#1974=ORIENTED_EDGE('',*,*,#1452,.F.);
#1975=ORIENTED_EDGE('',*,*,#1453,.F.);
#1976=ORIENTED_EDGE('',*,*,#1454,.T.);
#1977=ORIENTED_EDGE('',*,*,#1450,.F.);
#1978=ORIENTED_EDGE('',*,*,#1454,.F.);
#1979=ORIENTED_EDGE('',*,*,#1455,.T.);
#1980=ORIENTED_EDGE('',*,*,#1452,.T.);
#1981=ORIENTED_EDGE('',*,*,#1456,.F.);
#1982=ORIENTED_EDGE('',*,*,#1457,.T.);
#1983=ORIENTED_EDGE('',*,*,#1458,.T.);
#1984=ORIENTED_EDGE('',*,*,#1457,.F.);
#1985=ORIENTED_EDGE('',*,*,#1458,.F.);
#1986=ORIENTED_EDGE('',*,*,#1388,.T.);
#1987=ORIENTED_EDGE('',*,*,#1459,.F.);
#1988=ORIENTED_EDGE('',*,*,#1460,.T.);
#1989=ORIENTED_EDGE('',*,*,#1461,.T.);
#1990=ORIENTED_EDGE('',*,*,#1460,.F.);
#1991=ORIENTED_EDGE('',*,*,#1461,.F.);
#1992=ORIENTED_EDGE('',*,*,#1427,.T.);
#1993=ORIENTED_EDGE('',*,*,#1462,.F.);
#1994=ORIENTED_EDGE('',*,*,#1463,.T.);
#1995=ORIENTED_EDGE('',*,*,#1464,.F.);
#1996=ORIENTED_EDGE('',*,*,#1463,.F.);
#1997=ORIENTED_EDGE('',*,*,#1465,.T.);
#1998=ORIENTED_EDGE('',*,*,#1466,.T.);
#1999=ORIENTED_EDGE('',*,*,#1467,.F.);
#2000=ORIENTED_EDGE('',*,*,#1466,.F.);
#2001=ORIENTED_EDGE('',*,*,#1465,.F.);
#2002=ORIENTED_EDGE('',*,*,#1464,.T.);
#2003=ORIENTED_EDGE('',*,*,#1468,.T.);
#2004=ORIENTED_EDGE('',*,*,#1469,.T.);
#2005=ORIENTED_EDGE('',*,*,#1470,.F.);
#2006=ORIENTED_EDGE('',*,*,#1469,.F.);
#2007=ORIENTED_EDGE('',*,*,#1468,.F.);
#2008=ORIENTED_EDGE('',*,*,#1467,.T.);
#2009=ORIENTED_EDGE('',*,*,#1471,.F.);
#2010=ORIENTED_EDGE('',*,*,#1472,.T.);
#2011=ORIENTED_EDGE('',*,*,#1473,.F.);
#2012=ORIENTED_EDGE('',*,*,#1472,.F.);
#2013=ORIENTED_EDGE('',*,*,#1474,.T.);
#2014=ORIENTED_EDGE('',*,*,#1475,.T.);
#2015=ORIENTED_EDGE('',*,*,#1476,.F.);
#2016=ORIENTED_EDGE('',*,*,#1475,.F.);
#2017=ORIENTED_EDGE('',*,*,#1474,.F.);
#2018=ORIENTED_EDGE('',*,*,#1473,.T.);
#2019=ORIENTED_EDGE('',*,*,#1477,.T.);
#2020=ORIENTED_EDGE('',*,*,#1478,.T.);
#2021=ORIENTED_EDGE('',*,*,#1479,.F.);
#2022=ORIENTED_EDGE('',*,*,#1478,.F.);
#2023=ORIENTED_EDGE('',*,*,#1477,.F.);
#2024=ORIENTED_EDGE('',*,*,#1476,.T.);
#2025=ORIENTED_EDGE('',*,*,#1351,.F.);
#2026=ORIENTED_EDGE('',*,*,#1480,.T.);
#2027=ORIENTED_EDGE('',*,*,#1481,.F.);
#2028=ORIENTED_EDGE('',*,*,#1482,.F.);
#2029=ORIENTED_EDGE('',*,*,#1350,.F.);
#2030=ORIENTED_EDGE('',*,*,#1483,.F.);
#2031=ORIENTED_EDGE('',*,*,#1484,.F.);
#2032=ORIENTED_EDGE('',*,*,#1480,.F.);
#2033=ORIENTED_EDGE('',*,*,#1349,.F.);
#2034=ORIENTED_EDGE('',*,*,#1485,.F.);
#2035=ORIENTED_EDGE('',*,*,#1486,.F.);
#2036=ORIENTED_EDGE('',*,*,#1483,.T.);
#2037=ORIENTED_EDGE('',*,*,#1341,.T.);
#2038=ORIENTED_EDGE('',*,*,#1487,.F.);
#2039=ORIENTED_EDGE('',*,*,#1488,.F.);
#2040=ORIENTED_EDGE('',*,*,#1489,.T.);
#2041=ORIENTED_EDGE('',*,*,#1482,.T.);
#2042=ORIENTED_EDGE('',*,*,#1490,.T.);
#2043=ORIENTED_EDGE('',*,*,#1491,.T.);
#2044=ORIENTED_EDGE('',*,*,#1492,.T.);
#2045=ORIENTED_EDGE('',*,*,#1493,.T.);
#2046=ORIENTED_EDGE('',*,*,#1494,.T.);
#2047=ORIENTED_EDGE('',*,*,#1495,.T.);
#2048=ORIENTED_EDGE('',*,*,#1496,.T.);
#2049=ORIENTED_EDGE('',*,*,#1497,.T.);
#2050=ORIENTED_EDGE('',*,*,#1487,.T.);
#2051=ORIENTED_EDGE('',*,*,#1340,.T.);
#2052=ORIENTED_EDGE('',*,*,#1328,.T.);
#2053=ORIENTED_EDGE('',*,*,#1339,.T.);
#2054=ORIENTED_EDGE('',*,*,#1352,.T.);
#2055=ORIENTED_EDGE('',*,*,#1498,.F.);
#2056=ORIENTED_EDGE('',*,*,#1499,.T.);
#2057=ORIENTED_EDGE('',*,*,#1500,.F.);
#2058=ORIENTED_EDGE('',*,*,#1501,.F.);
#2059=ORIENTED_EDGE('',*,*,#1502,.F.);
#2060=ORIENTED_EDGE('',*,*,#1503,.F.);
#2061=ORIENTED_EDGE('',*,*,#1504,.F.);
#2062=ORIENTED_EDGE('',*,*,#1499,.F.);
#2063=ORIENTED_EDGE('',*,*,#1505,.F.);
#2064=ORIENTED_EDGE('',*,*,#1495,.F.);
#2065=ORIENTED_EDGE('',*,*,#1506,.F.);
#2066=ORIENTED_EDGE('',*,*,#1503,.T.);
#2067=ORIENTED_EDGE('',*,*,#1505,.T.);
#2068=ORIENTED_EDGE('',*,*,#1502,.T.);
#2069=ORIENTED_EDGE('',*,*,#1498,.T.);
#2070=ORIENTED_EDGE('',*,*,#1507,.F.);
#2071=ORIENTED_EDGE('',*,*,#1508,.F.);
#2072=ORIENTED_EDGE('',*,*,#1509,.T.);
#2073=ORIENTED_EDGE('',*,*,#1510,.F.);
#2074=ORIENTED_EDGE('',*,*,#1511,.F.);
#2075=ORIENTED_EDGE('',*,*,#1512,.T.);
#2076=ORIENTED_EDGE('',*,*,#1513,.T.);
#2077=ORIENTED_EDGE('',*,*,#1514,.T.);
#2078=ORIENTED_EDGE('',*,*,#1496,.F.);
#2079=ORIENTED_EDGE('',*,*,#1515,.F.);
#2080=ORIENTED_EDGE('',*,*,#1346,.F.);
#2081=ORIENTED_EDGE('',*,*,#1516,.F.);
#2082=ORIENTED_EDGE('',*,*,#1517,.F.);
#2083=ORIENTED_EDGE('',*,*,#1518,.F.);
#2084=ORIENTED_EDGE('',*,*,#1519,.F.);
#2085=ORIENTED_EDGE('',*,*,#1520,.F.);
#2086=ORIENTED_EDGE('',*,*,#1344,.T.);
#2087=ORIENTED_EDGE('',*,*,#1342,.T.);
#2088=ORIENTED_EDGE('',*,*,#1489,.F.);
#2089=ORIENTED_EDGE('',*,*,#1521,.F.);
#2090=ORIENTED_EDGE('',*,*,#1513,.F.);
#2091=ORIENTED_EDGE('',*,*,#1522,.T.);
#2092=ORIENTED_EDGE('',*,*,#1523,.T.);
#2093=ORIENTED_EDGE('',*,*,#1524,.T.);
#2094=ORIENTED_EDGE('',*,*,#1525,.T.);
#2095=ORIENTED_EDGE('',*,*,#1443,.T.);
#2096=ORIENTED_EDGE('',*,*,#1445,.T.);
#2097=ORIENTED_EDGE('',*,*,#1526,.T.);
#2098=ORIENTED_EDGE('',*,*,#1518,.T.);
#2099=ORIENTED_EDGE('',*,*,#1343,.F.);
#2100=ORIENTED_EDGE('',*,*,#1337,.T.);
#2101=ORIENTED_EDGE('',*,*,#1330,.T.);
#2102=ORIENTED_EDGE('',*,*,#1456,.T.);
#2103=ORIENTED_EDGE('',*,*,#1335,.T.);
#2104=ORIENTED_EDGE('',*,*,#1347,.F.);
#2105=ORIENTED_EDGE('',*,*,#1515,.T.);
#2106=ORIENTED_EDGE('',*,*,#1527,.T.);
#2107=ORIENTED_EDGE('',*,*,#1451,.T.);
#2108=ORIENTED_EDGE('',*,*,#1453,.T.);
#2109=ORIENTED_EDGE('',*,*,#1528,.T.);
#2110=ORIENTED_EDGE('',*,*,#1529,.T.);
#2111=ORIENTED_EDGE('',*,*,#1530,.T.);
#2112=ORIENTED_EDGE('',*,*,#1531,.T.);
#2113=ORIENTED_EDGE('',*,*,#1509,.F.);
#2114=ORIENTED_EDGE('',*,*,#1532,.F.);
#2115=ORIENTED_EDGE('',*,*,#1359,.F.);
#2116=ORIENTED_EDGE('',*,*,#1358,.T.);
#2117=ORIENTED_EDGE('',*,*,#1353,.T.);
#2118=ORIENTED_EDGE('',*,*,#1459,.T.);
#2119=ORIENTED_EDGE('',*,*,#1519,.T.);
#2120=ORIENTED_EDGE('',*,*,#1526,.F.);
#2121=ORIENTED_EDGE('',*,*,#1447,.F.);
#2122=ORIENTED_EDGE('',*,*,#1525,.F.);
#2123=ORIENTED_EDGE('',*,*,#1533,.F.);
#2124=ORIENTED_EDGE('',*,*,#1534,.F.);
#2125=ORIENTED_EDGE('',*,*,#1517,.T.);
#2126=ORIENTED_EDGE('',*,*,#1535,.F.);
#2127=ORIENTED_EDGE('',*,*,#1536,.T.);
#2128=ORIENTED_EDGE('',*,*,#1528,.F.);
#2129=ORIENTED_EDGE('',*,*,#1455,.F.);
#2130=ORIENTED_EDGE('',*,*,#1527,.F.);
#2131=ORIENTED_EDGE('',*,*,#1537,.T.);
#2132=ORIENTED_EDGE('',*,*,#1538,.T.);
#2133=ORIENTED_EDGE('',*,*,#1539,.T.);
#2134=ORIENTED_EDGE('',*,*,#1540,.T.);
#2135=ORIENTED_EDGE('',*,*,#1541,.T.);
#2136=ORIENTED_EDGE('',*,*,#1542,.T.);
#2137=ORIENTED_EDGE('',*,*,#1543,.T.);
#2138=ORIENTED_EDGE('',*,*,#1544,.T.);
#2139=ORIENTED_EDGE('',*,*,#1545,.T.);
#2140=ORIENTED_EDGE('',*,*,#1546,.T.);
#2141=ORIENTED_EDGE('',*,*,#1547,.T.);
#2142=ORIENTED_EDGE('',*,*,#1548,.T.);
#2143=ORIENTED_EDGE('',*,*,#1549,.T.);
#2144=ORIENTED_EDGE('',*,*,#1550,.T.);
#2145=ORIENTED_EDGE('',*,*,#1551,.T.);
#2146=ORIENTED_EDGE('',*,*,#1552,.T.);
#2147=ORIENTED_EDGE('',*,*,#1553,.T.);
#2148=ORIENTED_EDGE('',*,*,#1554,.T.);
#2149=ORIENTED_EDGE('',*,*,#1555,.T.);
#2150=ORIENTED_EDGE('',*,*,#1556,.T.);
#2151=ORIENTED_EDGE('',*,*,#1557,.T.);
#2152=ORIENTED_EDGE('',*,*,#1558,.T.);
#2153=ORIENTED_EDGE('',*,*,#1559,.T.);
#2154=ORIENTED_EDGE('',*,*,#1560,.T.);
#2155=ORIENTED_EDGE('',*,*,#1561,.T.);
#2156=ORIENTED_EDGE('',*,*,#1562,.T.);
#2157=ORIENTED_EDGE('',*,*,#1563,.T.);
#2158=ORIENTED_EDGE('',*,*,#1470,.T.);
#2159=ORIENTED_EDGE('',*,*,#1479,.T.);
#2160=ORIENTED_EDGE('',*,*,#1516,.T.);
#2161=ORIENTED_EDGE('',*,*,#1345,.T.);
#2162=ORIENTED_EDGE('',*,*,#1520,.T.);
#2163=ORIENTED_EDGE('',*,*,#1534,.T.);
#2164=ORIENTED_EDGE('',*,*,#1564,.T.);
#2165=ORIENTED_EDGE('',*,*,#1565,.T.);
#2166=ORIENTED_EDGE('',*,*,#1566,.T.);
#2167=ORIENTED_EDGE('',*,*,#1511,.T.);
#2168=ORIENTED_EDGE('',*,*,#1567,.T.);
#2169=ORIENTED_EDGE('',*,*,#1568,.T.);
#2170=ORIENTED_EDGE('',*,*,#1569,.T.);
#2171=ORIENTED_EDGE('',*,*,#1535,.T.);
#2172=ORIENTED_EDGE('',*,*,#1522,.F.);
#2173=ORIENTED_EDGE('',*,*,#1512,.F.);
#2174=ORIENTED_EDGE('',*,*,#1566,.F.);
#2175=ORIENTED_EDGE('',*,*,#1570,.F.);
#2176=ORIENTED_EDGE('',*,*,#1531,.F.);
#2177=ORIENTED_EDGE('',*,*,#1571,.F.);
#2178=ORIENTED_EDGE('',*,*,#1567,.F.);
#2179=ORIENTED_EDGE('',*,*,#1510,.T.);
#2180=ORIENTED_EDGE('',*,*,#1571,.T.);
#2181=ORIENTED_EDGE('',*,*,#1530,.F.);
#2182=ORIENTED_EDGE('',*,*,#1572,.F.);
#2183=ORIENTED_EDGE('',*,*,#1568,.F.);
#2184=ORIENTED_EDGE('',*,*,#1529,.F.);
#2185=ORIENTED_EDGE('',*,*,#1536,.F.);
#2186=ORIENTED_EDGE('',*,*,#1569,.F.);
#2187=ORIENTED_EDGE('',*,*,#1572,.T.);
#2188=ORIENTED_EDGE('',*,*,#1570,.T.);
#2189=ORIENTED_EDGE('',*,*,#1565,.F.);
#2190=ORIENTED_EDGE('',*,*,#1573,.T.);
#2191=ORIENTED_EDGE('',*,*,#1523,.F.);
#2192=ORIENTED_EDGE('',*,*,#1524,.F.);
#2193=ORIENTED_EDGE('',*,*,#1573,.F.);
#2194=ORIENTED_EDGE('',*,*,#1564,.F.);
#2195=ORIENTED_EDGE('',*,*,#1533,.T.);
#2196=ORIENTED_EDGE('',*,*,#1574,.F.);
#2197=ORIENTED_EDGE('',*,*,#1360,.F.);
#2198=ORIENTED_EDGE('',*,*,#1532,.T.);
#2199=ORIENTED_EDGE('',*,*,#1508,.T.);
#2200=ORIENTED_EDGE('',*,*,#1497,.F.);
#2201=ORIENTED_EDGE('',*,*,#1514,.F.);
#2202=ORIENTED_EDGE('',*,*,#1521,.T.);
#2203=ORIENTED_EDGE('',*,*,#1488,.T.);
#2204=ORIENTED_EDGE('',*,*,#1575,.T.);
#2205=ORIENTED_EDGE('',*,*,#1462,.T.);
#2206=ORIENTED_EDGE('',*,*,#1576,.T.);
#2207=ORIENTED_EDGE('',*,*,#1577,.T.);
#2208=ORIENTED_EDGE('',*,*,#1578,.T.);
#2209=ORIENTED_EDGE('',*,*,#1579,.T.);
#2210=ORIENTED_EDGE('',*,*,#1580,.F.);
#2211=ORIENTED_EDGE('',*,*,#1581,.T.);
#2212=ORIENTED_EDGE('',*,*,#1582,.T.);
#2213=ORIENTED_EDGE('',*,*,#1583,.T.);
#2214=ORIENTED_EDGE('',*,*,#1471,.T.);
#2215=ORIENTED_EDGE('',*,*,#1584,.F.);
#2216=ORIENTED_EDGE('',*,*,#1585,.F.);
#2217=ORIENTED_EDGE('',*,*,#1558,.F.);
#2218=ORIENTED_EDGE('',*,*,#1586,.T.);
#2219=ORIENTED_EDGE('',*,*,#1506,.T.);
#2220=ORIENTED_EDGE('',*,*,#1494,.F.);
#2221=ORIENTED_EDGE('',*,*,#1587,.F.);
#2222=ORIENTED_EDGE('',*,*,#1588,.T.);
#2223=ORIENTED_EDGE('',*,*,#1589,.T.);
#2224=ORIENTED_EDGE('',*,*,#1590,.F.);
#2225=ORIENTED_EDGE('',*,*,#1500,.T.);
#2226=ORIENTED_EDGE('',*,*,#1504,.T.);
#2227=ORIENTED_EDGE('',*,*,#1588,.F.);
#2228=ORIENTED_EDGE('',*,*,#1584,.T.);
#2229=ORIENTED_EDGE('',*,*,#1591,.T.);
#2230=ORIENTED_EDGE('',*,*,#1592,.T.);
#2231=ORIENTED_EDGE('',*,*,#1593,.T.);
#2232=ORIENTED_EDGE('',*,*,#1594,.T.);
#2233=ORIENTED_EDGE('',*,*,#1595,.T.);
#2234=ORIENTED_EDGE('',*,*,#1596,.T.);
#2235=ORIENTED_EDGE('',*,*,#1272,.T.);
#2236=ORIENTED_EDGE('',*,*,#1279,.T.);
#2237=ORIENTED_EDGE('',*,*,#1263,.T.);
#2238=ORIENTED_EDGE('',*,*,#1266,.T.);
#2239=ORIENTED_EDGE('',*,*,#1275,.T.);
#2240=ORIENTED_EDGE('',*,*,#1280,.T.);
#2241=ORIENTED_EDGE('',*,*,#1276,.T.);
#2242=ORIENTED_EDGE('',*,*,#1269,.T.);
#2243=ORIENTED_EDGE('',*,*,#1296,.T.);
#2244=ORIENTED_EDGE('',*,*,#1303,.T.);
#2245=ORIENTED_EDGE('',*,*,#1287,.T.);
#2246=ORIENTED_EDGE('',*,*,#1290,.T.);
#2247=ORIENTED_EDGE('',*,*,#1299,.T.);
#2248=ORIENTED_EDGE('',*,*,#1304,.T.);
#2249=ORIENTED_EDGE('',*,*,#1300,.T.);
#2250=ORIENTED_EDGE('',*,*,#1293,.T.);
#2251=ORIENTED_EDGE('',*,*,#1586,.F.);
#2252=ORIENTED_EDGE('',*,*,#1557,.F.);
#2253=ORIENTED_EDGE('',*,*,#1597,.T.);
#2254=ORIENTED_EDGE('',*,*,#1591,.F.);
#2255=ORIENTED_EDGE('',*,*,#1596,.F.);
#2256=ORIENTED_EDGE('',*,*,#1598,.F.);
#2257=ORIENTED_EDGE('',*,*,#1552,.F.);
#2258=ORIENTED_EDGE('',*,*,#1599,.T.);
#2259=ORIENTED_EDGE('',*,*,#1598,.T.);
#2260=ORIENTED_EDGE('',*,*,#1595,.F.);
#2261=ORIENTED_EDGE('',*,*,#1600,.F.);
#2262=ORIENTED_EDGE('',*,*,#1553,.F.);
#2263=ORIENTED_EDGE('',*,*,#1601,.T.);
#2264=ORIENTED_EDGE('',*,*,#1592,.F.);
#2265=ORIENTED_EDGE('',*,*,#1597,.F.);
#2266=ORIENTED_EDGE('',*,*,#1556,.F.);
#2267=ORIENTED_EDGE('',*,*,#1602,.F.);
#2268=ORIENTED_EDGE('',*,*,#1554,.F.);
#2269=ORIENTED_EDGE('',*,*,#1600,.T.);
#2270=ORIENTED_EDGE('',*,*,#1594,.F.);
#2271=ORIENTED_EDGE('',*,*,#1602,.T.);
#2272=ORIENTED_EDGE('',*,*,#1593,.F.);
#2273=ORIENTED_EDGE('',*,*,#1601,.F.);
#2274=ORIENTED_EDGE('',*,*,#1555,.F.);
#2275=ORIENTED_EDGE('',*,*,#1581,.F.);
#2276=ORIENTED_EDGE('',*,*,#1603,.F.);
#2277=ORIENTED_EDGE('',*,*,#1538,.F.);
#2278=ORIENTED_EDGE('',*,*,#1604,.T.);
#2279=ORIENTED_EDGE('',*,*,#1604,.F.);
#2280=ORIENTED_EDGE('',*,*,#1537,.F.);
#2281=ORIENTED_EDGE('',*,*,#1605,.T.);
#2282=ORIENTED_EDGE('',*,*,#1582,.F.);
#2283=ORIENTED_EDGE('',*,*,#1579,.F.);
#2284=ORIENTED_EDGE('',*,*,#1606,.F.);
#2285=ORIENTED_EDGE('',*,*,#1561,.F.);
#2286=ORIENTED_EDGE('',*,*,#1607,.T.);
#2287=ORIENTED_EDGE('',*,*,#1580,.T.);
#2288=ORIENTED_EDGE('',*,*,#1607,.F.);
#2289=ORIENTED_EDGE('',*,*,#1560,.F.);
#2290=ORIENTED_EDGE('',*,*,#1608,.T.);
#2291=ORIENTED_EDGE('',*,*,#1492,.F.);
#2292=ORIENTED_EDGE('',*,*,#1609,.F.);
#2293=ORIENTED_EDGE('',*,*,#1539,.F.);
#2294=ORIENTED_EDGE('',*,*,#1603,.T.);
#2295=ORIENTED_EDGE('',*,*,#1610,.F.);
#2296=ORIENTED_EDGE('',*,*,#1611,.F.);
#2297=ORIENTED_EDGE('',*,*,#1544,.F.);
#2298=ORIENTED_EDGE('',*,*,#1612,.T.);
#2299=ORIENTED_EDGE('',*,*,#1613,.T.);
#2300=ORIENTED_EDGE('',*,*,#1612,.F.);
#2301=ORIENTED_EDGE('',*,*,#1543,.F.);
#2302=ORIENTED_EDGE('',*,*,#1614,.T.);
#2303=ORIENTED_EDGE('',*,*,#1615,.F.);
#2304=ORIENTED_EDGE('',*,*,#1616,.F.);
#2305=ORIENTED_EDGE('',*,*,#1550,.F.);
#2306=ORIENTED_EDGE('',*,*,#1617,.T.);
#2307=ORIENTED_EDGE('',*,*,#1618,.F.);
#2308=ORIENTED_EDGE('',*,*,#1617,.F.);
#2309=ORIENTED_EDGE('',*,*,#1549,.F.);
#2310=ORIENTED_EDGE('',*,*,#1619,.T.);
#2311=ORIENTED_EDGE('',*,*,#1620,.T.);
#2312=ORIENTED_EDGE('',*,*,#1621,.T.);
#2313=ORIENTED_EDGE('',*,*,#1610,.T.);
#2314=ORIENTED_EDGE('',*,*,#1613,.F.);
#2315=ORIENTED_EDGE('',*,*,#1618,.T.);
#2316=ORIENTED_EDGE('',*,*,#1622,.T.);
#2317=ORIENTED_EDGE('',*,*,#1619,.F.);
#2318=ORIENTED_EDGE('',*,*,#1548,.F.);
#2319=ORIENTED_EDGE('',*,*,#1623,.T.);
#2320=ORIENTED_EDGE('',*,*,#1622,.F.);
#2321=ORIENTED_EDGE('',*,*,#1606,.T.);
#2322=ORIENTED_EDGE('',*,*,#1578,.F.);
#2323=ORIENTED_EDGE('',*,*,#1624,.F.);
#2324=ORIENTED_EDGE('',*,*,#1562,.F.);
#2325=ORIENTED_EDGE('',*,*,#1624,.T.);
#2326=ORIENTED_EDGE('',*,*,#1577,.F.);
#2327=ORIENTED_EDGE('',*,*,#1625,.T.);
#2328=ORIENTED_EDGE('',*,*,#1575,.F.);
#2329=ORIENTED_EDGE('',*,*,#1625,.F.);
#2330=ORIENTED_EDGE('',*,*,#1576,.F.);
#2331=ORIENTED_EDGE('',*,*,#1605,.F.);
#2332=ORIENTED_EDGE('',*,*,#1563,.F.);
#2333=ORIENTED_EDGE('',*,*,#1626,.T.);
#2334=ORIENTED_EDGE('',*,*,#1620,.F.);
#2335=ORIENTED_EDGE('',*,*,#1623,.F.);
#2336=ORIENTED_EDGE('',*,*,#1547,.F.);
#2337=ORIENTED_EDGE('',*,*,#1627,.T.);
#2338=ORIENTED_EDGE('',*,*,#1583,.F.);
#2339=ORIENTED_EDGE('',*,*,#1627,.F.);
#2340=ORIENTED_EDGE('',*,*,#1546,.F.);
#2341=ORIENTED_EDGE('',*,*,#1611,.T.);
#2342=ORIENTED_EDGE('',*,*,#1621,.F.);
#2343=ORIENTED_EDGE('',*,*,#1626,.F.);
#2344=ORIENTED_EDGE('',*,*,#1545,.F.);
#2345=ORIENTED_EDGE('',*,*,#1609,.T.);
#2346=ORIENTED_EDGE('',*,*,#1491,.F.);
#2347=ORIENTED_EDGE('',*,*,#1628,.F.);
#2348=ORIENTED_EDGE('',*,*,#1540,.F.);
#2349=ORIENTED_EDGE('',*,*,#1585,.T.);
#2350=ORIENTED_EDGE('',*,*,#1587,.T.);
#2351=ORIENTED_EDGE('',*,*,#1493,.F.);
#2352=ORIENTED_EDGE('',*,*,#1608,.F.);
#2353=ORIENTED_EDGE('',*,*,#1559,.F.);
#2354=ORIENTED_EDGE('',*,*,#1614,.F.);
#2355=ORIENTED_EDGE('',*,*,#1542,.F.);
#2356=ORIENTED_EDGE('',*,*,#1629,.T.);
#2357=ORIENTED_EDGE('',*,*,#1630,.F.);
#2358=ORIENTED_EDGE('',*,*,#1485,.T.);
#2359=ORIENTED_EDGE('',*,*,#1348,.T.);
#2360=ORIENTED_EDGE('',*,*,#1333,.T.);
#2361=ORIENTED_EDGE('',*,*,#1355,.T.);
#2362=ORIENTED_EDGE('',*,*,#1357,.T.);
#2363=ORIENTED_EDGE('',*,*,#1361,.T.);
#2364=ORIENTED_EDGE('',*,*,#1574,.T.);
#2365=ORIENTED_EDGE('',*,*,#1507,.T.);
#2366=ORIENTED_EDGE('',*,*,#1501,.T.);
#2367=ORIENTED_EDGE('',*,*,#1590,.T.);
#2368=ORIENTED_EDGE('',*,*,#1631,.T.);
#2369=ORIENTED_EDGE('',*,*,#1615,.T.);
#2370=ORIENTED_EDGE('',*,*,#1630,.T.);
#2371=ORIENTED_EDGE('',*,*,#1632,.T.);
#2372=ORIENTED_EDGE('',*,*,#1599,.F.);
#2373=ORIENTED_EDGE('',*,*,#1551,.F.);
#2374=ORIENTED_EDGE('',*,*,#1616,.T.);
#2375=ORIENTED_EDGE('',*,*,#1631,.F.);
#2376=ORIENTED_EDGE('',*,*,#1589,.F.);
#2377=ORIENTED_EDGE('',*,*,#1486,.T.);
#2378=ORIENTED_EDGE('',*,*,#1632,.F.);
#2379=ORIENTED_EDGE('',*,*,#1629,.F.);
#2380=ORIENTED_EDGE('',*,*,#1541,.F.);
#2381=ORIENTED_EDGE('',*,*,#1628,.T.);
#2382=ORIENTED_EDGE('',*,*,#1490,.F.);
#2383=ORIENTED_EDGE('',*,*,#1481,.T.);
#2384=ORIENTED_EDGE('',*,*,#1484,.T.);
#2385=PLANE('',#2629);
#2386=PLANE('',#2630);
#2387=PLANE('',#2631);
#2388=PLANE('',#2632);
#2389=PLANE('',#2633);
#2390=PLANE('',#2634);
#2391=PLANE('',#2635);
#2392=PLANE('',#2636);
#2393=PLANE('',#2637);
#2394=PLANE('',#2638);
#2395=PLANE('',#2639);
#2396=PLANE('',#2640);
#2397=PLANE('',#2641);
#2398=PLANE('',#2642);
#2399=PLANE('',#2643);
#2400=PLANE('',#2644);
#2401=PLANE('',#2645);
#2402=PLANE('',#2646);
#2403=PLANE('',#2647);
#2404=PLANE('',#2648);
#2405=PLANE('',#2649);
#2406=PLANE('',#2650);
#2407=PLANE('',#2651);
#2408=PLANE('',#2652);
#2409=PLANE('',#2653);
#2410=PLANE('',#2654);
#2411=PLANE('',#2655);
#2412=PLANE('',#2656);
#2413=PLANE('',#2657);
#2414=PLANE('',#2658);
#2415=PLANE('',#2659);
#2416=PLANE('',#2660);
#2417=PLANE('',#2663);
#2418=PLANE('',#2669);
#2419=PLANE('',#2671);
#2420=PLANE('',#2681);
#2421=PLANE('',#2686);
#2422=PLANE('',#2687);
#2423=PLANE('',#2688);
#2424=PLANE('',#2691);
#2425=PLANE('',#2697);
#2426=PLANE('',#2699);
#2427=PLANE('',#2709);
#2428=PLANE('',#2714);
#2429=PLANE('',#2718);
#2430=PLANE('',#2723);
#2431=PLANE('',#2727);
#2432=PLANE('',#2732);
#2433=PLANE('',#2736);
#2434=PLANE('',#2740);
#2435=PLANE('',#2747);
#2436=PLANE('',#2751);
#2437=PLANE('',#2758);
#2438=PLANE('',#2762);
#2439=PLANE('',#2763);
#2440=PLANE('',#2764);
#2441=PLANE('',#2765);
#2442=PLANE('',#2766);
#2443=PLANE('',#2767);
#2444=PLANE('',#2770);
#2445=PLANE('',#2771);
#2446=PLANE('',#2772);
#2447=PLANE('',#2773);
#2448=PLANE('',#2774);
#2449=PLANE('',#2775);
#2450=PLANE('',#2776);
#2451=PLANE('',#2777);
#2452=PLANE('',#2778);
#2453=PLANE('',#2779);
#2454=PLANE('',#2780);
#2455=PLANE('',#2796);
#2456=PLANE('',#2797);
#2457=PLANE('',#2798);
#2458=PLANE('',#2799);
#2459=PLANE('',#2800);
#2460=PLANE('',#2801);
#2461=PLANE('',#2802);
#2462=PLANE('',#2803);
#2463=PLANE('',#2804);
#2464=PLANE('',#2806);
#2465=PLANE('',#2811);
#2466=PLANE('',#2815);
#2467=PLANE('',#2816);
#2468=PLANE('',#2820);
#2469=PLANE('',#2822);
#2470=PLANE('',#2825);
#2471=PLANE('',#2827);
#2472=PLANE('',#2829);
#2473=PLANE('',#2832);
#2474=PLANE('',#2835);
#2475=PLANE('',#2837);
#2476=PLANE('',#2838);
#2477=PLANE('',#2841);
#2478=PLANE('',#2846);
#2479=PLANE('',#2849);
#2480=ADVANCED_FACE('',(#174),#2385,.T.);
#2481=ADVANCED_FACE('',(#175),#2386,.F.);
#2482=ADVANCED_FACE('',(#176),#2387,.F.);
#2483=ADVANCED_FACE('',(#177),#2388,.F.);
#2484=ADVANCED_FACE('',(#178),#2389,.F.);
#2485=ADVANCED_FACE('',(#179),#2390,.F.);
#2486=ADVANCED_FACE('',(#180),#2391,.F.);
#2487=ADVANCED_FACE('',(#181),#2392,.F.);
#2488=ADVANCED_FACE('',(#182),#2393,.T.);
#2489=ADVANCED_FACE('',(#183),#2394,.F.);
#2490=ADVANCED_FACE('',(#184),#2395,.F.);
#2491=ADVANCED_FACE('',(#185),#2396,.F.);
#2492=ADVANCED_FACE('',(#186),#2397,.F.);
#2493=ADVANCED_FACE('',(#187),#2398,.F.);
#2494=ADVANCED_FACE('',(#188),#2399,.F.);
#2495=ADVANCED_FACE('',(#189),#2400,.F.);
#2496=ADVANCED_FACE('',(#190),#2401,.F.);
#2497=ADVANCED_FACE('',(#191),#2402,.F.);
#2498=ADVANCED_FACE('',(#192),#2403,.F.);
#2499=ADVANCED_FACE('',(#193),#2404,.T.);
#2500=ADVANCED_FACE('',(#194),#2405,.F.);
#2501=ADVANCED_FACE('',(#195),#2406,.F.);
#2502=ADVANCED_FACE('',(#196),#2407,.F.);
#2503=ADVANCED_FACE('',(#197),#2408,.F.);
#2504=ADVANCED_FACE('',(#198),#2409,.F.);
#2505=ADVANCED_FACE('',(#199),#2410,.F.);
#2506=ADVANCED_FACE('',(#200),#2411,.T.);
#2507=ADVANCED_FACE('',(#201),#2412,.F.);
#2508=ADVANCED_FACE('',(#202),#2413,.F.);
#2509=ADVANCED_FACE('',(#203),#2414,.T.);
#2510=ADVANCED_FACE('',(#204),#2415,.T.);
#2511=ADVANCED_FACE('',(#205),#2416,.F.);
#2512=ADVANCED_FACE('',(#206),#2417,.T.);
#2513=ADVANCED_FACE('',(#207),#42,.T.);
#2514=ADVANCED_FACE('',(#208),#2418,.T.);
#2515=ADVANCED_FACE('',(#209),#2419,.T.);
#2516=ADVANCED_FACE('',(#210),#43,.T.);
#2517=ADVANCED_FACE('',(#211),#44,.T.);
#2518=ADVANCED_FACE('',(#212),#32,.T.);
#2519=ADVANCED_FACE('',(#213),#33,.T.);
#2520=ADVANCED_FACE('',(#214),#2420,.T.);
#2521=ADVANCED_FACE('',(#215),#34,.T.);
#2522=ADVANCED_FACE('',(#216),#35,.T.);
#2523=ADVANCED_FACE('',(#217),#2421,.T.);
#2524=ADVANCED_FACE('',(#218),#2422,.T.);
#2525=ADVANCED_FACE('',(#219),#2423,.F.);
#2526=ADVANCED_FACE('',(#220),#2424,.T.);
#2527=ADVANCED_FACE('',(#221),#45,.T.);
#2528=ADVANCED_FACE('',(#222),#2425,.T.);
#2529=ADVANCED_FACE('',(#223),#2426,.T.);
#2530=ADVANCED_FACE('',(#224),#46,.T.);
#2531=ADVANCED_FACE('',(#225),#47,.T.);
#2532=ADVANCED_FACE('',(#226),#36,.T.);
#2533=ADVANCED_FACE('',(#227),#37,.T.);
#2534=ADVANCED_FACE('',(#228),#2427,.T.);
#2535=ADVANCED_FACE('',(#229),#38,.T.);
#2536=ADVANCED_FACE('',(#230),#39,.T.);
#2537=ADVANCED_FACE('',(#231),#2428,.T.);
#2538=ADVANCED_FACE('',(#232),#40,.T.);
#2539=ADVANCED_FACE('',(#233),#2429,.T.);
#2540=ADVANCED_FACE('',(#234),#48,.T.);
#2541=ADVANCED_FACE('',(#235),#2430,.T.);
#2542=ADVANCED_FACE('',(#236),#41,.T.);
#2543=ADVANCED_FACE('',(#237),#2431,.T.);
#2544=ADVANCED_FACE('',(#238),#49,.T.);
#2545=ADVANCED_FACE('',(#239),#2432,.T.);
#2546=ADVANCED_FACE('',(#240),#50,.F.);
#2547=ADVANCED_FACE('',(#241,#15),#2433,.F.);
#2548=ADVANCED_FACE('',(#242),#51,.F.);
#2549=ADVANCED_FACE('',(#243,#16),#2434,.F.);
#2550=ADVANCED_FACE('',(#244),#52,.F.);
#2551=ADVANCED_FACE('',(#245),#53,.F.);
#2552=ADVANCED_FACE('',(#246,#17),#2435,.F.);
#2553=ADVANCED_FACE('',(#247),#54,.F.);
#2554=ADVANCED_FACE('',(#248,#18),#2436,.F.);
#2555=ADVANCED_FACE('',(#249),#55,.F.);
#2556=ADVANCED_FACE('',(#250),#56,.F.);
#2557=ADVANCED_FACE('',(#251,#19),#2437,.F.);
#2558=ADVANCED_FACE('',(#252),#57,.F.);
#2559=ADVANCED_FACE('',(#253,#20),#2438,.F.);
#2560=ADVANCED_FACE('',(#254),#2439,.T.);
#2561=ADVANCED_FACE('',(#255),#2440,.F.);
#2562=ADVANCED_FACE('',(#256),#2441,.T.);
#2563=ADVANCED_FACE('',(#257),#2442,.T.);
#2564=ADVANCED_FACE('',(#258),#2443,.F.);
#2565=ADVANCED_FACE('',(#259),#2444,.T.);
#2566=ADVANCED_FACE('',(#260),#2445,.F.);
#2567=ADVANCED_FACE('',(#261),#2446,.T.);
#2568=ADVANCED_FACE('',(#262),#2447,.T.);
#2569=ADVANCED_FACE('',(#263),#2448,.T.);
#2570=ADVANCED_FACE('',(#264),#2449,.T.);
#2571=ADVANCED_FACE('',(#265,#21),#2450,.F.);
#2572=ADVANCED_FACE('',(#266,#22),#2451,.F.);
#2573=ADVANCED_FACE('',(#267),#2452,.T.);
#2574=ADVANCED_FACE('',(#268),#2453,.T.);
#2575=ADVANCED_FACE('',(#269,#23,#24,#25),#2454,.T.);
#2576=ADVANCED_FACE('',(#270),#2455,.T.);
#2577=ADVANCED_FACE('',(#271),#2456,.T.);
#2578=ADVANCED_FACE('',(#272),#2457,.T.);
#2579=ADVANCED_FACE('',(#273),#2458,.T.);
#2580=ADVANCED_FACE('',(#274),#2459,.T.);
#2581=ADVANCED_FACE('',(#275),#2460,.T.);
#2582=ADVANCED_FACE('',(#276),#2461,.T.);
#2583=ADVANCED_FACE('',(#277),#2462,.T.);
#2584=ADVANCED_FACE('',(#278,#26),#2463,.T.);
#2585=ADVANCED_FACE('',(#279),#2464,.F.);
#2586=ADVANCED_FACE('',(#280,#27),#2465,.T.);
#2587=ADVANCED_FACE('',(#281),#58,.F.);
#2588=ADVANCED_FACE('',(#282),#2466,.F.);
#2589=ADVANCED_FACE('',(#283,#28,#29,#30,#31),#2467,.F.);
#2590=ADVANCED_FACE('',(#284),#2468,.F.);
#2591=ADVANCED_FACE('',(#285),#59,.F.);
#2592=ADVANCED_FACE('',(#286),#2469,.F.);
#2593=ADVANCED_FACE('',(#287),#60,.T.);
#2594=ADVANCED_FACE('',(#288),#61,.T.);
#2595=ADVANCED_FACE('',(#289),#2470,.F.);
#2596=ADVANCED_FACE('',(#290),#62,.F.);
#2597=ADVANCED_FACE('',(#291),#2471,.F.);
#2598=ADVANCED_FACE('',(#292),#63,.F.);
#2599=ADVANCED_FACE('',(#293),#2472,.F.);
#2600=ADVANCED_FACE('',(#294),#64,.F.);
#2601=ADVANCED_FACE('',(#295),#2473,.F.);
#2602=ADVANCED_FACE('',(#296),#65,.F.);
#2603=ADVANCED_FACE('',(#297),#2474,.F.);
#2604=ADVANCED_FACE('',(#298),#2475,.F.);
#2605=ADVANCED_FACE('',(#299),#2476,.F.);
#2606=ADVANCED_FACE('',(#300),#66,.T.);
#2607=ADVANCED_FACE('',(#301),#67,.T.);
#2608=ADVANCED_FACE('',(#302),#2477,.F.);
#2609=ADVANCED_FACE('',(#303),#68,.T.);
#2610=ADVANCED_FACE('',(#304),#69,.T.);
#2611=ADVANCED_FACE('',(#305),#70,.T.);
#2612=ADVANCED_FACE('',(#306),#2478,.F.);
#2613=ADVANCED_FACE('',(#307),#71,.T.);
#2614=ADVANCED_FACE('',(#308),#2479,.F.);
#2615=CLOSED_SHELL('',(#2480,#2481,#2482,#2483,#2484,#2485,#2486,#2487,
#2488,#2489,#2490,#2491,#2492,#2493,#2494,#2495,#2496,#2497,#2498,#2499,
#2500,#2501,#2502,#2503,#2504,#2505,#2506,#2507,#2508,#2509,#2510,#2511,
#2512,#2513,#2514,#2515,#2516,#2517,#2518,#2519,#2520,#2521,#2522,#2523,
#2524,#2525,#2526,#2527,#2528,#2529,#2530,#2531,#2532,#2533,#2534,#2535,
#2536,#2537,#2538,#2539,#2540,#2541,#2542,#2543,#2544,#2545,#2546,#2547,
#2548,#2549,#2550,#2551,#2552,#2553,#2554,#2555,#2556,#2557,#2558,#2559,
#2560,#2561,#2562,#2563,#2564,#2565,#2566,#2567,#2568,#2569,#2570,#2571,
#2572,#2573,#2574,#2575,#2576,#2577,#2578,#2579,#2580,#2581,#2582,#2583,
#2584,#2585,#2586,#2587,#2588,#2589,#2590,#2591,#2592,#2593,#2594,#2595,
#2596,#2597,#2598,#2599,#2600,#2601,#2602,#2603,#2604,#2605,#2606,#2607,
#2608,#2609,#2610,#2611,#2612,#2613,#2614));
#2616=DERIVED_UNIT_ELEMENT(#2618,1.);
#2617=DERIVED_UNIT_ELEMENT(#4365,-3.);
#2618=(
MASS_UNIT()
NAMED_UNIT(*)
SI_UNIT(.KILO.,.GRAM.)
);
#2619=DERIVED_UNIT((#2616,#2617));
#2620=MEASURE_REPRESENTATION_ITEM('density measure',
POSITIVE_RATIO_MEASURE(7850.),#2619);
#2621=PROPERTY_DEFINITION_REPRESENTATION(#2626,#2623);
#2622=PROPERTY_DEFINITION_REPRESENTATION(#2627,#2624);
#2623=REPRESENTATION('material name',(#2625),#4362);
#2624=REPRESENTATION('density',(#2620),#4362);
#2625=DESCRIPTIVE_REPRESENTATION_ITEM('Steel','Steel');
#2626=PROPERTY_DEFINITION('material property','material name',#4372);
#2627=PROPERTY_DEFINITION('material property','density of part',#4372);
#2628=AXIS2_PLACEMENT_3D('',#3568,#2850,#2851);
#2629=AXIS2_PLACEMENT_3D('',#3569,#2852,#2853);
#2630=AXIS2_PLACEMENT_3D('',#3578,#2858,#2859);
#2631=AXIS2_PLACEMENT_3D('',#3587,#2864,#2865);
#2632=AXIS2_PLACEMENT_3D('',#3598,#2872,#2873);
#2633=AXIS2_PLACEMENT_3D('',#3602,#2876,#2877);
#2634=AXIS2_PLACEMENT_3D('',#3608,#2881,#2882);
#2635=AXIS2_PLACEMENT_3D('',#3612,#2885,#2886);
#2636=AXIS2_PLACEMENT_3D('',#3614,#2888,#2889);
#2637=AXIS2_PLACEMENT_3D('',#3617,#2892,#2893);
#2638=AXIS2_PLACEMENT_3D('',#3626,#2898,#2899);
#2639=AXIS2_PLACEMENT_3D('',#3635,#2904,#2905);
#2640=AXIS2_PLACEMENT_3D('',#3646,#2912,#2913);
#2641=AXIS2_PLACEMENT_3D('',#3650,#2916,#2917);
#2642=AXIS2_PLACEMENT_3D('',#3656,#2921,#2922);
#2643=AXIS2_PLACEMENT_3D('',#3660,#2925,#2926);
#2644=AXIS2_PLACEMENT_3D('',#3662,#2928,#2929);
#2645=AXIS2_PLACEMENT_3D('',#3665,#2932,#2933);
#2646=AXIS2_PLACEMENT_3D('',#3674,#2938,#2939);
#2647=AXIS2_PLACEMENT_3D('',#3683,#2944,#2945);
#2648=AXIS2_PLACEMENT_3D('',#3694,#2952,#2953);
#2649=AXIS2_PLACEMENT_3D('',#3705,#2960,#2961);
#2650=AXIS2_PLACEMENT_3D('',#3707,#2963,#2964);
#2651=AXIS2_PLACEMENT_3D('',#3709,#2966,#2967);
#2652=AXIS2_PLACEMENT_3D('',#3719,#2973,#2974);
#2653=AXIS2_PLACEMENT_3D('',#3729,#2980,#2981);
#2654=AXIS2_PLACEMENT_3D('',#3735,#2985,#2986);
#2655=AXIS2_PLACEMENT_3D('',#3741,#2990,#2991);
#2656=AXIS2_PLACEMENT_3D('',#3760,#3002,#3003);
#2657=AXIS2_PLACEMENT_3D('',#3766,#3007,#3008);
#2658=AXIS2_PLACEMENT_3D('',#3772,#3012,#3013);
#2659=AXIS2_PLACEMENT_3D('',#3778,#3017,#3018);
#2660=AXIS2_PLACEMENT_3D('',#3811,#3027,#3028);
#2661=AXIS2_PLACEMENT_3D('',#3813,#3029,#3030);
#2662=AXIS2_PLACEMENT_3D('',#3816,#3032,#3033);
#2663=AXIS2_PLACEMENT_3D('',#3817,#3034,#3035);
#2664=AXIS2_PLACEMENT_3D('',#3847,#3043,#3044);
#2665=AXIS2_PLACEMENT_3D('',#3849,#3045,#3046);
#2666=AXIS2_PLACEMENT_3D('',#3852,#3048,#3049);
#2667=AXIS2_PLACEMENT_3D('',#3853,#3050,#3051);
#2668=AXIS2_PLACEMENT_3D('',#3854,#3052,#3053);
#2669=AXIS2_PLACEMENT_3D('',#3855,#3054,#3055);
#2670=AXIS2_PLACEMENT_3D('',#3856,#3056,#3057);
#2671=AXIS2_PLACEMENT_3D('',#3857,#3058,#3059);
#2672=AXIS2_PLACEMENT_3D('',#3858,#3060,#3061);
#2673=AXIS2_PLACEMENT_3D('',#3859,#3062,#3063);
#2674=AXIS2_PLACEMENT_3D('',#3860,#3064,#3065);
#2675=AXIS2_PLACEMENT_3D('',#3861,#3066,#3067);
#2676=AXIS2_PLACEMENT_3D('',#3862,#3068,#3069);
#2677=AXIS2_PLACEMENT_3D('',#3863,#3070,#3071);
#2678=AXIS2_PLACEMENT_3D('',#3864,#3072,#3073);
#2679=AXIS2_PLACEMENT_3D('',#3865,#3074,#3075);
#2680=AXIS2_PLACEMENT_3D('',#3866,#3076,#3077);
#2681=AXIS2_PLACEMENT_3D('',#3867,#3078,#3079);
#2682=AXIS2_PLACEMENT_3D('',#3868,#3080,#3081);
#2683=AXIS2_PLACEMENT_3D('',#3869,#3082,#3083);
#2684=AXIS2_PLACEMENT_3D('',#3870,#3084,#3085);
#2685=AXIS2_PLACEMENT_3D('',#3871,#3086,#3087);
#2686=AXIS2_PLACEMENT_3D('',#3872,#3088,#3089);
#2687=AXIS2_PLACEMENT_3D('',#3873,#3090,#3091);
#2688=AXIS2_PLACEMENT_3D('',#3906,#3100,#3101);
#2689=AXIS2_PLACEMENT_3D('',#3908,#3102,#3103);
#2690=AXIS2_PLACEMENT_3D('',#3911,#3105,#3106);
#2691=AXIS2_PLACEMENT_3D('',#3912,#3107,#3108);
#2692=AXIS2_PLACEMENT_3D('',#3942,#3116,#3117);
#2693=AXIS2_PLACEMENT_3D('',#3944,#3118,#3119);
#2694=AXIS2_PLACEMENT_3D('',#3947,#3121,#3122);
#2695=AXIS2_PLACEMENT_3D('',#3948,#3123,#3124);
#2696=AXIS2_PLACEMENT_3D('',#3949,#3125,#3126);
#2697=AXIS2_PLACEMENT_3D('',#3950,#3127,#3128);
#2698=AXIS2_PLACEMENT_3D('',#3951,#3129,#3130);
#2699=AXIS2_PLACEMENT_3D('',#3952,#3131,#3132);
#2700=AXIS2_PLACEMENT_3D('',#3953,#3133,#3134);
#2701=AXIS2_PLACEMENT_3D('',#3954,#3135,#3136);
#2702=AXIS2_PLACEMENT_3D('',#3955,#3137,#3138);
#2703=AXIS2_PLACEMENT_3D('',#3956,#3139,#3140);
#2704=AXIS2_PLACEMENT_3D('',#3957,#3141,#3142);
#2705=AXIS2_PLACEMENT_3D('',#3958,#3143,#3144);
#2706=AXIS2_PLACEMENT_3D('',#3959,#3145,#3146);
#2707=AXIS2_PLACEMENT_3D('',#3960,#3147,#3148);
#2708=AXIS2_PLACEMENT_3D('',#3961,#3149,#3150);
#2709=AXIS2_PLACEMENT_3D('',#3962,#3151,#3152);
#2710=AXIS2_PLACEMENT_3D('',#3963,#3153,#3154);
#2711=AXIS2_PLACEMENT_3D('',#3964,#3155,#3156);
#2712=AXIS2_PLACEMENT_3D('',#3965,#3157,#3158);
#2713=AXIS2_PLACEMENT_3D('',#3966,#3159,#3160);
#2714=AXIS2_PLACEMENT_3D('',#3967,#3161,#3162);
#2715=AXIS2_PLACEMENT_3D('',#3968,#3163,#3164);
#2716=AXIS2_PLACEMENT_3D('',#3970,#3165,#3166);
#2717=AXIS2_PLACEMENT_3D('',#3973,#3168,#3169);
#2718=AXIS2_PLACEMENT_3D('',#3974,#3170,#3171);
#2719=AXIS2_PLACEMENT_3D('',#3975,#3172,#3173);
#2720=AXIS2_PLACEMENT_3D('',#3978,#3174,#3175);
#2721=AXIS2_PLACEMENT_3D('',#3980,#3176,#3177);
#2722=AXIS2_PLACEMENT_3D('',#3981,#3178,#3179);
#2723=AXIS2_PLACEMENT_3D('',#3983,#3181,#3182);
#2724=AXIS2_PLACEMENT_3D('',#3985,#3184,#3185);
#2725=AXIS2_PLACEMENT_3D('',#3987,#3186,#3187);
#2726=AXIS2_PLACEMENT_3D('',#3990,#3189,#3190);
#2727=AXIS2_PLACEMENT_3D('',#3991,#3191,#3192);
#2728=AXIS2_PLACEMENT_3D('',#3992,#3193,#3194);
#2729=AXIS2_PLACEMENT_3D('',#3995,#3195,#3196);
#2730=AXIS2_PLACEMENT_3D('',#3997,#3197,#3198);
#2731=AXIS2_PLACEMENT_3D('',#3998,#3199,#3200);
#2732=AXIS2_PLACEMENT_3D('',#4000,#3202,#3203);
#2733=AXIS2_PLACEMENT_3D('',#4002,#3205,#3206);
#2734=AXIS2_PLACEMENT_3D('',#4004,#3207,#3208);
#2735=AXIS2_PLACEMENT_3D('',#4007,#3210,#3211);
#2736=AXIS2_PLACEMENT_3D('',#4008,#3212,#3213);
#2737=AXIS2_PLACEMENT_3D('',#4009,#3214,#3215);
#2738=AXIS2_PLACEMENT_3D('',#4011,#3216,#3217);
#2739=AXIS2_PLACEMENT_3D('',#4014,#3219,#3220);
#2740=AXIS2_PLACEMENT_3D('',#4015,#3221,#3222);
#2741=AXIS2_PLACEMENT_3D('',#4016,#3223,#3224);
#2742=AXIS2_PLACEMENT_3D('',#4018,#3225,#3226);
#2743=AXIS2_PLACEMENT_3D('',#4021,#3228,#3229);
#2744=AXIS2_PLACEMENT_3D('',#4022,#3230,#3231);
#2745=AXIS2_PLACEMENT_3D('',#4024,#3232,#3233);
#2746=AXIS2_PLACEMENT_3D('',#4027,#3235,#3236);
#2747=AXIS2_PLACEMENT_3D('',#4028,#3237,#3238);
#2748=AXIS2_PLACEMENT_3D('',#4029,#3239,#3240);
#2749=AXIS2_PLACEMENT_3D('',#4031,#3241,#3242);
#2750=AXIS2_PLACEMENT_3D('',#4034,#3244,#3245);
#2751=AXIS2_PLACEMENT_3D('',#4035,#3246,#3247);
#2752=AXIS2_PLACEMENT_3D('',#4036,#3248,#3249);
#2753=AXIS2_PLACEMENT_3D('',#4038,#3250,#3251);
#2754=AXIS2_PLACEMENT_3D('',#4041,#3253,#3254);
#2755=AXIS2_PLACEMENT_3D('',#4042,#3255,#3256);
#2756=AXIS2_PLACEMENT_3D('',#4044,#3257,#3258);
#2757=AXIS2_PLACEMENT_3D('',#4047,#3260,#3261);
#2758=AXIS2_PLACEMENT_3D('',#4048,#3262,#3263);
#2759=AXIS2_PLACEMENT_3D('',#4049,#3264,#3265);
#2760=AXIS2_PLACEMENT_3D('',#4051,#3266,#3267);
#2761=AXIS2_PLACEMENT_3D('',#4054,#3269,#3270);
#2762=AXIS2_PLACEMENT_3D('',#4055,#3271,#3272);
#2763=AXIS2_PLACEMENT_3D('',#4056,#3273,#3274);
#2764=AXIS2_PLACEMENT_3D('',#4062,#3278,#3279);
#2765=AXIS2_PLACEMENT_3D('',#4066,#3282,#3283);
#2766=AXIS2_PLACEMENT_3D('',#4070,#3286,#3287);
#2767=AXIS2_PLACEMENT_3D('',#4076,#3291,#3292);
#2768=AXIS2_PLACEMENT_3D('',#4080,#3294,#3295);
#2769=AXIS2_PLACEMENT_3D('',#4084,#3297,#3298);
#2770=AXIS2_PLACEMENT_3D('',#4092,#3303,#3304);
#2771=AXIS2_PLACEMENT_3D('',#4101,#3309,#3310);
#2772=AXIS2_PLACEMENT_3D('',#4107,#3314,#3315);
#2773=AXIS2_PLACEMENT_3D('',#4110,#3318,#3319);
#2774=AXIS2_PLACEMENT_3D('',#4126,#3328,#3329);
#2775=AXIS2_PLACEMENT_3D('',#4132,#3333,#3334);
#2776=AXIS2_PLACEMENT_3D('',#4138,#3338,#3339);
#2777=AXIS2_PLACEMENT_3D('',#4148,#3346,#3347);
#2778=AXIS2_PLACEMENT_3D('',#4158,#3354,#3355);
#2779=AXIS2_PLACEMENT_3D('',#4162,#3358,#3359);
#2780=AXIS2_PLACEMENT_3D('',#4166,#3362,#3363);
#2781=AXIS2_PLACEMENT_3D('',#4171,#3365,#3366);
#2782=AXIS2_PLACEMENT_3D('',#4175,#3368,#3369);
#2783=AXIS2_PLACEMENT_3D('',#4179,#3371,#3372);
#2784=AXIS2_PLACEMENT_3D('',#4183,#3374,#3375);
#2785=AXIS2_PLACEMENT_3D('',#4187,#3377,#3378);
#2786=AXIS2_PLACEMENT_3D('',#4189,#3379,#3380);
#2787=AXIS2_PLACEMENT_3D('',#4193,#3382,#3383);
#2788=AXIS2_PLACEMENT_3D('',#4197,#3385,#3386);
#2789=AXIS2_PLACEMENT_3D('',#4199,#3387,#3388);
#2790=AXIS2_PLACEMENT_3D('',#4203,#3390,#3391);
#2791=AXIS2_PLACEMENT_3D('',#4207,#3393,#3394);
#2792=AXIS2_PLACEMENT_3D('',#4211,#3396,#3397);
#2793=AXIS2_PLACEMENT_3D('',#4213,#3398,#3399);
#2794=AXIS2_PLACEMENT_3D('',#4217,#3401,#3402);
#2795=AXIS2_PLACEMENT_3D('',#4220,#3404,#3405);
#2796=AXIS2_PLACEMENT_3D('',#4231,#3412,#3413);
#2797=AXIS2_PLACEMENT_3D('',#4233,#3415,#3416);
#2798=AXIS2_PLACEMENT_3D('',#4235,#3418,#3419);
#2799=AXIS2_PLACEMENT_3D('',#4237,#3421,#3422);
#2800=AXIS2_PLACEMENT_3D('',#4238,#3423,#3424);
#2801=AXIS2_PLACEMENT_3D('',#4240,#3426,#3427);
#2802=AXIS2_PLACEMENT_3D('',#4241,#3428,#3429);
#2803=AXIS2_PLACEMENT_3D('',#4243,#3431,#3432);
#2804=AXIS2_PLACEMENT_3D('',#4244,#3433,#3434);
#2805=AXIS2_PLACEMENT_3D('',#4246,#3435,#3436);
#2806=AXIS2_PLACEMENT_3D('',#4247,#3437,#3438);
#2807=AXIS2_PLACEMENT_3D('',#4250,#3439,#3440);
#2808=AXIS2_PLACEMENT_3D('',#4252,#3441,#3442);
#2809=AXIS2_PLACEMENT_3D('',#4256,#3444,#3445);
#2810=AXIS2_PLACEMENT_3D('',#4260,#3447,#3448);
#2811=AXIS2_PLACEMENT_3D('',#4262,#3450,#3451);
#2812=AXIS2_PLACEMENT_3D('',#4264,#3452,#3453);
#2813=AXIS2_PLACEMENT_3D('',#4265,#3454,#3455);
#2814=AXIS2_PLACEMENT_3D('',#4268,#3456,#3457);
#2815=AXIS2_PLACEMENT_3D('',#4271,#3460,#3461);
#2816=AXIS2_PLACEMENT_3D('',#4278,#3466,#3467);
#2817=AXIS2_PLACEMENT_3D('',#4282,#3469,#3470);
#2818=AXIS2_PLACEMENT_3D('',#4286,#3472,#3473);
#2819=AXIS2_PLACEMENT_3D('',#4289,#3475,#3476);
#2820=AXIS2_PLACEMENT_3D('',#4290,#3477,#3478);
#2821=AXIS2_PLACEMENT_3D('',#4292,#3480,#3481);
#2822=AXIS2_PLACEMENT_3D('',#4295,#3484,#3485);
#2823=AXIS2_PLACEMENT_3D('',#4297,#3487,#3488);
#2824=AXIS2_PLACEMENT_3D('',#4299,#3490,#3491);
#2825=AXIS2_PLACEMENT_3D('',#4301,#3493,#3494);
#2826=AXIS2_PLACEMENT_3D('',#4302,#3495,#3496);
#2827=AXIS2_PLACEMENT_3D('',#4305,#3499,#3500);
#2828=AXIS2_PLACEMENT_3D('',#4307,#3502,#3503);
#2829=AXIS2_PLACEMENT_3D('',#4310,#3506,#3507);
#2830=AXIS2_PLACEMENT_3D('',#4313,#3510,#3511);
#2831=AXIS2_PLACEMENT_3D('',#4316,#3512,#3513);
#2832=AXIS2_PLACEMENT_3D('',#4319,#3516,#3517);
#2833=AXIS2_PLACEMENT_3D('',#4328,#3523,#3524);
#2834=AXIS2_PLACEMENT_3D('',#4330,#3525,#3526);
#2835=AXIS2_PLACEMENT_3D('',#4332,#3528,#3529);
#2836=AXIS2_PLACEMENT_3D('',#4335,#3530,#3531);
#2837=AXIS2_PLACEMENT_3D('',#4338,#3534,#3535);
#2838=AXIS2_PLACEMENT_3D('',#4340,#3537,#3538);
#2839=AXIS2_PLACEMENT_3D('',#4342,#3540,#3541);
#2840=AXIS2_PLACEMENT_3D('',#4344,#3543,#3544);
#2841=AXIS2_PLACEMENT_3D('',#4347,#3547,#3548);
#2842=AXIS2_PLACEMENT_3D('',#4348,#3549,#3550);
#2843=AXIS2_PLACEMENT_3D('',#4350,#3552,#3553);
#2844=AXIS2_PLACEMENT_3D('',#4351,#3554,#3555);
#2845=AXIS2_PLACEMENT_3D('',#4354,#3557,#3558);
#2846=AXIS2_PLACEMENT_3D('',#4355,#3559,#3560);
#2847=AXIS2_PLACEMENT_3D('',#4356,#3561,#3562);
#2848=AXIS2_PLACEMENT_3D('',#4358,#3564,#3565);
#2849=AXIS2_PLACEMENT_3D('',#4359,#3566,#3567);
#2850=DIRECTION('axis',(0.,0.,1.));
#2851=DIRECTION('refdir',(1.,0.,0.));
#2852=DIRECTION('center_axis',(0.,0.,1.));
#2853=DIRECTION('ref_axis',(-1.,1.22464679914735E-16,0.));
#2854=DIRECTION('',(-1.,1.22464679914735E-16,0.));
#2855=DIRECTION('',(1.22464679914735E-16,1.,0.));
#2856=DIRECTION('',(1.,-1.22464679914735E-16,0.));
#2857=DIRECTION('',(-1.22464679914735E-16,-1.,0.));
#2858=DIRECTION('center_axis',(1.22464679914735E-16,1.,0.));
#2859=DIRECTION('ref_axis',(0.,0.,-1.));
#2860=DIRECTION('',(-1.,1.22464679914735E-16,0.));
#2861=DIRECTION('',(0.,0.,-1.));
#2862=DIRECTION('',(1.,-1.22464679914735E-16,0.));
#2863=DIRECTION('',(0.,0.,-1.));
#2864=DIRECTION('center_axis',(-1.,1.22464679914735E-16,0.));
#2865=DIRECTION('ref_axis',(0.,0.,-1.));
#2866=DIRECTION('',(0.,0.,-1.));
#2867=DIRECTION('',(1.22464679914735E-16,1.,0.));
#2868=DIRECTION('',(-1.22464679914735E-16,-1.,0.));
#2869=DIRECTION('',(0.,0.,-1.));
#2870=DIRECTION('',(1.22464679914735E-16,1.,0.));
#2871=DIRECTION('',(0.,0.,-1.));
#2872=DIRECTION('center_axis',(-1.22464679914735E-16,-1.,0.));
#2873=DIRECTION('ref_axis',(0.,0.,1.));
#2874=DIRECTION('',(0.,0.,-1.));
#2875=DIRECTION('',(-1.,1.22464679914735E-16,0.));
#2876=DIRECTION('center_axis',(-1.22464679914735E-16,-1.,0.));
#2877=DIRECTION('ref_axis',(0.,0.,1.));
#2878=DIRECTION('',(1.,-1.22464679914735E-16,0.));
#2879=DIRECTION('',(0.,0.,-1.));
#2880=DIRECTION('',(-1.,1.22464679914735E-16,0.));
#2881=DIRECTION('center_axis',(1.22464679914735E-16,1.,0.));
#2882=DIRECTION('ref_axis',(0.,0.,-1.));
#2883=DIRECTION('',(1.,-1.22464679914735E-16,0.));
#2884=DIRECTION('',(0.,0.,-1.));
#2885=DIRECTION('center_axis',(0.,0.,1.));
#2886=DIRECTION('ref_axis',(-1.,1.22464679914735E-16,0.));
#2887=DIRECTION('',(1.22464679914735E-16,1.,0.));
#2888=DIRECTION('center_axis',(1.,-1.22464679914735E-16,0.));
#2889=DIRECTION('ref_axis',(0.,0.,1.));
#2890=DIRECTION('',(-1.22464679914735E-16,-1.,0.));
#2891=DIRECTION('',(-1.22464679914735E-16,-1.,0.));
#2892=DIRECTION('center_axis',(0.,0.,1.));
#2893=DIRECTION('ref_axis',(-1.,1.22464679914735E-16,0.));
#2894=DIRECTION('',(-1.,1.22464679914735E-16,0.));
#2895=DIRECTION('',(1.22464679914735E-16,1.,0.));
#2896=DIRECTION('',(1.,-1.22464679914735E-16,0.));
#2897=DIRECTION('',(-1.22464679914735E-16,-1.,0.));
#2898=DIRECTION('center_axis',(1.22464679914735E-16,1.,0.));
#2899=DIRECTION('ref_axis',(0.,0.,-1.));
#2900=DIRECTION('',(-1.,1.22464679914735E-16,0.));
#2901=DIRECTION('',(0.,0.,-1.));
#2902=DIRECTION('',(1.,-1.22464679914735E-16,0.));
#2903=DIRECTION('',(0.,0.,-1.));
#2904=DIRECTION('center_axis',(-1.,1.22464679914735E-16,0.));
#2905=DIRECTION('ref_axis',(0.,0.,-1.));
#2906=DIRECTION('',(0.,0.,-1.));
#2907=DIRECTION('',(1.22464679914735E-16,1.,0.));
#2908=DIRECTION('',(-1.22464679914735E-16,-1.,0.));
#2909=DIRECTION('',(0.,0.,-1.));
#2910=DIRECTION('',(1.22464679914735E-16,1.,0.));
#2911=DIRECTION('',(0.,0.,-1.));
#2912=DIRECTION('center_axis',(-1.22464679914735E-16,-1.,0.));
#2913=DIRECTION('ref_axis',(0.,0.,1.));
#2914=DIRECTION('',(0.,0.,-1.));
#2915=DIRECTION('',(-1.,1.22464679914735E-16,0.));
#2916=DIRECTION('center_axis',(-1.22464679914735E-16,-1.,0.));
#2917=DIRECTION('ref_axis',(0.,0.,1.));
#2918=DIRECTION('',(1.,-1.22464679914735E-16,0.));
#2919=DIRECTION('',(0.,0.,-1.));
#2920=DIRECTION('',(-1.,1.22464679914735E-16,0.));
#2921=DIRECTION('center_axis',(1.22464679914735E-16,1.,0.));
#2922=DIRECTION('ref_axis',(0.,0.,-1.));
#2923=DIRECTION('',(1.,-1.22464679914735E-16,0.));
#2924=DIRECTION('',(0.,0.,-1.));
#2925=DIRECTION('center_axis',(0.,0.,1.));
#2926=DIRECTION('ref_axis',(-1.,1.22464679914735E-16,0.));
#2927=DIRECTION('',(1.22464679914735E-16,1.,0.));
#2928=DIRECTION('center_axis',(1.,-1.22464679914735E-16,0.));
#2929=DIRECTION('ref_axis',(0.,0.,1.));
#2930=DIRECTION('',(-1.22464679914735E-16,-1.,0.));
#2931=DIRECTION('',(-1.22464679914735E-16,-1.,0.));
#2932=DIRECTION('center_axis',(1.22464679914735E-16,1.,0.));
#2933=DIRECTION('ref_axis',(0.,0.,-1.));
#2934=DIRECTION('',(0.,0.,1.));
#2935=DIRECTION('',(-1.,1.22464679914735E-16,0.));
#2936=DIRECTION('',(0.,0.,-1.));
#2937=DIRECTION('',(1.,-1.22464679914735E-16,0.));
#2938=DIRECTION('center_axis',(-1.,1.22464679914735E-16,0.));
#2939=DIRECTION('ref_axis',(0.,0.,-1.));
#2940=DIRECTION('',(0.,0.,1.));
#2941=DIRECTION('',(-1.22464679914735E-16,-1.,0.));
#2942=DIRECTION('',(0.,0.,-1.));
#2943=DIRECTION('',(1.22464679914735E-16,1.,0.));
#2944=DIRECTION('center_axis',(0.,0.,1.));
#2945=DIRECTION('ref_axis',(-1.,1.22464679914735E-16,0.));
#2946=DIRECTION('',(-1.22464679914735E-16,-1.,0.));
#2947=DIRECTION('',(1.,-1.22464679914735E-16,0.));
#2948=DIRECTION('',(1.22464679914735E-16,1.,0.));
#2949=DIRECTION('',(1.,-1.22464679914735E-16,0.));
#2950=DIRECTION('',(1.,-1.22464679914735E-16,0.));
#2951=DIRECTION('',(1.22464679914735E-16,1.,0.));
#2952=DIRECTION('center_axis',(0.,0.,1.));
#2953=DIRECTION('ref_axis',(-1.,1.22464679914735E-16,0.));
#2954=DIRECTION('',(1.22464679914735E-16,1.,0.));
#2955=DIRECTION('',(-1.22464679914735E-16,-1.,0.));
#2956=DIRECTION('',(-1.,1.22464679914735E-16,0.));
#2957=DIRECTION('',(-1.,1.22464679914735E-16,0.));
#2958=DIRECTION('',(-1.22464679914735E-16,-1.,0.));
#2959=DIRECTION('',(-1.,1.22464679914735E-16,0.));
#2960=DIRECTION('center_axis',(-1.22464679914735E-16,-1.,0.));
#2961=DIRECTION('ref_axis',(0.,0.,1.));
#2962=DIRECTION('',(0.,0.,-1.));
#2963=DIRECTION('center_axis',(1.,-1.22464679914735E-16,0.));
#2964=DIRECTION('ref_axis',(0.,0.,1.));
#2965=DIRECTION('',(0.,0.,-1.));
#2966=DIRECTION('center_axis',(-1.22464679914735E-16,-1.,0.));
#2967=DIRECTION('ref_axis',(0.,0.,1.));
#2968=DIRECTION('',(0.,0.,-1.));
#2969=DIRECTION('',(1.,-1.22464679914735E-16,0.));
#2970=DIRECTION('',(0.,0.,-1.));
#2971=DIRECTION('',(-1.,1.22464679914735E-16,0.));
#2972=DIRECTION('',(0.,0.,-1.));
#2973=DIRECTION('center_axis',(1.,-1.22464679914735E-16,0.));
#2974=DIRECTION('ref_axis',(0.,0.,1.));
#2975=DIRECTION('',(0.,0.,-1.));
#2976=DIRECTION('',(1.22464679914735E-16,1.,0.));
#2977=DIRECTION('',(0.,0.,-1.));
#2978=DIRECTION('',(-1.22464679914735E-16,-1.,0.));
#2979=DIRECTION('',(0.,0.,-1.));
#2980=DIRECTION('center_axis',(-1.,1.22464679914735E-16,0.));
#2981=DIRECTION('ref_axis',(0.,0.,-1.));
#2982=DIRECTION('',(1.22464679914735E-16,1.,0.));
#2983=DIRECTION('',(0.,0.,1.));
#2984=DIRECTION('',(-1.22464679914735E-16,-1.,0.));
#2985=DIRECTION('center_axis',(1.,-1.22464679914735E-16,0.));
#2986=DIRECTION('ref_axis',(0.,0.,1.));
#2987=DIRECTION('',(1.22464679914735E-16,1.,0.));
#2988=DIRECTION('',(0.,0.,-1.));
#2989=DIRECTION('',(-1.22464679914735E-16,-1.,0.));
#2990=DIRECTION('center_axis',(1.22464679914735E-16,1.,0.));
#2991=DIRECTION('ref_axis',(0.,0.,-1.));
#2992=DIRECTION('',(1.,-1.22464679914735E-16,0.));
#2993=DIRECTION('',(0.,0.,-1.));
#2994=DIRECTION('',(-1.,1.22464679914735E-16,0.));
#2995=DIRECTION('',(0.,0.,-1.));
#2996=DIRECTION('',(1.,-1.22464679914735E-16,0.));
#2997=DIRECTION('',(1.,-1.22464679914735E-16,0.));
#2998=DIRECTION('',(0.,0.,1.));
#2999=DIRECTION('',(-1.,1.22464679914735E-16,0.));
#3000=DIRECTION('',(0.,0.,-1.));
#3001=DIRECTION('',(1.,-1.22464679914735E-16,0.));
#3002=DIRECTION('center_axis',(-1.22464679914735E-16,-1.,0.));
#3003=DIRECTION('ref_axis',(0.,0.,1.));
#3004=DIRECTION('',(-1.,1.22464679914735E-16,0.));
#3005=DIRECTION('',(0.,0.,-1.));
#3006=DIRECTION('',(1.,-1.22464679914735E-16,0.));
#3007=DIRECTION('center_axis',(-1.,1.22464679914735E-16,0.));
#3008=DIRECTION('ref_axis',(0.,0.,-1.));
#3009=DIRECTION('',(0.,0.,1.));
#3010=DIRECTION('',(-1.22464679914735E-16,-1.,0.));
#3011=DIRECTION('',(1.22464679914735E-16,1.,0.));
#3012=DIRECTION('center_axis',(1.22464679914735E-16,1.,0.));
#3013=DIRECTION('ref_axis',(0.,0.,-1.));
#3014=DIRECTION('',(1.,-1.22464679914735E-16,0.));
#3015=DIRECTION('',(0.,0.,-1.));
#3016=DIRECTION('',(1.,-1.22464679914735E-16,0.));
#3017=DIRECTION('center_axis',(1.,-1.22464679914735E-16,0.));
#3018=DIRECTION('ref_axis',(0.,0.,1.));
#3019=DIRECTION('',(0.,0.,-1.));
#3020=DIRECTION('',(-1.22464679914735E-16,-1.,0.));
#3021=DIRECTION('',(0.,0.,1.));
#3022=DIRECTION('',(-1.22464679914735E-16,-1.,0.));
#3023=DIRECTION('',(0.,0.,1.));
#3024=DIRECTION('',(-1.22464679914735E-16,-1.,0.));
#3025=DIRECTION('',(0.,0.,-1.));
#3026=DIRECTION('',(-1.22464679914735E-16,-1.,0.));
#3027=DIRECTION('center_axis',(0.,0.,1.));
#3028=DIRECTION('ref_axis',(-1.,1.22464679914735E-16,0.));
#3029=DIRECTION('center_axis',(0.,0.,1.));
#3030=DIRECTION('ref_axis',(-1.,1.22464679914735E-16,0.));
#3031=DIRECTION('',(1.22464679914735E-16,1.,0.));
#3032=DIRECTION('center_axis',(0.,0.,1.));
#3033=DIRECTION('ref_axis',(-1.,1.22464679914735E-16,0.));
#3034=DIRECTION('center_axis',(-1.,1.22464679914735E-16,0.));
#3035=DIRECTION('ref_axis',(0.,0.,-1.));
#3036=DIRECTION('',(0.,0.,1.));
#3037=DIRECTION('',(1.22464679914735E-16,1.,0.));
#3038=DIRECTION('',(0.,0.,1.));
#3039=DIRECTION('',(1.22464679914735E-16,1.,0.));
#3040=DIRECTION('',(0.,0.,-1.));
#3041=DIRECTION('',(1.22464679914735E-16,1.,0.));
#3042=DIRECTION('',(0.,0.,-1.));
#3043=DIRECTION('center_axis',(0.,0.,1.));
#3044=DIRECTION('ref_axis',(-1.,1.22464679914735E-16,0.));
#3045=DIRECTION('center_axis',(0.,0.,1.));
#3046=DIRECTION('ref_axis',(-1.,1.22464679914735E-16,0.));
#3047=DIRECTION('',(0.,0.,-1.));
#3048=DIRECTION('center_axis',(0.,0.,-1.));
#3049=DIRECTION('ref_axis',(-1.,1.22464679914735E-16,0.));
#3050=DIRECTION('center_axis',(0.,0.,-1.));
#3051=DIRECTION('ref_axis',(-1.,1.22464679914735E-16,0.));
#3052=DIRECTION('center_axis',(0.,0.,-1.));
#3053=DIRECTION('ref_axis',(-1.,1.22464679914735E-16,0.));
#3054=DIRECTION('center_axis',(0.,0.,-1.));
#3055=DIRECTION('ref_axis',(1.,-1.22464679914735E-16,0.));
#3056=DIRECTION('center_axis',(0.,0.,-1.));
#3057=DIRECTION('ref_axis',(-1.,1.22464679914735E-16,0.));
#3058=DIRECTION('center_axis',(0.,0.,-1.));
#3059=DIRECTION('ref_axis',(1.,-1.22464679914735E-16,0.));
#3060=DIRECTION('center_axis',(0.,0.,-1.));
#3061=DIRECTION('ref_axis',(-1.,1.22464679914735E-16,0.));
#3062=DIRECTION('center_axis',(0.,0.,1.));
#3063=DIRECTION('ref_axis',(-1.,1.22464679914735E-16,0.));
#3064=DIRECTION('center_axis',(0.,0.,-1.));
#3065=DIRECTION('ref_axis',(-1.,1.22464679914735E-16,0.));
#3066=DIRECTION('center_axis',(0.,0.,1.));
#3067=DIRECTION('ref_axis',(1.,0.,0.));
#3068=DIRECTION('center_axis',(0.,0.,-1.));
#3069=DIRECTION('ref_axis',(-1.,1.22464679914735E-16,0.));
#3070=DIRECTION('center_axis',(0.,0.,-1.));
#3071=DIRECTION('ref_axis',(-1.,1.22464679914735E-16,0.));
#3072=DIRECTION('center_axis',(0.,0.,-1.));
#3073=DIRECTION('ref_axis',(-1.,1.22464679914735E-16,0.));
#3074=DIRECTION('center_axis',(0.,0.,-1.));
#3075=DIRECTION('ref_axis',(1.,0.,0.));
#3076=DIRECTION('center_axis',(0.,0.,-1.));
#3077=DIRECTION('ref_axis',(-1.,1.22464679914735E-16,0.));
#3078=DIRECTION('center_axis',(0.,0.,-1.));
#3079=DIRECTION('ref_axis',(-1.,1.22464679914735E-16,0.));
#3080=DIRECTION('center_axis',(0.,0.,-1.));
#3081=DIRECTION('ref_axis',(-1.,1.22464679914735E-16,0.));
#3082=DIRECTION('center_axis',(0.,0.,1.));
#3083=DIRECTION('ref_axis',(-1.,1.22464679914735E-16,0.));
#3084=DIRECTION('center_axis',(0.,0.,1.));
#3085=DIRECTION('ref_axis',(1.,0.,0.));
#3086=DIRECTION('center_axis',(0.,0.,-1.));
#3087=DIRECTION('ref_axis',(-1.,1.22464679914735E-16,0.));
#3088=DIRECTION('center_axis',(0.,0.,-1.));
#3089=DIRECTION('ref_axis',(-1.,1.22464679914735E-16,0.));
#3090=DIRECTION('center_axis',(1.,-1.22464679914735E-16,0.));
#3091=DIRECTION('ref_axis',(0.,0.,1.));
#3092=DIRECTION('',(0.,0.,-1.));
#3093=DIRECTION('',(-1.22464679914735E-16,-1.,0.));
#3094=DIRECTION('',(0.,0.,1.));
#3095=DIRECTION('',(-1.22464679914735E-16,-1.,0.));
#3096=DIRECTION('',(0.,0.,1.));
#3097=DIRECTION('',(-1.22464679914735E-16,-1.,0.));
#3098=DIRECTION('',(0.,0.,-1.));
#3099=DIRECTION('',(-1.22464679914735E-16,-1.,0.));
#3100=DIRECTION('center_axis',(0.,0.,1.));
#3101=DIRECTION('ref_axis',(-1.,1.22464679914735E-16,0.));
#3102=DIRECTION('center_axis',(0.,0.,1.));
#3103=DIRECTION('ref_axis',(-1.,1.22464679914735E-16,0.));
#3104=DIRECTION('',(1.22464679914735E-16,1.,0.));
#3105=DIRECTION('center_axis',(0.,0.,1.));
#3106=DIRECTION('ref_axis',(-1.,1.22464679914735E-16,0.));
#3107=DIRECTION('center_axis',(-1.,1.22464679914735E-16,0.));
#3108=DIRECTION('ref_axis',(0.,0.,-1.));
#3109=DIRECTION('',(0.,0.,1.));
#3110=DIRECTION('',(1.22464679914735E-16,1.,0.));
#3111=DIRECTION('',(0.,0.,1.));
#3112=DIRECTION('',(1.22464679914735E-16,1.,0.));
#3113=DIRECTION('',(0.,0.,-1.));
#3114=DIRECTION('',(1.22464679914735E-16,1.,0.));
#3115=DIRECTION('',(0.,0.,-1.));
#3116=DIRECTION('center_axis',(0.,0.,1.));
#3117=DIRECTION('ref_axis',(-1.,1.22464679914735E-16,0.));
#3118=DIRECTION('center_axis',(0.,0.,1.));
#3119=DIRECTION('ref_axis',(-1.,1.22464679914735E-16,0.));
#3120=DIRECTION('',(0.,0.,-1.));
#3121=DIRECTION('center_axis',(0.,0.,-1.));
#3122=DIRECTION('ref_axis',(-1.,1.22464679914735E-16,0.));
#3123=DIRECTION('center_axis',(0.,0.,-1.));
#3124=DIRECTION('ref_axis',(-1.,1.22464679914735E-16,0.));
#3125=DIRECTION('center_axis',(0.,0.,-1.));
#3126=DIRECTION('ref_axis',(-1.,1.22464679914735E-16,0.));
#3127=DIRECTION('center_axis',(0.,0.,-1.));
#3128=DIRECTION('ref_axis',(1.,-1.22464679914735E-16,0.));
#3129=DIRECTION('center_axis',(0.,0.,-1.));
#3130=DIRECTION('ref_axis',(-1.,1.22464679914735E-16,0.));
#3131=DIRECTION('center_axis',(0.,0.,-1.));
#3132=DIRECTION('ref_axis',(1.,-1.22464679914735E-16,0.));
#3133=DIRECTION('center_axis',(0.,0.,-1.));
#3134=DIRECTION('ref_axis',(-1.,1.22464679914735E-16,0.));
#3135=DIRECTION('center_axis',(0.,0.,1.));
#3136=DIRECTION('ref_axis',(-1.,1.22464679914735E-16,0.));
#3137=DIRECTION('center_axis',(0.,0.,-1.));
#3138=DIRECTION('ref_axis',(-1.,1.22464679914735E-16,0.));
#3139=DIRECTION('center_axis',(0.,0.,1.));
#3140=DIRECTION('ref_axis',(1.,0.,0.));
#3141=DIRECTION('center_axis',(0.,0.,-1.));
#3142=DIRECTION('ref_axis',(-1.,1.22464679914735E-16,0.));
#3143=DIRECTION('center_axis',(0.,0.,-1.));
#3144=DIRECTION('ref_axis',(-1.,1.22464679914735E-16,0.));
#3145=DIRECTION('center_axis',(0.,0.,-1.));
#3146=DIRECTION('ref_axis',(-1.,1.22464679914735E-16,0.));
#3147=DIRECTION('center_axis',(0.,0.,-1.));
#3148=DIRECTION('ref_axis',(1.,0.,0.));
#3149=DIRECTION('center_axis',(0.,0.,-1.));
#3150=DIRECTION('ref_axis',(-1.,1.22464679914735E-16,0.));
#3151=DIRECTION('center_axis',(0.,0.,-1.));
#3152=DIRECTION('ref_axis',(-1.,1.22464679914735E-16,0.));
#3153=DIRECTION('center_axis',(0.,0.,-1.));
#3154=DIRECTION('ref_axis',(-1.,1.22464679914735E-16,0.));
#3155=DIRECTION('center_axis',(0.,0.,1.));
#3156=DIRECTION('ref_axis',(-1.,1.22464679914735E-16,0.));
#3157=DIRECTION('center_axis',(0.,0.,1.));
#3158=DIRECTION('ref_axis',(1.,0.,0.));
#3159=DIRECTION('center_axis',(0.,0.,-1.));
#3160=DIRECTION('ref_axis',(-1.,1.22464679914735E-16,0.));
#3161=DIRECTION('center_axis',(0.,0.,-1.));
#3162=DIRECTION('ref_axis',(-1.,1.22464679914735E-16,0.));
#3163=DIRECTION('center_axis',(0.,0.,1.));
#3164=DIRECTION('ref_axis',(-1.,1.22464679914735E-16,0.));
#3165=DIRECTION('center_axis',(0.,0.,-1.));
#3166=DIRECTION('ref_axis',(-1.,1.22464679914735E-16,0.));
#3167=DIRECTION('',(0.6,-1.46957615897682E-16,0.8));
#3168=DIRECTION('center_axis',(0.,0.,-1.));
#3169=DIRECTION('ref_axis',(-1.,1.22464679914735E-16,0.));
#3170=DIRECTION('center_axis',(0.,0.,-1.));
#3171=DIRECTION('ref_axis',(-1.,1.22464679914735E-16,0.));
#3172=DIRECTION('center_axis',(0.,0.,1.));
#3173=DIRECTION('ref_axis',(-1.,1.22464679914735E-16,0.));
#3174=DIRECTION('center_axis',(0.,0.,1.));
#3175=DIRECTION('ref_axis',(-1.,1.22464679914735E-16,0.));
#3176=DIRECTION('center_axis',(0.,0.,1.));
#3177=DIRECTION('ref_axis',(-1.,1.22464679914735E-16,0.));
#3178=DIRECTION('center_axis',(0.,0.,1.));
#3179=DIRECTION('ref_axis',(-1.,1.22464679914735E-16,0.));
#3180=DIRECTION('',(0.,0.,-1.));
#3181=DIRECTION('center_axis',(0.,0.,1.));
#3182=DIRECTION('ref_axis',(-1.,1.22464679914735E-16,0.));
#3183=DIRECTION('',(1.,-1.22464679914735E-16,0.));
#3184=DIRECTION('center_axis',(0.,0.,1.));
#3185=DIRECTION('ref_axis',(-1.,1.22464679914735E-16,0.));
#3186=DIRECTION('center_axis',(0.,0.,-1.));
#3187=DIRECTION('ref_axis',(-1.,1.22464679914735E-16,0.));
#3188=DIRECTION('',(0.6,-1.46957615897682E-16,0.8));
#3189=DIRECTION('center_axis',(0.,0.,-1.));
#3190=DIRECTION('ref_axis',(-1.,1.22464679914735E-16,0.));
#3191=DIRECTION('center_axis',(0.,0.,-1.));
#3192=DIRECTION('ref_axis',(-1.,1.22464679914735E-16,0.));
#3193=DIRECTION('center_axis',(0.,0.,1.));
#3194=DIRECTION('ref_axis',(-1.,1.22464679914735E-16,0.));
#3195=DIRECTION('center_axis',(0.,0.,1.));
#3196=DIRECTION('ref_axis',(-1.,1.22464679914735E-16,0.));
#3197=DIRECTION('center_axis',(0.,0.,1.));
#3198=DIRECTION('ref_axis',(-1.,1.22464679914735E-16,0.));
#3199=DIRECTION('center_axis',(0.,0.,1.));
#3200=DIRECTION('ref_axis',(-1.,1.22464679914735E-16,0.));
#3201=DIRECTION('',(0.,0.,-1.));
#3202=DIRECTION('center_axis',(0.,0.,1.));
#3203=DIRECTION('ref_axis',(-1.,1.22464679914735E-16,0.));
#3204=DIRECTION('',(1.,-1.22464679914735E-16,0.));
#3205=DIRECTION('center_axis',(0.,0.,1.));
#3206=DIRECTION('ref_axis',(-1.,1.22464679914735E-16,0.));
#3207=DIRECTION('center_axis',(0.,0.,1.));
#3208=DIRECTION('ref_axis',(-1.,1.22464679914735E-16,0.));
#3209=DIRECTION('',(0.,0.,1.));
#3210=DIRECTION('center_axis',(0.,0.,1.));
#3211=DIRECTION('ref_axis',(-1.,1.22464679914735E-16,0.));
#3212=DIRECTION('center_axis',(0.,0.,1.));
#3213=DIRECTION('ref_axis',(-1.,1.22464679914735E-16,0.));
#3214=DIRECTION('center_axis',(0.,0.,1.));
#3215=DIRECTION('ref_axis',(-1.,1.22464679914735E-16,0.));
#3216=DIRECTION('center_axis',(0.,0.,1.));
#3217=DIRECTION('ref_axis',(-1.,1.22464679914735E-16,0.));
#3218=DIRECTION('',(0.,0.,1.));
#3219=DIRECTION('center_axis',(0.,0.,1.));
#3220=DIRECTION('ref_axis',(-1.,1.22464679914735E-16,0.));
#3221=DIRECTION('center_axis',(0.,0.,1.));
#3222=DIRECTION('ref_axis',(-1.,1.22464679914735E-16,0.));
#3223=DIRECTION('center_axis',(0.,0.,1.));
#3224=DIRECTION('ref_axis',(-1.,1.22464679914735E-16,0.));
#3225=DIRECTION('center_axis',(0.,0.,1.));
#3226=DIRECTION('ref_axis',(-1.,1.22464679914735E-16,0.));
#3227=DIRECTION('',(0.,0.,1.));
#3228=DIRECTION('center_axis',(0.,0.,-1.));
#3229=DIRECTION('ref_axis',(-1.,1.22464679914735E-16,0.));
#3230=DIRECTION('center_axis',(0.,0.,1.));
#3231=DIRECTION('ref_axis',(-1.,1.22464679914735E-16,0.));
#3232=DIRECTION('center_axis',(0.,0.,-1.));
#3233=DIRECTION('ref_axis',(-1.,1.22464679914735E-16,0.));
#3234=DIRECTION('',(0.,0.,1.));
#3235=DIRECTION('center_axis',(0.,0.,-1.));
#3236=DIRECTION('ref_axis',(-1.,1.22464679914735E-16,0.));
#3237=DIRECTION('center_axis',(0.,0.,-1.));
#3238=DIRECTION('ref_axis',(1.,-1.22464679914735E-16,0.));
#3239=DIRECTION('center_axis',(0.,0.,1.));
#3240=DIRECTION('ref_axis',(-1.,1.22464679914735E-16,0.));
#3241=DIRECTION('center_axis',(0.,0.,-1.));
#3242=DIRECTION('ref_axis',(-1.,1.22464679914735E-16,0.));
#3243=DIRECTION('',(0.,0.,1.));
#3244=DIRECTION('center_axis',(0.,0.,-1.));
#3245=DIRECTION('ref_axis',(-1.,1.22464679914735E-16,0.));
#3246=DIRECTION('center_axis',(0.,0.,-1.));
#3247=DIRECTION('ref_axis',(1.,-1.22464679914735E-16,0.));
#3248=DIRECTION('center_axis',(0.,0.,1.));
#3249=DIRECTION('ref_axis',(-1.,1.22464679914735E-16,0.));
#3250=DIRECTION('center_axis',(0.,0.,1.));
#3251=DIRECTION('ref_axis',(-1.,1.22464679914735E-16,0.));
#3252=DIRECTION('',(0.,0.,1.));
#3253=DIRECTION('center_axis',(0.,0.,-1.));
#3254=DIRECTION('ref_axis',(-1.,1.22464679914735E-16,0.));
#3255=DIRECTION('center_axis',(0.,0.,1.));
#3256=DIRECTION('ref_axis',(-1.,1.22464679914735E-16,0.));
#3257=DIRECTION('center_axis',(0.,0.,-1.));
#3258=DIRECTION('ref_axis',(-1.,1.22464679914735E-16,0.));
#3259=DIRECTION('',(0.,0.,1.));
#3260=DIRECTION('center_axis',(0.,0.,-1.));
#3261=DIRECTION('ref_axis',(-1.,1.22464679914735E-16,0.));
#3262=DIRECTION('center_axis',(0.,0.,-1.));
#3263=DIRECTION('ref_axis',(1.,-1.22464679914735E-16,0.));
#3264=DIRECTION('center_axis',(0.,0.,1.));
#3265=DIRECTION('ref_axis',(-1.,1.22464679914735E-16,0.));
#3266=DIRECTION('center_axis',(0.,0.,-1.));
#3267=DIRECTION('ref_axis',(-1.,1.22464679914735E-16,0.));
#3268=DIRECTION('',(0.,0.,1.));
#3269=DIRECTION('center_axis',(0.,0.,-1.));
#3270=DIRECTION('ref_axis',(-1.,1.22464679914735E-16,0.));
#3271=DIRECTION('center_axis',(0.,0.,-1.));
#3272=DIRECTION('ref_axis',(1.,-1.22464679914735E-16,0.));
#3273=DIRECTION('center_axis',(1.,-1.22464679914735E-16,0.));
#3274=DIRECTION('ref_axis',(0.,0.,1.));
#3275=DIRECTION('',(-1.22464679914735E-16,-1.,0.));
#3276=DIRECTION('',(0.,0.,1.));
#3277=DIRECTION('',(-1.22464679914735E-16,-1.,0.));
#3278=DIRECTION('center_axis',(0.,0.,1.));
#3279=DIRECTION('ref_axis',(-1.,1.22464679914735E-16,0.));
#3280=DIRECTION('',(1.22464679914735E-16,1.,0.));
#3281=DIRECTION('',(1.,-1.22464679914735E-16,0.));
#3282=DIRECTION('center_axis',(-1.,1.22464679914735E-16,0.));
#3283=DIRECTION('ref_axis',(0.,0.,-1.));
#3284=DIRECTION('',(1.22464679914735E-16,1.,0.));
#3285=DIRECTION('',(0.,0.,-1.));
#3286=DIRECTION('center_axis',(1.22464679914735E-16,1.,0.));
#3287=DIRECTION('ref_axis',(0.,0.,-1.));
#3288=DIRECTION('',(1.,-1.22464679914735E-16,0.));
#3289=DIRECTION('',(0.,0.,-1.));
#3290=DIRECTION('',(1.,-1.22464679914735E-16,0.));
#3291=DIRECTION('center_axis',(0.,0.,1.));
#3292=DIRECTION('ref_axis',(-1.,1.22464679914735E-16,0.));
#3293=DIRECTION('',(-1.,1.22464679914735E-16,0.));
#3294=DIRECTION('center_axis',(0.,0.,-1.));
#3295=DIRECTION('ref_axis',(-1.,1.22464679914735E-16,0.));
#3296=DIRECTION('',(1.22464679914735E-16,1.,0.));
#3297=DIRECTION('center_axis',(0.,0.,-1.));
#3298=DIRECTION('ref_axis',(-1.,1.22464679914735E-16,0.));
#3299=DIRECTION('',(1.,-1.22464679914735E-16,0.));
#3300=DIRECTION('',(-1.22464679914735E-16,-1.,0.));
#3301=DIRECTION('',(-1.,1.22464679914735E-16,0.));
#3302=DIRECTION('',(-1.22464679914735E-16,-1.,0.));
#3303=DIRECTION('center_axis',(-1.,1.22464679914735E-16,0.));
#3304=DIRECTION('ref_axis',(0.,0.,-1.));
#3305=DIRECTION('',(0.,0.,-1.));
#3306=DIRECTION('',(1.22464679914735E-16,1.,0.));
#3307=DIRECTION('',(0.,0.,1.));
#3308=DIRECTION('',(1.22464679914735E-16,1.,0.));
#3309=DIRECTION('center_axis',(0.,0.,1.));
#3310=DIRECTION('ref_axis',(-1.,1.22464679914735E-16,0.));
#3311=DIRECTION('',(1.,-1.22464679914735E-16,0.));
#3312=DIRECTION('',(-1.22464679914735E-16,-1.,0.));
#3313=DIRECTION('',(-1.,1.22464679914735E-16,0.));
#3314=DIRECTION('center_axis',(1.,-1.22464679914735E-16,0.));
#3315=DIRECTION('ref_axis',(0.,0.,1.));
#3316=DIRECTION('',(0.,0.,1.));
#3317=DIRECTION('',(0.,0.,-1.));
#3318=DIRECTION('center_axis',(-1.22464679914735E-16,-1.,0.));
#3319=DIRECTION('ref_axis',(0.,0.,1.));
#3320=DIRECTION('',(-1.,1.22464679914735E-16,0.));
#3321=DIRECTION('',(0.,0.,-1.));
#3322=DIRECTION('',(-1.,1.22464679914735E-16,0.));
#3323=DIRECTION('',(0.,0.,-1.));
#3324=DIRECTION('',(1.,-1.22464679914735E-16,0.));
#3325=DIRECTION('',(0.,0.,-1.));
#3326=DIRECTION('',(-1.,1.22464679914735E-16,0.));
#3327=DIRECTION('',(0.,0.,-1.));
#3328=DIRECTION('center_axis',(-1.,1.22464679914735E-16,0.));
#3329=DIRECTION('ref_axis',(0.,0.,-1.));
#3330=DIRECTION('',(1.22464679914735E-16,1.,0.));
#3331=DIRECTION('',(-1.22464679914735E-16,-1.,0.));
#3332=DIRECTION('',(0.,0.,1.));
#3333=DIRECTION('center_axis',(1.,-1.22464679914735E-16,0.));
#3334=DIRECTION('ref_axis',(0.,0.,1.));
#3335=DIRECTION('',(-1.22464679914735E-16,-1.,0.));
#3336=DIRECTION('',(0.,0.,-1.));
#3337=DIRECTION('',(1.22464679914735E-16,1.,0.));
#3338=DIRECTION('center_axis',(0.,0.,1.));
#3339=DIRECTION('ref_axis',(-1.,1.22464679914735E-16,0.));
#3340=DIRECTION('',(-1.22464679914735E-16,-1.,0.));
#3341=DIRECTION('',(-1.22464679914735E-16,-1.,0.));
#3342=DIRECTION('',(-1.,1.22464679914735E-16,0.));
#3343=DIRECTION('',(-1.22464679914735E-16,-1.,0.));
#3344=DIRECTION('',(1.,-1.22464679914735E-16,0.));
#3345=DIRECTION('',(1.,-1.22464679914735E-16,0.));
#3346=DIRECTION('center_axis',(0.,0.,1.));
#3347=DIRECTION('ref_axis',(-1.,1.22464679914735E-16,0.));
#3348=DIRECTION('',(1.,-1.22464679914735E-16,0.));
#3349=DIRECTION('',(1.,-1.22464679914735E-16,0.));
#3350=DIRECTION('',(1.22464679914735E-16,1.,0.));
#3351=DIRECTION('',(-1.,1.22464679914735E-16,0.));
#3352=DIRECTION('',(1.22464679914735E-16,1.,0.));
#3353=DIRECTION('',(1.22464679914735E-16,1.,0.));
#3354=DIRECTION('center_axis',(1.22464679914735E-16,1.,0.));
#3355=DIRECTION('ref_axis',(0.,0.,-1.));
#3356=DIRECTION('',(0.,0.,-1.));
#3357=DIRECTION('',(-1.,1.22464679914735E-16,0.));
#3358=DIRECTION('center_axis',(1.22464679914735E-16,1.,0.));
#3359=DIRECTION('ref_axis',(0.,0.,-1.));
#3360=DIRECTION('',(-1.,1.22464679914735E-16,0.));
#3361=DIRECTION('',(0.,0.,-1.));
#3362=DIRECTION('center_axis',(0.,0.,1.));
#3363=DIRECTION('ref_axis',(-1.,1.22464679914735E-16,0.));
#3364=DIRECTION('',(1.,-1.22464679914735E-16,0.));
#3365=DIRECTION('center_axis',(0.,0.,-1.));
#3366=DIRECTION('ref_axis',(-1.,1.22464679914735E-16,0.));
#3367=DIRECTION('',(-1.22464679914735E-16,-1.,0.));
#3368=DIRECTION('center_axis',(0.,0.,1.));
#3369=DIRECTION('ref_axis',(-1.,1.22464679914735E-16,0.));
#3370=DIRECTION('',(1.,-1.22464679914735E-16,0.));
#3371=DIRECTION('center_axis',(0.,0.,1.));
#3372=DIRECTION('ref_axis',(-1.,1.22464679914735E-16,0.));
#3373=DIRECTION('',(1.22464679914735E-16,1.,0.));
#3374=DIRECTION('center_axis',(0.,0.,-1.));
#3375=DIRECTION('ref_axis',(-1.,1.22464679914735E-16,0.));
#3376=DIRECTION('',(1.,-1.22464679914735E-16,0.));
#3377=DIRECTION('center_axis',(0.,0.,1.));
#3378=DIRECTION('ref_axis',(-1.,1.22464679914735E-16,0.));
#3379=DIRECTION('center_axis',(0.,0.,1.));
#3380=DIRECTION('ref_axis',(-1.,1.22464679914735E-16,0.));
#3381=DIRECTION('',(-1.,1.22464679914735E-16,0.));
#3382=DIRECTION('center_axis',(0.,0.,-1.));
#3383=DIRECTION('ref_axis',(-1.,1.22464679914735E-16,0.));
#3384=DIRECTION('',(1.22464679914735E-16,1.,0.));
#3385=DIRECTION('center_axis',(0.,0.,1.));
#3386=DIRECTION('ref_axis',(-1.,1.22464679914735E-16,0.));
#3387=DIRECTION('center_axis',(0.,0.,-1.));
#3388=DIRECTION('ref_axis',(-1.,1.22464679914735E-16,0.));
#3389=DIRECTION('',(1.22464679914735E-16,1.,0.));
#3390=DIRECTION('center_axis',(0.,0.,1.));
#3391=DIRECTION('ref_axis',(-1.,1.22464679914735E-16,0.));
#3392=DIRECTION('',(-1.,1.22464679914735E-16,0.));
#3393=DIRECTION('center_axis',(0.,0.,1.));
#3394=DIRECTION('ref_axis',(-1.,1.22464679914735E-16,0.));
#3395=DIRECTION('',(-1.22464679914735E-16,-1.,0.));
#3396=DIRECTION('center_axis',(0.,0.,-1.));
#3397=DIRECTION('ref_axis',(-1.,1.22464679914735E-16,0.));
#3398=DIRECTION('center_axis',(0.,0.,1.));
#3399=DIRECTION('ref_axis',(-1.,1.22464679914735E-16,0.));
#3400=DIRECTION('',(-1.22464679914735E-16,-1.,0.));
#3401=DIRECTION('center_axis',(0.,0.,-1.));
#3402=DIRECTION('ref_axis',(-1.,1.22464679914735E-16,0.));
#3403=DIRECTION('',(-1.,1.22464679914735E-16,0.));
#3404=DIRECTION('center_axis',(0.,0.,1.));
#3405=DIRECTION('ref_axis',(-1.,1.22464679914735E-16,0.));
#3406=DIRECTION('',(1.22464679914735E-16,1.,0.));
#3407=DIRECTION('',(1.,-1.22464679914735E-16,0.));
#3408=DIRECTION('',(1.22464679914735E-16,1.,0.));
#3409=DIRECTION('',(-1.22464679914735E-16,-1.,0.));
#3410=DIRECTION('',(1.,-1.22464679914735E-16,0.));
#3411=DIRECTION('',(-1.22464679914735E-16,-1.,0.));
#3412=DIRECTION('center_axis',(1.,-1.22464679914735E-16,0.));
#3413=DIRECTION('ref_axis',(0.,0.,1.));
#3414=DIRECTION('',(0.,0.,1.));
#3415=DIRECTION('center_axis',(-1.,1.22464679914735E-16,0.));
#3416=DIRECTION('ref_axis',(0.,0.,-1.));
#3417=DIRECTION('',(0.,0.,-1.));
#3418=DIRECTION('center_axis',(-1.22464679914735E-16,-1.,0.));
#3419=DIRECTION('ref_axis',(0.,0.,1.));
#3420=DIRECTION('',(0.,0.,-1.));
#3421=DIRECTION('center_axis',(-1.,1.22464679914735E-16,0.));
#3422=DIRECTION('ref_axis',(0.,0.,-1.));
#3423=DIRECTION('center_axis',(-1.22464679914735E-16,-1.,0.));
#3424=DIRECTION('ref_axis',(0.,0.,1.));
#3425=DIRECTION('',(0.,0.,-1.));
#3426=DIRECTION('center_axis',(1.,-1.22464679914735E-16,0.));
#3427=DIRECTION('ref_axis',(0.,0.,1.));
#3428=DIRECTION('center_axis',(-1.,1.22464679914735E-16,0.));
#3429=DIRECTION('ref_axis',(0.,0.,-1.));
#3430=DIRECTION('',(1.22464679914735E-16,1.,0.));
#3431=DIRECTION('center_axis',(1.,-1.22464679914735E-16,0.));
#3432=DIRECTION('ref_axis',(0.,0.,1.));
#3433=DIRECTION('center_axis',(0.,0.,-1.));
#3434=DIRECTION('ref_axis',(1.,-1.22464679914735E-16,0.));
#3435=DIRECTION('center_axis',(0.,0.,-1.));
#3436=DIRECTION('ref_axis',(-1.,1.22464679914735E-16,0.));
#3437=DIRECTION('center_axis',(0.,0.,1.));
#3438=DIRECTION('ref_axis',(-1.,1.22464679914735E-16,0.));
#3439=DIRECTION('center_axis',(0.,0.,1.));
#3440=DIRECTION('ref_axis',(-1.,1.22464679914735E-16,0.));
#3441=DIRECTION('center_axis',(0.,0.,1.));
#3442=DIRECTION('ref_axis',(-1.,1.22464679914735E-16,0.));
#3443=DIRECTION('',(1.,-1.22464679914735E-16,0.));
#3444=DIRECTION('center_axis',(0.,0.,1.));
#3445=DIRECTION('ref_axis',(-1.,1.22464679914735E-16,0.));
#3446=DIRECTION('',(1.22464679914735E-16,1.,0.));
#3447=DIRECTION('center_axis',(0.,0.,1.));
#3448=DIRECTION('ref_axis',(-1.,1.22464679914735E-16,0.));
#3449=DIRECTION('',(-1.,1.22464679914735E-16,0.));
#3450=DIRECTION('center_axis',(0.,0.,-1.));
#3451=DIRECTION('ref_axis',(1.,-1.22464679914735E-16,0.));
#3452=DIRECTION('center_axis',(0.,0.,-1.));
#3453=DIRECTION('ref_axis',(-1.,1.22464679914735E-16,0.));
#3454=DIRECTION('center_axis',(0.,0.,1.));
#3455=DIRECTION('ref_axis',(-1.,1.22464679914735E-16,0.));
#3456=DIRECTION('center_axis',(0.,0.,1.));
#3457=DIRECTION('ref_axis',(-1.,1.22464679914735E-16,0.));
#3458=DIRECTION('',(0.,0.,-1.));
#3459=DIRECTION('',(0.,0.,-1.));
#3460=DIRECTION('center_axis',(-1.22464679914735E-16,-1.,0.));
#3461=DIRECTION('ref_axis',(0.,0.,1.));
#3462=DIRECTION('',(0.,0.,-1.));
#3463=DIRECTION('',(1.,-1.22464679914735E-16,0.));
#3464=DIRECTION('',(0.,0.,-1.));
#3465=DIRECTION('',(1.,-1.22464679914735E-16,0.));
#3466=DIRECTION('center_axis',(0.,0.,1.));
#3467=DIRECTION('ref_axis',(-1.,1.22464679914735E-16,0.));
#3468=DIRECTION('',(1.22464679914735E-16,1.,0.));
#3469=DIRECTION('center_axis',(0.,0.,-1.));
#3470=DIRECTION('ref_axis',(-1.,1.22464679914735E-16,0.));
#3471=DIRECTION('',(1.,-1.22464679914735E-16,0.));
#3472=DIRECTION('center_axis',(0.,0.,-1.));
#3473=DIRECTION('ref_axis',(-1.,1.22464679914735E-16,0.));
#3474=DIRECTION('',(-1.22464679914735E-16,-1.,0.));
#3475=DIRECTION('center_axis',(0.,0.,1.));
#3476=DIRECTION('ref_axis',(-1.,1.22464679914735E-16,0.));
#3477=DIRECTION('center_axis',(1.,-1.22464679914735E-16,0.));
#3478=DIRECTION('ref_axis',(0.,0.,1.));
#3479=DIRECTION('',(0.,0.,-1.));
#3480=DIRECTION('center_axis',(0.,0.,1.));
#3481=DIRECTION('ref_axis',(-1.,1.22464679914735E-16,0.));
#3482=DIRECTION('',(0.,0.,-1.));
#3483=DIRECTION('',(0.,0.,-1.));
#3484=DIRECTION('center_axis',(-1.,1.22464679914735E-16,0.));
#3485=DIRECTION('ref_axis',(0.,0.,-1.));
#3486=DIRECTION('',(0.,0.,-1.));
#3487=DIRECTION('center_axis',(0.,0.,1.));
#3488=DIRECTION('ref_axis',(-1.,1.22464679914735E-16,0.));
#3489=DIRECTION('',(0.,0.,-1.));
#3490=DIRECTION('center_axis',(0.,0.,1.));
#3491=DIRECTION('ref_axis',(-1.,1.22464679914735E-16,0.));
#3492=DIRECTION('',(0.,0.,-1.));
#3493=DIRECTION('center_axis',(-1.22464679914735E-16,-1.,0.));
#3494=DIRECTION('ref_axis',(0.,0.,1.));
#3495=DIRECTION('center_axis',(0.,0.,1.));
#3496=DIRECTION('ref_axis',(-1.,1.22464679914735E-16,0.));
#3497=DIRECTION('',(0.,0.,-1.));
#3498=DIRECTION('',(0.,0.,-1.));
#3499=DIRECTION('center_axis',(1.22464679914735E-16,1.,0.));
#3500=DIRECTION('ref_axis',(0.,0.,-1.));
#3501=DIRECTION('',(0.,0.,-1.));
#3502=DIRECTION('center_axis',(0.,0.,1.));
#3503=DIRECTION('ref_axis',(-1.,1.22464679914735E-16,0.));
#3504=DIRECTION('',(0.,0.,-1.));
#3505=DIRECTION('',(0.,0.,-1.));
#3506=DIRECTION('center_axis',(1.,-1.22464679914735E-16,0.));
#3507=DIRECTION('ref_axis',(0.,0.,1.));
#3508=DIRECTION('',(0.,0.,-1.));
#3509=DIRECTION('',(0.,0.,-1.));
#3510=DIRECTION('center_axis',(0.,0.,1.));
#3511=DIRECTION('ref_axis',(-1.,1.22464679914735E-16,0.));
#3512=DIRECTION('center_axis',(0.,0.,1.));
#3513=DIRECTION('ref_axis',(-1.,1.22464679914735E-16,0.));
#3514=DIRECTION('',(0.,0.,-1.));
#3515=DIRECTION('',(0.,0.,-1.));
#3516=DIRECTION('center_axis',(-1.,1.22464679914735E-16,0.));
#3517=DIRECTION('ref_axis',(0.,0.,-1.));
#3518=DIRECTION('',(-1.22464679914735E-16,-1.,0.));
#3519=DIRECTION('',(0.,0.,-1.));
#3520=DIRECTION('',(-1.22464679914735E-16,-1.,0.));
#3521=DIRECTION('',(0.,0.,-1.));
#3522=DIRECTION('',(0.,0.,-1.));
#3523=DIRECTION('center_axis',(0.,0.,1.));
#3524=DIRECTION('ref_axis',(-1.,1.22464679914735E-16,0.));
#3525=DIRECTION('center_axis',(0.,0.,1.));
#3526=DIRECTION('ref_axis',(-1.,1.22464679914735E-16,0.));
#3527=DIRECTION('',(0.,0.,-1.));
#3528=DIRECTION('center_axis',(0.,0.,1.));
#3529=DIRECTION('ref_axis',(-1.,1.22464679914735E-16,0.));
#3530=DIRECTION('center_axis',(0.,0.,1.));
#3531=DIRECTION('ref_axis',(-1.,1.22464679914735E-16,0.));
#3532=DIRECTION('',(-1.,1.22464679914735E-16,0.));
#3533=DIRECTION('',(1.,-1.22464679914735E-16,0.));
#3534=DIRECTION('center_axis',(-1.22464679914735E-16,-1.,0.));
#3535=DIRECTION('ref_axis',(0.,0.,1.));
#3536=DIRECTION('',(0.,0.,-1.));
#3537=DIRECTION('center_axis',(-1.22464679914735E-16,-1.,0.));
#3538=DIRECTION('ref_axis',(0.,0.,1.));
#3539=DIRECTION('',(0.,0.,-1.));
#3540=DIRECTION('center_axis',(0.,0.,1.));
#3541=DIRECTION('ref_axis',(-1.,1.22464679914735E-16,0.));
#3542=DIRECTION('',(0.,0.,-1.));
#3543=DIRECTION('center_axis',(0.,0.,1.));
#3544=DIRECTION('ref_axis',(-1.,1.22464679914735E-16,0.));
#3545=DIRECTION('',(0.,0.,-1.));
#3546=DIRECTION('',(0.,0.,-1.));
#3547=DIRECTION('center_axis',(1.22464679914735E-16,1.,0.));
#3548=DIRECTION('ref_axis',(0.,0.,-1.));
#3549=DIRECTION('center_axis',(0.,0.,1.));
#3550=DIRECTION('ref_axis',(-1.,1.22464679914735E-16,0.));
#3551=DIRECTION('',(0.,0.,-1.));
#3552=DIRECTION('center_axis',(0.,0.,1.));
#3553=DIRECTION('ref_axis',(-1.,1.22464679914735E-16,0.));
#3554=DIRECTION('center_axis',(0.,0.,1.));
#3555=DIRECTION('ref_axis',(-1.,1.22464679914735E-16,0.));
#3556=DIRECTION('',(0.,0.,-1.));
#3557=DIRECTION('center_axis',(0.,0.,-1.));
#3558=DIRECTION('ref_axis',(-1.,1.22464679914735E-16,0.));
#3559=DIRECTION('center_axis',(0.,0.,1.));
#3560=DIRECTION('ref_axis',(-1.,1.22464679914735E-16,0.));
#3561=DIRECTION('center_axis',(0.,0.,-1.));
#3562=DIRECTION('ref_axis',(-1.,1.22464679914735E-16,0.));
#3563=DIRECTION('',(-1.,1.22464679914735E-16,0.));
#3564=DIRECTION('center_axis',(0.,0.,1.));
#3565=DIRECTION('ref_axis',(-1.,1.22464679914735E-16,0.));
#3566=DIRECTION('center_axis',(1.22464679914735E-16,1.,0.));
#3567=DIRECTION('ref_axis',(0.,0.,-1.));
#3568=CARTESIAN_POINT('',(0.,0.,0.));
#3569=CARTESIAN_POINT('Origin',(-8.,26.35,-4.8));
#3570=CARTESIAN_POINT('',(-5.,24.5,-4.8));
#3571=CARTESIAN_POINT('',(-11.,24.5,-4.8));
#3572=CARTESIAN_POINT('',(-8.,24.5,-4.8));
#3573=CARTESIAN_POINT('',(-5.,28.2,-4.8));
#3574=CARTESIAN_POINT('',(-5.,26.35,-4.8));
#3575=CARTESIAN_POINT('',(-11.,28.2,-4.8));
#3576=CARTESIAN_POINT('',(-8.,28.2,-4.8));
#3577=CARTESIAN_POINT('',(-11.,26.35,-4.8));
#3578=CARTESIAN_POINT('Origin',(-8.,23.2,-4.7));
#3579=CARTESIAN_POINT('',(-5.,23.2,-6.2));
#3580=CARTESIAN_POINT('',(-11.,23.2,-6.2));
#3581=CARTESIAN_POINT('',(-8.,23.2,-6.2));
#3582=CARTESIAN_POINT('',(-5.,23.2,-3.2));
#3583=CARTESIAN_POINT('',(-5.,23.2,-4.7));
#3584=CARTESIAN_POINT('',(-11.,23.2,-3.2));
#3585=CARTESIAN_POINT('',(-4.,23.2,-3.2));
#3586=CARTESIAN_POINT('',(-11.,23.2,-4.7));
#3587=CARTESIAN_POINT('Origin',(-5.,23.85,-4.7));
#3588=CARTESIAN_POINT('',(-5.,24.5,-3.2));
#3589=CARTESIAN_POINT('',(-5.,24.5,-4.7));
#3590=CARTESIAN_POINT('',(-5.,24.7,-3.2));
#3591=CARTESIAN_POINT('',(-5.,29.5,-6.2));
#3592=CARTESIAN_POINT('',(-5.,23.85,-6.2));
#3593=CARTESIAN_POINT('',(-5.,29.5,-3.2));
#3594=CARTESIAN_POINT('',(-5.,29.5,-4.7));
#3595=CARTESIAN_POINT('',(-5.,28.2,-3.2));
#3596=CARTESIAN_POINT('',(-5.,27.2,-3.2));
#3597=CARTESIAN_POINT('',(-5.,28.2,-4.7));
#3598=CARTESIAN_POINT('Origin',(-8.,24.5,-4.7));
#3599=CARTESIAN_POINT('',(-11.,24.5,-3.2));
#3600=CARTESIAN_POINT('',(-11.,24.5,-4.7));
#3601=CARTESIAN_POINT('',(-4.,24.5,-3.2));
#3602=CARTESIAN_POINT('Origin',(-8.,29.5,-4.7));
#3603=CARTESIAN_POINT('',(-11.,29.5,-6.2));
#3604=CARTESIAN_POINT('',(-8.,29.5,-6.2));
#3605=CARTESIAN_POINT('',(-11.,29.5,-3.2));
#3606=CARTESIAN_POINT('',(-11.,29.5,-4.7));
#3607=CARTESIAN_POINT('',(-4.,29.5,-3.2));
#3608=CARTESIAN_POINT('Origin',(-8.,28.2,-4.7));
#3609=CARTESIAN_POINT('',(-11.,28.2,-3.2));
#3610=CARTESIAN_POINT('',(-4.,28.2,-3.2));
#3611=CARTESIAN_POINT('',(-11.,28.2,-4.7));
#3612=CARTESIAN_POINT('Origin',(-8.,23.85,-6.2));
#3613=CARTESIAN_POINT('',(-11.,23.85,-6.2));
#3614=CARTESIAN_POINT('Origin',(-11.,23.85,-4.7));
#3615=CARTESIAN_POINT('',(-11.,24.7,-3.2));
#3616=CARTESIAN_POINT('',(-11.,27.2,-3.2));
#3617=CARTESIAN_POINT('Origin',(8.,26.35,-4.8));
#3618=CARTESIAN_POINT('',(11.,24.5,-4.8));
#3619=CARTESIAN_POINT('',(5.,24.5,-4.8));
#3620=CARTESIAN_POINT('',(8.,24.5,-4.8));
#3621=CARTESIAN_POINT('',(11.,28.2,-4.8));
#3622=CARTESIAN_POINT('',(11.,26.35,-4.8));
#3623=CARTESIAN_POINT('',(5.,28.2,-4.8));
#3624=CARTESIAN_POINT('',(8.,28.2,-4.8));
#3625=CARTESIAN_POINT('',(5.,26.35,-4.8));
#3626=CARTESIAN_POINT('Origin',(8.,23.2,-4.7));
#3627=CARTESIAN_POINT('',(11.,23.2,-6.2));
#3628=CARTESIAN_POINT('',(5.,23.2,-6.2));
#3629=CARTESIAN_POINT('',(8.,23.2,-6.2));
#3630=CARTESIAN_POINT('',(11.,23.2,-3.2));
#3631=CARTESIAN_POINT('',(11.,23.2,-4.7));
#3632=CARTESIAN_POINT('',(5.,23.2,-3.2));
#3633=CARTESIAN_POINT('',(4.,23.2,-3.2));
#3634=CARTESIAN_POINT('',(5.,23.2,-4.7));
#3635=CARTESIAN_POINT('Origin',(11.,23.85,-4.7));
#3636=CARTESIAN_POINT('',(11.,24.5,-3.2));
#3637=CARTESIAN_POINT('',(11.,24.5,-4.7));
#3638=CARTESIAN_POINT('',(11.,24.7,-3.2));
#3639=CARTESIAN_POINT('',(11.,29.5,-6.2));
#3640=CARTESIAN_POINT('',(11.,23.85,-6.2));
#3641=CARTESIAN_POINT('',(11.,29.5,-3.2));
#3642=CARTESIAN_POINT('',(11.,29.5,-4.7));
#3643=CARTESIAN_POINT('',(11.,28.2,-3.2));
#3644=CARTESIAN_POINT('',(11.,27.2,-3.2));
#3645=CARTESIAN_POINT('',(11.,28.2,-4.7));
#3646=CARTESIAN_POINT('Origin',(8.,24.5,-4.7));
#3647=CARTESIAN_POINT('',(5.,24.5,-3.2));
#3648=CARTESIAN_POINT('',(5.,24.5,-4.7));
#3649=CARTESIAN_POINT('',(4.,24.5,-3.2));
#3650=CARTESIAN_POINT('Origin',(8.,29.5,-4.7));
#3651=CARTESIAN_POINT('',(5.,29.5,-6.2));
#3652=CARTESIAN_POINT('',(8.,29.5,-6.2));
#3653=CARTESIAN_POINT('',(5.,29.5,-3.2));
#3654=CARTESIAN_POINT('',(5.,29.5,-4.7));
#3655=CARTESIAN_POINT('',(4.,29.5,-3.2));
#3656=CARTESIAN_POINT('Origin',(8.,28.2,-4.7));
#3657=CARTESIAN_POINT('',(5.,28.2,-3.2));
#3658=CARTESIAN_POINT('',(4.,28.2,-3.2));
#3659=CARTESIAN_POINT('',(5.,28.2,-4.7));
#3660=CARTESIAN_POINT('Origin',(8.,23.85,-6.2));
#3661=CARTESIAN_POINT('',(5.,23.85,-6.2));
#3662=CARTESIAN_POINT('Origin',(5.,23.85,-4.7));
#3663=CARTESIAN_POINT('',(5.,24.7,-3.2));
#3664=CARTESIAN_POINT('',(5.,27.2,-3.2));
#3665=CARTESIAN_POINT('Origin',(-1.61653377487451E-15,-13.2,-4.65));
#3666=CARTESIAN_POINT('',(-12.,-13.2,-5.4));
#3667=CARTESIAN_POINT('',(-12.,-13.2,-3.9));
#3668=CARTESIAN_POINT('',(-12.,-13.2,-4.35));
#3669=CARTESIAN_POINT('',(12.,-13.2,-5.4));
#3670=CARTESIAN_POINT('',(-1.61653377487451E-15,-13.2,-5.4));
#3671=CARTESIAN_POINT('',(12.,-13.2,-3.9));
#3672=CARTESIAN_POINT('',(12.,-13.2,-4.35));
#3673=CARTESIAN_POINT('',(-1.61653377487451E-15,-13.2,-3.9));
#3674=CARTESIAN_POINT('Origin',(13.,-12.575,-4.65));
#3675=CARTESIAN_POINT('',(13.,-13.05,-5.4));
#3676=CARTESIAN_POINT('',(13.,-13.05,-3.9));
#3677=CARTESIAN_POINT('',(13.,-13.05,-4.35));
#3678=CARTESIAN_POINT('',(13.,-11.95,-5.4));
#3679=CARTESIAN_POINT('',(13.,-12.575,-5.4));
#3680=CARTESIAN_POINT('',(13.,-11.95,-3.9));
#3681=CARTESIAN_POINT('',(13.,-11.95,-4.65));
#3682=CARTESIAN_POINT('',(13.,-12.575,-3.9));
#3683=CARTESIAN_POINT('Origin',(-1.5399933499278E-15,-12.575,-5.4));
#3684=CARTESIAN_POINT('',(-12.,-13.05,-5.4));
#3685=CARTESIAN_POINT('',(-12.,-13.675,-5.4));
#3686=CARTESIAN_POINT('',(-13.,-13.05,-5.4));
#3687=CARTESIAN_POINT('',(-6.5,-13.05,-5.4));
#3688=CARTESIAN_POINT('',(-13.,-11.95,-5.4));
#3689=CARTESIAN_POINT('',(-13.,-12.575,-5.4));
#3690=CARTESIAN_POINT('',(-1.46345292498109E-15,-11.95,-5.4));
#3691=CARTESIAN_POINT('',(12.,-13.05,-5.4));
#3692=CARTESIAN_POINT('',(6.5,-13.05,-5.4));
#3693=CARTESIAN_POINT('',(12.,-13.675,-5.4));
#3694=CARTESIAN_POINT('Origin',(-1.5399933499278E-15,-12.575,-3.9));
#3695=CARTESIAN_POINT('',(-12.,-13.05,-3.9));
#3696=CARTESIAN_POINT('',(-12.,-13.675,-3.9));
#3697=CARTESIAN_POINT('',(12.,-13.05,-3.9));
#3698=CARTESIAN_POINT('',(12.,-13.675,-3.9));
#3699=CARTESIAN_POINT('',(6.5,-13.05,-3.9));
#3700=CARTESIAN_POINT('',(-13.,-11.95,-3.9));
#3701=CARTESIAN_POINT('',(-1.46345292498109E-15,-11.95,-3.9));
#3702=CARTESIAN_POINT('',(-13.,-13.05,-3.9));
#3703=CARTESIAN_POINT('',(-13.,-12.575,-3.9));
#3704=CARTESIAN_POINT('',(-6.5,-13.05,-3.9));
#3705=CARTESIAN_POINT('Origin',(-1.46345292498109E-15,-11.95,-4.65));
#3706=CARTESIAN_POINT('',(-13.,-11.95,-4.65));
#3707=CARTESIAN_POINT('Origin',(-13.,-12.575,-4.65));
#3708=CARTESIAN_POINT('',(-13.,-13.05,-4.35));
#3709=CARTESIAN_POINT('Origin',(-13.,-13.05,-4.05));
#3710=CARTESIAN_POINT('',(-12.,-13.05,-5.8));
#3711=CARTESIAN_POINT('',(-12.,-13.05,-4.05));
#3712=CARTESIAN_POINT('',(-14.,-13.05,-5.8));
#3713=CARTESIAN_POINT('',(-13.,-13.05,-5.8));
#3714=CARTESIAN_POINT('',(-14.,-13.05,-2.3));
#3715=CARTESIAN_POINT('',(-14.,-13.05,-4.05));
#3716=CARTESIAN_POINT('',(-12.,-13.05,-2.3));
#3717=CARTESIAN_POINT('',(-6.5,-13.05,-2.3));
#3718=CARTESIAN_POINT('',(-12.,-13.05,-4.05));
#3719=CARTESIAN_POINT('Origin',(12.,-14.775,-4.05));
#3720=CARTESIAN_POINT('',(12.,-13.05,-5.8));
#3721=CARTESIAN_POINT('',(12.,-13.05,-4.05));
#3722=CARTESIAN_POINT('',(12.,-16.5,-5.8));
#3723=CARTESIAN_POINT('',(12.,-14.775,-5.8));
#3724=CARTESIAN_POINT('',(12.,-16.5,-2.3));
#3725=CARTESIAN_POINT('',(12.,-16.5,-4.3));
#3726=CARTESIAN_POINT('',(12.,-13.05,-2.3));
#3727=CARTESIAN_POINT('',(12.,-6.2,-2.3));
#3728=CARTESIAN_POINT('',(12.,-13.05,-4.05));
#3729=CARTESIAN_POINT('Origin',(-12.,-14.775,-4.05));
#3730=CARTESIAN_POINT('',(-12.,-16.5,-2.3));
#3731=CARTESIAN_POINT('',(-12.,-6.2,-2.3));
#3732=CARTESIAN_POINT('',(-12.,-16.5,-5.8));
#3733=CARTESIAN_POINT('',(-12.,-16.5,-4.3));
#3734=CARTESIAN_POINT('',(-12.,-14.775,-5.8));
#3735=CARTESIAN_POINT('Origin',(-14.,-14.775,-4.05));
#3736=CARTESIAN_POINT('',(-14.,-16.5,-5.8));
#3737=CARTESIAN_POINT('',(-14.,-14.775,-5.8));
#3738=CARTESIAN_POINT('',(-14.,-16.5,-2.3));
#3739=CARTESIAN_POINT('',(-14.,-16.5,-4.3));
#3740=CARTESIAN_POINT('',(-14.,-6.2,-2.3));
#3741=CARTESIAN_POINT('Origin',(-2.02066721859313E-15,-16.5,-4.55));
#3742=CARTESIAN_POINT('',(-8.,-16.5,-2.3));
#3743=CARTESIAN_POINT('',(-2.02066721859313E-15,-16.5,-2.3));
#3744=CARTESIAN_POINT('',(-8.,-16.5,0.));
#3745=CARTESIAN_POINT('',(-8.,-16.5,-0.655));
#3746=CARTESIAN_POINT('',(8.,-16.5,0.));
#3747=CARTESIAN_POINT('',(-2.02066721859313E-15,-16.5,0.));
#3748=CARTESIAN_POINT('',(8.,-16.5,-2.3));
#3749=CARTESIAN_POINT('',(8.,-16.5,-0.655));
#3750=CARTESIAN_POINT('',(-2.02066721859313E-15,-16.5,-2.3));
#3751=CARTESIAN_POINT('',(9.,-16.5,-5.8));
#3752=CARTESIAN_POINT('',(-2.02066721859313E-15,-16.5,-5.8));
#3753=CARTESIAN_POINT('',(9.,-16.5,-3.9));
#3754=CARTESIAN_POINT('',(9.,-16.5,-4.95));
#3755=CARTESIAN_POINT('',(-9.,-16.5,-3.9));
#3756=CARTESIAN_POINT('',(-2.02066721859313E-15,-16.5,-3.9));
#3757=CARTESIAN_POINT('',(-9.,-16.5,-5.8));
#3758=CARTESIAN_POINT('',(-9.,-16.5,-4.95));
#3759=CARTESIAN_POINT('',(-2.02066721859313E-15,-16.5,-5.8));
#3760=CARTESIAN_POINT('Origin',(13.,-13.05,-4.05));
#3761=CARTESIAN_POINT('',(14.,-13.05,-2.3));
#3762=CARTESIAN_POINT('',(6.5,-13.05,-2.3));
#3763=CARTESIAN_POINT('',(14.,-13.05,-5.8));
#3764=CARTESIAN_POINT('',(14.,-13.05,-4.05));
#3765=CARTESIAN_POINT('',(13.,-13.05,-5.8));
#3766=CARTESIAN_POINT('Origin',(14.,-14.775,-4.05));
#3767=CARTESIAN_POINT('',(14.,-16.5,-5.8));
#3768=CARTESIAN_POINT('',(14.,-16.5,-2.3));
#3769=CARTESIAN_POINT('',(14.,-16.5,-4.3));
#3770=CARTESIAN_POINT('',(14.,-14.775,-5.8));
#3771=CARTESIAN_POINT('',(14.,-6.2,-2.3));
#3772=CARTESIAN_POINT('Origin',(-2.02066721859313E-15,-16.5,-4.55));
#3773=CARTESIAN_POINT('',(18.2,-16.5,-2.3));
#3774=CARTESIAN_POINT('',(-2.02066721859313E-15,-16.5,-2.3));
#3775=CARTESIAN_POINT('',(18.2,-16.5,-5.8));
#3776=CARTESIAN_POINT('',(18.2,-16.5,-4.55));
#3777=CARTESIAN_POINT('',(-2.02066721859313E-15,-16.5,-5.8));
#3778=CARTESIAN_POINT('Origin',(-15.35,18.25,-3.755));
#3779=CARTESIAN_POINT('',(-15.35,20.4219806628973,-1.31));
#3780=CARTESIAN_POINT('',(-15.35,20.4219806628973,-2.1));
#3781=CARTESIAN_POINT('',(-15.35,20.4219806628973,-1.7));
#3782=CARTESIAN_POINT('',(-15.35,16.0780193371027,-1.31));
#3783=CARTESIAN_POINT('',(-15.35,18.25,-1.31));
#3784=CARTESIAN_POINT('',(-15.35,16.0780193371027,-2.1));
#3785=CARTESIAN_POINT('',(-15.35,16.0780193371027,-1.7));
#3786=CARTESIAN_POINT('',(-15.35,16.8944558288274,-2.1));
#3787=CARTESIAN_POINT('',(-15.35,18.25,-2.1));
#3788=CARTESIAN_POINT('',(-15.35,16.8944558288274,-3.9));
#3789=CARTESIAN_POINT('',(-15.35,16.8944558288274,-2.6));
#3790=CARTESIAN_POINT('',(-15.35,16.6119752749119,-4.4));
#3791=CARTESIAN_POINT('Ctrl Pts',(-15.35,16.6119752749119,-4.4));
#3792=CARTESIAN_POINT('Ctrl Pts',(-15.35,16.7658467961519,-4.12640938260176));
#3793=CARTESIAN_POINT('Ctrl Pts',(-15.35,16.8944558288274,-3.9));
#3794=CARTESIAN_POINT('',(-15.35,17.1021759716751,-5.6));
#3795=CARTESIAN_POINT('Ctrl Pts',(-15.35,17.1021759716751,-5.6));
#3796=CARTESIAN_POINT('Ctrl Pts',(-15.35,16.8975704634617,-5.10557659230536));
#3797=CARTESIAN_POINT('Ctrl Pts',(-15.35,16.6119752749119,-4.4));
#3798=CARTESIAN_POINT('',(-15.35,19.3978240283249,-5.6));
#3799=CARTESIAN_POINT('',(-15.35,18.25,-5.6));
#3800=CARTESIAN_POINT('',(-15.35,19.8880247250881,-4.4));
#3801=CARTESIAN_POINT('Ctrl Pts',(-15.35,19.8880247250881,-4.4));
#3802=CARTESIAN_POINT('Ctrl Pts',(-15.35,19.6024295365383,-5.10557659230536));
#3803=CARTESIAN_POINT('Ctrl Pts',(-15.35,19.3978240283249,-5.6));
#3804=CARTESIAN_POINT('',(-15.35,19.6055441711726,-3.9));
#3805=CARTESIAN_POINT('Ctrl Pts',(-15.35,19.6055441711726,-3.9));
#3806=CARTESIAN_POINT('Ctrl Pts',(-15.35,19.7341532038481,-4.12640938260176));
#3807=CARTESIAN_POINT('Ctrl Pts',(-15.35,19.8880247250881,-4.4));
#3808=CARTESIAN_POINT('',(-15.35,19.6055441711726,-2.1));
#3809=CARTESIAN_POINT('',(-15.35,19.6055441711726,-2.6));
#3810=CARTESIAN_POINT('',(-15.35,18.25,-2.1));
#3811=CARTESIAN_POINT('Origin',(-15.,18.25,-1.31));
#3812=CARTESIAN_POINT('',(-14.65,20.4219806628973,-1.31));
#3813=CARTESIAN_POINT('Origin',(-15.,18.25,-1.31));
#3814=CARTESIAN_POINT('',(-14.65,16.0780193371027,-1.31));
#3815=CARTESIAN_POINT('',(-14.65,18.25,-1.31));
#3816=CARTESIAN_POINT('Origin',(-15.,18.25,-1.31));
#3817=CARTESIAN_POINT('Origin',(-14.65,18.25,-3.755));
#3818=CARTESIAN_POINT('',(-14.65,20.4219806628973,-2.1));
#3819=CARTESIAN_POINT('',(-14.65,20.4219806628973,-1.7));
#3820=CARTESIAN_POINT('',(-14.65,19.6055441711726,-2.1));
#3821=CARTESIAN_POINT('',(-14.65,18.25,-2.1));
#3822=CARTESIAN_POINT('',(-14.65,19.6055441711726,-3.9));
#3823=CARTESIAN_POINT('',(-14.65,19.6055441711726,-2.6));
#3824=CARTESIAN_POINT('',(-14.65,19.8880247250881,-4.4));
#3825=CARTESIAN_POINT('Ctrl Pts',(-14.65,19.8880247250881,-4.4));
#3826=CARTESIAN_POINT('Ctrl Pts',(-14.65,19.7341532038481,-4.12640938260176));
#3827=CARTESIAN_POINT('Ctrl Pts',(-14.65,19.6055441711726,-3.9));
#3828=CARTESIAN_POINT('',(-14.65,19.3978240283249,-5.6));
#3829=CARTESIAN_POINT('Ctrl Pts',(-14.65,19.3978240283249,-5.6));
#3830=CARTESIAN_POINT('Ctrl Pts',(-14.65,19.6024295365383,-5.10557659230536));
#3831=CARTESIAN_POINT('Ctrl Pts',(-14.65,19.8880247250881,-4.4));
#3832=CARTESIAN_POINT('',(-14.65,17.1021759716751,-5.6));
#3833=CARTESIAN_POINT('',(-14.65,18.25,-5.6));
#3834=CARTESIAN_POINT('',(-14.65,16.6119752749119,-4.4));
#3835=CARTESIAN_POINT('Ctrl Pts',(-14.65,16.6119752749119,-4.4));
#3836=CARTESIAN_POINT('Ctrl Pts',(-14.65,16.8975704634617,-5.10557659230536));
#3837=CARTESIAN_POINT('Ctrl Pts',(-14.65,17.1021759716751,-5.6));
#3838=CARTESIAN_POINT('',(-14.65,16.8944558288274,-3.9));
#3839=CARTESIAN_POINT('Ctrl Pts',(-14.65,16.8944558288274,-3.9));
#3840=CARTESIAN_POINT('Ctrl Pts',(-14.65,16.7658467961519,-4.12640938260176));
#3841=CARTESIAN_POINT('Ctrl Pts',(-14.65,16.6119752749119,-4.4));
#3842=CARTESIAN_POINT('',(-14.65,16.8944558288274,-2.1));
#3843=CARTESIAN_POINT('',(-14.65,16.8944558288274,-2.6));
#3844=CARTESIAN_POINT('',(-14.65,16.0780193371027,-2.1));
#3845=CARTESIAN_POINT('',(-14.65,18.25,-2.1));
#3846=CARTESIAN_POINT('',(-14.65,16.0780193371027,-1.7));
#3847=CARTESIAN_POINT('Origin',(-15.,18.25,-1.7));
#3848=CARTESIAN_POINT('',(-12.8,18.25,-1.3));
#3849=CARTESIAN_POINT('Origin',(-15.,18.25,-1.3));
#3850=CARTESIAN_POINT('',(-12.8,18.25,-2.1));
#3851=CARTESIAN_POINT('',(-12.8,18.25,-1.7));
#3852=CARTESIAN_POINT('Origin',(-15.,18.25,-2.1));
#3853=CARTESIAN_POINT('Origin',(-15.,18.25,-2.1));
#3854=CARTESIAN_POINT('Origin',(-15.,18.25,-2.1));
#3855=CARTESIAN_POINT('Origin',(-15.,18.25,-2.1));
#3856=CARTESIAN_POINT('Origin',(-15.,18.25,-2.1));
#3857=CARTESIAN_POINT('Origin',(-15.,18.25,-2.1));
#3858=CARTESIAN_POINT('Origin',(-15.,18.25,-2.1));
#3859=CARTESIAN_POINT('Origin',(-15.,18.25,-2.6));
#3860=CARTESIAN_POINT('Origin',(-15.,18.25,-3.9));
#3861=CARTESIAN_POINT('Origin',(-15.,18.25,-2.6));
#3862=CARTESIAN_POINT('Origin',(-15.,18.25,-3.9));
#3863=CARTESIAN_POINT('Origin',(-15.,18.25,-4.15));
#3864=CARTESIAN_POINT('Origin',(-15.,18.25,-4.4));
#3865=CARTESIAN_POINT('Origin',(-15.,18.25,-4.15));
#3866=CARTESIAN_POINT('Origin',(-15.,18.25,-4.4));
#3867=CARTESIAN_POINT('Origin',(-15.,18.25,-5.6));
#3868=CARTESIAN_POINT('Origin',(-15.,18.25,-5.6));
#3869=CARTESIAN_POINT('Origin',(-15.,18.25,-5.));
#3870=CARTESIAN_POINT('Origin',(-15.,18.25,-5.));
#3871=CARTESIAN_POINT('Origin',(-15.,18.25,-5.6));
#3872=CARTESIAN_POINT('Origin',(-15.,18.25,-5.6));
#3873=CARTESIAN_POINT('Origin',(14.65,18.25,-3.755));
#3874=CARTESIAN_POINT('',(14.65,20.4219806628973,-1.31));
#3875=CARTESIAN_POINT('',(14.65,20.4219806628973,-2.1));
#3876=CARTESIAN_POINT('',(14.65,20.4219806628973,-1.7));
#3877=CARTESIAN_POINT('',(14.65,16.0780193371026,-1.31));
#3878=CARTESIAN_POINT('',(14.65,18.25,-1.31));
#3879=CARTESIAN_POINT('',(14.65,16.0780193371026,-2.1));
#3880=CARTESIAN_POINT('',(14.65,16.0780193371026,-1.7));
#3881=CARTESIAN_POINT('',(14.65,16.8944558288274,-2.1));
#3882=CARTESIAN_POINT('',(14.65,18.25,-2.1));
#3883=CARTESIAN_POINT('',(14.65,16.8944558288274,-3.9));
#3884=CARTESIAN_POINT('',(14.65,16.8944558288274,-2.6));
#3885=CARTESIAN_POINT('',(14.65,16.6119752749119,-4.4));
#3886=CARTESIAN_POINT('Ctrl Pts',(14.65,16.6119752749119,-4.4));
#3887=CARTESIAN_POINT('Ctrl Pts',(14.65,16.7658467961519,-4.12640938260176));
#3888=CARTESIAN_POINT('Ctrl Pts',(14.65,16.8944558288274,-3.9));
#3889=CARTESIAN_POINT('',(14.65,17.1021759716751,-5.6));
#3890=CARTESIAN_POINT('Ctrl Pts',(14.65,17.1021759716751,-5.6));
#3891=CARTESIAN_POINT('Ctrl Pts',(14.65,16.8975704634617,-5.10557659230536));
#3892=CARTESIAN_POINT('Ctrl Pts',(14.65,16.6119752749119,-4.4));
#3893=CARTESIAN_POINT('',(14.65,19.3978240283249,-5.6));
#3894=CARTESIAN_POINT('',(14.65,18.25,-5.6));
#3895=CARTESIAN_POINT('',(14.65,19.8880247250881,-4.4));
#3896=CARTESIAN_POINT('Ctrl Pts',(14.65,19.8880247250881,-4.4));
#3897=CARTESIAN_POINT('Ctrl Pts',(14.65,19.6024295365383,-5.10557659230536));
#3898=CARTESIAN_POINT('Ctrl Pts',(14.65,19.3978240283249,-5.6));
#3899=CARTESIAN_POINT('',(14.65,19.6055441711726,-3.9));
#3900=CARTESIAN_POINT('Ctrl Pts',(14.65,19.6055441711726,-3.9));
#3901=CARTESIAN_POINT('Ctrl Pts',(14.65,19.7341532038481,-4.12640938260176));
#3902=CARTESIAN_POINT('Ctrl Pts',(14.65,19.8880247250881,-4.4));
#3903=CARTESIAN_POINT('',(14.65,19.6055441711726,-2.1));
#3904=CARTESIAN_POINT('',(14.65,19.6055441711726,-2.6));
#3905=CARTESIAN_POINT('',(14.65,18.25,-2.1));
#3906=CARTESIAN_POINT('Origin',(15.,18.25,-1.31));
#3907=CARTESIAN_POINT('',(15.35,20.4219806628973,-1.31));
#3908=CARTESIAN_POINT('Origin',(15.,18.25,-1.31));
#3909=CARTESIAN_POINT('',(15.35,16.0780193371026,-1.31));
#3910=CARTESIAN_POINT('',(15.35,18.25,-1.31));
#3911=CARTESIAN_POINT('Origin',(15.,18.25,-1.31));
#3912=CARTESIAN_POINT('Origin',(15.35,18.25,-3.755));
#3913=CARTESIAN_POINT('',(15.35,20.4219806628973,-2.1));
#3914=CARTESIAN_POINT('',(15.35,20.4219806628973,-1.7));
#3915=CARTESIAN_POINT('',(15.35,19.6055441711726,-2.1));
#3916=CARTESIAN_POINT('',(15.35,18.25,-2.1));
#3917=CARTESIAN_POINT('',(15.35,19.6055441711726,-3.9));
#3918=CARTESIAN_POINT('',(15.35,19.6055441711726,-2.6));
#3919=CARTESIAN_POINT('',(15.35,19.8880247250881,-4.4));
#3920=CARTESIAN_POINT('Ctrl Pts',(15.35,19.8880247250881,-4.4));
#3921=CARTESIAN_POINT('Ctrl Pts',(15.35,19.7341532038481,-4.12640938260176));
#3922=CARTESIAN_POINT('Ctrl Pts',(15.35,19.6055441711726,-3.9));
#3923=CARTESIAN_POINT('',(15.35,19.3978240283249,-5.6));
#3924=CARTESIAN_POINT('Ctrl Pts',(15.35,19.3978240283249,-5.6));
#3925=CARTESIAN_POINT('Ctrl Pts',(15.35,19.6024295365383,-5.10557659230536));
#3926=CARTESIAN_POINT('Ctrl Pts',(15.35,19.8880247250881,-4.4));
#3927=CARTESIAN_POINT('',(15.35,17.1021759716751,-5.6));
#3928=CARTESIAN_POINT('',(15.35,18.25,-5.6));
#3929=CARTESIAN_POINT('',(15.35,16.6119752749119,-4.4));
#3930=CARTESIAN_POINT('Ctrl Pts',(15.35,16.6119752749119,-4.4));
#3931=CARTESIAN_POINT('Ctrl Pts',(15.35,16.8975704634617,-5.10557659230536));
#3932=CARTESIAN_POINT('Ctrl Pts',(15.35,17.1021759716751,-5.6));
#3933=CARTESIAN_POINT('',(15.35,16.8944558288274,-3.9));
#3934=CARTESIAN_POINT('Ctrl Pts',(15.35,16.8944558288274,-3.9));
#3935=CARTESIAN_POINT('Ctrl Pts',(15.35,16.7658467961519,-4.12640938260176));
#3936=CARTESIAN_POINT('Ctrl Pts',(15.35,16.6119752749119,-4.4));
#3937=CARTESIAN_POINT('',(15.35,16.8944558288274,-2.1));
#3938=CARTESIAN_POINT('',(15.35,16.8944558288274,-2.6));
#3939=CARTESIAN_POINT('',(15.35,16.0780193371026,-2.1));
#3940=CARTESIAN_POINT('',(15.35,18.25,-2.1));
#3941=CARTESIAN_POINT('',(15.35,16.0780193371026,-1.7));
#3942=CARTESIAN_POINT('Origin',(15.,18.25,-1.7));
#3943=CARTESIAN_POINT('',(17.2,18.25,-1.3));
#3944=CARTESIAN_POINT('Origin',(15.,18.25,-1.3));
#3945=CARTESIAN_POINT('',(17.2,18.25,-2.1));
#3946=CARTESIAN_POINT('',(17.2,18.25,-1.7));
#3947=CARTESIAN_POINT('Origin',(15.,18.25,-2.1));
#3948=CARTESIAN_POINT('Origin',(15.,18.25,-2.1));
#3949=CARTESIAN_POINT('Origin',(15.,18.25,-2.1));
#3950=CARTESIAN_POINT('Origin',(15.,18.25,-2.1));
#3951=CARTESIAN_POINT('Origin',(15.,18.25,-2.1));
#3952=CARTESIAN_POINT('Origin',(15.,18.25,-2.1));
#3953=CARTESIAN_POINT('Origin',(15.,18.25,-2.1));
#3954=CARTESIAN_POINT('Origin',(15.,18.25,-2.6));
#3955=CARTESIAN_POINT('Origin',(15.,18.25,-3.9));
#3956=CARTESIAN_POINT('Origin',(15.,18.25,-2.6));
#3957=CARTESIAN_POINT('Origin',(15.,18.25,-3.9));
#3958=CARTESIAN_POINT('Origin',(15.,18.25,-4.15));
#3959=CARTESIAN_POINT('Origin',(15.,18.25,-4.4));
#3960=CARTESIAN_POINT('Origin',(15.,18.25,-4.15));
#3961=CARTESIAN_POINT('Origin',(15.,18.25,-4.4));
#3962=CARTESIAN_POINT('Origin',(15.,18.25,-5.6));
#3963=CARTESIAN_POINT('Origin',(15.,18.25,-5.6));
#3964=CARTESIAN_POINT('Origin',(15.,18.25,-5.));
#3965=CARTESIAN_POINT('Origin',(15.,18.25,-5.));
#3966=CARTESIAN_POINT('Origin',(15.,18.25,-5.6));
#3967=CARTESIAN_POINT('Origin',(15.,18.25,-5.6));
#3968=CARTESIAN_POINT('Origin',(-15.,-10.25,-4.6));
#3969=CARTESIAN_POINT('',(-13.95,-10.25,-4.8));
#3970=CARTESIAN_POINT('Origin',(-15.,-10.25,-4.8));
#3971=CARTESIAN_POINT('',(-13.65,-10.25,-4.4));
#3972=CARTESIAN_POINT('',(-13.8,-10.25,-4.6));
#3973=CARTESIAN_POINT('Origin',(-15.,-10.25,-4.4));
#3974=CARTESIAN_POINT('Origin',(-15.,-10.25,-4.8));
#3975=CARTESIAN_POINT('Origin',(-15.,-10.25,-3.35));
#3976=CARTESIAN_POINT('',(-16.1543396380615,-9.55,-2.3));
#3977=CARTESIAN_POINT('',(-13.65,-10.25,-2.3));
#3978=CARTESIAN_POINT('Origin',(-15.,-10.25,-2.3));
#3979=CARTESIAN_POINT('',(-13.8456603619385,-9.55,-2.3));
#3980=CARTESIAN_POINT('Origin',(-15.,-10.25,-2.3));
#3981=CARTESIAN_POINT('Origin',(-15.,-10.25,-2.3));
#3982=CARTESIAN_POINT('',(-13.65,-10.25,-3.35));
#3983=CARTESIAN_POINT('Origin',(-15.,-10.25,-2.3));
#3984=CARTESIAN_POINT('',(-1.16953769318572E-15,-9.55,-2.3));
#3985=CARTESIAN_POINT('Origin',(15.,-10.25,-4.6));
#3986=CARTESIAN_POINT('',(16.05,-10.25,-4.8));
#3987=CARTESIAN_POINT('Origin',(15.,-10.25,-4.8));
#3988=CARTESIAN_POINT('',(16.35,-10.25,-4.4));
#3989=CARTESIAN_POINT('',(16.2,-10.25,-4.6));
#3990=CARTESIAN_POINT('Origin',(15.,-10.25,-4.4));
#3991=CARTESIAN_POINT('Origin',(15.,-10.25,-4.8));
#3992=CARTESIAN_POINT('Origin',(15.,-10.25,-3.35));
#3993=CARTESIAN_POINT('',(13.8456603619385,-9.55,-2.3));
#3994=CARTESIAN_POINT('',(16.35,-10.25,-2.3));
#3995=CARTESIAN_POINT('Origin',(15.,-10.25,-2.3));
#3996=CARTESIAN_POINT('',(16.1543396380615,-9.55,-2.3));
#3997=CARTESIAN_POINT('Origin',(15.,-10.25,-2.3));
#3998=CARTESIAN_POINT('Origin',(15.,-10.25,-2.3));
#3999=CARTESIAN_POINT('',(16.35,-10.25,-3.35));
#4000=CARTESIAN_POINT('Origin',(15.,-10.25,-2.3));
#4001=CARTESIAN_POINT('',(-1.16953769318572E-15,-9.55,-2.3));
#4002=CARTESIAN_POINT('Origin',(-15.,18.25,-1.805));
#4003=CARTESIAN_POINT('',(-12.6,18.25,-2.3));
#4004=CARTESIAN_POINT('Origin',(-15.,18.25,-2.3));
#4005=CARTESIAN_POINT('',(-12.6,18.25,-1.3));
#4006=CARTESIAN_POINT('',(-12.6,18.25,-1.805));
#4007=CARTESIAN_POINT('Origin',(-15.,18.25,-1.3));
#4008=CARTESIAN_POINT('Origin',(-15.,18.25,-1.3));
#4009=CARTESIAN_POINT('Origin',(15.,18.25,-1.805));
#4010=CARTESIAN_POINT('',(17.4,18.25,-2.3));
#4011=CARTESIAN_POINT('Origin',(15.,18.25,-2.3));
#4012=CARTESIAN_POINT('',(17.4,18.25,-1.3));
#4013=CARTESIAN_POINT('',(17.4,18.25,-1.805));
#4014=CARTESIAN_POINT('Origin',(15.,18.25,-1.3));
#4015=CARTESIAN_POINT('Origin',(15.,18.25,-1.3));
#4016=CARTESIAN_POINT('Origin',(-24.5,3.00038465791102E-15,-2.6));
#4017=CARTESIAN_POINT('',(-23.4,3.00038465791102E-15,-5.6));
#4018=CARTESIAN_POINT('Origin',(-24.5,3.00038465791102E-15,-5.6));
#4019=CARTESIAN_POINT('',(-23.4,2.7309623620986E-15,-4.4));
#4020=CARTESIAN_POINT('',(-23.4,3.00038465791102E-15,-2.6));
#4021=CARTESIAN_POINT('Origin',(-24.5,3.00038465791102E-15,-4.4));
#4022=CARTESIAN_POINT('Origin',(-24.5,3.00038465791102E-15,-1.95));
#4023=CARTESIAN_POINT('',(-22.9,3.00038465791102E-15,-4.4));
#4024=CARTESIAN_POINT('Origin',(-24.5,3.00038465791102E-15,-4.4));
#4025=CARTESIAN_POINT('',(-22.9,2.60849768218386E-15,-0.4));
#4026=CARTESIAN_POINT('',(-22.9,3.00038465791102E-15,-1.95));
#4027=CARTESIAN_POINT('Origin',(-24.5,3.00038465791102E-15,-0.4));
#4028=CARTESIAN_POINT('Origin',(-24.5,3.00038465791102E-15,-4.4));
#4029=CARTESIAN_POINT('Origin',(-24.5,3.00038465791102E-15,0.05));
#4030=CARTESIAN_POINT('',(-22.5,3.00038465791102E-15,-0.4));
#4031=CARTESIAN_POINT('Origin',(-24.5,3.00038465791102E-15,-0.4));
#4032=CARTESIAN_POINT('',(-22.5,2.51052593825207E-15,0.));
#4033=CARTESIAN_POINT('',(-22.5,3.00038465791102E-15,0.05));
#4034=CARTESIAN_POINT('Origin',(-24.5,3.00038465791102E-15,0.));
#4035=CARTESIAN_POINT('Origin',(-24.5,3.00038465791102E-15,-0.4));
#4036=CARTESIAN_POINT('Origin',(24.5,-3.00038465791102E-15,-2.6));
#4037=CARTESIAN_POINT('',(25.6,-3.00038465791102E-15,-5.6));
#4038=CARTESIAN_POINT('Origin',(24.5,-3.00038465791102E-15,-5.6));
#4039=CARTESIAN_POINT('',(25.6,-3.26980695372343E-15,-4.4));
#4040=CARTESIAN_POINT('',(25.6,-3.00038465791102E-15,-2.6));
#4041=CARTESIAN_POINT('Origin',(24.5,-3.00038465791102E-15,-4.4));
#4042=CARTESIAN_POINT('Origin',(24.5,-3.00038465791102E-15,-1.95));
#4043=CARTESIAN_POINT('',(26.1,-3.00038465791102E-15,-4.4));
#4044=CARTESIAN_POINT('Origin',(24.5,-3.00038465791102E-15,-4.4));
#4045=CARTESIAN_POINT('',(26.1,-3.39227163363817E-15,-0.4));
#4046=CARTESIAN_POINT('',(26.1,-3.00038465791102E-15,-1.95));
#4047=CARTESIAN_POINT('Origin',(24.5,-3.00038465791102E-15,-0.4));
#4048=CARTESIAN_POINT('Origin',(24.5,-3.00038465791102E-15,-4.4));
#4049=CARTESIAN_POINT('Origin',(24.5,-3.00038465791102E-15,0.05));
#4050=CARTESIAN_POINT('',(26.5,-3.00038465791102E-15,-0.4));
#4051=CARTESIAN_POINT('Origin',(24.5,-3.00038465791102E-15,-0.4));
#4052=CARTESIAN_POINT('',(26.5,-3.49024337756996E-15,0.));
#4053=CARTESIAN_POINT('',(26.5,-3.00038465791102E-15,0.05));
#4054=CARTESIAN_POINT('Origin',(24.5,-3.00038465791102E-15,0.));
#4055=CARTESIAN_POINT('Origin',(24.5,-3.00038465791102E-15,-0.4));
#4056=CARTESIAN_POINT('Origin',(-9.,-17.895,-5.35));
#4057=CARTESIAN_POINT('',(-9.,-18.3,-3.9));
#4058=CARTESIAN_POINT('',(-9.,-17.895,-3.9));
#4059=CARTESIAN_POINT('',(-9.,-18.3,-5.8));
#4060=CARTESIAN_POINT('',(-9.,-18.3,-4.125));
#4061=CARTESIAN_POINT('',(-9.,-7.76,-5.8));
#4062=CARTESIAN_POINT('Origin',(-2.19150544707419E-15,-17.895,-3.9));
#4063=CARTESIAN_POINT('',(9.,-18.3,-3.9));
#4064=CARTESIAN_POINT('',(9.,-17.895,-3.9));
#4065=CARTESIAN_POINT('',(-2.24110364243966E-15,-18.3,-3.9));
#4066=CARTESIAN_POINT('Origin',(9.,-17.895,-5.35));
#4067=CARTESIAN_POINT('',(9.,-18.3,-5.8));
#4068=CARTESIAN_POINT('',(9.,-7.76,-5.8));
#4069=CARTESIAN_POINT('',(9.,-18.3,-4.125));
#4070=CARTESIAN_POINT('Origin',(-2.02066721859313E-15,-16.5,-4.55));
#4071=CARTESIAN_POINT('',(-18.2,-16.5,-5.8));
#4072=CARTESIAN_POINT('',(-2.02066721859313E-15,-16.5,-5.8));
#4073=CARTESIAN_POINT('',(-18.2,-16.5,-2.3));
#4074=CARTESIAN_POINT('',(-18.2,-16.5,-4.55));
#4075=CARTESIAN_POINT('',(-2.02066721859313E-15,-16.5,-2.3));
#4076=CARTESIAN_POINT('Origin',(2.90853614797496E-16,2.375,-5.8));
#4077=CARTESIAN_POINT('',(-16.,-18.3,-5.8));
#4078=CARTESIAN_POINT('',(-2.24110364243966E-15,-18.3,-5.8));
#4079=CARTESIAN_POINT('',(-20.,-14.3,-5.8));
#4080=CARTESIAN_POINT('Origin',(-16.,-14.3,-5.8));
#4081=CARTESIAN_POINT('',(-20.,19.05,-5.8));
#4082=CARTESIAN_POINT('',(-20.,2.375,-5.8));
#4083=CARTESIAN_POINT('',(-16.,23.05,-5.8));
#4084=CARTESIAN_POINT('Origin',(-16.,19.05,-5.8));
#4085=CARTESIAN_POINT('',(-9.,23.05,-5.8));
#4086=CARTESIAN_POINT('',(2.82281087203465E-15,23.05,-5.8));
#4087=CARTESIAN_POINT('',(-9.,21.25,-5.8));
#4088=CARTESIAN_POINT('',(-9.,12.51,-5.8));
#4089=CARTESIAN_POINT('',(-18.2,21.25,-5.8));
#4090=CARTESIAN_POINT('',(2.60237444818813E-15,21.25,-5.8));
#4091=CARTESIAN_POINT('',(-18.2,2.375,-5.8));
#4092=CARTESIAN_POINT('Origin',(9.,22.645,-5.35));
#4093=CARTESIAN_POINT('',(9.,21.25,-3.9));
#4094=CARTESIAN_POINT('',(9.,21.25,-5.8));
#4095=CARTESIAN_POINT('',(9.,21.25,-4.95));
#4096=CARTESIAN_POINT('',(9.,23.05,-3.9));
#4097=CARTESIAN_POINT('',(9.,22.645,-3.9));
#4098=CARTESIAN_POINT('',(9.,23.05,-5.8));
#4099=CARTESIAN_POINT('',(9.,23.05,-4.125));
#4100=CARTESIAN_POINT('',(9.,12.51,-5.8));
#4101=CARTESIAN_POINT('Origin',(2.77321267666918E-15,22.645,-3.9));
#4102=CARTESIAN_POINT('',(-9.,21.25,-3.9));
#4103=CARTESIAN_POINT('',(2.60237444818813E-15,21.25,-3.9));
#4104=CARTESIAN_POINT('',(-9.,23.05,-3.9));
#4105=CARTESIAN_POINT('',(-9.,22.645,-3.9));
#4106=CARTESIAN_POINT('',(2.82281087203465E-15,23.05,-3.9));
#4107=CARTESIAN_POINT('Origin',(-9.,22.645,-5.35));
#4108=CARTESIAN_POINT('',(-9.,21.25,-4.95));
#4109=CARTESIAN_POINT('',(-9.,23.05,-4.125));
#4110=CARTESIAN_POINT('Origin',(2.60237444818813E-15,21.25,-4.55));
#4111=CARTESIAN_POINT('',(18.2,21.25,-5.8));
#4112=CARTESIAN_POINT('',(2.60237444818813E-15,21.25,-5.8));
#4113=CARTESIAN_POINT('',(18.2,21.25,-2.3));
#4114=CARTESIAN_POINT('',(18.2,21.25,-4.55));
#4115=CARTESIAN_POINT('',(8.,21.25,-2.3));
#4116=CARTESIAN_POINT('',(2.60237444818813E-15,21.25,-2.3));
#4117=CARTESIAN_POINT('',(8.,21.25,0.));
#4118=CARTESIAN_POINT('',(8.,21.25,-0.655));
#4119=CARTESIAN_POINT('',(-8.,21.25,0.));
#4120=CARTESIAN_POINT('',(2.60237444818813E-15,21.25,0.));
#4121=CARTESIAN_POINT('',(-8.,21.25,-2.3));
#4122=CARTESIAN_POINT('',(-8.,21.25,-0.655));
#4123=CARTESIAN_POINT('',(-18.2,21.25,-2.3));
#4124=CARTESIAN_POINT('',(2.60237444818813E-15,21.25,-2.3));
#4125=CARTESIAN_POINT('',(-18.2,21.25,-4.55));
#4126=CARTESIAN_POINT('Origin',(8.,-13.025,-0.655));
#4127=CARTESIAN_POINT('',(8.,-9.55,-2.3));
#4128=CARTESIAN_POINT('',(8.,-5.325,-2.3));
#4129=CARTESIAN_POINT('',(8.,-9.55,0.));
#4130=CARTESIAN_POINT('',(8.,-5.325,0.));
#4131=CARTESIAN_POINT('',(8.,-9.55,-0.655));
#4132=CARTESIAN_POINT('Origin',(-8.,-13.025,-0.655));
#4133=CARTESIAN_POINT('',(-8.,-9.55,-2.3));
#4134=CARTESIAN_POINT('',(-8.,-5.325,-2.3));
#4135=CARTESIAN_POINT('',(-8.,-9.55,0.));
#4136=CARTESIAN_POINT('',(-8.,-9.55,-0.655));
#4137=CARTESIAN_POINT('',(-8.,-5.325,0.));
#4138=CARTESIAN_POINT('Origin',(2.90853614797496E-16,2.375,-2.3));
#4139=CARTESIAN_POINT('',(-18.2,2.375,-2.3));
#4140=CARTESIAN_POINT('',(-8.,14.45,-2.3));
#4141=CARTESIAN_POINT('',(-8.,10.1125,-2.3));
#4142=CARTESIAN_POINT('',(-17.5,14.45,-2.3));
#4143=CARTESIAN_POINT('',(1.76961462476793E-15,14.45,-2.3));
#4144=CARTESIAN_POINT('',(-17.5,-9.55,-2.3));
#4145=CARTESIAN_POINT('',(-17.5,2.4125,-2.3));
#4146=CARTESIAN_POINT('',(-1.16953769318572E-15,-9.55,-2.3));
#4147=CARTESIAN_POINT('',(-1.16953769318572E-15,-9.55,-2.3));
#4148=CARTESIAN_POINT('Origin',(2.90853614797496E-16,2.375,-2.3));
#4149=CARTESIAN_POINT('',(-1.16953769318572E-15,-9.55,-2.3));
#4150=CARTESIAN_POINT('',(17.5,-9.55,-2.3));
#4151=CARTESIAN_POINT('',(-1.16953769318572E-15,-9.55,-2.3));
#4152=CARTESIAN_POINT('',(17.5,14.45,-2.3));
#4153=CARTESIAN_POINT('',(17.5,2.4125,-2.3));
#4154=CARTESIAN_POINT('',(8.,14.45,-2.3));
#4155=CARTESIAN_POINT('',(1.76961462476793E-15,14.45,-2.3));
#4156=CARTESIAN_POINT('',(8.,10.1125,-2.3));
#4157=CARTESIAN_POINT('',(18.2,2.375,-2.3));
#4158=CARTESIAN_POINT('Origin',(-1.16953769318572E-15,-9.55,-0.655));
#4159=CARTESIAN_POINT('',(-17.5,-9.55,0.));
#4160=CARTESIAN_POINT('',(-17.5,-9.55,-0.655));
#4161=CARTESIAN_POINT('',(-1.16953769318572E-15,-9.55,0.));
#4162=CARTESIAN_POINT('Origin',(-1.16953769318572E-15,-9.55,-0.655));
#4163=CARTESIAN_POINT('',(17.5,-9.55,0.));
#4164=CARTESIAN_POINT('',(-1.16953769318572E-15,-9.55,0.));
#4165=CARTESIAN_POINT('',(17.5,-9.55,-0.655));
#4166=CARTESIAN_POINT('Origin',(2.90853614797496E-16,2.375,0.));
#4167=CARTESIAN_POINT('',(-24.5,-3.75,0.));
#4168=CARTESIAN_POINT('',(-22.5,-3.75,0.));
#4169=CARTESIAN_POINT('',(-4.59242549680257E-16,-3.75,0.));
#4170=CARTESIAN_POINT('',(-20.,-6.25,0.));
#4171=CARTESIAN_POINT('Origin',(-22.5,-6.25,0.));
#4172=CARTESIAN_POINT('',(-20.,-14.3,0.));
#4173=CARTESIAN_POINT('',(-20.,2.375,0.));
#4174=CARTESIAN_POINT('',(-16.,-18.3,0.));
#4175=CARTESIAN_POINT('Origin',(-16.,-14.3,0.));
#4176=CARTESIAN_POINT('',(16.,-18.3,0.));
#4177=CARTESIAN_POINT('',(-2.24110364243966E-15,-18.3,0.));
#4178=CARTESIAN_POINT('',(20.,-14.3,0.));
#4179=CARTESIAN_POINT('Origin',(16.,-14.3,0.));
#4180=CARTESIAN_POINT('',(20.,-6.25,0.));
#4181=CARTESIAN_POINT('',(20.,2.375,0.));
#4182=CARTESIAN_POINT('',(22.5,-3.75,0.));
#4183=CARTESIAN_POINT('Origin',(22.5,-6.25,0.));
#4184=CARTESIAN_POINT('',(24.5,-3.75,0.));
#4185=CARTESIAN_POINT('',(-4.59242549680257E-16,-3.75,0.));
#4186=CARTESIAN_POINT('',(28.25,-3.00038465791102E-15,0.));
#4187=CARTESIAN_POINT('Origin',(24.5,-3.00038465791102E-15,0.));
#4188=CARTESIAN_POINT('',(24.5,3.75,0.));
#4189=CARTESIAN_POINT('Origin',(24.5,-3.00038465791102E-15,0.));
#4190=CARTESIAN_POINT('',(22.5,3.75,0.));
#4191=CARTESIAN_POINT('',(4.59242549680257E-16,3.75,0.));
#4192=CARTESIAN_POINT('',(20.,6.25,0.));
#4193=CARTESIAN_POINT('Origin',(22.5,6.25,0.));
#4194=CARTESIAN_POINT('',(20.,19.05,0.));
#4195=CARTESIAN_POINT('',(20.,2.375,0.));
#4196=CARTESIAN_POINT('',(16.,23.05,0.));
#4197=CARTESIAN_POINT('Origin',(16.,19.05,0.));
#4198=CARTESIAN_POINT('',(13.5,25.55,0.));
#4199=CARTESIAN_POINT('Origin',(16.,25.55,0.));
#4200=CARTESIAN_POINT('',(13.5,27.05,0.));
#4201=CARTESIAN_POINT('',(13.5,25.55,0.));
#4202=CARTESIAN_POINT('',(10.5,30.05,0.));
#4203=CARTESIAN_POINT('Origin',(10.5,27.05,0.));
#4204=CARTESIAN_POINT('',(-10.5,30.05,0.));
#4205=CARTESIAN_POINT('',(3.6800636314378E-15,30.05,0.));
#4206=CARTESIAN_POINT('',(-13.5,27.05,0.));
#4207=CARTESIAN_POINT('Origin',(-10.5,27.05,0.));
#4208=CARTESIAN_POINT('',(-13.5,25.55,0.));
#4209=CARTESIAN_POINT('',(-13.5,25.55,0.));
#4210=CARTESIAN_POINT('',(-16.,23.05,0.));
#4211=CARTESIAN_POINT('Origin',(-16.,25.55,0.));
#4212=CARTESIAN_POINT('',(-20.,19.05,0.));
#4213=CARTESIAN_POINT('Origin',(-16.,19.05,0.));
#4214=CARTESIAN_POINT('',(-20.,6.25,0.));
#4215=CARTESIAN_POINT('',(-20.,2.375,0.));
#4216=CARTESIAN_POINT('',(-22.5,3.75,0.));
#4217=CARTESIAN_POINT('Origin',(-22.5,6.25,0.));
#4218=CARTESIAN_POINT('',(-24.5,3.75,0.));
#4219=CARTESIAN_POINT('',(4.59242549680257E-16,3.75,0.));
#4220=CARTESIAN_POINT('Origin',(-24.5,3.00038465791102E-15,0.));
#4221=CARTESIAN_POINT('',(-17.5,14.45,0.));
#4222=CARTESIAN_POINT('',(-17.5,2.4125,0.));
#4223=CARTESIAN_POINT('',(-8.,14.45,0.));
#4224=CARTESIAN_POINT('',(1.76961462476793E-15,14.45,0.));
#4225=CARTESIAN_POINT('',(-8.,10.1125,0.));
#4226=CARTESIAN_POINT('',(8.,14.45,0.));
#4227=CARTESIAN_POINT('',(8.,10.1125,0.));
#4228=CARTESIAN_POINT('',(17.5,14.45,0.));
#4229=CARTESIAN_POINT('',(1.76961462476793E-15,14.45,0.));
#4230=CARTESIAN_POINT('',(17.5,2.4125,0.));
#4231=CARTESIAN_POINT('Origin',(-8.,17.85,-0.655));
#4232=CARTESIAN_POINT('',(-8.,14.45,-0.655));
#4233=CARTESIAN_POINT('Origin',(8.,17.85,-0.655));
#4234=CARTESIAN_POINT('',(8.,14.45,-0.655));
#4235=CARTESIAN_POINT('Origin',(1.76961462476793E-15,14.45,-0.655));
#4236=CARTESIAN_POINT('',(17.5,14.45,-0.655));
#4237=CARTESIAN_POINT('Origin',(17.5,2.45,-0.655));
#4238=CARTESIAN_POINT('Origin',(1.76961462476793E-15,14.45,-0.655));
#4239=CARTESIAN_POINT('',(-17.5,14.45,-0.655));
#4240=CARTESIAN_POINT('Origin',(-17.5,2.45,-0.655));
#4241=CARTESIAN_POINT('Origin',(18.2,2.375,-4.55));
#4242=CARTESIAN_POINT('',(18.2,2.375,-5.8));
#4243=CARTESIAN_POINT('Origin',(-18.2,2.375,-4.55));
#4244=CARTESIAN_POINT('Origin',(-24.5,3.00038465791102E-15,-5.6));
#4245=CARTESIAN_POINT('',(-20.75,3.00038465791102E-15,-5.6));
#4246=CARTESIAN_POINT('Origin',(-24.5,3.00038465791102E-15,-5.6));
#4247=CARTESIAN_POINT('Origin',(0.,0.,-3.2));
#4248=CARTESIAN_POINT('',(-24.5,-3.75,-3.2));
#4249=CARTESIAN_POINT('',(-20.75,3.00038465791102E-15,-3.2));
#4250=CARTESIAN_POINT('Origin',(-24.5,3.00038465791102E-15,-3.2));
#4251=CARTESIAN_POINT('',(-24.5,3.75,-3.2));
#4252=CARTESIAN_POINT('Origin',(-24.5,3.00038465791102E-15,-3.2));
#4253=CARTESIAN_POINT('',(-22.5,3.75,-3.2));
#4254=CARTESIAN_POINT('',(4.59242549680257E-16,3.75,-3.2));
#4255=CARTESIAN_POINT('',(-20.,6.25,-3.2));
#4256=CARTESIAN_POINT('Origin',(-22.5,6.25,-3.2));
#4257=CARTESIAN_POINT('',(-20.,-6.25,-3.2));
#4258=CARTESIAN_POINT('',(-20.,1.1875,-3.2));
#4259=CARTESIAN_POINT('',(-22.5,-3.75,-3.2));
#4260=CARTESIAN_POINT('Origin',(-22.5,-6.25,-3.2));
#4261=CARTESIAN_POINT('',(-4.59242549680257E-16,-3.75,-3.2));
#4262=CARTESIAN_POINT('Origin',(24.5,-3.00038465791102E-15,-5.6));
#4263=CARTESIAN_POINT('',(28.25,-3.00038465791102E-15,-5.6));
#4264=CARTESIAN_POINT('Origin',(24.5,-3.00038465791102E-15,-5.6));
#4265=CARTESIAN_POINT('Origin',(-16.,25.55,-1.6));
#4266=CARTESIAN_POINT('',(-16.,23.05,-3.2));
#4267=CARTESIAN_POINT('',(-13.5,25.55,-3.2));
#4268=CARTESIAN_POINT('Origin',(-16.,25.55,-3.2));
#4269=CARTESIAN_POINT('',(-16.,23.05,-2.9));
#4270=CARTESIAN_POINT('',(-13.5,25.55,-1.6));
#4271=CARTESIAN_POINT('Origin',(2.82281087203465E-15,23.05,-2.9));
#4272=CARTESIAN_POINT('',(-16.,23.05,-2.9));
#4273=CARTESIAN_POINT('',(16.,23.05,-3.2));
#4274=CARTESIAN_POINT('',(2.82281087203465E-15,23.05,-3.2));
#4275=CARTESIAN_POINT('',(16.,23.05,-5.8));
#4276=CARTESIAN_POINT('',(16.,23.05,-2.9));
#4277=CARTESIAN_POINT('',(2.82281087203465E-15,23.05,-5.8));
#4278=CARTESIAN_POINT('Origin',(3.12897257182149E-15,25.55,-3.2));
#4279=CARTESIAN_POINT('',(-13.5,27.05,-3.2));
#4280=CARTESIAN_POINT('',(-13.5,25.55,-3.2));
#4281=CARTESIAN_POINT('',(-10.5,30.05,-3.2));
#4282=CARTESIAN_POINT('Origin',(-10.5,27.05,-3.2));
#4283=CARTESIAN_POINT('',(10.5,30.05,-3.2));
#4284=CARTESIAN_POINT('',(3.6800636314378E-15,30.05,-3.2));
#4285=CARTESIAN_POINT('',(13.5,27.05,-3.2));
#4286=CARTESIAN_POINT('Origin',(10.5,27.05,-3.2));
#4287=CARTESIAN_POINT('',(13.5,25.55,-3.2));
#4288=CARTESIAN_POINT('',(13.5,24.05,-3.2));
#4289=CARTESIAN_POINT('Origin',(16.,25.55,-3.2));
#4290=CARTESIAN_POINT('Origin',(-13.5,25.55,-1.6));
#4291=CARTESIAN_POINT('',(-13.5,27.05,-1.6));
#4292=CARTESIAN_POINT('Origin',(16.,25.55,-1.6));
#4293=CARTESIAN_POINT('',(13.5,25.55,-1.6));
#4294=CARTESIAN_POINT('',(16.,23.05,-2.9));
#4295=CARTESIAN_POINT('Origin',(13.5,25.55,-1.6));
#4296=CARTESIAN_POINT('',(13.5,27.05,-1.6));
#4297=CARTESIAN_POINT('Origin',(-10.5,27.05,-1.6));
#4298=CARTESIAN_POINT('',(-10.5,30.05,-1.6));
#4299=CARTESIAN_POINT('Origin',(10.5,27.05,-1.6));
#4300=CARTESIAN_POINT('',(10.5,30.05,-1.6));
#4301=CARTESIAN_POINT('Origin',(3.6800636314378E-15,30.05,-1.6));
#4302=CARTESIAN_POINT('Origin',(-22.5,-6.25,-1.6));
#4303=CARTESIAN_POINT('',(-20.,-6.25,-1.6));
#4304=CARTESIAN_POINT('',(-22.5,-3.75,-1.6));
#4305=CARTESIAN_POINT('Origin',(-4.59242549680257E-16,-3.75,-1.6));
#4306=CARTESIAN_POINT('',(-24.5,-3.75,-1.6));
#4307=CARTESIAN_POINT('Origin',(-22.5,6.25,-1.6));
#4308=CARTESIAN_POINT('',(-22.5,3.75,-1.6));
#4309=CARTESIAN_POINT('',(-20.,6.25,-1.6));
#4310=CARTESIAN_POINT('Origin',(-20.,2.375,-2.9));
#4311=CARTESIAN_POINT('',(-20.,19.05,-2.9));
#4312=CARTESIAN_POINT('',(-20.,-14.3,-2.9));
#4313=CARTESIAN_POINT('Origin',(22.5,-6.25,-1.6));
#4314=CARTESIAN_POINT('',(22.5,-3.75,-3.2));
#4315=CARTESIAN_POINT('',(20.,-6.25,-3.2));
#4316=CARTESIAN_POINT('Origin',(22.5,-6.25,-3.2));
#4317=CARTESIAN_POINT('',(22.5,-3.75,-1.6));
#4318=CARTESIAN_POINT('',(20.,-6.25,-1.6));
#4319=CARTESIAN_POINT('Origin',(20.,2.375,-2.9));
#4320=CARTESIAN_POINT('',(20.,6.25,-3.2));
#4321=CARTESIAN_POINT('',(20.,1.1875,-3.2));
#4322=CARTESIAN_POINT('',(20.,-14.3,-5.8));
#4323=CARTESIAN_POINT('',(20.,-14.3,-2.9));
#4324=CARTESIAN_POINT('',(20.,19.05,-5.8));
#4325=CARTESIAN_POINT('',(20.,2.375,-5.8));
#4326=CARTESIAN_POINT('',(20.,19.05,-2.9));
#4327=CARTESIAN_POINT('',(20.,6.25,-1.6));
#4328=CARTESIAN_POINT('Origin',(22.5,6.25,-1.6));
#4329=CARTESIAN_POINT('',(22.5,3.75,-3.2));
#4330=CARTESIAN_POINT('Origin',(22.5,6.25,-3.2));
#4331=CARTESIAN_POINT('',(22.5,3.75,-1.6));
#4332=CARTESIAN_POINT('Origin',(0.,0.,-3.2));
#4333=CARTESIAN_POINT('',(24.5,3.75,-3.2));
#4334=CARTESIAN_POINT('',(24.5,-3.75,-3.2));
#4335=CARTESIAN_POINT('Origin',(24.5,-3.00038465791102E-15,-3.2));
#4336=CARTESIAN_POINT('',(-4.59242549680257E-16,-3.75,-3.2));
#4337=CARTESIAN_POINT('',(4.59242549680257E-16,3.75,-3.2));
#4338=CARTESIAN_POINT('Origin',(4.59242549680257E-16,3.75,-1.6));
#4339=CARTESIAN_POINT('',(24.5,3.75,-1.6));
#4340=CARTESIAN_POINT('Origin',(4.59242549680257E-16,3.75,-1.6));
#4341=CARTESIAN_POINT('',(-24.5,3.75,-1.6));
#4342=CARTESIAN_POINT('Origin',(-24.5,3.00038465791102E-15,-1.6));
#4343=CARTESIAN_POINT('',(-20.75,3.00038465791102E-15,-1.6));
#4344=CARTESIAN_POINT('Origin',(24.5,-3.00038465791102E-15,-1.6));
#4345=CARTESIAN_POINT('',(24.5,-3.75,-1.6));
#4346=CARTESIAN_POINT('',(28.25,-3.00038465791102E-15,-1.6));
#4347=CARTESIAN_POINT('Origin',(-4.59242549680257E-16,-3.75,-1.6));
#4348=CARTESIAN_POINT('Origin',(-16.,-14.3,-2.9));
#4349=CARTESIAN_POINT('',(-16.,-18.3,-2.9));
#4350=CARTESIAN_POINT('Origin',(-16.,19.05,-2.9));
#4351=CARTESIAN_POINT('Origin',(16.,-14.3,-2.9));
#4352=CARTESIAN_POINT('',(16.,-18.3,-5.8));
#4353=CARTESIAN_POINT('',(16.,-18.3,-2.9));
#4354=CARTESIAN_POINT('Origin',(16.,-14.3,-5.8));
#4355=CARTESIAN_POINT('Origin',(2.90853614797496E-16,2.375,-5.8));
#4356=CARTESIAN_POINT('Origin',(16.,19.05,-5.8));
#4357=CARTESIAN_POINT('',(-2.24110364243966E-15,-18.3,-5.8));
#4358=CARTESIAN_POINT('Origin',(16.,19.05,-2.9));
#4359=CARTESIAN_POINT('Origin',(-2.24110364243966E-15,-18.3,-2.9));
#4360=UNCERTAINTY_MEASURE_WITH_UNIT(LENGTH_MEASURE(0.01),#4364,
'DISTANCE_ACCURACY_VALUE',
'Maximum model space distance between geometric entities at asserted c
onnectivities');
#4361=UNCERTAINTY_MEASURE_WITH_UNIT(LENGTH_MEASURE(0.01),#4364,
'DISTANCE_ACCURACY_VALUE',
'Maximum model space distance between geometric entities at asserted c
onnectivities');
#4362=(
GEOMETRIC_REPRESENTATION_CONTEXT(3)
GLOBAL_UNCERTAINTY_ASSIGNED_CONTEXT((#4360))
GLOBAL_UNIT_ASSIGNED_CONTEXT((#4364,#4366,#4367))
REPRESENTATION_CONTEXT('','3D')
);
#4363=(
GEOMETRIC_REPRESENTATION_CONTEXT(3)
GLOBAL_UNCERTAINTY_ASSIGNED_CONTEXT((#4361))
GLOBAL_UNIT_ASSIGNED_CONTEXT((#4364,#4366,#4367))
REPRESENTATION_CONTEXT('','3D')
);
#4364=(
LENGTH_UNIT()
NAMED_UNIT(*)
SI_UNIT(.MILLI.,.METRE.)
);
#4365=(
LENGTH_UNIT()
NAMED_UNIT(*)
SI_UNIT($,.METRE.)
);
#4366=(
NAMED_UNIT(*)
PLANE_ANGLE_UNIT()
SI_UNIT($,.RADIAN.)
);
#4367=(
NAMED_UNIT(*)
SI_UNIT($,.STERADIAN.)
SOLID_ANGLE_UNIT()
);
#4368=SHAPE_DEFINITION_REPRESENTATION(#4369,#4370);
#4369=PRODUCT_DEFINITION_SHAPE('',$,#4372);
#4370=SHAPE_REPRESENTATION('',(#2628),#4362);
#4371=PRODUCT_DEFINITION_CONTEXT('part definition',#4376,'design');
#4372=PRODUCT_DEFINITION('Rear_Display_Carrier','Rear_Display_Carrier',
#4373,#4371);
#4373=PRODUCT_DEFINITION_FORMATION('',$,#4378);
#4374=PRODUCT_RELATED_PRODUCT_CATEGORY('Rear_Display_Carrier',
'Rear_Display_Carrier',(#4378));
#4375=APPLICATION_PROTOCOL_DEFINITION('international standard',
'automotive_design',2009,#4376);
#4376=APPLICATION_CONTEXT(
'Core Data for Automotive Mechanical Design Process');
#4377=PRODUCT_CONTEXT('part definition',#4376,'mechanical');
#4378=PRODUCT('Rear_Display_Carrier','Rear_Display_Carrier',$,(#4377));
#4379=PRESENTATION_STYLE_ASSIGNMENT((#4381));
#4380=PRESENTATION_STYLE_ASSIGNMENT((#4382));
#4381=SURFACE_STYLE_USAGE(.BOTH.,#4383);
#4382=SURFACE_STYLE_USAGE(.BOTH.,#4384);
#4383=SURFACE_SIDE_STYLE('',(#4385));
#4384=SURFACE_SIDE_STYLE('',(#4386));
#4385=SURFACE_STYLE_FILL_AREA(#4387);
#4386=SURFACE_STYLE_FILL_AREA(#4388);
#4387=FILL_AREA_STYLE('Steel - Satin',(#4389));
#4388=FILL_AREA_STYLE('Plastic - Matte (Black)',(#4390));
#4389=FILL_AREA_STYLE_COLOUR('Steel - Satin',#4391);
#4390=FILL_AREA_STYLE_COLOUR('Plastic - Matte (Black)',#4392);
#4391=COLOUR_RGB('Steel - Satin',0.627450980392157,0.627450980392157,0.627450980392157);
#4392=COLOUR_RGB('Plastic - Matte (Black)',0.0980392156862745,0.0980392156862745,
0.0980392156862745);
ENDSEC;
END-ISO-10303-21;
