ISO-10303-21;
HEADER;
/* Generated by software containing ST-Developer
 * from STEP Tools, Inc. (www.steptools.com) 
 */

FILE_DESCRIPTION(
/* description */ (''),
/* implementation_level */ '2;1');

FILE_NAME(
/* name */ 'Rear_Display_Carrier.step',
/* time_stamp */ '2026-08-28T10:53:43+01:00',
/* author */ (''),
/* organization */ (''),
/* preprocessor_version */ 'ST-DEVELOPER v20.1',
/* originating_system */ 'Autodesk Translation Framework v15.8.0.0',
/* authorisation */ '');

FILE_SCHEMA (('AUTOMOTIVE_DESIGN { 1 0 10303 214 3 1 1 }'));
ENDSEC;

DATA;
#10=MECHANICAL_DESIGN_GEOMETRIC_PRESENTATION_REPRESENTATION('',(#13),#4109);
#11=SHAPE_REPRESENTATION_RELATIONSHIP('SRR','None',#4116,#12);
#12=ADVANCED_BREP_SHAPE_REPRESENTATION('',(#14),#4108);
#13=STYLED_ITEM('',(#4126),#14);
#14=MANIFOLD_SOLID_BREP('Rear_Display_Carrier',#2453);
#15=FACE_BOUND('',#371,.T.);
#16=FACE_BOUND('',#374,.T.);
#17=FACE_BOUND('',#378,.T.);
#18=FACE_BOUND('',#381,.T.);
#19=FACE_BOUND('',#385,.T.);
#20=FACE_BOUND('',#388,.T.);
#21=FACE_BOUND('',#392,.T.);
#22=FACE_BOUND('',#394,.T.);
#23=FACE_BOUND('',#398,.T.);
#24=FACE_BOUND('',#399,.T.);
#25=FACE_BOUND('',#400,.T.);
#26=FACE_BOUND('',#412,.T.);
#27=FACE_BOUND('',#415,.T.);
#28=FACE_BOUND('',#419,.T.);
#29=FACE_BOUND('',#420,.T.);
#30=FACE_BOUND('',#421,.T.);
#31=FACE_BOUND('',#422,.T.);
#32=FACE_BOUND('',#446,.T.);
#33=CONICAL_SURFACE('',#2515,1.5375,0.502843210927861);
#34=CONICAL_SURFACE('',#2517,1.5375,0.502843210927861);
#35=CONICAL_SURFACE('',#2521,1.4375,0.376909270324821);
#36=CONICAL_SURFACE('',#2522,1.4375,0.376909270324821);
#37=CONICAL_SURFACE('',#2543,1.5375,0.502843210927861);
#38=CONICAL_SURFACE('',#2545,1.5375,0.502843210927861);
#39=CONICAL_SURFACE('',#2549,1.4375,0.376909270324821);
#40=CONICAL_SURFACE('',#2550,1.4375,0.376909270324821);
#41=CONICAL_SURFACE('',#2553,1.2,0.643501108793284);
#42=CONICAL_SURFACE('',#2562,1.2,0.643501108793284);
#43=CYLINDRICAL_SURFACE('',#2502,2.2);
#44=CYLINDRICAL_SURFACE('',#2511,1.4);
#45=CYLINDRICAL_SURFACE('',#2513,1.4);
#46=CYLINDRICAL_SURFACE('',#2530,2.2);
#47=CYLINDRICAL_SURFACE('',#2539,1.4);
#48=CYLINDRICAL_SURFACE('',#2541,1.4);
#49=CYLINDRICAL_SURFACE('',#2557,1.35);
#50=CYLINDRICAL_SURFACE('',#2566,1.35);
#51=CYLINDRICAL_SURFACE('',#2571,2.4);
#52=CYLINDRICAL_SURFACE('',#2575,2.4);
#53=CYLINDRICAL_SURFACE('',#2579,1.1);
#54=CYLINDRICAL_SURFACE('',#2582,1.6);
#55=CYLINDRICAL_SURFACE('',#2586,2.);
#56=CYLINDRICAL_SURFACE('',#2590,1.1);
#57=CYLINDRICAL_SURFACE('',#2593,1.6);
#58=CYLINDRICAL_SURFACE('',#2597,2.);
#59=CYLINDRICAL_SURFACE('',#2642,2.5);
#60=CYLINDRICAL_SURFACE('',#2650,2.5);
#61=CYLINDRICAL_SURFACE('',#2652,3.);
#62=CYLINDRICAL_SURFACE('',#2653,3.);
#63=CYLINDRICAL_SURFACE('',#2655,2.5);
#64=CYLINDRICAL_SURFACE('',#2657,2.5);
#65=CYLINDRICAL_SURFACE('',#2659,2.5);
#66=CYLINDRICAL_SURFACE('',#2662,2.5);
#67=CYLINDRICAL_SURFACE('',#2668,3.75);
#68=CYLINDRICAL_SURFACE('',#2669,3.75);
#69=CYLINDRICAL_SURFACE('',#2671,4.);
#70=CYLINDRICAL_SURFACE('',#2673,4.);
#71=CYLINDRICAL_SURFACE('',#2675,4.);
#72=CYLINDRICAL_SURFACE('',#2679,4.);
#73=CIRCLE('',#2499,2.2);
#74=CIRCLE('',#2500,2.2);
#75=CIRCLE('',#2503,2.2);
#76=CIRCLE('',#2504,2.2);
#77=CIRCLE('',#2505,2.2);
#78=CIRCLE('',#2506,2.2);
#79=CIRCLE('',#2508,1.4);
#80=CIRCLE('',#2510,1.4);
#81=CIRCLE('',#2512,1.4);
#82=CIRCLE('',#2514,1.4);
#83=CIRCLE('',#2516,1.675);
#84=CIRCLE('',#2518,1.675);
#85=CIRCLE('',#2520,1.2);
#86=CIRCLE('',#2523,1.2);
#87=CIRCLE('',#2527,2.2);
#88=CIRCLE('',#2528,2.2);
#89=CIRCLE('',#2531,2.2);
#90=CIRCLE('',#2532,2.2);
#91=CIRCLE('',#2533,2.2);
#92=CIRCLE('',#2534,2.2);
#93=CIRCLE('',#2536,1.4);
#94=CIRCLE('',#2538,1.4);
#95=CIRCLE('',#2540,1.4);
#96=CIRCLE('',#2542,1.4);
#97=CIRCLE('',#2544,1.675);
#98=CIRCLE('',#2546,1.675);
#99=CIRCLE('',#2548,1.2);
#100=CIRCLE('',#2551,1.2);
#101=CIRCLE('',#2554,1.05);
#102=CIRCLE('',#2555,1.35);
#103=CIRCLE('',#2558,1.35);
#104=CIRCLE('',#2559,1.35);
#105=CIRCLE('',#2560,1.35);
#106=CIRCLE('',#2563,1.05);
#107=CIRCLE('',#2564,1.35);
#108=CIRCLE('',#2567,1.35);
#109=CIRCLE('',#2568,1.35);
#110=CIRCLE('',#2569,1.35);
#111=CIRCLE('',#2572,2.4);
#112=CIRCLE('',#2573,2.4);
#113=CIRCLE('',#2576,2.4);
#114=CIRCLE('',#2577,2.4);
#115=CIRCLE('',#2580,1.1);
#116=CIRCLE('',#2581,1.1);
#117=CIRCLE('',#2583,1.6);
#118=CIRCLE('',#2584,1.6);
#119=CIRCLE('',#2587,2.);
#120=CIRCLE('',#2588,2.);
#121=CIRCLE('',#2591,1.1);
#122=CIRCLE('',#2592,1.1);
#123=CIRCLE('',#2594,1.6);
#124=CIRCLE('',#2595,1.6);
#125=CIRCLE('',#2598,2.);
#126=CIRCLE('',#2599,2.);
#127=CIRCLE('',#2608,2.5);
#128=CIRCLE('',#2609,4.);
#129=CIRCLE('',#2610,4.);
#130=CIRCLE('',#2611,2.5);
#131=CIRCLE('',#2612,3.75);
#132=CIRCLE('',#2613,3.75);
#133=CIRCLE('',#2614,2.5);
#134=CIRCLE('',#2615,4.);
#135=CIRCLE('',#2616,2.5);
#136=CIRCLE('',#2617,3.);
#137=CIRCLE('',#2618,3.);
#138=CIRCLE('',#2619,2.5);
#139=CIRCLE('',#2620,4.);
#140=CIRCLE('',#2621,2.5);
#141=CIRCLE('',#2622,3.75);
#142=CIRCLE('',#2634,3.75);
#143=CIRCLE('',#2636,3.75);
#144=CIRCLE('',#2637,3.75);
#145=CIRCLE('',#2638,2.5);
#146=CIRCLE('',#2639,2.5);
#147=CIRCLE('',#2641,3.75);
#148=CIRCLE('',#2643,2.5);
#149=CIRCLE('',#2646,3.);
#150=CIRCLE('',#2647,3.);
#151=CIRCLE('',#2648,2.5);
#152=CIRCLE('',#2660,2.5);
#153=CIRCLE('',#2663,2.5);
#154=CIRCLE('',#2665,3.75);
#155=CIRCLE('',#2672,4.);
#156=CIRCLE('',#2674,4.);
#157=CIRCLE('',#2676,4.);
#158=CIRCLE('',#2678,4.);
#159=(
BOUNDED_CURVE()
B_SPLINE_CURVE(2,(#3576,#3577,#3578),.UNSPECIFIED.,.F.,.F.)
B_SPLINE_CURVE_WITH_KNOTS((3,3),(0.,0.0574278358885043),.UNSPECIFIED.)
CURVE()
GEOMETRIC_REPRESENTATION_ITEM()
RATIONAL_B_SPLINE_CURVE((1.,1.00424635498191,1.))
REPRESENTATION_ITEM('')
);
#160=(
BOUNDED_CURVE()
B_SPLINE_CURVE(2,(#3580,#3581,#3582),.UNSPECIFIED.,.F.,.F.)
B_SPLINE_CURVE_WITH_KNOTS((3,3),(0.,0.129626494221697),.UNSPECIFIED.)
CURVE()
GEOMETRIC_REPRESENTATION_ITEM()
RATIONAL_B_SPLINE_CURVE((1.,1.01486072544904,1.))
REPRESENTATION_ITEM('')
);
#161=(
BOUNDED_CURVE()
B_SPLINE_CURVE(2,(#3586,#3587,#3588),.UNSPECIFIED.,.F.,.F.)
B_SPLINE_CURVE_WITH_KNOTS((3,3),(0.,0.129626494221697),.UNSPECIFIED.)
CURVE()
GEOMETRIC_REPRESENTATION_ITEM()
RATIONAL_B_SPLINE_CURVE((1.,1.01486072544904,1.))
REPRESENTATION_ITEM('')
);
#162=(
BOUNDED_CURVE()
B_SPLINE_CURVE(2,(#3590,#3591,#3592),.UNSPECIFIED.,.F.,.F.)
B_SPLINE_CURVE_WITH_KNOTS((3,3),(0.,0.0574278358885043),.UNSPECIFIED.)
CURVE()
GEOMETRIC_REPRESENTATION_ITEM()
RATIONAL_B_SPLINE_CURVE((1.,1.00424635498191,1.))
REPRESENTATION_ITEM('')
);
#163=(
BOUNDED_CURVE()
B_SPLINE_CURVE(2,(#3610,#3611,#3612),.UNSPECIFIED.,.F.,.F.)
B_SPLINE_CURVE_WITH_KNOTS((3,3),(0.,0.0574278358885043),.UNSPECIFIED.)
CURVE()
GEOMETRIC_REPRESENTATION_ITEM()
RATIONAL_B_SPLINE_CURVE((1.,1.00424635498191,1.))
REPRESENTATION_ITEM('')
);
#164=(
BOUNDED_CURVE()
B_SPLINE_CURVE(2,(#3614,#3615,#3616),.UNSPECIFIED.,.F.,.F.)
B_SPLINE_CURVE_WITH_KNOTS((3,3),(0.,0.129626494221697),.UNSPECIFIED.)
CURVE()
GEOMETRIC_REPRESENTATION_ITEM()
RATIONAL_B_SPLINE_CURVE((1.,1.01486072544904,1.))
REPRESENTATION_ITEM('')
);
#165=(
BOUNDED_CURVE()
B_SPLINE_CURVE(2,(#3620,#3621,#3622),.UNSPECIFIED.,.F.,.F.)
B_SPLINE_CURVE_WITH_KNOTS((3,3),(0.,0.129626494221697),.UNSPECIFIED.)
CURVE()
GEOMETRIC_REPRESENTATION_ITEM()
RATIONAL_B_SPLINE_CURVE((1.,1.01486072544904,1.))
REPRESENTATION_ITEM('')
);
#166=(
BOUNDED_CURVE()
B_SPLINE_CURVE(2,(#3624,#3625,#3626),.UNSPECIFIED.,.F.,.F.)
B_SPLINE_CURVE_WITH_KNOTS((3,3),(0.,0.0574278358885043),.UNSPECIFIED.)
CURVE()
GEOMETRIC_REPRESENTATION_ITEM()
RATIONAL_B_SPLINE_CURVE((1.,1.00424635498191,1.))
REPRESENTATION_ITEM('')
);
#167=(
BOUNDED_CURVE()
B_SPLINE_CURVE(2,(#3671,#3672,#3673),.UNSPECIFIED.,.F.,.F.)
B_SPLINE_CURVE_WITH_KNOTS((3,3),(0.,0.0574278358885043),.UNSPECIFIED.)
CURVE()
GEOMETRIC_REPRESENTATION_ITEM()
RATIONAL_B_SPLINE_CURVE((1.,1.00424635498191,1.))
REPRESENTATION_ITEM('')
);
#168=(
BOUNDED_CURVE()
B_SPLINE_CURVE(2,(#3675,#3676,#3677),.UNSPECIFIED.,.F.,.F.)
B_SPLINE_CURVE_WITH_KNOTS((3,3),(0.,0.129626494221697),.UNSPECIFIED.)
CURVE()
GEOMETRIC_REPRESENTATION_ITEM()
RATIONAL_B_SPLINE_CURVE((1.,1.01486072544904,1.))
REPRESENTATION_ITEM('')
);
#169=(
BOUNDED_CURVE()
B_SPLINE_CURVE(2,(#3681,#3682,#3683),.UNSPECIFIED.,.F.,.F.)
B_SPLINE_CURVE_WITH_KNOTS((3,3),(0.,0.129626494221697),.UNSPECIFIED.)
CURVE()
GEOMETRIC_REPRESENTATION_ITEM()
RATIONAL_B_SPLINE_CURVE((1.,1.01486072544904,1.))
REPRESENTATION_ITEM('')
);
#170=(
BOUNDED_CURVE()
B_SPLINE_CURVE(2,(#3685,#3686,#3687),.UNSPECIFIED.,.F.,.F.)
B_SPLINE_CURVE_WITH_KNOTS((3,3),(0.,0.0574278358885043),.UNSPECIFIED.)
CURVE()
GEOMETRIC_REPRESENTATION_ITEM()
RATIONAL_B_SPLINE_CURVE((1.,1.00424635498191,1.))
REPRESENTATION_ITEM('')
);
#171=(
BOUNDED_CURVE()
B_SPLINE_CURVE(2,(#3705,#3706,#3707),.UNSPECIFIED.,.F.,.F.)
B_SPLINE_CURVE_WITH_KNOTS((3,3),(0.,0.0574278358885043),.UNSPECIFIED.)
CURVE()
GEOMETRIC_REPRESENTATION_ITEM()
RATIONAL_B_SPLINE_CURVE((1.,1.00424635498191,1.))
REPRESENTATION_ITEM('')
);
#172=(
BOUNDED_CURVE()
B_SPLINE_CURVE(2,(#3709,#3710,#3711),.UNSPECIFIED.,.F.,.F.)
B_SPLINE_CURVE_WITH_KNOTS((3,3),(0.,0.129626494221697),.UNSPECIFIED.)
CURVE()
GEOMETRIC_REPRESENTATION_ITEM()
RATIONAL_B_SPLINE_CURVE((1.,1.01486072544904,1.))
REPRESENTATION_ITEM('')
);
#173=(
BOUNDED_CURVE()
B_SPLINE_CURVE(2,(#3715,#3716,#3717),.UNSPECIFIED.,.F.,.F.)
B_SPLINE_CURVE_WITH_KNOTS((3,3),(0.,0.129626494221697),.UNSPECIFIED.)
CURVE()
GEOMETRIC_REPRESENTATION_ITEM()
RATIONAL_B_SPLINE_CURVE((1.,1.01486072544904,1.))
REPRESENTATION_ITEM('')
);
#174=(
BOUNDED_CURVE()
B_SPLINE_CURVE(2,(#3719,#3720,#3721),.UNSPECIFIED.,.F.,.F.)
B_SPLINE_CURVE_WITH_KNOTS((3,3),(0.,0.0574278358885043),.UNSPECIFIED.)
CURVE()
GEOMETRIC_REPRESENTATION_ITEM()
RATIONAL_B_SPLINE_CURVE((1.,1.00424635498191,1.))
REPRESENTATION_ITEM('')
);
#175=FACE_OUTER_BOUND('',#303,.T.);
#176=FACE_OUTER_BOUND('',#304,.T.);
#177=FACE_OUTER_BOUND('',#305,.T.);
#178=FACE_OUTER_BOUND('',#306,.T.);
#179=FACE_OUTER_BOUND('',#307,.T.);
#180=FACE_OUTER_BOUND('',#308,.T.);
#181=FACE_OUTER_BOUND('',#309,.T.);
#182=FACE_OUTER_BOUND('',#310,.T.);
#183=FACE_OUTER_BOUND('',#311,.T.);
#184=FACE_OUTER_BOUND('',#312,.T.);
#185=FACE_OUTER_BOUND('',#313,.T.);
#186=FACE_OUTER_BOUND('',#314,.T.);
#187=FACE_OUTER_BOUND('',#315,.T.);
#188=FACE_OUTER_BOUND('',#316,.T.);
#189=FACE_OUTER_BOUND('',#317,.T.);
#190=FACE_OUTER_BOUND('',#318,.T.);
#191=FACE_OUTER_BOUND('',#319,.T.);
#192=FACE_OUTER_BOUND('',#320,.T.);
#193=FACE_OUTER_BOUND('',#321,.T.);
#194=FACE_OUTER_BOUND('',#322,.T.);
#195=FACE_OUTER_BOUND('',#323,.T.);
#196=FACE_OUTER_BOUND('',#324,.T.);
#197=FACE_OUTER_BOUND('',#325,.T.);
#198=FACE_OUTER_BOUND('',#326,.T.);
#199=FACE_OUTER_BOUND('',#327,.T.);
#200=FACE_OUTER_BOUND('',#328,.T.);
#201=FACE_OUTER_BOUND('',#329,.T.);
#202=FACE_OUTER_BOUND('',#330,.T.);
#203=FACE_OUTER_BOUND('',#331,.T.);
#204=FACE_OUTER_BOUND('',#332,.T.);
#205=FACE_OUTER_BOUND('',#333,.T.);
#206=FACE_OUTER_BOUND('',#334,.T.);
#207=FACE_OUTER_BOUND('',#335,.T.);
#208=FACE_OUTER_BOUND('',#336,.T.);
#209=FACE_OUTER_BOUND('',#337,.T.);
#210=FACE_OUTER_BOUND('',#338,.T.);
#211=FACE_OUTER_BOUND('',#339,.T.);
#212=FACE_OUTER_BOUND('',#340,.T.);
#213=FACE_OUTER_BOUND('',#341,.T.);
#214=FACE_OUTER_BOUND('',#342,.T.);
#215=FACE_OUTER_BOUND('',#343,.T.);
#216=FACE_OUTER_BOUND('',#344,.T.);
#217=FACE_OUTER_BOUND('',#345,.T.);
#218=FACE_OUTER_BOUND('',#346,.T.);
#219=FACE_OUTER_BOUND('',#347,.T.);
#220=FACE_OUTER_BOUND('',#348,.T.);
#221=FACE_OUTER_BOUND('',#349,.T.);
#222=FACE_OUTER_BOUND('',#350,.T.);
#223=FACE_OUTER_BOUND('',#351,.T.);
#224=FACE_OUTER_BOUND('',#352,.T.);
#225=FACE_OUTER_BOUND('',#353,.T.);
#226=FACE_OUTER_BOUND('',#354,.T.);
#227=FACE_OUTER_BOUND('',#355,.T.);
#228=FACE_OUTER_BOUND('',#356,.T.);
#229=FACE_OUTER_BOUND('',#357,.T.);
#230=FACE_OUTER_BOUND('',#358,.T.);
#231=FACE_OUTER_BOUND('',#359,.T.);
#232=FACE_OUTER_BOUND('',#360,.T.);
#233=FACE_OUTER_BOUND('',#361,.T.);
#234=FACE_OUTER_BOUND('',#362,.T.);
#235=FACE_OUTER_BOUND('',#363,.T.);
#236=FACE_OUTER_BOUND('',#364,.T.);
#237=FACE_OUTER_BOUND('',#365,.T.);
#238=FACE_OUTER_BOUND('',#366,.T.);
#239=FACE_OUTER_BOUND('',#367,.T.);
#240=FACE_OUTER_BOUND('',#368,.T.);
#241=FACE_OUTER_BOUND('',#369,.T.);
#242=FACE_OUTER_BOUND('',#370,.T.);
#243=FACE_OUTER_BOUND('',#372,.T.);
#244=FACE_OUTER_BOUND('',#373,.T.);
#245=FACE_OUTER_BOUND('',#375,.T.);
#246=FACE_OUTER_BOUND('',#376,.T.);
#247=FACE_OUTER_BOUND('',#377,.T.);
#248=FACE_OUTER_BOUND('',#379,.T.);
#249=FACE_OUTER_BOUND('',#380,.T.);
#250=FACE_OUTER_BOUND('',#382,.T.);
#251=FACE_OUTER_BOUND('',#383,.T.);
#252=FACE_OUTER_BOUND('',#384,.T.);
#253=FACE_OUTER_BOUND('',#386,.T.);
#254=FACE_OUTER_BOUND('',#387,.T.);
#255=FACE_OUTER_BOUND('',#389,.T.);
#256=FACE_OUTER_BOUND('',#390,.T.);
#257=FACE_OUTER_BOUND('',#391,.T.);
#258=FACE_OUTER_BOUND('',#393,.T.);
#259=FACE_OUTER_BOUND('',#395,.T.);
#260=FACE_OUTER_BOUND('',#396,.T.);
#261=FACE_OUTER_BOUND('',#397,.T.);
#262=FACE_OUTER_BOUND('',#401,.T.);
#263=FACE_OUTER_BOUND('',#402,.T.);
#264=FACE_OUTER_BOUND('',#403,.T.);
#265=FACE_OUTER_BOUND('',#404,.T.);
#266=FACE_OUTER_BOUND('',#405,.T.);
#267=FACE_OUTER_BOUND('',#406,.T.);
#268=FACE_OUTER_BOUND('',#407,.T.);
#269=FACE_OUTER_BOUND('',#408,.T.);
#270=FACE_OUTER_BOUND('',#409,.T.);
#271=FACE_OUTER_BOUND('',#410,.T.);
#272=FACE_OUTER_BOUND('',#411,.T.);
#273=FACE_OUTER_BOUND('',#413,.T.);
#274=FACE_OUTER_BOUND('',#414,.T.);
#275=FACE_OUTER_BOUND('',#416,.T.);
#276=FACE_OUTER_BOUND('',#417,.T.);
#277=FACE_OUTER_BOUND('',#418,.T.);
#278=FACE_OUTER_BOUND('',#423,.T.);
#279=FACE_OUTER_BOUND('',#424,.T.);
#280=FACE_OUTER_BOUND('',#425,.T.);
#281=FACE_OUTER_BOUND('',#426,.T.);
#282=FACE_OUTER_BOUND('',#427,.T.);
#283=FACE_OUTER_BOUND('',#428,.T.);
#284=FACE_OUTER_BOUND('',#429,.T.);
#285=FACE_OUTER_BOUND('',#430,.T.);
#286=FACE_OUTER_BOUND('',#431,.T.);
#287=FACE_OUTER_BOUND('',#432,.T.);
#288=FACE_OUTER_BOUND('',#433,.T.);
#289=FACE_OUTER_BOUND('',#434,.T.);
#290=FACE_OUTER_BOUND('',#435,.T.);
#291=FACE_OUTER_BOUND('',#436,.T.);
#292=FACE_OUTER_BOUND('',#437,.T.);
#293=FACE_OUTER_BOUND('',#438,.T.);
#294=FACE_OUTER_BOUND('',#439,.T.);
#295=FACE_OUTER_BOUND('',#440,.T.);
#296=FACE_OUTER_BOUND('',#441,.T.);
#297=FACE_OUTER_BOUND('',#442,.T.);
#298=FACE_OUTER_BOUND('',#443,.T.);
#299=FACE_OUTER_BOUND('',#444,.T.);
#300=FACE_OUTER_BOUND('',#445,.T.);
#301=FACE_OUTER_BOUND('',#447,.T.);
#302=FACE_OUTER_BOUND('',#448,.T.);
#303=EDGE_LOOP('',(#1533,#1534,#1535,#1536));
#304=EDGE_LOOP('',(#1537,#1538,#1539,#1540));
#305=EDGE_LOOP('',(#1541,#1542,#1543,#1544,#1545,#1546,#1547,#1548));
#306=EDGE_LOOP('',(#1549,#1550,#1551,#1552));
#307=EDGE_LOOP('',(#1553,#1554,#1555,#1556));
#308=EDGE_LOOP('',(#1557,#1558,#1559,#1560));
#309=EDGE_LOOP('',(#1561,#1562,#1563,#1564));
#310=EDGE_LOOP('',(#1565,#1566,#1567,#1568,#1569,#1570,#1571,#1572));
#311=EDGE_LOOP('',(#1573,#1574,#1575,#1576));
#312=EDGE_LOOP('',(#1577,#1578,#1579,#1580));
#313=EDGE_LOOP('',(#1581,#1582,#1583,#1584,#1585,#1586,#1587,#1588));
#314=EDGE_LOOP('',(#1589,#1590,#1591,#1592));
#315=EDGE_LOOP('',(#1593,#1594,#1595,#1596));
#316=EDGE_LOOP('',(#1597,#1598,#1599,#1600));
#317=EDGE_LOOP('',(#1601,#1602,#1603,#1604));
#318=EDGE_LOOP('',(#1605,#1606,#1607,#1608,#1609,#1610,#1611,#1612));
#319=EDGE_LOOP('',(#1613,#1614,#1615,#1616));
#320=EDGE_LOOP('',(#1617,#1618,#1619,#1620));
#321=EDGE_LOOP('',(#1621,#1622,#1623,#1624,#1625,#1626,#1627,#1628));
#322=EDGE_LOOP('',(#1629,#1630,#1631,#1632));
#323=EDGE_LOOP('',(#1633,#1634,#1635,#1636));
#324=EDGE_LOOP('',(#1637,#1638,#1639,#1640,#1641,#1642,#1643,#1644));
#325=EDGE_LOOP('',(#1645,#1646,#1647,#1648,#1649,#1650,#1651,#1652));
#326=EDGE_LOOP('',(#1653,#1654,#1655,#1656,#1657,#1658,#1659,#1660));
#327=EDGE_LOOP('',(#1661,#1662,#1663,#1664,#1665,#1666,#1667,#1668));
#328=EDGE_LOOP('',(#1669,#1670,#1671,#1672));
#329=EDGE_LOOP('',(#1673,#1674,#1675,#1676,#1677,#1678,#1679,#1680));
#330=EDGE_LOOP('',(#1681,#1682,#1683,#1684,#1685,#1686,#1687,#1688));
#331=EDGE_LOOP('',(#1689,#1690,#1691,#1692));
#332=EDGE_LOOP('',(#1693,#1694,#1695,#1696));
#333=EDGE_LOOP('',(#1697,#1698,#1699,#1700,#1701,#1702,#1703,#1704,#1705,
#1706,#1707,#1708));
#334=EDGE_LOOP('',(#1709,#1710,#1711,#1712));
#335=EDGE_LOOP('',(#1713,#1714,#1715,#1716,#1717,#1718,#1719,#1720,#1721,
#1722,#1723,#1724));
#336=EDGE_LOOP('',(#1725,#1726,#1727,#1728,#1729,#1730,#1731,#1732,#1733,
#1734,#1735,#1736));
#337=EDGE_LOOP('',(#1737,#1738,#1739,#1740));
#338=EDGE_LOOP('',(#1741,#1742,#1743,#1744,#1745));
#339=EDGE_LOOP('',(#1746,#1747,#1748,#1749));
#340=EDGE_LOOP('',(#1750,#1751,#1752,#1753));
#341=EDGE_LOOP('',(#1754,#1755,#1756,#1757));
#342=EDGE_LOOP('',(#1758,#1759,#1760,#1761));
#343=EDGE_LOOP('',(#1762,#1763));
#344=EDGE_LOOP('',(#1764,#1765,#1766,#1767));
#345=EDGE_LOOP('',(#1768,#1769,#1770,#1771));
#346=EDGE_LOOP('',(#1772,#1773));
#347=EDGE_LOOP('',(#1774,#1775,#1776,#1777,#1778,#1779,#1780,#1781,#1782,
#1783,#1784,#1785));
#348=EDGE_LOOP('',(#1786,#1787,#1788,#1789));
#349=EDGE_LOOP('',(#1790,#1791,#1792,#1793,#1794,#1795,#1796,#1797,#1798,
#1799,#1800,#1801));
#350=EDGE_LOOP('',(#1802,#1803,#1804,#1805,#1806,#1807,#1808,#1809,#1810,
#1811,#1812,#1813));
#351=EDGE_LOOP('',(#1814,#1815,#1816,#1817));
#352=EDGE_LOOP('',(#1818,#1819,#1820,#1821,#1822));
#353=EDGE_LOOP('',(#1823,#1824,#1825,#1826));
#354=EDGE_LOOP('',(#1827,#1828,#1829,#1830));
#355=EDGE_LOOP('',(#1831,#1832,#1833,#1834));
#356=EDGE_LOOP('',(#1835,#1836,#1837,#1838));
#357=EDGE_LOOP('',(#1839,#1840));
#358=EDGE_LOOP('',(#1841,#1842,#1843,#1844));
#359=EDGE_LOOP('',(#1845,#1846,#1847,#1848));
#360=EDGE_LOOP('',(#1849,#1850));
#361=EDGE_LOOP('',(#1851,#1852,#1853,#1854));
#362=EDGE_LOOP('',(#1855));
#363=EDGE_LOOP('',(#1856,#1857,#1858,#1859,#1860,#1861));
#364=EDGE_LOOP('',(#1862,#1863));
#365=EDGE_LOOP('',(#1864,#1865,#1866,#1867));
#366=EDGE_LOOP('',(#1868));
#367=EDGE_LOOP('',(#1869,#1870,#1871,#1872,#1873,#1874));
#368=EDGE_LOOP('',(#1875,#1876));
#369=EDGE_LOOP('',(#1877,#1878,#1879,#1880));
#370=EDGE_LOOP('',(#1881));
#371=EDGE_LOOP('',(#1882));
#372=EDGE_LOOP('',(#1883,#1884,#1885,#1886));
#373=EDGE_LOOP('',(#1887));
#374=EDGE_LOOP('',(#1888));
#375=EDGE_LOOP('',(#1889,#1890,#1891,#1892));
#376=EDGE_LOOP('',(#1893,#1894,#1895,#1896));
#377=EDGE_LOOP('',(#1897));
#378=EDGE_LOOP('',(#1898));
#379=EDGE_LOOP('',(#1899,#1900,#1901,#1902));
#380=EDGE_LOOP('',(#1903));
#381=EDGE_LOOP('',(#1904));
#382=EDGE_LOOP('',(#1905,#1906,#1907,#1908));
#383=EDGE_LOOP('',(#1909,#1910,#1911,#1912));
#384=EDGE_LOOP('',(#1913));
#385=EDGE_LOOP('',(#1914));
#386=EDGE_LOOP('',(#1915,#1916,#1917,#1918));
#387=EDGE_LOOP('',(#1919));
#388=EDGE_LOOP('',(#1920));
#389=EDGE_LOOP('',(#1921,#1922,#1923,#1924));
#390=EDGE_LOOP('',(#1925,#1926,#1927,#1928));
#391=EDGE_LOOP('',(#1929,#1930,#1931,#1932,#1933,#1934,#1935,#1936,#1937,
#1938,#1939,#1940,#1941,#1942,#1943));
#392=EDGE_LOOP('',(#1944));
#393=EDGE_LOOP('',(#1945,#1946,#1947,#1948,#1949,#1950,#1951,#1952,#1953,
#1954,#1955,#1956,#1957,#1958,#1959));
#394=EDGE_LOOP('',(#1960));
#395=EDGE_LOOP('',(#1961,#1962,#1963,#1964,#1965,#1966));
#396=EDGE_LOOP('',(#1967,#1968,#1969,#1970,#1971,#1972));
#397=EDGE_LOOP('',(#1973,#1974,#1975,#1976,#1977,#1978,#1979,#1980,#1981,
#1982,#1983,#1984,#1985,#1986,#1987,#1988,#1989,#1990,#1991,#1992,#1993,
#1994,#1995,#1996,#1997,#1998,#1999));
#398=EDGE_LOOP('',(#2000));
#399=EDGE_LOOP('',(#2001));
#400=EDGE_LOOP('',(#2002,#2003,#2004,#2005,#2006,#2007,#2008,#2009,#2010,
#2011,#2012,#2013));
#401=EDGE_LOOP('',(#2014,#2015,#2016,#2017));
#402=EDGE_LOOP('',(#2018,#2019,#2020,#2021));
#403=EDGE_LOOP('',(#2022,#2023,#2024,#2025));
#404=EDGE_LOOP('',(#2026,#2027,#2028,#2029));
#405=EDGE_LOOP('',(#2030,#2031,#2032,#2033));
#406=EDGE_LOOP('',(#2034,#2035,#2036,#2037));
#407=EDGE_LOOP('',(#2038,#2039,#2040,#2041));
#408=EDGE_LOOP('',(#2042,#2043,#2044,#2045));
#409=EDGE_LOOP('',(#2046,#2047,#2048,#2049,#2050,#2051,#2052,#2053));
#410=EDGE_LOOP('',(#2054,#2055,#2056,#2057));
#411=EDGE_LOOP('',(#2058));
#412=EDGE_LOOP('',(#2059));
#413=EDGE_LOOP('',(#2060,#2061,#2062,#2063,#2064,#2065,#2066));
#414=EDGE_LOOP('',(#2067));
#415=EDGE_LOOP('',(#2068));
#416=EDGE_LOOP('',(#2069,#2070,#2071,#2072));
#417=EDGE_LOOP('',(#2073,#2074,#2075,#2076));
#418=EDGE_LOOP('',(#2077,#2078,#2079,#2080,#2081,#2082,#2083,#2084));
#419=EDGE_LOOP('',(#2085,#2086,#2087,#2088));
#420=EDGE_LOOP('',(#2089,#2090,#2091,#2092));
#421=EDGE_LOOP('',(#2093,#2094,#2095,#2096));
#422=EDGE_LOOP('',(#2097,#2098,#2099,#2100));
#423=EDGE_LOOP('',(#2101,#2102,#2103,#2104));
#424=EDGE_LOOP('',(#2105,#2106,#2107,#2108));
#425=EDGE_LOOP('',(#2109,#2110,#2111,#2112));
#426=EDGE_LOOP('',(#2113,#2114,#2115,#2116));
#427=EDGE_LOOP('',(#2117,#2118,#2119,#2120));
#428=EDGE_LOOP('',(#2121,#2122,#2123,#2124));
#429=EDGE_LOOP('',(#2125,#2126,#2127,#2128));
#430=EDGE_LOOP('',(#2129,#2130,#2131,#2132));
#431=EDGE_LOOP('',(#2133,#2134,#2135,#2136));
#432=EDGE_LOOP('',(#2137,#2138,#2139,#2140,#2141,#2142,#2143,#2144));
#433=EDGE_LOOP('',(#2145,#2146,#2147,#2148));
#434=EDGE_LOOP('',(#2149,#2150,#2151,#2152,#2153,#2154,#2155,#2156));
#435=EDGE_LOOP('',(#2157,#2158,#2159,#2160));
#436=EDGE_LOOP('',(#2161,#2162,#2163,#2164,#2165,#2166));
#437=EDGE_LOOP('',(#2167,#2168,#2169,#2170));
#438=EDGE_LOOP('',(#2171,#2172,#2173,#2174));
#439=EDGE_LOOP('',(#2175,#2176,#2177,#2178,#2179,#2180,#2181,#2182));
#440=EDGE_LOOP('',(#2183,#2184,#2185,#2186,#2187,#2188,#2189,#2190));
#441=EDGE_LOOP('',(#2191,#2192,#2193,#2194));
#442=EDGE_LOOP('',(#2195,#2196,#2197,#2198));
#443=EDGE_LOOP('',(#2199,#2200,#2201,#2202,#2203));
#444=EDGE_LOOP('',(#2204,#2205,#2206,#2207));
#445=EDGE_LOOP('',(#2208,#2209,#2210,#2211,#2212,#2213,#2214,#2215));
#446=EDGE_LOOP('',(#2216,#2217,#2218,#2219,#2220,#2221,#2222,#2223,#2224,
#2225,#2226,#2227));
#447=EDGE_LOOP('',(#2228,#2229,#2230,#2231,#2232));
#448=EDGE_LOOP('',(#2233,#2234,#2235,#2236));
#449=LINE('',#3365,#699);
#450=LINE('',#3367,#700);
#451=LINE('',#3369,#701);
#452=LINE('',#3370,#702);
#453=LINE('',#3374,#703);
#454=LINE('',#3376,#704);
#455=LINE('',#3378,#705);
#456=LINE('',#3379,#706);
#457=LINE('',#3382,#707);
#458=LINE('',#3383,#708);
#459=LINE('',#3385,#709);
#460=LINE('',#3387,#710);
#461=LINE('',#3389,#711);
#462=LINE('',#3390,#712);
#463=LINE('',#3393,#713);
#464=LINE('',#3394,#714);
#465=LINE('',#3397,#715);
#466=LINE('',#3399,#716);
#467=LINE('',#3400,#717);
#468=LINE('',#3403,#718);
#469=LINE('',#3404,#719);
#470=LINE('',#3406,#720);
#471=LINE('',#3408,#721);
#472=LINE('',#3409,#722);
#473=LINE('',#3413,#723);
#474=LINE('',#3415,#724);
#475=LINE('',#3417,#725);
#476=LINE('',#3418,#726);
#477=LINE('',#3422,#727);
#478=LINE('',#3424,#728);
#479=LINE('',#3426,#729);
#480=LINE('',#3427,#730);
#481=LINE('',#3430,#731);
#482=LINE('',#3431,#732);
#483=LINE('',#3433,#733);
#484=LINE('',#3435,#734);
#485=LINE('',#3437,#735);
#486=LINE('',#3438,#736);
#487=LINE('',#3441,#737);
#488=LINE('',#3442,#738);
#489=LINE('',#3445,#739);
#490=LINE('',#3447,#740);
#491=LINE('',#3448,#741);
#492=LINE('',#3451,#742);
#493=LINE('',#3452,#743);
#494=LINE('',#3454,#744);
#495=LINE('',#3456,#745);
#496=LINE('',#3457,#746);
#497=LINE('',#3461,#747);
#498=LINE('',#3463,#748);
#499=LINE('',#3465,#749);
#500=LINE('',#3466,#750);
#501=LINE('',#3469,#751);
#502=LINE('',#3471,#752);
#503=LINE('',#3472,#753);
#504=LINE('',#3475,#754);
#505=LINE('',#3477,#755);
#506=LINE('',#3479,#756);
#507=LINE('',#3481,#757);
#508=LINE('',#3483,#758);
#509=LINE('',#3484,#759);
#510=LINE('',#3487,#760);
#511=LINE('',#3489,#761);
#512=LINE('',#3490,#762);
#513=LINE('',#3493,#763);
#514=LINE('',#3494,#764);
#515=LINE('',#3497,#765);
#516=LINE('',#3498,#766);
#517=LINE('',#3500,#767);
#518=LINE('',#3501,#768);
#519=LINE('',#3504,#769);
#520=LINE('',#3506,#770);
#521=LINE('',#3508,#771);
#522=LINE('',#3510,#772);
#523=LINE('',#3511,#773);
#524=LINE('',#3514,#774);
#525=LINE('',#3516,#775);
#526=LINE('',#3518,#776);
#527=LINE('',#3520,#777);
#528=LINE('',#3521,#778);
#529=LINE('',#3524,#779);
#530=LINE('',#3526,#780);
#531=LINE('',#3527,#781);
#532=LINE('',#3530,#782);
#533=LINE('',#3532,#783);
#534=LINE('',#3533,#784);
#535=LINE('',#3536,#785);
#536=LINE('',#3538,#786);
#537=LINE('',#3540,#787);
#538=LINE('',#3542,#788);
#539=LINE('',#3543,#789);
#540=LINE('',#3544,#790);
#541=LINE('',#3547,#791);
#542=LINE('',#3549,#792);
#543=LINE('',#3550,#793);
#544=LINE('',#3554,#794);
#545=LINE('',#3555,#795);
#546=LINE('',#3556,#796);
#547=LINE('',#3559,#797);
#548=LINE('',#3561,#798);
#549=LINE('',#3562,#799);
#550=LINE('',#3566,#800);
#551=LINE('',#3568,#801);
#552=LINE('',#3570,#802);
#553=LINE('',#3572,#803);
#554=LINE('',#3574,#804);
#555=LINE('',#3584,#805);
#556=LINE('',#3594,#806);
#557=LINE('',#3595,#807);
#558=LINE('',#3600,#808);
#559=LINE('',#3604,#809);
#560=LINE('',#3606,#810);
#561=LINE('',#3608,#811);
#562=LINE('',#3618,#812);
#563=LINE('',#3628,#813);
#564=LINE('',#3630,#814);
#565=LINE('',#3631,#815);
#566=LINE('',#3636,#816);
#567=LINE('',#3661,#817);
#568=LINE('',#3663,#818);
#569=LINE('',#3665,#819);
#570=LINE('',#3667,#820);
#571=LINE('',#3669,#821);
#572=LINE('',#3679,#822);
#573=LINE('',#3689,#823);
#574=LINE('',#3690,#824);
#575=LINE('',#3695,#825);
#576=LINE('',#3699,#826);
#577=LINE('',#3701,#827);
#578=LINE('',#3703,#828);
#579=LINE('',#3713,#829);
#580=LINE('',#3723,#830);
#581=LINE('',#3725,#831);
#582=LINE('',#3726,#832);
#583=LINE('',#3731,#833);
#584=LINE('',#3757,#834);
#585=LINE('',#3767,#835);
#586=LINE('',#3769,#836);
#587=LINE('',#3774,#837);
#588=LINE('',#3784,#838);
#589=LINE('',#3786,#839);
#590=LINE('',#3791,#840);
#591=LINE('',#3798,#841);
#592=LINE('',#3805,#842);
#593=LINE('',#3811,#843);
#594=LINE('',#3818,#844);
#595=LINE('',#3825,#845);
#596=LINE('',#3831,#846);
#597=LINE('',#3838,#847);
#598=LINE('',#3843,#848);
#599=LINE('',#3845,#849);
#600=LINE('',#3846,#850);
#601=LINE('',#3849,#851);
#602=LINE('',#3851,#852);
#603=LINE('',#3852,#853);
#604=LINE('',#3855,#854);
#605=LINE('',#3857,#855);
#606=LINE('',#3859,#856);
#607=LINE('',#3861,#857);
#608=LINE('',#3863,#858);
#609=LINE('',#3865,#859);
#610=LINE('',#3866,#860);
#611=LINE('',#3867,#861);
#612=LINE('',#3869,#862);
#613=LINE('',#3871,#863);
#614=LINE('',#3873,#864);
#615=LINE('',#3875,#865);
#616=LINE('',#3877,#866);
#617=LINE('',#3879,#867);
#618=LINE('',#3880,#868);
#619=LINE('',#3883,#869);
#620=LINE('',#3884,#870);
#621=LINE('',#3887,#871);
#622=LINE('',#3888,#872);
#623=LINE('',#3892,#873);
#624=LINE('',#3896,#874);
#625=LINE('',#3900,#875);
#626=LINE('',#3904,#876);
#627=LINE('',#3908,#877);
#628=LINE('',#3914,#878);
#629=LINE('',#3918,#879);
#630=LINE('',#3924,#880);
#631=LINE('',#3928,#881);
#632=LINE('',#3932,#882);
#633=LINE('',#3938,#883);
#634=LINE('',#3942,#884);
#635=LINE('',#3945,#885);
#636=LINE('',#3947,#886);
#637=LINE('',#3949,#887);
#638=LINE('',#3951,#888);
#639=LINE('',#3953,#889);
#640=LINE('',#3955,#890);
#641=LINE('',#3956,#891);
#642=LINE('',#3958,#892);
#643=LINE('',#3959,#893);
#644=LINE('',#3961,#894);
#645=LINE('',#3962,#895);
#646=LINE('',#3964,#896);
#647=LINE('',#3967,#897);
#648=LINE('',#3971,#898);
#649=LINE('',#3972,#899);
#650=LINE('',#3975,#900);
#651=LINE('',#3976,#901);
#652=LINE('',#3979,#902);
#653=LINE('',#3980,#903);
#654=LINE('',#3982,#904);
#655=LINE('',#3993,#905);
#656=LINE('',#3997,#906);
#657=LINE('',#4000,#907);
#658=LINE('',#4008,#908);
#659=LINE('',#4009,#909);
#660=LINE('',#4012,#910);
#661=LINE('',#4014,#911);
#662=LINE('',#4016,#912);
#663=LINE('',#4017,#913);
#664=LINE('',#4020,#914);
#665=LINE('',#4024,#915);
#666=LINE('',#4028,#916);
#667=LINE('',#4031,#917);
#668=LINE('',#4033,#918);
#669=LINE('',#4034,#919);
#670=LINE('',#4036,#920);
#671=LINE('',#4038,#921);
#672=LINE('',#4040,#922);
#673=LINE('',#4043,#923);
#674=LINE('',#4044,#924);
#675=LINE('',#4046,#925);
#676=LINE('',#4048,#926);
#677=LINE('',#4049,#927);
#678=LINE('',#4052,#928);
#679=LINE('',#4054,#929);
#680=LINE('',#4055,#930);
#681=LINE('',#4060,#931);
#682=LINE('',#4061,#932);
#683=LINE('',#4064,#933);
#684=LINE('',#4066,#934);
#685=LINE('',#4068,#935);
#686=LINE('',#4069,#936);
#687=LINE('',#4070,#937);
#688=LINE('',#4074,#938);
#689=LINE('',#4079,#939);
#690=LINE('',#4080,#940);
#691=LINE('',#4082,#941);
#692=LINE('',#4084,#942);
#693=LINE('',#4086,#943);
#694=LINE('',#4088,#944);
#695=LINE('',#4089,#945);
#696=LINE('',#4094,#946);
#697=LINE('',#4099,#947);
#698=LINE('',#4103,#948);
#699=VECTOR('',#2685,10.);
#700=VECTOR('',#2686,10.);
#701=VECTOR('',#2687,10.);
#702=VECTOR('',#2688,10.);
#703=VECTOR('',#2691,10.);
#704=VECTOR('',#2692,10.);
#705=VECTOR('',#2693,10.);
#706=VECTOR('',#2694,10.);
#707=VECTOR('',#2697,10.);
#708=VECTOR('',#2698,10.);
#709=VECTOR('',#2699,10.);
#710=VECTOR('',#2700,10.);
#711=VECTOR('',#2701,10.);
#712=VECTOR('',#2702,10.);
#713=VECTOR('',#2705,10.);
#714=VECTOR('',#2706,10.);
#715=VECTOR('',#2709,10.);
#716=VECTOR('',#2710,10.);
#717=VECTOR('',#2711,10.);
#718=VECTOR('',#2714,10.);
#719=VECTOR('',#2715,10.);
#720=VECTOR('',#2718,10.);
#721=VECTOR('',#2721,10.);
#722=VECTOR('',#2722,10.);
#723=VECTOR('',#2725,10.);
#724=VECTOR('',#2726,10.);
#725=VECTOR('',#2727,10.);
#726=VECTOR('',#2728,10.);
#727=VECTOR('',#2731,10.);
#728=VECTOR('',#2732,10.);
#729=VECTOR('',#2733,10.);
#730=VECTOR('',#2734,10.);
#731=VECTOR('',#2737,10.);
#732=VECTOR('',#2738,10.);
#733=VECTOR('',#2739,10.);
#734=VECTOR('',#2740,10.);
#735=VECTOR('',#2741,10.);
#736=VECTOR('',#2742,10.);
#737=VECTOR('',#2745,10.);
#738=VECTOR('',#2746,10.);
#739=VECTOR('',#2749,10.);
#740=VECTOR('',#2750,10.);
#741=VECTOR('',#2751,10.);
#742=VECTOR('',#2754,10.);
#743=VECTOR('',#2755,10.);
#744=VECTOR('',#2758,10.);
#745=VECTOR('',#2761,10.);
#746=VECTOR('',#2762,10.);
#747=VECTOR('',#2765,10.);
#748=VECTOR('',#2766,10.);
#749=VECTOR('',#2767,10.);
#750=VECTOR('',#2768,10.);
#751=VECTOR('',#2771,10.);
#752=VECTOR('',#2772,10.);
#753=VECTOR('',#2773,10.);
#754=VECTOR('',#2776,10.);
#755=VECTOR('',#2777,10.);
#756=VECTOR('',#2778,10.);
#757=VECTOR('',#2779,10.);
#758=VECTOR('',#2780,10.);
#759=VECTOR('',#2781,10.);
#760=VECTOR('',#2784,10.);
#761=VECTOR('',#2785,10.);
#762=VECTOR('',#2786,10.);
#763=VECTOR('',#2789,10.);
#764=VECTOR('',#2790,10.);
#765=VECTOR('',#2793,10.);
#766=VECTOR('',#2794,10.);
#767=VECTOR('',#2795,10.);
#768=VECTOR('',#2796,10.);
#769=VECTOR('',#2799,10.);
#770=VECTOR('',#2800,10.);
#771=VECTOR('',#2801,10.);
#772=VECTOR('',#2802,10.);
#773=VECTOR('',#2803,10.);
#774=VECTOR('',#2806,10.);
#775=VECTOR('',#2807,10.);
#776=VECTOR('',#2808,10.);
#777=VECTOR('',#2809,10.);
#778=VECTOR('',#2810,10.);
#779=VECTOR('',#2813,10.);
#780=VECTOR('',#2814,10.);
#781=VECTOR('',#2815,10.);
#782=VECTOR('',#2818,10.);
#783=VECTOR('',#2819,10.);
#784=VECTOR('',#2820,10.);
#785=VECTOR('',#2823,10.);
#786=VECTOR('',#2824,10.);
#787=VECTOR('',#2825,10.);
#788=VECTOR('',#2826,10.);
#789=VECTOR('',#2827,10.);
#790=VECTOR('',#2828,10.);
#791=VECTOR('',#2831,10.);
#792=VECTOR('',#2832,10.);
#793=VECTOR('',#2833,10.);
#794=VECTOR('',#2836,10.);
#795=VECTOR('',#2837,10.);
#796=VECTOR('',#2838,10.);
#797=VECTOR('',#2841,10.);
#798=VECTOR('',#2842,10.);
#799=VECTOR('',#2843,10.);
#800=VECTOR('',#2846,10.);
#801=VECTOR('',#2847,10.);
#802=VECTOR('',#2848,10.);
#803=VECTOR('',#2849,10.);
#804=VECTOR('',#2850,10.);
#805=VECTOR('',#2851,10.);
#806=VECTOR('',#2852,10.);
#807=VECTOR('',#2853,10.);
#808=VECTOR('',#2858,10.);
#809=VECTOR('',#2863,10.);
#810=VECTOR('',#2864,10.);
#811=VECTOR('',#2865,10.);
#812=VECTOR('',#2866,10.);
#813=VECTOR('',#2867,10.);
#814=VECTOR('',#2868,10.);
#815=VECTOR('',#2869,10.);
#816=VECTOR('',#2874,2.2);
#817=VECTOR('',#2919,10.);
#818=VECTOR('',#2920,10.);
#819=VECTOR('',#2921,10.);
#820=VECTOR('',#2922,10.);
#821=VECTOR('',#2923,10.);
#822=VECTOR('',#2924,10.);
#823=VECTOR('',#2925,10.);
#824=VECTOR('',#2926,10.);
#825=VECTOR('',#2931,10.);
#826=VECTOR('',#2936,10.);
#827=VECTOR('',#2937,10.);
#828=VECTOR('',#2938,10.);
#829=VECTOR('',#2939,10.);
#830=VECTOR('',#2940,10.);
#831=VECTOR('',#2941,10.);
#832=VECTOR('',#2942,10.);
#833=VECTOR('',#2947,2.2);
#834=VECTOR('',#2994,1.2);
#835=VECTOR('',#3007,1.35);
#836=VECTOR('',#3010,10.);
#837=VECTOR('',#3015,1.2);
#838=VECTOR('',#3028,1.35);
#839=VECTOR('',#3031,10.);
#840=VECTOR('',#3036,2.4);
#841=VECTOR('',#3045,2.4);
#842=VECTOR('',#3054,1.1);
#843=VECTOR('',#3061,1.6);
#844=VECTOR('',#3070,2.);
#845=VECTOR('',#3079,1.1);
#846=VECTOR('',#3086,1.6);
#847=VECTOR('',#3095,2.);
#848=VECTOR('',#3102,10.);
#849=VECTOR('',#3103,10.);
#850=VECTOR('',#3104,10.);
#851=VECTOR('',#3107,10.);
#852=VECTOR('',#3108,10.);
#853=VECTOR('',#3109,10.);
#854=VECTOR('',#3112,10.);
#855=VECTOR('',#3113,10.);
#856=VECTOR('',#3114,10.);
#857=VECTOR('',#3115,10.);
#858=VECTOR('',#3116,10.);
#859=VECTOR('',#3117,10.);
#860=VECTOR('',#3118,10.);
#861=VECTOR('',#3119,10.);
#862=VECTOR('',#3122,10.);
#863=VECTOR('',#3123,10.);
#864=VECTOR('',#3124,10.);
#865=VECTOR('',#3125,10.);
#866=VECTOR('',#3126,10.);
#867=VECTOR('',#3127,10.);
#868=VECTOR('',#3128,10.);
#869=VECTOR('',#3131,10.);
#870=VECTOR('',#3132,10.);
#871=VECTOR('',#3135,10.);
#872=VECTOR('',#3136,10.);
#873=VECTOR('',#3139,10.);
#874=VECTOR('',#3142,10.);
#875=VECTOR('',#3145,10.);
#876=VECTOR('',#3148,10.);
#877=VECTOR('',#3151,10.);
#878=VECTOR('',#3156,10.);
#879=VECTOR('',#3159,10.);
#880=VECTOR('',#3164,10.);
#881=VECTOR('',#3167,10.);
#882=VECTOR('',#3170,10.);
#883=VECTOR('',#3175,10.);
#884=VECTOR('',#3178,10.);
#885=VECTOR('',#3181,10.);
#886=VECTOR('',#3182,10.);
#887=VECTOR('',#3183,10.);
#888=VECTOR('',#3184,10.);
#889=VECTOR('',#3185,10.);
#890=VECTOR('',#3186,10.);
#891=VECTOR('',#3187,10.);
#892=VECTOR('',#3190,10.);
#893=VECTOR('',#3191,10.);
#894=VECTOR('',#3194,10.);
#895=VECTOR('',#3195,10.);
#896=VECTOR('',#3198,10.);
#897=VECTOR('',#3203,10.);
#898=VECTOR('',#3208,10.);
#899=VECTOR('',#3209,10.);
#900=VECTOR('',#3212,10.);
#901=VECTOR('',#3213,10.);
#902=VECTOR('',#3216,10.);
#903=VECTOR('',#3217,10.);
#904=VECTOR('',#3220,10.);
#905=VECTOR('',#3231,10.);
#906=VECTOR('',#3234,10.);
#907=VECTOR('',#3237,10.);
#908=VECTOR('',#3246,10.);
#909=VECTOR('',#3247,10.);
#910=VECTOR('',#3250,10.);
#911=VECTOR('',#3251,10.);
#912=VECTOR('',#3252,10.);
#913=VECTOR('',#3253,10.);
#914=VECTOR('',#3256,10.);
#915=VECTOR('',#3259,10.);
#916=VECTOR('',#3262,10.);
#917=VECTOR('',#3267,10.);
#918=VECTOR('',#3270,10.);
#919=VECTOR('',#3271,10.);
#920=VECTOR('',#3274,10.);
#921=VECTOR('',#3277,10.);
#922=VECTOR('',#3280,10.);
#923=VECTOR('',#3285,10.);
#924=VECTOR('',#3286,10.);
#925=VECTOR('',#3289,10.);
#926=VECTOR('',#3292,10.);
#927=VECTOR('',#3293,10.);
#928=VECTOR('',#3296,10.);
#929=VECTOR('',#3297,10.);
#930=VECTOR('',#3298,10.);
#931=VECTOR('',#3303,10.);
#932=VECTOR('',#3304,10.);
#933=VECTOR('',#3307,10.);
#934=VECTOR('',#3308,10.);
#935=VECTOR('',#3309,10.);
#936=VECTOR('',#3310,10.);
#937=VECTOR('',#3311,10.);
#938=VECTOR('',#3316,10.);
#939=VECTOR('',#3321,10.);
#940=VECTOR('',#3322,10.);
#941=VECTOR('',#3325,10.);
#942=VECTOR('',#3328,10.);
#943=VECTOR('',#3331,3.75);
#944=VECTOR('',#3334,10.);
#945=VECTOR('',#3335,3.75);
#946=VECTOR('',#3342,10.);
#947=VECTOR('',#3349,10.);
#948=VECTOR('',#3356,10.);
#949=VERTEX_POINT('',#3363);
#950=VERTEX_POINT('',#3364);
#951=VERTEX_POINT('',#3366);
#952=VERTEX_POINT('',#3368);
#953=VERTEX_POINT('',#3372);
#954=VERTEX_POINT('',#3373);
#955=VERTEX_POINT('',#3375);
#956=VERTEX_POINT('',#3377);
#957=VERTEX_POINT('',#3381);
#958=VERTEX_POINT('',#3384);
#959=VERTEX_POINT('',#3386);
#960=VERTEX_POINT('',#3388);
#961=VERTEX_POINT('',#3392);
#962=VERTEX_POINT('',#3396);
#963=VERTEX_POINT('',#3398);
#964=VERTEX_POINT('',#3402);
#965=VERTEX_POINT('',#3411);
#966=VERTEX_POINT('',#3412);
#967=VERTEX_POINT('',#3414);
#968=VERTEX_POINT('',#3416);
#969=VERTEX_POINT('',#3420);
#970=VERTEX_POINT('',#3421);
#971=VERTEX_POINT('',#3423);
#972=VERTEX_POINT('',#3425);
#973=VERTEX_POINT('',#3429);
#974=VERTEX_POINT('',#3432);
#975=VERTEX_POINT('',#3434);
#976=VERTEX_POINT('',#3436);
#977=VERTEX_POINT('',#3440);
#978=VERTEX_POINT('',#3444);
#979=VERTEX_POINT('',#3446);
#980=VERTEX_POINT('',#3450);
#981=VERTEX_POINT('',#3459);
#982=VERTEX_POINT('',#3460);
#983=VERTEX_POINT('',#3462);
#984=VERTEX_POINT('',#3464);
#985=VERTEX_POINT('',#3468);
#986=VERTEX_POINT('',#3470);
#987=VERTEX_POINT('',#3474);
#988=VERTEX_POINT('',#3476);
#989=VERTEX_POINT('',#3478);
#990=VERTEX_POINT('',#3480);
#991=VERTEX_POINT('',#3482);
#992=VERTEX_POINT('',#3486);
#993=VERTEX_POINT('',#3488);
#994=VERTEX_POINT('',#3492);
#995=VERTEX_POINT('',#3496);
#996=VERTEX_POINT('',#3499);
#997=VERTEX_POINT('',#3503);
#998=VERTEX_POINT('',#3505);
#999=VERTEX_POINT('',#3507);
#1000=VERTEX_POINT('',#3509);
#1001=VERTEX_POINT('',#3513);
#1002=VERTEX_POINT('',#3515);
#1003=VERTEX_POINT('',#3517);
#1004=VERTEX_POINT('',#3519);
#1005=VERTEX_POINT('',#3523);
#1006=VERTEX_POINT('',#3525);
#1007=VERTEX_POINT('',#3529);
#1008=VERTEX_POINT('',#3531);
#1009=VERTEX_POINT('',#3535);
#1010=VERTEX_POINT('',#3537);
#1011=VERTEX_POINT('',#3539);
#1012=VERTEX_POINT('',#3541);
#1013=VERTEX_POINT('',#3546);
#1014=VERTEX_POINT('',#3548);
#1015=VERTEX_POINT('',#3552);
#1016=VERTEX_POINT('',#3553);
#1017=VERTEX_POINT('',#3558);
#1018=VERTEX_POINT('',#3560);
#1019=VERTEX_POINT('',#3564);
#1020=VERTEX_POINT('',#3565);
#1021=VERTEX_POINT('',#3567);
#1022=VERTEX_POINT('',#3569);
#1023=VERTEX_POINT('',#3571);
#1024=VERTEX_POINT('',#3573);
#1025=VERTEX_POINT('',#3575);
#1026=VERTEX_POINT('',#3579);
#1027=VERTEX_POINT('',#3583);
#1028=VERTEX_POINT('',#3585);
#1029=VERTEX_POINT('',#3589);
#1030=VERTEX_POINT('',#3593);
#1031=VERTEX_POINT('',#3597);
#1032=VERTEX_POINT('',#3599);
#1033=VERTEX_POINT('',#3603);
#1034=VERTEX_POINT('',#3605);
#1035=VERTEX_POINT('',#3607);
#1036=VERTEX_POINT('',#3609);
#1037=VERTEX_POINT('',#3613);
#1038=VERTEX_POINT('',#3617);
#1039=VERTEX_POINT('',#3619);
#1040=VERTEX_POINT('',#3623);
#1041=VERTEX_POINT('',#3627);
#1042=VERTEX_POINT('',#3629);
#1043=VERTEX_POINT('',#3633);
#1044=VERTEX_POINT('',#3635);
#1045=VERTEX_POINT('',#3659);
#1046=VERTEX_POINT('',#3660);
#1047=VERTEX_POINT('',#3662);
#1048=VERTEX_POINT('',#3664);
#1049=VERTEX_POINT('',#3666);
#1050=VERTEX_POINT('',#3668);
#1051=VERTEX_POINT('',#3670);
#1052=VERTEX_POINT('',#3674);
#1053=VERTEX_POINT('',#3678);
#1054=VERTEX_POINT('',#3680);
#1055=VERTEX_POINT('',#3684);
#1056=VERTEX_POINT('',#3688);
#1057=VERTEX_POINT('',#3692);
#1058=VERTEX_POINT('',#3694);
#1059=VERTEX_POINT('',#3698);
#1060=VERTEX_POINT('',#3700);
#1061=VERTEX_POINT('',#3702);
#1062=VERTEX_POINT('',#3704);
#1063=VERTEX_POINT('',#3708);
#1064=VERTEX_POINT('',#3712);
#1065=VERTEX_POINT('',#3714);
#1066=VERTEX_POINT('',#3718);
#1067=VERTEX_POINT('',#3722);
#1068=VERTEX_POINT('',#3724);
#1069=VERTEX_POINT('',#3728);
#1070=VERTEX_POINT('',#3730);
#1071=VERTEX_POINT('',#3754);
#1072=VERTEX_POINT('',#3756);
#1073=VERTEX_POINT('',#3761);
#1074=VERTEX_POINT('',#3762);
#1075=VERTEX_POINT('',#3764);
#1076=VERTEX_POINT('',#3771);
#1077=VERTEX_POINT('',#3773);
#1078=VERTEX_POINT('',#3778);
#1079=VERTEX_POINT('',#3779);
#1080=VERTEX_POINT('',#3781);
#1081=VERTEX_POINT('',#3788);
#1082=VERTEX_POINT('',#3790);
#1083=VERTEX_POINT('',#3795);
#1084=VERTEX_POINT('',#3797);
#1085=VERTEX_POINT('',#3802);
#1086=VERTEX_POINT('',#3804);
#1087=VERTEX_POINT('',#3808);
#1088=VERTEX_POINT('',#3810);
#1089=VERTEX_POINT('',#3815);
#1090=VERTEX_POINT('',#3817);
#1091=VERTEX_POINT('',#3822);
#1092=VERTEX_POINT('',#3824);
#1093=VERTEX_POINT('',#3828);
#1094=VERTEX_POINT('',#3830);
#1095=VERTEX_POINT('',#3835);
#1096=VERTEX_POINT('',#3837);
#1097=VERTEX_POINT('',#3842);
#1098=VERTEX_POINT('',#3844);
#1099=VERTEX_POINT('',#3848);
#1100=VERTEX_POINT('',#3850);
#1101=VERTEX_POINT('',#3854);
#1102=VERTEX_POINT('',#3856);
#1103=VERTEX_POINT('',#3858);
#1104=VERTEX_POINT('',#3860);
#1105=VERTEX_POINT('',#3862);
#1106=VERTEX_POINT('',#3864);
#1107=VERTEX_POINT('',#3870);
#1108=VERTEX_POINT('',#3872);
#1109=VERTEX_POINT('',#3874);
#1110=VERTEX_POINT('',#3876);
#1111=VERTEX_POINT('',#3878);
#1112=VERTEX_POINT('',#3882);
#1113=VERTEX_POINT('',#3886);
#1114=VERTEX_POINT('',#3890);
#1115=VERTEX_POINT('',#3891);
#1116=VERTEX_POINT('',#3893);
#1117=VERTEX_POINT('',#3895);
#1118=VERTEX_POINT('',#3897);
#1119=VERTEX_POINT('',#3899);
#1120=VERTEX_POINT('',#3901);
#1121=VERTEX_POINT('',#3903);
#1122=VERTEX_POINT('',#3905);
#1123=VERTEX_POINT('',#3907);
#1124=VERTEX_POINT('',#3909);
#1125=VERTEX_POINT('',#3911);
#1126=VERTEX_POINT('',#3913);
#1127=VERTEX_POINT('',#3915);
#1128=VERTEX_POINT('',#3917);
#1129=VERTEX_POINT('',#3919);
#1130=VERTEX_POINT('',#3921);
#1131=VERTEX_POINT('',#3923);
#1132=VERTEX_POINT('',#3925);
#1133=VERTEX_POINT('',#3927);
#1134=VERTEX_POINT('',#3929);
#1135=VERTEX_POINT('',#3931);
#1136=VERTEX_POINT('',#3933);
#1137=VERTEX_POINT('',#3935);
#1138=VERTEX_POINT('',#3937);
#1139=VERTEX_POINT('',#3939);
#1140=VERTEX_POINT('',#3941);
#1141=VERTEX_POINT('',#3944);
#1142=VERTEX_POINT('',#3946);
#1143=VERTEX_POINT('',#3948);
#1144=VERTEX_POINT('',#3950);
#1145=VERTEX_POINT('',#3952);
#1146=VERTEX_POINT('',#3954);
#1147=VERTEX_POINT('',#3970);
#1148=VERTEX_POINT('',#3974);
#1149=VERTEX_POINT('',#3978);
#1150=VERTEX_POINT('',#3984);
#1151=VERTEX_POINT('',#3987);
#1152=VERTEX_POINT('',#3988);
#1153=VERTEX_POINT('',#3990);
#1154=VERTEX_POINT('',#3992);
#1155=VERTEX_POINT('',#3994);
#1156=VERTEX_POINT('',#3996);
#1157=VERTEX_POINT('',#3998);
#1158=VERTEX_POINT('',#4002);
#1159=VERTEX_POINT('',#4005);
#1160=VERTEX_POINT('',#4006);
#1161=VERTEX_POINT('',#4011);
#1162=VERTEX_POINT('',#4013);
#1163=VERTEX_POINT('',#4015);
#1164=VERTEX_POINT('',#4019);
#1165=VERTEX_POINT('',#4021);
#1166=VERTEX_POINT('',#4023);
#1167=VERTEX_POINT('',#4025);
#1168=VERTEX_POINT('',#4027);
#1169=VERTEX_POINT('',#4051);
#1170=VERTEX_POINT('',#4053);
#1171=VERTEX_POINT('',#4057);
#1172=VERTEX_POINT('',#4058);
#1173=VERTEX_POINT('',#4063);
#1174=VERTEX_POINT('',#4065);
#1175=VERTEX_POINT('',#4067);
#1176=VERTEX_POINT('',#4072);
#1177=VERTEX_POINT('',#4076);
#1178=VERTEX_POINT('',#4077);
#1179=VERTEX_POINT('',#4092);
#1180=VERTEX_POINT('',#4098);
#1181=EDGE_CURVE('',#949,#950,#449,.T.);
#1182=EDGE_CURVE('',#949,#951,#450,.T.);
#1183=EDGE_CURVE('',#952,#951,#451,.T.);
#1184=EDGE_CURVE('',#952,#950,#452,.T.);
#1185=EDGE_CURVE('',#953,#954,#453,.T.);
#1186=EDGE_CURVE('',#955,#953,#454,.T.);
#1187=EDGE_CURVE('',#956,#955,#455,.T.);
#1188=EDGE_CURVE('',#956,#954,#456,.T.);
#1189=EDGE_CURVE('',#957,#949,#457,.T.);
#1190=EDGE_CURVE('',#955,#957,#458,.T.);
#1191=EDGE_CURVE('',#958,#953,#459,.T.);
#1192=EDGE_CURVE('',#959,#958,#460,.T.);
#1193=EDGE_CURVE('',#960,#959,#461,.T.);
#1194=EDGE_CURVE('',#960,#951,#462,.T.);
#1195=EDGE_CURVE('',#961,#950,#463,.T.);
#1196=EDGE_CURVE('',#957,#961,#464,.T.);
#1197=EDGE_CURVE('',#962,#958,#465,.T.);
#1198=EDGE_CURVE('',#963,#962,#466,.T.);
#1199=EDGE_CURVE('',#959,#963,#467,.T.);
#1200=EDGE_CURVE('',#964,#960,#468,.T.);
#1201=EDGE_CURVE('',#964,#952,#469,.T.);
#1202=EDGE_CURVE('',#954,#962,#470,.T.);
#1203=EDGE_CURVE('',#961,#956,#471,.T.);
#1204=EDGE_CURVE('',#963,#964,#472,.T.);
#1205=EDGE_CURVE('',#965,#966,#473,.T.);
#1206=EDGE_CURVE('',#965,#967,#474,.T.);
#1207=EDGE_CURVE('',#968,#967,#475,.T.);
#1208=EDGE_CURVE('',#968,#966,#476,.T.);
#1209=EDGE_CURVE('',#969,#970,#477,.T.);
#1210=EDGE_CURVE('',#971,#969,#478,.T.);
#1211=EDGE_CURVE('',#972,#971,#479,.T.);
#1212=EDGE_CURVE('',#972,#970,#480,.T.);
#1213=EDGE_CURVE('',#973,#965,#481,.T.);
#1214=EDGE_CURVE('',#971,#973,#482,.T.);
#1215=EDGE_CURVE('',#974,#969,#483,.T.);
#1216=EDGE_CURVE('',#975,#974,#484,.T.);
#1217=EDGE_CURVE('',#976,#975,#485,.T.);
#1218=EDGE_CURVE('',#976,#967,#486,.T.);
#1219=EDGE_CURVE('',#977,#966,#487,.T.);
#1220=EDGE_CURVE('',#973,#977,#488,.T.);
#1221=EDGE_CURVE('',#978,#974,#489,.T.);
#1222=EDGE_CURVE('',#979,#978,#490,.T.);
#1223=EDGE_CURVE('',#975,#979,#491,.T.);
#1224=EDGE_CURVE('',#980,#976,#492,.T.);
#1225=EDGE_CURVE('',#980,#968,#493,.T.);
#1226=EDGE_CURVE('',#970,#978,#494,.T.);
#1227=EDGE_CURVE('',#977,#972,#495,.T.);
#1228=EDGE_CURVE('',#979,#980,#496,.T.);
#1229=EDGE_CURVE('',#981,#982,#497,.T.);
#1230=EDGE_CURVE('',#983,#981,#498,.T.);
#1231=EDGE_CURVE('',#984,#983,#499,.T.);
#1232=EDGE_CURVE('',#982,#984,#500,.T.);
#1233=EDGE_CURVE('',#985,#983,#501,.T.);
#1234=EDGE_CURVE('',#986,#985,#502,.T.);
#1235=EDGE_CURVE('',#984,#986,#503,.T.);
#1236=EDGE_CURVE('',#981,#987,#504,.T.);
#1237=EDGE_CURVE('',#988,#987,#505,.T.);
#1238=EDGE_CURVE('',#989,#988,#506,.T.);
#1239=EDGE_CURVE('',#989,#990,#507,.T.);
#1240=EDGE_CURVE('',#991,#990,#508,.T.);
#1241=EDGE_CURVE('',#985,#991,#509,.T.);
#1242=EDGE_CURVE('',#990,#992,#510,.T.);
#1243=EDGE_CURVE('',#993,#989,#511,.T.);
#1244=EDGE_CURVE('',#992,#993,#512,.T.);
#1245=EDGE_CURVE('',#994,#982,#513,.T.);
#1246=EDGE_CURVE('',#987,#994,#514,.T.);
#1247=EDGE_CURVE('',#995,#986,#515,.T.);
#1248=EDGE_CURVE('',#992,#995,#516,.T.);
#1249=EDGE_CURVE('',#996,#993,#517,.T.);
#1250=EDGE_CURVE('',#994,#996,#518,.T.);
#1251=EDGE_CURVE('',#991,#997,#519,.T.);
#1252=EDGE_CURVE('',#998,#997,#520,.T.);
#1253=EDGE_CURVE('',#999,#998,#521,.T.);
#1254=EDGE_CURVE('',#1000,#999,#522,.T.);
#1255=EDGE_CURVE('',#1000,#995,#523,.T.);
#1256=EDGE_CURVE('',#988,#1001,#524,.T.);
#1257=EDGE_CURVE('',#1002,#1001,#525,.T.);
#1258=EDGE_CURVE('',#1003,#1002,#526,.T.);
#1259=EDGE_CURVE('',#1004,#1003,#527,.T.);
#1260=EDGE_CURVE('',#1004,#996,#528,.T.);
#1261=EDGE_CURVE('',#1005,#1000,#529,.T.);
#1262=EDGE_CURVE('',#1006,#1005,#530,.T.);
#1263=EDGE_CURVE('',#997,#1006,#531,.T.);
#1264=EDGE_CURVE('',#1007,#998,#532,.T.);
#1265=EDGE_CURVE('',#1008,#1007,#533,.T.);
#1266=EDGE_CURVE('',#999,#1008,#534,.T.);
#1267=EDGE_CURVE('',#1005,#1009,#535,.T.);
#1268=EDGE_CURVE('',#1010,#1009,#536,.T.);
#1269=EDGE_CURVE('',#1011,#1010,#537,.T.);
#1270=EDGE_CURVE('',#1011,#1012,#538,.T.);
#1271=EDGE_CURVE('',#1012,#1003,#539,.T.);
#1272=EDGE_CURVE('',#1006,#1002,#540,.T.);
#1273=EDGE_CURVE('',#1013,#1004,#541,.T.);
#1274=EDGE_CURVE('',#1013,#1014,#542,.T.);
#1275=EDGE_CURVE('',#1001,#1014,#543,.T.);
#1276=EDGE_CURVE('',#1015,#1016,#544,.T.);
#1277=EDGE_CURVE('',#1014,#1015,#545,.T.);
#1278=EDGE_CURVE('',#1016,#1013,#546,.T.);
#1279=EDGE_CURVE('',#1016,#1017,#547,.T.);
#1280=EDGE_CURVE('',#1017,#1018,#548,.T.);
#1281=EDGE_CURVE('',#1015,#1018,#549,.T.);
#1282=EDGE_CURVE('',#1019,#1020,#550,.T.);
#1283=EDGE_CURVE('',#1019,#1021,#551,.T.);
#1284=EDGE_CURVE('',#1022,#1021,#552,.T.);
#1285=EDGE_CURVE('',#1023,#1022,#553,.T.);
#1286=EDGE_CURVE('',#1024,#1023,#554,.T.);
#1287=EDGE_CURVE('',#1025,#1024,#159,.T.);
#1288=EDGE_CURVE('',#1026,#1025,#160,.T.);
#1289=EDGE_CURVE('',#1027,#1026,#555,.T.);
#1290=EDGE_CURVE('',#1028,#1027,#161,.T.);
#1291=EDGE_CURVE('',#1029,#1028,#162,.T.);
#1292=EDGE_CURVE('',#1030,#1029,#556,.T.);
#1293=EDGE_CURVE('',#1020,#1030,#557,.T.);
#1294=EDGE_CURVE('',#1031,#1019,#73,.T.);
#1295=EDGE_CURVE('',#1032,#1031,#558,.T.);
#1296=EDGE_CURVE('',#1021,#1032,#74,.T.);
#1297=EDGE_CURVE('',#1033,#1031,#559,.T.);
#1298=EDGE_CURVE('',#1034,#1033,#560,.T.);
#1299=EDGE_CURVE('',#1035,#1034,#561,.T.);
#1300=EDGE_CURVE('',#1036,#1035,#163,.T.);
#1301=EDGE_CURVE('',#1037,#1036,#164,.T.);
#1302=EDGE_CURVE('',#1038,#1037,#562,.T.);
#1303=EDGE_CURVE('',#1039,#1038,#165,.T.);
#1304=EDGE_CURVE('',#1040,#1039,#166,.T.);
#1305=EDGE_CURVE('',#1041,#1040,#563,.T.);
#1306=EDGE_CURVE('',#1042,#1041,#564,.T.);
#1307=EDGE_CURVE('',#1032,#1042,#565,.T.);
#1308=EDGE_CURVE('',#1043,#1043,#75,.T.);
#1309=EDGE_CURVE('',#1043,#1044,#566,.T.);
#1310=EDGE_CURVE('',#1033,#1044,#76,.T.);
#1311=EDGE_CURVE('',#1022,#1020,#77,.T.);
#1312=EDGE_CURVE('',#1044,#1042,#78,.T.);
#1313=EDGE_CURVE('',#1023,#1030,#79,.T.);
#1314=EDGE_CURVE('',#1034,#1041,#80,.T.);
#1315=EDGE_CURVE('',#1024,#1029,#81,.T.);
#1316=EDGE_CURVE('',#1035,#1040,#82,.T.);
#1317=EDGE_CURVE('',#1025,#1028,#83,.T.);
#1318=EDGE_CURVE('',#1036,#1039,#84,.T.);
#1319=EDGE_CURVE('',#1026,#1027,#85,.T.);
#1320=EDGE_CURVE('',#1037,#1038,#86,.T.);
#1321=EDGE_CURVE('',#1045,#1046,#567,.T.);
#1322=EDGE_CURVE('',#1045,#1047,#568,.T.);
#1323=EDGE_CURVE('',#1048,#1047,#569,.T.);
#1324=EDGE_CURVE('',#1049,#1048,#570,.T.);
#1325=EDGE_CURVE('',#1050,#1049,#571,.T.);
#1326=EDGE_CURVE('',#1051,#1050,#167,.T.);
#1327=EDGE_CURVE('',#1052,#1051,#168,.T.);
#1328=EDGE_CURVE('',#1053,#1052,#572,.T.);
#1329=EDGE_CURVE('',#1054,#1053,#169,.T.);
#1330=EDGE_CURVE('',#1055,#1054,#170,.T.);
#1331=EDGE_CURVE('',#1056,#1055,#573,.T.);
#1332=EDGE_CURVE('',#1046,#1056,#574,.T.);
#1333=EDGE_CURVE('',#1057,#1045,#87,.T.);
#1334=EDGE_CURVE('',#1058,#1057,#575,.T.);
#1335=EDGE_CURVE('',#1047,#1058,#88,.T.);
#1336=EDGE_CURVE('',#1059,#1057,#576,.T.);
#1337=EDGE_CURVE('',#1060,#1059,#577,.T.);
#1338=EDGE_CURVE('',#1061,#1060,#578,.T.);
#1339=EDGE_CURVE('',#1062,#1061,#171,.T.);
#1340=EDGE_CURVE('',#1063,#1062,#172,.T.);
#1341=EDGE_CURVE('',#1064,#1063,#579,.T.);
#1342=EDGE_CURVE('',#1065,#1064,#173,.T.);
#1343=EDGE_CURVE('',#1066,#1065,#174,.T.);
#1344=EDGE_CURVE('',#1067,#1066,#580,.T.);
#1345=EDGE_CURVE('',#1068,#1067,#581,.T.);
#1346=EDGE_CURVE('',#1058,#1068,#582,.T.);
#1347=EDGE_CURVE('',#1069,#1069,#89,.T.);
#1348=EDGE_CURVE('',#1069,#1070,#583,.T.);
#1349=EDGE_CURVE('',#1059,#1070,#90,.T.);
#1350=EDGE_CURVE('',#1048,#1046,#91,.T.);
#1351=EDGE_CURVE('',#1070,#1068,#92,.T.);
#1352=EDGE_CURVE('',#1049,#1056,#93,.T.);
#1353=EDGE_CURVE('',#1060,#1067,#94,.T.);
#1354=EDGE_CURVE('',#1050,#1055,#95,.T.);
#1355=EDGE_CURVE('',#1061,#1066,#96,.T.);
#1356=EDGE_CURVE('',#1051,#1054,#97,.T.);
#1357=EDGE_CURVE('',#1062,#1065,#98,.T.);
#1358=EDGE_CURVE('',#1052,#1053,#99,.T.);
#1359=EDGE_CURVE('',#1063,#1064,#100,.T.);
#1360=EDGE_CURVE('',#1071,#1071,#101,.T.);
#1361=EDGE_CURVE('',#1071,#1072,#584,.T.);
#1362=EDGE_CURVE('',#1072,#1072,#102,.T.);
#1363=EDGE_CURVE('',#1073,#1074,#103,.T.);
#1364=EDGE_CURVE('',#1075,#1073,#104,.T.);
#1365=EDGE_CURVE('',#1074,#1075,#105,.T.);
#1366=EDGE_CURVE('',#1074,#1072,#585,.T.);
#1367=EDGE_CURVE('',#1073,#1075,#586,.T.);
#1368=EDGE_CURVE('',#1076,#1076,#106,.T.);
#1369=EDGE_CURVE('',#1076,#1077,#587,.T.);
#1370=EDGE_CURVE('',#1077,#1077,#107,.T.);
#1371=EDGE_CURVE('',#1078,#1079,#108,.T.);
#1372=EDGE_CURVE('',#1080,#1078,#109,.T.);
#1373=EDGE_CURVE('',#1079,#1080,#110,.T.);
#1374=EDGE_CURVE('',#1079,#1077,#588,.T.);
#1375=EDGE_CURVE('',#1078,#1080,#589,.T.);
#1376=EDGE_CURVE('',#1081,#1081,#111,.T.);
#1377=EDGE_CURVE('',#1081,#1082,#590,.T.);
#1378=EDGE_CURVE('',#1082,#1082,#112,.T.);
#1379=EDGE_CURVE('',#1083,#1083,#113,.T.);
#1380=EDGE_CURVE('',#1083,#1084,#591,.T.);
#1381=EDGE_CURVE('',#1084,#1084,#114,.T.);
#1382=EDGE_CURVE('',#1085,#1085,#115,.T.);
#1383=EDGE_CURVE('',#1085,#1086,#592,.T.);
#1384=EDGE_CURVE('',#1086,#1086,#116,.T.);
#1385=EDGE_CURVE('',#1087,#1087,#117,.T.);
#1386=EDGE_CURVE('',#1087,#1088,#593,.T.);
#1387=EDGE_CURVE('',#1088,#1088,#118,.T.);
#1388=EDGE_CURVE('',#1089,#1089,#119,.T.);
#1389=EDGE_CURVE('',#1089,#1090,#594,.T.);
#1390=EDGE_CURVE('',#1090,#1090,#120,.T.);
#1391=EDGE_CURVE('',#1091,#1091,#121,.T.);
#1392=EDGE_CURVE('',#1091,#1092,#595,.T.);
#1393=EDGE_CURVE('',#1092,#1092,#122,.T.);
#1394=EDGE_CURVE('',#1093,#1093,#123,.T.);
#1395=EDGE_CURVE('',#1093,#1094,#596,.T.);
#1396=EDGE_CURVE('',#1094,#1094,#124,.T.);
#1397=EDGE_CURVE('',#1095,#1095,#125,.T.);
#1398=EDGE_CURVE('',#1095,#1096,#597,.T.);
#1399=EDGE_CURVE('',#1096,#1096,#126,.T.);
#1400=EDGE_CURVE('',#1012,#1097,#598,.T.);
#1401=EDGE_CURVE('',#1098,#1011,#599,.T.);
#1402=EDGE_CURVE('',#1097,#1098,#600,.T.);
#1403=EDGE_CURVE('',#1099,#1009,#601,.T.);
#1404=EDGE_CURVE('',#1100,#1099,#602,.T.);
#1405=EDGE_CURVE('',#1010,#1100,#603,.T.);
#1406=EDGE_CURVE('',#1101,#1008,#604,.T.);
#1407=EDGE_CURVE('',#1102,#1101,#605,.T.);
#1408=EDGE_CURVE('',#1103,#1102,#606,.T.);
#1409=EDGE_CURVE('',#1103,#1104,#607,.T.);
#1410=EDGE_CURVE('',#1104,#1105,#608,.T.);
#1411=EDGE_CURVE('',#1105,#1106,#609,.T.);
#1412=EDGE_CURVE('',#1106,#1073,#610,.T.);
#1413=EDGE_CURVE('',#1075,#1099,#611,.T.);
#1414=EDGE_CURVE('',#1097,#1078,#612,.T.);
#1415=EDGE_CURVE('',#1080,#1107,#613,.T.);
#1416=EDGE_CURVE('',#1107,#1108,#614,.T.);
#1417=EDGE_CURVE('',#1108,#1109,#615,.T.);
#1418=EDGE_CURVE('',#1109,#1110,#616,.T.);
#1419=EDGE_CURVE('',#1111,#1110,#617,.T.);
#1420=EDGE_CURVE('',#1017,#1111,#618,.T.);
#1421=EDGE_CURVE('',#1112,#1106,#619,.T.);
#1422=EDGE_CURVE('',#1100,#1112,#620,.T.);
#1423=EDGE_CURVE('',#1113,#1098,#621,.T.);
#1424=EDGE_CURVE('',#1113,#1107,#622,.T.);
#1425=EDGE_CURVE('',#1114,#1115,#623,.T.);
#1426=EDGE_CURVE('',#1115,#1116,#127,.T.);
#1427=EDGE_CURVE('',#1116,#1117,#624,.T.);
#1428=EDGE_CURVE('',#1117,#1118,#128,.T.);
#1429=EDGE_CURVE('',#1118,#1119,#625,.T.);
#1430=EDGE_CURVE('',#1119,#1120,#129,.T.);
#1431=EDGE_CURVE('',#1120,#1121,#626,.T.);
#1432=EDGE_CURVE('',#1121,#1122,#130,.T.);
#1433=EDGE_CURVE('',#1122,#1123,#627,.T.);
#1434=EDGE_CURVE('',#1123,#1124,#131,.T.);
#1435=EDGE_CURVE('',#1124,#1125,#132,.T.);
#1436=EDGE_CURVE('',#1125,#1126,#628,.T.);
#1437=EDGE_CURVE('',#1126,#1127,#133,.T.);
#1438=EDGE_CURVE('',#1127,#1128,#629,.T.);
#1439=EDGE_CURVE('',#1128,#1129,#134,.T.);
#1440=EDGE_CURVE('',#1129,#1130,#135,.T.);
#1441=EDGE_CURVE('',#1130,#1131,#630,.T.);
#1442=EDGE_CURVE('',#1131,#1132,#136,.T.);
#1443=EDGE_CURVE('',#1132,#1133,#631,.T.);
#1444=EDGE_CURVE('',#1133,#1134,#137,.T.);
#1445=EDGE_CURVE('',#1134,#1135,#632,.T.);
#1446=EDGE_CURVE('',#1135,#1136,#138,.T.);
#1447=EDGE_CURVE('',#1136,#1137,#139,.T.);
#1448=EDGE_CURVE('',#1137,#1138,#633,.T.);
#1449=EDGE_CURVE('',#1138,#1139,#140,.T.);
#1450=EDGE_CURVE('',#1139,#1140,#634,.T.);
#1451=EDGE_CURVE('',#1140,#1114,#141,.T.);
#1452=EDGE_CURVE('',#1112,#1141,#635,.T.);
#1453=EDGE_CURVE('',#1141,#1142,#636,.T.);
#1454=EDGE_CURVE('',#1142,#1143,#637,.T.);
#1455=EDGE_CURVE('',#1143,#1144,#638,.T.);
#1456=EDGE_CURVE('',#1144,#1145,#639,.T.);
#1457=EDGE_CURVE('',#1145,#1146,#640,.T.);
#1458=EDGE_CURVE('',#1146,#1113,#641,.T.);
#1459=EDGE_CURVE('',#1143,#1103,#642,.T.);
#1460=EDGE_CURVE('',#1104,#1142,#643,.T.);
#1461=EDGE_CURVE('',#1145,#1109,#644,.T.);
#1462=EDGE_CURVE('',#1144,#1110,#645,.T.);
#1463=EDGE_CURVE('',#1146,#1108,#646,.T.);
#1464=EDGE_CURVE('',#1141,#1105,#647,.T.);
#1465=EDGE_CURVE('',#1147,#1007,#648,.T.);
#1466=EDGE_CURVE('',#1101,#1147,#649,.T.);
#1467=EDGE_CURVE('',#1018,#1148,#650,.T.);
#1468=EDGE_CURVE('',#1111,#1148,#651,.T.);
#1469=EDGE_CURVE('',#1102,#1149,#652,.T.);
#1470=EDGE_CURVE('',#1148,#1149,#653,.T.);
#1471=EDGE_CURVE('',#1149,#1147,#654,.T.);
#1472=EDGE_CURVE('',#1150,#1150,#142,.T.);
#1473=EDGE_CURVE('',#1151,#1152,#143,.T.);
#1474=EDGE_CURVE('',#1152,#1153,#144,.T.);
#1475=EDGE_CURVE('',#1153,#1154,#655,.T.);
#1476=EDGE_CURVE('',#1154,#1155,#145,.T.);
#1477=EDGE_CURVE('',#1156,#1155,#656,.T.);
#1478=EDGE_CURVE('',#1156,#1157,#146,.T.);
#1479=EDGE_CURVE('',#1157,#1151,#657,.T.);
#1480=EDGE_CURVE('',#1158,#1158,#147,.T.);
#1481=EDGE_CURVE('',#1159,#1160,#148,.T.);
#1482=EDGE_CURVE('',#1136,#1159,#658,.T.);
#1483=EDGE_CURVE('',#1135,#1160,#659,.T.);
#1484=EDGE_CURVE('',#1159,#1161,#660,.T.);
#1485=EDGE_CURVE('',#1161,#1162,#661,.T.);
#1486=EDGE_CURVE('',#1163,#1162,#662,.T.);
#1487=EDGE_CURVE('',#1159,#1163,#663,.T.);
#1488=EDGE_CURVE('',#1160,#1164,#664,.T.);
#1489=EDGE_CURVE('',#1164,#1165,#149,.T.);
#1490=EDGE_CURVE('',#1165,#1166,#665,.T.);
#1491=EDGE_CURVE('',#1166,#1167,#150,.T.);
#1492=EDGE_CURVE('',#1167,#1168,#666,.T.);
#1493=EDGE_CURVE('',#1168,#1161,#151,.T.);
#1494=EDGE_CURVE('',#1134,#1164,#667,.T.);
#1495=EDGE_CURVE('',#1130,#1168,#668,.T.);
#1496=EDGE_CURVE('',#1129,#1161,#669,.T.);
#1497=EDGE_CURVE('',#1131,#1167,#670,.T.);
#1498=EDGE_CURVE('',#1133,#1165,#671,.T.);
#1499=EDGE_CURVE('',#1132,#1166,#672,.T.);
#1500=EDGE_CURVE('',#1116,#1156,#673,.T.);
#1501=EDGE_CURVE('',#1115,#1157,#674,.T.);
#1502=EDGE_CURVE('',#1114,#1151,#675,.T.);
#1503=EDGE_CURVE('',#1139,#1154,#676,.T.);
#1504=EDGE_CURVE('',#1138,#1155,#677,.T.);
#1505=EDGE_CURVE('',#1137,#1169,#678,.T.);
#1506=EDGE_CURVE('',#1170,#1169,#679,.T.);
#1507=EDGE_CURVE('',#1117,#1170,#680,.T.);
#1508=EDGE_CURVE('',#1171,#1172,#152,.T.);
#1509=EDGE_CURVE('',#1122,#1171,#681,.T.);
#1510=EDGE_CURVE('',#1121,#1172,#682,.T.);
#1511=EDGE_CURVE('',#1173,#1172,#683,.T.);
#1512=EDGE_CURVE('',#1120,#1174,#684,.T.);
#1513=EDGE_CURVE('',#1175,#1174,#685,.T.);
#1514=EDGE_CURVE('',#1128,#1175,#686,.T.);
#1515=EDGE_CURVE('',#1127,#1173,#687,.T.);
#1516=EDGE_CURVE('',#1173,#1176,#153,.T.);
#1517=EDGE_CURVE('',#1126,#1176,#688,.T.);
#1518=EDGE_CURVE('',#1177,#1178,#154,.T.);
#1519=EDGE_CURVE('',#1178,#1171,#689,.T.);
#1520=EDGE_CURVE('',#1176,#1177,#690,.T.);
#1521=EDGE_CURVE('',#1125,#1177,#691,.T.);
#1522=EDGE_CURVE('',#1140,#1153,#692,.T.);
#1523=EDGE_CURVE('',#1152,#1150,#693,.T.);
#1524=EDGE_CURVE('',#1123,#1178,#694,.T.);
#1525=EDGE_CURVE('',#1124,#1158,#695,.T.);
#1526=EDGE_CURVE('',#1179,#1170,#155,.T.);
#1527=EDGE_CURVE('',#1118,#1179,#696,.T.);
#1528=EDGE_CURVE('',#1169,#1163,#156,.T.);
#1529=EDGE_CURVE('',#1119,#1180,#697,.T.);
#1530=EDGE_CURVE('',#1174,#1180,#157,.T.);
#1531=EDGE_CURVE('',#1162,#1175,#158,.T.);
#1532=EDGE_CURVE('',#1180,#1179,#698,.T.);
#1533=ORIENTED_EDGE('',*,*,#1181,.F.);
#1534=ORIENTED_EDGE('',*,*,#1182,.T.);
#1535=ORIENTED_EDGE('',*,*,#1183,.F.);
#1536=ORIENTED_EDGE('',*,*,#1184,.T.);
#1537=ORIENTED_EDGE('',*,*,#1185,.F.);
#1538=ORIENTED_EDGE('',*,*,#1186,.F.);
#1539=ORIENTED_EDGE('',*,*,#1187,.F.);
#1540=ORIENTED_EDGE('',*,*,#1188,.T.);
#1541=ORIENTED_EDGE('',*,*,#1189,.F.);
#1542=ORIENTED_EDGE('',*,*,#1190,.F.);
#1543=ORIENTED_EDGE('',*,*,#1186,.T.);
#1544=ORIENTED_EDGE('',*,*,#1191,.F.);
#1545=ORIENTED_EDGE('',*,*,#1192,.F.);
#1546=ORIENTED_EDGE('',*,*,#1193,.F.);
#1547=ORIENTED_EDGE('',*,*,#1194,.T.);
#1548=ORIENTED_EDGE('',*,*,#1182,.F.);
#1549=ORIENTED_EDGE('',*,*,#1181,.T.);
#1550=ORIENTED_EDGE('',*,*,#1195,.F.);
#1551=ORIENTED_EDGE('',*,*,#1196,.F.);
#1552=ORIENTED_EDGE('',*,*,#1189,.T.);
#1553=ORIENTED_EDGE('',*,*,#1197,.F.);
#1554=ORIENTED_EDGE('',*,*,#1198,.F.);
#1555=ORIENTED_EDGE('',*,*,#1199,.F.);
#1556=ORIENTED_EDGE('',*,*,#1192,.T.);
#1557=ORIENTED_EDGE('',*,*,#1183,.T.);
#1558=ORIENTED_EDGE('',*,*,#1194,.F.);
#1559=ORIENTED_EDGE('',*,*,#1200,.F.);
#1560=ORIENTED_EDGE('',*,*,#1201,.T.);
#1561=ORIENTED_EDGE('',*,*,#1185,.T.);
#1562=ORIENTED_EDGE('',*,*,#1202,.T.);
#1563=ORIENTED_EDGE('',*,*,#1197,.T.);
#1564=ORIENTED_EDGE('',*,*,#1191,.T.);
#1565=ORIENTED_EDGE('',*,*,#1202,.F.);
#1566=ORIENTED_EDGE('',*,*,#1188,.F.);
#1567=ORIENTED_EDGE('',*,*,#1203,.F.);
#1568=ORIENTED_EDGE('',*,*,#1195,.T.);
#1569=ORIENTED_EDGE('',*,*,#1184,.F.);
#1570=ORIENTED_EDGE('',*,*,#1201,.F.);
#1571=ORIENTED_EDGE('',*,*,#1204,.F.);
#1572=ORIENTED_EDGE('',*,*,#1198,.T.);
#1573=ORIENTED_EDGE('',*,*,#1205,.F.);
#1574=ORIENTED_EDGE('',*,*,#1206,.T.);
#1575=ORIENTED_EDGE('',*,*,#1207,.F.);
#1576=ORIENTED_EDGE('',*,*,#1208,.T.);
#1577=ORIENTED_EDGE('',*,*,#1209,.F.);
#1578=ORIENTED_EDGE('',*,*,#1210,.F.);
#1579=ORIENTED_EDGE('',*,*,#1211,.F.);
#1580=ORIENTED_EDGE('',*,*,#1212,.T.);
#1581=ORIENTED_EDGE('',*,*,#1213,.F.);
#1582=ORIENTED_EDGE('',*,*,#1214,.F.);
#1583=ORIENTED_EDGE('',*,*,#1210,.T.);
#1584=ORIENTED_EDGE('',*,*,#1215,.F.);
#1585=ORIENTED_EDGE('',*,*,#1216,.F.);
#1586=ORIENTED_EDGE('',*,*,#1217,.F.);
#1587=ORIENTED_EDGE('',*,*,#1218,.T.);
#1588=ORIENTED_EDGE('',*,*,#1206,.F.);
#1589=ORIENTED_EDGE('',*,*,#1205,.T.);
#1590=ORIENTED_EDGE('',*,*,#1219,.F.);
#1591=ORIENTED_EDGE('',*,*,#1220,.F.);
#1592=ORIENTED_EDGE('',*,*,#1213,.T.);
#1593=ORIENTED_EDGE('',*,*,#1221,.F.);
#1594=ORIENTED_EDGE('',*,*,#1222,.F.);
#1595=ORIENTED_EDGE('',*,*,#1223,.F.);
#1596=ORIENTED_EDGE('',*,*,#1216,.T.);
#1597=ORIENTED_EDGE('',*,*,#1207,.T.);
#1598=ORIENTED_EDGE('',*,*,#1218,.F.);
#1599=ORIENTED_EDGE('',*,*,#1224,.F.);
#1600=ORIENTED_EDGE('',*,*,#1225,.T.);
#1601=ORIENTED_EDGE('',*,*,#1209,.T.);
#1602=ORIENTED_EDGE('',*,*,#1226,.T.);
#1603=ORIENTED_EDGE('',*,*,#1221,.T.);
#1604=ORIENTED_EDGE('',*,*,#1215,.T.);
#1605=ORIENTED_EDGE('',*,*,#1226,.F.);
#1606=ORIENTED_EDGE('',*,*,#1212,.F.);
#1607=ORIENTED_EDGE('',*,*,#1227,.F.);
#1608=ORIENTED_EDGE('',*,*,#1219,.T.);
#1609=ORIENTED_EDGE('',*,*,#1208,.F.);
#1610=ORIENTED_EDGE('',*,*,#1225,.F.);
#1611=ORIENTED_EDGE('',*,*,#1228,.F.);
#1612=ORIENTED_EDGE('',*,*,#1222,.T.);
#1613=ORIENTED_EDGE('',*,*,#1229,.F.);
#1614=ORIENTED_EDGE('',*,*,#1230,.F.);
#1615=ORIENTED_EDGE('',*,*,#1231,.F.);
#1616=ORIENTED_EDGE('',*,*,#1232,.F.);
#1617=ORIENTED_EDGE('',*,*,#1231,.T.);
#1618=ORIENTED_EDGE('',*,*,#1233,.F.);
#1619=ORIENTED_EDGE('',*,*,#1234,.F.);
#1620=ORIENTED_EDGE('',*,*,#1235,.F.);
#1621=ORIENTED_EDGE('',*,*,#1230,.T.);
#1622=ORIENTED_EDGE('',*,*,#1236,.T.);
#1623=ORIENTED_EDGE('',*,*,#1237,.F.);
#1624=ORIENTED_EDGE('',*,*,#1238,.F.);
#1625=ORIENTED_EDGE('',*,*,#1239,.T.);
#1626=ORIENTED_EDGE('',*,*,#1240,.F.);
#1627=ORIENTED_EDGE('',*,*,#1241,.F.);
#1628=ORIENTED_EDGE('',*,*,#1233,.T.);
#1629=ORIENTED_EDGE('',*,*,#1242,.F.);
#1630=ORIENTED_EDGE('',*,*,#1239,.F.);
#1631=ORIENTED_EDGE('',*,*,#1243,.F.);
#1632=ORIENTED_EDGE('',*,*,#1244,.F.);
#1633=ORIENTED_EDGE('',*,*,#1229,.T.);
#1634=ORIENTED_EDGE('',*,*,#1245,.F.);
#1635=ORIENTED_EDGE('',*,*,#1246,.F.);
#1636=ORIENTED_EDGE('',*,*,#1236,.F.);
#1637=ORIENTED_EDGE('',*,*,#1232,.T.);
#1638=ORIENTED_EDGE('',*,*,#1235,.T.);
#1639=ORIENTED_EDGE('',*,*,#1247,.F.);
#1640=ORIENTED_EDGE('',*,*,#1248,.F.);
#1641=ORIENTED_EDGE('',*,*,#1244,.T.);
#1642=ORIENTED_EDGE('',*,*,#1249,.F.);
#1643=ORIENTED_EDGE('',*,*,#1250,.F.);
#1644=ORIENTED_EDGE('',*,*,#1245,.T.);
#1645=ORIENTED_EDGE('',*,*,#1247,.T.);
#1646=ORIENTED_EDGE('',*,*,#1234,.T.);
#1647=ORIENTED_EDGE('',*,*,#1241,.T.);
#1648=ORIENTED_EDGE('',*,*,#1251,.T.);
#1649=ORIENTED_EDGE('',*,*,#1252,.F.);
#1650=ORIENTED_EDGE('',*,*,#1253,.F.);
#1651=ORIENTED_EDGE('',*,*,#1254,.F.);
#1652=ORIENTED_EDGE('',*,*,#1255,.T.);
#1653=ORIENTED_EDGE('',*,*,#1249,.T.);
#1654=ORIENTED_EDGE('',*,*,#1243,.T.);
#1655=ORIENTED_EDGE('',*,*,#1238,.T.);
#1656=ORIENTED_EDGE('',*,*,#1256,.T.);
#1657=ORIENTED_EDGE('',*,*,#1257,.F.);
#1658=ORIENTED_EDGE('',*,*,#1258,.F.);
#1659=ORIENTED_EDGE('',*,*,#1259,.F.);
#1660=ORIENTED_EDGE('',*,*,#1260,.T.);
#1661=ORIENTED_EDGE('',*,*,#1248,.T.);
#1662=ORIENTED_EDGE('',*,*,#1255,.F.);
#1663=ORIENTED_EDGE('',*,*,#1261,.F.);
#1664=ORIENTED_EDGE('',*,*,#1262,.F.);
#1665=ORIENTED_EDGE('',*,*,#1263,.F.);
#1666=ORIENTED_EDGE('',*,*,#1251,.F.);
#1667=ORIENTED_EDGE('',*,*,#1240,.T.);
#1668=ORIENTED_EDGE('',*,*,#1242,.T.);
#1669=ORIENTED_EDGE('',*,*,#1253,.T.);
#1670=ORIENTED_EDGE('',*,*,#1264,.F.);
#1671=ORIENTED_EDGE('',*,*,#1265,.F.);
#1672=ORIENTED_EDGE('',*,*,#1266,.F.);
#1673=ORIENTED_EDGE('',*,*,#1262,.T.);
#1674=ORIENTED_EDGE('',*,*,#1267,.T.);
#1675=ORIENTED_EDGE('',*,*,#1268,.F.);
#1676=ORIENTED_EDGE('',*,*,#1269,.F.);
#1677=ORIENTED_EDGE('',*,*,#1270,.T.);
#1678=ORIENTED_EDGE('',*,*,#1271,.T.);
#1679=ORIENTED_EDGE('',*,*,#1258,.T.);
#1680=ORIENTED_EDGE('',*,*,#1272,.F.);
#1681=ORIENTED_EDGE('',*,*,#1250,.T.);
#1682=ORIENTED_EDGE('',*,*,#1260,.F.);
#1683=ORIENTED_EDGE('',*,*,#1273,.F.);
#1684=ORIENTED_EDGE('',*,*,#1274,.T.);
#1685=ORIENTED_EDGE('',*,*,#1275,.F.);
#1686=ORIENTED_EDGE('',*,*,#1256,.F.);
#1687=ORIENTED_EDGE('',*,*,#1237,.T.);
#1688=ORIENTED_EDGE('',*,*,#1246,.T.);
#1689=ORIENTED_EDGE('',*,*,#1276,.F.);
#1690=ORIENTED_EDGE('',*,*,#1277,.F.);
#1691=ORIENTED_EDGE('',*,*,#1274,.F.);
#1692=ORIENTED_EDGE('',*,*,#1278,.F.);
#1693=ORIENTED_EDGE('',*,*,#1276,.T.);
#1694=ORIENTED_EDGE('',*,*,#1279,.T.);
#1695=ORIENTED_EDGE('',*,*,#1280,.T.);
#1696=ORIENTED_EDGE('',*,*,#1281,.F.);
#1697=ORIENTED_EDGE('',*,*,#1282,.F.);
#1698=ORIENTED_EDGE('',*,*,#1283,.T.);
#1699=ORIENTED_EDGE('',*,*,#1284,.F.);
#1700=ORIENTED_EDGE('',*,*,#1285,.F.);
#1701=ORIENTED_EDGE('',*,*,#1286,.F.);
#1702=ORIENTED_EDGE('',*,*,#1287,.F.);
#1703=ORIENTED_EDGE('',*,*,#1288,.F.);
#1704=ORIENTED_EDGE('',*,*,#1289,.F.);
#1705=ORIENTED_EDGE('',*,*,#1290,.F.);
#1706=ORIENTED_EDGE('',*,*,#1291,.F.);
#1707=ORIENTED_EDGE('',*,*,#1292,.F.);
#1708=ORIENTED_EDGE('',*,*,#1293,.F.);
#1709=ORIENTED_EDGE('',*,*,#1294,.F.);
#1710=ORIENTED_EDGE('',*,*,#1295,.F.);
#1711=ORIENTED_EDGE('',*,*,#1296,.F.);
#1712=ORIENTED_EDGE('',*,*,#1283,.F.);
#1713=ORIENTED_EDGE('',*,*,#1297,.F.);
#1714=ORIENTED_EDGE('',*,*,#1298,.F.);
#1715=ORIENTED_EDGE('',*,*,#1299,.F.);
#1716=ORIENTED_EDGE('',*,*,#1300,.F.);
#1717=ORIENTED_EDGE('',*,*,#1301,.F.);
#1718=ORIENTED_EDGE('',*,*,#1302,.F.);
#1719=ORIENTED_EDGE('',*,*,#1303,.F.);
#1720=ORIENTED_EDGE('',*,*,#1304,.F.);
#1721=ORIENTED_EDGE('',*,*,#1305,.F.);
#1722=ORIENTED_EDGE('',*,*,#1306,.F.);
#1723=ORIENTED_EDGE('',*,*,#1307,.F.);
#1724=ORIENTED_EDGE('',*,*,#1295,.T.);
#1725=ORIENTED_EDGE('',*,*,#1308,.F.);
#1726=ORIENTED_EDGE('',*,*,#1309,.T.);
#1727=ORIENTED_EDGE('',*,*,#1310,.F.);
#1728=ORIENTED_EDGE('',*,*,#1297,.T.);
#1729=ORIENTED_EDGE('',*,*,#1294,.T.);
#1730=ORIENTED_EDGE('',*,*,#1282,.T.);
#1731=ORIENTED_EDGE('',*,*,#1311,.F.);
#1732=ORIENTED_EDGE('',*,*,#1284,.T.);
#1733=ORIENTED_EDGE('',*,*,#1296,.T.);
#1734=ORIENTED_EDGE('',*,*,#1307,.T.);
#1735=ORIENTED_EDGE('',*,*,#1312,.F.);
#1736=ORIENTED_EDGE('',*,*,#1309,.F.);
#1737=ORIENTED_EDGE('',*,*,#1293,.T.);
#1738=ORIENTED_EDGE('',*,*,#1313,.F.);
#1739=ORIENTED_EDGE('',*,*,#1285,.T.);
#1740=ORIENTED_EDGE('',*,*,#1311,.T.);
#1741=ORIENTED_EDGE('',*,*,#1298,.T.);
#1742=ORIENTED_EDGE('',*,*,#1310,.T.);
#1743=ORIENTED_EDGE('',*,*,#1312,.T.);
#1744=ORIENTED_EDGE('',*,*,#1306,.T.);
#1745=ORIENTED_EDGE('',*,*,#1314,.F.);
#1746=ORIENTED_EDGE('',*,*,#1292,.T.);
#1747=ORIENTED_EDGE('',*,*,#1315,.F.);
#1748=ORIENTED_EDGE('',*,*,#1286,.T.);
#1749=ORIENTED_EDGE('',*,*,#1313,.T.);
#1750=ORIENTED_EDGE('',*,*,#1299,.T.);
#1751=ORIENTED_EDGE('',*,*,#1314,.T.);
#1752=ORIENTED_EDGE('',*,*,#1305,.T.);
#1753=ORIENTED_EDGE('',*,*,#1316,.F.);
#1754=ORIENTED_EDGE('',*,*,#1291,.T.);
#1755=ORIENTED_EDGE('',*,*,#1317,.F.);
#1756=ORIENTED_EDGE('',*,*,#1287,.T.);
#1757=ORIENTED_EDGE('',*,*,#1315,.T.);
#1758=ORIENTED_EDGE('',*,*,#1300,.T.);
#1759=ORIENTED_EDGE('',*,*,#1316,.T.);
#1760=ORIENTED_EDGE('',*,*,#1304,.T.);
#1761=ORIENTED_EDGE('',*,*,#1318,.F.);
#1762=ORIENTED_EDGE('',*,*,#1289,.T.);
#1763=ORIENTED_EDGE('',*,*,#1319,.T.);
#1764=ORIENTED_EDGE('',*,*,#1290,.T.);
#1765=ORIENTED_EDGE('',*,*,#1319,.F.);
#1766=ORIENTED_EDGE('',*,*,#1288,.T.);
#1767=ORIENTED_EDGE('',*,*,#1317,.T.);
#1768=ORIENTED_EDGE('',*,*,#1301,.T.);
#1769=ORIENTED_EDGE('',*,*,#1318,.T.);
#1770=ORIENTED_EDGE('',*,*,#1303,.T.);
#1771=ORIENTED_EDGE('',*,*,#1320,.F.);
#1772=ORIENTED_EDGE('',*,*,#1302,.T.);
#1773=ORIENTED_EDGE('',*,*,#1320,.T.);
#1774=ORIENTED_EDGE('',*,*,#1321,.F.);
#1775=ORIENTED_EDGE('',*,*,#1322,.T.);
#1776=ORIENTED_EDGE('',*,*,#1323,.F.);
#1777=ORIENTED_EDGE('',*,*,#1324,.F.);
#1778=ORIENTED_EDGE('',*,*,#1325,.F.);
#1779=ORIENTED_EDGE('',*,*,#1326,.F.);
#1780=ORIENTED_EDGE('',*,*,#1327,.F.);
#1781=ORIENTED_EDGE('',*,*,#1328,.F.);
#1782=ORIENTED_EDGE('',*,*,#1329,.F.);
#1783=ORIENTED_EDGE('',*,*,#1330,.F.);
#1784=ORIENTED_EDGE('',*,*,#1331,.F.);
#1785=ORIENTED_EDGE('',*,*,#1332,.F.);
#1786=ORIENTED_EDGE('',*,*,#1333,.F.);
#1787=ORIENTED_EDGE('',*,*,#1334,.F.);
#1788=ORIENTED_EDGE('',*,*,#1335,.F.);
#1789=ORIENTED_EDGE('',*,*,#1322,.F.);
#1790=ORIENTED_EDGE('',*,*,#1336,.F.);
#1791=ORIENTED_EDGE('',*,*,#1337,.F.);
#1792=ORIENTED_EDGE('',*,*,#1338,.F.);
#1793=ORIENTED_EDGE('',*,*,#1339,.F.);
#1794=ORIENTED_EDGE('',*,*,#1340,.F.);
#1795=ORIENTED_EDGE('',*,*,#1341,.F.);
#1796=ORIENTED_EDGE('',*,*,#1342,.F.);
#1797=ORIENTED_EDGE('',*,*,#1343,.F.);
#1798=ORIENTED_EDGE('',*,*,#1344,.F.);
#1799=ORIENTED_EDGE('',*,*,#1345,.F.);
#1800=ORIENTED_EDGE('',*,*,#1346,.F.);
#1801=ORIENTED_EDGE('',*,*,#1334,.T.);
#1802=ORIENTED_EDGE('',*,*,#1347,.F.);
#1803=ORIENTED_EDGE('',*,*,#1348,.T.);
#1804=ORIENTED_EDGE('',*,*,#1349,.F.);
#1805=ORIENTED_EDGE('',*,*,#1336,.T.);
#1806=ORIENTED_EDGE('',*,*,#1333,.T.);
#1807=ORIENTED_EDGE('',*,*,#1321,.T.);
#1808=ORIENTED_EDGE('',*,*,#1350,.F.);
#1809=ORIENTED_EDGE('',*,*,#1323,.T.);
#1810=ORIENTED_EDGE('',*,*,#1335,.T.);
#1811=ORIENTED_EDGE('',*,*,#1346,.T.);
#1812=ORIENTED_EDGE('',*,*,#1351,.F.);
#1813=ORIENTED_EDGE('',*,*,#1348,.F.);
#1814=ORIENTED_EDGE('',*,*,#1332,.T.);
#1815=ORIENTED_EDGE('',*,*,#1352,.F.);
#1816=ORIENTED_EDGE('',*,*,#1324,.T.);
#1817=ORIENTED_EDGE('',*,*,#1350,.T.);
#1818=ORIENTED_EDGE('',*,*,#1337,.T.);
#1819=ORIENTED_EDGE('',*,*,#1349,.T.);
#1820=ORIENTED_EDGE('',*,*,#1351,.T.);
#1821=ORIENTED_EDGE('',*,*,#1345,.T.);
#1822=ORIENTED_EDGE('',*,*,#1353,.F.);
#1823=ORIENTED_EDGE('',*,*,#1331,.T.);
#1824=ORIENTED_EDGE('',*,*,#1354,.F.);
#1825=ORIENTED_EDGE('',*,*,#1325,.T.);
#1826=ORIENTED_EDGE('',*,*,#1352,.T.);
#1827=ORIENTED_EDGE('',*,*,#1338,.T.);
#1828=ORIENTED_EDGE('',*,*,#1353,.T.);
#1829=ORIENTED_EDGE('',*,*,#1344,.T.);
#1830=ORIENTED_EDGE('',*,*,#1355,.F.);
#1831=ORIENTED_EDGE('',*,*,#1330,.T.);
#1832=ORIENTED_EDGE('',*,*,#1356,.F.);
#1833=ORIENTED_EDGE('',*,*,#1326,.T.);
#1834=ORIENTED_EDGE('',*,*,#1354,.T.);
#1835=ORIENTED_EDGE('',*,*,#1339,.T.);
#1836=ORIENTED_EDGE('',*,*,#1355,.T.);
#1837=ORIENTED_EDGE('',*,*,#1343,.T.);
#1838=ORIENTED_EDGE('',*,*,#1357,.F.);
#1839=ORIENTED_EDGE('',*,*,#1328,.T.);
#1840=ORIENTED_EDGE('',*,*,#1358,.T.);
#1841=ORIENTED_EDGE('',*,*,#1329,.T.);
#1842=ORIENTED_EDGE('',*,*,#1358,.F.);
#1843=ORIENTED_EDGE('',*,*,#1327,.T.);
#1844=ORIENTED_EDGE('',*,*,#1356,.T.);
#1845=ORIENTED_EDGE('',*,*,#1340,.T.);
#1846=ORIENTED_EDGE('',*,*,#1357,.T.);
#1847=ORIENTED_EDGE('',*,*,#1342,.T.);
#1848=ORIENTED_EDGE('',*,*,#1359,.F.);
#1849=ORIENTED_EDGE('',*,*,#1341,.T.);
#1850=ORIENTED_EDGE('',*,*,#1359,.T.);
#1851=ORIENTED_EDGE('',*,*,#1360,.F.);
#1852=ORIENTED_EDGE('',*,*,#1361,.T.);
#1853=ORIENTED_EDGE('',*,*,#1362,.T.);
#1854=ORIENTED_EDGE('',*,*,#1361,.F.);
#1855=ORIENTED_EDGE('',*,*,#1360,.T.);
#1856=ORIENTED_EDGE('',*,*,#1363,.F.);
#1857=ORIENTED_EDGE('',*,*,#1364,.F.);
#1858=ORIENTED_EDGE('',*,*,#1365,.F.);
#1859=ORIENTED_EDGE('',*,*,#1366,.T.);
#1860=ORIENTED_EDGE('',*,*,#1362,.F.);
#1861=ORIENTED_EDGE('',*,*,#1366,.F.);
#1862=ORIENTED_EDGE('',*,*,#1367,.T.);
#1863=ORIENTED_EDGE('',*,*,#1364,.T.);
#1864=ORIENTED_EDGE('',*,*,#1368,.F.);
#1865=ORIENTED_EDGE('',*,*,#1369,.T.);
#1866=ORIENTED_EDGE('',*,*,#1370,.T.);
#1867=ORIENTED_EDGE('',*,*,#1369,.F.);
#1868=ORIENTED_EDGE('',*,*,#1368,.T.);
#1869=ORIENTED_EDGE('',*,*,#1371,.F.);
#1870=ORIENTED_EDGE('',*,*,#1372,.F.);
#1871=ORIENTED_EDGE('',*,*,#1373,.F.);
#1872=ORIENTED_EDGE('',*,*,#1374,.T.);
#1873=ORIENTED_EDGE('',*,*,#1370,.F.);
#1874=ORIENTED_EDGE('',*,*,#1374,.F.);
#1875=ORIENTED_EDGE('',*,*,#1375,.T.);
#1876=ORIENTED_EDGE('',*,*,#1372,.T.);
#1877=ORIENTED_EDGE('',*,*,#1376,.F.);
#1878=ORIENTED_EDGE('',*,*,#1377,.T.);
#1879=ORIENTED_EDGE('',*,*,#1378,.T.);
#1880=ORIENTED_EDGE('',*,*,#1377,.F.);
#1881=ORIENTED_EDGE('',*,*,#1378,.F.);
#1882=ORIENTED_EDGE('',*,*,#1308,.T.);
#1883=ORIENTED_EDGE('',*,*,#1379,.F.);
#1884=ORIENTED_EDGE('',*,*,#1380,.T.);
#1885=ORIENTED_EDGE('',*,*,#1381,.T.);
#1886=ORIENTED_EDGE('',*,*,#1380,.F.);
#1887=ORIENTED_EDGE('',*,*,#1381,.F.);
#1888=ORIENTED_EDGE('',*,*,#1347,.T.);
#1889=ORIENTED_EDGE('',*,*,#1382,.F.);
#1890=ORIENTED_EDGE('',*,*,#1383,.T.);
#1891=ORIENTED_EDGE('',*,*,#1384,.F.);
#1892=ORIENTED_EDGE('',*,*,#1383,.F.);
#1893=ORIENTED_EDGE('',*,*,#1385,.T.);
#1894=ORIENTED_EDGE('',*,*,#1386,.T.);
#1895=ORIENTED_EDGE('',*,*,#1387,.F.);
#1896=ORIENTED_EDGE('',*,*,#1386,.F.);
#1897=ORIENTED_EDGE('',*,*,#1385,.F.);
#1898=ORIENTED_EDGE('',*,*,#1384,.T.);
#1899=ORIENTED_EDGE('',*,*,#1388,.T.);
#1900=ORIENTED_EDGE('',*,*,#1389,.T.);
#1901=ORIENTED_EDGE('',*,*,#1390,.F.);
#1902=ORIENTED_EDGE('',*,*,#1389,.F.);
#1903=ORIENTED_EDGE('',*,*,#1388,.F.);
#1904=ORIENTED_EDGE('',*,*,#1387,.T.);
#1905=ORIENTED_EDGE('',*,*,#1391,.F.);
#1906=ORIENTED_EDGE('',*,*,#1392,.T.);
#1907=ORIENTED_EDGE('',*,*,#1393,.F.);
#1908=ORIENTED_EDGE('',*,*,#1392,.F.);
#1909=ORIENTED_EDGE('',*,*,#1394,.T.);
#1910=ORIENTED_EDGE('',*,*,#1395,.T.);
#1911=ORIENTED_EDGE('',*,*,#1396,.F.);
#1912=ORIENTED_EDGE('',*,*,#1395,.F.);
#1913=ORIENTED_EDGE('',*,*,#1394,.F.);
#1914=ORIENTED_EDGE('',*,*,#1393,.T.);
#1915=ORIENTED_EDGE('',*,*,#1397,.T.);
#1916=ORIENTED_EDGE('',*,*,#1398,.T.);
#1917=ORIENTED_EDGE('',*,*,#1399,.F.);
#1918=ORIENTED_EDGE('',*,*,#1398,.F.);
#1919=ORIENTED_EDGE('',*,*,#1397,.F.);
#1920=ORIENTED_EDGE('',*,*,#1396,.T.);
#1921=ORIENTED_EDGE('',*,*,#1400,.F.);
#1922=ORIENTED_EDGE('',*,*,#1270,.F.);
#1923=ORIENTED_EDGE('',*,*,#1401,.F.);
#1924=ORIENTED_EDGE('',*,*,#1402,.F.);
#1925=ORIENTED_EDGE('',*,*,#1403,.F.);
#1926=ORIENTED_EDGE('',*,*,#1404,.F.);
#1927=ORIENTED_EDGE('',*,*,#1405,.F.);
#1928=ORIENTED_EDGE('',*,*,#1268,.T.);
#1929=ORIENTED_EDGE('',*,*,#1266,.T.);
#1930=ORIENTED_EDGE('',*,*,#1406,.F.);
#1931=ORIENTED_EDGE('',*,*,#1407,.F.);
#1932=ORIENTED_EDGE('',*,*,#1408,.F.);
#1933=ORIENTED_EDGE('',*,*,#1409,.T.);
#1934=ORIENTED_EDGE('',*,*,#1410,.T.);
#1935=ORIENTED_EDGE('',*,*,#1411,.T.);
#1936=ORIENTED_EDGE('',*,*,#1412,.T.);
#1937=ORIENTED_EDGE('',*,*,#1363,.T.);
#1938=ORIENTED_EDGE('',*,*,#1365,.T.);
#1939=ORIENTED_EDGE('',*,*,#1413,.T.);
#1940=ORIENTED_EDGE('',*,*,#1403,.T.);
#1941=ORIENTED_EDGE('',*,*,#1267,.F.);
#1942=ORIENTED_EDGE('',*,*,#1261,.T.);
#1943=ORIENTED_EDGE('',*,*,#1254,.T.);
#1944=ORIENTED_EDGE('',*,*,#1376,.T.);
#1945=ORIENTED_EDGE('',*,*,#1259,.T.);
#1946=ORIENTED_EDGE('',*,*,#1271,.F.);
#1947=ORIENTED_EDGE('',*,*,#1400,.T.);
#1948=ORIENTED_EDGE('',*,*,#1414,.T.);
#1949=ORIENTED_EDGE('',*,*,#1371,.T.);
#1950=ORIENTED_EDGE('',*,*,#1373,.T.);
#1951=ORIENTED_EDGE('',*,*,#1415,.T.);
#1952=ORIENTED_EDGE('',*,*,#1416,.T.);
#1953=ORIENTED_EDGE('',*,*,#1417,.T.);
#1954=ORIENTED_EDGE('',*,*,#1418,.T.);
#1955=ORIENTED_EDGE('',*,*,#1419,.F.);
#1956=ORIENTED_EDGE('',*,*,#1420,.F.);
#1957=ORIENTED_EDGE('',*,*,#1279,.F.);
#1958=ORIENTED_EDGE('',*,*,#1278,.T.);
#1959=ORIENTED_EDGE('',*,*,#1273,.T.);
#1960=ORIENTED_EDGE('',*,*,#1379,.T.);
#1961=ORIENTED_EDGE('',*,*,#1404,.T.);
#1962=ORIENTED_EDGE('',*,*,#1413,.F.);
#1963=ORIENTED_EDGE('',*,*,#1367,.F.);
#1964=ORIENTED_EDGE('',*,*,#1412,.F.);
#1965=ORIENTED_EDGE('',*,*,#1421,.F.);
#1966=ORIENTED_EDGE('',*,*,#1422,.F.);
#1967=ORIENTED_EDGE('',*,*,#1402,.T.);
#1968=ORIENTED_EDGE('',*,*,#1423,.F.);
#1969=ORIENTED_EDGE('',*,*,#1424,.T.);
#1970=ORIENTED_EDGE('',*,*,#1415,.F.);
#1971=ORIENTED_EDGE('',*,*,#1375,.F.);
#1972=ORIENTED_EDGE('',*,*,#1414,.F.);
#1973=ORIENTED_EDGE('',*,*,#1425,.T.);
#1974=ORIENTED_EDGE('',*,*,#1426,.T.);
#1975=ORIENTED_EDGE('',*,*,#1427,.T.);
#1976=ORIENTED_EDGE('',*,*,#1428,.T.);
#1977=ORIENTED_EDGE('',*,*,#1429,.T.);
#1978=ORIENTED_EDGE('',*,*,#1430,.T.);
#1979=ORIENTED_EDGE('',*,*,#1431,.T.);
#1980=ORIENTED_EDGE('',*,*,#1432,.T.);
#1981=ORIENTED_EDGE('',*,*,#1433,.T.);
#1982=ORIENTED_EDGE('',*,*,#1434,.T.);
#1983=ORIENTED_EDGE('',*,*,#1435,.T.);
#1984=ORIENTED_EDGE('',*,*,#1436,.T.);
#1985=ORIENTED_EDGE('',*,*,#1437,.T.);
#1986=ORIENTED_EDGE('',*,*,#1438,.T.);
#1987=ORIENTED_EDGE('',*,*,#1439,.T.);
#1988=ORIENTED_EDGE('',*,*,#1440,.T.);
#1989=ORIENTED_EDGE('',*,*,#1441,.T.);
#1990=ORIENTED_EDGE('',*,*,#1442,.T.);
#1991=ORIENTED_EDGE('',*,*,#1443,.T.);
#1992=ORIENTED_EDGE('',*,*,#1444,.T.);
#1993=ORIENTED_EDGE('',*,*,#1445,.T.);
#1994=ORIENTED_EDGE('',*,*,#1446,.T.);
#1995=ORIENTED_EDGE('',*,*,#1447,.T.);
#1996=ORIENTED_EDGE('',*,*,#1448,.T.);
#1997=ORIENTED_EDGE('',*,*,#1449,.T.);
#1998=ORIENTED_EDGE('',*,*,#1450,.T.);
#1999=ORIENTED_EDGE('',*,*,#1451,.T.);
#2000=ORIENTED_EDGE('',*,*,#1390,.T.);
#2001=ORIENTED_EDGE('',*,*,#1399,.T.);
#2002=ORIENTED_EDGE('',*,*,#1401,.T.);
#2003=ORIENTED_EDGE('',*,*,#1269,.T.);
#2004=ORIENTED_EDGE('',*,*,#1405,.T.);
#2005=ORIENTED_EDGE('',*,*,#1422,.T.);
#2006=ORIENTED_EDGE('',*,*,#1452,.T.);
#2007=ORIENTED_EDGE('',*,*,#1453,.T.);
#2008=ORIENTED_EDGE('',*,*,#1454,.T.);
#2009=ORIENTED_EDGE('',*,*,#1455,.T.);
#2010=ORIENTED_EDGE('',*,*,#1456,.T.);
#2011=ORIENTED_EDGE('',*,*,#1457,.T.);
#2012=ORIENTED_EDGE('',*,*,#1458,.T.);
#2013=ORIENTED_EDGE('',*,*,#1423,.T.);
#2014=ORIENTED_EDGE('',*,*,#1409,.F.);
#2015=ORIENTED_EDGE('',*,*,#1459,.F.);
#2016=ORIENTED_EDGE('',*,*,#1454,.F.);
#2017=ORIENTED_EDGE('',*,*,#1460,.F.);
#2018=ORIENTED_EDGE('',*,*,#1418,.F.);
#2019=ORIENTED_EDGE('',*,*,#1461,.F.);
#2020=ORIENTED_EDGE('',*,*,#1456,.F.);
#2021=ORIENTED_EDGE('',*,*,#1462,.T.);
#2022=ORIENTED_EDGE('',*,*,#1461,.T.);
#2023=ORIENTED_EDGE('',*,*,#1417,.F.);
#2024=ORIENTED_EDGE('',*,*,#1463,.F.);
#2025=ORIENTED_EDGE('',*,*,#1457,.F.);
#2026=ORIENTED_EDGE('',*,*,#1416,.F.);
#2027=ORIENTED_EDGE('',*,*,#1424,.F.);
#2028=ORIENTED_EDGE('',*,*,#1458,.F.);
#2029=ORIENTED_EDGE('',*,*,#1463,.T.);
#2030=ORIENTED_EDGE('',*,*,#1460,.T.);
#2031=ORIENTED_EDGE('',*,*,#1453,.F.);
#2032=ORIENTED_EDGE('',*,*,#1464,.T.);
#2033=ORIENTED_EDGE('',*,*,#1410,.F.);
#2034=ORIENTED_EDGE('',*,*,#1411,.F.);
#2035=ORIENTED_EDGE('',*,*,#1464,.F.);
#2036=ORIENTED_EDGE('',*,*,#1452,.F.);
#2037=ORIENTED_EDGE('',*,*,#1421,.T.);
#2038=ORIENTED_EDGE('',*,*,#1265,.T.);
#2039=ORIENTED_EDGE('',*,*,#1465,.F.);
#2040=ORIENTED_EDGE('',*,*,#1466,.F.);
#2041=ORIENTED_EDGE('',*,*,#1406,.T.);
#2042=ORIENTED_EDGE('',*,*,#1467,.F.);
#2043=ORIENTED_EDGE('',*,*,#1280,.F.);
#2044=ORIENTED_EDGE('',*,*,#1420,.T.);
#2045=ORIENTED_EDGE('',*,*,#1468,.T.);
#2046=ORIENTED_EDGE('',*,*,#1408,.T.);
#2047=ORIENTED_EDGE('',*,*,#1469,.T.);
#2048=ORIENTED_EDGE('',*,*,#1470,.F.);
#2049=ORIENTED_EDGE('',*,*,#1468,.F.);
#2050=ORIENTED_EDGE('',*,*,#1419,.T.);
#2051=ORIENTED_EDGE('',*,*,#1462,.F.);
#2052=ORIENTED_EDGE('',*,*,#1455,.F.);
#2053=ORIENTED_EDGE('',*,*,#1459,.T.);
#2054=ORIENTED_EDGE('',*,*,#1471,.F.);
#2055=ORIENTED_EDGE('',*,*,#1469,.F.);
#2056=ORIENTED_EDGE('',*,*,#1407,.T.);
#2057=ORIENTED_EDGE('',*,*,#1466,.T.);
#2058=ORIENTED_EDGE('',*,*,#1472,.T.);
#2059=ORIENTED_EDGE('',*,*,#1382,.T.);
#2060=ORIENTED_EDGE('',*,*,#1473,.T.);
#2061=ORIENTED_EDGE('',*,*,#1474,.T.);
#2062=ORIENTED_EDGE('',*,*,#1475,.T.);
#2063=ORIENTED_EDGE('',*,*,#1476,.T.);
#2064=ORIENTED_EDGE('',*,*,#1477,.F.);
#2065=ORIENTED_EDGE('',*,*,#1478,.T.);
#2066=ORIENTED_EDGE('',*,*,#1479,.T.);
#2067=ORIENTED_EDGE('',*,*,#1480,.T.);
#2068=ORIENTED_EDGE('',*,*,#1391,.T.);
#2069=ORIENTED_EDGE('',*,*,#1481,.F.);
#2070=ORIENTED_EDGE('',*,*,#1482,.F.);
#2071=ORIENTED_EDGE('',*,*,#1446,.F.);
#2072=ORIENTED_EDGE('',*,*,#1483,.T.);
#2073=ORIENTED_EDGE('',*,*,#1484,.T.);
#2074=ORIENTED_EDGE('',*,*,#1485,.T.);
#2075=ORIENTED_EDGE('',*,*,#1486,.F.);
#2076=ORIENTED_EDGE('',*,*,#1487,.F.);
#2077=ORIENTED_EDGE('',*,*,#1484,.F.);
#2078=ORIENTED_EDGE('',*,*,#1481,.T.);
#2079=ORIENTED_EDGE('',*,*,#1488,.T.);
#2080=ORIENTED_EDGE('',*,*,#1489,.T.);
#2081=ORIENTED_EDGE('',*,*,#1490,.T.);
#2082=ORIENTED_EDGE('',*,*,#1491,.T.);
#2083=ORIENTED_EDGE('',*,*,#1492,.T.);
#2084=ORIENTED_EDGE('',*,*,#1493,.T.);
#2085=ORIENTED_EDGE('',*,*,#1196,.T.);
#2086=ORIENTED_EDGE('',*,*,#1203,.T.);
#2087=ORIENTED_EDGE('',*,*,#1187,.T.);
#2088=ORIENTED_EDGE('',*,*,#1190,.T.);
#2089=ORIENTED_EDGE('',*,*,#1199,.T.);
#2090=ORIENTED_EDGE('',*,*,#1204,.T.);
#2091=ORIENTED_EDGE('',*,*,#1200,.T.);
#2092=ORIENTED_EDGE('',*,*,#1193,.T.);
#2093=ORIENTED_EDGE('',*,*,#1220,.T.);
#2094=ORIENTED_EDGE('',*,*,#1227,.T.);
#2095=ORIENTED_EDGE('',*,*,#1211,.T.);
#2096=ORIENTED_EDGE('',*,*,#1214,.T.);
#2097=ORIENTED_EDGE('',*,*,#1223,.T.);
#2098=ORIENTED_EDGE('',*,*,#1228,.T.);
#2099=ORIENTED_EDGE('',*,*,#1224,.T.);
#2100=ORIENTED_EDGE('',*,*,#1217,.T.);
#2101=ORIENTED_EDGE('',*,*,#1483,.F.);
#2102=ORIENTED_EDGE('',*,*,#1445,.F.);
#2103=ORIENTED_EDGE('',*,*,#1494,.T.);
#2104=ORIENTED_EDGE('',*,*,#1488,.F.);
#2105=ORIENTED_EDGE('',*,*,#1493,.F.);
#2106=ORIENTED_EDGE('',*,*,#1495,.F.);
#2107=ORIENTED_EDGE('',*,*,#1440,.F.);
#2108=ORIENTED_EDGE('',*,*,#1496,.T.);
#2109=ORIENTED_EDGE('',*,*,#1495,.T.);
#2110=ORIENTED_EDGE('',*,*,#1492,.F.);
#2111=ORIENTED_EDGE('',*,*,#1497,.F.);
#2112=ORIENTED_EDGE('',*,*,#1441,.F.);
#2113=ORIENTED_EDGE('',*,*,#1498,.T.);
#2114=ORIENTED_EDGE('',*,*,#1489,.F.);
#2115=ORIENTED_EDGE('',*,*,#1494,.F.);
#2116=ORIENTED_EDGE('',*,*,#1444,.F.);
#2117=ORIENTED_EDGE('',*,*,#1499,.F.);
#2118=ORIENTED_EDGE('',*,*,#1442,.F.);
#2119=ORIENTED_EDGE('',*,*,#1497,.T.);
#2120=ORIENTED_EDGE('',*,*,#1491,.F.);
#2121=ORIENTED_EDGE('',*,*,#1499,.T.);
#2122=ORIENTED_EDGE('',*,*,#1490,.F.);
#2123=ORIENTED_EDGE('',*,*,#1498,.F.);
#2124=ORIENTED_EDGE('',*,*,#1443,.F.);
#2125=ORIENTED_EDGE('',*,*,#1478,.F.);
#2126=ORIENTED_EDGE('',*,*,#1500,.F.);
#2127=ORIENTED_EDGE('',*,*,#1426,.F.);
#2128=ORIENTED_EDGE('',*,*,#1501,.T.);
#2129=ORIENTED_EDGE('',*,*,#1501,.F.);
#2130=ORIENTED_EDGE('',*,*,#1425,.F.);
#2131=ORIENTED_EDGE('',*,*,#1502,.T.);
#2132=ORIENTED_EDGE('',*,*,#1479,.F.);
#2133=ORIENTED_EDGE('',*,*,#1476,.F.);
#2134=ORIENTED_EDGE('',*,*,#1503,.F.);
#2135=ORIENTED_EDGE('',*,*,#1449,.F.);
#2136=ORIENTED_EDGE('',*,*,#1504,.T.);
#2137=ORIENTED_EDGE('',*,*,#1477,.T.);
#2138=ORIENTED_EDGE('',*,*,#1504,.F.);
#2139=ORIENTED_EDGE('',*,*,#1448,.F.);
#2140=ORIENTED_EDGE('',*,*,#1505,.T.);
#2141=ORIENTED_EDGE('',*,*,#1506,.F.);
#2142=ORIENTED_EDGE('',*,*,#1507,.F.);
#2143=ORIENTED_EDGE('',*,*,#1427,.F.);
#2144=ORIENTED_EDGE('',*,*,#1500,.T.);
#2145=ORIENTED_EDGE('',*,*,#1508,.F.);
#2146=ORIENTED_EDGE('',*,*,#1509,.F.);
#2147=ORIENTED_EDGE('',*,*,#1432,.F.);
#2148=ORIENTED_EDGE('',*,*,#1510,.T.);
#2149=ORIENTED_EDGE('',*,*,#1511,.T.);
#2150=ORIENTED_EDGE('',*,*,#1510,.F.);
#2151=ORIENTED_EDGE('',*,*,#1431,.F.);
#2152=ORIENTED_EDGE('',*,*,#1512,.T.);
#2153=ORIENTED_EDGE('',*,*,#1513,.F.);
#2154=ORIENTED_EDGE('',*,*,#1514,.F.);
#2155=ORIENTED_EDGE('',*,*,#1438,.F.);
#2156=ORIENTED_EDGE('',*,*,#1515,.T.);
#2157=ORIENTED_EDGE('',*,*,#1516,.F.);
#2158=ORIENTED_EDGE('',*,*,#1515,.F.);
#2159=ORIENTED_EDGE('',*,*,#1437,.F.);
#2160=ORIENTED_EDGE('',*,*,#1517,.T.);
#2161=ORIENTED_EDGE('',*,*,#1518,.T.);
#2162=ORIENTED_EDGE('',*,*,#1519,.T.);
#2163=ORIENTED_EDGE('',*,*,#1508,.T.);
#2164=ORIENTED_EDGE('',*,*,#1511,.F.);
#2165=ORIENTED_EDGE('',*,*,#1516,.T.);
#2166=ORIENTED_EDGE('',*,*,#1520,.T.);
#2167=ORIENTED_EDGE('',*,*,#1517,.F.);
#2168=ORIENTED_EDGE('',*,*,#1436,.F.);
#2169=ORIENTED_EDGE('',*,*,#1521,.T.);
#2170=ORIENTED_EDGE('',*,*,#1520,.F.);
#2171=ORIENTED_EDGE('',*,*,#1503,.T.);
#2172=ORIENTED_EDGE('',*,*,#1475,.F.);
#2173=ORIENTED_EDGE('',*,*,#1522,.F.);
#2174=ORIENTED_EDGE('',*,*,#1450,.F.);
#2175=ORIENTED_EDGE('',*,*,#1522,.T.);
#2176=ORIENTED_EDGE('',*,*,#1474,.F.);
#2177=ORIENTED_EDGE('',*,*,#1523,.T.);
#2178=ORIENTED_EDGE('',*,*,#1472,.F.);
#2179=ORIENTED_EDGE('',*,*,#1523,.F.);
#2180=ORIENTED_EDGE('',*,*,#1473,.F.);
#2181=ORIENTED_EDGE('',*,*,#1502,.F.);
#2182=ORIENTED_EDGE('',*,*,#1451,.F.);
#2183=ORIENTED_EDGE('',*,*,#1524,.T.);
#2184=ORIENTED_EDGE('',*,*,#1518,.F.);
#2185=ORIENTED_EDGE('',*,*,#1521,.F.);
#2186=ORIENTED_EDGE('',*,*,#1435,.F.);
#2187=ORIENTED_EDGE('',*,*,#1525,.T.);
#2188=ORIENTED_EDGE('',*,*,#1480,.F.);
#2189=ORIENTED_EDGE('',*,*,#1525,.F.);
#2190=ORIENTED_EDGE('',*,*,#1434,.F.);
#2191=ORIENTED_EDGE('',*,*,#1509,.T.);
#2192=ORIENTED_EDGE('',*,*,#1519,.F.);
#2193=ORIENTED_EDGE('',*,*,#1524,.F.);
#2194=ORIENTED_EDGE('',*,*,#1433,.F.);
#2195=ORIENTED_EDGE('',*,*,#1507,.T.);
#2196=ORIENTED_EDGE('',*,*,#1526,.F.);
#2197=ORIENTED_EDGE('',*,*,#1527,.F.);
#2198=ORIENTED_EDGE('',*,*,#1428,.F.);
#2199=ORIENTED_EDGE('',*,*,#1482,.T.);
#2200=ORIENTED_EDGE('',*,*,#1487,.T.);
#2201=ORIENTED_EDGE('',*,*,#1528,.F.);
#2202=ORIENTED_EDGE('',*,*,#1505,.F.);
#2203=ORIENTED_EDGE('',*,*,#1447,.F.);
#2204=ORIENTED_EDGE('',*,*,#1512,.F.);
#2205=ORIENTED_EDGE('',*,*,#1430,.F.);
#2206=ORIENTED_EDGE('',*,*,#1529,.T.);
#2207=ORIENTED_EDGE('',*,*,#1530,.F.);
#2208=ORIENTED_EDGE('',*,*,#1506,.T.);
#2209=ORIENTED_EDGE('',*,*,#1528,.T.);
#2210=ORIENTED_EDGE('',*,*,#1486,.T.);
#2211=ORIENTED_EDGE('',*,*,#1531,.T.);
#2212=ORIENTED_EDGE('',*,*,#1513,.T.);
#2213=ORIENTED_EDGE('',*,*,#1530,.T.);
#2214=ORIENTED_EDGE('',*,*,#1532,.T.);
#2215=ORIENTED_EDGE('',*,*,#1526,.T.);
#2216=ORIENTED_EDGE('',*,*,#1470,.T.);
#2217=ORIENTED_EDGE('',*,*,#1471,.T.);
#2218=ORIENTED_EDGE('',*,*,#1465,.T.);
#2219=ORIENTED_EDGE('',*,*,#1264,.T.);
#2220=ORIENTED_EDGE('',*,*,#1252,.T.);
#2221=ORIENTED_EDGE('',*,*,#1263,.T.);
#2222=ORIENTED_EDGE('',*,*,#1272,.T.);
#2223=ORIENTED_EDGE('',*,*,#1257,.T.);
#2224=ORIENTED_EDGE('',*,*,#1275,.T.);
#2225=ORIENTED_EDGE('',*,*,#1277,.T.);
#2226=ORIENTED_EDGE('',*,*,#1281,.T.);
#2227=ORIENTED_EDGE('',*,*,#1467,.T.);
#2228=ORIENTED_EDGE('',*,*,#1496,.F.);
#2229=ORIENTED_EDGE('',*,*,#1439,.F.);
#2230=ORIENTED_EDGE('',*,*,#1514,.T.);
#2231=ORIENTED_EDGE('',*,*,#1531,.F.);
#2232=ORIENTED_EDGE('',*,*,#1485,.F.);
#2233=ORIENTED_EDGE('',*,*,#1527,.T.);
#2234=ORIENTED_EDGE('',*,*,#1532,.F.);
#2235=ORIENTED_EDGE('',*,*,#1529,.F.);
#2236=ORIENTED_EDGE('',*,*,#1429,.F.);
#2237=PLANE('',#2467);
#2238=PLANE('',#2468);
#2239=PLANE('',#2469);
#2240=PLANE('',#2470);
#2241=PLANE('',#2471);
#2242=PLANE('',#2472);
#2243=PLANE('',#2473);
#2244=PLANE('',#2474);
#2245=PLANE('',#2475);
#2246=PLANE('',#2476);
#2247=PLANE('',#2477);
#2248=PLANE('',#2478);
#2249=PLANE('',#2479);
#2250=PLANE('',#2480);
#2251=PLANE('',#2481);
#2252=PLANE('',#2482);
#2253=PLANE('',#2483);
#2254=PLANE('',#2484);
#2255=PLANE('',#2485);
#2256=PLANE('',#2486);
#2257=PLANE('',#2487);
#2258=PLANE('',#2488);
#2259=PLANE('',#2489);
#2260=PLANE('',#2490);
#2261=PLANE('',#2491);
#2262=PLANE('',#2492);
#2263=PLANE('',#2493);
#2264=PLANE('',#2494);
#2265=PLANE('',#2495);
#2266=PLANE('',#2496);
#2267=PLANE('',#2497);
#2268=PLANE('',#2498);
#2269=PLANE('',#2501);
#2270=PLANE('',#2507);
#2271=PLANE('',#2509);
#2272=PLANE('',#2519);
#2273=PLANE('',#2524);
#2274=PLANE('',#2525);
#2275=PLANE('',#2526);
#2276=PLANE('',#2529);
#2277=PLANE('',#2535);
#2278=PLANE('',#2537);
#2279=PLANE('',#2547);
#2280=PLANE('',#2552);
#2281=PLANE('',#2556);
#2282=PLANE('',#2561);
#2283=PLANE('',#2565);
#2284=PLANE('',#2570);
#2285=PLANE('',#2574);
#2286=PLANE('',#2578);
#2287=PLANE('',#2585);
#2288=PLANE('',#2589);
#2289=PLANE('',#2596);
#2290=PLANE('',#2600);
#2291=PLANE('',#2601);
#2292=PLANE('',#2602);
#2293=PLANE('',#2603);
#2294=PLANE('',#2604);
#2295=PLANE('',#2605);
#2296=PLANE('',#2606);
#2297=PLANE('',#2607);
#2298=PLANE('',#2623);
#2299=PLANE('',#2624);
#2300=PLANE('',#2625);
#2301=PLANE('',#2626);
#2302=PLANE('',#2627);
#2303=PLANE('',#2628);
#2304=PLANE('',#2629);
#2305=PLANE('',#2630);
#2306=PLANE('',#2631);
#2307=PLANE('',#2632);
#2308=PLANE('',#2633);
#2309=PLANE('',#2635);
#2310=PLANE('',#2640);
#2311=PLANE('',#2644);
#2312=PLANE('',#2645);
#2313=PLANE('',#2649);
#2314=PLANE('',#2651);
#2315=PLANE('',#2654);
#2316=PLANE('',#2656);
#2317=PLANE('',#2658);
#2318=PLANE('',#2661);
#2319=PLANE('',#2664);
#2320=PLANE('',#2666);
#2321=PLANE('',#2667);
#2322=PLANE('',#2670);
#2323=PLANE('',#2677);
#2324=PLANE('',#2680);
#2325=ADVANCED_FACE('',(#175),#2237,.T.);
#2326=ADVANCED_FACE('',(#176),#2238,.F.);
#2327=ADVANCED_FACE('',(#177),#2239,.F.);
#2328=ADVANCED_FACE('',(#178),#2240,.F.);
#2329=ADVANCED_FACE('',(#179),#2241,.F.);
#2330=ADVANCED_FACE('',(#180),#2242,.F.);
#2331=ADVANCED_FACE('',(#181),#2243,.F.);
#2332=ADVANCED_FACE('',(#182),#2244,.F.);
#2333=ADVANCED_FACE('',(#183),#2245,.T.);
#2334=ADVANCED_FACE('',(#184),#2246,.F.);
#2335=ADVANCED_FACE('',(#185),#2247,.F.);
#2336=ADVANCED_FACE('',(#186),#2248,.F.);
#2337=ADVANCED_FACE('',(#187),#2249,.F.);
#2338=ADVANCED_FACE('',(#188),#2250,.F.);
#2339=ADVANCED_FACE('',(#189),#2251,.F.);
#2340=ADVANCED_FACE('',(#190),#2252,.F.);
#2341=ADVANCED_FACE('',(#191),#2253,.T.);
#2342=ADVANCED_FACE('',(#192),#2254,.F.);
#2343=ADVANCED_FACE('',(#193),#2255,.F.);
#2344=ADVANCED_FACE('',(#194),#2256,.F.);
#2345=ADVANCED_FACE('',(#195),#2257,.F.);
#2346=ADVANCED_FACE('',(#196),#2258,.T.);
#2347=ADVANCED_FACE('',(#197),#2259,.F.);
#2348=ADVANCED_FACE('',(#198),#2260,.F.);
#2349=ADVANCED_FACE('',(#199),#2261,.F.);
#2350=ADVANCED_FACE('',(#200),#2262,.F.);
#2351=ADVANCED_FACE('',(#201),#2263,.T.);
#2352=ADVANCED_FACE('',(#202),#2264,.F.);
#2353=ADVANCED_FACE('',(#203),#2265,.F.);
#2354=ADVANCED_FACE('',(#204),#2266,.T.);
#2355=ADVANCED_FACE('',(#205),#2267,.T.);
#2356=ADVANCED_FACE('',(#206),#2268,.F.);
#2357=ADVANCED_FACE('',(#207),#2269,.T.);
#2358=ADVANCED_FACE('',(#208),#43,.T.);
#2359=ADVANCED_FACE('',(#209),#2270,.T.);
#2360=ADVANCED_FACE('',(#210),#2271,.T.);
#2361=ADVANCED_FACE('',(#211),#44,.T.);
#2362=ADVANCED_FACE('',(#212),#45,.T.);
#2363=ADVANCED_FACE('',(#213),#33,.T.);
#2364=ADVANCED_FACE('',(#214),#34,.T.);
#2365=ADVANCED_FACE('',(#215),#2272,.T.);
#2366=ADVANCED_FACE('',(#216),#35,.T.);
#2367=ADVANCED_FACE('',(#217),#36,.T.);
#2368=ADVANCED_FACE('',(#218),#2273,.T.);
#2369=ADVANCED_FACE('',(#219),#2274,.T.);
#2370=ADVANCED_FACE('',(#220),#2275,.F.);
#2371=ADVANCED_FACE('',(#221),#2276,.T.);
#2372=ADVANCED_FACE('',(#222),#46,.T.);
#2373=ADVANCED_FACE('',(#223),#2277,.T.);
#2374=ADVANCED_FACE('',(#224),#2278,.T.);
#2375=ADVANCED_FACE('',(#225),#47,.T.);
#2376=ADVANCED_FACE('',(#226),#48,.T.);
#2377=ADVANCED_FACE('',(#227),#37,.T.);
#2378=ADVANCED_FACE('',(#228),#38,.T.);
#2379=ADVANCED_FACE('',(#229),#2279,.T.);
#2380=ADVANCED_FACE('',(#230),#39,.T.);
#2381=ADVANCED_FACE('',(#231),#40,.T.);
#2382=ADVANCED_FACE('',(#232),#2280,.T.);
#2383=ADVANCED_FACE('',(#233),#41,.T.);
#2384=ADVANCED_FACE('',(#234),#2281,.T.);
#2385=ADVANCED_FACE('',(#235),#49,.T.);
#2386=ADVANCED_FACE('',(#236),#2282,.T.);
#2387=ADVANCED_FACE('',(#237),#42,.T.);
#2388=ADVANCED_FACE('',(#238),#2283,.T.);
#2389=ADVANCED_FACE('',(#239),#50,.T.);
#2390=ADVANCED_FACE('',(#240),#2284,.T.);
#2391=ADVANCED_FACE('',(#241),#51,.F.);
#2392=ADVANCED_FACE('',(#242,#15),#2285,.F.);
#2393=ADVANCED_FACE('',(#243),#52,.F.);
#2394=ADVANCED_FACE('',(#244,#16),#2286,.F.);
#2395=ADVANCED_FACE('',(#245),#53,.F.);
#2396=ADVANCED_FACE('',(#246),#54,.F.);
#2397=ADVANCED_FACE('',(#247,#17),#2287,.F.);
#2398=ADVANCED_FACE('',(#248),#55,.F.);
#2399=ADVANCED_FACE('',(#249,#18),#2288,.F.);
#2400=ADVANCED_FACE('',(#250),#56,.F.);
#2401=ADVANCED_FACE('',(#251),#57,.F.);
#2402=ADVANCED_FACE('',(#252,#19),#2289,.F.);
#2403=ADVANCED_FACE('',(#253),#58,.F.);
#2404=ADVANCED_FACE('',(#254,#20),#2290,.F.);
#2405=ADVANCED_FACE('',(#255),#2291,.T.);
#2406=ADVANCED_FACE('',(#256),#2292,.T.);
#2407=ADVANCED_FACE('',(#257,#21),#2293,.F.);
#2408=ADVANCED_FACE('',(#258,#22),#2294,.F.);
#2409=ADVANCED_FACE('',(#259),#2295,.T.);
#2410=ADVANCED_FACE('',(#260),#2296,.T.);
#2411=ADVANCED_FACE('',(#261,#23,#24,#25),#2297,.T.);
#2412=ADVANCED_FACE('',(#262),#2298,.T.);
#2413=ADVANCED_FACE('',(#263),#2299,.T.);
#2414=ADVANCED_FACE('',(#264),#2300,.T.);
#2415=ADVANCED_FACE('',(#265),#2301,.T.);
#2416=ADVANCED_FACE('',(#266),#2302,.T.);
#2417=ADVANCED_FACE('',(#267),#2303,.T.);
#2418=ADVANCED_FACE('',(#268),#2304,.T.);
#2419=ADVANCED_FACE('',(#269),#2305,.T.);
#2420=ADVANCED_FACE('',(#270),#2306,.T.);
#2421=ADVANCED_FACE('',(#271),#2307,.T.);
#2422=ADVANCED_FACE('',(#272,#26),#2308,.T.);
#2423=ADVANCED_FACE('',(#273),#2309,.F.);
#2424=ADVANCED_FACE('',(#274,#27),#2310,.T.);
#2425=ADVANCED_FACE('',(#275),#59,.F.);
#2426=ADVANCED_FACE('',(#276),#2311,.F.);
#2427=ADVANCED_FACE('',(#277,#28,#29,#30,#31),#2312,.F.);
#2428=ADVANCED_FACE('',(#278),#2313,.F.);
#2429=ADVANCED_FACE('',(#279),#60,.F.);
#2430=ADVANCED_FACE('',(#280),#2314,.F.);
#2431=ADVANCED_FACE('',(#281),#61,.T.);
#2432=ADVANCED_FACE('',(#282),#62,.T.);
#2433=ADVANCED_FACE('',(#283),#2315,.F.);
#2434=ADVANCED_FACE('',(#284),#63,.F.);
#2435=ADVANCED_FACE('',(#285),#2316,.F.);
#2436=ADVANCED_FACE('',(#286),#64,.F.);
#2437=ADVANCED_FACE('',(#287),#2317,.F.);
#2438=ADVANCED_FACE('',(#288),#65,.F.);
#2439=ADVANCED_FACE('',(#289),#2318,.F.);
#2440=ADVANCED_FACE('',(#290),#66,.F.);
#2441=ADVANCED_FACE('',(#291),#2319,.F.);
#2442=ADVANCED_FACE('',(#292),#2320,.F.);
#2443=ADVANCED_FACE('',(#293),#2321,.F.);
#2444=ADVANCED_FACE('',(#294),#67,.T.);
#2445=ADVANCED_FACE('',(#295),#68,.T.);
#2446=ADVANCED_FACE('',(#296),#2322,.F.);
#2447=ADVANCED_FACE('',(#297),#69,.T.);
#2448=ADVANCED_FACE('',(#298),#70,.T.);
#2449=ADVANCED_FACE('',(#299),#71,.T.);
#2450=ADVANCED_FACE('',(#300,#32),#2323,.F.);
#2451=ADVANCED_FACE('',(#301),#72,.T.);
#2452=ADVANCED_FACE('',(#302),#2324,.F.);
#2453=CLOSED_SHELL('',(#2325,#2326,#2327,#2328,#2329,#2330,#2331,#2332,
#2333,#2334,#2335,#2336,#2337,#2338,#2339,#2340,#2341,#2342,#2343,#2344,
#2345,#2346,#2347,#2348,#2349,#2350,#2351,#2352,#2353,#2354,#2355,#2356,
#2357,#2358,#2359,#2360,#2361,#2362,#2363,#2364,#2365,#2366,#2367,#2368,
#2369,#2370,#2371,#2372,#2373,#2374,#2375,#2376,#2377,#2378,#2379,#2380,
#2381,#2382,#2383,#2384,#2385,#2386,#2387,#2388,#2389,#2390,#2391,#2392,
#2393,#2394,#2395,#2396,#2397,#2398,#2399,#2400,#2401,#2402,#2403,#2404,
#2405,#2406,#2407,#2408,#2409,#2410,#2411,#2412,#2413,#2414,#2415,#2416,
#2417,#2418,#2419,#2420,#2421,#2422,#2423,#2424,#2425,#2426,#2427,#2428,
#2429,#2430,#2431,#2432,#2433,#2434,#2435,#2436,#2437,#2438,#2439,#2440,
#2441,#2442,#2443,#2444,#2445,#2446,#2447,#2448,#2449,#2450,#2451,#2452));
#2454=DERIVED_UNIT_ELEMENT(#2456,1.);
#2455=DERIVED_UNIT_ELEMENT(#4111,-3.);
#2456=(
MASS_UNIT()
NAMED_UNIT(*)
SI_UNIT(.KILO.,.GRAM.)
);
#2457=DERIVED_UNIT((#2454,#2455));
#2458=MEASURE_REPRESENTATION_ITEM('density measure',
POSITIVE_RATIO_MEASURE(7850.),#2457);
#2459=PROPERTY_DEFINITION_REPRESENTATION(#2464,#2461);
#2460=PROPERTY_DEFINITION_REPRESENTATION(#2465,#2462);
#2461=REPRESENTATION('material name',(#2463),#4108);
#2462=REPRESENTATION('density',(#2458),#4108);
#2463=DESCRIPTIVE_REPRESENTATION_ITEM('Steel','Steel');
#2464=PROPERTY_DEFINITION('material property','material name',#4118);
#2465=PROPERTY_DEFINITION('material property','density of part',#4118);
#2466=AXIS2_PLACEMENT_3D('',#3361,#2681,#2682);
#2467=AXIS2_PLACEMENT_3D('',#3362,#2683,#2684);
#2468=AXIS2_PLACEMENT_3D('',#3371,#2689,#2690);
#2469=AXIS2_PLACEMENT_3D('',#3380,#2695,#2696);
#2470=AXIS2_PLACEMENT_3D('',#3391,#2703,#2704);
#2471=AXIS2_PLACEMENT_3D('',#3395,#2707,#2708);
#2472=AXIS2_PLACEMENT_3D('',#3401,#2712,#2713);
#2473=AXIS2_PLACEMENT_3D('',#3405,#2716,#2717);
#2474=AXIS2_PLACEMENT_3D('',#3407,#2719,#2720);
#2475=AXIS2_PLACEMENT_3D('',#3410,#2723,#2724);
#2476=AXIS2_PLACEMENT_3D('',#3419,#2729,#2730);
#2477=AXIS2_PLACEMENT_3D('',#3428,#2735,#2736);
#2478=AXIS2_PLACEMENT_3D('',#3439,#2743,#2744);
#2479=AXIS2_PLACEMENT_3D('',#3443,#2747,#2748);
#2480=AXIS2_PLACEMENT_3D('',#3449,#2752,#2753);
#2481=AXIS2_PLACEMENT_3D('',#3453,#2756,#2757);
#2482=AXIS2_PLACEMENT_3D('',#3455,#2759,#2760);
#2483=AXIS2_PLACEMENT_3D('',#3458,#2763,#2764);
#2484=AXIS2_PLACEMENT_3D('',#3467,#2769,#2770);
#2485=AXIS2_PLACEMENT_3D('',#3473,#2774,#2775);
#2486=AXIS2_PLACEMENT_3D('',#3485,#2782,#2783);
#2487=AXIS2_PLACEMENT_3D('',#3491,#2787,#2788);
#2488=AXIS2_PLACEMENT_3D('',#3495,#2791,#2792);
#2489=AXIS2_PLACEMENT_3D('',#3502,#2797,#2798);
#2490=AXIS2_PLACEMENT_3D('',#3512,#2804,#2805);
#2491=AXIS2_PLACEMENT_3D('',#3522,#2811,#2812);
#2492=AXIS2_PLACEMENT_3D('',#3528,#2816,#2817);
#2493=AXIS2_PLACEMENT_3D('',#3534,#2821,#2822);
#2494=AXIS2_PLACEMENT_3D('',#3545,#2829,#2830);
#2495=AXIS2_PLACEMENT_3D('',#3551,#2834,#2835);
#2496=AXIS2_PLACEMENT_3D('',#3557,#2839,#2840);
#2497=AXIS2_PLACEMENT_3D('',#3563,#2844,#2845);
#2498=AXIS2_PLACEMENT_3D('',#3596,#2854,#2855);
#2499=AXIS2_PLACEMENT_3D('',#3598,#2856,#2857);
#2500=AXIS2_PLACEMENT_3D('',#3601,#2859,#2860);
#2501=AXIS2_PLACEMENT_3D('',#3602,#2861,#2862);
#2502=AXIS2_PLACEMENT_3D('',#3632,#2870,#2871);
#2503=AXIS2_PLACEMENT_3D('',#3634,#2872,#2873);
#2504=AXIS2_PLACEMENT_3D('',#3637,#2875,#2876);
#2505=AXIS2_PLACEMENT_3D('',#3638,#2877,#2878);
#2506=AXIS2_PLACEMENT_3D('',#3639,#2879,#2880);
#2507=AXIS2_PLACEMENT_3D('',#3640,#2881,#2882);
#2508=AXIS2_PLACEMENT_3D('',#3641,#2883,#2884);
#2509=AXIS2_PLACEMENT_3D('',#3642,#2885,#2886);
#2510=AXIS2_PLACEMENT_3D('',#3643,#2887,#2888);
#2511=AXIS2_PLACEMENT_3D('',#3644,#2889,#2890);
#2512=AXIS2_PLACEMENT_3D('',#3645,#2891,#2892);
#2513=AXIS2_PLACEMENT_3D('',#3646,#2893,#2894);
#2514=AXIS2_PLACEMENT_3D('',#3647,#2895,#2896);
#2515=AXIS2_PLACEMENT_3D('',#3648,#2897,#2898);
#2516=AXIS2_PLACEMENT_3D('',#3649,#2899,#2900);
#2517=AXIS2_PLACEMENT_3D('',#3650,#2901,#2902);
#2518=AXIS2_PLACEMENT_3D('',#3651,#2903,#2904);
#2519=AXIS2_PLACEMENT_3D('',#3652,#2905,#2906);
#2520=AXIS2_PLACEMENT_3D('',#3653,#2907,#2908);
#2521=AXIS2_PLACEMENT_3D('',#3654,#2909,#2910);
#2522=AXIS2_PLACEMENT_3D('',#3655,#2911,#2912);
#2523=AXIS2_PLACEMENT_3D('',#3656,#2913,#2914);
#2524=AXIS2_PLACEMENT_3D('',#3657,#2915,#2916);
#2525=AXIS2_PLACEMENT_3D('',#3658,#2917,#2918);
#2526=AXIS2_PLACEMENT_3D('',#3691,#2927,#2928);
#2527=AXIS2_PLACEMENT_3D('',#3693,#2929,#2930);
#2528=AXIS2_PLACEMENT_3D('',#3696,#2932,#2933);
#2529=AXIS2_PLACEMENT_3D('',#3697,#2934,#2935);
#2530=AXIS2_PLACEMENT_3D('',#3727,#2943,#2944);
#2531=AXIS2_PLACEMENT_3D('',#3729,#2945,#2946);
#2532=AXIS2_PLACEMENT_3D('',#3732,#2948,#2949);
#2533=AXIS2_PLACEMENT_3D('',#3733,#2950,#2951);
#2534=AXIS2_PLACEMENT_3D('',#3734,#2952,#2953);
#2535=AXIS2_PLACEMENT_3D('',#3735,#2954,#2955);
#2536=AXIS2_PLACEMENT_3D('',#3736,#2956,#2957);
#2537=AXIS2_PLACEMENT_3D('',#3737,#2958,#2959);
#2538=AXIS2_PLACEMENT_3D('',#3738,#2960,#2961);
#2539=AXIS2_PLACEMENT_3D('',#3739,#2962,#2963);
#2540=AXIS2_PLACEMENT_3D('',#3740,#2964,#2965);
#2541=AXIS2_PLACEMENT_3D('',#3741,#2966,#2967);
#2542=AXIS2_PLACEMENT_3D('',#3742,#2968,#2969);
#2543=AXIS2_PLACEMENT_3D('',#3743,#2970,#2971);
#2544=AXIS2_PLACEMENT_3D('',#3744,#2972,#2973);
#2545=AXIS2_PLACEMENT_3D('',#3745,#2974,#2975);
#2546=AXIS2_PLACEMENT_3D('',#3746,#2976,#2977);
#2547=AXIS2_PLACEMENT_3D('',#3747,#2978,#2979);
#2548=AXIS2_PLACEMENT_3D('',#3748,#2980,#2981);
#2549=AXIS2_PLACEMENT_3D('',#3749,#2982,#2983);
#2550=AXIS2_PLACEMENT_3D('',#3750,#2984,#2985);
#2551=AXIS2_PLACEMENT_3D('',#3751,#2986,#2987);
#2552=AXIS2_PLACEMENT_3D('',#3752,#2988,#2989);
#2553=AXIS2_PLACEMENT_3D('',#3753,#2990,#2991);
#2554=AXIS2_PLACEMENT_3D('',#3755,#2992,#2993);
#2555=AXIS2_PLACEMENT_3D('',#3758,#2995,#2996);
#2556=AXIS2_PLACEMENT_3D('',#3759,#2997,#2998);
#2557=AXIS2_PLACEMENT_3D('',#3760,#2999,#3000);
#2558=AXIS2_PLACEMENT_3D('',#3763,#3001,#3002);
#2559=AXIS2_PLACEMENT_3D('',#3765,#3003,#3004);
#2560=AXIS2_PLACEMENT_3D('',#3766,#3005,#3006);
#2561=AXIS2_PLACEMENT_3D('',#3768,#3008,#3009);
#2562=AXIS2_PLACEMENT_3D('',#3770,#3011,#3012);
#2563=AXIS2_PLACEMENT_3D('',#3772,#3013,#3014);
#2564=AXIS2_PLACEMENT_3D('',#3775,#3016,#3017);
#2565=AXIS2_PLACEMENT_3D('',#3776,#3018,#3019);
#2566=AXIS2_PLACEMENT_3D('',#3777,#3020,#3021);
#2567=AXIS2_PLACEMENT_3D('',#3780,#3022,#3023);
#2568=AXIS2_PLACEMENT_3D('',#3782,#3024,#3025);
#2569=AXIS2_PLACEMENT_3D('',#3783,#3026,#3027);
#2570=AXIS2_PLACEMENT_3D('',#3785,#3029,#3030);
#2571=AXIS2_PLACEMENT_3D('',#3787,#3032,#3033);
#2572=AXIS2_PLACEMENT_3D('',#3789,#3034,#3035);
#2573=AXIS2_PLACEMENT_3D('',#3792,#3037,#3038);
#2574=AXIS2_PLACEMENT_3D('',#3793,#3039,#3040);
#2575=AXIS2_PLACEMENT_3D('',#3794,#3041,#3042);
#2576=AXIS2_PLACEMENT_3D('',#3796,#3043,#3044);
#2577=AXIS2_PLACEMENT_3D('',#3799,#3046,#3047);
#2578=AXIS2_PLACEMENT_3D('',#3800,#3048,#3049);
#2579=AXIS2_PLACEMENT_3D('',#3801,#3050,#3051);
#2580=AXIS2_PLACEMENT_3D('',#3803,#3052,#3053);
#2581=AXIS2_PLACEMENT_3D('',#3806,#3055,#3056);
#2582=AXIS2_PLACEMENT_3D('',#3807,#3057,#3058);
#2583=AXIS2_PLACEMENT_3D('',#3809,#3059,#3060);
#2584=AXIS2_PLACEMENT_3D('',#3812,#3062,#3063);
#2585=AXIS2_PLACEMENT_3D('',#3813,#3064,#3065);
#2586=AXIS2_PLACEMENT_3D('',#3814,#3066,#3067);
#2587=AXIS2_PLACEMENT_3D('',#3816,#3068,#3069);
#2588=AXIS2_PLACEMENT_3D('',#3819,#3071,#3072);
#2589=AXIS2_PLACEMENT_3D('',#3820,#3073,#3074);
#2590=AXIS2_PLACEMENT_3D('',#3821,#3075,#3076);
#2591=AXIS2_PLACEMENT_3D('',#3823,#3077,#3078);
#2592=AXIS2_PLACEMENT_3D('',#3826,#3080,#3081);
#2593=AXIS2_PLACEMENT_3D('',#3827,#3082,#3083);
#2594=AXIS2_PLACEMENT_3D('',#3829,#3084,#3085);
#2595=AXIS2_PLACEMENT_3D('',#3832,#3087,#3088);
#2596=AXIS2_PLACEMENT_3D('',#3833,#3089,#3090);
#2597=AXIS2_PLACEMENT_3D('',#3834,#3091,#3092);
#2598=AXIS2_PLACEMENT_3D('',#3836,#3093,#3094);
#2599=AXIS2_PLACEMENT_3D('',#3839,#3096,#3097);
#2600=AXIS2_PLACEMENT_3D('',#3840,#3098,#3099);
#2601=AXIS2_PLACEMENT_3D('',#3841,#3100,#3101);
#2602=AXIS2_PLACEMENT_3D('',#3847,#3105,#3106);
#2603=AXIS2_PLACEMENT_3D('',#3853,#3110,#3111);
#2604=AXIS2_PLACEMENT_3D('',#3868,#3120,#3121);
#2605=AXIS2_PLACEMENT_3D('',#3881,#3129,#3130);
#2606=AXIS2_PLACEMENT_3D('',#3885,#3133,#3134);
#2607=AXIS2_PLACEMENT_3D('',#3889,#3137,#3138);
#2608=AXIS2_PLACEMENT_3D('',#3894,#3140,#3141);
#2609=AXIS2_PLACEMENT_3D('',#3898,#3143,#3144);
#2610=AXIS2_PLACEMENT_3D('',#3902,#3146,#3147);
#2611=AXIS2_PLACEMENT_3D('',#3906,#3149,#3150);
#2612=AXIS2_PLACEMENT_3D('',#3910,#3152,#3153);
#2613=AXIS2_PLACEMENT_3D('',#3912,#3154,#3155);
#2614=AXIS2_PLACEMENT_3D('',#3916,#3157,#3158);
#2615=AXIS2_PLACEMENT_3D('',#3920,#3160,#3161);
#2616=AXIS2_PLACEMENT_3D('',#3922,#3162,#3163);
#2617=AXIS2_PLACEMENT_3D('',#3926,#3165,#3166);
#2618=AXIS2_PLACEMENT_3D('',#3930,#3168,#3169);
#2619=AXIS2_PLACEMENT_3D('',#3934,#3171,#3172);
#2620=AXIS2_PLACEMENT_3D('',#3936,#3173,#3174);
#2621=AXIS2_PLACEMENT_3D('',#3940,#3176,#3177);
#2622=AXIS2_PLACEMENT_3D('',#3943,#3179,#3180);
#2623=AXIS2_PLACEMENT_3D('',#3957,#3188,#3189);
#2624=AXIS2_PLACEMENT_3D('',#3960,#3192,#3193);
#2625=AXIS2_PLACEMENT_3D('',#3963,#3196,#3197);
#2626=AXIS2_PLACEMENT_3D('',#3965,#3199,#3200);
#2627=AXIS2_PLACEMENT_3D('',#3966,#3201,#3202);
#2628=AXIS2_PLACEMENT_3D('',#3968,#3204,#3205);
#2629=AXIS2_PLACEMENT_3D('',#3969,#3206,#3207);
#2630=AXIS2_PLACEMENT_3D('',#3973,#3210,#3211);
#2631=AXIS2_PLACEMENT_3D('',#3977,#3214,#3215);
#2632=AXIS2_PLACEMENT_3D('',#3981,#3218,#3219);
#2633=AXIS2_PLACEMENT_3D('',#3983,#3221,#3222);
#2634=AXIS2_PLACEMENT_3D('',#3985,#3223,#3224);
#2635=AXIS2_PLACEMENT_3D('',#3986,#3225,#3226);
#2636=AXIS2_PLACEMENT_3D('',#3989,#3227,#3228);
#2637=AXIS2_PLACEMENT_3D('',#3991,#3229,#3230);
#2638=AXIS2_PLACEMENT_3D('',#3995,#3232,#3233);
#2639=AXIS2_PLACEMENT_3D('',#3999,#3235,#3236);
#2640=AXIS2_PLACEMENT_3D('',#4001,#3238,#3239);
#2641=AXIS2_PLACEMENT_3D('',#4003,#3240,#3241);
#2642=AXIS2_PLACEMENT_3D('',#4004,#3242,#3243);
#2643=AXIS2_PLACEMENT_3D('',#4007,#3244,#3245);
#2644=AXIS2_PLACEMENT_3D('',#4010,#3248,#3249);
#2645=AXIS2_PLACEMENT_3D('',#4018,#3254,#3255);
#2646=AXIS2_PLACEMENT_3D('',#4022,#3257,#3258);
#2647=AXIS2_PLACEMENT_3D('',#4026,#3260,#3261);
#2648=AXIS2_PLACEMENT_3D('',#4029,#3263,#3264);
#2649=AXIS2_PLACEMENT_3D('',#4030,#3265,#3266);
#2650=AXIS2_PLACEMENT_3D('',#4032,#3268,#3269);
#2651=AXIS2_PLACEMENT_3D('',#4035,#3272,#3273);
#2652=AXIS2_PLACEMENT_3D('',#4037,#3275,#3276);
#2653=AXIS2_PLACEMENT_3D('',#4039,#3278,#3279);
#2654=AXIS2_PLACEMENT_3D('',#4041,#3281,#3282);
#2655=AXIS2_PLACEMENT_3D('',#4042,#3283,#3284);
#2656=AXIS2_PLACEMENT_3D('',#4045,#3287,#3288);
#2657=AXIS2_PLACEMENT_3D('',#4047,#3290,#3291);
#2658=AXIS2_PLACEMENT_3D('',#4050,#3294,#3295);
#2659=AXIS2_PLACEMENT_3D('',#4056,#3299,#3300);
#2660=AXIS2_PLACEMENT_3D('',#4059,#3301,#3302);
#2661=AXIS2_PLACEMENT_3D('',#4062,#3305,#3306);
#2662=AXIS2_PLACEMENT_3D('',#4071,#3312,#3313);
#2663=AXIS2_PLACEMENT_3D('',#4073,#3314,#3315);
#2664=AXIS2_PLACEMENT_3D('',#4075,#3317,#3318);
#2665=AXIS2_PLACEMENT_3D('',#4078,#3319,#3320);
#2666=AXIS2_PLACEMENT_3D('',#4081,#3323,#3324);
#2667=AXIS2_PLACEMENT_3D('',#4083,#3326,#3327);
#2668=AXIS2_PLACEMENT_3D('',#4085,#3329,#3330);
#2669=AXIS2_PLACEMENT_3D('',#4087,#3332,#3333);
#2670=AXIS2_PLACEMENT_3D('',#4090,#3336,#3337);
#2671=AXIS2_PLACEMENT_3D('',#4091,#3338,#3339);
#2672=AXIS2_PLACEMENT_3D('',#4093,#3340,#3341);
#2673=AXIS2_PLACEMENT_3D('',#4095,#3343,#3344);
#2674=AXIS2_PLACEMENT_3D('',#4096,#3345,#3346);
#2675=AXIS2_PLACEMENT_3D('',#4097,#3347,#3348);
#2676=AXIS2_PLACEMENT_3D('',#4100,#3350,#3351);
#2677=AXIS2_PLACEMENT_3D('',#4101,#3352,#3353);
#2678=AXIS2_PLACEMENT_3D('',#4102,#3354,#3355);
#2679=AXIS2_PLACEMENT_3D('',#4104,#3357,#3358);
#2680=AXIS2_PLACEMENT_3D('',#4105,#3359,#3360);
#2681=DIRECTION('axis',(0.,0.,1.));
#2682=DIRECTION('refdir',(1.,0.,0.));
#2683=DIRECTION('center_axis',(0.,0.,1.));
#2684=DIRECTION('ref_axis',(-1.,1.22464679914735E-16,0.));
#2685=DIRECTION('',(-1.,1.22464679914735E-16,0.));
#2686=DIRECTION('',(1.22464679914735E-16,1.,0.));
#2687=DIRECTION('',(1.,-1.22464679914735E-16,0.));
#2688=DIRECTION('',(-1.22464679914735E-16,-1.,0.));
#2689=DIRECTION('center_axis',(1.22464679914735E-16,1.,0.));
#2690=DIRECTION('ref_axis',(0.,0.,-1.));
#2691=DIRECTION('',(-1.,1.22464679914735E-16,0.));
#2692=DIRECTION('',(0.,0.,-1.));
#2693=DIRECTION('',(1.,-1.22464679914735E-16,0.));
#2694=DIRECTION('',(0.,0.,-1.));
#2695=DIRECTION('center_axis',(-1.,1.22464679914735E-16,0.));
#2696=DIRECTION('ref_axis',(0.,0.,-1.));
#2697=DIRECTION('',(0.,0.,-1.));
#2698=DIRECTION('',(1.22464679914735E-16,1.,0.));
#2699=DIRECTION('',(-1.22464679914735E-16,-1.,0.));
#2700=DIRECTION('',(0.,0.,-1.));
#2701=DIRECTION('',(1.22464679914735E-16,1.,0.));
#2702=DIRECTION('',(0.,0.,-1.));
#2703=DIRECTION('center_axis',(-1.22464679914735E-16,-1.,0.));
#2704=DIRECTION('ref_axis',(0.,0.,1.));
#2705=DIRECTION('',(0.,0.,-1.));
#2706=DIRECTION('',(-1.,1.22464679914735E-16,0.));
#2707=DIRECTION('center_axis',(-1.22464679914735E-16,-1.,0.));
#2708=DIRECTION('ref_axis',(0.,0.,1.));
#2709=DIRECTION('',(1.,-1.22464679914735E-16,0.));
#2710=DIRECTION('',(0.,0.,-1.));
#2711=DIRECTION('',(-1.,1.22464679914735E-16,0.));
#2712=DIRECTION('center_axis',(1.22464679914735E-16,1.,0.));
#2713=DIRECTION('ref_axis',(0.,0.,-1.));
#2714=DIRECTION('',(1.,-1.22464679914735E-16,0.));
#2715=DIRECTION('',(0.,0.,-1.));
#2716=DIRECTION('center_axis',(0.,0.,1.));
#2717=DIRECTION('ref_axis',(-1.,1.22464679914735E-16,0.));
#2718=DIRECTION('',(1.22464679914735E-16,1.,0.));
#2719=DIRECTION('center_axis',(1.,-1.22464679914735E-16,0.));
#2720=DIRECTION('ref_axis',(0.,0.,1.));
#2721=DIRECTION('',(-1.22464679914735E-16,-1.,0.));
#2722=DIRECTION('',(-1.22464679914735E-16,-1.,0.));
#2723=DIRECTION('center_axis',(0.,0.,1.));
#2724=DIRECTION('ref_axis',(-1.,1.22464679914735E-16,0.));
#2725=DIRECTION('',(-1.,1.22464679914735E-16,0.));
#2726=DIRECTION('',(1.22464679914735E-16,1.,0.));
#2727=DIRECTION('',(1.,-1.22464679914735E-16,0.));
#2728=DIRECTION('',(-1.22464679914735E-16,-1.,0.));
#2729=DIRECTION('center_axis',(1.22464679914735E-16,1.,0.));
#2730=DIRECTION('ref_axis',(0.,0.,-1.));
#2731=DIRECTION('',(-1.,1.22464679914735E-16,0.));
#2732=DIRECTION('',(0.,0.,-1.));
#2733=DIRECTION('',(1.,-1.22464679914735E-16,0.));
#2734=DIRECTION('',(0.,0.,-1.));
#2735=DIRECTION('center_axis',(-1.,1.22464679914735E-16,0.));
#2736=DIRECTION('ref_axis',(0.,0.,-1.));
#2737=DIRECTION('',(0.,0.,-1.));
#2738=DIRECTION('',(1.22464679914735E-16,1.,0.));
#2739=DIRECTION('',(-1.22464679914735E-16,-1.,0.));
#2740=DIRECTION('',(0.,0.,-1.));
#2741=DIRECTION('',(1.22464679914735E-16,1.,0.));
#2742=DIRECTION('',(0.,0.,-1.));
#2743=DIRECTION('center_axis',(-1.22464679914735E-16,-1.,0.));
#2744=DIRECTION('ref_axis',(0.,0.,1.));
#2745=DIRECTION('',(0.,0.,-1.));
#2746=DIRECTION('',(-1.,1.22464679914735E-16,0.));
#2747=DIRECTION('center_axis',(-1.22464679914735E-16,-1.,0.));
#2748=DIRECTION('ref_axis',(0.,0.,1.));
#2749=DIRECTION('',(1.,-1.22464679914735E-16,0.));
#2750=DIRECTION('',(0.,0.,-1.));
#2751=DIRECTION('',(-1.,1.22464679914735E-16,0.));
#2752=DIRECTION('center_axis',(1.22464679914735E-16,1.,0.));
#2753=DIRECTION('ref_axis',(0.,0.,-1.));
#2754=DIRECTION('',(1.,-1.22464679914735E-16,0.));
#2755=DIRECTION('',(0.,0.,-1.));
#2756=DIRECTION('center_axis',(0.,0.,1.));
#2757=DIRECTION('ref_axis',(-1.,1.22464679914735E-16,0.));
#2758=DIRECTION('',(1.22464679914735E-16,1.,0.));
#2759=DIRECTION('center_axis',(1.,-1.22464679914735E-16,0.));
#2760=DIRECTION('ref_axis',(0.,0.,1.));
#2761=DIRECTION('',(-1.22464679914735E-16,-1.,0.));
#2762=DIRECTION('',(-1.22464679914735E-16,-1.,0.));
#2763=DIRECTION('center_axis',(1.08057070513002E-16,0.882352941176471,-0.470588235294118));
#2764=DIRECTION('ref_axis',(-5.76304376069343E-17,-0.470588235294118,-0.882352941176471));
#2765=DIRECTION('',(5.76304376069343E-17,0.470588235294118,0.882352941176471));
#2766=DIRECTION('',(1.,-1.22464679914735E-16,0.));
#2767=DIRECTION('',(-5.76304376069343E-17,-0.470588235294118,-0.882352941176471));
#2768=DIRECTION('',(-1.,1.22464679914735E-16,0.));
#2769=DIRECTION('center_axis',(1.,-1.22464679914735E-16,0.));
#2770=DIRECTION('ref_axis',(0.,0.,1.));
#2771=DIRECTION('',(1.22464679914735E-16,1.,0.));
#2772=DIRECTION('',(0.,0.,-1.));
#2773=DIRECTION('',(-1.22464679914735E-16,-1.,0.));
#2774=DIRECTION('center_axis',(0.,0.,1.));
#2775=DIRECTION('ref_axis',(-1.,1.22464679914735E-16,0.));
#2776=DIRECTION('',(-1.22464679914735E-16,-1.,0.));
#2777=DIRECTION('',(1.,-1.22464679914735E-16,0.));
#2778=DIRECTION('',(1.22464679914735E-16,1.,0.));
#2779=DIRECTION('',(-1.,1.22464679914735E-16,0.));
#2780=DIRECTION('',(-1.22464679914735E-16,-1.,0.));
#2781=DIRECTION('',(1.,-1.22464679914735E-16,0.));
#2782=DIRECTION('center_axis',(1.22464679914735E-16,1.,0.));
#2783=DIRECTION('ref_axis',(0.,0.,-1.));
#2784=DIRECTION('',(0.,0.,1.));
#2785=DIRECTION('',(0.,0.,-1.));
#2786=DIRECTION('',(1.,-1.22464679914735E-16,0.));
#2787=DIRECTION('center_axis',(-1.,1.22464679914735E-16,0.));
#2788=DIRECTION('ref_axis',(0.,0.,-1.));
#2789=DIRECTION('',(1.22464679914735E-16,1.,0.));
#2790=DIRECTION('',(0.,0.,1.));
#2791=DIRECTION('center_axis',(0.,0.,1.));
#2792=DIRECTION('ref_axis',(-1.,1.22464679914735E-16,0.));
#2793=DIRECTION('',(-1.,1.22464679914735E-16,0.));
#2794=DIRECTION('',(1.22464679914735E-16,1.,0.));
#2795=DIRECTION('',(-1.22464679914735E-16,-1.,0.));
#2796=DIRECTION('',(-1.,1.22464679914735E-16,0.));
#2797=DIRECTION('center_axis',(-1.22464679914735E-16,-1.,0.));
#2798=DIRECTION('ref_axis',(0.,0.,1.));
#2799=DIRECTION('',(0.,0.,-1.));
#2800=DIRECTION('',(1.,-1.22464679914735E-16,0.));
#2801=DIRECTION('',(0.,0.,-1.));
#2802=DIRECTION('',(-1.,1.22464679914735E-16,0.));
#2803=DIRECTION('',(0.,0.,-1.));
#2804=DIRECTION('center_axis',(1.,-1.22464679914735E-16,0.));
#2805=DIRECTION('ref_axis',(0.,0.,1.));
#2806=DIRECTION('',(0.,0.,-1.));
#2807=DIRECTION('',(1.22464679914735E-16,1.,0.));
#2808=DIRECTION('',(0.,0.,-1.));
#2809=DIRECTION('',(-1.22464679914735E-16,-1.,0.));
#2810=DIRECTION('',(0.,0.,-1.));
#2811=DIRECTION('center_axis',(-1.,1.22464679914735E-16,0.));
#2812=DIRECTION('ref_axis',(0.,0.,-1.));
#2813=DIRECTION('',(1.22464679914735E-16,1.,0.));
#2814=DIRECTION('',(0.,0.,1.));
#2815=DIRECTION('',(-1.22464679914735E-16,-1.,0.));
#2816=DIRECTION('center_axis',(1.,-1.22464679914735E-16,0.));
#2817=DIRECTION('ref_axis',(0.,0.,1.));
#2818=DIRECTION('',(1.22464679914735E-16,1.,0.));
#2819=DIRECTION('',(0.,0.,-1.));
#2820=DIRECTION('',(-1.22464679914735E-16,-1.,0.));
#2821=DIRECTION('center_axis',(1.22464679914735E-16,1.,0.));
#2822=DIRECTION('ref_axis',(0.,0.,-1.));
#2823=DIRECTION('',(1.,-1.22464679914735E-16,0.));
#2824=DIRECTION('',(0.,0.,-1.));
#2825=DIRECTION('',(-1.,1.22464679914735E-16,0.));
#2826=DIRECTION('',(0.,0.,-1.));
#2827=DIRECTION('',(1.,-1.22464679914735E-16,0.));
#2828=DIRECTION('',(1.,-1.22464679914735E-16,0.));
#2829=DIRECTION('center_axis',(-1.22464679914735E-16,-1.,0.));
#2830=DIRECTION('ref_axis',(0.,0.,1.));
#2831=DIRECTION('',(-1.,1.22464679914735E-16,0.));
#2832=DIRECTION('',(0.,0.,-1.));
#2833=DIRECTION('',(1.,-1.22464679914735E-16,0.));
#2834=DIRECTION('center_axis',(-1.,1.22464679914735E-16,0.));
#2835=DIRECTION('ref_axis',(0.,0.,-1.));
#2836=DIRECTION('',(0.,0.,1.));
#2837=DIRECTION('',(-1.22464679914735E-16,-1.,0.));
#2838=DIRECTION('',(1.22464679914735E-16,1.,0.));
#2839=DIRECTION('center_axis',(1.22464679914735E-16,1.,0.));
#2840=DIRECTION('ref_axis',(0.,0.,-1.));
#2841=DIRECTION('',(1.,-1.22464679914735E-16,0.));
#2842=DIRECTION('',(0.,0.,-1.));
#2843=DIRECTION('',(1.,-1.22464679914735E-16,0.));
#2844=DIRECTION('center_axis',(1.,-1.22464679914735E-16,0.));
#2845=DIRECTION('ref_axis',(0.,0.,1.));
#2846=DIRECTION('',(0.,0.,-1.));
#2847=DIRECTION('',(-1.22464679914735E-16,-1.,0.));
#2848=DIRECTION('',(0.,0.,1.));
#2849=DIRECTION('',(-1.22464679914735E-16,-1.,0.));
#2850=DIRECTION('',(0.,0.,1.));
#2851=DIRECTION('',(-1.22464679914735E-16,-1.,0.));
#2852=DIRECTION('',(0.,0.,-1.));
#2853=DIRECTION('',(-1.22464679914735E-16,-1.,0.));
#2854=DIRECTION('center_axis',(0.,0.,1.));
#2855=DIRECTION('ref_axis',(-1.,1.22464679914735E-16,0.));
#2856=DIRECTION('center_axis',(0.,0.,1.));
#2857=DIRECTION('ref_axis',(-1.,1.22464679914735E-16,0.));
#2858=DIRECTION('',(1.22464679914735E-16,1.,0.));
#2859=DIRECTION('center_axis',(0.,0.,1.));
#2860=DIRECTION('ref_axis',(-1.,1.22464679914735E-16,0.));
#2861=DIRECTION('center_axis',(-1.,1.22464679914735E-16,0.));
#2862=DIRECTION('ref_axis',(0.,0.,-1.));
#2863=DIRECTION('',(0.,0.,1.));
#2864=DIRECTION('',(1.22464679914735E-16,1.,0.));
#2865=DIRECTION('',(0.,0.,1.));
#2866=DIRECTION('',(1.22464679914735E-16,1.,0.));
#2867=DIRECTION('',(0.,0.,-1.));
#2868=DIRECTION('',(1.22464679914735E-16,1.,0.));
#2869=DIRECTION('',(0.,0.,-1.));
#2870=DIRECTION('center_axis',(0.,0.,1.));
#2871=DIRECTION('ref_axis',(-1.,1.22464679914735E-16,0.));
#2872=DIRECTION('center_axis',(0.,0.,1.));
#2873=DIRECTION('ref_axis',(-1.,1.22464679914735E-16,0.));
#2874=DIRECTION('',(0.,0.,-1.));
#2875=DIRECTION('center_axis',(0.,0.,-1.));
#2876=DIRECTION('ref_axis',(-1.,1.22464679914735E-16,0.));
#2877=DIRECTION('center_axis',(0.,0.,-1.));
#2878=DIRECTION('ref_axis',(-1.,1.22464679914735E-16,0.));
#2879=DIRECTION('center_axis',(0.,0.,-1.));
#2880=DIRECTION('ref_axis',(-1.,1.22464679914735E-16,0.));
#2881=DIRECTION('center_axis',(0.,0.,-1.));
#2882=DIRECTION('ref_axis',(1.,-1.22464679914735E-16,0.));
#2883=DIRECTION('center_axis',(0.,0.,-1.));
#2884=DIRECTION('ref_axis',(-1.,1.22464679914735E-16,0.));
#2885=DIRECTION('center_axis',(0.,0.,-1.));
#2886=DIRECTION('ref_axis',(1.,-1.22464679914735E-16,0.));
#2887=DIRECTION('center_axis',(0.,0.,-1.));
#2888=DIRECTION('ref_axis',(-1.,1.22464679914735E-16,0.));
#2889=DIRECTION('center_axis',(0.,0.,1.));
#2890=DIRECTION('ref_axis',(-1.,1.22464679914735E-16,0.));
#2891=DIRECTION('center_axis',(0.,0.,-1.));
#2892=DIRECTION('ref_axis',(-1.,1.22464679914735E-16,0.));
#2893=DIRECTION('center_axis',(0.,0.,1.));
#2894=DIRECTION('ref_axis',(1.,0.,0.));
#2895=DIRECTION('center_axis',(0.,0.,-1.));
#2896=DIRECTION('ref_axis',(-1.,1.22464679914735E-16,0.));
#2897=DIRECTION('center_axis',(0.,0.,-1.));
#2898=DIRECTION('ref_axis',(-1.,1.22464679914735E-16,0.));
#2899=DIRECTION('center_axis',(0.,0.,-1.));
#2900=DIRECTION('ref_axis',(-1.,1.22464679914735E-16,0.));
#2901=DIRECTION('center_axis',(0.,0.,-1.));
#2902=DIRECTION('ref_axis',(1.,0.,0.));
#2903=DIRECTION('center_axis',(0.,0.,-1.));
#2904=DIRECTION('ref_axis',(-1.,1.22464679914735E-16,0.));
#2905=DIRECTION('center_axis',(0.,0.,-1.));
#2906=DIRECTION('ref_axis',(-1.,1.22464679914735E-16,0.));
#2907=DIRECTION('center_axis',(0.,0.,-1.));
#2908=DIRECTION('ref_axis',(-1.,1.22464679914735E-16,0.));
#2909=DIRECTION('center_axis',(0.,0.,1.));
#2910=DIRECTION('ref_axis',(-1.,1.22464679914735E-16,0.));
#2911=DIRECTION('center_axis',(0.,0.,1.));
#2912=DIRECTION('ref_axis',(1.,0.,0.));
#2913=DIRECTION('center_axis',(0.,0.,-1.));
#2914=DIRECTION('ref_axis',(-1.,1.22464679914735E-16,0.));
#2915=DIRECTION('center_axis',(0.,0.,-1.));
#2916=DIRECTION('ref_axis',(-1.,1.22464679914735E-16,0.));
#2917=DIRECTION('center_axis',(1.,-1.22464679914735E-16,0.));
#2918=DIRECTION('ref_axis',(0.,0.,1.));
#2919=DIRECTION('',(0.,0.,-1.));
#2920=DIRECTION('',(-1.22464679914735E-16,-1.,0.));
#2921=DIRECTION('',(0.,0.,1.));
#2922=DIRECTION('',(-1.22464679914735E-16,-1.,0.));
#2923=DIRECTION('',(0.,0.,1.));
#2924=DIRECTION('',(-1.22464679914735E-16,-1.,0.));
#2925=DIRECTION('',(0.,0.,-1.));
#2926=DIRECTION('',(-1.22464679914735E-16,-1.,0.));
#2927=DIRECTION('center_axis',(0.,0.,1.));
#2928=DIRECTION('ref_axis',(-1.,1.22464679914735E-16,0.));
#2929=DIRECTION('center_axis',(0.,0.,1.));
#2930=DIRECTION('ref_axis',(-1.,1.22464679914735E-16,0.));
#2931=DIRECTION('',(1.22464679914735E-16,1.,0.));
#2932=DIRECTION('center_axis',(0.,0.,1.));
#2933=DIRECTION('ref_axis',(-1.,1.22464679914735E-16,0.));
#2934=DIRECTION('center_axis',(-1.,1.22464679914735E-16,0.));
#2935=DIRECTION('ref_axis',(0.,0.,-1.));
#2936=DIRECTION('',(0.,0.,1.));
#2937=DIRECTION('',(1.22464679914735E-16,1.,0.));
#2938=DIRECTION('',(0.,0.,1.));
#2939=DIRECTION('',(1.22464679914735E-16,1.,0.));
#2940=DIRECTION('',(0.,0.,-1.));
#2941=DIRECTION('',(1.22464679914735E-16,1.,0.));
#2942=DIRECTION('',(0.,0.,-1.));
#2943=DIRECTION('center_axis',(0.,0.,1.));
#2944=DIRECTION('ref_axis',(-1.,1.22464679914735E-16,0.));
#2945=DIRECTION('center_axis',(0.,0.,1.));
#2946=DIRECTION('ref_axis',(-1.,1.22464679914735E-16,0.));
#2947=DIRECTION('',(0.,0.,-1.));
#2948=DIRECTION('center_axis',(0.,0.,-1.));
#2949=DIRECTION('ref_axis',(-1.,1.22464679914735E-16,0.));
#2950=DIRECTION('center_axis',(0.,0.,-1.));
#2951=DIRECTION('ref_axis',(-1.,1.22464679914735E-16,0.));
#2952=DIRECTION('center_axis',(0.,0.,-1.));
#2953=DIRECTION('ref_axis',(-1.,1.22464679914735E-16,0.));
#2954=DIRECTION('center_axis',(0.,0.,-1.));
#2955=DIRECTION('ref_axis',(1.,-1.22464679914735E-16,0.));
#2956=DIRECTION('center_axis',(0.,0.,-1.));
#2957=DIRECTION('ref_axis',(-1.,1.22464679914735E-16,0.));
#2958=DIRECTION('center_axis',(0.,0.,-1.));
#2959=DIRECTION('ref_axis',(1.,-1.22464679914735E-16,0.));
#2960=DIRECTION('center_axis',(0.,0.,-1.));
#2961=DIRECTION('ref_axis',(-1.,1.22464679914735E-16,0.));
#2962=DIRECTION('center_axis',(0.,0.,1.));
#2963=DIRECTION('ref_axis',(-1.,1.22464679914735E-16,0.));
#2964=DIRECTION('center_axis',(0.,0.,-1.));
#2965=DIRECTION('ref_axis',(-1.,1.22464679914735E-16,0.));
#2966=DIRECTION('center_axis',(0.,0.,1.));
#2967=DIRECTION('ref_axis',(1.,0.,0.));
#2968=DIRECTION('center_axis',(0.,0.,-1.));
#2969=DIRECTION('ref_axis',(-1.,1.22464679914735E-16,0.));
#2970=DIRECTION('center_axis',(0.,0.,-1.));
#2971=DIRECTION('ref_axis',(-1.,1.22464679914735E-16,0.));
#2972=DIRECTION('center_axis',(0.,0.,-1.));
#2973=DIRECTION('ref_axis',(-1.,1.22464679914735E-16,0.));
#2974=DIRECTION('center_axis',(0.,0.,-1.));
#2975=DIRECTION('ref_axis',(1.,0.,0.));
#2976=DIRECTION('center_axis',(0.,0.,-1.));
#2977=DIRECTION('ref_axis',(-1.,1.22464679914735E-16,0.));
#2978=DIRECTION('center_axis',(0.,0.,-1.));
#2979=DIRECTION('ref_axis',(-1.,1.22464679914735E-16,0.));
#2980=DIRECTION('center_axis',(0.,0.,-1.));
#2981=DIRECTION('ref_axis',(-1.,1.22464679914735E-16,0.));
#2982=DIRECTION('center_axis',(0.,0.,1.));
#2983=DIRECTION('ref_axis',(-1.,1.22464679914735E-16,0.));
#2984=DIRECTION('center_axis',(0.,0.,1.));
#2985=DIRECTION('ref_axis',(1.,0.,0.));
#2986=DIRECTION('center_axis',(0.,0.,-1.));
#2987=DIRECTION('ref_axis',(-1.,1.22464679914735E-16,0.));
#2988=DIRECTION('center_axis',(0.,0.,-1.));
#2989=DIRECTION('ref_axis',(-1.,1.22464679914735E-16,0.));
#2990=DIRECTION('center_axis',(0.,0.,1.));
#2991=DIRECTION('ref_axis',(-1.,1.22464679914735E-16,0.));
#2992=DIRECTION('center_axis',(0.,0.,-1.));
#2993=DIRECTION('ref_axis',(-1.,1.22464679914735E-16,0.));
#2994=DIRECTION('',(0.6,-1.46957615897682E-16,0.8));
#2995=DIRECTION('center_axis',(0.,0.,-1.));
#2996=DIRECTION('ref_axis',(-1.,1.22464679914735E-16,0.));
#2997=DIRECTION('center_axis',(0.,0.,-1.));
#2998=DIRECTION('ref_axis',(-1.,1.22464679914735E-16,0.));
#2999=DIRECTION('center_axis',(0.,0.,1.));
#3000=DIRECTION('ref_axis',(-1.,1.22464679914735E-16,0.));
#3001=DIRECTION('center_axis',(0.,0.,1.));
#3002=DIRECTION('ref_axis',(-1.,1.22464679914735E-16,0.));
#3003=DIRECTION('center_axis',(0.,0.,1.));
#3004=DIRECTION('ref_axis',(-1.,1.22464679914735E-16,0.));
#3005=DIRECTION('center_axis',(0.,0.,1.));
#3006=DIRECTION('ref_axis',(-1.,1.22464679914735E-16,0.));
#3007=DIRECTION('',(0.,0.,-1.));
#3008=DIRECTION('center_axis',(0.,0.,1.));
#3009=DIRECTION('ref_axis',(-1.,1.22464679914735E-16,0.));
#3010=DIRECTION('',(1.,-1.22464679914735E-16,0.));
#3011=DIRECTION('center_axis',(0.,0.,1.));
#3012=DIRECTION('ref_axis',(-1.,1.22464679914735E-16,0.));
#3013=DIRECTION('center_axis',(0.,0.,-1.));
#3014=DIRECTION('ref_axis',(-1.,1.22464679914735E-16,0.));
#3015=DIRECTION('',(0.6,-1.46957615897682E-16,0.8));
#3016=DIRECTION('center_axis',(0.,0.,-1.));
#3017=DIRECTION('ref_axis',(-1.,1.22464679914735E-16,0.));
#3018=DIRECTION('center_axis',(0.,0.,-1.));
#3019=DIRECTION('ref_axis',(-1.,1.22464679914735E-16,0.));
#3020=DIRECTION('center_axis',(0.,0.,1.));
#3021=DIRECTION('ref_axis',(-1.,1.22464679914735E-16,0.));
#3022=DIRECTION('center_axis',(0.,0.,1.));
#3023=DIRECTION('ref_axis',(-1.,1.22464679914735E-16,0.));
#3024=DIRECTION('center_axis',(0.,0.,1.));
#3025=DIRECTION('ref_axis',(-1.,1.22464679914735E-16,0.));
#3026=DIRECTION('center_axis',(0.,0.,1.));
#3027=DIRECTION('ref_axis',(-1.,1.22464679914735E-16,0.));
#3028=DIRECTION('',(0.,0.,-1.));
#3029=DIRECTION('center_axis',(0.,0.,1.));
#3030=DIRECTION('ref_axis',(-1.,1.22464679914735E-16,0.));
#3031=DIRECTION('',(1.,-1.22464679914735E-16,0.));
#3032=DIRECTION('center_axis',(0.,0.,1.));
#3033=DIRECTION('ref_axis',(-1.,1.22464679914735E-16,0.));
#3034=DIRECTION('center_axis',(0.,0.,1.));
#3035=DIRECTION('ref_axis',(-1.,1.22464679914735E-16,0.));
#3036=DIRECTION('',(0.,0.,1.));
#3037=DIRECTION('center_axis',(0.,0.,1.));
#3038=DIRECTION('ref_axis',(-1.,1.22464679914735E-16,0.));
#3039=DIRECTION('center_axis',(0.,0.,1.));
#3040=DIRECTION('ref_axis',(-1.,1.22464679914735E-16,0.));
#3041=DIRECTION('center_axis',(0.,0.,1.));
#3042=DIRECTION('ref_axis',(-1.,1.22464679914735E-16,0.));
#3043=DIRECTION('center_axis',(0.,0.,1.));
#3044=DIRECTION('ref_axis',(-1.,1.22464679914735E-16,0.));
#3045=DIRECTION('',(0.,0.,1.));
#3046=DIRECTION('center_axis',(0.,0.,1.));
#3047=DIRECTION('ref_axis',(-1.,1.22464679914735E-16,0.));
#3048=DIRECTION('center_axis',(0.,0.,1.));
#3049=DIRECTION('ref_axis',(-1.,1.22464679914735E-16,0.));
#3050=DIRECTION('center_axis',(0.,0.,1.));
#3051=DIRECTION('ref_axis',(-1.,1.22464679914735E-16,0.));
#3052=DIRECTION('center_axis',(0.,0.,1.));
#3053=DIRECTION('ref_axis',(-1.,1.22464679914735E-16,0.));
#3054=DIRECTION('',(0.,0.,1.));
#3055=DIRECTION('center_axis',(0.,0.,-1.));
#3056=DIRECTION('ref_axis',(-1.,1.22464679914735E-16,0.));
#3057=DIRECTION('center_axis',(0.,0.,1.));
#3058=DIRECTION('ref_axis',(-1.,1.22464679914735E-16,0.));
#3059=DIRECTION('center_axis',(0.,0.,-1.));
#3060=DIRECTION('ref_axis',(-1.,1.22464679914735E-16,0.));
#3061=DIRECTION('',(0.,0.,1.));
#3062=DIRECTION('center_axis',(0.,0.,-1.));
#3063=DIRECTION('ref_axis',(-1.,1.22464679914735E-16,0.));
#3064=DIRECTION('center_axis',(0.,0.,-1.));
#3065=DIRECTION('ref_axis',(1.,-1.22464679914735E-16,0.));
#3066=DIRECTION('center_axis',(0.,0.,1.));
#3067=DIRECTION('ref_axis',(-1.,1.22464679914735E-16,0.));
#3068=DIRECTION('center_axis',(0.,0.,-1.));
#3069=DIRECTION('ref_axis',(-1.,1.22464679914735E-16,0.));
#3070=DIRECTION('',(0.,0.,1.));
#3071=DIRECTION('center_axis',(0.,0.,-1.));
#3072=DIRECTION('ref_axis',(-1.,1.22464679914735E-16,0.));
#3073=DIRECTION('center_axis',(0.,0.,-1.));
#3074=DIRECTION('ref_axis',(1.,-1.22464679914735E-16,0.));
#3075=DIRECTION('center_axis',(0.,0.,1.));
#3076=DIRECTION('ref_axis',(-1.,1.22464679914735E-16,0.));
#3077=DIRECTION('center_axis',(0.,0.,1.));
#3078=DIRECTION('ref_axis',(-1.,1.22464679914735E-16,0.));
#3079=DIRECTION('',(0.,0.,1.));
#3080=DIRECTION('center_axis',(0.,0.,-1.));
#3081=DIRECTION('ref_axis',(-1.,1.22464679914735E-16,0.));
#3082=DIRECTION('center_axis',(0.,0.,1.));
#3083=DIRECTION('ref_axis',(-1.,1.22464679914735E-16,0.));
#3084=DIRECTION('center_axis',(0.,0.,-1.));
#3085=DIRECTION('ref_axis',(-1.,1.22464679914735E-16,0.));
#3086=DIRECTION('',(0.,0.,1.));
#3087=DIRECTION('center_axis',(0.,0.,-1.));
#3088=DIRECTION('ref_axis',(-1.,1.22464679914735E-16,0.));
#3089=DIRECTION('center_axis',(0.,0.,-1.));
#3090=DIRECTION('ref_axis',(1.,-1.22464679914735E-16,0.));
#3091=DIRECTION('center_axis',(0.,0.,1.));
#3092=DIRECTION('ref_axis',(-1.,1.22464679914735E-16,0.));
#3093=DIRECTION('center_axis',(0.,0.,-1.));
#3094=DIRECTION('ref_axis',(-1.,1.22464679914735E-16,0.));
#3095=DIRECTION('',(0.,0.,1.));
#3096=DIRECTION('center_axis',(0.,0.,-1.));
#3097=DIRECTION('ref_axis',(-1.,1.22464679914735E-16,0.));
#3098=DIRECTION('center_axis',(0.,0.,-1.));
#3099=DIRECTION('ref_axis',(1.,-1.22464679914735E-16,0.));
#3100=DIRECTION('center_axis',(-1.,1.22464679914735E-16,0.));
#3101=DIRECTION('ref_axis',(0.,0.,-1.));
#3102=DIRECTION('',(1.22464679914735E-16,1.,0.));
#3103=DIRECTION('',(-1.22464679914735E-16,-1.,0.));
#3104=DIRECTION('',(0.,0.,1.));
#3105=DIRECTION('center_axis',(1.,-1.22464679914735E-16,0.));
#3106=DIRECTION('ref_axis',(0.,0.,1.));
#3107=DIRECTION('',(-1.22464679914735E-16,-1.,0.));
#3108=DIRECTION('',(0.,0.,-1.));
#3109=DIRECTION('',(1.22464679914735E-16,1.,0.));
#3110=DIRECTION('center_axis',(0.,0.,1.));
#3111=DIRECTION('ref_axis',(-1.,1.22464679914735E-16,0.));
#3112=DIRECTION('',(1.,-1.22464679914735E-16,0.));
#3113=DIRECTION('',(-1.22464679914735E-16,-1.,0.));
#3114=DIRECTION('',(-1.,1.22464679914735E-16,0.));
#3115=DIRECTION('',(-1.22464679914735E-16,-1.,0.));
#3116=DIRECTION('',(-1.,1.22464679914735E-16,0.));
#3117=DIRECTION('',(-1.22464679914735E-16,-1.,0.));
#3118=DIRECTION('',(1.,-1.22464679914735E-16,0.));
#3119=DIRECTION('',(1.,-1.22464679914735E-16,0.));
#3120=DIRECTION('center_axis',(0.,0.,1.));
#3121=DIRECTION('ref_axis',(-1.,1.22464679914735E-16,0.));
#3122=DIRECTION('',(1.,-1.22464679914735E-16,0.));
#3123=DIRECTION('',(1.,-1.22464679914735E-16,0.));
#3124=DIRECTION('',(1.22464679914735E-16,1.,0.));
#3125=DIRECTION('',(-1.,1.22464679914735E-16,0.));
#3126=DIRECTION('',(1.22464679914735E-16,1.,0.));
#3127=DIRECTION('',(-1.,1.22464679914735E-16,0.));
#3128=DIRECTION('',(1.22464679914735E-16,1.,0.));
#3129=DIRECTION('center_axis',(1.22464679914735E-16,1.,0.));
#3130=DIRECTION('ref_axis',(0.,0.,-1.));
#3131=DIRECTION('',(0.,0.,-1.));
#3132=DIRECTION('',(-1.,1.22464679914735E-16,0.));
#3133=DIRECTION('center_axis',(1.22464679914735E-16,1.,0.));
#3134=DIRECTION('ref_axis',(0.,0.,-1.));
#3135=DIRECTION('',(-1.,1.22464679914735E-16,0.));
#3136=DIRECTION('',(0.,0.,-1.));
#3137=DIRECTION('center_axis',(0.,0.,1.));
#3138=DIRECTION('ref_axis',(-1.,1.22464679914735E-16,0.));
#3139=DIRECTION('',(1.,-1.22464679914735E-16,0.));
#3140=DIRECTION('center_axis',(0.,0.,-1.));
#3141=DIRECTION('ref_axis',(-1.,1.22464679914735E-16,0.));
#3142=DIRECTION('',(-1.22464679914735E-16,-1.,0.));
#3143=DIRECTION('center_axis',(0.,0.,1.));
#3144=DIRECTION('ref_axis',(-1.,1.22464679914735E-16,0.));
#3145=DIRECTION('',(1.,-1.22464679914735E-16,0.));
#3146=DIRECTION('center_axis',(0.,0.,1.));
#3147=DIRECTION('ref_axis',(-1.,1.22464679914735E-16,0.));
#3148=DIRECTION('',(1.22464679914735E-16,1.,0.));
#3149=DIRECTION('center_axis',(0.,0.,-1.));
#3150=DIRECTION('ref_axis',(-1.,1.22464679914735E-16,0.));
#3151=DIRECTION('',(1.,-1.22464679914735E-16,0.));
#3152=DIRECTION('center_axis',(0.,0.,1.));
#3153=DIRECTION('ref_axis',(-1.,1.22464679914735E-16,0.));
#3154=DIRECTION('center_axis',(0.,0.,1.));
#3155=DIRECTION('ref_axis',(-1.,1.22464679914735E-16,0.));
#3156=DIRECTION('',(-1.,1.22464679914735E-16,0.));
#3157=DIRECTION('center_axis',(0.,0.,-1.));
#3158=DIRECTION('ref_axis',(-1.,1.22464679914735E-16,0.));
#3159=DIRECTION('',(1.22464679914735E-16,1.,0.));
#3160=DIRECTION('center_axis',(0.,0.,1.));
#3161=DIRECTION('ref_axis',(-1.,1.22464679914735E-16,0.));
#3162=DIRECTION('center_axis',(0.,0.,-1.));
#3163=DIRECTION('ref_axis',(-1.,1.22464679914735E-16,0.));
#3164=DIRECTION('',(1.22464679914735E-16,1.,0.));
#3165=DIRECTION('center_axis',(0.,0.,1.));
#3166=DIRECTION('ref_axis',(-1.,1.22464679914735E-16,0.));
#3167=DIRECTION('',(-1.,1.22464679914735E-16,0.));
#3168=DIRECTION('center_axis',(0.,0.,1.));
#3169=DIRECTION('ref_axis',(-1.,1.22464679914735E-16,0.));
#3170=DIRECTION('',(-1.22464679914735E-16,-1.,0.));
#3171=DIRECTION('center_axis',(0.,0.,-1.));
#3172=DIRECTION('ref_axis',(-1.,1.22464679914735E-16,0.));
#3173=DIRECTION('center_axis',(0.,0.,1.));
#3174=DIRECTION('ref_axis',(-1.,1.22464679914735E-16,0.));
#3175=DIRECTION('',(-1.22464679914735E-16,-1.,0.));
#3176=DIRECTION('center_axis',(0.,0.,-1.));
#3177=DIRECTION('ref_axis',(-1.,1.22464679914735E-16,0.));
#3178=DIRECTION('',(-1.,1.22464679914735E-16,0.));
#3179=DIRECTION('center_axis',(0.,0.,1.));
#3180=DIRECTION('ref_axis',(-1.,1.22464679914735E-16,0.));
#3181=DIRECTION('',(1.22464679914735E-16,1.,0.));
#3182=DIRECTION('',(1.,-1.22464679914735E-16,0.));
#3183=DIRECTION('',(1.22464679914735E-16,1.,0.));
#3184=DIRECTION('',(1.,-1.22464679914735E-16,0.));
#3185=DIRECTION('',(-1.22464679914735E-16,-1.,0.));
#3186=DIRECTION('',(1.,-1.22464679914735E-16,0.));
#3187=DIRECTION('',(-1.22464679914735E-16,-1.,0.));
#3188=DIRECTION('center_axis',(1.,-1.22464679914735E-16,0.));
#3189=DIRECTION('ref_axis',(0.,0.,1.));
#3190=DIRECTION('',(0.,0.,-1.));
#3191=DIRECTION('',(0.,0.,1.));
#3192=DIRECTION('center_axis',(-1.,1.22464679914735E-16,0.));
#3193=DIRECTION('ref_axis',(0.,0.,-1.));
#3194=DIRECTION('',(0.,0.,-1.));
#3195=DIRECTION('',(0.,0.,-1.));
#3196=DIRECTION('center_axis',(-1.22464679914735E-16,-1.,0.));
#3197=DIRECTION('ref_axis',(0.,0.,1.));
#3198=DIRECTION('',(0.,0.,-1.));
#3199=DIRECTION('center_axis',(-1.,1.22464679914735E-16,0.));
#3200=DIRECTION('ref_axis',(0.,0.,-1.));
#3201=DIRECTION('center_axis',(-1.22464679914735E-16,-1.,0.));
#3202=DIRECTION('ref_axis',(0.,0.,1.));
#3203=DIRECTION('',(0.,0.,-1.));
#3204=DIRECTION('center_axis',(1.,-1.22464679914735E-16,0.));
#3205=DIRECTION('ref_axis',(0.,0.,1.));
#3206=DIRECTION('center_axis',(1.22464679914735E-16,1.,0.));
#3207=DIRECTION('ref_axis',(0.,0.,-1.));
#3208=DIRECTION('',(1.,-1.22464679914735E-16,0.));
#3209=DIRECTION('',(0.,0.,-1.));
#3210=DIRECTION('center_axis',(-1.,1.22464679914735E-16,0.));
#3211=DIRECTION('ref_axis',(0.,0.,-1.));
#3212=DIRECTION('',(1.22464679914735E-16,1.,0.));
#3213=DIRECTION('',(0.,0.,-1.));
#3214=DIRECTION('center_axis',(-1.22464679914735E-16,-1.,0.));
#3215=DIRECTION('ref_axis',(0.,0.,1.));
#3216=DIRECTION('',(0.,0.,-1.));
#3217=DIRECTION('',(-1.,1.22464679914735E-16,0.));
#3218=DIRECTION('center_axis',(1.,-1.22464679914735E-16,0.));
#3219=DIRECTION('ref_axis',(0.,0.,1.));
#3220=DIRECTION('',(-1.22464679914735E-16,-1.,0.));
#3221=DIRECTION('center_axis',(0.,0.,-1.));
#3222=DIRECTION('ref_axis',(1.,-1.22464679914735E-16,0.));
#3223=DIRECTION('center_axis',(0.,0.,-1.));
#3224=DIRECTION('ref_axis',(-1.,1.22464679914735E-16,0.));
#3225=DIRECTION('center_axis',(0.,0.,1.));
#3226=DIRECTION('ref_axis',(-1.,1.22464679914735E-16,0.));
#3227=DIRECTION('center_axis',(0.,0.,1.));
#3228=DIRECTION('ref_axis',(-1.,1.22464679914735E-16,0.));
#3229=DIRECTION('center_axis',(0.,0.,1.));
#3230=DIRECTION('ref_axis',(-1.,1.22464679914735E-16,0.));
#3231=DIRECTION('',(1.,-1.22464679914735E-16,0.));
#3232=DIRECTION('center_axis',(0.,0.,1.));
#3233=DIRECTION('ref_axis',(-1.,1.22464679914735E-16,0.));
#3234=DIRECTION('',(1.22464679914735E-16,1.,0.));
#3235=DIRECTION('center_axis',(0.,0.,1.));
#3236=DIRECTION('ref_axis',(-1.,1.22464679914735E-16,0.));
#3237=DIRECTION('',(-1.,1.22464679914735E-16,0.));
#3238=DIRECTION('center_axis',(0.,0.,-1.));
#3239=DIRECTION('ref_axis',(1.,-1.22464679914735E-16,0.));
#3240=DIRECTION('center_axis',(0.,0.,-1.));
#3241=DIRECTION('ref_axis',(-1.,1.22464679914735E-16,0.));
#3242=DIRECTION('center_axis',(0.,0.,1.));
#3243=DIRECTION('ref_axis',(-1.,1.22464679914735E-16,0.));
#3244=DIRECTION('center_axis',(0.,0.,1.));
#3245=DIRECTION('ref_axis',(-1.,1.22464679914735E-16,0.));
#3246=DIRECTION('',(0.,0.,-1.));
#3247=DIRECTION('',(0.,0.,-1.));
#3248=DIRECTION('center_axis',(-1.22464679914735E-16,-1.,0.));
#3249=DIRECTION('ref_axis',(0.,0.,1.));
#3250=DIRECTION('',(1.,-1.22464679914735E-16,0.));
#3251=DIRECTION('',(0.,0.,-1.));
#3252=DIRECTION('',(1.,-1.22464679914735E-16,0.));
#3253=DIRECTION('',(0.,0.,-1.));
#3254=DIRECTION('center_axis',(0.,0.,1.));
#3255=DIRECTION('ref_axis',(-1.,1.22464679914735E-16,0.));
#3256=DIRECTION('',(1.22464679914735E-16,1.,0.));
#3257=DIRECTION('center_axis',(0.,0.,-1.));
#3258=DIRECTION('ref_axis',(-1.,1.22464679914735E-16,0.));
#3259=DIRECTION('',(1.,-1.22464679914735E-16,0.));
#3260=DIRECTION('center_axis',(0.,0.,-1.));
#3261=DIRECTION('ref_axis',(-1.,1.22464679914735E-16,0.));
#3262=DIRECTION('',(-1.22464679914735E-16,-1.,0.));
#3263=DIRECTION('center_axis',(0.,0.,1.));
#3264=DIRECTION('ref_axis',(-1.,1.22464679914735E-16,0.));
#3265=DIRECTION('center_axis',(1.,-1.22464679914735E-16,0.));
#3266=DIRECTION('ref_axis',(0.,0.,1.));
#3267=DIRECTION('',(0.,0.,-1.));
#3268=DIRECTION('center_axis',(0.,0.,1.));
#3269=DIRECTION('ref_axis',(-1.,1.22464679914735E-16,0.));
#3270=DIRECTION('',(0.,0.,-1.));
#3271=DIRECTION('',(0.,0.,-1.));
#3272=DIRECTION('center_axis',(-1.,1.22464679914735E-16,0.));
#3273=DIRECTION('ref_axis',(0.,0.,-1.));
#3274=DIRECTION('',(0.,0.,-1.));
#3275=DIRECTION('center_axis',(0.,0.,1.));
#3276=DIRECTION('ref_axis',(-1.,1.22464679914735E-16,0.));
#3277=DIRECTION('',(0.,0.,-1.));
#3278=DIRECTION('center_axis',(0.,0.,1.));
#3279=DIRECTION('ref_axis',(-1.,1.22464679914735E-16,0.));
#3280=DIRECTION('',(0.,0.,-1.));
#3281=DIRECTION('center_axis',(-1.22464679914735E-16,-1.,0.));
#3282=DIRECTION('ref_axis',(0.,0.,1.));
#3283=DIRECTION('center_axis',(0.,0.,1.));
#3284=DIRECTION('ref_axis',(-1.,1.22464679914735E-16,0.));
#3285=DIRECTION('',(0.,0.,-1.));
#3286=DIRECTION('',(0.,0.,-1.));
#3287=DIRECTION('center_axis',(1.22464679914735E-16,1.,0.));
#3288=DIRECTION('ref_axis',(0.,0.,-1.));
#3289=DIRECTION('',(0.,0.,-1.));
#3290=DIRECTION('center_axis',(0.,0.,1.));
#3291=DIRECTION('ref_axis',(-1.,1.22464679914735E-16,0.));
#3292=DIRECTION('',(0.,0.,-1.));
#3293=DIRECTION('',(0.,0.,-1.));
#3294=DIRECTION('center_axis',(1.,-1.22464679914735E-16,0.));
#3295=DIRECTION('ref_axis',(0.,0.,1.));
#3296=DIRECTION('',(0.,0.,-1.));
#3297=DIRECTION('',(1.22464679914735E-16,1.,0.));
#3298=DIRECTION('',(0.,0.,-1.));
#3299=DIRECTION('center_axis',(0.,0.,1.));
#3300=DIRECTION('ref_axis',(-1.,1.22464679914735E-16,0.));
#3301=DIRECTION('center_axis',(0.,0.,1.));
#3302=DIRECTION('ref_axis',(-1.,1.22464679914735E-16,0.));
#3303=DIRECTION('',(0.,0.,-1.));
#3304=DIRECTION('',(0.,0.,-1.));
#3305=DIRECTION('center_axis',(-1.,1.22464679914735E-16,0.));
#3306=DIRECTION('ref_axis',(0.,0.,-1.));
#3307=DIRECTION('',(-1.22464679914735E-16,-1.,0.));
#3308=DIRECTION('',(0.,0.,-1.));
#3309=DIRECTION('',(-1.22464679914735E-16,-1.,0.));
#3310=DIRECTION('',(0.,0.,-1.));
#3311=DIRECTION('',(0.,0.,-1.));
#3312=DIRECTION('center_axis',(0.,0.,1.));
#3313=DIRECTION('ref_axis',(-1.,1.22464679914735E-16,0.));
#3314=DIRECTION('center_axis',(0.,0.,1.));
#3315=DIRECTION('ref_axis',(-1.,1.22464679914735E-16,0.));
#3316=DIRECTION('',(0.,0.,-1.));
#3317=DIRECTION('center_axis',(0.,0.,1.));
#3318=DIRECTION('ref_axis',(-1.,1.22464679914735E-16,0.));
#3319=DIRECTION('center_axis',(0.,0.,1.));
#3320=DIRECTION('ref_axis',(-1.,1.22464679914735E-16,0.));
#3321=DIRECTION('',(-1.,1.22464679914735E-16,0.));
#3322=DIRECTION('',(1.,-1.22464679914735E-16,0.));
#3323=DIRECTION('center_axis',(-1.22464679914735E-16,-1.,0.));
#3324=DIRECTION('ref_axis',(0.,0.,1.));
#3325=DIRECTION('',(0.,0.,-1.));
#3326=DIRECTION('center_axis',(-1.22464679914735E-16,-1.,0.));
#3327=DIRECTION('ref_axis',(0.,0.,1.));
#3328=DIRECTION('',(0.,0.,-1.));
#3329=DIRECTION('center_axis',(0.,0.,1.));
#3330=DIRECTION('ref_axis',(-1.,1.22464679914735E-16,0.));
#3331=DIRECTION('',(0.,0.,-1.));
#3332=DIRECTION('center_axis',(0.,0.,1.));
#3333=DIRECTION('ref_axis',(-1.,1.22464679914735E-16,0.));
#3334=DIRECTION('',(0.,0.,-1.));
#3335=DIRECTION('',(0.,0.,-1.));
#3336=DIRECTION('center_axis',(1.22464679914735E-16,1.,0.));
#3337=DIRECTION('ref_axis',(0.,0.,-1.));
#3338=DIRECTION('center_axis',(0.,0.,1.));
#3339=DIRECTION('ref_axis',(-1.,1.22464679914735E-16,0.));
#3340=DIRECTION('center_axis',(0.,0.,-1.));
#3341=DIRECTION('ref_axis',(-1.,1.22464679914735E-16,0.));
#3342=DIRECTION('',(0.,0.,-1.));
#3343=DIRECTION('center_axis',(0.,0.,1.));
#3344=DIRECTION('ref_axis',(-1.,1.22464679914735E-16,0.));
#3345=DIRECTION('center_axis',(0.,0.,-1.));
#3346=DIRECTION('ref_axis',(-1.,1.22464679914735E-16,0.));
#3347=DIRECTION('center_axis',(0.,0.,1.));
#3348=DIRECTION('ref_axis',(-1.,1.22464679914735E-16,0.));
#3349=DIRECTION('',(0.,0.,-1.));
#3350=DIRECTION('center_axis',(0.,0.,-1.));
#3351=DIRECTION('ref_axis',(-1.,1.22464679914735E-16,0.));
#3352=DIRECTION('center_axis',(0.,0.,1.));
#3353=DIRECTION('ref_axis',(-1.,1.22464679914735E-16,0.));
#3354=DIRECTION('center_axis',(0.,0.,-1.));
#3355=DIRECTION('ref_axis',(-1.,1.22464679914735E-16,0.));
#3356=DIRECTION('',(-1.,1.22464679914735E-16,0.));
#3357=DIRECTION('center_axis',(0.,0.,1.));
#3358=DIRECTION('ref_axis',(-1.,1.22464679914735E-16,0.));
#3359=DIRECTION('center_axis',(1.22464679914735E-16,1.,0.));
#3360=DIRECTION('ref_axis',(0.,0.,-1.));
#3361=CARTESIAN_POINT('',(0.,0.,0.));
#3362=CARTESIAN_POINT('Origin',(-8.,26.35,-4.8));
#3363=CARTESIAN_POINT('',(-5.,24.5,-4.8));
#3364=CARTESIAN_POINT('',(-11.,24.5,-4.8));
#3365=CARTESIAN_POINT('',(-8.,24.5,-4.8));
#3366=CARTESIAN_POINT('',(-5.,28.2,-4.8));
#3367=CARTESIAN_POINT('',(-5.,26.35,-4.8));
#3368=CARTESIAN_POINT('',(-11.,28.2,-4.8));
#3369=CARTESIAN_POINT('',(-8.,28.2,-4.8));
#3370=CARTESIAN_POINT('',(-11.,26.35,-4.8));
#3371=CARTESIAN_POINT('Origin',(-8.,23.2,-4.7));
#3372=CARTESIAN_POINT('',(-5.,23.2,-6.2));
#3373=CARTESIAN_POINT('',(-11.,23.2,-6.2));
#3374=CARTESIAN_POINT('',(-8.,23.2,-6.2));
#3375=CARTESIAN_POINT('',(-5.,23.2,-3.2));
#3376=CARTESIAN_POINT('',(-5.,23.2,-4.7));
#3377=CARTESIAN_POINT('',(-11.,23.2,-3.2));
#3378=CARTESIAN_POINT('',(-4.,23.2,-3.2));
#3379=CARTESIAN_POINT('',(-11.,23.2,-4.7));
#3380=CARTESIAN_POINT('Origin',(-5.,23.85,-4.7));
#3381=CARTESIAN_POINT('',(-5.,24.5,-3.2));
#3382=CARTESIAN_POINT('',(-5.,24.5,-4.7));
#3383=CARTESIAN_POINT('',(-5.,24.7,-3.2));
#3384=CARTESIAN_POINT('',(-5.,29.5,-6.2));
#3385=CARTESIAN_POINT('',(-5.,23.85,-6.2));
#3386=CARTESIAN_POINT('',(-5.,29.5,-3.2));
#3387=CARTESIAN_POINT('',(-5.,29.5,-4.7));
#3388=CARTESIAN_POINT('',(-5.,28.2,-3.2));
#3389=CARTESIAN_POINT('',(-5.,27.2,-3.2));
#3390=CARTESIAN_POINT('',(-5.,28.2,-4.7));
#3391=CARTESIAN_POINT('Origin',(-8.,24.5,-4.7));
#3392=CARTESIAN_POINT('',(-11.,24.5,-3.2));
#3393=CARTESIAN_POINT('',(-11.,24.5,-4.7));
#3394=CARTESIAN_POINT('',(-4.,24.5,-3.2));
#3395=CARTESIAN_POINT('Origin',(-8.,29.5,-4.7));
#3396=CARTESIAN_POINT('',(-11.,29.5,-6.2));
#3397=CARTESIAN_POINT('',(-8.,29.5,-6.2));
#3398=CARTESIAN_POINT('',(-11.,29.5,-3.2));
#3399=CARTESIAN_POINT('',(-11.,29.5,-4.7));
#3400=CARTESIAN_POINT('',(-4.,29.5,-3.2));
#3401=CARTESIAN_POINT('Origin',(-8.,28.2,-4.7));
#3402=CARTESIAN_POINT('',(-11.,28.2,-3.2));
#3403=CARTESIAN_POINT('',(-4.,28.2,-3.2));
#3404=CARTESIAN_POINT('',(-11.,28.2,-4.7));
#3405=CARTESIAN_POINT('Origin',(-8.,23.85,-6.2));
#3406=CARTESIAN_POINT('',(-11.,23.85,-6.2));
#3407=CARTESIAN_POINT('Origin',(-11.,23.85,-4.7));
#3408=CARTESIAN_POINT('',(-11.,24.7,-3.2));
#3409=CARTESIAN_POINT('',(-11.,27.2,-3.2));
#3410=CARTESIAN_POINT('Origin',(8.,26.35,-4.8));
#3411=CARTESIAN_POINT('',(11.,24.5,-4.8));
#3412=CARTESIAN_POINT('',(5.,24.5,-4.8));
#3413=CARTESIAN_POINT('',(8.,24.5,-4.8));
#3414=CARTESIAN_POINT('',(11.,28.2,-4.8));
#3415=CARTESIAN_POINT('',(11.,26.35,-4.8));
#3416=CARTESIAN_POINT('',(5.,28.2,-4.8));
#3417=CARTESIAN_POINT('',(8.,28.2,-4.8));
#3418=CARTESIAN_POINT('',(5.,26.35,-4.8));
#3419=CARTESIAN_POINT('Origin',(8.,23.2,-4.7));
#3420=CARTESIAN_POINT('',(11.,23.2,-6.2));
#3421=CARTESIAN_POINT('',(5.,23.2,-6.2));
#3422=CARTESIAN_POINT('',(8.,23.2,-6.2));
#3423=CARTESIAN_POINT('',(11.,23.2,-3.2));
#3424=CARTESIAN_POINT('',(11.,23.2,-4.7));
#3425=CARTESIAN_POINT('',(5.,23.2,-3.2));
#3426=CARTESIAN_POINT('',(4.,23.2,-3.2));
#3427=CARTESIAN_POINT('',(5.,23.2,-4.7));
#3428=CARTESIAN_POINT('Origin',(11.,23.85,-4.7));
#3429=CARTESIAN_POINT('',(11.,24.5,-3.2));
#3430=CARTESIAN_POINT('',(11.,24.5,-4.7));
#3431=CARTESIAN_POINT('',(11.,24.7,-3.2));
#3432=CARTESIAN_POINT('',(11.,29.5,-6.2));
#3433=CARTESIAN_POINT('',(11.,23.85,-6.2));
#3434=CARTESIAN_POINT('',(11.,29.5,-3.2));
#3435=CARTESIAN_POINT('',(11.,29.5,-4.7));
#3436=CARTESIAN_POINT('',(11.,28.2,-3.2));
#3437=CARTESIAN_POINT('',(11.,27.2,-3.2));
#3438=CARTESIAN_POINT('',(11.,28.2,-4.7));
#3439=CARTESIAN_POINT('Origin',(8.,24.5,-4.7));
#3440=CARTESIAN_POINT('',(5.,24.5,-3.2));
#3441=CARTESIAN_POINT('',(5.,24.5,-4.7));
#3442=CARTESIAN_POINT('',(4.,24.5,-3.2));
#3443=CARTESIAN_POINT('Origin',(8.,29.5,-4.7));
#3444=CARTESIAN_POINT('',(5.,29.5,-6.2));
#3445=CARTESIAN_POINT('',(8.,29.5,-6.2));
#3446=CARTESIAN_POINT('',(5.,29.5,-3.2));
#3447=CARTESIAN_POINT('',(5.,29.5,-4.7));
#3448=CARTESIAN_POINT('',(4.,29.5,-3.2));
#3449=CARTESIAN_POINT('Origin',(8.,28.2,-4.7));
#3450=CARTESIAN_POINT('',(5.,28.2,-3.2));
#3451=CARTESIAN_POINT('',(4.,28.2,-3.2));
#3452=CARTESIAN_POINT('',(5.,28.2,-4.7));
#3453=CARTESIAN_POINT('Origin',(8.,23.85,-6.2));
#3454=CARTESIAN_POINT('',(5.,23.85,-6.2));
#3455=CARTESIAN_POINT('Origin',(5.,23.85,-4.7));
#3456=CARTESIAN_POINT('',(5.,24.7,-3.2));
#3457=CARTESIAN_POINT('',(5.,27.2,-3.2));
#3458=CARTESIAN_POINT('Origin',(-1.51539956067904E-15,-12.3741764705882,
-4.69320588235294));
#3459=CARTESIAN_POINT('',(13.,-12.7511333333333,-5.4));
#3460=CARTESIAN_POINT('',(13.,-11.9511333333333,-3.9));
#3461=CARTESIAN_POINT('',(13.,-12.3985155709343,-4.73884169550173));
#3462=CARTESIAN_POINT('',(-13.,-12.7511333333333,-5.4));
#3463=CARTESIAN_POINT('',(-1.56156346221678E-15,-12.7511333333333,-5.4));
#3464=CARTESIAN_POINT('',(-13.,-11.9511333333333,-3.9));
#3465=CARTESIAN_POINT('',(-13.,-12.3985155709343,-4.73884169550173));
#3466=CARTESIAN_POINT('',(-1.46359171828499E-15,-11.9511333333333,-3.9));
#3467=CARTESIAN_POINT('Origin',(-13.,-12.675,-4.65));
#3468=CARTESIAN_POINT('',(-13.,-13.05,-5.4));
#3469=CARTESIAN_POINT('',(-13.,-12.675,-5.4));
#3470=CARTESIAN_POINT('',(-13.,-13.05,-3.9));
#3471=CARTESIAN_POINT('',(-13.,-13.05,-4.35));
#3472=CARTESIAN_POINT('',(-13.,-12.675,-3.9));
#3473=CARTESIAN_POINT('Origin',(-1.55223981791927E-15,-12.675,-5.4));
#3474=CARTESIAN_POINT('',(13.,-13.05,-5.4));
#3475=CARTESIAN_POINT('',(13.,-12.675,-5.4));
#3476=CARTESIAN_POINT('',(12.,-13.05,-5.4));
#3477=CARTESIAN_POINT('',(6.5,-13.05,-5.4));
#3478=CARTESIAN_POINT('',(12.,-13.4,-5.4));
#3479=CARTESIAN_POINT('',(12.,-13.725,-5.4));
#3480=CARTESIAN_POINT('',(-12.,-13.4,-5.4));
#3481=CARTESIAN_POINT('',(-1.64102671085745E-15,-13.4,-5.4));
#3482=CARTESIAN_POINT('',(-12.,-13.05,-5.4));
#3483=CARTESIAN_POINT('',(-12.,-13.725,-5.4));
#3484=CARTESIAN_POINT('',(-6.5,-13.05,-5.4));
#3485=CARTESIAN_POINT('Origin',(-1.64102671085745E-15,-13.4,-4.65));
#3486=CARTESIAN_POINT('',(-12.,-13.4,-3.9));
#3487=CARTESIAN_POINT('',(-12.,-13.4,-4.35));
#3488=CARTESIAN_POINT('',(12.,-13.4,-3.9));
#3489=CARTESIAN_POINT('',(12.,-13.4,-4.35));
#3490=CARTESIAN_POINT('',(-1.64102671085745E-15,-13.4,-3.9));
#3491=CARTESIAN_POINT('Origin',(13.,-12.675,-4.65));
#3492=CARTESIAN_POINT('',(13.,-13.05,-3.9));
#3493=CARTESIAN_POINT('',(13.,-12.675,-3.9));
#3494=CARTESIAN_POINT('',(13.,-13.05,-4.35));
#3495=CARTESIAN_POINT('Origin',(-1.55223981791927E-15,-12.675,-3.9));
#3496=CARTESIAN_POINT('',(-12.,-13.05,-3.9));
#3497=CARTESIAN_POINT('',(-6.5,-13.05,-3.9));
#3498=CARTESIAN_POINT('',(-12.,-13.725,-3.9));
#3499=CARTESIAN_POINT('',(12.,-13.05,-3.9));
#3500=CARTESIAN_POINT('',(12.,-13.725,-3.9));
#3501=CARTESIAN_POINT('',(6.5,-13.05,-3.9));
#3502=CARTESIAN_POINT('Origin',(-13.,-13.05,-4.05));
#3503=CARTESIAN_POINT('',(-12.,-13.05,-5.8));
#3504=CARTESIAN_POINT('',(-12.,-13.05,-4.05));
#3505=CARTESIAN_POINT('',(-14.,-13.05,-5.8));
#3506=CARTESIAN_POINT('',(-13.,-13.05,-5.8));
#3507=CARTESIAN_POINT('',(-14.,-13.05,-2.3));
#3508=CARTESIAN_POINT('',(-14.,-13.05,-4.05));
#3509=CARTESIAN_POINT('',(-12.,-13.05,-2.3));
#3510=CARTESIAN_POINT('',(-6.5,-13.05,-2.3));
#3511=CARTESIAN_POINT('',(-12.,-13.05,-4.05));
#3512=CARTESIAN_POINT('Origin',(12.,-14.775,-4.05));
#3513=CARTESIAN_POINT('',(12.,-13.05,-5.8));
#3514=CARTESIAN_POINT('',(12.,-13.05,-4.05));
#3515=CARTESIAN_POINT('',(12.,-16.5,-5.8));
#3516=CARTESIAN_POINT('',(12.,-14.775,-5.8));
#3517=CARTESIAN_POINT('',(12.,-16.5,-2.3));
#3518=CARTESIAN_POINT('',(12.,-16.5,-4.3));
#3519=CARTESIAN_POINT('',(12.,-13.05,-2.3));
#3520=CARTESIAN_POINT('',(12.,-6.2,-2.3));
#3521=CARTESIAN_POINT('',(12.,-13.05,-4.05));
#3522=CARTESIAN_POINT('Origin',(-12.,-14.775,-4.05));
#3523=CARTESIAN_POINT('',(-12.,-16.5,-2.3));
#3524=CARTESIAN_POINT('',(-12.,-6.2,-2.3));
#3525=CARTESIAN_POINT('',(-12.,-16.5,-5.8));
#3526=CARTESIAN_POINT('',(-12.,-16.5,-4.3));
#3527=CARTESIAN_POINT('',(-12.,-14.775,-5.8));
#3528=CARTESIAN_POINT('Origin',(-14.,-14.775,-4.05));
#3529=CARTESIAN_POINT('',(-14.,-16.5,-5.8));
#3530=CARTESIAN_POINT('',(-14.,-14.775,-5.8));
#3531=CARTESIAN_POINT('',(-14.,-16.5,-2.3));
#3532=CARTESIAN_POINT('',(-14.,-16.5,-4.3));
#3533=CARTESIAN_POINT('',(-14.,-6.2,-2.3));
#3534=CARTESIAN_POINT('Origin',(-2.02066721859313E-15,-16.5,-4.55));
#3535=CARTESIAN_POINT('',(-8.,-16.5,-2.3));
#3536=CARTESIAN_POINT('',(-2.02066721859313E-15,-16.5,-2.3));
#3537=CARTESIAN_POINT('',(-8.,-16.5,0.));
#3538=CARTESIAN_POINT('',(-8.,-16.5,-0.655));
#3539=CARTESIAN_POINT('',(8.,-16.5,0.));
#3540=CARTESIAN_POINT('',(-2.02066721859313E-15,-16.5,0.));
#3541=CARTESIAN_POINT('',(8.,-16.5,-2.3));
#3542=CARTESIAN_POINT('',(8.,-16.5,-0.655));
#3543=CARTESIAN_POINT('',(-2.02066721859313E-15,-16.5,-2.3));
#3544=CARTESIAN_POINT('',(-2.02066721859313E-15,-16.5,-5.8));
#3545=CARTESIAN_POINT('Origin',(13.,-13.05,-4.05));
#3546=CARTESIAN_POINT('',(14.,-13.05,-2.3));
#3547=CARTESIAN_POINT('',(6.5,-13.05,-2.3));
#3548=CARTESIAN_POINT('',(14.,-13.05,-5.8));
#3549=CARTESIAN_POINT('',(14.,-13.05,-4.05));
#3550=CARTESIAN_POINT('',(13.,-13.05,-5.8));
#3551=CARTESIAN_POINT('Origin',(14.,-14.775,-4.05));
#3552=CARTESIAN_POINT('',(14.,-16.5,-5.8));
#3553=CARTESIAN_POINT('',(14.,-16.5,-2.3));
#3554=CARTESIAN_POINT('',(14.,-16.5,-4.3));
#3555=CARTESIAN_POINT('',(14.,-14.775,-5.8));
#3556=CARTESIAN_POINT('',(14.,-6.2,-2.3));
#3557=CARTESIAN_POINT('Origin',(-2.02066721859313E-15,-16.5,-4.55));
#3558=CARTESIAN_POINT('',(18.2,-16.5,-2.3));
#3559=CARTESIAN_POINT('',(-2.02066721859313E-15,-16.5,-2.3));
#3560=CARTESIAN_POINT('',(18.2,-16.5,-5.8));
#3561=CARTESIAN_POINT('',(18.2,-16.5,-4.55));
#3562=CARTESIAN_POINT('',(-2.02066721859313E-15,-16.5,-5.8));
#3563=CARTESIAN_POINT('Origin',(-15.35,18.25,-3.755));
#3564=CARTESIAN_POINT('',(-15.35,20.4219806628973,-1.31));
#3565=CARTESIAN_POINT('',(-15.35,20.4219806628973,-2.1));
#3566=CARTESIAN_POINT('',(-15.35,20.4219806628973,-1.7));
#3567=CARTESIAN_POINT('',(-15.35,16.0780193371027,-1.31));
#3568=CARTESIAN_POINT('',(-15.35,18.25,-1.31));
#3569=CARTESIAN_POINT('',(-15.35,16.0780193371027,-2.1));
#3570=CARTESIAN_POINT('',(-15.35,16.0780193371027,-1.7));
#3571=CARTESIAN_POINT('',(-15.35,16.8944558288274,-2.1));
#3572=CARTESIAN_POINT('',(-15.35,18.25,-2.1));
#3573=CARTESIAN_POINT('',(-15.35,16.8944558288274,-3.9));
#3574=CARTESIAN_POINT('',(-15.35,16.8944558288274,-2.6));
#3575=CARTESIAN_POINT('',(-15.35,16.6119752749119,-4.4));
#3576=CARTESIAN_POINT('Ctrl Pts',(-15.35,16.6119752749119,-4.4));
#3577=CARTESIAN_POINT('Ctrl Pts',(-15.35,16.7658467961519,-4.12640938260176));
#3578=CARTESIAN_POINT('Ctrl Pts',(-15.35,16.8944558288274,-3.9));
#3579=CARTESIAN_POINT('',(-15.35,17.1021759716751,-5.6));
#3580=CARTESIAN_POINT('Ctrl Pts',(-15.35,17.1021759716751,-5.6));
#3581=CARTESIAN_POINT('Ctrl Pts',(-15.35,16.8975704634617,-5.10557659230536));
#3582=CARTESIAN_POINT('Ctrl Pts',(-15.35,16.6119752749119,-4.4));
#3583=CARTESIAN_POINT('',(-15.35,19.3978240283249,-5.6));
#3584=CARTESIAN_POINT('',(-15.35,18.25,-5.6));
#3585=CARTESIAN_POINT('',(-15.35,19.8880247250881,-4.4));
#3586=CARTESIAN_POINT('Ctrl Pts',(-15.35,19.8880247250881,-4.4));
#3587=CARTESIAN_POINT('Ctrl Pts',(-15.35,19.6024295365383,-5.10557659230536));
#3588=CARTESIAN_POINT('Ctrl Pts',(-15.35,19.3978240283249,-5.6));
#3589=CARTESIAN_POINT('',(-15.35,19.6055441711726,-3.9));
#3590=CARTESIAN_POINT('Ctrl Pts',(-15.35,19.6055441711726,-3.9));
#3591=CARTESIAN_POINT('Ctrl Pts',(-15.35,19.7341532038481,-4.12640938260176));
#3592=CARTESIAN_POINT('Ctrl Pts',(-15.35,19.8880247250881,-4.4));
#3593=CARTESIAN_POINT('',(-15.35,19.6055441711726,-2.1));
#3594=CARTESIAN_POINT('',(-15.35,19.6055441711726,-2.6));
#3595=CARTESIAN_POINT('',(-15.35,18.25,-2.1));
#3596=CARTESIAN_POINT('Origin',(-15.,18.25,-1.31));
#3597=CARTESIAN_POINT('',(-14.65,20.4219806628973,-1.31));
#3598=CARTESIAN_POINT('Origin',(-15.,18.25,-1.31));
#3599=CARTESIAN_POINT('',(-14.65,16.0780193371027,-1.31));
#3600=CARTESIAN_POINT('',(-14.65,18.25,-1.31));
#3601=CARTESIAN_POINT('Origin',(-15.,18.25,-1.31));
#3602=CARTESIAN_POINT('Origin',(-14.65,18.25,-3.755));
#3603=CARTESIAN_POINT('',(-14.65,20.4219806628973,-2.1));
#3604=CARTESIAN_POINT('',(-14.65,20.4219806628973,-1.7));
#3605=CARTESIAN_POINT('',(-14.65,19.6055441711726,-2.1));
#3606=CARTESIAN_POINT('',(-14.65,18.25,-2.1));
#3607=CARTESIAN_POINT('',(-14.65,19.6055441711726,-3.9));
#3608=CARTESIAN_POINT('',(-14.65,19.6055441711726,-2.6));
#3609=CARTESIAN_POINT('',(-14.65,19.8880247250881,-4.4));
#3610=CARTESIAN_POINT('Ctrl Pts',(-14.65,19.8880247250881,-4.4));
#3611=CARTESIAN_POINT('Ctrl Pts',(-14.65,19.7341532038481,-4.12640938260176));
#3612=CARTESIAN_POINT('Ctrl Pts',(-14.65,19.6055441711726,-3.9));
#3613=CARTESIAN_POINT('',(-14.65,19.3978240283249,-5.6));
#3614=CARTESIAN_POINT('Ctrl Pts',(-14.65,19.3978240283249,-5.6));
#3615=CARTESIAN_POINT('Ctrl Pts',(-14.65,19.6024295365383,-5.10557659230536));
#3616=CARTESIAN_POINT('Ctrl Pts',(-14.65,19.8880247250881,-4.4));
#3617=CARTESIAN_POINT('',(-14.65,17.1021759716751,-5.6));
#3618=CARTESIAN_POINT('',(-14.65,18.25,-5.6));
#3619=CARTESIAN_POINT('',(-14.65,16.6119752749119,-4.4));
#3620=CARTESIAN_POINT('Ctrl Pts',(-14.65,16.6119752749119,-4.4));
#3621=CARTESIAN_POINT('Ctrl Pts',(-14.65,16.8975704634617,-5.10557659230536));
#3622=CARTESIAN_POINT('Ctrl Pts',(-14.65,17.1021759716751,-5.6));
#3623=CARTESIAN_POINT('',(-14.65,16.8944558288274,-3.9));
#3624=CARTESIAN_POINT('Ctrl Pts',(-14.65,16.8944558288274,-3.9));
#3625=CARTESIAN_POINT('Ctrl Pts',(-14.65,16.7658467961519,-4.12640938260176));
#3626=CARTESIAN_POINT('Ctrl Pts',(-14.65,16.6119752749119,-4.4));
#3627=CARTESIAN_POINT('',(-14.65,16.8944558288274,-2.1));
#3628=CARTESIAN_POINT('',(-14.65,16.8944558288274,-2.6));
#3629=CARTESIAN_POINT('',(-14.65,16.0780193371027,-2.1));
#3630=CARTESIAN_POINT('',(-14.65,18.25,-2.1));
#3631=CARTESIAN_POINT('',(-14.65,16.0780193371027,-1.7));
#3632=CARTESIAN_POINT('Origin',(-15.,18.25,-1.7));
#3633=CARTESIAN_POINT('',(-12.8,18.25,-1.3));
#3634=CARTESIAN_POINT('Origin',(-15.,18.25,-1.3));
#3635=CARTESIAN_POINT('',(-12.8,18.25,-2.1));
#3636=CARTESIAN_POINT('',(-12.8,18.25,-1.7));
#3637=CARTESIAN_POINT('Origin',(-15.,18.25,-2.1));
#3638=CARTESIAN_POINT('Origin',(-15.,18.25,-2.1));
#3639=CARTESIAN_POINT('Origin',(-15.,18.25,-2.1));
#3640=CARTESIAN_POINT('Origin',(-15.,18.25,-2.1));
#3641=CARTESIAN_POINT('Origin',(-15.,18.25,-2.1));
#3642=CARTESIAN_POINT('Origin',(-15.,18.25,-2.1));
#3643=CARTESIAN_POINT('Origin',(-15.,18.25,-2.1));
#3644=CARTESIAN_POINT('Origin',(-15.,18.25,-2.6));
#3645=CARTESIAN_POINT('Origin',(-15.,18.25,-3.9));
#3646=CARTESIAN_POINT('Origin',(-15.,18.25,-2.6));
#3647=CARTESIAN_POINT('Origin',(-15.,18.25,-3.9));
#3648=CARTESIAN_POINT('Origin',(-15.,18.25,-4.15));
#3649=CARTESIAN_POINT('Origin',(-15.,18.25,-4.4));
#3650=CARTESIAN_POINT('Origin',(-15.,18.25,-4.15));
#3651=CARTESIAN_POINT('Origin',(-15.,18.25,-4.4));
#3652=CARTESIAN_POINT('Origin',(-15.,18.25,-5.6));
#3653=CARTESIAN_POINT('Origin',(-15.,18.25,-5.6));
#3654=CARTESIAN_POINT('Origin',(-15.,18.25,-5.));
#3655=CARTESIAN_POINT('Origin',(-15.,18.25,-5.));
#3656=CARTESIAN_POINT('Origin',(-15.,18.25,-5.6));
#3657=CARTESIAN_POINT('Origin',(-15.,18.25,-5.6));
#3658=CARTESIAN_POINT('Origin',(14.65,18.25,-3.755));
#3659=CARTESIAN_POINT('',(14.65,20.4219806628973,-1.31));
#3660=CARTESIAN_POINT('',(14.65,20.4219806628973,-2.1));
#3661=CARTESIAN_POINT('',(14.65,20.4219806628973,-1.7));
#3662=CARTESIAN_POINT('',(14.65,16.0780193371026,-1.31));
#3663=CARTESIAN_POINT('',(14.65,18.25,-1.31));
#3664=CARTESIAN_POINT('',(14.65,16.0780193371026,-2.1));
#3665=CARTESIAN_POINT('',(14.65,16.0780193371026,-1.7));
#3666=CARTESIAN_POINT('',(14.65,16.8944558288274,-2.1));
#3667=CARTESIAN_POINT('',(14.65,18.25,-2.1));
#3668=CARTESIAN_POINT('',(14.65,16.8944558288274,-3.9));
#3669=CARTESIAN_POINT('',(14.65,16.8944558288274,-2.6));
#3670=CARTESIAN_POINT('',(14.65,16.6119752749119,-4.4));
#3671=CARTESIAN_POINT('Ctrl Pts',(14.65,16.6119752749119,-4.4));
#3672=CARTESIAN_POINT('Ctrl Pts',(14.65,16.7658467961519,-4.12640938260176));
#3673=CARTESIAN_POINT('Ctrl Pts',(14.65,16.8944558288274,-3.9));
#3674=CARTESIAN_POINT('',(14.65,17.1021759716751,-5.6));
#3675=CARTESIAN_POINT('Ctrl Pts',(14.65,17.1021759716751,-5.6));
#3676=CARTESIAN_POINT('Ctrl Pts',(14.65,16.8975704634617,-5.10557659230536));
#3677=CARTESIAN_POINT('Ctrl Pts',(14.65,16.6119752749119,-4.4));
#3678=CARTESIAN_POINT('',(14.65,19.3978240283249,-5.6));
#3679=CARTESIAN_POINT('',(14.65,18.25,-5.6));
#3680=CARTESIAN_POINT('',(14.65,19.8880247250881,-4.4));
#3681=CARTESIAN_POINT('Ctrl Pts',(14.65,19.8880247250881,-4.4));
#3682=CARTESIAN_POINT('Ctrl Pts',(14.65,19.6024295365383,-5.10557659230536));
#3683=CARTESIAN_POINT('Ctrl Pts',(14.65,19.3978240283249,-5.6));
#3684=CARTESIAN_POINT('',(14.65,19.6055441711726,-3.9));
#3685=CARTESIAN_POINT('Ctrl Pts',(14.65,19.6055441711726,-3.9));
#3686=CARTESIAN_POINT('Ctrl Pts',(14.65,19.7341532038481,-4.12640938260176));
#3687=CARTESIAN_POINT('Ctrl Pts',(14.65,19.8880247250881,-4.4));
#3688=CARTESIAN_POINT('',(14.65,19.6055441711726,-2.1));
#3689=CARTESIAN_POINT('',(14.65,19.6055441711726,-2.6));
#3690=CARTESIAN_POINT('',(14.65,18.25,-2.1));
#3691=CARTESIAN_POINT('Origin',(15.,18.25,-1.31));
#3692=CARTESIAN_POINT('',(15.35,20.4219806628973,-1.31));
#3693=CARTESIAN_POINT('Origin',(15.,18.25,-1.31));
#3694=CARTESIAN_POINT('',(15.35,16.0780193371026,-1.31));
#3695=CARTESIAN_POINT('',(15.35,18.25,-1.31));
#3696=CARTESIAN_POINT('Origin',(15.,18.25,-1.31));
#3697=CARTESIAN_POINT('Origin',(15.35,18.25,-3.755));
#3698=CARTESIAN_POINT('',(15.35,20.4219806628973,-2.1));
#3699=CARTESIAN_POINT('',(15.35,20.4219806628973,-1.7));
#3700=CARTESIAN_POINT('',(15.35,19.6055441711726,-2.1));
#3701=CARTESIAN_POINT('',(15.35,18.25,-2.1));
#3702=CARTESIAN_POINT('',(15.35,19.6055441711726,-3.9));
#3703=CARTESIAN_POINT('',(15.35,19.6055441711726,-2.6));
#3704=CARTESIAN_POINT('',(15.35,19.8880247250881,-4.4));
#3705=CARTESIAN_POINT('Ctrl Pts',(15.35,19.8880247250881,-4.4));
#3706=CARTESIAN_POINT('Ctrl Pts',(15.35,19.7341532038481,-4.12640938260176));
#3707=CARTESIAN_POINT('Ctrl Pts',(15.35,19.6055441711726,-3.9));
#3708=CARTESIAN_POINT('',(15.35,19.3978240283249,-5.6));
#3709=CARTESIAN_POINT('Ctrl Pts',(15.35,19.3978240283249,-5.6));
#3710=CARTESIAN_POINT('Ctrl Pts',(15.35,19.6024295365383,-5.10557659230536));
#3711=CARTESIAN_POINT('Ctrl Pts',(15.35,19.8880247250881,-4.4));
#3712=CARTESIAN_POINT('',(15.35,17.1021759716751,-5.6));
#3713=CARTESIAN_POINT('',(15.35,18.25,-5.6));
#3714=CARTESIAN_POINT('',(15.35,16.6119752749119,-4.4));
#3715=CARTESIAN_POINT('Ctrl Pts',(15.35,16.6119752749119,-4.4));
#3716=CARTESIAN_POINT('Ctrl Pts',(15.35,16.8975704634617,-5.10557659230536));
#3717=CARTESIAN_POINT('Ctrl Pts',(15.35,17.1021759716751,-5.6));
#3718=CARTESIAN_POINT('',(15.35,16.8944558288274,-3.9));
#3719=CARTESIAN_POINT('Ctrl Pts',(15.35,16.8944558288274,-3.9));
#3720=CARTESIAN_POINT('Ctrl Pts',(15.35,16.7658467961519,-4.12640938260176));
#3721=CARTESIAN_POINT('Ctrl Pts',(15.35,16.6119752749119,-4.4));
#3722=CARTESIAN_POINT('',(15.35,16.8944558288274,-2.1));
#3723=CARTESIAN_POINT('',(15.35,16.8944558288274,-2.6));
#3724=CARTESIAN_POINT('',(15.35,16.0780193371026,-2.1));
#3725=CARTESIAN_POINT('',(15.35,18.25,-2.1));
#3726=CARTESIAN_POINT('',(15.35,16.0780193371026,-1.7));
#3727=CARTESIAN_POINT('Origin',(15.,18.25,-1.7));
#3728=CARTESIAN_POINT('',(17.2,18.25,-1.3));
#3729=CARTESIAN_POINT('Origin',(15.,18.25,-1.3));
#3730=CARTESIAN_POINT('',(17.2,18.25,-2.1));
#3731=CARTESIAN_POINT('',(17.2,18.25,-1.7));
#3732=CARTESIAN_POINT('Origin',(15.,18.25,-2.1));
#3733=CARTESIAN_POINT('Origin',(15.,18.25,-2.1));
#3734=CARTESIAN_POINT('Origin',(15.,18.25,-2.1));
#3735=CARTESIAN_POINT('Origin',(15.,18.25,-2.1));
#3736=CARTESIAN_POINT('Origin',(15.,18.25,-2.1));
#3737=CARTESIAN_POINT('Origin',(15.,18.25,-2.1));
#3738=CARTESIAN_POINT('Origin',(15.,18.25,-2.1));
#3739=CARTESIAN_POINT('Origin',(15.,18.25,-2.6));
#3740=CARTESIAN_POINT('Origin',(15.,18.25,-3.9));
#3741=CARTESIAN_POINT('Origin',(15.,18.25,-2.6));
#3742=CARTESIAN_POINT('Origin',(15.,18.25,-3.9));
#3743=CARTESIAN_POINT('Origin',(15.,18.25,-4.15));
#3744=CARTESIAN_POINT('Origin',(15.,18.25,-4.4));
#3745=CARTESIAN_POINT('Origin',(15.,18.25,-4.15));
#3746=CARTESIAN_POINT('Origin',(15.,18.25,-4.4));
#3747=CARTESIAN_POINT('Origin',(15.,18.25,-5.6));
#3748=CARTESIAN_POINT('Origin',(15.,18.25,-5.6));
#3749=CARTESIAN_POINT('Origin',(15.,18.25,-5.));
#3750=CARTESIAN_POINT('Origin',(15.,18.25,-5.));
#3751=CARTESIAN_POINT('Origin',(15.,18.25,-5.6));
#3752=CARTESIAN_POINT('Origin',(15.,18.25,-5.6));
#3753=CARTESIAN_POINT('Origin',(-15.,-10.25,-4.6));
#3754=CARTESIAN_POINT('',(-13.95,-10.25,-4.8));
#3755=CARTESIAN_POINT('Origin',(-15.,-10.25,-4.8));
#3756=CARTESIAN_POINT('',(-13.65,-10.25,-4.4));
#3757=CARTESIAN_POINT('',(-13.8,-10.25,-4.6));
#3758=CARTESIAN_POINT('Origin',(-15.,-10.25,-4.4));
#3759=CARTESIAN_POINT('Origin',(-15.,-10.25,-4.8));
#3760=CARTESIAN_POINT('Origin',(-15.,-10.25,-3.35));
#3761=CARTESIAN_POINT('',(-16.1543396380615,-9.55,-2.3));
#3762=CARTESIAN_POINT('',(-13.65,-10.25,-2.3));
#3763=CARTESIAN_POINT('Origin',(-15.,-10.25,-2.3));
#3764=CARTESIAN_POINT('',(-13.8456603619385,-9.55,-2.3));
#3765=CARTESIAN_POINT('Origin',(-15.,-10.25,-2.3));
#3766=CARTESIAN_POINT('Origin',(-15.,-10.25,-2.3));
#3767=CARTESIAN_POINT('',(-13.65,-10.25,-3.35));
#3768=CARTESIAN_POINT('Origin',(-15.,-10.25,-2.3));
#3769=CARTESIAN_POINT('',(-1.16953769318572E-15,-9.55,-2.3));
#3770=CARTESIAN_POINT('Origin',(15.,-10.25,-4.6));
#3771=CARTESIAN_POINT('',(16.05,-10.25,-4.8));
#3772=CARTESIAN_POINT('Origin',(15.,-10.25,-4.8));
#3773=CARTESIAN_POINT('',(16.35,-10.25,-4.4));
#3774=CARTESIAN_POINT('',(16.2,-10.25,-4.6));
#3775=CARTESIAN_POINT('Origin',(15.,-10.25,-4.4));
#3776=CARTESIAN_POINT('Origin',(15.,-10.25,-4.8));
#3777=CARTESIAN_POINT('Origin',(15.,-10.25,-3.35));
#3778=CARTESIAN_POINT('',(13.8456603619385,-9.55,-2.3));
#3779=CARTESIAN_POINT('',(16.35,-10.25,-2.3));
#3780=CARTESIAN_POINT('Origin',(15.,-10.25,-2.3));
#3781=CARTESIAN_POINT('',(16.1543396380615,-9.55,-2.3));
#3782=CARTESIAN_POINT('Origin',(15.,-10.25,-2.3));
#3783=CARTESIAN_POINT('Origin',(15.,-10.25,-2.3));
#3784=CARTESIAN_POINT('',(16.35,-10.25,-3.35));
#3785=CARTESIAN_POINT('Origin',(15.,-10.25,-2.3));
#3786=CARTESIAN_POINT('',(-1.16953769318572E-15,-9.55,-2.3));
#3787=CARTESIAN_POINT('Origin',(-15.,18.25,-1.805));
#3788=CARTESIAN_POINT('',(-12.6,18.25,-2.3));
#3789=CARTESIAN_POINT('Origin',(-15.,18.25,-2.3));
#3790=CARTESIAN_POINT('',(-12.6,18.25,-1.3));
#3791=CARTESIAN_POINT('',(-12.6,18.25,-1.805));
#3792=CARTESIAN_POINT('Origin',(-15.,18.25,-1.3));
#3793=CARTESIAN_POINT('Origin',(-15.,18.25,-1.3));
#3794=CARTESIAN_POINT('Origin',(15.,18.25,-1.805));
#3795=CARTESIAN_POINT('',(17.4,18.25,-2.3));
#3796=CARTESIAN_POINT('Origin',(15.,18.25,-2.3));
#3797=CARTESIAN_POINT('',(17.4,18.25,-1.3));
#3798=CARTESIAN_POINT('',(17.4,18.25,-1.805));
#3799=CARTESIAN_POINT('Origin',(15.,18.25,-1.3));
#3800=CARTESIAN_POINT('Origin',(15.,18.25,-1.3));
#3801=CARTESIAN_POINT('Origin',(-24.5,3.00038465791102E-15,-2.6));
#3802=CARTESIAN_POINT('',(-23.4,3.00038465791102E-15,-5.6));
#3803=CARTESIAN_POINT('Origin',(-24.5,3.00038465791102E-15,-5.6));
#3804=CARTESIAN_POINT('',(-23.4,2.7309623620986E-15,-4.4));
#3805=CARTESIAN_POINT('',(-23.4,3.00038465791102E-15,-2.6));
#3806=CARTESIAN_POINT('Origin',(-24.5,3.00038465791102E-15,-4.4));
#3807=CARTESIAN_POINT('Origin',(-24.5,3.00038465791102E-15,-1.95));
#3808=CARTESIAN_POINT('',(-22.9,3.00038465791102E-15,-4.4));
#3809=CARTESIAN_POINT('Origin',(-24.5,3.00038465791102E-15,-4.4));
#3810=CARTESIAN_POINT('',(-22.9,2.60849768218386E-15,-0.4));
#3811=CARTESIAN_POINT('',(-22.9,3.00038465791102E-15,-1.95));
#3812=CARTESIAN_POINT('Origin',(-24.5,3.00038465791102E-15,-0.4));
#3813=CARTESIAN_POINT('Origin',(-24.5,3.00038465791102E-15,-4.4));
#3814=CARTESIAN_POINT('Origin',(-24.5,3.00038465791102E-15,0.05));
#3815=CARTESIAN_POINT('',(-22.5,3.00038465791102E-15,-0.4));
#3816=CARTESIAN_POINT('Origin',(-24.5,3.00038465791102E-15,-0.4));
#3817=CARTESIAN_POINT('',(-22.5,2.51052593825207E-15,0.));
#3818=CARTESIAN_POINT('',(-22.5,3.00038465791102E-15,0.05));
#3819=CARTESIAN_POINT('Origin',(-24.5,3.00038465791102E-15,0.));
#3820=CARTESIAN_POINT('Origin',(-24.5,3.00038465791102E-15,-0.4));
#3821=CARTESIAN_POINT('Origin',(24.5,-3.00038465791102E-15,-2.6));
#3822=CARTESIAN_POINT('',(25.6,-3.00038465791102E-15,-5.6));
#3823=CARTESIAN_POINT('Origin',(24.5,-3.00038465791102E-15,-5.6));
#3824=CARTESIAN_POINT('',(25.6,-3.26980695372343E-15,-4.4));
#3825=CARTESIAN_POINT('',(25.6,-3.00038465791102E-15,-2.6));
#3826=CARTESIAN_POINT('Origin',(24.5,-3.00038465791102E-15,-4.4));
#3827=CARTESIAN_POINT('Origin',(24.5,-3.00038465791102E-15,-1.95));
#3828=CARTESIAN_POINT('',(26.1,-3.00038465791102E-15,-4.4));
#3829=CARTESIAN_POINT('Origin',(24.5,-3.00038465791102E-15,-4.4));
#3830=CARTESIAN_POINT('',(26.1,-3.39227163363817E-15,-0.4));
#3831=CARTESIAN_POINT('',(26.1,-3.00038465791102E-15,-1.95));
#3832=CARTESIAN_POINT('Origin',(24.5,-3.00038465791102E-15,-0.4));
#3833=CARTESIAN_POINT('Origin',(24.5,-3.00038465791102E-15,-4.4));
#3834=CARTESIAN_POINT('Origin',(24.5,-3.00038465791102E-15,0.05));
#3835=CARTESIAN_POINT('',(26.5,-3.00038465791102E-15,-0.4));
#3836=CARTESIAN_POINT('Origin',(24.5,-3.00038465791102E-15,-0.4));
#3837=CARTESIAN_POINT('',(26.5,-3.49024337756996E-15,0.));
#3838=CARTESIAN_POINT('',(26.5,-3.00038465791102E-15,0.05));
#3839=CARTESIAN_POINT('Origin',(24.5,-3.00038465791102E-15,0.));
#3840=CARTESIAN_POINT('Origin',(24.5,-3.00038465791102E-15,-0.4));
#3841=CARTESIAN_POINT('Origin',(8.,-13.025,-0.655));
#3842=CARTESIAN_POINT('',(8.,-9.55,-2.3));
#3843=CARTESIAN_POINT('',(8.,-5.325,-2.3));
#3844=CARTESIAN_POINT('',(8.,-9.55,0.));
#3845=CARTESIAN_POINT('',(8.,-5.325,0.));
#3846=CARTESIAN_POINT('',(8.,-9.55,-0.655));
#3847=CARTESIAN_POINT('Origin',(-8.,-13.025,-0.655));
#3848=CARTESIAN_POINT('',(-8.,-9.55,-2.3));
#3849=CARTESIAN_POINT('',(-8.,-5.325,-2.3));
#3850=CARTESIAN_POINT('',(-8.,-9.55,0.));
#3851=CARTESIAN_POINT('',(-8.,-9.55,-0.655));
#3852=CARTESIAN_POINT('',(-8.,-5.325,0.));
#3853=CARTESIAN_POINT('Origin',(2.90853614797496E-16,2.375,-2.3));
#3854=CARTESIAN_POINT('',(-18.2,-16.5,-2.3));
#3855=CARTESIAN_POINT('',(-2.02066721859313E-15,-16.5,-2.3));
#3856=CARTESIAN_POINT('',(-18.2,21.25,-2.3));
#3857=CARTESIAN_POINT('',(-18.2,2.375,-2.3));
#3858=CARTESIAN_POINT('',(-8.,21.25,-2.3));
#3859=CARTESIAN_POINT('',(2.60237444818813E-15,21.25,-2.3));
#3860=CARTESIAN_POINT('',(-8.,14.45,-2.3));
#3861=CARTESIAN_POINT('',(-8.,10.1125,-2.3));
#3862=CARTESIAN_POINT('',(-17.5,14.45,-2.3));
#3863=CARTESIAN_POINT('',(1.76961462476793E-15,14.45,-2.3));
#3864=CARTESIAN_POINT('',(-17.5,-9.55,-2.3));
#3865=CARTESIAN_POINT('',(-17.5,2.4125,-2.3));
#3866=CARTESIAN_POINT('',(-1.16953769318572E-15,-9.55,-2.3));
#3867=CARTESIAN_POINT('',(-1.16953769318572E-15,-9.55,-2.3));
#3868=CARTESIAN_POINT('Origin',(2.90853614797496E-16,2.375,-2.3));
#3869=CARTESIAN_POINT('',(-1.16953769318572E-15,-9.55,-2.3));
#3870=CARTESIAN_POINT('',(17.5,-9.55,-2.3));
#3871=CARTESIAN_POINT('',(-1.16953769318572E-15,-9.55,-2.3));
#3872=CARTESIAN_POINT('',(17.5,14.45,-2.3));
#3873=CARTESIAN_POINT('',(17.5,2.4125,-2.3));
#3874=CARTESIAN_POINT('',(8.,14.45,-2.3));
#3875=CARTESIAN_POINT('',(1.76961462476793E-15,14.45,-2.3));
#3876=CARTESIAN_POINT('',(8.,21.25,-2.3));
#3877=CARTESIAN_POINT('',(8.,10.1125,-2.3));
#3878=CARTESIAN_POINT('',(18.2,21.25,-2.3));
#3879=CARTESIAN_POINT('',(2.60237444818813E-15,21.25,-2.3));
#3880=CARTESIAN_POINT('',(18.2,2.375,-2.3));
#3881=CARTESIAN_POINT('Origin',(-1.16953769318572E-15,-9.55,-0.655));
#3882=CARTESIAN_POINT('',(-17.5,-9.55,0.));
#3883=CARTESIAN_POINT('',(-17.5,-9.55,-0.655));
#3884=CARTESIAN_POINT('',(-1.16953769318572E-15,-9.55,0.));
#3885=CARTESIAN_POINT('Origin',(-1.16953769318572E-15,-9.55,-0.655));
#3886=CARTESIAN_POINT('',(17.5,-9.55,0.));
#3887=CARTESIAN_POINT('',(-1.16953769318572E-15,-9.55,0.));
#3888=CARTESIAN_POINT('',(17.5,-9.55,-0.655));
#3889=CARTESIAN_POINT('Origin',(2.90853614797496E-16,2.375,0.));
#3890=CARTESIAN_POINT('',(-24.5,-3.75,0.));
#3891=CARTESIAN_POINT('',(-22.5,-3.75,0.));
#3892=CARTESIAN_POINT('',(-4.59242549680257E-16,-3.75,0.));
#3893=CARTESIAN_POINT('',(-20.,-6.25,0.));
#3894=CARTESIAN_POINT('Origin',(-22.5,-6.25,0.));
#3895=CARTESIAN_POINT('',(-20.,-14.3,0.));
#3896=CARTESIAN_POINT('',(-20.,2.375,0.));
#3897=CARTESIAN_POINT('',(-16.,-18.3,0.));
#3898=CARTESIAN_POINT('Origin',(-16.,-14.3,0.));
#3899=CARTESIAN_POINT('',(16.,-18.3,0.));
#3900=CARTESIAN_POINT('',(-2.24110364243966E-15,-18.3,0.));
#3901=CARTESIAN_POINT('',(20.,-14.3,0.));
#3902=CARTESIAN_POINT('Origin',(16.,-14.3,0.));
#3903=CARTESIAN_POINT('',(20.,-6.25,0.));
#3904=CARTESIAN_POINT('',(20.,2.375,0.));
#3905=CARTESIAN_POINT('',(22.5,-3.75,0.));
#3906=CARTESIAN_POINT('Origin',(22.5,-6.25,0.));
#3907=CARTESIAN_POINT('',(24.5,-3.75,0.));
#3908=CARTESIAN_POINT('',(-4.59242549680257E-16,-3.75,0.));
#3909=CARTESIAN_POINT('',(28.25,-3.00038465791102E-15,0.));
#3910=CARTESIAN_POINT('Origin',(24.5,-3.00038465791102E-15,0.));
#3911=CARTESIAN_POINT('',(24.5,3.75,0.));
#3912=CARTESIAN_POINT('Origin',(24.5,-3.00038465791102E-15,0.));
#3913=CARTESIAN_POINT('',(22.5,3.75,0.));
#3914=CARTESIAN_POINT('',(4.59242549680257E-16,3.75,0.));
#3915=CARTESIAN_POINT('',(20.,6.25,0.));
#3916=CARTESIAN_POINT('Origin',(22.5,6.25,0.));
#3917=CARTESIAN_POINT('',(20.,19.05,0.));
#3918=CARTESIAN_POINT('',(20.,2.375,0.));
#3919=CARTESIAN_POINT('',(16.,23.05,0.));
#3920=CARTESIAN_POINT('Origin',(16.,19.05,0.));
#3921=CARTESIAN_POINT('',(13.5,25.55,0.));
#3922=CARTESIAN_POINT('Origin',(16.,25.55,0.));
#3923=CARTESIAN_POINT('',(13.5,27.05,0.));
#3924=CARTESIAN_POINT('',(13.5,25.55,0.));
#3925=CARTESIAN_POINT('',(10.5,30.05,0.));
#3926=CARTESIAN_POINT('Origin',(10.5,27.05,0.));
#3927=CARTESIAN_POINT('',(-10.5,30.05,0.));
#3928=CARTESIAN_POINT('',(3.6800636314378E-15,30.05,0.));
#3929=CARTESIAN_POINT('',(-13.5,27.05,0.));
#3930=CARTESIAN_POINT('Origin',(-10.5,27.05,0.));
#3931=CARTESIAN_POINT('',(-13.5,25.55,0.));
#3932=CARTESIAN_POINT('',(-13.5,25.55,0.));
#3933=CARTESIAN_POINT('',(-16.,23.05,0.));
#3934=CARTESIAN_POINT('Origin',(-16.,25.55,0.));
#3935=CARTESIAN_POINT('',(-20.,19.05,0.));
#3936=CARTESIAN_POINT('Origin',(-16.,19.05,0.));
#3937=CARTESIAN_POINT('',(-20.,6.25,0.));
#3938=CARTESIAN_POINT('',(-20.,2.375,0.));
#3939=CARTESIAN_POINT('',(-22.5,3.75,0.));
#3940=CARTESIAN_POINT('Origin',(-22.5,6.25,0.));
#3941=CARTESIAN_POINT('',(-24.5,3.75,0.));
#3942=CARTESIAN_POINT('',(4.59242549680257E-16,3.75,0.));
#3943=CARTESIAN_POINT('Origin',(-24.5,3.00038465791102E-15,0.));
#3944=CARTESIAN_POINT('',(-17.5,14.45,0.));
#3945=CARTESIAN_POINT('',(-17.5,2.4125,0.));
#3946=CARTESIAN_POINT('',(-8.,14.45,0.));
#3947=CARTESIAN_POINT('',(1.76961462476793E-15,14.45,0.));
#3948=CARTESIAN_POINT('',(-8.,21.25,0.));
#3949=CARTESIAN_POINT('',(-8.,10.1125,0.));
#3950=CARTESIAN_POINT('',(8.,21.25,0.));
#3951=CARTESIAN_POINT('',(2.60237444818813E-15,21.25,0.));
#3952=CARTESIAN_POINT('',(8.,14.45,0.));
#3953=CARTESIAN_POINT('',(8.,10.1125,0.));
#3954=CARTESIAN_POINT('',(17.5,14.45,0.));
#3955=CARTESIAN_POINT('',(1.76961462476793E-15,14.45,0.));
#3956=CARTESIAN_POINT('',(17.5,2.4125,0.));
#3957=CARTESIAN_POINT('Origin',(-8.,17.85,-0.655));
#3958=CARTESIAN_POINT('',(-8.,21.25,-0.655));
#3959=CARTESIAN_POINT('',(-8.,14.45,-0.655));
#3960=CARTESIAN_POINT('Origin',(8.,17.85,-0.655));
#3961=CARTESIAN_POINT('',(8.,14.45,-0.655));
#3962=CARTESIAN_POINT('',(8.,21.25,-0.655));
#3963=CARTESIAN_POINT('Origin',(1.76961462476793E-15,14.45,-0.655));
#3964=CARTESIAN_POINT('',(17.5,14.45,-0.655));
#3965=CARTESIAN_POINT('Origin',(17.5,2.45,-0.655));
#3966=CARTESIAN_POINT('Origin',(1.76961462476793E-15,14.45,-0.655));
#3967=CARTESIAN_POINT('',(-17.5,14.45,-0.655));
#3968=CARTESIAN_POINT('Origin',(-17.5,2.45,-0.655));
#3969=CARTESIAN_POINT('Origin',(-2.02066721859313E-15,-16.5,-4.55));
#3970=CARTESIAN_POINT('',(-18.2,-16.5,-5.8));
#3971=CARTESIAN_POINT('',(-2.02066721859313E-15,-16.5,-5.8));
#3972=CARTESIAN_POINT('',(-18.2,-16.5,-4.55));
#3973=CARTESIAN_POINT('Origin',(18.2,2.375,-4.55));
#3974=CARTESIAN_POINT('',(18.2,21.25,-5.8));
#3975=CARTESIAN_POINT('',(18.2,2.375,-5.8));
#3976=CARTESIAN_POINT('',(18.2,21.25,-4.55));
#3977=CARTESIAN_POINT('Origin',(2.60237444818813E-15,21.25,-4.55));
#3978=CARTESIAN_POINT('',(-18.2,21.25,-5.8));
#3979=CARTESIAN_POINT('',(-18.2,21.25,-4.55));
#3980=CARTESIAN_POINT('',(2.60237444818813E-15,21.25,-5.8));
#3981=CARTESIAN_POINT('Origin',(-18.2,2.375,-4.55));
#3982=CARTESIAN_POINT('',(-18.2,2.375,-5.8));
#3983=CARTESIAN_POINT('Origin',(-24.5,3.00038465791102E-15,-5.6));
#3984=CARTESIAN_POINT('',(-20.75,3.00038465791102E-15,-5.6));
#3985=CARTESIAN_POINT('Origin',(-24.5,3.00038465791102E-15,-5.6));
#3986=CARTESIAN_POINT('Origin',(0.,0.,-3.2));
#3987=CARTESIAN_POINT('',(-24.5,-3.75,-3.2));
#3988=CARTESIAN_POINT('',(-20.75,3.00038465791102E-15,-3.2));
#3989=CARTESIAN_POINT('Origin',(-24.5,3.00038465791102E-15,-3.2));
#3990=CARTESIAN_POINT('',(-24.5,3.75,-3.2));
#3991=CARTESIAN_POINT('Origin',(-24.5,3.00038465791102E-15,-3.2));
#3992=CARTESIAN_POINT('',(-22.5,3.75,-3.2));
#3993=CARTESIAN_POINT('',(4.59242549680257E-16,3.75,-3.2));
#3994=CARTESIAN_POINT('',(-20.,6.25,-3.2));
#3995=CARTESIAN_POINT('Origin',(-22.5,6.25,-3.2));
#3996=CARTESIAN_POINT('',(-20.,-6.25,-3.2));
#3997=CARTESIAN_POINT('',(-20.,1.1875,-3.2));
#3998=CARTESIAN_POINT('',(-22.5,-3.75,-3.2));
#3999=CARTESIAN_POINT('Origin',(-22.5,-6.25,-3.2));
#4000=CARTESIAN_POINT('',(-4.59242549680257E-16,-3.75,-3.2));
#4001=CARTESIAN_POINT('Origin',(24.5,-3.00038465791102E-15,-5.6));
#4002=CARTESIAN_POINT('',(28.25,-3.00038465791102E-15,-5.6));
#4003=CARTESIAN_POINT('Origin',(24.5,-3.00038465791102E-15,-5.6));
#4004=CARTESIAN_POINT('Origin',(-16.,25.55,-1.6));
#4005=CARTESIAN_POINT('',(-16.,23.05,-3.2));
#4006=CARTESIAN_POINT('',(-13.5,25.55,-3.2));
#4007=CARTESIAN_POINT('Origin',(-16.,25.55,-3.2));
#4008=CARTESIAN_POINT('',(-16.,23.05,-2.9));
#4009=CARTESIAN_POINT('',(-13.5,25.55,-1.6));
#4010=CARTESIAN_POINT('Origin',(2.82281087203465E-15,23.05,-2.9));
#4011=CARTESIAN_POINT('',(16.,23.05,-3.2));
#4012=CARTESIAN_POINT('',(2.82281087203465E-15,23.05,-3.2));
#4013=CARTESIAN_POINT('',(16.,23.05,-5.8));
#4014=CARTESIAN_POINT('',(16.,23.05,-2.9));
#4015=CARTESIAN_POINT('',(-16.,23.05,-5.8));
#4016=CARTESIAN_POINT('',(2.82281087203465E-15,23.05,-5.8));
#4017=CARTESIAN_POINT('',(-16.,23.05,-2.9));
#4018=CARTESIAN_POINT('Origin',(3.12897257182149E-15,25.55,-3.2));
#4019=CARTESIAN_POINT('',(-13.5,27.05,-3.2));
#4020=CARTESIAN_POINT('',(-13.5,25.55,-3.2));
#4021=CARTESIAN_POINT('',(-10.5,30.05,-3.2));
#4022=CARTESIAN_POINT('Origin',(-10.5,27.05,-3.2));
#4023=CARTESIAN_POINT('',(10.5,30.05,-3.2));
#4024=CARTESIAN_POINT('',(3.6800636314378E-15,30.05,-3.2));
#4025=CARTESIAN_POINT('',(13.5,27.05,-3.2));
#4026=CARTESIAN_POINT('Origin',(10.5,27.05,-3.2));
#4027=CARTESIAN_POINT('',(13.5,25.55,-3.2));
#4028=CARTESIAN_POINT('',(13.5,24.05,-3.2));
#4029=CARTESIAN_POINT('Origin',(16.,25.55,-3.2));
#4030=CARTESIAN_POINT('Origin',(-13.5,25.55,-1.6));
#4031=CARTESIAN_POINT('',(-13.5,27.05,-1.6));
#4032=CARTESIAN_POINT('Origin',(16.,25.55,-1.6));
#4033=CARTESIAN_POINT('',(13.5,25.55,-1.6));
#4034=CARTESIAN_POINT('',(16.,23.05,-2.9));
#4035=CARTESIAN_POINT('Origin',(13.5,25.55,-1.6));
#4036=CARTESIAN_POINT('',(13.5,27.05,-1.6));
#4037=CARTESIAN_POINT('Origin',(-10.5,27.05,-1.6));
#4038=CARTESIAN_POINT('',(-10.5,30.05,-1.6));
#4039=CARTESIAN_POINT('Origin',(10.5,27.05,-1.6));
#4040=CARTESIAN_POINT('',(10.5,30.05,-1.6));
#4041=CARTESIAN_POINT('Origin',(3.6800636314378E-15,30.05,-1.6));
#4042=CARTESIAN_POINT('Origin',(-22.5,-6.25,-1.6));
#4043=CARTESIAN_POINT('',(-20.,-6.25,-1.6));
#4044=CARTESIAN_POINT('',(-22.5,-3.75,-1.6));
#4045=CARTESIAN_POINT('Origin',(-4.59242549680257E-16,-3.75,-1.6));
#4046=CARTESIAN_POINT('',(-24.5,-3.75,-1.6));
#4047=CARTESIAN_POINT('Origin',(-22.5,6.25,-1.6));
#4048=CARTESIAN_POINT('',(-22.5,3.75,-1.6));
#4049=CARTESIAN_POINT('',(-20.,6.25,-1.6));
#4050=CARTESIAN_POINT('Origin',(-20.,2.375,-2.9));
#4051=CARTESIAN_POINT('',(-20.,19.05,-5.8));
#4052=CARTESIAN_POINT('',(-20.,19.05,-2.9));
#4053=CARTESIAN_POINT('',(-20.,-14.3,-5.8));
#4054=CARTESIAN_POINT('',(-20.,2.375,-5.8));
#4055=CARTESIAN_POINT('',(-20.,-14.3,-2.9));
#4056=CARTESIAN_POINT('Origin',(22.5,-6.25,-1.6));
#4057=CARTESIAN_POINT('',(22.5,-3.75,-3.2));
#4058=CARTESIAN_POINT('',(20.,-6.25,-3.2));
#4059=CARTESIAN_POINT('Origin',(22.5,-6.25,-3.2));
#4060=CARTESIAN_POINT('',(22.5,-3.75,-1.6));
#4061=CARTESIAN_POINT('',(20.,-6.25,-1.6));
#4062=CARTESIAN_POINT('Origin',(20.,2.375,-2.9));
#4063=CARTESIAN_POINT('',(20.,6.25,-3.2));
#4064=CARTESIAN_POINT('',(20.,1.1875,-3.2));
#4065=CARTESIAN_POINT('',(20.,-14.3,-5.8));
#4066=CARTESIAN_POINT('',(20.,-14.3,-2.9));
#4067=CARTESIAN_POINT('',(20.,19.05,-5.8));
#4068=CARTESIAN_POINT('',(20.,2.375,-5.8));
#4069=CARTESIAN_POINT('',(20.,19.05,-2.9));
#4070=CARTESIAN_POINT('',(20.,6.25,-1.6));
#4071=CARTESIAN_POINT('Origin',(22.5,6.25,-1.6));
#4072=CARTESIAN_POINT('',(22.5,3.75,-3.2));
#4073=CARTESIAN_POINT('Origin',(22.5,6.25,-3.2));
#4074=CARTESIAN_POINT('',(22.5,3.75,-1.6));
#4075=CARTESIAN_POINT('Origin',(0.,0.,-3.2));
#4076=CARTESIAN_POINT('',(24.5,3.75,-3.2));
#4077=CARTESIAN_POINT('',(24.5,-3.75,-3.2));
#4078=CARTESIAN_POINT('Origin',(24.5,-3.00038465791102E-15,-3.2));
#4079=CARTESIAN_POINT('',(-4.59242549680257E-16,-3.75,-3.2));
#4080=CARTESIAN_POINT('',(4.59242549680257E-16,3.75,-3.2));
#4081=CARTESIAN_POINT('Origin',(4.59242549680257E-16,3.75,-1.6));
#4082=CARTESIAN_POINT('',(24.5,3.75,-1.6));
#4083=CARTESIAN_POINT('Origin',(4.59242549680257E-16,3.75,-1.6));
#4084=CARTESIAN_POINT('',(-24.5,3.75,-1.6));
#4085=CARTESIAN_POINT('Origin',(-24.5,3.00038465791102E-15,-1.6));
#4086=CARTESIAN_POINT('',(-20.75,3.00038465791102E-15,-1.6));
#4087=CARTESIAN_POINT('Origin',(24.5,-3.00038465791102E-15,-1.6));
#4088=CARTESIAN_POINT('',(24.5,-3.75,-1.6));
#4089=CARTESIAN_POINT('',(28.25,-3.00038465791102E-15,-1.6));
#4090=CARTESIAN_POINT('Origin',(-4.59242549680257E-16,-3.75,-1.6));
#4091=CARTESIAN_POINT('Origin',(-16.,-14.3,-2.9));
#4092=CARTESIAN_POINT('',(-16.,-18.3,-5.8));
#4093=CARTESIAN_POINT('Origin',(-16.,-14.3,-5.8));
#4094=CARTESIAN_POINT('',(-16.,-18.3,-2.9));
#4095=CARTESIAN_POINT('Origin',(-16.,19.05,-2.9));
#4096=CARTESIAN_POINT('Origin',(-16.,19.05,-5.8));
#4097=CARTESIAN_POINT('Origin',(16.,-14.3,-2.9));
#4098=CARTESIAN_POINT('',(16.,-18.3,-5.8));
#4099=CARTESIAN_POINT('',(16.,-18.3,-2.9));
#4100=CARTESIAN_POINT('Origin',(16.,-14.3,-5.8));
#4101=CARTESIAN_POINT('Origin',(2.90853614797496E-16,2.375,-5.8));
#4102=CARTESIAN_POINT('Origin',(16.,19.05,-5.8));
#4103=CARTESIAN_POINT('',(-2.24110364243966E-15,-18.3,-5.8));
#4104=CARTESIAN_POINT('Origin',(16.,19.05,-2.9));
#4105=CARTESIAN_POINT('Origin',(-2.24110364243966E-15,-18.3,-2.9));
#4106=UNCERTAINTY_MEASURE_WITH_UNIT(LENGTH_MEASURE(0.01),#4110,
'DISTANCE_ACCURACY_VALUE',
'Maximum model space distance between geometric entities at asserted c
onnectivities');
#4107=UNCERTAINTY_MEASURE_WITH_UNIT(LENGTH_MEASURE(0.01),#4110,
'DISTANCE_ACCURACY_VALUE',
'Maximum model space distance between geometric entities at asserted c
onnectivities');
#4108=(
GEOMETRIC_REPRESENTATION_CONTEXT(3)
GLOBAL_UNCERTAINTY_ASSIGNED_CONTEXT((#4106))
GLOBAL_UNIT_ASSIGNED_CONTEXT((#4110,#4112,#4113))
REPRESENTATION_CONTEXT('','3D')
);
#4109=(
GEOMETRIC_REPRESENTATION_CONTEXT(3)
GLOBAL_UNCERTAINTY_ASSIGNED_CONTEXT((#4107))
GLOBAL_UNIT_ASSIGNED_CONTEXT((#4110,#4112,#4113))
REPRESENTATION_CONTEXT('','3D')
);
#4110=(
LENGTH_UNIT()
NAMED_UNIT(*)
SI_UNIT(.MILLI.,.METRE.)
);
#4111=(
LENGTH_UNIT()
NAMED_UNIT(*)
SI_UNIT($,.METRE.)
);
#4112=(
NAMED_UNIT(*)
PLANE_ANGLE_UNIT()
SI_UNIT($,.RADIAN.)
);
#4113=(
NAMED_UNIT(*)
SI_UNIT($,.STERADIAN.)
SOLID_ANGLE_UNIT()
);
#4114=SHAPE_DEFINITION_REPRESENTATION(#4115,#4116);
#4115=PRODUCT_DEFINITION_SHAPE('',$,#4118);
#4116=SHAPE_REPRESENTATION('',(#2466),#4108);
#4117=PRODUCT_DEFINITION_CONTEXT('part definition',#4122,'design');
#4118=PRODUCT_DEFINITION('Rear_Display_Carrier','Rear_Display_Carrier',
#4119,#4117);
#4119=PRODUCT_DEFINITION_FORMATION('',$,#4124);
#4120=PRODUCT_RELATED_PRODUCT_CATEGORY('Rear_Display_Carrier',
'Rear_Display_Carrier',(#4124));
#4121=APPLICATION_PROTOCOL_DEFINITION('international standard',
'automotive_design',2009,#4122);
#4122=APPLICATION_CONTEXT(
'Core Data for Automotive Mechanical Design Process');
#4123=PRODUCT_CONTEXT('part definition',#4122,'mechanical');
#4124=PRODUCT('Rear_Display_Carrier','Rear_Display_Carrier',$,(#4123));
#4125=PRESENTATION_STYLE_ASSIGNMENT((#4127));
#4126=PRESENTATION_STYLE_ASSIGNMENT((#4128));
#4127=SURFACE_STYLE_USAGE(.BOTH.,#4129);
#4128=SURFACE_STYLE_USAGE(.BOTH.,#4130);
#4129=SURFACE_SIDE_STYLE('',(#4131));
#4130=SURFACE_SIDE_STYLE('',(#4132));
#4131=SURFACE_STYLE_FILL_AREA(#4133);
#4132=SURFACE_STYLE_FILL_AREA(#4134);
#4133=FILL_AREA_STYLE('Steel - Satin',(#4135));
#4134=FILL_AREA_STYLE('Plastic - Matte (Black)',(#4136));
#4135=FILL_AREA_STYLE_COLOUR('Steel - Satin',#4137);
#4136=FILL_AREA_STYLE_COLOUR('Plastic - Matte (Black)',#4138);
#4137=COLOUR_RGB('Steel - Satin',0.627450980392157,0.627450980392157,0.627450980392157);
#4138=COLOUR_RGB('Plastic - Matte (Black)',0.0980392156862745,0.0980392156862745,
0.0980392156862745);
ENDSEC;
END-ISO-10303-21;
