ISO-10303-21;
HEADER;
FILE_DESCRIPTION(('Open CASCADE Model'),'2;1');
FILE_NAME('Open CASCADE Shape Model','2026-08-28T14:16:14',('Author'),(
    'Open CASCADE'),'Open CASCADE STEP processor 7.9','Open CASCADE 7.9'
  ,'Unknown');
FILE_SCHEMA(('AUTOMOTIVE_DESIGN { 1 0 10303 214 1 1 1 1 }'));
ENDSEC;
DATA;
#1 = APPLICATION_PROTOCOL_DEFINITION('international standard',
  'automotive_design',2000,#2);
#2 = APPLICATION_CONTEXT(
  'core data for automotive mechanical design processes');
#3 = SHAPE_DEFINITION_REPRESENTATION(#4,#10);
#4 = PRODUCT_DEFINITION_SHAPE('','',#5);
#5 = PRODUCT_DEFINITION('design','',#6,#9);
#6 = PRODUCT_DEFINITION_FORMATION('','',#7);
#7 = PRODUCT('Open CASCADE STEP translator 7.9 1',
  'Open CASCADE STEP translator 7.9 1','',(#8));
#8 = PRODUCT_CONTEXT('',#2,'mechanical');
#9 = PRODUCT_DEFINITION_CONTEXT('part definition',#2,'design');
#10 = ADVANCED_BREP_SHAPE_REPRESENTATION('',(#11,#15),#12402);
#11 = AXIS2_PLACEMENT_3D('',#12,#13,#14);
#12 = CARTESIAN_POINT('',(0.,0.,0.));
#13 = DIRECTION('',(0.,0.,1.));
#14 = DIRECTION('',(1.,0.,-0.));
#15 = MANIFOLD_SOLID_BREP('',#16);
#16 = CLOSED_SHELL('',(#17,#110,#169,#223,#411,#443,#525,#598,#673,#727,
    #805,#886,#939,#998,#1081,#1186,#1243,#1394,#1834,#2004,#2160,#2573,
    #2684,#2710,#2757,#2806,#2855,#2937,#2988,#3035,#3162,#3168,#3251,
    #3279,#3326,#3373,#3661,#3733,#3758,#3834,#3908,#3956,#4090,#4229,
    #4407,#4435,#4510,#4558,#4696,#4846,#4872,#4900,#4978,#5025,#5072,
    #5139,#5164,#5240,#5314,#5362,#5496,#5635,#5813,#5841,#5916,#5964,
    #6102,#6108,#6163,#6215,#6298,#6439,#6517,#6567,#6594,#6730,#6816,
    #6841,#6896,#6948,#7021,#7068,#7139,#7189,#7243,#7299,#7415,#7468,
    #7496,#7524,#7529,#7579,#7606,#7613,#7662,#7667,#7674,#7727,#7777,
    #7804,#7811,#7866,#7919,#7947,#7953,#8009,#8062,#8090,#8118,#8123,
    #8173,#8200,#8207,#8256,#8261,#8268,#8321,#8371,#8398,#8405,#8545,
    #8600,#8653,#8703,#8758,#8784,#8839,#8871,#8920,#8975,#9001,#9056,
    #9088,#9120,#9203,#9230,#9257,#9571,#9599,#9625,#9652,#9683,#9737,
    #9785,#9829,#9941,#9972,#10032,#10057,#10112,#10144,#10225,#10272,
    #10279,#10389,#10436,#10463,#10548,#10575,#10601,#10651,#10701,
    #10749,#10777,#10853,#10902,#10951,#10978,#11054,#11103,#11152,
    #11179,#11185,#11211,#11271,#11296,#11346,#11352,#11443,#11492,
    #11519,#11573,#11605,#11688,#11768,#11775,#11780,#11786,#11793,
    #11800,#11885,#11912,#11962,#12088,#12115,#12164,#12190,#12263,
    #12272,#12327,#12333,#12339,#12394,#12398));
#17 = ADVANCED_FACE('',(#18),#32,.T.);
#18 = FACE_BOUND('',#19,.T.);
#19 = EDGE_LOOP('',(#20,#55,#84));
#20 = ORIENTED_EDGE('',*,*,#21,.F.);
#21 = EDGE_CURVE('',#22,#24,#26,.T.);
#22 = VERTEX_POINT('',#23);
#23 = CARTESIAN_POINT('',(-17.55,-15.6,0.));
#24 = VERTEX_POINT('',#25);
#25 = CARTESIAN_POINT('',(-17.55,-12.6,0.));
#26 = SURFACE_CURVE('',#27,(#31,#43),.PCURVE_S1.);
#27 = LINE('',#28,#29);
#28 = CARTESIAN_POINT('',(-17.55,-15.6,0.));
#29 = VECTOR('',#30,1.);
#30 = DIRECTION('',(-0.,1.,0.));
#31 = PCURVE('',#32,#37);
#32 = PLANE('',#33);
#33 = AXIS2_PLACEMENT_3D('',#34,#35,#36);
#34 = CARTESIAN_POINT('',(-17.55,-15.6,0.));
#35 = DIRECTION('',(0.,0.,1.));
#36 = DIRECTION('',(1.,0.,-0.));
#37 = DEFINITIONAL_REPRESENTATION('',(#38),#42);
#38 = LINE('',#39,#40);
#39 = CARTESIAN_POINT('',(0.,0.));
#40 = VECTOR('',#41,1.);
#41 = DIRECTION('',(0.,1.));
#42 = ( GEOMETRIC_REPRESENTATION_CONTEXT(2) 
PARAMETRIC_REPRESENTATION_CONTEXT() REPRESENTATION_CONTEXT('2D SPACE',''
  ) );
#43 = PCURVE('',#44,#49);
#44 = PLANE('',#45);
#45 = AXIS2_PLACEMENT_3D('',#46,#47,#48);
#46 = CARTESIAN_POINT('',(-17.55,-12.6,0.));
#47 = DIRECTION('',(0.,0.,1.));
#48 = DIRECTION('',(1.,0.,-0.));
#49 = DEFINITIONAL_REPRESENTATION('',(#50),#54);
#50 = LINE('',#51,#52);
#51 = CARTESIAN_POINT('',(0.,-3.));
#52 = VECTOR('',#53,1.);
#53 = DIRECTION('',(0.,1.));
#54 = ( GEOMETRIC_REPRESENTATION_CONTEXT(2) 
PARAMETRIC_REPRESENTATION_CONTEXT() REPRESENTATION_CONTEXT('2D SPACE',''
  ) );
#55 = ORIENTED_EDGE('',*,*,#56,.T.);
#56 = EDGE_CURVE('',#22,#57,#59,.T.);
#57 = VERTEX_POINT('',#58);
#58 = CARTESIAN_POINT('',(-14.55,-12.6,0.));
#59 = SURFACE_CURVE('',#60,(#65,#72),.PCURVE_S1.);
#60 = CIRCLE('',#61,3.);
#61 = AXIS2_PLACEMENT_3D('',#62,#63,#64);
#62 = CARTESIAN_POINT('',(-17.55,-12.6,0.));
#63 = DIRECTION('',(0.,0.,1.));
#64 = DIRECTION('',(1.,0.,-0.));
#65 = PCURVE('',#32,#66);
#66 = DEFINITIONAL_REPRESENTATION('',(#67),#71);
#67 = CIRCLE('',#68,3.);
#68 = AXIS2_PLACEMENT_2D('',#69,#70);
#69 = CARTESIAN_POINT('',(0.,3.));
#70 = DIRECTION('',(1.,0.));
#71 = ( GEOMETRIC_REPRESENTATION_CONTEXT(2) 
PARAMETRIC_REPRESENTATION_CONTEXT() REPRESENTATION_CONTEXT('2D SPACE',''
  ) );
#72 = PCURVE('',#73,#78);
#73 = PLANE('',#74);
#74 = AXIS2_PLACEMENT_3D('',#75,#76,#77);
#75 = CARTESIAN_POINT('',(-17.55,-15.6,0.));
#76 = DIRECTION('',(0.,0.,1.));
#77 = DIRECTION('',(1.,0.,-0.));
#78 = DEFINITIONAL_REPRESENTATION('',(#79),#83);
#79 = CIRCLE('',#80,3.);
#80 = AXIS2_PLACEMENT_2D('',#81,#82);
#81 = CARTESIAN_POINT('',(0.,3.));
#82 = DIRECTION('',(1.,0.));
#83 = ( GEOMETRIC_REPRESENTATION_CONTEXT(2) 
PARAMETRIC_REPRESENTATION_CONTEXT() REPRESENTATION_CONTEXT('2D SPACE',''
  ) );
#84 = ORIENTED_EDGE('',*,*,#85,.F.);
#85 = EDGE_CURVE('',#24,#57,#86,.T.);
#86 = SURFACE_CURVE('',#87,(#91,#98),.PCURVE_S1.);
#87 = LINE('',#88,#89);
#88 = CARTESIAN_POINT('',(-20.55,-12.6,0.));
#89 = VECTOR('',#90,1.);
#90 = DIRECTION('',(1.,0.,-0.));
#91 = PCURVE('',#32,#92);
#92 = DEFINITIONAL_REPRESENTATION('',(#93),#97);
#93 = LINE('',#94,#95);
#94 = CARTESIAN_POINT('',(-3.,3.));
#95 = VECTOR('',#96,1.);
#96 = DIRECTION('',(1.,0.));
#97 = ( GEOMETRIC_REPRESENTATION_CONTEXT(2) 
PARAMETRIC_REPRESENTATION_CONTEXT() REPRESENTATION_CONTEXT('2D SPACE',''
  ) );
#98 = PCURVE('',#99,#104);
#99 = PLANE('',#100);
#100 = AXIS2_PLACEMENT_3D('',#101,#102,#103);
#101 = CARTESIAN_POINT('',(-17.55,-15.6,0.));
#102 = DIRECTION('',(0.,0.,1.));
#103 = DIRECTION('',(1.,0.,-0.));
#104 = DEFINITIONAL_REPRESENTATION('',(#105),#109);
#105 = LINE('',#106,#107);
#106 = CARTESIAN_POINT('',(-3.,3.));
#107 = VECTOR('',#108,1.);
#108 = DIRECTION('',(1.,0.));
#109 = ( GEOMETRIC_REPRESENTATION_CONTEXT(2) 
PARAMETRIC_REPRESENTATION_CONTEXT() REPRESENTATION_CONTEXT('2D SPACE',''
  ) );
#110 = ADVANCED_FACE('',(#111),#44,.T.);
#111 = FACE_BOUND('',#112,.T.);
#112 = EDGE_LOOP('',(#113,#141,#168));
#113 = ORIENTED_EDGE('',*,*,#114,.F.);
#114 = EDGE_CURVE('',#115,#24,#117,.T.);
#115 = VERTEX_POINT('',#116);
#116 = CARTESIAN_POINT('',(-20.55,-12.6,0.));
#117 = SURFACE_CURVE('',#118,(#122,#129),.PCURVE_S1.);
#118 = LINE('',#119,#120);
#119 = CARTESIAN_POINT('',(-20.55,-12.6,0.));
#120 = VECTOR('',#121,1.);
#121 = DIRECTION('',(1.,0.,-0.));
#122 = PCURVE('',#44,#123);
#123 = DEFINITIONAL_REPRESENTATION('',(#124),#128);
#124 = LINE('',#125,#126);
#125 = CARTESIAN_POINT('',(-3.,0.));
#126 = VECTOR('',#127,1.);
#127 = DIRECTION('',(1.,0.));
#128 = ( GEOMETRIC_REPRESENTATION_CONTEXT(2) 
PARAMETRIC_REPRESENTATION_CONTEXT() REPRESENTATION_CONTEXT('2D SPACE',''
  ) );
#129 = PCURVE('',#130,#135);
#130 = PLANE('',#131);
#131 = AXIS2_PLACEMENT_3D('',#132,#133,#134);
#132 = CARTESIAN_POINT('',(-20.55,-12.6,0.));
#133 = DIRECTION('',(0.,0.,1.));
#134 = DIRECTION('',(1.,0.,-0.));
#135 = DEFINITIONAL_REPRESENTATION('',(#136),#140);
#136 = LINE('',#137,#138);
#137 = CARTESIAN_POINT('',(0.,0.));
#138 = VECTOR('',#139,1.);
#139 = DIRECTION('',(1.,0.));
#140 = ( GEOMETRIC_REPRESENTATION_CONTEXT(2) 
PARAMETRIC_REPRESENTATION_CONTEXT() REPRESENTATION_CONTEXT('2D SPACE',''
  ) );
#141 = ORIENTED_EDGE('',*,*,#142,.T.);
#142 = EDGE_CURVE('',#115,#22,#143,.T.);
#143 = SURFACE_CURVE('',#144,(#149,#156),.PCURVE_S1.);
#144 = CIRCLE('',#145,3.);
#145 = AXIS2_PLACEMENT_3D('',#146,#147,#148);
#146 = CARTESIAN_POINT('',(-17.55,-12.6,0.));
#147 = DIRECTION('',(0.,0.,1.));
#148 = DIRECTION('',(1.,0.,-0.));
#149 = PCURVE('',#44,#150);
#150 = DEFINITIONAL_REPRESENTATION('',(#151),#155);
#151 = CIRCLE('',#152,3.);
#152 = AXIS2_PLACEMENT_2D('',#153,#154);
#153 = CARTESIAN_POINT('',(0.,0.));
#154 = DIRECTION('',(1.,0.));
#155 = ( GEOMETRIC_REPRESENTATION_CONTEXT(2) 
PARAMETRIC_REPRESENTATION_CONTEXT() REPRESENTATION_CONTEXT('2D SPACE',''
  ) );
#156 = PCURVE('',#157,#162);
#157 = CYLINDRICAL_SURFACE('',#158,3.);
#158 = AXIS2_PLACEMENT_3D('',#159,#160,#161);
#159 = CARTESIAN_POINT('',(-17.55,-12.6,-5.6));
#160 = DIRECTION('',(0.,0.,1.));
#161 = DIRECTION('',(1.,0.,-0.));
#162 = DEFINITIONAL_REPRESENTATION('',(#163),#167);
#163 = LINE('',#164,#165);
#164 = CARTESIAN_POINT('',(0.,5.6));
#165 = VECTOR('',#166,1.);
#166 = DIRECTION('',(1.,0.));
#167 = ( GEOMETRIC_REPRESENTATION_CONTEXT(2) 
PARAMETRIC_REPRESENTATION_CONTEXT() REPRESENTATION_CONTEXT('2D SPACE',''
  ) );
#168 = ORIENTED_EDGE('',*,*,#21,.T.);
#169 = ADVANCED_FACE('',(#170),#99,.T.);
#170 = FACE_BOUND('',#171,.T.);
#171 = EDGE_LOOP('',(#172,#195,#196));
#172 = ORIENTED_EDGE('',*,*,#173,.F.);
#173 = EDGE_CURVE('',#24,#174,#176,.T.);
#174 = VERTEX_POINT('',#175);
#175 = CARTESIAN_POINT('',(-17.55,-9.6,0.));
#176 = SURFACE_CURVE('',#177,(#181,#188),.PCURVE_S1.);
#177 = LINE('',#178,#179);
#178 = CARTESIAN_POINT('',(-17.55,-15.6,0.));
#179 = VECTOR('',#180,1.);
#180 = DIRECTION('',(-0.,1.,0.));
#181 = PCURVE('',#99,#182);
#182 = DEFINITIONAL_REPRESENTATION('',(#183),#187);
#183 = LINE('',#184,#185);
#184 = CARTESIAN_POINT('',(0.,0.));
#185 = VECTOR('',#186,1.);
#186 = DIRECTION('',(0.,1.));
#187 = ( GEOMETRIC_REPRESENTATION_CONTEXT(2) 
PARAMETRIC_REPRESENTATION_CONTEXT() REPRESENTATION_CONTEXT('2D SPACE',''
  ) );
#188 = PCURVE('',#130,#189);
#189 = DEFINITIONAL_REPRESENTATION('',(#190),#194);
#190 = LINE('',#191,#192);
#191 = CARTESIAN_POINT('',(3.,-3.));
#192 = VECTOR('',#193,1.);
#193 = DIRECTION('',(0.,1.));
#194 = ( GEOMETRIC_REPRESENTATION_CONTEXT(2) 
PARAMETRIC_REPRESENTATION_CONTEXT() REPRESENTATION_CONTEXT('2D SPACE',''
  ) );
#195 = ORIENTED_EDGE('',*,*,#85,.T.);
#196 = ORIENTED_EDGE('',*,*,#197,.T.);
#197 = EDGE_CURVE('',#57,#174,#198,.T.);
#198 = SURFACE_CURVE('',#199,(#204,#211),.PCURVE_S1.);
#199 = CIRCLE('',#200,3.);
#200 = AXIS2_PLACEMENT_3D('',#201,#202,#203);
#201 = CARTESIAN_POINT('',(-17.55,-12.6,0.));
#202 = DIRECTION('',(0.,0.,1.));
#203 = DIRECTION('',(1.,0.,-0.));
#204 = PCURVE('',#99,#205);
#205 = DEFINITIONAL_REPRESENTATION('',(#206),#210);
#206 = CIRCLE('',#207,3.);
#207 = AXIS2_PLACEMENT_2D('',#208,#209);
#208 = CARTESIAN_POINT('',(0.,3.));
#209 = DIRECTION('',(1.,0.));
#210 = ( GEOMETRIC_REPRESENTATION_CONTEXT(2) 
PARAMETRIC_REPRESENTATION_CONTEXT() REPRESENTATION_CONTEXT('2D SPACE',''
  ) );
#211 = PCURVE('',#212,#217);
#212 = PLANE('',#213);
#213 = AXIS2_PLACEMENT_3D('',#214,#215,#216);
#214 = CARTESIAN_POINT('',(-17.55,-15.6,0.));
#215 = DIRECTION('',(0.,0.,1.));
#216 = DIRECTION('',(1.,0.,-0.));
#217 = DEFINITIONAL_REPRESENTATION('',(#218),#222);
#218 = CIRCLE('',#219,3.);
#219 = AXIS2_PLACEMENT_2D('',#220,#221);
#220 = CARTESIAN_POINT('',(0.,3.));
#221 = DIRECTION('',(1.,0.));
#222 = ( GEOMETRIC_REPRESENTATION_CONTEXT(2) 
PARAMETRIC_REPRESENTATION_CONTEXT() REPRESENTATION_CONTEXT('2D SPACE',''
  ) );
#223 = ADVANCED_FACE('',(#224),#73,.T.);
#224 = FACE_BOUND('',#225,.T.);
#225 = EDGE_LOOP('',(#226,#227,#255,#284,#312,#338,#364,#390));
#226 = ORIENTED_EDGE('',*,*,#56,.F.);
#227 = ORIENTED_EDGE('',*,*,#228,.T.);
#228 = EDGE_CURVE('',#22,#229,#231,.T.);
#229 = VERTEX_POINT('',#230);
#230 = CARTESIAN_POINT('',(17.55,-15.6,0.));
#231 = SURFACE_CURVE('',#232,(#236,#243),.PCURVE_S1.);
#232 = LINE('',#233,#234);
#233 = CARTESIAN_POINT('',(-17.55,-15.6,0.));
#234 = VECTOR('',#235,1.);
#235 = DIRECTION('',(1.,0.,-0.));
#236 = PCURVE('',#73,#237);
#237 = DEFINITIONAL_REPRESENTATION('',(#238),#242);
#238 = LINE('',#239,#240);
#239 = CARTESIAN_POINT('',(0.,0.));
#240 = VECTOR('',#241,1.);
#241 = DIRECTION('',(1.,0.));
#242 = ( GEOMETRIC_REPRESENTATION_CONTEXT(2) 
PARAMETRIC_REPRESENTATION_CONTEXT() REPRESENTATION_CONTEXT('2D SPACE',''
  ) );
#243 = PCURVE('',#244,#249);
#244 = PLANE('',#245);
#245 = AXIS2_PLACEMENT_3D('',#246,#247,#248);
#246 = CARTESIAN_POINT('',(-17.55,-15.6,-5.6));
#247 = DIRECTION('',(-0.,1.,0.));
#248 = DIRECTION('',(0.,0.,1.));
#249 = DEFINITIONAL_REPRESENTATION('',(#250),#254);
#250 = LINE('',#251,#252);
#251 = CARTESIAN_POINT('',(5.6,0.));
#252 = VECTOR('',#253,1.);
#253 = DIRECTION('',(0.,1.));
#254 = ( GEOMETRIC_REPRESENTATION_CONTEXT(2) 
PARAMETRIC_REPRESENTATION_CONTEXT() REPRESENTATION_CONTEXT('2D SPACE',''
  ) );
#255 = ORIENTED_EDGE('',*,*,#256,.F.);
#256 = EDGE_CURVE('',#257,#229,#259,.T.);
#257 = VERTEX_POINT('',#258);
#258 = CARTESIAN_POINT('',(14.55,-12.6,0.));
#259 = SURFACE_CURVE('',#260,(#265,#272),.PCURVE_S1.);
#260 = CIRCLE('',#261,3.);
#261 = AXIS2_PLACEMENT_3D('',#262,#263,#264);
#262 = CARTESIAN_POINT('',(17.55,-12.6,0.));
#263 = DIRECTION('',(0.,0.,1.));
#264 = DIRECTION('',(1.,0.,-0.));
#265 = PCURVE('',#73,#266);
#266 = DEFINITIONAL_REPRESENTATION('',(#267),#271);
#267 = CIRCLE('',#268,3.);
#268 = AXIS2_PLACEMENT_2D('',#269,#270);
#269 = CARTESIAN_POINT('',(35.1,3.));
#270 = DIRECTION('',(1.,0.));
#271 = ( GEOMETRIC_REPRESENTATION_CONTEXT(2) 
PARAMETRIC_REPRESENTATION_CONTEXT() REPRESENTATION_CONTEXT('2D SPACE',''
  ) );
#272 = PCURVE('',#273,#278);
#273 = PLANE('',#274);
#274 = AXIS2_PLACEMENT_3D('',#275,#276,#277);
#275 = CARTESIAN_POINT('',(-17.55,-15.6,0.));
#276 = DIRECTION('',(0.,0.,1.));
#277 = DIRECTION('',(1.,0.,-0.));
#278 = DEFINITIONAL_REPRESENTATION('',(#279),#283);
#279 = CIRCLE('',#280,3.);
#280 = AXIS2_PLACEMENT_2D('',#281,#282);
#281 = CARTESIAN_POINT('',(35.1,3.));
#282 = DIRECTION('',(1.,0.));
#283 = ( GEOMETRIC_REPRESENTATION_CONTEXT(2) 
PARAMETRIC_REPRESENTATION_CONTEXT() REPRESENTATION_CONTEXT('2D SPACE',''
  ) );
#284 = ORIENTED_EDGE('',*,*,#285,.F.);
#285 = EDGE_CURVE('',#286,#257,#288,.T.);
#286 = VERTEX_POINT('',#287);
#287 = CARTESIAN_POINT('',(7.5,-12.6,0.));
#288 = SURFACE_CURVE('',#289,(#293,#300),.PCURVE_S1.);
#289 = LINE('',#290,#291);
#290 = CARTESIAN_POINT('',(-20.55,-12.6,0.));
#291 = VECTOR('',#292,1.);
#292 = DIRECTION('',(1.,0.,-0.));
#293 = PCURVE('',#73,#294);
#294 = DEFINITIONAL_REPRESENTATION('',(#295),#299);
#295 = LINE('',#296,#297);
#296 = CARTESIAN_POINT('',(-3.,3.));
#297 = VECTOR('',#298,1.);
#298 = DIRECTION('',(1.,0.));
#299 = ( GEOMETRIC_REPRESENTATION_CONTEXT(2) 
PARAMETRIC_REPRESENTATION_CONTEXT() REPRESENTATION_CONTEXT('2D SPACE',''
  ) );
#300 = PCURVE('',#301,#306);
#301 = PLANE('',#302);
#302 = AXIS2_PLACEMENT_3D('',#303,#304,#305);
#303 = CARTESIAN_POINT('',(-17.55,-15.6,0.));
#304 = DIRECTION('',(0.,0.,1.));
#305 = DIRECTION('',(1.,0.,-0.));
#306 = DEFINITIONAL_REPRESENTATION('',(#307),#311);
#307 = LINE('',#308,#309);
#308 = CARTESIAN_POINT('',(-3.,3.));
#309 = VECTOR('',#310,1.);
#310 = DIRECTION('',(1.,0.));
#311 = ( GEOMETRIC_REPRESENTATION_CONTEXT(2) 
PARAMETRIC_REPRESENTATION_CONTEXT() REPRESENTATION_CONTEXT('2D SPACE',''
  ) );
#312 = ORIENTED_EDGE('',*,*,#313,.F.);
#313 = EDGE_CURVE('',#314,#286,#316,.T.);
#314 = VERTEX_POINT('',#315);
#315 = CARTESIAN_POINT('',(7.5,-13.,0.));
#316 = SURFACE_CURVE('',#317,(#321,#327),.PCURVE_S1.);
#317 = LINE('',#318,#319);
#318 = CARTESIAN_POINT('',(7.5,-14.3,0.));
#319 = VECTOR('',#320,1.);
#320 = DIRECTION('',(-0.,1.,0.));
#321 = PCURVE('',#73,#322);
#322 = DEFINITIONAL_REPRESENTATION('',(#323),#326);
#323 = B_SPLINE_CURVE_WITH_KNOTS('',1,(#324,#325),.UNSPECIFIED.,.F.,.F.,
  (2,2),(1.3,1.7),.PIECEWISE_BEZIER_KNOTS.);
#324 = CARTESIAN_POINT('',(25.05,2.6));
#325 = CARTESIAN_POINT('',(25.05,3.));
#326 = ( GEOMETRIC_REPRESENTATION_CONTEXT(2) 
PARAMETRIC_REPRESENTATION_CONTEXT() REPRESENTATION_CONTEXT('2D SPACE',''
  ) );
#327 = PCURVE('',#328,#333);
#328 = PLANE('',#329);
#329 = AXIS2_PLACEMENT_3D('',#330,#331,#332);
#330 = CARTESIAN_POINT('',(7.5,-13.,-1.1));
#331 = DIRECTION('',(1.,0.,-0.));
#332 = DIRECTION('',(0.,0.,1.));
#333 = DEFINITIONAL_REPRESENTATION('',(#334),#337);
#334 = B_SPLINE_CURVE_WITH_KNOTS('',1,(#335,#336),.UNSPECIFIED.,.F.,.F.,
  (2,2),(1.3,1.7),.PIECEWISE_BEZIER_KNOTS.);
#335 = CARTESIAN_POINT('',(1.1,0.));
#336 = CARTESIAN_POINT('',(1.1,-0.4));
#337 = ( GEOMETRIC_REPRESENTATION_CONTEXT(2) 
PARAMETRIC_REPRESENTATION_CONTEXT() REPRESENTATION_CONTEXT('2D SPACE',''
  ) );
#338 = ORIENTED_EDGE('',*,*,#339,.T.);
#339 = EDGE_CURVE('',#314,#340,#342,.T.);
#340 = VERTEX_POINT('',#341);
#341 = CARTESIAN_POINT('',(-6.5,-13.,0.));
#342 = SURFACE_CURVE('',#343,(#347,#353),.PCURVE_S1.);
#343 = LINE('',#344,#345);
#344 = CARTESIAN_POINT('',(-12.025,-13.,0.));
#345 = VECTOR('',#346,1.);
#346 = DIRECTION('',(-1.,-0.,0.));
#347 = PCURVE('',#73,#348);
#348 = DEFINITIONAL_REPRESENTATION('',(#349),#352);
#349 = B_SPLINE_CURVE_WITH_KNOTS('',1,(#350,#351),.UNSPECIFIED.,.F.,.F.,
  (2,2),(-19.525,-5.525),.PIECEWISE_BEZIER_KNOTS.);
#350 = CARTESIAN_POINT('',(25.05,2.6));
#351 = CARTESIAN_POINT('',(11.05,2.6));
#352 = ( GEOMETRIC_REPRESENTATION_CONTEXT(2) 
PARAMETRIC_REPRESENTATION_CONTEXT() REPRESENTATION_CONTEXT('2D SPACE',''
  ) );
#353 = PCURVE('',#354,#359);
#354 = PLANE('',#355);
#355 = AXIS2_PLACEMENT_3D('',#356,#357,#358);
#356 = CARTESIAN_POINT('',(-6.5,-13.,-1.1));
#357 = DIRECTION('',(-0.,1.,0.));
#358 = DIRECTION('',(0.,0.,1.));
#359 = DEFINITIONAL_REPRESENTATION('',(#360),#363);
#360 = B_SPLINE_CURVE_WITH_KNOTS('',1,(#361,#362),.UNSPECIFIED.,.F.,.F.,
  (2,2),(-19.525,-5.525),.PIECEWISE_BEZIER_KNOTS.);
#361 = CARTESIAN_POINT('',(1.1,14.));
#362 = CARTESIAN_POINT('',(1.1,0.));
#363 = ( GEOMETRIC_REPRESENTATION_CONTEXT(2) 
PARAMETRIC_REPRESENTATION_CONTEXT() REPRESENTATION_CONTEXT('2D SPACE',''
  ) );
#364 = ORIENTED_EDGE('',*,*,#365,.T.);
#365 = EDGE_CURVE('',#340,#366,#368,.T.);
#366 = VERTEX_POINT('',#367);
#367 = CARTESIAN_POINT('',(-6.5,-12.6,0.));
#368 = SURFACE_CURVE('',#369,(#373,#379),.PCURVE_S1.);
#369 = LINE('',#370,#371);
#370 = CARTESIAN_POINT('',(-6.5,-14.3,0.));
#371 = VECTOR('',#372,1.);
#372 = DIRECTION('',(-0.,1.,0.));
#373 = PCURVE('',#73,#374);
#374 = DEFINITIONAL_REPRESENTATION('',(#375),#378);
#375 = B_SPLINE_CURVE_WITH_KNOTS('',1,(#376,#377),.UNSPECIFIED.,.F.,.F.,
  (2,2),(1.3,1.7),.PIECEWISE_BEZIER_KNOTS.);
#376 = CARTESIAN_POINT('',(11.05,2.6));
#377 = CARTESIAN_POINT('',(11.05,3.));
#378 = ( GEOMETRIC_REPRESENTATION_CONTEXT(2) 
PARAMETRIC_REPRESENTATION_CONTEXT() REPRESENTATION_CONTEXT('2D SPACE',''
  ) );
#379 = PCURVE('',#380,#385);
#380 = PLANE('',#381);
#381 = AXIS2_PLACEMENT_3D('',#382,#383,#384);
#382 = CARTESIAN_POINT('',(-6.5,-13.,-1.1));
#383 = DIRECTION('',(1.,0.,-0.));
#384 = DIRECTION('',(0.,0.,1.));
#385 = DEFINITIONAL_REPRESENTATION('',(#386),#389);
#386 = B_SPLINE_CURVE_WITH_KNOTS('',1,(#387,#388),.UNSPECIFIED.,.F.,.F.,
  (2,2),(1.3,1.7),.PIECEWISE_BEZIER_KNOTS.);
#387 = CARTESIAN_POINT('',(1.1,0.));
#388 = CARTESIAN_POINT('',(1.1,-0.4));
#389 = ( GEOMETRIC_REPRESENTATION_CONTEXT(2) 
PARAMETRIC_REPRESENTATION_CONTEXT() REPRESENTATION_CONTEXT('2D SPACE',''
  ) );
#390 = ORIENTED_EDGE('',*,*,#391,.F.);
#391 = EDGE_CURVE('',#57,#366,#392,.T.);
#392 = SURFACE_CURVE('',#393,(#397,#404),.PCURVE_S1.);
#393 = LINE('',#394,#395);
#394 = CARTESIAN_POINT('',(-20.55,-12.6,0.));
#395 = VECTOR('',#396,1.);
#396 = DIRECTION('',(1.,0.,-0.));
#397 = PCURVE('',#73,#398);
#398 = DEFINITIONAL_REPRESENTATION('',(#399),#403);
#399 = LINE('',#400,#401);
#400 = CARTESIAN_POINT('',(-3.,3.));
#401 = VECTOR('',#402,1.);
#402 = DIRECTION('',(1.,0.));
#403 = ( GEOMETRIC_REPRESENTATION_CONTEXT(2) 
PARAMETRIC_REPRESENTATION_CONTEXT() REPRESENTATION_CONTEXT('2D SPACE',''
  ) );
#404 = PCURVE('',#212,#405);
#405 = DEFINITIONAL_REPRESENTATION('',(#406),#410);
#406 = LINE('',#407,#408);
#407 = CARTESIAN_POINT('',(-3.,3.));
#408 = VECTOR('',#409,1.);
#409 = DIRECTION('',(1.,0.));
#410 = ( GEOMETRIC_REPRESENTATION_CONTEXT(2) 
PARAMETRIC_REPRESENTATION_CONTEXT() REPRESENTATION_CONTEXT('2D SPACE',''
  ) );
#411 = ADVANCED_FACE('',(#412),#130,.T.);
#412 = FACE_BOUND('',#413,.T.);
#413 = EDGE_LOOP('',(#414,#441,#442));
#414 = ORIENTED_EDGE('',*,*,#415,.T.);
#415 = EDGE_CURVE('',#174,#115,#416,.T.);
#416 = SURFACE_CURVE('',#417,(#422,#429),.PCURVE_S1.);
#417 = CIRCLE('',#418,3.);
#418 = AXIS2_PLACEMENT_3D('',#419,#420,#421);
#419 = CARTESIAN_POINT('',(-17.55,-12.6,0.));
#420 = DIRECTION('',(0.,0.,1.));
#421 = DIRECTION('',(1.,0.,-0.));
#422 = PCURVE('',#130,#423);
#423 = DEFINITIONAL_REPRESENTATION('',(#424),#428);
#424 = CIRCLE('',#425,3.);
#425 = AXIS2_PLACEMENT_2D('',#426,#427);
#426 = CARTESIAN_POINT('',(3.,0.));
#427 = DIRECTION('',(1.,0.));
#428 = ( GEOMETRIC_REPRESENTATION_CONTEXT(2) 
PARAMETRIC_REPRESENTATION_CONTEXT() REPRESENTATION_CONTEXT('2D SPACE',''
  ) );
#429 = PCURVE('',#430,#435);
#430 = PLANE('',#431);
#431 = AXIS2_PLACEMENT_3D('',#432,#433,#434);
#432 = CARTESIAN_POINT('',(-20.55,-12.6,0.));
#433 = DIRECTION('',(0.,0.,1.));
#434 = DIRECTION('',(1.,0.,-0.));
#435 = DEFINITIONAL_REPRESENTATION('',(#436),#440);
#436 = CIRCLE('',#437,3.);
#437 = AXIS2_PLACEMENT_2D('',#438,#439);
#438 = CARTESIAN_POINT('',(3.,0.));
#439 = DIRECTION('',(1.,0.));
#440 = ( GEOMETRIC_REPRESENTATION_CONTEXT(2) 
PARAMETRIC_REPRESENTATION_CONTEXT() REPRESENTATION_CONTEXT('2D SPACE',''
  ) );
#441 = ORIENTED_EDGE('',*,*,#114,.T.);
#442 = ORIENTED_EDGE('',*,*,#173,.T.);
#443 = ADVANCED_FACE('',(#444),#157,.T.);
#444 = FACE_BOUND('',#445,.T.);
#445 = EDGE_LOOP('',(#446,#447,#475,#504));
#446 = ORIENTED_EDGE('',*,*,#142,.F.);
#447 = ORIENTED_EDGE('',*,*,#448,.F.);
#448 = EDGE_CURVE('',#449,#115,#451,.T.);
#449 = VERTEX_POINT('',#450);
#450 = CARTESIAN_POINT('',(-20.55,-12.6,-5.6));
#451 = SURFACE_CURVE('',#452,(#456,#463),.PCURVE_S1.);
#452 = LINE('',#453,#454);
#453 = CARTESIAN_POINT('',(-20.55,-12.6,-5.6));
#454 = VECTOR('',#455,1.);
#455 = DIRECTION('',(0.,0.,1.));
#456 = PCURVE('',#157,#457);
#457 = DEFINITIONAL_REPRESENTATION('',(#458),#462);
#458 = LINE('',#459,#460);
#459 = CARTESIAN_POINT('',(3.14159265359,0.));
#460 = VECTOR('',#461,1.);
#461 = DIRECTION('',(0.,1.));
#462 = ( GEOMETRIC_REPRESENTATION_CONTEXT(2) 
PARAMETRIC_REPRESENTATION_CONTEXT() REPRESENTATION_CONTEXT('2D SPACE',''
  ) );
#463 = PCURVE('',#464,#469);
#464 = PLANE('',#465);
#465 = AXIS2_PLACEMENT_3D('',#466,#467,#468);
#466 = CARTESIAN_POINT('',(-20.55,-12.6,-5.6));
#467 = DIRECTION('',(1.,0.,-0.));
#468 = DIRECTION('',(0.,0.,1.));
#469 = DEFINITIONAL_REPRESENTATION('',(#470),#474);
#470 = LINE('',#471,#472);
#471 = CARTESIAN_POINT('',(0.,0.));
#472 = VECTOR('',#473,1.);
#473 = DIRECTION('',(1.,0.));
#474 = ( GEOMETRIC_REPRESENTATION_CONTEXT(2) 
PARAMETRIC_REPRESENTATION_CONTEXT() REPRESENTATION_CONTEXT('2D SPACE',''
  ) );
#475 = ORIENTED_EDGE('',*,*,#476,.T.);
#476 = EDGE_CURVE('',#449,#477,#479,.T.);
#477 = VERTEX_POINT('',#478);
#478 = CARTESIAN_POINT('',(-17.55,-15.6,-5.6));
#479 = SURFACE_CURVE('',#480,(#485,#492),.PCURVE_S1.);
#480 = CIRCLE('',#481,3.);
#481 = AXIS2_PLACEMENT_3D('',#482,#483,#484);
#482 = CARTESIAN_POINT('',(-17.55,-12.6,-5.6));
#483 = DIRECTION('',(0.,0.,1.));
#484 = DIRECTION('',(1.,0.,-0.));
#485 = PCURVE('',#157,#486);
#486 = DEFINITIONAL_REPRESENTATION('',(#487),#491);
#487 = LINE('',#488,#489);
#488 = CARTESIAN_POINT('',(0.,0.));
#489 = VECTOR('',#490,1.);
#490 = DIRECTION('',(1.,0.));
#491 = ( GEOMETRIC_REPRESENTATION_CONTEXT(2) 
PARAMETRIC_REPRESENTATION_CONTEXT() REPRESENTATION_CONTEXT('2D SPACE',''
  ) );
#492 = PCURVE('',#493,#498);
#493 = PLANE('',#494);
#494 = AXIS2_PLACEMENT_3D('',#495,#496,#497);
#495 = CARTESIAN_POINT('',(-17.55,-12.6,-5.6));
#496 = DIRECTION('',(0.,0.,1.));
#497 = DIRECTION('',(1.,0.,-0.));
#498 = DEFINITIONAL_REPRESENTATION('',(#499),#503);
#499 = CIRCLE('',#500,3.);
#500 = AXIS2_PLACEMENT_2D('',#501,#502);
#501 = CARTESIAN_POINT('',(0.,0.));
#502 = DIRECTION('',(1.,0.));
#503 = ( GEOMETRIC_REPRESENTATION_CONTEXT(2) 
PARAMETRIC_REPRESENTATION_CONTEXT() REPRESENTATION_CONTEXT('2D SPACE',''
  ) );
#504 = ORIENTED_EDGE('',*,*,#505,.T.);
#505 = EDGE_CURVE('',#477,#22,#506,.T.);
#506 = SURFACE_CURVE('',#507,(#511,#518),.PCURVE_S1.);
#507 = LINE('',#508,#509);
#508 = CARTESIAN_POINT('',(-17.55,-15.6,-5.6));
#509 = VECTOR('',#510,1.);
#510 = DIRECTION('',(0.,0.,1.));
#511 = PCURVE('',#157,#512);
#512 = DEFINITIONAL_REPRESENTATION('',(#513),#517);
#513 = LINE('',#514,#515);
#514 = CARTESIAN_POINT('',(4.712388980385,0.));
#515 = VECTOR('',#516,1.);
#516 = DIRECTION('',(0.,1.));
#517 = ( GEOMETRIC_REPRESENTATION_CONTEXT(2) 
PARAMETRIC_REPRESENTATION_CONTEXT() REPRESENTATION_CONTEXT('2D SPACE',''
  ) );
#518 = PCURVE('',#244,#519);
#519 = DEFINITIONAL_REPRESENTATION('',(#520),#524);
#520 = LINE('',#521,#522);
#521 = CARTESIAN_POINT('',(0.,0.));
#522 = VECTOR('',#523,1.);
#523 = DIRECTION('',(1.,0.));
#524 = ( GEOMETRIC_REPRESENTATION_CONTEXT(2) 
PARAMETRIC_REPRESENTATION_CONTEXT() REPRESENTATION_CONTEXT('2D SPACE',''
  ) );
#525 = ADVANCED_FACE('',(#526),#212,.T.);
#526 = FACE_BOUND('',#527,.T.);
#527 = EDGE_LOOP('',(#528,#551,#552,#553,#574));
#528 = ORIENTED_EDGE('',*,*,#529,.F.);
#529 = EDGE_CURVE('',#174,#530,#532,.T.);
#530 = VERTEX_POINT('',#531);
#531 = CARTESIAN_POINT('',(-17.55,-9.35,0.));
#532 = SURFACE_CURVE('',#533,(#537,#544),.PCURVE_S1.);
#533 = LINE('',#534,#535);
#534 = CARTESIAN_POINT('',(-17.55,-15.6,0.));
#535 = VECTOR('',#536,1.);
#536 = DIRECTION('',(-0.,1.,0.));
#537 = PCURVE('',#212,#538);
#538 = DEFINITIONAL_REPRESENTATION('',(#539),#543);
#539 = LINE('',#540,#541);
#540 = CARTESIAN_POINT('',(0.,0.));
#541 = VECTOR('',#542,1.);
#542 = DIRECTION('',(0.,1.));
#543 = ( GEOMETRIC_REPRESENTATION_CONTEXT(2) 
PARAMETRIC_REPRESENTATION_CONTEXT() REPRESENTATION_CONTEXT('2D SPACE',''
  ) );
#544 = PCURVE('',#430,#545);
#545 = DEFINITIONAL_REPRESENTATION('',(#546),#550);
#546 = LINE('',#547,#548);
#547 = CARTESIAN_POINT('',(3.,-3.));
#548 = VECTOR('',#549,1.);
#549 = DIRECTION('',(0.,1.));
#550 = ( GEOMETRIC_REPRESENTATION_CONTEXT(2) 
PARAMETRIC_REPRESENTATION_CONTEXT() REPRESENTATION_CONTEXT('2D SPACE',''
  ) );
#551 = ORIENTED_EDGE('',*,*,#197,.F.);
#552 = ORIENTED_EDGE('',*,*,#391,.T.);
#553 = ORIENTED_EDGE('',*,*,#554,.T.);
#554 = EDGE_CURVE('',#366,#555,#557,.T.);
#555 = VERTEX_POINT('',#556);
#556 = CARTESIAN_POINT('',(-6.5,-9.35,0.));
#557 = SURFACE_CURVE('',#558,(#562,#568),.PCURVE_S1.);
#558 = LINE('',#559,#560);
#559 = CARTESIAN_POINT('',(-6.5,-14.3,0.));
#560 = VECTOR('',#561,1.);
#561 = DIRECTION('',(-0.,1.,0.));
#562 = PCURVE('',#212,#563);
#563 = DEFINITIONAL_REPRESENTATION('',(#564),#567);
#564 = B_SPLINE_CURVE_WITH_KNOTS('',1,(#565,#566),.UNSPECIFIED.,.F.,.F.,
  (2,2),(1.7,4.95),.PIECEWISE_BEZIER_KNOTS.);
#565 = CARTESIAN_POINT('',(11.05,3.));
#566 = CARTESIAN_POINT('',(11.05,6.25));
#567 = ( GEOMETRIC_REPRESENTATION_CONTEXT(2) 
PARAMETRIC_REPRESENTATION_CONTEXT() REPRESENTATION_CONTEXT('2D SPACE',''
  ) );
#568 = PCURVE('',#380,#569);
#569 = DEFINITIONAL_REPRESENTATION('',(#570),#573);
#570 = B_SPLINE_CURVE_WITH_KNOTS('',1,(#571,#572),.UNSPECIFIED.,.F.,.F.,
  (2,2),(1.7,4.95),.PIECEWISE_BEZIER_KNOTS.);
#571 = CARTESIAN_POINT('',(1.1,-0.4));
#572 = CARTESIAN_POINT('',(1.1,-3.65));
#573 = ( GEOMETRIC_REPRESENTATION_CONTEXT(2) 
PARAMETRIC_REPRESENTATION_CONTEXT() REPRESENTATION_CONTEXT('2D SPACE',''
  ) );
#574 = ORIENTED_EDGE('',*,*,#575,.T.);
#575 = EDGE_CURVE('',#555,#530,#576,.T.);
#576 = SURFACE_CURVE('',#577,(#581,#587),.PCURVE_S1.);
#577 = LINE('',#578,#579);
#578 = CARTESIAN_POINT('',(-17.55,-9.35,0.));
#579 = VECTOR('',#580,1.);
#580 = DIRECTION('',(-1.,-0.,0.));
#581 = PCURVE('',#212,#582);
#582 = DEFINITIONAL_REPRESENTATION('',(#583),#586);
#583 = B_SPLINE_CURVE_WITH_KNOTS('',1,(#584,#585),.UNSPECIFIED.,.F.,.F.,
  (2,2),(-35.1,0.),.PIECEWISE_BEZIER_KNOTS.);
#584 = CARTESIAN_POINT('',(35.1,6.25));
#585 = CARTESIAN_POINT('',(0.,6.25));
#586 = ( GEOMETRIC_REPRESENTATION_CONTEXT(2) 
PARAMETRIC_REPRESENTATION_CONTEXT() REPRESENTATION_CONTEXT('2D SPACE',''
  ) );
#587 = PCURVE('',#588,#593);
#588 = PLANE('',#589);
#589 = AXIS2_PLACEMENT_3D('',#590,#591,#592);
#590 = CARTESIAN_POINT('',(-17.55,-9.35,-1.1));
#591 = DIRECTION('',(-0.,1.,0.));
#592 = DIRECTION('',(0.,0.,1.));
#593 = DEFINITIONAL_REPRESENTATION('',(#594),#597);
#594 = B_SPLINE_CURVE_WITH_KNOTS('',1,(#595,#596),.UNSPECIFIED.,.F.,.F.,
  (2,2),(-35.1,0.),.PIECEWISE_BEZIER_KNOTS.);
#595 = CARTESIAN_POINT('',(1.1,35.1));
#596 = CARTESIAN_POINT('',(1.1,0.));
#597 = ( GEOMETRIC_REPRESENTATION_CONTEXT(2) 
PARAMETRIC_REPRESENTATION_CONTEXT() REPRESENTATION_CONTEXT('2D SPACE',''
  ) );
#598 = ADVANCED_FACE('',(#599),#380,.T.);
#599 = FACE_BOUND('',#600,.T.);
#600 = EDGE_LOOP('',(#601,#624,#652,#671,#672));
#601 = ORIENTED_EDGE('',*,*,#602,.F.);
#602 = EDGE_CURVE('',#603,#340,#605,.T.);
#603 = VERTEX_POINT('',#604);
#604 = CARTESIAN_POINT('',(-6.5,-13.,-1.1));
#605 = SURFACE_CURVE('',#606,(#610,#617),.PCURVE_S1.);
#606 = LINE('',#607,#608);
#607 = CARTESIAN_POINT('',(-6.5,-13.,-1.1));
#608 = VECTOR('',#609,1.);
#609 = DIRECTION('',(0.,0.,1.));
#610 = PCURVE('',#380,#611);
#611 = DEFINITIONAL_REPRESENTATION('',(#612),#616);
#612 = LINE('',#613,#614);
#613 = CARTESIAN_POINT('',(0.,0.));
#614 = VECTOR('',#615,1.);
#615 = DIRECTION('',(1.,0.));
#616 = ( GEOMETRIC_REPRESENTATION_CONTEXT(2) 
PARAMETRIC_REPRESENTATION_CONTEXT() REPRESENTATION_CONTEXT('2D SPACE',''
  ) );
#617 = PCURVE('',#354,#618);
#618 = DEFINITIONAL_REPRESENTATION('',(#619),#623);
#619 = LINE('',#620,#621);
#620 = CARTESIAN_POINT('',(0.,0.));
#621 = VECTOR('',#622,1.);
#622 = DIRECTION('',(1.,0.));
#623 = ( GEOMETRIC_REPRESENTATION_CONTEXT(2) 
PARAMETRIC_REPRESENTATION_CONTEXT() REPRESENTATION_CONTEXT('2D SPACE',''
  ) );
#624 = ORIENTED_EDGE('',*,*,#625,.T.);
#625 = EDGE_CURVE('',#603,#626,#628,.T.);
#626 = VERTEX_POINT('',#627);
#627 = CARTESIAN_POINT('',(-6.5,-9.35,-1.1));
#628 = SURFACE_CURVE('',#629,(#633,#640),.PCURVE_S1.);
#629 = LINE('',#630,#631);
#630 = CARTESIAN_POINT('',(-6.5,-13.,-1.1));
#631 = VECTOR('',#632,1.);
#632 = DIRECTION('',(-0.,1.,0.));
#633 = PCURVE('',#380,#634);
#634 = DEFINITIONAL_REPRESENTATION('',(#635),#639);
#635 = LINE('',#636,#637);
#636 = CARTESIAN_POINT('',(0.,0.));
#637 = VECTOR('',#638,1.);
#638 = DIRECTION('',(0.,-1.));
#639 = ( GEOMETRIC_REPRESENTATION_CONTEXT(2) 
PARAMETRIC_REPRESENTATION_CONTEXT() REPRESENTATION_CONTEXT('2D SPACE',''
  ) );
#640 = PCURVE('',#641,#646);
#641 = PLANE('',#642);
#642 = AXIS2_PLACEMENT_3D('',#643,#644,#645);
#643 = CARTESIAN_POINT('',(-17.95,-13.,-1.1));
#644 = DIRECTION('',(0.,0.,1.));
#645 = DIRECTION('',(1.,0.,-0.));
#646 = DEFINITIONAL_REPRESENTATION('',(#647),#651);
#647 = LINE('',#648,#649);
#648 = CARTESIAN_POINT('',(11.45,0.));
#649 = VECTOR('',#650,1.);
#650 = DIRECTION('',(0.,1.));
#651 = ( GEOMETRIC_REPRESENTATION_CONTEXT(2) 
PARAMETRIC_REPRESENTATION_CONTEXT() REPRESENTATION_CONTEXT('2D SPACE',''
  ) );
#652 = ORIENTED_EDGE('',*,*,#653,.F.);
#653 = EDGE_CURVE('',#555,#626,#654,.T.);
#654 = SURFACE_CURVE('',#655,(#659,#665),.PCURVE_S1.);
#655 = LINE('',#656,#657);
#656 = CARTESIAN_POINT('',(-6.5,-9.35,-1.1));
#657 = VECTOR('',#658,1.);
#658 = DIRECTION('',(-0.,0.,-1.));
#659 = PCURVE('',#380,#660);
#660 = DEFINITIONAL_REPRESENTATION('',(#661),#664);
#661 = B_SPLINE_CURVE_WITH_KNOTS('',1,(#662,#663),.UNSPECIFIED.,.F.,.F.,
  (2,2),(-1.1,0.),.PIECEWISE_BEZIER_KNOTS.);
#662 = CARTESIAN_POINT('',(1.1,-3.65));
#663 = CARTESIAN_POINT('',(0.,-3.65));
#664 = ( GEOMETRIC_REPRESENTATION_CONTEXT(2) 
PARAMETRIC_REPRESENTATION_CONTEXT() REPRESENTATION_CONTEXT('2D SPACE',''
  ) );
#665 = PCURVE('',#588,#666);
#666 = DEFINITIONAL_REPRESENTATION('',(#667),#670);
#667 = B_SPLINE_CURVE_WITH_KNOTS('',1,(#668,#669),.UNSPECIFIED.,.F.,.F.,
  (2,2),(-1.1,0.),.PIECEWISE_BEZIER_KNOTS.);
#668 = CARTESIAN_POINT('',(1.1,11.05));
#669 = CARTESIAN_POINT('',(0.,11.05));
#670 = ( GEOMETRIC_REPRESENTATION_CONTEXT(2) 
PARAMETRIC_REPRESENTATION_CONTEXT() REPRESENTATION_CONTEXT('2D SPACE',''
  ) );
#671 = ORIENTED_EDGE('',*,*,#554,.F.);
#672 = ORIENTED_EDGE('',*,*,#365,.F.);
#673 = ADVANCED_FACE('',(#674),#354,.T.);
#674 = FACE_BOUND('',#675,.T.);
#675 = EDGE_LOOP('',(#676,#699,#725,#726));
#676 = ORIENTED_EDGE('',*,*,#677,.F.);
#677 = EDGE_CURVE('',#678,#314,#680,.T.);
#678 = VERTEX_POINT('',#679);
#679 = CARTESIAN_POINT('',(7.5,-13.,-1.1));
#680 = SURFACE_CURVE('',#681,(#685,#692),.PCURVE_S1.);
#681 = LINE('',#682,#683);
#682 = CARTESIAN_POINT('',(7.5,-13.,-1.1));
#683 = VECTOR('',#684,1.);
#684 = DIRECTION('',(0.,0.,1.));
#685 = PCURVE('',#354,#686);
#686 = DEFINITIONAL_REPRESENTATION('',(#687),#691);
#687 = LINE('',#688,#689);
#688 = CARTESIAN_POINT('',(0.,14.));
#689 = VECTOR('',#690,1.);
#690 = DIRECTION('',(1.,0.));
#691 = ( GEOMETRIC_REPRESENTATION_CONTEXT(2) 
PARAMETRIC_REPRESENTATION_CONTEXT() REPRESENTATION_CONTEXT('2D SPACE',''
  ) );
#692 = PCURVE('',#328,#693);
#693 = DEFINITIONAL_REPRESENTATION('',(#694),#698);
#694 = LINE('',#695,#696);
#695 = CARTESIAN_POINT('',(0.,0.));
#696 = VECTOR('',#697,1.);
#697 = DIRECTION('',(1.,0.));
#698 = ( GEOMETRIC_REPRESENTATION_CONTEXT(2) 
PARAMETRIC_REPRESENTATION_CONTEXT() REPRESENTATION_CONTEXT('2D SPACE',''
  ) );
#699 = ORIENTED_EDGE('',*,*,#700,.F.);
#700 = EDGE_CURVE('',#603,#678,#701,.T.);
#701 = SURFACE_CURVE('',#702,(#706,#713),.PCURVE_S1.);
#702 = LINE('',#703,#704);
#703 = CARTESIAN_POINT('',(-6.5,-13.,-1.1));
#704 = VECTOR('',#705,1.);
#705 = DIRECTION('',(1.,0.,-0.));
#706 = PCURVE('',#354,#707);
#707 = DEFINITIONAL_REPRESENTATION('',(#708),#712);
#708 = LINE('',#709,#710);
#709 = CARTESIAN_POINT('',(0.,0.));
#710 = VECTOR('',#711,1.);
#711 = DIRECTION('',(0.,1.));
#712 = ( GEOMETRIC_REPRESENTATION_CONTEXT(2) 
PARAMETRIC_REPRESENTATION_CONTEXT() REPRESENTATION_CONTEXT('2D SPACE',''
  ) );
#713 = PCURVE('',#714,#719);
#714 = PLANE('',#715);
#715 = AXIS2_PLACEMENT_3D('',#716,#717,#718);
#716 = CARTESIAN_POINT('',(-17.95,-13.,-6.6));
#717 = DIRECTION('',(-0.,1.,0.));
#718 = DIRECTION('',(0.,0.,1.));
#719 = DEFINITIONAL_REPRESENTATION('',(#720),#724);
#720 = LINE('',#721,#722);
#721 = CARTESIAN_POINT('',(5.5,11.45));
#722 = VECTOR('',#723,1.);
#723 = DIRECTION('',(0.,1.));
#724 = ( GEOMETRIC_REPRESENTATION_CONTEXT(2) 
PARAMETRIC_REPRESENTATION_CONTEXT() REPRESENTATION_CONTEXT('2D SPACE',''
  ) );
#725 = ORIENTED_EDGE('',*,*,#602,.T.);
#726 = ORIENTED_EDGE('',*,*,#339,.F.);
#727 = ADVANCED_FACE('',(#728),#328,.F.);
#728 = FACE_BOUND('',#729,.F.);
#729 = EDGE_LOOP('',(#730,#731,#759,#785,#804));
#730 = ORIENTED_EDGE('',*,*,#677,.F.);
#731 = ORIENTED_EDGE('',*,*,#732,.T.);
#732 = EDGE_CURVE('',#678,#733,#735,.T.);
#733 = VERTEX_POINT('',#734);
#734 = CARTESIAN_POINT('',(7.5,-9.35,-1.1));
#735 = SURFACE_CURVE('',#736,(#740,#747),.PCURVE_S1.);
#736 = LINE('',#737,#738);
#737 = CARTESIAN_POINT('',(7.5,-13.,-1.1));
#738 = VECTOR('',#739,1.);
#739 = DIRECTION('',(-0.,1.,0.));
#740 = PCURVE('',#328,#741);
#741 = DEFINITIONAL_REPRESENTATION('',(#742),#746);
#742 = LINE('',#743,#744);
#743 = CARTESIAN_POINT('',(0.,0.));
#744 = VECTOR('',#745,1.);
#745 = DIRECTION('',(0.,-1.));
#746 = ( GEOMETRIC_REPRESENTATION_CONTEXT(2) 
PARAMETRIC_REPRESENTATION_CONTEXT() REPRESENTATION_CONTEXT('2D SPACE',''
  ) );
#747 = PCURVE('',#748,#753);
#748 = PLANE('',#749);
#749 = AXIS2_PLACEMENT_3D('',#750,#751,#752);
#750 = CARTESIAN_POINT('',(-17.95,-13.,-1.1));
#751 = DIRECTION('',(0.,0.,1.));
#752 = DIRECTION('',(1.,0.,-0.));
#753 = DEFINITIONAL_REPRESENTATION('',(#754),#758);
#754 = LINE('',#755,#756);
#755 = CARTESIAN_POINT('',(25.45,0.));
#756 = VECTOR('',#757,1.);
#757 = DIRECTION('',(0.,1.));
#758 = ( GEOMETRIC_REPRESENTATION_CONTEXT(2) 
PARAMETRIC_REPRESENTATION_CONTEXT() REPRESENTATION_CONTEXT('2D SPACE',''
  ) );
#759 = ORIENTED_EDGE('',*,*,#760,.F.);
#760 = EDGE_CURVE('',#761,#733,#763,.T.);
#761 = VERTEX_POINT('',#762);
#762 = CARTESIAN_POINT('',(7.5,-9.35,0.));
#763 = SURFACE_CURVE('',#764,(#768,#774),.PCURVE_S1.);
#764 = LINE('',#765,#766);
#765 = CARTESIAN_POINT('',(7.5,-9.35,-1.1));
#766 = VECTOR('',#767,1.);
#767 = DIRECTION('',(-0.,0.,-1.));
#768 = PCURVE('',#328,#769);
#769 = DEFINITIONAL_REPRESENTATION('',(#770),#773);
#770 = B_SPLINE_CURVE_WITH_KNOTS('',1,(#771,#772),.UNSPECIFIED.,.F.,.F.,
  (2,2),(-1.1,0.),.PIECEWISE_BEZIER_KNOTS.);
#771 = CARTESIAN_POINT('',(1.1,-3.65));
#772 = CARTESIAN_POINT('',(0.,-3.65));
#773 = ( GEOMETRIC_REPRESENTATION_CONTEXT(2) 
PARAMETRIC_REPRESENTATION_CONTEXT() REPRESENTATION_CONTEXT('2D SPACE',''
  ) );
#774 = PCURVE('',#775,#780);
#775 = PLANE('',#776);
#776 = AXIS2_PLACEMENT_3D('',#777,#778,#779);
#777 = CARTESIAN_POINT('',(-17.55,-9.35,-1.1));
#778 = DIRECTION('',(-0.,1.,0.));
#779 = DIRECTION('',(0.,0.,1.));
#780 = DEFINITIONAL_REPRESENTATION('',(#781),#784);
#781 = B_SPLINE_CURVE_WITH_KNOTS('',1,(#782,#783),.UNSPECIFIED.,.F.,.F.,
  (2,2),(-1.1,0.),.PIECEWISE_BEZIER_KNOTS.);
#782 = CARTESIAN_POINT('',(1.1,25.05));
#783 = CARTESIAN_POINT('',(0.,25.05));
#784 = ( GEOMETRIC_REPRESENTATION_CONTEXT(2) 
PARAMETRIC_REPRESENTATION_CONTEXT() REPRESENTATION_CONTEXT('2D SPACE',''
  ) );
#785 = ORIENTED_EDGE('',*,*,#786,.F.);
#786 = EDGE_CURVE('',#286,#761,#787,.T.);
#787 = SURFACE_CURVE('',#788,(#792,#798),.PCURVE_S1.);
#788 = LINE('',#789,#790);
#789 = CARTESIAN_POINT('',(7.5,-14.3,0.));
#790 = VECTOR('',#791,1.);
#791 = DIRECTION('',(-0.,1.,0.));
#792 = PCURVE('',#328,#793);
#793 = DEFINITIONAL_REPRESENTATION('',(#794),#797);
#794 = B_SPLINE_CURVE_WITH_KNOTS('',1,(#795,#796),.UNSPECIFIED.,.F.,.F.,
  (2,2),(1.7,4.95),.PIECEWISE_BEZIER_KNOTS.);
#795 = CARTESIAN_POINT('',(1.1,-0.4));
#796 = CARTESIAN_POINT('',(1.1,-3.65));
#797 = ( GEOMETRIC_REPRESENTATION_CONTEXT(2) 
PARAMETRIC_REPRESENTATION_CONTEXT() REPRESENTATION_CONTEXT('2D SPACE',''
  ) );
#798 = PCURVE('',#301,#799);
#799 = DEFINITIONAL_REPRESENTATION('',(#800),#803);
#800 = B_SPLINE_CURVE_WITH_KNOTS('',1,(#801,#802),.UNSPECIFIED.,.F.,.F.,
  (2,2),(1.7,4.95),.PIECEWISE_BEZIER_KNOTS.);
#801 = CARTESIAN_POINT('',(25.05,3.));
#802 = CARTESIAN_POINT('',(25.05,6.25));
#803 = ( GEOMETRIC_REPRESENTATION_CONTEXT(2) 
PARAMETRIC_REPRESENTATION_CONTEXT() REPRESENTATION_CONTEXT('2D SPACE',''
  ) );
#804 = ORIENTED_EDGE('',*,*,#313,.F.);
#805 = ADVANCED_FACE('',(#806),#301,.T.);
#806 = FACE_BOUND('',#807,.T.);
#807 = EDGE_LOOP('',(#808,#829,#830,#831,#860));
#808 = ORIENTED_EDGE('',*,*,#809,.T.);
#809 = EDGE_CURVE('',#810,#761,#812,.T.);
#810 = VERTEX_POINT('',#811);
#811 = CARTESIAN_POINT('',(17.55,-9.35,0.));
#812 = SURFACE_CURVE('',#813,(#817,#823),.PCURVE_S1.);
#813 = LINE('',#814,#815);
#814 = CARTESIAN_POINT('',(-17.55,-9.35,0.));
#815 = VECTOR('',#816,1.);
#816 = DIRECTION('',(-1.,-0.,0.));
#817 = PCURVE('',#301,#818);
#818 = DEFINITIONAL_REPRESENTATION('',(#819),#822);
#819 = B_SPLINE_CURVE_WITH_KNOTS('',1,(#820,#821),.UNSPECIFIED.,.F.,.F.,
  (2,2),(-35.1,0.),.PIECEWISE_BEZIER_KNOTS.);
#820 = CARTESIAN_POINT('',(35.1,6.25));
#821 = CARTESIAN_POINT('',(0.,6.25));
#822 = ( GEOMETRIC_REPRESENTATION_CONTEXT(2) 
PARAMETRIC_REPRESENTATION_CONTEXT() REPRESENTATION_CONTEXT('2D SPACE',''
  ) );
#823 = PCURVE('',#775,#824);
#824 = DEFINITIONAL_REPRESENTATION('',(#825),#828);
#825 = B_SPLINE_CURVE_WITH_KNOTS('',1,(#826,#827),.UNSPECIFIED.,.F.,.F.,
  (2,2),(-35.1,0.),.PIECEWISE_BEZIER_KNOTS.);
#826 = CARTESIAN_POINT('',(1.1,35.1));
#827 = CARTESIAN_POINT('',(1.1,0.));
#828 = ( GEOMETRIC_REPRESENTATION_CONTEXT(2) 
PARAMETRIC_REPRESENTATION_CONTEXT() REPRESENTATION_CONTEXT('2D SPACE',''
  ) );
#829 = ORIENTED_EDGE('',*,*,#786,.F.);
#830 = ORIENTED_EDGE('',*,*,#285,.T.);
#831 = ORIENTED_EDGE('',*,*,#832,.F.);
#832 = EDGE_CURVE('',#833,#257,#835,.T.);
#833 = VERTEX_POINT('',#834);
#834 = CARTESIAN_POINT('',(17.55,-9.6,0.));
#835 = SURFACE_CURVE('',#836,(#841,#848),.PCURVE_S1.);
#836 = CIRCLE('',#837,3.);
#837 = AXIS2_PLACEMENT_3D('',#838,#839,#840);
#838 = CARTESIAN_POINT('',(17.55,-12.6,0.));
#839 = DIRECTION('',(0.,0.,1.));
#840 = DIRECTION('',(1.,0.,-0.));
#841 = PCURVE('',#301,#842);
#842 = DEFINITIONAL_REPRESENTATION('',(#843),#847);
#843 = CIRCLE('',#844,3.);
#844 = AXIS2_PLACEMENT_2D('',#845,#846);
#845 = CARTESIAN_POINT('',(35.1,3.));
#846 = DIRECTION('',(1.,0.));
#847 = ( GEOMETRIC_REPRESENTATION_CONTEXT(2) 
PARAMETRIC_REPRESENTATION_CONTEXT() REPRESENTATION_CONTEXT('2D SPACE',''
  ) );
#848 = PCURVE('',#849,#854);
#849 = PLANE('',#850);
#850 = AXIS2_PLACEMENT_3D('',#851,#852,#853);
#851 = CARTESIAN_POINT('',(-17.55,-15.6,0.));
#852 = DIRECTION('',(0.,0.,1.));
#853 = DIRECTION('',(1.,0.,-0.));
#854 = DEFINITIONAL_REPRESENTATION('',(#855),#859);
#855 = CIRCLE('',#856,3.);
#856 = AXIS2_PLACEMENT_2D('',#857,#858);
#857 = CARTESIAN_POINT('',(35.1,3.));
#858 = DIRECTION('',(1.,0.));
#859 = ( GEOMETRIC_REPRESENTATION_CONTEXT(2) 
PARAMETRIC_REPRESENTATION_CONTEXT() REPRESENTATION_CONTEXT('2D SPACE',''
  ) );
#860 = ORIENTED_EDGE('',*,*,#861,.T.);
#861 = EDGE_CURVE('',#833,#810,#862,.T.);
#862 = SURFACE_CURVE('',#863,(#867,#874),.PCURVE_S1.);
#863 = LINE('',#864,#865);
#864 = CARTESIAN_POINT('',(17.55,-15.6,0.));
#865 = VECTOR('',#866,1.);
#866 = DIRECTION('',(-0.,1.,0.));
#867 = PCURVE('',#301,#868);
#868 = DEFINITIONAL_REPRESENTATION('',(#869),#873);
#869 = LINE('',#870,#871);
#870 = CARTESIAN_POINT('',(35.1,0.));
#871 = VECTOR('',#872,1.);
#872 = DIRECTION('',(0.,1.));
#873 = ( GEOMETRIC_REPRESENTATION_CONTEXT(2) 
PARAMETRIC_REPRESENTATION_CONTEXT() REPRESENTATION_CONTEXT('2D SPACE',''
  ) );
#874 = PCURVE('',#875,#880);
#875 = PLANE('',#876);
#876 = AXIS2_PLACEMENT_3D('',#877,#878,#879);
#877 = CARTESIAN_POINT('',(-20.55,-12.6,0.));
#878 = DIRECTION('',(0.,0.,1.));
#879 = DIRECTION('',(1.,0.,-0.));
#880 = DEFINITIONAL_REPRESENTATION('',(#881),#885);
#881 = LINE('',#882,#883);
#882 = CARTESIAN_POINT('',(38.1,-3.));
#883 = VECTOR('',#884,1.);
#884 = DIRECTION('',(0.,1.));
#885 = ( GEOMETRIC_REPRESENTATION_CONTEXT(2) 
PARAMETRIC_REPRESENTATION_CONTEXT() REPRESENTATION_CONTEXT('2D SPACE',''
  ) );
#886 = ADVANCED_FACE('',(#887),#273,.T.);
#887 = FACE_BOUND('',#888,.T.);
#888 = EDGE_LOOP('',(#889,#890,#918));
#889 = ORIENTED_EDGE('',*,*,#256,.T.);
#890 = ORIENTED_EDGE('',*,*,#891,.T.);
#891 = EDGE_CURVE('',#229,#892,#894,.T.);
#892 = VERTEX_POINT('',#893);
#893 = CARTESIAN_POINT('',(17.55,-12.6,0.));
#894 = SURFACE_CURVE('',#895,(#899,#906),.PCURVE_S1.);
#895 = LINE('',#896,#897);
#896 = CARTESIAN_POINT('',(17.55,-15.6,0.));
#897 = VECTOR('',#898,1.);
#898 = DIRECTION('',(-0.,1.,0.));
#899 = PCURVE('',#273,#900);
#900 = DEFINITIONAL_REPRESENTATION('',(#901),#905);
#901 = LINE('',#902,#903);
#902 = CARTESIAN_POINT('',(35.1,0.));
#903 = VECTOR('',#904,1.);
#904 = DIRECTION('',(0.,1.));
#905 = ( GEOMETRIC_REPRESENTATION_CONTEXT(2) 
PARAMETRIC_REPRESENTATION_CONTEXT() REPRESENTATION_CONTEXT('2D SPACE',''
  ) );
#906 = PCURVE('',#907,#912);
#907 = PLANE('',#908);
#908 = AXIS2_PLACEMENT_3D('',#909,#910,#911);
#909 = CARTESIAN_POINT('',(17.55,-12.6,0.));
#910 = DIRECTION('',(0.,0.,1.));
#911 = DIRECTION('',(1.,0.,-0.));
#912 = DEFINITIONAL_REPRESENTATION('',(#913),#917);
#913 = LINE('',#914,#915);
#914 = CARTESIAN_POINT('',(0.,-3.));
#915 = VECTOR('',#916,1.);
#916 = DIRECTION('',(0.,1.));
#917 = ( GEOMETRIC_REPRESENTATION_CONTEXT(2) 
PARAMETRIC_REPRESENTATION_CONTEXT() REPRESENTATION_CONTEXT('2D SPACE',''
  ) );
#918 = ORIENTED_EDGE('',*,*,#919,.F.);
#919 = EDGE_CURVE('',#257,#892,#920,.T.);
#920 = SURFACE_CURVE('',#921,(#925,#932),.PCURVE_S1.);
#921 = LINE('',#922,#923);
#922 = CARTESIAN_POINT('',(-20.55,-12.6,0.));
#923 = VECTOR('',#924,1.);
#924 = DIRECTION('',(1.,0.,-0.));
#925 = PCURVE('',#273,#926);
#926 = DEFINITIONAL_REPRESENTATION('',(#927),#931);
#927 = LINE('',#928,#929);
#928 = CARTESIAN_POINT('',(-3.,3.));
#929 = VECTOR('',#930,1.);
#930 = DIRECTION('',(1.,0.));
#931 = ( GEOMETRIC_REPRESENTATION_CONTEXT(2) 
PARAMETRIC_REPRESENTATION_CONTEXT() REPRESENTATION_CONTEXT('2D SPACE',''
  ) );
#932 = PCURVE('',#849,#933);
#933 = DEFINITIONAL_REPRESENTATION('',(#934),#938);
#934 = LINE('',#935,#936);
#935 = CARTESIAN_POINT('',(-3.,3.));
#936 = VECTOR('',#937,1.);
#937 = DIRECTION('',(1.,0.));
#938 = ( GEOMETRIC_REPRESENTATION_CONTEXT(2) 
PARAMETRIC_REPRESENTATION_CONTEXT() REPRESENTATION_CONTEXT('2D SPACE',''
  ) );
#939 = ADVANCED_FACE('',(#940),#244,.F.);
#940 = FACE_BOUND('',#941,.F.);
#941 = EDGE_LOOP('',(#942,#970,#971,#972));
#942 = ORIENTED_EDGE('',*,*,#943,.F.);
#943 = EDGE_CURVE('',#477,#944,#946,.T.);
#944 = VERTEX_POINT('',#945);
#945 = CARTESIAN_POINT('',(17.55,-15.6,-5.6));
#946 = SURFACE_CURVE('',#947,(#951,#958),.PCURVE_S1.);
#947 = LINE('',#948,#949);
#948 = CARTESIAN_POINT('',(-17.55,-15.6,-5.6));
#949 = VECTOR('',#950,1.);
#950 = DIRECTION('',(1.,0.,-0.));
#951 = PCURVE('',#244,#952);
#952 = DEFINITIONAL_REPRESENTATION('',(#953),#957);
#953 = LINE('',#954,#955);
#954 = CARTESIAN_POINT('',(0.,0.));
#955 = VECTOR('',#956,1.);
#956 = DIRECTION('',(0.,1.));
#957 = ( GEOMETRIC_REPRESENTATION_CONTEXT(2) 
PARAMETRIC_REPRESENTATION_CONTEXT() REPRESENTATION_CONTEXT('2D SPACE',''
  ) );
#958 = PCURVE('',#959,#964);
#959 = PLANE('',#960);
#960 = AXIS2_PLACEMENT_3D('',#961,#962,#963);
#961 = CARTESIAN_POINT('',(-17.55,-15.6,-5.6));
#962 = DIRECTION('',(0.,0.,1.));
#963 = DIRECTION('',(1.,0.,-0.));
#964 = DEFINITIONAL_REPRESENTATION('',(#965),#969);
#965 = LINE('',#966,#967);
#966 = CARTESIAN_POINT('',(0.,0.));
#967 = VECTOR('',#968,1.);
#968 = DIRECTION('',(1.,0.));
#969 = ( GEOMETRIC_REPRESENTATION_CONTEXT(2) 
PARAMETRIC_REPRESENTATION_CONTEXT() REPRESENTATION_CONTEXT('2D SPACE',''
  ) );
#970 = ORIENTED_EDGE('',*,*,#505,.T.);
#971 = ORIENTED_EDGE('',*,*,#228,.T.);
#972 = ORIENTED_EDGE('',*,*,#973,.F.);
#973 = EDGE_CURVE('',#944,#229,#974,.T.);
#974 = SURFACE_CURVE('',#975,(#979,#986),.PCURVE_S1.);
#975 = LINE('',#976,#977);
#976 = CARTESIAN_POINT('',(17.55,-15.6,-5.6));
#977 = VECTOR('',#978,1.);
#978 = DIRECTION('',(0.,0.,1.));
#979 = PCURVE('',#244,#980);
#980 = DEFINITIONAL_REPRESENTATION('',(#981),#985);
#981 = LINE('',#982,#983);
#982 = CARTESIAN_POINT('',(0.,35.1));
#983 = VECTOR('',#984,1.);
#984 = DIRECTION('',(1.,0.));
#985 = ( GEOMETRIC_REPRESENTATION_CONTEXT(2) 
PARAMETRIC_REPRESENTATION_CONTEXT() REPRESENTATION_CONTEXT('2D SPACE',''
  ) );
#986 = PCURVE('',#987,#992);
#987 = CYLINDRICAL_SURFACE('',#988,3.);
#988 = AXIS2_PLACEMENT_3D('',#989,#990,#991);
#989 = CARTESIAN_POINT('',(17.55,-12.6,-5.6));
#990 = DIRECTION('',(0.,0.,1.));
#991 = DIRECTION('',(1.,0.,-0.));
#992 = DEFINITIONAL_REPRESENTATION('',(#993),#997);
#993 = LINE('',#994,#995);
#994 = CARTESIAN_POINT('',(4.712388980385,0.));
#995 = VECTOR('',#996,1.);
#996 = DIRECTION('',(0.,1.));
#997 = ( GEOMETRIC_REPRESENTATION_CONTEXT(2) 
PARAMETRIC_REPRESENTATION_CONTEXT() REPRESENTATION_CONTEXT('2D SPACE',''
  ) );
#998 = ADVANCED_FACE('',(#999),#430,.T.);
#999 = FACE_BOUND('',#1000,.T.);
#1000 = EDGE_LOOP('',(#1001,#1032,#1053,#1054,#1055));
#1001 = ORIENTED_EDGE('',*,*,#1002,.F.);
#1002 = EDGE_CURVE('',#1003,#1005,#1007,.T.);
#1003 = VERTEX_POINT('',#1004);
#1004 = CARTESIAN_POINT('',(-20.55,-3.788139384975,0.));
#1005 = VERTEX_POINT('',#1006);
#1006 = CARTESIAN_POINT('',(-17.55,-1.884144368142,0.));
#1007 = SURFACE_CURVE('',#1008,(#1013,#1020),.PCURVE_S1.);
#1008 = CIRCLE('',#1009,3.8);
#1009 = AXIS2_PLACEMENT_3D('',#1010,#1011,#1012);
#1010 = CARTESIAN_POINT('',(-20.85,0.,0.));
#1011 = DIRECTION('',(0.,0.,1.));
#1012 = DIRECTION('',(1.,0.,-0.));
#1013 = PCURVE('',#430,#1014);
#1014 = DEFINITIONAL_REPRESENTATION('',(#1015),#1019);
#1015 = CIRCLE('',#1016,3.8);
#1016 = AXIS2_PLACEMENT_2D('',#1017,#1018);
#1017 = CARTESIAN_POINT('',(-0.3,12.6));
#1018 = DIRECTION('',(1.,0.));
#1019 = ( GEOMETRIC_REPRESENTATION_CONTEXT(2) 
PARAMETRIC_REPRESENTATION_CONTEXT() REPRESENTATION_CONTEXT('2D SPACE',''
  ) );
#1020 = PCURVE('',#1021,#1026);
#1021 = PLANE('',#1022);
#1022 = AXIS2_PLACEMENT_3D('',#1023,#1024,#1025);
#1023 = CARTESIAN_POINT('',(-20.55,-12.6,0.));
#1024 = DIRECTION('',(0.,0.,1.));
#1025 = DIRECTION('',(1.,0.,-0.));
#1026 = DEFINITIONAL_REPRESENTATION('',(#1027),#1031);
#1027 = CIRCLE('',#1028,3.8);
#1028 = AXIS2_PLACEMENT_2D('',#1029,#1030);
#1029 = CARTESIAN_POINT('',(-0.3,12.6));
#1030 = DIRECTION('',(1.,0.));
#1031 = ( GEOMETRIC_REPRESENTATION_CONTEXT(2) 
PARAMETRIC_REPRESENTATION_CONTEXT() REPRESENTATION_CONTEXT('2D SPACE',''
  ) );
#1032 = ORIENTED_EDGE('',*,*,#1033,.F.);
#1033 = EDGE_CURVE('',#115,#1003,#1034,.T.);
#1034 = SURFACE_CURVE('',#1035,(#1039,#1046),.PCURVE_S1.);
#1035 = LINE('',#1036,#1037);
#1036 = CARTESIAN_POINT('',(-20.55,-12.6,0.));
#1037 = VECTOR('',#1038,1.);
#1038 = DIRECTION('',(-0.,1.,0.));
#1039 = PCURVE('',#430,#1040);
#1040 = DEFINITIONAL_REPRESENTATION('',(#1041),#1045);
#1041 = LINE('',#1042,#1043);
#1042 = CARTESIAN_POINT('',(0.,0.));
#1043 = VECTOR('',#1044,1.);
#1044 = DIRECTION('',(0.,1.));
#1045 = ( GEOMETRIC_REPRESENTATION_CONTEXT(2) 
PARAMETRIC_REPRESENTATION_CONTEXT() REPRESENTATION_CONTEXT('2D SPACE',''
  ) );
#1046 = PCURVE('',#464,#1047);
#1047 = DEFINITIONAL_REPRESENTATION('',(#1048),#1052);
#1048 = LINE('',#1049,#1050);
#1049 = CARTESIAN_POINT('',(5.6,0.));
#1050 = VECTOR('',#1051,1.);
#1051 = DIRECTION('',(0.,-1.));
#1052 = ( GEOMETRIC_REPRESENTATION_CONTEXT(2) 
PARAMETRIC_REPRESENTATION_CONTEXT() REPRESENTATION_CONTEXT('2D SPACE',''
  ) );
#1053 = ORIENTED_EDGE('',*,*,#415,.F.);
#1054 = ORIENTED_EDGE('',*,*,#529,.T.);
#1055 = ORIENTED_EDGE('',*,*,#1056,.T.);
#1056 = EDGE_CURVE('',#530,#1005,#1057,.T.);
#1057 = SURFACE_CURVE('',#1058,(#1062,#1069),.PCURVE_S1.);
#1058 = LINE('',#1059,#1060);
#1059 = CARTESIAN_POINT('',(-17.55,-15.6,0.));
#1060 = VECTOR('',#1061,1.);
#1061 = DIRECTION('',(-0.,1.,0.));
#1062 = PCURVE('',#430,#1063);
#1063 = DEFINITIONAL_REPRESENTATION('',(#1064),#1068);
#1064 = LINE('',#1065,#1066);
#1065 = CARTESIAN_POINT('',(3.,-3.));
#1066 = VECTOR('',#1067,1.);
#1067 = DIRECTION('',(0.,1.));
#1068 = ( GEOMETRIC_REPRESENTATION_CONTEXT(2) 
PARAMETRIC_REPRESENTATION_CONTEXT() REPRESENTATION_CONTEXT('2D SPACE',''
  ) );
#1069 = PCURVE('',#1070,#1075);
#1070 = PLANE('',#1071);
#1071 = AXIS2_PLACEMENT_3D('',#1072,#1073,#1074);
#1072 = CARTESIAN_POINT('',(-17.55,-9.35,-1.1));
#1073 = DIRECTION('',(1.,0.,-0.));
#1074 = DIRECTION('',(0.,0.,1.));
#1075 = DEFINITIONAL_REPRESENTATION('',(#1076),#1080);
#1076 = LINE('',#1077,#1078);
#1077 = CARTESIAN_POINT('',(1.1,6.25));
#1078 = VECTOR('',#1079,1.);
#1079 = DIRECTION('',(0.,-1.));
#1080 = ( GEOMETRIC_REPRESENTATION_CONTEXT(2) 
PARAMETRIC_REPRESENTATION_CONTEXT() REPRESENTATION_CONTEXT('2D SPACE',''
  ) );
#1081 = ADVANCED_FACE('',(#1082),#493,.F.);
#1082 = FACE_BOUND('',#1083,.F.);
#1083 = EDGE_LOOP('',(#1084,#1112,#1113,#1141,#1162));
#1084 = ORIENTED_EDGE('',*,*,#1085,.F.);
#1085 = EDGE_CURVE('',#449,#1086,#1088,.T.);
#1086 = VERTEX_POINT('',#1087);
#1087 = CARTESIAN_POINT('',(-17.95,-12.6,-5.6));
#1088 = SURFACE_CURVE('',#1089,(#1093,#1100),.PCURVE_S1.);
#1089 = LINE('',#1090,#1091);
#1090 = CARTESIAN_POINT('',(-20.55,-12.6,-5.6));
#1091 = VECTOR('',#1092,1.);
#1092 = DIRECTION('',(1.,0.,-0.));
#1093 = PCURVE('',#493,#1094);
#1094 = DEFINITIONAL_REPRESENTATION('',(#1095),#1099);
#1095 = LINE('',#1096,#1097);
#1096 = CARTESIAN_POINT('',(-3.,0.));
#1097 = VECTOR('',#1098,1.);
#1098 = DIRECTION('',(1.,0.));
#1099 = ( GEOMETRIC_REPRESENTATION_CONTEXT(2) 
PARAMETRIC_REPRESENTATION_CONTEXT() REPRESENTATION_CONTEXT('2D SPACE',''
  ) );
#1100 = PCURVE('',#1101,#1106);
#1101 = PLANE('',#1102);
#1102 = AXIS2_PLACEMENT_3D('',#1103,#1104,#1105);
#1103 = CARTESIAN_POINT('',(-20.55,-12.6,-5.6));
#1104 = DIRECTION('',(0.,0.,1.));
#1105 = DIRECTION('',(1.,0.,-0.));
#1106 = DEFINITIONAL_REPRESENTATION('',(#1107),#1111);
#1107 = LINE('',#1108,#1109);
#1108 = CARTESIAN_POINT('',(0.,0.));
#1109 = VECTOR('',#1110,1.);
#1110 = DIRECTION('',(1.,0.));
#1111 = ( GEOMETRIC_REPRESENTATION_CONTEXT(2) 
PARAMETRIC_REPRESENTATION_CONTEXT() REPRESENTATION_CONTEXT('2D SPACE',''
  ) );
#1112 = ORIENTED_EDGE('',*,*,#476,.T.);
#1113 = ORIENTED_EDGE('',*,*,#1114,.T.);
#1114 = EDGE_CURVE('',#477,#1115,#1117,.T.);
#1115 = VERTEX_POINT('',#1116);
#1116 = CARTESIAN_POINT('',(-17.55,-13.,-5.6));
#1117 = SURFACE_CURVE('',#1118,(#1122,#1129),.PCURVE_S1.);
#1118 = LINE('',#1119,#1120);
#1119 = CARTESIAN_POINT('',(-17.55,-15.6,-5.6));
#1120 = VECTOR('',#1121,1.);
#1121 = DIRECTION('',(-0.,1.,0.));
#1122 = PCURVE('',#493,#1123);
#1123 = DEFINITIONAL_REPRESENTATION('',(#1124),#1128);
#1124 = LINE('',#1125,#1126);
#1125 = CARTESIAN_POINT('',(0.,-3.));
#1126 = VECTOR('',#1127,1.);
#1127 = DIRECTION('',(0.,1.));
#1128 = ( GEOMETRIC_REPRESENTATION_CONTEXT(2) 
PARAMETRIC_REPRESENTATION_CONTEXT() REPRESENTATION_CONTEXT('2D SPACE',''
  ) );
#1129 = PCURVE('',#1130,#1135);
#1130 = PLANE('',#1131);
#1131 = AXIS2_PLACEMENT_3D('',#1132,#1133,#1134);
#1132 = CARTESIAN_POINT('',(-17.55,-15.6,-5.6));
#1133 = DIRECTION('',(0.,0.,1.));
#1134 = DIRECTION('',(1.,0.,-0.));
#1135 = DEFINITIONAL_REPRESENTATION('',(#1136),#1140);
#1136 = LINE('',#1137,#1138);
#1137 = CARTESIAN_POINT('',(0.,0.));
#1138 = VECTOR('',#1139,1.);
#1139 = DIRECTION('',(0.,1.));
#1140 = ( GEOMETRIC_REPRESENTATION_CONTEXT(2) 
PARAMETRIC_REPRESENTATION_CONTEXT() REPRESENTATION_CONTEXT('2D SPACE',''
  ) );
#1141 = ORIENTED_EDGE('',*,*,#1142,.T.);
#1142 = EDGE_CURVE('',#1115,#1143,#1145,.T.);
#1143 = VERTEX_POINT('',#1144);
#1144 = CARTESIAN_POINT('',(-17.95,-13.,-5.6));
#1145 = SURFACE_CURVE('',#1146,(#1150,#1156),.PCURVE_S1.);
#1146 = LINE('',#1147,#1148);
#1147 = CARTESIAN_POINT('',(-17.75,-13.,-5.6));
#1148 = VECTOR('',#1149,1.);
#1149 = DIRECTION('',(-1.,-0.,0.));
#1150 = PCURVE('',#493,#1151);
#1151 = DEFINITIONAL_REPRESENTATION('',(#1152),#1155);
#1152 = B_SPLINE_CURVE_WITH_KNOTS('',1,(#1153,#1154),.UNSPECIFIED.,.F.,
  .F.,(2,2),(-0.2,0.2),.PIECEWISE_BEZIER_KNOTS.);
#1153 = CARTESIAN_POINT('',(0.,-0.4));
#1154 = CARTESIAN_POINT('',(-0.4,-0.4));
#1155 = ( GEOMETRIC_REPRESENTATION_CONTEXT(2) 
PARAMETRIC_REPRESENTATION_CONTEXT() REPRESENTATION_CONTEXT('2D SPACE',''
  ) );
#1156 = PCURVE('',#714,#1157);
#1157 = DEFINITIONAL_REPRESENTATION('',(#1158),#1161);
#1158 = B_SPLINE_CURVE_WITH_KNOTS('',1,(#1159,#1160),.UNSPECIFIED.,.F.,
  .F.,(2,2),(-0.2,0.2),.PIECEWISE_BEZIER_KNOTS.);
#1159 = CARTESIAN_POINT('',(1.,0.4));
#1160 = CARTESIAN_POINT('',(1.,0.));
#1161 = ( GEOMETRIC_REPRESENTATION_CONTEXT(2) 
PARAMETRIC_REPRESENTATION_CONTEXT() REPRESENTATION_CONTEXT('2D SPACE',''
  ) );
#1162 = ORIENTED_EDGE('',*,*,#1163,.T.);
#1163 = EDGE_CURVE('',#1143,#1086,#1164,.T.);
#1164 = SURFACE_CURVE('',#1165,(#1169,#1175),.PCURVE_S1.);
#1165 = LINE('',#1166,#1167);
#1166 = CARTESIAN_POINT('',(-17.95,-12.8,-5.6));
#1167 = VECTOR('',#1168,1.);
#1168 = DIRECTION('',(-0.,1.,0.));
#1169 = PCURVE('',#493,#1170);
#1170 = DEFINITIONAL_REPRESENTATION('',(#1171),#1174);
#1171 = B_SPLINE_CURVE_WITH_KNOTS('',1,(#1172,#1173),.UNSPECIFIED.,.F.,
  .F.,(2,2),(-0.2,0.2),.PIECEWISE_BEZIER_KNOTS.);
#1172 = CARTESIAN_POINT('',(-0.4,-0.4));
#1173 = CARTESIAN_POINT('',(-0.4,3.608224830032E-16));
#1174 = ( GEOMETRIC_REPRESENTATION_CONTEXT(2) 
PARAMETRIC_REPRESENTATION_CONTEXT() REPRESENTATION_CONTEXT('2D SPACE',''
  ) );
#1175 = PCURVE('',#1176,#1181);
#1176 = PLANE('',#1177);
#1177 = AXIS2_PLACEMENT_3D('',#1178,#1179,#1180);
#1178 = CARTESIAN_POINT('',(-17.95,-13.,-6.6));
#1179 = DIRECTION('',(1.,0.,-0.));
#1180 = DIRECTION('',(0.,0.,1.));
#1181 = DEFINITIONAL_REPRESENTATION('',(#1182),#1185);
#1182 = B_SPLINE_CURVE_WITH_KNOTS('',1,(#1183,#1184),.UNSPECIFIED.,.F.,
  .F.,(2,2),(-0.2,0.2),.PIECEWISE_BEZIER_KNOTS.);
#1183 = CARTESIAN_POINT('',(1.,0.));
#1184 = CARTESIAN_POINT('',(1.,-0.4));
#1185 = ( GEOMETRIC_REPRESENTATION_CONTEXT(2) 
PARAMETRIC_REPRESENTATION_CONTEXT() REPRESENTATION_CONTEXT('2D SPACE',''
  ) );
#1186 = ADVANCED_FACE('',(#1187),#464,.F.);
#1187 = FACE_BOUND('',#1188,.F.);
#1188 = EDGE_LOOP('',(#1189,#1190,#1191,#1219));
#1189 = ORIENTED_EDGE('',*,*,#1033,.F.);
#1190 = ORIENTED_EDGE('',*,*,#448,.F.);
#1191 = ORIENTED_EDGE('',*,*,#1192,.T.);
#1192 = EDGE_CURVE('',#449,#1193,#1195,.T.);
#1193 = VERTEX_POINT('',#1194);
#1194 = CARTESIAN_POINT('',(-20.55,-3.788139384975,-5.6));
#1195 = SURFACE_CURVE('',#1196,(#1200,#1207),.PCURVE_S1.);
#1196 = LINE('',#1197,#1198);
#1197 = CARTESIAN_POINT('',(-20.55,-12.6,-5.6));
#1198 = VECTOR('',#1199,1.);
#1199 = DIRECTION('',(-0.,1.,0.));
#1200 = PCURVE('',#464,#1201);
#1201 = DEFINITIONAL_REPRESENTATION('',(#1202),#1206);
#1202 = LINE('',#1203,#1204);
#1203 = CARTESIAN_POINT('',(0.,0.));
#1204 = VECTOR('',#1205,1.);
#1205 = DIRECTION('',(0.,-1.));
#1206 = ( GEOMETRIC_REPRESENTATION_CONTEXT(2) 
PARAMETRIC_REPRESENTATION_CONTEXT() REPRESENTATION_CONTEXT('2D SPACE',''
  ) );
#1207 = PCURVE('',#1208,#1213);
#1208 = PLANE('',#1209);
#1209 = AXIS2_PLACEMENT_3D('',#1210,#1211,#1212);
#1210 = CARTESIAN_POINT('',(-20.55,-12.6,-5.6));
#1211 = DIRECTION('',(0.,0.,1.));
#1212 = DIRECTION('',(1.,0.,-0.));
#1213 = DEFINITIONAL_REPRESENTATION('',(#1214),#1218);
#1214 = LINE('',#1215,#1216);
#1215 = CARTESIAN_POINT('',(0.,0.));
#1216 = VECTOR('',#1217,1.);
#1217 = DIRECTION('',(0.,1.));
#1218 = ( GEOMETRIC_REPRESENTATION_CONTEXT(2) 
PARAMETRIC_REPRESENTATION_CONTEXT() REPRESENTATION_CONTEXT('2D SPACE',''
  ) );
#1219 = ORIENTED_EDGE('',*,*,#1220,.T.);
#1220 = EDGE_CURVE('',#1193,#1003,#1221,.T.);
#1221 = SURFACE_CURVE('',#1222,(#1226,#1232),.PCURVE_S1.);
#1222 = LINE('',#1223,#1224);
#1223 = CARTESIAN_POINT('',(-20.55,-3.788139384975,-5.6));
#1224 = VECTOR('',#1225,1.);
#1225 = DIRECTION('',(0.,0.,1.));
#1226 = PCURVE('',#464,#1227);
#1227 = DEFINITIONAL_REPRESENTATION('',(#1228),#1231);
#1228 = B_SPLINE_CURVE_WITH_KNOTS('',1,(#1229,#1230),.UNSPECIFIED.,.F.,
  .F.,(2,2),(-5.999999999062E-07,5.6000006),.PIECEWISE_BEZIER_KNOTS.);
#1229 = CARTESIAN_POINT('',(-5.999999999062E-07,-8.811860615025));
#1230 = CARTESIAN_POINT('',(5.6000006,-8.811860615025));
#1231 = ( GEOMETRIC_REPRESENTATION_CONTEXT(2) 
PARAMETRIC_REPRESENTATION_CONTEXT() REPRESENTATION_CONTEXT('2D SPACE',''
  ) );
#1232 = PCURVE('',#1233,#1238);
#1233 = CYLINDRICAL_SURFACE('',#1234,3.8);
#1234 = AXIS2_PLACEMENT_3D('',#1235,#1236,#1237);
#1235 = CARTESIAN_POINT('',(-20.85,0.,-5.6));
#1236 = DIRECTION('',(0.,0.,1.));
#1237 = DIRECTION('',(1.,0.,-0.));
#1238 = DEFINITIONAL_REPRESENTATION('',(#1239),#1242);
#1239 = B_SPLINE_CURVE_WITH_KNOTS('',1,(#1240,#1241),.UNSPECIFIED.,.F.,
  .F.,(2,2),(-5.999999999062E-07,5.6000006),.PIECEWISE_BEZIER_KNOTS.);
#1240 = CARTESIAN_POINT('',(4.791418588713,-5.999999999062E-07));
#1241 = CARTESIAN_POINT('',(4.791418588713,5.6000006));
#1242 = ( GEOMETRIC_REPRESENTATION_CONTEXT(2) 
PARAMETRIC_REPRESENTATION_CONTEXT() REPRESENTATION_CONTEXT('2D SPACE',''
  ) );
#1243 = ADVANCED_FACE('',(#1244),#588,.T.);
#1244 = FACE_BOUND('',#1245,.T.);
#1245 = EDGE_LOOP('',(#1246,#1247,#1270,#1298,#1321,#1349,#1372,#1393));
#1246 = ORIENTED_EDGE('',*,*,#653,.T.);
#1247 = ORIENTED_EDGE('',*,*,#1248,.F.);
#1248 = EDGE_CURVE('',#1249,#626,#1251,.T.);
#1249 = VERTEX_POINT('',#1250);
#1250 = CARTESIAN_POINT('',(-13.99376941012,-9.35,-1.1));
#1251 = SURFACE_CURVE('',#1252,(#1256,#1263),.PCURVE_S1.);
#1252 = LINE('',#1253,#1254);
#1253 = CARTESIAN_POINT('',(-17.55,-9.35,-1.1));
#1254 = VECTOR('',#1255,1.);
#1255 = DIRECTION('',(1.,0.,-0.));
#1256 = PCURVE('',#588,#1257);
#1257 = DEFINITIONAL_REPRESENTATION('',(#1258),#1262);
#1258 = LINE('',#1259,#1260);
#1259 = CARTESIAN_POINT('',(0.,0.));
#1260 = VECTOR('',#1261,1.);
#1261 = DIRECTION('',(0.,1.));
#1262 = ( GEOMETRIC_REPRESENTATION_CONTEXT(2) 
PARAMETRIC_REPRESENTATION_CONTEXT() REPRESENTATION_CONTEXT('2D SPACE',''
  ) );
#1263 = PCURVE('',#641,#1264);
#1264 = DEFINITIONAL_REPRESENTATION('',(#1265),#1269);
#1265 = LINE('',#1266,#1267);
#1266 = CARTESIAN_POINT('',(0.4,3.65));
#1267 = VECTOR('',#1268,1.);
#1268 = DIRECTION('',(1.,0.));
#1269 = ( GEOMETRIC_REPRESENTATION_CONTEXT(2) 
PARAMETRIC_REPRESENTATION_CONTEXT() REPRESENTATION_CONTEXT('2D SPACE',''
  ) );
#1270 = ORIENTED_EDGE('',*,*,#1271,.F.);
#1271 = EDGE_CURVE('',#1272,#1249,#1274,.T.);
#1272 = VERTEX_POINT('',#1273);
#1273 = CARTESIAN_POINT('',(-14.4,-9.35,-1.1));
#1274 = SURFACE_CURVE('',#1275,(#1279,#1286),.PCURVE_S1.);
#1275 = LINE('',#1276,#1277);
#1276 = CARTESIAN_POINT('',(-17.55,-9.35,-1.1));
#1277 = VECTOR('',#1278,1.);
#1278 = DIRECTION('',(1.,0.,-0.));
#1279 = PCURVE('',#588,#1280);
#1280 = DEFINITIONAL_REPRESENTATION('',(#1281),#1285);
#1281 = LINE('',#1282,#1283);
#1282 = CARTESIAN_POINT('',(0.,0.));
#1283 = VECTOR('',#1284,1.);
#1284 = DIRECTION('',(0.,1.));
#1285 = ( GEOMETRIC_REPRESENTATION_CONTEXT(2) 
PARAMETRIC_REPRESENTATION_CONTEXT() REPRESENTATION_CONTEXT('2D SPACE',''
  ) );
#1286 = PCURVE('',#1287,#1292);
#1287 = PLANE('',#1288);
#1288 = AXIS2_PLACEMENT_3D('',#1289,#1290,#1291);
#1289 = CARTESIAN_POINT('',(-15.,-10.25,-1.1));
#1290 = DIRECTION('',(0.,0.,1.));
#1291 = DIRECTION('',(1.,0.,-0.));
#1292 = DEFINITIONAL_REPRESENTATION('',(#1293),#1297);
#1293 = LINE('',#1294,#1295);
#1294 = CARTESIAN_POINT('',(-2.55,0.9));
#1295 = VECTOR('',#1296,1.);
#1296 = DIRECTION('',(1.,0.));
#1297 = ( GEOMETRIC_REPRESENTATION_CONTEXT(2) 
PARAMETRIC_REPRESENTATION_CONTEXT() REPRESENTATION_CONTEXT('2D SPACE',''
  ) );
#1298 = ORIENTED_EDGE('',*,*,#1299,.F.);
#1299 = EDGE_CURVE('',#1300,#1272,#1302,.T.);
#1300 = VERTEX_POINT('',#1301);
#1301 = CARTESIAN_POINT('',(-15.6,-9.35,-1.1));
#1302 = SURFACE_CURVE('',#1303,(#1307,#1314),.PCURVE_S1.);
#1303 = LINE('',#1304,#1305);
#1304 = CARTESIAN_POINT('',(-17.55,-9.35,-1.1));
#1305 = VECTOR('',#1306,1.);
#1306 = DIRECTION('',(1.,0.,-0.));
#1307 = PCURVE('',#588,#1308);
#1308 = DEFINITIONAL_REPRESENTATION('',(#1309),#1313);
#1309 = LINE('',#1310,#1311);
#1310 = CARTESIAN_POINT('',(0.,0.));
#1311 = VECTOR('',#1312,1.);
#1312 = DIRECTION('',(0.,1.));
#1313 = ( GEOMETRIC_REPRESENTATION_CONTEXT(2) 
PARAMETRIC_REPRESENTATION_CONTEXT() REPRESENTATION_CONTEXT('2D SPACE',''
  ) );
#1314 = PCURVE('',#641,#1315);
#1315 = DEFINITIONAL_REPRESENTATION('',(#1316),#1320);
#1316 = LINE('',#1317,#1318);
#1317 = CARTESIAN_POINT('',(0.4,3.65));
#1318 = VECTOR('',#1319,1.);
#1319 = DIRECTION('',(1.,0.));
#1320 = ( GEOMETRIC_REPRESENTATION_CONTEXT(2) 
PARAMETRIC_REPRESENTATION_CONTEXT() REPRESENTATION_CONTEXT('2D SPACE',''
  ) );
#1321 = ORIENTED_EDGE('',*,*,#1322,.F.);
#1322 = EDGE_CURVE('',#1323,#1300,#1325,.T.);
#1323 = VERTEX_POINT('',#1324);
#1324 = CARTESIAN_POINT('',(-16.00623058987,-9.35,-1.1));
#1325 = SURFACE_CURVE('',#1326,(#1330,#1337),.PCURVE_S1.);
#1326 = LINE('',#1327,#1328);
#1327 = CARTESIAN_POINT('',(-17.55,-9.35,-1.1));
#1328 = VECTOR('',#1329,1.);
#1329 = DIRECTION('',(1.,0.,-0.));
#1330 = PCURVE('',#588,#1331);
#1331 = DEFINITIONAL_REPRESENTATION('',(#1332),#1336);
#1332 = LINE('',#1333,#1334);
#1333 = CARTESIAN_POINT('',(0.,0.));
#1334 = VECTOR('',#1335,1.);
#1335 = DIRECTION('',(0.,1.));
#1336 = ( GEOMETRIC_REPRESENTATION_CONTEXT(2) 
PARAMETRIC_REPRESENTATION_CONTEXT() REPRESENTATION_CONTEXT('2D SPACE',''
  ) );
#1337 = PCURVE('',#1338,#1343);
#1338 = PLANE('',#1339);
#1339 = AXIS2_PLACEMENT_3D('',#1340,#1341,#1342);
#1340 = CARTESIAN_POINT('',(-15.,-10.25,-1.1));
#1341 = DIRECTION('',(0.,0.,1.));
#1342 = DIRECTION('',(1.,0.,-0.));
#1343 = DEFINITIONAL_REPRESENTATION('',(#1344),#1348);
#1344 = LINE('',#1345,#1346);
#1345 = CARTESIAN_POINT('',(-2.55,0.9));
#1346 = VECTOR('',#1347,1.);
#1347 = DIRECTION('',(1.,0.));
#1348 = ( GEOMETRIC_REPRESENTATION_CONTEXT(2) 
PARAMETRIC_REPRESENTATION_CONTEXT() REPRESENTATION_CONTEXT('2D SPACE',''
  ) );
#1349 = ORIENTED_EDGE('',*,*,#1350,.F.);
#1350 = EDGE_CURVE('',#1351,#1323,#1353,.T.);
#1351 = VERTEX_POINT('',#1352);
#1352 = CARTESIAN_POINT('',(-17.55,-9.35,-1.1));
#1353 = SURFACE_CURVE('',#1354,(#1358,#1365),.PCURVE_S1.);
#1354 = LINE('',#1355,#1356);
#1355 = CARTESIAN_POINT('',(-17.55,-9.35,-1.1));
#1356 = VECTOR('',#1357,1.);
#1357 = DIRECTION('',(1.,0.,-0.));
#1358 = PCURVE('',#588,#1359);
#1359 = DEFINITIONAL_REPRESENTATION('',(#1360),#1364);
#1360 = LINE('',#1361,#1362);
#1361 = CARTESIAN_POINT('',(0.,0.));
#1362 = VECTOR('',#1363,1.);
#1363 = DIRECTION('',(0.,1.));
#1364 = ( GEOMETRIC_REPRESENTATION_CONTEXT(2) 
PARAMETRIC_REPRESENTATION_CONTEXT() REPRESENTATION_CONTEXT('2D SPACE',''
  ) );
#1365 = PCURVE('',#641,#1366);
#1366 = DEFINITIONAL_REPRESENTATION('',(#1367),#1371);
#1367 = LINE('',#1368,#1369);
#1368 = CARTESIAN_POINT('',(0.4,3.65));
#1369 = VECTOR('',#1370,1.);
#1370 = DIRECTION('',(1.,0.));
#1371 = ( GEOMETRIC_REPRESENTATION_CONTEXT(2) 
PARAMETRIC_REPRESENTATION_CONTEXT() REPRESENTATION_CONTEXT('2D SPACE',''
  ) );
#1372 = ORIENTED_EDGE('',*,*,#1373,.T.);
#1373 = EDGE_CURVE('',#1351,#530,#1374,.T.);
#1374 = SURFACE_CURVE('',#1375,(#1379,#1386),.PCURVE_S1.);
#1375 = LINE('',#1376,#1377);
#1376 = CARTESIAN_POINT('',(-17.55,-9.35,-1.1));
#1377 = VECTOR('',#1378,1.);
#1378 = DIRECTION('',(0.,0.,1.));
#1379 = PCURVE('',#588,#1380);
#1380 = DEFINITIONAL_REPRESENTATION('',(#1381),#1385);
#1381 = LINE('',#1382,#1383);
#1382 = CARTESIAN_POINT('',(0.,0.));
#1383 = VECTOR('',#1384,1.);
#1384 = DIRECTION('',(1.,0.));
#1385 = ( GEOMETRIC_REPRESENTATION_CONTEXT(2) 
PARAMETRIC_REPRESENTATION_CONTEXT() REPRESENTATION_CONTEXT('2D SPACE',''
  ) );
#1386 = PCURVE('',#1070,#1387);
#1387 = DEFINITIONAL_REPRESENTATION('',(#1388),#1392);
#1388 = LINE('',#1389,#1390);
#1389 = CARTESIAN_POINT('',(0.,0.));
#1390 = VECTOR('',#1391,1.);
#1391 = DIRECTION('',(1.,0.));
#1392 = ( GEOMETRIC_REPRESENTATION_CONTEXT(2) 
PARAMETRIC_REPRESENTATION_CONTEXT() REPRESENTATION_CONTEXT('2D SPACE',''
  ) );
#1393 = ORIENTED_EDGE('',*,*,#575,.F.);
#1394 = ADVANCED_FACE('',(#1395,#1689,#1747),#641,.F.);
#1395 = FACE_BOUND('',#1396,.F.);
#1396 = EDGE_LOOP('',(#1397,#1427,#1450,#1471,#1472,#1473,#1502,#1531,
    #1556,#1557,#1584,#1611,#1612,#1635,#1663));
#1397 = ORIENTED_EDGE('',*,*,#1398,.F.);
#1398 = EDGE_CURVE('',#1399,#1401,#1403,.T.);
#1399 = VERTEX_POINT('',#1400);
#1400 = CARTESIAN_POINT('',(-17.95,21.,-1.1));
#1401 = VERTEX_POINT('',#1402);
#1402 = CARTESIAN_POINT('',(-6.5,21.,-1.1));
#1403 = SURFACE_CURVE('',#1404,(#1408,#1415),.PCURVE_S1.);
#1404 = LINE('',#1405,#1406);
#1405 = CARTESIAN_POINT('',(-17.95,21.,-1.1));
#1406 = VECTOR('',#1407,1.);
#1407 = DIRECTION('',(1.,0.,-0.));
#1408 = PCURVE('',#641,#1409);
#1409 = DEFINITIONAL_REPRESENTATION('',(#1410),#1414);
#1410 = LINE('',#1411,#1412);
#1411 = CARTESIAN_POINT('',(0.,34.));
#1412 = VECTOR('',#1413,1.);
#1413 = DIRECTION('',(1.,0.));
#1414 = ( GEOMETRIC_REPRESENTATION_CONTEXT(2) 
PARAMETRIC_REPRESENTATION_CONTEXT() REPRESENTATION_CONTEXT('2D SPACE',''
  ) );
#1415 = PCURVE('',#1416,#1421);
#1416 = PLANE('',#1417);
#1417 = AXIS2_PLACEMENT_3D('',#1418,#1419,#1420);
#1418 = CARTESIAN_POINT('',(-17.95,21.,-6.6));
#1419 = DIRECTION('',(-0.,1.,0.));
#1420 = DIRECTION('',(0.,0.,1.));
#1421 = DEFINITIONAL_REPRESENTATION('',(#1422),#1426);
#1422 = LINE('',#1423,#1424);
#1423 = CARTESIAN_POINT('',(5.5,0.));
#1424 = VECTOR('',#1425,1.);
#1425 = DIRECTION('',(0.,1.));
#1426 = ( GEOMETRIC_REPRESENTATION_CONTEXT(2) 
PARAMETRIC_REPRESENTATION_CONTEXT() REPRESENTATION_CONTEXT('2D SPACE',''
  ) );
#1427 = ORIENTED_EDGE('',*,*,#1428,.F.);
#1428 = EDGE_CURVE('',#1429,#1399,#1431,.T.);
#1429 = VERTEX_POINT('',#1430);
#1430 = CARTESIAN_POINT('',(-17.95,-13.,-1.1));
#1431 = SURFACE_CURVE('',#1432,(#1436,#1443),.PCURVE_S1.);
#1432 = LINE('',#1433,#1434);
#1433 = CARTESIAN_POINT('',(-17.95,-13.,-1.1));
#1434 = VECTOR('',#1435,1.);
#1435 = DIRECTION('',(-0.,1.,0.));
#1436 = PCURVE('',#641,#1437);
#1437 = DEFINITIONAL_REPRESENTATION('',(#1438),#1442);
#1438 = LINE('',#1439,#1440);
#1439 = CARTESIAN_POINT('',(0.,0.));
#1440 = VECTOR('',#1441,1.);
#1441 = DIRECTION('',(0.,1.));
#1442 = ( GEOMETRIC_REPRESENTATION_CONTEXT(2) 
PARAMETRIC_REPRESENTATION_CONTEXT() REPRESENTATION_CONTEXT('2D SPACE',''
  ) );
#1443 = PCURVE('',#1176,#1444);
#1444 = DEFINITIONAL_REPRESENTATION('',(#1445),#1449);
#1445 = LINE('',#1446,#1447);
#1446 = CARTESIAN_POINT('',(5.5,0.));
#1447 = VECTOR('',#1448,1.);
#1448 = DIRECTION('',(0.,-1.));
#1449 = ( GEOMETRIC_REPRESENTATION_CONTEXT(2) 
PARAMETRIC_REPRESENTATION_CONTEXT() REPRESENTATION_CONTEXT('2D SPACE',''
  ) );
#1450 = ORIENTED_EDGE('',*,*,#1451,.T.);
#1451 = EDGE_CURVE('',#1429,#603,#1452,.T.);
#1452 = SURFACE_CURVE('',#1453,(#1457,#1464),.PCURVE_S1.);
#1453 = LINE('',#1454,#1455);
#1454 = CARTESIAN_POINT('',(-17.95,-13.,-1.1));
#1455 = VECTOR('',#1456,1.);
#1456 = DIRECTION('',(1.,0.,-0.));
#1457 = PCURVE('',#641,#1458);
#1458 = DEFINITIONAL_REPRESENTATION('',(#1459),#1463);
#1459 = LINE('',#1460,#1461);
#1460 = CARTESIAN_POINT('',(0.,0.));
#1461 = VECTOR('',#1462,1.);
#1462 = DIRECTION('',(1.,0.));
#1463 = ( GEOMETRIC_REPRESENTATION_CONTEXT(2) 
PARAMETRIC_REPRESENTATION_CONTEXT() REPRESENTATION_CONTEXT('2D SPACE',''
  ) );
#1464 = PCURVE('',#714,#1465);
#1465 = DEFINITIONAL_REPRESENTATION('',(#1466),#1470);
#1466 = LINE('',#1467,#1468);
#1467 = CARTESIAN_POINT('',(5.5,0.));
#1468 = VECTOR('',#1469,1.);
#1469 = DIRECTION('',(0.,1.));
#1470 = ( GEOMETRIC_REPRESENTATION_CONTEXT(2) 
PARAMETRIC_REPRESENTATION_CONTEXT() REPRESENTATION_CONTEXT('2D SPACE',''
  ) );
#1471 = ORIENTED_EDGE('',*,*,#625,.T.);
#1472 = ORIENTED_EDGE('',*,*,#1248,.F.);
#1473 = ORIENTED_EDGE('',*,*,#1474,.F.);
#1474 = EDGE_CURVE('',#1475,#1249,#1477,.T.);
#1475 = VERTEX_POINT('',#1476);
#1476 = CARTESIAN_POINT('',(-13.65,-10.25,-1.1));
#1477 = SURFACE_CURVE('',#1478,(#1483,#1490),.PCURVE_S1.);
#1478 = CIRCLE('',#1479,1.35);
#1479 = AXIS2_PLACEMENT_3D('',#1480,#1481,#1482);
#1480 = CARTESIAN_POINT('',(-15.,-10.25,-1.1));
#1481 = DIRECTION('',(0.,0.,1.));
#1482 = DIRECTION('',(1.,0.,-0.));
#1483 = PCURVE('',#641,#1484);
#1484 = DEFINITIONAL_REPRESENTATION('',(#1485),#1489);
#1485 = CIRCLE('',#1486,1.35);
#1486 = AXIS2_PLACEMENT_2D('',#1487,#1488);
#1487 = CARTESIAN_POINT('',(2.95,2.75));
#1488 = DIRECTION('',(1.,0.));
#1489 = ( GEOMETRIC_REPRESENTATION_CONTEXT(2) 
PARAMETRIC_REPRESENTATION_CONTEXT() REPRESENTATION_CONTEXT('2D SPACE',''
  ) );
#1490 = PCURVE('',#1491,#1496);
#1491 = CYLINDRICAL_SURFACE('',#1492,1.35);
#1492 = AXIS2_PLACEMENT_3D('',#1493,#1494,#1495);
#1493 = CARTESIAN_POINT('',(-15.,-10.25,-2.8));
#1494 = DIRECTION('',(0.,0.,1.));
#1495 = DIRECTION('',(1.,0.,-0.));
#1496 = DEFINITIONAL_REPRESENTATION('',(#1497),#1501);
#1497 = LINE('',#1498,#1499);
#1498 = CARTESIAN_POINT('',(0.,1.7));
#1499 = VECTOR('',#1500,1.);
#1500 = DIRECTION('',(1.,0.));
#1501 = ( GEOMETRIC_REPRESENTATION_CONTEXT(2) 
PARAMETRIC_REPRESENTATION_CONTEXT() REPRESENTATION_CONTEXT('2D SPACE',''
  ) );
#1502 = ORIENTED_EDGE('',*,*,#1503,.F.);
#1503 = EDGE_CURVE('',#1504,#1475,#1506,.T.);
#1504 = VERTEX_POINT('',#1505);
#1505 = CARTESIAN_POINT('',(-14.4,-11.45933866224,-1.1));
#1506 = SURFACE_CURVE('',#1507,(#1512,#1519),.PCURVE_S1.);
#1507 = CIRCLE('',#1508,1.35);
#1508 = AXIS2_PLACEMENT_3D('',#1509,#1510,#1511);
#1509 = CARTESIAN_POINT('',(-15.,-10.25,-1.1));
#1510 = DIRECTION('',(0.,0.,1.));
#1511 = DIRECTION('',(1.,0.,-0.));
#1512 = PCURVE('',#641,#1513);
#1513 = DEFINITIONAL_REPRESENTATION('',(#1514),#1518);
#1514 = CIRCLE('',#1515,1.35);
#1515 = AXIS2_PLACEMENT_2D('',#1516,#1517);
#1516 = CARTESIAN_POINT('',(2.95,2.75));
#1517 = DIRECTION('',(1.,0.));
#1518 = ( GEOMETRIC_REPRESENTATION_CONTEXT(2) 
PARAMETRIC_REPRESENTATION_CONTEXT() REPRESENTATION_CONTEXT('2D SPACE',''
  ) );
#1519 = PCURVE('',#1520,#1525);
#1520 = CYLINDRICAL_SURFACE('',#1521,1.35);
#1521 = AXIS2_PLACEMENT_3D('',#1522,#1523,#1524);
#1522 = CARTESIAN_POINT('',(-15.,-10.25,-2.8));
#1523 = DIRECTION('',(0.,0.,1.));
#1524 = DIRECTION('',(1.,0.,-0.));
#1525 = DEFINITIONAL_REPRESENTATION('',(#1526),#1530);
#1526 = LINE('',#1527,#1528);
#1527 = CARTESIAN_POINT('',(0.,1.7));
#1528 = VECTOR('',#1529,1.);
#1529 = DIRECTION('',(1.,0.));
#1530 = ( GEOMETRIC_REPRESENTATION_CONTEXT(2) 
PARAMETRIC_REPRESENTATION_CONTEXT() REPRESENTATION_CONTEXT('2D SPACE',''
  ) );
#1531 = ORIENTED_EDGE('',*,*,#1532,.T.);
#1532 = EDGE_CURVE('',#1504,#1272,#1533,.T.);
#1533 = SURFACE_CURVE('',#1534,(#1538,#1545),.PCURVE_S1.);
#1534 = LINE('',#1535,#1536);
#1535 = CARTESIAN_POINT('',(-14.4,-11.95,-1.1));
#1536 = VECTOR('',#1537,1.);
#1537 = DIRECTION('',(-0.,1.,0.));
#1538 = PCURVE('',#641,#1539);
#1539 = DEFINITIONAL_REPRESENTATION('',(#1540),#1544);
#1540 = LINE('',#1541,#1542);
#1541 = CARTESIAN_POINT('',(3.55,1.05));
#1542 = VECTOR('',#1543,1.);
#1543 = DIRECTION('',(0.,1.));
#1544 = ( GEOMETRIC_REPRESENTATION_CONTEXT(2) 
PARAMETRIC_REPRESENTATION_CONTEXT() REPRESENTATION_CONTEXT('2D SPACE',''
  ) );
#1545 = PCURVE('',#1546,#1551);
#1546 = PLANE('',#1547);
#1547 = AXIS2_PLACEMENT_3D('',#1548,#1549,#1550);
#1548 = CARTESIAN_POINT('',(-14.4,-13.65,-5.));
#1549 = DIRECTION('',(1.,0.,-0.));
#1550 = DIRECTION('',(0.,0.,1.));
#1551 = DEFINITIONAL_REPRESENTATION('',(#1552),#1555);
#1552 = B_SPLINE_CURVE_WITH_KNOTS('',1,(#1553,#1554),.UNSPECIFIED.,.F.,
  .F.,(2,2),(0.35,3.05),.PIECEWISE_BEZIER_KNOTS.);
#1553 = CARTESIAN_POINT('',(3.9,-2.05));
#1554 = CARTESIAN_POINT('',(3.9,-4.75));
#1555 = ( GEOMETRIC_REPRESENTATION_CONTEXT(2) 
PARAMETRIC_REPRESENTATION_CONTEXT() REPRESENTATION_CONTEXT('2D SPACE',''
  ) );
#1556 = ORIENTED_EDGE('',*,*,#1299,.F.);
#1557 = ORIENTED_EDGE('',*,*,#1558,.F.);
#1558 = EDGE_CURVE('',#1559,#1300,#1561,.T.);
#1559 = VERTEX_POINT('',#1560);
#1560 = CARTESIAN_POINT('',(-15.6,-11.45933866224,-1.1));
#1561 = SURFACE_CURVE('',#1562,(#1566,#1573),.PCURVE_S1.);
#1562 = LINE('',#1563,#1564);
#1563 = CARTESIAN_POINT('',(-15.6,-11.95,-1.1));
#1564 = VECTOR('',#1565,1.);
#1565 = DIRECTION('',(-0.,1.,0.));
#1566 = PCURVE('',#641,#1567);
#1567 = DEFINITIONAL_REPRESENTATION('',(#1568),#1572);
#1568 = LINE('',#1569,#1570);
#1569 = CARTESIAN_POINT('',(2.35,1.05));
#1570 = VECTOR('',#1571,1.);
#1571 = DIRECTION('',(0.,1.));
#1572 = ( GEOMETRIC_REPRESENTATION_CONTEXT(2) 
PARAMETRIC_REPRESENTATION_CONTEXT() REPRESENTATION_CONTEXT('2D SPACE',''
  ) );
#1573 = PCURVE('',#1574,#1579);
#1574 = PLANE('',#1575);
#1575 = AXIS2_PLACEMENT_3D('',#1576,#1577,#1578);
#1576 = CARTESIAN_POINT('',(-15.6,-13.65,-5.));
#1577 = DIRECTION('',(1.,0.,-0.));
#1578 = DIRECTION('',(0.,0.,1.));
#1579 = DEFINITIONAL_REPRESENTATION('',(#1580),#1583);
#1580 = B_SPLINE_CURVE_WITH_KNOTS('',1,(#1581,#1582),.UNSPECIFIED.,.F.,
  .F.,(2,2),(0.35,3.05),.PIECEWISE_BEZIER_KNOTS.);
#1581 = CARTESIAN_POINT('',(3.9,-2.05));
#1582 = CARTESIAN_POINT('',(3.9,-4.75));
#1583 = ( GEOMETRIC_REPRESENTATION_CONTEXT(2) 
PARAMETRIC_REPRESENTATION_CONTEXT() REPRESENTATION_CONTEXT('2D SPACE',''
  ) );
#1584 = ORIENTED_EDGE('',*,*,#1585,.F.);
#1585 = EDGE_CURVE('',#1323,#1559,#1586,.T.);
#1586 = SURFACE_CURVE('',#1587,(#1592,#1599),.PCURVE_S1.);
#1587 = CIRCLE('',#1588,1.35);
#1588 = AXIS2_PLACEMENT_3D('',#1589,#1590,#1591);
#1589 = CARTESIAN_POINT('',(-15.,-10.25,-1.1));
#1590 = DIRECTION('',(0.,0.,1.));
#1591 = DIRECTION('',(1.,0.,-0.));
#1592 = PCURVE('',#641,#1593);
#1593 = DEFINITIONAL_REPRESENTATION('',(#1594),#1598);
#1594 = CIRCLE('',#1595,1.35);
#1595 = AXIS2_PLACEMENT_2D('',#1596,#1597);
#1596 = CARTESIAN_POINT('',(2.95,2.75));
#1597 = DIRECTION('',(1.,0.));
#1598 = ( GEOMETRIC_REPRESENTATION_CONTEXT(2) 
PARAMETRIC_REPRESENTATION_CONTEXT() REPRESENTATION_CONTEXT('2D SPACE',''
  ) );
#1599 = PCURVE('',#1600,#1605);
#1600 = CYLINDRICAL_SURFACE('',#1601,1.35);
#1601 = AXIS2_PLACEMENT_3D('',#1602,#1603,#1604);
#1602 = CARTESIAN_POINT('',(-15.,-10.25,-2.8));
#1603 = DIRECTION('',(0.,0.,1.));
#1604 = DIRECTION('',(1.,0.,-0.));
#1605 = DEFINITIONAL_REPRESENTATION('',(#1606),#1610);
#1606 = LINE('',#1607,#1608);
#1607 = CARTESIAN_POINT('',(0.,1.7));
#1608 = VECTOR('',#1609,1.);
#1609 = DIRECTION('',(1.,0.));
#1610 = ( GEOMETRIC_REPRESENTATION_CONTEXT(2) 
PARAMETRIC_REPRESENTATION_CONTEXT() REPRESENTATION_CONTEXT('2D SPACE',''
  ) );
#1611 = ORIENTED_EDGE('',*,*,#1350,.F.);
#1612 = ORIENTED_EDGE('',*,*,#1613,.T.);
#1613 = EDGE_CURVE('',#1351,#1614,#1616,.T.);
#1614 = VERTEX_POINT('',#1615);
#1615 = CARTESIAN_POINT('',(-17.55,14.25,-1.1));
#1616 = SURFACE_CURVE('',#1617,(#1621,#1628),.PCURVE_S1.);
#1617 = LINE('',#1618,#1619);
#1618 = CARTESIAN_POINT('',(-17.55,-9.35,-1.1));
#1619 = VECTOR('',#1620,1.);
#1620 = DIRECTION('',(-0.,1.,0.));
#1621 = PCURVE('',#641,#1622);
#1622 = DEFINITIONAL_REPRESENTATION('',(#1623),#1627);
#1623 = LINE('',#1624,#1625);
#1624 = CARTESIAN_POINT('',(0.4,3.65));
#1625 = VECTOR('',#1626,1.);
#1626 = DIRECTION('',(0.,1.));
#1627 = ( GEOMETRIC_REPRESENTATION_CONTEXT(2) 
PARAMETRIC_REPRESENTATION_CONTEXT() REPRESENTATION_CONTEXT('2D SPACE',''
  ) );
#1628 = PCURVE('',#1070,#1629);
#1629 = DEFINITIONAL_REPRESENTATION('',(#1630),#1634);
#1630 = LINE('',#1631,#1632);
#1631 = CARTESIAN_POINT('',(0.,0.));
#1632 = VECTOR('',#1633,1.);
#1633 = DIRECTION('',(0.,-1.));
#1634 = ( GEOMETRIC_REPRESENTATION_CONTEXT(2) 
PARAMETRIC_REPRESENTATION_CONTEXT() REPRESENTATION_CONTEXT('2D SPACE',''
  ) );
#1635 = ORIENTED_EDGE('',*,*,#1636,.T.);
#1636 = EDGE_CURVE('',#1614,#1637,#1639,.T.);
#1637 = VERTEX_POINT('',#1638);
#1638 = CARTESIAN_POINT('',(-6.5,14.25,-1.1));
#1639 = SURFACE_CURVE('',#1640,(#1644,#1651),.PCURVE_S1.);
#1640 = LINE('',#1641,#1642);
#1641 = CARTESIAN_POINT('',(-17.55,14.25,-1.1));
#1642 = VECTOR('',#1643,1.);
#1643 = DIRECTION('',(1.,0.,-0.));
#1644 = PCURVE('',#641,#1645);
#1645 = DEFINITIONAL_REPRESENTATION('',(#1646),#1650);
#1646 = LINE('',#1647,#1648);
#1647 = CARTESIAN_POINT('',(0.4,27.25));
#1648 = VECTOR('',#1649,1.);
#1649 = DIRECTION('',(1.,0.));
#1650 = ( GEOMETRIC_REPRESENTATION_CONTEXT(2) 
PARAMETRIC_REPRESENTATION_CONTEXT() REPRESENTATION_CONTEXT('2D SPACE',''
  ) );
#1651 = PCURVE('',#1652,#1657);
#1652 = PLANE('',#1653);
#1653 = AXIS2_PLACEMENT_3D('',#1654,#1655,#1656);
#1654 = CARTESIAN_POINT('',(-17.55,14.25,-1.1));
#1655 = DIRECTION('',(-0.,1.,0.));
#1656 = DIRECTION('',(0.,0.,1.));
#1657 = DEFINITIONAL_REPRESENTATION('',(#1658),#1662);
#1658 = LINE('',#1659,#1660);
#1659 = CARTESIAN_POINT('',(0.,0.));
#1660 = VECTOR('',#1661,1.);
#1661 = DIRECTION('',(0.,1.));
#1662 = ( GEOMETRIC_REPRESENTATION_CONTEXT(2) 
PARAMETRIC_REPRESENTATION_CONTEXT() REPRESENTATION_CONTEXT('2D SPACE',''
  ) );
#1663 = ORIENTED_EDGE('',*,*,#1664,.T.);
#1664 = EDGE_CURVE('',#1637,#1401,#1665,.T.);
#1665 = SURFACE_CURVE('',#1666,(#1670,#1677),.PCURVE_S1.);
#1666 = LINE('',#1667,#1668);
#1667 = CARTESIAN_POINT('',(-6.5,-13.,-1.1));
#1668 = VECTOR('',#1669,1.);
#1669 = DIRECTION('',(-0.,1.,0.));
#1670 = PCURVE('',#641,#1671);
#1671 = DEFINITIONAL_REPRESENTATION('',(#1672),#1676);
#1672 = LINE('',#1673,#1674);
#1673 = CARTESIAN_POINT('',(11.45,0.));
#1674 = VECTOR('',#1675,1.);
#1675 = DIRECTION('',(0.,1.));
#1676 = ( GEOMETRIC_REPRESENTATION_CONTEXT(2) 
PARAMETRIC_REPRESENTATION_CONTEXT() REPRESENTATION_CONTEXT('2D SPACE',''
  ) );
#1677 = PCURVE('',#1678,#1683);
#1678 = PLANE('',#1679);
#1679 = AXIS2_PLACEMENT_3D('',#1680,#1681,#1682);
#1680 = CARTESIAN_POINT('',(-6.5,-13.,-1.1));
#1681 = DIRECTION('',(1.,0.,-0.));
#1682 = DIRECTION('',(0.,0.,1.));
#1683 = DEFINITIONAL_REPRESENTATION('',(#1684),#1688);
#1684 = LINE('',#1685,#1686);
#1685 = CARTESIAN_POINT('',(0.,0.));
#1686 = VECTOR('',#1687,1.);
#1687 = DIRECTION('',(0.,-1.));
#1688 = ( GEOMETRIC_REPRESENTATION_CONTEXT(2) 
PARAMETRIC_REPRESENTATION_CONTEXT() REPRESENTATION_CONTEXT('2D SPACE',''
  ) );
#1689 = FACE_BOUND('',#1690,.F.);
#1690 = EDGE_LOOP('',(#1691,#1720));
#1691 = ORIENTED_EDGE('',*,*,#1692,.F.);
#1692 = EDGE_CURVE('',#1693,#1695,#1697,.T.);
#1693 = VERTEX_POINT('',#1694);
#1694 = CARTESIAN_POINT('',(-15.6,17.040661337755,-1.1));
#1695 = VERTEX_POINT('',#1696);
#1696 = CARTESIAN_POINT('',(-15.6,19.459338662245,-1.1));
#1697 = SURFACE_CURVE('',#1698,(#1702,#1709),.PCURVE_S1.);
#1698 = LINE('',#1699,#1700);
#1699 = CARTESIAN_POINT('',(-15.6,16.55,-1.1));
#1700 = VECTOR('',#1701,1.);
#1701 = DIRECTION('',(-0.,1.,0.));
#1702 = PCURVE('',#641,#1703);
#1703 = DEFINITIONAL_REPRESENTATION('',(#1704),#1708);
#1704 = LINE('',#1705,#1706);
#1705 = CARTESIAN_POINT('',(2.35,29.55));
#1706 = VECTOR('',#1707,1.);
#1707 = DIRECTION('',(0.,1.));
#1708 = ( GEOMETRIC_REPRESENTATION_CONTEXT(2) 
PARAMETRIC_REPRESENTATION_CONTEXT() REPRESENTATION_CONTEXT('2D SPACE',''
  ) );
#1709 = PCURVE('',#1710,#1715);
#1710 = PLANE('',#1711);
#1711 = AXIS2_PLACEMENT_3D('',#1712,#1713,#1714);
#1712 = CARTESIAN_POINT('',(-15.6,14.85,-5.));
#1713 = DIRECTION('',(1.,0.,-0.));
#1714 = DIRECTION('',(0.,0.,1.));
#1715 = DEFINITIONAL_REPRESENTATION('',(#1716),#1719);
#1716 = B_SPLINE_CURVE_WITH_KNOTS('',1,(#1717,#1718),.UNSPECIFIED.,.F.,
  .F.,(2,2),(0.35,3.05),.PIECEWISE_BEZIER_KNOTS.);
#1717 = CARTESIAN_POINT('',(3.9,-2.05));
#1718 = CARTESIAN_POINT('',(3.9,-4.75));
#1719 = ( GEOMETRIC_REPRESENTATION_CONTEXT(2) 
PARAMETRIC_REPRESENTATION_CONTEXT() REPRESENTATION_CONTEXT('2D SPACE',''
  ) );
#1720 = ORIENTED_EDGE('',*,*,#1721,.F.);
#1721 = EDGE_CURVE('',#1695,#1693,#1722,.T.);
#1722 = SURFACE_CURVE('',#1723,(#1728,#1735),.PCURVE_S1.);
#1723 = CIRCLE('',#1724,1.35);
#1724 = AXIS2_PLACEMENT_3D('',#1725,#1726,#1727);
#1725 = CARTESIAN_POINT('',(-15.,18.25,-1.1));
#1726 = DIRECTION('',(0.,0.,1.));
#1727 = DIRECTION('',(1.,0.,-0.));
#1728 = PCURVE('',#641,#1729);
#1729 = DEFINITIONAL_REPRESENTATION('',(#1730),#1734);
#1730 = CIRCLE('',#1731,1.35);
#1731 = AXIS2_PLACEMENT_2D('',#1732,#1733);
#1732 = CARTESIAN_POINT('',(2.95,31.25));
#1733 = DIRECTION('',(1.,0.));
#1734 = ( GEOMETRIC_REPRESENTATION_CONTEXT(2) 
PARAMETRIC_REPRESENTATION_CONTEXT() REPRESENTATION_CONTEXT('2D SPACE',''
  ) );
#1735 = PCURVE('',#1736,#1741);
#1736 = CYLINDRICAL_SURFACE('',#1737,1.35);
#1737 = AXIS2_PLACEMENT_3D('',#1738,#1739,#1740);
#1738 = CARTESIAN_POINT('',(-15.,18.25,-2.8));
#1739 = DIRECTION('',(0.,0.,1.));
#1740 = DIRECTION('',(1.,0.,-0.));
#1741 = DEFINITIONAL_REPRESENTATION('',(#1742),#1746);
#1742 = LINE('',#1743,#1744);
#1743 = CARTESIAN_POINT('',(0.,1.7));
#1744 = VECTOR('',#1745,1.);
#1745 = DIRECTION('',(1.,0.));
#1746 = ( GEOMETRIC_REPRESENTATION_CONTEXT(2) 
PARAMETRIC_REPRESENTATION_CONTEXT() REPRESENTATION_CONTEXT('2D SPACE',''
  ) );
#1747 = FACE_BOUND('',#1748,.F.);
#1748 = EDGE_LOOP('',(#1749,#1780,#1807));
#1749 = ORIENTED_EDGE('',*,*,#1750,.F.);
#1750 = EDGE_CURVE('',#1751,#1753,#1755,.T.);
#1751 = VERTEX_POINT('',#1752);
#1752 = CARTESIAN_POINT('',(-14.4,17.040661337755,-1.1));
#1753 = VERTEX_POINT('',#1754);
#1754 = CARTESIAN_POINT('',(-13.65,18.25,-1.1));
#1755 = SURFACE_CURVE('',#1756,(#1761,#1768),.PCURVE_S1.);
#1756 = CIRCLE('',#1757,1.35);
#1757 = AXIS2_PLACEMENT_3D('',#1758,#1759,#1760);
#1758 = CARTESIAN_POINT('',(-15.,18.25,-1.1));
#1759 = DIRECTION('',(0.,0.,1.));
#1760 = DIRECTION('',(1.,0.,-0.));
#1761 = PCURVE('',#641,#1762);
#1762 = DEFINITIONAL_REPRESENTATION('',(#1763),#1767);
#1763 = CIRCLE('',#1764,1.35);
#1764 = AXIS2_PLACEMENT_2D('',#1765,#1766);
#1765 = CARTESIAN_POINT('',(2.95,31.25));
#1766 = DIRECTION('',(1.,0.));
#1767 = ( GEOMETRIC_REPRESENTATION_CONTEXT(2) 
PARAMETRIC_REPRESENTATION_CONTEXT() REPRESENTATION_CONTEXT('2D SPACE',''
  ) );
#1768 = PCURVE('',#1769,#1774);
#1769 = CYLINDRICAL_SURFACE('',#1770,1.35);
#1770 = AXIS2_PLACEMENT_3D('',#1771,#1772,#1773);
#1771 = CARTESIAN_POINT('',(-15.,18.25,-2.8));
#1772 = DIRECTION('',(0.,0.,1.));
#1773 = DIRECTION('',(1.,0.,-0.));
#1774 = DEFINITIONAL_REPRESENTATION('',(#1775),#1779);
#1775 = LINE('',#1776,#1777);
#1776 = CARTESIAN_POINT('',(0.,1.7));
#1777 = VECTOR('',#1778,1.);
#1778 = DIRECTION('',(1.,0.));
#1779 = ( GEOMETRIC_REPRESENTATION_CONTEXT(2) 
PARAMETRIC_REPRESENTATION_CONTEXT() REPRESENTATION_CONTEXT('2D SPACE',''
  ) );
#1780 = ORIENTED_EDGE('',*,*,#1781,.T.);
#1781 = EDGE_CURVE('',#1751,#1782,#1784,.T.);
#1782 = VERTEX_POINT('',#1783);
#1783 = CARTESIAN_POINT('',(-14.4,19.459338662245,-1.1));
#1784 = SURFACE_CURVE('',#1785,(#1789,#1796),.PCURVE_S1.);
#1785 = LINE('',#1786,#1787);
#1786 = CARTESIAN_POINT('',(-14.4,16.55,-1.1));
#1787 = VECTOR('',#1788,1.);
#1788 = DIRECTION('',(-0.,1.,0.));
#1789 = PCURVE('',#641,#1790);
#1790 = DEFINITIONAL_REPRESENTATION('',(#1791),#1795);
#1791 = LINE('',#1792,#1793);
#1792 = CARTESIAN_POINT('',(3.55,29.55));
#1793 = VECTOR('',#1794,1.);
#1794 = DIRECTION('',(0.,1.));
#1795 = ( GEOMETRIC_REPRESENTATION_CONTEXT(2) 
PARAMETRIC_REPRESENTATION_CONTEXT() REPRESENTATION_CONTEXT('2D SPACE',''
  ) );
#1796 = PCURVE('',#1797,#1802);
#1797 = PLANE('',#1798);
#1798 = AXIS2_PLACEMENT_3D('',#1799,#1800,#1801);
#1799 = CARTESIAN_POINT('',(-14.4,14.85,-5.));
#1800 = DIRECTION('',(1.,0.,-0.));
#1801 = DIRECTION('',(0.,0.,1.));
#1802 = DEFINITIONAL_REPRESENTATION('',(#1803),#1806);
#1803 = B_SPLINE_CURVE_WITH_KNOTS('',1,(#1804,#1805),.UNSPECIFIED.,.F.,
  .F.,(2,2),(0.35,3.05),.PIECEWISE_BEZIER_KNOTS.);
#1804 = CARTESIAN_POINT('',(3.9,-2.05));
#1805 = CARTESIAN_POINT('',(3.9,-4.75));
#1806 = ( GEOMETRIC_REPRESENTATION_CONTEXT(2) 
PARAMETRIC_REPRESENTATION_CONTEXT() REPRESENTATION_CONTEXT('2D SPACE',''
  ) );
#1807 = ORIENTED_EDGE('',*,*,#1808,.F.);
#1808 = EDGE_CURVE('',#1753,#1782,#1809,.T.);
#1809 = SURFACE_CURVE('',#1810,(#1815,#1822),.PCURVE_S1.);
#1810 = CIRCLE('',#1811,1.35);
#1811 = AXIS2_PLACEMENT_3D('',#1812,#1813,#1814);
#1812 = CARTESIAN_POINT('',(-15.,18.25,-1.1));
#1813 = DIRECTION('',(0.,0.,1.));
#1814 = DIRECTION('',(1.,0.,-0.));
#1815 = PCURVE('',#641,#1816);
#1816 = DEFINITIONAL_REPRESENTATION('',(#1817),#1821);
#1817 = CIRCLE('',#1818,1.35);
#1818 = AXIS2_PLACEMENT_2D('',#1819,#1820);
#1819 = CARTESIAN_POINT('',(2.95,31.25));
#1820 = DIRECTION('',(1.,0.));
#1821 = ( GEOMETRIC_REPRESENTATION_CONTEXT(2) 
PARAMETRIC_REPRESENTATION_CONTEXT() REPRESENTATION_CONTEXT('2D SPACE',''
  ) );
#1822 = PCURVE('',#1823,#1828);
#1823 = CYLINDRICAL_SURFACE('',#1824,1.35);
#1824 = AXIS2_PLACEMENT_3D('',#1825,#1826,#1827);
#1825 = CARTESIAN_POINT('',(-15.,18.25,-2.8));
#1826 = DIRECTION('',(0.,0.,1.));
#1827 = DIRECTION('',(1.,0.,-0.));
#1828 = DEFINITIONAL_REPRESENTATION('',(#1829),#1833);
#1829 = LINE('',#1830,#1831);
#1830 = CARTESIAN_POINT('',(0.,1.7));
#1831 = VECTOR('',#1832,1.);
#1832 = DIRECTION('',(1.,0.));
#1833 = ( GEOMETRIC_REPRESENTATION_CONTEXT(2) 
PARAMETRIC_REPRESENTATION_CONTEXT() REPRESENTATION_CONTEXT('2D SPACE',''
  ) );
#1834 = ADVANCED_FACE('',(#1835),#714,.T.);
#1835 = FACE_BOUND('',#1836,.T.);
#1836 = EDGE_LOOP('',(#1837,#1867,#1893,#1919,#1940,#1959,#1960,#1981,
    #1982,#1983));
#1837 = ORIENTED_EDGE('',*,*,#1838,.F.);
#1838 = EDGE_CURVE('',#1839,#1841,#1843,.T.);
#1839 = VERTEX_POINT('',#1840);
#1840 = CARTESIAN_POINT('',(17.95,-13.,-5.6));
#1841 = VERTEX_POINT('',#1842);
#1842 = CARTESIAN_POINT('',(17.95,-13.,-1.1));
#1843 = SURFACE_CURVE('',#1844,(#1848,#1855),.PCURVE_S1.);
#1844 = LINE('',#1845,#1846);
#1845 = CARTESIAN_POINT('',(17.95,-13.,-6.6));
#1846 = VECTOR('',#1847,1.);
#1847 = DIRECTION('',(0.,0.,1.));
#1848 = PCURVE('',#714,#1849);
#1849 = DEFINITIONAL_REPRESENTATION('',(#1850),#1854);
#1850 = LINE('',#1851,#1852);
#1851 = CARTESIAN_POINT('',(0.,35.9));
#1852 = VECTOR('',#1853,1.);
#1853 = DIRECTION('',(1.,0.));
#1854 = ( GEOMETRIC_REPRESENTATION_CONTEXT(2) 
PARAMETRIC_REPRESENTATION_CONTEXT() REPRESENTATION_CONTEXT('2D SPACE',''
  ) );
#1855 = PCURVE('',#1856,#1861);
#1856 = PLANE('',#1857);
#1857 = AXIS2_PLACEMENT_3D('',#1858,#1859,#1860);
#1858 = CARTESIAN_POINT('',(17.95,-13.,-6.6));
#1859 = DIRECTION('',(1.,0.,-0.));
#1860 = DIRECTION('',(0.,0.,1.));
#1861 = DEFINITIONAL_REPRESENTATION('',(#1862),#1866);
#1862 = LINE('',#1863,#1864);
#1863 = CARTESIAN_POINT('',(0.,0.));
#1864 = VECTOR('',#1865,1.);
#1865 = DIRECTION('',(1.,0.));
#1866 = ( GEOMETRIC_REPRESENTATION_CONTEXT(2) 
PARAMETRIC_REPRESENTATION_CONTEXT() REPRESENTATION_CONTEXT('2D SPACE',''
  ) );
#1867 = ORIENTED_EDGE('',*,*,#1868,.T.);
#1868 = EDGE_CURVE('',#1839,#1869,#1871,.T.);
#1869 = VERTEX_POINT('',#1870);
#1870 = CARTESIAN_POINT('',(17.55,-13.,-5.6));
#1871 = SURFACE_CURVE('',#1872,(#1876,#1882),.PCURVE_S1.);
#1872 = LINE('',#1873,#1874);
#1873 = CARTESIAN_POINT('',(-0.2,-13.,-5.6));
#1874 = VECTOR('',#1875,1.);
#1875 = DIRECTION('',(-1.,-0.,0.));
#1876 = PCURVE('',#714,#1877);
#1877 = DEFINITIONAL_REPRESENTATION('',(#1878),#1881);
#1878 = B_SPLINE_CURVE_WITH_KNOTS('',1,(#1879,#1880),.UNSPECIFIED.,.F.,
  .F.,(2,2),(-18.15,-17.75),.PIECEWISE_BEZIER_KNOTS.);
#1879 = CARTESIAN_POINT('',(1.,35.9));
#1880 = CARTESIAN_POINT('',(1.,35.5));
#1881 = ( GEOMETRIC_REPRESENTATION_CONTEXT(2) 
PARAMETRIC_REPRESENTATION_CONTEXT() REPRESENTATION_CONTEXT('2D SPACE',''
  ) );
#1882 = PCURVE('',#1883,#1888);
#1883 = PLANE('',#1884);
#1884 = AXIS2_PLACEMENT_3D('',#1885,#1886,#1887);
#1885 = CARTESIAN_POINT('',(17.55,-12.6,-5.6));
#1886 = DIRECTION('',(0.,0.,1.));
#1887 = DIRECTION('',(1.,0.,-0.));
#1888 = DEFINITIONAL_REPRESENTATION('',(#1889),#1892);
#1889 = B_SPLINE_CURVE_WITH_KNOTS('',1,(#1890,#1891),.UNSPECIFIED.,.F.,
  .F.,(2,2),(-18.15,-17.75),.PIECEWISE_BEZIER_KNOTS.);
#1890 = CARTESIAN_POINT('',(0.4,-0.4));
#1891 = CARTESIAN_POINT('',(0.,-0.4));
#1892 = ( GEOMETRIC_REPRESENTATION_CONTEXT(2) 
PARAMETRIC_REPRESENTATION_CONTEXT() REPRESENTATION_CONTEXT('2D SPACE',''
  ) );
#1893 = ORIENTED_EDGE('',*,*,#1894,.T.);
#1894 = EDGE_CURVE('',#1869,#1895,#1897,.T.);
#1895 = VERTEX_POINT('',#1896);
#1896 = CARTESIAN_POINT('',(14.576786250536,-13.,-5.6));
#1897 = SURFACE_CURVE('',#1898,(#1902,#1908),.PCURVE_S1.);
#1898 = LINE('',#1899,#1900);
#1899 = CARTESIAN_POINT('',(-17.75,-13.,-5.6));
#1900 = VECTOR('',#1901,1.);
#1901 = DIRECTION('',(-1.,-0.,0.));
#1902 = PCURVE('',#714,#1903);
#1903 = DEFINITIONAL_REPRESENTATION('',(#1904),#1907);
#1904 = B_SPLINE_CURVE_WITH_KNOTS('',1,(#1905,#1906),.UNSPECIFIED.,.F.,
  .F.,(2,2),(-35.3,-32.3),.PIECEWISE_BEZIER_KNOTS.);
#1905 = CARTESIAN_POINT('',(1.,35.5));
#1906 = CARTESIAN_POINT('',(1.,32.5));
#1907 = ( GEOMETRIC_REPRESENTATION_CONTEXT(2) 
PARAMETRIC_REPRESENTATION_CONTEXT() REPRESENTATION_CONTEXT('2D SPACE',''
  ) );
#1908 = PCURVE('',#1909,#1914);
#1909 = PLANE('',#1910);
#1910 = AXIS2_PLACEMENT_3D('',#1911,#1912,#1913);
#1911 = CARTESIAN_POINT('',(-17.55,-15.6,-5.6));
#1912 = DIRECTION('',(0.,0.,1.));
#1913 = DIRECTION('',(1.,0.,-0.));
#1914 = DEFINITIONAL_REPRESENTATION('',(#1915),#1918);
#1915 = B_SPLINE_CURVE_WITH_KNOTS('',1,(#1916,#1917),.UNSPECIFIED.,.F.,
  .F.,(2,2),(-35.3,-32.3),.PIECEWISE_BEZIER_KNOTS.);
#1916 = CARTESIAN_POINT('',(35.1,2.6));
#1917 = CARTESIAN_POINT('',(32.1,2.6));
#1918 = ( GEOMETRIC_REPRESENTATION_CONTEXT(2) 
PARAMETRIC_REPRESENTATION_CONTEXT() REPRESENTATION_CONTEXT('2D SPACE',''
  ) );
#1919 = ORIENTED_EDGE('',*,*,#1920,.T.);
#1920 = EDGE_CURVE('',#1895,#1921,#1923,.T.);
#1921 = VERTEX_POINT('',#1922);
#1922 = CARTESIAN_POINT('',(-14.57678625053,-13.,-5.6));
#1923 = SURFACE_CURVE('',#1924,(#1928,#1934),.PCURVE_S1.);
#1924 = LINE('',#1925,#1926);
#1925 = CARTESIAN_POINT('',(-17.75,-13.,-5.6));
#1926 = VECTOR('',#1927,1.);
#1927 = DIRECTION('',(-1.,-0.,0.));
#1928 = PCURVE('',#714,#1929);
#1929 = DEFINITIONAL_REPRESENTATION('',(#1930),#1933);
#1930 = B_SPLINE_CURVE_WITH_KNOTS('',1,(#1931,#1932),.UNSPECIFIED.,.F.,
  .F.,(2,2),(-35.3,-0.2),.PIECEWISE_BEZIER_KNOTS.);
#1931 = CARTESIAN_POINT('',(1.,35.5));
#1932 = CARTESIAN_POINT('',(1.,0.4));
#1933 = ( GEOMETRIC_REPRESENTATION_CONTEXT(2) 
PARAMETRIC_REPRESENTATION_CONTEXT() REPRESENTATION_CONTEXT('2D SPACE',''
  ) );
#1934 = PCURVE('',#959,#1935);
#1935 = DEFINITIONAL_REPRESENTATION('',(#1936),#1939);
#1936 = B_SPLINE_CURVE_WITH_KNOTS('',1,(#1937,#1938),.UNSPECIFIED.,.F.,
  .F.,(2,2),(-35.3,-0.2),.PIECEWISE_BEZIER_KNOTS.);
#1937 = CARTESIAN_POINT('',(35.1,2.6));
#1938 = CARTESIAN_POINT('',(-5.551115123126E-16,2.6));
#1939 = ( GEOMETRIC_REPRESENTATION_CONTEXT(2) 
PARAMETRIC_REPRESENTATION_CONTEXT() REPRESENTATION_CONTEXT('2D SPACE',''
  ) );
#1940 = ORIENTED_EDGE('',*,*,#1941,.T.);
#1941 = EDGE_CURVE('',#1921,#1115,#1942,.T.);
#1942 = SURFACE_CURVE('',#1943,(#1947,#1953),.PCURVE_S1.);
#1943 = LINE('',#1944,#1945);
#1944 = CARTESIAN_POINT('',(-17.75,-13.,-5.6));
#1945 = VECTOR('',#1946,1.);
#1946 = DIRECTION('',(-1.,-0.,0.));
#1947 = PCURVE('',#714,#1948);
#1948 = DEFINITIONAL_REPRESENTATION('',(#1949),#1952);
#1949 = B_SPLINE_CURVE_WITH_KNOTS('',1,(#1950,#1951),.UNSPECIFIED.,.F.,
  .F.,(2,2),(-3.2,-0.2),.PIECEWISE_BEZIER_KNOTS.);
#1950 = CARTESIAN_POINT('',(1.,3.4));
#1951 = CARTESIAN_POINT('',(1.,0.4));
#1952 = ( GEOMETRIC_REPRESENTATION_CONTEXT(2) 
PARAMETRIC_REPRESENTATION_CONTEXT() REPRESENTATION_CONTEXT('2D SPACE',''
  ) );
#1953 = PCURVE('',#1130,#1954);
#1954 = DEFINITIONAL_REPRESENTATION('',(#1955),#1958);
#1955 = B_SPLINE_CURVE_WITH_KNOTS('',1,(#1956,#1957),.UNSPECIFIED.,.F.,
  .F.,(2,2),(-3.2,-0.2),.PIECEWISE_BEZIER_KNOTS.);
#1956 = CARTESIAN_POINT('',(3.,2.6));
#1957 = CARTESIAN_POINT('',(-5.551115123126E-16,2.6));
#1958 = ( GEOMETRIC_REPRESENTATION_CONTEXT(2) 
PARAMETRIC_REPRESENTATION_CONTEXT() REPRESENTATION_CONTEXT('2D SPACE',''
  ) );
#1959 = ORIENTED_EDGE('',*,*,#1142,.T.);
#1960 = ORIENTED_EDGE('',*,*,#1961,.T.);
#1961 = EDGE_CURVE('',#1143,#1429,#1962,.T.);
#1962 = SURFACE_CURVE('',#1963,(#1967,#1974),.PCURVE_S1.);
#1963 = LINE('',#1964,#1965);
#1964 = CARTESIAN_POINT('',(-17.95,-13.,-6.6));
#1965 = VECTOR('',#1966,1.);
#1966 = DIRECTION('',(0.,0.,1.));
#1967 = PCURVE('',#714,#1968);
#1968 = DEFINITIONAL_REPRESENTATION('',(#1969),#1973);
#1969 = LINE('',#1970,#1971);
#1970 = CARTESIAN_POINT('',(0.,0.));
#1971 = VECTOR('',#1972,1.);
#1972 = DIRECTION('',(1.,0.));
#1973 = ( GEOMETRIC_REPRESENTATION_CONTEXT(2) 
PARAMETRIC_REPRESENTATION_CONTEXT() REPRESENTATION_CONTEXT('2D SPACE',''
  ) );
#1974 = PCURVE('',#1176,#1975);
#1975 = DEFINITIONAL_REPRESENTATION('',(#1976),#1980);
#1976 = LINE('',#1977,#1978);
#1977 = CARTESIAN_POINT('',(0.,0.));
#1978 = VECTOR('',#1979,1.);
#1979 = DIRECTION('',(1.,0.));
#1980 = ( GEOMETRIC_REPRESENTATION_CONTEXT(2) 
PARAMETRIC_REPRESENTATION_CONTEXT() REPRESENTATION_CONTEXT('2D SPACE',''
  ) );
#1981 = ORIENTED_EDGE('',*,*,#1451,.T.);
#1982 = ORIENTED_EDGE('',*,*,#700,.T.);
#1983 = ORIENTED_EDGE('',*,*,#1984,.T.);
#1984 = EDGE_CURVE('',#678,#1841,#1985,.T.);
#1985 = SURFACE_CURVE('',#1986,(#1990,#1997),.PCURVE_S1.);
#1986 = LINE('',#1987,#1988);
#1987 = CARTESIAN_POINT('',(-17.95,-13.,-1.1));
#1988 = VECTOR('',#1989,1.);
#1989 = DIRECTION('',(1.,0.,-0.));
#1990 = PCURVE('',#714,#1991);
#1991 = DEFINITIONAL_REPRESENTATION('',(#1992),#1996);
#1992 = LINE('',#1993,#1994);
#1993 = CARTESIAN_POINT('',(5.5,0.));
#1994 = VECTOR('',#1995,1.);
#1995 = DIRECTION('',(0.,1.));
#1996 = ( GEOMETRIC_REPRESENTATION_CONTEXT(2) 
PARAMETRIC_REPRESENTATION_CONTEXT() REPRESENTATION_CONTEXT('2D SPACE',''
  ) );
#1997 = PCURVE('',#748,#1998);
#1998 = DEFINITIONAL_REPRESENTATION('',(#1999),#2003);
#1999 = LINE('',#2000,#2001);
#2000 = CARTESIAN_POINT('',(0.,0.));
#2001 = VECTOR('',#2002,1.);
#2002 = DIRECTION('',(1.,0.));
#2003 = ( GEOMETRIC_REPRESENTATION_CONTEXT(2) 
PARAMETRIC_REPRESENTATION_CONTEXT() REPRESENTATION_CONTEXT('2D SPACE',''
  ) );
#2004 = ADVANCED_FACE('',(#2005),#775,.T.);
#2005 = FACE_BOUND('',#2006,.T.);
#2006 = EDGE_LOOP('',(#2007,#2035,#2058,#2086,#2109,#2137,#2158,#2159));
#2007 = ORIENTED_EDGE('',*,*,#2008,.F.);
#2008 = EDGE_CURVE('',#2009,#810,#2011,.T.);
#2009 = VERTEX_POINT('',#2010);
#2010 = CARTESIAN_POINT('',(17.55,-9.35,-1.1));
#2011 = SURFACE_CURVE('',#2012,(#2016,#2023),.PCURVE_S1.);
#2012 = LINE('',#2013,#2014);
#2013 = CARTESIAN_POINT('',(17.55,-9.35,-1.1));
#2014 = VECTOR('',#2015,1.);
#2015 = DIRECTION('',(0.,0.,1.));
#2016 = PCURVE('',#775,#2017);
#2017 = DEFINITIONAL_REPRESENTATION('',(#2018),#2022);
#2018 = LINE('',#2019,#2020);
#2019 = CARTESIAN_POINT('',(0.,35.1));
#2020 = VECTOR('',#2021,1.);
#2021 = DIRECTION('',(1.,0.));
#2022 = ( GEOMETRIC_REPRESENTATION_CONTEXT(2) 
PARAMETRIC_REPRESENTATION_CONTEXT() REPRESENTATION_CONTEXT('2D SPACE',''
  ) );
#2023 = PCURVE('',#2024,#2029);
#2024 = PLANE('',#2025);
#2025 = AXIS2_PLACEMENT_3D('',#2026,#2027,#2028);
#2026 = CARTESIAN_POINT('',(17.55,-9.35,-1.1));
#2027 = DIRECTION('',(1.,0.,-0.));
#2028 = DIRECTION('',(0.,0.,1.));
#2029 = DEFINITIONAL_REPRESENTATION('',(#2030),#2034);
#2030 = LINE('',#2031,#2032);
#2031 = CARTESIAN_POINT('',(0.,0.));
#2032 = VECTOR('',#2033,1.);
#2033 = DIRECTION('',(1.,0.));
#2034 = ( GEOMETRIC_REPRESENTATION_CONTEXT(2) 
PARAMETRIC_REPRESENTATION_CONTEXT() REPRESENTATION_CONTEXT('2D SPACE',''
  ) );
#2035 = ORIENTED_EDGE('',*,*,#2036,.F.);
#2036 = EDGE_CURVE('',#2037,#2009,#2039,.T.);
#2037 = VERTEX_POINT('',#2038);
#2038 = CARTESIAN_POINT('',(16.006230589875,-9.35,-1.1));
#2039 = SURFACE_CURVE('',#2040,(#2044,#2051),.PCURVE_S1.);
#2040 = LINE('',#2041,#2042);
#2041 = CARTESIAN_POINT('',(-17.55,-9.35,-1.1));
#2042 = VECTOR('',#2043,1.);
#2043 = DIRECTION('',(1.,0.,-0.));
#2044 = PCURVE('',#775,#2045);
#2045 = DEFINITIONAL_REPRESENTATION('',(#2046),#2050);
#2046 = LINE('',#2047,#2048);
#2047 = CARTESIAN_POINT('',(0.,0.));
#2048 = VECTOR('',#2049,1.);
#2049 = DIRECTION('',(0.,1.));
#2050 = ( GEOMETRIC_REPRESENTATION_CONTEXT(2) 
PARAMETRIC_REPRESENTATION_CONTEXT() REPRESENTATION_CONTEXT('2D SPACE',''
  ) );
#2051 = PCURVE('',#748,#2052);
#2052 = DEFINITIONAL_REPRESENTATION('',(#2053),#2057);
#2053 = LINE('',#2054,#2055);
#2054 = CARTESIAN_POINT('',(0.4,3.65));
#2055 = VECTOR('',#2056,1.);
#2056 = DIRECTION('',(1.,0.));
#2057 = ( GEOMETRIC_REPRESENTATION_CONTEXT(2) 
PARAMETRIC_REPRESENTATION_CONTEXT() REPRESENTATION_CONTEXT('2D SPACE',''
  ) );
#2058 = ORIENTED_EDGE('',*,*,#2059,.F.);
#2059 = EDGE_CURVE('',#2060,#2037,#2062,.T.);
#2060 = VERTEX_POINT('',#2061);
#2061 = CARTESIAN_POINT('',(15.6,-9.35,-1.1));
#2062 = SURFACE_CURVE('',#2063,(#2067,#2074),.PCURVE_S1.);
#2063 = LINE('',#2064,#2065);
#2064 = CARTESIAN_POINT('',(-17.55,-9.35,-1.1));
#2065 = VECTOR('',#2066,1.);
#2066 = DIRECTION('',(1.,0.,-0.));
#2067 = PCURVE('',#775,#2068);
#2068 = DEFINITIONAL_REPRESENTATION('',(#2069),#2073);
#2069 = LINE('',#2070,#2071);
#2070 = CARTESIAN_POINT('',(0.,0.));
#2071 = VECTOR('',#2072,1.);
#2072 = DIRECTION('',(0.,1.));
#2073 = ( GEOMETRIC_REPRESENTATION_CONTEXT(2) 
PARAMETRIC_REPRESENTATION_CONTEXT() REPRESENTATION_CONTEXT('2D SPACE',''
  ) );
#2074 = PCURVE('',#2075,#2080);
#2075 = PLANE('',#2076);
#2076 = AXIS2_PLACEMENT_3D('',#2077,#2078,#2079);
#2077 = CARTESIAN_POINT('',(15.,-10.25,-1.1));
#2078 = DIRECTION('',(0.,0.,1.));
#2079 = DIRECTION('',(1.,0.,-0.));
#2080 = DEFINITIONAL_REPRESENTATION('',(#2081),#2085);
#2081 = LINE('',#2082,#2083);
#2082 = CARTESIAN_POINT('',(-32.55,0.9));
#2083 = VECTOR('',#2084,1.);
#2084 = DIRECTION('',(1.,0.));
#2085 = ( GEOMETRIC_REPRESENTATION_CONTEXT(2) 
PARAMETRIC_REPRESENTATION_CONTEXT() REPRESENTATION_CONTEXT('2D SPACE',''
  ) );
#2086 = ORIENTED_EDGE('',*,*,#2087,.F.);
#2087 = EDGE_CURVE('',#2088,#2060,#2090,.T.);
#2088 = VERTEX_POINT('',#2089);
#2089 = CARTESIAN_POINT('',(14.4,-9.35,-1.1));
#2090 = SURFACE_CURVE('',#2091,(#2095,#2102),.PCURVE_S1.);
#2091 = LINE('',#2092,#2093);
#2092 = CARTESIAN_POINT('',(-17.55,-9.35,-1.1));
#2093 = VECTOR('',#2094,1.);
#2094 = DIRECTION('',(1.,0.,-0.));
#2095 = PCURVE('',#775,#2096);
#2096 = DEFINITIONAL_REPRESENTATION('',(#2097),#2101);
#2097 = LINE('',#2098,#2099);
#2098 = CARTESIAN_POINT('',(0.,0.));
#2099 = VECTOR('',#2100,1.);
#2100 = DIRECTION('',(0.,1.));
#2101 = ( GEOMETRIC_REPRESENTATION_CONTEXT(2) 
PARAMETRIC_REPRESENTATION_CONTEXT() REPRESENTATION_CONTEXT('2D SPACE',''
  ) );
#2102 = PCURVE('',#748,#2103);
#2103 = DEFINITIONAL_REPRESENTATION('',(#2104),#2108);
#2104 = LINE('',#2105,#2106);
#2105 = CARTESIAN_POINT('',(0.4,3.65));
#2106 = VECTOR('',#2107,1.);
#2107 = DIRECTION('',(1.,0.));
#2108 = ( GEOMETRIC_REPRESENTATION_CONTEXT(2) 
PARAMETRIC_REPRESENTATION_CONTEXT() REPRESENTATION_CONTEXT('2D SPACE',''
  ) );
#2109 = ORIENTED_EDGE('',*,*,#2110,.F.);
#2110 = EDGE_CURVE('',#2111,#2088,#2113,.T.);
#2111 = VERTEX_POINT('',#2112);
#2112 = CARTESIAN_POINT('',(13.993769410125,-9.35,-1.1));
#2113 = SURFACE_CURVE('',#2114,(#2118,#2125),.PCURVE_S1.);
#2114 = LINE('',#2115,#2116);
#2115 = CARTESIAN_POINT('',(-17.55,-9.35,-1.1));
#2116 = VECTOR('',#2117,1.);
#2117 = DIRECTION('',(1.,0.,-0.));
#2118 = PCURVE('',#775,#2119);
#2119 = DEFINITIONAL_REPRESENTATION('',(#2120),#2124);
#2120 = LINE('',#2121,#2122);
#2121 = CARTESIAN_POINT('',(0.,0.));
#2122 = VECTOR('',#2123,1.);
#2123 = DIRECTION('',(0.,1.));
#2124 = ( GEOMETRIC_REPRESENTATION_CONTEXT(2) 
PARAMETRIC_REPRESENTATION_CONTEXT() REPRESENTATION_CONTEXT('2D SPACE',''
  ) );
#2125 = PCURVE('',#2126,#2131);
#2126 = PLANE('',#2127);
#2127 = AXIS2_PLACEMENT_3D('',#2128,#2129,#2130);
#2128 = CARTESIAN_POINT('',(15.,-10.25,-1.1));
#2129 = DIRECTION('',(0.,0.,1.));
#2130 = DIRECTION('',(1.,0.,-0.));
#2131 = DEFINITIONAL_REPRESENTATION('',(#2132),#2136);
#2132 = LINE('',#2133,#2134);
#2133 = CARTESIAN_POINT('',(-32.55,0.9));
#2134 = VECTOR('',#2135,1.);
#2135 = DIRECTION('',(1.,0.));
#2136 = ( GEOMETRIC_REPRESENTATION_CONTEXT(2) 
PARAMETRIC_REPRESENTATION_CONTEXT() REPRESENTATION_CONTEXT('2D SPACE',''
  ) );
#2137 = ORIENTED_EDGE('',*,*,#2138,.F.);
#2138 = EDGE_CURVE('',#733,#2111,#2139,.T.);
#2139 = SURFACE_CURVE('',#2140,(#2144,#2151),.PCURVE_S1.);
#2140 = LINE('',#2141,#2142);
#2141 = CARTESIAN_POINT('',(-17.55,-9.35,-1.1));
#2142 = VECTOR('',#2143,1.);
#2143 = DIRECTION('',(1.,0.,-0.));
#2144 = PCURVE('',#775,#2145);
#2145 = DEFINITIONAL_REPRESENTATION('',(#2146),#2150);
#2146 = LINE('',#2147,#2148);
#2147 = CARTESIAN_POINT('',(0.,0.));
#2148 = VECTOR('',#2149,1.);
#2149 = DIRECTION('',(0.,1.));
#2150 = ( GEOMETRIC_REPRESENTATION_CONTEXT(2) 
PARAMETRIC_REPRESENTATION_CONTEXT() REPRESENTATION_CONTEXT('2D SPACE',''
  ) );
#2151 = PCURVE('',#748,#2152);
#2152 = DEFINITIONAL_REPRESENTATION('',(#2153),#2157);
#2153 = LINE('',#2154,#2155);
#2154 = CARTESIAN_POINT('',(0.4,3.65));
#2155 = VECTOR('',#2156,1.);
#2156 = DIRECTION('',(1.,0.));
#2157 = ( GEOMETRIC_REPRESENTATION_CONTEXT(2) 
PARAMETRIC_REPRESENTATION_CONTEXT() REPRESENTATION_CONTEXT('2D SPACE',''
  ) );
#2158 = ORIENTED_EDGE('',*,*,#760,.F.);
#2159 = ORIENTED_EDGE('',*,*,#809,.F.);
#2160 = ADVANCED_FACE('',(#2161,#2428,#2486),#748,.F.);
#2161 = FACE_BOUND('',#2162,.F.);
#2162 = EDGE_LOOP('',(#2163,#2188,#2216,#2244,#2265,#2266,#2295,#2324,
    #2349,#2350,#2377,#2404,#2405,#2406,#2407));
#2163 = ORIENTED_EDGE('',*,*,#2164,.F.);
#2164 = EDGE_CURVE('',#2165,#2167,#2169,.T.);
#2165 = VERTEX_POINT('',#2166);
#2166 = CARTESIAN_POINT('',(7.5,21.,-1.1));
#2167 = VERTEX_POINT('',#2168);
#2168 = CARTESIAN_POINT('',(17.95,21.,-1.1));
#2169 = SURFACE_CURVE('',#2170,(#2174,#2181),.PCURVE_S1.);
#2170 = LINE('',#2171,#2172);
#2171 = CARTESIAN_POINT('',(-17.95,21.,-1.1));
#2172 = VECTOR('',#2173,1.);
#2173 = DIRECTION('',(1.,0.,-0.));
#2174 = PCURVE('',#748,#2175);
#2175 = DEFINITIONAL_REPRESENTATION('',(#2176),#2180);
#2176 = LINE('',#2177,#2178);
#2177 = CARTESIAN_POINT('',(0.,34.));
#2178 = VECTOR('',#2179,1.);
#2179 = DIRECTION('',(1.,0.));
#2180 = ( GEOMETRIC_REPRESENTATION_CONTEXT(2) 
PARAMETRIC_REPRESENTATION_CONTEXT() REPRESENTATION_CONTEXT('2D SPACE',''
  ) );
#2181 = PCURVE('',#1416,#2182);
#2182 = DEFINITIONAL_REPRESENTATION('',(#2183),#2187);
#2183 = LINE('',#2184,#2185);
#2184 = CARTESIAN_POINT('',(5.5,0.));
#2185 = VECTOR('',#2186,1.);
#2186 = DIRECTION('',(0.,1.));
#2187 = ( GEOMETRIC_REPRESENTATION_CONTEXT(2) 
PARAMETRIC_REPRESENTATION_CONTEXT() REPRESENTATION_CONTEXT('2D SPACE',''
  ) );
#2188 = ORIENTED_EDGE('',*,*,#2189,.F.);
#2189 = EDGE_CURVE('',#2190,#2165,#2192,.T.);
#2190 = VERTEX_POINT('',#2191);
#2191 = CARTESIAN_POINT('',(7.5,14.25,-1.1));
#2192 = SURFACE_CURVE('',#2193,(#2197,#2204),.PCURVE_S1.);
#2193 = LINE('',#2194,#2195);
#2194 = CARTESIAN_POINT('',(7.5,-13.,-1.1));
#2195 = VECTOR('',#2196,1.);
#2196 = DIRECTION('',(-0.,1.,0.));
#2197 = PCURVE('',#748,#2198);
#2198 = DEFINITIONAL_REPRESENTATION('',(#2199),#2203);
#2199 = LINE('',#2200,#2201);
#2200 = CARTESIAN_POINT('',(25.45,0.));
#2201 = VECTOR('',#2202,1.);
#2202 = DIRECTION('',(0.,1.));
#2203 = ( GEOMETRIC_REPRESENTATION_CONTEXT(2) 
PARAMETRIC_REPRESENTATION_CONTEXT() REPRESENTATION_CONTEXT('2D SPACE',''
  ) );
#2204 = PCURVE('',#2205,#2210);
#2205 = PLANE('',#2206);
#2206 = AXIS2_PLACEMENT_3D('',#2207,#2208,#2209);
#2207 = CARTESIAN_POINT('',(7.5,-13.,-1.1));
#2208 = DIRECTION('',(1.,0.,-0.));
#2209 = DIRECTION('',(0.,0.,1.));
#2210 = DEFINITIONAL_REPRESENTATION('',(#2211),#2215);
#2211 = LINE('',#2212,#2213);
#2212 = CARTESIAN_POINT('',(0.,0.));
#2213 = VECTOR('',#2214,1.);
#2214 = DIRECTION('',(0.,-1.));
#2215 = ( GEOMETRIC_REPRESENTATION_CONTEXT(2) 
PARAMETRIC_REPRESENTATION_CONTEXT() REPRESENTATION_CONTEXT('2D SPACE',''
  ) );
#2216 = ORIENTED_EDGE('',*,*,#2217,.T.);
#2217 = EDGE_CURVE('',#2190,#2218,#2220,.T.);
#2218 = VERTEX_POINT('',#2219);
#2219 = CARTESIAN_POINT('',(17.55,14.25,-1.1));
#2220 = SURFACE_CURVE('',#2221,(#2225,#2232),.PCURVE_S1.);
#2221 = LINE('',#2222,#2223);
#2222 = CARTESIAN_POINT('',(-17.55,14.25,-1.1));
#2223 = VECTOR('',#2224,1.);
#2224 = DIRECTION('',(1.,0.,-0.));
#2225 = PCURVE('',#748,#2226);
#2226 = DEFINITIONAL_REPRESENTATION('',(#2227),#2231);
#2227 = LINE('',#2228,#2229);
#2228 = CARTESIAN_POINT('',(0.4,27.25));
#2229 = VECTOR('',#2230,1.);
#2230 = DIRECTION('',(1.,0.));
#2231 = ( GEOMETRIC_REPRESENTATION_CONTEXT(2) 
PARAMETRIC_REPRESENTATION_CONTEXT() REPRESENTATION_CONTEXT('2D SPACE',''
  ) );
#2232 = PCURVE('',#2233,#2238);
#2233 = PLANE('',#2234);
#2234 = AXIS2_PLACEMENT_3D('',#2235,#2236,#2237);
#2235 = CARTESIAN_POINT('',(-17.55,14.25,-1.1));
#2236 = DIRECTION('',(-0.,1.,0.));
#2237 = DIRECTION('',(0.,0.,1.));
#2238 = DEFINITIONAL_REPRESENTATION('',(#2239),#2243);
#2239 = LINE('',#2240,#2241);
#2240 = CARTESIAN_POINT('',(0.,0.));
#2241 = VECTOR('',#2242,1.);
#2242 = DIRECTION('',(0.,1.));
#2243 = ( GEOMETRIC_REPRESENTATION_CONTEXT(2) 
PARAMETRIC_REPRESENTATION_CONTEXT() REPRESENTATION_CONTEXT('2D SPACE',''
  ) );
#2244 = ORIENTED_EDGE('',*,*,#2245,.F.);
#2245 = EDGE_CURVE('',#2009,#2218,#2246,.T.);
#2246 = SURFACE_CURVE('',#2247,(#2251,#2258),.PCURVE_S1.);
#2247 = LINE('',#2248,#2249);
#2248 = CARTESIAN_POINT('',(17.55,-9.35,-1.1));
#2249 = VECTOR('',#2250,1.);
#2250 = DIRECTION('',(-0.,1.,0.));
#2251 = PCURVE('',#748,#2252);
#2252 = DEFINITIONAL_REPRESENTATION('',(#2253),#2257);
#2253 = LINE('',#2254,#2255);
#2254 = CARTESIAN_POINT('',(35.5,3.65));
#2255 = VECTOR('',#2256,1.);
#2256 = DIRECTION('',(0.,1.));
#2257 = ( GEOMETRIC_REPRESENTATION_CONTEXT(2) 
PARAMETRIC_REPRESENTATION_CONTEXT() REPRESENTATION_CONTEXT('2D SPACE',''
  ) );
#2258 = PCURVE('',#2024,#2259);
#2259 = DEFINITIONAL_REPRESENTATION('',(#2260),#2264);
#2260 = LINE('',#2261,#2262);
#2261 = CARTESIAN_POINT('',(0.,0.));
#2262 = VECTOR('',#2263,1.);
#2263 = DIRECTION('',(0.,-1.));
#2264 = ( GEOMETRIC_REPRESENTATION_CONTEXT(2) 
PARAMETRIC_REPRESENTATION_CONTEXT() REPRESENTATION_CONTEXT('2D SPACE',''
  ) );
#2265 = ORIENTED_EDGE('',*,*,#2036,.F.);
#2266 = ORIENTED_EDGE('',*,*,#2267,.F.);
#2267 = EDGE_CURVE('',#2268,#2037,#2270,.T.);
#2268 = VERTEX_POINT('',#2269);
#2269 = CARTESIAN_POINT('',(16.35,-10.25,-1.1));
#2270 = SURFACE_CURVE('',#2271,(#2276,#2283),.PCURVE_S1.);
#2271 = CIRCLE('',#2272,1.35);
#2272 = AXIS2_PLACEMENT_3D('',#2273,#2274,#2275);
#2273 = CARTESIAN_POINT('',(15.,-10.25,-1.1));
#2274 = DIRECTION('',(0.,0.,1.));
#2275 = DIRECTION('',(1.,0.,-0.));
#2276 = PCURVE('',#748,#2277);
#2277 = DEFINITIONAL_REPRESENTATION('',(#2278),#2282);
#2278 = CIRCLE('',#2279,1.35);
#2279 = AXIS2_PLACEMENT_2D('',#2280,#2281);
#2280 = CARTESIAN_POINT('',(32.95,2.75));
#2281 = DIRECTION('',(1.,0.));
#2282 = ( GEOMETRIC_REPRESENTATION_CONTEXT(2) 
PARAMETRIC_REPRESENTATION_CONTEXT() REPRESENTATION_CONTEXT('2D SPACE',''
  ) );
#2283 = PCURVE('',#2284,#2289);
#2284 = CYLINDRICAL_SURFACE('',#2285,1.35);
#2285 = AXIS2_PLACEMENT_3D('',#2286,#2287,#2288);
#2286 = CARTESIAN_POINT('',(15.,-10.25,-2.8));
#2287 = DIRECTION('',(0.,0.,1.));
#2288 = DIRECTION('',(1.,0.,-0.));
#2289 = DEFINITIONAL_REPRESENTATION('',(#2290),#2294);
#2290 = LINE('',#2291,#2292);
#2291 = CARTESIAN_POINT('',(0.,1.7));
#2292 = VECTOR('',#2293,1.);
#2293 = DIRECTION('',(1.,0.));
#2294 = ( GEOMETRIC_REPRESENTATION_CONTEXT(2) 
PARAMETRIC_REPRESENTATION_CONTEXT() REPRESENTATION_CONTEXT('2D SPACE',''
  ) );
#2295 = ORIENTED_EDGE('',*,*,#2296,.F.);
#2296 = EDGE_CURVE('',#2297,#2268,#2299,.T.);
#2297 = VERTEX_POINT('',#2298);
#2298 = CARTESIAN_POINT('',(15.6,-11.45933866224,-1.1));
#2299 = SURFACE_CURVE('',#2300,(#2305,#2312),.PCURVE_S1.);
#2300 = CIRCLE('',#2301,1.35);
#2301 = AXIS2_PLACEMENT_3D('',#2302,#2303,#2304);
#2302 = CARTESIAN_POINT('',(15.,-10.25,-1.1));
#2303 = DIRECTION('',(0.,0.,1.));
#2304 = DIRECTION('',(1.,0.,-0.));
#2305 = PCURVE('',#748,#2306);
#2306 = DEFINITIONAL_REPRESENTATION('',(#2307),#2311);
#2307 = CIRCLE('',#2308,1.35);
#2308 = AXIS2_PLACEMENT_2D('',#2309,#2310);
#2309 = CARTESIAN_POINT('',(32.95,2.75));
#2310 = DIRECTION('',(1.,0.));
#2311 = ( GEOMETRIC_REPRESENTATION_CONTEXT(2) 
PARAMETRIC_REPRESENTATION_CONTEXT() REPRESENTATION_CONTEXT('2D SPACE',''
  ) );
#2312 = PCURVE('',#2313,#2318);
#2313 = CYLINDRICAL_SURFACE('',#2314,1.35);
#2314 = AXIS2_PLACEMENT_3D('',#2315,#2316,#2317);
#2315 = CARTESIAN_POINT('',(15.,-10.25,-2.8));
#2316 = DIRECTION('',(0.,0.,1.));
#2317 = DIRECTION('',(1.,0.,-0.));
#2318 = DEFINITIONAL_REPRESENTATION('',(#2319),#2323);
#2319 = LINE('',#2320,#2321);
#2320 = CARTESIAN_POINT('',(0.,1.7));
#2321 = VECTOR('',#2322,1.);
#2322 = DIRECTION('',(1.,0.));
#2323 = ( GEOMETRIC_REPRESENTATION_CONTEXT(2) 
PARAMETRIC_REPRESENTATION_CONTEXT() REPRESENTATION_CONTEXT('2D SPACE',''
  ) );
#2324 = ORIENTED_EDGE('',*,*,#2325,.T.);
#2325 = EDGE_CURVE('',#2297,#2060,#2326,.T.);
#2326 = SURFACE_CURVE('',#2327,(#2331,#2338),.PCURVE_S1.);
#2327 = LINE('',#2328,#2329);
#2328 = CARTESIAN_POINT('',(15.6,-11.95,-1.1));
#2329 = VECTOR('',#2330,1.);
#2330 = DIRECTION('',(-0.,1.,0.));
#2331 = PCURVE('',#748,#2332);
#2332 = DEFINITIONAL_REPRESENTATION('',(#2333),#2337);
#2333 = LINE('',#2334,#2335);
#2334 = CARTESIAN_POINT('',(33.55,1.05));
#2335 = VECTOR('',#2336,1.);
#2336 = DIRECTION('',(0.,1.));
#2337 = ( GEOMETRIC_REPRESENTATION_CONTEXT(2) 
PARAMETRIC_REPRESENTATION_CONTEXT() REPRESENTATION_CONTEXT('2D SPACE',''
  ) );
#2338 = PCURVE('',#2339,#2344);
#2339 = PLANE('',#2340);
#2340 = AXIS2_PLACEMENT_3D('',#2341,#2342,#2343);
#2341 = CARTESIAN_POINT('',(15.6,-13.65,-5.));
#2342 = DIRECTION('',(1.,0.,-0.));
#2343 = DIRECTION('',(0.,0.,1.));
#2344 = DEFINITIONAL_REPRESENTATION('',(#2345),#2348);
#2345 = B_SPLINE_CURVE_WITH_KNOTS('',1,(#2346,#2347),.UNSPECIFIED.,.F.,
  .F.,(2,2),(0.35,3.05),.PIECEWISE_BEZIER_KNOTS.);
#2346 = CARTESIAN_POINT('',(3.9,-2.05));
#2347 = CARTESIAN_POINT('',(3.9,-4.75));
#2348 = ( GEOMETRIC_REPRESENTATION_CONTEXT(2) 
PARAMETRIC_REPRESENTATION_CONTEXT() REPRESENTATION_CONTEXT('2D SPACE',''
  ) );
#2349 = ORIENTED_EDGE('',*,*,#2087,.F.);
#2350 = ORIENTED_EDGE('',*,*,#2351,.F.);
#2351 = EDGE_CURVE('',#2352,#2088,#2354,.T.);
#2352 = VERTEX_POINT('',#2353);
#2353 = CARTESIAN_POINT('',(14.4,-11.45933866224,-1.1));
#2354 = SURFACE_CURVE('',#2355,(#2359,#2366),.PCURVE_S1.);
#2355 = LINE('',#2356,#2357);
#2356 = CARTESIAN_POINT('',(14.4,-11.95,-1.1));
#2357 = VECTOR('',#2358,1.);
#2358 = DIRECTION('',(-0.,1.,0.));
#2359 = PCURVE('',#748,#2360);
#2360 = DEFINITIONAL_REPRESENTATION('',(#2361),#2365);
#2361 = LINE('',#2362,#2363);
#2362 = CARTESIAN_POINT('',(32.35,1.05));
#2363 = VECTOR('',#2364,1.);
#2364 = DIRECTION('',(0.,1.));
#2365 = ( GEOMETRIC_REPRESENTATION_CONTEXT(2) 
PARAMETRIC_REPRESENTATION_CONTEXT() REPRESENTATION_CONTEXT('2D SPACE',''
  ) );
#2366 = PCURVE('',#2367,#2372);
#2367 = PLANE('',#2368);
#2368 = AXIS2_PLACEMENT_3D('',#2369,#2370,#2371);
#2369 = CARTESIAN_POINT('',(14.4,-13.65,-5.));
#2370 = DIRECTION('',(1.,0.,-0.));
#2371 = DIRECTION('',(0.,0.,1.));
#2372 = DEFINITIONAL_REPRESENTATION('',(#2373),#2376);
#2373 = B_SPLINE_CURVE_WITH_KNOTS('',1,(#2374,#2375),.UNSPECIFIED.,.F.,
  .F.,(2,2),(0.35,3.05),.PIECEWISE_BEZIER_KNOTS.);
#2374 = CARTESIAN_POINT('',(3.9,-2.05));
#2375 = CARTESIAN_POINT('',(3.9,-4.75));
#2376 = ( GEOMETRIC_REPRESENTATION_CONTEXT(2) 
PARAMETRIC_REPRESENTATION_CONTEXT() REPRESENTATION_CONTEXT('2D SPACE',''
  ) );
#2377 = ORIENTED_EDGE('',*,*,#2378,.F.);
#2378 = EDGE_CURVE('',#2111,#2352,#2379,.T.);
#2379 = SURFACE_CURVE('',#2380,(#2385,#2392),.PCURVE_S1.);
#2380 = CIRCLE('',#2381,1.35);
#2381 = AXIS2_PLACEMENT_3D('',#2382,#2383,#2384);
#2382 = CARTESIAN_POINT('',(15.,-10.25,-1.1));
#2383 = DIRECTION('',(0.,0.,1.));
#2384 = DIRECTION('',(1.,0.,-0.));
#2385 = PCURVE('',#748,#2386);
#2386 = DEFINITIONAL_REPRESENTATION('',(#2387),#2391);
#2387 = CIRCLE('',#2388,1.35);
#2388 = AXIS2_PLACEMENT_2D('',#2389,#2390);
#2389 = CARTESIAN_POINT('',(32.95,2.75));
#2390 = DIRECTION('',(1.,0.));
#2391 = ( GEOMETRIC_REPRESENTATION_CONTEXT(2) 
PARAMETRIC_REPRESENTATION_CONTEXT() REPRESENTATION_CONTEXT('2D SPACE',''
  ) );
#2392 = PCURVE('',#2393,#2398);
#2393 = CYLINDRICAL_SURFACE('',#2394,1.35);
#2394 = AXIS2_PLACEMENT_3D('',#2395,#2396,#2397);
#2395 = CARTESIAN_POINT('',(15.,-10.25,-2.8));
#2396 = DIRECTION('',(0.,0.,1.));
#2397 = DIRECTION('',(1.,0.,-0.));
#2398 = DEFINITIONAL_REPRESENTATION('',(#2399),#2403);
#2399 = LINE('',#2400,#2401);
#2400 = CARTESIAN_POINT('',(0.,1.7));
#2401 = VECTOR('',#2402,1.);
#2402 = DIRECTION('',(1.,0.));
#2403 = ( GEOMETRIC_REPRESENTATION_CONTEXT(2) 
PARAMETRIC_REPRESENTATION_CONTEXT() REPRESENTATION_CONTEXT('2D SPACE',''
  ) );
#2404 = ORIENTED_EDGE('',*,*,#2138,.F.);
#2405 = ORIENTED_EDGE('',*,*,#732,.F.);
#2406 = ORIENTED_EDGE('',*,*,#1984,.T.);
#2407 = ORIENTED_EDGE('',*,*,#2408,.T.);
#2408 = EDGE_CURVE('',#1841,#2167,#2409,.T.);
#2409 = SURFACE_CURVE('',#2410,(#2414,#2421),.PCURVE_S1.);
#2410 = LINE('',#2411,#2412);
#2411 = CARTESIAN_POINT('',(17.95,-13.,-1.1));
#2412 = VECTOR('',#2413,1.);
#2413 = DIRECTION('',(-0.,1.,0.));
#2414 = PCURVE('',#748,#2415);
#2415 = DEFINITIONAL_REPRESENTATION('',(#2416),#2420);
#2416 = LINE('',#2417,#2418);
#2417 = CARTESIAN_POINT('',(35.9,0.));
#2418 = VECTOR('',#2419,1.);
#2419 = DIRECTION('',(0.,1.));
#2420 = ( GEOMETRIC_REPRESENTATION_CONTEXT(2) 
PARAMETRIC_REPRESENTATION_CONTEXT() REPRESENTATION_CONTEXT('2D SPACE',''
  ) );
#2421 = PCURVE('',#1856,#2422);
#2422 = DEFINITIONAL_REPRESENTATION('',(#2423),#2427);
#2423 = LINE('',#2424,#2425);
#2424 = CARTESIAN_POINT('',(5.5,0.));
#2425 = VECTOR('',#2426,1.);
#2426 = DIRECTION('',(0.,-1.));
#2427 = ( GEOMETRIC_REPRESENTATION_CONTEXT(2) 
PARAMETRIC_REPRESENTATION_CONTEXT() REPRESENTATION_CONTEXT('2D SPACE',''
  ) );
#2428 = FACE_BOUND('',#2429,.F.);
#2429 = EDGE_LOOP('',(#2430,#2459));
#2430 = ORIENTED_EDGE('',*,*,#2431,.F.);
#2431 = EDGE_CURVE('',#2432,#2434,#2436,.T.);
#2432 = VERTEX_POINT('',#2433);
#2433 = CARTESIAN_POINT('',(14.4,17.040661337755,-1.1));
#2434 = VERTEX_POINT('',#2435);
#2435 = CARTESIAN_POINT('',(14.4,19.459338662245,-1.1));
#2436 = SURFACE_CURVE('',#2437,(#2441,#2448),.PCURVE_S1.);
#2437 = LINE('',#2438,#2439);
#2438 = CARTESIAN_POINT('',(14.4,16.55,-1.1));
#2439 = VECTOR('',#2440,1.);
#2440 = DIRECTION('',(-0.,1.,0.));
#2441 = PCURVE('',#748,#2442);
#2442 = DEFINITIONAL_REPRESENTATION('',(#2443),#2447);
#2443 = LINE('',#2444,#2445);
#2444 = CARTESIAN_POINT('',(32.35,29.55));
#2445 = VECTOR('',#2446,1.);
#2446 = DIRECTION('',(0.,1.));
#2447 = ( GEOMETRIC_REPRESENTATION_CONTEXT(2) 
PARAMETRIC_REPRESENTATION_CONTEXT() REPRESENTATION_CONTEXT('2D SPACE',''
  ) );
#2448 = PCURVE('',#2449,#2454);
#2449 = PLANE('',#2450);
#2450 = AXIS2_PLACEMENT_3D('',#2451,#2452,#2453);
#2451 = CARTESIAN_POINT('',(14.4,14.85,-5.));
#2452 = DIRECTION('',(1.,0.,-0.));
#2453 = DIRECTION('',(0.,0.,1.));
#2454 = DEFINITIONAL_REPRESENTATION('',(#2455),#2458);
#2455 = B_SPLINE_CURVE_WITH_KNOTS('',1,(#2456,#2457),.UNSPECIFIED.,.F.,
  .F.,(2,2),(0.35,3.05),.PIECEWISE_BEZIER_KNOTS.);
#2456 = CARTESIAN_POINT('',(3.9,-2.05));
#2457 = CARTESIAN_POINT('',(3.9,-4.75));
#2458 = ( GEOMETRIC_REPRESENTATION_CONTEXT(2) 
PARAMETRIC_REPRESENTATION_CONTEXT() REPRESENTATION_CONTEXT('2D SPACE',''
  ) );
#2459 = ORIENTED_EDGE('',*,*,#2460,.F.);
#2460 = EDGE_CURVE('',#2434,#2432,#2461,.T.);
#2461 = SURFACE_CURVE('',#2462,(#2467,#2474),.PCURVE_S1.);
#2462 = CIRCLE('',#2463,1.35);
#2463 = AXIS2_PLACEMENT_3D('',#2464,#2465,#2466);
#2464 = CARTESIAN_POINT('',(15.,18.25,-1.1));
#2465 = DIRECTION('',(0.,0.,1.));
#2466 = DIRECTION('',(1.,0.,-0.));
#2467 = PCURVE('',#748,#2468);
#2468 = DEFINITIONAL_REPRESENTATION('',(#2469),#2473);
#2469 = CIRCLE('',#2470,1.35);
#2470 = AXIS2_PLACEMENT_2D('',#2471,#2472);
#2471 = CARTESIAN_POINT('',(32.95,31.25));
#2472 = DIRECTION('',(1.,0.));
#2473 = ( GEOMETRIC_REPRESENTATION_CONTEXT(2) 
PARAMETRIC_REPRESENTATION_CONTEXT() REPRESENTATION_CONTEXT('2D SPACE',''
  ) );
#2474 = PCURVE('',#2475,#2480);
#2475 = CYLINDRICAL_SURFACE('',#2476,1.35);
#2476 = AXIS2_PLACEMENT_3D('',#2477,#2478,#2479);
#2477 = CARTESIAN_POINT('',(15.,18.25,-2.8));
#2478 = DIRECTION('',(0.,0.,1.));
#2479 = DIRECTION('',(1.,0.,-0.));
#2480 = DEFINITIONAL_REPRESENTATION('',(#2481),#2485);
#2481 = LINE('',#2482,#2483);
#2482 = CARTESIAN_POINT('',(0.,1.7));
#2483 = VECTOR('',#2484,1.);
#2484 = DIRECTION('',(1.,0.));
#2485 = ( GEOMETRIC_REPRESENTATION_CONTEXT(2) 
PARAMETRIC_REPRESENTATION_CONTEXT() REPRESENTATION_CONTEXT('2D SPACE',''
  ) );
#2486 = FACE_BOUND('',#2487,.F.);
#2487 = EDGE_LOOP('',(#2488,#2519,#2546));
#2488 = ORIENTED_EDGE('',*,*,#2489,.F.);
#2489 = EDGE_CURVE('',#2490,#2492,#2494,.T.);
#2490 = VERTEX_POINT('',#2491);
#2491 = CARTESIAN_POINT('',(15.6,17.040661337755,-1.1));
#2492 = VERTEX_POINT('',#2493);
#2493 = CARTESIAN_POINT('',(16.35,18.25,-1.1));
#2494 = SURFACE_CURVE('',#2495,(#2500,#2507),.PCURVE_S1.);
#2495 = CIRCLE('',#2496,1.35);
#2496 = AXIS2_PLACEMENT_3D('',#2497,#2498,#2499);
#2497 = CARTESIAN_POINT('',(15.,18.25,-1.1));
#2498 = DIRECTION('',(0.,0.,1.));
#2499 = DIRECTION('',(1.,0.,-0.));
#2500 = PCURVE('',#748,#2501);
#2501 = DEFINITIONAL_REPRESENTATION('',(#2502),#2506);
#2502 = CIRCLE('',#2503,1.35);
#2503 = AXIS2_PLACEMENT_2D('',#2504,#2505);
#2504 = CARTESIAN_POINT('',(32.95,31.25));
#2505 = DIRECTION('',(1.,0.));
#2506 = ( GEOMETRIC_REPRESENTATION_CONTEXT(2) 
PARAMETRIC_REPRESENTATION_CONTEXT() REPRESENTATION_CONTEXT('2D SPACE',''
  ) );
#2507 = PCURVE('',#2508,#2513);
#2508 = CYLINDRICAL_SURFACE('',#2509,1.35);
#2509 = AXIS2_PLACEMENT_3D('',#2510,#2511,#2512);
#2510 = CARTESIAN_POINT('',(15.,18.25,-2.8));
#2511 = DIRECTION('',(0.,0.,1.));
#2512 = DIRECTION('',(1.,0.,-0.));
#2513 = DEFINITIONAL_REPRESENTATION('',(#2514),#2518);
#2514 = LINE('',#2515,#2516);
#2515 = CARTESIAN_POINT('',(0.,1.7));
#2516 = VECTOR('',#2517,1.);
#2517 = DIRECTION('',(1.,0.));
#2518 = ( GEOMETRIC_REPRESENTATION_CONTEXT(2) 
PARAMETRIC_REPRESENTATION_CONTEXT() REPRESENTATION_CONTEXT('2D SPACE',''
  ) );
#2519 = ORIENTED_EDGE('',*,*,#2520,.T.);
#2520 = EDGE_CURVE('',#2490,#2521,#2523,.T.);
#2521 = VERTEX_POINT('',#2522);
#2522 = CARTESIAN_POINT('',(15.6,19.459338662245,-1.1));
#2523 = SURFACE_CURVE('',#2524,(#2528,#2535),.PCURVE_S1.);
#2524 = LINE('',#2525,#2526);
#2525 = CARTESIAN_POINT('',(15.6,16.55,-1.1));
#2526 = VECTOR('',#2527,1.);
#2527 = DIRECTION('',(-0.,1.,0.));
#2528 = PCURVE('',#748,#2529);
#2529 = DEFINITIONAL_REPRESENTATION('',(#2530),#2534);
#2530 = LINE('',#2531,#2532);
#2531 = CARTESIAN_POINT('',(33.55,29.55));
#2532 = VECTOR('',#2533,1.);
#2533 = DIRECTION('',(0.,1.));
#2534 = ( GEOMETRIC_REPRESENTATION_CONTEXT(2) 
PARAMETRIC_REPRESENTATION_CONTEXT() REPRESENTATION_CONTEXT('2D SPACE',''
  ) );
#2535 = PCURVE('',#2536,#2541);
#2536 = PLANE('',#2537);
#2537 = AXIS2_PLACEMENT_3D('',#2538,#2539,#2540);
#2538 = CARTESIAN_POINT('',(15.6,14.85,-5.));
#2539 = DIRECTION('',(1.,0.,-0.));
#2540 = DIRECTION('',(0.,0.,1.));
#2541 = DEFINITIONAL_REPRESENTATION('',(#2542),#2545);
#2542 = B_SPLINE_CURVE_WITH_KNOTS('',1,(#2543,#2544),.UNSPECIFIED.,.F.,
  .F.,(2,2),(0.35,3.05),.PIECEWISE_BEZIER_KNOTS.);
#2543 = CARTESIAN_POINT('',(3.9,-2.05));
#2544 = CARTESIAN_POINT('',(3.9,-4.75));
#2545 = ( GEOMETRIC_REPRESENTATION_CONTEXT(2) 
PARAMETRIC_REPRESENTATION_CONTEXT() REPRESENTATION_CONTEXT('2D SPACE',''
  ) );
#2546 = ORIENTED_EDGE('',*,*,#2547,.F.);
#2547 = EDGE_CURVE('',#2492,#2521,#2548,.T.);
#2548 = SURFACE_CURVE('',#2549,(#2554,#2561),.PCURVE_S1.);
#2549 = CIRCLE('',#2550,1.35);
#2550 = AXIS2_PLACEMENT_3D('',#2551,#2552,#2553);
#2551 = CARTESIAN_POINT('',(15.,18.25,-1.1));
#2552 = DIRECTION('',(0.,0.,1.));
#2553 = DIRECTION('',(1.,0.,-0.));
#2554 = PCURVE('',#748,#2555);
#2555 = DEFINITIONAL_REPRESENTATION('',(#2556),#2560);
#2556 = CIRCLE('',#2557,1.35);
#2557 = AXIS2_PLACEMENT_2D('',#2558,#2559);
#2558 = CARTESIAN_POINT('',(32.95,31.25));
#2559 = DIRECTION('',(1.,0.));
#2560 = ( GEOMETRIC_REPRESENTATION_CONTEXT(2) 
PARAMETRIC_REPRESENTATION_CONTEXT() REPRESENTATION_CONTEXT('2D SPACE',''
  ) );
#2561 = PCURVE('',#2562,#2567);
#2562 = CYLINDRICAL_SURFACE('',#2563,1.35);
#2563 = AXIS2_PLACEMENT_3D('',#2564,#2565,#2566);
#2564 = CARTESIAN_POINT('',(15.,18.25,-2.8));
#2565 = DIRECTION('',(0.,0.,1.));
#2566 = DIRECTION('',(1.,0.,-0.));
#2567 = DEFINITIONAL_REPRESENTATION('',(#2568),#2572);
#2568 = LINE('',#2569,#2570);
#2569 = CARTESIAN_POINT('',(0.,1.7));
#2570 = VECTOR('',#2571,1.);
#2571 = DIRECTION('',(1.,0.));
#2572 = ( GEOMETRIC_REPRESENTATION_CONTEXT(2) 
PARAMETRIC_REPRESENTATION_CONTEXT() REPRESENTATION_CONTEXT('2D SPACE',''
  ) );
#2573 = ADVANCED_FACE('',(#2574),#875,.T.);
#2574 = FACE_BOUND('',#2575,.T.);
#2575 = EDGE_LOOP('',(#2576,#2605,#2633,#2662,#2683));
#2576 = ORIENTED_EDGE('',*,*,#2577,.F.);
#2577 = EDGE_CURVE('',#2578,#833,#2580,.T.);
#2578 = VERTEX_POINT('',#2579);
#2579 = CARTESIAN_POINT('',(20.55,-12.6,0.));
#2580 = SURFACE_CURVE('',#2581,(#2586,#2593),.PCURVE_S1.);
#2581 = CIRCLE('',#2582,3.);
#2582 = AXIS2_PLACEMENT_3D('',#2583,#2584,#2585);
#2583 = CARTESIAN_POINT('',(17.55,-12.6,0.));
#2584 = DIRECTION('',(0.,0.,1.));
#2585 = DIRECTION('',(1.,0.,-0.));
#2586 = PCURVE('',#875,#2587);
#2587 = DEFINITIONAL_REPRESENTATION('',(#2588),#2592);
#2588 = CIRCLE('',#2589,3.);
#2589 = AXIS2_PLACEMENT_2D('',#2590,#2591);
#2590 = CARTESIAN_POINT('',(38.1,0.));
#2591 = DIRECTION('',(1.,0.));
#2592 = ( GEOMETRIC_REPRESENTATION_CONTEXT(2) 
PARAMETRIC_REPRESENTATION_CONTEXT() REPRESENTATION_CONTEXT('2D SPACE',''
  ) );
#2593 = PCURVE('',#2594,#2599);
#2594 = PLANE('',#2595);
#2595 = AXIS2_PLACEMENT_3D('',#2596,#2597,#2598);
#2596 = CARTESIAN_POINT('',(-20.55,-12.6,0.));
#2597 = DIRECTION('',(0.,0.,1.));
#2598 = DIRECTION('',(1.,0.,-0.));
#2599 = DEFINITIONAL_REPRESENTATION('',(#2600),#2604);
#2600 = CIRCLE('',#2601,3.);
#2601 = AXIS2_PLACEMENT_2D('',#2602,#2603);
#2602 = CARTESIAN_POINT('',(38.1,0.));
#2603 = DIRECTION('',(1.,0.));
#2604 = ( GEOMETRIC_REPRESENTATION_CONTEXT(2) 
PARAMETRIC_REPRESENTATION_CONTEXT() REPRESENTATION_CONTEXT('2D SPACE',''
  ) );
#2605 = ORIENTED_EDGE('',*,*,#2606,.T.);
#2606 = EDGE_CURVE('',#2578,#2607,#2609,.T.);
#2607 = VERTEX_POINT('',#2608);
#2608 = CARTESIAN_POINT('',(20.55,-3.788139384975,0.));
#2609 = SURFACE_CURVE('',#2610,(#2614,#2621),.PCURVE_S1.);
#2610 = LINE('',#2611,#2612);
#2611 = CARTESIAN_POINT('',(20.55,-12.6,0.));
#2612 = VECTOR('',#2613,1.);
#2613 = DIRECTION('',(-0.,1.,0.));
#2614 = PCURVE('',#875,#2615);
#2615 = DEFINITIONAL_REPRESENTATION('',(#2616),#2620);
#2616 = LINE('',#2617,#2618);
#2617 = CARTESIAN_POINT('',(41.1,0.));
#2618 = VECTOR('',#2619,1.);
#2619 = DIRECTION('',(0.,1.));
#2620 = ( GEOMETRIC_REPRESENTATION_CONTEXT(2) 
PARAMETRIC_REPRESENTATION_CONTEXT() REPRESENTATION_CONTEXT('2D SPACE',''
  ) );
#2621 = PCURVE('',#2622,#2627);
#2622 = PLANE('',#2623);
#2623 = AXIS2_PLACEMENT_3D('',#2624,#2625,#2626);
#2624 = CARTESIAN_POINT('',(20.55,-12.6,-5.6));
#2625 = DIRECTION('',(1.,0.,-0.));
#2626 = DIRECTION('',(0.,0.,1.));
#2627 = DEFINITIONAL_REPRESENTATION('',(#2628),#2632);
#2628 = LINE('',#2629,#2630);
#2629 = CARTESIAN_POINT('',(5.6,0.));
#2630 = VECTOR('',#2631,1.);
#2631 = DIRECTION('',(0.,-1.));
#2632 = ( GEOMETRIC_REPRESENTATION_CONTEXT(2) 
PARAMETRIC_REPRESENTATION_CONTEXT() REPRESENTATION_CONTEXT('2D SPACE',''
  ) );
#2633 = ORIENTED_EDGE('',*,*,#2634,.F.);
#2634 = EDGE_CURVE('',#2635,#2607,#2637,.T.);
#2635 = VERTEX_POINT('',#2636);
#2636 = CARTESIAN_POINT('',(17.55,-1.884144368142,0.));
#2637 = SURFACE_CURVE('',#2638,(#2643,#2650),.PCURVE_S1.);
#2638 = CIRCLE('',#2639,3.8);
#2639 = AXIS2_PLACEMENT_3D('',#2640,#2641,#2642);
#2640 = CARTESIAN_POINT('',(20.85,0.,0.));
#2641 = DIRECTION('',(0.,0.,1.));
#2642 = DIRECTION('',(1.,0.,-0.));
#2643 = PCURVE('',#875,#2644);
#2644 = DEFINITIONAL_REPRESENTATION('',(#2645),#2649);
#2645 = CIRCLE('',#2646,3.8);
#2646 = AXIS2_PLACEMENT_2D('',#2647,#2648);
#2647 = CARTESIAN_POINT('',(41.4,12.6));
#2648 = DIRECTION('',(1.,0.));
#2649 = ( GEOMETRIC_REPRESENTATION_CONTEXT(2) 
PARAMETRIC_REPRESENTATION_CONTEXT() REPRESENTATION_CONTEXT('2D SPACE',''
  ) );
#2650 = PCURVE('',#2651,#2656);
#2651 = PLANE('',#2652);
#2652 = AXIS2_PLACEMENT_3D('',#2653,#2654,#2655);
#2653 = CARTESIAN_POINT('',(-20.55,-12.6,0.));
#2654 = DIRECTION('',(0.,0.,1.));
#2655 = DIRECTION('',(1.,0.,-0.));
#2656 = DEFINITIONAL_REPRESENTATION('',(#2657),#2661);
#2657 = CIRCLE('',#2658,3.8);
#2658 = AXIS2_PLACEMENT_2D('',#2659,#2660);
#2659 = CARTESIAN_POINT('',(41.4,12.6));
#2660 = DIRECTION('',(1.,0.));
#2661 = ( GEOMETRIC_REPRESENTATION_CONTEXT(2) 
PARAMETRIC_REPRESENTATION_CONTEXT() REPRESENTATION_CONTEXT('2D SPACE',''
  ) );
#2662 = ORIENTED_EDGE('',*,*,#2663,.F.);
#2663 = EDGE_CURVE('',#810,#2635,#2664,.T.);
#2664 = SURFACE_CURVE('',#2665,(#2669,#2676),.PCURVE_S1.);
#2665 = LINE('',#2666,#2667);
#2666 = CARTESIAN_POINT('',(17.55,-15.6,0.));
#2667 = VECTOR('',#2668,1.);
#2668 = DIRECTION('',(-0.,1.,0.));
#2669 = PCURVE('',#875,#2670);
#2670 = DEFINITIONAL_REPRESENTATION('',(#2671),#2675);
#2671 = LINE('',#2672,#2673);
#2672 = CARTESIAN_POINT('',(38.1,-3.));
#2673 = VECTOR('',#2674,1.);
#2674 = DIRECTION('',(0.,1.));
#2675 = ( GEOMETRIC_REPRESENTATION_CONTEXT(2) 
PARAMETRIC_REPRESENTATION_CONTEXT() REPRESENTATION_CONTEXT('2D SPACE',''
  ) );
#2676 = PCURVE('',#2024,#2677);
#2677 = DEFINITIONAL_REPRESENTATION('',(#2678),#2682);
#2678 = LINE('',#2679,#2680);
#2679 = CARTESIAN_POINT('',(1.1,6.25));
#2680 = VECTOR('',#2681,1.);
#2681 = DIRECTION('',(0.,-1.));
#2682 = ( GEOMETRIC_REPRESENTATION_CONTEXT(2) 
PARAMETRIC_REPRESENTATION_CONTEXT() REPRESENTATION_CONTEXT('2D SPACE',''
  ) );
#2683 = ORIENTED_EDGE('',*,*,#861,.F.);
#2684 = ADVANCED_FACE('',(#2685),#849,.T.);
#2685 = FACE_BOUND('',#2686,.T.);
#2686 = EDGE_LOOP('',(#2687,#2688,#2689));
#2687 = ORIENTED_EDGE('',*,*,#832,.T.);
#2688 = ORIENTED_EDGE('',*,*,#919,.T.);
#2689 = ORIENTED_EDGE('',*,*,#2690,.T.);
#2690 = EDGE_CURVE('',#892,#833,#2691,.T.);
#2691 = SURFACE_CURVE('',#2692,(#2696,#2703),.PCURVE_S1.);
#2692 = LINE('',#2693,#2694);
#2693 = CARTESIAN_POINT('',(17.55,-15.6,0.));
#2694 = VECTOR('',#2695,1.);
#2695 = DIRECTION('',(-0.,1.,0.));
#2696 = PCURVE('',#849,#2697);
#2697 = DEFINITIONAL_REPRESENTATION('',(#2698),#2702);
#2698 = LINE('',#2699,#2700);
#2699 = CARTESIAN_POINT('',(35.1,0.));
#2700 = VECTOR('',#2701,1.);
#2701 = DIRECTION('',(0.,1.));
#2702 = ( GEOMETRIC_REPRESENTATION_CONTEXT(2) 
PARAMETRIC_REPRESENTATION_CONTEXT() REPRESENTATION_CONTEXT('2D SPACE',''
  ) );
#2703 = PCURVE('',#2594,#2704);
#2704 = DEFINITIONAL_REPRESENTATION('',(#2705),#2709);
#2705 = LINE('',#2706,#2707);
#2706 = CARTESIAN_POINT('',(38.1,-3.));
#2707 = VECTOR('',#2708,1.);
#2708 = DIRECTION('',(0.,1.));
#2709 = ( GEOMETRIC_REPRESENTATION_CONTEXT(2) 
PARAMETRIC_REPRESENTATION_CONTEXT() REPRESENTATION_CONTEXT('2D SPACE',''
  ) );
#2710 = ADVANCED_FACE('',(#2711),#907,.T.);
#2711 = FACE_BOUND('',#2712,.T.);
#2712 = EDGE_LOOP('',(#2713,#2714,#2736));
#2713 = ORIENTED_EDGE('',*,*,#891,.F.);
#2714 = ORIENTED_EDGE('',*,*,#2715,.T.);
#2715 = EDGE_CURVE('',#229,#2578,#2716,.T.);
#2716 = SURFACE_CURVE('',#2717,(#2722,#2729),.PCURVE_S1.);
#2717 = CIRCLE('',#2718,3.);
#2718 = AXIS2_PLACEMENT_3D('',#2719,#2720,#2721);
#2719 = CARTESIAN_POINT('',(17.55,-12.6,0.));
#2720 = DIRECTION('',(0.,0.,1.));
#2721 = DIRECTION('',(1.,0.,-0.));
#2722 = PCURVE('',#907,#2723);
#2723 = DEFINITIONAL_REPRESENTATION('',(#2724),#2728);
#2724 = CIRCLE('',#2725,3.);
#2725 = AXIS2_PLACEMENT_2D('',#2726,#2727);
#2726 = CARTESIAN_POINT('',(0.,0.));
#2727 = DIRECTION('',(1.,0.));
#2728 = ( GEOMETRIC_REPRESENTATION_CONTEXT(2) 
PARAMETRIC_REPRESENTATION_CONTEXT() REPRESENTATION_CONTEXT('2D SPACE',''
  ) );
#2729 = PCURVE('',#987,#2730);
#2730 = DEFINITIONAL_REPRESENTATION('',(#2731),#2735);
#2731 = LINE('',#2732,#2733);
#2732 = CARTESIAN_POINT('',(0.,5.6));
#2733 = VECTOR('',#2734,1.);
#2734 = DIRECTION('',(1.,0.));
#2735 = ( GEOMETRIC_REPRESENTATION_CONTEXT(2) 
PARAMETRIC_REPRESENTATION_CONTEXT() REPRESENTATION_CONTEXT('2D SPACE',''
  ) );
#2736 = ORIENTED_EDGE('',*,*,#2737,.F.);
#2737 = EDGE_CURVE('',#892,#2578,#2738,.T.);
#2738 = SURFACE_CURVE('',#2739,(#2743,#2750),.PCURVE_S1.);
#2739 = LINE('',#2740,#2741);
#2740 = CARTESIAN_POINT('',(-20.55,-12.6,0.));
#2741 = VECTOR('',#2742,1.);
#2742 = DIRECTION('',(1.,0.,-0.));
#2743 = PCURVE('',#907,#2744);
#2744 = DEFINITIONAL_REPRESENTATION('',(#2745),#2749);
#2745 = LINE('',#2746,#2747);
#2746 = CARTESIAN_POINT('',(-38.1,0.));
#2747 = VECTOR('',#2748,1.);
#2748 = DIRECTION('',(1.,0.));
#2749 = ( GEOMETRIC_REPRESENTATION_CONTEXT(2) 
PARAMETRIC_REPRESENTATION_CONTEXT() REPRESENTATION_CONTEXT('2D SPACE',''
  ) );
#2750 = PCURVE('',#2594,#2751);
#2751 = DEFINITIONAL_REPRESENTATION('',(#2752),#2756);
#2752 = LINE('',#2753,#2754);
#2753 = CARTESIAN_POINT('',(0.,0.));
#2754 = VECTOR('',#2755,1.);
#2755 = DIRECTION('',(1.,0.));
#2756 = ( GEOMETRIC_REPRESENTATION_CONTEXT(2) 
PARAMETRIC_REPRESENTATION_CONTEXT() REPRESENTATION_CONTEXT('2D SPACE',''
  ) );
#2757 = ADVANCED_FACE('',(#2758),#959,.F.);
#2758 = FACE_BOUND('',#2759,.F.);
#2759 = EDGE_LOOP('',(#2760,#2782,#2783,#2805));
#2760 = ORIENTED_EDGE('',*,*,#2761,.F.);
#2761 = EDGE_CURVE('',#477,#1921,#2762,.T.);
#2762 = SURFACE_CURVE('',#2763,(#2768,#2775),.PCURVE_S1.);
#2763 = CIRCLE('',#2764,3.);
#2764 = AXIS2_PLACEMENT_3D('',#2765,#2766,#2767);
#2765 = CARTESIAN_POINT('',(-17.55,-12.6,-5.6));
#2766 = DIRECTION('',(0.,0.,1.));
#2767 = DIRECTION('',(1.,0.,-0.));
#2768 = PCURVE('',#959,#2769);
#2769 = DEFINITIONAL_REPRESENTATION('',(#2770),#2774);
#2770 = CIRCLE('',#2771,3.);
#2771 = AXIS2_PLACEMENT_2D('',#2772,#2773);
#2772 = CARTESIAN_POINT('',(0.,3.));
#2773 = DIRECTION('',(1.,0.));
#2774 = ( GEOMETRIC_REPRESENTATION_CONTEXT(2) 
PARAMETRIC_REPRESENTATION_CONTEXT() REPRESENTATION_CONTEXT('2D SPACE',''
  ) );
#2775 = PCURVE('',#1130,#2776);
#2776 = DEFINITIONAL_REPRESENTATION('',(#2777),#2781);
#2777 = CIRCLE('',#2778,3.);
#2778 = AXIS2_PLACEMENT_2D('',#2779,#2780);
#2779 = CARTESIAN_POINT('',(0.,3.));
#2780 = DIRECTION('',(1.,0.));
#2781 = ( GEOMETRIC_REPRESENTATION_CONTEXT(2) 
PARAMETRIC_REPRESENTATION_CONTEXT() REPRESENTATION_CONTEXT('2D SPACE',''
  ) );
#2782 = ORIENTED_EDGE('',*,*,#943,.T.);
#2783 = ORIENTED_EDGE('',*,*,#2784,.F.);
#2784 = EDGE_CURVE('',#1895,#944,#2785,.T.);
#2785 = SURFACE_CURVE('',#2786,(#2791,#2798),.PCURVE_S1.);
#2786 = CIRCLE('',#2787,3.);
#2787 = AXIS2_PLACEMENT_3D('',#2788,#2789,#2790);
#2788 = CARTESIAN_POINT('',(17.55,-12.6,-5.6));
#2789 = DIRECTION('',(0.,0.,1.));
#2790 = DIRECTION('',(1.,0.,-0.));
#2791 = PCURVE('',#959,#2792);
#2792 = DEFINITIONAL_REPRESENTATION('',(#2793),#2797);
#2793 = CIRCLE('',#2794,3.);
#2794 = AXIS2_PLACEMENT_2D('',#2795,#2796);
#2795 = CARTESIAN_POINT('',(35.1,3.));
#2796 = DIRECTION('',(1.,0.));
#2797 = ( GEOMETRIC_REPRESENTATION_CONTEXT(2) 
PARAMETRIC_REPRESENTATION_CONTEXT() REPRESENTATION_CONTEXT('2D SPACE',''
  ) );
#2798 = PCURVE('',#1909,#2799);
#2799 = DEFINITIONAL_REPRESENTATION('',(#2800),#2804);
#2800 = CIRCLE('',#2801,3.);
#2801 = AXIS2_PLACEMENT_2D('',#2802,#2803);
#2802 = CARTESIAN_POINT('',(35.1,3.));
#2803 = DIRECTION('',(1.,0.));
#2804 = ( GEOMETRIC_REPRESENTATION_CONTEXT(2) 
PARAMETRIC_REPRESENTATION_CONTEXT() REPRESENTATION_CONTEXT('2D SPACE',''
  ) );
#2805 = ORIENTED_EDGE('',*,*,#1920,.T.);
#2806 = ADVANCED_FACE('',(#2807),#987,.T.);
#2807 = FACE_BOUND('',#2808,.T.);
#2808 = EDGE_LOOP('',(#2809,#2810,#2811,#2835));
#2809 = ORIENTED_EDGE('',*,*,#2715,.F.);
#2810 = ORIENTED_EDGE('',*,*,#973,.F.);
#2811 = ORIENTED_EDGE('',*,*,#2812,.T.);
#2812 = EDGE_CURVE('',#944,#2813,#2815,.T.);
#2813 = VERTEX_POINT('',#2814);
#2814 = CARTESIAN_POINT('',(20.55,-12.6,-5.6));
#2815 = SURFACE_CURVE('',#2816,(#2821,#2828),.PCURVE_S1.);
#2816 = CIRCLE('',#2817,3.);
#2817 = AXIS2_PLACEMENT_3D('',#2818,#2819,#2820);
#2818 = CARTESIAN_POINT('',(17.55,-12.6,-5.6));
#2819 = DIRECTION('',(0.,0.,1.));
#2820 = DIRECTION('',(1.,0.,-0.));
#2821 = PCURVE('',#987,#2822);
#2822 = DEFINITIONAL_REPRESENTATION('',(#2823),#2827);
#2823 = LINE('',#2824,#2825);
#2824 = CARTESIAN_POINT('',(0.,0.));
#2825 = VECTOR('',#2826,1.);
#2826 = DIRECTION('',(1.,0.));
#2827 = ( GEOMETRIC_REPRESENTATION_CONTEXT(2) 
PARAMETRIC_REPRESENTATION_CONTEXT() REPRESENTATION_CONTEXT('2D SPACE',''
  ) );
#2828 = PCURVE('',#1883,#2829);
#2829 = DEFINITIONAL_REPRESENTATION('',(#2830),#2834);
#2830 = CIRCLE('',#2831,3.);
#2831 = AXIS2_PLACEMENT_2D('',#2832,#2833);
#2832 = CARTESIAN_POINT('',(0.,0.));
#2833 = DIRECTION('',(1.,0.));
#2834 = ( GEOMETRIC_REPRESENTATION_CONTEXT(2) 
PARAMETRIC_REPRESENTATION_CONTEXT() REPRESENTATION_CONTEXT('2D SPACE',''
  ) );
#2835 = ORIENTED_EDGE('',*,*,#2836,.T.);
#2836 = EDGE_CURVE('',#2813,#2578,#2837,.T.);
#2837 = SURFACE_CURVE('',#2838,(#2842,#2848),.PCURVE_S1.);
#2838 = LINE('',#2839,#2840);
#2839 = CARTESIAN_POINT('',(20.55,-12.6,-5.6));
#2840 = VECTOR('',#2841,1.);
#2841 = DIRECTION('',(0.,0.,1.));
#2842 = PCURVE('',#987,#2843);
#2843 = DEFINITIONAL_REPRESENTATION('',(#2844),#2847);
#2844 = B_SPLINE_CURVE_WITH_KNOTS('',1,(#2845,#2846),.UNSPECIFIED.,.F.,
  .F.,(2,2),(0.,5.6),.PIECEWISE_BEZIER_KNOTS.);
#2845 = CARTESIAN_POINT('',(6.28318530718,0.));
#2846 = CARTESIAN_POINT('',(6.28318530718,5.6));
#2847 = ( GEOMETRIC_REPRESENTATION_CONTEXT(2) 
PARAMETRIC_REPRESENTATION_CONTEXT() REPRESENTATION_CONTEXT('2D SPACE',''
  ) );
#2848 = PCURVE('',#2622,#2849);
#2849 = DEFINITIONAL_REPRESENTATION('',(#2850),#2854);
#2850 = LINE('',#2851,#2852);
#2851 = CARTESIAN_POINT('',(0.,0.));
#2852 = VECTOR('',#2853,1.);
#2853 = DIRECTION('',(1.,0.));
#2854 = ( GEOMETRIC_REPRESENTATION_CONTEXT(2) 
PARAMETRIC_REPRESENTATION_CONTEXT() REPRESENTATION_CONTEXT('2D SPACE',''
  ) );
#2855 = ADVANCED_FACE('',(#2856),#1021,.T.);
#2856 = FACE_BOUND('',#2857,.T.);
#2857 = EDGE_LOOP('',(#2858,#2889,#2915,#2916));
#2858 = ORIENTED_EDGE('',*,*,#2859,.T.);
#2859 = EDGE_CURVE('',#2860,#2862,#2864,.T.);
#2860 = VERTEX_POINT('',#2861);
#2861 = CARTESIAN_POINT('',(-17.55,1.884144368142,0.));
#2862 = VERTEX_POINT('',#2863);
#2863 = CARTESIAN_POINT('',(-20.55,3.788139384975,0.));
#2864 = SURFACE_CURVE('',#2865,(#2870,#2877),.PCURVE_S1.);
#2865 = CIRCLE('',#2866,3.8);
#2866 = AXIS2_PLACEMENT_3D('',#2867,#2868,#2869);
#2867 = CARTESIAN_POINT('',(-20.85,0.,0.));
#2868 = DIRECTION('',(0.,0.,1.));
#2869 = DIRECTION('',(1.,0.,-0.));
#2870 = PCURVE('',#1021,#2871);
#2871 = DEFINITIONAL_REPRESENTATION('',(#2872),#2876);
#2872 = CIRCLE('',#2873,3.8);
#2873 = AXIS2_PLACEMENT_2D('',#2874,#2875);
#2874 = CARTESIAN_POINT('',(-0.3,12.6));
#2875 = DIRECTION('',(1.,0.));
#2876 = ( GEOMETRIC_REPRESENTATION_CONTEXT(2) 
PARAMETRIC_REPRESENTATION_CONTEXT() REPRESENTATION_CONTEXT('2D SPACE',''
  ) );
#2877 = PCURVE('',#2878,#2883);
#2878 = PLANE('',#2879);
#2879 = AXIS2_PLACEMENT_3D('',#2880,#2881,#2882);
#2880 = CARTESIAN_POINT('',(-20.55,-12.6,0.));
#2881 = DIRECTION('',(0.,0.,1.));
#2882 = DIRECTION('',(1.,0.,-0.));
#2883 = DEFINITIONAL_REPRESENTATION('',(#2884),#2888);
#2884 = CIRCLE('',#2885,3.8);
#2885 = AXIS2_PLACEMENT_2D('',#2886,#2887);
#2886 = CARTESIAN_POINT('',(-0.3,12.6));
#2887 = DIRECTION('',(1.,0.));
#2888 = ( GEOMETRIC_REPRESENTATION_CONTEXT(2) 
PARAMETRIC_REPRESENTATION_CONTEXT() REPRESENTATION_CONTEXT('2D SPACE',''
  ) );
#2889 = ORIENTED_EDGE('',*,*,#2890,.F.);
#2890 = EDGE_CURVE('',#1003,#2862,#2891,.T.);
#2891 = SURFACE_CURVE('',#2892,(#2896,#2903),.PCURVE_S1.);
#2892 = LINE('',#2893,#2894);
#2893 = CARTESIAN_POINT('',(-20.55,-12.6,0.));
#2894 = VECTOR('',#2895,1.);
#2895 = DIRECTION('',(-0.,1.,0.));
#2896 = PCURVE('',#1021,#2897);
#2897 = DEFINITIONAL_REPRESENTATION('',(#2898),#2902);
#2898 = LINE('',#2899,#2900);
#2899 = CARTESIAN_POINT('',(0.,0.));
#2900 = VECTOR('',#2901,1.);
#2901 = DIRECTION('',(0.,1.));
#2902 = ( GEOMETRIC_REPRESENTATION_CONTEXT(2) 
PARAMETRIC_REPRESENTATION_CONTEXT() REPRESENTATION_CONTEXT('2D SPACE',''
  ) );
#2903 = PCURVE('',#2904,#2909);
#2904 = PLANE('',#2905);
#2905 = AXIS2_PLACEMENT_3D('',#2906,#2907,#2908);
#2906 = CARTESIAN_POINT('',(-20.85,0.,0.));
#2907 = DIRECTION('',(0.,0.,1.));
#2908 = DIRECTION('',(1.,0.,-0.));
#2909 = DEFINITIONAL_REPRESENTATION('',(#2910),#2914);
#2910 = LINE('',#2911,#2912);
#2911 = CARTESIAN_POINT('',(0.3,-12.6));
#2912 = VECTOR('',#2913,1.);
#2913 = DIRECTION('',(0.,1.));
#2914 = ( GEOMETRIC_REPRESENTATION_CONTEXT(2) 
PARAMETRIC_REPRESENTATION_CONTEXT() REPRESENTATION_CONTEXT('2D SPACE',''
  ) );
#2915 = ORIENTED_EDGE('',*,*,#1002,.T.);
#2916 = ORIENTED_EDGE('',*,*,#2917,.T.);
#2917 = EDGE_CURVE('',#1005,#2860,#2918,.T.);
#2918 = SURFACE_CURVE('',#2919,(#2923,#2930),.PCURVE_S1.);
#2919 = LINE('',#2920,#2921);
#2920 = CARTESIAN_POINT('',(-17.55,-15.6,0.));
#2921 = VECTOR('',#2922,1.);
#2922 = DIRECTION('',(-0.,1.,0.));
#2923 = PCURVE('',#1021,#2924);
#2924 = DEFINITIONAL_REPRESENTATION('',(#2925),#2929);
#2925 = LINE('',#2926,#2927);
#2926 = CARTESIAN_POINT('',(3.,-3.));
#2927 = VECTOR('',#2928,1.);
#2928 = DIRECTION('',(0.,1.));
#2929 = ( GEOMETRIC_REPRESENTATION_CONTEXT(2) 
PARAMETRIC_REPRESENTATION_CONTEXT() REPRESENTATION_CONTEXT('2D SPACE',''
  ) );
#2930 = PCURVE('',#1070,#2931);
#2931 = DEFINITIONAL_REPRESENTATION('',(#2932),#2936);
#2932 = LINE('',#2933,#2934);
#2933 = CARTESIAN_POINT('',(1.1,6.25));
#2934 = VECTOR('',#2935,1.);
#2935 = DIRECTION('',(0.,-1.));
#2936 = ( GEOMETRIC_REPRESENTATION_CONTEXT(2) 
PARAMETRIC_REPRESENTATION_CONTEXT() REPRESENTATION_CONTEXT('2D SPACE',''
  ) );
#2937 = ADVANCED_FACE('',(#2938),#1070,.T.);
#2938 = FACE_BOUND('',#2939,.T.);
#2939 = EDGE_LOOP('',(#2940,#2941,#2942,#2965,#2986,#2987));
#2940 = ORIENTED_EDGE('',*,*,#1373,.F.);
#2941 = ORIENTED_EDGE('',*,*,#1613,.T.);
#2942 = ORIENTED_EDGE('',*,*,#2943,.T.);
#2943 = EDGE_CURVE('',#1614,#2944,#2946,.T.);
#2944 = VERTEX_POINT('',#2945);
#2945 = CARTESIAN_POINT('',(-17.55,14.25,0.));
#2946 = SURFACE_CURVE('',#2947,(#2951,#2958),.PCURVE_S1.);
#2947 = LINE('',#2948,#2949);
#2948 = CARTESIAN_POINT('',(-17.55,14.25,-1.1));
#2949 = VECTOR('',#2950,1.);
#2950 = DIRECTION('',(0.,0.,1.));
#2951 = PCURVE('',#1070,#2952);
#2952 = DEFINITIONAL_REPRESENTATION('',(#2953),#2957);
#2953 = LINE('',#2954,#2955);
#2954 = CARTESIAN_POINT('',(0.,-23.6));
#2955 = VECTOR('',#2956,1.);
#2956 = DIRECTION('',(1.,0.));
#2957 = ( GEOMETRIC_REPRESENTATION_CONTEXT(2) 
PARAMETRIC_REPRESENTATION_CONTEXT() REPRESENTATION_CONTEXT('2D SPACE',''
  ) );
#2958 = PCURVE('',#1652,#2959);
#2959 = DEFINITIONAL_REPRESENTATION('',(#2960),#2964);
#2960 = LINE('',#2961,#2962);
#2961 = CARTESIAN_POINT('',(0.,0.));
#2962 = VECTOR('',#2963,1.);
#2963 = DIRECTION('',(1.,0.));
#2964 = ( GEOMETRIC_REPRESENTATION_CONTEXT(2) 
PARAMETRIC_REPRESENTATION_CONTEXT() REPRESENTATION_CONTEXT('2D SPACE',''
  ) );
#2965 = ORIENTED_EDGE('',*,*,#2966,.F.);
#2966 = EDGE_CURVE('',#2860,#2944,#2967,.T.);
#2967 = SURFACE_CURVE('',#2968,(#2972,#2979),.PCURVE_S1.);
#2968 = LINE('',#2969,#2970);
#2969 = CARTESIAN_POINT('',(-17.55,-15.6,0.));
#2970 = VECTOR('',#2971,1.);
#2971 = DIRECTION('',(-0.,1.,0.));
#2972 = PCURVE('',#1070,#2973);
#2973 = DEFINITIONAL_REPRESENTATION('',(#2974),#2978);
#2974 = LINE('',#2975,#2976);
#2975 = CARTESIAN_POINT('',(1.1,6.25));
#2976 = VECTOR('',#2977,1.);
#2977 = DIRECTION('',(0.,-1.));
#2978 = ( GEOMETRIC_REPRESENTATION_CONTEXT(2) 
PARAMETRIC_REPRESENTATION_CONTEXT() REPRESENTATION_CONTEXT('2D SPACE',''
  ) );
#2979 = PCURVE('',#2878,#2980);
#2980 = DEFINITIONAL_REPRESENTATION('',(#2981),#2985);
#2981 = LINE('',#2982,#2983);
#2982 = CARTESIAN_POINT('',(3.,-3.));
#2983 = VECTOR('',#2984,1.);
#2984 = DIRECTION('',(0.,1.));
#2985 = ( GEOMETRIC_REPRESENTATION_CONTEXT(2) 
PARAMETRIC_REPRESENTATION_CONTEXT() REPRESENTATION_CONTEXT('2D SPACE',''
  ) );
#2986 = ORIENTED_EDGE('',*,*,#2917,.F.);
#2987 = ORIENTED_EDGE('',*,*,#1056,.F.);
#2988 = ADVANCED_FACE('',(#2989),#1101,.F.);
#2989 = FACE_BOUND('',#2990,.F.);
#2990 = EDGE_LOOP('',(#2991,#3012,#3034));
#2991 = ORIENTED_EDGE('',*,*,#2992,.T.);
#2992 = EDGE_CURVE('',#1086,#2993,#2995,.T.);
#2993 = VERTEX_POINT('',#2994);
#2994 = CARTESIAN_POINT('',(-17.95,-9.626786250536,-5.6));
#2995 = SURFACE_CURVE('',#2996,(#3000,#3006),.PCURVE_S1.);
#2996 = LINE('',#2997,#2998);
#2997 = CARTESIAN_POINT('',(-17.95,-12.8,-5.6));
#2998 = VECTOR('',#2999,1.);
#2999 = DIRECTION('',(-0.,1.,0.));
#3000 = PCURVE('',#1101,#3001);
#3001 = DEFINITIONAL_REPRESENTATION('',(#3002),#3005);
#3002 = B_SPLINE_CURVE_WITH_KNOTS('',1,(#3003,#3004),.UNSPECIFIED.,.F.,
  .F.,(2,2),(0.2,3.2),.PIECEWISE_BEZIER_KNOTS.);
#3003 = CARTESIAN_POINT('',(2.6,0.));
#3004 = CARTESIAN_POINT('',(2.6,3.));
#3005 = ( GEOMETRIC_REPRESENTATION_CONTEXT(2) 
PARAMETRIC_REPRESENTATION_CONTEXT() REPRESENTATION_CONTEXT('2D SPACE',''
  ) );
#3006 = PCURVE('',#1176,#3007);
#3007 = DEFINITIONAL_REPRESENTATION('',(#3008),#3011);
#3008 = B_SPLINE_CURVE_WITH_KNOTS('',1,(#3009,#3010),.UNSPECIFIED.,.F.,
  .F.,(2,2),(0.2,3.2),.PIECEWISE_BEZIER_KNOTS.);
#3009 = CARTESIAN_POINT('',(1.,-0.4));
#3010 = CARTESIAN_POINT('',(1.,-3.4));
#3011 = ( GEOMETRIC_REPRESENTATION_CONTEXT(2) 
PARAMETRIC_REPRESENTATION_CONTEXT() REPRESENTATION_CONTEXT('2D SPACE',''
  ) );
#3012 = ORIENTED_EDGE('',*,*,#3013,.T.);
#3013 = EDGE_CURVE('',#2993,#449,#3014,.T.);
#3014 = SURFACE_CURVE('',#3015,(#3020,#3027),.PCURVE_S1.);
#3015 = CIRCLE('',#3016,3.);
#3016 = AXIS2_PLACEMENT_3D('',#3017,#3018,#3019);
#3017 = CARTESIAN_POINT('',(-17.55,-12.6,-5.6));
#3018 = DIRECTION('',(0.,0.,1.));
#3019 = DIRECTION('',(1.,0.,-0.));
#3020 = PCURVE('',#1101,#3021);
#3021 = DEFINITIONAL_REPRESENTATION('',(#3022),#3026);
#3022 = CIRCLE('',#3023,3.);
#3023 = AXIS2_PLACEMENT_2D('',#3024,#3025);
#3024 = CARTESIAN_POINT('',(3.,0.));
#3025 = DIRECTION('',(1.,0.));
#3026 = ( GEOMETRIC_REPRESENTATION_CONTEXT(2) 
PARAMETRIC_REPRESENTATION_CONTEXT() REPRESENTATION_CONTEXT('2D SPACE',''
  ) );
#3027 = PCURVE('',#1208,#3028);
#3028 = DEFINITIONAL_REPRESENTATION('',(#3029),#3033);
#3029 = CIRCLE('',#3030,3.);
#3030 = AXIS2_PLACEMENT_2D('',#3031,#3032);
#3031 = CARTESIAN_POINT('',(3.,0.));
#3032 = DIRECTION('',(1.,0.));
#3033 = ( GEOMETRIC_REPRESENTATION_CONTEXT(2) 
PARAMETRIC_REPRESENTATION_CONTEXT() REPRESENTATION_CONTEXT('2D SPACE',''
  ) );
#3034 = ORIENTED_EDGE('',*,*,#1085,.T.);
#3035 = ADVANCED_FACE('',(#3036),#1176,.T.);
#3036 = FACE_BOUND('',#3037,.T.);
#3037 = EDGE_LOOP('',(#3038,#3039,#3040,#3041,#3062,#3088,#3114,#3140,
    #3161));
#3038 = ORIENTED_EDGE('',*,*,#1961,.F.);
#3039 = ORIENTED_EDGE('',*,*,#1163,.T.);
#3040 = ORIENTED_EDGE('',*,*,#2992,.T.);
#3041 = ORIENTED_EDGE('',*,*,#3042,.T.);
#3042 = EDGE_CURVE('',#2993,#3043,#3045,.T.);
#3043 = VERTEX_POINT('',#3044);
#3044 = CARTESIAN_POINT('',(-17.95,-2.455605831562,-5.6));
#3045 = SURFACE_CURVE('',#3046,(#3050,#3056),.PCURVE_S1.);
#3046 = LINE('',#3047,#3048);
#3047 = CARTESIAN_POINT('',(-17.95,-12.8,-5.6));
#3048 = VECTOR('',#3049,1.);
#3049 = DIRECTION('',(-0.,1.,0.));
#3050 = PCURVE('',#1176,#3051);
#3051 = DEFINITIONAL_REPRESENTATION('',(#3052),#3055);
#3052 = B_SPLINE_CURVE_WITH_KNOTS('',1,(#3053,#3054),.UNSPECIFIED.,.F.,
  .F.,(2,2),(0.2,10.915855631858),.PIECEWISE_BEZIER_KNOTS.);
#3053 = CARTESIAN_POINT('',(1.,-0.4));
#3054 = CARTESIAN_POINT('',(1.,-11.11585563185));
#3055 = ( GEOMETRIC_REPRESENTATION_CONTEXT(2) 
PARAMETRIC_REPRESENTATION_CONTEXT() REPRESENTATION_CONTEXT('2D SPACE',''
  ) );
#3056 = PCURVE('',#1208,#3057);
#3057 = DEFINITIONAL_REPRESENTATION('',(#3058),#3061);
#3058 = B_SPLINE_CURVE_WITH_KNOTS('',1,(#3059,#3060),.UNSPECIFIED.,.F.,
  .F.,(2,2),(0.2,10.915855631858),.PIECEWISE_BEZIER_KNOTS.);
#3059 = CARTESIAN_POINT('',(2.6,0.));
#3060 = CARTESIAN_POINT('',(2.6,10.715855631858));
#3061 = ( GEOMETRIC_REPRESENTATION_CONTEXT(2) 
PARAMETRIC_REPRESENTATION_CONTEXT() REPRESENTATION_CONTEXT('2D SPACE',''
  ) );
#3062 = ORIENTED_EDGE('',*,*,#3063,.T.);
#3063 = EDGE_CURVE('',#3043,#3064,#3066,.T.);
#3064 = VERTEX_POINT('',#3065);
#3065 = CARTESIAN_POINT('',(-17.95,2.455605831562,-5.6));
#3066 = SURFACE_CURVE('',#3067,(#3071,#3077),.PCURVE_S1.);
#3067 = LINE('',#3068,#3069);
#3068 = CARTESIAN_POINT('',(-17.95,-12.8,-5.6));
#3069 = VECTOR('',#3070,1.);
#3070 = DIRECTION('',(-0.,1.,0.));
#3071 = PCURVE('',#1176,#3072);
#3072 = DEFINITIONAL_REPRESENTATION('',(#3073),#3076);
#3073 = B_SPLINE_CURVE_WITH_KNOTS('',1,(#3074,#3075),.UNSPECIFIED.,.F.,
  .F.,(2,2),(9.011860615025,16.588139384975),.PIECEWISE_BEZIER_KNOTS.);
#3074 = CARTESIAN_POINT('',(1.,-9.211860615025));
#3075 = CARTESIAN_POINT('',(1.,-16.78813938497));
#3076 = ( GEOMETRIC_REPRESENTATION_CONTEXT(2) 
PARAMETRIC_REPRESENTATION_CONTEXT() REPRESENTATION_CONTEXT('2D SPACE',''
  ) );
#3077 = PCURVE('',#3078,#3083);
#3078 = PLANE('',#3079);
#3079 = AXIS2_PLACEMENT_3D('',#3080,#3081,#3082);
#3080 = CARTESIAN_POINT('',(-20.55,-12.6,-5.6));
#3081 = DIRECTION('',(0.,0.,1.));
#3082 = DIRECTION('',(1.,0.,-0.));
#3083 = DEFINITIONAL_REPRESENTATION('',(#3084),#3087);
#3084 = B_SPLINE_CURVE_WITH_KNOTS('',1,(#3085,#3086),.UNSPECIFIED.,.F.,
  .F.,(2,2),(9.011860615025,16.588139384975),.PIECEWISE_BEZIER_KNOTS.);
#3085 = CARTESIAN_POINT('',(2.6,8.811860615025));
#3086 = CARTESIAN_POINT('',(2.6,16.388139384975));
#3087 = ( GEOMETRIC_REPRESENTATION_CONTEXT(2) 
PARAMETRIC_REPRESENTATION_CONTEXT() REPRESENTATION_CONTEXT('2D SPACE',''
  ) );
#3088 = ORIENTED_EDGE('',*,*,#3089,.T.);
#3089 = EDGE_CURVE('',#3064,#3090,#3092,.T.);
#3090 = VERTEX_POINT('',#3091);
#3091 = CARTESIAN_POINT('',(-17.95,20.626786250536,-5.6));
#3092 = SURFACE_CURVE('',#3093,(#3097,#3103),.PCURVE_S1.);
#3093 = LINE('',#3094,#3095);
#3094 = CARTESIAN_POINT('',(-17.95,-12.8,-5.6));
#3095 = VECTOR('',#3096,1.);
#3096 = DIRECTION('',(-0.,1.,0.));
#3097 = PCURVE('',#1176,#3098);
#3098 = DEFINITIONAL_REPRESENTATION('',(#3099),#3102);
#3099 = B_SPLINE_CURVE_WITH_KNOTS('',1,(#3100,#3101),.UNSPECIFIED.,.F.,
  .F.,(2,2),(14.684144368142,33.8),.PIECEWISE_BEZIER_KNOTS.);
#3100 = CARTESIAN_POINT('',(1.,-14.88414436814));
#3101 = CARTESIAN_POINT('',(1.,-34.));
#3102 = ( GEOMETRIC_REPRESENTATION_CONTEXT(2) 
PARAMETRIC_REPRESENTATION_CONTEXT() REPRESENTATION_CONTEXT('2D SPACE',''
  ) );
#3103 = PCURVE('',#3104,#3109);
#3104 = PLANE('',#3105);
#3105 = AXIS2_PLACEMENT_3D('',#3106,#3107,#3108);
#3106 = CARTESIAN_POINT('',(-20.55,-12.6,-5.6));
#3107 = DIRECTION('',(0.,0.,1.));
#3108 = DIRECTION('',(1.,0.,-0.));
#3109 = DEFINITIONAL_REPRESENTATION('',(#3110),#3113);
#3110 = B_SPLINE_CURVE_WITH_KNOTS('',1,(#3111,#3112),.UNSPECIFIED.,.F.,
  .F.,(2,2),(14.684144368142,33.8),.PIECEWISE_BEZIER_KNOTS.);
#3111 = CARTESIAN_POINT('',(2.6,14.484144368142));
#3112 = CARTESIAN_POINT('',(2.6,33.6));
#3113 = ( GEOMETRIC_REPRESENTATION_CONTEXT(2) 
PARAMETRIC_REPRESENTATION_CONTEXT() REPRESENTATION_CONTEXT('2D SPACE',''
  ) );
#3114 = ORIENTED_EDGE('',*,*,#3115,.T.);
#3115 = EDGE_CURVE('',#3090,#3116,#3118,.T.);
#3116 = VERTEX_POINT('',#3117);
#3117 = CARTESIAN_POINT('',(-17.95,21.,-5.6));
#3118 = SURFACE_CURVE('',#3119,(#3123,#3129),.PCURVE_S1.);
#3119 = LINE('',#3120,#3121);
#3120 = CARTESIAN_POINT('',(-17.95,-12.8,-5.6));
#3121 = VECTOR('',#3122,1.);
#3122 = DIRECTION('',(-0.,1.,0.));
#3123 = PCURVE('',#1176,#3124);
#3124 = DEFINITIONAL_REPRESENTATION('',(#3125),#3128);
#3125 = B_SPLINE_CURVE_WITH_KNOTS('',1,(#3126,#3127),.UNSPECIFIED.,.F.,
  .F.,(2,2),(33.4,33.8),.PIECEWISE_BEZIER_KNOTS.);
#3126 = CARTESIAN_POINT('',(1.,-33.6));
#3127 = CARTESIAN_POINT('',(1.,-34.));
#3128 = ( GEOMETRIC_REPRESENTATION_CONTEXT(2) 
PARAMETRIC_REPRESENTATION_CONTEXT() REPRESENTATION_CONTEXT('2D SPACE',''
  ) );
#3129 = PCURVE('',#3130,#3135);
#3130 = PLANE('',#3131);
#3131 = AXIS2_PLACEMENT_3D('',#3132,#3133,#3134);
#3132 = CARTESIAN_POINT('',(-20.55,-12.6,-5.6));
#3133 = DIRECTION('',(0.,0.,1.));
#3134 = DIRECTION('',(1.,0.,-0.));
#3135 = DEFINITIONAL_REPRESENTATION('',(#3136),#3139);
#3136 = B_SPLINE_CURVE_WITH_KNOTS('',1,(#3137,#3138),.UNSPECIFIED.,.F.,
  .F.,(2,2),(33.4,33.8),.PIECEWISE_BEZIER_KNOTS.);
#3137 = CARTESIAN_POINT('',(2.6,33.2));
#3138 = CARTESIAN_POINT('',(2.6,33.6));
#3139 = ( GEOMETRIC_REPRESENTATION_CONTEXT(2) 
PARAMETRIC_REPRESENTATION_CONTEXT() REPRESENTATION_CONTEXT('2D SPACE',''
  ) );
#3140 = ORIENTED_EDGE('',*,*,#3141,.T.);
#3141 = EDGE_CURVE('',#3116,#1399,#3142,.T.);
#3142 = SURFACE_CURVE('',#3143,(#3147,#3154),.PCURVE_S1.);
#3143 = LINE('',#3144,#3145);
#3144 = CARTESIAN_POINT('',(-17.95,21.,-6.6));
#3145 = VECTOR('',#3146,1.);
#3146 = DIRECTION('',(0.,0.,1.));
#3147 = PCURVE('',#1176,#3148);
#3148 = DEFINITIONAL_REPRESENTATION('',(#3149),#3153);
#3149 = LINE('',#3150,#3151);
#3150 = CARTESIAN_POINT('',(0.,-34.));
#3151 = VECTOR('',#3152,1.);
#3152 = DIRECTION('',(1.,0.));
#3153 = ( GEOMETRIC_REPRESENTATION_CONTEXT(2) 
PARAMETRIC_REPRESENTATION_CONTEXT() REPRESENTATION_CONTEXT('2D SPACE',''
  ) );
#3154 = PCURVE('',#1416,#3155);
#3155 = DEFINITIONAL_REPRESENTATION('',(#3156),#3160);
#3156 = LINE('',#3157,#3158);
#3157 = CARTESIAN_POINT('',(0.,0.));
#3158 = VECTOR('',#3159,1.);
#3159 = DIRECTION('',(1.,0.));
#3160 = ( GEOMETRIC_REPRESENTATION_CONTEXT(2) 
PARAMETRIC_REPRESENTATION_CONTEXT() REPRESENTATION_CONTEXT('2D SPACE',''
  ) );
#3161 = ORIENTED_EDGE('',*,*,#1428,.F.);
#3162 = ADVANCED_FACE('',(#3163),#1130,.F.);
#3163 = FACE_BOUND('',#3164,.F.);
#3164 = EDGE_LOOP('',(#3165,#3166,#3167));
#3165 = ORIENTED_EDGE('',*,*,#1114,.F.);
#3166 = ORIENTED_EDGE('',*,*,#2761,.T.);
#3167 = ORIENTED_EDGE('',*,*,#1941,.T.);
#3168 = ADVANCED_FACE('',(#3169),#1233,.T.);
#3169 = FACE_BOUND('',#3170,.T.);
#3170 = EDGE_LOOP('',(#3171,#3172,#3196,#3224));
#3171 = ORIENTED_EDGE('',*,*,#1220,.T.);
#3172 = ORIENTED_EDGE('',*,*,#3173,.F.);
#3173 = EDGE_CURVE('',#3174,#1003,#3176,.T.);
#3174 = VERTEX_POINT('',#3175);
#3175 = CARTESIAN_POINT('',(-20.85,-3.8,0.));
#3176 = SURFACE_CURVE('',#3177,(#3182,#3189),.PCURVE_S1.);
#3177 = CIRCLE('',#3178,3.8);
#3178 = AXIS2_PLACEMENT_3D('',#3179,#3180,#3181);
#3179 = CARTESIAN_POINT('',(-20.85,0.,0.));
#3180 = DIRECTION('',(0.,0.,1.));
#3181 = DIRECTION('',(1.,0.,-0.));
#3182 = PCURVE('',#1233,#3183);
#3183 = DEFINITIONAL_REPRESENTATION('',(#3184),#3188);
#3184 = LINE('',#3185,#3186);
#3185 = CARTESIAN_POINT('',(0.,5.6));
#3186 = VECTOR('',#3187,1.);
#3187 = DIRECTION('',(1.,0.));
#3188 = ( GEOMETRIC_REPRESENTATION_CONTEXT(2) 
PARAMETRIC_REPRESENTATION_CONTEXT() REPRESENTATION_CONTEXT('2D SPACE',''
  ) );
#3189 = PCURVE('',#2904,#3190);
#3190 = DEFINITIONAL_REPRESENTATION('',(#3191),#3195);
#3191 = CIRCLE('',#3192,3.8);
#3192 = AXIS2_PLACEMENT_2D('',#3193,#3194);
#3193 = CARTESIAN_POINT('',(0.,0.));
#3194 = DIRECTION('',(1.,0.));
#3195 = ( GEOMETRIC_REPRESENTATION_CONTEXT(2) 
PARAMETRIC_REPRESENTATION_CONTEXT() REPRESENTATION_CONTEXT('2D SPACE',''
  ) );
#3196 = ORIENTED_EDGE('',*,*,#3197,.F.);
#3197 = EDGE_CURVE('',#3198,#3174,#3200,.T.);
#3198 = VERTEX_POINT('',#3199);
#3199 = CARTESIAN_POINT('',(-20.85,-3.8,-5.6));
#3200 = SURFACE_CURVE('',#3201,(#3205,#3212),.PCURVE_S1.);
#3201 = LINE('',#3202,#3203);
#3202 = CARTESIAN_POINT('',(-20.85,-3.8,-5.6));
#3203 = VECTOR('',#3204,1.);
#3204 = DIRECTION('',(0.,0.,1.));
#3205 = PCURVE('',#1233,#3206);
#3206 = DEFINITIONAL_REPRESENTATION('',(#3207),#3211);
#3207 = LINE('',#3208,#3209);
#3208 = CARTESIAN_POINT('',(4.712388980385,0.));
#3209 = VECTOR('',#3210,1.);
#3210 = DIRECTION('',(0.,1.));
#3211 = ( GEOMETRIC_REPRESENTATION_CONTEXT(2) 
PARAMETRIC_REPRESENTATION_CONTEXT() REPRESENTATION_CONTEXT('2D SPACE',''
  ) );
#3212 = PCURVE('',#3213,#3218);
#3213 = PLANE('',#3214);
#3214 = AXIS2_PLACEMENT_3D('',#3215,#3216,#3217);
#3215 = CARTESIAN_POINT('',(-24.5,-3.8,-5.6));
#3216 = DIRECTION('',(-0.,1.,0.));
#3217 = DIRECTION('',(0.,0.,1.));
#3218 = DEFINITIONAL_REPRESENTATION('',(#3219),#3223);
#3219 = LINE('',#3220,#3221);
#3220 = CARTESIAN_POINT('',(0.,3.65));
#3221 = VECTOR('',#3222,1.);
#3222 = DIRECTION('',(1.,0.));
#3223 = ( GEOMETRIC_REPRESENTATION_CONTEXT(2) 
PARAMETRIC_REPRESENTATION_CONTEXT() REPRESENTATION_CONTEXT('2D SPACE',''
  ) );
#3224 = ORIENTED_EDGE('',*,*,#3225,.T.);
#3225 = EDGE_CURVE('',#3198,#1193,#3226,.T.);
#3226 = SURFACE_CURVE('',#3227,(#3232,#3239),.PCURVE_S1.);
#3227 = CIRCLE('',#3228,3.8);
#3228 = AXIS2_PLACEMENT_3D('',#3229,#3230,#3231);
#3229 = CARTESIAN_POINT('',(-20.85,0.,-5.6));
#3230 = DIRECTION('',(0.,0.,1.));
#3231 = DIRECTION('',(1.,0.,-0.));
#3232 = PCURVE('',#1233,#3233);
#3233 = DEFINITIONAL_REPRESENTATION('',(#3234),#3238);
#3234 = LINE('',#3235,#3236);
#3235 = CARTESIAN_POINT('',(0.,0.));
#3236 = VECTOR('',#3237,1.);
#3237 = DIRECTION('',(1.,0.));
#3238 = ( GEOMETRIC_REPRESENTATION_CONTEXT(2) 
PARAMETRIC_REPRESENTATION_CONTEXT() REPRESENTATION_CONTEXT('2D SPACE',''
  ) );
#3239 = PCURVE('',#3240,#3245);
#3240 = PLANE('',#3241);
#3241 = AXIS2_PLACEMENT_3D('',#3242,#3243,#3244);
#3242 = CARTESIAN_POINT('',(-20.85,0.,-5.6));
#3243 = DIRECTION('',(0.,0.,1.));
#3244 = DIRECTION('',(1.,0.,-0.));
#3245 = DEFINITIONAL_REPRESENTATION('',(#3246),#3250);
#3246 = CIRCLE('',#3247,3.8);
#3247 = AXIS2_PLACEMENT_2D('',#3248,#3249);
#3248 = CARTESIAN_POINT('',(0.,0.));
#3249 = DIRECTION('',(1.,0.));
#3250 = ( GEOMETRIC_REPRESENTATION_CONTEXT(2) 
PARAMETRIC_REPRESENTATION_CONTEXT() REPRESENTATION_CONTEXT('2D SPACE',''
  ) );
#3251 = ADVANCED_FACE('',(#3252),#1208,.F.);
#3252 = FACE_BOUND('',#3253,.F.);
#3253 = EDGE_LOOP('',(#3254,#3276,#3277,#3278));
#3254 = ORIENTED_EDGE('',*,*,#3255,.F.);
#3255 = EDGE_CURVE('',#1193,#3043,#3256,.T.);
#3256 = SURFACE_CURVE('',#3257,(#3262,#3269),.PCURVE_S1.);
#3257 = CIRCLE('',#3258,3.8);
#3258 = AXIS2_PLACEMENT_3D('',#3259,#3260,#3261);
#3259 = CARTESIAN_POINT('',(-20.85,0.,-5.6));
#3260 = DIRECTION('',(0.,0.,1.));
#3261 = DIRECTION('',(1.,0.,-0.));
#3262 = PCURVE('',#1208,#3263);
#3263 = DEFINITIONAL_REPRESENTATION('',(#3264),#3268);
#3264 = CIRCLE('',#3265,3.8);
#3265 = AXIS2_PLACEMENT_2D('',#3266,#3267);
#3266 = CARTESIAN_POINT('',(-0.3,12.6));
#3267 = DIRECTION('',(1.,0.));
#3268 = ( GEOMETRIC_REPRESENTATION_CONTEXT(2) 
PARAMETRIC_REPRESENTATION_CONTEXT() REPRESENTATION_CONTEXT('2D SPACE',''
  ) );
#3269 = PCURVE('',#3078,#3270);
#3270 = DEFINITIONAL_REPRESENTATION('',(#3271),#3275);
#3271 = CIRCLE('',#3272,3.8);
#3272 = AXIS2_PLACEMENT_2D('',#3273,#3274);
#3273 = CARTESIAN_POINT('',(-0.3,12.6));
#3274 = DIRECTION('',(1.,0.));
#3275 = ( GEOMETRIC_REPRESENTATION_CONTEXT(2) 
PARAMETRIC_REPRESENTATION_CONTEXT() REPRESENTATION_CONTEXT('2D SPACE',''
  ) );
#3276 = ORIENTED_EDGE('',*,*,#1192,.F.);
#3277 = ORIENTED_EDGE('',*,*,#3013,.F.);
#3278 = ORIENTED_EDGE('',*,*,#3042,.T.);
#3279 = ADVANCED_FACE('',(#3280),#1338,.T.);
#3280 = FACE_BOUND('',#3281,.T.);
#3281 = EDGE_LOOP('',(#3282,#3283,#3304));
#3282 = ORIENTED_EDGE('',*,*,#1322,.T.);
#3283 = ORIENTED_EDGE('',*,*,#3284,.T.);
#3284 = EDGE_CURVE('',#1300,#3285,#3287,.T.);
#3285 = VERTEX_POINT('',#3286);
#3286 = CARTESIAN_POINT('',(-15.6,-9.040661337755,-1.1));
#3287 = SURFACE_CURVE('',#3288,(#3292,#3298),.PCURVE_S1.);
#3288 = LINE('',#3289,#3290);
#3289 = CARTESIAN_POINT('',(-15.6,-11.95,-1.1));
#3290 = VECTOR('',#3291,1.);
#3291 = DIRECTION('',(-0.,1.,0.));
#3292 = PCURVE('',#1338,#3293);
#3293 = DEFINITIONAL_REPRESENTATION('',(#3294),#3297);
#3294 = B_SPLINE_CURVE_WITH_KNOTS('',1,(#3295,#3296),.UNSPECIFIED.,.F.,
  .F.,(2,2),(0.35,3.05),.PIECEWISE_BEZIER_KNOTS.);
#3295 = CARTESIAN_POINT('',(-0.6,-1.35));
#3296 = CARTESIAN_POINT('',(-0.6,1.35));
#3297 = ( GEOMETRIC_REPRESENTATION_CONTEXT(2) 
PARAMETRIC_REPRESENTATION_CONTEXT() REPRESENTATION_CONTEXT('2D SPACE',''
  ) );
#3298 = PCURVE('',#1574,#3299);
#3299 = DEFINITIONAL_REPRESENTATION('',(#3300),#3303);
#3300 = B_SPLINE_CURVE_WITH_KNOTS('',1,(#3301,#3302),.UNSPECIFIED.,.F.,
  .F.,(2,2),(0.35,3.05),.PIECEWISE_BEZIER_KNOTS.);
#3301 = CARTESIAN_POINT('',(3.9,-2.05));
#3302 = CARTESIAN_POINT('',(3.9,-4.75));
#3303 = ( GEOMETRIC_REPRESENTATION_CONTEXT(2) 
PARAMETRIC_REPRESENTATION_CONTEXT() REPRESENTATION_CONTEXT('2D SPACE',''
  ) );
#3304 = ORIENTED_EDGE('',*,*,#3305,.T.);
#3305 = EDGE_CURVE('',#3285,#1323,#3306,.T.);
#3306 = SURFACE_CURVE('',#3307,(#3312,#3319),.PCURVE_S1.);
#3307 = CIRCLE('',#3308,1.35);
#3308 = AXIS2_PLACEMENT_3D('',#3309,#3310,#3311);
#3309 = CARTESIAN_POINT('',(-15.,-10.25,-1.1));
#3310 = DIRECTION('',(0.,0.,1.));
#3311 = DIRECTION('',(1.,0.,-0.));
#3312 = PCURVE('',#1338,#3313);
#3313 = DEFINITIONAL_REPRESENTATION('',(#3314),#3318);
#3314 = CIRCLE('',#3315,1.35);
#3315 = AXIS2_PLACEMENT_2D('',#3316,#3317);
#3316 = CARTESIAN_POINT('',(0.,0.));
#3317 = DIRECTION('',(1.,0.));
#3318 = ( GEOMETRIC_REPRESENTATION_CONTEXT(2) 
PARAMETRIC_REPRESENTATION_CONTEXT() REPRESENTATION_CONTEXT('2D SPACE',''
  ) );
#3319 = PCURVE('',#1600,#3320);
#3320 = DEFINITIONAL_REPRESENTATION('',(#3321),#3325);
#3321 = LINE('',#3322,#3323);
#3322 = CARTESIAN_POINT('',(0.,1.7));
#3323 = VECTOR('',#3324,1.);
#3324 = DIRECTION('',(1.,0.));
#3325 = ( GEOMETRIC_REPRESENTATION_CONTEXT(2) 
PARAMETRIC_REPRESENTATION_CONTEXT() REPRESENTATION_CONTEXT('2D SPACE',''
  ) );
#3326 = ADVANCED_FACE('',(#3327),#1287,.T.);
#3327 = FACE_BOUND('',#3328,.T.);
#3328 = EDGE_LOOP('',(#3329,#3350,#3351));
#3329 = ORIENTED_EDGE('',*,*,#3330,.F.);
#3330 = EDGE_CURVE('',#1272,#3331,#3333,.T.);
#3331 = VERTEX_POINT('',#3332);
#3332 = CARTESIAN_POINT('',(-14.4,-9.040661337755,-1.1));
#3333 = SURFACE_CURVE('',#3334,(#3338,#3344),.PCURVE_S1.);
#3334 = LINE('',#3335,#3336);
#3335 = CARTESIAN_POINT('',(-14.4,-11.95,-1.1));
#3336 = VECTOR('',#3337,1.);
#3337 = DIRECTION('',(-0.,1.,0.));
#3338 = PCURVE('',#1287,#3339);
#3339 = DEFINITIONAL_REPRESENTATION('',(#3340),#3343);
#3340 = B_SPLINE_CURVE_WITH_KNOTS('',1,(#3341,#3342),.UNSPECIFIED.,.F.,
  .F.,(2,2),(0.35,3.05),.PIECEWISE_BEZIER_KNOTS.);
#3341 = CARTESIAN_POINT('',(0.6,-1.35));
#3342 = CARTESIAN_POINT('',(0.6,1.35));
#3343 = ( GEOMETRIC_REPRESENTATION_CONTEXT(2) 
PARAMETRIC_REPRESENTATION_CONTEXT() REPRESENTATION_CONTEXT('2D SPACE',''
  ) );
#3344 = PCURVE('',#1546,#3345);
#3345 = DEFINITIONAL_REPRESENTATION('',(#3346),#3349);
#3346 = B_SPLINE_CURVE_WITH_KNOTS('',1,(#3347,#3348),.UNSPECIFIED.,.F.,
  .F.,(2,2),(0.35,3.05),.PIECEWISE_BEZIER_KNOTS.);
#3347 = CARTESIAN_POINT('',(3.9,-2.05));
#3348 = CARTESIAN_POINT('',(3.9,-4.75));
#3349 = ( GEOMETRIC_REPRESENTATION_CONTEXT(2) 
PARAMETRIC_REPRESENTATION_CONTEXT() REPRESENTATION_CONTEXT('2D SPACE',''
  ) );
#3350 = ORIENTED_EDGE('',*,*,#1271,.T.);
#3351 = ORIENTED_EDGE('',*,*,#3352,.T.);
#3352 = EDGE_CURVE('',#1249,#3331,#3353,.T.);
#3353 = SURFACE_CURVE('',#3354,(#3359,#3366),.PCURVE_S1.);
#3354 = CIRCLE('',#3355,1.35);
#3355 = AXIS2_PLACEMENT_3D('',#3356,#3357,#3358);
#3356 = CARTESIAN_POINT('',(-15.,-10.25,-1.1));
#3357 = DIRECTION('',(0.,0.,1.));
#3358 = DIRECTION('',(1.,0.,-0.));
#3359 = PCURVE('',#1287,#3360);
#3360 = DEFINITIONAL_REPRESENTATION('',(#3361),#3365);
#3361 = CIRCLE('',#3362,1.35);
#3362 = AXIS2_PLACEMENT_2D('',#3363,#3364);
#3363 = CARTESIAN_POINT('',(0.,0.));
#3364 = DIRECTION('',(1.,0.));
#3365 = ( GEOMETRIC_REPRESENTATION_CONTEXT(2) 
PARAMETRIC_REPRESENTATION_CONTEXT() REPRESENTATION_CONTEXT('2D SPACE',''
  ) );
#3366 = PCURVE('',#1491,#3367);
#3367 = DEFINITIONAL_REPRESENTATION('',(#3368),#3372);
#3368 = LINE('',#3369,#3370);
#3369 = CARTESIAN_POINT('',(0.,1.7));
#3370 = VECTOR('',#3371,1.);
#3371 = DIRECTION('',(1.,0.));
#3372 = ( GEOMETRIC_REPRESENTATION_CONTEXT(2) 
PARAMETRIC_REPRESENTATION_CONTEXT() REPRESENTATION_CONTEXT('2D SPACE',''
  ) );
#3373 = ADVANCED_FACE('',(#3374),#1416,.F.);
#3374 = FACE_BOUND('',#3375,.F.);
#3375 = EDGE_LOOP('',(#3376,#3399,#3425,#3451,#3477,#3505,#3533,#3561,
    #3587,#3613,#3632,#3633,#3634,#3660));
#3376 = ORIENTED_EDGE('',*,*,#3377,.F.);
#3377 = EDGE_CURVE('',#3378,#2167,#3380,.T.);
#3378 = VERTEX_POINT('',#3379);
#3379 = CARTESIAN_POINT('',(17.95,21.,-5.6));
#3380 = SURFACE_CURVE('',#3381,(#3385,#3392),.PCURVE_S1.);
#3381 = LINE('',#3382,#3383);
#3382 = CARTESIAN_POINT('',(17.95,21.,-6.6));
#3383 = VECTOR('',#3384,1.);
#3384 = DIRECTION('',(0.,0.,1.));
#3385 = PCURVE('',#1416,#3386);
#3386 = DEFINITIONAL_REPRESENTATION('',(#3387),#3391);
#3387 = LINE('',#3388,#3389);
#3388 = CARTESIAN_POINT('',(0.,35.9));
#3389 = VECTOR('',#3390,1.);
#3390 = DIRECTION('',(1.,0.));
#3391 = ( GEOMETRIC_REPRESENTATION_CONTEXT(2) 
PARAMETRIC_REPRESENTATION_CONTEXT() REPRESENTATION_CONTEXT('2D SPACE',''
  ) );
#3392 = PCURVE('',#1856,#3393);
#3393 = DEFINITIONAL_REPRESENTATION('',(#3394),#3398);
#3394 = LINE('',#3395,#3396);
#3395 = CARTESIAN_POINT('',(0.,-34.));
#3396 = VECTOR('',#3397,1.);
#3397 = DIRECTION('',(1.,0.));
#3398 = ( GEOMETRIC_REPRESENTATION_CONTEXT(2) 
PARAMETRIC_REPRESENTATION_CONTEXT() REPRESENTATION_CONTEXT('2D SPACE',''
  ) );
#3399 = ORIENTED_EDGE('',*,*,#3400,.T.);
#3400 = EDGE_CURVE('',#3378,#3401,#3403,.T.);
#3401 = VERTEX_POINT('',#3402);
#3402 = CARTESIAN_POINT('',(17.55,21.,-5.6));
#3403 = SURFACE_CURVE('',#3404,(#3408,#3414),.PCURVE_S1.);
#3404 = LINE('',#3405,#3406);
#3405 = CARTESIAN_POINT('',(-19.25,21.,-5.6));
#3406 = VECTOR('',#3407,1.);
#3407 = DIRECTION('',(-1.,-0.,0.));
#3408 = PCURVE('',#1416,#3409);
#3409 = DEFINITIONAL_REPRESENTATION('',(#3410),#3413);
#3410 = B_SPLINE_CURVE_WITH_KNOTS('',1,(#3411,#3412),.UNSPECIFIED.,.F.,
  .F.,(2,2),(-37.2,-36.8),.PIECEWISE_BEZIER_KNOTS.);
#3411 = CARTESIAN_POINT('',(1.,35.9));
#3412 = CARTESIAN_POINT('',(1.,35.5));
#3413 = ( GEOMETRIC_REPRESENTATION_CONTEXT(2) 
PARAMETRIC_REPRESENTATION_CONTEXT() REPRESENTATION_CONTEXT('2D SPACE',''
  ) );
#3414 = PCURVE('',#3415,#3420);
#3415 = PLANE('',#3416);
#3416 = AXIS2_PLACEMENT_3D('',#3417,#3418,#3419);
#3417 = CARTESIAN_POINT('',(-20.55,-12.6,-5.6));
#3418 = DIRECTION('',(0.,0.,1.));
#3419 = DIRECTION('',(1.,0.,-0.));
#3420 = DEFINITIONAL_REPRESENTATION('',(#3421),#3424);
#3421 = B_SPLINE_CURVE_WITH_KNOTS('',1,(#3422,#3423),.UNSPECIFIED.,.F.,
  .F.,(2,2),(-37.2,-36.8),.PIECEWISE_BEZIER_KNOTS.);
#3422 = CARTESIAN_POINT('',(38.5,33.6));
#3423 = CARTESIAN_POINT('',(38.1,33.6));
#3424 = ( GEOMETRIC_REPRESENTATION_CONTEXT(2) 
PARAMETRIC_REPRESENTATION_CONTEXT() REPRESENTATION_CONTEXT('2D SPACE',''
  ) );
#3425 = ORIENTED_EDGE('',*,*,#3426,.T.);
#3426 = EDGE_CURVE('',#3401,#3427,#3429,.T.);
#3427 = VERTEX_POINT('',#3428);
#3428 = CARTESIAN_POINT('',(16.05333704529,21.,-5.6));
#3429 = SURFACE_CURVE('',#3430,(#3434,#3440),.PCURVE_S1.);
#3430 = LINE('',#3431,#3432);
#3431 = CARTESIAN_POINT('',(-17.75,21.,-5.6));
#3432 = VECTOR('',#3433,1.);
#3433 = DIRECTION('',(-1.,-0.,0.));
#3434 = PCURVE('',#1416,#3435);
#3435 = DEFINITIONAL_REPRESENTATION('',(#3436),#3439);
#3436 = B_SPLINE_CURVE_WITH_KNOTS('',1,(#3437,#3438),.UNSPECIFIED.,.F.,
  .F.,(2,2),(-35.3,-32.3),.PIECEWISE_BEZIER_KNOTS.);
#3437 = CARTESIAN_POINT('',(1.,35.5));
#3438 = CARTESIAN_POINT('',(1.,32.5));
#3439 = ( GEOMETRIC_REPRESENTATION_CONTEXT(2) 
PARAMETRIC_REPRESENTATION_CONTEXT() REPRESENTATION_CONTEXT('2D SPACE',''
  ) );
#3440 = PCURVE('',#3441,#3446);
#3441 = PLANE('',#3442);
#3442 = AXIS2_PLACEMENT_3D('',#3443,#3444,#3445);
#3443 = CARTESIAN_POINT('',(-17.55,-15.6,-5.6));
#3444 = DIRECTION('',(0.,0.,1.));
#3445 = DIRECTION('',(1.,0.,-0.));
#3446 = DEFINITIONAL_REPRESENTATION('',(#3447),#3450);
#3447 = B_SPLINE_CURVE_WITH_KNOTS('',1,(#3448,#3449),.UNSPECIFIED.,.F.,
  .F.,(2,2),(-35.3,-32.3),.PIECEWISE_BEZIER_KNOTS.);
#3448 = CARTESIAN_POINT('',(35.1,36.6));
#3449 = CARTESIAN_POINT('',(32.1,36.6));
#3450 = ( GEOMETRIC_REPRESENTATION_CONTEXT(2) 
PARAMETRIC_REPRESENTATION_CONTEXT() REPRESENTATION_CONTEXT('2D SPACE',''
  ) );
#3451 = ORIENTED_EDGE('',*,*,#3452,.T.);
#3452 = EDGE_CURVE('',#3427,#3453,#3455,.T.);
#3453 = VERTEX_POINT('',#3454);
#3454 = CARTESIAN_POINT('',(7.,21.,-5.6));
#3455 = SURFACE_CURVE('',#3456,(#3460,#3466),.PCURVE_S1.);
#3456 = LINE('',#3457,#3458);
#3457 = CARTESIAN_POINT('',(-17.75,21.,-5.6));
#3458 = VECTOR('',#3459,1.);
#3459 = DIRECTION('',(-1.,-0.,0.));
#3460 = PCURVE('',#1416,#3461);
#3461 = DEFINITIONAL_REPRESENTATION('',(#3462),#3465);
#3462 = B_SPLINE_CURVE_WITH_KNOTS('',1,(#3463,#3464),.UNSPECIFIED.,.F.,
  .F.,(2,2),(-35.3,-0.2),.PIECEWISE_BEZIER_KNOTS.);
#3463 = CARTESIAN_POINT('',(1.,35.5));
#3464 = CARTESIAN_POINT('',(1.,0.4));
#3465 = ( GEOMETRIC_REPRESENTATION_CONTEXT(2) 
PARAMETRIC_REPRESENTATION_CONTEXT() REPRESENTATION_CONTEXT('2D SPACE',''
  ) );
#3466 = PCURVE('',#3467,#3472);
#3467 = PLANE('',#3468);
#3468 = AXIS2_PLACEMENT_3D('',#3469,#3470,#3471);
#3469 = CARTESIAN_POINT('',(-17.55,-15.6,-5.6));
#3470 = DIRECTION('',(0.,0.,1.));
#3471 = DIRECTION('',(1.,0.,-0.));
#3472 = DEFINITIONAL_REPRESENTATION('',(#3473),#3476);
#3473 = B_SPLINE_CURVE_WITH_KNOTS('',1,(#3474,#3475),.UNSPECIFIED.,.F.,
  .F.,(2,2),(-35.3,-0.2),.PIECEWISE_BEZIER_KNOTS.);
#3474 = CARTESIAN_POINT('',(35.1,36.6));
#3475 = CARTESIAN_POINT('',(-2.087219286295E-14,36.6));
#3476 = ( GEOMETRIC_REPRESENTATION_CONTEXT(2) 
PARAMETRIC_REPRESENTATION_CONTEXT() REPRESENTATION_CONTEXT('2D SPACE',''
  ) );
#3477 = ORIENTED_EDGE('',*,*,#3478,.T.);
#3478 = EDGE_CURVE('',#3453,#3479,#3481,.T.);
#3479 = VERTEX_POINT('',#3480);
#3480 = CARTESIAN_POINT('',(7.,21.,-4.1));
#3481 = SURFACE_CURVE('',#3482,(#3486,#3493),.PCURVE_S1.);
#3482 = LINE('',#3483,#3484);
#3483 = CARTESIAN_POINT('',(7.,21.,-6.6));
#3484 = VECTOR('',#3485,1.);
#3485 = DIRECTION('',(0.,0.,1.));
#3486 = PCURVE('',#1416,#3487);
#3487 = DEFINITIONAL_REPRESENTATION('',(#3488),#3492);
#3488 = LINE('',#3489,#3490);
#3489 = CARTESIAN_POINT('',(0.,24.95));
#3490 = VECTOR('',#3491,1.);
#3491 = DIRECTION('',(1.,0.));
#3492 = ( GEOMETRIC_REPRESENTATION_CONTEXT(2) 
PARAMETRIC_REPRESENTATION_CONTEXT() REPRESENTATION_CONTEXT('2D SPACE',''
  ) );
#3493 = PCURVE('',#3494,#3499);
#3494 = PLANE('',#3495);
#3495 = AXIS2_PLACEMENT_3D('',#3496,#3497,#3498);
#3496 = CARTESIAN_POINT('',(7.,21.,-6.6));
#3497 = DIRECTION('',(1.,0.,-0.));
#3498 = DIRECTION('',(0.,0.,1.));
#3499 = DEFINITIONAL_REPRESENTATION('',(#3500),#3504);
#3500 = LINE('',#3501,#3502);
#3501 = CARTESIAN_POINT('',(0.,0.));
#3502 = VECTOR('',#3503,1.);
#3503 = DIRECTION('',(1.,0.));
#3504 = ( GEOMETRIC_REPRESENTATION_CONTEXT(2) 
PARAMETRIC_REPRESENTATION_CONTEXT() REPRESENTATION_CONTEXT('2D SPACE',''
  ) );
#3505 = ORIENTED_EDGE('',*,*,#3506,.F.);
#3506 = EDGE_CURVE('',#3507,#3479,#3509,.T.);
#3507 = VERTEX_POINT('',#3508);
#3508 = CARTESIAN_POINT('',(-7.,21.,-4.1));
#3509 = SURFACE_CURVE('',#3510,(#3514,#3521),.PCURVE_S1.);
#3510 = LINE('',#3511,#3512);
#3511 = CARTESIAN_POINT('',(-7.,21.,-4.1));
#3512 = VECTOR('',#3513,1.);
#3513 = DIRECTION('',(1.,0.,-0.));
#3514 = PCURVE('',#1416,#3515);
#3515 = DEFINITIONAL_REPRESENTATION('',(#3516),#3520);
#3516 = LINE('',#3517,#3518);
#3517 = CARTESIAN_POINT('',(2.5,10.95));
#3518 = VECTOR('',#3519,1.);
#3519 = DIRECTION('',(0.,1.));
#3520 = ( GEOMETRIC_REPRESENTATION_CONTEXT(2) 
PARAMETRIC_REPRESENTATION_CONTEXT() REPRESENTATION_CONTEXT('2D SPACE',''
  ) );
#3521 = PCURVE('',#3522,#3527);
#3522 = PLANE('',#3523);
#3523 = AXIS2_PLACEMENT_3D('',#3524,#3525,#3526);
#3524 = CARTESIAN_POINT('',(-7.,21.,-4.1));
#3525 = DIRECTION('',(0.,0.,1.));
#3526 = DIRECTION('',(1.,0.,-0.));
#3527 = DEFINITIONAL_REPRESENTATION('',(#3528),#3532);
#3528 = LINE('',#3529,#3530);
#3529 = CARTESIAN_POINT('',(0.,0.));
#3530 = VECTOR('',#3531,1.);
#3531 = DIRECTION('',(1.,0.));
#3532 = ( GEOMETRIC_REPRESENTATION_CONTEXT(2) 
PARAMETRIC_REPRESENTATION_CONTEXT() REPRESENTATION_CONTEXT('2D SPACE',''
  ) );
#3533 = ORIENTED_EDGE('',*,*,#3534,.F.);
#3534 = EDGE_CURVE('',#3535,#3507,#3537,.T.);
#3535 = VERTEX_POINT('',#3536);
#3536 = CARTESIAN_POINT('',(-7.,21.,-5.6));
#3537 = SURFACE_CURVE('',#3538,(#3542,#3549),.PCURVE_S1.);
#3538 = LINE('',#3539,#3540);
#3539 = CARTESIAN_POINT('',(-7.,21.,-6.6));
#3540 = VECTOR('',#3541,1.);
#3541 = DIRECTION('',(0.,0.,1.));
#3542 = PCURVE('',#1416,#3543);
#3543 = DEFINITIONAL_REPRESENTATION('',(#3544),#3548);
#3544 = LINE('',#3545,#3546);
#3545 = CARTESIAN_POINT('',(0.,10.95));
#3546 = VECTOR('',#3547,1.);
#3547 = DIRECTION('',(1.,0.));
#3548 = ( GEOMETRIC_REPRESENTATION_CONTEXT(2) 
PARAMETRIC_REPRESENTATION_CONTEXT() REPRESENTATION_CONTEXT('2D SPACE',''
  ) );
#3549 = PCURVE('',#3550,#3555);
#3550 = PLANE('',#3551);
#3551 = AXIS2_PLACEMENT_3D('',#3552,#3553,#3554);
#3552 = CARTESIAN_POINT('',(-7.,21.,-6.6));
#3553 = DIRECTION('',(1.,0.,-0.));
#3554 = DIRECTION('',(0.,0.,1.));
#3555 = DEFINITIONAL_REPRESENTATION('',(#3556),#3560);
#3556 = LINE('',#3557,#3558);
#3557 = CARTESIAN_POINT('',(0.,0.));
#3558 = VECTOR('',#3559,1.);
#3559 = DIRECTION('',(1.,0.));
#3560 = ( GEOMETRIC_REPRESENTATION_CONTEXT(2) 
PARAMETRIC_REPRESENTATION_CONTEXT() REPRESENTATION_CONTEXT('2D SPACE',''
  ) );
#3561 = ORIENTED_EDGE('',*,*,#3562,.T.);
#3562 = EDGE_CURVE('',#3535,#3563,#3565,.T.);
#3563 = VERTEX_POINT('',#3564);
#3564 = CARTESIAN_POINT('',(-16.05333704529,21.,-5.6));
#3565 = SURFACE_CURVE('',#3566,(#3570,#3576),.PCURVE_S1.);
#3566 = LINE('',#3567,#3568);
#3567 = CARTESIAN_POINT('',(-17.75,21.,-5.6));
#3568 = VECTOR('',#3569,1.);
#3569 = DIRECTION('',(-1.,-0.,0.));
#3570 = PCURVE('',#1416,#3571);
#3571 = DEFINITIONAL_REPRESENTATION('',(#3572),#3575);
#3572 = B_SPLINE_CURVE_WITH_KNOTS('',1,(#3573,#3574),.UNSPECIFIED.,.F.,
  .F.,(2,2),(-35.3,-0.2),.PIECEWISE_BEZIER_KNOTS.);
#3573 = CARTESIAN_POINT('',(1.,35.5));
#3574 = CARTESIAN_POINT('',(1.,0.4));
#3575 = ( GEOMETRIC_REPRESENTATION_CONTEXT(2) 
PARAMETRIC_REPRESENTATION_CONTEXT() REPRESENTATION_CONTEXT('2D SPACE',''
  ) );
#3576 = PCURVE('',#3577,#3582);
#3577 = PLANE('',#3578);
#3578 = AXIS2_PLACEMENT_3D('',#3579,#3580,#3581);
#3579 = CARTESIAN_POINT('',(-17.55,-15.6,-5.6));
#3580 = DIRECTION('',(0.,0.,1.));
#3581 = DIRECTION('',(1.,0.,-0.));
#3582 = DEFINITIONAL_REPRESENTATION('',(#3583),#3586);
#3583 = B_SPLINE_CURVE_WITH_KNOTS('',1,(#3584,#3585),.UNSPECIFIED.,.F.,
  .F.,(2,2),(-35.3,-0.2),.PIECEWISE_BEZIER_KNOTS.);
#3584 = CARTESIAN_POINT('',(35.1,36.6));
#3585 = CARTESIAN_POINT('',(-2.087219286295E-14,36.6));
#3586 = ( GEOMETRIC_REPRESENTATION_CONTEXT(2) 
PARAMETRIC_REPRESENTATION_CONTEXT() REPRESENTATION_CONTEXT('2D SPACE',''
  ) );
#3587 = ORIENTED_EDGE('',*,*,#3588,.T.);
#3588 = EDGE_CURVE('',#3563,#3589,#3591,.T.);
#3589 = VERTEX_POINT('',#3590);
#3590 = CARTESIAN_POINT('',(-17.55,21.,-5.6));
#3591 = SURFACE_CURVE('',#3592,(#3596,#3602),.PCURVE_S1.);
#3592 = LINE('',#3593,#3594);
#3593 = CARTESIAN_POINT('',(-17.75,21.,-5.6));
#3594 = VECTOR('',#3595,1.);
#3595 = DIRECTION('',(-1.,-0.,0.));
#3596 = PCURVE('',#1416,#3597);
#3597 = DEFINITIONAL_REPRESENTATION('',(#3598),#3601);
#3598 = B_SPLINE_CURVE_WITH_KNOTS('',1,(#3599,#3600),.UNSPECIFIED.,.F.,
  .F.,(2,2),(-3.2,-0.2),.PIECEWISE_BEZIER_KNOTS.);
#3599 = CARTESIAN_POINT('',(1.,3.4));
#3600 = CARTESIAN_POINT('',(1.,0.4));
#3601 = ( GEOMETRIC_REPRESENTATION_CONTEXT(2) 
PARAMETRIC_REPRESENTATION_CONTEXT() REPRESENTATION_CONTEXT('2D SPACE',''
  ) );
#3602 = PCURVE('',#3603,#3608);
#3603 = PLANE('',#3604);
#3604 = AXIS2_PLACEMENT_3D('',#3605,#3606,#3607);
#3605 = CARTESIAN_POINT('',(-17.55,-15.6,-5.6));
#3606 = DIRECTION('',(0.,0.,1.));
#3607 = DIRECTION('',(1.,0.,-0.));
#3608 = DEFINITIONAL_REPRESENTATION('',(#3609),#3612);
#3609 = B_SPLINE_CURVE_WITH_KNOTS('',1,(#3610,#3611),.UNSPECIFIED.,.F.,
  .F.,(2,2),(-3.2,-0.2),.PIECEWISE_BEZIER_KNOTS.);
#3610 = CARTESIAN_POINT('',(3.,36.6));
#3611 = CARTESIAN_POINT('',(0.,36.6));
#3612 = ( GEOMETRIC_REPRESENTATION_CONTEXT(2) 
PARAMETRIC_REPRESENTATION_CONTEXT() REPRESENTATION_CONTEXT('2D SPACE',''
  ) );
#3613 = ORIENTED_EDGE('',*,*,#3614,.T.);
#3614 = EDGE_CURVE('',#3589,#3116,#3615,.T.);
#3615 = SURFACE_CURVE('',#3616,(#3620,#3626),.PCURVE_S1.);
#3616 = LINE('',#3617,#3618);
#3617 = CARTESIAN_POINT('',(-19.25,21.,-5.6));
#3618 = VECTOR('',#3619,1.);
#3619 = DIRECTION('',(-1.,-0.,0.));
#3620 = PCURVE('',#1416,#3621);
#3621 = DEFINITIONAL_REPRESENTATION('',(#3622),#3625);
#3622 = B_SPLINE_CURVE_WITH_KNOTS('',1,(#3623,#3624),.UNSPECIFIED.,.F.,
  .F.,(2,2),(-1.7,-1.3),.PIECEWISE_BEZIER_KNOTS.);
#3623 = CARTESIAN_POINT('',(1.,0.4));
#3624 = CARTESIAN_POINT('',(1.,0.));
#3625 = ( GEOMETRIC_REPRESENTATION_CONTEXT(2) 
PARAMETRIC_REPRESENTATION_CONTEXT() REPRESENTATION_CONTEXT('2D SPACE',''
  ) );
#3626 = PCURVE('',#3130,#3627);
#3627 = DEFINITIONAL_REPRESENTATION('',(#3628),#3631);
#3628 = B_SPLINE_CURVE_WITH_KNOTS('',1,(#3629,#3630),.UNSPECIFIED.,.F.,
  .F.,(2,2),(-1.7,-1.3),.PIECEWISE_BEZIER_KNOTS.);
#3629 = CARTESIAN_POINT('',(3.,33.6));
#3630 = CARTESIAN_POINT('',(2.6,33.6));
#3631 = ( GEOMETRIC_REPRESENTATION_CONTEXT(2) 
PARAMETRIC_REPRESENTATION_CONTEXT() REPRESENTATION_CONTEXT('2D SPACE',''
  ) );
#3632 = ORIENTED_EDGE('',*,*,#3141,.T.);
#3633 = ORIENTED_EDGE('',*,*,#1398,.T.);
#3634 = ORIENTED_EDGE('',*,*,#3635,.T.);
#3635 = EDGE_CURVE('',#1401,#2165,#3636,.T.);
#3636 = SURFACE_CURVE('',#3637,(#3641,#3648),.PCURVE_S1.);
#3637 = LINE('',#3638,#3639);
#3638 = CARTESIAN_POINT('',(-6.5,21.,-1.1));
#3639 = VECTOR('',#3640,1.);
#3640 = DIRECTION('',(1.,0.,-0.));
#3641 = PCURVE('',#1416,#3642);
#3642 = DEFINITIONAL_REPRESENTATION('',(#3643),#3647);
#3643 = LINE('',#3644,#3645);
#3644 = CARTESIAN_POINT('',(5.5,11.45));
#3645 = VECTOR('',#3646,1.);
#3646 = DIRECTION('',(0.,1.));
#3647 = ( GEOMETRIC_REPRESENTATION_CONTEXT(2) 
PARAMETRIC_REPRESENTATION_CONTEXT() REPRESENTATION_CONTEXT('2D SPACE',''
  ) );
#3648 = PCURVE('',#3649,#3654);
#3649 = PLANE('',#3650);
#3650 = AXIS2_PLACEMENT_3D('',#3651,#3652,#3653);
#3651 = CARTESIAN_POINT('',(-6.5,21.,-1.1));
#3652 = DIRECTION('',(-0.,1.,0.));
#3653 = DIRECTION('',(0.,0.,1.));
#3654 = DEFINITIONAL_REPRESENTATION('',(#3655),#3659);
#3655 = LINE('',#3656,#3657);
#3656 = CARTESIAN_POINT('',(0.,0.));
#3657 = VECTOR('',#3658,1.);
#3658 = DIRECTION('',(0.,1.));
#3659 = ( GEOMETRIC_REPRESENTATION_CONTEXT(2) 
PARAMETRIC_REPRESENTATION_CONTEXT() REPRESENTATION_CONTEXT('2D SPACE',''
  ) );
#3660 = ORIENTED_EDGE('',*,*,#2164,.T.);
#3661 = ADVANCED_FACE('',(#3662),#1678,.T.);
#3662 = FACE_BOUND('',#3663,.T.);
#3663 = EDGE_LOOP('',(#3664,#3685,#3686,#3709));
#3664 = ORIENTED_EDGE('',*,*,#3665,.T.);
#3665 = EDGE_CURVE('',#3666,#1637,#3668,.T.);
#3666 = VERTEX_POINT('',#3667);
#3667 = CARTESIAN_POINT('',(-6.5,14.25,0.));
#3668 = SURFACE_CURVE('',#3669,(#3673,#3679),.PCURVE_S1.);
#3669 = LINE('',#3670,#3671);
#3670 = CARTESIAN_POINT('',(-6.5,14.25,-1.1));
#3671 = VECTOR('',#3672,1.);
#3672 = DIRECTION('',(-0.,0.,-1.));
#3673 = PCURVE('',#1678,#3674);
#3674 = DEFINITIONAL_REPRESENTATION('',(#3675),#3678);
#3675 = B_SPLINE_CURVE_WITH_KNOTS('',1,(#3676,#3677),.UNSPECIFIED.,.F.,
  .F.,(2,2),(-1.1,0.),.PIECEWISE_BEZIER_KNOTS.);
#3676 = CARTESIAN_POINT('',(1.1,-27.25));
#3677 = CARTESIAN_POINT('',(0.,-27.25));
#3678 = ( GEOMETRIC_REPRESENTATION_CONTEXT(2) 
PARAMETRIC_REPRESENTATION_CONTEXT() REPRESENTATION_CONTEXT('2D SPACE',''
  ) );
#3679 = PCURVE('',#1652,#3680);
#3680 = DEFINITIONAL_REPRESENTATION('',(#3681),#3684);
#3681 = B_SPLINE_CURVE_WITH_KNOTS('',1,(#3682,#3683),.UNSPECIFIED.,.F.,
  .F.,(2,2),(-1.1,0.),.PIECEWISE_BEZIER_KNOTS.);
#3682 = CARTESIAN_POINT('',(1.1,11.05));
#3683 = CARTESIAN_POINT('',(0.,11.05));
#3684 = ( GEOMETRIC_REPRESENTATION_CONTEXT(2) 
PARAMETRIC_REPRESENTATION_CONTEXT() REPRESENTATION_CONTEXT('2D SPACE',''
  ) );
#3685 = ORIENTED_EDGE('',*,*,#1664,.T.);
#3686 = ORIENTED_EDGE('',*,*,#3687,.T.);
#3687 = EDGE_CURVE('',#1401,#3688,#3690,.T.);
#3688 = VERTEX_POINT('',#3689);
#3689 = CARTESIAN_POINT('',(-6.5,21.,0.));
#3690 = SURFACE_CURVE('',#3691,(#3695,#3702),.PCURVE_S1.);
#3691 = LINE('',#3692,#3693);
#3692 = CARTESIAN_POINT('',(-6.5,21.,-1.1));
#3693 = VECTOR('',#3694,1.);
#3694 = DIRECTION('',(0.,0.,1.));
#3695 = PCURVE('',#1678,#3696);
#3696 = DEFINITIONAL_REPRESENTATION('',(#3697),#3701);
#3697 = LINE('',#3698,#3699);
#3698 = CARTESIAN_POINT('',(0.,-34.));
#3699 = VECTOR('',#3700,1.);
#3700 = DIRECTION('',(1.,0.));
#3701 = ( GEOMETRIC_REPRESENTATION_CONTEXT(2) 
PARAMETRIC_REPRESENTATION_CONTEXT() REPRESENTATION_CONTEXT('2D SPACE',''
  ) );
#3702 = PCURVE('',#3649,#3703);
#3703 = DEFINITIONAL_REPRESENTATION('',(#3704),#3708);
#3704 = LINE('',#3705,#3706);
#3705 = CARTESIAN_POINT('',(0.,0.));
#3706 = VECTOR('',#3707,1.);
#3707 = DIRECTION('',(1.,0.));
#3708 = ( GEOMETRIC_REPRESENTATION_CONTEXT(2) 
PARAMETRIC_REPRESENTATION_CONTEXT() REPRESENTATION_CONTEXT('2D SPACE',''
  ) );
#3709 = ORIENTED_EDGE('',*,*,#3710,.F.);
#3710 = EDGE_CURVE('',#3666,#3688,#3711,.T.);
#3711 = SURFACE_CURVE('',#3712,(#3716,#3722),.PCURVE_S1.);
#3712 = LINE('',#3713,#3714);
#3713 = CARTESIAN_POINT('',(-6.5,-14.3,0.));
#3714 = VECTOR('',#3715,1.);
#3715 = DIRECTION('',(-0.,1.,0.));
#3716 = PCURVE('',#1678,#3717);
#3717 = DEFINITIONAL_REPRESENTATION('',(#3718),#3721);
#3718 = B_SPLINE_CURVE_WITH_KNOTS('',1,(#3719,#3720),.UNSPECIFIED.,.F.,
  .F.,(2,2),(28.55,35.3),.PIECEWISE_BEZIER_KNOTS.);
#3719 = CARTESIAN_POINT('',(1.1,-27.25));
#3720 = CARTESIAN_POINT('',(1.1,-34.));
#3721 = ( GEOMETRIC_REPRESENTATION_CONTEXT(2) 
PARAMETRIC_REPRESENTATION_CONTEXT() REPRESENTATION_CONTEXT('2D SPACE',''
  ) );
#3722 = PCURVE('',#3723,#3728);
#3723 = PLANE('',#3724);
#3724 = AXIS2_PLACEMENT_3D('',#3725,#3726,#3727);
#3725 = CARTESIAN_POINT('',(-17.55,-15.6,0.));
#3726 = DIRECTION('',(0.,0.,1.));
#3727 = DIRECTION('',(1.,0.,-0.));
#3728 = DEFINITIONAL_REPRESENTATION('',(#3729),#3732);
#3729 = B_SPLINE_CURVE_WITH_KNOTS('',1,(#3730,#3731),.UNSPECIFIED.,.F.,
  .F.,(2,2),(28.55,35.3),.PIECEWISE_BEZIER_KNOTS.);
#3730 = CARTESIAN_POINT('',(11.05,29.85));
#3731 = CARTESIAN_POINT('',(11.05,36.6));
#3732 = ( GEOMETRIC_REPRESENTATION_CONTEXT(2) 
PARAMETRIC_REPRESENTATION_CONTEXT() REPRESENTATION_CONTEXT('2D SPACE',''
  ) );
#3733 = ADVANCED_FACE('',(#3734),#1652,.F.);
#3734 = FACE_BOUND('',#3735,.F.);
#3735 = EDGE_LOOP('',(#3736,#3737,#3738,#3739));
#3736 = ORIENTED_EDGE('',*,*,#3665,.T.);
#3737 = ORIENTED_EDGE('',*,*,#1636,.F.);
#3738 = ORIENTED_EDGE('',*,*,#2943,.T.);
#3739 = ORIENTED_EDGE('',*,*,#3740,.F.);
#3740 = EDGE_CURVE('',#3666,#2944,#3741,.T.);
#3741 = SURFACE_CURVE('',#3742,(#3746,#3752),.PCURVE_S1.);
#3742 = LINE('',#3743,#3744);
#3743 = CARTESIAN_POINT('',(-17.55,14.25,0.));
#3744 = VECTOR('',#3745,1.);
#3745 = DIRECTION('',(-1.,-0.,0.));
#3746 = PCURVE('',#1652,#3747);
#3747 = DEFINITIONAL_REPRESENTATION('',(#3748),#3751);
#3748 = B_SPLINE_CURVE_WITH_KNOTS('',1,(#3749,#3750),.UNSPECIFIED.,.F.,
  .F.,(2,2),(-35.1,0.),.PIECEWISE_BEZIER_KNOTS.);
#3749 = CARTESIAN_POINT('',(1.1,35.1));
#3750 = CARTESIAN_POINT('',(1.1,0.));
#3751 = ( GEOMETRIC_REPRESENTATION_CONTEXT(2) 
PARAMETRIC_REPRESENTATION_CONTEXT() REPRESENTATION_CONTEXT('2D SPACE',''
  ) );
#3752 = PCURVE('',#3723,#3753);
#3753 = DEFINITIONAL_REPRESENTATION('',(#3754),#3757);
#3754 = B_SPLINE_CURVE_WITH_KNOTS('',1,(#3755,#3756),.UNSPECIFIED.,.F.,
  .F.,(2,2),(-35.1,0.),.PIECEWISE_BEZIER_KNOTS.);
#3755 = CARTESIAN_POINT('',(35.1,29.85));
#3756 = CARTESIAN_POINT('',(0.,29.85));
#3757 = ( GEOMETRIC_REPRESENTATION_CONTEXT(2) 
PARAMETRIC_REPRESENTATION_CONTEXT() REPRESENTATION_CONTEXT('2D SPACE',''
  ) );
#3758 = ADVANCED_FACE('',(#3759),#1491,.T.);
#3759 = FACE_BOUND('',#3760,.T.);
#3760 = EDGE_LOOP('',(#3761,#3762,#3785,#3814,#3833));
#3761 = ORIENTED_EDGE('',*,*,#1474,.F.);
#3762 = ORIENTED_EDGE('',*,*,#3763,.F.);
#3763 = EDGE_CURVE('',#3764,#1475,#3766,.T.);
#3764 = VERTEX_POINT('',#3765);
#3765 = CARTESIAN_POINT('',(-13.65,-10.25,-2.8));
#3766 = SURFACE_CURVE('',#3767,(#3771,#3778),.PCURVE_S1.);
#3767 = LINE('',#3768,#3769);
#3768 = CARTESIAN_POINT('',(-13.65,-10.25,-2.8));
#3769 = VECTOR('',#3770,1.);
#3770 = DIRECTION('',(0.,0.,1.));
#3771 = PCURVE('',#1491,#3772);
#3772 = DEFINITIONAL_REPRESENTATION('',(#3773),#3777);
#3773 = LINE('',#3774,#3775);
#3774 = CARTESIAN_POINT('',(0.,-0.));
#3775 = VECTOR('',#3776,1.);
#3776 = DIRECTION('',(0.,1.));
#3777 = ( GEOMETRIC_REPRESENTATION_CONTEXT(2) 
PARAMETRIC_REPRESENTATION_CONTEXT() REPRESENTATION_CONTEXT('2D SPACE',''
  ) );
#3778 = PCURVE('',#1520,#3779);
#3779 = DEFINITIONAL_REPRESENTATION('',(#3780),#3784);
#3780 = LINE('',#3781,#3782);
#3781 = CARTESIAN_POINT('',(6.28318530718,-0.));
#3782 = VECTOR('',#3783,1.);
#3783 = DIRECTION('',(0.,1.));
#3784 = ( GEOMETRIC_REPRESENTATION_CONTEXT(2) 
PARAMETRIC_REPRESENTATION_CONTEXT() REPRESENTATION_CONTEXT('2D SPACE',''
  ) );
#3785 = ORIENTED_EDGE('',*,*,#3786,.T.);
#3786 = EDGE_CURVE('',#3764,#3787,#3789,.T.);
#3787 = VERTEX_POINT('',#3788);
#3788 = CARTESIAN_POINT('',(-14.4,-9.040661337755,-2.8));
#3789 = SURFACE_CURVE('',#3790,(#3795,#3802),.PCURVE_S1.);
#3790 = CIRCLE('',#3791,1.35);
#3791 = AXIS2_PLACEMENT_3D('',#3792,#3793,#3794);
#3792 = CARTESIAN_POINT('',(-15.,-10.25,-2.8));
#3793 = DIRECTION('',(0.,0.,1.));
#3794 = DIRECTION('',(1.,0.,-0.));
#3795 = PCURVE('',#1491,#3796);
#3796 = DEFINITIONAL_REPRESENTATION('',(#3797),#3801);
#3797 = LINE('',#3798,#3799);
#3798 = CARTESIAN_POINT('',(0.,0.));
#3799 = VECTOR('',#3800,1.);
#3800 = DIRECTION('',(1.,0.));
#3801 = ( GEOMETRIC_REPRESENTATION_CONTEXT(2) 
PARAMETRIC_REPRESENTATION_CONTEXT() REPRESENTATION_CONTEXT('2D SPACE',''
  ) );
#3802 = PCURVE('',#3803,#3808);
#3803 = PLANE('',#3804);
#3804 = AXIS2_PLACEMENT_3D('',#3805,#3806,#3807);
#3805 = CARTESIAN_POINT('',(-15.,-10.25,-2.8));
#3806 = DIRECTION('',(0.,0.,1.));
#3807 = DIRECTION('',(1.,0.,-0.));
#3808 = DEFINITIONAL_REPRESENTATION('',(#3809),#3813);
#3809 = CIRCLE('',#3810,1.35);
#3810 = AXIS2_PLACEMENT_2D('',#3811,#3812);
#3811 = CARTESIAN_POINT('',(0.,0.));
#3812 = DIRECTION('',(1.,0.));
#3813 = ( GEOMETRIC_REPRESENTATION_CONTEXT(2) 
PARAMETRIC_REPRESENTATION_CONTEXT() REPRESENTATION_CONTEXT('2D SPACE',''
  ) );
#3814 = ORIENTED_EDGE('',*,*,#3815,.T.);
#3815 = EDGE_CURVE('',#3787,#3331,#3816,.T.);
#3816 = SURFACE_CURVE('',#3817,(#3821,#3827),.PCURVE_S1.);
#3817 = LINE('',#3818,#3819);
#3818 = CARTESIAN_POINT('',(-14.4,-9.040661337755,-2.8));
#3819 = VECTOR('',#3820,1.);
#3820 = DIRECTION('',(0.,0.,1.));
#3821 = PCURVE('',#1491,#3822);
#3822 = DEFINITIONAL_REPRESENTATION('',(#3823),#3826);
#3823 = B_SPLINE_CURVE_WITH_KNOTS('',1,(#3824,#3825),.UNSPECIFIED.,.F.,
  .F.,(2,2),(-5.999999999062E-07,1.7000006),.PIECEWISE_BEZIER_KNOTS.);
#3824 = CARTESIAN_POINT('',(1.110242335114,-5.999999999062E-07));
#3825 = CARTESIAN_POINT('',(1.110242335114,1.7000006));
#3826 = ( GEOMETRIC_REPRESENTATION_CONTEXT(2) 
PARAMETRIC_REPRESENTATION_CONTEXT() REPRESENTATION_CONTEXT('2D SPACE',''
  ) );
#3827 = PCURVE('',#1546,#3828);
#3828 = DEFINITIONAL_REPRESENTATION('',(#3829),#3832);
#3829 = B_SPLINE_CURVE_WITH_KNOTS('',1,(#3830,#3831),.UNSPECIFIED.,.F.,
  .F.,(2,2),(-5.999999999062E-07,1.7000006),.PIECEWISE_BEZIER_KNOTS.);
#3830 = CARTESIAN_POINT('',(2.1999994,-4.609338662245));
#3831 = CARTESIAN_POINT('',(3.9000006,-4.609338662245));
#3832 = ( GEOMETRIC_REPRESENTATION_CONTEXT(2) 
PARAMETRIC_REPRESENTATION_CONTEXT() REPRESENTATION_CONTEXT('2D SPACE',''
  ) );
#3833 = ORIENTED_EDGE('',*,*,#3352,.F.);
#3834 = ADVANCED_FACE('',(#3835),#1600,.T.);
#3835 = FACE_BOUND('',#3836,.T.);
#3836 = EDGE_LOOP('',(#3837,#3838,#3859,#3888,#3907));
#3837 = ORIENTED_EDGE('',*,*,#3305,.F.);
#3838 = ORIENTED_EDGE('',*,*,#3839,.F.);
#3839 = EDGE_CURVE('',#3840,#3285,#3842,.T.);
#3840 = VERTEX_POINT('',#3841);
#3841 = CARTESIAN_POINT('',(-15.6,-9.040661337755,-2.8));
#3842 = SURFACE_CURVE('',#3843,(#3847,#3853),.PCURVE_S1.);
#3843 = LINE('',#3844,#3845);
#3844 = CARTESIAN_POINT('',(-15.6,-9.040661337755,-2.8));
#3845 = VECTOR('',#3846,1.);
#3846 = DIRECTION('',(0.,0.,1.));
#3847 = PCURVE('',#1600,#3848);
#3848 = DEFINITIONAL_REPRESENTATION('',(#3849),#3852);
#3849 = B_SPLINE_CURVE_WITH_KNOTS('',1,(#3850,#3851),.UNSPECIFIED.,.F.,
  .F.,(2,2),(-5.999999999062E-07,1.7000006),.PIECEWISE_BEZIER_KNOTS.);
#3850 = CARTESIAN_POINT('',(2.031350318476,-5.999999999062E-07));
#3851 = CARTESIAN_POINT('',(2.031350318476,1.7000006));
#3852 = ( GEOMETRIC_REPRESENTATION_CONTEXT(2) 
PARAMETRIC_REPRESENTATION_CONTEXT() REPRESENTATION_CONTEXT('2D SPACE',''
  ) );
#3853 = PCURVE('',#1574,#3854);
#3854 = DEFINITIONAL_REPRESENTATION('',(#3855),#3858);
#3855 = B_SPLINE_CURVE_WITH_KNOTS('',1,(#3856,#3857),.UNSPECIFIED.,.F.,
  .F.,(2,2),(-5.999999999062E-07,1.7000006),.PIECEWISE_BEZIER_KNOTS.);
#3856 = CARTESIAN_POINT('',(2.1999994,-4.609338662245));
#3857 = CARTESIAN_POINT('',(3.9000006,-4.609338662245));
#3858 = ( GEOMETRIC_REPRESENTATION_CONTEXT(2) 
PARAMETRIC_REPRESENTATION_CONTEXT() REPRESENTATION_CONTEXT('2D SPACE',''
  ) );
#3859 = ORIENTED_EDGE('',*,*,#3860,.T.);
#3860 = EDGE_CURVE('',#3840,#3861,#3863,.T.);
#3861 = VERTEX_POINT('',#3862);
#3862 = CARTESIAN_POINT('',(-15.6,-11.45933866224,-2.8));
#3863 = SURFACE_CURVE('',#3864,(#3869,#3876),.PCURVE_S1.);
#3864 = CIRCLE('',#3865,1.35);
#3865 = AXIS2_PLACEMENT_3D('',#3866,#3867,#3868);
#3866 = CARTESIAN_POINT('',(-15.,-10.25,-2.8));
#3867 = DIRECTION('',(0.,0.,1.));
#3868 = DIRECTION('',(1.,0.,-0.));
#3869 = PCURVE('',#1600,#3870);
#3870 = DEFINITIONAL_REPRESENTATION('',(#3871),#3875);
#3871 = LINE('',#3872,#3873);
#3872 = CARTESIAN_POINT('',(0.,0.));
#3873 = VECTOR('',#3874,1.);
#3874 = DIRECTION('',(1.,0.));
#3875 = ( GEOMETRIC_REPRESENTATION_CONTEXT(2) 
PARAMETRIC_REPRESENTATION_CONTEXT() REPRESENTATION_CONTEXT('2D SPACE',''
  ) );
#3876 = PCURVE('',#3877,#3882);
#3877 = PLANE('',#3878);
#3878 = AXIS2_PLACEMENT_3D('',#3879,#3880,#3881);
#3879 = CARTESIAN_POINT('',(-15.,-10.25,-2.8));
#3880 = DIRECTION('',(0.,0.,1.));
#3881 = DIRECTION('',(1.,0.,-0.));
#3882 = DEFINITIONAL_REPRESENTATION('',(#3883),#3887);
#3883 = CIRCLE('',#3884,1.35);
#3884 = AXIS2_PLACEMENT_2D('',#3885,#3886);
#3885 = CARTESIAN_POINT('',(0.,0.));
#3886 = DIRECTION('',(1.,0.));
#3887 = ( GEOMETRIC_REPRESENTATION_CONTEXT(2) 
PARAMETRIC_REPRESENTATION_CONTEXT() REPRESENTATION_CONTEXT('2D SPACE',''
  ) );
#3888 = ORIENTED_EDGE('',*,*,#3889,.T.);
#3889 = EDGE_CURVE('',#3861,#1559,#3890,.T.);
#3890 = SURFACE_CURVE('',#3891,(#3895,#3901),.PCURVE_S1.);
#3891 = LINE('',#3892,#3893);
#3892 = CARTESIAN_POINT('',(-15.6,-11.45933866224,-2.8));
#3893 = VECTOR('',#3894,1.);
#3894 = DIRECTION('',(0.,0.,1.));
#3895 = PCURVE('',#1600,#3896);
#3896 = DEFINITIONAL_REPRESENTATION('',(#3897),#3900);
#3897 = B_SPLINE_CURVE_WITH_KNOTS('',1,(#3898,#3899),.UNSPECIFIED.,.F.,
  .F.,(2,2),(-5.999999999062E-07,1.7000006),.PIECEWISE_BEZIER_KNOTS.);
#3898 = CARTESIAN_POINT('',(4.251834988703,-5.999999999062E-07));
#3899 = CARTESIAN_POINT('',(4.251834988703,1.7000006));
#3900 = ( GEOMETRIC_REPRESENTATION_CONTEXT(2) 
PARAMETRIC_REPRESENTATION_CONTEXT() REPRESENTATION_CONTEXT('2D SPACE',''
  ) );
#3901 = PCURVE('',#1574,#3902);
#3902 = DEFINITIONAL_REPRESENTATION('',(#3903),#3906);
#3903 = B_SPLINE_CURVE_WITH_KNOTS('',1,(#3904,#3905),.UNSPECIFIED.,.F.,
  .F.,(2,2),(-5.999999999062E-07,1.7000006),.PIECEWISE_BEZIER_KNOTS.);
#3904 = CARTESIAN_POINT('',(2.1999994,-2.190661337755));
#3905 = CARTESIAN_POINT('',(3.9000006,-2.190661337755));
#3906 = ( GEOMETRIC_REPRESENTATION_CONTEXT(2) 
PARAMETRIC_REPRESENTATION_CONTEXT() REPRESENTATION_CONTEXT('2D SPACE',''
  ) );
#3907 = ORIENTED_EDGE('',*,*,#1585,.F.);
#3908 = ADVANCED_FACE('',(#3909),#1520,.T.);
#3909 = FACE_BOUND('',#3910,.T.);
#3910 = EDGE_LOOP('',(#3911,#3912,#3913,#3934));
#3911 = ORIENTED_EDGE('',*,*,#3763,.T.);
#3912 = ORIENTED_EDGE('',*,*,#1503,.F.);
#3913 = ORIENTED_EDGE('',*,*,#3914,.F.);
#3914 = EDGE_CURVE('',#3915,#1504,#3917,.T.);
#3915 = VERTEX_POINT('',#3916);
#3916 = CARTESIAN_POINT('',(-14.4,-11.45933866224,-2.8));
#3917 = SURFACE_CURVE('',#3918,(#3922,#3928),.PCURVE_S1.);
#3918 = LINE('',#3919,#3920);
#3919 = CARTESIAN_POINT('',(-14.4,-11.45933866224,-2.8));
#3920 = VECTOR('',#3921,1.);
#3921 = DIRECTION('',(0.,0.,1.));
#3922 = PCURVE('',#1520,#3923);
#3923 = DEFINITIONAL_REPRESENTATION('',(#3924),#3927);
#3924 = B_SPLINE_CURVE_WITH_KNOTS('',1,(#3925,#3926),.UNSPECIFIED.,.F.,
  .F.,(2,2),(-5.999999999062E-07,1.7000006),.PIECEWISE_BEZIER_KNOTS.);
#3925 = CARTESIAN_POINT('',(5.172942972066,-5.999999999062E-07));
#3926 = CARTESIAN_POINT('',(5.172942972066,1.7000006));
#3927 = ( GEOMETRIC_REPRESENTATION_CONTEXT(2) 
PARAMETRIC_REPRESENTATION_CONTEXT() REPRESENTATION_CONTEXT('2D SPACE',''
  ) );
#3928 = PCURVE('',#1546,#3929);
#3929 = DEFINITIONAL_REPRESENTATION('',(#3930),#3933);
#3930 = B_SPLINE_CURVE_WITH_KNOTS('',1,(#3931,#3932),.UNSPECIFIED.,.F.,
  .F.,(2,2),(-5.999999999062E-07,1.7000006),.PIECEWISE_BEZIER_KNOTS.);
#3931 = CARTESIAN_POINT('',(2.1999994,-2.190661337755));
#3932 = CARTESIAN_POINT('',(3.9000006,-2.190661337755));
#3933 = ( GEOMETRIC_REPRESENTATION_CONTEXT(2) 
PARAMETRIC_REPRESENTATION_CONTEXT() REPRESENTATION_CONTEXT('2D SPACE',''
  ) );
#3934 = ORIENTED_EDGE('',*,*,#3935,.T.);
#3935 = EDGE_CURVE('',#3915,#3764,#3936,.T.);
#3936 = SURFACE_CURVE('',#3937,(#3942,#3949),.PCURVE_S1.);
#3937 = CIRCLE('',#3938,1.35);
#3938 = AXIS2_PLACEMENT_3D('',#3939,#3940,#3941);
#3939 = CARTESIAN_POINT('',(-15.,-10.25,-2.8));
#3940 = DIRECTION('',(0.,0.,1.));
#3941 = DIRECTION('',(1.,0.,-0.));
#3942 = PCURVE('',#1520,#3943);
#3943 = DEFINITIONAL_REPRESENTATION('',(#3944),#3948);
#3944 = LINE('',#3945,#3946);
#3945 = CARTESIAN_POINT('',(0.,0.));
#3946 = VECTOR('',#3947,1.);
#3947 = DIRECTION('',(1.,0.));
#3948 = ( GEOMETRIC_REPRESENTATION_CONTEXT(2) 
PARAMETRIC_REPRESENTATION_CONTEXT() REPRESENTATION_CONTEXT('2D SPACE',''
  ) );
#3949 = PCURVE('',#3803,#3950);
#3950 = DEFINITIONAL_REPRESENTATION('',(#3951),#3955);
#3951 = CIRCLE('',#3952,1.35);
#3952 = AXIS2_PLACEMENT_2D('',#3953,#3954);
#3953 = CARTESIAN_POINT('',(0.,0.));
#3954 = DIRECTION('',(1.,0.));
#3955 = ( GEOMETRIC_REPRESENTATION_CONTEXT(2) 
PARAMETRIC_REPRESENTATION_CONTEXT() REPRESENTATION_CONTEXT('2D SPACE',''
  ) );
#3956 = ADVANCED_FACE('',(#3957),#1574,.T.);
#3957 = FACE_BOUND('',#3958,.T.);
#3958 = EDGE_LOOP('',(#3959,#3994,#4013,#4014,#4015,#4016,#4017,#4038,
    #4066));
#3959 = ORIENTED_EDGE('',*,*,#3960,.F.);
#3960 = EDGE_CURVE('',#3961,#3963,#3965,.T.);
#3961 = VERTEX_POINT('',#3962);
#3962 = CARTESIAN_POINT('',(-15.6,-8.659402627941,-2.8));
#3963 = VERTEX_POINT('',#3964);
#3964 = CARTESIAN_POINT('',(-15.6,-9.328045554271,-4.5));
#3965 = SURFACE_CURVE('',#3966,(#3971,#3978),.PCURVE_S1.);
#3966 = HYPERBOLA('',#3967,1.7,0.6);
#3967 = AXIS2_PLACEMENT_3D('',#3968,#3969,#3970);
#3968 = CARTESIAN_POINT('',(-15.6,-10.25,-7.616666666667));
#3969 = DIRECTION('',(1.,0.,-0.));
#3970 = DIRECTION('',(0.,0.,1.));
#3971 = PCURVE('',#1574,#3972);
#3972 = DEFINITIONAL_REPRESENTATION('',(#3973),#3977);
#3973 = ( BOUNDED_CURVE() B_SPLINE_CURVE(2,(#3974,#3975,#3976),
.UNSPECIFIED.,.F.,.F.) B_SPLINE_CURVE_WITH_KNOTS((3,3),(-1.701894744115,
-1.214890214798),.PIECEWISE_BEZIER_KNOTS.) CURVE() 
GEOMETRIC_REPRESENTATION_ITEM() RATIONAL_B_SPLINE_CURVE((1.,
1.029793453849,1.)) REPRESENTATION_ITEM('') );
#3974 = CARTESIAN_POINT('',(2.2,-4.990597372059));
#3975 = CARTESIAN_POINT('',(1.123797108041,-4.584635595359));
#3976 = CARTESIAN_POINT('',(0.5,-4.321954445729));
#3977 = ( GEOMETRIC_REPRESENTATION_CONTEXT(2) 
PARAMETRIC_REPRESENTATION_CONTEXT() REPRESENTATION_CONTEXT('2D SPACE',''
  ) );
#3978 = PCURVE('',#3979,#3984);
#3979 = CONICAL_SURFACE('',#3980,1.1,0.339292614454);
#3980 = AXIS2_PLACEMENT_3D('',#3981,#3982,#3983);
#3981 = CARTESIAN_POINT('',(-15.,-10.25,-4.5));
#3982 = DIRECTION('',(0.,0.,1.));
#3983 = DIRECTION('',(1.,0.,-0.));
#3984 = DEFINITIONAL_REPRESENTATION('',(#3985),#3993);
#3985 = B_SPLINE_CURVE_WITH_KNOTS('',6,(#3986,#3987,#3988,#3989,#3990,
    #3991,#3992),.UNSPECIFIED.,.F.,.F.,(7,7),(-1.701894744115,
    -1.214890214798),.PIECEWISE_BEZIER_KNOTS.);
#3986 = CARTESIAN_POINT('',(1.931509047158,1.7));
#3987 = CARTESIAN_POINT('',(1.960156372412,1.334203385646));
#3988 = CARTESIAN_POINT('',(1.991414380611,1.006486253617));
#3989 = CARTESIAN_POINT('',(2.025538345473,0.712510938374));
#3990 = CARTESIAN_POINT('',(2.062795683081,0.448691476638));
#3991 = CARTESIAN_POINT('',(2.103454533002,0.212025884589));
#3992 = CARTESIAN_POINT('',(2.147727672031,9.291712698401E-16));
#3993 = ( GEOMETRIC_REPRESENTATION_CONTEXT(2) 
PARAMETRIC_REPRESENTATION_CONTEXT() REPRESENTATION_CONTEXT('2D SPACE',''
  ) );
#3994 = ORIENTED_EDGE('',*,*,#3995,.F.);
#3995 = EDGE_CURVE('',#3840,#3961,#3996,.T.);
#3996 = SURFACE_CURVE('',#3997,(#4001,#4007),.PCURVE_S1.);
#3997 = LINE('',#3998,#3999);
#3998 = CARTESIAN_POINT('',(-15.6,-11.95,-2.8));
#3999 = VECTOR('',#4000,1.);
#4000 = DIRECTION('',(-0.,1.,0.));
#4001 = PCURVE('',#1574,#4002);
#4002 = DEFINITIONAL_REPRESENTATION('',(#4003),#4006);
#4003 = B_SPLINE_CURVE_WITH_KNOTS('',1,(#4004,#4005),.UNSPECIFIED.,.F.,
  .F.,(2,2),(-8.881784197001E-16,3.4),.PIECEWISE_BEZIER_KNOTS.);
#4004 = CARTESIAN_POINT('',(2.2,-1.7));
#4005 = CARTESIAN_POINT('',(2.2,-5.1));
#4006 = ( GEOMETRIC_REPRESENTATION_CONTEXT(2) 
PARAMETRIC_REPRESENTATION_CONTEXT() REPRESENTATION_CONTEXT('2D SPACE',''
  ) );
#4007 = PCURVE('',#3877,#4008);
#4008 = DEFINITIONAL_REPRESENTATION('',(#4009),#4012);
#4009 = B_SPLINE_CURVE_WITH_KNOTS('',1,(#4010,#4011),.UNSPECIFIED.,.F.,
  .F.,(2,2),(-8.881784197001E-16,3.4),.PIECEWISE_BEZIER_KNOTS.);
#4010 = CARTESIAN_POINT('',(-0.6,-1.7));
#4011 = CARTESIAN_POINT('',(-0.6,1.7));
#4012 = ( GEOMETRIC_REPRESENTATION_CONTEXT(2) 
PARAMETRIC_REPRESENTATION_CONTEXT() REPRESENTATION_CONTEXT('2D SPACE',''
  ) );
#4013 = ORIENTED_EDGE('',*,*,#3839,.T.);
#4014 = ORIENTED_EDGE('',*,*,#3284,.F.);
#4015 = ORIENTED_EDGE('',*,*,#1558,.F.);
#4016 = ORIENTED_EDGE('',*,*,#3889,.F.);
#4017 = ORIENTED_EDGE('',*,*,#4018,.F.);
#4018 = EDGE_CURVE('',#4019,#3861,#4021,.T.);
#4019 = VERTEX_POINT('',#4020);
#4020 = CARTESIAN_POINT('',(-15.6,-11.84059737205,-2.8));
#4021 = SURFACE_CURVE('',#4022,(#4026,#4032),.PCURVE_S1.);
#4022 = LINE('',#4023,#4024);
#4023 = CARTESIAN_POINT('',(-15.6,-11.95,-2.8));
#4024 = VECTOR('',#4025,1.);
#4025 = DIRECTION('',(-0.,1.,0.));
#4026 = PCURVE('',#1574,#4027);
#4027 = DEFINITIONAL_REPRESENTATION('',(#4028),#4031);
#4028 = B_SPLINE_CURVE_WITH_KNOTS('',1,(#4029,#4030),.UNSPECIFIED.,.F.,
  .F.,(2,2),(-8.881784197001E-16,3.4),.PIECEWISE_BEZIER_KNOTS.);
#4029 = CARTESIAN_POINT('',(2.2,-1.7));
#4030 = CARTESIAN_POINT('',(2.2,-5.1));
#4031 = ( GEOMETRIC_REPRESENTATION_CONTEXT(2) 
PARAMETRIC_REPRESENTATION_CONTEXT() REPRESENTATION_CONTEXT('2D SPACE',''
  ) );
#4032 = PCURVE('',#3877,#4033);
#4033 = DEFINITIONAL_REPRESENTATION('',(#4034),#4037);
#4034 = B_SPLINE_CURVE_WITH_KNOTS('',1,(#4035,#4036),.UNSPECIFIED.,.F.,
  .F.,(2,2),(-8.881784197001E-16,3.4),.PIECEWISE_BEZIER_KNOTS.);
#4035 = CARTESIAN_POINT('',(-0.6,-1.7));
#4036 = CARTESIAN_POINT('',(-0.6,1.7));
#4037 = ( GEOMETRIC_REPRESENTATION_CONTEXT(2) 
PARAMETRIC_REPRESENTATION_CONTEXT() REPRESENTATION_CONTEXT('2D SPACE',''
  ) );
#4038 = ORIENTED_EDGE('',*,*,#4039,.F.);
#4039 = EDGE_CURVE('',#4040,#4019,#4042,.T.);
#4040 = VERTEX_POINT('',#4041);
#4041 = CARTESIAN_POINT('',(-15.6,-11.17195444572,-4.5));
#4042 = SURFACE_CURVE('',#4043,(#4048,#4055),.PCURVE_S1.);
#4043 = HYPERBOLA('',#4044,1.7,0.6);
#4044 = AXIS2_PLACEMENT_3D('',#4045,#4046,#4047);
#4045 = CARTESIAN_POINT('',(-15.6,-10.25,-7.616666666667));
#4046 = DIRECTION('',(1.,0.,-0.));
#4047 = DIRECTION('',(0.,0.,1.));
#4048 = PCURVE('',#1574,#4049);
#4049 = DEFINITIONAL_REPRESENTATION('',(#4050),#4054);
#4050 = ( BOUNDED_CURVE() B_SPLINE_CURVE(2,(#4051,#4052,#4053),
.UNSPECIFIED.,.F.,.F.) B_SPLINE_CURVE_WITH_KNOTS((3,3),(1.214890214798,
1.701894744115),.PIECEWISE_BEZIER_KNOTS.) CURVE() 
GEOMETRIC_REPRESENTATION_ITEM() RATIONAL_B_SPLINE_CURVE((1.,
1.029793453849,1.)) REPRESENTATION_ITEM('') );
#4051 = CARTESIAN_POINT('',(0.5,-2.478045554271));
#4052 = CARTESIAN_POINT('',(1.123797108041,-2.215364404641));
#4053 = CARTESIAN_POINT('',(2.2,-1.809402627941));
#4054 = ( GEOMETRIC_REPRESENTATION_CONTEXT(2) 
PARAMETRIC_REPRESENTATION_CONTEXT() REPRESENTATION_CONTEXT('2D SPACE',''
  ) );
#4055 = PCURVE('',#3979,#4056);
#4056 = DEFINITIONAL_REPRESENTATION('',(#4057),#4065);
#4057 = B_SPLINE_CURVE_WITH_KNOTS('',6,(#4058,#4059,#4060,#4061,#4062,
    #4063,#4064),.UNSPECIFIED.,.F.,.F.,(7,7),(1.214890214798,
    1.701894744115),.PIECEWISE_BEZIER_KNOTS.);
#4058 = CARTESIAN_POINT('',(4.135457635148,9.291712698401E-16));
#4059 = CARTESIAN_POINT('',(4.179730774177,0.212025884589));
#4060 = CARTESIAN_POINT('',(4.220389624098,0.448691476638));
#4061 = CARTESIAN_POINT('',(4.257646961706,0.712510938374));
#4062 = CARTESIAN_POINT('',(4.291770926569,1.006486253617));
#4063 = CARTESIAN_POINT('',(4.323028934767,1.334203385646));
#4064 = CARTESIAN_POINT('',(4.351676260021,1.7));
#4065 = ( GEOMETRIC_REPRESENTATION_CONTEXT(2) 
PARAMETRIC_REPRESENTATION_CONTEXT() REPRESENTATION_CONTEXT('2D SPACE',''
  ) );
#4066 = ORIENTED_EDGE('',*,*,#4067,.T.);
#4067 = EDGE_CURVE('',#4040,#3963,#4068,.T.);
#4068 = SURFACE_CURVE('',#4069,(#4073,#4079),.PCURVE_S1.);
#4069 = LINE('',#4070,#4071);
#4070 = CARTESIAN_POINT('',(-15.6,-11.95,-4.5));
#4071 = VECTOR('',#4072,1.);
#4072 = DIRECTION('',(-0.,1.,0.));
#4073 = PCURVE('',#1574,#4074);
#4074 = DEFINITIONAL_REPRESENTATION('',(#4075),#4078);
#4075 = B_SPLINE_CURVE_WITH_KNOTS('',1,(#4076,#4077),.UNSPECIFIED.,.F.,
  .F.,(2,2),(0.6,2.8),.PIECEWISE_BEZIER_KNOTS.);
#4076 = CARTESIAN_POINT('',(0.5,-2.3));
#4077 = CARTESIAN_POINT('',(0.5,-4.5));
#4078 = ( GEOMETRIC_REPRESENTATION_CONTEXT(2) 
PARAMETRIC_REPRESENTATION_CONTEXT() REPRESENTATION_CONTEXT('2D SPACE',''
  ) );
#4079 = PCURVE('',#4080,#4085);
#4080 = PLANE('',#4081);
#4081 = AXIS2_PLACEMENT_3D('',#4082,#4083,#4084);
#4082 = CARTESIAN_POINT('',(-15.,-10.25,-4.5));
#4083 = DIRECTION('',(0.,0.,1.));
#4084 = DIRECTION('',(1.,0.,-0.));
#4085 = DEFINITIONAL_REPRESENTATION('',(#4086),#4089);
#4086 = B_SPLINE_CURVE_WITH_KNOTS('',1,(#4087,#4088),.UNSPECIFIED.,.F.,
  .F.,(2,2),(0.6,2.8),.PIECEWISE_BEZIER_KNOTS.);
#4087 = CARTESIAN_POINT('',(-0.6,-1.1));
#4088 = CARTESIAN_POINT('',(-0.6,1.1));
#4089 = ( GEOMETRIC_REPRESENTATION_CONTEXT(2) 
PARAMETRIC_REPRESENTATION_CONTEXT() REPRESENTATION_CONTEXT('2D SPACE',''
  ) );
#4090 = ADVANCED_FACE('',(#4091),#1546,.F.);
#4091 = FACE_BOUND('',#4092,.F.);
#4092 = EDGE_LOOP('',(#4093,#4128,#4147,#4148,#4149,#4150,#4151,#4172,
    #4205));
#4093 = ORIENTED_EDGE('',*,*,#4094,.F.);
#4094 = EDGE_CURVE('',#4095,#4097,#4099,.T.);
#4095 = VERTEX_POINT('',#4096);
#4096 = CARTESIAN_POINT('',(-14.4,-8.659402627941,-2.8));
#4097 = VERTEX_POINT('',#4098);
#4098 = CARTESIAN_POINT('',(-14.4,-9.328045554271,-4.5));
#4099 = SURFACE_CURVE('',#4100,(#4105,#4112),.PCURVE_S1.);
#4100 = HYPERBOLA('',#4101,1.7,0.6);
#4101 = AXIS2_PLACEMENT_3D('',#4102,#4103,#4104);
#4102 = CARTESIAN_POINT('',(-14.4,-10.25,-7.616666666667));
#4103 = DIRECTION('',(1.,0.,-0.));
#4104 = DIRECTION('',(0.,0.,1.));
#4105 = PCURVE('',#1546,#4106);
#4106 = DEFINITIONAL_REPRESENTATION('',(#4107),#4111);
#4107 = ( BOUNDED_CURVE() B_SPLINE_CURVE(2,(#4108,#4109,#4110),
.UNSPECIFIED.,.F.,.F.) B_SPLINE_CURVE_WITH_KNOTS((3,3),(-1.701894744115,
-1.214890214798),.PIECEWISE_BEZIER_KNOTS.) CURVE() 
GEOMETRIC_REPRESENTATION_ITEM() RATIONAL_B_SPLINE_CURVE((1.,
1.029793453849,1.)) REPRESENTATION_ITEM('') );
#4108 = CARTESIAN_POINT('',(2.2,-4.990597372059));
#4109 = CARTESIAN_POINT('',(1.123797108041,-4.584635595359));
#4110 = CARTESIAN_POINT('',(0.5,-4.321954445729));
#4111 = ( GEOMETRIC_REPRESENTATION_CONTEXT(2) 
PARAMETRIC_REPRESENTATION_CONTEXT() REPRESENTATION_CONTEXT('2D SPACE',''
  ) );
#4112 = PCURVE('',#4113,#4118);
#4113 = CONICAL_SURFACE('',#4114,1.1,0.339292614454);
#4114 = AXIS2_PLACEMENT_3D('',#4115,#4116,#4117);
#4115 = CARTESIAN_POINT('',(-15.,-10.25,-4.5));
#4116 = DIRECTION('',(0.,0.,1.));
#4117 = DIRECTION('',(1.,0.,-0.));
#4118 = DEFINITIONAL_REPRESENTATION('',(#4119),#4127);
#4119 = B_SPLINE_CURVE_WITH_KNOTS('',6,(#4120,#4121,#4122,#4123,#4124,
    #4125,#4126),.UNSPECIFIED.,.F.,.F.,(7,7),(-1.701894744115,
    -1.214890214798),.PIECEWISE_BEZIER_KNOTS.);
#4120 = CARTESIAN_POINT('',(1.210083606431,1.7));
#4121 = CARTESIAN_POINT('',(1.181436281177,1.334203385646));
#4122 = CARTESIAN_POINT('',(1.150178272979,1.006486253617));
#4123 = CARTESIAN_POINT('',(1.116054308116,0.712510938374));
#4124 = CARTESIAN_POINT('',(1.078796970509,0.448691476638));
#4125 = CARTESIAN_POINT('',(1.038138120587,0.212025884589));
#4126 = CARTESIAN_POINT('',(0.993864981558,9.291712698401E-16));
#4127 = ( GEOMETRIC_REPRESENTATION_CONTEXT(2) 
PARAMETRIC_REPRESENTATION_CONTEXT() REPRESENTATION_CONTEXT('2D SPACE',''
  ) );
#4128 = ORIENTED_EDGE('',*,*,#4129,.F.);
#4129 = EDGE_CURVE('',#3787,#4095,#4130,.T.);
#4130 = SURFACE_CURVE('',#4131,(#4135,#4141),.PCURVE_S1.);
#4131 = LINE('',#4132,#4133);
#4132 = CARTESIAN_POINT('',(-14.4,-11.95,-2.8));
#4133 = VECTOR('',#4134,1.);
#4134 = DIRECTION('',(-0.,1.,0.));
#4135 = PCURVE('',#1546,#4136);
#4136 = DEFINITIONAL_REPRESENTATION('',(#4137),#4140);
#4137 = B_SPLINE_CURVE_WITH_KNOTS('',1,(#4138,#4139),.UNSPECIFIED.,.F.,
  .F.,(2,2),(-8.881784197001E-16,3.4),.PIECEWISE_BEZIER_KNOTS.);
#4138 = CARTESIAN_POINT('',(2.2,-1.7));
#4139 = CARTESIAN_POINT('',(2.2,-5.1));
#4140 = ( GEOMETRIC_REPRESENTATION_CONTEXT(2) 
PARAMETRIC_REPRESENTATION_CONTEXT() REPRESENTATION_CONTEXT('2D SPACE',''
  ) );
#4141 = PCURVE('',#3803,#4142);
#4142 = DEFINITIONAL_REPRESENTATION('',(#4143),#4146);
#4143 = B_SPLINE_CURVE_WITH_KNOTS('',1,(#4144,#4145),.UNSPECIFIED.,.F.,
  .F.,(2,2),(-8.881784197001E-16,3.4),.PIECEWISE_BEZIER_KNOTS.);
#4144 = CARTESIAN_POINT('',(0.6,-1.7));
#4145 = CARTESIAN_POINT('',(0.6,1.7));
#4146 = ( GEOMETRIC_REPRESENTATION_CONTEXT(2) 
PARAMETRIC_REPRESENTATION_CONTEXT() REPRESENTATION_CONTEXT('2D SPACE',''
  ) );
#4147 = ORIENTED_EDGE('',*,*,#3815,.T.);
#4148 = ORIENTED_EDGE('',*,*,#3330,.F.);
#4149 = ORIENTED_EDGE('',*,*,#1532,.F.);
#4150 = ORIENTED_EDGE('',*,*,#3914,.F.);
#4151 = ORIENTED_EDGE('',*,*,#4152,.F.);
#4152 = EDGE_CURVE('',#4153,#3915,#4155,.T.);
#4153 = VERTEX_POINT('',#4154);
#4154 = CARTESIAN_POINT('',(-14.4,-11.84059737205,-2.8));
#4155 = SURFACE_CURVE('',#4156,(#4160,#4166),.PCURVE_S1.);
#4156 = LINE('',#4157,#4158);
#4157 = CARTESIAN_POINT('',(-14.4,-11.95,-2.8));
#4158 = VECTOR('',#4159,1.);
#4159 = DIRECTION('',(-0.,1.,0.));
#4160 = PCURVE('',#1546,#4161);
#4161 = DEFINITIONAL_REPRESENTATION('',(#4162),#4165);
#4162 = B_SPLINE_CURVE_WITH_KNOTS('',1,(#4163,#4164),.UNSPECIFIED.,.F.,
  .F.,(2,2),(-8.881784197001E-16,3.4),.PIECEWISE_BEZIER_KNOTS.);
#4163 = CARTESIAN_POINT('',(2.2,-1.7));
#4164 = CARTESIAN_POINT('',(2.2,-5.1));
#4165 = ( GEOMETRIC_REPRESENTATION_CONTEXT(2) 
PARAMETRIC_REPRESENTATION_CONTEXT() REPRESENTATION_CONTEXT('2D SPACE',''
  ) );
#4166 = PCURVE('',#3803,#4167);
#4167 = DEFINITIONAL_REPRESENTATION('',(#4168),#4171);
#4168 = B_SPLINE_CURVE_WITH_KNOTS('',1,(#4169,#4170),.UNSPECIFIED.,.F.,
  .F.,(2,2),(-8.881784197001E-16,3.4),.PIECEWISE_BEZIER_KNOTS.);
#4169 = CARTESIAN_POINT('',(0.6,-1.7));
#4170 = CARTESIAN_POINT('',(0.6,1.7));
#4171 = ( GEOMETRIC_REPRESENTATION_CONTEXT(2) 
PARAMETRIC_REPRESENTATION_CONTEXT() REPRESENTATION_CONTEXT('2D SPACE',''
  ) );
#4172 = ORIENTED_EDGE('',*,*,#4173,.F.);
#4173 = EDGE_CURVE('',#4174,#4153,#4176,.T.);
#4174 = VERTEX_POINT('',#4175);
#4175 = CARTESIAN_POINT('',(-14.4,-11.17195444572,-4.5));
#4176 = SURFACE_CURVE('',#4177,(#4182,#4189),.PCURVE_S1.);
#4177 = HYPERBOLA('',#4178,1.7,0.6);
#4178 = AXIS2_PLACEMENT_3D('',#4179,#4180,#4181);
#4179 = CARTESIAN_POINT('',(-14.4,-10.25,-7.616666666667));
#4180 = DIRECTION('',(1.,0.,-0.));
#4181 = DIRECTION('',(0.,0.,1.));
#4182 = PCURVE('',#1546,#4183);
#4183 = DEFINITIONAL_REPRESENTATION('',(#4184),#4188);
#4184 = ( BOUNDED_CURVE() B_SPLINE_CURVE(2,(#4185,#4186,#4187),
.UNSPECIFIED.,.F.,.F.) B_SPLINE_CURVE_WITH_KNOTS((3,3),(1.214890214798,
1.701894744115),.PIECEWISE_BEZIER_KNOTS.) CURVE() 
GEOMETRIC_REPRESENTATION_ITEM() RATIONAL_B_SPLINE_CURVE((1.,
1.029793453849,1.)) REPRESENTATION_ITEM('') );
#4185 = CARTESIAN_POINT('',(0.5,-2.478045554271));
#4186 = CARTESIAN_POINT('',(1.123797108041,-2.215364404641));
#4187 = CARTESIAN_POINT('',(2.2,-1.809402627941));
#4188 = ( GEOMETRIC_REPRESENTATION_CONTEXT(2) 
PARAMETRIC_REPRESENTATION_CONTEXT() REPRESENTATION_CONTEXT('2D SPACE',''
  ) );
#4189 = PCURVE('',#4190,#4195);
#4190 = CONICAL_SURFACE('',#4191,1.1,0.339292614454);
#4191 = AXIS2_PLACEMENT_3D('',#4192,#4193,#4194);
#4192 = CARTESIAN_POINT('',(-15.,-10.25,-4.5));
#4193 = DIRECTION('',(0.,0.,1.));
#4194 = DIRECTION('',(1.,0.,-0.));
#4195 = DEFINITIONAL_REPRESENTATION('',(#4196),#4204);
#4196 = B_SPLINE_CURVE_WITH_KNOTS('',6,(#4197,#4198,#4199,#4200,#4201,
    #4202,#4203),.UNSPECIFIED.,.F.,.F.,(7,7),(1.214890214798,
    1.701894744115),.PIECEWISE_BEZIER_KNOTS.);
#4197 = CARTESIAN_POINT('',(5.289320325621,8.594834246021E-16));
#4198 = CARTESIAN_POINT('',(5.245047186592,0.212025884589));
#4199 = CARTESIAN_POINT('',(5.204388336671,0.448691476638));
#4200 = CARTESIAN_POINT('',(5.167130999063,0.712510938374));
#4201 = CARTESIAN_POINT('',(5.1330070342,1.006486253617));
#4202 = CARTESIAN_POINT('',(5.101749026002,1.334203385646));
#4203 = CARTESIAN_POINT('',(5.073101700748,1.7));
#4204 = ( GEOMETRIC_REPRESENTATION_CONTEXT(2) 
PARAMETRIC_REPRESENTATION_CONTEXT() REPRESENTATION_CONTEXT('2D SPACE',''
  ) );
#4205 = ORIENTED_EDGE('',*,*,#4206,.T.);
#4206 = EDGE_CURVE('',#4174,#4097,#4207,.T.);
#4207 = SURFACE_CURVE('',#4208,(#4212,#4218),.PCURVE_S1.);
#4208 = LINE('',#4209,#4210);
#4209 = CARTESIAN_POINT('',(-14.4,-11.95,-4.5));
#4210 = VECTOR('',#4211,1.);
#4211 = DIRECTION('',(-0.,1.,0.));
#4212 = PCURVE('',#1546,#4213);
#4213 = DEFINITIONAL_REPRESENTATION('',(#4214),#4217);
#4214 = B_SPLINE_CURVE_WITH_KNOTS('',1,(#4215,#4216),.UNSPECIFIED.,.F.,
  .F.,(2,2),(0.6,2.8),.PIECEWISE_BEZIER_KNOTS.);
#4215 = CARTESIAN_POINT('',(0.5,-2.3));
#4216 = CARTESIAN_POINT('',(0.5,-4.5));
#4217 = ( GEOMETRIC_REPRESENTATION_CONTEXT(2) 
PARAMETRIC_REPRESENTATION_CONTEXT() REPRESENTATION_CONTEXT('2D SPACE',''
  ) );
#4218 = PCURVE('',#4219,#4224);
#4219 = PLANE('',#4220);
#4220 = AXIS2_PLACEMENT_3D('',#4221,#4222,#4223);
#4221 = CARTESIAN_POINT('',(-15.,-10.25,-4.5));
#4222 = DIRECTION('',(0.,0.,1.));
#4223 = DIRECTION('',(1.,0.,-0.));
#4224 = DEFINITIONAL_REPRESENTATION('',(#4225),#4228);
#4225 = B_SPLINE_CURVE_WITH_KNOTS('',1,(#4226,#4227),.UNSPECIFIED.,.F.,
  .F.,(2,2),(0.6,2.8),.PIECEWISE_BEZIER_KNOTS.);
#4226 = CARTESIAN_POINT('',(0.6,-1.1));
#4227 = CARTESIAN_POINT('',(0.6,1.1));
#4228 = ( GEOMETRIC_REPRESENTATION_CONTEXT(2) 
PARAMETRIC_REPRESENTATION_CONTEXT() REPRESENTATION_CONTEXT('2D SPACE',''
  ) );
#4229 = ADVANCED_FACE('',(#4230),#1710,.T.);
#4230 = FACE_BOUND('',#4231,.T.);
#4231 = EDGE_LOOP('',(#4232,#4267,#4293,#4312,#4313,#4334,#4355,#4383));
#4232 = ORIENTED_EDGE('',*,*,#4233,.F.);
#4233 = EDGE_CURVE('',#4234,#4236,#4238,.T.);
#4234 = VERTEX_POINT('',#4235);
#4235 = CARTESIAN_POINT('',(-15.6,19.840597372059,-2.8));
#4236 = VERTEX_POINT('',#4237);
#4237 = CARTESIAN_POINT('',(-15.6,19.171954445729,-4.5));
#4238 = SURFACE_CURVE('',#4239,(#4244,#4251),.PCURVE_S1.);
#4239 = HYPERBOLA('',#4240,1.7,0.6);
#4240 = AXIS2_PLACEMENT_3D('',#4241,#4242,#4243);
#4241 = CARTESIAN_POINT('',(-15.6,18.25,-7.616666666667));
#4242 = DIRECTION('',(1.,0.,-0.));
#4243 = DIRECTION('',(0.,0.,1.));
#4244 = PCURVE('',#1710,#4245);
#4245 = DEFINITIONAL_REPRESENTATION('',(#4246),#4250);
#4246 = ( BOUNDED_CURVE() B_SPLINE_CURVE(2,(#4247,#4248,#4249),
.UNSPECIFIED.,.F.,.F.) B_SPLINE_CURVE_WITH_KNOTS((3,3),(-1.701894744115,
-1.214890214798),.PIECEWISE_BEZIER_KNOTS.) CURVE() 
GEOMETRIC_REPRESENTATION_ITEM() RATIONAL_B_SPLINE_CURVE((1.,
1.029793453849,1.)) REPRESENTATION_ITEM('') );
#4247 = CARTESIAN_POINT('',(2.2,-4.990597372059));
#4248 = CARTESIAN_POINT('',(1.123797108041,-4.584635595359));
#4249 = CARTESIAN_POINT('',(0.5,-4.321954445729));
#4250 = ( GEOMETRIC_REPRESENTATION_CONTEXT(2) 
PARAMETRIC_REPRESENTATION_CONTEXT() REPRESENTATION_CONTEXT('2D SPACE',''
  ) );
#4251 = PCURVE('',#4252,#4257);
#4252 = CONICAL_SURFACE('',#4253,1.1,0.339292614454);
#4253 = AXIS2_PLACEMENT_3D('',#4254,#4255,#4256);
#4254 = CARTESIAN_POINT('',(-15.,18.25,-4.5));
#4255 = DIRECTION('',(0.,0.,1.));
#4256 = DIRECTION('',(1.,0.,-0.));
#4257 = DEFINITIONAL_REPRESENTATION('',(#4258),#4266);
#4258 = B_SPLINE_CURVE_WITH_KNOTS('',6,(#4259,#4260,#4261,#4262,#4263,
    #4264,#4265),.UNSPECIFIED.,.F.,.F.,(7,7),(-1.701894744115,
    -1.214890214798),.PIECEWISE_BEZIER_KNOTS.);
#4259 = CARTESIAN_POINT('',(1.931509047158,1.7));
#4260 = CARTESIAN_POINT('',(1.960156372412,1.334203385646));
#4261 = CARTESIAN_POINT('',(1.991414380611,1.006486253617));
#4262 = CARTESIAN_POINT('',(2.025538345473,0.712510938374));
#4263 = CARTESIAN_POINT('',(2.062795683081,0.448691476638));
#4264 = CARTESIAN_POINT('',(2.103454533002,0.212025884589));
#4265 = CARTESIAN_POINT('',(2.147727672031,-2.717825964282E-15));
#4266 = ( GEOMETRIC_REPRESENTATION_CONTEXT(2) 
PARAMETRIC_REPRESENTATION_CONTEXT() REPRESENTATION_CONTEXT('2D SPACE',''
  ) );
#4267 = ORIENTED_EDGE('',*,*,#4268,.F.);
#4268 = EDGE_CURVE('',#4269,#4234,#4271,.T.);
#4269 = VERTEX_POINT('',#4270);
#4270 = CARTESIAN_POINT('',(-15.6,19.459338662245,-2.8));
#4271 = SURFACE_CURVE('',#4272,(#4276,#4282),.PCURVE_S1.);
#4272 = LINE('',#4273,#4274);
#4273 = CARTESIAN_POINT('',(-15.6,16.55,-2.8));
#4274 = VECTOR('',#4275,1.);
#4275 = DIRECTION('',(-0.,1.,0.));
#4276 = PCURVE('',#1710,#4277);
#4277 = DEFINITIONAL_REPRESENTATION('',(#4278),#4281);
#4278 = B_SPLINE_CURVE_WITH_KNOTS('',1,(#4279,#4280),.UNSPECIFIED.,.F.,
  .F.,(2,2),(-8.881784197001E-16,3.4),.PIECEWISE_BEZIER_KNOTS.);
#4279 = CARTESIAN_POINT('',(2.2,-1.7));
#4280 = CARTESIAN_POINT('',(2.2,-5.1));
#4281 = ( GEOMETRIC_REPRESENTATION_CONTEXT(2) 
PARAMETRIC_REPRESENTATION_CONTEXT() REPRESENTATION_CONTEXT('2D SPACE',''
  ) );
#4282 = PCURVE('',#4283,#4288);
#4283 = PLANE('',#4284);
#4284 = AXIS2_PLACEMENT_3D('',#4285,#4286,#4287);
#4285 = CARTESIAN_POINT('',(-15.,18.25,-2.8));
#4286 = DIRECTION('',(0.,0.,1.));
#4287 = DIRECTION('',(1.,0.,-0.));
#4288 = DEFINITIONAL_REPRESENTATION('',(#4289),#4292);
#4289 = B_SPLINE_CURVE_WITH_KNOTS('',1,(#4290,#4291),.UNSPECIFIED.,.F.,
  .F.,(2,2),(-8.881784197001E-16,3.4),.PIECEWISE_BEZIER_KNOTS.);
#4290 = CARTESIAN_POINT('',(-0.6,-1.7));
#4291 = CARTESIAN_POINT('',(-0.6,1.7));
#4292 = ( GEOMETRIC_REPRESENTATION_CONTEXT(2) 
PARAMETRIC_REPRESENTATION_CONTEXT() REPRESENTATION_CONTEXT('2D SPACE',''
  ) );
#4293 = ORIENTED_EDGE('',*,*,#4294,.T.);
#4294 = EDGE_CURVE('',#4269,#1695,#4295,.T.);
#4295 = SURFACE_CURVE('',#4296,(#4300,#4306),.PCURVE_S1.);
#4296 = LINE('',#4297,#4298);
#4297 = CARTESIAN_POINT('',(-15.6,19.459338662245,-2.8));
#4298 = VECTOR('',#4299,1.);
#4299 = DIRECTION('',(0.,0.,1.));
#4300 = PCURVE('',#1710,#4301);
#4301 = DEFINITIONAL_REPRESENTATION('',(#4302),#4305);
#4302 = B_SPLINE_CURVE_WITH_KNOTS('',1,(#4303,#4304),.UNSPECIFIED.,.F.,
  .F.,(2,2),(-5.999999999062E-07,1.7000006),.PIECEWISE_BEZIER_KNOTS.);
#4303 = CARTESIAN_POINT('',(2.1999994,-4.609338662245));
#4304 = CARTESIAN_POINT('',(3.9000006,-4.609338662245));
#4305 = ( GEOMETRIC_REPRESENTATION_CONTEXT(2) 
PARAMETRIC_REPRESENTATION_CONTEXT() REPRESENTATION_CONTEXT('2D SPACE',''
  ) );
#4306 = PCURVE('',#1736,#4307);
#4307 = DEFINITIONAL_REPRESENTATION('',(#4308),#4311);
#4308 = B_SPLINE_CURVE_WITH_KNOTS('',1,(#4309,#4310),.UNSPECIFIED.,.F.,
  .F.,(2,2),(-5.999999999062E-07,1.7000006),.PIECEWISE_BEZIER_KNOTS.);
#4309 = CARTESIAN_POINT('',(2.031350318476,-5.999999999062E-07));
#4310 = CARTESIAN_POINT('',(2.031350318476,1.7000006));
#4311 = ( GEOMETRIC_REPRESENTATION_CONTEXT(2) 
PARAMETRIC_REPRESENTATION_CONTEXT() REPRESENTATION_CONTEXT('2D SPACE',''
  ) );
#4312 = ORIENTED_EDGE('',*,*,#1692,.F.);
#4313 = ORIENTED_EDGE('',*,*,#4314,.F.);
#4314 = EDGE_CURVE('',#4315,#1693,#4317,.T.);
#4315 = VERTEX_POINT('',#4316);
#4316 = CARTESIAN_POINT('',(-15.6,17.040661337755,-2.8));
#4317 = SURFACE_CURVE('',#4318,(#4322,#4328),.PCURVE_S1.);
#4318 = LINE('',#4319,#4320);
#4319 = CARTESIAN_POINT('',(-15.6,17.040661337755,-2.8));
#4320 = VECTOR('',#4321,1.);
#4321 = DIRECTION('',(0.,0.,1.));
#4322 = PCURVE('',#1710,#4323);
#4323 = DEFINITIONAL_REPRESENTATION('',(#4324),#4327);
#4324 = B_SPLINE_CURVE_WITH_KNOTS('',1,(#4325,#4326),.UNSPECIFIED.,.F.,
  .F.,(2,2),(-5.999999999062E-07,1.7000006),.PIECEWISE_BEZIER_KNOTS.);
#4325 = CARTESIAN_POINT('',(2.1999994,-2.190661337755));
#4326 = CARTESIAN_POINT('',(3.9000006,-2.190661337755));
#4327 = ( GEOMETRIC_REPRESENTATION_CONTEXT(2) 
PARAMETRIC_REPRESENTATION_CONTEXT() REPRESENTATION_CONTEXT('2D SPACE',''
  ) );
#4328 = PCURVE('',#1736,#4329);
#4329 = DEFINITIONAL_REPRESENTATION('',(#4330),#4333);
#4330 = B_SPLINE_CURVE_WITH_KNOTS('',1,(#4331,#4332),.UNSPECIFIED.,.F.,
  .F.,(2,2),(-5.999999999062E-07,1.7000006),.PIECEWISE_BEZIER_KNOTS.);
#4331 = CARTESIAN_POINT('',(4.251834988703,-5.999999999062E-07));
#4332 = CARTESIAN_POINT('',(4.251834988703,1.7000006));
#4333 = ( GEOMETRIC_REPRESENTATION_CONTEXT(2) 
PARAMETRIC_REPRESENTATION_CONTEXT() REPRESENTATION_CONTEXT('2D SPACE',''
  ) );
#4334 = ORIENTED_EDGE('',*,*,#4335,.F.);
#4335 = EDGE_CURVE('',#4336,#4315,#4338,.T.);
#4336 = VERTEX_POINT('',#4337);
#4337 = CARTESIAN_POINT('',(-15.6,16.659402627941,-2.8));
#4338 = SURFACE_CURVE('',#4339,(#4343,#4349),.PCURVE_S1.);
#4339 = LINE('',#4340,#4341);
#4340 = CARTESIAN_POINT('',(-15.6,16.55,-2.8));
#4341 = VECTOR('',#4342,1.);
#4342 = DIRECTION('',(-0.,1.,0.));
#4343 = PCURVE('',#1710,#4344);
#4344 = DEFINITIONAL_REPRESENTATION('',(#4345),#4348);
#4345 = B_SPLINE_CURVE_WITH_KNOTS('',1,(#4346,#4347),.UNSPECIFIED.,.F.,
  .F.,(2,2),(-8.881784197001E-16,3.4),.PIECEWISE_BEZIER_KNOTS.);
#4346 = CARTESIAN_POINT('',(2.2,-1.7));
#4347 = CARTESIAN_POINT('',(2.2,-5.1));
#4348 = ( GEOMETRIC_REPRESENTATION_CONTEXT(2) 
PARAMETRIC_REPRESENTATION_CONTEXT() REPRESENTATION_CONTEXT('2D SPACE',''
  ) );
#4349 = PCURVE('',#4283,#4350);
#4350 = DEFINITIONAL_REPRESENTATION('',(#4351),#4354);
#4351 = B_SPLINE_CURVE_WITH_KNOTS('',1,(#4352,#4353),.UNSPECIFIED.,.F.,
  .F.,(2,2),(-8.881784197001E-16,3.4),.PIECEWISE_BEZIER_KNOTS.);
#4352 = CARTESIAN_POINT('',(-0.6,-1.7));
#4353 = CARTESIAN_POINT('',(-0.6,1.7));
#4354 = ( GEOMETRIC_REPRESENTATION_CONTEXT(2) 
PARAMETRIC_REPRESENTATION_CONTEXT() REPRESENTATION_CONTEXT('2D SPACE',''
  ) );
#4355 = ORIENTED_EDGE('',*,*,#4356,.F.);
#4356 = EDGE_CURVE('',#4357,#4336,#4359,.T.);
#4357 = VERTEX_POINT('',#4358);
#4358 = CARTESIAN_POINT('',(-15.6,17.328045554271,-4.5));
#4359 = SURFACE_CURVE('',#4360,(#4365,#4372),.PCURVE_S1.);
#4360 = HYPERBOLA('',#4361,1.7,0.6);
#4361 = AXIS2_PLACEMENT_3D('',#4362,#4363,#4364);
#4362 = CARTESIAN_POINT('',(-15.6,18.25,-7.616666666667));
#4363 = DIRECTION('',(1.,0.,-0.));
#4364 = DIRECTION('',(0.,0.,1.));
#4365 = PCURVE('',#1710,#4366);
#4366 = DEFINITIONAL_REPRESENTATION('',(#4367),#4371);
#4367 = ( BOUNDED_CURVE() B_SPLINE_CURVE(2,(#4368,#4369,#4370),
.UNSPECIFIED.,.F.,.F.) B_SPLINE_CURVE_WITH_KNOTS((3,3),(1.214890214798,
1.701894744115),.PIECEWISE_BEZIER_KNOTS.) CURVE() 
GEOMETRIC_REPRESENTATION_ITEM() RATIONAL_B_SPLINE_CURVE((1.,
1.029793453849,1.)) REPRESENTATION_ITEM('') );
#4368 = CARTESIAN_POINT('',(0.5,-2.478045554271));
#4369 = CARTESIAN_POINT('',(1.123797108041,-2.215364404641));
#4370 = CARTESIAN_POINT('',(2.2,-1.809402627941));
#4371 = ( GEOMETRIC_REPRESENTATION_CONTEXT(2) 
PARAMETRIC_REPRESENTATION_CONTEXT() REPRESENTATION_CONTEXT('2D SPACE',''
  ) );
#4372 = PCURVE('',#4252,#4373);
#4373 = DEFINITIONAL_REPRESENTATION('',(#4374),#4382);
#4374 = B_SPLINE_CURVE_WITH_KNOTS('',6,(#4375,#4376,#4377,#4378,#4379,
    #4380,#4381),.UNSPECIFIED.,.F.,.F.,(7,7),(1.214890214798,
    1.701894744115),.PIECEWISE_BEZIER_KNOTS.);
#4375 = CARTESIAN_POINT('',(4.135457635148,-2.78751380952E-15));
#4376 = CARTESIAN_POINT('',(4.179730774177,0.212025884589));
#4377 = CARTESIAN_POINT('',(4.220389624098,0.448691476638));
#4378 = CARTESIAN_POINT('',(4.257646961706,0.712510938374));
#4379 = CARTESIAN_POINT('',(4.291770926569,1.006486253617));
#4380 = CARTESIAN_POINT('',(4.323028934767,1.334203385646));
#4381 = CARTESIAN_POINT('',(4.351676260021,1.7));
#4382 = ( GEOMETRIC_REPRESENTATION_CONTEXT(2) 
PARAMETRIC_REPRESENTATION_CONTEXT() REPRESENTATION_CONTEXT('2D SPACE',''
  ) );
#4383 = ORIENTED_EDGE('',*,*,#4384,.T.);
#4384 = EDGE_CURVE('',#4357,#4236,#4385,.T.);
#4385 = SURFACE_CURVE('',#4386,(#4390,#4396),.PCURVE_S1.);
#4386 = LINE('',#4387,#4388);
#4387 = CARTESIAN_POINT('',(-15.6,16.55,-4.5));
#4388 = VECTOR('',#4389,1.);
#4389 = DIRECTION('',(-0.,1.,0.));
#4390 = PCURVE('',#1710,#4391);
#4391 = DEFINITIONAL_REPRESENTATION('',(#4392),#4395);
#4392 = B_SPLINE_CURVE_WITH_KNOTS('',1,(#4393,#4394),.UNSPECIFIED.,.F.,
  .F.,(2,2),(0.6,2.8),.PIECEWISE_BEZIER_KNOTS.);
#4393 = CARTESIAN_POINT('',(0.5,-2.3));
#4394 = CARTESIAN_POINT('',(0.5,-4.5));
#4395 = ( GEOMETRIC_REPRESENTATION_CONTEXT(2) 
PARAMETRIC_REPRESENTATION_CONTEXT() REPRESENTATION_CONTEXT('2D SPACE',''
  ) );
#4396 = PCURVE('',#4397,#4402);
#4397 = PLANE('',#4398);
#4398 = AXIS2_PLACEMENT_3D('',#4399,#4400,#4401);
#4399 = CARTESIAN_POINT('',(-15.,18.25,-4.5));
#4400 = DIRECTION('',(0.,0.,1.));
#4401 = DIRECTION('',(1.,0.,-0.));
#4402 = DEFINITIONAL_REPRESENTATION('',(#4403),#4406);
#4403 = B_SPLINE_CURVE_WITH_KNOTS('',1,(#4404,#4405),.UNSPECIFIED.,.F.,
  .F.,(2,2),(0.6,2.8),.PIECEWISE_BEZIER_KNOTS.);
#4404 = CARTESIAN_POINT('',(-0.6,-1.1));
#4405 = CARTESIAN_POINT('',(-0.6,1.1));
#4406 = ( GEOMETRIC_REPRESENTATION_CONTEXT(2) 
PARAMETRIC_REPRESENTATION_CONTEXT() REPRESENTATION_CONTEXT('2D SPACE',''
  ) );
#4407 = ADVANCED_FACE('',(#4408),#1736,.T.);
#4408 = FACE_BOUND('',#4409,.T.);
#4409 = EDGE_LOOP('',(#4410,#4411,#4412,#4434));
#4410 = ORIENTED_EDGE('',*,*,#1721,.F.);
#4411 = ORIENTED_EDGE('',*,*,#4294,.F.);
#4412 = ORIENTED_EDGE('',*,*,#4413,.T.);
#4413 = EDGE_CURVE('',#4269,#4315,#4414,.T.);
#4414 = SURFACE_CURVE('',#4415,(#4420,#4427),.PCURVE_S1.);
#4415 = CIRCLE('',#4416,1.35);
#4416 = AXIS2_PLACEMENT_3D('',#4417,#4418,#4419);
#4417 = CARTESIAN_POINT('',(-15.,18.25,-2.8));
#4418 = DIRECTION('',(0.,0.,1.));
#4419 = DIRECTION('',(1.,0.,-0.));
#4420 = PCURVE('',#1736,#4421);
#4421 = DEFINITIONAL_REPRESENTATION('',(#4422),#4426);
#4422 = LINE('',#4423,#4424);
#4423 = CARTESIAN_POINT('',(0.,0.));
#4424 = VECTOR('',#4425,1.);
#4425 = DIRECTION('',(1.,0.));
#4426 = ( GEOMETRIC_REPRESENTATION_CONTEXT(2) 
PARAMETRIC_REPRESENTATION_CONTEXT() REPRESENTATION_CONTEXT('2D SPACE',''
  ) );
#4427 = PCURVE('',#4283,#4428);
#4428 = DEFINITIONAL_REPRESENTATION('',(#4429),#4433);
#4429 = CIRCLE('',#4430,1.35);
#4430 = AXIS2_PLACEMENT_2D('',#4431,#4432);
#4431 = CARTESIAN_POINT('',(0.,0.));
#4432 = DIRECTION('',(1.,0.));
#4433 = ( GEOMETRIC_REPRESENTATION_CONTEXT(2) 
PARAMETRIC_REPRESENTATION_CONTEXT() REPRESENTATION_CONTEXT('2D SPACE',''
  ) );
#4434 = ORIENTED_EDGE('',*,*,#4314,.T.);
#4435 = ADVANCED_FACE('',(#4436),#1769,.T.);
#4436 = FACE_BOUND('',#4437,.T.);
#4437 = EDGE_LOOP('',(#4438,#4461,#4462,#4483));
#4438 = ORIENTED_EDGE('',*,*,#4439,.T.);
#4439 = EDGE_CURVE('',#4440,#1753,#4442,.T.);
#4440 = VERTEX_POINT('',#4441);
#4441 = CARTESIAN_POINT('',(-13.65,18.25,-2.8));
#4442 = SURFACE_CURVE('',#4443,(#4447,#4454),.PCURVE_S1.);
#4443 = LINE('',#4444,#4445);
#4444 = CARTESIAN_POINT('',(-13.65,18.25,-2.8));
#4445 = VECTOR('',#4446,1.);
#4446 = DIRECTION('',(0.,0.,1.));
#4447 = PCURVE('',#1769,#4448);
#4448 = DEFINITIONAL_REPRESENTATION('',(#4449),#4453);
#4449 = LINE('',#4450,#4451);
#4450 = CARTESIAN_POINT('',(6.28318530718,-0.));
#4451 = VECTOR('',#4452,1.);
#4452 = DIRECTION('',(0.,1.));
#4453 = ( GEOMETRIC_REPRESENTATION_CONTEXT(2) 
PARAMETRIC_REPRESENTATION_CONTEXT() REPRESENTATION_CONTEXT('2D SPACE',''
  ) );
#4454 = PCURVE('',#1823,#4455);
#4455 = DEFINITIONAL_REPRESENTATION('',(#4456),#4460);
#4456 = LINE('',#4457,#4458);
#4457 = CARTESIAN_POINT('',(0.,-0.));
#4458 = VECTOR('',#4459,1.);
#4459 = DIRECTION('',(0.,1.));
#4460 = ( GEOMETRIC_REPRESENTATION_CONTEXT(2) 
PARAMETRIC_REPRESENTATION_CONTEXT() REPRESENTATION_CONTEXT('2D SPACE',''
  ) );
#4461 = ORIENTED_EDGE('',*,*,#1750,.F.);
#4462 = ORIENTED_EDGE('',*,*,#4463,.F.);
#4463 = EDGE_CURVE('',#4464,#1751,#4466,.T.);
#4464 = VERTEX_POINT('',#4465);
#4465 = CARTESIAN_POINT('',(-14.4,17.040661337755,-2.8));
#4466 = SURFACE_CURVE('',#4467,(#4471,#4477),.PCURVE_S1.);
#4467 = LINE('',#4468,#4469);
#4468 = CARTESIAN_POINT('',(-14.4,17.040661337755,-2.8));
#4469 = VECTOR('',#4470,1.);
#4470 = DIRECTION('',(0.,0.,1.));
#4471 = PCURVE('',#1769,#4472);
#4472 = DEFINITIONAL_REPRESENTATION('',(#4473),#4476);
#4473 = B_SPLINE_CURVE_WITH_KNOTS('',1,(#4474,#4475),.UNSPECIFIED.,.F.,
  .F.,(2,2),(-5.999999999062E-07,1.7000006),.PIECEWISE_BEZIER_KNOTS.);
#4474 = CARTESIAN_POINT('',(5.172942972066,-5.999999999062E-07));
#4475 = CARTESIAN_POINT('',(5.172942972066,1.7000006));
#4476 = ( GEOMETRIC_REPRESENTATION_CONTEXT(2) 
PARAMETRIC_REPRESENTATION_CONTEXT() REPRESENTATION_CONTEXT('2D SPACE',''
  ) );
#4477 = PCURVE('',#1797,#4478);
#4478 = DEFINITIONAL_REPRESENTATION('',(#4479),#4482);
#4479 = B_SPLINE_CURVE_WITH_KNOTS('',1,(#4480,#4481),.UNSPECIFIED.,.F.,
  .F.,(2,2),(-5.999999999062E-07,1.7000006),.PIECEWISE_BEZIER_KNOTS.);
#4480 = CARTESIAN_POINT('',(2.1999994,-2.190661337755));
#4481 = CARTESIAN_POINT('',(3.9000006,-2.190661337755));
#4482 = ( GEOMETRIC_REPRESENTATION_CONTEXT(2) 
PARAMETRIC_REPRESENTATION_CONTEXT() REPRESENTATION_CONTEXT('2D SPACE',''
  ) );
#4483 = ORIENTED_EDGE('',*,*,#4484,.T.);
#4484 = EDGE_CURVE('',#4464,#4440,#4485,.T.);
#4485 = SURFACE_CURVE('',#4486,(#4491,#4498),.PCURVE_S1.);
#4486 = CIRCLE('',#4487,1.35);
#4487 = AXIS2_PLACEMENT_3D('',#4488,#4489,#4490);
#4488 = CARTESIAN_POINT('',(-15.,18.25,-2.8));
#4489 = DIRECTION('',(0.,0.,1.));
#4490 = DIRECTION('',(1.,0.,-0.));
#4491 = PCURVE('',#1769,#4492);
#4492 = DEFINITIONAL_REPRESENTATION('',(#4493),#4497);
#4493 = LINE('',#4494,#4495);
#4494 = CARTESIAN_POINT('',(0.,0.));
#4495 = VECTOR('',#4496,1.);
#4496 = DIRECTION('',(1.,0.));
#4497 = ( GEOMETRIC_REPRESENTATION_CONTEXT(2) 
PARAMETRIC_REPRESENTATION_CONTEXT() REPRESENTATION_CONTEXT('2D SPACE',''
  ) );
#4498 = PCURVE('',#4499,#4504);
#4499 = PLANE('',#4500);
#4500 = AXIS2_PLACEMENT_3D('',#4501,#4502,#4503);
#4501 = CARTESIAN_POINT('',(-15.,18.25,-2.8));
#4502 = DIRECTION('',(0.,0.,1.));
#4503 = DIRECTION('',(1.,0.,-0.));
#4504 = DEFINITIONAL_REPRESENTATION('',(#4505),#4509);
#4505 = CIRCLE('',#4506,1.35);
#4506 = AXIS2_PLACEMENT_2D('',#4507,#4508);
#4507 = CARTESIAN_POINT('',(0.,0.));
#4508 = DIRECTION('',(1.,0.));
#4509 = ( GEOMETRIC_REPRESENTATION_CONTEXT(2) 
PARAMETRIC_REPRESENTATION_CONTEXT() REPRESENTATION_CONTEXT('2D SPACE',''
  ) );
#4510 = ADVANCED_FACE('',(#4511),#1823,.T.);
#4511 = FACE_BOUND('',#4512,.T.);
#4512 = EDGE_LOOP('',(#4513,#4514,#4515,#4539));
#4513 = ORIENTED_EDGE('',*,*,#1808,.F.);
#4514 = ORIENTED_EDGE('',*,*,#4439,.F.);
#4515 = ORIENTED_EDGE('',*,*,#4516,.T.);
#4516 = EDGE_CURVE('',#4440,#4517,#4519,.T.);
#4517 = VERTEX_POINT('',#4518);
#4518 = CARTESIAN_POINT('',(-14.4,19.459338662245,-2.8));
#4519 = SURFACE_CURVE('',#4520,(#4525,#4532),.PCURVE_S1.);
#4520 = CIRCLE('',#4521,1.35);
#4521 = AXIS2_PLACEMENT_3D('',#4522,#4523,#4524);
#4522 = CARTESIAN_POINT('',(-15.,18.25,-2.8));
#4523 = DIRECTION('',(0.,0.,1.));
#4524 = DIRECTION('',(1.,0.,-0.));
#4525 = PCURVE('',#1823,#4526);
#4526 = DEFINITIONAL_REPRESENTATION('',(#4527),#4531);
#4527 = LINE('',#4528,#4529);
#4528 = CARTESIAN_POINT('',(0.,0.));
#4529 = VECTOR('',#4530,1.);
#4530 = DIRECTION('',(1.,0.));
#4531 = ( GEOMETRIC_REPRESENTATION_CONTEXT(2) 
PARAMETRIC_REPRESENTATION_CONTEXT() REPRESENTATION_CONTEXT('2D SPACE',''
  ) );
#4532 = PCURVE('',#4499,#4533);
#4533 = DEFINITIONAL_REPRESENTATION('',(#4534),#4538);
#4534 = CIRCLE('',#4535,1.35);
#4535 = AXIS2_PLACEMENT_2D('',#4536,#4537);
#4536 = CARTESIAN_POINT('',(0.,0.));
#4537 = DIRECTION('',(1.,0.));
#4538 = ( GEOMETRIC_REPRESENTATION_CONTEXT(2) 
PARAMETRIC_REPRESENTATION_CONTEXT() REPRESENTATION_CONTEXT('2D SPACE',''
  ) );
#4539 = ORIENTED_EDGE('',*,*,#4540,.T.);
#4540 = EDGE_CURVE('',#4517,#1782,#4541,.T.);
#4541 = SURFACE_CURVE('',#4542,(#4546,#4552),.PCURVE_S1.);
#4542 = LINE('',#4543,#4544);
#4543 = CARTESIAN_POINT('',(-14.4,19.459338662245,-2.8));
#4544 = VECTOR('',#4545,1.);
#4545 = DIRECTION('',(0.,0.,1.));
#4546 = PCURVE('',#1823,#4547);
#4547 = DEFINITIONAL_REPRESENTATION('',(#4548),#4551);
#4548 = B_SPLINE_CURVE_WITH_KNOTS('',1,(#4549,#4550),.UNSPECIFIED.,.F.,
  .F.,(2,2),(-5.999999999062E-07,1.7000006),.PIECEWISE_BEZIER_KNOTS.);
#4549 = CARTESIAN_POINT('',(1.110242335114,-5.999999999062E-07));
#4550 = CARTESIAN_POINT('',(1.110242335114,1.7000006));
#4551 = ( GEOMETRIC_REPRESENTATION_CONTEXT(2) 
PARAMETRIC_REPRESENTATION_CONTEXT() REPRESENTATION_CONTEXT('2D SPACE',''
  ) );
#4552 = PCURVE('',#1797,#4553);
#4553 = DEFINITIONAL_REPRESENTATION('',(#4554),#4557);
#4554 = B_SPLINE_CURVE_WITH_KNOTS('',1,(#4555,#4556),.UNSPECIFIED.,.F.,
  .F.,(2,2),(-5.999999999062E-07,1.7000006),.PIECEWISE_BEZIER_KNOTS.);
#4555 = CARTESIAN_POINT('',(2.1999994,-4.609338662245));
#4556 = CARTESIAN_POINT('',(3.9000006,-4.609338662245));
#4557 = ( GEOMETRIC_REPRESENTATION_CONTEXT(2) 
PARAMETRIC_REPRESENTATION_CONTEXT() REPRESENTATION_CONTEXT('2D SPACE',''
  ) );
#4558 = ADVANCED_FACE('',(#4559),#1797,.F.);
#4559 = FACE_BOUND('',#4560,.F.);
#4560 = EDGE_LOOP('',(#4561,#4596,#4615,#4616,#4617,#4618,#4639,#4672));
#4561 = ORIENTED_EDGE('',*,*,#4562,.F.);
#4562 = EDGE_CURVE('',#4563,#4565,#4567,.T.);
#4563 = VERTEX_POINT('',#4564);
#4564 = CARTESIAN_POINT('',(-14.4,19.840597372059,-2.8));
#4565 = VERTEX_POINT('',#4566);
#4566 = CARTESIAN_POINT('',(-14.4,19.171954445729,-4.5));
#4567 = SURFACE_CURVE('',#4568,(#4573,#4580),.PCURVE_S1.);
#4568 = HYPERBOLA('',#4569,1.7,0.6);
#4569 = AXIS2_PLACEMENT_3D('',#4570,#4571,#4572);
#4570 = CARTESIAN_POINT('',(-14.4,18.25,-7.616666666667));
#4571 = DIRECTION('',(1.,0.,-0.));
#4572 = DIRECTION('',(0.,0.,1.));
#4573 = PCURVE('',#1797,#4574);
#4574 = DEFINITIONAL_REPRESENTATION('',(#4575),#4579);
#4575 = ( BOUNDED_CURVE() B_SPLINE_CURVE(2,(#4576,#4577,#4578),
.UNSPECIFIED.,.F.,.F.) B_SPLINE_CURVE_WITH_KNOTS((3,3),(-1.701894744115,
-1.214890214798),.PIECEWISE_BEZIER_KNOTS.) CURVE() 
GEOMETRIC_REPRESENTATION_ITEM() RATIONAL_B_SPLINE_CURVE((1.,
1.029793453849,1.)) REPRESENTATION_ITEM('') );
#4576 = CARTESIAN_POINT('',(2.2,-4.990597372059));
#4577 = CARTESIAN_POINT('',(1.123797108041,-4.584635595359));
#4578 = CARTESIAN_POINT('',(0.5,-4.321954445729));
#4579 = ( GEOMETRIC_REPRESENTATION_CONTEXT(2) 
PARAMETRIC_REPRESENTATION_CONTEXT() REPRESENTATION_CONTEXT('2D SPACE',''
  ) );
#4580 = PCURVE('',#4581,#4586);
#4581 = CONICAL_SURFACE('',#4582,1.1,0.339292614454);
#4582 = AXIS2_PLACEMENT_3D('',#4583,#4584,#4585);
#4583 = CARTESIAN_POINT('',(-15.,18.25,-4.5));
#4584 = DIRECTION('',(0.,0.,1.));
#4585 = DIRECTION('',(1.,0.,-0.));
#4586 = DEFINITIONAL_REPRESENTATION('',(#4587),#4595);
#4587 = B_SPLINE_CURVE_WITH_KNOTS('',6,(#4588,#4589,#4590,#4591,#4592,
    #4593,#4594),.UNSPECIFIED.,.F.,.F.,(7,7),(-1.701894744115,
    -1.214890214798),.PIECEWISE_BEZIER_KNOTS.);
#4588 = CARTESIAN_POINT('',(1.210083606431,1.7));
#4589 = CARTESIAN_POINT('',(1.181436281177,1.334203385646));
#4590 = CARTESIAN_POINT('',(1.150178272979,1.006486253617));
#4591 = CARTESIAN_POINT('',(1.116054308116,0.712510938374));
#4592 = CARTESIAN_POINT('',(1.078796970509,0.448691476638));
#4593 = CARTESIAN_POINT('',(1.038138120587,0.212025884589));
#4594 = CARTESIAN_POINT('',(0.993864981558,-2.717825964282E-15));
#4595 = ( GEOMETRIC_REPRESENTATION_CONTEXT(2) 
PARAMETRIC_REPRESENTATION_CONTEXT() REPRESENTATION_CONTEXT('2D SPACE',''
  ) );
#4596 = ORIENTED_EDGE('',*,*,#4597,.F.);
#4597 = EDGE_CURVE('',#4517,#4563,#4598,.T.);
#4598 = SURFACE_CURVE('',#4599,(#4603,#4609),.PCURVE_S1.);
#4599 = LINE('',#4600,#4601);
#4600 = CARTESIAN_POINT('',(-14.4,16.55,-2.8));
#4601 = VECTOR('',#4602,1.);
#4602 = DIRECTION('',(-0.,1.,0.));
#4603 = PCURVE('',#1797,#4604);
#4604 = DEFINITIONAL_REPRESENTATION('',(#4605),#4608);
#4605 = B_SPLINE_CURVE_WITH_KNOTS('',1,(#4606,#4607),.UNSPECIFIED.,.F.,
  .F.,(2,2),(-8.881784197001E-16,3.4),.PIECEWISE_BEZIER_KNOTS.);
#4606 = CARTESIAN_POINT('',(2.2,-1.7));
#4607 = CARTESIAN_POINT('',(2.2,-5.1));
#4608 = ( GEOMETRIC_REPRESENTATION_CONTEXT(2) 
PARAMETRIC_REPRESENTATION_CONTEXT() REPRESENTATION_CONTEXT('2D SPACE',''
  ) );
#4609 = PCURVE('',#4499,#4610);
#4610 = DEFINITIONAL_REPRESENTATION('',(#4611),#4614);
#4611 = B_SPLINE_CURVE_WITH_KNOTS('',1,(#4612,#4613),.UNSPECIFIED.,.F.,
  .F.,(2,2),(-8.881784197001E-16,3.4),.PIECEWISE_BEZIER_KNOTS.);
#4612 = CARTESIAN_POINT('',(0.6,-1.7));
#4613 = CARTESIAN_POINT('',(0.6,1.7));
#4614 = ( GEOMETRIC_REPRESENTATION_CONTEXT(2) 
PARAMETRIC_REPRESENTATION_CONTEXT() REPRESENTATION_CONTEXT('2D SPACE',''
  ) );
#4615 = ORIENTED_EDGE('',*,*,#4540,.T.);
#4616 = ORIENTED_EDGE('',*,*,#1781,.F.);
#4617 = ORIENTED_EDGE('',*,*,#4463,.F.);
#4618 = ORIENTED_EDGE('',*,*,#4619,.F.);
#4619 = EDGE_CURVE('',#4620,#4464,#4622,.T.);
#4620 = VERTEX_POINT('',#4621);
#4621 = CARTESIAN_POINT('',(-14.4,16.659402627941,-2.8));
#4622 = SURFACE_CURVE('',#4623,(#4627,#4633),.PCURVE_S1.);
#4623 = LINE('',#4624,#4625);
#4624 = CARTESIAN_POINT('',(-14.4,16.55,-2.8));
#4625 = VECTOR('',#4626,1.);
#4626 = DIRECTION('',(-0.,1.,0.));
#4627 = PCURVE('',#1797,#4628);
#4628 = DEFINITIONAL_REPRESENTATION('',(#4629),#4632);
#4629 = B_SPLINE_CURVE_WITH_KNOTS('',1,(#4630,#4631),.UNSPECIFIED.,.F.,
  .F.,(2,2),(-8.881784197001E-16,3.4),.PIECEWISE_BEZIER_KNOTS.);
#4630 = CARTESIAN_POINT('',(2.2,-1.7));
#4631 = CARTESIAN_POINT('',(2.2,-5.1));
#4632 = ( GEOMETRIC_REPRESENTATION_CONTEXT(2) 
PARAMETRIC_REPRESENTATION_CONTEXT() REPRESENTATION_CONTEXT('2D SPACE',''
  ) );
#4633 = PCURVE('',#4499,#4634);
#4634 = DEFINITIONAL_REPRESENTATION('',(#4635),#4638);
#4635 = B_SPLINE_CURVE_WITH_KNOTS('',1,(#4636,#4637),.UNSPECIFIED.,.F.,
  .F.,(2,2),(-8.881784197001E-16,3.4),.PIECEWISE_BEZIER_KNOTS.);
#4636 = CARTESIAN_POINT('',(0.6,-1.7));
#4637 = CARTESIAN_POINT('',(0.6,1.7));
#4638 = ( GEOMETRIC_REPRESENTATION_CONTEXT(2) 
PARAMETRIC_REPRESENTATION_CONTEXT() REPRESENTATION_CONTEXT('2D SPACE',''
  ) );
#4639 = ORIENTED_EDGE('',*,*,#4640,.F.);
#4640 = EDGE_CURVE('',#4641,#4620,#4643,.T.);
#4641 = VERTEX_POINT('',#4642);
#4642 = CARTESIAN_POINT('',(-14.4,17.328045554271,-4.5));
#4643 = SURFACE_CURVE('',#4644,(#4649,#4656),.PCURVE_S1.);
#4644 = HYPERBOLA('',#4645,1.7,0.6);
#4645 = AXIS2_PLACEMENT_3D('',#4646,#4647,#4648);
#4646 = CARTESIAN_POINT('',(-14.4,18.25,-7.616666666667));
#4647 = DIRECTION('',(1.,0.,-0.));
#4648 = DIRECTION('',(0.,0.,1.));
#4649 = PCURVE('',#1797,#4650);
#4650 = DEFINITIONAL_REPRESENTATION('',(#4651),#4655);
#4651 = ( BOUNDED_CURVE() B_SPLINE_CURVE(2,(#4652,#4653,#4654),
.UNSPECIFIED.,.F.,.F.) B_SPLINE_CURVE_WITH_KNOTS((3,3),(1.214890214798,
1.701894744115),.PIECEWISE_BEZIER_KNOTS.) CURVE() 
GEOMETRIC_REPRESENTATION_ITEM() RATIONAL_B_SPLINE_CURVE((1.,
1.029793453849,1.)) REPRESENTATION_ITEM('') );
#4652 = CARTESIAN_POINT('',(0.5,-2.478045554271));
#4653 = CARTESIAN_POINT('',(1.123797108041,-2.215364404641));
#4654 = CARTESIAN_POINT('',(2.2,-1.809402627941));
#4655 = ( GEOMETRIC_REPRESENTATION_CONTEXT(2) 
PARAMETRIC_REPRESENTATION_CONTEXT() REPRESENTATION_CONTEXT('2D SPACE',''
  ) );
#4656 = PCURVE('',#4657,#4662);
#4657 = CONICAL_SURFACE('',#4658,1.1,0.339292614454);
#4658 = AXIS2_PLACEMENT_3D('',#4659,#4660,#4661);
#4659 = CARTESIAN_POINT('',(-15.,18.25,-4.5));
#4660 = DIRECTION('',(0.,0.,1.));
#4661 = DIRECTION('',(1.,0.,-0.));
#4662 = DEFINITIONAL_REPRESENTATION('',(#4663),#4671);
#4663 = B_SPLINE_CURVE_WITH_KNOTS('',6,(#4664,#4665,#4666,#4667,#4668,
    #4669,#4670),.UNSPECIFIED.,.F.,.F.,(7,7),(1.214890214798,
    1.701894744115),.PIECEWISE_BEZIER_KNOTS.);
#4664 = CARTESIAN_POINT('',(5.289320325621,-2.717825964282E-15));
#4665 = CARTESIAN_POINT('',(5.245047186592,0.212025884589));
#4666 = CARTESIAN_POINT('',(5.204388336671,0.448691476638));
#4667 = CARTESIAN_POINT('',(5.167130999063,0.712510938374));
#4668 = CARTESIAN_POINT('',(5.1330070342,1.006486253617));
#4669 = CARTESIAN_POINT('',(5.101749026002,1.334203385646));
#4670 = CARTESIAN_POINT('',(5.073101700748,1.7));
#4671 = ( GEOMETRIC_REPRESENTATION_CONTEXT(2) 
PARAMETRIC_REPRESENTATION_CONTEXT() REPRESENTATION_CONTEXT('2D SPACE',''
  ) );
#4672 = ORIENTED_EDGE('',*,*,#4673,.T.);
#4673 = EDGE_CURVE('',#4641,#4565,#4674,.T.);
#4674 = SURFACE_CURVE('',#4675,(#4679,#4685),.PCURVE_S1.);
#4675 = LINE('',#4676,#4677);
#4676 = CARTESIAN_POINT('',(-14.4,16.55,-4.5));
#4677 = VECTOR('',#4678,1.);
#4678 = DIRECTION('',(-0.,1.,0.));
#4679 = PCURVE('',#1797,#4680);
#4680 = DEFINITIONAL_REPRESENTATION('',(#4681),#4684);
#4681 = B_SPLINE_CURVE_WITH_KNOTS('',1,(#4682,#4683),.UNSPECIFIED.,.F.,
  .F.,(2,2),(0.6,2.8),.PIECEWISE_BEZIER_KNOTS.);
#4682 = CARTESIAN_POINT('',(0.5,-2.3));
#4683 = CARTESIAN_POINT('',(0.5,-4.5));
#4684 = ( GEOMETRIC_REPRESENTATION_CONTEXT(2) 
PARAMETRIC_REPRESENTATION_CONTEXT() REPRESENTATION_CONTEXT('2D SPACE',''
  ) );
#4685 = PCURVE('',#4686,#4691);
#4686 = PLANE('',#4687);
#4687 = AXIS2_PLACEMENT_3D('',#4688,#4689,#4690);
#4688 = CARTESIAN_POINT('',(-15.,18.25,-4.5));
#4689 = DIRECTION('',(0.,0.,1.));
#4690 = DIRECTION('',(1.,0.,-0.));
#4691 = DEFINITIONAL_REPRESENTATION('',(#4692),#4695);
#4692 = B_SPLINE_CURVE_WITH_KNOTS('',1,(#4693,#4694),.UNSPECIFIED.,.F.,
  .F.,(2,2),(0.6,2.8),.PIECEWISE_BEZIER_KNOTS.);
#4693 = CARTESIAN_POINT('',(0.6,-1.1));
#4694 = CARTESIAN_POINT('',(0.6,1.1));
#4695 = ( GEOMETRIC_REPRESENTATION_CONTEXT(2) 
PARAMETRIC_REPRESENTATION_CONTEXT() REPRESENTATION_CONTEXT('2D SPACE',''
  ) );
#4696 = ADVANCED_FACE('',(#4697),#1856,.F.);
#4697 = FACE_BOUND('',#4698,.F.);
#4698 = EDGE_LOOP('',(#4699,#4700,#4721,#4747,#4773,#4799,#4825,#4844,
    #4845));
#4699 = ORIENTED_EDGE('',*,*,#1838,.F.);
#4700 = ORIENTED_EDGE('',*,*,#4701,.T.);
#4701 = EDGE_CURVE('',#1839,#4702,#4704,.T.);
#4702 = VERTEX_POINT('',#4703);
#4703 = CARTESIAN_POINT('',(17.95,-12.6,-5.6));
#4704 = SURFACE_CURVE('',#4705,(#4709,#4715),.PCURVE_S1.);
#4705 = LINE('',#4706,#4707);
#4706 = CARTESIAN_POINT('',(17.95,-12.8,-5.6));
#4707 = VECTOR('',#4708,1.);
#4708 = DIRECTION('',(-0.,1.,0.));
#4709 = PCURVE('',#1856,#4710);
#4710 = DEFINITIONAL_REPRESENTATION('',(#4711),#4714);
#4711 = B_SPLINE_CURVE_WITH_KNOTS('',1,(#4712,#4713),.UNSPECIFIED.,.F.,
  .F.,(2,2),(-0.2,0.2),.PIECEWISE_BEZIER_KNOTS.);
#4712 = CARTESIAN_POINT('',(1.,0.));
#4713 = CARTESIAN_POINT('',(1.,-0.4));
#4714 = ( GEOMETRIC_REPRESENTATION_CONTEXT(2) 
PARAMETRIC_REPRESENTATION_CONTEXT() REPRESENTATION_CONTEXT('2D SPACE',''
  ) );
#4715 = PCURVE('',#1883,#4716);
#4716 = DEFINITIONAL_REPRESENTATION('',(#4717),#4720);
#4717 = B_SPLINE_CURVE_WITH_KNOTS('',1,(#4718,#4719),.UNSPECIFIED.,.F.,
  .F.,(2,2),(-0.2,0.2),.PIECEWISE_BEZIER_KNOTS.);
#4718 = CARTESIAN_POINT('',(0.4,-0.4));
#4719 = CARTESIAN_POINT('',(0.4,0.));
#4720 = ( GEOMETRIC_REPRESENTATION_CONTEXT(2) 
PARAMETRIC_REPRESENTATION_CONTEXT() REPRESENTATION_CONTEXT('2D SPACE',''
  ) );
#4721 = ORIENTED_EDGE('',*,*,#4722,.T.);
#4722 = EDGE_CURVE('',#4702,#4723,#4725,.T.);
#4723 = VERTEX_POINT('',#4724);
#4724 = CARTESIAN_POINT('',(17.95,-9.626786250536,-5.6));
#4725 = SURFACE_CURVE('',#4726,(#4730,#4736),.PCURVE_S1.);
#4726 = LINE('',#4727,#4728);
#4727 = CARTESIAN_POINT('',(17.95,-12.8,-5.6));
#4728 = VECTOR('',#4729,1.);
#4729 = DIRECTION('',(-0.,1.,0.));
#4730 = PCURVE('',#1856,#4731);
#4731 = DEFINITIONAL_REPRESENTATION('',(#4732),#4735);
#4732 = B_SPLINE_CURVE_WITH_KNOTS('',1,(#4733,#4734),.UNSPECIFIED.,.F.,
  .F.,(2,2),(0.2,3.2),.PIECEWISE_BEZIER_KNOTS.);
#4733 = CARTESIAN_POINT('',(1.,-0.4));
#4734 = CARTESIAN_POINT('',(1.,-3.4));
#4735 = ( GEOMETRIC_REPRESENTATION_CONTEXT(2) 
PARAMETRIC_REPRESENTATION_CONTEXT() REPRESENTATION_CONTEXT('2D SPACE',''
  ) );
#4736 = PCURVE('',#4737,#4742);
#4737 = PLANE('',#4738);
#4738 = AXIS2_PLACEMENT_3D('',#4739,#4740,#4741);
#4739 = CARTESIAN_POINT('',(-20.55,-12.6,-5.6));
#4740 = DIRECTION('',(0.,0.,1.));
#4741 = DIRECTION('',(1.,0.,-0.));
#4742 = DEFINITIONAL_REPRESENTATION('',(#4743),#4746);
#4743 = B_SPLINE_CURVE_WITH_KNOTS('',1,(#4744,#4745),.UNSPECIFIED.,.F.,
  .F.,(2,2),(0.2,3.2),.PIECEWISE_BEZIER_KNOTS.);
#4744 = CARTESIAN_POINT('',(38.5,0.));
#4745 = CARTESIAN_POINT('',(38.5,3.));
#4746 = ( GEOMETRIC_REPRESENTATION_CONTEXT(2) 
PARAMETRIC_REPRESENTATION_CONTEXT() REPRESENTATION_CONTEXT('2D SPACE',''
  ) );
#4747 = ORIENTED_EDGE('',*,*,#4748,.T.);
#4748 = EDGE_CURVE('',#4723,#4749,#4751,.T.);
#4749 = VERTEX_POINT('',#4750);
#4750 = CARTESIAN_POINT('',(17.95,-2.455605831562,-5.6));
#4751 = SURFACE_CURVE('',#4752,(#4756,#4762),.PCURVE_S1.);
#4752 = LINE('',#4753,#4754);
#4753 = CARTESIAN_POINT('',(17.95,-12.8,-5.6));
#4754 = VECTOR('',#4755,1.);
#4755 = DIRECTION('',(-0.,1.,0.));
#4756 = PCURVE('',#1856,#4757);
#4757 = DEFINITIONAL_REPRESENTATION('',(#4758),#4761);
#4758 = B_SPLINE_CURVE_WITH_KNOTS('',1,(#4759,#4760),.UNSPECIFIED.,.F.,
  .F.,(2,2),(0.2,10.915855631858),.PIECEWISE_BEZIER_KNOTS.);
#4759 = CARTESIAN_POINT('',(1.,-0.4));
#4760 = CARTESIAN_POINT('',(1.,-11.11585563185));
#4761 = ( GEOMETRIC_REPRESENTATION_CONTEXT(2) 
PARAMETRIC_REPRESENTATION_CONTEXT() REPRESENTATION_CONTEXT('2D SPACE',''
  ) );
#4762 = PCURVE('',#4763,#4768);
#4763 = PLANE('',#4764);
#4764 = AXIS2_PLACEMENT_3D('',#4765,#4766,#4767);
#4765 = CARTESIAN_POINT('',(-20.55,-12.6,-5.6));
#4766 = DIRECTION('',(0.,0.,1.));
#4767 = DIRECTION('',(1.,0.,-0.));
#4768 = DEFINITIONAL_REPRESENTATION('',(#4769),#4772);
#4769 = B_SPLINE_CURVE_WITH_KNOTS('',1,(#4770,#4771),.UNSPECIFIED.,.F.,
  .F.,(2,2),(0.2,10.915855631858),.PIECEWISE_BEZIER_KNOTS.);
#4770 = CARTESIAN_POINT('',(38.5,0.));
#4771 = CARTESIAN_POINT('',(38.5,10.715855631858));
#4772 = ( GEOMETRIC_REPRESENTATION_CONTEXT(2) 
PARAMETRIC_REPRESENTATION_CONTEXT() REPRESENTATION_CONTEXT('2D SPACE',''
  ) );
#4773 = ORIENTED_EDGE('',*,*,#4774,.T.);
#4774 = EDGE_CURVE('',#4749,#4775,#4777,.T.);
#4775 = VERTEX_POINT('',#4776);
#4776 = CARTESIAN_POINT('',(17.95,2.455605831562,-5.6));
#4777 = SURFACE_CURVE('',#4778,(#4782,#4788),.PCURVE_S1.);
#4778 = LINE('',#4779,#4780);
#4779 = CARTESIAN_POINT('',(17.95,-12.8,-5.6));
#4780 = VECTOR('',#4781,1.);
#4781 = DIRECTION('',(-0.,1.,0.));
#4782 = PCURVE('',#1856,#4783);
#4783 = DEFINITIONAL_REPRESENTATION('',(#4784),#4787);
#4784 = B_SPLINE_CURVE_WITH_KNOTS('',1,(#4785,#4786),.UNSPECIFIED.,.F.,
  .F.,(2,2),(9.011860615025,16.588139384975),.PIECEWISE_BEZIER_KNOTS.);
#4785 = CARTESIAN_POINT('',(1.,-9.211860615025));
#4786 = CARTESIAN_POINT('',(1.,-16.78813938497));
#4787 = ( GEOMETRIC_REPRESENTATION_CONTEXT(2) 
PARAMETRIC_REPRESENTATION_CONTEXT() REPRESENTATION_CONTEXT('2D SPACE',''
  ) );
#4788 = PCURVE('',#4789,#4794);
#4789 = PLANE('',#4790);
#4790 = AXIS2_PLACEMENT_3D('',#4791,#4792,#4793);
#4791 = CARTESIAN_POINT('',(-20.55,-12.6,-5.6));
#4792 = DIRECTION('',(0.,0.,1.));
#4793 = DIRECTION('',(1.,0.,-0.));
#4794 = DEFINITIONAL_REPRESENTATION('',(#4795),#4798);
#4795 = B_SPLINE_CURVE_WITH_KNOTS('',1,(#4796,#4797),.UNSPECIFIED.,.F.,
  .F.,(2,2),(9.011860615025,16.588139384975),.PIECEWISE_BEZIER_KNOTS.);
#4796 = CARTESIAN_POINT('',(38.5,8.811860615025));
#4797 = CARTESIAN_POINT('',(38.5,16.388139384975));
#4798 = ( GEOMETRIC_REPRESENTATION_CONTEXT(2) 
PARAMETRIC_REPRESENTATION_CONTEXT() REPRESENTATION_CONTEXT('2D SPACE',''
  ) );
#4799 = ORIENTED_EDGE('',*,*,#4800,.T.);
#4800 = EDGE_CURVE('',#4775,#4801,#4803,.T.);
#4801 = VERTEX_POINT('',#4802);
#4802 = CARTESIAN_POINT('',(17.95,20.626786250536,-5.6));
#4803 = SURFACE_CURVE('',#4804,(#4808,#4814),.PCURVE_S1.);
#4804 = LINE('',#4805,#4806);
#4805 = CARTESIAN_POINT('',(17.95,-12.8,-5.6));
#4806 = VECTOR('',#4807,1.);
#4807 = DIRECTION('',(-0.,1.,0.));
#4808 = PCURVE('',#1856,#4809);
#4809 = DEFINITIONAL_REPRESENTATION('',(#4810),#4813);
#4810 = B_SPLINE_CURVE_WITH_KNOTS('',1,(#4811,#4812),.UNSPECIFIED.,.F.,
  .F.,(2,2),(14.684144368142,33.8),.PIECEWISE_BEZIER_KNOTS.);
#4811 = CARTESIAN_POINT('',(1.,-14.88414436814));
#4812 = CARTESIAN_POINT('',(1.,-34.));
#4813 = ( GEOMETRIC_REPRESENTATION_CONTEXT(2) 
PARAMETRIC_REPRESENTATION_CONTEXT() REPRESENTATION_CONTEXT('2D SPACE',''
  ) );
#4814 = PCURVE('',#4815,#4820);
#4815 = PLANE('',#4816);
#4816 = AXIS2_PLACEMENT_3D('',#4817,#4818,#4819);
#4817 = CARTESIAN_POINT('',(-20.55,-12.6,-5.6));
#4818 = DIRECTION('',(0.,0.,1.));
#4819 = DIRECTION('',(1.,0.,-0.));
#4820 = DEFINITIONAL_REPRESENTATION('',(#4821),#4824);
#4821 = B_SPLINE_CURVE_WITH_KNOTS('',1,(#4822,#4823),.UNSPECIFIED.,.F.,
  .F.,(2,2),(14.684144368142,33.8),.PIECEWISE_BEZIER_KNOTS.);
#4822 = CARTESIAN_POINT('',(38.5,14.484144368142));
#4823 = CARTESIAN_POINT('',(38.5,33.6));
#4824 = ( GEOMETRIC_REPRESENTATION_CONTEXT(2) 
PARAMETRIC_REPRESENTATION_CONTEXT() REPRESENTATION_CONTEXT('2D SPACE',''
  ) );
#4825 = ORIENTED_EDGE('',*,*,#4826,.T.);
#4826 = EDGE_CURVE('',#4801,#3378,#4827,.T.);
#4827 = SURFACE_CURVE('',#4828,(#4832,#4838),.PCURVE_S1.);
#4828 = LINE('',#4829,#4830);
#4829 = CARTESIAN_POINT('',(17.95,-12.8,-5.6));
#4830 = VECTOR('',#4831,1.);
#4831 = DIRECTION('',(-0.,1.,0.));
#4832 = PCURVE('',#1856,#4833);
#4833 = DEFINITIONAL_REPRESENTATION('',(#4834),#4837);
#4834 = B_SPLINE_CURVE_WITH_KNOTS('',1,(#4835,#4836),.UNSPECIFIED.,.F.,
  .F.,(2,2),(33.4,33.8),.PIECEWISE_BEZIER_KNOTS.);
#4835 = CARTESIAN_POINT('',(1.,-33.6));
#4836 = CARTESIAN_POINT('',(1.,-34.));
#4837 = ( GEOMETRIC_REPRESENTATION_CONTEXT(2) 
PARAMETRIC_REPRESENTATION_CONTEXT() REPRESENTATION_CONTEXT('2D SPACE',''
  ) );
#4838 = PCURVE('',#3415,#4839);
#4839 = DEFINITIONAL_REPRESENTATION('',(#4840),#4843);
#4840 = B_SPLINE_CURVE_WITH_KNOTS('',1,(#4841,#4842),.UNSPECIFIED.,.F.,
  .F.,(2,2),(33.4,33.8),.PIECEWISE_BEZIER_KNOTS.);
#4841 = CARTESIAN_POINT('',(38.5,33.2));
#4842 = CARTESIAN_POINT('',(38.5,33.6));
#4843 = ( GEOMETRIC_REPRESENTATION_CONTEXT(2) 
PARAMETRIC_REPRESENTATION_CONTEXT() REPRESENTATION_CONTEXT('2D SPACE',''
  ) );
#4844 = ORIENTED_EDGE('',*,*,#3377,.T.);
#4845 = ORIENTED_EDGE('',*,*,#2408,.F.);
#4846 = ADVANCED_FACE('',(#4847),#1909,.F.);
#4847 = FACE_BOUND('',#4848,.F.);
#4848 = EDGE_LOOP('',(#4849,#4850,#4851));
#4849 = ORIENTED_EDGE('',*,*,#1894,.T.);
#4850 = ORIENTED_EDGE('',*,*,#2784,.T.);
#4851 = ORIENTED_EDGE('',*,*,#4852,.T.);
#4852 = EDGE_CURVE('',#944,#1869,#4853,.T.);
#4853 = SURFACE_CURVE('',#4854,(#4858,#4865),.PCURVE_S1.);
#4854 = LINE('',#4855,#4856);
#4855 = CARTESIAN_POINT('',(17.55,-15.6,-5.6));
#4856 = VECTOR('',#4857,1.);
#4857 = DIRECTION('',(-0.,1.,0.));
#4858 = PCURVE('',#1909,#4859);
#4859 = DEFINITIONAL_REPRESENTATION('',(#4860),#4864);
#4860 = LINE('',#4861,#4862);
#4861 = CARTESIAN_POINT('',(35.1,0.));
#4862 = VECTOR('',#4863,1.);
#4863 = DIRECTION('',(0.,1.));
#4864 = ( GEOMETRIC_REPRESENTATION_CONTEXT(2) 
PARAMETRIC_REPRESENTATION_CONTEXT() REPRESENTATION_CONTEXT('2D SPACE',''
  ) );
#4865 = PCURVE('',#1883,#4866);
#4866 = DEFINITIONAL_REPRESENTATION('',(#4867),#4871);
#4867 = LINE('',#4868,#4869);
#4868 = CARTESIAN_POINT('',(0.,-3.));
#4869 = VECTOR('',#4870,1.);
#4870 = DIRECTION('',(0.,1.));
#4871 = ( GEOMETRIC_REPRESENTATION_CONTEXT(2) 
PARAMETRIC_REPRESENTATION_CONTEXT() REPRESENTATION_CONTEXT('2D SPACE',''
  ) );
#4872 = ADVANCED_FACE('',(#4873),#1883,.F.);
#4873 = FACE_BOUND('',#4874,.F.);
#4874 = EDGE_LOOP('',(#4875,#4876,#4877,#4898,#4899));
#4875 = ORIENTED_EDGE('',*,*,#4852,.F.);
#4876 = ORIENTED_EDGE('',*,*,#2812,.T.);
#4877 = ORIENTED_EDGE('',*,*,#4878,.F.);
#4878 = EDGE_CURVE('',#4702,#2813,#4879,.T.);
#4879 = SURFACE_CURVE('',#4880,(#4884,#4891),.PCURVE_S1.);
#4880 = LINE('',#4881,#4882);
#4881 = CARTESIAN_POINT('',(-20.55,-12.6,-5.6));
#4882 = VECTOR('',#4883,1.);
#4883 = DIRECTION('',(1.,0.,-0.));
#4884 = PCURVE('',#1883,#4885);
#4885 = DEFINITIONAL_REPRESENTATION('',(#4886),#4890);
#4886 = LINE('',#4887,#4888);
#4887 = CARTESIAN_POINT('',(-38.1,0.));
#4888 = VECTOR('',#4889,1.);
#4889 = DIRECTION('',(1.,0.));
#4890 = ( GEOMETRIC_REPRESENTATION_CONTEXT(2) 
PARAMETRIC_REPRESENTATION_CONTEXT() REPRESENTATION_CONTEXT('2D SPACE',''
  ) );
#4891 = PCURVE('',#4737,#4892);
#4892 = DEFINITIONAL_REPRESENTATION('',(#4893),#4897);
#4893 = LINE('',#4894,#4895);
#4894 = CARTESIAN_POINT('',(0.,0.));
#4895 = VECTOR('',#4896,1.);
#4896 = DIRECTION('',(1.,0.));
#4897 = ( GEOMETRIC_REPRESENTATION_CONTEXT(2) 
PARAMETRIC_REPRESENTATION_CONTEXT() REPRESENTATION_CONTEXT('2D SPACE',''
  ) );
#4898 = ORIENTED_EDGE('',*,*,#4701,.F.);
#4899 = ORIENTED_EDGE('',*,*,#1868,.T.);
#4900 = ADVANCED_FACE('',(#4901),#2024,.F.);
#4901 = FACE_BOUND('',#4902,.F.);
#4902 = EDGE_LOOP('',(#4903,#4904,#4905,#4928,#4956,#4977));
#4903 = ORIENTED_EDGE('',*,*,#2008,.F.);
#4904 = ORIENTED_EDGE('',*,*,#2245,.T.);
#4905 = ORIENTED_EDGE('',*,*,#4906,.T.);
#4906 = EDGE_CURVE('',#2218,#4907,#4909,.T.);
#4907 = VERTEX_POINT('',#4908);
#4908 = CARTESIAN_POINT('',(17.55,14.25,0.));
#4909 = SURFACE_CURVE('',#4910,(#4914,#4921),.PCURVE_S1.);
#4910 = LINE('',#4911,#4912);
#4911 = CARTESIAN_POINT('',(17.55,14.25,-1.1));
#4912 = VECTOR('',#4913,1.);
#4913 = DIRECTION('',(0.,0.,1.));
#4914 = PCURVE('',#2024,#4915);
#4915 = DEFINITIONAL_REPRESENTATION('',(#4916),#4920);
#4916 = LINE('',#4917,#4918);
#4917 = CARTESIAN_POINT('',(0.,-23.6));
#4918 = VECTOR('',#4919,1.);
#4919 = DIRECTION('',(1.,0.));
#4920 = ( GEOMETRIC_REPRESENTATION_CONTEXT(2) 
PARAMETRIC_REPRESENTATION_CONTEXT() REPRESENTATION_CONTEXT('2D SPACE',''
  ) );
#4921 = PCURVE('',#2233,#4922);
#4922 = DEFINITIONAL_REPRESENTATION('',(#4923),#4927);
#4923 = LINE('',#4924,#4925);
#4924 = CARTESIAN_POINT('',(0.,35.1));
#4925 = VECTOR('',#4926,1.);
#4926 = DIRECTION('',(1.,0.));
#4927 = ( GEOMETRIC_REPRESENTATION_CONTEXT(2) 
PARAMETRIC_REPRESENTATION_CONTEXT() REPRESENTATION_CONTEXT('2D SPACE',''
  ) );
#4928 = ORIENTED_EDGE('',*,*,#4929,.F.);
#4929 = EDGE_CURVE('',#4930,#4907,#4932,.T.);
#4930 = VERTEX_POINT('',#4931);
#4931 = CARTESIAN_POINT('',(17.55,1.884144368142,0.));
#4932 = SURFACE_CURVE('',#4933,(#4937,#4944),.PCURVE_S1.);
#4933 = LINE('',#4934,#4935);
#4934 = CARTESIAN_POINT('',(17.55,-15.6,0.));
#4935 = VECTOR('',#4936,1.);
#4936 = DIRECTION('',(-0.,1.,0.));
#4937 = PCURVE('',#2024,#4938);
#4938 = DEFINITIONAL_REPRESENTATION('',(#4939),#4943);
#4939 = LINE('',#4940,#4941);
#4940 = CARTESIAN_POINT('',(1.1,6.25));
#4941 = VECTOR('',#4942,1.);
#4942 = DIRECTION('',(0.,-1.));
#4943 = ( GEOMETRIC_REPRESENTATION_CONTEXT(2) 
PARAMETRIC_REPRESENTATION_CONTEXT() REPRESENTATION_CONTEXT('2D SPACE',''
  ) );
#4944 = PCURVE('',#4945,#4950);
#4945 = PLANE('',#4946);
#4946 = AXIS2_PLACEMENT_3D('',#4947,#4948,#4949);
#4947 = CARTESIAN_POINT('',(-20.55,-12.6,0.));
#4948 = DIRECTION('',(0.,0.,1.));
#4949 = DIRECTION('',(1.,0.,-0.));
#4950 = DEFINITIONAL_REPRESENTATION('',(#4951),#4955);
#4951 = LINE('',#4952,#4953);
#4952 = CARTESIAN_POINT('',(38.1,-3.));
#4953 = VECTOR('',#4954,1.);
#4954 = DIRECTION('',(0.,1.));
#4955 = ( GEOMETRIC_REPRESENTATION_CONTEXT(2) 
PARAMETRIC_REPRESENTATION_CONTEXT() REPRESENTATION_CONTEXT('2D SPACE',''
  ) );
#4956 = ORIENTED_EDGE('',*,*,#4957,.F.);
#4957 = EDGE_CURVE('',#2635,#4930,#4958,.T.);
#4958 = SURFACE_CURVE('',#4959,(#4963,#4970),.PCURVE_S1.);
#4959 = LINE('',#4960,#4961);
#4960 = CARTESIAN_POINT('',(17.55,-15.6,0.));
#4961 = VECTOR('',#4962,1.);
#4962 = DIRECTION('',(-0.,1.,0.));
#4963 = PCURVE('',#2024,#4964);
#4964 = DEFINITIONAL_REPRESENTATION('',(#4965),#4969);
#4965 = LINE('',#4966,#4967);
#4966 = CARTESIAN_POINT('',(1.1,6.25));
#4967 = VECTOR('',#4968,1.);
#4968 = DIRECTION('',(0.,-1.));
#4969 = ( GEOMETRIC_REPRESENTATION_CONTEXT(2) 
PARAMETRIC_REPRESENTATION_CONTEXT() REPRESENTATION_CONTEXT('2D SPACE',''
  ) );
#4970 = PCURVE('',#2651,#4971);
#4971 = DEFINITIONAL_REPRESENTATION('',(#4972),#4976);
#4972 = LINE('',#4973,#4974);
#4973 = CARTESIAN_POINT('',(38.1,-3.));
#4974 = VECTOR('',#4975,1.);
#4975 = DIRECTION('',(0.,1.));
#4976 = ( GEOMETRIC_REPRESENTATION_CONTEXT(2) 
PARAMETRIC_REPRESENTATION_CONTEXT() REPRESENTATION_CONTEXT('2D SPACE',''
  ) );
#4977 = ORIENTED_EDGE('',*,*,#2663,.F.);
#4978 = ADVANCED_FACE('',(#4979),#2126,.T.);
#4979 = FACE_BOUND('',#4980,.T.);
#4980 = EDGE_LOOP('',(#4981,#4982,#5003));
#4981 = ORIENTED_EDGE('',*,*,#2110,.T.);
#4982 = ORIENTED_EDGE('',*,*,#4983,.T.);
#4983 = EDGE_CURVE('',#2088,#4984,#4986,.T.);
#4984 = VERTEX_POINT('',#4985);
#4985 = CARTESIAN_POINT('',(14.4,-9.040661337755,-1.1));
#4986 = SURFACE_CURVE('',#4987,(#4991,#4997),.PCURVE_S1.);
#4987 = LINE('',#4988,#4989);
#4988 = CARTESIAN_POINT('',(14.4,-11.95,-1.1));
#4989 = VECTOR('',#4990,1.);
#4990 = DIRECTION('',(-0.,1.,0.));
#4991 = PCURVE('',#2126,#4992);
#4992 = DEFINITIONAL_REPRESENTATION('',(#4993),#4996);
#4993 = B_SPLINE_CURVE_WITH_KNOTS('',1,(#4994,#4995),.UNSPECIFIED.,.F.,
  .F.,(2,2),(0.35,3.05),.PIECEWISE_BEZIER_KNOTS.);
#4994 = CARTESIAN_POINT('',(-0.6,-1.35));
#4995 = CARTESIAN_POINT('',(-0.6,1.35));
#4996 = ( GEOMETRIC_REPRESENTATION_CONTEXT(2) 
PARAMETRIC_REPRESENTATION_CONTEXT() REPRESENTATION_CONTEXT('2D SPACE',''
  ) );
#4997 = PCURVE('',#2367,#4998);
#4998 = DEFINITIONAL_REPRESENTATION('',(#4999),#5002);
#4999 = B_SPLINE_CURVE_WITH_KNOTS('',1,(#5000,#5001),.UNSPECIFIED.,.F.,
  .F.,(2,2),(0.35,3.05),.PIECEWISE_BEZIER_KNOTS.);
#5000 = CARTESIAN_POINT('',(3.9,-2.05));
#5001 = CARTESIAN_POINT('',(3.9,-4.75));
#5002 = ( GEOMETRIC_REPRESENTATION_CONTEXT(2) 
PARAMETRIC_REPRESENTATION_CONTEXT() REPRESENTATION_CONTEXT('2D SPACE',''
  ) );
#5003 = ORIENTED_EDGE('',*,*,#5004,.T.);
#5004 = EDGE_CURVE('',#4984,#2111,#5005,.T.);
#5005 = SURFACE_CURVE('',#5006,(#5011,#5018),.PCURVE_S1.);
#5006 = CIRCLE('',#5007,1.35);
#5007 = AXIS2_PLACEMENT_3D('',#5008,#5009,#5010);
#5008 = CARTESIAN_POINT('',(15.,-10.25,-1.1));
#5009 = DIRECTION('',(0.,0.,1.));
#5010 = DIRECTION('',(1.,0.,-0.));
#5011 = PCURVE('',#2126,#5012);
#5012 = DEFINITIONAL_REPRESENTATION('',(#5013),#5017);
#5013 = CIRCLE('',#5014,1.35);
#5014 = AXIS2_PLACEMENT_2D('',#5015,#5016);
#5015 = CARTESIAN_POINT('',(0.,0.));
#5016 = DIRECTION('',(1.,0.));
#5017 = ( GEOMETRIC_REPRESENTATION_CONTEXT(2) 
PARAMETRIC_REPRESENTATION_CONTEXT() REPRESENTATION_CONTEXT('2D SPACE',''
  ) );
#5018 = PCURVE('',#2393,#5019);
#5019 = DEFINITIONAL_REPRESENTATION('',(#5020),#5024);
#5020 = LINE('',#5021,#5022);
#5021 = CARTESIAN_POINT('',(0.,1.7));
#5022 = VECTOR('',#5023,1.);
#5023 = DIRECTION('',(1.,0.));
#5024 = ( GEOMETRIC_REPRESENTATION_CONTEXT(2) 
PARAMETRIC_REPRESENTATION_CONTEXT() REPRESENTATION_CONTEXT('2D SPACE',''
  ) );
#5025 = ADVANCED_FACE('',(#5026),#2075,.T.);
#5026 = FACE_BOUND('',#5027,.T.);
#5027 = EDGE_LOOP('',(#5028,#5049,#5050));
#5028 = ORIENTED_EDGE('',*,*,#5029,.F.);
#5029 = EDGE_CURVE('',#2060,#5030,#5032,.T.);
#5030 = VERTEX_POINT('',#5031);
#5031 = CARTESIAN_POINT('',(15.6,-9.040661337755,-1.1));
#5032 = SURFACE_CURVE('',#5033,(#5037,#5043),.PCURVE_S1.);
#5033 = LINE('',#5034,#5035);
#5034 = CARTESIAN_POINT('',(15.6,-11.95,-1.1));
#5035 = VECTOR('',#5036,1.);
#5036 = DIRECTION('',(-0.,1.,0.));
#5037 = PCURVE('',#2075,#5038);
#5038 = DEFINITIONAL_REPRESENTATION('',(#5039),#5042);
#5039 = B_SPLINE_CURVE_WITH_KNOTS('',1,(#5040,#5041),.UNSPECIFIED.,.F.,
  .F.,(2,2),(0.35,3.05),.PIECEWISE_BEZIER_KNOTS.);
#5040 = CARTESIAN_POINT('',(0.6,-1.35));
#5041 = CARTESIAN_POINT('',(0.6,1.35));
#5042 = ( GEOMETRIC_REPRESENTATION_CONTEXT(2) 
PARAMETRIC_REPRESENTATION_CONTEXT() REPRESENTATION_CONTEXT('2D SPACE',''
  ) );
#5043 = PCURVE('',#2339,#5044);
#5044 = DEFINITIONAL_REPRESENTATION('',(#5045),#5048);
#5045 = B_SPLINE_CURVE_WITH_KNOTS('',1,(#5046,#5047),.UNSPECIFIED.,.F.,
  .F.,(2,2),(0.35,3.05),.PIECEWISE_BEZIER_KNOTS.);
#5046 = CARTESIAN_POINT('',(3.9,-2.05));
#5047 = CARTESIAN_POINT('',(3.9,-4.75));
#5048 = ( GEOMETRIC_REPRESENTATION_CONTEXT(2) 
PARAMETRIC_REPRESENTATION_CONTEXT() REPRESENTATION_CONTEXT('2D SPACE',''
  ) );
#5049 = ORIENTED_EDGE('',*,*,#2059,.T.);
#5050 = ORIENTED_EDGE('',*,*,#5051,.T.);
#5051 = EDGE_CURVE('',#2037,#5030,#5052,.T.);
#5052 = SURFACE_CURVE('',#5053,(#5058,#5065),.PCURVE_S1.);
#5053 = CIRCLE('',#5054,1.35);
#5054 = AXIS2_PLACEMENT_3D('',#5055,#5056,#5057);
#5055 = CARTESIAN_POINT('',(15.,-10.25,-1.1));
#5056 = DIRECTION('',(0.,0.,1.));
#5057 = DIRECTION('',(1.,0.,-0.));
#5058 = PCURVE('',#2075,#5059);
#5059 = DEFINITIONAL_REPRESENTATION('',(#5060),#5064);
#5060 = CIRCLE('',#5061,1.35);
#5061 = AXIS2_PLACEMENT_2D('',#5062,#5063);
#5062 = CARTESIAN_POINT('',(0.,0.));
#5063 = DIRECTION('',(1.,0.));
#5064 = ( GEOMETRIC_REPRESENTATION_CONTEXT(2) 
PARAMETRIC_REPRESENTATION_CONTEXT() REPRESENTATION_CONTEXT('2D SPACE',''
  ) );
#5065 = PCURVE('',#2284,#5066);
#5066 = DEFINITIONAL_REPRESENTATION('',(#5067),#5071);
#5067 = LINE('',#5068,#5069);
#5068 = CARTESIAN_POINT('',(0.,1.7));
#5069 = VECTOR('',#5070,1.);
#5070 = DIRECTION('',(1.,0.));
#5071 = ( GEOMETRIC_REPRESENTATION_CONTEXT(2) 
PARAMETRIC_REPRESENTATION_CONTEXT() REPRESENTATION_CONTEXT('2D SPACE',''
  ) );
#5072 = ADVANCED_FACE('',(#5073),#2205,.F.);
#5073 = FACE_BOUND('',#5074,.F.);
#5074 = EDGE_LOOP('',(#5075,#5096,#5097,#5120));
#5075 = ORIENTED_EDGE('',*,*,#5076,.T.);
#5076 = EDGE_CURVE('',#5077,#2190,#5079,.T.);
#5077 = VERTEX_POINT('',#5078);
#5078 = CARTESIAN_POINT('',(7.5,14.25,0.));
#5079 = SURFACE_CURVE('',#5080,(#5084,#5090),.PCURVE_S1.);
#5080 = LINE('',#5081,#5082);
#5081 = CARTESIAN_POINT('',(7.5,14.25,-1.1));
#5082 = VECTOR('',#5083,1.);
#5083 = DIRECTION('',(-0.,0.,-1.));
#5084 = PCURVE('',#2205,#5085);
#5085 = DEFINITIONAL_REPRESENTATION('',(#5086),#5089);
#5086 = B_SPLINE_CURVE_WITH_KNOTS('',1,(#5087,#5088),.UNSPECIFIED.,.F.,
  .F.,(2,2),(-1.1,0.),.PIECEWISE_BEZIER_KNOTS.);
#5087 = CARTESIAN_POINT('',(1.1,-27.25));
#5088 = CARTESIAN_POINT('',(0.,-27.25));
#5089 = ( GEOMETRIC_REPRESENTATION_CONTEXT(2) 
PARAMETRIC_REPRESENTATION_CONTEXT() REPRESENTATION_CONTEXT('2D SPACE',''
  ) );
#5090 = PCURVE('',#2233,#5091);
#5091 = DEFINITIONAL_REPRESENTATION('',(#5092),#5095);
#5092 = B_SPLINE_CURVE_WITH_KNOTS('',1,(#5093,#5094),.UNSPECIFIED.,.F.,
  .F.,(2,2),(-1.1,0.),.PIECEWISE_BEZIER_KNOTS.);
#5093 = CARTESIAN_POINT('',(1.1,25.05));
#5094 = CARTESIAN_POINT('',(0.,25.05));
#5095 = ( GEOMETRIC_REPRESENTATION_CONTEXT(2) 
PARAMETRIC_REPRESENTATION_CONTEXT() REPRESENTATION_CONTEXT('2D SPACE',''
  ) );
#5096 = ORIENTED_EDGE('',*,*,#2189,.T.);
#5097 = ORIENTED_EDGE('',*,*,#5098,.T.);
#5098 = EDGE_CURVE('',#2165,#5099,#5101,.T.);
#5099 = VERTEX_POINT('',#5100);
#5100 = CARTESIAN_POINT('',(7.5,21.,0.));
#5101 = SURFACE_CURVE('',#5102,(#5106,#5113),.PCURVE_S1.);
#5102 = LINE('',#5103,#5104);
#5103 = CARTESIAN_POINT('',(7.5,21.,-1.1));
#5104 = VECTOR('',#5105,1.);
#5105 = DIRECTION('',(0.,0.,1.));
#5106 = PCURVE('',#2205,#5107);
#5107 = DEFINITIONAL_REPRESENTATION('',(#5108),#5112);
#5108 = LINE('',#5109,#5110);
#5109 = CARTESIAN_POINT('',(0.,-34.));
#5110 = VECTOR('',#5111,1.);
#5111 = DIRECTION('',(1.,0.));
#5112 = ( GEOMETRIC_REPRESENTATION_CONTEXT(2) 
PARAMETRIC_REPRESENTATION_CONTEXT() REPRESENTATION_CONTEXT('2D SPACE',''
  ) );
#5113 = PCURVE('',#3649,#5114);
#5114 = DEFINITIONAL_REPRESENTATION('',(#5115),#5119);
#5115 = LINE('',#5116,#5117);
#5116 = CARTESIAN_POINT('',(0.,14.));
#5117 = VECTOR('',#5118,1.);
#5118 = DIRECTION('',(1.,0.));
#5119 = ( GEOMETRIC_REPRESENTATION_CONTEXT(2) 
PARAMETRIC_REPRESENTATION_CONTEXT() REPRESENTATION_CONTEXT('2D SPACE',''
  ) );
#5120 = ORIENTED_EDGE('',*,*,#5121,.F.);
#5121 = EDGE_CURVE('',#5077,#5099,#5122,.T.);
#5122 = SURFACE_CURVE('',#5123,(#5127,#5133),.PCURVE_S1.);
#5123 = LINE('',#5124,#5125);
#5124 = CARTESIAN_POINT('',(7.5,-14.3,0.));
#5125 = VECTOR('',#5126,1.);
#5126 = DIRECTION('',(-0.,1.,0.));
#5127 = PCURVE('',#2205,#5128);
#5128 = DEFINITIONAL_REPRESENTATION('',(#5129),#5132);
#5129 = B_SPLINE_CURVE_WITH_KNOTS('',1,(#5130,#5131),.UNSPECIFIED.,.F.,
  .F.,(2,2),(28.55,35.3),.PIECEWISE_BEZIER_KNOTS.);
#5130 = CARTESIAN_POINT('',(1.1,-27.25));
#5131 = CARTESIAN_POINT('',(1.1,-34.));
#5132 = ( GEOMETRIC_REPRESENTATION_CONTEXT(2) 
PARAMETRIC_REPRESENTATION_CONTEXT() REPRESENTATION_CONTEXT('2D SPACE',''
  ) );
#5133 = PCURVE('',#3723,#5134);
#5134 = DEFINITIONAL_REPRESENTATION('',(#5135),#5138);
#5135 = B_SPLINE_CURVE_WITH_KNOTS('',1,(#5136,#5137),.UNSPECIFIED.,.F.,
  .F.,(2,2),(28.55,35.3),.PIECEWISE_BEZIER_KNOTS.);
#5136 = CARTESIAN_POINT('',(25.05,29.85));
#5137 = CARTESIAN_POINT('',(25.05,36.6));
#5138 = ( GEOMETRIC_REPRESENTATION_CONTEXT(2) 
PARAMETRIC_REPRESENTATION_CONTEXT() REPRESENTATION_CONTEXT('2D SPACE',''
  ) );
#5139 = ADVANCED_FACE('',(#5140),#2233,.F.);
#5140 = FACE_BOUND('',#5141,.F.);
#5141 = EDGE_LOOP('',(#5142,#5143,#5144,#5145));
#5142 = ORIENTED_EDGE('',*,*,#4906,.F.);
#5143 = ORIENTED_EDGE('',*,*,#2217,.F.);
#5144 = ORIENTED_EDGE('',*,*,#5076,.F.);
#5145 = ORIENTED_EDGE('',*,*,#5146,.F.);
#5146 = EDGE_CURVE('',#4907,#5077,#5147,.T.);
#5147 = SURFACE_CURVE('',#5148,(#5152,#5158),.PCURVE_S1.);
#5148 = LINE('',#5149,#5150);
#5149 = CARTESIAN_POINT('',(-17.55,14.25,0.));
#5150 = VECTOR('',#5151,1.);
#5151 = DIRECTION('',(-1.,-0.,0.));
#5152 = PCURVE('',#2233,#5153);
#5153 = DEFINITIONAL_REPRESENTATION('',(#5154),#5157);
#5154 = B_SPLINE_CURVE_WITH_KNOTS('',1,(#5155,#5156),.UNSPECIFIED.,.F.,
  .F.,(2,2),(-35.1,0.),.PIECEWISE_BEZIER_KNOTS.);
#5155 = CARTESIAN_POINT('',(1.1,35.1));
#5156 = CARTESIAN_POINT('',(1.1,0.));
#5157 = ( GEOMETRIC_REPRESENTATION_CONTEXT(2) 
PARAMETRIC_REPRESENTATION_CONTEXT() REPRESENTATION_CONTEXT('2D SPACE',''
  ) );
#5158 = PCURVE('',#3723,#5159);
#5159 = DEFINITIONAL_REPRESENTATION('',(#5160),#5163);
#5160 = B_SPLINE_CURVE_WITH_KNOTS('',1,(#5161,#5162),.UNSPECIFIED.,.F.,
  .F.,(2,2),(-35.1,0.),.PIECEWISE_BEZIER_KNOTS.);
#5161 = CARTESIAN_POINT('',(35.1,29.85));
#5162 = CARTESIAN_POINT('',(0.,29.85));
#5163 = ( GEOMETRIC_REPRESENTATION_CONTEXT(2) 
PARAMETRIC_REPRESENTATION_CONTEXT() REPRESENTATION_CONTEXT('2D SPACE',''
  ) );
#5164 = ADVANCED_FACE('',(#5165),#2284,.T.);
#5165 = FACE_BOUND('',#5166,.T.);
#5166 = EDGE_LOOP('',(#5167,#5168,#5191,#5220,#5239));
#5167 = ORIENTED_EDGE('',*,*,#2267,.F.);
#5168 = ORIENTED_EDGE('',*,*,#5169,.F.);
#5169 = EDGE_CURVE('',#5170,#2268,#5172,.T.);
#5170 = VERTEX_POINT('',#5171);
#5171 = CARTESIAN_POINT('',(16.35,-10.25,-2.8));
#5172 = SURFACE_CURVE('',#5173,(#5177,#5184),.PCURVE_S1.);
#5173 = LINE('',#5174,#5175);
#5174 = CARTESIAN_POINT('',(16.35,-10.25,-2.8));
#5175 = VECTOR('',#5176,1.);
#5176 = DIRECTION('',(0.,0.,1.));
#5177 = PCURVE('',#2284,#5178);
#5178 = DEFINITIONAL_REPRESENTATION('',(#5179),#5183);
#5179 = LINE('',#5180,#5181);
#5180 = CARTESIAN_POINT('',(0.,-0.));
#5181 = VECTOR('',#5182,1.);
#5182 = DIRECTION('',(0.,1.));
#5183 = ( GEOMETRIC_REPRESENTATION_CONTEXT(2) 
PARAMETRIC_REPRESENTATION_CONTEXT() REPRESENTATION_CONTEXT('2D SPACE',''
  ) );
#5184 = PCURVE('',#2313,#5185);
#5185 = DEFINITIONAL_REPRESENTATION('',(#5186),#5190);
#5186 = LINE('',#5187,#5188);
#5187 = CARTESIAN_POINT('',(6.28318530718,-0.));
#5188 = VECTOR('',#5189,1.);
#5189 = DIRECTION('',(0.,1.));
#5190 = ( GEOMETRIC_REPRESENTATION_CONTEXT(2) 
PARAMETRIC_REPRESENTATION_CONTEXT() REPRESENTATION_CONTEXT('2D SPACE',''
  ) );
#5191 = ORIENTED_EDGE('',*,*,#5192,.T.);
#5192 = EDGE_CURVE('',#5170,#5193,#5195,.T.);
#5193 = VERTEX_POINT('',#5194);
#5194 = CARTESIAN_POINT('',(15.6,-9.040661337755,-2.8));
#5195 = SURFACE_CURVE('',#5196,(#5201,#5208),.PCURVE_S1.);
#5196 = CIRCLE('',#5197,1.35);
#5197 = AXIS2_PLACEMENT_3D('',#5198,#5199,#5200);
#5198 = CARTESIAN_POINT('',(15.,-10.25,-2.8));
#5199 = DIRECTION('',(0.,0.,1.));
#5200 = DIRECTION('',(1.,0.,-0.));
#5201 = PCURVE('',#2284,#5202);
#5202 = DEFINITIONAL_REPRESENTATION('',(#5203),#5207);
#5203 = LINE('',#5204,#5205);
#5204 = CARTESIAN_POINT('',(0.,0.));
#5205 = VECTOR('',#5206,1.);
#5206 = DIRECTION('',(1.,0.));
#5207 = ( GEOMETRIC_REPRESENTATION_CONTEXT(2) 
PARAMETRIC_REPRESENTATION_CONTEXT() REPRESENTATION_CONTEXT('2D SPACE',''
  ) );
#5208 = PCURVE('',#5209,#5214);
#5209 = PLANE('',#5210);
#5210 = AXIS2_PLACEMENT_3D('',#5211,#5212,#5213);
#5211 = CARTESIAN_POINT('',(15.,-10.25,-2.8));
#5212 = DIRECTION('',(0.,0.,1.));
#5213 = DIRECTION('',(1.,0.,-0.));
#5214 = DEFINITIONAL_REPRESENTATION('',(#5215),#5219);
#5215 = CIRCLE('',#5216,1.35);
#5216 = AXIS2_PLACEMENT_2D('',#5217,#5218);
#5217 = CARTESIAN_POINT('',(0.,0.));
#5218 = DIRECTION('',(1.,0.));
#5219 = ( GEOMETRIC_REPRESENTATION_CONTEXT(2) 
PARAMETRIC_REPRESENTATION_CONTEXT() REPRESENTATION_CONTEXT('2D SPACE',''
  ) );
#5220 = ORIENTED_EDGE('',*,*,#5221,.T.);
#5221 = EDGE_CURVE('',#5193,#5030,#5222,.T.);
#5222 = SURFACE_CURVE('',#5223,(#5227,#5233),.PCURVE_S1.);
#5223 = LINE('',#5224,#5225);
#5224 = CARTESIAN_POINT('',(15.6,-9.040661337755,-2.8));
#5225 = VECTOR('',#5226,1.);
#5226 = DIRECTION('',(0.,0.,1.));
#5227 = PCURVE('',#2284,#5228);
#5228 = DEFINITIONAL_REPRESENTATION('',(#5229),#5232);
#5229 = B_SPLINE_CURVE_WITH_KNOTS('',1,(#5230,#5231),.UNSPECIFIED.,.F.,
  .F.,(2,2),(-5.999999999062E-07,1.7000006),.PIECEWISE_BEZIER_KNOTS.);
#5230 = CARTESIAN_POINT('',(1.110242335114,-5.999999999062E-07));
#5231 = CARTESIAN_POINT('',(1.110242335114,1.7000006));
#5232 = ( GEOMETRIC_REPRESENTATION_CONTEXT(2) 
PARAMETRIC_REPRESENTATION_CONTEXT() REPRESENTATION_CONTEXT('2D SPACE',''
  ) );
#5233 = PCURVE('',#2339,#5234);
#5234 = DEFINITIONAL_REPRESENTATION('',(#5235),#5238);
#5235 = B_SPLINE_CURVE_WITH_KNOTS('',1,(#5236,#5237),.UNSPECIFIED.,.F.,
  .F.,(2,2),(-5.999999999062E-07,1.7000006),.PIECEWISE_BEZIER_KNOTS.);
#5236 = CARTESIAN_POINT('',(2.1999994,-4.609338662245));
#5237 = CARTESIAN_POINT('',(3.9000006,-4.609338662245));
#5238 = ( GEOMETRIC_REPRESENTATION_CONTEXT(2) 
PARAMETRIC_REPRESENTATION_CONTEXT() REPRESENTATION_CONTEXT('2D SPACE',''
  ) );
#5239 = ORIENTED_EDGE('',*,*,#5051,.F.);
#5240 = ADVANCED_FACE('',(#5241),#2393,.T.);
#5241 = FACE_BOUND('',#5242,.T.);
#5242 = EDGE_LOOP('',(#5243,#5244,#5265,#5294,#5313));
#5243 = ORIENTED_EDGE('',*,*,#5004,.F.);
#5244 = ORIENTED_EDGE('',*,*,#5245,.F.);
#5245 = EDGE_CURVE('',#5246,#4984,#5248,.T.);
#5246 = VERTEX_POINT('',#5247);
#5247 = CARTESIAN_POINT('',(14.4,-9.040661337755,-2.8));
#5248 = SURFACE_CURVE('',#5249,(#5253,#5259),.PCURVE_S1.);
#5249 = LINE('',#5250,#5251);
#5250 = CARTESIAN_POINT('',(14.4,-9.040661337755,-2.8));
#5251 = VECTOR('',#5252,1.);
#5252 = DIRECTION('',(0.,0.,1.));
#5253 = PCURVE('',#2393,#5254);
#5254 = DEFINITIONAL_REPRESENTATION('',(#5255),#5258);
#5255 = B_SPLINE_CURVE_WITH_KNOTS('',1,(#5256,#5257),.UNSPECIFIED.,.F.,
  .F.,(2,2),(-5.999999999062E-07,1.7000006),.PIECEWISE_BEZIER_KNOTS.);
#5256 = CARTESIAN_POINT('',(2.031350318476,-5.999999999062E-07));
#5257 = CARTESIAN_POINT('',(2.031350318476,1.7000006));
#5258 = ( GEOMETRIC_REPRESENTATION_CONTEXT(2) 
PARAMETRIC_REPRESENTATION_CONTEXT() REPRESENTATION_CONTEXT('2D SPACE',''
  ) );
#5259 = PCURVE('',#2367,#5260);
#5260 = DEFINITIONAL_REPRESENTATION('',(#5261),#5264);
#5261 = B_SPLINE_CURVE_WITH_KNOTS('',1,(#5262,#5263),.UNSPECIFIED.,.F.,
  .F.,(2,2),(-5.999999999062E-07,1.7000006),.PIECEWISE_BEZIER_KNOTS.);
#5262 = CARTESIAN_POINT('',(2.1999994,-4.609338662245));
#5263 = CARTESIAN_POINT('',(3.9000006,-4.609338662245));
#5264 = ( GEOMETRIC_REPRESENTATION_CONTEXT(2) 
PARAMETRIC_REPRESENTATION_CONTEXT() REPRESENTATION_CONTEXT('2D SPACE',''
  ) );
#5265 = ORIENTED_EDGE('',*,*,#5266,.T.);
#5266 = EDGE_CURVE('',#5246,#5267,#5269,.T.);
#5267 = VERTEX_POINT('',#5268);
#5268 = CARTESIAN_POINT('',(14.4,-11.45933866224,-2.8));
#5269 = SURFACE_CURVE('',#5270,(#5275,#5282),.PCURVE_S1.);
#5270 = CIRCLE('',#5271,1.35);
#5271 = AXIS2_PLACEMENT_3D('',#5272,#5273,#5274);
#5272 = CARTESIAN_POINT('',(15.,-10.25,-2.8));
#5273 = DIRECTION('',(0.,0.,1.));
#5274 = DIRECTION('',(1.,0.,-0.));
#5275 = PCURVE('',#2393,#5276);
#5276 = DEFINITIONAL_REPRESENTATION('',(#5277),#5281);
#5277 = LINE('',#5278,#5279);
#5278 = CARTESIAN_POINT('',(0.,0.));
#5279 = VECTOR('',#5280,1.);
#5280 = DIRECTION('',(1.,0.));
#5281 = ( GEOMETRIC_REPRESENTATION_CONTEXT(2) 
PARAMETRIC_REPRESENTATION_CONTEXT() REPRESENTATION_CONTEXT('2D SPACE',''
  ) );
#5282 = PCURVE('',#5283,#5288);
#5283 = PLANE('',#5284);
#5284 = AXIS2_PLACEMENT_3D('',#5285,#5286,#5287);
#5285 = CARTESIAN_POINT('',(15.,-10.25,-2.8));
#5286 = DIRECTION('',(0.,0.,1.));
#5287 = DIRECTION('',(1.,0.,-0.));
#5288 = DEFINITIONAL_REPRESENTATION('',(#5289),#5293);
#5289 = CIRCLE('',#5290,1.35);
#5290 = AXIS2_PLACEMENT_2D('',#5291,#5292);
#5291 = CARTESIAN_POINT('',(0.,0.));
#5292 = DIRECTION('',(1.,0.));
#5293 = ( GEOMETRIC_REPRESENTATION_CONTEXT(2) 
PARAMETRIC_REPRESENTATION_CONTEXT() REPRESENTATION_CONTEXT('2D SPACE',''
  ) );
#5294 = ORIENTED_EDGE('',*,*,#5295,.T.);
#5295 = EDGE_CURVE('',#5267,#2352,#5296,.T.);
#5296 = SURFACE_CURVE('',#5297,(#5301,#5307),.PCURVE_S1.);
#5297 = LINE('',#5298,#5299);
#5298 = CARTESIAN_POINT('',(14.4,-11.45933866224,-2.8));
#5299 = VECTOR('',#5300,1.);
#5300 = DIRECTION('',(0.,0.,1.));
#5301 = PCURVE('',#2393,#5302);
#5302 = DEFINITIONAL_REPRESENTATION('',(#5303),#5306);
#5303 = B_SPLINE_CURVE_WITH_KNOTS('',1,(#5304,#5305),.UNSPECIFIED.,.F.,
  .F.,(2,2),(-5.999999999062E-07,1.7000006),.PIECEWISE_BEZIER_KNOTS.);
#5304 = CARTESIAN_POINT('',(4.251834988703,-5.999999999062E-07));
#5305 = CARTESIAN_POINT('',(4.251834988703,1.7000006));
#5306 = ( GEOMETRIC_REPRESENTATION_CONTEXT(2) 
PARAMETRIC_REPRESENTATION_CONTEXT() REPRESENTATION_CONTEXT('2D SPACE',''
  ) );
#5307 = PCURVE('',#2367,#5308);
#5308 = DEFINITIONAL_REPRESENTATION('',(#5309),#5312);
#5309 = B_SPLINE_CURVE_WITH_KNOTS('',1,(#5310,#5311),.UNSPECIFIED.,.F.,
  .F.,(2,2),(-5.999999999062E-07,1.7000006),.PIECEWISE_BEZIER_KNOTS.);
#5310 = CARTESIAN_POINT('',(2.1999994,-2.190661337755));
#5311 = CARTESIAN_POINT('',(3.9000006,-2.190661337755));
#5312 = ( GEOMETRIC_REPRESENTATION_CONTEXT(2) 
PARAMETRIC_REPRESENTATION_CONTEXT() REPRESENTATION_CONTEXT('2D SPACE',''
  ) );
#5313 = ORIENTED_EDGE('',*,*,#2378,.F.);
#5314 = ADVANCED_FACE('',(#5315),#2313,.T.);
#5315 = FACE_BOUND('',#5316,.T.);
#5316 = EDGE_LOOP('',(#5317,#5318,#5319,#5340));
#5317 = ORIENTED_EDGE('',*,*,#5169,.T.);
#5318 = ORIENTED_EDGE('',*,*,#2296,.F.);
#5319 = ORIENTED_EDGE('',*,*,#5320,.F.);
#5320 = EDGE_CURVE('',#5321,#2297,#5323,.T.);
#5321 = VERTEX_POINT('',#5322);
#5322 = CARTESIAN_POINT('',(15.6,-11.45933866224,-2.8));
#5323 = SURFACE_CURVE('',#5324,(#5328,#5334),.PCURVE_S1.);
#5324 = LINE('',#5325,#5326);
#5325 = CARTESIAN_POINT('',(15.6,-11.45933866224,-2.8));
#5326 = VECTOR('',#5327,1.);
#5327 = DIRECTION('',(0.,0.,1.));
#5328 = PCURVE('',#2313,#5329);
#5329 = DEFINITIONAL_REPRESENTATION('',(#5330),#5333);
#5330 = B_SPLINE_CURVE_WITH_KNOTS('',1,(#5331,#5332),.UNSPECIFIED.,.F.,
  .F.,(2,2),(-5.999999999062E-07,1.7000006),.PIECEWISE_BEZIER_KNOTS.);
#5331 = CARTESIAN_POINT('',(5.172942972066,-5.999999999062E-07));
#5332 = CARTESIAN_POINT('',(5.172942972066,1.7000006));
#5333 = ( GEOMETRIC_REPRESENTATION_CONTEXT(2) 
PARAMETRIC_REPRESENTATION_CONTEXT() REPRESENTATION_CONTEXT('2D SPACE',''
  ) );
#5334 = PCURVE('',#2339,#5335);
#5335 = DEFINITIONAL_REPRESENTATION('',(#5336),#5339);
#5336 = B_SPLINE_CURVE_WITH_KNOTS('',1,(#5337,#5338),.UNSPECIFIED.,.F.,
  .F.,(2,2),(-5.999999999062E-07,1.7000006),.PIECEWISE_BEZIER_KNOTS.);
#5337 = CARTESIAN_POINT('',(2.1999994,-2.190661337755));
#5338 = CARTESIAN_POINT('',(3.9000006,-2.190661337755));
#5339 = ( GEOMETRIC_REPRESENTATION_CONTEXT(2) 
PARAMETRIC_REPRESENTATION_CONTEXT() REPRESENTATION_CONTEXT('2D SPACE',''
  ) );
#5340 = ORIENTED_EDGE('',*,*,#5341,.T.);
#5341 = EDGE_CURVE('',#5321,#5170,#5342,.T.);
#5342 = SURFACE_CURVE('',#5343,(#5348,#5355),.PCURVE_S1.);
#5343 = CIRCLE('',#5344,1.35);
#5344 = AXIS2_PLACEMENT_3D('',#5345,#5346,#5347);
#5345 = CARTESIAN_POINT('',(15.,-10.25,-2.8));
#5346 = DIRECTION('',(0.,0.,1.));
#5347 = DIRECTION('',(1.,0.,-0.));
#5348 = PCURVE('',#2313,#5349);
#5349 = DEFINITIONAL_REPRESENTATION('',(#5350),#5354);
#5350 = LINE('',#5351,#5352);
#5351 = CARTESIAN_POINT('',(0.,0.));
#5352 = VECTOR('',#5353,1.);
#5353 = DIRECTION('',(1.,0.));
#5354 = ( GEOMETRIC_REPRESENTATION_CONTEXT(2) 
PARAMETRIC_REPRESENTATION_CONTEXT() REPRESENTATION_CONTEXT('2D SPACE',''
  ) );
#5355 = PCURVE('',#5209,#5356);
#5356 = DEFINITIONAL_REPRESENTATION('',(#5357),#5361);
#5357 = CIRCLE('',#5358,1.35);
#5358 = AXIS2_PLACEMENT_2D('',#5359,#5360);
#5359 = CARTESIAN_POINT('',(0.,0.));
#5360 = DIRECTION('',(1.,0.));
#5361 = ( GEOMETRIC_REPRESENTATION_CONTEXT(2) 
PARAMETRIC_REPRESENTATION_CONTEXT() REPRESENTATION_CONTEXT('2D SPACE',''
  ) );
#5362 = ADVANCED_FACE('',(#5363),#2367,.T.);
#5363 = FACE_BOUND('',#5364,.T.);
#5364 = EDGE_LOOP('',(#5365,#5400,#5419,#5420,#5421,#5422,#5423,#5444,
    #5472));
#5365 = ORIENTED_EDGE('',*,*,#5366,.F.);
#5366 = EDGE_CURVE('',#5367,#5369,#5371,.T.);
#5367 = VERTEX_POINT('',#5368);
#5368 = CARTESIAN_POINT('',(14.4,-8.659402627941,-2.8));
#5369 = VERTEX_POINT('',#5370);
#5370 = CARTESIAN_POINT('',(14.4,-9.328045554271,-4.5));
#5371 = SURFACE_CURVE('',#5372,(#5377,#5384),.PCURVE_S1.);
#5372 = HYPERBOLA('',#5373,1.7,0.6);
#5373 = AXIS2_PLACEMENT_3D('',#5374,#5375,#5376);
#5374 = CARTESIAN_POINT('',(14.4,-10.25,-7.616666666667));
#5375 = DIRECTION('',(1.,0.,-0.));
#5376 = DIRECTION('',(0.,0.,1.));
#5377 = PCURVE('',#2367,#5378);
#5378 = DEFINITIONAL_REPRESENTATION('',(#5379),#5383);
#5379 = ( BOUNDED_CURVE() B_SPLINE_CURVE(2,(#5380,#5381,#5382),
.UNSPECIFIED.,.F.,.F.) B_SPLINE_CURVE_WITH_KNOTS((3,3),(-1.701894744115,
-1.214890214798),.PIECEWISE_BEZIER_KNOTS.) CURVE() 
GEOMETRIC_REPRESENTATION_ITEM() RATIONAL_B_SPLINE_CURVE((1.,
1.029793453849,1.)) REPRESENTATION_ITEM('') );
#5380 = CARTESIAN_POINT('',(2.2,-4.990597372059));
#5381 = CARTESIAN_POINT('',(1.123797108041,-4.584635595359));
#5382 = CARTESIAN_POINT('',(0.5,-4.321954445729));
#5383 = ( GEOMETRIC_REPRESENTATION_CONTEXT(2) 
PARAMETRIC_REPRESENTATION_CONTEXT() REPRESENTATION_CONTEXT('2D SPACE',''
  ) );
#5384 = PCURVE('',#5385,#5390);
#5385 = CONICAL_SURFACE('',#5386,1.1,0.339292614454);
#5386 = AXIS2_PLACEMENT_3D('',#5387,#5388,#5389);
#5387 = CARTESIAN_POINT('',(15.,-10.25,-4.5));
#5388 = DIRECTION('',(0.,0.,1.));
#5389 = DIRECTION('',(1.,0.,-0.));
#5390 = DEFINITIONAL_REPRESENTATION('',(#5391),#5399);
#5391 = B_SPLINE_CURVE_WITH_KNOTS('',6,(#5392,#5393,#5394,#5395,#5396,
    #5397,#5398),.UNSPECIFIED.,.F.,.F.,(7,7),(-1.701894744115,
    -1.214890214798),.PIECEWISE_BEZIER_KNOTS.);
#5392 = CARTESIAN_POINT('',(1.931509047158,1.7));
#5393 = CARTESIAN_POINT('',(1.960156372412,1.334203385646));
#5394 = CARTESIAN_POINT('',(1.991414380611,1.006486253617));
#5395 = CARTESIAN_POINT('',(2.025538345473,0.712510938374));
#5396 = CARTESIAN_POINT('',(2.062795683081,0.448691476638));
#5397 = CARTESIAN_POINT('',(2.103454533002,0.212025884589));
#5398 = CARTESIAN_POINT('',(2.147727672031,9.291712698401E-16));
#5399 = ( GEOMETRIC_REPRESENTATION_CONTEXT(2) 
PARAMETRIC_REPRESENTATION_CONTEXT() REPRESENTATION_CONTEXT('2D SPACE',''
  ) );
#5400 = ORIENTED_EDGE('',*,*,#5401,.F.);
#5401 = EDGE_CURVE('',#5246,#5367,#5402,.T.);
#5402 = SURFACE_CURVE('',#5403,(#5407,#5413),.PCURVE_S1.);
#5403 = LINE('',#5404,#5405);
#5404 = CARTESIAN_POINT('',(14.4,-11.95,-2.8));
#5405 = VECTOR('',#5406,1.);
#5406 = DIRECTION('',(-0.,1.,0.));
#5407 = PCURVE('',#2367,#5408);
#5408 = DEFINITIONAL_REPRESENTATION('',(#5409),#5412);
#5409 = B_SPLINE_CURVE_WITH_KNOTS('',1,(#5410,#5411),.UNSPECIFIED.,.F.,
  .F.,(2,2),(-8.881784197001E-16,3.4),.PIECEWISE_BEZIER_KNOTS.);
#5410 = CARTESIAN_POINT('',(2.2,-1.7));
#5411 = CARTESIAN_POINT('',(2.2,-5.1));
#5412 = ( GEOMETRIC_REPRESENTATION_CONTEXT(2) 
PARAMETRIC_REPRESENTATION_CONTEXT() REPRESENTATION_CONTEXT('2D SPACE',''
  ) );
#5413 = PCURVE('',#5283,#5414);
#5414 = DEFINITIONAL_REPRESENTATION('',(#5415),#5418);
#5415 = B_SPLINE_CURVE_WITH_KNOTS('',1,(#5416,#5417),.UNSPECIFIED.,.F.,
  .F.,(2,2),(-8.881784197001E-16,3.4),.PIECEWISE_BEZIER_KNOTS.);
#5416 = CARTESIAN_POINT('',(-0.6,-1.7));
#5417 = CARTESIAN_POINT('',(-0.6,1.7));
#5418 = ( GEOMETRIC_REPRESENTATION_CONTEXT(2) 
PARAMETRIC_REPRESENTATION_CONTEXT() REPRESENTATION_CONTEXT('2D SPACE',''
  ) );
#5419 = ORIENTED_EDGE('',*,*,#5245,.T.);
#5420 = ORIENTED_EDGE('',*,*,#4983,.F.);
#5421 = ORIENTED_EDGE('',*,*,#2351,.F.);
#5422 = ORIENTED_EDGE('',*,*,#5295,.F.);
#5423 = ORIENTED_EDGE('',*,*,#5424,.F.);
#5424 = EDGE_CURVE('',#5425,#5267,#5427,.T.);
#5425 = VERTEX_POINT('',#5426);
#5426 = CARTESIAN_POINT('',(14.4,-11.84059737205,-2.8));
#5427 = SURFACE_CURVE('',#5428,(#5432,#5438),.PCURVE_S1.);
#5428 = LINE('',#5429,#5430);
#5429 = CARTESIAN_POINT('',(14.4,-11.95,-2.8));
#5430 = VECTOR('',#5431,1.);
#5431 = DIRECTION('',(-0.,1.,0.));
#5432 = PCURVE('',#2367,#5433);
#5433 = DEFINITIONAL_REPRESENTATION('',(#5434),#5437);
#5434 = B_SPLINE_CURVE_WITH_KNOTS('',1,(#5435,#5436),.UNSPECIFIED.,.F.,
  .F.,(2,2),(-8.881784197001E-16,3.4),.PIECEWISE_BEZIER_KNOTS.);
#5435 = CARTESIAN_POINT('',(2.2,-1.7));
#5436 = CARTESIAN_POINT('',(2.2,-5.1));
#5437 = ( GEOMETRIC_REPRESENTATION_CONTEXT(2) 
PARAMETRIC_REPRESENTATION_CONTEXT() REPRESENTATION_CONTEXT('2D SPACE',''
  ) );
#5438 = PCURVE('',#5283,#5439);
#5439 = DEFINITIONAL_REPRESENTATION('',(#5440),#5443);
#5440 = B_SPLINE_CURVE_WITH_KNOTS('',1,(#5441,#5442),.UNSPECIFIED.,.F.,
  .F.,(2,2),(-8.881784197001E-16,3.4),.PIECEWISE_BEZIER_KNOTS.);
#5441 = CARTESIAN_POINT('',(-0.6,-1.7));
#5442 = CARTESIAN_POINT('',(-0.6,1.7));
#5443 = ( GEOMETRIC_REPRESENTATION_CONTEXT(2) 
PARAMETRIC_REPRESENTATION_CONTEXT() REPRESENTATION_CONTEXT('2D SPACE',''
  ) );
#5444 = ORIENTED_EDGE('',*,*,#5445,.F.);
#5445 = EDGE_CURVE('',#5446,#5425,#5448,.T.);
#5446 = VERTEX_POINT('',#5447);
#5447 = CARTESIAN_POINT('',(14.4,-11.17195444572,-4.5));
#5448 = SURFACE_CURVE('',#5449,(#5454,#5461),.PCURVE_S1.);
#5449 = HYPERBOLA('',#5450,1.7,0.6);
#5450 = AXIS2_PLACEMENT_3D('',#5451,#5452,#5453);
#5451 = CARTESIAN_POINT('',(14.4,-10.25,-7.616666666667));
#5452 = DIRECTION('',(1.,0.,-0.));
#5453 = DIRECTION('',(0.,0.,1.));
#5454 = PCURVE('',#2367,#5455);
#5455 = DEFINITIONAL_REPRESENTATION('',(#5456),#5460);
#5456 = ( BOUNDED_CURVE() B_SPLINE_CURVE(2,(#5457,#5458,#5459),
.UNSPECIFIED.,.F.,.F.) B_SPLINE_CURVE_WITH_KNOTS((3,3),(1.214890214798,
1.701894744115),.PIECEWISE_BEZIER_KNOTS.) CURVE() 
GEOMETRIC_REPRESENTATION_ITEM() RATIONAL_B_SPLINE_CURVE((1.,
1.029793453849,1.)) REPRESENTATION_ITEM('') );
#5457 = CARTESIAN_POINT('',(0.5,-2.478045554271));
#5458 = CARTESIAN_POINT('',(1.123797108041,-2.215364404641));
#5459 = CARTESIAN_POINT('',(2.2,-1.809402627941));
#5460 = ( GEOMETRIC_REPRESENTATION_CONTEXT(2) 
PARAMETRIC_REPRESENTATION_CONTEXT() REPRESENTATION_CONTEXT('2D SPACE',''
  ) );
#5461 = PCURVE('',#5385,#5462);
#5462 = DEFINITIONAL_REPRESENTATION('',(#5463),#5471);
#5463 = B_SPLINE_CURVE_WITH_KNOTS('',6,(#5464,#5465,#5466,#5467,#5468,
    #5469,#5470),.UNSPECIFIED.,.F.,.F.,(7,7),(1.214890214798,
    1.701894744115),.PIECEWISE_BEZIER_KNOTS.);
#5464 = CARTESIAN_POINT('',(4.135457635148,9.291712698401E-16));
#5465 = CARTESIAN_POINT('',(4.179730774177,0.212025884589));
#5466 = CARTESIAN_POINT('',(4.220389624098,0.448691476638));
#5467 = CARTESIAN_POINT('',(4.257646961706,0.712510938374));
#5468 = CARTESIAN_POINT('',(4.291770926569,1.006486253617));
#5469 = CARTESIAN_POINT('',(4.323028934767,1.334203385646));
#5470 = CARTESIAN_POINT('',(4.351676260021,1.7));
#5471 = ( GEOMETRIC_REPRESENTATION_CONTEXT(2) 
PARAMETRIC_REPRESENTATION_CONTEXT() REPRESENTATION_CONTEXT('2D SPACE',''
  ) );
#5472 = ORIENTED_EDGE('',*,*,#5473,.T.);
#5473 = EDGE_CURVE('',#5446,#5369,#5474,.T.);
#5474 = SURFACE_CURVE('',#5475,(#5479,#5485),.PCURVE_S1.);
#5475 = LINE('',#5476,#5477);
#5476 = CARTESIAN_POINT('',(14.4,-11.95,-4.5));
#5477 = VECTOR('',#5478,1.);
#5478 = DIRECTION('',(-0.,1.,0.));
#5479 = PCURVE('',#2367,#5480);
#5480 = DEFINITIONAL_REPRESENTATION('',(#5481),#5484);
#5481 = B_SPLINE_CURVE_WITH_KNOTS('',1,(#5482,#5483),.UNSPECIFIED.,.F.,
  .F.,(2,2),(0.6,2.8),.PIECEWISE_BEZIER_KNOTS.);
#5482 = CARTESIAN_POINT('',(0.5,-2.3));
#5483 = CARTESIAN_POINT('',(0.5,-4.5));
#5484 = ( GEOMETRIC_REPRESENTATION_CONTEXT(2) 
PARAMETRIC_REPRESENTATION_CONTEXT() REPRESENTATION_CONTEXT('2D SPACE',''
  ) );
#5485 = PCURVE('',#5486,#5491);
#5486 = PLANE('',#5487);
#5487 = AXIS2_PLACEMENT_3D('',#5488,#5489,#5490);
#5488 = CARTESIAN_POINT('',(15.,-10.25,-4.5));
#5489 = DIRECTION('',(0.,0.,1.));
#5490 = DIRECTION('',(1.,0.,-0.));
#5491 = DEFINITIONAL_REPRESENTATION('',(#5492),#5495);
#5492 = B_SPLINE_CURVE_WITH_KNOTS('',1,(#5493,#5494),.UNSPECIFIED.,.F.,
  .F.,(2,2),(0.6,2.8),.PIECEWISE_BEZIER_KNOTS.);
#5493 = CARTESIAN_POINT('',(-0.6,-1.1));
#5494 = CARTESIAN_POINT('',(-0.6,1.1));
#5495 = ( GEOMETRIC_REPRESENTATION_CONTEXT(2) 
PARAMETRIC_REPRESENTATION_CONTEXT() REPRESENTATION_CONTEXT('2D SPACE',''
  ) );
#5496 = ADVANCED_FACE('',(#5497),#2339,.F.);
#5497 = FACE_BOUND('',#5498,.F.);
#5498 = EDGE_LOOP('',(#5499,#5534,#5553,#5554,#5555,#5556,#5557,#5578,
    #5611));
#5499 = ORIENTED_EDGE('',*,*,#5500,.F.);
#5500 = EDGE_CURVE('',#5501,#5503,#5505,.T.);
#5501 = VERTEX_POINT('',#5502);
#5502 = CARTESIAN_POINT('',(15.6,-8.659402627941,-2.8));
#5503 = VERTEX_POINT('',#5504);
#5504 = CARTESIAN_POINT('',(15.6,-9.328045554271,-4.5));
#5505 = SURFACE_CURVE('',#5506,(#5511,#5518),.PCURVE_S1.);
#5506 = HYPERBOLA('',#5507,1.7,0.6);
#5507 = AXIS2_PLACEMENT_3D('',#5508,#5509,#5510);
#5508 = CARTESIAN_POINT('',(15.6,-10.25,-7.616666666667));
#5509 = DIRECTION('',(1.,0.,-0.));
#5510 = DIRECTION('',(0.,0.,1.));
#5511 = PCURVE('',#2339,#5512);
#5512 = DEFINITIONAL_REPRESENTATION('',(#5513),#5517);
#5513 = ( BOUNDED_CURVE() B_SPLINE_CURVE(2,(#5514,#5515,#5516),
.UNSPECIFIED.,.F.,.F.) B_SPLINE_CURVE_WITH_KNOTS((3,3),(-1.701894744115,
-1.214890214798),.PIECEWISE_BEZIER_KNOTS.) CURVE() 
GEOMETRIC_REPRESENTATION_ITEM() RATIONAL_B_SPLINE_CURVE((1.,
1.029793453849,1.)) REPRESENTATION_ITEM('') );
#5514 = CARTESIAN_POINT('',(2.2,-4.990597372059));
#5515 = CARTESIAN_POINT('',(1.123797108041,-4.584635595359));
#5516 = CARTESIAN_POINT('',(0.5,-4.321954445729));
#5517 = ( GEOMETRIC_REPRESENTATION_CONTEXT(2) 
PARAMETRIC_REPRESENTATION_CONTEXT() REPRESENTATION_CONTEXT('2D SPACE',''
  ) );
#5518 = PCURVE('',#5519,#5524);
#5519 = CONICAL_SURFACE('',#5520,1.1,0.339292614454);
#5520 = AXIS2_PLACEMENT_3D('',#5521,#5522,#5523);
#5521 = CARTESIAN_POINT('',(15.,-10.25,-4.5));
#5522 = DIRECTION('',(0.,0.,1.));
#5523 = DIRECTION('',(1.,0.,-0.));
#5524 = DEFINITIONAL_REPRESENTATION('',(#5525),#5533);
#5525 = B_SPLINE_CURVE_WITH_KNOTS('',6,(#5526,#5527,#5528,#5529,#5530,
    #5531,#5532),.UNSPECIFIED.,.F.,.F.,(7,7),(-1.701894744115,
    -1.214890214798),.PIECEWISE_BEZIER_KNOTS.);
#5526 = CARTESIAN_POINT('',(1.210083606431,1.7));
#5527 = CARTESIAN_POINT('',(1.181436281177,1.334203385646));
#5528 = CARTESIAN_POINT('',(1.150178272979,1.006486253617));
#5529 = CARTESIAN_POINT('',(1.116054308116,0.712510938374));
#5530 = CARTESIAN_POINT('',(1.078796970509,0.448691476638));
#5531 = CARTESIAN_POINT('',(1.038138120587,0.212025884589));
#5532 = CARTESIAN_POINT('',(0.993864981558,9.291712698401E-16));
#5533 = ( GEOMETRIC_REPRESENTATION_CONTEXT(2) 
PARAMETRIC_REPRESENTATION_CONTEXT() REPRESENTATION_CONTEXT('2D SPACE',''
  ) );
#5534 = ORIENTED_EDGE('',*,*,#5535,.F.);
#5535 = EDGE_CURVE('',#5193,#5501,#5536,.T.);
#5536 = SURFACE_CURVE('',#5537,(#5541,#5547),.PCURVE_S1.);
#5537 = LINE('',#5538,#5539);
#5538 = CARTESIAN_POINT('',(15.6,-11.95,-2.8));
#5539 = VECTOR('',#5540,1.);
#5540 = DIRECTION('',(-0.,1.,0.));
#5541 = PCURVE('',#2339,#5542);
#5542 = DEFINITIONAL_REPRESENTATION('',(#5543),#5546);
#5543 = B_SPLINE_CURVE_WITH_KNOTS('',1,(#5544,#5545),.UNSPECIFIED.,.F.,
  .F.,(2,2),(-8.881784197001E-16,3.4),.PIECEWISE_BEZIER_KNOTS.);
#5544 = CARTESIAN_POINT('',(2.2,-1.7));
#5545 = CARTESIAN_POINT('',(2.2,-5.1));
#5546 = ( GEOMETRIC_REPRESENTATION_CONTEXT(2) 
PARAMETRIC_REPRESENTATION_CONTEXT() REPRESENTATION_CONTEXT('2D SPACE',''
  ) );
#5547 = PCURVE('',#5209,#5548);
#5548 = DEFINITIONAL_REPRESENTATION('',(#5549),#5552);
#5549 = B_SPLINE_CURVE_WITH_KNOTS('',1,(#5550,#5551),.UNSPECIFIED.,.F.,
  .F.,(2,2),(-8.881784197001E-16,3.4),.PIECEWISE_BEZIER_KNOTS.);
#5550 = CARTESIAN_POINT('',(0.6,-1.7));
#5551 = CARTESIAN_POINT('',(0.6,1.7));
#5552 = ( GEOMETRIC_REPRESENTATION_CONTEXT(2) 
PARAMETRIC_REPRESENTATION_CONTEXT() REPRESENTATION_CONTEXT('2D SPACE',''
  ) );
#5553 = ORIENTED_EDGE('',*,*,#5221,.T.);
#5554 = ORIENTED_EDGE('',*,*,#5029,.F.);
#5555 = ORIENTED_EDGE('',*,*,#2325,.F.);
#5556 = ORIENTED_EDGE('',*,*,#5320,.F.);
#5557 = ORIENTED_EDGE('',*,*,#5558,.F.);
#5558 = EDGE_CURVE('',#5559,#5321,#5561,.T.);
#5559 = VERTEX_POINT('',#5560);
#5560 = CARTESIAN_POINT('',(15.6,-11.84059737205,-2.8));
#5561 = SURFACE_CURVE('',#5562,(#5566,#5572),.PCURVE_S1.);
#5562 = LINE('',#5563,#5564);
#5563 = CARTESIAN_POINT('',(15.6,-11.95,-2.8));
#5564 = VECTOR('',#5565,1.);
#5565 = DIRECTION('',(-0.,1.,0.));
#5566 = PCURVE('',#2339,#5567);
#5567 = DEFINITIONAL_REPRESENTATION('',(#5568),#5571);
#5568 = B_SPLINE_CURVE_WITH_KNOTS('',1,(#5569,#5570),.UNSPECIFIED.,.F.,
  .F.,(2,2),(-8.881784197001E-16,3.4),.PIECEWISE_BEZIER_KNOTS.);
#5569 = CARTESIAN_POINT('',(2.2,-1.7));
#5570 = CARTESIAN_POINT('',(2.2,-5.1));
#5571 = ( GEOMETRIC_REPRESENTATION_CONTEXT(2) 
PARAMETRIC_REPRESENTATION_CONTEXT() REPRESENTATION_CONTEXT('2D SPACE',''
  ) );
#5572 = PCURVE('',#5209,#5573);
#5573 = DEFINITIONAL_REPRESENTATION('',(#5574),#5577);
#5574 = B_SPLINE_CURVE_WITH_KNOTS('',1,(#5575,#5576),.UNSPECIFIED.,.F.,
  .F.,(2,2),(-8.881784197001E-16,3.4),.PIECEWISE_BEZIER_KNOTS.);
#5575 = CARTESIAN_POINT('',(0.6,-1.7));
#5576 = CARTESIAN_POINT('',(0.6,1.7));
#5577 = ( GEOMETRIC_REPRESENTATION_CONTEXT(2) 
PARAMETRIC_REPRESENTATION_CONTEXT() REPRESENTATION_CONTEXT('2D SPACE',''
  ) );
#5578 = ORIENTED_EDGE('',*,*,#5579,.F.);
#5579 = EDGE_CURVE('',#5580,#5559,#5582,.T.);
#5580 = VERTEX_POINT('',#5581);
#5581 = CARTESIAN_POINT('',(15.6,-11.17195444572,-4.5));
#5582 = SURFACE_CURVE('',#5583,(#5588,#5595),.PCURVE_S1.);
#5583 = HYPERBOLA('',#5584,1.7,0.6);
#5584 = AXIS2_PLACEMENT_3D('',#5585,#5586,#5587);
#5585 = CARTESIAN_POINT('',(15.6,-10.25,-7.616666666667));
#5586 = DIRECTION('',(1.,0.,-0.));
#5587 = DIRECTION('',(0.,0.,1.));
#5588 = PCURVE('',#2339,#5589);
#5589 = DEFINITIONAL_REPRESENTATION('',(#5590),#5594);
#5590 = ( BOUNDED_CURVE() B_SPLINE_CURVE(2,(#5591,#5592,#5593),
.UNSPECIFIED.,.F.,.F.) B_SPLINE_CURVE_WITH_KNOTS((3,3),(1.214890214798,
1.701894744115),.PIECEWISE_BEZIER_KNOTS.) CURVE() 
GEOMETRIC_REPRESENTATION_ITEM() RATIONAL_B_SPLINE_CURVE((1.,
1.029793453849,1.)) REPRESENTATION_ITEM('') );
#5591 = CARTESIAN_POINT('',(0.5,-2.478045554271));
#5592 = CARTESIAN_POINT('',(1.123797108041,-2.215364404641));
#5593 = CARTESIAN_POINT('',(2.2,-1.809402627941));
#5594 = ( GEOMETRIC_REPRESENTATION_CONTEXT(2) 
PARAMETRIC_REPRESENTATION_CONTEXT() REPRESENTATION_CONTEXT('2D SPACE',''
  ) );
#5595 = PCURVE('',#5596,#5601);
#5596 = CONICAL_SURFACE('',#5597,1.1,0.339292614454);
#5597 = AXIS2_PLACEMENT_3D('',#5598,#5599,#5600);
#5598 = CARTESIAN_POINT('',(15.,-10.25,-4.5));
#5599 = DIRECTION('',(0.,0.,1.));
#5600 = DIRECTION('',(1.,0.,-0.));
#5601 = DEFINITIONAL_REPRESENTATION('',(#5602),#5610);
#5602 = B_SPLINE_CURVE_WITH_KNOTS('',6,(#5603,#5604,#5605,#5606,#5607,
    #5608,#5609),.UNSPECIFIED.,.F.,.F.,(7,7),(1.214890214798,
    1.701894744115),.PIECEWISE_BEZIER_KNOTS.);
#5603 = CARTESIAN_POINT('',(5.289320325621,8.594834246021E-16));
#5604 = CARTESIAN_POINT('',(5.245047186592,0.212025884589));
#5605 = CARTESIAN_POINT('',(5.204388336671,0.448691476638));
#5606 = CARTESIAN_POINT('',(5.167130999063,0.712510938374));
#5607 = CARTESIAN_POINT('',(5.1330070342,1.006486253617));
#5608 = CARTESIAN_POINT('',(5.101749026002,1.334203385646));
#5609 = CARTESIAN_POINT('',(5.073101700748,1.7));
#5610 = ( GEOMETRIC_REPRESENTATION_CONTEXT(2) 
PARAMETRIC_REPRESENTATION_CONTEXT() REPRESENTATION_CONTEXT('2D SPACE',''
  ) );
#5611 = ORIENTED_EDGE('',*,*,#5612,.T.);
#5612 = EDGE_CURVE('',#5580,#5503,#5613,.T.);
#5613 = SURFACE_CURVE('',#5614,(#5618,#5624),.PCURVE_S1.);
#5614 = LINE('',#5615,#5616);
#5615 = CARTESIAN_POINT('',(15.6,-11.95,-4.5));
#5616 = VECTOR('',#5617,1.);
#5617 = DIRECTION('',(-0.,1.,0.));
#5618 = PCURVE('',#2339,#5619);
#5619 = DEFINITIONAL_REPRESENTATION('',(#5620),#5623);
#5620 = B_SPLINE_CURVE_WITH_KNOTS('',1,(#5621,#5622),.UNSPECIFIED.,.F.,
  .F.,(2,2),(0.6,2.8),.PIECEWISE_BEZIER_KNOTS.);
#5621 = CARTESIAN_POINT('',(0.5,-2.3));
#5622 = CARTESIAN_POINT('',(0.5,-4.5));
#5623 = ( GEOMETRIC_REPRESENTATION_CONTEXT(2) 
PARAMETRIC_REPRESENTATION_CONTEXT() REPRESENTATION_CONTEXT('2D SPACE',''
  ) );
#5624 = PCURVE('',#5625,#5630);
#5625 = PLANE('',#5626);
#5626 = AXIS2_PLACEMENT_3D('',#5627,#5628,#5629);
#5627 = CARTESIAN_POINT('',(15.,-10.25,-4.5));
#5628 = DIRECTION('',(0.,0.,1.));
#5629 = DIRECTION('',(1.,0.,-0.));
#5630 = DEFINITIONAL_REPRESENTATION('',(#5631),#5634);
#5631 = B_SPLINE_CURVE_WITH_KNOTS('',1,(#5632,#5633),.UNSPECIFIED.,.F.,
  .F.,(2,2),(0.6,2.8),.PIECEWISE_BEZIER_KNOTS.);
#5632 = CARTESIAN_POINT('',(0.6,-1.1));
#5633 = CARTESIAN_POINT('',(0.6,1.1));
#5634 = ( GEOMETRIC_REPRESENTATION_CONTEXT(2) 
PARAMETRIC_REPRESENTATION_CONTEXT() REPRESENTATION_CONTEXT('2D SPACE',''
  ) );
#5635 = ADVANCED_FACE('',(#5636),#2449,.T.);
#5636 = FACE_BOUND('',#5637,.T.);
#5637 = EDGE_LOOP('',(#5638,#5673,#5699,#5718,#5719,#5740,#5761,#5789));
#5638 = ORIENTED_EDGE('',*,*,#5639,.F.);
#5639 = EDGE_CURVE('',#5640,#5642,#5644,.T.);
#5640 = VERTEX_POINT('',#5641);
#5641 = CARTESIAN_POINT('',(14.4,19.840597372059,-2.8));
#5642 = VERTEX_POINT('',#5643);
#5643 = CARTESIAN_POINT('',(14.4,19.171954445729,-4.5));
#5644 = SURFACE_CURVE('',#5645,(#5650,#5657),.PCURVE_S1.);
#5645 = HYPERBOLA('',#5646,1.7,0.6);
#5646 = AXIS2_PLACEMENT_3D('',#5647,#5648,#5649);
#5647 = CARTESIAN_POINT('',(14.4,18.25,-7.616666666667));
#5648 = DIRECTION('',(1.,0.,-0.));
#5649 = DIRECTION('',(0.,0.,1.));
#5650 = PCURVE('',#2449,#5651);
#5651 = DEFINITIONAL_REPRESENTATION('',(#5652),#5656);
#5652 = ( BOUNDED_CURVE() B_SPLINE_CURVE(2,(#5653,#5654,#5655),
.UNSPECIFIED.,.F.,.F.) B_SPLINE_CURVE_WITH_KNOTS((3,3),(-1.701894744115,
-1.214890214798),.PIECEWISE_BEZIER_KNOTS.) CURVE() 
GEOMETRIC_REPRESENTATION_ITEM() RATIONAL_B_SPLINE_CURVE((1.,
1.029793453849,1.)) REPRESENTATION_ITEM('') );
#5653 = CARTESIAN_POINT('',(2.2,-4.990597372059));
#5654 = CARTESIAN_POINT('',(1.123797108041,-4.584635595359));
#5655 = CARTESIAN_POINT('',(0.5,-4.321954445729));
#5656 = ( GEOMETRIC_REPRESENTATION_CONTEXT(2) 
PARAMETRIC_REPRESENTATION_CONTEXT() REPRESENTATION_CONTEXT('2D SPACE',''
  ) );
#5657 = PCURVE('',#5658,#5663);
#5658 = CONICAL_SURFACE('',#5659,1.1,0.339292614454);
#5659 = AXIS2_PLACEMENT_3D('',#5660,#5661,#5662);
#5660 = CARTESIAN_POINT('',(15.,18.25,-4.5));
#5661 = DIRECTION('',(0.,0.,1.));
#5662 = DIRECTION('',(1.,0.,-0.));
#5663 = DEFINITIONAL_REPRESENTATION('',(#5664),#5672);
#5664 = B_SPLINE_CURVE_WITH_KNOTS('',6,(#5665,#5666,#5667,#5668,#5669,
    #5670,#5671),.UNSPECIFIED.,.F.,.F.,(7,7),(-1.701894744115,
    -1.214890214798),.PIECEWISE_BEZIER_KNOTS.);
#5665 = CARTESIAN_POINT('',(1.931509047158,1.7));
#5666 = CARTESIAN_POINT('',(1.960156372412,1.334203385646));
#5667 = CARTESIAN_POINT('',(1.991414380611,1.006486253617));
#5668 = CARTESIAN_POINT('',(2.025538345473,0.712510938374));
#5669 = CARTESIAN_POINT('',(2.062795683081,0.448691476638));
#5670 = CARTESIAN_POINT('',(2.103454533002,0.212025884589));
#5671 = CARTESIAN_POINT('',(2.147727672031,-2.717825964282E-15));
#5672 = ( GEOMETRIC_REPRESENTATION_CONTEXT(2) 
PARAMETRIC_REPRESENTATION_CONTEXT() REPRESENTATION_CONTEXT('2D SPACE',''
  ) );
#5673 = ORIENTED_EDGE('',*,*,#5674,.F.);
#5674 = EDGE_CURVE('',#5675,#5640,#5677,.T.);
#5675 = VERTEX_POINT('',#5676);
#5676 = CARTESIAN_POINT('',(14.4,19.459338662245,-2.8));
#5677 = SURFACE_CURVE('',#5678,(#5682,#5688),.PCURVE_S1.);
#5678 = LINE('',#5679,#5680);
#5679 = CARTESIAN_POINT('',(14.4,16.55,-2.8));
#5680 = VECTOR('',#5681,1.);
#5681 = DIRECTION('',(-0.,1.,0.));
#5682 = PCURVE('',#2449,#5683);
#5683 = DEFINITIONAL_REPRESENTATION('',(#5684),#5687);
#5684 = B_SPLINE_CURVE_WITH_KNOTS('',1,(#5685,#5686),.UNSPECIFIED.,.F.,
  .F.,(2,2),(-8.881784197001E-16,3.4),.PIECEWISE_BEZIER_KNOTS.);
#5685 = CARTESIAN_POINT('',(2.2,-1.7));
#5686 = CARTESIAN_POINT('',(2.2,-5.1));
#5687 = ( GEOMETRIC_REPRESENTATION_CONTEXT(2) 
PARAMETRIC_REPRESENTATION_CONTEXT() REPRESENTATION_CONTEXT('2D SPACE',''
  ) );
#5688 = PCURVE('',#5689,#5694);
#5689 = PLANE('',#5690);
#5690 = AXIS2_PLACEMENT_3D('',#5691,#5692,#5693);
#5691 = CARTESIAN_POINT('',(15.,18.25,-2.8));
#5692 = DIRECTION('',(0.,0.,1.));
#5693 = DIRECTION('',(1.,0.,-0.));
#5694 = DEFINITIONAL_REPRESENTATION('',(#5695),#5698);
#5695 = B_SPLINE_CURVE_WITH_KNOTS('',1,(#5696,#5697),.UNSPECIFIED.,.F.,
  .F.,(2,2),(-8.881784197001E-16,3.4),.PIECEWISE_BEZIER_KNOTS.);
#5696 = CARTESIAN_POINT('',(-0.6,-1.7));
#5697 = CARTESIAN_POINT('',(-0.6,1.7));
#5698 = ( GEOMETRIC_REPRESENTATION_CONTEXT(2) 
PARAMETRIC_REPRESENTATION_CONTEXT() REPRESENTATION_CONTEXT('2D SPACE',''
  ) );
#5699 = ORIENTED_EDGE('',*,*,#5700,.T.);
#5700 = EDGE_CURVE('',#5675,#2434,#5701,.T.);
#5701 = SURFACE_CURVE('',#5702,(#5706,#5712),.PCURVE_S1.);
#5702 = LINE('',#5703,#5704);
#5703 = CARTESIAN_POINT('',(14.4,19.459338662245,-2.8));
#5704 = VECTOR('',#5705,1.);
#5705 = DIRECTION('',(0.,0.,1.));
#5706 = PCURVE('',#2449,#5707);
#5707 = DEFINITIONAL_REPRESENTATION('',(#5708),#5711);
#5708 = B_SPLINE_CURVE_WITH_KNOTS('',1,(#5709,#5710),.UNSPECIFIED.,.F.,
  .F.,(2,2),(-5.999999999062E-07,1.7000006),.PIECEWISE_BEZIER_KNOTS.);
#5709 = CARTESIAN_POINT('',(2.1999994,-4.609338662245));
#5710 = CARTESIAN_POINT('',(3.9000006,-4.609338662245));
#5711 = ( GEOMETRIC_REPRESENTATION_CONTEXT(2) 
PARAMETRIC_REPRESENTATION_CONTEXT() REPRESENTATION_CONTEXT('2D SPACE',''
  ) );
#5712 = PCURVE('',#2475,#5713);
#5713 = DEFINITIONAL_REPRESENTATION('',(#5714),#5717);
#5714 = B_SPLINE_CURVE_WITH_KNOTS('',1,(#5715,#5716),.UNSPECIFIED.,.F.,
  .F.,(2,2),(-5.999999999062E-07,1.7000006),.PIECEWISE_BEZIER_KNOTS.);
#5715 = CARTESIAN_POINT('',(2.031350318476,-5.999999999062E-07));
#5716 = CARTESIAN_POINT('',(2.031350318476,1.7000006));
#5717 = ( GEOMETRIC_REPRESENTATION_CONTEXT(2) 
PARAMETRIC_REPRESENTATION_CONTEXT() REPRESENTATION_CONTEXT('2D SPACE',''
  ) );
#5718 = ORIENTED_EDGE('',*,*,#2431,.F.);
#5719 = ORIENTED_EDGE('',*,*,#5720,.F.);
#5720 = EDGE_CURVE('',#5721,#2432,#5723,.T.);
#5721 = VERTEX_POINT('',#5722);
#5722 = CARTESIAN_POINT('',(14.4,17.040661337755,-2.8));
#5723 = SURFACE_CURVE('',#5724,(#5728,#5734),.PCURVE_S1.);
#5724 = LINE('',#5725,#5726);
#5725 = CARTESIAN_POINT('',(14.4,17.040661337755,-2.8));
#5726 = VECTOR('',#5727,1.);
#5727 = DIRECTION('',(0.,0.,1.));
#5728 = PCURVE('',#2449,#5729);
#5729 = DEFINITIONAL_REPRESENTATION('',(#5730),#5733);
#5730 = B_SPLINE_CURVE_WITH_KNOTS('',1,(#5731,#5732),.UNSPECIFIED.,.F.,
  .F.,(2,2),(-5.999999999062E-07,1.7000006),.PIECEWISE_BEZIER_KNOTS.);
#5731 = CARTESIAN_POINT('',(2.1999994,-2.190661337755));
#5732 = CARTESIAN_POINT('',(3.9000006,-2.190661337755));
#5733 = ( GEOMETRIC_REPRESENTATION_CONTEXT(2) 
PARAMETRIC_REPRESENTATION_CONTEXT() REPRESENTATION_CONTEXT('2D SPACE',''
  ) );
#5734 = PCURVE('',#2475,#5735);
#5735 = DEFINITIONAL_REPRESENTATION('',(#5736),#5739);
#5736 = B_SPLINE_CURVE_WITH_KNOTS('',1,(#5737,#5738),.UNSPECIFIED.,.F.,
  .F.,(2,2),(-5.999999999062E-07,1.7000006),.PIECEWISE_BEZIER_KNOTS.);
#5737 = CARTESIAN_POINT('',(4.251834988703,-5.999999999062E-07));
#5738 = CARTESIAN_POINT('',(4.251834988703,1.7000006));
#5739 = ( GEOMETRIC_REPRESENTATION_CONTEXT(2) 
PARAMETRIC_REPRESENTATION_CONTEXT() REPRESENTATION_CONTEXT('2D SPACE',''
  ) );
#5740 = ORIENTED_EDGE('',*,*,#5741,.F.);
#5741 = EDGE_CURVE('',#5742,#5721,#5744,.T.);
#5742 = VERTEX_POINT('',#5743);
#5743 = CARTESIAN_POINT('',(14.4,16.659402627941,-2.8));
#5744 = SURFACE_CURVE('',#5745,(#5749,#5755),.PCURVE_S1.);
#5745 = LINE('',#5746,#5747);
#5746 = CARTESIAN_POINT('',(14.4,16.55,-2.8));
#5747 = VECTOR('',#5748,1.);
#5748 = DIRECTION('',(-0.,1.,0.));
#5749 = PCURVE('',#2449,#5750);
#5750 = DEFINITIONAL_REPRESENTATION('',(#5751),#5754);
#5751 = B_SPLINE_CURVE_WITH_KNOTS('',1,(#5752,#5753),.UNSPECIFIED.,.F.,
  .F.,(2,2),(-8.881784197001E-16,3.4),.PIECEWISE_BEZIER_KNOTS.);
#5752 = CARTESIAN_POINT('',(2.2,-1.7));
#5753 = CARTESIAN_POINT('',(2.2,-5.1));
#5754 = ( GEOMETRIC_REPRESENTATION_CONTEXT(2) 
PARAMETRIC_REPRESENTATION_CONTEXT() REPRESENTATION_CONTEXT('2D SPACE',''
  ) );
#5755 = PCURVE('',#5689,#5756);
#5756 = DEFINITIONAL_REPRESENTATION('',(#5757),#5760);
#5757 = B_SPLINE_CURVE_WITH_KNOTS('',1,(#5758,#5759),.UNSPECIFIED.,.F.,
  .F.,(2,2),(-8.881784197001E-16,3.4),.PIECEWISE_BEZIER_KNOTS.);
#5758 = CARTESIAN_POINT('',(-0.6,-1.7));
#5759 = CARTESIAN_POINT('',(-0.6,1.7));
#5760 = ( GEOMETRIC_REPRESENTATION_CONTEXT(2) 
PARAMETRIC_REPRESENTATION_CONTEXT() REPRESENTATION_CONTEXT('2D SPACE',''
  ) );
#5761 = ORIENTED_EDGE('',*,*,#5762,.F.);
#5762 = EDGE_CURVE('',#5763,#5742,#5765,.T.);
#5763 = VERTEX_POINT('',#5764);
#5764 = CARTESIAN_POINT('',(14.4,17.328045554271,-4.5));
#5765 = SURFACE_CURVE('',#5766,(#5771,#5778),.PCURVE_S1.);
#5766 = HYPERBOLA('',#5767,1.7,0.6);
#5767 = AXIS2_PLACEMENT_3D('',#5768,#5769,#5770);
#5768 = CARTESIAN_POINT('',(14.4,18.25,-7.616666666667));
#5769 = DIRECTION('',(1.,0.,-0.));
#5770 = DIRECTION('',(0.,0.,1.));
#5771 = PCURVE('',#2449,#5772);
#5772 = DEFINITIONAL_REPRESENTATION('',(#5773),#5777);
#5773 = ( BOUNDED_CURVE() B_SPLINE_CURVE(2,(#5774,#5775,#5776),
.UNSPECIFIED.,.F.,.F.) B_SPLINE_CURVE_WITH_KNOTS((3,3),(1.214890214798,
1.701894744115),.PIECEWISE_BEZIER_KNOTS.) CURVE() 
GEOMETRIC_REPRESENTATION_ITEM() RATIONAL_B_SPLINE_CURVE((1.,
1.029793453849,1.)) REPRESENTATION_ITEM('') );
#5774 = CARTESIAN_POINT('',(0.5,-2.478045554271));
#5775 = CARTESIAN_POINT('',(1.123797108041,-2.215364404641));
#5776 = CARTESIAN_POINT('',(2.2,-1.809402627941));
#5777 = ( GEOMETRIC_REPRESENTATION_CONTEXT(2) 
PARAMETRIC_REPRESENTATION_CONTEXT() REPRESENTATION_CONTEXT('2D SPACE',''
  ) );
#5778 = PCURVE('',#5658,#5779);
#5779 = DEFINITIONAL_REPRESENTATION('',(#5780),#5788);
#5780 = B_SPLINE_CURVE_WITH_KNOTS('',6,(#5781,#5782,#5783,#5784,#5785,
    #5786,#5787),.UNSPECIFIED.,.F.,.F.,(7,7),(1.214890214798,
    1.701894744115),.PIECEWISE_BEZIER_KNOTS.);
#5781 = CARTESIAN_POINT('',(4.135457635148,-2.78751380952E-15));
#5782 = CARTESIAN_POINT('',(4.179730774177,0.212025884589));
#5783 = CARTESIAN_POINT('',(4.220389624098,0.448691476638));
#5784 = CARTESIAN_POINT('',(4.257646961706,0.712510938374));
#5785 = CARTESIAN_POINT('',(4.291770926569,1.006486253617));
#5786 = CARTESIAN_POINT('',(4.323028934767,1.334203385646));
#5787 = CARTESIAN_POINT('',(4.351676260021,1.7));
#5788 = ( GEOMETRIC_REPRESENTATION_CONTEXT(2) 
PARAMETRIC_REPRESENTATION_CONTEXT() REPRESENTATION_CONTEXT('2D SPACE',''
  ) );
#5789 = ORIENTED_EDGE('',*,*,#5790,.T.);
#5790 = EDGE_CURVE('',#5763,#5642,#5791,.T.);
#5791 = SURFACE_CURVE('',#5792,(#5796,#5802),.PCURVE_S1.);
#5792 = LINE('',#5793,#5794);
#5793 = CARTESIAN_POINT('',(14.4,16.55,-4.5));
#5794 = VECTOR('',#5795,1.);
#5795 = DIRECTION('',(-0.,1.,0.));
#5796 = PCURVE('',#2449,#5797);
#5797 = DEFINITIONAL_REPRESENTATION('',(#5798),#5801);
#5798 = B_SPLINE_CURVE_WITH_KNOTS('',1,(#5799,#5800),.UNSPECIFIED.,.F.,
  .F.,(2,2),(0.6,2.8),.PIECEWISE_BEZIER_KNOTS.);
#5799 = CARTESIAN_POINT('',(0.5,-2.3));
#5800 = CARTESIAN_POINT('',(0.5,-4.5));
#5801 = ( GEOMETRIC_REPRESENTATION_CONTEXT(2) 
PARAMETRIC_REPRESENTATION_CONTEXT() REPRESENTATION_CONTEXT('2D SPACE',''
  ) );
#5802 = PCURVE('',#5803,#5808);
#5803 = PLANE('',#5804);
#5804 = AXIS2_PLACEMENT_3D('',#5805,#5806,#5807);
#5805 = CARTESIAN_POINT('',(15.,18.25,-4.5));
#5806 = DIRECTION('',(0.,0.,1.));
#5807 = DIRECTION('',(1.,0.,-0.));
#5808 = DEFINITIONAL_REPRESENTATION('',(#5809),#5812);
#5809 = B_SPLINE_CURVE_WITH_KNOTS('',1,(#5810,#5811),.UNSPECIFIED.,.F.,
  .F.,(2,2),(0.6,2.8),.PIECEWISE_BEZIER_KNOTS.);
#5810 = CARTESIAN_POINT('',(-0.6,-1.1));
#5811 = CARTESIAN_POINT('',(-0.6,1.1));
#5812 = ( GEOMETRIC_REPRESENTATION_CONTEXT(2) 
PARAMETRIC_REPRESENTATION_CONTEXT() REPRESENTATION_CONTEXT('2D SPACE',''
  ) );
#5813 = ADVANCED_FACE('',(#5814),#2475,.T.);
#5814 = FACE_BOUND('',#5815,.T.);
#5815 = EDGE_LOOP('',(#5816,#5817,#5818,#5840));
#5816 = ORIENTED_EDGE('',*,*,#2460,.F.);
#5817 = ORIENTED_EDGE('',*,*,#5700,.F.);
#5818 = ORIENTED_EDGE('',*,*,#5819,.T.);
#5819 = EDGE_CURVE('',#5675,#5721,#5820,.T.);
#5820 = SURFACE_CURVE('',#5821,(#5826,#5833),.PCURVE_S1.);
#5821 = CIRCLE('',#5822,1.35);
#5822 = AXIS2_PLACEMENT_3D('',#5823,#5824,#5825);
#5823 = CARTESIAN_POINT('',(15.,18.25,-2.8));
#5824 = DIRECTION('',(0.,0.,1.));
#5825 = DIRECTION('',(1.,0.,-0.));
#5826 = PCURVE('',#2475,#5827);
#5827 = DEFINITIONAL_REPRESENTATION('',(#5828),#5832);
#5828 = LINE('',#5829,#5830);
#5829 = CARTESIAN_POINT('',(0.,0.));
#5830 = VECTOR('',#5831,1.);
#5831 = DIRECTION('',(1.,0.));
#5832 = ( GEOMETRIC_REPRESENTATION_CONTEXT(2) 
PARAMETRIC_REPRESENTATION_CONTEXT() REPRESENTATION_CONTEXT('2D SPACE',''
  ) );
#5833 = PCURVE('',#5689,#5834);
#5834 = DEFINITIONAL_REPRESENTATION('',(#5835),#5839);
#5835 = CIRCLE('',#5836,1.35);
#5836 = AXIS2_PLACEMENT_2D('',#5837,#5838);
#5837 = CARTESIAN_POINT('',(0.,0.));
#5838 = DIRECTION('',(1.,0.));
#5839 = ( GEOMETRIC_REPRESENTATION_CONTEXT(2) 
PARAMETRIC_REPRESENTATION_CONTEXT() REPRESENTATION_CONTEXT('2D SPACE',''
  ) );
#5840 = ORIENTED_EDGE('',*,*,#5720,.T.);
#5841 = ADVANCED_FACE('',(#5842),#2508,.T.);
#5842 = FACE_BOUND('',#5843,.T.);
#5843 = EDGE_LOOP('',(#5844,#5867,#5868,#5889));
#5844 = ORIENTED_EDGE('',*,*,#5845,.T.);
#5845 = EDGE_CURVE('',#5846,#2492,#5848,.T.);
#5846 = VERTEX_POINT('',#5847);
#5847 = CARTESIAN_POINT('',(16.35,18.25,-2.8));
#5848 = SURFACE_CURVE('',#5849,(#5853,#5860),.PCURVE_S1.);
#5849 = LINE('',#5850,#5851);
#5850 = CARTESIAN_POINT('',(16.35,18.25,-2.8));
#5851 = VECTOR('',#5852,1.);
#5852 = DIRECTION('',(0.,0.,1.));
#5853 = PCURVE('',#2508,#5854);
#5854 = DEFINITIONAL_REPRESENTATION('',(#5855),#5859);
#5855 = LINE('',#5856,#5857);
#5856 = CARTESIAN_POINT('',(6.28318530718,-0.));
#5857 = VECTOR('',#5858,1.);
#5858 = DIRECTION('',(0.,1.));
#5859 = ( GEOMETRIC_REPRESENTATION_CONTEXT(2) 
PARAMETRIC_REPRESENTATION_CONTEXT() REPRESENTATION_CONTEXT('2D SPACE',''
  ) );
#5860 = PCURVE('',#2562,#5861);
#5861 = DEFINITIONAL_REPRESENTATION('',(#5862),#5866);
#5862 = LINE('',#5863,#5864);
#5863 = CARTESIAN_POINT('',(0.,-0.));
#5864 = VECTOR('',#5865,1.);
#5865 = DIRECTION('',(0.,1.));
#5866 = ( GEOMETRIC_REPRESENTATION_CONTEXT(2) 
PARAMETRIC_REPRESENTATION_CONTEXT() REPRESENTATION_CONTEXT('2D SPACE',''
  ) );
#5867 = ORIENTED_EDGE('',*,*,#2489,.F.);
#5868 = ORIENTED_EDGE('',*,*,#5869,.F.);
#5869 = EDGE_CURVE('',#5870,#2490,#5872,.T.);
#5870 = VERTEX_POINT('',#5871);
#5871 = CARTESIAN_POINT('',(15.6,17.040661337755,-2.8));
#5872 = SURFACE_CURVE('',#5873,(#5877,#5883),.PCURVE_S1.);
#5873 = LINE('',#5874,#5875);
#5874 = CARTESIAN_POINT('',(15.6,17.040661337755,-2.8));
#5875 = VECTOR('',#5876,1.);
#5876 = DIRECTION('',(0.,0.,1.));
#5877 = PCURVE('',#2508,#5878);
#5878 = DEFINITIONAL_REPRESENTATION('',(#5879),#5882);
#5879 = B_SPLINE_CURVE_WITH_KNOTS('',1,(#5880,#5881),.UNSPECIFIED.,.F.,
  .F.,(2,2),(-5.999999999062E-07,1.7000006),.PIECEWISE_BEZIER_KNOTS.);
#5880 = CARTESIAN_POINT('',(5.172942972066,-5.999999999062E-07));
#5881 = CARTESIAN_POINT('',(5.172942972066,1.7000006));
#5882 = ( GEOMETRIC_REPRESENTATION_CONTEXT(2) 
PARAMETRIC_REPRESENTATION_CONTEXT() REPRESENTATION_CONTEXT('2D SPACE',''
  ) );
#5883 = PCURVE('',#2536,#5884);
#5884 = DEFINITIONAL_REPRESENTATION('',(#5885),#5888);
#5885 = B_SPLINE_CURVE_WITH_KNOTS('',1,(#5886,#5887),.UNSPECIFIED.,.F.,
  .F.,(2,2),(-5.999999999062E-07,1.7000006),.PIECEWISE_BEZIER_KNOTS.);
#5886 = CARTESIAN_POINT('',(2.1999994,-2.190661337755));
#5887 = CARTESIAN_POINT('',(3.9000006,-2.190661337755));
#5888 = ( GEOMETRIC_REPRESENTATION_CONTEXT(2) 
PARAMETRIC_REPRESENTATION_CONTEXT() REPRESENTATION_CONTEXT('2D SPACE',''
  ) );
#5889 = ORIENTED_EDGE('',*,*,#5890,.T.);
#5890 = EDGE_CURVE('',#5870,#5846,#5891,.T.);
#5891 = SURFACE_CURVE('',#5892,(#5897,#5904),.PCURVE_S1.);
#5892 = CIRCLE('',#5893,1.35);
#5893 = AXIS2_PLACEMENT_3D('',#5894,#5895,#5896);
#5894 = CARTESIAN_POINT('',(15.,18.25,-2.8));
#5895 = DIRECTION('',(0.,0.,1.));
#5896 = DIRECTION('',(1.,0.,-0.));
#5897 = PCURVE('',#2508,#5898);
#5898 = DEFINITIONAL_REPRESENTATION('',(#5899),#5903);
#5899 = LINE('',#5900,#5901);
#5900 = CARTESIAN_POINT('',(0.,0.));
#5901 = VECTOR('',#5902,1.);
#5902 = DIRECTION('',(1.,0.));
#5903 = ( GEOMETRIC_REPRESENTATION_CONTEXT(2) 
PARAMETRIC_REPRESENTATION_CONTEXT() REPRESENTATION_CONTEXT('2D SPACE',''
  ) );
#5904 = PCURVE('',#5905,#5910);
#5905 = PLANE('',#5906);
#5906 = AXIS2_PLACEMENT_3D('',#5907,#5908,#5909);
#5907 = CARTESIAN_POINT('',(15.,18.25,-2.8));
#5908 = DIRECTION('',(0.,0.,1.));
#5909 = DIRECTION('',(1.,0.,-0.));
#5910 = DEFINITIONAL_REPRESENTATION('',(#5911),#5915);
#5911 = CIRCLE('',#5912,1.35);
#5912 = AXIS2_PLACEMENT_2D('',#5913,#5914);
#5913 = CARTESIAN_POINT('',(0.,0.));
#5914 = DIRECTION('',(1.,0.));
#5915 = ( GEOMETRIC_REPRESENTATION_CONTEXT(2) 
PARAMETRIC_REPRESENTATION_CONTEXT() REPRESENTATION_CONTEXT('2D SPACE',''
  ) );
#5916 = ADVANCED_FACE('',(#5917),#2562,.T.);
#5917 = FACE_BOUND('',#5918,.T.);
#5918 = EDGE_LOOP('',(#5919,#5920,#5921,#5945));
#5919 = ORIENTED_EDGE('',*,*,#2547,.F.);
#5920 = ORIENTED_EDGE('',*,*,#5845,.F.);
#5921 = ORIENTED_EDGE('',*,*,#5922,.T.);
#5922 = EDGE_CURVE('',#5846,#5923,#5925,.T.);
#5923 = VERTEX_POINT('',#5924);
#5924 = CARTESIAN_POINT('',(15.6,19.459338662245,-2.8));
#5925 = SURFACE_CURVE('',#5926,(#5931,#5938),.PCURVE_S1.);
#5926 = CIRCLE('',#5927,1.35);
#5927 = AXIS2_PLACEMENT_3D('',#5928,#5929,#5930);
#5928 = CARTESIAN_POINT('',(15.,18.25,-2.8));
#5929 = DIRECTION('',(0.,0.,1.));
#5930 = DIRECTION('',(1.,0.,-0.));
#5931 = PCURVE('',#2562,#5932);
#5932 = DEFINITIONAL_REPRESENTATION('',(#5933),#5937);
#5933 = LINE('',#5934,#5935);
#5934 = CARTESIAN_POINT('',(0.,0.));
#5935 = VECTOR('',#5936,1.);
#5936 = DIRECTION('',(1.,0.));
#5937 = ( GEOMETRIC_REPRESENTATION_CONTEXT(2) 
PARAMETRIC_REPRESENTATION_CONTEXT() REPRESENTATION_CONTEXT('2D SPACE',''
  ) );
#5938 = PCURVE('',#5905,#5939);
#5939 = DEFINITIONAL_REPRESENTATION('',(#5940),#5944);
#5940 = CIRCLE('',#5941,1.35);
#5941 = AXIS2_PLACEMENT_2D('',#5942,#5943);
#5942 = CARTESIAN_POINT('',(0.,0.));
#5943 = DIRECTION('',(1.,0.));
#5944 = ( GEOMETRIC_REPRESENTATION_CONTEXT(2) 
PARAMETRIC_REPRESENTATION_CONTEXT() REPRESENTATION_CONTEXT('2D SPACE',''
  ) );
#5945 = ORIENTED_EDGE('',*,*,#5946,.T.);
#5946 = EDGE_CURVE('',#5923,#2521,#5947,.T.);
#5947 = SURFACE_CURVE('',#5948,(#5952,#5958),.PCURVE_S1.);
#5948 = LINE('',#5949,#5950);
#5949 = CARTESIAN_POINT('',(15.6,19.459338662245,-2.8));
#5950 = VECTOR('',#5951,1.);
#5951 = DIRECTION('',(0.,0.,1.));
#5952 = PCURVE('',#2562,#5953);
#5953 = DEFINITIONAL_REPRESENTATION('',(#5954),#5957);
#5954 = B_SPLINE_CURVE_WITH_KNOTS('',1,(#5955,#5956),.UNSPECIFIED.,.F.,
  .F.,(2,2),(-5.999999999062E-07,1.7000006),.PIECEWISE_BEZIER_KNOTS.);
#5955 = CARTESIAN_POINT('',(1.110242335114,-5.999999999062E-07));
#5956 = CARTESIAN_POINT('',(1.110242335114,1.7000006));
#5957 = ( GEOMETRIC_REPRESENTATION_CONTEXT(2) 
PARAMETRIC_REPRESENTATION_CONTEXT() REPRESENTATION_CONTEXT('2D SPACE',''
  ) );
#5958 = PCURVE('',#2536,#5959);
#5959 = DEFINITIONAL_REPRESENTATION('',(#5960),#5963);
#5960 = B_SPLINE_CURVE_WITH_KNOTS('',1,(#5961,#5962),.UNSPECIFIED.,.F.,
  .F.,(2,2),(-5.999999999062E-07,1.7000006),.PIECEWISE_BEZIER_KNOTS.);
#5961 = CARTESIAN_POINT('',(2.1999994,-4.609338662245));
#5962 = CARTESIAN_POINT('',(3.9000006,-4.609338662245));
#5963 = ( GEOMETRIC_REPRESENTATION_CONTEXT(2) 
PARAMETRIC_REPRESENTATION_CONTEXT() REPRESENTATION_CONTEXT('2D SPACE',''
  ) );
#5964 = ADVANCED_FACE('',(#5965),#2536,.F.);
#5965 = FACE_BOUND('',#5966,.F.);
#5966 = EDGE_LOOP('',(#5967,#6002,#6021,#6022,#6023,#6024,#6045,#6078));
#5967 = ORIENTED_EDGE('',*,*,#5968,.F.);
#5968 = EDGE_CURVE('',#5969,#5971,#5973,.T.);
#5969 = VERTEX_POINT('',#5970);
#5970 = CARTESIAN_POINT('',(15.6,19.840597372059,-2.8));
#5971 = VERTEX_POINT('',#5972);
#5972 = CARTESIAN_POINT('',(15.6,19.171954445729,-4.5));
#5973 = SURFACE_CURVE('',#5974,(#5979,#5986),.PCURVE_S1.);
#5974 = HYPERBOLA('',#5975,1.7,0.6);
#5975 = AXIS2_PLACEMENT_3D('',#5976,#5977,#5978);
#5976 = CARTESIAN_POINT('',(15.6,18.25,-7.616666666667));
#5977 = DIRECTION('',(1.,0.,-0.));
#5978 = DIRECTION('',(0.,0.,1.));
#5979 = PCURVE('',#2536,#5980);
#5980 = DEFINITIONAL_REPRESENTATION('',(#5981),#5985);
#5981 = ( BOUNDED_CURVE() B_SPLINE_CURVE(2,(#5982,#5983,#5984),
.UNSPECIFIED.,.F.,.F.) B_SPLINE_CURVE_WITH_KNOTS((3,3),(-1.701894744115,
-1.214890214798),.PIECEWISE_BEZIER_KNOTS.) CURVE() 
GEOMETRIC_REPRESENTATION_ITEM() RATIONAL_B_SPLINE_CURVE((1.,
1.029793453849,1.)) REPRESENTATION_ITEM('') );
#5982 = CARTESIAN_POINT('',(2.2,-4.990597372059));
#5983 = CARTESIAN_POINT('',(1.123797108041,-4.584635595359));
#5984 = CARTESIAN_POINT('',(0.5,-4.321954445729));
#5985 = ( GEOMETRIC_REPRESENTATION_CONTEXT(2) 
PARAMETRIC_REPRESENTATION_CONTEXT() REPRESENTATION_CONTEXT('2D SPACE',''
  ) );
#5986 = PCURVE('',#5987,#5992);
#5987 = CONICAL_SURFACE('',#5988,1.1,0.339292614454);
#5988 = AXIS2_PLACEMENT_3D('',#5989,#5990,#5991);
#5989 = CARTESIAN_POINT('',(15.,18.25,-4.5));
#5990 = DIRECTION('',(0.,0.,1.));
#5991 = DIRECTION('',(1.,0.,-0.));
#5992 = DEFINITIONAL_REPRESENTATION('',(#5993),#6001);
#5993 = B_SPLINE_CURVE_WITH_KNOTS('',6,(#5994,#5995,#5996,#5997,#5998,
    #5999,#6000),.UNSPECIFIED.,.F.,.F.,(7,7),(-1.701894744115,
    -1.214890214798),.PIECEWISE_BEZIER_KNOTS.);
#5994 = CARTESIAN_POINT('',(1.210083606431,1.7));
#5995 = CARTESIAN_POINT('',(1.181436281177,1.334203385646));
#5996 = CARTESIAN_POINT('',(1.150178272979,1.006486253617));
#5997 = CARTESIAN_POINT('',(1.116054308116,0.712510938374));
#5998 = CARTESIAN_POINT('',(1.078796970509,0.448691476638));
#5999 = CARTESIAN_POINT('',(1.038138120587,0.212025884589));
#6000 = CARTESIAN_POINT('',(0.993864981558,-2.717825964282E-15));
#6001 = ( GEOMETRIC_REPRESENTATION_CONTEXT(2) 
PARAMETRIC_REPRESENTATION_CONTEXT() REPRESENTATION_CONTEXT('2D SPACE',''
  ) );
#6002 = ORIENTED_EDGE('',*,*,#6003,.F.);
#6003 = EDGE_CURVE('',#5923,#5969,#6004,.T.);
#6004 = SURFACE_CURVE('',#6005,(#6009,#6015),.PCURVE_S1.);
#6005 = LINE('',#6006,#6007);
#6006 = CARTESIAN_POINT('',(15.6,16.55,-2.8));
#6007 = VECTOR('',#6008,1.);
#6008 = DIRECTION('',(-0.,1.,0.));
#6009 = PCURVE('',#2536,#6010);
#6010 = DEFINITIONAL_REPRESENTATION('',(#6011),#6014);
#6011 = B_SPLINE_CURVE_WITH_KNOTS('',1,(#6012,#6013),.UNSPECIFIED.,.F.,
  .F.,(2,2),(-8.881784197001E-16,3.4),.PIECEWISE_BEZIER_KNOTS.);
#6012 = CARTESIAN_POINT('',(2.2,-1.7));
#6013 = CARTESIAN_POINT('',(2.2,-5.1));
#6014 = ( GEOMETRIC_REPRESENTATION_CONTEXT(2) 
PARAMETRIC_REPRESENTATION_CONTEXT() REPRESENTATION_CONTEXT('2D SPACE',''
  ) );
#6015 = PCURVE('',#5905,#6016);
#6016 = DEFINITIONAL_REPRESENTATION('',(#6017),#6020);
#6017 = B_SPLINE_CURVE_WITH_KNOTS('',1,(#6018,#6019),.UNSPECIFIED.,.F.,
  .F.,(2,2),(-8.881784197001E-16,3.4),.PIECEWISE_BEZIER_KNOTS.);
#6018 = CARTESIAN_POINT('',(0.6,-1.7));
#6019 = CARTESIAN_POINT('',(0.6,1.7));
#6020 = ( GEOMETRIC_REPRESENTATION_CONTEXT(2) 
PARAMETRIC_REPRESENTATION_CONTEXT() REPRESENTATION_CONTEXT('2D SPACE',''
  ) );
#6021 = ORIENTED_EDGE('',*,*,#5946,.T.);
#6022 = ORIENTED_EDGE('',*,*,#2520,.F.);
#6023 = ORIENTED_EDGE('',*,*,#5869,.F.);
#6024 = ORIENTED_EDGE('',*,*,#6025,.F.);
#6025 = EDGE_CURVE('',#6026,#5870,#6028,.T.);
#6026 = VERTEX_POINT('',#6027);
#6027 = CARTESIAN_POINT('',(15.6,16.659402627941,-2.8));
#6028 = SURFACE_CURVE('',#6029,(#6033,#6039),.PCURVE_S1.);
#6029 = LINE('',#6030,#6031);
#6030 = CARTESIAN_POINT('',(15.6,16.55,-2.8));
#6031 = VECTOR('',#6032,1.);
#6032 = DIRECTION('',(-0.,1.,0.));
#6033 = PCURVE('',#2536,#6034);
#6034 = DEFINITIONAL_REPRESENTATION('',(#6035),#6038);
#6035 = B_SPLINE_CURVE_WITH_KNOTS('',1,(#6036,#6037),.UNSPECIFIED.,.F.,
  .F.,(2,2),(-8.881784197001E-16,3.4),.PIECEWISE_BEZIER_KNOTS.);
#6036 = CARTESIAN_POINT('',(2.2,-1.7));
#6037 = CARTESIAN_POINT('',(2.2,-5.1));
#6038 = ( GEOMETRIC_REPRESENTATION_CONTEXT(2) 
PARAMETRIC_REPRESENTATION_CONTEXT() REPRESENTATION_CONTEXT('2D SPACE',''
  ) );
#6039 = PCURVE('',#5905,#6040);
#6040 = DEFINITIONAL_REPRESENTATION('',(#6041),#6044);
#6041 = B_SPLINE_CURVE_WITH_KNOTS('',1,(#6042,#6043),.UNSPECIFIED.,.F.,
  .F.,(2,2),(-8.881784197001E-16,3.4),.PIECEWISE_BEZIER_KNOTS.);
#6042 = CARTESIAN_POINT('',(0.6,-1.7));
#6043 = CARTESIAN_POINT('',(0.6,1.7));
#6044 = ( GEOMETRIC_REPRESENTATION_CONTEXT(2) 
PARAMETRIC_REPRESENTATION_CONTEXT() REPRESENTATION_CONTEXT('2D SPACE',''
  ) );
#6045 = ORIENTED_EDGE('',*,*,#6046,.F.);
#6046 = EDGE_CURVE('',#6047,#6026,#6049,.T.);
#6047 = VERTEX_POINT('',#6048);
#6048 = CARTESIAN_POINT('',(15.6,17.328045554271,-4.5));
#6049 = SURFACE_CURVE('',#6050,(#6055,#6062),.PCURVE_S1.);
#6050 = HYPERBOLA('',#6051,1.7,0.6);
#6051 = AXIS2_PLACEMENT_3D('',#6052,#6053,#6054);
#6052 = CARTESIAN_POINT('',(15.6,18.25,-7.616666666667));
#6053 = DIRECTION('',(1.,0.,-0.));
#6054 = DIRECTION('',(0.,0.,1.));
#6055 = PCURVE('',#2536,#6056);
#6056 = DEFINITIONAL_REPRESENTATION('',(#6057),#6061);
#6057 = ( BOUNDED_CURVE() B_SPLINE_CURVE(2,(#6058,#6059,#6060),
.UNSPECIFIED.,.F.,.F.) B_SPLINE_CURVE_WITH_KNOTS((3,3),(1.214890214798,
1.701894744115),.PIECEWISE_BEZIER_KNOTS.) CURVE() 
GEOMETRIC_REPRESENTATION_ITEM() RATIONAL_B_SPLINE_CURVE((1.,
1.029793453849,1.)) REPRESENTATION_ITEM('') );
#6058 = CARTESIAN_POINT('',(0.5,-2.478045554271));
#6059 = CARTESIAN_POINT('',(1.123797108041,-2.215364404641));
#6060 = CARTESIAN_POINT('',(2.2,-1.809402627941));
#6061 = ( GEOMETRIC_REPRESENTATION_CONTEXT(2) 
PARAMETRIC_REPRESENTATION_CONTEXT() REPRESENTATION_CONTEXT('2D SPACE',''
  ) );
#6062 = PCURVE('',#6063,#6068);
#6063 = CONICAL_SURFACE('',#6064,1.1,0.339292614454);
#6064 = AXIS2_PLACEMENT_3D('',#6065,#6066,#6067);
#6065 = CARTESIAN_POINT('',(15.,18.25,-4.5));
#6066 = DIRECTION('',(0.,0.,1.));
#6067 = DIRECTION('',(1.,0.,-0.));
#6068 = DEFINITIONAL_REPRESENTATION('',(#6069),#6077);
#6069 = B_SPLINE_CURVE_WITH_KNOTS('',6,(#6070,#6071,#6072,#6073,#6074,
    #6075,#6076),.UNSPECIFIED.,.F.,.F.,(7,7),(1.214890214798,
    1.701894744115),.PIECEWISE_BEZIER_KNOTS.);
#6070 = CARTESIAN_POINT('',(5.289320325621,-2.717825964282E-15));
#6071 = CARTESIAN_POINT('',(5.245047186592,0.212025884589));
#6072 = CARTESIAN_POINT('',(5.204388336671,0.448691476638));
#6073 = CARTESIAN_POINT('',(5.167130999063,0.712510938374));
#6074 = CARTESIAN_POINT('',(5.1330070342,1.006486253617));
#6075 = CARTESIAN_POINT('',(5.101749026002,1.334203385646));
#6076 = CARTESIAN_POINT('',(5.073101700748,1.7));
#6077 = ( GEOMETRIC_REPRESENTATION_CONTEXT(2) 
PARAMETRIC_REPRESENTATION_CONTEXT() REPRESENTATION_CONTEXT('2D SPACE',''
  ) );
#6078 = ORIENTED_EDGE('',*,*,#6079,.T.);
#6079 = EDGE_CURVE('',#6047,#5971,#6080,.T.);
#6080 = SURFACE_CURVE('',#6081,(#6085,#6091),.PCURVE_S1.);
#6081 = LINE('',#6082,#6083);
#6082 = CARTESIAN_POINT('',(15.6,16.55,-4.5));
#6083 = VECTOR('',#6084,1.);
#6084 = DIRECTION('',(-0.,1.,0.));
#6085 = PCURVE('',#2536,#6086);
#6086 = DEFINITIONAL_REPRESENTATION('',(#6087),#6090);
#6087 = B_SPLINE_CURVE_WITH_KNOTS('',1,(#6088,#6089),.UNSPECIFIED.,.F.,
  .F.,(2,2),(0.6,2.8),.PIECEWISE_BEZIER_KNOTS.);
#6088 = CARTESIAN_POINT('',(0.5,-2.3));
#6089 = CARTESIAN_POINT('',(0.5,-4.5));
#6090 = ( GEOMETRIC_REPRESENTATION_CONTEXT(2) 
PARAMETRIC_REPRESENTATION_CONTEXT() REPRESENTATION_CONTEXT('2D SPACE',''
  ) );
#6091 = PCURVE('',#6092,#6097);
#6092 = PLANE('',#6093);
#6093 = AXIS2_PLACEMENT_3D('',#6094,#6095,#6096);
#6094 = CARTESIAN_POINT('',(15.,18.25,-4.5));
#6095 = DIRECTION('',(0.,0.,1.));
#6096 = DIRECTION('',(1.,0.,-0.));
#6097 = DEFINITIONAL_REPRESENTATION('',(#6098),#6101);
#6098 = B_SPLINE_CURVE_WITH_KNOTS('',1,(#6099,#6100),.UNSPECIFIED.,.F.,
  .F.,(2,2),(0.6,2.8),.PIECEWISE_BEZIER_KNOTS.);
#6099 = CARTESIAN_POINT('',(0.6,-1.1));
#6100 = CARTESIAN_POINT('',(0.6,1.1));
#6101 = ( GEOMETRIC_REPRESENTATION_CONTEXT(2) 
PARAMETRIC_REPRESENTATION_CONTEXT() REPRESENTATION_CONTEXT('2D SPACE',''
  ) );
#6102 = ADVANCED_FACE('',(#6103),#2594,.T.);
#6103 = FACE_BOUND('',#6104,.T.);
#6104 = EDGE_LOOP('',(#6105,#6106,#6107));
#6105 = ORIENTED_EDGE('',*,*,#2577,.T.);
#6106 = ORIENTED_EDGE('',*,*,#2690,.F.);
#6107 = ORIENTED_EDGE('',*,*,#2737,.T.);
#6108 = ADVANCED_FACE('',(#6109),#2651,.T.);
#6109 = FACE_BOUND('',#6110,.T.);
#6110 = EDGE_LOOP('',(#6111,#6112,#6140,#6162));
#6111 = ORIENTED_EDGE('',*,*,#2634,.T.);
#6112 = ORIENTED_EDGE('',*,*,#6113,.T.);
#6113 = EDGE_CURVE('',#2607,#6114,#6116,.T.);
#6114 = VERTEX_POINT('',#6115);
#6115 = CARTESIAN_POINT('',(20.55,3.788139384975,0.));
#6116 = SURFACE_CURVE('',#6117,(#6121,#6128),.PCURVE_S1.);
#6117 = LINE('',#6118,#6119);
#6118 = CARTESIAN_POINT('',(20.55,-12.6,0.));
#6119 = VECTOR('',#6120,1.);
#6120 = DIRECTION('',(-0.,1.,0.));
#6121 = PCURVE('',#2651,#6122);
#6122 = DEFINITIONAL_REPRESENTATION('',(#6123),#6127);
#6123 = LINE('',#6124,#6125);
#6124 = CARTESIAN_POINT('',(41.1,0.));
#6125 = VECTOR('',#6126,1.);
#6126 = DIRECTION('',(0.,1.));
#6127 = ( GEOMETRIC_REPRESENTATION_CONTEXT(2) 
PARAMETRIC_REPRESENTATION_CONTEXT() REPRESENTATION_CONTEXT('2D SPACE',''
  ) );
#6128 = PCURVE('',#6129,#6134);
#6129 = PLANE('',#6130);
#6130 = AXIS2_PLACEMENT_3D('',#6131,#6132,#6133);
#6131 = CARTESIAN_POINT('',(20.85,0.,0.));
#6132 = DIRECTION('',(0.,0.,1.));
#6133 = DIRECTION('',(1.,0.,-0.));
#6134 = DEFINITIONAL_REPRESENTATION('',(#6135),#6139);
#6135 = LINE('',#6136,#6137);
#6136 = CARTESIAN_POINT('',(-0.3,-12.6));
#6137 = VECTOR('',#6138,1.);
#6138 = DIRECTION('',(0.,1.));
#6139 = ( GEOMETRIC_REPRESENTATION_CONTEXT(2) 
PARAMETRIC_REPRESENTATION_CONTEXT() REPRESENTATION_CONTEXT('2D SPACE',''
  ) );
#6140 = ORIENTED_EDGE('',*,*,#6141,.T.);
#6141 = EDGE_CURVE('',#6114,#4930,#6142,.T.);
#6142 = SURFACE_CURVE('',#6143,(#6148,#6155),.PCURVE_S1.);
#6143 = CIRCLE('',#6144,3.8);
#6144 = AXIS2_PLACEMENT_3D('',#6145,#6146,#6147);
#6145 = CARTESIAN_POINT('',(20.85,0.,0.));
#6146 = DIRECTION('',(0.,0.,1.));
#6147 = DIRECTION('',(1.,0.,-0.));
#6148 = PCURVE('',#2651,#6149);
#6149 = DEFINITIONAL_REPRESENTATION('',(#6150),#6154);
#6150 = CIRCLE('',#6151,3.8);
#6151 = AXIS2_PLACEMENT_2D('',#6152,#6153);
#6152 = CARTESIAN_POINT('',(41.4,12.6));
#6153 = DIRECTION('',(1.,0.));
#6154 = ( GEOMETRIC_REPRESENTATION_CONTEXT(2) 
PARAMETRIC_REPRESENTATION_CONTEXT() REPRESENTATION_CONTEXT('2D SPACE',''
  ) );
#6155 = PCURVE('',#4945,#6156);
#6156 = DEFINITIONAL_REPRESENTATION('',(#6157),#6161);
#6157 = CIRCLE('',#6158,3.8);
#6158 = AXIS2_PLACEMENT_2D('',#6159,#6160);
#6159 = CARTESIAN_POINT('',(41.4,12.6));
#6160 = DIRECTION('',(1.,0.));
#6161 = ( GEOMETRIC_REPRESENTATION_CONTEXT(2) 
PARAMETRIC_REPRESENTATION_CONTEXT() REPRESENTATION_CONTEXT('2D SPACE',''
  ) );
#6162 = ORIENTED_EDGE('',*,*,#4957,.F.);
#6163 = ADVANCED_FACE('',(#6164),#2622,.T.);
#6164 = FACE_BOUND('',#6165,.T.);
#6165 = EDGE_LOOP('',(#6166,#6167,#6190,#6214));
#6166 = ORIENTED_EDGE('',*,*,#2836,.F.);
#6167 = ORIENTED_EDGE('',*,*,#6168,.T.);
#6168 = EDGE_CURVE('',#2813,#6169,#6171,.T.);
#6169 = VERTEX_POINT('',#6170);
#6170 = CARTESIAN_POINT('',(20.55,-3.788139384975,-5.6));
#6171 = SURFACE_CURVE('',#6172,(#6176,#6183),.PCURVE_S1.);
#6172 = LINE('',#6173,#6174);
#6173 = CARTESIAN_POINT('',(20.55,-12.6,-5.6));
#6174 = VECTOR('',#6175,1.);
#6175 = DIRECTION('',(-0.,1.,0.));
#6176 = PCURVE('',#2622,#6177);
#6177 = DEFINITIONAL_REPRESENTATION('',(#6178),#6182);
#6178 = LINE('',#6179,#6180);
#6179 = CARTESIAN_POINT('',(0.,0.));
#6180 = VECTOR('',#6181,1.);
#6181 = DIRECTION('',(0.,-1.));
#6182 = ( GEOMETRIC_REPRESENTATION_CONTEXT(2) 
PARAMETRIC_REPRESENTATION_CONTEXT() REPRESENTATION_CONTEXT('2D SPACE',''
  ) );
#6183 = PCURVE('',#4763,#6184);
#6184 = DEFINITIONAL_REPRESENTATION('',(#6185),#6189);
#6185 = LINE('',#6186,#6187);
#6186 = CARTESIAN_POINT('',(41.1,0.));
#6187 = VECTOR('',#6188,1.);
#6188 = DIRECTION('',(0.,1.));
#6189 = ( GEOMETRIC_REPRESENTATION_CONTEXT(2) 
PARAMETRIC_REPRESENTATION_CONTEXT() REPRESENTATION_CONTEXT('2D SPACE',''
  ) );
#6190 = ORIENTED_EDGE('',*,*,#6191,.T.);
#6191 = EDGE_CURVE('',#6169,#2607,#6192,.T.);
#6192 = SURFACE_CURVE('',#6193,(#6197,#6203),.PCURVE_S1.);
#6193 = LINE('',#6194,#6195);
#6194 = CARTESIAN_POINT('',(20.55,-3.788139384975,-5.6));
#6195 = VECTOR('',#6196,1.);
#6196 = DIRECTION('',(0.,0.,1.));
#6197 = PCURVE('',#2622,#6198);
#6198 = DEFINITIONAL_REPRESENTATION('',(#6199),#6202);
#6199 = B_SPLINE_CURVE_WITH_KNOTS('',1,(#6200,#6201),.UNSPECIFIED.,.F.,
  .F.,(2,2),(-5.999999999062E-07,5.6000006),.PIECEWISE_BEZIER_KNOTS.);
#6200 = CARTESIAN_POINT('',(-5.999999999062E-07,-8.811860615025));
#6201 = CARTESIAN_POINT('',(5.6000006,-8.811860615025));
#6202 = ( GEOMETRIC_REPRESENTATION_CONTEXT(2) 
PARAMETRIC_REPRESENTATION_CONTEXT() REPRESENTATION_CONTEXT('2D SPACE',''
  ) );
#6203 = PCURVE('',#6204,#6209);
#6204 = CYLINDRICAL_SURFACE('',#6205,3.8);
#6205 = AXIS2_PLACEMENT_3D('',#6206,#6207,#6208);
#6206 = CARTESIAN_POINT('',(20.85,0.,-5.6));
#6207 = DIRECTION('',(0.,0.,1.));
#6208 = DIRECTION('',(1.,0.,-0.));
#6209 = DEFINITIONAL_REPRESENTATION('',(#6210),#6213);
#6210 = B_SPLINE_CURVE_WITH_KNOTS('',1,(#6211,#6212),.UNSPECIFIED.,.F.,
  .F.,(2,2),(-5.999999999062E-07,5.6000006),.PIECEWISE_BEZIER_KNOTS.);
#6211 = CARTESIAN_POINT('',(4.633359372056,-5.999999999062E-07));
#6212 = CARTESIAN_POINT('',(4.633359372056,5.6000006));
#6213 = ( GEOMETRIC_REPRESENTATION_CONTEXT(2) 
PARAMETRIC_REPRESENTATION_CONTEXT() REPRESENTATION_CONTEXT('2D SPACE',''
  ) );
#6214 = ORIENTED_EDGE('',*,*,#2606,.F.);
#6215 = ADVANCED_FACE('',(#6216),#2878,.T.);
#6216 = FACE_BOUND('',#6217,.T.);
#6217 = EDGE_LOOP('',(#6218,#6249,#6275,#6276,#6277));
#6218 = ORIENTED_EDGE('',*,*,#6219,.F.);
#6219 = EDGE_CURVE('',#6220,#6222,#6224,.T.);
#6220 = VERTEX_POINT('',#6221);
#6221 = CARTESIAN_POINT('',(-20.55,23.6,0.));
#6222 = VERTEX_POINT('',#6223);
#6223 = CARTESIAN_POINT('',(-17.55,20.6,0.));
#6224 = SURFACE_CURVE('',#6225,(#6230,#6237),.PCURVE_S1.);
#6225 = CIRCLE('',#6226,3.);
#6226 = AXIS2_PLACEMENT_3D('',#6227,#6228,#6229);
#6227 = CARTESIAN_POINT('',(-17.55,23.6,0.));
#6228 = DIRECTION('',(0.,0.,1.));
#6229 = DIRECTION('',(1.,0.,-0.));
#6230 = PCURVE('',#2878,#6231);
#6231 = DEFINITIONAL_REPRESENTATION('',(#6232),#6236);
#6232 = CIRCLE('',#6233,3.);
#6233 = AXIS2_PLACEMENT_2D('',#6234,#6235);
#6234 = CARTESIAN_POINT('',(3.,36.2));
#6235 = DIRECTION('',(1.,0.));
#6236 = ( GEOMETRIC_REPRESENTATION_CONTEXT(2) 
PARAMETRIC_REPRESENTATION_CONTEXT() REPRESENTATION_CONTEXT('2D SPACE',''
  ) );
#6237 = PCURVE('',#6238,#6243);
#6238 = PLANE('',#6239);
#6239 = AXIS2_PLACEMENT_3D('',#6240,#6241,#6242);
#6240 = CARTESIAN_POINT('',(-20.55,-12.6,0.));
#6241 = DIRECTION('',(0.,0.,1.));
#6242 = DIRECTION('',(1.,0.,-0.));
#6243 = DEFINITIONAL_REPRESENTATION('',(#6244),#6248);
#6244 = CIRCLE('',#6245,3.);
#6245 = AXIS2_PLACEMENT_2D('',#6246,#6247);
#6246 = CARTESIAN_POINT('',(3.,36.2));
#6247 = DIRECTION('',(1.,0.));
#6248 = ( GEOMETRIC_REPRESENTATION_CONTEXT(2) 
PARAMETRIC_REPRESENTATION_CONTEXT() REPRESENTATION_CONTEXT('2D SPACE',''
  ) );
#6249 = ORIENTED_EDGE('',*,*,#6250,.F.);
#6250 = EDGE_CURVE('',#2862,#6220,#6251,.T.);
#6251 = SURFACE_CURVE('',#6252,(#6256,#6263),.PCURVE_S1.);
#6252 = LINE('',#6253,#6254);
#6253 = CARTESIAN_POINT('',(-20.55,-12.6,0.));
#6254 = VECTOR('',#6255,1.);
#6255 = DIRECTION('',(-0.,1.,0.));
#6256 = PCURVE('',#2878,#6257);
#6257 = DEFINITIONAL_REPRESENTATION('',(#6258),#6262);
#6258 = LINE('',#6259,#6260);
#6259 = CARTESIAN_POINT('',(0.,0.));
#6260 = VECTOR('',#6261,1.);
#6261 = DIRECTION('',(0.,1.));
#6262 = ( GEOMETRIC_REPRESENTATION_CONTEXT(2) 
PARAMETRIC_REPRESENTATION_CONTEXT() REPRESENTATION_CONTEXT('2D SPACE',''
  ) );
#6263 = PCURVE('',#6264,#6269);
#6264 = PLANE('',#6265);
#6265 = AXIS2_PLACEMENT_3D('',#6266,#6267,#6268);
#6266 = CARTESIAN_POINT('',(-20.55,-12.6,-5.6));
#6267 = DIRECTION('',(1.,0.,-0.));
#6268 = DIRECTION('',(0.,0.,1.));
#6269 = DEFINITIONAL_REPRESENTATION('',(#6270),#6274);
#6270 = LINE('',#6271,#6272);
#6271 = CARTESIAN_POINT('',(5.6,0.));
#6272 = VECTOR('',#6273,1.);
#6273 = DIRECTION('',(0.,-1.));
#6274 = ( GEOMETRIC_REPRESENTATION_CONTEXT(2) 
PARAMETRIC_REPRESENTATION_CONTEXT() REPRESENTATION_CONTEXT('2D SPACE',''
  ) );
#6275 = ORIENTED_EDGE('',*,*,#2859,.F.);
#6276 = ORIENTED_EDGE('',*,*,#2966,.T.);
#6277 = ORIENTED_EDGE('',*,*,#6278,.T.);
#6278 = EDGE_CURVE('',#2944,#6222,#6279,.T.);
#6279 = SURFACE_CURVE('',#6280,(#6284,#6291),.PCURVE_S1.);
#6280 = LINE('',#6281,#6282);
#6281 = CARTESIAN_POINT('',(-17.55,-15.6,0.));
#6282 = VECTOR('',#6283,1.);
#6283 = DIRECTION('',(-0.,1.,0.));
#6284 = PCURVE('',#2878,#6285);
#6285 = DEFINITIONAL_REPRESENTATION('',(#6286),#6290);
#6286 = LINE('',#6287,#6288);
#6287 = CARTESIAN_POINT('',(3.,-3.));
#6288 = VECTOR('',#6289,1.);
#6289 = DIRECTION('',(0.,1.));
#6290 = ( GEOMETRIC_REPRESENTATION_CONTEXT(2) 
PARAMETRIC_REPRESENTATION_CONTEXT() REPRESENTATION_CONTEXT('2D SPACE',''
  ) );
#6291 = PCURVE('',#3723,#6292);
#6292 = DEFINITIONAL_REPRESENTATION('',(#6293),#6297);
#6293 = LINE('',#6294,#6295);
#6294 = CARTESIAN_POINT('',(0.,0.));
#6295 = VECTOR('',#6296,1.);
#6296 = DIRECTION('',(0.,1.));
#6297 = ( GEOMETRIC_REPRESENTATION_CONTEXT(2) 
PARAMETRIC_REPRESENTATION_CONTEXT() REPRESENTATION_CONTEXT('2D SPACE',''
  ) );
#6298 = ADVANCED_FACE('',(#6299),#2904,.T.);
#6299 = FACE_BOUND('',#6300,.T.);
#6300 = EDGE_LOOP('',(#6301,#6329,#6330,#6331,#6360,#6388,#6417));
#6301 = ORIENTED_EDGE('',*,*,#6302,.F.);
#6302 = EDGE_CURVE('',#3174,#6303,#6305,.T.);
#6303 = VERTEX_POINT('',#6304);
#6304 = CARTESIAN_POINT('',(-20.85,-1.057118725593,0.));
#6305 = SURFACE_CURVE('',#6306,(#6310,#6317),.PCURVE_S1.);
#6306 = LINE('',#6307,#6308);
#6307 = CARTESIAN_POINT('',(-20.85,-3.8,0.));
#6308 = VECTOR('',#6309,1.);
#6309 = DIRECTION('',(-0.,1.,0.));
#6310 = PCURVE('',#2904,#6311);
#6311 = DEFINITIONAL_REPRESENTATION('',(#6312),#6316);
#6312 = LINE('',#6313,#6314);
#6313 = CARTESIAN_POINT('',(0.,-3.8));
#6314 = VECTOR('',#6315,1.);
#6315 = DIRECTION('',(0.,1.));
#6316 = ( GEOMETRIC_REPRESENTATION_CONTEXT(2) 
PARAMETRIC_REPRESENTATION_CONTEXT() REPRESENTATION_CONTEXT('2D SPACE',''
  ) );
#6317 = PCURVE('',#6318,#6323);
#6318 = PLANE('',#6319);
#6319 = AXIS2_PLACEMENT_3D('',#6320,#6321,#6322);
#6320 = CARTESIAN_POINT('',(-24.5,-3.8,0.));
#6321 = DIRECTION('',(0.,0.,1.));
#6322 = DIRECTION('',(1.,0.,-0.));
#6323 = DEFINITIONAL_REPRESENTATION('',(#6324),#6328);
#6324 = LINE('',#6325,#6326);
#6325 = CARTESIAN_POINT('',(3.65,0.));
#6326 = VECTOR('',#6327,1.);
#6327 = DIRECTION('',(0.,1.));
#6328 = ( GEOMETRIC_REPRESENTATION_CONTEXT(2) 
PARAMETRIC_REPRESENTATION_CONTEXT() REPRESENTATION_CONTEXT('2D SPACE',''
  ) );
#6329 = ORIENTED_EDGE('',*,*,#3173,.T.);
#6330 = ORIENTED_EDGE('',*,*,#2890,.T.);
#6331 = ORIENTED_EDGE('',*,*,#6332,.T.);
#6332 = EDGE_CURVE('',#2862,#6333,#6335,.T.);
#6333 = VERTEX_POINT('',#6334);
#6334 = CARTESIAN_POINT('',(-20.85,3.8,0.));
#6335 = SURFACE_CURVE('',#6336,(#6341,#6348),.PCURVE_S1.);
#6336 = CIRCLE('',#6337,3.8);
#6337 = AXIS2_PLACEMENT_3D('',#6338,#6339,#6340);
#6338 = CARTESIAN_POINT('',(-20.85,0.,0.));
#6339 = DIRECTION('',(0.,0.,1.));
#6340 = DIRECTION('',(1.,0.,-0.));
#6341 = PCURVE('',#2904,#6342);
#6342 = DEFINITIONAL_REPRESENTATION('',(#6343),#6347);
#6343 = CIRCLE('',#6344,3.8);
#6344 = AXIS2_PLACEMENT_2D('',#6345,#6346);
#6345 = CARTESIAN_POINT('',(0.,0.));
#6346 = DIRECTION('',(1.,0.));
#6347 = ( GEOMETRIC_REPRESENTATION_CONTEXT(2) 
PARAMETRIC_REPRESENTATION_CONTEXT() REPRESENTATION_CONTEXT('2D SPACE',''
  ) );
#6348 = PCURVE('',#6349,#6354);
#6349 = CYLINDRICAL_SURFACE('',#6350,3.8);
#6350 = AXIS2_PLACEMENT_3D('',#6351,#6352,#6353);
#6351 = CARTESIAN_POINT('',(-20.85,0.,-5.6));
#6352 = DIRECTION('',(0.,0.,1.));
#6353 = DIRECTION('',(1.,0.,-0.));
#6354 = DEFINITIONAL_REPRESENTATION('',(#6355),#6359);
#6355 = LINE('',#6356,#6357);
#6356 = CARTESIAN_POINT('',(0.,5.6));
#6357 = VECTOR('',#6358,1.);
#6358 = DIRECTION('',(1.,0.));
#6359 = ( GEOMETRIC_REPRESENTATION_CONTEXT(2) 
PARAMETRIC_REPRESENTATION_CONTEXT() REPRESENTATION_CONTEXT('2D SPACE',''
  ) );
#6360 = ORIENTED_EDGE('',*,*,#6361,.F.);
#6361 = EDGE_CURVE('',#6362,#6333,#6364,.T.);
#6362 = VERTEX_POINT('',#6363);
#6363 = CARTESIAN_POINT('',(-20.85,1.057118725593,0.));
#6364 = SURFACE_CURVE('',#6365,(#6369,#6376),.PCURVE_S1.);
#6365 = LINE('',#6366,#6367);
#6366 = CARTESIAN_POINT('',(-20.85,-3.8,0.));
#6367 = VECTOR('',#6368,1.);
#6368 = DIRECTION('',(-0.,1.,0.));
#6369 = PCURVE('',#2904,#6370);
#6370 = DEFINITIONAL_REPRESENTATION('',(#6371),#6375);
#6371 = LINE('',#6372,#6373);
#6372 = CARTESIAN_POINT('',(0.,-3.8));
#6373 = VECTOR('',#6374,1.);
#6374 = DIRECTION('',(0.,1.));
#6375 = ( GEOMETRIC_REPRESENTATION_CONTEXT(2) 
PARAMETRIC_REPRESENTATION_CONTEXT() REPRESENTATION_CONTEXT('2D SPACE',''
  ) );
#6376 = PCURVE('',#6377,#6382);
#6377 = PLANE('',#6378);
#6378 = AXIS2_PLACEMENT_3D('',#6379,#6380,#6381);
#6379 = CARTESIAN_POINT('',(-24.5,-3.8,0.));
#6380 = DIRECTION('',(0.,0.,1.));
#6381 = DIRECTION('',(1.,0.,-0.));
#6382 = DEFINITIONAL_REPRESENTATION('',(#6383),#6387);
#6383 = LINE('',#6384,#6385);
#6384 = CARTESIAN_POINT('',(3.65,0.));
#6385 = VECTOR('',#6386,1.);
#6386 = DIRECTION('',(0.,1.));
#6387 = ( GEOMETRIC_REPRESENTATION_CONTEXT(2) 
PARAMETRIC_REPRESENTATION_CONTEXT() REPRESENTATION_CONTEXT('2D SPACE',''
  ) );
#6388 = ORIENTED_EDGE('',*,*,#6389,.F.);
#6389 = EDGE_CURVE('',#6390,#6362,#6392,.T.);
#6390 = VERTEX_POINT('',#6391);
#6391 = CARTESIAN_POINT('',(-20.7,-9.30731567352E-16,0.));
#6392 = SURFACE_CURVE('',#6393,(#6398,#6405),.PCURVE_S1.);
#6393 = CIRCLE('',#6394,3.8);
#6394 = AXIS2_PLACEMENT_3D('',#6395,#6396,#6397);
#6395 = CARTESIAN_POINT('',(-24.5,0.,0.));
#6396 = DIRECTION('',(0.,0.,1.));
#6397 = DIRECTION('',(1.,0.,-0.));
#6398 = PCURVE('',#2904,#6399);
#6399 = DEFINITIONAL_REPRESENTATION('',(#6400),#6404);
#6400 = CIRCLE('',#6401,3.8);
#6401 = AXIS2_PLACEMENT_2D('',#6402,#6403);
#6402 = CARTESIAN_POINT('',(-3.65,0.));
#6403 = DIRECTION('',(1.,0.));
#6404 = ( GEOMETRIC_REPRESENTATION_CONTEXT(2) 
PARAMETRIC_REPRESENTATION_CONTEXT() REPRESENTATION_CONTEXT('2D SPACE',''
  ) );
#6405 = PCURVE('',#6406,#6411);
#6406 = PLANE('',#6407);
#6407 = AXIS2_PLACEMENT_3D('',#6408,#6409,#6410);
#6408 = CARTESIAN_POINT('',(-24.5,0.,0.));
#6409 = DIRECTION('',(0.,0.,1.));
#6410 = DIRECTION('',(1.,0.,-0.));
#6411 = DEFINITIONAL_REPRESENTATION('',(#6412),#6416);
#6412 = CIRCLE('',#6413,3.8);
#6413 = AXIS2_PLACEMENT_2D('',#6414,#6415);
#6414 = CARTESIAN_POINT('',(0.,0.));
#6415 = DIRECTION('',(1.,0.));
#6416 = ( GEOMETRIC_REPRESENTATION_CONTEXT(2) 
PARAMETRIC_REPRESENTATION_CONTEXT() REPRESENTATION_CONTEXT('2D SPACE',''
  ) );
#6417 = ORIENTED_EDGE('',*,*,#6418,.F.);
#6418 = EDGE_CURVE('',#6303,#6390,#6419,.T.);
#6419 = SURFACE_CURVE('',#6420,(#6425,#6432),.PCURVE_S1.);
#6420 = CIRCLE('',#6421,3.8);
#6421 = AXIS2_PLACEMENT_3D('',#6422,#6423,#6424);
#6422 = CARTESIAN_POINT('',(-24.5,0.,0.));
#6423 = DIRECTION('',(0.,0.,1.));
#6424 = DIRECTION('',(1.,0.,-0.));
#6425 = PCURVE('',#2904,#6426);
#6426 = DEFINITIONAL_REPRESENTATION('',(#6427),#6431);
#6427 = CIRCLE('',#6428,3.8);
#6428 = AXIS2_PLACEMENT_2D('',#6429,#6430);
#6429 = CARTESIAN_POINT('',(-3.65,0.));
#6430 = DIRECTION('',(1.,0.));
#6431 = ( GEOMETRIC_REPRESENTATION_CONTEXT(2) 
PARAMETRIC_REPRESENTATION_CONTEXT() REPRESENTATION_CONTEXT('2D SPACE',''
  ) );
#6432 = PCURVE('',#6406,#6433);
#6433 = DEFINITIONAL_REPRESENTATION('',(#6434),#6438);
#6434 = CIRCLE('',#6435,3.8);
#6435 = AXIS2_PLACEMENT_2D('',#6436,#6437);
#6436 = CARTESIAN_POINT('',(0.,0.));
#6437 = DIRECTION('',(1.,0.));
#6438 = ( GEOMETRIC_REPRESENTATION_CONTEXT(2) 
PARAMETRIC_REPRESENTATION_CONTEXT() REPRESENTATION_CONTEXT('2D SPACE',''
  ) );
#6439 = ADVANCED_FACE('',(#6440),#3130,.F.);
#6440 = FACE_BOUND('',#6441,.F.);
#6441 = EDGE_LOOP('',(#6442,#6472,#6494,#6495,#6496));
#6442 = ORIENTED_EDGE('',*,*,#6443,.F.);
#6443 = EDGE_CURVE('',#6444,#6446,#6448,.T.);
#6444 = VERTEX_POINT('',#6445);
#6445 = CARTESIAN_POINT('',(-20.55,23.6,-5.6));
#6446 = VERTEX_POINT('',#6447);
#6447 = CARTESIAN_POINT('',(-17.55,23.6,-5.6));
#6448 = SURFACE_CURVE('',#6449,(#6453,#6460),.PCURVE_S1.);
#6449 = LINE('',#6450,#6451);
#6450 = CARTESIAN_POINT('',(-20.55,23.6,-5.6));
#6451 = VECTOR('',#6452,1.);
#6452 = DIRECTION('',(1.,0.,-0.));
#6453 = PCURVE('',#3130,#6454);
#6454 = DEFINITIONAL_REPRESENTATION('',(#6455),#6459);
#6455 = LINE('',#6456,#6457);
#6456 = CARTESIAN_POINT('',(0.,36.2));
#6457 = VECTOR('',#6458,1.);
#6458 = DIRECTION('',(1.,0.));
#6459 = ( GEOMETRIC_REPRESENTATION_CONTEXT(2) 
PARAMETRIC_REPRESENTATION_CONTEXT() REPRESENTATION_CONTEXT('2D SPACE',''
  ) );
#6460 = PCURVE('',#6461,#6466);
#6461 = PLANE('',#6462);
#6462 = AXIS2_PLACEMENT_3D('',#6463,#6464,#6465);
#6463 = CARTESIAN_POINT('',(-17.55,23.6,-5.6));
#6464 = DIRECTION('',(0.,0.,1.));
#6465 = DIRECTION('',(1.,0.,-0.));
#6466 = DEFINITIONAL_REPRESENTATION('',(#6467),#6471);
#6467 = LINE('',#6468,#6469);
#6468 = CARTESIAN_POINT('',(-3.,0.));
#6469 = VECTOR('',#6470,1.);
#6470 = DIRECTION('',(1.,0.));
#6471 = ( GEOMETRIC_REPRESENTATION_CONTEXT(2) 
PARAMETRIC_REPRESENTATION_CONTEXT() REPRESENTATION_CONTEXT('2D SPACE',''
  ) );
#6472 = ORIENTED_EDGE('',*,*,#6473,.T.);
#6473 = EDGE_CURVE('',#6444,#3090,#6474,.T.);
#6474 = SURFACE_CURVE('',#6475,(#6480,#6487),.PCURVE_S1.);
#6475 = CIRCLE('',#6476,3.);
#6476 = AXIS2_PLACEMENT_3D('',#6477,#6478,#6479);
#6477 = CARTESIAN_POINT('',(-17.55,23.6,-5.6));
#6478 = DIRECTION('',(0.,0.,1.));
#6479 = DIRECTION('',(1.,0.,-0.));
#6480 = PCURVE('',#3130,#6481);
#6481 = DEFINITIONAL_REPRESENTATION('',(#6482),#6486);
#6482 = CIRCLE('',#6483,3.);
#6483 = AXIS2_PLACEMENT_2D('',#6484,#6485);
#6484 = CARTESIAN_POINT('',(3.,36.2));
#6485 = DIRECTION('',(1.,0.));
#6486 = ( GEOMETRIC_REPRESENTATION_CONTEXT(2) 
PARAMETRIC_REPRESENTATION_CONTEXT() REPRESENTATION_CONTEXT('2D SPACE',''
  ) );
#6487 = PCURVE('',#3104,#6488);
#6488 = DEFINITIONAL_REPRESENTATION('',(#6489),#6493);
#6489 = CIRCLE('',#6490,3.);
#6490 = AXIS2_PLACEMENT_2D('',#6491,#6492);
#6491 = CARTESIAN_POINT('',(3.,36.2));
#6492 = DIRECTION('',(1.,0.));
#6493 = ( GEOMETRIC_REPRESENTATION_CONTEXT(2) 
PARAMETRIC_REPRESENTATION_CONTEXT() REPRESENTATION_CONTEXT('2D SPACE',''
  ) );
#6494 = ORIENTED_EDGE('',*,*,#3115,.T.);
#6495 = ORIENTED_EDGE('',*,*,#3614,.F.);
#6496 = ORIENTED_EDGE('',*,*,#6497,.T.);
#6497 = EDGE_CURVE('',#3589,#6446,#6498,.T.);
#6498 = SURFACE_CURVE('',#6499,(#6503,#6510),.PCURVE_S1.);
#6499 = LINE('',#6500,#6501);
#6500 = CARTESIAN_POINT('',(-17.55,-15.6,-5.6));
#6501 = VECTOR('',#6502,1.);
#6502 = DIRECTION('',(-0.,1.,0.));
#6503 = PCURVE('',#3130,#6504);
#6504 = DEFINITIONAL_REPRESENTATION('',(#6505),#6509);
#6505 = LINE('',#6506,#6507);
#6506 = CARTESIAN_POINT('',(3.,-3.));
#6507 = VECTOR('',#6508,1.);
#6508 = DIRECTION('',(0.,1.));
#6509 = ( GEOMETRIC_REPRESENTATION_CONTEXT(2) 
PARAMETRIC_REPRESENTATION_CONTEXT() REPRESENTATION_CONTEXT('2D SPACE',''
  ) );
#6510 = PCURVE('',#3603,#6511);
#6511 = DEFINITIONAL_REPRESENTATION('',(#6512),#6516);
#6512 = LINE('',#6513,#6514);
#6513 = CARTESIAN_POINT('',(0.,0.));
#6514 = VECTOR('',#6515,1.);
#6515 = DIRECTION('',(0.,1.));
#6516 = ( GEOMETRIC_REPRESENTATION_CONTEXT(2) 
PARAMETRIC_REPRESENTATION_CONTEXT() REPRESENTATION_CONTEXT('2D SPACE',''
  ) );
#6517 = ADVANCED_FACE('',(#6518),#3104,.F.);
#6518 = FACE_BOUND('',#6519,.F.);
#6519 = EDGE_LOOP('',(#6520,#6521,#6544,#6566));
#6520 = ORIENTED_EDGE('',*,*,#6473,.F.);
#6521 = ORIENTED_EDGE('',*,*,#6522,.F.);
#6522 = EDGE_CURVE('',#6523,#6444,#6525,.T.);
#6523 = VERTEX_POINT('',#6524);
#6524 = CARTESIAN_POINT('',(-20.55,3.788139384975,-5.6));
#6525 = SURFACE_CURVE('',#6526,(#6530,#6537),.PCURVE_S1.);
#6526 = LINE('',#6527,#6528);
#6527 = CARTESIAN_POINT('',(-20.55,-12.6,-5.6));
#6528 = VECTOR('',#6529,1.);
#6529 = DIRECTION('',(-0.,1.,0.));
#6530 = PCURVE('',#3104,#6531);
#6531 = DEFINITIONAL_REPRESENTATION('',(#6532),#6536);
#6532 = LINE('',#6533,#6534);
#6533 = CARTESIAN_POINT('',(0.,0.));
#6534 = VECTOR('',#6535,1.);
#6535 = DIRECTION('',(0.,1.));
#6536 = ( GEOMETRIC_REPRESENTATION_CONTEXT(2) 
PARAMETRIC_REPRESENTATION_CONTEXT() REPRESENTATION_CONTEXT('2D SPACE',''
  ) );
#6537 = PCURVE('',#6264,#6538);
#6538 = DEFINITIONAL_REPRESENTATION('',(#6539),#6543);
#6539 = LINE('',#6540,#6541);
#6540 = CARTESIAN_POINT('',(0.,0.));
#6541 = VECTOR('',#6542,1.);
#6542 = DIRECTION('',(0.,-1.));
#6543 = ( GEOMETRIC_REPRESENTATION_CONTEXT(2) 
PARAMETRIC_REPRESENTATION_CONTEXT() REPRESENTATION_CONTEXT('2D SPACE',''
  ) );
#6544 = ORIENTED_EDGE('',*,*,#6545,.F.);
#6545 = EDGE_CURVE('',#3064,#6523,#6546,.T.);
#6546 = SURFACE_CURVE('',#6547,(#6552,#6559),.PCURVE_S1.);
#6547 = CIRCLE('',#6548,3.8);
#6548 = AXIS2_PLACEMENT_3D('',#6549,#6550,#6551);
#6549 = CARTESIAN_POINT('',(-20.85,0.,-5.6));
#6550 = DIRECTION('',(0.,0.,1.));
#6551 = DIRECTION('',(1.,0.,-0.));
#6552 = PCURVE('',#3104,#6553);
#6553 = DEFINITIONAL_REPRESENTATION('',(#6554),#6558);
#6554 = CIRCLE('',#6555,3.8);
#6555 = AXIS2_PLACEMENT_2D('',#6556,#6557);
#6556 = CARTESIAN_POINT('',(-0.3,12.6));
#6557 = DIRECTION('',(1.,0.));
#6558 = ( GEOMETRIC_REPRESENTATION_CONTEXT(2) 
PARAMETRIC_REPRESENTATION_CONTEXT() REPRESENTATION_CONTEXT('2D SPACE',''
  ) );
#6559 = PCURVE('',#3078,#6560);
#6560 = DEFINITIONAL_REPRESENTATION('',(#6561),#6565);
#6561 = CIRCLE('',#6562,3.8);
#6562 = AXIS2_PLACEMENT_2D('',#6563,#6564);
#6563 = CARTESIAN_POINT('',(-0.3,12.6));
#6564 = DIRECTION('',(1.,0.));
#6565 = ( GEOMETRIC_REPRESENTATION_CONTEXT(2) 
PARAMETRIC_REPRESENTATION_CONTEXT() REPRESENTATION_CONTEXT('2D SPACE',''
  ) );
#6566 = ORIENTED_EDGE('',*,*,#3089,.T.);
#6567 = ADVANCED_FACE('',(#6568),#3078,.F.);
#6568 = FACE_BOUND('',#6569,.F.);
#6569 = EDGE_LOOP('',(#6570,#6571,#6572,#6593));
#6570 = ORIENTED_EDGE('',*,*,#3063,.T.);
#6571 = ORIENTED_EDGE('',*,*,#6545,.T.);
#6572 = ORIENTED_EDGE('',*,*,#6573,.F.);
#6573 = EDGE_CURVE('',#1193,#6523,#6574,.T.);
#6574 = SURFACE_CURVE('',#6575,(#6579,#6586),.PCURVE_S1.);
#6575 = LINE('',#6576,#6577);
#6576 = CARTESIAN_POINT('',(-20.55,-12.6,-5.6));
#6577 = VECTOR('',#6578,1.);
#6578 = DIRECTION('',(-0.,1.,0.));
#6579 = PCURVE('',#3078,#6580);
#6580 = DEFINITIONAL_REPRESENTATION('',(#6581),#6585);
#6581 = LINE('',#6582,#6583);
#6582 = CARTESIAN_POINT('',(0.,0.));
#6583 = VECTOR('',#6584,1.);
#6584 = DIRECTION('',(0.,1.));
#6585 = ( GEOMETRIC_REPRESENTATION_CONTEXT(2) 
PARAMETRIC_REPRESENTATION_CONTEXT() REPRESENTATION_CONTEXT('2D SPACE',''
  ) );
#6586 = PCURVE('',#3240,#6587);
#6587 = DEFINITIONAL_REPRESENTATION('',(#6588),#6592);
#6588 = LINE('',#6589,#6590);
#6589 = CARTESIAN_POINT('',(0.3,-12.6));
#6590 = VECTOR('',#6591,1.);
#6591 = DIRECTION('',(0.,1.));
#6592 = ( GEOMETRIC_REPRESENTATION_CONTEXT(2) 
PARAMETRIC_REPRESENTATION_CONTEXT() REPRESENTATION_CONTEXT('2D SPACE',''
  ) );
#6593 = ORIENTED_EDGE('',*,*,#3255,.T.);
#6594 = ADVANCED_FACE('',(#6595),#3240,.F.);
#6595 = FACE_BOUND('',#6596,.F.);
#6596 = EDGE_LOOP('',(#6597,#6625,#6626,#6627,#6651,#6679,#6708));
#6597 = ORIENTED_EDGE('',*,*,#6598,.F.);
#6598 = EDGE_CURVE('',#3198,#6599,#6601,.T.);
#6599 = VERTEX_POINT('',#6600);
#6600 = CARTESIAN_POINT('',(-20.85,-1.057118725593,-5.6));
#6601 = SURFACE_CURVE('',#6602,(#6606,#6613),.PCURVE_S1.);
#6602 = LINE('',#6603,#6604);
#6603 = CARTESIAN_POINT('',(-20.85,-3.8,-5.6));
#6604 = VECTOR('',#6605,1.);
#6605 = DIRECTION('',(-0.,1.,0.));
#6606 = PCURVE('',#3240,#6607);
#6607 = DEFINITIONAL_REPRESENTATION('',(#6608),#6612);
#6608 = LINE('',#6609,#6610);
#6609 = CARTESIAN_POINT('',(0.,-3.8));
#6610 = VECTOR('',#6611,1.);
#6611 = DIRECTION('',(0.,1.));
#6612 = ( GEOMETRIC_REPRESENTATION_CONTEXT(2) 
PARAMETRIC_REPRESENTATION_CONTEXT() REPRESENTATION_CONTEXT('2D SPACE',''
  ) );
#6613 = PCURVE('',#6614,#6619);
#6614 = PLANE('',#6615);
#6615 = AXIS2_PLACEMENT_3D('',#6616,#6617,#6618);
#6616 = CARTESIAN_POINT('',(-24.5,-3.8,-5.6));
#6617 = DIRECTION('',(0.,0.,1.));
#6618 = DIRECTION('',(1.,0.,-0.));
#6619 = DEFINITIONAL_REPRESENTATION('',(#6620),#6624);
#6620 = LINE('',#6621,#6622);
#6621 = CARTESIAN_POINT('',(3.65,0.));
#6622 = VECTOR('',#6623,1.);
#6623 = DIRECTION('',(0.,1.));
#6624 = ( GEOMETRIC_REPRESENTATION_CONTEXT(2) 
PARAMETRIC_REPRESENTATION_CONTEXT() REPRESENTATION_CONTEXT('2D SPACE',''
  ) );
#6625 = ORIENTED_EDGE('',*,*,#3225,.T.);
#6626 = ORIENTED_EDGE('',*,*,#6573,.T.);
#6627 = ORIENTED_EDGE('',*,*,#6628,.T.);
#6628 = EDGE_CURVE('',#6523,#6629,#6631,.T.);
#6629 = VERTEX_POINT('',#6630);
#6630 = CARTESIAN_POINT('',(-20.85,3.8,-5.6));
#6631 = SURFACE_CURVE('',#6632,(#6637,#6644),.PCURVE_S1.);
#6632 = CIRCLE('',#6633,3.8);
#6633 = AXIS2_PLACEMENT_3D('',#6634,#6635,#6636);
#6634 = CARTESIAN_POINT('',(-20.85,0.,-5.6));
#6635 = DIRECTION('',(0.,0.,1.));
#6636 = DIRECTION('',(1.,0.,-0.));
#6637 = PCURVE('',#3240,#6638);
#6638 = DEFINITIONAL_REPRESENTATION('',(#6639),#6643);
#6639 = CIRCLE('',#6640,3.8);
#6640 = AXIS2_PLACEMENT_2D('',#6641,#6642);
#6641 = CARTESIAN_POINT('',(0.,0.));
#6642 = DIRECTION('',(1.,0.));
#6643 = ( GEOMETRIC_REPRESENTATION_CONTEXT(2) 
PARAMETRIC_REPRESENTATION_CONTEXT() REPRESENTATION_CONTEXT('2D SPACE',''
  ) );
#6644 = PCURVE('',#6349,#6645);
#6645 = DEFINITIONAL_REPRESENTATION('',(#6646),#6650);
#6646 = LINE('',#6647,#6648);
#6647 = CARTESIAN_POINT('',(0.,0.));
#6648 = VECTOR('',#6649,1.);
#6649 = DIRECTION('',(1.,0.));
#6650 = ( GEOMETRIC_REPRESENTATION_CONTEXT(2) 
PARAMETRIC_REPRESENTATION_CONTEXT() REPRESENTATION_CONTEXT('2D SPACE',''
  ) );
#6651 = ORIENTED_EDGE('',*,*,#6652,.F.);
#6652 = EDGE_CURVE('',#6653,#6629,#6655,.T.);
#6653 = VERTEX_POINT('',#6654);
#6654 = CARTESIAN_POINT('',(-20.85,1.057118725593,-5.6));
#6655 = SURFACE_CURVE('',#6656,(#6660,#6667),.PCURVE_S1.);
#6656 = LINE('',#6657,#6658);
#6657 = CARTESIAN_POINT('',(-20.85,-3.8,-5.6));
#6658 = VECTOR('',#6659,1.);
#6659 = DIRECTION('',(-0.,1.,0.));
#6660 = PCURVE('',#3240,#6661);
#6661 = DEFINITIONAL_REPRESENTATION('',(#6662),#6666);
#6662 = LINE('',#6663,#6664);
#6663 = CARTESIAN_POINT('',(0.,-3.8));
#6664 = VECTOR('',#6665,1.);
#6665 = DIRECTION('',(0.,1.));
#6666 = ( GEOMETRIC_REPRESENTATION_CONTEXT(2) 
PARAMETRIC_REPRESENTATION_CONTEXT() REPRESENTATION_CONTEXT('2D SPACE',''
  ) );
#6667 = PCURVE('',#6668,#6673);
#6668 = PLANE('',#6669);
#6669 = AXIS2_PLACEMENT_3D('',#6670,#6671,#6672);
#6670 = CARTESIAN_POINT('',(-24.5,-3.8,-5.6));
#6671 = DIRECTION('',(0.,0.,1.));
#6672 = DIRECTION('',(1.,0.,-0.));
#6673 = DEFINITIONAL_REPRESENTATION('',(#6674),#6678);
#6674 = LINE('',#6675,#6676);
#6675 = CARTESIAN_POINT('',(3.65,0.));
#6676 = VECTOR('',#6677,1.);
#6677 = DIRECTION('',(0.,1.));
#6678 = ( GEOMETRIC_REPRESENTATION_CONTEXT(2) 
PARAMETRIC_REPRESENTATION_CONTEXT() REPRESENTATION_CONTEXT('2D SPACE',''
  ) );
#6679 = ORIENTED_EDGE('',*,*,#6680,.F.);
#6680 = EDGE_CURVE('',#6681,#6653,#6683,.T.);
#6681 = VERTEX_POINT('',#6682);
#6682 = CARTESIAN_POINT('',(-20.7,-9.30731567352E-16,-5.6));
#6683 = SURFACE_CURVE('',#6684,(#6689,#6696),.PCURVE_S1.);
#6684 = CIRCLE('',#6685,3.8);
#6685 = AXIS2_PLACEMENT_3D('',#6686,#6687,#6688);
#6686 = CARTESIAN_POINT('',(-24.5,0.,-5.6));
#6687 = DIRECTION('',(0.,0.,1.));
#6688 = DIRECTION('',(1.,0.,-0.));
#6689 = PCURVE('',#3240,#6690);
#6690 = DEFINITIONAL_REPRESENTATION('',(#6691),#6695);
#6691 = CIRCLE('',#6692,3.8);
#6692 = AXIS2_PLACEMENT_2D('',#6693,#6694);
#6693 = CARTESIAN_POINT('',(-3.65,0.));
#6694 = DIRECTION('',(1.,0.));
#6695 = ( GEOMETRIC_REPRESENTATION_CONTEXT(2) 
PARAMETRIC_REPRESENTATION_CONTEXT() REPRESENTATION_CONTEXT('2D SPACE',''
  ) );
#6696 = PCURVE('',#6697,#6702);
#6697 = PLANE('',#6698);
#6698 = AXIS2_PLACEMENT_3D('',#6699,#6700,#6701);
#6699 = CARTESIAN_POINT('',(-24.5,0.,-5.6));
#6700 = DIRECTION('',(0.,0.,1.));
#6701 = DIRECTION('',(1.,0.,-0.));
#6702 = DEFINITIONAL_REPRESENTATION('',(#6703),#6707);
#6703 = CIRCLE('',#6704,3.8);
#6704 = AXIS2_PLACEMENT_2D('',#6705,#6706);
#6705 = CARTESIAN_POINT('',(0.,0.));
#6706 = DIRECTION('',(1.,0.));
#6707 = ( GEOMETRIC_REPRESENTATION_CONTEXT(2) 
PARAMETRIC_REPRESENTATION_CONTEXT() REPRESENTATION_CONTEXT('2D SPACE',''
  ) );
#6708 = ORIENTED_EDGE('',*,*,#6709,.F.);
#6709 = EDGE_CURVE('',#6599,#6681,#6710,.T.);
#6710 = SURFACE_CURVE('',#6711,(#6716,#6723),.PCURVE_S1.);
#6711 = CIRCLE('',#6712,3.8);
#6712 = AXIS2_PLACEMENT_3D('',#6713,#6714,#6715);
#6713 = CARTESIAN_POINT('',(-24.5,0.,-5.6));
#6714 = DIRECTION('',(0.,0.,1.));
#6715 = DIRECTION('',(1.,0.,-0.));
#6716 = PCURVE('',#3240,#6717);
#6717 = DEFINITIONAL_REPRESENTATION('',(#6718),#6722);
#6718 = CIRCLE('',#6719,3.8);
#6719 = AXIS2_PLACEMENT_2D('',#6720,#6721);
#6720 = CARTESIAN_POINT('',(-3.65,0.));
#6721 = DIRECTION('',(1.,0.));
#6722 = ( GEOMETRIC_REPRESENTATION_CONTEXT(2) 
PARAMETRIC_REPRESENTATION_CONTEXT() REPRESENTATION_CONTEXT('2D SPACE',''
  ) );
#6723 = PCURVE('',#6697,#6724);
#6724 = DEFINITIONAL_REPRESENTATION('',(#6725),#6729);
#6725 = CIRCLE('',#6726,3.8);
#6726 = AXIS2_PLACEMENT_2D('',#6727,#6728);
#6727 = CARTESIAN_POINT('',(0.,0.));
#6728 = DIRECTION('',(1.,0.));
#6729 = ( GEOMETRIC_REPRESENTATION_CONTEXT(2) 
PARAMETRIC_REPRESENTATION_CONTEXT() REPRESENTATION_CONTEXT('2D SPACE',''
  ) );
#6730 = ADVANCED_FACE('',(#6731),#3213,.F.);
#6731 = FACE_BOUND('',#6732,.F.);
#6732 = EDGE_LOOP('',(#6733,#6761,#6789,#6815));
#6733 = ORIENTED_EDGE('',*,*,#6734,.F.);
#6734 = EDGE_CURVE('',#6735,#3198,#6737,.T.);
#6735 = VERTEX_POINT('',#6736);
#6736 = CARTESIAN_POINT('',(-24.5,-3.8,-5.6));
#6737 = SURFACE_CURVE('',#6738,(#6742,#6749),.PCURVE_S1.);
#6738 = LINE('',#6739,#6740);
#6739 = CARTESIAN_POINT('',(-24.5,-3.8,-5.6));
#6740 = VECTOR('',#6741,1.);
#6741 = DIRECTION('',(1.,0.,-0.));
#6742 = PCURVE('',#3213,#6743);
#6743 = DEFINITIONAL_REPRESENTATION('',(#6744),#6748);
#6744 = LINE('',#6745,#6746);
#6745 = CARTESIAN_POINT('',(0.,0.));
#6746 = VECTOR('',#6747,1.);
#6747 = DIRECTION('',(0.,1.));
#6748 = ( GEOMETRIC_REPRESENTATION_CONTEXT(2) 
PARAMETRIC_REPRESENTATION_CONTEXT() REPRESENTATION_CONTEXT('2D SPACE',''
  ) );
#6749 = PCURVE('',#6750,#6755);
#6750 = PLANE('',#6751);
#6751 = AXIS2_PLACEMENT_3D('',#6752,#6753,#6754);
#6752 = CARTESIAN_POINT('',(-24.5,-3.8,-5.6));
#6753 = DIRECTION('',(0.,0.,1.));
#6754 = DIRECTION('',(1.,0.,-0.));
#6755 = DEFINITIONAL_REPRESENTATION('',(#6756),#6760);
#6756 = LINE('',#6757,#6758);
#6757 = CARTESIAN_POINT('',(0.,0.));
#6758 = VECTOR('',#6759,1.);
#6759 = DIRECTION('',(1.,0.));
#6760 = ( GEOMETRIC_REPRESENTATION_CONTEXT(2) 
PARAMETRIC_REPRESENTATION_CONTEXT() REPRESENTATION_CONTEXT('2D SPACE',''
  ) );
#6761 = ORIENTED_EDGE('',*,*,#6762,.T.);
#6762 = EDGE_CURVE('',#6735,#6763,#6765,.T.);
#6763 = VERTEX_POINT('',#6764);
#6764 = CARTESIAN_POINT('',(-24.5,-3.8,0.));
#6765 = SURFACE_CURVE('',#6766,(#6770,#6777),.PCURVE_S1.);
#6766 = LINE('',#6767,#6768);
#6767 = CARTESIAN_POINT('',(-24.5,-3.8,-5.6));
#6768 = VECTOR('',#6769,1.);
#6769 = DIRECTION('',(0.,0.,1.));
#6770 = PCURVE('',#3213,#6771);
#6771 = DEFINITIONAL_REPRESENTATION('',(#6772),#6776);
#6772 = LINE('',#6773,#6774);
#6773 = CARTESIAN_POINT('',(0.,0.));
#6774 = VECTOR('',#6775,1.);
#6775 = DIRECTION('',(1.,0.));
#6776 = ( GEOMETRIC_REPRESENTATION_CONTEXT(2) 
PARAMETRIC_REPRESENTATION_CONTEXT() REPRESENTATION_CONTEXT('2D SPACE',''
  ) );
#6777 = PCURVE('',#6778,#6783);
#6778 = CYLINDRICAL_SURFACE('',#6779,3.8);
#6779 = AXIS2_PLACEMENT_3D('',#6780,#6781,#6782);
#6780 = CARTESIAN_POINT('',(-24.5,0.,-5.6));
#6781 = DIRECTION('',(0.,0.,1.));
#6782 = DIRECTION('',(1.,0.,-0.));
#6783 = DEFINITIONAL_REPRESENTATION('',(#6784),#6788);
#6784 = LINE('',#6785,#6786);
#6785 = CARTESIAN_POINT('',(4.712388980385,0.));
#6786 = VECTOR('',#6787,1.);
#6787 = DIRECTION('',(0.,1.));
#6788 = ( GEOMETRIC_REPRESENTATION_CONTEXT(2) 
PARAMETRIC_REPRESENTATION_CONTEXT() REPRESENTATION_CONTEXT('2D SPACE',''
  ) );
#6789 = ORIENTED_EDGE('',*,*,#6790,.T.);
#6790 = EDGE_CURVE('',#6763,#3174,#6791,.T.);
#6791 = SURFACE_CURVE('',#6792,(#6796,#6803),.PCURVE_S1.);
#6792 = LINE('',#6793,#6794);
#6793 = CARTESIAN_POINT('',(-24.5,-3.8,0.));
#6794 = VECTOR('',#6795,1.);
#6795 = DIRECTION('',(1.,0.,-0.));
#6796 = PCURVE('',#3213,#6797);
#6797 = DEFINITIONAL_REPRESENTATION('',(#6798),#6802);
#6798 = LINE('',#6799,#6800);
#6799 = CARTESIAN_POINT('',(5.6,0.));
#6800 = VECTOR('',#6801,1.);
#6801 = DIRECTION('',(0.,1.));
#6802 = ( GEOMETRIC_REPRESENTATION_CONTEXT(2) 
PARAMETRIC_REPRESENTATION_CONTEXT() REPRESENTATION_CONTEXT('2D SPACE',''
  ) );
#6803 = PCURVE('',#6804,#6809);
#6804 = PLANE('',#6805);
#6805 = AXIS2_PLACEMENT_3D('',#6806,#6807,#6808);
#6806 = CARTESIAN_POINT('',(-24.5,-3.8,0.));
#6807 = DIRECTION('',(0.,0.,1.));
#6808 = DIRECTION('',(1.,0.,-0.));
#6809 = DEFINITIONAL_REPRESENTATION('',(#6810),#6814);
#6810 = LINE('',#6811,#6812);
#6811 = CARTESIAN_POINT('',(0.,0.));
#6812 = VECTOR('',#6813,1.);
#6813 = DIRECTION('',(1.,0.));
#6814 = ( GEOMETRIC_REPRESENTATION_CONTEXT(2) 
PARAMETRIC_REPRESENTATION_CONTEXT() REPRESENTATION_CONTEXT('2D SPACE',''
  ) );
#6815 = ORIENTED_EDGE('',*,*,#3197,.F.);
#6816 = ADVANCED_FACE('',(#6817),#3649,.F.);
#6817 = FACE_BOUND('',#6818,.F.);
#6818 = EDGE_LOOP('',(#6819,#6820,#6821,#6822));
#6819 = ORIENTED_EDGE('',*,*,#5098,.F.);
#6820 = ORIENTED_EDGE('',*,*,#3635,.F.);
#6821 = ORIENTED_EDGE('',*,*,#3687,.T.);
#6822 = ORIENTED_EDGE('',*,*,#6823,.F.);
#6823 = EDGE_CURVE('',#5099,#3688,#6824,.T.);
#6824 = SURFACE_CURVE('',#6825,(#6829,#6835),.PCURVE_S1.);
#6825 = LINE('',#6826,#6827);
#6826 = CARTESIAN_POINT('',(-12.025,21.,0.));
#6827 = VECTOR('',#6828,1.);
#6828 = DIRECTION('',(-1.,-0.,0.));
#6829 = PCURVE('',#3649,#6830);
#6830 = DEFINITIONAL_REPRESENTATION('',(#6831),#6834);
#6831 = B_SPLINE_CURVE_WITH_KNOTS('',1,(#6832,#6833),.UNSPECIFIED.,.F.,
  .F.,(2,2),(-19.525,-5.525),.PIECEWISE_BEZIER_KNOTS.);
#6832 = CARTESIAN_POINT('',(1.1,14.));
#6833 = CARTESIAN_POINT('',(1.1,0.));
#6834 = ( GEOMETRIC_REPRESENTATION_CONTEXT(2) 
PARAMETRIC_REPRESENTATION_CONTEXT() REPRESENTATION_CONTEXT('2D SPACE',''
  ) );
#6835 = PCURVE('',#3723,#6836);
#6836 = DEFINITIONAL_REPRESENTATION('',(#6837),#6840);
#6837 = B_SPLINE_CURVE_WITH_KNOTS('',1,(#6838,#6839),.UNSPECIFIED.,.F.,
  .F.,(2,2),(-19.525,-5.525),.PIECEWISE_BEZIER_KNOTS.);
#6838 = CARTESIAN_POINT('',(25.05,36.6));
#6839 = CARTESIAN_POINT('',(11.05,36.6));
#6840 = ( GEOMETRIC_REPRESENTATION_CONTEXT(2) 
PARAMETRIC_REPRESENTATION_CONTEXT() REPRESENTATION_CONTEXT('2D SPACE',''
  ) );
#6841 = ADVANCED_FACE('',(#6842),#3603,.F.);
#6842 = FACE_BOUND('',#6843,.F.);
#6843 = EDGE_LOOP('',(#6844,#6845,#6846,#6870));
#6844 = ORIENTED_EDGE('',*,*,#6497,.F.);
#6845 = ORIENTED_EDGE('',*,*,#3588,.F.);
#6846 = ORIENTED_EDGE('',*,*,#6847,.T.);
#6847 = EDGE_CURVE('',#3563,#6848,#6850,.T.);
#6848 = VERTEX_POINT('',#6849);
#6849 = CARTESIAN_POINT('',(-14.55,23.6,-5.6));
#6850 = SURFACE_CURVE('',#6851,(#6856,#6863),.PCURVE_S1.);
#6851 = CIRCLE('',#6852,3.);
#6852 = AXIS2_PLACEMENT_3D('',#6853,#6854,#6855);
#6853 = CARTESIAN_POINT('',(-17.55,23.6,-5.6));
#6854 = DIRECTION('',(0.,0.,1.));
#6855 = DIRECTION('',(1.,0.,-0.));
#6856 = PCURVE('',#3603,#6857);
#6857 = DEFINITIONAL_REPRESENTATION('',(#6858),#6862);
#6858 = CIRCLE('',#6859,3.);
#6859 = AXIS2_PLACEMENT_2D('',#6860,#6861);
#6860 = CARTESIAN_POINT('',(0.,39.2));
#6861 = DIRECTION('',(1.,0.));
#6862 = ( GEOMETRIC_REPRESENTATION_CONTEXT(2) 
PARAMETRIC_REPRESENTATION_CONTEXT() REPRESENTATION_CONTEXT('2D SPACE',''
  ) );
#6863 = PCURVE('',#3577,#6864);
#6864 = DEFINITIONAL_REPRESENTATION('',(#6865),#6869);
#6865 = CIRCLE('',#6866,3.);
#6866 = AXIS2_PLACEMENT_2D('',#6867,#6868);
#6867 = CARTESIAN_POINT('',(0.,39.2));
#6868 = DIRECTION('',(1.,0.));
#6869 = ( GEOMETRIC_REPRESENTATION_CONTEXT(2) 
PARAMETRIC_REPRESENTATION_CONTEXT() REPRESENTATION_CONTEXT('2D SPACE',''
  ) );
#6870 = ORIENTED_EDGE('',*,*,#6871,.F.);
#6871 = EDGE_CURVE('',#6446,#6848,#6872,.T.);
#6872 = SURFACE_CURVE('',#6873,(#6877,#6884),.PCURVE_S1.);
#6873 = LINE('',#6874,#6875);
#6874 = CARTESIAN_POINT('',(-20.55,23.6,-5.6));
#6875 = VECTOR('',#6876,1.);
#6876 = DIRECTION('',(1.,0.,-0.));
#6877 = PCURVE('',#3603,#6878);
#6878 = DEFINITIONAL_REPRESENTATION('',(#6879),#6883);
#6879 = LINE('',#6880,#6881);
#6880 = CARTESIAN_POINT('',(-3.,39.2));
#6881 = VECTOR('',#6882,1.);
#6882 = DIRECTION('',(1.,0.));
#6883 = ( GEOMETRIC_REPRESENTATION_CONTEXT(2) 
PARAMETRIC_REPRESENTATION_CONTEXT() REPRESENTATION_CONTEXT('2D SPACE',''
  ) );
#6884 = PCURVE('',#6885,#6890);
#6885 = PLANE('',#6886);
#6886 = AXIS2_PLACEMENT_3D('',#6887,#6888,#6889);
#6887 = CARTESIAN_POINT('',(-17.55,-15.6,-5.6));
#6888 = DIRECTION('',(0.,0.,1.));
#6889 = DIRECTION('',(1.,0.,-0.));
#6890 = DEFINITIONAL_REPRESENTATION('',(#6891),#6895);
#6891 = LINE('',#6892,#6893);
#6892 = CARTESIAN_POINT('',(-3.,39.2));
#6893 = VECTOR('',#6894,1.);
#6894 = DIRECTION('',(1.,0.));
#6895 = ( GEOMETRIC_REPRESENTATION_CONTEXT(2) 
PARAMETRIC_REPRESENTATION_CONTEXT() REPRESENTATION_CONTEXT('2D SPACE',''
  ) );
#6896 = ADVANCED_FACE('',(#6897),#3577,.F.);
#6897 = FACE_BOUND('',#6898,.F.);
#6898 = EDGE_LOOP('',(#6899,#6900,#6901,#6922));
#6899 = ORIENTED_EDGE('',*,*,#6847,.F.);
#6900 = ORIENTED_EDGE('',*,*,#3562,.F.);
#6901 = ORIENTED_EDGE('',*,*,#6902,.T.);
#6902 = EDGE_CURVE('',#3535,#6903,#6905,.T.);
#6903 = VERTEX_POINT('',#6904);
#6904 = CARTESIAN_POINT('',(-7.,23.6,-5.6));
#6905 = SURFACE_CURVE('',#6906,(#6910,#6916),.PCURVE_S1.);
#6906 = LINE('',#6907,#6908);
#6907 = CARTESIAN_POINT('',(-7.,2.7,-5.6));
#6908 = VECTOR('',#6909,1.);
#6909 = DIRECTION('',(-0.,1.,0.));
#6910 = PCURVE('',#3577,#6911);
#6911 = DEFINITIONAL_REPRESENTATION('',(#6912),#6915);
#6912 = B_SPLINE_CURVE_WITH_KNOTS('',1,(#6913,#6914),.UNSPECIFIED.,.F.,
  .F.,(2,2),(18.3,20.9),.PIECEWISE_BEZIER_KNOTS.);
#6913 = CARTESIAN_POINT('',(10.55,36.6));
#6914 = CARTESIAN_POINT('',(10.55,39.2));
#6915 = ( GEOMETRIC_REPRESENTATION_CONTEXT(2) 
PARAMETRIC_REPRESENTATION_CONTEXT() REPRESENTATION_CONTEXT('2D SPACE',''
  ) );
#6916 = PCURVE('',#3550,#6917);
#6917 = DEFINITIONAL_REPRESENTATION('',(#6918),#6921);
#6918 = B_SPLINE_CURVE_WITH_KNOTS('',1,(#6919,#6920),.UNSPECIFIED.,.F.,
  .F.,(2,2),(18.3,20.9),.PIECEWISE_BEZIER_KNOTS.);
#6919 = CARTESIAN_POINT('',(1.,0.));
#6920 = CARTESIAN_POINT('',(1.,-2.6));
#6921 = ( GEOMETRIC_REPRESENTATION_CONTEXT(2) 
PARAMETRIC_REPRESENTATION_CONTEXT() REPRESENTATION_CONTEXT('2D SPACE',''
  ) );
#6922 = ORIENTED_EDGE('',*,*,#6923,.F.);
#6923 = EDGE_CURVE('',#6848,#6903,#6924,.T.);
#6924 = SURFACE_CURVE('',#6925,(#6929,#6936),.PCURVE_S1.);
#6925 = LINE('',#6926,#6927);
#6926 = CARTESIAN_POINT('',(-20.55,23.6,-5.6));
#6927 = VECTOR('',#6928,1.);
#6928 = DIRECTION('',(1.,0.,-0.));
#6929 = PCURVE('',#3577,#6930);
#6930 = DEFINITIONAL_REPRESENTATION('',(#6931),#6935);
#6931 = LINE('',#6932,#6933);
#6932 = CARTESIAN_POINT('',(-3.,39.2));
#6933 = VECTOR('',#6934,1.);
#6934 = DIRECTION('',(1.,0.));
#6935 = ( GEOMETRIC_REPRESENTATION_CONTEXT(2) 
PARAMETRIC_REPRESENTATION_CONTEXT() REPRESENTATION_CONTEXT('2D SPACE',''
  ) );
#6936 = PCURVE('',#6937,#6942);
#6937 = PLANE('',#6938);
#6938 = AXIS2_PLACEMENT_3D('',#6939,#6940,#6941);
#6939 = CARTESIAN_POINT('',(-17.55,-15.6,-5.6));
#6940 = DIRECTION('',(0.,0.,1.));
#6941 = DIRECTION('',(1.,0.,-0.));
#6942 = DEFINITIONAL_REPRESENTATION('',(#6943),#6947);
#6943 = LINE('',#6944,#6945);
#6944 = CARTESIAN_POINT('',(-3.,39.2));
#6945 = VECTOR('',#6946,1.);
#6946 = DIRECTION('',(1.,0.));
#6947 = ( GEOMETRIC_REPRESENTATION_CONTEXT(2) 
PARAMETRIC_REPRESENTATION_CONTEXT() REPRESENTATION_CONTEXT('2D SPACE',''
  ) );
#6948 = ADVANCED_FACE('',(#6949),#3550,.T.);
#6949 = FACE_BOUND('',#6950,.T.);
#6950 = EDGE_LOOP('',(#6951,#6952,#6953,#6974,#7000));
#6951 = ORIENTED_EDGE('',*,*,#3534,.F.);
#6952 = ORIENTED_EDGE('',*,*,#6902,.T.);
#6953 = ORIENTED_EDGE('',*,*,#6954,.T.);
#6954 = EDGE_CURVE('',#6903,#6955,#6957,.T.);
#6955 = VERTEX_POINT('',#6956);
#6956 = CARTESIAN_POINT('',(-7.,26.6,-5.6));
#6957 = SURFACE_CURVE('',#6958,(#6962,#6968),.PCURVE_S1.);
#6958 = LINE('',#6959,#6960);
#6959 = CARTESIAN_POINT('',(-7.,2.7,-5.6));
#6960 = VECTOR('',#6961,1.);
#6961 = DIRECTION('',(-0.,1.,0.));
#6962 = PCURVE('',#3550,#6963);
#6963 = DEFINITIONAL_REPRESENTATION('',(#6964),#6967);
#6964 = B_SPLINE_CURVE_WITH_KNOTS('',1,(#6965,#6966),.UNSPECIFIED.,.F.,
  .F.,(2,2),(20.9,23.9),.PIECEWISE_BEZIER_KNOTS.);
#6965 = CARTESIAN_POINT('',(1.,-2.6));
#6966 = CARTESIAN_POINT('',(1.,-5.6));
#6967 = ( GEOMETRIC_REPRESENTATION_CONTEXT(2) 
PARAMETRIC_REPRESENTATION_CONTEXT() REPRESENTATION_CONTEXT('2D SPACE',''
  ) );
#6968 = PCURVE('',#6937,#6969);
#6969 = DEFINITIONAL_REPRESENTATION('',(#6970),#6973);
#6970 = B_SPLINE_CURVE_WITH_KNOTS('',1,(#6971,#6972),.UNSPECIFIED.,.F.,
  .F.,(2,2),(20.9,23.9),.PIECEWISE_BEZIER_KNOTS.);
#6971 = CARTESIAN_POINT('',(10.55,39.2));
#6972 = CARTESIAN_POINT('',(10.55,42.2));
#6973 = ( GEOMETRIC_REPRESENTATION_CONTEXT(2) 
PARAMETRIC_REPRESENTATION_CONTEXT() REPRESENTATION_CONTEXT('2D SPACE',''
  ) );
#6974 = ORIENTED_EDGE('',*,*,#6975,.F.);
#6975 = EDGE_CURVE('',#6976,#6955,#6978,.T.);
#6976 = VERTEX_POINT('',#6977);
#6977 = CARTESIAN_POINT('',(-7.,26.6,-4.1));
#6978 = SURFACE_CURVE('',#6979,(#6983,#6989),.PCURVE_S1.);
#6979 = LINE('',#6980,#6981);
#6980 = CARTESIAN_POINT('',(-7.,26.6,-6.1));
#6981 = VECTOR('',#6982,1.);
#6982 = DIRECTION('',(-0.,0.,-1.));
#6983 = PCURVE('',#3550,#6984);
#6984 = DEFINITIONAL_REPRESENTATION('',(#6985),#6988);
#6985 = B_SPLINE_CURVE_WITH_KNOTS('',1,(#6986,#6987),.UNSPECIFIED.,.F.,
  .F.,(2,2),(-2.,-0.5),.PIECEWISE_BEZIER_KNOTS.);
#6986 = CARTESIAN_POINT('',(2.5,-5.6));
#6987 = CARTESIAN_POINT('',(1.,-5.6));
#6988 = ( GEOMETRIC_REPRESENTATION_CONTEXT(2) 
PARAMETRIC_REPRESENTATION_CONTEXT() REPRESENTATION_CONTEXT('2D SPACE',''
  ) );
#6989 = PCURVE('',#6990,#6995);
#6990 = PLANE('',#6991);
#6991 = AXIS2_PLACEMENT_3D('',#6992,#6993,#6994);
#6992 = CARTESIAN_POINT('',(-17.55,26.6,-5.6));
#6993 = DIRECTION('',(-0.,1.,0.));
#6994 = DIRECTION('',(0.,0.,1.));
#6995 = DEFINITIONAL_REPRESENTATION('',(#6996),#6999);
#6996 = B_SPLINE_CURVE_WITH_KNOTS('',1,(#6997,#6998),.UNSPECIFIED.,.F.,
  .F.,(2,2),(-2.,-0.5),.PIECEWISE_BEZIER_KNOTS.);
#6997 = CARTESIAN_POINT('',(1.5,10.55));
#6998 = CARTESIAN_POINT('',(0.,10.55));
#6999 = ( GEOMETRIC_REPRESENTATION_CONTEXT(2) 
PARAMETRIC_REPRESENTATION_CONTEXT() REPRESENTATION_CONTEXT('2D SPACE',''
  ) );
#7000 = ORIENTED_EDGE('',*,*,#7001,.F.);
#7001 = EDGE_CURVE('',#3507,#6976,#7002,.T.);
#7002 = SURFACE_CURVE('',#7003,(#7007,#7014),.PCURVE_S1.);
#7003 = LINE('',#7004,#7005);
#7004 = CARTESIAN_POINT('',(-7.,21.,-4.1));
#7005 = VECTOR('',#7006,1.);
#7006 = DIRECTION('',(-0.,1.,0.));
#7007 = PCURVE('',#3550,#7008);
#7008 = DEFINITIONAL_REPRESENTATION('',(#7009),#7013);
#7009 = LINE('',#7010,#7011);
#7010 = CARTESIAN_POINT('',(2.5,0.));
#7011 = VECTOR('',#7012,1.);
#7012 = DIRECTION('',(0.,-1.));
#7013 = ( GEOMETRIC_REPRESENTATION_CONTEXT(2) 
PARAMETRIC_REPRESENTATION_CONTEXT() REPRESENTATION_CONTEXT('2D SPACE',''
  ) );
#7014 = PCURVE('',#3522,#7015);
#7015 = DEFINITIONAL_REPRESENTATION('',(#7016),#7020);
#7016 = LINE('',#7017,#7018);
#7017 = CARTESIAN_POINT('',(0.,0.));
#7018 = VECTOR('',#7019,1.);
#7019 = DIRECTION('',(0.,1.));
#7020 = ( GEOMETRIC_REPRESENTATION_CONTEXT(2) 
PARAMETRIC_REPRESENTATION_CONTEXT() REPRESENTATION_CONTEXT('2D SPACE',''
  ) );
#7021 = ADVANCED_FACE('',(#7022),#3522,.F.);
#7022 = FACE_BOUND('',#7023,.F.);
#7023 = EDGE_LOOP('',(#7024,#7025,#7026,#7049));
#7024 = ORIENTED_EDGE('',*,*,#7001,.F.);
#7025 = ORIENTED_EDGE('',*,*,#3506,.T.);
#7026 = ORIENTED_EDGE('',*,*,#7027,.T.);
#7027 = EDGE_CURVE('',#3479,#7028,#7030,.T.);
#7028 = VERTEX_POINT('',#7029);
#7029 = CARTESIAN_POINT('',(7.,26.6,-4.1));
#7030 = SURFACE_CURVE('',#7031,(#7035,#7042),.PCURVE_S1.);
#7031 = LINE('',#7032,#7033);
#7032 = CARTESIAN_POINT('',(7.,21.,-4.1));
#7033 = VECTOR('',#7034,1.);
#7034 = DIRECTION('',(-0.,1.,0.));
#7035 = PCURVE('',#3522,#7036);
#7036 = DEFINITIONAL_REPRESENTATION('',(#7037),#7041);
#7037 = LINE('',#7038,#7039);
#7038 = CARTESIAN_POINT('',(14.,0.));
#7039 = VECTOR('',#7040,1.);
#7040 = DIRECTION('',(0.,1.));
#7041 = ( GEOMETRIC_REPRESENTATION_CONTEXT(2) 
PARAMETRIC_REPRESENTATION_CONTEXT() REPRESENTATION_CONTEXT('2D SPACE',''
  ) );
#7042 = PCURVE('',#3494,#7043);
#7043 = DEFINITIONAL_REPRESENTATION('',(#7044),#7048);
#7044 = LINE('',#7045,#7046);
#7045 = CARTESIAN_POINT('',(2.5,0.));
#7046 = VECTOR('',#7047,1.);
#7047 = DIRECTION('',(0.,-1.));
#7048 = ( GEOMETRIC_REPRESENTATION_CONTEXT(2) 
PARAMETRIC_REPRESENTATION_CONTEXT() REPRESENTATION_CONTEXT('2D SPACE',''
  ) );
#7049 = ORIENTED_EDGE('',*,*,#7050,.F.);
#7050 = EDGE_CURVE('',#6976,#7028,#7051,.T.);
#7051 = SURFACE_CURVE('',#7052,(#7056,#7062),.PCURVE_S1.);
#7052 = LINE('',#7053,#7054);
#7053 = CARTESIAN_POINT('',(-12.275,26.6,-4.1));
#7054 = VECTOR('',#7055,1.);
#7055 = DIRECTION('',(1.,0.,-0.));
#7056 = PCURVE('',#3522,#7057);
#7057 = DEFINITIONAL_REPRESENTATION('',(#7058),#7061);
#7058 = B_SPLINE_CURVE_WITH_KNOTS('',1,(#7059,#7060),.UNSPECIFIED.,.F.,
  .F.,(2,2),(5.275,19.275),.PIECEWISE_BEZIER_KNOTS.);
#7059 = CARTESIAN_POINT('',(0.,5.6));
#7060 = CARTESIAN_POINT('',(14.,5.6));
#7061 = ( GEOMETRIC_REPRESENTATION_CONTEXT(2) 
PARAMETRIC_REPRESENTATION_CONTEXT() REPRESENTATION_CONTEXT('2D SPACE',''
  ) );
#7062 = PCURVE('',#6990,#7063);
#7063 = DEFINITIONAL_REPRESENTATION('',(#7064),#7067);
#7064 = B_SPLINE_CURVE_WITH_KNOTS('',1,(#7065,#7066),.UNSPECIFIED.,.F.,
  .F.,(2,2),(5.275,19.275),.PIECEWISE_BEZIER_KNOTS.);
#7065 = CARTESIAN_POINT('',(1.5,10.55));
#7066 = CARTESIAN_POINT('',(1.5,24.55));
#7067 = ( GEOMETRIC_REPRESENTATION_CONTEXT(2) 
PARAMETRIC_REPRESENTATION_CONTEXT() REPRESENTATION_CONTEXT('2D SPACE',''
  ) );
#7068 = ADVANCED_FACE('',(#7069),#3494,.F.);
#7069 = FACE_BOUND('',#7070,.F.);
#7070 = EDGE_LOOP('',(#7071,#7072,#7093,#7119,#7138));
#7071 = ORIENTED_EDGE('',*,*,#3478,.F.);
#7072 = ORIENTED_EDGE('',*,*,#7073,.T.);
#7073 = EDGE_CURVE('',#3453,#7074,#7076,.T.);
#7074 = VERTEX_POINT('',#7075);
#7075 = CARTESIAN_POINT('',(7.,23.6,-5.6));
#7076 = SURFACE_CURVE('',#7077,(#7081,#7087),.PCURVE_S1.);
#7077 = LINE('',#7078,#7079);
#7078 = CARTESIAN_POINT('',(7.,2.7,-5.6));
#7079 = VECTOR('',#7080,1.);
#7080 = DIRECTION('',(-0.,1.,0.));
#7081 = PCURVE('',#3494,#7082);
#7082 = DEFINITIONAL_REPRESENTATION('',(#7083),#7086);
#7083 = B_SPLINE_CURVE_WITH_KNOTS('',1,(#7084,#7085),.UNSPECIFIED.,.F.,
  .F.,(2,2),(18.3,20.9),.PIECEWISE_BEZIER_KNOTS.);
#7084 = CARTESIAN_POINT('',(1.,0.));
#7085 = CARTESIAN_POINT('',(1.,-2.6));
#7086 = ( GEOMETRIC_REPRESENTATION_CONTEXT(2) 
PARAMETRIC_REPRESENTATION_CONTEXT() REPRESENTATION_CONTEXT('2D SPACE',''
  ) );
#7087 = PCURVE('',#3467,#7088);
#7088 = DEFINITIONAL_REPRESENTATION('',(#7089),#7092);
#7089 = B_SPLINE_CURVE_WITH_KNOTS('',1,(#7090,#7091),.UNSPECIFIED.,.F.,
  .F.,(2,2),(18.3,20.9),.PIECEWISE_BEZIER_KNOTS.);
#7090 = CARTESIAN_POINT('',(24.55,36.6));
#7091 = CARTESIAN_POINT('',(24.55,39.2));
#7092 = ( GEOMETRIC_REPRESENTATION_CONTEXT(2) 
PARAMETRIC_REPRESENTATION_CONTEXT() REPRESENTATION_CONTEXT('2D SPACE',''
  ) );
#7093 = ORIENTED_EDGE('',*,*,#7094,.T.);
#7094 = EDGE_CURVE('',#7074,#7095,#7097,.T.);
#7095 = VERTEX_POINT('',#7096);
#7096 = CARTESIAN_POINT('',(7.,26.6,-5.6));
#7097 = SURFACE_CURVE('',#7098,(#7102,#7108),.PCURVE_S1.);
#7098 = LINE('',#7099,#7100);
#7099 = CARTESIAN_POINT('',(7.,2.7,-5.6));
#7100 = VECTOR('',#7101,1.);
#7101 = DIRECTION('',(-0.,1.,0.));
#7102 = PCURVE('',#3494,#7103);
#7103 = DEFINITIONAL_REPRESENTATION('',(#7104),#7107);
#7104 = B_SPLINE_CURVE_WITH_KNOTS('',1,(#7105,#7106),.UNSPECIFIED.,.F.,
  .F.,(2,2),(20.9,23.9),.PIECEWISE_BEZIER_KNOTS.);
#7105 = CARTESIAN_POINT('',(1.,-2.6));
#7106 = CARTESIAN_POINT('',(1.,-5.6));
#7107 = ( GEOMETRIC_REPRESENTATION_CONTEXT(2) 
PARAMETRIC_REPRESENTATION_CONTEXT() REPRESENTATION_CONTEXT('2D SPACE',''
  ) );
#7108 = PCURVE('',#7109,#7114);
#7109 = PLANE('',#7110);
#7110 = AXIS2_PLACEMENT_3D('',#7111,#7112,#7113);
#7111 = CARTESIAN_POINT('',(-17.55,-15.6,-5.6));
#7112 = DIRECTION('',(0.,0.,1.));
#7113 = DIRECTION('',(1.,0.,-0.));
#7114 = DEFINITIONAL_REPRESENTATION('',(#7115),#7118);
#7115 = B_SPLINE_CURVE_WITH_KNOTS('',1,(#7116,#7117),.UNSPECIFIED.,.F.,
  .F.,(2,2),(20.9,23.9),.PIECEWISE_BEZIER_KNOTS.);
#7116 = CARTESIAN_POINT('',(24.55,39.2));
#7117 = CARTESIAN_POINT('',(24.55,42.2));
#7118 = ( GEOMETRIC_REPRESENTATION_CONTEXT(2) 
PARAMETRIC_REPRESENTATION_CONTEXT() REPRESENTATION_CONTEXT('2D SPACE',''
  ) );
#7119 = ORIENTED_EDGE('',*,*,#7120,.F.);
#7120 = EDGE_CURVE('',#7028,#7095,#7121,.T.);
#7121 = SURFACE_CURVE('',#7122,(#7126,#7132),.PCURVE_S1.);
#7122 = LINE('',#7123,#7124);
#7123 = CARTESIAN_POINT('',(7.,26.6,-6.1));
#7124 = VECTOR('',#7125,1.);
#7125 = DIRECTION('',(-0.,0.,-1.));
#7126 = PCURVE('',#3494,#7127);
#7127 = DEFINITIONAL_REPRESENTATION('',(#7128),#7131);
#7128 = B_SPLINE_CURVE_WITH_KNOTS('',1,(#7129,#7130),.UNSPECIFIED.,.F.,
  .F.,(2,2),(-2.,-0.5),.PIECEWISE_BEZIER_KNOTS.);
#7129 = CARTESIAN_POINT('',(2.5,-5.6));
#7130 = CARTESIAN_POINT('',(1.,-5.6));
#7131 = ( GEOMETRIC_REPRESENTATION_CONTEXT(2) 
PARAMETRIC_REPRESENTATION_CONTEXT() REPRESENTATION_CONTEXT('2D SPACE',''
  ) );
#7132 = PCURVE('',#6990,#7133);
#7133 = DEFINITIONAL_REPRESENTATION('',(#7134),#7137);
#7134 = B_SPLINE_CURVE_WITH_KNOTS('',1,(#7135,#7136),.UNSPECIFIED.,.F.,
  .F.,(2,2),(-2.,-0.5),.PIECEWISE_BEZIER_KNOTS.);
#7135 = CARTESIAN_POINT('',(1.5,24.55));
#7136 = CARTESIAN_POINT('',(0.,24.55));
#7137 = ( GEOMETRIC_REPRESENTATION_CONTEXT(2) 
PARAMETRIC_REPRESENTATION_CONTEXT() REPRESENTATION_CONTEXT('2D SPACE',''
  ) );
#7138 = ORIENTED_EDGE('',*,*,#7027,.F.);
#7139 = ADVANCED_FACE('',(#7140),#3467,.F.);
#7140 = FACE_BOUND('',#7141,.F.);
#7141 = EDGE_LOOP('',(#7142,#7143,#7144,#7168));
#7142 = ORIENTED_EDGE('',*,*,#7073,.F.);
#7143 = ORIENTED_EDGE('',*,*,#3452,.F.);
#7144 = ORIENTED_EDGE('',*,*,#7145,.F.);
#7145 = EDGE_CURVE('',#7146,#3427,#7148,.T.);
#7146 = VERTEX_POINT('',#7147);
#7147 = CARTESIAN_POINT('',(14.55,23.6,-5.6));
#7148 = SURFACE_CURVE('',#7149,(#7154,#7161),.PCURVE_S1.);
#7149 = CIRCLE('',#7150,3.);
#7150 = AXIS2_PLACEMENT_3D('',#7151,#7152,#7153);
#7151 = CARTESIAN_POINT('',(17.55,23.6,-5.6));
#7152 = DIRECTION('',(0.,0.,1.));
#7153 = DIRECTION('',(1.,0.,-0.));
#7154 = PCURVE('',#3467,#7155);
#7155 = DEFINITIONAL_REPRESENTATION('',(#7156),#7160);
#7156 = CIRCLE('',#7157,3.);
#7157 = AXIS2_PLACEMENT_2D('',#7158,#7159);
#7158 = CARTESIAN_POINT('',(35.1,39.2));
#7159 = DIRECTION('',(1.,0.));
#7160 = ( GEOMETRIC_REPRESENTATION_CONTEXT(2) 
PARAMETRIC_REPRESENTATION_CONTEXT() REPRESENTATION_CONTEXT('2D SPACE',''
  ) );
#7161 = PCURVE('',#3441,#7162);
#7162 = DEFINITIONAL_REPRESENTATION('',(#7163),#7167);
#7163 = CIRCLE('',#7164,3.);
#7164 = AXIS2_PLACEMENT_2D('',#7165,#7166);
#7165 = CARTESIAN_POINT('',(35.1,39.2));
#7166 = DIRECTION('',(1.,0.));
#7167 = ( GEOMETRIC_REPRESENTATION_CONTEXT(2) 
PARAMETRIC_REPRESENTATION_CONTEXT() REPRESENTATION_CONTEXT('2D SPACE',''
  ) );
#7168 = ORIENTED_EDGE('',*,*,#7169,.F.);
#7169 = EDGE_CURVE('',#7074,#7146,#7170,.T.);
#7170 = SURFACE_CURVE('',#7171,(#7175,#7182),.PCURVE_S1.);
#7171 = LINE('',#7172,#7173);
#7172 = CARTESIAN_POINT('',(-20.55,23.6,-5.6));
#7173 = VECTOR('',#7174,1.);
#7174 = DIRECTION('',(1.,0.,-0.));
#7175 = PCURVE('',#3467,#7176);
#7176 = DEFINITIONAL_REPRESENTATION('',(#7177),#7181);
#7177 = LINE('',#7178,#7179);
#7178 = CARTESIAN_POINT('',(-3.,39.2));
#7179 = VECTOR('',#7180,1.);
#7180 = DIRECTION('',(1.,0.));
#7181 = ( GEOMETRIC_REPRESENTATION_CONTEXT(2) 
PARAMETRIC_REPRESENTATION_CONTEXT() REPRESENTATION_CONTEXT('2D SPACE',''
  ) );
#7182 = PCURVE('',#7109,#7183);
#7183 = DEFINITIONAL_REPRESENTATION('',(#7184),#7188);
#7184 = LINE('',#7185,#7186);
#7185 = CARTESIAN_POINT('',(-3.,39.2));
#7186 = VECTOR('',#7187,1.);
#7187 = DIRECTION('',(1.,0.));
#7188 = ( GEOMETRIC_REPRESENTATION_CONTEXT(2) 
PARAMETRIC_REPRESENTATION_CONTEXT() REPRESENTATION_CONTEXT('2D SPACE',''
  ) );
#7189 = ADVANCED_FACE('',(#7190),#3441,.F.);
#7190 = FACE_BOUND('',#7191,.F.);
#7191 = EDGE_LOOP('',(#7192,#7220,#7221,#7222));
#7192 = ORIENTED_EDGE('',*,*,#7193,.F.);
#7193 = EDGE_CURVE('',#7146,#7194,#7196,.T.);
#7194 = VERTEX_POINT('',#7195);
#7195 = CARTESIAN_POINT('',(17.55,23.6,-5.6));
#7196 = SURFACE_CURVE('',#7197,(#7201,#7208),.PCURVE_S1.);
#7197 = LINE('',#7198,#7199);
#7198 = CARTESIAN_POINT('',(-20.55,23.6,-5.6));
#7199 = VECTOR('',#7200,1.);
#7200 = DIRECTION('',(1.,0.,-0.));
#7201 = PCURVE('',#3441,#7202);
#7202 = DEFINITIONAL_REPRESENTATION('',(#7203),#7207);
#7203 = LINE('',#7204,#7205);
#7204 = CARTESIAN_POINT('',(-3.,39.2));
#7205 = VECTOR('',#7206,1.);
#7206 = DIRECTION('',(1.,0.));
#7207 = ( GEOMETRIC_REPRESENTATION_CONTEXT(2) 
PARAMETRIC_REPRESENTATION_CONTEXT() REPRESENTATION_CONTEXT('2D SPACE',''
  ) );
#7208 = PCURVE('',#7209,#7214);
#7209 = PLANE('',#7210);
#7210 = AXIS2_PLACEMENT_3D('',#7211,#7212,#7213);
#7211 = CARTESIAN_POINT('',(-17.55,-15.6,-5.6));
#7212 = DIRECTION('',(0.,0.,1.));
#7213 = DIRECTION('',(1.,0.,-0.));
#7214 = DEFINITIONAL_REPRESENTATION('',(#7215),#7219);
#7215 = LINE('',#7216,#7217);
#7216 = CARTESIAN_POINT('',(-3.,39.2));
#7217 = VECTOR('',#7218,1.);
#7218 = DIRECTION('',(1.,0.));
#7219 = ( GEOMETRIC_REPRESENTATION_CONTEXT(2) 
PARAMETRIC_REPRESENTATION_CONTEXT() REPRESENTATION_CONTEXT('2D SPACE',''
  ) );
#7220 = ORIENTED_EDGE('',*,*,#7145,.T.);
#7221 = ORIENTED_EDGE('',*,*,#3426,.F.);
#7222 = ORIENTED_EDGE('',*,*,#7223,.T.);
#7223 = EDGE_CURVE('',#3401,#7194,#7224,.T.);
#7224 = SURFACE_CURVE('',#7225,(#7229,#7236),.PCURVE_S1.);
#7225 = LINE('',#7226,#7227);
#7226 = CARTESIAN_POINT('',(17.55,-15.6,-5.6));
#7227 = VECTOR('',#7228,1.);
#7228 = DIRECTION('',(-0.,1.,0.));
#7229 = PCURVE('',#3441,#7230);
#7230 = DEFINITIONAL_REPRESENTATION('',(#7231),#7235);
#7231 = LINE('',#7232,#7233);
#7232 = CARTESIAN_POINT('',(35.1,0.));
#7233 = VECTOR('',#7234,1.);
#7234 = DIRECTION('',(0.,1.));
#7235 = ( GEOMETRIC_REPRESENTATION_CONTEXT(2) 
PARAMETRIC_REPRESENTATION_CONTEXT() REPRESENTATION_CONTEXT('2D SPACE',''
  ) );
#7236 = PCURVE('',#3415,#7237);
#7237 = DEFINITIONAL_REPRESENTATION('',(#7238),#7242);
#7238 = LINE('',#7239,#7240);
#7239 = CARTESIAN_POINT('',(38.1,-3.));
#7240 = VECTOR('',#7241,1.);
#7241 = DIRECTION('',(0.,1.));
#7242 = ( GEOMETRIC_REPRESENTATION_CONTEXT(2) 
PARAMETRIC_REPRESENTATION_CONTEXT() REPRESENTATION_CONTEXT('2D SPACE',''
  ) );
#7243 = ADVANCED_FACE('',(#7244),#3415,.F.);
#7244 = FACE_BOUND('',#7245,.F.);
#7245 = EDGE_LOOP('',(#7246,#7274,#7275,#7276,#7277));
#7246 = ORIENTED_EDGE('',*,*,#7247,.F.);
#7247 = EDGE_CURVE('',#7194,#7248,#7250,.T.);
#7248 = VERTEX_POINT('',#7249);
#7249 = CARTESIAN_POINT('',(20.55,23.6,-5.6));
#7250 = SURFACE_CURVE('',#7251,(#7255,#7262),.PCURVE_S1.);
#7251 = LINE('',#7252,#7253);
#7252 = CARTESIAN_POINT('',(-20.55,23.6,-5.6));
#7253 = VECTOR('',#7254,1.);
#7254 = DIRECTION('',(1.,0.,-0.));
#7255 = PCURVE('',#3415,#7256);
#7256 = DEFINITIONAL_REPRESENTATION('',(#7257),#7261);
#7257 = LINE('',#7258,#7259);
#7258 = CARTESIAN_POINT('',(0.,36.2));
#7259 = VECTOR('',#7260,1.);
#7260 = DIRECTION('',(1.,0.));
#7261 = ( GEOMETRIC_REPRESENTATION_CONTEXT(2) 
PARAMETRIC_REPRESENTATION_CONTEXT() REPRESENTATION_CONTEXT('2D SPACE',''
  ) );
#7262 = PCURVE('',#7263,#7268);
#7263 = PLANE('',#7264);
#7264 = AXIS2_PLACEMENT_3D('',#7265,#7266,#7267);
#7265 = CARTESIAN_POINT('',(17.55,23.6,-5.6));
#7266 = DIRECTION('',(0.,0.,1.));
#7267 = DIRECTION('',(1.,0.,-0.));
#7268 = DEFINITIONAL_REPRESENTATION('',(#7269),#7273);
#7269 = LINE('',#7270,#7271);
#7270 = CARTESIAN_POINT('',(-38.1,0.));
#7271 = VECTOR('',#7272,1.);
#7272 = DIRECTION('',(1.,0.));
#7273 = ( GEOMETRIC_REPRESENTATION_CONTEXT(2) 
PARAMETRIC_REPRESENTATION_CONTEXT() REPRESENTATION_CONTEXT('2D SPACE',''
  ) );
#7274 = ORIENTED_EDGE('',*,*,#7223,.F.);
#7275 = ORIENTED_EDGE('',*,*,#3400,.F.);
#7276 = ORIENTED_EDGE('',*,*,#4826,.F.);
#7277 = ORIENTED_EDGE('',*,*,#7278,.T.);
#7278 = EDGE_CURVE('',#4801,#7248,#7279,.T.);
#7279 = SURFACE_CURVE('',#7280,(#7285,#7292),.PCURVE_S1.);
#7280 = CIRCLE('',#7281,3.);
#7281 = AXIS2_PLACEMENT_3D('',#7282,#7283,#7284);
#7282 = CARTESIAN_POINT('',(17.55,23.6,-5.6));
#7283 = DIRECTION('',(0.,0.,1.));
#7284 = DIRECTION('',(1.,0.,-0.));
#7285 = PCURVE('',#3415,#7286);
#7286 = DEFINITIONAL_REPRESENTATION('',(#7287),#7291);
#7287 = CIRCLE('',#7288,3.);
#7288 = AXIS2_PLACEMENT_2D('',#7289,#7290);
#7289 = CARTESIAN_POINT('',(38.1,36.2));
#7290 = DIRECTION('',(1.,0.));
#7291 = ( GEOMETRIC_REPRESENTATION_CONTEXT(2) 
PARAMETRIC_REPRESENTATION_CONTEXT() REPRESENTATION_CONTEXT('2D SPACE',''
  ) );
#7292 = PCURVE('',#4815,#7293);
#7293 = DEFINITIONAL_REPRESENTATION('',(#7294),#7298);
#7294 = CIRCLE('',#7295,3.);
#7295 = AXIS2_PLACEMENT_2D('',#7296,#7297);
#7296 = CARTESIAN_POINT('',(38.1,36.2));
#7297 = DIRECTION('',(1.,0.));
#7298 = ( GEOMETRIC_REPRESENTATION_CONTEXT(2) 
PARAMETRIC_REPRESENTATION_CONTEXT() REPRESENTATION_CONTEXT('2D SPACE',''
  ) );
#7299 = ADVANCED_FACE('',(#7300),#3723,.T.);
#7300 = FACE_BOUND('',#7301,.T.);
#7301 = EDGE_LOOP('',(#7302,#7303,#7304,#7305,#7306,#7307,#7308,#7331,
    #7360,#7388));
#7302 = ORIENTED_EDGE('',*,*,#6278,.F.);
#7303 = ORIENTED_EDGE('',*,*,#3740,.F.);
#7304 = ORIENTED_EDGE('',*,*,#3710,.T.);
#7305 = ORIENTED_EDGE('',*,*,#6823,.F.);
#7306 = ORIENTED_EDGE('',*,*,#5121,.F.);
#7307 = ORIENTED_EDGE('',*,*,#5146,.F.);
#7308 = ORIENTED_EDGE('',*,*,#7309,.T.);
#7309 = EDGE_CURVE('',#4907,#7310,#7312,.T.);
#7310 = VERTEX_POINT('',#7311);
#7311 = CARTESIAN_POINT('',(17.55,20.6,0.));
#7312 = SURFACE_CURVE('',#7313,(#7317,#7324),.PCURVE_S1.);
#7313 = LINE('',#7314,#7315);
#7314 = CARTESIAN_POINT('',(17.55,-15.6,0.));
#7315 = VECTOR('',#7316,1.);
#7316 = DIRECTION('',(-0.,1.,0.));
#7317 = PCURVE('',#3723,#7318);
#7318 = DEFINITIONAL_REPRESENTATION('',(#7319),#7323);
#7319 = LINE('',#7320,#7321);
#7320 = CARTESIAN_POINT('',(35.1,0.));
#7321 = VECTOR('',#7322,1.);
#7322 = DIRECTION('',(0.,1.));
#7323 = ( GEOMETRIC_REPRESENTATION_CONTEXT(2) 
PARAMETRIC_REPRESENTATION_CONTEXT() REPRESENTATION_CONTEXT('2D SPACE',''
  ) );
#7324 = PCURVE('',#4945,#7325);
#7325 = DEFINITIONAL_REPRESENTATION('',(#7326),#7330);
#7326 = LINE('',#7327,#7328);
#7327 = CARTESIAN_POINT('',(38.1,-3.));
#7328 = VECTOR('',#7329,1.);
#7329 = DIRECTION('',(0.,1.));
#7330 = ( GEOMETRIC_REPRESENTATION_CONTEXT(2) 
PARAMETRIC_REPRESENTATION_CONTEXT() REPRESENTATION_CONTEXT('2D SPACE',''
  ) );
#7331 = ORIENTED_EDGE('',*,*,#7332,.F.);
#7332 = EDGE_CURVE('',#7333,#7310,#7335,.T.);
#7333 = VERTEX_POINT('',#7334);
#7334 = CARTESIAN_POINT('',(14.55,23.6,0.));
#7335 = SURFACE_CURVE('',#7336,(#7341,#7348),.PCURVE_S1.);
#7336 = CIRCLE('',#7337,3.);
#7337 = AXIS2_PLACEMENT_3D('',#7338,#7339,#7340);
#7338 = CARTESIAN_POINT('',(17.55,23.6,0.));
#7339 = DIRECTION('',(0.,0.,1.));
#7340 = DIRECTION('',(1.,0.,-0.));
#7341 = PCURVE('',#3723,#7342);
#7342 = DEFINITIONAL_REPRESENTATION('',(#7343),#7347);
#7343 = CIRCLE('',#7344,3.);
#7344 = AXIS2_PLACEMENT_2D('',#7345,#7346);
#7345 = CARTESIAN_POINT('',(35.1,39.2));
#7346 = DIRECTION('',(1.,0.));
#7347 = ( GEOMETRIC_REPRESENTATION_CONTEXT(2) 
PARAMETRIC_REPRESENTATION_CONTEXT() REPRESENTATION_CONTEXT('2D SPACE',''
  ) );
#7348 = PCURVE('',#7349,#7354);
#7349 = PLANE('',#7350);
#7350 = AXIS2_PLACEMENT_3D('',#7351,#7352,#7353);
#7351 = CARTESIAN_POINT('',(-17.55,-15.6,0.));
#7352 = DIRECTION('',(0.,0.,1.));
#7353 = DIRECTION('',(1.,0.,-0.));
#7354 = DEFINITIONAL_REPRESENTATION('',(#7355),#7359);
#7355 = CIRCLE('',#7356,3.);
#7356 = AXIS2_PLACEMENT_2D('',#7357,#7358);
#7357 = CARTESIAN_POINT('',(35.1,39.2));
#7358 = DIRECTION('',(1.,0.));
#7359 = ( GEOMETRIC_REPRESENTATION_CONTEXT(2) 
PARAMETRIC_REPRESENTATION_CONTEXT() REPRESENTATION_CONTEXT('2D SPACE',''
  ) );
#7360 = ORIENTED_EDGE('',*,*,#7361,.F.);
#7361 = EDGE_CURVE('',#7362,#7333,#7364,.T.);
#7362 = VERTEX_POINT('',#7363);
#7363 = CARTESIAN_POINT('',(-14.55,23.6,0.));
#7364 = SURFACE_CURVE('',#7365,(#7369,#7376),.PCURVE_S1.);
#7365 = LINE('',#7366,#7367);
#7366 = CARTESIAN_POINT('',(-20.55,23.6,0.));
#7367 = VECTOR('',#7368,1.);
#7368 = DIRECTION('',(1.,0.,-0.));
#7369 = PCURVE('',#3723,#7370);
#7370 = DEFINITIONAL_REPRESENTATION('',(#7371),#7375);
#7371 = LINE('',#7372,#7373);
#7372 = CARTESIAN_POINT('',(-3.,39.2));
#7373 = VECTOR('',#7374,1.);
#7374 = DIRECTION('',(1.,0.));
#7375 = ( GEOMETRIC_REPRESENTATION_CONTEXT(2) 
PARAMETRIC_REPRESENTATION_CONTEXT() REPRESENTATION_CONTEXT('2D SPACE',''
  ) );
#7376 = PCURVE('',#7377,#7382);
#7377 = PLANE('',#7378);
#7378 = AXIS2_PLACEMENT_3D('',#7379,#7380,#7381);
#7379 = CARTESIAN_POINT('',(-17.55,-15.6,0.));
#7380 = DIRECTION('',(0.,0.,1.));
#7381 = DIRECTION('',(1.,0.,-0.));
#7382 = DEFINITIONAL_REPRESENTATION('',(#7383),#7387);
#7383 = LINE('',#7384,#7385);
#7384 = CARTESIAN_POINT('',(-3.,39.2));
#7385 = VECTOR('',#7386,1.);
#7386 = DIRECTION('',(1.,0.));
#7387 = ( GEOMETRIC_REPRESENTATION_CONTEXT(2) 
PARAMETRIC_REPRESENTATION_CONTEXT() REPRESENTATION_CONTEXT('2D SPACE',''
  ) );
#7388 = ORIENTED_EDGE('',*,*,#7389,.F.);
#7389 = EDGE_CURVE('',#6222,#7362,#7390,.T.);
#7390 = SURFACE_CURVE('',#7391,(#7396,#7403),.PCURVE_S1.);
#7391 = CIRCLE('',#7392,3.);
#7392 = AXIS2_PLACEMENT_3D('',#7393,#7394,#7395);
#7393 = CARTESIAN_POINT('',(-17.55,23.6,0.));
#7394 = DIRECTION('',(0.,0.,1.));
#7395 = DIRECTION('',(1.,0.,-0.));
#7396 = PCURVE('',#3723,#7397);
#7397 = DEFINITIONAL_REPRESENTATION('',(#7398),#7402);
#7398 = CIRCLE('',#7399,3.);
#7399 = AXIS2_PLACEMENT_2D('',#7400,#7401);
#7400 = CARTESIAN_POINT('',(0.,39.2));
#7401 = DIRECTION('',(1.,0.));
#7402 = ( GEOMETRIC_REPRESENTATION_CONTEXT(2) 
PARAMETRIC_REPRESENTATION_CONTEXT() REPRESENTATION_CONTEXT('2D SPACE',''
  ) );
#7403 = PCURVE('',#7404,#7409);
#7404 = PLANE('',#7405);
#7405 = AXIS2_PLACEMENT_3D('',#7406,#7407,#7408);
#7406 = CARTESIAN_POINT('',(-17.55,-15.6,0.));
#7407 = DIRECTION('',(0.,0.,1.));
#7408 = DIRECTION('',(1.,0.,-0.));
#7409 = DEFINITIONAL_REPRESENTATION('',(#7410),#7414);
#7410 = CIRCLE('',#7411,3.);
#7411 = AXIS2_PLACEMENT_2D('',#7412,#7413);
#7412 = CARTESIAN_POINT('',(0.,39.2));
#7413 = DIRECTION('',(1.,0.));
#7414 = ( GEOMETRIC_REPRESENTATION_CONTEXT(2) 
PARAMETRIC_REPRESENTATION_CONTEXT() REPRESENTATION_CONTEXT('2D SPACE',''
  ) );
#7415 = ADVANCED_FACE('',(#7416),#3803,.T.);
#7416 = FACE_BOUND('',#7417,.T.);
#7417 = EDGE_LOOP('',(#7418,#7442,#7464,#7465,#7466,#7467));
#7418 = ORIENTED_EDGE('',*,*,#7419,.T.);
#7419 = EDGE_CURVE('',#4153,#7420,#7422,.T.);
#7420 = VERTEX_POINT('',#7421);
#7421 = CARTESIAN_POINT('',(-13.3,-10.25,-2.8));
#7422 = SURFACE_CURVE('',#7423,(#7428,#7435),.PCURVE_S1.);
#7423 = CIRCLE('',#7424,1.7);
#7424 = AXIS2_PLACEMENT_3D('',#7425,#7426,#7427);
#7425 = CARTESIAN_POINT('',(-15.,-10.25,-2.8));
#7426 = DIRECTION('',(0.,0.,1.));
#7427 = DIRECTION('',(1.,0.,-0.));
#7428 = PCURVE('',#3803,#7429);
#7429 = DEFINITIONAL_REPRESENTATION('',(#7430),#7434);
#7430 = CIRCLE('',#7431,1.7);
#7431 = AXIS2_PLACEMENT_2D('',#7432,#7433);
#7432 = CARTESIAN_POINT('',(0.,0.));
#7433 = DIRECTION('',(1.,0.));
#7434 = ( GEOMETRIC_REPRESENTATION_CONTEXT(2) 
PARAMETRIC_REPRESENTATION_CONTEXT() REPRESENTATION_CONTEXT('2D SPACE',''
  ) );
#7435 = PCURVE('',#4190,#7436);
#7436 = DEFINITIONAL_REPRESENTATION('',(#7437),#7441);
#7437 = LINE('',#7438,#7439);
#7438 = CARTESIAN_POINT('',(0.,1.7));
#7439 = VECTOR('',#7440,1.);
#7440 = DIRECTION('',(1.,0.));
#7441 = ( GEOMETRIC_REPRESENTATION_CONTEXT(2) 
PARAMETRIC_REPRESENTATION_CONTEXT() REPRESENTATION_CONTEXT('2D SPACE',''
  ) );
#7442 = ORIENTED_EDGE('',*,*,#7443,.T.);
#7443 = EDGE_CURVE('',#7420,#4095,#7444,.T.);
#7444 = SURFACE_CURVE('',#7445,(#7450,#7457),.PCURVE_S1.);
#7445 = CIRCLE('',#7446,1.7);
#7446 = AXIS2_PLACEMENT_3D('',#7447,#7448,#7449);
#7447 = CARTESIAN_POINT('',(-15.,-10.25,-2.8));
#7448 = DIRECTION('',(0.,0.,1.));
#7449 = DIRECTION('',(1.,0.,-0.));
#7450 = PCURVE('',#3803,#7451);
#7451 = DEFINITIONAL_REPRESENTATION('',(#7452),#7456);
#7452 = CIRCLE('',#7453,1.7);
#7453 = AXIS2_PLACEMENT_2D('',#7454,#7455);
#7454 = CARTESIAN_POINT('',(0.,0.));
#7455 = DIRECTION('',(1.,0.));
#7456 = ( GEOMETRIC_REPRESENTATION_CONTEXT(2) 
PARAMETRIC_REPRESENTATION_CONTEXT() REPRESENTATION_CONTEXT('2D SPACE',''
  ) );
#7457 = PCURVE('',#4113,#7458);
#7458 = DEFINITIONAL_REPRESENTATION('',(#7459),#7463);
#7459 = LINE('',#7460,#7461);
#7460 = CARTESIAN_POINT('',(0.,1.7));
#7461 = VECTOR('',#7462,1.);
#7462 = DIRECTION('',(1.,0.));
#7463 = ( GEOMETRIC_REPRESENTATION_CONTEXT(2) 
PARAMETRIC_REPRESENTATION_CONTEXT() REPRESENTATION_CONTEXT('2D SPACE',''
  ) );
#7464 = ORIENTED_EDGE('',*,*,#4129,.F.);
#7465 = ORIENTED_EDGE('',*,*,#3786,.F.);
#7466 = ORIENTED_EDGE('',*,*,#3935,.F.);
#7467 = ORIENTED_EDGE('',*,*,#4152,.F.);
#7468 = ADVANCED_FACE('',(#7469),#3877,.T.);
#7469 = FACE_BOUND('',#7470,.T.);
#7470 = EDGE_LOOP('',(#7471,#7472,#7494,#7495));
#7471 = ORIENTED_EDGE('',*,*,#3995,.T.);
#7472 = ORIENTED_EDGE('',*,*,#7473,.T.);
#7473 = EDGE_CURVE('',#3961,#4019,#7474,.T.);
#7474 = SURFACE_CURVE('',#7475,(#7480,#7487),.PCURVE_S1.);
#7475 = CIRCLE('',#7476,1.7);
#7476 = AXIS2_PLACEMENT_3D('',#7477,#7478,#7479);
#7477 = CARTESIAN_POINT('',(-15.,-10.25,-2.8));
#7478 = DIRECTION('',(0.,0.,1.));
#7479 = DIRECTION('',(1.,0.,-0.));
#7480 = PCURVE('',#3877,#7481);
#7481 = DEFINITIONAL_REPRESENTATION('',(#7482),#7486);
#7482 = CIRCLE('',#7483,1.7);
#7483 = AXIS2_PLACEMENT_2D('',#7484,#7485);
#7484 = CARTESIAN_POINT('',(0.,0.));
#7485 = DIRECTION('',(1.,0.));
#7486 = ( GEOMETRIC_REPRESENTATION_CONTEXT(2) 
PARAMETRIC_REPRESENTATION_CONTEXT() REPRESENTATION_CONTEXT('2D SPACE',''
  ) );
#7487 = PCURVE('',#3979,#7488);
#7488 = DEFINITIONAL_REPRESENTATION('',(#7489),#7493);
#7489 = LINE('',#7490,#7491);
#7490 = CARTESIAN_POINT('',(0.,1.7));
#7491 = VECTOR('',#7492,1.);
#7492 = DIRECTION('',(1.,0.));
#7493 = ( GEOMETRIC_REPRESENTATION_CONTEXT(2) 
PARAMETRIC_REPRESENTATION_CONTEXT() REPRESENTATION_CONTEXT('2D SPACE',''
  ) );
#7494 = ORIENTED_EDGE('',*,*,#4018,.T.);
#7495 = ORIENTED_EDGE('',*,*,#3860,.F.);
#7496 = ADVANCED_FACE('',(#7497),#3979,.T.);
#7497 = FACE_BOUND('',#7498,.T.);
#7498 = EDGE_LOOP('',(#7499,#7500,#7501,#7523));
#7499 = ORIENTED_EDGE('',*,*,#7473,.F.);
#7500 = ORIENTED_EDGE('',*,*,#3960,.T.);
#7501 = ORIENTED_EDGE('',*,*,#7502,.T.);
#7502 = EDGE_CURVE('',#3963,#4040,#7503,.T.);
#7503 = SURFACE_CURVE('',#7504,(#7509,#7516),.PCURVE_S1.);
#7504 = CIRCLE('',#7505,1.1);
#7505 = AXIS2_PLACEMENT_3D('',#7506,#7507,#7508);
#7506 = CARTESIAN_POINT('',(-15.,-10.25,-4.5));
#7507 = DIRECTION('',(0.,0.,1.));
#7508 = DIRECTION('',(1.,0.,-0.));
#7509 = PCURVE('',#3979,#7510);
#7510 = DEFINITIONAL_REPRESENTATION('',(#7511),#7515);
#7511 = LINE('',#7512,#7513);
#7512 = CARTESIAN_POINT('',(0.,0.));
#7513 = VECTOR('',#7514,1.);
#7514 = DIRECTION('',(1.,0.));
#7515 = ( GEOMETRIC_REPRESENTATION_CONTEXT(2) 
PARAMETRIC_REPRESENTATION_CONTEXT() REPRESENTATION_CONTEXT('2D SPACE',''
  ) );
#7516 = PCURVE('',#4080,#7517);
#7517 = DEFINITIONAL_REPRESENTATION('',(#7518),#7522);
#7518 = CIRCLE('',#7519,1.1);
#7519 = AXIS2_PLACEMENT_2D('',#7520,#7521);
#7520 = CARTESIAN_POINT('',(0.,0.));
#7521 = DIRECTION('',(1.,0.));
#7522 = ( GEOMETRIC_REPRESENTATION_CONTEXT(2) 
PARAMETRIC_REPRESENTATION_CONTEXT() REPRESENTATION_CONTEXT('2D SPACE',''
  ) );
#7523 = ORIENTED_EDGE('',*,*,#4039,.T.);
#7524 = ADVANCED_FACE('',(#7525),#4080,.F.);
#7525 = FACE_BOUND('',#7526,.F.);
#7526 = EDGE_LOOP('',(#7527,#7528));
#7527 = ORIENTED_EDGE('',*,*,#4067,.T.);
#7528 = ORIENTED_EDGE('',*,*,#7502,.T.);
#7529 = ADVANCED_FACE('',(#7530),#4113,.T.);
#7530 = FACE_BOUND('',#7531,.T.);
#7531 = EDGE_LOOP('',(#7532,#7533,#7556,#7578));
#7532 = ORIENTED_EDGE('',*,*,#7443,.F.);
#7533 = ORIENTED_EDGE('',*,*,#7534,.F.);
#7534 = EDGE_CURVE('',#7535,#7420,#7537,.T.);
#7535 = VERTEX_POINT('',#7536);
#7536 = CARTESIAN_POINT('',(-13.9,-10.25,-4.5));
#7537 = SURFACE_CURVE('',#7538,(#7542,#7549),.PCURVE_S1.);
#7538 = LINE('',#7539,#7540);
#7539 = CARTESIAN_POINT('',(-13.9,-10.25,-4.5));
#7540 = VECTOR('',#7541,1.);
#7541 = DIRECTION('',(0.332820117735,-8.151741837524E-17,0.942990333583)
  );
#7542 = PCURVE('',#4113,#7543);
#7543 = DEFINITIONAL_REPRESENTATION('',(#7544),#7548);
#7544 = LINE('',#7545,#7546);
#7545 = CARTESIAN_POINT('',(0.,-0.));
#7546 = VECTOR('',#7547,1.);
#7547 = DIRECTION('',(0.,1.));
#7548 = ( GEOMETRIC_REPRESENTATION_CONTEXT(2) 
PARAMETRIC_REPRESENTATION_CONTEXT() REPRESENTATION_CONTEXT('2D SPACE',''
  ) );
#7549 = PCURVE('',#4190,#7550);
#7550 = DEFINITIONAL_REPRESENTATION('',(#7551),#7555);
#7551 = LINE('',#7552,#7553);
#7552 = CARTESIAN_POINT('',(6.28318530718,-0.));
#7553 = VECTOR('',#7554,1.);
#7554 = DIRECTION('',(0.,1.));
#7555 = ( GEOMETRIC_REPRESENTATION_CONTEXT(2) 
PARAMETRIC_REPRESENTATION_CONTEXT() REPRESENTATION_CONTEXT('2D SPACE',''
  ) );
#7556 = ORIENTED_EDGE('',*,*,#7557,.T.);
#7557 = EDGE_CURVE('',#7535,#4097,#7558,.T.);
#7558 = SURFACE_CURVE('',#7559,(#7564,#7571),.PCURVE_S1.);
#7559 = CIRCLE('',#7560,1.1);
#7560 = AXIS2_PLACEMENT_3D('',#7561,#7562,#7563);
#7561 = CARTESIAN_POINT('',(-15.,-10.25,-4.5));
#7562 = DIRECTION('',(0.,0.,1.));
#7563 = DIRECTION('',(1.,0.,-0.));
#7564 = PCURVE('',#4113,#7565);
#7565 = DEFINITIONAL_REPRESENTATION('',(#7566),#7570);
#7566 = LINE('',#7567,#7568);
#7567 = CARTESIAN_POINT('',(0.,0.));
#7568 = VECTOR('',#7569,1.);
#7569 = DIRECTION('',(1.,0.));
#7570 = ( GEOMETRIC_REPRESENTATION_CONTEXT(2) 
PARAMETRIC_REPRESENTATION_CONTEXT() REPRESENTATION_CONTEXT('2D SPACE',''
  ) );
#7571 = PCURVE('',#4219,#7572);
#7572 = DEFINITIONAL_REPRESENTATION('',(#7573),#7577);
#7573 = CIRCLE('',#7574,1.1);
#7574 = AXIS2_PLACEMENT_2D('',#7575,#7576);
#7575 = CARTESIAN_POINT('',(0.,0.));
#7576 = DIRECTION('',(1.,0.));
#7577 = ( GEOMETRIC_REPRESENTATION_CONTEXT(2) 
PARAMETRIC_REPRESENTATION_CONTEXT() REPRESENTATION_CONTEXT('2D SPACE',''
  ) );
#7578 = ORIENTED_EDGE('',*,*,#4094,.F.);
#7579 = ADVANCED_FACE('',(#7580),#4219,.F.);
#7580 = FACE_BOUND('',#7581,.F.);
#7581 = EDGE_LOOP('',(#7582,#7604,#7605));
#7582 = ORIENTED_EDGE('',*,*,#7583,.T.);
#7583 = EDGE_CURVE('',#4174,#7535,#7584,.T.);
#7584 = SURFACE_CURVE('',#7585,(#7590,#7597),.PCURVE_S1.);
#7585 = CIRCLE('',#7586,1.1);
#7586 = AXIS2_PLACEMENT_3D('',#7587,#7588,#7589);
#7587 = CARTESIAN_POINT('',(-15.,-10.25,-4.5));
#7588 = DIRECTION('',(0.,0.,1.));
#7589 = DIRECTION('',(1.,0.,-0.));
#7590 = PCURVE('',#4219,#7591);
#7591 = DEFINITIONAL_REPRESENTATION('',(#7592),#7596);
#7592 = CIRCLE('',#7593,1.1);
#7593 = AXIS2_PLACEMENT_2D('',#7594,#7595);
#7594 = CARTESIAN_POINT('',(0.,0.));
#7595 = DIRECTION('',(1.,0.));
#7596 = ( GEOMETRIC_REPRESENTATION_CONTEXT(2) 
PARAMETRIC_REPRESENTATION_CONTEXT() REPRESENTATION_CONTEXT('2D SPACE',''
  ) );
#7597 = PCURVE('',#4190,#7598);
#7598 = DEFINITIONAL_REPRESENTATION('',(#7599),#7603);
#7599 = LINE('',#7600,#7601);
#7600 = CARTESIAN_POINT('',(0.,0.));
#7601 = VECTOR('',#7602,1.);
#7602 = DIRECTION('',(1.,0.));
#7603 = ( GEOMETRIC_REPRESENTATION_CONTEXT(2) 
PARAMETRIC_REPRESENTATION_CONTEXT() REPRESENTATION_CONTEXT('2D SPACE',''
  ) );
#7604 = ORIENTED_EDGE('',*,*,#7557,.T.);
#7605 = ORIENTED_EDGE('',*,*,#4206,.F.);
#7606 = ADVANCED_FACE('',(#7607),#4190,.T.);
#7607 = FACE_BOUND('',#7608,.T.);
#7608 = EDGE_LOOP('',(#7609,#7610,#7611,#7612));
#7609 = ORIENTED_EDGE('',*,*,#7534,.T.);
#7610 = ORIENTED_EDGE('',*,*,#7419,.F.);
#7611 = ORIENTED_EDGE('',*,*,#4173,.F.);
#7612 = ORIENTED_EDGE('',*,*,#7583,.T.);
#7613 = ADVANCED_FACE('',(#7614),#4252,.T.);
#7614 = FACE_BOUND('',#7615,.T.);
#7615 = EDGE_LOOP('',(#7616,#7638,#7639,#7661));
#7616 = ORIENTED_EDGE('',*,*,#7617,.F.);
#7617 = EDGE_CURVE('',#4234,#4336,#7618,.T.);
#7618 = SURFACE_CURVE('',#7619,(#7624,#7631),.PCURVE_S1.);
#7619 = CIRCLE('',#7620,1.7);
#7620 = AXIS2_PLACEMENT_3D('',#7621,#7622,#7623);
#7621 = CARTESIAN_POINT('',(-15.,18.25,-2.8));
#7622 = DIRECTION('',(0.,0.,1.));
#7623 = DIRECTION('',(1.,0.,-0.));
#7624 = PCURVE('',#4252,#7625);
#7625 = DEFINITIONAL_REPRESENTATION('',(#7626),#7630);
#7626 = LINE('',#7627,#7628);
#7627 = CARTESIAN_POINT('',(0.,1.7));
#7628 = VECTOR('',#7629,1.);
#7629 = DIRECTION('',(1.,0.));
#7630 = ( GEOMETRIC_REPRESENTATION_CONTEXT(2) 
PARAMETRIC_REPRESENTATION_CONTEXT() REPRESENTATION_CONTEXT('2D SPACE',''
  ) );
#7631 = PCURVE('',#4283,#7632);
#7632 = DEFINITIONAL_REPRESENTATION('',(#7633),#7637);
#7633 = CIRCLE('',#7634,1.7);
#7634 = AXIS2_PLACEMENT_2D('',#7635,#7636);
#7635 = CARTESIAN_POINT('',(0.,0.));
#7636 = DIRECTION('',(1.,0.));
#7637 = ( GEOMETRIC_REPRESENTATION_CONTEXT(2) 
PARAMETRIC_REPRESENTATION_CONTEXT() REPRESENTATION_CONTEXT('2D SPACE',''
  ) );
#7638 = ORIENTED_EDGE('',*,*,#4233,.T.);
#7639 = ORIENTED_EDGE('',*,*,#7640,.T.);
#7640 = EDGE_CURVE('',#4236,#4357,#7641,.T.);
#7641 = SURFACE_CURVE('',#7642,(#7647,#7654),.PCURVE_S1.);
#7642 = CIRCLE('',#7643,1.1);
#7643 = AXIS2_PLACEMENT_3D('',#7644,#7645,#7646);
#7644 = CARTESIAN_POINT('',(-15.,18.25,-4.5));
#7645 = DIRECTION('',(0.,0.,1.));
#7646 = DIRECTION('',(1.,0.,-0.));
#7647 = PCURVE('',#4252,#7648);
#7648 = DEFINITIONAL_REPRESENTATION('',(#7649),#7653);
#7649 = LINE('',#7650,#7651);
#7650 = CARTESIAN_POINT('',(0.,0.));
#7651 = VECTOR('',#7652,1.);
#7652 = DIRECTION('',(1.,0.));
#7653 = ( GEOMETRIC_REPRESENTATION_CONTEXT(2) 
PARAMETRIC_REPRESENTATION_CONTEXT() REPRESENTATION_CONTEXT('2D SPACE',''
  ) );
#7654 = PCURVE('',#4397,#7655);
#7655 = DEFINITIONAL_REPRESENTATION('',(#7656),#7660);
#7656 = CIRCLE('',#7657,1.1);
#7657 = AXIS2_PLACEMENT_2D('',#7658,#7659);
#7658 = CARTESIAN_POINT('',(0.,0.));
#7659 = DIRECTION('',(1.,0.));
#7660 = ( GEOMETRIC_REPRESENTATION_CONTEXT(2) 
PARAMETRIC_REPRESENTATION_CONTEXT() REPRESENTATION_CONTEXT('2D SPACE',''
  ) );
#7661 = ORIENTED_EDGE('',*,*,#4356,.T.);
#7662 = ADVANCED_FACE('',(#7663),#4397,.F.);
#7663 = FACE_BOUND('',#7664,.F.);
#7664 = EDGE_LOOP('',(#7665,#7666));
#7665 = ORIENTED_EDGE('',*,*,#4384,.T.);
#7666 = ORIENTED_EDGE('',*,*,#7640,.T.);
#7667 = ADVANCED_FACE('',(#7668),#4283,.T.);
#7668 = FACE_BOUND('',#7669,.T.);
#7669 = EDGE_LOOP('',(#7670,#7671,#7672,#7673));
#7670 = ORIENTED_EDGE('',*,*,#4268,.T.);
#7671 = ORIENTED_EDGE('',*,*,#7617,.T.);
#7672 = ORIENTED_EDGE('',*,*,#4335,.T.);
#7673 = ORIENTED_EDGE('',*,*,#4413,.F.);
#7674 = ADVANCED_FACE('',(#7675),#4499,.T.);
#7675 = FACE_BOUND('',#7676,.T.);
#7676 = EDGE_LOOP('',(#7677,#7701,#7723,#7724,#7725,#7726));
#7677 = ORIENTED_EDGE('',*,*,#7678,.T.);
#7678 = EDGE_CURVE('',#4620,#7679,#7681,.T.);
#7679 = VERTEX_POINT('',#7680);
#7680 = CARTESIAN_POINT('',(-13.3,18.25,-2.8));
#7681 = SURFACE_CURVE('',#7682,(#7687,#7694),.PCURVE_S1.);
#7682 = CIRCLE('',#7683,1.7);
#7683 = AXIS2_PLACEMENT_3D('',#7684,#7685,#7686);
#7684 = CARTESIAN_POINT('',(-15.,18.25,-2.8));
#7685 = DIRECTION('',(0.,0.,1.));
#7686 = DIRECTION('',(1.,0.,-0.));
#7687 = PCURVE('',#4499,#7688);
#7688 = DEFINITIONAL_REPRESENTATION('',(#7689),#7693);
#7689 = CIRCLE('',#7690,1.7);
#7690 = AXIS2_PLACEMENT_2D('',#7691,#7692);
#7691 = CARTESIAN_POINT('',(0.,0.));
#7692 = DIRECTION('',(1.,0.));
#7693 = ( GEOMETRIC_REPRESENTATION_CONTEXT(2) 
PARAMETRIC_REPRESENTATION_CONTEXT() REPRESENTATION_CONTEXT('2D SPACE',''
  ) );
#7694 = PCURVE('',#4657,#7695);
#7695 = DEFINITIONAL_REPRESENTATION('',(#7696),#7700);
#7696 = LINE('',#7697,#7698);
#7697 = CARTESIAN_POINT('',(0.,1.7));
#7698 = VECTOR('',#7699,1.);
#7699 = DIRECTION('',(1.,0.));
#7700 = ( GEOMETRIC_REPRESENTATION_CONTEXT(2) 
PARAMETRIC_REPRESENTATION_CONTEXT() REPRESENTATION_CONTEXT('2D SPACE',''
  ) );
#7701 = ORIENTED_EDGE('',*,*,#7702,.T.);
#7702 = EDGE_CURVE('',#7679,#4563,#7703,.T.);
#7703 = SURFACE_CURVE('',#7704,(#7709,#7716),.PCURVE_S1.);
#7704 = CIRCLE('',#7705,1.7);
#7705 = AXIS2_PLACEMENT_3D('',#7706,#7707,#7708);
#7706 = CARTESIAN_POINT('',(-15.,18.25,-2.8));
#7707 = DIRECTION('',(0.,0.,1.));
#7708 = DIRECTION('',(1.,0.,-0.));
#7709 = PCURVE('',#4499,#7710);
#7710 = DEFINITIONAL_REPRESENTATION('',(#7711),#7715);
#7711 = CIRCLE('',#7712,1.7);
#7712 = AXIS2_PLACEMENT_2D('',#7713,#7714);
#7713 = CARTESIAN_POINT('',(0.,0.));
#7714 = DIRECTION('',(1.,0.));
#7715 = ( GEOMETRIC_REPRESENTATION_CONTEXT(2) 
PARAMETRIC_REPRESENTATION_CONTEXT() REPRESENTATION_CONTEXT('2D SPACE',''
  ) );
#7716 = PCURVE('',#4581,#7717);
#7717 = DEFINITIONAL_REPRESENTATION('',(#7718),#7722);
#7718 = LINE('',#7719,#7720);
#7719 = CARTESIAN_POINT('',(0.,1.7));
#7720 = VECTOR('',#7721,1.);
#7721 = DIRECTION('',(1.,0.));
#7722 = ( GEOMETRIC_REPRESENTATION_CONTEXT(2) 
PARAMETRIC_REPRESENTATION_CONTEXT() REPRESENTATION_CONTEXT('2D SPACE',''
  ) );
#7723 = ORIENTED_EDGE('',*,*,#4597,.F.);
#7724 = ORIENTED_EDGE('',*,*,#4516,.F.);
#7725 = ORIENTED_EDGE('',*,*,#4484,.F.);
#7726 = ORIENTED_EDGE('',*,*,#4619,.F.);
#7727 = ADVANCED_FACE('',(#7728),#4581,.T.);
#7728 = FACE_BOUND('',#7729,.T.);
#7729 = EDGE_LOOP('',(#7730,#7731,#7754,#7776));
#7730 = ORIENTED_EDGE('',*,*,#7702,.F.);
#7731 = ORIENTED_EDGE('',*,*,#7732,.F.);
#7732 = EDGE_CURVE('',#7733,#7679,#7735,.T.);
#7733 = VERTEX_POINT('',#7734);
#7734 = CARTESIAN_POINT('',(-13.9,18.25,-4.5));
#7735 = SURFACE_CURVE('',#7736,(#7740,#7747),.PCURVE_S1.);
#7736 = LINE('',#7737,#7738);
#7737 = CARTESIAN_POINT('',(-13.9,18.25,-4.5));
#7738 = VECTOR('',#7739,1.);
#7739 = DIRECTION('',(0.332820117735,-8.151741837524E-17,0.942990333583)
  );
#7740 = PCURVE('',#4581,#7741);
#7741 = DEFINITIONAL_REPRESENTATION('',(#7742),#7746);
#7742 = LINE('',#7743,#7744);
#7743 = CARTESIAN_POINT('',(0.,-0.));
#7744 = VECTOR('',#7745,1.);
#7745 = DIRECTION('',(0.,1.));
#7746 = ( GEOMETRIC_REPRESENTATION_CONTEXT(2) 
PARAMETRIC_REPRESENTATION_CONTEXT() REPRESENTATION_CONTEXT('2D SPACE',''
  ) );
#7747 = PCURVE('',#4657,#7748);
#7748 = DEFINITIONAL_REPRESENTATION('',(#7749),#7753);
#7749 = LINE('',#7750,#7751);
#7750 = CARTESIAN_POINT('',(6.28318530718,-0.));
#7751 = VECTOR('',#7752,1.);
#7752 = DIRECTION('',(0.,1.));
#7753 = ( GEOMETRIC_REPRESENTATION_CONTEXT(2) 
PARAMETRIC_REPRESENTATION_CONTEXT() REPRESENTATION_CONTEXT('2D SPACE',''
  ) );
#7754 = ORIENTED_EDGE('',*,*,#7755,.T.);
#7755 = EDGE_CURVE('',#7733,#4565,#7756,.T.);
#7756 = SURFACE_CURVE('',#7757,(#7762,#7769),.PCURVE_S1.);
#7757 = CIRCLE('',#7758,1.1);
#7758 = AXIS2_PLACEMENT_3D('',#7759,#7760,#7761);
#7759 = CARTESIAN_POINT('',(-15.,18.25,-4.5));
#7760 = DIRECTION('',(0.,0.,1.));
#7761 = DIRECTION('',(1.,0.,-0.));
#7762 = PCURVE('',#4581,#7763);
#7763 = DEFINITIONAL_REPRESENTATION('',(#7764),#7768);
#7764 = LINE('',#7765,#7766);
#7765 = CARTESIAN_POINT('',(0.,0.));
#7766 = VECTOR('',#7767,1.);
#7767 = DIRECTION('',(1.,0.));
#7768 = ( GEOMETRIC_REPRESENTATION_CONTEXT(2) 
PARAMETRIC_REPRESENTATION_CONTEXT() REPRESENTATION_CONTEXT('2D SPACE',''
  ) );
#7769 = PCURVE('',#4686,#7770);
#7770 = DEFINITIONAL_REPRESENTATION('',(#7771),#7775);
#7771 = CIRCLE('',#7772,1.1);
#7772 = AXIS2_PLACEMENT_2D('',#7773,#7774);
#7773 = CARTESIAN_POINT('',(0.,0.));
#7774 = DIRECTION('',(1.,0.));
#7775 = ( GEOMETRIC_REPRESENTATION_CONTEXT(2) 
PARAMETRIC_REPRESENTATION_CONTEXT() REPRESENTATION_CONTEXT('2D SPACE',''
  ) );
#7776 = ORIENTED_EDGE('',*,*,#4562,.F.);
#7777 = ADVANCED_FACE('',(#7778),#4686,.F.);
#7778 = FACE_BOUND('',#7779,.F.);
#7779 = EDGE_LOOP('',(#7780,#7802,#7803));
#7780 = ORIENTED_EDGE('',*,*,#7781,.T.);
#7781 = EDGE_CURVE('',#4641,#7733,#7782,.T.);
#7782 = SURFACE_CURVE('',#7783,(#7788,#7795),.PCURVE_S1.);
#7783 = CIRCLE('',#7784,1.1);
#7784 = AXIS2_PLACEMENT_3D('',#7785,#7786,#7787);
#7785 = CARTESIAN_POINT('',(-15.,18.25,-4.5));
#7786 = DIRECTION('',(0.,0.,1.));
#7787 = DIRECTION('',(1.,0.,-0.));
#7788 = PCURVE('',#4686,#7789);
#7789 = DEFINITIONAL_REPRESENTATION('',(#7790),#7794);
#7790 = CIRCLE('',#7791,1.1);
#7791 = AXIS2_PLACEMENT_2D('',#7792,#7793);
#7792 = CARTESIAN_POINT('',(0.,0.));
#7793 = DIRECTION('',(1.,0.));
#7794 = ( GEOMETRIC_REPRESENTATION_CONTEXT(2) 
PARAMETRIC_REPRESENTATION_CONTEXT() REPRESENTATION_CONTEXT('2D SPACE',''
  ) );
#7795 = PCURVE('',#4657,#7796);
#7796 = DEFINITIONAL_REPRESENTATION('',(#7797),#7801);
#7797 = LINE('',#7798,#7799);
#7798 = CARTESIAN_POINT('',(0.,0.));
#7799 = VECTOR('',#7800,1.);
#7800 = DIRECTION('',(1.,0.));
#7801 = ( GEOMETRIC_REPRESENTATION_CONTEXT(2) 
PARAMETRIC_REPRESENTATION_CONTEXT() REPRESENTATION_CONTEXT('2D SPACE',''
  ) );
#7802 = ORIENTED_EDGE('',*,*,#7755,.T.);
#7803 = ORIENTED_EDGE('',*,*,#4673,.F.);
#7804 = ADVANCED_FACE('',(#7805),#4657,.T.);
#7805 = FACE_BOUND('',#7806,.T.);
#7806 = EDGE_LOOP('',(#7807,#7808,#7809,#7810));
#7807 = ORIENTED_EDGE('',*,*,#7732,.T.);
#7808 = ORIENTED_EDGE('',*,*,#7678,.F.);
#7809 = ORIENTED_EDGE('',*,*,#4640,.F.);
#7810 = ORIENTED_EDGE('',*,*,#7781,.T.);
#7811 = ADVANCED_FACE('',(#7812),#4815,.F.);
#7812 = FACE_BOUND('',#7813,.F.);
#7813 = EDGE_LOOP('',(#7814,#7838,#7864,#7865));
#7814 = ORIENTED_EDGE('',*,*,#7815,.F.);
#7815 = EDGE_CURVE('',#7816,#4775,#7818,.T.);
#7816 = VERTEX_POINT('',#7817);
#7817 = CARTESIAN_POINT('',(20.55,3.788139384975,-5.6));
#7818 = SURFACE_CURVE('',#7819,(#7824,#7831),.PCURVE_S1.);
#7819 = CIRCLE('',#7820,3.8);
#7820 = AXIS2_PLACEMENT_3D('',#7821,#7822,#7823);
#7821 = CARTESIAN_POINT('',(20.85,0.,-5.6));
#7822 = DIRECTION('',(0.,0.,1.));
#7823 = DIRECTION('',(1.,0.,-0.));
#7824 = PCURVE('',#4815,#7825);
#7825 = DEFINITIONAL_REPRESENTATION('',(#7826),#7830);
#7826 = CIRCLE('',#7827,3.8);
#7827 = AXIS2_PLACEMENT_2D('',#7828,#7829);
#7828 = CARTESIAN_POINT('',(41.4,12.6));
#7829 = DIRECTION('',(1.,0.));
#7830 = ( GEOMETRIC_REPRESENTATION_CONTEXT(2) 
PARAMETRIC_REPRESENTATION_CONTEXT() REPRESENTATION_CONTEXT('2D SPACE',''
  ) );
#7831 = PCURVE('',#4789,#7832);
#7832 = DEFINITIONAL_REPRESENTATION('',(#7833),#7837);
#7833 = CIRCLE('',#7834,3.8);
#7834 = AXIS2_PLACEMENT_2D('',#7835,#7836);
#7835 = CARTESIAN_POINT('',(41.4,12.6));
#7836 = DIRECTION('',(1.,0.));
#7837 = ( GEOMETRIC_REPRESENTATION_CONTEXT(2) 
PARAMETRIC_REPRESENTATION_CONTEXT() REPRESENTATION_CONTEXT('2D SPACE',''
  ) );
#7838 = ORIENTED_EDGE('',*,*,#7839,.T.);
#7839 = EDGE_CURVE('',#7816,#7248,#7840,.T.);
#7840 = SURFACE_CURVE('',#7841,(#7845,#7852),.PCURVE_S1.);
#7841 = LINE('',#7842,#7843);
#7842 = CARTESIAN_POINT('',(20.55,-12.6,-5.6));
#7843 = VECTOR('',#7844,1.);
#7844 = DIRECTION('',(-0.,1.,0.));
#7845 = PCURVE('',#4815,#7846);
#7846 = DEFINITIONAL_REPRESENTATION('',(#7847),#7851);
#7847 = LINE('',#7848,#7849);
#7848 = CARTESIAN_POINT('',(41.1,0.));
#7849 = VECTOR('',#7850,1.);
#7850 = DIRECTION('',(0.,1.));
#7851 = ( GEOMETRIC_REPRESENTATION_CONTEXT(2) 
PARAMETRIC_REPRESENTATION_CONTEXT() REPRESENTATION_CONTEXT('2D SPACE',''
  ) );
#7852 = PCURVE('',#7853,#7858);
#7853 = PLANE('',#7854);
#7854 = AXIS2_PLACEMENT_3D('',#7855,#7856,#7857);
#7855 = CARTESIAN_POINT('',(20.55,-12.6,-5.6));
#7856 = DIRECTION('',(1.,0.,-0.));
#7857 = DIRECTION('',(0.,0.,1.));
#7858 = DEFINITIONAL_REPRESENTATION('',(#7859),#7863);
#7859 = LINE('',#7860,#7861);
#7860 = CARTESIAN_POINT('',(0.,0.));
#7861 = VECTOR('',#7862,1.);
#7862 = DIRECTION('',(0.,-1.));
#7863 = ( GEOMETRIC_REPRESENTATION_CONTEXT(2) 
PARAMETRIC_REPRESENTATION_CONTEXT() REPRESENTATION_CONTEXT('2D SPACE',''
  ) );
#7864 = ORIENTED_EDGE('',*,*,#7278,.F.);
#7865 = ORIENTED_EDGE('',*,*,#4800,.F.);
#7866 = ADVANCED_FACE('',(#7867),#4789,.F.);
#7867 = FACE_BOUND('',#7868,.F.);
#7868 = EDGE_LOOP('',(#7869,#7870,#7892,#7918));
#7869 = ORIENTED_EDGE('',*,*,#4774,.F.);
#7870 = ORIENTED_EDGE('',*,*,#7871,.T.);
#7871 = EDGE_CURVE('',#4749,#6169,#7872,.T.);
#7872 = SURFACE_CURVE('',#7873,(#7878,#7885),.PCURVE_S1.);
#7873 = CIRCLE('',#7874,3.8);
#7874 = AXIS2_PLACEMENT_3D('',#7875,#7876,#7877);
#7875 = CARTESIAN_POINT('',(20.85,0.,-5.6));
#7876 = DIRECTION('',(0.,0.,1.));
#7877 = DIRECTION('',(1.,0.,-0.));
#7878 = PCURVE('',#4789,#7879);
#7879 = DEFINITIONAL_REPRESENTATION('',(#7880),#7884);
#7880 = CIRCLE('',#7881,3.8);
#7881 = AXIS2_PLACEMENT_2D('',#7882,#7883);
#7882 = CARTESIAN_POINT('',(41.4,12.6));
#7883 = DIRECTION('',(1.,0.));
#7884 = ( GEOMETRIC_REPRESENTATION_CONTEXT(2) 
PARAMETRIC_REPRESENTATION_CONTEXT() REPRESENTATION_CONTEXT('2D SPACE',''
  ) );
#7885 = PCURVE('',#4763,#7886);
#7886 = DEFINITIONAL_REPRESENTATION('',(#7887),#7891);
#7887 = CIRCLE('',#7888,3.8);
#7888 = AXIS2_PLACEMENT_2D('',#7889,#7890);
#7889 = CARTESIAN_POINT('',(41.4,12.6));
#7890 = DIRECTION('',(1.,0.));
#7891 = ( GEOMETRIC_REPRESENTATION_CONTEXT(2) 
PARAMETRIC_REPRESENTATION_CONTEXT() REPRESENTATION_CONTEXT('2D SPACE',''
  ) );
#7892 = ORIENTED_EDGE('',*,*,#7893,.T.);
#7893 = EDGE_CURVE('',#6169,#7816,#7894,.T.);
#7894 = SURFACE_CURVE('',#7895,(#7899,#7906),.PCURVE_S1.);
#7895 = LINE('',#7896,#7897);
#7896 = CARTESIAN_POINT('',(20.55,-12.6,-5.6));
#7897 = VECTOR('',#7898,1.);
#7898 = DIRECTION('',(-0.,1.,0.));
#7899 = PCURVE('',#4789,#7900);
#7900 = DEFINITIONAL_REPRESENTATION('',(#7901),#7905);
#7901 = LINE('',#7902,#7903);
#7902 = CARTESIAN_POINT('',(41.1,0.));
#7903 = VECTOR('',#7904,1.);
#7904 = DIRECTION('',(0.,1.));
#7905 = ( GEOMETRIC_REPRESENTATION_CONTEXT(2) 
PARAMETRIC_REPRESENTATION_CONTEXT() REPRESENTATION_CONTEXT('2D SPACE',''
  ) );
#7906 = PCURVE('',#7907,#7912);
#7907 = PLANE('',#7908);
#7908 = AXIS2_PLACEMENT_3D('',#7909,#7910,#7911);
#7909 = CARTESIAN_POINT('',(20.85,0.,-5.6));
#7910 = DIRECTION('',(0.,0.,1.));
#7911 = DIRECTION('',(1.,0.,-0.));
#7912 = DEFINITIONAL_REPRESENTATION('',(#7913),#7917);
#7913 = LINE('',#7914,#7915);
#7914 = CARTESIAN_POINT('',(-0.3,-12.6));
#7915 = VECTOR('',#7916,1.);
#7916 = DIRECTION('',(0.,1.));
#7917 = ( GEOMETRIC_REPRESENTATION_CONTEXT(2) 
PARAMETRIC_REPRESENTATION_CONTEXT() REPRESENTATION_CONTEXT('2D SPACE',''
  ) );
#7918 = ORIENTED_EDGE('',*,*,#7815,.T.);
#7919 = ADVANCED_FACE('',(#7920),#4763,.F.);
#7920 = FACE_BOUND('',#7921,.F.);
#7921 = EDGE_LOOP('',(#7922,#7944,#7945,#7946));
#7922 = ORIENTED_EDGE('',*,*,#7923,.F.);
#7923 = EDGE_CURVE('',#2813,#4723,#7924,.T.);
#7924 = SURFACE_CURVE('',#7925,(#7930,#7937),.PCURVE_S1.);
#7925 = CIRCLE('',#7926,3.);
#7926 = AXIS2_PLACEMENT_3D('',#7927,#7928,#7929);
#7927 = CARTESIAN_POINT('',(17.55,-12.6,-5.6));
#7928 = DIRECTION('',(0.,0.,1.));
#7929 = DIRECTION('',(1.,0.,-0.));
#7930 = PCURVE('',#4763,#7931);
#7931 = DEFINITIONAL_REPRESENTATION('',(#7932),#7936);
#7932 = CIRCLE('',#7933,3.);
#7933 = AXIS2_PLACEMENT_2D('',#7934,#7935);
#7934 = CARTESIAN_POINT('',(38.1,0.));
#7935 = DIRECTION('',(1.,0.));
#7936 = ( GEOMETRIC_REPRESENTATION_CONTEXT(2) 
PARAMETRIC_REPRESENTATION_CONTEXT() REPRESENTATION_CONTEXT('2D SPACE',''
  ) );
#7937 = PCURVE('',#4737,#7938);
#7938 = DEFINITIONAL_REPRESENTATION('',(#7939),#7943);
#7939 = CIRCLE('',#7940,3.);
#7940 = AXIS2_PLACEMENT_2D('',#7941,#7942);
#7941 = CARTESIAN_POINT('',(38.1,0.));
#7942 = DIRECTION('',(1.,0.));
#7943 = ( GEOMETRIC_REPRESENTATION_CONTEXT(2) 
PARAMETRIC_REPRESENTATION_CONTEXT() REPRESENTATION_CONTEXT('2D SPACE',''
  ) );
#7944 = ORIENTED_EDGE('',*,*,#6168,.T.);
#7945 = ORIENTED_EDGE('',*,*,#7871,.F.);
#7946 = ORIENTED_EDGE('',*,*,#4748,.F.);
#7947 = ADVANCED_FACE('',(#7948),#4737,.F.);
#7948 = FACE_BOUND('',#7949,.F.);
#7949 = EDGE_LOOP('',(#7950,#7951,#7952));
#7950 = ORIENTED_EDGE('',*,*,#4878,.T.);
#7951 = ORIENTED_EDGE('',*,*,#7923,.T.);
#7952 = ORIENTED_EDGE('',*,*,#4722,.F.);
#7953 = ADVANCED_FACE('',(#7954),#4945,.T.);
#7954 = FACE_BOUND('',#7955,.T.);
#7955 = EDGE_LOOP('',(#7956,#7957,#7980,#8007,#8008));
#7956 = ORIENTED_EDGE('',*,*,#6141,.F.);
#7957 = ORIENTED_EDGE('',*,*,#7958,.T.);
#7958 = EDGE_CURVE('',#6114,#7959,#7961,.T.);
#7959 = VERTEX_POINT('',#7960);
#7960 = CARTESIAN_POINT('',(20.55,23.6,0.));
#7961 = SURFACE_CURVE('',#7962,(#7966,#7973),.PCURVE_S1.);
#7962 = LINE('',#7963,#7964);
#7963 = CARTESIAN_POINT('',(20.55,-12.6,0.));
#7964 = VECTOR('',#7965,1.);
#7965 = DIRECTION('',(-0.,1.,0.));
#7966 = PCURVE('',#4945,#7967);
#7967 = DEFINITIONAL_REPRESENTATION('',(#7968),#7972);
#7968 = LINE('',#7969,#7970);
#7969 = CARTESIAN_POINT('',(41.1,0.));
#7970 = VECTOR('',#7971,1.);
#7971 = DIRECTION('',(0.,1.));
#7972 = ( GEOMETRIC_REPRESENTATION_CONTEXT(2) 
PARAMETRIC_REPRESENTATION_CONTEXT() REPRESENTATION_CONTEXT('2D SPACE',''
  ) );
#7973 = PCURVE('',#7853,#7974);
#7974 = DEFINITIONAL_REPRESENTATION('',(#7975),#7979);
#7975 = LINE('',#7976,#7977);
#7976 = CARTESIAN_POINT('',(5.6,0.));
#7977 = VECTOR('',#7978,1.);
#7978 = DIRECTION('',(0.,-1.));
#7979 = ( GEOMETRIC_REPRESENTATION_CONTEXT(2) 
PARAMETRIC_REPRESENTATION_CONTEXT() REPRESENTATION_CONTEXT('2D SPACE',''
  ) );
#7980 = ORIENTED_EDGE('',*,*,#7981,.F.);
#7981 = EDGE_CURVE('',#7310,#7959,#7982,.T.);
#7982 = SURFACE_CURVE('',#7983,(#7988,#7995),.PCURVE_S1.);
#7983 = CIRCLE('',#7984,3.);
#7984 = AXIS2_PLACEMENT_3D('',#7985,#7986,#7987);
#7985 = CARTESIAN_POINT('',(17.55,23.6,0.));
#7986 = DIRECTION('',(0.,0.,1.));
#7987 = DIRECTION('',(1.,0.,-0.));
#7988 = PCURVE('',#4945,#7989);
#7989 = DEFINITIONAL_REPRESENTATION('',(#7990),#7994);
#7990 = CIRCLE('',#7991,3.);
#7991 = AXIS2_PLACEMENT_2D('',#7992,#7993);
#7992 = CARTESIAN_POINT('',(38.1,36.2));
#7993 = DIRECTION('',(1.,0.));
#7994 = ( GEOMETRIC_REPRESENTATION_CONTEXT(2) 
PARAMETRIC_REPRESENTATION_CONTEXT() REPRESENTATION_CONTEXT('2D SPACE',''
  ) );
#7995 = PCURVE('',#7996,#8001);
#7996 = PLANE('',#7997);
#7997 = AXIS2_PLACEMENT_3D('',#7998,#7999,#8000);
#7998 = CARTESIAN_POINT('',(-20.55,-12.6,0.));
#7999 = DIRECTION('',(0.,0.,1.));
#8000 = DIRECTION('',(1.,0.,-0.));
#8001 = DEFINITIONAL_REPRESENTATION('',(#8002),#8006);
#8002 = CIRCLE('',#8003,3.);
#8003 = AXIS2_PLACEMENT_2D('',#8004,#8005);
#8004 = CARTESIAN_POINT('',(38.1,36.2));
#8005 = DIRECTION('',(1.,0.));
#8006 = ( GEOMETRIC_REPRESENTATION_CONTEXT(2) 
PARAMETRIC_REPRESENTATION_CONTEXT() REPRESENTATION_CONTEXT('2D SPACE',''
  ) );
#8007 = ORIENTED_EDGE('',*,*,#7309,.F.);
#8008 = ORIENTED_EDGE('',*,*,#4929,.F.);
#8009 = ADVANCED_FACE('',(#8010),#5209,.T.);
#8010 = FACE_BOUND('',#8011,.T.);
#8011 = EDGE_LOOP('',(#8012,#8036,#8058,#8059,#8060,#8061));
#8012 = ORIENTED_EDGE('',*,*,#8013,.T.);
#8013 = EDGE_CURVE('',#5559,#8014,#8016,.T.);
#8014 = VERTEX_POINT('',#8015);
#8015 = CARTESIAN_POINT('',(16.7,-10.25,-2.8));
#8016 = SURFACE_CURVE('',#8017,(#8022,#8029),.PCURVE_S1.);
#8017 = CIRCLE('',#8018,1.7);
#8018 = AXIS2_PLACEMENT_3D('',#8019,#8020,#8021);
#8019 = CARTESIAN_POINT('',(15.,-10.25,-2.8));
#8020 = DIRECTION('',(0.,0.,1.));
#8021 = DIRECTION('',(1.,0.,-0.));
#8022 = PCURVE('',#5209,#8023);
#8023 = DEFINITIONAL_REPRESENTATION('',(#8024),#8028);
#8024 = CIRCLE('',#8025,1.7);
#8025 = AXIS2_PLACEMENT_2D('',#8026,#8027);
#8026 = CARTESIAN_POINT('',(0.,0.));
#8027 = DIRECTION('',(1.,0.));
#8028 = ( GEOMETRIC_REPRESENTATION_CONTEXT(2) 
PARAMETRIC_REPRESENTATION_CONTEXT() REPRESENTATION_CONTEXT('2D SPACE',''
  ) );
#8029 = PCURVE('',#5596,#8030);
#8030 = DEFINITIONAL_REPRESENTATION('',(#8031),#8035);
#8031 = LINE('',#8032,#8033);
#8032 = CARTESIAN_POINT('',(0.,1.7));
#8033 = VECTOR('',#8034,1.);
#8034 = DIRECTION('',(1.,0.));
#8035 = ( GEOMETRIC_REPRESENTATION_CONTEXT(2) 
PARAMETRIC_REPRESENTATION_CONTEXT() REPRESENTATION_CONTEXT('2D SPACE',''
  ) );
#8036 = ORIENTED_EDGE('',*,*,#8037,.T.);
#8037 = EDGE_CURVE('',#8014,#5501,#8038,.T.);
#8038 = SURFACE_CURVE('',#8039,(#8044,#8051),.PCURVE_S1.);
#8039 = CIRCLE('',#8040,1.7);
#8040 = AXIS2_PLACEMENT_3D('',#8041,#8042,#8043);
#8041 = CARTESIAN_POINT('',(15.,-10.25,-2.8));
#8042 = DIRECTION('',(0.,0.,1.));
#8043 = DIRECTION('',(1.,0.,-0.));
#8044 = PCURVE('',#5209,#8045);
#8045 = DEFINITIONAL_REPRESENTATION('',(#8046),#8050);
#8046 = CIRCLE('',#8047,1.7);
#8047 = AXIS2_PLACEMENT_2D('',#8048,#8049);
#8048 = CARTESIAN_POINT('',(0.,0.));
#8049 = DIRECTION('',(1.,0.));
#8050 = ( GEOMETRIC_REPRESENTATION_CONTEXT(2) 
PARAMETRIC_REPRESENTATION_CONTEXT() REPRESENTATION_CONTEXT('2D SPACE',''
  ) );
#8051 = PCURVE('',#5519,#8052);
#8052 = DEFINITIONAL_REPRESENTATION('',(#8053),#8057);
#8053 = LINE('',#8054,#8055);
#8054 = CARTESIAN_POINT('',(0.,1.7));
#8055 = VECTOR('',#8056,1.);
#8056 = DIRECTION('',(1.,0.));
#8057 = ( GEOMETRIC_REPRESENTATION_CONTEXT(2) 
PARAMETRIC_REPRESENTATION_CONTEXT() REPRESENTATION_CONTEXT('2D SPACE',''
  ) );
#8058 = ORIENTED_EDGE('',*,*,#5535,.F.);
#8059 = ORIENTED_EDGE('',*,*,#5192,.F.);
#8060 = ORIENTED_EDGE('',*,*,#5341,.F.);
#8061 = ORIENTED_EDGE('',*,*,#5558,.F.);
#8062 = ADVANCED_FACE('',(#8063),#5283,.T.);
#8063 = FACE_BOUND('',#8064,.T.);
#8064 = EDGE_LOOP('',(#8065,#8066,#8088,#8089));
#8065 = ORIENTED_EDGE('',*,*,#5401,.T.);
#8066 = ORIENTED_EDGE('',*,*,#8067,.T.);
#8067 = EDGE_CURVE('',#5367,#5425,#8068,.T.);
#8068 = SURFACE_CURVE('',#8069,(#8074,#8081),.PCURVE_S1.);
#8069 = CIRCLE('',#8070,1.7);
#8070 = AXIS2_PLACEMENT_3D('',#8071,#8072,#8073);
#8071 = CARTESIAN_POINT('',(15.,-10.25,-2.8));
#8072 = DIRECTION('',(0.,0.,1.));
#8073 = DIRECTION('',(1.,0.,-0.));
#8074 = PCURVE('',#5283,#8075);
#8075 = DEFINITIONAL_REPRESENTATION('',(#8076),#8080);
#8076 = CIRCLE('',#8077,1.7);
#8077 = AXIS2_PLACEMENT_2D('',#8078,#8079);
#8078 = CARTESIAN_POINT('',(0.,0.));
#8079 = DIRECTION('',(1.,0.));
#8080 = ( GEOMETRIC_REPRESENTATION_CONTEXT(2) 
PARAMETRIC_REPRESENTATION_CONTEXT() REPRESENTATION_CONTEXT('2D SPACE',''
  ) );
#8081 = PCURVE('',#5385,#8082);
#8082 = DEFINITIONAL_REPRESENTATION('',(#8083),#8087);
#8083 = LINE('',#8084,#8085);
#8084 = CARTESIAN_POINT('',(0.,1.7));
#8085 = VECTOR('',#8086,1.);
#8086 = DIRECTION('',(1.,0.));
#8087 = ( GEOMETRIC_REPRESENTATION_CONTEXT(2) 
PARAMETRIC_REPRESENTATION_CONTEXT() REPRESENTATION_CONTEXT('2D SPACE',''
  ) );
#8088 = ORIENTED_EDGE('',*,*,#5424,.T.);
#8089 = ORIENTED_EDGE('',*,*,#5266,.F.);
#8090 = ADVANCED_FACE('',(#8091),#5385,.T.);
#8091 = FACE_BOUND('',#8092,.T.);
#8092 = EDGE_LOOP('',(#8093,#8094,#8095,#8117));
#8093 = ORIENTED_EDGE('',*,*,#8067,.F.);
#8094 = ORIENTED_EDGE('',*,*,#5366,.T.);
#8095 = ORIENTED_EDGE('',*,*,#8096,.T.);
#8096 = EDGE_CURVE('',#5369,#5446,#8097,.T.);
#8097 = SURFACE_CURVE('',#8098,(#8103,#8110),.PCURVE_S1.);
#8098 = CIRCLE('',#8099,1.1);
#8099 = AXIS2_PLACEMENT_3D('',#8100,#8101,#8102);
#8100 = CARTESIAN_POINT('',(15.,-10.25,-4.5));
#8101 = DIRECTION('',(0.,0.,1.));
#8102 = DIRECTION('',(1.,0.,-0.));
#8103 = PCURVE('',#5385,#8104);
#8104 = DEFINITIONAL_REPRESENTATION('',(#8105),#8109);
#8105 = LINE('',#8106,#8107);
#8106 = CARTESIAN_POINT('',(0.,0.));
#8107 = VECTOR('',#8108,1.);
#8108 = DIRECTION('',(1.,0.));
#8109 = ( GEOMETRIC_REPRESENTATION_CONTEXT(2) 
PARAMETRIC_REPRESENTATION_CONTEXT() REPRESENTATION_CONTEXT('2D SPACE',''
  ) );
#8110 = PCURVE('',#5486,#8111);
#8111 = DEFINITIONAL_REPRESENTATION('',(#8112),#8116);
#8112 = CIRCLE('',#8113,1.1);
#8113 = AXIS2_PLACEMENT_2D('',#8114,#8115);
#8114 = CARTESIAN_POINT('',(0.,0.));
#8115 = DIRECTION('',(1.,0.));
#8116 = ( GEOMETRIC_REPRESENTATION_CONTEXT(2) 
PARAMETRIC_REPRESENTATION_CONTEXT() REPRESENTATION_CONTEXT('2D SPACE',''
  ) );
#8117 = ORIENTED_EDGE('',*,*,#5445,.T.);
#8118 = ADVANCED_FACE('',(#8119),#5486,.F.);
#8119 = FACE_BOUND('',#8120,.F.);
#8120 = EDGE_LOOP('',(#8121,#8122));
#8121 = ORIENTED_EDGE('',*,*,#5473,.T.);
#8122 = ORIENTED_EDGE('',*,*,#8096,.T.);
#8123 = ADVANCED_FACE('',(#8124),#5519,.T.);
#8124 = FACE_BOUND('',#8125,.T.);
#8125 = EDGE_LOOP('',(#8126,#8127,#8150,#8172));
#8126 = ORIENTED_EDGE('',*,*,#8037,.F.);
#8127 = ORIENTED_EDGE('',*,*,#8128,.F.);
#8128 = EDGE_CURVE('',#8129,#8014,#8131,.T.);
#8129 = VERTEX_POINT('',#8130);
#8130 = CARTESIAN_POINT('',(16.1,-10.25,-4.5));
#8131 = SURFACE_CURVE('',#8132,(#8136,#8143),.PCURVE_S1.);
#8132 = LINE('',#8133,#8134);
#8133 = CARTESIAN_POINT('',(16.1,-10.25,-4.5));
#8134 = VECTOR('',#8135,1.);
#8135 = DIRECTION('',(0.332820117735,-8.151741837524E-17,0.942990333583)
  );
#8136 = PCURVE('',#5519,#8137);
#8137 = DEFINITIONAL_REPRESENTATION('',(#8138),#8142);
#8138 = LINE('',#8139,#8140);
#8139 = CARTESIAN_POINT('',(0.,-0.));
#8140 = VECTOR('',#8141,1.);
#8141 = DIRECTION('',(0.,1.));
#8142 = ( GEOMETRIC_REPRESENTATION_CONTEXT(2) 
PARAMETRIC_REPRESENTATION_CONTEXT() REPRESENTATION_CONTEXT('2D SPACE',''
  ) );
#8143 = PCURVE('',#5596,#8144);
#8144 = DEFINITIONAL_REPRESENTATION('',(#8145),#8149);
#8145 = LINE('',#8146,#8147);
#8146 = CARTESIAN_POINT('',(6.28318530718,-0.));
#8147 = VECTOR('',#8148,1.);
#8148 = DIRECTION('',(0.,1.));
#8149 = ( GEOMETRIC_REPRESENTATION_CONTEXT(2) 
PARAMETRIC_REPRESENTATION_CONTEXT() REPRESENTATION_CONTEXT('2D SPACE',''
  ) );
#8150 = ORIENTED_EDGE('',*,*,#8151,.T.);
#8151 = EDGE_CURVE('',#8129,#5503,#8152,.T.);
#8152 = SURFACE_CURVE('',#8153,(#8158,#8165),.PCURVE_S1.);
#8153 = CIRCLE('',#8154,1.1);
#8154 = AXIS2_PLACEMENT_3D('',#8155,#8156,#8157);
#8155 = CARTESIAN_POINT('',(15.,-10.25,-4.5));
#8156 = DIRECTION('',(0.,0.,1.));
#8157 = DIRECTION('',(1.,0.,-0.));
#8158 = PCURVE('',#5519,#8159);
#8159 = DEFINITIONAL_REPRESENTATION('',(#8160),#8164);
#8160 = LINE('',#8161,#8162);
#8161 = CARTESIAN_POINT('',(0.,0.));
#8162 = VECTOR('',#8163,1.);
#8163 = DIRECTION('',(1.,0.));
#8164 = ( GEOMETRIC_REPRESENTATION_CONTEXT(2) 
PARAMETRIC_REPRESENTATION_CONTEXT() REPRESENTATION_CONTEXT('2D SPACE',''
  ) );
#8165 = PCURVE('',#5625,#8166);
#8166 = DEFINITIONAL_REPRESENTATION('',(#8167),#8171);
#8167 = CIRCLE('',#8168,1.1);
#8168 = AXIS2_PLACEMENT_2D('',#8169,#8170);
#8169 = CARTESIAN_POINT('',(0.,0.));
#8170 = DIRECTION('',(1.,0.));
#8171 = ( GEOMETRIC_REPRESENTATION_CONTEXT(2) 
PARAMETRIC_REPRESENTATION_CONTEXT() REPRESENTATION_CONTEXT('2D SPACE',''
  ) );
#8172 = ORIENTED_EDGE('',*,*,#5500,.F.);
#8173 = ADVANCED_FACE('',(#8174),#5625,.F.);
#8174 = FACE_BOUND('',#8175,.F.);
#8175 = EDGE_LOOP('',(#8176,#8198,#8199));
#8176 = ORIENTED_EDGE('',*,*,#8177,.T.);
#8177 = EDGE_CURVE('',#5580,#8129,#8178,.T.);
#8178 = SURFACE_CURVE('',#8179,(#8184,#8191),.PCURVE_S1.);
#8179 = CIRCLE('',#8180,1.1);
#8180 = AXIS2_PLACEMENT_3D('',#8181,#8182,#8183);
#8181 = CARTESIAN_POINT('',(15.,-10.25,-4.5));
#8182 = DIRECTION('',(0.,0.,1.));
#8183 = DIRECTION('',(1.,0.,-0.));
#8184 = PCURVE('',#5625,#8185);
#8185 = DEFINITIONAL_REPRESENTATION('',(#8186),#8190);
#8186 = CIRCLE('',#8187,1.1);
#8187 = AXIS2_PLACEMENT_2D('',#8188,#8189);
#8188 = CARTESIAN_POINT('',(0.,0.));
#8189 = DIRECTION('',(1.,0.));
#8190 = ( GEOMETRIC_REPRESENTATION_CONTEXT(2) 
PARAMETRIC_REPRESENTATION_CONTEXT() REPRESENTATION_CONTEXT('2D SPACE',''
  ) );
#8191 = PCURVE('',#5596,#8192);
#8192 = DEFINITIONAL_REPRESENTATION('',(#8193),#8197);
#8193 = LINE('',#8194,#8195);
#8194 = CARTESIAN_POINT('',(0.,0.));
#8195 = VECTOR('',#8196,1.);
#8196 = DIRECTION('',(1.,0.));
#8197 = ( GEOMETRIC_REPRESENTATION_CONTEXT(2) 
PARAMETRIC_REPRESENTATION_CONTEXT() REPRESENTATION_CONTEXT('2D SPACE',''
  ) );
#8198 = ORIENTED_EDGE('',*,*,#8151,.T.);
#8199 = ORIENTED_EDGE('',*,*,#5612,.F.);
#8200 = ADVANCED_FACE('',(#8201),#5596,.T.);
#8201 = FACE_BOUND('',#8202,.T.);
#8202 = EDGE_LOOP('',(#8203,#8204,#8205,#8206));
#8203 = ORIENTED_EDGE('',*,*,#8128,.T.);
#8204 = ORIENTED_EDGE('',*,*,#8013,.F.);
#8205 = ORIENTED_EDGE('',*,*,#5579,.F.);
#8206 = ORIENTED_EDGE('',*,*,#8177,.T.);
#8207 = ADVANCED_FACE('',(#8208),#5658,.T.);
#8208 = FACE_BOUND('',#8209,.T.);
#8209 = EDGE_LOOP('',(#8210,#8232,#8233,#8255));
#8210 = ORIENTED_EDGE('',*,*,#8211,.F.);
#8211 = EDGE_CURVE('',#5640,#5742,#8212,.T.);
#8212 = SURFACE_CURVE('',#8213,(#8218,#8225),.PCURVE_S1.);
#8213 = CIRCLE('',#8214,1.7);
#8214 = AXIS2_PLACEMENT_3D('',#8215,#8216,#8217);
#8215 = CARTESIAN_POINT('',(15.,18.25,-2.8));
#8216 = DIRECTION('',(0.,0.,1.));
#8217 = DIRECTION('',(1.,0.,-0.));
#8218 = PCURVE('',#5658,#8219);
#8219 = DEFINITIONAL_REPRESENTATION('',(#8220),#8224);
#8220 = LINE('',#8221,#8222);
#8221 = CARTESIAN_POINT('',(0.,1.7));
#8222 = VECTOR('',#8223,1.);
#8223 = DIRECTION('',(1.,0.));
#8224 = ( GEOMETRIC_REPRESENTATION_CONTEXT(2) 
PARAMETRIC_REPRESENTATION_CONTEXT() REPRESENTATION_CONTEXT('2D SPACE',''
  ) );
#8225 = PCURVE('',#5689,#8226);
#8226 = DEFINITIONAL_REPRESENTATION('',(#8227),#8231);
#8227 = CIRCLE('',#8228,1.7);
#8228 = AXIS2_PLACEMENT_2D('',#8229,#8230);
#8229 = CARTESIAN_POINT('',(0.,0.));
#8230 = DIRECTION('',(1.,0.));
#8231 = ( GEOMETRIC_REPRESENTATION_CONTEXT(2) 
PARAMETRIC_REPRESENTATION_CONTEXT() REPRESENTATION_CONTEXT('2D SPACE',''
  ) );
#8232 = ORIENTED_EDGE('',*,*,#5639,.T.);
#8233 = ORIENTED_EDGE('',*,*,#8234,.T.);
#8234 = EDGE_CURVE('',#5642,#5763,#8235,.T.);
#8235 = SURFACE_CURVE('',#8236,(#8241,#8248),.PCURVE_S1.);
#8236 = CIRCLE('',#8237,1.1);
#8237 = AXIS2_PLACEMENT_3D('',#8238,#8239,#8240);
#8238 = CARTESIAN_POINT('',(15.,18.25,-4.5));
#8239 = DIRECTION('',(0.,0.,1.));
#8240 = DIRECTION('',(1.,0.,-0.));
#8241 = PCURVE('',#5658,#8242);
#8242 = DEFINITIONAL_REPRESENTATION('',(#8243),#8247);
#8243 = LINE('',#8244,#8245);
#8244 = CARTESIAN_POINT('',(0.,0.));
#8245 = VECTOR('',#8246,1.);
#8246 = DIRECTION('',(1.,0.));
#8247 = ( GEOMETRIC_REPRESENTATION_CONTEXT(2) 
PARAMETRIC_REPRESENTATION_CONTEXT() REPRESENTATION_CONTEXT('2D SPACE',''
  ) );
#8248 = PCURVE('',#5803,#8249);
#8249 = DEFINITIONAL_REPRESENTATION('',(#8250),#8254);
#8250 = CIRCLE('',#8251,1.1);
#8251 = AXIS2_PLACEMENT_2D('',#8252,#8253);
#8252 = CARTESIAN_POINT('',(0.,0.));
#8253 = DIRECTION('',(1.,0.));
#8254 = ( GEOMETRIC_REPRESENTATION_CONTEXT(2) 
PARAMETRIC_REPRESENTATION_CONTEXT() REPRESENTATION_CONTEXT('2D SPACE',''
  ) );
#8255 = ORIENTED_EDGE('',*,*,#5762,.T.);
#8256 = ADVANCED_FACE('',(#8257),#5803,.F.);
#8257 = FACE_BOUND('',#8258,.F.);
#8258 = EDGE_LOOP('',(#8259,#8260));
#8259 = ORIENTED_EDGE('',*,*,#5790,.T.);
#8260 = ORIENTED_EDGE('',*,*,#8234,.T.);
#8261 = ADVANCED_FACE('',(#8262),#5689,.T.);
#8262 = FACE_BOUND('',#8263,.T.);
#8263 = EDGE_LOOP('',(#8264,#8265,#8266,#8267));
#8264 = ORIENTED_EDGE('',*,*,#5674,.T.);
#8265 = ORIENTED_EDGE('',*,*,#8211,.T.);
#8266 = ORIENTED_EDGE('',*,*,#5741,.T.);
#8267 = ORIENTED_EDGE('',*,*,#5819,.F.);
#8268 = ADVANCED_FACE('',(#8269),#5905,.T.);
#8269 = FACE_BOUND('',#8270,.T.);
#8270 = EDGE_LOOP('',(#8271,#8295,#8317,#8318,#8319,#8320));
#8271 = ORIENTED_EDGE('',*,*,#8272,.T.);
#8272 = EDGE_CURVE('',#6026,#8273,#8275,.T.);
#8273 = VERTEX_POINT('',#8274);
#8274 = CARTESIAN_POINT('',(16.7,18.25,-2.8));
#8275 = SURFACE_CURVE('',#8276,(#8281,#8288),.PCURVE_S1.);
#8276 = CIRCLE('',#8277,1.7);
#8277 = AXIS2_PLACEMENT_3D('',#8278,#8279,#8280);
#8278 = CARTESIAN_POINT('',(15.,18.25,-2.8));
#8279 = DIRECTION('',(0.,0.,1.));
#8280 = DIRECTION('',(1.,0.,-0.));
#8281 = PCURVE('',#5905,#8282);
#8282 = DEFINITIONAL_REPRESENTATION('',(#8283),#8287);
#8283 = CIRCLE('',#8284,1.7);
#8284 = AXIS2_PLACEMENT_2D('',#8285,#8286);
#8285 = CARTESIAN_POINT('',(0.,0.));
#8286 = DIRECTION('',(1.,0.));
#8287 = ( GEOMETRIC_REPRESENTATION_CONTEXT(2) 
PARAMETRIC_REPRESENTATION_CONTEXT() REPRESENTATION_CONTEXT('2D SPACE',''
  ) );
#8288 = PCURVE('',#6063,#8289);
#8289 = DEFINITIONAL_REPRESENTATION('',(#8290),#8294);
#8290 = LINE('',#8291,#8292);
#8291 = CARTESIAN_POINT('',(0.,1.7));
#8292 = VECTOR('',#8293,1.);
#8293 = DIRECTION('',(1.,0.));
#8294 = ( GEOMETRIC_REPRESENTATION_CONTEXT(2) 
PARAMETRIC_REPRESENTATION_CONTEXT() REPRESENTATION_CONTEXT('2D SPACE',''
  ) );
#8295 = ORIENTED_EDGE('',*,*,#8296,.T.);
#8296 = EDGE_CURVE('',#8273,#5969,#8297,.T.);
#8297 = SURFACE_CURVE('',#8298,(#8303,#8310),.PCURVE_S1.);
#8298 = CIRCLE('',#8299,1.7);
#8299 = AXIS2_PLACEMENT_3D('',#8300,#8301,#8302);
#8300 = CARTESIAN_POINT('',(15.,18.25,-2.8));
#8301 = DIRECTION('',(0.,0.,1.));
#8302 = DIRECTION('',(1.,0.,-0.));
#8303 = PCURVE('',#5905,#8304);
#8304 = DEFINITIONAL_REPRESENTATION('',(#8305),#8309);
#8305 = CIRCLE('',#8306,1.7);
#8306 = AXIS2_PLACEMENT_2D('',#8307,#8308);
#8307 = CARTESIAN_POINT('',(0.,0.));
#8308 = DIRECTION('',(1.,0.));
#8309 = ( GEOMETRIC_REPRESENTATION_CONTEXT(2) 
PARAMETRIC_REPRESENTATION_CONTEXT() REPRESENTATION_CONTEXT('2D SPACE',''
  ) );
#8310 = PCURVE('',#5987,#8311);
#8311 = DEFINITIONAL_REPRESENTATION('',(#8312),#8316);
#8312 = LINE('',#8313,#8314);
#8313 = CARTESIAN_POINT('',(0.,1.7));
#8314 = VECTOR('',#8315,1.);
#8315 = DIRECTION('',(1.,0.));
#8316 = ( GEOMETRIC_REPRESENTATION_CONTEXT(2) 
PARAMETRIC_REPRESENTATION_CONTEXT() REPRESENTATION_CONTEXT('2D SPACE',''
  ) );
#8317 = ORIENTED_EDGE('',*,*,#6003,.F.);
#8318 = ORIENTED_EDGE('',*,*,#5922,.F.);
#8319 = ORIENTED_EDGE('',*,*,#5890,.F.);
#8320 = ORIENTED_EDGE('',*,*,#6025,.F.);
#8321 = ADVANCED_FACE('',(#8322),#5987,.T.);
#8322 = FACE_BOUND('',#8323,.T.);
#8323 = EDGE_LOOP('',(#8324,#8325,#8348,#8370));
#8324 = ORIENTED_EDGE('',*,*,#8296,.F.);
#8325 = ORIENTED_EDGE('',*,*,#8326,.F.);
#8326 = EDGE_CURVE('',#8327,#8273,#8329,.T.);
#8327 = VERTEX_POINT('',#8328);
#8328 = CARTESIAN_POINT('',(16.1,18.25,-4.5));
#8329 = SURFACE_CURVE('',#8330,(#8334,#8341),.PCURVE_S1.);
#8330 = LINE('',#8331,#8332);
#8331 = CARTESIAN_POINT('',(16.1,18.25,-4.5));
#8332 = VECTOR('',#8333,1.);
#8333 = DIRECTION('',(0.332820117735,-8.151741837524E-17,0.942990333583)
  );
#8334 = PCURVE('',#5987,#8335);
#8335 = DEFINITIONAL_REPRESENTATION('',(#8336),#8340);
#8336 = LINE('',#8337,#8338);
#8337 = CARTESIAN_POINT('',(0.,-0.));
#8338 = VECTOR('',#8339,1.);
#8339 = DIRECTION('',(0.,1.));
#8340 = ( GEOMETRIC_REPRESENTATION_CONTEXT(2) 
PARAMETRIC_REPRESENTATION_CONTEXT() REPRESENTATION_CONTEXT('2D SPACE',''
  ) );
#8341 = PCURVE('',#6063,#8342);
#8342 = DEFINITIONAL_REPRESENTATION('',(#8343),#8347);
#8343 = LINE('',#8344,#8345);
#8344 = CARTESIAN_POINT('',(6.28318530718,-0.));
#8345 = VECTOR('',#8346,1.);
#8346 = DIRECTION('',(0.,1.));
#8347 = ( GEOMETRIC_REPRESENTATION_CONTEXT(2) 
PARAMETRIC_REPRESENTATION_CONTEXT() REPRESENTATION_CONTEXT('2D SPACE',''
  ) );
#8348 = ORIENTED_EDGE('',*,*,#8349,.T.);
#8349 = EDGE_CURVE('',#8327,#5971,#8350,.T.);
#8350 = SURFACE_CURVE('',#8351,(#8356,#8363),.PCURVE_S1.);
#8351 = CIRCLE('',#8352,1.1);
#8352 = AXIS2_PLACEMENT_3D('',#8353,#8354,#8355);
#8353 = CARTESIAN_POINT('',(15.,18.25,-4.5));
#8354 = DIRECTION('',(0.,0.,1.));
#8355 = DIRECTION('',(1.,0.,-0.));
#8356 = PCURVE('',#5987,#8357);
#8357 = DEFINITIONAL_REPRESENTATION('',(#8358),#8362);
#8358 = LINE('',#8359,#8360);
#8359 = CARTESIAN_POINT('',(0.,0.));
#8360 = VECTOR('',#8361,1.);
#8361 = DIRECTION('',(1.,0.));
#8362 = ( GEOMETRIC_REPRESENTATION_CONTEXT(2) 
PARAMETRIC_REPRESENTATION_CONTEXT() REPRESENTATION_CONTEXT('2D SPACE',''
  ) );
#8363 = PCURVE('',#6092,#8364);
#8364 = DEFINITIONAL_REPRESENTATION('',(#8365),#8369);
#8365 = CIRCLE('',#8366,1.1);
#8366 = AXIS2_PLACEMENT_2D('',#8367,#8368);
#8367 = CARTESIAN_POINT('',(0.,0.));
#8368 = DIRECTION('',(1.,0.));
#8369 = ( GEOMETRIC_REPRESENTATION_CONTEXT(2) 
PARAMETRIC_REPRESENTATION_CONTEXT() REPRESENTATION_CONTEXT('2D SPACE',''
  ) );
#8370 = ORIENTED_EDGE('',*,*,#5968,.F.);
#8371 = ADVANCED_FACE('',(#8372),#6092,.F.);
#8372 = FACE_BOUND('',#8373,.F.);
#8373 = EDGE_LOOP('',(#8374,#8396,#8397));
#8374 = ORIENTED_EDGE('',*,*,#8375,.T.);
#8375 = EDGE_CURVE('',#6047,#8327,#8376,.T.);
#8376 = SURFACE_CURVE('',#8377,(#8382,#8389),.PCURVE_S1.);
#8377 = CIRCLE('',#8378,1.1);
#8378 = AXIS2_PLACEMENT_3D('',#8379,#8380,#8381);
#8379 = CARTESIAN_POINT('',(15.,18.25,-4.5));
#8380 = DIRECTION('',(0.,0.,1.));
#8381 = DIRECTION('',(1.,0.,-0.));
#8382 = PCURVE('',#6092,#8383);
#8383 = DEFINITIONAL_REPRESENTATION('',(#8384),#8388);
#8384 = CIRCLE('',#8385,1.1);
#8385 = AXIS2_PLACEMENT_2D('',#8386,#8387);
#8386 = CARTESIAN_POINT('',(0.,0.));
#8387 = DIRECTION('',(1.,0.));
#8388 = ( GEOMETRIC_REPRESENTATION_CONTEXT(2) 
PARAMETRIC_REPRESENTATION_CONTEXT() REPRESENTATION_CONTEXT('2D SPACE',''
  ) );
#8389 = PCURVE('',#6063,#8390);
#8390 = DEFINITIONAL_REPRESENTATION('',(#8391),#8395);
#8391 = LINE('',#8392,#8393);
#8392 = CARTESIAN_POINT('',(0.,0.));
#8393 = VECTOR('',#8394,1.);
#8394 = DIRECTION('',(1.,0.));
#8395 = ( GEOMETRIC_REPRESENTATION_CONTEXT(2) 
PARAMETRIC_REPRESENTATION_CONTEXT() REPRESENTATION_CONTEXT('2D SPACE',''
  ) );
#8396 = ORIENTED_EDGE('',*,*,#8349,.T.);
#8397 = ORIENTED_EDGE('',*,*,#6079,.F.);
#8398 = ADVANCED_FACE('',(#8399),#6063,.T.);
#8399 = FACE_BOUND('',#8400,.T.);
#8400 = EDGE_LOOP('',(#8401,#8402,#8403,#8404));
#8401 = ORIENTED_EDGE('',*,*,#8326,.T.);
#8402 = ORIENTED_EDGE('',*,*,#8272,.F.);
#8403 = ORIENTED_EDGE('',*,*,#6046,.F.);
#8404 = ORIENTED_EDGE('',*,*,#8375,.T.);
#8405 = ADVANCED_FACE('',(#8406),#6129,.T.);
#8406 = FACE_BOUND('',#8407,.T.);
#8407 = EDGE_LOOP('',(#8408,#8438,#8465,#8466,#8490,#8518));
#8408 = ORIENTED_EDGE('',*,*,#8409,.T.);
#8409 = EDGE_CURVE('',#8410,#8412,#8414,.T.);
#8410 = VERTEX_POINT('',#8411);
#8411 = CARTESIAN_POINT('',(20.85,1.057118725593,0.));
#8412 = VERTEX_POINT('',#8413);
#8413 = CARTESIAN_POINT('',(20.85,3.8,0.));
#8414 = SURFACE_CURVE('',#8415,(#8419,#8426),.PCURVE_S1.);
#8415 = LINE('',#8416,#8417);
#8416 = CARTESIAN_POINT('',(20.85,-3.8,0.));
#8417 = VECTOR('',#8418,1.);
#8418 = DIRECTION('',(-0.,1.,0.));
#8419 = PCURVE('',#6129,#8420);
#8420 = DEFINITIONAL_REPRESENTATION('',(#8421),#8425);
#8421 = LINE('',#8422,#8423);
#8422 = CARTESIAN_POINT('',(0.,-3.8));
#8423 = VECTOR('',#8424,1.);
#8424 = DIRECTION('',(0.,1.));
#8425 = ( GEOMETRIC_REPRESENTATION_CONTEXT(2) 
PARAMETRIC_REPRESENTATION_CONTEXT() REPRESENTATION_CONTEXT('2D SPACE',''
  ) );
#8426 = PCURVE('',#8427,#8432);
#8427 = PLANE('',#8428);
#8428 = AXIS2_PLACEMENT_3D('',#8429,#8430,#8431);
#8429 = CARTESIAN_POINT('',(20.85,-3.8,0.));
#8430 = DIRECTION('',(0.,0.,1.));
#8431 = DIRECTION('',(1.,0.,-0.));
#8432 = DEFINITIONAL_REPRESENTATION('',(#8433),#8437);
#8433 = LINE('',#8434,#8435);
#8434 = CARTESIAN_POINT('',(0.,0.));
#8435 = VECTOR('',#8436,1.);
#8436 = DIRECTION('',(0.,1.));
#8437 = ( GEOMETRIC_REPRESENTATION_CONTEXT(2) 
PARAMETRIC_REPRESENTATION_CONTEXT() REPRESENTATION_CONTEXT('2D SPACE',''
  ) );
#8438 = ORIENTED_EDGE('',*,*,#8439,.T.);
#8439 = EDGE_CURVE('',#8412,#6114,#8440,.T.);
#8440 = SURFACE_CURVE('',#8441,(#8446,#8453),.PCURVE_S1.);
#8441 = CIRCLE('',#8442,3.8);
#8442 = AXIS2_PLACEMENT_3D('',#8443,#8444,#8445);
#8443 = CARTESIAN_POINT('',(20.85,0.,0.));
#8444 = DIRECTION('',(0.,0.,1.));
#8445 = DIRECTION('',(1.,0.,-0.));
#8446 = PCURVE('',#6129,#8447);
#8447 = DEFINITIONAL_REPRESENTATION('',(#8448),#8452);
#8448 = CIRCLE('',#8449,3.8);
#8449 = AXIS2_PLACEMENT_2D('',#8450,#8451);
#8450 = CARTESIAN_POINT('',(0.,0.));
#8451 = DIRECTION('',(1.,0.));
#8452 = ( GEOMETRIC_REPRESENTATION_CONTEXT(2) 
PARAMETRIC_REPRESENTATION_CONTEXT() REPRESENTATION_CONTEXT('2D SPACE',''
  ) );
#8453 = PCURVE('',#8454,#8459);
#8454 = CYLINDRICAL_SURFACE('',#8455,3.8);
#8455 = AXIS2_PLACEMENT_3D('',#8456,#8457,#8458);
#8456 = CARTESIAN_POINT('',(20.85,0.,-5.6));
#8457 = DIRECTION('',(0.,0.,1.));
#8458 = DIRECTION('',(1.,0.,-0.));
#8459 = DEFINITIONAL_REPRESENTATION('',(#8460),#8464);
#8460 = LINE('',#8461,#8462);
#8461 = CARTESIAN_POINT('',(0.,5.6));
#8462 = VECTOR('',#8463,1.);
#8463 = DIRECTION('',(1.,0.));
#8464 = ( GEOMETRIC_REPRESENTATION_CONTEXT(2) 
PARAMETRIC_REPRESENTATION_CONTEXT() REPRESENTATION_CONTEXT('2D SPACE',''
  ) );
#8465 = ORIENTED_EDGE('',*,*,#6113,.F.);
#8466 = ORIENTED_EDGE('',*,*,#8467,.T.);
#8467 = EDGE_CURVE('',#2607,#8468,#8470,.T.);
#8468 = VERTEX_POINT('',#8469);
#8469 = CARTESIAN_POINT('',(20.85,-3.8,0.));
#8470 = SURFACE_CURVE('',#8471,(#8476,#8483),.PCURVE_S1.);
#8471 = CIRCLE('',#8472,3.8);
#8472 = AXIS2_PLACEMENT_3D('',#8473,#8474,#8475);
#8473 = CARTESIAN_POINT('',(20.85,0.,0.));
#8474 = DIRECTION('',(0.,0.,1.));
#8475 = DIRECTION('',(1.,0.,-0.));
#8476 = PCURVE('',#6129,#8477);
#8477 = DEFINITIONAL_REPRESENTATION('',(#8478),#8482);
#8478 = CIRCLE('',#8479,3.8);
#8479 = AXIS2_PLACEMENT_2D('',#8480,#8481);
#8480 = CARTESIAN_POINT('',(0.,0.));
#8481 = DIRECTION('',(1.,0.));
#8482 = ( GEOMETRIC_REPRESENTATION_CONTEXT(2) 
PARAMETRIC_REPRESENTATION_CONTEXT() REPRESENTATION_CONTEXT('2D SPACE',''
  ) );
#8483 = PCURVE('',#6204,#8484);
#8484 = DEFINITIONAL_REPRESENTATION('',(#8485),#8489);
#8485 = LINE('',#8486,#8487);
#8486 = CARTESIAN_POINT('',(0.,5.6));
#8487 = VECTOR('',#8488,1.);
#8488 = DIRECTION('',(1.,0.));
#8489 = ( GEOMETRIC_REPRESENTATION_CONTEXT(2) 
PARAMETRIC_REPRESENTATION_CONTEXT() REPRESENTATION_CONTEXT('2D SPACE',''
  ) );
#8490 = ORIENTED_EDGE('',*,*,#8491,.T.);
#8491 = EDGE_CURVE('',#8468,#8492,#8494,.T.);
#8492 = VERTEX_POINT('',#8493);
#8493 = CARTESIAN_POINT('',(20.85,-1.057118725593,0.));
#8494 = SURFACE_CURVE('',#8495,(#8499,#8506),.PCURVE_S1.);
#8495 = LINE('',#8496,#8497);
#8496 = CARTESIAN_POINT('',(20.85,-3.8,0.));
#8497 = VECTOR('',#8498,1.);
#8498 = DIRECTION('',(-0.,1.,0.));
#8499 = PCURVE('',#6129,#8500);
#8500 = DEFINITIONAL_REPRESENTATION('',(#8501),#8505);
#8501 = LINE('',#8502,#8503);
#8502 = CARTESIAN_POINT('',(0.,-3.8));
#8503 = VECTOR('',#8504,1.);
#8504 = DIRECTION('',(0.,1.));
#8505 = ( GEOMETRIC_REPRESENTATION_CONTEXT(2) 
PARAMETRIC_REPRESENTATION_CONTEXT() REPRESENTATION_CONTEXT('2D SPACE',''
  ) );
#8506 = PCURVE('',#8507,#8512);
#8507 = PLANE('',#8508);
#8508 = AXIS2_PLACEMENT_3D('',#8509,#8510,#8511);
#8509 = CARTESIAN_POINT('',(20.85,-3.8,0.));
#8510 = DIRECTION('',(0.,0.,1.));
#8511 = DIRECTION('',(1.,0.,-0.));
#8512 = DEFINITIONAL_REPRESENTATION('',(#8513),#8517);
#8513 = LINE('',#8514,#8515);
#8514 = CARTESIAN_POINT('',(0.,0.));
#8515 = VECTOR('',#8516,1.);
#8516 = DIRECTION('',(0.,1.));
#8517 = ( GEOMETRIC_REPRESENTATION_CONTEXT(2) 
PARAMETRIC_REPRESENTATION_CONTEXT() REPRESENTATION_CONTEXT('2D SPACE',''
  ) );
#8518 = ORIENTED_EDGE('',*,*,#8519,.F.);
#8519 = EDGE_CURVE('',#8410,#8492,#8520,.T.);
#8520 = SURFACE_CURVE('',#8521,(#8526,#8533),.PCURVE_S1.);
#8521 = CIRCLE('',#8522,3.8);
#8522 = AXIS2_PLACEMENT_3D('',#8523,#8524,#8525);
#8523 = CARTESIAN_POINT('',(24.5,0.,0.));
#8524 = DIRECTION('',(0.,0.,1.));
#8525 = DIRECTION('',(1.,0.,-0.));
#8526 = PCURVE('',#6129,#8527);
#8527 = DEFINITIONAL_REPRESENTATION('',(#8528),#8532);
#8528 = CIRCLE('',#8529,3.8);
#8529 = AXIS2_PLACEMENT_2D('',#8530,#8531);
#8530 = CARTESIAN_POINT('',(3.65,0.));
#8531 = DIRECTION('',(1.,0.));
#8532 = ( GEOMETRIC_REPRESENTATION_CONTEXT(2) 
PARAMETRIC_REPRESENTATION_CONTEXT() REPRESENTATION_CONTEXT('2D SPACE',''
  ) );
#8533 = PCURVE('',#8534,#8539);
#8534 = PLANE('',#8535);
#8535 = AXIS2_PLACEMENT_3D('',#8536,#8537,#8538);
#8536 = CARTESIAN_POINT('',(20.85,0.,0.));
#8537 = DIRECTION('',(0.,0.,1.));
#8538 = DIRECTION('',(1.,0.,-0.));
#8539 = DEFINITIONAL_REPRESENTATION('',(#8540),#8544);
#8540 = CIRCLE('',#8541,3.8);
#8541 = AXIS2_PLACEMENT_2D('',#8542,#8543);
#8542 = CARTESIAN_POINT('',(3.65,0.));
#8543 = DIRECTION('',(1.,0.));
#8544 = ( GEOMETRIC_REPRESENTATION_CONTEXT(2) 
PARAMETRIC_REPRESENTATION_CONTEXT() REPRESENTATION_CONTEXT('2D SPACE',''
  ) );
#8545 = ADVANCED_FACE('',(#8546),#6204,.T.);
#8546 = FACE_BOUND('',#8547,.T.);
#8547 = EDGE_LOOP('',(#8548,#8549,#8550,#8574));
#8548 = ORIENTED_EDGE('',*,*,#8467,.F.);
#8549 = ORIENTED_EDGE('',*,*,#6191,.F.);
#8550 = ORIENTED_EDGE('',*,*,#8551,.T.);
#8551 = EDGE_CURVE('',#6169,#8552,#8554,.T.);
#8552 = VERTEX_POINT('',#8553);
#8553 = CARTESIAN_POINT('',(20.85,-3.8,-5.6));
#8554 = SURFACE_CURVE('',#8555,(#8560,#8567),.PCURVE_S1.);
#8555 = CIRCLE('',#8556,3.8);
#8556 = AXIS2_PLACEMENT_3D('',#8557,#8558,#8559);
#8557 = CARTESIAN_POINT('',(20.85,0.,-5.6));
#8558 = DIRECTION('',(0.,0.,1.));
#8559 = DIRECTION('',(1.,0.,-0.));
#8560 = PCURVE('',#6204,#8561);
#8561 = DEFINITIONAL_REPRESENTATION('',(#8562),#8566);
#8562 = LINE('',#8563,#8564);
#8563 = CARTESIAN_POINT('',(0.,0.));
#8564 = VECTOR('',#8565,1.);
#8565 = DIRECTION('',(1.,0.));
#8566 = ( GEOMETRIC_REPRESENTATION_CONTEXT(2) 
PARAMETRIC_REPRESENTATION_CONTEXT() REPRESENTATION_CONTEXT('2D SPACE',''
  ) );
#8567 = PCURVE('',#7907,#8568);
#8568 = DEFINITIONAL_REPRESENTATION('',(#8569),#8573);
#8569 = CIRCLE('',#8570,3.8);
#8570 = AXIS2_PLACEMENT_2D('',#8571,#8572);
#8571 = CARTESIAN_POINT('',(0.,0.));
#8572 = DIRECTION('',(1.,0.));
#8573 = ( GEOMETRIC_REPRESENTATION_CONTEXT(2) 
PARAMETRIC_REPRESENTATION_CONTEXT() REPRESENTATION_CONTEXT('2D SPACE',''
  ) );
#8574 = ORIENTED_EDGE('',*,*,#8575,.T.);
#8575 = EDGE_CURVE('',#8552,#8468,#8576,.T.);
#8576 = SURFACE_CURVE('',#8577,(#8581,#8588),.PCURVE_S1.);
#8577 = LINE('',#8578,#8579);
#8578 = CARTESIAN_POINT('',(20.85,-3.8,-5.6));
#8579 = VECTOR('',#8580,1.);
#8580 = DIRECTION('',(0.,0.,1.));
#8581 = PCURVE('',#6204,#8582);
#8582 = DEFINITIONAL_REPRESENTATION('',(#8583),#8587);
#8583 = LINE('',#8584,#8585);
#8584 = CARTESIAN_POINT('',(4.712388980385,0.));
#8585 = VECTOR('',#8586,1.);
#8586 = DIRECTION('',(0.,1.));
#8587 = ( GEOMETRIC_REPRESENTATION_CONTEXT(2) 
PARAMETRIC_REPRESENTATION_CONTEXT() REPRESENTATION_CONTEXT('2D SPACE',''
  ) );
#8588 = PCURVE('',#8589,#8594);
#8589 = PLANE('',#8590);
#8590 = AXIS2_PLACEMENT_3D('',#8591,#8592,#8593);
#8591 = CARTESIAN_POINT('',(20.85,-3.8,-5.6));
#8592 = DIRECTION('',(-0.,1.,0.));
#8593 = DIRECTION('',(0.,0.,1.));
#8594 = DEFINITIONAL_REPRESENTATION('',(#8595),#8599);
#8595 = LINE('',#8596,#8597);
#8596 = CARTESIAN_POINT('',(0.,0.));
#8597 = VECTOR('',#8598,1.);
#8598 = DIRECTION('',(1.,0.));
#8599 = ( GEOMETRIC_REPRESENTATION_CONTEXT(2) 
PARAMETRIC_REPRESENTATION_CONTEXT() REPRESENTATION_CONTEXT('2D SPACE',''
  ) );
#8600 = ADVANCED_FACE('',(#8601),#6238,.T.);
#8601 = FACE_BOUND('',#8602,.T.);
#8602 = EDGE_LOOP('',(#8603,#8631,#8632));
#8603 = ORIENTED_EDGE('',*,*,#8604,.F.);
#8604 = EDGE_CURVE('',#6220,#8605,#8607,.T.);
#8605 = VERTEX_POINT('',#8606);
#8606 = CARTESIAN_POINT('',(-17.55,23.6,0.));
#8607 = SURFACE_CURVE('',#8608,(#8612,#8619),.PCURVE_S1.);
#8608 = LINE('',#8609,#8610);
#8609 = CARTESIAN_POINT('',(-20.55,23.6,0.));
#8610 = VECTOR('',#8611,1.);
#8611 = DIRECTION('',(1.,0.,-0.));
#8612 = PCURVE('',#6238,#8613);
#8613 = DEFINITIONAL_REPRESENTATION('',(#8614),#8618);
#8614 = LINE('',#8615,#8616);
#8615 = CARTESIAN_POINT('',(0.,36.2));
#8616 = VECTOR('',#8617,1.);
#8617 = DIRECTION('',(1.,0.));
#8618 = ( GEOMETRIC_REPRESENTATION_CONTEXT(2) 
PARAMETRIC_REPRESENTATION_CONTEXT() REPRESENTATION_CONTEXT('2D SPACE',''
  ) );
#8619 = PCURVE('',#8620,#8625);
#8620 = PLANE('',#8621);
#8621 = AXIS2_PLACEMENT_3D('',#8622,#8623,#8624);
#8622 = CARTESIAN_POINT('',(-17.55,23.6,0.));
#8623 = DIRECTION('',(0.,0.,1.));
#8624 = DIRECTION('',(1.,0.,-0.));
#8625 = DEFINITIONAL_REPRESENTATION('',(#8626),#8630);
#8626 = LINE('',#8627,#8628);
#8627 = CARTESIAN_POINT('',(-3.,0.));
#8628 = VECTOR('',#8629,1.);
#8629 = DIRECTION('',(1.,0.));
#8630 = ( GEOMETRIC_REPRESENTATION_CONTEXT(2) 
PARAMETRIC_REPRESENTATION_CONTEXT() REPRESENTATION_CONTEXT('2D SPACE',''
  ) );
#8631 = ORIENTED_EDGE('',*,*,#6219,.T.);
#8632 = ORIENTED_EDGE('',*,*,#8633,.T.);
#8633 = EDGE_CURVE('',#6222,#8605,#8634,.T.);
#8634 = SURFACE_CURVE('',#8635,(#8639,#8646),.PCURVE_S1.);
#8635 = LINE('',#8636,#8637);
#8636 = CARTESIAN_POINT('',(-17.55,-15.6,0.));
#8637 = VECTOR('',#8638,1.);
#8638 = DIRECTION('',(-0.,1.,0.));
#8639 = PCURVE('',#6238,#8640);
#8640 = DEFINITIONAL_REPRESENTATION('',(#8641),#8645);
#8641 = LINE('',#8642,#8643);
#8642 = CARTESIAN_POINT('',(3.,-3.));
#8643 = VECTOR('',#8644,1.);
#8644 = DIRECTION('',(0.,1.));
#8645 = ( GEOMETRIC_REPRESENTATION_CONTEXT(2) 
PARAMETRIC_REPRESENTATION_CONTEXT() REPRESENTATION_CONTEXT('2D SPACE',''
  ) );
#8646 = PCURVE('',#7404,#8647);
#8647 = DEFINITIONAL_REPRESENTATION('',(#8648),#8652);
#8648 = LINE('',#8649,#8650);
#8649 = CARTESIAN_POINT('',(0.,0.));
#8650 = VECTOR('',#8651,1.);
#8651 = DIRECTION('',(0.,1.));
#8652 = ( GEOMETRIC_REPRESENTATION_CONTEXT(2) 
PARAMETRIC_REPRESENTATION_CONTEXT() REPRESENTATION_CONTEXT('2D SPACE',''
  ) );
#8653 = ADVANCED_FACE('',(#8654),#6264,.F.);
#8654 = FACE_BOUND('',#8655,.F.);
#8655 = EDGE_LOOP('',(#8656,#8657,#8676,#8677));
#8656 = ORIENTED_EDGE('',*,*,#6250,.F.);
#8657 = ORIENTED_EDGE('',*,*,#8658,.F.);
#8658 = EDGE_CURVE('',#6523,#2862,#8659,.T.);
#8659 = SURFACE_CURVE('',#8660,(#8664,#8670),.PCURVE_S1.);
#8660 = LINE('',#8661,#8662);
#8661 = CARTESIAN_POINT('',(-20.55,3.788139384975,-5.6));
#8662 = VECTOR('',#8663,1.);
#8663 = DIRECTION('',(0.,0.,1.));
#8664 = PCURVE('',#6264,#8665);
#8665 = DEFINITIONAL_REPRESENTATION('',(#8666),#8669);
#8666 = B_SPLINE_CURVE_WITH_KNOTS('',1,(#8667,#8668),.UNSPECIFIED.,.F.,
  .F.,(2,2),(-5.999999999062E-07,5.6000006),.PIECEWISE_BEZIER_KNOTS.);
#8667 = CARTESIAN_POINT('',(-5.999999999062E-07,-16.38813938497));
#8668 = CARTESIAN_POINT('',(5.6000006,-16.38813938497));
#8669 = ( GEOMETRIC_REPRESENTATION_CONTEXT(2) 
PARAMETRIC_REPRESENTATION_CONTEXT() REPRESENTATION_CONTEXT('2D SPACE',''
  ) );
#8670 = PCURVE('',#6349,#8671);
#8671 = DEFINITIONAL_REPRESENTATION('',(#8672),#8675);
#8672 = B_SPLINE_CURVE_WITH_KNOTS('',1,(#8673,#8674),.UNSPECIFIED.,.F.,
  .F.,(2,2),(-5.999999999062E-07,5.6000006),.PIECEWISE_BEZIER_KNOTS.);
#8673 = CARTESIAN_POINT('',(1.491766718466,-5.999999999062E-07));
#8674 = CARTESIAN_POINT('',(1.491766718466,5.6000006));
#8675 = ( GEOMETRIC_REPRESENTATION_CONTEXT(2) 
PARAMETRIC_REPRESENTATION_CONTEXT() REPRESENTATION_CONTEXT('2D SPACE',''
  ) );
#8676 = ORIENTED_EDGE('',*,*,#6522,.T.);
#8677 = ORIENTED_EDGE('',*,*,#8678,.T.);
#8678 = EDGE_CURVE('',#6444,#6220,#8679,.T.);
#8679 = SURFACE_CURVE('',#8680,(#8684,#8691),.PCURVE_S1.);
#8680 = LINE('',#8681,#8682);
#8681 = CARTESIAN_POINT('',(-20.55,23.6,-5.6));
#8682 = VECTOR('',#8683,1.);
#8683 = DIRECTION('',(0.,0.,1.));
#8684 = PCURVE('',#6264,#8685);
#8685 = DEFINITIONAL_REPRESENTATION('',(#8686),#8690);
#8686 = LINE('',#8687,#8688);
#8687 = CARTESIAN_POINT('',(0.,-36.2));
#8688 = VECTOR('',#8689,1.);
#8689 = DIRECTION('',(1.,0.));
#8690 = ( GEOMETRIC_REPRESENTATION_CONTEXT(2) 
PARAMETRIC_REPRESENTATION_CONTEXT() REPRESENTATION_CONTEXT('2D SPACE',''
  ) );
#8691 = PCURVE('',#8692,#8697);
#8692 = CYLINDRICAL_SURFACE('',#8693,3.);
#8693 = AXIS2_PLACEMENT_3D('',#8694,#8695,#8696);
#8694 = CARTESIAN_POINT('',(-17.55,23.6,-5.6));
#8695 = DIRECTION('',(0.,0.,1.));
#8696 = DIRECTION('',(1.,0.,-0.));
#8697 = DEFINITIONAL_REPRESENTATION('',(#8698),#8702);
#8698 = LINE('',#8699,#8700);
#8699 = CARTESIAN_POINT('',(3.14159265359,0.));
#8700 = VECTOR('',#8701,1.);
#8701 = DIRECTION('',(0.,1.));
#8702 = ( GEOMETRIC_REPRESENTATION_CONTEXT(2) 
PARAMETRIC_REPRESENTATION_CONTEXT() REPRESENTATION_CONTEXT('2D SPACE',''
  ) );
#8703 = ADVANCED_FACE('',(#8704),#6318,.T.);
#8704 = FACE_BOUND('',#8705,.T.);
#8705 = EDGE_LOOP('',(#8706,#8735,#8757));
#8706 = ORIENTED_EDGE('',*,*,#8707,.F.);
#8707 = EDGE_CURVE('',#8708,#6303,#8710,.T.);
#8708 = VERTEX_POINT('',#8709);
#8709 = CARTESIAN_POINT('',(-22.675,-3.333072906493,0.));
#8710 = SURFACE_CURVE('',#8711,(#8716,#8723),.PCURVE_S1.);
#8711 = CIRCLE('',#8712,3.8);
#8712 = AXIS2_PLACEMENT_3D('',#8713,#8714,#8715);
#8713 = CARTESIAN_POINT('',(-24.5,0.,0.));
#8714 = DIRECTION('',(0.,0.,1.));
#8715 = DIRECTION('',(1.,0.,-0.));
#8716 = PCURVE('',#6318,#8717);
#8717 = DEFINITIONAL_REPRESENTATION('',(#8718),#8722);
#8718 = CIRCLE('',#8719,3.8);
#8719 = AXIS2_PLACEMENT_2D('',#8720,#8721);
#8720 = CARTESIAN_POINT('',(0.,3.8));
#8721 = DIRECTION('',(1.,0.));
#8722 = ( GEOMETRIC_REPRESENTATION_CONTEXT(2) 
PARAMETRIC_REPRESENTATION_CONTEXT() REPRESENTATION_CONTEXT('2D SPACE',''
  ) );
#8723 = PCURVE('',#8724,#8729);
#8724 = PLANE('',#8725);
#8725 = AXIS2_PLACEMENT_3D('',#8726,#8727,#8728);
#8726 = CARTESIAN_POINT('',(-24.5,-3.8,0.));
#8727 = DIRECTION('',(0.,0.,1.));
#8728 = DIRECTION('',(1.,0.,-0.));
#8729 = DEFINITIONAL_REPRESENTATION('',(#8730),#8734);
#8730 = CIRCLE('',#8731,3.8);
#8731 = AXIS2_PLACEMENT_2D('',#8732,#8733);
#8732 = CARTESIAN_POINT('',(0.,3.8));
#8733 = DIRECTION('',(1.,0.));
#8734 = ( GEOMETRIC_REPRESENTATION_CONTEXT(2) 
PARAMETRIC_REPRESENTATION_CONTEXT() REPRESENTATION_CONTEXT('2D SPACE',''
  ) );
#8735 = ORIENTED_EDGE('',*,*,#8736,.T.);
#8736 = EDGE_CURVE('',#8708,#3174,#8737,.T.);
#8737 = SURFACE_CURVE('',#8738,(#8743,#8750),.PCURVE_S1.);
#8738 = CIRCLE('',#8739,3.8);
#8739 = AXIS2_PLACEMENT_3D('',#8740,#8741,#8742);
#8740 = CARTESIAN_POINT('',(-20.85,0.,0.));
#8741 = DIRECTION('',(0.,0.,1.));
#8742 = DIRECTION('',(1.,0.,-0.));
#8743 = PCURVE('',#6318,#8744);
#8744 = DEFINITIONAL_REPRESENTATION('',(#8745),#8749);
#8745 = CIRCLE('',#8746,3.8);
#8746 = AXIS2_PLACEMENT_2D('',#8747,#8748);
#8747 = CARTESIAN_POINT('',(3.65,3.8));
#8748 = DIRECTION('',(1.,0.));
#8749 = ( GEOMETRIC_REPRESENTATION_CONTEXT(2) 
PARAMETRIC_REPRESENTATION_CONTEXT() REPRESENTATION_CONTEXT('2D SPACE',''
  ) );
#8750 = PCURVE('',#6804,#8751);
#8751 = DEFINITIONAL_REPRESENTATION('',(#8752),#8756);
#8752 = CIRCLE('',#8753,3.8);
#8753 = AXIS2_PLACEMENT_2D('',#8754,#8755);
#8754 = CARTESIAN_POINT('',(3.65,3.8));
#8755 = DIRECTION('',(1.,0.));
#8756 = ( GEOMETRIC_REPRESENTATION_CONTEXT(2) 
PARAMETRIC_REPRESENTATION_CONTEXT() REPRESENTATION_CONTEXT('2D SPACE',''
  ) );
#8757 = ORIENTED_EDGE('',*,*,#6302,.T.);
#8758 = ADVANCED_FACE('',(#8759),#6406,.T.);
#8759 = FACE_BOUND('',#8760,.T.);
#8760 = EDGE_LOOP('',(#8761,#8762,#8783));
#8761 = ORIENTED_EDGE('',*,*,#6389,.T.);
#8762 = ORIENTED_EDGE('',*,*,#8763,.F.);
#8763 = EDGE_CURVE('',#6303,#6362,#8764,.T.);
#8764 = SURFACE_CURVE('',#8765,(#8769,#8776),.PCURVE_S1.);
#8765 = LINE('',#8766,#8767);
#8766 = CARTESIAN_POINT('',(-20.85,-3.8,0.));
#8767 = VECTOR('',#8768,1.);
#8768 = DIRECTION('',(-0.,1.,0.));
#8769 = PCURVE('',#6406,#8770);
#8770 = DEFINITIONAL_REPRESENTATION('',(#8771),#8775);
#8771 = LINE('',#8772,#8773);
#8772 = CARTESIAN_POINT('',(3.65,-3.8));
#8773 = VECTOR('',#8774,1.);
#8774 = DIRECTION('',(0.,1.));
#8775 = ( GEOMETRIC_REPRESENTATION_CONTEXT(2) 
PARAMETRIC_REPRESENTATION_CONTEXT() REPRESENTATION_CONTEXT('2D SPACE',''
  ) );
#8776 = PCURVE('',#8724,#8777);
#8777 = DEFINITIONAL_REPRESENTATION('',(#8778),#8782);
#8778 = LINE('',#8779,#8780);
#8779 = CARTESIAN_POINT('',(3.65,0.));
#8780 = VECTOR('',#8781,1.);
#8781 = DIRECTION('',(0.,1.));
#8782 = ( GEOMETRIC_REPRESENTATION_CONTEXT(2) 
PARAMETRIC_REPRESENTATION_CONTEXT() REPRESENTATION_CONTEXT('2D SPACE',''
  ) );
#8783 = ORIENTED_EDGE('',*,*,#6418,.T.);
#8784 = ADVANCED_FACE('',(#8785),#6377,.T.);
#8785 = FACE_BOUND('',#8786,.T.);
#8786 = EDGE_LOOP('',(#8787,#8788,#8817));
#8787 = ORIENTED_EDGE('',*,*,#6361,.T.);
#8788 = ORIENTED_EDGE('',*,*,#8789,.T.);
#8789 = EDGE_CURVE('',#6333,#8790,#8792,.T.);
#8790 = VERTEX_POINT('',#8791);
#8791 = CARTESIAN_POINT('',(-22.675,3.333072906493,0.));
#8792 = SURFACE_CURVE('',#8793,(#8798,#8805),.PCURVE_S1.);
#8793 = CIRCLE('',#8794,3.8);
#8794 = AXIS2_PLACEMENT_3D('',#8795,#8796,#8797);
#8795 = CARTESIAN_POINT('',(-20.85,0.,0.));
#8796 = DIRECTION('',(0.,0.,1.));
#8797 = DIRECTION('',(1.,0.,-0.));
#8798 = PCURVE('',#6377,#8799);
#8799 = DEFINITIONAL_REPRESENTATION('',(#8800),#8804);
#8800 = CIRCLE('',#8801,3.8);
#8801 = AXIS2_PLACEMENT_2D('',#8802,#8803);
#8802 = CARTESIAN_POINT('',(3.65,3.8));
#8803 = DIRECTION('',(1.,0.));
#8804 = ( GEOMETRIC_REPRESENTATION_CONTEXT(2) 
PARAMETRIC_REPRESENTATION_CONTEXT() REPRESENTATION_CONTEXT('2D SPACE',''
  ) );
#8805 = PCURVE('',#8806,#8811);
#8806 = PLANE('',#8807);
#8807 = AXIS2_PLACEMENT_3D('',#8808,#8809,#8810);
#8808 = CARTESIAN_POINT('',(-24.5,-3.8,0.));
#8809 = DIRECTION('',(0.,0.,1.));
#8810 = DIRECTION('',(1.,0.,-0.));
#8811 = DEFINITIONAL_REPRESENTATION('',(#8812),#8816);
#8812 = CIRCLE('',#8813,3.8);
#8813 = AXIS2_PLACEMENT_2D('',#8814,#8815);
#8814 = CARTESIAN_POINT('',(3.65,3.8));
#8815 = DIRECTION('',(1.,0.));
#8816 = ( GEOMETRIC_REPRESENTATION_CONTEXT(2) 
PARAMETRIC_REPRESENTATION_CONTEXT() REPRESENTATION_CONTEXT('2D SPACE',''
  ) );
#8817 = ORIENTED_EDGE('',*,*,#8818,.F.);
#8818 = EDGE_CURVE('',#6362,#8790,#8819,.T.);
#8819 = SURFACE_CURVE('',#8820,(#8825,#8832),.PCURVE_S1.);
#8820 = CIRCLE('',#8821,3.8);
#8821 = AXIS2_PLACEMENT_3D('',#8822,#8823,#8824);
#8822 = CARTESIAN_POINT('',(-24.5,0.,0.));
#8823 = DIRECTION('',(0.,0.,1.));
#8824 = DIRECTION('',(1.,0.,-0.));
#8825 = PCURVE('',#6377,#8826);
#8826 = DEFINITIONAL_REPRESENTATION('',(#8827),#8831);
#8827 = CIRCLE('',#8828,3.8);
#8828 = AXIS2_PLACEMENT_2D('',#8829,#8830);
#8829 = CARTESIAN_POINT('',(0.,3.8));
#8830 = DIRECTION('',(1.,0.));
#8831 = ( GEOMETRIC_REPRESENTATION_CONTEXT(2) 
PARAMETRIC_REPRESENTATION_CONTEXT() REPRESENTATION_CONTEXT('2D SPACE',''
  ) );
#8832 = PCURVE('',#8724,#8833);
#8833 = DEFINITIONAL_REPRESENTATION('',(#8834),#8838);
#8834 = CIRCLE('',#8835,3.8);
#8835 = AXIS2_PLACEMENT_2D('',#8836,#8837);
#8836 = CARTESIAN_POINT('',(0.,3.8));
#8837 = DIRECTION('',(1.,0.));
#8838 = ( GEOMETRIC_REPRESENTATION_CONTEXT(2) 
PARAMETRIC_REPRESENTATION_CONTEXT() REPRESENTATION_CONTEXT('2D SPACE',''
  ) );
#8839 = ADVANCED_FACE('',(#8840),#6349,.T.);
#8840 = FACE_BOUND('',#8841,.T.);
#8841 = EDGE_LOOP('',(#8842,#8843,#8844,#8845));
#8842 = ORIENTED_EDGE('',*,*,#6332,.F.);
#8843 = ORIENTED_EDGE('',*,*,#8658,.F.);
#8844 = ORIENTED_EDGE('',*,*,#6628,.T.);
#8845 = ORIENTED_EDGE('',*,*,#8846,.T.);
#8846 = EDGE_CURVE('',#6629,#6333,#8847,.T.);
#8847 = SURFACE_CURVE('',#8848,(#8852,#8859),.PCURVE_S1.);
#8848 = LINE('',#8849,#8850);
#8849 = CARTESIAN_POINT('',(-20.85,3.8,-5.6));
#8850 = VECTOR('',#8851,1.);
#8851 = DIRECTION('',(0.,0.,1.));
#8852 = PCURVE('',#6349,#8853);
#8853 = DEFINITIONAL_REPRESENTATION('',(#8854),#8858);
#8854 = LINE('',#8855,#8856);
#8855 = CARTESIAN_POINT('',(1.570796326795,0.));
#8856 = VECTOR('',#8857,1.);
#8857 = DIRECTION('',(0.,1.));
#8858 = ( GEOMETRIC_REPRESENTATION_CONTEXT(2) 
PARAMETRIC_REPRESENTATION_CONTEXT() REPRESENTATION_CONTEXT('2D SPACE',''
  ) );
#8859 = PCURVE('',#8860,#8865);
#8860 = PLANE('',#8861);
#8861 = AXIS2_PLACEMENT_3D('',#8862,#8863,#8864);
#8862 = CARTESIAN_POINT('',(-24.5,3.8,-5.6));
#8863 = DIRECTION('',(-0.,1.,0.));
#8864 = DIRECTION('',(0.,0.,1.));
#8865 = DEFINITIONAL_REPRESENTATION('',(#8866),#8870);
#8866 = LINE('',#8867,#8868);
#8867 = CARTESIAN_POINT('',(0.,3.65));
#8868 = VECTOR('',#8869,1.);
#8869 = DIRECTION('',(1.,0.));
#8870 = ( GEOMETRIC_REPRESENTATION_CONTEXT(2) 
PARAMETRIC_REPRESENTATION_CONTEXT() REPRESENTATION_CONTEXT('2D SPACE',''
  ) );
#8871 = ADVANCED_FACE('',(#8872),#6461,.F.);
#8872 = FACE_BOUND('',#8873,.F.);
#8873 = EDGE_LOOP('',(#8874,#8897,#8919));
#8874 = ORIENTED_EDGE('',*,*,#8875,.T.);
#8875 = EDGE_CURVE('',#6446,#8876,#8878,.T.);
#8876 = VERTEX_POINT('',#8877);
#8877 = CARTESIAN_POINT('',(-17.55,26.6,-5.6));
#8878 = SURFACE_CURVE('',#8879,(#8883,#8890),.PCURVE_S1.);
#8879 = LINE('',#8880,#8881);
#8880 = CARTESIAN_POINT('',(-17.55,-15.6,-5.6));
#8881 = VECTOR('',#8882,1.);
#8882 = DIRECTION('',(-0.,1.,0.));
#8883 = PCURVE('',#6461,#8884);
#8884 = DEFINITIONAL_REPRESENTATION('',(#8885),#8889);
#8885 = LINE('',#8886,#8887);
#8886 = CARTESIAN_POINT('',(0.,-39.2));
#8887 = VECTOR('',#8888,1.);
#8888 = DIRECTION('',(0.,1.));
#8889 = ( GEOMETRIC_REPRESENTATION_CONTEXT(2) 
PARAMETRIC_REPRESENTATION_CONTEXT() REPRESENTATION_CONTEXT('2D SPACE',''
  ) );
#8890 = PCURVE('',#6885,#8891);
#8891 = DEFINITIONAL_REPRESENTATION('',(#8892),#8896);
#8892 = LINE('',#8893,#8894);
#8893 = CARTESIAN_POINT('',(0.,0.));
#8894 = VECTOR('',#8895,1.);
#8895 = DIRECTION('',(0.,1.));
#8896 = ( GEOMETRIC_REPRESENTATION_CONTEXT(2) 
PARAMETRIC_REPRESENTATION_CONTEXT() REPRESENTATION_CONTEXT('2D SPACE',''
  ) );
#8897 = ORIENTED_EDGE('',*,*,#8898,.T.);
#8898 = EDGE_CURVE('',#8876,#6444,#8899,.T.);
#8899 = SURFACE_CURVE('',#8900,(#8905,#8912),.PCURVE_S1.);
#8900 = CIRCLE('',#8901,3.);
#8901 = AXIS2_PLACEMENT_3D('',#8902,#8903,#8904);
#8902 = CARTESIAN_POINT('',(-17.55,23.6,-5.6));
#8903 = DIRECTION('',(0.,0.,1.));
#8904 = DIRECTION('',(1.,0.,-0.));
#8905 = PCURVE('',#6461,#8906);
#8906 = DEFINITIONAL_REPRESENTATION('',(#8907),#8911);
#8907 = CIRCLE('',#8908,3.);
#8908 = AXIS2_PLACEMENT_2D('',#8909,#8910);
#8909 = CARTESIAN_POINT('',(0.,0.));
#8910 = DIRECTION('',(1.,0.));
#8911 = ( GEOMETRIC_REPRESENTATION_CONTEXT(2) 
PARAMETRIC_REPRESENTATION_CONTEXT() REPRESENTATION_CONTEXT('2D SPACE',''
  ) );
#8912 = PCURVE('',#8692,#8913);
#8913 = DEFINITIONAL_REPRESENTATION('',(#8914),#8918);
#8914 = LINE('',#8915,#8916);
#8915 = CARTESIAN_POINT('',(0.,0.));
#8916 = VECTOR('',#8917,1.);
#8917 = DIRECTION('',(1.,0.));
#8918 = ( GEOMETRIC_REPRESENTATION_CONTEXT(2) 
PARAMETRIC_REPRESENTATION_CONTEXT() REPRESENTATION_CONTEXT('2D SPACE',''
  ) );
#8919 = ORIENTED_EDGE('',*,*,#6443,.T.);
#8920 = ADVANCED_FACE('',(#8921),#6614,.F.);
#8921 = FACE_BOUND('',#8922,.F.);
#8922 = EDGE_LOOP('',(#8923,#8952,#8974));
#8923 = ORIENTED_EDGE('',*,*,#8924,.F.);
#8924 = EDGE_CURVE('',#8925,#6599,#8927,.T.);
#8925 = VERTEX_POINT('',#8926);
#8926 = CARTESIAN_POINT('',(-22.675,-3.333072906493,-5.6));
#8927 = SURFACE_CURVE('',#8928,(#8933,#8940),.PCURVE_S1.);
#8928 = CIRCLE('',#8929,3.8);
#8929 = AXIS2_PLACEMENT_3D('',#8930,#8931,#8932);
#8930 = CARTESIAN_POINT('',(-24.5,0.,-5.6));
#8931 = DIRECTION('',(0.,0.,1.));
#8932 = DIRECTION('',(1.,0.,-0.));
#8933 = PCURVE('',#6614,#8934);
#8934 = DEFINITIONAL_REPRESENTATION('',(#8935),#8939);
#8935 = CIRCLE('',#8936,3.8);
#8936 = AXIS2_PLACEMENT_2D('',#8937,#8938);
#8937 = CARTESIAN_POINT('',(0.,3.8));
#8938 = DIRECTION('',(1.,0.));
#8939 = ( GEOMETRIC_REPRESENTATION_CONTEXT(2) 
PARAMETRIC_REPRESENTATION_CONTEXT() REPRESENTATION_CONTEXT('2D SPACE',''
  ) );
#8940 = PCURVE('',#8941,#8946);
#8941 = PLANE('',#8942);
#8942 = AXIS2_PLACEMENT_3D('',#8943,#8944,#8945);
#8943 = CARTESIAN_POINT('',(-24.5,-3.8,-5.6));
#8944 = DIRECTION('',(0.,0.,1.));
#8945 = DIRECTION('',(1.,0.,-0.));
#8946 = DEFINITIONAL_REPRESENTATION('',(#8947),#8951);
#8947 = CIRCLE('',#8948,3.8);
#8948 = AXIS2_PLACEMENT_2D('',#8949,#8950);
#8949 = CARTESIAN_POINT('',(0.,3.8));
#8950 = DIRECTION('',(1.,0.));
#8951 = ( GEOMETRIC_REPRESENTATION_CONTEXT(2) 
PARAMETRIC_REPRESENTATION_CONTEXT() REPRESENTATION_CONTEXT('2D SPACE',''
  ) );
#8952 = ORIENTED_EDGE('',*,*,#8953,.T.);
#8953 = EDGE_CURVE('',#8925,#3198,#8954,.T.);
#8954 = SURFACE_CURVE('',#8955,(#8960,#8967),.PCURVE_S1.);
#8955 = CIRCLE('',#8956,3.8);
#8956 = AXIS2_PLACEMENT_3D('',#8957,#8958,#8959);
#8957 = CARTESIAN_POINT('',(-20.85,0.,-5.6));
#8958 = DIRECTION('',(0.,0.,1.));
#8959 = DIRECTION('',(1.,0.,-0.));
#8960 = PCURVE('',#6614,#8961);
#8961 = DEFINITIONAL_REPRESENTATION('',(#8962),#8966);
#8962 = CIRCLE('',#8963,3.8);
#8963 = AXIS2_PLACEMENT_2D('',#8964,#8965);
#8964 = CARTESIAN_POINT('',(3.65,3.8));
#8965 = DIRECTION('',(1.,0.));
#8966 = ( GEOMETRIC_REPRESENTATION_CONTEXT(2) 
PARAMETRIC_REPRESENTATION_CONTEXT() REPRESENTATION_CONTEXT('2D SPACE',''
  ) );
#8967 = PCURVE('',#6750,#8968);
#8968 = DEFINITIONAL_REPRESENTATION('',(#8969),#8973);
#8969 = CIRCLE('',#8970,3.8);
#8970 = AXIS2_PLACEMENT_2D('',#8971,#8972);
#8971 = CARTESIAN_POINT('',(3.65,3.8));
#8972 = DIRECTION('',(1.,0.));
#8973 = ( GEOMETRIC_REPRESENTATION_CONTEXT(2) 
PARAMETRIC_REPRESENTATION_CONTEXT() REPRESENTATION_CONTEXT('2D SPACE',''
  ) );
#8974 = ORIENTED_EDGE('',*,*,#6598,.T.);
#8975 = ADVANCED_FACE('',(#8976),#6697,.F.);
#8976 = FACE_BOUND('',#8977,.F.);
#8977 = EDGE_LOOP('',(#8978,#8979,#9000));
#8978 = ORIENTED_EDGE('',*,*,#6680,.T.);
#8979 = ORIENTED_EDGE('',*,*,#8980,.F.);
#8980 = EDGE_CURVE('',#6599,#6653,#8981,.T.);
#8981 = SURFACE_CURVE('',#8982,(#8986,#8993),.PCURVE_S1.);
#8982 = LINE('',#8983,#8984);
#8983 = CARTESIAN_POINT('',(-20.85,-3.8,-5.6));
#8984 = VECTOR('',#8985,1.);
#8985 = DIRECTION('',(-0.,1.,0.));
#8986 = PCURVE('',#6697,#8987);
#8987 = DEFINITIONAL_REPRESENTATION('',(#8988),#8992);
#8988 = LINE('',#8989,#8990);
#8989 = CARTESIAN_POINT('',(3.65,-3.8));
#8990 = VECTOR('',#8991,1.);
#8991 = DIRECTION('',(0.,1.));
#8992 = ( GEOMETRIC_REPRESENTATION_CONTEXT(2) 
PARAMETRIC_REPRESENTATION_CONTEXT() REPRESENTATION_CONTEXT('2D SPACE',''
  ) );
#8993 = PCURVE('',#8941,#8994);
#8994 = DEFINITIONAL_REPRESENTATION('',(#8995),#8999);
#8995 = LINE('',#8996,#8997);
#8996 = CARTESIAN_POINT('',(3.65,0.));
#8997 = VECTOR('',#8998,1.);
#8998 = DIRECTION('',(0.,1.));
#8999 = ( GEOMETRIC_REPRESENTATION_CONTEXT(2) 
PARAMETRIC_REPRESENTATION_CONTEXT() REPRESENTATION_CONTEXT('2D SPACE',''
  ) );
#9000 = ORIENTED_EDGE('',*,*,#6709,.T.);
#9001 = ADVANCED_FACE('',(#9002),#6668,.F.);
#9002 = FACE_BOUND('',#9003,.F.);
#9003 = EDGE_LOOP('',(#9004,#9005,#9034));
#9004 = ORIENTED_EDGE('',*,*,#6652,.T.);
#9005 = ORIENTED_EDGE('',*,*,#9006,.T.);
#9006 = EDGE_CURVE('',#6629,#9007,#9009,.T.);
#9007 = VERTEX_POINT('',#9008);
#9008 = CARTESIAN_POINT('',(-22.675,3.333072906493,-5.6));
#9009 = SURFACE_CURVE('',#9010,(#9015,#9022),.PCURVE_S1.);
#9010 = CIRCLE('',#9011,3.8);
#9011 = AXIS2_PLACEMENT_3D('',#9012,#9013,#9014);
#9012 = CARTESIAN_POINT('',(-20.85,0.,-5.6));
#9013 = DIRECTION('',(0.,0.,1.));
#9014 = DIRECTION('',(1.,0.,-0.));
#9015 = PCURVE('',#6668,#9016);
#9016 = DEFINITIONAL_REPRESENTATION('',(#9017),#9021);
#9017 = CIRCLE('',#9018,3.8);
#9018 = AXIS2_PLACEMENT_2D('',#9019,#9020);
#9019 = CARTESIAN_POINT('',(3.65,3.8));
#9020 = DIRECTION('',(1.,0.));
#9021 = ( GEOMETRIC_REPRESENTATION_CONTEXT(2) 
PARAMETRIC_REPRESENTATION_CONTEXT() REPRESENTATION_CONTEXT('2D SPACE',''
  ) );
#9022 = PCURVE('',#9023,#9028);
#9023 = PLANE('',#9024);
#9024 = AXIS2_PLACEMENT_3D('',#9025,#9026,#9027);
#9025 = CARTESIAN_POINT('',(-24.5,-3.8,-5.6));
#9026 = DIRECTION('',(0.,0.,1.));
#9027 = DIRECTION('',(1.,0.,-0.));
#9028 = DEFINITIONAL_REPRESENTATION('',(#9029),#9033);
#9029 = CIRCLE('',#9030,3.8);
#9030 = AXIS2_PLACEMENT_2D('',#9031,#9032);
#9031 = CARTESIAN_POINT('',(3.65,3.8));
#9032 = DIRECTION('',(1.,0.));
#9033 = ( GEOMETRIC_REPRESENTATION_CONTEXT(2) 
PARAMETRIC_REPRESENTATION_CONTEXT() REPRESENTATION_CONTEXT('2D SPACE',''
  ) );
#9034 = ORIENTED_EDGE('',*,*,#9035,.F.);
#9035 = EDGE_CURVE('',#6653,#9007,#9036,.T.);
#9036 = SURFACE_CURVE('',#9037,(#9042,#9049),.PCURVE_S1.);
#9037 = CIRCLE('',#9038,3.8);
#9038 = AXIS2_PLACEMENT_3D('',#9039,#9040,#9041);
#9039 = CARTESIAN_POINT('',(-24.5,0.,-5.6));
#9040 = DIRECTION('',(0.,0.,1.));
#9041 = DIRECTION('',(1.,0.,-0.));
#9042 = PCURVE('',#6668,#9043);
#9043 = DEFINITIONAL_REPRESENTATION('',(#9044),#9048);
#9044 = CIRCLE('',#9045,3.8);
#9045 = AXIS2_PLACEMENT_2D('',#9046,#9047);
#9046 = CARTESIAN_POINT('',(0.,3.8));
#9047 = DIRECTION('',(1.,0.));
#9048 = ( GEOMETRIC_REPRESENTATION_CONTEXT(2) 
PARAMETRIC_REPRESENTATION_CONTEXT() REPRESENTATION_CONTEXT('2D SPACE',''
  ) );
#9049 = PCURVE('',#8941,#9050);
#9050 = DEFINITIONAL_REPRESENTATION('',(#9051),#9055);
#9051 = CIRCLE('',#9052,3.8);
#9052 = AXIS2_PLACEMENT_2D('',#9053,#9054);
#9053 = CARTESIAN_POINT('',(0.,3.8));
#9054 = DIRECTION('',(1.,0.));
#9055 = ( GEOMETRIC_REPRESENTATION_CONTEXT(2) 
PARAMETRIC_REPRESENTATION_CONTEXT() REPRESENTATION_CONTEXT('2D SPACE',''
  ) );
#9056 = ADVANCED_FACE('',(#9057),#6750,.F.);
#9057 = FACE_BOUND('',#9058,.F.);
#9058 = EDGE_LOOP('',(#9059,#9086,#9087));
#9059 = ORIENTED_EDGE('',*,*,#9060,.F.);
#9060 = EDGE_CURVE('',#6735,#8925,#9061,.T.);
#9061 = SURFACE_CURVE('',#9062,(#9067,#9074),.PCURVE_S1.);
#9062 = CIRCLE('',#9063,3.8);
#9063 = AXIS2_PLACEMENT_3D('',#9064,#9065,#9066);
#9064 = CARTESIAN_POINT('',(-24.5,0.,-5.6));
#9065 = DIRECTION('',(0.,0.,1.));
#9066 = DIRECTION('',(1.,0.,-0.));
#9067 = PCURVE('',#6750,#9068);
#9068 = DEFINITIONAL_REPRESENTATION('',(#9069),#9073);
#9069 = CIRCLE('',#9070,3.8);
#9070 = AXIS2_PLACEMENT_2D('',#9071,#9072);
#9071 = CARTESIAN_POINT('',(0.,3.8));
#9072 = DIRECTION('',(1.,0.));
#9073 = ( GEOMETRIC_REPRESENTATION_CONTEXT(2) 
PARAMETRIC_REPRESENTATION_CONTEXT() REPRESENTATION_CONTEXT('2D SPACE',''
  ) );
#9074 = PCURVE('',#9075,#9080);
#9075 = PLANE('',#9076);
#9076 = AXIS2_PLACEMENT_3D('',#9077,#9078,#9079);
#9077 = CARTESIAN_POINT('',(-24.5,-3.8,-5.6));
#9078 = DIRECTION('',(0.,0.,1.));
#9079 = DIRECTION('',(1.,0.,-0.));
#9080 = DEFINITIONAL_REPRESENTATION('',(#9081),#9085);
#9081 = CIRCLE('',#9082,3.8);
#9082 = AXIS2_PLACEMENT_2D('',#9083,#9084);
#9083 = CARTESIAN_POINT('',(0.,3.8));
#9084 = DIRECTION('',(1.,0.));
#9085 = ( GEOMETRIC_REPRESENTATION_CONTEXT(2) 
PARAMETRIC_REPRESENTATION_CONTEXT() REPRESENTATION_CONTEXT('2D SPACE',''
  ) );
#9086 = ORIENTED_EDGE('',*,*,#6734,.T.);
#9087 = ORIENTED_EDGE('',*,*,#8953,.F.);
#9088 = ADVANCED_FACE('',(#9089),#6804,.T.);
#9089 = FACE_BOUND('',#9090,.T.);
#9090 = EDGE_LOOP('',(#9091,#9118,#9119));
#9091 = ORIENTED_EDGE('',*,*,#9092,.F.);
#9092 = EDGE_CURVE('',#6763,#8708,#9093,.T.);
#9093 = SURFACE_CURVE('',#9094,(#9099,#9106),.PCURVE_S1.);
#9094 = CIRCLE('',#9095,3.8);
#9095 = AXIS2_PLACEMENT_3D('',#9096,#9097,#9098);
#9096 = CARTESIAN_POINT('',(-24.5,0.,0.));
#9097 = DIRECTION('',(0.,0.,1.));
#9098 = DIRECTION('',(1.,0.,-0.));
#9099 = PCURVE('',#6804,#9100);
#9100 = DEFINITIONAL_REPRESENTATION('',(#9101),#9105);
#9101 = CIRCLE('',#9102,3.8);
#9102 = AXIS2_PLACEMENT_2D('',#9103,#9104);
#9103 = CARTESIAN_POINT('',(0.,3.8));
#9104 = DIRECTION('',(1.,0.));
#9105 = ( GEOMETRIC_REPRESENTATION_CONTEXT(2) 
PARAMETRIC_REPRESENTATION_CONTEXT() REPRESENTATION_CONTEXT('2D SPACE',''
  ) );
#9106 = PCURVE('',#9107,#9112);
#9107 = PLANE('',#9108);
#9108 = AXIS2_PLACEMENT_3D('',#9109,#9110,#9111);
#9109 = CARTESIAN_POINT('',(-24.5,-3.8,0.));
#9110 = DIRECTION('',(0.,0.,1.));
#9111 = DIRECTION('',(1.,0.,-0.));
#9112 = DEFINITIONAL_REPRESENTATION('',(#9113),#9117);
#9113 = CIRCLE('',#9114,3.8);
#9114 = AXIS2_PLACEMENT_2D('',#9115,#9116);
#9115 = CARTESIAN_POINT('',(0.,3.8));
#9116 = DIRECTION('',(1.,0.));
#9117 = ( GEOMETRIC_REPRESENTATION_CONTEXT(2) 
PARAMETRIC_REPRESENTATION_CONTEXT() REPRESENTATION_CONTEXT('2D SPACE',''
  ) );
#9118 = ORIENTED_EDGE('',*,*,#6790,.T.);
#9119 = ORIENTED_EDGE('',*,*,#8736,.F.);
#9120 = ADVANCED_FACE('',(#9121),#6778,.T.);
#9121 = FACE_BOUND('',#9122,.T.);
#9122 = EDGE_LOOP('',(#9123,#9152,#9175,#9202));
#9123 = ORIENTED_EDGE('',*,*,#9124,.F.);
#9124 = EDGE_CURVE('',#9125,#6763,#9127,.T.);
#9125 = VERTEX_POINT('',#9126);
#9126 = CARTESIAN_POINT('',(-24.5,3.8,0.));
#9127 = SURFACE_CURVE('',#9128,(#9133,#9140),.PCURVE_S1.);
#9128 = CIRCLE('',#9129,3.8);
#9129 = AXIS2_PLACEMENT_3D('',#9130,#9131,#9132);
#9130 = CARTESIAN_POINT('',(-24.5,0.,0.));
#9131 = DIRECTION('',(0.,0.,1.));
#9132 = DIRECTION('',(1.,0.,-0.));
#9133 = PCURVE('',#6778,#9134);
#9134 = DEFINITIONAL_REPRESENTATION('',(#9135),#9139);
#9135 = LINE('',#9136,#9137);
#9136 = CARTESIAN_POINT('',(0.,5.6));
#9137 = VECTOR('',#9138,1.);
#9138 = DIRECTION('',(1.,0.));
#9139 = ( GEOMETRIC_REPRESENTATION_CONTEXT(2) 
PARAMETRIC_REPRESENTATION_CONTEXT() REPRESENTATION_CONTEXT('2D SPACE',''
  ) );
#9140 = PCURVE('',#9141,#9146);
#9141 = PLANE('',#9142);
#9142 = AXIS2_PLACEMENT_3D('',#9143,#9144,#9145);
#9143 = CARTESIAN_POINT('',(-24.5,0.,0.));
#9144 = DIRECTION('',(0.,0.,1.));
#9145 = DIRECTION('',(1.,0.,-0.));
#9146 = DEFINITIONAL_REPRESENTATION('',(#9147),#9151);
#9147 = CIRCLE('',#9148,3.8);
#9148 = AXIS2_PLACEMENT_2D('',#9149,#9150);
#9149 = CARTESIAN_POINT('',(0.,0.));
#9150 = DIRECTION('',(1.,0.));
#9151 = ( GEOMETRIC_REPRESENTATION_CONTEXT(2) 
PARAMETRIC_REPRESENTATION_CONTEXT() REPRESENTATION_CONTEXT('2D SPACE',''
  ) );
#9152 = ORIENTED_EDGE('',*,*,#9153,.F.);
#9153 = EDGE_CURVE('',#9154,#9125,#9156,.T.);
#9154 = VERTEX_POINT('',#9155);
#9155 = CARTESIAN_POINT('',(-24.5,3.8,-5.6));
#9156 = SURFACE_CURVE('',#9157,(#9161,#9168),.PCURVE_S1.);
#9157 = LINE('',#9158,#9159);
#9158 = CARTESIAN_POINT('',(-24.5,3.8,-5.6));
#9159 = VECTOR('',#9160,1.);
#9160 = DIRECTION('',(0.,0.,1.));
#9161 = PCURVE('',#6778,#9162);
#9162 = DEFINITIONAL_REPRESENTATION('',(#9163),#9167);
#9163 = LINE('',#9164,#9165);
#9164 = CARTESIAN_POINT('',(1.570796326795,0.));
#9165 = VECTOR('',#9166,1.);
#9166 = DIRECTION('',(0.,1.));
#9167 = ( GEOMETRIC_REPRESENTATION_CONTEXT(2) 
PARAMETRIC_REPRESENTATION_CONTEXT() REPRESENTATION_CONTEXT('2D SPACE',''
  ) );
#9168 = PCURVE('',#8860,#9169);
#9169 = DEFINITIONAL_REPRESENTATION('',(#9170),#9174);
#9170 = LINE('',#9171,#9172);
#9171 = CARTESIAN_POINT('',(0.,0.));
#9172 = VECTOR('',#9173,1.);
#9173 = DIRECTION('',(1.,0.));
#9174 = ( GEOMETRIC_REPRESENTATION_CONTEXT(2) 
PARAMETRIC_REPRESENTATION_CONTEXT() REPRESENTATION_CONTEXT('2D SPACE',''
  ) );
#9175 = ORIENTED_EDGE('',*,*,#9176,.T.);
#9176 = EDGE_CURVE('',#9154,#6735,#9177,.T.);
#9177 = SURFACE_CURVE('',#9178,(#9183,#9190),.PCURVE_S1.);
#9178 = CIRCLE('',#9179,3.8);
#9179 = AXIS2_PLACEMENT_3D('',#9180,#9181,#9182);
#9180 = CARTESIAN_POINT('',(-24.5,0.,-5.6));
#9181 = DIRECTION('',(0.,0.,1.));
#9182 = DIRECTION('',(1.,0.,-0.));
#9183 = PCURVE('',#6778,#9184);
#9184 = DEFINITIONAL_REPRESENTATION('',(#9185),#9189);
#9185 = LINE('',#9186,#9187);
#9186 = CARTESIAN_POINT('',(0.,0.));
#9187 = VECTOR('',#9188,1.);
#9188 = DIRECTION('',(1.,0.));
#9189 = ( GEOMETRIC_REPRESENTATION_CONTEXT(2) 
PARAMETRIC_REPRESENTATION_CONTEXT() REPRESENTATION_CONTEXT('2D SPACE',''
  ) );
#9190 = PCURVE('',#9191,#9196);
#9191 = PLANE('',#9192);
#9192 = AXIS2_PLACEMENT_3D('',#9193,#9194,#9195);
#9193 = CARTESIAN_POINT('',(-24.5,0.,-5.6));
#9194 = DIRECTION('',(0.,0.,1.));
#9195 = DIRECTION('',(1.,0.,-0.));
#9196 = DEFINITIONAL_REPRESENTATION('',(#9197),#9201);
#9197 = CIRCLE('',#9198,3.8);
#9198 = AXIS2_PLACEMENT_2D('',#9199,#9200);
#9199 = CARTESIAN_POINT('',(0.,0.));
#9200 = DIRECTION('',(1.,0.));
#9201 = ( GEOMETRIC_REPRESENTATION_CONTEXT(2) 
PARAMETRIC_REPRESENTATION_CONTEXT() REPRESENTATION_CONTEXT('2D SPACE',''
  ) );
#9202 = ORIENTED_EDGE('',*,*,#6762,.T.);
#9203 = ADVANCED_FACE('',(#9204),#6885,.F.);
#9204 = FACE_BOUND('',#9205,.F.);
#9205 = EDGE_LOOP('',(#9206,#9207,#9208));
#9206 = ORIENTED_EDGE('',*,*,#8875,.F.);
#9207 = ORIENTED_EDGE('',*,*,#6871,.T.);
#9208 = ORIENTED_EDGE('',*,*,#9209,.T.);
#9209 = EDGE_CURVE('',#6848,#8876,#9210,.T.);
#9210 = SURFACE_CURVE('',#9211,(#9216,#9223),.PCURVE_S1.);
#9211 = CIRCLE('',#9212,3.);
#9212 = AXIS2_PLACEMENT_3D('',#9213,#9214,#9215);
#9213 = CARTESIAN_POINT('',(-17.55,23.6,-5.6));
#9214 = DIRECTION('',(0.,0.,1.));
#9215 = DIRECTION('',(1.,0.,-0.));
#9216 = PCURVE('',#6885,#9217);
#9217 = DEFINITIONAL_REPRESENTATION('',(#9218),#9222);
#9218 = CIRCLE('',#9219,3.);
#9219 = AXIS2_PLACEMENT_2D('',#9220,#9221);
#9220 = CARTESIAN_POINT('',(0.,39.2));
#9221 = DIRECTION('',(1.,0.));
#9222 = ( GEOMETRIC_REPRESENTATION_CONTEXT(2) 
PARAMETRIC_REPRESENTATION_CONTEXT() REPRESENTATION_CONTEXT('2D SPACE',''
  ) );
#9223 = PCURVE('',#6937,#9224);
#9224 = DEFINITIONAL_REPRESENTATION('',(#9225),#9229);
#9225 = CIRCLE('',#9226,3.);
#9226 = AXIS2_PLACEMENT_2D('',#9227,#9228);
#9227 = CARTESIAN_POINT('',(0.,39.2));
#9228 = DIRECTION('',(1.,0.));
#9229 = ( GEOMETRIC_REPRESENTATION_CONTEXT(2) 
PARAMETRIC_REPRESENTATION_CONTEXT() REPRESENTATION_CONTEXT('2D SPACE',''
  ) );
#9230 = ADVANCED_FACE('',(#9231),#6937,.F.);
#9231 = FACE_BOUND('',#9232,.F.);
#9232 = EDGE_LOOP('',(#9233,#9234,#9255,#9256));
#9233 = ORIENTED_EDGE('',*,*,#6954,.T.);
#9234 = ORIENTED_EDGE('',*,*,#9235,.F.);
#9235 = EDGE_CURVE('',#8876,#6955,#9236,.T.);
#9236 = SURFACE_CURVE('',#9237,(#9241,#9248),.PCURVE_S1.);
#9237 = LINE('',#9238,#9239);
#9238 = CARTESIAN_POINT('',(-17.55,26.6,-5.6));
#9239 = VECTOR('',#9240,1.);
#9240 = DIRECTION('',(1.,0.,-0.));
#9241 = PCURVE('',#6937,#9242);
#9242 = DEFINITIONAL_REPRESENTATION('',(#9243),#9247);
#9243 = LINE('',#9244,#9245);
#9244 = CARTESIAN_POINT('',(0.,42.2));
#9245 = VECTOR('',#9246,1.);
#9246 = DIRECTION('',(1.,0.));
#9247 = ( GEOMETRIC_REPRESENTATION_CONTEXT(2) 
PARAMETRIC_REPRESENTATION_CONTEXT() REPRESENTATION_CONTEXT('2D SPACE',''
  ) );
#9248 = PCURVE('',#6990,#9249);
#9249 = DEFINITIONAL_REPRESENTATION('',(#9250),#9254);
#9250 = LINE('',#9251,#9252);
#9251 = CARTESIAN_POINT('',(0.,0.));
#9252 = VECTOR('',#9253,1.);
#9253 = DIRECTION('',(0.,1.));
#9254 = ( GEOMETRIC_REPRESENTATION_CONTEXT(2) 
PARAMETRIC_REPRESENTATION_CONTEXT() REPRESENTATION_CONTEXT('2D SPACE',''
  ) );
#9255 = ORIENTED_EDGE('',*,*,#9209,.F.);
#9256 = ORIENTED_EDGE('',*,*,#6923,.T.);
#9257 = ADVANCED_FACE('',(#9258,#9359,#9465),#6990,.T.);
#9258 = FACE_BOUND('',#9259,.T.);
#9259 = EDGE_LOOP('',(#9260,#9261,#9284,#9307,#9335,#9356,#9357,#9358));
#9260 = ORIENTED_EDGE('',*,*,#9235,.F.);
#9261 = ORIENTED_EDGE('',*,*,#9262,.T.);
#9262 = EDGE_CURVE('',#8876,#9263,#9265,.T.);
#9263 = VERTEX_POINT('',#9264);
#9264 = CARTESIAN_POINT('',(-17.55,26.6,0.));
#9265 = SURFACE_CURVE('',#9266,(#9270,#9277),.PCURVE_S1.);
#9266 = LINE('',#9267,#9268);
#9267 = CARTESIAN_POINT('',(-17.55,26.6,-5.6));
#9268 = VECTOR('',#9269,1.);
#9269 = DIRECTION('',(0.,0.,1.));
#9270 = PCURVE('',#6990,#9271);
#9271 = DEFINITIONAL_REPRESENTATION('',(#9272),#9276);
#9272 = LINE('',#9273,#9274);
#9273 = CARTESIAN_POINT('',(0.,0.));
#9274 = VECTOR('',#9275,1.);
#9275 = DIRECTION('',(1.,0.));
#9276 = ( GEOMETRIC_REPRESENTATION_CONTEXT(2) 
PARAMETRIC_REPRESENTATION_CONTEXT() REPRESENTATION_CONTEXT('2D SPACE',''
  ) );
#9277 = PCURVE('',#8692,#9278);
#9278 = DEFINITIONAL_REPRESENTATION('',(#9279),#9283);
#9279 = LINE('',#9280,#9281);
#9280 = CARTESIAN_POINT('',(1.570796326795,0.));
#9281 = VECTOR('',#9282,1.);
#9282 = DIRECTION('',(0.,1.));
#9283 = ( GEOMETRIC_REPRESENTATION_CONTEXT(2) 
PARAMETRIC_REPRESENTATION_CONTEXT() REPRESENTATION_CONTEXT('2D SPACE',''
  ) );
#9284 = ORIENTED_EDGE('',*,*,#9285,.T.);
#9285 = EDGE_CURVE('',#9263,#9286,#9288,.T.);
#9286 = VERTEX_POINT('',#9287);
#9287 = CARTESIAN_POINT('',(17.55,26.6,0.));
#9288 = SURFACE_CURVE('',#9289,(#9293,#9300),.PCURVE_S1.);
#9289 = LINE('',#9290,#9291);
#9290 = CARTESIAN_POINT('',(-17.55,26.6,0.));
#9291 = VECTOR('',#9292,1.);
#9292 = DIRECTION('',(1.,0.,-0.));
#9293 = PCURVE('',#6990,#9294);
#9294 = DEFINITIONAL_REPRESENTATION('',(#9295),#9299);
#9295 = LINE('',#9296,#9297);
#9296 = CARTESIAN_POINT('',(5.6,0.));
#9297 = VECTOR('',#9298,1.);
#9298 = DIRECTION('',(0.,1.));
#9299 = ( GEOMETRIC_REPRESENTATION_CONTEXT(2) 
PARAMETRIC_REPRESENTATION_CONTEXT() REPRESENTATION_CONTEXT('2D SPACE',''
  ) );
#9300 = PCURVE('',#7377,#9301);
#9301 = DEFINITIONAL_REPRESENTATION('',(#9302),#9306);
#9302 = LINE('',#9303,#9304);
#9303 = CARTESIAN_POINT('',(0.,42.2));
#9304 = VECTOR('',#9305,1.);
#9305 = DIRECTION('',(1.,0.));
#9306 = ( GEOMETRIC_REPRESENTATION_CONTEXT(2) 
PARAMETRIC_REPRESENTATION_CONTEXT() REPRESENTATION_CONTEXT('2D SPACE',''
  ) );
#9307 = ORIENTED_EDGE('',*,*,#9308,.F.);
#9308 = EDGE_CURVE('',#9309,#9286,#9311,.T.);
#9309 = VERTEX_POINT('',#9310);
#9310 = CARTESIAN_POINT('',(17.55,26.6,-5.6));
#9311 = SURFACE_CURVE('',#9312,(#9316,#9323),.PCURVE_S1.);
#9312 = LINE('',#9313,#9314);
#9313 = CARTESIAN_POINT('',(17.55,26.6,-5.6));
#9314 = VECTOR('',#9315,1.);
#9315 = DIRECTION('',(0.,0.,1.));
#9316 = PCURVE('',#6990,#9317);
#9317 = DEFINITIONAL_REPRESENTATION('',(#9318),#9322);
#9318 = LINE('',#9319,#9320);
#9319 = CARTESIAN_POINT('',(0.,35.1));
#9320 = VECTOR('',#9321,1.);
#9321 = DIRECTION('',(1.,0.));
#9322 = ( GEOMETRIC_REPRESENTATION_CONTEXT(2) 
PARAMETRIC_REPRESENTATION_CONTEXT() REPRESENTATION_CONTEXT('2D SPACE',''
  ) );
#9323 = PCURVE('',#9324,#9329);
#9324 = CYLINDRICAL_SURFACE('',#9325,3.);
#9325 = AXIS2_PLACEMENT_3D('',#9326,#9327,#9328);
#9326 = CARTESIAN_POINT('',(17.55,23.6,-5.6));
#9327 = DIRECTION('',(0.,0.,1.));
#9328 = DIRECTION('',(1.,0.,-0.));
#9329 = DEFINITIONAL_REPRESENTATION('',(#9330),#9334);
#9330 = LINE('',#9331,#9332);
#9331 = CARTESIAN_POINT('',(1.570796326795,0.));
#9332 = VECTOR('',#9333,1.);
#9333 = DIRECTION('',(0.,1.));
#9334 = ( GEOMETRIC_REPRESENTATION_CONTEXT(2) 
PARAMETRIC_REPRESENTATION_CONTEXT() REPRESENTATION_CONTEXT('2D SPACE',''
  ) );
#9335 = ORIENTED_EDGE('',*,*,#9336,.F.);
#9336 = EDGE_CURVE('',#7095,#9309,#9337,.T.);
#9337 = SURFACE_CURVE('',#9338,(#9342,#9349),.PCURVE_S1.);
#9338 = LINE('',#9339,#9340);
#9339 = CARTESIAN_POINT('',(-17.55,26.6,-5.6));
#9340 = VECTOR('',#9341,1.);
#9341 = DIRECTION('',(1.,0.,-0.));
#9342 = PCURVE('',#6990,#9343);
#9343 = DEFINITIONAL_REPRESENTATION('',(#9344),#9348);
#9344 = LINE('',#9345,#9346);
#9345 = CARTESIAN_POINT('',(0.,0.));
#9346 = VECTOR('',#9347,1.);
#9347 = DIRECTION('',(0.,1.));
#9348 = ( GEOMETRIC_REPRESENTATION_CONTEXT(2) 
PARAMETRIC_REPRESENTATION_CONTEXT() REPRESENTATION_CONTEXT('2D SPACE',''
  ) );
#9349 = PCURVE('',#7109,#9350);
#9350 = DEFINITIONAL_REPRESENTATION('',(#9351),#9355);
#9351 = LINE('',#9352,#9353);
#9352 = CARTESIAN_POINT('',(0.,42.2));
#9353 = VECTOR('',#9354,1.);
#9354 = DIRECTION('',(1.,0.));
#9355 = ( GEOMETRIC_REPRESENTATION_CONTEXT(2) 
PARAMETRIC_REPRESENTATION_CONTEXT() REPRESENTATION_CONTEXT('2D SPACE',''
  ) );
#9356 = ORIENTED_EDGE('',*,*,#7120,.F.);
#9357 = ORIENTED_EDGE('',*,*,#7050,.F.);
#9358 = ORIENTED_EDGE('',*,*,#6975,.T.);
#9359 = FACE_BOUND('',#9360,.T.);
#9360 = EDGE_LOOP('',(#9361,#9389,#9415,#9441));
#9361 = ORIENTED_EDGE('',*,*,#9362,.F.);
#9362 = EDGE_CURVE('',#9363,#9365,#9367,.T.);
#9363 = VERTEX_POINT('',#9364);
#9364 = CARTESIAN_POINT('',(-11.75,26.6,-3.1));
#9365 = VERTEX_POINT('',#9366);
#9366 = CARTESIAN_POINT('',(-9.25,26.6,-3.1));
#9367 = SURFACE_CURVE('',#9368,(#9372,#9378),.PCURVE_S1.);
#9368 = LINE('',#9369,#9370);
#9369 = CARTESIAN_POINT('',(-14.65,26.6,-3.1));
#9370 = VECTOR('',#9371,1.);
#9371 = DIRECTION('',(1.,0.,-0.));
#9372 = PCURVE('',#6990,#9373);
#9373 = DEFINITIONAL_REPRESENTATION('',(#9374),#9377);
#9374 = B_SPLINE_CURVE_WITH_KNOTS('',1,(#9375,#9376),.UNSPECIFIED.,.F.,
  .F.,(2,2),(2.9,5.4),.PIECEWISE_BEZIER_KNOTS.);
#9375 = CARTESIAN_POINT('',(2.5,5.8));
#9376 = CARTESIAN_POINT('',(2.5,8.3));
#9377 = ( GEOMETRIC_REPRESENTATION_CONTEXT(2) 
PARAMETRIC_REPRESENTATION_CONTEXT() REPRESENTATION_CONTEXT('2D SPACE',''
  ) );
#9378 = PCURVE('',#9379,#9384);
#9379 = PLANE('',#9380);
#9380 = AXIS2_PLACEMENT_3D('',#9381,#9382,#9383);
#9381 = CARTESIAN_POINT('',(-11.75,22.6,-3.1));
#9382 = DIRECTION('',(0.,0.,1.));
#9383 = DIRECTION('',(1.,0.,-0.));
#9384 = DEFINITIONAL_REPRESENTATION('',(#9385),#9388);
#9385 = B_SPLINE_CURVE_WITH_KNOTS('',1,(#9386,#9387),.UNSPECIFIED.,.F.,
  .F.,(2,2),(2.9,5.4),.PIECEWISE_BEZIER_KNOTS.);
#9386 = CARTESIAN_POINT('',(0.,4.));
#9387 = CARTESIAN_POINT('',(2.5,4.));
#9388 = ( GEOMETRIC_REPRESENTATION_CONTEXT(2) 
PARAMETRIC_REPRESENTATION_CONTEXT() REPRESENTATION_CONTEXT('2D SPACE',''
  ) );
#9389 = ORIENTED_EDGE('',*,*,#9390,.T.);
#9390 = EDGE_CURVE('',#9363,#9391,#9393,.T.);
#9391 = VERTEX_POINT('',#9392);
#9392 = CARTESIAN_POINT('',(-11.75,26.6,-4.6));
#9393 = SURFACE_CURVE('',#9394,(#9398,#9404),.PCURVE_S1.);
#9394 = LINE('',#9395,#9396);
#9395 = CARTESIAN_POINT('',(-11.75,26.6,-5.1));
#9396 = VECTOR('',#9397,1.);
#9397 = DIRECTION('',(-0.,0.,-1.));
#9398 = PCURVE('',#6990,#9399);
#9399 = DEFINITIONAL_REPRESENTATION('',(#9400),#9403);
#9400 = B_SPLINE_CURVE_WITH_KNOTS('',1,(#9401,#9402),.UNSPECIFIED.,.F.,
  .F.,(2,2),(-2.,-0.5),.PIECEWISE_BEZIER_KNOTS.);
#9401 = CARTESIAN_POINT('',(2.5,5.8));
#9402 = CARTESIAN_POINT('',(1.,5.8));
#9403 = ( GEOMETRIC_REPRESENTATION_CONTEXT(2) 
PARAMETRIC_REPRESENTATION_CONTEXT() REPRESENTATION_CONTEXT('2D SPACE',''
  ) );
#9404 = PCURVE('',#9405,#9410);
#9405 = PLANE('',#9406);
#9406 = AXIS2_PLACEMENT_3D('',#9407,#9408,#9409);
#9407 = CARTESIAN_POINT('',(-11.75,22.6,-4.6));
#9408 = DIRECTION('',(1.,0.,-0.));
#9409 = DIRECTION('',(0.,0.,1.));
#9410 = DEFINITIONAL_REPRESENTATION('',(#9411),#9414);
#9411 = B_SPLINE_CURVE_WITH_KNOTS('',1,(#9412,#9413),.UNSPECIFIED.,.F.,
  .F.,(2,2),(-2.,-0.5),.PIECEWISE_BEZIER_KNOTS.);
#9412 = CARTESIAN_POINT('',(1.5,-4.));
#9413 = CARTESIAN_POINT('',(0.,-4.));
#9414 = ( GEOMETRIC_REPRESENTATION_CONTEXT(2) 
PARAMETRIC_REPRESENTATION_CONTEXT() REPRESENTATION_CONTEXT('2D SPACE',''
  ) );
#9415 = ORIENTED_EDGE('',*,*,#9416,.T.);
#9416 = EDGE_CURVE('',#9391,#9417,#9419,.T.);
#9417 = VERTEX_POINT('',#9418);
#9418 = CARTESIAN_POINT('',(-9.25,26.6,-4.6));
#9419 = SURFACE_CURVE('',#9420,(#9424,#9430),.PCURVE_S1.);
#9420 = LINE('',#9421,#9422);
#9421 = CARTESIAN_POINT('',(-14.65,26.6,-4.6));
#9422 = VECTOR('',#9423,1.);
#9423 = DIRECTION('',(1.,0.,-0.));
#9424 = PCURVE('',#6990,#9425);
#9425 = DEFINITIONAL_REPRESENTATION('',(#9426),#9429);
#9426 = B_SPLINE_CURVE_WITH_KNOTS('',1,(#9427,#9428),.UNSPECIFIED.,.F.,
  .F.,(2,2),(2.9,5.4),.PIECEWISE_BEZIER_KNOTS.);
#9427 = CARTESIAN_POINT('',(1.,5.8));
#9428 = CARTESIAN_POINT('',(1.,8.3));
#9429 = ( GEOMETRIC_REPRESENTATION_CONTEXT(2) 
PARAMETRIC_REPRESENTATION_CONTEXT() REPRESENTATION_CONTEXT('2D SPACE',''
  ) );
#9430 = PCURVE('',#9431,#9436);
#9431 = PLANE('',#9432);
#9432 = AXIS2_PLACEMENT_3D('',#9433,#9434,#9435);
#9433 = CARTESIAN_POINT('',(-11.75,22.6,-4.6));
#9434 = DIRECTION('',(0.,0.,1.));
#9435 = DIRECTION('',(1.,0.,-0.));
#9436 = DEFINITIONAL_REPRESENTATION('',(#9437),#9440);
#9437 = B_SPLINE_CURVE_WITH_KNOTS('',1,(#9438,#9439),.UNSPECIFIED.,.F.,
  .F.,(2,2),(2.9,5.4),.PIECEWISE_BEZIER_KNOTS.);
#9438 = CARTESIAN_POINT('',(0.,4.));
#9439 = CARTESIAN_POINT('',(2.5,4.));
#9440 = ( GEOMETRIC_REPRESENTATION_CONTEXT(2) 
PARAMETRIC_REPRESENTATION_CONTEXT() REPRESENTATION_CONTEXT('2D SPACE',''
  ) );
#9441 = ORIENTED_EDGE('',*,*,#9442,.F.);
#9442 = EDGE_CURVE('',#9365,#9417,#9443,.T.);
#9443 = SURFACE_CURVE('',#9444,(#9448,#9454),.PCURVE_S1.);
#9444 = LINE('',#9445,#9446);
#9445 = CARTESIAN_POINT('',(-9.25,26.6,-5.1));
#9446 = VECTOR('',#9447,1.);
#9447 = DIRECTION('',(-0.,0.,-1.));
#9448 = PCURVE('',#6990,#9449);
#9449 = DEFINITIONAL_REPRESENTATION('',(#9450),#9453);
#9450 = B_SPLINE_CURVE_WITH_KNOTS('',1,(#9451,#9452),.UNSPECIFIED.,.F.,
  .F.,(2,2),(-2.,-0.5),.PIECEWISE_BEZIER_KNOTS.);
#9451 = CARTESIAN_POINT('',(2.5,8.3));
#9452 = CARTESIAN_POINT('',(1.,8.3));
#9453 = ( GEOMETRIC_REPRESENTATION_CONTEXT(2) 
PARAMETRIC_REPRESENTATION_CONTEXT() REPRESENTATION_CONTEXT('2D SPACE',''
  ) );
#9454 = PCURVE('',#9455,#9460);
#9455 = PLANE('',#9456);
#9456 = AXIS2_PLACEMENT_3D('',#9457,#9458,#9459);
#9457 = CARTESIAN_POINT('',(-9.25,22.6,-4.6));
#9458 = DIRECTION('',(1.,0.,-0.));
#9459 = DIRECTION('',(0.,0.,1.));
#9460 = DEFINITIONAL_REPRESENTATION('',(#9461),#9464);
#9461 = B_SPLINE_CURVE_WITH_KNOTS('',1,(#9462,#9463),.UNSPECIFIED.,.F.,
  .F.,(2,2),(-2.,-0.5),.PIECEWISE_BEZIER_KNOTS.);
#9462 = CARTESIAN_POINT('',(1.5,-4.));
#9463 = CARTESIAN_POINT('',(0.,-4.));
#9464 = ( GEOMETRIC_REPRESENTATION_CONTEXT(2) 
PARAMETRIC_REPRESENTATION_CONTEXT() REPRESENTATION_CONTEXT('2D SPACE',''
  ) );
#9465 = FACE_BOUND('',#9466,.T.);
#9466 = EDGE_LOOP('',(#9467,#9495,#9521,#9547));
#9467 = ORIENTED_EDGE('',*,*,#9468,.F.);
#9468 = EDGE_CURVE('',#9469,#9471,#9473,.T.);
#9469 = VERTEX_POINT('',#9470);
#9470 = CARTESIAN_POINT('',(9.25,26.6,-3.1));
#9471 = VERTEX_POINT('',#9472);
#9472 = CARTESIAN_POINT('',(11.75,26.6,-3.1));
#9473 = SURFACE_CURVE('',#9474,(#9478,#9484),.PCURVE_S1.);
#9474 = LINE('',#9475,#9476);
#9475 = CARTESIAN_POINT('',(-4.15,26.6,-3.1));
#9476 = VECTOR('',#9477,1.);
#9477 = DIRECTION('',(1.,0.,-0.));
#9478 = PCURVE('',#6990,#9479);
#9479 = DEFINITIONAL_REPRESENTATION('',(#9480),#9483);
#9480 = B_SPLINE_CURVE_WITH_KNOTS('',1,(#9481,#9482),.UNSPECIFIED.,.F.,
  .F.,(2,2),(13.4,15.9),.PIECEWISE_BEZIER_KNOTS.);
#9481 = CARTESIAN_POINT('',(2.5,26.8));
#9482 = CARTESIAN_POINT('',(2.5,29.3));
#9483 = ( GEOMETRIC_REPRESENTATION_CONTEXT(2) 
PARAMETRIC_REPRESENTATION_CONTEXT() REPRESENTATION_CONTEXT('2D SPACE',''
  ) );
#9484 = PCURVE('',#9485,#9490);
#9485 = PLANE('',#9486);
#9486 = AXIS2_PLACEMENT_3D('',#9487,#9488,#9489);
#9487 = CARTESIAN_POINT('',(9.25,22.6,-3.1));
#9488 = DIRECTION('',(0.,0.,1.));
#9489 = DIRECTION('',(1.,0.,-0.));
#9490 = DEFINITIONAL_REPRESENTATION('',(#9491),#9494);
#9491 = B_SPLINE_CURVE_WITH_KNOTS('',1,(#9492,#9493),.UNSPECIFIED.,.F.,
  .F.,(2,2),(13.4,15.9),.PIECEWISE_BEZIER_KNOTS.);
#9492 = CARTESIAN_POINT('',(0.,4.));
#9493 = CARTESIAN_POINT('',(2.5,4.));
#9494 = ( GEOMETRIC_REPRESENTATION_CONTEXT(2) 
PARAMETRIC_REPRESENTATION_CONTEXT() REPRESENTATION_CONTEXT('2D SPACE',''
  ) );
#9495 = ORIENTED_EDGE('',*,*,#9496,.T.);
#9496 = EDGE_CURVE('',#9469,#9497,#9499,.T.);
#9497 = VERTEX_POINT('',#9498);
#9498 = CARTESIAN_POINT('',(9.25,26.6,-4.6));
#9499 = SURFACE_CURVE('',#9500,(#9504,#9510),.PCURVE_S1.);
#9500 = LINE('',#9501,#9502);
#9501 = CARTESIAN_POINT('',(9.25,26.6,-5.1));
#9502 = VECTOR('',#9503,1.);
#9503 = DIRECTION('',(-0.,0.,-1.));
#9504 = PCURVE('',#6990,#9505);
#9505 = DEFINITIONAL_REPRESENTATION('',(#9506),#9509);
#9506 = B_SPLINE_CURVE_WITH_KNOTS('',1,(#9507,#9508),.UNSPECIFIED.,.F.,
  .F.,(2,2),(-2.,-0.5),.PIECEWISE_BEZIER_KNOTS.);
#9507 = CARTESIAN_POINT('',(2.5,26.8));
#9508 = CARTESIAN_POINT('',(1.,26.8));
#9509 = ( GEOMETRIC_REPRESENTATION_CONTEXT(2) 
PARAMETRIC_REPRESENTATION_CONTEXT() REPRESENTATION_CONTEXT('2D SPACE',''
  ) );
#9510 = PCURVE('',#9511,#9516);
#9511 = PLANE('',#9512);
#9512 = AXIS2_PLACEMENT_3D('',#9513,#9514,#9515);
#9513 = CARTESIAN_POINT('',(9.25,22.6,-4.6));
#9514 = DIRECTION('',(1.,0.,-0.));
#9515 = DIRECTION('',(0.,0.,1.));
#9516 = DEFINITIONAL_REPRESENTATION('',(#9517),#9520);
#9517 = B_SPLINE_CURVE_WITH_KNOTS('',1,(#9518,#9519),.UNSPECIFIED.,.F.,
  .F.,(2,2),(-2.,-0.5),.PIECEWISE_BEZIER_KNOTS.);
#9518 = CARTESIAN_POINT('',(1.5,-4.));
#9519 = CARTESIAN_POINT('',(0.,-4.));
#9520 = ( GEOMETRIC_REPRESENTATION_CONTEXT(2) 
PARAMETRIC_REPRESENTATION_CONTEXT() REPRESENTATION_CONTEXT('2D SPACE',''
  ) );
#9521 = ORIENTED_EDGE('',*,*,#9522,.T.);
#9522 = EDGE_CURVE('',#9497,#9523,#9525,.T.);
#9523 = VERTEX_POINT('',#9524);
#9524 = CARTESIAN_POINT('',(11.75,26.6,-4.6));
#9525 = SURFACE_CURVE('',#9526,(#9530,#9536),.PCURVE_S1.);
#9526 = LINE('',#9527,#9528);
#9527 = CARTESIAN_POINT('',(-4.15,26.6,-4.6));
#9528 = VECTOR('',#9529,1.);
#9529 = DIRECTION('',(1.,0.,-0.));
#9530 = PCURVE('',#6990,#9531);
#9531 = DEFINITIONAL_REPRESENTATION('',(#9532),#9535);
#9532 = B_SPLINE_CURVE_WITH_KNOTS('',1,(#9533,#9534),.UNSPECIFIED.,.F.,
  .F.,(2,2),(13.4,15.9),.PIECEWISE_BEZIER_KNOTS.);
#9533 = CARTESIAN_POINT('',(1.,26.8));
#9534 = CARTESIAN_POINT('',(1.,29.3));
#9535 = ( GEOMETRIC_REPRESENTATION_CONTEXT(2) 
PARAMETRIC_REPRESENTATION_CONTEXT() REPRESENTATION_CONTEXT('2D SPACE',''
  ) );
#9536 = PCURVE('',#9537,#9542);
#9537 = PLANE('',#9538);
#9538 = AXIS2_PLACEMENT_3D('',#9539,#9540,#9541);
#9539 = CARTESIAN_POINT('',(9.25,22.6,-4.6));
#9540 = DIRECTION('',(0.,0.,1.));
#9541 = DIRECTION('',(1.,0.,-0.));
#9542 = DEFINITIONAL_REPRESENTATION('',(#9543),#9546);
#9543 = B_SPLINE_CURVE_WITH_KNOTS('',1,(#9544,#9545),.UNSPECIFIED.,.F.,
  .F.,(2,2),(13.4,15.9),.PIECEWISE_BEZIER_KNOTS.);
#9544 = CARTESIAN_POINT('',(0.,4.));
#9545 = CARTESIAN_POINT('',(2.5,4.));
#9546 = ( GEOMETRIC_REPRESENTATION_CONTEXT(2) 
PARAMETRIC_REPRESENTATION_CONTEXT() REPRESENTATION_CONTEXT('2D SPACE',''
  ) );
#9547 = ORIENTED_EDGE('',*,*,#9548,.F.);
#9548 = EDGE_CURVE('',#9471,#9523,#9549,.T.);
#9549 = SURFACE_CURVE('',#9550,(#9554,#9560),.PCURVE_S1.);
#9550 = LINE('',#9551,#9552);
#9551 = CARTESIAN_POINT('',(11.75,26.6,-5.1));
#9552 = VECTOR('',#9553,1.);
#9553 = DIRECTION('',(-0.,0.,-1.));
#9554 = PCURVE('',#6990,#9555);
#9555 = DEFINITIONAL_REPRESENTATION('',(#9556),#9559);
#9556 = B_SPLINE_CURVE_WITH_KNOTS('',1,(#9557,#9558),.UNSPECIFIED.,.F.,
  .F.,(2,2),(-2.,-0.5),.PIECEWISE_BEZIER_KNOTS.);
#9557 = CARTESIAN_POINT('',(2.5,29.3));
#9558 = CARTESIAN_POINT('',(1.,29.3));
#9559 = ( GEOMETRIC_REPRESENTATION_CONTEXT(2) 
PARAMETRIC_REPRESENTATION_CONTEXT() REPRESENTATION_CONTEXT('2D SPACE',''
  ) );
#9560 = PCURVE('',#9561,#9566);
#9561 = PLANE('',#9562);
#9562 = AXIS2_PLACEMENT_3D('',#9563,#9564,#9565);
#9563 = CARTESIAN_POINT('',(11.75,22.6,-4.6));
#9564 = DIRECTION('',(1.,0.,-0.));
#9565 = DIRECTION('',(0.,0.,1.));
#9566 = DEFINITIONAL_REPRESENTATION('',(#9567),#9570);
#9567 = B_SPLINE_CURVE_WITH_KNOTS('',1,(#9568,#9569),.UNSPECIFIED.,.F.,
  .F.,(2,2),(-2.,-0.5),.PIECEWISE_BEZIER_KNOTS.);
#9568 = CARTESIAN_POINT('',(1.5,-4.));
#9569 = CARTESIAN_POINT('',(0.,-4.));
#9570 = ( GEOMETRIC_REPRESENTATION_CONTEXT(2) 
PARAMETRIC_REPRESENTATION_CONTEXT() REPRESENTATION_CONTEXT('2D SPACE',''
  ) );
#9571 = ADVANCED_FACE('',(#9572),#7109,.F.);
#9572 = FACE_BOUND('',#9573,.F.);
#9573 = EDGE_LOOP('',(#9574,#9596,#9597,#9598));
#9574 = ORIENTED_EDGE('',*,*,#9575,.F.);
#9575 = EDGE_CURVE('',#9309,#7146,#9576,.T.);
#9576 = SURFACE_CURVE('',#9577,(#9582,#9589),.PCURVE_S1.);
#9577 = CIRCLE('',#9578,3.);
#9578 = AXIS2_PLACEMENT_3D('',#9579,#9580,#9581);
#9579 = CARTESIAN_POINT('',(17.55,23.6,-5.6));
#9580 = DIRECTION('',(0.,0.,1.));
#9581 = DIRECTION('',(1.,0.,-0.));
#9582 = PCURVE('',#7109,#9583);
#9583 = DEFINITIONAL_REPRESENTATION('',(#9584),#9588);
#9584 = CIRCLE('',#9585,3.);
#9585 = AXIS2_PLACEMENT_2D('',#9586,#9587);
#9586 = CARTESIAN_POINT('',(35.1,39.2));
#9587 = DIRECTION('',(1.,0.));
#9588 = ( GEOMETRIC_REPRESENTATION_CONTEXT(2) 
PARAMETRIC_REPRESENTATION_CONTEXT() REPRESENTATION_CONTEXT('2D SPACE',''
  ) );
#9589 = PCURVE('',#7209,#9590);
#9590 = DEFINITIONAL_REPRESENTATION('',(#9591),#9595);
#9591 = CIRCLE('',#9592,3.);
#9592 = AXIS2_PLACEMENT_2D('',#9593,#9594);
#9593 = CARTESIAN_POINT('',(35.1,39.2));
#9594 = DIRECTION('',(1.,0.));
#9595 = ( GEOMETRIC_REPRESENTATION_CONTEXT(2) 
PARAMETRIC_REPRESENTATION_CONTEXT() REPRESENTATION_CONTEXT('2D SPACE',''
  ) );
#9596 = ORIENTED_EDGE('',*,*,#9336,.F.);
#9597 = ORIENTED_EDGE('',*,*,#7094,.F.);
#9598 = ORIENTED_EDGE('',*,*,#7169,.T.);
#9599 = ADVANCED_FACE('',(#9600),#7209,.F.);
#9600 = FACE_BOUND('',#9601,.F.);
#9601 = EDGE_LOOP('',(#9602,#9623,#9624));
#9602 = ORIENTED_EDGE('',*,*,#9603,.T.);
#9603 = EDGE_CURVE('',#7194,#9309,#9604,.T.);
#9604 = SURFACE_CURVE('',#9605,(#9609,#9616),.PCURVE_S1.);
#9605 = LINE('',#9606,#9607);
#9606 = CARTESIAN_POINT('',(17.55,-15.6,-5.6));
#9607 = VECTOR('',#9608,1.);
#9608 = DIRECTION('',(-0.,1.,0.));
#9609 = PCURVE('',#7209,#9610);
#9610 = DEFINITIONAL_REPRESENTATION('',(#9611),#9615);
#9611 = LINE('',#9612,#9613);
#9612 = CARTESIAN_POINT('',(35.1,0.));
#9613 = VECTOR('',#9614,1.);
#9614 = DIRECTION('',(0.,1.));
#9615 = ( GEOMETRIC_REPRESENTATION_CONTEXT(2) 
PARAMETRIC_REPRESENTATION_CONTEXT() REPRESENTATION_CONTEXT('2D SPACE',''
  ) );
#9616 = PCURVE('',#7263,#9617);
#9617 = DEFINITIONAL_REPRESENTATION('',(#9618),#9622);
#9618 = LINE('',#9619,#9620);
#9619 = CARTESIAN_POINT('',(0.,-39.2));
#9620 = VECTOR('',#9621,1.);
#9621 = DIRECTION('',(0.,1.));
#9622 = ( GEOMETRIC_REPRESENTATION_CONTEXT(2) 
PARAMETRIC_REPRESENTATION_CONTEXT() REPRESENTATION_CONTEXT('2D SPACE',''
  ) );
#9623 = ORIENTED_EDGE('',*,*,#9575,.T.);
#9624 = ORIENTED_EDGE('',*,*,#7193,.T.);
#9625 = ADVANCED_FACE('',(#9626),#7263,.F.);
#9626 = FACE_BOUND('',#9627,.F.);
#9627 = EDGE_LOOP('',(#9628,#9629,#9651));
#9628 = ORIENTED_EDGE('',*,*,#7247,.T.);
#9629 = ORIENTED_EDGE('',*,*,#9630,.T.);
#9630 = EDGE_CURVE('',#7248,#9309,#9631,.T.);
#9631 = SURFACE_CURVE('',#9632,(#9637,#9644),.PCURVE_S1.);
#9632 = CIRCLE('',#9633,3.);
#9633 = AXIS2_PLACEMENT_3D('',#9634,#9635,#9636);
#9634 = CARTESIAN_POINT('',(17.55,23.6,-5.6));
#9635 = DIRECTION('',(0.,0.,1.));
#9636 = DIRECTION('',(1.,0.,-0.));
#9637 = PCURVE('',#7263,#9638);
#9638 = DEFINITIONAL_REPRESENTATION('',(#9639),#9643);
#9639 = CIRCLE('',#9640,3.);
#9640 = AXIS2_PLACEMENT_2D('',#9641,#9642);
#9641 = CARTESIAN_POINT('',(0.,0.));
#9642 = DIRECTION('',(1.,0.));
#9643 = ( GEOMETRIC_REPRESENTATION_CONTEXT(2) 
PARAMETRIC_REPRESENTATION_CONTEXT() REPRESENTATION_CONTEXT('2D SPACE',''
  ) );
#9644 = PCURVE('',#9324,#9645);
#9645 = DEFINITIONAL_REPRESENTATION('',(#9646),#9650);
#9646 = LINE('',#9647,#9648);
#9647 = CARTESIAN_POINT('',(0.,0.));
#9648 = VECTOR('',#9649,1.);
#9649 = DIRECTION('',(1.,0.));
#9650 = ( GEOMETRIC_REPRESENTATION_CONTEXT(2) 
PARAMETRIC_REPRESENTATION_CONTEXT() REPRESENTATION_CONTEXT('2D SPACE',''
  ) );
#9651 = ORIENTED_EDGE('',*,*,#9603,.F.);
#9652 = ADVANCED_FACE('',(#9653),#7404,.T.);
#9653 = FACE_BOUND('',#9654,.T.);
#9654 = EDGE_LOOP('',(#9655,#9656,#9657));
#9655 = ORIENTED_EDGE('',*,*,#8633,.F.);
#9656 = ORIENTED_EDGE('',*,*,#7389,.T.);
#9657 = ORIENTED_EDGE('',*,*,#9658,.F.);
#9658 = EDGE_CURVE('',#8605,#7362,#9659,.T.);
#9659 = SURFACE_CURVE('',#9660,(#9664,#9671),.PCURVE_S1.);
#9660 = LINE('',#9661,#9662);
#9661 = CARTESIAN_POINT('',(-20.55,23.6,0.));
#9662 = VECTOR('',#9663,1.);
#9663 = DIRECTION('',(1.,0.,-0.));
#9664 = PCURVE('',#7404,#9665);
#9665 = DEFINITIONAL_REPRESENTATION('',(#9666),#9670);
#9666 = LINE('',#9667,#9668);
#9667 = CARTESIAN_POINT('',(-3.,39.2));
#9668 = VECTOR('',#9669,1.);
#9669 = DIRECTION('',(1.,0.));
#9670 = ( GEOMETRIC_REPRESENTATION_CONTEXT(2) 
PARAMETRIC_REPRESENTATION_CONTEXT() REPRESENTATION_CONTEXT('2D SPACE',''
  ) );
#9671 = PCURVE('',#9672,#9677);
#9672 = PLANE('',#9673);
#9673 = AXIS2_PLACEMENT_3D('',#9674,#9675,#9676);
#9674 = CARTESIAN_POINT('',(-17.55,-15.6,0.));
#9675 = DIRECTION('',(0.,0.,1.));
#9676 = DIRECTION('',(1.,0.,-0.));
#9677 = DEFINITIONAL_REPRESENTATION('',(#9678),#9682);
#9678 = LINE('',#9679,#9680);
#9679 = CARTESIAN_POINT('',(-3.,39.2));
#9680 = VECTOR('',#9681,1.);
#9681 = DIRECTION('',(1.,0.));
#9682 = ( GEOMETRIC_REPRESENTATION_CONTEXT(2) 
PARAMETRIC_REPRESENTATION_CONTEXT() REPRESENTATION_CONTEXT('2D SPACE',''
  ) );
#9683 = ADVANCED_FACE('',(#9684),#7377,.T.);
#9684 = FACE_BOUND('',#9685,.T.);
#9685 = EDGE_LOOP('',(#9686,#9713,#9714,#9736));
#9686 = ORIENTED_EDGE('',*,*,#9687,.F.);
#9687 = EDGE_CURVE('',#9286,#7333,#9688,.T.);
#9688 = SURFACE_CURVE('',#9689,(#9694,#9701),.PCURVE_S1.);
#9689 = CIRCLE('',#9690,3.);
#9690 = AXIS2_PLACEMENT_3D('',#9691,#9692,#9693);
#9691 = CARTESIAN_POINT('',(17.55,23.6,0.));
#9692 = DIRECTION('',(0.,0.,1.));
#9693 = DIRECTION('',(1.,0.,-0.));
#9694 = PCURVE('',#7377,#9695);
#9695 = DEFINITIONAL_REPRESENTATION('',(#9696),#9700);
#9696 = CIRCLE('',#9697,3.);
#9697 = AXIS2_PLACEMENT_2D('',#9698,#9699);
#9698 = CARTESIAN_POINT('',(35.1,39.2));
#9699 = DIRECTION('',(1.,0.));
#9700 = ( GEOMETRIC_REPRESENTATION_CONTEXT(2) 
PARAMETRIC_REPRESENTATION_CONTEXT() REPRESENTATION_CONTEXT('2D SPACE',''
  ) );
#9701 = PCURVE('',#9702,#9707);
#9702 = PLANE('',#9703);
#9703 = AXIS2_PLACEMENT_3D('',#9704,#9705,#9706);
#9704 = CARTESIAN_POINT('',(-17.55,-15.6,0.));
#9705 = DIRECTION('',(0.,0.,1.));
#9706 = DIRECTION('',(1.,0.,-0.));
#9707 = DEFINITIONAL_REPRESENTATION('',(#9708),#9712);
#9708 = CIRCLE('',#9709,3.);
#9709 = AXIS2_PLACEMENT_2D('',#9710,#9711);
#9710 = CARTESIAN_POINT('',(35.1,39.2));
#9711 = DIRECTION('',(1.,0.));
#9712 = ( GEOMETRIC_REPRESENTATION_CONTEXT(2) 
PARAMETRIC_REPRESENTATION_CONTEXT() REPRESENTATION_CONTEXT('2D SPACE',''
  ) );
#9713 = ORIENTED_EDGE('',*,*,#9285,.F.);
#9714 = ORIENTED_EDGE('',*,*,#9715,.F.);
#9715 = EDGE_CURVE('',#7362,#9263,#9716,.T.);
#9716 = SURFACE_CURVE('',#9717,(#9722,#9729),.PCURVE_S1.);
#9717 = CIRCLE('',#9718,3.);
#9718 = AXIS2_PLACEMENT_3D('',#9719,#9720,#9721);
#9719 = CARTESIAN_POINT('',(-17.55,23.6,0.));
#9720 = DIRECTION('',(0.,0.,1.));
#9721 = DIRECTION('',(1.,0.,-0.));
#9722 = PCURVE('',#7377,#9723);
#9723 = DEFINITIONAL_REPRESENTATION('',(#9724),#9728);
#9724 = CIRCLE('',#9725,3.);
#9725 = AXIS2_PLACEMENT_2D('',#9726,#9727);
#9726 = CARTESIAN_POINT('',(0.,39.2));
#9727 = DIRECTION('',(1.,0.));
#9728 = ( GEOMETRIC_REPRESENTATION_CONTEXT(2) 
PARAMETRIC_REPRESENTATION_CONTEXT() REPRESENTATION_CONTEXT('2D SPACE',''
  ) );
#9729 = PCURVE('',#9672,#9730);
#9730 = DEFINITIONAL_REPRESENTATION('',(#9731),#9735);
#9731 = CIRCLE('',#9732,3.);
#9732 = AXIS2_PLACEMENT_2D('',#9733,#9734);
#9733 = CARTESIAN_POINT('',(0.,39.2));
#9734 = DIRECTION('',(1.,0.));
#9735 = ( GEOMETRIC_REPRESENTATION_CONTEXT(2) 
PARAMETRIC_REPRESENTATION_CONTEXT() REPRESENTATION_CONTEXT('2D SPACE',''
  ) );
#9736 = ORIENTED_EDGE('',*,*,#7361,.T.);
#9737 = ADVANCED_FACE('',(#9738),#7349,.T.);
#9738 = FACE_BOUND('',#9739,.T.);
#9739 = EDGE_LOOP('',(#9740,#9763,#9764));
#9740 = ORIENTED_EDGE('',*,*,#9741,.F.);
#9741 = EDGE_CURVE('',#7333,#9742,#9744,.T.);
#9742 = VERTEX_POINT('',#9743);
#9743 = CARTESIAN_POINT('',(17.55,23.6,0.));
#9744 = SURFACE_CURVE('',#9745,(#9749,#9756),.PCURVE_S1.);
#9745 = LINE('',#9746,#9747);
#9746 = CARTESIAN_POINT('',(-20.55,23.6,0.));
#9747 = VECTOR('',#9748,1.);
#9748 = DIRECTION('',(1.,0.,-0.));
#9749 = PCURVE('',#7349,#9750);
#9750 = DEFINITIONAL_REPRESENTATION('',(#9751),#9755);
#9751 = LINE('',#9752,#9753);
#9752 = CARTESIAN_POINT('',(-3.,39.2));
#9753 = VECTOR('',#9754,1.);
#9754 = DIRECTION('',(1.,0.));
#9755 = ( GEOMETRIC_REPRESENTATION_CONTEXT(2) 
PARAMETRIC_REPRESENTATION_CONTEXT() REPRESENTATION_CONTEXT('2D SPACE',''
  ) );
#9756 = PCURVE('',#9702,#9757);
#9757 = DEFINITIONAL_REPRESENTATION('',(#9758),#9762);
#9758 = LINE('',#9759,#9760);
#9759 = CARTESIAN_POINT('',(-3.,39.2));
#9760 = VECTOR('',#9761,1.);
#9761 = DIRECTION('',(1.,0.));
#9762 = ( GEOMETRIC_REPRESENTATION_CONTEXT(2) 
PARAMETRIC_REPRESENTATION_CONTEXT() REPRESENTATION_CONTEXT('2D SPACE',''
  ) );
#9763 = ORIENTED_EDGE('',*,*,#7332,.T.);
#9764 = ORIENTED_EDGE('',*,*,#9765,.T.);
#9765 = EDGE_CURVE('',#7310,#9742,#9766,.T.);
#9766 = SURFACE_CURVE('',#9767,(#9771,#9778),.PCURVE_S1.);
#9767 = LINE('',#9768,#9769);
#9768 = CARTESIAN_POINT('',(17.55,-15.6,0.));
#9769 = VECTOR('',#9770,1.);
#9770 = DIRECTION('',(-0.,1.,0.));
#9771 = PCURVE('',#7349,#9772);
#9772 = DEFINITIONAL_REPRESENTATION('',(#9773),#9777);
#9773 = LINE('',#9774,#9775);
#9774 = CARTESIAN_POINT('',(35.1,0.));
#9775 = VECTOR('',#9776,1.);
#9776 = DIRECTION('',(0.,1.));
#9777 = ( GEOMETRIC_REPRESENTATION_CONTEXT(2) 
PARAMETRIC_REPRESENTATION_CONTEXT() REPRESENTATION_CONTEXT('2D SPACE',''
  ) );
#9778 = PCURVE('',#7996,#9779);
#9779 = DEFINITIONAL_REPRESENTATION('',(#9780),#9784);
#9780 = LINE('',#9781,#9782);
#9781 = CARTESIAN_POINT('',(38.1,-3.));
#9782 = VECTOR('',#9783,1.);
#9783 = DIRECTION('',(0.,1.));
#9784 = ( GEOMETRIC_REPRESENTATION_CONTEXT(2) 
PARAMETRIC_REPRESENTATION_CONTEXT() REPRESENTATION_CONTEXT('2D SPACE',''
  ) );
#9785 = ADVANCED_FACE('',(#9786),#7853,.T.);
#9786 = FACE_BOUND('',#9787,.T.);
#9787 = EDGE_LOOP('',(#9788,#9807,#9808,#9828));
#9788 = ORIENTED_EDGE('',*,*,#9789,.F.);
#9789 = EDGE_CURVE('',#7816,#6114,#9790,.T.);
#9790 = SURFACE_CURVE('',#9791,(#9795,#9801),.PCURVE_S1.);
#9791 = LINE('',#9792,#9793);
#9792 = CARTESIAN_POINT('',(20.55,3.788139384975,-5.6));
#9793 = VECTOR('',#9794,1.);
#9794 = DIRECTION('',(0.,0.,1.));
#9795 = PCURVE('',#7853,#9796);
#9796 = DEFINITIONAL_REPRESENTATION('',(#9797),#9800);
#9797 = B_SPLINE_CURVE_WITH_KNOTS('',1,(#9798,#9799),.UNSPECIFIED.,.F.,
  .F.,(2,2),(-5.999999999062E-07,5.6000006),.PIECEWISE_BEZIER_KNOTS.);
#9798 = CARTESIAN_POINT('',(-5.999999999062E-07,-16.38813938497));
#9799 = CARTESIAN_POINT('',(5.6000006,-16.38813938497));
#9800 = ( GEOMETRIC_REPRESENTATION_CONTEXT(2) 
PARAMETRIC_REPRESENTATION_CONTEXT() REPRESENTATION_CONTEXT('2D SPACE',''
  ) );
#9801 = PCURVE('',#8454,#9802);
#9802 = DEFINITIONAL_REPRESENTATION('',(#9803),#9806);
#9803 = B_SPLINE_CURVE_WITH_KNOTS('',1,(#9804,#9805),.UNSPECIFIED.,.F.,
  .F.,(2,2),(-5.999999999062E-07,5.6000006),.PIECEWISE_BEZIER_KNOTS.);
#9804 = CARTESIAN_POINT('',(1.649825935124,-5.999999999062E-07));
#9805 = CARTESIAN_POINT('',(1.649825935124,5.6000006));
#9806 = ( GEOMETRIC_REPRESENTATION_CONTEXT(2) 
PARAMETRIC_REPRESENTATION_CONTEXT() REPRESENTATION_CONTEXT('2D SPACE',''
  ) );
#9807 = ORIENTED_EDGE('',*,*,#7839,.T.);
#9808 = ORIENTED_EDGE('',*,*,#9809,.T.);
#9809 = EDGE_CURVE('',#7248,#7959,#9810,.T.);
#9810 = SURFACE_CURVE('',#9811,(#9815,#9822),.PCURVE_S1.);
#9811 = LINE('',#9812,#9813);
#9812 = CARTESIAN_POINT('',(20.55,23.6,-5.6));
#9813 = VECTOR('',#9814,1.);
#9814 = DIRECTION('',(0.,0.,1.));
#9815 = PCURVE('',#7853,#9816);
#9816 = DEFINITIONAL_REPRESENTATION('',(#9817),#9821);
#9817 = LINE('',#9818,#9819);
#9818 = CARTESIAN_POINT('',(0.,-36.2));
#9819 = VECTOR('',#9820,1.);
#9820 = DIRECTION('',(1.,0.));
#9821 = ( GEOMETRIC_REPRESENTATION_CONTEXT(2) 
PARAMETRIC_REPRESENTATION_CONTEXT() REPRESENTATION_CONTEXT('2D SPACE',''
  ) );
#9822 = PCURVE('',#9324,#9823);
#9823 = DEFINITIONAL_REPRESENTATION('',(#9824),#9827);
#9824 = B_SPLINE_CURVE_WITH_KNOTS('',1,(#9825,#9826),.UNSPECIFIED.,.F.,
  .F.,(2,2),(0.,5.6),.PIECEWISE_BEZIER_KNOTS.);
#9825 = CARTESIAN_POINT('',(0.,0.));
#9826 = CARTESIAN_POINT('',(0.,5.6));
#9827 = ( GEOMETRIC_REPRESENTATION_CONTEXT(2) 
PARAMETRIC_REPRESENTATION_CONTEXT() REPRESENTATION_CONTEXT('2D SPACE',''
  ) );
#9828 = ORIENTED_EDGE('',*,*,#7958,.F.);
#9829 = ADVANCED_FACE('',(#9830),#7907,.F.);
#9830 = FACE_BOUND('',#9831,.F.);
#9831 = EDGE_LOOP('',(#9832,#9862,#9884,#9885,#9886,#9914));
#9832 = ORIENTED_EDGE('',*,*,#9833,.T.);
#9833 = EDGE_CURVE('',#9834,#9836,#9838,.T.);
#9834 = VERTEX_POINT('',#9835);
#9835 = CARTESIAN_POINT('',(20.85,1.057118725593,-5.6));
#9836 = VERTEX_POINT('',#9837);
#9837 = CARTESIAN_POINT('',(20.85,3.8,-5.6));
#9838 = SURFACE_CURVE('',#9839,(#9843,#9850),.PCURVE_S1.);
#9839 = LINE('',#9840,#9841);
#9840 = CARTESIAN_POINT('',(20.85,-3.8,-5.6));
#9841 = VECTOR('',#9842,1.);
#9842 = DIRECTION('',(-0.,1.,0.));
#9843 = PCURVE('',#7907,#9844);
#9844 = DEFINITIONAL_REPRESENTATION('',(#9845),#9849);
#9845 = LINE('',#9846,#9847);
#9846 = CARTESIAN_POINT('',(0.,-3.8));
#9847 = VECTOR('',#9848,1.);
#9848 = DIRECTION('',(0.,1.));
#9849 = ( GEOMETRIC_REPRESENTATION_CONTEXT(2) 
PARAMETRIC_REPRESENTATION_CONTEXT() REPRESENTATION_CONTEXT('2D SPACE',''
  ) );
#9850 = PCURVE('',#9851,#9856);
#9851 = PLANE('',#9852);
#9852 = AXIS2_PLACEMENT_3D('',#9853,#9854,#9855);
#9853 = CARTESIAN_POINT('',(20.85,-3.8,-5.6));
#9854 = DIRECTION('',(0.,0.,1.));
#9855 = DIRECTION('',(1.,0.,-0.));
#9856 = DEFINITIONAL_REPRESENTATION('',(#9857),#9861);
#9857 = LINE('',#9858,#9859);
#9858 = CARTESIAN_POINT('',(0.,0.));
#9859 = VECTOR('',#9860,1.);
#9860 = DIRECTION('',(0.,1.));
#9861 = ( GEOMETRIC_REPRESENTATION_CONTEXT(2) 
PARAMETRIC_REPRESENTATION_CONTEXT() REPRESENTATION_CONTEXT('2D SPACE',''
  ) );
#9862 = ORIENTED_EDGE('',*,*,#9863,.T.);
#9863 = EDGE_CURVE('',#9836,#7816,#9864,.T.);
#9864 = SURFACE_CURVE('',#9865,(#9870,#9877),.PCURVE_S1.);
#9865 = CIRCLE('',#9866,3.8);
#9866 = AXIS2_PLACEMENT_3D('',#9867,#9868,#9869);
#9867 = CARTESIAN_POINT('',(20.85,0.,-5.6));
#9868 = DIRECTION('',(0.,0.,1.));
#9869 = DIRECTION('',(1.,0.,-0.));
#9870 = PCURVE('',#7907,#9871);
#9871 = DEFINITIONAL_REPRESENTATION('',(#9872),#9876);
#9872 = CIRCLE('',#9873,3.8);
#9873 = AXIS2_PLACEMENT_2D('',#9874,#9875);
#9874 = CARTESIAN_POINT('',(0.,0.));
#9875 = DIRECTION('',(1.,0.));
#9876 = ( GEOMETRIC_REPRESENTATION_CONTEXT(2) 
PARAMETRIC_REPRESENTATION_CONTEXT() REPRESENTATION_CONTEXT('2D SPACE',''
  ) );
#9877 = PCURVE('',#8454,#9878);
#9878 = DEFINITIONAL_REPRESENTATION('',(#9879),#9883);
#9879 = LINE('',#9880,#9881);
#9880 = CARTESIAN_POINT('',(0.,0.));
#9881 = VECTOR('',#9882,1.);
#9882 = DIRECTION('',(1.,0.));
#9883 = ( GEOMETRIC_REPRESENTATION_CONTEXT(2) 
PARAMETRIC_REPRESENTATION_CONTEXT() REPRESENTATION_CONTEXT('2D SPACE',''
  ) );
#9884 = ORIENTED_EDGE('',*,*,#7893,.F.);
#9885 = ORIENTED_EDGE('',*,*,#8551,.T.);
#9886 = ORIENTED_EDGE('',*,*,#9887,.T.);
#9887 = EDGE_CURVE('',#8552,#9888,#9890,.T.);
#9888 = VERTEX_POINT('',#9889);
#9889 = CARTESIAN_POINT('',(20.85,-1.057118725593,-5.6));
#9890 = SURFACE_CURVE('',#9891,(#9895,#9902),.PCURVE_S1.);
#9891 = LINE('',#9892,#9893);
#9892 = CARTESIAN_POINT('',(20.85,-3.8,-5.6));
#9893 = VECTOR('',#9894,1.);
#9894 = DIRECTION('',(-0.,1.,0.));
#9895 = PCURVE('',#7907,#9896);
#9896 = DEFINITIONAL_REPRESENTATION('',(#9897),#9901);
#9897 = LINE('',#9898,#9899);
#9898 = CARTESIAN_POINT('',(0.,-3.8));
#9899 = VECTOR('',#9900,1.);
#9900 = DIRECTION('',(0.,1.));
#9901 = ( GEOMETRIC_REPRESENTATION_CONTEXT(2) 
PARAMETRIC_REPRESENTATION_CONTEXT() REPRESENTATION_CONTEXT('2D SPACE',''
  ) );
#9902 = PCURVE('',#9903,#9908);
#9903 = PLANE('',#9904);
#9904 = AXIS2_PLACEMENT_3D('',#9905,#9906,#9907);
#9905 = CARTESIAN_POINT('',(20.85,-3.8,-5.6));
#9906 = DIRECTION('',(0.,0.,1.));
#9907 = DIRECTION('',(1.,0.,-0.));
#9908 = DEFINITIONAL_REPRESENTATION('',(#9909),#9913);
#9909 = LINE('',#9910,#9911);
#9910 = CARTESIAN_POINT('',(0.,0.));
#9911 = VECTOR('',#9912,1.);
#9912 = DIRECTION('',(0.,1.));
#9913 = ( GEOMETRIC_REPRESENTATION_CONTEXT(2) 
PARAMETRIC_REPRESENTATION_CONTEXT() REPRESENTATION_CONTEXT('2D SPACE',''
  ) );
#9914 = ORIENTED_EDGE('',*,*,#9915,.F.);
#9915 = EDGE_CURVE('',#9834,#9888,#9916,.T.);
#9916 = SURFACE_CURVE('',#9917,(#9922,#9929),.PCURVE_S1.);
#9917 = CIRCLE('',#9918,3.8);
#9918 = AXIS2_PLACEMENT_3D('',#9919,#9920,#9921);
#9919 = CARTESIAN_POINT('',(24.5,0.,-5.6));
#9920 = DIRECTION('',(0.,0.,1.));
#9921 = DIRECTION('',(1.,0.,-0.));
#9922 = PCURVE('',#7907,#9923);
#9923 = DEFINITIONAL_REPRESENTATION('',(#9924),#9928);
#9924 = CIRCLE('',#9925,3.8);
#9925 = AXIS2_PLACEMENT_2D('',#9926,#9927);
#9926 = CARTESIAN_POINT('',(3.65,0.));
#9927 = DIRECTION('',(1.,0.));
#9928 = ( GEOMETRIC_REPRESENTATION_CONTEXT(2) 
PARAMETRIC_REPRESENTATION_CONTEXT() REPRESENTATION_CONTEXT('2D SPACE',''
  ) );
#9929 = PCURVE('',#9930,#9935);
#9930 = PLANE('',#9931);
#9931 = AXIS2_PLACEMENT_3D('',#9932,#9933,#9934);
#9932 = CARTESIAN_POINT('',(20.85,0.,-5.6));
#9933 = DIRECTION('',(0.,0.,1.));
#9934 = DIRECTION('',(1.,0.,-0.));
#9935 = DEFINITIONAL_REPRESENTATION('',(#9936),#9940);
#9936 = CIRCLE('',#9937,3.8);
#9937 = AXIS2_PLACEMENT_2D('',#9938,#9939);
#9938 = CARTESIAN_POINT('',(3.65,0.));
#9939 = DIRECTION('',(1.,0.));
#9940 = ( GEOMETRIC_REPRESENTATION_CONTEXT(2) 
PARAMETRIC_REPRESENTATION_CONTEXT() REPRESENTATION_CONTEXT('2D SPACE',''
  ) );
#9941 = ADVANCED_FACE('',(#9942),#7996,.T.);
#9942 = FACE_BOUND('',#9943,.T.);
#9943 = EDGE_LOOP('',(#9944,#9970,#9971));
#9944 = ORIENTED_EDGE('',*,*,#9945,.F.);
#9945 = EDGE_CURVE('',#9742,#7959,#9946,.T.);
#9946 = SURFACE_CURVE('',#9947,(#9951,#9958),.PCURVE_S1.);
#9947 = LINE('',#9948,#9949);
#9948 = CARTESIAN_POINT('',(-20.55,23.6,0.));
#9949 = VECTOR('',#9950,1.);
#9950 = DIRECTION('',(1.,0.,-0.));
#9951 = PCURVE('',#7996,#9952);
#9952 = DEFINITIONAL_REPRESENTATION('',(#9953),#9957);
#9953 = LINE('',#9954,#9955);
#9954 = CARTESIAN_POINT('',(0.,36.2));
#9955 = VECTOR('',#9956,1.);
#9956 = DIRECTION('',(1.,0.));
#9957 = ( GEOMETRIC_REPRESENTATION_CONTEXT(2) 
PARAMETRIC_REPRESENTATION_CONTEXT() REPRESENTATION_CONTEXT('2D SPACE',''
  ) );
#9958 = PCURVE('',#9959,#9964);
#9959 = PLANE('',#9960);
#9960 = AXIS2_PLACEMENT_3D('',#9961,#9962,#9963);
#9961 = CARTESIAN_POINT('',(17.55,23.6,0.));
#9962 = DIRECTION('',(0.,0.,1.));
#9963 = DIRECTION('',(1.,0.,-0.));
#9964 = DEFINITIONAL_REPRESENTATION('',(#9965),#9969);
#9965 = LINE('',#9966,#9967);
#9966 = CARTESIAN_POINT('',(-38.1,0.));
#9967 = VECTOR('',#9968,1.);
#9968 = DIRECTION('',(1.,0.));
#9969 = ( GEOMETRIC_REPRESENTATION_CONTEXT(2) 
PARAMETRIC_REPRESENTATION_CONTEXT() REPRESENTATION_CONTEXT('2D SPACE',''
  ) );
#9970 = ORIENTED_EDGE('',*,*,#9765,.F.);
#9971 = ORIENTED_EDGE('',*,*,#7981,.T.);
#9972 = ADVANCED_FACE('',(#9973),#8427,.T.);
#9973 = FACE_BOUND('',#9974,.T.);
#9974 = EDGE_LOOP('',(#9975,#10004,#10031));
#9975 = ORIENTED_EDGE('',*,*,#9976,.F.);
#9976 = EDGE_CURVE('',#9977,#8410,#9979,.T.);
#9977 = VERTEX_POINT('',#9978);
#9978 = CARTESIAN_POINT('',(22.675,3.333072906493,0.));
#9979 = SURFACE_CURVE('',#9980,(#9985,#9992),.PCURVE_S1.);
#9980 = CIRCLE('',#9981,3.8);
#9981 = AXIS2_PLACEMENT_3D('',#9982,#9983,#9984);
#9982 = CARTESIAN_POINT('',(24.5,0.,0.));
#9983 = DIRECTION('',(0.,0.,1.));
#9984 = DIRECTION('',(1.,0.,-0.));
#9985 = PCURVE('',#8427,#9986);
#9986 = DEFINITIONAL_REPRESENTATION('',(#9987),#9991);
#9987 = CIRCLE('',#9988,3.8);
#9988 = AXIS2_PLACEMENT_2D('',#9989,#9990);
#9989 = CARTESIAN_POINT('',(3.65,3.8));
#9990 = DIRECTION('',(1.,0.));
#9991 = ( GEOMETRIC_REPRESENTATION_CONTEXT(2) 
PARAMETRIC_REPRESENTATION_CONTEXT() REPRESENTATION_CONTEXT('2D SPACE',''
  ) );
#9992 = PCURVE('',#9993,#9998);
#9993 = PLANE('',#9994);
#9994 = AXIS2_PLACEMENT_3D('',#9995,#9996,#9997);
#9995 = CARTESIAN_POINT('',(20.85,-3.8,0.));
#9996 = DIRECTION('',(0.,0.,1.));
#9997 = DIRECTION('',(1.,0.,-0.));
#9998 = DEFINITIONAL_REPRESENTATION('',(#9999),#10003);
#9999 = CIRCLE('',#10000,3.8);
#10000 = AXIS2_PLACEMENT_2D('',#10001,#10002);
#10001 = CARTESIAN_POINT('',(3.65,3.8));
#10002 = DIRECTION('',(1.,0.));
#10003 = ( GEOMETRIC_REPRESENTATION_CONTEXT(2) 
PARAMETRIC_REPRESENTATION_CONTEXT() REPRESENTATION_CONTEXT('2D SPACE',''
  ) );
#10004 = ORIENTED_EDGE('',*,*,#10005,.T.);
#10005 = EDGE_CURVE('',#9977,#8412,#10006,.T.);
#10006 = SURFACE_CURVE('',#10007,(#10012,#10019),.PCURVE_S1.);
#10007 = CIRCLE('',#10008,3.8);
#10008 = AXIS2_PLACEMENT_3D('',#10009,#10010,#10011);
#10009 = CARTESIAN_POINT('',(20.85,0.,0.));
#10010 = DIRECTION('',(0.,0.,1.));
#10011 = DIRECTION('',(1.,0.,-0.));
#10012 = PCURVE('',#8427,#10013);
#10013 = DEFINITIONAL_REPRESENTATION('',(#10014),#10018);
#10014 = CIRCLE('',#10015,3.8);
#10015 = AXIS2_PLACEMENT_2D('',#10016,#10017);
#10016 = CARTESIAN_POINT('',(0.,3.8));
#10017 = DIRECTION('',(1.,0.));
#10018 = ( GEOMETRIC_REPRESENTATION_CONTEXT(2) 
PARAMETRIC_REPRESENTATION_CONTEXT() REPRESENTATION_CONTEXT('2D SPACE',''
  ) );
#10019 = PCURVE('',#10020,#10025);
#10020 = PLANE('',#10021);
#10021 = AXIS2_PLACEMENT_3D('',#10022,#10023,#10024);
#10022 = CARTESIAN_POINT('',(20.85,-3.8,0.));
#10023 = DIRECTION('',(0.,0.,1.));
#10024 = DIRECTION('',(1.,0.,-0.));
#10025 = DEFINITIONAL_REPRESENTATION('',(#10026),#10030);
#10026 = CIRCLE('',#10027,3.8);
#10027 = AXIS2_PLACEMENT_2D('',#10028,#10029);
#10028 = CARTESIAN_POINT('',(0.,3.8));
#10029 = DIRECTION('',(1.,0.));
#10030 = ( GEOMETRIC_REPRESENTATION_CONTEXT(2) 
PARAMETRIC_REPRESENTATION_CONTEXT() REPRESENTATION_CONTEXT('2D SPACE',''
  ) );
#10031 = ORIENTED_EDGE('',*,*,#8409,.F.);
#10032 = ADVANCED_FACE('',(#10033),#8534,.T.);
#10033 = FACE_BOUND('',#10034,.T.);
#10034 = EDGE_LOOP('',(#10035,#10036));
#10035 = ORIENTED_EDGE('',*,*,#8519,.T.);
#10036 = ORIENTED_EDGE('',*,*,#10037,.T.);
#10037 = EDGE_CURVE('',#8492,#8410,#10038,.T.);
#10038 = SURFACE_CURVE('',#10039,(#10043,#10050),.PCURVE_S1.);
#10039 = LINE('',#10040,#10041);
#10040 = CARTESIAN_POINT('',(20.85,-3.8,0.));
#10041 = VECTOR('',#10042,1.);
#10042 = DIRECTION('',(-0.,1.,0.));
#10043 = PCURVE('',#8534,#10044);
#10044 = DEFINITIONAL_REPRESENTATION('',(#10045),#10049);
#10045 = LINE('',#10046,#10047);
#10046 = CARTESIAN_POINT('',(0.,-3.8));
#10047 = VECTOR('',#10048,1.);
#10048 = DIRECTION('',(0.,1.));
#10049 = ( GEOMETRIC_REPRESENTATION_CONTEXT(2) 
PARAMETRIC_REPRESENTATION_CONTEXT() REPRESENTATION_CONTEXT('2D SPACE',''
  ) );
#10050 = PCURVE('',#9993,#10051);
#10051 = DEFINITIONAL_REPRESENTATION('',(#10052),#10056);
#10052 = LINE('',#10053,#10054);
#10053 = CARTESIAN_POINT('',(0.,0.));
#10054 = VECTOR('',#10055,1.);
#10055 = DIRECTION('',(0.,1.));
#10056 = ( GEOMETRIC_REPRESENTATION_CONTEXT(2) 
PARAMETRIC_REPRESENTATION_CONTEXT() REPRESENTATION_CONTEXT('2D SPACE',''
  ) );
#10057 = ADVANCED_FACE('',(#10058),#8507,.T.);
#10058 = FACE_BOUND('',#10059,.T.);
#10059 = EDGE_LOOP('',(#10060,#10089,#10111));
#10060 = ORIENTED_EDGE('',*,*,#10061,.T.);
#10061 = EDGE_CURVE('',#8468,#10062,#10064,.T.);
#10062 = VERTEX_POINT('',#10063);
#10063 = CARTESIAN_POINT('',(22.675,-3.333072906493,0.));
#10064 = SURFACE_CURVE('',#10065,(#10070,#10077),.PCURVE_S1.);
#10065 = CIRCLE('',#10066,3.8);
#10066 = AXIS2_PLACEMENT_3D('',#10067,#10068,#10069);
#10067 = CARTESIAN_POINT('',(20.85,0.,0.));
#10068 = DIRECTION('',(0.,0.,1.));
#10069 = DIRECTION('',(1.,0.,-0.));
#10070 = PCURVE('',#8507,#10071);
#10071 = DEFINITIONAL_REPRESENTATION('',(#10072),#10076);
#10072 = CIRCLE('',#10073,3.8);
#10073 = AXIS2_PLACEMENT_2D('',#10074,#10075);
#10074 = CARTESIAN_POINT('',(0.,3.8));
#10075 = DIRECTION('',(1.,0.));
#10076 = ( GEOMETRIC_REPRESENTATION_CONTEXT(2) 
PARAMETRIC_REPRESENTATION_CONTEXT() REPRESENTATION_CONTEXT('2D SPACE',''
  ) );
#10077 = PCURVE('',#10078,#10083);
#10078 = PLANE('',#10079);
#10079 = AXIS2_PLACEMENT_3D('',#10080,#10081,#10082);
#10080 = CARTESIAN_POINT('',(20.85,-3.8,0.));
#10081 = DIRECTION('',(0.,0.,1.));
#10082 = DIRECTION('',(1.,0.,-0.));
#10083 = DEFINITIONAL_REPRESENTATION('',(#10084),#10088);
#10084 = CIRCLE('',#10085,3.8);
#10085 = AXIS2_PLACEMENT_2D('',#10086,#10087);
#10086 = CARTESIAN_POINT('',(0.,3.8));
#10087 = DIRECTION('',(1.,0.));
#10088 = ( GEOMETRIC_REPRESENTATION_CONTEXT(2) 
PARAMETRIC_REPRESENTATION_CONTEXT() REPRESENTATION_CONTEXT('2D SPACE',''
  ) );
#10089 = ORIENTED_EDGE('',*,*,#10090,.F.);
#10090 = EDGE_CURVE('',#8492,#10062,#10091,.T.);
#10091 = SURFACE_CURVE('',#10092,(#10097,#10104),.PCURVE_S1.);
#10092 = CIRCLE('',#10093,3.8);
#10093 = AXIS2_PLACEMENT_3D('',#10094,#10095,#10096);
#10094 = CARTESIAN_POINT('',(24.5,0.,0.));
#10095 = DIRECTION('',(0.,0.,1.));
#10096 = DIRECTION('',(1.,0.,-0.));
#10097 = PCURVE('',#8507,#10098);
#10098 = DEFINITIONAL_REPRESENTATION('',(#10099),#10103);
#10099 = CIRCLE('',#10100,3.8);
#10100 = AXIS2_PLACEMENT_2D('',#10101,#10102);
#10101 = CARTESIAN_POINT('',(3.65,3.8));
#10102 = DIRECTION('',(1.,0.));
#10103 = ( GEOMETRIC_REPRESENTATION_CONTEXT(2) 
PARAMETRIC_REPRESENTATION_CONTEXT() REPRESENTATION_CONTEXT('2D SPACE',''
  ) );
#10104 = PCURVE('',#9993,#10105);
#10105 = DEFINITIONAL_REPRESENTATION('',(#10106),#10110);
#10106 = CIRCLE('',#10107,3.8);
#10107 = AXIS2_PLACEMENT_2D('',#10108,#10109);
#10108 = CARTESIAN_POINT('',(3.65,3.8));
#10109 = DIRECTION('',(1.,0.));
#10110 = ( GEOMETRIC_REPRESENTATION_CONTEXT(2) 
PARAMETRIC_REPRESENTATION_CONTEXT() REPRESENTATION_CONTEXT('2D SPACE',''
  ) );
#10111 = ORIENTED_EDGE('',*,*,#8491,.F.);
#10112 = ADVANCED_FACE('',(#10113),#8454,.T.);
#10113 = FACE_BOUND('',#10114,.T.);
#10114 = EDGE_LOOP('',(#10115,#10116,#10142,#10143));
#10115 = ORIENTED_EDGE('',*,*,#8439,.F.);
#10116 = ORIENTED_EDGE('',*,*,#10117,.F.);
#10117 = EDGE_CURVE('',#9836,#8412,#10118,.T.);
#10118 = SURFACE_CURVE('',#10119,(#10123,#10130),.PCURVE_S1.);
#10119 = LINE('',#10120,#10121);
#10120 = CARTESIAN_POINT('',(20.85,3.8,-5.6));
#10121 = VECTOR('',#10122,1.);
#10122 = DIRECTION('',(0.,0.,1.));
#10123 = PCURVE('',#8454,#10124);
#10124 = DEFINITIONAL_REPRESENTATION('',(#10125),#10129);
#10125 = LINE('',#10126,#10127);
#10126 = CARTESIAN_POINT('',(1.570796326795,0.));
#10127 = VECTOR('',#10128,1.);
#10128 = DIRECTION('',(0.,1.));
#10129 = ( GEOMETRIC_REPRESENTATION_CONTEXT(2) 
PARAMETRIC_REPRESENTATION_CONTEXT() REPRESENTATION_CONTEXT('2D SPACE',''
  ) );
#10130 = PCURVE('',#10131,#10136);
#10131 = PLANE('',#10132);
#10132 = AXIS2_PLACEMENT_3D('',#10133,#10134,#10135);
#10133 = CARTESIAN_POINT('',(20.85,3.8,-5.6));
#10134 = DIRECTION('',(-0.,1.,0.));
#10135 = DIRECTION('',(0.,0.,1.));
#10136 = DEFINITIONAL_REPRESENTATION('',(#10137),#10141);
#10137 = LINE('',#10138,#10139);
#10138 = CARTESIAN_POINT('',(0.,0.));
#10139 = VECTOR('',#10140,1.);
#10140 = DIRECTION('',(1.,0.));
#10141 = ( GEOMETRIC_REPRESENTATION_CONTEXT(2) 
PARAMETRIC_REPRESENTATION_CONTEXT() REPRESENTATION_CONTEXT('2D SPACE',''
  ) );
#10142 = ORIENTED_EDGE('',*,*,#9863,.T.);
#10143 = ORIENTED_EDGE('',*,*,#9789,.T.);
#10144 = ADVANCED_FACE('',(#10145),#8589,.F.);
#10145 = FACE_BOUND('',#10146,.F.);
#10146 = EDGE_LOOP('',(#10147,#10175,#10176,#10199));
#10147 = ORIENTED_EDGE('',*,*,#10148,.F.);
#10148 = EDGE_CURVE('',#8552,#10149,#10151,.T.);
#10149 = VERTEX_POINT('',#10150);
#10150 = CARTESIAN_POINT('',(24.5,-3.8,-5.6));
#10151 = SURFACE_CURVE('',#10152,(#10156,#10163),.PCURVE_S1.);
#10152 = LINE('',#10153,#10154);
#10153 = CARTESIAN_POINT('',(20.85,-3.8,-5.6));
#10154 = VECTOR('',#10155,1.);
#10155 = DIRECTION('',(1.,0.,-0.));
#10156 = PCURVE('',#8589,#10157);
#10157 = DEFINITIONAL_REPRESENTATION('',(#10158),#10162);
#10158 = LINE('',#10159,#10160);
#10159 = CARTESIAN_POINT('',(0.,0.));
#10160 = VECTOR('',#10161,1.);
#10161 = DIRECTION('',(0.,1.));
#10162 = ( GEOMETRIC_REPRESENTATION_CONTEXT(2) 
PARAMETRIC_REPRESENTATION_CONTEXT() REPRESENTATION_CONTEXT('2D SPACE',''
  ) );
#10163 = PCURVE('',#10164,#10169);
#10164 = PLANE('',#10165);
#10165 = AXIS2_PLACEMENT_3D('',#10166,#10167,#10168);
#10166 = CARTESIAN_POINT('',(20.85,-3.8,-5.6));
#10167 = DIRECTION('',(0.,0.,1.));
#10168 = DIRECTION('',(1.,0.,-0.));
#10169 = DEFINITIONAL_REPRESENTATION('',(#10170),#10174);
#10170 = LINE('',#10171,#10172);
#10171 = CARTESIAN_POINT('',(0.,0.));
#10172 = VECTOR('',#10173,1.);
#10173 = DIRECTION('',(1.,0.));
#10174 = ( GEOMETRIC_REPRESENTATION_CONTEXT(2) 
PARAMETRIC_REPRESENTATION_CONTEXT() REPRESENTATION_CONTEXT('2D SPACE',''
  ) );
#10175 = ORIENTED_EDGE('',*,*,#8575,.T.);
#10176 = ORIENTED_EDGE('',*,*,#10177,.T.);
#10177 = EDGE_CURVE('',#8468,#10178,#10180,.T.);
#10178 = VERTEX_POINT('',#10179);
#10179 = CARTESIAN_POINT('',(24.5,-3.8,0.));
#10180 = SURFACE_CURVE('',#10181,(#10185,#10192),.PCURVE_S1.);
#10181 = LINE('',#10182,#10183);
#10182 = CARTESIAN_POINT('',(20.85,-3.8,0.));
#10183 = VECTOR('',#10184,1.);
#10184 = DIRECTION('',(1.,0.,-0.));
#10185 = PCURVE('',#8589,#10186);
#10186 = DEFINITIONAL_REPRESENTATION('',(#10187),#10191);
#10187 = LINE('',#10188,#10189);
#10188 = CARTESIAN_POINT('',(5.6,0.));
#10189 = VECTOR('',#10190,1.);
#10190 = DIRECTION('',(0.,1.));
#10191 = ( GEOMETRIC_REPRESENTATION_CONTEXT(2) 
PARAMETRIC_REPRESENTATION_CONTEXT() REPRESENTATION_CONTEXT('2D SPACE',''
  ) );
#10192 = PCURVE('',#10078,#10193);
#10193 = DEFINITIONAL_REPRESENTATION('',(#10194),#10198);
#10194 = LINE('',#10195,#10196);
#10195 = CARTESIAN_POINT('',(0.,0.));
#10196 = VECTOR('',#10197,1.);
#10197 = DIRECTION('',(1.,0.));
#10198 = ( GEOMETRIC_REPRESENTATION_CONTEXT(2) 
PARAMETRIC_REPRESENTATION_CONTEXT() REPRESENTATION_CONTEXT('2D SPACE',''
  ) );
#10199 = ORIENTED_EDGE('',*,*,#10200,.F.);
#10200 = EDGE_CURVE('',#10149,#10178,#10201,.T.);
#10201 = SURFACE_CURVE('',#10202,(#10206,#10213),.PCURVE_S1.);
#10202 = LINE('',#10203,#10204);
#10203 = CARTESIAN_POINT('',(24.5,-3.8,-5.6));
#10204 = VECTOR('',#10205,1.);
#10205 = DIRECTION('',(0.,0.,1.));
#10206 = PCURVE('',#8589,#10207);
#10207 = DEFINITIONAL_REPRESENTATION('',(#10208),#10212);
#10208 = LINE('',#10209,#10210);
#10209 = CARTESIAN_POINT('',(0.,3.65));
#10210 = VECTOR('',#10211,1.);
#10211 = DIRECTION('',(1.,0.));
#10212 = ( GEOMETRIC_REPRESENTATION_CONTEXT(2) 
PARAMETRIC_REPRESENTATION_CONTEXT() REPRESENTATION_CONTEXT('2D SPACE',''
  ) );
#10213 = PCURVE('',#10214,#10219);
#10214 = CYLINDRICAL_SURFACE('',#10215,3.8);
#10215 = AXIS2_PLACEMENT_3D('',#10216,#10217,#10218);
#10216 = CARTESIAN_POINT('',(24.5,0.,-5.6));
#10217 = DIRECTION('',(0.,0.,1.));
#10218 = DIRECTION('',(1.,0.,-0.));
#10219 = DEFINITIONAL_REPRESENTATION('',(#10220),#10224);
#10220 = LINE('',#10221,#10222);
#10221 = CARTESIAN_POINT('',(4.712388980385,0.));
#10222 = VECTOR('',#10223,1.);
#10223 = DIRECTION('',(0.,1.));
#10224 = ( GEOMETRIC_REPRESENTATION_CONTEXT(2) 
PARAMETRIC_REPRESENTATION_CONTEXT() REPRESENTATION_CONTEXT('2D SPACE',''
  ) );
#10225 = ADVANCED_FACE('',(#10226),#8620,.T.);
#10226 = FACE_BOUND('',#10227,.T.);
#10227 = EDGE_LOOP('',(#10228,#10249,#10271));
#10228 = ORIENTED_EDGE('',*,*,#10229,.T.);
#10229 = EDGE_CURVE('',#8605,#9263,#10230,.T.);
#10230 = SURFACE_CURVE('',#10231,(#10235,#10242),.PCURVE_S1.);
#10231 = LINE('',#10232,#10233);
#10232 = CARTESIAN_POINT('',(-17.55,-15.6,0.));
#10233 = VECTOR('',#10234,1.);
#10234 = DIRECTION('',(-0.,1.,0.));
#10235 = PCURVE('',#8620,#10236);
#10236 = DEFINITIONAL_REPRESENTATION('',(#10237),#10241);
#10237 = LINE('',#10238,#10239);
#10238 = CARTESIAN_POINT('',(0.,-39.2));
#10239 = VECTOR('',#10240,1.);
#10240 = DIRECTION('',(0.,1.));
#10241 = ( GEOMETRIC_REPRESENTATION_CONTEXT(2) 
PARAMETRIC_REPRESENTATION_CONTEXT() REPRESENTATION_CONTEXT('2D SPACE',''
  ) );
#10242 = PCURVE('',#9672,#10243);
#10243 = DEFINITIONAL_REPRESENTATION('',(#10244),#10248);
#10244 = LINE('',#10245,#10246);
#10245 = CARTESIAN_POINT('',(0.,0.));
#10246 = VECTOR('',#10247,1.);
#10247 = DIRECTION('',(0.,1.));
#10248 = ( GEOMETRIC_REPRESENTATION_CONTEXT(2) 
PARAMETRIC_REPRESENTATION_CONTEXT() REPRESENTATION_CONTEXT('2D SPACE',''
  ) );
#10249 = ORIENTED_EDGE('',*,*,#10250,.T.);
#10250 = EDGE_CURVE('',#9263,#6220,#10251,.T.);
#10251 = SURFACE_CURVE('',#10252,(#10257,#10264),.PCURVE_S1.);
#10252 = CIRCLE('',#10253,3.);
#10253 = AXIS2_PLACEMENT_3D('',#10254,#10255,#10256);
#10254 = CARTESIAN_POINT('',(-17.55,23.6,0.));
#10255 = DIRECTION('',(0.,0.,1.));
#10256 = DIRECTION('',(1.,0.,-0.));
#10257 = PCURVE('',#8620,#10258);
#10258 = DEFINITIONAL_REPRESENTATION('',(#10259),#10263);
#10259 = CIRCLE('',#10260,3.);
#10260 = AXIS2_PLACEMENT_2D('',#10261,#10262);
#10261 = CARTESIAN_POINT('',(0.,0.));
#10262 = DIRECTION('',(1.,0.));
#10263 = ( GEOMETRIC_REPRESENTATION_CONTEXT(2) 
PARAMETRIC_REPRESENTATION_CONTEXT() REPRESENTATION_CONTEXT('2D SPACE',''
  ) );
#10264 = PCURVE('',#8692,#10265);
#10265 = DEFINITIONAL_REPRESENTATION('',(#10266),#10270);
#10266 = LINE('',#10267,#10268);
#10267 = CARTESIAN_POINT('',(0.,5.6));
#10268 = VECTOR('',#10269,1.);
#10269 = DIRECTION('',(1.,0.));
#10270 = ( GEOMETRIC_REPRESENTATION_CONTEXT(2) 
PARAMETRIC_REPRESENTATION_CONTEXT() REPRESENTATION_CONTEXT('2D SPACE',''
  ) );
#10271 = ORIENTED_EDGE('',*,*,#8604,.T.);
#10272 = ADVANCED_FACE('',(#10273),#8692,.T.);
#10273 = FACE_BOUND('',#10274,.T.);
#10274 = EDGE_LOOP('',(#10275,#10276,#10277,#10278));
#10275 = ORIENTED_EDGE('',*,*,#10250,.F.);
#10276 = ORIENTED_EDGE('',*,*,#9262,.F.);
#10277 = ORIENTED_EDGE('',*,*,#8898,.T.);
#10278 = ORIENTED_EDGE('',*,*,#8678,.T.);
#10279 = ADVANCED_FACE('',(#10280),#8724,.T.);
#10280 = FACE_BOUND('',#10281,.T.);
#10281 = EDGE_LOOP('',(#10282,#10306,#10307,#10308,#10309,#10338,#10367)
  );
#10282 = ORIENTED_EDGE('',*,*,#10283,.T.);
#10283 = EDGE_CURVE('',#10284,#8708,#10286,.T.);
#10284 = VERTEX_POINT('',#10285);
#10285 = CARTESIAN_POINT('',(-24.10568342875,-1.959725851165,0.));
#10286 = SURFACE_CURVE('',#10287,(#10292,#10299),.PCURVE_S1.);
#10287 = CIRCLE('',#10288,3.8);
#10288 = AXIS2_PLACEMENT_3D('',#10289,#10290,#10291);
#10289 = CARTESIAN_POINT('',(-20.85,0.,0.));
#10290 = DIRECTION('',(0.,0.,1.));
#10291 = DIRECTION('',(1.,0.,-0.));
#10292 = PCURVE('',#8724,#10293);
#10293 = DEFINITIONAL_REPRESENTATION('',(#10294),#10298);
#10294 = CIRCLE('',#10295,3.8);
#10295 = AXIS2_PLACEMENT_2D('',#10296,#10297);
#10296 = CARTESIAN_POINT('',(3.65,3.8));
#10297 = DIRECTION('',(1.,0.));
#10298 = ( GEOMETRIC_REPRESENTATION_CONTEXT(2) 
PARAMETRIC_REPRESENTATION_CONTEXT() REPRESENTATION_CONTEXT('2D SPACE',''
  ) );
#10299 = PCURVE('',#9107,#10300);
#10300 = DEFINITIONAL_REPRESENTATION('',(#10301),#10305);
#10301 = CIRCLE('',#10302,3.8);
#10302 = AXIS2_PLACEMENT_2D('',#10303,#10304);
#10303 = CARTESIAN_POINT('',(3.65,3.8));
#10304 = DIRECTION('',(1.,0.));
#10305 = ( GEOMETRIC_REPRESENTATION_CONTEXT(2) 
PARAMETRIC_REPRESENTATION_CONTEXT() REPRESENTATION_CONTEXT('2D SPACE',''
  ) );
#10306 = ORIENTED_EDGE('',*,*,#8707,.T.);
#10307 = ORIENTED_EDGE('',*,*,#8763,.T.);
#10308 = ORIENTED_EDGE('',*,*,#8818,.T.);
#10309 = ORIENTED_EDGE('',*,*,#10310,.T.);
#10310 = EDGE_CURVE('',#8790,#10311,#10313,.T.);
#10311 = VERTEX_POINT('',#10312);
#10312 = CARTESIAN_POINT('',(-24.10568342875,1.959725851165,0.));
#10313 = SURFACE_CURVE('',#10314,(#10319,#10326),.PCURVE_S1.);
#10314 = CIRCLE('',#10315,3.8);
#10315 = AXIS2_PLACEMENT_3D('',#10316,#10317,#10318);
#10316 = CARTESIAN_POINT('',(-20.85,0.,0.));
#10317 = DIRECTION('',(0.,0.,1.));
#10318 = DIRECTION('',(1.,0.,-0.));
#10319 = PCURVE('',#8724,#10320);
#10320 = DEFINITIONAL_REPRESENTATION('',(#10321),#10325);
#10321 = CIRCLE('',#10322,3.8);
#10322 = AXIS2_PLACEMENT_2D('',#10323,#10324);
#10323 = CARTESIAN_POINT('',(3.65,3.8));
#10324 = DIRECTION('',(1.,0.));
#10325 = ( GEOMETRIC_REPRESENTATION_CONTEXT(2) 
PARAMETRIC_REPRESENTATION_CONTEXT() REPRESENTATION_CONTEXT('2D SPACE',''
  ) );
#10326 = PCURVE('',#10327,#10332);
#10327 = PLANE('',#10328);
#10328 = AXIS2_PLACEMENT_3D('',#10329,#10330,#10331);
#10329 = CARTESIAN_POINT('',(-24.5,-3.8,0.));
#10330 = DIRECTION('',(0.,0.,1.));
#10331 = DIRECTION('',(1.,0.,-0.));
#10332 = DEFINITIONAL_REPRESENTATION('',(#10333),#10337);
#10333 = CIRCLE('',#10334,3.8);
#10334 = AXIS2_PLACEMENT_2D('',#10335,#10336);
#10335 = CARTESIAN_POINT('',(3.65,3.8));
#10336 = DIRECTION('',(1.,0.));
#10337 = ( GEOMETRIC_REPRESENTATION_CONTEXT(2) 
PARAMETRIC_REPRESENTATION_CONTEXT() REPRESENTATION_CONTEXT('2D SPACE',''
  ) );
#10338 = ORIENTED_EDGE('',*,*,#10339,.F.);
#10339 = EDGE_CURVE('',#10340,#10311,#10342,.T.);
#10340 = VERTEX_POINT('',#10341);
#10341 = CARTESIAN_POINT('',(-22.50099750623,-4.896144010955E-16,
    -5.551115123126E-17));
#10342 = SURFACE_CURVE('',#10343,(#10348,#10355),.PCURVE_S1.);
#10343 = CIRCLE('',#10344,1.999002493766);
#10344 = AXIS2_PLACEMENT_3D('',#10345,#10346,#10347);
#10345 = CARTESIAN_POINT('',(-24.5,0.,0.));
#10346 = DIRECTION('',(0.,0.,1.));
#10347 = DIRECTION('',(1.,0.,-0.));
#10348 = PCURVE('',#8724,#10349);
#10349 = DEFINITIONAL_REPRESENTATION('',(#10350),#10354);
#10350 = CIRCLE('',#10351,1.999002493766);
#10351 = AXIS2_PLACEMENT_2D('',#10352,#10353);
#10352 = CARTESIAN_POINT('',(0.,3.8));
#10353 = DIRECTION('',(1.,0.));
#10354 = ( GEOMETRIC_REPRESENTATION_CONTEXT(2) 
PARAMETRIC_REPRESENTATION_CONTEXT() REPRESENTATION_CONTEXT('2D SPACE',''
  ) );
#10355 = PCURVE('',#10356,#10361);
#10356 = CONICAL_SURFACE('',#10357,1.6,0.784149724595);
#10357 = AXIS2_PLACEMENT_3D('',#10358,#10359,#10360);
#10358 = CARTESIAN_POINT('',(-24.5,0.,-0.4));
#10359 = DIRECTION('',(0.,0.,1.));
#10360 = DIRECTION('',(1.,0.,-0.));
#10361 = DEFINITIONAL_REPRESENTATION('',(#10362),#10366);
#10362 = LINE('',#10363,#10364);
#10363 = CARTESIAN_POINT('',(0.,0.4));
#10364 = VECTOR('',#10365,1.);
#10365 = DIRECTION('',(1.,0.));
#10366 = ( GEOMETRIC_REPRESENTATION_CONTEXT(2) 
PARAMETRIC_REPRESENTATION_CONTEXT() REPRESENTATION_CONTEXT('2D SPACE',''
  ) );
#10367 = ORIENTED_EDGE('',*,*,#10368,.F.);
#10368 = EDGE_CURVE('',#10284,#10340,#10369,.T.);
#10369 = SURFACE_CURVE('',#10370,(#10375,#10382),.PCURVE_S1.);
#10370 = CIRCLE('',#10371,1.999002493766);
#10371 = AXIS2_PLACEMENT_3D('',#10372,#10373,#10374);
#10372 = CARTESIAN_POINT('',(-24.5,0.,0.));
#10373 = DIRECTION('',(0.,0.,1.));
#10374 = DIRECTION('',(1.,0.,-0.));
#10375 = PCURVE('',#8724,#10376);
#10376 = DEFINITIONAL_REPRESENTATION('',(#10377),#10381);
#10377 = CIRCLE('',#10378,1.999002493766);
#10378 = AXIS2_PLACEMENT_2D('',#10379,#10380);
#10379 = CARTESIAN_POINT('',(0.,3.8));
#10380 = DIRECTION('',(1.,0.));
#10381 = ( GEOMETRIC_REPRESENTATION_CONTEXT(2) 
PARAMETRIC_REPRESENTATION_CONTEXT() REPRESENTATION_CONTEXT('2D SPACE',''
  ) );
#10382 = PCURVE('',#10356,#10383);
#10383 = DEFINITIONAL_REPRESENTATION('',(#10384),#10388);
#10384 = LINE('',#10385,#10386);
#10385 = CARTESIAN_POINT('',(0.,0.4));
#10386 = VECTOR('',#10387,1.);
#10387 = DIRECTION('',(1.,0.));
#10388 = ( GEOMETRIC_REPRESENTATION_CONTEXT(2) 
PARAMETRIC_REPRESENTATION_CONTEXT() REPRESENTATION_CONTEXT('2D SPACE',''
  ) );
#10389 = ADVANCED_FACE('',(#10390),#8806,.T.);
#10390 = FACE_BOUND('',#10391,.T.);
#10391 = EDGE_LOOP('',(#10392,#10393,#10414));
#10392 = ORIENTED_EDGE('',*,*,#8789,.F.);
#10393 = ORIENTED_EDGE('',*,*,#10394,.F.);
#10394 = EDGE_CURVE('',#9125,#6333,#10395,.T.);
#10395 = SURFACE_CURVE('',#10396,(#10400,#10407),.PCURVE_S1.);
#10396 = LINE('',#10397,#10398);
#10397 = CARTESIAN_POINT('',(-24.5,3.8,0.));
#10398 = VECTOR('',#10399,1.);
#10399 = DIRECTION('',(1.,0.,-0.));
#10400 = PCURVE('',#8806,#10401);
#10401 = DEFINITIONAL_REPRESENTATION('',(#10402),#10406);
#10402 = LINE('',#10403,#10404);
#10403 = CARTESIAN_POINT('',(0.,7.6));
#10404 = VECTOR('',#10405,1.);
#10405 = DIRECTION('',(1.,0.));
#10406 = ( GEOMETRIC_REPRESENTATION_CONTEXT(2) 
PARAMETRIC_REPRESENTATION_CONTEXT() REPRESENTATION_CONTEXT('2D SPACE',''
  ) );
#10407 = PCURVE('',#8860,#10408);
#10408 = DEFINITIONAL_REPRESENTATION('',(#10409),#10413);
#10409 = LINE('',#10410,#10411);
#10410 = CARTESIAN_POINT('',(5.6,0.));
#10411 = VECTOR('',#10412,1.);
#10412 = DIRECTION('',(0.,1.));
#10413 = ( GEOMETRIC_REPRESENTATION_CONTEXT(2) 
PARAMETRIC_REPRESENTATION_CONTEXT() REPRESENTATION_CONTEXT('2D SPACE',''
  ) );
#10414 = ORIENTED_EDGE('',*,*,#10415,.F.);
#10415 = EDGE_CURVE('',#8790,#9125,#10416,.T.);
#10416 = SURFACE_CURVE('',#10417,(#10422,#10429),.PCURVE_S1.);
#10417 = CIRCLE('',#10418,3.8);
#10418 = AXIS2_PLACEMENT_3D('',#10419,#10420,#10421);
#10419 = CARTESIAN_POINT('',(-24.5,0.,0.));
#10420 = DIRECTION('',(0.,0.,1.));
#10421 = DIRECTION('',(1.,0.,-0.));
#10422 = PCURVE('',#8806,#10423);
#10423 = DEFINITIONAL_REPRESENTATION('',(#10424),#10428);
#10424 = CIRCLE('',#10425,3.8);
#10425 = AXIS2_PLACEMENT_2D('',#10426,#10427);
#10426 = CARTESIAN_POINT('',(0.,3.8));
#10427 = DIRECTION('',(1.,0.));
#10428 = ( GEOMETRIC_REPRESENTATION_CONTEXT(2) 
PARAMETRIC_REPRESENTATION_CONTEXT() REPRESENTATION_CONTEXT('2D SPACE',''
  ) );
#10429 = PCURVE('',#10327,#10430);
#10430 = DEFINITIONAL_REPRESENTATION('',(#10431),#10435);
#10431 = CIRCLE('',#10432,3.8);
#10432 = AXIS2_PLACEMENT_2D('',#10433,#10434);
#10433 = CARTESIAN_POINT('',(0.,3.8));
#10434 = DIRECTION('',(1.,0.));
#10435 = ( GEOMETRIC_REPRESENTATION_CONTEXT(2) 
PARAMETRIC_REPRESENTATION_CONTEXT() REPRESENTATION_CONTEXT('2D SPACE',''
  ) );
#10436 = ADVANCED_FACE('',(#10437),#8860,.T.);
#10437 = FACE_BOUND('',#10438,.T.);
#10438 = EDGE_LOOP('',(#10439,#10460,#10461,#10462));
#10439 = ORIENTED_EDGE('',*,*,#10440,.F.);
#10440 = EDGE_CURVE('',#9154,#6629,#10441,.T.);
#10441 = SURFACE_CURVE('',#10442,(#10446,#10453),.PCURVE_S1.);
#10442 = LINE('',#10443,#10444);
#10443 = CARTESIAN_POINT('',(-24.5,3.8,-5.6));
#10444 = VECTOR('',#10445,1.);
#10445 = DIRECTION('',(1.,0.,-0.));
#10446 = PCURVE('',#8860,#10447);
#10447 = DEFINITIONAL_REPRESENTATION('',(#10448),#10452);
#10448 = LINE('',#10449,#10450);
#10449 = CARTESIAN_POINT('',(0.,0.));
#10450 = VECTOR('',#10451,1.);
#10451 = DIRECTION('',(0.,1.));
#10452 = ( GEOMETRIC_REPRESENTATION_CONTEXT(2) 
PARAMETRIC_REPRESENTATION_CONTEXT() REPRESENTATION_CONTEXT('2D SPACE',''
  ) );
#10453 = PCURVE('',#9023,#10454);
#10454 = DEFINITIONAL_REPRESENTATION('',(#10455),#10459);
#10455 = LINE('',#10456,#10457);
#10456 = CARTESIAN_POINT('',(0.,7.6));
#10457 = VECTOR('',#10458,1.);
#10458 = DIRECTION('',(1.,0.));
#10459 = ( GEOMETRIC_REPRESENTATION_CONTEXT(2) 
PARAMETRIC_REPRESENTATION_CONTEXT() REPRESENTATION_CONTEXT('2D SPACE',''
  ) );
#10460 = ORIENTED_EDGE('',*,*,#9153,.T.);
#10461 = ORIENTED_EDGE('',*,*,#10394,.T.);
#10462 = ORIENTED_EDGE('',*,*,#8846,.F.);
#10463 = ADVANCED_FACE('',(#10464),#8941,.F.);
#10464 = FACE_BOUND('',#10465,.F.);
#10465 = EDGE_LOOP('',(#10466,#10467,#10468,#10497,#10525,#10547));
#10466 = ORIENTED_EDGE('',*,*,#8980,.T.);
#10467 = ORIENTED_EDGE('',*,*,#9035,.T.);
#10468 = ORIENTED_EDGE('',*,*,#10469,.T.);
#10469 = EDGE_CURVE('',#9007,#10470,#10472,.T.);
#10470 = VERTEX_POINT('',#10471);
#10471 = CARTESIAN_POINT('',(-24.5,1.057118725593,-5.6));
#10472 = SURFACE_CURVE('',#10473,(#10478,#10485),.PCURVE_S1.);
#10473 = CIRCLE('',#10474,3.8);
#10474 = AXIS2_PLACEMENT_3D('',#10475,#10476,#10477);
#10475 = CARTESIAN_POINT('',(-20.85,0.,-5.6));
#10476 = DIRECTION('',(0.,0.,1.));
#10477 = DIRECTION('',(1.,0.,-0.));
#10478 = PCURVE('',#8941,#10479);
#10479 = DEFINITIONAL_REPRESENTATION('',(#10480),#10484);
#10480 = CIRCLE('',#10481,3.8);
#10481 = AXIS2_PLACEMENT_2D('',#10482,#10483);
#10482 = CARTESIAN_POINT('',(3.65,3.8));
#10483 = DIRECTION('',(1.,0.));
#10484 = ( GEOMETRIC_REPRESENTATION_CONTEXT(2) 
PARAMETRIC_REPRESENTATION_CONTEXT() REPRESENTATION_CONTEXT('2D SPACE',''
  ) );
#10485 = PCURVE('',#10486,#10491);
#10486 = PLANE('',#10487);
#10487 = AXIS2_PLACEMENT_3D('',#10488,#10489,#10490);
#10488 = CARTESIAN_POINT('',(-24.5,-3.8,-5.6));
#10489 = DIRECTION('',(0.,0.,1.));
#10490 = DIRECTION('',(1.,0.,-0.));
#10491 = DEFINITIONAL_REPRESENTATION('',(#10492),#10496);
#10492 = CIRCLE('',#10493,3.8);
#10493 = AXIS2_PLACEMENT_2D('',#10494,#10495);
#10494 = CARTESIAN_POINT('',(3.65,3.8));
#10495 = DIRECTION('',(1.,0.));
#10496 = ( GEOMETRIC_REPRESENTATION_CONTEXT(2) 
PARAMETRIC_REPRESENTATION_CONTEXT() REPRESENTATION_CONTEXT('2D SPACE',''
  ) );
#10497 = ORIENTED_EDGE('',*,*,#10498,.F.);
#10498 = EDGE_CURVE('',#10499,#10470,#10501,.T.);
#10499 = VERTEX_POINT('',#10500);
#10500 = CARTESIAN_POINT('',(-24.5,-1.057118725593,-5.6));
#10501 = SURFACE_CURVE('',#10502,(#10506,#10513),.PCURVE_S1.);
#10502 = LINE('',#10503,#10504);
#10503 = CARTESIAN_POINT('',(-24.5,-3.8,-5.6));
#10504 = VECTOR('',#10505,1.);
#10505 = DIRECTION('',(-0.,1.,0.));
#10506 = PCURVE('',#8941,#10507);
#10507 = DEFINITIONAL_REPRESENTATION('',(#10508),#10512);
#10508 = LINE('',#10509,#10510);
#10509 = CARTESIAN_POINT('',(0.,0.));
#10510 = VECTOR('',#10511,1.);
#10511 = DIRECTION('',(0.,1.));
#10512 = ( GEOMETRIC_REPRESENTATION_CONTEXT(2) 
PARAMETRIC_REPRESENTATION_CONTEXT() REPRESENTATION_CONTEXT('2D SPACE',''
  ) );
#10513 = PCURVE('',#10514,#10519);
#10514 = PLANE('',#10515);
#10515 = AXIS2_PLACEMENT_3D('',#10516,#10517,#10518);
#10516 = CARTESIAN_POINT('',(-24.5,0.,-5.6));
#10517 = DIRECTION('',(0.,0.,1.));
#10518 = DIRECTION('',(1.,0.,-0.));
#10519 = DEFINITIONAL_REPRESENTATION('',(#10520),#10524);
#10520 = LINE('',#10521,#10522);
#10521 = CARTESIAN_POINT('',(0.,-3.8));
#10522 = VECTOR('',#10523,1.);
#10523 = DIRECTION('',(0.,1.));
#10524 = ( GEOMETRIC_REPRESENTATION_CONTEXT(2) 
PARAMETRIC_REPRESENTATION_CONTEXT() REPRESENTATION_CONTEXT('2D SPACE',''
  ) );
#10525 = ORIENTED_EDGE('',*,*,#10526,.T.);
#10526 = EDGE_CURVE('',#10499,#8925,#10527,.T.);
#10527 = SURFACE_CURVE('',#10528,(#10533,#10540),.PCURVE_S1.);
#10528 = CIRCLE('',#10529,3.8);
#10529 = AXIS2_PLACEMENT_3D('',#10530,#10531,#10532);
#10530 = CARTESIAN_POINT('',(-20.85,0.,-5.6));
#10531 = DIRECTION('',(0.,0.,1.));
#10532 = DIRECTION('',(1.,0.,-0.));
#10533 = PCURVE('',#8941,#10534);
#10534 = DEFINITIONAL_REPRESENTATION('',(#10535),#10539);
#10535 = CIRCLE('',#10536,3.8);
#10536 = AXIS2_PLACEMENT_2D('',#10537,#10538);
#10537 = CARTESIAN_POINT('',(3.65,3.8));
#10538 = DIRECTION('',(1.,0.));
#10539 = ( GEOMETRIC_REPRESENTATION_CONTEXT(2) 
PARAMETRIC_REPRESENTATION_CONTEXT() REPRESENTATION_CONTEXT('2D SPACE',''
  ) );
#10540 = PCURVE('',#9075,#10541);
#10541 = DEFINITIONAL_REPRESENTATION('',(#10542),#10546);
#10542 = CIRCLE('',#10543,3.8);
#10543 = AXIS2_PLACEMENT_2D('',#10544,#10545);
#10544 = CARTESIAN_POINT('',(3.65,3.8));
#10545 = DIRECTION('',(1.,0.));
#10546 = ( GEOMETRIC_REPRESENTATION_CONTEXT(2) 
PARAMETRIC_REPRESENTATION_CONTEXT() REPRESENTATION_CONTEXT('2D SPACE',''
  ) );
#10547 = ORIENTED_EDGE('',*,*,#8924,.T.);
#10548 = ADVANCED_FACE('',(#10549),#9023,.F.);
#10549 = FACE_BOUND('',#10550,.F.);
#10550 = EDGE_LOOP('',(#10551,#10552,#10553));
#10551 = ORIENTED_EDGE('',*,*,#9006,.F.);
#10552 = ORIENTED_EDGE('',*,*,#10440,.F.);
#10553 = ORIENTED_EDGE('',*,*,#10554,.F.);
#10554 = EDGE_CURVE('',#9007,#9154,#10555,.T.);
#10555 = SURFACE_CURVE('',#10556,(#10561,#10568),.PCURVE_S1.);
#10556 = CIRCLE('',#10557,3.8);
#10557 = AXIS2_PLACEMENT_3D('',#10558,#10559,#10560);
#10558 = CARTESIAN_POINT('',(-24.5,0.,-5.6));
#10559 = DIRECTION('',(0.,0.,1.));
#10560 = DIRECTION('',(1.,0.,-0.));
#10561 = PCURVE('',#9023,#10562);
#10562 = DEFINITIONAL_REPRESENTATION('',(#10563),#10567);
#10563 = CIRCLE('',#10564,3.8);
#10564 = AXIS2_PLACEMENT_2D('',#10565,#10566);
#10565 = CARTESIAN_POINT('',(0.,3.8));
#10566 = DIRECTION('',(1.,0.));
#10567 = ( GEOMETRIC_REPRESENTATION_CONTEXT(2) 
PARAMETRIC_REPRESENTATION_CONTEXT() REPRESENTATION_CONTEXT('2D SPACE',''
  ) );
#10568 = PCURVE('',#10486,#10569);
#10569 = DEFINITIONAL_REPRESENTATION('',(#10570),#10574);
#10570 = CIRCLE('',#10571,3.8);
#10571 = AXIS2_PLACEMENT_2D('',#10572,#10573);
#10572 = CARTESIAN_POINT('',(0.,3.8));
#10573 = DIRECTION('',(1.,0.));
#10574 = ( GEOMETRIC_REPRESENTATION_CONTEXT(2) 
PARAMETRIC_REPRESENTATION_CONTEXT() REPRESENTATION_CONTEXT('2D SPACE',''
  ) );
#10575 = ADVANCED_FACE('',(#10576),#9075,.F.);
#10576 = FACE_BOUND('',#10577,.F.);
#10577 = EDGE_LOOP('',(#10578,#10579,#10580));
#10578 = ORIENTED_EDGE('',*,*,#9060,.T.);
#10579 = ORIENTED_EDGE('',*,*,#10526,.F.);
#10580 = ORIENTED_EDGE('',*,*,#10581,.F.);
#10581 = EDGE_CURVE('',#6735,#10499,#10582,.T.);
#10582 = SURFACE_CURVE('',#10583,(#10587,#10594),.PCURVE_S1.);
#10583 = LINE('',#10584,#10585);
#10584 = CARTESIAN_POINT('',(-24.5,-3.8,-5.6));
#10585 = VECTOR('',#10586,1.);
#10586 = DIRECTION('',(-0.,1.,0.));
#10587 = PCURVE('',#9075,#10588);
#10588 = DEFINITIONAL_REPRESENTATION('',(#10589),#10593);
#10589 = LINE('',#10590,#10591);
#10590 = CARTESIAN_POINT('',(0.,0.));
#10591 = VECTOR('',#10592,1.);
#10592 = DIRECTION('',(0.,1.));
#10593 = ( GEOMETRIC_REPRESENTATION_CONTEXT(2) 
PARAMETRIC_REPRESENTATION_CONTEXT() REPRESENTATION_CONTEXT('2D SPACE',''
  ) );
#10594 = PCURVE('',#9191,#10595);
#10595 = DEFINITIONAL_REPRESENTATION('',(#10596),#10600);
#10596 = LINE('',#10597,#10598);
#10597 = CARTESIAN_POINT('',(0.,-3.8));
#10598 = VECTOR('',#10599,1.);
#10599 = DIRECTION('',(0.,1.));
#10600 = ( GEOMETRIC_REPRESENTATION_CONTEXT(2) 
PARAMETRIC_REPRESENTATION_CONTEXT() REPRESENTATION_CONTEXT('2D SPACE',''
  ) );
#10601 = ADVANCED_FACE('',(#10602),#9107,.T.);
#10602 = FACE_BOUND('',#10603,.T.);
#10603 = EDGE_LOOP('',(#10604,#10627,#10628,#10629));
#10604 = ORIENTED_EDGE('',*,*,#10605,.F.);
#10605 = EDGE_CURVE('',#6763,#10606,#10608,.T.);
#10606 = VERTEX_POINT('',#10607);
#10607 = CARTESIAN_POINT('',(-24.5,-1.999002493766,0.));
#10608 = SURFACE_CURVE('',#10609,(#10613,#10620),.PCURVE_S1.);
#10609 = LINE('',#10610,#10611);
#10610 = CARTESIAN_POINT('',(-24.5,-3.8,0.));
#10611 = VECTOR('',#10612,1.);
#10612 = DIRECTION('',(-0.,1.,0.));
#10613 = PCURVE('',#9107,#10614);
#10614 = DEFINITIONAL_REPRESENTATION('',(#10615),#10619);
#10615 = LINE('',#10616,#10617);
#10616 = CARTESIAN_POINT('',(0.,0.));
#10617 = VECTOR('',#10618,1.);
#10618 = DIRECTION('',(0.,1.));
#10619 = ( GEOMETRIC_REPRESENTATION_CONTEXT(2) 
PARAMETRIC_REPRESENTATION_CONTEXT() REPRESENTATION_CONTEXT('2D SPACE',''
  ) );
#10620 = PCURVE('',#9141,#10621);
#10621 = DEFINITIONAL_REPRESENTATION('',(#10622),#10626);
#10622 = LINE('',#10623,#10624);
#10623 = CARTESIAN_POINT('',(0.,-3.8));
#10624 = VECTOR('',#10625,1.);
#10625 = DIRECTION('',(0.,1.));
#10626 = ( GEOMETRIC_REPRESENTATION_CONTEXT(2) 
PARAMETRIC_REPRESENTATION_CONTEXT() REPRESENTATION_CONTEXT('2D SPACE',''
  ) );
#10627 = ORIENTED_EDGE('',*,*,#9092,.T.);
#10628 = ORIENTED_EDGE('',*,*,#10283,.F.);
#10629 = ORIENTED_EDGE('',*,*,#10630,.F.);
#10630 = EDGE_CURVE('',#10606,#10284,#10631,.T.);
#10631 = SURFACE_CURVE('',#10632,(#10637,#10644),.PCURVE_S1.);
#10632 = CIRCLE('',#10633,1.999002493766);
#10633 = AXIS2_PLACEMENT_3D('',#10634,#10635,#10636);
#10634 = CARTESIAN_POINT('',(-24.5,0.,0.));
#10635 = DIRECTION('',(0.,0.,1.));
#10636 = DIRECTION('',(1.,0.,-0.));
#10637 = PCURVE('',#9107,#10638);
#10638 = DEFINITIONAL_REPRESENTATION('',(#10639),#10643);
#10639 = CIRCLE('',#10640,1.999002493766);
#10640 = AXIS2_PLACEMENT_2D('',#10641,#10642);
#10641 = CARTESIAN_POINT('',(0.,3.8));
#10642 = DIRECTION('',(1.,0.));
#10643 = ( GEOMETRIC_REPRESENTATION_CONTEXT(2) 
PARAMETRIC_REPRESENTATION_CONTEXT() REPRESENTATION_CONTEXT('2D SPACE',''
  ) );
#10644 = PCURVE('',#10356,#10645);
#10645 = DEFINITIONAL_REPRESENTATION('',(#10646),#10650);
#10646 = LINE('',#10647,#10648);
#10647 = CARTESIAN_POINT('',(0.,0.4));
#10648 = VECTOR('',#10649,1.);
#10649 = DIRECTION('',(1.,0.));
#10650 = ( GEOMETRIC_REPRESENTATION_CONTEXT(2) 
PARAMETRIC_REPRESENTATION_CONTEXT() REPRESENTATION_CONTEXT('2D SPACE',''
  ) );
#10651 = ADVANCED_FACE('',(#10652),#9141,.T.);
#10652 = FACE_BOUND('',#10653,.T.);
#10653 = EDGE_LOOP('',(#10654,#10678,#10699,#10700));
#10654 = ORIENTED_EDGE('',*,*,#10655,.F.);
#10655 = EDGE_CURVE('',#10656,#10606,#10658,.T.);
#10656 = VERTEX_POINT('',#10657);
#10657 = CARTESIAN_POINT('',(-24.5,1.999002493766,0.));
#10658 = SURFACE_CURVE('',#10659,(#10664,#10671),.PCURVE_S1.);
#10659 = CIRCLE('',#10660,1.999002493766);
#10660 = AXIS2_PLACEMENT_3D('',#10661,#10662,#10663);
#10661 = CARTESIAN_POINT('',(-24.5,0.,0.));
#10662 = DIRECTION('',(0.,0.,1.));
#10663 = DIRECTION('',(1.,0.,-0.));
#10664 = PCURVE('',#9141,#10665);
#10665 = DEFINITIONAL_REPRESENTATION('',(#10666),#10670);
#10666 = CIRCLE('',#10667,1.999002493766);
#10667 = AXIS2_PLACEMENT_2D('',#10668,#10669);
#10668 = CARTESIAN_POINT('',(0.,0.));
#10669 = DIRECTION('',(1.,0.));
#10670 = ( GEOMETRIC_REPRESENTATION_CONTEXT(2) 
PARAMETRIC_REPRESENTATION_CONTEXT() REPRESENTATION_CONTEXT('2D SPACE',''
  ) );
#10671 = PCURVE('',#10356,#10672);
#10672 = DEFINITIONAL_REPRESENTATION('',(#10673),#10677);
#10673 = LINE('',#10674,#10675);
#10674 = CARTESIAN_POINT('',(0.,0.4));
#10675 = VECTOR('',#10676,1.);
#10676 = DIRECTION('',(1.,0.));
#10677 = ( GEOMETRIC_REPRESENTATION_CONTEXT(2) 
PARAMETRIC_REPRESENTATION_CONTEXT() REPRESENTATION_CONTEXT('2D SPACE',''
  ) );
#10678 = ORIENTED_EDGE('',*,*,#10679,.T.);
#10679 = EDGE_CURVE('',#10656,#9125,#10680,.T.);
#10680 = SURFACE_CURVE('',#10681,(#10685,#10692),.PCURVE_S1.);
#10681 = LINE('',#10682,#10683);
#10682 = CARTESIAN_POINT('',(-24.5,-3.8,0.));
#10683 = VECTOR('',#10684,1.);
#10684 = DIRECTION('',(-0.,1.,0.));
#10685 = PCURVE('',#9141,#10686);
#10686 = DEFINITIONAL_REPRESENTATION('',(#10687),#10691);
#10687 = LINE('',#10688,#10689);
#10688 = CARTESIAN_POINT('',(0.,-3.8));
#10689 = VECTOR('',#10690,1.);
#10690 = DIRECTION('',(0.,1.));
#10691 = ( GEOMETRIC_REPRESENTATION_CONTEXT(2) 
PARAMETRIC_REPRESENTATION_CONTEXT() REPRESENTATION_CONTEXT('2D SPACE',''
  ) );
#10692 = PCURVE('',#10327,#10693);
#10693 = DEFINITIONAL_REPRESENTATION('',(#10694),#10698);
#10694 = LINE('',#10695,#10696);
#10695 = CARTESIAN_POINT('',(0.,0.));
#10696 = VECTOR('',#10697,1.);
#10697 = DIRECTION('',(0.,1.));
#10698 = ( GEOMETRIC_REPRESENTATION_CONTEXT(2) 
PARAMETRIC_REPRESENTATION_CONTEXT() REPRESENTATION_CONTEXT('2D SPACE',''
  ) );
#10699 = ORIENTED_EDGE('',*,*,#9124,.T.);
#10700 = ORIENTED_EDGE('',*,*,#10605,.T.);
#10701 = ADVANCED_FACE('',(#10702),#9191,.F.);
#10702 = FACE_BOUND('',#10703,.F.);
#10703 = EDGE_LOOP('',(#10704,#10705,#10706,#10728));
#10704 = ORIENTED_EDGE('',*,*,#9176,.T.);
#10705 = ORIENTED_EDGE('',*,*,#10581,.T.);
#10706 = ORIENTED_EDGE('',*,*,#10707,.F.);
#10707 = EDGE_CURVE('',#10470,#10499,#10708,.T.);
#10708 = SURFACE_CURVE('',#10709,(#10714,#10721),.PCURVE_S1.);
#10709 = CIRCLE('',#10710,3.8);
#10710 = AXIS2_PLACEMENT_3D('',#10711,#10712,#10713);
#10711 = CARTESIAN_POINT('',(-20.85,0.,-5.6));
#10712 = DIRECTION('',(0.,0.,1.));
#10713 = DIRECTION('',(1.,0.,-0.));
#10714 = PCURVE('',#9191,#10715);
#10715 = DEFINITIONAL_REPRESENTATION('',(#10716),#10720);
#10716 = CIRCLE('',#10717,3.8);
#10717 = AXIS2_PLACEMENT_2D('',#10718,#10719);
#10718 = CARTESIAN_POINT('',(3.65,0.));
#10719 = DIRECTION('',(1.,0.));
#10720 = ( GEOMETRIC_REPRESENTATION_CONTEXT(2) 
PARAMETRIC_REPRESENTATION_CONTEXT() REPRESENTATION_CONTEXT('2D SPACE',''
  ) );
#10721 = PCURVE('',#10514,#10722);
#10722 = DEFINITIONAL_REPRESENTATION('',(#10723),#10727);
#10723 = CIRCLE('',#10724,3.8);
#10724 = AXIS2_PLACEMENT_2D('',#10725,#10726);
#10725 = CARTESIAN_POINT('',(3.65,0.));
#10726 = DIRECTION('',(1.,0.));
#10727 = ( GEOMETRIC_REPRESENTATION_CONTEXT(2) 
PARAMETRIC_REPRESENTATION_CONTEXT() REPRESENTATION_CONTEXT('2D SPACE',''
  ) );
#10728 = ORIENTED_EDGE('',*,*,#10729,.T.);
#10729 = EDGE_CURVE('',#10470,#9154,#10730,.T.);
#10730 = SURFACE_CURVE('',#10731,(#10735,#10742),.PCURVE_S1.);
#10731 = LINE('',#10732,#10733);
#10732 = CARTESIAN_POINT('',(-24.5,-3.8,-5.6));
#10733 = VECTOR('',#10734,1.);
#10734 = DIRECTION('',(-0.,1.,0.));
#10735 = PCURVE('',#9191,#10736);
#10736 = DEFINITIONAL_REPRESENTATION('',(#10737),#10741);
#10737 = LINE('',#10738,#10739);
#10738 = CARTESIAN_POINT('',(0.,-3.8));
#10739 = VECTOR('',#10740,1.);
#10740 = DIRECTION('',(0.,1.));
#10741 = ( GEOMETRIC_REPRESENTATION_CONTEXT(2) 
PARAMETRIC_REPRESENTATION_CONTEXT() REPRESENTATION_CONTEXT('2D SPACE',''
  ) );
#10742 = PCURVE('',#10486,#10743);
#10743 = DEFINITIONAL_REPRESENTATION('',(#10744),#10748);
#10744 = LINE('',#10745,#10746);
#10745 = CARTESIAN_POINT('',(0.,0.));
#10746 = VECTOR('',#10747,1.);
#10747 = DIRECTION('',(0.,1.));
#10748 = ( GEOMETRIC_REPRESENTATION_CONTEXT(2) 
PARAMETRIC_REPRESENTATION_CONTEXT() REPRESENTATION_CONTEXT('2D SPACE',''
  ) );
#10749 = ADVANCED_FACE('',(#10750),#9324,.T.);
#10750 = FACE_BOUND('',#10751,.T.);
#10751 = EDGE_LOOP('',(#10752,#10774,#10775,#10776));
#10752 = ORIENTED_EDGE('',*,*,#10753,.F.);
#10753 = EDGE_CURVE('',#7959,#9286,#10754,.T.);
#10754 = SURFACE_CURVE('',#10755,(#10760,#10767),.PCURVE_S1.);
#10755 = CIRCLE('',#10756,3.);
#10756 = AXIS2_PLACEMENT_3D('',#10757,#10758,#10759);
#10757 = CARTESIAN_POINT('',(17.55,23.6,0.));
#10758 = DIRECTION('',(0.,0.,1.));
#10759 = DIRECTION('',(1.,0.,-0.));
#10760 = PCURVE('',#9324,#10761);
#10761 = DEFINITIONAL_REPRESENTATION('',(#10762),#10766);
#10762 = LINE('',#10763,#10764);
#10763 = CARTESIAN_POINT('',(0.,5.6));
#10764 = VECTOR('',#10765,1.);
#10765 = DIRECTION('',(1.,0.));
#10766 = ( GEOMETRIC_REPRESENTATION_CONTEXT(2) 
PARAMETRIC_REPRESENTATION_CONTEXT() REPRESENTATION_CONTEXT('2D SPACE',''
  ) );
#10767 = PCURVE('',#9959,#10768);
#10768 = DEFINITIONAL_REPRESENTATION('',(#10769),#10773);
#10769 = CIRCLE('',#10770,3.);
#10770 = AXIS2_PLACEMENT_2D('',#10771,#10772);
#10771 = CARTESIAN_POINT('',(0.,0.));
#10772 = DIRECTION('',(1.,0.));
#10773 = ( GEOMETRIC_REPRESENTATION_CONTEXT(2) 
PARAMETRIC_REPRESENTATION_CONTEXT() REPRESENTATION_CONTEXT('2D SPACE',''
  ) );
#10774 = ORIENTED_EDGE('',*,*,#9809,.F.);
#10775 = ORIENTED_EDGE('',*,*,#9630,.T.);
#10776 = ORIENTED_EDGE('',*,*,#9308,.T.);
#10777 = ADVANCED_FACE('',(#10778),#9379,.F.);
#10778 = FACE_BOUND('',#10779,.F.);
#10779 = EDGE_LOOP('',(#10780,#10803,#10831,#10852));
#10780 = ORIENTED_EDGE('',*,*,#10781,.F.);
#10781 = EDGE_CURVE('',#10782,#9363,#10784,.T.);
#10782 = VERTEX_POINT('',#10783);
#10783 = CARTESIAN_POINT('',(-11.75,22.6,-3.1));
#10784 = SURFACE_CURVE('',#10785,(#10789,#10796),.PCURVE_S1.);
#10785 = LINE('',#10786,#10787);
#10786 = CARTESIAN_POINT('',(-11.75,22.6,-3.1));
#10787 = VECTOR('',#10788,1.);
#10788 = DIRECTION('',(-0.,1.,0.));
#10789 = PCURVE('',#9379,#10790);
#10790 = DEFINITIONAL_REPRESENTATION('',(#10791),#10795);
#10791 = LINE('',#10792,#10793);
#10792 = CARTESIAN_POINT('',(0.,0.));
#10793 = VECTOR('',#10794,1.);
#10794 = DIRECTION('',(0.,1.));
#10795 = ( GEOMETRIC_REPRESENTATION_CONTEXT(2) 
PARAMETRIC_REPRESENTATION_CONTEXT() REPRESENTATION_CONTEXT('2D SPACE',''
  ) );
#10796 = PCURVE('',#9405,#10797);
#10797 = DEFINITIONAL_REPRESENTATION('',(#10798),#10802);
#10798 = LINE('',#10799,#10800);
#10799 = CARTESIAN_POINT('',(1.5,0.));
#10800 = VECTOR('',#10801,1.);
#10801 = DIRECTION('',(0.,-1.));
#10802 = ( GEOMETRIC_REPRESENTATION_CONTEXT(2) 
PARAMETRIC_REPRESENTATION_CONTEXT() REPRESENTATION_CONTEXT('2D SPACE',''
  ) );
#10803 = ORIENTED_EDGE('',*,*,#10804,.T.);
#10804 = EDGE_CURVE('',#10782,#10805,#10807,.T.);
#10805 = VERTEX_POINT('',#10806);
#10806 = CARTESIAN_POINT('',(-9.25,22.6,-3.1));
#10807 = SURFACE_CURVE('',#10808,(#10812,#10819),.PCURVE_S1.);
#10808 = LINE('',#10809,#10810);
#10809 = CARTESIAN_POINT('',(-11.75,22.6,-3.1));
#10810 = VECTOR('',#10811,1.);
#10811 = DIRECTION('',(1.,0.,-0.));
#10812 = PCURVE('',#9379,#10813);
#10813 = DEFINITIONAL_REPRESENTATION('',(#10814),#10818);
#10814 = LINE('',#10815,#10816);
#10815 = CARTESIAN_POINT('',(0.,0.));
#10816 = VECTOR('',#10817,1.);
#10817 = DIRECTION('',(1.,0.));
#10818 = ( GEOMETRIC_REPRESENTATION_CONTEXT(2) 
PARAMETRIC_REPRESENTATION_CONTEXT() REPRESENTATION_CONTEXT('2D SPACE',''
  ) );
#10819 = PCURVE('',#10820,#10825);
#10820 = PLANE('',#10821);
#10821 = AXIS2_PLACEMENT_3D('',#10822,#10823,#10824);
#10822 = CARTESIAN_POINT('',(-11.75,22.6,-4.6));
#10823 = DIRECTION('',(-0.,1.,0.));
#10824 = DIRECTION('',(0.,0.,1.));
#10825 = DEFINITIONAL_REPRESENTATION('',(#10826),#10830);
#10826 = LINE('',#10827,#10828);
#10827 = CARTESIAN_POINT('',(1.5,0.));
#10828 = VECTOR('',#10829,1.);
#10829 = DIRECTION('',(0.,1.));
#10830 = ( GEOMETRIC_REPRESENTATION_CONTEXT(2) 
PARAMETRIC_REPRESENTATION_CONTEXT() REPRESENTATION_CONTEXT('2D SPACE',''
  ) );
#10831 = ORIENTED_EDGE('',*,*,#10832,.T.);
#10832 = EDGE_CURVE('',#10805,#9365,#10833,.T.);
#10833 = SURFACE_CURVE('',#10834,(#10838,#10845),.PCURVE_S1.);
#10834 = LINE('',#10835,#10836);
#10835 = CARTESIAN_POINT('',(-9.25,22.6,-3.1));
#10836 = VECTOR('',#10837,1.);
#10837 = DIRECTION('',(-0.,1.,0.));
#10838 = PCURVE('',#9379,#10839);
#10839 = DEFINITIONAL_REPRESENTATION('',(#10840),#10844);
#10840 = LINE('',#10841,#10842);
#10841 = CARTESIAN_POINT('',(2.5,0.));
#10842 = VECTOR('',#10843,1.);
#10843 = DIRECTION('',(0.,1.));
#10844 = ( GEOMETRIC_REPRESENTATION_CONTEXT(2) 
PARAMETRIC_REPRESENTATION_CONTEXT() REPRESENTATION_CONTEXT('2D SPACE',''
  ) );
#10845 = PCURVE('',#9455,#10846);
#10846 = DEFINITIONAL_REPRESENTATION('',(#10847),#10851);
#10847 = LINE('',#10848,#10849);
#10848 = CARTESIAN_POINT('',(1.5,0.));
#10849 = VECTOR('',#10850,1.);
#10850 = DIRECTION('',(0.,-1.));
#10851 = ( GEOMETRIC_REPRESENTATION_CONTEXT(2) 
PARAMETRIC_REPRESENTATION_CONTEXT() REPRESENTATION_CONTEXT('2D SPACE',''
  ) );
#10852 = ORIENTED_EDGE('',*,*,#9362,.F.);
#10853 = ADVANCED_FACE('',(#10854),#9405,.T.);
#10854 = FACE_BOUND('',#10855,.T.);
#10855 = EDGE_LOOP('',(#10856,#10857,#10880,#10901));
#10856 = ORIENTED_EDGE('',*,*,#10781,.F.);
#10857 = ORIENTED_EDGE('',*,*,#10858,.F.);
#10858 = EDGE_CURVE('',#10859,#10782,#10861,.T.);
#10859 = VERTEX_POINT('',#10860);
#10860 = CARTESIAN_POINT('',(-11.75,22.6,-4.6));
#10861 = SURFACE_CURVE('',#10862,(#10866,#10873),.PCURVE_S1.);
#10862 = LINE('',#10863,#10864);
#10863 = CARTESIAN_POINT('',(-11.75,22.6,-4.6));
#10864 = VECTOR('',#10865,1.);
#10865 = DIRECTION('',(0.,0.,1.));
#10866 = PCURVE('',#9405,#10867);
#10867 = DEFINITIONAL_REPRESENTATION('',(#10868),#10872);
#10868 = LINE('',#10869,#10870);
#10869 = CARTESIAN_POINT('',(0.,0.));
#10870 = VECTOR('',#10871,1.);
#10871 = DIRECTION('',(1.,0.));
#10872 = ( GEOMETRIC_REPRESENTATION_CONTEXT(2) 
PARAMETRIC_REPRESENTATION_CONTEXT() REPRESENTATION_CONTEXT('2D SPACE',''
  ) );
#10873 = PCURVE('',#10820,#10874);
#10874 = DEFINITIONAL_REPRESENTATION('',(#10875),#10879);
#10875 = LINE('',#10876,#10877);
#10876 = CARTESIAN_POINT('',(0.,0.));
#10877 = VECTOR('',#10878,1.);
#10878 = DIRECTION('',(1.,0.));
#10879 = ( GEOMETRIC_REPRESENTATION_CONTEXT(2) 
PARAMETRIC_REPRESENTATION_CONTEXT() REPRESENTATION_CONTEXT('2D SPACE',''
  ) );
#10880 = ORIENTED_EDGE('',*,*,#10881,.T.);
#10881 = EDGE_CURVE('',#10859,#9391,#10882,.T.);
#10882 = SURFACE_CURVE('',#10883,(#10887,#10894),.PCURVE_S1.);
#10883 = LINE('',#10884,#10885);
#10884 = CARTESIAN_POINT('',(-11.75,22.6,-4.6));
#10885 = VECTOR('',#10886,1.);
#10886 = DIRECTION('',(-0.,1.,0.));
#10887 = PCURVE('',#9405,#10888);
#10888 = DEFINITIONAL_REPRESENTATION('',(#10889),#10893);
#10889 = LINE('',#10890,#10891);
#10890 = CARTESIAN_POINT('',(0.,0.));
#10891 = VECTOR('',#10892,1.);
#10892 = DIRECTION('',(0.,-1.));
#10893 = ( GEOMETRIC_REPRESENTATION_CONTEXT(2) 
PARAMETRIC_REPRESENTATION_CONTEXT() REPRESENTATION_CONTEXT('2D SPACE',''
  ) );
#10894 = PCURVE('',#9431,#10895);
#10895 = DEFINITIONAL_REPRESENTATION('',(#10896),#10900);
#10896 = LINE('',#10897,#10898);
#10897 = CARTESIAN_POINT('',(0.,0.));
#10898 = VECTOR('',#10899,1.);
#10899 = DIRECTION('',(0.,1.));
#10900 = ( GEOMETRIC_REPRESENTATION_CONTEXT(2) 
PARAMETRIC_REPRESENTATION_CONTEXT() REPRESENTATION_CONTEXT('2D SPACE',''
  ) );
#10901 = ORIENTED_EDGE('',*,*,#9390,.F.);
#10902 = ADVANCED_FACE('',(#10903),#9455,.F.);
#10903 = FACE_BOUND('',#10904,.F.);
#10904 = EDGE_LOOP('',(#10905,#10906,#10929,#10950));
#10905 = ORIENTED_EDGE('',*,*,#10832,.F.);
#10906 = ORIENTED_EDGE('',*,*,#10907,.F.);
#10907 = EDGE_CURVE('',#10908,#10805,#10910,.T.);
#10908 = VERTEX_POINT('',#10909);
#10909 = CARTESIAN_POINT('',(-9.25,22.6,-4.6));
#10910 = SURFACE_CURVE('',#10911,(#10915,#10922),.PCURVE_S1.);
#10911 = LINE('',#10912,#10913);
#10912 = CARTESIAN_POINT('',(-9.25,22.6,-4.6));
#10913 = VECTOR('',#10914,1.);
#10914 = DIRECTION('',(0.,0.,1.));
#10915 = PCURVE('',#9455,#10916);
#10916 = DEFINITIONAL_REPRESENTATION('',(#10917),#10921);
#10917 = LINE('',#10918,#10919);
#10918 = CARTESIAN_POINT('',(0.,0.));
#10919 = VECTOR('',#10920,1.);
#10920 = DIRECTION('',(1.,0.));
#10921 = ( GEOMETRIC_REPRESENTATION_CONTEXT(2) 
PARAMETRIC_REPRESENTATION_CONTEXT() REPRESENTATION_CONTEXT('2D SPACE',''
  ) );
#10922 = PCURVE('',#10820,#10923);
#10923 = DEFINITIONAL_REPRESENTATION('',(#10924),#10928);
#10924 = LINE('',#10925,#10926);
#10925 = CARTESIAN_POINT('',(0.,2.5));
#10926 = VECTOR('',#10927,1.);
#10927 = DIRECTION('',(1.,0.));
#10928 = ( GEOMETRIC_REPRESENTATION_CONTEXT(2) 
PARAMETRIC_REPRESENTATION_CONTEXT() REPRESENTATION_CONTEXT('2D SPACE',''
  ) );
#10929 = ORIENTED_EDGE('',*,*,#10930,.T.);
#10930 = EDGE_CURVE('',#10908,#9417,#10931,.T.);
#10931 = SURFACE_CURVE('',#10932,(#10936,#10943),.PCURVE_S1.);
#10932 = LINE('',#10933,#10934);
#10933 = CARTESIAN_POINT('',(-9.25,22.6,-4.6));
#10934 = VECTOR('',#10935,1.);
#10935 = DIRECTION('',(-0.,1.,0.));
#10936 = PCURVE('',#9455,#10937);
#10937 = DEFINITIONAL_REPRESENTATION('',(#10938),#10942);
#10938 = LINE('',#10939,#10940);
#10939 = CARTESIAN_POINT('',(0.,0.));
#10940 = VECTOR('',#10941,1.);
#10941 = DIRECTION('',(0.,-1.));
#10942 = ( GEOMETRIC_REPRESENTATION_CONTEXT(2) 
PARAMETRIC_REPRESENTATION_CONTEXT() REPRESENTATION_CONTEXT('2D SPACE',''
  ) );
#10943 = PCURVE('',#9431,#10944);
#10944 = DEFINITIONAL_REPRESENTATION('',(#10945),#10949);
#10945 = LINE('',#10946,#10947);
#10946 = CARTESIAN_POINT('',(2.5,0.));
#10947 = VECTOR('',#10948,1.);
#10948 = DIRECTION('',(0.,1.));
#10949 = ( GEOMETRIC_REPRESENTATION_CONTEXT(2) 
PARAMETRIC_REPRESENTATION_CONTEXT() REPRESENTATION_CONTEXT('2D SPACE',''
  ) );
#10950 = ORIENTED_EDGE('',*,*,#9442,.F.);
#10951 = ADVANCED_FACE('',(#10952),#9431,.T.);
#10952 = FACE_BOUND('',#10953,.T.);
#10953 = EDGE_LOOP('',(#10954,#10955,#10976,#10977));
#10954 = ORIENTED_EDGE('',*,*,#10881,.F.);
#10955 = ORIENTED_EDGE('',*,*,#10956,.T.);
#10956 = EDGE_CURVE('',#10859,#10908,#10957,.T.);
#10957 = SURFACE_CURVE('',#10958,(#10962,#10969),.PCURVE_S1.);
#10958 = LINE('',#10959,#10960);
#10959 = CARTESIAN_POINT('',(-11.75,22.6,-4.6));
#10960 = VECTOR('',#10961,1.);
#10961 = DIRECTION('',(1.,0.,-0.));
#10962 = PCURVE('',#9431,#10963);
#10963 = DEFINITIONAL_REPRESENTATION('',(#10964),#10968);
#10964 = LINE('',#10965,#10966);
#10965 = CARTESIAN_POINT('',(0.,0.));
#10966 = VECTOR('',#10967,1.);
#10967 = DIRECTION('',(1.,0.));
#10968 = ( GEOMETRIC_REPRESENTATION_CONTEXT(2) 
PARAMETRIC_REPRESENTATION_CONTEXT() REPRESENTATION_CONTEXT('2D SPACE',''
  ) );
#10969 = PCURVE('',#10820,#10970);
#10970 = DEFINITIONAL_REPRESENTATION('',(#10971),#10975);
#10971 = LINE('',#10972,#10973);
#10972 = CARTESIAN_POINT('',(0.,0.));
#10973 = VECTOR('',#10974,1.);
#10974 = DIRECTION('',(0.,1.));
#10975 = ( GEOMETRIC_REPRESENTATION_CONTEXT(2) 
PARAMETRIC_REPRESENTATION_CONTEXT() REPRESENTATION_CONTEXT('2D SPACE',''
  ) );
#10976 = ORIENTED_EDGE('',*,*,#10930,.T.);
#10977 = ORIENTED_EDGE('',*,*,#9416,.F.);
#10978 = ADVANCED_FACE('',(#10979),#9485,.F.);
#10979 = FACE_BOUND('',#10980,.F.);
#10980 = EDGE_LOOP('',(#10981,#11004,#11032,#11053));
#10981 = ORIENTED_EDGE('',*,*,#10982,.F.);
#10982 = EDGE_CURVE('',#10983,#9469,#10985,.T.);
#10983 = VERTEX_POINT('',#10984);
#10984 = CARTESIAN_POINT('',(9.25,22.6,-3.1));
#10985 = SURFACE_CURVE('',#10986,(#10990,#10997),.PCURVE_S1.);
#10986 = LINE('',#10987,#10988);
#10987 = CARTESIAN_POINT('',(9.25,22.6,-3.1));
#10988 = VECTOR('',#10989,1.);
#10989 = DIRECTION('',(-0.,1.,0.));
#10990 = PCURVE('',#9485,#10991);
#10991 = DEFINITIONAL_REPRESENTATION('',(#10992),#10996);
#10992 = LINE('',#10993,#10994);
#10993 = CARTESIAN_POINT('',(0.,0.));
#10994 = VECTOR('',#10995,1.);
#10995 = DIRECTION('',(0.,1.));
#10996 = ( GEOMETRIC_REPRESENTATION_CONTEXT(2) 
PARAMETRIC_REPRESENTATION_CONTEXT() REPRESENTATION_CONTEXT('2D SPACE',''
  ) );
#10997 = PCURVE('',#9511,#10998);
#10998 = DEFINITIONAL_REPRESENTATION('',(#10999),#11003);
#10999 = LINE('',#11000,#11001);
#11000 = CARTESIAN_POINT('',(1.5,0.));
#11001 = VECTOR('',#11002,1.);
#11002 = DIRECTION('',(0.,-1.));
#11003 = ( GEOMETRIC_REPRESENTATION_CONTEXT(2) 
PARAMETRIC_REPRESENTATION_CONTEXT() REPRESENTATION_CONTEXT('2D SPACE',''
  ) );
#11004 = ORIENTED_EDGE('',*,*,#11005,.T.);
#11005 = EDGE_CURVE('',#10983,#11006,#11008,.T.);
#11006 = VERTEX_POINT('',#11007);
#11007 = CARTESIAN_POINT('',(11.75,22.6,-3.1));
#11008 = SURFACE_CURVE('',#11009,(#11013,#11020),.PCURVE_S1.);
#11009 = LINE('',#11010,#11011);
#11010 = CARTESIAN_POINT('',(9.25,22.6,-3.1));
#11011 = VECTOR('',#11012,1.);
#11012 = DIRECTION('',(1.,0.,-0.));
#11013 = PCURVE('',#9485,#11014);
#11014 = DEFINITIONAL_REPRESENTATION('',(#11015),#11019);
#11015 = LINE('',#11016,#11017);
#11016 = CARTESIAN_POINT('',(0.,0.));
#11017 = VECTOR('',#11018,1.);
#11018 = DIRECTION('',(1.,0.));
#11019 = ( GEOMETRIC_REPRESENTATION_CONTEXT(2) 
PARAMETRIC_REPRESENTATION_CONTEXT() REPRESENTATION_CONTEXT('2D SPACE',''
  ) );
#11020 = PCURVE('',#11021,#11026);
#11021 = PLANE('',#11022);
#11022 = AXIS2_PLACEMENT_3D('',#11023,#11024,#11025);
#11023 = CARTESIAN_POINT('',(9.25,22.6,-4.6));
#11024 = DIRECTION('',(-0.,1.,0.));
#11025 = DIRECTION('',(0.,0.,1.));
#11026 = DEFINITIONAL_REPRESENTATION('',(#11027),#11031);
#11027 = LINE('',#11028,#11029);
#11028 = CARTESIAN_POINT('',(1.5,0.));
#11029 = VECTOR('',#11030,1.);
#11030 = DIRECTION('',(0.,1.));
#11031 = ( GEOMETRIC_REPRESENTATION_CONTEXT(2) 
PARAMETRIC_REPRESENTATION_CONTEXT() REPRESENTATION_CONTEXT('2D SPACE',''
  ) );
#11032 = ORIENTED_EDGE('',*,*,#11033,.T.);
#11033 = EDGE_CURVE('',#11006,#9471,#11034,.T.);
#11034 = SURFACE_CURVE('',#11035,(#11039,#11046),.PCURVE_S1.);
#11035 = LINE('',#11036,#11037);
#11036 = CARTESIAN_POINT('',(11.75,22.6,-3.1));
#11037 = VECTOR('',#11038,1.);
#11038 = DIRECTION('',(-0.,1.,0.));
#11039 = PCURVE('',#9485,#11040);
#11040 = DEFINITIONAL_REPRESENTATION('',(#11041),#11045);
#11041 = LINE('',#11042,#11043);
#11042 = CARTESIAN_POINT('',(2.5,0.));
#11043 = VECTOR('',#11044,1.);
#11044 = DIRECTION('',(0.,1.));
#11045 = ( GEOMETRIC_REPRESENTATION_CONTEXT(2) 
PARAMETRIC_REPRESENTATION_CONTEXT() REPRESENTATION_CONTEXT('2D SPACE',''
  ) );
#11046 = PCURVE('',#9561,#11047);
#11047 = DEFINITIONAL_REPRESENTATION('',(#11048),#11052);
#11048 = LINE('',#11049,#11050);
#11049 = CARTESIAN_POINT('',(1.5,0.));
#11050 = VECTOR('',#11051,1.);
#11051 = DIRECTION('',(0.,-1.));
#11052 = ( GEOMETRIC_REPRESENTATION_CONTEXT(2) 
PARAMETRIC_REPRESENTATION_CONTEXT() REPRESENTATION_CONTEXT('2D SPACE',''
  ) );
#11053 = ORIENTED_EDGE('',*,*,#9468,.F.);
#11054 = ADVANCED_FACE('',(#11055),#9561,.F.);
#11055 = FACE_BOUND('',#11056,.F.);
#11056 = EDGE_LOOP('',(#11057,#11058,#11081,#11102));
#11057 = ORIENTED_EDGE('',*,*,#11033,.F.);
#11058 = ORIENTED_EDGE('',*,*,#11059,.F.);
#11059 = EDGE_CURVE('',#11060,#11006,#11062,.T.);
#11060 = VERTEX_POINT('',#11061);
#11061 = CARTESIAN_POINT('',(11.75,22.6,-4.6));
#11062 = SURFACE_CURVE('',#11063,(#11067,#11074),.PCURVE_S1.);
#11063 = LINE('',#11064,#11065);
#11064 = CARTESIAN_POINT('',(11.75,22.6,-4.6));
#11065 = VECTOR('',#11066,1.);
#11066 = DIRECTION('',(0.,0.,1.));
#11067 = PCURVE('',#9561,#11068);
#11068 = DEFINITIONAL_REPRESENTATION('',(#11069),#11073);
#11069 = LINE('',#11070,#11071);
#11070 = CARTESIAN_POINT('',(0.,0.));
#11071 = VECTOR('',#11072,1.);
#11072 = DIRECTION('',(1.,0.));
#11073 = ( GEOMETRIC_REPRESENTATION_CONTEXT(2) 
PARAMETRIC_REPRESENTATION_CONTEXT() REPRESENTATION_CONTEXT('2D SPACE',''
  ) );
#11074 = PCURVE('',#11021,#11075);
#11075 = DEFINITIONAL_REPRESENTATION('',(#11076),#11080);
#11076 = LINE('',#11077,#11078);
#11077 = CARTESIAN_POINT('',(0.,2.5));
#11078 = VECTOR('',#11079,1.);
#11079 = DIRECTION('',(1.,0.));
#11080 = ( GEOMETRIC_REPRESENTATION_CONTEXT(2) 
PARAMETRIC_REPRESENTATION_CONTEXT() REPRESENTATION_CONTEXT('2D SPACE',''
  ) );
#11081 = ORIENTED_EDGE('',*,*,#11082,.T.);
#11082 = EDGE_CURVE('',#11060,#9523,#11083,.T.);
#11083 = SURFACE_CURVE('',#11084,(#11088,#11095),.PCURVE_S1.);
#11084 = LINE('',#11085,#11086);
#11085 = CARTESIAN_POINT('',(11.75,22.6,-4.6));
#11086 = VECTOR('',#11087,1.);
#11087 = DIRECTION('',(-0.,1.,0.));
#11088 = PCURVE('',#9561,#11089);
#11089 = DEFINITIONAL_REPRESENTATION('',(#11090),#11094);
#11090 = LINE('',#11091,#11092);
#11091 = CARTESIAN_POINT('',(0.,0.));
#11092 = VECTOR('',#11093,1.);
#11093 = DIRECTION('',(0.,-1.));
#11094 = ( GEOMETRIC_REPRESENTATION_CONTEXT(2) 
PARAMETRIC_REPRESENTATION_CONTEXT() REPRESENTATION_CONTEXT('2D SPACE',''
  ) );
#11095 = PCURVE('',#9537,#11096);
#11096 = DEFINITIONAL_REPRESENTATION('',(#11097),#11101);
#11097 = LINE('',#11098,#11099);
#11098 = CARTESIAN_POINT('',(2.5,0.));
#11099 = VECTOR('',#11100,1.);
#11100 = DIRECTION('',(0.,1.));
#11101 = ( GEOMETRIC_REPRESENTATION_CONTEXT(2) 
PARAMETRIC_REPRESENTATION_CONTEXT() REPRESENTATION_CONTEXT('2D SPACE',''
  ) );
#11102 = ORIENTED_EDGE('',*,*,#9548,.F.);
#11103 = ADVANCED_FACE('',(#11104),#9537,.T.);
#11104 = FACE_BOUND('',#11105,.T.);
#11105 = EDGE_LOOP('',(#11106,#11129,#11150,#11151));
#11106 = ORIENTED_EDGE('',*,*,#11107,.F.);
#11107 = EDGE_CURVE('',#11108,#9497,#11110,.T.);
#11108 = VERTEX_POINT('',#11109);
#11109 = CARTESIAN_POINT('',(9.25,22.6,-4.6));
#11110 = SURFACE_CURVE('',#11111,(#11115,#11122),.PCURVE_S1.);
#11111 = LINE('',#11112,#11113);
#11112 = CARTESIAN_POINT('',(9.25,22.6,-4.6));
#11113 = VECTOR('',#11114,1.);
#11114 = DIRECTION('',(-0.,1.,0.));
#11115 = PCURVE('',#9537,#11116);
#11116 = DEFINITIONAL_REPRESENTATION('',(#11117),#11121);
#11117 = LINE('',#11118,#11119);
#11118 = CARTESIAN_POINT('',(0.,0.));
#11119 = VECTOR('',#11120,1.);
#11120 = DIRECTION('',(0.,1.));
#11121 = ( GEOMETRIC_REPRESENTATION_CONTEXT(2) 
PARAMETRIC_REPRESENTATION_CONTEXT() REPRESENTATION_CONTEXT('2D SPACE',''
  ) );
#11122 = PCURVE('',#9511,#11123);
#11123 = DEFINITIONAL_REPRESENTATION('',(#11124),#11128);
#11124 = LINE('',#11125,#11126);
#11125 = CARTESIAN_POINT('',(0.,0.));
#11126 = VECTOR('',#11127,1.);
#11127 = DIRECTION('',(0.,-1.));
#11128 = ( GEOMETRIC_REPRESENTATION_CONTEXT(2) 
PARAMETRIC_REPRESENTATION_CONTEXT() REPRESENTATION_CONTEXT('2D SPACE',''
  ) );
#11129 = ORIENTED_EDGE('',*,*,#11130,.T.);
#11130 = EDGE_CURVE('',#11108,#11060,#11131,.T.);
#11131 = SURFACE_CURVE('',#11132,(#11136,#11143),.PCURVE_S1.);
#11132 = LINE('',#11133,#11134);
#11133 = CARTESIAN_POINT('',(9.25,22.6,-4.6));
#11134 = VECTOR('',#11135,1.);
#11135 = DIRECTION('',(1.,0.,-0.));
#11136 = PCURVE('',#9537,#11137);
#11137 = DEFINITIONAL_REPRESENTATION('',(#11138),#11142);
#11138 = LINE('',#11139,#11140);
#11139 = CARTESIAN_POINT('',(0.,0.));
#11140 = VECTOR('',#11141,1.);
#11141 = DIRECTION('',(1.,0.));
#11142 = ( GEOMETRIC_REPRESENTATION_CONTEXT(2) 
PARAMETRIC_REPRESENTATION_CONTEXT() REPRESENTATION_CONTEXT('2D SPACE',''
  ) );
#11143 = PCURVE('',#11021,#11144);
#11144 = DEFINITIONAL_REPRESENTATION('',(#11145),#11149);
#11145 = LINE('',#11146,#11147);
#11146 = CARTESIAN_POINT('',(0.,0.));
#11147 = VECTOR('',#11148,1.);
#11148 = DIRECTION('',(0.,1.));
#11149 = ( GEOMETRIC_REPRESENTATION_CONTEXT(2) 
PARAMETRIC_REPRESENTATION_CONTEXT() REPRESENTATION_CONTEXT('2D SPACE',''
  ) );
#11150 = ORIENTED_EDGE('',*,*,#11082,.T.);
#11151 = ORIENTED_EDGE('',*,*,#9522,.F.);
#11152 = ADVANCED_FACE('',(#11153),#9511,.T.);
#11153 = FACE_BOUND('',#11154,.T.);
#11154 = EDGE_LOOP('',(#11155,#11156,#11177,#11178));
#11155 = ORIENTED_EDGE('',*,*,#10982,.F.);
#11156 = ORIENTED_EDGE('',*,*,#11157,.F.);
#11157 = EDGE_CURVE('',#11108,#10983,#11158,.T.);
#11158 = SURFACE_CURVE('',#11159,(#11163,#11170),.PCURVE_S1.);
#11159 = LINE('',#11160,#11161);
#11160 = CARTESIAN_POINT('',(9.25,22.6,-4.6));
#11161 = VECTOR('',#11162,1.);
#11162 = DIRECTION('',(0.,0.,1.));
#11163 = PCURVE('',#9511,#11164);
#11164 = DEFINITIONAL_REPRESENTATION('',(#11165),#11169);
#11165 = LINE('',#11166,#11167);
#11166 = CARTESIAN_POINT('',(0.,0.));
#11167 = VECTOR('',#11168,1.);
#11168 = DIRECTION('',(1.,0.));
#11169 = ( GEOMETRIC_REPRESENTATION_CONTEXT(2) 
PARAMETRIC_REPRESENTATION_CONTEXT() REPRESENTATION_CONTEXT('2D SPACE',''
  ) );
#11170 = PCURVE('',#11021,#11171);
#11171 = DEFINITIONAL_REPRESENTATION('',(#11172),#11176);
#11172 = LINE('',#11173,#11174);
#11173 = CARTESIAN_POINT('',(0.,0.));
#11174 = VECTOR('',#11175,1.);
#11175 = DIRECTION('',(1.,0.));
#11176 = ( GEOMETRIC_REPRESENTATION_CONTEXT(2) 
PARAMETRIC_REPRESENTATION_CONTEXT() REPRESENTATION_CONTEXT('2D SPACE',''
  ) );
#11177 = ORIENTED_EDGE('',*,*,#11107,.T.);
#11178 = ORIENTED_EDGE('',*,*,#9496,.F.);
#11179 = ADVANCED_FACE('',(#11180),#9672,.T.);
#11180 = FACE_BOUND('',#11181,.T.);
#11181 = EDGE_LOOP('',(#11182,#11183,#11184));
#11182 = ORIENTED_EDGE('',*,*,#10229,.F.);
#11183 = ORIENTED_EDGE('',*,*,#9658,.T.);
#11184 = ORIENTED_EDGE('',*,*,#9715,.T.);
#11185 = ADVANCED_FACE('',(#11186),#9702,.T.);
#11186 = FACE_BOUND('',#11187,.T.);
#11187 = EDGE_LOOP('',(#11188,#11209,#11210));
#11188 = ORIENTED_EDGE('',*,*,#11189,.T.);
#11189 = EDGE_CURVE('',#9742,#9286,#11190,.T.);
#11190 = SURFACE_CURVE('',#11191,(#11195,#11202),.PCURVE_S1.);
#11191 = LINE('',#11192,#11193);
#11192 = CARTESIAN_POINT('',(17.55,-15.6,0.));
#11193 = VECTOR('',#11194,1.);
#11194 = DIRECTION('',(-0.,1.,0.));
#11195 = PCURVE('',#9702,#11196);
#11196 = DEFINITIONAL_REPRESENTATION('',(#11197),#11201);
#11197 = LINE('',#11198,#11199);
#11198 = CARTESIAN_POINT('',(35.1,0.));
#11199 = VECTOR('',#11200,1.);
#11200 = DIRECTION('',(0.,1.));
#11201 = ( GEOMETRIC_REPRESENTATION_CONTEXT(2) 
PARAMETRIC_REPRESENTATION_CONTEXT() REPRESENTATION_CONTEXT('2D SPACE',''
  ) );
#11202 = PCURVE('',#9959,#11203);
#11203 = DEFINITIONAL_REPRESENTATION('',(#11204),#11208);
#11204 = LINE('',#11205,#11206);
#11205 = CARTESIAN_POINT('',(0.,-39.2));
#11206 = VECTOR('',#11207,1.);
#11207 = DIRECTION('',(0.,1.));
#11208 = ( GEOMETRIC_REPRESENTATION_CONTEXT(2) 
PARAMETRIC_REPRESENTATION_CONTEXT() REPRESENTATION_CONTEXT('2D SPACE',''
  ) );
#11209 = ORIENTED_EDGE('',*,*,#9687,.T.);
#11210 = ORIENTED_EDGE('',*,*,#9741,.T.);
#11211 = ADVANCED_FACE('',(#11212),#9851,.F.);
#11212 = FACE_BOUND('',#11213,.F.);
#11213 = EDGE_LOOP('',(#11214,#11243,#11270));
#11214 = ORIENTED_EDGE('',*,*,#11215,.F.);
#11215 = EDGE_CURVE('',#11216,#9834,#11218,.T.);
#11216 = VERTEX_POINT('',#11217);
#11217 = CARTESIAN_POINT('',(22.675,3.333072906493,-5.6));
#11218 = SURFACE_CURVE('',#11219,(#11224,#11231),.PCURVE_S1.);
#11219 = CIRCLE('',#11220,3.8);
#11220 = AXIS2_PLACEMENT_3D('',#11221,#11222,#11223);
#11221 = CARTESIAN_POINT('',(24.5,0.,-5.6));
#11222 = DIRECTION('',(0.,0.,1.));
#11223 = DIRECTION('',(1.,0.,-0.));
#11224 = PCURVE('',#9851,#11225);
#11225 = DEFINITIONAL_REPRESENTATION('',(#11226),#11230);
#11226 = CIRCLE('',#11227,3.8);
#11227 = AXIS2_PLACEMENT_2D('',#11228,#11229);
#11228 = CARTESIAN_POINT('',(3.65,3.8));
#11229 = DIRECTION('',(1.,0.));
#11230 = ( GEOMETRIC_REPRESENTATION_CONTEXT(2) 
PARAMETRIC_REPRESENTATION_CONTEXT() REPRESENTATION_CONTEXT('2D SPACE',''
  ) );
#11231 = PCURVE('',#11232,#11237);
#11232 = PLANE('',#11233);
#11233 = AXIS2_PLACEMENT_3D('',#11234,#11235,#11236);
#11234 = CARTESIAN_POINT('',(20.85,-3.8,-5.6));
#11235 = DIRECTION('',(0.,0.,1.));
#11236 = DIRECTION('',(1.,0.,-0.));
#11237 = DEFINITIONAL_REPRESENTATION('',(#11238),#11242);
#11238 = CIRCLE('',#11239,3.8);
#11239 = AXIS2_PLACEMENT_2D('',#11240,#11241);
#11240 = CARTESIAN_POINT('',(3.65,3.8));
#11241 = DIRECTION('',(1.,0.));
#11242 = ( GEOMETRIC_REPRESENTATION_CONTEXT(2) 
PARAMETRIC_REPRESENTATION_CONTEXT() REPRESENTATION_CONTEXT('2D SPACE',''
  ) );
#11243 = ORIENTED_EDGE('',*,*,#11244,.T.);
#11244 = EDGE_CURVE('',#11216,#9836,#11245,.T.);
#11245 = SURFACE_CURVE('',#11246,(#11251,#11258),.PCURVE_S1.);
#11246 = CIRCLE('',#11247,3.8);
#11247 = AXIS2_PLACEMENT_3D('',#11248,#11249,#11250);
#11248 = CARTESIAN_POINT('',(20.85,0.,-5.6));
#11249 = DIRECTION('',(0.,0.,1.));
#11250 = DIRECTION('',(1.,0.,-0.));
#11251 = PCURVE('',#9851,#11252);
#11252 = DEFINITIONAL_REPRESENTATION('',(#11253),#11257);
#11253 = CIRCLE('',#11254,3.8);
#11254 = AXIS2_PLACEMENT_2D('',#11255,#11256);
#11255 = CARTESIAN_POINT('',(0.,3.8));
#11256 = DIRECTION('',(1.,0.));
#11257 = ( GEOMETRIC_REPRESENTATION_CONTEXT(2) 
PARAMETRIC_REPRESENTATION_CONTEXT() REPRESENTATION_CONTEXT('2D SPACE',''
  ) );
#11258 = PCURVE('',#11259,#11264);
#11259 = PLANE('',#11260);
#11260 = AXIS2_PLACEMENT_3D('',#11261,#11262,#11263);
#11261 = CARTESIAN_POINT('',(20.85,-3.8,-5.6));
#11262 = DIRECTION('',(0.,0.,1.));
#11263 = DIRECTION('',(1.,0.,-0.));
#11264 = DEFINITIONAL_REPRESENTATION('',(#11265),#11269);
#11265 = CIRCLE('',#11266,3.8);
#11266 = AXIS2_PLACEMENT_2D('',#11267,#11268);
#11267 = CARTESIAN_POINT('',(0.,3.8));
#11268 = DIRECTION('',(1.,0.));
#11269 = ( GEOMETRIC_REPRESENTATION_CONTEXT(2) 
PARAMETRIC_REPRESENTATION_CONTEXT() REPRESENTATION_CONTEXT('2D SPACE',''
  ) );
#11270 = ORIENTED_EDGE('',*,*,#9833,.F.);
#11271 = ADVANCED_FACE('',(#11272),#9930,.F.);
#11272 = FACE_BOUND('',#11273,.F.);
#11273 = EDGE_LOOP('',(#11274,#11275));
#11274 = ORIENTED_EDGE('',*,*,#9915,.T.);
#11275 = ORIENTED_EDGE('',*,*,#11276,.T.);
#11276 = EDGE_CURVE('',#9888,#9834,#11277,.T.);
#11277 = SURFACE_CURVE('',#11278,(#11282,#11289),.PCURVE_S1.);
#11278 = LINE('',#11279,#11280);
#11279 = CARTESIAN_POINT('',(20.85,-3.8,-5.6));
#11280 = VECTOR('',#11281,1.);
#11281 = DIRECTION('',(-0.,1.,0.));
#11282 = PCURVE('',#9930,#11283);
#11283 = DEFINITIONAL_REPRESENTATION('',(#11284),#11288);
#11284 = LINE('',#11285,#11286);
#11285 = CARTESIAN_POINT('',(0.,-3.8));
#11286 = VECTOR('',#11287,1.);
#11287 = DIRECTION('',(0.,1.));
#11288 = ( GEOMETRIC_REPRESENTATION_CONTEXT(2) 
PARAMETRIC_REPRESENTATION_CONTEXT() REPRESENTATION_CONTEXT('2D SPACE',''
  ) );
#11289 = PCURVE('',#11232,#11290);
#11290 = DEFINITIONAL_REPRESENTATION('',(#11291),#11295);
#11291 = LINE('',#11292,#11293);
#11292 = CARTESIAN_POINT('',(0.,0.));
#11293 = VECTOR('',#11294,1.);
#11294 = DIRECTION('',(0.,1.));
#11295 = ( GEOMETRIC_REPRESENTATION_CONTEXT(2) 
PARAMETRIC_REPRESENTATION_CONTEXT() REPRESENTATION_CONTEXT('2D SPACE',''
  ) );
#11296 = ADVANCED_FACE('',(#11297),#9903,.F.);
#11297 = FACE_BOUND('',#11298,.F.);
#11298 = EDGE_LOOP('',(#11299,#11323,#11345));
#11299 = ORIENTED_EDGE('',*,*,#11300,.T.);
#11300 = EDGE_CURVE('',#8552,#11301,#11303,.T.);
#11301 = VERTEX_POINT('',#11302);
#11302 = CARTESIAN_POINT('',(22.675,-3.333072906493,-5.6));
#11303 = SURFACE_CURVE('',#11304,(#11309,#11316),.PCURVE_S1.);
#11304 = CIRCLE('',#11305,3.8);
#11305 = AXIS2_PLACEMENT_3D('',#11306,#11307,#11308);
#11306 = CARTESIAN_POINT('',(20.85,0.,-5.6));
#11307 = DIRECTION('',(0.,0.,1.));
#11308 = DIRECTION('',(1.,0.,-0.));
#11309 = PCURVE('',#9903,#11310);
#11310 = DEFINITIONAL_REPRESENTATION('',(#11311),#11315);
#11311 = CIRCLE('',#11312,3.8);
#11312 = AXIS2_PLACEMENT_2D('',#11313,#11314);
#11313 = CARTESIAN_POINT('',(0.,3.8));
#11314 = DIRECTION('',(1.,0.));
#11315 = ( GEOMETRIC_REPRESENTATION_CONTEXT(2) 
PARAMETRIC_REPRESENTATION_CONTEXT() REPRESENTATION_CONTEXT('2D SPACE',''
  ) );
#11316 = PCURVE('',#10164,#11317);
#11317 = DEFINITIONAL_REPRESENTATION('',(#11318),#11322);
#11318 = CIRCLE('',#11319,3.8);
#11319 = AXIS2_PLACEMENT_2D('',#11320,#11321);
#11320 = CARTESIAN_POINT('',(0.,3.8));
#11321 = DIRECTION('',(1.,0.));
#11322 = ( GEOMETRIC_REPRESENTATION_CONTEXT(2) 
PARAMETRIC_REPRESENTATION_CONTEXT() REPRESENTATION_CONTEXT('2D SPACE',''
  ) );
#11323 = ORIENTED_EDGE('',*,*,#11324,.F.);
#11324 = EDGE_CURVE('',#9888,#11301,#11325,.T.);
#11325 = SURFACE_CURVE('',#11326,(#11331,#11338),.PCURVE_S1.);
#11326 = CIRCLE('',#11327,3.8);
#11327 = AXIS2_PLACEMENT_3D('',#11328,#11329,#11330);
#11328 = CARTESIAN_POINT('',(24.5,0.,-5.6));
#11329 = DIRECTION('',(0.,0.,1.));
#11330 = DIRECTION('',(1.,0.,-0.));
#11331 = PCURVE('',#9903,#11332);
#11332 = DEFINITIONAL_REPRESENTATION('',(#11333),#11337);
#11333 = CIRCLE('',#11334,3.8);
#11334 = AXIS2_PLACEMENT_2D('',#11335,#11336);
#11335 = CARTESIAN_POINT('',(3.65,3.8));
#11336 = DIRECTION('',(1.,0.));
#11337 = ( GEOMETRIC_REPRESENTATION_CONTEXT(2) 
PARAMETRIC_REPRESENTATION_CONTEXT() REPRESENTATION_CONTEXT('2D SPACE',''
  ) );
#11338 = PCURVE('',#11232,#11339);
#11339 = DEFINITIONAL_REPRESENTATION('',(#11340),#11344);
#11340 = CIRCLE('',#11341,3.8);
#11341 = AXIS2_PLACEMENT_2D('',#11342,#11343);
#11342 = CARTESIAN_POINT('',(3.65,3.8));
#11343 = DIRECTION('',(1.,0.));
#11344 = ( GEOMETRIC_REPRESENTATION_CONTEXT(2) 
PARAMETRIC_REPRESENTATION_CONTEXT() REPRESENTATION_CONTEXT('2D SPACE',''
  ) );
#11345 = ORIENTED_EDGE('',*,*,#9887,.F.);
#11346 = ADVANCED_FACE('',(#11347),#9959,.T.);
#11347 = FACE_BOUND('',#11348,.T.);
#11348 = EDGE_LOOP('',(#11349,#11350,#11351));
#11349 = ORIENTED_EDGE('',*,*,#9945,.T.);
#11350 = ORIENTED_EDGE('',*,*,#10753,.T.);
#11351 = ORIENTED_EDGE('',*,*,#11189,.F.);
#11352 = ADVANCED_FACE('',(#11353),#9993,.T.);
#11353 = FACE_BOUND('',#11354,.T.);
#11354 = EDGE_LOOP('',(#11355,#11356,#11385,#11414,#11441,#11442));
#11355 = ORIENTED_EDGE('',*,*,#10090,.T.);
#11356 = ORIENTED_EDGE('',*,*,#11357,.T.);
#11357 = EDGE_CURVE('',#10062,#11358,#11360,.T.);
#11358 = VERTEX_POINT('',#11359);
#11359 = CARTESIAN_POINT('',(24.105683428756,-1.959725851165,0.));
#11360 = SURFACE_CURVE('',#11361,(#11366,#11373),.PCURVE_S1.);
#11361 = CIRCLE('',#11362,3.8);
#11362 = AXIS2_PLACEMENT_3D('',#11363,#11364,#11365);
#11363 = CARTESIAN_POINT('',(20.85,0.,0.));
#11364 = DIRECTION('',(0.,0.,1.));
#11365 = DIRECTION('',(1.,0.,-0.));
#11366 = PCURVE('',#9993,#11367);
#11367 = DEFINITIONAL_REPRESENTATION('',(#11368),#11372);
#11368 = CIRCLE('',#11369,3.8);
#11369 = AXIS2_PLACEMENT_2D('',#11370,#11371);
#11370 = CARTESIAN_POINT('',(0.,3.8));
#11371 = DIRECTION('',(1.,0.));
#11372 = ( GEOMETRIC_REPRESENTATION_CONTEXT(2) 
PARAMETRIC_REPRESENTATION_CONTEXT() REPRESENTATION_CONTEXT('2D SPACE',''
  ) );
#11373 = PCURVE('',#11374,#11379);
#11374 = PLANE('',#11375);
#11375 = AXIS2_PLACEMENT_3D('',#11376,#11377,#11378);
#11376 = CARTESIAN_POINT('',(20.85,-3.8,0.));
#11377 = DIRECTION('',(0.,0.,1.));
#11378 = DIRECTION('',(1.,0.,-0.));
#11379 = DEFINITIONAL_REPRESENTATION('',(#11380),#11384);
#11380 = CIRCLE('',#11381,3.8);
#11381 = AXIS2_PLACEMENT_2D('',#11382,#11383);
#11382 = CARTESIAN_POINT('',(0.,3.8));
#11383 = DIRECTION('',(1.,0.));
#11384 = ( GEOMETRIC_REPRESENTATION_CONTEXT(2) 
PARAMETRIC_REPRESENTATION_CONTEXT() REPRESENTATION_CONTEXT('2D SPACE',''
  ) );
#11385 = ORIENTED_EDGE('',*,*,#11386,.F.);
#11386 = EDGE_CURVE('',#11387,#11358,#11389,.T.);
#11387 = VERTEX_POINT('',#11388);
#11388 = CARTESIAN_POINT('',(24.105683428756,1.959725851165,0.));
#11389 = SURFACE_CURVE('',#11390,(#11395,#11402),.PCURVE_S1.);
#11390 = CIRCLE('',#11391,1.999002493766);
#11391 = AXIS2_PLACEMENT_3D('',#11392,#11393,#11394);
#11392 = CARTESIAN_POINT('',(24.5,0.,0.));
#11393 = DIRECTION('',(0.,0.,1.));
#11394 = DIRECTION('',(1.,0.,-0.));
#11395 = PCURVE('',#9993,#11396);
#11396 = DEFINITIONAL_REPRESENTATION('',(#11397),#11401);
#11397 = CIRCLE('',#11398,1.999002493766);
#11398 = AXIS2_PLACEMENT_2D('',#11399,#11400);
#11399 = CARTESIAN_POINT('',(3.65,3.8));
#11400 = DIRECTION('',(1.,0.));
#11401 = ( GEOMETRIC_REPRESENTATION_CONTEXT(2) 
PARAMETRIC_REPRESENTATION_CONTEXT() REPRESENTATION_CONTEXT('2D SPACE',''
  ) );
#11402 = PCURVE('',#11403,#11408);
#11403 = CONICAL_SURFACE('',#11404,1.6,0.784149724595);
#11404 = AXIS2_PLACEMENT_3D('',#11405,#11406,#11407);
#11405 = CARTESIAN_POINT('',(24.5,0.,-0.4));
#11406 = DIRECTION('',(0.,0.,1.));
#11407 = DIRECTION('',(1.,0.,-0.));
#11408 = DEFINITIONAL_REPRESENTATION('',(#11409),#11413);
#11409 = LINE('',#11410,#11411);
#11410 = CARTESIAN_POINT('',(0.,0.4));
#11411 = VECTOR('',#11412,1.);
#11412 = DIRECTION('',(1.,0.));
#11413 = ( GEOMETRIC_REPRESENTATION_CONTEXT(2) 
PARAMETRIC_REPRESENTATION_CONTEXT() REPRESENTATION_CONTEXT('2D SPACE',''
  ) );
#11414 = ORIENTED_EDGE('',*,*,#11415,.T.);
#11415 = EDGE_CURVE('',#11387,#9977,#11416,.T.);
#11416 = SURFACE_CURVE('',#11417,(#11422,#11429),.PCURVE_S1.);
#11417 = CIRCLE('',#11418,3.8);
#11418 = AXIS2_PLACEMENT_3D('',#11419,#11420,#11421);
#11419 = CARTESIAN_POINT('',(20.85,0.,0.));
#11420 = DIRECTION('',(0.,0.,1.));
#11421 = DIRECTION('',(1.,0.,-0.));
#11422 = PCURVE('',#9993,#11423);
#11423 = DEFINITIONAL_REPRESENTATION('',(#11424),#11428);
#11424 = CIRCLE('',#11425,3.8);
#11425 = AXIS2_PLACEMENT_2D('',#11426,#11427);
#11426 = CARTESIAN_POINT('',(0.,3.8));
#11427 = DIRECTION('',(1.,0.));
#11428 = ( GEOMETRIC_REPRESENTATION_CONTEXT(2) 
PARAMETRIC_REPRESENTATION_CONTEXT() REPRESENTATION_CONTEXT('2D SPACE',''
  ) );
#11429 = PCURVE('',#11430,#11435);
#11430 = PLANE('',#11431);
#11431 = AXIS2_PLACEMENT_3D('',#11432,#11433,#11434);
#11432 = CARTESIAN_POINT('',(20.85,-3.8,0.));
#11433 = DIRECTION('',(0.,0.,1.));
#11434 = DIRECTION('',(1.,0.,-0.));
#11435 = DEFINITIONAL_REPRESENTATION('',(#11436),#11440);
#11436 = CIRCLE('',#11437,3.8);
#11437 = AXIS2_PLACEMENT_2D('',#11438,#11439);
#11438 = CARTESIAN_POINT('',(0.,3.8));
#11439 = DIRECTION('',(1.,0.));
#11440 = ( GEOMETRIC_REPRESENTATION_CONTEXT(2) 
PARAMETRIC_REPRESENTATION_CONTEXT() REPRESENTATION_CONTEXT('2D SPACE',''
  ) );
#11441 = ORIENTED_EDGE('',*,*,#9976,.T.);
#11442 = ORIENTED_EDGE('',*,*,#10037,.F.);
#11443 = ADVANCED_FACE('',(#11444),#10020,.T.);
#11444 = FACE_BOUND('',#11445,.T.);
#11445 = EDGE_LOOP('',(#11446,#11470,#11491));
#11446 = ORIENTED_EDGE('',*,*,#11447,.F.);
#11447 = EDGE_CURVE('',#11448,#9977,#11450,.T.);
#11448 = VERTEX_POINT('',#11449);
#11449 = CARTESIAN_POINT('',(24.5,3.8,0.));
#11450 = SURFACE_CURVE('',#11451,(#11456,#11463),.PCURVE_S1.);
#11451 = CIRCLE('',#11452,3.8);
#11452 = AXIS2_PLACEMENT_3D('',#11453,#11454,#11455);
#11453 = CARTESIAN_POINT('',(24.5,0.,0.));
#11454 = DIRECTION('',(0.,0.,1.));
#11455 = DIRECTION('',(1.,0.,-0.));
#11456 = PCURVE('',#10020,#11457);
#11457 = DEFINITIONAL_REPRESENTATION('',(#11458),#11462);
#11458 = CIRCLE('',#11459,3.8);
#11459 = AXIS2_PLACEMENT_2D('',#11460,#11461);
#11460 = CARTESIAN_POINT('',(3.65,3.8));
#11461 = DIRECTION('',(1.,0.));
#11462 = ( GEOMETRIC_REPRESENTATION_CONTEXT(2) 
PARAMETRIC_REPRESENTATION_CONTEXT() REPRESENTATION_CONTEXT('2D SPACE',''
  ) );
#11463 = PCURVE('',#11430,#11464);
#11464 = DEFINITIONAL_REPRESENTATION('',(#11465),#11469);
#11465 = CIRCLE('',#11466,3.8);
#11466 = AXIS2_PLACEMENT_2D('',#11467,#11468);
#11467 = CARTESIAN_POINT('',(3.65,3.8));
#11468 = DIRECTION('',(1.,0.));
#11469 = ( GEOMETRIC_REPRESENTATION_CONTEXT(2) 
PARAMETRIC_REPRESENTATION_CONTEXT() REPRESENTATION_CONTEXT('2D SPACE',''
  ) );
#11470 = ORIENTED_EDGE('',*,*,#11471,.F.);
#11471 = EDGE_CURVE('',#8412,#11448,#11472,.T.);
#11472 = SURFACE_CURVE('',#11473,(#11477,#11484),.PCURVE_S1.);
#11473 = LINE('',#11474,#11475);
#11474 = CARTESIAN_POINT('',(20.85,3.8,0.));
#11475 = VECTOR('',#11476,1.);
#11476 = DIRECTION('',(1.,0.,-0.));
#11477 = PCURVE('',#10020,#11478);
#11478 = DEFINITIONAL_REPRESENTATION('',(#11479),#11483);
#11479 = LINE('',#11480,#11481);
#11480 = CARTESIAN_POINT('',(0.,7.6));
#11481 = VECTOR('',#11482,1.);
#11482 = DIRECTION('',(1.,0.));
#11483 = ( GEOMETRIC_REPRESENTATION_CONTEXT(2) 
PARAMETRIC_REPRESENTATION_CONTEXT() REPRESENTATION_CONTEXT('2D SPACE',''
  ) );
#11484 = PCURVE('',#10131,#11485);
#11485 = DEFINITIONAL_REPRESENTATION('',(#11486),#11490);
#11486 = LINE('',#11487,#11488);
#11487 = CARTESIAN_POINT('',(5.6,0.));
#11488 = VECTOR('',#11489,1.);
#11489 = DIRECTION('',(0.,1.));
#11490 = ( GEOMETRIC_REPRESENTATION_CONTEXT(2) 
PARAMETRIC_REPRESENTATION_CONTEXT() REPRESENTATION_CONTEXT('2D SPACE',''
  ) );
#11491 = ORIENTED_EDGE('',*,*,#10005,.F.);
#11492 = ADVANCED_FACE('',(#11493),#10078,.T.);
#11493 = FACE_BOUND('',#11494,.T.);
#11494 = EDGE_LOOP('',(#11495,#11496,#11497));
#11495 = ORIENTED_EDGE('',*,*,#10061,.F.);
#11496 = ORIENTED_EDGE('',*,*,#10177,.T.);
#11497 = ORIENTED_EDGE('',*,*,#11498,.F.);
#11498 = EDGE_CURVE('',#10062,#10178,#11499,.T.);
#11499 = SURFACE_CURVE('',#11500,(#11505,#11512),.PCURVE_S1.);
#11500 = CIRCLE('',#11501,3.8);
#11501 = AXIS2_PLACEMENT_3D('',#11502,#11503,#11504);
#11502 = CARTESIAN_POINT('',(24.5,0.,0.));
#11503 = DIRECTION('',(0.,0.,1.));
#11504 = DIRECTION('',(1.,0.,-0.));
#11505 = PCURVE('',#10078,#11506);
#11506 = DEFINITIONAL_REPRESENTATION('',(#11507),#11511);
#11507 = CIRCLE('',#11508,3.8);
#11508 = AXIS2_PLACEMENT_2D('',#11509,#11510);
#11509 = CARTESIAN_POINT('',(3.65,3.8));
#11510 = DIRECTION('',(1.,0.));
#11511 = ( GEOMETRIC_REPRESENTATION_CONTEXT(2) 
PARAMETRIC_REPRESENTATION_CONTEXT() REPRESENTATION_CONTEXT('2D SPACE',''
  ) );
#11512 = PCURVE('',#11374,#11513);
#11513 = DEFINITIONAL_REPRESENTATION('',(#11514),#11518);
#11514 = CIRCLE('',#11515,3.8);
#11515 = AXIS2_PLACEMENT_2D('',#11516,#11517);
#11516 = CARTESIAN_POINT('',(3.65,3.8));
#11517 = DIRECTION('',(1.,0.));
#11518 = ( GEOMETRIC_REPRESENTATION_CONTEXT(2) 
PARAMETRIC_REPRESENTATION_CONTEXT() REPRESENTATION_CONTEXT('2D SPACE',''
  ) );
#11519 = ADVANCED_FACE('',(#11520),#10131,.T.);
#11520 = FACE_BOUND('',#11521,.T.);
#11521 = EDGE_LOOP('',(#11522,#11545,#11546,#11547));
#11522 = ORIENTED_EDGE('',*,*,#11523,.F.);
#11523 = EDGE_CURVE('',#9836,#11524,#11526,.T.);
#11524 = VERTEX_POINT('',#11525);
#11525 = CARTESIAN_POINT('',(24.5,3.8,-5.6));
#11526 = SURFACE_CURVE('',#11527,(#11531,#11538),.PCURVE_S1.);
#11527 = LINE('',#11528,#11529);
#11528 = CARTESIAN_POINT('',(20.85,3.8,-5.6));
#11529 = VECTOR('',#11530,1.);
#11530 = DIRECTION('',(1.,0.,-0.));
#11531 = PCURVE('',#10131,#11532);
#11532 = DEFINITIONAL_REPRESENTATION('',(#11533),#11537);
#11533 = LINE('',#11534,#11535);
#11534 = CARTESIAN_POINT('',(0.,0.));
#11535 = VECTOR('',#11536,1.);
#11536 = DIRECTION('',(0.,1.));
#11537 = ( GEOMETRIC_REPRESENTATION_CONTEXT(2) 
PARAMETRIC_REPRESENTATION_CONTEXT() REPRESENTATION_CONTEXT('2D SPACE',''
  ) );
#11538 = PCURVE('',#11259,#11539);
#11539 = DEFINITIONAL_REPRESENTATION('',(#11540),#11544);
#11540 = LINE('',#11541,#11542);
#11541 = CARTESIAN_POINT('',(0.,7.6));
#11542 = VECTOR('',#11543,1.);
#11543 = DIRECTION('',(1.,0.));
#11544 = ( GEOMETRIC_REPRESENTATION_CONTEXT(2) 
PARAMETRIC_REPRESENTATION_CONTEXT() REPRESENTATION_CONTEXT('2D SPACE',''
  ) );
#11545 = ORIENTED_EDGE('',*,*,#10117,.T.);
#11546 = ORIENTED_EDGE('',*,*,#11471,.T.);
#11547 = ORIENTED_EDGE('',*,*,#11548,.F.);
#11548 = EDGE_CURVE('',#11524,#11448,#11549,.T.);
#11549 = SURFACE_CURVE('',#11550,(#11554,#11561),.PCURVE_S1.);
#11550 = LINE('',#11551,#11552);
#11551 = CARTESIAN_POINT('',(24.5,3.8,-5.6));
#11552 = VECTOR('',#11553,1.);
#11553 = DIRECTION('',(0.,0.,1.));
#11554 = PCURVE('',#10131,#11555);
#11555 = DEFINITIONAL_REPRESENTATION('',(#11556),#11560);
#11556 = LINE('',#11557,#11558);
#11557 = CARTESIAN_POINT('',(0.,3.65));
#11558 = VECTOR('',#11559,1.);
#11559 = DIRECTION('',(1.,0.));
#11560 = ( GEOMETRIC_REPRESENTATION_CONTEXT(2) 
PARAMETRIC_REPRESENTATION_CONTEXT() REPRESENTATION_CONTEXT('2D SPACE',''
  ) );
#11561 = PCURVE('',#11562,#11567);
#11562 = CYLINDRICAL_SURFACE('',#11563,3.8);
#11563 = AXIS2_PLACEMENT_3D('',#11564,#11565,#11566);
#11564 = CARTESIAN_POINT('',(24.5,0.,-5.6));
#11565 = DIRECTION('',(0.,0.,1.));
#11566 = DIRECTION('',(1.,0.,-0.));
#11567 = DEFINITIONAL_REPRESENTATION('',(#11568),#11572);
#11568 = LINE('',#11569,#11570);
#11569 = CARTESIAN_POINT('',(1.570796326795,0.));
#11570 = VECTOR('',#11571,1.);
#11571 = DIRECTION('',(0.,1.));
#11572 = ( GEOMETRIC_REPRESENTATION_CONTEXT(2) 
PARAMETRIC_REPRESENTATION_CONTEXT() REPRESENTATION_CONTEXT('2D SPACE',''
  ) );
#11573 = ADVANCED_FACE('',(#11574),#10164,.F.);
#11574 = FACE_BOUND('',#11575,.F.);
#11575 = EDGE_LOOP('',(#11576,#11577,#11578));
#11576 = ORIENTED_EDGE('',*,*,#11300,.F.);
#11577 = ORIENTED_EDGE('',*,*,#10148,.T.);
#11578 = ORIENTED_EDGE('',*,*,#11579,.F.);
#11579 = EDGE_CURVE('',#11301,#10149,#11580,.T.);
#11580 = SURFACE_CURVE('',#11581,(#11586,#11593),.PCURVE_S1.);
#11581 = CIRCLE('',#11582,3.8);
#11582 = AXIS2_PLACEMENT_3D('',#11583,#11584,#11585);
#11583 = CARTESIAN_POINT('',(24.5,0.,-5.6));
#11584 = DIRECTION('',(0.,0.,1.));
#11585 = DIRECTION('',(1.,0.,-0.));
#11586 = PCURVE('',#10164,#11587);
#11587 = DEFINITIONAL_REPRESENTATION('',(#11588),#11592);
#11588 = CIRCLE('',#11589,3.8);
#11589 = AXIS2_PLACEMENT_2D('',#11590,#11591);
#11590 = CARTESIAN_POINT('',(3.65,3.8));
#11591 = DIRECTION('',(1.,0.));
#11592 = ( GEOMETRIC_REPRESENTATION_CONTEXT(2) 
PARAMETRIC_REPRESENTATION_CONTEXT() REPRESENTATION_CONTEXT('2D SPACE',''
  ) );
#11593 = PCURVE('',#11594,#11599);
#11594 = PLANE('',#11595);
#11595 = AXIS2_PLACEMENT_3D('',#11596,#11597,#11598);
#11596 = CARTESIAN_POINT('',(20.85,-3.8,-5.6));
#11597 = DIRECTION('',(0.,0.,1.));
#11598 = DIRECTION('',(1.,0.,-0.));
#11599 = DEFINITIONAL_REPRESENTATION('',(#11600),#11604);
#11600 = CIRCLE('',#11601,3.8);
#11601 = AXIS2_PLACEMENT_2D('',#11602,#11603);
#11602 = CARTESIAN_POINT('',(3.65,3.8));
#11603 = DIRECTION('',(1.,0.));
#11604 = ( GEOMETRIC_REPRESENTATION_CONTEXT(2) 
PARAMETRIC_REPRESENTATION_CONTEXT() REPRESENTATION_CONTEXT('2D SPACE',''
  ) );
#11605 = ADVANCED_FACE('',(#11606),#10214,.T.);
#11606 = FACE_BOUND('',#11607,.T.);
#11607 = EDGE_LOOP('',(#11608,#11633,#11660,#11661));
#11608 = ORIENTED_EDGE('',*,*,#11609,.T.);
#11609 = EDGE_CURVE('',#11610,#11612,#11614,.T.);
#11610 = VERTEX_POINT('',#11611);
#11611 = CARTESIAN_POINT('',(28.3,-9.30731567352E-16,-5.6));
#11612 = VERTEX_POINT('',#11613);
#11613 = CARTESIAN_POINT('',(28.3,-9.30731567352E-16,0.));
#11614 = SURFACE_CURVE('',#11615,(#11619,#11626),.PCURVE_S1.);
#11615 = LINE('',#11616,#11617);
#11616 = CARTESIAN_POINT('',(28.3,-9.30731567352E-16,-5.6));
#11617 = VECTOR('',#11618,1.);
#11618 = DIRECTION('',(0.,0.,1.));
#11619 = PCURVE('',#10214,#11620);
#11620 = DEFINITIONAL_REPRESENTATION('',(#11621),#11625);
#11621 = LINE('',#11622,#11623);
#11622 = CARTESIAN_POINT('',(6.28318530718,-0.));
#11623 = VECTOR('',#11624,1.);
#11624 = DIRECTION('',(0.,1.));
#11625 = ( GEOMETRIC_REPRESENTATION_CONTEXT(2) 
PARAMETRIC_REPRESENTATION_CONTEXT() REPRESENTATION_CONTEXT('2D SPACE',''
  ) );
#11626 = PCURVE('',#11562,#11627);
#11627 = DEFINITIONAL_REPRESENTATION('',(#11628),#11632);
#11628 = LINE('',#11629,#11630);
#11629 = CARTESIAN_POINT('',(0.,-0.));
#11630 = VECTOR('',#11631,1.);
#11631 = DIRECTION('',(0.,1.));
#11632 = ( GEOMETRIC_REPRESENTATION_CONTEXT(2) 
PARAMETRIC_REPRESENTATION_CONTEXT() REPRESENTATION_CONTEXT('2D SPACE',''
  ) );
#11633 = ORIENTED_EDGE('',*,*,#11634,.F.);
#11634 = EDGE_CURVE('',#10178,#11612,#11635,.T.);
#11635 = SURFACE_CURVE('',#11636,(#11641,#11648),.PCURVE_S1.);
#11636 = CIRCLE('',#11637,3.8);
#11637 = AXIS2_PLACEMENT_3D('',#11638,#11639,#11640);
#11638 = CARTESIAN_POINT('',(24.5,0.,0.));
#11639 = DIRECTION('',(0.,0.,1.));
#11640 = DIRECTION('',(1.,0.,-0.));
#11641 = PCURVE('',#10214,#11642);
#11642 = DEFINITIONAL_REPRESENTATION('',(#11643),#11647);
#11643 = LINE('',#11644,#11645);
#11644 = CARTESIAN_POINT('',(0.,5.6));
#11645 = VECTOR('',#11646,1.);
#11646 = DIRECTION('',(1.,0.));
#11647 = ( GEOMETRIC_REPRESENTATION_CONTEXT(2) 
PARAMETRIC_REPRESENTATION_CONTEXT() REPRESENTATION_CONTEXT('2D SPACE',''
  ) );
#11648 = PCURVE('',#11649,#11654);
#11649 = PLANE('',#11650);
#11650 = AXIS2_PLACEMENT_3D('',#11651,#11652,#11653);
#11651 = CARTESIAN_POINT('',(24.5,0.,0.));
#11652 = DIRECTION('',(0.,0.,1.));
#11653 = DIRECTION('',(1.,0.,-0.));
#11654 = DEFINITIONAL_REPRESENTATION('',(#11655),#11659);
#11655 = CIRCLE('',#11656,3.8);
#11656 = AXIS2_PLACEMENT_2D('',#11657,#11658);
#11657 = CARTESIAN_POINT('',(0.,0.));
#11658 = DIRECTION('',(1.,0.));
#11659 = ( GEOMETRIC_REPRESENTATION_CONTEXT(2) 
PARAMETRIC_REPRESENTATION_CONTEXT() REPRESENTATION_CONTEXT('2D SPACE',''
  ) );
#11660 = ORIENTED_EDGE('',*,*,#10200,.F.);
#11661 = ORIENTED_EDGE('',*,*,#11662,.T.);
#11662 = EDGE_CURVE('',#10149,#11610,#11663,.T.);
#11663 = SURFACE_CURVE('',#11664,(#11669,#11676),.PCURVE_S1.);
#11664 = CIRCLE('',#11665,3.8);
#11665 = AXIS2_PLACEMENT_3D('',#11666,#11667,#11668);
#11666 = CARTESIAN_POINT('',(24.5,0.,-5.6));
#11667 = DIRECTION('',(0.,0.,1.));
#11668 = DIRECTION('',(1.,0.,-0.));
#11669 = PCURVE('',#10214,#11670);
#11670 = DEFINITIONAL_REPRESENTATION('',(#11671),#11675);
#11671 = LINE('',#11672,#11673);
#11672 = CARTESIAN_POINT('',(0.,0.));
#11673 = VECTOR('',#11674,1.);
#11674 = DIRECTION('',(1.,0.));
#11675 = ( GEOMETRIC_REPRESENTATION_CONTEXT(2) 
PARAMETRIC_REPRESENTATION_CONTEXT() REPRESENTATION_CONTEXT('2D SPACE',''
  ) );
#11676 = PCURVE('',#11677,#11682);
#11677 = PLANE('',#11678);
#11678 = AXIS2_PLACEMENT_3D('',#11679,#11680,#11681);
#11679 = CARTESIAN_POINT('',(24.5,0.,-5.6));
#11680 = DIRECTION('',(0.,0.,1.));
#11681 = DIRECTION('',(1.,0.,-0.));
#11682 = DEFINITIONAL_REPRESENTATION('',(#11683),#11687);
#11683 = CIRCLE('',#11684,3.8);
#11684 = AXIS2_PLACEMENT_2D('',#11685,#11686);
#11685 = CARTESIAN_POINT('',(0.,0.));
#11686 = DIRECTION('',(1.,0.));
#11687 = ( GEOMETRIC_REPRESENTATION_CONTEXT(2) 
PARAMETRIC_REPRESENTATION_CONTEXT() REPRESENTATION_CONTEXT('2D SPACE',''
  ) );
#11688 = ADVANCED_FACE('',(#11689),#10356,.F.);
#11689 = FACE_BOUND('',#11690,.F.);
#11690 = EDGE_LOOP('',(#11691,#11692,#11715,#11742,#11743,#11744,#11745,
    #11746));
#11691 = ORIENTED_EDGE('',*,*,#10339,.F.);
#11692 = ORIENTED_EDGE('',*,*,#11693,.F.);
#11693 = EDGE_CURVE('',#11694,#10340,#11696,.T.);
#11694 = VERTEX_POINT('',#11695);
#11695 = CARTESIAN_POINT('',(-22.9,-3.918869757272E-16,-0.4));
#11696 = SEAM_CURVE('',#11697,(#11701,#11708),.PCURVE_S1.);
#11697 = LINE('',#11698,#11699);
#11698 = CARTESIAN_POINT('',(-22.9,-3.918869757272E-16,-0.4));
#11699 = VECTOR('',#11700,1.);
#11700 = DIRECTION('',(0.706223450825,-1.729748577071E-16,0.707989009452
    ));
#11701 = PCURVE('',#10356,#11702);
#11702 = DEFINITIONAL_REPRESENTATION('',(#11703),#11707);
#11703 = LINE('',#11704,#11705);
#11704 = CARTESIAN_POINT('',(6.28318530718,-0.));
#11705 = VECTOR('',#11706,1.);
#11706 = DIRECTION('',(0.,1.));
#11707 = ( GEOMETRIC_REPRESENTATION_CONTEXT(2) 
PARAMETRIC_REPRESENTATION_CONTEXT() REPRESENTATION_CONTEXT('2D SPACE',''
  ) );
#11708 = PCURVE('',#10356,#11709);
#11709 = DEFINITIONAL_REPRESENTATION('',(#11710),#11714);
#11710 = LINE('',#11711,#11712);
#11711 = CARTESIAN_POINT('',(0.,-0.));
#11712 = VECTOR('',#11713,1.);
#11713 = DIRECTION('',(0.,1.));
#11714 = ( GEOMETRIC_REPRESENTATION_CONTEXT(2) 
PARAMETRIC_REPRESENTATION_CONTEXT() REPRESENTATION_CONTEXT('2D SPACE',''
  ) );
#11715 = ORIENTED_EDGE('',*,*,#11716,.T.);
#11716 = EDGE_CURVE('',#11694,#11694,#11717,.T.);
#11717 = SURFACE_CURVE('',#11718,(#11723,#11730),.PCURVE_S1.);
#11718 = CIRCLE('',#11719,1.6);
#11719 = AXIS2_PLACEMENT_3D('',#11720,#11721,#11722);
#11720 = CARTESIAN_POINT('',(-24.5,0.,-0.4));
#11721 = DIRECTION('',(0.,0.,1.));
#11722 = DIRECTION('',(1.,0.,-0.));
#11723 = PCURVE('',#10356,#11724);
#11724 = DEFINITIONAL_REPRESENTATION('',(#11725),#11729);
#11725 = LINE('',#11726,#11727);
#11726 = CARTESIAN_POINT('',(0.,0.));
#11727 = VECTOR('',#11728,1.);
#11728 = DIRECTION('',(1.,0.));
#11729 = ( GEOMETRIC_REPRESENTATION_CONTEXT(2) 
PARAMETRIC_REPRESENTATION_CONTEXT() REPRESENTATION_CONTEXT('2D SPACE',''
  ) );
#11730 = PCURVE('',#11731,#11736);
#11731 = CYLINDRICAL_SURFACE('',#11732,1.6);
#11732 = AXIS2_PLACEMENT_3D('',#11733,#11734,#11735);
#11733 = CARTESIAN_POINT('',(-24.5,0.,-4.5));
#11734 = DIRECTION('',(0.,0.,1.));
#11735 = DIRECTION('',(1.,0.,-0.));
#11736 = DEFINITIONAL_REPRESENTATION('',(#11737),#11741);
#11737 = LINE('',#11738,#11739);
#11738 = CARTESIAN_POINT('',(0.,4.1));
#11739 = VECTOR('',#11740,1.);
#11740 = DIRECTION('',(1.,0.));
#11741 = ( GEOMETRIC_REPRESENTATION_CONTEXT(2) 
PARAMETRIC_REPRESENTATION_CONTEXT() REPRESENTATION_CONTEXT('2D SPACE',''
  ) );
#11742 = ORIENTED_EDGE('',*,*,#11693,.T.);
#11743 = ORIENTED_EDGE('',*,*,#10368,.F.);
#11744 = ORIENTED_EDGE('',*,*,#10630,.F.);
#11745 = ORIENTED_EDGE('',*,*,#10655,.F.);
#11746 = ORIENTED_EDGE('',*,*,#11747,.F.);
#11747 = EDGE_CURVE('',#10311,#10656,#11748,.T.);
#11748 = SURFACE_CURVE('',#11749,(#11754,#11761),.PCURVE_S1.);
#11749 = CIRCLE('',#11750,1.999002493766);
#11750 = AXIS2_PLACEMENT_3D('',#11751,#11752,#11753);
#11751 = CARTESIAN_POINT('',(-24.5,0.,0.));
#11752 = DIRECTION('',(0.,0.,1.));
#11753 = DIRECTION('',(1.,0.,-0.));
#11754 = PCURVE('',#10356,#11755);
#11755 = DEFINITIONAL_REPRESENTATION('',(#11756),#11760);
#11756 = LINE('',#11757,#11758);
#11757 = CARTESIAN_POINT('',(0.,0.4));
#11758 = VECTOR('',#11759,1.);
#11759 = DIRECTION('',(1.,0.));
#11760 = ( GEOMETRIC_REPRESENTATION_CONTEXT(2) 
PARAMETRIC_REPRESENTATION_CONTEXT() REPRESENTATION_CONTEXT('2D SPACE',''
  ) );
#11761 = PCURVE('',#10327,#11762);
#11762 = DEFINITIONAL_REPRESENTATION('',(#11763),#11767);
#11763 = CIRCLE('',#11764,1.999002493766);
#11764 = AXIS2_PLACEMENT_2D('',#11765,#11766);
#11765 = CARTESIAN_POINT('',(0.,3.8));
#11766 = DIRECTION('',(1.,0.));
#11767 = ( GEOMETRIC_REPRESENTATION_CONTEXT(2) 
PARAMETRIC_REPRESENTATION_CONTEXT() REPRESENTATION_CONTEXT('2D SPACE',''
  ) );
#11768 = ADVANCED_FACE('',(#11769),#10327,.T.);
#11769 = FACE_BOUND('',#11770,.T.);
#11770 = EDGE_LOOP('',(#11771,#11772,#11773,#11774));
#11771 = ORIENTED_EDGE('',*,*,#10310,.F.);
#11772 = ORIENTED_EDGE('',*,*,#10415,.T.);
#11773 = ORIENTED_EDGE('',*,*,#10679,.F.);
#11774 = ORIENTED_EDGE('',*,*,#11747,.F.);
#11775 = ADVANCED_FACE('',(#11776),#10514,.F.);
#11776 = FACE_BOUND('',#11777,.F.);
#11777 = EDGE_LOOP('',(#11778,#11779));
#11778 = ORIENTED_EDGE('',*,*,#10707,.T.);
#11779 = ORIENTED_EDGE('',*,*,#10498,.T.);
#11780 = ADVANCED_FACE('',(#11781),#10486,.F.);
#11781 = FACE_BOUND('',#11782,.F.);
#11782 = EDGE_LOOP('',(#11783,#11784,#11785));
#11783 = ORIENTED_EDGE('',*,*,#10469,.F.);
#11784 = ORIENTED_EDGE('',*,*,#10554,.T.);
#11785 = ORIENTED_EDGE('',*,*,#10729,.F.);
#11786 = ADVANCED_FACE('',(#11787),#10820,.T.);
#11787 = FACE_BOUND('',#11788,.T.);
#11788 = EDGE_LOOP('',(#11789,#11790,#11791,#11792));
#11789 = ORIENTED_EDGE('',*,*,#10956,.F.);
#11790 = ORIENTED_EDGE('',*,*,#10858,.T.);
#11791 = ORIENTED_EDGE('',*,*,#10804,.T.);
#11792 = ORIENTED_EDGE('',*,*,#10907,.F.);
#11793 = ADVANCED_FACE('',(#11794),#11021,.T.);
#11794 = FACE_BOUND('',#11795,.T.);
#11795 = EDGE_LOOP('',(#11796,#11797,#11798,#11799));
#11796 = ORIENTED_EDGE('',*,*,#11130,.F.);
#11797 = ORIENTED_EDGE('',*,*,#11157,.T.);
#11798 = ORIENTED_EDGE('',*,*,#11005,.T.);
#11799 = ORIENTED_EDGE('',*,*,#11059,.F.);
#11800 = ADVANCED_FACE('',(#11801),#11232,.F.);
#11801 = FACE_BOUND('',#11802,.F.);
#11802 = EDGE_LOOP('',(#11803,#11833,#11860,#11861,#11862,#11863));
#11803 = ORIENTED_EDGE('',*,*,#11804,.T.);
#11804 = EDGE_CURVE('',#11805,#11807,#11809,.T.);
#11805 = VERTEX_POINT('',#11806);
#11806 = CARTESIAN_POINT('',(24.5,-1.057118725593,-5.6));
#11807 = VERTEX_POINT('',#11808);
#11808 = CARTESIAN_POINT('',(24.5,1.057118725593,-5.6));
#11809 = SURFACE_CURVE('',#11810,(#11814,#11821),.PCURVE_S1.);
#11810 = LINE('',#11811,#11812);
#11811 = CARTESIAN_POINT('',(24.5,-3.8,-5.6));
#11812 = VECTOR('',#11813,1.);
#11813 = DIRECTION('',(-0.,1.,0.));
#11814 = PCURVE('',#11232,#11815);
#11815 = DEFINITIONAL_REPRESENTATION('',(#11816),#11820);
#11816 = LINE('',#11817,#11818);
#11817 = CARTESIAN_POINT('',(3.65,0.));
#11818 = VECTOR('',#11819,1.);
#11819 = DIRECTION('',(0.,1.));
#11820 = ( GEOMETRIC_REPRESENTATION_CONTEXT(2) 
PARAMETRIC_REPRESENTATION_CONTEXT() REPRESENTATION_CONTEXT('2D SPACE',''
  ) );
#11821 = PCURVE('',#11822,#11827);
#11822 = PLANE('',#11823);
#11823 = AXIS2_PLACEMENT_3D('',#11824,#11825,#11826);
#11824 = CARTESIAN_POINT('',(20.85,0.,-5.6));
#11825 = DIRECTION('',(0.,0.,1.));
#11826 = DIRECTION('',(1.,0.,-0.));
#11827 = DEFINITIONAL_REPRESENTATION('',(#11828),#11832);
#11828 = LINE('',#11829,#11830);
#11829 = CARTESIAN_POINT('',(3.65,-3.8));
#11830 = VECTOR('',#11831,1.);
#11831 = DIRECTION('',(0.,1.));
#11832 = ( GEOMETRIC_REPRESENTATION_CONTEXT(2) 
PARAMETRIC_REPRESENTATION_CONTEXT() REPRESENTATION_CONTEXT('2D SPACE',''
  ) );
#11833 = ORIENTED_EDGE('',*,*,#11834,.T.);
#11834 = EDGE_CURVE('',#11807,#11216,#11835,.T.);
#11835 = SURFACE_CURVE('',#11836,(#11841,#11848),.PCURVE_S1.);
#11836 = CIRCLE('',#11837,3.8);
#11837 = AXIS2_PLACEMENT_3D('',#11838,#11839,#11840);
#11838 = CARTESIAN_POINT('',(20.85,0.,-5.6));
#11839 = DIRECTION('',(0.,0.,1.));
#11840 = DIRECTION('',(1.,0.,-0.));
#11841 = PCURVE('',#11232,#11842);
#11842 = DEFINITIONAL_REPRESENTATION('',(#11843),#11847);
#11843 = CIRCLE('',#11844,3.8);
#11844 = AXIS2_PLACEMENT_2D('',#11845,#11846);
#11845 = CARTESIAN_POINT('',(0.,3.8));
#11846 = DIRECTION('',(1.,0.));
#11847 = ( GEOMETRIC_REPRESENTATION_CONTEXT(2) 
PARAMETRIC_REPRESENTATION_CONTEXT() REPRESENTATION_CONTEXT('2D SPACE',''
  ) );
#11848 = PCURVE('',#11849,#11854);
#11849 = PLANE('',#11850);
#11850 = AXIS2_PLACEMENT_3D('',#11851,#11852,#11853);
#11851 = CARTESIAN_POINT('',(20.85,-3.8,-5.6));
#11852 = DIRECTION('',(0.,0.,1.));
#11853 = DIRECTION('',(1.,0.,-0.));
#11854 = DEFINITIONAL_REPRESENTATION('',(#11855),#11859);
#11855 = CIRCLE('',#11856,3.8);
#11856 = AXIS2_PLACEMENT_2D('',#11857,#11858);
#11857 = CARTESIAN_POINT('',(0.,3.8));
#11858 = DIRECTION('',(1.,0.));
#11859 = ( GEOMETRIC_REPRESENTATION_CONTEXT(2) 
PARAMETRIC_REPRESENTATION_CONTEXT() REPRESENTATION_CONTEXT('2D SPACE',''
  ) );
#11860 = ORIENTED_EDGE('',*,*,#11215,.T.);
#11861 = ORIENTED_EDGE('',*,*,#11276,.F.);
#11862 = ORIENTED_EDGE('',*,*,#11324,.T.);
#11863 = ORIENTED_EDGE('',*,*,#11864,.T.);
#11864 = EDGE_CURVE('',#11301,#11805,#11865,.T.);
#11865 = SURFACE_CURVE('',#11866,(#11871,#11878),.PCURVE_S1.);
#11866 = CIRCLE('',#11867,3.8);
#11867 = AXIS2_PLACEMENT_3D('',#11868,#11869,#11870);
#11868 = CARTESIAN_POINT('',(20.85,0.,-5.6));
#11869 = DIRECTION('',(0.,0.,1.));
#11870 = DIRECTION('',(1.,0.,-0.));
#11871 = PCURVE('',#11232,#11872);
#11872 = DEFINITIONAL_REPRESENTATION('',(#11873),#11877);
#11873 = CIRCLE('',#11874,3.8);
#11874 = AXIS2_PLACEMENT_2D('',#11875,#11876);
#11875 = CARTESIAN_POINT('',(0.,3.8));
#11876 = DIRECTION('',(1.,0.));
#11877 = ( GEOMETRIC_REPRESENTATION_CONTEXT(2) 
PARAMETRIC_REPRESENTATION_CONTEXT() REPRESENTATION_CONTEXT('2D SPACE',''
  ) );
#11878 = PCURVE('',#11594,#11879);
#11879 = DEFINITIONAL_REPRESENTATION('',(#11880),#11884);
#11880 = CIRCLE('',#11881,3.8);
#11881 = AXIS2_PLACEMENT_2D('',#11882,#11883);
#11882 = CARTESIAN_POINT('',(0.,3.8));
#11883 = DIRECTION('',(1.,0.));
#11884 = ( GEOMETRIC_REPRESENTATION_CONTEXT(2) 
PARAMETRIC_REPRESENTATION_CONTEXT() REPRESENTATION_CONTEXT('2D SPACE',''
  ) );
#11885 = ADVANCED_FACE('',(#11886),#11259,.F.);
#11886 = FACE_BOUND('',#11887,.F.);
#11887 = EDGE_LOOP('',(#11888,#11910,#11911));
#11888 = ORIENTED_EDGE('',*,*,#11889,.F.);
#11889 = EDGE_CURVE('',#11524,#11216,#11890,.T.);
#11890 = SURFACE_CURVE('',#11891,(#11896,#11903),.PCURVE_S1.);
#11891 = CIRCLE('',#11892,3.8);
#11892 = AXIS2_PLACEMENT_3D('',#11893,#11894,#11895);
#11893 = CARTESIAN_POINT('',(24.5,0.,-5.6));
#11894 = DIRECTION('',(0.,0.,1.));
#11895 = DIRECTION('',(1.,0.,-0.));
#11896 = PCURVE('',#11259,#11897);
#11897 = DEFINITIONAL_REPRESENTATION('',(#11898),#11902);
#11898 = CIRCLE('',#11899,3.8);
#11899 = AXIS2_PLACEMENT_2D('',#11900,#11901);
#11900 = CARTESIAN_POINT('',(3.65,3.8));
#11901 = DIRECTION('',(1.,0.));
#11902 = ( GEOMETRIC_REPRESENTATION_CONTEXT(2) 
PARAMETRIC_REPRESENTATION_CONTEXT() REPRESENTATION_CONTEXT('2D SPACE',''
  ) );
#11903 = PCURVE('',#11849,#11904);
#11904 = DEFINITIONAL_REPRESENTATION('',(#11905),#11909);
#11905 = CIRCLE('',#11906,3.8);
#11906 = AXIS2_PLACEMENT_2D('',#11907,#11908);
#11907 = CARTESIAN_POINT('',(3.65,3.8));
#11908 = DIRECTION('',(1.,0.));
#11909 = ( GEOMETRIC_REPRESENTATION_CONTEXT(2) 
PARAMETRIC_REPRESENTATION_CONTEXT() REPRESENTATION_CONTEXT('2D SPACE',''
  ) );
#11910 = ORIENTED_EDGE('',*,*,#11523,.F.);
#11911 = ORIENTED_EDGE('',*,*,#11244,.F.);
#11912 = ADVANCED_FACE('',(#11913),#11430,.T.);
#11913 = FACE_BOUND('',#11914,.T.);
#11914 = EDGE_LOOP('',(#11915,#11939,#11960,#11961));
#11915 = ORIENTED_EDGE('',*,*,#11916,.F.);
#11916 = EDGE_CURVE('',#11917,#11387,#11919,.T.);
#11917 = VERTEX_POINT('',#11918);
#11918 = CARTESIAN_POINT('',(24.5,1.999002493766,0.));
#11919 = SURFACE_CURVE('',#11920,(#11925,#11932),.PCURVE_S1.);
#11920 = CIRCLE('',#11921,1.999002493766);
#11921 = AXIS2_PLACEMENT_3D('',#11922,#11923,#11924);
#11922 = CARTESIAN_POINT('',(24.5,0.,0.));
#11923 = DIRECTION('',(0.,0.,1.));
#11924 = DIRECTION('',(1.,0.,-0.));
#11925 = PCURVE('',#11430,#11926);
#11926 = DEFINITIONAL_REPRESENTATION('',(#11927),#11931);
#11927 = CIRCLE('',#11928,1.999002493766);
#11928 = AXIS2_PLACEMENT_2D('',#11929,#11930);
#11929 = CARTESIAN_POINT('',(3.65,3.8));
#11930 = DIRECTION('',(1.,0.));
#11931 = ( GEOMETRIC_REPRESENTATION_CONTEXT(2) 
PARAMETRIC_REPRESENTATION_CONTEXT() REPRESENTATION_CONTEXT('2D SPACE',''
  ) );
#11932 = PCURVE('',#11403,#11933);
#11933 = DEFINITIONAL_REPRESENTATION('',(#11934),#11938);
#11934 = LINE('',#11935,#11936);
#11935 = CARTESIAN_POINT('',(0.,0.4));
#11936 = VECTOR('',#11937,1.);
#11937 = DIRECTION('',(1.,0.));
#11938 = ( GEOMETRIC_REPRESENTATION_CONTEXT(2) 
PARAMETRIC_REPRESENTATION_CONTEXT() REPRESENTATION_CONTEXT('2D SPACE',''
  ) );
#11939 = ORIENTED_EDGE('',*,*,#11940,.T.);
#11940 = EDGE_CURVE('',#11917,#11448,#11941,.T.);
#11941 = SURFACE_CURVE('',#11942,(#11946,#11953),.PCURVE_S1.);
#11942 = LINE('',#11943,#11944);
#11943 = CARTESIAN_POINT('',(24.5,-3.8,0.));
#11944 = VECTOR('',#11945,1.);
#11945 = DIRECTION('',(-0.,1.,0.));
#11946 = PCURVE('',#11430,#11947);
#11947 = DEFINITIONAL_REPRESENTATION('',(#11948),#11952);
#11948 = LINE('',#11949,#11950);
#11949 = CARTESIAN_POINT('',(3.65,0.));
#11950 = VECTOR('',#11951,1.);
#11951 = DIRECTION('',(0.,1.));
#11952 = ( GEOMETRIC_REPRESENTATION_CONTEXT(2) 
PARAMETRIC_REPRESENTATION_CONTEXT() REPRESENTATION_CONTEXT('2D SPACE',''
  ) );
#11953 = PCURVE('',#11649,#11954);
#11954 = DEFINITIONAL_REPRESENTATION('',(#11955),#11959);
#11955 = LINE('',#11956,#11957);
#11956 = CARTESIAN_POINT('',(0.,-3.8));
#11957 = VECTOR('',#11958,1.);
#11958 = DIRECTION('',(0.,1.));
#11959 = ( GEOMETRIC_REPRESENTATION_CONTEXT(2) 
PARAMETRIC_REPRESENTATION_CONTEXT() REPRESENTATION_CONTEXT('2D SPACE',''
  ) );
#11960 = ORIENTED_EDGE('',*,*,#11447,.T.);
#11961 = ORIENTED_EDGE('',*,*,#11415,.F.);
#11962 = ADVANCED_FACE('',(#11963),#11403,.F.);
#11963 = FACE_BOUND('',#11964,.F.);
#11964 = EDGE_LOOP('',(#11965,#11989,#12012,#12039,#12040,#12064,#12086,
    #12087));
#11965 = ORIENTED_EDGE('',*,*,#11966,.F.);
#11966 = EDGE_CURVE('',#11967,#11917,#11969,.T.);
#11967 = VERTEX_POINT('',#11968);
#11968 = CARTESIAN_POINT('',(26.499002493766,-4.896144010955E-16,
    -5.551115123126E-17));
#11969 = SURFACE_CURVE('',#11970,(#11975,#11982),.PCURVE_S1.);
#11970 = CIRCLE('',#11971,1.999002493766);
#11971 = AXIS2_PLACEMENT_3D('',#11972,#11973,#11974);
#11972 = CARTESIAN_POINT('',(24.5,0.,0.));
#11973 = DIRECTION('',(0.,0.,1.));
#11974 = DIRECTION('',(1.,0.,-0.));
#11975 = PCURVE('',#11403,#11976);
#11976 = DEFINITIONAL_REPRESENTATION('',(#11977),#11981);
#11977 = LINE('',#11978,#11979);
#11978 = CARTESIAN_POINT('',(0.,0.4));
#11979 = VECTOR('',#11980,1.);
#11980 = DIRECTION('',(1.,0.));
#11981 = ( GEOMETRIC_REPRESENTATION_CONTEXT(2) 
PARAMETRIC_REPRESENTATION_CONTEXT() REPRESENTATION_CONTEXT('2D SPACE',''
  ) );
#11982 = PCURVE('',#11649,#11983);
#11983 = DEFINITIONAL_REPRESENTATION('',(#11984),#11988);
#11984 = CIRCLE('',#11985,1.999002493766);
#11985 = AXIS2_PLACEMENT_2D('',#11986,#11987);
#11986 = CARTESIAN_POINT('',(0.,0.));
#11987 = DIRECTION('',(1.,0.));
#11988 = ( GEOMETRIC_REPRESENTATION_CONTEXT(2) 
PARAMETRIC_REPRESENTATION_CONTEXT() REPRESENTATION_CONTEXT('2D SPACE',''
  ) );
#11989 = ORIENTED_EDGE('',*,*,#11990,.F.);
#11990 = EDGE_CURVE('',#11991,#11967,#11993,.T.);
#11991 = VERTEX_POINT('',#11992);
#11992 = CARTESIAN_POINT('',(26.1,-3.918869757272E-16,-0.4));
#11993 = SEAM_CURVE('',#11994,(#11998,#12005),.PCURVE_S1.);
#11994 = LINE('',#11995,#11996);
#11995 = CARTESIAN_POINT('',(26.1,-3.918869757272E-16,-0.4));
#11996 = VECTOR('',#11997,1.);
#11997 = DIRECTION('',(0.706223450825,-1.729748577071E-16,0.707989009452
    ));
#11998 = PCURVE('',#11403,#11999);
#11999 = DEFINITIONAL_REPRESENTATION('',(#12000),#12004);
#12000 = LINE('',#12001,#12002);
#12001 = CARTESIAN_POINT('',(6.28318530718,-0.));
#12002 = VECTOR('',#12003,1.);
#12003 = DIRECTION('',(0.,1.));
#12004 = ( GEOMETRIC_REPRESENTATION_CONTEXT(2) 
PARAMETRIC_REPRESENTATION_CONTEXT() REPRESENTATION_CONTEXT('2D SPACE',''
  ) );
#12005 = PCURVE('',#11403,#12006);
#12006 = DEFINITIONAL_REPRESENTATION('',(#12007),#12011);
#12007 = LINE('',#12008,#12009);
#12008 = CARTESIAN_POINT('',(0.,-0.));
#12009 = VECTOR('',#12010,1.);
#12010 = DIRECTION('',(0.,1.));
#12011 = ( GEOMETRIC_REPRESENTATION_CONTEXT(2) 
PARAMETRIC_REPRESENTATION_CONTEXT() REPRESENTATION_CONTEXT('2D SPACE',''
  ) );
#12012 = ORIENTED_EDGE('',*,*,#12013,.T.);
#12013 = EDGE_CURVE('',#11991,#11991,#12014,.T.);
#12014 = SURFACE_CURVE('',#12015,(#12020,#12027),.PCURVE_S1.);
#12015 = CIRCLE('',#12016,1.6);
#12016 = AXIS2_PLACEMENT_3D('',#12017,#12018,#12019);
#12017 = CARTESIAN_POINT('',(24.5,0.,-0.4));
#12018 = DIRECTION('',(0.,0.,1.));
#12019 = DIRECTION('',(1.,0.,-0.));
#12020 = PCURVE('',#11403,#12021);
#12021 = DEFINITIONAL_REPRESENTATION('',(#12022),#12026);
#12022 = LINE('',#12023,#12024);
#12023 = CARTESIAN_POINT('',(0.,0.));
#12024 = VECTOR('',#12025,1.);
#12025 = DIRECTION('',(1.,0.));
#12026 = ( GEOMETRIC_REPRESENTATION_CONTEXT(2) 
PARAMETRIC_REPRESENTATION_CONTEXT() REPRESENTATION_CONTEXT('2D SPACE',''
  ) );
#12027 = PCURVE('',#12028,#12033);
#12028 = CYLINDRICAL_SURFACE('',#12029,1.6);
#12029 = AXIS2_PLACEMENT_3D('',#12030,#12031,#12032);
#12030 = CARTESIAN_POINT('',(24.5,0.,-4.5));
#12031 = DIRECTION('',(0.,0.,1.));
#12032 = DIRECTION('',(1.,0.,-0.));
#12033 = DEFINITIONAL_REPRESENTATION('',(#12034),#12038);
#12034 = LINE('',#12035,#12036);
#12035 = CARTESIAN_POINT('',(0.,4.1));
#12036 = VECTOR('',#12037,1.);
#12037 = DIRECTION('',(1.,0.));
#12038 = ( GEOMETRIC_REPRESENTATION_CONTEXT(2) 
PARAMETRIC_REPRESENTATION_CONTEXT() REPRESENTATION_CONTEXT('2D SPACE',''
  ) );
#12039 = ORIENTED_EDGE('',*,*,#11990,.T.);
#12040 = ORIENTED_EDGE('',*,*,#12041,.F.);
#12041 = EDGE_CURVE('',#12042,#11967,#12044,.T.);
#12042 = VERTEX_POINT('',#12043);
#12043 = CARTESIAN_POINT('',(24.5,-1.999002493766,0.));
#12044 = SURFACE_CURVE('',#12045,(#12050,#12057),.PCURVE_S1.);
#12045 = CIRCLE('',#12046,1.999002493766);
#12046 = AXIS2_PLACEMENT_3D('',#12047,#12048,#12049);
#12047 = CARTESIAN_POINT('',(24.5,0.,0.));
#12048 = DIRECTION('',(0.,0.,1.));
#12049 = DIRECTION('',(1.,0.,-0.));
#12050 = PCURVE('',#11403,#12051);
#12051 = DEFINITIONAL_REPRESENTATION('',(#12052),#12056);
#12052 = LINE('',#12053,#12054);
#12053 = CARTESIAN_POINT('',(0.,0.4));
#12054 = VECTOR('',#12055,1.);
#12055 = DIRECTION('',(1.,0.));
#12056 = ( GEOMETRIC_REPRESENTATION_CONTEXT(2) 
PARAMETRIC_REPRESENTATION_CONTEXT() REPRESENTATION_CONTEXT('2D SPACE',''
  ) );
#12057 = PCURVE('',#11649,#12058);
#12058 = DEFINITIONAL_REPRESENTATION('',(#12059),#12063);
#12059 = CIRCLE('',#12060,1.999002493766);
#12060 = AXIS2_PLACEMENT_2D('',#12061,#12062);
#12061 = CARTESIAN_POINT('',(0.,0.));
#12062 = DIRECTION('',(1.,0.));
#12063 = ( GEOMETRIC_REPRESENTATION_CONTEXT(2) 
PARAMETRIC_REPRESENTATION_CONTEXT() REPRESENTATION_CONTEXT('2D SPACE',''
  ) );
#12064 = ORIENTED_EDGE('',*,*,#12065,.F.);
#12065 = EDGE_CURVE('',#11358,#12042,#12066,.T.);
#12066 = SURFACE_CURVE('',#12067,(#12072,#12079),.PCURVE_S1.);
#12067 = CIRCLE('',#12068,1.999002493766);
#12068 = AXIS2_PLACEMENT_3D('',#12069,#12070,#12071);
#12069 = CARTESIAN_POINT('',(24.5,0.,0.));
#12070 = DIRECTION('',(0.,0.,1.));
#12071 = DIRECTION('',(1.,0.,-0.));
#12072 = PCURVE('',#11403,#12073);
#12073 = DEFINITIONAL_REPRESENTATION('',(#12074),#12078);
#12074 = LINE('',#12075,#12076);
#12075 = CARTESIAN_POINT('',(0.,0.4));
#12076 = VECTOR('',#12077,1.);
#12077 = DIRECTION('',(1.,0.));
#12078 = ( GEOMETRIC_REPRESENTATION_CONTEXT(2) 
PARAMETRIC_REPRESENTATION_CONTEXT() REPRESENTATION_CONTEXT('2D SPACE',''
  ) );
#12079 = PCURVE('',#11374,#12080);
#12080 = DEFINITIONAL_REPRESENTATION('',(#12081),#12085);
#12081 = CIRCLE('',#12082,1.999002493766);
#12082 = AXIS2_PLACEMENT_2D('',#12083,#12084);
#12083 = CARTESIAN_POINT('',(3.65,3.8));
#12084 = DIRECTION('',(1.,0.));
#12085 = ( GEOMETRIC_REPRESENTATION_CONTEXT(2) 
PARAMETRIC_REPRESENTATION_CONTEXT() REPRESENTATION_CONTEXT('2D SPACE',''
  ) );
#12086 = ORIENTED_EDGE('',*,*,#11386,.F.);
#12087 = ORIENTED_EDGE('',*,*,#11916,.F.);
#12088 = ADVANCED_FACE('',(#12089),#11374,.T.);
#12089 = FACE_BOUND('',#12090,.T.);
#12090 = EDGE_LOOP('',(#12091,#12092,#12093,#12114));
#12091 = ORIENTED_EDGE('',*,*,#11357,.F.);
#12092 = ORIENTED_EDGE('',*,*,#11498,.T.);
#12093 = ORIENTED_EDGE('',*,*,#12094,.T.);
#12094 = EDGE_CURVE('',#10178,#12042,#12095,.T.);
#12095 = SURFACE_CURVE('',#12096,(#12100,#12107),.PCURVE_S1.);
#12096 = LINE('',#12097,#12098);
#12097 = CARTESIAN_POINT('',(24.5,-3.8,0.));
#12098 = VECTOR('',#12099,1.);
#12099 = DIRECTION('',(-0.,1.,0.));
#12100 = PCURVE('',#11374,#12101);
#12101 = DEFINITIONAL_REPRESENTATION('',(#12102),#12106);
#12102 = LINE('',#12103,#12104);
#12103 = CARTESIAN_POINT('',(3.65,0.));
#12104 = VECTOR('',#12105,1.);
#12105 = DIRECTION('',(0.,1.));
#12106 = ( GEOMETRIC_REPRESENTATION_CONTEXT(2) 
PARAMETRIC_REPRESENTATION_CONTEXT() REPRESENTATION_CONTEXT('2D SPACE',''
  ) );
#12107 = PCURVE('',#11649,#12108);
#12108 = DEFINITIONAL_REPRESENTATION('',(#12109),#12113);
#12109 = LINE('',#12110,#12111);
#12110 = CARTESIAN_POINT('',(0.,-3.8));
#12111 = VECTOR('',#12112,1.);
#12112 = DIRECTION('',(0.,1.));
#12113 = ( GEOMETRIC_REPRESENTATION_CONTEXT(2) 
PARAMETRIC_REPRESENTATION_CONTEXT() REPRESENTATION_CONTEXT('2D SPACE',''
  ) );
#12114 = ORIENTED_EDGE('',*,*,#12065,.F.);
#12115 = ADVANCED_FACE('',(#12116),#11562,.T.);
#12116 = FACE_BOUND('',#12117,.T.);
#12117 = EDGE_LOOP('',(#12118,#12140,#12141,#12163));
#12118 = ORIENTED_EDGE('',*,*,#12119,.F.);
#12119 = EDGE_CURVE('',#11612,#11448,#12120,.T.);
#12120 = SURFACE_CURVE('',#12121,(#12126,#12133),.PCURVE_S1.);
#12121 = CIRCLE('',#12122,3.8);
#12122 = AXIS2_PLACEMENT_3D('',#12123,#12124,#12125);
#12123 = CARTESIAN_POINT('',(24.5,0.,0.));
#12124 = DIRECTION('',(0.,0.,1.));
#12125 = DIRECTION('',(1.,0.,-0.));
#12126 = PCURVE('',#11562,#12127);
#12127 = DEFINITIONAL_REPRESENTATION('',(#12128),#12132);
#12128 = LINE('',#12129,#12130);
#12129 = CARTESIAN_POINT('',(0.,5.6));
#12130 = VECTOR('',#12131,1.);
#12131 = DIRECTION('',(1.,0.));
#12132 = ( GEOMETRIC_REPRESENTATION_CONTEXT(2) 
PARAMETRIC_REPRESENTATION_CONTEXT() REPRESENTATION_CONTEXT('2D SPACE',''
  ) );
#12133 = PCURVE('',#11649,#12134);
#12134 = DEFINITIONAL_REPRESENTATION('',(#12135),#12139);
#12135 = CIRCLE('',#12136,3.8);
#12136 = AXIS2_PLACEMENT_2D('',#12137,#12138);
#12137 = CARTESIAN_POINT('',(0.,0.));
#12138 = DIRECTION('',(1.,0.));
#12139 = ( GEOMETRIC_REPRESENTATION_CONTEXT(2) 
PARAMETRIC_REPRESENTATION_CONTEXT() REPRESENTATION_CONTEXT('2D SPACE',''
  ) );
#12140 = ORIENTED_EDGE('',*,*,#11609,.F.);
#12141 = ORIENTED_EDGE('',*,*,#12142,.T.);
#12142 = EDGE_CURVE('',#11610,#11524,#12143,.T.);
#12143 = SURFACE_CURVE('',#12144,(#12149,#12156),.PCURVE_S1.);
#12144 = CIRCLE('',#12145,3.8);
#12145 = AXIS2_PLACEMENT_3D('',#12146,#12147,#12148);
#12146 = CARTESIAN_POINT('',(24.5,0.,-5.6));
#12147 = DIRECTION('',(0.,0.,1.));
#12148 = DIRECTION('',(1.,0.,-0.));
#12149 = PCURVE('',#11562,#12150);
#12150 = DEFINITIONAL_REPRESENTATION('',(#12151),#12155);
#12151 = LINE('',#12152,#12153);
#12152 = CARTESIAN_POINT('',(0.,0.));
#12153 = VECTOR('',#12154,1.);
#12154 = DIRECTION('',(1.,0.));
#12155 = ( GEOMETRIC_REPRESENTATION_CONTEXT(2) 
PARAMETRIC_REPRESENTATION_CONTEXT() REPRESENTATION_CONTEXT('2D SPACE',''
  ) );
#12156 = PCURVE('',#11677,#12157);
#12157 = DEFINITIONAL_REPRESENTATION('',(#12158),#12162);
#12158 = CIRCLE('',#12159,3.8);
#12159 = AXIS2_PLACEMENT_2D('',#12160,#12161);
#12160 = CARTESIAN_POINT('',(0.,0.));
#12161 = DIRECTION('',(1.,0.));
#12162 = ( GEOMETRIC_REPRESENTATION_CONTEXT(2) 
PARAMETRIC_REPRESENTATION_CONTEXT() REPRESENTATION_CONTEXT('2D SPACE',''
  ) );
#12163 = ORIENTED_EDGE('',*,*,#11548,.T.);
#12164 = ADVANCED_FACE('',(#12165),#11594,.F.);
#12165 = FACE_BOUND('',#12166,.F.);
#12166 = EDGE_LOOP('',(#12167,#12168,#12169));
#12167 = ORIENTED_EDGE('',*,*,#11864,.F.);
#12168 = ORIENTED_EDGE('',*,*,#11579,.T.);
#12169 = ORIENTED_EDGE('',*,*,#12170,.T.);
#12170 = EDGE_CURVE('',#10149,#11805,#12171,.T.);
#12171 = SURFACE_CURVE('',#12172,(#12176,#12183),.PCURVE_S1.);
#12172 = LINE('',#12173,#12174);
#12173 = CARTESIAN_POINT('',(24.5,-3.8,-5.6));
#12174 = VECTOR('',#12175,1.);
#12175 = DIRECTION('',(-0.,1.,0.));
#12176 = PCURVE('',#11594,#12177);
#12177 = DEFINITIONAL_REPRESENTATION('',(#12178),#12182);
#12178 = LINE('',#12179,#12180);
#12179 = CARTESIAN_POINT('',(3.65,0.));
#12180 = VECTOR('',#12181,1.);
#12181 = DIRECTION('',(0.,1.));
#12182 = ( GEOMETRIC_REPRESENTATION_CONTEXT(2) 
PARAMETRIC_REPRESENTATION_CONTEXT() REPRESENTATION_CONTEXT('2D SPACE',''
  ) );
#12183 = PCURVE('',#11677,#12184);
#12184 = DEFINITIONAL_REPRESENTATION('',(#12185),#12189);
#12185 = LINE('',#12186,#12187);
#12186 = CARTESIAN_POINT('',(0.,-3.8));
#12187 = VECTOR('',#12188,1.);
#12188 = DIRECTION('',(0.,1.));
#12189 = ( GEOMETRIC_REPRESENTATION_CONTEXT(2) 
PARAMETRIC_REPRESENTATION_CONTEXT() REPRESENTATION_CONTEXT('2D SPACE',''
  ) );
#12190 = ADVANCED_FACE('',(#12191),#11677,.F.);
#12191 = FACE_BOUND('',#12192,.F.);
#12192 = EDGE_LOOP('',(#12193,#12194,#12195,#12216,#12240,#12262));
#12193 = ORIENTED_EDGE('',*,*,#11662,.T.);
#12194 = ORIENTED_EDGE('',*,*,#12142,.T.);
#12195 = ORIENTED_EDGE('',*,*,#12196,.F.);
#12196 = EDGE_CURVE('',#11807,#11524,#12197,.T.);
#12197 = SURFACE_CURVE('',#12198,(#12202,#12209),.PCURVE_S1.);
#12198 = LINE('',#12199,#12200);
#12199 = CARTESIAN_POINT('',(24.5,-3.8,-5.6));
#12200 = VECTOR('',#12201,1.);
#12201 = DIRECTION('',(-0.,1.,0.));
#12202 = PCURVE('',#11677,#12203);
#12203 = DEFINITIONAL_REPRESENTATION('',(#12204),#12208);
#12204 = LINE('',#12205,#12206);
#12205 = CARTESIAN_POINT('',(0.,-3.8));
#12206 = VECTOR('',#12207,1.);
#12207 = DIRECTION('',(0.,1.));
#12208 = ( GEOMETRIC_REPRESENTATION_CONTEXT(2) 
PARAMETRIC_REPRESENTATION_CONTEXT() REPRESENTATION_CONTEXT('2D SPACE',''
  ) );
#12209 = PCURVE('',#11849,#12210);
#12210 = DEFINITIONAL_REPRESENTATION('',(#12211),#12215);
#12211 = LINE('',#12212,#12213);
#12212 = CARTESIAN_POINT('',(3.65,0.));
#12213 = VECTOR('',#12214,1.);
#12214 = DIRECTION('',(0.,1.));
#12215 = ( GEOMETRIC_REPRESENTATION_CONTEXT(2) 
PARAMETRIC_REPRESENTATION_CONTEXT() REPRESENTATION_CONTEXT('2D SPACE',''
  ) );
#12216 = ORIENTED_EDGE('',*,*,#12217,.F.);
#12217 = EDGE_CURVE('',#12218,#11807,#12220,.T.);
#12218 = VERTEX_POINT('',#12219);
#12219 = CARTESIAN_POINT('',(24.65,-9.30731567352E-16,-5.6));
#12220 = SURFACE_CURVE('',#12221,(#12226,#12233),.PCURVE_S1.);
#12221 = CIRCLE('',#12222,3.8);
#12222 = AXIS2_PLACEMENT_3D('',#12223,#12224,#12225);
#12223 = CARTESIAN_POINT('',(20.85,0.,-5.6));
#12224 = DIRECTION('',(0.,0.,1.));
#12225 = DIRECTION('',(1.,0.,-0.));
#12226 = PCURVE('',#11677,#12227);
#12227 = DEFINITIONAL_REPRESENTATION('',(#12228),#12232);
#12228 = CIRCLE('',#12229,3.8);
#12229 = AXIS2_PLACEMENT_2D('',#12230,#12231);
#12230 = CARTESIAN_POINT('',(-3.65,0.));
#12231 = DIRECTION('',(1.,0.));
#12232 = ( GEOMETRIC_REPRESENTATION_CONTEXT(2) 
PARAMETRIC_REPRESENTATION_CONTEXT() REPRESENTATION_CONTEXT('2D SPACE',''
  ) );
#12233 = PCURVE('',#11822,#12234);
#12234 = DEFINITIONAL_REPRESENTATION('',(#12235),#12239);
#12235 = CIRCLE('',#12236,3.8);
#12236 = AXIS2_PLACEMENT_2D('',#12237,#12238);
#12237 = CARTESIAN_POINT('',(0.,0.));
#12238 = DIRECTION('',(1.,0.));
#12239 = ( GEOMETRIC_REPRESENTATION_CONTEXT(2) 
PARAMETRIC_REPRESENTATION_CONTEXT() REPRESENTATION_CONTEXT('2D SPACE',''
  ) );
#12240 = ORIENTED_EDGE('',*,*,#12241,.F.);
#12241 = EDGE_CURVE('',#11805,#12218,#12242,.T.);
#12242 = SURFACE_CURVE('',#12243,(#12248,#12255),.PCURVE_S1.);
#12243 = CIRCLE('',#12244,3.8);
#12244 = AXIS2_PLACEMENT_3D('',#12245,#12246,#12247);
#12245 = CARTESIAN_POINT('',(20.85,0.,-5.6));
#12246 = DIRECTION('',(0.,0.,1.));
#12247 = DIRECTION('',(1.,0.,-0.));
#12248 = PCURVE('',#11677,#12249);
#12249 = DEFINITIONAL_REPRESENTATION('',(#12250),#12254);
#12250 = CIRCLE('',#12251,3.8);
#12251 = AXIS2_PLACEMENT_2D('',#12252,#12253);
#12252 = CARTESIAN_POINT('',(-3.65,0.));
#12253 = DIRECTION('',(1.,0.));
#12254 = ( GEOMETRIC_REPRESENTATION_CONTEXT(2) 
PARAMETRIC_REPRESENTATION_CONTEXT() REPRESENTATION_CONTEXT('2D SPACE',''
  ) );
#12255 = PCURVE('',#11822,#12256);
#12256 = DEFINITIONAL_REPRESENTATION('',(#12257),#12261);
#12257 = CIRCLE('',#12258,3.8);
#12258 = AXIS2_PLACEMENT_2D('',#12259,#12260);
#12259 = CARTESIAN_POINT('',(0.,0.));
#12260 = DIRECTION('',(1.,0.));
#12261 = ( GEOMETRIC_REPRESENTATION_CONTEXT(2) 
PARAMETRIC_REPRESENTATION_CONTEXT() REPRESENTATION_CONTEXT('2D SPACE',''
  ) );
#12262 = ORIENTED_EDGE('',*,*,#12170,.F.);
#12263 = ADVANCED_FACE('',(#12264),#11649,.T.);
#12264 = FACE_BOUND('',#12265,.T.);
#12265 = EDGE_LOOP('',(#12266,#12267,#12268,#12269,#12270,#12271));
#12266 = ORIENTED_EDGE('',*,*,#12094,.F.);
#12267 = ORIENTED_EDGE('',*,*,#11634,.T.);
#12268 = ORIENTED_EDGE('',*,*,#12119,.T.);
#12269 = ORIENTED_EDGE('',*,*,#11940,.F.);
#12270 = ORIENTED_EDGE('',*,*,#11966,.F.);
#12271 = ORIENTED_EDGE('',*,*,#12041,.F.);
#12272 = ADVANCED_FACE('',(#12273),#11731,.F.);
#12273 = FACE_BOUND('',#12274,.F.);
#12274 = EDGE_LOOP('',(#12275,#12276,#12299,#12326));
#12275 = ORIENTED_EDGE('',*,*,#11716,.F.);
#12276 = ORIENTED_EDGE('',*,*,#12277,.F.);
#12277 = EDGE_CURVE('',#12278,#11694,#12280,.T.);
#12278 = VERTEX_POINT('',#12279);
#12279 = CARTESIAN_POINT('',(-22.9,-3.918869757272E-16,-4.5));
#12280 = SEAM_CURVE('',#12281,(#12285,#12292),.PCURVE_S1.);
#12281 = LINE('',#12282,#12283);
#12282 = CARTESIAN_POINT('',(-22.9,-3.918869757272E-16,-4.5));
#12283 = VECTOR('',#12284,1.);
#12284 = DIRECTION('',(0.,0.,1.));
#12285 = PCURVE('',#11731,#12286);
#12286 = DEFINITIONAL_REPRESENTATION('',(#12287),#12291);
#12287 = LINE('',#12288,#12289);
#12288 = CARTESIAN_POINT('',(6.28318530718,-0.));
#12289 = VECTOR('',#12290,1.);
#12290 = DIRECTION('',(0.,1.));
#12291 = ( GEOMETRIC_REPRESENTATION_CONTEXT(2) 
PARAMETRIC_REPRESENTATION_CONTEXT() REPRESENTATION_CONTEXT('2D SPACE',''
  ) );
#12292 = PCURVE('',#11731,#12293);
#12293 = DEFINITIONAL_REPRESENTATION('',(#12294),#12298);
#12294 = LINE('',#12295,#12296);
#12295 = CARTESIAN_POINT('',(0.,-0.));
#12296 = VECTOR('',#12297,1.);
#12297 = DIRECTION('',(0.,1.));
#12298 = ( GEOMETRIC_REPRESENTATION_CONTEXT(2) 
PARAMETRIC_REPRESENTATION_CONTEXT() REPRESENTATION_CONTEXT('2D SPACE',''
  ) );
#12299 = ORIENTED_EDGE('',*,*,#12300,.T.);
#12300 = EDGE_CURVE('',#12278,#12278,#12301,.T.);
#12301 = SURFACE_CURVE('',#12302,(#12307,#12314),.PCURVE_S1.);
#12302 = CIRCLE('',#12303,1.6);
#12303 = AXIS2_PLACEMENT_3D('',#12304,#12305,#12306);
#12304 = CARTESIAN_POINT('',(-24.5,0.,-4.5));
#12305 = DIRECTION('',(0.,0.,1.));
#12306 = DIRECTION('',(1.,0.,-0.));
#12307 = PCURVE('',#11731,#12308);
#12308 = DEFINITIONAL_REPRESENTATION('',(#12309),#12313);
#12309 = LINE('',#12310,#12311);
#12310 = CARTESIAN_POINT('',(0.,0.));
#12311 = VECTOR('',#12312,1.);
#12312 = DIRECTION('',(1.,0.));
#12313 = ( GEOMETRIC_REPRESENTATION_CONTEXT(2) 
PARAMETRIC_REPRESENTATION_CONTEXT() REPRESENTATION_CONTEXT('2D SPACE',''
  ) );
#12314 = PCURVE('',#12315,#12320);
#12315 = PLANE('',#12316);
#12316 = AXIS2_PLACEMENT_3D('',#12317,#12318,#12319);
#12317 = CARTESIAN_POINT('',(-24.5,0.,-4.5));
#12318 = DIRECTION('',(0.,0.,1.));
#12319 = DIRECTION('',(1.,0.,-0.));
#12320 = DEFINITIONAL_REPRESENTATION('',(#12321),#12325);
#12321 = CIRCLE('',#12322,1.6);
#12322 = AXIS2_PLACEMENT_2D('',#12323,#12324);
#12323 = CARTESIAN_POINT('',(0.,0.));
#12324 = DIRECTION('',(1.,0.));
#12325 = ( GEOMETRIC_REPRESENTATION_CONTEXT(2) 
PARAMETRIC_REPRESENTATION_CONTEXT() REPRESENTATION_CONTEXT('2D SPACE',''
  ) );
#12326 = ORIENTED_EDGE('',*,*,#12277,.T.);
#12327 = ADVANCED_FACE('',(#12328),#11822,.F.);
#12328 = FACE_BOUND('',#12329,.F.);
#12329 = EDGE_LOOP('',(#12330,#12331,#12332));
#12330 = ORIENTED_EDGE('',*,*,#12217,.T.);
#12331 = ORIENTED_EDGE('',*,*,#11804,.F.);
#12332 = ORIENTED_EDGE('',*,*,#12241,.T.);
#12333 = ADVANCED_FACE('',(#12334),#11849,.F.);
#12334 = FACE_BOUND('',#12335,.F.);
#12335 = EDGE_LOOP('',(#12336,#12337,#12338));
#12336 = ORIENTED_EDGE('',*,*,#12196,.T.);
#12337 = ORIENTED_EDGE('',*,*,#11889,.T.);
#12338 = ORIENTED_EDGE('',*,*,#11834,.F.);
#12339 = ADVANCED_FACE('',(#12340),#12028,.F.);
#12340 = FACE_BOUND('',#12341,.F.);
#12341 = EDGE_LOOP('',(#12342,#12343,#12366,#12393));
#12342 = ORIENTED_EDGE('',*,*,#12013,.F.);
#12343 = ORIENTED_EDGE('',*,*,#12344,.F.);
#12344 = EDGE_CURVE('',#12345,#11991,#12347,.T.);
#12345 = VERTEX_POINT('',#12346);
#12346 = CARTESIAN_POINT('',(26.1,-3.918869757272E-16,-4.5));
#12347 = SEAM_CURVE('',#12348,(#12352,#12359),.PCURVE_S1.);
#12348 = LINE('',#12349,#12350);
#12349 = CARTESIAN_POINT('',(26.1,-3.918869757272E-16,-4.5));
#12350 = VECTOR('',#12351,1.);
#12351 = DIRECTION('',(0.,0.,1.));
#12352 = PCURVE('',#12028,#12353);
#12353 = DEFINITIONAL_REPRESENTATION('',(#12354),#12358);
#12354 = LINE('',#12355,#12356);
#12355 = CARTESIAN_POINT('',(6.28318530718,-0.));
#12356 = VECTOR('',#12357,1.);
#12357 = DIRECTION('',(0.,1.));
#12358 = ( GEOMETRIC_REPRESENTATION_CONTEXT(2) 
PARAMETRIC_REPRESENTATION_CONTEXT() REPRESENTATION_CONTEXT('2D SPACE',''
  ) );
#12359 = PCURVE('',#12028,#12360);
#12360 = DEFINITIONAL_REPRESENTATION('',(#12361),#12365);
#12361 = LINE('',#12362,#12363);
#12362 = CARTESIAN_POINT('',(0.,-0.));
#12363 = VECTOR('',#12364,1.);
#12364 = DIRECTION('',(0.,1.));
#12365 = ( GEOMETRIC_REPRESENTATION_CONTEXT(2) 
PARAMETRIC_REPRESENTATION_CONTEXT() REPRESENTATION_CONTEXT('2D SPACE',''
  ) );
#12366 = ORIENTED_EDGE('',*,*,#12367,.T.);
#12367 = EDGE_CURVE('',#12345,#12345,#12368,.T.);
#12368 = SURFACE_CURVE('',#12369,(#12374,#12381),.PCURVE_S1.);
#12369 = CIRCLE('',#12370,1.6);
#12370 = AXIS2_PLACEMENT_3D('',#12371,#12372,#12373);
#12371 = CARTESIAN_POINT('',(24.5,0.,-4.5));
#12372 = DIRECTION('',(0.,0.,1.));
#12373 = DIRECTION('',(1.,0.,-0.));
#12374 = PCURVE('',#12028,#12375);
#12375 = DEFINITIONAL_REPRESENTATION('',(#12376),#12380);
#12376 = LINE('',#12377,#12378);
#12377 = CARTESIAN_POINT('',(0.,0.));
#12378 = VECTOR('',#12379,1.);
#12379 = DIRECTION('',(1.,0.));
#12380 = ( GEOMETRIC_REPRESENTATION_CONTEXT(2) 
PARAMETRIC_REPRESENTATION_CONTEXT() REPRESENTATION_CONTEXT('2D SPACE',''
  ) );
#12381 = PCURVE('',#12382,#12387);
#12382 = PLANE('',#12383);
#12383 = AXIS2_PLACEMENT_3D('',#12384,#12385,#12386);
#12384 = CARTESIAN_POINT('',(24.5,0.,-4.5));
#12385 = DIRECTION('',(0.,0.,1.));
#12386 = DIRECTION('',(1.,0.,-0.));
#12387 = DEFINITIONAL_REPRESENTATION('',(#12388),#12392);
#12388 = CIRCLE('',#12389,1.6);
#12389 = AXIS2_PLACEMENT_2D('',#12390,#12391);
#12390 = CARTESIAN_POINT('',(0.,0.));
#12391 = DIRECTION('',(1.,0.));
#12392 = ( GEOMETRIC_REPRESENTATION_CONTEXT(2) 
PARAMETRIC_REPRESENTATION_CONTEXT() REPRESENTATION_CONTEXT('2D SPACE',''
  ) );
#12393 = ORIENTED_EDGE('',*,*,#12344,.T.);
#12394 = ADVANCED_FACE('',(#12395),#12315,.T.);
#12395 = FACE_BOUND('',#12396,.F.);
#12396 = EDGE_LOOP('',(#12397));
#12397 = ORIENTED_EDGE('',*,*,#12300,.F.);
#12398 = ADVANCED_FACE('',(#12399),#12382,.T.);
#12399 = FACE_BOUND('',#12400,.F.);
#12400 = EDGE_LOOP('',(#12401));
#12401 = ORIENTED_EDGE('',*,*,#12367,.F.);
#12402 = ( GEOMETRIC_REPRESENTATION_CONTEXT(3) 
GLOBAL_UNCERTAINTY_ASSIGNED_CONTEXT((#12406)) 
GLOBAL_UNIT_ASSIGNED_CONTEXT((#12403,#12404,#12405)) 
REPRESENTATION_CONTEXT('Context #1',
  '3D Context with UNIT and UNCERTAINTY') );
#12403 = ( LENGTH_UNIT() NAMED_UNIT(*) SI_UNIT(.MILLI.,.METRE.) );
#12404 = ( NAMED_UNIT(*) PLANE_ANGLE_UNIT() SI_UNIT($,.RADIAN.) );
#12405 = ( NAMED_UNIT(*) SI_UNIT($,.STERADIAN.) SOLID_ANGLE_UNIT() );
#12406 = UNCERTAINTY_MEASURE_WITH_UNIT(LENGTH_MEASURE(1.E-07),#12403,
  'distance_accuracy_value','confusion accuracy');
#12407 = PRODUCT_RELATED_PRODUCT_CATEGORY('part',$,(#7));
ENDSEC;
END-ISO-10303-21;
